t_s,tick,seg,phase,joint,t_send_s,t_recv_s,overrun,q0_deg,q1_deg,q2_deg,q3_deg,q4_deg,q5_deg,q6_deg,q7_deg,q8_deg,q9_deg,q10_deg,q11_deg,q12_deg,q13_deg,q14_deg,q15_deg,q16_deg,q17_deg,cmd0_deg,cmd1_deg,cmd2_deg,cmd3_deg,cmd4_deg,cmd5_deg,cmd6_deg,cmd7_deg,cmd8_deg,cmd9_deg,cmd10_deg,cmd11_deg,cmd12_deg,cmd13_deg,cmd14_deg,cmd15_deg,cmd16_deg,cmd17_deg,cur_a,load_pct,volt,temp_c,cur0_a,cur1_a,cur2_a,cur3_a,cur4_a,cur5_a,cur6_a,cur7_a,cur8_a,cur9_a,cur10_a,cur11_a,cur12_a,cur13_a,cur14_a,cur15_a,cur16_a,cur17_a
0.0088,0,0,move,-1,0.0088,0.0174,0,0.000,-0.088,0.176,-0.176,-0.088,0.088,-0.264,-0.088,0.176,0.000,-0.176,-0.088,-0.088,0.264,0.000,0.000,0.439,0.176,0.000,0.000,0.000,0.000,0.000,0.000,0.000,0.000,0.000,0.000,0.000,0.000,0.000,0.000,0.000,0.000,0.000,0.000,0.000,0.0,11.30,31.0,0.000,0.000,0.000,0.000,0.000,0.000,0.000,0.000,0.000,0.000,0.000,0.000,0.000,0.000,0.000,0.000,0.000,0.000
0.1053,1,0,move,-1,0.1053,0.1172,0,0.000,-0.088,0.176,-0.176,-0.088,0.088,-0.264,-0.088,0.176,0.000,-0.176,-0.088,-0.088,0.264,0.000,0.000,0.439,0.176,0.000,0.000,0.000,0.000,0.000,0.000,0.000,0.000,0.000,0.000,0.000,0.000,0.000,0.000,0.000,0.000,0.000,0.000,0.000,0.0,11.30,31.0,0.000,0.000,0.000,0.000,0.000,0.000,0.000,0.000,0.000,0.000,0.000,0.000,0.000,0.000,0.000,0.000,0.000,0.000
0.2055,2,0,move,-1,0.2055,0.2175,0,0.000,-0.088,0.176,-0.176,-0.088,0.088,-0.264,-0.088,0.176,0.000,-0.176,-0.088,-0.088,0.264,0.000,0.000,0.439,0.176,0.000,0.000,0.000,0.000,0.000,0.000,0.000,0.000,0.000,0.000,0.000,0.000,0.000,0.000,0.000,0.000,0.000,0.000,0.006,3.2,11.20,32.0,0.000,0.000,0.000,0.000,0.000,0.000,0.006,0.000,0.000,0.000,0.000,0.000,0.000,0.006,0.000,0.000,0.006,0.000
0.3055,3,0,move,-1,0.3055,0.3166,0,0.000,-0.088,0.176,-0.176,-0.088,0.088,-0.264,-0.088,0.176,0.000,-0.176,-0.088,-0.088,0.264,0.000,0.000,0.439,0.176,0.000,0.000,0.000,0.000,0.000,0.000,0.000,0.000,0.000,0.000,0.000,0.000,0.000,0.000,0.000,0.000,0.000,0.000,0.006,3.2,11.20,32.0,0.000,0.000,0.000,0.000,0.000,0.000,0.006,0.000,0.000,0.000,0.000,0.000,0.000,0.006,0.000,0.000,0.006,0.000
0.4054,4,0,move,-1,0.4054,0.4169,0,0.000,-0.088,0.176,-0.176,-0.088,0.088,-0.264,-0.088,0.176,0.000,-0.176,-0.088,-0.088,0.264,0.000,0.000,0.439,0.176,0.000,0.000,0.000,0.000,0.000,0.000,0.000,0.000,0.000,0.000,0.000,0.000,0.000,0.000,0.000,0.000,0.000,0.000,0.013,3.2,11.30,28.0,0.000,0.000,0.000,0.000,0.000,0.000,0.006,0.000,0.000,0.000,0.000,0.000,0.000,0.013,0.000,0.000,0.006,0.000
0.5053,5,0,move,-1,0.5053,0.5154,0,0.000,-0.088,0.176,-0.176,-0.088,0.088,-0.264,-0.088,0.176,0.000,-0.176,-0.088,-0.088,0.264,0.000,0.000,0.439,0.176,0.000,0.000,0.000,0.000,0.000,0.000,0.000,0.000,0.000,0.000,0.000,0.000,0.000,0.000,0.000,0.000,0.000,0.000,0.013,3.2,11.30,28.0,0.000,0.000,0.000,0.000,0.000,0.000,0.006,0.000,0.000,0.000,0.000,0.000,0.000,0.013,0.000,0.000,0.006,0.000
0.6053,6,0,move,-1,0.6053,0.6169,0,0.000,-0.088,0.176,-0.176,-0.088,0.088,-0.264,-0.088,0.176,0.000,-0.176,-0.088,-0.088,0.264,0.000,0.000,0.439,0.176,0.000,0.000,0.000,0.000,0.000,0.000,0.000,0.000,0.000,0.000,0.000,0.000,0.000,0.000,0.000,0.000,0.000,0.000,0.013,4.8,11.30,31.0,0.000,0.000,0.000,0.000,0.000,0.000,0.006,0.000,0.006,0.000,0.000,0.000,0.000,0.006,0.000,0.000,0.013,0.000
0.7053,7,0,move,-1,0.7053,0.7163,0,0.000,-0.088,0.176,-0.176,-0.088,0.088,-0.264,-0.088,0.176,0.000,-0.176,-0.088,-0.088,0.264,0.000,0.000,0.439,0.176,0.000,0.000,0.000,0.000,0.000,0.000,0.000,0.000,0.000,0.000,0.000,0.000,0.000,0.000,0.000,0.000,0.000,0.000,0.013,4.8,11.30,31.0,0.000,0.000,0.000,0.000,0.000,0.000,0.006,0.000,0.006,0.000,0.000,0.000,0.000,0.006,0.000,0.000,0.013,0.000
0.8053,8,0,move,-1,0.8053,0.8115,0,0.000,-0.088,0.176,-0.176,-0.088,0.088,-0.264,-0.088,0.176,0.000,-0.176,-0.088,-0.088,0.264,0.000,0.000,0.439,0.176,0.000,0.000,0.000,0.000,0.000,0.000,0.000,0.000,0.000,0.000,0.000,0.000,0.000,0.000,0.000,0.000,0.000,0.000,0.013,4.8,11.30,31.0,0.000,0.000,0.006,0.000,0.000,0.000,0.006,0.000,0.006,0.000,0.000,0.000,0.000,0.006,0.000,0.000,0.013,0.000
0.9054,9,0,move,-1,0.9054,0.9165,0,0.000,-0.088,0.176,-0.176,-0.088,0.088,-0.264,-0.088,0.176,0.000,-0.176,-0.088,-0.088,0.264,0.000,0.000,0.439,0.176,0.000,0.000,0.000,0.000,0.000,0.000,0.000,0.000,0.000,0.000,0.000,0.000,0.000,0.000,0.000,0.000,0.000,0.000,0.006,2.4,11.30,32.0,0.000,0.000,0.000,0.006,0.000,0.000,0.006,0.000,0.000,0.000,0.000,0.000,0.000,0.006,0.000,0.000,0.006,0.000
1.0054,10,0,move,-1,1.0054,1.0158,0,0.000,-0.088,0.176,-0.176,-0.088,0.088,-0.264,-0.088,0.176,0.000,-0.176,-0.088,-0.088,0.264,0.000,0.000,0.439,0.176,0.000,0.000,0.000,0.000,0.000,0.000,0.000,0.000,0.000,0.000,0.000,0.000,0.000,-0.049,0.036,0.000,0.000,0.000,0.006,2.4,11.30,32.0,0.000,0.000,0.000,0.006,0.000,0.000,0.006,0.000,0.000,0.000,0.000,0.000,0.000,0.006,0.000,0.000,0.006,0.000
1.1059,11,0,move,-1,1.1059,1.1659,0,0.000,-0.088,0.176,-0.176,-0.088,0.088,-0.264,-0.088,0.176,0.000,-0.176,-0.088,-0.088,0.264,0.000,0.000,0.439,0.176,0.000,0.000,0.000,0.000,0.000,0.000,0.000,0.000,0.000,0.000,0.000,0.000,0.000,-0.194,0.143,0.000,0.000,0.000,0.019,4.8,11.30,28.0,0.000,0.000,0.000,0.006,0.000,0.000,0.006,0.000,0.000,0.000,0.000,0.000,0.000,0.019,0.000,0.000,0.006,0.006
1.2076,12,0,move,-1,1.2076,1.2189,0,0.000,-0.088,0.176,-0.176,-0.088,0.088,-0.264,-0.088,0.176,0.000,-0.176,-0.088,-0.088,0.000,0.088,0.000,0.439,0.176,0.000,0.000,0.000,0.000,0.000,0.000,0.000,0.000,0.000,0.000,0.000,0.000,0.000,-0.435,0.320,0.000,0.000,0.000,0.019,4.8,11.30,28.0,0.000,0.000,0.000,0.006,0.000,0.000,0.006,0.000,0.000,0.000,0.000,0.000,0.000,0.019,0.000,0.000,0.006,0.006
1.3055,13,0,move,-1,1.3055,1.3173,0,0.000,-0.088,0.176,-0.176,-0.088,0.088,-0.264,-0.088,0.176,0.000,-0.176,-0.088,-0.088,0.000,0.352,0.000,0.439,0.176,0.000,0.000,0.000,0.000,0.000,0.000,0.000,0.000,0.000,0.000,0.000,0.000,0.000,-0.772,0.568,0.000,0.000,0.000,0.019,5.2,11.30,28.0,0.000,0.000,0.000,0.006,0.000,0.000,0.006,0.000,0.000,0.000,0.000,0.000,0.000,0.019,0.000,0.000,0.006,0.006
1.4084,14,0,move,-1,1.4084,1.4308,0,0.000,-0.088,0.176,-0.176,-0.088,0.088,-0.264,-0.088,0.176,0.000,-0.176,-0.088,-0.088,-0.615,0.439,0.000,0.439,0.176,0.000,0.000,0.000,0.000,0.000,0.000,0.000,0.000,0.000,0.000,0.000,0.000,0.000,-1.202,0.885,0.000,0.000,0.000,0.019,6.4,11.30,28.0,0.000,0.000,0.006,0.000,0.000,0.000,0.006,0.000,0.000,0.000,0.000,0.000,0.000,0.019,0.013,0.006,0.013,0.000
1.5055,15,0,move,-1,1.5055,1.5183,0,0.000,-0.088,0.176,-0.176,-0.088,0.088,-0.264,-0.088,0.176,0.000,-0.176,-0.088,-0.088,-0.967,0.791,0.000,0.439,0.176,0.000,0.000,0.000,0.000,0.000,0.000,0.000,0.000,0.000,0.000,0.000,0.000,0.000,-1.725,1.270,0.000,0.000,0.000,0.019,6.4,11.30,28.0,0.000,0.000,0.006,0.000,0.000,0.000,0.006,0.000,0.000,0.000,0.000,0.000,0.000,0.019,0.013,0.006,0.013,0.000
1.6111,16,0,move,-1,1.6111,1.6376,0,0.000,-0.088,0.176,-0.176,-0.088,0.088,-0.264,-0.088,0.176,0.000,-0.176,-0.088,-0.088,-1.582,1.143,0.000,0.439,0.176,0.000,0.000,0.000,0.000,0.000,0.000,0.000,0.000,0.000,0.000,0.000,0.000,0.000,-2.338,1.720,0.000,0.000,0.000,0.013,4.8,11.30,28.0,0.000,0.000,0.006,0.000,0.000,0.000,0.006,0.000,0.006,0.000,0.000,0.000,0.000,0.013,0.006,0.000,0.006,0.006
1.7054,17,0,move,-1,1.7054,1.7169,0,0.000,-0.088,0.176,-0.176,-0.088,0.088,-0.264,-0.088,0.176,0.000,-0.176,-0.088,-0.088,-1.934,1.582,0.000,0.439,0.176,0.000,0.000,0.000,0.000,0.000,0.000,0.000,0.000,0.000,0.000,0.000,0.000,0.000,-3.039,2.236,0.000,0.000,0.000,0.013,4.8,11.30,28.0,0.000,0.000,0.006,0.000,0.000,0.000,0.006,0.000,0.006,0.000,0.000,0.000,0.000,0.013,0.006,0.000,0.006,0.006
1.8055,18,0,move,-1,1.8055,1.8178,0,0.000,-0.088,0.176,-0.176,-0.088,0.088,-0.264,-0.088,0.176,0.000,-0.176,-0.088,-0.088,-2.725,2.021,0.000,0.439,0.176,0.000,0.000,0.000,0.000,0.000,0.000,0.000,0.000,0.000,0.000,0.000,0.000,0.000,-3.825,2.814,0.000,0.000,0.000,0.019,6.0,11.30,28.0,0.000,0.000,0.000,0.000,0.000,0.000,0.000,0.000,0.000,0.000,0.000,0.000,0.000,0.019,0.006,0.000,0.006,0.000
1.9067,19,0,move,-1,1.9067,1.9266,0,0.000,-0.088,0.176,-0.176,-0.088,0.088,-0.264,-0.088,0.176,0.000,-0.176,-0.088,-0.088,-3.428,2.549,0.000,0.439,0.176,0.000,0.000,0.000,0.000,0.000,0.000,0.000,0.000,0.000,0.000,0.000,0.000,0.000,-4.693,3.452,0.000,0.000,0.000,0.013,4.8,11.30,28.0,0.000,0.000,0.000,0.000,0.000,0.000,0.000,0.000,0.000,0.000,0.000,0.000,0.000,0.013,0.006,0.000,0.006,0.000
2.0054,20,0,move,-1,2.0054,2.0154,0,0.000,-0.088,0.176,-0.176,-0.088,0.088,-0.264,-0.088,0.176,0.000,-0.176,-0.088,-0.088,-3.955,3.076,0.000,0.439,0.176,0.000,0.000,0.000,0.000,0.000,0.000,0.000,0.000,0.000,0.000,0.000,0.000,0.000,-5.639,4.147,0.000,0.000,0.000,0.013,4.8,11.30,28.0,0.000,0.000,0.000,0.000,0.000,0.000,0.000,0.000,0.000,0.000,0.000,0.000,0.000,0.013,0.006,0.000,0.006,0.000
2.1055,21,0,move,-1,2.1055,2.1167,0,0.000,-0.088,0.176,-0.176,-0.088,0.088,-0.264,-0.088,0.176,0.000,-0.176,-0.088,-0.088,-5.010,3.604,0.000,0.439,0.176,0.000,0.000,0.000,0.000,0.000,0.000,0.000,0.000,0.000,0.000,0.000,0.000,0.000,-6.661,4.896,0.000,0.000,0.000,0.013,4.0,11.30,28.0,0.000,0.000,0.000,0.000,0.000,0.000,0.006,0.000,0.000,0.000,0.000,0.000,0.000,0.013,0.013,0.000,0.006,0.000
2.2055,22,0,move,-1,2.2055,2.2162,0,0.000,-0.088,0.176,-0.176,-0.088,0.088,-0.264,-0.088,0.176,0.000,-0.176,-0.088,-0.088,-5.977,4.395,0.000,0.439,0.176,0.000,0.000,0.000,0.000,0.000,0.000,0.000,0.000,0.000,0.000,0.000,0.000,0.000,-7.754,5.698,0.000,0.000,0.000,0.013,4.0,11.30,28.0,0.000,0.000,0.000,0.000,0.000,0.000,0.006,0.000,0.000,0.000,0.000,0.000,0.000,0.013,0.013,0.000,0.006,0.000
2.3055,23,0,move,-1,2.3055,2.3202,0,0.000,-0.088,0.176,-0.176,-0.088,0.088,-0.264,-0.088,0.176,0.000,-0.176,-0.088,-0.088,-7.031,5.449,0.000,0.439,0.176,0.000,0.000,0.000,0.000,0.000,0.000,0.000,0.000,0.000,0.000,0.000,0.000,0.000,-8.915,6.547,0.000,0.000,0.000,0.013,4.4,11.30,28.0,0.000,0.000,0.000,0.000,0.000,0.000,0.000,0.000,0.000,0.000,0.000,0.000,0.000,0.013,0.006,0.000,0.006,0.006
2.4054,24,0,move,-1,2.4054,2.4123,0,0.000,-0.088,0.176,-0.176,-0.088,0.088,-0.264,-0.088,0.176,0.000,-0.176,-0.088,-0.088,-7.910,6.064,0.000,0.439,0.176,0.000,0.000,0.000,0.000,0.000,0.000,0.000,0.000,0.000,0.000,0.000,0.000,0.000,-10.139,7.441,0.000,0.000,0.000,0.013,4.4,11.30,28.0,0.000,0.000,0.000,0.000,0.000,0.000,0.000,0.000,0.000,0.000,0.000,0.000,0.000,0.013,0.006,0.000,0.006,0.006
2.5054,25,0,move,-1,2.5054,2.5166,0,0.000,-0.088,0.176,-0.176,-0.088,0.088,-0.264,-0.088,0.176,0.000,-0.176,-0.088,-0.088,-9.229,6.943,0.000,0.439,0.176,0.000,0.000,0.000,0.000,0.000,0.000,0.000,0.000,0.000,0.000,0.000,0.000,0.000,-11.421,8.375,0.000,0.000,0.000,0.013,3.6,11.30,28.0,0.000,0.000,0.000,0.000,0.000,0.000,0.000,0.000,0.006,0.000,0.000,0.000,0.000,0.013,0.000,0.000,0.013,0.000
2.6053,26,0,move,-1,2.6053,2.6158,0,0.000,-0.088,0.176,-0.176,-0.088,0.088,-0.264,-0.088,0.176,0.000,-0.176,-0.088,-0.088,-10.371,7.910,0.000,0.439,0.176,0.000,0.000,0.000,0.000,0.000,0.000,0.000,0.000,0.000,0.000,0.000,0.000,0.000,-12.756,9.347,0.000,0.000,0.000,0.013,3.6,11.30,28.0,0.000,0.000,0.000,0.000,0.000,0.000,0.000,0.000,0.006,0.000,0.000,0.000,0.000,0.013,0.000,0.000,0.013,0.000
2.7090,27,0,move,-1,2.7090,2.7386,0,0.000,-0.088,0.176,-0.176,-0.088,0.088,-0.264,-0.088,0.176,0.000,-0.176,-0.088,-0.088,-11.777,8.877,0.000,0.439,0.176,0.000,0.000,0.000,0.000,0.000,0.000,0.000,0.000,0.000,0.000,0.000,0.000,0.000,-14.141,10.350,0.000,0.000,0.000,0.013,4.0,11.30,28.0,0.000,0.000,0.000,0.006,0.000,0.000,0.000,0.000,0.000,0.000,0.000,0.000,0.000,0.013,0.000,0.000,0.013,0.000
2.8056,28,0,move,-1,2.8056,2.8147,0,0.000,-0.088,0.176,-0.176,-0.088,0.088,-0.264,-0.088,0.176,0.000,-0.176,-0.088,-0.088,-13.008,9.756,0.000,0.439,0.176,0.000,0.000,0.000,0.000,0.000,0.000,0.000,0.000,0.000,0.000,0.000,0.000,0.000,-15.570,11.382,0.000,0.000,0.000,0.013,4.0,11.30,28.0,0.000,0.000,0.000,0.006,0.000,0.000,0.000,0.000,0.000,0.000,0.000,0.000,0.000,0.013,0.000,0.000,0.013,0.000
2.9055,29,0,move,-1,2.9055,2.9156,0,0.000,-0.088,0.176,-0.176,-0.088,0.088,-0.264,-0.088,0.176,0.000,-0.176,-0.088,-0.088,-14.414,10.898,0.000,0.439,0.176,0.000,0.000,0.000,0.000,0.000,0.000,0.000,0.000,0.000,0.000,0.000,0.000,0.000,-17.038,12.438,0.000,0.000,0.000,0.013,4.8,11.30,28.0,0.000,0.000,0.000,0.000,0.000,0.000,0.000,0.000,0.006,0.000,0.000,0.000,0.000,0.013,0.000,0.000,0.006,0.000
3.0055,30,0,move,-1,3.0055,3.0164,0,0.000,-0.088,0.176,-0.176,-0.088,0.088,-0.264,-0.088,0.176,0.000,-0.176,-0.088,-0.088,-15.820,11.953,0.000,0.439,0.176,0.000,0.000,0.000,0.000,0.000,0.000,0.000,0.000,0.000,0.000,0.000,0.000,0.000,-18.539,13.514,0.000,0.000,0.000,0.013,5.6,11.30,28.0,0.000,0.000,0.000,0.000,0.000,0.000,0.006,0.000,0.000,0.000,0.000,0.000,0.000,0.013,0.000,0.000,0.013,0.000
3.1053,31,0,move,-1,3.1053,3.1181,0,0.000,-0.088,0.176,-0.176,-0.088,0.088,-0.264,-0.088,0.176,0.000,-0.176,-0.088,-0.088,-17.227,13.008,0.000,0.439,0.176,0.000,0.000,0.000,0.000,0.000,0.000,0.000,0.000,0.000,0.000,0.000,0.000,0.000,-20.068,14.603,0.000,0.000,0.000,0.019,6.0,11.30,28.0,0.000,0.000,0.006,0.006,0.000,0.000,0.006,0.000,0.006,0.000,0.000,0.000,0.000,0.019,0.006,0.000,0.006,0.000
3.2053,32,0,move,-1,3.2053,3.2316,0,0.000,-0.088,0.176,-0.176,-0.088,0.088,-0.264,-0.088,0.176,0.000,-0.176,-0.088,-0.088,-18.896,14.150,0.000,0.439,0.176,0.000,0.000,0.000,0.000,0.000,0.000,0.000,0.000,0.000,0.000,0.000,0.000,0.000,-21.620,15.703,0.000,0.000,0.000,0.019,6.0,11.30,28.0,0.000,0.000,0.006,0.006,0.000,0.000,0.006,0.000,0.006,0.000,0.006,0.000,0.000,0.019,0.006,0.000,0.013,0.006
3.3055,33,0,move,-1,3.3055,3.3184,0,0.000,-0.088,0.176,-0.176,-0.088,0.088,-0.264,-0.088,0.176,0.000,-0.176,-0.088,-0.088,-20.215,15.117,0.000,0.439,0.176,0.000,0.000,0.000,0.000,0.000,0.000,0.000,0.000,0.000,0.000,0.000,0.000,0.000,-23.189,16.807,0.000,0.000,0.000,0.019,6.0,11.30,28.0,0.000,0.000,0.006,0.006,0.000,0.000,0.006,0.000,0.006,0.000,0.006,0.000,0.000,0.019,0.006,0.000,0.013,0.006
3.4055,34,0,move,-1,3.4055,3.4153,0,0.000,-0.088,0.176,-0.176,-0.088,0.088,-0.264,-0.088,0.176,0.000,-0.176,-0.088,-0.088,-21.709,16.172,0.000,0.439,0.176,0.000,0.000,0.000,0.000,0.000,0.000,0.000,0.000,0.000,0.000,0.000,0.000,0.000,-24.769,17.912,0.000,0.000,0.000,0.019,6.0,11.30,28.0,0.000,0.000,0.000,0.006,0.000,0.000,0.006,0.000,0.000,0.000,0.000,0.000,0.000,0.019,0.006,0.000,0.006,0.000
3.5053,35,0,move,-1,3.5053,3.5149,0,0.000,-0.088,0.176,-0.176,-0.088,0.088,-0.264,-0.088,0.176,0.000,-0.176,-0.088,-0.088,-23.203,17.314,0.000,0.439,0.176,0.000,0.000,0.000,0.000,0.000,0.000,0.000,0.000,0.000,0.000,0.000,0.000,0.000,-26.354,19.012,0.000,0.000,0.000,0.019,6.0,11.30,28.0,0.000,0.000,0.000,0.006,0.000,0.000,0.006,0.000,0.000,0.000,0.000,0.000,0.000,0.019,0.006,0.000,0.006,0.000
3.6055,36,0,move,-1,3.6055,3.6162,0,0.000,-0.088,0.176,-0.176,-0.088,0.088,-0.264,-0.088,0.176,0.000,-0.176,-0.088,-0.088,-24.785,18.457,0.000,0.439,0.176,0.000,0.000,0.000,0.000,0.000,0.000,0.000,0.000,0.000,0.000,0.000,0.000,0.000,-27.940,20.103,0.000,0.000,0.000,0.006,5.2,11.30,28.0,0.000,0.000,0.000,0.000,0.000,0.000,0.000,0.000,0.000,0.000,0.000,0.000,0.000,0.006,0.006,0.000,0.006,0.000
3.7055,37,0,move,-1,3.7055,3.7152,0,0.000,-0.088,0.176,-0.176,-0.088,0.088,-0.264,-0.088,0.176,0.000,-0.176,-0.088,-0.088,-26.367,19.512,0.000,0.439,0.176,0.000,0.000,0.000,0.000,0.000,0.000,0.000,0.000,0.000,0.000,0.000,0.000,0.000,-29.519,21.181,0.000,0.000,0.000,0.006,5.2,11.30,28.0,0.000,0.000,0.000,0.000,0.000,0.000,0.000,0.000,0.000,0.000,0.000,0.000,0.000,0.006,0.006,0.000,0.006,0.000
3.8054,38,0,move,-1,3.8054,3.8165,0,0.000,-0.088,0.176,-0.176,-0.088,0.088,-0.264,-0.088,0.176,0.000,-0.176,-0.088,-0.088,-27.949,20.566,0.000,0.439,0.176,0.000,0.000,0.000,0.000,0.000,0.000,0.000,0.000,0.000,0.000,0.000,0.000,0.000,-31.087,22.240,0.000,0.000,0.000,0.013,5.6,11.30,28.0,0.000,0.000,0.000,0.000,0.000,0.000,0.006,0.000,0.000,0.000,0.000,0.000,0.000,0.013,0.000,0.000,0.006,0.006
3.9075,39,0,move,-1,3.9075,3.9177,0,0.000,-0.088,0.176,-0.176,-0.088,0.088,-0.264,-0.088,0.176,0.000,-0.176,-0.088,-0.088,-29.443,21.709,0.000,0.439,0.176,0.000,0.000,0.000,0.000,0.000,0.000,0.000,0.000,0.000,0.000,0.000,0.000,0.000,-32.637,23.276,0.000,0.000,0.000,0.013,5.6,11.30,28.0,0.000,0.000,0.000,0.006,0.000,0.000,0.000,0.000,0.006,0.000,0.000,0.000,0.000,0.013,0.000,0.000,0.006,0.006
4.0053,40,0,move,-1,4.0053,4.0159,0,0.000,-0.088,0.176,-0.176,-0.088,0.088,-0.264,-0.088,0.176,0.000,-0.176,-0.088,-0.088,-31.025,22.676,0.000,0.439,0.176,0.000,0.000,0.000,0.000,0.000,0.000,0.000,0.000,0.000,0.000,0.000,0.000,0.000,-34.162,24.285,0.000,0.000,0.000,0.013,5.6,11.30,28.0,0.000,0.000,0.000,0.006,0.000,0.000,0.000,0.000,0.006,0.000,0.000,0.000,0.000,0.013,0.000,0.000,0.006,0.006
4.1053,41,0,move,-1,4.1053,4.1167,0,0.000,-0.088,0.176,-0.176,-0.088,0.088,-0.264,-0.088,0.176,0.000,-0.176,-0.088,-0.088,-32.607,23.730,0.000,0.439,0.176,0.000,0.000,0.000,0.000,0.000,0.000,0.000,0.000,0.000,0.000,0.000,0.000,0.000,-35.658,25.263,0.000,0.000,0.000,0.013,5.2,11.30,28.0,0.000,0.000,0.000,0.000,0.000,0.000,0.006,0.000,0.006,0.000,0.000,0.000,0.000,0.013,0.000,0.000,0.006,0.006
4.2106,42,0,move,-1,4.2106,4.2418,0,0.000,-0.088,0.176,-0.176,-0.088,0.088,-0.264,-0.088,0.176,0.000,-0.176,-0.088,-0.088,-34.453,24.785,0.000,0.439,0.176,0.000,0.000,0.000,0.000,0.000,0.000,0.000,0.000,0.000,0.000,0.000,0.000,0.000,-37.119,26.207,0.000,0.000,0.000,0.013,4.4,11.30,28.0,0.000,0.000,0.000,0.006,0.000,0.000,0.006,0.000,0.000,0.000,0.006,0.000,0.000,0.013,0.000,0.000,0.013,0.000
4.3105,43,0,move,-1,4.3105,4.3309,0,0.000,-0.088,0.176,-0.176,-0.088,0.088,-0.264,-0.088,0.176,0.000,-0.176,-0.088,-0.088,-35.596,25.576,0.000,0.439,0.176,0.000,0.000,0.000,0.000,0.000,0.000,0.000,0.000,0.000,0.000,0.000,0.000,0.000,-38.538,27.112,0.000,0.000,0.000,0.013,4.4,11.30,28.0,0.000,0.000,0.000,0.006,0.000,0.000,0.006,0.000,0.000,0.000,0.006,0.000,0.000,0.013,0.000,0.000,0.013,0.000
4.4054,44,0,move,-1,4.4054,4.4160,0,0.000,-0.088,0.176,-0.176,-0.088,0.088,-0.264,-0.088,0.176,0.000,-0.176,-0.088,-0.088,-36.475,26.367,0.000,0.439,0.176,0.000,0.000,0.000,0.000,0.000,0.000,0.000,0.000,0.000,0.000,0.000,0.000,0.000,-39.910,27.976,0.000,0.000,0.000,0.019,7.6,11.30,28.0,0.000,0.000,0.000,0.000,0.000,0.000,0.006,0.000,0.000,0.000,0.000,0.000,0.000,0.019,0.006,0.000,0.006,0.006
4.5053,45,0,move,-1,4.5053,4.5160,0,0.000,-0.088,0.176,-0.176,-0.088,0.088,-0.264,-0.088,0.176,0.000,-0.176,-0.088,-0.088,-38.145,27.510,0.000,0.439,0.176,0.000,0.000,0.000,0.000,0.000,0.000,0.000,0.000,0.000,0.000,0.000,0.000,0.000,-41.228,28.795,0.000,0.000,0.000,0.019,7.6,11.30,28.0,0.000,0.000,0.000,0.000,0.000,0.000,0.006,0.000,0.000,0.000,0.000,0.000,0.000,0.019,0.006,0.000,0.006,0.006
4.6055,46,0,move,-1,4.6055,4.6168,0,0.000,-0.088,0.176,-0.176,-0.088,0.088,-0.264,-0.088,0.176,0.000,-0.176,-0.088,-0.088,-39.375,28.477,0.000,0.439,0.176,0.000,0.000,0.000,0.000,0.000,0.000,0.000,0.000,0.000,0.000,0.000,0.000,0.000,-42.487,29.567,0.000,0.000,0.000,0.058,10.8,11.30,28.0,0.000,0.000,0.000,0.000,0.000,0.000,0.006,0.000,0.006,0.000,0.000,0.000,0.000,0.058,0.006,0.000,0.006,0.000
4.7055,47,0,move,-1,4.7055,4.7177,0,0.000,-0.088,0.176,-0.176,-0.088,0.088,-0.264,-0.088,0.176,0.000,-0.176,-0.088,-0.088,-40.693,29.180,0.000,0.439,0.176,0.000,0.000,0.000,0.000,0.000,0.000,0.000,0.000,0.000,0.000,0.000,0.000,0.000,-43.680,30.289,0.000,0.000,0.000,0.084,11.2,11.30,28.0,0.000,0.000,0.000,0.000,0.000,0.000,0.006,0.000,0.006,0.000,0.000,0.000,0.000,0.084,0.013,0.000,0.006,0.006
4.8055,48,0,move,-1,4.8055,4.8169,0,0.000,-0.088,0.176,-0.176,-0.088,0.088,-0.264,-0.088,0.176,0.000,-0.176,-0.088,-0.088,-41.748,29.971,0.000,0.439,0.176,0.000,0.000,0.000,0.000,0.000,0.000,0.000,0.000,0.000,0.000,0.000,0.000,0.000,-44.803,30.959,0.000,0.000,0.000,0.084,11.2,11.30,28.0,0.000,0.000,0.000,0.000,0.000,0.000,0.006,0.000,0.006,0.000,0.000,0.000,0.000,0.084,0.013,0.000,0.006,0.006
4.9053,49,0,move,-1,4.9053,4.9116,0,0.000,-0.088,0.176,-0.176,-0.088,0.088,-0.264,-0.088,0.176,0.000,-0.176,-0.088,-0.088,-42.891,30.674,0.000,0.439,0.176,0.000,0.000,0.000,0.000,0.000,0.000,0.000,0.000,0.000,0.000,0.000,0.000,0.000,-45.851,31.576,0.000,0.000,0.000,0.104,14.0,11.30,28.0,0.000,0.000,0.006,0.000,0.000,0.000,0.000,0.000,0.000,0.000,0.006,0.000,0.000,0.104,0.006,0.000,0.006,0.000
5.0053,50,0,move,-1,5.0053,5.0163,0,0.000,-0.088,0.176,-0.176,-0.088,0.088,-0.264,-0.088,0.176,0.000,-0.176,-0.088,-0.088,-44.033,31.377,0.000,0.439,0.176,0.000,0.000,0.000,0.000,0.000,0.000,0.000,0.000,0.000,0.000,0.000,0.000,0.000,-46.816,32.136,0.000,0.000,0.000,0.123,14.0,11.30,28.0,0.000,0.000,0.006,0.000,0.000,0.000,0.006,0.000,0.000,0.000,0.000,0.000,0.000,0.123,0.006,0.000,0.006,0.006
5.1054,51,0,move,-1,5.1054,5.1185,0,0.000,-0.088,0.176,-0.176,-0.088,0.088,-0.264,-0.088,0.176,0.000,-0.176,-0.088,-0.088,-45.176,31.904,0.000,0.439,0.176,0.000,0.000,0.000,0.000,0.000,0.000,0.000,0.000,0.000,0.000,0.000,0.000,0.000,-47.696,32.641,0.000,0.000,0.000,0.104,14.4,11.30,28.0,0.000,0.000,0.000,0.000,0.000,0.000,0.000,0.000,0.000,0.000,0.000,0.000,0.000,0.104,0.000,0.000,0.006,0.006
5.2056,52,0,move,-1,5.2056,5.2322,0,0.000,-0.088,0.176,-0.176,-0.088,0.088,-0.264,-0.088,0.176,0.000,-0.176,-0.088,-0.088,-46.230,32.432,0.000,0.439,0.176,0.000,0.000,0.000,0.000,0.000,0.000,0.000,0.000,0.000,0.000,0.000,0.000,0.000,-48.483,33.087,0.000,0.000,0.000,0.169,14.8,11.30,28.0,0.000,0.000,0.000,0.000,0.000,0.000,0.006,0.000,0.006,0.000,0.000,0.000,0.000,0.169,0.006,0.000,0.013,0.000
5.3053,53,0,move,-1,5.3053,5.3185,0,0.000,-0.088,0.176,-0.176,-0.088,0.088,-0.264,-0.088,0.176,0.000,-0.176,-0.088,-0.088,-46.758,32.783,0.000,0.439,0.176,0.000,0.000,0.000,0.000,0.000,0.000,0.000,0.000,0.000,0.000,0.000,0.000,0.000,-49.176,33.476,0.000,0.000,0.000,0.169,14.8,11.30,28.0,0.000,0.000,0.000,0.000,0.000,0.000,0.006,0.000,0.006,0.000,0.000,0.000,0.000,0.169,0.006,0.000,0.013,0.000
5.4054,54,0,move,-1,5.4054,5.4161,0,0.000,-0.088,0.176,-0.176,-0.088,0.088,-0.264,-0.088,0.176,0.000,-0.176,-0.088,-0.088,-46.582,33.135,0.000,0.439,0.176,0.000,0.000,0.000,0.000,0.000,0.000,0.000,0.000,0.000,0.000,0.000,0.000,0.000,-49.769,33.806,0.000,0.000,0.000,0.065,9.6,11.30,28.0,0.000,0.000,0.000,0.000,0.000,0.000,0.006,0.000,0.000,0.000,0.000,0.000,0.000,0.065,0.013,0.000,0.013,0.006
5.5055,55,0,move,-1,5.5055,5.5178,0,0.000,-0.088,0.176,-0.176,-0.088,0.088,-0.264,-0.088,0.176,0.000,-0.176,-0.088,-0.088,-47.725,33.574,0.000,0.439,0.176,0.000,0.000,0.000,0.000,0.000,0.000,0.000,0.000,0.000,0.000,0.000,0.000,0.000,-50.260,34.076,0.000,0.000,0.000,0.097,13.2,11.30,28.0,0.000,0.000,0.000,0.000,0.000,0.000,0.006,0.000,0.006,0.000,0.000,0.000,0.000,0.097,0.006,0.000,0.006,0.000
5.6053,56,0,move,-1,5.6053,5.6174,0,0.000,-0.088,0.176,-0.176,-0.088,0.088,-0.264,-0.088,0.176,0.000,-0.176,-0.088,-0.088,-48.779,34.014,0.000,0.439,0.176,0.000,0.000,0.000,0.000,0.000,0.000,0.000,0.000,0.000,0.000,0.000,0.000,0.000,-50.644,34.286,0.000,0.000,0.000,0.097,13.2,11.30,28.0,0.000,0.000,0.000,0.000,0.000,0.000,0.006,0.000,0.006,0.000,0.000,0.000,0.000,0.097,0.006,0.000,0.006,0.000
5.7053,57,0,move,-1,5.7053,5.7173,0,0.000,-0.088,0.176,-0.176,-0.088,0.088,-0.264,-0.088,0.176,0.000,-0.176,-0.088,-0.088,-49.482,34.277,0.000,0.439,0.176,0.000,0.000,0.000,0.000,0.000,0.000,0.000,0.000,0.000,0.000,0.000,0.000,0.000,-50.920,34.437,0.000,0.000,0.000,0.111,12.0,11.30,28.0,0.000,0.000,0.006,0.000,0.000,0.000,0.006,0.000,0.000,0.000,0.000,0.000,0.000,0.111,0.006,0.000,0.006,0.000
5.8053,58,0,move,-1,5.8053,5.8157,0,0.000,-0.088,0.176,-0.176,-0.088,0.088,-0.264,-0.088,0.176,0.000,-0.176,-0.088,-0.088,-49.834,34.365,0.000,0.439,0.176,0.000,0.000,0.000,0.000,0.000,0.000,0.000,0.000,0.000,0.000,0.000,0.000,0.000,-51.087,34.527,0.000,0.000,0.000,0.111,12.0,11.30,28.0,0.000,0.000,0.006,0.000,0.000,0.000,0.006,0.000,0.000,0.000,0.000,0.000,0.000,0.111,0.006,0.000,0.006,0.000
5.9053,59,0,move,-1,5.9053,5.9185,0,0.000,-0.088,0.176,-0.176,-0.088,0.088,-0.264,-0.088,0.176,0.000,-0.176,-0.088,-0.088,-50.010,34.541,0.000,0.439,0.176,0.000,0.000,0.000,0.000,0.000,0.000,0.000,0.000,0.000,0.000,0.000,0.000,0.000,-51.143,34.557,0.000,0.000,0.000,0.078,10.0,11.30,28.0,0.000,0.000,0.006,0.000,0.000,0.000,0.006,0.000,0.000,0.000,0.006,0.000,0.000,0.078,0.000,0.000,0.006,0.000
6.0055,60,0,move,-1,6.0055,6.0281,0,0.000,-0.088,0.176,-0.176,-0.088,0.088,-0.264,-0.088,0.176,0.000,-0.176,-0.088,-0.088,-49.922,34.541,0.000,0.439,0.176,0.000,0.000,0.000,0.000,0.000,0.000,0.000,0.000,0.000,0.000,0.000,0.000,0.000,-51.143,34.557,0.000,0.000,0.000,0.104,12.0,11.30,28.0,0.000,0.000,0.000,0.000,0.000,0.000,0.000,0.000,0.000,0.000,0.000,0.000,0.000,0.104,0.000,0.000,0.006,0.006
6.1127,61,0,move,-1,6.1127,6.1276,0,0.000,-0.088,0.176,-0.176,-0.088,0.088,-0.264,-0.088,0.176,0.000,-0.176,-0.088,-0.088,-50.273,34.541,0.000,0.439,0.176,0.000,0.000,0.000,0.000,0.000,0.000,0.000,0.000,0.000,0.000,0.000,0.000,0.000,-51.143,34.557,0.000,0.000,0.000,0.104,12.0,11.30,28.0,0.000,0.000,0.000,0.000,0.000,0.000,0.000,0.000,0.000,0.000,0.000,0.000,0.000,0.104,0.000,0.000,0.006,0.006
6.2054,62,0,move,-1,6.2054,6.2159,0,0.000,-0.088,0.176,-0.176,-0.088,0.088,-0.264,-0.088,0.176,0.000,-0.176,-0.088,-0.088,-50.098,34.541,0.000,0.439,0.176,0.000,0.000,0.000,0.000,0.000,0.000,0.000,0.000,0.000,0.000,0.000,0.000,0.000,-51.143,34.557,0.000,0.000,0.000,0.013,3.2,11.30,28.0,0.000,0.000,0.000,0.000,0.000,0.000,0.000,0.000,0.000,0.000,0.000,0.000,0.000,0.013,0.000,0.000,0.006,0.000
6.3053,63,0,move,-1,6.3053,6.3155,0,0.000,-0.088,0.176,-0.176,-0.088,0.088,-0.264,-0.088,0.176,0.000,-0.176,-0.088,-0.088,-50.361,34.541,0.000,0.439,0.176,0.000,0.000,0.000,0.000,0.000,0.000,0.000,0.000,0.000,0.000,0.000,0.000,0.000,-51.143,34.557,0.000,0.000,0.000,0.013,3.2,11.30,28.0,0.000,0.000,0.000,0.000,0.000,0.000,0.000,0.000,0.000,0.000,0.000,0.000,0.000,0.013,0.000,0.000,0.006,0.000
6.4054,64,0,move,-1,6.4054,6.4163,0,0.000,-0.088,0.176,-0.176,-0.088,0.088,-0.264,-0.088,0.176,0.000,-0.176,-0.088,-0.088,-50.361,34.541,0.000,0.439,0.176,0.000,0.000,0.000,0.000,0.000,0.000,0.000,0.000,0.000,0.000,0.000,0.000,0.000,-51.143,34.557,0.000,0.000,0.000,0.039,8.0,11.30,28.0,0.000,0.000,0.000,0.000,0.000,0.000,0.006,0.000,0.000,0.000,0.006,0.000,0.000,0.039,0.000,0.000,0.006,0.000
6.5053,65,0,move,-1,6.5053,6.5151,0,0.000,-0.088,0.176,-0.176,-0.088,0.088,-0.264,-0.088,0.176,0.000,-0.176,-0.088,-0.088,-50.361,34.541,0.000,0.439,0.176,0.000,0.000,0.000,0.000,0.000,0.000,0.000,0.000,0.000,0.000,0.000,0.000,0.000,-51.143,34.557,0.000,0.000,0.000,0.039,8.0,11.30,28.0,0.000,0.000,0.000,0.000,0.000,0.000,0.006,0.000,0.000,0.000,0.006,0.000,0.000,0.039,0.000,0.000,0.006,0.000
6.6053,66,0,move,-1,6.6053,6.6162,0,0.000,-0.088,0.176,-0.176,-0.088,0.088,-0.264,-0.088,0.176,0.000,-0.176,-0.088,-0.088,-50.361,34.541,0.000,0.439,0.176,0.000,0.000,0.000,0.000,0.000,0.000,0.000,0.000,0.000,0.000,0.000,0.000,0.000,-51.143,34.557,0.000,0.000,0.000,0.052,8.0,11.30,28.0,0.000,0.000,0.006,0.000,0.000,0.000,0.006,0.000,0.006,0.000,0.000,0.000,0.000,0.052,0.000,0.000,0.006,0.006
6.7053,67,0,move,-1,6.7053,6.7177,0,0.000,-0.088,0.176,-0.176,-0.088,0.088,-0.264,-0.088,0.176,0.000,-0.176,-0.088,-0.088,-50.361,34.541,0.000,0.439,0.176,0.000,0.000,0.000,0.000,0.000,0.000,0.000,0.000,0.000,0.000,0.000,0.000,0.000,-51.143,34.557,0.000,0.000,0.000,0.039,8.0,11.30,28.0,0.000,0.000,0.000,0.000,0.000,0.000,0.006,0.000,0.000,0.000,0.000,0.000,0.000,0.039,0.000,0.000,0.006,0.000
6.8053,68,0,move,-1,6.8053,6.8164,0,0.000,-0.088,0.176,-0.176,-0.088,0.088,-0.264,-0.088,0.176,0.000,-0.176,-0.088,-0.088,-50.361,34.541,0.000,0.439,0.176,0.000,0.000,0.000,0.000,0.000,0.000,0.000,0.000,0.000,0.000,0.000,0.000,0.000,-51.143,34.557,0.000,0.000,0.000,0.039,8.0,11.30,28.0,0.000,0.000,0.000,0.000,0.000,0.000,0.006,0.000,0.000,0.000,0.000,0.000,0.000,0.039,0.000,0.000,0.006,0.000
6.9053,69,0,move,-1,6.9053,6.9158,0,0.000,-0.088,0.176,-0.176,-0.088,0.088,-0.264,-0.088,0.176,0.000,-0.176,-0.088,-0.088,-50.361,34.541,0.000,0.439,0.176,0.000,0.000,0.000,0.000,0.000,0.000,0.000,0.000,0.000,0.000,0.000,0.000,0.000,-51.143,34.557,0.000,0.000,0.000,0.039,8.0,11.30,28.0,0.000,0.000,0.000,0.000,0.000,0.000,0.000,0.000,0.000,0.000,0.006,0.000,0.000,0.039,0.000,0.000,0.006,0.006
7.0053,70,0,move,-1,7.0053,7.0179,0,0.000,-0.088,0.176,-0.176,-0.088,0.088,-0.264,-0.088,0.176,0.000,-0.176,-0.088,-0.088,-50.361,34.541,0.000,0.439,0.176,0.000,0.000,0.000,0.000,0.000,0.000,0.000,0.000,0.000,0.000,0.000,0.000,0.000,-51.143,34.557,0.000,0.000,0.000,0.039,8.0,11.30,28.0,0.000,0.000,0.000,0.000,0.000,0.000,0.006,0.000,0.000,0.000,0.000,0.000,0.000,0.039,0.000,0.000,0.013,0.000
7.1054,71,0,move,-1,7.1054,7.1199,0,0.000,-0.088,0.176,-0.176,-0.088,0.088,-0.264,-0.088,0.176,0.000,-0.176,-0.088,-0.088,-50.361,34.541,0.000,0.439,0.176,0.000,0.000,0.000,0.000,0.000,0.000,0.000,0.000,0.000,0.000,0.000,0.000,0.000,-51.143,34.557,0.000,0.000,0.000,0.039,8.0,11.30,28.0,0.000,0.000,0.000,0.000,0.000,0.000,0.000,0.000,0.000,0.000,0.006,0.000,0.000,0.039,0.000,0.000,0.013,0.000
7.2053,72,0,move,-1,7.2053,7.2158,0,0.000,-0.088,0.176,-0.176,-0.088,0.088,-0.264,-0.088,0.176,0.000,-0.176,-0.088,-0.088,-50.449,34.541,0.000,0.439,0.176,0.000,0.000,0.000,0.000,0.000,0.000,0.000,0.000,0.000,0.000,0.000,0.000,0.000,-51.143,34.557,0.000,0.000,0.000,0.039,8.0,11.30,28.0,0.000,0.000,0.000,0.000,0.000,0.000,0.000,0.000,0.000,0.000,0.006,0.000,0.000,0.039,0.000,0.000,0.013,0.000
7.3053,73,0,move,-1,7.3053,7.3196,0,0.000,-0.088,0.176,-0.176,-0.088,0.088,-0.264,-0.088,0.176,0.000,-0.176,-0.088,-0.088,-50.449,34.541,0.000,0.439,0.176,0.000,0.000,0.000,0.000,0.000,0.000,0.000,0.000,0.000,0.000,0.000,0.000,0.000,-51.143,34.557,0.000,0.000,0.000,0.033,7.2,11.30,29.0,0.000,0.000,0.000,0.006,0.000,0.000,0.000,0.000,0.000,0.000,0.000,0.000,0.000,0.033,0.000,0.000,0.013,0.006
7.4053,74,0,move,-1,7.4053,7.4109,0,0.000,-0.088,0.176,-0.176,-0.088,0.088,-0.264,-0.088,0.176,0.000,-0.176,-0.088,-0.088,-50.449,34.541,0.000,0.439,0.176,0.000,0.000,0.000,0.000,0.000,0.000,0.000,0.000,0.000,0.000,0.000,0.000,0.000,-51.143,34.557,0.000,0.000,0.000,0.033,7.2,11.30,29.0,0.000,0.000,0.000,0.006,0.000,0.000,0.000,0.000,0.000,0.000,0.000,0.000,0.000,0.033,0.000,0.000,0.013,0.006
7.5053,75,0,move,-1,7.5053,7.5155,0,0.000,-0.088,0.176,-0.176,-0.088,0.088,-0.264,-0.088,0.176,0.000,-0.176,-0.088,-0.088,-50.449,34.541,0.000,0.439,0.176,0.000,0.000,0.000,0.000,0.000,0.000,0.000,0.000,0.000,0.000,0.000,0.000,0.000,-51.143,34.557,0.000,0.000,0.000,0.045,7.2,11.30,28.0,0.000,0.000,0.000,0.000,0.000,0.000,0.006,0.000,0.000,0.000,0.000,0.000,0.000,0.045,0.000,0.000,0.006,0.006
7.6053,76,0,move,-1,7.6053,7.6176,0,0.000,-0.088,0.176,-0.176,-0.088,0.088,-0.264,-0.088,0.176,0.000,-0.176,-0.088,-0.088,-50.449,34.541,0.000,0.439,0.176,0.000,0.000,0.000,0.000,0.000,0.000,0.000,0.000,0.000,0.000,0.000,0.000,0.000,-51.143,34.557,0.000,0.000,0.000,0.033,7.2,11.30,28.0,0.000,0.000,0.000,0.000,0.000,0.000,0.006,0.000,0.000,0.000,0.000,0.000,0.000,0.033,0.000,0.000,0.006,0.006
7.7055,77,0,move,-1,7.7055,7.7178,0,0.000,-0.088,0.176,-0.176,-0.088,0.088,-0.264,-0.088,0.176,0.000,-0.176,-0.088,-0.088,-50.449,34.541,0.000,0.439,0.176,0.000,0.000,0.000,0.000,0.000,0.000,0.000,0.000,0.000,0.000,0.000,0.000,0.000,-51.143,34.557,0.000,0.000,0.000,0.033,7.2,11.30,28.0,0.000,0.000,0.000,0.000,0.000,0.000,0.000,0.000,0.000,0.000,0.000,0.000,0.000,0.033,0.000,0.000,0.006,0.000
7.8053,78,0,move,-1,7.8053,7.8194,0,0.000,-0.088,0.176,-0.176,-0.088,0.088,-0.264,-0.088,0.176,0.000,-0.176,-0.088,-0.088,-50.449,34.541,0.000,0.439,0.176,0.000,0.000,0.000,0.000,0.000,0.000,0.000,0.000,0.000,0.000,0.000,0.000,0.000,-51.143,34.557,0.000,0.000,0.000,0.033,7.2,11.30,28.0,0.006,0.000,0.000,0.000,0.000,0.000,0.000,0.000,0.000,0.000,0.000,0.000,0.000,0.033,0.000,0.000,0.006,0.006
7.9053,79,0,move,-1,7.9053,7.9107,0,0.000,-0.088,0.176,-0.176,-0.088,0.088,-0.264,-0.088,0.176,0.000,-0.176,-0.088,-0.088,-50.449,34.541,0.000,0.439,0.176,0.000,0.000,0.000,0.000,0.000,0.000,0.000,0.000,0.000,0.000,0.000,0.000,0.000,-51.143,34.557,0.000,0.000,0.000,0.033,7.2,11.30,28.0,0.006,0.000,0.000,0.000,0.000,0.000,0.000,0.000,0.000,0.000,0.000,0.000,0.000,0.033,0.000,0.000,0.006,0.006
8.0055,80,0,move,-1,8.0055,8.0183,0,0.000,-0.088,0.176,-0.176,-0.088,0.088,-0.264,-0.088,0.176,0.000,-0.176,-0.088,-0.088,-50.449,34.541,0.000,0.439,0.176,0.000,0.000,0.000,0.000,0.000,0.000,0.000,0.000,0.000,0.000,0.000,0.000,0.000,-51.143,34.557,0.000,0.000,0.000,0.033,7.2,11.30,28.0,0.000,0.000,0.000,0.006,0.000,0.000,0.006,0.000,0.006,0.000,0.006,0.000,0.000,0.033,0.000,0.000,0.013,0.006
8.1055,81,0,move,-1,8.1055,8.1165,0,0.000,-0.088,0.176,-0.176,-0.088,0.088,-0.264,-0.088,0.176,0.000,-0.176,-0.088,-0.088,-50.449,34.541,0.000,0.439,0.176,0.000,0.000,0.000,0.000,0.000,0.000,0.000,0.000,0.000,0.000,0.000,0.000,0.000,-51.143,34.557,0.000,0.000,0.000,0.033,7.2,11.30,28.0,0.000,0.000,0.000,0.006,0.000,0.000,0.006,0.000,0.006,0.000,0.006,0.000,0.000,0.033,0.000,0.000,0.013,0.006
8.2054,82,0,move,-1,8.2054,8.2522,0,0.000,-0.088,0.176,-0.176,-0.088,0.088,-0.264,-0.088,0.176,0.000,-0.176,-0.088,-0.088,-50.449,34.541,0.000,0.439,0.176,0.000,0.000,0.000,0.000,0.000,0.000,0.000,0.000,0.000,0.000,0.000,0.000,0.000,-51.143,34.557,0.000,0.000,0.000,0.039,7.2,11.30,28.0,0.000,0.000,0.000,0.006,0.000,0.000,0.000,0.000,0.000,0.000,0.000,0.000,0.000,0.039,0.000,0.000,0.006,0.000
8.3054,83,0,move,-1,8.3054,8.3169,0,0.000,-0.088,0.176,-0.176,-0.088,0.088,-0.264,-0.088,0.176,0.000,-0.176,-0.088,-0.088,-50.449,34.541,0.000,0.439,0.176,0.000,0.000,0.000,0.000,0.000,0.000,0.000,0.000,0.000,0.000,0.000,0.000,0.000,-51.143,34.557,0.000,0.000,0.000,0.039,7.2,11.30,28.0,0.000,0.000,0.000,0.006,0.000,0.000,0.000,0.000,0.000,0.000,0.000,0.000,0.000,0.039,0.000,0.000,0.006,0.000
8.4053,84,0,move,-1,8.4053,8.4118,0,0.000,-0.088,0.176,-0.176,-0.088,0.088,-0.264,-0.088,0.176,0.000,-0.176,-0.088,-0.088,-50.449,34.541,0.000,0.439,0.176,0.000,0.000,0.000,0.000,0.000,0.000,0.000,0.000,0.000,0.000,0.000,0.000,0.000,-51.143,34.557,0.000,0.000,0.000,0.033,7.2,11.30,28.0,0.000,0.000,0.000,0.006,0.000,0.000,0.006,0.000,0.000,0.000,0.006,0.000,0.006,0.033,0.000,0.000,0.013,0.006
8.5053,85,0,move,-1,8.5053,8.5169,0,0.000,-0.088,0.176,-0.176,-0.088,0.088,-0.264,-0.088,0.176,0.000,-0.176,-0.088,-0.088,-50.449,34.541,0.000,0.439,0.176,0.000,0.000,0.000,0.000,0.000,0.000,0.000,0.000,0.000,0.000,0.000,0.000,0.000,-51.143,34.557,0.000,0.000,0.000,0.039,7.2,11.30,28.0,0.000,0.000,0.000,0.000,0.000,0.000,0.006,0.000,0.006,0.000,0.006,0.000,0.000,0.039,0.000,0.000,0.006,0.006
8.6122,86,0,move,-1,8.6122,8.6224,0,0.000,-0.088,0.176,-0.176,-0.088,0.088,-0.264,-0.088,0.176,0.000,-0.176,-0.088,-0.088,-50.449,34.541,0.000,0.439,0.176,0.000,0.000,0.000,0.000,0.000,0.000,0.000,0.000,0.000,0.000,0.000,0.000,0.000,-51.143,34.557,0.000,0.000,0.000,0.033,7.2,11.30,28.0,0.000,0.000,0.000,0.000,0.000,0.000,0.006,0.000,0.000,0.000,0.006,0.000,0.000,0.033,0.000,0.000,0.006,0.006
8.7055,87,0,move,-1,8.7055,8.7146,0,0.000,-0.088,0.176,-0.176,-0.088,0.088,-0.264,-0.088,0.176,0.000,-0.176,-0.088,-0.088,-50.449,34.541,0.000,0.439,0.176,0.000,0.000,0.000,0.000,0.000,0.000,0.000,0.000,0.000,0.000,0.000,0.000,0.000,-51.143,34.557,0.000,0.000,0.000,0.033,7.2,11.30,28.0,0.000,0.000,0.000,0.000,0.000,0.000,0.006,0.000,0.000,0.000,0.006,0.000,0.000,0.033,0.000,0.000,0.006,0.006
8.8055,88,0,move,-1,8.8055,8.8162,0,0.000,-0.088,0.176,-0.176,-0.088,0.088,-0.264,-0.088,0.176,0.000,-0.176,-0.088,-0.088,-50.449,34.541,0.000,0.439,0.176,0.000,0.000,0.000,0.000,0.000,0.000,0.000,0.000,0.000,0.000,0.000,0.000,0.000,-51.143,34.557,0.000,0.000,0.000,0.039,7.2,11.30,28.0,0.000,0.000,0.000,0.000,0.000,0.000,0.006,0.000,0.000,0.000,0.000,0.000,0.000,0.039,0.000,0.000,0.013,0.000
8.9053,89,0,move,-1,8.9053,8.9177,0,0.000,-0.088,0.176,-0.176,-0.088,0.088,-0.264,-0.088,0.176,0.000,-0.176,-0.088,-0.088,-50.449,34.541,0.000,0.439,0.176,0.000,0.000,0.000,0.000,0.000,0.000,0.000,0.000,0.000,0.000,0.000,0.000,0.000,-51.143,34.557,0.000,0.000,0.000,0.033,7.2,11.30,28.0,0.000,0.000,0.000,0.000,0.000,0.000,0.000,0.000,0.006,0.000,0.000,0.000,0.000,0.033,0.000,0.000,0.006,0.000
9.0055,90,0,move,-1,9.0055,9.0195,0,0.000,-0.088,0.176,-0.176,-0.088,0.088,-0.264,-0.088,0.176,0.000,-0.176,-0.088,-0.088,-50.449,34.541,0.000,0.439,0.176,0.000,0.000,0.000,0.000,0.000,0.000,0.000,0.000,0.000,0.000,0.000,0.000,0.000,-51.143,34.557,0.000,0.000,0.000,0.033,7.2,11.30,28.0,0.000,0.000,0.000,0.006,0.000,0.000,0.000,0.000,0.000,0.000,0.006,0.000,0.000,0.033,0.000,0.000,0.006,0.000
9.1055,91,0,move,-1,9.1055,9.1164,0,0.000,-0.088,0.176,-0.176,-0.088,0.088,-0.264,-0.088,0.176,0.000,-0.176,-0.088,-0.088,-50.449,34.541,0.000,0.439,0.176,0.000,0.000,0.000,0.000,0.000,0.000,0.000,0.000,0.000,0.000,0.000,0.000,0.000,-51.143,34.557,0.000,0.000,0.000,0.033,7.2,11.30,28.0,0.000,0.000,0.000,0.006,0.000,0.000,0.000,0.000,0.000,0.000,0.006,0.000,0.000,0.033,0.000,0.000,0.006,0.000
9.2055,92,0,move,-1,9.2055,9.2129,0,0.000,-0.088,0.176,-0.176,-0.088,0.088,-0.264,-0.088,0.176,0.000,-0.176,-0.088,-0.088,-50.449,34.541,0.000,0.439,0.176,0.000,0.000,0.000,0.000,0.000,0.000,0.000,0.000,0.000,0.000,0.000,0.000,0.000,-51.143,34.557,0.000,0.000,0.000,0.033,7.2,11.30,28.0,0.000,0.000,0.006,0.000,0.000,0.000,0.006,0.000,0.006,0.000,0.000,0.000,0.000,0.033,0.000,0.000,0.006,0.006
9.3054,93,0,move,-1,9.3054,9.3159,0,0.000,-0.088,0.176,-0.176,-0.088,0.088,-0.264,-0.088,0.176,0.000,-0.176,-0.088,-0.088,-50.449,34.541,0.000,0.439,0.176,0.000,0.000,0.000,0.000,0.000,0.000,0.000,0.000,0.000,0.000,0.000,0.000,0.000,-51.143,34.557,0.000,0.000,0.000,0.033,7.2,11.30,28.0,0.000,0.000,0.000,0.006,0.000,0.000,0.006,0.000,0.000,0.000,0.000,0.000,0.000,0.033,0.000,0.000,0.006,0.006
9.4054,94,0,move,-1,9.4054,9.4151,0,0.000,-0.088,0.176,-0.176,-0.088,0.088,-0.264,-0.088,0.176,0.000,-0.176,-0.088,-0.088,-50.449,34.541,0.000,0.439,0.176,0.000,0.000,0.000,0.000,0.000,0.000,0.000,0.000,0.000,0.000,0.000,0.000,0.000,-51.143,34.557,0.000,0.000,0.000,0.033,7.2,11.30,28.0,0.000,0.000,0.000,0.006,0.000,0.000,0.006,0.000,0.000,0.000,0.000,0.000,0.000,0.033,0.000,0.000,0.006,0.006
9.5054,95,0,move,-1,9.5054,9.5159,0,0.000,-0.088,0.176,-0.176,-0.088,0.088,-0.264,-0.088,0.176,0.000,-0.176,-0.088,-0.088,-50.449,34.541,0.000,0.439,0.176,0.000,0.000,0.000,0.000,0.000,0.000,0.000,0.000,0.000,0.000,0.000,0.000,0.000,-51.143,34.557,0.000,0.000,0.000,0.033,7.2,11.30,28.0,0.000,0.006,0.000,0.000,0.000,0.000,0.000,0.000,0.000,0.000,0.000,0.000,0.000,0.033,0.000,0.000,0.006,0.006
9.6055,96,0,move,-1,9.6055,9.6180,0,0.000,-0.088,0.176,-0.176,-0.088,0.088,-0.264,-0.088,0.176,0.000,-0.176,-0.088,-0.088,-50.449,34.541,0.000,0.439,0.176,0.000,0.000,0.000,0.000,0.000,0.000,0.000,0.000,0.000,0.000,0.000,0.000,0.000,-51.143,34.557,0.000,0.000,0.000,0.033,7.2,11.30,29.0,0.000,0.000,0.000,0.000,0.000,0.000,0.006,0.000,0.006,0.000,0.000,0.000,0.000,0.033,0.000,0.000,0.006,0.000
9.7053,97,0,move,-1,9.7053,9.7160,0,0.000,-0.088,0.176,-0.176,-0.088,0.088,-0.264,-0.088,0.176,0.000,-0.176,-0.088,-0.088,-50.449,34.541,0.000,0.439,0.176,0.000,0.000,0.000,0.000,0.000,0.000,0.000,0.000,0.000,0.000,0.000,0.000,0.000,-51.143,34.557,0.000,0.000,0.000,0.033,7.2,11.30,29.0,0.000,0.000,0.000,0.000,0.000,0.000,0.006,0.000,0.006,0.000,0.000,0.000,0.000,0.033,0.000,0.000,0.006,0.000
9.8055,98,0,move,-1,9.8055,9.8175,0,0.000,-0.088,0.176,-0.176,-0.088,0.088,-0.264,-0.088,0.176,0.000,-0.176,-0.088,-0.088,-50.449,34.541,0.000,0.439,0.176,0.000,0.000,0.000,0.000,0.000,0.000,0.000,0.000,0.000,0.000,0.000,0.000,0.000,-51.143,34.557,0.000,0.000,0.000,0.039,7.2,11.30,28.0,0.000,0.000,0.000,0.000,0.000,0.000,0.006,0.000,0.000,0.000,0.000,0.000,0.000,0.039,0.000,0.000,0.013,0.000
9.9055,99,0,move,-1,9.9055,9.9523,0,0.000,-0.088,0.176,-0.176,-0.088,0.088,-0.264,-0.088,0.176,0.000,-0.176,-0.088,-0.088,-50.449,34.541,0.000,0.439,0.176,0.000,0.000,0.000,0.000,0.000,0.000,0.000,0.000,0.000,0.000,0.000,0.000,0.000,-51.143,34.557,0.000,0.000,0.000,0.033,7.2,11.30,28.0,0.000,0.000,0.000,0.000,0.000,0.000,0.006,0.000,0.000,0.000,0.000,0.000,0.000,0.033,0.000,0.000,0.006,0.006
10.0053,100,0,move,-1,10.0053,10.0165,0,0.000,-0.088,0.176,-0.176,-0.088,0.088,-0.264,-0.088,0.176,0.000,-0.176,-0.088,-0.088,-50.449,34.541,0.000,0.439,0.176,0.000,0.000,0.000,0.000,0.000,0.000,0.000,0.000,0.000,0.000,0.000,0.000,0.000,-51.143,34.557,0.000,0.000,0.000,0.033,7.2,11.30,28.0,0.000,0.000,0.000,0.000,0.000,0.000,0.006,0.000,0.000,0.000,0.000,0.000,0.000,0.033,0.000,0.000,0.006,0.006
10.1053,101,0,move,-1,10.1053,10.1173,0,0.000,-0.088,0.176,-0.176,-0.088,0.088,-0.264,-0.088,0.176,0.000,-0.176,-0.088,-0.088,-50.449,34.541,0.000,0.439,0.176,0.000,0.000,0.000,0.000,0.000,0.000,0.000,0.000,0.000,0.000,0.000,0.000,0.000,-51.143,34.557,0.000,0.000,0.000,0.033,7.2,11.30,28.0,0.000,0.000,0.000,0.000,0.000,0.000,0.006,0.000,0.000,0.000,0.000,0.000,0.000,0.033,0.000,0.000,0.006,0.006
10.2056,102,0,move,-1,10.2056,10.2200,0,0.000,-0.088,0.176,-0.176,-0.088,0.088,-0.264,-0.088,0.176,0.000,-0.176,-0.088,-0.088,-50.449,34.541,0.000,0.439,0.176,0.000,0.000,0.000,0.000,0.000,0.000,0.000,0.000,0.000,0.000,0.000,0.000,0.000,-51.143,34.557,0.000,0.000,0.000,0.039,7.2,11.30,28.0,0.000,0.000,0.000,0.000,0.000,0.000,0.006,0.000,0.006,0.000,0.006,0.000,0.000,0.039,0.000,0.000,0.006,0.000
10.3053,103,0,move,-1,10.3053,10.3187,0,0.000,-0.088,0.176,-0.176,-0.088,0.088,-0.264,-0.088,0.176,0.000,-0.176,-0.088,-0.088,-50.449,34.541,0.000,0.439,0.176,0.000,0.000,0.000,0.000,0.000,0.000,0.000,0.000,0.000,0.000,0.000,0.000,0.000,-51.143,34.557,0.000,0.000,0.000,0.039,7.2,11.30,28.0,0.000,0.000,0.000,0.000,0.000,0.000,0.006,0.000,0.006,0.000,0.006,0.000,0.000,0.039,0.000,0.000,0.006,0.000
10.4053,104,0,move,-1,10.4053,10.4160,0,0.000,-0.088,0.176,-0.176,-0.088,0.088,-0.264,-0.088,0.176,0.000,-0.176,-0.088,-0.088,-50.449,34.541,0.000,0.439,0.176,0.000,0.000,0.000,0.000,0.000,0.000,0.000,0.000,0.000,0.000,0.000,0.000,0.000,-51.143,34.557,0.000,0.000,0.000,0.039,7.2,11.30,28.0,0.000,0.000,0.000,0.006,0.000,0.000,0.000,0.000,0.000,0.000,0.006,0.000,0.000,0.039,0.000,0.000,0.006,0.000
10.5053,105,0,move,-1,10.5053,10.5193,0,0.000,-0.088,0.176,-0.176,-0.088,0.088,-0.264,-0.088,0.176,0.000,-0.176,-0.088,-0.088,-50.449,34.541,0.000,0.439,0.176,0.000,0.000,0.000,0.000,0.000,0.000,0.000,0.000,0.000,0.000,0.000,0.000,0.000,-51.143,34.557,0.000,0.000,0.000,0.033,7.2,11.30,28.0,0.000,0.000,0.000,0.000,0.000,0.000,0.006,0.000,0.000,0.000,0.000,0.000,0.000,0.033,0.000,0.000,0.006,0.000
10.6055,106,0,move,-1,10.6055,10.6174,0,0.000,-0.088,0.176,-0.176,-0.088,0.088,-0.264,-0.088,0.176,0.000,-0.176,-0.088,-0.088,-50.449,34.541,0.000,0.439,0.176,0.000,0.000,0.000,0.000,0.000,0.000,0.000,0.000,0.000,0.000,0.000,0.000,0.000,-51.143,34.557,0.000,0.000,0.000,0.033,7.2,11.30,28.0,0.000,0.000,0.000,0.000,0.000,0.000,0.006,0.000,0.000,0.000,0.000,0.000,0.000,0.033,0.000,0.000,0.006,0.000
10.7054,107,0,move,-1,10.7054,10.7169,0,0.000,-0.088,0.176,-0.176,-0.088,0.088,-0.264,-0.088,0.176,0.000,-0.176,-0.088,-0.088,-50.449,34.541,0.000,0.439,0.176,0.000,0.000,0.000,0.000,0.000,0.000,0.000,0.000,0.000,0.000,0.000,0.000,0.000,-51.143,34.557,0.000,0.000,0.000,0.033,7.2,11.30,28.0,0.000,0.000,0.000,0.006,0.000,0.000,0.000,0.000,0.000,0.000,0.000,0.000,0.000,0.033,0.000,0.000,0.013,0.000
10.8134,108,0,move,-1,10.8134,10.8403,0,0.000,-0.088,0.176,-0.176,-0.088,0.088,-0.264,-0.088,0.176,0.000,-0.176,-0.088,-0.088,-50.449,34.541,0.000,0.439,0.176,0.000,0.000,0.000,0.000,0.000,0.000,0.000,0.000,0.000,0.000,0.000,0.000,0.000,-51.143,34.557,0.000,0.000,0.000,0.045,7.2,11.30,28.0,0.000,0.000,0.000,0.006,0.000,0.000,0.006,0.000,0.000,0.000,0.000,0.000,0.000,0.045,0.000,0.000,0.013,0.000
10.9053,109,0,move,-1,10.9053,10.9187,0,0.000,-0.088,0.176,-0.176,-0.088,0.088,-0.264,-0.088,0.176,0.000,-0.176,-0.088,-0.088,-50.449,34.541,0.000,0.439,0.176,0.000,0.000,0.000,0.000,0.000,0.000,0.000,0.000,0.000,0.000,0.000,0.000,0.000,-51.143,34.557,0.000,0.000,0.000,0.045,7.2,11.30,28.0,0.000,0.000,0.000,0.006,0.000,0.000,0.006,0.000,0.000,0.000,0.000,0.000,0.000,0.045,0.000,0.000,0.013,0.000
11.0104,110,0,move,-1,11.0104,11.0611,0,0.000,-0.088,0.176,-0.176,-0.088,0.088,-0.264,-0.088,0.176,0.000,-0.176,-0.088,-0.088,-50.449,34.541,0.000,0.439,0.176,0.000,0.000,0.000,0.000,0.000,0.000,0.000,0.000,0.000,0.000,0.000,0.000,0.000,-51.143,34.557,0.000,0.000,0.000,0.039,7.2,11.30,28.0,0.000,0.000,0.000,0.000,0.000,0.000,0.000,0.000,0.000,0.000,0.006,0.000,0.000,0.039,0.000,0.000,0.013,0.006
11.1056,111,0,move,-1,11.1056,11.1160,0,0.000,-0.088,0.176,-0.176,-0.088,0.088,-0.264,-0.088,0.176,0.000,-0.176,-0.088,-0.088,-50.449,34.541,0.000,0.439,0.176,0.000,0.000,0.000,0.000,0.000,0.000,0.000,0.000,0.000,0.000,0.000,0.000,0.000,-51.143,34.557,0.000,0.000,0.000,0.039,7.2,11.30,28.0,0.000,0.000,0.000,0.000,0.000,0.000,0.000,0.000,0.000,0.000,0.006,0.000,0.000,0.039,0.000,0.000,0.013,0.006
11.2053,112,0,move,-1,11.2053,11.2162,0,0.000,-0.088,0.176,-0.176,-0.088,0.088,-0.264,-0.088,0.176,0.000,-0.176,-0.088,-0.088,-50.449,34.541,0.000,0.439,0.176,0.000,0.000,0.000,0.000,0.000,0.000,0.000,0.000,0.000,0.000,0.000,0.000,0.000,-51.143,34.557,0.000,0.000,0.000,0.033,7.2,11.30,28.0,0.000,0.000,0.000,0.006,0.000,0.000,0.006,0.000,0.006,0.000,0.000,0.000,0.000,0.033,0.000,0.000,0.006,0.000
11.3053,113,0,move,-1,11.3053,11.3168,0,0.000,-0.088,0.176,-0.176,-0.088,0.088,-0.264,-0.088,0.176,0.000,-0.176,-0.088,-0.088,-50.449,34.541,0.000,0.439,0.176,0.000,0.000,0.000,0.000,0.000,0.000,0.000,0.000,0.000,0.000,0.000,0.000,0.000,-51.143,34.557,0.000,0.000,0.000,0.039,7.2,11.30,28.0,0.000,0.000,0.000,0.000,0.000,0.000,0.006,0.000,0.006,0.000,0.000,0.000,0.006,0.039,0.000,0.000,0.013,0.006
11.4053,114,0,move,-1,11.4053,11.4151,0,0.000,-0.088,0.176,-0.176,-0.088,0.088,-0.264,-0.088,0.176,0.000,-0.176,-0.088,-0.088,-50.449,34.541,0.000,0.439,0.176,0.000,0.000,0.000,0.000,0.000,0.000,0.000,0.000,0.000,0.000,0.000,0.000,0.000,-51.143,34.557,0.000,0.000,0.000,0.039,7.2,11.30,28.0,0.000,0.000,0.000,0.000,0.000,0.000,0.006,0.000,0.006,0.000,0.000,0.000,0.006,0.039,0.000,0.000,0.013,0.006
11.5071,115,0,move,-1,11.5071,11.5131,0,0.000,-0.088,0.176,-0.176,-0.088,0.088,-0.264,-0.088,0.176,0.000,-0.176,-0.088,-0.088,-50.449,34.541,0.000,0.439,0.176,0.000,0.000,0.000,0.000,0.000,0.000,0.000,0.000,0.000,0.000,0.000,0.000,0.000,-51.143,34.557,0.000,0.000,0.000,0.033,7.2,11.30,28.0,0.000,0.000,0.000,0.006,0.000,0.000,0.006,0.000,0.006,0.000,0.000,0.000,0.000,0.033,0.000,0.000,0.006,0.000
11.6053,116,0,move,-1,11.6053,11.6170,0,0.000,-0.088,0.176,-0.176,-0.088,0.088,-0.264,-0.088,0.176,0.000,-0.176,-0.088,-0.088,-50.449,34.541,0.000,0.439,0.176,0.000,0.000,0.000,0.000,0.000,0.000,0.000,0.000,0.000,0.000,0.000,0.000,0.000,-51.143,34.557,0.000,0.000,0.000,0.045,7.2,11.30,28.0,0.000,0.000,0.000,0.006,0.000,0.000,0.006,0.000,0.000,0.000,0.000,0.000,0.000,0.045,0.000,0.000,0.013,0.006
11.7054,117,0,move,-1,11.7054,11.7156,0,0.000,-0.088,0.176,-0.176,-0.088,0.088,-0.264,-0.088,0.176,0.000,-0.176,-0.088,-0.088,-50.449,34.541,0.000,0.439,0.176,0.000,0.000,0.000,0.000,0.000,0.000,0.000,0.000,0.000,0.000,0.000,0.000,0.000,-51.143,34.557,0.000,0.000,0.000,0.045,7.2,11.30,28.0,0.000,0.000,0.000,0.006,0.000,0.000,0.006,0.000,0.000,0.000,0.000,0.000,0.000,0.045,0.000,0.000,0.013,0.006
11.8054,118,0,move,-1,11.8054,11.8163,0,0.000,-0.088,0.176,-0.176,-0.088,0.088,-0.264,-0.088,0.176,0.000,-0.176,-0.088,-0.088,-50.449,34.541,0.000,0.439,0.176,0.000,0.000,0.000,0.000,0.000,0.000,0.000,0.000,0.000,0.000,0.000,0.000,0.000,-51.143,34.557,0.000,0.000,0.000,0.039,7.2,11.30,28.0,0.000,0.000,0.000,0.006,0.000,0.000,0.006,0.000,0.006,0.000,0.000,0.000,0.000,0.039,0.000,0.000,0.006,0.000
11.9053,119,0,move,-1,11.9053,11.9165,0,0.000,-0.088,0.176,-0.176,-0.088,0.088,-0.264,-0.088,0.176,0.000,-0.176,-0.088,-0.088,-50.449,34.541,0.000,0.439,0.176,0.000,0.000,0.000,0.000,0.000,0.000,0.000,0.000,0.000,0.000,0.000,0.000,0.000,-51.143,34.557,0.000,0.000,0.000,0.033,7.2,11.30,28.0,0.000,0.000,0.000,0.006,0.000,0.000,0.000,0.000,0.000,0.000,0.006,0.000,0.000,0.033,0.000,0.000,0.006,0.000
12.0054,120,0,move,-1,12.0054,12.0157,0,0.000,-0.088,0.176,-0.176,-0.088,0.088,-0.264,-0.088,0.176,0.000,-0.176,-0.088,-0.088,-50.449,34.541,0.000,0.439,0.176,0.000,0.000,0.000,0.000,0.000,0.000,0.000,0.000,0.000,0.000,0.000,0.000,0.000,-51.143,34.557,0.000,0.000,0.000,0.033,7.2,11.30,28.0,0.000,0.000,0.000,0.006,0.000,0.000,0.000,0.000,0.000,0.000,0.006,0.000,0.000,0.033,0.000,0.000,0.006,0.000
12.1054,121,0,move,-1,12.1054,12.1172,0,0.000,-0.088,0.176,-0.176,-0.088,0.088,-0.264,-0.088,0.176,0.000,-0.176,-0.088,-0.088,-50.449,34.541,0.000,0.439,0.176,0.000,0.000,0.000,0.000,0.000,0.000,0.000,0.000,0.000,0.000,0.000,0.000,0.000,-51.143,34.557,0.000,0.000,0.000,0.033,7.2,11.30,28.0,0.000,0.000,0.000,0.006,0.000,0.000,0.000,0.000,0.000,0.000,0.000,0.000,0.000,0.033,0.000,0.000,0.006,0.000
12.2053,122,0,move,-1,12.2053,12.2164,0,0.000,-0.088,0.176,-0.176,-0.088,0.088,-0.264,-0.088,0.176,0.000,-0.176,-0.088,-0.088,-50.449,34.541,0.000,0.439,0.176,0.000,0.000,0.000,0.000,0.000,0.000,0.000,0.000,0.000,0.000,0.000,0.000,0.000,-51.143,34.557,0.000,0.000,0.000,0.033,7.2,11.30,28.0,0.000,0.000,0.000,0.006,0.000,0.000,0.000,0.000,0.000,0.000,0.000,0.000,0.000,0.033,0.000,0.000,0.006,0.000
12.3053,123,0,move,-1,12.3053,12.3171,0,0.000,-0.088,0.176,-0.176,-0.088,0.088,-0.264,-0.088,0.176,0.000,-0.176,-0.088,-0.088,-50.449,34.541,0.000,0.439,0.176,0.000,0.000,0.000,0.000,0.000,0.000,0.000,0.000,0.000,0.000,0.000,0.000,0.000,-51.143,34.557,0.000,0.000,0.000,0.033,7.2,11.30,28.0,0.000,0.000,0.000,0.000,0.000,0.000,0.006,0.000,0.000,0.000,0.000,0.000,0.000,0.033,0.000,0.000,0.006,0.000
12.4054,124,0,move,-1,12.4054,12.4172,0,0.000,-0.088,0.176,-0.176,-0.088,0.088,-0.264,-0.088,0.176,0.000,-0.176,-0.088,-0.088,-50.449,34.541,0.000,0.439,0.176,0.000,0.000,0.000,0.000,0.000,0.000,0.000,0.000,0.000,0.000,0.000,0.000,0.000,-51.143,34.557,0.000,0.000,0.000,0.033,7.2,11.30,28.0,0.000,0.000,0.000,0.000,0.000,0.000,0.006,0.000,0.000,0.000,0.000,0.000,0.000,0.033,0.000,0.000,0.013,0.000
12.5054,125,0,move,-1,12.5054,12.5161,0,0.000,-0.088,0.176,-0.176,-0.088,0.088,-0.264,-0.088,0.176,0.000,-0.176,-0.088,-0.088,-50.449,34.541,0.000,0.439,0.176,0.000,0.000,0.000,0.000,0.000,0.000,0.000,0.000,0.000,0.000,0.000,0.000,0.000,-51.143,34.557,0.000,0.000,0.000,0.033,7.2,11.30,28.0,0.000,0.000,0.000,0.000,0.000,0.000,0.006,0.000,0.000,0.000,0.000,0.000,0.000,0.033,0.000,0.000,0.013,0.000
12.6055,126,0,move,-1,12.6055,12.6169,0,0.000,-0.088,0.176,-0.176,-0.088,0.088,-0.264,-0.088,0.176,0.000,-0.176,-0.088,-0.088,-50.449,34.541,0.000,0.439,0.176,0.000,0.000,0.000,0.000,0.000,0.000,0.000,0.000,0.000,0.000,0.000,0.000,0.000,-51.143,34.557,0.000,0.000,0.000,0.033,7.2,11.30,28.0,0.000,0.000,0.000,0.000,0.000,0.000,0.000,0.000,0.000,0.000,0.006,0.006,0.000,0.033,0.000,0.000,0.006,0.000
12.7054,127,0,move,-1,12.7054,12.7160,0,0.000,-0.088,0.176,-0.176,-0.088,0.088,-0.264,-0.088,0.176,0.000,-0.176,-0.088,-0.088,-50.449,34.541,0.000,0.439,0.176,0.000,0.000,0.000,0.000,0.000,0.000,0.000,0.000,0.000,0.000,0.000,0.000,0.000,-51.143,34.557,0.000,0.000,0.000,0.033,7.2,11.30,28.0,0.000,0.000,0.000,0.000,0.000,0.000,0.000,0.000,0.000,0.000,0.006,0.006,0.000,0.033,0.000,0.000,0.006,0.000
12.8053,128,0,move,-1,12.8053,12.8496,0,0.000,-0.088,0.176,-0.176,-0.088,0.088,-0.264,-0.088,0.176,0.000,-0.176,-0.088,-0.088,-50.449,34.541,0.000,0.439,0.176,0.000,0.000,0.000,0.000,0.000,0.000,0.000,0.000,0.000,0.000,0.000,0.000,0.000,-51.143,34.557,0.000,0.000,0.000,0.033,7.2,11.30,28.0,0.000,0.000,0.000,0.006,0.000,0.000,0.006,0.000,0.006,0.000,0.000,0.000,0.000,0.033,0.000,0.000,0.006,0.000
12.9063,129,0,move,-1,12.9063,12.9533,0,0.000,-0.088,0.176,-0.176,-0.088,0.088,-0.264,-0.088,0.176,0.000,-0.176,-0.088,-0.088,-50.449,34.541,0.000,0.439,0.176,0.000,0.000,0.000,0.000,0.000,0.000,0.000,0.000,0.000,0.000,0.000,0.000,0.000,-51.143,34.557,0.000,0.000,0.000,0.033,7.2,11.30,29.0,0.000,0.000,0.006,0.000,0.000,,0.006,0.000,0.000,0.000,0.000,0.000,0.000,0.033,0.000,0.000,0.006,0.006
13.0055,130,0,move,-1,13.0055,13.0177,0,0.000,-0.088,0.176,-0.176,-0.088,0.088,-0.264,-0.088,0.176,0.000,-0.176,-0.088,-0.088,-50.449,34.541,0.000,0.439,0.176,0.000,0.000,0.000,0.000,0.000,0.000,0.000,0.000,0.000,0.000,0.000,0.000,0.000,-51.143,34.557,0.000,0.000,0.000,0.033,7.2,11.30,29.0,0.000,0.000,0.006,0.000,0.000,,0.006,0.000,0.000,0.000,0.000,0.000,0.000,0.033,0.000,0.000,0.006,0.006
13.1053,131,0,move,-1,13.1053,13.1184,0,0.000,-0.088,0.176,-0.176,-0.088,0.088,-0.264,-0.088,0.176,0.000,-0.176,-0.088,-0.088,-50.449,34.541,0.000,0.439,0.176,0.000,0.000,0.000,0.000,0.000,0.000,0.000,0.000,0.000,0.000,0.000,0.000,0.000,-51.143,34.557,0.000,0.000,0.000,0.033,7.2,11.30,28.0,0.000,0.000,0.006,0.006,0.000,0.000,0.000,0.000,0.000,0.000,0.000,0.000,0.000,0.033,0.000,0.000,0.006,0.006
13.2055,132,0,move,-1,13.2055,13.2169,0,0.000,-0.088,0.176,-0.176,-0.088,0.088,-0.264,-0.088,0.176,0.000,-0.176,-0.088,-0.088,-50.449,34.541,0.000,0.439,0.176,0.000,0.000,0.000,0.000,0.000,0.000,0.000,0.000,0.000,0.000,0.000,0.000,0.000,-51.143,34.557,0.000,0.000,0.000,0.033,7.2,11.30,28.0,0.000,0.000,0.006,0.006,0.000,0.000,0.000,0.000,0.000,0.000,0.000,0.000,0.000,0.033,0.000,0.000,0.006,0.006
13.3053,133,0,move,-1,13.3053,13.3156,0,0.000,-0.088,0.176,-0.176,-0.088,0.088,-0.264,-0.088,0.176,0.000,-0.176,-0.088,-0.088,-50.449,34.541,0.000,0.439,0.176,0.000,0.000,0.000,0.000,0.000,0.000,0.000,0.000,0.000,0.000,0.000,0.000,0.000,-51.143,34.557,0.000,0.000,0.000,0.039,7.2,11.30,28.0,0.000,0.000,0.000,0.000,0.000,0.000,0.000,0.000,0.000,0.000,0.006,0.000,0.000,0.039,0.000,0.000,0.006,0.000
13.4069,134,0,move,-1,13.4069,13.4249,0,0.000,-0.088,0.176,-0.176,-0.088,0.088,-0.264,-0.088,0.176,0.000,-0.176,-0.088,-0.088,-50.449,34.541,0.000,0.439,0.176,0.000,0.000,0.000,0.000,0.000,0.000,0.000,0.000,0.000,0.000,0.000,0.000,0.000,-51.143,34.557,0.000,0.000,0.000,0.033,7.2,11.30,28.0,0.000,0.000,0.000,0.006,0.000,0.000,0.006,0.000,0.000,0.000,0.000,0.000,0.000,0.033,0.000,0.000,0.006,0.006
13.5055,135,0,move,-1,13.5055,13.5184,0,0.000,-0.088,0.176,-0.176,-0.088,0.088,-0.264,-0.088,0.176,0.000,-0.176,-0.088,-0.088,-50.449,34.541,0.000,0.439,0.176,0.000,0.000,0.000,0.000,0.000,0.000,0.000,0.000,0.000,0.000,0.000,0.000,0.000,-51.143,34.557,0.000,0.000,0.000,0.033,7.2,11.30,28.0,0.000,0.000,0.000,0.006,0.000,0.000,0.006,0.000,0.000,0.000,0.000,0.000,0.000,0.033,0.000,0.000,0.006,0.006
13.6055,136,0,move,-1,13.6055,13.6186,0,0.000,-0.088,0.176,-0.176,-0.088,0.088,-0.264,-0.088,0.176,0.000,-0.176,-0.088,-0.088,-50.449,34.541,0.000,0.439,0.176,0.000,0.000,0.000,0.000,0.000,0.000,0.000,0.000,0.000,0.000,0.000,0.000,0.000,-51.143,34.557,0.000,0.000,0.000,0.039,7.2,11.30,28.0,0.000,0.000,0.000,0.000,0.000,0.000,0.006,0.000,0.000,0.000,0.000,0.000,0.000,0.039,0.000,0.000,0.006,0.006
13.7054,137,0,move,-1,13.7054,13.7153,0,0.000,-0.088,0.176,-0.176,-0.088,0.088,-0.264,-0.088,0.176,0.000,-0.176,-0.088,-0.088,-50.449,34.541,0.000,0.439,0.176,0.000,0.000,0.000,0.000,0.000,0.000,0.000,0.000,0.000,0.000,0.000,0.000,0.000,-51.143,34.557,0.000,0.000,0.000,0.039,7.2,11.30,28.0,0.000,0.000,0.000,0.000,0.000,0.000,0.006,0.000,0.000,0.000,0.000,0.000,0.000,0.039,0.000,0.000,0.006,0.006
13.8053,138,0,move,-1,13.8053,13.8165,0,0.000,-0.088,0.176,-0.176,-0.088,0.088,-0.264,-0.088,0.176,0.000,-0.176,-0.088,-0.088,-50.449,34.541,0.000,0.439,0.176,0.000,0.000,0.000,0.000,0.000,0.000,0.000,0.000,0.000,0.000,0.000,0.000,0.000,-51.143,34.557,0.000,0.000,0.000,0.039,7.2,11.30,28.0,0.000,0.000,0.000,0.006,0.000,0.000,0.006,0.000,0.000,0.000,0.000,0.000,0.000,0.039,0.000,0.000,0.006,0.006
13.9053,139,0,move,-1,13.9053,13.9183,0,0.000,-0.088,0.176,-0.176,-0.088,0.088,-0.264,-0.088,0.176,0.000,-0.176,-0.088,-0.088,-50.449,34.541,0.000,0.439,0.176,0.000,0.000,0.000,0.000,0.000,0.000,0.000,0.000,0.000,0.000,0.000,0.000,0.000,-51.143,34.557,0.000,0.000,0.000,0.033,7.2,11.30,28.0,0.000,0.000,0.006,0.000,0.000,0.000,0.006,0.000,0.000,0.000,0.006,0.000,0.000,0.033,0.000,0.000,0.006,0.006
14.0053,140,0,move,-1,14.0053,14.0119,0,0.000,-0.088,0.176,-0.176,-0.088,0.088,-0.264,-0.088,0.176,0.000,-0.176,-0.088,-0.088,-50.449,34.541,0.000,0.439,0.176,0.000,0.000,0.000,0.000,0.000,0.000,0.000,0.000,0.000,0.000,0.000,0.000,0.000,-51.045,34.512,0.000,0.000,0.000,0.033,7.2,11.30,28.0,0.000,0.000,0.006,0.000,0.000,0.000,0.006,0.000,0.000,0.000,0.006,0.000,0.000,0.033,0.000,0.000,0.006,0.006
14.1054,141,0,move,-1,14.1054,14.1173,0,0.000,-0.088,0.176,-0.176,-0.088,0.088,-0.264,-0.088,0.176,0.000,-0.176,-0.088,-0.088,-50.449,34.541,0.000,0.439,0.176,0.000,0.000,0.000,0.000,0.000,0.000,0.000,0.000,0.000,0.000,0.000,0.000,0.000,-50.765,34.384,0.000,0.000,0.000,0.033,6.4,11.30,28.0,0.000,0.000,0.000,0.000,0.000,0.000,0.006,0.000,0.000,0.000,0.000,0.000,0.000,0.033,0.000,0.000,0.006,0.006
14.2053,142,0,move,-1,14.2053,14.2596,0,0.000,-0.088,0.176,-0.176,-0.088,0.088,-0.264,-0.088,0.176,0.000,-0.176,-0.088,-0.088,-50.449,34.541,0.000,0.439,0.176,0.000,0.000,0.000,0.000,0.000,0.000,0.000,0.000,0.000,0.000,0.000,0.000,0.000,-50.327,34.182,0.000,0.000,0.000,0.013,4.0,11.30,28.0,0.000,0.000,0.000,0.000,0.000,0.000,0.006,0.000,0.006,0.000,0.000,0.000,0.000,0.013,0.006,0.000,0.013,0.000
14.3053,143,0,move,-1,14.3053,14.3181,0,0.000,-0.088,0.176,-0.176,-0.088,0.088,-0.264,-0.088,0.176,0.000,-0.176,-0.088,-0.088,-50.449,34.365,0.000,0.439,0.176,0.000,0.000,0.000,0.000,0.000,0.000,0.000,0.000,0.000,0.000,0.000,0.000,0.000,-49.772,33.924,0.000,0.000,0.000,0.013,4.0,11.30,28.0,0.000,0.000,0.000,0.000,0.000,0.000,0.006,0.000,0.006,0.000,0.000,0.000,0.000,0.013,0.006,0.000,0.013,0.000
14.4104,144,0,move,-1,14.4104,14.4725,0,0.000,-0.088,0.176,-0.176,-0.088,0.088,-0.264,-0.088,0.176,0.000,-0.176,-0.088,-0.088,-49.834,33.838,0.000,0.439,0.176,0.000,0.000,0.000,0.000,0.000,0.000,0.000,0.000,0.000,0.000,0.000,0.000,0.000,-49.154,33.634,0.000,0.000,0.000,0.006,2.4,11.30,32.0,0.000,0.000,0.006,0.000,0.000,0.000,0.000,0.000,0.000,0.000,0.000,0.000,0.000,0.000,0.000,0.000,0.006,0.006
14.5148,145,0,move,-1,14.5148,14.5264,0,0.000,-0.088,0.176,-0.176,-0.088,0.088,-0.264,-0.088,0.176,0.000,-0.176,-0.088,-0.088,-49.482,33.838,0.000,0.439,0.176,0.000,0.000,0.000,0.000,0.000,0.000,0.000,0.000,0.000,0.000,0.000,0.000,0.000,-48.535,33.340,0.000,0.000,0.000,0.006,2.4,11.30,32.0,0.000,0.000,0.006,0.000,0.000,0.000,0.000,0.000,0.000,0.000,0.000,0.000,0.000,0.000,0.000,0.000,0.006,0.006
14.6054,146,0,move,-1,14.6054,14.6178,0,0.000,-0.088,0.176,-0.176,-0.088,0.088,-0.264,-0.088,0.176,0.000,-0.176,-0.088,-0.088,-48.867,33.311,0.000,0.439,0.176,0.000,0.000,0.000,0.000,0.000,0.000,0.000,0.000,0.000,0.000,0.000,0.000,0.000,-47.971,33.071,0.000,0.000,0.000,0.019,5.6,11.30,29.0,0.000,0.000,0.000,0.006,0.000,0.000,0.006,0.000,0.006,0.000,0.006,0.000,0.000,0.013,0.019,0.000,0.006,0.006
14.7053,147,0,move,-1,14.7053,14.7157,0,0.000,-0.088,0.176,-0.176,-0.088,0.088,-0.264,-0.088,0.176,0.000,-0.176,-0.088,-0.088,-48.252,33.047,0.000,0.439,0.176,0.000,0.000,0.000,0.000,0.000,0.000,0.000,0.000,0.000,0.000,0.000,0.000,0.000,-47.522,32.856,0.000,0.000,0.000,0.019,5.6,11.30,29.0,0.000,0.000,0.000,0.006,0.000,0.000,0.006,0.000,0.006,0.000,0.006,0.000,0.000,0.013,0.019,0.000,0.006,0.006
14.8053,148,0,move,-1,14.8053,14.8168,0,0.000,-0.088,0.176,-0.176,-0.088,0.088,-0.264,-0.088,0.176,0.000,-0.176,-0.088,-0.088,-47.725,32.959,0.000,0.439,0.176,0.000,0.000,0.000,0.000,0.000,0.000,0.000,0.000,0.000,0.000,0.000,0.000,0.000,-47.233,32.716,0.000,0.000,0.000,0.013,2.8,11.30,28.0,0.000,0.000,0.000,0.000,0.000,0.000,0.000,0.000,0.000,0.000,0.006,0.000,0.000,0.013,0.000,0.000,0.006,0.000
14.9053,149,0,move,-1,14.9053,14.9157,0,0.000,-0.088,0.176,-0.176,-0.088,0.088,-0.264,-0.088,0.176,0.000,-0.176,-0.088,-0.088,-47.285,32.959,0.000,0.439,0.176,0.000,0.000,0.000,0.000,0.000,0.000,0.000,0.000,0.000,0.000,0.000,0.000,0.000,-47.133,32.667,0.000,0.000,0.000,0.013,2.8,11.30,28.0,0.000,0.000,0.000,0.000,0.000,0.000,0.000,0.000,0.000,0.000,0.006,0.000,0.000,0.013,0.000,0.000,0.006,0.000
15.0053,150,0,move,-1,15.0053,15.0168,0,0.000,-0.088,0.176,-0.176,-0.088,0.088,-0.264,-0.088,0.176,0.000,-0.176,-0.088,-0.088,-47.285,32.959,0.000,0.439,0.176,0.000,0.000,0.000,0.000,0.000,0.000,0.000,0.000,0.000,0.000,0.000,0.000,0.000,-47.133,32.667,0.000,0.000,0.000,0.013,3.2,11.30,29.0,0.000,0.000,0.000,0.000,0.000,0.000,0.000,0.000,0.000,0.000,0.000,0.000,0.000,0.006,0.013,0.000,0.006,0.000
15.1054,151,0,move,-1,15.1054,15.1159,0,0.000,-0.088,0.176,-0.176,-0.088,0.088,-0.264,-0.088,0.176,0.000,-0.176,-0.088,-0.088,-47.197,32.959,0.000,0.439,0.176,0.000,0.000,0.000,0.000,0.000,0.000,0.000,0.000,0.000,0.000,0.000,0.000,0.000,-47.133,32.667,0.000,0.000,0.000,0.013,3.2,11.30,29.0,0.000,0.000,0.000,0.000,0.000,0.000,0.000,0.000,0.000,0.000,0.000,0.000,0.000,0.006,0.013,0.000,0.006,0.000
15.2053,152,0,move,-1,15.2053,15.2364,0,0.000,-0.088,0.176,-0.176,-0.088,0.088,-0.264,-0.088,0.176,0.000,-0.176,-0.088,-0.088,-47.197,32.959,0.000,0.439,0.176,0.000,0.000,0.000,0.000,0.000,0.000,0.000,0.000,0.000,0.000,0.000,0.000,0.000,-47.133,32.667,0.000,0.000,0.000,0.013,3.2,11.30,29.0,0.000,0.000,0.000,0.000,0.000,0.000,0.006,0.000,0.000,0.000,0.006,0.000,0.000,0.006,0.013,0.000,0.006,0.000
15.3054,153,0,move,-1,15.3054,15.3162,0,0.000,-0.088,0.176,-0.176,-0.088,0.088,-0.264,-0.088,0.176,0.000,-0.176,-0.088,-0.088,-47.197,32.959,0.000,0.439,0.176,0.000,0.000,0.000,0.000,0.000,0.000,0.000,0.000,0.000,0.000,0.000,0.000,0.000,-47.133,32.667,0.000,0.000,0.000,0.013,3.2,11.30,29.0,0.000,0.000,0.000,0.000,0.000,0.000,0.006,0.000,0.000,0.000,0.006,0.000,0.000,0.006,0.013,0.000,0.006,0.000
15.4053,154,0,move,-1,15.4053,15.4173,0,0.000,-0.088,0.176,-0.176,-0.088,0.088,-0.264,-0.088,0.176,0.000,-0.176,-0.088,-0.088,-47.197,32.959,0.000,0.439,0.176,0.000,0.000,0.000,0.000,0.000,0.000,0.000,0.000,0.000,0.000,0.000,0.000,0.000,-47.133,32.667,0.000,0.000,0.000,0.013,3.2,11.30,29.0,0.000,0.000,0.006,0.000,0.000,0.000,0.006,0.000,0.000,0.000,0.000,0.000,0.000,0.000,0.013,0.000,0.006,0.000
15.5055,155,0,move,-1,15.5055,15.5179,0,0.000,-0.088,0.176,-0.176,-0.088,0.088,-0.264,-0.088,0.176,0.000,-0.176,-0.088,-0.088,-47.197,32.959,0.000,0.439,0.176,0.000,0.000,0.000,0.000,0.000,0.000,0.000,0.000,0.000,0.000,0.000,0.000,0.000,-47.133,32.667,0.000,0.000,0.000,0.006,2.4,11.30,32.0,0.000,0.000,0.000,0.000,0.000,0.000,0.000,0.000,0.006,0.000,0.000,0.000,0.000,0.000,0.006,0.000,0.006,0.000
15.6053,156,0,move,-1,15.6053,15.6165,0,0.000,-0.088,0.176,-0.176,-0.088,0.088,-0.264,-0.088,0.176,0.000,-0.176,-0.088,-0.088,-47.197,32.959,0.000,0.439,0.176,0.000,0.000,0.000,0.000,0.000,0.000,0.000,0.000,0.000,0.000,0.000,0.000,0.000,-47.133,32.667,0.000,0.000,0.000,0.006,2.4,11.30,32.0,0.000,0.000,0.000,0.000,0.000,0.000,0.000,0.000,0.006,0.000,0.000,0.000,0.000,0.000,0.006,0.000,0.006,0.000
15.7053,157,0,move,-1,15.7053,15.7187,0,0.000,-0.088,0.176,-0.176,-0.088,0.088,-0.264,-0.088,0.176,0.000,-0.176,-0.088,-0.088,-47.197,32.959,0.000,0.439,0.176,0.000,0.000,0.000,0.000,0.000,0.000,0.000,0.000,0.000,0.000,0.000,0.000,0.000,-47.133,32.667,0.000,0.000,0.000,0.013,3.2,11.30,29.0,0.000,0.000,0.000,0.000,0.000,0.000,0.006,0.000,0.000,0.000,0.000,0.000,0.000,0.000,0.013,0.000,0.006,0.000
15.8055,158,0,move,-1,15.8055,15.8180,0,0.000,-0.088,0.176,-0.176,-0.088,0.088,-0.264,-0.088,0.176,0.000,-0.176,-0.088,-0.088,-47.197,32.695,0.000,0.439,0.176,0.000,0.000,0.000,0.000,0.000,0.000,0.000,0.000,0.000,0.000,0.000,0.000,0.000,-47.133,32.667,0.000,0.000,0.000,0.013,3.2,11.30,29.0,0.000,0.000,0.000,0.000,0.000,0.000,0.006,0.000,0.000,0.000,0.000,0.000,0.000,0.000,0.013,0.000,0.006,0.000
15.9055,159,0,move,-1,15.9055,15.9161,0,0.000,-0.088,0.176,-0.176,-0.088,0.088,-0.264,-0.088,0.176,0.000,-0.176,-0.088,-0.088,-47.197,32.783,0.000,0.439,0.176,0.000,0.000,0.000,0.000,0.000,0.000,0.000,0.000,0.000,0.000,0.000,0.000,0.000,-47.133,32.667,0.000,0.000,0.000,0.006,3.2,11.30,32.0,0.000,0.000,0.000,0.000,0.000,0.000,0.006,0.000,0.000,0.000,0.006,0.000,0.000,0.000,0.000,0.000,0.006,0.000
16.0055,160,0,move,-1,16.0055,16.0190,0,0.000,-0.088,0.176,-0.176,-0.088,0.088,-0.264,-0.088,0.176,0.000,-0.176,-0.088,-0.088,-47.197,32.783,0.000,0.439,0.176,0.000,0.000,0.000,0.000,0.000,0.000,0.000,0.000,0.000,0.000,0.000,0.000,0.000,-47.133,32.667,0.000,0.000,0.000,0.013,4.8,11.30,31.0,0.000,0.000,0.000,0.000,0.000,0.000,0.006,0.000,0.006,0.000,0.000,0.000,0.000,0.000,0.000,0.000,0.013,0.006
16.1056,161,0,move,-1,16.1056,16.1618,0,0.000,-0.088,0.176,-0.176,-0.088,0.088,-0.264,-0.088,0.176,0.000,-0.176,-0.088,-0.088,-47.197,32.783,0.000,0.439,0.176,0.000,0.000,0.000,0.000,0.000,0.000,0.000,0.000,0.000,0.000,0.000,0.000,0.000,-47.133,32.667,0.000,0.000,0.000,0.006,2.4,11.30,32.0,0.000,0.000,0.006,0.006,0.000,0.000,0.006,0.000,0.000,0.000,0.000,0.000,0.000,0.000,0.000,0.000,0.006,0.006
16.2059,162,0,move,-1,16.2059,16.2182,0,0.000,-0.088,0.176,-0.176,-0.088,0.088,-0.264,-0.088,0.176,0.000,-0.176,-0.088,-0.088,-47.197,32.783,0.000,0.439,0.176,0.000,0.000,0.000,0.000,0.000,0.000,0.000,0.000,0.000,0.000,0.000,0.000,0.000,-47.133,32.667,0.000,0.000,0.000,0.006,2.4,11.30,32.0,0.000,0.000,0.006,0.006,0.000,0.000,0.006,0.000,0.000,0.000,0.000,0.000,0.000,0.000,0.000,0.000,0.006,0.006
16.3053,163,0,move,-1,16.3053,16.3248,0,0.000,-0.088,0.176,-0.176,-0.088,0.088,-0.264,-0.088,0.176,0.000,-0.176,-0.088,-0.088,-47.197,32.783,0.000,0.439,0.176,0.000,0.000,0.000,0.000,0.000,0.000,0.000,0.000,0.000,0.000,0.000,0.000,0.000,-47.133,32.667,0.000,0.000,0.000,0.006,3.2,11.30,32.0,0.000,0.000,0.000,0.000,0.000,0.000,0.006,0.000,0.000,0.000,0.006,0.000,0.000,0.000,0.000,0.000,0.006,0.000
16.4054,164,0,move,-1,16.4054,16.4171,0,0.000,-0.088,0.176,-0.176,-0.088,0.088,-0.264,-0.088,0.176,0.000,-0.176,-0.088,-0.088,-47.197,32.783,0.000,0.439,0.176,0.000,0.000,0.000,0.000,0.000,0.000,0.000,0.000,0.000,0.000,0.000,0.000,0.000,-47.133,32.667,0.000,0.000,0.000,0.006,3.2,11.30,32.0,0.000,0.000,0.000,0.000,0.000,0.000,0.006,0.000,0.000,0.000,0.006,0.000,0.000,0.000,0.000,0.000,0.006,0.000
16.5053,165,0,move,-1,16.5053,16.5144,0,0.000,-0.088,0.176,-0.176,-0.088,0.088,-0.264,-0.088,0.176,0.000,-0.176,-0.088,-0.088,-47.197,32.783,0.000,0.439,0.176,0.000,0.000,0.000,0.000,0.000,0.000,0.000,0.000,0.000,0.000,0.000,0.000,0.000,-47.133,32.667,0.000,0.000,0.000,0.006,2.8,11.30,32.0,0.000,0.000,0.000,0.006,0.000,0.000,0.006,0.000,0.000,0.000,0.006,0.000,0.000,0.000,0.000,0.000,0.006,0.000
16.6053,166,0,move,-1,16.6053,16.6112,0,0.000,-0.088,0.176,-0.176,-0.088,0.088,-0.264,-0.088,0.176,0.000,-0.176,-0.088,-0.088,-47.197,32.783,0.000,0.439,0.176,0.000,0.000,0.000,0.000,0.000,0.000,0.000,0.000,0.000,0.000,0.000,0.000,0.000,-47.133,32.667,0.000,0.000,0.000,0.006,2.8,11.30,32.0,0.000,0.000,0.000,0.006,0.000,0.000,0.006,0.000,0.000,0.000,0.006,0.000,0.000,0.000,0.000,0.000,0.006,0.000
16.7054,167,0,move,-1,16.7054,16.7166,0,0.000,-0.088,0.176,-0.176,-0.088,0.088,-0.264,-0.088,0.176,0.000,-0.176,-0.088,-0.088,-47.197,32.783,0.000,0.439,0.176,0.000,0.000,0.000,0.000,0.000,0.000,0.000,0.000,0.000,0.000,0.000,0.000,0.000,-47.133,32.667,0.000,0.000,0.000,0.013,4.8,11.30,31.0,0.000,0.000,0.000,0.000,0.000,0.000,0.006,0.000,0.006,0.000,0.006,0.000,0.000,0.000,0.000,0.000,0.013,0.006
16.8053,168,0,move,-1,16.8053,16.8153,0,0.000,-0.088,0.176,-0.176,-0.088,0.088,-0.264,-0.088,0.176,0.000,-0.176,-0.088,-0.088,-47.197,32.783,0.000,0.439,0.176,0.000,0.000,0.000,0.000,0.000,0.000,0.000,0.000,0.000,0.000,0.000,0.000,0.000,-47.133,32.667,0.000,0.000,0.000,0.013,4.8,11.30,31.0,0.000,0.000,0.000,0.000,0.000,0.000,0.006,0.000,0.006,0.000,0.006,0.000,0.000,0.000,0.000,0.000,0.013,0.006
16.9053,169,0,move,-1,16.9053,16.9159,0,0.000,-0.088,0.176,-0.176,-0.088,0.088,-0.264,-0.088,0.176,0.000,-0.176,-0.088,-0.088,-47.197,32.783,0.000,0.439,0.176,0.000,0.000,0.000,0.000,0.000,0.000,0.000,0.000,0.000,0.000,0.000,0.000,0.000,-47.133,32.667,0.000,0.000,0.000,0.006,3.2,11.20,32.0,0.000,0.000,0.000,0.000,0.000,0.000,0.006,0.000,0.000,0.000,0.000,0.000,0.000,0.000,0.000,0.000,0.006,0.000
17.0053,170,0,move,-1,17.0053,17.0151,0,0.000,-0.088,0.176,-0.176,-0.088,0.088,-0.264,-0.088,0.176,0.000,-0.176,-0.088,-0.088,-47.197,32.783,0.000,0.439,0.176,0.000,0.000,0.000,0.000,0.000,0.000,0.000,0.000,0.000,0.000,0.000,0.000,0.000,-47.133,32.667,0.000,0.000,0.000,0.006,3.2,11.20,32.0,0.000,0.000,0.000,0.000,0.000,0.000,0.006,0.000,0.000,0.000,0.000,0.000,0.000,0.000,0.000,0.000,0.006,0.000
17.1236,171,0,move,-1,17.1236,17.1349,0,0.000,-0.088,0.176,-0.176,-0.088,0.088,-0.264,-0.088,0.176,0.000,-0.176,-0.088,-0.088,-47.197,32.783,0.000,0.439,0.176,0.000,0.000,0.000,0.000,0.000,0.000,0.000,0.000,0.000,0.000,0.000,0.000,0.000,-47.133,32.667,0.000,0.000,0.000,0.006,3.2,11.20,32.0,0.000,0.000,0.000,0.000,0.000,0.000,0.006,0.000,0.000,0.000,0.006,0.000,0.000,0.000,0.000,0.000,0.006,0.000
17.2055,172,0,move,-1,17.2055,17.2192,0,0.000,-0.088,0.176,-0.176,-0.088,0.088,-0.264,-0.088,0.176,0.000,-0.176,-0.088,-0.088,-47.197,32.783,0.000,0.439,0.176,0.000,0.000,0.000,0.000,0.000,0.000,0.000,0.000,0.000,0.000,0.000,0.000,0.000,-47.133,32.667,0.000,0.000,0.000,0.006,3.2,11.20,32.0,0.000,0.000,0.000,0.000,0.000,0.000,0.006,0.000,0.000,0.000,0.006,0.000,0.000,0.000,0.000,0.000,0.006,0.000
17.3055,173,0,move,-1,17.3055,17.3226,0,0.000,-0.088,0.176,-0.176,-0.088,0.088,-0.264,-0.088,0.176,0.000,-0.176,-0.088,-0.088,-47.197,32.783,0.000,0.439,0.176,0.000,0.000,0.000,0.000,0.000,0.000,0.000,0.000,0.000,0.000,0.000,0.000,0.000,-47.133,32.667,0.000,0.000,0.000,0.006,4.8,11.30,31.0,0.000,0.000,0.000,0.000,0.000,0.000,0.000,0.000,0.000,0.000,0.000,0.000,0.000,0.000,0.000,0.000,0.006,0.006
17.4053,174,0,move,-1,17.4053,17.4195,0,0.000,-0.088,0.176,-0.176,-0.088,0.088,-0.264,-0.088,0.176,0.000,-0.176,-0.088,-0.088,-47.197,32.783,0.000,0.439,0.176,0.000,0.000,0.000,0.000,0.000,0.000,0.000,0.000,0.000,0.000,0.000,0.000,0.000,-47.133,32.667,0.000,0.000,0.000,0.006,4.8,11.30,31.0,0.000,0.000,0.000,0.000,0.000,0.000,0.000,0.000,0.000,0.000,0.000,0.000,0.000,0.000,0.000,0.000,0.006,0.006
17.5054,175,0,move,-1,17.5054,17.5169,0,0.000,-0.088,0.176,-0.176,-0.088,0.088,-0.264,-0.088,0.176,0.000,-0.176,-0.088,-0.088,-47.197,32.783,0.000,0.439,0.176,0.000,0.000,0.000,0.000,0.000,0.000,0.000,0.000,0.000,0.000,0.000,0.000,0.000,-47.133,32.667,0.000,0.000,0.000,0.006,3.2,11.30,32.0,0.000,0.000,0.000,0.000,0.000,0.000,0.006,0.000,0.006,0.000,0.006,0.000,0.000,0.000,0.000,0.000,0.006,0.000
17.6053,176,0,move,-1,17.6053,17.6181,0,0.000,-0.088,0.176,-0.176,-0.088,0.088,-0.264,-0.088,0.176,0.000,-0.176,-0.088,-0.088,-47.197,32.783,0.000,0.439,0.176,0.000,0.000,0.000,0.000,0.000,0.000,0.000,0.000,0.000,0.000,0.000,0.000,0.000,-47.133,32.667,0.000,0.000,0.000,0.006,2.4,11.30,32.0,0.000,0.000,0.000,0.006,0.000,0.000,0.000,0.000,0.000,0.000,0.000,0.000,0.000,0.000,0.000,0.000,0.006,0.006
17.7053,177,0,move,-1,17.7053,17.7163,0,0.000,-0.088,0.176,-0.176,-0.088,0.088,-0.264,-0.088,0.176,0.000,-0.176,-0.088,-0.088,-47.197,32.783,0.000,0.439,0.176,0.000,0.000,0.000,0.000,0.000,0.000,0.000,0.000,0.000,0.000,0.000,0.000,0.000,-47.133,32.667,0.000,0.000,0.000,0.006,2.4,11.30,32.0,0.000,0.000,0.000,0.006,0.000,0.000,0.000,0.000,0.000,0.000,0.000,0.000,0.000,0.000,0.000,0.000,0.006,0.006
17.8053,178,0,move,-1,17.8053,17.8111,0,0.000,-0.088,0.176,-0.176,-0.088,0.088,-0.264,-0.088,0.176,0.000,-0.176,-0.088,-0.088,-47.197,32.783,0.000,0.439,0.176,0.000,0.000,0.000,0.000,0.000,0.000,0.000,0.000,0.000,0.000,0.000,0.000,0.000,-47.133,32.667,0.000,0.000,0.000,0.006,3.2,11.30,32.0,0.000,0.000,0.000,0.000,0.000,0.000,0.006,0.000,0.000,0.000,0.006,0.000,0.000,0.000,0.000,0.000,0.006,0.000
17.9055,179,0,move,-1,17.9055,17.9164,0,0.000,-0.088,0.176,-0.176,-0.088,0.088,-0.264,-0.088,0.176,0.000,-0.176,-0.088,-0.088,-47.197,32.783,0.000,0.439,0.176,0.000,0.000,0.000,0.000,0.000,0.000,0.000,0.000,0.000,0.000,0.000,0.000,0.000,-47.133,32.667,0.000,0.000,0.000,0.006,3.2,11.30,32.0,0.000,0.000,0.000,0.000,0.000,0.000,0.006,0.000,0.000,0.000,0.006,0.000,0.000,0.000,0.000,0.000,0.006,0.000
18.0053,180,0,move,-1,18.0053,18.0154,0,0.000,-0.088,0.176,-0.176,-0.088,0.088,-0.264,-0.088,0.176,0.000,-0.176,-0.088,-0.088,-47.197,32.783,0.000,0.439,0.176,0.000,0.000,0.000,0.000,0.000,0.000,0.000,0.000,0.000,0.000,0.000,0.000,0.000,-47.033,32.619,0.000,0.000,0.000,0.006,3.2,11.30,32.0,0.000,0.000,0.000,0.000,0.000,0.000,0.006,0.000,0.000,0.000,0.006,0.000,0.000,0.000,0.000,0.000,0.006,0.000
18.1057,181,0,move,-1,18.1057,18.1182,0,0.000,-0.088,0.176,-0.176,-0.088,0.088,-0.264,-0.088,0.176,0.000,-0.176,-0.088,-0.088,-47.109,32.783,0.000,0.439,0.176,0.000,0.000,0.000,0.000,0.000,0.000,0.000,0.000,0.000,0.000,0.000,0.000,0.000,-46.742,32.477,0.000,0.000,0.000,0.013,2.4,11.30,29.0,0.000,0.000,0.000,0.000,0.000,0.000,0.006,0.000,0.000,0.000,0.006,0.000,0.000,0.006,0.013,0.000,0.006,0.000
18.2053,182,0,move,-1,18.2053,18.2157,0,0.000,-0.088,0.176,-0.176,-0.088,0.088,-0.264,-0.088,0.176,0.000,-0.176,-0.088,-0.088,-46.934,32.783,0.000,0.439,0.176,0.000,0.000,0.000,0.000,0.000,0.000,0.000,0.000,0.000,0.000,0.000,0.000,0.000,-46.288,32.255,0.000,0.000,0.000,0.013,2.4,11.30,29.0,0.000,0.000,0.000,0.000,0.000,0.000,0.006,0.000,0.000,0.000,0.006,0.000,0.000,0.006,0.013,0.000,0.006,0.000
18.3061,183,0,move,-1,18.3061,18.3177,0,0.000,-0.088,0.176,-0.176,-0.088,0.088,-0.264,-0.088,0.176,0.000,-0.176,-0.088,-0.088,-46.494,32.344,0.000,0.439,0.176,0.000,0.000,0.000,0.000,0.000,0.000,0.000,0.000,0.000,0.000,0.000,0.000,0.000,-45.712,31.972,0.000,0.000,0.000,0.013,4.4,11.30,28.0,0.000,0.000,0.000,0.000,0.000,0.000,0.006,0.000,0.006,0.000,0.000,0.000,0.000,0.013,0.006,0.000,0.006,0.006
18.4053,184,0,move,-1,18.4053,18.4152,0,0.000,-0.088,0.176,-0.176,-0.088,0.088,-0.264,-0.088,0.176,0.000,-0.176,-0.088,-0.088,-45.967,31.992,0.000,0.439,0.176,0.000,0.000,0.000,0.000,0.000,0.000,0.000,0.000,0.000,0.000,0.000,0.000,0.000,-45.069,31.653,0.000,0.000,0.000,0.013,4.4,11.30,28.0,0.000,0.000,0.000,0.000,0.000,0.000,0.006,0.000,0.006,0.000,0.000,0.000,0.000,0.013,0.006,0.000,0.006,0.006
18.5053,185,0,move,-1,18.5053,18.5173,0,0.000,-0.088,0.176,-0.176,-0.088,0.088,-0.264,-0.088,0.176,0.000,-0.176,-0.088,-0.088,-45.439,31.641,0.000,0.439,0.176,0.000,0.000,0.000,0.000,0.000,0.000,0.000,0.000,0.000,0.000,0.000,0.000,0.000,-44.421,31.329,0.000,0.000,0.000,0.013,4.8,11.30,31.0,0.000,0.000,0.000,0.006,0.000,0.000,0.006,0.000,0.006,0.000,0.000,0.000,0.000,0.006,0.006,0.000,0.013,0.000
18.6053,186,0,move,-1,18.6053,18.6188,0,0.000,-0.088,0.176,-0.176,-0.088,0.088,-0.264,-0.088,0.176,0.000,-0.176,-0.088,-0.088,-44.736,31.289,0.000,0.439,0.176,0.000,0.000,0.000,0.000,0.000,0.000,0.000,0.000,0.000,0.000,0.000,0.000,0.000,-43.833,31.033,0.000,0.000,0.000,0.006,2.4,11.30,32.0,0.000,0.000,0.000,0.006,0.000,0.000,0.006,0.000,0.000,0.000,0.000,0.000,0.000,0.006,0.006,0.000,0.006,0.006
18.7055,187,0,move,-1,18.7055,18.7169,0,0.000,-0.088,0.176,-0.176,-0.088,0.088,-0.264,-0.088,0.176,0.000,-0.176,-0.088,-0.088,-44.385,31.201,0.000,0.439,0.176,0.000,0.000,0.000,0.000,0.000,0.000,0.000,0.000,0.000,0.000,0.000,0.000,0.000,-43.362,30.795,0.000,0.000,0.000,0.006,2.4,11.30,32.0,0.000,0.000,0.000,0.006,0.000,0.000,0.006,0.000,0.000,0.000,0.000,0.000,0.000,0.006,0.006,0.000,0.006,0.006
18.8055,188,0,move,-1,18.8055,18.8198,0,0.000,-0.088,0.176,-0.176,-0.088,0.088,-0.264,-0.088,0.176,0.000,-0.176,-0.088,-0.088,-43.594,30.762,0.000,0.439,0.176,0.000,0.000,0.000,0.000,0.000,0.000,0.000,0.000,0.000,0.000,0.000,0.000,0.000,-43.059,30.640,0.000,0.000,0.000,0.013,4.8,11.30,31.0,0.000,0.000,0.000,0.006,0.000,0.000,0.006,0.000,0.000,0.000,0.000,0.000,0.000,0.000,0.006,0.000,0.013,0.000
18.9055,189,0,move,-1,18.9055,18.9161,0,0.000,-0.088,0.176,-0.176,-0.088,0.088,-0.264,-0.088,0.176,0.000,-0.176,-0.088,-0.088,-43.154,30.762,0.000,0.439,0.176,0.000,0.000,0.000,0.000,0.000,0.000,0.000,0.000,0.000,0.000,0.000,0.000,0.000,-42.955,30.587,0.000,0.000,0.000,0.013,4.8,11.30,31.0,0.000,0.000,0.000,0.006,0.000,0.000,0.006,0.000,0.000,0.000,0.000,0.000,0.000,0.000,0.006,0.000,0.013,0.000
19.0055,190,0,move,-1,19.0055,19.0166,0,0.000,-0.088,0.176,-0.176,-0.088,0.088,-0.264,-0.088,0.176,0.000,-0.176,-0.088,-0.088,-43.066,30.762,0.000,0.439,0.176,0.000,0.000,0.000,0.000,0.000,0.000,0.000,0.000,0.000,0.000,0.000,0.000,0.000,-42.955,30.587,0.000,0.000,0.000,0.006,3.2,11.30,32.0,0.000,0.000,0.000,0.000,0.000,0.000,0.006,0.000,0.000,0.000,0.000,0.000,0.000,0.006,0.006,0.000,0.006,0.006
19.1055,191,0,move,-1,19.1055,19.1157,0,0.000,-0.088,0.176,-0.176,-0.088,0.088,-0.264,-0.088,0.176,0.000,-0.176,-0.088,-0.088,-43.066,30.762,0.000,0.439,0.176,0.000,0.000,0.000,0.000,0.000,0.000,0.000,0.000,0.000,0.000,0.000,0.000,0.000,-42.955,30.587,0.000,0.000,0.000,0.006,3.2,11.30,32.0,0.000,0.000,0.000,0.000,0.000,0.000,0.006,0.000,0.000,0.000,0.000,0.000,0.000,0.006,0.006,0.000,0.006,0.006
19.2055,192,0,move,-1,19.2055,19.2165,0,0.000,-0.088,0.176,-0.176,-0.088,0.088,-0.264,-0.088,0.176,0.000,-0.176,-0.088,-0.088,-42.979,30.762,0.000,0.439,0.176,0.000,0.000,0.000,0.000,0.000,0.000,0.000,0.000,0.000,0.000,0.000,0.000,0.000,-42.955,30.587,0.000,0.000,0.000,0.013,4.8,11.30,31.0,0.000,0.000,0.000,0.000,0.000,0.000,0.000,0.000,0.000,0.000,0.000,0.000,0.000,0.000,0.006,0.000,0.013,0.000
19.3055,193,0,move,-1,19.3055,19.3175,0,0.000,-0.088,0.176,-0.176,-0.088,0.088,-0.264,-0.088,0.176,0.000,-0.176,-0.088,-0.088,-42.979,30.762,0.000,0.439,0.176,0.000,0.000,0.000,0.000,0.000,0.000,0.000,0.000,0.000,0.000,0.000,0.000,0.000,-42.955,30.587,0.000,0.000,0.000,0.006,2.4,11.30,32.0,0.000,0.000,0.000,0.000,0.000,0.000,0.000,0.000,0.006,0.000,0.006,0.000,0.000,0.000,0.006,0.000,0.006,0.000
19.4053,194,0,move,-1,19.4053,19.4150,0,0.000,-0.088,0.176,-0.176,-0.088,0.088,-0.264,-0.088,0.176,0.000,-0.176,-0.088,-0.088,-42.979,30.762,0.000,0.439,0.176,0.000,0.000,0.000,0.000,0.000,0.000,0.000,0.000,0.000,0.000,0.000,0.000,0.000,-42.955,30.587,0.000,0.000,0.000,0.006,2.4,11.30,32.0,0.000,0.000,0.000,0.000,0.000,0.000,0.000,0.000,0.006,0.000,0.006,0.000,0.000,0.000,0.006,0.000,0.006,0.000
19.5053,195,0,move,-1,19.5053,19.5182,0,0.000,-0.088,0.176,-0.176,-0.088,0.088,-0.264,-0.088,0.176,0.000,-0.176,-0.088,-0.088,-42.979,30.762,0.000,0.439,0.176,0.000,0.000,0.000,0.000,0.000,0.000,0.000,0.000,0.000,0.000,0.000,0.000,0.000,-42.955,30.587,0.000,0.000,0.000,0.006,2.4,11.30,32.0,0.000,0.000,0.006,0.006,0.000,0.000,0.006,0.000,0.006,0.000,0.006,0.000,0.000,0.000,0.006,0.000,0.006,0.006
19.6055,196,0,move,-1,19.6055,19.6168,0,0.000,-0.088,0.176,-0.176,-0.088,0.088,-0.264,-0.088,0.176,0.000,-0.176,-0.088,-0.088,-42.979,30.762,0.000,0.439,0.176,0.000,0.000,0.000,0.000,0.000,0.000,0.000,0.000,0.000,0.000,0.000,0.000,0.000,-42.955,30.587,0.000,0.000,0.000,0.006,2.4,11.30,32.0,0.000,0.000,0.006,0.006,0.000,0.000,0.006,0.000,0.006,0.000,0.006,0.000,0.000,0.000,0.006,0.000,0.006,0.006
19.7053,197,0,move,-1,19.7053,19.7186,0,0.000,-0.088,0.176,-0.176,-0.088,0.088,-0.264,-0.088,0.176,0.000,-0.176,-0.088,-0.088,-42.979,30.762,0.000,0.439,0.176,0.000,0.000,0.000,0.000,0.000,0.000,0.000,0.000,0.000,0.000,0.000,0.000,0.000,-42.955,30.587,0.000,0.000,0.000,0.006,3.2,11.30,32.0,0.000,0.000,0.000,0.000,0.000,0.000,0.006,0.000,0.000,0.000,0.000,0.000,0.000,0.000,0.006,0.000,0.006,0.000
19.8055,198,0,move,-1,19.8055,19.8167,0,0.000,-0.088,0.176,-0.176,-0.088,0.088,-0.264,-0.088,0.176,0.000,-0.176,-0.088,-0.088,-42.979,30.762,0.000,0.439,0.176,0.000,0.000,0.000,0.000,0.000,0.000,0.000,0.000,0.000,0.000,0.000,0.000,0.000,-42.955,30.587,0.000,0.000,0.000,0.006,3.2,11.30,32.0,0.000,0.000,0.000,0.000,0.000,0.000,0.006,0.000,0.000,0.000,0.000,0.000,0.000,0.000,0.006,0.000,0.006,0.000
19.9066,199,0,move,-1,19.9066,19.9257,0,0.000,-0.088,0.176,-0.176,-0.088,0.088,-0.264,-0.088,0.176,0.000,-0.176,-0.088,-0.088,-42.979,30.762,0.000,0.439,0.176,0.000,0.000,0.000,0.000,0.000,0.000,0.000,0.000,0.000,0.000,0.000,0.000,0.000,-42.955,30.587,0.000,0.000,0.000,0.006,3.2,11.20,32.0,0.000,0.000,0.000,0.000,0.000,,0.006,0.000,0.000,0.000,0.000,0.000,0.000,0.000,0.006,0.000,0.006,0.000
20.0055,200,0,move,-1,20.0055,20.0178,0,0.000,-0.088,0.176,-0.176,-0.088,0.088,-0.264,-0.088,0.176,0.000,-0.176,-0.088,-0.088,-42.979,30.762,0.000,0.439,0.176,0.000,0.000,0.000,0.000,0.000,0.000,0.000,0.000,0.000,0.000,0.000,0.000,0.000,-42.955,30.587,0.000,0.000,0.000,0.006,3.2,11.20,32.0,0.000,0.000,0.000,0.000,0.000,,0.006,0.000,0.000,0.000,0.000,0.000,0.000,0.000,0.006,0.000,0.006,0.000
20.1053,201,0,move,-1,20.1053,20.1149,0,0.000,-0.088,0.176,-0.176,-0.088,0.088,-0.264,-0.088,0.176,0.000,-0.176,-0.088,-0.088,-42.979,30.762,0.000,0.439,0.176,0.000,0.000,0.000,0.000,0.000,0.000,0.000,0.000,0.000,0.000,0.000,0.000,0.000,-42.955,30.587,0.000,0.000,0.000,0.006,3.2,11.30,32.0,0.000,0.000,0.000,0.000,0.000,0.000,0.006,0.000,0.000,0.000,0.000,0.000,0.000,0.000,0.006,0.000,0.006,0.000
20.2053,202,0,move,-1,20.2053,20.2167,0,0.000,-0.088,0.176,-0.176,-0.088,0.088,-0.264,-0.088,0.176,0.000,-0.176,-0.088,-0.088,-42.979,30.762,0.000,0.439,0.176,0.000,0.000,0.000,0.000,0.000,0.000,0.000,0.000,0.000,0.000,0.000,0.000,0.000,-42.955,30.587,0.000,0.000,0.000,0.006,3.2,11.30,32.0,0.000,0.000,0.000,0.000,0.000,0.000,0.006,0.000,0.000,0.000,0.006,0.000,0.000,0.000,0.006,0.000,0.006,0.000
20.3053,203,0,move,-1,20.3053,20.3164,0,0.000,-0.088,0.176,-0.176,-0.088,0.088,-0.264,-0.088,0.176,0.000,-0.176,-0.088,-0.088,-42.979,30.762,0.000,0.439,0.176,0.000,0.000,0.000,0.000,0.000,0.000,0.000,0.000,0.000,0.000,0.000,0.000,0.000,-42.955,30.587,0.000,0.000,0.000,0.006,3.2,11.30,32.0,0.000,0.000,0.000,0.000,0.000,0.000,0.006,0.000,0.000,0.000,0.006,0.000,0.000,0.000,0.006,0.000,0.006,0.000
20.4058,204,0,move,-1,20.4058,20.4182,0,0.000,-0.088,0.176,-0.176,-0.088,0.088,-0.264,-0.088,0.176,0.000,-0.176,-0.088,-0.088,-42.979,30.762,0.000,0.439,0.176,0.000,0.000,0.000,0.000,0.000,0.000,0.000,0.000,0.000,0.000,0.000,0.000,0.000,-42.955,30.587,0.000,0.000,0.000,0.006,2.4,11.30,32.0,0.000,0.000,0.000,0.000,0.000,0.000,0.000,0.000,0.006,0.000,0.000,0.000,0.000,0.000,0.006,0.000,0.006,0.006
20.5053,205,0,move,-1,20.5053,20.5193,0,0.000,-0.088,0.176,-0.176,-0.088,0.088,-0.264,-0.088,0.176,0.000,-0.176,-0.088,-0.088,-42.979,30.762,0.000,0.439,0.176,0.000,0.000,0.000,0.000,0.000,0.000,0.000,0.000,0.000,0.000,0.000,0.000,0.000,-42.955,30.587,0.000,0.000,0.000,0.006,3.2,11.30,32.0,0.000,,0.000,0.000,0.000,0.000,0.006,0.000,0.006,0.000,0.006,0.000,0.000,0.000,0.006,0.000,0.006,0.006
20.6055,206,0,move,-1,20.6055,20.6626,0,0.000,-0.088,0.176,-0.176,-0.088,0.088,-0.264,-0.088,0.176,0.000,-0.176,-0.088,-0.088,-42.979,30.762,0.000,0.439,0.176,0.000,0.000,0.000,0.000,0.000,0.000,0.000,0.000,0.000,0.000,0.000,0.000,0.000,-42.955,30.587,0.000,0.000,0.000,0.006,3.2,11.20,32.0,0.000,0.000,0.000,0.000,0.000,0.000,0.006,0.000,0.000,0.000,0.000,0.000,0.000,0.000,0.006,0.000,0.006,0.006
20.7055,207,0,move,-1,20.7055,20.7190,0,0.000,-0.088,0.176,-0.176,-0.088,0.088,-0.264,-0.088,0.176,0.000,-0.176,-0.088,-0.088,-42.979,30.762,0.000,0.439,0.176,0.000,0.000,0.000,0.000,0.000,0.000,0.000,0.000,0.000,0.000,0.000,0.000,0.000,-42.955,30.587,0.000,0.000,0.000,0.006,3.2,11.20,32.0,0.000,0.000,0.000,0.000,0.000,0.000,0.006,0.000,0.000,0.000,0.000,0.000,0.000,0.000,0.006,0.000,0.006,0.006
20.8055,208,0,move,-1,20.8055,20.8161,0,0.000,-0.088,0.176,-0.176,-0.088,0.088,-0.264,-0.088,0.176,0.000,-0.176,-0.088,-0.088,-42.979,30.762,0.000,0.439,0.176,0.000,0.000,0.000,0.000,0.000,0.000,0.000,0.000,0.000,0.000,0.000,0.000,0.000,-42.955,30.587,0.000,0.000,0.000,0.013,2.4,11.30,29.0,0.000,0.000,0.000,0.000,0.000,0.000,0.006,0.000,0.000,0.000,0.006,0.000,0.000,0.000,0.013,0.000,0.013,0.000
20.9054,209,0,move,-1,20.9054,20.9181,0,0.000,-0.088,0.176,-0.176,-0.088,0.088,-0.264,-0.088,0.176,0.000,-0.176,-0.088,-0.088,-42.979,30.762,0.000,0.439,0.176,0.000,0.000,0.000,0.000,0.000,0.000,0.000,0.000,0.000,0.000,0.000,0.000,0.000,-42.955,30.587,0.000,0.000,0.000,0.013,4.8,11.30,31.0,0.000,0.000,0.006,0.000,0.000,0.000,0.006,0.000,0.000,0.000,0.006,0.000,0.000,0.000,0.006,0.000,0.013,0.000
21.0053,210,0,move,-1,21.0053,21.0147,0,0.000,-0.088,0.176,-0.176,-0.088,0.088,-0.264,-0.088,0.176,0.000,-0.176,-0.088,-0.088,-42.979,30.762,0.000,0.439,0.176,0.000,0.000,0.000,0.000,0.000,0.000,0.000,0.000,0.000,0.000,0.000,0.000,0.000,-42.955,30.587,0.000,0.000,0.000,0.013,4.8,11.30,31.0,0.000,0.000,0.006,0.000,0.000,0.000,0.006,0.000,0.000,0.000,0.006,0.000,0.000,0.000,0.006,0.000,0.013,0.000
21.1054,211,0,move,-1,21.1054,21.1178,0,0.000,-0.088,0.176,-0.176,-0.088,0.088,-0.264,-0.088,0.176,0.000,-0.176,-0.088,-0.088,-42.979,30.762,0.000,0.439,0.176,0.000,0.000,0.000,0.000,0.000,0.000,0.000,0.000,0.000,0.000,0.000,0.000,0.000,-42.955,30.587,0.000,0.000,0.000,0.006,3.2,11.20,32.0,0.000,0.000,0.000,0.000,0.000,0.000,0.006,0.000,0.006,0.000,0.000,0.000,0.000,0.000,0.006,0.000,0.006,0.000
21.2054,212,0,move,-1,21.2054,21.2158,0,0.000,-0.088,0.176,-0.176,-0.088,0.088,-0.264,-0.088,0.176,0.000,-0.176,-0.088,-0.088,-42.979,30.762,0.000,0.439,0.176,0.000,0.000,0.000,0.000,0.000,0.000,0.000,0.000,0.000,0.000,0.000,0.000,0.000,-42.955,30.587,0.000,0.000,0.000,0.006,3.2,11.20,32.0,0.000,0.000,0.000,0.000,0.000,0.000,0.006,0.000,0.006,0.000,0.000,0.000,0.000,0.000,0.006,0.000,0.006,0.000
21.3098,213,0,move,-1,21.3098,21.3638,0,0.000,-0.088,0.176,-0.176,-0.088,0.088,-0.264,-0.088,0.176,0.000,-0.176,-0.088,-0.088,-42.979,30.762,0.000,0.439,0.176,0.000,0.000,0.000,0.000,0.000,0.000,0.000,0.000,0.000,0.000,0.000,0.000,0.000,-42.955,30.587,0.000,0.000,0.000,0.013,4.8,11.30,31.0,0.000,0.000,0.000,0.000,0.000,0.000,0.000,0.000,0.000,0.000,0.006,0.000,0.000,0.000,0.006,0.000,0.013,0.000
21.4053,214,0,move,-1,21.4053,21.4172,0,0.000,-0.088,0.176,-0.176,-0.088,0.088,-0.264,-0.088,0.176,0.000,-0.176,-0.088,-0.088,-42.979,30.762,0.000,0.439,0.176,0.000,0.000,0.000,0.000,0.000,0.000,0.000,0.000,0.000,0.000,0.000,0.000,0.000,-42.955,30.587,0.000,0.000,0.000,0.013,4.8,11.30,31.0,0.000,0.000,0.000,0.000,0.000,0.000,0.000,0.000,0.000,0.000,0.006,0.000,0.000,0.000,0.006,0.000,0.013,0.000
21.5053,215,0,move,-1,21.5053,21.5156,0,0.000,-0.088,0.176,-0.176,-0.088,0.088,-0.264,-0.088,0.176,0.000,-0.176,-0.088,-0.088,-42.979,30.762,0.000,0.439,0.176,0.000,0.000,0.000,0.000,0.000,0.000,0.000,0.000,0.000,0.000,0.000,0.000,0.000,-42.955,30.587,0.000,0.000,0.000,0.006,3.2,11.30,32.0,0.000,0.000,0.000,0.000,0.000,0.000,0.006,0.000,0.006,0.000,0.000,0.000,0.000,0.000,0.006,0.000,0.006,0.000
21.6054,216,0,move,-1,21.6054,21.6197,0,0.000,-0.088,0.176,-0.176,-0.088,0.088,-0.264,-0.088,0.176,0.000,-0.176,-0.088,-0.088,-42.979,30.762,0.000,0.439,0.176,0.000,0.000,0.000,0.000,0.000,0.000,0.000,0.000,0.000,0.000,0.000,0.000,0.000,-42.955,30.587,0.000,0.000,0.000,0.013,4.8,11.30,31.0,0.000,0.000,0.000,0.006,0.000,0.000,0.000,0.000,0.000,0.000,0.006,0.000,0.000,0.000,0.006,0.000,0.013,0.000
21.7053,217,0,move,-1,21.7053,21.7201,0,0.000,-0.088,0.176,-0.176,-0.088,0.088,-0.264,-0.088,0.176,0.000,-0.176,-0.088,-0.088,-42.979,30.762,0.000,0.439,0.176,0.000,0.000,0.000,0.000,0.000,0.000,0.000,0.000,0.000,0.000,0.000,0.000,0.000,-42.955,30.587,0.000,0.000,0.000,0.013,5.2,11.30,31.0,0.000,0.000,0.000,0.000,0.000,0.000,0.006,0.000,0.000,0.000,0.006,0.000,0.000,0.000,0.006,0.000,0.013,0.000
21.8056,218,0,move,-1,21.8056,21.8580,0,0.000,-0.088,0.176,-0.176,-0.088,0.088,-0.264,-0.088,0.176,0.000,-0.176,-0.088,-0.088,-42.979,30.762,0.000,0.439,0.176,0.000,0.000,0.000,0.000,0.000,0.000,0.000,0.000,0.000,0.000,0.000,0.000,0.000,-42.955,30.587,0.000,0.000,0.000,0.006,2.4,11.30,32.0,0.000,0.000,0.000,0.000,0.000,0.000,0.000,0.000,0.006,0.000,0.000,0.000,0.000,0.000,0.000,0.000,0.006,0.000
21.9055,219,0,move,-1,21.9055,21.9163,0,0.000,-0.088,0.176,-0.176,-0.088,0.088,-0.264,-0.088,0.176,0.000,-0.176,-0.088,-0.088,-42.979,30.762,0.000,0.439,0.176,0.000,0.000,0.000,0.000,0.000,0.000,0.000,0.000,0.000,0.000,0.000,0.000,0.000,-42.955,30.587,0.000,0.000,0.000,0.006,2.4,11.30,32.0,0.000,0.000,0.000,0.000,0.000,0.000,0.000,0.000,0.006,0.000,0.000,0.000,0.000,0.000,0.000,0.000,0.006,0.000
22.0057,220,0,move,-1,22.0057,22.0159,0,0.000,-0.088,0.176,-0.176,-0.088,0.088,-0.264,-0.088,0.176,0.000,-0.176,-0.088,-0.088,-42.979,30.762,0.000,0.439,0.176,0.000,0.000,0.000,0.000,0.000,0.000,0.000,0.000,0.000,0.000,0.000,0.000,0.000,-43.059,30.640,0.000,0.000,0.000,0.006,2.4,11.30,29.0,0.000,0.000,0.000,0.000,0.000,0.000,0.000,0.000,0.000,0.000,0.000,0.000,0.000,0.000,0.006,0.000,0.006,0.006
22.1055,221,0,move,-1,22.1055,22.1196,0,0.000,-0.088,0.176,-0.176,-0.088,0.088,-0.264,-0.088,0.176,0.000,-0.176,-0.088,-0.088,-42.979,30.762,0.000,0.439,0.176,0.000,0.000,0.000,0.000,0.000,0.000,0.000,0.000,0.000,0.000,0.000,0.000,0.000,-43.362,30.795,0.000,0.000,0.000,0.013,4.8,11.30,31.0,0.000,0.000,0.000,0.000,0.000,0.000,0.000,0.000,0.000,0.000,0.006,0.000,0.000,0.000,0.000,0.000,0.013,0.006
22.2054,222,0,move,-1,22.2054,22.2172,0,0.000,-0.088,0.176,-0.176,-0.088,0.088,-0.264,-0.088,0.176,0.000,-0.176,-0.088,-0.088,-43.154,30.762,0.000,0.439,0.176,0.000,0.000,0.000,0.000,0.000,0.000,0.000,0.000,0.000,0.000,0.000,0.000,0.000,-43.833,31.033,0.000,0.000,0.000,0.013,4.8,11.30,31.0,0.000,0.000,0.000,0.000,0.000,0.000,0.000,0.000,0.000,0.000,0.006,0.000,0.000,0.000,0.000,0.000,0.013,0.006
22.3054,223,0,move,-1,22.3054,22.3170,0,0.000,-0.088,0.176,-0.176,-0.088,0.088,-0.264,-0.088,0.176,0.000,-0.176,-0.088,-0.088,-43.418,30.938,0.000,0.439,0.176,0.000,0.000,0.000,0.000,0.000,0.000,0.000,0.000,0.000,0.000,0.000,0.000,0.000,-44.421,31.329,0.000,0.000,0.000,0.006,2.4,11.30,32.0,0.000,0.000,0.006,0.006,0.000,0.000,0.006,0.000,0.006,0.000,0.000,0.000,0.000,0.006,0.000,0.000,0.006,0.006
22.4143,224,0,move,-1,22.4143,22.4247,0,0.000,-0.088,0.176,-0.176,-0.088,0.088,-0.264,-0.088,0.176,0.000,-0.176,-0.088,-0.088,-43.594,31.289,0.000,0.439,0.176,0.000,0.000,0.000,0.000,0.000,0.000,0.000,0.000,0.000,0.000,0.000,0.000,0.000,-45.069,31.653,0.000,0.000,0.000,0.026,8.0,11.30,28.0,0.000,0.000,0.000,0.000,0.000,0.000,0.000,0.000,0.000,0.000,0.000,0.000,0.000,0.026,0.006,0.000,0.006,0.000
22.5054,225,0,move,-1,22.5054,22.5179,0,0.000,-0.088,0.176,-0.176,-0.088,0.088,-0.264,-0.088,0.176,0.000,-0.176,-0.088,-0.088,-44.297,31.465,0.000,0.439,0.176,0.000,0.000,0.000,0.000,0.000,0.000,0.000,0.000,0.000,0.000,0.000,0.000,0.000,-45.712,31.972,0.000,0.000,0.000,0.026,8.0,11.30,28.0,0.000,0.000,0.000,0.000,0.000,0.000,0.000,0.000,0.000,0.000,0.000,0.000,0.000,0.026,0.006,0.000,0.006,0.000
22.6055,226,0,move,-1,22.6055,22.6162,0,0.000,-0.088,0.176,-0.176,-0.088,0.088,-0.264,-0.088,0.176,0.000,-0.176,-0.088,-0.088,-44.912,31.992,0.000,0.439,0.176,0.000,0.000,0.000,0.000,0.000,0.000,0.000,0.000,0.000,0.000,0.000,0.000,0.000,-46.288,32.255,0.000,0.000,0.000,0.033,7.6,11.30,28.0,0.000,0.000,0.000,0.000,0.000,0.000,0.006,0.000,0.000,0.000,0.000,0.000,0.000,0.033,0.000,0.000,0.006,0.000
22.7093,227,0,move,-1,22.7093,22.7226,0,0.000,-0.088,0.176,-0.176,-0.088,0.088,-0.264,-0.088,0.176,0.000,-0.176,-0.088,-0.088,-45.527,32.256,0.000,0.439,0.176,0.000,0.000,0.000,0.000,0.000,0.000,0.000,0.000,0.000,0.000,0.000,0.000,0.000,-46.742,32.477,0.000,0.000,0.000,0.033,7.6,11.30,28.0,0.000,0.000,0.000,0.000,0.000,0.000,0.000,0.000,0.000,0.000,0.000,0.000,0.000,0.033,0.000,0.000,0.006,0.006
22.8053,228,0,move,-1,22.8053,22.8175,0,0.000,-0.088,0.176,-0.176,-0.088,0.088,-0.264,-0.088,0.176,0.000,-0.176,-0.088,-0.088,-46.143,32.520,0.000,0.439,0.176,0.000,0.000,0.000,0.000,0.000,0.000,0.000,0.000,0.000,0.000,0.000,0.000,0.000,-47.033,32.619,0.000,0.000,0.000,0.033,7.6,11.30,28.0,0.000,0.000,0.000,0.000,0.000,0.000,0.000,0.000,0.000,0.000,0.000,0.000,0.000,0.033,0.000,0.000,0.006,0.006
22.9128,229,0,move,-1,22.9128,22.9236,0,0.000,-0.088,0.176,-0.176,-0.088,0.088,-0.264,-0.088,0.176,0.000,-0.176,-0.088,-0.088,-46.406,32.520,0.000,0.439,0.176,0.000,0.000,0.000,0.000,0.000,0.000,0.000,0.000,0.000,0.000,0.000,0.000,0.000,-47.133,32.667,0.000,0.000,0.000,0.033,8.4,11.30,28.0,0.000,0.000,0.000,0.000,0.000,0.000,0.006,0.000,0.000,0.000,0.006,0.000,0.000,0.033,0.000,0.000,0.006,0.000
23.0053,230,0,move,-1,23.0053,23.0161,0,0.000,-0.088,0.176,-0.176,-0.088,0.088,-0.264,-0.088,0.176,0.000,-0.176,-0.088,-0.088,-46.406,32.520,0.000,0.439,0.176,0.000,0.000,0.000,0.000,0.000,0.000,0.000,0.000,0.000,0.000,0.000,0.000,0.000,-47.133,32.667,0.000,0.000,0.000,0.033,8.4,11.30,28.0,0.000,0.000,0.000,0.000,0.000,0.000,0.006,0.000,0.000,0.000,0.006,0.000,0.000,0.033,0.000,0.000,0.006,0.000
23.1111,231,0,move,-1,23.1111,23.1689,0,0.000,-0.088,0.176,-0.176,-0.088,0.088,-0.264,-0.088,0.176,0.000,-0.176,-0.088,-0.088,-46.494,32.520,0.000,0.439,0.176,0.000,0.000,0.000,0.000,0.000,0.000,0.000,0.000,0.000,0.000,0.000,0.000,0.000,-47.133,32.667,0.000,0.000,0.000,0.026,6.4,11.30,28.0,0.000,0.000,0.000,0.006,0.000,0.000,0.006,0.000,0.000,0.000,0.000,0.000,0.000,0.026,0.006,0.000,0.006,0.000
23.2053,232,0,move,-1,23.2053,23.2171,0,0.000,-0.088,0.176,-0.176,-0.088,0.088,-0.264,-0.088,0.176,0.000,-0.176,-0.088,-0.088,-46.494,32.520,0.000,0.439,0.176,0.000,0.000,0.000,0.000,0.000,0.000,0.000,0.000,0.000,0.000,0.000,0.000,0.000,-47.133,32.667,0.000,0.000,0.000,0.026,6.4,11.30,28.0,0.000,0.000,0.000,0.006,0.000,0.000,0.006,0.000,0.000,0.000,0.000,0.000,0.000,0.026,0.006,0.000,0.006,0.000
23.3053,233,0,move,-1,23.3053,23.3185,0,0.000,-0.088,0.176,-0.176,-0.088,0.088,-0.264,-0.088,0.176,0.000,-0.176,-0.088,-0.088,-46.494,32.520,0.000,0.439,0.176,0.000,0.000,0.000,0.000,0.000,0.000,0.000,0.000,0.000,0.000,0.000,0.000,0.000,-47.133,32.667,0.000,0.000,0.000,0.026,6.4,11.30,28.0,0.000,0.000,0.000,0.000,0.000,0.000,0.006,0.000,0.006,0.000,0.000,0.000,0.000,0.026,0.006,0.000,0.006,0.000
23.4145,234,0,move,-1,23.4145,23.4258,0,0.000,-0.088,0.176,-0.176,-0.088,0.088,-0.264,-0.088,0.176,0.000,-0.176,-0.088,-0.088,-46.494,32.520,0.000,0.439,0.176,0.000,0.000,0.000,0.000,0.000,0.000,0.000,0.000,0.000,0.000,0.000,0.000,0.000,-47.133,32.667,0.000,0.000,0.000,0.026,6.4,11.30,28.0,,0.000,0.000,0.000,0.000,0.000,0.006,0.000,0.000,0.000,0.000,0.000,0.000,0.026,0.006,0.000,0.006,0.006
23.5055,235,0,move,-1,23.5055,23.5159,0,0.000,-0.088,0.176,-0.176,-0.088,0.088,-0.264,-0.088,0.176,0.000,-0.176,-0.088,-0.088,-46.494,32.520,0.000,0.439,0.176,0.000,0.000,0.000,0.000,0.000,0.000,0.000,0.000,0.000,0.000,0.000,0.000,0.000,-47.133,32.667,0.000,0.000,0.000,0.026,6.4,11.30,28.0,,0.000,0.000,0.000,0.000,0.000,0.006,0.000,0.000,0.000,0.000,0.000,0.000,0.026,0.006,0.000,0.006,0.006
23.6053,236,0,move,-1,23.6053,23.6169,0,0.000,-0.088,0.176,-0.176,-0.088,0.088,-0.264,-0.088,0.176,0.000,-0.176,-0.088,-0.088,-46.494,32.520,0.000,0.439,0.176,0.000,0.000,0.000,0.000,0.000,0.000,0.000,0.000,0.000,0.000,0.000,0.000,0.000,-47.133,32.667,0.000,0.000,0.000,0.026,6.4,11.30,28.0,0.000,0.000,0.006,0.006,0.000,0.000,0.000,0.000,0.000,0.000,0.000,0.000,0.000,0.026,0.006,0.000,0.006,0.006
23.7055,237,0,move,-1,23.7055,23.7187,0,0.000,-0.088,0.176,-0.176,-0.088,0.088,-0.264,-0.088,0.176,0.000,-0.176,-0.088,-0.088,-46.494,32.520,0.000,0.439,0.176,0.000,0.000,0.000,0.000,0.000,0.000,0.000,0.000,0.000,0.000,0.000,0.000,0.000,-47.133,32.667,0.000,0.000,0.000,0.026,6.4,11.30,28.0,0.000,0.000,0.006,0.000,0.000,0.000,0.006,0.000,0.000,0.000,0.000,0.000,0.000,0.026,0.006,0.000,0.006,0.000
23.8053,238,0,move,-1,23.8053,23.8200,0,0.000,-0.088,0.176,-0.176,-0.088,0.088,-0.264,-0.088,0.176,0.000,-0.176,-0.088,-0.088,-46.494,32.520,0.000,0.439,0.176,0.000,0.000,0.000,0.000,0.000,0.000,0.000,0.000,0.000,0.000,0.000,0.000,0.000,-47.133,32.667,0.000,0.000,0.000,0.026,6.4,11.30,28.0,0.000,0.000,0.000,0.006,0.000,0.000,0.006,0.000,0.006,0.000,0.000,0.000,0.000,0.026,0.006,0.000,0.006,0.006
23.9063,239,0,move,-1,23.9063,23.9127,0,0.000,-0.088,0.176,-0.176,-0.088,0.088,-0.264,-0.088,0.176,0.000,-0.176,-0.088,-0.088,-46.494,32.520,0.000,0.439,0.176,0.000,0.000,0.000,0.000,0.000,0.000,0.000,0.000,0.000,0.000,0.000,0.000,0.000,-47.133,32.667,0.000,0.000,0.000,0.026,6.4,11.30,28.0,0.000,0.000,0.000,0.006,0.000,0.000,0.006,0.000,0.006,0.000,0.000,0.000,0.000,0.026,0.006,0.000,0.006,0.006
24.0053,240,0,move,-1,24.0053,24.0144,0,0.000,-0.088,0.176,-0.176,-0.088,0.088,-0.264,-0.088,0.176,0.000,-0.176,-0.088,-0.088,-46.494,32.520,0.000,0.439,0.176,0.000,0.000,0.000,0.000,0.000,0.000,0.000,0.000,0.000,0.000,0.000,0.000,0.000,-47.133,32.667,0.000,0.000,0.000,0.019,6.4,11.30,28.0,0.000,0.000,0.000,0.000,0.000,0.000,0.006,0.000,0.006,0.000,0.000,0.000,0.000,0.019,0.006,0.000,0.013,0.006
24.1053,241,0,move,-1,24.1053,24.1165,0,0.000,-0.088,0.176,-0.176,-0.088,0.088,-0.264,-0.088,0.176,0.000,-0.176,-0.088,-0.088,-46.494,32.520,0.000,0.439,0.176,0.000,0.000,0.000,0.000,0.000,0.000,0.000,0.000,0.000,0.000,0.000,0.000,0.000,-47.133,32.667,0.000,0.000,0.000,0.026,6.4,11.30,28.0,0.000,0.000,0.000,0.000,0.000,0.000,0.000,0.000,0.000,0.000,0.000,0.000,0.000,0.026,0.006,0.000,0.006,0.006
24.2055,242,0,move,-1,24.2055,24.2166,0,0.000,-0.088,0.176,-0.176,-0.088,0.088,-0.264,-0.088,0.176,0.000,-0.176,-0.088,-0.088,-46.494,32.520,0.000,0.439,0.176,0.000,0.000,0.000,0.000,0.000,0.000,0.000,0.000,0.000,0.000,0.000,0.000,0.000,-47.133,32.667,0.000,0.000,0.000,0.026,6.4,11.30,28.0,0.000,0.000,0.000,0.000,0.000,0.000,0.006,0.000,0.006,0.000,0.000,0.000,0.000,0.026,0.006,0.000,0.006,0.006
24.3053,243,0,move,-1,24.3053,24.3170,0,0.000,-0.088,0.176,-0.176,-0.088,0.088,-0.264,-0.088,0.176,0.000,-0.176,-0.088,-0.088,-46.494,32.520,0.000,0.439,0.176,0.000,0.000,0.000,0.000,0.000,0.000,0.000,0.000,0.000,0.000,0.000,0.000,0.000,-47.133,32.667,0.000,0.000,0.000,0.026,6.4,11.30,28.0,0.000,0.000,0.000,0.006,0.000,0.000,0.000,0.000,0.006,0.000,0.006,0.000,0.000,0.026,0.013,0.000,0.006,0.000
24.4053,244,0,move,-1,24.4053,24.4172,0,0.000,-0.088,0.176,-0.176,-0.088,0.088,-0.264,-0.088,0.176,0.000,-0.176,-0.088,-0.088,-46.494,32.520,0.000,0.439,0.176,0.000,0.000,0.000,0.000,0.000,0.000,0.000,0.000,0.000,0.000,0.000,0.000,0.000,-47.133,32.667,0.000,0.000,0.000,0.026,6.4,11.30,28.0,0.000,0.000,0.000,0.006,0.000,0.000,0.006,0.000,0.000,0.000,0.000,0.000,0.000,0.026,0.006,0.000,0.006,0.000
24.5055,245,0,move,-1,24.5055,24.5166,0,0.000,-0.088,0.176,-0.176,-0.088,0.088,-0.264,-0.088,0.176,0.000,-0.176,-0.088,-0.088,-46.494,32.520,0.000,0.439,0.176,0.000,0.000,0.000,0.000,0.000,0.000,0.000,0.000,0.000,0.000,0.000,0.000,0.000,-47.133,32.667,0.000,0.000,0.000,0.026,6.4,11.30,28.0,0.000,0.000,0.000,0.006,0.000,0.000,0.006,0.000,0.000,0.000,0.000,0.000,0.000,0.026,0.006,0.000,0.006,0.000
24.6055,246,0,move,-1,24.6055,24.6176,0,0.000,-0.088,0.176,-0.176,-0.088,0.088,-0.264,-0.088,0.176,0.000,-0.176,-0.088,-0.088,-46.494,32.520,0.000,0.439,0.176,0.000,0.000,0.000,0.000,0.000,0.000,0.000,0.000,0.000,0.000,0.000,0.000,0.000,-47.133,32.667,0.000,0.000,0.000,0.033,6.4,11.30,28.0,0.000,0.000,0.000,0.000,0.000,0.000,0.006,0.000,0.006,0.000,0.000,0.000,0.000,0.033,0.006,0.000,0.006,0.006
24.7053,247,0,move,-1,24.7053,24.7163,0,0.000,-0.088,0.176,-0.176,-0.088,0.088,-0.264,-0.088,0.176,0.000,-0.176,-0.088,-0.088,-46.494,32.520,0.000,0.439,0.176,0.000,0.000,0.000,0.000,0.000,0.000,0.000,0.000,0.000,0.000,0.000,0.000,0.000,-47.133,32.667,0.000,0.000,0.000,0.033,6.4,11.30,28.0,0.000,0.000,0.000,0.000,0.000,0.000,0.006,0.000,0.006,0.000,0.000,0.000,0.000,0.033,0.006,0.000,0.006,0.006
24.8053,248,0,move,-1,24.8053,24.8193,0,0.000,-0.088,0.176,-0.176,-0.088,0.088,-0.264,-0.088,0.176,0.000,-0.176,-0.088,-0.088,-46.494,32.520,0.000,0.439,0.176,0.000,0.000,0.000,0.000,0.000,0.000,0.000,0.000,0.000,0.000,0.000,0.000,0.000,-47.133,32.667,0.000,0.000,0.000,0.026,6.4,11.30,28.0,0.000,0.000,0.000,0.000,0.000,0.000,0.006,0.000,0.006,0.000,0.000,0.000,0.000,0.026,0.006,0.000,0.013,0.000
24.9053,249,0,move,-1,24.9053,24.9176,0,0.000,-0.088,0.176,-0.176,-0.088,0.088,-0.264,-0.088,0.176,0.000,-0.176,-0.088,-0.088,-46.494,32.520,0.000,0.439,0.176,0.000,0.000,0.000,0.000,0.000,0.000,0.000,0.000,0.000,0.000,0.000,0.000,0.000,-47.133,32.667,0.000,0.000,0.000,0.026,6.4,11.30,28.0,0.000,0.000,0.000,0.000,0.000,0.000,0.006,0.000,0.006,0.000,0.000,0.000,0.000,0.026,0.006,0.000,0.013,0.000
25.0053,250,0,move,-1,25.0053,25.0200,0,0.000,-0.088,0.176,-0.176,-0.088,0.088,-0.264,-0.088,0.176,0.000,-0.176,-0.088,-0.088,-46.494,32.520,0.000,0.439,0.176,0.000,0.000,0.000,0.000,0.000,0.000,0.000,0.000,0.000,0.000,0.000,0.000,0.000,-47.133,32.667,0.000,0.000,0.000,0.026,6.4,11.30,29.0,0.000,0.000,0.000,0.000,0.000,0.000,0.006,0.000,0.000,0.000,0.000,0.000,0.000,0.026,0.000,0.000,0.013,0.000
25.1054,251,0,move,-1,25.1054,25.1195,0,0.000,-0.088,0.176,-0.176,-0.088,0.088,-0.264,-0.088,0.176,0.000,-0.176,-0.088,-0.088,-46.494,32.520,0.000,0.439,0.176,0.000,0.000,0.000,0.000,0.000,0.000,0.000,0.000,0.000,0.000,0.000,0.000,0.000,-47.133,32.667,0.000,0.000,0.000,0.026,6.4,11.30,29.0,0.000,0.000,0.000,0.000,0.000,0.000,0.006,0.000,0.000,0.000,0.000,0.000,0.000,0.026,0.000,0.000,0.013,0.000
25.2053,252,0,move,-1,25.2053,25.2188,0,0.000,-0.088,0.176,-0.176,-0.088,0.088,-0.264,-0.088,0.176,0.000,-0.176,-0.088,-0.088,-46.494,32.520,0.000,0.439,0.176,0.000,0.000,0.000,0.000,0.000,0.000,0.000,0.000,0.000,0.000,0.000,0.000,0.000,-47.133,32.667,0.000,0.000,0.000,0.033,6.4,11.30,28.0,0.000,0.000,0.000,0.000,0.000,0.000,0.006,0.000,0.006,0.000,0.000,0.000,0.000,0.033,0.006,0.000,0.006,0.000
25.3053,253,0,move,-1,25.3053,25.3176,0,0.000,-0.088,0.176,-0.176,-0.088,0.088,-0.264,-0.088,0.176,0.000,-0.176,-0.088,-0.088,-46.494,32.520,0.000,0.439,0.176,0.000,0.000,0.000,0.000,0.000,0.000,0.000,0.000,0.000,0.000,0.000,0.000,0.000,-47.133,32.667,0.000,0.000,0.000,0.033,6.4,11.30,28.0,0.000,0.000,0.000,0.000,0.000,0.000,0.006,0.000,0.006,0.000,0.000,0.000,0.000,0.033,0.006,0.000,0.006,0.000
25.4055,254,0,move,-1,25.4055,25.4136,0,0.000,-0.088,0.176,-0.176,-0.088,0.088,-0.264,-0.088,0.176,0.000,-0.176,-0.088,-0.088,-46.494,32.520,0.000,0.439,0.176,0.000,0.000,0.000,0.000,0.000,0.000,0.000,0.000,0.000,0.000,0.000,0.000,0.000,-47.133,32.667,0.000,0.000,0.000,0.019,6.4,11.30,28.0,0.000,0.000,0.000,0.000,0.000,0.000,0.006,0.000,0.000,0.000,0.000,0.000,0.000,0.019,0.006,0.000,0.006,0.000
25.5053,255,0,move,-1,25.5053,25.5168,0,0.000,-0.088,0.176,-0.176,-0.088,0.088,-0.264,-0.088,0.176,0.000,-0.176,-0.088,-0.088,-46.494,32.520,0.000,0.439,0.176,0.000,0.000,0.000,0.000,0.000,0.000,0.000,0.000,0.000,0.000,0.000,0.000,0.000,-47.133,32.667,0.000,0.000,0.000,0.026,6.4,11.30,28.0,0.000,0.000,0.000,0.000,0.000,0.000,0.000,0.000,0.000,0.000,0.006,0.000,0.000,0.026,0.006,0.000,0.006,0.000
25.6054,256,0,move,-1,25.6054,25.6184,0,0.000,-0.088,0.176,-0.176,-0.088,0.088,-0.264,-0.088,0.176,0.000,-0.176,-0.088,-0.088,-46.494,32.520,0.000,0.439,0.176,0.000,0.000,0.000,0.000,0.000,0.000,0.000,0.000,0.000,0.000,0.000,0.000,0.000,-47.133,32.667,0.000,0.000,0.000,0.026,6.4,11.30,28.0,0.000,0.000,0.000,0.006,0.000,0.000,0.000,0.000,0.006,0.000,0.000,0.000,0.000,0.026,0.000,0.000,0.006,0.000
25.7106,257,0,move,-1,25.7106,25.7378,0,0.000,-0.088,0.176,-0.176,-0.088,0.088,-0.264,-0.088,0.176,0.000,-0.176,-0.088,-0.088,-46.494,32.520,0.000,0.439,0.176,0.000,0.000,0.000,0.000,0.000,0.000,0.000,0.000,0.000,0.000,0.000,0.000,0.000,-47.133,32.667,0.000,0.000,0.000,0.026,6.4,11.30,28.0,0.000,0.000,0.000,0.000,0.000,0.000,0.000,0.000,0.000,0.000,0.006,0.000,0.000,0.026,0.006,0.000,0.006,0.000
25.8145,258,0,move,-1,25.8145,25.8279,0,0.000,-0.088,0.176,-0.176,-0.088,0.088,-0.264,-0.088,0.176,0.000,-0.176,-0.088,-0.088,-46.494,32.520,0.000,0.439,0.176,0.000,0.000,0.000,0.000,0.000,0.000,0.000,0.000,0.000,0.000,0.000,0.000,0.000,-47.133,32.667,0.000,0.000,0.000,0.026,6.4,11.30,28.0,0.000,0.000,0.000,0.000,0.000,0.000,0.000,0.000,0.000,0.000,0.006,0.000,0.000,0.026,0.006,0.000,0.006,0.000
25.9055,259,0,move,-1,25.9055,25.9175,0,0.000,-0.088,0.176,-0.176,-0.088,0.088,-0.264,-0.088,0.176,0.000,-0.176,-0.088,-0.088,-46.494,32.520,0.000,0.439,0.176,0.000,0.000,0.000,0.000,0.000,0.000,0.000,0.000,0.000,0.000,0.000,0.000,0.000,-47.133,32.667,0.000,0.000,0.000,0.026,6.4,11.30,28.0,0.000,0.000,0.000,0.000,0.000,0.000,0.000,0.000,0.000,0.000,0.006,0.000,0.000,0.026,0.006,0.000,0.006,0.006
26.0108,260,0,move,-1,26.0108,26.0283,0,0.000,-0.088,0.176,-0.176,-0.088,0.088,-0.264,-0.088,0.176,0.000,-0.176,-0.088,-0.088,-46.494,32.520,0.000,0.439,0.176,0.000,0.000,0.000,0.000,0.000,0.000,0.000,0.000,0.000,0.000,0.000,0.000,0.000,-47.233,32.716,0.000,0.000,0.000,0.026,6.4,11.30,28.0,0.000,0.000,0.006,0.000,0.000,0.000,0.006,0.000,0.006,0.000,0.000,0.000,0.000,0.026,0.006,0.000,0.013,0.000
26.1055,261,0,move,-1,26.1055,26.1162,0,0.000,-0.088,0.176,-0.176,-0.088,0.088,-0.264,-0.088,0.176,0.000,-0.176,-0.088,-0.088,-46.494,32.520,0.000,0.439,0.176,0.000,0.000,0.000,0.000,0.000,0.000,0.000,0.000,0.000,0.000,0.000,0.000,0.000,-47.522,32.856,0.000,0.000,0.000,0.026,6.4,11.30,28.0,0.000,0.000,0.006,0.000,0.000,0.000,0.006,0.000,0.006,0.000,0.000,0.000,0.000,0.026,0.006,0.000,0.013,0.000
26.2055,262,0,move,-1,26.2055,26.2178,0,0.000,-0.088,0.176,-0.176,-0.088,0.088,-0.264,-0.088,0.176,0.000,-0.176,-0.088,-0.088,-47.021,32.783,0.000,0.439,0.176,0.000,0.000,0.000,0.000,0.000,0.000,0.000,0.000,0.000,0.000,0.000,0.000,0.000,-47.971,33.071,0.000,0.000,0.000,0.026,6.8,11.30,28.0,0.000,0.000,0.006,0.006,0.000,0.000,0.000,0.000,0.006,0.000,0.006,0.000,0.000,0.026,0.006,0.000,0.006,0.000
26.3066,263,0,move,-1,26.3066,26.3138,0,0.000,-0.088,0.176,-0.176,-0.088,0.088,-0.264,-0.088,0.176,0.000,-0.176,-0.088,-0.088,-47.109,33.047,0.000,0.439,0.176,0.000,0.000,0.000,0.000,0.000,0.000,0.000,0.000,0.000,0.000,0.000,0.000,0.000,-48.535,33.340,0.000,0.000,0.000,0.026,6.8,11.30,28.0,0.000,0.000,0.006,0.006,0.000,0.000,0.000,0.000,0.006,0.000,0.006,0.000,0.000,0.026,0.006,0.000,0.006,0.000
26.4053,264,0,move,-1,26.4053,26.4185,0,0.000,-0.088,0.176,-0.176,-0.088,0.088,-0.264,-0.088,0.176,0.000,-0.176,-0.088,-0.088,-47.900,33.135,0.000,0.439,0.176,0.000,0.000,0.000,0.000,0.000,0.000,0.000,0.000,0.000,0.000,0.000,0.000,0.000,-49.154,33.634,0.000,0.000,0.000,0.026,6.8,11.30,28.0,0.000,0.000,0.000,0.006,0.000,0.000,0.006,0.000,0.000,0.000,0.000,0.000,0.000,0.026,0.006,0.000,0.006,0.006
26.5055,265,0,move,-1,26.5055,26.5180,0,0.000,-0.088,0.176,-0.176,-0.088,0.088,-0.264,-0.088,0.176,0.000,-0.176,-0.088,-0.088,-47.900,33.574,0.000,0.439,0.176,0.000,0.000,0.000,0.000,0.000,0.000,0.000,0.000,0.000,0.000,0.000,0.000,0.000,-49.772,33.924,0.000,0.000,0.000,0.026,6.8,11.30,28.0,0.000,0.000,0.000,0.006,0.000,0.000,0.006,0.000,0.000,0.000,0.000,0.000,0.000,0.026,0.006,0.000,0.006,0.006
26.6055,266,0,move,-1,26.6055,26.6189,0,0.000,-0.088,0.176,-0.176,-0.088,0.088,-0.264,-0.088,0.176,0.000,-0.176,-0.088,-0.088,-48.955,33.926,0.000,0.439,0.176,0.000,0.000,0.000,0.000,0.000,0.000,0.000,0.000,0.000,0.000,0.000,0.000,0.000,-50.327,34.182,0.000,0.000,0.000,0.033,7.6,11.30,28.0,0.000,0.000,0.000,0.006,0.000,0.000,0.006,0.000,0.006,0.000,0.006,0.000,0.000,0.033,0.000,0.000,0.013,0.006
26.7055,267,0,move,-1,26.7055,26.7187,0,0.000,-0.088,0.176,-0.176,-0.088,0.088,-0.264,-0.088,0.176,0.000,-0.176,-0.088,-0.088,-49.131,34.014,0.000,0.439,0.176,0.000,0.000,0.000,0.000,0.000,0.000,0.000,0.000,0.000,0.000,0.000,0.000,0.000,-50.765,34.384,0.000,0.000,0.000,0.033,7.6,11.30,28.0,0.000,0.000,0.000,0.006,0.000,0.000,0.006,0.000,0.006,0.000,0.006,0.000,0.000,0.033,0.000,0.000,0.013,0.006
26.8053,268,0,move,-1,26.8053,26.8284,0,0.000,-0.088,0.176,-0.176,-0.088,0.088,-0.264,-0.088,0.176,0.000,-0.176,-0.088,-0.088,-50.186,34.365,0.000,0.439,0.176,0.000,0.000,0.000,0.000,0.000,0.000,0.000,0.000,0.000,0.000,0.000,0.000,0.000,-51.045,34.512,0.000,0.000,0.000,0.026,7.2,11.30,28.0,0.000,0.000,0.000,0.000,0.000,0.000,0.006,0.000,0.000,0.000,0.006,0.000,0.000,0.026,0.006,0.000,0.006,0.006
26.9055,269,0,move,-1,26.9055,26.9183,0,0.000,-0.088,0.176,-0.176,-0.088,0.088,-0.264,-0.088,0.176,0.000,-0.176,-0.088,-0.088,-50.713,34.541,0.000,0.439,0.176,0.000,0.000,0.000,0.000,0.000,0.000,0.000,0.000,0.000,0.000,0.000,0.000,0.000,-51.141,34.556,0.000,0.000,0.000,0.026,7.2,11.30,28.0,0.000,0.000,0.000,0.000,0.000,0.000,0.006,0.000,0.000,0.000,0.006,0.000,0.000,0.026,0.006,0.000,0.006,0.006
27.0055,270,0,move,-1,27.0055,27.0181,0,0.000,-0.088,0.176,-0.176,-0.088,0.088,-0.264,-0.088,0.176,0.000,-0.176,-0.088,-0.088,-50.713,34.541,0.000,0.439,0.176,0.000,0.000,0.000,0.000,0.000,0.000,0.000,0.000,0.000,0.000,0.000,0.000,0.000,-51.141,34.556,0.000,0.000,0.000,0.013,4.0,11.30,28.0,0.000,0.000,0.000,0.006,0.000,0.000,0.006,0.000,0.000,0.000,0.000,0.000,0.000,0.013,0.000,0.000,0.006,0.000
27.1054,271,0,move,-1,27.1054,27.1169,0,0.000,-0.088,0.176,-0.176,-0.088,0.088,-0.264,-0.088,0.176,0.000,-0.176,-0.088,-0.088,-50.713,34.541,0.000,0.439,0.176,0.000,0.000,0.000,0.000,0.000,0.000,0.000,0.000,0.000,0.000,0.000,0.000,0.000,-51.141,34.556,0.000,0.000,0.000,0.013,4.0,11.30,28.0,0.000,0.000,0.000,0.006,0.000,0.000,0.006,0.000,0.000,0.000,0.000,0.000,0.000,0.013,0.000,0.000,0.006,0.000
27.2055,272,0,move,-1,27.2055,27.2178,0,0.000,-0.088,0.176,-0.176,-0.088,0.088,-0.264,-0.088,0.176,0.000,-0.176,-0.088,-0.088,-50.713,34.541,0.000,0.439,0.176,0.000,0.000,0.000,0.000,0.000,0.000,0.000,0.000,0.000,0.000,0.000,0.000,0.000,-51.141,34.556,0.000,0.000,0.000,0.019,4.8,11.30,28.0,0.000,0.000,0.000,0.000,0.000,0.000,0.006,0.000,0.000,0.000,0.006,0.000,0.000,0.019,0.000,0.000,0.006,0.000
27.3053,273,0,move,-1,27.3053,27.3161,0,0.000,-0.088,0.176,-0.176,-0.088,0.088,-0.264,-0.088,0.176,0.000,-0.176,-0.088,-0.088,-50.713,34.541,0.000,0.439,0.176,0.000,0.000,0.000,0.000,0.000,0.000,0.000,0.000,0.000,0.000,0.000,0.000,0.000,-51.141,34.556,0.000,0.000,0.000,0.019,4.8,11.30,28.0,0.000,0.000,0.000,0.000,0.000,0.000,0.006,0.000,0.000,0.000,0.006,0.000,0.000,0.019,0.000,0.000,0.006,0.000
27.4053,274,0,move,-1,27.4053,27.4176,0,0.000,-0.088,0.176,-0.176,-0.088,0.088,-0.264,-0.088,0.176,0.000,-0.176,-0.088,-0.088,-50.713,34.541,0.000,0.439,0.176,0.000,0.000,0.000,0.000,0.000,0.000,0.000,0.000,0.000,0.000,0.000,0.000,0.000,-51.141,34.556,0.000,0.000,0.000,0.019,4.8,11.30,28.0,0.000,0.000,0.000,0.006,0.000,0.000,0.000,0.000,0.000,0.000,0.000,0.000,0.000,0.019,0.000,0.000,0.013,0.000
27.5055,275,0,move,-1,27.5055,27.5162,0,0.000,-0.088,0.176,-0.176,-0.088,0.088,-0.264,-0.088,0.176,0.000,-0.176,-0.088,-0.088,-50.713,34.541,0.000,0.439,0.176,0.000,0.000,0.000,0.000,0.000,0.000,0.000,0.000,0.000,0.000,0.000,0.000,0.000,-51.141,34.556,0.000,0.000,0.000,0.019,4.8,11.30,28.0,0.000,0.000,0.000,0.006,0.000,0.000,0.000,0.000,0.000,0.000,0.000,0.000,0.000,0.019,0.000,0.000,0.013,0.000
27.6055,276,0,move,-1,27.6055,27.6175,0,0.000,-0.088,0.176,-0.176,-0.088,0.088,-0.264,-0.088,0.176,0.000,-0.176,-0.088,-0.088,-50.713,34.541,0.000,0.439,0.176,0.000,0.000,0.000,0.000,0.000,0.000,0.000,0.000,0.000,0.000,0.000,0.000,0.000,-51.141,34.556,0.000,0.000,0.000,0.013,4.8,11.30,28.0,0.000,0.000,0.000,0.000,0.000,0.000,0.006,0.000,0.000,0.000,0.000,0.000,0.000,0.013,0.000,0.000,0.006,0.006
27.7061,277,0,move,-1,27.7061,27.7200,0,0.000,-0.088,0.176,-0.176,-0.088,0.088,-0.264,-0.088,0.176,0.000,-0.176,-0.088,-0.088,-50.713,34.541,0.000,0.439,0.176,0.000,0.000,0.000,0.000,0.000,0.000,0.000,0.000,0.000,0.000,0.000,0.000,0.000,-51.141,34.556,0.000,0.000,0.000,0.019,4.8,11.30,28.0,0.000,0.000,0.000,0.006,0.000,0.000,0.006,0.000,0.000,0.000,0.006,0.000,0.000,0.019,0.000,0.000,0.013,0.000
27.8053,278,0,move,-1,27.8053,27.8163,0,0.000,-0.088,0.176,-0.176,-0.088,0.088,-0.264,-0.088,0.176,0.000,-0.176,-0.088,-0.088,-50.713,34.541,0.000,0.439,0.176,0.000,0.000,0.000,0.000,0.000,0.000,0.000,0.000,0.000,0.000,0.000,0.000,0.000,-51.141,34.556,0.000,0.000,0.000,0.019,4.8,11.30,28.0,0.000,0.000,0.000,0.006,0.000,0.000,0.006,0.000,0.000,0.000,0.006,0.000,0.000,0.019,0.000,0.000,0.013,0.000
27.9053,279,0,move,-1,27.9053,27.9166,0,0.000,-0.088,0.176,-0.176,-0.088,0.088,-0.264,-0.088,0.176,0.000,-0.176,-0.088,-0.088,-50.713,34.541,0.000,0.439,0.176,0.000,0.000,0.000,0.000,0.000,0.000,0.000,0.000,0.000,0.000,0.000,0.000,0.000,-51.141,34.556,0.000,0.000,0.000,0.019,4.8,11.30,28.0,0.000,0.000,0.000,0.000,0.000,0.000,0.000,0.000,0.006,0.000,0.006,0.000,0.000,0.019,0.000,0.000,0.006,0.000
28.0055,280,0,move,-1,28.0055,28.0176,0,0.000,-0.088,0.176,-0.176,-0.088,0.088,-0.264,-0.088,0.176,0.000,-0.176,-0.088,-0.088,-50.801,34.541,0.000,0.439,0.176,0.000,0.000,0.000,0.000,0.000,0.000,0.000,0.000,0.000,0.000,0.000,0.000,0.000,-51.141,34.556,0.000,0.000,0.000,0.013,4.0,11.30,28.0,0.000,0.000,0.000,0.006,0.000,0.000,0.000,0.000,0.000,0.000,0.006,0.000,0.000,0.013,0.000,0.000,0.006,0.006
28.1053,281,0,move,-1,28.1053,28.1148,0,0.000,-0.088,0.176,-0.176,-0.088,0.088,-0.264,-0.088,0.176,0.000,-0.176,-0.088,-0.088,-50.801,34.541,0.000,0.439,0.176,0.000,0.000,0.000,0.000,0.000,0.000,0.000,0.000,0.000,0.000,0.000,0.000,0.000,-51.141,34.556,0.000,0.000,0.000,0.013,4.0,11.30,28.0,0.000,0.000,0.000,0.006,0.000,0.000,0.000,0.000,0.000,0.000,0.006,0.000,0.000,0.013,0.000,0.000,0.006,0.006
28.2054,282,0,move,-1,28.2054,28.2163,0,0.000,-0.088,0.176,-0.176,-0.088,0.088,-0.264,-0.088,0.176,0.000,-0.176,-0.088,-0.088,-50.801,34.541,0.000,0.439,0.176,0.000,0.000,0.000,0.000,0.000,0.000,0.000,0.000,0.000,0.000,0.000,0.000,0.000,-51.141,34.556,0.000,0.000,0.000,0.013,4.0,11.30,28.0,0.000,0.000,0.006,0.006,0.000,0.000,0.006,0.000,0.000,0.000,0.000,0.000,0.000,0.013,0.000,0.000,0.006,0.000
28.3053,283,0,move,-1,28.3053,28.3175,0,0.000,-0.088,0.176,-0.176,-0.088,0.088,-0.264,-0.088,0.176,0.000,-0.176,-0.088,-0.088,-50.801,34.541,0.000,0.439,0.176,0.000,0.000,0.000,0.000,0.000,0.000,0.000,0.000,0.000,0.000,0.000,0.000,0.000,-51.141,34.556,0.000,0.000,0.000,0.013,4.0,11.30,28.0,0.000,0.000,0.006,0.000,0.000,0.000,0.006,0.000,0.000,0.000,0.000,0.000,0.000,0.013,0.000,0.000,0.006,0.000
28.4053,284,0,move,-1,28.4053,28.4111,0,0.000,-0.088,0.176,-0.176,-0.088,0.088,-0.264,-0.088,0.176,0.000,-0.176,-0.088,-0.088,-50.801,34.541,0.000,0.439,0.176,0.000,0.000,0.000,0.000,0.000,0.000,0.000,0.000,0.000,0.000,0.000,0.000,0.000,-51.141,34.556,0.000,0.000,0.000,0.013,4.0,11.30,28.0,0.000,0.000,0.006,0.000,0.000,0.000,0.006,0.000,0.000,0.000,0.000,0.000,0.000,0.013,0.000,0.000,0.006,0.000
28.5053,285,0,move,-1,28.5053,28.5161,0,0.000,-0.088,0.176,-0.176,-0.088,0.088,-0.264,-0.088,0.176,0.000,-0.176,-0.088,-0.088,-50.801,34.541,0.000,0.439,0.176,0.000,0.000,0.000,0.000,0.000,0.000,0.000,0.000,0.000,0.000,0.000,0.000,0.000,-51.141,34.556,0.000,0.000,0.000,0.013,4.0,11.30,28.0,0.000,0.000,0.000,0.006,0.000,0.000,0.006,0.000,0.000,0.000,0.000,0.000,0.000,0.013,0.000,0.000,0.013,0.000
28.6055,286,0,move,-1,28.6055,28.6165,0,0.000,-0.088,0.176,-0.176,-0.088,0.088,-0.264,-0.088,0.176,0.000,-0.176,-0.088,-0.088,-50.801,34.541,0.000,0.439,0.176,0.000,0.000,0.000,0.000,0.000,0.000,0.000,0.000,0.000,0.000,0.000,0.000,0.000,-51.141,34.556,0.000,0.000,0.000,0.013,4.0,11.30,28.0,0.000,0.000,0.000,0.000,0.000,0.000,0.000,0.000,0.000,0.000,0.006,0.000,0.000,0.013,0.000,0.000,0.006,0.000
28.7053,287,0,move,-1,28.7053,28.7183,0,0.000,-0.088,0.176,-0.176,-0.088,0.088,-0.264,-0.088,0.176,0.000,-0.176,-0.088,-0.088,-50.801,34.541,0.000,0.439,0.176,0.000,0.000,0.000,0.000,0.000,0.000,0.000,0.000,0.000,0.000,0.000,0.000,0.000,-51.141,34.556,0.000,0.000,0.000,0.013,4.0,11.30,28.0,0.000,0.000,0.000,0.006,0.000,0.000,0.006,0.000,0.000,0.000,0.000,0.000,0.000,0.013,0.000,0.000,0.006,0.006
28.8054,288,0,move,-1,28.8054,28.8177,0,0.000,-0.088,0.176,-0.176,-0.088,0.088,-0.264,-0.088,0.176,0.000,-0.176,-0.088,-0.088,-50.801,34.541,0.000,0.439,0.176,0.000,0.000,0.000,0.000,0.000,0.000,0.000,0.000,0.000,0.000,0.000,0.000,0.000,-51.141,34.556,0.000,0.000,0.000,0.013,4.0,11.30,28.0,0.000,0.000,0.000,0.006,0.000,0.000,0.006,0.000,0.000,0.000,0.000,0.000,0.000,0.013,0.000,0.000,0.006,0.006
28.9054,289,0,move,-1,28.9054,28.9152,0,0.000,-0.088,0.176,-0.176,-0.088,0.088,-0.264,-0.088,0.176,0.000,-0.176,-0.088,-0.088,-50.801,34.541,0.000,0.439,0.176,0.000,0.000,0.000,0.000,0.000,0.000,0.000,0.000,0.000,0.000,0.000,0.000,0.000,-51.141,34.556,0.000,0.000,0.000,0.013,4.0,11.40,28.0,0.000,0.000,0.000,0.006,0.000,0.000,0.006,0.000,0.006,0.000,0.000,0.000,0.000,0.013,0.000,0.000,0.006,0.006
29.0053,290,0,move,-1,29.0053,29.0154,0,0.000,-0.088,0.176,-0.176,-0.088,0.088,-0.264,-0.088,0.176,0.000,-0.176,-0.088,-0.088,-50.801,34.541,0.000,0.439,0.176,0.000,0.000,0.000,0.000,0.000,0.000,0.000,0.000,0.000,0.000,0.000,0.000,0.000,-51.141,34.556,0.000,0.000,0.000,0.013,4.0,11.30,28.0,,0.000,0.000,0.000,0.000,0.000,0.006,0.000,0.000,0.000,0.000,0.000,0.000,0.013,0.000,0.000,0.006,0.006
29.1108,291,0,move,-1,29.1108,29.1578,0,0.000,-0.088,0.176,-0.176,-0.088,0.088,-0.264,-0.088,0.176,0.000,-0.176,-0.088,-0.088,-50.801,34.541,0.000,0.439,0.176,0.000,0.000,0.000,0.000,0.000,0.000,0.000,0.000,0.000,0.000,0.000,0.000,0.000,-51.141,34.556,0.000,0.000,0.000,0.019,4.0,11.30,28.0,0.000,0.000,0.000,0.006,0.000,0.000,0.006,0.000,0.000,0.000,0.000,0.000,0.000,0.019,0.000,0.000,0.006,0.000
29.2053,292,0,move,-1,29.2053,29.2204,0,0.000,-0.088,0.176,-0.176,-0.088,0.088,-0.264,-0.088,0.176,0.000,-0.176,-0.088,-0.088,-50.801,34.541,0.000,0.439,0.176,0.000,0.000,0.000,0.000,0.000,0.000,0.000,0.000,0.000,0.000,0.000,0.000,0.000,-51.141,34.556,0.000,0.000,0.000,0.019,4.0,11.30,28.0,0.000,0.000,0.000,0.006,0.000,0.000,0.006,0.000,0.000,0.000,0.000,0.000,0.000,0.019,0.000,0.000,0.006,0.000
29.3053,293,0,move,-1,29.3053,29.3107,0,0.000,-0.088,0.176,-0.176,-0.088,0.088,-0.264,-0.088,0.176,0.000,-0.176,-0.088,-0.088,-50.801,34.541,0.000,0.439,0.176,0.000,0.000,0.000,0.000,0.000,0.000,0.000,0.000,0.000,0.000,0.000,0.000,0.000,-51.141,34.556,0.000,0.000,0.000,0.013,4.0,11.30,28.0,0.000,0.000,0.000,0.006,0.000,0.000,0.006,0.000,0.000,0.000,0.000,0.000,0.000,0.013,0.000,0.000,0.006,0.006
29.4053,294,0,move,-1,29.4053,29.4118,0,0.000,-0.088,0.176,-0.176,-0.088,0.088,-0.264,-0.088,0.176,0.000,-0.176,-0.088,-0.088,-50.801,34.541,0.000,0.439,0.176,0.000,0.000,0.000,0.000,0.000,0.000,0.000,0.000,0.000,0.000,0.000,0.000,0.000,-51.141,34.556,0.000,0.000,0.000,0.013,4.0,11.30,28.0,0.000,0.000,0.000,0.000,0.000,0.000,0.006,0.000,0.006,0.000,0.000,0.000,0.000,0.013,0.000,0.000,0.006,0.006
29.5054,295,0,move,-1,29.5054,29.5181,0,0.000,-0.088,0.176,-0.176,-0.088,0.088,-0.264,-0.088,0.176,0.000,-0.176,-0.088,-0.088,-50.801,34.541,0.000,0.439,0.176,0.000,0.000,0.000,0.000,0.000,0.000,0.000,0.000,0.000,0.000,0.000,0.000,0.000,-51.141,34.556,0.000,0.000,0.000,0.013,4.0,11.30,28.0,0.000,0.000,0.000,0.000,0.000,0.000,0.000,0.000,0.000,0.000,0.000,0.000,0.000,0.013,0.000,0.000,0.006,0.000
29.6053,296,0,move,-1,29.6053,29.6200,0,0.000,-0.088,0.176,-0.176,-0.088,0.088,-0.264,-0.088,0.176,0.000,-0.176,-0.088,-0.088,-50.801,34.541,0.000,0.439,0.176,0.000,0.000,0.000,0.000,0.000,0.000,0.000,0.000,0.000,0.000,0.000,0.000,0.000,-51.141,34.556,0.000,0.000,0.000,0.013,4.0,11.30,28.0,0.000,0.000,0.000,0.000,0.000,0.000,0.000,0.000,0.006,0.000,0.006,0.000,0.000,0.013,0.000,0.000,0.006,0.006
29.7053,297,0,move,-1,29.7053,29.7186,0,0.000,-0.088,0.176,-0.176,-0.088,0.088,-0.264,-0.088,0.176,0.000,-0.176,-0.088,-0.088,-50.801,34.541,0.000,0.439,0.176,0.000,0.000,0.000,0.000,0.000,0.000,0.000,0.000,0.000,0.000,0.000,0.000,0.000,-51.141,34.556,0.000,0.000,0.000,0.013,4.0,11.30,28.0,0.000,0.000,0.000,0.000,0.000,0.000,0.000,0.000,0.006,0.000,0.006,0.000,0.000,0.013,0.000,0.000,0.006,0.006
29.8053,298,0,move,-1,29.8053,29.8171,0,0.000,-0.088,0.176,-0.176,-0.088,0.088,-0.264,-0.088,0.176,0.000,-0.176,-0.088,-0.088,-50.801,34.541,0.000,0.439,0.176,0.000,0.000,0.000,0.000,0.000,0.000,0.000,0.000,0.000,0.000,0.000,0.000,0.000,-51.141,34.556,0.000,0.000,0.000,0.013,4.0,11.30,28.0,0.000,0.000,0.000,0.000,0.000,0.000,0.006,0.000,0.000,0.000,0.000,0.000,0.000,0.013,0.000,0.006,0.013,0.000
29.9053,299,0,move,-1,29.9053,29.9195,0,0.000,-0.088,0.176,-0.176,-0.088,0.088,-0.264,-0.088,0.176,0.000,-0.176,-0.088,-0.088,-50.801,34.541,0.000,0.439,0.176,0.000,0.000,0.000,0.000,0.000,0.000,0.000,0.000,0.000,0.000,0.000,0.000,0.000,-51.141,34.556,0.000,0.000,0.000,0.013,4.0,11.30,28.0,0.000,0.000,0.006,0.000,0.000,0.000,0.006,0.000,0.006,0.000,0.006,0.000,0.000,0.013,0.000,0.000,0.006,0.006
30.0055,300,0,move,-1,30.0055,30.0163,0,0.000,-0.088,0.176,-0.176,-0.088,0.088,-0.264,-0.088,0.176,0.000,-0.176,-0.088,-0.088,-50.801,34.541,0.000,0.439,0.176,0.000,0.000,0.000,0.000,0.000,0.000,0.000,0.000,0.000,0.000,0.000,0.000,0.000,-51.045,34.512,0.000,0.000,0.000,0.013,4.0,11.30,28.0,0.000,0.000,0.006,0.000,0.000,0.000,0.006,0.000,0.006,0.000,0.006,0.000,0.000,0.013,0.000,0.000,0.006,0.006
30.1055,301,0,move,-1,30.1055,30.1169,0,0.000,-0.088,0.176,-0.176,-0.088,0.088,-0.264,-0.088,0.176,0.000,-0.176,-0.088,-0.088,-50.801,34.541,0.000,0.439,0.176,0.000,0.000,0.000,0.000,0.000,0.000,0.000,0.000,0.000,0.000,0.000,0.000,0.000,-50.765,34.384,0.000,0.000,0.000,0.013,4.0,11.30,28.0,0.000,0.000,0.006,0.006,0.000,0.000,0.006,0.000,0.000,0.000,0.000,0.000,0.000,0.013,0.000,0.000,0.013,0.000
30.2055,302,0,move,-1,30.2055,30.2159,0,0.000,-0.088,0.176,-0.176,-0.088,0.088,-0.264,-0.088,0.176,0.000,-0.176,-0.088,-0.088,-50.625,34.541,0.000,0.439,0.176,0.000,0.000,0.000,0.000,0.000,0.000,0.000,0.000,0.000,0.000,0.000,0.000,0.000,-50.327,34.182,0.000,0.000,0.000,0.013,4.0,11.30,28.0,0.000,0.000,0.006,0.006,0.000,0.000,0.006,0.000,0.000,0.000,0.000,0.000,0.000,0.013,0.000,0.000,0.013,0.000
30.3055,303,0,move,-1,30.3055,30.3163,0,0.000,-0.088,0.176,-0.176,-0.088,0.088,-0.264,-0.088,0.176,0.000,-0.176,-0.088,-0.088,-50.537,34.277,0.000,0.439,0.176,0.000,0.000,0.000,0.000,0.000,0.000,0.000,0.000,0.000,0.000,0.000,0.000,0.000,-49.772,33.924,0.000,0.000,0.000,0.013,3.6,11.30,29.0,0.000,0.000,0.000,0.000,0.000,0.000,0.006,0.000,0.000,0.000,0.000,0.000,0.000,0.000,0.013,0.000,0.006,0.006
30.4053,304,0,move,-1,30.4053,30.4167,0,0.000,-0.088,0.176,-0.176,-0.088,0.088,-0.264,-0.088,0.176,0.000,-0.176,-0.088,-0.088,-50.010,33.926,0.000,0.439,0.176,0.000,0.000,0.000,0.000,0.000,0.000,0.000,0.000,0.000,0.000,0.000,0.000,0.000,-49.154,33.634,0.000,0.000,0.000,0.013,3.6,11.30,29.0,0.000,0.000,0.000,0.006,0.000,0.000,0.006,0.000,0.000,0.000,0.000,0.000,0.000,0.006,0.013,0.000,0.006,0.006
30.5072,305,0,move,-1,30.5072,30.5298,0,0.000,-0.088,0.176,-0.176,-0.088,0.088,-0.264,-0.088,0.176,0.000,-0.176,-0.088,-0.088,-49.395,33.838,0.000,0.439,0.176,0.000,0.000,0.000,0.000,0.000,0.000,0.000,0.000,0.000,0.000,0.000,0.000,0.000,-48.535,33.340,0.000,0.000,0.000,0.013,5.2,11.30,28.0,0.000,0.000,0.000,0.000,0.000,0.000,0.006,0.000,0.000,0.000,0.000,0.000,0.000,0.013,0.006,0.000,0.013,0.006
30.6167,306,0,move,-1,30.6167,30.6322,0,0.000,-0.088,0.176,-0.176,-0.088,0.088,-0.264,-0.088,0.176,0.000,-0.176,-0.088,-0.088,-48.779,33.311,0.000,0.439,0.176,0.000,0.000,0.000,0.000,0.000,0.000,0.000,0.000,0.000,0.000,0.000,0.000,0.000,-47.971,33.071,0.000,0.000,0.000,0.019,5.2,11.30,29.0,0.000,0.000,0.000,0.000,0.000,0.000,0.000,0.000,0.000,0.000,0.000,0.000,0.000,0.013,0.019,0.000,0.013,0.006
30.7055,307,0,move,-1,30.7055,30.7190,0,0.000,-0.088,0.176,-0.176,-0.088,0.088,-0.264,-0.088,0.176,0.000,-0.176,-0.088,-0.088,-48.252,33.311,0.000,0.439,0.176,0.000,0.000,0.000,0.000,0.000,0.000,0.000,0.000,0.000,0.000,0.000,0.000,0.000,-47.522,32.856,0.000,0.000,0.000,0.019,5.2,11.30,29.0,0.000,0.000,0.000,0.000,0.000,0.000,0.000,0.000,0.000,0.000,0.000,0.000,0.000,0.013,0.019,0.000,0.013,0.006
30.8131,308,0,move,-1,30.8131,30.8224,0,0.000,-0.088,0.176,-0.176,-0.088,0.088,-0.264,-0.088,0.176,0.000,-0.176,-0.088,-0.088,-47.725,32.959,0.000,0.439,0.176,0.000,0.000,0.000,0.000,0.000,0.000,0.000,0.000,0.000,0.000,0.000,0.000,0.000,-47.233,32.716,0.000,0.000,0.000,0.013,3.6,11.30,28.0,0.000,0.000,0.000,0.006,0.000,0.000,0.006,0.000,0.000,0.000,0.000,0.000,0.000,0.013,0.000,0.000,0.006,0.000
30.9053,309,0,move,-1,30.9053,30.9116,0,0.000,-0.088,0.176,-0.176,-0.088,0.088,-0.264,-0.088,0.176,0.000,-0.176,-0.088,-0.088,-47.373,32.695,0.000,0.439,0.176,0.000,0.000,0.000,0.000,0.000,0.000,0.000,0.000,0.000,0.000,0.000,0.000,0.000,-47.133,32.667,0.000,0.000,0.000,0.013,3.6,11.30,28.0,0.000,0.000,0.000,0.006,0.000,0.000,0.006,0.000,0.000,0.000,0.000,0.000,0.000,0.013,0.000,0.000,0.006,0.000
31.0053,310,0,move,-1,31.0053,31.0185,0,0.000,-0.088,0.176,-0.176,-0.088,0.088,-0.264,-0.088,0.176,0.000,-0.176,-0.088,-0.088,-47.197,32.607,0.000,0.439,0.176,0.000,0.000,0.000,0.000,0.000,0.000,0.000,0.000,0.000,0.000,0.000,0.000,0.000,-47.133,32.667,0.000,0.000,0.000,0.006,3.2,11.30,32.0,0.000,0.000,0.000,0.000,0.000,0.000,0.006,0.000,0.000,0.000,0.000,0.000,0.000,0.006,0.000,0.000,0.006,0.006
31.1053,311,0,move,-1,31.1053,31.1169,0,0.000,-0.088,0.176,-0.176,-0.088,0.088,-0.264,-0.088,0.176,0.000,-0.176,-0.088,-0.088,-47.197,32.607,0.000,0.439,0.176,0.000,0.000,0.000,0.000,0.000,0.000,0.000,0.000,0.000,0.000,0.000,0.000,0.000,-47.133,32.667,0.000,0.000,0.000,0.006,3.2,11.30,32.0,0.000,0.000,0.000,0.000,0.000,0.000,0.006,0.000,0.000,0.000,0.000,0.000,0.000,0.006,0.000,0.000,0.006,0.006
31.2053,312,0,move,-1,31.2053,31.2174,0,0.000,-0.088,0.176,-0.176,-0.088,0.088,-0.264,-0.088,0.176,0.000,-0.176,-0.088,-0.088,-47.197,32.607,0.000,0.439,0.176,0.000,0.000,0.000,0.000,0.000,0.000,0.000,0.000,0.000,0.000,0.000,0.000,0.000,-47.133,32.667,0.000,0.000,0.000,0.006,3.2,11.30,32.0,0.000,0.000,0.000,0.000,0.000,0.000,0.006,0.000,0.006,0.000,0.000,0.000,0.000,0.000,0.000,0.000,0.006,0.000
31.3059,313,0,move,-1,31.3059,31.3253,0,0.000,-0.088,0.176,-0.176,-0.088,0.088,-0.264,-0.088,0.176,0.000,-0.176,-0.088,-0.088,-47.197,32.607,0.000,0.439,0.176,0.000,0.000,0.000,0.000,0.000,0.000,0.000,0.000,0.000,0.000,0.000,0.000,0.000,-47.133,32.667,0.000,0.000,0.000,0.013,4.8,11.30,31.0,0.000,0.000,0.006,0.000,0.000,0.000,0.006,0.000,0.000,0.000,0.006,0.000,0.000,0.000,0.000,0.000,0.013,0.000
31.4053,314,0,move,-1,31.4053,31.4178,0,0.000,-0.088,0.176,-0.176,-0.088,0.088,-0.264,-0.088,0.176,0.000,-0.176,-0.088,-0.088,-47.197,32.607,0.000,0.439,0.176,0.000,0.000,0.000,0.000,0.000,0.000,0.000,0.000,0.000,0.000,0.000,0.000,0.000,-47.133,32.667,0.000,0.000,0.000,0.013,4.8,11.30,31.0,0.000,0.000,0.006,0.000,0.000,0.000,0.006,0.000,0.000,0.000,0.006,0.000,0.000,0.000,0.000,0.000,0.013,0.000
31.5053,315,0,move,-1,31.5053,31.5197,0,0.000,-0.088,0.176,-0.176,-0.088,0.088,-0.264,-0.088,0.176,0.000,-0.176,-0.088,-0.088,-47.197,32.607,0.000,0.439,0.176,0.000,0.000,0.000,0.000,0.000,0.000,0.000,0.000,0.000,0.000,0.000,0.000,0.000,-47.133,32.667,0.000,0.000,0.000,0.006,2.4,11.30,32.0,0.000,0.000,0.006,0.000,0.000,0.000,0.000,0.000,0.006,0.000,0.000,0.000,0.000,0.000,0.000,0.000,0.006,0.000
31.6055,316,0,move,-1,31.6055,31.6174,0,0.000,-0.088,0.176,-0.176,-0.088,0.088,-0.264,-0.088,0.176,0.000,-0.176,-0.088,-0.088,-47.197,32.607,0.000,0.439,0.176,0.000,0.000,0.000,0.000,0.000,0.000,0.000,0.000,0.000,0.000,0.000,0.000,0.000,-47.133,32.667,0.000,0.000,0.000,0.006,2.4,11.30,32.0,0.000,0.000,0.006,0.000,0.000,0.000,0.000,0.000,0.006,0.000,0.000,0.000,0.000,0.000,0.000,0.000,0.006,0.000
31.7055,317,0,move,-1,31.7055,31.7165,0,0.000,-0.088,0.176,-0.176,-0.088,0.088,-0.264,-0.088,0.176,0.000,-0.176,-0.088,-0.088,-47.197,32.607,0.000,0.439,0.176,0.000,0.000,0.000,0.000,0.000,0.000,0.000,0.000,0.000,0.000,0.000,0.000,0.000,-47.133,32.667,0.000,0.000,0.000,0.013,4.8,11.30,31.0,0.000,0.000,0.000,0.000,0.000,0.000,0.006,0.000,0.000,0.000,0.006,0.000,0.000,0.000,0.000,0.000,0.013,0.006
31.8053,318,0,move,-1,31.8053,31.8155,0,0.000,-0.088,0.176,-0.176,-0.088,0.088,-0.264,-0.088,0.176,0.000,-0.176,-0.088,-0.088,-47.197,32.607,0.000,0.439,0.176,0.000,0.000,0.000,0.000,0.000,0.000,0.000,0.000,0.000,0.000,0.000,0.000,0.000,-47.133,32.667,0.000,0.000,0.000,0.013,4.8,11.30,31.0,0.000,0.000,0.000,0.000,0.000,0.000,0.006,0.000,0.000,0.000,0.006,0.000,0.000,0.000,0.000,0.000,0.013,0.006
31.9054,319,0,move,-1,31.9054,31.9168,0,0.000,-0.088,0.176,-0.176,-0.088,0.088,-0.264,-0.088,0.176,0.000,-0.176,-0.088,-0.088,-47.197,32.607,0.000,0.439,0.176,0.000,0.000,0.000,0.000,0.000,0.000,0.000,0.000,0.000,0.000,0.000,0.000,0.000,-47.133,32.667,0.000,0.000,0.000,0.006,4.8,11.30,31.0,0.000,0.000,0.000,0.000,0.000,0.000,0.000,0.000,0.000,0.000,0.000,0.000,0.000,0.000,0.000,0.000,0.006,0.000
32.0053,320,0,move,-1,32.0053,32.0163,0,0.000,-0.088,0.176,-0.176,-0.088,0.088,-0.264,-0.088,0.176,0.000,-0.176,-0.088,-0.088,-47.197,32.607,0.000,0.439,0.176,0.000,0.000,0.000,0.000,0.000,0.000,0.000,0.000,0.000,0.000,0.000,0.000,0.000,-47.133,32.667,0.000,0.000,0.000,0.006,4.8,11.30,31.0,0.000,0.000,0.000,0.000,0.000,0.000,0.000,0.000,0.000,0.000,0.000,0.000,0.000,0.000,0.000,0.000,0.006,0.000
32.1055,321,0,move,-1,32.1055,32.1171,0,0.000,-0.088,0.176,-0.176,-0.088,0.088,-0.264,-0.088,0.176,0.000,-0.176,-0.088,-0.088,-47.197,32.607,0.000,0.439,0.176,0.000,0.000,0.000,0.000,0.000,0.000,0.000,0.000,0.000,0.000,0.000,0.000,0.000,-47.133,32.667,0.000,0.000,0.000,0.006,2.4,11.30,32.0,0.000,0.000,0.006,0.006,0.000,0.000,0.006,0.000,0.000,0.000,0.000,0.000,0.000,0.000,0.000,0.000,0.006,0.000
32.2055,322,0,move,-1,32.2055,32.2160,0,0.000,-0.088,0.176,-0.176,-0.088,0.088,-0.264,-0.088,0.176,0.000,-0.176,-0.088,-0.088,-47.197,32.607,0.000,0.439,0.176,0.000,0.000,0.000,0.000,0.000,0.000,0.000,0.000,0.000,0.000,0.000,0.000,0.000,-47.133,32.667,0.000,0.000,0.000,0.006,2.4,11.30,32.0,0.000,0.000,0.006,0.006,0.000,0.000,0.006,0.000,0.000,0.000,0.000,0.000,0.000,0.000,0.000,0.000,0.006,0.000
32.3053,323,0,move,-1,32.3053,32.3193,0,0.000,-0.088,0.176,-0.176,-0.088,0.088,-0.264,-0.088,0.176,0.000,-0.176,-0.088,-0.088,-47.197,32.607,0.000,0.439,0.176,0.000,0.000,0.000,0.000,0.000,0.000,0.000,0.000,0.000,0.000,0.000,0.000,0.000,-47.133,32.667,0.000,0.000,0.000,0.013,4.8,11.30,31.0,0.000,0.000,0.006,0.000,0.000,0.000,0.006,0.000,0.000,0.000,0.000,0.000,0.000,0.000,0.000,0.000,0.013,0.000
32.4054,324,0,move,-1,32.4054,32.4162,0,0.000,-0.088,0.176,-0.176,-0.088,0.088,-0.264,-0.088,0.176,0.000,-0.176,-0.088,-0.088,-47.197,32.607,0.000,0.439,0.176,0.000,0.000,0.000,0.000,0.000,0.000,0.000,0.000,0.000,0.000,0.000,0.000,0.000,-47.133,32.667,0.000,0.000,0.000,0.013,4.8,11.30,31.0,0.000,0.000,0.006,0.000,0.000,0.000,0.006,0.000,0.000,0.000,0.000,0.000,0.000,0.000,0.000,0.000,0.013,0.000
32.5053,325,0,move,-1,32.5053,32.5169,0,0.000,-0.088,0.176,-0.176,-0.088,0.088,-0.264,-0.088,0.176,0.000,-0.176,-0.088,-0.088,-47.197,32.607,0.000,0.439,0.176,0.000,0.000,0.000,0.000,0.000,0.000,0.000,0.000,0.000,0.000,0.000,0.000,0.000,-47.133,32.667,0.000,0.000,0.000,0.006,3.2,11.30,32.0,0.000,0.000,0.000,0.000,0.000,0.000,0.006,0.000,0.000,0.000,0.000,0.000,0.000,0.000,0.000,0.000,0.006,0.006
32.6053,326,0,move,-1,32.6053,32.6174,0,0.000,-0.088,0.176,-0.176,-0.088,0.088,-0.264,-0.088,0.176,0.000,-0.176,-0.088,-0.088,-47.197,32.607,0.000,0.439,0.176,0.000,0.000,0.000,0.000,0.000,0.000,0.000,0.000,0.000,0.000,0.000,0.000,0.000,-47.133,32.667,0.000,0.000,0.000,0.013,4.8,11.30,31.0,0.000,0.000,0.000,0.006,0.000,0.000,0.006,0.000,0.000,0.000,0.000,0.000,0.000,0.000,0.000,0.000,0.013,0.000
32.7060,327,0,move,-1,32.7060,32.7116,0,0.000,-0.088,0.176,-0.176,-0.088,0.088,-0.264,-0.088,0.176,0.000,-0.176,-0.088,-0.088,-47.197,32.607,0.000,0.439,0.176,0.000,0.000,0.000,0.000,0.000,0.000,0.000,0.000,0.000,0.000,0.000,0.000,0.000,-47.133,32.667,0.000,0.000,0.000,0.013,4.8,11.30,31.0,0.000,0.000,0.000,0.006,0.000,0.000,0.006,0.000,0.000,0.000,0.000,0.000,0.000,0.000,0.000,0.000,0.013,0.000
32.8205,328,0,move,-1,32.8205,32.8304,0,0.000,-0.088,0.176,-0.176,-0.088,0.088,-0.264,-0.088,0.176,0.000,-0.176,-0.088,-0.088,-47.197,32.607,0.000,0.439,0.176,0.000,0.000,0.000,0.000,0.000,0.000,0.000,0.000,0.000,0.000,0.000,0.000,0.000,-47.133,32.667,0.000,0.000,0.000,0.006,2.4,11.30,32.0,0.000,0.000,0.006,0.006,0.000,0.000,0.000,0.000,0.000,0.000,0.000,0.000,0.000,0.006,0.000,0.000,0.006,0.006
32.9055,329,0,move,-1,32.9055,32.9170,0,0.000,-0.088,0.176,-0.176,-0.088,0.088,-0.264,-0.088,0.176,0.000,-0.176,-0.088,-0.088,-47.197,32.607,0.000,0.439,0.176,0.000,0.000,0.000,0.000,0.000,0.000,0.000,0.000,0.000,0.000,0.000,0.000,0.000,-47.133,32.667,0.000,0.000,0.000,0.006,2.4,11.30,32.0,0.000,0.000,0.006,0.006,0.000,0.000,0.000,0.000,0.000,0.000,0.000,0.000,0.000,0.006,0.000,0.000,0.006,0.006
33.0055,330,0,move,-1,33.0055,33.0130,0,0.000,-0.088,0.176,-0.176,-0.088,0.088,-0.264,-0.088,0.176,0.000,-0.176,-0.088,-0.088,-47.197,32.607,0.000,0.439,0.176,0.000,0.000,0.000,0.000,0.000,0.000,0.000,0.000,0.000,0.000,0.000,0.000,0.000,-47.133,32.667,0.000,0.000,0.000,0.013,4.8,11.30,31.0,0.000,0.000,0.000,0.000,0.000,0.000,0.006,0.000,0.000,0.000,0.000,0.000,0.000,0.000,0.000,0.000,0.013,0.000
33.1170,331,0,move,-1,33.1170,33.1539,0,0.000,-0.088,0.176,-0.176,-0.088,0.088,-0.264,-0.088,0.176,0.000,-0.176,-0.088,-0.088,-47.197,32.607,0.000,0.439,0.176,0.000,0.000,0.000,0.000,0.000,0.000,0.000,0.000,0.000,0.000,0.000,0.000,0.000,-47.133,32.667,0.000,0.000,0.000,0.006,2.4,11.30,32.0,0.000,0.000,0.000,0.006,0.000,0.000,0.006,0.000,0.006,0.000,0.006,0.000,0.000,0.000,0.000,0.000,0.006,0.000
33.2055,332,0,move,-1,33.2055,33.2154,0,0.000,-0.088,0.176,-0.176,-0.088,0.088,-0.264,-0.088,0.176,0.000,-0.176,-0.088,-0.088,-47.197,32.607,0.000,0.439,0.176,0.000,0.000,0.000,0.000,0.000,0.000,0.000,0.000,0.000,0.000,0.000,0.000,0.000,-47.133,32.667,0.000,0.000,0.000,0.006,2.4,11.30,32.0,0.000,0.000,0.000,0.006,0.000,0.000,0.006,0.000,0.006,0.000,0.006,0.000,0.000,0.000,0.000,0.000,0.006,0.000
33.3071,333,0,move,-1,33.3071,33.3413,0,0.000,-0.088,0.176,-0.176,-0.088,0.088,-0.264,-0.088,0.176,0.000,-0.176,-0.088,-0.088,-47.197,32.607,0.000,0.439,0.176,0.000,0.000,0.000,0.000,0.000,0.000,0.000,0.000,0.000,0.000,0.000,0.000,0.000,-47.133,32.667,0.000,0.000,0.000,0.006,3.2,11.30,32.0,0.000,0.000,0.000,0.000,0.000,0.000,0.006,0.000,0.000,0.000,0.000,0.000,0.000,0.000,0.000,0.000,0.006,0.006
33.4053,334,0,move,-1,33.4053,33.4157,0,0.000,-0.088,0.176,-0.176,-0.088,0.088,-0.264,-0.088,0.176,0.000,-0.176,-0.088,-0.088,-47.197,32.607,0.000,0.439,0.176,0.000,0.000,0.000,0.000,0.000,0.000,0.000,0.000,0.000,0.000,0.000,0.000,0.000,-47.133,32.667,0.000,0.000,0.000,0.006,3.2,11.30,32.0,0.000,0.000,0.000,0.000,0.000,0.000,0.006,0.000,0.000,0.000,0.000,0.000,0.000,0.000,0.000,0.000,0.006,0.006
33.5055,335,0,move,-1,33.5055,33.5167,0,0.000,-0.088,0.176,-0.176,-0.088,0.088,-0.264,-0.088,0.176,0.000,-0.176,-0.088,-0.088,-47.197,32.607,0.000,0.439,0.176,0.000,0.000,0.000,0.000,0.000,0.000,0.000,0.000,0.000,0.000,0.000,0.000,0.000,-47.133,32.667,0.000,0.000,0.000,0.006,2.4,11.30,32.0,0.000,0.000,0.000,0.006,0.000,0.000,0.006,0.000,0.006,0.000,0.000,0.000,0.000,0.000,0.000,0.000,0.006,0.000
33.6055,336,0,move,-1,33.6055,33.6155,0,0.000,-0.088,0.176,-0.176,-0.088,0.088,-0.264,-0.088,0.176,0.000,-0.176,-0.088,-0.088,-47.197,32.607,0.000,0.439,0.176,0.000,0.000,0.000,0.000,0.000,0.000,0.000,0.000,0.000,0.000,0.000,0.000,0.000,-47.133,32.667,0.000,0.000,0.000,0.006,2.4,11.30,32.0,0.000,0.000,0.000,0.006,0.000,0.000,0.006,0.000,0.006,0.000,0.000,0.000,0.000,0.000,0.000,0.000,0.006,0.000
33.7055,337,0,move,-1,33.7055,33.7191,0,0.000,-0.088,0.176,-0.176,-0.088,0.088,-0.264,-0.088,0.176,0.000,-0.176,-0.088,-0.088,-47.197,32.607,0.000,0.439,0.176,0.000,0.000,0.000,0.000,0.000,0.000,0.000,0.000,0.000,0.000,0.000,0.000,0.000,-47.133,32.667,0.000,0.000,0.000,0.013,4.8,11.30,31.0,0.000,0.000,0.000,0.000,0.000,0.000,0.000,0.000,0.000,0.000,0.000,0.000,0.000,0.000,0.000,0.000,0.013,0.000
33.8053,338,0,move,-1,33.8053,33.8167,0,0.000,-0.088,0.176,-0.176,-0.088,0.088,-0.264,-0.088,0.176,0.000,-0.176,-0.088,-0.088,-47.197,32.607,0.000,0.439,0.176,0.000,0.000,0.000,0.000,0.000,0.000,0.000,0.000,0.000,0.000,0.000,0.000,0.000,-47.133,32.667,0.000,0.000,0.000,0.013,4.8,11.30,31.0,0.000,0.000,0.000,0.000,0.000,0.000,0.000,0.000,0.000,0.000,0.000,0.000,0.000,0.000,0.000,0.000,0.013,0.000
33.9053,339,0,move,-1,33.9053,33.9117,0,0.000,-0.088,0.176,-0.176,-0.088,0.088,-0.264,-0.088,0.176,0.000,-0.176,-0.088,-0.088,-47.197,32.607,0.000,0.439,0.176,0.000,0.000,0.000,0.000,0.000,0.000,0.000,0.000,0.000,0.000,0.000,0.000,0.000,-47.133,32.667,0.000,0.000,0.000,0.006,4.8,11.30,31.0,0.000,0.000,0.000,0.000,0.000,0.000,0.000,0.000,0.000,0.000,0.000,0.000,0.000,0.000,0.000,0.000,0.006,0.006
34.0053,340,0,move,-1,34.0053,34.0163,0,0.000,-0.088,0.176,-0.176,-0.088,0.088,-0.264,-0.088,0.176,0.000,-0.176,-0.088,-0.088,-47.197,32.607,0.000,0.439,0.176,0.000,0.000,0.000,0.000,0.000,0.000,0.000,0.000,0.000,0.000,0.000,0.000,0.000,-47.033,32.619,0.000,0.000,0.000,0.006,3.2,11.30,32.0,0.000,0.000,0.000,0.000,0.000,0.000,0.006,0.000,0.000,0.000,0.000,0.000,0.000,0.000,0.000,0.000,0.006,0.006
34.1055,341,0,move,-1,34.1055,34.1193,0,0.000,-0.088,0.176,-0.176,-0.088,0.088,-0.264,-0.088,0.176,0.000,-0.176,-0.088,-0.088,-47.197,32.607,0.000,0.439,0.176,0.000,0.000,0.000,0.000,0.000,0.000,0.000,0.000,0.000,0.000,0.000,0.000,0.000,-46.742,32.477,0.000,0.000,0.000,0.006,2.4,11.30,33.0,0.000,0.000,0.006,0.006,0.000,0.000,0.000,0.000,0.000,0.000,0.000,0.000,0.000,0.006,0.000,0.000,0.006,0.000
34.2055,342,0,move,-1,34.2055,34.2165,0,0.000,-0.088,0.176,-0.176,-0.088,0.088,-0.264,-0.088,0.176,0.000,-0.176,-0.088,-0.088,-46.846,32.607,0.000,0.439,0.176,0.000,0.000,0.000,0.000,0.000,0.000,0.000,0.000,0.000,0.000,0.000,0.000,0.000,-46.288,32.255,0.000,0.000,0.000,0.006,2.4,11.30,33.0,0.000,0.000,0.006,0.006,0.000,0.000,0.000,0.000,0.000,0.000,0.000,0.000,0.000,0.006,0.000,0.000,0.006,0.000
34.3053,343,0,move,-1,34.3053,34.3133,0,0.000,-0.088,0.176,-0.176,-0.088,0.088,-0.264,-0.088,0.176,0.000,-0.176,-0.088,-0.088,-46.494,32.344,0.000,0.439,0.176,0.000,0.000,0.000,0.000,0.000,0.000,0.000,0.000,0.000,0.000,0.000,0.000,0.000,-45.712,31.972,0.000,0.000,0.000,0.013,4.8,11.30,31.0,0.000,0.000,0.000,0.006,0.000,0.000,0.006,0.000,0.000,0.000,0.006,0.000,0.000,0.006,0.006,0.000,0.013,0.000
34.4073,344,0,move,-1,34.4073,34.4333,0,0.000,-0.088,0.176,-0.176,-0.088,0.088,-0.264,-0.088,0.176,0.000,-0.176,-0.088,-0.088,-45.967,31.992,0.000,0.439,0.176,0.000,0.000,0.000,0.000,0.000,0.000,0.000,0.000,0.000,0.000,0.000,0.000,0.000,-45.069,31.653,0.000,0.000,0.000,0.006,2.4,11.30,32.0,0.000,0.000,0.000,0.006,0.000,0.000,0.006,0.000,0.000,0.000,0.000,0.000,0.000,0.006,0.000,0.000,0.006,0.000
34.5055,345,0,move,-1,34.5055,34.5157,0,0.000,-0.088,0.176,-0.176,-0.088,0.088,-0.264,-0.088,0.176,0.000,-0.176,-0.088,-0.088,-45.439,31.816,0.000,0.439,0.176,0.000,0.000,0.000,0.000,0.000,0.000,0.000,0.000,0.000,0.000,0.000,0.000,0.000,-44.421,31.329,0.000,0.000,0.000,0.006,2.4,11.30,32.0,0.000,0.000,0.000,0.006,0.000,0.000,0.006,0.000,0.000,0.000,0.000,0.000,0.000,0.006,0.000,0.000,0.006,0.000
34.6055,346,0,move,-1,34.6055,34.6175,0,0.000,-0.088,0.176,-0.176,-0.088,0.088,-0.264,-0.088,0.176,0.000,-0.176,-0.088,-0.088,-44.824,31.465,0.000,0.439,0.176,0.000,0.000,0.000,0.000,0.000,0.000,0.000,0.000,0.000,0.000,0.000,0.000,0.000,-43.833,31.033,0.000,0.000,0.000,0.013,4.0,11.30,28.0,0.000,0.000,0.000,0.000,0.000,0.000,0.006,0.000,0.000,0.000,0.006,0.000,0.000,0.013,0.006,0.000,0.006,0.000
34.7053,347,0,move,-1,34.7053,34.7152,0,0.000,-0.088,0.176,-0.176,-0.088,0.088,-0.264,-0.088,0.176,0.000,-0.176,-0.088,-0.088,-44.209,31.113,0.000,0.439,0.176,0.000,0.000,0.000,0.000,0.000,0.000,0.000,0.000,0.000,0.000,0.000,0.000,0.000,-43.362,30.795,0.000,0.000,0.000,0.013,4.0,11.30,28.0,0.000,0.000,0.000,0.000,0.000,0.000,0.006,0.000,0.000,0.000,0.006,0.000,0.000,0.013,0.006,0.000,0.006,0.000
34.8053,348,0,move,-1,34.8053,34.8200,0,0.000,-0.088,0.176,-0.176,-0.088,0.088,-0.264,-0.088,0.176,0.000,-0.176,-0.088,-0.088,-43.594,30.850,0.000,0.439,0.176,0.000,0.000,0.000,0.000,0.000,0.000,0.000,0.000,0.000,0.000,0.000,0.000,0.000,-43.059,30.640,0.000,0.000,0.000,0.006,2.4,11.30,32.0,0.000,0.000,0.000,0.006,0.000,0.000,0.006,0.000,0.000,0.000,0.000,0.000,0.000,0.006,0.000,0.000,0.006,0.006
34.9054,349,0,move,-1,34.9054,34.9156,0,0.000,-0.088,0.176,-0.176,-0.088,0.088,-0.264,-0.088,0.176,0.000,-0.176,-0.088,-0.088,-43.242,30.850,0.000,0.439,0.176,0.000,0.000,0.000,0.000,0.000,0.000,0.000,0.000,0.000,0.000,0.000,0.000,0.000,-42.955,30.587,0.000,0.000,0.000,0.006,2.4,11.30,32.0,0.000,0.000,0.000,0.006,0.000,0.000,0.006,0.000,0.000,0.000,0.000,0.000,0.000,0.006,0.000,0.000,0.006,0.006
35.0053,350,0,move,-1,35.0053,35.0168,0,0.000,-0.088,0.176,-0.176,-0.088,0.088,-0.264,-0.088,0.176,0.000,-0.176,-0.088,-0.088,-43.066,30.850,0.000,0.439,0.176,0.000,0.000,0.000,0.000,0.000,0.000,0.000,0.000,0.000,0.000,0.000,0.000,0.000,-42.955,30.587,0.000,0.000,0.000,0.013,3.6,11.30,29.0,0.000,0.000,0.000,0.000,0.000,0.000,0.006,0.000,0.006,0.000,0.000,0.000,0.000,0.006,0.013,0.000,0.006,0.000
35.1070,351,0,move,-1,35.1070,35.1192,0,0.000,-0.088,0.176,-0.176,-0.088,0.088,-0.264,-0.088,0.176,0.000,-0.176,-0.088,-0.088,-43.066,30.850,0.000,0.439,0.176,0.000,0.000,0.000,0.000,0.000,0.000,0.000,0.000,0.000,0.000,0.000,0.000,0.000,-42.955,30.587,0.000,0.000,0.000,0.013,3.2,11.30,29.0,0.000,0.000,0.000,0.000,0.000,0.000,0.006,0.000,0.006,0.000,0.000,0.000,0.000,0.000,0.013,0.000,0.013,0.006
35.2053,352,0,move,-1,35.2053,35.2174,0,0.000,-0.088,0.176,-0.176,-0.088,0.088,-0.264,-0.088,0.176,0.000,-0.176,-0.088,-0.088,-43.066,30.850,0.000,0.439,0.176,0.000,0.000,0.000,0.000,0.000,0.000,0.000,0.000,0.000,0.000,0.000,0.000,0.000,-42.955,30.587,0.000,0.000,0.000,0.013,3.2,11.30,29.0,0.000,0.000,0.000,0.000,0.000,0.000,0.006,0.000,0.006,0.000,0.000,0.000,0.000,0.000,0.013,0.000,0.013,0.006
35.3054,353,0,move,-1,35.3054,35.3157,0,0.000,-0.088,0.176,-0.176,-0.088,0.088,-0.264,-0.088,0.176,0.000,-0.176,-0.088,-0.088,-43.066,30.850,0.000,0.439,0.176,0.000,0.000,0.000,0.000,0.000,0.000,0.000,0.000,0.000,0.000,0.000,0.000,0.000,-42.955,30.587,0.000,0.000,0.000,0.013,3.2,11.30,29.0,0.000,0.000,0.000,0.006,0.000,0.000,0.006,0.000,0.006,0.000,0.006,0.000,0.000,0.000,0.013,0.000,0.013,0.000
35.4055,354,0,move,-1,35.4055,35.4180,0,0.000,-0.088,0.176,-0.176,-0.088,0.088,-0.264,-0.088,0.176,0.000,-0.176,-0.088,-0.088,-43.066,30.850,0.000,0.439,0.176,0.000,0.000,0.000,0.000,0.000,0.000,0.000,0.000,0.000,0.000,0.000,0.000,0.000,-42.955,30.587,0.000,0.000,0.000,0.013,3.2,11.30,29.0,0.000,0.000,0.000,0.006,0.000,0.000,0.006,0.000,0.006,0.000,0.000,0.000,0.000,0.000,0.013,0.000,0.006,0.000
35.5055,355,0,move,-1,35.5055,35.5163,0,0.000,-0.088,0.176,-0.176,-0.088,0.088,-0.264,-0.088,0.176,0.000,-0.176,-0.088,-0.088,-43.066,30.850,0.000,0.439,0.176,0.000,0.000,0.000,0.000,0.000,0.000,0.000,0.000,0.000,0.000,0.000,0.000,0.000,-42.955,30.587,0.000,0.000,0.000,0.013,3.2,11.30,29.0,0.000,0.000,0.000,0.006,0.000,0.000,0.006,0.000,0.006,0.000,0.000,0.000,0.000,0.000,0.013,0.000,0.006,0.000
35.6055,356,0,move,-1,35.6055,35.6167,0,0.000,-0.088,0.176,-0.176,-0.088,0.088,-0.264,-0.088,0.176,0.000,-0.176,-0.088,-0.088,-43.066,30.850,0.000,0.439,0.176,0.000,0.000,0.000,0.000,0.000,0.000,0.000,0.000,0.000,0.000,0.000,0.000,0.000,-42.955,30.587,0.000,0.000,0.000,0.013,3.2,11.30,29.0,0.000,0.000,0.000,0.000,0.000,0.000,0.006,0.000,0.006,0.000,0.000,0.000,0.000,0.000,0.013,0.000,0.013,0.006
35.7058,357,0,move,-1,35.7058,35.7197,0,0.000,-0.088,0.176,-0.176,-0.088,0.088,-0.264,-0.088,0.176,0.000,-0.176,-0.088,-0.088,-43.066,30.850,0.000,0.439,0.176,0.000,0.000,0.000,0.000,0.000,0.000,0.000,0.000,0.000,0.000,0.000,0.000,0.000,-42.955,30.587,0.000,0.000,0.000,0.013,3.2,11.30,29.0,0.000,0.000,0.006,0.000,0.000,0.000,0.006,0.000,0.000,0.000,0.000,0.000,0.000,0.000,0.013,0.000,0.006,0.000
35.8080,358,0,move,-1,35.8080,35.8206,0,0.000,-0.088,0.176,-0.176,-0.088,0.088,-0.264,-0.088,0.176,0.000,-0.176,-0.088,-0.088,-43.066,30.850,0.000,0.439,0.176,0.000,0.000,0.000,0.000,0.000,0.000,0.000,0.000,0.000,0.000,0.000,0.000,0.000,-42.955,30.587,0.000,0.000,0.000,0.006,2.4,11.30,32.0,0.000,0.000,0.006,0.000,0.000,0.000,0.006,0.000,0.000,0.000,0.000,0.000,0.000,0.000,0.006,0.000,0.006,0.000
35.9055,359,0,move,-1,35.9055,35.9156,0,0.000,-0.088,0.176,-0.176,-0.088,0.088,-0.264,-0.088,0.176,0.000,-0.176,-0.088,-0.088,-43.066,30.850,0.000,0.439,0.176,0.000,0.000,0.000,0.000,0.000,0.000,0.000,0.000,0.000,0.000,0.000,0.000,0.000,-42.955,30.587,0.000,0.000,0.000,0.006,2.4,11.30,32.0,0.000,0.000,0.006,0.000,0.000,0.000,0.006,0.000,0.000,0.000,0.000,0.000,0.000,0.000,0.006,0.000,0.006,0.000
36.0053,360,0,move,-1,36.0053,36.0176,0,0.000,-0.088,0.176,-0.176,-0.088,0.088,-0.264,-0.088,0.176,0.000,-0.176,-0.088,-0.088,-43.066,30.850,0.000,0.439,0.176,0.000,0.000,0.000,0.000,0.000,0.000,0.000,0.000,0.000,0.000,0.000,0.000,0.000,-42.955,30.587,0.000,0.000,0.000,0.013,3.2,11.30,29.0,0.000,0.000,0.000,0.000,0.000,0.000,0.006,0.000,0.000,0.000,0.000,0.000,0.000,0.000,0.013,0.000,0.006,0.000
36.1053,361,0,move,-1,36.1053,36.1164,0,0.000,-0.088,0.176,-0.176,-0.088,0.088,-0.264,-0.088,0.176,0.000,-0.176,-0.088,-0.088,-43.066,30.850,0.000,0.439,0.176,0.000,0.000,0.000,0.000,0.000,0.000,0.000,0.000,0.000,0.000,0.000,0.000,0.000,-42.955,30.587,0.000,0.000,0.000,0.013,3.2,11.30,29.0,0.000,0.000,0.000,0.000,0.000,0.000,0.006,0.000,0.000,0.000,0.000,0.000,0.000,0.000,0.013,0.000,0.006,0.000
36.2054,362,0,move,-1,36.2054,36.2176,0,0.000,-0.088,0.176,-0.176,-0.088,0.088,-0.264,-0.088,0.176,0.000,-0.176,-0.088,-0.088,-43.066,30.850,0.000,0.439,0.176,0.000,0.000,0.000,0.000,0.000,0.000,0.000,0.000,0.000,0.000,0.000,0.000,0.000,-42.955,30.587,0.000,0.000,0.000,0.006,3.2,11.30,32.0,0.000,0.000,0.000,0.000,0.000,0.000,0.006,0.000,0.000,0.000,0.006,0.000,0.000,0.000,0.006,0.000,0.006,0.000
36.3053,363,0,move,-1,36.3053,36.3157,0,0.000,-0.088,0.176,-0.176,-0.088,0.088,-0.264,-0.088,0.176,0.000,-0.176,-0.088,-0.088,-43.066,30.850,0.000,0.439,0.176,0.000,0.000,0.000,0.000,0.000,0.000,0.000,0.000,0.000,0.000,0.000,0.000,0.000,-42.955,30.587,0.000,0.000,0.000,0.006,3.2,11.30,32.0,0.000,0.000,0.000,0.000,0.000,0.000,0.006,0.000,0.000,0.000,0.006,0.000,0.000,0.000,0.006,0.000,0.006,0.000
36.4053,364,0,move,-1,36.4053,36.4188,0,0.000,-0.088,0.176,-0.176,-0.088,0.088,-0.264,-0.088,0.176,0.000,-0.176,-0.088,-0.088,-43.066,30.850,0.000,0.439,0.176,0.000,0.000,0.000,0.000,0.000,0.000,0.000,0.000,0.000,0.000,0.000,0.000,0.000,-42.955,30.587,0.000,0.000,0.000,0.013,3.2,11.30,29.0,0.000,0.000,0.000,0.006,0.000,0.000,0.006,0.000,0.006,0.000,0.000,0.000,0.000,0.000,0.013,0.000,0.006,0.000
36.5055,365,0,move,-1,36.5055,36.5188,0,0.000,-0.088,0.176,-0.176,-0.088,0.088,-0.264,-0.088,0.176,0.000,-0.176,-0.088,-0.088,-43.066,30.850,0.000,0.439,0.176,0.000,0.000,0.000,0.000,0.000,0.000,0.000,0.000,0.000,0.000,0.000,0.000,0.000,-42.955,30.587,0.000,0.000,0.000,0.013,3.2,11.30,29.0,0.000,0.000,0.000,0.006,0.000,0.000,0.006,0.000,0.006,0.000,0.000,0.000,0.000,0.000,0.013,0.000,0.006,0.000
36.6055,366,0,move,-1,36.6055,36.6162,0,0.000,-0.088,0.176,-0.176,-0.088,0.088,-0.264,-0.088,0.176,0.000,-0.176,-0.088,-0.088,-43.066,30.850,0.000,0.439,0.176,0.000,0.000,0.000,0.000,0.000,0.000,0.000,0.000,0.000,0.000,0.000,0.000,0.000,-42.955,30.587,0.000,0.000,0.000,0.006,2.4,11.30,32.0,0.000,0.000,0.006,0.000,0.000,0.000,0.006,0.000,0.000,0.000,0.000,0.000,0.000,0.000,0.006,0.000,0.006,0.006
36.7055,367,0,move,-1,36.7055,36.7184,0,0.000,-0.088,0.176,-0.176,-0.088,0.088,-0.264,-0.088,0.176,0.000,-0.176,-0.088,-0.088,-43.066,30.850,0.000,0.439,0.176,0.000,0.000,0.000,0.000,0.000,0.000,0.000,0.000,0.000,0.000,0.000,0.000,0.000,-42.955,30.587,0.000,0.000,0.000,0.013,3.2,11.30,29.0,0.000,0.000,0.006,0.000,0.000,0.000,0.006,0.000,0.000,0.000,0.000,0.000,0.000,0.000,0.013,0.000,0.006,0.000
36.8053,368,0,move,-1,36.8053,36.8163,0,0.000,-0.088,0.176,-0.176,-0.088,0.088,-0.264,-0.088,0.176,0.000,-0.176,-0.088,-0.088,-43.066,30.850,0.000,0.439,0.176,0.000,0.000,0.000,0.000,0.000,0.000,0.000,0.000,0.000,0.000,0.000,0.000,0.000,-42.955,30.587,0.000,0.000,0.000,0.013,3.2,11.30,29.0,0.000,0.000,0.006,0.000,0.000,0.000,0.006,0.000,0.000,0.000,0.000,0.000,0.000,0.000,0.013,0.000,0.006,0.000
36.9065,369,0,move,-1,36.9065,36.9139,0,0.000,-0.088,0.176,-0.176,-0.088,0.088,-0.264,-0.088,0.176,0.000,-0.176,-0.088,-0.088,-43.066,30.850,0.000,0.439,0.176,0.000,0.000,0.000,0.000,0.000,0.000,0.000,0.000,0.000,0.000,0.000,0.000,0.000,-42.955,30.587,0.000,0.000,0.000,0.013,3.2,11.30,29.0,0.000,0.000,0.000,0.006,0.000,0.000,0.000,0.000,0.000,0.000,0.000,0.000,0.000,0.000,0.013,0.000,0.006,0.006
37.0055,370,0,move,-1,37.0055,37.0162,0,0.000,-0.088,0.176,-0.176,-0.088,0.088,-0.264,-0.088,0.176,0.000,-0.176,-0.088,-0.088,-43.066,30.850,0.000,0.439,0.176,0.000,0.000,0.000,0.000,0.000,0.000,0.000,0.000,0.000,0.000,0.000,0.000,0.000,-42.955,30.587,0.000,0.000,0.000,0.006,2.4,11.30,32.0,0.000,0.000,0.000,0.006,0.000,0.000,0.006,0.000,0.000,0.000,0.000,0.000,0.000,0.000,0.006,0.000,0.006,0.000
37.1053,371,0,move,-1,37.1053,37.1181,0,0.000,-0.088,0.176,-0.176,-0.088,0.088,-0.264,-0.088,0.176,0.000,-0.176,-0.088,-0.088,-43.066,30.850,0.000,0.439,0.176,0.000,0.000,0.000,0.000,0.000,0.000,0.000,0.000,0.000,0.000,0.000,0.000,0.000,-42.955,30.587,0.000,0.000,0.000,0.013,3.2,11.30,29.0,0.000,0.000,0.000,0.006,0.000,0.000,0.006,0.000,0.000,0.000,0.000,0.000,0.000,0.000,0.013,0.000,0.006,0.006
37.2053,372,0,move,-1,37.2053,37.2162,0,0.000,-0.088,0.176,-0.176,-0.088,0.088,-0.264,-0.088,0.176,0.000,-0.176,-0.088,-0.088,-43.066,30.850,0.000,0.439,0.176,0.000,0.000,0.000,0.000,0.000,0.000,0.000,0.000,0.000,0.000,0.000,0.000,0.000,-42.955,30.587,0.000,0.000,0.000,0.013,3.2,11.30,29.0,0.000,0.000,0.000,0.006,0.000,0.000,0.006,0.000,0.000,0.000,0.000,0.000,0.000,0.000,0.013,0.000,0.006,0.006
37.3054,373,0,move,-1,37.3054,37.3172,0,0.000,-0.088,0.176,-0.176,-0.088,0.088,-0.264,-0.088,0.176,0.000,-0.176,-0.088,-0.088,-43.066,30.850,0.000,0.439,0.176,0.000,0.000,0.000,0.000,0.000,0.000,0.000,0.000,0.000,0.000,0.000,0.000,0.000,-42.955,30.587,0.000,0.000,0.000,0.006,3.2,11.20,32.0,0.000,0.000,0.000,0.000,0.000,0.000,0.006,0.000,0.000,0.000,0.000,0.000,0.000,0.000,0.006,0.000,0.006,0.006
37.4072,374,0,move,-1,37.4072,37.4432,0,0.000,-0.088,0.176,-0.176,-0.088,0.088,-0.264,-0.088,0.176,0.000,-0.176,-0.088,-0.088,-43.066,30.850,0.000,0.439,0.176,0.000,0.000,0.000,0.000,0.000,0.000,0.000,0.000,0.000,0.000,0.000,0.000,0.000,-42.955,30.587,0.000,0.000,0.000,0.013,3.2,11.30,29.0,0.000,0.000,0.000,0.006,0.000,0.000,0.000,0.000,0.000,0.000,0.000,0.000,0.000,0.000,0.013,0.000,0.006,0.006
37.5055,375,0,move,-1,37.5055,37.5170,0,0.000,-0.088,0.176,-0.176,-0.088,0.088,-0.264,-0.088,0.176,0.000,-0.176,-0.088,-0.088,-43.066,30.850,0.000,0.439,0.176,0.000,0.000,0.000,0.000,0.000,0.000,0.000,0.000,0.000,0.000,0.000,0.000,0.000,-42.955,30.587,0.000,0.000,0.000,0.013,3.2,11.30,29.0,0.000,0.000,0.000,0.006,0.000,0.000,0.000,0.000,0.000,0.000,0.000,0.000,0.000,0.000,0.013,0.000,0.006,0.006
37.6056,376,0,move,-1,37.6056,37.6185,0,0.000,-0.088,0.176,-0.176,-0.088,0.088,-0.264,-0.088,0.176,0.000,-0.176,-0.088,-0.088,-43.066,30.850,0.000,0.439,0.176,0.000,0.000,0.000,0.000,0.000,0.000,0.000,0.000,0.000,0.000,0.000,0.000,0.000,-42.955,30.587,0.000,0.000,0.000,0.013,3.2,11.30,29.0,0.000,0.000,0.000,0.000,0.000,0.000,0.006,0.000,0.000,0.000,0.000,0.000,0.000,0.000,0.013,0.000,0.006,0.000
37.7089,377,0,move,-1,37.7089,37.7214,0,0.000,-0.088,0.176,-0.176,-0.088,0.088,-0.264,-0.088,0.176,0.000,-0.176,-0.088,-0.088,-43.066,30.850,0.000,0.439,0.176,0.000,0.000,0.000,0.000,0.000,0.000,0.000,0.000,0.000,0.000,0.000,0.000,0.000,-42.955,30.587,0.000,0.000,0.000,0.013,3.2,11.30,29.0,0.000,0.000,0.006,0.000,0.000,0.000,0.000,0.000,0.000,0.000,0.000,0.000,0.000,0.000,0.013,0.000,0.013,0.000
37.8055,378,0,move,-1,37.8055,37.8159,0,0.000,-0.088,0.176,-0.176,-0.088,0.088,-0.264,-0.088,0.176,0.000,-0.176,-0.088,-0.088,-43.066,30.850,0.000,0.439,0.176,0.000,0.000,0.000,0.000,0.000,0.000,0.000,0.000,0.000,0.000,0.000,0.000,0.000,-42.955,30.587,0.000,0.000,0.000,0.013,3.2,11.30,29.0,0.000,0.000,0.006,0.000,0.000,0.000,0.000,0.000,0.000,0.000,0.000,0.000,0.000,0.000,0.013,0.000,0.013,0.000
37.9053,379,0,move,-1,37.9053,37.9160,0,0.000,-0.088,0.176,-0.176,-0.088,0.088,-0.264,-0.088,0.176,0.000,-0.176,-0.088,-0.088,-43.066,30.850,0.000,0.439,0.176,0.000,0.000,0.000,0.000,0.000,0.000,0.000,0.000,0.000,0.000,0.000,0.000,0.000,-42.955,30.587,0.000,0.000,0.000,0.006,2.4,11.30,32.0,0.000,0.000,0.000,0.006,0.000,0.000,0.006,0.000,0.000,0.000,0.006,0.000,0.000,0.000,0.006,0.000,0.006,0.000
38.0053,380,0,move,-1,38.0053,38.0192,0,0.000,-0.088,0.176,-0.176,-0.088,0.088,-0.264,-0.088,0.176,0.000,-0.176,-0.088,-0.088,-43.066,30.850,0.000,0.439,0.176,0.000,0.000,0.000,0.000,0.000,0.000,0.000,0.000,0.000,0.000,0.000,0.000,0.000,-43.059,30.640,0.000,0.000,0.000,0.006,3.2,11.30,32.0,0.000,0.000,0.000,0.000,0.000,0.000,0.006,0.000,0.000,0.000,0.000,0.000,0.000,0.000,0.006,0.000,0.006,0.000
38.1054,381,0,move,-1,38.1054,38.1161,0,0.000,-0.088,0.176,-0.176,-0.088,0.088,-0.264,-0.088,0.176,0.000,-0.176,-0.088,-0.088,-43.066,30.850,0.000,0.439,0.176,0.000,0.000,0.000,0.000,0.000,0.000,0.000,0.000,0.000,0.000,0.000,0.000,0.000,-43.362,30.795,0.000,0.000,0.000,0.006,3.2,11.30,32.0,0.000,0.000,0.000,0.000,0.000,0.000,0.006,0.000,0.000,0.000,0.000,0.000,0.000,0.000,0.006,0.000,0.006,0.000
38.2054,382,0,move,-1,38.2054,38.2178,0,0.000,-0.088,0.176,-0.176,-0.088,0.088,-0.264,-0.088,0.176,0.000,-0.176,-0.088,-0.088,-43.154,30.850,0.000,0.439,0.176,0.000,0.000,0.000,0.000,0.000,0.000,0.000,0.000,0.000,0.000,0.000,0.000,0.000,-43.833,31.033,0.000,0.000,0.000,0.006,3.2,11.30,32.0,0.000,0.000,0.000,0.000,0.000,0.000,0.006,0.000,0.006,0.000,0.006,0.000,0.000,0.000,0.006,0.000,0.006,0.000
38.3054,383,0,move,-1,38.3054,38.3170,0,0.000,-0.088,0.176,-0.176,-0.088,0.088,-0.264,-0.088,0.176,0.000,-0.176,-0.088,-0.088,-43.506,30.850,0.000,0.439,0.176,0.000,0.000,0.000,0.000,0.000,0.000,0.000,0.000,0.000,0.000,0.000,0.000,0.000,-44.421,31.329,0.000,0.000,0.000,0.006,3.2,11.30,32.0,0.000,0.000,0.000,0.000,0.000,0.000,0.006,0.000,0.006,0.000,0.006,0.000,0.000,0.000,0.006,0.000,0.006,0.000
38.4053,384,0,move,-1,38.4053,38.4161,0,0.000,-0.088,0.176,-0.176,-0.088,0.088,-0.264,-0.088,0.176,0.000,-0.176,-0.088,-0.088,-43.594,31.289,0.000,0.439,0.176,0.000,0.000,0.000,0.000,0.000,0.000,0.000,0.000,0.000,0.000,0.000,0.000,0.000,-45.069,31.653,0.000,0.000,0.000,0.019,4.8,11.30,28.0,0.000,0.000,0.000,0.000,0.000,0.000,0.006,0.000,0.000,0.000,0.000,0.000,0.000,0.019,0.006,0.000,0.013,0.000
38.5055,385,0,move,-1,38.5055,38.5182,0,0.000,-0.088,0.176,-0.176,-0.088,0.088,-0.264,-0.088,0.176,0.000,-0.176,-0.088,-0.088,-44.385,31.641,0.000,0.439,0.176,0.000,0.000,0.000,0.000,0.000,0.000,0.000,0.000,0.000,0.000,0.000,0.000,0.000,-45.712,31.972,0.000,0.000,0.000,0.026,6.8,11.30,28.0,0.000,0.000,0.006,0.000,0.000,0.000,0.006,0.000,0.000,0.000,0.000,0.000,0.000,0.026,0.000,0.000,0.006,0.000
38.6053,386,0,move,-1,38.6053,38.6162,0,0.000,-0.088,0.176,-0.176,-0.088,0.088,-0.264,-0.088,0.176,0.000,-0.176,-0.088,-0.088,-44.912,31.992,0.000,0.439,0.176,0.000,0.000,0.000,0.000,0.000,0.000,0.000,0.000,0.000,0.000,0.000,0.000,0.000,-46.288,32.255,0.000,0.000,0.000,0.026,6.8,11.30,28.0,0.000,0.000,0.006,0.000,0.000,0.000,0.006,0.000,0.000,0.000,0.000,0.000,0.000,0.026,0.000,0.000,0.006,0.000
38.7055,387,0,move,-1,38.7055,38.7177,0,0.000,-0.088,0.176,-0.176,-0.088,0.088,-0.264,-0.088,0.176,0.000,-0.176,-0.088,-0.088,-45.527,32.080,0.000,0.439,0.176,0.000,0.000,0.000,0.000,0.000,0.000,0.000,0.000,0.000,0.000,0.000,0.000,0.000,-46.742,32.477,0.000,0.000,0.000,0.033,8.0,11.30,28.0,0.000,0.000,0.000,0.006,0.000,0.000,0.000,0.000,0.000,0.000,0.000,0.000,0.000,0.033,0.000,0.000,0.006,0.000
38.8053,388,0,move,-1,38.8053,38.8162,0,0.000,-0.088,0.176,-0.176,-0.088,0.088,-0.264,-0.088,0.176,0.000,-0.176,-0.088,-0.088,-45.527,32.520,0.000,0.439,0.176,0.000,0.000,0.000,0.000,0.000,0.000,0.000,0.000,0.000,0.000,0.000,0.000,0.000,-47.033,32.619,0.000,0.000,0.000,0.033,8.0,11.30,28.0,0.000,0.000,0.000,0.006,0.000,0.000,0.000,0.000,0.000,0.000,0.000,0.000,0.000,0.033,0.000,0.000,0.006,0.000
38.9053,389,0,move,-1,38.9053,38.9112,0,0.000,-0.088,0.176,-0.176,-0.088,0.088,-0.264,-0.088,0.176,0.000,-0.176,-0.088,-0.088,-46.230,32.520,0.000,0.439,0.176,0.000,0.000,0.000,0.000,0.000,0.000,0.000,0.000,0.000,0.000,0.000,0.000,0.000,-47.133,32.667,0.000,0.000,0.000,0.033,7.2,11.30,28.0,0.000,0.000,0.006,0.000,0.000,0.000,0.006,0.000,0.006,0.000,0.000,0.000,0.000,0.033,0.000,0.000,0.006,0.000
39.0105,390,0,move,-1,39.0105,39.0624,0,0.000,-0.088,0.176,-0.176,-0.088,0.088,-0.264,-0.088,0.176,0.000,-0.176,-0.088,-0.088,-46.406,32.520,0.000,0.439,0.176,0.000,0.000,0.000,0.000,0.000,0.000,0.000,0.000,0.000,0.000,0.000,0.000,0.000,-47.133,32.667,0.000,0.000,0.000,0.033,7.2,11.30,28.0,0.000,0.000,0.006,0.006,0.000,0.000,0.006,0.000,0.006,0.000,0.000,0.000,0.000,0.033,0.000,0.000,0.013,0.000
39.1054,391,0,move,-1,39.1054,39.1140,0,0.000,-0.088,0.176,-0.176,-0.088,0.088,-0.264,-0.088,0.176,0.000,-0.176,-0.088,-0.088,-46.406,32.520,0.000,0.439,0.176,0.000,0.000,0.000,0.000,0.000,0.000,0.000,0.000,0.000,0.000,0.000,0.000,0.000,-47.133,32.667,0.000,0.000,0.000,0.033,7.2,11.30,28.0,0.000,0.000,0.006,0.006,0.000,0.000,0.006,0.000,0.006,0.000,0.000,0.000,0.000,0.033,0.000,0.000,0.013,0.000
39.2055,392,0,move,-1,39.2055,39.2152,0,0.000,-0.088,0.176,-0.176,-0.088,0.088,-0.264,-0.088,0.176,0.000,-0.176,-0.088,-0.088,-46.406,32.520,0.000,0.439,0.176,0.000,0.000,0.000,0.000,0.000,0.000,0.000,0.000,0.000,0.000,0.000,0.000,0.000,-47.133,32.667,0.000,0.000,0.000,0.033,7.2,11.30,29.0,0.000,0.000,0.000,0.000,0.000,0.000,0.006,0.000,0.006,0.000,0.000,0.000,0.000,0.033,0.006,0.000,0.013,0.000
39.3055,393,0,move,-1,39.3055,39.3622,0,0.000,-0.088,0.176,-0.176,-0.088,0.088,-0.264,-0.088,0.176,0.000,-0.176,-0.088,-0.088,-46.406,32.520,0.000,0.439,0.176,0.000,0.000,0.000,0.000,0.000,0.000,0.000,0.000,0.000,0.000,0.000,0.000,0.000,-47.133,32.667,0.000,0.000,0.000,0.033,7.2,11.30,28.0,0.000,0.000,0.000,0.000,0.000,0.000,0.000,0.000,0.000,0.000,0.000,0.000,0.000,0.033,0.006,0.000,0.006,0.006
39.4076,394,0,move,-1,39.4076,39.4203,0,0.000,-0.088,0.176,-0.176,-0.088,0.088,-0.264,-0.088,0.176,0.000,-0.176,-0.088,-0.088,-46.406,32.520,0.000,0.439,0.176,0.000,0.000,0.000,0.000,0.000,0.000,0.000,0.000,0.000,0.000,0.000,0.000,0.000,-47.133,32.667,0.000,0.000,0.000,0.033,7.2,11.30,28.0,0.000,0.000,0.000,0.000,0.000,0.000,0.000,0.000,0.000,0.000,0.000,0.000,0.000,0.033,0.006,0.000,0.006,0.006
39.5055,395,0,move,-1,39.5055,39.5190,0,0.000,-0.088,0.176,-0.176,-0.088,0.088,-0.264,-0.088,0.176,0.000,-0.176,-0.088,-0.088,-46.406,32.520,0.000,0.439,0.176,0.000,0.000,0.000,0.000,0.000,0.000,0.000,0.000,0.000,0.000,0.000,0.000,0.000,-47.133,32.667,0.000,0.000,0.000,0.026,7.2,11.30,28.0,0.000,0.000,0.000,0.006,0.000,0.000,0.000,0.000,0.006,0.000,0.000,0.000,0.000,0.026,0.006,0.000,0.006,0.000
39.6053,396,0,move,-1,39.6053,39.6172,0,0.000,-0.088,0.176,-0.176,-0.088,0.088,-0.264,-0.088,0.176,0.000,-0.176,-0.088,-0.088,-46.406,32.520,0.000,0.439,0.176,0.000,0.000,0.000,0.000,0.000,0.000,0.000,0.000,0.000,0.000,0.000,0.000,0.000,-47.133,32.667,0.000,0.000,0.000,0.026,7.2,11.30,28.0,0.000,0.000,0.000,0.006,0.000,0.000,0.000,0.000,0.006,0.000,0.000,0.000,0.000,0.026,0.006,0.000,0.006,0.000
39.7055,397,0,move,-1,39.7055,39.7156,0,0.000,-0.088,0.176,-0.176,-0.088,0.088,-0.264,-0.088,0.176,0.000,-0.176,-0.088,-0.088,-46.406,32.520,0.000,0.439,0.176,0.000,0.000,0.000,0.000,0.000,0.000,0.000,0.000,0.000,0.000,0.000,0.000,0.000,-47.133,32.667,0.000,0.000,0.000,0.033,7.2,11.30,28.0,0.000,0.000,0.000,0.006,0.000,0.000,0.006,0.000,0.000,0.000,0.000,0.000,0.000,0.033,0.006,0.000,0.013,0.000
39.8054,398,0,move,-1,39.8054,39.8171,0,0.000,-0.088,0.176,-0.176,-0.088,0.088,-0.264,-0.088,0.176,0.000,-0.176,-0.088,-0.088,-46.406,32.520,0.000,0.439,0.176,0.000,0.000,0.000,0.000,0.000,0.000,0.000,0.000,0.000,0.000,0.000,0.000,0.000,-47.133,32.667,0.000,0.000,0.000,0.033,7.2,11.30,28.0,0.000,0.000,0.000,0.000,0.000,0.000,0.006,0.000,0.006,0.000,0.000,0.000,0.000,0.033,0.006,0.000,0.006,0.006
39.9055,399,0,move,-1,39.9055,39.9166,0,0.000,-0.088,0.176,-0.176,-0.088,0.088,-0.264,-0.088,0.176,0.000,-0.176,-0.088,-0.088,-46.406,32.520,0.000,0.439,0.176,0.000,0.000,0.000,0.000,0.000,0.000,0.000,0.000,0.000,0.000,0.000,0.000,0.000,-47.133,32.667,0.000,0.000,0.000,0.033,7.2,11.30,28.0,0.000,0.000,0.000,0.000,0.000,0.000,0.006,0.000,0.006,0.000,0.000,0.000,0.000,0.033,0.006,0.000,0.006,0.006
40.0055,400,0,move,-1,40.0055,40.0176,0,0.000,-0.088,0.176,-0.176,-0.088,0.088,-0.264,-0.088,0.176,0.000,-0.176,-0.088,-0.088,-46.406,32.520,0.000,0.439,0.176,0.000,0.000,0.000,0.000,0.000,0.000,0.000,0.000,0.000,0.000,0.000,0.000,0.000,-47.133,32.667,0.000,0.000,0.000,0.033,7.2,11.30,28.0,0.000,0.000,0.000,0.006,0.000,0.000,0.006,0.000,0.000,0.000,0.006,0.000,0.000,0.033,0.006,0.000,0.006,0.006
40.1053,401,0,move,-1,40.1053,40.1169,0,0.000,-0.088,0.176,-0.176,-0.088,0.088,-0.264,-0.088,0.176,0.000,-0.176,-0.088,-0.088,-46.406,32.520,0.000,0.439,0.176,0.000,0.000,0.000,0.000,0.000,0.000,0.000,0.000,0.000,0.000,0.000,0.000,0.000,-47.133,32.667,0.000,0.000,0.000,0.033,7.2,11.30,28.0,0.000,0.000,0.000,0.006,0.000,0.000,0.006,0.000,0.000,0.000,0.006,0.000,0.000,0.033,0.006,0.000,0.006,0.006
40.2053,402,0,move,-1,40.2053,40.2117,0,0.000,-0.088,0.176,-0.176,-0.088,0.088,-0.264,-0.088,0.176,0.000,-0.176,-0.088,-0.088,-46.406,32.520,0.000,0.439,0.176,0.000,0.000,0.000,0.000,0.000,0.000,0.000,0.000,0.000,0.000,0.000,0.000,0.000,-47.133,32.667,0.000,0.000,0.000,0.033,7.2,11.30,28.0,0.000,0.000,0.000,0.006,0.000,0.000,0.000,0.000,0.000,0.000,0.000,0.000,0.000,0.033,0.006,0.000,0.006,0.006
40.3055,403,0,move,-1,40.3055,40.3160,0,0.000,-0.088,0.176,-0.176,-0.088,0.088,-0.264,-0.088,0.176,0.000,-0.176,-0.088,-0.088,-46.494,32.520,0.000,0.439,0.176,0.000,0.000,0.000,0.000,0.000,0.000,0.000,0.000,0.000,0.000,0.000,0.000,0.000,-47.133,32.667,0.000,0.000,0.000,0.026,6.0,11.30,28.0,0.000,0.000,0.000,0.000,0.000,0.000,0.000,0.000,0.000,0.000,0.006,0.000,0.000,0.026,0.006,0.000,0.006,0.000
40.4053,404,0,move,-1,40.4053,40.4116,0,0.000,-0.088,0.176,-0.176,-0.088,0.088,-0.264,-0.088,0.176,0.000,-0.176,-0.088,-0.088,-46.494,32.520,0.000,0.439,0.176,0.000,0.000,0.000,0.000,0.000,0.000,0.000,0.000,0.000,0.000,0.000,0.000,0.000,-47.133,32.667,0.000,0.000,0.000,0.026,6.0,11.30,28.0,0.000,0.000,0.000,0.000,0.000,0.000,0.000,0.000,0.000,0.000,0.006,0.000,0.000,0.026,0.006,0.000,0.006,0.000
40.5055,405,0,move,-1,40.5055,40.5167,0,0.000,-0.088,0.176,-0.176,-0.088,0.088,-0.264,-0.088,0.176,0.000,-0.176,-0.088,-0.088,-46.494,32.520,0.000,0.439,0.176,0.000,0.000,0.000,0.000,0.000,0.000,0.000,0.000,0.000,0.000,0.000,0.000,0.000,-47.133,32.667,0.000,0.000,0.000,0.026,6.4,11.30,28.0,0.000,0.000,0.006,0.006,0.000,0.000,0.006,0.000,0.000,0.000,0.006,0.000,0.000,0.026,0.006,0.000,0.006,0.000
40.6053,406,0,move,-1,40.6053,40.6218,0,0.000,-0.088,0.176,-0.176,-0.088,0.088,-0.264,-0.088,0.176,0.000,-0.176,-0.088,-0.088,-46.494,32.520,0.000,0.439,0.176,0.000,0.000,0.000,0.000,0.000,0.000,0.000,0.000,0.000,0.000,0.000,0.000,0.000,-47.133,32.667,0.000,0.000,0.000,0.026,6.4,11.30,28.0,0.000,0.000,0.006,0.006,0.000,0.000,0.000,0.000,0.000,0.000,0.000,0.000,0.000,0.026,0.006,0.000,0.006,0.000
40.7053,407,0,move,-1,40.7053,40.7172,0,0.000,-0.088,0.176,-0.176,-0.088,0.088,-0.264,-0.088,0.176,0.000,-0.176,-0.088,-0.088,-46.494,32.520,0.000,0.439,0.176,0.000,0.000,0.000,0.000,0.000,0.000,0.000,0.000,0.000,0.000,0.000,0.000,0.000,-47.133,32.667,0.000,0.000,0.000,0.026,6.4,11.30,28.0,0.000,0.000,0.006,0.006,0.000,0.000,0.000,0.000,0.000,0.000,0.000,0.000,0.000,0.026,0.006,0.000,0.006,0.000
40.8053,408,0,move,-1,40.8053,40.8174,0,0.000,-0.088,0.176,-0.176,-0.088,0.088,-0.264,-0.088,0.176,0.000,-0.176,-0.088,-0.088,-46.494,32.520,0.000,0.439,0.176,0.000,0.000,0.000,0.000,0.000,0.000,0.000,0.000,0.000,0.000,0.000,0.000,0.000,-47.133,32.667,0.000,0.000,0.000,0.026,6.4,11.30,28.0,0.000,0.000,0.000,0.000,0.000,0.000,0.006,0.000,0.006,0.000,0.006,0.000,0.000,0.026,0.006,0.000,0.006,0.000
40.9120,409,0,move,-1,40.9120,40.9343,0,0.000,-0.088,0.176,-0.176,-0.088,0.088,-0.264,-0.088,0.176,0.000,-0.176,-0.088,-0.088,-46.494,32.520,0.000,0.439,0.176,0.000,0.000,0.000,0.000,0.000,0.000,0.000,0.000,0.000,0.000,0.000,0.000,0.000,-47.133,32.667,0.000,0.000,0.000,0.026,6.4,11.30,28.0,0.000,0.000,0.000,0.000,0.000,0.000,0.000,0.000,0.006,0.000,0.000,0.000,0.000,0.026,0.006,0.000,0.006,0.006
41.0132,410,0,move,-1,41.0132,41.0264,0,0.000,-0.088,0.176,-0.176,-0.088,0.088,-0.264,-0.088,0.176,0.000,-0.176,-0.088,-0.088,-46.494,32.520,0.000,0.439,0.176,0.000,0.000,0.000,0.000,0.000,0.000,0.000,0.000,0.000,0.000,0.000,0.000,0.000,-47.133,32.667,0.000,0.000,0.000,0.026,6.4,11.30,28.0,0.000,0.000,0.000,0.000,0.000,0.000,0.000,0.000,0.006,0.000,0.000,0.000,0.000,0.026,0.006,0.000,0.006,0.006
41.1053,411,0,move,-1,41.1053,41.1165,0,0.000,-0.088,0.176,-0.176,-0.088,0.088,-0.264,-0.088,0.176,0.000,-0.176,-0.088,-0.088,-46.494,32.520,0.000,0.439,0.176,0.000,0.000,0.000,0.000,0.000,0.000,0.000,0.000,0.000,0.000,0.000,0.000,0.000,-47.133,32.667,0.000,0.000,0.000,0.026,6.4,11.30,28.0,0.000,0.000,0.000,0.006,0.000,0.000,0.006,0.000,0.000,0.000,0.006,0.000,0.000,0.026,0.006,0.000,0.013,0.000
41.2055,412,0,move,-1,41.2055,41.2189,0,0.000,-0.088,0.176,-0.176,-0.088,0.088,-0.264,-0.088,0.176,0.000,-0.176,-0.088,-0.088,-46.494,32.520,0.000,0.439,0.176,0.000,0.000,0.000,0.000,0.000,0.000,0.000,0.000,0.000,0.000,0.000,0.000,0.000,-47.133,32.667,0.000,0.000,0.000,0.026,6.4,11.30,28.0,0.000,0.000,0.000,0.006,0.000,0.000,0.006,0.000,0.000,0.000,0.006,0.000,0.000,0.026,0.006,0.000,0.006,0.000
41.3053,413,0,move,-1,41.3053,41.3158,0,0.000,-0.088,0.176,-0.176,-0.088,0.088,-0.264,-0.088,0.176,0.000,-0.176,-0.088,-0.088,-46.494,32.520,0.000,0.439,0.176,0.000,0.000,0.000,0.000,0.000,0.000,0.000,0.000,0.000,0.000,0.000,0.000,0.000,-47.133,32.667,0.000,0.000,0.000,0.026,6.4,11.30,28.0,0.000,0.000,0.000,0.006,0.000,0.000,0.006,0.000,0.000,0.000,0.006,0.000,0.000,0.026,0.006,0.000,0.006,0.000
41.4055,414,0,move,-1,41.4055,41.4263,0,0.000,-0.088,0.176,-0.176,-0.088,0.088,-0.264,-0.088,0.176,0.000,-0.176,-0.088,-0.088,-46.494,32.520,0.000,0.439,0.176,0.000,0.000,0.000,0.000,0.000,0.000,0.000,0.000,0.000,0.000,0.000,0.000,0.000,-47.133,32.667,0.000,0.000,0.000,0.026,6.4,11.30,28.0,0.000,0.000,0.006,0.000,0.000,0.000,0.006,0.000,0.006,0.000,0.000,0.000,0.000,0.026,0.006,0.000,0.006,0.000
41.5055,415,0,move,-1,41.5055,41.5174,0,0.000,-0.088,0.176,-0.176,-0.088,0.088,-0.264,-0.088,0.176,0.000,-0.176,-0.088,-0.088,-46.494,32.520,0.000,0.439,0.176,0.000,0.000,0.000,0.000,0.000,0.000,0.000,0.000,0.000,0.000,0.000,0.000,0.000,-47.133,32.667,0.000,0.000,0.000,0.026,6.4,11.30,28.0,0.000,0.000,0.006,0.000,0.000,0.000,0.006,0.000,0.006,0.000,0.000,0.000,0.000,0.026,0.006,0.000,0.006,0.000
41.6068,416,0,move,-1,41.6068,41.6273,0,0.000,-0.088,0.176,-0.176,-0.088,0.088,-0.264,-0.088,0.176,0.000,-0.176,-0.088,-0.088,-46.494,32.520,0.000,0.439,0.176,0.000,0.000,0.000,0.000,0.000,0.000,0.000,0.000,0.000,0.000,0.000,0.000,0.000,-47.133,32.667,0.000,0.000,0.000,0.026,6.4,11.30,28.0,0.000,0.000,0.000,0.000,0.000,0.000,0.006,0.000,0.000,0.000,0.000,0.000,0.000,0.026,0.006,0.000,0.006,0.000
41.7055,417,0,move,-1,41.7055,41.7173,0,0.000,-0.088,0.176,-0.176,-0.088,0.088,-0.264,-0.088,0.176,0.000,-0.176,-0.088,-0.088,-46.494,32.520,0.000,0.439,0.176,0.000,0.000,0.000,0.000,0.000,0.000,0.000,0.000,0.000,0.000,0.000,0.000,0.000,-47.133,32.667,0.000,0.000,0.000,0.026,6.4,11.30,28.0,0.000,0.000,0.000,0.000,0.000,0.000,0.006,0.000,0.000,0.000,0.000,0.000,0.000,0.026,0.006,0.000,0.006,0.000
41.8055,418,0,move,-1,41.8055,41.8177,0,0.000,-0.088,0.176,-0.176,-0.088,0.088,-0.264,-0.088,0.176,0.000,-0.176,-0.088,-0.088,-46.494,32.520,0.000,0.439,0.176,0.000,0.000,0.000,0.000,0.000,0.000,0.000,0.000,0.000,0.000,0.000,0.000,0.000,-47.133,32.667,0.000,0.000,0.000,0.026,6.4,11.30,28.0,0.000,0.000,0.006,0.000,0.000,0.000,0.000,0.000,0.000,0.000,0.000,0.000,0.000,0.026,0.006,0.000,0.013,0.006
41.9070,419,0,move,-1,41.9070,41.9157,0,0.000,-0.088,0.176,-0.176,-0.088,0.088,-0.264,-0.088,0.176,0.000,-0.176,-0.088,-0.088,-46.494,32.520,0.000,0.439,0.176,0.000,0.000,0.000,0.000,0.000,0.000,0.000,0.000,0.000,0.000,0.000,0.000,0.000,-47.133,32.667,0.000,0.000,0.000,0.026,6.4,11.30,28.0,0.000,0.000,0.006,0.000,0.000,0.000,0.000,0.000,0.000,0.000,0.000,0.000,0.000,0.026,0.006,0.000,0.013,0.006
42.0053,420,0,move,-1,42.0053,42.0200,0,0.000,-0.088,0.176,-0.176,-0.088,0.088,-0.264,-0.088,0.176,0.000,-0.176,-0.088,-0.088,-46.494,32.520,0.000,0.439,0.176,0.000,0.000,0.000,0.000,0.000,0.000,0.000,0.000,0.000,0.000,0.000,0.000,0.000,-47.233,32.716,0.000,0.000,0.000,0.026,6.4,11.30,28.0,0.000,0.000,0.000,0.000,0.000,0.000,0.000,0.000,0.000,0.000,0.000,0.000,0.000,0.026,0.006,0.000,0.006,0.000
42.1053,421,0,move,-1,42.1053,42.1174,0,0.000,-0.088,0.176,-0.176,-0.088,0.088,-0.264,-0.088,0.176,0.000,-0.176,-0.088,-0.088,-46.494,32.520,0.000,0.439,0.176,0.000,0.000,0.000,0.000,0.000,0.000,0.000,0.000,0.000,0.000,0.000,0.000,0.000,-47.522,32.856,0.000,0.000,0.000,0.026,6.4,11.30,28.0,0.000,0.000,0.000,0.000,0.000,0.000,0.000,0.000,0.000,0.000,0.000,0.000,0.000,0.026,0.006,0.000,0.006,0.000
42.2053,422,0,move,-1,42.2053,42.2157,0,0.000,-0.088,0.176,-0.176,-0.088,0.088,-0.264,-0.088,0.176,0.000,-0.176,-0.088,-0.088,-46.934,32.783,0.000,0.439,0.176,0.000,0.000,0.000,0.000,0.000,0.000,0.000,0.000,0.000,0.000,0.000,0.000,0.000,-47.971,33.071,0.000,0.000,0.000,0.026,7.6,11.30,28.0,0.000,0.000,0.000,0.006,0.000,0.000,0.000,0.000,0.000,0.000,0.006,0.000,0.006,0.026,0.013,0.000,0.013,0.006
42.3053,423,0,move,-1,42.3053,42.3173,0,0.000,-0.088,0.176,-0.176,-0.088,0.088,-0.264,-0.088,0.176,0.000,-0.176,-0.088,-0.088,-47.373,33.047,0.000,0.439,0.176,0.000,0.000,0.000,0.000,0.000,0.000,0.000,0.000,0.000,0.000,0.000,0.000,0.000,-48.535,33.340,0.000,0.000,0.000,0.026,6.8,11.30,28.0,0.000,0.000,0.000,0.006,0.000,0.000,0.000,0.000,0.000,0.000,0.000,0.000,0.000,0.026,0.006,0.000,0.013,0.000
42.4054,424,0,move,-1,42.4054,42.4159,0,0.000,-0.088,0.176,-0.176,-0.088,0.088,-0.264,-0.088,0.176,0.000,-0.176,-0.088,-0.088,-47.637,33.135,0.000,0.439,0.176,0.000,0.000,0.000,0.000,0.000,0.000,0.000,0.000,0.000,0.000,0.000,0.000,0.000,-49.154,33.634,0.000,0.000,0.000,0.026,6.8,11.30,28.0,0.000,0.000,0.000,0.006,0.000,0.000,0.000,0.000,0.000,0.000,0.000,0.000,0.000,0.026,0.006,0.000,0.013,0.000
42.5053,425,0,move,-1,42.5053,42.5149,0,0.000,-0.088,0.176,-0.176,-0.088,0.088,-0.264,-0.088,0.176,0.000,-0.176,-0.088,-0.088,-48.428,33.662,0.000,0.439,0.176,0.000,0.000,0.000,0.000,0.000,0.000,0.000,0.000,0.000,0.000,0.000,0.000,0.000,-49.772,33.924,0.000,0.000,0.000,0.019,6.8,11.30,28.0,0.000,0.000,0.000,0.006,0.000,0.000,0.000,0.000,0.000,0.000,0.000,0.000,0.000,0.019,0.006,0.000,0.006,0.000
42.6055,426,0,move,-1,42.6055,42.6201,0,0.000,-0.088,0.176,-0.176,-0.088,0.088,-0.264,-0.088,0.176,0.000,-0.176,-0.088,-0.088,-49.131,33.750,0.000,0.439,0.176,0.000,0.000,0.000,0.000,0.000,0.000,0.000,0.000,0.000,0.000,0.000,0.000,0.000,-50.327,34.182,0.000,0.000,0.000,0.019,5.6,11.30,28.0,0.000,0.000,0.006,0.006,0.000,0.000,0.006,0.000,0.000,0.000,0.006,0.000,0.000,0.019,0.006,0.000,0.013,0.000
42.7054,427,0,move,-1,42.7054,42.7162,0,0.000,-0.088,0.176,-0.176,-0.088,0.088,-0.264,-0.088,0.176,0.000,-0.176,-0.088,-0.088,-49.746,34.102,0.000,0.439,0.176,0.000,0.000,0.000,0.000,0.000,0.000,0.000,0.000,0.000,0.000,0.000,0.000,0.000,-50.765,34.384,0.000,0.000,0.000,0.019,5.6,11.30,28.0,0.000,0.000,0.006,0.006,0.000,0.000,0.006,0.000,0.000,0.000,0.006,0.000,0.000,0.019,0.006,0.000,0.013,0.000
42.8055,428,0,move,-1,42.8055,42.8211,0,0.000,-0.088,0.176,-0.176,-0.088,0.088,-0.264,-0.088,0.176,0.000,-0.176,-0.088,-0.088,-50.273,34.365,0.000,0.439,0.176,0.000,0.000,0.000,0.000,0.000,0.000,0.000,0.000,0.000,0.000,0.000,0.000,0.000,-51.045,34.512,0.000,0.000,0.000,0.013,4.8,11.30,28.0,0.006,0.000,0.000,0.000,0.000,0.000,0.000,0.000,0.000,0.000,0.006,0.000,0.000,0.013,0.006,0.000,0.006,0.000
42.9054,429,0,move,-1,42.9054,42.9171,0,0.000,-0.088,0.176,-0.176,-0.088,0.088,-0.264,-0.088,0.176,0.000,-0.176,-0.088,-0.088,-50.713,34.541,0.000,0.439,0.176,0.000,0.000,0.000,0.000,0.000,0.000,0.000,0.000,0.000,0.000,0.000,0.000,0.000,-51.141,34.556,0.000,0.000,0.000,0.013,4.8,11.30,28.0,0.006,0.000,0.000,0.000,0.000,0.000,0.000,0.000,0.000,0.000,0.006,0.000,0.000,0.013,0.006,0.000,0.006,0.000
43.0053,430,0,move,-1,43.0053,43.0183,0,0.000,-0.088,0.176,-0.176,-0.088,0.088,-0.264,-0.088,0.176,0.000,-0.176,-0.088,-0.088,-50.713,34.541,0.000,0.439,0.176,0.000,0.000,0.000,0.000,0.000,0.000,0.000,0.000,0.000,0.000,0.000,0.000,0.000,-51.141,34.556,0.000,0.000,0.000,0.019,5.2,11.30,28.0,0.000,0.000,0.000,0.000,0.000,0.000,0.006,0.000,0.006,0.000,0.000,0.000,0.000,0.019,0.000,0.000,0.013,0.000
43.1054,431,0,move,-1,43.1054,43.1163,0,0.000,-0.088,0.176,-0.176,-0.088,0.088,-0.264,-0.088,0.176,0.000,-0.176,-0.088,-0.088,-50.713,34.541,0.000,0.439,0.176,0.000,0.000,0.000,0.000,0.000,0.000,0.000,0.000,0.000,0.000,0.000,0.000,0.000,-51.141,34.556,0.000,0.000,0.000,0.019,5.2,11.30,28.0,0.000,0.000,0.000,0.000,0.000,0.000,0.006,0.000,0.006,0.000,0.000,0.000,0.000,0.019,0.000,0.000,0.013,0.000
43.2054,432,0,move,-1,43.2054,43.2170,0,0.000,-0.088,0.176,-0.176,-0.088,0.088,-0.264,-0.088,0.176,0.000,-0.176,-0.088,-0.088,-50.713,34.541,0.000,0.439,0.176,0.000,0.000,0.000,0.000,0.000,0.000,0.000,0.000,0.000,0.000,0.000,0.000,0.000,-51.141,34.556,0.000,0.000,0.000,0.019,4.8,11.30,28.0,0.000,0.000,0.006,0.000,0.000,0.000,0.000,0.000,0.000,0.000,0.000,0.000,0.000,0.019,0.000,0.000,0.013,0.000
43.3054,433,0,move,-1,43.3054,43.3207,0,0.000,-0.088,0.176,-0.176,-0.088,0.088,-0.264,-0.088,0.176,0.000,-0.176,-0.088,-0.088,-50.713,34.541,0.000,0.439,0.176,0.000,0.000,0.000,0.000,0.000,0.000,0.000,0.000,0.000,0.000,0.000,0.000,0.000,-51.141,34.556,0.000,0.000,0.000,0.019,4.8,11.30,28.0,0.000,0.000,0.000,0.000,0.000,0.000,0.006,0.000,0.006,0.000,0.006,0.000,0.000,0.019,0.000,0.000,0.006,0.000
43.4053,434,0,move,-1,43.4053,43.4125,0,0.000,-0.088,0.176,-0.176,-0.088,0.088,-0.264,-0.088,0.176,0.000,-0.176,-0.088,-0.088,-50.713,34.541,0.000,0.439,0.176,0.000,0.000,0.000,0.000,0.000,0.000,0.000,0.000,0.000,0.000,0.000,0.000,0.000,-51.141,34.556,0.000,0.000,0.000,0.019,4.8,11.30,28.0,0.000,0.000,0.000,0.000,0.000,0.000,0.006,0.000,0.006,0.000,0.006,0.000,0.000,0.019,0.000,0.000,0.006,0.000
43.5055,435,0,move,-1,43.5055,43.5182,0,0.000,-0.088,0.176,-0.176,-0.088,0.088,-0.264,-0.088,0.176,0.000,-0.176,-0.088,-0.088,-50.713,34.541,0.000,0.439,0.176,0.000,0.000,0.000,0.000,0.000,0.000,0.000,0.000,0.000,0.000,0.000,0.000,0.000,-51.141,34.556,0.000,0.000,0.000,0.019,4.8,11.30,28.0,0.000,0.000,0.000,0.000,0.000,0.000,0.006,0.000,0.000,0.000,0.000,0.000,0.000,0.019,0.000,0.000,0.006,0.000
43.6055,436,0,move,-1,43.6055,43.6216,0,0.000,-0.088,0.176,-0.176,-0.088,0.088,-0.264,-0.088,0.176,0.000,-0.176,-0.088,-0.088,-50.713,34.541,0.000,0.439,0.176,0.000,0.000,0.000,0.000,0.000,0.000,0.000,0.000,0.000,0.000,0.000,0.000,0.000,-51.141,34.556,0.000,0.000,0.000,0.019,4.8,11.30,28.0,0.000,0.000,0.000,0.000,0.000,0.000,0.006,0.000,0.000,0.000,0.006,0.000,0.000,0.019,0.000,0.000,0.006,0.000
43.7054,437,0,move,-1,43.7054,43.7168,0,0.000,-0.088,0.176,-0.176,-0.088,0.088,-0.264,-0.088,0.176,0.000,-0.176,-0.088,-0.088,-50.713,34.541,0.000,0.439,0.176,0.000,0.000,0.000,0.000,0.000,0.000,0.000,0.000,0.000,0.000,0.000,0.000,0.000,-51.141,34.556,0.000,0.000,0.000,0.019,4.8,11.30,28.0,0.000,0.000,0.000,0.000,0.000,0.000,0.006,0.000,0.000,0.000,0.006,0.000,0.000,0.019,0.000,0.000,0.006,0.000
43.8053,438,0,move,-1,43.8053,43.8147,0,0.000,-0.088,0.176,-0.176,-0.088,0.088,-0.264,-0.088,0.176,0.000,-0.176,-0.088,-0.088,-50.713,34.541,0.000,0.439,0.176,0.000,0.000,0.000,0.000,0.000,0.000,0.000,0.000,0.000,0.000,0.000,0.000,0.000,-51.141,34.556,0.000,0.000,0.000,0.019,4.8,11.30,28.0,0.000,0.000,0.006,0.000,0.000,0.000,0.000,0.000,0.000,0.000,0.000,0.000,0.000,0.019,0.000,0.000,0.013,0.000
43.9053,439,0,move,-1,43.9053,43.9168,0,0.000,-0.088,0.176,-0.176,-0.088,0.088,-0.264,-0.088,0.176,0.000,-0.176,-0.088,-0.088,-50.713,34.541,0.000,0.439,0.176,0.000,0.000,0.000,0.000,0.000,0.000,0.000,0.000,0.000,0.000,0.000,0.000,0.000,-51.141,34.556,0.000,0.000,0.000,0.019,4.8,11.30,28.0,0.000,0.000,0.000,0.006,0.000,0.000,0.006,0.000,0.000,0.000,0.006,0.000,0.000,0.019,0.000,0.000,0.006,0.000
44.0053,440,0,move,-1,44.0053,44.0158,0,0.000,-0.088,0.176,-0.176,-0.088,0.088,-0.264,-0.088,0.176,0.000,-0.176,-0.088,-0.088,-50.713,34.541,0.000,0.439,0.176,0.000,0.000,0.000,0.000,0.000,0.000,0.000,0.000,0.000,0.000,0.000,0.000,0.000,-51.141,34.556,0.000,0.000,0.000,0.019,4.8,11.30,28.0,0.000,0.000,0.000,0.006,0.000,0.000,0.006,0.000,0.000,0.000,0.006,0.000,0.000,0.019,0.000,0.000,0.006,0.000
44.1053,441,0,move,-1,44.1053,44.1183,0,0.000,-0.088,0.176,-0.176,-0.088,0.088,-0.264,-0.088,0.176,0.000,-0.176,-0.088,-0.088,-50.713,34.541,0.000,0.439,0.176,0.000,0.000,0.000,0.000,0.000,0.000,0.000,0.000,0.000,0.000,0.000,0.000,0.000,-51.141,34.556,0.000,0.000,0.000,0.019,4.8,11.30,28.0,0.000,0.000,0.006,0.000,0.000,0.000,0.006,0.000,0.000,0.000,0.000,0.000,0.000,0.019,0.000,0.000,0.006,0.006
44.2055,442,0,move,-1,44.2055,44.2178,0,0.000,-0.088,0.176,-0.176,-0.088,0.088,-0.264,-0.088,0.176,0.000,-0.176,-0.088,-0.088,-50.713,34.541,0.000,0.439,0.176,0.000,0.000,0.000,0.000,0.000,0.000,0.000,0.000,0.000,0.000,0.000,0.000,0.000,-51.141,34.556,0.000,0.000,0.000,0.019,4.8,11.30,28.0,0.000,0.000,0.006,0.000,0.000,0.000,0.006,0.000,0.000,0.000,0.000,0.000,0.000,0.019,0.000,0.000,0.006,0.006
44.3055,443,0,move,-1,44.3055,44.3165,0,0.000,-0.088,0.176,-0.176,-0.088,0.088,-0.264,-0.088,0.176,0.000,-0.176,-0.088,-0.088,-50.713,34.541,0.000,0.439,0.176,0.000,0.000,0.000,0.000,0.000,0.000,0.000,0.000,0.000,0.000,0.000,0.000,0.000,-51.141,34.556,0.000,0.000,0.000,0.019,4.8,11.30,28.0,0.000,0.000,0.000,0.006,0.000,0.000,0.006,0.000,0.006,0.000,0.006,0.000,0.000,0.019,0.000,0.000,0.006,0.000
44.4061,444,0,move,-1,44.4061,44.4295,0,0.000,-0.088,0.176,-0.176,-0.088,0.088,-0.264,-0.088,0.176,0.000,-0.176,-0.088,-0.088,-50.713,34.541,0.000,0.439,0.176,0.000,0.000,0.000,0.000,0.000,0.000,0.000,0.000,0.000,0.000,0.000,0.000,0.000,-51.141,34.556,0.000,0.000,0.000,0.013,4.8,11.30,28.0,0.000,0.000,0.000,0.006,0.000,0.000,0.000,0.000,0.006,0.000,0.000,0.000,0.000,0.013,0.000,0.000,0.013,0.006
44.5053,445,0,move,-1,44.5053,44.5195,0,0.000,-0.088,0.176,-0.176,-0.088,0.088,-0.264,-0.088,0.176,0.000,-0.176,-0.088,-0.088,-50.713,34.541,0.000,0.439,0.176,0.000,0.000,0.000,0.000,0.000,0.000,0.000,0.000,0.000,0.000,0.000,0.000,0.000,-51.141,34.556,0.000,0.000,0.000,0.013,4.8,11.30,28.0,0.000,0.000,0.000,0.006,0.000,0.000,0.000,0.000,0.006,0.000,0.000,0.000,0.000,0.013,0.000,0.000,0.013,0.006
44.6053,446,0,move,-1,44.6053,44.6166,0,0.000,-0.088,0.176,-0.176,-0.088,0.088,-0.264,-0.088,0.176,0.000,-0.176,-0.088,-0.088,-50.801,34.541,0.000,0.439,0.176,0.000,0.000,0.000,0.000,0.000,0.000,0.000,0.000,0.000,0.000,0.000,0.000,0.000,-51.141,34.556,0.000,0.000,0.000,0.000,0.0,11.30,31.0,0.000,0.000,0.000,0.000,0.000,0.000,0.000,0.000,0.000,0.000,0.000,0.000,0.000,0.000,0.000,0.000,0.000,0.000
44.7057,447,0,move,-1,44.7057,44.7154,0,0.000,-0.088,0.176,-0.176,-0.088,0.088,-0.264,-0.088,0.176,0.000,-0.176,-0.088,-0.088,-50.801,34.541,0.000,0.439,0.176,0.000,0.000,0.000,0.000,0.000,0.000,0.000,0.000,0.000,0.000,0.000,0.000,0.000,-51.141,34.556,0.000,0.000,0.000,0.000,0.0,11.30,31.0,0.000,0.000,0.000,0.000,0.000,0.000,0.000,0.000,0.000,0.000,0.000,0.000,0.000,0.000,0.000,0.000,0.000,0.000
44.8134,448,0,move,-1,44.8134,44.8289,0,0.000,-0.088,0.176,-0.176,-0.088,0.088,-0.264,-0.088,0.176,0.000,-0.176,-0.088,-0.088,-50.801,34.541,0.000,0.439,0.176,0.000,0.000,0.000,0.000,0.000,0.000,0.000,0.000,0.000,0.000,0.000,0.000,0.000,-51.141,34.556,0.000,0.000,0.000,0.013,4.0,11.30,28.0,0.000,0.000,0.000,0.006,0.000,0.000,0.006,0.000,0.000,0.000,0.000,0.000,0.000,0.013,0.000,0.000,0.013,0.000
44.9093,449,0,move,-1,44.9093,44.9196,0,0.000,-0.088,0.176,-0.176,-0.088,0.088,-0.264,-0.088,0.176,0.000,-0.176,-0.088,-0.088,-50.801,34.541,0.000,0.439,0.176,0.000,0.000,0.000,0.000,0.000,0.000,0.000,0.000,0.000,0.000,0.000,0.000,0.000,-51.141,34.556,0.000,0.000,0.000,0.013,4.0,11.30,28.0,0.000,0.000,0.000,0.006,0.000,0.000,0.006,0.000,0.000,0.000,0.000,0.000,0.000,0.013,0.000,0.000,0.013,0.000
45.0055,450,0,move,-1,45.0055,45.0180,0,0.000,-0.088,0.176,-0.176,-0.088,0.088,-0.264,-0.088,0.176,0.000,-0.176,-0.088,-0.088,-50.801,34.541,0.000,0.439,0.176,0.000,0.000,0.000,0.000,0.000,0.000,0.000,0.000,0.000,0.000,0.000,0.000,0.000,-51.141,34.556,0.000,0.000,0.000,0.013,4.0,11.30,28.0,0.000,0.000,0.000,0.006,0.000,0.000,0.000,0.000,0.000,0.000,0.000,0.000,0.000,0.013,0.000,0.000,0.006,0.000
45.1055,451,0,move,-1,45.1055,45.1162,0,0.000,-0.088,0.176,-0.176,-0.088,0.088,-0.264,-0.088,0.176,0.000,-0.176,-0.088,-0.088,-50.801,34.541,0.000,0.439,0.176,0.000,0.000,0.000,0.000,0.000,0.000,0.000,0.000,0.000,0.000,0.000,0.000,0.000,-51.141,34.556,0.000,0.000,0.000,0.013,4.0,11.30,28.0,0.000,0.000,0.000,0.006,0.000,0.000,0.000,0.000,0.000,0.000,0.000,0.000,0.000,0.013,0.000,0.000,0.006,0.000
45.2053,452,0,move,-1,45.2053,45.2163,0,0.000,-0.088,0.176,-0.176,-0.088,0.088,-0.264,-0.088,0.176,0.000,-0.176,-0.088,-0.088,-50.801,34.541,0.000,0.439,0.176,0.000,0.000,0.000,0.000,0.000,0.000,0.000,0.000,0.000,0.000,0.000,0.000,0.000,-51.141,34.556,0.000,0.000,0.000,0.013,4.0,11.30,28.0,0.000,0.000,0.000,0.006,0.000,0.000,0.006,0.000,0.000,0.000,0.000,0.000,0.000,0.013,0.000,0.000,0.013,0.000
45.3053,453,0,move,-1,45.3053,45.3158,0,0.000,-0.088,0.176,-0.176,-0.088,0.088,-0.264,-0.088,0.176,0.000,-0.176,-0.088,-0.088,-50.801,34.541,0.000,0.439,0.176,0.000,0.000,0.000,0.000,0.000,0.000,0.000,0.000,0.000,0.000,0.000,0.000,0.000,-51.141,34.556,0.000,0.000,0.000,0.013,4.0,11.30,28.0,0.000,0.000,0.000,0.006,0.000,0.000,0.006,0.000,0.000,0.000,0.000,0.000,0.000,0.013,0.000,0.000,0.013,0.000
45.4053,454,0,move,-1,45.4053,45.4160,0,0.000,-0.088,0.176,-0.176,-0.088,0.088,-0.264,-0.088,0.176,0.000,-0.176,-0.088,-0.088,-50.801,34.541,0.000,0.439,0.176,0.000,0.000,0.000,0.000,0.000,0.000,0.000,0.000,0.000,0.000,0.000,0.000,0.000,-51.141,34.556,0.000,0.000,0.000,0.019,4.0,11.30,28.0,0.000,0.000,0.000,0.000,0.000,0.000,0.000,0.000,0.000,0.000,0.000,0.000,0.000,0.019,0.000,0.000,0.006,0.000
45.5055,455,0,move,-1,45.5055,45.5157,0,0.000,-0.088,0.176,-0.176,-0.088,0.088,-0.264,-0.088,0.176,0.000,-0.176,-0.088,-0.088,-50.801,34.541,0.000,0.439,0.176,0.000,0.000,0.000,0.000,0.000,0.000,0.000,0.000,0.000,0.000,0.000,0.000,0.000,-51.141,34.556,0.000,0.000,0.000,0.019,4.0,11.30,28.0,0.000,0.000,0.000,0.000,0.000,0.000,0.000,0.000,0.000,0.000,0.000,0.000,0.000,0.019,0.000,0.000,0.006,0.000
45.6055,456,0,move,-1,45.6055,45.6159,0,0.000,-0.088,0.176,-0.176,-0.088,0.088,-0.264,-0.088,0.176,0.000,-0.176,-0.088,-0.088,-50.801,34.541,0.000,0.439,0.176,0.000,0.000,0.000,0.000,0.000,0.000,0.000,0.000,0.000,0.000,0.000,0.000,0.000,-51.141,34.556,0.000,0.000,0.000,0.013,4.0,11.30,28.0,0.000,0.000,0.000,0.000,0.000,0.000,0.006,0.000,0.000,0.000,0.006,0.000,0.000,0.013,0.000,0.000,0.006,0.000
45.7055,457,0,move,-1,45.7055,45.7182,0,0.000,-0.088,0.176,-0.176,-0.088,0.088,-0.264,-0.088,0.176,0.000,-0.176,-0.088,-0.088,-50.801,34.541,0.000,0.439,0.176,0.000,0.000,0.000,0.000,0.000,0.000,0.000,0.000,0.000,0.000,0.000,0.000,0.000,-51.141,34.556,0.000,0.000,0.000,0.019,4.0,11.30,28.0,0.000,0.000,0.000,0.006,0.000,0.000,0.006,0.000,0.000,0.000,0.000,0.000,0.000,0.019,0.000,0.000,0.006,0.006
45.8053,458,0,move,-1,45.8053,45.8168,0,0.000,-0.088,0.176,-0.176,-0.088,0.088,-0.264,-0.088,0.176,0.000,-0.176,-0.088,-0.088,-50.801,34.541,0.000,0.439,0.176,0.000,0.000,0.000,0.000,0.000,0.000,0.000,0.000,0.000,0.000,0.000,0.000,0.000,-51.141,34.556,0.000,0.000,0.000,0.019,4.0,11.30,28.0,0.000,0.000,0.000,0.006,0.000,0.000,0.006,0.000,0.000,0.000,0.000,0.000,0.000,0.019,0.000,0.000,0.006,0.006
45.9053,459,0,move,-1,45.9053,45.9197,0,0.000,-0.088,0.176,-0.176,-0.088,0.088,-0.264,-0.088,0.176,0.000,-0.176,-0.088,-0.088,-50.801,34.541,0.000,0.439,0.176,0.000,0.000,0.000,0.000,0.000,0.000,0.000,0.000,0.000,0.000,0.000,0.000,0.000,-51.141,34.556,0.000,0.000,0.000,0.019,4.0,11.30,28.0,0.000,0.000,0.000,0.006,0.000,0.000,0.000,0.000,0.000,0.000,0.000,0.000,0.000,0.019,0.000,0.000,0.006,0.006
46.0055,460,0,move,-1,46.0055,46.0162,0,0.000,-0.088,0.176,-0.176,-0.088,0.088,-0.264,-0.088,0.176,0.000,-0.176,-0.088,-0.088,-50.801,34.541,0.000,0.439,0.176,0.000,0.000,0.000,0.000,0.000,0.000,0.000,0.000,0.000,0.000,0.000,0.000,0.000,-51.045,34.512,0.000,0.000,0.000,0.019,4.0,11.30,28.0,0.000,0.000,0.000,0.006,0.000,0.000,0.000,0.000,0.000,0.000,0.000,0.000,0.000,0.019,0.000,0.000,0.006,0.006
46.1053,461,0,move,-1,46.1053,46.1174,0,0.000,-0.088,0.176,-0.176,-0.088,0.088,-0.264,-0.088,0.176,0.000,-0.176,-0.088,-0.088,-50.801,34.541,0.000,0.439,0.176,0.000,0.000,0.000,0.000,0.000,0.000,0.000,0.000,0.000,0.000,0.000,0.000,0.000,-50.765,34.384,0.000,0.000,0.000,0.013,4.0,11.30,28.0,0.000,0.000,0.000,0.000,0.000,0.000,0.006,0.000,0.000,0.000,0.000,0.000,0.000,0.013,0.000,0.000,0.013,0.006
46.2055,462,0,move,-1,46.2055,46.2163,0,0.000,-0.088,0.176,-0.176,-0.088,0.088,-0.264,-0.088,0.176,0.000,-0.176,-0.088,-0.088,-50.625,34.541,0.000,0.439,0.176,0.000,0.000,0.000,0.000,0.000,0.000,0.000,0.000,0.000,0.000,0.000,0.000,0.000,-50.327,34.182,0.000,0.000,0.000,0.013,4.0,11.30,28.0,0.000,0.000,0.000,0.000,0.000,0.000,0.006,0.000,0.000,0.000,0.000,0.000,0.000,0.013,0.000,0.000,0.013,0.006
46.3054,463,0,move,-1,46.3054,46.3167,0,0.000,-0.088,0.176,-0.176,-0.088,0.088,-0.264,-0.088,0.176,0.000,-0.176,-0.088,-0.088,-50.537,34.277,0.000,0.439,0.176,0.000,0.000,0.000,0.000,0.000,0.000,0.000,0.000,0.000,0.000,0.000,0.000,0.000,-49.772,33.924,0.000,0.000,0.000,0.013,4.4,11.30,29.0,0.000,0.000,0.000,0.000,0.000,0.000,0.006,0.000,0.000,0.000,0.000,0.000,0.000,0.000,0.013,0.000,0.013,0.000
46.4082,464,0,move,-1,46.4082,46.4446,0,0.000,-0.088,0.176,-0.176,-0.088,0.088,-0.264,-0.088,0.176,0.000,-0.176,-0.088,-0.088,-50.010,33.838,0.000,0.439,0.176,0.000,0.000,0.000,0.000,0.000,0.000,0.000,0.000,0.000,0.000,0.000,0.000,0.000,-49.154,33.634,0.000,0.000,0.000,0.013,4.4,11.30,28.0,0.000,0.000,0.006,0.006,0.000,0.000,0.006,0.000,0.006,0.000,0.000,0.000,0.000,0.013,0.013,0.000,0.006,0.000
46.5074,465,0,move,-1,46.5074,46.5280,0,0.000,-0.088,0.176,-0.176,-0.088,0.088,-0.264,-0.088,0.176,0.000,-0.176,-0.088,-0.088,-49.482,33.838,0.000,0.439,0.176,0.000,0.000,0.000,0.000,0.000,0.000,0.000,0.000,0.000,0.000,0.000,0.000,0.000,-48.535,33.340,0.000,0.000,0.000,0.013,4.4,11.30,28.0,0.000,0.000,0.006,0.006,0.000,0.000,0.006,0.000,0.006,0.000,0.000,0.000,0.000,0.013,0.013,0.000,0.006,0.000
46.6059,466,0,move,-1,46.6059,46.6168,0,0.000,-0.088,0.176,-0.176,-0.088,0.088,-0.264,-0.088,0.176,0.000,-0.176,-0.088,-0.088,-48.779,33.311,0.000,0.439,0.176,0.000,0.000,0.000,0.000,0.000,0.000,0.000,0.000,0.000,0.000,0.000,0.000,0.000,-47.971,33.071,0.000,0.000,0.000,0.019,5.2,11.30,29.0,0.000,0.000,0.006,0.000,0.000,0.000,0.006,0.000,0.006,0.000,0.000,0.000,0.000,0.013,0.019,0.000,0.006,0.000
46.7053,467,0,move,-1,46.7053,46.7160,0,0.000,-0.088,0.176,-0.176,-0.088,0.088,-0.264,-0.088,0.176,0.000,-0.176,-0.088,-0.088,-48.252,33.135,0.000,0.439,0.176,0.000,0.000,0.000,0.000,0.000,0.000,0.000,0.000,0.000,0.000,0.000,0.000,0.000,-47.522,32.856,0.000,0.000,0.000,0.019,5.2,11.30,29.0,0.000,0.000,0.006,0.000,0.000,0.000,0.006,0.000,0.006,0.000,0.000,0.000,0.000,0.013,0.019,0.000,0.006,0.000
46.8055,468,0,move,-1,46.8055,46.8166,0,0.000,-0.088,0.176,-0.176,-0.088,0.088,-0.264,-0.088,0.176,0.000,-0.176,-0.088,-0.088,-47.812,32.871,0.000,0.439,0.176,0.000,0.000,0.000,0.000,0.000,0.000,0.000,0.000,0.000,0.000,0.000,0.000,0.000,-47.233,32.716,0.000,0.000,0.000,0.013,4.4,11.30,28.0,0.000,0.000,0.000,0.006,0.000,0.000,0.006,0.000,0.000,0.000,0.000,0.000,0.000,0.013,0.000,0.000,0.013,0.000
46.9053,469,0,move,-1,46.9053,46.9264,0,0.000,-0.088,0.176,-0.176,-0.088,0.088,-0.264,-0.088,0.176,0.000,-0.176,-0.088,-0.088,-47.285,32.871,0.000,0.439,0.176,0.000,0.000,0.000,0.000,0.000,0.000,0.000,0.000,0.000,0.000,0.000,0.000,0.000,-47.133,32.667,0.000,0.000,0.000,0.013,4.8,11.30,31.0,0.000,0.000,0.000,0.000,0.000,0.000,0.006,0.000,0.000,0.000,0.006,0.000,0.000,0.006,0.006,0.000,0.013,0.000
47.0054,470,0,move,-1,47.0054,47.0185,0,0.000,-0.088,0.176,-0.176,-0.088,0.088,-0.264,-0.088,0.176,0.000,-0.176,-0.088,-0.088,-47.197,32.871,0.000,0.439,0.176,0.000,0.000,0.000,0.000,0.000,0.000,0.000,0.000,0.000,0.000,0.000,0.000,0.000,-47.133,32.667,0.000,0.000,0.000,0.013,4.8,11.30,31.0,0.000,0.000,0.000,0.000,0.000,0.000,0.006,0.000,0.000,0.000,0.006,0.000,0.000,0.006,0.006,0.000,0.013,0.000
47.1054,471,0,move,-1,47.1054,47.1158,0,0.000,-0.088,0.176,-0.176,-0.088,0.088,-0.264,-0.088,0.176,0.000,-0.176,-0.088,-0.088,-47.197,32.871,0.000,0.439,0.176,0.000,0.000,0.000,0.000,0.000,0.000,0.000,0.000,0.000,0.000,0.000,0.000,0.000,-47.133,32.667,0.000,0.000,0.000,0.013,4.8,11.30,31.0,0.000,0.000,0.000,0.000,0.000,0.000,0.006,0.000,0.006,0.000,0.000,0.000,0.000,0.000,0.006,0.000,0.013,0.006
47.2066,472,0,move,-1,47.2066,47.2336,0,0.000,-0.088,0.176,-0.176,-0.088,0.088,-0.264,-0.088,0.176,0.000,-0.176,-0.088,-0.088,-47.197,32.871,0.000,0.439,0.176,0.000,0.000,0.000,0.000,0.000,0.000,0.000,0.000,0.000,0.000,0.000,0.000,0.000,-47.133,32.667,0.000,0.000,0.000,0.006,3.2,11.30,32.0,0.000,0.000,0.000,0.000,0.000,0.000,0.006,0.000,0.000,0.000,0.000,0.000,0.000,0.000,0.006,0.000,0.006,0.006
47.3054,473,0,move,-1,47.3054,47.3165,0,0.000,-0.088,0.176,-0.176,-0.088,0.088,-0.264,-0.088,0.176,0.000,-0.176,-0.088,-0.088,-47.197,32.871,0.000,0.439,0.176,0.000,0.000,0.000,0.000,0.000,0.000,0.000,0.000,0.000,0.000,0.000,0.000,0.000,-47.133,32.667,0.000,0.000,0.000,0.006,3.2,11.30,32.0,0.000,0.000,0.000,0.000,0.000,0.000,0.006,0.000,0.000,0.000,0.000,0.000,0.000,0.000,0.006,0.000,0.006,0.006
47.4053,474,0,move,-1,47.4053,47.4251,0,0.000,-0.088,0.176,-0.176,-0.088,0.088,-0.264,-0.088,0.176,0.000,-0.176,-0.088,-0.088,-47.197,32.871,0.000,0.439,0.176,0.000,0.000,0.000,0.000,0.000,0.000,0.000,0.000,0.000,0.000,0.000,0.000,0.000,-47.133,32.667,0.000,0.000,0.000,0.006,3.2,11.20,32.0,0.000,0.000,0.000,0.000,0.000,0.000,0.006,0.000,0.000,0.000,0.000,0.000,,0.000,0.000,0.000,0.006,0.006
47.5053,475,0,move,-1,47.5053,47.5154,0,0.000,-0.088,0.176,-0.176,-0.088,0.088,-0.264,-0.088,0.176,0.000,-0.176,-0.088,-0.088,-47.197,32.871,0.000,0.439,0.176,0.000,0.000,0.000,0.000,0.000,0.000,0.000,0.000,0.000,0.000,0.000,0.000,0.000,-47.133,32.667,0.000,0.000,0.000,0.006,3.2,11.20,32.0,0.000,0.000,0.000,0.000,0.000,0.000,0.006,0.000,0.000,0.000,0.000,0.000,,0.000,0.000,0.000,0.006,0.006
47.6055,476,0,move,-1,47.6055,47.6171,0,0.000,-0.088,0.176,-0.176,-0.088,0.088,-0.264,-0.088,0.176,0.000,-0.176,-0.088,-0.088,-47.197,32.871,0.000,0.439,0.176,0.000,0.000,0.000,0.000,0.000,0.000,0.000,0.000,0.000,0.000,0.000,0.000,0.000,-47.133,32.667,0.000,0.000,0.000,0.013,4.8,11.30,31.0,0.000,0.000,0.000,0.000,0.000,0.000,0.000,0.000,0.000,0.000,0.000,0.000,0.000,0.000,0.006,0.000,0.013,0.000
47.7053,477,0,move,-1,47.7053,47.7137,0,0.000,-0.088,0.176,-0.176,-0.088,0.088,-0.264,-0.088,0.176,0.000,-0.176,-0.088,-0.088,-47.197,32.871,0.000,0.439,0.176,0.000,0.000,0.000,0.000,0.000,0.000,0.000,0.000,0.000,0.000,0.000,0.000,0.000,-47.133,32.667,0.000,0.000,0.000,0.013,4.8,11.30,31.0,0.000,0.000,0.000,0.000,0.000,0.000,0.000,0.000,0.000,0.000,0.000,0.000,0.000,0.000,0.006,0.000,0.013,0.000
47.8150,478,0,move,-1,47.8150,47.8266,0,0.000,-0.088,0.176,-0.176,-0.088,0.088,-0.264,-0.088,0.176,0.000,-0.176,-0.088,-0.088,-47.197,32.871,0.000,0.439,0.176,0.000,0.000,0.000,0.000,0.000,0.000,0.000,0.000,0.000,0.000,0.000,0.000,0.000,-47.133,32.667,0.000,0.000,0.000,0.013,4.8,11.30,31.0,,0.000,0.000,0.000,0.000,0.000,0.006,0.000,0.000,0.000,0.000,0.000,0.000,0.000,0.000,0.000,0.013,0.000
47.9055,479,0,move,-1,47.9055,47.9158,0,0.000,-0.088,0.176,-0.176,-0.088,0.088,-0.264,-0.088,0.176,0.000,-0.176,-0.088,-0.088,-47.197,32.871,0.000,0.439,0.176,0.000,0.000,0.000,0.000,0.000,0.000,0.000,0.000,0.000,0.000,0.000,0.000,0.000,-47.133,32.667,0.000,0.000,0.000,0.013,4.8,11.30,31.0,,0.000,0.000,0.000,0.000,0.000,0.006,0.000,0.000,0.000,0.000,0.000,0.000,0.000,0.000,0.000,0.013,0.000
48.0079,480,0,move,-1,48.0079,48.0269,0,0.000,-0.088,0.176,-0.176,-0.088,0.088,-0.264,-0.088,0.176,0.000,-0.176,-0.088,-0.088,-47.197,32.871,0.000,0.439,0.176,0.000,0.000,0.000,0.000,0.000,0.000,0.000,0.000,0.000,0.000,0.000,0.000,0.000,-47.133,32.667,0.000,0.000,0.000,0.006,3.2,11.20,32.0,0.000,0.000,0.000,0.000,0.000,0.000,0.006,0.000,0.000,0.000,0.000,0.000,0.000,0.000,0.006,0.000,0.006,0.006
48.1080,481,0,move,-1,48.1080,48.1183,0,0.000,-0.088,0.176,-0.176,-0.088,0.088,-0.264,-0.088,0.176,0.000,-0.176,-0.088,-0.088,-47.197,32.871,0.000,0.439,0.176,0.000,0.000,0.000,0.000,0.000,0.000,0.000,0.000,0.000,0.000,0.000,0.000,0.000,-47.133,32.667,0.000,0.000,0.000,0.006,3.2,11.20,32.0,0.000,0.000,0.000,0.000,0.000,0.000,0.006,0.000,0.000,0.000,0.000,0.000,0.000,0.000,0.006,0.000,0.006,0.006
48.2054,482,0,move,-1,48.2054,48.2161,0,0.000,-0.088,0.176,-0.176,-0.088,0.088,-0.264,-0.088,0.176,0.000,-0.176,-0.088,-0.088,-47.197,32.871,0.000,0.439,0.176,0.000,0.000,0.000,0.000,0.000,0.000,0.000,0.000,0.000,0.000,0.000,0.000,0.000,-47.133,32.667,0.000,0.000,0.000,0.006,3.2,11.30,32.0,0.000,0.000,0.000,0.000,0.000,0.000,0.006,0.000,0.000,0.000,0.000,0.000,0.000,0.000,0.000,0.000,0.006,0.000
48.3053,483,0,move,-1,48.3053,48.3151,0,0.000,-0.088,0.176,-0.176,-0.088,0.088,-0.264,-0.088,0.176,0.000,-0.176,-0.088,-0.088,-47.197,32.871,0.000,0.439,0.176,0.000,0.000,0.000,0.000,0.000,0.000,0.000,0.000,0.000,0.000,0.000,0.000,0.000,-47.133,32.667,0.000,0.000,0.000,0.006,3.2,11.30,32.0,0.000,0.000,0.000,0.000,0.000,0.000,0.006,0.000,0.000,0.000,0.000,0.000,0.000,0.000,0.000,0.000,0.006,0.000
48.4053,484,0,move,-1,48.4053,48.4194,0,0.000,-0.088,0.176,-0.176,-0.088,0.088,-0.264,-0.088,0.176,0.000,-0.176,-0.088,-0.088,-47.197,32.871,0.000,0.439,0.176,0.000,0.000,0.000,0.000,0.000,0.000,0.000,0.000,0.000,0.000,0.000,0.000,0.000,-47.133,32.667,0.000,0.000,0.000,0.006,2.4,11.30,32.0,0.000,0.000,0.000,0.006,0.000,0.000,0.006,0.000,0.006,0.000,0.000,0.000,0.000,0.000,0.006,0.000,0.006,0.006
48.5055,485,0,move,-1,48.5055,48.5176,0,0.000,-0.088,0.176,-0.176,-0.088,0.088,-0.264,-0.088,0.176,0.000,-0.176,-0.088,-0.088,-47.197,32.871,0.000,0.439,0.176,0.000,0.000,0.000,0.000,0.000,0.000,0.000,0.000,0.000,0.000,0.000,0.000,0.000,-47.133,32.667,0.000,0.000,0.000,0.006,2.4,11.30,32.0,0.000,0.000,0.000,0.006,0.000,0.000,0.006,0.000,0.006,0.000,0.000,0.000,0.000,0.000,0.006,0.000,0.006,0.006
48.6070,486,0,move,-1,48.6070,48.6136,0,0.000,-0.088,0.176,-0.176,-0.088,0.088,-0.264,-0.088,0.176,0.000,-0.176,-0.088,-0.088,-47.197,32.871,0.000,0.439,0.176,0.000,0.000,0.000,0.000,0.000,0.000,0.000,0.000,0.000,0.000,0.000,0.000,0.000,-47.133,32.667,0.000,0.000,0.000,0.006,2.4,11.30,32.0,,0.000,0.006,0.000,0.000,0.000,0.006,0.000,0.000,0.000,0.000,0.000,0.000,0.000,0.006,0.000,0.006,0.000
48.7055,487,0,move,-1,48.7055,48.7181,0,0.000,-0.088,0.176,-0.176,-0.088,0.088,-0.264,-0.088,0.176,0.000,-0.176,-0.088,-0.088,-47.197,32.871,0.000,0.439,0.176,0.000,0.000,0.000,0.000,0.000,0.000,0.000,0.000,0.000,0.000,0.000,0.000,0.000,-47.133,32.667,0.000,0.000,0.000,0.013,4.8,11.30,31.0,0.000,0.000,0.000,0.000,0.000,0.000,0.006,0.000,0.006,0.000,0.000,0.000,0.000,0.000,0.006,0.000,0.013,0.006
48.8054,488,0,move,-1,48.8054,48.8169,0,0.000,-0.088,0.176,-0.176,-0.088,0.088,-0.264,-0.088,0.176,0.000,-0.176,-0.088,-0.088,-47.197,32.871,0.000,0.439,0.176,0.000,0.000,0.000,0.000,0.000,0.000,0.000,0.000,0.000,0.000,0.000,0.000,0.000,-47.133,32.667,0.000,0.000,0.000,0.013,4.8,11.30,31.0,0.000,0.000,0.000,0.000,0.000,0.000,0.006,0.000,0.006,0.000,0.000,0.000,0.000,0.000,0.006,0.000,0.013,0.006
48.9055,489,0,move,-1,48.9055,48.9197,0,0.000,-0.088,0.176,-0.176,-0.088,0.088,-0.264,-0.088,0.176,0.000,-0.176,-0.088,-0.088,-47.197,32.871,0.000,0.439,0.176,0.000,0.000,0.000,0.000,0.000,0.000,0.000,0.000,0.000,0.000,0.000,0.000,0.000,-47.133,32.667,0.000,0.000,0.000,0.006,2.4,11.30,29.0,0.000,0.000,0.000,0.000,0.000,0.000,0.000,0.000,0.000,0.000,0.000,0.000,0.000,0.000,0.006,0.000,0.006,0.000
49.0055,490,0,move,-1,49.0055,49.0154,0,0.000,-0.088,0.176,-0.176,-0.088,0.088,-0.264,-0.088,0.176,0.000,-0.176,-0.088,-0.088,-47.197,32.871,0.000,0.439,0.176,0.000,0.000,0.000,0.000,0.000,0.000,0.000,0.000,0.000,0.000,0.000,0.000,0.000,-47.133,32.667,0.000,0.000,0.000,0.006,2.4,11.30,29.0,0.000,0.000,0.000,0.000,0.000,0.000,0.000,0.000,0.000,0.000,0.000,0.000,0.000,0.000,0.006,0.000,0.006,0.000
49.1184,491,0,move,-1,49.1184,49.1321,0,0.000,-0.088,0.176,-0.176,-0.088,0.088,-0.264,-0.088,0.176,0.000,-0.176,-0.088,-0.088,-47.197,32.871,0.000,0.439,0.176,0.000,0.000,0.000,0.000,0.000,0.000,0.000,0.000,0.000,0.000,0.000,0.000,0.000,-47.133,32.667,0.000,0.000,0.000,0.006,3.2,11.30,32.0,0.000,0.000,0.000,0.000,0.000,0.000,0.006,0.000,0.000,0.000,0.006,0.000,0.000,0.000,0.006,0.000,0.006,0.006
49.2055,492,0,move,-1,49.2055,49.2155,0,0.000,-0.088,0.176,-0.176,-0.088,0.088,-0.264,-0.088,0.176,0.000,-0.176,-0.088,-0.088,-47.197,32.871,0.000,0.439,0.176,0.000,0.000,0.000,0.000,0.000,0.000,0.000,0.000,0.000,0.000,0.000,0.000,0.000,-47.133,32.667,0.000,0.000,0.000,0.006,3.2,11.30,32.0,0.000,0.000,0.000,0.000,0.000,0.000,0.006,0.000,0.000,0.000,0.006,0.000,0.000,0.000,0.006,0.000,0.006,0.006
49.3055,493,0,move,-1,49.3055,49.3169,0,0.000,-0.088,0.176,-0.176,-0.088,0.088,-0.264,-0.088,0.176,0.000,-0.176,-0.088,-0.088,-47.197,32.871,0.000,0.439,0.176,0.000,0.000,0.000,0.000,0.000,0.000,0.000,0.000,0.000,0.000,0.000,0.000,0.000,-47.133,32.667,0.000,0.000,0.000,0.006,3.2,11.30,32.0,0.000,0.000,0.000,0.000,0.000,0.000,0.006,0.000,0.000,0.000,0.000,0.000,0.000,0.000,0.006,0.000,0.006,0.006
49.4103,494,0,move,-1,49.4103,49.4802,0,0.000,-0.088,0.176,-0.176,-0.088,0.088,-0.264,-0.088,0.176,0.000,-0.176,-0.088,-0.088,-47.197,32.871,0.000,0.439,0.176,0.000,0.000,0.000,0.000,0.000,0.000,0.000,0.000,0.000,0.000,0.000,0.000,0.000,-47.133,32.667,0.000,0.000,0.000,0.006,2.4,11.30,32.0,0.000,0.000,0.000,0.000,0.000,0.000,0.000,0.000,0.006,0.000,0.000,0.000,0.000,0.000,0.006,0.000,0.006,0.000
49.5077,495,0,move,-1,49.5077,49.5207,0,0.000,-0.088,0.176,-0.176,-0.088,0.088,-0.264,-0.088,0.176,0.000,-0.176,-0.088,-0.088,-47.197,32.871,0.000,0.439,0.176,0.000,0.000,0.000,0.000,0.000,0.000,0.000,0.000,0.000,0.000,0.000,0.000,0.000,-47.133,32.667,0.000,0.000,0.000,0.006,2.4,11.30,32.0,0.000,0.000,0.000,0.000,0.000,0.000,0.000,0.000,0.006,0.000,0.000,0.000,0.000,0.000,0.006,0.000,0.006,0.000
49.6053,496,0,move,-1,49.6053,49.6149,0,0.000,-0.088,0.176,-0.176,-0.088,0.088,-0.264,-0.088,0.176,0.000,-0.176,-0.088,-0.088,-47.197,32.871,0.000,0.439,0.176,0.000,0.000,0.000,0.000,0.000,0.000,0.000,0.000,0.000,0.000,0.000,0.000,0.000,-47.133,32.667,0.000,0.000,0.000,0.006,3.2,11.30,32.0,0.000,0.000,0.000,0.000,0.000,0.000,0.006,0.000,0.000,0.000,0.000,0.000,0.000,0.000,0.006,0.000,0.006,0.006
49.7053,497,0,move,-1,49.7053,49.7159,0,0.000,-0.088,0.176,-0.176,-0.088,0.088,-0.264,-0.088,0.176,0.000,-0.176,-0.088,-0.088,-47.197,32.871,0.000,0.439,0.176,0.000,0.000,0.000,0.000,0.000,0.000,0.000,0.000,0.000,0.000,0.000,0.000,0.000,-47.133,32.667,0.000,0.000,0.000,0.006,2.4,11.30,32.0,0.000,0.000,0.006,0.000,0.000,0.000,0.006,0.000,0.000,0.000,0.006,0.000,0.000,0.000,0.006,0.000,0.006,0.006
49.8053,498,0,move,-1,49.8053,49.8196,0,0.000,-0.088,0.176,-0.176,-0.088,0.088,-0.264,-0.088,0.176,0.000,-0.176,-0.088,-0.088,-47.197,32.871,0.000,0.439,0.176,0.000,0.000,0.000,0.000,0.000,0.000,0.000,0.000,0.000,0.000,0.000,0.000,0.000,-47.133,32.667,0.000,0.000,0.000,0.013,4.8,11.30,31.0,0.000,0.000,0.000,0.000,0.000,0.000,0.006,0.000,0.000,0.000,0.006,0.000,0.000,0.000,0.006,0.000,0.013,0.000
49.9055,499,0,move,-1,49.9055,49.9186,0,0.000,-0.088,0.176,-0.176,-0.088,0.088,-0.264,-0.088,0.176,0.000,-0.176,-0.088,-0.088,-47.197,32.871,0.000,0.439,0.176,0.000,0.000,0.000,0.000,0.000,0.000,0.000,0.000,0.000,0.000,0.000,0.000,0.000,-47.133,32.667,0.000,0.000,0.000,0.013,4.8,11.30,31.0,0.000,0.000,0.000,0.000,0.000,0.000,0.006,0.000,0.000,0.000,0.006,0.000,0.000,0.000,0.006,0.000,0.013,0.000
50.0055,500,0,move,-1,50.0055,50.0233,0,0.000,-0.088,0.176,-0.176,-0.088,0.088,-0.264,-0.088,0.176,0.000,-0.176,-0.088,-0.088,-47.197,32.871,0.000,0.439,0.176,0.000,0.000,0.000,0.000,0.000,0.000,0.000,0.000,0.000,0.000,0.000,0.000,0.000,-47.033,32.619,0.000,0.000,0.000,0.006,3.2,11.30,32.0,0.000,0.000,0.000,0.000,0.000,0.000,0.006,0.000,0.000,0.000,0.000,0.000,0.000,0.000,0.006,0.000,0.006,0.006
50.1055,501,0,move,-1,50.1055,50.1177,0,0.000,-0.088,0.176,-0.176,-0.088,0.088,-0.264,-0.088,0.176,0.000,-0.176,-0.088,-0.088,-47.109,32.871,0.000,0.439,0.176,0.000,0.000,0.000,0.000,0.000,0.000,0.000,0.000,0.000,0.000,0.000,0.000,0.000,-46.742,32.477,0.000,0.000,0.000,0.006,3.2,11.30,32.0,0.000,0.000,0.000,0.000,0.000,0.000,0.006,0.000,0.000,0.000,0.000,0.000,0.000,0.000,0.006,0.000,0.006,0.006
50.2054,502,0,move,-1,50.2054,50.2178,0,0.000,-0.088,0.176,-0.176,-0.088,0.088,-0.264,-0.088,0.176,0.000,-0.176,-0.088,-0.088,-46.846,32.607,0.000,0.439,0.176,0.000,0.000,0.000,0.000,0.000,0.000,0.000,0.000,0.000,0.000,0.000,0.000,0.000,-46.288,32.255,0.000,0.000,0.000,0.006,2.4,11.30,32.0,0.000,0.000,0.000,0.006,0.000,0.000,0.000,0.000,0.000,0.006,0.000,0.000,0.000,0.000,0.006,0.000,0.006,0.000
50.3055,503,0,move,-1,50.3055,50.3165,0,0.000,-0.088,0.176,-0.176,-0.088,0.088,-0.264,-0.088,0.176,0.000,-0.176,-0.088,-0.088,-46.494,32.256,0.000,0.439,0.176,0.000,0.000,0.000,0.000,0.000,0.000,0.000,0.000,0.000,0.000,0.000,0.000,0.000,-45.712,31.972,0.000,0.000,0.000,0.006,2.4,11.30,32.0,0.000,0.000,0.000,0.006,0.000,0.000,0.000,0.000,0.000,0.006,0.000,0.000,0.000,0.000,0.006,0.000,0.006,0.000
50.4053,504,0,move,-1,50.4053,50.4179,0,0.000,-0.088,0.176,-0.176,-0.088,0.088,-0.264,-0.088,0.176,0.000,-0.176,-0.088,-0.088,-46.055,31.992,0.000,0.439,0.176,0.000,0.000,0.000,0.000,0.000,0.000,0.000,0.000,0.000,0.000,0.000,0.000,0.000,-45.069,31.653,0.000,0.000,0.000,0.006,3.2,11.30,32.0,0.000,0.000,0.000,0.000,0.000,0.000,0.006,0.000,0.000,0.000,0.006,0.000,0.000,0.006,0.000,0.000,0.006,0.000
50.5053,505,0,move,-1,50.5053,50.5192,0,0.000,-0.088,0.176,-0.176,-0.088,0.088,-0.264,-0.088,0.176,0.000,-0.176,-0.088,-0.088,-45.439,31.641,0.000,0.439,0.176,0.000,0.000,0.000,0.000,0.000,0.000,0.000,0.000,0.000,0.000,0.000,0.000,0.000,-44.421,31.329,0.000,0.000,0.000,0.006,2.4,11.30,32.0,0.000,0.000,0.006,0.006,0.000,0.000,0.006,0.000,0.006,0.000,0.006,0.000,0.000,0.006,0.006,0.000,0.006,0.000
50.6055,506,0,move,-1,50.6055,50.6206,0,0.000,-0.088,0.176,-0.176,-0.088,0.088,-0.264,-0.088,0.176,0.000,-0.176,-0.088,-0.088,-44.824,31.289,0.000,0.439,0.176,0.000,0.000,0.000,0.000,0.000,0.000,0.000,0.000,0.000,0.000,0.000,0.000,0.000,-43.833,31.033,0.000,0.000,0.000,0.000,0.0,11.30,31.0,0.000,0.000,0.000,0.000,0.000,0.000,0.000,0.000,0.000,0.000,0.000,0.000,0.000,0.000,0.000,0.000,0.000,0.000
50.7053,507,0,move,-1,50.7053,50.7133,0,0.000,-0.088,0.176,-0.176,-0.088,0.088,-0.264,-0.088,0.176,0.000,-0.176,-0.088,-0.088,-44.736,31.201,0.000,0.439,0.176,0.000,0.000,0.000,0.000,0.000,0.000,0.000,0.000,0.000,0.000,0.000,0.000,0.000,-43.362,30.795,0.000,0.000,0.000,0.000,0.0,11.30,31.0,0.000,0.000,0.000,0.000,0.000,0.000,0.000,0.000,0.000,0.000,0.000,0.000,0.000,0.000,0.000,0.000,0.000,0.000
50.8067,508,0,move,-1,50.8067,50.8161,0,0.000,-0.088,0.176,-0.176,-0.088,0.088,-0.264,-0.088,0.176,0.000,-0.176,-0.088,-0.088,-43.682,30.850,0.000,0.439,0.176,0.000,0.000,0.000,0.000,0.000,0.000,0.000,0.000,0.000,0.000,0.000,0.000,0.000,-43.059,30.640,0.000,0.000,0.000,0.013,3.6,11.30,29.0,0.000,0.000,0.000,0.000,0.000,0.000,0.006,0.000,0.000,0.000,0.000,0.000,0.000,0.006,0.013,0.000,0.006,0.006
50.9053,509,0,move,-1,50.9053,50.9176,0,0.000,-0.088,0.176,-0.176,-0.088,0.088,-0.264,-0.088,0.176,0.000,-0.176,-0.088,-0.088,-43.154,30.762,0.000,0.439,0.176,0.000,0.000,0.000,0.000,0.000,0.000,0.000,0.000,0.000,0.000,0.000,0.000,0.000,-42.955,30.587,0.000,0.000,0.000,0.006,0.0,11.30,31.0,0.006,0.000,0.000,0.000,0.000,0.000,0.006,0.000,0.006,0.000,0.000,0.000,0.000,0.006,0.000,0.000,0.006,0.000
51.0054,510,0,move,-1,51.0054,51.0201,0,0.000,-0.088,0.176,-0.176,-0.088,0.088,-0.264,-0.088,0.176,0.000,-0.176,-0.088,-0.088,-43.066,30.674,0.000,0.439,0.176,0.000,0.000,0.000,0.000,0.000,0.000,0.000,0.000,0.000,0.000,0.000,0.000,0.000,-42.955,30.587,0.000,0.000,0.000,0.013,4.8,11.30,31.0,0.000,0.000,0.000,0.000,0.000,0.000,0.000,0.000,0.006,0.000,0.006,0.000,0.000,0.006,0.006,0.000,0.013,0.006
51.1055,511,0,move,-1,51.1055,51.1162,0,0.000,-0.088,0.176,-0.176,-0.088,0.088,-0.264,-0.088,0.176,0.000,-0.176,-0.088,-0.088,-43.066,30.674,0.000,0.439,0.176,0.000,0.000,0.000,0.000,0.000,0.000,0.000,0.000,0.000,0.000,0.000,0.000,0.000,-42.955,30.587,0.000,0.000,0.000,0.013,4.8,11.30,31.0,0.000,0.000,0.000,0.000,0.000,0.000,0.000,0.000,0.006,0.000,0.006,0.000,0.000,0.006,0.006,0.000,0.013,0.006
51.2109,512,0,move,-1,51.2109,51.2297,0,0.000,-0.088,0.176,-0.176,-0.088,0.088,-0.264,-0.088,0.176,0.000,-0.176,-0.088,-0.088,-43.066,30.674,0.000,0.439,0.176,0.000,0.000,0.000,0.000,0.000,0.000,0.000,0.000,0.000,0.000,0.000,0.000,0.000,-42.955,30.587,0.000,0.000,0.000,0.006,3.2,11.30,32.0,0.000,0.000,0.000,0.000,0.000,0.000,0.006,0.000,0.000,0.000,0.000,0.000,0.000,0.000,0.000,0.000,0.006,0.000
51.3067,513,0,move,-1,51.3067,51.3185,0,0.000,-0.088,0.176,-0.176,-0.088,0.088,-0.264,-0.088,0.176,0.000,-0.176,-0.088,-0.088,-42.979,30.674,0.000,0.439,0.176,0.000,0.000,0.000,0.000,0.000,0.000,0.000,0.000,0.000,0.000,0.000,0.000,0.000,-42.955,30.587,0.000,0.000,0.000,0.006,3.2,11.30,32.0,0.000,0.000,0.000,0.000,0.000,0.000,0.006,0.000,0.000,0.000,0.000,0.000,0.000,0.000,0.000,0.000,0.006,0.000
51.4053,514,0,move,-1,51.4053,51.4105,0,0.000,-0.088,0.176,-0.176,-0.088,0.088,-0.264,-0.088,0.176,0.000,-0.176,-0.088,-0.088,-42.979,30.674,0.000,0.439,0.176,0.000,0.000,0.000,0.000,0.000,0.000,0.000,0.000,0.000,0.000,0.000,0.000,0.000,-42.955,30.587,0.000,0.000,0.000,0.006,3.2,11.30,32.0,0.000,0.000,0.000,0.000,0.000,0.000,0.006,0.000,0.000,0.000,0.000,0.000,0.000,0.000,0.000,0.000,0.006,0.006
51.5064,515,0,move,-1,51.5064,51.5178,0,0.000,-0.088,0.176,-0.176,-0.088,0.088,-0.264,-0.088,0.176,0.000,-0.176,-0.088,-0.088,-42.979,30.674,0.000,0.439,0.176,0.000,0.000,0.000,0.000,0.000,0.000,0.000,0.000,0.000,0.000,0.000,0.000,0.000,-42.955,30.587,0.000,0.000,0.000,0.006,4.8,11.30,31.0,0.000,0.000,0.000,0.000,0.000,0.000,0.000,0.000,0.000,0.000,0.000,0.000,0.000,0.000,0.000,0.000,0.006,0.000
51.6055,516,0,move,-1,51.6055,51.6165,0,0.000,-0.088,0.176,-0.176,-0.088,0.088,-0.264,-0.088,0.176,0.000,-0.176,-0.088,-0.088,-42.979,30.674,0.000,0.439,0.176,0.000,0.000,0.000,0.000,0.000,0.000,0.000,0.000,0.000,0.000,0.000,0.000,0.000,-42.955,30.587,0.000,0.000,0.000,0.006,4.8,11.30,31.0,0.000,0.000,0.000,0.000,0.000,0.000,0.000,0.000,0.000,0.000,0.000,0.000,0.000,0.000,0.000,0.000,0.006,0.000
51.7055,517,0,move,-1,51.7055,51.7179,0,0.000,-0.088,0.176,-0.176,-0.088,0.088,-0.264,-0.088,0.176,0.000,-0.176,-0.088,-0.088,-42.979,30.674,0.000,0.439,0.176,0.000,0.000,0.000,0.000,0.000,0.000,0.000,0.000,0.000,0.000,0.000,0.000,0.000,-42.955,30.587,0.000,0.000,0.000,0.013,4.8,11.30,31.0,0.000,0.000,0.000,0.000,0.000,0.000,0.000,0.000,0.000,0.000,0.000,0.000,0.000,0.000,0.000,0.000,0.013,0.000
51.8055,518,0,move,-1,51.8055,51.8188,0,0.000,-0.088,0.176,-0.176,-0.088,0.088,-0.264,-0.088,0.176,0.000,-0.176,-0.088,-0.088,-42.979,30.674,0.000,0.439,0.176,0.000,0.000,0.000,0.000,0.000,0.000,0.000,0.000,0.000,0.000,0.000,0.000,0.000,-42.955,30.587,0.000,0.000,0.000,0.006,2.4,11.30,31.0,0.000,0.000,0.000,0.000,0.000,0.000,0.000,0.000,0.000,0.000,0.006,0.000,0.000,0.000,0.000,0.000,0.006,0.006
51.9053,519,0,move,-1,51.9053,51.9161,0,0.000,-0.088,0.176,-0.176,-0.088,0.088,-0.264,-0.088,0.176,0.000,-0.176,-0.088,-0.088,-42.979,30.674,0.000,0.439,0.176,0.000,0.000,0.000,0.000,0.000,0.000,0.000,0.000,0.000,0.000,0.000,0.000,0.000,-42.955,30.587,0.000,0.000,0.000,0.006,2.4,11.30,31.0,0.000,0.000,0.000,0.000,0.000,0.000,0.000,0.000,0.000,0.000,0.006,0.000,0.000,0.000,0.000,0.000,0.006,0.006
52.0053,520,0,move,-1,52.0053,52.0165,0,0.000,-0.088,0.176,-0.176,-0.088,0.088,-0.264,-0.088,0.176,0.000,-0.176,-0.088,-0.088,-42.979,30.674,0.000,0.439,0.176,0.000,0.000,0.000,0.000,0.000,0.000,0.000,0.000,0.000,0.000,0.000,0.000,0.000,-42.955,30.587,0.000,0.000,0.000,0.013,4.8,11.30,31.0,0.000,0.000,0.000,0.000,0.000,0.000,0.006,0.000,0.000,0.000,0.000,0.000,0.000,0.000,0.006,0.000,0.013,0.000
52.1074,521,0,move,-1,52.1074,52.1564,0,0.000,-0.088,0.176,-0.176,-0.088,0.088,-0.264,-0.088,0.176,0.000,-0.176,-0.088,-0.088,-42.979,30.674,0.000,0.439,0.176,0.000,0.000,0.000,0.000,0.000,0.000,0.000,0.000,0.000,0.000,0.000,0.000,0.000,-42.955,30.587,0.000,0.000,0.000,0.013,4.8,11.30,31.0,0.000,0.000,0.000,0.006,0.000,0.000,0.006,0.000,0.000,0.000,0.000,0.000,0.000,0.000,0.000,0.000,0.013,0.000
52.2053,522,0,move,-1,52.2053,52.2173,0,0.000,-0.088,0.176,-0.176,-0.088,0.088,-0.264,-0.088,0.176,0.000,-0.176,-0.088,-0.088,-42.979,30.674,0.000,0.439,0.176,0.000,0.000,0.000,0.000,0.000,0.000,0.000,0.000,0.000,0.000,0.000,0.000,0.000,-42.955,30.587,0.000,0.000,0.000,0.013,4.8,11.30,31.0,0.000,0.000,0.000,0.006,0.000,0.000,0.006,0.000,0.000,0.000,0.000,0.000,0.000,0.000,0.000,0.000,0.013,0.000
52.3055,523,0,move,-1,52.3055,52.3186,0,0.000,-0.088,0.176,-0.176,-0.088,0.088,-0.264,-0.088,0.176,0.000,-0.176,-0.088,-0.088,-42.979,30.674,0.000,0.439,0.176,0.000,0.000,0.000,0.000,0.000,0.000,0.000,0.000,0.000,0.000,0.000,0.000,0.000,-42.955,30.587,0.000,0.000,0.000,0.006,3.2,11.30,32.0,0.000,0.000,0.000,0.000,0.000,0.000,0.006,0.000,0.000,0.000,0.000,0.000,0.000,0.000,0.000,0.000,0.006,0.000
52.4055,524,0,move,-1,52.4055,52.4169,0,0.000,-0.088,0.176,-0.176,-0.088,0.088,-0.264,-0.088,0.176,0.000,-0.176,-0.088,-0.088,-42.979,30.674,0.000,0.439,0.176,0.000,0.000,0.000,0.000,0.000,0.000,0.000,0.000,0.000,0.000,0.000,0.000,0.000,-42.955,30.587,0.000,0.000,0.000,0.006,3.2,11.30,32.0,0.000,0.000,0.000,0.000,0.000,0.000,0.006,0.000,0.000,0.000,0.000,0.000,0.000,0.000,0.000,0.000,0.006,0.000
52.5055,525,0,move,-1,52.5055,52.5170,0,0.000,-0.088,0.176,-0.176,-0.088,0.088,-0.264,-0.088,0.176,0.000,-0.176,-0.088,-0.088,-42.979,30.674,0.000,0.439,0.176,0.000,0.000,0.000,0.000,0.000,0.000,0.000,0.000,0.000,0.000,0.000,0.000,0.000,-42.955,30.587,0.000,0.000,0.000,0.006,2.4,11.30,32.0,0.000,0.000,0.000,0.006,0.000,0.000,0.006,0.000,0.000,0.000,0.000,0.000,0.000,0.000,0.000,0.000,0.006,0.006
52.6053,526,0,move,-1,52.6053,52.6157,0,0.000,-0.088,0.176,-0.176,-0.088,0.088,-0.264,-0.088,0.176,0.000,-0.176,-0.088,-0.088,-42.979,30.674,0.000,0.439,0.176,0.000,0.000,0.000,0.000,0.000,0.000,0.000,0.000,0.000,0.000,0.000,0.000,0.000,-42.955,30.587,0.000,0.000,0.000,0.006,2.4,11.30,32.0,0.000,0.000,0.000,0.006,0.000,0.000,0.006,0.000,0.000,0.000,0.000,0.000,0.000,0.000,0.000,0.000,0.006,0.006
52.7055,527,0,move,-1,52.7055,52.7163,0,0.000,-0.088,0.176,-0.176,-0.088,0.088,-0.264,-0.088,0.176,0.000,-0.176,-0.088,-0.088,-42.979,30.674,0.000,0.439,0.176,0.000,0.000,0.000,0.000,0.000,0.000,0.000,0.000,0.000,0.000,0.000,0.000,0.000,-42.955,30.587,0.000,0.000,0.000,0.006,2.4,11.30,32.0,0.000,0.000,0.000,0.006,0.000,0.000,0.000,0.000,0.000,0.006,0.006,0.000,0.000,0.000,0.000,0.000,0.006,0.006
52.8055,528,0,move,-1,52.8055,52.8154,0,0.000,-0.088,0.176,-0.176,-0.088,0.088,-0.264,-0.088,0.176,0.000,-0.176,-0.088,-0.088,-42.979,30.674,0.000,0.439,0.176,0.000,0.000,0.000,0.000,0.000,0.000,0.000,0.000,0.000,0.000,0.000,0.000,0.000,-42.955,30.587,0.000,0.000,0.000,0.006,2.4,11.30,32.0,0.000,0.000,0.000,0.006,0.000,0.000,0.000,0.000,0.000,0.006,0.006,0.000,0.000,0.000,0.000,0.000,0.006,0.006
52.9056,529,0,move,-1,52.9056,52.9167,0,0.000,-0.088,0.176,-0.176,-0.088,0.088,-0.264,-0.088,0.176,0.000,-0.176,-0.088,-0.088,-42.979,30.674,0.000,0.439,0.176,0.000,0.000,0.000,0.000,0.000,0.000,0.000,0.000,0.000,0.000,0.000,0.000,0.000,-42.955,30.587,0.000,0.000,0.000,0.006,2.4,11.30,32.0,0.000,0.000,0.000,0.006,0.000,0.000,0.006,0.000,0.000,0.000,0.000,0.000,0.000,0.000,0.000,0.000,0.006,0.006
53.0055,530,0,move,-1,53.0055,53.0184,0,0.000,-0.088,0.176,-0.176,-0.088,0.088,-0.264,-0.088,0.176,0.000,-0.176,-0.088,-0.088,-42.979,30.674,0.000,0.439,0.176,0.000,0.000,0.000,0.000,0.000,0.000,0.000,0.000,0.000,0.000,0.000,0.000,0.000,-42.955,30.587,0.000,0.000,0.000,0.006,2.4,11.30,32.0,0.000,0.000,0.000,0.006,0.000,0.000,0.006,0.000,0.000,0.000,0.000,0.000,0.000,0.000,0.000,0.000,0.006,0.000
53.1055,531,0,move,-1,53.1055,53.1166,0,0.000,-0.088,0.176,-0.176,-0.088,0.088,-0.264,-0.088,0.176,0.000,-0.176,-0.088,-0.088,-42.979,30.674,0.000,0.439,0.176,0.000,0.000,0.000,0.000,0.000,0.000,0.000,0.000,0.000,0.000,0.000,0.000,0.000,-42.955,30.587,0.000,0.000,0.000,0.006,2.4,11.30,32.0,0.000,0.000,0.000,0.006,0.000,0.000,0.006,0.000,0.000,0.000,0.000,0.000,0.000,0.000,0.000,0.000,0.006,0.000
53.2059,532,0,move,-1,53.2059,53.2189,0,0.000,-0.088,0.176,-0.176,-0.088,0.088,-0.264,-0.088,0.176,0.000,-0.176,-0.088,-0.088,-42.979,30.674,0.000,0.439,0.176,0.000,0.000,0.000,0.000,0.000,0.000,0.000,0.000,0.000,0.000,0.000,0.000,0.000,-42.955,30.587,0.000,0.000,0.000,0.006,3.2,11.30,32.0,0.000,0.000,0.000,0.000,0.000,0.000,0.006,0.000,0.000,0.000,0.000,0.000,0.000,0.000,0.000,0.000,0.006,0.000
53.3053,533,0,move,-1,53.3053,53.3163,0,0.000,-0.088,0.176,-0.176,-0.088,0.088,-0.264,-0.088,0.176,0.000,-0.176,-0.088,-0.088,-42.979,30.674,0.000,0.439,0.176,0.000,0.000,0.000,0.000,0.000,0.000,0.000,0.000,0.000,0.000,0.000,0.000,0.000,-42.955,30.587,0.000,0.000,0.000,0.006,3.2,11.30,32.0,0.000,0.000,0.000,0.000,0.000,0.000,0.006,0.000,0.000,0.000,0.000,0.000,0.000,0.000,0.000,0.000,0.006,0.000
53.4053,534,0,move,-1,53.4053,53.4178,0,0.000,-0.088,0.176,-0.176,-0.088,0.088,-0.264,-0.088,0.176,0.000,-0.176,-0.088,-0.088,-42.979,30.674,0.000,0.439,0.176,0.000,0.000,0.000,0.000,0.000,0.000,0.000,0.000,0.000,0.000,0.000,0.000,0.000,-42.955,30.587,0.000,0.000,0.000,0.006,3.2,11.30,32.0,0.000,0.000,0.000,0.000,0.000,0.000,0.006,0.000,0.006,0.000,0.006,0.000,0.000,0.000,0.000,0.000,0.006,0.006
53.5053,535,0,move,-1,53.5053,53.5155,0,0.000,-0.088,0.176,-0.176,-0.088,0.088,-0.264,-0.088,0.176,0.000,-0.176,-0.088,-0.088,-42.979,30.674,0.000,0.439,0.176,0.000,0.000,0.000,0.000,0.000,0.000,0.000,0.000,0.000,0.000,0.000,0.000,0.000,-42.955,30.587,0.000,0.000,0.000,0.006,3.2,11.30,32.0,0.000,0.000,0.000,0.000,0.000,0.000,0.006,0.000,0.006,0.000,0.006,0.000,0.000,0.000,0.000,0.000,0.006,0.006
53.6053,536,0,move,-1,53.6053,53.6163,0,0.000,-0.088,0.176,-0.176,-0.088,0.088,-0.264,-0.088,0.176,0.000,-0.176,-0.088,-0.088,-42.979,30.674,0.000,0.439,0.176,0.000,0.000,0.000,0.000,0.000,0.000,0.000,0.000,0.000,0.000,0.000,0.000,0.000,-42.955,30.587,0.000,0.000,0.000,0.006,4.8,11.30,31.0,0.000,0.000,0.000,0.000,0.000,0.000,0.000,0.000,0.000,0.000,0.000,0.000,0.000,0.000,0.000,0.000,0.006,0.000
53.7053,537,0,move,-1,53.7053,53.7157,0,0.000,-0.088,0.176,-0.176,-0.088,0.088,-0.264,-0.088,0.176,0.000,-0.176,-0.088,-0.088,-42.979,30.674,0.000,0.439,0.176,0.000,0.000,0.000,0.000,0.000,0.000,0.000,0.000,0.000,0.000,0.000,0.000,0.000,-42.955,30.587,0.000,0.000,0.000,0.006,4.8,11.30,31.0,0.000,0.000,0.000,0.000,0.000,0.000,0.000,0.000,0.000,0.000,0.000,0.000,0.000,0.000,0.000,0.000,0.006,0.000
53.8055,538,0,move,-1,53.8055,53.8164,0,0.000,-0.088,0.176,-0.176,-0.088,0.088,-0.264,-0.088,0.176,0.000,-0.176,-0.088,-0.088,-42.979,30.674,0.000,0.439,0.176,0.000,0.000,0.000,0.000,0.000,0.000,0.000,0.000,0.000,0.000,0.000,0.000,0.000,-42.955,30.587,0.000,0.000,0.000,0.013,4.8,11.30,31.0,0.000,0.000,0.000,0.000,0.000,0.000,0.000,0.000,0.000,0.000,0.006,0.000,0.000,0.000,0.000,0.000,0.013,0.000
53.9053,539,0,move,-1,53.9053,53.9178,0,0.000,-0.088,0.176,-0.176,-0.088,0.088,-0.264,-0.088,0.176,0.000,-0.176,-0.088,-0.088,-42.979,30.674,0.000,0.439,0.176,0.000,0.000,0.000,0.000,0.000,0.000,0.000,0.000,0.000,0.000,0.000,0.000,0.000,-42.955,30.587,0.000,0.000,0.000,0.013,4.8,11.30,31.0,0.000,0.000,0.000,0.006,0.000,0.000,0.006,0.000,0.000,0.000,0.000,0.000,0.000,0.000,0.000,0.000,0.013,0.006
54.0053,540,0,move,-1,54.0053,54.0181,0,0.000,-0.088,0.176,-0.176,-0.088,0.088,-0.264,-0.088,0.176,0.000,-0.176,-0.088,-0.088,-42.979,30.674,0.000,0.439,0.176,0.000,0.000,0.000,0.000,0.000,0.000,0.000,0.000,0.000,0.000,0.000,0.000,0.000,-43.059,30.640,0.000,0.000,0.000,0.013,4.8,11.30,31.0,0.000,0.000,0.000,0.006,0.000,0.000,0.006,0.000,0.006,0.000,0.000,0.000,0.000,0.000,0.000,0.000,0.013,0.000
54.1064,541,0,move,-1,54.1064,54.1194,0,0.000,-0.088,0.176,-0.176,-0.088,0.088,-0.264,-0.088,0.176,0.000,-0.176,-0.088,-0.088,-42.979,30.674,0.000,0.439,0.176,0.000,0.000,0.000,0.000,0.000,0.000,0.000,0.000,0.000,0.000,0.000,0.000,0.000,-43.362,30.795,0.000,0.000,0.000,0.013,4.8,11.30,31.0,0.000,0.000,0.000,0.006,0.000,0.000,0.006,0.000,0.006,0.000,0.000,0.000,0.000,0.000,0.000,0.000,0.013,0.000
54.2055,542,0,move,-1,54.2055,54.2185,0,0.000,-0.088,0.176,-0.176,-0.088,0.088,-0.264,-0.088,0.176,0.000,-0.176,-0.088,-0.088,-43.154,30.674,0.000,0.439,0.176,0.000,0.000,0.000,0.000,0.000,0.000,0.000,0.000,0.000,0.000,0.000,0.000,0.000,-43.833,31.033,0.000,0.000,0.000,0.013,4.8,11.30,31.0,0.000,0.000,0.000,0.006,0.000,0.000,0.006,0.000,0.006,0.000,0.000,0.000,0.000,0.000,0.000,0.000,0.013,0.000
54.3055,543,0,move,-1,54.3055,54.3194,0,0.000,-0.088,0.176,-0.176,-0.088,0.088,-0.264,-0.088,0.176,0.000,-0.176,-0.088,-0.088,-43.418,31.025,0.000,0.439,0.176,0.000,0.000,0.000,0.000,0.000,0.000,0.000,0.000,0.000,0.000,0.000,0.000,0.000,-44.421,31.329,0.000,0.000,0.000,0.013,4.4,11.30,28.0,0.000,0.000,0.000,0.000,0.000,0.000,0.006,0.000,0.000,0.000,0.000,0.000,0.000,0.013,0.006,0.000,0.006,0.006
54.4055,544,0,move,-1,54.4055,54.4160,0,0.000,-0.088,0.176,-0.176,-0.088,0.088,-0.264,-0.088,0.176,0.000,-0.176,-0.088,-0.088,-43.594,31.113,0.000,0.439,0.176,0.000,0.000,0.000,0.000,0.000,0.000,0.000,0.000,0.000,0.000,0.000,0.000,0.000,-45.069,31.653,0.000,0.000,0.000,0.013,4.4,11.30,28.0,0.000,0.000,0.000,0.000,0.000,0.000,0.006,0.000,0.000,0.000,0.000,0.000,0.000,0.013,0.006,0.000,0.006,0.006
54.5054,545,0,move,-1,54.5054,54.5149,0,0.000,-0.088,0.176,-0.176,-0.088,0.088,-0.264,-0.088,0.176,0.000,-0.176,-0.088,-0.088,-44.297,31.553,0.000,0.439,0.176,0.000,0.000,0.000,0.000,0.000,0.000,0.000,0.000,0.000,0.000,0.000,0.000,0.000,-45.712,31.972,0.000,0.000,0.000,0.033,7.2,11.30,28.0,0.000,0.000,0.000,0.006,0.000,0.000,0.000,0.000,0.006,0.000,0.006,0.000,0.000,0.033,0.013,0.000,0.006,0.006
54.6053,546,0,move,-1,54.6053,54.6170,0,0.000,-0.088,0.176,-0.176,-0.088,0.088,-0.264,-0.088,0.176,0.000,-0.176,-0.088,-0.088,-44.912,31.992,0.000,0.439,0.176,0.000,0.000,0.000,0.000,0.000,0.000,0.000,0.000,0.000,0.000,0.000,0.000,0.000,-46.288,32.255,0.000,0.000,0.000,0.078,10.4,11.30,28.0,0.000,,0.000,0.000,0.000,0.000,0.006,0.000,0.000,0.000,0.000,0.000,0.000,0.078,0.006,0.000,0.006,0.006
54.7055,547,0,move,-1,54.7055,54.7180,0,0.000,-0.088,0.176,-0.176,-0.088,0.088,-0.264,-0.088,0.176,0.000,-0.176,-0.088,-0.088,-45.527,32.256,0.000,0.439,0.176,0.000,0.000,0.000,0.000,0.000,0.000,0.000,0.000,0.000,0.000,0.000,0.000,0.000,-46.742,32.477,0.000,0.000,0.000,0.052,10.0,11.30,28.0,0.000,0.000,0.000,0.006,0.000,0.000,0.006,0.000,0.006,0.000,0.000,0.000,0.000,0.052,0.006,0.000,0.006,0.000
54.8055,548,0,move,-1,54.8055,54.8168,0,0.000,-0.088,0.176,-0.176,-0.088,0.088,-0.264,-0.088,0.176,0.000,-0.176,-0.088,-0.088,-46.055,32.520,0.000,0.439,0.176,0.000,0.000,0.000,0.000,0.000,0.000,0.000,0.000,0.000,0.000,0.000,0.000,0.000,-47.033,32.619,0.000,0.000,0.000,0.052,10.0,11.30,28.0,0.000,0.000,0.000,0.006,0.000,0.000,0.006,0.000,0.006,0.000,0.000,0.000,0.000,0.052,0.006,0.000,0.006,0.000
54.9053,549,0,move,-1,54.9053,54.9174,0,0.000,-0.088,0.176,-0.176,-0.088,0.088,-0.264,-0.088,0.176,0.000,-0.176,-0.088,-0.088,-46.406,32.520,0.000,0.439,0.176,0.000,0.000,0.000,0.000,0.000,0.000,0.000,0.000,0.000,0.000,0.000,0.000,0.000,-47.133,32.667,0.000,0.000,0.000,0.026,6.8,11.30,28.0,0.000,0.000,0.000,0.000,0.000,0.000,0.006,0.000,0.000,0.000,0.000,0.000,0.000,0.026,0.000,0.000,0.006,0.000
55.0065,550,0,move,-1,55.0065,55.0144,0,0.000,-0.088,0.176,-0.176,-0.088,0.088,-0.264,-0.088,0.176,0.000,-0.176,-0.088,-0.088,-46.406,32.607,0.000,0.439,0.176,0.000,0.000,0.000,0.000,0.000,0.000,0.000,0.000,0.000,0.000,0.000,0.000,0.000,-47.133,32.667,0.000,0.000,0.000,0.026,6.8,11.30,28.0,0.000,0.000,0.000,0.000,0.000,0.000,0.006,0.000,0.000,0.000,0.000,0.000,0.000,0.026,0.000,0.000,0.006,0.000
55.1053,551,0,move,-1,55.1053,55.1205,0,0.000,-0.088,0.176,-0.176,-0.088,0.088,-0.264,-0.088,0.176,0.000,-0.176,-0.088,-0.088,-46.406,32.607,0.000,0.439,0.176,0.000,0.000,0.000,0.000,0.000,0.000,0.000,0.000,0.000,0.000,0.000,0.000,0.000,-47.133,32.667,0.000,0.000,0.000,0.033,7.2,11.30,28.0,0.000,0.000,0.000,0.000,0.000,0.000,0.006,0.000,0.000,0.000,0.006,0.000,0.000,0.033,0.000,0.000,0.006,0.006
55.2155,552,0,move,-1,55.2155,55.2277,0,0.000,-0.088,0.176,-0.176,-0.088,0.088,-0.264,-0.088,0.176,0.000,-0.176,-0.088,-0.088,-46.406,32.607,0.000,0.439,0.176,0.000,0.000,0.000,0.000,0.000,0.000,0.000,0.000,0.000,0.000,0.000,0.000,0.000,-47.133,32.667,0.000,0.000,0.000,0.026,6.4,11.30,28.0,0.000,0.000,0.000,0.000,0.000,0.000,0.006,0.000,0.000,0.000,0.006,0.000,0.000,0.026,0.000,0.000,0.006,0.000
55.3055,553,0,move,-1,55.3055,55.3158,0,0.000,-0.088,0.176,-0.176,-0.088,0.088,-0.264,-0.088,0.176,0.000,-0.176,-0.088,-0.088,-46.406,32.607,0.000,0.439,0.176,0.000,0.000,0.000,0.000,0.000,0.000,0.000,0.000,0.000,0.000,0.000,0.000,0.000,-47.133,32.667,0.000,0.000,0.000,0.026,6.4,11.30,28.0,0.000,0.000,0.000,0.000,0.000,0.000,0.006,0.000,0.000,0.000,0.006,0.000,0.000,0.026,0.000,0.000,0.006,0.000
55.4057,554,0,move,-1,55.4057,55.4193,0,0.000,-0.088,0.176,-0.176,-0.088,0.088,-0.264,-0.088,0.176,0.000,-0.176,-0.088,-0.088,-46.406,32.607,0.000,0.439,0.176,0.000,0.000,0.000,0.000,0.000,0.000,0.000,0.000,0.000,0.000,0.000,0.000,0.000,-47.133,32.667,0.000,0.000,0.000,0.039,7.2,11.30,28.0,0.000,0.000,0.000,0.006,0.000,0.000,0.006,0.000,0.000,0.000,0.000,0.000,0.000,0.039,0.000,0.000,0.013,0.006
55.5055,555,0,move,-1,55.5055,55.5158,0,0.000,-0.088,0.176,-0.176,-0.088,0.088,-0.264,-0.088,0.176,0.000,-0.176,-0.088,-0.088,-46.406,32.607,0.000,0.439,0.176,0.000,0.000,0.000,0.000,0.000,0.000,0.000,0.000,0.000,0.000,0.000,0.000,0.000,-47.133,32.667,0.000,0.000,0.000,0.039,7.2,11.30,28.0,0.000,0.000,0.000,0.006,0.000,0.000,0.006,0.000,0.000,0.000,0.000,0.000,0.000,0.039,0.000,0.000,0.013,0.006
55.6054,556,0,move,-1,55.6054,55.6181,0,0.000,-0.088,0.176,-0.176,-0.088,0.088,-0.264,-0.088,0.176,0.000,-0.176,-0.088,-0.088,-46.406,32.607,0.000,0.439,0.176,0.000,0.000,0.000,0.000,0.000,0.000,0.000,0.000,0.000,0.000,0.000,0.000,0.000,-47.133,32.667,0.000,0.000,0.000,0.033,7.2,11.30,28.0,0.000,0.000,0.000,0.000,0.000,0.000,0.006,0.000,0.000,0.000,0.000,0.000,0.000,0.033,0.000,0.000,0.013,0.000
55.7055,557,0,move,-1,55.7055,55.7153,0,0.000,-0.088,0.176,-0.176,-0.088,0.088,-0.264,-0.088,0.176,0.000,-0.176,-0.088,-0.088,-46.406,32.607,0.000,0.439,0.176,0.000,0.000,0.000,0.000,0.000,0.000,0.000,0.000,0.000,0.000,0.000,0.000,0.000,-47.133,32.667,0.000,0.000,0.000,0.033,7.2,11.30,28.0,0.000,0.000,0.000,0.000,0.000,0.000,0.006,0.000,0.000,0.000,0.000,0.000,0.000,0.033,0.000,0.000,0.013,0.000
55.8053,558,0,move,-1,55.8053,55.8167,0,0.000,-0.088,0.176,-0.176,-0.088,0.088,-0.264,-0.088,0.176,0.000,-0.176,-0.088,-0.088,-46.406,32.607,0.000,0.439,0.176,0.000,0.000,0.000,0.000,0.000,0.000,0.000,0.000,0.000,0.000,0.000,0.000,0.000,-47.133,32.667,0.000,0.000,0.000,0.033,7.2,11.30,28.0,0.000,0.000,0.006,0.000,0.000,0.000,0.006,0.000,0.006,0.000,0.000,0.000,0.000,0.033,0.000,0.000,0.006,0.000
55.9053,559,0,move,-1,55.9053,55.9171,0,0.000,-0.088,0.176,-0.176,-0.088,0.088,-0.264,-0.088,0.176,0.000,-0.176,-0.088,-0.088,-46.406,32.607,0.000,0.439,0.176,0.000,0.000,0.000,0.000,0.000,0.000,0.000,0.000,0.000,0.000,0.000,0.000,0.000,-47.133,32.667,0.000,0.000,0.000,0.026,7.2,11.30,28.0,0.000,0.000,0.000,0.000,0.000,0.000,0.006,0.000,0.000,0.000,0.000,0.000,0.000,0.026,0.000,0.000,0.006,0.006
56.0054,560,0,move,-1,56.0054,56.0181,0,0.000,-0.088,0.176,-0.176,-0.088,0.088,-0.264,-0.088,0.176,0.000,-0.176,-0.088,-0.088,-46.406,32.607,0.000,0.439,0.176,0.000,0.000,0.000,0.000,0.000,0.000,0.000,0.000,0.000,0.000,0.000,0.000,0.000,-47.133,32.667,0.000,0.000,0.000,0.033,7.2,11.30,28.0,,0.000,0.000,0.000,0.000,0.000,0.006,0.000,0.000,0.000,0.000,0.000,0.000,0.033,0.000,0.000,0.006,0.000
56.1053,561,0,move,-1,56.1053,56.1114,0,0.000,-0.088,0.176,-0.176,-0.088,0.088,-0.264,-0.088,0.176,0.000,-0.176,-0.088,-0.088,-46.406,32.607,0.000,0.439,0.176,0.000,0.000,0.000,0.000,0.000,0.000,0.000,0.000,0.000,0.000,0.000,0.000,0.000,-47.133,32.667,0.000,0.000,0.000,0.033,7.2,11.30,28.0,,0.000,0.000,0.000,0.000,0.000,0.006,0.000,0.000,0.000,0.000,0.000,0.000,0.033,0.000,0.000,0.006,0.000
56.2053,562,0,move,-1,56.2053,56.2161,0,0.000,-0.088,0.176,-0.176,-0.088,0.088,-0.264,-0.088,0.176,0.000,-0.176,-0.088,-0.088,-46.494,32.607,0.000,0.439,0.176,0.000,0.000,0.000,0.000,0.000,0.000,0.000,0.000,0.000,0.000,0.000,0.000,0.000,-47.133,32.667,0.000,0.000,0.000,0.033,7.2,11.30,28.0,0.000,0.000,0.000,0.006,0.000,0.000,0.006,0.000,0.000,0.000,0.006,0.000,0.000,0.033,0.000,0.000,0.006,0.006
56.3054,563,0,move,-1,56.3054,56.3187,0,0.000,-0.088,0.176,-0.176,-0.088,0.088,-0.264,-0.088,0.176,0.000,-0.176,-0.088,-0.088,-46.494,32.607,0.000,0.439,0.176,0.000,0.000,0.000,0.000,0.000,0.000,0.000,0.000,0.000,0.000,0.000,0.000,0.000,-47.133,32.667,0.000,0.000,0.000,0.026,6.4,11.30,28.0,0.000,0.000,0.000,0.000,0.000,0.000,0.006,0.000,0.006,0.000,0.000,0.000,0.000,0.026,0.000,0.000,0.006,0.000
56.4053,564,0,move,-1,56.4053,56.4115,0,0.000,-0.088,0.176,-0.176,-0.088,0.088,-0.264,-0.088,0.176,0.000,-0.176,-0.088,-0.088,-46.494,32.607,0.000,0.439,0.176,0.000,0.000,0.000,0.000,0.000,0.000,0.000,0.000,0.000,0.000,0.000,0.000,0.000,-47.133,32.667,0.000,0.000,0.000,0.026,6.4,11.30,28.0,0.000,0.000,0.000,0.000,0.000,0.000,0.006,0.000,0.006,0.000,0.000,0.000,0.000,0.026,0.000,0.000,0.006,0.000
56.5053,565,0,move,-1,56.5053,56.5156,0,0.000,-0.088,0.176,-0.176,-0.088,0.088,-0.264,-0.088,0.176,0.000,-0.176,-0.088,-0.088,-46.494,32.607,0.000,0.439,0.176,0.000,0.000,0.000,0.000,0.000,0.000,0.000,0.000,0.000,0.000,0.000,0.000,0.000,-47.133,32.667,0.000,0.000,0.000,0.033,6.4,11.30,28.0,0.000,0.000,0.000,0.006,0.000,0.000,0.000,0.000,0.006,0.000,0.000,0.000,0.000,0.033,0.000,0.000,0.006,0.006
56.6053,566,0,move,-1,56.6053,56.6178,0,0.000,-0.088,0.176,-0.176,-0.088,0.088,-0.264,-0.088,0.176,0.000,-0.176,-0.088,-0.088,-46.494,32.607,0.000,0.439,0.176,0.000,0.000,0.000,0.000,0.000,0.000,0.000,0.000,0.000,0.000,0.000,0.000,0.000,-47.133,32.667,0.000,0.000,0.000,0.033,6.4,11.30,28.0,0.000,0.000,0.000,0.000,0.000,0.000,0.000,0.000,0.000,0.000,0.000,0.000,0.000,0.033,0.000,0.000,0.006,0.006
56.7053,567,0,move,-1,56.7053,56.7162,0,0.000,-0.088,0.176,-0.176,-0.088,0.088,-0.264,-0.088,0.176,0.000,-0.176,-0.088,-0.088,-46.494,32.607,0.000,0.439,0.176,0.000,0.000,0.000,0.000,0.000,0.000,0.000,0.000,0.000,0.000,0.000,0.000,0.000,-47.133,32.667,0.000,0.000,0.000,0.033,6.4,11.30,28.0,0.000,0.000,0.000,0.000,0.000,0.000,0.000,0.000,0.000,0.000,0.000,0.000,0.000,0.033,0.000,0.000,0.006,0.006
56.8054,568,0,move,-1,56.8054,56.8177,0,0.000,-0.088,0.176,-0.176,-0.088,0.088,-0.264,-0.088,0.176,0.000,-0.176,-0.088,-0.088,-46.494,32.607,0.000,0.439,0.176,0.000,0.000,0.000,0.000,0.000,0.000,0.000,0.000,0.000,0.000,0.000,0.000,0.000,-47.133,32.667,0.000,0.000,0.000,0.026,6.4,11.30,28.0,0.000,0.000,0.000,0.000,0.000,0.000,0.006,0.000,0.006,0.000,0.000,0.000,0.000,0.026,0.000,0.000,0.006,0.006
56.9109,569,0,move,-1,56.9109,56.9258,0,0.000,-0.088,0.176,-0.176,-0.088,0.088,-0.264,-0.088,0.176,0.000,-0.176,-0.088,-0.088,-46.494,32.607,0.000,0.439,0.176,0.000,0.000,0.000,0.000,0.000,0.000,0.000,0.000,0.000,0.000,0.000,0.000,0.000,-47.133,32.667,0.000,0.000,0.000,0.026,6.4,11.30,28.0,0.000,0.000,0.000,0.006,0.000,0.000,0.006,0.000,0.000,0.000,0.006,0.000,0.000,0.026,0.000,0.000,0.006,0.000
57.0053,570,0,move,-1,57.0053,57.0203,0,0.000,-0.088,0.176,-0.176,-0.088,0.088,-0.264,-0.088,0.176,0.000,-0.176,-0.088,-0.088,-46.494,32.607,0.000,0.439,0.176,0.000,0.000,0.000,0.000,0.000,0.000,0.000,0.000,0.000,0.000,0.000,0.000,0.000,-47.133,32.667,0.000,0.000,0.000,0.026,6.4,11.30,28.0,0.000,0.000,0.000,0.006,0.000,0.000,0.006,0.000,0.000,0.000,0.006,0.000,0.000,0.026,0.000,0.000,0.006,0.000
57.1073,571,0,move,-1,57.1073,57.1371,0,0.000,-0.088,0.176,-0.176,-0.088,0.088,-0.264,-0.088,0.176,0.000,-0.176,-0.088,-0.088,-46.494,32.607,0.000,0.439,0.176,0.000,0.000,0.000,0.000,0.000,0.000,0.000,0.000,0.000,0.000,0.000,0.000,0.000,-47.133,32.667,0.000,0.000,0.000,0.026,6.4,11.30,28.0,0.000,0.000,0.006,0.006,0.000,0.000,0.006,0.000,0.000,0.000,0.006,0.000,0.000,0.026,0.000,0.000,0.006,0.000
57.2055,572,0,move,-1,57.2055,57.2164,0,0.000,-0.088,0.176,-0.176,-0.088,0.088,-0.264,-0.088,0.176,0.000,-0.176,-0.088,-0.088,-46.494,32.607,0.000,0.439,0.176,0.000,0.000,0.000,0.000,0.000,0.000,0.000,0.000,0.000,0.000,0.000,0.000,0.000,-47.133,32.667,0.000,0.000,0.000,0.026,6.4,11.30,28.0,0.000,0.000,0.006,0.006,0.000,0.000,0.006,0.000,0.000,0.000,0.006,0.000,0.000,0.026,0.000,0.000,0.006,0.000
57.3055,573,0,move,-1,57.3055,57.3180,0,0.000,-0.088,0.176,-0.176,-0.088,0.088,-0.264,-0.088,0.176,0.000,-0.176,-0.088,-0.088,-46.494,32.607,0.000,0.439,0.176,0.000,0.000,0.000,0.000,0.000,0.000,0.000,0.000,0.000,0.000,0.000,0.000,0.000,-47.133,32.667,0.000,0.000,0.000,0.026,6.4,11.30,28.0,0.000,0.000,0.000,0.006,0.000,0.000,0.006,0.000,0.000,0.000,0.000,0.000,0.000,0.026,0.000,0.000,0.013,0.000
57.4053,574,0,move,-1,57.4053,57.4117,0,0.000,-0.088,0.176,-0.176,-0.088,0.088,-0.264,-0.088,0.176,0.000,-0.176,-0.088,-0.088,-46.494,32.607,0.000,0.439,0.176,0.000,0.000,0.000,0.000,0.000,0.000,0.000,0.000,0.000,0.000,0.000,0.000,0.000,-47.133,32.667,0.000,0.000,0.000,0.026,6.4,11.30,28.0,0.000,0.000,0.000,0.006,0.000,0.000,0.006,0.000,0.000,0.000,0.000,0.000,0.000,0.026,0.000,0.000,0.013,0.000
57.5053,575,0,move,-1,57.5053,57.5162,0,0.000,-0.088,0.176,-0.176,-0.088,0.088,-0.264,-0.088,0.176,0.000,-0.176,-0.088,-0.088,-46.494,32.607,0.000,0.439,0.176,0.000,0.000,0.000,0.000,0.000,0.000,0.000,0.000,0.000,0.000,0.000,0.000,0.000,-47.133,32.667,0.000,0.000,0.000,0.026,6.4,11.30,28.0,0.000,0.000,0.000,0.000,0.000,0.000,0.006,0.000,0.000,0.000,0.000,0.000,0.000,0.026,0.000,0.000,0.006,0.000
57.6053,576,0,move,-1,57.6053,57.6152,0,0.000,-0.088,0.176,-0.176,-0.088,0.088,-0.264,-0.088,0.176,0.000,-0.176,-0.088,-0.088,-46.494,32.607,0.000,0.439,0.176,0.000,0.000,0.000,0.000,0.000,0.000,0.000,0.000,0.000,0.000,0.000,0.000,0.000,-47.133,32.667,0.000,0.000,0.000,0.026,6.4,11.30,28.0,0.000,0.000,0.000,0.000,0.000,0.000,0.006,0.000,0.000,0.000,0.000,0.000,0.000,0.026,0.000,0.000,0.006,0.000
57.7053,577,0,move,-1,57.7053,57.7164,0,0.000,-0.088,0.176,-0.176,-0.088,0.088,-0.264,-0.088,0.176,0.000,-0.176,-0.088,-0.088,-46.494,32.607,0.000,0.439,0.176,0.000,0.000,0.000,0.000,0.000,0.000,0.000,0.000,0.000,0.000,0.000,0.000,0.000,-47.133,32.667,0.000,0.000,0.000,0.019,6.4,11.30,28.0,0.000,0.000,0.006,0.006,0.000,0.000,0.006,0.000,0.006,0.000,0.000,0.000,0.000,0.019,0.000,0.000,0.006,0.000
57.8053,578,0,move,-1,57.8053,57.8180,0,0.000,-0.088,0.176,-0.176,-0.088,0.088,-0.264,-0.088,0.176,0.000,-0.176,-0.088,-0.088,-46.494,32.607,0.000,0.439,0.176,0.000,0.000,0.000,0.000,0.000,0.000,0.000,0.000,0.000,0.000,0.000,0.000,0.000,-47.133,32.667,0.000,0.000,0.000,0.033,6.4,11.30,28.0,0.000,0.000,0.000,0.006,0.000,0.000,0.000,0.000,0.000,0.000,0.000,0.000,0.000,0.033,0.000,0.000,0.006,0.000
57.9053,579,0,move,-1,57.9053,57.9163,0,0.000,-0.088,0.176,-0.176,-0.088,0.088,-0.264,-0.088,0.176,0.000,-0.176,-0.088,-0.088,-46.494,32.607,0.000,0.439,0.176,0.000,0.000,0.000,0.000,0.000,0.000,0.000,0.000,0.000,0.000,0.000,0.000,0.000,-47.133,32.667,0.000,0.000,0.000,0.033,6.4,11.30,28.0,0.000,0.000,0.000,0.006,0.000,0.000,0.000,0.000,0.000,0.000,0.000,0.000,0.000,0.033,0.000,0.000,0.006,0.000
58.0079,580,0,move,-1,58.0079,58.0242,0,0.000,-0.088,0.176,-0.176,-0.088,0.088,-0.264,-0.088,0.176,0.000,-0.176,-0.088,-0.088,-46.494,32.607,0.000,0.439,0.176,0.000,0.000,0.000,0.000,0.000,0.000,0.000,0.000,0.000,0.000,0.000,0.000,0.000,-47.233,32.716,0.000,0.000,0.000,0.026,6.4,11.30,28.0,0.000,0.000,0.000,0.006,0.000,0.000,0.006,0.000,0.000,0.000,0.000,0.000,0.000,0.026,0.000,0.000,0.006,0.006
58.1055,581,0,move,-1,58.1055,58.1164,0,0.000,-0.088,0.176,-0.176,-0.088,0.088,-0.264,-0.088,0.176,0.000,-0.176,-0.088,-0.088,-46.494,32.607,0.000,0.439,0.176,0.000,0.000,0.000,0.000,0.000,0.000,0.000,0.000,0.000,0.000,0.000,0.000,0.000,-47.522,32.856,0.000,0.000,0.000,0.026,6.4,11.30,28.0,0.000,0.000,0.000,0.006,0.000,0.000,0.006,0.000,0.000,0.000,0.000,0.000,0.000,0.026,0.000,0.000,0.006,0.006
58.2094,582,0,move,-1,58.2094,58.2850,0,0.000,-0.088,0.176,-0.176,-0.088,0.088,-0.264,-0.088,0.176,0.000,-0.176,-0.088,-0.088,-46.934,32.871,0.000,0.439,0.176,0.000,0.000,0.000,0.000,0.000,0.000,0.000,0.000,0.000,0.000,0.000,0.000,0.000,-47.971,33.071,0.000,0.000,0.000,0.026,7.6,11.30,28.0,0.000,0.000,0.000,0.000,0.000,0.000,0.006,0.000,0.006,0.000,0.000,0.000,0.000,0.026,0.006,0.000,0.006,0.006
58.3053,583,0,move,-1,58.3053,58.3187,0,0.000,-0.088,0.176,-0.176,-0.088,0.088,-0.264,-0.088,0.176,0.000,-0.176,-0.088,-0.088,-47.373,32.871,0.000,0.439,0.176,0.000,0.000,0.000,0.000,0.000,0.000,0.000,0.000,0.000,0.000,0.000,0.000,0.000,-48.535,33.340,0.000,0.000,0.000,0.026,7.6,11.30,28.0,0.000,0.000,0.000,0.000,0.000,0.000,0.006,0.000,0.006,0.000,0.000,0.000,0.000,0.026,0.006,0.000,0.006,0.006
58.4053,584,0,move,-1,58.4053,58.4152,0,0.000,-0.088,0.176,-0.176,-0.088,0.088,-0.264,-0.088,0.176,0.000,-0.176,-0.088,-0.088,-47.725,33.311,0.000,0.439,0.176,0.000,0.000,0.000,0.000,0.000,0.000,0.000,0.000,0.000,0.000,0.000,0.000,0.000,-49.154,33.634,0.000,0.000,0.000,0.052,10.0,11.30,28.0,0.000,0.000,0.000,0.006,0.000,0.000,0.000,0.000,0.000,0.000,0.006,0.000,0.000,0.052,0.006,0.000,0.006,0.000
58.5053,585,0,move,-1,58.5053,58.5180,0,0.000,-0.088,0.176,-0.176,-0.088,0.088,-0.264,-0.088,0.176,0.000,-0.176,-0.088,-0.088,-48.516,33.574,0.000,0.439,0.176,0.000,0.000,0.000,0.000,0.000,0.000,0.000,0.000,0.000,0.000,0.000,0.000,0.000,-49.772,33.924,0.000,0.000,0.000,0.026,6.4,11.30,28.0,0.000,0.000,0.000,0.006,0.000,0.000,0.000,0.000,0.000,0.000,0.006,0.000,0.000,0.026,0.006,0.000,0.006,0.000
58.6055,586,0,move,-1,58.6055,58.6197,0,0.000,-0.088,0.176,-0.176,-0.088,0.088,-0.264,-0.088,0.176,0.000,-0.176,-0.088,-0.088,-49.043,33.838,0.000,0.439,0.176,0.000,0.000,0.000,0.000,0.000,0.000,0.000,0.000,0.000,0.000,0.000,0.000,0.000,-50.327,34.182,0.000,0.000,0.000,0.033,7.2,11.30,28.0,0.000,0.000,0.000,0.006,0.000,0.000,0.006,0.000,0.000,0.000,0.006,0.000,0.000,0.033,0.006,0.000,0.006,0.000
58.7053,587,0,move,-1,58.7053,58.7155,0,0.000,-0.088,0.176,-0.176,-0.088,0.088,-0.264,-0.088,0.176,0.000,-0.176,-0.088,-0.088,-49.746,34.102,0.000,0.439,0.176,0.000,0.000,0.000,0.000,0.000,0.000,0.000,0.000,0.000,0.000,0.000,0.000,0.000,-50.765,34.384,0.000,0.000,0.000,0.033,7.2,11.30,28.0,0.000,0.000,0.000,0.006,0.000,0.000,0.006,0.000,0.000,0.000,0.006,0.000,0.000,0.033,0.006,0.000,0.006,0.000
58.8054,588,0,move,-1,58.8054,58.8187,0,0.000,-0.088,0.176,-0.176,-0.088,0.088,-0.264,-0.088,0.176,0.000,-0.176,-0.088,-0.088,-50.273,34.365,0.000,0.439,0.176,0.000,0.000,0.000,0.000,0.000,0.000,0.000,0.000,0.000,0.000,0.000,0.000,0.000,-51.045,34.512,0.000,0.000,0.000,0.019,6.4,11.30,28.0,0.000,0.000,0.000,0.006,0.000,0.000,0.006,0.000,0.000,0.000,0.006,0.000,0.000,0.019,0.000,0.000,0.013,0.000
58.9053,589,0,move,-1,58.9053,58.9175,0,0.000,-0.088,0.176,-0.176,-0.088,0.088,-0.264,-0.088,0.176,0.000,-0.176,-0.088,-0.088,-50.713,34.453,0.000,0.439,0.176,0.000,0.000,0.000,0.000,0.000,0.000,0.000,0.000,0.000,0.000,0.000,0.000,0.000,-51.141,34.556,0.000,0.000,0.000,0.019,6.4,11.30,28.0,0.000,0.000,0.000,0.006,0.000,0.000,0.006,0.000,0.000,0.000,0.006,0.000,0.000,0.019,0.000,0.000,0.013,0.000
59.0053,590,0,move,-1,59.0053,59.0195,0,0.000,-0.088,0.176,-0.176,-0.088,0.088,-0.264,-0.088,0.176,0.000,-0.176,-0.088,-0.088,-50.713,34.541,0.000,0.439,0.176,0.000,0.000,0.000,0.000,0.000,0.000,0.000,0.000,0.000,0.000,0.000,0.000,0.000,-51.141,34.556,0.000,0.000,0.000,0.019,4.8,11.30,28.0,0.000,0.000,0.000,0.006,0.000,0.000,0.006,0.000,0.000,0.000,0.000,0.000,0.000,0.019,0.000,0.000,0.006,0.006
59.1053,591,0,move,-1,59.1053,59.1158,0,0.000,-0.088,0.176,-0.176,-0.088,0.088,-0.264,-0.088,0.176,0.000,-0.176,-0.088,-0.088,-50.713,34.541,0.000,0.439,0.176,0.000,0.000,0.000,0.000,0.000,0.000,0.000,0.000,0.000,0.000,0.000,0.000,0.000,-51.141,34.556,0.000,0.000,0.000,0.019,4.8,11.30,28.0,0.000,0.000,0.000,0.006,0.000,0.000,0.006,0.000,0.000,0.000,0.000,0.000,0.000,0.019,0.000,0.000,0.006,0.006
59.2053,592,0,move,-1,59.2053,59.2464,0,0.000,-0.088,0.176,-0.176,-0.088,0.088,-0.264,-0.088,0.176,0.000,-0.176,-0.088,-0.088,-50.713,34.541,0.000,0.439,0.176,0.000,0.000,0.000,0.000,0.000,0.000,0.000,0.000,0.000,0.000,0.000,0.000,0.000,-51.141,34.556,0.000,0.000,0.000,0.013,4.8,11.30,28.0,0.000,0.000,0.000,0.006,0.000,0.000,0.006,0.000,0.000,0.000,0.000,0.000,0.000,0.013,0.000,0.000,0.006,0.000
59.3140,593,0,move,-1,59.3140,59.3355,0,0.000,-0.088,0.176,-0.176,-0.088,0.088,-0.264,-0.088,0.176,0.000,-0.176,-0.088,-0.088,-50.713,34.541,0.000,0.439,0.176,0.000,0.000,0.000,0.000,0.000,0.000,0.000,0.000,0.000,0.000,0.000,0.000,0.000,-51.141,34.556,0.000,0.000,0.000,0.013,4.8,11.30,28.0,0.000,0.000,0.000,0.006,0.000,0.000,0.006,0.000,0.000,0.000,0.000,0.000,0.000,0.013,0.000,0.000,0.006,0.000
59.4055,594,0,move,-1,59.4055,59.4176,0,0.000,-0.088,0.176,-0.176,-0.088,0.088,-0.264,-0.088,0.176,0.000,-0.176,-0.088,-0.088,-50.713,34.541,0.000,0.439,0.176,0.000,0.000,0.000,0.000,0.000,0.000,0.000,0.000,0.000,0.000,0.000,0.000,0.000,-51.141,34.556,0.000,0.000,0.000,0.013,4.8,11.30,28.0,0.000,0.000,0.000,0.006,0.000,0.000,0.000,0.000,0.000,0.000,0.000,0.000,0.000,0.013,0.000,0.000,0.006,0.000
59.5053,595,0,move,-1,59.5053,59.5115,0,0.000,-0.088,0.176,-0.176,-0.088,0.088,-0.264,-0.088,0.176,0.000,-0.176,-0.088,-0.088,-50.713,34.541,0.000,0.439,0.176,0.000,0.000,0.000,0.000,0.000,0.000,0.000,0.000,0.000,0.000,0.000,0.000,0.000,-51.141,34.556,0.000,0.000,0.000,0.013,4.8,11.30,28.0,0.000,0.000,0.000,0.006,0.000,0.000,0.000,0.000,0.000,0.000,0.000,0.000,0.000,0.013,0.000,0.000,0.006,0.000
59.6053,596,0,move,-1,59.6053,59.6196,0,0.000,-0.088,0.176,-0.176,-0.088,0.088,-0.264,-0.088,0.176,0.000,-0.176,-0.088,-0.088,-50.713,34.541,0.000,0.439,0.176,0.000,0.000,0.000,0.000,0.000,0.000,0.000,0.000,0.000,0.000,0.000,0.000,0.000,-51.141,34.556,0.000,0.000,0.000,0.019,4.8,11.30,28.0,0.000,0.000,0.006,0.000,0.000,0.000,0.006,0.000,0.000,0.000,0.000,0.000,0.000,0.019,0.000,0.000,0.013,0.000
59.7054,597,0,move,-1,59.7054,59.7191,0,0.000,-0.088,0.176,-0.176,-0.088,0.088,-0.264,-0.088,0.176,0.000,-0.176,-0.088,-0.088,-50.713,34.541,0.000,0.439,0.176,0.000,0.000,0.000,0.000,0.000,0.000,0.000,0.000,0.000,0.000,0.000,0.000,0.000,-51.141,34.556,0.000,0.000,0.000,0.019,4.8,11.30,28.0,0.000,0.000,0.006,0.000,0.000,0.000,0.006,0.000,0.000,0.000,0.000,0.000,0.000,0.019,0.000,0.000,0.013,0.000
59.8055,598,0,move,-1,59.8055,59.8161,0,0.000,-0.088,0.176,-0.176,-0.088,0.088,-0.264,-0.088,0.176,0.000,-0.176,-0.088,-0.088,-50.713,34.541,0.000,0.439,0.176,0.000,0.000,0.000,0.000,0.000,0.000,0.000,0.000,0.000,0.000,0.000,0.000,0.000,-51.141,34.556,0.000,0.000,0.000,0.013,4.8,11.30,28.0,0.000,0.000,0.000,0.000,0.000,0.000,0.006,0.000,0.006,0.000,0.000,0.000,0.000,0.013,0.000,0.000,0.006,0.000
59.9055,599,0,move,-1,59.9055,59.9113,0,0.000,-0.088,0.176,-0.176,-0.088,0.088,-0.264,-0.088,0.176,0.000,-0.176,-0.088,-0.088,-50.713,34.541,0.000,0.439,0.176,0.000,0.000,0.000,0.000,0.000,0.000,0.000,0.000,0.000,0.000,0.000,0.000,0.000,-51.141,34.556,0.000,0.000,0.000,0.013,4.8,11.30,28.0,0.000,0.000,0.000,0.000,0.000,0.000,0.006,0.000,0.006,0.000,0.000,0.000,0.000,0.013,0.000,0.000,0.006,0.000
60.0054,600,0,move,-1,60.0054,60.0161,0,0.000,-0.088,0.176,-0.176,-0.088,0.088,-0.264,-0.088,0.176,0.000,-0.176,-0.088,-0.088,-50.713,34.541,0.000,0.439,0.176,0.000,0.000,0.000,0.000,0.000,0.000,0.000,0.000,0.000,0.000,0.000,0.000,0.000,-51.141,34.556,0.000,0.000,0.000,0.019,4.8,11.30,28.0,0.000,0.000,0.006,0.006,0.000,0.000,0.006,0.000,0.000,0.000,0.000,0.000,0.000,0.019,0.000,0.000,0.006,0.000
60.1183,601,0,move,-1,60.1183,60.1635,0,0.000,-0.088,0.176,-0.176,-0.088,0.088,-0.264,-0.088,0.176,0.000,-0.176,-0.088,-0.088,-50.713,34.541,0.000,0.439,0.176,0.000,0.000,0.000,0.000,0.000,0.000,0.000,0.000,0.000,0.000,0.000,0.000,0.000,-51.141,34.556,0.000,0.000,0.000,0.013,4.8,11.30,28.0,0.000,0.000,0.000,0.000,0.000,0.000,0.000,0.000,0.000,0.000,0.006,0.000,0.000,0.013,0.000,0.000,0.006,0.000
60.2055,602,0,move,-1,60.2055,60.2160,0,0.000,-0.088,0.176,-0.176,-0.088,0.088,-0.264,-0.088,0.176,0.000,-0.176,-0.088,-0.088,-50.713,34.541,0.000,0.439,0.176,0.000,0.000,0.000,0.000,0.000,0.000,0.000,0.000,0.000,0.000,0.000,0.000,0.000,-51.141,34.556,0.000,0.000,0.000,0.013,4.8,11.30,28.0,0.000,0.000,0.000,0.000,0.000,0.000,0.000,0.000,0.000,0.000,0.006,0.000,0.000,0.013,0.000,0.000,0.006,0.000
60.3053,603,0,move,-1,60.3053,60.3184,0,0.000,-0.088,0.176,-0.176,-0.088,0.088,-0.264,-0.088,0.176,0.000,-0.176,-0.088,-0.088,-50.713,34.541,0.000,0.439,0.176,0.000,0.000,0.000,0.000,0.000,0.000,0.000,0.000,0.000,0.000,0.000,0.000,0.000,-51.141,34.556,0.000,0.000,0.000,0.013,4.8,11.30,28.0,0.000,0.000,0.000,0.006,0.000,0.000,0.000,0.000,0.000,0.000,0.006,0.000,0.000,0.013,0.000,0.000,0.013,0.000
60.4055,604,0,move,-1,60.4055,60.4159,0,0.000,-0.088,0.176,-0.176,-0.088,0.088,-0.264,-0.088,0.176,0.000,-0.176,-0.088,-0.088,-50.713,34.541,0.000,0.439,0.176,0.000,0.000,0.000,0.000,0.000,0.000,0.000,0.000,0.000,0.000,0.000,0.000,0.000,-51.141,34.556,0.000,0.000,0.000,0.013,4.8,11.30,28.0,0.000,0.000,0.000,0.006,0.000,0.000,0.000,0.000,0.000,0.000,0.006,0.000,0.000,0.013,0.000,0.000,0.013,0.000
60.5055,605,0,move,-1,60.5055,60.5158,0,0.000,-0.088,0.176,-0.176,-0.088,0.088,-0.264,-0.088,0.176,0.000,-0.176,-0.088,-0.088,-50.713,34.541,0.000,0.439,0.176,0.000,0.000,0.000,0.000,0.000,0.000,0.000,0.000,0.000,0.000,0.000,0.000,0.000,-51.141,34.556,0.000,0.000,0.000,0.019,4.8,11.30,28.0,0.000,0.000,0.000,0.006,0.000,0.000,0.000,0.000,0.000,0.000,0.006,0.000,0.000,0.019,0.000,0.000,0.013,0.000
60.6053,606,0,move,-1,60.6053,60.6190,0,0.000,-0.088,0.176,-0.176,-0.088,0.088,-0.264,-0.088,0.176,0.000,-0.176,-0.088,-0.088,-50.713,34.541,0.000,0.439,0.176,0.000,0.000,0.000,0.000,0.000,0.000,0.000,0.000,0.000,0.000,0.000,0.000,0.000,-51.141,34.556,0.000,0.000,0.000,0.013,4.8,11.30,28.0,0.000,0.000,0.006,0.000,0.000,0.000,0.006,0.000,0.000,0.000,0.006,0.000,0.000,0.013,0.000,0.000,0.006,0.006
60.7053,607,0,move,-1,60.7053,60.7158,0,0.000,-0.088,0.176,-0.176,-0.088,0.088,-0.264,-0.088,0.176,0.000,-0.176,-0.088,-0.088,-50.713,34.541,0.000,0.439,0.176,0.000,0.000,0.000,0.000,0.000,0.000,0.000,0.000,0.000,0.000,0.000,0.000,0.000,-51.141,34.556,0.000,0.000,0.000,0.013,4.8,11.30,28.0,0.000,0.000,0.006,0.000,0.000,0.000,0.006,0.000,0.000,0.000,0.006,0.000,0.000,0.013,0.000,0.000,0.006,0.006
60.8157,608,0,move,-1,60.8157,60.8425,0,0.000,-0.088,0.176,-0.176,-0.088,0.088,-0.264,-0.088,0.176,0.000,-0.176,-0.088,-0.088,-50.713,34.541,0.000,0.439,0.176,0.000,0.000,0.000,0.000,0.000,0.000,0.000,0.000,0.000,0.000,0.000,0.000,0.000,-51.141,34.556,0.000,0.000,0.000,0.019,4.8,11.30,28.0,0.000,0.000,0.000,0.006,0.000,0.000,0.006,0.000,0.000,0.000,0.000,0.000,0.000,0.019,0.000,0.000,0.006,0.000
60.9053,609,0,move,-1,60.9053,60.9166,0,0.000,-0.088,0.176,-0.176,-0.088,0.088,-0.264,-0.088,0.176,0.000,-0.176,-0.088,-0.088,-50.713,34.541,0.000,0.439,0.176,0.000,0.000,0.000,0.000,0.000,0.000,0.000,0.000,0.000,0.000,0.000,0.000,0.000,-51.141,34.556,0.000,0.000,0.000,0.019,4.8,11.30,28.0,0.000,0.000,0.000,0.006,0.000,0.000,0.006,0.000,0.000,0.000,0.000,0.000,0.000,0.019,0.000,0.000,0.006,0.000
61.0055,610,0,move,-1,61.0055,61.0183,0,0.000,-0.088,0.176,-0.176,-0.088,0.088,-0.264,-0.088,0.176,0.000,-0.176,-0.088,-0.088,-50.713,34.541,0.000,0.439,0.176,0.000,0.000,0.000,0.000,0.000,0.000,0.000,0.000,0.000,0.000,0.000,0.000,0.000,-51.141,34.556,0.000,0.000,0.000,0.019,4.8,11.30,28.0,0.000,0.000,0.000,0.000,0.000,0.000,0.006,0.000,0.000,0.000,0.000,0.000,0.000,0.019,0.000,0.000,0.013,0.000
61.1055,611,0,move,-1,61.1055,61.1159,0,0.000,-0.088,0.176,-0.176,-0.088,0.088,-0.264,-0.088,0.176,0.000,-0.176,-0.088,-0.088,-50.713,34.541,0.000,0.439,0.176,0.000,0.000,0.000,0.000,0.000,0.000,0.000,0.000,0.000,0.000,0.000,0.000,0.000,-51.141,34.556,0.000,0.000,0.000,0.019,4.8,11.30,28.0,0.000,0.000,0.000,0.000,0.000,0.000,0.006,0.000,0.000,0.000,0.000,0.000,0.000,0.019,0.000,0.000,0.013,0.000
61.2053,612,0,move,-1,61.2053,61.2168,0,0.000,-0.088,0.176,-0.176,-0.088,0.088,-0.264,-0.088,0.176,0.000,-0.176,-0.088,-0.088,-50.713,34.541,0.000,0.439,0.176,0.000,0.000,0.000,0.000,0.000,0.000,0.000,0.000,0.000,0.000,0.000,0.000,0.000,-51.141,34.556,0.000,0.000,0.000,0.019,4.8,11.30,28.0,0.000,0.000,0.000,0.000,0.000,0.000,0.006,0.000,0.000,0.000,0.000,0.000,0.000,0.019,0.000,0.000,0.013,0.000
61.3055,613,0,move,-1,61.3055,61.3156,0,0.000,-0.088,0.176,-0.176,-0.088,0.088,-0.264,-0.088,0.176,0.000,-0.176,-0.088,-0.088,-50.713,34.541,0.000,0.439,0.176,0.000,0.000,0.000,0.000,0.000,0.000,0.000,0.000,0.000,0.000,0.000,0.000,0.000,-51.141,34.556,0.000,0.000,0.000,0.019,4.8,11.30,28.0,0.000,0.000,0.000,0.000,0.000,0.000,0.006,0.000,0.000,0.000,0.000,0.000,0.000,0.019,0.000,0.000,0.013,0.000
61.4053,614,0,move,-1,61.4053,61.4153,0,0.000,-0.088,0.176,-0.176,-0.088,0.088,-0.264,-0.088,0.176,0.000,-0.176,-0.088,-0.088,-50.801,34.541,0.000,0.439,0.176,0.000,0.000,0.000,0.000,0.000,0.000,0.000,0.000,0.000,0.000,0.000,0.000,0.000,-51.141,34.556,0.000,0.000,0.000,0.019,4.8,11.30,28.0,0.000,0.000,0.000,0.000,0.000,0.000,0.006,0.000,0.000,0.000,0.000,0.000,0.000,0.019,0.000,0.000,0.006,0.006
61.5079,615,0,move,-1,61.5079,61.5175,0,0.000,-0.088,0.176,-0.176,-0.088,0.088,-0.264,-0.088,0.176,0.000,-0.176,-0.088,-0.088,-50.801,34.541,0.000,0.439,0.176,0.000,0.000,0.000,0.000,0.000,0.000,0.000,0.000,0.000,0.000,0.000,0.000,0.000,-51.141,34.556,0.000,0.000,0.000,0.013,4.0,11.30,28.0,0.000,0.000,0.000,0.000,0.000,0.000,0.000,0.000,0.000,0.000,0.000,0.000,0.000,0.013,0.000,0.000,0.006,0.000
61.6055,616,0,move,-1,61.6055,61.6192,0,0.000,-0.088,0.176,-0.176,-0.088,0.088,-0.264,-0.088,0.176,0.000,-0.176,-0.088,-0.088,-50.801,34.541,0.000,0.439,0.176,0.000,0.000,0.000,0.000,0.000,0.000,0.000,0.000,0.000,0.000,0.000,0.000,0.000,-51.141,34.556,0.000,0.000,0.000,0.013,4.0,11.30,28.0,0.000,0.000,0.000,0.000,0.000,0.000,0.006,0.000,0.006,0.000,0.000,0.000,0.000,0.013,0.000,0.000,0.006,0.000
61.7055,617,0,move,-1,61.7055,61.7182,0,0.000,-0.088,0.176,-0.176,-0.088,0.088,-0.264,-0.088,0.176,0.000,-0.176,-0.088,-0.088,-50.801,34.541,0.000,0.439,0.176,0.000,0.000,0.000,0.000,0.000,0.000,0.000,0.000,0.000,0.000,0.000,0.000,0.000,-51.141,34.556,0.000,0.000,0.000,0.013,4.0,11.30,28.0,0.000,0.000,0.000,0.000,0.000,0.000,0.006,0.000,0.006,0.000,0.000,0.000,0.000,0.013,0.000,0.000,0.006,0.000
61.8055,618,0,move,-1,61.8055,61.8157,0,0.000,-0.088,0.176,-0.176,-0.088,0.088,-0.264,-0.088,0.176,0.000,-0.176,-0.088,-0.088,-50.801,34.541,0.000,0.439,0.176,0.000,0.000,0.000,0.000,0.000,0.000,0.000,0.000,0.000,0.000,0.000,0.000,0.000,-51.141,34.556,0.000,0.000,0.000,0.013,4.0,11.30,28.0,0.000,0.000,0.000,0.006,0.000,0.000,0.006,0.000,0.000,0.000,0.000,0.000,0.000,0.013,0.000,0.000,0.006,0.000
61.9053,619,0,move,-1,61.9053,61.9180,0,0.000,-0.088,0.176,-0.176,-0.088,0.088,-0.264,-0.088,0.176,0.000,-0.176,-0.088,-0.088,-50.801,34.541,0.000,0.439,0.176,0.000,0.000,0.000,0.000,0.000,0.000,0.000,0.000,0.000,0.000,0.000,0.000,0.000,-51.141,34.556,0.000,0.000,0.000,0.013,4.0,11.30,28.0,0.000,0.000,0.000,0.000,0.000,0.000,0.006,0.000,0.000,0.000,0.000,0.000,0.000,0.013,0.000,0.000,0.013,0.006
62.0053,620,0,move,-1,62.0053,62.0172,0,0.000,-0.088,0.176,-0.176,-0.088,0.088,-0.264,-0.088,0.176,0.000,-0.176,-0.088,-0.088,-50.801,34.541,0.000,0.439,0.176,0.000,0.000,0.000,0.000,0.000,0.000,0.000,0.000,0.000,0.000,0.000,0.000,0.000,-51.143,34.557,0.000,0.000,0.000,0.013,4.0,11.30,28.0,0.000,0.000,0.000,0.000,0.000,0.000,0.006,0.000,0.000,0.000,0.000,0.000,0.000,0.013,0.000,0.000,0.013,0.006
62.1053,621,0,move,-1,62.1053,62.1159,0,0.000,-0.088,0.176,-0.176,-0.088,0.088,-0.264,-0.088,0.176,0.000,-0.176,-0.088,-0.088,-50.801,34.541,0.000,0.439,0.176,0.000,0.000,0.000,0.000,0.000,0.000,0.000,0.000,0.000,0.000,0.000,0.000,0.000,-51.143,34.557,0.000,0.000,0.000,0.013,4.0,11.30,28.0,0.000,0.000,0.000,0.000,0.000,0.000,0.006,0.000,0.000,0.000,0.000,0.000,0.000,0.013,0.000,0.000,0.013,0.000
62.2055,622,0,move,-1,62.2055,62.2159,0,0.000,-0.088,0.176,-0.176,-0.088,0.088,-0.264,-0.088,0.176,0.000,-0.176,-0.088,-0.088,-50.801,34.541,0.000,0.439,0.176,0.000,0.000,0.000,0.000,0.000,0.000,0.000,0.000,0.000,0.000,0.000,0.000,0.000,-51.143,34.557,0.000,0.000,0.000,0.013,4.0,11.30,28.0,0.000,0.000,0.000,0.000,0.000,0.000,0.006,0.000,0.000,0.000,0.000,0.000,0.000,0.013,0.000,0.000,0.013,0.000
62.3055,623,0,move,-1,62.3055,62.3159,0,0.000,-0.088,0.176,-0.176,-0.088,0.088,-0.264,-0.088,0.176,0.000,-0.176,-0.088,-0.088,-50.801,34.541,0.000,0.439,0.176,0.000,0.000,0.000,0.000,0.000,0.000,0.000,0.000,0.000,0.000,0.000,0.000,0.000,-51.143,34.557,0.000,0.000,0.000,0.013,4.0,11.30,28.0,0.000,0.000,0.000,0.006,0.000,0.000,0.000,0.000,0.006,0.000,0.000,0.000,0.000,0.013,0.000,0.000,0.006,0.006
62.4053,624,0,move,-1,62.4053,62.4160,0,0.000,-0.088,0.176,-0.176,-0.088,0.088,-0.264,-0.088,0.176,0.000,-0.176,-0.088,-0.088,-50.801,34.541,0.000,0.439,0.176,0.000,0.000,0.000,0.000,0.000,0.000,0.000,0.000,0.000,0.000,0.000,0.000,0.000,-51.143,34.557,0.000,0.000,0.000,0.013,4.0,11.30,28.0,0.000,0.000,0.000,0.000,0.000,0.000,0.006,0.000,0.000,0.000,0.000,0.000,0.000,0.013,0.000,0.000,0.013,0.000
62.5055,625,0,move,-1,62.5055,62.5179,0,0.000,-0.088,0.176,-0.176,-0.088,0.088,-0.264,-0.088,0.176,0.000,-0.176,-0.088,-0.088,-50.801,34.541,0.000,0.439,0.176,0.000,0.000,0.000,0.000,0.000,0.000,0.000,0.000,0.000,0.000,0.000,0.000,0.000,-51.143,34.557,0.000,0.000,0.000,0.013,4.0,11.30,28.0,0.000,0.000,0.000,0.000,0.000,0.000,0.000,0.000,0.000,0.000,0.006,0.000,0.000,0.013,0.000,0.000,0.006,0.000
62.6055,626,0,move,-1,62.6055,62.6155,0,0.000,-0.088,0.176,-0.176,-0.088,0.088,-0.264,-0.088,0.176,0.000,-0.176,-0.088,-0.088,-50.801,34.541,0.000,0.439,0.176,0.000,0.000,0.000,0.000,0.000,0.000,0.000,0.000,0.000,0.000,0.000,0.000,0.000,-51.143,34.557,0.000,0.000,0.000,0.013,4.0,11.30,28.0,0.000,0.000,0.000,0.000,0.000,0.000,0.000,0.000,0.000,0.000,0.006,0.000,0.000,0.013,0.000,0.000,0.006,0.000
62.7163,627,0,move,-1,62.7163,62.7587,0,0.000,-0.088,0.176,-0.176,-0.088,0.088,-0.264,-0.088,0.176,0.000,-0.176,-0.088,-0.088,-50.801,34.541,0.000,0.439,0.176,0.000,0.000,0.000,0.000,0.000,0.000,0.000,0.000,0.000,0.000,0.000,0.000,0.000,-51.143,34.557,0.000,0.000,0.000,0.013,4.0,11.30,28.0,0.000,0.000,0.000,0.000,0.000,0.000,0.006,0.000,0.000,0.000,0.006,0.000,0.000,0.013,0.000,0.000,0.006,0.000
62.8053,628,0,move,-1,62.8053,62.8163,0,0.000,-0.088,0.176,-0.176,-0.088,0.088,-0.264,-0.088,0.176,0.000,-0.176,-0.088,-0.088,-50.801,34.541,0.000,0.439,0.176,0.000,0.000,0.000,0.000,0.000,0.000,0.000,0.000,0.000,0.000,0.000,0.000,0.000,-51.143,34.557,0.000,0.000,0.000,0.013,4.0,11.30,28.0,0.000,0.000,0.000,0.000,0.000,0.000,0.006,0.000,0.000,0.000,0.006,0.000,0.000,0.013,0.000,0.000,0.006,0.000
62.9053,629,0,move,-1,62.9053,62.9135,0,0.000,-0.088,0.176,-0.176,-0.088,0.088,-0.264,-0.088,0.176,0.000,-0.176,-0.088,-0.088,-50.801,34.541,0.000,0.439,0.176,0.000,0.000,0.000,0.000,0.000,0.000,0.000,0.000,0.000,0.000,0.000,0.000,0.000,-51.143,34.557,0.000,0.000,0.000,0.013,4.0,11.30,28.0,0.000,0.000,0.000,0.000,0.000,0.000,0.006,0.000,0.006,0.000,0.000,0.000,0.000,0.013,0.000,0.000,0.006,0.000
63.0053,630,0,move,-1,63.0053,63.0177,0,0.000,-0.088,0.176,-0.176,-0.088,0.088,-0.264,-0.088,0.176,0.000,-0.176,-0.088,-0.088,-50.801,34.541,0.000,0.439,0.176,0.000,0.000,0.000,0.000,0.000,0.000,0.000,0.000,0.000,0.000,0.000,0.000,0.000,-51.143,34.557,0.000,0.000,0.000,0.013,4.0,11.30,28.0,0.000,0.000,0.000,0.000,0.000,0.000,0.006,0.000,0.000,0.000,0.000,0.000,0.000,0.013,0.000,0.000,0.006,0.000
63.1055,631,0,move,-1,63.1055,63.1169,0,0.000,-0.088,0.176,-0.176,-0.088,0.088,-0.264,-0.088,0.176,0.000,-0.176,-0.088,-0.088,-50.801,34.541,0.000,0.439,0.176,0.000,0.000,0.000,0.000,0.000,0.000,0.000,0.000,0.000,0.000,0.000,0.000,0.000,-51.143,34.557,0.000,0.000,0.000,0.013,4.0,11.30,28.0,0.000,0.000,0.000,0.000,0.000,0.000,0.006,0.000,0.000,0.000,0.000,0.000,0.000,0.013,0.000,0.000,0.006,0.000
63.2055,632,0,move,-1,63.2055,63.2182,0,0.000,-0.088,0.176,-0.176,-0.088,0.088,-0.264,-0.088,0.176,0.000,-0.176,-0.088,-0.088,-50.801,34.541,0.000,0.439,0.176,0.000,0.000,0.000,0.000,0.000,0.000,0.000,0.000,0.000,0.000,0.000,0.000,0.000,-51.143,34.557,0.000,0.000,0.000,0.013,4.0,11.30,28.0,0.000,0.000,0.000,0.006,0.000,0.000,0.006,0.000,0.000,0.000,0.000,0.000,0.000,0.013,0.000,0.000,0.006,0.000
63.3076,633,0,move,-1,63.3076,63.3320,0,0.000,-0.088,0.176,-0.176,-0.088,0.088,-0.264,-0.088,0.176,0.000,-0.176,-0.088,-0.088,-50.801,34.541,0.000,0.439,0.176,0.000,0.000,0.000,0.000,0.000,0.000,0.000,0.000,0.000,0.000,0.000,0.000,0.000,-51.143,34.557,0.000,0.000,0.000,0.013,4.0,11.30,28.0,0.000,0.000,0.000,0.000,0.000,0.000,0.006,0.000,0.006,0.000,0.000,0.000,0.000,0.013,0.000,0.000,0.013,0.006
63.4063,634,0,move,-1,63.4063,63.4361,0,0.000,-0.088,0.176,-0.176,-0.088,0.088,-0.264,-0.088,0.176,0.000,-0.176,-0.088,-0.088,-50.801,34.541,0.000,0.439,0.176,0.000,0.000,0.000,0.000,0.000,0.000,0.000,0.000,0.000,0.000,0.000,0.000,0.000,-51.143,34.557,0.000,0.000,0.000,0.013,4.0,11.30,28.0,0.000,0.000,0.000,0.000,0.000,0.000,0.000,0.000,0.006,0.000,0.000,0.000,0.000,0.013,0.000,0.000,0.006,0.000
63.5055,635,0,move,-1,63.5055,63.5161,0,0.000,-0.088,0.176,-0.176,-0.088,0.088,-0.264,-0.088,0.176,0.000,-0.176,-0.088,-0.088,-50.801,34.541,0.000,0.439,0.176,0.000,0.000,0.000,0.000,0.000,0.000,0.000,0.000,0.000,0.000,0.000,0.000,0.000,-51.143,34.557,0.000,0.000,0.000,0.013,4.0,11.30,28.0,0.000,0.000,0.000,0.000,0.000,0.000,0.000,0.000,0.006,0.000,0.000,0.000,0.000,0.013,0.000,0.000,0.006,0.000
63.6053,636,0,move,-1,63.6053,63.6178,0,0.000,-0.088,0.176,-0.176,-0.088,0.088,-0.264,-0.088,0.176,0.000,-0.176,-0.088,-0.088,-50.801,34.541,0.000,0.439,0.176,0.000,0.000,0.000,0.000,0.000,0.000,0.000,0.000,0.000,0.000,0.000,0.000,0.000,-51.143,34.557,0.000,0.000,0.000,0.013,4.0,11.30,29.0,0.000,0.000,0.000,0.000,0.000,0.000,0.006,0.000,0.006,0.000,0.000,0.000,0.000,0.013,0.000,0.000,0.006,0.000
63.7058,637,0,move,-1,63.7058,63.7170,0,0.000,-0.088,0.176,-0.176,-0.088,0.088,-0.264,-0.088,0.176,0.000,-0.176,-0.088,-0.088,-50.801,34.541,0.000,0.439,0.176,0.000,0.000,0.000,0.000,0.000,0.000,0.000,0.000,0.000,0.000,0.000,0.000,0.000,-51.143,34.557,0.000,0.000,0.000,0.013,4.0,11.30,29.0,0.000,0.000,0.000,0.000,0.000,0.000,0.006,0.000,0.006,0.000,0.000,0.000,0.000,0.013,0.000,0.000,0.006,0.000
63.8055,638,0,move,-1,63.8055,63.8171,0,0.000,-0.088,0.176,-0.176,-0.088,0.088,-0.264,-0.088,0.176,0.000,-0.176,-0.088,-0.088,-50.801,34.541,0.000,0.439,0.176,0.000,0.000,0.000,0.000,0.000,0.000,0.000,0.000,0.000,0.000,0.000,0.000,0.000,-51.143,34.557,0.000,0.000,0.000,0.013,4.0,11.30,28.0,0.000,0.000,0.000,0.000,0.000,0.000,0.006,0.000,0.000,0.000,0.000,0.000,0.000,0.013,0.000,0.000,0.006,0.000
63.9055,639,0,move,-1,63.9055,63.9166,0,0.000,-0.088,0.176,-0.176,-0.088,0.088,-0.264,-0.088,0.176,0.000,-0.176,-0.088,-0.088,-50.801,34.541,0.000,0.439,0.176,0.000,0.000,0.000,0.000,0.000,0.000,0.000,0.000,0.000,0.000,0.000,0.000,0.000,-51.143,34.557,0.000,0.000,0.000,0.013,4.0,11.30,28.0,0.000,0.000,0.000,0.000,0.000,0.000,0.006,0.000,0.000,0.000,0.000,0.000,0.000,0.013,0.000,0.000,0.006,0.000
64.0055,640,0,move,-1,64.0055,64.0169,0,0.000,-0.088,0.176,-0.176,-0.088,0.088,-0.264,-0.088,0.176,0.000,-0.176,-0.088,-0.088,-50.801,34.541,0.000,0.439,0.176,0.000,0.000,0.000,0.000,0.000,0.000,0.000,0.000,0.000,0.000,0.000,0.000,0.000,-51.143,34.557,0.000,0.000,0.000,0.013,4.0,11.30,28.0,0.000,0.000,0.000,0.000,0.000,0.000,0.006,0.000,0.000,0.000,0.000,0.000,0.000,0.013,0.000,0.000,0.013,0.000
64.1055,641,0,move,-1,64.1055,64.1162,0,0.000,-0.088,0.176,-0.176,-0.088,0.088,-0.264,-0.088,0.176,0.000,-0.176,-0.088,-0.088,-50.801,34.541,0.000,0.439,0.176,0.000,0.000,0.000,0.000,0.000,0.000,0.000,0.000,0.000,0.000,0.000,0.000,0.000,-51.143,34.557,0.000,0.000,0.000,0.013,4.0,11.30,28.0,0.000,0.000,0.000,0.000,0.000,0.000,0.006,0.000,0.000,0.000,0.000,0.000,0.000,0.013,0.000,0.000,0.013,0.000
64.2053,642,0,move,-1,64.2053,64.2593,0,0.000,-0.088,0.176,-0.176,-0.088,0.088,-0.264,-0.088,0.176,0.000,-0.176,-0.088,-0.088,-50.801,34.541,0.000,0.439,0.176,0.000,0.000,0.000,0.000,0.000,0.000,0.000,0.000,0.000,0.000,0.000,0.000,0.000,-51.143,34.557,0.000,0.000,0.000,0.013,4.0,11.30,28.0,0.000,0.000,0.000,0.000,0.000,0.000,0.006,0.000,0.000,0.000,0.000,0.000,0.000,0.013,0.000,0.000,0.006,0.006
64.3053,643,0,move,-1,64.3053,64.3165,0,0.000,-0.088,0.176,-0.176,-0.088,0.088,-0.264,-0.088,0.176,0.000,-0.176,-0.088,-0.088,-50.801,34.541,0.000,0.439,0.176,0.000,0.000,0.000,0.000,0.000,0.000,0.000,0.000,0.000,0.000,0.000,0.000,0.000,-51.143,34.557,0.000,0.000,0.000,0.013,4.0,11.30,28.0,0.000,0.000,0.000,0.000,0.000,0.000,0.006,0.000,0.000,0.000,0.000,0.000,0.000,0.013,0.000,0.000,0.006,0.006
64.4055,644,0,move,-1,64.4055,64.4184,0,0.000,-0.088,0.176,-0.176,-0.088,0.088,-0.264,-0.088,0.176,0.000,-0.176,-0.088,-0.088,-50.801,34.541,0.000,0.439,0.176,0.000,0.000,0.000,0.000,0.000,0.000,0.000,0.000,0.000,0.000,0.000,0.000,0.000,-51.143,34.557,0.000,0.000,0.000,0.013,4.0,11.30,28.0,0.000,0.000,0.000,0.000,0.000,0.000,0.000,0.000,0.000,0.000,0.000,0.000,0.000,0.013,0.000,0.000,0.006,0.000
64.5068,645,0,move,-1,64.5068,64.5140,0,0.000,-0.088,0.176,-0.176,-0.088,0.088,-0.264,-0.088,0.176,0.000,-0.176,-0.088,-0.088,-50.801,34.541,0.000,0.439,0.176,0.000,0.000,0.000,0.000,0.000,0.000,0.000,0.000,0.000,0.000,0.000,0.000,0.000,-51.143,34.557,0.000,0.000,0.000,0.013,4.0,11.30,28.0,0.000,0.000,0.000,0.000,0.000,0.000,0.000,0.000,0.000,0.000,0.000,0.000,0.000,0.013,0.000,0.000,0.006,0.000
64.6053,646,0,move,-1,64.6053,64.6160,0,0.000,-0.088,0.176,-0.176,-0.088,0.088,-0.264,-0.088,0.176,0.000,-0.176,-0.088,-0.088,-50.801,34.541,0.000,0.439,0.176,0.000,0.000,0.000,0.000,0.000,0.000,0.000,0.000,0.000,0.000,0.000,0.000,0.000,-51.143,34.557,0.000,0.000,0.000,0.013,4.0,11.30,28.0,0.000,0.000,0.000,0.006,0.000,0.000,0.006,0.000,0.000,0.000,0.000,0.000,0.000,0.013,0.000,0.000,0.006,0.006
64.7055,647,0,move,-1,64.7055,64.7178,0,0.000,-0.088,0.176,-0.176,-0.088,0.088,-0.264,-0.088,0.176,0.000,-0.176,-0.088,-0.088,-50.801,34.541,0.000,0.439,0.176,0.000,0.000,0.000,0.000,0.000,0.000,0.000,0.000,0.000,0.000,0.000,0.000,0.000,-51.143,34.557,0.000,0.000,0.000,0.013,4.0,11.30,28.0,0.000,0.000,0.000,0.006,0.000,0.000,0.006,0.000,0.000,0.000,0.000,0.000,0.000,0.013,0.000,0.000,0.013,0.000
64.8053,648,0,move,-1,64.8053,64.8161,0,0.000,-0.088,0.176,-0.176,-0.088,0.088,-0.264,-0.088,0.176,0.000,-0.176,-0.088,-0.088,-50.801,34.541,0.000,0.439,0.176,0.000,0.000,0.000,0.000,0.000,0.000,0.000,0.000,0.000,0.000,0.000,0.000,0.000,-51.143,34.557,0.000,0.000,0.000,0.013,4.0,11.30,28.0,0.000,0.000,0.000,0.006,0.000,0.000,0.006,0.000,0.000,0.000,0.000,0.000,0.000,0.013,0.000,0.000,0.013,0.000
64.9054,649,0,move,-1,64.9054,64.9168,0,0.000,-0.088,0.176,-0.176,-0.088,0.088,-0.264,-0.088,0.176,0.000,-0.176,-0.088,-0.088,-50.801,34.541,0.000,0.439,0.176,0.000,0.000,0.000,0.000,0.000,0.000,0.000,0.000,0.000,0.000,0.000,0.000,0.000,-51.143,34.557,0.000,0.000,0.000,0.013,4.0,11.30,28.0,0.000,0.000,0.000,0.000,0.000,0.000,0.000,0.000,0.000,0.000,0.000,0.000,0.000,0.013,0.000,0.000,0.013,0.000
65.0055,650,0,move,-1,65.0055,65.0175,0,0.000,-0.088,0.176,-0.176,-0.088,0.088,-0.264,-0.088,0.176,0.000,-0.176,-0.088,-0.088,-50.801,34.541,0.000,0.439,0.176,0.000,0.000,0.000,0.000,0.000,0.000,0.000,0.000,0.000,0.000,0.000,0.000,0.000,-51.143,34.557,0.000,0.000,0.000,0.013,4.0,11.30,28.0,0.000,0.000,0.000,0.000,0.000,0.000,0.006,0.000,0.000,0.000,0.006,0.000,0.000,0.013,0.000,0.000,0.006,0.000
65.1054,651,0,move,-1,65.1054,65.1189,0,0.000,-0.088,0.176,-0.176,-0.088,0.088,-0.264,-0.088,0.176,0.000,-0.176,-0.088,-0.088,-50.801,34.541,0.000,0.439,0.176,0.000,0.000,0.000,0.000,0.000,0.000,0.000,0.000,0.000,0.000,0.000,0.000,0.000,-51.143,34.557,0.000,0.000,0.000,0.013,4.0,11.30,28.0,0.000,0.000,0.000,0.006,0.000,0.000,0.006,0.000,0.000,0.000,0.006,0.000,0.000,0.013,0.000,0.000,0.006,0.000
65.2053,652,0,move,-1,65.2053,65.2214,0,0.000,-0.088,0.176,-0.176,-0.088,0.088,-0.264,-0.088,0.176,0.000,-0.176,-0.088,-0.088,-50.801,34.541,0.000,0.439,0.176,0.000,0.000,0.000,0.000,0.000,0.000,0.000,0.000,0.000,0.000,0.000,0.000,0.000,-51.143,34.557,0.000,0.000,0.000,0.006,0.0,11.30,31.0,0.000,0.000,0.000,0.000,0.000,0.000,0.000,0.000,0.000,0.000,0.000,0.000,0.000,0.000,0.000,0.000,0.006,0.000
65.3055,653,0,move,-1,65.3055,65.3216,0,0.000,-0.088,0.176,-0.176,-0.088,0.088,-0.264,-0.088,0.176,0.000,-0.176,-0.088,-0.088,-50.801,34.541,0.000,0.439,0.176,0.000,0.000,0.000,0.000,0.000,0.000,0.000,0.000,0.000,0.000,0.000,0.000,0.000,-51.143,34.557,0.000,0.000,0.000,0.013,4.0,11.30,28.0,0.000,0.000,0.000,0.006,0.000,0.000,0.000,0.000,0.006,0.000,0.000,0.000,0.000,0.013,0.000,0.000,0.013,0.000
65.4053,654,0,move,-1,65.4053,65.4110,0,0.000,-0.088,0.176,-0.176,-0.088,0.088,-0.264,-0.088,0.176,0.000,-0.176,-0.088,-0.088,-50.801,34.541,0.000,0.439,0.176,0.000,0.000,0.000,0.000,0.000,0.000,0.000,0.000,0.000,0.000,0.000,0.000,0.000,-51.143,34.557,0.000,0.000,0.000,0.013,4.0,11.30,28.0,0.000,0.000,0.000,0.006,0.000,0.000,0.000,0.000,0.006,0.000,0.000,0.000,0.000,0.013,0.000,0.000,0.013,0.000
65.5053,655,0,move,-1,65.5053,65.5159,0,0.000,-0.088,0.176,-0.176,-0.088,0.088,-0.264,-0.088,0.176,0.000,-0.176,-0.088,-0.088,-50.801,34.541,0.000,0.439,0.176,0.000,0.000,0.000,0.000,0.000,0.000,0.000,0.000,0.000,0.000,0.000,0.000,0.000,-51.143,34.557,0.000,0.000,0.000,0.013,4.0,11.30,28.0,0.000,0.000,0.000,0.000,0.000,0.000,0.000,0.000,0.000,0.000,0.000,0.000,0.000,0.013,0.000,0.000,0.006,0.000
65.6053,656,0,move,-1,65.6053,65.6183,0,0.000,-0.088,0.176,-0.176,-0.088,0.088,-0.264,-0.088,0.176,0.000,-0.176,-0.088,-0.088,-50.801,34.541,0.000,0.439,0.176,0.000,0.000,0.000,0.000,0.000,0.000,0.000,0.000,0.000,0.000,0.000,0.000,0.000,-51.143,34.557,0.000,0.000,0.000,0.013,4.0,11.30,28.0,0.000,0.000,0.000,0.000,0.000,0.000,0.006,0.000,0.006,0.000,0.000,0.000,0.000,0.013,0.000,0.000,0.006,0.000
65.7053,657,0,move,-1,65.7053,65.7192,0,0.000,-0.088,0.176,-0.176,-0.088,0.088,-0.264,-0.088,0.176,0.000,-0.176,-0.088,-0.088,-50.801,34.541,0.000,0.439,0.176,0.000,0.000,0.000,0.000,0.000,0.000,0.000,0.000,0.000,0.000,0.000,0.000,0.000,-51.143,34.557,0.000,0.000,0.000,0.013,4.0,11.30,28.0,0.000,0.000,0.000,0.006,0.000,0.000,0.000,0.000,0.000,0.000,0.000,0.000,0.000,0.013,0.000,0.000,0.006,0.006
65.8054,658,0,move,-1,65.8054,65.8155,0,0.000,-0.088,0.176,-0.176,-0.088,0.088,-0.264,-0.088,0.176,0.000,-0.176,-0.088,-0.088,-50.801,34.541,0.000,0.439,0.176,0.000,0.000,0.000,0.000,0.000,0.000,0.000,0.000,0.000,0.000,0.000,0.000,0.000,-51.143,34.557,0.000,0.000,0.000,0.013,4.0,11.30,28.0,0.000,0.000,0.000,0.006,0.000,0.000,0.000,0.000,0.000,0.000,0.000,0.000,0.000,0.013,0.000,0.000,0.006,0.006
65.9107,659,0,move,-1,65.9107,65.9389,0,0.000,-0.088,0.176,-0.176,-0.088,0.088,-0.264,-0.088,0.176,0.000,-0.176,-0.088,-0.088,-50.801,34.541,0.000,0.439,0.176,0.000,0.000,0.000,0.000,0.000,0.000,0.000,0.000,0.000,0.000,0.000,0.000,0.000,-51.143,34.557,0.000,0.000,0.000,0.013,4.0,11.30,28.0,0.000,0.000,0.000,0.006,0.000,0.000,0.006,0.000,0.000,0.000,0.006,0.000,0.000,0.013,0.000,0.000,0.006,0.006
66.0172,660,0,move,-1,66.0172,66.0292,0,0.000,-0.088,0.176,-0.176,-0.088,0.088,-0.264,-0.088,0.176,0.000,-0.176,-0.088,-0.088,-50.801,34.541,0.000,0.439,0.176,0.000,0.000,0.000,0.000,0.000,0.000,0.000,0.000,0.000,0.000,0.000,0.000,0.000,-51.143,34.557,0.000,0.000,0.000,0.013,4.0,11.30,28.0,0.000,0.000,0.000,0.006,0.000,0.000,0.006,0.000,0.000,0.000,0.006,0.000,0.000,0.013,0.000,0.000,0.006,0.006
66.1107,661,0,move,-1,66.1107,66.1461,0,0.000,-0.088,0.176,-0.176,-0.088,0.088,-0.264,-0.088,0.176,0.000,-0.176,-0.088,-0.088,-50.801,34.541,0.000,0.439,0.176,0.000,0.000,0.000,0.000,0.000,0.000,0.000,0.000,0.000,0.000,0.000,0.000,0.000,-51.143,34.557,0.000,0.000,0.000,0.013,4.0,11.30,28.0,0.000,0.000,0.000,0.000,0.000,0.000,0.006,0.000,0.006,0.000,0.006,0.000,0.000,0.013,0.000,0.000,0.006,0.006
66.2055,662,0,move,-1,66.2055,66.2162,0,0.000,-0.088,0.176,-0.176,-0.088,0.088,-0.264,-0.088,0.176,0.000,-0.176,-0.088,-0.088,-50.801,34.541,0.000,0.439,0.176,0.000,0.000,0.000,0.000,0.000,0.000,0.000,0.000,0.000,0.000,0.000,0.000,0.000,-51.143,34.557,0.000,0.000,0.000,0.013,4.0,11.30,28.0,0.000,0.000,0.000,0.000,0.000,0.000,0.006,0.000,0.006,0.000,0.006,0.000,0.000,0.013,0.000,0.000,0.006,0.006
66.3183,663,0,move,-1,66.3183,66.3302,0,0.000,-0.088,0.176,-0.176,-0.088,0.088,-0.264,-0.088,0.176,0.000,-0.176,-0.088,-0.088,-50.801,34.541,0.000,0.439,0.176,0.000,0.000,0.000,0.000,0.000,0.000,0.000,0.000,0.000,0.000,0.000,0.000,0.000,-51.143,34.557,0.000,0.000,0.000,0.013,4.0,11.30,28.0,0.000,0.000,0.000,0.000,0.000,0.000,0.000,0.000,0.006,0.000,0.000,0.000,0.000,0.013,0.000,0.000,0.006,0.000
66.4053,664,0,move,-1,66.4053,66.4173,0,0.000,-0.088,0.176,-0.176,-0.088,0.088,-0.264,-0.088,0.176,0.000,-0.176,-0.088,-0.088,-50.801,34.541,0.000,0.439,0.176,0.000,0.000,0.000,0.000,0.000,0.000,0.000,0.000,0.000,0.000,0.000,0.000,0.000,-51.143,34.557,0.000,0.000,0.000,0.013,4.0,11.30,28.0,0.000,0.000,0.000,0.000,0.000,0.000,0.000,0.000,0.006,0.000,0.000,0.000,0.000,0.013,0.000,0.000,0.006,0.000
66.5055,665,0,move,-1,66.5055,66.5171,0,0.000,-0.088,0.176,-0.176,-0.088,0.088,-0.264,-0.088,0.176,0.000,-0.176,-0.088,-0.088,-50.801,34.541,0.000,0.439,0.176,0.000,0.000,0.000,0.000,0.000,0.000,0.000,0.000,0.000,0.000,0.000,0.000,0.000,-51.143,34.557,0.000,0.000,0.000,0.013,4.0,11.30,28.0,0.000,0.000,0.000,0.000,0.000,0.000,0.006,0.000,0.006,0.000,0.006,0.000,0.000,0.013,0.000,0.000,0.006,0.000
66.6055,666,0,move,-1,66.6055,66.6161,0,0.000,-0.088,0.176,-0.176,-0.088,0.088,-0.264,-0.088,0.176,0.000,-0.176,-0.088,-0.088,-50.801,34.541,0.000,0.439,0.176,0.000,0.000,0.000,0.000,0.000,0.000,0.000,0.000,0.000,0.000,0.000,0.000,0.000,-51.143,34.557,0.000,0.000,0.000,0.013,4.0,11.30,28.0,0.000,0.000,0.000,0.000,0.000,0.000,0.006,0.000,0.006,0.000,0.006,0.000,0.000,0.013,0.000,0.000,0.006,0.000
66.7053,667,0,move,-1,66.7053,66.7109,0,0.000,-0.088,0.176,-0.176,-0.088,0.088,-0.264,-0.088,0.176,0.000,-0.176,-0.088,-0.088,-50.801,34.541,0.000,0.439,0.176,0.000,0.000,0.000,0.000,0.000,0.000,0.000,0.000,0.000,0.000,0.000,0.000,0.000,-51.143,34.557,0.000,0.000,0.000,0.013,4.0,11.30,28.0,0.000,0.000,0.000,0.006,0.000,0.000,0.006,0.000,0.006,0.000,0.006,0.000,0.000,0.013,0.000,0.000,0.013,0.000
66.8053,668,0,move,-1,66.8053,66.8209,0,0.000,-0.088,0.176,-0.176,-0.088,0.088,-0.264,-0.088,0.176,0.000,-0.176,-0.088,-0.088,-50.801,34.541,0.000,0.439,0.176,0.000,0.000,0.000,0.000,0.000,0.000,0.000,0.000,0.000,0.000,0.000,0.000,0.000,-51.143,34.557,0.000,0.000,0.000,0.000,0.0,11.30,31.0,0.000,0.000,0.000,0.000,0.000,0.000,0.000,0.000,0.000,0.000,0.000,0.000,0.000,0.000,0.000,0.000,0.000,0.000
66.9111,669,0,move,-1,66.9111,66.9385,0,0.000,-0.088,0.176,-0.176,-0.088,0.088,-0.264,-0.088,0.176,0.000,-0.176,-0.088,-0.088,-50.801,34.541,0.000,0.439,0.176,0.000,0.000,0.000,0.000,0.000,0.000,0.000,0.000,0.000,0.000,0.000,0.000,0.000,-51.143,34.557,0.000,0.000,0.000,0.013,4.0,11.30,28.0,0.000,0.000,0.000,0.006,0.000,0.000,0.006,0.000,0.000,0.000,0.000,0.000,0.000,0.013,0.000,0.000,0.006,0.000
67.0055,670,0,move,-1,67.0055,67.0156,0,0.000,-0.088,0.176,-0.176,-0.088,0.088,-0.264,-0.088,0.176,0.000,-0.176,-0.088,-0.088,-50.801,34.541,0.000,0.439,0.176,0.000,0.000,0.000,0.000,0.000,0.000,0.000,0.000,0.000,0.000,0.000,0.000,0.000,-51.143,34.557,0.000,0.000,0.000,0.013,4.0,11.30,28.0,0.000,0.000,0.000,0.006,0.000,0.000,0.006,0.000,0.000,0.000,0.000,0.000,0.000,0.013,0.000,0.000,0.006,0.000
67.1055,671,0,move,-1,67.1055,67.1164,0,0.000,-0.088,0.176,-0.176,-0.088,0.088,-0.264,-0.088,0.176,0.000,-0.176,-0.088,-0.088,-50.801,34.541,0.000,0.439,0.176,0.000,0.000,0.000,0.000,0.000,0.000,0.000,0.000,0.000,0.000,0.000,0.000,0.000,-51.143,34.557,0.000,0.000,0.000,0.013,4.0,11.30,28.0,0.000,0.000,0.000,0.000,0.000,0.000,0.006,0.000,0.000,0.000,0.000,0.000,0.000,0.013,0.000,0.000,0.006,0.000
67.2055,672,0,move,-1,67.2055,67.2150,0,0.000,-0.088,0.176,-0.176,-0.088,0.088,-0.264,-0.088,0.176,0.000,-0.176,-0.088,-0.088,-50.801,34.541,0.000,0.439,0.176,0.000,0.000,0.000,0.000,0.000,0.000,0.000,0.000,0.000,0.000,0.000,0.000,0.000,-51.143,34.557,0.000,0.000,0.000,0.013,4.0,11.30,28.0,0.000,0.000,0.000,0.000,0.000,0.000,0.006,0.000,0.000,0.000,0.000,0.000,0.000,0.013,0.000,0.000,0.006,0.000
67.3072,673,0,move,-1,67.3072,67.3229,0,0.000,-0.088,0.176,-0.176,-0.088,0.088,-0.264,-0.088,0.176,0.000,-0.176,-0.088,-0.088,-50.801,34.541,0.000,0.439,0.176,0.000,0.000,0.000,0.000,0.000,0.000,0.000,0.000,0.000,0.000,0.000,0.000,0.000,-51.143,34.557,0.000,0.000,0.000,0.013,4.0,11.30,28.0,0.000,0.000,0.006,0.006,0.006,0.000,0.000,0.000,0.006,0.000,0.000,0.000,0.000,0.013,0.000,0.000,0.006,0.006
67.4053,674,0,move,-1,67.4053,67.4147,0,0.000,-0.088,0.176,-0.176,-0.088,0.088,-0.264,-0.088,0.176,0.000,-0.176,-0.088,-0.088,-50.801,34.541,0.000,0.439,0.176,0.000,0.000,0.000,0.000,0.000,0.000,0.000,0.000,0.000,0.000,0.000,0.000,0.000,-51.143,34.557,0.000,0.000,0.000,0.013,4.0,11.30,28.0,0.000,0.000,0.006,0.006,0.006,0.000,0.000,0.000,0.006,0.000,0.000,0.000,0.000,0.013,0.000,0.000,0.006,0.006
67.5106,675,0,move,-1,67.5106,67.5505,0,0.000,-0.088,0.176,-0.176,-0.088,0.088,-0.264,-0.088,0.176,0.000,-0.176,-0.088,-0.088,-50.801,34.541,0.000,0.439,0.176,0.000,0.000,0.000,0.000,0.000,0.000,0.000,0.000,0.000,0.000,0.000,0.000,0.000,-51.143,34.557,0.000,0.000,0.000,0.013,4.0,11.30,28.0,0.000,0.000,0.006,0.006,0.000,0.000,0.006,0.000,0.006,0.000,0.000,0.000,0.000,0.013,0.000,0.000,0.006,0.000
67.6625,676,0,move,-1,67.6625,67.7179,0,0.000,-0.088,0.176,-0.176,-0.088,0.088,-0.264,-0.088,0.176,0.000,-0.176,-0.088,-0.088,-50.801,34.541,0.000,0.439,0.176,0.000,0.000,0.000,0.000,0.000,0.000,0.000,0.000,0.000,0.000,0.000,0.000,0.000,-51.143,34.557,0.000,0.000,0.000,0.013,4.0,11.30,28.0,0.000,0.000,0.006,0.000,0.000,0.000,0.006,0.000,0.000,0.000,0.006,0.000,0.000,0.013,0.000,0.000,0.013,0.006
67.7262,677,0,move,-1,67.7262,67.7350,0,0.000,-0.088,0.176,-0.176,-0.088,0.088,-0.264,-0.088,0.176,0.000,-0.176,-0.088,-0.088,-50.801,34.541,0.000,0.439,0.176,0.000,0.000,0.000,0.000,0.000,0.000,0.000,0.000,0.000,0.000,0.000,0.000,0.000,-51.143,34.557,0.000,0.000,0.000,0.013,4.0,11.30,28.0,0.000,0.000,0.006,0.000,0.000,0.000,0.006,0.000,0.000,0.000,0.006,0.000,0.000,0.013,0.000,0.000,0.013,0.006
67.8053,678,0,move,-1,67.8053,67.8117,0,0.000,-0.088,0.176,-0.176,-0.088,0.088,-0.264,-0.088,0.176,0.000,-0.176,-0.088,-0.088,-50.801,34.541,0.000,0.439,0.176,0.000,0.000,0.000,0.000,0.000,0.000,0.000,0.000,0.000,0.000,0.000,0.000,0.000,-51.143,34.557,0.000,0.000,0.000,0.013,4.0,11.30,28.0,0.000,0.000,0.006,0.000,0.000,0.000,0.006,0.000,0.000,0.000,0.006,0.000,0.000,0.013,0.000,0.000,0.013,0.006
67.9053,679,0,move,-1,67.9053,67.9157,0,0.000,-0.088,0.176,-0.176,-0.088,0.088,-0.264,-0.088,0.176,0.000,-0.176,-0.088,-0.088,-50.801,34.541,0.000,0.439,0.176,0.000,0.000,0.000,0.000,0.000,0.000,0.000,0.000,0.000,0.000,0.000,0.000,0.000,-51.143,34.557,0.000,0.000,0.000,0.013,4.0,11.30,28.0,0.000,0.000,0.000,0.006,0.000,0.000,0.000,0.000,0.000,0.000,0.006,0.000,0.000,0.013,0.000,0.000,0.006,0.000
68.0053,680,0,move,-1,68.0053,68.0174,0,0.000,-0.088,0.176,-0.176,-0.088,0.088,-0.264,-0.088,0.176,0.000,-0.176,-0.088,-0.088,-50.801,34.541,0.000,0.439,0.176,0.000,0.000,0.000,0.000,0.000,0.000,0.000,0.000,0.000,0.000,0.000,0.000,0.000,-51.143,34.557,0.000,0.000,0.000,0.013,4.0,11.30,28.0,0.000,0.000,0.000,0.000,0.000,0.000,0.000,0.000,0.000,0.000,0.000,0.000,0.000,0.013,0.000,0.000,0.013,0.000
68.1055,681,0,move,-1,68.1055,68.1214,0,0.000,-0.088,0.176,-0.176,-0.088,0.088,-0.264,-0.088,0.176,0.000,-0.176,-0.088,-0.088,-50.801,34.541,0.000,0.439,0.176,0.000,0.000,0.000,0.000,0.000,0.000,0.000,0.000,0.000,0.000,0.000,0.000,0.000,-51.143,34.557,0.000,0.000,0.000,0.013,4.0,11.30,28.0,0.000,0.000,0.000,0.000,0.000,0.000,0.006,0.000,0.000,0.000,0.006,0.000,0.000,0.013,0.000,0.000,0.006,0.006
68.2055,682,0,move,-1,68.2055,68.2172,0,0.000,-0.088,0.176,-0.176,-0.088,0.088,-0.264,-0.088,0.176,0.000,-0.176,-0.088,-0.088,-50.801,34.541,0.000,0.439,0.176,0.000,0.000,0.000,0.000,0.000,0.000,0.000,0.000,0.000,0.000,0.000,0.000,0.000,-51.143,34.557,0.000,0.000,0.000,0.013,4.0,11.30,28.0,0.000,0.000,0.000,0.000,0.000,0.000,0.006,0.000,0.000,0.000,0.006,0.000,0.000,0.013,0.000,0.000,0.006,0.006
68.3054,683,0,move,-1,68.3054,68.3180,0,0.000,-0.088,0.176,-0.176,-0.088,0.088,-0.264,-0.088,0.176,0.000,-0.176,-0.088,-0.088,-50.801,34.541,0.000,0.439,0.176,0.000,0.000,0.000,0.000,0.000,0.000,0.000,0.000,0.000,0.000,0.000,0.000,0.000,-51.143,34.557,0.000,0.000,0.000,0.013,4.0,11.30,28.0,0.000,0.000,0.000,0.006,0.000,0.000,0.006,0.000,0.006,0.000,0.000,0.000,0.000,0.013,0.000,0.000,0.006,0.006
68.4053,684,0,move,-1,68.4053,68.4218,0,0.000,-0.088,0.176,-0.176,-0.088,0.088,-0.264,-0.088,0.176,0.000,-0.176,-0.088,-0.088,-50.801,34.541,0.000,0.439,0.176,0.000,0.000,0.000,0.000,0.000,0.000,0.000,0.000,0.000,0.000,0.000,0.000,0.000,-51.143,34.557,0.000,0.000,0.000,0.000,0.0,11.30,32.0,0.000,0.000,0.000,0.000,0.000,0.000,0.000,0.000,0.000,0.000,0.000,0.000,0.000,0.000,0.000,0.000,0.000,0.000
68.5054,685,0,move,-1,68.5054,68.5190,0,0.000,-0.088,0.176,-0.176,-0.088,0.088,-0.264,-0.088,0.176,0.000,-0.176,-0.088,-0.088,-50.801,34.541,0.000,0.439,0.176,0.000,0.000,0.000,0.000,0.000,0.000,0.000,0.000,0.000,0.000,0.000,0.000,0.000,-51.143,34.557,0.000,0.000,0.000,0.000,0.0,11.30,32.0,0.000,0.000,0.000,0.000,0.000,0.000,0.000,0.000,0.000,0.000,0.000,0.000,0.000,0.000,0.000,0.000,0.000,0.000
68.6054,686,0,move,-1,68.6054,68.6162,0,0.000,-0.088,0.176,-0.176,-0.088,0.088,-0.264,-0.088,0.176,0.000,-0.176,-0.088,-0.088,-50.801,34.541,0.000,0.439,0.176,0.000,0.000,0.000,0.000,0.000,0.000,0.000,0.000,0.000,0.000,0.000,0.000,0.000,-51.143,34.557,0.000,0.000,0.000,0.013,4.0,11.30,29.0,0.000,0.000,0.000,0.000,0.000,0.000,0.006,0.000,0.006,0.000,0.000,0.000,0.006,0.013,0.000,0.000,0.006,0.000
68.7053,687,0,move,-1,68.7053,68.7179,0,0.000,-0.088,0.176,-0.176,-0.088,0.088,-0.264,-0.088,0.176,0.000,-0.176,-0.088,-0.088,-50.801,34.541,0.000,0.439,0.176,0.000,0.000,0.000,0.000,0.000,0.000,0.000,0.000,0.000,0.000,0.000,0.000,0.000,-51.143,34.557,0.000,0.000,0.000,0.013,4.0,11.30,28.0,0.000,0.000,0.000,0.000,0.000,0.000,0.006,0.000,0.000,0.000,0.000,0.000,0.000,0.013,0.000,0.000,0.013,0.000
68.8055,688,0,move,-1,68.8055,68.8202,0,0.000,-0.088,0.176,-0.176,-0.088,0.088,-0.264,-0.088,0.176,0.000,-0.176,-0.088,-0.088,-50.801,34.541,0.000,0.439,0.176,0.000,0.000,0.000,0.000,0.000,0.000,0.000,0.000,0.000,0.000,0.000,0.000,0.000,-51.143,34.557,0.000,0.000,0.000,0.013,4.0,11.30,28.0,0.000,0.000,0.000,0.006,0.000,0.000,0.000,0.000,0.000,0.000,0.000,0.000,0.000,0.013,0.000,0.000,0.013,0.000
68.9059,689,0,move,-1,68.9059,68.9123,0,0.000,-0.088,0.176,-0.176,-0.088,0.088,-0.264,-0.088,0.176,0.000,-0.176,-0.088,-0.088,-50.801,34.541,0.000,0.439,0.176,0.000,0.000,0.000,0.000,0.000,0.000,0.000,0.000,0.000,0.000,0.000,0.000,0.000,-51.143,34.557,0.000,0.000,0.000,0.013,4.0,11.30,28.0,0.000,0.000,0.000,0.006,0.000,0.000,0.000,0.000,0.000,0.000,0.000,0.000,0.000,0.013,0.000,0.000,0.013,0.000
69.0171,690,0,move,-1,69.0171,69.0748,0,0.000,-0.088,0.176,-0.176,-0.088,0.088,-0.264,-0.088,0.176,0.000,-0.176,-0.088,-0.088,-50.801,34.541,0.000,0.439,0.176,0.000,0.000,0.000,0.000,0.000,0.000,0.000,0.000,0.000,0.000,0.000,0.000,0.000,-51.143,34.557,0.000,0.000,0.000,0.006,2.8,11.30,28.0,0.000,0.000,0.000,0.000,0.000,0.000,0.000,0.000,0.000,0.000,0.000,0.000,0.000,0.006,0.000,0.000,0.000,0.000
69.1055,691,0,move,-1,69.1055,69.1209,0,0.000,-0.088,0.176,-0.176,-0.088,0.088,-0.264,-0.088,0.176,0.000,-0.176,-0.088,-0.088,-50.801,34.541,0.000,0.439,0.176,0.000,0.000,0.000,0.000,0.000,0.000,0.000,0.000,0.000,0.000,0.000,0.000,0.000,-51.143,34.557,0.000,0.000,0.000,0.006,2.8,11.30,28.0,0.000,0.000,0.000,0.000,0.000,0.000,0.000,0.000,0.000,0.000,0.000,0.000,0.000,0.006,0.000,0.000,0.000,0.000
69.2053,692,0,move,-1,69.2053,69.2174,0,0.000,-0.088,0.176,-0.176,-0.088,0.088,-0.264,-0.088,0.176,0.000,-0.176,-0.088,-0.088,-50.801,34.541,0.000,0.439,0.176,0.000,0.000,0.000,0.000,0.000,0.000,0.000,0.000,0.000,0.000,0.000,0.000,0.000,-51.143,34.557,0.000,0.000,0.000,0.013,4.0,11.30,28.0,0.000,0.000,0.000,0.000,0.000,0.000,0.000,0.000,0.006,0.000,0.000,0.000,0.000,0.013,0.000,0.000,0.006,0.006
69.3053,693,0,move,-1,69.3053,69.3161,0,0.000,-0.088,0.176,-0.176,-0.088,0.088,-0.264,-0.088,0.176,0.000,-0.176,-0.088,-0.088,-50.801,34.541,0.000,0.439,0.176,0.000,0.000,0.000,0.000,0.000,0.000,0.000,0.000,0.000,0.000,0.000,0.000,0.000,-51.143,34.557,0.000,0.000,0.000,0.013,4.0,11.30,28.0,0.000,0.000,0.000,0.000,0.000,0.000,0.000,0.000,0.006,0.000,0.000,0.000,0.000,0.013,0.000,0.000,0.006,0.006
69.4053,694,0,move,-1,69.4053,69.4161,0,0.000,-0.088,0.176,-0.176,-0.088,0.088,-0.264,-0.088,0.176,0.000,-0.176,-0.088,-0.088,-50.801,34.541,0.000,0.439,0.176,0.000,0.000,0.000,0.000,0.000,0.000,0.000,0.000,0.000,0.000,0.000,0.000,0.000,-51.143,34.557,0.000,0.000,0.000,0.013,4.0,11.30,28.0,0.000,0.000,0.000,0.006,0.000,0.000,0.000,0.000,0.000,0.000,0.000,0.000,0.000,0.013,0.000,0.000,0.006,0.006
69.5054,695,0,move,-1,69.5054,69.5264,0,0.000,-0.088,0.176,-0.176,-0.088,0.088,-0.264,-0.088,0.176,0.000,-0.176,-0.088,-0.088,-50.801,34.541,0.000,0.439,0.176,0.000,0.000,0.000,0.000,0.000,0.000,0.000,0.000,0.000,0.000,0.000,0.000,0.000,-51.143,34.557,0.000,0.000,0.000,0.013,4.0,11.30,28.0,0.000,0.000,0.006,0.006,0.000,0.000,0.006,0.000,0.006,0.000,0.006,0.000,0.000,0.013,0.000,0.000,0.006,0.006
69.6053,696,0,move,-1,69.6053,69.6174,0,0.000,-0.088,0.176,-0.176,-0.088,0.088,-0.264,-0.088,0.176,0.000,-0.176,-0.088,-0.088,-50.801,34.541,0.000,0.439,0.176,0.000,0.000,0.000,0.000,0.000,0.000,0.000,0.000,0.000,0.000,0.000,0.000,0.000,-51.143,34.557,0.000,0.000,0.000,0.013,4.0,11.30,28.0,0.000,0.000,0.006,0.006,0.000,0.000,0.006,0.000,0.006,0.000,0.006,0.000,0.000,0.013,0.000,0.000,0.006,0.006
69.7053,697,0,move,-1,69.7053,69.7151,0,0.000,-0.088,0.176,-0.176,-0.088,0.088,-0.264,-0.088,0.176,0.000,-0.176,-0.088,-0.088,-50.801,34.541,0.000,0.439,0.176,0.000,0.000,0.000,0.000,0.000,0.000,0.000,0.000,0.000,0.000,0.000,0.000,0.000,-51.143,34.557,0.000,0.000,0.000,0.013,4.0,11.30,28.0,0.000,0.000,0.000,0.006,0.000,0.000,0.006,0.000,0.000,0.000,0.006,0.000,0.000,0.013,0.000,0.000,0.013,0.000
69.8053,698,0,move,-1,69.8053,69.8173,0,0.000,-0.088,0.176,-0.176,-0.088,0.088,-0.264,-0.088,0.176,0.000,-0.176,-0.088,-0.088,-50.801,34.541,0.000,0.439,0.176,0.000,0.000,0.000,0.000,0.000,0.000,0.000,0.000,0.000,0.000,0.000,0.000,0.000,-51.143,34.557,0.000,0.000,0.000,0.013,4.0,11.30,28.0,0.000,0.000,0.000,0.000,0.000,0.000,0.006,0.000,0.000,0.000,0.000,0.000,0.000,0.013,0.000,0.000,0.006,0.006
69.9053,699,0,move,-1,69.9053,69.9217,0,0.000,-0.088,0.176,-0.176,-0.088,0.088,-0.264,-0.088,0.176,0.000,-0.176,-0.088,-0.088,-50.801,34.541,0.000,0.439,0.176,0.000,0.000,0.000,0.000,0.000,0.000,0.000,0.000,0.000,0.000,0.000,0.000,0.000,-51.143,34.557,0.000,0.000,0.000,0.013,4.0,11.30,28.0,0.000,0.000,0.000,0.006,0.000,0.000,0.000,0.000,0.000,0.000,0.006,0.000,0.000,0.013,0.000,0.000,0.006,0.000
70.0054,700,0,move,-1,70.0054,70.0183,0,0.000,-0.088,0.176,-0.176,-0.088,0.088,-0.264,-0.088,0.176,0.000,-0.176,-0.088,-0.088,-50.801,34.541,0.000,0.439,0.176,0.000,0.000,0.000,0.000,0.000,0.000,0.000,0.000,0.000,0.000,0.000,0.000,0.000,-51.087,34.527,0.000,0.000,0.000,0.013,4.0,11.30,28.0,0.000,0.000,0.000,0.006,0.000,0.000,0.000,0.000,0.000,0.000,0.006,0.000,0.000,0.013,0.000,0.000,0.006,0.000
70.1055,701,0,move,-1,70.1055,70.1179,0,0.000,-0.088,0.176,-0.176,-0.088,0.088,-0.264,-0.088,0.176,0.000,-0.176,-0.088,-0.088,-50.801,34.541,0.000,0.439,0.176,0.000,0.000,0.000,0.000,0.000,0.000,0.000,0.000,0.000,0.000,0.000,0.000,0.000,-50.920,34.437,0.000,0.000,0.000,0.013,3.2,11.30,28.0,0.000,0.000,0.000,0.000,0.000,0.000,0.000,0.000,0.000,0.000,0.006,0.000,0.000,0.013,0.000,0.000,0.006,0.000
70.2054,702,0,move,-1,70.2054,70.2158,0,0.000,-0.088,0.176,-0.176,-0.088,0.088,-0.264,-0.088,0.176,0.000,-0.176,-0.088,-0.088,-50.713,34.541,0.000,0.439,0.176,0.000,0.000,0.000,0.000,0.000,0.000,0.000,0.000,0.000,0.000,0.000,0.000,0.000,-50.644,34.286,0.000,0.000,0.000,0.013,3.2,11.30,28.0,0.000,0.000,0.000,0.000,0.000,0.000,0.000,0.000,0.000,0.000,0.006,0.000,0.000,0.013,0.000,0.000,0.006,0.000
70.3053,703,0,move,-1,70.3053,70.3167,0,0.000,-0.088,0.176,-0.176,-0.088,0.088,-0.264,-0.088,0.176,0.000,-0.176,-0.088,-0.088,-50.625,34.277,0.000,0.439,0.176,0.000,0.000,0.000,0.000,0.000,0.000,0.000,0.000,0.000,0.000,0.000,0.000,0.000,-50.260,34.076,0.000,0.000,0.000,0.013,4.8,11.30,31.0,0.000,0.000,0.000,0.000,0.000,0.000,0.000,0.000,0.000,0.000,0.000,0.000,0.000,0.000,0.006,0.000,0.013,0.000
70.4053,704,0,move,-1,70.4053,70.4169,0,0.000,-0.088,0.176,-0.176,-0.088,0.088,-0.264,-0.088,0.176,0.000,-0.176,-0.088,-0.088,-50.537,34.189,0.000,0.439,0.176,0.000,0.000,0.000,0.000,0.000,0.000,0.000,0.000,0.000,0.000,0.000,0.000,0.000,-49.769,33.806,0.000,0.000,0.000,0.006,2.4,11.30,32.0,0.000,0.000,0.000,0.006,0.000,0.000,0.000,0.000,0.000,0.000,0.000,0.000,0.000,0.000,0.006,0.000,0.006,0.000
70.5053,705,0,move,-1,70.5053,70.5186,0,0.000,-0.088,0.176,-0.176,-0.088,0.088,-0.264,-0.088,0.176,0.000,-0.176,-0.088,-0.088,-50.010,33.838,0.000,0.439,0.176,0.000,0.000,0.000,0.000,0.000,0.000,0.000,0.000,0.000,0.000,0.000,0.000,0.000,-49.176,33.476,0.000,0.000,0.000,0.006,3.2,11.30,32.0,0.000,0.000,0.000,0.000,0.000,0.000,0.006,0.000,0.000,0.000,0.000,0.000,0.000,0.000,0.006,0.000,0.006,0.000
70.6054,706,0,move,-1,70.6054,70.6175,0,0.000,-0.088,0.176,-0.176,-0.088,0.088,-0.264,-0.088,0.176,0.000,-0.176,-0.088,-0.088,-49.482,33.486,0.000,0.439,0.176,0.000,0.000,0.000,0.000,0.000,0.000,0.000,0.000,0.000,0.000,0.000,0.000,0.000,-48.483,33.087,0.000,0.000,0.000,0.006,3.2,11.30,32.0,0.000,0.000,0.000,0.000,0.000,0.000,0.006,0.000,0.000,0.000,0.000,0.000,0.000,0.000,0.006,0.000,0.006,0.000
70.7055,707,0,move,-1,70.7055,70.7181,0,0.000,-0.088,0.176,-0.176,-0.088,0.088,-0.264,-0.088,0.176,0.000,-0.176,-0.088,-0.088,-48.867,33.135,0.000,0.439,0.176,0.000,0.000,0.000,0.000,0.000,0.000,0.000,0.000,0.000,0.000,0.000,0.000,0.000,-47.696,32.641,0.000,0.000,0.000,0.013,3.2,11.30,28.0,0.000,0.000,0.000,0.000,0.000,0.000,0.006,0.000,0.000,0.000,0.000,0.000,0.000,0.013,0.013,0.000,0.006,0.006
70.8053,708,0,move,-1,70.8053,70.8164,0,0.000,-0.088,0.176,-0.176,-0.088,0.088,-0.264,-0.088,0.176,0.000,-0.176,-0.088,-0.088,-48.164,32.607,0.000,0.439,0.176,0.000,0.000,0.000,0.000,0.000,0.000,0.000,0.000,0.000,0.000,0.000,0.000,0.000,-46.816,32.136,0.000,0.000,0.000,0.013,3.2,11.30,28.0,0.000,0.000,0.000,0.000,0.000,0.000,0.006,0.000,0.000,0.000,0.000,0.000,0.000,0.013,0.013,0.000,0.006,0.006
70.9070,709,0,move,-1,70.9070,70.9134,0,0.000,-0.088,0.176,-0.176,-0.088,0.088,-0.264,-0.088,0.176,0.000,-0.176,-0.088,-0.088,-47.549,32.256,0.000,0.439,0.176,0.000,0.000,0.000,0.000,0.000,0.000,0.000,0.000,0.000,0.000,0.000,0.000,0.000,-45.851,31.576,0.000,0.000,0.000,0.013,4.0,11.30,29.0,0.000,0.000,0.000,0.000,0.000,0.000,0.000,0.000,0.006,0.000,0.006,0.000,0.000,0.006,0.013,0.000,0.006,0.000
71.0055,710,0,move,-1,71.0055,71.0166,0,0.000,-0.088,0.176,-0.176,-0.088,0.088,-0.264,-0.088,0.176,0.000,-0.176,-0.088,-0.088,-46.582,31.641,0.000,0.439,0.176,0.000,0.000,0.000,0.000,0.000,0.000,0.000,0.000,0.000,0.000,0.000,0.000,0.000,-44.803,30.959,0.000,0.000,0.000,0.013,4.8,11.30,31.0,0.000,0.000,0.000,0.000,0.000,0.000,0.000,0.000,0.000,0.000,0.000,0.000,0.000,0.006,0.000,0.000,0.013,0.000
71.1053,711,0,move,-1,71.1053,71.1179,0,0.000,-0.088,0.176,-0.176,-0.088,0.088,-0.264,-0.088,0.176,0.000,-0.176,-0.088,-0.088,-45.615,31.113,0.000,0.439,0.176,0.000,0.000,0.000,0.000,0.000,0.000,0.000,0.000,0.000,0.000,0.000,0.000,0.000,-43.680,30.289,0.000,0.000,0.000,0.013,6.0,11.30,28.0,0.000,0.000,0.000,0.000,0.000,0.000,0.000,0.000,0.000,0.000,0.006,0.000,0.000,0.013,0.013,0.000,0.006,0.000
71.2055,712,0,move,-1,71.2055,71.2165,0,0.000,-0.088,0.176,-0.176,-0.088,0.088,-0.264,-0.088,0.176,0.000,-0.176,-0.088,-0.088,-44.648,30.498,0.000,0.439,0.176,0.000,0.000,0.000,0.000,0.000,0.000,0.000,0.000,0.000,0.000,0.000,0.000,0.000,-42.487,29.567,0.000,0.000,0.000,0.013,6.0,11.30,28.0,0.000,0.000,0.000,0.000,0.000,0.000,0.000,0.000,0.000,0.000,0.006,0.000,0.000,0.013,0.013,0.000,0.006,0.000
71.3095,713,0,move,-1,71.3095,71.3631,0,0.000,-0.088,0.176,-0.176,-0.088,0.088,-0.264,-0.088,0.176,0.000,-0.176,-0.088,-0.088,-42.979,29.707,0.000,0.439,0.176,0.000,0.000,0.000,0.000,0.000,0.000,0.000,0.000,0.000,0.000,0.000,0.000,0.000,-41.228,28.795,0.000,0.000,0.000,0.019,5.6,11.30,28.0,0.000,0.000,0.000,0.000,0.000,0.000,0.006,0.000,0.000,0.000,0.000,0.006,0.000,0.019,0.000,0.000,0.006,0.000
71.4053,714,0,move,-1,71.4053,71.4143,0,0.000,-0.088,0.176,-0.176,-0.088,0.088,-0.264,-0.088,0.176,0.000,-0.176,-0.088,-0.088,-42.451,29.268,0.000,0.439,0.176,0.000,0.000,0.000,0.000,0.000,0.000,0.000,0.000,0.000,0.000,0.000,0.000,0.000,-39.910,27.976,0.000,0.000,0.000,0.019,5.6,11.30,28.0,0.000,0.000,0.000,0.000,0.000,0.000,0.006,0.000,0.000,0.000,0.000,0.006,0.000,0.019,0.000,0.000,0.006,0.000
71.5053,715,0,move,-1,71.5053,71.5175,0,0.000,-0.088,0.176,-0.176,-0.088,0.088,-0.264,-0.088,0.176,0.000,-0.176,-0.088,-0.088,-40.869,28.301,0.000,0.439,0.176,0.000,0.000,0.000,0.000,0.000,0.000,0.000,0.000,0.000,0.000,0.000,0.000,0.000,-38.538,27.112,0.000,0.000,0.000,0.006,2.4,11.30,31.0,0.000,0.000,0.000,0.000,0.000,0.000,0.000,0.000,0.000,0.000,0.006,0.000,0.000,0.006,0.006,0.000,0.006,0.000
71.6053,716,0,move,-1,71.6053,71.6193,0,0.000,-0.088,0.176,-0.176,-0.088,0.088,-0.264,-0.088,0.176,0.000,-0.176,-0.088,-0.088,-39.463,27.422,0.000,0.439,0.176,0.000,0.000,0.000,0.000,0.000,0.000,0.000,0.000,0.000,0.000,0.000,0.000,0.000,-37.119,26.207,0.000,0.000,0.000,0.006,3.2,11.30,32.0,0.000,0.000,0.000,0.000,0.000,0.000,0.006,0.000,0.000,0.000,0.000,0.000,0.000,0.006,0.006,0.000,0.006,0.006
71.7055,717,0,move,-1,71.7055,71.7190,0,0.000,-0.088,0.176,-0.176,-0.088,0.088,-0.264,-0.088,0.176,0.000,-0.176,-0.088,-0.088,-37.969,26.543,0.000,0.439,0.176,0.000,0.000,0.000,0.000,0.000,0.000,0.000,0.000,0.000,0.000,0.000,0.000,0.000,-35.658,25.263,0.000,0.000,0.000,0.006,3.2,11.30,32.0,0.000,0.000,0.000,0.000,0.000,0.000,0.006,0.000,0.000,0.000,0.000,0.000,0.000,0.006,0.006,0.000,0.006,0.006
71.8055,718,0,move,-1,71.8055,71.8161,0,0.000,-0.088,0.176,-0.176,-0.088,0.088,-0.264,-0.088,0.176,0.000,-0.176,-0.088,-0.088,-36.650,25.664,0.000,0.439,0.176,0.000,0.000,0.000,0.000,0.000,0.000,0.000,0.000,0.000,0.000,0.000,0.000,0.000,-34.162,24.285,0.000,0.000,0.000,0.006,3.2,11.20,32.0,0.000,0.000,0.000,0.000,0.000,0.000,0.006,0.000,0.000,0.000,0.006,0.000,0.000,0.006,0.006,0.000,0.006,0.006
71.9053,719,0,move,-1,71.9053,71.9166,0,0.000,-0.088,0.176,-0.176,-0.088,0.088,-0.264,-0.088,0.176,0.000,-0.176,-0.088,-0.088,-35.244,24.609,0.000,0.439,0.176,0.000,0.000,0.000,0.000,0.000,0.000,0.000,0.000,0.000,0.000,0.000,0.000,0.000,-32.637,23.276,0.000,0.000,0.000,0.006,2.4,11.30,32.0,0.000,0.000,0.000,0.006,0.000,0.000,0.006,0.000,0.006,0.000,0.000,0.000,0.000,0.000,0.006,0.000,0.006,0.000
72.0053,720,0,move,-1,72.0053,72.0182,0,0.000,-0.088,0.176,-0.176,-0.088,0.088,-0.264,-0.088,0.176,0.000,-0.176,-0.088,-0.088,-33.750,23.643,0.000,0.439,0.176,0.000,0.000,0.000,0.000,0.000,0.000,0.000,0.000,0.000,0.000,0.000,0.000,0.000,-31.087,22.240,0.000,0.000,0.000,0.006,2.4,11.30,32.0,0.000,0.000,0.000,0.006,0.000,0.000,0.000,0.000,0.000,0.000,0.000,0.000,0.000,0.006,0.006,0.000,0.006,0.000
72.1053,721,0,move,-1,72.1053,72.1107,0,0.000,-0.088,0.176,-0.176,-0.088,0.088,-0.264,-0.088,0.176,0.000,-0.176,-0.088,-0.088,-32.520,23.027,0.000,0.439,0.176,0.000,0.000,0.000,0.000,0.000,0.000,0.000,0.000,0.000,0.000,0.000,0.000,0.000,-29.519,21.181,0.000,0.000,0.000,0.006,2.4,11.30,32.0,0.000,0.000,0.000,0.006,0.000,0.000,0.000,0.000,0.000,0.000,0.000,0.000,0.000,0.006,0.006,0.000,0.006,0.000
72.2054,722,0,move,-1,72.2054,72.2191,0,0.000,-0.088,0.176,-0.176,-0.088,0.088,-0.264,-0.088,0.176,0.000,-0.176,-0.088,-0.088,-30.762,21.621,0.000,0.439,0.176,0.000,0.000,0.000,0.000,0.000,0.000,0.000,0.000,0.000,0.000,0.000,0.000,0.000,-27.940,20.103,0.000,0.000,0.000,0.013,3.6,11.30,29.0,0.000,0.000,0.000,0.006,0.000,0.000,0.006,0.000,0.000,0.000,0.000,0.000,0.000,0.000,0.013,0.000,0.006,0.006
72.3055,723,0,move,-1,72.3055,72.3192,0,0.000,-0.088,0.176,-0.176,-0.088,0.088,-0.264,-0.088,0.176,0.000,-0.176,-0.088,-0.088,-30.234,21.094,0.000,0.439,0.176,0.000,0.000,0.000,0.000,0.000,0.000,0.000,0.000,0.000,0.000,0.000,0.000,0.000,-26.354,19.012,0.000,0.000,0.000,0.006,2.8,11.30,32.0,0.000,0.000,0.000,0.000,0.000,0.000,0.000,0.000,0.006,0.000,0.000,0.000,0.000,0.000,0.000,0.000,0.000,0.006
72.4054,724,0,move,-1,72.4054,72.4163,0,0.000,-0.088,0.176,-0.176,-0.088,0.088,-0.264,-0.088,0.176,0.000,-0.176,-0.088,-0.088,-29.619,20.566,0.000,0.439,0.176,0.000,0.000,0.000,0.000,0.000,0.000,0.000,0.000,0.000,0.000,0.000,0.000,0.000,-24.769,17.912,0.000,0.000,0.000,0.006,2.8,11.30,32.0,0.000,0.000,0.000,0.000,0.000,0.000,0.000,0.000,0.006,0.000,0.000,0.000,0.000,0.000,0.000,0.000,0.000,0.006
72.5055,725,0,move,-1,72.5055,72.5170,0,0.000,-0.088,0.176,-0.176,-0.088,0.088,-0.264,-0.088,0.176,0.000,-0.176,-0.088,-0.088,-28.125,18.984,0.000,0.439,0.176,0.000,0.000,0.000,0.000,0.000,0.000,0.000,0.000,0.000,0.000,0.000,0.000,0.000,-23.189,16.807,0.000,0.000,0.000,0.006,3.2,11.30,32.0,0.000,0.000,0.000,0.000,0.000,0.000,0.006,0.000,0.006,0.000,0.000,0.000,0.000,0.006,0.000,0.000,0.006,0.000
72.6053,726,0,move,-1,72.6053,72.6191,0,0.000,-0.088,0.176,-0.176,-0.088,0.088,-0.264,-0.088,0.176,0.000,-0.176,-0.088,-0.088,-26.455,17.490,0.000,0.439,0.176,0.000,0.000,0.000,0.000,0.000,0.000,0.000,0.000,0.000,0.000,0.000,0.000,0.000,-21.620,15.703,0.000,0.000,0.000,0.006,2.4,11.30,32.0,0.000,0.000,0.006,0.000,0.000,0.000,0.006,0.000,0.006,0.000,0.000,0.000,0.000,0.000,0.006,0.000,0.006,0.006
72.7055,727,0,move,-1,72.7055,72.7157,0,0.000,-0.088,0.176,-0.176,-0.088,0.088,-0.264,-0.088,0.176,0.000,-0.176,-0.088,-0.088,-26.016,16.963,0.000,0.439,0.176,0.000,0.000,0.000,0.000,0.000,0.000,0.000,0.000,0.000,0.000,0.000,0.000,0.000,-20.068,14.603,0.000,0.000,0.000,0.006,2.4,11.30,32.0,0.000,0.000,0.006,0.000,0.000,0.000,0.006,0.000,0.006,0.000,0.000,0.000,0.000,0.000,0.006,0.000,0.006,0.006
72.8054,728,0,move,-1,72.8054,72.8166,0,0.000,-0.088,0.176,-0.176,-0.088,0.088,-0.264,-0.088,0.176,0.000,-0.176,-0.088,-0.088,-24.258,15.469,0.000,0.439,0.176,0.000,0.000,0.000,0.000,0.000,0.000,0.000,0.000,0.000,0.000,0.000,0.000,0.000,-18.539,13.514,0.000,0.000,0.000,0.013,4.8,11.30,31.0,0.000,0.000,0.000,0.000,0.000,0.000,0.006,0.000,0.006,0.000,0.000,0.000,0.000,0.000,0.006,0.000,0.013,0.000
72.9055,729,0,move,-1,72.9055,72.9156,0,0.000,-0.088,0.176,-0.176,-0.088,0.088,-0.264,-0.088,0.176,0.000,-0.176,-0.088,-0.088,-22.764,14.150,0.000,0.439,0.176,0.000,0.000,0.000,0.000,0.000,0.000,0.000,0.000,0.000,0.000,0.000,0.000,0.000,-17.038,12.438,0.000,0.000,0.000,0.013,4.8,11.30,31.0,0.000,0.000,0.000,0.000,0.000,0.000,0.006,0.000,0.006,0.000,0.000,0.000,0.000,0.000,0.006,0.000,0.013,0.000
73.0054,730,0,move,-1,73.0054,73.0174,0,0.000,-0.088,0.176,-0.176,-0.088,0.088,-0.264,-0.088,0.176,0.000,-0.176,-0.088,-0.088,-21.094,13.008,0.000,0.439,0.176,0.000,0.000,0.000,0.000,0.000,0.000,0.000,0.000,0.000,0.000,0.000,0.000,0.000,-15.570,11.382,0.000,0.000,0.000,0.006,3.2,11.20,32.0,,0.000,0.000,0.000,0.000,0.000,0.006,0.000,0.006,0.000,0.000,0.000,0.000,0.000,0.000,0.000,0.006,0.006
73.1053,731,0,move,-1,73.1053,73.1158,0,0.000,-0.088,0.176,-0.176,-0.088,0.088,-0.264,-0.088,0.176,0.000,-0.176,-0.088,-0.088,-19.600,11.953,0.000,0.439,0.176,0.000,0.000,0.000,0.000,0.000,0.000,0.000,0.000,0.000,0.000,0.000,0.000,0.000,-14.141,10.350,0.000,0.000,0.000,0.006,3.2,11.20,32.0,,0.000,0.000,0.000,0.000,0.000,0.006,0.000,0.006,0.000,0.000,0.000,0.000,0.000,0.000,0.000,0.006,0.006
73.2053,732,0,move,-1,73.2053,73.2152,0,0.000,-0.088,0.176,-0.176,-0.088,0.088,-0.264,-0.088,0.176,0.000,-0.176,-0.088,-0.088,-17.930,10.898,0.000,0.439,0.176,0.000,0.000,0.000,0.000,0.000,0.000,0.000,0.000,0.000,0.000,0.000,0.000,0.000,-12.756,9.347,0.000,0.000,0.000,0.006,2.4,11.30,32.0,0.000,0.000,0.000,0.006,0.000,0.000,0.006,0.000,0.000,0.000,0.006,0.000,0.000,0.000,0.006,0.000,0.006,0.006
73.3067,733,0,move,-1,73.3067,73.3156,0,0.000,-0.088,0.176,-0.176,-0.088,0.088,-0.264,-0.088,0.176,0.000,-0.176,-0.088,-0.088,-16.348,9.932,0.000,0.439,0.176,0.000,0.000,0.000,0.000,0.000,0.000,0.000,0.000,0.000,0.000,0.000,0.000,0.000,-11.421,8.375,0.000,0.000,0.000,0.006,2.4,11.30,32.0,0.000,0.000,0.000,0.006,0.000,0.000,0.006,0.000,0.000,0.000,0.006,0.000,0.000,0.000,0.006,0.000,0.006,0.006
73.4069,734,0,move,-1,73.4069,73.4432,0,0.000,-0.088,0.176,-0.176,-0.088,0.088,-0.264,-0.088,0.176,0.000,-0.176,-0.088,-0.088,-14.766,8.789,0.000,0.439,0.176,0.000,0.000,0.000,0.000,0.000,0.000,0.000,0.000,0.000,0.000,0.000,0.000,0.000,-10.139,7.441,0.000,0.000,0.000,0.006,2.4,11.30,31.0,0.000,0.000,0.000,0.000,0.000,0.000,0.000,0.000,0.000,0.000,0.006,0.000,0.000,0.000,0.000,0.000,0.006,0.000
73.5053,735,0,move,-1,73.5053,73.5160,0,0.000,-0.088,0.176,-0.176,-0.088,0.088,-0.264,-0.088,0.176,0.000,-0.176,-0.088,-0.088,-13.184,7.822,0.000,0.439,0.176,0.000,0.000,0.000,0.000,0.000,0.000,0.000,0.000,0.000,0.000,0.000,0.000,0.000,-8.915,6.547,0.000,0.000,0.000,0.006,2.4,11.30,31.0,0.000,0.000,0.000,0.000,0.000,0.000,0.000,0.000,0.000,0.000,0.006,0.000,0.000,0.000,0.000,0.000,0.006,0.000
73.6055,736,0,move,-1,73.6055,73.6177,0,0.000,-0.088,0.176,-0.176,-0.088,0.088,-0.264,-0.088,0.176,0.000,-0.176,-0.088,-0.088,-11.602,6.943,0.000,0.439,0.176,0.000,0.000,0.000,0.000,0.000,0.000,0.000,0.000,0.000,0.000,0.000,0.000,0.000,-7.754,5.698,0.000,0.000,0.000,0.013,4.8,11.30,31.0,0.000,0.000,0.000,0.006,0.000,0.000,0.000,0.000,0.000,0.000,0.000,0.000,0.000,0.000,0.000,0.000,0.013,0.006
73.7055,737,0,move,-1,73.7055,73.7162,0,0.000,-0.088,0.176,-0.176,-0.088,0.088,-0.264,-0.088,0.176,0.000,-0.176,-0.088,-0.088,-9.932,5.977,0.000,0.439,0.176,0.000,0.000,0.000,0.000,0.000,0.000,0.000,0.000,0.000,0.000,0.000,0.000,0.000,-6.661,4.896,0.000,0.000,0.000,0.013,4.8,11.30,31.0,0.000,0.000,0.000,0.006,0.000,0.000,0.000,0.000,0.000,0.000,0.000,0.000,0.000,0.000,0.000,0.000,0.013,0.006
73.8055,738,0,move,-1,73.8055,73.8171,0,0.000,-0.088,0.176,-0.176,-0.088,0.088,-0.264,-0.088,0.176,0.000,-0.176,-0.088,-0.088,-8.350,5.186,0.000,0.439,0.176,0.000,0.000,0.000,0.000,0.000,0.000,0.000,0.000,0.000,0.000,0.000,0.000,0.000,-5.639,4.147,0.000,0.000,0.000,0.006,3.2,11.30,32.0,0.000,0.000,0.000,0.000,0.000,0.000,0.006,0.000,0.000,0.000,0.000,0.000,0.000,0.006,0.006,0.000,0.006,0.006
73.9053,739,0,move,-1,73.9053,73.9104,0,0.000,-0.088,0.176,-0.176,-0.088,0.088,-0.264,-0.088,0.176,0.000,-0.176,-0.088,-0.088,-7.119,4.570,0.000,0.439,0.176,0.000,0.000,0.000,0.000,0.000,0.000,0.000,0.000,0.000,0.000,0.000,0.000,0.000,-4.693,3.452,0.000,0.000,0.000,0.006,3.2,11.30,32.0,0.000,0.000,0.000,0.000,0.000,0.000,0.006,0.000,0.000,0.000,0.000,0.000,0.000,0.006,0.006,0.000,0.006,0.006
74.0055,740,0,move,-1,74.0055,74.0158,0,0.000,-0.088,0.176,-0.176,-0.088,0.088,-0.264,-0.088,0.176,0.000,-0.176,-0.088,-0.088,-5.361,3.691,0.000,0.439,0.176,0.000,0.000,0.000,0.000,0.000,0.000,0.000,0.000,0.000,0.000,0.000,0.000,0.000,-3.825,2.814,0.000,0.000,0.000,0.006,2.4,11.30,32.0,0.000,0.000,0.000,0.006,0.000,0.000,0.006,0.000,0.000,0.000,0.000,0.000,0.000,0.006,0.006,0.000,0.006,0.006
74.1053,741,0,move,-1,74.1053,74.1179,0,0.000,-0.088,0.176,-0.176,-0.088,0.088,-0.264,-0.088,0.176,0.000,-0.176,-0.088,-0.088,-4.307,3.164,0.000,0.439,0.176,0.000,0.000,0.000,0.000,0.000,0.000,0.000,0.000,0.000,0.000,0.000,0.000,0.000,-3.039,2.236,0.000,0.000,0.000,0.013,4.8,11.30,31.0,0.000,0.000,0.000,0.006,0.000,0.000,0.006,0.000,0.000,0.000,0.006,0.000,0.000,0.000,0.000,0.000,0.013,0.000
74.2053,742,0,move,-1,74.2053,74.2147,0,0.000,-0.088,0.176,-0.176,-0.088,0.088,-0.264,-0.088,0.176,0.000,-0.176,-0.088,-0.088,-3.428,2.461,0.000,0.439,0.176,0.000,0.000,0.000,0.000,0.000,0.000,0.000,0.000,0.000,0.000,0.000,0.000,0.000,-2.338,1.720,0.000,0.000,0.000,0.013,4.8,11.30,31.0,0.000,0.000,0.000,0.006,0.000,0.000,0.006,0.000,0.000,0.000,0.006,0.000,0.000,0.000,0.000,0.000,0.013,0.000
74.3053,743,0,move,-1,74.3053,74.3164,0,0.000,-0.088,0.176,-0.176,-0.088,0.088,-0.264,-0.088,0.176,0.000,-0.176,-0.088,-0.088,-2.725,1.934,0.000,0.439,0.176,0.000,0.000,0.000,0.000,0.000,0.000,0.000,0.000,0.000,0.000,0.000,0.000,0.000,-1.725,1.270,0.000,0.000,0.000,0.006,2.0,11.30,28.0,0.000,0.000,0.000,0.000,0.000,0.000,0.000,0.000,0.000,0.000,0.000,0.000,0.000,0.006,0.006,0.000,0.006,0.006
74.4053,744,0,move,-1,74.4053,74.4275,0,0.000,-0.088,0.176,-0.176,-0.088,0.088,-0.264,-0.088,0.176,0.000,-0.176,-0.088,-0.088,-1.846,1.406,0.000,0.439,0.176,0.000,0.000,0.000,0.000,0.000,0.000,0.000,0.000,0.000,0.000,0.000,0.000,0.000,-1.202,0.885,0.000,0.000,0.000,0.013,4.8,11.30,28.0,0.000,0.000,0.000,0.006,0.000,0.000,0.006,0.000,0.000,0.000,0.006,0.000,0.000,0.013,0.006,0.000,0.006,0.006
74.5053,745,0,move,-1,74.5053,74.5174,0,0.000,-0.088,0.176,-0.176,-0.088,0.088,-0.264,-0.088,0.176,0.000,-0.176,-0.088,-0.088,-1.318,1.055,0.000,0.439,0.176,0.000,0.000,0.000,0.000,0.000,0.000,0.000,0.000,0.000,0.000,0.000,0.000,0.000,-0.772,0.568,0.000,0.000,0.000,0.013,4.8,11.30,28.0,0.000,0.000,0.000,0.006,0.000,0.000,0.006,0.000,0.000,0.000,0.006,0.000,0.000,0.013,0.006,0.000,0.006,0.006
74.6053,746,0,move,-1,74.6053,74.6162,0,0.000,-0.088,0.176,-0.176,-0.088,0.088,-0.264,-0.088,0.176,0.000,-0.176,-0.088,-0.088,-0.791,0.527,0.000,0.439,0.176,0.000,0.000,0.000,0.000,0.000,0.000,0.000,0.000,0.000,0.000,0.000,0.000,0.000,-0.435,0.320,0.000,0.000,0.000,0.006,2.4,11.20,31.0,0.000,0.000,0.000,0.000,0.000,0.000,0.000,0.000,0.000,0.000,0.006,0.000,0.000,0.000,0.000,0.000,0.006,0.006
74.7053,747,0,move,-1,74.7053,74.7177,0,0.000,-0.088,0.176,-0.176,-0.088,0.088,-0.264,-0.088,0.176,0.000,-0.176,-0.088,-0.088,-0.352,0.352,0.000,0.439,0.176,0.000,0.000,0.000,0.000,0.000,0.000,0.000,0.000,0.000,0.000,0.000,0.000,0.000,-0.194,0.143,0.000,0.000,0.000,0.006,3.2,11.30,32.0,0.000,0.000,0.000,0.000,0.000,0.000,0.006,0.000,0.000,0.000,0.000,0.000,0.000,0.006,0.000,0.000,0.006,0.006
74.8055,748,0,move,-1,74.8055,74.8166,0,0.000,-0.088,0.176,-0.176,-0.088,0.088,-0.264,-0.088,0.176,0.000,-0.176,-0.088,-0.088,-0.176,0.352,0.000,0.439,0.176,0.000,0.000,0.000,0.000,0.000,0.000,0.000,0.000,0.000,0.000,0.000,0.000,0.000,-0.049,0.036,0.000,0.000,0.000,0.006,3.2,11.30,32.0,0.000,0.000,0.000,0.000,0.000,0.000,0.006,0.000,0.000,0.000,0.000,0.000,0.000,0.006,0.000,0.000,0.006,0.006
74.9055,749,0,move,-1,74.9055,74.9193,0,0.000,-0.088,0.176,-0.176,-0.088,0.088,-0.264,-0.088,0.176,0.000,-0.176,-0.088,-0.088,-0.176,0.088,0.000,0.439,0.176,0.000,0.000,0.000,0.000,0.000,0.000,0.000,0.000,0.000,0.000,0.000,0.000,0.000,0.000,0.000,0.000,0.000,0.000,0.013,4.8,11.30,31.0,0.000,0.000,0.000,0.006,0.000,0.000,0.006,0.000,0.000,0.000,0.006,0.000,0.000,0.000,0.000,0.000,0.013,0.006
75.0055,750,0,move,-1,75.0055,75.0200,0,0.000,-0.088,0.176,-0.176,-0.088,0.088,-0.264,-0.088,0.176,0.000,-0.176,-0.088,-0.088,-0.088,0.088,0.000,0.439,0.176,0.000,0.000,0.000,0.000,0.000,0.000,0.000,0.000,0.000,0.000,0.000,0.000,0.000,0.000,0.000,0.000,0.000,0.000,0.000,0.0,11.30,32.0,0.000,0.000,0.000,0.000,0.000,0.000,0.000,0.000,0.000,0.000,0.000,0.000,0.000,0.000,0.000,0.000,0.000,0.000
75.1088,751,0,move,-1,75.1088,75.1647,0,0.000,-0.088,0.176,-0.176,-0.088,0.088,-0.264,-0.088,0.176,0.000,-0.176,-0.088,-0.088,-0.088,0.088,0.000,0.439,0.176,0.000,0.000,0.000,0.000,0.000,0.000,0.000,0.000,0.000,0.000,0.000,0.000,0.000,0.000,0.000,0.000,0.000,0.000,0.006,4.8,11.30,31.0,0.000,0.000,0.000,0.000,0.000,0.000,0.000,0.000,0.000,0.000,0.000,0.000,0.000,0.000,0.000,0.000,0.006,0.006
75.2053,752,0,move,-1,75.2053,75.2149,0,0.000,-0.088,0.176,-0.176,-0.088,0.088,-0.264,-0.088,0.176,0.000,-0.176,-0.088,-0.088,-0.088,0.088,0.000,0.439,0.176,0.000,0.000,0.000,0.000,0.000,0.000,0.000,0.000,0.000,0.000,0.000,0.000,0.000,0.000,0.000,0.000,0.000,0.000,0.006,4.8,11.30,31.0,0.000,0.000,0.000,0.000,0.000,0.000,0.000,0.000,0.000,0.000,0.000,0.000,0.000,0.000,0.000,0.000,0.006,0.006
75.3117,753,0,move,-1,75.3117,75.3290,0,0.000,-0.088,0.176,-0.176,-0.088,0.088,-0.264,-0.088,0.176,0.000,-0.176,-0.088,-0.088,-0.088,0.088,0.000,0.439,0.176,0.000,0.000,0.000,0.000,0.000,0.000,0.000,0.000,0.000,0.000,0.000,0.000,0.000,0.000,0.000,0.000,0.000,0.000,0.006,2.4,11.30,32.0,0.000,0.000,0.000,0.006,0.000,0.000,0.006,0.000,0.006,0.000,0.000,0.000,0.000,0.000,0.000,0.000,0.006,0.000
75.4055,754,0,move,-1,75.4055,75.4156,0,0.000,-0.088,0.176,-0.176,-0.088,0.088,-0.264,-0.088,0.176,0.000,-0.176,-0.088,-0.088,-0.088,0.088,0.000,0.439,0.176,0.000,0.000,0.000,0.000,0.000,0.000,0.000,0.000,0.000,0.000,0.000,0.000,0.000,0.000,0.000,0.000,0.000,0.000,0.006,2.4,11.30,32.0,0.000,0.000,0.000,0.006,0.000,0.000,0.006,0.000,0.006,0.000,0.000,0.000,0.000,0.000,0.000,0.000,0.006,0.000
75.5053,755,0,move,-1,75.5053,75.5177,0,0.000,-0.088,0.176,-0.176,-0.088,0.088,-0.264,-0.088,0.176,0.000,-0.176,-0.088,-0.088,-0.088,0.088,0.000,0.439,0.176,0.000,0.000,0.000,0.000,0.000,0.000,0.000,0.000,0.000,0.000,0.000,0.000,0.000,0.000,0.000,0.000,0.000,0.000,0.006,2.4,11.30,32.0,0.000,0.000,0.000,0.006,0.000,0.000,0.006,0.000,0.000,0.000,0.006,0.000,0.000,0.000,0.000,0.000,0.006,0.000
75.6053,756,0,move,-1,75.6053,75.6169,0,0.000,-0.088,0.176,-0.176,-0.088,0.088,-0.264,-0.088,0.176,0.000,-0.176,-0.088,-0.088,-0.088,0.088,0.000,0.439,0.176,0.000,0.000,0.000,0.000,0.000,0.000,0.000,0.000,0.000,0.000,0.000,0.000,0.000,0.000,0.000,0.000,0.000,0.000,0.006,2.4,11.30,32.0,0.000,0.000,0.000,0.006,0.000,0.000,0.006,0.000,0.000,0.000,0.006,0.000,0.000,0.000,0.000,0.000,0.006,0.000
75.7055,757,0,move,-1,75.7055,75.7171,0,0.000,-0.088,0.176,-0.176,-0.088,0.088,-0.264,-0.088,0.176,0.000,-0.176,-0.088,-0.088,-0.088,0.088,0.000,0.439,0.176,0.000,0.000,0.000,0.000,0.000,0.000,0.000,0.000,0.000,0.000,0.000,0.000,0.000,0.000,0.000,0.000,0.000,0.000,0.006,4.8,11.30,31.0,0.000,0.000,0.000,0.000,0.000,0.000,0.000,0.000,0.000,0.000,0.000,0.000,0.000,0.000,0.000,0.000,0.006,0.006
75.8053,758,0,move,-1,75.8053,75.8159,0,0.000,-0.088,0.176,-0.176,-0.088,0.088,-0.264,-0.088,0.176,0.000,-0.176,-0.088,-0.088,-0.088,0.088,0.000,0.439,0.176,0.000,0.000,0.000,0.000,0.000,0.000,0.000,0.000,0.000,0.000,0.000,0.000,0.000,0.000,0.000,0.000,0.000,0.000,0.006,4.8,11.30,31.0,0.000,0.000,0.000,0.000,0.000,0.000,0.000,0.000,0.000,0.000,0.000,0.000,0.000,0.000,0.000,0.000,0.006,0.006
75.9055,759,0,move,-1,75.9055,75.9155,0,0.000,-0.088,0.176,-0.176,-0.088,0.088,-0.264,-0.088,0.176,0.000,-0.176,-0.088,-0.088,-0.088,0.088,0.000,0.439,0.176,0.000,0.000,0.000,0.000,0.000,0.000,0.000,0.000,0.000,0.000,0.000,0.000,0.000,0.000,0.000,0.000,0.000,0.000,0.006,0.0,11.30,31.0,0.006,0.000,0.000,0.006,0.000,0.000,0.000,0.000,0.006,0.000,0.000,0.000,0.000,0.000,0.000,0.000,0.006,0.000
76.0055,760,0,move,-1,76.0055,76.0169,0,0.000,-0.088,0.176,-0.176,-0.088,0.088,-0.264,-0.088,0.176,0.000,-0.176,-0.088,-0.088,-0.088,0.088,0.000,0.439,0.176,0.000,0.000,0.000,0.000,0.000,0.000,0.000,0.000,0.000,0.000,0.000,0.000,0.000,0.000,0.000,0.000,0.000,0.000,0.006,2.4,11.30,32.0,0.000,0.000,0.000,0.006,0.000,0.000,0.006,0.000,0.000,0.000,0.000,0.000,0.000,0.000,0.000,0.000,0.006,0.000
76.1053,761,0,move,-1,76.1053,76.1165,0,0.000,-0.088,0.176,-0.176,-0.088,0.088,-0.264,-0.088,0.176,0.000,-0.176,-0.088,-0.088,-0.088,0.088,0.000,0.439,0.176,0.000,0.000,0.000,0.000,0.000,0.000,0.000,0.000,0.000,0.000,0.000,0.000,0.000,0.000,0.000,0.000,0.000,0.000,0.006,2.4,11.30,32.0,0.000,0.000,0.000,0.006,0.000,0.000,0.006,0.000,0.000,0.000,0.000,0.000,0.000,0.000,0.000,0.000,0.006,0.000
76.2054,762,0,move,-1,76.2054,76.2166,0,0.000,-0.088,0.176,-0.176,-0.088,0.088,-0.264,-0.088,0.176,0.000,-0.176,-0.088,-0.088,-0.088,0.088,0.000,0.439,0.176,0.000,0.000,0.000,0.000,0.000,0.000,0.000,0.000,0.000,0.000,0.000,0.000,0.000,0.000,0.000,0.000,0.000,0.000,0.006,3.2,11.30,32.0,0.000,0.000,0.000,0.000,0.000,0.000,0.006,0.000,0.000,0.000,0.000,0.000,0.000,0.000,0.000,0.000,0.006,0.006
76.3054,763,0,move,-1,76.3054,76.3194,0,0.000,-0.088,0.176,-0.176,-0.088,0.088,-0.264,-0.088,0.176,0.000,-0.176,-0.088,-0.088,-0.088,0.088,0.000,0.439,0.176,0.000,0.000,0.000,0.000,0.000,0.000,0.000,0.000,0.000,0.000,0.000,0.000,0.000,0.000,0.000,0.000,0.000,0.000,0.006,4.8,11.30,31.0,0.000,0.000,0.000,0.000,0.000,0.000,0.000,0.000,0.000,0.000,0.000,0.000,0.000,0.000,0.000,0.000,0.006,0.006
76.4053,764,0,move,-1,76.4053,76.4108,0,0.000,-0.088,0.176,-0.176,-0.088,0.088,-0.264,-0.088,0.176,0.000,-0.176,-0.088,-0.088,-0.088,0.088,0.000,0.439,0.176,0.000,0.000,0.000,0.000,0.000,0.000,0.000,0.000,0.000,0.000,0.000,0.000,0.000,0.000,0.000,0.000,0.000,0.000,0.006,4.8,11.30,31.0,0.000,0.000,0.000,0.000,0.000,0.000,0.000,0.000,0.000,0.000,0.000,0.000,0.000,0.000,0.000,0.000,0.006,0.006
76.5053,765,0,move,-1,76.5053,76.5179,0,0.000,-0.088,0.176,-0.176,-0.088,0.088,-0.264,-0.088,0.176,0.000,-0.176,-0.088,-0.088,-0.088,0.088,0.000,0.439,0.176,0.000,0.000,0.000,0.000,0.000,0.000,0.000,0.000,0.000,0.000,0.000,0.000,0.000,0.000,0.000,0.000,0.000,0.000,0.013,4.8,11.30,31.0,0.000,0.000,0.000,0.006,0.000,0.000,0.006,0.000,0.000,0.000,0.000,0.000,0.000,0.000,0.000,0.006,0.013,0.000
76.6053,766,0,move,-1,76.6053,76.6170,0,0.000,-0.088,0.176,-0.176,-0.088,0.088,-0.264,-0.088,0.176,0.000,-0.176,-0.088,-0.088,-0.088,0.088,0.000,0.439,0.176,0.000,0.000,0.000,0.000,0.000,0.000,0.000,0.000,0.000,0.000,0.000,0.000,0.000,0.000,0.000,0.000,0.000,0.000,0.013,4.8,11.30,31.0,0.000,0.000,0.000,0.006,0.000,0.000,0.006,0.000,0.000,0.000,0.000,0.000,0.000,0.000,0.000,0.006,0.013,0.000
76.7053,767,0,move,-1,76.7053,76.7150,0,0.000,-0.088,0.176,-0.176,-0.088,0.088,-0.264,-0.088,0.176,0.000,-0.176,-0.088,-0.088,-0.088,0.088,0.000,0.439,0.176,0.000,0.000,0.000,0.000,0.000,0.000,0.000,0.000,0.000,0.000,0.000,0.000,0.000,0.000,0.000,0.000,0.000,0.000,0.006,3.2,11.20,32.0,0.000,0.000,0.000,0.000,0.000,0.000,0.006,0.000,0.006,0.000,0.006,0.000,0.000,0.000,0.000,0.000,0.006,0.006
76.8053,768,0,move,-1,76.8053,76.8175,0,0.000,-0.088,0.176,-0.176,-0.088,0.088,-0.264,-0.088,0.176,0.000,-0.176,-0.088,-0.088,-0.088,0.088,0.000,0.439,0.176,0.000,0.000,0.000,0.000,0.000,0.000,0.000,0.000,0.000,0.000,0.000,0.000,0.000,0.000,0.000,0.000,0.000,0.000,0.006,3.2,11.20,32.0,0.000,0.000,0.000,0.000,0.000,0.000,0.006,0.000,0.006,0.000,0.006,0.000,0.000,0.000,0.000,0.000,0.006,0.006
76.9053,769,0,move,-1,76.9053,76.9160,0,0.000,-0.088,0.176,-0.176,-0.088,0.088,-0.264,-0.088,0.176,0.000,-0.176,-0.088,-0.088,-0.088,0.088,0.000,0.439,0.176,0.000,0.000,0.000,0.000,0.000,0.000,0.000,0.000,0.000,0.000,0.000,0.000,0.000,0.000,0.000,0.000,0.000,0.000,0.006,3.2,11.20,32.0,0.000,0.000,0.000,0.000,0.000,0.000,0.006,0.000,0.006,0.000,0.006,0.000,0.000,0.000,0.000,0.000,0.006,0.006
77.0054,770,0,move,-1,77.0054,77.0169,0,0.000,-0.088,0.176,-0.176,-0.088,0.088,-0.264,-0.088,0.176,0.000,-0.176,-0.088,-0.088,-0.088,0.088,0.000,0.439,0.176,0.000,0.000,0.000,0.000,0.000,0.000,0.000,0.000,0.000,0.000,0.000,0.000,0.000,0.000,0.000,0.000,0.000,0.000,0.006,2.4,11.30,32.0,,0.000,0.006,0.000,0.000,0.000,0.006,0.000,0.000,0.000,0.006,0.000,0.000,0.000,0.000,0.000,0.006,0.006
77.1122,771,0,move,-1,77.1122,77.1553,0,0.000,-0.088,0.176,-0.176,-0.088,0.088,-0.264,-0.088,0.176,0.000,-0.176,-0.088,-0.088,-0.088,0.088,0.000,0.439,0.176,0.000,0.000,0.000,0.000,0.000,0.000,0.000,0.000,0.000,0.000,0.000,0.000,0.000,0.000,0.000,0.000,0.000,0.000,0.006,2.4,11.30,32.0,0.000,0.000,0.006,0.006,0.000,0.000,0.006,0.000,0.006,0.000,0.000,0.000,0.000,0.000,0.000,0.000,0.006,0.000
77.2055,772,0,move,-1,77.2055,77.2181,0,0.000,-0.088,0.176,-0.176,-0.088,0.088,-0.264,-0.088,0.176,0.000,-0.176,-0.088,-0.088,-0.088,0.088,0.000,0.439,0.176,0.000,0.000,0.000,0.000,0.000,0.000,0.000,0.000,0.000,0.000,0.000,0.000,0.000,0.000,0.000,0.000,0.000,0.000,0.006,2.4,11.30,32.0,0.000,0.000,0.006,0.006,0.000,0.000,0.006,0.000,0.006,0.000,0.000,0.000,0.000,0.000,0.000,0.000,0.006,0.000
77.3054,773,0,move,-1,77.3054,77.3150,0,0.000,-0.088,0.176,-0.176,-0.088,0.088,-0.264,-0.088,0.176,0.000,-0.176,-0.088,-0.088,-0.088,0.088,0.000,0.439,0.176,0.000,0.000,0.000,0.000,0.000,0.000,0.000,0.000,0.000,0.000,0.000,0.000,0.000,0.000,0.000,0.000,0.000,0.000,0.013,4.8,11.30,31.0,0.000,0.000,0.000,0.006,0.000,0.000,0.006,0.000,0.000,0.000,0.000,0.000,0.000,0.000,0.000,0.000,0.013,0.000
77.4053,774,0,move,-1,77.4053,77.4443,0,0.000,-0.088,0.176,-0.176,-0.088,0.088,-0.264,-0.088,0.176,0.000,-0.176,-0.088,-0.088,-0.088,0.088,0.000,0.439,0.176,0.000,0.000,0.000,0.000,0.000,0.000,0.000,0.000,0.000,0.000,0.000,0.000,0.000,0.000,0.000,0.000,0.000,0.000,0.006,2.4,11.30,32.0,0.000,0.000,0.006,0.006,0.000,0.000,0.006,0.000,0.006,0.000,0.000,0.000,0.000,0.000,0.000,0.000,0.006,0.000
77.5053,775,0,move,-1,77.5053,77.5191,0,0.000,-0.088,0.176,-0.176,-0.088,0.088,-0.264,-0.088,0.176,0.000,-0.176,-0.088,-0.088,-0.088,0.088,0.000,0.439,0.176,0.000,0.000,0.000,0.000,0.000,0.000,0.000,0.000,0.000,0.000,0.000,0.000,0.000,0.000,0.000,0.000,0.000,0.000,0.006,2.4,11.30,32.0,0.000,0.000,0.006,0.006,0.000,0.000,0.006,0.000,0.006,0.000,0.000,0.000,0.000,0.000,0.000,0.000,0.006,0.000
77.6053,776,0,move,-1,77.6053,77.6166,0,0.000,-0.088,0.176,-0.176,-0.088,0.088,-0.264,-0.088,0.176,0.000,-0.176,-0.088,-0.088,-0.088,0.088,0.000,0.439,0.176,0.000,0.000,0.000,0.000,0.000,0.000,0.000,0.000,0.000,0.000,0.000,0.000,0.000,0.000,0.000,0.000,0.000,0.000,0.013,4.8,11.30,31.0,0.000,0.000,0.000,0.000,0.000,0.000,0.006,0.000,0.000,0.000,0.000,0.000,0.000,0.000,0.000,0.000,0.013,0.000
77.7055,777,0,move,-1,77.7055,77.7155,0,0.000,-0.088,0.176,-0.176,-0.088,0.088,-0.264,-0.088,0.176,0.000,-0.176,-0.088,-0.088,-0.088,0.088,0.000,0.439,0.176,0.000,0.000,0.000,0.000,0.000,0.000,0.000,0.000,0.000,0.000,0.000,0.000,0.000,0.000,0.000,0.000,0.000,0.000,0.013,4.8,11.30,31.0,0.000,0.000,0.000,0.000,0.000,0.000,0.006,0.000,0.000,0.000,0.000,0.000,0.000,0.000,0.000,0.000,0.013,0.000
77.8055,778,0,move,-1,77.8055,77.8166,0,0.000,-0.088,0.176,-0.176,-0.088,0.088,-0.264,-0.088,0.176,0.000,-0.176,-0.088,-0.088,-0.088,0.088,0.000,0.439,0.176,0.000,0.000,0.000,0.000,0.000,0.000,0.000,0.000,0.000,0.000,0.000,0.000,0.000,0.000,0.000,0.000,0.000,0.000,0.006,2.4,11.30,32.0,0.000,0.000,0.000,0.006,0.000,0.000,0.006,0.000,0.006,0.000,0.006,0.000,0.000,0.000,0.000,0.000,0.006,0.000
77.9060,779,0,move,-1,77.9060,77.9542,0,0.000,-0.088,0.176,-0.176,-0.088,0.088,-0.264,-0.088,0.176,0.000,-0.176,-0.088,-0.088,-0.088,0.088,0.000,0.439,0.176,0.000,0.000,0.000,0.000,0.000,0.000,0.000,0.000,0.000,0.000,0.000,0.000,0.000,0.000,0.000,0.000,0.000,0.000,0.006,2.4,11.30,32.0,0.000,0.000,0.006,0.000,0.000,0.000,0.006,0.000,0.000,0.000,0.000,0.000,0.000,0.000,0.000,0.000,0.006,0.006
78.0055,780,0,move,-1,78.0055,78.0178,0,0.000,-0.088,0.176,-0.176,-0.088,0.088,-0.264,-0.088,0.176,0.000,-0.176,-0.088,-0.088,-0.088,0.088,0.000,0.439,0.176,0.000,0.000,0.000,0.000,0.000,0.000,0.000,0.000,0.000,0.000,0.000,0.000,0.000,0.000,0.000,0.000,0.000,0.000,0.006,2.4,11.30,32.0,0.000,0.000,0.006,0.000,0.000,0.000,0.006,0.000,0.000,0.000,0.000,0.000,0.000,0.000,0.000,0.000,0.006,0.006
78.1055,781,0,move,-1,78.1055,78.1173,0,0.000,-0.088,0.176,-0.176,-0.088,0.088,-0.264,-0.088,0.176,0.000,-0.176,-0.088,-0.088,-0.088,0.088,0.000,0.439,0.176,0.000,0.000,0.000,0.000,0.000,0.000,0.000,0.000,0.000,0.000,0.000,0.000,0.000,0.000,0.000,0.000,0.000,0.000,0.006,3.2,11.30,32.0,0.000,0.000,0.000,0.000,0.000,0.000,0.006,0.000,0.000,0.000,0.006,0.000,0.000,0.000,0.000,0.000,0.006,0.006
78.2053,782,0,move,-1,78.2053,78.2187,0,0.000,-0.088,0.176,-0.176,-0.088,0.088,-0.264,-0.088,0.176,0.000,-0.176,-0.088,-0.088,-0.088,0.088,0.000,0.439,0.176,0.000,0.000,0.000,0.000,0.000,0.000,0.000,0.000,0.000,0.000,0.000,0.000,0.000,0.000,0.000,0.000,0.000,0.000,0.013,4.8,11.30,31.0,0.000,0.000,0.000,0.006,0.000,0.000,0.006,0.000,0.000,0.000,0.000,0.000,0.000,0.000,0.000,0.000,0.013,0.006
78.3053,783,0,move,-1,78.3053,78.3155,0,0.000,-0.088,0.176,-0.176,-0.088,0.088,-0.264,-0.088,0.176,0.000,-0.176,-0.088,-0.088,-0.088,0.088,0.000,0.439,0.176,0.000,0.000,0.000,0.000,0.000,0.000,0.000,0.000,0.000,0.000,0.000,0.000,0.000,0.000,0.000,0.000,0.000,0.000,0.013,4.8,11.30,31.0,0.000,0.000,0.000,0.006,0.000,0.000,0.006,0.000,0.000,0.000,0.000,0.000,0.000,0.000,0.000,0.000,0.013,0.006
78.4055,784,0,move,-1,78.4055,78.4181,0,0.000,-0.088,0.176,-0.176,-0.088,0.088,-0.264,-0.088,0.176,0.000,-0.176,-0.088,-0.088,-0.088,0.088,0.000,0.439,0.176,0.000,0.000,0.000,0.000,0.000,0.000,0.000,0.000,0.000,0.000,0.000,0.000,0.000,0.000,0.000,0.000,0.000,0.000,0.006,3.2,11.30,32.0,0.000,0.000,0.000,0.000,0.000,0.000,0.006,0.000,0.006,0.000,0.000,0.000,0.000,0.000,0.000,0.000,0.006,0.006
78.5055,785,0,move,-1,78.5055,78.5122,0,0.000,-0.088,0.176,-0.176,-0.088,0.088,-0.264,-0.088,0.176,0.000,-0.176,-0.088,-0.088,-0.088,0.088,0.000,0.439,0.176,0.000,0.000,0.000,0.000,0.000,0.000,0.000,0.000,0.000,0.000,0.000,0.000,0.000,0.000,0.000,0.000,0.000,0.000,0.006,3.2,11.30,32.0,0.000,0.000,0.000,0.000,0.000,0.000,0.006,0.000,0.006,0.000,0.000,0.000,0.000,0.000,0.000,0.000,0.006,0.006
78.6053,786,0,move,-1,78.6053,78.6603,0,0.000,-0.088,0.176,-0.176,-0.088,0.088,-0.264,-0.088,0.176,0.000,-0.176,-0.088,-0.088,-0.088,0.088,0.000,0.439,0.176,0.000,0.000,0.000,0.000,0.000,0.000,0.000,0.000,0.000,0.000,0.000,0.000,0.000,0.000,0.000,0.000,0.000,0.000,0.006,3.2,11.30,32.0,0.000,0.000,0.000,0.000,0.000,0.000,0.006,0.000,0.006,0.000,0.000,0.000,0.000,0.000,0.000,0.000,0.006,0.000
78.7054,787,0,move,-1,78.7054,78.7149,0,0.000,-0.088,0.176,-0.176,-0.088,0.088,-0.264,-0.088,0.176,0.000,-0.176,-0.088,-0.088,-0.088,0.088,0.000,0.439,0.176,0.000,0.000,0.000,0.000,0.000,0.000,0.000,0.000,0.000,0.000,0.000,0.000,0.000,0.000,0.000,0.000,0.000,0.000,0.006,3.2,11.30,32.0,0.000,0.000,0.000,0.000,0.000,0.000,0.006,0.000,0.006,0.000,0.000,0.000,0.000,0.000,0.000,0.000,0.006,0.000
78.8053,788,0,move,-1,78.8053,78.8162,0,0.000,-0.088,0.176,-0.176,-0.088,0.088,-0.264,-0.088,0.176,0.000,-0.176,-0.088,-0.088,-0.088,0.088,0.000,0.439,0.176,0.000,0.000,0.000,0.000,0.000,0.000,0.000,0.000,0.000,0.000,0.000,0.000,0.000,0.000,0.000,0.000,0.000,0.000,0.013,4.8,11.30,31.0,0.000,0.000,0.006,0.006,0.000,0.000,0.006,0.000,0.000,0.000,0.000,0.000,0.000,0.000,0.000,0.000,0.013,0.006
78.9053,789,0,move,-1,78.9053,78.9166,0,0.000,-0.088,0.176,-0.176,-0.088,0.088,-0.264,-0.088,0.176,0.000,-0.176,-0.088,-0.088,-0.088,0.088,0.000,0.439,0.176,0.000,0.000,0.000,0.000,0.000,0.000,0.000,0.000,0.000,0.000,0.000,0.000,0.000,0.000,0.000,0.000,0.000,0.000,0.006,2.4,11.30,32.0,0.000,0.000,0.000,0.006,0.000,0.000,0.000,0.000,0.000,0.000,0.000,0.000,0.000,0.000,0.000,0.000,0.006,0.000
79.0053,790,0,move,-1,79.0053,79.0186,0,0.000,-0.088,0.176,-0.176,-0.088,0.088,-0.264,-0.088,0.176,0.000,-0.176,-0.088,-0.088,-0.088,0.088,0.000,0.439,0.176,0.000,0.000,0.000,0.000,0.000,0.000,0.000,0.000,0.000,0.000,0.000,0.000,0.000,-0.049,0.036,0.000,0.000,0.000,0.006,3.2,11.30,32.0,0.000,0.000,0.000,0.000,0.000,0.000,0.006,0.000,0.006,0.000,0.000,0.000,0.000,0.000,0.000,0.000,0.006,0.000
79.1054,791,0,move,-1,79.1054,79.1178,0,0.000,-0.088,0.176,-0.176,-0.088,0.088,-0.264,-0.088,0.176,0.000,-0.176,-0.088,-0.088,-0.088,0.088,0.000,0.439,0.176,0.000,0.000,0.000,0.000,0.000,0.000,0.000,0.000,0.000,0.000,0.000,0.000,0.000,-0.194,0.143,0.000,0.000,0.000,0.006,3.2,11.30,32.0,0.000,0.000,0.000,0.000,0.000,0.000,0.006,0.000,0.006,0.000,0.000,0.000,0.000,0.000,0.000,0.000,0.006,0.000
79.2054,792,0,move,-1,79.2054,79.2158,0,0.000,-0.088,0.176,-0.176,-0.088,0.088,-0.264,-0.088,0.176,0.000,-0.176,-0.088,-0.088,-0.088,0.088,0.000,0.439,0.176,0.000,0.000,0.000,0.000,0.000,0.000,0.000,0.000,0.000,0.000,0.000,0.000,0.000,-0.435,0.320,0.000,0.000,0.000,0.006,2.4,11.30,32.0,0.000,0.000,0.000,0.006,0.000,0.000,0.000,0.000,0.000,0.000,0.006,0.000,0.000,0.000,0.000,0.000,0.006,0.000
79.3054,793,0,move,-1,79.3054,79.3230,0,0.000,-0.088,0.176,-0.176,-0.088,0.088,-0.264,-0.088,0.176,0.000,-0.176,-0.088,-0.088,-0.088,0.352,0.000,0.439,0.176,0.000,0.000,0.000,0.000,0.000,0.000,0.000,0.000,0.000,0.000,0.000,0.000,0.000,-0.772,0.568,0.000,0.000,0.000,0.013,4.0,11.30,28.0,0.000,0.000,0.000,0.000,0.000,0.000,0.000,0.000,0.000,0.000,0.000,0.000,0.000,0.013,0.006,0.000,0.013,0.000
79.4053,794,0,move,-1,79.4053,79.4184,0,0.000,-0.088,0.176,-0.176,-0.088,0.088,-0.264,-0.088,0.176,0.000,-0.176,-0.088,-0.088,-0.615,0.439,0.000,0.439,0.176,0.000,0.000,0.000,0.000,0.000,0.000,0.000,0.000,0.000,0.000,0.000,0.000,0.000,-1.202,0.885,0.000,0.000,0.000,0.013,4.0,11.30,28.0,0.000,0.000,0.000,0.000,0.000,0.000,0.000,0.000,0.000,0.000,0.000,0.000,0.000,0.013,0.006,0.000,0.013,0.000
79.5054,795,0,move,-1,79.5054,79.5161,0,0.000,-0.088,0.176,-0.176,-0.088,0.088,-0.264,-0.088,0.176,0.000,-0.176,-0.088,-0.088,-1.055,0.791,0.000,0.439,0.176,0.000,0.000,0.000,0.000,0.000,0.000,0.000,0.000,0.000,0.000,0.000,0.000,0.000,-1.725,1.270,0.000,0.000,0.000,0.006,3.2,11.30,32.0,0.000,0.000,0.000,0.000,0.000,0.000,0.006,0.000,0.000,0.000,0.000,0.000,0.000,0.006,0.006,0.000,0.006,0.000
79.6055,796,0,move,-1,79.6055,79.6160,0,0.000,-0.088,0.176,-0.176,-0.088,0.088,-0.264,-0.088,0.176,0.000,-0.176,-0.088,-0.088,-1.494,1.230,0.000,0.439,0.176,0.000,0.000,0.000,0.000,0.000,0.000,0.000,0.000,0.000,0.000,0.000,0.000,0.000,-2.338,1.720,0.000,0.000,0.000,0.006,3.2,11.30,32.0,0.000,0.000,0.000,0.000,0.000,0.000,0.006,0.000,0.000,0.000,0.000,0.000,0.000,0.006,0.006,0.000,0.006,0.000
79.7053,797,0,move,-1,79.7053,79.7178,0,0.000,-0.088,0.176,-0.176,-0.088,0.088,-0.264,-0.088,0.176,0.000,-0.176,-0.088,-0.088,-2.109,1.670,0.000,0.439,0.176,0.000,0.000,0.000,0.000,0.000,0.000,0.000,0.000,0.000,0.000,0.000,0.000,0.000,-3.039,2.236,0.000,0.000,0.000,0.006,2.4,11.30,32.0,0.000,0.000,0.000,0.006,0.000,0.000,0.006,0.000,0.000,0.000,0.000,0.000,0.000,0.000,0.000,0.000,0.006,0.006
79.8053,798,0,move,-1,79.8053,79.8168,0,0.000,-0.088,0.176,-0.176,-0.088,0.088,-0.264,-0.088,0.176,0.000,-0.176,-0.088,-0.088,-2.725,2.109,0.000,0.439,0.176,0.000,0.000,0.000,0.000,0.000,0.000,0.000,0.000,0.000,0.000,0.000,0.000,0.000,-3.825,2.814,0.000,0.000,0.000,0.006,2.4,11.30,32.0,0.000,0.000,0.000,0.006,0.000,0.000,0.006,0.000,0.000,0.000,0.000,0.000,0.000,0.000,0.000,0.000,0.006,0.006
79.9053,799,0,move,-1,79.9053,79.9182,0,0.000,-0.088,0.176,-0.176,-0.088,0.088,-0.264,-0.088,0.176,0.000,-0.176,-0.088,-0.088,-3.428,2.637,0.000,0.439,0.176,0.000,0.000,0.000,0.000,0.000,0.000,0.000,0.000,0.000,0.000,0.000,0.000,0.000,-4.693,3.452,0.000,0.000,0.000,0.006,3.2,11.20,32.0,0.000,0.000,0.000,0.000,0.000,0.000,0.006,0.000,0.000,0.000,0.006,0.000,0.000,0.006,0.000,0.000,0.006,0.006
80.0053,800,0,move,-1,80.0053,80.0177,0,0.000,-0.088,0.176,-0.176,-0.088,0.088,-0.264,-0.088,0.176,0.000,-0.176,-0.088,-0.088,-4.131,3.164,0.000,0.439,0.176,0.000,0.000,0.000,0.000,0.000,0.000,0.000,0.000,0.000,0.000,0.000,0.000,0.000,-5.639,4.147,0.000,0.000,0.000,0.006,3.2,11.20,32.0,0.000,0.000,0.000,0.000,0.000,0.000,0.006,0.000,0.000,0.000,0.006,0.000,0.000,0.006,0.000,0.000,0.006,0.006
80.1061,801,0,move,-1,80.1061,80.1193,0,0.000,-0.088,0.176,-0.176,-0.088,0.088,-0.264,-0.088,0.176,0.000,-0.176,-0.088,-0.088,-5.010,3.867,0.000,0.439,0.176,0.000,0.000,0.000,0.000,0.000,0.000,0.000,0.000,0.000,0.000,0.000,0.000,0.000,-6.661,4.896,0.000,0.000,0.000,0.006,2.4,11.30,32.0,0.000,0.000,0.000,0.006,0.000,0.000,0.006,0.000,0.006,0.000,0.006,0.000,0.000,0.006,0.006,0.000,0.006,0.000
80.2055,802,0,move,-1,80.2055,80.2162,0,0.000,-0.088,0.176,-0.176,-0.088,0.088,-0.264,-0.088,0.176,0.000,-0.176,-0.088,-0.088,-5.977,4.658,0.000,0.439,0.176,0.000,0.000,0.000,0.000,0.000,0.000,0.000,0.000,0.000,0.000,0.000,0.000,0.000,-7.754,5.698,0.000,0.000,0.000,0.006,2.4,11.30,32.0,0.000,0.000,0.000,0.006,0.000,0.000,0.006,0.000,0.006,0.000,0.006,0.000,0.000,0.006,0.006,0.000,0.006,0.000
80.3055,803,0,move,-1,80.3055,80.3302,0,0.000,-0.088,0.176,-0.176,-0.088,0.088,-0.264,-0.088,0.176,0.000,-0.176,-0.088,-0.088,-7.119,5.449,0.000,0.439,0.176,0.000,0.000,0.000,0.000,0.000,0.000,0.000,0.000,0.000,0.000,0.000,0.000,0.000,-8.915,6.547,0.000,0.000,0.000,0.013,3.6,11.30,29.0,0.000,0.000,0.000,0.006,0.000,0.000,0.000,0.000,0.006,0.000,0.000,0.000,0.000,0.006,0.013,0.000,0.006,0.000
80.4055,804,0,move,-1,80.4055,80.4176,0,0.000,-0.088,0.176,-0.176,-0.088,0.088,-0.264,-0.088,0.176,0.000,-0.176,-0.088,-0.088,-8.086,6.064,0.000,0.439,0.176,0.000,0.000,0.000,0.000,0.000,0.000,0.000,0.000,0.000,0.000,0.000,0.000,0.000,-10.139,7.441,0.000,0.000,0.000,0.013,3.6,11.30,29.0,0.000,0.000,0.000,0.006,0.000,0.000,0.000,0.000,0.006,0.000,0.000,0.000,0.000,0.006,0.013,0.000,0.006,0.000
80.5151,805,0,move,-1,80.5151,80.5378,0,0.000,-0.088,0.176,-0.176,-0.088,0.088,-0.264,-0.088,0.176,0.000,-0.176,-0.088,-0.088,-9.492,7.207,0.000,0.439,0.176,0.000,0.000,0.000,0.000,0.000,0.000,0.000,0.000,0.000,0.000,0.000,0.000,0.000,-11.421,8.375,0.000,0.000,0.000,0.013,4.4,11.30,28.0,0.000,0.000,0.000,0.006,0.000,0.000,0.000,0.000,0.000,0.000,0.000,0.000,0.000,0.013,0.000,0.000,0.006,0.000
80.6053,806,0,move,-1,80.6053,80.6177,0,0.000,-0.088,0.176,-0.176,-0.088,0.088,-0.264,-0.088,0.176,0.000,-0.176,-0.088,-0.088,-10.371,7.910,0.000,0.439,0.176,0.000,0.000,0.000,0.000,0.000,0.000,0.000,0.000,0.000,0.000,0.000,0.000,0.000,-12.756,9.347,0.000,0.000,0.000,0.013,4.4,11.30,28.0,0.000,0.000,0.000,0.006,0.000,0.000,0.000,0.000,0.000,0.000,0.000,0.000,0.000,0.013,0.000,0.000,0.006,0.000
80.7053,807,0,move,-1,80.7053,80.7153,0,0.000,-0.088,0.176,-0.176,-0.088,0.088,-0.264,-0.088,0.176,0.000,-0.176,-0.088,-0.088,-11.602,8.789,0.000,0.439,0.176,0.000,0.000,0.000,0.000,0.000,0.000,0.000,0.000,0.000,0.000,0.000,0.000,0.000,-14.141,10.350,0.000,0.000,0.000,0.019,5.6,11.30,28.0,0.000,0.000,0.000,0.006,0.000,0.000,0.000,0.000,0.006,0.000,0.000,0.000,0.000,0.019,0.013,0.000,0.006,0.006
80.8054,808,0,move,-1,80.8054,80.8179,0,0.000,-0.088,0.176,-0.176,-0.088,0.088,-0.264,-0.088,0.176,0.000,-0.176,-0.088,-0.088,-13.008,9.844,0.000,0.439,0.176,0.000,0.000,0.000,0.000,0.000,0.000,0.000,0.000,0.000,0.000,0.000,0.000,0.000,-15.570,11.382,0.000,0.000,0.000,0.019,5.6,11.30,28.0,0.000,0.000,0.000,0.006,0.000,0.000,0.006,0.000,0.000,0.000,0.000,0.000,0.000,0.019,0.006,0.000,0.013,0.000
80.9053,809,0,move,-1,80.9053,80.9153,0,0.000,-0.088,0.176,-0.176,-0.088,0.088,-0.264,-0.088,0.176,0.000,-0.176,-0.088,-0.088,-14.326,10.898,0.000,0.439,0.176,0.000,0.000,0.000,0.000,0.000,0.000,0.000,0.000,0.000,0.000,0.000,0.000,0.000,-17.038,12.438,0.000,0.000,0.000,0.019,5.6,11.30,28.0,0.000,0.000,0.000,0.006,0.000,0.000,0.006,0.000,0.000,0.000,0.000,0.000,0.000,0.019,0.006,0.000,0.013,0.000
81.0053,810,0,move,-1,81.0053,81.0171,0,0.000,-0.088,0.176,-0.176,-0.088,0.088,-0.264,-0.088,0.176,0.000,-0.176,-0.088,-0.088,-15.820,11.953,0.000,0.439,0.176,0.000,0.000,0.000,0.000,0.000,0.000,0.000,0.000,0.000,0.000,0.000,0.000,0.000,-18.539,13.514,0.000,0.000,0.000,0.013,5.6,11.30,28.0,0.000,0.000,0.000,0.000,0.000,0.000,0.000,0.000,0.000,0.000,0.006,0.000,0.000,0.013,0.006,0.000,0.006,0.000
81.1053,811,0,move,-1,81.1053,81.1153,0,0.000,-0.088,0.176,-0.176,-0.088,0.088,-0.264,-0.088,0.176,0.000,-0.176,-0.088,-0.088,-17.227,13.008,0.000,0.439,0.176,0.000,0.000,0.000,0.000,0.000,0.000,0.000,0.000,0.000,0.000,0.000,0.000,0.000,-20.068,14.603,0.000,0.000,0.000,0.013,5.6,11.30,28.0,0.000,0.000,0.000,0.000,0.000,0.000,0.000,0.000,0.000,0.000,0.006,0.000,0.000,0.013,0.006,0.000,0.006,0.000
81.2054,812,0,move,-1,81.2054,81.2167,0,0.000,-0.088,0.176,-0.176,-0.088,0.088,-0.264,-0.088,0.176,0.000,-0.176,-0.088,-0.088,-18.721,14.062,0.000,0.439,0.176,0.000,0.000,0.000,0.000,0.000,0.000,0.000,0.000,0.000,0.000,0.000,0.000,0.000,-21.620,15.703,0.000,0.000,0.000,0.013,5.6,11.30,29.0,0.000,0.000,0.006,0.000,0.000,0.000,0.006,0.000,0.000,0.000,0.006,0.000,0.000,0.013,0.000,0.000,0.013,0.006
81.3055,813,0,move,-1,81.3055,81.3180,0,0.000,-0.088,0.176,-0.176,-0.088,0.088,-0.264,-0.088,0.176,0.000,-0.176,-0.088,-0.088,-20.215,15.117,0.000,0.439,0.176,0.000,0.000,0.000,0.000,0.000,0.000,0.000,0.000,0.000,0.000,0.000,0.000,0.000,-23.189,16.807,0.000,0.000,0.000,0.013,4.8,11.30,31.0,0.000,0.000,0.000,0.000,0.000,0.000,0.006,0.000,0.000,0.000,0.006,0.000,0.000,0.006,0.000,0.000,0.013,0.000
81.4053,814,0,move,-1,81.4053,81.4172,0,0.000,-0.088,0.176,-0.176,-0.088,0.088,-0.264,-0.088,0.176,0.000,-0.176,-0.088,-0.088,-21.709,16.172,0.000,0.439,0.176,0.000,0.000,0.000,0.000,0.000,0.000,0.000,0.000,0.000,0.000,0.000,0.000,0.000,-24.769,17.912,0.000,0.000,0.000,0.013,4.8,11.30,31.0,0.000,0.000,0.000,0.000,0.000,0.000,0.006,0.000,0.000,0.000,0.006,0.000,0.000,0.006,0.000,0.000,0.013,0.000
81.5053,815,0,move,-1,81.5053,81.5658,0,0.000,-0.088,0.176,-0.176,-0.088,0.088,-0.264,-0.088,0.176,0.000,-0.176,-0.088,-0.088,-23.291,17.402,0.000,0.439,0.176,0.000,0.000,0.000,0.000,0.000,0.000,0.000,0.000,0.000,0.000,0.000,0.000,0.000,-26.354,19.012,0.000,0.000,0.000,0.006,2.4,11.30,32.0,0.000,0.000,0.006,0.006,0.000,0.000,0.006,0.000,0.006,0.000,0.006,0.000,0.000,0.006,0.006,0.000,0.006,0.000
81.6062,816,0,move,-1,81.6062,81.6170,0,0.000,-0.088,0.176,-0.176,-0.088,0.088,-0.264,-0.088,0.176,0.000,-0.176,-0.088,-0.088,-24.785,18.369,0.000,0.439,0.176,0.000,0.000,0.000,0.000,0.000,0.000,0.000,0.000,0.000,0.000,0.000,0.000,0.000,-27.940,20.103,0.000,0.000,0.000,0.006,2.4,11.30,32.0,0.000,0.000,0.006,0.006,0.000,0.000,0.006,0.000,0.006,0.000,0.006,0.000,0.000,0.006,0.006,0.000,0.006,0.000
81.7054,817,0,move,-1,81.7054,81.7172,0,0.000,-0.088,0.176,-0.176,-0.088,0.088,-0.264,-0.088,0.176,0.000,-0.176,-0.088,-0.088,-26.367,19.512,0.000,0.439,0.176,0.000,0.000,0.000,0.000,0.000,0.000,0.000,0.000,0.000,0.000,0.000,0.000,0.000,-29.519,21.181,0.000,0.000,0.000,0.013,5.6,11.30,28.0,0.000,0.000,0.000,0.000,0.000,0.000,0.000,0.000,0.000,0.000,0.000,0.000,0.000,0.013,0.006,0.000,0.006,0.000
81.8053,818,0,move,-1,81.8053,81.8158,0,0.000,-0.088,0.176,-0.176,-0.088,0.088,-0.264,-0.088,0.176,0.000,-0.176,-0.088,-0.088,-27.861,20.566,0.000,0.439,0.176,0.000,0.000,0.000,0.000,0.000,0.000,0.000,0.000,0.000,0.000,0.000,0.000,0.000,-31.087,22.240,0.000,0.000,0.000,0.013,5.6,11.30,28.0,0.000,0.000,0.000,0.000,0.000,0.000,0.000,0.000,0.000,0.000,0.000,0.000,0.000,0.013,0.006,0.000,0.006,0.000
81.9053,819,0,move,-1,81.9053,81.9216,0,0.000,-0.088,0.176,-0.176,-0.088,0.088,-0.264,-0.088,0.176,0.000,-0.176,-0.088,-0.088,-29.531,21.709,0.000,0.439,0.176,0.000,0.000,0.000,0.000,0.000,0.000,0.000,0.000,0.000,0.000,0.000,0.000,0.000,-32.637,23.276,0.000,0.000,0.000,0.013,5.2,11.30,28.0,0.000,0.000,0.000,0.000,0.000,0.000,0.000,0.000,0.000,0.000,0.000,0.000,0.000,0.013,0.006,0.000,0.013,0.000
82.0053,820,0,move,-1,82.0053,82.0176,0,0.000,-0.088,0.176,-0.176,-0.088,0.088,-0.264,-0.088,0.176,0.000,-0.176,-0.088,-0.088,-31.025,22.676,0.000,0.439,0.176,0.000,0.000,0.000,0.000,0.000,0.000,0.000,0.000,0.000,0.000,0.000,0.000,0.000,-34.162,24.285,0.000,0.000,0.000,0.013,5.2,11.30,28.0,0.000,0.000,0.000,0.000,0.000,0.000,0.000,0.000,0.000,0.000,0.000,0.000,0.000,0.013,0.006,0.000,0.013,0.000
82.1055,821,0,move,-1,82.1055,82.1172,0,0.000,-0.088,0.176,-0.176,-0.088,0.088,-0.264,-0.088,0.176,0.000,-0.176,-0.088,-0.088,-32.607,23.730,0.000,0.439,0.176,0.000,0.000,0.000,0.000,0.000,0.000,0.000,0.000,0.000,0.000,0.000,0.000,0.000,-35.658,25.263,0.000,0.000,0.000,0.019,5.2,11.30,29.0,0.000,0.000,0.000,0.000,0.000,0.000,0.006,0.000,0.000,0.000,0.006,0.000,0.000,,0.019,0.000,0.006,0.000
82.2054,822,0,move,-1,82.2054,82.2167,0,0.000,-0.088,0.176,-0.176,-0.088,0.088,-0.264,-0.088,0.176,0.000,-0.176,-0.088,-0.088,-34.102,24.697,0.000,0.439,0.176,0.000,0.000,0.000,0.000,0.000,0.000,0.000,0.000,0.000,0.000,0.000,0.000,0.000,-37.119,26.207,0.000,0.000,0.000,0.019,5.2,11.30,29.0,0.000,0.000,0.000,0.000,0.000,0.000,0.006,0.000,0.000,0.000,0.006,0.000,0.000,,0.019,0.000,0.006,0.000
82.3054,823,0,move,-1,82.3054,82.3171,0,0.000,-0.088,0.176,-0.176,-0.088,0.088,-0.264,-0.088,0.176,0.000,-0.176,-0.088,-0.088,-35.596,25.752,0.000,0.439,0.176,0.000,0.000,0.000,0.000,0.000,0.000,0.000,0.000,0.000,0.000,0.000,0.000,0.000,-38.538,27.112,0.000,0.000,0.000,0.019,6.8,11.30,28.0,0.000,0.000,0.000,0.000,0.000,0.000,0.000,0.000,0.000,0.000,0.006,0.000,0.000,0.019,0.006,0.000,0.006,0.000
82.4108,824,0,move,-1,82.4108,82.4323,0,0.000,-0.088,0.176,-0.176,-0.088,0.088,-0.264,-0.088,0.176,0.000,-0.176,-0.088,-0.088,-37.090,26.719,0.000,0.439,0.176,0.000,0.000,0.000,0.000,0.000,0.000,0.000,0.000,0.000,0.000,0.000,0.000,0.000,-39.910,27.976,0.000,0.000,0.000,0.033,8.4,11.30,28.0,0.000,0.000,0.006,0.000,0.000,0.000,0.000,0.000,0.006,0.000,0.000,0.000,0.000,0.033,0.006,0.000,0.006,0.006
82.5054,825,0,move,-1,82.5054,82.5183,0,0.000,-0.088,0.176,-0.176,-0.088,0.088,-0.264,-0.088,0.176,0.000,-0.176,-0.088,-0.088,-38.145,27.510,0.000,0.439,0.176,0.000,0.000,0.000,0.000,0.000,0.000,0.000,0.000,0.000,0.000,0.000,0.000,0.000,-41.228,28.795,0.000,0.000,0.000,0.033,8.4,11.30,28.0,0.000,0.000,0.006,0.000,0.000,0.000,0.000,0.000,0.006,0.000,0.000,0.000,0.000,0.033,0.006,0.000,0.006,0.006
82.6054,826,0,move,-1,82.6054,82.6159,0,0.000,-0.088,0.176,-0.176,-0.088,0.088,-0.264,-0.088,0.176,0.000,-0.176,-0.088,-0.088,-39.375,28.389,0.000,0.439,0.176,0.000,0.000,0.000,0.000,0.000,0.000,0.000,0.000,0.000,0.000,0.000,0.000,0.000,-42.487,29.567,0.000,0.000,0.000,0.084,11.6,11.30,28.0,0.000,0.000,0.000,0.006,0.000,0.000,0.006,0.000,0.000,0.000,0.000,0.000,0.000,0.084,0.006,0.000,0.006,0.000
82.7053,827,0,move,-1,82.7053,82.7188,0,0.000,-0.088,0.176,-0.176,-0.088,0.088,-0.264,-0.088,0.176,0.000,-0.176,-0.088,-0.088,-40.693,29.180,0.000,0.439,0.176,0.000,0.000,0.000,0.000,0.000,0.000,0.000,0.000,0.000,0.000,0.000,0.000,0.000,-43.680,30.289,0.000,0.000,0.000,0.065,12.0,11.30,28.0,0.000,0.000,0.000,0.000,0.000,0.000,0.000,0.000,0.000,0.000,0.006,0.000,0.000,0.065,0.013,0.000,0.006,0.000
82.8054,828,0,move,-1,82.8054,82.8169,0,0.000,-0.088,0.176,-0.176,-0.088,0.088,-0.264,-0.088,0.176,0.000,-0.176,-0.088,-0.088,-41.748,29.971,0.000,0.439,0.176,0.000,0.000,0.000,0.000,0.000,0.000,0.000,0.000,0.000,0.000,0.000,0.000,0.000,-44.803,30.959,0.000,0.000,0.000,0.065,12.0,11.30,28.0,0.000,0.000,0.000,0.000,0.000,0.000,0.000,0.000,0.000,0.000,0.006,0.000,0.000,0.065,0.013,0.000,0.006,0.000
82.9064,829,0,move,-1,82.9064,83.0206,0,0.000,-0.088,0.176,-0.176,-0.088,0.088,-0.264,-0.088,0.176,0.000,-0.176,-0.088,-0.088,-43.682,31.113,0.000,0.439,0.176,0.000,0.000,0.000,0.000,0.000,0.000,0.000,0.000,0.000,0.000,0.000,0.000,0.000,-45.851,31.576,0.000,0.000,0.000,0.130,15.6,11.20,28.0,0.000,0.000,0.000,0.006,0.000,0.000,0.000,0.000,0.000,0.000,0.000,0.000,0.000,0.130,0.000,0.000,0.006,0.006
83.0321,830,0,move,-1,83.0321,83.0389,0,0.000,-0.088,0.176,-0.176,-0.088,0.088,-0.264,-0.088,0.176,0.000,-0.176,-0.088,-0.088,-43.770,31.113,0.000,0.439,0.176,0.000,0.000,0.000,0.000,0.000,0.000,0.000,0.000,0.000,0.000,0.000,0.000,0.000,-46.816,32.136,0.000,0.000,0.000,0.130,15.6,11.20,28.0,0.000,0.000,0.000,0.006,0.000,0.000,0.000,0.000,0.000,0.000,0.000,0.000,0.000,0.130,0.000,0.000,0.006,0.006
83.1170,831,0,move,-1,83.1170,83.1412,0,0.000,-0.088,0.176,-0.176,-0.088,0.088,-0.264,-0.088,0.176,0.000,-0.176,-0.088,-0.088,-45.088,31.992,0.000,0.439,0.176,0.000,0.000,0.000,0.000,0.000,0.000,0.000,0.000,0.000,0.000,0.000,0.000,0.000,-47.696,32.641,0.000,0.000,0.000,0.130,14.0,11.30,28.0,0.000,0.000,0.000,0.000,0.000,0.000,0.000,0.000,0.000,0.000,0.006,0.000,0.000,0.130,0.006,0.000,0.013,0.006
83.2053,832,0,move,-1,83.2053,83.2154,0,0.000,-0.088,0.176,-0.176,-0.088,0.088,-0.264,-0.088,0.176,0.000,-0.176,-0.088,-0.088,-45.615,32.344,0.000,0.439,0.176,0.000,0.000,0.000,0.000,0.000,0.000,0.000,0.000,0.000,0.000,0.000,0.000,0.000,-48.483,33.087,0.000,0.000,0.000,0.130,14.0,11.30,28.0,0.000,0.000,0.000,0.000,0.000,0.000,0.000,0.000,0.000,0.000,0.006,0.000,0.000,0.130,0.006,0.000,0.013,0.006
83.3054,833,0,move,-1,83.3054,83.3169,0,0.000,-0.088,0.176,-0.176,-0.088,0.088,-0.264,-0.088,0.176,0.000,-0.176,-0.088,-0.088,-46.934,32.871,0.000,0.439,0.176,0.000,0.000,0.000,0.000,0.000,0.000,0.000,0.000,0.000,0.000,0.000,0.000,0.000,-49.176,33.476,0.000,0.000,0.000,0.149,15.2,11.30,29.0,0.000,0.000,0.000,0.000,0.000,0.000,0.000,0.000,0.000,0.000,0.000,0.000,0.000,0.149,0.006,0.000,0.006,0.000
83.4196,834,0,move,-1,83.4196,83.4415,0,0.000,-0.088,0.176,-0.176,-0.088,0.088,-0.264,-0.088,0.176,0.000,-0.176,-0.088,-0.088,-47.900,33.398,0.000,0.439,0.176,0.000,0.000,0.000,0.000,0.000,0.000,0.000,0.000,0.000,0.000,0.000,0.000,0.000,-49.769,33.806,0.000,0.000,0.000,0.117,12.4,11.30,28.0,0.000,0.000,0.000,0.006,0.000,0.000,0.006,0.000,0.006,0.000,0.006,0.000,0.000,0.117,0.000,0.000,0.006,0.006
83.5053,835,0,move,-1,83.5053,83.5149,0,0.000,-0.088,0.176,-0.176,-0.088,0.088,-0.264,-0.088,0.176,0.000,-0.176,-0.088,-0.088,-48.340,33.750,0.000,0.439,0.176,0.000,0.000,0.000,0.000,0.000,0.000,0.000,0.000,0.000,0.000,0.000,0.000,0.000,-50.260,34.076,0.000,0.000,0.000,0.117,12.4,11.30,28.0,0.000,0.000,0.000,0.006,0.000,0.000,0.006,0.000,0.006,0.000,0.006,0.000,0.000,0.117,0.000,0.000,0.006,0.006
83.6055,836,0,move,-1,83.6055,83.6168,0,0.000,-0.088,0.176,-0.176,-0.088,0.088,-0.264,-0.088,0.176,0.000,-0.176,-0.088,-0.088,-49.043,34.014,0.000,0.439,0.176,0.000,0.000,0.000,0.000,0.000,0.000,0.000,0.000,0.000,0.000,0.000,0.000,0.000,-50.644,34.286,0.000,0.000,0.000,0.136,12.8,11.30,28.0,0.000,,0.000,0.000,0.000,0.000,0.006,0.000,0.006,0.000,0.000,0.000,0.000,0.136,0.006,0.000,0.006,0.000
83.7053,837,0,move,-1,83.7053,83.7185,0,0.000,-0.088,0.176,-0.176,-0.088,0.088,-0.264,-0.088,0.176,0.000,-0.176,-0.088,-0.088,-49.482,34.189,0.000,0.439,0.176,0.000,0.000,0.000,0.000,0.000,0.000,0.000,0.000,0.000,0.000,0.000,0.000,0.000,-50.920,34.437,0.000,0.000,0.000,0.123,12.8,11.30,29.0,0.000,0.000,0.000,0.006,0.000,0.000,0.006,0.000,0.006,0.000,0.000,0.000,0.000,0.123,0.013,0.000,0.006,0.006
83.8054,838,0,move,-1,83.8054,83.8165,0,0.000,-0.088,0.176,-0.176,-0.088,0.088,-0.264,-0.088,0.176,0.000,-0.176,-0.088,-0.088,-49.834,34.365,0.000,0.439,0.176,0.000,0.000,0.000,0.000,0.000,0.000,0.000,0.000,0.000,0.000,0.000,0.000,0.000,-51.087,34.527,0.000,0.000,0.000,0.123,12.8,11.30,29.0,0.000,0.000,0.000,0.006,0.000,0.000,0.006,0.000,0.006,0.000,0.000,0.000,0.000,0.123,0.013,0.000,0.006,0.006
83.9053,839,0,move,-1,83.9053,83.9179,0,0.000,-0.088,0.176,-0.176,-0.088,0.088,-0.264,-0.088,0.176,0.000,-0.176,-0.088,-0.088,-50.010,34.541,0.000,0.439,0.176,0.000,0.000,0.000,0.000,0.000,0.000,0.000,0.000,0.000,0.000,0.000,0.000,0.000,-51.143,34.557,0.000,0.000,0.000,0.091,10.4,11.30,28.0,0.000,0.000,0.000,0.006,0.000,0.000,0.006,0.000,0.006,0.000,0.000,0.000,0.000,0.091,0.000,0.000,0.013,0.000
84.0053,840,0,move,-1,84.0053,84.0162,0,0.000,-0.088,0.176,-0.176,-0.088,0.088,-0.264,-0.088,0.176,0.000,-0.176,-0.088,-0.088,-50.010,34.541,0.000,0.439,0.176,0.000,0.000,0.000,0.000,0.000,0.000,0.000,0.000,0.000,0.000,0.000,0.000,0.000,-51.143,34.557,0.000,0.000,0.000,0.091,10.4,11.30,28.0,0.000,0.000,0.000,0.006,0.000,0.000,0.006,0.000,0.006,0.000,0.000,0.000,0.000,0.091,0.000,0.000,0.013,0.000
84.1053,841,0,move,-1,84.1053,84.1173,0,0.000,-0.088,0.176,-0.176,-0.088,0.088,-0.264,-0.088,0.176,0.000,-0.176,-0.088,-0.088,-50.010,34.541,0.000,0.439,0.176,0.000,0.000,0.000,0.000,0.000,0.000,0.000,0.000,0.000,0.000,0.000,0.000,0.000,-51.143,34.557,0.000,0.000,0.000,0.104,11.2,11.30,28.0,0.000,0.000,0.000,0.006,0.000,0.000,0.000,0.000,0.006,0.000,0.006,0.000,0.000,0.104,0.000,0.000,0.006,0.000
84.2053,842,0,move,-1,84.2053,84.2160,0,0.000,-0.088,0.176,-0.176,-0.088,0.088,-0.264,-0.088,0.176,0.000,-0.176,-0.088,-0.088,-50.010,34.541,0.000,0.439,0.176,0.000,0.000,0.000,0.000,0.000,0.000,0.000,0.000,0.000,0.000,0.000,0.000,0.000,-51.143,34.557,0.000,0.000,0.000,0.104,11.2,11.30,28.0,0.000,0.000,0.000,0.006,0.000,0.000,0.000,0.000,0.006,0.000,0.006,0.000,0.000,0.104,0.000,0.000,0.006,0.000
84.3054,843,0,move,-1,84.3054,84.3165,0,0.000,-0.088,0.176,-0.176,-0.088,0.088,-0.264,-0.088,0.176,0.000,-0.176,-0.088,-0.088,-50.186,34.541,0.000,0.439,0.176,0.000,0.000,0.000,0.000,0.000,0.000,0.000,0.000,0.000,0.000,0.000,0.000,0.000,-51.143,34.557,0.000,0.000,0.000,0.078,10.0,11.30,28.0,0.000,0.000,0.000,0.000,0.000,0.000,0.000,0.000,0.000,0.000,0.000,0.000,0.000,0.078,0.000,0.000,0.006,0.006
84.4054,844,0,move,-1,84.4054,84.4155,0,0.000,-0.088,0.176,-0.176,-0.088,0.088,-0.264,-0.088,0.176,0.000,-0.176,-0.088,-0.088,-50.186,34.541,0.000,0.439,0.176,0.000,0.000,0.000,0.000,0.000,0.000,0.000,0.000,0.000,0.000,0.000,0.000,0.000,-51.143,34.557,0.000,0.000,0.000,0.078,10.0,11.30,28.0,0.000,0.000,0.000,0.000,0.000,0.000,0.000,0.000,0.000,0.000,0.000,0.000,0.000,0.078,0.000,0.000,0.006,0.006
84.5053,845,0,move,-1,84.5053,84.5372,0,0.000,-0.088,0.176,-0.176,-0.088,0.088,-0.264,-0.088,0.176,0.000,-0.176,-0.088,-0.088,-50.273,34.541,0.000,0.439,0.176,0.000,0.000,0.000,0.000,0.000,0.000,0.000,0.000,0.000,0.000,0.000,0.000,0.000,-51.143,34.557,0.000,0.000,0.000,0.058,8.8,11.30,28.0,0.000,0.000,0.000,0.000,0.000,0.000,0.006,0.000,0.000,0.000,0.000,0.000,0.000,0.058,0.000,0.000,0.006,0.006
84.6123,846,0,move,-1,84.6123,84.6390,0,0.000,-0.088,0.176,-0.176,-0.088,0.088,-0.264,-0.088,0.176,0.000,-0.176,-0.088,-0.088,-50.273,34.541,0.000,0.439,0.176,0.000,0.000,0.000,0.000,0.000,0.000,0.000,0.000,0.000,0.000,0.000,0.000,0.000,-51.143,34.557,0.000,0.000,0.000,0.058,8.8,11.30,28.0,0.000,0.000,0.006,0.006,0.000,0.000,0.000,0.000,0.000,0.000,0.006,0.000,0.000,0.058,0.000,0.000,0.006,0.000
84.7055,847,0,move,-1,84.7055,84.7172,0,0.000,-0.088,0.176,-0.176,-0.088,0.088,-0.264,-0.088,0.176,0.000,-0.176,-0.088,-0.088,-50.273,34.541,0.000,0.439,0.176,0.000,0.000,0.000,0.000,0.000,0.000,0.000,0.000,0.000,0.000,0.000,0.000,0.000,-51.143,34.557,0.000,0.000,0.000,0.058,8.8,11.30,28.0,0.000,0.000,0.006,0.006,0.000,0.000,0.000,0.000,0.000,0.000,0.006,0.000,0.000,0.058,0.000,0.000,0.006,0.000
84.8053,848,0,move,-1,84.8053,84.8163,0,0.000,-0.088,0.176,-0.176,-0.088,0.088,-0.264,-0.088,0.176,0.000,-0.176,-0.088,-0.088,-50.361,34.541,0.000,0.439,0.176,0.000,0.000,0.000,0.000,0.000,0.000,0.000,0.000,0.000,0.000,0.000,0.000,0.000,-51.143,34.557,0.000,0.000,0.000,0.045,8.8,11.30,28.0,0.000,0.000,0.006,0.000,0.000,0.000,0.006,0.000,0.000,0.000,0.000,0.000,0.000,0.045,0.000,0.000,0.013,0.006
84.9054,849,0,move,-1,84.9054,84.9213,0,0.000,-0.088,0.176,-0.176,-0.088,0.088,-0.264,-0.088,0.176,0.000,-0.176,-0.088,-0.088,-50.361,34.541,0.000,0.439,0.176,0.000,0.000,0.000,0.000,0.000,0.000,0.000,0.000,0.000,0.000,0.000,0.000,0.000,-51.143,34.557,0.000,0.000,0.000,0.052,8.0,11.30,28.0,0.000,0.000,0.000,0.000,0.000,0.000,,0.000,0.000,0.000,0.000,0.000,0.000,0.052,0.000,0.000,0.006,0.006
85.0057,850,0,move,-1,85.0057,85.0165,0,0.000,-0.088,0.176,-0.176,-0.088,0.088,-0.264,-0.088,0.176,0.000,-0.176,-0.088,-0.088,-50.361,34.541,0.000,0.439,0.176,0.000,0.000,0.000,0.000,0.000,0.000,0.000,0.000,0.000,0.000,0.000,0.000,0.000,-51.143,34.557,0.000,0.000,0.000,0.052,8.0,11.30,28.0,0.000,0.000,0.000,0.000,0.000,0.000,,0.000,0.000,0.000,0.000,0.000,0.000,0.052,0.000,0.000,0.006,0.006
85.1055,851,0,move,-1,85.1055,85.1191,0,0.000,-0.088,0.176,-0.176,-0.088,0.088,-0.264,-0.088,0.176,0.000,-0.176,-0.088,-0.088,-50.361,34.541,0.000,0.439,0.176,0.000,0.000,0.000,0.000,0.000,0.000,0.000,0.000,0.000,0.000,0.000,0.000,0.000,-51.143,34.557,0.000,0.000,0.000,0.039,8.0,11.30,28.0,0.000,0.000,0.000,0.006,0.000,0.000,0.006,0.000,0.000,0.000,0.000,0.000,0.000,0.039,0.000,0.000,0.006,0.006
85.2054,852,0,move,-1,85.2054,85.2166,0,0.000,-0.088,0.176,-0.176,-0.088,0.088,-0.264,-0.088,0.176,0.000,-0.176,-0.088,-0.088,-50.361,34.541,0.000,0.439,0.176,0.000,0.000,0.000,0.000,0.000,0.000,0.000,0.000,0.000,0.000,0.000,0.000,0.000,-51.143,34.557,0.000,0.000,0.000,0.039,8.0,11.30,28.0,0.000,0.000,0.000,0.006,0.000,0.000,0.006,0.000,0.000,0.000,0.000,0.000,0.000,0.039,0.000,0.000,0.006,0.006
85.3054,853,0,move,-1,85.3054,85.3172,0,0.000,-0.088,0.176,-0.176,-0.088,0.088,-0.264,-0.088,0.176,0.000,-0.176,-0.088,-0.088,-50.361,34.541,0.000,0.439,0.176,0.000,0.000,0.000,0.000,0.000,0.000,0.000,0.000,0.000,0.000,0.000,0.000,0.000,-51.143,34.557,0.000,0.000,0.000,0.039,8.0,11.30,28.0,0.000,0.000,0.000,0.000,0.000,0.000,0.000,0.000,0.006,0.000,0.000,0.000,0.000,0.039,0.000,0.000,0.006,0.000
85.4053,854,0,move,-1,85.4053,85.4264,0,0.000,-0.088,0.176,-0.176,-0.088,0.088,-0.264,-0.088,0.176,0.000,-0.176,-0.088,-0.088,-50.361,34.541,0.000,0.439,0.176,0.000,0.000,0.000,0.000,0.000,0.000,0.000,0.000,0.000,0.000,0.000,0.000,0.000,-51.143,34.557,0.000,0.000,0.000,0.039,8.0,11.30,29.0,0.000,0.000,0.000,0.000,0.000,0.000,0.006,0.000,0.006,0.000,0.006,0.000,0.000,0.039,0.000,0.000,0.006,0.006
85.5074,855,0,move,-1,85.5074,85.5140,0,0.000,-0.088,0.176,-0.176,-0.088,0.088,-0.264,-0.088,0.176,0.000,-0.176,-0.088,-0.088,-50.273,34.541,0.000,0.439,0.176,0.000,0.000,0.000,0.000,0.000,0.000,0.000,0.000,0.000,0.000,0.000,0.000,0.000,-51.143,34.557,0.000,0.000,0.000,0.039,8.0,11.30,29.0,0.000,0.000,0.000,0.000,0.000,0.000,0.006,0.000,0.006,0.000,0.006,0.000,0.000,0.039,0.000,0.000,0.006,0.006
85.6055,856,0,move,-1,85.6055,85.6160,0,0.000,-0.088,0.176,-0.176,-0.088,0.088,-0.264,-0.088,0.176,0.000,-0.176,-0.088,-0.088,-50.273,34.541,0.000,0.439,0.176,0.000,0.000,0.000,0.000,0.000,0.000,0.000,0.000,0.000,0.000,0.000,0.000,0.000,-51.143,34.557,0.000,0.000,0.000,0.065,8.8,11.30,28.0,0.000,0.000,0.000,0.006,0.000,0.000,0.006,0.000,0.000,0.000,0.000,0.000,0.000,0.065,0.000,0.000,0.006,0.000
85.7053,857,0,move,-1,85.7053,85.7188,0,0.000,-0.088,0.176,-0.176,-0.088,0.088,-0.264,-0.088,0.176,0.000,-0.176,-0.088,-0.088,-50.273,34.541,0.000,0.439,0.176,0.000,0.000,0.000,0.000,0.000,0.000,0.000,0.000,0.000,0.000,0.000,0.000,0.000,-51.143,34.557,0.000,0.000,0.000,0.058,8.8,11.30,29.0,0.000,0.000,0.000,0.006,0.000,0.000,0.006,0.000,0.000,0.000,0.006,0.000,0.000,0.058,0.000,0.000,0.013,0.000
85.8053,858,0,move,-1,85.8053,85.8162,0,0.000,-0.088,0.176,-0.176,-0.088,0.088,-0.264,-0.088,0.176,0.000,-0.176,-0.088,-0.088,-50.273,34.541,0.000,0.439,0.176,0.000,0.000,0.000,0.000,0.000,0.000,0.000,0.000,0.000,0.000,0.000,0.000,0.000,-51.143,34.557,0.000,0.000,0.000,0.058,8.8,11.30,29.0,0.000,0.000,0.000,0.006,0.000,0.000,0.006,0.000,0.000,0.000,0.006,0.000,0.000,0.058,0.000,0.000,0.013,0.000
85.9053,859,0,move,-1,85.9053,85.9175,0,0.000,-0.088,0.176,-0.176,-0.088,0.088,-0.264,-0.088,0.176,0.000,-0.176,-0.088,-0.088,-50.273,34.541,0.000,0.439,0.176,0.000,0.000,0.000,0.000,0.000,0.000,0.000,0.000,0.000,0.000,0.000,0.000,0.000,-51.143,34.557,0.000,0.000,0.000,0.065,8.8,11.30,28.0,0.006,0.000,0.000,0.000,0.000,0.000,0.006,0.000,0.006,0.000,0.000,0.000,0.000,0.065,0.000,0.000,0.006,0.000
86.0057,860,0,move,-1,86.0057,86.0159,0,0.000,-0.088,0.176,-0.176,-0.088,0.088,-0.264,-0.088,0.176,0.000,-0.176,-0.088,-0.088,-50.273,34.541,0.000,0.439,0.176,0.000,0.000,0.000,0.000,0.000,0.000,0.000,0.000,0.000,0.000,0.000,0.000,0.000,-51.143,34.557,0.000,0.000,0.000,0.065,8.8,11.30,28.0,0.006,0.000,0.000,0.000,0.000,0.000,0.006,0.000,0.006,0.000,0.000,0.000,0.000,0.065,0.000,0.000,0.006,0.000
86.1137,861,0,move,-1,86.1137,86.1271,0,0.000,-0.088,0.176,-0.176,-0.088,0.088,-0.264,-0.088,0.176,0.000,-0.176,-0.088,-0.088,-50.273,34.541,0.000,0.439,0.176,0.000,0.000,0.000,0.000,0.000,0.000,0.000,0.000,0.000,0.000,0.000,0.000,0.000,-51.143,34.557,0.000,0.000,0.000,0.065,8.8,11.30,28.0,0.000,0.000,0.000,0.006,0.000,0.000,0.000,0.000,0.000,0.000,0.006,0.000,0.000,0.065,0.000,0.000,0.013,0.000
86.2104,862,0,move,-1,86.2104,86.2522,0,0.000,-0.088,0.176,-0.176,-0.088,0.088,-0.264,-0.088,0.176,0.000,-0.176,-0.088,-0.088,-50.273,34.541,0.000,0.439,0.176,0.000,0.000,0.000,0.000,0.000,0.000,0.000,0.000,0.000,0.000,0.000,0.000,0.000,-51.143,34.557,0.000,0.000,0.000,0.058,8.8,11.30,28.0,0.000,0.000,0.000,0.000,0.000,0.000,0.000,0.000,0.000,0.000,0.000,0.000,0.000,0.058,0.000,0.000,0.006,0.000
86.3053,863,0,move,-1,86.3053,86.3159,0,0.000,-0.088,0.176,-0.176,-0.088,0.088,-0.264,-0.088,0.176,0.000,-0.176,-0.088,-0.088,-50.273,34.541,0.000,0.439,0.176,0.000,0.000,0.000,0.000,0.000,0.000,0.000,0.000,0.000,0.000,0.000,0.000,0.000,-51.143,34.557,0.000,0.000,0.000,0.058,8.8,11.30,28.0,0.000,0.000,0.000,0.000,0.000,0.000,0.000,0.000,0.000,0.000,0.000,0.000,0.000,0.058,0.000,0.000,0.006,0.000
86.4054,864,0,move,-1,86.4054,86.4173,0,0.000,-0.088,0.176,-0.176,-0.088,0.088,-0.264,-0.088,0.176,0.000,-0.176,-0.088,-0.088,-50.273,34.541,0.000,0.439,0.176,0.000,0.000,0.000,0.000,0.000,0.000,0.000,0.000,0.000,0.000,0.000,0.000,0.000,-51.143,34.557,0.000,0.000,0.000,0.045,8.8,11.30,28.0,0.000,0.000,0.000,0.000,0.000,0.000,0.006,0.000,0.006,0.000,0.000,0.000,0.000,0.045,0.000,0.000,0.013,0.000
86.5055,865,0,move,-1,86.5055,86.5174,0,0.000,-0.088,0.176,-0.176,-0.088,0.088,-0.264,-0.088,0.176,0.000,-0.176,-0.088,-0.088,-50.273,34.541,0.000,0.439,0.176,0.000,0.000,0.000,0.000,0.000,0.000,0.000,0.000,0.000,0.000,0.000,0.000,0.000,-51.143,34.557,0.000,0.000,0.000,0.058,8.8,11.30,28.0,0.000,0.000,,0.000,0.000,0.000,0.000,0.000,0.000,0.000,0.000,0.000,0.000,0.058,0.000,0.000,0.006,0.000
86.6054,866,0,move,-1,86.6054,86.6162,0,0.000,-0.088,0.176,-0.176,-0.088,0.088,-0.264,-0.088,0.176,0.000,-0.176,-0.088,-0.088,-50.273,34.541,0.000,0.439,0.176,0.000,0.000,0.000,0.000,0.000,0.000,0.000,0.000,0.000,0.000,0.000,0.000,0.000,-51.143,34.557,0.000,0.000,0.000,0.058,8.8,11.30,28.0,0.000,0.000,,0.000,0.000,0.000,0.000,0.000,0.000,0.000,0.000,0.000,0.000,0.058,0.000,0.000,0.006,0.000
86.7053,867,0,move,-1,86.7053,86.7170,0,0.000,-0.088,0.176,-0.176,-0.088,0.088,-0.264,-0.088,0.176,0.000,-0.176,-0.088,-0.088,-50.273,34.541,0.000,0.439,0.176,0.000,0.000,0.000,0.000,0.000,0.000,0.000,0.000,0.000,0.000,0.000,0.000,0.000,-51.143,34.557,0.000,0.000,0.000,0.052,8.8,11.30,28.0,0.000,0.000,0.006,0.000,0.000,0.000,0.000,0.000,0.006,0.000,0.006,0.000,0.000,0.052,0.000,0.000,0.006,0.006
86.8053,868,0,move,-1,86.8053,86.8159,0,0.000,-0.088,0.176,-0.176,-0.088,0.088,-0.264,-0.088,0.176,0.000,-0.176,-0.088,-0.088,-50.273,34.541,0.000,0.439,0.176,0.000,0.000,0.000,0.000,0.000,0.000,0.000,0.000,0.000,0.000,0.000,0.000,0.000,-51.143,34.557,0.000,0.000,0.000,0.052,8.8,11.30,28.0,0.000,0.000,0.006,0.000,0.000,0.000,0.000,0.000,0.006,0.000,0.006,0.000,0.000,0.052,0.000,0.000,0.006,0.006
86.9053,869,0,move,-1,86.9053,86.9114,0,0.000,-0.088,0.176,-0.176,-0.088,0.088,-0.264,-0.088,0.176,0.000,-0.176,-0.088,-0.088,-50.273,34.541,0.000,0.439,0.176,0.000,0.000,0.000,0.000,0.000,0.000,0.000,0.000,0.000,0.000,0.000,0.000,0.000,-51.143,34.557,0.000,0.000,0.000,0.065,8.8,11.30,28.0,0.000,0.000,0.000,0.006,0.000,0.000,0.006,0.000,0.006,0.000,0.006,0.000,0.000,0.065,0.000,0.000,0.006,0.000
87.0055,870,0,move,-1,87.0055,87.0164,0,0.000,-0.088,0.176,-0.176,-0.088,0.088,-0.264,-0.088,0.176,0.000,-0.176,-0.088,-0.088,-50.273,34.541,0.000,0.439,0.176,0.000,0.000,0.000,0.000,0.000,0.000,0.000,0.000,0.000,0.000,0.000,0.000,0.000,-51.143,34.557,0.000,0.000,0.000,0.065,8.8,11.30,29.0,0.000,0.000,0.000,0.006,0.000,0.000,0.006,0.000,0.000,0.000,0.000,0.000,0.000,0.065,0.000,0.000,0.006,0.000
87.1055,871,0,move,-1,87.1055,87.1187,0,0.000,-0.088,0.176,-0.176,-0.088,0.088,-0.264,-0.088,0.176,0.000,-0.176,-0.088,-0.088,-50.273,34.541,0.000,0.439,0.176,0.000,0.000,0.000,0.000,0.000,0.000,0.000,0.000,0.000,0.000,0.000,0.000,0.000,-51.143,34.557,0.000,0.000,0.000,0.058,8.8,11.30,28.0,0.000,0.000,0.006,0.000,0.000,0.000,0.000,0.000,0.006,0.000,0.000,0.000,0.000,0.058,0.000,0.000,0.013,0.006
87.2053,872,0,move,-1,87.2053,87.3574,0,0.000,-0.088,0.176,-0.176,-0.088,0.088,-0.264,-0.088,0.176,0.000,-0.176,-0.088,-0.088,-50.273,34.541,0.000,0.439,0.176,0.000,0.000,0.000,0.000,0.000,0.000,0.000,0.000,0.000,0.000,0.000,0.000,0.000,-51.143,34.557,0.000,0.000,0.000,0.052,8.8,11.30,28.0,0.000,0.000,0.000,0.000,0.000,0.000,0.006,0.000,0.000,0.000,0.000,0.000,0.000,0.052,0.000,0.000,0.006,0.000
87.3883,873,0,move,-1,87.3883,87.4003,1,0.000,-0.088,0.176,-0.176,-0.088,0.088,-0.264,-0.088,0.176,0.000,-0.176,-0.088,-0.088,-50.273,34.541,0.000,0.439,0.176,0.000,0.000,0.000,0.000,0.000,0.000,0.000,0.000,0.000,0.000,0.000,0.000,0.000,-51.143,34.557,0.000,0.000,0.000,0.052,8.8,11.30,28.0,0.000,0.000,0.000,0.000,0.000,0.000,0.006,0.000,0.000,0.000,0.000,0.000,0.000,0.052,0.000,0.000,0.006,0.000
87.4053,874,0,move,-1,87.4053,87.4162,0,0.000,-0.088,0.176,-0.176,-0.088,0.088,-0.264,-0.088,0.176,0.000,-0.176,-0.088,-0.088,-50.273,34.541,0.000,0.439,0.176,0.000,0.000,0.000,0.000,0.000,0.000,0.000,0.000,0.000,0.000,0.000,0.000,0.000,-51.143,34.557,0.000,0.000,0.000,0.052,8.8,11.30,28.0,0.000,0.000,0.000,0.000,0.000,0.000,0.006,0.000,0.000,0.000,0.000,0.000,0.000,0.052,0.000,0.000,0.006,0.000
87.5053,875,0,move,-1,87.5053,87.5157,0,0.000,-0.088,0.176,-0.176,-0.088,0.088,-0.264,-0.088,0.176,0.000,-0.176,-0.088,-0.088,-50.273,34.541,0.000,0.439,0.176,0.000,0.000,0.000,0.000,0.000,0.000,0.000,0.000,0.000,0.000,0.000,0.000,0.000,-51.143,34.557,0.000,0.000,0.000,0.058,8.8,11.30,28.0,0.000,0.000,0.000,0.000,0.000,0.000,0.000,0.000,0.000,0.000,0.006,0.000,0.000,0.058,0.000,0.000,0.006,0.000
87.6152,876,0,move,-1,87.6152,87.6266,0,0.000,-0.088,0.176,-0.176,-0.088,0.088,-0.264,-0.088,0.176,0.000,-0.176,-0.088,-0.088,-50.273,34.541,0.000,0.439,0.176,0.000,0.000,0.000,0.000,0.000,0.000,0.000,0.000,0.000,0.000,0.000,0.000,0.000,-51.143,34.557,0.000,0.000,0.000,0.065,8.8,11.30,28.0,0.000,0.000,0.000,0.000,0.000,0.000,0.006,0.000,0.000,0.000,0.000,0.000,0.000,0.065,0.000,0.000,0.006,0.000
87.7055,877,0,move,-1,87.7055,87.7192,0,0.000,-0.088,0.176,-0.176,-0.088,0.088,-0.264,-0.088,0.176,0.000,-0.176,-0.088,-0.088,-50.273,34.541,0.000,0.439,0.176,0.000,0.000,0.000,0.000,0.000,0.000,0.000,0.000,0.000,0.000,0.000,0.000,0.000,-51.143,34.557,0.000,0.000,0.000,0.065,8.8,11.30,28.0,0.000,0.000,0.000,0.000,0.000,0.000,0.006,0.000,0.000,0.000,0.000,0.000,0.000,0.065,0.000,0.000,0.006,0.000
87.8055,878,0,move,-1,87.8055,87.8154,0,0.000,-0.088,0.176,-0.176,-0.088,0.088,-0.264,-0.088,0.176,0.000,-0.176,-0.088,-0.088,-50.273,34.541,0.000,0.439,0.176,0.000,0.000,0.000,0.000,0.000,0.000,0.000,0.000,0.000,0.000,0.000,0.000,0.000,-51.143,34.557,0.000,0.000,0.000,0.052,8.8,11.30,28.0,0.000,0.000,0.000,0.006,0.000,0.000,0.006,0.000,0.000,0.000,0.000,0.000,0.000,0.052,0.000,0.000,0.013,0.000
87.9054,879,0,move,-1,87.9054,87.9156,0,0.000,-0.088,0.176,-0.176,-0.088,0.088,-0.264,-0.088,0.176,0.000,-0.176,-0.088,-0.088,-50.273,34.541,0.000,0.439,0.176,0.000,0.000,0.000,0.000,0.000,0.000,0.000,0.000,0.000,0.000,0.000,0.000,0.000,-51.143,34.557,0.000,0.000,0.000,0.052,8.8,11.30,28.0,0.000,0.000,0.000,0.006,0.000,0.000,0.006,0.000,0.000,0.000,0.000,0.000,0.000,0.052,0.000,0.000,0.013,0.000
88.0053,880,0,move,-1,88.0053,88.0171,0,0.000,-0.088,0.176,-0.176,-0.088,0.088,-0.264,-0.088,0.176,0.000,-0.176,-0.088,-0.088,-50.273,34.541,0.000,0.439,0.176,0.000,0.000,0.000,0.000,0.000,0.000,0.000,0.000,0.000,0.000,0.000,0.000,0.000,-51.143,34.557,0.000,0.000,0.000,0.045,8.8,11.30,28.0,0.000,0.000,0.000,0.000,0.000,0.000,0.006,0.000,0.006,0.000,0.000,0.000,0.000,0.045,0.000,0.000,0.006,0.000
88.1053,881,0,move,-1,88.1053,88.1162,0,0.000,-0.088,0.176,-0.176,-0.088,0.088,-0.264,-0.088,0.176,0.000,-0.176,-0.088,-0.088,-50.273,34.541,0.000,0.439,0.176,0.000,0.000,0.000,0.000,0.000,0.000,0.000,0.000,0.000,0.000,0.000,0.000,0.000,-51.143,34.557,0.000,0.000,0.000,0.045,8.8,11.30,28.0,0.000,0.000,0.000,0.000,0.000,0.000,0.006,0.000,0.006,0.000,0.000,0.000,0.000,0.045,0.000,0.000,0.006,0.000
88.2059,882,0,move,-1,88.2059,88.2177,0,0.000,-0.088,0.176,-0.176,-0.088,0.088,-0.264,-0.088,0.176,0.000,-0.176,-0.088,-0.088,-50.273,34.541,0.000,0.439,0.176,0.000,0.000,0.000,0.000,0.000,0.000,0.000,0.000,0.000,0.000,0.000,0.000,0.000,-51.143,34.557,0.000,0.000,0.000,0.058,8.8,11.30,28.0,0.000,0.000,0.000,0.006,0.000,0.000,0.006,0.000,0.000,0.000,0.000,0.000,0.000,0.058,0.000,0.000,0.006,0.006
88.3053,883,0,move,-1,88.3053,88.3170,0,0.000,-0.088,0.176,-0.176,-0.088,0.088,-0.264,-0.088,0.176,0.000,-0.176,-0.088,-0.088,-50.273,34.541,0.000,0.439,0.176,0.000,0.000,0.000,0.000,0.000,0.000,0.000,0.000,0.000,0.000,0.000,0.000,0.000,-51.143,34.557,0.000,0.000,0.000,0.058,8.8,11.30,28.0,0.000,0.000,0.000,0.006,0.000,0.000,0.006,0.000,0.000,0.000,0.000,0.000,0.000,0.058,0.000,0.000,0.006,0.006
88.4098,884,0,move,-1,88.4098,88.4373,0,0.000,-0.088,0.176,-0.176,-0.088,0.088,-0.264,-0.088,0.176,0.000,-0.176,-0.088,-0.088,-50.273,34.541,0.000,0.439,0.176,0.000,0.000,0.000,0.000,0.000,0.000,0.000,0.000,0.000,0.000,0.000,0.000,0.000,-51.143,34.557,0.000,0.000,0.000,0.058,8.8,11.30,28.0,0.000,0.000,0.006,0.000,0.000,0.000,0.006,0.000,0.000,0.000,0.006,0.000,0.000,0.058,0.000,0.000,0.006,0.000
88.5171,885,0,move,-1,88.5171,88.5294,0,0.000,-0.088,0.176,-0.176,-0.088,0.088,-0.264,-0.088,0.176,0.000,-0.176,-0.088,-0.088,-50.273,34.541,0.000,0.439,0.176,0.000,0.000,0.000,0.000,0.000,0.000,0.000,0.000,0.000,0.000,0.000,0.000,0.000,-51.143,34.557,0.000,0.000,0.000,0.058,8.8,11.30,28.0,0.000,0.000,0.006,0.000,0.000,0.000,0.006,0.000,0.000,0.000,0.006,0.000,0.000,0.058,0.000,0.000,0.006,0.000
88.6053,886,0,move,-1,88.6053,88.6180,0,0.000,-0.088,0.176,-0.176,-0.088,0.088,-0.264,-0.088,0.176,0.000,-0.176,-0.088,-0.088,-50.273,34.541,0.000,0.439,0.176,0.000,0.000,0.000,0.000,0.000,0.000,0.000,0.000,0.000,0.000,0.000,0.000,0.000,-51.143,34.557,0.000,0.000,0.000,0.045,8.8,11.30,28.0,0.000,0.000,0.000,0.006,0.000,0.000,0.000,0.000,0.000,0.000,0.006,0.000,0.000,0.045,0.000,0.000,0.013,0.000
88.7053,887,0,move,-1,88.7053,88.7153,0,0.000,-0.088,0.176,-0.176,-0.088,0.088,-0.264,-0.088,0.176,0.000,-0.176,-0.088,-0.088,-50.273,34.541,0.000,0.439,0.176,0.000,0.000,0.000,0.000,0.000,0.000,0.000,0.000,0.000,0.000,0.000,0.000,0.000,-51.143,34.557,0.000,0.000,0.000,0.045,8.8,11.30,28.0,0.000,0.000,0.000,0.006,0.000,0.000,0.000,0.000,0.000,0.000,0.006,0.000,0.000,0.045,0.000,0.000,0.013,0.000
88.8053,888,0,move,-1,88.8053,88.8167,0,0.000,-0.088,0.176,-0.176,-0.088,0.088,-0.264,-0.088,0.176,0.000,-0.176,-0.088,-0.088,-50.273,34.541,0.000,0.439,0.176,0.000,0.000,0.000,0.000,0.000,0.000,0.000,0.000,0.000,0.000,0.000,0.000,0.000,-51.143,34.557,0.000,0.000,0.000,0.052,8.8,11.30,28.0,0.000,0.000,0.000,0.000,0.000,0.000,0.006,0.000,0.000,0.000,0.000,0.000,0.000,0.052,0.000,0.000,0.006,0.006
88.9053,889,0,move,-1,88.9053,88.9114,0,0.000,-0.088,0.176,-0.176,-0.088,0.088,-0.264,-0.088,0.176,0.000,-0.176,-0.088,-0.088,-50.273,34.541,0.000,0.439,0.176,0.000,0.000,0.000,0.000,0.000,0.000,0.000,0.000,0.000,0.000,0.000,0.000,0.000,-51.143,34.557,0.000,0.000,0.000,0.052,8.8,11.30,28.0,0.000,0.000,0.000,0.000,0.000,0.000,0.006,0.000,0.000,0.000,0.000,0.000,0.000,0.052,0.000,0.000,0.006,0.006
89.0054,890,0,move,-1,89.0054,89.0184,0,0.000,-0.088,0.176,-0.176,-0.088,0.088,-0.264,-0.088,0.176,0.000,-0.176,-0.088,-0.088,-50.273,34.541,0.000,0.439,0.176,0.000,0.000,0.000,0.000,0.000,0.000,0.000,0.000,0.000,0.000,0.000,0.000,0.000,-51.143,34.557,0.000,0.000,0.000,0.052,8.8,11.30,28.0,0.000,0.000,0.000,0.006,0.000,0.000,0.000,0.000,0.000,0.000,0.006,0.000,0.000,0.052,0.000,0.000,0.006,0.006
89.1055,891,0,move,-1,89.1055,89.1159,0,0.000,-0.088,0.176,-0.176,-0.088,0.088,-0.264,-0.088,0.176,0.000,-0.176,-0.088,-0.088,-50.273,34.541,0.000,0.439,0.176,0.000,0.000,0.000,0.000,0.000,0.000,0.000,0.000,0.000,0.000,0.000,0.000,0.000,-51.143,34.557,0.000,0.000,0.000,0.052,8.8,11.30,28.0,0.000,0.000,0.000,0.006,0.000,0.000,0.000,0.000,0.000,0.000,0.006,0.000,0.000,0.052,0.000,0.000,0.006,0.006
89.2055,892,0,move,-1,89.2055,89.2159,0,0.000,-0.088,0.176,-0.176,-0.088,0.088,-0.264,-0.088,0.176,0.000,-0.176,-0.088,-0.088,-50.273,34.541,0.000,0.439,0.176,0.000,0.000,0.000,0.000,0.000,0.000,0.000,0.000,0.000,0.000,0.000,0.000,0.000,-51.143,34.557,0.000,0.000,0.000,0.052,8.8,11.30,28.0,0.000,0.000,0.000,0.000,0.000,0.000,0.006,0.000,0.000,0.000,0.000,0.000,0.000,0.052,0.000,0.000,0.013,0.006
89.3053,893,0,move,-1,89.3053,89.3213,0,0.000,-0.088,0.176,-0.176,-0.088,0.088,-0.264,-0.088,0.176,0.000,-0.176,-0.088,-0.088,-50.273,34.541,0.000,0.439,0.176,0.000,0.000,0.000,0.000,0.000,0.000,0.000,0.000,0.000,0.000,0.000,0.000,0.000,-51.143,34.557,0.000,0.000,0.000,0.045,8.8,11.30,29.0,0.000,0.000,0.000,0.006,0.000,0.000,0.006,0.000,0.006,0.000,0.000,0.000,0.000,0.045,0.000,0.000,0.006,0.000
89.4055,894,0,move,-1,89.4055,89.4178,0,0.000,-0.088,0.176,-0.176,-0.088,0.088,-0.264,-0.088,0.176,0.000,-0.176,-0.088,-0.088,-50.273,34.541,0.000,0.439,0.176,0.000,0.000,0.000,0.000,0.000,0.000,0.000,0.000,0.000,0.000,0.000,0.000,0.000,-51.143,34.557,0.000,0.000,0.000,0.045,8.8,11.30,29.0,0.000,0.000,0.000,0.006,0.000,0.000,0.006,0.000,0.006,0.000,0.000,0.000,0.000,0.045,0.000,0.000,0.006,0.000
89.5055,895,0,move,-1,89.5055,89.5186,0,0.000,-0.088,0.176,-0.176,-0.088,0.088,-0.264,-0.088,0.176,0.000,-0.176,-0.088,-0.088,-50.273,34.541,0.000,0.439,0.176,0.000,0.000,0.000,0.000,0.000,0.000,0.000,0.000,0.000,0.000,0.000,0.000,0.000,-51.143,34.557,0.000,0.000,0.000,0.052,8.8,11.30,29.0,0.000,0.000,0.000,0.000,0.000,0.000,0.000,0.000,0.000,0.000,0.006,0.000,0.000,0.052,0.000,0.000,0.006,0.000
89.6053,896,0,move,-1,89.6053,89.6195,0,0.000,-0.088,0.176,-0.176,-0.088,0.088,-0.264,-0.088,0.176,0.000,-0.176,-0.088,-0.088,-50.273,34.541,0.000,0.439,0.176,0.000,0.000,0.000,0.000,0.000,0.000,0.000,0.000,0.000,0.000,0.000,0.000,0.000,-51.143,34.557,0.000,0.000,0.000,0.052,8.8,11.30,28.0,0.000,0.000,0.000,0.006,0.000,0.000,0.006,0.000,0.006,0.000,0.000,0.000,0.000,0.052,0.000,0.000,0.013,0.006
89.7054,897,0,move,-1,89.7054,89.7174,0,0.000,-0.088,0.176,-0.176,-0.088,0.088,-0.264,-0.088,0.176,0.000,-0.176,-0.088,-0.088,-50.273,34.541,0.000,0.439,0.176,0.000,0.000,0.000,0.000,0.000,0.000,0.000,0.000,0.000,0.000,0.000,0.000,0.000,-51.143,34.557,0.000,0.000,0.000,0.052,8.8,11.30,28.0,0.000,0.000,0.000,0.006,0.000,0.000,0.006,0.000,0.006,0.000,0.000,0.000,0.000,0.052,0.000,0.000,0.013,0.006
89.8054,898,0,move,-1,89.8054,89.8180,0,0.000,-0.088,0.176,-0.176,-0.088,0.088,-0.264,-0.088,0.176,0.000,-0.176,-0.088,-0.088,-50.273,34.541,0.000,0.439,0.176,0.000,0.000,0.000,0.000,0.000,0.000,0.000,0.000,0.000,0.000,0.000,0.000,0.000,-51.143,34.557,0.000,0.000,0.000,0.052,8.8,11.30,29.0,0.000,0.000,0.000,0.000,0.000,0.000,0.006,0.000,0.006,0.000,0.000,0.000,0.000,0.052,0.000,0.000,0.006,0.000
89.9084,899,0,move,-1,89.9084,89.9161,0,0.000,-0.088,0.176,-0.176,-0.088,0.088,-0.264,-0.088,0.176,0.000,-0.176,-0.088,-0.088,-50.273,34.541,0.000,0.439,0.176,0.000,0.000,0.000,0.000,0.000,0.000,0.000,0.000,0.000,0.000,0.000,0.000,0.000,-51.143,34.557,0.000,0.000,0.000,0.052,8.8,11.30,29.0,0.000,0.000,0.000,0.000,0.000,0.000,0.006,0.000,0.006,0.000,0.000,0.000,0.000,0.052,0.000,0.000,0.006,0.000
90.0054,900,0,move,-1,90.0054,90.0180,0,0.000,-0.088,0.176,-0.176,-0.088,0.088,-0.264,-0.088,0.176,0.000,-0.176,-0.088,-0.088,-50.273,34.541,0.000,0.439,0.176,0.000,0.000,0.000,0.000,0.000,0.000,0.000,0.000,0.000,0.000,0.000,0.000,0.000,-51.143,34.557,0.000,0.000,0.000,0.045,8.8,11.30,29.0,0.000,0.000,0.000,0.006,0.000,0.000,0.000,0.000,0.000,0.000,0.000,0.000,0.000,0.045,0.000,0.000,0.013,0.006
90.1055,901,0,move,-1,90.1055,90.1166,0,0.000,-0.088,0.176,-0.176,-0.088,0.088,-0.264,-0.088,0.176,0.000,-0.176,-0.088,-0.088,-50.273,34.541,0.000,0.439,0.176,0.000,0.000,0.000,0.000,0.000,0.000,0.000,0.000,0.000,0.000,0.000,0.000,0.000,-51.143,34.557,0.000,0.000,0.000,0.045,8.8,11.30,29.0,0.000,0.000,0.000,0.006,0.000,0.000,0.000,0.000,0.000,0.000,0.000,0.000,0.000,0.045,0.000,0.000,0.013,0.006
90.2053,902,0,move,-1,90.2053,90.2170,0,0.000,-0.088,0.176,-0.176,-0.088,0.088,-0.264,-0.088,0.176,0.000,-0.176,-0.088,-0.088,-50.273,34.541,0.000,0.439,0.176,0.000,0.000,0.000,0.000,0.000,0.000,0.000,0.000,0.000,0.000,0.000,0.000,0.000,-51.143,34.557,0.000,0.000,0.000,0.065,8.8,11.30,28.0,0.000,0.000,0.000,0.000,0.000,0.000,0.000,0.000,0.000,0.000,0.000,0.000,0.000,0.065,0.000,0.000,0.006,0.000
90.3055,903,0,move,-1,90.3055,90.3171,0,0.000,-0.088,0.176,-0.176,-0.088,0.088,-0.264,-0.088,0.176,0.000,-0.176,-0.088,-0.088,-50.273,34.541,0.000,0.439,0.176,0.000,0.000,0.000,0.000,0.000,0.000,0.000,0.000,0.000,0.000,0.000,0.000,0.000,-51.143,34.557,0.000,0.000,0.000,0.058,8.8,11.30,29.0,0.000,0.000,0.000,0.000,0.000,0.000,0.000,0.000,0.006,0.000,0.000,0.000,0.000,0.058,0.000,0.000,0.006,0.006
90.4227,904,0,move,-1,90.4227,90.4383,0,0.000,-0.088,0.176,-0.176,-0.088,0.088,-0.264,-0.088,0.176,0.000,-0.176,-0.088,-0.088,-50.273,34.541,0.000,0.439,0.176,0.000,0.000,0.000,0.000,0.000,0.000,0.000,0.000,0.000,0.000,0.000,0.000,0.000,-51.143,34.557,0.000,0.000,0.000,0.052,8.8,11.30,29.0,0.000,0.000,0.006,0.000,0.000,0.000,0.006,0.000,0.000,0.000,0.000,0.000,0.000,0.052,0.000,0.000,0.006,0.006
90.5053,905,0,move,-1,90.5053,90.5158,0,0.000,-0.088,0.176,-0.176,-0.088,0.088,-0.264,-0.088,0.176,0.000,-0.176,-0.088,-0.088,-50.273,34.541,0.000,0.439,0.176,0.000,0.000,0.000,0.000,0.000,0.000,0.000,0.000,0.000,0.000,0.000,0.000,0.000,-51.143,34.557,0.000,0.000,0.000,0.052,8.8,11.30,29.0,0.000,0.000,0.006,0.000,0.000,0.000,0.006,0.000,0.000,0.000,0.000,0.000,0.000,0.052,0.000,0.000,0.006,0.006
90.6053,906,0,move,-1,90.6053,90.6165,0,0.000,-0.088,0.176,-0.176,-0.088,0.088,-0.264,-0.088,0.176,0.000,-0.176,-0.088,-0.088,-50.273,34.541,0.000,0.439,0.176,0.000,0.000,0.000,0.000,0.000,0.000,0.000,0.000,0.000,0.000,0.000,0.000,0.000,-51.143,34.557,0.000,0.000,0.000,0.006,3.2,11.30,32.0,0.000,0.000,0.000,0.000,0.000,0.000,0.006,0.000,0.006,0.000,0.000,0.000,0.000,,0.000,0.000,0.006,0.000
90.7055,907,0,move,-1,90.7055,90.7169,0,0.000,-0.088,0.176,-0.176,-0.088,0.088,-0.264,-0.088,0.176,0.000,-0.176,-0.088,-0.088,-50.273,34.541,0.000,0.439,0.176,0.000,0.000,0.000,0.000,0.000,0.000,0.000,0.000,0.000,0.000,0.000,0.000,0.000,-51.143,34.557,0.000,0.000,0.000,0.058,8.8,11.30,28.0,0.000,0.000,0.000,0.000,0.000,0.000,0.006,0.000,0.000,0.000,0.006,0.000,0.000,0.058,0.000,0.000,0.006,0.000
90.8055,908,0,move,-1,90.8055,90.8169,0,0.000,-0.088,0.176,-0.176,-0.088,0.088,-0.264,-0.088,0.176,0.000,-0.176,-0.088,-0.088,-50.273,34.541,0.000,0.439,0.176,0.000,0.000,0.000,0.000,0.000,0.000,0.000,0.000,0.000,0.000,0.000,0.000,0.000,-51.143,34.557,0.000,0.000,0.000,0.052,8.8,11.30,29.0,0.000,0.000,0.006,0.000,0.000,0.000,0.006,0.000,0.000,0.000,0.006,0.000,0.000,0.052,0.000,0.000,0.013,0.006
90.9059,909,0,move,-1,90.9059,90.9364,0,0.000,-0.088,0.176,-0.176,-0.088,0.088,-0.264,-0.088,0.176,0.000,-0.176,-0.088,-0.088,-50.273,34.541,0.000,0.439,0.176,0.000,0.000,0.000,0.000,0.000,0.000,0.000,0.000,0.000,0.000,0.000,0.000,0.000,-51.143,34.557,0.000,0.000,0.000,0.058,8.8,11.30,29.0,0.000,0.000,0.000,0.000,0.000,0.000,0.006,0.000,0.000,0.000,0.000,0.000,0.000,0.058,0.000,0.000,0.006,0.006
91.0053,910,0,move,-1,91.0053,91.0196,0,0.000,-0.088,0.176,-0.176,-0.088,0.088,-0.264,-0.088,0.176,0.000,-0.176,-0.088,-0.088,-50.273,34.541,0.000,0.439,0.176,0.000,0.000,0.000,0.000,0.000,0.000,0.000,0.000,0.000,0.000,0.000,0.000,0.000,-51.143,34.557,0.000,0.000,0.000,0.058,8.8,11.30,29.0,0.000,0.000,0.000,0.000,0.000,0.000,0.006,0.000,0.000,0.000,0.000,0.000,0.000,0.058,0.000,0.000,0.006,0.006
91.1055,911,0,move,-1,91.1055,91.1157,0,0.000,-0.088,0.176,-0.176,-0.088,0.088,-0.264,-0.088,0.176,0.000,-0.176,-0.088,-0.088,-50.273,34.541,0.000,0.439,0.176,0.000,0.000,0.000,0.000,0.000,0.000,0.000,0.000,0.000,0.000,0.000,0.000,0.000,-51.143,34.557,0.000,0.000,0.000,0.058,8.8,11.30,29.0,0.000,0.000,0.000,0.006,0.000,0.000,0.006,0.000,0.000,0.000,0.006,0.000,0.000,0.058,0.000,0.000,0.006,0.000
91.2054,912,0,move,-1,91.2054,91.2178,0,0.000,-0.088,0.176,-0.176,-0.088,0.088,-0.264,-0.088,0.176,0.000,-0.176,-0.088,-0.088,-50.273,34.541,0.000,0.439,0.176,0.000,0.000,0.000,0.000,0.000,0.000,0.000,0.000,0.000,0.000,0.000,0.000,0.000,-51.143,34.557,0.000,0.000,0.000,0.058,8.8,11.30,29.0,0.000,0.000,0.000,0.006,0.000,0.000,0.006,0.000,0.000,0.000,0.006,0.000,0.000,0.058,0.000,0.000,0.006,0.000
91.3055,913,0,move,-1,91.3055,91.3164,0,0.000,-0.088,0.176,-0.176,-0.088,0.088,-0.264,-0.088,0.176,0.000,-0.176,-0.088,-0.088,-50.273,34.541,0.000,0.439,0.176,0.000,0.000,0.000,0.000,0.000,0.000,0.000,0.000,0.000,0.000,0.000,0.000,0.000,-51.143,34.557,0.000,0.000,0.000,0.058,8.8,11.30,29.0,0.000,0.000,0.000,0.006,0.000,0.000,0.006,0.000,0.000,0.000,0.006,0.000,0.000,0.058,0.000,0.000,0.006,0.000
91.4053,914,0,move,-1,91.4053,91.4393,0,0.000,-0.088,0.176,-0.176,-0.088,0.088,-0.264,-0.088,0.176,0.000,-0.176,-0.088,-0.088,-50.273,34.541,0.000,0.439,0.176,0.000,0.000,0.000,0.000,0.000,0.000,0.000,0.000,0.000,0.000,0.000,0.000,0.000,-51.143,34.557,0.000,0.000,0.000,0.065,8.8,11.30,28.0,0.000,0.000,0.000,0.000,0.000,0.000,0.006,0.000,0.000,0.000,0.006,0.000,0.000,0.065,0.000,0.000,0.006,0.006
91.5053,915,0,move,-1,91.5053,91.5170,0,0.000,-0.088,0.176,-0.176,-0.088,0.088,-0.264,-0.088,0.176,0.000,-0.176,-0.088,-0.088,-50.273,34.541,0.000,0.439,0.176,0.000,0.000,0.000,0.000,0.000,0.000,0.000,0.000,0.000,0.000,0.000,0.000,0.000,-51.143,34.557,0.000,0.000,0.000,0.065,8.8,11.30,28.0,0.000,0.000,0.000,0.000,0.000,0.000,0.006,0.000,0.000,0.000,0.006,0.000,0.000,0.065,0.000,0.000,0.006,0.006
91.6053,916,0,move,-1,91.6053,91.6153,0,0.000,-0.088,0.176,-0.176,-0.088,0.088,-0.264,-0.088,0.176,0.000,-0.176,-0.088,-0.088,-50.273,34.541,0.000,0.439,0.176,0.000,0.000,0.000,0.000,0.000,0.000,0.000,0.000,0.000,0.000,0.000,0.000,0.000,-51.143,34.557,0.000,0.000,0.000,0.058,8.8,11.30,29.0,0.000,0.000,0.006,0.000,0.000,0.000,0.000,0.000,0.006,0.000,0.000,0.000,0.000,0.058,0.000,0.000,0.006,0.006
91.7054,917,0,move,-1,91.7054,91.7172,0,0.000,-0.088,0.176,-0.176,-0.088,0.088,-0.264,-0.088,0.176,0.000,-0.176,-0.088,-0.088,-50.273,34.541,0.000,0.439,0.176,0.000,0.000,0.000,0.000,0.000,0.000,0.000,0.000,0.000,0.000,0.000,0.000,0.000,-51.143,34.557,0.000,0.000,0.000,0.045,8.8,11.30,29.0,0.000,0.000,0.000,0.000,0.000,0.000,0.006,0.000,0.000,0.000,0.000,0.000,0.000,0.045,0.000,0.000,0.013,0.006
91.8054,918,0,move,-1,91.8054,91.8154,0,0.000,-0.088,0.176,-0.176,-0.088,0.088,-0.264,-0.088,0.176,0.000,-0.176,-0.088,-0.088,-50.273,34.541,0.000,0.439,0.176,0.000,0.000,0.000,0.000,0.000,0.000,0.000,0.000,0.000,0.000,0.000,0.000,0.000,-51.143,34.557,0.000,0.000,0.000,0.045,8.8,11.30,29.0,0.000,0.000,0.000,0.000,0.000,0.000,0.006,0.000,0.000,0.000,0.000,0.000,0.000,0.045,0.000,0.000,0.013,0.006
91.9055,919,0,move,-1,91.9055,92.0173,0,0.000,-0.088,0.176,-0.176,-0.088,0.088,-0.264,-0.088,0.176,0.000,-0.176,-0.088,-0.088,-50.273,34.541,0.000,0.439,0.176,0.000,0.000,0.000,0.000,0.000,0.000,0.000,0.000,0.000,0.000,0.000,0.000,0.000,-51.143,34.557,0.000,0.000,0.000,0.045,8.8,11.30,29.0,0.000,,0.000,0.000,0.000,0.000,0.006,0.000,0.006,0.000,0.000,0.000,0.000,0.045,0.000,0.000,0.006,0.000
92.0339,920,0,move,-1,92.0339,92.0416,0,0.000,-0.088,0.176,-0.176,-0.088,0.088,-0.264,-0.088,0.176,0.000,-0.176,-0.088,-0.088,-50.273,34.541,0.000,0.439,0.176,0.000,0.000,0.000,0.000,0.000,0.000,0.000,0.000,0.000,0.000,0.000,0.000,0.000,-51.045,34.512,0.000,0.000,0.000,0.045,8.8,11.30,29.0,0.000,,0.000,0.000,0.000,0.000,0.006,0.000,0.006,0.000,0.000,0.000,0.000,0.045,0.000,0.000,0.006,0.000
92.1178,921,0,move,-1,92.1178,92.1333,0,0.000,-0.088,0.176,-0.176,-0.088,0.088,-0.264,-0.088,0.176,0.000,-0.176,-0.088,-0.088,-50.273,34.541,0.000,0.439,0.176,0.000,0.000,0.000,0.000,0.000,0.000,0.000,0.000,0.000,0.000,0.000,0.000,0.000,-50.765,34.384,0.000,0.000,0.000,0.039,7.6,11.30,28.0,0.000,0.000,0.000,0.000,0.000,0.000,0.006,0.000,0.000,0.000,0.006,0.000,0.000,0.039,0.000,0.000,0.006,0.006
92.2053,922,0,move,-1,92.2053,92.2161,0,0.000,-0.088,0.176,-0.176,-0.088,0.088,-0.264,-0.088,0.176,0.000,-0.176,-0.088,-0.088,-50.273,34.541,0.000,0.439,0.176,0.000,0.000,0.000,0.000,0.000,0.000,0.000,0.000,0.000,0.000,0.000,0.000,0.000,-50.327,34.182,0.000,0.000,0.000,0.039,7.6,11.30,28.0,0.000,0.000,0.000,0.000,0.000,0.000,0.006,0.000,0.000,0.000,0.006,0.000,0.000,0.039,0.000,0.000,0.006,0.006
92.3055,923,0,move,-1,92.3055,92.3177,0,0.000,-0.088,0.176,-0.176,-0.088,0.088,-0.264,-0.088,0.176,0.000,-0.176,-0.088,-0.088,-50.273,34.277,0.000,0.439,0.176,0.000,0.000,0.000,0.000,0.000,0.000,0.000,0.000,0.000,0.000,0.000,0.000,0.000,-49.772,33.924,0.000,0.000,0.000,0.006,2.4,11.30,32.0,0.000,0.000,0.006,0.000,0.000,0.000,0.006,0.000,0.000,0.000,0.006,0.000,0.000,0.006,0.000,0.000,0.006,0.000
92.4053,924,0,move,-1,92.4053,92.4160,0,0.000,-0.088,0.176,-0.176,-0.088,0.088,-0.264,-0.088,0.176,0.000,-0.176,-0.088,-0.088,-49.834,33.926,0.000,0.439,0.176,0.000,0.000,0.000,0.000,0.000,0.000,0.000,0.000,0.000,0.000,0.000,0.000,0.000,-49.154,33.634,0.000,0.000,0.000,0.006,2.4,11.30,32.0,0.000,0.000,0.006,0.000,0.000,0.000,0.006,0.000,0.000,0.000,0.006,0.000,0.000,0.006,0.000,0.000,0.006,0.000
92.5055,925,0,move,-1,92.5055,92.5163,0,0.000,-0.088,0.176,-0.176,-0.088,0.088,-0.264,-0.088,0.176,0.000,-0.176,-0.088,-0.088,-49.307,33.838,0.000,0.439,0.176,0.000,0.000,0.000,0.000,0.000,0.000,0.000,0.000,0.000,0.000,0.000,0.000,0.000,-48.535,33.340,0.000,0.000,0.000,0.006,3.2,11.30,32.0,0.000,0.000,0.000,0.000,0.000,0.000,0.006,0.000,0.006,0.000,0.000,0.000,0.000,0.000,0.006,0.000,0.006,0.006
92.6053,926,0,move,-1,92.6053,92.6149,0,0.000,-0.088,0.176,-0.176,-0.088,0.088,-0.264,-0.088,0.176,0.000,-0.176,-0.088,-0.088,-48.691,33.311,0.000,0.439,0.176,0.000,0.000,0.000,0.000,0.000,0.000,0.000,0.000,0.000,0.000,0.000,0.000,0.000,-47.971,33.071,0.000,0.000,0.000,0.006,3.2,11.30,32.0,0.000,0.000,0.000,0.000,0.000,0.000,0.006,0.000,0.006,0.000,0.000,0.000,0.000,0.000,0.006,0.000,0.006,0.006
92.7053,927,0,move,-1,92.7053,92.7189,0,0.000,-0.088,0.176,-0.176,-0.088,0.088,-0.264,-0.088,0.176,0.000,-0.176,-0.088,-0.088,-48.164,33.311,0.000,0.439,0.176,0.000,0.000,0.000,0.000,0.000,0.000,0.000,0.000,0.000,0.000,0.000,0.000,0.000,-47.522,32.856,0.000,0.000,0.000,0.006,2.4,11.30,32.0,0.000,0.000,0.006,0.000,0.000,0.000,0.006,0.000,0.006,0.000,0.000,0.000,0.000,0.006,0.006,0.000,0.006,0.006
92.8054,928,0,move,-1,92.8054,92.8158,0,0.000,-0.088,0.176,-0.176,-0.088,0.088,-0.264,-0.088,0.176,0.000,-0.176,-0.088,-0.088,-47.725,32.959,0.000,0.439,0.176,0.000,0.000,0.000,0.000,0.000,0.000,0.000,0.000,0.000,0.000,0.000,0.000,0.000,-47.233,32.716,0.000,0.000,0.000,0.006,2.4,11.30,32.0,0.000,0.000,0.006,0.000,0.000,0.000,0.006,0.000,0.006,0.000,0.000,0.000,0.000,0.006,0.006,0.000,0.006,0.006
92.9054,929,0,move,-1,92.9054,92.9154,0,0.000,-0.088,0.176,-0.176,-0.088,0.088,-0.264,-0.088,0.176,0.000,-0.176,-0.088,-0.088,-47.285,32.783,0.000,0.439,0.176,0.000,0.000,0.000,0.000,0.000,0.000,0.000,0.000,0.000,0.000,0.000,0.000,0.000,-47.133,32.667,0.000,0.000,0.000,0.013,4.8,11.30,31.0,0.000,0.000,0.000,0.006,0.000,0.000,0.006,0.000,0.006,0.000,0.000,0.000,0.000,0.006,0.006,0.000,0.013,0.006
93.0053,930,0,move,-1,93.0053,93.0187,0,0.000,-0.088,0.176,-0.176,-0.088,0.088,-0.264,-0.088,0.176,0.000,-0.176,-0.088,-0.088,-47.285,32.783,0.000,0.439,0.176,0.000,0.000,0.000,0.000,0.000,0.000,0.000,0.000,0.000,0.000,0.000,0.000,0.000,-47.133,32.667,0.000,0.000,0.000,0.006,2.4,11.30,32.0,0.000,0.000,0.000,0.006,0.000,0.000,0.006,0.000,0.006,0.000,0.000,0.000,0.000,0.006,0.000,0.000,0.006,0.006
93.1108,931,0,move,-1,93.1108,93.1353,0,0.000,-0.088,0.176,-0.176,-0.088,0.088,-0.264,-0.088,0.176,0.000,-0.176,-0.088,-0.088,-47.197,32.783,0.000,0.439,0.176,0.000,0.000,0.000,0.000,0.000,0.000,0.000,0.000,0.000,0.000,0.000,0.000,0.000,-47.133,32.667,0.000,0.000,0.000,0.006,3.2,11.20,32.0,0.000,0.000,0.000,0.000,0.000,0.000,0.006,0.000,0.000,0.000,0.000,0.000,0.000,0.000,0.000,0.000,0.006,0.006
93.2055,932,0,move,-1,93.2055,93.2184,0,0.000,-0.088,0.176,-0.176,-0.088,0.088,-0.264,-0.088,0.176,0.000,-0.176,-0.088,-0.088,-47.197,32.783,0.000,0.439,0.176,0.000,0.000,0.000,0.000,0.000,0.000,0.000,0.000,0.000,0.000,0.000,0.000,0.000,-47.133,32.667,0.000,0.000,0.000,0.006,3.2,11.20,32.0,0.000,0.000,0.000,0.000,0.000,0.000,0.006,0.000,0.000,0.000,0.000,0.000,0.000,0.000,0.000,0.000,0.006,0.006
93.3053,933,0,move,-1,93.3053,93.3283,0,0.000,-0.088,0.176,-0.176,-0.088,0.088,-0.264,-0.088,0.176,0.000,-0.176,-0.088,-0.088,-47.197,32.783,0.000,0.439,0.176,0.000,0.000,0.000,0.000,0.000,0.000,0.000,0.000,0.000,0.000,0.000,0.000,0.000,-47.133,32.667,0.000,0.000,0.000,0.006,4.8,11.30,31.0,0.000,0.000,0.000,0.000,0.000,0.000,0.000,0.000,0.000,0.000,0.000,0.000,0.000,0.000,0.000,0.000,0.006,0.000
93.4055,934,0,move,-1,93.4055,93.4152,0,0.000,-0.088,0.176,-0.176,-0.088,0.088,-0.264,-0.088,0.176,0.000,-0.176,-0.088,-0.088,-47.197,32.783,0.000,0.439,0.176,0.000,0.000,0.000,0.000,0.000,0.000,0.000,0.000,0.000,0.000,0.000,0.000,0.000,-47.133,32.667,0.000,0.000,0.000,0.006,4.8,11.30,31.0,0.000,0.000,0.000,0.000,0.000,0.000,0.000,0.000,0.000,0.000,0.000,0.000,0.000,0.000,0.000,0.000,0.006,0.000
93.5055,935,0,move,-1,93.5055,93.5141,0,0.000,-0.088,0.176,-0.176,-0.088,0.088,-0.264,-0.088,0.176,0.000,-0.176,-0.088,-0.088,-47.197,32.783,0.000,0.439,0.176,0.000,0.000,0.000,0.000,0.000,0.000,0.000,0.000,0.000,0.000,0.000,0.000,0.000,-47.133,32.667,0.000,0.000,0.000,0.006,2.4,11.30,32.0,0.000,0.000,0.000,0.006,0.000,0.000,0.000,0.000,0.000,0.000,0.006,0.000,0.000,0.000,0.000,0.000,0.006,0.006
93.6053,936,0,move,-1,93.6053,93.6188,0,0.000,-0.088,0.176,-0.176,-0.088,0.088,-0.264,-0.088,0.176,0.000,-0.176,-0.088,-0.088,-47.197,32.783,0.000,0.439,0.176,0.000,0.000,0.000,0.000,0.000,0.000,0.000,0.000,0.000,0.000,0.000,0.000,0.000,-47.133,32.667,0.000,0.000,0.000,0.013,4.8,11.30,31.0,0.000,0.000,0.000,0.006,0.000,0.000,0.006,0.000,0.000,0.000,0.000,0.000,0.000,0.000,0.000,0.000,0.013,0.000
93.7055,937,0,move,-1,93.7055,93.7160,0,0.000,-0.088,0.176,-0.176,-0.088,0.088,-0.264,-0.088,0.176,0.000,-0.176,-0.088,-0.088,-47.197,32.783,0.000,0.439,0.176,0.000,0.000,0.000,0.000,0.000,0.000,0.000,0.000,0.000,0.000,0.000,0.000,0.000,-47.133,32.667,0.000,0.000,0.000,0.013,4.8,11.30,31.0,0.000,0.000,0.000,0.006,0.000,0.000,0.006,0.000,0.000,0.000,0.000,0.000,0.000,0.000,0.000,0.000,0.013,0.000
93.8055,938,0,move,-1,93.8055,93.8166,0,0.000,-0.088,0.176,-0.176,-0.088,0.088,-0.264,-0.088,0.176,0.000,-0.176,-0.088,-0.088,-47.197,32.783,0.000,0.439,0.176,0.000,0.000,0.000,0.000,0.000,0.000,0.000,0.000,0.000,0.000,0.000,0.000,0.000,-47.133,32.667,0.000,0.000,0.000,0.006,4.8,11.30,31.0,0.000,0.000,0.000,0.000,0.000,0.000,0.000,0.000,0.000,0.000,0.000,0.000,0.000,0.000,0.000,0.000,0.006,0.000
93.9055,939,0,move,-1,93.9055,93.9149,0,0.000,-0.088,0.176,-0.176,-0.088,0.088,-0.264,-0.088,0.176,0.000,-0.176,-0.088,-0.088,-47.197,32.783,0.000,0.439,0.176,0.000,0.000,0.000,0.000,0.000,0.000,0.000,0.000,0.000,0.000,0.000,0.000,0.000,-47.133,32.667,0.000,0.000,0.000,0.006,4.8,11.30,31.0,0.000,0.000,0.000,0.000,0.000,0.000,0.000,0.000,0.000,0.000,0.000,0.000,0.000,0.000,0.000,0.000,0.006,0.000
94.0053,940,0,move,-1,94.0053,94.0173,0,0.000,-0.088,0.176,-0.176,-0.088,0.088,-0.264,-0.088,0.176,0.000,-0.176,-0.088,-0.088,-47.197,32.783,0.000,0.439,0.176,0.000,0.000,0.000,0.000,0.000,0.000,0.000,0.000,0.000,0.000,0.000,0.000,0.000,-47.133,32.667,0.000,0.000,0.000,0.006,4.8,11.30,31.0,0.000,0.000,0.000,0.000,0.000,0.000,0.000,0.000,0.000,0.000,0.000,0.000,0.000,0.000,0.000,0.000,0.006,0.006
94.1053,941,0,move,-1,94.1053,94.1191,0,0.000,-0.088,0.176,-0.176,-0.088,0.088,-0.264,-0.088,0.176,0.000,-0.176,-0.088,-0.088,-47.197,32.783,0.000,0.439,0.176,0.000,0.000,0.000,0.000,0.000,0.000,0.000,0.000,0.000,0.000,0.000,0.000,0.000,-47.133,32.667,0.000,0.000,0.000,0.006,4.8,11.30,32.0,0.000,0.000,0.000,0.000,0.000,0.000,0.000,0.000,0.000,0.000,0.000,0.000,0.000,0.000,0.000,0.000,0.006,0.000
94.2055,942,0,move,-1,94.2055,94.2163,0,0.000,-0.088,0.176,-0.176,-0.088,0.088,-0.264,-0.088,0.176,0.000,-0.176,-0.088,-0.088,-47.197,32.783,0.000,0.439,0.176,0.000,0.000,0.000,0.000,0.000,0.000,0.000,0.000,0.000,0.000,0.000,0.000,0.000,-47.133,32.667,0.000,0.000,0.000,0.006,4.8,11.30,32.0,0.000,0.000,0.000,0.000,0.000,0.000,0.000,0.000,0.000,0.000,0.000,0.000,0.000,0.000,0.000,0.000,0.006,0.000
94.3054,943,0,move,-1,94.3054,94.3183,0,0.000,-0.088,0.176,-0.176,-0.088,0.088,-0.264,-0.088,0.176,0.000,-0.176,-0.088,-0.088,-47.197,32.783,0.000,0.439,0.176,0.000,0.000,0.000,0.000,0.000,0.000,0.000,0.000,0.000,0.000,0.000,0.000,0.000,-47.133,32.667,0.000,0.000,0.000,0.006,3.2,11.30,32.0,0.000,0.000,0.000,0.000,0.000,0.000,0.006,0.000,0.000,0.000,0.000,0.000,0.000,0.000,0.000,0.000,0.006,0.006
94.4117,944,0,move,-1,94.4117,94.4654,0,0.000,-0.088,0.176,-0.176,-0.088,0.088,-0.264,-0.088,0.176,0.000,-0.176,-0.088,-0.088,-47.197,32.783,0.000,0.439,0.176,0.000,0.000,0.000,0.000,0.000,0.000,0.000,0.000,0.000,0.000,0.000,0.000,0.000,-47.133,32.667,0.000,0.000,0.000,0.006,3.2,11.30,32.0,0.000,0.000,0.000,0.000,0.000,0.000,0.006,0.000,0.006,0.000,0.006,0.000,0.000,0.000,0.000,0.000,0.006,0.000
94.5053,945,0,move,-1,94.5053,94.5171,0,0.000,-0.088,0.176,-0.176,-0.088,0.088,-0.264,-0.088,0.176,0.000,-0.176,-0.088,-0.088,-47.197,32.783,0.000,0.439,0.176,0.000,0.000,0.000,0.000,0.000,0.000,0.000,0.000,0.000,0.000,0.000,0.000,0.000,-47.133,32.667,0.000,0.000,0.000,0.006,3.2,11.30,32.0,0.000,0.000,0.000,0.000,0.000,0.000,0.006,0.000,0.006,0.000,0.006,0.000,0.000,0.000,0.000,0.000,0.006,0.000
94.6053,946,0,move,-1,94.6053,94.6161,0,0.000,-0.088,0.176,-0.176,-0.088,0.088,-0.264,-0.088,0.176,0.000,-0.176,-0.088,-0.088,-47.197,32.783,0.000,0.439,0.176,0.000,0.000,0.000,0.000,0.000,0.000,0.000,0.000,0.000,0.000,0.000,0.000,0.000,-47.133,32.667,0.000,0.000,0.000,0.013,4.8,11.30,31.0,0.000,0.000,0.000,0.006,0.000,0.000,0.000,0.000,0.000,0.000,0.000,0.000,0.000,0.000,0.000,0.000,0.013,0.006
94.7055,947,0,move,-1,94.7055,94.7182,0,0.000,-0.088,0.176,-0.176,-0.088,0.088,-0.264,-0.088,0.176,0.000,-0.176,-0.088,-0.088,-47.197,32.783,0.000,0.439,0.176,0.000,0.000,0.000,0.000,0.000,0.000,0.000,0.000,0.000,0.000,0.000,0.000,0.000,-47.133,32.667,0.000,0.000,0.000,0.006,2.4,11.30,32.0,0.000,0.000,0.006,0.006,0.000,0.000,0.000,0.000,0.000,0.000,0.000,0.000,0.000,0.000,0.000,0.000,0.006,0.006
94.8055,948,0,move,-1,94.8055,94.8163,0,0.000,-0.088,0.176,-0.176,-0.088,0.088,-0.264,-0.088,0.176,0.000,-0.176,-0.088,-0.088,-47.197,32.783,0.000,0.439,0.176,0.000,0.000,0.000,0.000,0.000,0.000,0.000,0.000,0.000,0.000,0.000,0.000,0.000,-47.133,32.667,0.000,0.000,0.000,0.006,2.4,11.30,32.0,0.000,0.000,0.006,0.006,0.000,0.000,0.000,0.000,0.000,0.000,0.000,0.000,0.000,0.000,0.000,0.000,0.006,0.006
94.9055,949,0,move,-1,94.9055,94.9161,0,0.000,-0.088,0.176,-0.176,-0.088,0.088,-0.264,-0.088,0.176,0.000,-0.176,-0.088,-0.088,-47.197,32.783,0.000,0.439,0.176,0.000,0.000,0.000,0.000,0.000,0.000,0.000,0.000,0.000,0.000,0.000,0.000,0.000,-47.133,32.667,0.000,0.000,0.000,0.006,2.4,11.30,32.0,0.000,0.000,0.000,0.006,0.000,0.000,0.000,0.000,0.000,0.000,0.000,0.000,0.000,0.000,0.000,0.000,0.006,0.000
95.0055,950,0,move,-1,95.0055,95.0145,0,0.000,-0.088,0.176,-0.176,-0.088,0.088,-0.264,-0.088,0.176,0.000,-0.176,-0.088,-0.088,-47.197,32.783,0.000,0.439,0.176,0.000,0.000,0.000,0.000,0.000,0.000,0.000,0.000,0.000,0.000,0.000,0.000,0.000,-47.133,32.667,0.000,0.000,0.000,0.006,2.4,11.30,32.0,0.000,0.000,0.000,0.006,0.000,0.000,0.000,0.000,0.000,0.000,0.000,0.000,0.000,0.000,0.000,0.000,0.006,0.000
95.1055,951,0,move,-1,95.1055,95.1161,0,0.000,-0.088,0.176,-0.176,-0.088,0.088,-0.264,-0.088,0.176,0.000,-0.176,-0.088,-0.088,-47.197,32.783,0.000,0.439,0.176,0.000,0.000,0.000,0.000,0.000,0.000,0.000,0.000,0.000,0.000,0.000,0.000,0.000,-47.133,32.667,0.000,0.000,0.000,0.006,2.4,11.30,32.0,0.000,0.000,0.000,0.006,0.000,0.000,0.006,0.000,0.000,0.000,0.000,0.000,0.000,0.000,0.000,0.000,0.006,0.000
95.2055,952,0,move,-1,95.2055,95.2185,0,0.000,-0.088,0.176,-0.176,-0.088,0.088,-0.264,-0.088,0.176,0.000,-0.176,-0.088,-0.088,-47.197,32.783,0.000,0.439,0.176,0.000,0.000,0.000,0.000,0.000,0.000,0.000,0.000,0.000,0.000,0.000,0.000,0.000,-47.133,32.667,0.000,0.000,0.000,0.006,3.2,11.30,32.0,0.000,0.000,0.000,0.000,0.000,0.000,0.006,0.000,0.000,0.000,0.006,0.000,0.000,0.000,0.000,0.000,0.006,0.000
95.3131,953,0,move,-1,95.3131,95.3239,0,0.000,-0.088,0.176,-0.176,-0.088,0.088,-0.264,-0.088,0.176,0.000,-0.176,-0.088,-0.088,-47.197,32.783,0.000,0.439,0.176,0.000,0.000,0.000,0.000,0.000,0.000,0.000,0.000,0.000,0.000,0.000,0.000,0.000,-47.133,32.667,0.000,0.000,0.000,0.006,2.4,11.30,32.0,0.000,0.000,0.006,0.006,0.000,0.000,0.006,0.000,0.000,0.000,0.000,0.000,0.000,0.000,0.000,0.000,0.006,0.000
95.4057,954,0,move,-1,95.4057,95.4122,0,0.000,-0.088,0.176,-0.176,-0.088,0.088,-0.264,-0.088,0.176,0.000,-0.176,-0.088,-0.088,-47.197,32.783,0.000,0.439,0.176,0.000,0.000,0.000,0.000,0.000,0.000,0.000,0.000,0.000,0.000,0.000,0.000,0.000,-47.133,32.667,0.000,0.000,0.000,0.006,2.4,11.30,32.0,0.000,0.000,0.006,0.006,0.000,0.000,0.006,0.000,0.000,0.000,0.000,0.000,0.000,0.000,0.000,0.000,0.006,0.000
95.5053,955,0,move,-1,95.5053,95.5169,0,0.000,-0.088,0.176,-0.176,-0.088,0.088,-0.264,-0.088,0.176,0.000,-0.176,-0.088,-0.088,-47.197,32.783,0.000,0.439,0.176,0.000,0.000,0.000,0.000,0.000,0.000,0.000,0.000,0.000,0.000,0.000,0.000,0.000,-47.133,32.667,0.000,0.000,0.000,0.006,2.4,11.30,32.0,0.000,0.000,0.006,0.000,0.000,0.000,0.006,0.000,0.000,0.000,0.000,0.000,0.000,0.000,0.000,0.000,0.006,0.000
95.6056,956,0,move,-1,95.6056,95.6193,0,0.000,-0.088,0.176,-0.176,-0.088,0.088,-0.264,-0.088,0.176,0.000,-0.176,-0.088,-0.088,-47.197,32.783,0.000,0.439,0.176,0.000,0.000,0.000,0.000,0.000,0.000,0.000,0.000,0.000,0.000,0.000,0.000,0.000,-47.133,32.667,0.000,0.000,0.000,0.006,2.4,11.30,33.0,0.000,0.000,0.000,0.006,0.000,0.000,0.000,0.000,0.000,0.000,0.000,0.000,0.000,0.000,0.000,0.000,0.006,0.000
95.7055,957,0,move,-1,95.7055,95.7163,0,0.000,-0.088,0.176,-0.176,-0.088,0.088,-0.264,-0.088,0.176,0.000,-0.176,-0.088,-0.088,-47.197,32.783,0.000,0.439,0.176,0.000,0.000,0.000,0.000,0.000,0.000,0.000,0.000,0.000,0.000,0.000,0.000,0.000,-47.133,32.667,0.000,0.000,0.000,0.006,2.4,11.30,33.0,0.000,0.000,0.000,0.006,0.000,0.000,0.000,0.000,0.000,0.000,0.000,0.000,0.000,0.000,0.000,0.000,0.006,0.000
95.8085,958,0,move,-1,95.8085,95.8553,0,0.000,-0.088,0.176,-0.176,-0.088,0.088,-0.264,-0.088,0.176,0.000,-0.176,-0.088,-0.088,-47.197,32.783,0.000,0.439,0.176,0.000,0.000,0.000,0.000,0.000,0.000,0.000,0.000,0.000,0.000,0.000,0.000,0.000,-47.133,32.667,0.000,0.000,0.000,0.006,3.2,11.20,32.0,0.000,0.000,0.000,0.000,0.000,0.000,0.006,0.000,0.000,0.000,0.000,0.000,0.000,0.000,0.000,0.000,0.006,0.006
95.9072,959,0,move,-1,95.9072,95.9173,0,0.000,-0.088,0.176,-0.176,-0.088,0.088,-0.264,-0.088,0.176,0.000,-0.176,-0.088,-0.088,-47.197,32.783,0.000,0.439,0.176,0.000,0.000,0.000,0.000,0.000,0.000,0.000,0.000,0.000,0.000,0.000,0.000,0.000,-47.133,32.667,0.000,0.000,0.000,0.006,3.2,11.20,32.0,0.000,0.000,0.000,0.000,0.000,0.000,0.006,0.000,0.000,0.000,0.000,0.000,0.000,0.000,0.000,0.000,0.006,0.006
96.0053,960,0,move,-1,96.0053,96.0157,0,0.000,-0.088,0.176,-0.176,-0.088,0.088,-0.264,-0.088,0.176,0.000,-0.176,-0.088,-0.088,-47.197,32.783,0.000,0.439,0.176,0.000,0.000,0.000,0.000,0.000,0.000,0.000,0.000,0.000,0.000,0.000,0.000,0.000,-47.033,32.619,0.000,0.000,0.000,0.006,4.8,11.30,31.0,0.000,0.000,0.000,0.000,0.000,0.000,0.000,0.000,0.000,0.000,0.000,0.000,0.000,0.000,0.000,0.000,0.006,0.000
96.1056,961,0,move,-1,96.1056,96.1184,0,0.000,-0.088,0.176,-0.176,-0.088,0.088,-0.264,-0.088,0.176,0.000,-0.176,-0.088,-0.088,-47.197,32.783,0.000,0.439,0.176,0.000,0.000,0.000,0.000,0.000,0.000,0.000,0.000,0.000,0.000,0.000,0.000,0.000,-46.742,32.477,0.000,0.000,0.000,0.013,4.8,11.30,31.0,0.000,0.000,0.000,0.000,0.000,0.000,0.000,0.000,0.000,0.000,0.006,0.000,0.000,0.000,0.006,0.000,0.013,0.006
96.2055,962,0,move,-1,96.2055,96.2161,0,0.000,-0.088,0.176,-0.176,-0.088,0.088,-0.264,-0.088,0.176,0.000,-0.176,-0.088,-0.088,-46.846,32.783,0.000,0.439,0.176,0.000,0.000,0.000,0.000,0.000,0.000,0.000,0.000,0.000,0.000,0.000,0.000,0.000,-46.288,32.255,0.000,0.000,0.000,0.013,4.8,11.30,31.0,0.000,0.000,0.000,0.000,0.000,0.000,0.000,0.000,0.000,0.000,0.006,0.000,0.000,0.000,0.006,0.000,0.013,0.006
96.3055,963,0,move,-1,96.3055,96.3169,0,0.000,-0.088,0.176,-0.176,-0.088,0.088,-0.264,-0.088,0.176,0.000,-0.176,-0.088,-0.088,-46.494,32.344,0.000,0.439,0.176,0.000,0.000,0.000,0.000,0.000,0.000,0.000,0.000,0.000,0.000,0.000,0.000,0.000,-45.712,31.972,0.000,0.000,0.000,0.019,5.2,11.30,29.0,0.000,0.000,0.000,0.006,0.000,0.000,0.006,0.000,0.006,0.000,0.000,0.000,0.000,0.006,0.019,0.000,0.013,0.006
96.4054,964,0,move,-1,96.4054,96.4187,0,0.000,-0.088,0.176,-0.176,-0.088,0.088,-0.264,-0.088,0.176,0.000,-0.176,-0.088,-0.088,-45.967,31.992,0.000,0.439,0.176,0.000,0.000,0.000,0.000,0.000,0.000,0.000,0.000,0.000,0.000,0.000,0.000,0.000,-45.069,31.653,0.000,0.000,0.000,0.013,4.0,11.30,29.0,0.000,0.000,0.000,0.000,0.000,0.000,0.006,0.000,0.006,0.000,0.006,0.000,0.000,0.013,0.006,0.000,0.006,0.000
96.5055,965,0,move,-1,96.5055,96.5311,0,0.000,-0.088,0.176,-0.176,-0.088,0.088,-0.264,-0.088,0.176,0.000,-0.176,-0.088,-0.088,-45.527,31.641,0.000,0.439,0.176,0.000,0.000,0.000,0.000,0.000,0.000,0.000,0.000,0.000,0.000,0.000,0.000,0.000,-44.421,31.329,0.000,0.000,0.000,0.026,5.6,11.30,29.0,0.000,0.000,0.000,0.006,0.000,0.000,0.006,0.000,0.000,0.000,0.006,0.000,0.000,0.026,0.006,0.000,0.006,0.006
96.6055,966,0,move,-1,96.6055,96.6189,0,0.000,-0.088,0.176,-0.176,-0.088,0.088,-0.264,-0.088,0.176,0.000,-0.176,-0.088,-0.088,-44.736,31.289,0.000,0.439,0.176,0.000,0.000,0.000,0.000,0.000,0.000,0.000,0.000,0.000,0.000,0.000,0.000,0.000,-43.833,31.033,0.000,0.000,0.000,0.026,5.6,11.30,29.0,0.000,0.000,0.000,0.006,0.000,0.000,0.006,0.000,0.000,0.000,0.006,0.000,0.000,0.026,0.006,0.000,0.006,0.006
96.7055,967,0,move,-1,96.7055,96.7183,0,0.000,-0.088,0.176,-0.176,-0.088,0.088,-0.264,-0.088,0.176,0.000,-0.176,-0.088,-0.088,-44.121,31.201,0.000,0.439,0.176,0.000,0.000,0.000,0.000,0.000,0.000,0.000,0.000,0.000,0.000,0.000,0.000,0.000,-43.362,30.795,0.000,0.000,0.000,0.013,3.6,11.30,29.0,0.000,0.000,0.006,0.006,0.000,0.000,0.000,0.000,0.000,0.000,0.000,0.000,0.000,0.013,0.000,0.000,0.006,0.000
96.8055,968,0,move,-1,96.8055,96.8162,0,0.000,-0.088,0.176,-0.176,-0.088,0.088,-0.264,-0.088,0.176,0.000,-0.176,-0.088,-0.088,-43.506,30.762,0.000,0.439,0.176,0.000,0.000,0.000,0.000,0.000,0.000,0.000,0.000,0.000,0.000,0.000,0.000,0.000,-43.059,30.640,0.000,0.000,0.000,0.013,3.6,11.30,29.0,0.000,0.000,0.006,0.006,0.000,0.000,0.000,0.000,0.000,0.000,0.000,0.000,0.000,0.013,0.000,0.000,0.006,0.000
96.9055,969,0,move,-1,96.9055,96.9167,0,0.000,-0.088,0.176,-0.176,-0.088,0.088,-0.264,-0.088,0.176,0.000,-0.176,-0.088,-0.088,-43.066,30.762,0.000,0.439,0.176,0.000,0.000,0.000,0.000,0.000,0.000,0.000,0.000,0.000,0.000,0.000,0.000,0.000,-42.955,30.587,0.000,0.000,0.000,0.013,4.8,11.30,31.0,0.000,0.000,0.000,0.006,0.000,0.000,0.000,0.000,0.000,0.000,0.000,0.000,0.000,0.006,0.000,0.000,0.013,0.000
97.0055,970,0,move,-1,97.0055,97.0179,0,0.000,-0.088,0.176,-0.176,-0.088,0.088,-0.264,-0.088,0.176,0.000,-0.176,-0.088,-0.088,-43.066,30.762,0.000,0.439,0.176,0.000,0.000,0.000,0.000,0.000,0.000,0.000,0.000,0.000,0.000,0.000,0.000,0.000,-42.955,30.587,0.000,0.000,0.000,0.006,2.4,11.30,31.0,0.000,0.000,0.000,0.000,0.000,0.000,0.000,0.000,0.000,0.000,0.006,0.000,0.000,0.000,0.006,0.000,0.006,0.000
97.1054,971,0,move,-1,97.1054,97.1166,0,0.000,-0.088,0.176,-0.176,-0.088,0.088,-0.264,-0.088,0.176,0.000,-0.176,-0.088,-0.088,-43.066,30.762,0.000,0.439,0.176,0.000,0.000,0.000,0.000,0.000,0.000,0.000,0.000,0.000,0.000,0.000,0.000,0.000,-42.955,30.587,0.000,0.000,0.000,0.006,2.4,11.30,31.0,0.000,0.000,0.000,0.000,0.000,0.000,0.000,0.000,0.000,0.000,0.006,0.000,0.000,0.000,0.006,0.000,0.006,0.000
97.2055,972,0,move,-1,97.2055,97.2175,0,0.000,-0.088,0.176,-0.176,-0.088,0.088,-0.264,-0.088,0.176,0.000,-0.176,-0.088,-0.088,-43.066,30.762,0.000,0.439,0.176,0.000,0.000,0.000,0.000,0.000,0.000,0.000,0.000,0.000,0.000,0.000,0.000,0.000,-42.955,30.587,0.000,0.000,0.000,0.006,3.2,11.30,32.0,0.000,0.000,0.000,0.000,0.000,0.000,0.006,0.000,0.006,0.000,0.000,0.000,0.000,0.000,0.006,0.000,0.006,0.006
97.3286,973,0,move,-1,97.3286,97.3767,0,0.000,-0.088,0.176,-0.176,-0.088,0.088,-0.264,-0.088,0.176,0.000,-0.176,-0.088,-0.088,-43.066,30.762,0.000,0.439,0.176,0.000,0.000,0.000,0.000,0.000,0.000,0.000,0.000,0.000,0.000,0.000,0.000,0.000,-42.955,30.587,0.000,0.000,0.000,0.006,2.4,11.30,32.0,0.000,0.000,0.000,0.006,0.000,0.000,,0.000,0.000,0.000,0.000,0.000,0.000,0.000,0.006,0.000,0.006,0.000
97.4054,974,0,move,-1,97.4054,97.4139,0,0.000,-0.088,0.176,-0.176,-0.088,0.088,-0.264,-0.088,0.176,0.000,-0.176,-0.088,-0.088,-43.066,30.762,0.000,0.439,0.176,0.000,0.000,0.000,0.000,0.000,0.000,0.000,0.000,0.000,0.000,0.000,0.000,0.000,-42.955,30.587,0.000,0.000,0.000,0.006,2.4,11.30,32.0,0.000,0.000,0.000,0.006,0.000,0.000,,0.000,0.000,0.000,0.000,0.000,0.000,0.000,0.006,0.000,0.006,0.000
97.5053,975,0,move,-1,97.5053,97.5212,0,0.000,-0.088,0.176,-0.176,-0.088,0.088,-0.264,-0.088,0.176,0.000,-0.176,-0.088,-0.088,-43.066,30.762,0.000,0.439,0.176,0.000,0.000,0.000,0.000,0.000,0.000,0.000,0.000,0.000,0.000,0.000,0.000,0.000,-42.955,30.587,0.000,0.000,0.000,0.006,3.2,11.30,32.0,0.000,0.000,0.000,0.000,0.000,0.000,0.006,0.000,0.000,0.000,0.000,0.000,0.000,0.000,0.000,0.000,0.006,0.000
97.6055,976,0,move,-1,97.6055,97.6162,0,0.000,-0.088,0.176,-0.176,-0.088,0.088,-0.264,-0.088,0.176,0.000,-0.176,-0.088,-0.088,-43.066,30.762,0.000,0.439,0.176,0.000,0.000,0.000,0.000,0.000,0.000,0.000,0.000,0.000,0.000,0.000,0.000,0.000,-42.955,30.587,0.000,0.000,0.000,0.006,3.2,11.30,32.0,0.000,0.000,0.000,0.000,0.000,0.000,0.006,0.000,0.000,0.000,0.000,0.000,0.000,0.000,0.000,0.000,0.006,0.000
97.7053,977,0,move,-1,97.7053,97.7166,0,0.000,-0.088,0.176,-0.176,-0.088,0.088,-0.264,-0.088,0.176,0.000,-0.176,-0.088,-0.088,-43.066,30.762,0.000,0.439,0.176,0.000,0.000,0.000,0.000,0.000,0.000,0.000,0.000,0.000,0.000,0.000,0.000,0.000,-42.955,30.587,0.000,0.000,0.000,0.006,2.4,11.30,32.0,0.000,0.000,0.000,0.006,0.000,0.000,0.006,0.000,0.000,0.000,0.000,0.000,0.000,0.000,0.006,0.000,0.006,0.006
97.8053,978,0,move,-1,97.8053,97.8207,0,0.000,-0.088,0.176,-0.176,-0.088,0.088,-0.264,-0.088,0.176,0.000,-0.176,-0.088,-0.088,-42.979,30.762,0.000,0.439,0.176,0.000,0.000,0.000,0.000,0.000,0.000,0.000,0.000,0.000,0.000,0.000,0.000,0.000,-42.955,30.587,0.000,0.000,0.000,0.013,4.8,11.30,31.0,0.000,0.000,0.000,0.006,0.000,0.000,0.006,0.000,0.006,0.000,0.000,0.000,0.000,0.000,0.006,0.000,0.013,0.006
97.9054,979,0,move,-1,97.9054,97.9171,0,0.000,-0.088,0.176,-0.176,-0.088,0.088,-0.264,-0.088,0.176,0.000,-0.176,-0.088,-0.088,-42.979,30.762,0.000,0.439,0.176,0.000,0.000,0.000,0.000,0.000,0.000,0.000,0.000,0.000,0.000,0.000,0.000,0.000,-42.955,30.587,0.000,0.000,0.000,0.013,4.8,11.30,31.0,0.000,0.000,0.000,0.006,0.000,0.000,0.006,0.000,0.006,0.000,0.000,0.000,0.000,0.000,0.006,0.000,0.013,0.006
98.0055,980,0,move,-1,98.0055,98.0191,0,0.000,-0.088,0.176,-0.176,-0.088,0.088,-0.264,-0.088,0.176,0.000,-0.176,-0.088,-0.088,-42.979,30.762,0.000,0.439,0.176,0.000,0.000,0.000,0.000,0.000,0.000,0.000,0.000,0.000,0.000,0.000,0.000,0.000,-42.955,30.587,0.000,0.000,0.000,0.006,2.4,11.30,32.0,0.000,0.000,0.006,0.006,0.000,0.000,0.006,0.000,0.000,0.000,0.000,0.000,0.000,0.000,0.006,0.000,0.006,0.000
98.1094,981,0,move,-1,98.1094,98.1233,0,0.000,-0.088,0.176,-0.176,-0.088,0.088,-0.264,-0.088,0.176,0.000,-0.176,-0.088,-0.088,-42.979,30.762,0.000,0.439,0.176,0.000,0.000,0.000,0.000,0.000,0.000,0.000,0.000,0.000,0.000,0.000,0.000,0.000,-42.955,30.587,0.000,0.000,0.000,0.013,4.8,11.30,31.0,0.000,0.000,0.000,0.000,0.000,0.000,0.000,0.000,0.000,0.000,0.006,0.000,0.000,0.000,0.006,0.000,0.013,0.006
98.2055,982,0,move,-1,98.2055,98.2180,0,0.000,-0.088,0.176,-0.176,-0.088,0.088,-0.264,-0.088,0.176,0.000,-0.176,-0.088,-0.088,-42.979,30.762,0.000,0.439,0.176,0.000,0.000,0.000,0.000,0.000,0.000,0.000,0.000,0.000,0.000,0.000,0.000,0.000,-42.955,30.587,0.000,0.000,0.000,0.013,4.8,11.30,31.0,0.000,0.000,0.000,0.000,0.000,0.000,0.000,0.000,0.000,0.000,0.006,0.000,0.000,0.000,0.006,0.000,0.013,0.006
98.3055,983,0,move,-1,98.3055,98.3166,0,0.000,-0.088,0.176,-0.176,-0.088,0.088,-0.264,-0.088,0.176,0.000,-0.176,-0.088,-0.088,-42.979,30.762,0.000,0.439,0.176,0.000,0.000,0.000,0.000,0.000,0.000,0.000,0.000,0.000,0.000,0.000,0.000,0.000,-42.955,30.587,0.000,0.000,0.000,0.006,2.4,11.30,32.0,0.000,0.000,0.006,0.006,0.000,0.000,0.006,0.000,0.006,0.000,0.006,0.000,0.000,0.000,0.006,0.000,0.006,0.006
98.4055,984,0,move,-1,98.4055,98.4170,0,0.000,-0.088,0.176,-0.176,-0.088,0.088,-0.264,-0.088,0.176,0.000,-0.176,-0.088,-0.088,-42.979,30.762,0.000,0.439,0.176,0.000,0.000,0.000,0.000,0.000,0.000,0.000,0.000,0.000,0.000,0.000,0.000,0.000,-42.955,30.587,0.000,0.000,0.000,0.006,2.4,11.30,32.0,0.000,0.000,0.006,0.006,0.000,0.000,0.000,0.000,0.000,0.000,0.006,0.000,0.000,0.000,0.006,0.000,0.006,0.000
98.5055,985,0,move,-1,98.5055,98.5165,0,0.000,-0.088,0.176,-0.176,-0.088,0.088,-0.264,-0.088,0.176,0.000,-0.176,-0.088,-0.088,-42.979,30.762,0.000,0.439,0.176,0.000,0.000,0.000,0.000,0.000,0.000,0.000,0.000,0.000,0.000,0.000,0.000,0.000,-42.955,30.587,0.000,0.000,0.000,0.006,2.4,11.30,32.0,0.000,0.000,0.006,0.006,0.000,0.000,0.000,0.000,0.000,0.000,0.006,0.000,0.000,0.000,0.006,0.000,0.006,0.000
98.6070,986,0,move,-1,98.6070,98.6175,0,0.000,-0.088,0.176,-0.176,-0.088,0.088,-0.264,-0.088,0.176,0.000,-0.176,-0.088,-0.088,-42.979,30.762,0.000,0.439,0.176,0.000,0.000,0.000,0.000,0.000,0.000,0.000,0.000,0.000,0.000,0.000,0.000,0.000,-42.955,30.587,0.000,0.000,0.000,0.006,3.2,11.30,32.0,0.000,0.000,0.000,0.000,0.000,0.000,0.006,0.000,0.006,0.000,0.000,0.000,0.000,0.000,0.006,0.000,0.006,0.000
98.7055,987,0,move,-1,98.7055,98.7177,0,0.000,-0.088,0.176,-0.176,-0.088,0.088,-0.264,-0.088,0.176,0.000,-0.176,-0.088,-0.088,-42.979,30.762,0.000,0.439,0.176,0.000,0.000,0.000,0.000,0.000,0.000,0.000,0.000,0.000,0.000,0.000,0.000,0.000,-42.955,30.587,0.000,0.000,0.000,0.013,2.4,11.30,29.0,0.000,0.000,0.006,0.000,0.000,0.000,0.000,0.000,0.000,0.000,0.000,0.000,0.000,0.000,0.013,0.000,0.006,0.000
98.8053,988,0,move,-1,98.8053,98.8108,0,0.000,-0.088,0.176,-0.176,-0.088,0.088,-0.264,-0.088,0.176,0.000,-0.176,-0.088,-0.088,-42.979,30.762,0.000,0.439,0.176,0.000,0.000,0.000,0.000,0.000,0.000,0.000,0.000,0.000,0.000,0.000,0.000,0.000,-42.955,30.587,0.000,0.000,0.000,0.013,2.4,11.30,29.0,0.000,0.000,0.006,0.000,0.000,0.000,0.000,0.000,0.000,0.000,0.000,0.000,0.000,0.000,0.013,0.000,0.006,0.000
98.9053,989,0,move,-1,98.9053,98.9121,0,0.000,-0.088,0.176,-0.176,-0.088,0.088,-0.264,-0.088,0.176,0.000,-0.176,-0.088,-0.088,-42.979,30.762,0.000,0.439,0.176,0.000,0.000,0.000,0.000,0.000,0.000,0.000,0.000,0.000,0.000,0.000,0.000,0.000,-42.955,30.587,0.000,0.000,0.000,0.006,3.2,11.30,32.0,0.000,0.000,0.000,0.000,0.000,0.000,0.006,0.000,0.000,0.000,0.000,0.000,0.000,0.000,0.006,0.000,0.006,0.006
99.0055,990,0,move,-1,99.0055,99.0165,0,0.000,-0.088,0.176,-0.176,-0.088,0.088,-0.264,-0.088,0.176,0.000,-0.176,-0.088,-0.088,-42.979,30.762,0.000,0.439,0.176,0.000,0.000,0.000,0.000,0.000,0.000,0.000,0.000,0.000,0.000,0.000,0.000,0.000,-42.955,30.587,0.000,0.000,0.000,0.013,2.4,11.30,29.0,0.000,0.000,0.000,0.000,0.000,0.000,0.006,0.000,0.006,0.000,0.006,0.000,0.000,0.000,0.013,0.000,0.013,0.000
99.1055,991,0,move,-1,99.1055,99.1180,0,0.000,-0.088,0.176,-0.176,-0.088,0.088,-0.264,-0.088,0.176,0.000,-0.176,-0.088,-0.088,-42.979,30.762,0.000,0.439,0.176,0.000,0.000,0.000,0.000,0.000,0.000,0.000,0.000,0.000,0.000,0.000,0.000,0.000,-42.955,30.587,0.000,0.000,0.000,0.013,4.8,11.30,31.0,0.000,0.000,0.000,0.006,0.000,0.000,0.006,0.000,0.000,0.000,0.000,0.000,0.000,0.000,0.000,0.000,0.013,0.006
99.2053,992,0,move,-1,99.2053,99.2196,0,0.000,-0.088,0.176,-0.176,-0.088,0.088,-0.264,-0.088,0.176,0.000,-0.176,-0.088,-0.088,-42.979,30.762,0.000,0.439,0.176,0.000,0.000,0.000,0.000,0.000,0.000,0.000,0.000,0.000,0.000,0.000,0.000,0.000,-42.955,30.587,0.000,0.000,0.000,0.006,2.4,11.30,32.0,0.000,0.000,0.000,0.006,0.000,0.000,0.000,0.000,0.000,0.000,0.000,0.000,0.000,0.000,0.006,0.000,0.006,0.006
99.3053,993,0,move,-1,99.3053,99.3287,0,0.000,-0.088,0.176,-0.176,-0.088,0.088,-0.264,-0.088,0.176,0.000,-0.176,-0.088,-0.088,-42.979,30.762,0.000,0.439,0.176,0.000,0.000,0.000,0.000,0.000,0.000,0.000,0.000,0.000,0.000,0.000,0.000,0.000,-42.955,30.587,0.000,0.000,0.000,0.006,2.4,11.30,32.0,0.000,0.000,0.000,0.006,0.000,0.000,0.006,0.000,0.000,0.000,0.006,0.000,0.000,0.000,0.006,0.000,0.006,0.000
99.4053,994,0,move,-1,99.4053,99.4114,0,0.000,-0.088,0.176,-0.176,-0.088,0.088,-0.264,-0.088,0.176,0.000,-0.176,-0.088,-0.088,-42.979,30.762,0.000,0.439,0.176,0.000,0.000,0.000,0.000,0.000,0.000,0.000,0.000,0.000,0.000,0.000,0.000,0.000,-42.955,30.587,0.000,0.000,0.000,0.006,2.4,11.30,32.0,0.000,0.000,0.000,0.006,0.000,0.000,0.006,0.000,0.000,0.000,0.006,0.000,0.000,0.000,0.006,0.000,0.006,0.000
99.5053,995,0,move,-1,99.5053,99.5145,0,0.000,-0.088,0.176,-0.176,-0.088,0.088,-0.264,-0.088,0.176,0.000,-0.176,-0.088,-0.088,-42.979,30.762,0.000,0.439,0.176,0.000,0.000,0.000,0.000,0.000,0.000,0.000,0.000,0.000,0.000,0.000,0.000,0.000,-42.955,30.587,0.000,0.000,0.000,0.013,4.8,11.30,31.0,0.000,0.000,0.000,0.000,0.000,0.000,0.006,0.000,0.000,0.000,0.000,0.000,0.000,0.000,0.006,0.000,0.013,0.000
99.6053,996,0,move,-1,99.6053,99.6163,0,0.000,-0.088,0.176,-0.176,-0.088,0.088,-0.264,-0.088,0.176,0.000,-0.176,-0.088,-0.088,-42.979,30.762,0.000,0.439,0.176,0.000,0.000,0.000,0.000,0.000,0.000,0.000,0.000,0.000,0.000,0.000,0.000,0.000,-42.955,30.587,0.000,0.000,0.000,0.006,2.4,11.30,32.0,0.000,0.000,0.000,0.006,0.000,0.000,0.000,0.000,0.000,0.000,0.006,0.000,0.000,0.000,0.006,0.000,0.006,0.000
99.7053,997,0,move,-1,99.7053,99.7162,0,0.000,-0.088,0.176,-0.176,-0.088,0.088,-0.264,-0.088,0.176,0.000,-0.176,-0.088,-0.088,-42.979,30.762,0.000,0.439,0.176,0.000,0.000,0.000,0.000,0.000,0.000,0.000,0.000,0.000,0.000,0.000,0.000,0.000,-42.955,30.587,0.000,0.000,0.000,0.006,2.4,11.30,32.0,0.000,0.000,0.000,0.006,0.000,0.000,0.000,0.000,0.000,0.000,0.006,0.000,0.000,0.000,0.006,0.000,0.006,0.000
99.8053,998,0,move,-1,99.8053,99.8178,0,0.000,-0.088,0.176,-0.176,-0.088,0.088,-0.264,-0.088,0.176,0.000,-0.176,-0.088,-0.088,-42.979,30.762,0.000,0.439,0.176,0.000,0.000,0.000,0.000,0.000,0.000,0.000,0.000,0.000,0.000,0.000,0.000,0.000,-42.955,30.587,0.000,0.000,0.000,0.006,2.4,11.30,32.0,,0.000,0.000,0.006,0.000,0.000,0.006,0.000,0.000,0.000,0.000,0.000,0.000,0.000,0.006,0.000,0.006,0.000
99.9053,999,0,move,-1,99.9053,99.9153,0,0.000,-0.088,0.176,-0.176,-0.088,0.088,-0.264,-0.088,0.176,0.000,-0.176,-0.088,-0.088,-42.979,30.762,0.000,0.439,0.176,0.000,0.000,0.000,0.000,0.000,0.000,0.000,0.000,0.000,0.000,0.000,0.000,0.000,-42.955,30.587,0.000,0.000,0.000,0.006,2.4,11.30,32.0,,0.000,0.000,0.006,0.000,0.000,0.006,0.000,0.000,0.000,0.000,0.000,0.000,0.000,0.006,0.000,0.006,0.000
100.0053,1000,0,move,-1,100.0053,100.0169,0,0.000,-0.088,0.176,-0.176,-0.088,0.088,-0.264,-0.088,0.176,0.000,-0.176,-0.088,-0.088,-42.979,30.762,0.000,0.439,0.176,0.000,0.000,0.000,0.000,0.000,0.000,0.000,0.000,0.000,0.000,0.000,0.000,0.000,-43.059,30.640,0.000,0.000,0.000,0.013,4.8,11.30,31.0,0.000,0.000,0.000,0.000,0.000,0.000,0.006,0.000,0.000,0.000,0.000,0.000,0.000,0.000,0.006,0.000,0.013,0.000
100.1055,1001,0,move,-1,100.1055,100.1194,0,0.000,-0.088,0.176,-0.176,-0.088,0.088,-0.264,-0.088,0.176,0.000,-0.176,-0.088,-0.088,-42.979,30.762,0.000,0.439,0.176,0.000,0.000,0.000,0.000,0.000,0.000,0.000,0.000,0.000,0.000,0.000,0.000,0.000,-43.362,30.795,0.000,0.000,0.000,0.006,3.2,11.30,32.0,0.000,0.000,0.000,0.000,0.000,0.000,0.006,0.000,0.000,0.000,0.000,0.000,0.000,0.000,0.006,0.000,0.006,0.000
100.2055,1002,0,move,-1,100.2055,100.2184,0,0.000,-0.088,0.176,-0.176,-0.088,0.088,-0.264,-0.088,0.176,0.000,-0.176,-0.088,-0.088,-43.154,30.762,0.000,0.439,0.176,0.000,0.000,0.000,0.000,0.000,0.000,0.000,0.000,0.000,0.000,0.000,0.000,0.000,-43.833,31.033,0.000,0.000,0.000,0.006,3.2,11.30,32.0,0.000,0.000,0.000,0.000,0.000,0.000,0.006,0.000,0.000,0.000,0.000,0.000,0.000,0.000,0.006,0.000,0.006,0.000
100.3055,1003,0,move,-1,100.3055,100.3161,0,0.000,-0.088,0.176,-0.176,-0.088,0.088,-0.264,-0.088,0.176,0.000,-0.176,-0.088,-0.088,-43.418,30.850,0.000,0.439,0.176,0.000,0.000,0.000,0.000,0.000,0.000,0.000,0.000,0.000,0.000,0.000,0.000,0.000,-44.421,31.329,0.000,0.000,0.000,0.026,7.2,11.30,29.0,0.000,0.000,0.000,0.006,0.000,0.000,0.000,0.000,0.000,0.000,0.006,0.000,0.000,0.026,0.013,0.000,0.006,0.000
100.4053,1004,0,move,-1,100.4053,100.4179,0,0.000,-0.088,0.176,-0.176,-0.088,0.088,-0.264,-0.088,0.176,0.000,-0.176,-0.088,-0.088,-43.594,31.201,0.000,0.439,0.176,0.000,0.000,0.000,0.000,0.000,0.000,0.000,0.000,0.000,0.000,0.000,0.000,0.000,-45.069,31.653,0.000,0.000,0.000,0.033,7.6,11.30,29.0,0.000,0.000,0.000,0.000,0.000,0.000,0.006,0.000,0.006,0.000,0.000,0.000,0.000,0.033,0.006,0.000,0.006,0.000
100.5053,1005,0,move,-1,100.5053,100.5158,0,0.000,-0.088,0.176,-0.176,-0.088,0.088,-0.264,-0.088,0.176,0.000,-0.176,-0.088,-0.088,-44.297,31.553,0.000,0.439,0.176,0.000,0.000,0.000,0.000,0.000,0.000,0.000,0.000,0.000,0.000,0.000,0.000,0.000,-45.712,31.972,0.000,0.000,0.000,0.033,7.6,11.30,29.0,0.000,0.000,0.000,0.000,0.000,0.000,0.006,0.000,0.006,0.000,0.000,0.000,0.000,0.033,0.006,0.000,0.006,0.000
100.6053,1006,0,move,-1,100.6053,100.6177,0,0.000,-0.088,0.176,-0.176,-0.088,0.088,-0.264,-0.088,0.176,0.000,-0.176,-0.088,-0.088,-44.912,31.992,0.000,0.439,0.176,0.000,0.000,0.000,0.000,0.000,0.000,0.000,0.000,0.000,0.000,0.000,0.000,0.000,-46.288,32.255,0.000,0.000,0.000,0.026,7.6,11.30,29.0,0.000,0.000,0.006,0.006,0.000,0.000,0.000,0.000,0.000,0.000,0.000,0.000,0.000,0.026,0.006,0.000,0.006,0.000
100.7053,1007,0,move,-1,100.7053,100.7159,0,0.000,-0.088,0.176,-0.176,-0.088,0.088,-0.264,-0.088,0.176,0.000,-0.176,-0.088,-0.088,-45.439,32.168,0.000,0.439,0.176,0.000,0.000,0.000,0.000,0.000,0.000,0.000,0.000,0.000,0.000,0.000,0.000,0.000,-46.742,32.477,0.000,0.000,0.000,0.026,7.6,11.30,29.0,0.000,0.000,0.006,0.006,0.000,0.000,0.000,0.000,0.000,0.000,0.000,0.000,0.000,0.026,0.006,0.000,0.006,0.000
100.8053,1008,0,move,-1,100.8053,100.8200,0,0.000,-0.088,0.176,-0.176,-0.088,0.088,-0.264,-0.088,0.176,0.000,-0.176,-0.088,-0.088,-46.055,32.520,0.000,0.439,0.176,0.000,0.000,0.000,0.000,0.000,0.000,0.000,0.000,0.000,0.000,0.000,0.000,0.000,-47.033,32.619,0.000,0.000,0.000,0.052,8.0,11.30,29.0,0.000,0.000,0.000,0.000,0.000,0.000,0.006,0.000,0.006,0.000,0.000,0.000,0.000,0.052,0.006,0.000,0.006,0.006
100.9094,1009,0,move,-1,100.9094,100.9218,0,0.000,-0.088,0.176,-0.176,-0.088,0.088,-0.264,-0.088,0.176,0.000,-0.176,-0.088,-0.088,-46.406,32.607,0.000,0.439,0.176,0.000,0.000,0.000,0.000,0.000,0.000,0.000,0.000,0.000,0.000,0.000,0.000,0.000,-47.133,32.667,0.000,0.000,0.000,0.033,7.2,11.30,28.0,0.000,0.000,0.006,0.000,0.000,0.000,0.006,0.000,0.000,0.000,0.000,0.000,0.000,0.033,0.000,0.000,0.013,0.000
101.0055,1010,0,move,-1,101.0055,101.0180,0,0.000,-0.088,0.176,-0.176,-0.088,0.088,-0.264,-0.088,0.176,0.000,-0.176,-0.088,-0.088,-46.406,32.607,0.000,0.439,0.176,0.000,0.000,0.000,0.000,0.000,0.000,0.000,0.000,0.000,0.000,0.000,0.000,0.000,-47.133,32.667,0.000,0.000,0.000,0.033,7.2,11.30,28.0,0.000,0.000,0.006,0.000,0.000,0.000,0.006,0.000,0.000,0.000,0.000,0.000,0.000,0.033,0.000,0.000,0.013,0.000
101.1055,1011,0,move,-1,101.1055,101.1154,0,0.000,-0.088,0.176,-0.176,-0.088,0.088,-0.264,-0.088,0.176,0.000,-0.176,-0.088,-0.088,-46.406,32.607,0.000,0.439,0.176,0.000,0.000,0.000,0.000,0.000,0.000,0.000,0.000,0.000,0.000,0.000,0.000,0.000,-47.133,32.667,0.000,0.000,0.000,0.033,7.2,11.30,29.0,0.000,0.000,0.000,0.006,0.000,0.000,0.000,0.000,0.000,0.000,0.000,0.000,0.000,0.033,0.000,0.000,0.013,0.000
101.2055,1012,0,move,-1,101.2055,101.2163,0,0.000,-0.088,0.176,-0.176,-0.088,0.088,-0.264,-0.088,0.176,0.000,-0.176,-0.088,-0.088,-46.406,32.607,0.000,0.439,0.176,0.000,0.000,0.000,0.000,0.000,0.000,0.000,0.000,0.000,0.000,0.000,0.000,0.000,-47.133,32.667,0.000,0.000,0.000,0.033,7.2,11.30,29.0,0.000,0.000,0.000,0.006,0.000,0.000,0.006,0.000,0.006,0.000,0.000,0.000,0.000,0.033,0.000,0.000,0.013,0.000
101.3055,1013,0,move,-1,101.3055,101.3184,0,0.000,-0.088,0.176,-0.176,-0.088,0.088,-0.264,-0.088,0.176,0.000,-0.176,-0.088,-0.088,-46.406,32.607,0.000,0.439,0.176,0.000,0.000,0.000,0.000,0.000,0.000,0.000,0.000,0.000,0.000,0.000,0.000,0.000,-47.133,32.667,0.000,0.000,0.000,0.033,7.2,11.30,28.0,0.000,0.000,0.000,0.006,0.000,0.000,0.006,0.000,0.000,0.000,0.006,0.000,0.000,0.033,0.000,0.000,0.006,0.000
101.4055,1014,0,move,-1,101.4055,101.4189,0,0.000,-0.088,0.176,-0.176,-0.088,0.088,-0.264,-0.088,0.176,0.000,-0.176,-0.088,-0.088,-46.406,32.607,0.000,0.439,0.176,0.000,0.000,0.000,0.000,0.000,0.000,0.000,0.000,0.000,0.000,0.000,0.000,0.000,-47.133,32.667,0.000,0.000,0.000,0.033,7.2,11.30,29.0,0.000,0.000,0.000,0.000,0.000,0.000,0.000,0.000,0.000,0.000,0.000,0.000,0.000,0.033,0.006,0.000,0.006,0.000
101.5053,1015,0,move,-1,101.5053,101.5163,0,0.000,-0.088,0.176,-0.176,-0.088,0.088,-0.264,-0.088,0.176,0.000,-0.176,-0.088,-0.088,-46.406,32.607,0.000,0.439,0.176,0.000,0.000,0.000,0.000,0.000,0.000,0.000,0.000,0.000,0.000,0.000,0.000,0.000,-47.133,32.667,0.000,0.000,0.000,0.033,7.2,11.30,29.0,0.000,0.000,0.000,0.000,0.000,0.000,0.000,0.000,0.000,0.000,0.000,0.000,0.000,0.033,0.006,0.000,0.006,0.000
101.6054,1016,0,move,-1,101.6054,101.6175,0,0.000,-0.088,0.176,-0.176,-0.088,0.088,-0.264,-0.088,0.176,0.000,-0.176,-0.088,-0.088,-46.406,32.607,0.000,0.439,0.176,0.000,0.000,0.000,0.000,0.000,0.000,0.000,0.000,0.000,0.000,0.000,0.000,0.000,-47.133,32.667,0.000,0.000,0.000,0.039,7.2,11.30,29.0,0.000,0.000,0.000,0.000,0.000,0.000,0.006,0.000,0.000,0.000,0.000,0.000,0.000,0.039,0.000,0.000,0.006,0.000
101.7055,1017,0,move,-1,101.7055,101.7158,0,0.000,-0.088,0.176,-0.176,-0.088,0.088,-0.264,-0.088,0.176,0.000,-0.176,-0.088,-0.088,-46.406,32.607,0.000,0.439,0.176,0.000,0.000,0.000,0.000,0.000,0.000,0.000,0.000,0.000,0.000,0.000,0.000,0.000,-47.133,32.667,0.000,0.000,0.000,0.039,7.2,11.30,29.0,0.000,0.000,0.000,0.000,0.000,0.000,0.006,0.000,0.000,0.000,0.000,0.000,0.000,0.039,0.000,0.000,0.006,0.000
101.8055,1018,0,move,-1,101.8055,101.8167,0,0.000,-0.088,0.176,-0.176,-0.088,0.088,-0.264,-0.088,0.176,0.000,-0.176,-0.088,-0.088,-46.406,32.607,0.000,0.439,0.176,0.000,0.000,0.000,0.000,0.000,0.000,0.000,0.000,0.000,0.000,0.000,0.000,0.000,-47.133,32.667,0.000,0.000,0.000,0.039,7.2,11.30,29.0,0.000,0.000,0.000,0.000,0.000,0.000,0.006,0.000,0.000,0.000,0.000,0.000,0.000,0.039,0.000,0.000,0.006,0.000
101.9055,1019,0,move,-1,101.9055,101.9161,0,0.000,-0.088,0.176,-0.176,-0.088,0.088,-0.264,-0.088,0.176,0.000,-0.176,-0.088,-0.088,-46.406,32.607,0.000,0.439,0.176,0.000,0.000,0.000,0.000,0.000,0.000,0.000,0.000,0.000,0.000,0.000,0.000,0.000,-47.133,32.667,0.000,0.000,0.000,0.039,7.2,11.30,29.0,0.000,0.000,0.000,0.000,0.000,0.000,0.006,0.000,0.000,0.000,0.000,0.000,0.000,0.039,0.000,0.000,0.006,0.000
102.0105,1020,0,move,-1,102.0105,102.0450,0,0.000,-0.088,0.176,-0.176,-0.088,0.088,-0.264,-0.088,0.176,0.000,-0.176,-0.088,-0.088,-46.406,32.607,0.000,0.439,0.176,0.000,0.000,0.000,0.000,0.000,0.000,0.000,0.000,0.000,0.000,0.000,0.000,0.000,-47.133,32.667,0.000,0.000,0.000,0.039,7.2,11.30,29.0,0.000,0.000,0.000,0.000,0.000,0.000,0.006,0.000,0.000,0.000,0.000,0.000,0.000,0.039,0.000,0.000,0.013,0.006
102.1053,1021,0,move,-1,102.1053,102.1178,0,0.000,-0.088,0.176,-0.176,-0.088,0.088,-0.264,-0.088,0.176,0.000,-0.176,-0.088,-0.088,-46.406,32.607,0.000,0.439,0.176,0.000,0.000,0.000,0.000,0.000,0.000,0.000,0.000,0.000,0.000,0.000,0.000,0.000,-47.133,32.667,0.000,0.000,0.000,0.039,7.2,11.30,29.0,0.000,0.000,0.000,0.000,0.000,0.000,0.006,0.000,0.000,0.000,0.000,0.000,0.000,0.039,0.000,0.000,0.013,0.006
102.2137,1022,0,move,-1,102.2137,102.2249,0,0.000,-0.088,0.176,-0.176,-0.088,0.088,-0.264,-0.088,0.176,0.000,-0.176,-0.088,-0.088,-46.406,32.607,0.000,0.439,0.176,0.000,0.000,0.000,0.000,0.000,0.000,0.000,0.000,0.000,0.000,0.000,0.000,0.000,-47.133,32.667,0.000,0.000,0.000,0.033,7.2,11.30,29.0,0.000,0.000,0.000,0.000,0.000,0.000,0.000,0.000,0.000,0.000,0.000,0.000,0.000,0.033,0.000,0.000,0.006,0.000
102.3055,1023,0,move,-1,102.3055,102.3165,0,0.000,-0.088,0.176,-0.176,-0.088,0.088,-0.264,-0.088,0.176,0.000,-0.176,-0.088,-0.088,-46.406,32.607,0.000,0.439,0.176,0.000,0.000,0.000,0.000,0.000,0.000,0.000,0.000,0.000,0.000,0.000,0.000,0.000,-47.133,32.667,0.000,0.000,0.000,0.033,7.2,11.30,29.0,0.000,0.000,0.000,0.000,0.000,0.000,0.000,0.000,0.000,0.000,0.000,0.000,0.000,0.033,0.000,0.000,0.006,0.000
102.4059,1024,0,move,-1,102.4059,102.4122,0,0.000,-0.088,0.176,-0.176,-0.088,0.088,-0.264,-0.088,0.176,0.000,-0.176,-0.088,-0.088,-46.406,32.607,0.000,0.439,0.176,0.000,0.000,0.000,0.000,0.000,0.000,0.000,0.000,0.000,0.000,0.000,0.000,0.000,-47.133,32.667,0.000,0.000,0.000,0.033,7.2,11.30,29.0,0.000,0.000,0.000,0.006,0.000,0.000,0.000,0.000,0.000,0.000,0.000,0.000,0.000,0.033,0.000,0.000,0.013,0.000
102.5053,1025,0,move,-1,102.5053,102.5181,0,0.000,-0.088,0.176,-0.176,-0.088,0.088,-0.264,-0.088,0.176,0.000,-0.176,-0.088,-0.088,-46.406,32.607,0.000,0.439,0.176,0.000,0.000,0.000,0.000,0.000,0.000,0.000,0.000,0.000,0.000,0.000,0.000,0.000,-47.133,32.667,0.000,0.000,0.000,0.033,7.2,11.30,29.0,0.000,0.000,0.000,0.006,0.000,0.000,0.000,0.000,0.000,0.000,0.000,0.000,0.000,0.033,0.000,0.000,0.013,0.000
102.6055,1026,0,move,-1,102.6055,102.6200,0,0.000,-0.088,0.176,-0.176,-0.088,0.088,-0.264,-0.088,0.176,0.000,-0.176,-0.088,-0.088,-46.406,32.607,0.000,0.439,0.176,0.000,0.000,0.000,0.000,0.000,0.000,0.000,0.000,0.000,0.000,0.000,0.000,0.000,-47.133,32.667,0.000,0.000,0.000,0.033,7.2,11.30,29.0,0.000,0.000,0.006,0.006,0.000,0.000,0.006,0.000,0.000,0.000,0.000,0.000,0.000,0.033,0.000,0.000,0.013,0.006
102.7055,1027,0,move,-1,102.7055,102.7167,0,0.000,-0.088,0.176,-0.176,-0.088,0.088,-0.264,-0.088,0.176,0.000,-0.176,-0.088,-0.088,-46.406,32.607,0.000,0.439,0.176,0.000,0.000,0.000,0.000,0.000,0.000,0.000,0.000,0.000,0.000,0.000,0.000,0.000,-47.133,32.667,0.000,0.000,0.000,0.033,7.2,11.30,29.0,0.000,0.000,0.006,0.006,0.000,0.000,0.006,0.000,0.000,0.000,0.000,0.000,0.000,0.033,0.000,0.000,0.013,0.006
102.8053,1028,0,move,-1,102.8053,102.8171,0,0.000,-0.088,0.176,-0.176,-0.088,0.088,-0.264,-0.088,0.176,0.000,-0.176,-0.088,-0.088,-46.406,32.607,0.000,0.439,0.176,0.000,0.000,0.000,0.000,0.000,0.000,0.000,0.000,0.000,0.000,0.000,0.000,0.000,-47.133,32.667,0.000,0.000,0.000,0.033,7.2,11.30,29.0,0.000,0.000,0.000,0.006,0.000,0.000,0.006,0.000,0.000,0.000,0.000,0.000,0.000,0.033,0.000,0.000,0.006,0.000
102.9053,1029,0,move,-1,102.9053,102.9165,0,0.000,-0.088,0.176,-0.176,-0.088,0.088,-0.264,-0.088,0.176,0.000,-0.176,-0.088,-0.088,-46.406,32.607,0.000,0.439,0.176,0.000,0.000,0.000,0.000,0.000,0.000,0.000,0.000,0.000,0.000,0.000,0.000,0.000,-47.133,32.667,0.000,0.000,0.000,0.033,7.2,11.30,29.0,0.000,0.000,0.000,0.006,0.000,0.000,0.006,0.000,0.000,0.000,0.000,0.000,0.000,0.033,0.000,0.000,0.006,0.000
103.0055,1030,0,move,-1,103.0055,103.0157,0,0.000,-0.088,0.176,-0.176,-0.088,0.088,-0.264,-0.088,0.176,0.000,-0.176,-0.088,-0.088,-46.406,32.607,0.000,0.439,0.176,0.000,0.000,0.000,0.000,0.000,0.000,0.000,0.000,0.000,0.000,0.000,0.000,0.000,-47.133,32.667,0.000,0.000,0.000,0.033,7.2,11.30,29.0,0.000,0.000,0.006,0.000,0.000,0.000,0.006,0.000,0.000,0.000,0.006,0.000,0.000,0.033,0.000,0.000,0.013,0.000
103.1055,1031,0,move,-1,103.1055,103.1181,0,0.000,-0.088,0.176,-0.176,-0.088,0.088,-0.264,-0.088,0.176,0.000,-0.176,-0.088,-0.088,-46.406,32.607,0.000,0.439,0.176,0.000,0.000,0.000,0.000,0.000,0.000,0.000,0.000,0.000,0.000,0.000,0.000,0.000,-47.133,32.667,0.000,0.000,0.000,0.033,7.2,11.30,28.0,0.000,0.000,0.000,0.000,0.000,0.000,0.006,0.000,0.006,0.000,0.000,0.000,0.000,0.033,0.000,0.000,0.006,0.000
103.2053,1032,0,move,-1,103.2053,103.2188,0,0.000,-0.088,0.176,-0.176,-0.088,0.088,-0.264,-0.088,0.176,0.000,-0.176,-0.088,-0.088,-46.494,32.607,0.000,0.439,0.176,0.000,0.000,0.000,0.000,0.000,0.000,0.000,0.000,0.000,0.000,0.000,0.000,0.000,-47.133,32.667,0.000,0.000,0.000,0.033,7.2,11.30,29.0,0.000,0.000,0.000,0.000,0.000,0.000,0.000,0.000,0.000,0.000,0.006,0.000,0.000,0.033,0.000,0.000,0.013,0.000
103.3054,1033,0,move,-1,103.3054,103.3190,0,0.000,-0.088,0.176,-0.176,-0.088,0.088,-0.264,-0.088,0.176,0.000,-0.176,-0.088,-0.088,-46.494,32.607,0.000,0.439,0.176,0.000,0.000,0.000,0.000,0.000,0.000,0.000,0.000,0.000,0.000,0.000,0.000,0.000,-47.133,32.667,0.000,0.000,0.000,0.013,3.6,11.30,29.0,0.000,0.000,0.000,0.000,0.000,0.000,0.000,0.000,0.006,0.000,0.000,0.000,0.000,0.013,0.000,0.000,0.000,0.000
103.4053,1034,0,move,-1,103.4053,103.4154,0,0.000,-0.088,0.176,-0.176,-0.088,0.088,-0.264,-0.088,0.176,0.000,-0.176,-0.088,-0.088,-46.494,32.607,0.000,0.439,0.176,0.000,0.000,0.000,0.000,0.000,0.000,0.000,0.000,0.000,0.000,0.000,0.000,0.000,-47.133,32.667,0.000,0.000,0.000,0.013,3.6,11.30,29.0,0.000,0.000,0.000,0.000,0.000,0.000,0.000,0.000,0.006,0.000,0.000,0.000,0.000,0.013,0.000,0.000,0.000,0.000
103.5071,1035,0,move,-1,103.5071,103.5390,0,0.000,-0.088,0.176,-0.176,-0.088,0.088,-0.264,-0.088,0.176,0.000,-0.176,-0.088,-0.088,-46.494,32.607,0.000,0.439,0.176,0.000,0.000,0.000,0.000,0.000,0.000,0.000,0.000,0.000,0.000,0.000,0.000,0.000,-47.133,32.667,0.000,0.000,0.000,0.026,6.4,11.30,29.0,0.000,0.000,0.000,0.006,0.000,0.000,0.006,0.000,0.000,0.000,0.000,0.000,0.000,0.026,0.000,0.000,0.013,0.000
103.6055,1036,0,move,-1,103.6055,103.6181,0,0.000,-0.088,0.176,-0.176,-0.088,0.088,-0.264,-0.088,0.176,0.000,-0.176,-0.088,-0.088,-46.494,32.607,0.000,0.439,0.176,0.000,0.000,0.000,0.000,0.000,0.000,0.000,0.000,0.000,0.000,0.000,0.000,0.000,-47.133,32.667,0.000,0.000,0.000,0.026,6.4,11.30,29.0,0.000,0.000,0.000,0.006,0.000,0.000,0.006,0.000,0.000,0.000,0.000,0.000,0.000,0.026,0.000,0.000,0.013,0.000
103.7053,1037,0,move,-1,103.7053,103.7184,0,0.000,-0.088,0.176,-0.176,-0.088,0.088,-0.264,-0.088,0.176,0.000,-0.176,-0.088,-0.088,-46.494,32.607,0.000,0.439,0.176,0.000,0.000,0.000,0.000,0.000,0.000,0.000,0.000,0.000,0.000,0.000,0.000,0.000,-47.133,32.667,0.000,0.000,0.000,0.026,6.4,11.30,29.0,0.000,0.000,0.006,0.000,0.000,0.000,0.000,0.000,0.000,0.000,0.000,0.000,0.000,0.026,0.000,0.000,0.006,0.000
103.8053,1038,0,move,-1,103.8053,103.8168,0,0.000,-0.088,0.176,-0.176,-0.088,0.088,-0.264,-0.088,0.176,0.000,-0.176,-0.088,-0.088,-46.494,32.607,0.000,0.439,0.176,0.000,0.000,0.000,0.000,0.000,0.000,0.000,0.000,0.000,0.000,0.000,0.000,0.000,-47.133,32.667,0.000,0.000,0.000,0.026,6.4,11.30,29.0,0.000,0.000,0.006,0.000,0.000,0.000,0.000,0.000,0.000,0.000,0.000,0.000,0.000,0.026,0.000,0.000,0.006,0.000
103.9055,1039,0,move,-1,103.9055,103.9190,0,0.000,-0.088,0.176,-0.176,-0.088,0.088,-0.264,-0.088,0.176,0.000,-0.176,-0.088,-0.088,-46.494,32.607,0.000,0.439,0.176,0.000,0.000,0.000,0.000,0.000,0.000,0.000,0.000,0.000,0.000,0.000,0.000,0.000,-47.133,32.667,0.000,0.000,0.000,0.026,6.4,11.30,29.0,0.000,0.000,0.000,0.000,0.000,0.000,0.000,0.000,0.006,0.000,0.000,0.000,0.000,0.026,0.000,0.000,0.013,0.006
104.0055,1040,0,move,-1,104.0055,104.0154,0,0.000,-0.088,0.176,-0.176,-0.088,0.088,-0.264,-0.088,0.176,0.000,-0.176,-0.088,-0.088,-46.494,32.607,0.000,0.439,0.176,0.000,0.000,0.000,0.000,0.000,0.000,0.000,0.000,0.000,0.000,0.000,0.000,0.000,-47.233,32.716,0.000,0.000,0.000,0.026,6.4,11.30,29.0,0.000,0.000,0.000,0.000,0.000,0.000,0.000,0.000,0.006,0.000,0.000,0.000,0.000,0.026,0.000,0.000,0.013,0.006
104.1053,1041,0,move,-1,104.1053,104.1190,0,0.000,-0.088,0.176,-0.176,-0.088,0.088,-0.264,-0.088,0.176,0.000,-0.176,-0.088,-0.088,-46.494,32.607,0.000,0.439,0.176,0.000,0.000,0.000,0.000,0.000,0.000,0.000,0.000,0.000,0.000,0.000,0.000,0.000,-47.522,32.856,0.000,0.000,0.000,0.026,7.2,11.30,29.0,0.000,0.000,0.000,0.000,0.000,0.000,0.000,0.000,0.000,0.000,0.006,0.000,0.000,0.026,0.000,0.000,0.006,0.006
104.2059,1042,0,move,-1,104.2059,104.2138,0,0.000,-0.088,0.176,-0.176,-0.088,0.088,-0.264,-0.088,0.176,0.000,-0.176,-0.088,-0.088,-46.934,32.783,0.000,0.439,0.176,0.000,0.000,0.000,0.000,0.000,0.000,0.000,0.000,0.000,0.000,0.000,0.000,0.000,-47.971,33.071,0.000,0.000,0.000,0.026,7.2,11.30,29.0,0.000,0.000,0.000,0.000,0.000,0.000,0.000,0.000,0.000,0.000,0.006,0.000,0.000,0.026,0.000,0.000,0.006,0.006
104.3053,1043,0,move,-1,104.3053,104.3172,0,0.000,-0.088,0.176,-0.176,-0.088,0.088,-0.264,-0.088,0.176,0.000,-0.176,-0.088,-0.088,-47.373,32.871,0.000,0.439,0.176,0.000,0.000,0.000,0.000,0.000,0.000,0.000,0.000,0.000,0.000,0.000,0.000,0.000,-48.535,33.340,0.000,0.000,0.000,0.033,6.8,11.30,28.0,0.000,0.000,0.000,0.000,0.000,0.000,0.000,0.000,0.006,0.000,0.000,0.000,0.000,0.033,0.013,0.000,0.013,0.000
104.4053,1044,0,move,-1,104.4053,104.4157,0,0.000,-0.088,0.176,-0.176,-0.088,0.088,-0.264,-0.088,0.176,0.000,-0.176,-0.088,-0.088,-47.549,33.311,0.000,0.439,0.176,0.000,0.000,0.000,0.000,0.000,0.000,0.000,0.000,0.000,0.000,0.000,0.000,0.000,-49.154,33.634,0.000,0.000,0.000,0.033,6.8,11.30,28.0,0.000,0.000,0.000,0.000,0.000,0.000,0.000,0.000,0.006,0.000,0.000,0.000,0.000,0.033,0.013,0.000,0.013,0.000
104.5054,1045,0,move,-1,104.5054,104.5161,0,0.000,-0.088,0.176,-0.176,-0.088,0.088,-0.264,-0.088,0.176,0.000,-0.176,-0.088,-0.088,-48.340,33.662,0.000,0.439,0.176,0.000,0.000,0.000,0.000,0.000,0.000,0.000,0.000,0.000,0.000,0.000,0.000,0.000,-49.772,33.924,0.000,0.000,0.000,0.033,8.4,11.30,29.0,0.000,0.000,0.000,0.000,0.000,0.000,0.000,0.000,0.000,0.000,0.000,0.000,0.000,0.033,0.000,0.000,0.006,0.006
104.6053,1046,0,move,-1,104.6053,104.6181,0,0.000,-0.088,0.176,-0.176,-0.088,0.088,-0.264,-0.088,0.176,0.000,-0.176,-0.088,-0.088,-49.043,34.014,0.000,0.439,0.176,0.000,0.000,0.000,0.000,0.000,0.000,0.000,0.000,0.000,0.000,0.000,0.000,0.000,-50.327,34.182,0.000,0.000,0.000,0.052,7.6,11.30,29.0,0.000,0.000,0.000,0.000,0.000,0.000,0.000,0.000,0.000,0.000,0.006,0.000,0.000,0.052,0.000,0.000,0.006,0.000
104.7055,1047,0,move,-1,104.7055,104.7186,0,0.000,-0.088,0.176,-0.176,-0.088,0.088,-0.264,-0.088,0.176,0.000,-0.176,-0.088,-0.088,-49.746,34.014,0.000,0.439,0.176,0.000,0.000,0.000,0.000,0.000,0.000,0.000,0.000,0.000,0.000,0.000,0.000,0.000,-50.765,34.384,0.000,0.000,0.000,0.033,8.0,11.30,29.0,0.000,0.000,0.006,0.006,0.000,0.000,0.000,0.000,0.000,0.000,0.000,0.000,0.000,0.033,0.000,0.000,0.006,0.000
104.8053,1048,0,move,-1,104.8053,104.8216,0,0.000,-0.088,0.176,-0.176,-0.088,0.088,-0.264,-0.088,0.176,0.000,-0.176,-0.088,-0.088,-49.922,34.189,0.000,0.439,0.176,0.000,0.000,0.000,0.000,0.000,0.000,0.000,0.000,0.000,0.000,0.000,0.000,0.000,-51.045,34.512,0.000,0.000,0.000,0.013,5.2,11.30,29.0,0.000,0.000,0.006,0.000,0.000,0.000,0.000,0.000,0.000,0.000,0.000,0.000,0.000,0.013,0.000,0.000,0.006,0.006
104.9053,1049,0,move,-1,104.9053,104.9174,0,0.000,-0.088,0.176,-0.176,-0.088,0.088,-0.264,-0.088,0.176,0.000,-0.176,-0.088,-0.088,-50.537,34.541,0.000,0.439,0.176,0.000,0.000,0.000,0.000,0.000,0.000,0.000,0.000,0.000,0.000,0.000,0.000,0.000,-51.141,34.556,0.000,0.000,0.000,0.013,5.2,11.30,29.0,0.000,0.000,0.006,0.000,0.000,0.000,0.000,0.000,0.000,0.000,0.000,0.000,0.000,0.013,0.000,0.000,0.006,0.006
105.0053,1050,0,move,-1,105.0053,105.0152,0,0.000,-0.088,0.176,-0.176,-0.088,0.088,-0.264,-0.088,0.176,0.000,-0.176,-0.088,-0.088,-50.713,34.541,0.000,0.439,0.176,0.000,0.000,0.000,0.000,0.000,0.000,0.000,0.000,0.000,0.000,0.000,0.000,0.000,-51.141,34.556,0.000,0.000,0.000,0.006,3.2,11.30,32.0,0.000,0.000,0.000,0.000,0.000,0.000,0.006,0.000,0.000,0.000,0.000,0.000,0.000,,0.000,0.000,0.006,0.000
105.1053,1051,0,move,-1,105.1053,105.1185,0,0.000,-0.088,0.176,-0.176,-0.088,0.088,-0.264,-0.088,0.176,0.000,-0.176,-0.088,-0.088,-50.713,34.541,0.000,0.439,0.176,0.000,0.000,0.000,0.000,0.000,0.000,0.000,0.000,0.000,0.000,0.000,0.000,0.000,-51.141,34.556,0.000,0.000,0.000,0.019,4.8,11.30,29.0,0.000,0.000,0.000,0.006,0.000,0.000,0.000,0.000,0.006,0.000,0.000,0.000,0.000,0.019,0.000,0.000,0.006,0.000
105.2053,1052,0,move,-1,105.2053,105.2152,0,0.000,-0.088,0.176,-0.176,-0.088,0.088,-0.264,-0.088,0.176,0.000,-0.176,-0.088,-0.088,-50.713,34.541,0.000,0.439,0.176,0.000,0.000,0.000,0.000,0.000,0.000,0.000,0.000,0.000,0.000,0.000,0.000,0.000,-51.141,34.556,0.000,0.000,0.000,0.019,4.8,11.30,29.0,0.000,0.000,0.000,0.006,0.000,0.000,0.000,0.000,0.006,0.000,0.000,0.000,0.000,0.019,0.000,0.000,0.006,0.000
105.3053,1053,0,move,-1,105.3053,105.3170,0,0.000,-0.088,0.176,-0.176,-0.088,0.088,-0.264,-0.088,0.176,0.000,-0.176,-0.088,-0.088,-50.713,34.541,0.000,0.439,0.176,0.000,0.000,0.000,0.000,0.000,0.000,0.000,0.000,0.000,0.000,0.000,0.000,0.000,-51.141,34.556,0.000,0.000,0.000,0.019,4.8,11.30,29.0,0.000,0.000,0.000,0.006,0.000,0.000,0.006,0.000,0.006,0.000,0.000,0.000,0.000,0.019,0.000,0.000,0.006,0.000
105.4145,1054,0,move,-1,105.4145,105.4409,0,0.000,-0.088,0.176,-0.176,-0.088,0.088,-0.264,-0.088,0.176,0.000,-0.176,-0.088,-0.088,-50.713,34.541,0.000,0.439,0.176,0.000,0.000,0.000,0.000,0.000,0.000,0.000,0.000,0.000,0.000,0.000,0.000,0.000,-51.141,34.556,0.000,0.000,0.000,0.019,4.8,11.30,29.0,0.000,0.000,0.000,0.006,0.000,0.000,0.006,0.000,0.000,0.000,0.006,0.000,0.000,0.019,0.000,0.000,0.006,0.006
105.5055,1055,0,move,-1,105.5055,105.5171,0,0.000,-0.088,0.176,-0.176,-0.088,0.088,-0.264,-0.088,0.176,0.000,-0.176,-0.088,-0.088,-50.713,34.541,0.000,0.439,0.176,0.000,0.000,0.000,0.000,0.000,0.000,0.000,0.000,0.000,0.000,0.000,0.000,0.000,-51.141,34.556,0.000,0.000,0.000,0.019,4.8,11.30,29.0,0.000,0.000,0.000,0.006,0.000,0.000,0.006,0.000,0.000,0.000,0.006,0.000,0.000,0.019,0.000,0.000,0.006,0.006
105.6055,1056,0,move,-1,105.6055,105.6187,0,0.000,-0.088,0.176,-0.176,-0.088,0.088,-0.264,-0.088,0.176,0.000,-0.176,-0.088,-0.088,-50.713,34.541,0.000,0.439,0.176,0.000,0.000,0.000,0.000,0.000,0.000,0.000,0.000,0.000,0.000,0.000,0.000,0.000,-51.141,34.556,0.000,0.000,0.000,0.013,4.8,11.30,29.0,0.000,0.000,0.000,0.000,0.000,0.000,0.006,0.000,0.000,0.000,0.000,0.000,0.000,0.013,0.000,0.000,0.006,0.000
105.7090,1057,0,move,-1,105.7090,105.7197,0,0.000,-0.088,0.176,-0.176,-0.088,0.088,-0.264,-0.088,0.176,0.000,-0.176,-0.088,-0.088,-50.713,34.541,0.000,0.439,0.176,0.000,0.000,0.000,0.000,0.000,0.000,0.000,0.000,0.000,0.000,0.000,0.000,0.000,-51.141,34.556,0.000,0.000,0.000,0.013,4.8,11.30,29.0,0.000,0.000,0.006,0.006,0.000,0.000,0.000,0.000,0.000,0.000,0.000,0.000,0.000,0.013,0.000,0.000,0.006,0.006
105.8054,1058,0,move,-1,105.8054,105.8164,0,0.000,-0.088,0.176,-0.176,-0.088,0.088,-0.264,-0.088,0.176,0.000,-0.176,-0.088,-0.088,-50.713,34.541,0.000,0.439,0.176,0.000,0.000,0.000,0.000,0.000,0.000,0.000,0.000,0.000,0.000,0.000,0.000,0.000,-51.141,34.556,0.000,0.000,0.000,0.013,4.8,11.30,29.0,0.000,0.000,0.006,0.006,0.000,0.000,0.000,0.000,0.000,0.000,0.000,0.000,0.000,0.013,0.000,0.000,0.006,0.006
105.9053,1059,0,move,-1,105.9053,105.9161,0,0.000,-0.088,0.176,-0.176,-0.088,0.088,-0.264,-0.088,0.176,0.000,-0.176,-0.088,-0.088,-50.713,34.541,0.000,0.439,0.176,0.000,0.000,0.000,0.000,0.000,0.000,0.000,0.000,0.000,0.000,0.000,0.000,0.000,-51.141,34.556,0.000,0.000,0.000,0.019,4.8,11.30,29.0,0.000,0.000,0.000,0.000,0.000,0.000,0.006,0.000,0.006,0.000,0.006,0.000,0.000,0.019,0.000,0.000,0.006,0.006
106.0055,1060,0,move,-1,106.0055,106.0159,0,0.000,-0.088,0.176,-0.176,-0.088,0.088,-0.264,-0.088,0.176,0.000,-0.176,-0.088,-0.088,-50.713,34.541,0.000,0.439,0.176,0.000,0.000,0.000,0.000,0.000,0.000,0.000,0.000,0.000,0.000,0.000,0.000,0.000,-51.141,34.556,0.000,0.000,0.000,0.019,4.8,11.30,29.0,0.000,0.000,0.000,0.000,0.000,0.000,0.006,0.000,0.006,0.000,0.006,0.000,0.000,0.019,0.000,0.000,0.006,0.006
106.1055,1061,0,move,-1,106.1055,106.1170,0,0.000,-0.088,0.176,-0.176,-0.088,0.088,-0.264,-0.088,0.176,0.000,-0.176,-0.088,-0.088,-50.713,34.541,0.000,0.439,0.176,0.000,0.000,0.000,0.000,0.000,0.000,0.000,0.000,0.000,0.000,0.000,0.000,0.000,-51.141,34.556,0.000,0.000,0.000,0.013,4.8,11.30,29.0,0.000,0.000,0.000,0.006,0.000,0.000,0.006,0.000,0.000,0.000,0.006,0.000,0.000,0.013,0.000,0.000,0.006,0.000
106.2055,1062,0,move,-1,106.2055,106.2160,0,0.000,-0.088,0.176,-0.176,-0.088,0.088,-0.264,-0.088,0.176,0.000,-0.176,-0.088,-0.088,-50.713,34.541,0.000,0.439,0.176,0.000,0.000,0.000,0.000,0.000,0.000,0.000,0.000,0.000,0.000,0.000,0.000,0.000,-51.141,34.556,0.000,0.000,0.000,0.013,4.8,11.30,29.0,0.000,0.000,0.000,0.006,0.000,0.000,0.006,0.000,0.000,0.000,0.006,0.000,0.000,0.013,0.000,0.000,0.006,0.000
106.3055,1063,0,move,-1,106.3055,106.3164,0,0.000,-0.088,0.176,-0.176,-0.088,0.088,-0.264,-0.088,0.176,0.000,-0.176,-0.088,-0.088,-50.713,34.541,0.000,0.439,0.176,0.000,0.000,0.000,0.000,0.000,0.000,0.000,0.000,0.000,0.000,0.000,0.000,0.000,-51.141,34.556,0.000,0.000,0.000,0.019,4.8,11.30,29.0,0.000,0.000,0.000,0.006,0.000,0.000,0.006,0.000,0.006,0.000,0.006,0.000,0.000,0.019,0.000,0.000,0.006,0.000
106.4059,1064,0,move,-1,106.4059,106.4251,0,0.000,-0.088,0.176,-0.176,-0.088,0.088,-0.264,-0.088,0.176,0.000,-0.176,-0.088,-0.088,-50.713,34.541,0.000,0.439,0.176,0.000,0.000,0.000,0.000,0.000,0.000,0.000,0.000,0.000,0.000,0.000,0.000,0.000,-51.141,34.556,0.000,0.000,0.000,0.013,4.8,11.30,29.0,0.006,0.000,0.000,0.000,0.000,0.000,0.006,0.000,0.000,0.000,0.006,0.000,0.000,0.013,0.000,0.000,0.006,0.000
106.5053,1065,0,move,-1,106.5053,106.5156,0,0.000,-0.088,0.176,-0.176,-0.088,0.088,-0.264,-0.088,0.176,0.000,-0.176,-0.088,-0.088,-50.713,34.541,0.000,0.439,0.176,0.000,0.000,0.000,0.000,0.000,0.000,0.000,0.000,0.000,0.000,0.000,0.000,0.000,-51.141,34.556,0.000,0.000,0.000,0.013,4.8,11.30,29.0,0.006,0.000,0.000,0.000,0.000,0.000,0.006,0.000,0.000,0.000,0.006,0.000,0.000,0.013,0.000,0.000,0.006,0.000
106.6063,1066,0,move,-1,106.6063,106.6188,0,0.000,-0.088,0.176,-0.176,-0.088,0.088,-0.264,-0.088,0.176,0.000,-0.176,-0.088,-0.088,-50.713,34.541,0.000,0.439,0.176,0.000,0.000,0.000,0.000,0.000,0.000,0.000,0.000,0.000,0.000,0.000,0.000,0.000,-51.141,34.556,0.000,0.000,0.000,0.019,4.8,11.30,29.0,0.000,0.000,0.000,0.000,0.000,0.000,0.006,0.000,0.006,0.000,0.006,0.000,0.000,0.019,0.000,0.000,0.013,0.006
106.7053,1067,0,move,-1,106.7053,106.7157,0,0.000,-0.088,0.176,-0.176,-0.088,0.088,-0.264,-0.088,0.176,0.000,-0.176,-0.088,-0.088,-50.713,34.541,0.000,0.439,0.176,0.000,0.000,0.000,0.000,0.000,0.000,0.000,0.000,0.000,0.000,0.000,0.000,0.000,-51.141,34.556,0.000,0.000,0.000,0.019,4.8,11.30,29.0,0.000,0.000,0.000,0.000,0.000,0.000,0.006,0.000,0.006,0.000,0.006,0.000,0.000,0.019,0.000,0.000,0.013,0.006
106.8054,1068,0,move,-1,106.8054,106.8164,0,0.000,-0.088,0.176,-0.176,-0.088,0.088,-0.264,-0.088,0.176,0.000,-0.176,-0.088,-0.088,-50.713,34.541,0.000,0.439,0.176,0.000,0.000,0.000,0.000,0.000,0.000,0.000,0.000,0.000,0.000,0.000,0.000,0.000,-51.141,34.556,0.000,0.000,0.000,0.019,4.8,11.30,29.0,0.000,0.000,0.006,0.006,0.000,0.000,0.006,0.000,0.006,0.000,0.000,0.000,0.000,0.019,0.000,0.000,0.006,0.000
106.9054,1069,0,move,-1,106.9054,106.9170,0,0.000,-0.088,0.176,-0.176,-0.088,0.088,-0.264,-0.088,0.176,0.000,-0.176,-0.088,-0.088,-50.713,34.541,0.000,0.439,0.176,0.000,0.000,0.000,0.000,0.000,0.000,0.000,0.000,0.000,0.000,0.000,0.000,0.000,-51.141,34.556,0.000,0.000,0.000,0.019,4.8,11.30,29.0,0.000,0.000,0.006,0.000,0.000,0.000,0.000,0.000,0.000,0.000,0.000,0.000,0.000,0.019,0.000,0.000,0.013,0.000
107.0062,1070,0,move,-1,107.0062,107.0620,0,0.000,-0.088,0.176,-0.176,-0.088,0.088,-0.264,-0.088,0.176,0.000,-0.176,-0.088,-0.088,-50.713,34.541,0.000,0.439,0.176,0.000,0.000,0.000,0.000,0.000,0.000,0.000,0.000,0.000,0.000,0.000,0.000,0.000,-51.141,34.556,0.000,0.000,0.000,0.019,4.8,11.30,29.0,0.000,0.000,0.000,0.000,0.000,0.000,0.000,0.000,0.000,0.000,0.000,0.000,0.000,0.019,0.000,0.000,0.006,0.006
107.1053,1071,0,move,-1,107.1053,107.1176,0,0.000,-0.088,0.176,-0.176,-0.088,0.088,-0.264,-0.088,0.176,0.000,-0.176,-0.088,-0.088,-50.713,34.541,0.000,0.439,0.176,0.000,0.000,0.000,0.000,0.000,0.000,0.000,0.000,0.000,0.000,0.000,0.000,0.000,-51.141,34.556,0.000,0.000,0.000,0.019,4.8,11.30,29.0,0.000,0.000,0.000,0.000,0.000,0.000,0.000,0.000,0.000,0.000,0.000,0.000,0.000,0.019,0.000,0.000,0.006,0.006
107.2109,1072,0,move,-1,107.2109,107.2282,0,0.000,-0.088,0.176,-0.176,-0.088,0.088,-0.264,-0.088,0.176,0.000,-0.176,-0.088,-0.088,-50.713,34.541,0.000,0.439,0.176,0.000,0.000,0.000,0.000,0.000,0.000,0.000,0.000,0.000,0.000,0.000,0.000,0.000,-51.141,34.556,0.000,0.000,0.000,0.019,4.8,11.30,29.0,0.000,0.000,0.000,0.000,0.000,0.000,0.006,0.000,0.000,0.000,0.000,0.000,0.000,0.019,0.000,0.000,0.013,0.000
107.3114,1073,0,move,-1,107.3114,107.3238,0,0.000,-0.088,0.176,-0.176,-0.088,0.088,-0.264,-0.088,0.176,0.000,-0.176,-0.088,-0.088,-50.713,34.541,0.000,0.439,0.176,0.000,0.000,0.000,0.000,0.000,0.000,0.000,0.000,0.000,0.000,0.000,0.000,0.000,-51.141,34.556,0.000,0.000,0.000,0.019,4.8,11.30,29.0,0.000,0.000,0.000,0.000,0.000,0.000,0.006,0.000,0.000,0.000,0.000,0.000,0.000,0.019,0.000,0.000,0.013,0.000
107.4053,1074,0,move,-1,107.4053,107.4155,0,0.000,-0.088,0.176,-0.176,-0.088,0.088,-0.264,-0.088,0.176,0.000,-0.176,-0.088,-0.088,-50.713,34.541,0.000,0.439,0.176,0.000,0.000,0.000,0.000,0.000,0.000,0.000,0.000,0.000,0.000,0.000,0.000,0.000,-51.141,34.556,0.000,0.000,0.000,0.013,4.8,11.30,29.0,0.000,0.000,0.000,0.000,0.000,0.000,0.006,0.000,0.000,0.000,0.000,0.000,0.000,0.013,0.000,0.000,0.006,0.000
107.5053,1075,0,move,-1,107.5053,107.5118,0,0.000,-0.088,0.176,-0.176,-0.088,0.088,-0.264,-0.088,0.176,0.000,-0.176,-0.088,-0.088,-50.713,34.541,0.000,0.439,0.176,0.000,0.000,0.000,0.000,0.000,0.000,0.000,0.000,0.000,0.000,0.000,0.000,0.000,-51.141,34.556,0.000,0.000,0.000,0.013,4.8,11.30,29.0,0.000,0.000,0.000,0.000,0.000,0.000,0.006,0.000,0.000,0.000,0.000,0.000,0.000,0.013,0.000,0.000,0.006,0.000
107.6053,1076,0,move,-1,107.6053,107.6161,0,0.000,-0.088,0.176,-0.176,-0.088,0.088,-0.264,-0.088,0.176,0.000,-0.176,-0.088,-0.088,-50.713,34.541,0.000,0.439,0.176,0.000,0.000,0.000,0.000,0.000,0.000,0.000,0.000,0.000,0.000,0.000,0.000,0.000,-51.141,34.556,0.000,0.000,0.000,0.019,4.8,11.30,29.0,0.000,0.000,0.000,0.000,0.000,0.000,0.006,0.000,0.000,0.000,0.000,0.000,0.000,0.019,0.000,0.000,0.006,0.000
107.7055,1077,0,move,-1,107.7055,107.7180,0,0.000,-0.088,0.176,-0.176,-0.088,0.088,-0.264,-0.088,0.176,0.000,-0.176,-0.088,-0.088,-50.713,34.541,0.000,0.439,0.176,0.000,0.000,0.000,0.000,0.000,0.000,0.000,0.000,0.000,0.000,0.000,0.000,0.000,-51.141,34.556,0.000,0.000,0.000,0.013,4.8,11.30,29.0,0.000,0.000,0.000,0.000,0.000,0.000,0.000,0.000,0.006,0.000,0.000,0.000,0.000,0.013,0.000,0.000,0.006,0.006
107.8055,1078,0,move,-1,107.8055,107.8166,0,0.000,-0.088,0.176,-0.176,-0.088,0.088,-0.264,-0.088,0.176,0.000,-0.176,-0.088,-0.088,-50.713,34.541,0.000,0.439,0.176,0.000,0.000,0.000,0.000,0.000,0.000,0.000,0.000,0.000,0.000,0.000,0.000,0.000,-51.141,34.556,0.000,0.000,0.000,0.013,4.8,11.30,29.0,0.000,0.000,0.000,0.000,0.000,0.000,0.000,0.000,0.006,0.000,0.000,0.000,0.000,0.013,0.000,0.000,0.006,0.006
107.9055,1079,0,move,-1,107.9055,107.9167,0,0.000,-0.088,0.176,-0.176,-0.088,0.088,-0.264,-0.088,0.176,0.000,-0.176,-0.088,-0.088,-50.713,34.541,0.000,0.439,0.176,0.000,0.000,0.000,0.000,0.000,0.000,0.000,0.000,0.000,0.000,0.000,0.000,0.000,-51.141,34.556,0.000,0.000,0.000,0.019,4.8,11.30,29.0,0.000,0.000,0.000,0.000,0.000,0.000,0.006,0.000,0.000,0.000,0.006,0.000,0.000,0.019,0.000,0.000,0.013,0.006
108.0053,1080,0,move,-1,108.0053,108.0174,0,0.000,-0.088,0.176,-0.176,-0.088,0.088,-0.264,-0.088,0.176,0.000,-0.176,-0.088,-0.088,-50.713,34.541,0.000,0.439,0.176,0.000,0.000,0.000,0.000,0.000,0.000,0.000,0.000,0.000,0.000,0.000,0.000,0.000,-51.045,34.512,0.000,0.000,0.000,0.019,4.8,11.30,29.0,0.000,0.000,0.000,0.000,0.000,0.000,0.006,0.000,0.000,0.000,0.000,0.000,0.000,0.019,0.000,0.000,0.006,0.006
108.1054,1081,0,move,-1,108.1054,108.1160,0,0.000,-0.088,0.176,-0.176,-0.088,0.088,-0.264,-0.088,0.176,0.000,-0.176,-0.088,-0.088,-50.713,34.541,0.000,0.439,0.176,0.000,0.000,0.000,0.000,0.000,0.000,0.000,0.000,0.000,0.000,0.000,0.000,0.000,-50.765,34.384,0.000,0.000,0.000,0.019,4.8,11.30,29.0,0.000,0.000,0.000,0.000,0.000,0.000,0.006,0.000,0.000,0.000,0.000,0.000,0.000,0.019,0.000,0.000,0.006,0.006
108.2055,1082,0,move,-1,108.2055,108.2163,0,0.000,-0.088,0.176,-0.176,-0.088,0.088,-0.264,-0.088,0.176,0.000,-0.176,-0.088,-0.088,-50.625,34.541,0.000,0.439,0.176,0.000,0.000,0.000,0.000,0.000,0.000,0.000,0.000,0.000,0.000,0.000,0.000,0.000,-50.327,34.182,0.000,0.000,0.000,0.013,4.8,11.30,31.0,0.000,0.000,0.000,0.000,0.000,0.000,0.006,0.000,0.000,0.000,0.000,0.000,0.000,0.006,0.006,0.000,0.013,0.000
108.3054,1083,0,move,-1,108.3054,108.3187,0,0.000,-0.088,0.176,-0.176,-0.088,0.088,-0.264,-0.088,0.176,0.000,-0.176,-0.088,-0.088,-50.537,34.189,0.000,0.439,0.176,0.000,0.000,0.000,0.000,0.000,0.000,0.000,0.000,0.000,0.000,0.000,0.000,0.000,-49.772,33.924,0.000,0.000,0.000,0.006,3.2,11.30,32.0,0.000,0.000,0.000,0.000,0.000,0.000,0.006,0.000,0.000,0.000,0.000,0.000,0.000,0.000,0.000,0.000,0.006,0.000
108.4054,1084,0,move,-1,108.4054,108.4176,0,0.000,-0.088,0.176,-0.176,-0.088,0.088,-0.264,-0.088,0.176,0.000,-0.176,-0.088,-0.088,-50.186,34.014,0.000,0.439,0.176,0.000,0.000,0.000,0.000,0.000,0.000,0.000,0.000,0.000,0.000,0.000,0.000,0.000,-49.154,33.634,0.000,0.000,0.000,0.006,3.2,11.30,32.0,0.000,0.000,0.000,0.000,0.000,0.000,0.006,0.000,0.000,0.000,0.000,0.000,0.000,0.000,0.000,0.000,0.006,0.000
108.5100,1085,0,move,-1,108.5100,108.5959,0,0.000,-0.088,0.176,-0.176,-0.088,0.088,-0.264,-0.088,0.176,0.000,-0.176,-0.088,-0.088,-49.307,33.574,0.000,0.439,0.176,0.000,0.000,0.000,0.000,0.000,0.000,0.000,0.000,0.000,0.000,0.000,0.000,0.000,-48.535,33.340,0.000,0.000,0.000,0.006,2.4,11.30,32.0,0.000,0.000,0.006,0.006,0.000,0.000,0.006,0.000,0.000,0.000,0.000,0.000,0.000,0.006,0.000,0.000,0.006,0.000
108.6053,1086,0,move,-1,108.6053,108.6119,0,0.000,-0.088,0.176,-0.176,-0.088,0.088,-0.264,-0.088,0.176,0.000,-0.176,-0.088,-0.088,-49.307,33.574,0.000,0.439,0.176,0.000,0.000,0.000,0.000,0.000,0.000,0.000,0.000,0.000,0.000,0.000,0.000,0.000,-47.971,33.071,0.000,0.000,0.000,0.006,2.4,11.30,32.0,0.000,0.000,0.006,0.006,0.000,0.000,0.006,0.000,0.000,0.000,0.000,0.000,0.000,0.006,0.000,0.000,0.006,0.000
108.7054,1087,0,move,-1,108.7054,108.7167,0,0.000,-0.088,0.176,-0.176,-0.088,0.088,-0.264,-0.088,0.176,0.000,-0.176,-0.088,-0.088,-48.428,33.135,0.000,0.439,0.176,0.000,0.000,0.000,0.000,0.000,0.000,0.000,0.000,0.000,0.000,0.000,0.000,0.000,-47.522,32.856,0.000,0.000,0.000,0.006,3.2,11.20,32.0,0.000,0.000,0.000,0.000,0.000,0.000,0.006,0.000,0.000,0.000,0.000,0.000,0.000,0.000,0.000,0.000,0.006,0.000
108.8055,1088,0,move,-1,108.8055,108.8185,0,0.000,-0.088,0.176,-0.176,-0.088,0.088,-0.264,-0.088,0.176,0.000,-0.176,-0.088,-0.088,-47.725,32.871,0.000,0.439,0.176,0.000,0.000,0.000,0.000,0.000,0.000,0.000,0.000,0.000,0.000,0.000,0.000,0.000,-47.233,32.716,0.000,0.000,0.000,0.006,2.4,11.30,32.0,0.000,0.000,0.000,0.006,0.000,0.000,0.006,0.000,0.000,0.000,0.000,0.000,0.000,0.006,0.000,0.000,0.006,0.000
108.9055,1089,0,move,-1,108.9055,108.9174,0,0.000,-0.088,0.176,-0.176,-0.088,0.088,-0.264,-0.088,0.176,0.000,-0.176,-0.088,-0.088,-47.285,32.783,0.000,0.439,0.176,0.000,0.000,0.000,0.000,0.000,0.000,0.000,0.000,0.000,0.000,0.000,0.000,0.000,-47.133,32.667,0.000,0.000,0.000,0.006,2.4,11.30,32.0,0.000,0.000,0.000,0.006,0.000,0.000,0.006,0.000,0.000,0.000,0.000,0.000,0.000,0.006,0.000,0.000,0.006,0.000
109.0055,1090,0,move,-1,109.0055,109.0166,0,0.000,-0.088,0.176,-0.176,-0.088,0.088,-0.264,-0.088,0.176,0.000,-0.176,-0.088,-0.088,-47.285,32.783,0.000,0.439,0.176,0.000,0.000,0.000,0.000,0.000,0.000,0.000,0.000,0.000,0.000,0.000,0.000,0.000,-47.133,32.667,0.000,0.000,0.000,0.006,3.2,11.30,32.0,0.000,0.000,0.000,0.000,0.000,0.000,0.006,0.000,0.000,0.000,0.006,0.000,0.000,0.006,0.000,0.000,0.006,0.000
109.1055,1091,0,move,-1,109.1055,109.1182,0,0.000,-0.088,0.176,-0.176,-0.088,0.088,-0.264,-0.088,0.176,0.000,-0.176,-0.088,-0.088,-47.285,32.783,0.000,0.439,0.176,0.000,0.000,0.000,0.000,0.000,0.000,0.000,0.000,0.000,0.000,0.000,0.000,0.000,-47.133,32.667,0.000,0.000,0.000,0.013,4.8,11.30,31.0,0.000,0.000,0.000,0.006,0.000,0.000,0.006,0.000,0.000,0.000,0.000,0.000,0.000,0.000,0.000,0.000,0.013,0.000
109.2055,1092,0,move,-1,109.2055,109.2168,0,0.000,-0.088,0.176,-0.176,-0.088,0.088,-0.264,-0.088,0.176,0.000,-0.176,-0.088,-0.088,-47.197,32.783,0.000,0.439,0.176,0.000,0.000,0.000,0.000,0.000,0.000,0.000,0.000,0.000,0.000,0.000,0.000,0.000,-47.133,32.667,0.000,0.000,0.000,0.013,4.8,11.30,31.0,0.000,0.000,0.000,0.006,0.000,0.000,0.006,0.000,0.000,0.000,0.000,0.000,0.000,0.000,0.000,0.000,0.013,0.000
109.3055,1093,0,move,-1,109.3055,109.3565,0,0.000,-0.088,0.176,-0.176,-0.088,0.088,-0.264,-0.088,0.176,0.000,-0.176,-0.088,-0.088,-47.197,32.783,0.000,0.439,0.176,0.000,0.000,0.000,0.000,0.000,0.000,0.000,0.000,0.000,0.000,0.000,0.000,0.000,-47.133,32.667,0.000,0.000,0.000,0.006,2.4,11.30,32.0,0.000,0.000,0.000,0.006,0.000,0.000,0.006,0.000,0.000,0.000,0.006,0.000,0.000,0.000,0.000,0.000,0.006,0.006
109.4053,1094,0,move,-1,109.4053,109.4116,0,0.000,-0.088,0.176,-0.176,-0.088,0.088,-0.264,-0.088,0.176,0.000,-0.176,-0.088,-0.088,-47.197,32.783,0.000,0.439,0.176,0.000,0.000,0.000,0.000,0.000,0.000,0.000,0.000,0.000,0.000,0.000,0.000,0.000,-47.133,32.667,0.000,0.000,0.000,0.006,2.4,11.30,32.0,0.000,0.000,0.000,0.006,0.000,0.000,0.006,0.000,0.000,0.000,0.006,0.000,0.000,0.000,0.000,0.000,0.006,0.006
109.5055,1095,0,move,-1,109.5055,109.5162,0,0.000,-0.088,0.176,-0.176,-0.088,0.088,-0.264,-0.088,0.176,0.000,-0.176,-0.088,-0.088,-47.197,32.783,0.000,0.439,0.176,0.000,0.000,0.000,0.000,0.000,0.000,0.000,0.000,0.000,0.000,0.000,0.000,0.000,-47.133,32.667,0.000,0.000,0.000,0.006,2.4,11.30,32.0,0.000,0.000,0.000,0.006,0.000,0.000,0.000,0.000,0.000,0.000,0.000,0.000,0.000,0.000,0.000,0.000,0.006,0.006
109.6112,1096,0,move,-1,109.6112,109.6376,0,0.000,-0.088,0.176,-0.176,-0.088,0.088,-0.264,-0.088,0.176,0.000,-0.176,-0.088,-0.088,-47.197,32.783,0.000,0.439,0.176,0.000,0.000,0.000,0.000,0.000,0.000,0.000,0.000,0.000,0.000,0.000,0.000,0.000,-47.133,32.667,0.000,0.000,0.000,0.006,2.4,11.30,32.0,0.000,0.000,0.006,0.000,0.000,0.000,0.000,0.000,0.000,0.000,0.000,0.000,0.000,0.000,0.000,0.000,0.006,0.000
109.7053,1097,0,move,-1,109.7053,109.7115,0,0.000,-0.088,0.176,-0.176,-0.088,0.088,-0.264,-0.088,0.176,0.000,-0.176,-0.088,-0.088,-47.197,32.783,0.000,0.439,0.176,0.000,0.000,0.000,0.000,0.000,0.000,0.000,0.000,0.000,0.000,0.000,0.000,0.000,-47.133,32.667,0.000,0.000,0.000,0.006,2.4,11.30,32.0,0.000,0.000,0.006,0.000,0.000,0.000,0.000,0.000,0.000,0.000,0.000,0.000,0.000,0.000,0.000,0.000,0.006,0.000
109.8053,1098,0,move,-1,109.8053,109.8185,0,0.000,-0.088,0.176,-0.176,-0.088,0.088,-0.264,-0.088,0.176,0.000,-0.176,-0.088,-0.088,-47.197,32.783,0.000,0.439,0.176,0.000,0.000,0.000,0.000,0.000,0.000,0.000,0.000,0.000,0.000,0.000,0.000,0.000,-47.133,32.667,0.000,0.000,0.000,0.006,0.0,11.30,31.0,0.006,0.000,0.000,0.006,0.000,0.000,0.006,0.000,0.000,0.000,0.006,0.000,0.000,0.000,0.000,0.000,0.006,0.000
109.9053,1099,0,move,-1,109.9053,109.9155,0,0.000,-0.088,0.176,-0.176,-0.088,0.088,-0.264,-0.088,0.176,0.000,-0.176,-0.088,-0.088,-47.197,32.783,0.000,0.439,0.176,0.000,0.000,0.000,0.000,0.000,0.000,0.000,0.000,0.000,0.000,0.000,0.000,0.000,-47.133,32.667,0.000,0.000,0.000,0.006,0.0,11.30,31.0,0.006,0.000,0.000,0.006,0.000,0.000,0.006,0.000,0.000,0.000,0.006,0.000,0.000,0.000,0.000,0.000,0.006,0.000
110.0054,1100,0,move,-1,110.0054,110.0190,0,0.000,-0.088,0.176,-0.176,-0.088,0.088,-0.264,-0.088,0.176,0.000,-0.176,-0.088,-0.088,-47.197,32.783,0.000,0.439,0.176,0.000,0.000,0.000,0.000,0.000,0.000,0.000,0.000,0.000,0.000,0.000,0.000,0.000,-47.133,32.667,0.000,0.000,0.000,0.006,2.4,11.30,32.0,0.000,0.000,0.000,0.006,0.000,0.000,0.006,0.000,0.000,0.000,0.000,0.000,0.000,0.000,0.000,0.000,0.006,0.000
110.1062,1101,0,move,-1,110.1062,110.1530,0,0.000,-0.088,0.176,-0.176,-0.088,0.088,-0.264,-0.088,0.176,0.000,-0.176,-0.088,-0.088,-47.197,32.783,0.000,0.439,0.176,0.000,0.000,0.000,0.000,0.000,0.000,0.000,0.000,0.000,0.000,0.000,0.000,0.000,-47.133,32.667,0.000,0.000,0.000,0.013,5.2,11.30,31.0,0.000,0.000,0.000,0.000,0.000,0.000,0.000,0.000,0.000,0.000,0.000,0.000,0.000,0.000,0.000,0.000,0.013,0.000
110.2054,1102,0,move,-1,110.2054,110.2163,0,0.000,-0.088,0.176,-0.176,-0.088,0.088,-0.264,-0.088,0.176,0.000,-0.176,-0.088,-0.088,-47.197,32.783,0.000,0.439,0.176,0.000,0.000,0.000,0.000,0.000,0.000,0.000,0.000,0.000,0.000,0.000,0.000,0.000,-47.133,32.667,0.000,0.000,0.000,0.013,5.2,11.30,31.0,0.000,0.000,0.000,0.000,0.000,0.000,0.000,0.000,0.000,0.000,0.000,0.000,0.000,0.000,0.000,0.000,0.013,0.000
110.3053,1103,0,move,-1,110.3053,110.3168,0,0.000,-0.088,0.176,-0.176,-0.088,0.088,-0.264,-0.088,0.176,0.000,-0.176,-0.088,-0.088,-47.197,32.783,0.000,0.439,0.176,0.000,0.000,0.000,0.000,0.000,0.000,0.000,0.000,0.000,0.000,0.000,0.000,0.000,-47.133,32.667,0.000,0.000,0.000,0.006,3.2,11.20,32.0,0.000,0.000,0.000,0.000,0.000,0.000,0.006,0.000,0.000,0.000,0.000,0.000,0.000,0.000,0.000,0.000,0.006,0.000
110.4053,1104,0,move,-1,110.4053,110.4173,0,0.000,-0.088,0.176,-0.176,-0.088,0.088,-0.264,-0.088,0.176,0.000,-0.176,-0.088,-0.088,-47.197,32.783,0.000,0.439,0.176,0.000,0.000,0.000,0.000,0.000,0.000,0.000,0.000,0.000,0.000,0.000,0.000,0.000,-47.133,32.667,0.000,0.000,0.000,0.006,2.4,11.30,32.0,0.000,0.000,0.000,0.006,0.000,0.000,0.006,0.000,0.006,0.000,0.006,0.000,0.000,0.000,0.000,0.000,0.006,0.000
110.5054,1105,0,move,-1,110.5054,110.5150,0,0.000,-0.088,0.176,-0.176,-0.088,0.088,-0.264,-0.088,0.176,0.000,-0.176,-0.088,-0.088,-47.197,32.783,0.000,0.439,0.176,0.000,0.000,0.000,0.000,0.000,0.000,0.000,0.000,0.000,0.000,0.000,0.000,0.000,-47.133,32.667,0.000,0.000,0.000,0.006,2.4,11.30,32.0,0.000,0.000,0.000,0.006,0.000,0.000,0.006,0.000,0.006,0.000,0.006,0.000,0.000,0.000,0.000,0.000,0.006,0.000
110.6055,1106,0,move,-1,110.6055,110.6162,0,0.000,-0.088,0.176,-0.176,-0.088,0.088,-0.264,-0.088,0.176,0.000,-0.176,-0.088,-0.088,-47.197,32.783,0.000,0.439,0.176,0.000,0.000,0.000,0.000,0.000,0.000,0.000,0.000,0.000,0.000,0.000,0.000,0.000,-47.133,32.667,0.000,0.000,0.000,0.006,2.4,11.30,32.0,0.000,0.000,0.000,0.000,0.000,0.000,0.000,0.000,0.006,0.000,0.000,0.000,0.000,0.000,0.000,0.000,0.006,0.000
110.7055,1107,0,move,-1,110.7055,110.7179,0,0.000,-0.088,0.176,-0.176,-0.088,0.088,-0.264,-0.088,0.176,0.000,-0.176,-0.088,-0.088,-47.197,32.783,0.000,0.439,0.176,0.000,0.000,0.000,0.000,0.000,0.000,0.000,0.000,0.000,0.000,0.000,0.000,0.000,-47.133,32.667,0.000,0.000,0.000,0.013,4.8,11.30,31.0,0.000,0.000,0.000,0.000,0.000,0.000,0.006,0.000,0.000,0.000,0.006,0.000,0.000,0.000,0.000,0.000,0.013,0.000
110.8055,1108,0,move,-1,110.8055,110.8168,0,0.000,-0.088,0.176,-0.176,-0.088,0.088,-0.264,-0.088,0.176,0.000,-0.176,-0.088,-0.088,-47.197,32.783,0.000,0.439,0.176,0.000,0.000,0.000,0.000,0.000,0.000,0.000,0.000,0.000,0.000,0.000,0.000,0.000,-47.133,32.667,0.000,0.000,0.000,0.013,4.8,11.30,31.0,0.000,0.000,0.000,0.000,0.000,0.000,0.006,0.000,0.000,0.000,0.006,0.000,0.000,0.000,0.000,0.000,0.013,0.000
110.9117,1109,0,move,-1,110.9117,110.9240,0,0.000,-0.088,0.176,-0.176,-0.088,0.088,-0.264,-0.088,0.176,0.000,-0.176,-0.088,-0.088,-47.197,32.783,0.000,0.439,0.176,0.000,0.000,0.000,0.000,0.000,0.000,0.000,0.000,0.000,0.000,0.000,0.000,0.000,-47.133,32.667,0.000,0.000,0.000,0.006,3.2,11.30,32.0,0.000,0.000,0.000,0.000,0.000,0.000,0.006,0.000,0.006,0.000,0.006,0.000,0.000,0.000,0.000,0.000,0.006,0.000
111.0053,1110,0,move,-1,111.0053,111.0206,0,0.000,-0.088,0.176,-0.176,-0.088,0.088,-0.264,-0.088,0.176,0.000,-0.176,-0.088,-0.088,-47.197,32.783,0.000,0.439,0.176,0.000,0.000,0.000,0.000,0.000,0.000,0.000,0.000,0.000,0.000,0.000,0.000,0.000,-47.133,32.667,0.000,0.000,0.000,0.006,3.2,11.30,32.0,0.000,0.000,0.000,0.000,0.000,0.000,0.006,0.000,0.006,0.000,0.006,0.000,0.000,0.000,0.000,0.000,0.006,0.000
111.1055,1111,0,move,-1,111.1055,111.1164,0,0.000,-0.088,0.176,-0.176,-0.088,0.088,-0.264,-0.088,0.176,0.000,-0.176,-0.088,-0.088,-47.197,32.783,0.000,0.439,0.176,0.000,0.000,0.000,0.000,0.000,0.000,0.000,0.000,0.000,0.000,0.000,0.000,0.000,-47.133,32.667,0.000,0.000,0.000,0.006,2.4,11.30,32.0,0.000,0.000,0.000,0.006,0.000,0.000,0.006,0.000,0.000,0.000,0.000,0.000,0.006,0.000,0.000,0.000,0.006,0.006
111.2053,1112,0,move,-1,111.2053,111.2159,0,0.000,-0.088,0.176,-0.176,-0.088,0.088,-0.264,-0.088,0.176,0.000,-0.176,-0.088,-0.088,-47.197,32.783,0.000,0.439,0.176,0.000,0.000,0.000,0.000,0.000,0.000,0.000,0.000,0.000,0.000,0.000,0.000,0.000,-47.133,32.667,0.000,0.000,0.000,0.006,2.4,11.30,32.0,0.000,0.000,0.000,0.006,0.000,0.000,0.006,0.000,0.000,0.000,0.000,0.000,0.006,0.000,0.000,0.000,0.006,0.006
111.3054,1113,0,move,-1,111.3054,111.3172,0,0.000,-0.088,0.176,-0.176,-0.088,0.088,-0.264,-0.088,0.176,0.000,-0.176,-0.088,-0.088,-47.197,32.783,0.000,0.439,0.176,0.000,0.000,0.000,0.000,0.000,0.000,0.000,0.000,0.000,0.000,0.000,0.000,0.000,-47.133,32.667,0.000,0.000,0.000,0.006,2.4,11.30,32.0,0.000,0.000,0.000,0.006,0.000,0.000,0.000,0.000,0.000,0.000,0.000,0.000,0.000,0.000,0.000,0.000,0.006,0.000
111.4053,1114,0,move,-1,111.4053,111.4164,0,0.000,-0.088,0.176,-0.176,-0.088,0.088,-0.264,-0.088,0.176,0.000,-0.176,-0.088,-0.088,-47.197,32.783,0.000,0.439,0.176,0.000,0.000,0.000,0.000,0.000,0.000,0.000,0.000,0.000,0.000,0.000,0.000,0.000,-47.133,32.667,0.000,0.000,0.000,0.006,2.4,11.30,32.0,0.000,0.000,0.000,0.006,0.000,0.000,0.000,0.000,0.000,0.000,0.000,0.000,0.000,0.000,0.000,0.000,0.006,0.000
111.5055,1115,0,move,-1,111.5055,111.5154,0,0.000,-0.088,0.176,-0.176,-0.088,0.088,-0.264,-0.088,0.176,0.000,-0.176,-0.088,-0.088,-47.197,32.783,0.000,0.439,0.176,0.000,0.000,0.000,0.000,0.000,0.000,0.000,0.000,0.000,0.000,0.000,0.000,0.000,-47.133,32.667,0.000,0.000,0.000,0.006,3.2,11.30,32.0,0.000,0.000,0.000,0.000,0.000,0.000,0.006,0.000,0.006,0.000,0.006,0.000,0.000,0.000,0.000,0.000,0.006,0.000
111.6053,1116,0,move,-1,111.6053,111.6182,0,0.000,-0.088,0.176,-0.176,-0.088,0.088,-0.264,-0.088,0.176,0.000,-0.176,-0.088,-0.088,-47.197,32.783,0.000,0.439,0.176,0.000,0.000,0.000,0.000,0.000,0.000,0.000,0.000,0.000,0.000,0.000,0.000,0.000,-47.133,32.667,0.000,0.000,0.000,0.006,4.8,11.30,31.0,0.000,0.000,0.000,0.000,0.000,0.000,0.000,0.000,0.000,0.000,0.000,0.000,0.000,0.000,0.000,0.000,0.006,0.006
111.7053,1117,0,move,-1,111.7053,111.7509,0,0.000,-0.088,0.176,-0.176,-0.088,0.088,-0.264,-0.088,0.176,0.000,-0.176,-0.088,-0.088,-47.197,32.783,0.000,0.439,0.176,0.000,0.000,0.000,0.000,0.000,0.000,0.000,0.000,0.000,0.000,0.000,0.000,0.000,-47.133,32.667,0.000,0.000,0.000,0.013,4.8,11.30,31.0,0.000,0.000,0.000,0.000,0.000,0.000,0.000,0.000,0.006,0.000,0.000,0.000,0.000,0.000,0.000,0.000,0.013,0.000
111.8055,1118,0,move,-1,111.8055,111.8185,0,0.000,-0.088,0.176,-0.176,-0.088,0.088,-0.264,-0.088,0.176,0.000,-0.176,-0.088,-0.088,-47.197,32.783,0.000,0.439,0.176,0.000,0.000,0.000,0.000,0.000,0.000,0.000,0.000,0.000,0.000,0.000,0.000,0.000,-47.133,32.667,0.000,0.000,0.000,0.013,4.8,11.30,31.0,0.000,0.000,0.000,0.000,0.000,0.000,0.000,0.000,0.006,0.000,0.000,0.000,0.000,0.000,0.000,0.000,0.013,0.000
111.9053,1119,0,move,-1,111.9053,111.9124,0,0.000,-0.088,0.176,-0.176,-0.088,0.088,-0.264,-0.088,0.176,0.000,-0.176,-0.088,-0.088,-47.197,32.783,0.000,0.439,0.176,0.000,0.000,0.000,0.000,0.000,0.000,0.000,0.000,0.000,0.000,0.000,0.000,0.000,-47.133,32.667,0.000,0.000,0.000,0.006,2.4,11.30,32.0,0.000,0.000,0.006,0.000,0.000,0.000,0.000,0.000,0.000,0.000,0.006,0.000,0.000,0.000,0.000,0.000,0.006,0.000
112.0083,1120,0,move,-1,112.0083,112.0344,0,0.000,-0.088,0.176,-0.176,-0.088,0.088,-0.264,-0.088,0.176,0.000,-0.176,-0.088,-0.088,-47.197,32.783,0.000,0.439,0.176,0.000,0.000,0.000,0.000,0.000,0.000,0.000,0.000,0.000,0.000,0.000,0.000,0.000,-47.033,32.619,0.000,0.000,0.000,0.013,4.8,11.30,31.0,0.000,0.000,0.000,0.006,0.000,0.000,0.006,0.000,0.006,0.000,0.000,0.000,0.000,0.000,0.000,0.000,0.013,0.000
112.1055,1121,0,move,-1,112.1055,112.1228,0,0.000,-0.088,0.176,-0.176,-0.088,0.088,-0.264,-0.088,0.176,0.000,-0.176,-0.088,-0.088,-47.197,32.783,0.000,0.439,0.176,0.000,0.000,0.000,0.000,0.000,0.000,0.000,0.000,0.000,0.000,0.000,0.000,0.000,-46.742,32.477,0.000,0.000,0.000,0.013,4.8,11.30,31.0,0.000,0.000,0.000,0.006,0.000,0.000,0.006,0.000,0.006,0.000,0.000,0.000,0.000,0.000,0.000,0.000,0.013,0.000
112.2053,1122,0,move,-1,112.2053,112.2181,0,0.000,-0.088,0.176,-0.176,-0.088,0.088,-0.264,-0.088,0.176,0.000,-0.176,-0.088,-0.088,-46.846,32.783,0.000,0.439,0.176,0.000,0.000,0.000,0.000,0.000,0.000,0.000,0.000,0.000,0.000,0.000,0.000,0.000,-46.288,32.255,0.000,0.000,0.000,0.013,4.8,11.30,31.0,0.000,0.000,0.006,0.006,0.000,0.000,0.000,0.000,0.000,0.000,0.000,0.000,0.000,0.006,0.006,0.000,0.013,0.000
112.3055,1123,0,move,-1,112.3055,112.3179,0,0.000,-0.088,0.176,-0.176,-0.088,0.088,-0.264,-0.088,0.176,0.000,-0.176,-0.088,-0.088,-46.494,32.344,0.000,0.439,0.176,0.000,0.000,0.000,0.000,0.000,0.000,0.000,0.000,0.000,0.000,0.000,0.000,0.000,-45.712,31.972,0.000,0.000,0.000,0.013,4.8,11.30,31.0,0.000,0.000,0.006,0.006,0.000,0.000,0.000,0.000,0.000,0.000,0.000,0.000,0.000,0.006,0.006,0.000,0.013,0.000
112.4053,1124,0,move,-1,112.4053,112.4168,0,0.000,-0.088,0.176,-0.176,-0.088,0.088,-0.264,-0.088,0.176,0.000,-0.176,-0.088,-0.088,-46.055,32.080,0.000,0.439,0.176,0.000,0.000,0.000,0.000,0.000,0.000,0.000,0.000,0.000,0.000,0.000,0.000,0.000,-45.069,31.653,0.000,0.000,0.000,0.006,3.2,11.20,32.0,0.000,0.000,0.000,0.000,0.000,0.000,0.006,0.000,0.000,0.000,0.006,0.000,0.000,0.006,0.006,0.000,0.006,0.000
112.5054,1125,0,move,-1,112.5054,112.5161,0,0.000,-0.088,0.176,-0.176,-0.088,0.088,-0.264,-0.088,0.176,0.000,-0.176,-0.088,-0.088,-45.439,31.641,0.000,0.439,0.176,0.000,0.000,0.000,0.000,0.000,0.000,0.000,0.000,0.000,0.000,0.000,0.000,0.000,-44.421,31.329,0.000,0.000,0.000,0.006,3.2,11.20,32.0,0.000,0.000,0.000,0.000,0.000,0.000,0.006,0.000,0.000,0.000,0.006,0.000,0.000,0.006,0.006,0.000,0.006,0.000
112.6054,1126,0,move,-1,112.6054,112.6166,0,0.000,-0.088,0.176,-0.176,-0.088,0.088,-0.264,-0.088,0.176,0.000,-0.176,-0.088,-0.088,-44.824,31.289,0.000,0.439,0.176,0.000,0.000,0.000,0.000,0.000,0.000,0.000,0.000,0.000,0.000,0.000,0.000,0.000,-43.833,31.033,0.000,0.000,0.000,0.013,3.6,11.30,29.0,0.000,0.000,0.000,0.000,0.000,0.000,0.006,0.000,0.000,0.000,0.006,0.000,0.000,0.006,0.013,0.000,0.006,0.006
112.7055,1127,0,move,-1,112.7055,112.7193,0,0.000,-0.088,0.176,-0.176,-0.088,0.088,-0.264,-0.088,0.176,0.000,-0.176,-0.088,-0.088,-44.121,31.201,0.000,0.439,0.176,0.000,0.000,0.000,0.000,0.000,0.000,0.000,0.000,0.000,0.000,0.000,0.000,0.000,-43.362,30.795,0.000,0.000,0.000,0.013,4.4,11.30,29.0,0.000,0.000,0.000,0.000,0.000,0.000,0.006,0.000,0.006,0.000,0.006,0.000,0.000,0.013,0.006,0.000,0.006,0.000
112.8055,1128,0,move,-1,112.8055,112.8153,0,0.000,-0.088,0.176,-0.176,-0.088,0.088,-0.264,-0.088,0.176,0.000,-0.176,-0.088,-0.088,-43.857,30.762,0.000,0.439,0.176,0.000,0.000,0.000,0.000,0.000,0.000,0.000,0.000,0.000,0.000,0.000,0.000,0.000,-43.059,30.640,0.000,0.000,0.000,0.013,4.4,11.30,29.0,0.000,0.000,0.000,0.000,0.000,0.000,0.006,0.000,0.006,0.000,0.006,0.000,0.000,0.013,0.006,0.000,0.006,0.000
112.9063,1129,0,move,-1,112.9063,112.9154,0,0.000,-0.088,0.176,-0.176,-0.088,0.088,-0.264,-0.088,0.176,0.000,-0.176,-0.088,-0.088,-43.242,30.762,0.000,0.439,0.176,0.000,0.000,0.000,0.000,0.000,0.000,0.000,0.000,0.000,0.000,0.000,0.000,0.000,-42.955,30.587,0.000,0.000,0.000,0.006,3.2,11.30,32.0,0.000,0.000,0.000,0.000,0.000,0.000,0.006,0.000,0.000,0.000,0.000,0.000,0.000,0.006,0.000,0.000,0.006,0.000
113.0055,1130,0,move,-1,113.0055,113.0182,0,0.000,-0.088,0.176,-0.176,-0.088,0.088,-0.264,-0.088,0.176,0.000,-0.176,-0.088,-0.088,-43.066,30.762,0.000,0.439,0.176,0.000,0.000,0.000,0.000,0.000,0.000,0.000,0.000,0.000,0.000,0.000,0.000,0.000,-42.955,30.587,0.000,0.000,0.000,0.013,4.8,11.30,31.0,0.000,0.000,0.000,0.006,0.000,0.000,0.006,0.000,0.000,0.000,0.006,0.000,0.000,0.000,0.006,0.000,0.013,0.006
113.1055,1131,0,move,-1,113.1055,113.1194,0,0.000,-0.088,0.176,-0.176,-0.088,0.088,-0.264,-0.088,0.176,0.000,-0.176,-0.088,-0.088,-43.066,30.762,0.000,0.439,0.176,0.000,0.000,0.000,0.000,0.000,0.000,0.000,0.000,0.000,0.000,0.000,0.000,0.000,-42.955,30.587,0.000,0.000,0.000,0.013,4.8,11.30,31.0,0.000,0.000,0.000,0.000,0.000,0.000,0.006,0.000,0.000,0.000,0.006,0.000,0.000,0.000,0.006,0.000,0.013,0.006
113.2056,1132,0,move,-1,113.2056,113.2556,0,0.000,-0.088,0.176,-0.176,-0.088,0.088,-0.264,-0.088,0.176,0.000,-0.176,-0.088,-0.088,-43.066,30.762,0.000,0.439,0.176,0.000,0.000,0.000,0.000,0.000,0.000,0.000,0.000,0.000,0.000,0.000,0.000,0.000,-42.955,30.587,0.000,0.000,0.000,0.013,5.6,11.30,31.0,0.000,0.000,0.006,0.000,0.000,0.000,0.006,0.000,0.006,0.000,0.000,0.000,0.000,0.000,0.006,0.000,0.013,0.000
113.3054,1133,0,move,-1,113.3054,113.3167,0,0.000,-0.088,0.176,-0.176,-0.088,0.088,-0.264,-0.088,0.176,0.000,-0.176,-0.088,-0.088,-43.066,30.762,0.000,0.439,0.176,0.000,0.000,0.000,0.000,0.000,0.000,0.000,0.000,0.000,0.000,0.000,0.000,0.000,-42.955,30.587,0.000,0.000,0.000,0.013,5.6,11.30,31.0,0.000,0.000,0.006,0.000,0.000,0.000,0.006,0.000,0.006,0.000,0.000,0.000,0.000,0.000,0.006,0.000,0.013,0.000
113.4053,1134,0,move,-1,113.4053,113.4148,0,0.000,-0.088,0.176,-0.176,-0.088,0.088,-0.264,-0.088,0.176,0.000,-0.176,-0.088,-0.088,-42.979,30.762,0.000,0.439,0.176,0.000,0.000,0.000,0.000,0.000,0.000,0.000,0.000,0.000,0.000,0.000,0.000,0.000,-42.955,30.587,0.000,0.000,0.000,0.013,4.8,11.30,31.0,0.000,0.000,0.006,0.000,0.000,0.000,0.006,0.000,0.000,0.000,0.000,0.000,0.000,0.000,0.006,0.000,0.013,0.006
113.5055,1135,0,move,-1,113.5055,113.5180,0,0.000,-0.088,0.176,-0.176,-0.088,0.088,-0.264,-0.088,0.176,0.000,-0.176,-0.088,-0.088,-42.979,30.762,0.000,0.439,0.176,0.000,0.000,0.000,0.000,0.000,0.000,0.000,0.000,0.000,0.000,0.000,0.000,0.000,-42.955,30.587,0.000,0.000,0.000,0.006,2.4,11.30,32.0,0.000,0.000,0.006,0.006,0.000,0.000,0.006,0.000,0.006,0.000,0.000,0.000,0.000,0.000,0.006,0.000,0.006,0.006
113.6053,1136,0,move,-1,113.6053,113.6175,0,0.000,-0.088,0.176,-0.176,-0.088,0.088,-0.264,-0.088,0.176,0.000,-0.176,-0.088,-0.088,-42.979,30.762,0.000,0.439,0.176,0.000,0.000,0.000,0.000,0.000,0.000,0.000,0.000,0.000,0.000,0.000,0.000,0.000,-42.955,30.587,0.000,0.000,0.000,0.006,2.4,11.30,32.0,0.000,0.000,0.006,0.006,0.000,0.000,0.006,0.000,0.006,0.000,0.000,0.000,0.000,0.000,0.006,0.000,0.006,0.006
113.7054,1137,0,move,-1,113.7054,113.7192,0,0.000,-0.088,0.176,-0.176,-0.088,0.088,-0.264,-0.088,0.176,0.000,-0.176,-0.088,-0.088,-42.979,30.762,0.000,0.439,0.176,0.000,0.000,0.000,0.000,0.000,0.000,0.000,0.000,0.000,0.000,0.000,0.000,0.000,-42.955,30.587,0.000,0.000,0.000,0.006,2.4,11.30,32.0,0.000,0.000,0.000,0.006,0.000,0.000,0.006,0.000,0.006,0.000,0.000,0.000,0.000,0.000,0.006,0.000,0.006,0.006
113.8053,1138,0,move,-1,113.8053,113.8157,0,0.000,-0.088,0.176,-0.176,-0.088,0.088,-0.264,-0.088,0.176,0.000,-0.176,-0.088,-0.088,-42.979,30.762,0.000,0.439,0.176,0.000,0.000,0.000,0.000,0.000,0.000,0.000,0.000,0.000,0.000,0.000,0.000,0.000,-42.955,30.587,0.000,0.000,0.000,0.006,2.4,11.30,32.0,0.000,0.000,0.000,0.006,0.000,0.000,0.006,0.000,0.006,0.000,0.000,0.000,0.000,0.000,0.006,0.000,0.006,0.006
113.9053,1139,0,move,-1,113.9053,113.9162,0,0.000,-0.088,0.176,-0.176,-0.088,0.088,-0.264,-0.088,0.176,0.000,-0.176,-0.088,-0.088,-42.979,30.762,0.000,0.439,0.176,0.000,0.000,0.000,0.000,0.000,0.000,0.000,0.000,0.000,0.000,0.000,0.000,0.000,-42.955,30.587,0.000,0.000,0.000,0.006,3.2,11.30,32.0,0.000,0.000,0.000,0.000,0.000,0.000,0.006,0.000,0.000,0.000,0.000,0.000,0.000,0.000,0.000,0.000,0.006,0.006
114.0053,1140,0,move,-1,114.0053,114.0184,0,0.000,-0.088,0.176,-0.176,-0.088,0.088,-0.264,-0.088,0.176,0.000,-0.176,-0.088,-0.088,-42.979,30.762,0.000,0.439,0.176,0.000,0.000,0.000,0.000,0.000,0.000,0.000,0.000,0.000,0.000,0.000,0.000,0.000,-42.955,30.587,0.000,0.000,0.000,0.006,2.4,11.30,32.0,0.000,0.000,0.000,0.006,0.000,0.000,0.006,0.000,0.000,0.000,0.000,0.000,0.000,0.000,0.006,0.000,0.006,0.006
114.1054,1141,0,move,-1,114.1054,114.1175,0,0.000,-0.088,0.176,-0.176,-0.088,0.088,-0.264,-0.088,0.176,0.000,-0.176,-0.088,-0.088,-42.979,30.762,0.000,0.439,0.176,0.000,0.000,0.000,0.000,0.000,0.000,0.000,0.000,0.000,0.000,0.000,0.000,0.000,-42.955,30.587,0.000,0.000,0.000,0.006,2.4,11.30,32.0,0.000,0.000,0.000,0.006,0.000,0.000,0.006,0.000,0.000,0.000,0.000,0.000,0.000,0.000,0.006,0.000,0.006,0.006
114.2054,1142,0,move,-1,114.2054,114.2184,0,0.000,-0.088,0.176,-0.176,-0.088,0.088,-0.264,-0.088,0.176,0.000,-0.176,-0.088,-0.088,-42.979,30.762,0.000,0.439,0.176,0.000,0.000,0.000,0.000,0.000,0.000,0.000,0.000,0.000,0.000,0.000,0.000,0.000,-42.955,30.587,0.000,0.000,0.000,0.013,4.8,11.30,31.0,0.000,0.000,0.000,0.000,0.000,0.000,0.000,0.000,0.006,0.000,0.000,0.000,0.000,0.000,0.006,0.000,0.013,0.006
114.3054,1143,0,move,-1,114.3054,114.3170,0,0.000,-0.088,0.176,-0.176,-0.088,0.088,-0.264,-0.088,0.176,0.000,-0.176,-0.088,-0.088,-42.979,30.762,0.000,0.439,0.176,0.000,0.000,0.000,0.000,0.000,0.000,0.000,0.000,0.000,0.000,0.000,0.000,0.000,-42.955,30.587,0.000,0.000,0.000,0.013,4.8,11.30,31.0,0.000,0.000,0.000,0.000,0.000,0.000,0.000,0.000,0.006,0.000,0.000,0.000,0.000,0.000,0.006,0.000,0.013,0.006
114.4055,1144,0,move,-1,114.4055,114.4188,0,0.000,-0.088,0.176,-0.176,-0.088,0.088,-0.264,-0.088,0.176,0.000,-0.176,-0.088,-0.088,-42.979,30.762,0.000,0.439,0.176,0.000,0.000,0.000,0.000,0.000,0.000,0.000,0.000,0.000,0.000,0.000,0.000,0.000,-42.955,30.587,0.000,0.000,0.000,0.006,2.4,11.30,32.0,0.000,0.000,0.000,0.006,0.000,0.000,0.000,0.000,0.000,0.000,0.000,0.000,0.000,0.000,0.006,0.000,0.006,0.000
114.5053,1145,0,move,-1,114.5053,114.5154,0,0.000,-0.088,0.176,-0.176,-0.088,0.088,-0.264,-0.088,0.176,0.000,-0.176,-0.088,-0.088,-42.979,30.762,0.000,0.439,0.176,0.000,0.000,0.000,0.000,0.000,0.000,0.000,0.000,0.000,0.000,0.000,0.000,0.000,-42.955,30.587,0.000,0.000,0.000,0.006,2.4,11.30,32.0,0.000,0.000,0.000,0.006,0.000,0.000,0.000,0.000,0.000,0.000,0.000,0.000,0.000,0.000,0.006,0.000,0.006,0.000
114.6072,1146,0,move,-1,114.6072,114.6193,0,0.000,-0.088,0.176,-0.176,-0.088,0.088,-0.264,-0.088,0.176,0.000,-0.176,-0.088,-0.088,-42.979,30.762,0.000,0.439,0.176,0.000,0.000,0.000,0.000,0.000,0.000,0.000,0.000,0.000,0.000,0.000,0.000,0.000,-42.955,30.587,0.000,0.000,0.000,0.006,3.2,11.30,32.0,0.000,0.000,0.000,0.000,0.000,0.000,0.006,0.000,0.000,0.000,0.000,0.000,0.000,0.000,0.006,0.000,0.006,0.006
114.7069,1147,0,move,-1,114.7069,114.7133,0,0.000,-0.088,0.176,-0.176,-0.088,0.088,-0.264,-0.088,0.176,0.000,-0.176,-0.088,-0.088,-42.979,30.762,0.000,0.439,0.176,0.000,0.000,0.000,0.000,0.000,0.000,0.000,0.000,0.000,0.000,0.000,0.000,0.000,-42.955,30.587,0.000,0.000,0.000,0.006,3.2,11.30,32.0,0.000,0.000,0.000,0.000,0.000,0.000,0.006,0.000,0.000,0.000,0.000,0.000,0.000,0.000,0.006,0.000,0.006,0.006
114.8070,1148,0,move,-1,114.8070,114.8580,0,0.000,-0.088,0.176,-0.176,-0.088,0.088,-0.264,-0.088,0.176,0.000,-0.176,-0.088,-0.088,-42.979,30.762,0.000,0.439,0.176,0.000,0.000,0.000,0.000,0.000,0.000,0.000,0.000,0.000,0.000,0.000,0.000,0.000,-42.955,30.587,0.000,0.000,0.000,0.006,3.2,11.30,32.0,0.000,0.000,0.000,0.000,0.000,0.000,0.006,0.000,0.000,0.000,0.006,0.000,0.000,0.000,0.006,0.000,0.006,0.006
114.9054,1149,0,move,-1,114.9054,114.9161,0,0.000,-0.088,0.176,-0.176,-0.088,0.088,-0.264,-0.088,0.176,0.000,-0.176,-0.088,-0.088,-42.979,30.762,0.000,0.439,0.176,0.000,0.000,0.000,0.000,0.000,0.000,0.000,0.000,0.000,0.000,0.000,0.000,0.000,-42.955,30.587,0.000,0.000,0.000,0.006,3.2,11.30,32.0,0.000,0.000,0.000,0.000,0.000,0.000,0.006,0.000,0.000,0.000,0.006,0.000,0.000,0.000,0.006,0.000,0.006,0.006
115.0053,1150,0,move,-1,115.0053,115.0135,0,0.000,-0.088,0.176,-0.176,-0.088,0.088,-0.264,-0.088,0.176,0.000,-0.176,-0.088,-0.088,-42.979,30.762,0.000,0.439,0.176,0.000,0.000,0.000,0.000,0.000,0.000,0.000,0.000,0.000,0.000,0.000,0.000,0.000,-42.955,30.587,0.000,0.000,0.000,0.006,2.4,11.30,32.0,0.000,0.000,0.000,0.006,0.000,0.000,0.000,0.000,0.006,0.000,0.000,0.000,0.000,0.000,0.006,0.000,0.006,0.000
115.1110,1151,0,move,-1,115.1110,115.1454,0,0.000,-0.088,0.176,-0.176,-0.088,0.088,-0.264,-0.088,0.176,0.000,-0.176,-0.088,-0.088,-42.979,30.762,0.000,0.439,0.176,0.000,0.000,0.000,0.000,0.000,0.000,0.000,0.000,0.000,0.000,0.000,0.000,0.000,-42.955,30.587,0.000,0.000,0.000,0.006,2.4,11.30,31.0,0.000,0.000,0.000,0.000,0.000,0.000,0.000,0.000,0.000,0.000,0.006,0.000,0.000,0.000,0.006,0.000,0.006,0.000
115.2053,1152,0,move,-1,115.2053,115.2169,0,0.000,-0.088,0.176,-0.176,-0.088,0.088,-0.264,-0.088,0.176,0.000,-0.176,-0.088,-0.088,-42.979,30.762,0.000,0.439,0.176,0.000,0.000,0.000,0.000,0.000,0.000,0.000,0.000,0.000,0.000,0.000,0.000,0.000,-42.955,30.587,0.000,0.000,0.000,0.006,2.4,11.30,31.0,0.000,0.000,0.000,0.000,0.000,0.000,0.000,0.000,0.000,0.000,0.006,0.000,0.000,0.000,0.006,0.000,0.006,0.000
115.3055,1153,0,move,-1,115.3055,115.3163,0,0.000,-0.088,0.176,-0.176,-0.088,0.088,-0.264,-0.088,0.176,0.000,-0.176,-0.088,-0.088,-42.979,30.762,0.000,0.439,0.176,0.000,0.000,0.000,0.000,0.000,0.000,0.000,0.000,0.000,0.000,0.000,0.000,0.000,-42.955,30.587,0.000,0.000,0.000,0.006,3.2,11.20,32.0,0.000,0.000,0.000,0.000,0.000,0.000,0.006,0.000,0.000,0.000,0.000,0.000,0.000,0.000,0.006,0.000,0.006,0.006
115.4053,1154,0,move,-1,115.4053,115.4106,0,0.000,-0.088,0.176,-0.176,-0.088,0.088,-0.264,-0.088,0.176,0.000,-0.176,-0.088,-0.088,-42.979,30.762,0.000,0.439,0.176,0.000,0.000,0.000,0.000,0.000,0.000,0.000,0.000,0.000,0.000,0.000,0.000,0.000,-42.955,30.587,0.000,0.000,0.000,0.006,3.2,11.20,32.0,0.000,0.000,0.000,0.000,0.000,0.000,0.006,0.000,0.000,0.000,0.000,0.000,0.000,0.000,0.006,0.000,0.006,0.006
115.5053,1155,0,move,-1,115.5053,115.5153,0,0.000,-0.088,0.176,-0.176,-0.088,0.088,-0.264,-0.088,0.176,0.000,-0.176,-0.088,-0.088,-42.979,30.762,0.000,0.439,0.176,0.000,0.000,0.000,0.000,0.000,0.000,0.000,0.000,0.000,0.000,0.000,0.000,0.000,-42.955,30.587,0.000,0.000,0.000,0.006,2.4,11.30,31.0,0.000,0.000,0.000,0.000,0.000,0.000,0.000,0.000,0.000,0.000,0.006,0.000,0.000,0.000,0.006,0.000,0.006,0.000
115.6053,1156,0,move,-1,115.6053,115.6178,0,0.000,-0.088,0.176,-0.176,-0.088,0.088,-0.264,-0.088,0.176,0.000,-0.176,-0.088,-0.088,-42.979,30.762,0.000,0.439,0.176,0.000,0.000,0.000,0.000,0.000,0.000,0.000,0.000,0.000,0.000,0.000,0.000,0.000,-42.955,30.587,0.000,0.000,0.000,0.006,2.4,11.30,32.0,0.000,0.000,0.000,0.006,0.000,0.000,0.006,0.000,0.000,0.000,0.000,0.000,0.000,0.000,0.000,0.000,0.006,0.006
115.7065,1157,0,move,-1,115.7065,115.7170,0,0.000,-0.088,0.176,-0.176,-0.088,0.088,-0.264,-0.088,0.176,0.000,-0.176,-0.088,-0.088,-42.979,30.762,0.000,0.439,0.176,0.000,0.000,0.000,0.000,0.000,0.000,0.000,0.000,0.000,0.000,0.000,0.000,0.000,-42.955,30.587,0.000,0.000,0.000,0.006,2.4,11.30,32.0,0.000,0.000,0.000,0.006,0.000,0.000,0.006,0.000,0.000,0.000,0.000,0.000,0.000,0.000,0.000,0.000,0.006,0.006
115.8055,1158,0,move,-1,115.8055,115.8145,0,0.000,-0.088,0.176,-0.176,-0.088,0.088,-0.264,-0.088,0.176,0.000,-0.176,-0.088,-0.088,-42.979,30.762,0.000,0.439,0.176,0.000,0.000,0.000,0.000,0.000,0.000,0.000,0.000,0.000,0.000,0.000,0.000,0.000,-42.955,30.587,0.000,0.000,0.000,0.006,3.2,11.30,32.0,0.000,0.000,0.000,0.000,0.000,0.000,0.006,0.000,0.006,0.000,0.000,0.000,0.000,0.000,0.006,0.000,0.006,0.006
115.9053,1159,0,move,-1,115.9053,115.9162,0,0.000,-0.088,0.176,-0.176,-0.088,0.088,-0.264,-0.088,0.176,0.000,-0.176,-0.088,-0.088,-42.979,30.762,0.000,0.439,0.176,0.000,0.000,0.000,0.000,0.000,0.000,0.000,0.000,0.000,0.000,0.000,0.000,0.000,-42.955,30.587,0.000,0.000,0.000,0.006,4.8,11.30,31.0,0.000,0.000,0.000,0.000,0.000,0.000,0.000,0.000,0.000,0.000,0.000,0.000,0.000,0.000,0.000,0.000,0.006,0.006
116.0055,1160,0,move,-1,116.0055,116.0210,0,0.000,-0.088,0.176,-0.176,-0.088,0.088,-0.264,-0.088,0.176,0.000,-0.176,-0.088,-0.088,-42.979,30.762,0.000,0.439,0.176,0.000,0.000,0.000,0.000,0.000,0.000,0.000,0.000,0.000,0.000,0.000,0.000,0.000,-43.059,30.640,0.000,0.000,0.000,0.006,2.4,11.30,32.0,0.000,0.000,0.000,0.006,0.000,0.000,0.006,0.000,0.000,0.000,0.006,0.000,0.000,0.000,0.006,0.000,0.006,0.006
116.1053,1161,0,move,-1,116.1053,116.1143,0,0.000,-0.088,0.176,-0.176,-0.088,0.088,-0.264,-0.088,0.176,0.000,-0.176,-0.088,-0.088,-42.979,30.762,0.000,0.439,0.176,0.000,0.000,0.000,0.000,0.000,0.000,0.000,0.000,0.000,0.000,0.000,0.000,0.000,-43.362,30.795,0.000,0.000,0.000,0.006,2.4,11.30,32.0,0.000,0.000,0.000,0.006,0.000,0.000,0.006,0.000,0.000,0.000,0.006,0.000,0.000,0.000,0.006,0.000,0.006,0.006
116.2053,1162,0,move,-1,116.2053,116.2170,0,0.000,-0.088,0.176,-0.176,-0.088,0.088,-0.264,-0.088,0.176,0.000,-0.176,-0.088,-0.088,-43.154,30.762,0.000,0.439,0.176,0.000,0.000,0.000,0.000,0.000,0.000,0.000,0.000,0.000,0.000,0.000,0.000,0.000,-43.833,31.033,0.000,0.000,0.000,0.006,3.2,11.30,32.0,0.000,0.000,0.000,0.000,0.000,0.000,0.006,0.000,0.000,0.000,0.006,0.000,0.000,0.000,0.000,0.000,0.006,0.000
116.3053,1163,0,move,-1,116.3053,116.3193,0,0.000,-0.088,0.176,-0.176,-0.088,0.088,-0.264,-0.088,0.176,0.000,-0.176,-0.088,-0.088,-43.506,30.938,0.000,0.439,0.176,0.000,0.000,0.000,0.000,0.000,0.000,0.000,0.000,0.000,0.000,0.000,0.000,0.000,-44.421,31.329,0.000,0.000,0.000,0.019,6.0,11.30,29.0,0.000,0.000,0.000,0.006,0.000,0.000,0.006,0.000,0.000,0.000,0.000,0.000,0.000,0.019,0.006,0.000,0.013,0.006
116.4053,1164,0,move,-1,116.4053,116.4395,0,0.000,-0.088,0.176,-0.176,-0.088,0.088,-0.264,-0.088,0.176,0.000,-0.176,-0.088,-0.088,-43.506,31.201,0.000,0.439,0.176,0.000,0.000,0.000,0.000,0.000,0.000,0.000,0.000,0.000,0.000,0.000,0.000,0.000,-45.069,31.653,0.000,0.000,0.000,0.039,8.0,11.30,29.0,0.000,0.000,0.000,0.000,0.000,0.000,0.006,0.000,0.000,0.000,0.006,0.000,0.000,0.039,0.013,0.006,0.006,0.000
116.5053,1165,0,move,-1,116.5053,116.5151,0,0.000,-0.088,0.176,-0.176,-0.088,0.088,-0.264,-0.088,0.176,0.000,-0.176,-0.088,-0.088,-44.209,31.641,0.000,0.439,0.176,0.000,0.000,0.000,0.000,0.000,0.000,0.000,0.000,0.000,0.000,0.000,0.000,0.000,-45.712,31.972,0.000,0.000,0.000,0.039,8.0,11.30,29.0,0.000,0.000,0.000,0.000,0.000,0.000,0.006,0.000,0.000,0.000,0.006,0.000,0.000,0.039,0.013,0.006,0.006,0.000
116.6053,1166,0,move,-1,116.6053,116.6195,0,0.000,-0.088,0.176,-0.176,-0.088,0.088,-0.264,-0.088,0.176,0.000,-0.176,-0.088,-0.088,-44.912,31.992,0.000,0.439,0.176,0.000,0.000,0.000,0.000,0.000,0.000,0.000,0.000,0.000,0.000,0.000,0.000,0.000,-46.288,32.255,0.000,0.000,0.000,0.033,7.6,11.30,29.0,0.000,0.000,0.006,0.000,0.000,0.000,0.006,0.000,0.006,0.000,0.006,0.000,0.000,0.033,0.000,0.000,0.006,0.000
116.7055,1167,0,move,-1,116.7055,116.7153,0,0.000,-0.088,0.176,-0.176,-0.088,0.088,-0.264,-0.088,0.176,0.000,-0.176,-0.088,-0.088,-45.527,32.256,0.000,0.439,0.176,0.000,0.000,0.000,0.000,0.000,0.000,0.000,0.000,0.000,0.000,0.000,0.000,0.000,-46.742,32.477,0.000,0.000,0.000,0.033,7.6,11.30,29.0,0.000,0.000,0.006,0.000,0.000,0.000,0.006,0.000,0.006,0.000,0.006,0.000,0.000,0.033,0.000,0.000,0.006,0.000
116.8055,1168,0,move,-1,116.8055,116.8164,0,0.000,-0.088,0.176,-0.176,-0.088,0.088,-0.264,-0.088,0.176,0.000,-0.176,-0.088,-0.088,-46.055,32.520,0.000,0.439,0.176,0.000,0.000,0.000,0.000,0.000,0.000,0.000,0.000,0.000,0.000,0.000,0.000,0.000,-47.033,32.619,0.000,0.000,0.000,0.039,7.6,11.30,28.0,0.000,0.000,0.000,0.006,0.000,0.000,0.000,0.000,0.000,0.000,0.006,0.000,0.000,0.039,0.000,0.000,0.006,0.000
116.9053,1169,0,move,-1,116.9053,116.9178,0,0.000,-0.088,0.176,-0.176,-0.088,0.088,-0.264,-0.088,0.176,0.000,-0.176,-0.088,-0.088,-46.406,32.520,0.000,0.439,0.176,0.000,0.000,0.000,0.000,0.000,0.000,0.000,0.000,0.000,0.000,0.000,0.000,0.000,-47.133,32.667,0.000,0.000,0.000,0.039,8.0,11.30,29.0,0.000,0.000,0.000,0.000,0.000,0.000,0.006,0.000,0.000,0.000,0.006,0.000,0.000,0.039,0.000,0.000,0.006,0.000
117.0055,1170,0,move,-1,117.0055,117.0186,0,0.000,-0.088,0.176,-0.176,-0.088,0.088,-0.264,-0.088,0.176,0.000,-0.176,-0.088,-0.088,-46.406,32.607,0.000,0.439,0.176,0.000,0.000,0.000,0.000,0.000,0.000,0.000,0.000,0.000,0.000,0.000,0.000,0.000,-47.133,32.667,0.000,0.000,0.000,0.039,7.2,11.30,29.0,0.000,0.000,0.000,0.000,0.000,0.000,0.000,0.000,0.000,0.000,0.000,0.000,0.000,0.039,0.000,0.000,0.006,0.000
117.1177,1171,0,move,-1,117.1177,117.1440,0,0.000,-0.088,0.176,-0.176,-0.088,0.088,-0.264,-0.088,0.176,0.000,-0.176,-0.088,-0.088,-46.406,32.695,0.000,0.439,0.176,0.000,0.000,0.000,0.000,0.000,0.000,0.000,0.000,0.000,0.000,0.000,0.000,0.000,-47.133,32.667,0.000,0.000,0.000,0.033,7.2,11.30,29.0,0.000,0.000,0.000,0.000,0.000,0.000,0.000,0.000,0.006,0.000,0.000,0.000,0.000,0.033,0.000,0.000,0.013,0.006
117.2054,1172,0,move,-1,117.2054,117.2161,0,0.000,-0.088,0.176,-0.176,-0.088,0.088,-0.264,-0.088,0.176,0.000,-0.176,-0.088,-0.088,-46.406,32.695,0.000,0.439,0.176,0.000,0.000,0.000,0.000,0.000,0.000,0.000,0.000,0.000,0.000,0.000,0.000,0.000,-47.133,32.667,0.000,0.000,0.000,0.033,7.2,11.30,29.0,0.000,0.000,0.000,0.000,0.000,0.000,0.000,0.000,0.006,0.000,0.000,0.000,0.000,0.033,0.000,0.000,0.013,0.006
117.3055,1173,0,move,-1,117.3055,117.3162,0,0.000,-0.088,0.176,-0.176,-0.088,0.088,-0.264,-0.088,0.176,0.000,-0.176,-0.088,-0.088,-46.406,32.695,0.000,0.439,0.176,0.000,0.000,0.000,0.000,0.000,0.000,0.000,0.000,0.000,0.000,0.000,0.000,0.000,-47.133,32.667,0.000,0.000,0.000,0.039,7.2,11.30,29.0,0.000,0.000,0.000,0.000,0.000,0.000,0.006,0.000,0.000,0.000,0.000,0.000,0.000,0.039,0.000,0.000,0.006,0.000
117.4073,1174,0,move,-1,117.4073,117.4422,0,0.000,-0.088,0.176,-0.176,-0.088,0.088,-0.264,-0.088,0.176,0.000,-0.176,-0.088,-0.088,-46.406,32.695,0.000,0.439,0.176,0.000,0.000,0.000,0.000,0.000,0.000,0.000,0.000,0.000,0.000,0.000,0.000,0.000,-47.133,32.667,0.000,0.000,0.000,0.039,7.2,11.30,29.0,0.000,0.000,,0.000,0.000,0.000,0.006,0.000,0.000,0.000,0.006,0.000,0.000,0.039,0.000,0.000,0.013,0.000
117.5056,1175,0,move,-1,117.5056,117.5174,0,0.000,-0.088,0.176,-0.176,-0.088,0.088,-0.264,-0.088,0.176,0.000,-0.176,-0.088,-0.088,-46.406,32.695,0.000,0.439,0.176,0.000,0.000,0.000,0.000,0.000,0.000,0.000,0.000,0.000,0.000,0.000,0.000,0.000,-47.133,32.667,0.000,0.000,0.000,0.039,7.2,11.30,29.0,0.000,0.000,,0.000,0.000,0.000,0.006,0.000,0.000,0.000,0.006,0.000,0.000,0.039,0.000,0.000,0.013,0.000
117.6053,1176,0,move,-1,117.6053,117.6259,0,0.000,-0.088,0.176,-0.176,-0.088,0.088,-0.264,-0.088,0.176,0.000,-0.176,-0.088,-0.088,-46.406,32.695,0.000,0.439,0.176,0.000,0.000,0.000,0.000,0.000,0.000,0.000,0.000,0.000,0.000,0.000,0.000,0.000,-47.133,32.667,0.000,0.000,0.000,0.039,7.2,11.30,29.0,0.000,0.000,0.000,0.000,0.000,0.000,0.006,0.000,0.000,0.000,0.000,0.000,0.000,0.039,0.000,0.000,0.013,0.006
117.7053,1177,0,move,-1,117.7053,117.7165,0,0.000,-0.088,0.176,-0.176,-0.088,0.088,-0.264,-0.088,0.176,0.000,-0.176,-0.088,-0.088,-46.406,32.695,0.000,0.439,0.176,0.000,0.000,0.000,0.000,0.000,0.000,0.000,0.000,0.000,0.000,0.000,0.000,0.000,-47.133,32.667,0.000,0.000,0.000,0.039,7.2,11.30,29.0,0.000,0.000,0.000,0.000,0.000,0.000,0.006,0.000,0.000,0.000,0.000,0.000,0.000,0.039,0.000,0.000,0.013,0.006
117.8053,1178,0,move,-1,117.8053,117.8171,0,0.000,-0.088,0.176,-0.176,-0.088,0.088,-0.264,-0.088,0.176,0.000,-0.176,-0.088,-0.088,-46.406,32.695,0.000,0.439,0.176,0.000,0.000,0.000,0.000,0.000,0.000,0.000,0.000,0.000,0.000,0.000,0.000,0.000,-47.133,32.667,0.000,0.000,0.000,0.033,7.2,11.30,29.0,0.000,0.000,0.006,0.006,0.000,0.000,0.000,0.000,0.000,0.000,0.000,0.000,0.000,0.033,0.000,0.000,0.006,0.000
117.9055,1179,0,move,-1,117.9055,117.9161,0,0.000,-0.088,0.176,-0.176,-0.088,0.088,-0.264,-0.088,0.176,0.000,-0.176,-0.088,-0.088,-46.406,32.695,0.000,0.439,0.176,0.000,0.000,0.000,0.000,0.000,0.000,0.000,0.000,0.000,0.000,0.000,0.000,0.000,-47.133,32.667,0.000,0.000,0.000,0.033,7.2,11.30,29.0,0.000,0.000,0.006,0.006,0.000,0.000,0.000,0.000,0.000,0.000,0.000,0.000,0.000,0.033,0.000,0.000,0.006,0.000
118.0055,1180,0,move,-1,118.0055,118.0191,0,0.000,-0.088,0.176,-0.176,-0.088,0.088,-0.264,-0.088,0.176,0.000,-0.176,-0.088,-0.088,-46.406,32.695,0.000,0.439,0.176,0.000,0.000,0.000,0.000,0.000,0.000,0.000,0.000,0.000,0.000,0.000,0.000,0.000,-47.133,32.667,0.000,0.000,0.000,0.039,7.2,11.30,29.0,0.000,0.000,0.000,0.006,0.000,0.000,0.000,0.000,0.000,0.000,0.000,0.000,0.000,0.039,0.000,0.000,0.006,0.000
118.1055,1181,0,move,-1,118.1055,118.1185,0,0.000,-0.088,0.176,-0.176,-0.088,0.088,-0.264,-0.088,0.176,0.000,-0.176,-0.088,-0.088,-46.406,32.695,0.000,0.439,0.176,0.000,0.000,0.000,0.000,0.000,0.000,0.000,0.000,0.000,0.000,0.000,0.000,0.000,-47.133,32.667,0.000,0.000,0.000,0.039,7.2,11.30,29.0,0.000,0.000,0.000,0.006,0.000,0.000,0.000,0.000,0.000,0.000,0.000,0.000,0.000,0.039,0.000,0.000,0.006,0.000
118.2053,1182,0,move,-1,118.2053,118.2183,0,0.000,-0.088,0.176,-0.176,-0.088,0.088,-0.264,-0.088,0.176,0.000,-0.176,-0.088,-0.088,-46.406,32.695,0.000,0.439,0.176,0.000,0.000,0.000,0.000,0.000,0.000,0.000,0.000,0.000,0.000,0.000,0.000,0.000,-47.133,32.667,0.000,0.000,0.000,0.026,7.2,11.30,29.0,0.000,0.000,0.000,0.000,0.000,0.000,0.000,0.000,0.006,0.000,0.006,0.000,0.000,0.026,0.000,0.000,0.013,0.000
118.3053,1183,0,move,-1,118.3053,118.3155,0,0.000,-0.088,0.176,-0.176,-0.088,0.088,-0.264,-0.088,0.176,0.000,-0.176,-0.088,-0.088,-46.406,32.695,0.000,0.439,0.176,0.000,0.000,0.000,0.000,0.000,0.000,0.000,0.000,0.000,0.000,0.000,0.000,0.000,-47.133,32.667,0.000,0.000,0.000,0.026,7.2,11.30,29.0,0.000,0.000,0.000,0.000,0.000,0.000,0.000,0.000,0.006,0.000,0.006,0.000,0.000,0.026,0.000,0.000,0.013,0.000
118.4055,1184,0,move,-1,118.4055,118.4158,0,0.000,-0.088,0.176,-0.176,-0.088,0.088,-0.264,-0.088,0.176,0.000,-0.176,-0.088,-0.088,-46.494,32.695,0.000,0.439,0.176,0.000,0.000,0.000,0.000,0.000,0.000,0.000,0.000,0.000,0.000,0.000,0.000,0.000,-47.133,32.667,0.000,0.000,0.000,0.033,7.2,11.30,29.0,0.000,0.000,0.006,0.000,0.000,0.000,0.006,0.000,0.006,0.000,0.000,0.000,0.000,0.033,0.000,0.000,0.013,0.000
118.5054,1185,0,move,-1,118.5054,118.5151,0,0.000,-0.088,0.176,-0.176,-0.088,0.088,-0.264,-0.088,0.176,0.000,-0.176,-0.088,-0.088,-46.494,32.695,0.000,0.439,0.176,0.000,0.000,0.000,0.000,0.000,0.000,0.000,0.000,0.000,0.000,0.000,0.000,0.000,-47.133,32.667,0.000,0.000,0.000,0.033,7.2,11.30,29.0,0.000,0.000,0.006,0.000,0.000,0.000,0.006,0.000,0.006,0.000,0.000,0.000,0.000,0.033,0.000,0.000,0.013,0.000
118.6054,1186,0,move,-1,118.6054,118.6162,0,0.000,-0.088,0.176,-0.176,-0.088,0.088,-0.264,-0.088,0.176,0.000,-0.176,-0.088,-0.088,-46.494,32.695,0.000,0.439,0.176,0.000,0.000,0.000,0.000,0.000,0.000,0.000,0.000,0.000,0.000,0.000,0.000,0.000,-47.133,32.667,0.000,0.000,0.000,0.026,6.4,11.30,29.0,0.000,0.000,0.000,0.000,0.000,0.000,0.006,0.000,0.000,0.000,0.000,0.000,0.000,0.026,0.000,0.000,0.006,0.000
118.7054,1187,0,move,-1,118.7054,118.7151,0,0.000,-0.088,0.176,-0.176,-0.088,0.088,-0.264,-0.088,0.176,0.000,-0.176,-0.088,-0.088,-46.494,32.695,0.000,0.439,0.176,0.000,0.000,0.000,0.000,0.000,0.000,0.000,0.000,0.000,0.000,0.000,0.000,0.000,-47.133,32.667,0.000,0.000,0.000,0.026,6.4,11.30,29.0,0.000,0.000,0.000,0.000,0.000,0.000,0.006,0.000,0.000,0.000,0.000,0.000,0.000,0.026,0.000,0.000,0.006,0.000
118.8107,1188,0,move,-1,118.8107,118.8363,0,0.000,-0.088,0.176,-0.176,-0.088,0.088,-0.264,-0.088,0.176,0.000,-0.176,-0.088,-0.088,-46.494,32.695,0.000,0.439,0.176,0.000,0.000,0.000,0.000,0.000,0.000,0.000,0.000,0.000,0.000,0.000,0.000,0.000,-47.133,32.667,0.000,0.000,0.000,0.033,6.4,11.30,29.0,0.000,0.000,0.000,0.000,0.000,0.000,0.006,0.000,0.000,0.000,0.000,0.000,0.000,0.033,0.000,0.000,0.013,0.006
118.9055,1189,0,move,-1,118.9055,118.9170,0,0.000,-0.088,0.176,-0.176,-0.088,0.088,-0.264,-0.088,0.176,0.000,-0.176,-0.088,-0.088,-46.494,32.695,0.000,0.439,0.176,0.000,0.000,0.000,0.000,0.000,0.000,0.000,0.000,0.000,0.000,0.000,0.000,0.000,-47.133,32.667,0.000,0.000,0.000,0.033,6.4,11.30,29.0,0.000,0.000,0.000,0.000,0.000,0.000,0.006,0.000,0.000,0.000,0.000,0.000,0.000,0.033,0.000,0.000,0.013,0.006
119.0053,1190,0,move,-1,119.0053,119.0176,0,0.000,-0.088,0.176,-0.176,-0.088,0.088,-0.264,-0.088,0.176,0.000,-0.176,-0.088,-0.088,-46.494,32.695,0.000,0.439,0.176,0.000,0.000,0.000,0.000,0.000,0.000,0.000,0.000,0.000,0.000,0.000,0.000,0.000,-47.133,32.667,0.000,0.000,0.000,0.026,6.4,11.30,29.0,0.000,0.000,0.000,0.006,0.000,0.000,0.006,0.000,0.000,0.000,0.000,0.000,0.000,0.026,0.000,0.000,0.006,0.006
119.1053,1191,0,move,-1,119.1053,119.1161,0,0.000,-0.088,0.176,-0.176,-0.088,0.088,-0.264,-0.088,0.176,0.000,-0.176,-0.088,-0.088,-46.494,32.695,0.000,0.439,0.176,0.000,0.000,0.000,0.000,0.000,0.000,0.000,0.000,0.000,0.000,0.000,0.000,0.000,-47.133,32.667,0.000,0.000,0.000,0.026,6.4,11.30,29.0,0.000,0.000,0.000,0.006,0.000,0.000,0.006,0.000,0.000,0.000,0.000,0.000,0.000,0.026,0.000,0.000,0.006,0.006
119.2053,1192,0,move,-1,119.2053,119.2170,0,0.000,-0.088,0.176,-0.176,-0.088,0.088,-0.264,-0.088,0.176,0.000,-0.176,-0.088,-0.088,-46.494,32.695,0.000,0.439,0.176,0.000,0.000,0.000,0.000,0.000,0.000,0.000,0.000,0.000,0.000,0.000,0.000,0.000,-47.133,32.667,0.000,0.000,0.000,0.026,6.4,11.30,29.0,0.000,0.000,0.000,0.000,0.000,0.000,0.000,0.000,0.000,0.000,0.006,0.000,0.000,0.026,0.000,0.000,0.006,0.000
119.3065,1193,0,move,-1,119.3065,119.3282,0,0.000,-0.088,0.176,-0.176,-0.088,0.088,-0.264,-0.088,0.176,0.000,-0.176,-0.088,-0.088,-46.494,32.695,0.000,0.439,0.176,0.000,0.000,0.000,0.000,0.000,0.000,0.000,0.000,0.000,0.000,0.000,0.000,0.000,-47.133,32.667,0.000,0.000,0.000,0.026,6.4,11.30,29.0,0.000,0.000,0.000,0.000,0.000,0.000,0.006,0.000,0.006,0.000,0.000,0.000,0.000,0.026,0.000,0.000,0.006,0.000
119.4070,1194,0,move,-1,119.4070,119.4135,0,0.000,-0.088,0.176,-0.176,-0.088,0.088,-0.264,-0.088,0.176,0.000,-0.176,-0.088,-0.088,-46.494,32.695,0.000,0.439,0.176,0.000,0.000,0.000,0.000,0.000,0.000,0.000,0.000,0.000,0.000,0.000,0.000,0.000,-47.133,32.667,0.000,0.000,0.000,0.026,6.4,11.30,29.0,0.000,0.000,0.000,0.000,0.000,0.000,0.006,0.000,0.006,0.000,0.000,0.000,0.000,0.026,0.000,0.000,0.006,0.000
119.5053,1195,0,move,-1,119.5053,119.5260,0,0.000,-0.088,0.176,-0.176,-0.088,0.088,-0.264,-0.088,0.176,0.000,-0.176,-0.088,-0.088,-46.494,32.695,0.000,0.439,0.176,0.000,0.000,0.000,0.000,0.000,0.000,0.000,0.000,0.000,0.000,0.000,0.000,0.000,-47.133,32.667,0.000,0.000,0.000,0.026,6.4,11.30,29.0,0.000,0.000,0.000,0.006,0.000,0.000,0.006,0.000,0.000,0.000,0.006,0.000,0.000,0.026,0.000,0.006,0.006,0.006
119.6053,1196,0,move,-1,119.6053,119.6173,0,0.000,-0.088,0.176,-0.176,-0.088,0.088,-0.264,-0.088,0.176,0.000,-0.176,-0.088,-0.088,-46.494,32.695,0.000,0.439,0.176,0.000,0.000,0.000,0.000,0.000,0.000,0.000,0.000,0.000,0.000,0.000,0.000,0.000,-47.133,32.667,0.000,0.000,0.000,0.026,6.4,11.30,29.0,0.000,0.000,0.000,0.006,0.000,0.000,0.006,0.000,0.000,0.000,0.006,0.000,0.000,0.026,0.000,0.006,0.006,0.006
119.7056,1197,0,move,-1,119.7056,119.7269,0,0.000,-0.088,0.176,-0.176,-0.088,0.088,-0.264,-0.088,0.176,0.000,-0.176,-0.088,-0.088,-46.494,32.695,0.000,0.439,0.176,0.000,0.000,0.000,0.000,0.000,0.000,0.000,0.000,0.000,0.000,0.000,0.000,0.000,-47.133,32.667,0.000,0.000,0.000,0.026,6.4,11.30,29.0,0.000,0.000,0.000,0.000,0.000,0.000,0.006,0.000,0.000,0.000,0.006,0.000,0.000,0.026,0.000,0.000,0.006,0.006
119.8055,1198,0,move,-1,119.8055,119.8183,0,0.000,-0.088,0.176,-0.176,-0.088,0.088,-0.264,-0.088,0.176,0.000,-0.176,-0.088,-0.088,-46.494,32.695,0.000,0.439,0.176,0.000,0.000,0.000,0.000,0.000,0.000,0.000,0.000,0.000,0.000,0.000,0.000,0.000,-47.133,32.667,0.000,0.000,0.000,0.026,6.4,11.30,29.0,0.000,0.000,0.000,0.000,0.000,0.000,0.006,0.000,0.000,0.000,0.006,0.000,0.000,0.026,0.000,0.000,0.006,0.006
119.9053,1199,0,move,-1,119.9053,119.9207,0,0.000,-0.088,0.176,-0.176,-0.088,0.088,-0.264,-0.088,0.176,0.000,-0.176,-0.088,-0.088,-46.494,32.695,0.000,0.439,0.176,0.000,0.000,0.000,0.000,0.000,0.000,0.000,0.000,0.000,0.000,0.000,0.000,0.000,-47.133,32.667,0.000,0.000,0.000,0.000,0.0,11.30,31.0,0.000,0.000,0.000,0.000,0.000,0.000,0.000,0.000,0.000,0.000,0.000,0.000,0.000,0.000,0.000,0.000,0.000,0.000
120.0054,1200,0,move,-1,120.0054,120.0182,0,0.000,-0.088,0.176,-0.176,-0.088,0.088,-0.264,-0.088,0.176,0.000,-0.176,-0.088,-0.088,-46.494,32.695,0.000,0.439,0.176,0.000,0.000,0.000,0.000,0.000,0.000,0.000,0.000,0.000,0.000,0.000,0.000,0.000,-47.233,32.716,0.000,0.000,0.000,0.000,0.0,11.30,31.0,0.000,0.000,0.000,0.000,0.000,0.000,0.000,0.000,0.000,0.000,0.000,0.000,0.000,0.000,0.000,0.000,0.000,0.000
120.1053,1201,0,move,-1,120.1053,120.1156,0,0.000,-0.088,0.176,-0.176,-0.088,0.088,-0.264,-0.088,0.176,0.000,-0.176,-0.088,-0.088,-46.494,32.695,0.000,0.439,0.176,0.000,0.000,0.000,0.000,0.000,0.000,0.000,0.000,0.000,0.000,0.000,0.000,0.000,-47.522,32.856,0.000,0.000,0.000,0.039,7.6,11.30,29.0,0.000,0.000,0.000,0.006,0.000,0.000,0.006,0.000,0.000,0.000,0.006,0.000,0.000,0.039,0.000,0.000,0.006,0.000
120.2054,1202,0,move,-1,120.2054,120.2180,0,0.000,-0.088,0.176,-0.176,-0.088,0.088,-0.264,-0.088,0.176,0.000,-0.176,-0.088,-0.088,-46.934,32.695,0.000,0.439,0.176,0.000,0.000,0.000,0.000,0.000,0.000,0.000,0.000,0.000,0.000,0.000,0.000,0.000,-47.971,33.071,0.000,0.000,0.000,0.045,9.2,11.30,29.0,0.000,0.000,0.000,0.000,0.000,0.000,0.006,0.000,0.000,0.000,0.000,0.000,0.000,0.045,0.000,0.000,0.006,0.000
120.3053,1203,0,move,-1,120.3053,120.3156,0,0.000,-0.088,0.176,-0.176,-0.088,0.088,-0.264,-0.088,0.176,0.000,-0.176,-0.088,-0.088,-47.373,33.047,0.000,0.439,0.176,0.000,0.000,0.000,0.000,0.000,0.000,0.000,0.000,0.000,0.000,0.000,0.000,0.000,-48.535,33.340,0.000,0.000,0.000,0.045,9.2,11.30,29.0,0.000,0.000,0.000,0.000,0.000,0.000,0.006,0.000,0.000,0.000,0.000,0.000,0.000,0.045,0.000,0.000,0.006,0.000
120.4053,1204,0,move,-1,120.4053,120.4153,0,0.000,-0.088,0.176,-0.176,-0.088,0.088,-0.264,-0.088,0.176,0.000,-0.176,-0.088,-0.088,-47.637,33.135,0.000,0.439,0.176,0.000,0.000,0.000,0.000,0.000,0.000,0.000,0.000,0.000,0.000,0.000,0.000,0.000,-49.154,33.634,0.000,0.000,0.000,0.045,8.0,11.30,29.0,0.000,0.000,0.000,0.006,0.000,0.000,0.006,0.000,0.000,0.000,0.000,0.000,0.000,0.045,0.000,0.000,0.013,0.006
120.5053,1205,0,move,-1,120.5053,120.5172,0,0.000,-0.088,0.176,-0.176,-0.088,0.088,-0.264,-0.088,0.176,0.000,-0.176,-0.088,-0.088,-48.340,33.662,0.000,0.439,0.176,0.000,0.000,0.000,0.000,0.000,0.000,0.000,0.000,0.000,0.000,0.000,0.000,0.000,-49.772,33.924,0.000,0.000,0.000,0.039,7.2,11.30,29.0,0.000,0.000,0.000,0.006,0.000,0.000,0.006,0.000,0.000,0.000,0.000,0.000,0.000,0.039,0.019,0.000,0.006,0.000
120.6053,1206,0,move,-1,120.6053,120.6150,0,0.000,-0.088,0.176,-0.176,-0.088,0.088,-0.264,-0.088,0.176,0.000,-0.176,-0.088,-0.088,-49.043,34.014,0.000,0.439,0.176,0.000,0.000,0.000,0.000,0.000,0.000,0.000,0.000,0.000,0.000,0.000,0.000,0.000,-50.327,34.182,0.000,0.000,0.000,0.039,7.2,11.30,29.0,0.000,0.000,0.000,0.006,0.000,0.000,0.006,0.000,0.000,0.000,0.000,0.000,0.000,0.039,0.019,0.000,0.006,0.000
120.7053,1207,0,move,-1,120.7053,120.7159,0,0.000,-0.088,0.176,-0.176,-0.088,0.088,-0.264,-0.088,0.176,0.000,-0.176,-0.088,-0.088,-49.658,34.014,0.000,0.439,0.176,0.000,0.000,0.000,0.000,0.000,0.000,0.000,0.000,0.000,0.000,0.000,0.000,0.000,-50.765,34.384,0.000,0.000,0.000,0.039,8.8,11.30,29.0,0.000,0.000,0.000,0.000,0.000,0.000,0.006,0.000,0.000,0.000,0.006,0.000,0.000,0.039,0.000,0.000,0.006,0.000
120.8080,1208,0,move,-1,120.8080,120.8338,0,0.000,-0.088,0.176,-0.176,-0.088,0.088,-0.264,-0.088,0.176,0.000,-0.176,-0.088,-0.088,-50.273,34.189,0.000,0.439,0.176,0.000,0.000,0.000,0.000,0.000,0.000,0.000,0.000,0.000,0.000,0.000,0.000,0.000,-51.045,34.512,0.000,0.000,0.000,0.033,7.6,11.30,29.0,0.000,0.000,0.006,0.006,0.000,0.000,0.000,0.000,0.000,0.000,0.000,0.000,0.000,0.033,0.006,0.000,0.006,0.000
120.9091,1209,0,move,-1,120.9091,120.9514,0,0.000,-0.088,0.176,-0.176,-0.088,0.088,-0.264,-0.088,0.176,0.000,-0.176,-0.088,-0.088,-50.361,34.541,0.000,0.439,0.176,0.000,0.000,0.000,0.000,0.000,0.000,0.000,0.000,0.000,0.000,0.000,0.000,0.000,-51.141,34.556,0.000,0.000,0.000,0.033,7.2,11.30,29.0,0.000,0.000,0.000,0.006,0.000,0.000,0.000,0.000,0.000,0.000,0.006,0.000,0.000,0.033,0.013,0.000,0.013,0.006
121.0053,1210,0,move,-1,121.0053,121.0163,0,0.000,-0.088,0.176,-0.176,-0.088,0.088,-0.264,-0.088,0.176,0.000,-0.176,-0.088,-0.088,-50.361,34.541,0.000,0.439,0.176,0.000,0.000,0.000,0.000,0.000,0.000,0.000,0.000,0.000,0.000,0.000,0.000,0.000,-51.141,34.556,0.000,0.000,0.000,0.033,7.2,11.30,29.0,0.000,0.000,0.000,0.006,0.000,0.000,0.000,0.000,0.000,0.000,0.006,0.000,0.000,0.033,0.013,0.000,0.013,0.006
121.1055,1211,0,move,-1,121.1055,121.1183,0,0.000,-0.088,0.176,-0.176,-0.088,0.088,-0.264,-0.088,0.176,0.000,-0.176,-0.088,-0.088,-50.713,34.541,0.000,0.439,0.176,0.000,0.000,0.000,0.000,0.000,0.000,0.000,0.000,0.000,0.000,0.000,0.000,0.000,-51.141,34.556,0.000,0.000,0.000,0.019,4.0,11.30,29.0,0.000,0.000,0.006,0.000,0.000,0.000,0.000,0.000,0.000,0.000,0.000,0.000,0.000,0.019,0.000,0.000,0.006,0.000
121.2055,1212,0,move,-1,121.2055,121.2199,0,0.000,-0.088,0.176,-0.176,-0.088,0.088,-0.264,-0.088,0.176,0.000,-0.176,-0.088,-0.088,-50.713,34.541,0.000,0.439,0.176,0.000,0.000,0.000,0.000,0.000,0.000,0.000,0.000,0.000,0.000,0.000,0.000,0.000,-51.141,34.556,0.000,0.000,0.000,0.013,4.8,11.30,29.0,0.000,0.000,0.000,0.000,0.000,0.000,0.006,0.000,0.006,0.000,0.000,0.000,0.000,0.013,0.000,0.000,0.006,0.006
121.3053,1213,0,move,-1,121.3053,121.3178,0,0.000,-0.088,0.176,-0.176,-0.088,0.088,-0.264,-0.088,0.176,0.000,-0.176,-0.088,-0.088,-50.713,34.541,0.000,0.439,0.176,0.000,0.000,0.000,0.000,0.000,0.000,0.000,0.000,0.000,0.000,0.000,0.000,0.000,-51.141,34.556,0.000,0.000,0.000,0.013,4.8,11.30,29.0,0.000,0.000,0.000,0.000,0.000,0.000,0.006,0.000,0.006,0.000,0.000,0.000,0.000,0.013,0.000,0.000,0.006,0.006
121.4053,1214,0,move,-1,121.4053,121.4169,0,0.000,-0.088,0.176,-0.176,-0.088,0.088,-0.264,-0.088,0.176,0.000,-0.176,-0.088,-0.088,-50.713,34.541,0.000,0.439,0.176,0.000,0.000,0.000,0.000,0.000,0.000,0.000,0.000,0.000,0.000,0.000,0.000,0.000,-51.141,34.556,0.000,0.000,0.000,0.013,4.8,11.30,29.0,0.000,0.000,0.000,0.006,0.000,0.000,0.000,0.000,0.000,0.000,0.000,0.000,0.000,0.013,0.000,0.000,0.006,0.000
121.5053,1215,0,move,-1,121.5053,121.5198,0,0.000,-0.088,0.176,-0.176,-0.088,0.088,-0.264,-0.088,0.176,0.000,-0.176,-0.088,-0.088,-50.713,34.541,0.000,0.439,0.176,0.000,0.000,0.000,0.000,0.000,0.000,0.000,0.000,0.000,0.000,0.000,0.000,0.000,-51.141,34.556,0.000,0.000,0.000,0.019,4.8,11.30,29.0,0.000,0.000,0.000,0.006,0.000,0.000,0.006,0.000,0.000,0.000,0.006,0.000,0.000,0.019,0.000,0.000,0.006,0.000
121.6053,1216,0,move,-1,121.6053,121.6180,0,0.000,-0.088,0.176,-0.176,-0.088,0.088,-0.264,-0.088,0.176,0.000,-0.176,-0.088,-0.088,-50.713,34.541,0.000,0.439,0.176,0.000,0.000,0.000,0.000,0.000,0.000,0.000,0.000,0.000,0.000,0.000,0.000,0.000,-51.141,34.556,0.000,0.000,0.000,0.019,4.8,11.30,29.0,0.000,0.000,0.000,0.006,0.000,0.000,0.006,0.000,0.000,0.000,0.006,0.000,0.000,0.019,0.000,0.000,0.006,0.000
121.7053,1217,0,move,-1,121.7053,121.7108,0,0.000,-0.088,0.176,-0.176,-0.088,0.088,-0.264,-0.088,0.176,0.000,-0.176,-0.088,-0.088,-50.713,34.541,0.000,0.439,0.176,0.000,0.000,0.000,0.000,0.000,0.000,0.000,0.000,0.000,0.000,0.000,0.000,0.000,-51.141,34.556,0.000,0.000,0.000,0.026,4.8,11.30,29.0,0.000,0.000,0.000,0.006,0.000,0.000,,0.000,0.000,0.000,0.000,0.000,0.000,0.026,0.000,0.000,0.006,0.000
121.8055,1218,0,move,-1,121.8055,121.8181,0,0.000,-0.088,0.176,-0.176,-0.088,0.088,-0.264,-0.088,0.176,0.000,-0.176,-0.088,-0.088,-50.713,34.541,0.000,0.439,0.176,0.000,0.000,0.000,0.000,0.000,0.000,0.000,0.000,0.000,0.000,0.000,0.000,0.000,-51.141,34.556,0.000,0.000,0.000,0.013,4.8,11.30,29.0,0.000,0.000,0.000,0.000,0.000,0.000,0.006,0.000,0.000,0.000,0.000,0.000,0.000,0.013,0.000,0.000,0.006,0.006
121.9055,1219,0,move,-1,121.9055,121.9251,0,0.000,-0.088,0.176,-0.176,-0.088,0.088,-0.264,-0.088,0.176,0.000,-0.176,-0.088,-0.088,-50.713,34.541,0.000,0.439,0.176,0.000,0.000,0.000,0.000,0.000,0.000,0.000,0.000,0.000,0.000,0.000,0.000,0.000,-51.141,34.556,0.000,0.000,0.000,0.013,4.8,11.30,29.0,0.000,0.000,0.000,0.006,0.000,0.000,0.006,0.000,0.006,0.000,0.000,0.000,0.000,0.013,0.000,0.000,0.006,0.000
122.0053,1220,0,move,-1,122.0053,122.0183,0,0.000,-0.088,0.176,-0.176,-0.088,0.088,-0.264,-0.088,0.176,0.000,-0.176,-0.088,-0.088,-50.713,34.541,0.000,0.439,0.176,0.000,0.000,0.000,0.000,0.000,0.000,0.000,0.000,0.000,0.000,0.000,0.000,0.000,-51.141,34.556,0.000,0.000,0.000,0.013,4.8,11.30,29.0,0.000,0.000,0.000,0.006,0.000,0.000,0.006,0.000,0.006,0.000,0.000,0.000,0.000,0.013,0.000,0.000,0.006,0.000
122.1055,1221,0,move,-1,122.1055,122.1167,0,0.000,-0.088,0.176,-0.176,-0.088,0.088,-0.264,-0.088,0.176,0.000,-0.176,-0.088,-0.088,-50.713,34.541,0.000,0.439,0.176,0.000,0.000,0.000,0.000,0.000,0.000,0.000,0.000,0.000,0.000,0.000,0.000,0.000,-51.141,34.556,0.000,0.000,0.000,0.013,4.0,11.30,29.0,0.000,0.000,0.000,0.000,0.000,0.000,0.006,0.000,0.000,0.000,0.000,0.000,0.000,0.013,0.000,0.000,0.000,0.000
122.2055,1222,0,move,-1,122.2055,122.2181,0,0.000,-0.088,0.176,-0.176,-0.088,0.088,-0.264,-0.088,0.176,0.000,-0.176,-0.088,-0.088,-50.713,34.541,0.000,0.439,0.176,0.000,0.000,0.000,0.000,0.000,0.000,0.000,0.000,0.000,0.000,0.000,0.000,0.000,-51.141,34.556,0.000,0.000,0.000,0.019,4.8,11.30,29.0,0.000,0.000,0.000,0.006,0.000,0.000,0.000,0.000,0.000,0.000,0.000,0.000,0.000,0.019,0.000,0.000,0.013,0.000
122.3055,1223,0,move,-1,122.3055,122.3460,0,0.000,-0.088,0.176,-0.176,-0.088,0.088,-0.264,-0.088,0.176,0.000,-0.176,-0.088,-0.088,-50.713,34.541,0.000,0.439,0.176,0.000,0.000,0.000,0.000,0.000,0.000,0.000,0.000,0.000,0.000,0.000,0.000,0.000,-51.141,34.556,0.000,0.000,0.000,0.019,4.8,11.30,29.0,0.000,0.000,0.000,0.000,0.000,0.000,0.006,0.000,0.006,0.000,0.000,0.000,0.000,0.019,0.000,0.000,0.006,0.000
122.4053,1224,0,move,-1,122.4053,122.4157,0,0.000,-0.088,0.176,-0.176,-0.088,0.088,-0.264,-0.088,0.176,0.000,-0.176,-0.088,-0.088,-50.713,34.541,0.000,0.439,0.176,0.000,0.000,0.000,0.000,0.000,0.000,0.000,0.000,0.000,0.000,0.000,0.000,0.000,-51.141,34.556,0.000,0.000,0.000,0.019,4.8,11.30,29.0,0.000,0.000,0.000,0.000,0.000,0.000,0.006,0.000,0.006,0.000,0.000,0.000,0.000,0.019,0.000,0.000,0.006,0.000
122.5053,1225,0,move,-1,122.5053,122.5164,0,0.000,-0.088,0.176,-0.176,-0.088,0.088,-0.264,-0.088,0.176,0.000,-0.176,-0.088,-0.088,-50.713,34.541,0.000,0.439,0.176,0.000,0.000,0.000,0.000,0.000,0.000,0.000,0.000,0.000,0.000,0.000,0.000,0.000,-51.141,34.556,0.000,0.000,0.000,0.013,4.8,11.30,29.0,0.000,0.000,0.006,0.000,0.000,0.000,0.006,0.000,0.000,0.000,0.000,0.000,0.000,0.013,0.000,0.000,0.006,0.000
122.6055,1226,0,move,-1,122.6055,122.6159,0,0.000,-0.088,0.176,-0.176,-0.088,0.088,-0.264,-0.088,0.176,0.000,-0.176,-0.088,-0.088,-50.713,34.541,0.000,0.439,0.176,0.000,0.000,0.000,0.000,0.000,0.000,0.000,0.000,0.000,0.000,0.000,0.000,0.000,-51.141,34.556,0.000,0.000,0.000,0.013,4.8,11.30,29.0,0.000,0.000,0.006,0.000,0.000,0.000,0.006,0.000,0.000,0.000,0.000,0.000,0.000,0.013,0.000,0.000,0.006,0.000
122.7063,1227,0,move,-1,122.7063,122.7159,0,0.000,-0.088,0.176,-0.176,-0.088,0.088,-0.264,-0.088,0.176,0.000,-0.176,-0.088,-0.088,-50.713,34.541,0.000,0.439,0.176,0.000,0.000,0.000,0.000,0.000,0.000,0.000,0.000,0.000,0.000,0.000,0.000,0.000,-51.141,34.556,0.000,0.000,0.000,0.013,4.8,11.30,29.0,0.000,0.000,0.006,0.000,0.000,0.000,0.006,0.000,0.000,0.000,0.000,0.000,0.000,0.013,0.000,0.000,0.006,0.006
122.8145,1228,0,move,-1,122.8145,122.8254,0,0.000,-0.088,0.176,-0.176,-0.088,0.088,-0.264,-0.088,0.176,0.000,-0.176,-0.088,-0.088,-50.713,34.541,0.000,0.439,0.176,0.000,0.000,0.000,0.000,0.000,0.000,0.000,0.000,0.000,0.000,0.000,0.000,0.000,-51.141,34.556,0.000,0.000,0.000,0.019,4.8,11.30,29.0,0.000,0.006,0.000,0.006,0.000,0.000,0.006,0.000,0.000,0.000,0.000,0.000,0.000,0.019,0.000,0.000,0.006,0.006
122.9055,1229,0,move,-1,122.9055,122.9126,0,0.000,-0.088,0.176,-0.176,-0.088,0.088,-0.264,-0.088,0.176,0.000,-0.176,-0.088,-0.088,-50.713,34.541,0.000,0.439,0.176,0.000,0.000,0.000,0.000,0.000,0.000,0.000,0.000,0.000,0.000,0.000,0.000,0.000,-51.141,34.556,0.000,0.000,0.000,0.019,4.8,11.30,29.0,0.000,0.006,0.000,0.006,0.000,0.000,0.006,0.000,0.000,0.000,0.000,0.000,0.000,0.019,0.000,0.000,0.006,0.006
