t_s,tick,seg,phase,joint,t_send_s,t_recv_s,overrun,q0_deg,q1_deg,q2_deg,q3_deg,q4_deg,q5_deg,q6_deg,q7_deg,q8_deg,q9_deg,q10_deg,q11_deg,q12_deg,q13_deg,q14_deg,q15_deg,q16_deg,q17_deg,cmd0_deg,cmd1_deg,cmd2_deg,cmd3_deg,cmd4_deg,cmd5_deg,cmd6_deg,cmd7_deg,cmd8_deg,cmd9_deg,cmd10_deg,cmd11_deg,cmd12_deg,cmd13_deg,cmd14_deg,cmd15_deg,cmd16_deg,cmd17_deg,cur_a,load_pct,volt,temp_c,cur0_a,cur1_a,cur2_a,cur3_a,cur4_a,cur5_a,cur6_a,cur7_a,cur8_a,cur9_a,cur10_a,cur11_a,cur12_a,cur13_a,cur14_a,cur15_a,cur16_a,cur17_a
0.0134,0,0,move,-1,0.0134,0.0251,0,0.000,-0.088,0.176,-0.176,-0.088,0.088,-0.264,-0.088,0.176,0.000,0.000,-0.088,-0.088,0.264,0.000,0.000,0.439,0.176,0.000,0.000,0.000,0.000,0.000,0.000,0.000,0.000,0.000,0.000,0.000,0.000,0.000,0.000,0.000,0.000,0.000,0.000,0.000,0.0,11.30,31.0,0.000,0.000,0.000,0.000,0.000,0.000,0.000,0.000,0.000,0.000,0.000,0.000,0.000,0.000,0.000,0.000,0.000,0.000
0.1073,1,0,move,-1,0.1073,0.1193,0,0.000,-0.088,0.176,-0.176,-0.088,0.088,-0.264,-0.088,0.176,0.000,0.000,-0.088,-0.088,0.264,0.000,0.000,0.439,0.176,0.000,0.000,0.000,0.000,0.000,0.000,0.000,0.000,0.000,0.000,0.000,0.000,0.000,0.000,0.000,0.000,0.000,0.000,0.000,0.0,11.30,31.0,0.000,0.000,0.000,0.000,0.000,0.000,0.000,0.000,0.000,0.000,0.000,0.000,0.000,0.000,0.000,0.000,0.000,0.000
0.2075,2,0,move,-1,0.2075,0.2205,0,0.000,-0.088,0.176,-0.176,-0.088,0.088,-0.264,-0.088,0.176,0.000,0.000,-0.088,-0.088,0.264,0.000,0.000,0.439,0.176,0.000,0.000,0.000,0.000,0.000,0.000,0.000,0.000,0.000,0.000,0.000,0.000,0.000,0.000,0.000,0.000,0.000,0.000,0.013,4.8,11.30,31.0,0.000,0.000,0.000,0.006,0.000,0.000,0.000,0.000,0.000,0.000,0.000,0.000,0.000,0.006,0.000,0.000,0.013,0.006
0.3075,3,0,move,-1,0.3075,0.3190,0,0.000,-0.088,0.176,-0.176,-0.088,0.088,-0.264,-0.088,0.176,0.000,0.000,-0.088,-0.088,0.264,0.000,0.000,0.439,0.176,0.000,0.000,0.000,0.000,0.000,0.000,0.000,0.000,0.000,0.000,0.000,0.000,0.000,0.000,0.000,0.000,0.000,0.000,0.013,4.8,11.30,31.0,0.000,0.000,0.000,0.006,0.000,0.000,0.000,0.000,0.000,0.000,0.000,0.000,0.000,0.006,0.000,0.000,0.013,0.006
0.4075,4,0,move,-1,0.4075,0.4203,0,0.000,-0.088,0.176,-0.176,-0.088,0.088,-0.264,-0.088,0.176,0.000,0.000,-0.088,-0.088,0.264,0.000,0.000,0.439,0.176,0.000,0.000,0.000,0.000,0.000,0.000,0.000,0.000,0.000,0.000,0.000,0.000,0.000,0.000,0.000,0.000,0.000,0.000,0.013,3.2,11.30,28.0,0.000,0.000,0.000,0.006,0.000,0.000,0.006,0.000,0.000,0.000,0.000,0.000,0.000,0.013,0.000,0.000,0.013,0.000
0.5075,5,0,move,-1,0.5075,0.5188,0,0.000,-0.088,0.176,-0.176,-0.088,0.088,-0.264,-0.088,0.176,0.000,0.000,-0.088,-0.088,0.264,0.000,0.000,0.439,0.176,0.000,0.000,0.000,0.000,0.000,0.000,0.000,0.000,0.000,0.000,0.000,0.000,0.000,0.000,0.000,0.000,0.000,0.000,0.013,3.2,11.30,28.0,0.000,0.000,0.000,0.006,0.000,0.000,0.006,0.000,0.000,0.000,0.000,0.000,0.000,0.013,0.000,0.000,0.013,0.000
0.6073,6,0,move,-1,0.6073,0.6217,0,0.000,-0.088,0.176,-0.176,-0.088,0.088,-0.264,-0.088,0.176,0.000,0.000,-0.088,-0.088,0.264,0.000,0.000,0.439,0.176,0.000,0.000,0.000,0.000,0.000,0.000,0.000,0.000,0.000,0.000,0.000,0.000,0.000,0.000,0.000,0.000,0.000,0.000,0.006,2.4,11.30,32.0,0.000,0.000,0.000,0.006,0.000,0.000,0.006,0.000,0.000,0.000,0.000,0.000,0.000,0.006,0.000,0.000,0.006,0.000
0.7075,7,0,move,-1,0.7075,0.7262,0,0.000,-0.088,0.176,-0.176,-0.088,0.088,-0.264,-0.088,0.176,0.000,0.000,-0.088,-0.088,0.264,0.000,0.000,0.439,0.176,0.000,0.000,0.000,0.000,0.000,0.000,0.000,0.000,0.000,0.000,0.000,0.000,0.000,0.000,0.000,0.000,0.000,0.000,0.000,0.0,11.30,31.0,0.000,0.000,0.000,0.000,0.000,0.000,0.000,0.000,0.000,0.000,0.000,0.000,0.000,0.000,0.000,0.000,0.000,0.000
0.8073,8,0,move,-1,0.8073,0.8192,0,0.000,-0.088,0.176,-0.176,-0.088,0.088,-0.264,-0.088,0.176,0.000,0.000,-0.088,-0.088,0.264,0.000,0.000,0.439,0.176,0.000,0.000,0.000,0.000,0.000,0.000,0.000,0.000,0.000,0.000,0.000,0.000,0.000,0.000,0.000,0.000,0.000,0.000,0.000,0.0,11.30,31.0,0.000,0.000,0.000,0.000,0.000,0.000,0.000,0.000,0.000,0.000,0.000,0.000,0.000,0.000,0.000,0.000,0.000,0.000
0.9073,9,0,move,-1,0.9073,0.9197,0,0.000,-0.088,0.176,-0.176,-0.088,0.088,-0.264,-0.088,0.176,0.000,0.000,-0.088,-0.088,0.264,0.000,0.000,0.439,0.176,0.000,0.000,0.000,0.000,0.000,0.000,0.000,0.000,0.000,0.000,0.000,0.000,0.000,0.000,0.000,0.000,0.000,0.000,0.013,3.2,11.30,28.0,0.000,0.000,0.000,0.000,0.000,0.000,0.006,0.000,0.000,0.000,0.000,0.000,0.000,0.013,0.000,0.000,0.006,0.000
1.0075,10,0,move,-1,1.0075,1.0174,0,0.000,-0.088,0.176,-0.176,-0.088,0.088,-0.264,-0.088,0.176,0.000,0.000,-0.088,-0.088,0.264,0.000,0.000,0.439,0.176,0.000,0.000,0.000,0.000,0.000,0.000,0.000,0.000,0.000,0.000,-0.049,0.036,0.000,0.000,0.000,0.000,0.000,0.000,0.013,3.2,11.30,28.0,0.000,0.000,0.000,0.000,0.000,0.000,0.006,0.000,0.000,0.000,0.000,0.000,0.000,0.013,0.000,0.000,0.006,0.000
1.1075,11,0,move,-1,1.1075,1.1174,0,0.000,-0.088,0.176,-0.176,-0.088,0.088,-0.264,-0.088,0.176,0.000,0.000,-0.088,-0.088,0.264,0.000,0.000,0.439,0.176,0.000,0.000,0.000,0.000,0.000,0.000,0.000,0.000,0.000,0.000,-0.194,0.143,0.000,0.000,0.000,0.000,0.000,0.000,0.013,4.8,11.30,31.0,0.000,0.000,0.000,0.000,0.000,0.000,0.006,0.000,0.000,0.000,0.000,0.000,0.000,0.006,0.000,0.000,0.013,0.000
1.2110,12,0,move,-1,1.2110,1.2524,0,0.000,-0.088,0.176,-0.176,-0.088,0.088,-0.264,-0.088,0.176,0.000,0.000,0.176,-0.088,0.264,0.000,0.000,0.439,0.176,0.000,0.000,0.000,0.000,0.000,0.000,0.000,0.000,0.000,0.000,-0.435,0.320,0.000,0.000,0.000,0.000,0.000,0.000,0.006,3.2,11.20,32.0,0.000,0.000,0.000,0.000,0.000,0.000,0.006,0.000,0.000,0.000,0.000,0.000,0.000,0.006,0.000,0.000,0.006,0.000
1.3075,13,0,move,-1,1.3075,1.3199,0,0.000,-0.088,0.176,-0.176,-0.088,0.088,-0.264,-0.088,0.176,0.000,-0.088,0.176,-0.088,0.264,0.000,0.000,0.439,0.176,0.000,0.000,0.000,0.000,0.000,0.000,0.000,0.000,0.000,0.000,-0.772,0.568,0.000,0.000,0.000,0.000,0.000,0.000,0.006,3.2,11.20,32.0,0.000,0.000,0.000,0.000,0.000,0.000,0.006,0.000,0.000,0.000,0.000,0.000,0.000,0.006,0.000,0.000,0.006,0.000
1.4073,14,0,move,-1,1.4073,1.4176,0,0.000,-0.088,0.176,-0.176,-0.088,0.088,-0.264,-0.088,0.176,0.000,-0.088,0.439,-0.088,0.264,0.000,0.000,0.439,0.176,0.000,0.000,0.000,0.000,0.000,0.000,0.000,0.000,0.000,0.000,-1.202,0.885,0.000,0.000,0.000,0.000,0.000,0.000,0.013,6.8,11.30,31.0,0.000,0.000,0.000,0.000,0.000,0.000,0.000,0.000,0.000,0.000,0.013,0.006,0.000,0.013,0.000,0.000,0.006,0.000
1.5075,15,0,move,-1,1.5075,1.5188,0,0.000,-0.088,0.176,-0.176,-0.088,0.088,-0.264,-0.088,0.176,0.000,-0.439,0.791,-0.088,0.264,0.000,0.000,0.439,0.176,0.000,0.000,0.000,0.000,0.000,0.000,0.000,0.000,0.000,0.000,-1.725,1.270,0.000,0.000,0.000,0.000,0.000,0.000,0.019,10.4,11.20,31.0,0.000,0.000,0.006,0.006,0.000,0.000,0.006,0.000,0.000,0.000,0.019,0.006,0.000,0.006,0.000,0.000,0.006,0.000
1.6075,16,0,move,-1,1.6075,1.6174,0,0.000,-0.088,0.176,-0.176,-0.088,0.088,-0.264,-0.088,0.176,0.000,-0.967,1.230,-0.088,0.264,0.000,0.000,0.439,0.176,0.000,0.000,0.000,0.000,0.000,0.000,0.000,0.000,0.000,0.000,-2.338,1.720,0.000,0.000,0.000,0.000,0.000,0.000,0.019,10.4,11.20,31.0,0.000,0.000,0.006,0.006,0.000,0.000,0.006,0.000,0.000,0.000,0.019,0.006,0.000,0.006,0.000,0.000,0.006,0.000
1.7073,17,0,move,-1,1.7073,1.7126,0,0.000,-0.088,0.176,-0.176,-0.088,0.088,-0.264,-0.088,0.176,0.000,-1.406,1.230,-0.088,0.264,0.000,0.000,0.439,0.176,0.000,0.000,0.000,0.000,0.000,0.000,0.000,0.000,0.000,0.000,-3.039,2.236,0.000,0.000,0.000,0.000,0.000,0.000,0.013,9.2,11.30,31.0,0.000,0.000,0.006,0.000,0.000,0.000,0.000,0.000,0.000,0.000,0.013,0.013,0.000,0.006,0.000,0.000,0.006,0.000
1.8073,18,0,move,-1,1.8073,1.8187,0,0.000,-0.088,0.176,-0.176,-0.088,0.088,-0.264,-0.088,0.176,0.000,-2.197,2.197,-0.088,0.264,0.000,0.000,0.439,0.176,0.000,0.000,0.000,0.000,0.000,0.000,0.000,0.000,0.000,0.000,-3.825,2.814,0.000,0.000,0.000,0.000,0.000,0.000,0.013,8.4,11.20,31.0,0.000,0.000,0.006,0.000,0.000,0.000,0.006,0.000,0.000,0.000,0.013,0.006,0.000,0.006,0.000,0.000,0.013,0.006
1.9073,19,0,move,-1,1.9073,1.9168,0,0.000,-0.088,0.176,-0.176,-0.088,0.088,-0.264,-0.088,0.176,0.000,-2.900,2.373,-0.088,0.264,0.000,0.000,0.439,0.176,0.000,0.000,0.000,0.000,0.000,0.000,0.000,0.000,0.000,0.000,-4.693,3.452,0.000,0.000,0.000,0.000,0.000,0.000,0.013,8.4,11.20,31.0,0.000,0.000,0.006,0.000,0.000,0.000,0.006,0.000,0.000,0.000,0.013,0.006,0.000,0.006,0.000,0.000,0.013,0.006
2.0073,20,0,move,-1,2.0073,2.0178,0,0.000,-0.088,0.176,-0.176,-0.088,0.088,-0.264,-0.088,0.176,0.000,-3.691,3.076,-0.088,0.264,0.000,0.000,0.439,0.176,0.000,0.000,0.000,0.000,0.000,0.000,0.000,0.000,0.000,0.000,-5.639,4.147,0.000,0.000,0.000,0.000,0.000,0.000,0.013,3.2,11.30,28.0,0.000,0.000,0.000,0.000,0.000,0.000,0.006,0.000,0.000,0.000,0.006,0.000,0.000,0.013,0.000,0.000,0.013,0.006
2.1075,21,0,move,-1,2.1075,2.1201,0,0.000,-0.088,0.176,-0.176,-0.088,0.088,-0.264,-0.088,0.176,0.000,-4.482,3.867,-0.088,0.264,0.000,0.000,0.439,0.176,0.000,0.000,0.000,0.000,0.000,0.000,0.000,0.000,0.000,0.000,-6.661,4.896,0.000,0.000,0.000,0.000,0.000,0.000,0.019,8.8,11.20,31.0,0.000,0.000,0.000,0.000,0.000,0.000,0.000,0.000,0.000,0.000,0.019,0.000,0.000,0.013,0.000,0.000,0.006,0.006
2.2075,22,0,move,-1,2.2075,2.2190,0,0.000,-0.088,0.176,-0.176,-0.088,0.088,-0.264,-0.088,0.176,0.000,-5.449,4.395,-0.088,0.264,0.000,0.000,0.439,0.176,0.000,0.000,0.000,0.000,0.000,0.000,0.000,0.000,0.000,0.000,-7.754,5.698,0.000,0.000,0.000,0.000,0.000,0.000,0.019,8.8,11.20,31.0,0.000,0.000,0.000,0.000,0.000,0.000,0.000,0.000,0.000,0.000,0.019,0.000,0.000,0.013,0.000,0.000,0.006,0.006
2.3075,23,0,move,-1,2.3075,2.3170,0,0.000,-0.088,0.176,-0.176,-0.088,0.088,-0.264,-0.088,0.176,0.000,-6.504,5.273,-0.088,0.264,0.000,0.000,0.439,0.176,0.000,0.000,0.000,0.000,0.000,0.000,0.000,0.000,0.000,0.000,-8.915,6.547,0.000,0.000,0.000,0.000,0.000,0.000,0.019,8.8,11.30,31.0,0.000,0.000,0.000,0.006,0.000,0.000,0.000,0.000,0.000,0.000,0.019,0.006,0.000,0.013,0.000,0.000,0.006,0.006
2.4073,24,0,move,-1,2.4073,2.4133,0,0.000,-0.088,0.176,-0.176,-0.088,0.088,-0.264,-0.088,0.176,0.000,-7.471,5.713,-0.088,0.264,0.000,0.000,0.439,0.176,0.000,0.000,0.000,0.000,0.000,0.000,0.000,0.000,0.000,0.000,-10.139,7.441,0.000,0.000,0.000,0.000,0.000,0.000,0.019,8.8,11.30,31.0,0.000,0.000,0.000,0.006,0.000,0.000,0.000,0.000,0.000,0.000,0.019,0.006,0.000,0.013,0.000,0.000,0.006,0.006
2.5075,25,0,move,-1,2.5075,2.5192,0,0.000,-0.088,0.176,-0.176,-0.088,0.088,-0.264,-0.088,0.176,0.000,-8.701,6.943,-0.088,0.264,0.000,0.000,0.439,0.176,0.000,0.000,0.000,0.000,0.000,0.000,0.000,0.000,0.000,0.000,-11.421,8.375,0.000,0.000,0.000,0.000,0.000,0.000,0.013,3.2,11.40,29.0,0.000,0.000,0.000,0.000,0.000,0.000,0.000,0.000,0.006,0.000,0.006,0.013,0.000,0.006,0.000,0.000,0.006,0.006
2.6075,26,0,move,-1,2.6075,2.6211,0,0.000,-0.088,0.176,-0.176,-0.088,0.088,-0.264,-0.088,0.176,0.000,-9.932,7.910,-0.088,0.264,0.000,0.000,0.439,0.176,0.000,0.000,0.000,0.000,0.000,0.000,0.000,0.000,0.000,0.000,-12.756,9.347,0.000,0.000,0.000,0.000,0.000,0.000,0.013,8.4,11.30,31.0,0.000,0.000,0.000,0.006,0.000,0.000,0.006,0.000,0.006,0.000,0.013,0.006,0.000,0.013,0.000,0.000,0.006,0.000
2.7073,27,0,move,-1,2.7073,2.7165,0,0.000,-0.088,0.176,-0.176,-0.088,0.088,-0.264,-0.088,0.176,0.000,-10.020,8.350,-0.088,0.264,0.000,0.000,0.439,0.176,0.000,0.000,0.000,0.000,0.000,0.000,0.000,0.000,0.000,0.000,-14.141,10.350,0.000,0.000,0.000,0.000,0.000,0.000,0.013,8.4,11.30,31.0,0.000,0.000,0.000,0.006,0.000,0.000,0.006,0.000,0.006,0.000,0.013,0.006,0.000,0.013,0.000,0.000,0.006,0.000
2.8075,28,0,move,-1,2.8075,2.8178,0,0.000,-0.088,0.176,-0.176,-0.088,0.088,-0.264,-0.088,0.176,0.000,-11.250,9.316,-0.088,0.264,0.000,0.000,0.439,0.176,0.000,0.000,0.000,0.000,0.000,0.000,0.000,0.000,0.000,0.000,-15.570,11.382,0.000,0.000,0.000,0.000,0.000,0.000,0.019,11.6,11.30,31.0,0.000,0.000,0.000,0.000,0.000,0.000,0.000,0.000,0.000,0.000,0.019,0.006,0.000,0.006,0.000,0.000,0.013,0.000
2.9073,29,0,move,-1,2.9073,2.9203,0,0.000,-0.088,0.176,-0.176,-0.088,0.088,-0.264,-0.088,0.176,0.000,-12.920,10.723,-0.088,0.264,0.000,0.000,0.439,0.176,0.000,0.000,0.000,0.000,0.000,0.000,0.000,0.000,0.000,0.000,-17.038,12.438,0.000,0.000,0.000,0.000,0.000,0.000,0.013,10.4,11.30,31.0,0.000,0.000,0.000,0.000,0.000,0.000,0.006,0.000,0.000,0.000,0.013,0.006,0.000,0.006,0.000,0.000,0.006,0.000
3.0073,30,0,move,-1,3.0073,3.0134,0,0.000,-0.088,0.176,-0.176,-0.088,0.088,-0.264,-0.088,0.176,0.000,-13.096,11.162,-0.088,0.264,0.000,0.000,0.439,0.176,0.000,0.000,0.000,0.000,0.000,0.000,0.000,0.000,0.000,0.000,-18.539,13.514,0.000,0.000,0.000,0.000,0.000,0.000,0.013,10.4,11.30,31.0,0.000,0.000,0.000,0.000,0.000,0.000,0.006,0.000,0.000,0.000,0.013,0.006,0.000,0.006,0.000,0.000,0.006,0.000
3.1075,31,0,move,-1,3.1075,3.1196,0,0.000,-0.088,0.176,-0.176,-0.088,0.088,-0.264,-0.088,0.176,0.000,-14.326,12.744,-0.088,0.264,0.000,0.000,0.439,0.176,0.000,0.000,0.000,0.000,0.000,0.000,0.000,0.000,0.000,0.000,-20.068,14.603,0.000,0.000,0.000,0.000,0.000,0.000,0.013,9.6,11.30,31.0,0.000,0.000,0.000,0.006,0.000,0.000,0.000,0.000,0.000,0.000,0.013,0.000,0.000,0.013,0.000,0.000,0.006,0.006
3.2074,32,0,move,-1,3.2074,3.2178,0,0.000,-0.088,0.176,-0.176,-0.088,0.088,-0.264,-0.088,0.176,0.000,-15.908,13.799,-0.088,0.264,0.000,0.000,0.439,0.176,0.000,0.000,0.000,0.000,0.000,0.000,0.000,0.000,0.000,0.000,-21.620,15.703,0.000,0.000,0.000,0.000,0.000,0.000,0.013,9.6,11.30,31.0,0.000,0.000,0.000,0.006,0.000,0.000,0.000,0.000,0.000,0.000,0.013,0.000,0.000,0.013,0.000,0.000,0.006,0.006
3.3075,33,0,move,-1,3.3075,3.3184,0,0.000,-0.088,0.176,-0.176,-0.088,0.088,-0.264,-0.088,0.176,0.000,-17.490,14.941,-0.088,0.264,0.000,0.000,0.439,0.176,0.000,0.000,0.000,0.000,0.000,0.000,0.000,0.000,0.000,0.000,-23.189,16.807,0.000,0.000,0.000,0.000,0.000,0.000,0.019,10.4,11.30,31.0,0.000,0.000,0.000,0.006,0.000,0.000,0.000,0.000,0.006,0.000,0.019,0.013,0.000,0.006,0.000,0.000,0.006,0.000
3.4074,34,0,move,-1,3.4074,3.4272,0,0.000,-0.088,0.176,-0.176,-0.088,0.088,-0.264,-0.088,0.176,0.000,-19.160,16.084,-0.088,0.264,0.000,0.000,0.439,0.176,0.000,0.000,0.000,0.000,0.000,0.000,0.000,0.000,0.000,0.000,-24.769,17.912,0.000,0.000,0.000,0.000,0.000,0.000,0.019,10.0,11.20,31.0,0.000,0.000,0.000,0.006,0.000,0.000,0.006,0.000,0.000,0.000,0.019,0.013,0.000,0.006,0.000,0.000,0.006,0.000
3.5073,35,0,move,-1,3.5073,3.5233,0,0.000,-0.088,0.176,-0.176,-0.088,0.088,-0.264,-0.088,0.176,0.000,-20.742,17.227,-0.088,0.264,0.000,0.000,0.439,0.176,0.000,0.000,0.000,0.000,0.000,0.000,0.000,0.000,0.000,0.000,-26.354,19.012,0.000,0.000,0.000,0.000,0.000,0.000,0.019,10.0,11.20,31.0,0.000,0.000,0.000,0.006,0.000,0.000,0.006,0.000,0.000,0.000,0.019,0.013,0.000,0.006,0.000,0.000,0.006,0.000
3.6075,36,0,move,-1,3.6075,3.6201,0,0.000,-0.088,0.176,-0.176,-0.088,0.088,-0.264,-0.088,0.176,0.000,-22.324,18.369,-0.088,0.264,0.000,0.000,0.439,0.176,0.000,0.000,0.000,0.000,0.000,0.000,0.000,0.000,0.000,0.000,-27.940,20.103,0.000,0.000,0.000,0.000,0.000,0.000,0.019,10.8,11.30,31.0,0.000,0.000,0.000,0.006,0.000,0.000,0.006,0.000,0.000,0.000,0.019,0.000,0.000,0.006,0.000,0.000,0.006,0.006
3.7075,37,0,move,-1,3.7075,3.7190,0,0.000,-0.088,0.176,-0.176,-0.088,0.088,-0.264,-0.088,0.176,0.000,-23.906,19.512,-0.088,0.264,0.000,0.000,0.439,0.176,0.000,0.000,0.000,0.000,0.000,0.000,0.000,0.000,0.000,0.000,-29.519,21.181,0.000,0.000,0.000,0.000,0.000,0.000,0.019,10.8,11.30,31.0,0.000,0.000,0.000,0.006,0.000,0.000,0.006,0.000,0.000,0.000,0.019,0.000,0.000,0.006,0.000,0.000,0.006,0.006
3.8075,38,0,move,-1,3.8075,3.8199,0,0.000,-0.088,0.176,-0.176,-0.088,0.088,-0.264,-0.088,0.176,0.000,-25.488,20.566,-0.088,0.264,0.000,0.000,0.439,0.176,0.000,0.000,0.000,0.000,0.000,0.000,0.000,0.000,0.000,0.000,-31.087,22.240,0.000,0.000,0.000,0.000,0.000,0.000,0.013,10.8,11.30,31.0,0.000,0.000,0.000,0.000,0.000,0.000,0.006,0.000,0.000,0.000,0.013,0.006,0.000,0.013,0.000,0.000,0.006,0.006
3.9075,39,0,move,-1,3.9075,3.9168,0,0.000,-0.088,0.176,-0.176,-0.088,0.088,-0.264,-0.088,0.176,0.000,-27.070,21.621,-0.088,0.264,0.000,0.000,0.439,0.176,0.000,0.000,0.000,0.000,0.000,0.000,0.000,0.000,0.000,0.000,-32.637,23.276,0.000,0.000,0.000,0.000,0.000,0.000,0.013,10.8,11.30,31.0,0.000,0.000,0.000,0.000,0.000,0.000,0.006,0.000,0.000,0.000,0.013,0.006,0.000,0.013,0.000,0.000,0.006,0.006
4.0075,40,0,move,-1,4.0075,4.0182,0,0.000,-0.088,0.176,-0.176,-0.088,0.088,-0.264,-0.088,0.176,0.000,-28.652,22.764,-0.088,0.264,0.000,0.000,0.439,0.176,0.000,0.000,0.000,0.000,0.000,0.000,0.000,0.000,0.000,0.000,-34.162,24.285,0.000,0.000,0.000,0.000,0.000,0.000,0.019,10.4,11.30,31.0,0.000,0.000,0.000,0.006,0.000,0.000,0.000,0.000,0.000,0.000,0.019,0.006,0.000,0.006,0.000,0.000,0.006,0.000
4.1074,41,0,move,-1,4.1074,4.1165,0,0.000,-0.088,0.176,-0.176,-0.088,0.088,-0.264,-0.088,0.176,0.000,-30.322,23.906,-0.088,0.264,0.000,0.000,0.439,0.176,0.000,0.000,0.000,0.000,0.000,0.000,0.000,0.000,0.000,0.000,-35.658,25.263,0.000,0.000,0.000,0.000,0.000,0.000,0.019,10.4,11.30,31.0,0.000,0.000,0.000,0.006,0.000,0.000,0.000,0.000,0.000,0.000,0.019,0.006,0.000,0.006,0.000,0.000,0.006,0.000
4.2075,42,0,move,-1,4.2075,4.2176,0,0.000,-0.088,0.176,-0.176,-0.088,0.088,-0.264,-0.088,0.176,0.000,-31.904,24.873,-0.088,0.264,0.000,0.000,0.439,0.176,0.000,0.000,0.000,0.000,0.000,0.000,0.000,0.000,0.000,0.000,-37.119,26.207,0.000,0.000,0.000,0.000,0.000,0.000,0.013,10.0,11.30,31.0,0.000,0.000,0.000,0.000,0.000,0.000,0.006,0.000,0.000,0.000,0.013,0.013,0.000,0.006,0.000,0.000,0.006,0.000
4.3073,43,0,move,-1,4.3073,4.3130,0,0.000,-0.088,0.176,-0.176,-0.088,0.088,-0.264,-0.088,0.176,0.000,-33.311,25.664,-0.088,0.264,0.000,0.000,0.439,0.176,0.000,0.000,0.000,0.000,0.000,0.000,0.000,0.000,0.000,0.000,-38.538,27.112,0.000,0.000,0.000,0.000,0.000,0.000,0.013,10.0,11.30,31.0,0.000,0.000,0.000,0.000,0.000,0.000,0.006,0.000,0.000,0.000,0.013,0.013,0.000,0.006,0.000,0.000,0.006,0.000
4.4075,44,0,move,-1,4.4075,4.4163,0,0.000,-0.088,0.176,-0.176,-0.088,0.088,-0.264,-0.088,0.176,0.000,-35.068,26.807,-0.088,0.264,0.000,0.000,0.439,0.176,0.000,0.000,0.000,0.000,0.000,0.000,0.000,0.000,0.000,0.000,-39.910,27.976,0.000,0.000,0.000,0.000,0.000,0.000,0.013,9.2,11.30,31.0,0.000,0.000,0.000,0.006,0.000,0.000,0.000,0.000,0.000,0.000,0.013,0.013,0.000,0.006,0.000,0.000,0.006,0.000
4.5184,45,0,move,-1,4.5184,4.5440,0,0.000,-0.088,0.176,-0.176,-0.088,0.088,-0.264,-0.088,0.176,0.000,-37.090,27.686,-0.088,0.264,0.000,0.000,0.439,0.176,0.000,0.000,0.000,0.000,0.000,0.000,0.000,0.000,0.000,0.000,-41.228,28.795,0.000,0.000,0.000,0.000,0.000,0.000,0.013,9.2,11.30,31.0,0.000,0.000,0.000,0.000,0.000,0.000,0.000,0.000,0.000,0.000,0.013,0.013,0.000,0.013,0.000,0.000,0.013,0.000
4.6075,46,0,move,-1,4.6075,4.6181,0,0.000,-0.088,0.176,-0.176,-0.088,0.088,-0.264,-0.088,0.176,0.000,-38.320,28.301,-0.088,0.264,0.000,0.000,0.439,0.176,0.000,0.000,0.000,0.000,0.000,0.000,0.000,0.000,0.000,0.000,-42.487,29.567,0.000,0.000,0.000,0.000,0.000,0.000,0.013,9.2,11.30,31.0,0.000,0.000,0.000,0.000,0.000,0.000,0.000,0.000,0.000,0.000,0.013,0.013,0.000,0.013,0.000,0.000,0.013,0.000
4.7082,47,0,move,-1,4.7082,4.7360,0,0.000,-0.088,0.176,-0.176,-0.088,0.088,-0.264,-0.088,0.176,0.000,-40.166,29.268,-0.088,0.264,0.000,0.000,0.439,0.176,0.000,0.000,0.000,0.000,0.000,0.000,0.000,0.000,0.000,0.000,-43.680,30.289,0.000,0.000,0.000,0.000,0.000,0.000,0.019,10.4,11.30,31.0,0.000,0.000,0.000,0.000,0.000,0.000,0.006,0.000,0.000,0.000,0.019,0.013,0.000,0.013,0.000,0.000,0.013,0.006
4.8075,48,0,move,-1,4.8075,4.8183,0,0.000,-0.088,0.176,-0.176,-0.088,0.088,-0.264,-0.088,0.176,0.000,-41.484,29.971,-0.088,0.264,0.000,0.000,0.439,0.176,0.000,0.000,0.000,0.000,0.000,0.000,0.000,0.000,0.000,0.000,-44.803,30.959,0.000,0.000,0.000,0.000,0.000,0.000,0.019,10.4,11.30,31.0,0.000,0.000,0.000,0.000,0.000,0.000,0.006,0.000,0.000,0.000,0.019,0.013,0.000,0.013,0.000,0.000,0.013,0.006
4.9073,49,0,move,-1,4.9073,4.9193,0,0.000,-0.088,0.176,-0.176,-0.088,0.088,-0.264,-0.088,0.176,0.000,-43.066,30.674,-0.088,0.264,0.000,0.000,0.439,0.176,0.000,0.000,0.000,0.000,0.000,0.000,0.000,0.000,0.000,0.000,-45.851,31.576,0.000,0.000,0.000,0.000,0.000,0.000,0.013,9.2,11.30,31.0,0.000,0.000,0.000,0.000,0.000,0.000,0.000,0.000,0.000,0.000,0.013,0.000,0.000,0.013,0.000,0.000,0.013,0.000
5.0075,50,0,move,-1,5.0075,5.0180,0,0.000,-0.088,0.176,-0.176,-0.088,0.088,-0.264,-0.088,0.176,0.000,-44.473,31.289,-0.088,0.264,0.000,0.000,0.439,0.176,0.000,0.000,0.000,0.000,0.000,0.000,0.000,0.000,0.000,0.000,-46.816,32.136,0.000,0.000,0.000,0.000,0.000,0.000,0.013,9.2,11.30,31.0,0.000,0.000,0.000,0.000,0.000,0.000,0.000,0.000,0.000,0.000,0.013,0.000,0.000,0.013,0.000,0.000,0.013,0.000
5.1075,51,0,move,-1,5.1075,5.1197,0,0.000,-0.088,0.176,-0.176,-0.088,0.088,-0.264,-0.088,0.176,0.000,-45.703,31.904,-0.088,0.264,0.000,0.000,0.439,0.176,0.000,0.000,0.000,0.000,0.000,0.000,0.000,0.000,0.000,0.000,-47.696,32.641,0.000,0.000,0.000,0.000,0.000,0.000,0.013,8.8,11.30,31.0,0.000,0.000,0.000,0.000,0.000,0.000,0.006,0.000,0.006,0.000,0.013,0.000,0.000,0.013,0.000,0.000,0.006,0.000
5.2075,52,0,move,-1,5.2075,5.2174,0,0.000,-0.088,0.176,-0.176,-0.088,0.088,-0.264,-0.088,0.176,0.000,-46.758,32.520,-0.088,0.264,0.000,0.000,0.439,0.176,0.000,0.000,0.000,0.000,0.000,0.000,0.000,0.000,0.000,0.000,-48.483,33.087,0.000,0.000,0.000,0.000,0.000,0.000,0.013,8.8,11.30,31.0,0.000,0.000,0.000,0.000,0.000,0.000,0.006,0.000,0.006,0.000,0.013,0.000,0.000,0.013,0.000,0.000,0.006,0.000
5.3075,53,0,move,-1,5.3075,5.3188,0,0.000,-0.088,0.176,-0.176,-0.088,0.088,-0.264,-0.088,0.176,0.000,-47.725,33.047,-0.088,0.264,0.000,0.000,0.439,0.176,0.000,0.000,0.000,0.000,0.000,0.000,0.000,0.000,0.000,0.000,-49.176,33.476,0.000,0.000,0.000,0.000,0.000,0.000,0.013,3.2,11.30,28.0,0.000,0.000,0.000,0.000,0.000,0.000,0.006,0.000,0.000,0.000,0.006,0.006,0.000,0.013,0.000,0.000,0.006,0.000
5.4075,54,0,move,-1,5.4075,5.4175,0,0.000,-0.088,0.176,-0.176,-0.088,0.088,-0.264,-0.088,0.176,0.000,-48.428,33.398,-0.088,0.264,0.000,0.000,0.439,0.176,0.000,0.000,0.000,0.000,0.000,0.000,0.000,0.000,0.000,0.000,-49.769,33.806,0.000,0.000,0.000,0.000,0.000,0.000,0.013,3.2,11.30,28.0,0.000,0.000,0.000,0.000,0.000,0.000,0.006,0.000,0.000,0.000,0.006,0.006,0.000,0.013,0.000,0.000,0.006,0.000
5.5073,55,0,move,-1,5.5073,5.5194,0,0.000,-0.088,0.176,-0.176,-0.088,0.088,-0.264,-0.088,0.176,0.000,-49.131,33.838,-0.088,0.264,0.000,0.000,0.439,0.176,0.000,0.000,0.000,0.000,0.000,0.000,0.000,0.000,0.000,0.000,-50.260,34.076,0.000,0.000,0.000,0.000,0.000,0.000,0.013,3.2,11.30,28.0,0.000,0.000,0.000,0.000,0.000,0.000,0.006,0.000,0.000,0.000,0.006,0.006,0.000,0.013,0.000,0.000,0.006,0.000
5.6075,56,0,move,-1,5.6075,5.6193,0,0.000,-0.088,0.176,-0.176,-0.088,0.088,-0.264,-0.088,0.176,0.000,-49.746,33.926,-0.088,0.264,0.000,0.000,0.439,0.176,0.000,0.000,0.000,0.000,0.000,0.000,0.000,0.000,0.000,0.000,-50.644,34.286,0.000,0.000,0.000,0.000,0.000,0.000,0.013,3.2,11.30,28.0,0.000,0.000,0.000,0.000,0.000,0.000,0.006,0.000,0.000,0.000,0.006,0.006,0.000,0.013,0.000,0.000,0.006,0.000
5.7075,57,0,move,-1,5.7075,5.7172,0,0.000,-0.088,0.176,-0.176,-0.088,0.088,-0.264,-0.088,0.176,0.000,-50.098,34.189,-0.088,0.264,0.000,0.000,0.439,0.176,0.000,0.000,0.000,0.000,0.000,0.000,0.000,0.000,0.000,0.000,-50.920,34.437,0.000,0.000,0.000,0.000,0.000,0.000,0.019,8.0,11.30,31.0,0.000,0.000,0.000,0.000,0.000,0.000,0.006,0.000,0.000,0.000,0.019,0.006,0.000,0.013,0.000,0.000,0.006,0.000
5.8073,58,0,move,-1,5.8073,5.8189,0,0.000,-0.088,0.176,-0.176,-0.088,0.088,-0.264,-0.088,0.176,0.000,-50.449,34.453,-0.088,0.264,0.000,0.000,0.439,0.176,0.000,0.000,0.000,0.000,0.000,0.000,0.000,0.000,0.000,0.000,-51.087,34.527,0.000,0.000,0.000,0.000,0.000,0.000,0.013,8.8,11.20,31.0,0.000,0.000,0.000,0.000,0.000,0.000,0.006,0.000,0.006,0.000,0.013,0.000,0.000,0.013,0.000,0.000,0.013,0.006
5.9073,59,0,move,-1,5.9073,5.9185,0,0.000,-0.088,0.176,-0.176,-0.088,0.088,-0.264,-0.088,0.176,0.088,-50.449,34.453,-0.088,0.264,0.000,0.000,0.439,0.176,0.000,0.000,0.000,0.000,0.000,0.000,0.000,0.000,0.000,0.000,-51.143,34.557,0.000,0.000,0.000,0.000,0.000,0.000,0.013,8.8,11.20,31.0,0.000,0.000,0.000,0.000,0.000,0.000,0.006,0.000,0.006,0.000,0.013,0.000,0.000,0.013,0.000,0.000,0.013,0.006
6.0075,60,0,move,-1,6.0075,6.0181,0,0.000,-0.088,0.176,-0.176,-0.088,0.088,-0.264,-0.088,0.176,0.088,-50.713,34.453,-0.088,0.264,0.000,0.000,0.439,0.176,0.000,0.000,0.000,0.000,0.000,0.000,0.000,0.000,0.000,0.000,-51.143,34.557,0.000,0.000,0.000,0.000,0.000,0.000,0.013,3.2,11.30,28.0,0.000,0.000,0.000,0.006,0.000,0.000,0.006,0.000,0.000,0.000,0.006,0.000,0.000,0.013,0.000,0.000,0.006,0.006
6.1075,61,0,move,-1,6.1075,6.1177,0,0.000,-0.088,0.176,-0.176,-0.088,0.088,-0.264,-0.088,0.176,0.088,-50.801,34.453,-0.088,0.264,0.000,0.000,0.439,0.176,0.000,0.000,0.000,0.000,0.000,0.000,0.000,0.000,0.000,0.000,-51.143,34.557,0.000,0.000,0.000,0.000,0.000,0.000,0.013,3.2,11.30,28.0,0.000,0.000,0.000,0.006,0.000,0.000,0.006,0.000,0.000,0.000,0.006,0.000,0.000,0.013,0.000,0.000,0.006,0.006
6.2073,62,0,move,-1,6.2073,6.2198,0,0.000,-0.088,0.176,-0.176,-0.088,0.088,-0.264,-0.088,0.176,0.088,-50.801,34.453,-0.088,0.264,0.000,0.000,0.439,0.176,0.000,0.000,0.000,0.000,0.000,0.000,0.000,0.000,0.000,0.000,-51.143,34.557,0.000,0.000,0.000,0.000,0.000,0.000,0.013,3.2,11.30,28.0,0.000,0.000,0.000,0.000,0.000,0.000,0.006,0.000,0.000,0.000,0.006,0.000,0.000,0.013,0.000,0.000,0.006,0.000
6.3075,63,0,move,-1,6.3075,6.3174,0,0.000,-0.088,0.176,-0.176,-0.088,0.088,-0.264,-0.088,0.176,0.088,-50.801,34.453,-0.088,0.264,0.000,0.000,0.439,0.176,0.000,0.000,0.000,0.000,0.000,0.000,0.000,0.000,0.000,0.000,-51.143,34.557,0.000,0.000,0.000,0.000,0.000,0.000,0.013,3.2,11.30,28.0,0.000,0.000,0.000,0.000,0.000,0.000,0.006,0.000,0.000,0.000,0.006,0.000,0.000,0.013,0.000,0.000,0.006,0.000
6.4086,64,0,move,-1,6.4086,6.4200,0,0.000,-0.088,0.176,-0.176,-0.088,0.088,-0.264,-0.088,0.176,0.088,-50.801,34.453,-0.088,0.264,0.000,0.000,0.439,0.176,0.000,0.000,0.000,0.000,0.000,0.000,0.000,0.000,0.000,0.000,-51.143,34.557,0.000,0.000,0.000,0.000,0.000,0.000,0.006,2.4,11.30,32.0,0.000,0.000,0.000,0.006,0.000,0.000,0.006,0.000,0.006,0.000,0.006,0.000,0.000,0.006,0.000,0.000,0.006,0.000
6.5073,65,0,move,-1,6.5073,6.5172,0,0.000,-0.088,0.176,-0.176,-0.088,0.088,-0.264,-0.088,0.176,0.088,-50.801,34.453,-0.088,0.264,0.000,0.000,0.439,0.176,0.000,0.000,0.000,0.000,0.000,0.000,0.000,0.000,0.000,0.000,-51.143,34.557,0.000,0.000,0.000,0.000,0.000,0.000,0.006,2.4,11.30,32.0,0.000,0.000,0.000,0.006,0.000,0.000,0.006,0.000,0.006,0.000,0.006,0.000,0.000,0.006,0.000,0.000,0.006,0.000
6.6107,66,0,move,-1,6.6107,6.6377,0,0.000,-0.088,0.176,-0.176,-0.088,0.088,-0.264,-0.088,0.176,0.088,-50.801,34.453,-0.088,0.264,0.000,0.000,0.439,0.176,0.000,0.000,0.000,0.000,0.000,0.000,0.000,0.000,0.000,0.000,-51.143,34.557,0.000,0.000,0.000,0.000,0.000,0.000,0.006,2.4,11.30,32.0,0.000,0.000,0.000,0.006,0.000,0.000,0.000,0.000,0.000,0.000,0.006,0.000,0.000,0.006,0.000,0.000,0.006,0.000
6.7073,67,0,move,-1,6.7073,6.7209,0,0.000,-0.088,0.176,-0.176,-0.088,0.088,-0.264,-0.088,0.176,0.088,-50.801,34.453,-0.088,0.264,0.000,0.000,0.439,0.176,0.000,0.000,0.000,0.000,0.000,0.000,0.000,0.000,0.000,0.000,-51.143,34.557,0.000,0.000,0.000,0.000,0.000,0.000,0.006,2.4,11.30,32.0,0.000,0.000,0.000,0.006,0.000,0.000,0.000,0.000,0.000,0.000,0.006,0.000,0.000,0.006,0.000,0.000,0.006,0.000
6.8137,68,0,move,-1,6.8137,6.8416,0,0.000,-0.088,0.176,-0.176,-0.088,0.088,-0.264,-0.088,0.176,0.088,-50.801,34.453,-0.088,0.264,0.000,0.000,0.439,0.176,0.000,0.000,0.000,0.000,0.000,0.000,0.000,0.000,0.000,0.000,-51.143,34.557,0.000,0.000,0.000,0.000,0.000,0.000,0.013,3.2,11.30,28.0,0.000,0.000,0.000,0.000,0.000,0.000,0.006,0.000,0.006,0.000,0.006,0.000,0.000,0.013,0.000,0.000,0.006,0.000
6.9073,69,0,move,-1,6.9073,6.9194,0,0.000,-0.088,0.176,-0.176,-0.088,0.088,-0.264,-0.088,0.176,0.088,-50.801,34.453,-0.088,0.264,0.000,0.000,0.439,0.176,0.000,0.000,0.000,0.000,0.000,0.000,0.000,0.000,0.000,0.000,-51.143,34.557,0.000,0.000,0.000,0.000,0.000,0.000,0.013,3.2,11.30,28.0,0.000,0.000,0.000,0.000,0.000,0.000,0.006,0.000,0.006,0.000,0.006,0.000,0.000,0.013,0.000,0.000,0.006,0.000
7.0078,70,0,move,-1,7.0078,7.0260,0,0.000,-0.088,0.176,-0.176,-0.088,0.088,-0.264,-0.088,0.176,0.088,-50.801,34.453,-0.088,0.264,0.000,0.000,0.439,0.176,0.000,0.000,0.000,0.000,0.000,0.000,0.000,0.000,0.000,0.000,-51.143,34.557,0.000,0.000,0.000,0.000,0.000,0.000,0.013,3.2,11.30,28.0,0.000,0.000,0.000,0.000,0.000,0.000,0.006,0.000,0.000,0.000,0.006,0.000,0.000,0.013,0.000,0.000,0.006,0.000
7.1075,71,0,move,-1,7.1075,7.1200,0,0.000,-0.088,0.176,-0.176,-0.088,0.088,-0.264,-0.088,0.176,0.088,-50.801,34.453,-0.088,0.264,0.000,0.000,0.439,0.176,0.000,0.000,0.000,0.000,0.000,0.000,0.000,0.000,0.000,0.000,-51.143,34.557,0.000,0.000,0.000,0.000,0.000,0.000,0.013,3.2,11.30,28.0,0.000,0.000,0.000,0.000,0.000,0.000,0.006,0.000,0.000,0.000,0.006,0.000,0.000,0.013,0.000,0.000,0.006,0.000
7.2075,72,0,move,-1,7.2075,7.2185,0,0.000,-0.088,0.176,-0.176,-0.088,0.088,-0.264,-0.088,0.176,0.088,-50.801,34.453,-0.088,0.264,0.000,0.000,0.439,0.176,0.000,0.000,0.000,0.000,0.000,0.000,0.000,0.000,0.000,0.000,-51.143,34.557,0.000,0.000,0.000,0.000,0.000,0.000,0.013,3.2,11.30,28.0,0.000,0.000,0.000,0.000,0.000,0.000,0.000,0.000,0.000,0.000,0.006,0.000,0.000,0.013,0.000,0.000,0.006,0.000
7.3075,73,0,move,-1,7.3075,7.3206,0,0.000,-0.088,0.176,-0.176,-0.088,0.088,-0.264,-0.088,0.176,0.088,-50.801,34.453,-0.088,0.264,0.000,0.000,0.439,0.176,0.000,0.000,0.000,0.000,0.000,0.000,0.000,0.000,0.000,0.000,-51.143,34.557,0.000,0.000,0.000,0.000,0.000,0.000,0.006,4.0,11.30,31.0,0.000,0.000,0.000,0.000,0.000,0.000,0.000,0.000,0.000,0.000,0.006,0.000,0.000,0.006,0.000,0.000,0.006,0.000
7.4075,74,0,move,-1,7.4075,7.4190,0,0.000,-0.088,0.176,-0.176,-0.088,0.088,-0.264,-0.088,0.176,0.088,-50.801,34.453,-0.088,0.264,0.000,0.000,0.439,0.176,0.000,0.000,0.000,0.000,0.000,0.000,0.000,0.000,0.000,0.000,-51.143,34.557,0.000,0.000,0.000,0.000,0.000,0.000,0.006,4.0,11.30,31.0,0.000,0.000,0.000,0.000,0.000,0.000,0.000,0.000,0.000,0.000,0.006,0.000,0.000,0.006,0.000,0.000,0.006,0.000
7.5075,75,0,move,-1,7.5075,7.5204,0,0.000,-0.088,0.176,-0.176,-0.088,0.088,-0.264,-0.088,0.176,0.088,-50.801,34.453,-0.088,0.264,0.000,0.000,0.439,0.176,0.000,0.000,0.000,0.000,0.000,0.000,0.000,0.000,0.000,0.000,-51.143,34.557,0.000,0.000,0.000,0.000,0.000,0.000,0.013,3.2,11.30,28.0,0.000,0.000,0.000,0.000,0.000,0.000,0.000,0.000,0.000,0.000,0.006,0.000,0.000,0.013,0.000,0.000,0.013,0.000
7.6094,76,0,move,-1,7.6094,7.6393,0,0.000,-0.088,0.176,-0.176,-0.088,0.088,-0.264,-0.088,0.176,0.088,-50.801,34.453,-0.088,0.264,0.000,0.000,0.439,0.176,0.000,0.000,0.000,0.000,0.000,0.000,0.000,0.000,0.000,0.000,-51.143,34.557,0.000,0.000,0.000,0.000,0.000,0.000,0.006,4.0,11.30,31.0,0.000,0.000,0.000,0.000,0.000,0.000,0.000,0.000,0.000,0.000,0.006,0.000,0.000,0.006,0.000,0.000,0.006,0.000
7.7074,77,0,move,-1,7.7074,7.7177,0,0.000,-0.088,0.176,-0.176,-0.088,0.088,-0.264,-0.088,0.176,0.088,-50.801,34.453,-0.088,0.264,0.000,0.000,0.439,0.176,0.000,0.000,0.000,0.000,0.000,0.000,0.000,0.000,0.000,0.000,-51.143,34.557,0.000,0.000,0.000,0.000,0.000,0.000,0.006,4.0,11.30,31.0,0.000,0.000,0.000,0.000,0.000,0.000,0.000,0.000,0.000,0.000,0.006,0.000,0.000,0.006,0.000,0.000,0.006,0.000
7.8074,78,0,move,-1,7.8074,7.8182,0,0.000,-0.088,0.176,-0.176,-0.088,0.088,-0.264,-0.088,0.176,0.088,-50.801,34.453,-0.088,0.264,0.000,0.000,0.439,0.176,0.000,0.000,0.000,0.000,0.000,0.000,0.000,0.000,0.000,0.000,-51.143,34.557,0.000,0.000,0.000,0.000,0.000,0.000,0.006,2.4,11.30,32.0,0.000,0.000,0.000,0.006,0.000,0.000,0.006,0.000,0.000,0.000,0.006,0.000,0.000,0.006,0.000,0.000,0.006,0.006
7.9075,79,0,move,-1,7.9075,7.9176,0,0.000,-0.088,0.176,-0.176,-0.088,0.088,-0.264,-0.088,0.176,0.088,-50.801,34.453,-0.088,0.264,0.000,0.000,0.439,0.176,0.000,0.000,0.000,0.000,0.000,0.000,0.000,0.000,0.000,0.000,-51.143,34.557,0.000,0.000,0.000,0.000,0.000,0.000,0.006,2.4,11.30,32.0,0.000,0.000,0.000,0.006,0.000,0.000,0.006,0.000,0.000,0.000,0.006,0.000,0.000,0.006,0.000,0.000,0.006,0.006
8.0075,80,0,move,-1,8.0075,8.0184,0,0.000,-0.088,0.176,-0.176,-0.088,0.088,-0.264,-0.088,0.176,0.088,-50.801,34.453,-0.088,0.264,0.000,0.000,0.439,0.176,0.000,0.000,0.000,0.000,0.000,0.000,0.000,0.000,0.000,0.000,-51.143,34.557,0.000,0.000,0.000,0.000,0.000,0.000,0.013,3.2,11.30,28.0,0.000,0.000,0.000,0.006,0.000,0.000,0.006,0.000,0.000,0.000,0.006,0.000,0.000,0.013,0.000,0.000,0.006,0.000
8.1073,81,0,move,-1,8.1073,8.1174,0,0.000,-0.088,0.176,-0.176,-0.088,0.088,-0.264,-0.088,0.176,0.088,-50.801,34.453,-0.088,0.264,0.000,0.000,0.439,0.176,0.000,0.000,0.000,0.000,0.000,0.000,0.000,0.000,0.000,0.000,-51.143,34.557,0.000,0.000,0.000,0.000,0.000,0.000,0.013,3.2,11.30,28.0,0.000,0.000,0.000,0.006,0.000,0.000,0.006,0.000,0.000,0.000,0.006,0.000,0.000,0.013,0.000,0.000,0.006,0.000
8.2074,82,0,move,-1,8.2074,8.2220,0,0.000,-0.088,0.176,-0.176,-0.088,0.088,-0.264,-0.088,0.176,0.088,-50.801,34.453,-0.088,0.264,0.000,0.000,0.439,0.176,0.000,0.000,0.000,0.000,0.000,0.000,0.000,0.000,0.000,0.000,-51.143,34.557,0.000,0.000,0.000,0.000,0.000,0.000,0.006,3.2,11.30,32.0,0.000,0.000,0.000,0.000,0.000,0.000,0.006,0.000,0.006,0.000,0.006,0.000,0.000,0.006,0.000,0.000,0.006,0.000
8.3131,83,0,move,-1,8.3131,8.3240,0,0.000,-0.088,0.176,-0.176,-0.088,0.088,-0.264,-0.088,0.176,0.088,-50.801,34.453,-0.088,0.264,0.000,0.000,0.439,0.176,0.000,0.000,0.000,0.000,0.000,0.000,0.000,0.000,0.000,0.000,-51.143,34.557,0.000,0.000,0.000,0.000,0.000,0.000,0.006,3.2,11.30,32.0,0.000,0.000,0.000,0.000,0.000,0.000,0.006,0.000,0.006,0.000,0.000,0.000,0.000,0.006,0.000,0.000,0.006,0.006
8.4075,84,0,move,-1,8.4075,8.4175,0,0.000,-0.088,0.176,-0.176,-0.088,0.088,-0.264,-0.088,0.176,0.088,-50.801,34.453,-0.088,0.264,0.000,0.000,0.439,0.176,0.000,0.000,0.000,0.000,0.000,0.000,0.000,0.000,0.000,0.000,-51.143,34.557,0.000,0.000,0.000,0.000,0.000,0.000,0.006,3.2,11.30,32.0,0.000,0.000,0.000,0.000,0.000,0.000,0.006,0.000,0.006,0.000,0.000,0.000,0.000,0.006,0.000,0.000,0.006,0.006
8.5113,85,0,move,-1,8.5113,8.5298,0,0.000,-0.088,0.176,-0.176,-0.088,0.088,-0.264,-0.088,0.176,0.088,-50.801,34.453,-0.088,0.264,0.000,0.000,0.439,0.176,0.000,0.000,0.000,0.000,0.000,0.000,0.000,0.000,0.000,0.000,-51.143,34.557,0.000,0.000,0.000,0.000,0.000,0.000,0.006,2.4,11.30,32.0,0.000,0.000,0.000,0.006,0.000,0.000,0.006,0.000,0.000,0.000,0.006,0.000,0.000,0.006,0.000,0.000,0.006,0.000
8.6073,86,0,move,-1,8.6073,8.6197,0,0.000,-0.088,0.176,-0.176,-0.088,0.088,-0.264,-0.088,0.176,0.088,-50.801,34.453,-0.088,0.264,0.000,0.000,0.439,0.176,0.000,0.000,0.000,0.000,0.000,0.000,0.000,0.000,0.000,0.000,-51.143,34.557,0.000,0.000,0.000,0.000,0.000,0.000,0.006,2.4,11.30,32.0,0.000,0.000,0.000,0.006,0.000,0.000,0.006,0.000,0.000,0.000,0.006,0.000,0.000,0.006,0.000,0.000,0.006,0.000
8.7075,87,0,move,-1,8.7075,8.7204,0,0.000,-0.088,0.176,-0.176,-0.088,0.088,-0.264,-0.088,0.176,0.088,-50.801,34.453,-0.088,0.264,0.000,0.000,0.439,0.176,0.000,0.000,0.000,0.000,0.000,0.000,0.000,0.000,0.000,0.000,-51.143,34.557,0.000,0.000,0.000,0.000,0.000,0.000,0.013,3.2,11.30,28.0,0.000,0.000,0.000,0.000,0.000,0.000,0.006,0.000,0.000,0.000,0.006,0.000,0.000,0.013,0.000,0.000,0.006,0.006
8.8092,88,0,move,-1,8.8092,8.8198,0,0.000,-0.088,0.176,-0.176,-0.088,0.088,-0.264,-0.088,0.176,0.088,-50.801,34.453,-0.088,0.264,0.000,0.000,0.439,0.176,0.000,0.000,0.000,0.000,0.000,0.000,0.000,0.000,0.000,0.000,-51.143,34.557,0.000,0.000,0.000,0.000,0.000,0.000,0.013,3.2,11.30,28.0,0.000,0.000,0.000,0.000,0.000,0.000,0.006,0.000,0.000,0.000,0.006,0.000,0.000,0.013,0.000,0.000,0.006,0.006
8.9076,89,0,move,-1,8.9076,8.9178,0,0.000,-0.088,0.176,-0.176,-0.088,0.088,-0.264,-0.088,0.176,0.088,-50.801,34.453,-0.088,0.264,0.000,0.000,0.439,0.176,0.000,0.000,0.000,0.000,0.000,0.000,0.000,0.000,0.000,0.000,-51.143,34.557,0.000,0.000,0.000,0.000,0.000,0.000,0.013,3.2,11.30,28.0,0.000,0.000,0.000,0.000,0.000,0.000,0.000,0.000,0.006,0.000,0.006,0.000,0.000,0.013,0.000,0.000,0.006,0.006
9.0075,90,0,move,-1,9.0075,9.0164,0,0.000,-0.088,0.176,-0.176,-0.088,0.088,-0.264,-0.088,0.176,0.088,-50.801,34.453,-0.088,0.264,0.000,0.000,0.439,0.176,0.000,0.000,0.000,0.000,0.000,0.000,0.000,0.000,0.000,0.000,-51.143,34.557,0.000,0.000,0.000,0.000,0.000,0.000,0.013,3.2,11.30,28.0,0.000,0.000,0.000,0.000,0.000,0.000,0.000,0.000,0.006,0.000,0.006,0.000,0.000,0.013,0.000,0.000,0.006,0.006
9.1073,91,0,move,-1,9.1073,9.1208,0,0.000,-0.088,0.176,-0.176,-0.088,0.088,-0.264,-0.088,0.176,0.088,-50.801,34.453,-0.088,0.264,0.000,0.000,0.439,0.176,0.000,0.000,0.000,0.000,0.000,0.000,0.000,0.000,0.000,0.000,-51.143,34.557,0.000,0.000,0.000,0.000,0.000,0.000,0.006,3.2,11.30,32.0,0.000,,0.000,0.000,0.000,0.000,0.006,0.000,0.000,0.000,0.006,0.000,0.000,0.006,0.000,0.000,0.006,0.000
9.2075,92,0,move,-1,9.2075,9.2193,0,0.000,-0.088,0.176,-0.176,-0.088,0.088,-0.264,-0.088,0.176,0.088,-50.801,34.453,-0.088,0.264,0.000,0.000,0.439,0.176,0.000,0.000,0.000,0.000,0.000,0.000,0.000,0.000,0.000,0.000,-51.143,34.557,0.000,0.000,0.000,0.000,0.000,0.000,0.006,3.2,11.30,32.0,0.000,,0.000,0.000,0.000,0.000,0.006,0.000,0.000,0.000,0.006,0.000,0.000,0.006,0.000,0.000,0.006,0.000
9.3075,93,0,move,-1,9.3075,9.3200,0,0.000,-0.088,0.176,-0.176,-0.088,0.088,-0.264,-0.088,0.176,0.088,-50.801,34.453,-0.088,0.264,0.000,0.000,0.439,0.176,0.000,0.000,0.000,0.000,0.000,0.000,0.000,0.000,0.000,0.000,-51.143,34.557,0.000,0.000,0.000,0.000,0.000,0.000,0.013,3.2,11.30,28.0,0.000,0.000,0.006,0.000,0.000,0.000,0.000,0.000,0.000,0.000,0.006,0.000,0.000,0.013,0.000,0.000,0.006,0.000
9.4073,94,0,move,-1,9.4073,9.4180,0,0.000,-0.088,0.176,-0.176,-0.088,0.088,-0.264,-0.088,0.176,0.088,-50.801,34.453,-0.088,0.264,0.000,0.000,0.439,0.176,0.000,0.000,0.000,0.000,0.000,0.000,0.000,0.000,0.000,0.000,-51.143,34.557,0.000,0.000,0.000,0.000,0.000,0.000,0.013,3.2,11.30,28.0,0.000,0.000,0.006,0.000,0.000,0.000,0.000,0.000,0.000,0.000,0.006,0.000,0.000,0.013,0.000,0.000,0.006,0.000
9.5120,95,0,move,-1,9.5120,9.5723,0,0.000,-0.088,0.176,-0.176,-0.088,0.088,-0.264,-0.088,0.176,0.088,-50.801,34.453,-0.088,0.264,0.000,0.000,0.439,0.176,0.000,0.000,0.000,0.000,0.000,0.000,0.000,0.000,0.000,0.000,-51.143,34.557,0.000,0.000,0.000,0.000,0.000,0.000,0.013,3.2,11.30,28.0,0.000,0.000,0.000,0.000,0.000,0.000,0.006,0.000,0.000,0.000,0.006,0.000,0.000,0.013,0.000,0.000,0.013,0.000
9.6111,96,0,move,-1,9.6111,9.6456,0,0.000,-0.088,0.176,-0.176,-0.088,0.088,-0.264,-0.088,0.176,0.088,-50.801,34.453,-0.088,0.264,0.000,0.000,0.439,0.176,0.000,0.000,0.000,0.000,0.000,0.000,0.000,0.000,0.000,0.000,-51.143,34.557,0.000,0.000,0.000,0.000,0.000,0.000,0.013,3.2,11.30,28.0,0.000,0.000,0.000,0.000,0.000,0.000,0.006,0.000,0.000,0.000,0.006,0.000,0.000,0.013,0.000,0.000,0.013,0.000
9.7122,97,0,move,-1,9.7122,9.7280,0,0.000,-0.088,0.176,-0.176,-0.088,0.088,-0.264,-0.088,0.176,0.088,-50.801,34.453,-0.088,0.264,0.000,0.000,0.439,0.176,0.000,0.000,0.000,0.000,0.000,0.000,0.000,0.000,0.000,0.000,-51.143,34.557,0.000,0.000,0.000,0.000,0.000,0.000,0.006,3.2,11.30,32.0,0.000,0.000,0.000,0.000,0.000,0.000,0.006,0.000,0.006,0.000,0.006,0.000,0.000,0.006,0.000,0.000,0.006,0.000
9.8075,98,0,move,-1,9.8075,9.8191,0,0.000,-0.088,0.176,-0.176,-0.088,0.088,-0.264,-0.088,0.176,0.088,-50.801,34.453,-0.088,0.264,0.000,0.000,0.439,0.176,0.000,0.000,0.000,0.000,0.000,0.000,0.000,0.000,0.000,0.000,-51.143,34.557,0.000,0.000,0.000,0.000,0.000,0.000,0.006,3.2,11.30,32.0,0.000,0.000,0.000,0.000,0.000,0.000,0.006,0.000,0.006,0.000,0.006,0.000,0.000,0.006,0.000,0.000,0.006,0.000
9.9074,99,0,move,-1,9.9074,9.9203,0,0.000,-0.088,0.176,-0.176,-0.088,0.088,-0.264,-0.088,0.176,0.088,-50.801,34.453,-0.088,0.264,0.000,0.000,0.439,0.176,0.000,0.000,0.000,0.000,0.000,0.000,0.000,0.000,0.000,0.000,-51.143,34.557,0.000,0.000,0.000,0.000,0.000,0.000,0.013,3.2,11.30,28.0,0.000,0.000,0.000,0.006,0.000,0.000,0.006,0.000,0.000,0.000,0.006,0.000,0.000,0.013,0.000,0.000,0.013,0.000
10.0075,100,0,move,-1,10.0075,10.0188,0,0.000,-0.088,0.176,-0.176,-0.088,0.088,-0.264,-0.088,0.176,0.088,-50.801,34.453,-0.088,0.264,0.000,0.000,0.439,0.176,0.000,0.000,0.000,0.000,0.000,0.000,0.000,0.000,0.000,0.000,-51.143,34.557,0.000,0.000,0.000,0.000,0.000,0.000,0.013,3.2,11.30,28.0,0.000,0.000,0.000,0.006,0.000,0.000,0.006,0.000,0.000,0.000,0.006,0.000,0.000,0.013,0.000,0.000,0.013,0.000
10.1075,101,0,move,-1,10.1075,10.1193,0,0.000,-0.088,0.176,-0.176,-0.088,0.088,-0.264,-0.088,0.176,0.088,-50.801,34.453,-0.088,0.264,0.000,0.000,0.439,0.176,0.000,0.000,0.000,0.000,0.000,0.000,0.000,0.000,0.000,0.000,-51.143,34.557,0.000,0.000,0.000,0.000,0.000,0.000,0.013,3.2,11.30,28.0,0.000,0.000,0.000,0.000,0.000,0.000,0.000,0.000,0.000,0.000,0.006,0.000,0.000,0.013,0.000,0.000,0.006,0.006
10.2075,102,0,move,-1,10.2075,10.2181,0,0.000,-0.088,0.176,-0.176,-0.088,0.088,-0.264,-0.088,0.176,0.088,-50.801,34.453,-0.088,0.264,0.000,0.000,0.439,0.176,0.000,0.000,0.000,0.000,0.000,0.000,0.000,0.000,0.000,0.000,-51.143,34.557,0.000,0.000,0.000,0.000,0.000,0.000,0.013,3.2,11.30,28.0,0.000,0.000,0.000,0.000,0.000,0.000,0.000,0.000,0.000,0.000,0.006,0.000,0.000,0.013,0.000,0.000,0.006,0.006
10.3075,103,0,move,-1,10.3075,10.3196,0,0.000,-0.088,0.176,-0.176,-0.088,0.088,-0.264,-0.088,0.176,0.088,-50.801,34.453,-0.088,0.264,0.000,0.000,0.439,0.176,0.000,0.000,0.000,0.000,0.000,0.000,0.000,0.000,0.000,0.000,-51.143,34.557,0.000,0.000,0.000,0.000,0.000,0.000,0.013,3.2,11.30,28.0,0.000,0.000,0.000,0.000,0.000,0.000,0.006,0.000,0.000,0.000,0.006,0.000,0.000,0.013,0.000,0.000,0.013,0.000
10.4075,104,0,move,-1,10.4075,10.4175,0,0.000,-0.088,0.176,-0.176,-0.088,0.088,-0.264,-0.088,0.176,0.088,-50.801,34.453,-0.088,0.264,0.000,0.000,0.439,0.176,0.000,0.000,0.000,0.000,0.000,0.000,0.000,0.000,0.000,0.000,-51.143,34.557,0.000,0.000,0.000,0.000,0.000,0.000,0.013,3.2,11.30,28.0,0.000,0.000,0.000,0.000,0.000,0.000,0.006,0.000,0.000,0.000,0.006,0.000,0.000,0.013,0.000,0.000,0.013,0.000
10.5080,105,0,move,-1,10.5080,10.5496,0,0.000,-0.088,0.176,-0.176,-0.088,0.088,-0.264,-0.088,0.176,0.088,-50.801,34.453,-0.088,0.264,0.000,0.000,0.439,0.176,0.000,0.000,0.000,0.000,0.000,0.000,0.000,0.000,0.000,0.000,-51.143,34.557,0.000,0.000,0.000,0.000,0.000,0.000,0.013,3.2,11.30,28.0,0.000,0.000,0.000,0.000,0.000,0.000,0.000,0.000,0.000,0.000,0.006,0.000,0.000,0.013,0.000,0.000,0.006,0.000
10.6073,106,0,move,-1,10.6073,10.6176,0,0.000,-0.088,0.176,-0.176,-0.088,0.088,-0.264,-0.088,0.176,0.088,-50.801,34.453,-0.088,0.264,0.000,0.000,0.439,0.176,0.000,0.000,0.000,0.000,0.000,0.000,0.000,0.000,0.000,0.000,-51.143,34.557,0.000,0.000,0.000,0.000,0.000,0.000,0.013,3.2,11.30,28.0,0.000,0.000,0.000,0.000,0.000,0.000,0.000,0.000,0.000,0.000,0.006,0.000,0.000,0.013,0.000,0.000,0.006,0.000
10.7075,107,0,move,-1,10.7075,10.7183,0,0.000,-0.088,0.176,-0.176,-0.088,0.088,-0.264,-0.088,0.176,0.088,-50.801,34.453,-0.088,0.264,0.000,0.000,0.439,0.176,0.000,0.000,0.000,0.000,0.000,0.000,0.000,0.000,0.000,0.000,-51.143,34.557,0.000,0.000,0.000,0.000,0.000,0.000,0.006,3.2,11.30,32.0,0.000,0.000,0.000,0.000,0.000,0.000,0.006,0.000,0.000,0.000,0.006,0.000,0.006,0.006,0.000,0.000,0.006,0.000
10.8074,108,0,move,-1,10.8074,10.8176,0,0.000,-0.088,0.176,-0.176,-0.088,0.088,-0.264,-0.088,0.176,0.088,-50.801,34.453,-0.088,0.264,0.000,0.000,0.439,0.176,0.000,0.000,0.000,0.000,0.000,0.000,0.000,0.000,0.000,0.000,-51.143,34.557,0.000,0.000,0.000,0.000,0.000,0.000,0.006,3.2,11.30,32.0,0.000,0.000,0.000,0.000,0.000,0.000,0.006,0.000,0.000,0.000,0.006,0.000,0.006,0.006,0.000,0.000,0.006,0.000
10.9118,109,0,move,-1,10.9118,10.9629,0,0.000,-0.088,0.176,-0.176,-0.088,0.088,-0.264,-0.088,0.176,0.088,-50.801,34.453,-0.088,0.264,0.000,0.000,0.439,0.176,0.000,0.000,0.000,0.000,0.000,0.000,0.000,0.000,0.000,0.000,-51.143,34.557,0.000,0.000,0.000,0.000,0.000,0.000,0.013,3.2,11.30,28.0,0.000,0.000,0.000,0.006,0.000,0.000,0.000,0.000,0.000,0.000,0.006,0.000,0.000,0.013,0.000,0.000,0.006,0.006
11.0075,110,0,move,-1,11.0075,11.0183,0,0.000,-0.088,0.176,-0.176,-0.088,0.088,-0.264,-0.088,0.176,0.088,-50.801,34.453,-0.088,0.264,0.000,0.000,0.439,0.176,0.000,0.000,0.000,0.000,0.000,0.000,0.000,0.000,0.000,0.000,-51.143,34.557,0.000,0.000,0.000,0.000,0.000,0.000,0.013,3.2,11.30,28.0,0.000,0.000,0.000,0.006,0.000,0.000,0.000,0.000,0.000,0.000,0.006,0.000,0.000,0.013,0.000,0.000,0.006,0.006
11.1074,111,0,move,-1,11.1074,11.1237,0,0.000,-0.088,0.176,-0.176,-0.088,0.088,-0.264,-0.088,0.176,0.088,-50.801,34.453,-0.088,0.264,0.000,0.000,0.439,0.176,0.000,0.000,0.000,0.000,0.000,0.000,0.000,0.000,0.000,0.000,-51.143,34.557,0.000,0.000,0.000,0.000,0.000,0.000,0.006,3.2,11.30,32.0,0.000,0.000,0.000,0.000,0.000,0.000,0.006,0.000,0.000,0.000,0.006,0.000,0.006,0.006,0.000,0.000,0.006,0.000
11.2115,112,0,move,-1,11.2115,11.2491,0,0.000,-0.088,0.176,-0.176,-0.088,0.088,-0.264,-0.088,0.176,0.088,-50.801,34.453,-0.088,0.264,0.000,0.000,0.439,0.176,0.000,0.000,0.000,0.000,0.000,0.000,0.000,0.000,0.000,0.000,-51.143,34.557,0.000,0.000,0.000,0.000,0.000,0.000,0.006,2.4,11.30,32.0,0.000,0.000,0.000,0.006,0.000,0.000,0.006,0.000,0.000,0.000,0.000,0.000,0.000,0.006,0.000,0.000,0.006,0.000
11.3076,113,0,move,-1,11.3076,11.3189,0,0.000,-0.088,0.176,-0.176,-0.088,0.088,-0.264,-0.088,0.176,0.088,-50.801,34.453,-0.088,0.264,0.000,0.000,0.439,0.176,0.000,0.000,0.000,0.000,0.000,0.000,0.000,0.000,0.000,0.000,-51.143,34.557,0.000,0.000,0.000,0.000,0.000,0.000,0.006,2.4,11.30,32.0,0.000,0.000,0.000,0.006,0.000,0.000,0.006,0.000,0.000,0.000,0.000,0.000,0.000,0.006,0.000,0.000,0.006,0.000
11.4074,114,0,move,-1,11.4074,11.4197,0,0.000,-0.088,0.176,-0.176,-0.088,0.088,-0.264,-0.088,0.176,0.088,-50.801,34.453,-0.088,0.264,0.000,0.000,0.439,0.176,0.000,0.000,0.000,0.000,0.000,0.000,0.000,0.000,0.000,0.000,-51.143,34.557,0.000,0.000,0.000,0.000,0.000,0.000,0.013,3.2,11.30,28.0,0.000,0.000,0.000,0.000,0.000,0.000,0.000,0.000,0.000,0.000,0.006,0.000,0.000,0.013,0.000,0.000,0.006,0.000
11.5075,115,0,move,-1,11.5075,11.5181,0,0.000,-0.088,0.176,-0.176,-0.088,0.088,-0.264,-0.088,0.176,0.088,-50.801,34.453,-0.088,0.264,0.000,0.000,0.439,0.176,0.000,0.000,0.000,0.000,0.000,0.000,0.000,0.000,0.000,0.000,-51.143,34.557,0.000,0.000,0.000,0.000,0.000,0.000,0.013,3.2,11.30,28.0,0.000,0.000,0.000,0.000,0.000,0.000,0.000,0.000,0.000,0.000,0.006,0.000,0.000,0.013,0.000,0.000,0.006,0.000
11.6073,116,0,move,-1,11.6073,11.6188,0,0.000,-0.088,0.176,-0.176,-0.088,0.088,-0.264,-0.088,0.176,0.088,-50.801,34.453,-0.088,0.264,0.000,0.000,0.439,0.176,0.000,0.000,0.000,0.000,0.000,0.000,0.000,0.000,0.000,0.000,-51.143,34.557,0.000,0.000,0.000,0.000,0.000,0.000,0.013,3.2,11.30,28.0,0.000,0.000,0.000,0.000,0.000,0.000,0.000,0.000,0.000,0.000,0.006,0.000,0.000,0.013,0.000,0.000,0.006,0.000
11.7075,117,0,move,-1,11.7075,11.7181,0,0.000,-0.088,0.176,-0.176,-0.088,0.088,-0.264,-0.088,0.176,0.088,-50.801,34.453,-0.088,0.264,0.000,0.000,0.439,0.176,0.000,0.000,0.000,0.000,0.000,0.000,0.000,0.000,0.000,0.000,-51.143,34.557,0.000,0.000,0.000,0.000,0.000,0.000,0.013,3.2,11.30,28.0,0.000,0.000,0.000,0.000,0.000,0.000,0.000,0.000,0.000,0.000,0.006,0.000,0.000,0.013,0.000,0.000,0.006,0.000
11.8075,118,0,move,-1,11.8075,11.8195,0,0.000,-0.088,0.176,-0.176,-0.088,0.088,-0.264,-0.088,0.176,0.088,-50.801,34.453,-0.088,0.264,0.000,0.000,0.439,0.176,0.000,0.000,0.000,0.000,0.000,0.000,0.000,0.000,0.000,0.000,-51.143,34.557,0.000,0.000,0.000,0.000,0.000,0.000,0.013,3.2,11.30,28.0,0.000,0.000,0.000,0.006,0.000,0.000,0.006,0.000,0.000,0.000,0.006,0.000,0.000,0.013,0.000,0.000,0.006,0.006
11.9075,119,0,move,-1,11.9075,11.9180,0,0.000,-0.088,0.176,-0.176,-0.088,0.088,-0.264,-0.088,0.176,0.088,-50.801,34.453,-0.088,0.264,0.000,0.000,0.439,0.176,0.000,0.000,0.000,0.000,0.000,0.000,0.000,0.000,0.000,0.000,-51.143,34.557,0.000,0.000,0.000,0.000,0.000,0.000,0.013,3.2,11.30,28.0,0.000,0.000,0.000,0.006,0.000,0.000,0.006,0.000,0.000,0.000,0.006,0.000,0.000,0.013,0.000,0.000,0.006,0.006
12.0200,120,0,move,-1,12.0200,12.0375,0,0.000,-0.088,0.176,-0.176,-0.088,0.088,-0.264,-0.088,0.176,0.088,-50.801,34.453,-0.088,0.264,0.000,0.000,0.439,0.176,0.000,0.000,0.000,0.000,0.000,0.000,0.000,0.000,0.000,0.000,-51.143,34.557,0.000,0.000,0.000,0.000,0.000,0.000,0.013,3.2,11.30,28.0,0.000,0.000,0.000,0.000,0.000,0.000,0.006,0.000,0.000,0.000,0.006,0.000,0.000,0.013,0.000,0.000,0.006,0.000
12.1075,121,0,move,-1,12.1075,12.1210,0,0.000,-0.088,0.176,-0.176,-0.088,0.088,-0.264,-0.088,0.176,0.088,-50.801,34.453,-0.088,0.264,0.000,0.000,0.439,0.176,0.000,0.000,0.000,0.000,0.000,0.000,0.000,0.000,0.000,0.000,-51.143,34.557,0.000,0.000,0.000,0.000,0.000,0.000,0.013,3.2,11.30,28.0,0.000,0.000,0.000,0.000,0.000,0.000,0.006,0.000,0.000,0.000,0.006,0.000,0.000,0.013,0.000,0.000,0.006,0.000
12.2075,122,0,move,-1,12.2075,12.2222,0,0.000,-0.088,0.176,-0.176,-0.088,0.088,-0.264,-0.088,0.176,0.088,-50.801,34.453,-0.088,0.264,0.000,0.000,0.439,0.176,0.000,0.000,0.000,0.000,0.000,0.000,0.000,0.000,0.000,0.000,-51.143,34.557,0.000,0.000,0.000,0.000,0.000,0.000,0.013,3.2,11.30,28.0,0.000,0.000,0.000,0.006,0.000,0.000,0.000,0.000,0.006,0.000,0.006,0.000,0.000,0.013,0.000,0.000,0.006,0.000
12.3164,123,0,move,-1,12.3164,12.3295,0,0.000,-0.088,0.176,-0.176,-0.088,0.088,-0.264,-0.088,0.176,0.088,-50.801,34.453,-0.088,0.264,0.000,0.000,0.439,0.176,0.000,0.000,0.000,0.000,0.000,0.000,0.000,0.000,0.000,0.000,-51.143,34.557,0.000,0.000,0.000,0.000,0.000,0.000,0.013,3.2,11.30,28.0,0.000,0.000,0.000,0.000,0.000,0.000,0.000,0.000,0.006,0.000,0.006,0.000,0.000,0.013,0.000,0.000,0.006,0.000
12.4073,124,0,move,-1,12.4073,12.4186,0,0.000,-0.088,0.176,-0.176,-0.088,0.088,-0.264,-0.088,0.176,0.088,-50.801,34.453,-0.088,0.264,0.000,0.000,0.439,0.176,0.000,0.000,0.000,0.000,0.000,0.000,0.000,0.000,0.000,0.000,-51.143,34.557,0.000,0.000,0.000,0.000,0.000,0.000,0.013,3.2,11.30,28.0,0.000,0.000,0.000,0.000,0.000,0.000,0.000,0.000,0.006,0.000,0.006,0.000,0.000,0.013,0.000,0.000,0.006,0.000
12.5075,125,0,move,-1,12.5075,12.5192,0,0.000,-0.088,0.176,-0.176,-0.088,0.088,-0.264,-0.088,0.176,0.088,-50.801,34.453,-0.088,0.264,0.000,0.000,0.439,0.176,0.000,0.000,0.000,0.000,0.000,0.000,0.000,0.000,0.000,0.000,-51.143,34.557,0.000,0.000,0.000,0.000,0.000,0.000,0.013,4.8,11.30,31.0,0.000,0.000,0.000,0.000,0.000,0.000,0.006,0.000,0.006,0.000,0.006,0.000,0.000,0.006,0.000,0.000,0.013,0.000
12.6075,126,0,move,-1,12.6075,12.6266,0,0.000,-0.088,0.176,-0.176,-0.088,0.088,-0.264,-0.088,0.176,0.088,-50.801,34.453,-0.088,0.264,0.000,0.000,0.439,0.176,0.000,0.000,0.000,0.000,0.000,0.000,0.000,0.000,0.000,0.000,-51.143,34.557,0.000,0.000,0.000,0.000,0.000,0.000,0.000,0.0,11.30,31.0,0.000,0.000,0.000,0.000,0.000,0.000,0.000,0.000,0.000,0.000,0.000,0.000,0.000,0.000,0.000,0.000,0.000,0.000
12.7074,127,0,move,-1,12.7074,12.7178,0,0.000,-0.088,0.176,-0.176,-0.088,0.088,-0.264,-0.088,0.176,0.088,-50.801,34.453,-0.088,0.264,0.000,0.000,0.439,0.176,0.000,0.000,0.000,0.000,0.000,0.000,0.000,0.000,0.000,0.000,-51.143,34.557,0.000,0.000,0.000,0.000,0.000,0.000,0.000,0.0,11.30,31.0,0.000,0.000,0.000,0.000,0.000,0.000,0.000,0.000,0.000,0.000,0.000,0.000,0.000,0.000,0.000,0.000,0.000,0.000
12.8075,128,0,move,-1,12.8075,12.8190,0,0.000,-0.088,0.176,-0.176,-0.088,0.088,-0.264,-0.088,0.176,0.088,-50.801,34.453,-0.088,0.264,0.000,0.000,0.439,0.176,0.000,0.000,0.000,0.000,0.000,0.000,0.000,0.000,0.000,0.000,-51.143,34.557,0.000,0.000,0.000,0.000,0.000,0.000,0.013,3.2,11.30,28.0,0.000,0.000,0.000,0.000,0.000,0.000,0.006,0.000,0.000,0.000,0.006,0.000,0.000,0.013,0.000,0.000,0.006,0.000
12.9129,129,0,move,-1,12.9129,12.9627,0,0.000,-0.088,0.176,-0.176,-0.088,0.088,-0.264,-0.088,0.176,0.088,-50.801,34.453,-0.088,0.264,0.000,0.000,0.439,0.176,0.000,0.000,0.000,0.000,0.000,0.000,0.000,0.000,0.000,0.000,-51.143,34.557,0.000,0.000,0.000,0.000,0.000,0.000,0.013,3.2,11.30,28.0,0.000,0.000,0.006,0.000,0.000,0.000,0.006,0.000,0.000,0.000,0.000,0.000,0.000,0.013,0.000,0.000,0.013,0.006
13.0088,130,0,move,-1,13.0088,13.0248,0,0.000,-0.088,0.176,-0.176,-0.088,0.088,-0.264,-0.088,0.176,0.088,-50.801,34.453,-0.088,0.264,0.000,0.000,0.439,0.176,0.000,0.000,0.000,0.000,0.000,0.000,0.000,0.000,0.000,0.000,-51.143,34.557,0.000,0.000,0.000,0.000,0.000,0.000,0.013,3.2,11.30,28.0,0.000,0.000,0.006,0.000,0.000,0.000,0.006,0.000,0.000,0.000,0.000,0.000,0.000,0.013,0.000,0.000,0.013,0.006
13.1092,131,0,move,-1,13.1092,13.1159,0,0.000,-0.088,0.176,-0.176,-0.088,0.088,-0.264,-0.088,0.176,0.088,-50.801,34.453,-0.088,0.264,0.000,0.000,0.439,0.176,0.000,0.000,0.000,0.000,0.000,0.000,0.000,0.000,0.000,0.000,-51.143,34.557,0.000,0.000,0.000,0.000,0.000,0.000,0.013,3.2,11.30,28.0,0.000,0.000,0.006,0.000,0.000,0.000,0.000,0.000,0.006,0.000,0.006,0.000,0.000,0.013,0.000,0.000,0.006,0.000
13.2073,132,0,move,-1,13.2073,13.2188,0,0.000,-0.088,0.176,-0.176,-0.088,0.088,-0.264,-0.088,0.176,0.088,-50.801,34.453,-0.088,0.264,0.000,0.000,0.439,0.176,0.000,0.000,0.000,0.000,0.000,0.000,0.000,0.000,0.000,0.000,-51.143,34.557,0.000,0.000,0.000,0.000,0.000,0.000,0.013,4.8,11.30,31.0,0.000,0.000,0.006,0.006,0.000,0.000,0.006,0.000,0.000,0.000,0.000,0.000,0.000,0.006,0.000,0.000,0.013,0.000
13.3075,133,0,move,-1,13.3075,13.3220,0,0.000,-0.088,0.176,-0.176,-0.088,0.088,-0.264,-0.088,0.176,0.088,-50.801,34.453,-0.088,0.264,0.000,0.000,0.439,0.176,0.000,0.000,0.000,0.000,0.000,0.000,0.000,0.000,0.000,0.000,-51.143,34.557,0.000,0.000,0.000,0.000,0.000,0.000,0.013,3.2,11.30,28.0,0.000,0.000,0.000,0.000,0.000,0.000,0.006,0.000,0.000,0.000,0.006,0.000,0.000,0.013,0.000,0.000,0.013,0.000
13.4073,134,0,move,-1,13.4073,13.4174,0,0.000,-0.088,0.176,-0.176,-0.088,0.088,-0.264,-0.088,0.176,0.088,-50.801,34.453,-0.088,0.264,0.000,0.000,0.439,0.176,0.000,0.000,0.000,0.000,0.000,0.000,0.000,0.000,0.000,0.000,-51.143,34.557,0.000,0.000,0.000,0.000,0.000,0.000,0.013,3.2,11.30,28.0,0.000,0.000,0.000,0.000,0.000,0.000,0.006,0.000,0.000,0.000,0.006,0.000,0.000,0.013,0.000,0.000,0.013,0.000
13.5083,135,0,move,-1,13.5083,13.5220,0,0.000,-0.088,0.176,-0.176,-0.088,0.088,-0.264,-0.088,0.176,0.088,-50.801,34.453,-0.088,0.264,0.000,0.000,0.439,0.176,0.000,0.000,0.000,0.000,0.000,0.000,0.000,0.000,0.000,0.000,-51.143,34.557,0.000,0.000,0.000,0.000,0.000,0.000,0.006,2.4,11.30,32.0,0.000,0.000,0.006,0.000,0.000,0.000,0.006,0.000,0.000,0.000,0.006,0.000,0.000,0.006,0.000,0.000,0.006,0.000
13.6075,136,0,move,-1,13.6075,13.6578,0,0.000,-0.088,0.176,-0.176,-0.088,0.088,-0.264,-0.088,0.176,0.088,-50.801,34.453,-0.088,0.264,0.000,0.000,0.439,0.176,0.000,0.000,0.000,0.000,0.000,0.000,0.000,0.000,0.000,0.000,-51.143,34.557,0.000,0.000,0.000,0.000,0.000,0.000,0.013,4.8,11.30,31.0,0.000,0.000,0.000,0.000,0.000,0.000,0.006,0.000,0.000,0.000,0.013,0.000,0.000,0.006,0.000,0.000,0.006,0.006
13.7074,137,0,move,-1,13.7074,13.7185,0,0.000,-0.088,0.176,-0.176,-0.088,0.088,-0.264,-0.088,0.176,0.088,-50.801,34.453,-0.088,0.264,0.000,0.000,0.439,0.176,0.000,0.000,0.000,0.000,0.000,0.000,0.000,0.000,0.000,0.000,-51.143,34.557,0.000,0.000,0.000,0.000,0.000,0.000,0.013,4.8,11.30,31.0,0.000,0.000,0.000,0.000,0.000,0.000,0.006,0.000,0.000,0.000,0.013,0.000,0.000,0.006,0.000,0.000,0.006,0.006
13.8075,138,0,move,-1,13.8075,13.8202,0,0.000,-0.088,0.176,-0.176,-0.088,0.088,-0.264,-0.088,0.176,0.088,-50.801,34.453,-0.088,0.264,0.000,0.000,0.439,0.176,0.000,0.000,0.000,0.000,0.000,0.000,0.000,0.000,0.000,0.000,-51.143,34.557,0.000,0.000,0.000,0.000,0.000,0.000,0.013,4.8,11.30,31.0,0.000,0.000,0.000,0.000,0.000,0.000,0.006,0.000,0.000,0.000,0.006,0.000,0.000,0.006,0.000,0.000,0.013,0.000
13.9075,139,0,move,-1,13.9075,13.9188,0,0.000,-0.088,0.176,-0.176,-0.088,0.088,-0.264,-0.088,0.176,0.088,-50.801,34.453,-0.088,0.264,0.000,0.000,0.439,0.176,0.000,0.000,0.000,0.000,0.000,0.000,0.000,0.000,0.000,0.000,-51.143,34.557,0.000,0.000,0.000,0.000,0.000,0.000,0.013,4.8,11.30,31.0,0.000,0.000,0.000,0.000,0.000,0.000,0.006,0.000,0.000,0.000,0.006,0.000,0.000,0.006,0.000,0.000,0.013,0.000
14.0075,140,0,move,-1,14.0075,14.0195,0,0.000,-0.088,0.176,-0.176,-0.088,0.088,-0.264,-0.088,0.176,0.088,-50.801,34.453,-0.088,0.264,0.000,0.000,0.439,0.176,0.000,0.000,0.000,0.000,0.000,0.000,0.000,0.000,0.000,0.000,-51.045,34.512,0.000,0.000,0.000,0.000,0.000,0.000,0.006,2.4,11.30,32.0,0.000,0.000,0.006,0.000,0.000,0.000,0.006,0.000,0.000,0.000,0.000,0.000,0.000,0.006,0.000,0.000,0.006,0.006
14.1075,141,0,move,-1,14.1075,14.1194,0,0.000,-0.088,0.176,-0.176,-0.088,0.088,-0.264,-0.088,0.176,0.088,-50.801,34.453,-0.088,0.264,0.000,0.000,0.439,0.176,0.000,0.000,0.000,0.000,0.000,0.000,0.000,0.000,0.000,0.000,-50.765,34.384,0.000,0.000,0.000,0.000,0.000,0.000,0.006,2.4,11.30,32.0,0.000,0.000,0.006,0.000,0.000,0.000,0.006,0.000,0.000,0.000,0.000,0.000,0.000,0.006,0.000,0.000,0.006,0.006
14.2075,142,0,move,-1,14.2075,14.2192,0,0.000,-0.088,0.176,-0.176,-0.088,0.088,-0.264,-0.088,0.176,0.088,-50.801,34.453,-0.088,0.264,0.000,0.000,0.439,0.176,0.000,0.000,0.000,0.000,0.000,0.000,0.000,0.000,0.000,0.000,-50.327,34.182,0.000,0.000,0.000,0.000,0.000,0.000,0.000,0.0,11.30,32.0,0.000,0.000,0.000,0.000,0.000,0.000,0.000,0.000,0.000,0.000,0.000,0.000,0.000,0.000,0.000,0.000,0.000,0.000
14.3076,143,0,move,-1,14.3076,14.3182,0,0.000,-0.088,0.176,-0.176,-0.088,0.088,-0.264,-0.088,0.176,0.088,-50.625,34.189,-0.088,0.264,0.000,0.000,0.439,0.176,0.000,0.000,0.000,0.000,0.000,0.000,0.000,0.000,0.000,0.000,-49.772,33.924,0.000,0.000,0.000,0.000,0.000,0.000,0.000,0.0,11.30,32.0,0.000,0.000,0.000,0.000,0.000,0.000,0.000,0.000,0.000,0.000,0.000,0.000,0.000,0.000,0.000,0.000,0.000,0.000
14.4126,144,0,move,-1,14.4126,14.4581,0,0.000,-0.088,0.176,-0.176,-0.088,0.088,-0.264,-0.088,0.176,0.088,-50.010,33.926,-0.088,0.264,0.000,0.000,0.439,0.176,0.000,0.000,0.000,0.000,0.000,0.000,0.000,0.000,0.000,0.000,-49.154,33.634,0.000,0.000,0.000,0.000,0.000,0.000,0.013,4.8,11.30,31.0,0.000,0.000,0.000,0.006,0.000,0.000,0.000,0.000,0.000,0.000,0.000,0.000,0.000,0.006,0.000,0.000,0.013,0.006
14.5074,145,0,move,-1,14.5074,14.5193,0,0.000,-0.088,0.176,-0.176,-0.088,0.088,-0.264,-0.088,0.176,0.088,-49.922,33.750,-0.088,0.264,0.000,0.000,0.439,0.176,0.000,0.000,0.000,0.000,0.000,0.000,0.000,0.000,0.000,0.000,-48.535,33.340,0.000,0.000,0.000,0.000,0.000,0.000,0.013,4.8,11.30,31.0,0.000,0.000,0.000,0.006,0.000,0.000,0.000,0.000,0.000,0.000,0.000,0.000,0.000,0.006,0.000,0.000,0.013,0.006
14.6073,146,0,move,-1,14.6073,14.6196,0,0.000,-0.088,0.176,-0.176,-0.088,0.088,-0.264,-0.088,0.176,0.088,-49.043,33.311,-0.088,0.264,0.000,0.000,0.439,0.176,0.000,0.000,0.000,0.000,0.000,0.000,0.000,0.000,0.000,0.000,-47.971,33.071,0.000,0.000,0.000,0.000,0.000,0.000,0.013,4.8,11.30,31.0,0.000,0.000,0.000,0.000,0.000,0.000,0.006,0.000,0.000,0.000,0.000,0.006,0.000,0.006,0.000,0.000,0.013,0.006
14.7075,147,0,move,-1,14.7075,14.7196,0,0.000,-0.088,0.176,-0.176,-0.088,0.088,-0.264,-0.088,0.176,0.088,-48.428,33.223,-0.088,0.264,0.000,0.000,0.439,0.176,0.000,0.000,0.000,0.000,0.000,0.000,0.000,0.000,0.000,0.000,-47.522,32.856,0.000,0.000,0.000,0.000,0.000,0.000,0.013,4.8,11.30,31.0,0.000,0.000,0.000,0.000,0.000,0.000,0.006,0.000,0.000,0.000,0.000,0.006,0.000,0.006,0.000,0.000,0.013,0.006
14.8075,148,0,move,-1,14.8075,14.8180,0,0.000,-0.088,0.176,-0.176,-0.088,0.088,-0.264,-0.088,0.176,0.088,-47.900,32.959,-0.088,0.264,0.000,0.000,0.439,0.176,0.000,0.000,0.000,0.000,0.000,0.000,0.000,0.000,0.000,0.000,-47.233,32.716,0.000,0.000,0.000,0.000,0.000,0.000,0.006,2.4,11.30,32.0,0.000,0.000,0.000,0.006,0.000,0.000,0.006,0.000,0.000,0.000,0.006,0.006,0.000,0.006,0.000,0.000,0.006,0.000
14.9075,149,0,move,-1,14.9075,14.9196,0,0.000,-0.088,0.176,-0.176,-0.088,0.088,-0.264,-0.088,0.176,0.088,-47.373,32.783,-0.088,0.264,0.000,0.000,0.439,0.176,0.000,0.000,0.000,0.000,0.000,0.000,0.000,0.000,0.000,0.000,-47.133,32.667,0.000,0.000,0.000,0.000,0.000,0.000,0.013,3.2,11.30,28.0,0.000,0.000,0.000,0.000,0.000,0.000,0.006,0.000,0.006,0.000,0.000,0.006,0.000,0.013,0.000,0.000,0.006,0.000
15.0076,150,0,move,-1,15.0076,15.0191,0,0.000,-0.088,0.176,-0.176,-0.088,0.088,-0.264,-0.088,0.176,0.088,-47.373,32.783,-0.088,0.264,0.000,0.000,0.439,0.176,0.000,0.000,0.000,0.000,0.000,0.000,0.000,0.000,0.000,0.000,-47.133,32.667,0.000,0.000,0.000,0.000,0.000,0.000,0.013,3.2,11.30,28.0,0.000,0.000,0.000,0.000,0.000,0.000,0.006,0.000,0.006,0.000,0.000,0.006,0.000,0.013,0.000,0.000,0.006,0.000
15.1105,151,0,move,-1,15.1105,15.1584,0,0.000,-0.088,0.176,-0.176,-0.088,0.088,-0.264,-0.088,0.176,0.088,-47.285,32.695,-0.088,0.264,0.000,0.000,0.439,0.176,0.000,0.000,0.000,0.000,0.000,0.000,0.000,0.000,0.000,0.000,-47.133,32.667,0.000,0.000,0.000,0.000,0.000,0.000,0.013,3.2,11.30,28.0,0.000,0.000,0.000,0.000,0.000,0.000,0.006,0.000,0.006,0.000,0.000,0.000,0.000,0.013,0.000,0.000,0.006,0.000
15.2073,152,0,move,-1,15.2073,15.2188,0,0.000,-0.088,0.176,-0.176,-0.088,0.088,-0.264,-0.088,0.176,0.088,-47.285,32.695,-0.088,0.264,0.000,0.000,0.439,0.176,0.000,0.000,0.000,0.000,0.000,0.000,0.000,0.000,0.000,0.000,-47.133,32.667,0.000,0.000,0.000,0.000,0.000,0.000,0.013,3.2,11.30,28.0,0.000,0.000,0.000,0.000,0.000,0.000,0.006,0.000,0.006,0.000,0.000,0.000,0.000,0.013,0.000,0.000,0.006,0.000
15.3075,153,0,move,-1,15.3075,15.3203,0,0.000,-0.088,0.176,-0.176,-0.088,0.088,-0.264,-0.088,0.176,0.088,-47.285,32.695,-0.088,0.264,0.000,0.000,0.439,0.176,0.000,0.000,0.000,0.000,0.000,0.000,0.000,0.000,0.000,0.000,-47.133,32.667,0.000,0.000,0.000,0.000,0.000,0.000,0.013,3.2,11.30,28.0,0.000,0.000,0.000,0.006,0.000,0.000,0.000,0.000,0.000,0.000,0.000,0.000,0.000,0.013,0.000,0.000,0.006,0.000
15.4075,154,0,move,-1,15.4075,15.4181,0,0.000,-0.088,0.176,-0.176,-0.088,0.088,-0.264,-0.088,0.176,0.088,-47.285,32.695,-0.088,0.264,0.000,0.000,0.439,0.176,0.000,0.000,0.000,0.000,0.000,0.000,0.000,0.000,0.000,0.000,-47.133,32.667,0.000,0.000,0.000,0.000,0.000,0.000,0.013,3.2,11.30,28.0,0.000,0.000,0.000,0.006,0.000,0.000,0.000,0.000,0.000,0.000,0.000,0.000,0.000,0.013,0.000,0.000,0.006,0.000
15.5123,155,0,move,-1,15.5123,15.5597,0,0.000,-0.088,0.176,-0.176,-0.088,0.088,-0.264,-0.088,0.176,0.088,-47.285,32.695,-0.088,0.264,0.000,0.000,0.439,0.176,0.000,0.000,0.000,0.000,0.000,0.000,0.000,0.000,0.000,0.000,-47.133,32.667,0.000,0.000,0.000,0.000,0.000,0.000,0.006,3.2,11.30,32.0,0.000,0.000,0.000,0.000,0.000,0.000,0.006,0.000,0.000,0.000,0.006,0.000,0.000,0.006,0.000,0.000,0.006,0.000
15.6073,156,0,move,-1,15.6073,15.6197,0,0.000,-0.088,0.176,-0.176,-0.088,0.088,-0.264,-0.088,0.176,0.088,-47.285,32.695,-0.088,0.264,0.000,0.000,0.439,0.176,0.000,0.000,0.000,0.000,0.000,0.000,0.000,0.000,0.000,0.000,-47.133,32.667,0.000,0.000,0.000,0.000,0.000,0.000,0.006,3.2,11.30,32.0,0.000,0.000,0.000,0.000,0.000,0.000,0.006,0.000,0.000,0.000,0.006,0.000,0.000,0.006,0.000,0.000,0.006,0.000
15.7074,157,0,move,-1,15.7074,15.7217,0,0.000,-0.088,0.176,-0.176,-0.088,0.088,-0.264,-0.088,0.176,0.088,-47.285,32.695,-0.088,0.264,0.000,0.000,0.439,0.176,0.000,0.000,0.000,0.000,0.000,0.000,0.000,0.000,0.000,0.000,-47.133,32.667,0.000,0.000,0.000,0.000,0.000,0.000,0.000,0.0,11.30,31.0,0.000,0.000,0.000,0.000,0.000,0.000,0.000,0.000,0.000,0.000,0.000,0.000,0.000,0.000,0.000,0.000,0.000,0.000
15.8075,158,0,move,-1,15.8075,15.8200,0,0.000,-0.088,0.176,-0.176,-0.088,0.088,-0.264,-0.088,0.176,0.088,-47.285,32.695,-0.088,0.264,0.000,0.000,0.439,0.176,0.000,0.000,0.000,0.000,0.000,0.000,0.000,0.000,0.000,0.000,-47.133,32.667,0.000,0.000,0.000,0.000,0.000,0.000,0.000,0.0,11.30,31.0,0.000,0.000,0.000,0.000,0.000,0.000,0.000,0.000,0.000,0.000,0.000,0.000,0.000,0.000,0.000,0.000,0.000,0.000
15.9075,159,0,move,-1,15.9075,15.9175,0,0.000,-0.088,0.176,-0.176,-0.088,0.088,-0.264,-0.088,0.176,0.088,-47.285,32.695,-0.088,0.264,0.000,0.000,0.439,0.176,0.000,0.000,0.000,0.000,0.000,0.000,0.000,0.000,0.000,0.000,-47.133,32.667,0.000,0.000,0.000,0.000,0.000,0.000,0.013,3.2,11.30,28.0,0.000,0.000,0.000,0.006,0.000,0.000,0.006,0.000,0.006,0.000,0.000,0.000,0.000,0.013,0.000,0.000,0.006,0.000
16.0074,160,0,move,-1,16.0074,16.0217,0,0.000,-0.088,0.176,-0.176,-0.088,0.088,-0.264,-0.088,0.176,0.088,-47.285,32.695,-0.088,0.264,0.000,0.000,0.439,0.176,0.000,0.000,0.000,0.000,0.000,0.000,0.000,0.000,0.000,0.000,-47.133,32.667,0.000,0.000,0.000,0.000,0.000,0.000,0.006,2.4,11.30,32.0,0.000,0.000,0.000,0.006,0.000,0.000,0.006,0.000,0.000,0.000,0.000,0.000,0.000,0.006,0.000,0.000,0.006,0.000
16.1073,161,0,move,-1,16.1073,16.1157,0,0.000,-0.088,0.176,-0.176,-0.088,0.088,-0.264,-0.088,0.176,0.088,-47.285,32.695,-0.088,0.264,0.000,0.000,0.439,0.176,0.000,0.000,0.000,0.000,0.000,0.000,0.000,0.000,0.000,0.000,-47.133,32.667,0.000,0.000,0.000,0.000,0.000,0.000,0.006,2.4,11.30,32.0,0.000,0.000,0.000,0.006,0.000,0.000,0.006,0.000,0.000,0.000,0.000,0.000,0.000,0.006,0.000,0.000,0.006,0.000
16.2073,162,0,move,-1,16.2073,16.2178,0,0.000,-0.088,0.176,-0.176,-0.088,0.088,-0.264,-0.088,0.176,0.088,-47.285,32.695,-0.088,0.264,0.000,0.000,0.439,0.176,0.000,0.000,0.000,0.000,0.000,0.000,0.000,0.000,0.000,0.000,-47.133,32.667,0.000,0.000,0.000,0.000,0.000,0.000,0.013,3.2,11.30,28.0,0.000,0.000,0.000,0.006,0.000,0.000,0.006,0.000,0.006,0.000,0.006,0.000,0.000,0.013,0.000,0.000,0.006,0.000
16.3073,163,0,move,-1,16.3073,16.3135,0,0.000,-0.088,0.176,-0.176,-0.088,0.088,-0.264,-0.088,0.176,0.088,-47.285,32.695,-0.088,0.264,0.000,0.000,0.439,0.176,0.000,0.000,0.000,0.000,0.000,0.000,0.000,0.000,0.000,0.000,-47.133,32.667,0.000,0.000,0.000,0.000,0.000,0.000,0.013,3.2,11.30,28.0,0.000,0.000,0.000,0.006,0.000,0.000,0.006,0.000,0.006,0.000,0.006,0.000,0.000,0.013,0.000,0.000,0.006,0.000
16.4126,164,0,move,-1,16.4126,16.4409,0,0.000,-0.088,0.176,-0.176,-0.088,0.088,-0.264,-0.088,0.176,0.088,-47.285,32.695,-0.088,0.264,0.000,0.000,0.439,0.176,0.000,0.000,0.000,0.000,0.000,0.000,0.000,0.000,0.000,0.000,-47.133,32.667,0.000,0.000,0.000,0.000,0.000,0.000,0.013,3.2,11.30,28.0,,0.000,0.006,0.006,0.000,0.000,0.006,0.000,0.006,0.000,0.000,0.000,0.000,0.013,0.000,0.000,0.013,0.006
16.5098,165,0,move,-1,16.5098,16.5297,0,0.000,-0.088,0.176,-0.176,-0.088,0.088,-0.264,-0.088,0.176,0.088,-47.285,32.695,-0.088,0.264,0.000,0.000,0.439,0.176,0.000,0.000,0.000,0.000,0.000,0.000,0.000,0.000,0.000,0.000,-47.133,32.667,0.000,0.000,0.000,0.000,0.000,0.000,0.013,3.2,11.30,28.0,,0.000,0.006,0.006,0.000,0.000,0.006,0.000,0.006,0.000,0.000,0.000,0.000,0.013,0.000,0.000,0.013,0.006
16.6075,166,0,move,-1,16.6075,16.6202,0,0.000,-0.088,0.176,-0.176,-0.088,0.088,-0.264,-0.088,0.176,0.088,-47.285,32.695,-0.088,0.264,0.000,0.000,0.439,0.176,0.000,0.000,0.000,0.000,0.000,0.000,0.000,0.000,0.000,0.000,-47.133,32.667,0.000,0.000,0.000,0.000,0.000,0.000,0.013,3.2,11.30,28.0,0.000,0.000,0.000,0.000,0.000,0.000,0.006,0.000,0.000,0.000,0.006,0.000,0.000,0.013,0.000,0.000,0.006,0.000
16.7075,167,0,move,-1,16.7075,16.7190,0,0.000,-0.088,0.176,-0.176,-0.088,0.088,-0.264,-0.088,0.176,0.088,-47.285,32.695,-0.088,0.264,0.000,0.000,0.439,0.176,0.000,0.000,0.000,0.000,0.000,0.000,0.000,0.000,0.000,0.000,-47.133,32.667,0.000,0.000,0.000,0.000,0.000,0.000,0.013,3.2,11.30,28.0,0.000,0.000,0.000,0.000,0.000,0.000,0.006,0.000,0.000,0.000,0.006,0.000,0.000,0.013,0.000,0.000,0.006,0.000
16.8073,168,0,move,-1,16.8073,16.8179,0,0.000,-0.088,0.176,-0.176,-0.088,0.088,-0.264,-0.088,0.176,0.088,-47.285,32.695,-0.088,0.264,0.000,0.000,0.439,0.176,0.000,0.000,0.000,0.000,0.000,0.000,0.000,0.000,0.000,0.000,-47.133,32.667,0.000,0.000,0.000,0.000,0.000,0.000,0.013,3.2,11.30,28.0,0.000,0.000,0.000,0.000,0.000,0.000,0.006,0.000,0.000,0.000,0.006,0.000,0.000,0.013,0.000,0.000,0.013,0.000
16.9075,169,0,move,-1,16.9075,16.9212,0,0.000,-0.088,0.176,-0.176,-0.088,0.088,-0.264,-0.088,0.176,0.088,-47.285,32.695,-0.088,0.264,0.000,0.000,0.439,0.176,0.000,0.000,0.000,0.000,0.000,0.000,0.000,0.000,0.000,0.000,-47.133,32.667,0.000,0.000,0.000,0.000,0.000,0.000,0.013,4.8,11.30,31.0,0.000,0.000,0.000,0.006,0.000,0.000,0.006,0.000,0.000,0.000,0.000,0.000,0.000,0.006,0.000,0.000,0.013,0.006
17.0075,170,0,move,-1,17.0075,17.0194,0,0.000,-0.088,0.176,-0.176,-0.088,0.088,-0.264,-0.088,0.176,0.088,-47.285,32.695,-0.088,0.264,0.000,0.000,0.439,0.176,0.000,0.000,0.000,0.000,0.000,0.000,0.000,0.000,0.000,0.000,-47.133,32.667,0.000,0.000,0.000,0.000,0.000,0.000,0.013,4.8,11.30,31.0,0.000,0.000,0.000,0.006,0.000,0.000,0.006,0.000,0.000,0.000,0.000,0.000,0.000,0.006,0.000,0.000,0.013,0.006
17.1073,171,0,move,-1,17.1073,17.1209,0,0.000,-0.088,0.176,-0.176,-0.088,0.088,-0.264,-0.088,0.176,0.088,-47.285,32.695,-0.088,0.264,0.000,0.000,0.439,0.176,0.000,0.000,0.000,0.000,0.000,0.000,0.000,0.000,0.000,0.000,-47.133,32.667,0.000,0.000,0.000,0.000,0.000,0.000,0.006,2.4,11.30,32.0,0.000,0.000,0.000,0.006,0.000,0.000,0.000,0.000,0.000,0.000,0.000,0.000,0.000,0.006,0.000,0.000,0.006,0.006
17.2074,172,0,move,-1,17.2074,17.2205,0,0.000,-0.088,0.176,-0.176,-0.088,0.088,-0.264,-0.088,0.176,0.088,-47.285,32.695,-0.088,0.264,0.000,0.000,0.439,0.176,0.000,0.000,0.000,0.000,0.000,0.000,0.000,0.000,0.000,0.000,-47.133,32.667,0.000,0.000,0.000,0.000,0.000,0.000,0.006,2.4,11.30,32.0,0.000,0.000,0.000,0.006,0.000,0.000,0.000,0.000,0.000,0.000,0.000,0.000,0.000,0.006,0.000,0.000,0.006,0.006
17.3075,173,0,move,-1,17.3075,17.3181,0,0.000,-0.088,0.176,-0.176,-0.088,0.088,-0.264,-0.088,0.176,0.088,-47.285,32.695,-0.088,0.264,0.000,0.000,0.439,0.176,0.000,0.000,0.000,0.000,0.000,0.000,0.000,0.000,0.000,0.000,-47.133,32.667,0.000,0.000,0.000,0.000,0.000,0.000,0.006,2.4,11.30,32.0,0.000,0.000,0.000,0.006,0.000,0.000,0.006,0.000,0.000,0.000,0.000,0.000,0.000,0.006,0.000,0.000,0.006,0.000
17.4075,174,0,move,-1,17.4075,17.4198,0,0.000,-0.088,0.176,-0.176,-0.088,0.088,-0.264,-0.088,0.176,0.088,-47.285,32.695,-0.088,0.264,0.000,0.000,0.439,0.176,0.000,0.000,0.000,0.000,0.000,0.000,0.000,0.000,0.000,0.000,-47.133,32.667,0.000,0.000,0.000,0.000,0.000,0.000,0.013,4.8,11.30,31.0,0.000,0.000,0.006,0.000,0.000,0.000,0.000,0.000,0.006,0.000,0.006,0.000,0.000,0.006,0.000,0.000,0.013,0.000
17.5125,175,0,move,-1,17.5125,17.5408,0,0.000,-0.088,0.176,-0.176,-0.088,0.088,-0.264,-0.088,0.176,0.088,-47.285,32.695,-0.088,0.264,0.000,0.000,0.439,0.176,0.000,0.000,0.000,0.000,0.000,0.000,0.000,0.000,0.000,0.000,-47.133,32.667,0.000,0.000,0.000,0.000,0.000,0.000,0.013,3.2,11.30,28.0,0.000,0.000,0.006,0.000,0.000,0.000,0.000,0.000,0.000,0.000,0.000,0.000,0.000,0.013,0.000,0.000,0.013,0.000
17.6074,176,0,move,-1,17.6074,17.6180,0,0.000,-0.088,0.176,-0.176,-0.088,0.088,-0.264,-0.088,0.176,0.088,-47.285,32.695,-0.088,0.264,0.000,0.000,0.439,0.176,0.000,0.000,0.000,0.000,0.000,0.000,0.000,0.000,0.000,0.000,-47.133,32.667,0.000,0.000,0.000,0.000,0.000,0.000,0.013,3.2,11.30,28.0,0.000,0.000,0.006,0.000,0.000,0.000,0.000,0.000,0.000,0.000,0.000,0.000,0.000,0.013,0.000,0.000,0.013,0.000
17.7238,177,0,move,-1,17.7238,17.7494,0,0.000,-0.088,0.176,-0.176,-0.088,0.088,-0.264,-0.088,0.176,0.088,-47.285,32.695,-0.088,0.264,0.000,0.000,0.439,0.176,0.000,0.000,0.000,0.000,0.000,0.000,0.000,0.000,0.000,0.000,-47.133,32.667,0.000,0.000,0.000,0.000,0.000,0.000,0.013,3.2,11.30,28.0,0.000,0.000,0.000,0.000,0.000,0.000,0.006,0.000,0.000,0.000,0.000,0.000,0.000,0.013,0.000,0.000,0.006,0.006
17.8075,178,0,move,-1,17.8075,17.8185,0,0.000,-0.088,0.176,-0.176,-0.088,0.088,-0.264,-0.088,0.176,0.088,-47.285,32.695,-0.088,0.264,0.000,0.000,0.439,0.176,0.000,0.000,0.000,0.000,0.000,0.000,0.000,0.000,0.000,0.000,-47.133,32.667,0.000,0.000,0.000,0.000,0.000,0.000,0.013,3.2,11.30,28.0,0.000,0.000,0.000,0.000,0.000,0.000,0.006,0.000,0.000,0.000,0.000,0.000,0.000,0.013,0.000,0.000,0.006,0.006
17.9074,179,0,move,-1,17.9074,17.9131,0,0.000,-0.088,0.176,-0.176,-0.088,0.088,-0.264,-0.088,0.176,0.088,-47.285,32.695,-0.088,0.264,0.000,0.000,0.439,0.176,0.000,0.000,0.000,0.000,0.000,0.000,0.000,0.000,0.000,0.000,-47.133,32.667,0.000,0.000,0.000,0.000,0.000,0.000,0.006,3.2,11.30,32.0,0.000,0.000,0.000,0.000,0.000,0.000,0.006,0.000,0.000,0.000,0.000,0.000,0.000,0.006,0.000,0.000,0.006,0.000
18.0073,180,0,move,-1,18.0073,18.0290,0,0.000,-0.088,0.176,-0.176,-0.088,0.088,-0.264,-0.088,0.176,0.088,-47.285,32.695,-0.088,0.264,0.000,0.000,0.439,0.176,0.000,0.000,0.000,0.000,0.000,0.000,0.000,0.000,0.000,0.000,-47.033,32.619,0.000,0.000,0.000,0.000,0.000,0.000,0.006,2.4,11.30,32.0,0.000,0.000,0.000,0.006,0.000,0.000,0.000,0.000,0.000,0.000,0.000,0.000,0.000,0.006,0.000,0.000,0.006,0.006
18.1075,181,0,move,-1,18.1075,18.1185,0,0.000,-0.088,0.176,-0.176,-0.088,0.088,-0.264,-0.088,0.176,0.088,-47.285,32.695,-0.088,0.264,0.000,0.000,0.439,0.176,0.000,0.000,0.000,0.000,0.000,0.000,0.000,0.000,0.000,0.000,-46.742,32.477,0.000,0.000,0.000,0.000,0.000,0.000,0.006,2.4,11.30,32.0,0.000,0.000,0.000,0.006,0.000,0.000,0.000,0.000,0.000,0.000,0.000,0.000,0.000,0.006,0.000,0.000,0.006,0.006
18.2073,182,0,move,-1,18.2073,18.2200,0,0.000,-0.088,0.176,-0.176,-0.088,0.088,-0.264,-0.088,0.176,0.088,-46.934,32.695,-0.088,0.264,0.000,0.000,0.439,0.176,0.000,0.000,0.000,0.000,0.000,0.000,0.000,0.000,0.000,0.000,-46.288,32.255,0.000,0.000,0.000,0.000,0.000,0.000,0.006,2.4,11.30,32.0,0.000,0.000,0.000,0.006,0.000,0.000,0.006,0.000,0.006,0.000,0.000,0.006,0.000,0.006,0.000,0.000,0.006,0.000
18.3075,183,0,move,-1,18.3075,18.3177,0,0.000,-0.088,0.176,-0.176,-0.088,0.088,-0.264,-0.088,0.176,0.088,-46.758,32.256,-0.088,0.264,0.000,0.000,0.439,0.176,0.000,0.000,0.000,0.000,0.000,0.000,0.000,0.000,0.000,0.000,-45.712,31.972,0.000,0.000,0.000,0.000,0.000,0.000,0.006,2.4,11.30,32.0,0.000,0.000,0.000,0.006,0.000,0.000,0.006,0.000,0.006,0.000,0.000,0.006,0.000,0.006,0.000,0.000,0.006,0.000
18.4075,184,0,move,-1,18.4075,18.4198,0,0.000,-0.088,0.176,-0.176,-0.088,0.088,-0.264,-0.088,0.176,0.088,-46.055,31.992,-0.088,0.264,0.000,0.000,0.439,0.176,0.000,0.000,0.000,0.000,0.000,0.000,0.000,0.000,0.000,0.000,-45.069,31.653,0.000,0.000,0.000,0.000,0.000,0.000,0.013,3.2,11.30,28.0,0.000,0.000,0.006,0.000,0.000,0.000,0.006,0.000,0.000,0.000,0.000,0.000,0.000,0.013,0.000,0.000,0.006,0.000
18.5074,185,0,move,-1,18.5074,18.5217,0,0.000,-0.088,0.176,-0.176,-0.088,0.088,-0.264,-0.088,0.176,0.088,-45.527,31.553,-0.088,0.264,0.000,0.000,0.439,0.176,0.000,0.000,0.000,0.000,0.000,0.000,0.000,0.000,0.000,0.000,-44.421,31.329,0.000,0.000,0.000,0.000,0.000,0.000,0.013,3.2,11.30,28.0,0.000,0.000,0.000,0.000,0.000,0.000,0.006,0.000,0.006,0.000,0.006,0.006,0.000,0.013,0.000,0.000,0.006,0.000
18.6075,186,0,move,-1,18.6075,18.6217,0,0.000,-0.088,0.176,-0.176,-0.088,0.088,-0.264,-0.088,0.176,0.088,-44.824,31.377,-0.088,0.264,0.000,0.000,0.439,0.176,0.000,0.000,0.000,0.000,0.000,0.000,0.000,0.000,0.000,0.000,-43.833,31.033,0.000,0.000,0.000,0.000,0.000,0.000,0.013,3.2,11.30,28.0,0.000,0.000,0.000,0.006,0.000,0.000,0.006,0.000,0.000,0.000,0.000,0.006,0.000,0.013,0.000,0.000,0.006,0.006
18.7075,187,0,move,-1,18.7075,18.7192,0,0.000,-0.088,0.176,-0.176,-0.088,0.088,-0.264,-0.088,0.176,0.088,-44.209,31.025,-0.088,0.264,0.000,0.000,0.439,0.176,0.000,0.000,0.000,0.000,0.000,0.000,0.000,0.000,0.000,0.000,-43.362,30.795,0.000,0.000,0.000,0.000,0.000,0.000,0.013,3.2,11.30,28.0,0.000,0.000,0.000,0.006,0.000,0.000,0.006,0.000,0.000,0.000,0.000,0.006,0.000,0.013,0.000,0.000,0.006,0.006
18.8073,188,0,move,-1,18.8073,18.8197,0,0.000,-0.088,0.176,-0.176,-0.088,0.088,-0.264,-0.088,0.176,0.088,-43.682,30.850,-0.088,0.264,0.000,0.000,0.439,0.176,0.000,0.000,0.000,0.000,0.000,0.000,0.000,0.000,0.000,0.000,-43.059,30.640,0.000,0.000,0.000,0.000,0.000,0.000,0.013,3.2,11.30,28.0,0.000,0.000,0.000,0.000,0.000,0.000,0.006,0.000,0.000,0.000,0.000,0.000,0.000,0.013,0.000,0.000,0.006,0.000
18.9073,189,0,move,-1,18.9073,18.9186,0,0.000,-0.088,0.176,-0.176,-0.088,0.088,-0.264,-0.088,0.176,0.088,-43.154,30.674,-0.088,0.264,0.000,0.000,0.439,0.176,0.000,0.000,0.000,0.000,0.000,0.000,0.000,0.000,0.000,0.000,-42.955,30.587,0.000,0.000,0.000,0.000,0.000,0.000,0.013,3.2,11.30,28.0,0.000,0.000,0.000,0.000,0.000,0.000,0.006,0.000,0.000,0.000,0.000,0.000,0.000,0.013,0.000,0.000,0.006,0.000
19.0094,190,0,move,-1,19.0094,19.1361,0,0.000,-0.088,0.176,-0.176,-0.088,0.088,-0.264,-0.088,0.176,0.088,-43.154,30.674,-0.088,0.264,0.000,0.000,0.439,0.176,0.000,0.000,0.000,0.000,0.000,0.000,0.000,0.000,0.000,0.000,-42.955,30.587,0.000,0.000,0.000,0.000,0.000,0.000,0.013,3.2,11.30,28.0,0.000,0.000,0.000,0.000,0.000,0.000,0.006,0.000,0.000,0.000,0.006,0.000,0.000,0.013,0.000,0.000,0.006,0.000
19.1484,191,0,move,-1,19.1484,19.1612,0,0.000,-0.088,0.176,-0.176,-0.088,0.088,-0.264,-0.088,0.176,0.088,-43.154,30.674,-0.088,0.264,0.000,0.000,0.439,0.176,0.000,0.000,0.000,0.000,0.000,0.000,0.000,0.000,0.000,0.000,-42.955,30.587,0.000,0.000,0.000,0.000,0.000,0.000,0.013,3.2,11.30,28.0,0.000,0.000,0.000,0.000,0.000,0.000,0.006,0.000,0.000,0.000,0.006,0.000,0.000,0.013,0.000,0.000,0.006,0.000
19.2074,192,0,move,-1,19.2074,19.2303,0,0.000,-0.088,0.176,-0.176,-0.088,0.088,-0.264,-0.088,0.176,0.088,-43.154,30.674,-0.088,0.264,0.000,0.000,0.439,0.176,0.000,0.000,0.000,0.000,0.000,0.000,0.000,0.000,0.000,0.000,-42.955,30.587,0.000,0.000,0.000,0.000,0.000,0.000,0.013,3.2,11.30,28.0,0.000,0.000,0.000,0.000,0.000,0.000,0.006,0.000,0.000,0.000,0.006,0.000,0.000,0.013,0.000,0.000,0.006,0.000
19.3073,193,0,move,-1,19.3073,19.3427,0,0.000,-0.088,0.176,-0.176,-0.088,0.088,-0.264,-0.088,0.176,0.088,-43.154,30.674,-0.088,0.264,0.000,0.000,0.439,0.176,0.000,0.000,0.000,0.000,0.000,0.000,0.000,0.000,0.000,0.000,-42.955,30.587,0.000,0.000,0.000,0.000,0.000,0.000,0.013,3.2,11.30,28.0,0.000,0.000,0.000,0.000,0.000,0.000,0.006,0.000,0.000,0.000,0.000,0.000,0.000,0.013,0.000,0.000,0.006,0.006
19.4074,194,0,move,-1,19.4074,19.4170,0,0.000,-0.088,0.176,-0.176,-0.088,0.088,-0.264,-0.088,0.176,0.088,-43.154,30.674,-0.088,0.264,0.000,0.000,0.439,0.176,0.000,0.000,0.000,0.000,0.000,0.000,0.000,0.000,0.000,0.000,-42.955,30.587,0.000,0.000,0.000,0.000,0.000,0.000,0.013,3.2,11.30,28.0,0.000,0.000,0.000,0.000,0.000,0.000,0.006,0.000,0.000,0.000,0.000,0.000,0.000,0.013,0.000,0.000,0.006,0.006
19.5100,195,0,move,-1,19.5100,19.5159,0,0.000,-0.088,0.176,-0.176,-0.088,0.088,-0.264,-0.088,0.176,0.088,-43.154,30.674,-0.088,0.264,0.000,0.000,0.439,0.176,0.000,0.000,0.000,0.000,0.000,0.000,0.000,0.000,0.000,0.000,-42.955,30.587,0.000,0.000,0.000,0.000,0.000,0.000,0.013,3.2,11.30,28.0,0.000,0.000,0.000,0.006,0.000,0.000,0.006,0.000,0.006,0.000,0.000,0.000,0.000,0.013,0.000,0.000,0.013,0.000
19.6075,196,0,move,-1,19.6075,19.6176,0,0.000,-0.088,0.176,-0.176,-0.088,0.088,-0.264,-0.088,0.176,0.088,-43.154,30.674,-0.088,0.264,0.000,0.000,0.439,0.176,0.000,0.000,0.000,0.000,0.000,0.000,0.000,0.000,0.000,0.000,-42.955,30.587,0.000,0.000,0.000,0.000,0.000,0.000,0.006,3.2,11.30,32.0,0.000,0.000,0.000,0.000,0.000,0.000,0.006,0.000,0.000,0.000,0.000,0.000,0.000,0.006,0.000,0.000,0.006,0.000
19.7074,197,0,move,-1,19.7074,19.7197,0,0.000,-0.088,0.176,-0.176,-0.088,0.088,-0.264,-0.088,0.176,0.088,-43.154,30.674,-0.088,0.264,0.000,0.000,0.439,0.176,0.000,0.000,0.000,0.000,0.000,0.000,0.000,0.000,0.000,0.000,-42.955,30.587,0.000,0.000,0.000,0.000,0.000,0.000,0.006,2.4,11.30,32.0,0.000,0.000,0.000,0.006,0.000,0.000,0.006,0.000,0.000,0.000,0.006,0.000,0.000,0.006,0.000,0.000,0.006,0.000
19.8074,198,0,move,-1,19.8074,19.8186,0,0.000,-0.088,0.176,-0.176,-0.088,0.088,-0.264,-0.088,0.176,0.088,-43.154,30.674,-0.088,0.264,0.000,0.000,0.439,0.176,0.000,0.000,0.000,0.000,0.000,0.000,0.000,0.000,0.000,0.000,-42.955,30.587,0.000,0.000,0.000,0.000,0.000,0.000,0.006,2.4,11.30,32.0,0.000,0.000,0.000,0.006,0.000,0.000,0.006,0.000,0.000,0.000,0.006,0.000,0.000,0.006,0.000,0.000,0.006,0.000
19.9075,199,0,move,-1,19.9075,19.9196,0,0.000,-0.088,0.176,-0.176,-0.088,0.088,-0.264,-0.088,0.176,0.088,-43.154,30.674,-0.088,0.264,0.000,0.000,0.439,0.176,0.000,0.000,0.000,0.000,0.000,0.000,0.000,0.000,0.000,0.000,-42.955,30.587,0.000,0.000,0.000,0.000,0.000,0.000,0.013,3.2,11.30,28.0,0.000,0.000,0.000,0.006,0.000,0.000,0.006,0.000,0.006,0.000,0.000,0.000,0.000,0.013,0.000,0.000,0.006,0.000
20.0075,200,0,move,-1,20.0075,20.0210,0,0.000,-0.088,0.176,-0.176,-0.088,0.088,-0.264,-0.088,0.176,0.088,-43.154,30.674,-0.088,0.264,0.000,0.000,0.439,0.176,0.000,0.000,0.000,0.000,0.000,0.000,0.000,0.000,0.000,0.000,-42.955,30.587,0.000,0.000,0.000,0.000,0.000,0.000,0.006,3.2,11.20,32.0,0.000,0.000,0.000,0.000,0.000,0.000,0.006,0.000,0.000,0.000,0.000,0.000,0.000,0.006,0.000,0.000,0.006,0.000
20.1074,201,0,move,-1,20.1074,20.1217,0,0.000,-0.088,0.176,-0.176,-0.088,0.088,-0.264,-0.088,0.176,0.088,-43.154,30.674,-0.088,0.264,0.000,0.000,0.439,0.176,0.000,0.000,0.000,0.000,0.000,0.000,0.000,0.000,0.000,0.000,-42.955,30.587,0.000,0.000,0.000,0.000,0.000,0.000,0.013,3.2,11.30,28.0,0.000,0.000,0.006,0.000,0.000,0.000,0.006,0.000,0.000,0.000,0.000,0.000,0.000,0.013,0.000,0.000,0.006,0.006
20.2074,202,0,move,-1,20.2074,20.2238,0,0.000,-0.088,0.176,-0.176,-0.088,0.088,-0.264,-0.088,0.176,0.088,-43.154,30.674,-0.088,0.264,0.000,0.000,0.439,0.176,0.000,0.000,0.000,0.000,0.000,0.000,0.000,0.000,0.000,0.000,-42.955,30.587,0.000,0.000,0.000,0.000,0.000,0.000,0.013,3.2,11.30,28.0,0.000,0.000,0.000,0.006,0.000,0.000,0.006,0.000,0.000,0.000,0.000,0.000,0.000,0.013,0.000,0.000,0.006,0.006
20.3075,203,0,move,-1,20.3075,20.3198,0,0.000,-0.088,0.176,-0.176,-0.088,0.088,-0.264,-0.088,0.176,0.088,-43.154,30.674,-0.088,0.264,0.000,0.000,0.439,0.176,0.000,0.000,0.000,0.000,0.000,0.000,0.000,0.000,0.000,0.000,-42.955,30.587,0.000,0.000,0.000,0.000,0.000,0.000,0.013,3.2,11.30,28.0,0.000,0.000,0.000,0.006,0.000,0.000,0.006,0.000,0.000,0.000,0.000,0.000,0.000,0.013,0.000,0.000,0.006,0.006
20.4074,204,0,move,-1,20.4074,20.4185,0,0.000,-0.088,0.176,-0.176,-0.088,0.088,-0.264,-0.088,0.176,0.088,-43.154,30.674,-0.088,0.264,0.000,0.000,0.439,0.176,0.000,0.000,0.000,0.000,0.000,0.000,0.000,0.000,0.000,0.000,-42.955,30.587,0.000,0.000,0.000,0.000,0.000,0.000,0.013,3.2,11.30,28.0,0.000,0.000,0.000,0.006,0.000,0.000,0.006,0.000,0.000,0.000,0.000,0.000,0.000,0.013,0.000,0.000,0.006,0.000
20.5073,205,0,move,-1,20.5073,20.5173,0,0.000,-0.088,0.176,-0.176,-0.088,0.088,-0.264,-0.088,0.176,0.088,-43.154,30.674,-0.088,0.264,0.000,0.000,0.439,0.176,0.000,0.000,0.000,0.000,0.000,0.000,0.000,0.000,0.000,0.000,-42.955,30.587,0.000,0.000,0.000,0.000,0.000,0.000,0.013,3.2,11.30,28.0,0.000,0.000,0.000,0.006,0.000,0.000,0.006,0.000,0.000,0.000,0.000,0.000,0.000,0.013,0.000,0.000,0.006,0.000
20.6074,206,0,move,-1,20.6074,20.6182,0,0.000,-0.088,0.176,-0.176,-0.088,0.088,-0.264,-0.088,0.176,0.088,-43.154,30.674,-0.088,0.264,0.000,0.000,0.439,0.176,0.000,0.000,0.000,0.000,0.000,0.000,0.000,0.000,0.000,0.000,-42.955,30.587,0.000,0.000,0.000,0.000,0.000,0.000,0.013,3.2,11.30,28.0,0.000,0.000,0.000,0.000,0.000,0.000,0.006,0.000,0.000,0.000,0.000,0.000,0.000,0.013,0.000,0.000,0.006,0.000
20.7091,207,0,move,-1,20.7091,20.7394,0,0.000,-0.088,0.176,-0.176,-0.088,0.088,-0.264,-0.088,0.176,0.088,-43.154,30.674,-0.088,0.264,0.000,0.000,0.439,0.176,0.000,0.000,0.000,0.000,0.000,0.000,0.000,0.000,0.000,0.000,-42.955,30.587,0.000,0.000,0.000,0.000,0.000,0.000,0.006,2.4,11.30,32.0,0.000,0.000,0.000,0.006,0.000,0.000,0.006,0.000,0.006,0.000,0.000,0.000,0.000,0.006,0.000,0.000,0.006,0.000
20.8074,208,0,move,-1,20.8074,20.8200,0,0.000,-0.088,0.176,-0.176,-0.088,0.088,-0.264,-0.088,0.176,0.088,-43.154,30.674,-0.088,0.264,0.000,0.000,0.439,0.176,0.000,0.000,0.000,0.000,0.000,0.000,0.000,0.000,0.000,0.000,-42.955,30.587,0.000,0.000,0.000,0.000,0.000,0.000,0.006,2.4,11.30,32.0,0.000,0.000,0.000,0.006,0.000,0.000,0.006,0.000,0.006,0.000,0.000,0.000,0.000,0.006,0.000,0.000,0.006,0.000
20.9075,209,0,move,-1,20.9075,20.9178,0,0.000,-0.088,0.176,-0.176,-0.088,0.088,-0.264,-0.088,0.176,0.088,-43.154,30.674,-0.088,0.264,0.000,0.000,0.439,0.176,0.000,0.000,0.000,0.000,0.000,0.000,0.000,0.000,0.000,0.000,-42.955,30.587,0.000,0.000,0.000,0.000,0.000,0.000,0.013,3.2,11.30,28.0,0.000,0.000,0.000,0.006,0.000,0.000,0.006,0.000,0.006,0.000,0.000,0.000,0.000,0.013,0.000,0.000,0.006,0.006
21.0075,210,0,move,-1,21.0075,21.0296,0,0.000,-0.088,0.176,-0.176,-0.088,0.088,-0.264,-0.088,0.176,0.088,-43.154,30.674,-0.088,0.264,0.000,0.000,0.439,0.176,0.000,0.000,0.000,0.000,0.000,0.000,0.000,0.000,0.000,0.000,-42.955,30.587,0.000,0.000,0.000,0.000,0.000,0.000,0.013,3.2,11.30,28.0,0.000,0.000,0.000,0.006,0.000,0.000,0.006,0.000,0.000,0.000,0.006,0.000,0.000,0.013,0.000,0.000,0.006,0.006
21.1077,211,0,move,-1,21.1077,21.1217,0,0.000,-0.088,0.176,-0.176,-0.088,0.088,-0.264,-0.088,0.176,0.088,-43.154,30.674,-0.088,0.264,0.000,0.000,0.439,0.176,0.000,0.000,0.000,0.000,0.000,0.000,0.000,0.000,0.000,0.000,-42.955,30.587,0.000,0.000,0.000,0.000,0.000,0.000,0.013,3.2,11.30,28.0,0.000,0.000,0.000,0.006,0.000,0.000,0.006,0.000,0.000,0.000,0.006,0.000,0.000,0.013,0.000,0.000,0.006,0.006
21.2075,212,0,move,-1,21.2075,21.2192,0,0.000,-0.088,0.176,-0.176,-0.088,0.088,-0.264,-0.088,0.176,0.088,-43.154,30.674,-0.088,0.264,0.000,0.000,0.439,0.176,0.000,0.000,0.000,0.000,0.000,0.000,0.000,0.000,0.000,0.000,-42.955,30.587,0.000,0.000,0.000,0.000,0.000,0.000,0.013,4.8,11.30,31.0,0.000,0.000,0.000,0.006,0.000,0.000,0.000,0.000,0.006,0.000,0.000,0.000,0.000,0.006,0.000,0.000,0.013,0.000
21.3073,213,0,move,-1,21.3073,21.3141,0,0.000,-0.088,0.176,-0.176,-0.088,0.088,-0.264,-0.088,0.176,0.088,-43.154,30.674,-0.088,0.264,0.000,0.000,0.439,0.176,0.000,0.000,0.000,0.000,0.000,0.000,0.000,0.000,0.000,0.000,-42.955,30.587,0.000,0.000,0.000,0.000,0.000,0.000,0.013,4.8,11.30,31.0,0.000,0.000,0.000,0.006,0.000,0.000,0.000,0.000,0.006,0.000,0.000,0.000,0.000,0.006,0.000,0.000,0.013,0.000
21.4073,214,0,move,-1,21.4073,21.4140,0,0.000,-0.088,0.176,-0.176,-0.088,0.088,-0.264,-0.088,0.176,0.088,-43.154,30.674,-0.088,0.264,0.000,0.000,0.439,0.176,0.000,0.000,0.000,0.000,0.000,0.000,0.000,0.000,0.000,0.000,-42.955,30.587,0.000,0.000,0.000,0.000,0.000,0.000,0.013,3.2,11.30,28.0,0.000,0.000,0.000,0.000,0.000,0.000,0.000,0.000,0.000,0.000,0.000,0.000,0.000,0.013,0.000,0.000,0.013,0.006
21.5074,215,0,move,-1,21.5074,21.5181,0,0.000,-0.088,0.176,-0.176,-0.088,0.088,-0.264,-0.088,0.176,0.088,-43.154,30.674,-0.088,0.264,0.000,0.000,0.439,0.176,0.000,0.000,0.000,0.000,0.000,0.000,0.000,0.000,0.000,0.000,-42.955,30.587,0.000,0.000,0.000,0.000,0.000,0.000,0.006,2.4,11.30,32.0,0.000,0.000,0.000,0.006,0.000,0.000,0.006,0.000,0.000,0.000,0.000,0.000,0.000,0.006,0.000,0.000,0.006,0.000
21.6074,216,0,move,-1,21.6074,21.6216,0,0.000,-0.088,0.176,-0.176,-0.088,0.088,-0.264,-0.088,0.176,0.088,-43.154,30.674,-0.088,0.264,0.000,0.000,0.439,0.176,0.000,0.000,0.000,0.000,0.000,0.000,0.000,0.000,0.000,0.000,-42.955,30.587,0.000,0.000,0.000,0.000,0.000,0.000,0.006,2.4,11.30,32.0,0.000,0.000,0.006,0.006,0.000,0.000,0.006,0.000,0.000,0.000,0.000,0.000,0.000,0.006,0.000,0.000,0.006,0.000
21.7075,217,0,move,-1,21.7075,21.7186,0,0.000,-0.088,0.176,-0.176,-0.088,0.088,-0.264,-0.088,0.176,0.088,-43.154,30.674,-0.088,0.264,0.000,0.000,0.439,0.176,0.000,0.000,0.000,0.000,0.000,0.000,0.000,0.000,0.000,0.000,-42.955,30.587,0.000,0.000,0.000,0.000,0.000,0.000,0.006,2.4,11.30,32.0,0.000,0.000,0.006,0.006,0.000,0.000,0.006,0.000,0.000,0.000,0.000,0.000,0.000,0.006,0.000,0.000,0.006,0.000
21.8073,218,0,move,-1,21.8073,21.8187,0,0.000,-0.088,0.176,-0.176,-0.088,0.088,-0.264,-0.088,0.176,0.088,-43.154,30.674,-0.088,0.264,0.000,0.000,0.439,0.176,0.000,0.000,0.000,0.000,0.000,0.000,0.000,0.000,0.000,0.000,-42.955,30.587,0.000,0.000,0.000,0.000,0.000,0.000,0.013,3.2,11.30,28.0,0.000,0.000,0.006,0.000,0.000,0.000,0.006,0.000,0.000,0.000,0.000,0.000,0.000,0.013,0.000,0.000,0.006,0.006
21.9074,219,0,move,-1,21.9074,21.9181,0,0.000,-0.088,0.176,-0.176,-0.088,0.088,-0.264,-0.088,0.176,0.088,-43.154,30.674,-0.088,0.264,0.000,0.000,0.439,0.176,0.000,0.000,0.000,0.000,0.000,0.000,0.000,0.000,0.000,0.000,-42.955,30.587,0.000,0.000,0.000,0.000,0.000,0.000,0.013,3.2,11.30,28.0,0.000,0.000,0.006,0.000,0.000,0.000,0.006,0.000,0.000,0.000,0.000,0.000,0.000,0.013,0.000,0.000,0.006,0.006
22.0075,220,0,move,-1,22.0075,22.0191,0,0.000,-0.088,0.176,-0.176,-0.088,0.088,-0.264,-0.088,0.176,0.088,-43.154,30.674,-0.088,0.264,0.000,0.000,0.439,0.176,0.000,0.000,0.000,0.000,0.000,0.000,0.000,0.000,0.000,0.000,-43.059,30.640,0.000,0.000,0.000,0.000,0.000,0.000,0.006,2.4,11.30,32.0,0.000,0.000,0.000,0.006,0.000,0.000,0.006,0.000,0.006,0.000,0.006,0.000,0.000,0.006,0.000,0.000,0.006,0.006
22.1075,221,0,move,-1,22.1075,22.1174,0,0.000,-0.088,0.176,-0.176,-0.088,0.088,-0.264,-0.088,0.176,0.088,-43.154,30.674,-0.088,0.264,0.000,0.000,0.439,0.176,0.000,0.000,0.000,0.000,0.000,0.000,0.000,0.000,0.000,0.000,-43.362,30.795,0.000,0.000,0.000,0.000,0.000,0.000,0.006,2.4,11.30,32.0,0.000,0.000,0.000,0.006,0.000,0.000,0.006,0.000,0.006,0.000,0.006,0.000,0.000,0.006,0.000,0.000,0.006,0.006
22.2075,222,0,move,-1,22.2075,22.2185,0,0.000,-0.088,0.176,-0.176,-0.088,0.088,-0.264,-0.088,0.176,0.088,-43.154,30.674,-0.088,0.264,0.000,0.000,0.439,0.176,0.000,0.000,0.000,0.000,0.000,0.000,0.000,0.000,0.000,0.000,-43.833,31.033,0.000,0.000,0.000,0.000,0.000,0.000,0.013,3.2,11.30,28.0,0.000,0.000,0.000,0.000,0.000,0.000,0.006,0.000,0.006,0.000,0.000,0.000,0.000,0.013,0.000,0.000,0.006,0.006
22.3075,223,0,move,-1,22.3075,22.3195,0,0.000,-0.088,0.176,-0.176,-0.088,0.088,-0.264,-0.088,0.176,0.088,-43.154,31.025,-0.088,0.264,0.000,0.000,0.439,0.176,0.000,0.000,0.000,0.000,0.000,0.000,0.000,0.000,0.000,0.000,-44.421,31.329,0.000,0.000,0.000,0.000,0.000,0.000,0.013,3.6,11.40,29.0,0.000,0.000,0.006,0.006,0.000,0.000,0.006,0.000,0.006,0.000,0.006,0.013,0.000,0.006,0.000,0.000,0.013,0.006
22.4075,224,0,move,-1,22.4075,22.4187,0,0.000,-0.088,0.176,-0.176,-0.088,0.088,-0.264,-0.088,0.176,0.088,-43.857,31.289,-0.088,0.264,0.000,0.000,0.439,0.176,0.000,0.000,0.000,0.000,0.000,0.000,0.000,0.000,0.000,0.000,-45.069,31.653,0.000,0.000,0.000,0.000,0.000,0.000,0.013,3.6,11.40,29.0,0.000,0.000,0.006,0.006,0.000,0.000,0.006,0.000,0.006,0.000,0.006,0.013,0.000,0.006,0.000,0.000,0.013,0.006
22.5074,225,0,move,-1,22.5074,22.5190,0,0.000,-0.088,0.176,-0.176,-0.088,0.088,-0.264,-0.088,0.176,0.088,-44.473,31.465,-0.088,0.264,0.000,0.000,0.439,0.176,0.000,0.000,0.000,0.000,0.000,0.000,0.000,0.000,0.000,0.000,-45.712,31.972,0.000,0.000,0.000,0.000,0.000,0.000,0.013,8.8,11.30,31.0,0.000,0.000,0.000,0.000,0.000,0.000,0.000,0.000,0.000,0.000,0.013,0.000,0.000,0.006,0.000,0.000,0.006,0.000
22.6074,226,0,move,-1,22.6074,22.6185,0,0.000,-0.088,0.176,-0.176,-0.088,0.088,-0.264,-0.088,0.176,0.088,-45.088,31.992,-0.088,0.264,0.000,0.000,0.439,0.176,0.000,0.000,0.000,0.000,0.000,0.000,0.000,0.000,0.000,0.000,-46.288,32.255,0.000,0.000,0.000,0.000,0.000,0.000,0.013,8.8,11.30,31.0,0.000,0.000,0.000,0.000,0.000,0.000,0.000,0.000,0.000,0.000,0.013,0.000,0.000,0.006,0.000,0.000,0.006,0.000
22.7074,227,0,move,-1,22.7074,22.7181,0,0.000,-0.088,0.176,-0.176,-0.088,0.088,-0.264,-0.088,0.176,0.088,-45.703,32.344,-0.088,0.264,0.000,0.000,0.439,0.176,0.000,0.000,0.000,0.000,0.000,0.000,0.000,0.000,0.000,0.000,-46.742,32.477,0.000,0.000,0.000,0.000,0.000,0.000,0.013,7.2,11.30,31.0,0.000,0.000,0.000,0.006,0.000,0.000,0.000,0.000,0.000,0.000,0.013,0.000,0.000,0.006,0.000,0.006,0.006,0.000
22.8073,228,0,move,-1,22.8073,22.8694,0,0.000,-0.088,0.176,-0.176,-0.088,0.088,-0.264,-0.088,0.176,0.088,-46.230,32.432,-0.088,0.264,0.000,0.000,0.439,0.176,0.000,0.000,0.000,0.000,0.000,0.000,0.000,0.000,0.000,0.000,-47.033,32.619,0.000,0.000,0.000,0.000,0.000,0.000,0.019,8.8,11.30,31.0,0.000,0.000,0.000,0.000,0.000,0.000,0.006,0.000,0.000,0.000,0.019,0.000,0.000,0.013,0.000,0.000,0.013,0.000
22.9074,229,0,move,-1,22.9074,22.9184,0,0.000,-0.088,0.176,-0.176,-0.088,0.088,-0.264,-0.088,0.176,0.088,-46.230,32.607,-0.088,0.264,0.000,0.000,0.439,0.176,0.000,0.000,0.000,0.000,0.000,0.000,0.000,0.000,0.000,0.000,-47.133,32.667,0.000,0.000,0.000,0.000,0.000,0.000,0.019,8.8,11.30,31.0,0.000,0.000,0.000,0.000,0.000,0.000,0.006,0.000,0.000,0.000,0.019,0.000,0.000,0.013,0.000,0.000,0.013,0.000
23.0075,230,0,move,-1,23.0075,23.0213,0,0.000,-0.088,0.176,-0.176,-0.088,0.088,-0.264,-0.088,0.176,0.088,-46.670,32.695,-0.088,0.264,0.000,0.000,0.439,0.176,0.000,0.000,0.000,0.000,0.000,0.000,0.000,0.000,0.000,0.000,-47.133,32.667,0.000,0.000,0.000,0.000,0.000,0.000,0.013,3.2,11.30,28.0,0.000,0.000,0.000,0.006,0.000,0.000,,0.000,0.000,0.000,0.006,0.000,0.000,0.013,0.000,0.000,0.006,0.006
23.1075,231,0,move,-1,23.1075,23.1188,0,0.000,-0.088,0.176,-0.176,-0.088,0.088,-0.264,-0.088,0.176,0.088,-46.758,32.695,-0.088,0.264,0.000,0.000,0.439,0.176,0.000,0.000,0.000,0.000,0.000,0.000,0.000,0.000,0.000,0.000,-47.133,32.667,0.000,0.000,0.000,0.000,0.000,0.000,0.013,3.2,11.30,28.0,0.000,0.000,0.000,0.006,0.000,0.000,,0.000,0.000,0.000,0.006,0.000,0.000,0.013,0.000,0.000,0.006,0.006
23.2075,232,0,move,-1,23.2075,23.2225,0,0.000,-0.088,0.176,-0.176,-0.088,0.088,-0.264,-0.088,0.176,0.088,-46.758,32.783,-0.088,0.264,0.000,0.000,0.439,0.176,0.000,0.000,0.000,0.000,0.000,0.000,0.000,0.000,0.000,0.000,-47.133,32.667,0.000,0.000,0.000,0.000,0.000,0.000,0.000,0.0,11.30,32.0,0.000,0.000,0.000,0.000,0.000,0.000,0.000,0.000,0.000,0.000,0.000,0.000,0.000,0.000,0.000,0.000,0.000,0.000
23.3075,233,0,move,-1,23.3075,23.3195,0,0.000,-0.088,0.176,-0.176,-0.088,0.088,-0.264,-0.088,0.176,0.088,-46.758,32.783,-0.088,0.264,0.000,0.000,0.439,0.176,0.000,0.000,0.000,0.000,0.000,0.000,0.000,0.000,0.000,0.000,-47.133,32.667,0.000,0.000,0.000,0.000,0.000,0.000,0.000,0.0,11.30,32.0,0.000,0.000,0.000,0.000,0.000,0.000,0.000,0.000,0.000,0.000,0.000,0.000,0.000,0.000,0.000,0.000,0.000,0.000
23.4073,234,0,move,-1,23.4073,23.4204,0,0.000,-0.088,0.176,-0.176,-0.088,0.088,-0.264,-0.088,0.176,0.088,-46.758,32.783,-0.088,0.264,0.000,0.000,0.439,0.176,0.000,0.000,0.000,0.000,0.000,0.000,0.000,0.000,0.000,0.000,-47.133,32.667,0.000,0.000,0.000,0.000,0.000,0.000,0.013,3.2,11.30,29.0,0.000,0.000,0.000,0.006,0.000,0.000,0.000,0.000,0.006,0.000,0.006,0.000,0.000,0.013,0.000,0.000,0.006,0.000
23.5312,235,0,move,-1,23.5312,23.5539,0,0.000,-0.088,0.176,-0.176,-0.088,0.088,-0.264,-0.088,0.176,0.088,-46.758,32.783,-0.088,0.264,0.000,0.000,0.439,0.176,0.000,0.000,0.000,0.000,0.000,0.000,0.000,0.000,0.000,0.000,-47.133,32.667,0.000,0.000,0.000,0.000,0.000,0.000,0.006,2.4,11.30,32.0,0.000,0.000,0.000,0.006,0.000,0.000,0.006,0.000,0.000,0.000,0.000,0.000,0.000,0.006,0.000,0.000,0.006,0.000
23.6075,236,0,move,-1,23.6075,23.6187,0,0.000,-0.088,0.176,-0.176,-0.088,0.088,-0.264,-0.088,0.176,0.088,-46.758,32.783,-0.088,0.264,0.000,0.000,0.439,0.176,0.000,0.000,0.000,0.000,0.000,0.000,0.000,0.000,0.000,0.000,-47.133,32.667,0.000,0.000,0.000,0.000,0.000,0.000,0.006,2.4,11.30,32.0,0.000,0.000,0.000,0.006,0.000,0.000,0.006,0.000,0.000,0.000,0.000,0.000,0.000,0.006,0.000,0.000,0.006,0.000
23.7073,237,0,move,-1,23.7073,23.7179,0,0.000,-0.088,0.176,-0.176,-0.088,0.088,-0.264,-0.088,0.176,0.088,-46.758,32.783,-0.088,0.264,0.000,0.000,0.439,0.176,0.000,0.000,0.000,0.000,0.000,0.000,0.000,0.000,0.000,0.000,-47.133,32.667,0.000,0.000,0.000,0.000,0.000,0.000,0.013,4.8,11.30,31.0,0.000,0.000,0.000,0.006,0.000,0.000,0.006,0.000,0.000,0.000,0.006,0.000,0.000,0.006,0.000,0.000,0.013,0.000
23.8075,238,0,move,-1,23.8075,23.8186,0,0.000,-0.088,0.176,-0.176,-0.088,0.088,-0.264,-0.088,0.176,0.088,-46.758,32.783,-0.088,0.264,0.000,0.000,0.439,0.176,0.000,0.000,0.000,0.000,0.000,0.000,0.000,0.000,0.000,0.000,-47.133,32.667,0.000,0.000,0.000,0.000,0.000,0.000,0.013,3.2,11.30,28.0,0.000,0.000,0.000,0.006,0.000,0.000,0.006,0.000,0.000,0.000,0.006,0.000,0.006,0.013,0.000,0.000,0.006,0.000
23.9074,239,0,move,-1,23.9074,23.9175,0,0.000,-0.088,0.176,-0.176,-0.088,0.088,-0.264,-0.088,0.176,0.088,-46.758,32.783,-0.088,0.264,0.000,0.000,0.439,0.176,0.000,0.000,0.000,0.000,0.000,0.000,0.000,0.000,0.000,0.000,-47.133,32.667,0.000,0.000,0.000,0.000,0.000,0.000,0.013,3.2,11.30,28.0,0.000,0.000,0.000,0.006,0.000,0.000,0.006,0.000,0.000,0.000,0.006,0.000,0.006,0.013,0.000,0.000,0.006,0.000
24.0097,240,0,move,-1,24.0097,24.0482,0,0.000,-0.088,0.176,-0.176,-0.088,0.088,-0.264,-0.088,0.176,0.088,-46.758,32.783,-0.088,0.264,0.000,0.000,0.439,0.176,0.000,0.000,0.000,0.000,0.000,0.000,0.000,0.000,0.000,0.000,-47.133,32.667,0.000,0.000,0.000,0.000,0.000,0.000,0.006,3.2,11.20,32.0,0.000,0.000,0.000,0.000,0.000,0.000,0.006,0.000,0.000,0.000,0.000,0.000,0.000,0.006,0.000,0.000,0.006,0.000
24.1073,241,0,move,-1,24.1073,24.1181,0,0.000,-0.088,0.176,-0.176,-0.088,0.088,-0.264,-0.088,0.176,0.088,-46.758,32.783,-0.088,0.264,0.000,0.000,0.439,0.176,0.000,0.000,0.000,0.000,0.000,0.000,0.000,0.000,0.000,0.000,-47.133,32.667,0.000,0.000,0.000,0.000,0.000,0.000,0.006,3.2,11.20,32.0,0.000,0.000,0.000,0.000,0.000,0.000,0.006,0.000,0.000,0.000,0.000,0.000,0.000,0.006,0.000,0.000,0.006,0.000
24.2073,242,0,move,-1,24.2073,24.2192,0,0.000,-0.088,0.176,-0.176,-0.088,0.088,-0.264,-0.088,0.176,0.088,-46.758,32.783,-0.088,0.264,0.000,0.000,0.439,0.176,0.000,0.000,0.000,0.000,0.000,0.000,0.000,0.000,0.000,0.000,-47.133,32.667,0.000,0.000,0.000,0.000,0.000,0.000,0.013,3.2,11.30,28.0,0.000,0.000,0.000,0.006,0.000,0.000,0.006,0.000,0.006,0.000,0.006,0.000,0.000,0.013,0.000,0.000,0.013,0.000
24.3073,243,0,move,-1,24.3073,24.3174,0,0.000,-0.088,0.176,-0.176,-0.088,0.088,-0.264,-0.088,0.176,0.088,-46.758,32.783,-0.088,0.264,0.000,0.000,0.439,0.176,0.000,0.000,0.000,0.000,0.000,0.000,0.000,0.000,0.000,0.000,-47.133,32.667,0.000,0.000,0.000,0.000,0.000,0.000,0.013,3.2,11.30,28.0,0.000,0.000,0.000,0.006,0.000,0.000,0.006,0.000,0.006,0.000,0.006,0.000,0.000,0.013,0.000,0.000,0.013,0.000
24.4073,244,0,move,-1,24.4073,24.4184,0,0.000,-0.088,0.176,-0.176,-0.088,0.088,-0.264,-0.088,0.176,0.088,-46.758,32.783,-0.088,0.264,0.000,0.000,0.439,0.176,0.000,0.000,0.000,0.000,0.000,0.000,0.000,0.000,0.000,0.000,-47.133,32.667,0.000,0.000,0.000,0.000,0.000,0.000,0.013,4.8,11.30,31.0,0.000,0.000,0.000,0.000,0.000,0.000,0.000,0.000,0.000,0.000,0.006,0.000,0.000,0.006,0.000,0.000,0.013,0.000
24.5073,245,0,move,-1,24.5073,24.5205,0,0.000,-0.088,0.176,-0.176,-0.088,0.088,-0.264,-0.088,0.176,0.088,-46.758,32.783,-0.088,0.264,0.000,0.000,0.439,0.176,0.000,0.000,0.000,0.000,0.000,0.000,0.000,0.000,0.000,0.000,-47.133,32.667,0.000,0.000,0.000,0.000,0.000,0.000,0.006,4.0,11.30,31.0,0.000,0.000,0.000,0.000,0.000,0.000,0.000,0.000,0.000,0.000,0.006,0.000,0.000,0.006,0.000,0.000,0.006,0.006
24.6073,246,0,move,-1,24.6073,24.6192,0,0.000,-0.088,0.176,-0.176,-0.088,0.088,-0.264,-0.088,0.176,0.088,-46.758,32.783,-0.088,0.264,0.000,0.000,0.439,0.176,0.000,0.000,0.000,0.000,0.000,0.000,0.000,0.000,0.000,0.000,-47.133,32.667,0.000,0.000,0.000,0.000,0.000,0.000,0.006,4.0,11.30,31.0,0.000,0.000,0.000,0.000,0.000,0.000,0.000,0.000,0.000,0.000,0.006,0.000,0.000,0.006,0.000,0.000,0.006,0.006
24.7074,247,0,move,-1,24.7074,24.7192,0,0.000,-0.088,0.176,-0.176,-0.088,0.088,-0.264,-0.088,0.176,0.088,-46.758,32.783,-0.088,0.264,0.000,0.000,0.439,0.176,0.000,0.000,0.000,0.000,0.000,0.000,0.000,0.000,0.000,0.000,-47.133,32.667,0.000,0.000,0.000,0.000,0.000,0.000,0.013,3.2,11.30,28.0,0.000,0.000,0.006,0.000,0.000,0.000,0.006,0.000,0.000,0.000,0.006,0.000,0.000,0.013,0.000,0.000,0.006,0.000
24.8074,248,0,move,-1,24.8074,24.8178,0,0.000,-0.088,0.176,-0.176,-0.088,0.088,-0.264,-0.088,0.176,0.088,-46.758,32.783,-0.088,0.264,0.000,0.000,0.439,0.176,0.000,0.000,0.000,0.000,0.000,0.000,0.000,0.000,0.000,0.000,-47.133,32.667,0.000,0.000,0.000,0.000,0.000,0.000,0.013,3.2,11.30,28.0,0.000,0.000,0.006,0.000,0.000,0.000,0.006,0.000,0.000,0.000,0.006,0.000,0.000,0.013,0.000,0.000,0.006,0.000
24.9075,249,0,move,-1,24.9075,24.9189,0,0.000,-0.088,0.176,-0.176,-0.088,0.088,-0.264,-0.088,0.176,0.088,-46.758,32.783,-0.088,0.264,0.000,0.000,0.439,0.176,0.000,0.000,0.000,0.000,0.000,0.000,0.000,0.000,0.000,0.000,-47.133,32.667,0.000,0.000,0.000,0.000,0.000,0.000,0.006,3.2,11.30,32.0,0.000,0.000,0.000,0.000,0.000,0.000,0.006,0.000,0.000,0.000,0.006,0.000,0.000,0.006,0.000,0.000,0.006,0.000
25.0075,250,0,move,-1,25.0075,25.0214,0,0.000,-0.088,0.176,-0.176,-0.088,0.088,-0.264,-0.088,0.176,0.088,-46.758,32.783,-0.088,0.264,0.000,0.000,0.439,0.176,0.000,0.000,0.000,0.000,0.000,0.000,0.000,0.000,0.000,0.000,-47.133,32.667,0.000,0.000,0.000,0.000,0.000,0.000,0.013,3.2,11.30,28.0,0.000,0.000,0.000,0.006,0.000,0.000,0.006,0.000,0.000,0.000,0.006,0.000,0.000,0.013,0.000,0.000,0.013,0.000
25.1075,251,0,move,-1,25.1075,25.1194,0,0.000,-0.088,0.176,-0.176,-0.088,0.088,-0.264,-0.088,0.176,0.088,-46.758,32.783,-0.088,0.264,0.000,0.000,0.439,0.176,0.000,0.000,0.000,0.000,0.000,0.000,0.000,0.000,0.000,0.000,-47.133,32.667,0.000,0.000,0.000,0.000,0.000,0.000,0.013,3.2,11.30,28.0,0.000,0.000,0.000,0.006,0.000,0.000,0.006,0.000,0.000,0.000,0.006,0.000,0.000,0.013,0.000,0.000,0.013,0.000
25.2076,252,0,move,-1,25.2076,25.2198,0,0.000,-0.088,0.176,-0.176,-0.088,0.088,-0.264,-0.088,0.176,0.088,-46.758,32.783,-0.088,0.264,0.000,0.000,0.439,0.176,0.000,0.000,0.000,0.000,0.000,0.000,0.000,0.000,0.000,0.000,-47.133,32.667,0.000,0.000,0.000,0.000,0.000,0.000,0.006,2.4,11.30,32.0,0.000,0.000,0.000,0.006,0.000,0.000,0.006,0.000,0.000,0.000,0.006,0.000,0.000,0.006,0.000,0.000,0.006,0.006
25.3116,253,0,move,-1,25.3116,25.3335,0,0.000,-0.088,0.176,-0.176,-0.088,0.088,-0.264,-0.088,0.176,0.088,-46.758,32.783,-0.088,0.264,0.000,0.000,0.439,0.176,0.000,0.000,0.000,0.000,0.000,0.000,0.000,0.000,0.000,0.000,-47.133,32.667,0.000,0.000,0.000,0.000,0.000,0.000,0.013,3.2,11.30,28.0,0.000,0.000,0.000,0.006,0.000,0.000,0.000,0.000,0.000,0.000,0.006,0.000,0.000,0.013,0.000,0.000,0.006,0.006
25.4120,254,0,move,-1,25.4120,25.4226,0,0.000,-0.088,0.176,-0.176,-0.088,0.088,-0.264,-0.088,0.176,0.088,-46.758,32.783,-0.088,0.264,0.000,0.000,0.439,0.176,0.000,0.000,0.000,0.000,0.000,0.000,0.000,0.000,0.000,0.000,-47.133,32.667,0.000,0.000,0.000,0.000,0.000,0.000,0.013,3.2,11.30,28.0,0.000,0.000,0.000,0.006,0.000,0.000,0.000,0.000,0.000,0.000,0.006,0.000,0.000,0.013,0.000,0.000,0.006,0.006
25.5073,255,0,move,-1,25.5073,25.5213,0,0.000,-0.088,0.176,-0.176,-0.088,0.088,-0.264,-0.088,0.176,0.088,-46.758,32.783,-0.088,0.264,0.000,0.000,0.439,0.176,0.000,0.000,0.000,0.000,0.000,0.000,0.000,0.000,0.000,0.000,-47.133,32.667,0.000,0.000,0.000,0.000,0.000,0.000,0.013,3.2,11.30,28.0,0.000,0.000,,0.000,0.000,0.000,0.006,0.000,0.006,0.000,0.006,0.000,0.000,0.013,0.000,0.000,0.006,0.006
25.6074,256,0,move,-1,25.6074,25.6188,0,0.000,-0.088,0.176,-0.176,-0.088,0.088,-0.264,-0.088,0.176,0.088,-46.758,32.783,-0.088,0.264,0.000,0.000,0.439,0.176,0.000,0.000,0.000,0.000,0.000,0.000,0.000,0.000,0.000,0.000,-47.133,32.667,0.000,0.000,0.000,0.000,0.000,0.000,0.013,3.2,11.30,28.0,0.000,0.000,,0.000,0.000,0.000,0.006,0.000,0.006,0.000,0.006,0.000,0.000,0.013,0.000,0.000,0.006,0.006
25.7082,257,0,move,-1,25.7082,25.7310,0,0.000,-0.088,0.176,-0.176,-0.088,0.088,-0.264,-0.088,0.176,0.088,-46.758,32.783,-0.088,0.264,0.000,0.000,0.439,0.176,0.000,0.000,0.000,0.000,0.000,0.000,0.000,0.000,0.000,0.000,-47.133,32.667,0.000,0.000,0.000,0.000,0.000,0.000,0.013,3.2,11.30,28.0,0.000,0.000,0.000,0.000,0.000,0.000,0.000,0.000,0.006,0.000,0.006,0.000,0.000,0.013,0.000,0.000,0.006,0.006
25.8075,258,0,move,-1,25.8075,25.8217,0,0.000,-0.088,0.176,-0.176,-0.088,0.088,-0.264,-0.088,0.176,0.088,-46.758,32.783,-0.088,0.264,0.000,0.000,0.439,0.176,0.000,0.000,0.000,0.000,0.000,0.000,0.000,0.000,0.000,0.000,-47.133,32.667,0.000,0.000,0.000,0.000,0.000,0.000,0.013,3.2,11.30,28.0,0.000,0.000,0.000,0.000,0.000,0.000,0.000,0.000,0.006,0.000,0.006,0.000,0.000,0.013,0.000,0.000,0.006,0.006
25.9073,259,0,move,-1,25.9073,25.9191,0,0.000,-0.088,0.176,-0.176,-0.088,0.088,-0.264,-0.088,0.176,0.088,-46.758,32.783,-0.088,0.264,0.000,0.000,0.439,0.176,0.000,0.000,0.000,0.000,0.000,0.000,0.000,0.000,0.000,0.000,-47.133,32.667,0.000,0.000,0.000,0.000,0.000,0.000,0.006,3.2,11.20,32.0,0.000,0.000,0.000,0.000,0.000,0.000,0.006,0.000,0.000,0.000,0.006,0.000,0.000,0.006,0.000,0.000,0.006,0.006
26.0075,260,0,move,-1,26.0075,26.0199,0,0.000,-0.088,0.176,-0.176,-0.088,0.088,-0.264,-0.088,0.176,0.088,-46.758,32.783,-0.088,0.264,0.000,0.000,0.439,0.176,0.000,0.000,0.000,0.000,0.000,0.000,0.000,0.000,0.000,0.000,-47.233,32.716,0.000,0.000,0.000,0.000,0.000,0.000,0.006,2.4,11.30,32.0,0.000,0.000,0.006,0.006,0.000,0.000,0.000,0.000,0.000,0.000,0.006,0.000,0.000,0.006,0.000,0.000,0.006,0.000
26.1073,261,0,move,-1,26.1073,26.1178,0,0.000,-0.088,0.176,-0.176,-0.088,0.088,-0.264,-0.088,0.176,0.088,-46.758,32.783,-0.088,0.264,0.000,0.000,0.439,0.176,0.000,0.000,0.000,0.000,0.000,0.000,0.000,0.000,0.000,0.000,-47.522,32.856,0.000,0.000,0.000,0.000,0.000,0.000,0.006,2.4,11.30,32.0,0.000,0.000,0.006,0.006,0.000,0.000,0.000,0.000,0.000,0.000,0.006,0.000,0.000,0.006,0.000,0.000,0.006,0.000
26.2073,262,0,move,-1,26.2073,26.2206,0,0.000,-0.088,0.176,-0.176,-0.088,0.088,-0.264,-0.088,0.176,0.088,-47.109,32.783,-0.088,0.264,0.000,0.000,0.439,0.176,0.000,0.000,0.000,0.000,0.000,0.000,0.000,0.000,0.000,0.000,-47.971,33.071,0.000,0.000,0.000,0.000,0.000,0.000,0.013,3.2,11.30,28.0,0.000,0.000,0.000,0.000,0.000,0.000,0.006,0.000,0.000,0.000,0.000,0.000,0.000,0.013,0.000,0.000,0.006,0.000
26.3076,263,0,move,-1,26.3076,26.3286,0,0.000,-0.088,0.176,-0.176,-0.088,0.088,-0.264,-0.088,0.176,0.088,-47.461,33.047,-0.088,0.264,0.000,0.000,0.439,0.176,0.000,0.000,0.000,0.000,0.000,0.000,0.000,0.000,0.000,0.000,-48.535,33.340,0.000,0.000,0.000,0.000,0.000,0.000,0.006,3.2,11.20,32.0,0.000,0.000,0.000,0.000,0.000,0.000,0.006,0.000,0.000,0.000,0.006,0.000,0.000,0.006,0.000,0.000,0.006,0.006
26.4073,264,0,move,-1,26.4073,26.4200,0,0.000,-0.088,0.176,-0.176,-0.088,0.088,-0.264,-0.088,0.176,0.088,-47.900,33.311,-0.088,0.264,0.000,0.000,0.439,0.176,0.000,0.000,0.000,0.000,0.000,0.000,0.000,0.000,0.000,0.000,-49.154,33.634,0.000,0.000,0.000,0.000,0.000,0.000,0.006,3.2,11.20,32.0,0.000,0.000,0.000,0.000,0.000,0.000,0.006,0.000,0.000,0.000,0.006,0.000,0.000,0.006,0.000,0.000,0.006,0.006
26.5079,265,0,move,-1,26.5079,26.5338,0,0.000,-0.088,0.176,-0.176,-0.088,0.088,-0.264,-0.088,0.176,0.088,-48.604,33.574,-0.088,0.264,0.000,0.000,0.439,0.176,0.000,0.000,0.000,0.000,0.000,0.000,0.000,0.000,0.000,0.000,-49.772,33.924,0.000,0.000,0.000,0.000,0.000,0.000,0.006,2.4,11.30,32.0,0.000,0.000,0.000,0.006,0.000,0.000,0.000,0.000,0.000,0.000,0.006,0.000,0.000,0.006,0.000,0.000,0.006,0.006
26.6073,266,0,move,-1,26.6073,26.6184,0,0.000,-0.088,0.176,-0.176,-0.088,0.088,-0.264,-0.088,0.176,0.088,-49.043,34.014,-0.088,0.264,0.000,0.000,0.439,0.176,0.000,0.000,0.000,0.000,0.000,0.000,0.000,0.000,0.000,0.000,-50.327,34.182,0.000,0.000,0.000,0.000,0.000,0.000,0.006,2.4,11.30,32.0,0.000,0.000,0.000,0.006,0.000,0.000,0.000,0.000,0.000,0.000,0.006,0.000,0.000,0.006,0.000,0.000,0.006,0.006
26.7073,267,0,move,-1,26.7073,26.7195,0,0.000,-0.088,0.176,-0.176,-0.088,0.088,-0.264,-0.088,0.176,0.088,-49.658,34.014,-0.088,0.264,0.000,0.000,0.439,0.176,0.000,0.000,0.000,0.000,0.000,0.000,0.000,0.000,0.000,0.000,-50.765,34.384,0.000,0.000,0.000,0.000,0.000,0.000,0.013,7.2,11.30,31.0,0.000,0.000,0.000,0.006,0.000,0.000,0.006,0.000,0.000,0.000,0.013,0.000,0.000,0.013,0.000,0.000,0.006,0.006
26.8130,268,0,move,-1,26.8130,26.8405,0,0.000,-0.088,0.176,-0.176,-0.088,0.088,-0.264,-0.088,0.176,0.088,-50.098,34.365,-0.088,0.264,0.000,0.000,0.439,0.176,0.000,0.000,0.000,0.000,0.000,0.000,0.000,0.000,0.000,0.000,-51.045,34.512,0.000,0.000,0.000,0.000,0.000,0.000,0.013,4.8,11.30,31.0,0.000,0.000,0.000,0.006,0.000,0.000,0.000,0.000,0.000,0.000,0.006,0.006,0.000,0.006,0.000,0.000,0.013,0.006
26.9076,269,0,move,-1,26.9076,26.9167,0,0.000,-0.088,0.176,-0.176,-0.088,0.088,-0.264,-0.088,0.176,0.088,-50.449,34.365,-0.088,0.264,0.000,0.000,0.439,0.176,0.000,0.000,0.000,0.000,0.000,0.000,0.000,0.000,0.000,0.000,-51.141,34.556,0.000,0.000,0.000,0.000,0.000,0.000,0.013,4.8,11.30,31.0,0.000,0.000,0.000,0.006,0.000,0.000,0.000,0.000,0.000,0.000,0.006,0.006,0.000,0.006,0.000,0.000,0.013,0.006
27.0073,270,0,move,-1,27.0073,27.0185,0,0.000,-0.088,0.176,-0.176,-0.088,0.088,-0.264,-0.088,0.176,0.088,-50.625,34.453,-0.088,0.264,0.000,0.000,0.439,0.176,0.000,0.000,0.000,0.000,0.000,0.000,0.000,0.000,0.000,0.000,-51.141,34.556,0.000,0.000,0.000,0.000,0.000,0.000,0.013,6.4,11.20,31.0,0.000,0.000,0.000,0.000,0.000,0.000,0.006,0.000,0.006,0.000,0.013,0.000,0.000,0.013,0.000,0.000,0.006,0.000
27.1073,271,0,move,-1,27.1073,27.1209,0,0.000,-0.088,0.176,-0.176,-0.088,0.088,-0.264,-0.088,0.176,0.088,-50.625,34.453,-0.088,0.264,0.000,0.000,0.439,0.176,0.000,0.000,0.000,0.000,0.000,0.000,0.000,0.000,0.000,0.000,-51.141,34.556,0.000,0.000,0.000,0.000,0.000,0.000,0.013,5.6,11.30,31.0,0.000,0.000,0.000,0.006,0.000,0.000,0.006,0.000,0.000,0.000,0.013,0.000,0.006,0.006,0.000,0.000,0.006,0.006
27.2075,272,0,move,-1,27.2075,27.2202,0,0.000,-0.088,0.176,-0.176,-0.088,0.088,-0.264,-0.088,0.176,0.088,-50.625,34.453,-0.088,0.264,0.000,0.000,0.439,0.176,0.000,0.000,0.000,0.000,0.000,0.000,0.000,0.000,0.000,0.000,-51.141,34.556,0.000,0.000,0.000,0.000,0.000,0.000,0.013,5.6,11.30,31.0,0.000,0.000,0.000,0.006,0.000,0.000,0.006,0.000,0.000,0.000,0.013,0.000,0.006,0.006,0.000,0.000,0.006,0.006
27.3075,273,0,move,-1,27.3075,27.3185,0,0.000,-0.088,0.176,-0.176,-0.088,0.088,-0.264,-0.088,0.176,0.088,-50.625,34.453,-0.088,0.264,0.000,0.000,0.439,0.176,0.000,0.000,0.000,0.000,0.000,0.000,0.000,0.000,0.000,0.000,-51.141,34.556,0.000,0.000,0.000,0.000,0.000,0.000,0.013,3.2,11.30,28.0,0.000,0.000,0.000,0.006,0.000,0.000,0.000,0.000,0.000,0.000,0.006,0.000,0.000,0.013,0.000,0.000,0.013,0.000
27.4075,274,0,move,-1,27.4075,27.4168,0,0.000,-0.088,0.176,-0.176,-0.088,0.088,-0.264,-0.088,0.176,0.088,-50.625,34.453,-0.088,0.264,0.000,0.000,0.439,0.176,0.000,0.000,0.000,0.000,0.000,0.000,0.000,0.000,0.000,0.000,-51.141,34.556,0.000,0.000,0.000,0.000,0.000,0.000,0.013,3.2,11.30,28.0,0.000,0.000,0.000,0.006,0.000,0.000,0.000,0.000,0.000,0.000,0.006,0.000,0.000,0.013,0.000,0.000,0.013,0.000
27.5075,275,0,move,-1,27.5075,27.5187,0,0.000,-0.088,0.176,-0.176,-0.088,0.088,-0.264,-0.088,0.176,0.088,-50.625,34.453,-0.088,0.264,0.000,0.000,0.439,0.176,0.000,0.000,0.000,0.000,0.000,0.000,0.000,0.000,0.000,0.000,-51.141,34.556,0.000,0.000,0.000,0.000,0.000,0.000,0.013,5.6,11.30,31.0,0.000,0.000,0.000,0.000,0.000,0.000,0.006,0.000,0.000,0.000,0.013,0.000,0.000,0.013,0.000,0.000,0.006,0.000
27.6073,276,0,move,-1,27.6073,27.6200,0,0.000,-0.088,0.176,-0.176,-0.088,0.088,-0.264,-0.088,0.176,0.088,-50.625,34.453,-0.088,0.264,0.000,0.000,0.439,0.176,0.000,0.000,0.000,0.000,0.000,0.000,0.000,0.000,0.000,0.000,-51.141,34.556,0.000,0.000,0.000,0.000,0.000,0.000,0.013,5.6,11.30,31.0,0.000,0.000,0.000,0.006,0.000,0.000,0.006,0.000,0.000,0.000,0.013,0.000,0.000,0.006,0.000,0.000,0.006,0.006
27.7073,277,0,move,-1,27.7073,27.7206,0,0.000,-0.088,0.176,-0.176,-0.088,0.088,-0.264,-0.088,0.176,0.088,-50.625,34.453,-0.088,0.264,0.000,0.000,0.439,0.176,0.000,0.000,0.000,0.000,0.000,0.000,0.000,0.000,0.000,0.000,-51.141,34.556,0.000,0.000,0.000,0.000,0.000,0.000,0.013,3.2,11.30,28.0,0.000,0.000,0.000,0.006,0.000,0.000,0.000,0.000,0.000,0.000,0.006,0.000,0.000,0.013,0.000,0.000,0.006,0.000
27.8075,278,0,move,-1,27.8075,27.8221,0,0.000,-0.088,0.176,-0.176,-0.088,0.088,-0.264,-0.088,0.176,0.088,-50.625,34.453,-0.088,0.264,0.000,0.000,0.439,0.176,0.000,0.000,0.000,0.000,0.000,0.000,0.000,0.000,0.000,0.000,-51.141,34.556,0.000,0.000,0.000,0.000,0.000,0.000,0.013,3.2,11.30,28.0,0.000,0.000,0.006,0.006,0.000,0.000,0.006,0.000,0.000,0.000,0.006,0.000,0.000,0.013,0.000,0.000,0.006,0.000
27.9074,279,0,move,-1,27.9074,27.9191,0,0.000,-0.088,0.176,-0.176,-0.088,0.088,-0.264,-0.088,0.176,0.088,-50.625,34.453,-0.088,0.264,0.000,0.000,0.439,0.176,0.000,0.000,0.000,0.000,0.000,0.000,0.000,0.000,0.000,0.000,-51.141,34.556,0.000,0.000,0.000,0.000,0.000,0.000,0.013,3.2,11.30,28.0,0.000,0.000,0.006,0.006,0.000,0.000,0.006,0.000,0.000,0.000,0.006,0.000,0.000,0.013,0.000,0.000,0.006,0.000
28.0074,280,0,move,-1,28.0074,28.0201,0,0.000,-0.088,0.176,-0.176,-0.088,0.088,-0.264,-0.088,0.176,0.088,-50.625,34.453,-0.088,0.264,0.000,0.000,0.439,0.176,0.000,0.000,0.000,0.000,0.000,0.000,0.000,0.000,0.000,0.000,-51.141,34.556,0.000,0.000,0.000,0.000,0.000,0.000,0.013,5.6,11.30,31.0,0.000,0.000,0.000,0.000,0.000,0.000,0.006,0.000,0.000,0.000,0.013,0.000,0.000,0.013,0.000,0.000,0.013,0.006
28.1098,281,0,move,-1,28.1098,28.1402,0,0.000,-0.088,0.176,-0.176,-0.088,0.088,-0.264,-0.088,0.176,0.088,-50.625,34.453,-0.088,0.264,0.000,0.000,0.439,0.176,0.000,0.000,0.000,0.000,0.000,0.000,0.000,0.000,0.000,0.000,-51.141,34.556,0.000,0.000,0.000,0.000,0.000,0.000,0.013,4.8,11.30,31.0,0.000,0.000,0.006,0.000,0.000,0.000,0.006,0.000,0.006,0.000,0.006,0.000,0.000,0.006,0.000,0.000,0.013,0.006
28.2074,282,0,move,-1,28.2074,28.2206,0,0.000,-0.088,0.176,-0.176,-0.088,0.088,-0.264,-0.088,0.176,0.088,-50.625,34.453,-0.088,0.264,0.000,0.000,0.439,0.176,0.000,0.000,0.000,0.000,0.000,0.000,0.000,0.000,0.000,0.000,-51.141,34.556,0.000,0.000,0.000,0.000,0.000,0.000,0.013,4.8,11.30,31.0,0.000,0.000,0.006,0.000,0.000,0.000,0.006,0.000,0.006,0.000,0.006,0.000,0.000,0.006,0.000,0.000,0.013,0.006
28.3074,283,0,move,-1,28.3074,28.3203,0,0.000,-0.088,0.176,-0.176,-0.088,0.088,-0.264,-0.088,0.176,0.088,-50.625,34.453,-0.088,0.264,0.000,0.000,0.439,0.176,0.000,0.000,0.000,0.000,0.000,0.000,0.000,0.000,0.000,0.000,-51.141,34.556,0.000,0.000,0.000,0.000,0.000,0.000,0.006,2.8,11.30,32.0,0.000,0.000,0.000,0.000,0.000,0.000,0.000,0.000,0.006,0.000,0.000,0.000,0.000,0.006,0.000,0.000,0.006,0.000
28.4075,284,0,move,-1,28.4075,28.4182,0,0.000,-0.088,0.176,-0.176,-0.088,0.088,-0.264,-0.088,0.176,0.088,-50.625,34.453,-0.088,0.264,0.000,0.000,0.439,0.176,0.000,0.000,0.000,0.000,0.000,0.000,0.000,0.000,0.000,0.000,-51.141,34.556,0.000,0.000,0.000,0.000,0.000,0.000,0.006,2.8,11.30,32.0,0.000,0.000,0.000,0.000,0.000,0.000,0.000,0.000,0.006,0.000,0.000,0.000,0.000,0.006,0.000,0.000,0.006,0.000
28.5124,285,0,move,-1,28.5124,28.5368,0,0.000,-0.088,0.176,-0.176,-0.088,0.088,-0.264,-0.088,0.176,0.088,-50.625,34.453,-0.088,0.264,0.000,0.000,0.439,0.176,0.000,0.000,0.000,0.000,0.000,0.000,0.000,0.000,0.000,0.000,-51.141,34.556,0.000,0.000,0.000,0.000,0.000,0.000,0.013,4.8,11.30,31.0,0.000,0.000,0.000,0.006,0.000,0.000,0.006,0.000,0.000,0.000,0.006,0.000,0.000,0.006,0.000,0.000,0.013,0.000
28.6175,286,0,move,-1,28.6175,28.6291,0,0.000,-0.088,0.176,-0.176,-0.088,0.088,-0.264,-0.088,0.176,0.088,-50.625,34.453,-0.088,0.264,0.000,0.000,0.439,0.176,0.000,0.000,0.000,0.000,0.000,0.000,0.000,0.000,0.000,0.000,-51.141,34.556,0.000,0.000,0.000,0.000,0.000,0.000,0.013,4.8,11.30,31.0,0.000,0.000,0.000,0.006,0.000,0.000,0.006,0.000,0.000,0.000,0.006,0.000,0.000,0.006,0.000,0.000,0.013,0.000
28.7075,287,0,move,-1,28.7075,28.7186,0,0.000,-0.088,0.176,-0.176,-0.088,0.088,-0.264,-0.088,0.176,0.088,-50.625,34.453,-0.088,0.264,0.000,0.000,0.439,0.176,0.000,0.000,0.000,0.000,0.000,0.000,0.000,0.000,0.000,0.000,-51.141,34.556,0.000,0.000,0.000,0.000,0.000,0.000,0.013,5.6,11.30,31.0,0.000,0.000,0.006,0.006,0.000,0.000,0.006,0.000,0.000,0.000,0.013,0.000,0.000,0.013,0.000,0.000,0.006,0.000
28.8075,288,0,move,-1,28.8075,28.8185,0,0.000,-0.088,0.176,-0.176,-0.088,0.088,-0.264,-0.088,0.176,0.088,-50.625,34.453,-0.088,0.264,0.000,0.000,0.439,0.176,0.000,0.000,0.000,0.000,0.000,0.000,0.000,0.000,0.000,0.000,-51.141,34.556,0.000,0.000,0.000,0.000,0.000,0.000,0.013,5.6,11.30,31.0,0.000,0.000,0.006,0.006,0.000,0.000,0.006,0.000,0.000,0.000,0.013,0.000,0.000,0.013,0.000,0.000,0.006,0.000
28.9075,289,0,move,-1,28.9075,28.9196,0,0.000,-0.088,0.176,-0.176,-0.088,0.088,-0.264,-0.088,0.176,0.088,-50.625,34.453,-0.088,0.264,0.000,0.000,0.439,0.176,0.000,0.000,0.000,0.000,0.000,0.000,0.000,0.000,0.000,0.000,-51.141,34.556,0.000,0.000,0.000,0.000,0.000,0.000,0.006,2.4,11.30,32.0,0.000,0.000,0.006,0.000,0.000,0.000,0.006,0.000,0.000,0.000,0.006,0.000,0.000,0.006,0.000,0.000,0.006,0.000
29.0076,290,0,move,-1,29.0076,29.0188,0,0.000,-0.088,0.176,-0.176,-0.088,0.088,-0.264,-0.088,0.176,0.088,-50.625,34.453,-0.088,0.264,0.000,0.000,0.439,0.176,0.000,0.000,0.000,0.000,0.000,0.000,0.000,0.000,0.000,0.000,-51.141,34.556,0.000,0.000,0.000,0.000,0.000,0.000,0.006,2.4,11.30,32.0,0.000,0.000,0.006,0.000,0.000,0.000,0.006,0.000,0.000,0.000,0.006,0.000,0.000,0.006,0.000,0.000,0.006,0.000
29.1075,291,0,move,-1,29.1075,29.1215,0,0.000,-0.088,0.176,-0.176,-0.088,0.088,-0.264,-0.088,0.176,0.088,-50.625,34.453,-0.088,0.264,0.000,0.000,0.439,0.176,0.000,0.000,0.000,0.000,0.000,0.000,0.000,0.000,0.000,0.000,-51.141,34.556,0.000,0.000,0.000,0.000,0.000,0.000,0.013,5.6,11.30,31.0,0.000,0.000,0.000,0.000,0.000,0.000,0.000,0.000,0.000,0.000,0.013,0.000,0.000,0.006,0.000,0.000,0.013,0.000
29.2075,292,0,move,-1,29.2075,29.2187,0,0.000,-0.088,0.176,-0.176,-0.088,0.088,-0.264,-0.088,0.176,0.088,-50.625,34.453,-0.088,0.264,0.000,0.000,0.439,0.176,0.000,0.000,0.000,0.000,0.000,0.000,0.000,0.000,0.000,0.000,-51.141,34.556,0.000,0.000,0.000,0.000,0.000,0.000,0.013,5.6,11.30,31.0,0.000,0.000,0.000,0.000,0.000,0.000,0.000,0.000,0.000,0.000,0.013,0.000,0.000,0.006,0.000,0.000,0.013,0.000
29.3075,293,0,move,-1,29.3075,29.3191,0,0.000,-0.088,0.176,-0.176,-0.088,0.088,-0.264,-0.088,0.176,0.088,-50.625,34.453,-0.088,0.264,0.000,0.000,0.439,0.176,0.000,0.000,0.000,0.000,0.000,0.000,0.000,0.000,0.000,0.000,-51.141,34.556,0.000,0.000,0.000,0.000,0.000,0.000,0.013,5.6,11.30,31.0,0.000,0.000,0.000,0.006,0.000,0.000,0.006,0.000,0.006,0.000,0.013,0.000,0.000,0.013,0.000,0.000,0.006,0.000
29.4073,294,0,move,-1,29.4073,29.4175,0,0.000,-0.088,0.176,-0.176,-0.088,0.088,-0.264,-0.088,0.176,0.088,-50.625,34.453,-0.088,0.264,0.000,0.000,0.439,0.176,0.000,0.000,0.000,0.000,0.000,0.000,0.000,0.000,0.000,0.000,-51.141,34.556,0.000,0.000,0.000,0.000,0.000,0.000,0.013,5.6,11.30,31.0,0.000,0.000,0.000,0.006,0.000,0.000,0.006,0.000,0.006,0.000,0.013,0.000,0.000,0.013,0.000,0.000,0.006,0.000
29.5073,295,0,move,-1,29.5073,29.5188,0,0.000,-0.088,0.176,-0.176,-0.088,0.088,-0.264,-0.088,0.176,0.088,-50.625,34.453,-0.088,0.264,0.000,0.000,0.439,0.176,0.000,0.000,0.000,0.000,0.000,0.000,0.000,0.000,0.000,0.000,-51.141,34.556,0.000,0.000,0.000,0.000,0.000,0.000,0.013,3.2,11.30,28.0,0.000,0.000,0.000,0.000,0.000,0.000,0.006,0.000,0.000,0.000,0.006,0.000,0.000,0.013,0.000,0.000,0.013,0.000
29.6073,296,0,move,-1,29.6073,29.6131,0,0.000,-0.088,0.176,-0.176,-0.088,0.088,-0.264,-0.088,0.176,0.088,-50.625,34.453,-0.088,0.264,0.000,0.000,0.439,0.176,0.000,0.000,0.000,0.000,0.000,0.000,0.000,0.000,0.000,0.000,-51.141,34.556,0.000,0.000,0.000,0.000,0.000,0.000,0.013,3.2,11.30,28.0,0.000,0.000,0.000,0.000,0.000,0.000,0.006,0.000,0.000,0.000,0.006,0.000,0.000,0.013,0.000,0.000,0.013,0.000
29.7075,297,0,move,-1,29.7075,29.7176,0,0.000,-0.088,0.176,-0.176,-0.088,0.088,-0.264,-0.088,0.176,0.088,-50.625,34.453,-0.088,0.264,0.000,0.000,0.439,0.176,0.000,0.000,0.000,0.000,0.000,0.000,0.000,0.000,0.000,0.000,-51.141,34.556,0.000,0.000,0.000,0.000,0.000,0.000,0.006,3.2,11.20,32.0,0.000,0.000,0.000,0.000,0.000,0.000,0.006,0.000,0.000,0.000,0.006,0.000,0.000,0.006,0.000,0.000,0.006,0.006
29.8073,298,0,move,-1,29.8073,29.8192,0,0.000,-0.088,0.176,-0.176,-0.088,0.088,-0.264,-0.088,0.176,0.088,-50.625,34.453,-0.088,0.264,0.000,0.000,0.439,0.176,0.000,0.000,0.000,0.000,0.000,0.000,0.000,0.000,0.000,0.000,-51.141,34.556,0.000,0.000,0.000,0.000,0.000,0.000,0.013,5.6,11.30,31.0,0.000,0.000,0.000,0.000,0.000,0.000,0.006,0.000,0.000,0.000,0.013,0.000,0.000,0.006,0.000,0.000,0.006,0.000
29.9073,299,0,move,-1,29.9073,29.9179,0,0.000,-0.088,0.176,-0.176,-0.088,0.088,-0.264,-0.088,0.176,0.088,-50.625,34.453,-0.088,0.264,0.000,0.000,0.439,0.176,0.000,0.000,0.000,0.000,0.000,0.000,0.000,0.000,0.000,0.000,-51.141,34.556,0.000,0.000,0.000,0.000,0.000,0.000,0.013,5.6,11.30,31.0,0.000,0.000,0.000,0.000,0.000,0.000,0.006,0.000,0.000,0.000,0.013,0.000,0.000,0.006,0.000,0.000,0.006,0.000
30.0126,300,0,move,-1,30.0126,30.0444,0,0.000,-0.088,0.176,-0.176,-0.088,0.088,-0.264,-0.088,0.176,0.088,-50.625,34.453,-0.088,0.264,0.000,0.000,0.439,0.176,0.000,0.000,0.000,0.000,0.000,0.000,0.000,0.000,0.000,0.000,-51.045,34.512,0.000,0.000,0.000,0.000,0.000,0.000,0.013,5.6,11.30,31.0,0.000,0.000,0.000,0.006,0.000,0.000,0.006,0.000,0.000,0.000,0.013,0.000,0.000,0.006,0.000,0.000,0.006,0.006
30.1076,301,0,move,-1,30.1076,30.1199,0,0.000,-0.088,0.176,-0.176,-0.088,0.088,-0.264,-0.088,0.176,0.088,-50.625,34.453,-0.088,0.264,0.000,0.000,0.439,0.176,0.000,0.000,0.000,0.000,0.000,0.000,0.000,0.000,0.000,0.000,-50.765,34.384,0.000,0.000,0.000,0.000,0.000,0.000,0.013,5.6,11.30,31.0,0.000,0.000,0.000,0.006,0.000,0.000,0.006,0.000,0.000,0.000,0.013,0.000,0.000,0.006,0.000,0.000,0.006,0.006
30.2075,302,0,move,-1,30.2075,30.2178,0,0.000,-0.088,0.176,-0.176,-0.088,0.088,-0.264,-0.088,0.176,0.088,-50.625,34.453,-0.088,0.264,0.000,0.000,0.439,0.176,0.000,0.000,0.000,0.000,0.000,0.000,0.000,0.000,0.000,0.000,-50.327,34.182,0.000,0.000,0.000,0.000,0.000,0.000,0.013,3.2,11.30,28.0,0.000,0.000,,0.006,0.000,0.000,0.000,0.000,0.006,0.000,0.000,0.000,0.000,0.013,0.000,0.000,0.006,0.000
30.3214,303,0,move,-1,30.3214,30.3323,0,0.000,-0.088,0.176,-0.176,-0.088,0.088,-0.264,-0.088,0.176,0.088,-50.625,34.189,-0.088,0.264,0.000,0.000,0.439,0.176,0.000,0.000,0.000,0.000,0.000,0.000,0.000,0.000,0.000,0.000,-49.772,33.924,0.000,0.000,0.000,0.000,0.000,0.000,0.013,4.8,11.30,31.0,0.000,0.000,0.000,0.006,0.000,0.000,0.006,0.000,0.000,0.000,0.006,0.006,0.000,0.006,0.000,0.000,0.013,0.000
30.4075,304,0,move,-1,30.4075,30.4189,0,0.000,-0.088,0.176,-0.176,-0.088,0.088,-0.264,-0.088,0.176,0.088,-50.273,34.014,-0.088,0.264,0.000,0.000,0.439,0.176,0.000,0.000,0.000,0.000,0.000,0.000,0.000,0.000,0.000,0.000,-49.154,33.634,0.000,0.000,0.000,0.000,0.000,0.000,0.013,4.8,11.30,31.0,0.000,0.000,0.000,0.006,0.000,0.000,0.006,0.000,0.000,0.000,0.006,0.006,0.000,0.006,0.000,0.000,0.013,0.000
30.5074,305,0,move,-1,30.5074,30.5336,0,0.000,-0.088,0.176,-0.176,-0.088,0.088,-0.264,-0.088,0.176,0.088,-49.482,33.662,-0.088,0.264,0.000,0.000,0.439,0.176,0.000,0.000,0.000,0.000,0.000,0.000,0.000,0.000,0.000,0.000,-48.535,33.340,0.000,0.000,0.000,0.000,0.000,0.000,0.013,3.2,11.30,28.0,0.000,0.000,0.000,0.006,0.000,0.000,0.006,0.000,0.000,0.000,0.006,0.000,0.000,0.013,0.000,0.000,0.006,0.000
30.6074,306,0,move,-1,30.6074,30.6181,0,0.000,-0.088,0.176,-0.176,-0.088,0.088,-0.264,-0.088,0.176,0.088,-48.955,33.311,-0.088,0.264,0.000,0.000,0.439,0.176,0.000,0.000,0.000,0.000,0.000,0.000,0.000,0.000,0.000,0.000,-47.971,33.071,0.000,0.000,0.000,0.000,0.000,0.000,0.013,3.2,11.30,28.0,0.000,0.000,0.000,0.006,0.000,0.000,0.006,0.000,0.000,0.000,0.006,0.000,0.000,0.013,0.000,0.000,0.006,0.000
30.7074,307,0,move,-1,30.7074,30.7190,0,0.000,-0.088,0.176,-0.176,-0.088,0.088,-0.264,-0.088,0.176,0.088,-48.340,33.135,-0.088,0.264,0.000,0.000,0.439,0.176,0.000,0.000,0.000,0.000,0.000,0.000,0.000,0.000,0.000,0.000,-47.522,32.856,0.000,0.000,0.000,0.000,0.000,0.000,0.013,3.2,11.30,28.0,0.000,0.000,0.000,0.000,0.000,0.000,0.006,0.000,0.006,0.000,0.000,0.000,0.000,0.013,0.000,0.000,0.006,0.000
30.8075,308,0,move,-1,30.8075,30.8184,0,0.000,-0.088,0.176,-0.176,-0.088,0.088,-0.264,-0.088,0.176,0.088,-47.900,32.959,-0.088,0.264,0.000,0.000,0.439,0.176,0.000,0.000,0.000,0.000,0.000,0.000,0.000,0.000,0.000,0.000,-47.233,32.716,0.000,0.000,0.000,0.000,0.000,0.000,0.013,3.2,11.30,28.0,0.000,0.000,0.000,0.000,0.000,0.000,0.006,0.000,0.006,0.000,0.000,0.000,0.000,0.013,0.000,0.000,0.006,0.000
30.9075,309,0,move,-1,30.9075,30.9189,0,0.000,-0.088,0.176,-0.176,-0.088,0.088,-0.264,-0.088,0.176,0.088,-47.373,32.695,-0.088,0.264,0.000,0.000,0.439,0.176,0.000,0.000,0.000,0.000,0.000,0.000,0.000,0.000,0.000,0.000,-47.133,32.667,0.000,0.000,0.000,0.000,0.000,0.000,0.013,3.2,11.30,28.0,0.000,,0.006,0.000,0.000,0.000,0.006,0.000,0.006,0.000,0.000,0.006,0.000,0.013,0.000,0.000,0.006,0.000
31.0075,310,0,move,-1,31.0075,31.0175,0,0.000,-0.088,0.176,-0.176,-0.088,0.088,-0.264,-0.088,0.176,0.088,-47.285,32.783,-0.088,0.264,0.000,0.000,0.439,0.176,0.000,0.000,0.000,0.000,0.000,0.000,0.000,0.000,0.000,0.000,-47.133,32.667,0.000,0.000,0.000,0.000,0.000,0.000,0.013,3.2,11.30,28.0,0.000,,0.006,0.000,0.000,0.000,0.006,0.000,0.006,0.000,0.000,0.006,0.000,0.013,0.000,0.000,0.006,0.000
31.1075,311,0,move,-1,31.1075,31.1189,0,0.000,-0.088,0.176,-0.176,-0.088,0.088,-0.264,-0.088,0.176,0.088,-47.285,32.783,-0.088,0.264,0.000,0.000,0.439,0.176,0.000,0.000,0.000,0.000,0.000,0.000,0.000,0.000,0.000,0.000,-47.133,32.667,0.000,0.000,0.000,0.000,0.000,0.000,0.013,3.2,11.30,28.0,0.000,0.000,0.000,0.000,0.000,0.000,0.000,0.000,0.006,0.000,0.000,0.000,0.000,0.013,0.000,0.000,0.013,0.006
31.2075,312,0,move,-1,31.2075,31.2172,0,0.000,-0.088,0.176,-0.176,-0.088,0.088,-0.264,-0.088,0.176,0.088,-47.285,32.783,-0.088,0.264,0.000,0.000,0.439,0.176,0.000,0.000,0.000,0.000,0.000,0.000,0.000,0.000,0.000,0.000,-47.133,32.667,0.000,0.000,0.000,0.000,0.000,0.000,0.013,3.2,11.30,28.0,0.000,0.000,0.000,0.000,0.000,0.000,0.000,0.000,0.006,0.000,0.000,0.000,0.000,0.013,0.000,0.000,0.013,0.006
31.3075,313,0,move,-1,31.3075,31.3180,0,0.000,-0.088,0.176,-0.176,-0.088,0.088,-0.264,-0.088,0.176,0.088,-47.285,32.783,-0.088,0.264,0.000,0.000,0.439,0.176,0.000,0.000,0.000,0.000,0.000,0.000,0.000,0.000,0.000,0.000,-47.133,32.667,0.000,0.000,0.000,0.000,0.000,0.000,0.013,3.2,11.30,28.0,0.000,0.000,0.000,0.000,0.000,0.000,0.006,0.000,0.006,0.000,0.000,0.000,0.000,0.013,0.000,0.000,0.006,0.006
31.4075,314,0,move,-1,31.4075,31.4189,0,0.000,-0.088,0.176,-0.176,-0.088,0.088,-0.264,-0.088,0.176,0.088,-47.285,32.783,-0.088,0.264,0.000,0.000,0.439,0.176,0.000,0.000,0.000,0.000,0.000,0.000,0.000,0.000,0.000,0.000,-47.133,32.667,0.000,0.000,0.000,0.000,0.000,0.000,0.006,2.4,11.30,32.0,0.000,0.000,0.000,0.000,0.000,0.000,0.000,0.000,0.006,0.000,0.006,0.000,0.000,0.006,0.000,0.000,0.006,0.000
31.5074,315,0,move,-1,31.5074,31.5452,0,0.000,-0.088,0.176,-0.176,-0.088,0.088,-0.264,-0.088,0.176,0.088,-47.285,32.695,-0.088,0.264,0.000,0.000,0.439,0.176,0.000,0.000,0.000,0.000,0.000,0.000,0.000,0.000,0.000,0.000,-47.133,32.667,0.000,0.000,0.000,0.000,0.000,0.000,0.013,3.2,11.30,28.0,0.000,0.000,0.000,0.000,0.000,0.000,0.006,0.000,0.000,0.000,0.000,0.006,0.000,0.013,0.000,0.000,0.006,0.006
31.6073,316,0,move,-1,31.6073,31.6164,0,0.000,-0.088,0.176,-0.176,-0.088,0.088,-0.264,-0.088,0.176,0.088,-47.285,32.695,-0.088,0.264,0.000,0.000,0.439,0.176,0.000,0.000,0.000,0.000,0.000,0.000,0.000,0.000,0.000,0.000,-47.133,32.667,0.000,0.000,0.000,0.000,0.000,0.000,0.013,3.2,11.30,28.0,0.000,0.000,0.000,0.000,0.000,0.000,0.006,0.000,0.000,0.000,0.000,0.006,0.000,0.013,0.000,0.000,0.006,0.006
31.7073,317,0,move,-1,31.7073,31.7174,0,0.000,-0.088,0.176,-0.176,-0.088,0.088,-0.264,-0.088,0.176,0.088,-47.285,32.783,-0.088,0.264,0.000,0.000,0.439,0.176,0.000,0.000,0.000,0.000,0.000,0.000,0.000,0.000,0.000,0.000,-47.133,32.667,0.000,0.000,0.000,0.000,0.000,0.000,0.013,3.2,11.30,28.0,0.000,0.000,0.000,0.006,0.000,0.000,0.006,0.000,0.000,0.000,0.000,0.000,0.000,0.013,0.000,0.000,0.006,0.006
31.8073,318,0,move,-1,31.8073,31.8184,0,0.000,-0.088,0.176,-0.176,-0.088,0.088,-0.264,-0.088,0.176,0.088,-47.285,32.783,-0.088,0.264,0.000,0.000,0.439,0.176,0.000,0.000,0.000,0.000,0.000,0.000,0.000,0.000,0.000,0.000,-47.133,32.667,0.000,0.000,0.000,0.000,0.000,0.000,0.006,3.2,11.30,28.0,0.000,0.000,0.000,0.000,0.000,0.000,0.000,0.000,0.000,0.000,0.000,0.000,0.000,0.006,0.000,0.000,0.006,0.000
31.9073,319,0,move,-1,31.9073,31.9178,0,0.000,-0.088,0.176,-0.176,-0.088,0.088,-0.264,-0.088,0.176,0.088,-47.285,32.783,-0.088,0.264,0.000,0.000,0.439,0.176,0.000,0.000,0.000,0.000,0.000,0.000,0.000,0.000,0.000,0.000,-47.133,32.667,0.000,0.000,0.000,0.000,0.000,0.000,0.006,3.2,11.30,28.0,0.000,0.000,0.000,0.000,0.000,0.000,0.000,0.000,0.000,0.000,0.000,0.000,0.000,0.006,0.000,0.000,0.006,0.000
32.0074,320,0,move,-1,32.0074,32.0176,0,0.000,-0.088,0.176,-0.176,-0.088,0.088,-0.264,-0.088,0.176,0.088,-47.285,32.783,-0.088,0.264,0.000,0.000,0.439,0.176,0.000,0.000,0.000,0.000,0.000,0.000,0.000,0.000,0.000,0.000,-47.133,32.667,0.000,0.000,0.000,0.000,0.000,0.000,0.006,3.2,11.30,32.0,0.000,0.000,0.000,0.000,0.000,0.000,0.006,0.000,0.000,0.000,0.000,0.000,0.000,0.006,0.000,0.000,0.006,0.000
32.1073,321,0,move,-1,32.1073,32.1176,0,0.000,-0.088,0.176,-0.176,-0.088,0.088,-0.264,-0.088,0.176,0.088,-47.285,32.783,-0.088,0.264,0.000,0.000,0.439,0.176,0.000,0.000,0.000,0.000,0.000,0.000,0.000,0.000,0.000,0.000,-47.133,32.667,0.000,0.000,0.000,0.000,0.000,0.000,0.006,3.2,11.30,32.0,0.000,0.000,0.000,0.000,0.000,0.000,0.006,0.000,0.000,0.000,0.000,0.000,0.000,0.006,0.000,0.000,0.006,0.000
32.2073,322,0,move,-1,32.2073,32.2191,0,0.000,-0.088,0.176,-0.176,-0.088,0.088,-0.264,-0.088,0.176,0.088,-47.285,32.783,-0.088,0.264,0.000,0.000,0.439,0.176,0.000,0.000,0.000,0.000,0.000,0.000,0.000,0.000,0.000,0.000,-47.133,32.667,0.000,0.000,0.000,0.000,0.000,0.000,0.013,3.2,11.30,28.0,0.000,0.000,0.006,0.006,0.000,0.000,0.006,0.000,0.000,0.000,0.006,0.000,0.000,0.013,0.000,0.000,0.006,0.006
32.3075,323,0,move,-1,32.3075,32.3188,0,0.000,-0.088,0.176,-0.176,-0.088,0.088,-0.264,-0.088,0.176,0.088,-47.285,32.783,-0.088,0.264,0.000,0.000,0.439,0.176,0.000,0.000,0.000,0.000,0.000,0.000,0.000,0.000,0.000,0.000,-47.133,32.667,0.000,0.000,0.000,0.000,0.000,0.000,0.013,3.2,11.30,28.0,0.000,0.000,0.006,0.006,0.000,0.000,0.006,0.000,0.000,0.000,0.006,0.000,0.000,0.013,0.000,0.000,0.006,0.006
32.4217,324,0,move,-1,32.4217,32.4327,0,0.000,-0.088,0.176,-0.176,-0.088,0.088,-0.264,-0.088,0.176,0.088,-47.285,32.783,-0.088,0.264,0.000,0.000,0.439,0.176,0.000,0.000,0.000,0.000,0.000,0.000,0.000,0.000,0.000,0.000,-47.133,32.667,0.000,0.000,0.000,0.000,0.000,0.000,0.006,2.4,11.30,32.0,0.000,0.000,0.000,0.006,0.000,0.000,0.000,0.000,0.000,0.000,0.000,0.000,0.000,0.006,0.000,0.000,0.006,0.006
32.5075,325,0,move,-1,32.5075,32.5184,0,0.000,-0.088,0.176,-0.176,-0.088,0.088,-0.264,-0.088,0.176,0.088,-47.285,32.783,-0.088,0.264,0.000,0.000,0.439,0.176,0.000,0.000,0.000,0.000,0.000,0.000,0.000,0.000,0.000,0.000,-47.133,32.667,0.000,0.000,0.000,0.000,0.000,0.000,0.006,2.4,11.30,32.0,0.000,0.000,0.000,0.006,0.000,0.000,0.000,0.000,0.000,0.000,0.000,0.000,0.000,0.006,0.000,0.000,0.006,0.006
32.6104,326,0,move,-1,32.6104,32.6166,0,0.000,-0.088,0.176,-0.176,-0.088,0.088,-0.264,-0.088,0.176,0.088,-47.285,32.783,-0.088,0.264,0.000,0.000,0.439,0.176,0.000,0.000,0.000,0.000,0.000,0.000,0.000,0.000,0.000,0.000,-47.133,32.667,0.000,0.000,0.000,0.000,0.000,0.000,0.006,2.4,11.30,32.0,0.000,0.000,0.006,0.000,0.000,0.000,0.000,0.000,0.000,0.000,0.000,0.000,0.000,0.006,0.000,0.000,0.006,0.000
32.7074,327,0,move,-1,32.7074,32.7180,0,0.000,-0.088,0.176,-0.176,-0.088,0.088,-0.264,-0.088,0.176,0.088,-47.285,32.783,-0.088,0.264,0.000,0.000,0.439,0.176,0.000,0.000,0.000,0.000,0.000,0.000,0.000,0.000,0.000,0.000,-47.133,32.667,0.000,0.000,0.000,0.000,0.000,0.000,0.013,3.2,11.30,28.0,0.000,0.000,0.000,0.000,0.000,0.000,0.006,0.000,0.000,0.000,0.000,0.000,0.000,0.013,0.000,0.000,0.013,0.000
32.8075,328,0,move,-1,32.8075,32.8191,0,0.000,-0.088,0.176,-0.176,-0.088,0.088,-0.264,-0.088,0.176,0.088,-47.285,32.783,-0.088,0.264,0.000,0.000,0.439,0.176,0.000,0.000,0.000,0.000,0.000,0.000,0.000,0.000,0.000,0.000,-47.133,32.667,0.000,0.000,0.000,0.000,0.000,0.000,0.013,3.2,11.30,28.0,0.000,0.000,0.000,0.000,0.000,0.000,0.000,0.000,0.006,0.000,0.000,0.000,0.000,0.013,0.000,0.000,0.006,0.000
32.9076,329,0,move,-1,32.9076,32.9217,0,0.000,-0.088,0.176,-0.176,-0.088,0.088,-0.264,-0.088,0.176,0.088,-47.285,32.783,-0.088,0.264,0.000,0.000,0.439,0.176,0.000,0.000,0.000,0.000,0.000,0.000,0.000,0.000,0.000,0.000,-47.133,32.667,0.000,0.000,0.000,0.000,0.000,0.000,0.006,3.2,11.20,32.0,0.000,0.000,0.000,0.000,0.000,0.000,0.006,0.000,0.000,0.000,0.000,0.000,0.000,0.006,0.000,0.000,0.006,0.006
33.0076,330,0,move,-1,33.0076,33.0300,0,0.000,-0.088,0.176,-0.176,-0.088,0.088,-0.264,-0.088,0.176,0.088,-47.285,32.783,-0.088,0.264,0.000,0.000,0.439,0.176,0.000,0.000,0.000,0.000,0.000,0.000,0.000,0.000,0.000,0.000,-47.133,32.667,0.000,0.000,0.000,0.000,0.000,0.000,0.013,3.6,11.30,28.0,0.000,0.000,0.000,0.006,0.000,0.000,0.006,0.000,0.000,0.000,0.006,0.000,0.000,0.013,0.000,0.000,0.006,0.000
33.1236,331,0,move,-1,33.1236,33.1355,0,0.000,-0.088,0.176,-0.176,-0.088,0.088,-0.264,-0.088,0.176,0.088,-47.285,32.783,-0.088,0.264,0.000,0.000,0.439,0.176,0.000,0.000,0.000,0.000,0.000,0.000,0.000,0.000,0.000,0.000,-47.133,32.667,0.000,0.000,0.000,0.000,0.000,0.000,0.006,2.4,11.30,32.0,0.000,0.000,0.006,0.000,0.000,0.000,0.000,0.000,0.000,0.000,0.000,0.000,0.000,0.006,0.000,0.000,0.006,0.000
33.2073,332,0,move,-1,33.2073,33.2184,0,0.000,-0.088,0.176,-0.176,-0.088,0.088,-0.264,-0.088,0.176,0.088,-47.285,32.783,-0.088,0.264,0.000,0.000,0.439,0.176,0.000,0.000,0.000,0.000,0.000,0.000,0.000,0.000,0.000,0.000,-47.133,32.667,0.000,0.000,0.000,0.000,0.000,0.000,0.006,2.4,11.30,32.0,0.000,0.000,0.006,0.000,0.000,0.000,0.000,0.000,0.000,0.000,0.000,0.000,0.000,0.006,0.000,0.000,0.006,0.000
33.3074,333,0,move,-1,33.3074,33.3638,0,0.000,-0.088,0.176,-0.176,-0.088,0.088,-0.264,-0.088,0.176,0.088,-47.285,32.783,-0.088,0.264,0.000,0.000,0.439,0.176,0.000,0.000,0.000,0.000,0.000,0.000,0.000,0.000,0.000,0.000,-47.133,32.667,0.000,0.000,0.000,0.000,0.000,0.000,0.006,3.2,11.30,32.0,0.000,0.000,0.000,0.000,0.000,0.000,0.006,0.000,0.000,0.000,0.000,0.000,0.000,0.006,0.000,0.000,0.006,0.006
33.4073,334,0,move,-1,33.4073,33.4177,0,0.000,-0.088,0.176,-0.176,-0.088,0.088,-0.264,-0.088,0.176,0.088,-47.285,32.783,-0.088,0.264,0.000,0.000,0.439,0.176,0.000,0.000,0.000,0.000,0.000,0.000,0.000,0.000,0.000,0.000,-47.133,32.667,0.000,0.000,0.000,0.000,0.000,0.000,0.006,3.2,11.30,32.0,0.000,0.000,0.000,0.000,0.000,0.000,0.006,0.000,0.000,0.000,0.000,0.000,0.000,0.006,0.000,0.000,0.006,0.006
33.5073,335,0,move,-1,33.5073,33.5328,0,0.000,-0.088,0.176,-0.176,-0.088,0.088,-0.264,-0.088,0.176,0.088,-47.285,32.783,-0.088,0.264,0.000,0.000,0.439,0.176,0.000,0.000,0.000,0.000,0.000,0.000,0.000,0.000,0.000,0.000,-47.133,32.667,0.000,0.000,0.000,0.000,0.000,0.000,0.006,2.4,11.30,32.0,0.000,0.000,0.006,0.000,0.000,0.000,0.006,0.000,0.000,0.000,0.006,0.000,0.000,0.006,0.000,0.000,0.006,0.000
33.6076,336,0,move,-1,33.6076,33.6192,0,0.000,-0.088,0.176,-0.176,-0.088,0.088,-0.264,-0.088,0.176,0.088,-47.285,32.783,-0.088,0.264,0.000,0.000,0.439,0.176,0.000,0.000,0.000,0.000,0.000,0.000,0.000,0.000,0.000,0.000,-47.133,32.667,0.000,0.000,0.000,0.000,0.000,0.000,0.006,2.4,11.30,32.0,0.000,0.000,0.006,0.000,0.000,0.000,0.006,0.000,0.000,0.000,0.006,0.000,0.000,0.006,0.000,0.000,0.006,0.000
33.7075,337,0,move,-1,33.7075,33.7211,0,0.000,-0.088,0.176,-0.176,-0.088,0.088,-0.264,-0.088,0.176,0.088,-47.285,32.783,-0.088,0.264,0.000,0.000,0.439,0.176,0.000,0.000,0.000,0.000,0.000,0.000,0.000,0.000,0.000,0.000,-47.133,32.667,0.000,0.000,0.000,0.000,0.000,0.000,0.006,3.2,11.20,32.0,,0.000,0.000,0.000,0.000,0.000,0.006,0.000,0.000,0.000,0.006,0.000,0.000,0.006,0.000,0.000,0.006,0.006
33.8075,338,0,move,-1,33.8075,33.8188,0,0.000,-0.088,0.176,-0.176,-0.088,0.088,-0.264,-0.088,0.176,0.088,-47.285,32.783,-0.088,0.264,0.000,0.000,0.439,0.176,0.000,0.000,0.000,0.000,0.000,0.000,0.000,0.000,0.000,0.000,-47.133,32.667,0.000,0.000,0.000,0.000,0.000,0.000,0.006,3.2,11.20,32.0,,0.000,0.000,0.000,0.000,0.000,0.006,0.000,0.000,0.000,0.006,0.000,0.000,0.006,0.000,0.000,0.006,0.006
33.9075,339,0,move,-1,33.9075,33.9195,0,0.000,-0.088,0.176,-0.176,-0.088,0.088,-0.264,-0.088,0.176,0.088,-47.285,32.783,-0.088,0.264,0.000,0.000,0.439,0.176,0.000,0.000,0.000,0.000,0.000,0.000,0.000,0.000,0.000,0.000,-47.133,32.667,0.000,0.000,0.000,0.000,0.000,0.000,0.006,2.4,11.30,32.0,0.000,0.000,0.006,0.006,0.000,0.000,0.006,0.000,0.000,0.000,0.006,0.000,0.000,0.006,0.000,0.000,0.006,0.000
34.0075,340,0,move,-1,34.0075,34.0185,0,0.000,-0.088,0.176,-0.176,-0.088,0.088,-0.264,-0.088,0.176,0.088,-47.285,32.783,-0.088,0.264,0.000,0.000,0.439,0.176,0.000,0.000,0.000,0.000,0.000,0.000,0.000,0.000,0.000,0.000,-47.033,32.619,0.000,0.000,0.000,0.000,0.000,0.000,0.006,2.4,11.30,32.0,0.000,0.000,0.006,0.006,0.000,0.000,0.006,0.000,0.000,0.000,0.006,0.000,0.000,0.006,0.000,0.000,0.006,0.000
34.1074,341,0,move,-1,34.1074,34.1135,0,0.000,-0.088,0.176,-0.176,-0.088,0.088,-0.264,-0.088,0.176,0.088,-47.285,32.607,-0.088,0.264,0.000,0.000,0.439,0.176,0.000,0.000,0.000,0.000,0.000,0.000,0.000,0.000,0.000,0.000,-46.742,32.477,0.000,0.000,0.000,0.000,0.000,0.000,0.006,2.4,11.30,32.0,0.000,0.000,0.000,0.000,0.000,0.000,0.000,0.000,0.006,0.000,0.000,0.006,0.000,0.006,0.000,0.000,0.006,0.006
34.2073,342,0,move,-1,34.2073,34.2198,0,0.000,-0.088,0.176,-0.176,-0.088,0.088,-0.264,-0.088,0.176,0.088,-46.846,32.607,-0.088,0.264,0.000,0.000,0.439,0.176,0.000,0.000,0.000,0.000,0.000,0.000,0.000,0.000,0.000,0.000,-46.288,32.255,0.000,0.000,0.000,0.000,0.000,0.000,0.013,3.2,11.30,28.0,0.000,0.000,0.000,0.000,0.000,0.000,0.006,0.000,0.006,0.000,0.006,0.000,0.000,0.013,0.000,0.000,0.006,0.006
34.3075,343,0,move,-1,34.3075,34.3187,0,0.000,-0.088,0.176,-0.176,-0.088,0.088,-0.264,-0.088,0.176,0.088,-46.670,32.256,-0.088,0.264,0.000,0.000,0.439,0.176,0.000,0.000,0.000,0.000,0.000,0.000,0.000,0.000,0.000,0.000,-45.712,31.972,0.000,0.000,0.000,0.000,0.000,0.000,0.013,3.2,11.30,28.0,0.000,0.000,0.000,0.000,0.000,0.000,0.006,0.000,0.006,0.000,0.006,0.000,0.000,0.013,0.000,0.000,0.006,0.006
34.4075,344,0,move,-1,34.4075,34.4190,0,0.000,-0.088,0.176,-0.176,-0.088,0.088,-0.264,-0.088,0.176,0.088,-46.055,31.992,-0.088,0.264,0.000,0.000,0.439,0.176,0.000,0.000,0.000,0.000,0.000,0.000,0.000,0.000,0.000,0.000,-45.069,31.653,0.000,0.000,0.000,0.000,0.000,0.000,0.013,3.2,11.30,28.0,0.000,0.000,0.000,0.006,0.000,0.000,0.006,0.000,0.000,0.000,0.000,0.006,0.000,0.013,0.000,0.000,0.006,0.006
34.5075,345,0,move,-1,34.5075,34.5152,0,0.000,-0.088,0.176,-0.176,-0.088,0.088,-0.264,-0.088,0.176,0.088,-45.527,31.641,-0.088,0.264,0.000,0.000,0.439,0.176,0.000,0.000,0.000,0.000,0.000,0.000,0.000,0.000,0.000,0.000,-44.421,31.329,0.000,0.000,0.000,0.000,0.000,0.000,0.013,3.2,11.30,28.0,0.000,0.000,0.000,0.006,0.000,0.000,0.006,0.000,0.000,0.000,0.000,0.006,0.000,0.013,0.000,0.000,0.006,0.006
34.6073,346,0,move,-1,34.6073,34.6184,0,0.000,-0.088,0.176,-0.176,-0.088,0.088,-0.264,-0.088,0.176,0.088,-44.824,31.377,-0.088,0.264,0.000,0.000,0.439,0.176,0.000,0.000,0.000,0.000,0.000,0.000,0.000,0.000,0.000,0.000,-43.833,31.033,0.000,0.000,0.000,0.000,0.000,0.000,0.006,2.4,11.30,32.0,0.000,0.000,0.000,0.006,0.000,0.000,0.000,0.000,0.000,0.000,0.000,0.006,0.000,0.006,0.000,0.000,0.006,0.000
34.7073,347,0,move,-1,34.7073,34.7177,0,0.000,-0.088,0.176,-0.176,-0.088,0.088,-0.264,-0.088,0.176,0.088,-44.209,31.025,-0.088,0.264,0.000,0.000,0.439,0.176,0.000,0.000,0.000,0.000,0.000,0.000,0.000,0.000,0.000,0.000,-43.362,30.795,0.000,0.000,0.000,0.000,0.000,0.000,0.006,2.4,11.30,32.0,0.000,0.000,0.000,0.006,0.000,0.000,0.000,0.000,0.000,0.000,0.000,0.006,0.000,0.006,0.000,0.000,0.006,0.000
34.8075,348,0,move,-1,34.8075,34.8184,0,0.000,-0.088,0.176,-0.176,-0.088,0.088,-0.264,-0.088,0.176,0.088,-43.682,30.850,-0.088,0.264,0.000,0.000,0.439,0.176,0.000,0.000,0.000,0.000,0.000,0.000,0.000,0.000,0.000,0.000,-43.059,30.640,0.000,0.000,0.000,0.000,0.000,0.000,0.013,3.2,11.30,28.0,0.000,0.000,0.000,0.006,0.000,0.000,0.006,0.000,0.006,0.000,0.000,0.006,0.000,0.013,0.000,0.000,0.013,0.000
34.9073,349,0,move,-1,34.9073,34.9178,0,0.000,-0.088,0.176,-0.176,-0.088,0.088,-0.264,-0.088,0.176,0.088,-43.154,30.674,-0.088,0.264,0.000,0.000,0.439,0.176,0.000,0.000,0.000,0.000,0.000,0.000,0.000,0.000,0.000,0.000,-42.955,30.587,0.000,0.000,0.000,0.000,0.000,0.000,0.013,3.2,11.30,28.0,0.000,0.000,0.000,0.006,0.000,0.000,0.006,0.000,0.006,0.000,0.000,0.006,0.000,0.013,0.000,0.000,0.013,0.000
35.0077,350,0,move,-1,35.0077,35.1101,0,0.000,-0.088,0.176,-0.176,-0.088,0.088,-0.264,-0.088,0.176,0.088,-43.154,30.674,-0.088,0.264,0.000,0.000,0.439,0.176,0.000,0.000,0.000,0.000,0.000,0.000,0.000,0.000,0.000,0.000,-42.955,30.587,0.000,0.000,0.000,0.000,0.000,0.000,0.013,4.8,11.30,31.0,0.000,0.000,0.000,0.006,0.000,0.000,0.006,0.000,0.006,0.000,0.000,0.000,0.000,0.006,0.000,0.000,0.013,0.000
35.1361,351,0,move,-1,35.1361,35.1535,0,0.000,-0.088,0.176,-0.176,-0.088,0.088,-0.264,-0.088,0.176,0.088,-43.154,30.674,-0.088,0.264,0.000,0.000,0.439,0.176,0.000,0.000,0.000,0.000,0.000,0.000,0.000,0.000,0.000,0.000,-42.955,30.587,0.000,0.000,0.000,0.000,0.000,0.000,0.013,4.8,11.30,31.0,0.000,0.000,0.000,0.006,0.000,0.000,0.006,0.000,0.006,0.000,0.000,0.000,0.000,0.006,0.000,0.000,0.013,0.000
35.2113,352,0,move,-1,35.2113,35.2227,0,0.000,-0.088,0.176,-0.176,-0.088,0.088,-0.264,-0.088,0.176,0.088,-43.154,30.674,-0.088,0.264,0.000,0.000,0.439,0.176,0.000,0.000,0.000,0.000,0.000,0.000,0.000,0.000,0.000,0.000,-42.955,30.587,0.000,0.000,0.000,0.000,0.000,0.000,0.013,4.8,11.30,31.0,0.000,0.000,0.000,0.006,0.000,0.000,0.006,0.000,0.000,0.000,0.000,0.000,0.000,0.006,0.000,0.000,0.013,0.006
35.3075,353,0,move,-1,35.3075,35.3190,0,0.000,-0.088,0.176,-0.176,-0.088,0.088,-0.264,-0.088,0.176,0.088,-43.154,30.674,-0.088,0.264,0.000,0.000,0.439,0.176,0.000,0.000,0.000,0.000,0.000,0.000,0.000,0.000,0.000,0.000,-42.955,30.587,0.000,0.000,0.000,0.000,0.000,0.000,0.013,4.8,11.30,31.0,0.000,0.000,0.000,0.006,0.000,0.000,0.006,0.000,0.000,0.000,0.000,0.000,0.000,0.006,0.000,0.000,0.013,0.006
35.4076,354,0,move,-1,35.4076,35.4190,0,0.000,-0.088,0.176,-0.176,-0.088,0.088,-0.264,-0.088,0.176,0.088,-43.154,30.674,-0.088,0.264,0.000,0.000,0.439,0.176,0.000,0.000,0.000,0.000,0.000,0.000,0.000,0.000,0.000,0.000,-42.955,30.587,0.000,0.000,0.000,0.000,0.000,0.000,0.013,3.2,11.30,28.0,0.000,0.000,0.000,0.000,0.000,0.000,0.006,0.000,0.000,0.000,0.006,0.000,0.000,0.013,0.000,0.000,0.006,0.006
35.5075,355,0,move,-1,35.5075,35.5178,0,0.000,-0.088,0.176,-0.176,-0.088,0.088,-0.264,-0.088,0.176,0.088,-43.154,30.674,-0.088,0.264,0.000,0.000,0.439,0.176,0.000,0.000,0.000,0.000,0.000,0.000,0.000,0.000,0.000,0.000,-42.955,30.587,0.000,0.000,0.000,0.000,0.000,0.000,0.013,3.2,11.30,28.0,0.000,0.000,0.000,0.000,0.000,0.000,0.006,0.000,0.000,0.000,0.006,0.000,0.000,0.013,0.000,0.000,0.006,0.006
35.6073,356,0,move,-1,35.6073,35.6141,0,0.000,-0.088,0.176,-0.176,-0.088,0.088,-0.264,-0.088,0.176,0.088,-43.154,30.674,-0.088,0.264,0.000,0.000,0.439,0.176,0.000,0.000,0.000,0.000,0.000,0.000,0.000,0.000,0.000,0.000,-42.955,30.587,0.000,0.000,0.000,0.000,0.000,0.000,0.013,4.8,11.30,31.0,0.000,0.000,0.000,0.006,0.000,0.000,0.006,0.000,0.000,0.000,0.000,0.000,0.000,0.006,0.000,0.000,0.013,0.000
35.7074,357,0,move,-1,35.7074,35.7187,0,0.000,-0.088,0.176,-0.176,-0.088,0.088,-0.264,-0.088,0.176,0.088,-43.154,30.674,-0.088,0.264,0.000,0.000,0.439,0.176,0.000,0.000,0.000,0.000,0.000,0.000,0.000,0.000,0.000,0.000,-42.955,30.587,0.000,0.000,0.000,0.000,0.000,0.000,0.006,2.4,11.30,32.0,0.000,0.000,0.000,0.006,0.000,0.000,0.000,0.000,0.000,0.000,0.000,0.000,0.000,0.006,0.000,0.000,0.006,0.000
35.8075,358,0,move,-1,35.8075,35.8181,0,0.000,-0.088,0.176,-0.176,-0.088,0.088,-0.264,-0.088,0.176,0.088,-43.154,30.674,-0.088,0.264,0.000,0.000,0.439,0.176,0.000,0.000,0.000,0.000,0.000,0.000,0.000,0.000,0.000,0.000,-42.955,30.587,0.000,0.000,0.000,0.000,0.000,0.000,0.006,2.4,11.30,32.0,0.000,0.000,0.000,0.006,0.000,0.000,0.000,0.000,0.000,0.000,0.000,0.000,0.000,0.006,0.000,0.000,0.006,0.000
35.9075,359,0,move,-1,35.9075,35.9200,0,0.000,-0.088,0.176,-0.176,-0.088,0.088,-0.264,-0.088,0.176,0.088,-43.154,30.674,-0.088,0.264,0.000,0.000,0.439,0.176,0.000,0.000,0.000,0.000,0.000,0.000,0.000,0.000,0.000,0.000,-42.955,30.587,0.000,0.000,0.000,0.000,0.000,0.000,0.013,4.8,11.30,31.0,0.000,0.000,0.006,0.000,0.000,0.000,0.006,0.000,0.000,0.000,0.006,0.000,0.000,0.006,0.000,0.000,0.013,0.000
36.0073,360,0,move,-1,36.0073,36.0176,0,0.000,-0.088,0.176,-0.176,-0.088,0.088,-0.264,-0.088,0.176,0.088,-43.154,30.674,-0.088,0.264,0.000,0.000,0.439,0.176,0.000,0.000,0.000,0.000,0.000,0.000,0.000,0.000,0.000,0.000,-42.955,30.587,0.000,0.000,0.000,0.000,0.000,0.000,0.013,4.8,11.30,31.0,0.000,0.000,0.006,0.000,0.000,0.000,0.006,0.000,0.000,0.000,0.006,0.000,0.000,0.006,0.000,0.000,0.013,0.000
36.1073,361,0,move,-1,36.1073,36.1174,0,0.000,-0.088,0.176,-0.176,-0.088,0.088,-0.264,-0.088,0.176,0.088,-43.154,30.674,-0.088,0.264,0.000,0.000,0.439,0.176,0.000,0.000,0.000,0.000,0.000,0.000,0.000,0.000,0.000,0.000,-42.955,30.587,0.000,0.000,0.000,0.000,0.000,0.000,0.006,3.2,11.30,32.0,0.000,0.000,0.000,0.000,0.000,0.000,0.006,0.000,0.006,0.000,0.000,0.000,0.000,0.006,0.000,0.000,0.006,0.000
36.2074,362,0,move,-1,36.2074,36.2189,0,0.000,-0.088,0.176,-0.176,-0.088,0.088,-0.264,-0.088,0.176,0.088,-43.154,30.674,-0.088,0.264,0.000,0.000,0.439,0.176,0.000,0.000,0.000,0.000,0.000,0.000,0.000,0.000,0.000,0.000,-42.955,30.587,0.000,0.000,0.000,0.000,0.000,0.000,0.013,3.2,11.30,28.0,0.000,0.000,0.000,0.000,0.000,0.000,0.006,0.000,0.006,0.000,0.006,0.000,0.000,0.013,0.000,0.006,0.006,0.000
36.3074,363,0,move,-1,36.3074,36.3211,0,0.000,-0.088,0.176,-0.176,-0.088,0.088,-0.264,-0.088,0.176,0.088,-43.154,30.674,-0.088,0.264,0.000,0.000,0.439,0.176,0.000,0.000,0.000,0.000,0.000,0.000,0.000,0.000,0.000,0.000,-42.955,30.587,0.000,0.000,0.000,0.000,0.000,0.000,0.013,3.2,11.30,28.0,0.000,0.000,0.000,0.000,0.000,0.000,0.006,0.000,0.000,0.000,0.006,0.000,0.000,0.013,0.000,0.000,0.006,0.000
36.4075,364,0,move,-1,36.4075,36.4173,0,0.000,-0.088,0.176,-0.176,-0.088,0.088,-0.264,-0.088,0.176,0.088,-43.154,30.674,-0.088,0.264,0.000,0.000,0.439,0.176,0.000,0.000,0.000,0.000,0.000,0.000,0.000,0.000,0.000,0.000,-42.955,30.587,0.000,0.000,0.000,0.000,0.000,0.000,0.013,3.2,11.30,28.0,0.000,0.000,0.000,0.000,0.000,0.000,0.006,0.000,0.000,0.000,0.006,0.000,0.000,0.013,0.000,0.000,0.006,0.000
36.5073,365,0,move,-1,36.5073,36.5180,0,0.000,-0.088,0.176,-0.176,-0.088,0.088,-0.264,-0.088,0.176,0.088,-43.154,30.674,-0.088,0.264,0.000,0.000,0.439,0.176,0.000,0.000,0.000,0.000,0.000,0.000,0.000,0.000,0.000,0.000,-42.955,30.587,0.000,0.000,0.000,0.000,0.000,0.000,0.006,2.4,11.30,32.0,0.000,0.000,0.006,0.000,0.000,0.000,0.006,0.000,0.000,0.000,0.000,0.000,0.000,0.006,0.000,0.000,0.006,0.000
36.6073,366,0,move,-1,36.6073,36.6151,0,0.000,-0.088,0.176,-0.176,-0.088,0.088,-0.264,-0.088,0.176,0.088,-43.154,30.674,-0.088,0.264,0.000,0.000,0.439,0.176,0.000,0.000,0.000,0.000,0.000,0.000,0.000,0.000,0.000,0.000,-42.955,30.587,0.000,0.000,0.000,0.000,0.000,0.000,0.006,2.4,11.30,32.0,0.000,0.000,0.006,0.000,0.000,0.000,0.006,0.000,0.000,0.000,0.000,0.000,0.000,0.006,0.000,0.000,0.006,0.000
36.7075,367,0,move,-1,36.7075,36.7211,0,0.000,-0.088,0.176,-0.176,-0.088,0.088,-0.264,-0.088,0.176,0.088,-43.154,30.674,-0.088,0.264,0.000,0.000,0.439,0.176,0.000,0.000,0.000,0.000,0.000,0.000,0.000,0.000,0.000,0.000,-42.955,30.587,0.000,0.000,0.000,0.000,0.000,0.000,0.006,3.2,11.30,29.0,0.000,0.000,0.000,0.000,0.000,0.000,0.000,0.000,0.000,0.000,0.000,0.000,0.000,0.006,0.000,0.000,0.006,0.000
36.8094,368,0,move,-1,36.8094,36.8349,0,0.000,-0.088,0.176,-0.176,-0.088,0.088,-0.264,-0.088,0.176,0.088,-43.154,30.674,-0.088,0.264,0.000,0.000,0.439,0.176,0.000,0.000,0.000,0.000,0.000,0.000,0.000,0.000,0.000,0.000,-42.955,30.587,0.000,0.000,0.000,0.000,0.000,0.000,0.013,3.2,11.30,28.0,0.000,0.000,0.000,0.000,0.000,0.000,0.006,0.000,0.000,0.000,0.006,0.000,0.000,0.013,0.000,0.000,0.006,0.006
36.9076,369,0,move,-1,36.9076,36.9188,0,0.000,-0.088,0.176,-0.176,-0.088,0.088,-0.264,-0.088,0.176,0.088,-43.154,30.674,-0.088,0.264,0.000,0.000,0.439,0.176,0.000,0.000,0.000,0.000,0.000,0.000,0.000,0.000,0.000,0.000,-42.955,30.587,0.000,0.000,0.000,0.000,0.000,0.000,0.013,3.2,11.30,28.0,0.000,0.000,0.000,0.000,0.000,0.000,0.006,0.000,0.000,0.000,0.006,0.000,0.000,0.013,0.000,0.000,0.006,0.006
37.0110,370,0,move,-1,37.0110,37.0675,0,0.000,-0.088,0.176,-0.176,-0.088,0.088,-0.264,-0.088,0.176,0.088,-43.154,30.674,-0.088,0.264,0.000,0.000,0.439,0.176,0.000,0.000,0.000,0.000,0.000,0.000,0.000,0.000,0.000,0.000,-42.955,30.587,0.000,0.000,0.000,0.000,0.000,0.000,0.013,4.8,11.30,31.0,0.000,0.000,0.000,0.000,0.000,0.000,0.006,0.000,0.000,0.000,0.000,0.000,0.000,0.006,0.000,0.000,0.013,0.006
37.1073,371,0,move,-1,37.1073,37.1217,0,0.000,-0.088,0.176,-0.176,-0.088,0.088,-0.264,-0.088,0.176,0.088,-43.154,30.674,-0.088,0.264,0.000,0.000,0.439,0.176,0.000,0.000,0.000,0.000,0.000,0.000,0.000,0.000,0.000,0.000,-42.955,30.587,0.000,0.000,0.000,0.000,0.000,0.000,0.013,4.8,11.30,31.0,0.000,0.000,0.000,0.000,0.000,0.000,0.006,0.000,0.000,0.000,0.000,0.000,0.000,0.006,0.000,0.000,0.013,0.006
37.2074,372,0,move,-1,37.2074,37.2192,0,0.000,-0.088,0.176,-0.176,-0.088,0.088,-0.264,-0.088,0.176,0.088,-43.154,30.674,-0.088,0.264,0.000,0.000,0.439,0.176,0.000,0.000,0.000,0.000,0.000,0.000,0.000,0.000,0.000,0.000,-42.955,30.587,0.000,0.000,0.000,0.000,0.000,0.000,0.013,3.2,11.30,28.0,0.000,0.000,0.000,0.006,0.000,0.000,0.000,0.000,0.006,0.000,0.006,0.000,0.000,0.013,0.000,0.000,0.006,0.006
37.3074,373,0,move,-1,37.3074,37.3178,0,0.000,-0.088,0.176,-0.176,-0.088,0.088,-0.264,-0.088,0.176,0.088,-43.154,30.674,-0.088,0.264,0.000,0.000,0.439,0.176,0.000,0.000,0.000,0.000,0.000,0.000,0.000,0.000,0.000,0.000,-42.955,30.587,0.000,0.000,0.000,0.000,0.000,0.000,0.013,3.2,11.30,28.0,0.000,0.000,0.000,0.006,0.000,0.000,0.000,0.000,0.006,0.000,0.006,0.000,0.000,0.013,0.000,0.000,0.006,0.006
37.4088,374,0,move,-1,37.4088,37.4191,0,0.000,-0.088,0.176,-0.176,-0.088,0.088,-0.264,-0.088,0.176,0.088,-43.154,30.674,-0.088,0.264,0.000,0.000,0.439,0.176,0.000,0.000,0.000,0.000,0.000,0.000,0.000,0.000,0.000,0.000,-42.955,30.587,0.000,0.000,0.000,0.000,0.000,0.000,0.013,3.2,11.30,28.0,0.000,0.000,0.000,0.000,0.000,0.000,0.006,0.000,0.000,0.000,0.006,0.000,0.000,0.013,0.000,0.000,0.006,0.006
37.5073,375,0,move,-1,37.5073,37.5205,0,0.000,-0.088,0.176,-0.176,-0.088,0.088,-0.264,-0.088,0.176,0.088,-43.154,30.674,-0.088,0.264,0.000,0.000,0.439,0.176,0.000,0.000,0.000,0.000,0.000,0.000,0.000,0.000,0.000,0.000,-42.955,30.587,0.000,0.000,0.000,0.000,0.000,0.000,0.013,3.2,11.30,28.0,0.000,0.000,0.006,0.000,0.000,0.000,0.000,0.000,0.000,0.000,0.006,0.000,0.000,0.013,0.000,0.006,0.006,0.000
37.6075,376,0,move,-1,37.6075,37.6189,0,0.000,-0.088,0.176,-0.176,-0.088,0.088,-0.264,-0.088,0.176,0.088,-43.154,30.674,-0.088,0.264,0.000,0.000,0.439,0.176,0.000,0.000,0.000,0.000,0.000,0.000,0.000,0.000,0.000,0.000,-42.955,30.587,0.000,0.000,0.000,0.000,0.000,0.000,0.013,3.2,11.30,28.0,0.000,0.000,0.006,0.000,0.000,0.000,0.000,0.000,0.000,0.000,0.006,0.000,0.000,0.013,0.000,0.006,0.006,0.000
37.7076,377,0,move,-1,37.7076,37.7202,0,0.000,-0.088,0.176,-0.176,-0.088,0.088,-0.264,-0.088,0.176,0.088,-43.154,30.674,-0.088,0.264,0.000,0.000,0.439,0.176,0.000,0.000,0.000,0.000,0.000,0.000,0.000,0.000,0.000,0.000,-42.955,30.587,0.000,0.000,0.000,0.000,0.000,0.000,0.006,2.4,11.30,32.0,0.000,0.000,0.000,0.006,0.000,0.000,0.006,0.000,0.006,0.000,0.000,0.000,0.000,0.000,0.000,0.000,0.006,0.000
37.8075,378,0,move,-1,37.8075,37.8205,0,0.000,-0.088,0.176,-0.176,-0.088,0.088,-0.264,-0.088,0.176,0.088,-43.154,30.674,-0.088,0.264,0.000,0.000,0.439,0.176,0.000,0.000,0.000,0.000,0.000,0.000,0.000,0.000,0.000,0.000,-42.955,30.587,0.000,0.000,0.000,0.000,0.000,0.000,0.006,3.2,11.30,32.0,0.000,0.000,0.000,0.000,0.000,0.000,0.006,0.000,0.000,0.000,0.006,0.000,0.000,0.006,0.000,0.000,0.006,0.006
37.9073,379,0,move,-1,37.9073,37.9188,0,0.000,-0.088,0.176,-0.176,-0.088,0.088,-0.264,-0.088,0.176,0.088,-43.154,30.674,-0.088,0.264,0.000,0.000,0.439,0.176,0.000,0.000,0.000,0.000,0.000,0.000,0.000,0.000,0.000,0.000,-42.955,30.587,0.000,0.000,0.000,0.000,0.000,0.000,0.006,3.2,11.30,32.0,0.000,0.000,0.000,0.000,0.000,0.000,0.006,0.000,0.000,0.000,0.006,0.000,0.000,0.006,0.000,0.000,0.006,0.006
38.0075,380,0,move,-1,38.0075,38.0199,0,0.000,-0.088,0.176,-0.176,-0.088,0.088,-0.264,-0.088,0.176,0.088,-43.154,30.674,-0.088,0.264,0.000,0.000,0.439,0.176,0.000,0.000,0.000,0.000,0.000,0.000,0.000,0.000,0.000,0.000,-43.059,30.640,0.000,0.000,0.000,0.000,0.000,0.000,0.013,3.2,11.30,28.0,0.000,0.000,0.000,0.006,0.000,0.000,0.006,0.000,0.000,0.000,0.006,0.000,0.000,0.013,0.000,0.000,0.006,0.000
38.1075,381,0,move,-1,38.1075,38.1190,0,0.000,-0.088,0.176,-0.176,-0.088,0.088,-0.264,-0.088,0.176,0.088,-43.154,30.674,-0.088,0.264,0.000,0.000,0.439,0.176,0.000,0.000,0.000,0.000,0.000,0.000,0.000,0.000,0.000,0.000,-43.362,30.795,0.000,0.000,0.000,0.000,0.000,0.000,0.013,3.2,11.30,28.0,0.000,0.000,0.000,0.006,0.000,0.000,0.006,0.000,0.000,0.000,0.006,0.000,0.000,0.013,0.000,0.000,0.006,0.000
38.2075,382,0,move,-1,38.2075,38.2180,0,0.000,-0.088,0.176,-0.176,-0.088,0.088,-0.264,-0.088,0.176,0.088,-43.154,30.674,-0.088,0.264,0.000,0.000,0.439,0.176,0.000,0.000,0.000,0.000,0.000,0.000,0.000,0.000,0.000,0.000,-43.833,31.033,0.000,0.000,0.000,0.000,0.000,0.000,0.013,3.2,11.30,28.0,0.000,0.000,0.000,0.006,0.000,0.000,0.000,0.000,0.000,0.000,0.000,0.000,0.000,0.013,0.000,0.000,0.006,0.006
38.3075,383,0,move,-1,38.3075,38.3205,0,0.000,-0.088,0.176,-0.176,-0.088,0.088,-0.264,-0.088,0.176,0.088,-43.154,31.113,-0.088,0.264,0.000,0.000,0.439,0.176,0.000,0.000,0.000,0.000,0.000,0.000,0.000,0.000,0.000,0.000,-44.421,31.329,0.000,0.000,0.000,0.000,0.000,0.000,0.019,7.6,11.30,31.0,0.000,0.000,0.006,0.006,0.000,0.000,0.000,0.000,0.000,0.000,0.019,0.013,0.000,0.006,0.000,0.000,0.006,0.000
38.4075,384,0,move,-1,38.4075,38.4215,0,0.000,-0.088,0.176,-0.176,-0.088,0.088,-0.264,-0.088,0.176,0.088,-43.857,31.113,-0.088,0.264,0.000,0.000,0.439,0.176,0.000,0.000,0.000,0.000,0.000,0.000,0.000,0.000,0.000,0.000,-45.069,31.653,0.000,0.000,0.000,0.000,0.000,0.000,0.006,3.2,11.30,32.0,0.000,0.000,0.000,0.000,0.000,0.000,0.006,0.000,0.000,0.000,0.006,0.006,0.000,0.006,0.000,0.000,0.006,0.006
38.5164,385,0,move,-1,38.5164,38.6170,0,0.000,-0.088,0.176,-0.176,-0.088,0.088,-0.264,-0.088,0.176,0.088,-44.648,31.553,-0.088,0.264,0.000,0.000,0.439,0.176,0.000,0.000,0.000,0.000,0.000,0.000,0.000,0.000,0.000,0.000,-45.712,31.972,0.000,0.000,0.000,0.000,0.000,0.000,0.013,6.8,11.30,31.0,0.000,0.000,0.006,0.000,0.000,0.000,0.006,0.000,0.000,0.000,0.013,0.000,0.000,0.013,0.000,0.000,0.006,0.000
38.6433,386,0,move,-1,38.6433,38.6591,0,0.000,-0.088,0.176,-0.176,-0.088,0.088,-0.264,-0.088,0.176,0.088,-45.000,31.992,-0.088,0.264,0.000,0.000,0.439,0.176,0.000,0.000,0.000,0.000,0.000,0.000,0.000,0.000,0.000,0.000,-46.288,32.255,0.000,0.000,0.000,0.000,0.000,0.000,0.013,6.8,11.30,31.0,0.000,0.000,0.006,0.000,0.000,0.000,0.006,0.000,0.000,0.000,0.013,0.000,0.000,0.013,0.000,0.000,0.006,0.000
38.7652,387,0,move,-1,38.7652,38.7911,0,0.000,-0.088,0.176,-0.176,-0.088,0.088,-0.264,-0.088,0.176,0.088,-45.879,32.256,-0.088,0.264,0.000,0.000,0.439,0.176,0.000,0.000,0.000,0.000,0.000,0.000,0.000,0.000,0.000,0.000,-46.742,32.477,0.000,0.000,0.000,0.000,0.000,0.000,0.006,3.2,11.20,32.0,0.000,0.000,0.000,0.000,0.000,0.000,0.006,0.000,0.000,0.000,0.006,0.006,0.000,0.006,0.000,0.000,0.006,0.000
38.8077,388,0,move,-1,38.8077,38.8150,0,0.000,-0.088,0.176,-0.176,-0.088,0.088,-0.264,-0.088,0.176,0.088,-45.879,32.256,-0.088,0.264,0.000,0.000,0.439,0.176,0.000,0.000,0.000,0.000,0.000,0.000,0.000,0.000,0.000,0.000,-47.033,32.619,0.000,0.000,0.000,0.000,0.000,0.000,0.006,3.2,11.20,32.0,0.000,0.000,0.000,0.000,0.000,0.000,0.006,0.000,0.000,0.000,0.006,0.006,0.000,0.006,0.000,0.000,0.006,0.000
38.9075,389,0,move,-1,38.9075,38.9177,0,0.000,-0.088,0.176,-0.176,-0.088,0.088,-0.264,-0.088,0.176,0.088,-46.582,32.607,-0.088,0.264,0.000,0.000,0.439,0.176,0.000,0.000,0.000,0.000,0.000,0.000,0.000,0.000,0.000,0.000,-47.133,32.667,0.000,0.000,0.000,0.000,0.000,0.000,0.013,8.4,11.30,31.0,0.000,0.000,0.000,0.000,0.000,0.000,0.000,0.000,0.000,0.000,0.013,0.006,0.000,0.013,0.000,0.000,0.013,0.006
39.0075,390,0,move,-1,39.0075,39.0204,0,0.000,-0.088,0.176,-0.176,-0.088,0.088,-0.264,-0.088,0.176,0.088,-46.582,32.695,-0.088,0.264,0.000,0.000,0.439,0.176,0.000,0.000,0.000,0.000,0.000,0.000,0.000,0.000,0.000,0.000,-47.133,32.667,0.000,0.000,0.000,0.000,0.000,0.000,0.013,5.6,11.20,31.0,0.000,0.000,0.000,0.000,0.000,0.000,0.000,0.000,0.006,0.000,0.013,0.000,0.000,0.006,0.000,0.000,0.013,0.000
39.1073,391,0,move,-1,39.1073,39.1180,0,0.000,-0.088,0.176,-0.176,-0.088,0.088,-0.264,-0.088,0.176,0.088,-46.582,32.695,-0.088,0.264,0.000,0.000,0.439,0.176,0.000,0.000,0.000,0.000,0.000,0.000,0.000,0.000,0.000,0.000,-47.133,32.667,0.000,0.000,0.000,0.000,0.000,0.000,0.013,5.6,11.20,31.0,0.000,0.000,0.000,0.000,0.000,0.000,0.000,0.000,0.006,0.000,0.013,0.000,0.000,0.006,0.000,0.000,0.013,0.000
39.2075,392,0,move,-1,39.2075,39.2188,0,0.000,-0.088,0.176,-0.176,-0.088,0.088,-0.264,-0.088,0.176,0.088,-46.582,32.695,-0.088,0.264,0.000,0.000,0.439,0.176,0.000,0.000,0.000,0.000,0.000,0.000,0.000,0.000,0.000,0.000,-47.133,32.667,0.000,0.000,0.000,0.000,0.000,0.000,0.013,5.6,11.30,31.0,0.000,0.000,0.000,0.000,0.000,0.000,0.000,0.000,0.000,0.000,0.013,0.000,0.000,0.013,0.000,0.000,0.013,0.000
39.3076,393,0,move,-1,39.3076,39.3201,0,0.000,-0.088,0.176,-0.176,-0.088,0.088,-0.264,-0.088,0.176,0.088,-46.582,32.695,-0.088,0.264,0.000,0.000,0.439,0.176,0.000,0.000,0.000,0.000,0.000,0.000,0.000,0.000,0.000,0.000,-47.133,32.667,0.000,0.000,0.000,0.000,0.000,0.000,0.013,5.6,11.30,31.0,0.000,0.000,0.000,0.006,0.000,0.000,0.006,0.000,0.000,0.000,0.013,0.000,0.000,0.006,0.000,0.000,0.013,0.006
39.4075,394,0,move,-1,39.4075,39.4185,0,0.000,-0.088,0.176,-0.176,-0.088,0.088,-0.264,-0.088,0.176,0.088,-46.582,32.695,-0.088,0.264,0.000,0.000,0.439,0.176,0.000,0.000,0.000,0.000,0.000,0.000,0.000,0.000,0.000,0.000,-47.133,32.667,0.000,0.000,0.000,0.000,0.000,0.000,0.013,5.6,11.30,31.0,0.000,0.000,0.000,0.006,0.000,0.000,0.006,0.000,0.000,0.000,0.013,0.000,0.000,0.006,0.000,0.000,0.013,0.006
39.5076,395,0,move,-1,39.5076,39.5191,0,0.000,-0.088,0.176,-0.176,-0.088,0.088,-0.264,-0.088,0.176,0.088,-46.582,32.695,-0.088,0.264,0.000,0.000,0.439,0.176,0.000,0.000,0.000,0.000,0.000,0.000,0.000,0.000,0.000,0.000,-47.133,32.667,0.000,0.000,0.000,0.000,0.000,0.000,0.013,5.6,11.30,31.0,0.000,0.000,0.000,0.006,0.000,0.000,0.006,0.000,0.006,0.000,0.013,0.000,0.000,0.013,0.000,0.000,0.006,0.006
39.6075,396,0,move,-1,39.6075,39.6205,0,0.000,-0.088,0.176,-0.176,-0.088,0.088,-0.264,-0.088,0.176,0.088,-46.582,32.695,-0.088,0.264,0.000,0.000,0.439,0.176,0.000,0.000,0.000,0.000,0.000,0.000,0.000,0.000,0.000,0.000,-47.133,32.667,0.000,0.000,0.000,0.000,0.000,0.000,0.013,5.6,11.20,31.0,0.000,0.000,0.000,0.000,0.000,0.000,0.006,0.000,0.006,0.000,0.013,0.000,0.000,0.013,0.000,0.000,0.006,0.000
39.7073,397,0,move,-1,39.7073,39.7200,0,0.000,-0.088,0.176,-0.176,-0.088,0.088,-0.264,-0.088,0.176,0.088,-46.582,32.695,-0.088,0.264,0.000,0.000,0.439,0.176,0.000,0.000,0.000,0.000,0.000,0.000,0.000,0.000,0.000,0.000,-47.133,32.667,0.000,0.000,0.000,0.000,0.000,0.000,0.013,5.6,11.20,31.0,0.000,0.000,0.000,0.000,0.000,0.000,0.006,0.000,0.006,0.000,0.013,0.000,0.000,0.013,0.000,0.000,0.006,0.000
39.8073,398,0,move,-1,39.8073,39.8162,0,0.000,-0.088,0.176,-0.176,-0.088,0.088,-0.264,-0.088,0.176,0.088,-46.582,32.695,-0.088,0.264,0.000,0.000,0.439,0.176,0.000,0.000,0.000,0.000,0.000,0.000,0.000,0.000,0.000,0.000,-47.133,32.667,0.000,0.000,0.000,0.000,0.000,0.000,0.013,5.6,11.30,31.0,0.000,0.000,0.000,0.000,0.000,0.000,0.006,0.000,0.006,0.000,0.013,0.000,0.000,0.006,0.000,0.000,0.006,0.006
39.9075,399,0,move,-1,39.9075,39.9202,0,0.000,-0.088,0.176,-0.176,-0.088,0.088,-0.264,-0.088,0.176,0.088,-46.582,32.695,-0.088,0.264,0.000,0.000,0.439,0.176,0.000,0.000,0.000,0.000,0.000,0.000,0.000,0.000,0.000,0.000,-47.133,32.667,0.000,0.000,0.000,0.000,0.000,0.000,0.006,5.6,11.30,31.0,0.000,0.000,0.000,0.000,0.000,0.000,0.000,0.000,0.000,0.000,0.006,0.000,0.000,0.006,0.000,0.000,0.006,0.006
40.0075,400,0,move,-1,40.0075,40.0200,0,0.000,-0.088,0.176,-0.176,-0.088,0.088,-0.264,-0.088,0.176,0.088,-46.582,32.695,-0.088,0.264,0.000,0.000,0.439,0.176,0.000,0.000,0.000,0.000,0.000,0.000,0.000,0.000,0.000,0.000,-47.133,32.667,0.000,0.000,0.000,0.000,0.000,0.000,0.006,5.6,11.30,31.0,0.000,0.000,0.000,0.000,0.000,0.000,0.000,0.000,0.000,0.000,0.006,0.000,0.000,0.006,0.000,0.000,0.006,0.006
40.1102,401,0,move,-1,40.1102,40.1744,0,0.000,-0.088,0.176,-0.176,-0.088,0.088,-0.264,-0.088,0.176,0.088,-46.582,32.695,-0.088,0.264,0.000,0.000,0.439,0.176,0.000,0.000,0.000,0.000,0.000,0.000,0.000,0.000,0.000,0.000,-47.133,32.667,0.000,0.000,0.000,0.000,0.000,0.000,0.013,5.6,11.30,31.0,0.000,0.000,0.000,0.000,0.000,0.000,0.006,0.000,0.000,0.000,0.013,0.000,0.000,0.013,0.000,0.000,0.006,0.000
40.2073,402,0,move,-1,40.2073,40.2185,0,0.000,-0.088,0.176,-0.176,-0.088,0.088,-0.264,-0.088,0.176,0.088,-46.582,32.695,-0.088,0.264,0.000,0.000,0.439,0.176,0.000,0.000,0.000,0.000,0.000,0.000,0.000,0.000,0.000,0.000,-47.133,32.667,0.000,0.000,0.000,0.000,0.000,0.000,0.013,5.6,11.30,31.0,0.000,0.000,0.000,0.000,0.000,0.000,0.006,0.000,0.000,0.000,0.013,0.000,0.000,0.013,0.000,0.000,0.006,0.000
40.3074,403,0,move,-1,40.3074,40.3205,0,0.000,-0.088,0.176,-0.176,-0.088,0.088,-0.264,-0.088,0.176,0.088,-46.582,32.695,-0.088,0.264,0.000,0.000,0.439,0.176,0.000,0.000,0.000,0.000,0.000,0.000,0.000,0.000,0.000,0.000,-47.133,32.667,0.000,0.000,0.000,0.000,0.000,0.000,0.013,3.2,11.30,28.0,0.000,0.000,0.000,0.000,0.000,0.000,0.000,0.000,0.006,0.000,0.006,0.000,0.000,0.013,0.000,0.000,0.006,0.006
40.4073,404,0,move,-1,40.4073,40.4188,0,0.000,-0.088,0.176,-0.176,-0.088,0.088,-0.264,-0.088,0.176,0.088,-46.582,32.695,-0.088,0.264,0.000,0.000,0.439,0.176,0.000,0.000,0.000,0.000,0.000,0.000,0.000,0.000,0.000,0.000,-47.133,32.667,0.000,0.000,0.000,0.000,0.000,0.000,0.013,3.2,11.30,28.0,0.000,0.000,0.000,0.000,0.000,0.000,0.000,0.000,0.006,0.000,0.006,0.000,0.000,0.013,0.000,0.000,0.006,0.006
40.5075,405,0,move,-1,40.5075,40.5195,0,0.000,-0.088,0.176,-0.176,-0.088,0.088,-0.264,-0.088,0.176,0.088,-46.582,32.695,-0.088,0.264,0.000,0.000,0.439,0.176,0.000,0.000,0.000,0.000,0.000,0.000,0.000,0.000,0.000,0.000,-47.133,32.667,0.000,0.000,0.000,0.000,0.000,0.000,0.006,2.4,11.30,32.0,0.000,0.000,0.006,0.000,0.000,0.000,0.000,0.000,0.000,0.000,0.006,0.000,0.000,0.006,0.000,0.000,0.006,0.006
40.6076,406,0,move,-1,40.6076,40.6191,0,0.000,-0.088,0.176,-0.176,-0.088,0.088,-0.264,-0.088,0.176,0.088,-46.582,32.695,-0.088,0.264,0.000,0.000,0.439,0.176,0.000,0.000,0.000,0.000,0.000,0.000,0.000,0.000,0.000,0.000,-47.133,32.667,0.000,0.000,0.000,0.000,0.000,0.000,0.006,2.4,11.30,32.0,0.000,0.000,0.006,0.000,0.000,0.000,0.000,0.000,0.000,0.000,0.006,0.000,0.000,0.006,0.000,0.000,0.006,0.006
40.7075,407,0,move,-1,40.7075,40.7181,0,0.000,-0.088,0.176,-0.176,-0.088,0.088,-0.264,-0.088,0.176,0.088,-46.582,32.695,-0.088,0.264,0.000,0.000,0.439,0.176,0.000,0.000,0.000,0.000,0.000,0.000,0.000,0.000,0.000,0.000,-47.133,32.667,0.000,0.000,0.000,0.000,0.000,0.000,0.013,3.2,11.30,28.0,0.000,0.000,0.000,0.006,0.000,0.000,0.000,0.000,0.000,0.000,0.006,0.000,0.000,0.013,0.000,0.000,0.013,0.000
40.8082,408,0,move,-1,40.8082,40.8518,0,0.000,-0.088,0.176,-0.176,-0.088,0.088,-0.264,-0.088,0.176,0.088,-46.582,32.695,-0.088,0.264,0.000,0.000,0.439,0.176,0.000,0.000,0.000,0.000,0.000,0.000,0.000,0.000,0.000,0.000,-47.133,32.667,0.000,0.000,0.000,0.000,0.000,0.000,0.013,5.6,11.30,31.0,0.000,0.000,0.000,0.006,0.000,0.000,0.000,0.000,0.000,0.000,0.013,0.000,0.000,0.013,0.000,0.000,0.006,0.000
40.9073,409,0,move,-1,40.9073,40.9301,0,0.000,-0.088,0.176,-0.176,-0.088,0.088,-0.264,-0.088,0.176,0.088,-46.582,32.695,-0.088,0.264,0.000,0.000,0.439,0.176,0.000,0.000,0.000,0.000,0.000,0.000,0.000,0.000,0.000,0.000,-47.133,32.667,0.000,0.000,0.000,0.000,0.000,0.000,0.013,5.6,11.30,31.0,0.000,0.000,0.000,0.006,0.000,0.000,0.000,0.000,0.000,0.000,0.013,0.000,0.000,0.013,0.000,0.000,0.006,0.000
41.0075,410,0,move,-1,41.0075,41.0187,0,0.000,-0.088,0.176,-0.176,-0.088,0.088,-0.264,-0.088,0.176,0.088,-46.582,32.695,-0.088,0.264,0.000,0.000,0.439,0.176,0.000,0.000,0.000,0.000,0.000,0.000,0.000,0.000,0.000,0.000,-47.133,32.667,0.000,0.000,0.000,0.000,0.000,0.000,0.006,2.4,11.30,32.0,0.000,0.000,0.000,0.006,0.000,0.000,0.006,0.000,0.000,0.000,0.006,0.000,0.000,0.006,0.000,0.000,0.006,0.006
41.1073,411,0,move,-1,41.1073,41.1188,0,0.000,-0.088,0.176,-0.176,-0.088,0.088,-0.264,-0.088,0.176,0.088,-46.582,32.695,-0.088,0.264,0.000,0.000,0.439,0.176,0.000,0.000,0.000,0.000,0.000,0.000,0.000,0.000,0.000,0.000,-47.133,32.667,0.000,0.000,0.000,0.000,0.000,0.000,0.006,3.2,11.30,32.0,0.000,0.000,0.000,0.000,0.000,0.000,0.006,0.000,0.000,0.000,0.006,0.000,0.000,0.006,0.000,0.000,0.006,0.006
41.2075,412,0,move,-1,41.2075,41.2196,0,0.000,-0.088,0.176,-0.176,-0.088,0.088,-0.264,-0.088,0.176,0.088,-46.582,32.695,-0.088,0.264,0.000,0.000,0.439,0.176,0.000,0.000,0.000,0.000,0.000,0.000,0.000,0.000,0.000,0.000,-47.133,32.667,0.000,0.000,0.000,0.000,0.000,0.000,0.013,3.2,11.30,28.0,0.000,0.000,0.000,0.006,0.000,0.000,0.006,0.000,0.000,0.000,0.006,0.000,0.000,0.013,0.000,0.000,0.006,0.000
41.3075,413,0,move,-1,41.3075,41.3230,0,0.000,-0.088,0.176,-0.176,-0.088,0.088,-0.264,-0.088,0.176,0.088,-46.582,32.695,-0.088,0.264,0.000,0.000,0.439,0.176,0.000,0.000,0.000,0.000,0.000,0.000,0.000,0.000,0.000,0.000,-47.133,32.667,0.000,0.000,0.000,0.000,0.000,0.000,0.013,5.6,11.30,31.0,0.000,0.000,0.000,0.000,0.000,0.000,0.006,0.000,0.000,0.000,0.013,0.000,0.000,0.013,0.000,0.000,0.006,0.006
41.4075,414,0,move,-1,41.4075,41.4189,0,0.000,-0.088,0.176,-0.176,-0.088,0.088,-0.264,-0.088,0.176,0.088,-46.582,32.695,-0.088,0.264,0.000,0.000,0.439,0.176,0.000,0.000,0.000,0.000,0.000,0.000,0.000,0.000,0.000,0.000,-47.133,32.667,0.000,0.000,0.000,0.000,0.000,0.000,0.013,5.6,11.30,31.0,0.000,0.000,0.000,0.000,0.000,0.000,0.006,0.000,0.000,0.000,0.013,0.000,0.000,0.013,0.000,0.000,0.006,0.006
41.5075,415,0,move,-1,41.5075,41.5195,0,0.000,-0.088,0.176,-0.176,-0.088,0.088,-0.264,-0.088,0.176,0.088,-46.582,32.695,-0.088,0.264,0.000,0.000,0.439,0.176,0.000,0.000,0.000,0.000,0.000,0.000,0.000,0.000,0.000,0.000,-47.133,32.667,0.000,0.000,0.000,0.000,0.000,0.000,0.013,5.6,11.30,31.0,0.000,0.000,0.000,0.000,0.000,0.000,0.006,0.000,0.006,0.000,0.013,0.000,0.000,0.013,0.000,0.000,0.006,0.006
41.6074,416,0,move,-1,41.6074,41.6162,0,0.000,-0.088,0.176,-0.176,-0.088,0.088,-0.264,-0.088,0.176,0.088,-46.582,32.695,-0.088,0.264,0.000,0.000,0.439,0.176,0.000,0.000,0.000,0.000,0.000,0.000,0.000,0.000,0.000,0.000,-47.133,32.667,0.000,0.000,0.000,0.000,0.000,0.000,0.013,5.6,11.30,31.0,0.000,0.000,0.000,0.000,0.000,0.000,0.006,0.000,0.006,0.000,0.013,0.000,0.000,0.013,0.000,0.000,0.006,0.006
41.7075,417,0,move,-1,41.7075,41.7194,0,0.000,-0.088,0.176,-0.176,-0.088,0.088,-0.264,-0.088,0.176,0.088,-46.582,32.695,-0.088,0.264,0.000,0.000,0.439,0.176,0.000,0.000,0.000,0.000,0.000,0.000,0.000,0.000,0.000,0.000,-47.133,32.667,0.000,0.000,0.000,0.000,0.000,0.000,0.013,5.6,11.30,31.0,0.000,0.000,0.000,0.000,0.000,0.000,0.000,0.000,0.000,0.000,0.013,0.000,0.000,0.013,0.000,0.000,0.006,0.000
41.8073,418,0,move,-1,41.8073,41.8181,0,0.000,-0.088,0.176,-0.176,-0.088,0.088,-0.264,-0.088,0.176,0.088,-46.582,32.695,-0.088,0.264,0.000,0.000,0.439,0.176,0.000,0.000,0.000,0.000,0.000,0.000,0.000,0.000,0.000,0.000,-47.133,32.667,0.000,0.000,0.000,0.000,0.000,0.000,0.013,5.6,11.30,31.0,0.000,0.000,0.000,0.000,0.000,0.000,0.000,0.000,0.000,0.000,0.013,0.000,0.000,0.013,0.000,0.000,0.006,0.000
41.9075,419,0,move,-1,41.9075,41.9190,0,0.000,-0.088,0.176,-0.176,-0.088,0.088,-0.264,-0.088,0.176,0.088,-46.582,32.695,-0.088,0.264,0.000,0.000,0.439,0.176,0.000,0.000,0.000,0.000,0.000,0.000,0.000,0.000,0.000,0.000,-47.133,32.667,0.000,0.000,0.000,0.000,0.000,0.000,0.013,5.6,11.30,31.0,0.000,0.000,0.000,0.000,0.000,0.000,0.000,0.000,0.006,0.000,0.013,0.000,0.000,0.006,0.000,0.000,0.006,0.000
42.0075,420,0,move,-1,42.0075,42.0177,0,0.000,-0.088,0.176,-0.176,-0.088,0.088,-0.264,-0.088,0.176,0.088,-46.582,32.695,-0.088,0.264,0.000,0.000,0.439,0.176,0.000,0.000,0.000,0.000,0.000,0.000,0.000,0.000,0.000,0.000,-47.233,32.716,0.000,0.000,0.000,0.000,0.000,0.000,0.013,5.6,11.30,31.0,0.000,0.000,0.000,0.000,0.000,0.000,0.000,0.000,0.006,0.000,0.013,0.000,0.000,0.006,0.000,0.000,0.006,0.000
42.1088,421,0,move,-1,42.1088,42.1892,0,0.000,-0.088,0.176,-0.176,-0.088,0.088,-0.264,-0.088,0.176,0.088,-46.582,32.695,-0.088,0.264,0.000,0.000,0.439,0.176,0.000,0.000,0.000,0.000,0.000,0.000,0.000,0.000,0.000,0.000,-47.522,32.856,0.000,0.000,0.000,0.000,0.000,0.000,0.000,0.0,11.30,31.0,0.000,0.000,0.000,0.000,0.000,0.000,0.000,0.000,0.000,0.000,0.000,0.000,0.000,0.000,0.000,0.000,0.000,0.000
42.2074,422,0,move,-1,42.2074,42.2180,0,0.000,-0.088,0.176,-0.176,-0.088,0.088,-0.264,-0.088,0.176,0.088,-46.582,32.695,-0.088,0.264,0.000,0.000,0.439,0.176,0.000,0.000,0.000,0.000,0.000,0.000,0.000,0.000,0.000,0.000,-47.971,33.071,0.000,0.000,0.000,0.000,0.000,0.000,0.000,0.0,11.30,31.0,0.000,0.000,0.000,0.000,0.000,0.000,0.000,0.000,0.000,0.000,0.000,0.000,0.000,0.000,0.000,0.000,0.000,0.000
42.3075,423,0,move,-1,42.3075,42.3185,0,0.000,-0.088,0.176,-0.176,-0.088,0.088,-0.264,-0.088,0.176,0.088,-47.109,33.135,-0.088,0.264,0.000,0.000,0.439,0.176,0.000,0.000,0.000,0.000,0.000,0.000,0.000,0.000,0.000,0.000,-48.535,33.340,0.000,0.000,0.000,0.000,0.000,0.000,0.019,10.0,11.30,31.0,0.000,0.000,0.000,0.000,0.000,0.000,0.006,0.000,0.000,0.000,0.019,0.006,0.000,0.006,0.000,0.000,0.006,0.000
42.4075,424,0,move,-1,42.4075,42.4205,0,0.000,-0.088,0.176,-0.176,-0.088,0.088,-0.264,-0.088,0.176,0.088,-47.900,33.135,-0.088,0.264,0.000,0.000,0.439,0.176,0.000,0.000,0.000,0.000,0.000,0.000,0.000,0.000,0.000,0.000,-49.154,33.634,0.000,0.000,0.000,0.000,0.000,0.000,0.019,7.6,11.30,31.0,0.000,0.000,0.000,0.000,0.000,0.000,0.000,0.000,0.000,0.000,0.019,0.006,0.000,0.013,0.000,0.000,0.006,0.006
42.5073,425,0,move,-1,42.5073,42.5190,0,0.000,-0.088,0.176,-0.176,-0.088,0.088,-0.264,-0.088,0.176,0.088,-48.428,33.574,-0.088,0.264,0.000,0.000,0.439,0.176,0.000,0.000,0.000,0.000,0.000,0.000,0.000,0.000,0.000,0.000,-49.772,33.924,0.000,0.000,0.000,0.000,0.000,0.000,0.019,7.6,11.30,31.0,0.000,0.000,0.000,0.000,0.000,0.000,0.000,0.000,0.000,0.000,0.019,0.006,0.000,0.013,0.000,0.000,0.006,0.006
42.6073,426,0,move,-1,42.6073,42.6176,0,0.000,-0.088,0.176,-0.176,-0.088,0.088,-0.264,-0.088,0.176,0.088,-49.043,33.926,-0.088,0.264,0.000,0.000,0.439,0.176,0.000,0.000,0.000,0.000,0.000,0.000,0.000,0.000,0.000,0.000,-50.327,34.182,0.000,0.000,0.000,0.000,0.000,0.000,0.006,6.8,11.30,31.0,0.000,0.000,0.000,0.000,0.000,0.000,0.000,0.000,0.000,0.000,0.006,0.000,0.000,0.006,0.000,0.000,0.006,0.000
42.7075,427,0,move,-1,42.7075,42.7201,0,0.000,-0.088,0.176,-0.176,-0.088,0.088,-0.264,-0.088,0.176,0.088,-49.658,34.014,-0.088,0.264,0.000,0.000,0.439,0.176,0.000,0.000,0.000,0.000,0.000,0.000,0.000,0.000,0.000,0.000,-50.765,34.384,0.000,0.000,0.000,0.000,0.000,0.000,0.013,6.8,11.30,31.0,0.000,0.000,0.000,0.000,0.000,0.000,0.000,0.000,0.000,0.000,0.013,0.006,0.000,0.013,0.000,0.000,0.013,0.006
42.8075,428,0,move,-1,42.8075,42.8239,0,0.000,-0.088,0.176,-0.176,-0.088,0.088,-0.264,-0.088,0.176,0.088,-50.098,34.365,-0.088,0.264,0.000,0.000,0.439,0.176,0.000,0.000,0.000,0.000,0.000,0.000,0.000,0.000,0.000,0.000,-51.045,34.512,0.000,0.000,0.000,0.000,0.000,0.000,0.013,7.6,11.30,31.0,0.000,0.000,0.000,0.006,0.000,0.000,0.006,0.000,0.000,0.000,0.013,0.006,0.000,0.006,0.000,0.000,0.006,0.000
42.9073,429,0,move,-1,42.9073,42.9180,0,0.000,-0.088,0.176,-0.176,-0.088,0.088,-0.264,-0.088,0.176,0.088,-50.537,34.453,-0.088,0.264,0.000,0.000,0.439,0.176,0.000,0.000,0.000,0.000,0.000,0.000,0.000,0.000,0.000,0.000,-51.141,34.556,0.000,0.000,0.000,0.000,0.000,0.000,0.013,7.6,11.30,31.0,0.000,0.000,0.000,0.006,0.000,0.000,0.006,0.000,0.000,0.000,0.013,0.006,0.000,0.006,0.000,0.000,0.006,0.000
43.0075,430,0,move,-1,43.0075,43.0190,0,0.000,-0.088,0.176,-0.176,-0.088,0.088,-0.264,-0.088,0.176,0.088,-50.537,34.453,-0.088,0.264,0.000,0.000,0.439,0.176,0.000,0.000,0.000,0.000,0.000,0.000,0.000,0.000,0.000,0.000,-51.141,34.556,0.000,0.000,0.000,0.000,0.000,0.000,0.013,6.8,11.30,31.0,0.000,0.000,0.006,0.000,0.000,0.000,0.000,0.000,0.000,0.000,0.013,0.006,0.000,0.006,0.000,0.000,0.006,0.000
43.1075,431,0,move,-1,43.1075,43.1178,0,0.000,-0.088,0.176,-0.176,-0.088,0.088,-0.264,-0.088,0.176,0.088,-50.625,34.453,-0.088,0.264,0.000,0.000,0.439,0.176,0.000,0.000,0.000,0.000,0.000,0.000,0.000,0.000,0.000,0.000,-51.141,34.556,0.000,0.000,0.000,0.000,0.000,0.000,0.013,6.8,11.30,31.0,0.000,0.000,0.006,0.000,0.000,0.000,0.000,0.000,0.000,0.000,0.013,0.006,0.000,0.006,0.000,0.000,0.006,0.000
43.2074,432,0,move,-1,43.2074,43.2196,0,0.000,-0.088,0.176,-0.176,-0.088,0.088,-0.264,-0.088,0.176,0.088,-50.625,34.453,-0.088,0.264,0.000,0.000,0.439,0.176,0.000,0.000,0.000,0.000,0.000,0.000,0.000,0.000,0.000,0.000,-51.141,34.556,0.000,0.000,0.000,0.000,0.000,0.000,0.013,4.8,11.30,31.0,0.000,0.000,0.000,0.006,0.000,0.000,0.006,0.000,0.006,0.000,0.006,0.000,0.000,0.006,0.000,0.000,0.013,0.006
43.3073,433,0,move,-1,43.3073,43.3190,0,0.000,-0.088,0.176,-0.176,-0.088,0.088,-0.264,-0.088,0.176,0.088,-50.625,34.453,-0.088,0.264,0.000,0.000,0.439,0.176,0.000,0.000,0.000,0.000,0.000,0.000,0.000,0.000,0.000,0.000,-51.141,34.556,0.000,0.000,0.000,0.000,0.000,0.000,0.013,4.8,11.30,31.0,0.000,0.000,0.000,0.006,0.000,0.000,0.006,0.000,0.006,0.000,0.006,0.000,0.000,0.006,0.000,0.000,0.013,0.006
43.4075,434,0,move,-1,43.4075,43.4357,0,0.000,-0.088,0.176,-0.176,-0.088,0.088,-0.264,-0.088,0.176,0.088,-50.625,34.453,-0.088,0.264,0.000,0.000,0.439,0.176,0.000,0.000,0.000,0.000,0.000,0.000,0.000,0.000,0.000,0.000,-51.141,34.556,0.000,0.000,0.000,0.000,0.000,0.000,0.013,3.2,11.30,28.0,0.000,0.000,0.000,0.006,0.000,0.000,0.000,0.000,0.000,0.000,0.006,0.000,0.000,0.013,0.000,0.000,0.013,0.006
43.5073,435,0,move,-1,43.5073,43.5187,0,0.000,-0.088,0.176,-0.176,-0.088,0.088,-0.264,-0.088,0.176,0.088,-50.625,34.453,-0.088,0.264,0.000,0.000,0.439,0.176,0.000,0.000,0.000,0.000,0.000,0.000,0.000,0.000,0.000,0.000,-51.141,34.556,0.000,0.000,0.000,0.000,0.000,0.000,0.013,3.2,11.30,28.0,0.000,0.000,0.000,0.006,0.000,0.000,0.000,0.000,0.000,0.000,0.006,0.000,0.000,0.013,0.000,0.000,0.013,0.006
43.6094,436,0,move,-1,43.6094,43.6347,0,0.000,-0.088,0.176,-0.176,-0.088,0.088,-0.264,-0.088,0.176,0.088,-50.625,34.453,-0.088,0.264,0.000,0.000,0.439,0.176,0.000,0.000,0.000,0.000,0.000,0.000,0.000,0.000,0.000,0.000,-51.141,34.556,0.000,0.000,0.000,0.000,0.000,0.000,0.013,5.6,11.30,31.0,0.000,0.000,0.000,0.000,0.000,0.000,0.006,0.000,0.000,0.000,0.013,0.000,0.000,0.013,0.000,0.000,0.006,0.000
43.7144,437,0,move,-1,43.7144,43.7543,0,0.000,-0.088,0.176,-0.176,-0.088,0.088,-0.264,-0.088,0.176,0.088,-50.625,34.453,-0.088,0.264,0.000,0.000,0.439,0.176,0.000,0.000,0.000,0.000,0.000,0.000,0.000,0.000,0.000,0.000,-51.141,34.556,0.000,0.000,0.000,0.000,0.000,0.000,0.006,2.4,11.30,32.0,0.000,0.000,0.000,0.006,0.000,0.000,0.000,0.000,0.000,0.000,0.006,0.000,0.000,0.006,0.000,0.000,0.006,0.000
43.8074,438,0,move,-1,43.8074,43.8191,0,0.000,-0.088,0.176,-0.176,-0.088,0.088,-0.264,-0.088,0.176,0.088,-50.625,34.453,-0.088,0.264,0.000,0.000,0.439,0.176,0.000,0.000,0.000,0.000,0.000,0.000,0.000,0.000,0.000,0.000,-51.141,34.556,0.000,0.000,0.000,0.000,0.000,0.000,0.006,2.4,11.30,32.0,0.000,0.000,0.000,0.006,0.000,0.000,0.000,0.000,0.000,0.000,0.006,0.000,0.000,0.006,0.000,0.000,0.006,0.000
43.9075,439,0,move,-1,43.9075,43.9205,0,0.000,-0.088,0.176,-0.176,-0.088,0.088,-0.264,-0.088,0.176,0.088,-50.625,34.453,-0.088,0.264,0.000,0.000,0.439,0.176,0.000,0.000,0.000,0.000,0.000,0.000,0.000,0.000,0.000,0.000,-51.141,34.556,0.000,0.000,0.000,0.000,0.000,0.000,0.013,5.6,11.20,31.0,0.000,0.000,0.000,0.006,0.000,0.000,0.006,0.000,0.000,0.000,0.013,0.000,0.000,0.006,0.000,0.000,0.006,0.006
44.0075,440,0,move,-1,44.0075,44.0178,0,0.000,-0.088,0.176,-0.176,-0.088,0.088,-0.264,-0.088,0.176,0.088,-50.625,34.453,-0.088,0.264,0.000,0.000,0.439,0.176,0.000,0.000,0.000,0.000,0.000,0.000,0.000,0.000,0.000,0.000,-51.141,34.556,0.000,0.000,0.000,0.000,0.000,0.000,0.013,5.6,11.20,31.0,0.000,0.000,0.000,0.006,0.000,0.000,0.006,0.000,0.000,0.000,0.013,0.000,0.000,0.006,0.000,0.000,0.006,0.006
44.1075,441,0,move,-1,44.1075,44.1193,0,0.000,-0.088,0.176,-0.176,-0.088,0.088,-0.264,-0.088,0.176,0.088,-50.625,34.453,-0.088,0.264,0.000,0.000,0.439,0.176,0.000,0.000,0.000,0.000,0.000,0.000,0.000,0.000,0.000,0.000,-51.141,34.556,0.000,0.000,0.000,0.000,0.000,0.000,0.013,5.6,11.30,31.0,0.000,0.000,0.006,0.000,0.000,0.000,0.006,0.000,0.000,0.000,0.013,0.000,0.000,0.013,0.000,0.000,0.006,0.000
44.2073,442,0,move,-1,44.2073,44.2128,0,0.000,-0.088,0.176,-0.176,-0.088,0.088,-0.264,-0.088,0.176,0.088,-50.625,34.453,-0.088,0.264,0.000,0.000,0.439,0.176,0.000,0.000,0.000,0.000,0.000,0.000,0.000,0.000,0.000,0.000,-51.141,34.556,0.000,0.000,0.000,0.000,0.000,0.000,0.013,5.6,11.30,31.0,0.000,0.000,0.006,0.000,0.000,0.000,0.006,0.000,0.000,0.000,0.013,0.000,0.000,0.013,0.000,0.000,0.006,0.000
44.3075,443,0,move,-1,44.3075,44.3190,0,0.000,-0.088,0.176,-0.176,-0.088,0.088,-0.264,-0.088,0.176,0.088,-50.625,34.453,-0.088,0.264,0.000,0.000,0.439,0.176,0.000,0.000,0.000,0.000,0.000,0.000,0.000,0.000,0.000,0.000,-51.141,34.556,0.000,0.000,0.000,0.000,0.000,0.000,0.013,5.6,11.30,31.0,0.000,0.000,0.000,0.000,0.000,0.000,0.000,0.000,0.000,0.000,0.013,0.000,0.000,0.006,0.000,0.000,0.013,0.006
44.4075,444,0,move,-1,44.4075,44.4177,0,0.000,-0.088,0.176,-0.176,-0.088,0.088,-0.264,-0.088,0.176,0.088,-50.625,34.453,-0.088,0.264,0.000,0.000,0.439,0.176,0.000,0.000,0.000,0.000,0.000,0.000,0.000,0.000,0.000,0.000,-51.141,34.556,0.000,0.000,0.000,0.000,0.000,0.000,0.013,5.6,11.30,31.0,0.000,0.000,0.000,0.000,0.000,0.000,0.000,0.000,0.000,0.000,0.013,0.000,0.000,0.006,0.000,0.000,0.013,0.006
44.5073,445,0,move,-1,44.5073,44.5218,0,0.000,-0.088,0.176,-0.176,-0.088,0.088,-0.264,-0.088,0.176,0.088,-50.625,34.453,-0.088,0.264,0.000,0.000,0.439,0.176,0.000,0.000,0.000,0.000,0.000,0.000,0.000,0.000,0.000,0.000,-51.141,34.556,0.000,0.000,0.000,0.000,0.000,0.000,0.013,3.2,11.30,28.0,0.000,0.000,0.000,0.000,0.000,0.000,0.006,0.000,0.006,0.000,0.006,0.000,0.000,0.013,0.000,0.000,0.013,0.006
44.6075,446,0,move,-1,44.6075,44.6185,0,0.000,-0.088,0.176,-0.176,-0.088,0.088,-0.264,-0.088,0.176,0.088,-50.625,34.453,-0.088,0.264,0.000,0.000,0.439,0.176,0.000,0.000,0.000,0.000,0.000,0.000,0.000,0.000,0.000,0.000,-51.141,34.556,0.000,0.000,0.000,0.000,0.000,0.000,0.013,3.2,11.30,28.0,0.000,0.000,0.000,0.000,0.000,0.000,0.006,0.000,0.006,0.000,0.006,0.000,0.000,0.013,0.000,0.000,0.013,0.006
44.7073,447,0,move,-1,44.7073,44.7279,0,0.000,-0.088,0.176,-0.176,-0.088,0.088,-0.264,-0.088,0.176,0.088,-50.625,34.453,-0.088,0.264,0.000,0.000,0.439,0.176,0.000,0.000,0.000,0.000,0.000,0.000,0.000,0.000,0.000,0.000,-51.141,34.556,0.000,0.000,0.000,0.000,0.000,0.000,0.013,5.6,11.20,31.0,0.000,0.000,0.000,0.006,0.000,0.000,0.006,0.000,0.000,0.000,0.013,0.000,0.000,0.013,0.000,0.000,0.013,0.000
44.8075,448,0,move,-1,44.8075,44.8178,0,0.000,-0.088,0.176,-0.176,-0.088,0.088,-0.264,-0.088,0.176,0.088,-50.625,34.453,-0.088,0.264,0.000,0.000,0.439,0.176,0.000,0.000,0.000,0.000,0.000,0.000,0.000,0.000,0.000,0.000,-51.141,34.556,0.000,0.000,0.000,0.000,0.000,0.000,0.013,5.6,11.20,31.0,0.000,0.000,0.000,0.006,0.000,0.000,0.006,0.000,0.000,0.000,0.013,0.000,0.000,0.013,0.000,0.000,0.013,0.000
44.9075,449,0,move,-1,44.9075,44.9188,0,0.000,-0.088,0.176,-0.176,-0.088,0.088,-0.264,-0.088,0.176,0.088,-50.625,34.453,-0.088,0.264,0.000,0.000,0.439,0.176,0.000,0.000,0.000,0.000,0.000,0.000,0.000,0.000,0.000,0.000,-51.141,34.556,0.000,0.000,0.000,0.000,0.000,0.000,0.013,5.6,11.30,31.0,0.000,0.000,0.000,0.000,0.000,0.000,0.000,0.000,0.000,0.000,0.013,0.000,0.000,0.013,0.000,0.000,0.006,0.006
45.0075,450,0,move,-1,45.0075,45.0178,0,0.000,-0.088,0.176,-0.176,-0.088,0.088,-0.264,-0.088,0.176,0.088,-50.625,34.453,-0.088,0.264,0.000,0.000,0.439,0.176,0.000,0.000,0.000,0.000,0.000,0.000,0.000,0.000,0.000,0.000,-51.141,34.556,0.000,0.000,0.000,0.000,0.000,0.000,0.013,5.6,11.30,31.0,0.000,0.000,0.000,0.000,0.000,0.000,0.000,0.000,0.000,0.000,0.013,0.000,0.000,0.013,0.000,0.000,0.006,0.006
45.1074,451,0,move,-1,45.1074,45.1191,0,0.000,-0.088,0.176,-0.176,-0.088,0.088,-0.264,-0.088,0.176,0.088,-50.625,34.453,-0.088,0.264,0.000,0.000,0.439,0.176,0.000,0.000,0.000,0.000,0.000,0.000,0.000,0.000,0.000,0.000,-51.141,34.556,0.000,0.000,0.000,0.000,0.000,0.000,0.013,5.6,11.20,31.0,0.000,0.000,0.000,0.006,0.000,0.000,0.000,0.000,0.000,0.000,0.013,0.000,0.000,0.013,0.000,0.000,0.006,0.000
45.2074,452,0,move,-1,45.2074,45.2178,0,0.000,-0.088,0.176,-0.176,-0.088,0.088,-0.264,-0.088,0.176,0.088,-50.625,34.453,-0.088,0.264,0.000,0.000,0.439,0.176,0.000,0.000,0.000,0.000,0.000,0.000,0.000,0.000,0.000,0.000,-51.141,34.556,0.000,0.000,0.000,0.000,0.000,0.000,0.013,5.6,11.20,31.0,0.000,0.000,0.000,0.006,0.000,0.000,0.000,0.000,0.000,0.000,0.013,0.000,0.000,0.013,0.000,0.000,0.006,0.000
45.3073,453,0,move,-1,45.3073,45.3193,0,0.000,-0.088,0.176,-0.176,-0.088,0.088,-0.264,-0.088,0.176,0.088,-50.625,34.453,-0.088,0.264,0.000,0.000,0.439,0.176,0.000,0.000,0.000,0.000,0.000,0.000,0.000,0.000,0.000,0.000,-51.141,34.556,0.000,0.000,0.000,0.000,0.000,0.000,0.013,5.6,11.30,31.0,0.000,0.000,0.000,0.000,0.000,0.000,0.006,0.000,0.000,0.000,0.013,0.000,0.000,0.006,0.000,0.000,0.006,0.000
45.4075,454,0,move,-1,45.4075,45.4185,0,0.000,-0.088,0.176,-0.176,-0.088,0.088,-0.264,-0.088,0.176,0.088,-50.625,34.453,-0.088,0.264,0.000,0.000,0.439,0.176,0.000,0.000,0.000,0.000,0.000,0.000,0.000,0.000,0.000,0.000,-51.141,34.556,0.000,0.000,0.000,0.000,0.000,0.000,0.013,5.6,11.30,31.0,0.000,0.000,0.000,0.000,0.000,0.000,0.006,0.000,0.000,0.000,0.013,0.000,0.000,0.006,0.000,0.000,0.006,0.000
45.5073,455,0,move,-1,45.5073,45.5189,0,0.000,-0.088,0.176,-0.176,-0.088,0.088,-0.264,-0.088,0.176,0.088,-50.625,34.453,-0.088,0.264,0.000,0.000,0.439,0.176,0.000,0.000,0.000,0.000,0.000,0.000,0.000,0.000,0.000,0.000,-51.141,34.556,0.000,0.000,0.000,0.000,0.000,0.000,0.013,5.6,11.30,31.0,0.000,0.000,0.000,0.006,0.000,0.000,0.006,0.000,0.000,0.000,0.013,0.000,0.000,0.006,0.000,0.000,0.006,0.000
45.6073,456,0,move,-1,45.6073,45.6224,0,0.000,-0.088,0.176,-0.176,-0.088,0.088,-0.264,-0.088,0.176,0.088,-50.625,34.453,-0.088,0.264,0.000,0.000,0.439,0.176,0.000,0.000,0.000,0.000,0.000,0.000,0.000,0.000,0.000,0.000,-51.141,34.556,0.000,0.000,0.000,0.000,0.000,0.000,0.013,5.6,11.30,31.0,0.000,0.000,0.000,0.006,0.000,0.000,0.000,0.000,0.000,0.000,0.013,0.000,0.000,0.006,0.000,0.000,0.006,0.000
45.7074,457,0,move,-1,45.7074,45.7157,0,0.000,-0.088,0.176,-0.176,-0.088,0.088,-0.264,-0.088,0.176,0.088,-50.625,34.453,-0.088,0.264,0.000,0.000,0.439,0.176,0.000,0.000,0.000,0.000,0.000,0.000,0.000,0.000,0.000,0.000,-51.141,34.556,0.000,0.000,0.000,0.000,0.000,0.000,0.013,5.6,11.30,31.0,0.000,0.000,0.000,0.006,0.000,0.000,0.000,0.000,0.000,0.000,0.013,0.000,0.000,0.006,0.000,0.000,0.006,0.000
45.8075,458,0,move,-1,45.8075,45.8183,0,0.000,-0.088,0.176,-0.176,-0.088,0.088,-0.264,-0.088,0.176,0.088,-50.625,34.453,-0.088,0.264,0.000,0.000,0.439,0.176,0.000,0.000,0.000,0.000,0.000,0.000,0.000,0.000,0.000,0.000,-51.141,34.556,0.000,0.000,0.000,0.000,0.000,0.000,0.013,5.6,11.30,31.0,0.000,0.000,0.000,0.000,0.000,0.000,0.006,0.000,0.000,0.000,0.013,0.000,0.000,0.006,0.000,0.000,0.013,0.006
45.9074,459,0,move,-1,45.9074,45.9209,0,0.000,-0.088,0.176,-0.176,-0.088,0.088,-0.264,-0.088,0.176,0.088,-50.625,34.453,-0.088,0.264,0.000,0.000,0.439,0.176,0.000,0.000,0.000,0.000,0.000,0.000,0.000,0.000,0.000,0.000,-51.141,34.556,0.000,0.000,0.000,0.000,0.000,0.000,0.006,2.4,11.30,32.0,0.000,0.000,0.000,0.006,0.000,0.000,0.006,0.000,0.000,0.000,0.006,0.000,0.000,0.006,0.000,0.000,0.006,0.006
46.0074,460,0,move,-1,46.0074,46.0222,0,0.000,-0.088,0.176,-0.176,-0.088,0.088,-0.264,-0.088,0.176,0.088,-50.625,34.453,-0.088,0.264,0.000,0.000,0.439,0.176,0.000,0.000,0.000,0.000,0.000,0.000,0.000,0.000,0.000,0.000,-51.045,34.512,0.000,0.000,0.000,0.000,0.000,0.000,0.013,5.6,11.30,31.0,0.000,0.000,0.000,0.000,0.000,0.000,0.006,0.000,0.000,0.000,0.013,0.000,0.000,0.006,0.000,0.000,0.013,0.006
46.1074,461,0,move,-1,46.1074,46.1402,0,0.000,-0.088,0.176,-0.176,-0.088,0.088,-0.264,-0.088,0.176,0.088,-50.625,34.453,-0.088,0.264,0.000,0.000,0.439,0.176,0.000,0.000,0.000,0.000,0.000,0.000,0.000,0.000,0.000,0.000,-50.765,34.384,0.000,0.000,0.000,0.000,0.000,0.000,0.000,0.0,11.30,31.0,0.000,0.000,0.000,0.000,0.000,0.000,0.000,0.000,0.000,0.000,0.000,0.000,0.000,0.000,0.000,0.000,0.000,0.000
46.2074,462,0,move,-1,46.2074,46.2196,0,0.000,-0.088,0.176,-0.176,-0.088,0.088,-0.264,-0.088,0.176,0.088,-50.625,34.453,-0.088,0.264,0.000,0.000,0.439,0.176,0.000,0.000,0.000,0.000,0.000,0.000,0.000,0.000,0.000,0.000,-50.327,34.182,0.000,0.000,0.000,0.000,0.000,0.000,0.000,0.0,11.30,31.0,0.000,0.000,0.000,0.000,0.000,0.000,0.000,0.000,0.000,0.000,0.000,0.000,0.000,0.000,0.000,0.000,0.000,0.000
46.3073,463,0,move,-1,46.3073,46.3215,0,0.000,-0.088,0.176,-0.176,-0.088,0.088,-0.264,-0.088,0.176,0.088,-50.625,34.277,-0.088,0.264,0.000,0.000,0.439,0.176,0.000,0.000,0.000,0.000,0.000,0.000,0.000,0.000,0.000,0.000,-49.772,33.924,0.000,0.000,0.000,0.000,0.000,0.000,0.013,3.2,11.30,28.0,0.000,0.000,0.000,0.000,0.000,0.000,0.006,0.000,0.000,0.000,0.006,0.006,0.000,0.013,0.000,0.000,0.006,0.000
46.4134,464,0,move,-1,46.4134,46.4558,0,0.000,-0.088,0.176,-0.176,-0.088,0.088,-0.264,-0.088,0.176,0.088,-50.098,33.926,-0.088,0.264,0.000,0.000,0.439,0.176,0.000,0.000,0.000,0.000,0.000,0.000,0.000,0.000,0.000,0.000,-49.154,33.634,0.000,0.000,0.000,0.000,0.000,0.000,0.006,2.4,11.30,32.0,0.000,0.000,0.000,0.000,0.000,0.000,0.000,0.000,0.006,0.000,0.006,0.000,0.000,0.006,0.000,0.000,0.006,0.000
46.5074,465,0,move,-1,46.5074,46.5192,0,0.000,-0.088,0.176,-0.176,-0.088,0.088,-0.264,-0.088,0.176,0.088,-49.922,33.750,-0.088,0.264,0.000,0.000,0.439,0.176,0.000,0.000,0.000,0.000,0.000,0.000,0.000,0.000,0.000,0.000,-48.535,33.340,0.000,0.000,0.000,0.000,0.000,0.000,0.006,2.4,11.30,32.0,0.000,0.000,0.000,0.000,0.000,0.000,0.000,0.000,0.006,0.000,0.006,0.000,0.000,0.006,0.000,0.000,0.006,0.000
46.6073,466,0,move,-1,46.6073,46.6158,0,0.000,-0.088,0.176,-0.176,-0.088,0.088,-0.264,-0.088,0.176,0.088,-49.043,33.398,-0.088,0.264,0.000,0.000,0.439,0.176,0.000,0.000,0.000,0.000,0.000,0.000,0.000,0.000,0.000,0.000,-47.971,33.071,0.000,0.000,0.000,0.000,0.000,0.000,0.013,3.2,11.30,28.0,0.000,0.000,0.006,0.006,0.000,0.000,0.006,0.000,0.000,0.000,0.006,0.000,0.000,0.013,0.000,0.000,0.006,0.000
46.7073,467,0,move,-1,46.7073,46.7192,0,0.000,-0.088,0.176,-0.176,-0.088,0.088,-0.264,-0.088,0.176,0.088,-48.340,33.135,-0.088,0.264,0.000,0.000,0.439,0.176,0.000,0.000,0.000,0.000,0.000,0.000,0.000,0.000,0.000,0.000,-47.522,32.856,0.000,0.000,0.000,0.000,0.000,0.000,0.013,3.2,11.30,28.0,0.000,0.000,0.000,0.006,0.000,0.000,0.006,0.000,0.000,0.000,0.006,0.006,0.000,0.013,0.000,0.000,0.006,0.000
46.8075,468,0,move,-1,46.8075,46.8188,0,0.000,-0.088,0.176,-0.176,-0.088,0.088,-0.264,-0.088,0.176,0.088,-47.900,32.871,-0.088,0.264,0.000,0.000,0.439,0.176,0.000,0.000,0.000,0.000,0.000,0.000,0.000,0.000,0.000,0.000,-47.233,32.716,0.000,0.000,0.000,0.000,0.000,0.000,0.013,3.2,11.30,28.0,0.000,0.000,0.000,0.006,0.000,0.000,0.006,0.000,0.000,0.000,0.006,0.006,0.000,0.013,0.000,0.000,0.006,0.000
46.9075,469,0,move,-1,46.9075,46.9182,0,0.000,-0.088,0.176,-0.176,-0.088,0.088,-0.264,-0.088,0.176,0.088,-47.373,32.695,-0.088,0.264,0.000,0.000,0.439,0.176,0.000,0.000,0.000,0.000,0.000,0.000,0.000,0.000,0.000,0.000,-47.133,32.667,0.000,0.000,0.000,0.000,0.000,0.000,0.006,2.4,11.30,32.0,0.000,0.000,0.000,0.006,0.000,0.000,0.000,0.000,0.000,0.000,0.006,0.006,0.000,0.006,0.000,0.000,0.000,0.000
47.0075,470,0,move,-1,47.0075,47.0174,0,0.000,-0.088,0.176,-0.176,-0.088,0.088,-0.264,-0.088,0.176,0.088,-47.285,32.695,-0.088,0.264,0.000,0.000,0.439,0.176,0.000,0.000,0.000,0.000,0.000,0.000,0.000,0.000,0.000,0.000,-47.133,32.667,0.000,0.000,0.000,0.000,0.000,0.000,0.006,2.4,11.30,32.0,0.000,0.000,0.000,0.006,0.000,0.000,0.000,0.000,0.000,0.000,0.006,0.006,0.000,0.006,0.000,0.000,0.000,0.000
47.1075,471,0,move,-1,47.1075,47.1191,0,0.000,-0.088,0.176,-0.176,-0.088,0.088,-0.264,-0.088,0.176,0.088,-47.285,32.695,-0.088,0.264,0.000,0.000,0.439,0.176,0.000,0.000,0.000,0.000,0.000,0.000,0.000,0.000,0.000,0.000,-47.133,32.667,0.000,0.000,0.000,0.000,0.000,0.000,0.013,3.2,11.30,28.0,0.000,0.000,0.000,0.006,0.000,0.000,0.006,0.000,0.006,0.000,0.006,0.000,0.000,0.013,0.000,0.000,0.013,0.006
47.2079,472,0,move,-1,47.2079,47.2361,0,0.000,-0.088,0.176,-0.176,-0.088,0.088,-0.264,-0.088,0.176,0.088,-47.285,32.695,-0.088,0.264,0.000,0.000,0.439,0.176,0.000,0.000,0.000,0.000,0.000,0.000,0.000,0.000,0.000,0.000,-47.133,32.667,0.000,0.000,0.000,0.000,0.000,0.000,0.013,3.2,11.30,28.0,0.000,0.000,0.000,0.006,0.000,0.000,0.000,0.000,0.000,0.000,0.000,0.000,0.000,0.013,0.000,0.000,0.006,0.006
47.3074,473,0,move,-1,47.3074,47.3193,0,0.000,-0.088,0.176,-0.176,-0.088,0.088,-0.264,-0.088,0.176,0.088,-47.285,32.695,-0.088,0.264,0.000,0.000,0.439,0.176,0.000,0.000,0.000,0.000,0.000,0.000,0.000,0.000,0.000,0.000,-47.133,32.667,0.000,0.000,0.000,0.000,0.000,0.000,0.013,3.2,11.30,28.0,0.000,0.000,0.000,0.006,0.000,0.000,0.000,0.000,0.000,0.000,0.000,0.000,0.000,0.013,0.000,0.000,0.006,0.006
47.4075,474,0,move,-1,47.4075,47.4191,0,0.000,-0.088,0.176,-0.176,-0.088,0.088,-0.264,-0.088,0.176,0.088,-47.285,32.695,-0.088,0.264,0.000,0.000,0.439,0.176,0.000,0.000,0.000,0.000,0.000,0.000,0.000,0.000,0.000,0.000,-47.133,32.667,0.000,0.000,0.000,0.000,0.000,0.000,0.006,2.4,11.30,32.0,0.000,0.000,0.000,0.006,0.000,0.000,0.000,0.000,0.000,0.006,0.000,0.000,0.000,0.006,0.000,0.000,0.006,0.006
47.5073,475,0,move,-1,47.5073,47.5170,0,0.000,-0.088,0.176,-0.176,-0.088,0.088,-0.264,-0.088,0.176,0.088,-47.285,32.695,-0.088,0.264,0.000,0.000,0.439,0.176,0.000,0.000,0.000,0.000,0.000,0.000,0.000,0.000,0.000,0.000,-47.133,32.667,0.000,0.000,0.000,0.000,0.000,0.000,0.006,2.4,11.30,32.0,0.000,0.000,0.000,0.006,0.000,0.000,0.000,0.000,0.000,0.006,0.000,0.000,0.000,0.006,0.000,0.000,0.006,0.006
47.6073,476,0,move,-1,47.6073,47.6164,0,0.000,-0.088,0.176,-0.176,-0.088,0.088,-0.264,-0.088,0.176,0.088,-47.285,32.695,-0.088,0.264,0.000,0.000,0.439,0.176,0.000,0.000,0.000,0.000,0.000,0.000,0.000,0.000,0.000,0.000,-47.133,32.667,0.000,0.000,0.000,0.000,0.000,0.000,0.006,2.4,11.30,32.0,0.000,0.000,0.000,0.006,0.000,0.000,0.006,0.000,0.000,0.000,0.000,0.000,0.000,0.006,0.000,0.000,0.006,0.006
47.7075,477,0,move,-1,47.7075,47.7184,0,0.000,-0.088,0.176,-0.176,-0.088,0.088,-0.264,-0.088,0.176,0.088,-47.285,32.695,-0.088,0.264,0.000,0.000,0.439,0.176,0.000,0.000,0.000,0.000,0.000,0.000,0.000,0.000,0.000,0.000,-47.133,32.667,0.000,0.000,0.000,0.000,0.000,0.000,0.006,2.4,11.30,32.0,0.000,0.000,0.000,0.006,0.000,0.000,0.006,0.000,0.000,0.000,0.000,0.000,0.000,0.006,0.000,0.000,0.006,0.006
47.8075,478,0,move,-1,47.8075,47.8186,0,0.000,-0.088,0.176,-0.176,-0.088,0.088,-0.264,-0.088,0.176,0.088,-47.285,32.695,-0.088,0.264,0.000,0.000,0.439,0.176,0.000,0.000,0.000,0.000,0.000,0.000,0.000,0.000,0.000,0.000,-47.133,32.667,0.000,0.000,0.000,0.000,0.000,0.000,0.013,3.2,11.30,28.0,0.000,0.000,0.000,0.000,0.000,0.000,0.006,0.000,0.000,0.000,0.000,0.000,0.000,0.013,0.000,0.000,0.006,0.006
47.9129,479,0,move,-1,47.9129,47.9561,0,0.000,-0.088,0.176,-0.176,-0.088,0.088,-0.264,-0.088,0.176,0.088,-47.285,32.695,-0.088,0.264,0.000,0.000,0.439,0.176,0.000,0.000,0.000,0.000,0.000,0.000,0.000,0.000,0.000,0.000,-47.133,32.667,0.000,0.000,0.000,0.000,0.000,0.000,0.013,3.2,11.30,28.0,0.000,0.000,0.000,0.006,0.000,0.000,0.006,0.000,0.000,0.000,0.000,0.000,0.000,0.013,0.000,0.000,0.013,0.006
48.0073,480,0,move,-1,48.0073,48.0165,0,0.000,-0.088,0.176,-0.176,-0.088,0.088,-0.264,-0.088,0.176,0.088,-47.285,32.695,-0.088,0.264,0.000,0.000,0.439,0.176,0.000,0.000,0.000,0.000,0.000,0.000,0.000,0.000,0.000,0.000,-47.133,32.667,0.000,0.000,0.000,0.000,0.000,0.000,0.013,3.2,11.30,28.0,0.000,0.000,0.000,0.006,0.000,0.000,0.006,0.000,0.000,0.000,0.000,0.000,0.000,0.013,0.000,0.000,0.013,0.006
48.1074,481,0,move,-1,48.1074,48.1216,0,0.000,-0.088,0.176,-0.176,-0.088,0.088,-0.264,-0.088,0.176,0.088,-47.285,32.695,-0.088,0.264,0.000,0.000,0.439,0.176,0.000,0.000,0.000,0.000,0.000,0.000,0.000,0.000,0.000,0.000,-47.133,32.667,0.000,0.000,0.000,0.000,0.000,0.000,0.013,4.8,11.30,31.0,0.000,0.000,0.000,0.006,0.000,0.000,0.000,0.000,0.000,0.000,0.006,0.000,0.000,0.006,0.000,0.000,0.013,0.006
48.2110,482,0,move,-1,48.2110,48.2296,0,0.000,-0.088,0.176,-0.176,-0.088,0.088,-0.264,-0.088,0.176,0.088,-47.285,32.695,-0.088,0.264,0.000,0.000,0.439,0.176,0.000,0.000,0.000,0.000,0.000,0.000,0.000,0.000,0.000,0.000,-47.133,32.667,0.000,0.000,0.000,0.000,0.000,0.000,0.013,3.6,11.30,28.0,,0.000,0.000,0.000,0.000,0.000,0.000,0.000,0.000,0.000,0.000,0.000,0.000,0.013,0.000,0.000,0.006,0.000
48.3075,483,0,move,-1,48.3075,48.3180,0,0.000,-0.088,0.176,-0.176,-0.088,0.088,-0.264,-0.088,0.176,0.088,-47.285,32.695,-0.088,0.264,0.000,0.000,0.439,0.176,0.000,0.000,0.000,0.000,0.000,0.000,0.000,0.000,0.000,0.000,-47.133,32.667,0.000,0.000,0.000,0.000,0.000,0.000,0.013,3.6,11.30,28.0,,0.000,0.000,0.000,0.000,0.000,0.000,0.000,0.000,0.000,0.000,0.000,0.000,0.013,0.000,0.000,0.006,0.000
48.4075,484,0,move,-1,48.4075,48.4191,0,0.000,-0.088,0.176,-0.176,-0.088,0.088,-0.264,-0.088,0.176,0.088,-47.285,32.695,-0.088,0.264,0.000,0.000,0.439,0.176,0.000,0.000,0.000,0.000,0.000,0.000,0.000,0.000,0.000,0.000,-47.133,32.667,0.000,0.000,0.000,0.000,0.000,0.000,0.013,3.2,11.30,28.0,0.000,0.000,0.000,0.006,0.000,0.000,0.006,0.000,0.006,0.000,0.000,0.000,0.000,0.013,0.000,0.000,0.013,0.000
48.5073,485,0,move,-1,48.5073,48.5181,0,0.000,-0.088,0.176,-0.176,-0.088,0.088,-0.264,-0.088,0.176,0.088,-47.285,32.695,-0.088,0.264,0.000,0.000,0.439,0.176,0.000,0.000,0.000,0.000,0.000,0.000,0.000,0.000,0.000,0.000,-47.133,32.667,0.000,0.000,0.000,0.000,0.000,0.000,0.013,3.2,11.30,28.0,0.000,0.000,0.000,0.006,0.000,0.000,0.006,0.000,0.006,0.000,0.000,0.000,0.000,0.013,0.000,0.000,0.013,0.000
48.6073,486,0,move,-1,48.6073,48.6193,0,0.000,-0.088,0.176,-0.176,-0.088,0.088,-0.264,-0.088,0.176,0.088,-47.285,32.695,-0.088,0.264,0.000,0.000,0.439,0.176,0.000,0.000,0.000,0.000,0.000,0.000,0.000,0.000,0.000,0.000,-47.133,32.667,0.000,0.000,0.000,0.000,0.000,0.000,0.006,3.6,11.30,32.0,0.000,0.000,0.000,0.000,0.000,0.000,0.006,0.000,0.000,0.000,0.000,0.000,0.000,0.006,0.000,0.000,0.006,0.000
48.7110,487,0,move,-1,48.7110,48.7367,0,0.000,-0.088,0.176,-0.176,-0.088,0.088,-0.264,-0.088,0.176,0.088,-47.285,32.695,-0.088,0.264,0.000,0.000,0.439,0.176,0.000,0.000,0.000,0.000,0.000,0.000,0.000,0.000,0.000,0.000,-47.133,32.667,0.000,0.000,0.000,0.000,0.000,0.000,0.006,2.4,11.30,32.0,0.000,0.000,0.006,0.000,0.000,0.000,0.006,0.000,0.000,0.000,0.000,0.000,0.000,0.006,0.000,0.000,0.006,0.000
48.8075,488,0,move,-1,48.8075,48.8191,0,0.000,-0.088,0.176,-0.176,-0.088,0.088,-0.264,-0.088,0.176,0.088,-47.285,32.695,-0.088,0.264,0.000,0.000,0.439,0.176,0.000,0.000,0.000,0.000,0.000,0.000,0.000,0.000,0.000,0.000,-47.133,32.667,0.000,0.000,0.000,0.000,0.000,0.000,0.006,2.4,11.30,32.0,0.000,0.000,0.006,0.000,0.000,0.000,0.006,0.000,0.000,0.000,0.000,0.000,0.000,0.006,0.000,0.000,0.006,0.000
48.9075,489,0,move,-1,48.9075,48.9171,0,0.000,-0.088,0.176,-0.176,-0.088,0.088,-0.264,-0.088,0.176,0.088,-47.285,32.695,-0.088,0.264,0.000,0.000,0.439,0.176,0.000,0.000,0.000,0.000,0.000,0.000,0.000,0.000,0.000,0.000,-47.133,32.667,0.000,0.000,0.000,0.000,0.000,0.000,0.013,3.2,11.30,28.0,0.000,0.000,0.000,0.006,0.000,0.000,0.000,0.000,0.000,0.000,0.006,0.000,0.000,0.013,0.000,0.000,0.006,0.000
49.0076,490,0,move,-1,49.0076,49.0190,0,0.000,-0.088,0.176,-0.176,-0.088,0.088,-0.264,-0.088,0.176,0.088,-47.285,32.695,-0.088,0.264,0.000,0.000,0.439,0.176,0.000,0.000,0.000,0.000,0.000,0.000,0.000,0.000,0.000,0.000,-47.133,32.667,0.000,0.000,0.000,0.000,0.000,0.000,0.013,3.2,11.30,28.0,0.000,0.000,0.000,0.000,0.000,0.000,0.000,0.000,0.000,0.000,0.000,0.000,0.000,0.013,0.000,0.000,0.006,0.000
49.1075,491,0,move,-1,49.1075,49.1204,0,0.000,-0.088,0.176,-0.176,-0.088,0.088,-0.264,-0.088,0.176,0.088,-47.285,32.695,-0.088,0.264,0.000,0.000,0.439,0.176,0.000,0.000,0.000,0.000,0.000,0.000,0.000,0.000,0.000,0.000,-47.133,32.667,0.000,0.000,0.000,0.000,0.000,0.000,0.013,3.2,11.30,28.0,0.000,0.000,0.000,0.000,0.000,0.000,0.006,0.000,0.006,0.000,0.000,0.000,0.000,0.013,0.000,0.000,0.006,0.006
49.2073,492,0,move,-1,49.2073,49.2177,0,0.000,-0.088,0.176,-0.176,-0.088,0.088,-0.264,-0.088,0.176,0.088,-47.285,32.695,-0.088,0.264,0.000,0.000,0.439,0.176,0.000,0.000,0.000,0.000,0.000,0.000,0.000,0.000,0.000,0.000,-47.133,32.667,0.000,0.000,0.000,0.000,0.000,0.000,0.013,3.2,11.30,28.0,0.000,0.000,0.000,0.000,0.000,0.000,0.006,0.000,0.006,0.000,0.000,0.000,0.000,0.013,0.000,0.000,0.006,0.006
49.3075,493,0,move,-1,49.3075,49.3176,0,0.000,-0.088,0.176,-0.176,-0.088,0.088,-0.264,-0.088,0.176,0.088,-47.285,32.695,-0.088,0.264,0.000,0.000,0.439,0.176,0.000,0.000,0.000,0.000,0.000,0.000,0.000,0.000,0.000,0.000,-47.133,32.667,0.000,0.000,0.000,0.000,0.000,0.000,0.006,2.4,11.30,32.0,0.000,0.000,0.006,0.006,0.000,0.000,0.000,0.000,0.006,0.000,0.000,0.000,0.000,0.006,0.000,0.000,0.006,0.006
49.4075,494,0,move,-1,49.4075,49.4189,0,0.000,-0.088,0.176,-0.176,-0.088,0.088,-0.264,-0.088,0.176,0.088,-47.285,32.695,-0.088,0.264,0.000,0.000,0.439,0.176,0.000,0.000,0.000,0.000,0.000,0.000,0.000,0.000,0.000,0.000,-47.133,32.667,0.000,0.000,0.000,0.000,0.000,0.000,0.006,2.4,11.30,32.0,0.000,0.000,0.000,0.006,0.000,0.000,0.006,0.000,0.000,0.000,0.000,0.000,0.000,0.006,0.000,0.000,0.006,0.000
49.5073,495,0,move,-1,49.5073,49.5140,0,0.000,-0.088,0.176,-0.176,-0.088,0.088,-0.264,-0.088,0.176,0.088,-47.285,32.695,-0.088,0.264,0.000,0.000,0.439,0.176,0.000,0.000,0.000,0.000,0.000,0.000,0.000,0.000,0.000,0.000,-47.133,32.667,0.000,0.000,0.000,0.000,0.000,0.000,0.006,2.4,11.30,32.0,0.000,0.000,0.000,0.006,0.000,0.000,0.006,0.000,0.000,0.000,0.000,0.000,0.000,0.006,0.000,0.000,0.006,0.000
49.6073,496,0,move,-1,49.6073,49.6199,0,0.000,-0.088,0.176,-0.176,-0.088,0.088,-0.264,-0.088,0.176,0.088,-47.285,32.695,-0.088,0.264,0.000,0.000,0.439,0.176,0.000,0.000,0.000,0.000,0.000,0.000,0.000,0.000,0.000,0.000,-47.133,32.667,0.000,0.000,0.000,0.000,0.000,0.000,0.006,3.2,11.30,32.0,0.000,0.000,0.000,0.000,0.000,0.000,0.006,0.000,0.000,0.000,0.000,0.000,0.000,0.006,0.000,0.000,0.006,0.006
49.7174,497,0,move,-1,49.7174,49.7278,0,0.000,-0.088,0.176,-0.176,-0.088,0.088,-0.264,-0.088,0.176,0.088,-47.285,32.695,-0.088,0.264,0.000,0.000,0.439,0.176,0.000,0.000,0.000,0.000,0.000,0.000,0.000,0.000,0.000,0.000,-47.133,32.667,0.000,0.000,0.000,0.000,0.000,0.000,0.006,2.4,11.30,32.0,0.000,0.000,0.000,0.006,0.000,0.000,0.006,0.000,0.000,0.000,0.006,0.000,0.000,0.006,0.000,0.000,0.006,0.000
49.8073,498,0,move,-1,49.8073,49.8204,0,0.000,-0.088,0.176,-0.176,-0.088,0.088,-0.264,-0.088,0.176,0.088,-47.285,32.695,-0.088,0.264,0.000,0.000,0.439,0.176,0.000,0.000,0.000,0.000,0.000,0.000,0.000,0.000,0.000,0.000,-47.133,32.667,0.000,0.000,0.000,0.000,0.000,0.000,0.006,2.4,11.30,32.0,0.000,0.000,0.000,0.006,0.000,0.000,0.006,0.000,0.000,0.000,0.006,0.000,0.000,0.006,0.000,0.000,0.006,0.000
49.9075,499,0,move,-1,49.9075,49.9175,0,0.000,-0.088,0.176,-0.176,-0.088,0.088,-0.264,-0.088,0.176,0.088,-47.285,32.695,-0.088,0.264,0.000,0.000,0.439,0.176,0.000,0.000,0.000,0.000,0.000,0.000,0.000,0.000,0.000,0.000,-47.133,32.667,0.000,0.000,0.000,0.000,0.000,0.000,0.006,2.4,11.30,32.0,0.000,0.000,0.000,0.006,0.000,0.000,0.006,0.000,0.006,0.000,0.000,0.000,0.000,0.006,0.000,0.000,0.006,0.000
50.0075,500,0,move,-1,50.0075,50.0207,0,0.000,-0.088,0.176,-0.176,-0.088,0.088,-0.264,-0.088,0.176,0.088,-47.285,32.695,-0.088,0.264,0.000,0.000,0.439,0.176,0.000,0.000,0.000,0.000,0.000,0.000,0.000,0.000,0.000,0.000,-47.033,32.619,0.000,0.000,0.000,0.000,0.000,0.000,0.013,3.2,11.30,28.0,0.000,0.000,0.000,0.006,0.000,0.000,0.006,0.000,0.000,0.000,0.000,0.000,0.000,0.013,0.000,0.000,0.006,0.006
50.1075,501,0,move,-1,50.1075,50.1182,0,0.000,-0.088,0.176,-0.176,-0.088,0.088,-0.264,-0.088,0.176,0.088,-47.197,32.695,-0.088,0.264,0.000,0.000,0.439,0.176,0.000,0.000,0.000,0.000,0.000,0.000,0.000,0.000,0.000,0.000,-46.742,32.477,0.000,0.000,0.000,0.000,0.000,0.000,0.013,3.2,11.30,28.0,0.000,0.000,0.000,0.006,0.000,0.000,0.006,0.000,0.000,0.000,0.000,0.000,0.000,0.013,0.000,0.000,0.006,0.006
50.2075,502,0,move,-1,50.2075,50.2205,0,0.000,-0.088,0.176,-0.176,-0.088,0.088,-0.264,-0.088,0.176,0.088,-47.021,32.695,-0.088,0.264,0.000,0.000,0.439,0.176,0.000,0.000,0.000,0.000,0.000,0.000,0.000,0.000,0.000,0.000,-46.288,32.255,0.000,0.000,0.000,0.000,0.000,0.000,0.006,3.2,11.20,32.0,0.000,0.000,0.000,0.000,0.000,0.000,0.006,0.000,0.000,0.000,0.006,0.006,0.000,0.006,0.000,0.000,0.006,0.000
50.3073,503,0,move,-1,50.3073,50.3182,0,0.000,-0.088,0.176,-0.176,-0.088,0.088,-0.264,-0.088,0.176,0.088,-46.670,32.256,-0.088,0.264,0.000,0.000,0.439,0.176,0.000,0.000,0.000,0.000,0.000,0.000,0.000,0.000,0.000,0.000,-45.712,31.972,0.000,0.000,0.000,0.000,0.000,0.000,0.006,3.2,11.20,32.0,0.000,0.000,0.000,0.000,0.000,0.000,0.006,0.000,0.000,0.000,0.006,0.006,0.000,0.006,0.000,0.000,0.006,0.000
50.4078,504,0,move,-1,50.4078,50.4297,0,0.000,-0.088,0.176,-0.176,-0.088,0.088,-0.264,-0.088,0.176,0.088,-46.055,32.080,-0.088,0.264,0.000,0.000,0.439,0.176,0.000,0.000,0.000,0.000,0.000,0.000,0.000,0.000,0.000,0.000,-45.069,31.653,0.000,0.000,0.000,0.000,0.000,0.000,0.013,3.2,11.30,28.0,0.000,0.000,0.000,0.000,0.000,0.000,0.006,0.000,0.006,0.000,0.000,0.006,0.000,0.013,0.000,0.000,0.006,0.006
50.5073,505,0,move,-1,50.5073,50.5206,0,0.000,-0.088,0.176,-0.176,-0.088,0.088,-0.264,-0.088,0.176,0.088,-45.527,31.553,-0.088,0.264,0.000,0.000,0.439,0.176,0.000,0.000,0.000,0.000,0.000,0.000,0.000,0.000,0.000,0.000,-44.421,31.329,0.000,0.000,0.000,0.000,0.000,0.000,0.013,3.2,11.30,28.0,0.000,0.000,0.000,0.000,0.000,0.000,0.006,0.000,0.006,0.000,0.000,0.006,0.000,0.013,0.000,0.000,0.006,0.006
50.6073,506,0,move,-1,50.6073,50.6211,0,0.000,-0.088,0.176,-0.176,-0.088,0.088,-0.264,-0.088,0.176,0.088,-44.912,31.377,-0.088,0.264,0.000,0.000,0.439,0.176,0.000,0.000,0.000,0.000,0.000,0.000,0.000,0.000,0.000,0.000,-43.833,31.033,0.000,0.000,0.000,0.000,0.000,0.000,0.006,3.2,11.30,28.0,0.000,0.000,0.000,0.000,0.000,0.000,0.000,0.000,0.000,0.000,0.000,0.000,0.000,0.006,0.000,0.000,0.006,0.006
50.7073,507,0,move,-1,50.7073,50.7190,0,0.000,-0.088,0.176,-0.176,-0.088,0.088,-0.264,-0.088,0.176,0.088,-44.209,31.025,-0.088,0.264,0.000,0.000,0.439,0.176,0.000,0.000,0.000,0.000,0.000,0.000,0.000,0.000,0.000,0.000,-43.362,30.795,0.000,0.000,0.000,0.000,0.000,0.000,0.006,3.2,11.30,28.0,0.000,0.000,0.000,0.000,0.000,0.000,0.000,0.000,0.000,0.000,0.000,0.000,0.000,0.006,0.000,0.000,0.006,0.006
50.8073,508,0,move,-1,50.8073,50.8196,0,0.000,-0.088,0.176,-0.176,-0.088,0.088,-0.264,-0.088,0.176,0.088,-43.682,30.762,-0.088,0.264,0.000,0.000,0.439,0.176,0.000,0.000,0.000,0.000,0.000,0.000,0.000,0.000,0.000,0.000,-43.059,30.640,0.000,0.000,0.000,0.000,0.000,0.000,0.006,3.2,11.30,32.0,0.000,0.000,0.000,0.000,0.000,0.000,0.006,0.000,0.000,0.000,0.000,0.000,0.000,0.006,0.000,0.000,0.006,0.000
50.9075,509,0,move,-1,50.9075,50.9186,0,0.000,-0.088,0.176,-0.176,-0.088,0.088,-0.264,-0.088,0.176,0.088,-43.154,30.674,-0.088,0.264,0.000,0.000,0.439,0.176,0.000,0.000,0.000,0.000,0.000,0.000,0.000,0.000,0.000,0.000,-42.955,30.587,0.000,0.000,0.000,0.000,0.000,0.000,0.006,3.2,11.30,32.0,0.000,0.000,0.000,0.000,0.000,0.000,0.006,0.000,0.000,0.000,0.000,0.000,0.000,0.006,0.000,0.000,0.006,0.000
51.0075,510,0,move,-1,51.0075,51.0198,0,0.000,-0.088,0.176,-0.176,-0.088,0.088,-0.264,-0.088,0.176,0.088,-43.154,30.674,-0.088,0.264,0.000,0.000,0.439,0.176,0.000,0.000,0.000,0.000,0.000,0.000,0.000,0.000,0.000,0.000,-42.955,30.587,0.000,0.000,0.000,0.000,0.000,0.000,0.013,3.2,11.30,28.0,0.000,0.000,0.000,0.000,0.000,0.000,0.006,0.000,0.000,0.000,0.000,0.000,0.000,0.013,0.000,0.000,0.006,0.000
51.1073,511,0,move,-1,51.1073,51.1182,0,0.000,-0.088,0.176,-0.176,-0.088,0.088,-0.264,-0.088,0.176,0.088,-43.154,30.674,-0.088,0.264,0.000,0.000,0.439,0.176,0.000,0.000,0.000,0.000,0.000,0.000,0.000,0.000,0.000,0.000,-42.955,30.587,0.000,0.000,0.000,0.000,0.000,0.000,0.013,3.2,11.30,28.0,0.000,0.000,0.000,0.000,0.000,0.000,0.006,0.000,0.000,0.000,0.000,0.000,0.000,0.013,0.000,0.000,0.006,0.000
51.2075,512,0,move,-1,51.2075,51.2187,0,0.000,-0.088,0.176,-0.176,-0.088,0.088,-0.264,-0.088,0.176,0.088,-43.154,30.674,-0.088,0.264,0.000,0.000,0.439,0.176,0.000,0.000,0.000,0.000,0.000,0.000,0.000,0.000,0.000,0.000,-42.955,30.587,0.000,0.000,0.000,0.000,0.000,0.000,0.013,3.2,11.30,28.0,0.000,0.000,0.000,0.000,0.000,0.000,0.000,0.000,0.000,0.000,0.000,0.000,0.000,0.013,0.000,0.000,0.006,0.006
51.3075,513,0,move,-1,51.3075,51.3190,0,0.000,-0.088,0.176,-0.176,-0.088,0.088,-0.264,-0.088,0.176,0.088,-43.154,30.674,-0.088,0.264,0.000,0.000,0.439,0.176,0.000,0.000,0.000,0.000,0.000,0.000,0.000,0.000,0.000,0.000,-42.955,30.587,0.000,0.000,0.000,0.000,0.000,0.000,0.006,2.4,11.30,32.0,0.000,0.000,0.000,0.006,0.000,0.000,0.006,0.000,0.006,0.000,0.000,0.000,0.000,0.006,0.000,0.000,0.006,0.000
51.4075,514,0,move,-1,51.4075,51.4177,0,0.000,-0.088,0.176,-0.176,-0.088,0.088,-0.264,-0.088,0.176,0.088,-43.154,30.674,-0.088,0.264,0.000,0.000,0.439,0.176,0.000,0.000,0.000,0.000,0.000,0.000,0.000,0.000,0.000,0.000,-42.955,30.587,0.000,0.000,0.000,0.000,0.000,0.000,0.006,2.4,11.30,32.0,0.000,0.000,0.000,0.006,0.000,0.000,0.006,0.000,0.006,0.000,0.000,0.000,0.000,0.006,0.000,0.000,0.006,0.000
51.5075,515,0,move,-1,51.5075,51.5217,0,0.000,-0.088,0.176,-0.176,-0.088,0.088,-0.264,-0.088,0.176,0.088,-43.154,30.674,-0.088,0.264,0.000,0.000,0.439,0.176,0.000,0.000,0.000,0.000,0.000,0.000,0.000,0.000,0.000,0.000,-42.955,30.587,0.000,0.000,0.000,0.000,0.000,0.000,0.006,2.4,11.30,32.0,0.000,0.000,0.000,0.006,0.000,0.000,0.006,0.000,0.000,0.000,0.000,0.000,0.000,0.006,0.000,0.000,0.006,0.006
51.6075,516,0,move,-1,51.6075,51.6194,0,0.000,-0.088,0.176,-0.176,-0.088,0.088,-0.264,-0.088,0.176,0.088,-43.154,30.674,-0.088,0.264,0.000,0.000,0.439,0.176,0.000,0.000,0.000,0.000,0.000,0.000,0.000,0.000,0.000,0.000,-42.955,30.587,0.000,0.000,0.000,0.000,0.000,0.000,0.006,2.4,11.30,32.0,0.000,0.000,0.000,0.006,0.000,0.000,0.006,0.000,0.000,0.000,0.000,0.000,0.000,0.006,0.000,0.000,0.006,0.006
51.7076,517,0,move,-1,51.7076,51.7178,0,0.000,-0.088,0.176,-0.176,-0.088,0.088,-0.264,-0.088,0.176,0.088,-43.154,30.674,-0.088,0.264,0.000,0.000,0.439,0.176,0.000,0.000,0.000,0.000,0.000,0.000,0.000,0.000,0.000,0.000,-42.955,30.587,0.000,0.000,0.000,0.000,0.000,0.000,0.006,3.2,11.20,32.0,0.000,0.000,0.000,0.000,0.000,0.000,0.006,0.000,0.000,0.000,0.000,0.000,0.000,0.006,0.000,0.000,0.006,0.000
51.8075,518,0,move,-1,51.8075,51.8204,0,0.000,-0.088,0.176,-0.176,-0.088,0.088,-0.264,-0.088,0.176,0.088,-43.154,30.674,-0.088,0.264,0.000,0.000,0.439,0.176,0.000,0.000,0.000,0.000,0.000,0.000,0.000,0.000,0.000,0.000,-42.955,30.587,0.000,0.000,0.000,0.000,0.000,0.000,0.013,3.2,11.30,28.0,0.000,0.000,0.000,0.000,0.000,0.000,0.000,0.000,0.000,0.000,0.006,0.000,0.000,0.013,0.000,0.000,0.006,0.000
51.9075,519,0,move,-1,51.9075,51.9175,0,0.000,-0.088,0.176,-0.176,-0.088,0.088,-0.264,-0.088,0.176,0.088,-43.154,30.674,-0.088,0.264,0.000,0.000,0.439,0.176,0.000,0.000,0.000,0.000,0.000,0.000,0.000,0.000,0.000,0.000,-42.955,30.587,0.000,0.000,0.000,0.000,0.000,0.000,0.013,3.2,11.30,28.0,0.000,0.000,0.000,0.000,0.000,0.000,0.000,0.000,0.000,0.000,0.006,0.000,0.000,0.013,0.000,0.000,0.006,0.000
52.0127,520,0,move,-1,52.0127,52.0545,0,0.000,-0.088,0.176,-0.176,-0.088,0.088,-0.264,-0.088,0.176,0.088,-43.154,30.674,-0.088,0.264,0.000,0.000,0.439,0.176,0.000,0.000,0.000,0.000,0.000,0.000,0.000,0.000,0.000,0.000,-42.955,30.587,0.000,0.000,0.000,0.000,0.000,0.000,0.006,3.2,11.30,32.0,0.000,0.000,0.000,,0.000,0.000,0.006,0.000,0.000,0.000,0.000,0.000,0.000,0.006,0.000,0.000,0.006,0.000
52.1125,521,0,move,-1,52.1125,52.1238,0,0.000,-0.088,0.176,-0.176,-0.088,0.088,-0.264,-0.088,0.176,0.088,-43.154,30.674,-0.088,0.264,0.000,0.000,0.439,0.176,0.000,0.000,0.000,0.000,0.000,0.000,0.000,0.000,0.000,0.000,-42.955,30.587,0.000,0.000,0.000,0.000,0.000,0.000,0.006,3.2,11.30,32.0,0.000,0.000,0.000,,0.000,0.000,0.006,0.000,0.000,0.000,0.000,0.000,0.000,0.006,0.000,0.000,0.006,0.000
52.2073,522,0,move,-1,52.2073,52.2204,0,0.000,-0.088,0.176,-0.176,-0.088,0.088,-0.264,-0.088,0.176,0.088,-43.154,30.674,-0.088,0.264,0.000,0.000,0.439,0.176,0.000,0.000,0.000,0.000,0.000,0.000,0.000,0.000,0.000,0.000,-42.955,30.587,0.000,0.000,0.000,0.000,0.000,0.000,0.013,4.8,11.30,31.0,0.000,0.000,0.006,0.000,0.000,0.000,0.006,0.000,0.000,0.000,0.000,0.000,0.000,0.006,0.000,0.000,0.013,0.000
52.3076,523,0,move,-1,52.3076,52.3176,0,0.000,-0.088,0.176,-0.176,-0.088,0.088,-0.264,-0.088,0.176,0.088,-43.154,30.674,-0.088,0.264,0.000,0.000,0.439,0.176,0.000,0.000,0.000,0.000,0.000,0.000,0.000,0.000,0.000,0.000,-42.955,30.587,0.000,0.000,0.000,0.000,0.000,0.000,0.013,4.8,11.30,31.0,0.000,0.000,0.006,0.000,0.000,0.000,0.006,0.000,0.000,0.000,0.000,0.000,0.000,0.006,0.000,0.000,0.013,0.000
52.4075,524,0,move,-1,52.4075,52.4190,0,0.000,-0.088,0.176,-0.176,-0.088,0.088,-0.264,-0.088,0.176,0.088,-43.154,30.674,-0.088,0.264,0.000,0.000,0.439,0.176,0.000,0.000,0.000,0.000,0.000,0.000,0.000,0.000,0.000,0.000,-42.955,30.587,0.000,0.000,0.000,0.000,0.000,0.000,0.013,3.2,11.30,28.0,0.000,0.000,0.000,0.000,0.000,0.000,0.006,0.000,0.000,0.000,0.006,0.000,0.000,0.013,0.000,0.000,0.006,0.006
52.5075,525,0,move,-1,52.5075,52.5286,0,0.000,-0.088,0.176,-0.176,-0.088,0.088,-0.264,-0.088,0.176,0.088,-43.154,30.674,-0.088,0.264,0.000,0.000,0.439,0.176,0.000,0.000,0.000,0.000,0.000,0.000,0.000,0.000,0.000,0.000,-42.955,30.587,0.000,0.000,0.000,0.000,0.000,0.000,0.013,3.2,11.30,28.0,0.000,0.000,0.000,0.000,0.000,0.000,0.006,0.000,0.000,0.000,0.000,0.000,0.000,0.013,0.000,0.000,0.013,0.000
52.6080,526,0,move,-1,52.6080,52.6349,0,0.000,-0.088,0.176,-0.176,-0.088,0.088,-0.264,-0.088,0.176,0.088,-43.154,30.674,-0.088,0.264,0.000,0.000,0.439,0.176,0.000,0.000,0.000,0.000,0.000,0.000,0.000,0.000,0.000,0.000,-42.955,30.587,0.000,0.000,0.000,0.000,0.000,0.000,0.006,2.8,11.30,28.0,0.000,0.000,0.000,0.000,0.000,0.000,0.000,0.000,0.000,0.000,0.000,0.000,0.000,0.006,0.000,0.000,0.000,0.006
52.7075,527,0,move,-1,52.7075,52.7189,0,0.000,-0.088,0.176,-0.176,-0.088,0.088,-0.264,-0.088,0.176,0.088,-43.154,30.674,-0.088,0.264,0.000,0.000,0.439,0.176,0.000,0.000,0.000,0.000,0.000,0.000,0.000,0.000,0.000,0.000,-42.955,30.587,0.000,0.000,0.000,0.000,0.000,0.000,0.006,2.8,11.30,28.0,0.000,0.000,0.000,0.000,0.000,0.000,0.000,0.000,0.000,0.000,0.000,0.000,0.000,0.006,0.000,0.000,0.000,0.006
52.8075,528,0,move,-1,52.8075,52.8193,0,0.000,-0.088,0.176,-0.176,-0.088,0.088,-0.264,-0.088,0.176,0.088,-43.154,30.674,-0.088,0.264,0.000,0.000,0.439,0.176,0.000,0.000,0.000,0.000,0.000,0.000,0.000,0.000,0.000,0.000,-42.955,30.587,0.000,0.000,0.000,0.000,0.000,0.000,0.013,4.8,11.30,31.0,0.000,0.000,0.000,0.000,0.000,0.000,0.000,0.000,0.000,0.000,0.000,0.000,0.000,0.006,0.000,0.000,0.013,0.000
52.9075,529,0,move,-1,52.9075,52.9189,0,0.000,-0.088,0.176,-0.176,-0.088,0.088,-0.264,-0.088,0.176,0.088,-43.154,30.674,-0.088,0.264,0.000,0.000,0.439,0.176,0.000,0.000,0.000,0.000,0.000,0.000,0.000,0.000,0.000,0.000,-42.955,30.587,0.000,0.000,0.000,0.000,0.000,0.000,0.013,4.8,11.30,31.0,0.000,0.000,0.000,0.000,0.000,0.000,0.000,0.000,0.000,0.000,0.000,0.000,0.000,0.006,0.000,0.000,0.013,0.000
53.0082,530,0,move,-1,53.0082,53.0293,0,0.000,-0.088,0.176,-0.176,-0.088,0.088,-0.264,-0.088,0.176,0.088,-43.154,30.674,-0.088,0.264,0.000,0.000,0.439,0.176,0.000,0.000,0.000,0.000,0.000,0.000,0.000,0.000,0.000,0.000,-42.955,30.587,0.000,0.000,0.000,0.000,0.000,0.000,0.013,3.2,11.30,28.0,0.000,0.000,0.000,0.000,0.000,0.000,0.000,0.000,0.000,0.000,0.000,0.000,0.000,0.013,0.000,0.000,0.006,0.000
53.1073,531,0,move,-1,53.1073,53.1176,0,0.000,-0.088,0.176,-0.176,-0.088,0.088,-0.264,-0.088,0.176,0.088,-43.154,30.674,-0.088,0.264,0.000,0.000,0.439,0.176,0.000,0.000,0.000,0.000,0.000,0.000,0.000,0.000,0.000,0.000,-42.955,30.587,0.000,0.000,0.000,0.000,0.000,0.000,0.013,3.2,11.30,28.0,0.000,0.000,0.000,0.000,0.000,0.000,0.000,0.000,0.000,0.000,0.000,0.000,0.000,0.013,0.000,0.000,0.006,0.000
53.2073,532,0,move,-1,53.2073,53.2189,0,0.000,-0.088,0.176,-0.176,-0.088,0.088,-0.264,-0.088,0.176,0.088,-43.154,30.674,-0.088,0.264,0.000,0.000,0.439,0.176,0.000,0.000,0.000,0.000,0.000,0.000,0.000,0.000,0.000,0.000,-42.955,30.587,0.000,0.000,0.000,0.000,0.000,0.000,0.006,2.4,11.30,31.0,0.000,0.000,0.000,0.000,0.000,0.000,0.000,0.000,0.000,0.000,0.006,0.000,0.000,0.006,0.000,0.000,0.006,0.000
53.3073,533,0,move,-1,53.3073,53.3196,0,0.000,-0.088,0.176,-0.176,-0.088,0.088,-0.264,-0.088,0.176,0.088,-43.154,30.674,-0.088,0.264,0.000,0.000,0.439,0.176,0.000,0.000,0.000,0.000,0.000,0.000,0.000,0.000,0.000,0.000,-42.955,30.587,0.000,0.000,0.000,0.000,0.000,0.000,0.013,3.2,11.30,28.0,0.000,0.000,0.000,0.000,0.000,0.000,0.006,0.000,0.000,0.000,0.000,0.000,0.000,0.013,0.000,0.000,0.006,0.000
53.4075,534,0,move,-1,53.4075,53.4185,0,0.000,-0.088,0.176,-0.176,-0.088,0.088,-0.264,-0.088,0.176,0.088,-43.154,30.674,-0.088,0.264,0.000,0.000,0.439,0.176,0.000,0.000,0.000,0.000,0.000,0.000,0.000,0.000,0.000,0.000,-42.955,30.587,0.000,0.000,0.000,0.000,0.000,0.000,0.013,3.2,11.30,28.0,0.000,0.000,0.000,0.000,0.000,0.000,0.006,0.000,0.000,0.000,0.000,0.000,0.000,0.013,0.000,0.000,0.006,0.000
53.5075,535,0,move,-1,53.5075,53.5187,0,0.000,-0.088,0.176,-0.176,-0.088,0.088,-0.264,-0.088,0.176,0.088,-43.154,30.674,-0.088,0.264,0.000,0.000,0.439,0.176,0.000,0.000,0.000,0.000,0.000,0.000,0.000,0.000,0.000,0.000,-42.955,30.587,0.000,0.000,0.000,0.000,0.000,0.000,0.013,4.8,11.30,31.0,0.000,0.000,0.000,0.006,0.000,0.000,0.000,0.000,0.006,0.000,0.000,0.000,0.000,0.006,0.000,0.000,0.013,0.006
53.6125,536,0,move,-1,53.6125,53.6458,0,0.000,-0.088,0.176,-0.176,-0.088,0.088,-0.264,-0.088,0.176,0.088,-43.154,30.674,-0.088,0.264,0.000,0.000,0.439,0.176,0.000,0.000,0.000,0.000,0.000,0.000,0.000,0.000,0.000,0.000,-42.955,30.587,0.000,0.000,0.000,0.000,0.000,0.000,0.006,2.4,11.30,32.0,0.000,0.000,0.000,0.000,0.000,0.000,0.000,0.000,0.006,0.000,0.006,0.000,0.000,0.006,0.000,0.000,0.006,0.000
53.7076,537,0,move,-1,53.7076,53.7337,0,0.000,-0.088,0.176,-0.176,-0.088,0.088,-0.264,-0.088,0.176,0.088,-43.154,30.674,-0.088,0.264,0.000,0.000,0.439,0.176,0.000,0.000,0.000,0.000,0.000,0.000,0.000,0.000,0.000,0.000,-42.955,30.587,0.000,0.000,0.000,0.000,0.000,0.000,0.006,2.4,11.30,32.0,0.000,0.000,0.000,0.000,0.000,0.000,0.000,0.000,0.006,0.000,0.006,0.000,0.000,0.006,0.000,0.000,0.006,0.000
53.8075,538,0,move,-1,53.8075,53.8193,0,0.000,-0.088,0.176,-0.176,-0.088,0.088,-0.264,-0.088,0.176,0.088,-43.154,30.674,-0.088,0.264,0.000,0.000,0.439,0.176,0.000,0.000,0.000,0.000,0.000,0.000,0.000,0.000,0.000,0.000,-42.955,30.587,0.000,0.000,0.000,0.000,0.000,0.000,0.006,2.4,11.30,32.0,0.000,0.000,0.000,0.006,0.000,0.000,0.006,0.000,0.000,0.000,0.000,0.000,0.000,0.006,0.000,0.000,0.006,0.006
53.9099,539,0,move,-1,53.9099,53.9333,0,0.000,-0.088,0.176,-0.176,-0.088,0.088,-0.264,-0.088,0.176,0.088,-43.154,30.674,-0.088,0.264,0.000,0.000,0.439,0.176,0.000,0.000,0.000,0.000,0.000,0.000,0.000,0.000,0.000,0.000,-42.955,30.587,0.000,0.000,0.000,0.000,0.000,0.000,0.006,2.4,11.30,32.0,0.000,0.000,0.000,0.006,0.000,0.000,0.006,0.000,0.006,0.000,0.000,0.000,0.000,0.006,0.000,0.000,0.006,0.000
54.0075,540,0,move,-1,54.0075,54.0193,0,0.000,-0.088,0.176,-0.176,-0.088,0.088,-0.264,-0.088,0.176,0.088,-43.154,30.674,-0.088,0.264,0.000,0.000,0.439,0.176,0.000,0.000,0.000,0.000,0.000,0.000,0.000,0.000,0.000,0.000,-43.059,30.640,0.000,0.000,0.000,0.000,0.000,0.000,0.006,2.4,11.30,32.0,0.000,0.000,0.000,0.006,0.000,0.000,0.006,0.000,0.006,0.000,0.000,0.000,0.000,0.006,0.000,0.000,0.006,0.000
54.1074,541,0,move,-1,54.1074,54.1204,0,0.000,-0.088,0.176,-0.176,-0.088,0.088,-0.264,-0.088,0.176,0.088,-43.154,30.674,-0.088,0.264,0.000,0.000,0.439,0.176,0.000,0.000,0.000,0.000,0.000,0.000,0.000,0.000,0.000,0.000,-43.362,30.795,0.000,0.000,0.000,0.000,0.000,0.000,0.013,3.2,11.30,28.0,0.000,0.000,0.000,0.000,0.000,0.000,0.006,0.000,0.000,0.000,0.000,0.000,0.000,0.013,0.000,0.000,0.013,0.000
54.2075,542,0,move,-1,54.2075,54.2216,0,0.000,-0.088,0.176,-0.176,-0.088,0.088,-0.264,-0.088,0.176,0.088,-43.154,30.674,-0.088,0.264,0.000,0.000,0.439,0.176,0.000,0.000,0.000,0.000,0.000,0.000,0.000,0.000,0.000,0.000,-43.833,31.033,0.000,0.000,0.000,0.000,0.000,0.000,0.006,2.4,11.30,32.0,0.000,0.000,0.006,0.006,0.000,0.000,0.000,0.000,0.000,0.000,0.000,0.000,0.000,0.006,0.000,0.000,0.006,0.000
54.3075,543,0,move,-1,54.3075,54.3197,0,0.000,-0.088,0.176,-0.176,-0.088,0.088,-0.264,-0.088,0.176,0.088,-43.154,30.938,-0.088,0.264,0.000,0.000,0.439,0.176,0.000,0.000,0.000,0.000,0.000,0.000,0.000,0.000,0.000,0.000,-44.421,31.329,0.000,0.000,0.000,0.000,0.000,0.000,0.006,2.4,11.30,32.0,0.000,0.000,0.006,0.006,0.000,0.000,0.000,0.000,0.000,0.000,0.000,0.000,0.000,0.006,0.000,0.000,0.006,0.000
54.4086,544,0,move,-1,54.4086,54.4208,0,0.000,-0.088,0.176,-0.176,-0.088,0.088,-0.264,-0.088,0.176,0.088,-43.770,31.201,-0.088,0.264,0.000,0.000,0.439,0.176,0.000,0.000,0.000,0.000,0.000,0.000,0.000,0.000,0.000,0.000,-45.069,31.653,0.000,0.000,0.000,0.000,0.000,0.000,0.006,2.4,11.30,32.0,0.000,0.000,0.006,0.006,0.000,0.000,0.006,0.000,0.000,0.000,0.006,0.000,0.000,0.006,0.000,0.000,0.006,0.000
54.5117,545,0,move,-1,54.5117,54.5221,0,0.000,-0.088,0.176,-0.176,-0.088,0.088,-0.264,-0.088,0.176,0.088,-44.385,31.641,-0.088,0.264,0.000,0.000,0.439,0.176,0.000,0.000,0.000,0.000,0.000,0.000,0.000,0.000,0.000,0.000,-45.712,31.972,0.000,0.000,0.000,0.000,0.000,0.000,0.026,10.4,11.20,31.0,0.000,0.000,0.000,0.006,0.000,0.000,0.000,0.000,0.000,0.000,0.026,0.006,0.000,0.006,0.000,0.000,0.006,0.000
54.6093,546,0,move,-1,54.6093,54.6695,0,0.000,-0.088,0.176,-0.176,-0.088,0.088,-0.264,-0.088,0.176,0.088,-45.352,31.992,-0.088,0.264,0.000,0.000,0.439,0.176,0.000,0.000,0.000,0.000,0.000,0.000,0.000,0.000,0.000,0.000,-46.288,32.255,0.000,0.000,0.000,0.000,0.000,0.000,0.013,6.4,11.30,31.0,0.000,0.000,0.000,0.000,0.000,0.000,0.000,0.000,0.000,0.000,0.013,0.006,0.000,0.013,0.000,0.000,0.006,0.000
54.7074,547,0,move,-1,54.7074,54.7185,0,0.000,-0.088,0.176,-0.176,-0.088,0.088,-0.264,-0.088,0.176,0.088,-45.703,32.080,-0.088,0.264,0.000,0.000,0.439,0.176,0.000,0.000,0.000,0.000,0.000,0.000,0.000,0.000,0.000,0.000,-46.742,32.477,0.000,0.000,0.000,0.000,0.000,0.000,0.013,6.4,11.30,31.0,0.000,0.000,0.000,0.000,0.000,0.000,0.000,0.000,0.000,0.000,0.013,0.006,0.000,0.013,0.000,0.000,0.006,0.000
54.8073,548,0,move,-1,54.8073,54.8189,0,0.000,-0.088,0.176,-0.176,-0.088,0.088,-0.264,-0.088,0.176,0.088,-46.143,32.432,-0.088,0.264,0.000,0.000,0.439,0.176,0.000,0.000,0.000,0.000,0.000,0.000,0.000,0.000,0.000,0.000,-47.033,32.619,0.000,0.000,0.000,0.000,0.000,0.000,0.013,3.2,11.30,28.0,0.000,0.000,0.000,0.006,0.000,0.000,0.006,0.000,0.000,0.000,0.006,0.000,0.000,0.013,0.000,0.000,0.006,0.006
54.9075,549,0,move,-1,54.9075,54.9176,0,0.000,-0.088,0.176,-0.176,-0.088,0.088,-0.264,-0.088,0.176,0.088,-46.582,32.520,-0.088,0.264,0.000,0.000,0.439,0.176,0.000,0.000,0.000,0.000,0.000,0.000,0.000,0.000,0.000,0.000,-47.133,32.667,0.000,0.000,0.000,0.000,0.000,0.000,0.013,3.2,11.30,28.0,0.000,0.000,0.000,0.006,0.000,0.000,0.006,0.000,0.000,0.000,0.006,0.000,0.000,0.013,0.000,0.000,0.006,0.006
55.0075,550,0,move,-1,55.0075,55.0221,0,0.000,-0.088,0.176,-0.176,-0.088,0.088,-0.264,-0.088,0.176,0.088,-46.582,32.607,-0.088,0.264,0.000,0.000,0.439,0.176,0.000,0.000,0.000,0.000,0.000,0.000,0.000,0.000,0.000,0.000,-47.133,32.667,0.000,0.000,0.000,0.000,0.000,0.000,0.013,5.6,11.30,31.0,0.000,0.000,0.000,0.006,0.000,0.000,0.006,0.000,0.006,0.000,0.013,0.000,0.000,0.013,0.000,0.000,0.006,0.000
55.1126,551,0,move,-1,55.1126,55.1343,0,0.000,-0.088,0.176,-0.176,-0.088,0.088,-0.264,-0.088,0.176,0.088,-46.582,32.607,-0.088,0.264,0.000,0.000,0.439,0.176,0.000,0.000,0.000,0.000,0.000,0.000,0.000,0.000,0.000,0.000,-47.133,32.667,0.000,0.000,0.000,0.000,0.000,0.000,0.006,3.2,11.20,32.0,0.000,0.000,0.000,0.000,0.000,0.000,0.006,0.000,0.000,0.000,0.006,0.000,0.000,0.006,0.000,0.000,0.006,0.006
55.2126,552,0,move,-1,55.2126,55.2335,0,0.000,-0.088,0.176,-0.176,-0.088,0.088,-0.264,-0.088,0.176,0.088,-46.582,32.607,-0.088,0.264,0.000,0.000,0.439,0.176,0.000,0.000,0.000,0.000,0.000,0.000,0.000,0.000,0.000,0.000,-47.133,32.667,0.000,0.000,0.000,0.000,0.000,0.000,0.006,3.2,11.20,32.0,0.000,0.000,0.000,0.000,0.000,0.000,0.006,0.000,0.000,0.000,0.006,0.000,0.000,0.006,0.000,0.000,0.006,0.006
55.3075,553,0,move,-1,55.3075,55.3196,0,0.000,-0.088,0.176,-0.176,-0.088,0.088,-0.264,-0.088,0.176,0.088,-46.582,32.607,-0.088,0.264,0.000,0.000,0.439,0.176,0.000,0.000,0.000,0.000,0.000,0.000,0.000,0.000,0.000,0.000,-47.133,32.667,0.000,0.000,0.000,0.000,0.000,0.000,0.013,5.6,11.20,31.0,0.000,0.000,0.000,0.006,0.000,0.000,0.000,0.000,0.000,0.000,0.013,0.000,0.000,0.013,0.000,0.000,0.006,0.006
55.4075,554,0,move,-1,55.4075,55.4188,0,0.000,-0.088,0.176,-0.176,-0.088,0.088,-0.264,-0.088,0.176,0.088,-46.582,32.607,-0.088,0.264,0.000,0.000,0.439,0.176,0.000,0.000,0.000,0.000,0.000,0.000,0.000,0.000,0.000,0.000,-47.133,32.667,0.000,0.000,0.000,0.000,0.000,0.000,0.013,5.6,11.20,31.0,0.000,0.000,0.000,0.006,0.000,0.000,0.000,0.000,0.000,0.000,0.013,0.000,0.000,0.013,0.000,0.000,0.006,0.006
55.5075,555,0,move,-1,55.5075,55.5194,0,0.000,-0.088,0.176,-0.176,-0.088,0.088,-0.264,-0.088,0.176,0.088,-46.582,32.607,-0.088,0.264,0.000,0.000,0.439,0.176,0.000,0.000,0.000,0.000,0.000,0.000,0.000,0.000,0.000,0.000,-47.133,32.667,0.000,0.000,0.000,0.000,0.000,0.000,0.013,5.6,11.30,31.0,0.000,0.000,0.000,0.000,0.000,0.000,0.006,0.000,0.006,0.000,0.013,0.000,0.000,0.006,0.000,0.006,0.013,0.006
55.6211,556,0,move,-1,55.6211,55.6351,0,0.000,-0.088,0.176,-0.176,-0.088,0.088,-0.264,-0.088,0.176,0.088,-46.582,32.607,-0.088,0.264,0.000,0.000,0.439,0.176,0.000,0.000,0.000,0.000,0.000,0.000,0.000,0.000,0.000,0.000,-47.133,32.667,0.000,0.000,0.000,0.000,0.000,0.000,0.013,3.2,11.30,28.0,0.000,0.000,0.000,0.000,,0.000,0.000,0.000,0.000,0.000,0.006,0.000,0.000,0.013,0.000,0.000,0.006,0.000
55.7076,557,0,move,-1,55.7076,55.7185,0,0.000,-0.088,0.176,-0.176,-0.088,0.088,-0.264,-0.088,0.176,0.088,-46.582,32.607,-0.088,0.264,0.000,0.000,0.439,0.176,0.000,0.000,0.000,0.000,0.000,0.000,0.000,0.000,0.000,0.000,-47.133,32.667,0.000,0.000,0.000,0.000,0.000,0.000,0.013,3.2,11.30,28.0,0.000,0.000,0.000,0.000,,0.000,0.000,0.000,0.000,0.000,0.006,0.000,0.000,0.013,0.000,0.000,0.006,0.000
55.8073,558,0,move,-1,55.8073,55.8193,0,0.000,-0.088,0.176,-0.176,-0.088,0.088,-0.264,-0.088,0.176,0.088,-46.582,32.607,-0.088,0.264,0.000,0.000,0.439,0.176,0.000,0.000,0.000,0.000,0.000,0.000,0.000,0.000,0.000,0.000,-47.133,32.667,0.000,0.000,0.000,0.000,0.000,0.000,0.013,4.8,11.20,31.0,0.000,0.000,0.000,0.000,0.000,0.000,0.000,0.000,0.000,0.000,0.006,0.000,0.000,0.006,0.000,0.000,0.013,0.006
55.9085,559,0,move,-1,55.9085,55.9185,0,0.000,-0.088,0.176,-0.176,-0.088,0.088,-0.264,-0.088,0.176,0.088,-46.582,32.607,-0.088,0.264,0.000,0.000,0.439,0.176,0.000,0.000,0.000,0.000,0.000,0.000,0.000,0.000,0.000,0.000,-47.133,32.667,0.000,0.000,0.000,0.000,0.000,0.000,0.013,4.8,11.20,31.0,0.000,0.000,0.000,0.000,0.000,0.000,0.000,0.000,0.000,0.000,0.006,0.000,0.000,0.006,0.000,0.000,0.013,0.006
56.0075,560,0,move,-1,56.0075,56.0204,0,0.000,-0.088,0.176,-0.176,-0.088,0.088,-0.264,-0.088,0.176,0.088,-46.582,32.607,-0.088,0.264,0.000,0.000,0.439,0.176,0.000,0.000,0.000,0.000,0.000,0.000,0.000,0.000,0.000,0.000,-47.133,32.667,0.000,0.000,0.000,0.000,0.000,0.000,0.013,3.2,11.30,28.0,0.000,0.000,0.000,0.006,0.000,0.000,0.006,0.000,0.006,0.000,0.006,0.000,0.000,0.013,0.000,0.000,0.006,0.000
56.1075,561,0,move,-1,56.1075,56.1199,0,0.000,-0.088,0.176,-0.176,-0.088,0.088,-0.264,-0.088,0.176,0.088,-46.582,32.607,-0.088,0.264,0.000,0.000,0.439,0.176,0.000,0.000,0.000,0.000,0.000,0.000,0.000,0.000,0.000,0.000,-47.133,32.667,0.000,0.000,0.000,0.000,0.000,0.000,0.013,3.2,11.30,28.0,0.000,0.000,0.000,0.006,0.000,0.000,0.006,0.000,0.006,0.000,0.006,0.000,0.000,0.013,0.000,0.000,0.006,0.000
56.2075,562,0,move,-1,56.2075,56.2189,0,0.000,-0.088,0.176,-0.176,-0.088,0.088,-0.264,-0.088,0.176,0.088,-46.582,32.607,-0.088,0.264,0.000,0.000,0.439,0.176,0.000,0.000,0.000,0.000,0.000,0.000,0.000,0.000,0.000,0.000,-47.133,32.667,0.000,0.000,0.000,0.000,0.000,0.000,0.006,2.4,11.30,32.0,0.000,0.000,0.006,0.000,0.000,0.000,0.000,0.000,0.000,0.000,0.006,0.000,0.000,0.006,0.000,0.000,0.006,0.000
56.3075,563,0,move,-1,56.3075,56.3212,0,0.000,-0.088,0.176,-0.176,-0.088,0.088,-0.264,-0.088,0.176,0.088,-46.582,32.607,-0.088,0.264,0.000,0.000,0.439,0.176,0.000,0.000,0.000,0.000,0.000,0.000,0.000,0.000,0.000,0.000,-47.133,32.667,0.000,0.000,0.000,0.000,0.000,0.000,0.013,5.6,11.30,31.0,0.000,0.000,0.000,0.006,0.000,0.000,0.006,0.000,0.000,0.000,0.013,0.000,0.000,0.013,0.000,0.000,0.006,0.000
56.4075,564,0,move,-1,56.4075,56.4200,0,0.000,-0.088,0.176,-0.176,-0.088,0.088,-0.264,-0.088,0.176,0.088,-46.582,32.607,-0.088,0.264,0.000,0.000,0.439,0.176,0.000,0.000,0.000,0.000,0.000,0.000,0.000,0.000,0.000,0.000,-47.133,32.667,0.000,0.000,0.000,0.000,0.000,0.000,0.013,5.6,11.30,31.0,0.000,0.000,0.000,0.006,0.000,0.000,0.006,0.000,0.000,0.000,0.013,0.000,0.000,0.013,0.000,0.000,0.006,0.000
56.5112,565,0,move,-1,56.5112,56.5341,0,0.000,-0.088,0.176,-0.176,-0.088,0.088,-0.264,-0.088,0.176,0.088,-46.582,32.607,-0.088,0.264,0.000,0.000,0.439,0.176,0.000,0.000,0.000,0.000,0.000,0.000,0.000,0.000,0.000,0.000,-47.133,32.667,0.000,0.000,0.000,0.000,0.000,0.000,0.013,5.6,11.20,31.0,0.000,0.000,0.000,0.000,0.000,0.000,0.006,0.000,0.000,0.000,0.013,0.000,0.000,0.013,0.000,0.000,0.006,0.006
56.6073,566,0,move,-1,56.6073,56.6192,0,0.000,-0.088,0.176,-0.176,-0.088,0.088,-0.264,-0.088,0.176,0.088,-46.582,32.607,-0.088,0.264,0.000,0.000,0.439,0.176,0.000,0.000,0.000,0.000,0.000,0.000,0.000,0.000,0.000,0.000,-47.133,32.667,0.000,0.000,0.000,0.000,0.000,0.000,0.013,5.6,11.20,31.0,0.000,0.000,0.000,0.000,0.000,0.000,0.006,0.000,0.000,0.000,0.013,0.000,0.000,0.013,0.000,0.000,0.006,0.006
56.7074,567,0,move,-1,56.7074,56.7228,0,0.000,-0.088,0.176,-0.176,-0.088,0.088,-0.264,-0.088,0.176,0.088,-46.582,32.607,-0.088,0.264,0.000,0.000,0.439,0.176,0.000,0.000,0.000,0.000,0.000,0.000,0.000,0.000,0.000,0.000,-47.133,32.667,0.000,0.000,0.000,0.000,0.000,0.000,0.006,3.2,11.30,32.0,0.000,0.000,0.000,0.000,0.000,0.000,0.006,0.000,0.000,0.000,0.006,0.000,0.000,0.006,0.000,0.000,0.006,0.000
56.8088,568,0,move,-1,56.8088,56.8186,0,0.000,-0.088,0.176,-0.176,-0.088,0.088,-0.264,-0.088,0.176,0.088,-46.582,32.607,-0.088,0.264,0.000,0.000,0.439,0.176,0.000,0.000,0.000,0.000,0.000,0.000,0.000,0.000,0.000,0.000,-47.133,32.667,0.000,0.000,0.000,0.000,0.000,0.000,0.006,3.2,11.30,32.0,0.000,0.000,0.000,0.000,0.000,0.000,0.006,0.000,0.000,0.000,0.006,0.000,0.000,0.006,0.000,0.000,0.006,0.000
56.9075,569,0,move,-1,56.9075,56.9189,0,0.000,-0.088,0.176,-0.176,-0.088,0.088,-0.264,-0.088,0.176,0.088,-46.582,32.607,-0.088,0.264,0.000,0.000,0.439,0.176,0.000,0.000,0.000,0.000,0.000,0.000,0.000,0.000,0.000,0.000,-47.133,32.667,0.000,0.000,0.000,0.000,0.000,0.000,0.013,5.6,11.30,31.0,0.000,0.000,0.000,0.006,0.000,0.000,0.000,0.000,0.000,0.000,0.013,0.000,0.000,0.013,0.000,0.000,0.006,0.006
57.0075,570,0,move,-1,57.0075,57.0171,0,0.000,-0.088,0.176,-0.176,-0.088,0.088,-0.264,-0.088,0.176,0.088,-46.582,32.607,-0.088,0.264,0.000,0.000,0.439,0.176,0.000,0.000,0.000,0.000,0.000,0.000,0.000,0.000,0.000,0.000,-47.133,32.667,0.000,0.000,0.000,0.000,0.000,0.000,0.013,5.6,11.30,31.0,0.000,0.000,0.000,0.006,0.000,0.000,0.000,0.000,0.000,0.000,0.013,0.000,0.000,0.013,0.000,0.000,0.006,0.006
57.1078,571,0,move,-1,57.1078,57.1213,0,0.000,-0.088,0.176,-0.176,-0.088,0.088,-0.264,-0.088,0.176,0.088,-46.582,32.607,-0.088,0.264,0.000,0.000,0.439,0.176,0.000,0.000,0.000,0.000,0.000,0.000,0.000,0.000,0.000,0.000,-47.133,32.667,0.000,0.000,0.000,0.000,0.000,0.000,0.013,5.6,11.30,31.0,0.000,0.000,0.000,0.006,0.000,0.000,0.000,0.000,0.006,0.000,0.013,0.000,0.000,0.013,0.000,0.000,0.006,0.000
57.2089,572,0,move,-1,57.2089,57.2212,0,0.000,-0.088,0.176,-0.176,-0.088,0.088,-0.264,-0.088,0.176,0.088,-46.582,32.607,-0.088,0.264,0.000,0.000,0.439,0.176,0.000,0.000,0.000,0.000,0.000,0.000,0.000,0.000,0.000,0.000,-47.133,32.667,0.000,0.000,0.000,0.000,0.000,0.000,0.013,5.6,11.30,31.0,0.000,0.000,0.000,0.006,0.000,0.000,0.000,0.000,0.006,0.000,0.013,0.000,0.000,0.013,0.000,0.000,0.006,0.000
57.3075,573,0,move,-1,57.3075,57.3187,0,0.000,-0.088,0.176,-0.176,-0.088,0.088,-0.264,-0.088,0.176,0.088,-46.582,32.607,-0.088,0.264,0.000,0.000,0.439,0.176,0.000,0.000,0.000,0.000,0.000,0.000,0.000,0.000,0.000,0.000,-47.133,32.667,0.000,0.000,0.000,0.000,0.000,0.000,0.013,5.6,11.30,31.0,0.000,0.000,0.000,0.000,0.000,0.000,0.006,0.000,0.000,0.000,0.013,0.000,0.000,0.013,0.000,0.000,0.013,0.000
57.4074,574,0,move,-1,57.4074,57.4202,0,0.000,-0.088,0.176,-0.176,-0.088,0.088,-0.264,-0.088,0.176,0.088,-46.582,32.607,-0.088,0.264,0.000,0.000,0.439,0.176,0.000,0.000,0.000,0.000,0.000,0.000,0.000,0.000,0.000,0.000,-47.133,32.667,0.000,0.000,0.000,0.000,0.000,0.000,0.013,5.6,11.30,31.0,0.000,0.000,0.000,0.000,0.000,0.000,0.000,0.000,0.006,0.000,0.013,0.000,0.000,0.013,0.000,0.000,0.006,0.000
57.5073,575,0,move,-1,57.5073,57.5189,0,0.000,-0.088,0.176,-0.176,-0.088,0.088,-0.264,-0.088,0.176,0.088,-46.582,32.607,-0.088,0.264,0.000,0.000,0.439,0.176,0.000,0.000,0.000,0.000,0.000,0.000,0.000,0.000,0.000,0.000,-47.133,32.667,0.000,0.000,0.000,0.000,0.000,0.000,0.013,5.6,11.30,31.0,0.000,0.000,0.000,0.000,0.000,0.000,0.000,0.000,0.006,0.000,0.013,0.000,0.000,0.013,0.000,0.000,0.006,0.000
57.6073,576,0,move,-1,57.6073,57.6207,0,0.000,-0.088,0.176,-0.176,-0.088,0.088,-0.264,-0.088,0.176,0.088,-46.582,32.607,-0.088,0.264,0.000,0.000,0.439,0.176,0.000,0.000,0.000,0.000,0.000,0.000,0.000,0.000,0.000,0.000,-47.133,32.667,0.000,0.000,0.000,0.000,0.000,0.000,0.013,3.2,11.30,28.0,0.000,0.000,0.000,0.000,0.000,0.000,0.006,0.000,0.006,0.000,0.006,0.000,0.000,0.013,0.000,0.000,0.006,0.000
57.7073,577,0,move,-1,57.7073,57.7199,0,0.000,-0.088,0.176,-0.176,-0.088,0.088,-0.264,-0.088,0.176,0.088,-46.582,32.607,-0.088,0.264,0.000,0.000,0.439,0.176,0.000,0.000,0.000,0.000,0.000,0.000,0.000,0.000,0.000,0.000,-47.133,32.667,0.000,0.000,0.000,0.000,0.000,0.000,0.013,3.2,11.30,28.0,0.000,0.000,0.000,0.000,0.000,0.000,0.006,0.000,0.006,0.000,0.006,0.000,0.000,0.013,0.000,0.000,0.006,0.000
57.8075,578,0,move,-1,57.8075,57.8199,0,0.000,-0.088,0.176,-0.176,-0.088,0.088,-0.264,-0.088,0.176,0.088,-46.582,32.607,-0.088,0.264,0.000,0.000,0.439,0.176,0.000,0.000,0.000,0.000,0.000,0.000,0.000,0.000,0.000,0.000,-47.133,32.667,0.000,0.000,0.000,0.000,0.000,0.000,0.013,4.8,11.30,31.0,0.000,0.000,0.000,0.000,0.000,0.000,0.006,0.000,0.000,0.000,0.006,0.000,0.000,0.006,0.000,0.000,0.013,0.000
57.9124,579,0,move,-1,57.9124,57.9521,0,0.000,-0.088,0.176,-0.176,-0.088,0.088,-0.264,-0.088,0.176,0.088,-46.582,32.607,-0.088,0.264,0.000,0.000,0.439,0.176,0.000,0.000,0.000,0.000,0.000,0.000,0.000,0.000,0.000,0.000,-47.133,32.667,0.000,0.000,0.000,0.000,0.000,0.000,0.013,5.6,11.20,31.0,0.000,0.000,0.000,0.000,0.000,0.000,0.000,0.000,0.000,0.000,0.013,0.000,0.000,0.013,0.000,0.000,0.013,0.006
58.0074,580,0,move,-1,58.0074,58.0209,0,0.000,-0.088,0.176,-0.176,-0.088,0.088,-0.264,-0.088,0.176,0.088,-46.582,32.607,-0.088,0.264,0.000,0.000,0.439,0.176,0.000,0.000,0.000,0.000,0.000,0.000,0.000,0.000,0.000,0.000,-47.233,32.716,0.000,0.000,0.000,0.000,0.000,0.000,0.013,5.6,11.20,31.0,0.000,0.000,0.000,0.000,0.000,0.000,0.000,0.000,0.000,0.000,0.013,0.000,0.000,0.013,0.000,0.000,0.013,0.006
58.1074,581,0,move,-1,58.1074,58.1283,0,0.000,-0.088,0.176,-0.176,-0.088,0.088,-0.264,-0.088,0.176,0.088,-46.582,32.607,-0.088,0.264,0.000,0.000,0.439,0.176,0.000,0.000,0.000,0.000,0.000,0.000,0.000,0.000,0.000,0.000,-47.522,32.856,0.000,0.000,0.000,0.000,0.000,0.000,0.013,6.4,11.30,31.0,0.000,0.000,0.000,0.000,0.000,0.000,0.000,0.000,0.006,0.000,0.013,0.000,0.000,0.013,0.000,0.000,0.006,0.000
58.2073,582,0,move,-1,58.2073,58.2183,0,0.000,-0.088,0.176,-0.176,-0.088,0.088,-0.264,-0.088,0.176,0.088,-47.109,32.871,-0.088,0.264,0.000,0.000,0.439,0.176,0.000,0.000,0.000,0.000,0.000,0.000,0.000,0.000,0.000,0.000,-47.971,33.071,0.000,0.000,0.000,0.000,0.000,0.000,0.013,6.4,11.30,31.0,0.000,0.000,0.000,0.000,0.000,0.000,0.000,0.000,0.006,0.000,0.013,0.000,0.000,0.013,0.000,0.000,0.006,0.000
58.3076,583,0,move,-1,58.3076,58.3185,0,0.000,-0.088,0.176,-0.176,-0.088,0.088,-0.264,-0.088,0.176,0.088,-47.461,33.047,-0.088,0.264,0.000,0.000,0.439,0.176,0.000,0.000,0.000,0.000,0.000,0.000,0.000,0.000,0.000,0.000,-48.535,33.340,0.000,0.000,0.000,0.000,0.000,0.000,0.006,2.4,11.30,32.0,0.000,0.000,0.006,0.006,0.000,0.000,0.006,0.000,0.000,0.000,0.006,0.006,0.000,0.006,0.000,0.000,0.006,0.006
58.4073,584,0,move,-1,58.4073,58.4179,0,0.000,-0.088,0.176,-0.176,-0.088,0.088,-0.264,-0.088,0.176,0.088,-47.988,33.135,-0.088,0.264,0.000,0.000,0.439,0.176,0.000,0.000,0.000,0.000,0.000,0.000,0.000,0.000,0.000,0.000,-49.154,33.634,0.000,0.000,0.000,0.000,0.000,0.000,0.006,2.4,11.30,32.0,0.000,0.000,0.006,0.006,0.000,0.000,0.006,0.000,0.000,0.000,0.006,0.006,0.000,0.006,0.000,0.000,0.006,0.006
58.5074,585,0,move,-1,58.5074,58.5189,0,0.000,-0.088,0.176,-0.176,-0.088,0.088,-0.264,-0.088,0.176,0.088,-48.516,33.662,-0.088,0.264,0.000,0.000,0.439,0.176,0.000,0.000,0.000,0.000,0.000,0.000,0.000,0.000,0.000,0.000,-49.772,33.924,0.000,0.000,0.000,0.000,0.000,0.000,0.019,7.2,11.30,31.0,0.000,0.000,0.000,0.006,0.000,0.000,0.006,0.000,0.006,0.000,0.019,0.006,0.000,0.006,0.000,0.000,0.006,0.006
58.6075,586,0,move,-1,58.6075,58.6310,0,0.000,-0.088,0.176,-0.176,-0.088,0.088,-0.264,-0.088,0.176,0.088,-49.131,33.926,-0.088,0.264,0.000,0.000,0.439,0.176,0.000,0.000,0.000,0.000,0.000,0.000,0.000,0.000,0.000,0.000,-50.327,34.182,0.000,0.000,0.000,0.000,0.000,0.000,0.006,2.4,11.30,32.0,0.000,,0.000,0.006,0.000,0.000,0.000,0.000,0.000,0.000,0.006,0.000,0.000,0.006,0.000,0.000,0.006,0.006
58.7073,587,0,move,-1,58.7073,58.7182,0,0.000,-0.088,0.176,-0.176,-0.088,0.088,-0.264,-0.088,0.176,0.088,-49.658,34.102,-0.088,0.264,0.000,0.000,0.439,0.176,0.000,0.000,0.000,0.000,0.000,0.000,0.000,0.000,0.000,0.000,-50.765,34.384,0.000,0.000,0.000,0.000,0.000,0.000,0.006,2.4,11.30,32.0,0.000,,0.000,0.006,0.000,0.000,0.000,0.000,0.000,0.000,0.006,0.000,0.000,0.006,0.000,0.000,0.006,0.006
58.8073,588,0,move,-1,58.8073,58.8191,0,0.000,-0.088,0.176,-0.176,-0.088,0.088,-0.264,-0.088,0.176,0.088,-50.098,34.365,-0.088,0.264,0.000,0.000,0.439,0.176,0.000,0.000,0.000,0.000,0.000,0.000,0.000,0.000,0.000,0.000,-51.045,34.512,0.000,0.000,0.000,0.000,0.000,0.000,0.013,6.8,11.30,31.0,0.000,0.000,0.006,0.000,0.000,0.000,0.006,0.000,0.000,0.000,0.013,0.000,0.000,0.013,0.000,0.000,0.006,0.000
58.9075,589,0,move,-1,58.9075,58.9206,0,0.000,-0.088,0.176,-0.176,-0.088,0.088,-0.264,-0.088,0.176,0.088,-50.537,34.453,-0.088,0.264,0.000,0.000,0.439,0.176,0.000,0.000,0.000,0.000,0.000,0.000,0.000,0.000,0.000,0.000,-51.141,34.556,0.000,0.000,0.000,0.000,0.000,0.000,0.019,8.8,11.30,31.0,0.000,0.000,0.000,0.000,0.000,0.000,0.000,0.000,0.000,0.000,0.019,0.006,0.000,0.006,0.000,0.000,0.006,0.006
59.0074,590,0,move,-1,59.0074,59.0193,0,0.000,-0.088,0.176,-0.176,-0.088,0.088,-0.264,-0.088,0.176,0.088,-50.537,34.453,-0.088,0.264,0.000,0.000,0.439,0.176,0.000,0.000,0.000,0.000,0.000,0.000,0.000,0.000,0.000,0.000,-51.141,34.556,0.000,0.000,0.000,0.000,0.000,0.000,0.019,8.8,11.30,31.0,0.000,0.000,0.000,0.000,0.000,0.000,0.000,0.000,0.000,0.000,0.019,0.006,0.000,0.006,0.000,0.000,0.006,0.006
59.1075,591,0,move,-1,59.1075,59.1195,0,0.000,-0.088,0.176,-0.176,-0.088,0.088,-0.264,-0.088,0.176,0.088,-50.625,34.453,-0.088,0.264,0.000,0.000,0.439,0.176,0.000,0.000,0.000,0.000,0.000,0.000,0.000,0.000,0.000,0.000,-51.141,34.556,0.000,0.000,0.000,0.000,0.000,0.000,0.013,3.2,11.30,28.0,0.000,0.000,0.000,0.006,0.000,0.000,0.000,0.000,0.000,0.000,0.006,0.000,0.000,0.013,0.000,0.000,0.006,0.006
59.2093,592,0,move,-1,59.2093,59.2774,0,0.000,-0.088,0.176,-0.176,-0.088,0.088,-0.264,-0.088,0.176,0.088,-50.625,34.453,-0.088,0.264,0.000,0.000,0.439,0.176,0.000,0.000,0.000,0.000,0.000,0.000,0.000,0.000,0.000,0.000,-51.141,34.556,0.000,0.000,0.000,0.000,0.000,0.000,0.013,5.6,11.30,31.0,0.000,0.000,0.000,0.000,0.000,0.000,0.006,0.000,0.000,0.000,0.013,0.000,0.000,0.013,0.000,0.000,0.006,0.006
59.3073,593,0,move,-1,59.3073,59.3181,0,0.000,-0.088,0.176,-0.176,-0.088,0.088,-0.264,-0.088,0.176,0.088,-50.625,34.453,-0.088,0.264,0.000,0.000,0.439,0.176,0.000,0.000,0.000,0.000,0.000,0.000,0.000,0.000,0.000,0.000,-51.141,34.556,0.000,0.000,0.000,0.000,0.000,0.000,0.013,5.6,11.30,31.0,0.000,0.000,0.000,0.000,0.000,0.000,0.006,0.000,0.000,0.000,0.013,0.000,0.000,0.013,0.000,0.000,0.006,0.006
59.4074,594,0,move,-1,59.4074,59.4199,0,0.000,-0.088,0.176,-0.176,-0.088,0.088,-0.264,-0.088,0.176,0.088,-50.625,34.453,-0.088,0.264,0.000,0.000,0.439,0.176,0.000,0.000,0.000,0.000,0.000,0.000,0.000,0.000,0.000,0.000,-51.141,34.556,0.000,0.000,0.000,0.000,0.000,0.000,0.013,4.8,11.30,31.0,0.000,0.000,0.000,0.006,0.000,0.000,0.006,0.000,0.006,0.000,0.006,0.000,0.000,0.006,0.000,0.000,0.013,0.000
59.5082,595,0,move,-1,59.5082,59.5233,0,0.000,-0.088,0.176,-0.176,-0.088,0.088,-0.264,-0.088,0.176,0.088,-50.625,34.453,-0.088,0.264,0.000,0.000,0.439,0.176,0.000,0.000,0.000,0.000,0.000,0.000,0.000,0.000,0.000,0.000,-51.141,34.556,0.000,0.000,0.000,0.000,0.000,0.000,0.006,2.4,11.30,32.0,0.000,0.000,0.000,0.000,0.000,0.000,0.000,0.000,0.006,0.000,0.006,0.000,0.000,0.006,0.000,0.000,0.006,0.000
59.6075,596,0,move,-1,59.6075,59.6208,0,0.000,-0.088,0.176,-0.176,-0.088,0.088,-0.264,-0.088,0.176,0.088,-50.625,34.453,-0.088,0.264,0.000,0.000,0.439,0.176,0.000,0.000,0.000,0.000,0.000,0.000,0.000,0.000,0.000,0.000,-51.141,34.556,0.000,0.000,0.000,0.000,0.000,0.000,0.006,2.4,11.30,32.0,0.000,0.000,0.000,0.000,0.000,0.000,0.000,0.000,0.006,0.000,0.006,0.000,0.000,0.006,0.000,0.000,0.006,0.000
59.7075,597,0,move,-1,59.7075,59.7202,0,0.000,-0.088,0.176,-0.176,-0.088,0.088,-0.264,-0.088,0.176,0.088,-50.625,34.453,-0.088,0.264,0.000,0.000,0.439,0.176,0.000,0.000,0.000,0.000,0.000,0.000,0.000,0.000,0.000,0.000,-51.141,34.556,0.000,0.000,0.000,0.000,0.000,0.000,0.013,5.6,11.30,31.0,0.000,0.000,0.000,0.000,0.000,0.000,0.006,0.000,0.000,0.000,0.013,0.000,0.000,0.006,0.000,0.000,0.013,0.000
59.8075,598,0,move,-1,59.8075,59.8189,0,0.000,-0.088,0.176,-0.176,-0.088,0.088,-0.264,-0.088,0.176,0.088,-50.625,34.453,-0.088,0.264,0.000,0.000,0.439,0.176,0.000,0.000,0.000,0.000,0.000,0.000,0.000,0.000,0.000,0.000,-51.141,34.556,0.000,0.000,0.000,0.000,0.000,0.000,0.013,5.6,11.30,31.0,0.000,0.000,0.000,0.000,0.000,0.000,0.006,0.000,0.000,0.000,0.013,0.000,0.000,0.006,0.000,0.000,0.013,0.000
59.9075,599,0,move,-1,59.9075,59.9199,0,0.000,-0.088,0.176,-0.176,-0.088,0.088,-0.264,-0.088,0.176,0.088,-50.625,34.453,-0.088,0.264,0.000,0.000,0.439,0.176,0.000,0.000,0.000,0.000,0.000,0.000,0.000,0.000,0.000,0.000,-51.141,34.556,0.000,0.000,0.000,0.000,0.000,0.000,0.006,2.4,11.30,32.0,0.000,0.000,0.000,0.006,0.000,0.000,0.006,0.000,0.000,0.000,0.006,0.000,0.000,0.006,0.000,0.000,0.006,0.006
60.0073,600,0,move,-1,60.0073,60.0180,0,0.000,-0.088,0.176,-0.176,-0.088,0.088,-0.264,-0.088,0.176,0.088,-50.625,34.453,-0.088,0.264,0.000,0.000,0.439,0.176,0.000,0.000,0.000,0.000,0.000,0.000,0.000,0.000,0.000,0.000,-51.141,34.556,0.000,0.000,0.000,0.000,0.000,0.000,0.006,2.4,11.30,32.0,0.000,0.000,0.000,0.006,0.000,0.000,0.006,0.000,0.000,0.000,0.006,0.000,0.000,0.006,0.000,0.000,0.006,0.006
60.1073,601,0,move,-1,60.1073,60.1182,0,0.000,-0.088,0.176,-0.176,-0.088,0.088,-0.264,-0.088,0.176,0.088,-50.625,34.453,-0.088,0.264,0.000,0.000,0.439,0.176,0.000,0.000,0.000,0.000,0.000,0.000,0.000,0.000,0.000,0.000,-51.141,34.556,0.000,0.000,0.000,0.000,0.000,0.000,0.013,5.6,11.20,31.0,0.000,0.000,0.000,0.000,0.000,0.000,0.006,0.000,0.000,0.000,0.013,0.000,0.000,0.013,0.000,0.000,0.013,0.000
60.2103,602,0,move,-1,60.2103,60.2236,0,0.000,-0.088,0.176,-0.176,-0.088,0.088,-0.264,-0.088,0.176,0.088,-50.625,34.453,-0.088,0.264,0.000,0.000,0.439,0.176,0.000,0.000,0.000,0.000,0.000,0.000,0.000,0.000,0.000,0.000,-51.141,34.556,0.000,0.000,0.000,0.000,0.000,0.000,0.006,3.2,11.20,32.0,0.000,0.000,0.000,0.000,0.000,0.000,0.006,0.000,0.006,0.000,0.006,0.000,0.000,0.006,0.000,0.000,0.006,0.006
60.3073,603,0,move,-1,60.3073,60.3193,0,0.000,-0.088,0.176,-0.176,-0.088,0.088,-0.264,-0.088,0.176,0.088,-50.625,34.453,-0.088,0.264,0.000,0.000,0.439,0.176,0.000,0.000,0.000,0.000,0.000,0.000,0.000,0.000,0.000,0.000,-51.141,34.556,0.000,0.000,0.000,0.000,0.000,0.000,0.006,3.2,11.20,32.0,0.000,0.000,0.000,0.000,0.000,0.000,0.006,0.000,0.006,0.000,0.006,0.000,0.000,0.006,0.000,0.000,0.006,0.006
60.4075,604,0,move,-1,60.4075,60.4174,0,0.000,-0.088,0.176,-0.176,-0.088,0.088,-0.264,-0.088,0.176,0.088,-50.625,34.453,-0.088,0.264,0.000,0.000,0.439,0.176,0.000,0.000,0.000,0.000,0.000,0.000,0.000,0.000,0.000,0.000,-51.141,34.556,0.000,0.000,0.000,0.000,0.000,0.000,0.013,5.6,11.30,31.0,0.000,0.000,0.000,0.000,0.000,0.000,0.000,0.000,0.000,0.000,0.013,0.000,0.000,0.006,0.000,0.000,0.006,0.000
60.5073,605,0,move,-1,60.5073,60.5184,0,0.000,-0.088,0.176,-0.176,-0.088,0.088,-0.264,-0.088,0.176,0.088,-50.625,34.453,-0.088,0.264,0.000,0.000,0.439,0.176,0.000,0.000,0.000,0.000,0.000,0.000,0.000,0.000,0.000,0.000,-51.141,34.556,0.000,0.000,0.000,0.000,0.000,0.000,0.013,5.6,11.30,31.0,0.000,0.000,0.000,0.000,0.000,0.000,0.006,0.000,0.000,0.000,0.013,0.000,0.000,0.013,0.000,0.000,0.013,0.000
60.6073,606,0,move,-1,60.6073,60.6203,0,0.000,-0.088,0.176,-0.176,-0.088,0.088,-0.264,-0.088,0.176,0.088,-50.625,34.453,-0.088,0.264,0.000,0.000,0.439,0.176,0.000,0.000,0.000,0.000,0.000,0.000,0.000,0.000,0.000,0.000,-51.141,34.556,0.000,0.000,0.000,0.000,0.000,0.000,0.013,5.6,11.30,31.0,0.000,0.000,0.000,0.000,0.000,0.000,0.006,0.000,0.000,0.000,0.013,0.000,0.000,0.013,0.000,0.000,0.006,0.006
60.7074,607,0,move,-1,60.7074,60.7668,0,0.000,-0.088,0.176,-0.176,-0.088,0.088,-0.264,-0.088,0.176,0.088,-50.625,34.453,-0.088,0.264,0.000,0.000,0.439,0.176,0.000,0.000,0.000,0.000,0.000,0.000,0.000,0.000,0.000,0.000,-51.141,34.556,0.000,0.000,0.000,0.000,0.000,0.000,0.013,3.2,11.30,28.0,0.000,0.000,0.000,0.000,0.000,0.000,0.000,0.000,0.000,0.000,0.006,0.000,0.000,0.013,0.000,0.000,0.013,0.000
60.8074,608,0,move,-1,60.8074,60.8177,0,0.000,-0.088,0.176,-0.176,-0.088,0.088,-0.264,-0.088,0.176,0.088,-50.625,34.453,-0.088,0.264,0.000,0.000,0.439,0.176,0.000,0.000,0.000,0.000,0.000,0.000,0.000,0.000,0.000,0.000,-51.141,34.556,0.000,0.000,0.000,0.000,0.000,0.000,0.013,3.2,11.30,28.0,0.000,0.000,0.000,0.000,0.000,0.000,0.000,0.000,0.000,0.000,0.006,0.000,0.000,0.013,0.000,0.000,0.013,0.000
60.9073,609,0,move,-1,60.9073,60.9192,0,0.000,-0.088,0.176,-0.176,-0.088,0.088,-0.264,-0.088,0.176,0.088,-50.625,34.453,-0.088,0.264,0.000,0.000,0.439,0.176,0.000,0.000,0.000,0.000,0.000,0.000,0.000,0.000,0.000,0.000,-51.141,34.556,0.000,0.000,0.000,0.000,0.000,0.000,0.013,3.2,11.30,28.0,0.000,0.000,0.000,0.006,0.000,0.000,0.006,0.000,0.006,0.000,0.006,0.000,0.000,0.013,0.000,0.000,0.013,0.000
61.0075,610,0,move,-1,61.0075,61.0199,0,0.000,-0.088,0.176,-0.176,-0.088,0.088,-0.264,-0.088,0.176,0.088,-50.625,34.453,-0.088,0.264,0.000,0.000,0.439,0.176,0.000,0.000,0.000,0.000,0.000,0.000,0.000,0.000,0.000,0.000,-51.141,34.556,0.000,0.000,0.000,0.000,0.000,0.000,0.013,3.2,11.30,28.0,0.000,0.000,0.000,0.000,0.000,0.000,0.006,0.000,0.000,0.000,0.006,0.000,0.000,0.013,0.000,0.000,0.006,0.006
61.1076,611,0,move,-1,61.1076,61.1199,0,0.000,-0.088,0.176,-0.176,-0.088,0.088,-0.264,-0.088,0.176,0.088,-50.625,34.453,-0.088,0.264,0.000,0.000,0.439,0.176,0.000,0.000,0.000,0.000,0.000,0.000,0.000,0.000,0.000,0.000,-51.141,34.556,0.000,0.000,0.000,0.000,0.000,0.000,0.013,5.6,11.30,31.0,0.000,0.000,0.000,0.000,0.000,0.000,0.006,0.000,0.000,0.000,0.013,0.000,0.000,0.006,0.000,0.000,0.013,0.000
61.2073,612,0,move,-1,61.2073,61.2216,0,0.000,-0.088,0.176,-0.176,-0.088,0.088,-0.264,-0.088,0.176,0.088,-50.625,34.453,-0.088,0.264,0.000,0.000,0.439,0.176,0.000,0.000,0.000,0.000,0.000,0.000,0.000,0.000,0.000,0.000,-51.141,34.556,0.000,0.000,0.000,0.000,0.000,0.000,0.013,5.6,11.30,31.0,0.000,0.000,0.000,0.000,0.000,0.000,0.000,0.000,0.006,0.000,0.013,0.000,0.000,0.006,0.000,0.000,0.006,0.000
61.3075,613,0,move,-1,61.3075,61.3179,0,0.000,-0.088,0.176,-0.176,-0.088,0.088,-0.264,-0.088,0.176,0.088,-50.625,34.453,-0.088,0.264,0.000,0.000,0.439,0.176,0.000,0.000,0.000,0.000,0.000,0.000,0.000,0.000,0.000,0.000,-51.141,34.556,0.000,0.000,0.000,0.000,0.000,0.000,0.013,5.6,11.30,31.0,0.000,0.000,0.000,0.000,0.000,0.000,0.000,0.000,0.006,0.000,0.013,0.000,0.000,0.006,0.000,0.000,0.006,0.000
61.4075,614,0,move,-1,61.4075,61.4201,0,0.000,-0.088,0.176,-0.176,-0.088,0.088,-0.264,-0.088,0.176,0.088,-50.625,34.453,-0.088,0.264,0.000,0.000,0.439,0.176,0.000,0.000,0.000,0.000,0.000,0.000,0.000,0.000,0.000,0.000,-51.141,34.556,0.000,0.000,0.000,0.000,0.000,0.000,0.013,5.6,11.30,31.0,0.000,0.000,0.006,0.000,0.000,0.000,0.006,0.000,0.000,0.000,0.013,0.000,0.000,0.013,0.000,0.000,0.013,0.000
61.5075,615,0,move,-1,61.5075,61.5199,0,0.000,-0.088,0.176,-0.176,-0.088,0.088,-0.264,-0.088,0.176,0.088,-50.625,34.453,-0.088,0.264,0.000,0.000,0.439,0.176,0.000,0.000,0.000,0.000,0.000,0.000,0.000,0.000,0.000,0.000,-51.141,34.556,0.000,0.000,0.000,0.000,0.000,0.000,0.013,5.6,11.30,31.0,0.000,0.000,0.006,0.000,0.000,0.000,0.006,0.000,0.000,0.000,0.013,0.000,0.000,0.013,0.000,0.000,0.013,0.000
61.6075,616,0,move,-1,61.6075,61.6220,0,0.000,-0.088,0.176,-0.176,-0.088,0.088,-0.264,-0.088,0.176,0.088,-50.625,34.453,-0.088,0.264,0.000,0.000,0.439,0.176,0.000,0.000,0.000,0.000,0.000,0.000,0.000,0.000,0.000,0.000,-51.141,34.556,0.000,0.000,0.000,0.000,0.000,0.000,0.013,5.6,11.20,31.0,0.000,0.000,0.000,0.006,0.000,0.000,0.006,0.000,0.000,0.000,0.013,0.000,0.000,0.013,0.000,0.000,0.013,0.006
61.7073,617,0,move,-1,61.7073,61.7133,0,0.000,-0.088,0.176,-0.176,-0.088,0.088,-0.264,-0.088,0.176,0.088,-50.625,34.453,-0.088,0.264,0.000,0.000,0.439,0.176,0.000,0.000,0.000,0.000,0.000,0.000,0.000,0.000,0.000,0.000,-51.141,34.556,0.000,0.000,0.000,0.000,0.000,0.000,0.013,5.6,11.20,31.0,0.000,0.000,0.000,0.006,0.000,0.000,0.006,0.000,0.000,0.000,0.013,0.000,0.000,0.013,0.000,0.000,0.013,0.006
61.8075,618,0,move,-1,61.8075,61.8183,0,0.000,-0.088,0.176,-0.176,-0.088,0.088,-0.264,-0.088,0.176,0.088,-50.625,34.453,-0.088,0.264,0.000,0.000,0.439,0.176,0.000,0.000,0.000,0.000,0.000,0.000,0.000,0.000,0.000,0.000,-51.141,34.556,0.000,0.000,0.000,0.000,0.000,0.000,0.013,5.6,11.30,31.0,0.000,0.000,0.000,0.000,0.000,0.000,0.006,0.000,0.000,0.000,0.013,0.000,0.000,0.006,0.000,0.000,0.006,0.000
61.9076,619,0,move,-1,61.9076,61.9209,0,0.000,-0.088,0.176,-0.176,-0.088,0.088,-0.264,-0.088,0.176,0.088,-50.625,34.453,-0.088,0.264,0.000,0.000,0.439,0.176,0.000,0.000,0.000,0.000,0.000,0.000,0.000,0.000,0.000,0.000,-51.141,34.556,0.000,0.000,0.000,0.000,0.000,0.000,0.013,3.2,11.30,28.0,0.000,0.000,0.006,0.000,0.000,0.000,0.000,0.000,0.000,0.000,0.006,0.000,0.000,0.013,0.000,0.000,0.006,0.000
62.0075,620,0,move,-1,62.0075,62.0295,0,0.000,-0.088,0.176,-0.176,-0.088,0.088,-0.264,-0.088,0.176,0.088,-50.625,34.453,-0.088,0.264,0.000,0.000,0.439,0.176,0.000,0.000,0.000,0.000,0.000,0.000,0.000,0.000,0.000,0.000,-51.143,34.557,0.000,0.000,0.000,0.000,0.000,0.000,0.013,3.2,11.30,28.0,0.000,0.000,0.000,0.000,0.000,0.000,0.000,0.000,0.000,0.000,0.006,0.000,0.000,0.013,0.000,0.000,0.006,0.006
62.1075,621,0,move,-1,62.1075,62.1177,0,0.000,-0.088,0.176,-0.176,-0.088,0.088,-0.264,-0.088,0.176,0.088,-50.625,34.453,-0.088,0.264,0.000,0.000,0.439,0.176,0.000,0.000,0.000,0.000,0.000,0.000,0.000,0.000,0.000,0.000,-51.143,34.557,0.000,0.000,0.000,0.000,0.000,0.000,0.013,3.2,11.30,28.0,0.000,0.000,0.000,0.000,0.000,0.000,0.000,0.000,0.000,0.000,0.006,0.000,0.000,0.013,0.000,0.000,0.006,0.006
62.2073,622,0,move,-1,62.2073,62.2186,0,0.000,-0.088,0.176,-0.176,-0.088,0.088,-0.264,-0.088,0.176,0.088,-50.625,34.453,-0.088,0.264,0.000,0.000,0.439,0.176,0.000,0.000,0.000,0.000,0.000,0.000,0.000,0.000,0.000,0.000,-51.143,34.557,0.000,0.000,0.000,0.000,0.000,0.000,0.013,3.2,11.30,28.0,0.000,0.000,0.000,0.000,0.000,0.000,0.006,0.000,0.000,0.000,0.006,0.000,0.000,0.013,0.000,0.000,0.013,0.006
62.3075,623,0,move,-1,62.3075,62.3168,0,0.000,-0.088,0.176,-0.176,-0.088,0.088,-0.264,-0.088,0.176,0.088,-50.625,34.453,-0.088,0.264,0.000,0.000,0.439,0.176,0.000,0.000,0.000,0.000,0.000,0.000,0.000,0.000,0.000,0.000,-51.143,34.557,0.000,0.000,0.000,0.000,0.000,0.000,0.013,3.2,11.30,28.0,0.000,0.000,0.000,0.000,0.000,0.000,0.006,0.000,0.000,0.000,0.006,0.000,0.000,0.013,0.000,0.000,0.013,0.006
62.4075,624,0,move,-1,62.4075,62.4186,0,0.000,-0.088,0.176,-0.176,-0.088,0.088,-0.264,-0.088,0.176,0.088,-50.625,34.453,-0.088,0.264,0.000,0.000,0.439,0.176,0.000,0.000,0.000,0.000,0.000,0.000,0.000,0.000,0.000,0.000,-51.143,34.557,0.000,0.000,0.000,0.000,0.000,0.000,0.013,5.6,11.30,31.0,0.000,0.000,0.000,0.006,0.000,0.000,0.006,0.000,0.000,0.000,0.013,0.000,0.000,0.013,0.000,0.000,0.006,0.006
62.5074,625,0,move,-1,62.5074,62.5191,0,0.000,-0.088,0.176,-0.176,-0.088,0.088,-0.264,-0.088,0.176,0.088,-50.625,34.453,-0.088,0.264,0.000,0.000,0.439,0.176,0.000,0.000,0.000,0.000,0.000,0.000,0.000,0.000,0.000,0.000,-51.143,34.557,0.000,0.000,0.000,0.000,0.000,0.000,0.013,5.6,11.30,31.0,0.000,0.000,0.000,0.000,0.000,0.000,0.006,0.000,0.000,0.000,0.013,0.000,0.000,0.013,0.000,0.000,0.013,0.000
62.6073,626,0,move,-1,62.6073,62.6185,0,0.000,-0.088,0.176,-0.176,-0.088,0.088,-0.264,-0.088,0.176,0.088,-50.625,34.453,-0.088,0.264,0.000,0.000,0.439,0.176,0.000,0.000,0.000,0.000,0.000,0.000,0.000,0.000,0.000,0.000,-51.143,34.557,0.000,0.000,0.000,0.000,0.000,0.000,0.013,5.6,11.30,31.0,0.000,0.000,0.000,0.000,0.000,0.000,0.006,0.000,0.000,0.000,0.013,0.000,0.000,0.013,0.000,0.000,0.013,0.000
62.7073,627,0,move,-1,62.7073,62.7203,0,0.000,-0.088,0.176,-0.176,-0.088,0.088,-0.264,-0.088,0.176,0.088,-50.625,34.453,-0.088,0.264,0.000,0.000,0.439,0.176,0.000,0.000,0.000,0.000,0.000,0.000,0.000,0.000,0.000,0.000,-51.143,34.557,0.000,0.000,0.000,0.000,0.000,0.000,0.013,5.6,11.30,31.0,,0.000,,0.000,0.000,0.000,0.000,0.000,0.000,0.000,0.013,0.000,0.000,0.013,0.000,0.000,0.006,0.000
62.8074,628,0,move,-1,62.8074,62.8213,0,0.000,-0.088,0.176,-0.176,-0.088,0.088,-0.264,-0.088,0.176,0.088,-50.625,34.453,-0.088,0.264,0.000,0.000,0.439,0.176,0.000,0.000,0.000,0.000,0.000,0.000,0.000,0.000,0.000,0.000,-51.143,34.557,0.000,0.000,0.000,0.000,0.000,0.000,0.013,5.6,11.30,31.0,0.000,0.000,0.006,0.000,0.000,0.000,0.006,0.000,0.000,0.000,0.013,0.000,0.000,0.006,0.000,0.000,0.006,0.000
62.9073,629,0,move,-1,62.9073,62.9186,0,0.000,-0.088,0.176,-0.176,-0.088,0.088,-0.264,-0.088,0.176,0.088,-50.625,34.453,-0.088,0.264,0.000,0.000,0.439,0.176,0.000,0.000,0.000,0.000,0.000,0.000,0.000,0.000,0.000,0.000,-51.143,34.557,0.000,0.000,0.000,0.000,0.000,0.000,0.013,5.6,11.30,31.0,0.000,0.000,0.006,0.000,0.000,0.000,0.006,0.000,0.000,0.000,0.013,0.000,0.000,0.006,0.000,0.000,0.006,0.000
63.0075,630,0,move,-1,63.0075,63.0203,0,0.000,-0.088,0.176,-0.176,-0.088,0.088,-0.264,-0.088,0.176,0.088,-50.625,34.453,-0.088,0.264,0.000,0.000,0.439,0.176,0.000,0.000,0.000,0.000,0.000,0.000,0.000,0.000,0.000,0.000,-51.143,34.557,0.000,0.000,0.000,0.000,0.000,0.000,0.013,5.6,11.30,31.0,0.000,0.000,0.000,0.006,0.000,0.000,0.006,0.000,0.006,0.000,0.013,0.000,0.000,0.006,0.006,0.000,0.013,0.000
63.1076,631,0,move,-1,63.1076,63.1185,0,0.000,-0.088,0.176,-0.176,-0.088,0.088,-0.264,-0.088,0.176,0.088,-50.625,34.453,-0.088,0.264,0.000,0.000,0.439,0.176,0.000,0.000,0.000,0.000,0.000,0.000,0.000,0.000,0.000,0.000,-51.143,34.557,0.000,0.000,0.000,0.000,0.000,0.000,0.013,5.6,11.30,31.0,0.000,0.000,0.000,0.006,0.000,0.000,0.006,0.000,0.006,0.000,0.013,0.000,0.000,0.006,0.006,0.000,0.013,0.000
63.2073,632,0,move,-1,63.2073,63.2179,0,0.000,-0.088,0.176,-0.176,-0.088,0.088,-0.264,-0.088,0.176,0.088,-50.625,34.453,-0.088,0.264,0.000,0.000,0.439,0.176,0.000,0.000,0.000,0.000,0.000,0.000,0.000,0.000,0.000,0.000,-51.143,34.557,0.000,0.000,0.000,0.000,0.000,0.000,0.006,2.4,11.30,32.0,0.000,0.000,0.000,0.006,0.000,0.000,0.006,0.000,0.000,0.000,0.006,0.000,0.000,0.006,0.000,0.000,0.006,0.006
63.3074,633,0,move,-1,63.3074,63.3192,0,0.000,-0.088,0.176,-0.176,-0.088,0.088,-0.264,-0.088,0.176,0.088,-50.625,34.453,-0.088,0.264,0.000,0.000,0.439,0.176,0.000,0.000,0.000,0.000,0.000,0.000,0.000,0.000,0.000,0.000,-51.143,34.557,0.000,0.000,0.000,0.000,0.000,0.000,0.013,5.6,11.30,31.0,0.000,0.000,0.000,0.000,0.000,0.000,0.006,0.000,0.000,0.000,0.013,0.000,0.000,0.006,0.000,0.000,0.006,0.000
63.4128,634,0,move,-1,63.4128,63.4440,0,0.000,-0.088,0.176,-0.176,-0.088,0.088,-0.264,-0.088,0.176,0.088,-50.625,34.453,-0.088,0.264,0.000,0.000,0.439,0.176,0.000,0.000,0.000,0.000,0.000,0.000,0.000,0.000,0.000,0.000,-51.143,34.557,0.000,0.000,0.000,0.000,0.000,0.000,0.013,5.6,11.30,31.0,0.000,0.000,0.000,0.000,0.000,0.000,0.000,0.000,0.000,0.000,0.013,0.000,0.000,0.006,0.000,0.000,0.013,0.000
63.5093,635,0,move,-1,63.5093,63.5978,0,0.000,-0.088,0.176,-0.176,-0.088,0.088,-0.264,-0.088,0.176,0.088,-50.625,34.453,-0.088,0.264,0.000,0.000,0.439,0.176,0.000,0.000,0.000,0.000,0.000,0.000,0.000,0.000,0.000,0.000,-51.143,34.557,0.000,0.000,0.000,0.000,0.000,0.000,0.013,5.6,11.30,31.0,0.000,0.000,0.000,0.006,0.000,0.000,0.006,0.000,0.000,0.000,0.013,0.000,0.000,0.013,0.000,0.000,0.006,0.006
63.6074,636,0,move,-1,63.6074,63.6290,0,0.000,-0.088,0.176,-0.176,-0.088,0.088,-0.264,-0.088,0.176,0.088,-50.625,34.453,-0.088,0.264,0.000,0.000,0.439,0.176,0.000,0.000,0.000,0.000,0.000,0.000,0.000,0.000,0.000,0.000,-51.143,34.557,0.000,0.000,0.000,0.000,0.000,0.000,0.013,5.6,11.30,31.0,0.000,0.000,0.000,0.006,0.000,0.000,0.006,0.000,0.000,0.000,0.013,0.000,0.000,0.013,0.000,0.000,0.006,0.006
63.7075,637,0,move,-1,63.7075,63.7181,0,0.000,-0.088,0.176,-0.176,-0.088,0.088,-0.264,-0.088,0.176,0.088,-50.625,34.453,-0.088,0.264,0.000,0.000,0.439,0.176,0.000,0.000,0.000,0.000,0.000,0.000,0.000,0.000,0.000,0.000,-51.143,34.557,0.000,0.000,0.000,0.000,0.000,0.000,0.013,5.6,11.30,31.0,0.000,0.000,0.000,0.000,0.000,0.000,0.000,0.000,0.000,0.000,0.013,0.000,0.000,0.013,0.000,0.000,0.013,0.000
63.8075,638,0,move,-1,63.8075,63.8201,0,0.000,-0.088,0.176,-0.176,-0.088,0.088,-0.264,-0.088,0.176,0.088,-50.625,34.453,-0.088,0.264,0.000,0.000,0.439,0.176,0.000,0.000,0.000,0.000,0.000,0.000,0.000,0.000,0.000,0.000,-51.143,34.557,0.000,0.000,0.000,0.000,0.000,0.000,0.013,5.6,11.30,31.0,0.000,0.000,0.000,0.006,0.000,0.000,0.006,0.000,0.006,0.000,0.013,0.000,0.000,0.006,0.000,0.000,0.013,0.000
63.9075,639,0,move,-1,63.9075,63.9185,0,0.000,-0.088,0.176,-0.176,-0.088,0.088,-0.264,-0.088,0.176,0.088,-50.625,34.453,-0.088,0.264,0.000,0.000,0.439,0.176,0.000,0.000,0.000,0.000,0.000,0.000,0.000,0.000,0.000,0.000,-51.143,34.557,0.000,0.000,0.000,0.000,0.000,0.000,0.013,5.6,11.30,31.0,0.000,0.000,0.000,0.006,0.000,0.000,0.006,0.000,0.006,0.000,0.013,0.000,0.000,0.006,0.000,0.000,0.013,0.000
64.0075,640,0,move,-1,64.0075,64.0189,0,0.000,-0.088,0.176,-0.176,-0.088,0.088,-0.264,-0.088,0.176,0.088,-50.625,34.453,-0.088,0.264,0.000,0.000,0.439,0.176,0.000,0.000,0.000,0.000,0.000,0.000,0.000,0.000,0.000,0.000,-51.143,34.557,0.000,0.000,0.000,0.000,0.000,0.000,0.013,5.6,11.30,31.0,0.000,0.000,0.000,0.000,0.000,0.000,0.006,0.000,0.006,0.000,0.013,0.000,0.000,0.013,0.000,0.000,0.013,0.000
64.1073,641,0,move,-1,64.1073,64.1214,0,0.000,-0.088,0.176,-0.176,-0.088,0.088,-0.264,-0.088,0.176,0.088,-50.625,34.453,-0.088,0.264,0.000,0.000,0.439,0.176,0.000,0.000,0.000,0.000,0.000,0.000,0.000,0.000,0.000,0.000,-51.143,34.557,0.000,0.000,0.000,0.000,0.000,0.000,0.013,5.6,11.30,31.0,0.000,0.000,0.006,0.000,0.000,0.000,0.006,0.000,0.000,0.000,0.013,0.000,0.000,0.006,0.000,0.000,0.006,0.000
64.2073,642,0,move,-1,64.2073,64.2185,0,0.000,-0.088,0.176,-0.176,-0.088,0.088,-0.264,-0.088,0.176,0.088,-50.625,34.453,-0.088,0.264,0.000,0.000,0.439,0.176,0.000,0.000,0.000,0.000,0.000,0.000,0.000,0.000,0.000,0.000,-51.143,34.557,0.000,0.000,0.000,0.000,0.000,0.000,0.013,5.6,11.30,31.0,0.000,0.000,0.006,0.000,0.000,0.000,0.006,0.000,0.000,0.000,0.013,0.000,0.000,0.006,0.000,0.000,0.006,0.000
64.3075,643,0,move,-1,64.3075,64.3164,0,0.000,-0.088,0.176,-0.176,-0.088,0.088,-0.264,-0.088,0.176,0.088,-50.625,34.453,-0.088,0.264,0.000,0.000,0.439,0.176,0.000,0.000,0.000,0.000,0.000,0.000,0.000,0.000,0.000,0.000,-51.143,34.557,0.000,0.000,0.000,0.000,0.000,0.000,0.013,5.6,11.30,31.0,0.000,0.000,0.000,0.006,0.000,0.000,0.006,0.000,0.006,0.000,0.013,0.000,0.000,0.006,0.000,0.000,0.006,0.006
64.4073,644,0,move,-1,64.4073,64.4183,0,0.000,-0.088,0.176,-0.176,-0.088,0.088,-0.264,-0.088,0.176,0.088,-50.625,34.453,-0.088,0.264,0.000,0.000,0.439,0.176,0.000,0.000,0.000,0.000,0.000,0.000,0.000,0.000,0.000,0.000,-51.143,34.557,0.000,0.000,0.000,0.000,0.000,0.000,0.006,2.4,11.30,32.0,0.000,0.000,0.006,0.006,0.000,0.000,0.006,0.000,0.000,0.000,0.006,0.000,0.000,0.006,0.000,0.000,0.006,0.000
64.5075,645,0,move,-1,64.5075,64.5201,0,0.000,-0.088,0.176,-0.176,-0.088,0.088,-0.264,-0.088,0.176,0.088,-50.625,34.453,-0.088,0.264,0.000,0.000,0.439,0.176,0.000,0.000,0.000,0.000,0.000,0.000,0.000,0.000,0.000,0.000,-51.143,34.557,0.000,0.000,0.000,0.000,0.000,0.000,0.013,5.6,11.20,31.0,0.000,0.000,0.000,0.000,0.000,0.000,0.000,0.000,0.000,0.000,0.013,0.000,0.000,0.013,0.000,0.000,0.006,0.000
64.6075,646,0,move,-1,64.6075,64.6177,0,0.000,-0.088,0.176,-0.176,-0.088,0.088,-0.264,-0.088,0.176,0.088,-50.625,34.453,-0.088,0.264,0.000,0.000,0.439,0.176,0.000,0.000,0.000,0.000,0.000,0.000,0.000,0.000,0.000,0.000,-51.143,34.557,0.000,0.000,0.000,0.000,0.000,0.000,0.013,5.6,11.20,31.0,0.000,0.000,0.000,0.000,0.000,0.000,0.000,0.000,0.000,0.000,0.013,0.000,0.000,0.013,0.000,0.000,0.006,0.000
64.7075,647,0,move,-1,64.7075,64.7197,0,0.000,-0.088,0.176,-0.176,-0.088,0.088,-0.264,-0.088,0.176,0.088,-50.625,34.453,-0.088,0.264,0.000,0.000,0.439,0.176,0.000,0.000,0.000,0.000,0.000,0.000,0.000,0.000,0.000,0.000,-51.143,34.557,0.000,0.000,0.000,0.000,0.000,0.000,0.006,5.6,11.30,31.0,0.000,0.000,0.000,0.000,0.000,0.000,0.000,0.000,0.000,0.000,0.006,0.000,0.000,0.006,0.000,0.000,0.006,0.000
64.8075,648,0,move,-1,64.8075,64.8180,0,0.000,-0.088,0.176,-0.176,-0.088,0.088,-0.264,-0.088,0.176,0.088,-50.625,34.453,-0.088,0.264,0.000,0.000,0.439,0.176,0.000,0.000,0.000,0.000,0.000,0.000,0.000,0.000,0.000,0.000,-51.143,34.557,0.000,0.000,0.000,0.000,0.000,0.000,0.006,5.6,11.30,31.0,0.000,0.000,0.000,0.000,0.000,0.000,0.000,0.000,0.000,0.000,0.006,0.000,0.000,0.006,0.000,0.000,0.006,0.000
64.9075,649,0,move,-1,64.9075,64.9192,0,0.000,-0.088,0.176,-0.176,-0.088,0.088,-0.264,-0.088,0.176,0.088,-50.625,34.453,-0.088,0.264,0.000,0.000,0.439,0.176,0.000,0.000,0.000,0.000,0.000,0.000,0.000,0.000,0.000,0.000,-51.143,34.557,0.000,0.000,0.000,0.000,0.000,0.000,0.013,5.6,11.30,31.0,0.000,0.000,0.000,0.000,0.000,0.000,0.006,0.000,0.006,0.000,0.013,0.000,0.000,0.013,0.000,0.000,0.006,0.000
65.0075,650,0,move,-1,65.0075,65.0192,0,0.000,-0.088,0.176,-0.176,-0.088,0.088,-0.264,-0.088,0.176,0.088,-50.625,34.453,-0.088,0.264,0.000,0.000,0.439,0.176,0.000,0.000,0.000,0.000,0.000,0.000,0.000,0.000,0.000,0.000,-51.143,34.557,0.000,0.000,0.000,0.000,0.000,0.000,0.013,4.8,11.30,31.0,0.000,0.000,0.006,0.000,0.000,0.000,0.006,0.000,0.006,0.000,0.006,0.000,0.000,0.006,0.000,0.000,0.013,0.000
65.1073,651,0,move,-1,65.1073,65.1186,0,0.000,-0.088,0.176,-0.176,-0.088,0.088,-0.264,-0.088,0.176,0.088,-50.625,34.453,-0.088,0.264,0.000,0.000,0.439,0.176,0.000,0.000,0.000,0.000,0.000,0.000,0.000,0.000,0.000,0.000,-51.143,34.557,0.000,0.000,0.000,0.000,0.000,0.000,0.013,4.8,11.30,31.0,0.000,0.000,0.006,0.000,0.000,0.000,0.006,0.000,0.006,0.000,0.006,0.000,0.000,0.006,0.000,0.000,0.013,0.000
65.2083,652,0,move,-1,65.2083,65.2142,0,0.000,-0.088,0.176,-0.176,-0.088,0.088,-0.264,-0.088,0.176,0.088,-50.625,34.453,-0.088,0.264,0.000,0.000,0.439,0.176,0.000,0.000,0.000,0.000,0.000,0.000,0.000,0.000,0.000,0.000,-51.143,34.557,0.000,0.000,0.000,0.000,0.000,0.000,0.013,5.6,11.20,31.0,0.000,0.000,0.000,0.000,0.000,0.000,0.000,0.000,0.006,0.000,0.013,0.000,0.000,0.006,0.000,0.000,0.006,0.000
65.3075,653,0,move,-1,65.3075,65.3198,0,0.000,-0.088,0.176,-0.176,-0.088,0.088,-0.264,-0.088,0.176,0.088,-50.625,34.453,-0.088,0.264,0.000,0.000,0.439,0.176,0.000,0.000,0.000,0.000,0.000,0.000,0.000,0.000,0.000,0.000,-51.143,34.557,0.000,0.000,0.000,0.000,0.000,0.000,0.006,2.4,11.30,32.0,0.000,0.000,0.006,0.000,0.000,0.000,0.006,0.000,0.000,0.000,0.006,0.000,0.000,0.006,0.000,0.000,0.006,0.006
65.4075,654,0,move,-1,65.4075,65.4174,0,0.000,-0.088,0.176,-0.176,-0.088,0.088,-0.264,-0.088,0.176,0.088,-50.625,34.453,-0.088,0.264,0.000,0.000,0.439,0.176,0.000,0.000,0.000,0.000,0.000,0.000,0.000,0.000,0.000,0.000,-51.143,34.557,0.000,0.000,0.000,0.000,0.000,0.000,0.006,2.4,11.30,32.0,0.000,0.000,0.006,0.000,0.000,0.000,0.006,0.000,0.000,0.000,0.006,0.000,0.000,0.006,0.000,0.000,0.006,0.006
65.5150,655,0,move,-1,65.5150,65.5452,0,0.000,-0.088,0.176,-0.176,-0.088,0.088,-0.264,-0.088,0.176,0.088,-50.625,34.453,-0.088,0.264,0.000,0.000,0.439,0.176,0.000,0.000,0.000,0.000,0.000,0.000,0.000,0.000,0.000,0.000,-51.143,34.557,0.000,0.000,0.000,0.000,0.000,0.000,0.006,2.4,11.30,32.0,0.000,0.000,0.000,0.006,0.000,0.000,0.006,0.000,0.000,0.000,0.006,0.000,0.000,0.006,0.000,0.000,0.006,0.006
65.6073,656,0,move,-1,65.6073,65.6197,0,0.000,-0.088,0.176,-0.176,-0.088,0.088,-0.264,-0.088,0.176,0.088,-50.625,34.453,-0.088,0.264,0.000,0.000,0.439,0.176,0.000,0.000,0.000,0.000,0.000,0.000,0.000,0.000,0.000,0.000,-51.143,34.557,0.000,0.000,0.000,0.000,0.000,0.000,0.006,2.4,11.30,32.0,0.000,0.000,0.000,0.006,0.000,0.000,0.006,0.000,0.000,0.000,0.006,0.000,0.000,0.006,0.000,0.000,0.006,0.006
65.7075,657,0,move,-1,65.7075,65.7198,0,0.000,-0.088,0.176,-0.176,-0.088,0.088,-0.264,-0.088,0.176,0.088,-50.625,34.453,-0.088,0.264,0.000,0.000,0.439,0.176,0.000,0.000,0.000,0.000,0.000,0.000,0.000,0.000,0.000,0.000,-51.143,34.557,0.000,0.000,0.000,0.000,0.000,0.000,0.013,5.6,11.20,31.0,0.000,0.000,0.000,0.000,0.000,0.000,0.006,0.000,0.000,0.000,0.013,0.000,0.000,0.006,0.000,0.000,0.006,0.000
65.8073,658,0,move,-1,65.8073,65.8186,0,0.000,-0.088,0.176,-0.176,-0.088,0.088,-0.264,-0.088,0.176,0.088,-50.625,34.453,-0.088,0.264,0.000,0.000,0.439,0.176,0.000,0.000,0.000,0.000,0.000,0.000,0.000,0.000,0.000,0.000,-51.143,34.557,0.000,0.000,0.000,0.000,0.000,0.000,0.013,5.6,11.20,31.0,0.000,0.000,0.000,0.000,0.000,0.000,0.006,0.000,0.000,0.000,0.013,0.000,0.000,0.006,0.000,0.000,0.006,0.000
65.9075,659,0,move,-1,65.9075,65.9193,0,0.000,-0.088,0.176,-0.176,-0.088,0.088,-0.264,-0.088,0.176,0.088,-50.625,34.453,-0.088,0.264,0.000,0.000,0.439,0.176,0.000,0.000,0.000,0.000,0.000,0.000,0.000,0.000,0.000,0.000,-51.143,34.557,0.000,0.000,0.000,0.000,0.000,0.000,0.006,3.2,11.30,32.0,0.000,0.000,0.000,0.000,0.000,0.000,0.006,0.000,0.000,0.000,0.006,0.000,0.000,0.006,0.000,0.000,0.006,0.000
66.0088,660,0,move,-1,66.0088,66.0205,0,0.000,-0.088,0.176,-0.176,-0.088,0.088,-0.264,-0.088,0.176,0.088,-50.625,34.453,-0.088,0.264,0.000,0.000,0.439,0.176,0.000,0.000,0.000,0.000,0.000,0.000,0.000,0.000,0.000,0.000,-51.143,34.557,0.000,0.000,0.000,0.000,0.000,0.000,0.013,5.6,11.30,31.0,0.000,0.000,0.000,0.006,0.000,0.000,0.006,0.000,0.000,0.000,0.013,0.000,0.000,0.006,0.000,0.000,0.006,0.006
66.1075,661,0,move,-1,66.1075,66.1194,0,0.000,-0.088,0.176,-0.176,-0.088,0.088,-0.264,-0.088,0.176,0.088,-50.625,34.453,-0.088,0.264,0.000,0.000,0.439,0.176,0.000,0.000,0.000,0.000,0.000,0.000,0.000,0.000,0.000,0.000,-51.143,34.557,0.000,0.000,0.000,0.000,0.000,0.000,0.013,5.6,11.30,31.0,0.000,0.000,0.000,0.006,0.000,0.000,0.006,0.000,0.000,0.000,0.013,0.000,0.000,0.006,0.000,0.000,0.006,0.006
66.2075,662,0,move,-1,66.2075,66.2174,0,0.000,-0.088,0.176,-0.176,-0.088,0.088,-0.264,-0.088,0.176,0.088,-50.625,34.453,-0.088,0.264,0.000,0.000,0.439,0.176,0.000,0.000,0.000,0.000,0.000,0.000,0.000,0.000,0.000,0.000,-51.143,34.557,0.000,0.000,0.000,0.000,0.000,0.000,0.013,5.6,11.30,31.0,0.000,0.000,0.000,0.006,0.000,0.000,0.000,0.000,0.000,0.000,0.013,0.000,0.000,0.006,0.000,0.000,0.006,0.000
66.3259,663,0,move,-1,66.3259,66.3460,0,0.000,-0.088,0.176,-0.176,-0.088,0.088,-0.264,-0.088,0.176,0.088,-50.625,34.453,-0.088,0.264,0.000,0.000,0.439,0.176,0.000,0.000,0.000,0.000,0.000,0.000,0.000,0.000,0.000,0.000,-51.143,34.557,0.000,0.000,0.000,0.000,0.000,0.000,0.013,3.2,11.30,28.0,0.000,0.000,0.000,0.000,0.000,0.000,0.000,0.000,0.000,0.000,0.006,0.000,0.000,0.013,0.000,0.000,0.006,0.000
66.4075,664,0,move,-1,66.4075,66.4181,0,0.000,-0.088,0.176,-0.176,-0.088,0.088,-0.264,-0.088,0.176,0.088,-50.625,34.453,-0.088,0.264,0.000,0.000,0.439,0.176,0.000,0.000,0.000,0.000,0.000,0.000,0.000,0.000,0.000,0.000,-51.143,34.557,0.000,0.000,0.000,0.000,0.000,0.000,0.013,3.2,11.30,28.0,0.000,0.000,0.000,0.000,0.000,0.000,0.000,0.000,0.000,0.000,0.006,0.000,0.000,0.013,0.000,0.000,0.006,0.000
66.5073,665,0,move,-1,66.5073,66.5126,0,0.000,-0.088,0.176,-0.176,-0.088,0.088,-0.264,-0.088,0.176,0.088,-50.625,34.453,-0.088,0.264,0.000,0.000,0.439,0.176,0.000,0.000,0.000,0.000,0.000,0.000,0.000,0.000,0.000,0.000,-51.143,34.557,0.000,0.000,0.000,0.000,0.000,0.000,0.013,5.6,11.30,31.0,0.000,0.000,0.000,0.000,0.000,0.000,0.006,0.000,0.000,0.000,0.013,0.000,0.000,0.013,0.000,0.000,0.006,0.000
66.6077,666,0,move,-1,66.6077,66.6371,0,0.000,-0.088,0.176,-0.176,-0.088,0.088,-0.264,-0.088,0.176,0.088,-50.625,34.453,-0.088,0.264,0.000,0.000,0.439,0.176,0.000,0.000,0.000,0.000,0.000,0.000,0.000,0.000,0.000,0.000,-51.143,34.557,0.000,0.000,0.000,0.000,0.000,0.000,0.013,4.8,11.30,31.0,0.000,0.000,0.000,0.006,0.000,0.000,0.000,0.000,0.000,0.000,0.006,0.000,0.000,0.006,0.000,0.000,0.013,0.000
66.7075,667,0,move,-1,66.7075,66.7184,0,0.000,-0.088,0.176,-0.176,-0.088,0.088,-0.264,-0.088,0.176,0.088,-50.625,34.453,-0.088,0.264,0.000,0.000,0.439,0.176,0.000,0.000,0.000,0.000,0.000,0.000,0.000,0.000,0.000,0.000,-51.143,34.557,0.000,0.000,0.000,0.000,0.000,0.000,0.013,4.8,11.30,31.0,0.000,0.000,0.000,0.006,0.000,0.000,0.000,0.000,0.000,0.000,0.006,0.000,0.000,0.006,0.000,0.000,0.013,0.000
66.8074,668,0,move,-1,66.8074,66.8197,0,0.000,-0.088,0.176,-0.176,-0.088,0.088,-0.264,-0.088,0.176,0.088,-50.625,34.453,-0.088,0.264,0.000,0.000,0.439,0.176,0.000,0.000,0.000,0.000,0.000,0.000,0.000,0.000,0.000,0.000,-51.143,34.557,0.000,0.000,0.000,0.000,0.000,0.000,0.013,5.6,11.30,31.0,0.000,0.000,0.000,0.006,0.000,0.000,0.006,0.000,0.000,0.000,0.013,0.000,0.000,0.013,0.000,0.000,0.006,0.000
66.9103,669,0,move,-1,66.9103,66.9715,0,0.000,-0.088,0.176,-0.176,-0.088,0.088,-0.264,-0.088,0.176,0.088,-50.625,34.453,-0.088,0.264,0.000,0.000,0.439,0.176,0.000,0.000,0.000,0.000,0.000,0.000,0.000,0.000,0.000,0.000,-51.143,34.557,0.000,0.000,0.000,0.000,0.000,0.000,0.013,3.2,11.30,28.0,0.000,0.000,0.006,0.006,0.000,0.000,0.000,0.000,0.000,0.000,0.006,0.000,0.000,0.013,0.000,0.000,0.006,0.006
67.0075,670,0,move,-1,67.0075,67.0198,0,0.000,-0.088,0.176,-0.176,-0.088,0.088,-0.264,-0.088,0.176,0.088,-50.625,34.453,-0.088,0.264,0.000,0.000,0.439,0.176,0.000,0.000,0.000,0.000,0.000,0.000,0.000,0.000,0.000,0.000,-51.143,34.557,0.000,0.000,0.000,0.000,0.000,0.000,0.013,3.2,11.30,28.0,0.000,0.000,0.006,0.006,0.000,0.000,0.000,0.000,0.000,0.000,0.006,0.000,0.000,0.013,0.000,0.000,0.006,0.006
67.1073,671,0,move,-1,67.1073,67.1189,0,0.000,-0.088,0.176,-0.176,-0.088,0.088,-0.264,-0.088,0.176,0.088,-50.625,34.453,-0.088,0.264,0.000,0.000,0.439,0.176,0.000,0.000,0.000,0.000,0.000,0.000,0.000,0.000,0.000,0.000,-51.143,34.557,0.000,0.000,0.000,0.000,0.000,0.000,0.006,2.4,11.30,32.0,0.000,0.000,0.006,0.000,0.000,0.000,0.006,0.000,0.006,0.000,0.006,0.000,0.000,0.006,0.000,0.000,0.006,0.006
67.2075,672,0,move,-1,67.2075,67.2194,0,0.000,-0.088,0.176,-0.176,-0.088,0.088,-0.264,-0.088,0.176,0.088,-50.625,34.453,-0.088,0.264,0.000,0.000,0.439,0.176,0.000,0.000,0.000,0.000,0.000,0.000,0.000,0.000,0.000,0.000,-51.143,34.557,0.000,0.000,0.000,0.000,0.000,0.000,0.013,5.6,11.20,31.0,0.000,0.000,0.000,0.000,0.000,0.000,0.006,0.000,0.000,0.000,0.013,0.000,0.000,0.006,0.000,0.000,0.013,0.006
67.3073,673,0,move,-1,67.3073,67.3189,0,0.000,-0.088,0.176,-0.176,-0.088,0.088,-0.264,-0.088,0.176,0.088,-50.625,34.453,-0.088,0.264,0.000,0.000,0.439,0.176,0.000,0.000,0.000,0.000,0.000,0.000,0.000,0.000,0.000,0.000,-51.143,34.557,0.000,0.000,0.000,0.000,0.000,0.000,0.013,5.6,11.20,31.0,0.000,0.000,0.000,0.000,0.000,0.000,0.006,0.000,0.000,0.000,0.013,0.000,0.000,0.006,0.000,0.000,0.013,0.006
67.4073,674,0,move,-1,67.4073,67.4336,0,0.000,-0.088,0.176,-0.176,-0.088,0.088,-0.264,-0.088,0.176,0.088,-50.625,34.453,-0.088,0.264,0.000,0.000,0.439,0.176,0.000,0.000,0.000,0.000,0.000,0.000,0.000,0.000,0.000,0.000,-51.143,34.557,0.000,0.000,0.000,0.000,0.000,0.000,0.013,3.2,11.30,28.0,0.000,0.000,0.000,0.000,0.000,0.000,0.006,0.000,0.006,0.000,0.006,0.000,0.000,0.013,0.000,0.000,0.006,0.006
67.5075,675,0,move,-1,67.5075,67.5181,0,0.000,-0.088,0.176,-0.176,-0.088,0.088,-0.264,-0.088,0.176,0.088,-50.625,34.453,-0.088,0.264,0.000,0.000,0.439,0.176,0.000,0.000,0.000,0.000,0.000,0.000,0.000,0.000,0.000,0.000,-51.143,34.557,0.000,0.000,0.000,0.000,0.000,0.000,0.013,3.2,11.30,28.0,0.000,0.000,0.000,0.000,0.000,0.000,0.006,0.000,0.006,0.000,0.006,0.000,0.000,0.013,0.000,0.000,0.006,0.006
67.6074,676,0,move,-1,67.6074,67.6200,0,0.000,-0.088,0.176,-0.176,-0.088,0.088,-0.264,-0.088,0.176,0.088,-50.625,34.453,-0.088,0.264,0.000,0.000,0.439,0.176,0.000,0.000,0.000,0.000,0.000,0.000,0.000,0.000,0.000,0.000,-51.143,34.557,0.000,0.000,0.000,0.000,0.000,0.000,0.006,2.4,11.30,32.0,0.000,0.000,0.006,0.006,0.000,0.000,0.006,0.000,0.006,0.000,0.006,0.000,0.000,0.006,0.000,0.000,0.006,0.000
67.7075,677,0,move,-1,67.7075,67.7182,0,0.000,-0.088,0.176,-0.176,-0.088,0.088,-0.264,-0.088,0.176,0.088,-50.625,34.453,-0.088,0.264,0.000,0.000,0.439,0.176,0.000,0.000,0.000,0.000,0.000,0.000,0.000,0.000,0.000,0.000,-51.143,34.557,0.000,0.000,0.000,0.000,0.000,0.000,0.006,2.4,11.30,32.0,0.000,0.000,0.006,0.006,0.000,0.000,0.006,0.000,0.006,0.000,0.006,0.000,0.000,0.006,0.000,0.000,0.006,0.000
67.8075,678,0,move,-1,67.8075,67.8214,0,0.000,-0.088,0.176,-0.176,-0.088,0.088,-0.264,-0.088,0.176,0.088,-50.625,34.453,-0.088,0.264,0.000,0.000,0.439,0.176,0.000,0.000,0.000,0.000,0.000,0.000,0.000,0.000,0.000,0.000,-51.143,34.557,0.000,0.000,0.000,0.000,0.000,0.000,0.013,5.6,11.30,31.0,0.000,0.000,0.000,0.006,0.000,0.000,0.006,0.000,0.000,0.000,0.013,0.000,0.000,0.013,0.000,0.000,0.013,0.000
67.9075,679,0,move,-1,67.9075,67.9192,0,0.000,-0.088,0.176,-0.176,-0.088,0.088,-0.264,-0.088,0.176,0.088,-50.625,34.453,-0.088,0.264,0.000,0.000,0.439,0.176,0.000,0.000,0.000,0.000,0.000,0.000,0.000,0.000,0.000,0.000,-51.143,34.557,0.000,0.000,0.000,0.000,0.000,0.000,0.013,5.6,11.30,31.0,0.000,0.000,0.000,0.006,0.000,0.000,0.006,0.000,0.000,0.000,0.013,0.000,0.000,0.013,0.000,0.000,0.013,0.000
68.0075,680,0,move,-1,68.0075,68.0195,0,0.000,-0.088,0.176,-0.176,-0.088,0.088,-0.264,-0.088,0.176,0.088,-50.625,34.453,-0.088,0.264,0.000,0.000,0.439,0.176,0.000,0.000,0.000,0.000,0.000,0.000,0.000,0.000,0.000,0.000,-51.143,34.557,0.000,0.000,0.000,0.000,0.000,0.000,0.013,3.2,11.30,28.0,0.000,0.000,0.000,0.006,0.000,0.000,0.006,0.000,0.000,0.000,0.006,0.000,0.000,0.013,0.000,0.000,0.006,0.000
68.1094,681,0,move,-1,68.1094,68.1389,0,0.000,-0.088,0.176,-0.176,-0.088,0.088,-0.264,-0.088,0.176,0.088,-50.625,34.453,-0.088,0.264,0.000,0.000,0.439,0.176,0.000,0.000,0.000,0.000,0.000,0.000,0.000,0.000,0.000,0.000,-51.143,34.557,0.000,0.000,0.000,0.000,0.000,0.000,0.013,5.6,11.30,31.0,0.000,0.000,0.000,0.006,0.000,0.000,0.006,0.000,0.000,0.000,0.013,0.000,0.000,0.006,0.000,0.000,0.013,0.006
68.2177,682,0,move,-1,68.2177,68.2319,0,0.000,-0.088,0.176,-0.176,-0.088,0.088,-0.264,-0.088,0.176,0.088,-50.625,34.453,-0.088,0.264,0.000,0.000,0.439,0.176,0.000,0.000,0.000,0.000,0.000,0.000,0.000,0.000,0.000,0.000,-51.143,34.557,0.000,0.000,0.000,0.000,0.000,0.000,0.013,5.6,11.30,31.0,0.000,0.000,0.000,0.006,0.000,0.000,0.006,0.000,0.000,0.000,0.013,0.000,0.000,0.006,0.000,0.000,0.013,0.006
68.3075,683,0,move,-1,68.3075,68.3193,0,0.000,-0.088,0.176,-0.176,-0.088,0.088,-0.264,-0.088,0.176,0.088,-50.625,34.453,-0.088,0.264,0.000,0.000,0.439,0.176,0.000,0.000,0.000,0.000,0.000,0.000,0.000,0.000,0.000,0.000,-51.143,34.557,0.000,0.000,0.000,0.000,0.000,0.000,0.013,5.6,11.30,31.0,0.000,0.000,0.006,0.006,0.000,0.000,0.000,0.000,0.006,0.000,0.013,0.000,0.000,0.006,0.000,0.000,0.006,0.000
68.4090,684,0,move,-1,68.4090,68.4239,0,0.000,-0.088,0.176,-0.176,-0.088,0.088,-0.264,-0.088,0.176,0.088,-50.625,34.453,-0.088,0.264,0.000,0.000,0.439,0.176,0.000,0.000,0.000,0.000,0.000,0.000,0.000,0.000,0.000,0.000,-51.143,34.557,0.000,0.000,0.000,0.000,0.000,0.000,0.013,3.2,11.30,28.0,0.000,0.000,0.000,0.006,0.000,0.000,0.000,0.000,0.000,0.000,0.006,0.000,0.000,0.013,0.000,0.000,0.006,0.006
68.5075,685,0,move,-1,68.5075,68.5200,0,0.000,-0.088,0.176,-0.176,-0.088,0.088,-0.264,-0.088,0.176,0.088,-50.625,34.453,-0.088,0.264,0.000,0.000,0.439,0.176,0.000,0.000,0.000,0.000,0.000,0.000,0.000,0.000,0.000,0.000,-51.143,34.557,0.000,0.000,0.000,0.000,0.000,0.000,0.013,3.2,11.30,28.0,0.000,0.000,0.000,0.006,0.000,0.000,0.000,0.000,0.000,0.000,0.006,0.000,0.000,0.013,0.000,0.000,0.006,0.006
68.6094,686,0,move,-1,68.6094,68.6315,0,0.000,-0.088,0.176,-0.176,-0.088,0.088,-0.264,-0.088,0.176,0.088,-50.625,34.453,-0.088,0.264,0.000,0.000,0.439,0.176,0.000,0.000,0.000,0.000,0.000,0.000,0.000,0.000,0.000,0.000,-51.143,34.557,0.000,0.000,0.000,0.000,0.000,0.000,0.013,5.6,11.30,31.0,0.000,0.000,0.000,0.006,0.000,,0.006,0.000,0.000,0.000,0.013,0.000,0.000,0.013,0.000,0.000,0.013,0.000
68.7074,687,0,move,-1,68.7074,68.7151,0,0.000,-0.088,0.176,-0.176,-0.088,0.088,-0.264,-0.088,0.176,0.088,-50.625,34.453,-0.088,0.264,0.000,0.000,0.439,0.176,0.000,0.000,0.000,0.000,0.000,0.000,0.000,0.000,0.000,0.000,-51.143,34.557,0.000,0.000,0.000,0.000,0.000,0.000,0.013,5.6,11.30,31.0,0.000,0.000,0.000,0.006,0.000,,0.006,0.000,0.000,0.000,0.013,0.000,0.000,0.013,0.000,0.000,0.013,0.000
68.8075,688,0,move,-1,68.8075,68.8202,0,0.000,-0.088,0.176,-0.176,-0.088,0.088,-0.264,-0.088,0.176,0.088,-50.625,34.453,-0.088,0.264,0.000,0.000,0.439,0.176,0.000,0.000,0.000,0.000,0.000,0.000,0.000,0.000,0.000,0.000,-51.143,34.557,0.000,0.000,0.000,0.000,0.000,0.000,0.013,5.6,11.30,31.0,0.000,0.000,0.000,0.006,0.000,0.000,0.000,0.000,0.000,0.000,0.013,0.000,0.000,0.013,0.000,0.000,0.013,0.000
68.9074,689,0,move,-1,68.9074,68.9182,0,0.000,-0.088,0.176,-0.176,-0.088,0.088,-0.264,-0.088,0.176,0.088,-50.625,34.453,-0.088,0.264,0.000,0.000,0.439,0.176,0.000,0.000,0.000,0.000,0.000,0.000,0.000,0.000,0.000,0.000,-51.143,34.557,0.000,0.000,0.000,0.000,0.000,0.000,0.013,5.6,11.30,31.0,0.000,0.000,0.000,0.006,0.000,0.000,0.000,0.000,0.000,0.000,0.013,0.000,0.000,0.013,0.000,0.000,0.013,0.000
69.0075,690,0,move,-1,69.0075,69.0195,0,0.000,-0.088,0.176,-0.176,-0.088,0.088,-0.264,-0.088,0.176,0.088,-50.625,34.453,-0.088,0.264,0.000,0.000,0.439,0.176,0.000,0.000,0.000,0.000,0.000,0.000,0.000,0.000,0.000,0.000,-51.143,34.557,0.000,0.000,0.000,0.000,0.000,0.000,0.013,3.2,11.30,28.0,0.000,0.000,0.000,0.006,0.000,0.000,0.006,0.000,0.000,0.000,0.006,0.000,0.000,0.013,0.000,0.000,0.006,0.006
69.1212,691,0,move,-1,69.1212,69.1337,0,0.000,-0.088,0.176,-0.176,-0.088,0.088,-0.264,-0.088,0.176,0.088,-50.625,34.453,-0.088,0.264,0.000,0.000,0.439,0.176,0.000,0.000,0.000,0.000,0.000,0.000,0.000,0.000,0.000,0.000,-51.143,34.557,0.000,0.000,0.000,0.000,0.000,0.000,0.013,5.6,11.30,31.0,0.000,0.000,0.000,0.000,0.000,0.000,0.006,0.000,0.006,0.000,0.013,0.000,0.000,0.013,0.000,0.000,0.006,0.000
69.2075,692,0,move,-1,69.2075,69.2175,0,0.000,-0.088,0.176,-0.176,-0.088,0.088,-0.264,-0.088,0.176,0.088,-50.625,34.453,-0.088,0.264,0.000,0.000,0.439,0.176,0.000,0.000,0.000,0.000,0.000,0.000,0.000,0.000,0.000,0.000,-51.143,34.557,0.000,0.000,0.000,0.000,0.000,0.000,0.013,5.6,11.30,31.0,0.000,0.000,0.000,0.000,0.000,0.000,0.006,0.000,0.006,0.000,0.013,0.000,0.000,0.013,0.000,0.000,0.006,0.000
69.3075,693,0,move,-1,69.3075,69.3217,0,0.000,-0.088,0.176,-0.176,-0.088,0.088,-0.264,-0.088,0.176,0.088,-50.625,34.453,-0.088,0.264,0.000,0.000,0.439,0.176,0.000,0.000,0.000,0.000,0.000,0.000,0.000,0.000,0.000,0.000,-51.143,34.557,0.000,0.000,0.000,0.000,0.000,0.000,0.006,5.6,11.20,31.0,0.000,0.000,0.000,0.000,0.000,0.000,0.000,0.000,0.000,0.000,0.006,0.000,0.000,0.006,0.000,0.000,0.006,0.000
69.4073,694,0,move,-1,69.4073,69.4181,0,0.000,-0.088,0.176,-0.176,-0.088,0.088,-0.264,-0.088,0.176,0.088,-50.625,34.453,-0.088,0.264,0.000,0.000,0.439,0.176,0.000,0.000,0.000,0.000,0.000,0.000,0.000,0.000,0.000,0.000,-51.143,34.557,0.000,0.000,0.000,0.000,0.000,0.000,0.006,5.6,11.20,31.0,0.000,0.000,0.000,0.000,0.000,0.000,0.000,0.000,0.000,0.000,0.006,0.000,0.000,0.006,0.000,0.000,0.006,0.000
69.5075,695,0,move,-1,69.5075,69.5194,0,0.000,-0.088,0.176,-0.176,-0.088,0.088,-0.264,-0.088,0.176,0.088,-50.625,34.453,-0.088,0.264,0.000,0.000,0.439,0.176,0.000,0.000,0.000,0.000,0.000,0.000,0.000,0.000,0.000,0.000,-51.143,34.557,0.000,0.000,0.000,0.000,0.000,0.000,0.013,5.6,11.30,31.0,0.000,0.000,0.006,0.000,0.000,0.000,0.006,0.000,0.000,0.000,0.013,0.000,0.000,0.013,0.000,0.000,0.013,0.000
69.6075,696,0,move,-1,69.6075,69.6178,0,0.000,-0.088,0.176,-0.176,-0.088,0.088,-0.264,-0.088,0.176,0.088,-50.625,34.453,-0.088,0.264,0.000,0.000,0.439,0.176,0.000,0.000,0.000,0.000,0.000,0.000,0.000,0.000,0.000,0.000,-51.143,34.557,0.000,0.000,0.000,0.000,0.000,0.000,0.013,5.6,11.30,31.0,0.000,0.000,0.006,0.000,0.000,0.000,0.006,0.000,0.000,0.000,0.013,0.000,0.000,0.013,0.000,0.000,0.013,0.000
69.7104,697,0,move,-1,69.7104,69.7226,0,0.000,-0.088,0.176,-0.176,-0.088,0.088,-0.264,-0.088,0.176,0.088,-50.625,34.453,-0.088,0.264,0.000,0.000,0.439,0.176,0.000,0.000,0.000,0.000,0.000,0.000,0.000,0.000,0.000,0.000,-51.143,34.557,0.000,0.000,0.000,0.000,0.000,0.000,0.013,5.6,11.30,31.0,0.000,0.000,0.006,0.000,0.000,0.000,0.000,0.000,0.000,0.000,0.013,0.000,0.000,0.013,0.000,0.000,0.006,0.006
69.8094,698,0,move,-1,69.8094,69.8606,0,0.000,-0.088,0.176,-0.176,-0.088,0.088,-0.264,-0.088,0.176,0.088,-50.625,34.453,-0.088,0.264,0.000,0.000,0.439,0.176,0.000,0.000,0.000,0.000,0.000,0.000,0.000,0.000,0.000,0.000,-51.143,34.557,0.000,0.000,0.000,0.000,0.000,0.000,0.013,5.6,11.30,31.0,0.000,0.000,0.006,0.006,0.000,0.000,0.006,0.000,0.000,0.000,0.013,0.000,0.000,0.006,0.000,0.000,0.006,0.000
69.9074,699,0,move,-1,69.9074,69.9186,0,0.000,-0.088,0.176,-0.176,-0.088,0.088,-0.264,-0.088,0.176,0.088,-50.625,34.453,-0.088,0.264,0.000,0.000,0.439,0.176,0.000,0.000,0.000,0.000,0.000,0.000,0.000,0.000,0.000,0.000,-51.143,34.557,0.000,0.000,0.000,0.000,0.000,0.000,0.013,5.6,11.30,31.0,0.000,0.000,0.006,0.006,0.000,0.000,0.006,0.000,0.000,0.000,0.013,0.000,0.000,0.006,0.000,0.000,0.006,0.000
70.0074,700,0,move,-1,70.0074,70.0184,0,0.000,-0.088,0.176,-0.176,-0.088,0.088,-0.264,-0.088,0.176,0.088,-50.625,34.453,-0.088,0.264,0.000,0.000,0.439,0.176,0.000,0.000,0.000,0.000,0.000,0.000,0.000,0.000,0.000,0.000,-51.087,34.527,0.000,0.000,0.000,0.000,0.000,0.000,0.013,3.2,11.30,29.0,0.000,0.000,0.000,0.000,0.000,0.000,0.000,0.000,0.000,0.000,0.006,0.000,0.000,0.013,0.000,0.000,0.006,0.000
70.1075,701,0,move,-1,70.1075,70.1178,0,0.000,-0.088,0.176,-0.176,-0.088,0.088,-0.264,-0.088,0.176,0.088,-50.625,34.453,-0.088,0.264,0.000,0.000,0.439,0.176,0.000,0.000,0.000,0.000,0.000,0.000,0.000,0.000,0.000,0.000,-50.920,34.437,0.000,0.000,0.000,0.000,0.000,0.000,0.013,3.2,11.30,29.0,0.000,0.000,0.000,0.000,0.000,0.000,0.000,0.000,0.000,0.000,0.006,0.000,0.000,0.013,0.000,0.000,0.006,0.000
70.2075,702,0,move,-1,70.2075,70.2218,0,0.000,-0.088,0.176,-0.176,-0.088,0.088,-0.264,-0.088,0.176,0.088,-50.625,34.453,-0.088,0.264,0.000,0.000,0.439,0.176,0.000,0.000,0.000,0.000,0.000,0.000,0.000,0.000,0.000,0.000,-50.644,34.286,0.000,0.000,0.000,0.000,0.000,0.000,0.013,3.2,11.30,28.0,0.000,0.000,0.000,0.006,0.000,0.000,0.006,0.000,0.006,0.000,0.006,0.000,0.000,0.013,0.000,0.000,0.006,0.000
70.3075,703,0,move,-1,70.3075,70.3175,0,0.000,-0.088,0.176,-0.176,-0.088,0.088,-0.264,-0.088,0.176,0.088,-50.625,34.365,-0.088,0.264,0.000,0.000,0.439,0.176,0.000,0.000,0.000,0.000,0.000,0.000,0.000,0.000,0.000,0.000,-50.260,34.076,0.000,0.000,0.000,0.000,0.000,0.000,0.013,3.2,11.30,28.0,0.000,0.000,0.000,0.006,0.000,0.000,0.006,0.000,0.006,0.000,0.006,0.000,0.000,0.013,0.000,0.000,0.006,0.000
70.4075,704,0,move,-1,70.4075,70.4182,0,0.000,-0.088,0.176,-0.176,-0.088,0.088,-0.264,-0.088,0.176,0.088,-50.449,34.189,-0.088,0.264,0.000,0.000,0.439,0.176,0.000,0.000,0.000,0.000,0.000,0.000,0.000,0.000,0.000,0.000,-49.769,33.806,0.000,0.000,0.000,0.000,0.000,0.000,0.013,3.2,11.30,28.0,0.000,0.000,0.000,0.006,0.000,0.000,0.006,0.000,0.006,0.000,0.000,0.000,0.000,0.013,0.000,0.000,0.006,0.000
70.5073,705,0,move,-1,70.5073,70.5208,0,0.000,-0.088,0.176,-0.176,-0.088,0.088,-0.264,-0.088,0.176,0.088,-50.010,33.838,-0.088,0.264,0.000,0.000,0.439,0.176,0.000,0.000,0.000,0.000,0.000,0.000,0.000,0.000,0.000,0.000,-49.176,33.476,0.000,0.000,0.000,0.000,0.000,0.000,0.013,4.8,11.30,31.0,0.000,0.000,0.000,0.000,0.000,0.000,0.006,0.000,0.000,0.000,0.006,0.006,0.000,0.006,0.000,0.000,0.013,0.000
70.6073,706,0,move,-1,70.6073,70.6181,0,0.000,-0.088,0.176,-0.176,-0.088,0.088,-0.264,-0.088,0.176,0.088,-49.658,33.574,-0.088,0.264,0.000,0.000,0.439,0.176,0.000,0.000,0.000,0.000,0.000,0.000,0.000,0.000,0.000,0.000,-48.483,33.087,0.000,0.000,0.000,0.000,0.000,0.000,0.013,4.8,11.30,31.0,0.000,0.000,0.000,0.000,0.000,0.000,0.006,0.000,0.000,0.000,0.006,0.006,0.000,0.006,0.000,0.000,0.013,0.000
70.7073,707,0,move,-1,70.7073,70.7196,0,0.000,-0.088,0.176,-0.176,-0.088,0.088,-0.264,-0.088,0.176,0.088,-48.955,33.135,-0.088,0.264,0.000,0.000,0.439,0.176,0.000,0.000,0.000,0.000,0.000,0.000,0.000,0.000,0.000,0.000,-47.696,32.641,0.000,0.000,0.000,0.000,0.000,0.000,0.006,3.2,11.20,32.0,0.000,0.000,0.000,0.000,0.000,0.000,0.006,0.000,0.000,0.000,0.006,0.006,0.000,0.006,0.000,0.000,0.006,0.006
70.8073,708,0,move,-1,70.8073,70.8207,0,0.000,-0.088,0.176,-0.176,-0.088,0.088,-0.264,-0.088,0.176,0.088,-48.252,32.695,-0.088,0.264,0.000,0.000,0.439,0.176,0.000,0.000,0.000,0.000,0.000,0.000,0.000,0.000,0.000,0.000,-46.816,32.136,0.000,0.000,0.000,0.000,0.000,0.000,0.006,3.2,11.20,32.0,0.000,0.000,0.000,0.000,0.000,0.000,0.006,0.000,0.000,0.000,0.000,0.000,0.000,0.006,0.000,0.000,0.006,0.000
70.9075,709,0,move,-1,70.9075,70.9204,0,0.000,-0.088,0.176,-0.176,-0.088,0.088,-0.264,-0.088,0.176,0.088,-47.549,32.256,-0.088,0.264,0.000,0.000,0.439,0.176,0.000,0.000,0.000,0.000,0.000,0.000,0.000,0.000,0.000,0.000,-45.851,31.576,0.000,0.000,0.000,0.000,0.000,0.000,0.006,3.2,11.20,32.0,0.000,0.000,0.000,0.000,0.000,0.000,0.006,0.000,0.000,0.000,0.000,0.000,0.000,0.006,0.000,0.000,0.006,0.000
71.0075,710,0,move,-1,71.0075,71.0174,0,0.000,-0.088,0.176,-0.176,-0.088,0.088,-0.264,-0.088,0.176,0.088,-46.670,31.641,-0.088,0.264,0.000,0.000,0.439,0.176,0.000,0.000,0.000,0.000,0.000,0.000,0.000,0.000,0.000,0.000,-44.803,30.959,0.000,0.000,0.000,0.000,0.000,0.000,0.013,4.8,11.30,31.0,0.000,0.000,0.006,0.000,0.000,0.000,0.006,0.000,0.000,0.000,0.000,0.006,0.000,0.006,0.000,0.000,0.013,0.000
71.1073,711,0,move,-1,71.1073,71.1217,0,0.000,-0.088,0.176,-0.176,-0.088,0.088,-0.264,-0.088,0.176,0.088,-45.791,31.025,-0.088,0.264,0.000,0.000,0.439,0.176,0.000,0.000,0.000,0.000,0.000,0.000,0.000,0.000,0.000,0.000,-43.680,30.289,0.000,0.000,0.000,0.000,0.000,0.000,0.013,3.2,11.30,28.0,0.000,0.000,0.000,0.000,0.000,0.000,0.006,0.000,0.006,0.000,0.006,0.006,0.000,0.013,0.000,0.000,0.006,0.000
71.2074,712,0,move,-1,71.2074,71.2196,0,0.000,-0.088,0.176,-0.176,-0.088,0.088,-0.264,-0.088,0.176,0.088,-45.439,30.498,-0.088,0.264,0.000,0.000,0.439,0.176,0.000,0.000,0.000,0.000,0.000,0.000,0.000,0.000,0.000,0.000,-42.487,29.567,0.000,0.000,0.000,0.000,0.000,0.000,0.013,3.2,11.30,28.0,0.000,0.000,0.000,0.000,0.000,0.000,0.006,0.000,0.006,0.000,0.006,0.006,0.000,0.013,0.000,0.000,0.006,0.000
71.3079,713,0,move,-1,71.3079,71.3370,0,0.000,-0.088,0.176,-0.176,-0.088,0.088,-0.264,-0.088,0.176,0.088,-44.033,29.795,-0.088,0.264,0.000,0.000,0.439,0.176,0.000,0.000,0.000,0.000,0.000,0.000,0.000,0.000,0.000,0.000,-41.228,28.795,0.000,0.000,0.000,0.000,0.000,0.000,0.006,6.8,11.30,31.0,0.000,0.000,0.000,0.000,0.000,0.000,0.000,0.000,0.000,0.000,0.006,0.006,0.000,0.006,0.000,0.000,0.006,0.000
71.4075,714,0,move,-1,71.4075,71.4171,0,0.000,-0.088,0.176,-0.176,-0.088,0.088,-0.264,-0.088,0.176,0.088,-42.627,29.004,-0.088,0.264,0.000,0.000,0.439,0.176,0.000,0.000,0.000,0.000,0.000,0.000,0.000,0.000,0.000,0.000,-39.910,27.976,0.000,0.000,0.000,0.000,0.000,0.000,0.006,6.8,11.30,31.0,0.000,0.000,0.000,0.000,0.000,0.000,0.000,0.000,0.000,0.000,0.006,0.006,0.000,0.006,0.000,0.000,0.006,0.000
71.5076,715,0,move,-1,71.5076,71.5200,0,0.000,-0.088,0.176,-0.176,-0.088,0.088,-0.264,-0.088,0.176,0.088,-41.221,28.213,-0.088,0.264,0.000,0.000,0.439,0.176,0.000,0.000,0.000,0.000,0.000,0.000,0.000,0.000,0.000,0.000,-38.538,27.112,0.000,0.000,0.000,0.000,0.000,0.000,0.019,4.4,11.40,29.0,0.000,0.000,0.000,0.006,0.000,0.000,,0.000,0.006,0.000,0.006,0.019,0.000,0.006,0.000,0.000,0.006,0.006
71.6075,716,0,move,-1,71.6075,71.6181,0,0.000,-0.088,0.176,-0.176,-0.088,0.088,-0.264,-0.088,0.176,0.088,-39.814,27.422,-0.088,0.264,0.000,0.000,0.439,0.176,0.000,0.000,0.000,0.000,0.000,0.000,0.000,0.000,0.000,0.000,-37.119,26.207,0.000,0.000,0.000,0.000,0.000,0.000,0.019,4.4,11.40,29.0,0.000,0.000,0.000,0.006,0.000,0.000,,0.000,0.006,0.000,0.006,0.019,0.000,0.006,0.000,0.000,0.006,0.006
71.7075,717,0,move,-1,71.7075,71.7183,0,0.000,-0.088,0.176,-0.176,-0.088,0.088,-0.264,-0.088,0.176,0.088,-38.408,26.455,-0.088,0.264,0.000,0.000,0.439,0.176,0.000,0.000,0.000,0.000,0.000,0.000,0.000,0.000,0.000,0.000,-35.658,25.263,0.000,0.000,0.000,0.000,0.000,0.000,0.013,5.2,11.40,29.0,0.000,0.000,0.000,0.000,0.000,0.000,0.006,0.000,0.000,0.000,0.000,0.013,0.000,0.013,0.000,0.000,0.006,0.000
71.8075,718,0,move,-1,71.8075,71.8197,0,0.000,-0.088,0.176,-0.176,-0.088,0.088,-0.264,-0.088,0.176,0.088,-37.002,25.576,-0.088,0.264,0.000,0.000,0.439,0.176,0.000,0.000,0.000,0.000,0.000,0.000,0.000,0.000,0.000,0.000,-34.162,24.285,0.000,0.000,0.000,0.000,0.000,0.000,0.013,5.6,11.30,29.0,0.000,0.000,0.000,0.000,0.000,0.000,0.006,0.000,0.000,0.000,0.006,0.013,0.000,0.013,0.000,0.000,0.006,0.000
71.9075,719,0,move,-1,71.9075,71.9179,0,0.000,-0.088,0.176,-0.176,-0.088,0.088,-0.264,-0.088,0.176,0.088,-35.684,24.609,-0.088,0.264,0.000,0.000,0.439,0.176,0.000,0.000,0.000,0.000,0.000,0.000,0.000,0.000,0.000,0.000,-32.637,23.276,0.000,0.000,0.000,0.000,0.000,0.000,0.013,5.6,11.30,29.0,0.000,0.000,0.000,0.000,0.000,0.000,0.006,0.000,0.000,0.000,0.006,0.013,0.000,0.013,0.000,0.000,0.006,0.000
72.0073,720,0,move,-1,72.0073,72.0170,0,0.000,-0.088,0.176,-0.176,-0.088,0.088,-0.264,-0.088,0.176,0.088,-34.277,23.730,-0.088,0.264,0.000,0.000,0.439,0.176,0.000,0.000,0.000,0.000,0.000,0.000,0.000,0.000,0.000,0.000,-31.087,22.240,0.000,0.000,0.000,0.000,0.000,0.000,0.013,3.2,11.30,28.0,0.000,0.000,0.000,0.006,0.000,0.000,0.000,0.000,0.000,0.000,0.006,0.000,0.000,0.013,0.000,0.000,0.013,0.006
72.1073,721,0,move,-1,72.1073,72.1285,0,0.000,-0.088,0.176,-0.176,-0.088,0.088,-0.264,-0.088,0.176,0.088,-32.607,22.676,-0.088,0.264,0.000,0.000,0.439,0.176,0.000,0.000,0.000,0.000,0.000,0.000,0.000,0.000,0.000,0.000,-29.519,21.181,0.000,0.000,0.000,0.000,0.000,0.000,0.006,0.0,11.20,31.0,0.000,0.000,0.000,0.000,0.000,0.006,0.000,0.000,0.000,0.000,0.000,0.000,0.000,0.006,0.000,0.000,0.006,0.000
72.2075,722,0,move,-1,72.2075,72.2209,0,0.000,-0.088,0.176,-0.176,-0.088,0.088,-0.264,-0.088,0.176,0.088,-31.201,21.709,-0.088,0.264,0.000,0.000,0.439,0.176,0.000,0.000,0.000,0.000,0.000,0.000,0.000,0.000,0.000,0.000,-27.940,20.103,0.000,0.000,0.000,0.000,0.000,0.000,0.006,0.0,11.20,31.0,0.000,0.000,0.000,0.000,0.000,0.006,0.000,0.000,0.000,0.000,0.000,0.000,0.000,0.006,0.000,0.000,0.006,0.000
72.3075,723,0,move,-1,72.3075,72.3193,0,0.000,-0.088,0.176,-0.176,-0.088,0.088,-0.264,-0.088,0.176,0.088,-30.850,21.182,-0.088,0.264,0.000,0.000,0.439,0.176,0.000,0.000,0.000,0.000,0.000,0.000,0.000,0.000,0.000,0.000,-26.354,19.012,0.000,0.000,0.000,0.000,0.000,0.000,0.013,5.2,11.30,29.0,0.000,0.000,0.000,0.000,0.000,0.000,0.006,0.000,0.006,0.000,0.006,0.013,0.000,0.013,0.000,0.000,0.006,0.006
72.4073,724,0,move,-1,72.4073,72.4200,0,0.000,-0.088,0.176,-0.176,-0.088,0.088,-0.264,-0.088,0.176,0.088,-29.531,19.688,-0.088,0.264,0.000,0.000,0.439,0.176,0.000,0.000,0.000,0.000,0.000,0.000,0.000,0.000,0.000,0.000,-24.769,17.912,0.000,0.000,0.000,0.000,0.000,0.000,0.006,3.2,11.20,32.0,0.000,0.000,0.000,0.000,0.000,0.000,0.006,0.000,0.000,0.000,0.000,0.000,0.000,0.006,0.000,0.000,0.006,0.006
72.5104,725,0,move,-1,72.5104,72.5258,0,0.000,-0.088,0.176,-0.176,-0.088,0.088,-0.264,-0.088,0.176,0.088,-27.861,18.369,-0.088,0.264,0.000,0.000,0.439,0.176,0.000,0.000,0.000,0.000,0.000,0.000,0.000,0.000,0.000,0.000,-23.189,16.807,0.000,0.000,0.000,0.000,0.000,0.000,0.006,2.4,11.30,32.0,0.000,0.000,0.006,0.006,0.000,0.000,,0.000,0.000,0.000,0.000,0.000,0.000,,0.000,0.000,0.006,0.000
72.6073,726,0,move,-1,72.6073,72.6214,0,0.000,-0.088,0.176,-0.176,-0.088,0.088,-0.264,-0.088,0.176,0.088,-26.279,17.314,-0.088,0.264,0.000,0.000,0.439,0.176,0.000,0.000,0.000,0.000,0.000,0.000,0.000,0.000,0.000,0.000,-21.620,15.703,0.000,0.000,0.000,0.000,0.000,0.000,0.006,2.4,11.30,32.0,0.000,0.000,0.006,0.006,0.000,0.000,,0.000,0.000,0.000,0.000,0.000,0.000,,0.000,0.000,0.006,0.000
72.7073,727,0,move,-1,72.7073,72.7194,0,0.000,-0.088,0.176,-0.176,-0.088,0.088,-0.264,-0.088,0.176,0.088,-26.016,16.787,-0.088,0.264,0.000,0.000,0.439,0.176,0.000,0.000,0.000,0.000,0.000,0.000,0.000,0.000,0.000,0.000,-20.068,14.603,0.000,0.000,0.000,0.000,0.000,0.000,0.006,2.4,11.30,31.0,0.000,0.000,0.000,0.000,0.000,0.000,0.000,0.000,0.000,0.000,0.006,0.000,0.000,0.000,0.000,0.000,0.000,0.000
72.8076,728,0,move,-1,72.8076,72.8416,0,0.000,-0.088,0.176,-0.176,-0.088,0.088,-0.264,-0.088,0.176,0.088,-24.170,15.117,-0.088,0.264,0.000,0.000,0.439,0.176,0.000,0.000,0.000,0.000,0.000,0.000,0.000,0.000,0.000,0.000,-18.539,13.514,0.000,0.000,0.000,0.000,0.000,0.000,0.013,3.2,11.30,28.0,0.000,0.000,0.000,0.000,0.000,0.000,0.006,0.000,0.000,0.000,0.006,0.000,0.000,0.013,0.000,0.000,0.006,0.006
72.9073,729,0,move,-1,72.9073,72.9175,0,0.000,-0.088,0.176,-0.176,-0.088,0.088,-0.264,-0.088,0.176,0.088,-23.027,14.150,-0.088,0.264,0.000,0.000,0.439,0.176,0.000,0.000,0.000,0.000,0.000,0.000,0.000,0.000,0.000,0.000,-17.038,12.438,0.000,0.000,0.000,0.000,0.000,0.000,0.013,3.2,11.30,28.0,0.000,0.000,0.000,0.000,0.000,0.000,0.006,0.000,0.000,0.000,0.006,0.000,0.000,0.013,0.000,0.000,0.006,0.006
73.0075,730,0,move,-1,73.0075,73.0192,0,0.000,-0.088,0.176,-0.176,-0.088,0.088,-0.264,-0.088,0.176,0.088,-21.357,13.008,-0.088,0.264,0.000,0.000,0.439,0.176,0.000,0.000,0.000,0.000,0.000,0.000,0.000,0.000,0.000,0.000,-15.570,11.382,0.000,0.000,0.000,0.000,0.000,0.000,0.006,2.4,11.30,32.0,0.000,0.000,0.000,0.006,0.000,0.000,0.006,0.000,0.000,0.000,0.006,0.006,0.000,0.006,0.000,0.000,0.006,0.000
73.1074,731,0,move,-1,73.1074,73.1141,0,0.000,-0.088,0.176,-0.176,-0.088,0.088,-0.264,-0.088,0.176,0.088,-20.039,12.129,-0.088,0.264,0.000,0.000,0.439,0.176,0.000,0.000,0.000,0.000,0.000,0.000,0.000,0.000,0.000,0.000,-14.141,10.350,0.000,0.000,0.000,0.000,0.000,0.000,0.006,2.4,11.30,32.0,0.000,0.000,0.000,0.006,0.000,0.000,0.006,0.000,0.000,0.000,0.006,0.006,0.000,0.006,0.000,0.000,0.006,0.000
73.2076,732,0,move,-1,73.2076,73.2188,0,0.000,-0.088,0.176,-0.176,-0.088,0.088,-0.264,-0.088,0.176,0.088,-18.193,10.811,-0.088,0.264,0.000,0.000,0.439,0.176,0.000,0.000,0.000,0.000,0.000,0.000,0.000,0.000,0.000,0.000,-12.756,9.347,0.000,0.000,0.000,0.000,0.000,0.000,0.013,3.2,11.30,28.0,0.000,0.000,0.006,0.006,0.000,0.000,0.000,0.000,0.000,0.000,0.006,0.006,0.000,0.013,0.000,0.000,0.006,0.000
73.3073,733,0,move,-1,73.3073,73.3134,0,0.000,-0.088,0.176,-0.176,-0.088,0.088,-0.264,-0.088,0.176,0.088,-16.875,9.932,-0.088,0.264,0.000,0.000,0.439,0.176,0.000,0.000,0.000,0.000,0.000,0.000,0.000,0.000,0.000,0.000,-11.421,8.375,0.000,0.000,0.000,0.000,0.000,0.000,0.013,3.2,11.30,28.0,0.000,0.000,0.006,0.006,0.000,0.000,0.000,0.000,0.000,0.000,0.006,0.006,0.000,0.013,0.000,0.000,0.006,0.000
73.4075,734,0,move,-1,73.4075,73.4188,0,0.000,-0.088,0.176,-0.176,-0.088,0.088,-0.264,-0.088,0.176,0.088,-14.941,8.789,-0.088,0.264,0.000,0.000,0.439,0.176,0.000,0.000,0.000,0.000,0.000,0.000,0.000,0.000,0.000,0.000,-10.139,7.441,0.000,0.000,0.000,0.000,0.000,0.000,0.013,3.2,11.30,28.0,0.000,0.000,0.000,0.000,0.000,0.000,0.006,0.000,0.000,0.000,0.006,0.006,0.000,0.013,0.000,0.000,0.013,0.006
73.5095,735,0,move,-1,73.5095,73.5168,0,0.000,-0.088,0.176,-0.176,-0.088,0.088,-0.264,-0.088,0.176,0.088,-13.535,7.910,-0.088,0.264,0.000,0.000,0.439,0.176,0.000,0.000,0.000,0.000,0.000,0.000,0.000,0.000,0.000,0.000,-8.915,6.547,0.000,0.000,0.000,0.000,0.000,0.000,0.013,3.2,11.30,28.0,0.000,0.000,0.000,0.000,0.000,0.000,0.006,0.000,0.000,0.000,0.006,0.006,0.000,0.013,0.000,0.000,0.013,0.006
73.6073,736,0,move,-1,73.6073,73.6182,0,0.000,-0.088,0.176,-0.176,-0.088,0.088,-0.264,-0.088,0.176,0.088,-11.777,6.943,-0.088,0.264,0.000,0.000,0.439,0.176,0.000,0.000,0.000,0.000,0.000,0.000,0.000,0.000,0.000,0.000,-7.754,5.698,0.000,0.000,0.000,0.000,0.000,0.000,0.013,5.6,11.40,29.0,0.000,0.000,0.000,0.000,0.000,0.000,0.006,0.000,0.006,0.000,0.006,0.013,0.000,0.006,0.000,0.000,0.006,0.000
73.7075,737,0,move,-1,73.7075,73.7190,0,0.000,-0.088,0.176,-0.176,-0.088,0.088,-0.264,-0.088,0.176,0.088,-10.195,5.977,-0.088,0.264,0.000,0.000,0.439,0.176,0.000,0.000,0.000,0.000,0.000,0.000,0.000,0.000,0.000,0.000,-6.661,4.896,0.000,0.000,0.000,0.000,0.000,0.000,0.006,7.6,11.20,31.0,0.000,0.000,0.000,0.000,0.000,0.000,0.000,0.000,0.000,0.000,0.006,0.000,0.000,0.006,0.000,0.000,0.006,0.000
73.8075,738,0,move,-1,73.8075,73.8215,0,0.000,-0.088,0.176,-0.176,-0.088,0.088,-0.264,-0.088,0.176,0.088,-8.525,5.186,-0.088,0.264,0.000,0.000,0.439,0.176,0.000,0.000,0.000,0.000,0.000,0.000,0.000,0.000,0.000,0.000,-5.639,4.147,0.000,0.000,0.000,0.000,0.000,0.000,0.006,2.4,11.30,32.0,0.000,0.000,0.000,0.000,0.000,0.000,0.000,0.000,0.006,0.000,0.000,0.000,0.000,0.006,0.000,0.000,0.006,0.000
73.9075,739,0,move,-1,73.9075,73.9176,0,0.000,-0.088,0.176,-0.176,-0.088,0.088,-0.264,-0.088,0.176,0.088,-8.174,4.570,-0.088,0.264,0.000,0.000,0.439,0.176,0.000,0.000,0.000,0.000,0.000,0.000,0.000,0.000,0.000,0.000,-4.693,3.452,0.000,0.000,0.000,0.000,0.000,0.000,0.006,2.4,11.30,32.0,0.000,0.000,0.000,0.000,0.000,0.000,0.000,0.000,0.006,0.000,0.000,0.000,0.000,0.006,0.000,0.000,0.006,0.000
74.0156,740,0,move,-1,74.0156,74.0452,0,0.000,-0.088,0.176,-0.176,-0.088,0.088,-0.264,-0.088,0.176,0.088,-6.416,3.604,-0.088,0.264,0.000,0.000,0.439,0.176,0.000,0.000,0.000,0.000,0.000,0.000,0.000,0.000,0.000,0.000,-3.825,2.814,0.000,0.000,0.000,0.000,0.000,0.000,0.013,3.2,11.30,28.0,0.000,0.000,0.000,0.000,0.000,0.000,0.006,0.000,0.000,0.000,0.006,0.000,0.000,0.013,0.000,0.000,0.013,0.000
74.1073,741,0,move,-1,74.1073,74.1188,0,0.000,-0.088,0.176,-0.176,-0.088,0.088,-0.264,-0.088,0.176,0.088,-5.273,2.988,-0.088,0.264,0.000,0.000,0.439,0.176,0.000,0.000,0.000,0.000,0.000,0.000,0.000,0.000,0.000,0.000,-3.039,2.236,0.000,0.000,0.000,0.000,0.000,0.000,0.013,3.2,11.30,28.0,0.000,0.000,0.000,0.000,0.000,0.000,0.006,0.000,0.000,0.000,0.006,0.000,0.000,0.013,0.000,0.000,0.013,0.000
74.2073,742,0,move,-1,74.2073,74.2173,0,0.000,-0.088,0.176,-0.176,-0.088,0.088,-0.264,-0.088,0.176,0.000,-3.955,2.373,-0.088,0.264,0.000,0.000,0.439,0.176,0.000,0.000,0.000,0.000,0.000,0.000,0.000,0.000,0.000,0.000,-2.338,1.720,0.000,0.000,0.000,0.000,0.000,0.000,0.013,4.8,11.30,31.0,0.000,0.000,0.000,0.006,0.000,0.000,0.006,0.000,0.000,0.000,0.006,0.006,0.000,0.006,0.000,0.000,0.013,0.000
74.3075,743,0,move,-1,74.3075,74.3221,0,0.000,-0.088,0.176,-0.176,-0.088,0.088,-0.264,-0.088,0.176,0.000,-2.900,1.846,-0.088,0.264,0.000,0.000,0.439,0.176,0.000,0.000,0.000,0.000,0.000,0.000,0.000,0.000,0.000,0.000,-1.725,1.270,0.000,0.000,0.000,0.000,0.000,0.000,0.013,3.2,11.30,28.0,0.000,0.000,0.000,0.000,0.000,0.000,0.000,0.000,0.006,0.000,0.006,0.006,0.000,0.013,0.000,0.000,0.006,0.006
74.4075,744,0,move,-1,74.4075,74.4182,0,0.000,-0.088,0.176,-0.176,-0.088,0.088,-0.264,-0.088,0.176,0.000,-2.197,1.318,-0.088,0.264,0.000,0.000,0.439,0.176,0.000,0.000,0.000,0.000,0.000,0.000,0.000,0.000,0.000,0.000,-1.202,0.885,0.000,0.000,0.000,0.000,0.000,0.000,0.013,3.2,11.30,28.0,0.000,0.000,0.000,0.000,0.000,0.000,0.000,0.000,0.006,0.000,0.006,0.006,0.000,0.013,0.000,0.000,0.006,0.006
74.5103,745,0,move,-1,74.5103,74.5814,0,0.000,-0.088,0.176,-0.176,-0.088,0.088,-0.264,-0.088,0.176,0.000,-1.406,0.703,-0.088,0.264,0.000,0.000,0.439,0.176,0.000,0.000,0.000,0.000,0.000,0.000,0.000,0.000,0.000,0.000,-0.772,0.568,0.000,0.000,0.000,0.000,0.000,0.000,0.006,3.2,11.20,32.0,0.000,0.000,0.000,0.000,0.000,0.000,0.006,0.000,0.000,0.000,0.006,0.006,0.000,0.006,0.000,0.000,0.006,0.000
74.6073,746,0,move,-1,74.6073,74.6188,0,0.000,-0.088,0.176,-0.176,-0.088,0.088,-0.264,-0.088,0.176,0.000,-1.143,0.615,-0.088,0.264,0.000,0.000,0.439,0.176,0.000,0.000,0.000,0.000,0.000,0.000,0.000,0.000,0.000,0.000,-0.435,0.320,0.000,0.000,0.000,0.000,0.000,0.000,0.006,3.2,11.20,32.0,0.000,0.000,0.000,0.000,0.000,0.000,0.006,0.000,0.000,0.000,0.006,0.006,0.000,0.006,0.000,0.000,0.006,0.000
74.7073,747,0,move,-1,74.7073,74.7192,0,0.000,-0.088,0.176,-0.176,-0.088,0.088,-0.264,-0.088,0.176,0.000,-0.791,0.264,-0.088,0.264,0.000,0.000,0.439,0.176,0.000,0.000,0.000,0.000,0.000,0.000,0.000,0.000,0.000,0.000,-0.194,0.143,0.000,0.000,0.000,0.000,0.000,0.000,0.013,3.2,11.30,28.0,0.000,0.000,0.000,0.000,0.000,0.000,0.006,0.000,0.000,0.000,0.006,0.006,0.000,0.013,0.000,0.000,0.006,0.000
74.8073,748,0,move,-1,74.8073,74.8178,0,0.000,-0.088,0.176,-0.176,-0.088,0.088,-0.264,-0.088,0.176,0.000,-0.439,0.264,-0.088,0.264,0.000,0.000,0.439,0.176,0.000,0.000,0.000,0.000,0.000,0.000,0.000,0.000,0.000,0.000,-0.049,0.036,0.000,0.000,0.000,0.000,0.000,0.000,0.013,3.2,11.30,28.0,0.000,0.000,0.000,0.000,0.000,0.000,0.006,0.000,0.000,0.000,0.006,0.006,0.000,0.013,0.000,0.000,0.006,0.000
74.9075,749,0,move,-1,74.9075,74.9192,0,0.000,-0.088,0.176,-0.176,-0.088,0.088,-0.264,-0.088,0.176,0.000,-0.176,0.000,-0.088,0.264,0.000,0.000,0.439,0.176,0.000,0.000,0.000,0.000,0.000,0.000,0.000,0.000,0.000,0.000,0.000,0.000,0.000,0.000,0.000,0.000,0.000,0.000,0.013,4.8,11.30,31.0,0.000,0.000,0.000,0.000,0.000,0.000,0.000,0.000,0.000,0.000,0.000,0.006,0.000,0.006,0.000,0.000,0.013,0.000
75.0096,750,0,move,-1,75.0096,75.0389,0,0.000,-0.088,0.176,-0.176,-0.088,0.088,-0.264,-0.088,0.176,0.000,-0.176,0.088,-0.088,0.264,0.000,0.000,0.439,0.176,0.000,0.000,0.000,0.000,0.000,0.000,0.000,0.000,0.000,0.000,0.000,0.000,0.000,0.000,0.000,0.000,0.000,0.000,0.006,2.4,11.30,32.0,0.000,0.000,0.000,0.000,0.000,0.000,0.000,0.000,0.006,0.000,0.000,0.000,0.000,0.006,0.000,0.000,0.006,0.006
75.1074,751,0,move,-1,75.1074,75.1202,0,0.000,-0.088,0.176,-0.176,-0.088,0.088,-0.264,-0.088,0.176,0.000,-0.176,0.088,-0.088,0.264,0.000,0.000,0.439,0.176,0.000,0.000,0.000,0.000,0.000,0.000,0.000,0.000,0.000,0.000,0.000,0.000,0.000,0.000,0.000,0.000,0.000,0.000,0.006,2.4,11.30,32.0,0.000,0.000,0.000,0.000,0.000,0.000,0.000,0.000,0.006,0.000,0.000,0.000,0.000,0.006,0.000,0.000,0.006,0.006
75.2075,752,0,move,-1,75.2075,75.2169,0,0.000,-0.088,0.176,-0.176,-0.088,0.088,-0.264,-0.088,0.176,0.000,-0.176,0.088,-0.088,0.264,0.000,0.000,0.439,0.176,0.000,0.000,0.000,0.000,0.000,0.000,0.000,0.000,0.000,0.000,0.000,0.000,0.000,0.000,0.000,0.000,0.000,0.000,0.006,3.2,11.20,32.0,0.000,0.000,0.000,0.000,0.000,0.000,0.006,0.000,0.000,0.000,0.000,0.000,0.000,0.006,0.000,0.000,0.006,0.006
75.3073,753,0,move,-1,75.3073,75.3196,0,0.000,-0.088,0.176,-0.176,-0.088,0.088,-0.264,-0.088,0.176,0.000,-0.176,0.088,-0.088,0.264,0.000,0.000,0.439,0.176,0.000,0.000,0.000,0.000,0.000,0.000,0.000,0.000,0.000,0.000,0.000,0.000,0.000,0.000,0.000,0.000,0.000,0.000,0.013,3.2,11.30,28.0,0.000,0.000,0.006,0.006,0.000,0.000,0.006,0.000,0.000,0.000,0.000,0.000,0.000,0.013,0.000,0.000,0.013,0.000
75.4073,754,0,move,-1,75.4073,75.4181,0,0.000,-0.088,0.176,-0.176,-0.088,0.088,-0.264,-0.088,0.176,0.000,-0.176,0.088,-0.088,0.264,0.000,0.000,0.439,0.176,0.000,0.000,0.000,0.000,0.000,0.000,0.000,0.000,0.000,0.000,0.000,0.000,0.000,0.000,0.000,0.000,0.000,0.000,0.013,3.2,11.30,28.0,0.000,0.000,0.006,0.006,0.000,0.000,0.006,0.000,0.000,0.000,0.000,0.000,0.000,0.013,0.000,0.000,0.013,0.000
75.5073,755,0,move,-1,75.5073,75.5199,0,0.000,-0.088,0.176,-0.176,-0.088,0.088,-0.264,-0.088,0.176,0.000,-0.176,0.088,-0.088,0.264,0.000,0.000,0.439,0.176,0.000,0.000,0.000,0.000,0.000,0.000,0.000,0.000,0.000,0.000,0.000,0.000,0.000,0.000,0.000,0.000,0.000,0.000,0.013,3.2,11.30,28.0,0.000,0.000,0.000,0.000,0.000,0.000,0.000,0.000,0.000,0.000,0.000,0.000,0.000,0.013,0.000,0.000,0.006,0.000
75.6073,756,0,move,-1,75.6073,75.6182,0,0.000,-0.088,0.176,-0.176,-0.088,0.088,-0.264,-0.088,0.176,0.000,-0.176,0.088,-0.088,0.264,0.000,0.000,0.439,0.176,0.000,0.000,0.000,0.000,0.000,0.000,0.000,0.000,0.000,0.000,0.000,0.000,0.000,0.000,0.000,0.000,0.000,0.000,0.013,3.2,11.30,28.0,0.000,0.000,0.000,0.000,0.000,0.000,0.000,0.000,0.000,0.000,0.000,0.000,0.000,0.013,0.000,0.000,0.006,0.000
75.7073,757,0,move,-1,75.7073,75.7199,0,0.000,-0.088,0.176,-0.176,-0.088,0.088,-0.264,-0.088,0.176,0.000,-0.176,0.088,-0.088,0.264,0.000,0.000,0.439,0.176,0.000,0.000,0.000,0.000,0.000,0.000,0.000,0.000,0.000,0.000,0.000,0.000,0.000,0.000,0.000,0.000,0.000,0.000,0.006,3.2,11.30,28.0,0.000,0.000,0.000,0.000,0.000,0.000,0.000,0.000,0.000,0.000,0.000,0.000,0.000,0.006,0.000,0.000,0.006,0.000
75.8075,758,0,move,-1,75.8075,75.8201,0,0.000,-0.088,0.176,-0.176,-0.088,0.088,-0.264,-0.088,0.176,0.000,-0.176,0.088,-0.088,0.264,0.000,0.000,0.439,0.176,0.000,0.000,0.000,0.000,0.000,0.000,0.000,0.000,0.000,0.000,0.000,0.000,0.000,0.000,0.000,0.000,0.000,0.000,0.006,3.2,11.30,28.0,0.000,0.000,0.000,0.000,0.000,0.000,0.000,0.000,0.000,0.000,0.000,0.000,0.000,0.006,0.000,0.000,0.006,0.006
75.9075,759,0,move,-1,75.9075,75.9183,0,0.000,-0.088,0.176,-0.176,-0.088,0.088,-0.264,-0.088,0.176,0.000,-0.176,0.088,-0.088,0.264,0.000,0.000,0.439,0.176,0.000,0.000,0.000,0.000,0.000,0.000,0.000,0.000,0.000,0.000,0.000,0.000,0.000,0.000,0.000,0.000,0.000,0.000,0.006,3.2,11.30,28.0,0.000,0.000,0.000,0.000,0.000,0.000,0.000,0.000,0.000,0.000,0.000,0.000,0.000,0.006,0.000,0.000,0.006,0.006
76.0075,760,0,move,-1,76.0075,76.0191,0,0.000,-0.088,0.176,-0.176,-0.088,0.088,-0.264,-0.088,0.176,0.000,-0.176,0.088,-0.088,0.264,0.000,0.000,0.439,0.176,0.000,0.000,0.000,0.000,0.000,0.000,0.000,0.000,0.000,0.000,0.000,0.000,0.000,0.000,0.000,0.000,0.000,0.000,0.013,4.8,11.30,31.0,0.000,0.000,0.000,0.006,0.000,0.000,0.006,0.000,0.000,0.000,0.006,0.000,0.000,0.006,0.000,0.000,0.013,0.006
76.1170,761,0,move,-1,76.1170,76.1521,0,0.000,-0.088,0.176,-0.176,-0.088,0.088,-0.264,-0.088,0.176,0.000,-0.176,0.088,-0.088,0.264,0.000,0.000,0.439,0.176,0.000,0.000,0.000,0.000,0.000,0.000,0.000,0.000,0.000,0.000,0.000,0.000,0.000,0.000,0.000,0.000,0.000,0.000,0.006,3.2,11.30,32.0,0.000,0.000,0.000,0.000,0.000,0.000,0.006,0.000,0.006,0.000,0.000,0.000,0.000,0.006,0.000,0.000,0.006,0.000
76.2074,762,0,move,-1,76.2074,76.2207,0,0.000,-0.088,0.176,-0.176,-0.088,0.088,-0.264,-0.088,0.176,0.000,-0.176,0.088,-0.088,0.264,0.000,0.000,0.439,0.176,0.000,0.000,0.000,0.000,0.000,0.000,0.000,0.000,0.000,0.000,0.000,0.000,0.000,0.000,0.000,0.000,0.000,0.000,0.006,3.2,11.30,32.0,0.000,0.000,0.000,0.000,0.000,0.000,0.006,0.000,0.006,0.000,0.000,0.000,0.000,0.006,0.000,0.000,0.006,0.000
76.3075,763,0,move,-1,76.3075,76.3180,0,0.000,-0.088,0.176,-0.176,-0.088,0.088,-0.264,-0.088,0.176,0.000,-0.176,0.088,-0.088,0.264,0.000,0.000,0.439,0.176,0.000,0.000,0.000,0.000,0.000,0.000,0.000,0.000,0.000,0.000,0.000,0.000,0.000,0.000,0.000,0.000,0.000,0.000,0.013,3.2,11.30,28.0,0.000,0.000,0.000,0.000,0.000,0.000,0.000,0.000,0.000,0.000,0.000,0.000,0.000,0.013,0.000,0.000,0.006,0.000
76.4075,764,0,move,-1,76.4075,76.4175,0,0.000,-0.088,0.176,-0.176,-0.088,0.088,-0.264,-0.088,0.176,0.000,-0.176,0.088,-0.088,0.264,0.000,0.000,0.439,0.176,0.000,0.000,0.000,0.000,0.000,0.000,0.000,0.000,0.000,0.000,0.000,0.000,0.000,0.000,0.000,0.000,0.000,0.000,0.013,3.2,11.30,28.0,0.000,0.000,0.000,0.000,0.000,0.000,0.000,0.000,0.000,0.000,0.000,0.000,0.000,0.013,0.000,0.000,0.006,0.000
76.5075,765,0,move,-1,76.5075,76.5183,0,0.000,-0.088,0.176,-0.176,-0.088,0.088,-0.264,-0.088,0.176,0.000,-0.176,0.088,-0.088,0.264,0.000,0.000,0.439,0.176,0.000,0.000,0.000,0.000,0.000,0.000,0.000,0.000,0.000,0.000,0.000,0.000,0.000,0.000,0.000,0.000,0.000,0.000,0.013,3.2,11.30,28.0,0.000,0.000,0.000,0.000,0.000,0.000,0.006,0.000,0.000,0.000,0.000,0.000,0.000,0.013,0.000,0.000,0.006,0.000
76.6080,766,0,move,-1,76.6080,76.6554,0,0.000,-0.088,0.176,-0.176,-0.088,0.088,-0.264,-0.088,0.176,0.000,-0.176,0.088,-0.088,0.264,0.000,0.000,0.439,0.176,0.000,0.000,0.000,0.000,0.000,0.000,0.000,0.000,0.000,0.000,0.000,0.000,0.000,0.000,0.000,0.000,0.000,0.000,0.006,3.2,11.30,28.0,0.000,0.000,0.000,0.000,0.000,0.000,0.000,0.000,0.000,0.000,0.000,0.000,0.000,0.006,0.000,0.000,0.006,0.006
76.7075,767,0,move,-1,76.7075,76.7205,0,0.000,-0.088,0.176,-0.176,-0.088,0.088,-0.264,-0.088,0.176,0.000,-0.176,0.088,-0.088,0.264,0.000,0.000,0.439,0.176,0.000,0.000,0.000,0.000,0.000,0.000,0.000,0.000,0.000,0.000,0.000,0.000,0.000,0.000,0.000,0.000,0.000,0.000,0.006,3.2,11.30,28.0,0.000,0.000,0.000,0.000,0.000,0.000,0.000,0.000,0.000,0.000,0.000,0.000,0.000,0.006,0.000,0.000,0.006,0.006
76.8073,768,0,move,-1,76.8073,76.8128,0,0.000,-0.088,0.176,-0.176,-0.088,0.088,-0.264,-0.088,0.176,0.000,-0.176,0.088,-0.088,0.264,0.000,0.000,0.439,0.176,0.000,0.000,0.000,0.000,0.000,0.000,0.000,0.000,0.000,0.000,0.000,0.000,0.000,0.000,0.000,0.000,0.000,0.000,0.013,3.2,11.30,28.0,0.000,0.000,0.000,0.000,0.000,0.000,0.006,0.000,0.000,0.000,0.000,0.000,0.000,0.013,0.000,0.000,0.006,0.006
76.9075,769,0,move,-1,76.9075,76.9179,0,0.000,-0.088,0.176,-0.176,-0.088,0.088,-0.264,-0.088,0.176,0.000,-0.176,0.088,-0.088,0.264,0.000,0.000,0.439,0.176,0.000,0.000,0.000,0.000,0.000,0.000,0.000,0.000,0.000,0.000,0.000,0.000,0.000,0.000,0.000,0.000,0.000,0.000,0.013,3.2,11.30,28.0,0.000,0.000,0.000,0.000,0.000,0.000,0.006,0.000,0.000,0.000,0.000,0.000,0.000,0.013,0.000,0.000,0.006,0.006
77.0075,770,0,move,-1,77.0075,77.0179,0,0.000,-0.088,0.176,-0.176,-0.088,0.088,-0.264,-0.088,0.176,0.000,-0.176,0.088,-0.088,0.264,0.000,0.000,0.439,0.176,0.000,0.000,0.000,0.000,0.000,0.000,0.000,0.000,0.000,0.000,0.000,0.000,0.000,0.000,0.000,0.000,0.000,0.000,0.013,3.2,11.30,28.0,0.000,0.000,0.000,0.000,0.000,0.000,0.006,0.000,0.000,0.000,0.000,0.000,0.000,0.013,0.000,0.000,0.006,0.006
77.1075,771,0,move,-1,77.1075,77.1180,0,0.000,-0.088,0.176,-0.176,-0.088,0.088,-0.264,-0.088,0.176,0.000,-0.176,0.088,-0.088,0.264,0.000,0.000,0.439,0.176,0.000,0.000,0.000,0.000,0.000,0.000,0.000,0.000,0.000,0.000,0.000,0.000,0.000,0.000,0.000,0.000,0.000,0.000,0.006,3.2,11.30,32.0,0.000,0.000,0.000,0.000,0.000,0.000,0.006,0.000,0.000,0.000,0.000,0.000,0.000,0.006,0.000,0.000,0.006,0.000
77.2075,772,0,move,-1,77.2075,77.2190,0,0.000,-0.088,0.176,-0.176,-0.088,0.088,-0.264,-0.088,0.176,0.000,-0.176,0.088,-0.088,0.264,0.000,0.000,0.439,0.176,0.000,0.000,0.000,0.000,0.000,0.000,0.000,0.000,0.000,0.000,0.000,0.000,0.000,0.000,0.000,0.000,0.000,0.000,0.013,3.2,11.30,28.0,0.000,0.000,0.000,0.000,0.000,0.000,0.006,0.000,0.000,0.000,0.006,0.000,0.000,0.013,0.000,0.000,0.006,0.000
77.3075,773,0,move,-1,77.3075,77.3194,0,0.000,-0.088,0.176,-0.176,-0.088,0.088,-0.264,-0.088,0.176,0.000,-0.176,0.088,-0.088,0.264,0.000,0.000,0.439,0.176,0.000,0.000,0.000,0.000,0.000,0.000,0.000,0.000,0.000,0.000,0.000,0.000,0.000,0.000,0.000,0.000,0.000,0.000,0.013,3.2,11.30,28.0,0.000,0.000,0.000,0.000,0.000,0.000,0.006,0.000,0.000,0.000,0.006,0.000,0.000,0.013,0.000,0.000,0.006,0.000
77.4075,774,0,move,-1,77.4075,77.4183,0,0.000,-0.088,0.176,-0.176,-0.088,0.088,-0.264,-0.088,0.176,0.000,-0.176,0.088,-0.088,0.264,0.000,0.000,0.439,0.176,0.000,0.000,0.000,0.000,0.000,0.000,0.000,0.000,0.000,0.000,0.000,0.000,0.000,0.000,0.000,0.000,0.000,0.000,0.013,3.2,11.30,28.0,0.000,0.000,0.000,0.000,0.000,0.000,0.006,0.000,0.000,0.000,0.006,0.000,0.000,0.013,0.000,0.000,0.006,0.000
77.5075,775,0,move,-1,77.5075,77.5190,0,0.000,-0.088,0.176,-0.176,-0.088,0.088,-0.264,-0.088,0.176,0.000,-0.176,0.088,-0.088,0.264,0.000,0.000,0.439,0.176,0.000,0.000,0.000,0.000,0.000,0.000,0.000,0.000,0.000,0.000,0.000,0.000,0.000,0.000,0.000,0.000,0.000,0.000,0.013,3.2,11.30,28.0,0.000,0.000,,0.000,0.000,0.000,0.006,0.000,0.000,0.000,0.000,0.000,0.000,0.013,0.000,0.000,0.013,0.000
77.6074,776,0,move,-1,77.6074,77.6187,0,0.000,-0.088,0.176,-0.176,-0.088,0.088,-0.264,-0.088,0.176,0.000,-0.176,0.088,-0.088,0.264,0.000,0.000,0.439,0.176,0.000,0.000,0.000,0.000,0.000,0.000,0.000,0.000,0.000,0.000,0.000,0.000,0.000,0.000,0.000,0.000,0.000,0.000,0.013,3.2,11.30,28.0,0.000,0.000,,0.000,0.000,0.000,0.006,0.000,0.000,0.000,0.000,0.000,0.000,0.013,0.000,0.000,0.013,0.000
77.7129,777,0,move,-1,77.7129,77.7418,0,0.000,-0.088,0.176,-0.176,-0.088,0.088,-0.264,-0.088,0.176,0.000,-0.176,0.088,-0.088,0.264,0.000,0.000,0.439,0.176,0.000,0.000,0.000,0.000,0.000,0.000,0.000,0.000,0.000,0.000,0.000,0.000,0.000,0.000,0.000,0.000,0.000,0.000,0.006,2.4,11.30,32.0,0.000,0.000,0.000,0.006,0.000,0.000,0.006,0.000,0.000,0.000,0.000,0.000,0.000,0.006,0.000,0.000,0.006,0.000
77.8073,778,0,move,-1,77.8073,77.8284,0,0.000,-0.088,0.176,-0.176,-0.088,0.088,-0.264,-0.088,0.176,0.000,-0.176,0.088,-0.088,0.264,0.000,0.000,0.439,0.176,0.000,0.000,0.000,0.000,0.000,0.000,0.000,0.000,0.000,0.000,0.000,0.000,0.000,0.000,0.000,0.000,0.000,0.000,0.006,2.4,11.30,32.0,0.000,0.000,0.000,0.006,0.000,0.000,0.006,0.000,0.000,0.000,0.000,0.000,0.000,0.006,0.000,0.000,0.006,0.000
77.9075,779,0,move,-1,77.9075,77.9193,0,0.000,-0.088,0.176,-0.176,-0.088,0.088,-0.264,-0.088,0.176,0.000,-0.176,0.088,-0.088,0.264,0.000,0.000,0.439,0.176,0.000,0.000,0.000,0.000,0.000,0.000,0.000,0.000,0.000,0.000,0.000,0.000,0.000,0.000,0.000,0.000,0.000,0.000,0.006,3.2,11.20,32.0,0.000,0.000,0.000,0.000,0.000,0.000,0.006,0.000,0.000,0.000,0.000,0.000,0.000,0.006,0.000,0.000,0.006,0.000
78.0075,780,0,move,-1,78.0075,78.0189,0,0.000,-0.088,0.176,-0.176,-0.088,0.088,-0.264,-0.088,0.176,0.000,-0.176,0.088,-0.088,0.264,0.000,0.000,0.439,0.176,0.000,0.000,0.000,0.000,0.000,0.000,0.000,0.000,0.000,0.000,0.000,0.000,0.000,0.000,0.000,0.000,0.000,0.000,0.006,3.2,11.20,32.0,0.000,0.000,0.000,0.000,0.000,0.000,0.006,0.000,0.000,0.000,0.000,0.000,0.000,0.006,0.000,0.000,0.006,0.000
78.1075,781,0,move,-1,78.1075,78.1193,0,0.000,-0.088,0.176,-0.176,-0.088,0.088,-0.264,-0.088,0.176,0.000,-0.176,0.088,-0.088,0.264,0.000,0.000,0.439,0.176,0.000,0.000,0.000,0.000,0.000,0.000,0.000,0.000,0.000,0.000,0.000,0.000,0.000,0.000,0.000,0.000,0.000,0.000,0.013,3.2,11.30,28.0,0.000,0.000,0.000,0.006,0.000,0.000,0.006,0.000,0.000,0.000,0.000,0.000,0.000,0.013,0.000,0.000,0.006,0.000
78.2075,782,0,move,-1,78.2075,78.2179,0,0.000,-0.088,0.176,-0.176,-0.088,0.088,-0.264,-0.088,0.176,0.000,-0.176,0.088,-0.088,0.264,0.000,0.000,0.439,0.176,0.000,0.000,0.000,0.000,0.000,0.000,0.000,0.000,0.000,0.000,0.000,0.000,0.000,0.000,0.000,0.000,0.000,0.000,0.013,3.2,11.30,28.0,0.000,0.000,0.000,0.006,0.000,0.000,0.006,0.000,0.000,0.000,0.000,0.000,0.000,0.013,0.000,0.000,0.006,0.000
78.3075,783,0,move,-1,78.3075,78.3187,0,0.000,-0.088,0.176,-0.176,-0.088,0.088,-0.264,-0.088,0.176,0.000,-0.176,0.088,-0.088,0.264,0.000,0.000,0.439,0.176,0.000,0.000,0.000,0.000,0.000,0.000,0.000,0.000,0.000,0.000,0.000,0.000,0.000,0.000,0.000,0.000,0.000,0.000,0.013,3.2,11.30,28.0,0.000,0.000,0.000,0.006,0.000,0.000,0.000,0.000,0.000,0.000,0.000,0.000,0.000,0.013,0.000,0.000,0.006,0.006
78.4075,784,0,move,-1,78.4075,78.4189,0,0.000,-0.088,0.176,-0.176,-0.088,0.088,-0.264,-0.088,0.176,0.000,-0.176,0.088,-0.088,0.264,0.000,0.000,0.439,0.176,0.000,0.000,0.000,0.000,0.000,0.000,0.000,0.000,0.000,0.000,0.000,0.000,0.000,0.000,0.000,0.000,0.000,0.000,0.013,3.2,11.30,28.0,0.000,0.000,0.000,0.006,0.000,0.000,0.006,0.000,0.000,0.000,0.006,0.000,0.000,0.013,0.000,0.000,0.006,0.000
78.5074,785,0,move,-1,78.5074,78.5181,0,0.000,-0.088,0.176,-0.176,-0.088,0.088,-0.264,-0.088,0.176,0.000,-0.176,0.088,-0.088,0.264,0.000,0.000,0.439,0.176,0.000,0.000,0.000,0.000,0.000,0.000,0.000,0.000,0.000,0.000,0.000,0.000,0.000,0.000,0.000,0.000,0.000,0.000,0.013,3.2,11.30,28.0,0.000,0.000,0.000,0.006,0.000,0.000,0.006,0.000,0.000,0.000,0.006,0.000,0.000,0.013,0.000,0.000,0.006,0.000
78.6074,786,0,move,-1,78.6074,78.6183,0,0.000,-0.088,0.176,-0.176,-0.088,0.088,-0.264,-0.088,0.176,0.000,-0.176,0.088,-0.088,0.264,0.000,0.000,0.439,0.176,0.000,0.000,0.000,0.000,0.000,0.000,0.000,0.000,0.000,0.000,0.000,0.000,0.000,0.000,0.000,0.000,0.000,0.000,0.006,3.2,11.20,32.0,0.000,0.000,0.000,0.000,0.000,0.000,0.006,0.000,0.000,0.000,0.006,0.000,0.000,0.006,0.000,0.000,0.006,0.000
78.7073,787,0,move,-1,78.7073,78.7172,0,0.000,-0.088,0.176,-0.176,-0.088,0.088,-0.264,-0.088,0.176,0.000,-0.176,0.088,-0.088,0.264,0.000,0.000,0.439,0.176,0.000,0.000,0.000,0.000,0.000,0.000,0.000,0.000,0.000,0.000,0.000,0.000,0.000,0.000,0.000,0.000,0.000,0.000,0.006,3.2,11.20,32.0,0.000,0.000,0.000,0.000,0.000,0.000,0.006,0.000,0.000,0.000,0.006,0.000,0.000,0.006,0.000,0.000,0.006,0.000
78.8073,788,0,move,-1,78.8073,78.8189,0,0.000,-0.088,0.176,-0.176,-0.088,0.088,-0.264,-0.088,0.176,0.000,-0.176,0.088,-0.088,0.264,0.000,0.000,0.439,0.176,0.000,0.000,0.000,0.000,0.000,0.000,0.000,0.000,0.000,0.000,0.000,0.000,0.000,0.000,0.000,0.000,0.000,0.000,0.013,3.2,11.30,28.0,0.000,0.000,0.000,0.006,0.000,0.000,0.006,0.000,0.000,0.000,0.000,0.000,0.000,0.013,0.000,0.000,0.006,0.000
78.9073,789,0,move,-1,78.9073,78.9208,0,0.000,-0.088,0.176,-0.176,-0.088,0.088,-0.264,-0.088,0.176,0.000,-0.176,0.088,-0.088,0.264,0.000,0.000,0.439,0.176,0.000,0.000,0.000,0.000,0.000,0.000,0.000,0.000,0.000,0.000,0.000,0.000,0.000,0.000,0.000,0.000,0.000,0.000,0.006,3.2,11.20,32.0,0.000,0.000,0.000,0.000,0.000,0.000,0.006,0.000,0.000,0.000,0.000,0.000,0.000,0.006,0.000,0.000,0.006,0.000
79.0075,790,0,move,-1,79.0075,79.0198,0,0.000,-0.088,0.176,-0.176,-0.088,0.088,-0.264,-0.088,0.176,0.000,-0.176,0.088,-0.088,0.264,0.000,0.000,0.439,0.176,0.000,0.000,0.000,0.000,0.000,0.000,0.000,0.000,0.000,0.000,-0.049,0.036,0.000,0.000,0.000,0.000,0.000,0.000,0.006,3.2,11.20,32.0,0.000,0.000,0.000,0.000,0.000,0.000,0.006,0.000,0.000,0.000,0.000,0.000,0.000,0.006,0.000,0.000,0.006,0.000
79.1073,791,0,move,-1,79.1073,79.1133,0,0.000,-0.088,0.176,-0.176,-0.088,0.088,-0.264,-0.088,0.176,0.000,-0.176,0.088,-0.088,0.264,0.000,0.000,0.439,0.176,0.000,0.000,0.000,0.000,0.000,0.000,0.000,0.000,0.000,0.000,-0.194,0.143,0.000,0.000,0.000,0.000,0.000,0.000,0.006,2.4,11.30,32.0,0.000,0.000,0.006,0.000,0.000,0.000,0.006,0.000,0.000,0.000,0.000,0.000,0.000,0.006,0.000,0.000,0.006,0.000
79.2075,792,0,move,-1,79.2075,79.2197,0,0.000,-0.088,0.176,-0.176,-0.088,0.088,-0.264,-0.088,0.176,0.000,-0.176,0.088,-0.088,0.264,0.000,0.000,0.439,0.176,0.000,0.000,0.000,0.000,0.000,0.000,0.000,0.000,0.000,0.000,-0.435,0.320,0.000,0.000,0.000,0.000,0.000,0.000,0.013,4.8,11.30,31.0,0.000,0.000,0.000,0.006,0.000,0.000,0.000,0.000,0.000,0.000,0.000,0.000,0.000,0.006,0.000,0.000,0.013,0.000
79.3073,793,0,move,-1,79.3073,79.3179,0,0.000,-0.088,0.176,-0.176,-0.088,0.088,-0.264,-0.088,0.176,0.000,-0.176,0.439,-0.088,0.264,0.000,0.000,0.439,0.176,0.000,0.000,0.000,0.000,0.000,0.000,0.000,0.000,0.000,0.000,-0.772,0.568,0.000,0.000,0.000,0.000,0.000,0.000,0.013,4.8,11.30,31.0,0.000,0.000,0.000,0.006,0.000,0.000,0.000,0.000,0.000,0.000,0.000,0.000,0.000,0.006,0.000,0.000,0.013,0.000
79.4075,794,0,move,-1,79.4075,79.4190,0,0.000,-0.088,0.176,-0.176,-0.088,0.088,-0.264,-0.088,0.176,0.000,-0.176,0.439,-0.088,0.264,0.000,0.000,0.439,0.176,0.000,0.000,0.000,0.000,0.000,0.000,0.000,0.000,0.000,0.000,-1.202,0.885,0.000,0.000,0.000,0.000,0.000,0.000,0.013,3.2,11.30,28.0,0.000,0.000,0.006,0.006,0.000,0.000,0.000,0.000,0.000,0.000,0.006,0.000,0.000,0.013,0.000,0.000,0.013,0.000
79.5075,795,0,move,-1,79.5075,79.5179,0,0.000,-0.088,0.176,-0.176,-0.088,0.088,-0.264,-0.088,0.176,0.000,-0.527,0.879,-0.088,0.264,0.000,0.000,0.439,0.176,0.000,0.000,0.000,0.000,0.000,0.000,0.000,0.000,0.000,0.000,-1.725,1.270,0.000,0.000,0.000,0.000,0.000,0.000,0.013,3.2,11.30,28.0,0.000,0.000,0.006,0.006,0.000,0.000,0.000,0.000,0.000,0.000,0.006,0.000,0.000,0.013,0.000,0.000,0.013,0.000
79.6073,796,0,move,-1,79.6073,79.6187,0,0.000,-0.088,0.176,-0.176,-0.088,0.088,-0.264,-0.088,0.176,0.000,-0.967,1.318,-0.088,0.264,0.000,0.000,0.439,0.176,0.000,0.000,0.000,0.000,0.000,0.000,0.000,0.000,0.000,0.000,-2.338,1.720,0.000,0.000,0.000,0.000,0.000,0.000,0.026,9.2,11.30,31.0,0.000,0.000,0.000,0.000,0.000,0.000,0.000,0.000,0.006,0.000,0.026,0.000,0.000,0.006,0.000,0.000,0.006,0.000
79.7075,797,0,move,-1,79.7075,79.7202,0,0.000,-0.088,0.176,-0.176,-0.088,0.088,-0.264,-0.088,0.176,0.000,-1.670,1.582,-0.088,0.264,0.000,0.000,0.439,0.176,0.000,0.000,0.000,0.000,0.000,0.000,0.000,0.000,0.000,0.000,-3.039,2.236,0.000,0.000,0.000,0.000,0.000,0.000,0.019,9.6,11.20,31.0,0.000,0.000,0.000,0.000,0.000,0.000,0.000,0.000,0.000,0.000,0.019,0.006,0.000,0.006,0.000,0.000,0.006,0.000
79.8073,798,0,move,-1,79.8073,79.8147,0,0.000,-0.088,0.176,-0.176,-0.088,0.088,-0.264,-0.088,0.176,0.000,-2.109,1.846,-0.088,0.264,0.000,0.000,0.439,0.176,0.000,0.000,0.000,0.000,0.000,0.000,0.000,0.000,0.000,0.000,-3.825,2.814,0.000,0.000,0.000,0.000,0.000,0.000,0.019,9.6,11.20,31.0,0.000,0.000,0.000,0.000,0.000,0.000,0.000,0.000,0.000,0.000,0.019,0.006,0.000,0.006,0.000,0.000,0.006,0.000
79.9073,799,0,move,-1,79.9073,79.9192,0,0.000,-0.088,0.176,-0.176,-0.088,0.088,-0.264,-0.088,0.176,0.000,-2.988,2.549,-0.088,0.264,0.000,0.000,0.439,0.176,0.000,0.000,0.000,0.000,0.000,0.000,0.000,0.000,0.000,0.000,-4.693,3.452,0.000,0.000,0.000,0.000,0.000,0.000,0.013,9.6,11.20,31.0,0.000,0.000,0.000,0.000,0.000,0.000,0.006,0.000,0.006,0.000,0.013,0.013,0.000,0.013,0.000,0.000,0.006,0.000
80.0078,800,0,move,-1,80.0078,80.0199,0,0.000,-0.088,0.176,-0.176,-0.088,0.088,-0.264,-0.088,0.176,0.000,-3.691,3.164,-0.088,0.264,0.000,0.000,0.439,0.176,0.000,0.000,0.000,0.000,0.000,0.000,0.000,0.000,0.000,0.000,-5.639,4.147,0.000,0.000,0.000,0.000,0.000,0.000,0.026,8.8,11.30,31.0,0.000,0.000,0.000,0.006,0.000,0.000,0.000,0.000,0.000,0.000,0.026,0.000,0.000,0.013,0.000,0.000,0.006,0.000
80.1126,801,0,move,-1,80.1126,80.1455,0,0.000,-0.088,0.176,-0.176,-0.088,0.088,-0.264,-0.088,0.176,0.000,-4.746,3.955,-0.088,0.264,0.000,0.000,0.439,0.176,0.000,0.000,0.000,0.000,0.000,0.000,0.000,0.000,0.000,0.000,-6.661,4.896,0.000,0.000,0.000,0.000,0.000,0.000,0.019,9.2,11.30,31.0,0.000,0.000,0.000,0.000,0.000,0.000,0.000,0.000,0.000,0.000,0.019,0.006,0.000,0.013,0.000,0.000,0.006,0.000
80.2073,802,0,move,-1,80.2073,80.2133,0,0.000,-0.088,0.176,-0.176,-0.088,0.088,-0.264,-0.088,0.176,0.000,-5.273,4.307,-0.088,0.264,0.000,0.000,0.439,0.176,0.000,0.000,0.000,0.000,0.000,0.000,0.000,0.000,0.000,0.000,-7.754,5.698,0.000,0.000,0.000,0.000,0.000,0.000,0.019,9.2,11.30,31.0,0.000,0.000,0.000,0.000,0.000,0.000,0.000,0.000,0.000,0.000,0.019,0.006,0.000,0.013,0.000,0.000,0.006,0.000
80.3073,803,0,move,-1,80.3073,80.3171,0,0.000,-0.088,0.176,-0.176,-0.088,0.088,-0.264,-0.088,0.176,0.000,-6.592,5.449,-0.088,0.264,0.000,0.000,0.439,0.176,0.000,0.000,0.000,0.000,0.000,0.000,0.000,0.000,0.000,0.000,-8.915,6.547,0.000,0.000,0.000,0.000,0.000,0.000,0.013,8.8,11.30,31.0,0.000,,0.006,0.006,0.000,0.000,0.006,0.000,0.000,0.000,0.013,0.006,0.000,0.006,0.000,0.000,0.006,0.000
80.4073,804,0,move,-1,80.4073,80.4185,0,0.000,-0.088,0.176,-0.176,-0.088,0.088,-0.264,-0.088,0.176,0.000,-7.646,6.328,-0.088,0.264,0.000,0.000,0.439,0.176,0.000,0.000,0.000,0.000,0.000,0.000,0.000,0.000,0.000,0.000,-10.139,7.441,0.000,0.000,0.000,0.000,0.000,0.000,0.013,8.8,11.30,31.0,0.000,0.000,0.006,0.000,0.000,0.000,0.006,0.000,0.000,0.000,0.013,0.000,0.000,0.013,0.000,0.000,0.006,0.000
80.5073,805,0,move,-1,80.5073,80.5197,0,0.000,-0.088,0.176,-0.176,-0.088,0.088,-0.264,-0.088,0.176,0.000,-8.789,7.031,-0.088,0.264,0.000,0.000,0.439,0.176,0.000,0.000,0.000,0.000,0.000,0.000,0.000,0.000,0.000,0.000,-11.421,8.375,0.000,0.000,0.000,0.000,0.000,0.000,0.013,8.4,11.20,31.0,0.000,0.000,0.000,0.006,0.000,0.000,0.006,0.000,0.000,0.000,0.013,0.000,0.000,0.013,0.000,0.000,0.006,0.006
80.6073,806,0,move,-1,80.6073,80.6190,0,0.000,-0.088,0.176,-0.176,-0.088,0.088,-0.264,-0.088,0.176,0.000,-9.932,7.998,-0.088,0.264,0.000,0.000,0.439,0.176,0.000,0.000,0.000,0.000,0.000,0.000,0.000,0.000,0.000,0.000,-12.756,9.347,0.000,0.000,0.000,0.000,0.000,0.000,0.013,8.4,11.20,31.0,0.000,0.000,0.000,0.006,0.000,0.000,0.006,0.000,0.000,0.000,0.013,0.000,0.000,0.013,0.000,0.000,0.006,0.006
80.7075,807,0,move,-1,80.7075,80.7194,0,0.000,-0.088,0.176,-0.176,-0.088,0.088,-0.264,-0.088,0.176,0.000,-11.250,8.789,-0.088,0.264,0.000,0.000,0.439,0.176,0.000,0.000,0.000,0.000,0.000,0.000,0.000,0.000,0.000,0.000,-14.141,10.350,0.000,0.000,0.000,0.000,0.000,0.000,0.019,8.8,11.20,31.0,0.000,0.000,0.000,0.006,0.000,0.000,0.006,0.000,0.000,0.000,0.019,0.000,0.000,0.013,0.000,0.000,0.006,0.000
80.8073,808,0,move,-1,80.8073,80.8177,0,0.000,-0.088,0.176,-0.176,-0.088,0.088,-0.264,-0.088,0.176,0.000,-12.568,9.844,-0.088,0.264,0.000,0.000,0.439,0.176,0.000,0.000,0.000,0.000,0.000,0.000,0.000,0.000,0.000,0.000,-15.570,11.382,0.000,0.000,0.000,0.000,0.000,0.000,0.019,8.8,11.20,31.0,0.000,0.000,0.000,0.006,0.000,0.000,0.006,0.000,0.000,0.000,0.019,0.000,0.000,0.013,0.000,0.000,0.006,0.000
80.9075,809,0,move,-1,80.9075,80.9192,0,0.000,-0.088,0.176,-0.176,-0.088,0.088,-0.264,-0.088,0.176,0.000,-13.975,10.811,-0.088,0.264,0.000,0.000,0.439,0.176,0.000,0.000,0.000,0.000,0.000,0.000,0.000,0.000,0.000,0.000,-17.038,12.438,0.000,0.000,0.000,0.000,0.000,0.000,0.013,8.8,11.30,31.0,0.000,0.000,0.006,0.000,0.000,0.000,0.006,0.000,0.000,0.000,0.013,0.000,0.000,0.013,0.000,0.000,0.006,0.000
81.0075,810,0,move,-1,81.0075,81.0207,0,0.000,-0.088,0.176,-0.176,-0.088,0.088,-0.264,-0.088,0.176,0.000,-15.381,11.953,-0.088,0.264,0.000,0.000,0.439,0.176,0.000,0.000,0.000,0.000,0.000,0.000,0.000,0.000,0.000,0.000,-18.539,13.514,0.000,0.000,0.000,0.000,0.000,0.000,0.013,9.2,11.30,31.0,0.000,0.000,0.000,0.000,0.000,0.000,0.006,0.000,0.000,0.000,0.013,0.006,0.006,0.006,0.000,0.000,0.006,0.000
81.1075,811,0,move,-1,81.1075,81.1195,0,0.000,-0.088,0.176,-0.176,-0.088,0.088,-0.264,-0.088,0.176,0.000,-16.787,12.920,-0.088,0.264,0.000,0.000,0.439,0.176,0.000,0.000,0.000,0.000,0.000,0.000,0.000,0.000,0.000,0.000,-20.068,14.603,0.000,0.000,0.000,0.000,0.000,0.000,0.013,9.2,11.30,31.0,0.000,0.000,0.000,0.000,0.000,0.000,0.006,0.000,0.000,0.000,0.013,0.006,0.006,0.006,0.000,0.000,0.006,0.000
81.2073,812,0,move,-1,81.2073,81.2177,0,0.000,-0.088,0.176,-0.176,-0.088,0.088,-0.264,-0.088,0.176,0.000,-18.105,13.975,-0.088,0.264,0.000,0.000,0.439,0.176,0.000,0.000,0.000,0.000,0.000,0.000,0.000,0.000,0.000,0.000,-21.620,15.703,0.000,0.000,0.000,0.000,0.000,0.000,0.013,9.2,11.20,31.0,0.000,0.000,0.006,0.006,0.000,0.000,0.006,0.000,0.006,0.000,0.013,0.000,0.000,0.006,0.000,0.000,0.013,0.006
81.3075,813,0,move,-1,81.3075,81.3169,0,0.000,-0.088,0.176,-0.176,-0.088,0.088,-0.264,-0.088,0.176,0.000,-19.688,15.117,-0.088,0.264,0.000,0.000,0.439,0.176,0.000,0.000,0.000,0.000,0.000,0.000,0.000,0.000,0.000,0.000,-23.189,16.807,0.000,0.000,0.000,0.000,0.000,0.000,0.013,9.2,11.20,31.0,0.000,0.000,0.006,0.006,0.000,0.000,0.006,0.000,0.006,0.000,0.013,0.000,0.000,0.006,0.000,0.000,0.013,0.006
81.4075,814,0,move,-1,81.4075,81.4185,0,0.000,-0.088,0.176,-0.176,-0.088,0.088,-0.264,-0.088,0.176,0.000,-21.182,16.260,-0.088,0.264,0.000,0.000,0.439,0.176,0.000,0.000,0.000,0.000,0.000,0.000,0.000,0.000,0.000,0.000,-24.769,17.912,0.000,0.000,0.000,0.000,0.000,0.000,0.019,10.8,11.20,31.0,0.000,0.000,0.000,0.006,0.000,0.000,0.006,0.000,0.000,0.000,0.019,0.013,0.000,0.006,0.000,0.000,0.006,0.006
81.5126,815,0,move,-1,81.5126,81.5330,0,0.000,-0.088,0.176,-0.176,-0.088,0.088,-0.264,-0.088,0.176,0.000,-23.027,17.402,-0.088,0.264,0.000,0.000,0.439,0.176,0.000,0.000,0.000,0.000,0.000,0.000,0.000,0.000,0.000,0.000,-26.354,19.012,0.000,0.000,0.000,0.000,0.000,0.000,0.019,10.0,11.30,31.0,0.000,0.000,0.000,0.000,0.000,0.000,0.006,0.000,0.000,0.000,0.019,0.013,0.000,0.006,0.000,0.000,0.006,0.000
81.6078,816,0,move,-1,81.6078,81.6190,0,0.000,-0.088,0.176,-0.176,-0.088,0.088,-0.264,-0.088,0.176,0.000,-24.258,18.281,-0.088,0.264,0.000,0.000,0.439,0.176,0.000,0.000,0.000,0.000,0.000,0.000,0.000,0.000,0.000,0.000,-27.940,20.103,0.000,0.000,0.000,0.000,0.000,0.000,0.019,10.0,11.30,31.0,0.000,0.000,0.000,0.000,0.000,0.000,0.006,0.000,0.000,0.000,0.019,0.013,0.000,0.006,0.000,0.000,0.006,0.000
81.7075,817,0,move,-1,81.7075,81.7191,0,0.000,-0.088,0.176,-0.176,-0.088,0.088,-0.264,-0.088,0.176,0.000,-25.840,19.512,-0.088,0.264,0.000,0.000,0.439,0.176,0.000,0.000,0.000,0.000,0.000,0.000,0.000,0.000,0.000,0.000,-29.519,21.181,0.000,0.000,0.000,0.000,0.000,0.000,0.019,9.6,11.30,31.0,0.000,0.000,0.000,0.006,0.000,0.000,0.000,0.000,0.000,0.000,0.019,0.000,0.000,0.013,0.000,0.000,0.006,0.006
81.8088,818,0,move,-1,81.8088,81.8444,0,0.000,-0.088,0.176,-0.176,-0.088,0.088,-0.264,-0.088,0.176,0.000,-27.510,20.654,-0.088,0.264,0.000,0.000,0.439,0.176,0.000,0.000,0.000,0.000,0.000,0.000,0.000,0.000,0.000,0.000,-31.087,22.240,0.000,0.000,0.000,0.000,0.000,0.000,0.019,10.0,11.20,31.0,0.000,0.000,0.006,0.006,0.000,0.000,0.006,0.000,0.000,0.000,0.019,0.006,0.000,0.006,0.000,0.000,0.006,0.006
81.9075,819,0,move,-1,81.9075,81.9206,0,0.000,-0.088,0.176,-0.176,-0.088,0.088,-0.264,-0.088,0.176,0.000,-29.004,21.709,-0.088,0.264,0.000,0.000,0.439,0.176,0.000,0.000,0.000,0.000,0.000,0.000,0.000,0.000,0.000,0.000,-32.637,23.276,0.000,0.000,0.000,0.000,0.000,0.000,0.019,10.0,11.20,31.0,0.000,0.000,0.006,0.006,0.000,0.000,0.006,0.000,0.000,0.000,0.019,0.006,0.000,0.006,0.000,0.000,0.006,0.006
82.0075,820,0,move,-1,82.0075,82.0198,0,0.000,-0.088,0.176,-0.176,-0.088,0.088,-0.264,-0.088,0.176,0.000,-30.498,22.676,-0.088,0.264,0.000,0.000,0.439,0.176,0.000,0.000,0.000,0.000,0.000,0.000,0.000,0.000,0.000,0.000,-34.162,24.285,0.000,0.000,0.000,0.000,0.000,0.000,0.013,10.0,11.20,31.0,0.000,0.000,0.000,0.006,0.000,0.000,0.006,0.000,0.000,0.000,0.013,0.000,0.000,0.006,0.000,0.000,0.006,0.000
82.1073,821,0,move,-1,82.1073,82.1309,0,0.000,-0.088,0.176,-0.176,-0.088,0.088,-0.264,-0.088,0.176,0.000,-32.168,23.730,-0.088,0.264,0.000,0.000,0.439,0.176,0.000,0.000,0.000,0.000,0.000,0.000,0.000,0.000,0.000,0.000,-35.658,25.263,0.000,0.000,0.000,0.000,0.000,0.000,0.013,9.6,11.20,31.0,0.000,0.000,0.000,0.000,0.000,0.000,0.006,0.000,0.000,0.000,0.013,0.013,0.000,0.013,0.000,0.000,0.006,0.000
82.2075,822,0,move,-1,82.2075,82.2480,0,0.000,-0.088,0.176,-0.176,-0.088,0.088,-0.264,-0.088,0.176,0.000,-34.102,24.961,-0.088,0.264,0.000,0.000,0.439,0.176,0.000,0.000,0.000,0.000,0.000,0.000,0.000,0.000,0.000,0.000,-37.119,26.207,0.000,0.000,0.000,0.000,0.000,0.000,0.013,3.2,11.30,28.0,0.000,0.000,0.000,0.000,0.000,0.000,0.000,0.000,0.006,0.000,0.006,0.000,0.000,0.013,0.000,0.000,0.006,0.000
82.3075,823,0,move,-1,82.3075,82.3193,0,0.000,-0.088,0.176,-0.176,-0.088,0.088,-0.264,-0.088,0.176,0.000,-35.156,25.400,-0.088,0.264,0.000,0.000,0.439,0.176,0.000,0.000,0.000,0.000,0.000,0.000,0.000,0.000,0.000,0.000,-38.538,27.112,0.000,0.000,0.000,0.000,0.000,0.000,0.013,3.2,11.30,28.0,0.000,0.000,0.000,0.000,0.000,0.000,0.000,0.000,0.006,0.000,0.006,0.000,0.000,0.013,0.000,0.000,0.006,0.000
82.4074,824,0,move,-1,82.4074,82.4171,0,0.000,-0.088,0.176,-0.176,-0.088,0.088,-0.264,-0.088,0.176,0.000,-36.650,26.631,-0.088,0.264,0.000,0.000,0.439,0.176,0.000,0.000,0.000,0.000,0.000,0.000,0.000,0.000,0.000,0.000,-39.910,27.976,0.000,0.000,0.000,0.000,0.000,0.000,0.013,9.6,11.30,31.0,0.000,0.000,0.006,0.000,0.000,0.000,0.000,0.000,0.000,0.000,0.013,0.006,0.000,0.013,0.000,0.000,0.006,0.006
82.5074,825,0,move,-1,82.5074,82.5197,0,0.000,-0.088,0.176,-0.176,-0.088,0.088,-0.264,-0.088,0.176,0.000,-38.145,27.598,-0.088,0.264,0.000,0.000,0.439,0.176,0.000,0.000,0.000,0.000,0.000,0.000,0.000,0.000,0.000,0.000,-41.228,28.795,0.000,0.000,0.000,0.000,0.000,0.000,0.013,9.2,11.30,31.0,0.000,0.000,0.006,0.000,0.000,0.000,0.000,0.000,0.006,0.000,0.013,0.006,0.000,0.013,0.000,0.000,0.013,0.000
82.6075,826,0,move,-1,82.6075,82.6188,0,0.000,-0.088,0.176,-0.176,-0.088,0.088,-0.264,-0.088,0.176,0.000,-39.639,28.389,-0.088,0.264,0.000,0.000,0.439,0.176,0.000,0.000,0.000,0.000,0.000,0.000,0.000,0.000,0.000,0.000,-42.487,29.567,0.000,0.000,0.000,0.000,0.000,0.000,0.013,9.2,11.30,31.0,0.000,0.000,0.006,0.000,0.000,0.000,0.000,0.000,0.006,0.000,0.013,0.006,0.000,0.013,0.000,0.000,0.013,0.000
82.7076,827,0,move,-1,82.7076,82.7192,0,0.000,-0.088,0.176,-0.176,-0.088,0.088,-0.264,-0.088,0.176,0.000,-41.045,29.268,-0.088,0.264,0.000,0.000,0.439,0.176,0.000,0.000,0.000,0.000,0.000,0.000,0.000,0.000,0.000,0.000,-43.680,30.289,0.000,0.000,0.000,0.000,0.000,0.000,0.006,3.2,11.30,32.0,0.000,0.000,0.000,0.000,0.000,0.000,0.006,0.000,0.000,0.000,0.006,0.006,0.000,0.006,0.000,0.000,0.006,0.000
82.8075,828,0,move,-1,82.8075,82.8184,0,0.000,-0.088,0.176,-0.176,-0.088,0.088,-0.264,-0.088,0.176,0.000,-42.275,29.971,-0.088,0.264,0.000,0.000,0.439,0.176,0.000,0.000,0.000,0.000,0.000,0.000,0.000,0.000,0.000,0.000,-44.803,30.959,0.000,0.000,0.000,0.000,0.000,0.000,0.006,3.2,11.30,32.0,0.000,0.000,0.000,0.000,0.000,0.000,0.006,0.000,0.000,0.000,0.006,0.006,0.000,0.006,0.000,0.000,0.006,0.000
82.9073,829,0,move,-1,82.9073,82.9193,0,0.000,-0.088,0.176,-0.176,-0.088,0.088,-0.264,-0.088,0.176,0.000,-43.506,30.674,-0.088,0.264,0.000,0.000,0.439,0.176,0.000,0.000,0.000,0.000,0.000,0.000,0.000,0.000,0.000,0.000,-45.851,31.576,0.000,0.000,0.000,0.000,0.000,0.000,0.013,8.8,11.30,31.0,0.000,0.000,0.000,0.006,0.000,0.000,0.006,0.000,0.000,0.000,0.013,0.006,0.000,0.006,0.000,0.000,0.013,0.000
83.0075,830,0,move,-1,83.0075,83.0189,0,0.000,-0.088,0.176,-0.176,-0.088,0.088,-0.264,-0.088,0.176,0.000,-44.736,31.289,-0.088,0.264,0.000,0.000,0.439,0.176,0.000,0.000,0.000,0.000,0.000,0.000,0.000,0.000,0.000,0.000,-46.816,32.136,0.000,0.000,0.000,0.000,0.000,0.000,0.013,8.8,11.30,31.0,0.000,0.000,0.000,0.006,0.000,0.000,0.006,0.000,0.000,0.000,0.013,0.006,0.000,0.006,0.000,0.000,0.013,0.000
83.1073,831,0,move,-1,83.1073,83.1197,0,0.000,-0.088,0.176,-0.176,-0.088,0.088,-0.264,-0.088,0.176,0.000,-45.879,31.904,-0.088,0.264,0.000,0.000,0.439,0.176,0.000,0.000,0.000,0.000,0.000,0.000,0.000,0.000,0.000,0.000,-47.696,32.641,0.000,0.000,0.000,0.000,0.000,0.000,0.013,8.4,11.30,31.0,0.000,0.000,0.000,0.000,0.000,0.000,0.006,0.000,0.000,0.000,0.013,0.000,0.000,0.006,0.000,0.000,0.006,0.000
83.2073,832,0,move,-1,83.2073,83.2156,0,0.000,-0.088,0.176,-0.176,-0.088,0.088,-0.264,-0.088,0.176,0.000,-46.582,32.432,-0.088,0.264,0.000,0.000,0.439,0.176,0.000,0.000,0.000,0.000,0.000,0.000,0.000,0.000,0.000,0.000,-48.483,33.087,0.000,0.000,0.000,0.000,0.000,0.000,0.013,8.4,11.30,31.0,0.000,0.000,0.000,0.000,0.000,0.000,0.006,0.000,0.000,0.000,0.013,0.000,0.000,0.006,0.000,0.000,0.006,0.000
83.3081,833,0,move,-1,83.3081,83.3204,0,0.000,-0.088,0.176,-0.176,-0.088,0.088,-0.264,-0.088,0.176,0.000,-47.725,33.047,-0.088,0.264,0.000,0.000,0.439,0.176,0.000,0.000,0.000,0.000,0.000,0.000,0.000,0.000,0.000,0.000,-49.176,33.476,0.000,0.000,0.000,0.000,0.000,0.000,0.013,3.2,11.30,28.0,0.000,0.000,0.000,0.000,0.000,0.000,0.006,0.000,0.000,0.000,0.006,0.006,0.000,0.013,0.000,0.000,0.006,0.000
83.4075,834,0,move,-1,83.4075,83.4207,0,0.000,-0.088,0.176,-0.176,-0.088,0.088,-0.264,-0.088,0.176,0.000,-48.516,33.398,-0.088,0.264,0.000,0.000,0.439,0.176,0.000,0.000,0.000,0.000,0.000,0.000,0.000,0.000,0.000,0.000,-49.769,33.806,0.000,0.000,0.000,0.000,0.000,0.000,0.013,7.2,11.20,31.0,0.000,0.000,0.000,0.006,0.000,0.000,0.000,0.000,0.000,0.000,0.013,0.006,0.000,0.006,0.000,0.000,0.006,0.006
83.5083,835,0,move,-1,83.5083,83.5304,0,0.000,-0.088,0.176,-0.176,-0.088,0.088,-0.264,-0.088,0.176,0.000,-49.219,33.926,-0.088,0.264,0.000,0.000,0.439,0.176,0.000,0.000,0.000,0.000,0.000,0.000,0.000,0.000,0.000,0.000,-50.260,34.076,0.000,0.000,0.000,0.000,0.000,0.000,0.019,7.2,11.30,31.0,0.000,0.000,0.000,0.006,0.000,0.000,0.006,0.000,0.000,0.000,0.019,0.000,0.000,0.013,0.000,0.000,0.006,0.000
83.6073,836,0,move,-1,83.6073,83.6230,0,0.000,-0.088,0.176,-0.176,-0.088,0.088,-0.264,-0.088,0.176,0.000,-49.746,33.926,-0.088,0.264,0.000,0.000,0.439,0.176,0.000,0.000,0.000,0.000,0.000,0.000,0.000,0.000,0.000,0.000,-50.644,34.286,0.000,0.000,0.000,0.000,0.000,0.000,0.019,7.2,11.30,31.0,0.000,0.000,0.000,0.006,0.000,0.000,0.006,0.000,0.000,0.000,0.019,0.000,0.000,0.013,0.000,0.000,0.006,0.000
83.7075,837,0,move,-1,83.7075,83.7187,0,0.000,-0.088,0.176,-0.176,-0.088,0.088,-0.264,-0.088,0.176,0.000,-50.098,34.365,-0.088,0.264,0.000,0.000,0.439,0.176,0.000,0.000,0.000,0.000,0.000,0.000,0.000,0.000,0.000,0.000,-50.920,34.437,0.000,0.000,0.000,0.000,0.000,0.000,0.013,3.2,11.30,28.0,0.000,0.000,0.000,0.000,0.000,0.000,0.006,0.000,0.000,0.000,0.006,0.006,0.000,0.013,0.000,0.000,0.006,0.000
83.8126,838,0,move,-1,83.8126,83.8384,0,0.000,-0.088,0.176,-0.176,-0.088,0.088,-0.264,-0.088,0.176,0.000,-50.449,34.365,-0.088,0.264,0.000,0.000,0.439,0.176,0.000,0.000,0.000,0.000,0.000,0.000,0.000,0.000,0.000,0.000,-51.087,34.527,0.000,0.000,0.000,0.000,0.000,0.000,0.013,6.0,11.30,31.0,0.000,0.000,0.000,0.000,0.000,0.000,0.000,0.000,0.000,0.000,0.013,0.000,0.000,0.013,0.000,0.000,0.006,0.000
83.9075,839,0,move,-1,83.9075,83.9183,0,0.000,-0.088,0.176,-0.176,-0.088,0.088,-0.264,-0.088,0.176,0.000,-50.625,34.541,-0.088,0.264,0.000,0.000,0.439,0.176,0.000,0.000,0.000,0.000,0.000,0.000,0.000,0.000,0.000,0.000,-51.143,34.557,0.000,0.000,0.000,0.000,0.000,0.000,0.013,6.0,11.30,31.0,0.000,0.000,0.000,0.000,0.000,0.000,0.000,0.000,0.000,0.000,0.013,0.000,0.000,0.013,0.000,0.000,0.006,0.000
84.0075,840,0,move,-1,84.0075,84.0197,0,0.000,-0.088,0.176,-0.176,-0.088,0.088,-0.264,-0.088,0.176,0.000,-50.801,34.541,-0.088,0.264,0.000,0.000,0.439,0.176,0.000,0.000,0.000,0.000,0.000,0.000,0.000,0.000,0.000,0.000,-51.143,34.557,0.000,0.000,0.000,0.000,0.000,0.000,0.013,6.0,11.20,31.0,0.000,0.000,0.000,0.006,0.000,0.000,0.006,0.000,0.000,0.000,0.013,0.000,0.000,0.013,0.000,0.000,0.006,0.000
84.1073,841,0,move,-1,84.1073,84.1190,0,0.000,-0.088,0.176,-0.176,-0.088,0.088,-0.264,-0.088,0.176,0.088,-50.801,34.541,-0.088,0.264,0.000,0.000,0.439,0.176,0.000,0.000,0.000,0.000,0.000,0.000,0.000,0.000,0.000,0.000,-51.143,34.557,0.000,0.000,0.000,0.000,0.000,0.000,0.013,6.0,11.20,31.0,0.000,0.000,0.000,0.006,0.000,0.000,0.006,0.000,0.000,0.000,0.013,0.000,0.000,0.013,0.000,0.000,0.006,0.000
84.2076,842,0,move,-1,84.2076,84.2197,0,0.000,-0.088,0.176,-0.176,-0.088,0.088,-0.264,-0.088,0.176,0.088,-50.801,34.541,-0.088,0.264,0.000,0.000,0.439,0.176,0.000,0.000,0.000,0.000,0.000,0.000,0.000,0.000,0.000,0.000,-51.143,34.557,0.000,0.000,0.000,0.000,0.000,0.000,0.013,3.2,11.30,29.0,0.000,,0.000,0.000,0.000,0.000,0.006,0.000,0.000,0.000,0.006,0.000,0.000,0.013,0.000,0.000,0.006,0.006
84.3073,843,0,move,-1,84.3073,84.3182,0,0.000,-0.088,0.176,-0.176,-0.088,0.088,-0.264,-0.088,0.176,0.088,-50.801,34.541,-0.088,0.264,0.000,0.000,0.439,0.176,0.000,0.000,0.000,0.000,0.000,0.000,0.000,0.000,0.000,0.000,-51.143,34.557,0.000,0.000,0.000,0.000,0.000,0.000,0.013,3.2,11.30,29.0,0.000,,0.000,0.000,0.000,0.000,0.006,0.000,0.000,0.000,0.006,0.000,0.000,0.013,0.000,0.000,0.006,0.006
84.4073,844,0,move,-1,84.4073,84.4189,0,0.000,-0.088,0.176,-0.176,-0.088,0.088,-0.264,-0.088,0.176,0.088,-50.801,34.541,-0.088,0.264,0.000,0.000,0.439,0.176,0.000,0.000,0.000,0.000,0.000,0.000,0.000,0.000,0.000,0.000,-51.143,34.557,0.000,0.000,0.000,0.000,0.000,0.000,0.013,3.2,11.30,28.0,0.000,0.000,0.000,0.000,0.000,0.000,0.006,0.000,0.000,0.000,0.006,0.000,0.000,0.013,0.000,0.000,0.006,0.000
84.5079,845,0,move,-1,84.5079,84.5308,0,0.000,-0.088,0.176,-0.176,-0.088,0.088,-0.264,-0.088,0.176,0.088,-50.801,34.541,-0.088,0.264,0.000,0.000,0.439,0.176,0.000,0.000,0.000,0.000,0.000,0.000,0.000,0.000,0.000,0.000,-51.143,34.557,0.000,0.000,0.000,0.000,0.000,0.000,0.013,3.2,11.30,28.0,0.000,0.000,0.000,0.000,0.000,0.000,0.000,0.000,0.000,0.000,0.006,0.000,0.000,0.013,0.000,0.000,0.006,0.000
84.6073,846,0,move,-1,84.6073,84.6134,0,0.000,-0.088,0.176,-0.176,-0.088,0.088,-0.264,-0.088,0.176,0.088,-50.801,34.541,-0.088,0.264,0.000,0.000,0.439,0.176,0.000,0.000,0.000,0.000,0.000,0.000,0.000,0.000,0.000,0.000,-51.143,34.557,0.000,0.000,0.000,0.000,0.000,0.000,0.013,3.2,11.30,28.0,0.000,0.000,0.000,0.000,0.000,0.000,0.000,0.000,0.000,0.000,0.006,0.000,0.000,0.013,0.000,0.000,0.006,0.000
84.7073,847,0,move,-1,84.7073,84.7195,0,0.000,-0.088,0.176,-0.176,-0.088,0.088,-0.264,-0.088,0.176,0.088,-50.801,34.541,-0.088,0.264,0.000,0.000,0.439,0.176,0.000,0.000,0.000,0.000,0.000,0.000,0.000,0.000,0.000,0.000,-51.143,34.557,0.000,0.000,0.000,0.000,0.000,0.000,0.013,4.8,11.30,31.0,0.000,0.000,0.000,0.006,0.000,0.000,0.006,0.000,0.000,0.000,0.006,0.000,0.000,0.006,0.000,0.000,0.013,0.000
84.8074,848,0,move,-1,84.8074,84.8188,0,0.000,-0.088,0.176,-0.176,-0.088,0.088,-0.264,-0.088,0.176,0.088,-50.801,34.541,-0.088,0.264,0.000,0.000,0.439,0.176,0.000,0.000,0.000,0.000,0.000,0.000,0.000,0.000,0.000,0.000,-51.143,34.557,0.000,0.000,0.000,0.000,0.000,0.000,0.013,4.8,11.30,31.0,0.000,0.000,0.000,0.006,0.000,0.000,0.006,0.000,0.000,0.000,0.006,0.000,0.000,0.006,0.000,0.000,0.013,0.000
84.9074,849,0,move,-1,84.9074,84.9190,0,0.000,-0.088,0.176,-0.176,-0.088,0.088,-0.264,-0.088,0.176,0.088,-50.801,34.541,-0.088,0.264,0.000,0.000,0.439,0.176,0.000,0.000,0.000,0.000,0.000,0.000,0.000,0.000,0.000,0.000,-51.143,34.557,0.000,0.000,0.000,0.000,0.000,0.000,0.013,3.2,11.30,28.0,0.000,0.000,0.006,0.000,0.000,0.000,0.006,0.000,0.006,0.000,0.006,0.000,0.000,0.013,0.000,0.000,0.006,0.000
85.0073,850,0,move,-1,85.0073,85.0277,0,0.000,-0.088,0.176,-0.176,-0.088,0.088,-0.264,-0.088,0.176,0.088,-50.801,34.541,-0.088,0.264,0.000,0.000,0.439,0.176,0.000,0.000,0.000,0.000,0.000,0.000,0.000,0.000,0.000,0.000,-51.143,34.557,0.000,0.000,0.000,0.000,0.000,0.000,0.013,3.2,11.30,28.0,0.000,0.000,0.000,0.000,0.000,0.000,0.006,0.000,0.000,0.000,0.006,0.000,0.000,0.013,0.000,0.000,0.006,0.000
85.1075,851,0,move,-1,85.1075,85.1183,0,0.000,-0.088,0.176,-0.176,-0.088,0.088,-0.264,-0.088,0.176,0.088,-50.801,34.541,-0.088,0.264,0.000,0.000,0.439,0.176,0.000,0.000,0.000,0.000,0.000,0.000,0.000,0.000,0.000,0.000,-51.143,34.557,0.000,0.000,0.000,0.000,0.000,0.000,0.013,3.2,11.30,28.0,0.000,0.000,0.000,0.000,0.000,0.000,0.006,0.000,0.000,0.000,0.006,0.000,0.000,0.013,0.000,0.000,0.006,0.000
85.2073,852,0,move,-1,85.2073,85.2218,0,0.000,-0.088,0.176,-0.176,-0.088,0.088,-0.264,-0.088,0.176,0.088,-50.801,34.541,-0.088,0.264,0.000,0.000,0.439,0.176,0.000,0.000,0.000,0.000,0.000,0.000,0.000,0.000,0.000,0.000,-51.143,34.557,0.000,0.000,0.000,0.000,0.000,0.000,0.006,2.4,11.30,32.0,0.000,0.000,0.000,0.000,0.000,0.000,0.000,0.000,0.006,0.000,0.006,0.000,0.006,0.006,0.000,0.000,0.006,0.000
85.3075,853,0,move,-1,85.3075,85.3202,0,0.000,-0.088,0.176,-0.176,-0.088,0.088,-0.264,-0.088,0.176,0.088,-50.801,34.541,-0.088,0.264,0.000,0.000,0.439,0.176,0.000,0.000,0.000,0.000,0.000,0.000,0.000,0.000,0.000,0.000,-51.143,34.557,0.000,0.000,0.000,0.000,0.000,0.000,0.006,2.4,11.30,32.0,0.000,0.000,0.000,0.000,0.000,0.000,0.000,0.000,0.006,0.000,0.006,0.000,0.006,0.006,0.000,0.000,0.006,0.000
85.4075,854,0,move,-1,85.4075,85.4207,0,0.000,-0.088,0.176,-0.176,-0.088,0.088,-0.264,-0.088,0.176,0.088,-50.801,34.541,-0.088,0.264,0.000,0.000,0.439,0.176,0.000,0.000,0.000,0.000,0.000,0.000,0.000,0.000,0.000,0.000,-51.143,34.557,0.000,0.000,0.000,0.000,0.000,0.000,0.013,4.8,11.30,31.0,0.000,0.000,0.000,0.006,0.000,0.000,0.006,0.000,0.000,0.000,0.006,0.000,0.000,0.006,0.000,0.000,0.013,0.000
85.5097,855,0,move,-1,85.5097,85.5164,0,0.000,-0.088,0.176,-0.176,-0.088,0.088,-0.264,-0.088,0.176,0.088,-50.801,34.541,-0.088,0.264,0.000,0.000,0.439,0.176,0.000,0.000,0.000,0.000,0.000,0.000,0.000,0.000,0.000,0.000,-51.143,34.557,0.000,0.000,0.000,0.000,0.000,0.000,0.013,4.8,11.30,31.0,0.000,0.000,0.000,0.006,0.000,0.000,0.006,0.000,0.000,0.000,0.006,0.000,0.000,0.006,0.000,0.000,0.013,0.000
85.6074,856,0,move,-1,85.6074,85.6387,0,0.000,-0.088,0.176,-0.176,-0.088,0.088,-0.264,-0.088,0.176,0.088,-50.801,34.541,-0.088,0.264,0.000,0.000,0.439,0.176,0.000,0.000,0.000,0.000,0.000,0.000,0.000,0.000,0.000,0.000,-51.143,34.557,0.000,0.000,0.000,0.000,0.000,0.000,0.013,3.2,11.30,28.0,0.000,0.000,0.000,0.000,0.000,0.000,0.000,0.000,0.000,0.000,0.006,0.000,0.000,0.013,0.000,0.000,0.006,0.000
85.7073,857,0,move,-1,85.7073,85.7382,0,0.000,-0.088,0.176,-0.176,-0.088,0.088,-0.264,-0.088,0.176,0.088,-50.801,34.541,-0.088,0.264,0.000,0.000,0.439,0.176,0.000,0.000,0.000,0.000,0.000,0.000,0.000,0.000,0.000,0.000,-51.143,34.557,0.000,0.000,0.000,0.000,0.000,0.000,0.013,3.2,11.30,28.0,0.000,0.000,0.000,0.000,0.000,0.000,0.000,0.000,0.000,0.000,0.006,0.000,0.000,0.013,0.000,0.000,0.006,0.000
85.8075,858,0,move,-1,85.8075,85.8199,0,0.000,-0.088,0.176,-0.176,-0.088,0.088,-0.264,-0.088,0.176,0.088,-50.801,34.541,-0.088,0.264,0.000,0.000,0.439,0.176,0.000,0.000,0.000,0.000,0.000,0.000,0.000,0.000,0.000,0.000,-51.143,34.557,0.000,0.000,0.000,0.000,0.000,0.000,0.013,3.2,11.30,28.0,0.000,0.000,0.000,0.000,0.000,0.000,0.006,0.000,0.000,0.000,0.006,0.000,0.000,0.013,0.000,0.000,0.006,0.006
85.9073,859,0,move,-1,85.9073,85.9181,0,0.000,-0.088,0.176,-0.176,-0.088,0.088,-0.264,-0.088,0.176,0.088,-50.801,34.541,-0.088,0.264,0.000,0.000,0.439,0.176,0.000,0.000,0.000,0.000,0.000,0.000,0.000,0.000,0.000,0.000,-51.143,34.557,0.000,0.000,0.000,0.000,0.000,0.000,0.013,3.2,11.30,28.0,0.000,0.000,0.000,0.000,0.000,0.000,0.006,0.000,0.000,0.000,0.006,0.000,0.000,0.013,0.000,0.000,0.006,0.006
86.0073,860,0,move,-1,86.0073,86.0172,0,0.000,-0.088,0.176,-0.176,-0.088,0.088,-0.264,-0.088,0.176,0.088,-50.801,34.541,-0.088,0.264,0.000,0.000,0.439,0.176,0.000,0.000,0.000,0.000,0.000,0.000,0.000,0.000,0.000,0.000,-51.143,34.557,0.000,0.000,0.000,0.000,0.000,0.000,0.013,3.2,11.30,28.0,0.000,0.000,0.000,0.000,0.000,0.000,0.006,0.000,0.000,0.000,0.006,0.000,0.000,0.013,0.000,0.000,0.013,0.006
86.1073,861,0,move,-1,86.1073,86.1192,0,0.000,-0.088,0.176,-0.176,-0.088,0.088,-0.264,-0.088,0.176,0.088,-50.801,34.541,-0.088,0.264,0.000,0.000,0.439,0.176,0.000,0.000,0.000,0.000,0.000,0.000,0.000,0.000,0.000,0.000,-51.143,34.557,0.000,0.000,0.000,0.000,0.000,0.000,0.006,2.4,11.30,32.0,0.000,0.000,0.000,0.006,0.000,0.000,0.000,0.000,0.000,0.000,0.006,0.000,0.000,0.006,0.000,0.000,0.006,0.000
86.2074,862,0,move,-1,86.2074,86.2186,0,0.000,-0.088,0.176,-0.176,-0.088,0.088,-0.264,-0.088,0.176,0.088,-50.801,34.541,-0.088,0.264,0.000,0.000,0.439,0.176,0.000,0.000,0.000,0.000,0.000,0.000,0.000,0.000,0.000,0.000,-51.143,34.557,0.000,0.000,0.000,0.000,0.000,0.000,0.006,2.4,11.30,32.0,0.000,0.000,0.000,0.006,0.000,0.000,0.000,0.000,0.000,0.000,0.006,0.000,0.000,0.006,0.000,0.000,0.006,0.000
86.3073,863,0,move,-1,86.3073,86.3178,0,0.000,-0.088,0.176,-0.176,-0.088,0.088,-0.264,-0.088,0.176,0.088,-50.801,34.541,-0.088,0.264,0.000,0.000,0.439,0.176,0.000,0.000,0.000,0.000,0.000,0.000,0.000,0.000,0.000,0.000,-51.143,34.557,0.000,0.000,0.000,0.000,0.000,0.000,0.013,4.8,11.30,31.0,0.000,0.000,0.006,0.000,0.000,0.000,0.006,0.000,0.000,0.000,0.006,0.000,0.000,0.006,0.000,0.000,0.013,0.000
86.4075,864,0,move,-1,86.4075,86.4190,0,0.000,-0.088,0.176,-0.176,-0.088,0.088,-0.264,-0.088,0.176,0.088,-50.801,34.541,-0.088,0.264,0.000,0.000,0.439,0.176,0.000,0.000,0.000,0.000,0.000,0.000,0.000,0.000,0.000,0.000,-51.143,34.557,0.000,0.000,0.000,0.000,0.000,0.000,0.013,3.2,11.30,28.0,0.000,0.000,0.000,0.000,0.000,0.000,0.000,0.000,0.000,0.000,0.006,0.000,0.000,0.013,0.000,0.000,0.013,0.000
86.5074,865,0,move,-1,86.5074,86.5180,0,0.000,-0.088,0.176,-0.176,-0.088,0.088,-0.264,-0.088,0.176,0.088,-50.801,34.541,-0.088,0.264,0.000,0.000,0.439,0.176,0.000,0.000,0.000,0.000,0.000,0.000,0.000,0.000,0.000,0.000,-51.143,34.557,0.000,0.000,0.000,0.000,0.000,0.000,0.013,3.2,11.30,28.0,0.000,0.000,0.000,0.000,0.000,0.000,0.000,0.000,0.000,0.000,0.006,0.000,0.000,0.013,0.000,0.000,0.013,0.000
86.6074,866,0,move,-1,86.6074,86.6202,0,0.000,-0.088,0.176,-0.176,-0.088,0.088,-0.264,-0.088,0.176,0.088,-50.801,34.541,-0.088,0.264,0.000,0.000,0.439,0.176,0.000,0.000,0.000,0.000,0.000,0.000,0.000,0.000,0.000,0.000,-51.143,34.557,0.000,0.000,0.000,0.000,0.000,0.000,0.013,3.2,11.30,28.0,0.000,0.000,0.006,0.006,0.000,0.000,0.000,0.000,0.000,0.000,0.006,0.000,0.000,0.013,0.000,0.000,0.006,0.006
86.7075,867,0,move,-1,86.7075,86.7213,0,0.000,-0.088,0.176,-0.176,-0.088,0.088,-0.264,-0.088,0.176,0.088,-50.801,34.541,-0.088,0.264,0.000,0.000,0.439,0.176,0.000,0.000,0.000,0.000,0.000,0.000,0.000,0.000,0.000,0.000,-51.143,34.557,0.000,0.000,0.000,0.000,0.000,0.000,0.013,3.2,11.30,28.0,0.000,0.000,0.000,0.000,0.000,0.000,0.000,0.000,0.000,0.000,0.006,0.000,0.000,0.013,0.000,0.000,0.006,0.000
86.8075,868,0,move,-1,86.8075,86.8229,0,0.000,-0.088,0.176,-0.176,-0.088,0.088,-0.264,-0.088,0.176,0.088,-50.801,34.541,-0.088,0.264,0.000,0.000,0.439,0.176,0.000,0.000,0.000,0.000,0.000,0.000,0.000,0.000,0.000,0.000,-51.143,34.557,0.000,0.000,0.000,0.000,0.000,0.000,0.013,3.2,11.30,28.0,0.000,0.000,0.000,0.000,0.000,0.000,0.000,0.000,0.000,0.000,0.006,0.000,0.000,0.013,0.000,0.000,0.006,0.000
86.9075,869,0,move,-1,86.9075,86.9189,0,0.000,-0.088,0.176,-0.176,-0.088,0.088,-0.264,-0.088,0.176,0.088,-50.801,34.541,-0.088,0.264,0.000,0.000,0.439,0.176,0.000,0.000,0.000,0.000,0.000,0.000,0.000,0.000,0.000,0.000,-51.143,34.557,0.000,0.000,0.000,0.000,0.000,0.000,0.013,3.2,11.30,28.0,0.000,0.000,0.000,0.000,0.000,0.000,0.000,0.000,0.000,0.000,0.006,0.000,0.000,0.013,0.000,0.000,0.006,0.000
87.0074,870,0,move,-1,87.0074,87.0175,0,0.000,-0.088,0.176,-0.176,-0.088,0.088,-0.264,-0.088,0.176,0.088,-50.801,34.541,-0.088,0.264,0.000,0.000,0.439,0.176,0.000,0.000,0.000,0.000,0.000,0.000,0.000,0.000,0.000,0.000,-51.143,34.557,0.000,0.000,0.000,0.000,0.000,0.000,0.006,2.4,11.30,32.0,0.000,0.000,0.000,0.006,0.000,0.000,0.006,0.000,0.000,0.000,0.006,0.000,0.006,0.006,0.000,0.000,0.006,0.000
87.1075,871,0,move,-1,87.1075,87.1175,0,0.000,-0.088,0.176,-0.176,-0.088,0.088,-0.264,-0.088,0.176,0.088,-50.801,34.541,-0.088,0.264,0.000,0.000,0.439,0.176,0.000,0.000,0.000,0.000,0.000,0.000,0.000,0.000,0.000,0.000,-51.143,34.557,0.000,0.000,0.000,0.000,0.000,0.000,0.006,2.4,11.30,32.0,0.000,0.000,0.000,0.006,0.000,0.000,0.006,0.000,0.000,0.000,0.006,0.000,0.006,0.006,0.000,0.000,0.006,0.000
87.2142,872,0,move,-1,87.2142,87.2619,0,0.000,-0.088,0.176,-0.176,-0.088,0.088,-0.264,-0.088,0.176,0.088,-50.801,34.541,-0.088,0.264,0.000,0.000,0.439,0.176,0.000,0.000,0.000,0.000,0.000,0.000,0.000,0.000,0.000,0.000,-51.143,34.557,0.000,0.000,0.000,0.000,0.000,0.000,0.006,3.2,11.30,32.0,0.000,0.000,0.000,0.000,0.000,0.000,0.006,0.000,0.000,0.000,0.006,0.000,0.000,0.006,0.000,0.000,0.006,0.000
87.3076,873,0,move,-1,87.3076,87.3219,0,0.000,-0.088,0.176,-0.176,-0.088,0.088,-0.264,-0.088,0.176,0.088,-50.801,34.541,-0.088,0.264,0.000,0.000,0.439,0.176,0.000,0.000,0.000,0.000,0.000,0.000,0.000,0.000,0.000,0.000,-51.143,34.557,0.000,0.000,0.000,0.000,0.000,0.000,0.006,3.2,11.30,32.0,0.000,0.000,0.000,0.000,0.000,0.000,0.006,0.000,0.000,0.000,0.006,0.000,0.000,0.006,0.000,0.000,0.006,0.000
87.4073,874,0,move,-1,87.4073,87.4192,0,0.000,-0.088,0.176,-0.176,-0.088,0.088,-0.264,-0.088,0.176,0.088,-50.801,34.541,-0.088,0.264,0.000,0.000,0.439,0.176,0.000,0.000,0.000,0.000,0.000,0.000,0.000,0.000,0.000,0.000,-51.143,34.557,0.000,0.000,0.000,0.000,0.000,0.000,0.006,2.8,11.30,31.0,0.000,0.000,0.000,0.000,0.000,0.000,0.000,0.000,0.000,0.000,0.000,0.000,0.000,0.000,0.000,0.000,0.006,0.006
87.5114,875,0,move,-1,87.5114,87.5535,0,0.000,-0.088,0.176,-0.176,-0.088,0.088,-0.264,-0.088,0.176,0.088,-50.801,34.541,-0.088,0.264,0.000,0.000,0.439,0.176,0.000,0.000,0.000,0.000,0.000,0.000,0.000,0.000,0.000,0.000,-51.143,34.557,0.000,0.000,0.000,0.000,0.000,0.000,0.006,4.0,11.30,31.0,0.000,0.000,0.000,0.000,0.000,0.000,0.000,0.000,0.000,0.000,0.006,0.000,0.000,0.006,0.000,0.000,0.006,0.000
87.6075,876,0,move,-1,87.6075,87.6199,0,0.000,-0.088,0.176,-0.176,-0.088,0.088,-0.264,-0.088,0.176,0.088,-50.801,34.541,-0.088,0.264,0.000,0.000,0.439,0.176,0.000,0.000,0.000,0.000,0.000,0.000,0.000,0.000,0.000,0.000,-51.143,34.557,0.000,0.000,0.000,0.000,0.000,0.000,0.006,4.0,11.30,31.0,0.000,0.000,0.000,0.000,0.000,0.000,0.000,0.000,0.000,0.000,0.006,0.000,0.000,0.006,0.000,0.000,0.006,0.000
87.7075,877,0,move,-1,87.7075,87.7185,0,0.000,-0.088,0.176,-0.176,-0.088,0.088,-0.264,-0.088,0.176,0.088,-50.801,34.541,-0.088,0.264,0.000,0.000,0.439,0.176,0.000,0.000,0.000,0.000,0.000,0.000,0.000,0.000,0.000,0.000,-51.143,34.557,0.000,0.000,0.000,0.000,0.000,0.000,0.013,3.2,11.30,28.0,0.000,0.000,0.000,0.006,0.000,0.000,0.006,0.000,0.000,0.000,0.006,0.000,0.000,0.013,0.000,0.000,0.006,0.006
87.8075,878,0,move,-1,87.8075,87.8201,0,0.000,-0.088,0.176,-0.176,-0.088,0.088,-0.264,-0.088,0.176,0.088,-50.801,34.541,-0.088,0.264,0.000,0.000,0.439,0.176,0.000,0.000,0.000,0.000,0.000,0.000,0.000,0.000,0.000,0.000,-51.143,34.557,0.000,0.000,0.000,0.000,0.000,0.000,0.013,3.2,11.30,28.0,0.000,0.000,0.006,0.000,0.000,0.000,0.006,0.000,0.000,0.000,0.006,0.000,0.000,0.013,0.000,0.000,0.006,0.000
87.9075,879,0,move,-1,87.9075,87.9193,0,0.000,-0.088,0.176,-0.176,-0.088,0.088,-0.264,-0.088,0.176,0.088,-50.801,34.541,-0.088,0.264,0.000,0.000,0.439,0.176,0.000,0.000,0.000,0.000,0.000,0.000,0.000,0.000,0.000,0.000,-51.143,34.557,0.000,0.000,0.000,0.000,0.000,0.000,0.013,3.2,11.30,28.0,0.000,0.000,0.006,0.000,0.000,0.000,0.006,0.000,0.000,0.000,0.006,0.000,0.000,0.013,0.000,0.000,0.006,0.000
88.0073,880,0,move,-1,88.0073,88.0560,0,0.000,-0.088,0.176,-0.176,-0.088,0.088,-0.264,-0.088,0.176,0.088,-50.801,34.541,-0.088,0.264,0.000,0.000,0.439,0.176,0.000,0.000,0.000,0.000,0.000,0.000,0.000,0.000,0.000,0.000,-51.143,34.557,0.000,0.000,0.000,0.000,0.000,0.000,0.006,2.4,11.30,32.0,0.000,0.000,0.000,0.006,0.000,0.000,0.006,0.000,0.000,0.000,0.000,0.000,0.000,0.006,0.000,0.000,0.006,0.000
88.1075,881,0,move,-1,88.1075,88.1187,0,0.000,-0.088,0.176,-0.176,-0.088,0.088,-0.264,-0.088,0.176,0.088,-50.801,34.541,-0.088,0.264,0.000,0.000,0.439,0.176,0.000,0.000,0.000,0.000,0.000,0.000,0.000,0.000,0.000,0.000,-51.143,34.557,0.000,0.000,0.000,0.000,0.000,0.000,0.006,2.4,11.30,32.0,0.000,0.000,0.000,0.006,0.000,0.000,0.006,0.000,0.000,0.000,0.000,0.000,0.000,0.006,0.000,0.000,0.006,0.000
88.2073,882,0,move,-1,88.2073,88.2196,0,0.000,-0.088,0.176,-0.176,-0.088,0.088,-0.264,-0.088,0.176,0.088,-50.801,34.541,-0.088,0.264,0.000,0.000,0.439,0.176,0.000,0.000,0.000,0.000,0.000,0.000,0.000,0.000,0.000,0.000,-51.143,34.557,0.000,0.000,0.000,0.000,0.000,0.000,0.006,3.2,11.20,32.0,0.000,0.000,0.000,0.000,0.000,0.000,0.006,0.006,0.006,0.000,0.006,0.000,0.000,0.006,0.000,0.000,0.006,0.000
88.3075,883,0,move,-1,88.3075,88.3229,0,0.000,-0.088,0.176,-0.176,-0.088,0.088,-0.264,-0.088,0.176,0.088,-50.801,34.541,-0.088,0.264,0.000,0.000,0.439,0.176,0.000,0.000,0.000,0.000,0.000,0.000,0.000,0.000,0.000,0.000,-51.143,34.557,0.000,0.000,0.000,0.000,0.000,0.000,0.000,0.0,11.30,31.0,0.000,0.000,0.000,0.000,0.000,0.000,0.000,0.000,0.000,0.000,0.000,0.000,0.000,0.000,0.000,0.000,0.000,0.000
88.4073,884,0,move,-1,88.4073,88.4188,0,0.000,-0.088,0.176,-0.176,-0.088,0.088,-0.264,-0.088,0.176,0.088,-50.801,34.541,-0.088,0.264,0.000,0.000,0.439,0.176,0.000,0.000,0.000,0.000,0.000,0.000,0.000,0.000,0.000,0.000,-51.143,34.557,0.000,0.000,0.000,0.000,0.000,0.000,0.000,0.0,11.30,31.0,0.000,0.000,0.000,0.000,0.000,0.000,0.000,0.000,0.000,0.000,0.000,0.000,0.000,0.000,0.000,0.000,0.000,0.000
88.5076,885,0,move,-1,88.5076,88.5316,0,0.000,-0.088,0.176,-0.176,-0.088,0.088,-0.264,-0.088,0.176,0.088,-50.801,34.541,-0.088,0.264,0.000,0.000,0.439,0.176,0.000,0.000,0.000,0.000,0.000,0.000,0.000,0.000,0.000,0.000,-51.143,34.557,0.000,0.000,0.000,0.000,0.000,0.000,0.006,3.2,11.30,32.0,0.000,0.000,0.000,0.000,0.000,0.000,0.006,0.000,0.006,0.000,0.006,0.000,0.000,0.006,0.000,0.000,0.006,0.000
88.6090,886,0,move,-1,88.6090,88.6341,0,0.000,-0.088,0.176,-0.176,-0.088,0.088,-0.264,-0.088,0.176,0.088,-50.801,34.541,-0.088,0.264,0.000,0.000,0.439,0.176,0.000,0.000,0.000,0.000,0.000,0.000,0.000,0.000,0.000,0.000,-51.143,34.557,0.000,0.000,0.000,0.000,0.000,0.000,0.013,3.2,11.30,28.0,0.000,0.000,0.000,0.000,0.000,0.000,0.006,0.000,0.000,0.000,0.006,0.000,0.000,0.013,0.000,0.000,0.006,0.006
88.7074,887,0,move,-1,88.7074,88.7201,0,0.000,-0.088,0.176,-0.176,-0.088,0.088,-0.264,-0.088,0.176,0.088,-50.801,34.541,-0.088,0.264,0.000,0.000,0.439,0.176,0.000,0.000,0.000,0.000,0.000,0.000,0.000,0.000,0.000,0.000,-51.143,34.557,0.000,0.000,0.000,0.000,0.000,0.000,0.013,3.2,11.30,28.0,0.000,0.000,0.000,0.000,0.000,0.000,0.006,0.000,0.000,0.000,0.006,0.000,0.000,0.013,0.000,0.000,0.006,0.006
88.8119,888,0,move,-1,88.8119,88.8645,0,0.000,-0.088,0.176,-0.176,-0.088,0.088,-0.264,-0.088,0.176,0.088,-50.801,34.541,-0.088,0.264,0.000,0.000,0.439,0.176,0.000,0.000,0.000,0.000,0.000,0.000,0.000,0.000,0.000,0.000,-51.143,34.557,0.000,0.000,0.000,0.000,0.000,0.000,0.006,2.4,11.30,32.0,0.000,0.000,0.000,0.006,0.000,0.000,0.006,0.000,0.000,0.000,0.000,0.000,0.000,0.006,0.000,0.000,0.006,0.006
88.9073,889,0,move,-1,88.9073,88.9361,0,0.000,-0.088,0.176,-0.176,-0.088,0.088,-0.264,-0.088,0.176,0.088,-50.801,34.541,-0.088,0.264,0.000,0.000,0.439,0.176,0.000,0.000,0.000,0.000,0.000,0.000,0.000,0.000,0.000,0.000,-51.143,34.557,0.000,0.000,0.000,0.000,0.000,0.000,0.006,2.4,11.30,32.0,0.000,0.000,0.000,0.006,0.000,0.000,0.006,0.000,0.000,0.000,0.000,0.000,0.000,0.006,0.000,0.000,0.006,0.006
89.0074,890,0,move,-1,89.0074,89.0297,0,0.000,-0.088,0.176,-0.176,-0.088,0.088,-0.264,-0.088,0.176,0.088,-50.801,34.541,-0.088,0.264,0.000,0.000,0.439,0.176,0.000,0.000,0.000,0.000,0.000,0.000,0.000,0.000,0.000,0.000,-51.143,34.557,0.000,0.000,0.000,0.000,0.000,0.000,0.013,3.2,11.30,29.0,0.000,0.000,0.000,0.000,0.000,0.000,0.006,0.000,0.000,0.000,0.006,0.000,0.000,0.013,0.000,0.000,0.013,0.006
89.1075,891,0,move,-1,89.1075,89.1199,0,0.000,-0.088,0.176,-0.176,-0.088,0.088,-0.264,-0.088,0.176,0.088,-50.801,34.541,-0.088,0.264,0.000,0.000,0.439,0.176,0.000,0.000,0.000,0.000,0.000,0.000,0.000,0.000,0.000,0.000,-51.143,34.557,0.000,0.000,0.000,0.000,0.000,0.000,0.013,3.2,11.30,29.0,0.000,0.000,0.000,0.000,0.000,0.000,0.006,0.000,0.000,0.000,0.006,0.000,0.000,0.013,0.000,0.000,0.013,0.006
89.2074,892,0,move,-1,89.2074,89.2196,0,0.000,-0.088,0.176,-0.176,-0.088,0.088,-0.264,-0.088,0.176,0.088,-50.801,34.541,-0.088,0.264,0.000,0.000,0.439,0.176,0.000,0.000,0.000,0.000,0.000,0.000,0.000,0.000,0.000,0.000,-51.143,34.557,0.000,0.000,0.000,0.000,0.000,0.000,0.006,2.4,11.30,32.0,0.000,0.000,0.006,0.000,0.000,0.000,0.006,0.000,0.000,0.000,0.006,0.000,0.000,0.006,0.000,0.000,0.006,0.006
89.3076,893,0,move,-1,89.3076,89.3199,0,0.000,-0.088,0.176,-0.176,-0.088,0.088,-0.264,-0.088,0.176,0.088,-50.801,34.541,-0.088,0.264,0.000,0.000,0.439,0.176,0.000,0.000,0.000,0.000,0.000,0.000,0.000,0.000,0.000,0.000,-51.143,34.557,0.000,0.000,0.000,0.000,0.000,0.000,0.013,3.2,11.30,28.0,0.000,0.000,0.000,0.000,0.000,0.000,0.006,0.000,0.000,0.000,0.006,0.000,0.000,0.013,0.000,0.000,0.006,0.000
89.4073,894,0,move,-1,89.4073,89.4144,0,0.000,-0.088,0.176,-0.176,-0.088,0.088,-0.264,-0.088,0.176,0.088,-50.801,34.541,-0.088,0.264,0.000,0.000,0.439,0.176,0.000,0.000,0.000,0.000,0.000,0.000,0.000,0.000,0.000,0.000,-51.143,34.557,0.000,0.000,0.000,0.000,0.000,0.000,0.013,3.2,11.30,28.0,0.000,0.000,0.000,0.000,0.000,0.000,0.006,0.000,0.000,0.000,0.006,0.000,0.000,0.013,0.000,0.000,0.006,0.000
89.5075,895,0,move,-1,89.5075,89.5211,0,0.000,-0.088,0.176,-0.176,-0.088,0.088,-0.264,-0.088,0.176,0.088,-50.801,34.541,-0.088,0.264,0.000,0.000,0.439,0.176,0.000,0.000,0.000,0.000,0.000,0.000,0.000,0.000,0.000,0.000,-51.143,34.557,0.000,0.000,0.000,0.000,0.000,0.000,0.006,2.4,11.30,32.0,0.000,0.000,0.000,0.006,0.000,0.000,0.006,0.000,0.000,0.000,0.006,0.000,0.000,0.006,0.000,0.000,0.006,0.000
89.6075,896,0,move,-1,89.6075,89.6186,0,0.000,-0.088,0.176,-0.176,-0.088,0.088,-0.264,-0.088,0.176,0.088,-50.801,34.541,-0.088,0.264,0.000,0.000,0.439,0.176,0.000,0.000,0.000,0.000,0.000,0.000,0.000,0.000,0.000,0.000,-51.143,34.557,0.000,0.000,0.000,0.000,0.000,0.000,0.006,2.4,11.30,32.0,0.000,0.000,0.000,0.006,0.000,0.000,0.006,0.000,0.000,0.000,0.006,0.000,0.000,0.006,0.000,0.000,0.006,0.000
89.7074,897,0,move,-1,89.7074,89.7437,0,0.000,-0.088,0.176,-0.176,-0.088,0.088,-0.264,-0.088,0.176,0.088,-50.801,34.541,-0.088,0.264,0.000,0.000,0.439,0.176,0.000,0.000,0.000,0.000,0.000,0.000,0.000,0.000,0.000,0.000,-51.143,34.557,0.000,0.000,0.000,0.000,0.000,0.000,0.013,3.2,11.30,28.0,0.000,0.000,0.000,0.000,0.000,0.000,0.006,0.000,0.000,0.000,0.006,0.000,0.000,0.013,0.000,0.000,0.006,0.000
89.8073,898,0,move,-1,89.8073,89.8201,0,0.000,-0.088,0.176,-0.176,-0.088,0.088,-0.264,-0.088,0.176,0.088,-50.801,34.541,-0.088,0.264,0.000,0.000,0.439,0.176,0.000,0.000,0.000,0.000,0.000,0.000,0.000,0.000,0.000,0.000,-51.143,34.557,0.000,0.000,0.000,0.000,0.000,0.000,0.013,3.2,11.30,28.0,0.000,0.000,0.000,0.000,0.000,0.000,0.006,0.000,0.000,0.000,0.006,0.000,0.000,0.013,0.000,0.000,0.006,0.000
89.9073,899,0,move,-1,89.9073,89.9178,0,0.000,-0.088,0.176,-0.176,-0.088,0.088,-0.264,-0.088,0.176,0.088,-50.801,34.541,-0.088,0.264,0.000,0.000,0.439,0.176,0.000,0.000,0.000,0.000,0.000,0.000,0.000,0.000,0.000,0.000,-51.143,34.557,0.000,0.000,0.000,0.000,0.000,0.000,0.006,2.4,11.30,32.0,0.000,0.000,0.000,0.000,0.000,0.000,0.000,0.000,0.006,0.000,0.000,0.000,0.000,0.006,0.000,0.000,0.006,0.006
90.0075,900,0,move,-1,90.0075,90.0189,0,0.000,-0.088,0.176,-0.176,-0.088,0.088,-0.264,-0.088,0.176,0.088,-50.801,34.541,-0.088,0.264,0.000,0.000,0.439,0.176,0.000,0.000,0.000,0.000,0.000,0.000,0.000,0.000,0.000,0.000,-51.143,34.557,0.000,0.000,0.000,0.000,0.000,0.000,0.013,3.2,11.30,28.0,0.000,0.000,0.000,0.006,0.000,0.000,0.000,0.000,0.000,0.000,0.006,0.000,0.000,0.013,0.000,0.000,0.006,0.000
90.1075,901,0,move,-1,90.1075,90.1208,0,0.000,-0.088,0.176,-0.176,-0.088,0.088,-0.264,-0.088,0.176,0.088,-50.801,34.541,-0.088,0.264,0.000,0.000,0.439,0.176,0.000,0.000,0.000,0.000,0.000,0.000,0.000,0.000,0.000,0.000,-51.143,34.557,0.000,0.000,0.000,0.000,0.000,0.000,0.013,3.2,11.30,28.0,0.000,0.000,0.000,0.006,0.000,0.000,0.006,0.000,0.000,0.000,0.006,0.000,0.000,0.013,0.000,0.000,0.013,0.006
90.2075,902,0,move,-1,90.2075,90.2218,0,0.000,-0.088,0.176,-0.176,-0.088,0.088,-0.264,-0.088,0.176,0.088,-50.801,34.541,-0.088,0.264,0.000,0.000,0.439,0.176,0.000,0.000,0.000,0.000,0.000,0.000,0.000,0.000,0.000,0.000,-51.143,34.557,0.000,0.000,0.000,0.000,0.000,0.000,0.006,2.4,11.30,32.0,0.000,0.000,0.000,0.006,0.000,0.000,0.000,0.000,0.000,0.000,0.000,0.000,0.000,0.006,0.000,0.000,0.006,0.006
90.3075,903,0,move,-1,90.3075,90.3225,0,0.000,-0.088,0.176,-0.176,-0.088,0.088,-0.264,-0.088,0.176,0.088,-50.801,34.541,-0.088,0.264,0.000,0.000,0.439,0.176,0.000,0.000,0.000,0.000,0.000,0.000,0.000,0.000,0.000,0.000,-51.143,34.557,0.000,0.000,0.000,0.000,0.000,0.000,0.013,3.6,11.30,28.0,0.000,0.000,0.006,0.006,0.000,0.000,0.000,0.000,0.000,0.000,0.000,0.000,0.000,0.013,0.000,0.000,0.006,0.006
90.4077,904,0,move,-1,90.4077,90.4261,0,0.000,-0.088,0.176,-0.176,-0.088,0.088,-0.264,-0.088,0.176,0.088,-50.801,34.541,-0.088,0.264,0.000,0.000,0.439,0.176,0.000,0.000,0.000,0.000,0.000,0.000,0.000,0.000,0.000,0.000,-51.143,34.557,0.000,0.000,0.000,0.000,0.000,0.000,0.006,3.2,11.30,32.0,0.000,0.000,0.000,0.000,0.000,0.000,0.006,0.000,0.006,0.000,0.006,0.000,0.000,0.006,0.000,0.000,0.006,0.006
90.5073,905,0,move,-1,90.5073,90.5196,0,0.000,-0.088,0.176,-0.176,-0.088,0.088,-0.264,-0.088,0.176,0.088,-50.801,34.541,-0.088,0.264,0.000,0.000,0.439,0.176,0.000,0.000,0.000,0.000,0.000,0.000,0.000,0.000,0.000,0.000,-51.143,34.557,0.000,0.000,0.000,0.000,0.000,0.000,0.006,3.2,11.30,32.0,0.000,0.000,0.000,0.000,0.000,0.000,0.006,0.000,0.006,0.000,0.006,0.000,0.000,0.006,0.000,0.000,0.006,0.006
90.6073,906,0,move,-1,90.6073,90.6172,0,0.000,-0.088,0.176,-0.176,-0.088,0.088,-0.264,-0.088,0.176,0.088,-50.801,34.541,-0.088,0.264,0.000,0.000,0.439,0.176,0.000,0.000,0.000,0.000,0.000,0.000,0.000,0.000,0.000,0.000,-51.143,34.557,0.000,0.000,0.000,0.000,0.000,0.000,0.006,2.4,11.30,32.0,0.000,0.000,0.000,0.006,0.000,0.000,0.006,0.000,0.000,0.000,0.006,0.000,0.000,0.006,0.000,0.000,0.006,0.006
90.7075,907,0,move,-1,90.7075,90.7191,0,0.000,-0.088,0.176,-0.176,-0.088,0.088,-0.264,-0.088,0.176,0.088,-50.801,34.541,-0.088,0.264,0.000,0.000,0.439,0.176,0.000,0.000,0.000,0.000,0.000,0.000,0.000,0.000,0.000,0.000,-51.143,34.557,0.000,0.000,0.000,0.000,0.000,0.000,0.006,3.2,11.20,32.0,0.000,0.000,0.000,0.000,0.000,0.000,0.006,0.000,0.000,0.000,0.000,0.000,0.000,0.006,0.000,0.000,0.006,0.006
90.8075,908,0,move,-1,90.8075,90.8195,0,0.000,-0.088,0.176,-0.176,-0.088,0.088,-0.264,-0.088,0.176,0.088,-50.801,34.541,-0.088,0.264,0.000,0.000,0.439,0.176,0.000,0.000,0.000,0.000,0.000,0.000,0.000,0.000,0.000,0.000,-51.143,34.557,0.000,0.000,0.000,0.000,0.000,0.000,0.013,3.2,11.30,28.0,0.000,0.000,0.000,0.000,0.000,0.000,0.006,0.000,0.000,0.000,0.006,0.000,0.000,0.013,0.000,0.000,0.006,0.000
90.9074,909,0,move,-1,90.9074,90.9168,0,0.000,-0.088,0.176,-0.176,-0.088,0.088,-0.264,-0.088,0.176,0.088,-50.801,34.541,-0.088,0.264,0.000,0.000,0.439,0.176,0.000,0.000,0.000,0.000,0.000,0.000,0.000,0.000,0.000,0.000,-51.143,34.557,0.000,0.000,0.000,0.000,0.000,0.000,0.013,3.2,11.30,28.0,0.000,0.000,0.000,0.000,0.000,0.000,0.006,0.000,0.000,0.000,0.006,0.000,0.000,0.013,0.000,0.000,0.006,0.000
91.0073,910,0,move,-1,91.0073,91.0206,0,0.000,-0.088,0.176,-0.176,-0.088,0.088,-0.264,-0.088,0.176,0.088,-50.801,34.541,-0.088,0.264,0.000,0.000,0.439,0.176,0.000,0.000,0.000,0.000,0.000,0.000,0.000,0.000,0.000,0.000,-51.143,34.557,0.000,0.000,0.000,0.000,0.000,0.000,0.013,3.2,11.30,28.0,0.000,0.000,0.000,0.006,0.000,0.000,0.006,0.000,0.000,0.000,0.006,0.000,0.000,0.013,0.000,0.000,0.006,0.000
91.1100,911,0,move,-1,91.1100,91.1215,0,0.000,-0.088,0.176,-0.176,-0.088,0.088,-0.264,-0.088,0.176,0.088,-50.801,34.541,-0.088,0.264,0.000,0.000,0.439,0.176,0.000,0.000,0.000,0.000,0.000,0.000,0.000,0.000,0.000,0.000,-51.143,34.557,0.000,0.000,0.000,0.000,0.000,0.000,0.013,3.2,11.30,28.0,0.000,0.000,0.000,0.000,0.000,0.000,0.006,0.000,0.006,0.000,0.006,0.000,0.000,0.013,0.000,0.000,0.013,0.006
91.2073,912,0,move,-1,91.2073,91.2187,0,0.000,-0.088,0.176,-0.176,-0.088,0.088,-0.264,-0.088,0.176,0.088,-50.801,34.541,-0.088,0.264,0.000,0.000,0.439,0.176,0.000,0.000,0.000,0.000,0.000,0.000,0.000,0.000,0.000,0.000,-51.143,34.557,0.000,0.000,0.000,0.000,0.000,0.000,0.013,3.2,11.30,28.0,0.000,0.000,0.000,0.000,0.000,0.000,0.006,0.000,0.006,0.000,0.006,0.000,0.000,0.013,0.000,0.000,0.013,0.006
91.3075,913,0,move,-1,91.3075,91.3208,0,0.000,-0.088,0.176,-0.176,-0.088,0.088,-0.264,-0.088,0.176,0.088,-50.801,34.541,-0.088,0.264,0.000,0.000,0.439,0.176,0.000,0.000,0.000,0.000,0.000,0.000,0.000,0.000,0.000,0.000,-51.143,34.557,0.000,0.000,0.000,0.000,0.000,0.000,0.013,3.2,11.30,28.0,0.000,0.000,0.000,0.000,0.000,0.000,0.006,0.000,0.000,0.000,0.006,0.000,0.000,0.013,0.000,0.000,0.006,0.006
91.4073,914,0,move,-1,91.4073,91.4181,0,0.000,-0.088,0.176,-0.176,-0.088,0.088,-0.264,-0.088,0.176,0.088,-50.801,34.541,-0.088,0.264,0.000,0.000,0.439,0.176,0.000,0.000,0.000,0.000,0.000,0.000,0.000,0.000,0.000,0.000,-51.143,34.557,0.000,0.000,0.000,0.000,0.000,0.000,0.013,3.2,11.30,28.0,0.000,0.000,0.000,0.000,0.000,0.000,0.006,0.000,0.000,0.000,0.006,0.000,0.000,0.013,0.000,0.000,0.006,0.006
91.5075,915,0,move,-1,91.5075,91.5196,0,0.000,-0.088,0.176,-0.176,-0.088,0.088,-0.264,-0.088,0.176,0.088,-50.801,34.541,-0.088,0.264,0.000,0.000,0.439,0.176,0.000,0.000,0.000,0.000,0.000,0.000,0.000,0.000,0.000,0.000,-51.143,34.557,0.000,0.000,0.000,0.000,0.000,0.000,0.013,3.2,11.30,28.0,0.000,0.000,0.000,0.000,0.000,0.000,0.006,0.000,0.000,0.000,0.006,0.000,0.000,0.013,0.000,0.000,0.006,0.000
91.6075,916,0,move,-1,91.6075,91.6143,0,0.000,-0.088,0.176,-0.176,-0.088,0.088,-0.264,-0.088,0.176,0.088,-50.801,34.541,-0.088,0.264,0.000,0.000,0.439,0.176,0.000,0.000,0.000,0.000,0.000,0.000,0.000,0.000,0.000,0.000,-51.143,34.557,0.000,0.000,0.000,0.000,0.000,0.000,0.013,3.2,11.30,28.0,0.000,0.000,0.000,0.000,0.000,0.000,0.006,0.000,0.000,0.000,0.006,0.000,0.000,0.013,0.000,0.000,0.006,0.000
91.7226,917,0,move,-1,91.7226,91.7888,0,0.000,-0.088,0.176,-0.176,-0.088,0.088,-0.264,-0.088,0.176,0.088,-50.801,34.541,-0.088,0.264,0.000,0.000,0.439,0.176,0.000,0.000,0.000,0.000,0.000,0.000,0.000,0.000,0.000,0.000,-51.143,34.557,0.000,0.000,0.000,0.000,0.000,0.000,0.006,3.2,11.20,32.0,0.000,0.000,0.000,0.000,0.000,0.000,0.006,0.000,0.000,0.000,0.006,0.000,0.006,0.006,0.000,0.000,0.006,0.000
91.8073,918,0,move,-1,91.8073,91.8178,0,0.000,-0.088,0.176,-0.176,-0.088,0.088,-0.264,-0.088,0.176,0.088,-50.801,34.541,-0.088,0.264,0.000,0.000,0.439,0.176,0.000,0.000,0.000,0.000,0.000,0.000,0.000,0.000,0.000,0.000,-51.143,34.557,0.000,0.000,0.000,0.000,0.000,0.000,0.006,3.2,11.20,32.0,0.000,0.000,0.000,0.000,0.000,0.000,0.006,0.000,0.000,0.000,0.006,0.000,0.006,0.006,0.000,0.000,0.006,0.000
91.9075,919,0,move,-1,91.9075,91.9187,0,0.000,-0.088,0.176,-0.176,-0.088,0.088,-0.264,-0.088,0.176,0.088,-50.801,34.541,-0.088,0.264,0.000,0.000,0.439,0.176,0.000,0.000,0.000,0.000,0.000,0.000,0.000,0.000,0.000,0.000,-51.143,34.557,0.000,0.000,0.000,0.000,0.000,0.000,0.013,3.2,11.30,28.0,0.000,0.000,0.006,0.000,0.000,0.000,0.006,0.000,0.000,0.000,0.006,0.000,0.000,0.013,0.000,0.000,0.006,0.000
92.0075,920,0,move,-1,92.0075,92.0209,0,0.000,-0.088,0.176,-0.176,-0.088,0.088,-0.264,-0.088,0.176,0.088,-50.801,34.541,-0.088,0.264,0.000,0.000,0.439,0.176,0.000,0.000,0.000,0.000,0.000,0.000,0.000,0.000,0.000,0.000,-51.045,34.512,0.000,0.000,0.000,0.000,0.000,0.000,0.013,3.2,11.30,28.0,0.000,0.000,0.000,0.000,0.000,0.000,0.006,0.000,0.000,0.000,0.006,0.000,0.000,0.013,0.000,0.000,0.013,0.006
92.1075,921,0,move,-1,92.1075,92.1204,0,0.000,-0.088,0.176,-0.176,-0.088,0.088,-0.264,-0.088,0.176,0.088,-50.801,34.541,-0.088,0.264,0.000,0.000,0.439,0.176,0.000,0.000,0.000,0.000,0.000,0.000,0.000,0.000,0.000,0.000,-50.765,34.384,0.000,0.000,0.000,0.000,0.000,0.000,0.013,3.2,11.30,28.0,0.000,0.000,0.000,0.000,0.000,0.000,0.006,0.000,0.000,0.000,0.006,0.000,0.000,0.013,0.000,0.000,0.013,0.006
92.2075,922,0,move,-1,92.2075,92.2204,0,0.000,-0.088,0.176,-0.176,-0.088,0.088,-0.264,-0.088,0.176,0.088,-50.801,34.365,-0.088,0.264,0.000,0.000,0.439,0.176,0.000,0.000,0.000,0.000,0.000,0.000,0.000,0.000,0.000,0.000,-50.327,34.182,0.000,0.000,0.000,0.000,0.000,0.000,0.013,3.2,11.30,28.0,0.000,0.000,0.000,0.000,0.000,0.000,0.000,0.000,0.006,0.000,0.000,0.000,0.000,0.013,0.000,0.000,0.006,0.006
92.3075,923,0,move,-1,92.3075,92.3189,0,0.000,-0.088,0.176,-0.176,-0.088,0.088,-0.264,-0.088,0.176,0.088,-50.713,34.277,-0.088,0.264,0.000,0.000,0.439,0.176,0.000,0.000,0.000,0.000,0.000,0.000,0.000,0.000,0.000,0.000,-49.772,33.924,0.000,0.000,0.000,0.000,0.000,0.000,0.013,3.2,11.30,28.0,0.000,0.000,0.000,0.000,0.000,0.000,0.000,0.000,0.006,0.000,0.000,0.000,0.000,0.013,0.000,0.000,0.006,0.006
92.4079,924,0,move,-1,92.4079,92.4189,0,0.000,-0.088,0.176,-0.176,-0.088,0.088,-0.264,-0.088,0.176,0.088,-50.098,34.014,-0.088,0.264,0.000,0.000,0.439,0.176,0.000,0.000,0.000,0.000,0.000,0.000,0.000,0.000,0.000,0.000,-49.154,33.634,0.000,0.000,0.000,0.000,0.000,0.000,0.006,2.4,11.30,32.0,0.000,0.000,0.000,0.006,0.000,0.000,0.006,0.000,0.006,0.000,0.000,0.000,0.000,0.006,0.000,0.000,0.006,0.000
92.5091,925,0,move,-1,92.5091,92.5364,0,0.000,-0.088,0.176,-0.176,-0.088,0.088,-0.264,-0.088,0.176,0.088,-49.482,33.662,-0.088,0.264,0.000,0.000,0.439,0.176,0.000,0.000,0.000,0.000,0.000,0.000,0.000,0.000,0.000,0.000,-48.535,33.340,0.000,0.000,0.000,0.000,0.000,0.000,0.006,2.4,11.30,32.0,0.000,0.000,0.006,0.000,0.000,0.000,,0.000,0.000,0.000,0.006,0.000,0.000,0.006,0.000,0.000,0.006,0.006
92.6075,926,0,move,-1,92.6075,92.6202,0,0.000,-0.088,0.176,-0.176,-0.088,0.088,-0.264,-0.088,0.176,0.088,-48.955,33.398,-0.088,0.264,0.000,0.000,0.439,0.176,0.000,0.000,0.000,0.000,0.000,0.000,0.000,0.000,0.000,0.000,-47.971,33.071,0.000,0.000,0.000,0.000,0.000,0.000,0.006,2.4,11.30,32.0,0.000,0.000,0.006,0.000,0.000,0.000,,0.000,0.000,0.000,0.006,0.000,0.000,0.006,0.000,0.000,0.006,0.006
92.7073,927,0,move,-1,92.7073,92.7192,0,0.000,-0.088,0.176,-0.176,-0.088,0.088,-0.264,-0.088,0.176,0.088,-48.340,33.047,-0.088,0.264,0.000,0.000,0.439,0.176,0.000,0.000,0.000,0.000,0.000,0.000,0.000,0.000,0.000,0.000,-47.522,32.856,0.000,0.000,0.000,0.000,0.000,0.000,0.013,4.8,11.30,31.0,0.000,0.000,0.000,0.000,0.000,0.000,0.006,0.000,0.000,0.000,0.006,0.000,0.000,0.006,0.000,0.000,0.013,0.006
92.8075,928,0,move,-1,92.8075,92.8186,0,0.000,-0.088,0.176,-0.176,-0.088,0.088,-0.264,-0.088,0.176,0.088,-47.900,32.871,-0.088,0.264,0.000,0.000,0.439,0.176,0.000,0.000,0.000,0.000,0.000,0.000,0.000,0.000,0.000,0.000,-47.233,32.716,0.000,0.000,0.000,0.000,0.000,0.000,0.013,4.8,11.30,31.0,0.000,0.000,0.000,0.000,0.000,0.000,0.006,0.000,0.000,0.000,0.006,0.000,0.000,0.006,0.000,0.000,0.013,0.006
92.9073,929,0,move,-1,92.9073,92.9212,0,0.000,-0.088,0.176,-0.176,-0.088,0.088,-0.264,-0.088,0.176,0.088,-47.373,32.695,-0.088,0.264,0.000,0.000,0.439,0.176,0.000,0.000,0.000,0.000,0.000,0.000,0.000,0.000,0.000,0.000,-47.133,32.667,0.000,0.000,0.000,0.000,0.000,0.000,0.006,3.2,11.20,32.0,0.000,0.000,0.000,0.000,0.000,0.000,0.006,0.000,0.006,0.000,0.000,0.000,0.000,0.006,0.000,0.000,0.006,0.000
93.0074,930,0,move,-1,93.0074,93.0184,0,0.000,-0.088,0.176,-0.176,-0.088,0.088,-0.264,-0.088,0.176,0.088,-47.285,32.783,-0.088,0.264,0.000,0.000,0.439,0.176,0.000,0.000,0.000,0.000,0.000,0.000,0.000,0.000,0.000,0.000,-47.133,32.667,0.000,0.000,0.000,0.000,0.000,0.000,0.006,3.2,11.20,32.0,0.000,0.000,0.000,0.000,0.000,0.000,0.006,0.000,0.006,0.000,0.000,0.000,0.000,0.006,0.000,0.000,0.006,0.000
93.1075,931,0,move,-1,93.1075,93.1189,0,0.000,-0.088,0.176,-0.176,-0.088,0.088,-0.264,-0.088,0.176,0.088,-47.285,32.783,-0.088,0.264,0.000,0.000,0.439,0.176,0.000,0.000,0.000,0.000,0.000,0.000,0.000,0.000,0.000,0.000,-47.133,32.667,0.000,0.000,0.000,0.000,0.000,0.000,0.013,3.2,11.30,28.0,0.000,0.000,0.000,0.006,0.000,0.000,0.006,0.000,0.006,0.000,0.000,0.000,0.000,0.013,0.000,0.000,0.013,0.000
93.2073,932,0,move,-1,93.2073,93.2203,0,0.000,-0.088,0.176,-0.176,-0.088,0.088,-0.264,-0.088,0.176,0.088,-47.285,32.783,-0.088,0.264,0.000,0.000,0.439,0.176,0.000,0.000,0.000,0.000,0.000,0.000,0.000,0.000,0.000,0.000,-47.133,32.667,0.000,0.000,0.000,0.000,0.000,0.000,0.006,3.2,11.20,32.0,0.000,0.000,0.000,0.000,0.000,0.000,0.006,0.000,0.000,0.000,0.000,0.000,0.000,0.006,0.000,0.000,0.006,0.006
93.3075,933,0,move,-1,93.3075,93.3600,0,0.000,-0.088,0.176,-0.176,-0.088,0.088,-0.264,-0.088,0.176,0.088,-47.285,32.783,-0.088,0.264,0.000,0.000,0.439,0.176,0.000,0.000,0.000,0.000,0.000,0.000,0.000,0.000,0.000,0.000,-47.133,32.667,0.000,0.000,0.000,0.000,0.000,0.000,0.006,3.2,11.20,32.0,0.000,0.000,0.000,0.000,0.000,0.000,0.006,0.000,0.000,0.000,0.000,0.000,0.000,0.006,0.000,0.000,0.006,0.000
93.4073,934,0,move,-1,93.4073,93.4185,0,0.000,-0.088,0.176,-0.176,-0.088,0.088,-0.264,-0.088,0.176,0.088,-47.285,32.783,-0.088,0.264,0.000,0.000,0.439,0.176,0.000,0.000,0.000,0.000,0.000,0.000,0.000,0.000,0.000,0.000,-47.133,32.667,0.000,0.000,0.000,0.000,0.000,0.000,0.006,3.2,11.20,32.0,0.000,0.000,0.000,0.000,0.000,0.000,0.006,0.000,0.000,0.000,0.000,0.000,0.000,0.006,0.000,0.000,0.006,0.000
93.5086,935,0,move,-1,93.5086,93.5141,0,0.000,-0.088,0.176,-0.176,-0.088,0.088,-0.264,-0.088,0.176,0.088,-47.285,32.783,-0.088,0.264,0.000,0.000,0.439,0.176,0.000,0.000,0.000,0.000,0.000,0.000,0.000,0.000,0.000,0.000,-47.133,32.667,0.000,0.000,0.000,0.000,0.000,0.000,0.006,2.4,11.30,32.0,0.000,0.000,0.000,0.006,0.000,0.000,0.006,0.000,0.000,0.000,0.000,0.000,0.000,0.006,0.000,0.000,0.006,0.006
93.6075,936,0,move,-1,93.6075,93.6214,0,0.000,-0.088,0.176,-0.176,-0.088,0.088,-0.264,-0.088,0.176,0.088,-47.285,32.783,-0.088,0.264,0.000,0.000,0.439,0.176,0.000,0.000,0.000,0.000,0.000,0.000,0.000,0.000,0.000,0.000,-47.133,32.667,0.000,0.000,0.000,0.000,0.000,0.000,0.013,3.2,11.30,28.0,0.000,0.000,0.000,0.000,0.000,0.000,0.000,0.000,0.000,0.000,0.000,0.000,0.000,0.013,0.000,0.000,0.013,0.000
93.7075,937,0,move,-1,93.7075,93.7180,0,0.000,-0.088,0.176,-0.176,-0.088,0.088,-0.264,-0.088,0.176,0.088,-47.285,32.783,-0.088,0.264,0.000,0.000,0.439,0.176,0.000,0.000,0.000,0.000,0.000,0.000,0.000,0.000,0.000,0.000,-47.133,32.667,0.000,0.000,0.000,0.000,0.000,0.000,0.013,3.2,11.30,28.0,0.000,0.000,0.000,0.000,0.000,0.000,0.000,0.000,0.000,0.000,0.000,0.000,0.000,0.013,0.000,0.000,0.013,0.000
93.8075,938,0,move,-1,93.8075,93.8206,0,0.000,-0.088,0.176,-0.176,-0.088,0.088,-0.264,-0.088,0.176,0.088,-47.285,32.783,-0.088,0.264,0.000,0.000,0.439,0.176,0.000,0.000,0.000,0.000,0.000,0.000,0.000,0.000,0.000,0.000,-47.133,32.667,0.000,0.000,0.000,0.000,0.000,0.000,0.013,3.2,11.30,28.0,0.000,0.000,0.000,0.000,0.000,0.000,0.006,0.000,0.000,0.000,0.000,0.000,0.000,0.013,0.000,0.000,0.006,0.006
93.9075,939,0,move,-1,93.9075,93.9179,0,0.000,-0.088,0.176,-0.176,-0.088,0.088,-0.264,-0.088,0.176,0.088,-47.285,32.783,-0.088,0.264,0.000,0.000,0.439,0.176,0.000,0.000,0.000,0.000,0.000,0.000,0.000,0.000,0.000,0.000,-47.133,32.667,0.000,0.000,0.000,0.000,0.000,0.000,0.013,3.2,11.30,28.0,0.000,0.000,0.000,0.000,0.000,0.000,0.006,0.000,0.000,0.000,0.000,0.000,0.000,0.013,0.000,0.000,0.006,0.006
94.0076,940,0,move,-1,94.0076,94.0816,0,0.000,-0.088,0.176,-0.176,-0.088,0.088,-0.264,-0.088,0.176,0.088,-47.285,32.783,-0.088,0.264,0.000,0.000,0.439,0.176,0.000,0.000,0.000,0.000,0.000,0.000,0.000,0.000,0.000,0.000,-47.133,32.667,0.000,0.000,0.000,0.000,0.000,0.000,0.013,3.2,11.30,28.0,0.000,0.000,0.000,0.000,0.000,0.000,0.006,0.000,0.000,0.000,0.000,0.000,0.000,0.013,0.000,0.000,0.006,0.006
94.1084,941,0,move,-1,94.1084,94.1252,0,0.000,-0.088,0.176,-0.176,-0.088,0.088,-0.264,-0.088,0.176,0.088,-47.285,32.783,-0.088,0.264,0.000,0.000,0.439,0.176,0.000,0.000,0.000,0.000,0.000,0.000,0.000,0.000,0.000,0.000,-47.133,32.667,0.000,0.000,0.000,0.000,0.000,0.000,0.013,3.2,11.30,28.0,0.000,0.000,0.000,0.000,0.000,0.000,0.006,0.000,0.000,0.000,0.000,0.000,0.000,0.013,0.000,0.000,0.006,0.006
94.2074,942,0,move,-1,94.2074,94.2176,0,0.000,-0.088,0.176,-0.176,-0.088,0.088,-0.264,-0.088,0.176,0.088,-47.285,32.783,-0.088,0.264,0.000,0.000,0.439,0.176,0.000,0.000,0.000,0.000,0.000,0.000,0.000,0.000,0.000,0.000,-47.133,32.667,0.000,0.000,0.000,0.000,0.000,0.000,0.013,3.2,11.30,28.0,0.000,0.000,0.000,0.000,0.000,0.000,0.006,0.000,0.000,0.000,0.000,0.000,0.000,0.013,0.000,0.000,0.006,0.006
94.3073,943,0,move,-1,94.3073,94.3194,0,0.000,-0.088,0.176,-0.176,-0.088,0.088,-0.264,-0.088,0.176,0.088,-47.285,32.783,-0.088,0.264,0.000,0.000,0.439,0.176,0.000,0.000,0.000,0.000,0.000,0.000,0.000,0.000,0.000,0.000,-47.133,32.667,0.000,0.000,0.000,0.000,0.000,0.000,0.013,3.2,11.30,28.0,0.000,0.000,0.000,0.000,0.000,0.000,0.000,0.000,0.000,0.000,0.006,0.000,0.000,0.013,0.000,0.000,0.006,0.006
94.4075,944,0,move,-1,94.4075,94.4187,0,0.000,-0.088,0.176,-0.176,-0.088,0.088,-0.264,-0.088,0.176,0.088,-47.285,32.783,-0.088,0.264,0.000,0.000,0.439,0.176,0.000,0.000,0.000,0.000,0.000,0.000,0.000,0.000,0.000,0.000,-47.133,32.667,0.000,0.000,0.000,0.000,0.000,0.000,0.013,3.2,11.30,28.0,0.000,0.000,0.000,0.000,0.000,0.000,0.000,0.000,0.000,0.000,0.006,0.000,0.000,0.013,0.000,0.000,0.006,0.006
94.5073,945,0,move,-1,94.5073,94.5245,0,0.000,-0.088,0.176,-0.176,-0.088,0.088,-0.264,-0.088,0.176,0.088,-47.285,32.783,-0.088,0.264,0.000,0.000,0.439,0.176,0.000,0.000,0.000,0.000,0.000,0.000,0.000,0.000,0.000,0.000,-47.133,32.667,0.000,0.000,0.000,0.000,0.000,0.000,0.013,3.2,11.30,28.0,0.000,0.000,0.000,0.000,0.000,0.000,0.006,0.000,0.006,0.000,0.000,0.000,0.000,0.013,0.000,0.000,0.013,0.000
94.6086,946,0,move,-1,94.6086,94.6742,0,0.000,-0.088,0.176,-0.176,-0.088,0.088,-0.264,-0.088,0.176,0.088,-47.285,32.783,-0.088,0.264,0.000,0.000,0.439,0.176,0.000,0.000,0.000,0.000,0.000,0.000,0.000,0.000,0.000,0.000,-47.133,32.667,0.000,0.000,0.000,0.000,0.000,0.000,0.013,3.2,11.30,28.0,0.000,0.000,0.000,0.006,0.000,0.000,0.006,0.000,0.006,0.000,0.006,0.000,0.000,0.013,0.000,0.000,0.006,0.000
94.7073,947,0,move,-1,94.7073,94.7201,0,0.000,-0.088,0.176,-0.176,-0.088,0.088,-0.264,-0.088,0.176,0.088,-47.285,32.783,-0.088,0.264,0.000,0.000,0.439,0.176,0.000,0.000,0.000,0.000,0.000,0.000,0.000,0.000,0.000,0.000,-47.133,32.667,0.000,0.000,0.000,0.000,0.000,0.000,0.013,3.2,11.30,28.0,0.000,0.000,0.000,0.006,0.000,0.000,0.006,0.000,0.006,0.000,0.006,0.000,0.000,0.013,0.000,0.000,0.006,0.000
94.8074,948,0,move,-1,94.8074,94.8177,0,0.000,-0.088,0.176,-0.176,-0.088,0.088,-0.264,-0.088,0.176,0.088,-47.285,32.783,-0.088,0.264,0.000,0.000,0.439,0.176,0.000,0.000,0.000,0.000,0.000,0.000,0.000,0.000,0.000,0.000,-47.133,32.667,0.000,0.000,0.000,0.000,0.000,0.000,0.013,3.2,11.30,28.0,0.000,0.000,0.000,0.000,0.000,0.000,0.000,0.000,0.000,0.000,0.000,0.000,0.000,0.013,0.000,0.000,0.006,0.000
94.9075,949,0,move,-1,94.9075,94.9174,0,0.000,-0.088,0.176,-0.176,-0.088,0.088,-0.264,-0.088,0.176,0.088,-47.285,32.783,-0.088,0.264,0.000,0.000,0.439,0.176,0.000,0.000,0.000,0.000,0.000,0.000,0.000,0.000,0.000,0.000,-47.133,32.667,0.000,0.000,0.000,0.000,0.000,0.000,0.013,3.2,11.30,28.0,0.000,0.000,0.000,0.000,0.000,0.000,0.000,0.000,0.000,0.000,0.000,0.000,0.000,0.013,0.000,0.000,0.006,0.000
95.0073,950,0,move,-1,95.0073,95.0195,0,0.000,-0.088,0.176,-0.176,-0.088,0.088,-0.264,-0.088,0.176,0.088,-47.285,32.783,-0.088,0.264,0.000,0.000,0.439,0.176,0.000,0.000,0.000,0.000,0.000,0.000,0.000,0.000,0.000,0.000,-47.133,32.667,0.000,0.000,0.000,0.000,0.000,0.000,0.013,3.2,11.30,28.0,0.000,0.000,0.000,0.000,0.000,0.000,0.006,0.000,0.006,0.000,0.000,0.000,0.000,0.013,0.000,0.000,0.013,0.006
95.1074,951,0,move,-1,95.1074,95.1176,0,0.000,-0.088,0.176,-0.176,-0.088,0.088,-0.264,-0.088,0.176,0.088,-47.285,32.783,-0.088,0.264,0.000,0.000,0.439,0.176,0.000,0.000,0.000,0.000,0.000,0.000,0.000,0.000,0.000,0.000,-47.133,32.667,0.000,0.000,0.000,0.000,0.000,0.000,0.013,3.2,11.30,28.0,0.000,0.000,0.000,0.000,0.000,0.000,0.006,0.000,0.006,0.000,0.000,0.000,0.000,0.013,0.000,0.000,0.013,0.006
95.2073,952,0,move,-1,95.2073,95.2192,0,0.000,-0.088,0.176,-0.176,-0.088,0.088,-0.264,-0.088,0.176,0.088,-47.285,32.783,-0.088,0.264,0.000,0.000,0.439,0.176,0.000,0.000,0.000,0.000,0.000,0.000,0.000,0.000,0.000,0.000,-47.133,32.667,0.000,0.000,0.000,0.000,0.000,0.000,0.013,3.2,11.30,28.0,0.000,0.000,0.006,0.000,0.000,0.000,0.006,0.000,0.006,0.000,0.000,0.000,0.000,0.013,0.000,0.000,0.006,0.000
95.3073,953,0,move,-1,95.3073,95.3175,0,0.000,-0.088,0.176,-0.176,-0.088,0.088,-0.264,-0.088,0.176,0.088,-47.285,32.783,-0.088,0.264,0.000,0.000,0.439,0.176,0.000,0.000,0.000,0.000,0.000,0.000,0.000,0.000,0.000,0.000,-47.133,32.667,0.000,0.000,0.000,0.000,0.000,0.000,0.013,3.2,11.30,28.0,0.000,0.000,0.006,0.000,0.000,0.000,0.006,0.000,0.006,0.000,0.000,0.000,0.000,0.013,0.000,0.000,0.006,0.000
95.4075,954,0,move,-1,95.4075,95.4215,0,0.000,-0.088,0.176,-0.176,-0.088,0.088,-0.264,-0.088,0.176,0.088,-47.285,32.783,-0.088,0.264,0.000,0.000,0.439,0.176,0.000,0.000,0.000,0.000,0.000,0.000,0.000,0.000,0.000,0.000,-47.133,32.667,0.000,0.000,0.000,0.000,0.000,0.000,0.006,2.4,11.30,32.0,0.000,0.000,0.000,0.000,0.000,0.000,0.000,0.000,0.006,0.000,0.006,0.000,0.000,0.006,0.000,0.000,0.006,0.000
95.5073,955,0,move,-1,95.5073,95.5153,0,0.000,-0.088,0.176,-0.176,-0.088,0.088,-0.264,-0.088,0.176,0.088,-47.285,32.783,-0.088,0.264,0.000,0.000,0.439,0.176,0.000,0.000,0.000,0.000,0.000,0.000,0.000,0.000,0.000,0.000,-47.133,32.667,0.000,0.000,0.000,0.000,0.000,0.000,0.006,2.4,11.30,32.0,0.000,0.000,0.000,0.000,0.000,0.000,0.000,0.000,0.006,0.000,0.006,0.000,0.000,0.006,0.000,0.000,0.006,0.000
95.6077,956,0,move,-1,95.6077,95.6204,0,0.000,-0.088,0.176,-0.176,-0.088,0.088,-0.264,-0.088,0.176,0.088,-47.285,32.783,-0.088,0.264,0.000,0.000,0.439,0.176,0.000,0.000,0.000,0.000,0.000,0.000,0.000,0.000,0.000,0.000,-47.133,32.667,0.000,0.000,0.000,0.000,0.000,0.000,0.006,3.2,11.30,32.0,0.000,0.000,0.000,0.000,0.000,0.000,0.006,0.000,0.006,0.000,0.000,0.000,0.000,0.006,0.000,0.000,0.006,0.006
95.7073,957,0,move,-1,95.7073,95.7181,0,0.000,-0.088,0.176,-0.176,-0.088,0.088,-0.264,-0.088,0.176,0.088,-47.285,32.783,-0.088,0.264,0.000,0.000,0.439,0.176,0.000,0.000,0.000,0.000,0.000,0.000,0.000,0.000,0.000,0.000,-47.133,32.667,0.000,0.000,0.000,0.000,0.000,0.000,0.006,3.2,11.30,32.0,0.000,0.000,0.000,0.000,0.000,0.000,0.006,0.000,0.006,0.000,0.000,0.000,0.000,0.006,0.000,0.000,0.006,0.006
95.8075,958,0,move,-1,95.8075,95.8185,0,0.000,-0.088,0.176,-0.176,-0.088,0.088,-0.264,-0.088,0.176,0.088,-47.285,32.783,-0.088,0.264,0.000,0.000,0.439,0.176,0.000,0.000,0.000,0.000,0.000,0.000,0.000,0.000,0.000,0.000,-47.133,32.667,0.000,0.000,0.000,0.000,0.000,0.000,0.013,3.2,11.30,28.0,0.000,0.000,0.000,0.006,0.000,0.000,0.006,0.000,0.000,0.000,0.000,0.000,0.000,0.013,0.000,0.000,0.006,0.006
95.9075,959,0,move,-1,95.9075,95.9190,0,0.000,-0.088,0.176,-0.176,-0.088,0.088,-0.264,-0.088,0.176,0.088,-47.285,32.783,-0.088,0.264,0.000,0.000,0.439,0.176,0.000,0.000,0.000,0.000,0.000,0.000,0.000,0.000,0.000,0.000,-47.133,32.667,0.000,0.000,0.000,0.000,0.000,0.000,0.006,2.4,11.30,32.0,0.000,0.000,0.000,0.006,0.000,0.000,0.006,0.000,0.000,0.000,0.000,0.000,0.000,0.006,0.000,0.000,0.006,0.000
96.0111,960,0,move,-1,96.0111,96.0339,0,0.000,-0.088,0.176,-0.176,-0.088,0.088,-0.264,-0.088,0.176,0.088,-47.285,32.783,-0.088,0.264,0.000,0.000,0.439,0.176,0.000,0.000,0.000,0.000,0.000,0.000,0.000,0.000,0.000,0.000,-47.033,32.619,0.000,0.000,0.000,0.000,0.000,0.000,0.013,3.2,11.30,28.0,0.000,0.000,0.000,0.006,0.000,0.000,0.006,0.000,0.000,0.000,0.000,0.006,0.000,0.013,0.000,0.000,0.006,0.006
96.1075,961,0,move,-1,96.1075,96.1190,0,0.000,-0.088,0.176,-0.176,-0.088,0.088,-0.264,-0.088,0.176,0.088,-47.285,32.607,-0.088,0.264,0.000,0.000,0.439,0.176,0.000,0.000,0.000,0.000,0.000,0.000,0.000,0.000,0.000,0.000,-46.742,32.477,0.000,0.000,0.000,0.000,0.000,0.000,0.013,3.2,11.30,28.0,0.000,0.000,0.000,0.006,0.000,0.000,0.006,0.000,0.000,0.000,0.000,0.006,0.000,0.013,0.000,0.000,0.006,0.006
96.2075,962,0,move,-1,96.2075,96.2200,0,0.000,-0.088,0.176,-0.176,-0.088,0.088,-0.264,-0.088,0.176,0.088,-46.934,32.695,-0.088,0.264,0.000,0.000,0.439,0.176,0.000,0.000,0.000,0.000,0.000,0.000,0.000,0.000,0.000,0.000,-46.288,32.255,0.000,0.000,0.000,0.000,0.000,0.000,0.013,3.2,11.30,28.0,0.000,0.000,0.000,0.000,0.000,0.000,0.006,0.000,0.000,0.000,0.000,0.000,0.000,0.013,0.000,0.000,0.006,0.006
96.3073,963,0,move,-1,96.3073,96.3185,0,0.000,-0.088,0.176,-0.176,-0.088,0.088,-0.264,-0.088,0.176,0.088,-46.758,32.256,-0.088,0.264,0.000,0.000,0.439,0.176,0.000,0.000,0.000,0.000,0.000,0.000,0.000,0.000,0.000,0.000,-45.712,31.972,0.000,0.000,0.000,0.000,0.000,0.000,0.013,3.2,11.30,28.0,0.000,0.000,0.000,0.000,0.000,0.000,0.006,0.000,0.000,0.000,0.000,0.000,0.000,0.013,0.000,0.000,0.006,0.006
96.4073,964,0,move,-1,96.4073,96.4153,0,0.000,-0.088,0.176,-0.176,-0.088,0.088,-0.264,-0.088,0.176,0.088,-46.230,32.080,-0.088,0.264,0.000,0.000,0.439,0.176,0.000,0.000,0.000,0.000,0.000,0.000,0.000,0.000,0.000,0.000,-45.069,31.653,0.000,0.000,0.000,0.000,0.000,0.000,0.013,4.8,11.30,31.0,0.000,0.000,0.000,0.000,0.000,0.000,0.006,0.000,0.000,0.000,0.000,0.000,0.000,0.006,0.000,0.000,0.013,0.006
96.5075,965,0,move,-1,96.5075,96.5260,0,0.000,-0.088,0.176,-0.176,-0.088,0.088,-0.264,-0.088,0.176,0.088,-45.439,31.729,-0.088,0.264,0.000,0.000,0.439,0.176,0.000,0.000,0.000,0.000,0.000,0.000,0.000,0.000,0.000,0.000,-44.421,31.329,0.000,0.000,0.000,0.000,0.000,0.000,0.013,3.2,11.30,28.0,0.000,0.000,0.000,0.000,0.000,0.000,0.000,0.000,0.000,0.000,0.000,0.006,0.000,0.013,0.000,0.000,0.006,0.006
96.6073,966,0,move,-1,96.6073,96.6156,0,0.000,-0.088,0.176,-0.176,-0.088,0.088,-0.264,-0.088,0.176,0.088,-45.264,31.465,-0.088,0.264,0.000,0.000,0.439,0.176,0.000,0.000,0.000,0.000,0.000,0.000,0.000,0.000,0.000,0.000,-43.833,31.033,0.000,0.000,0.000,0.000,0.000,0.000,0.013,3.2,11.30,28.0,0.000,0.000,0.000,0.000,0.000,0.000,0.000,0.000,0.000,0.000,0.000,0.006,0.000,0.013,0.000,0.000,0.006,0.006
96.7075,967,0,move,-1,96.7075,96.7166,0,0.000,-0.088,0.176,-0.176,-0.088,0.088,-0.264,-0.088,0.176,0.088,-44.824,31.113,-0.088,0.264,0.000,0.000,0.439,0.176,0.000,0.000,0.000,0.000,0.000,0.000,0.000,0.000,0.000,0.000,-43.362,30.795,0.000,0.000,0.000,0.000,0.000,0.000,0.006,2.4,11.30,32.0,0.000,0.000,0.000,0.006,0.000,0.000,0.000,0.000,0.000,0.000,0.006,0.006,0.000,0.006,0.000,0.000,0.006,0.000
96.8075,968,0,move,-1,96.8075,96.8194,0,0.000,-0.088,0.176,-0.176,-0.088,0.088,-0.264,-0.088,0.176,0.088,-43.857,30.850,-0.088,0.264,0.000,0.000,0.439,0.176,0.000,0.000,0.000,0.000,0.000,0.000,0.000,0.000,0.000,0.000,-43.059,30.640,0.000,0.000,0.000,0.000,0.000,0.000,0.006,2.4,11.30,32.0,0.000,0.000,0.006,0.000,0.000,0.000,0.006,0.000,0.006,0.000,0.000,0.000,0.000,0.006,0.000,0.000,0.006,0.000
96.9073,969,0,move,-1,96.9073,96.9207,0,0.000,-0.088,0.176,-0.176,-0.088,0.088,-0.264,-0.088,0.176,0.088,-43.154,30.674,-0.088,0.264,0.000,0.000,0.439,0.176,0.000,0.000,0.000,0.000,0.000,0.000,0.000,0.000,0.000,0.000,-42.955,30.587,0.000,0.000,0.000,0.000,0.000,0.000,0.013,4.8,11.30,31.0,0.000,0.000,0.000,0.006,0.000,0.000,0.000,0.000,0.000,0.000,0.006,0.006,0.000,0.006,0.000,0.000,0.013,0.000
97.0075,970,0,move,-1,97.0075,97.0229,0,0.000,-0.088,0.176,-0.176,-0.088,0.088,-0.264,-0.088,0.176,0.088,-43.154,30.674,-0.088,0.264,0.000,0.000,0.439,0.176,0.000,0.000,0.000,0.000,0.000,0.000,0.000,0.000,0.000,0.000,-42.955,30.587,0.000,0.000,0.000,0.000,0.000,0.000,0.013,3.2,11.30,28.0,0.000,0.000,0.000,0.006,0.000,0.000,0.006,0.000,0.006,0.000,0.000,0.000,0.000,0.013,0.000,0.000,0.006,0.000
97.1075,971,0,move,-1,97.1075,97.1191,0,0.000,-0.088,0.176,-0.176,-0.088,0.088,-0.264,-0.088,0.176,0.088,-43.154,30.674,-0.088,0.264,0.000,0.000,0.439,0.176,0.000,0.000,0.000,0.000,0.000,0.000,0.000,0.000,0.000,0.000,-42.955,30.587,0.000,0.000,0.000,0.000,0.000,0.000,0.013,3.2,11.30,28.0,0.000,0.000,0.000,0.006,0.000,0.000,0.006,0.000,0.006,0.000,0.000,0.000,0.000,0.013,0.000,0.000,0.006,0.000
97.2073,972,0,move,-1,97.2073,97.2185,0,0.000,-0.088,0.176,-0.176,-0.088,0.088,-0.264,-0.088,0.176,0.088,-43.154,30.674,-0.088,0.264,0.000,0.000,0.439,0.176,0.000,0.000,0.000,0.000,0.000,0.000,0.000,0.000,0.000,0.000,-42.955,30.587,0.000,0.000,0.000,0.000,0.000,0.000,0.013,3.2,11.30,28.0,0.000,0.000,0.000,0.006,0.000,0.000,0.006,0.000,0.006,0.000,0.006,0.000,0.000,0.013,0.000,0.000,0.006,0.000
97.3073,973,0,move,-1,97.3073,97.3214,0,0.000,-0.088,0.176,-0.176,-0.088,0.088,-0.264,-0.088,0.176,0.088,-43.154,30.674,-0.088,0.264,0.000,0.000,0.439,0.176,0.000,0.000,0.000,0.000,0.000,0.000,0.000,0.000,0.000,0.000,-42.955,30.587,0.000,0.000,0.000,0.000,0.000,0.000,0.013,3.2,11.30,28.0,0.000,0.000,0.000,0.006,0.000,0.000,0.006,0.000,0.006,0.000,0.000,0.000,0.000,0.013,0.000,0.000,0.006,0.006
97.4075,974,0,move,-1,97.4075,97.4189,0,0.000,-0.088,0.176,-0.176,-0.088,0.088,-0.264,-0.088,0.176,0.088,-43.154,30.674,-0.088,0.264,0.000,0.000,0.439,0.176,0.000,0.000,0.000,0.000,0.000,0.000,0.000,0.000,0.000,0.000,-42.955,30.587,0.000,0.000,0.000,0.000,0.000,0.000,0.013,3.2,11.30,28.0,0.000,0.000,0.000,0.006,0.000,0.000,0.006,0.000,0.006,0.000,0.000,0.000,0.000,0.013,0.000,0.000,0.006,0.006
97.5074,975,0,move,-1,97.5074,97.5185,0,0.000,-0.088,0.176,-0.176,-0.088,0.088,-0.264,-0.088,0.176,0.088,-43.154,30.674,-0.088,0.264,0.000,0.000,0.439,0.176,0.000,0.000,0.000,0.000,0.000,0.000,0.000,0.000,0.000,0.000,-42.955,30.587,0.000,0.000,0.000,0.000,0.000,0.000,0.006,3.2,11.30,28.0,0.000,0.000,0.000,0.000,0.000,0.000,0.000,0.000,0.000,0.000,0.000,0.000,0.000,0.006,0.000,0.000,0.006,0.006
97.6074,976,0,move,-1,97.6074,97.6435,0,0.000,-0.088,0.176,-0.176,-0.088,0.088,-0.264,-0.088,0.176,0.088,-43.154,30.674,-0.088,0.264,0.000,0.000,0.439,0.176,0.000,0.000,0.000,0.000,0.000,0.000,0.000,0.000,0.000,0.000,-42.955,30.587,0.000,0.000,0.000,0.000,0.000,0.000,0.013,4.8,11.30,31.0,0.000,0.000,0.000,0.000,0.000,0.000,0.006,0.000,0.000,0.000,0.006,0.000,0.000,0.006,0.000,0.000,0.013,0.000
97.7073,977,0,move,-1,97.7073,97.7188,0,0.000,-0.088,0.176,-0.176,-0.088,0.088,-0.264,-0.088,0.176,0.088,-43.154,30.674,-0.088,0.264,0.000,0.000,0.439,0.176,0.000,0.000,0.000,0.000,0.000,0.000,0.000,0.000,0.000,0.000,-42.955,30.587,0.000,0.000,0.000,0.000,0.000,0.000,0.013,4.8,11.30,31.0,0.000,0.000,0.000,0.000,0.000,0.000,0.006,0.000,0.000,0.000,0.006,0.000,0.000,0.006,0.000,0.000,0.013,0.000
97.8073,978,0,move,-1,97.8073,97.8199,0,0.000,-0.088,0.176,-0.176,-0.088,0.088,-0.264,-0.088,0.176,0.088,-43.154,30.674,-0.088,0.264,0.000,0.000,0.439,0.176,0.000,0.000,0.000,0.000,0.000,0.000,0.000,0.000,0.000,0.000,-42.955,30.587,0.000,0.000,0.000,0.000,0.000,0.000,0.013,3.2,11.30,28.0,0.000,0.000,0.000,0.000,0.000,0.000,0.006,0.000,0.000,0.000,0.000,0.000,0.000,0.013,0.000,0.000,0.006,0.000
97.9075,979,0,move,-1,97.9075,97.9198,0,0.000,-0.088,0.176,-0.176,-0.088,0.088,-0.264,-0.088,0.176,0.088,-43.154,30.674,-0.088,0.264,0.000,0.000,0.439,0.176,0.000,0.000,0.000,0.000,0.000,0.000,0.000,0.000,0.000,0.000,-42.955,30.587,0.000,0.000,0.000,0.000,0.000,0.000,0.013,3.2,11.30,28.0,0.000,0.000,0.000,0.000,0.000,0.000,0.006,0.000,0.000,0.000,0.000,0.000,0.000,0.013,0.000,0.000,0.006,0.000
98.0075,980,0,move,-1,98.0075,98.0175,0,0.000,-0.088,0.176,-0.176,-0.088,0.088,-0.264,-0.088,0.176,0.088,-43.154,30.674,-0.088,0.264,0.000,0.000,0.439,0.176,0.000,0.000,0.000,0.000,0.000,0.000,0.000,0.000,0.000,0.000,-42.955,30.587,0.000,0.000,0.000,0.000,0.000,0.000,0.013,3.2,11.30,28.0,0.000,0.000,0.000,0.006,0.000,0.000,0.000,0.000,0.000,0.000,0.000,0.000,0.000,0.013,0.000,0.000,0.006,0.000
98.1107,981,0,move,-1,98.1107,98.1220,0,0.000,-0.088,0.176,-0.176,-0.088,0.088,-0.264,-0.088,0.176,0.088,-43.154,30.674,-0.088,0.264,0.000,0.000,0.439,0.176,0.000,0.000,0.000,0.000,0.000,0.000,0.000,0.000,0.000,0.000,-42.955,30.587,0.000,0.000,0.000,0.000,0.000,0.000,0.013,3.2,11.30,28.0,0.000,0.000,0.006,0.000,0.000,0.000,0.006,0.000,0.000,0.000,0.000,0.000,0.000,0.013,0.000,0.000,0.006,0.006
98.2073,982,0,move,-1,98.2073,98.2186,0,0.000,-0.088,0.176,-0.176,-0.088,0.088,-0.264,-0.088,0.176,0.088,-43.154,30.674,-0.088,0.264,0.000,0.000,0.439,0.176,0.000,0.000,0.000,0.000,0.000,0.000,0.000,0.000,0.000,0.000,-42.955,30.587,0.000,0.000,0.000,0.000,0.000,0.000,0.013,3.2,11.30,28.0,0.000,0.000,0.006,0.000,0.000,0.000,0.006,0.000,0.000,0.000,0.000,0.000,0.000,0.013,0.000,0.000,0.006,0.006
98.3074,983,0,move,-1,98.3074,98.3194,0,0.000,-0.088,0.176,-0.176,-0.088,0.088,-0.264,-0.088,0.176,0.088,-43.154,30.674,-0.088,0.264,0.000,0.000,0.439,0.176,0.000,0.000,0.000,0.000,0.000,0.000,0.000,0.000,0.000,0.000,-42.955,30.587,0.000,0.000,0.000,0.000,0.000,0.000,0.006,2.4,11.30,32.0,0.000,0.000,0.000,0.000,0.000,0.000,0.000,0.000,0.006,0.000,0.000,0.000,0.000,0.006,0.000,0.000,0.006,0.006
98.4073,984,0,move,-1,98.4073,98.4208,0,0.000,-0.088,0.176,-0.176,-0.088,0.088,-0.264,-0.088,0.176,0.088,-43.154,30.674,-0.088,0.264,0.000,0.000,0.439,0.176,0.000,0.000,0.000,0.000,0.000,0.000,0.000,0.000,0.000,0.000,-42.955,30.587,0.000,0.000,0.000,0.000,0.000,0.000,0.013,3.2,11.30,28.0,0.000,0.000,0.000,0.000,0.000,0.000,0.000,0.000,0.006,0.000,0.006,0.000,0.000,0.013,0.000,0.000,0.006,0.000
98.5074,985,0,move,-1,98.5074,98.5183,0,0.000,-0.088,0.176,-0.176,-0.088,0.088,-0.264,-0.088,0.176,0.088,-43.154,30.674,-0.088,0.264,0.000,0.000,0.439,0.176,0.000,0.000,0.000,0.000,0.000,0.000,0.000,0.000,0.000,0.000,-42.955,30.587,0.000,0.000,0.000,0.000,0.000,0.000,0.013,3.2,11.30,28.0,0.000,0.000,0.000,0.000,0.000,0.000,0.000,0.000,0.006,0.000,0.006,0.000,0.000,0.013,0.000,0.000,0.006,0.000
98.6073,986,0,move,-1,98.6073,98.6193,0,0.000,-0.088,0.176,-0.176,-0.088,0.088,-0.264,-0.088,0.176,0.088,-43.154,30.674,-0.088,0.264,0.000,0.000,0.439,0.176,0.000,0.000,0.000,0.000,0.000,0.000,0.000,0.000,0.000,0.000,-42.955,30.587,0.000,0.000,0.000,0.000,0.000,0.000,0.006,3.2,11.20,32.0,0.000,0.000,0.000,0.000,0.000,0.000,0.006,0.000,0.006,0.000,0.000,0.000,0.000,0.006,0.000,0.000,0.006,0.006
98.7074,987,0,move,-1,98.7074,98.7185,0,0.000,-0.088,0.176,-0.176,-0.088,0.088,-0.264,-0.088,0.176,0.088,-43.154,30.674,-0.088,0.264,0.000,0.000,0.439,0.176,0.000,0.000,0.000,0.000,0.000,0.000,0.000,0.000,0.000,0.000,-42.955,30.587,0.000,0.000,0.000,0.000,0.000,0.000,0.006,3.2,11.20,32.0,0.000,0.000,0.000,0.000,0.000,0.000,0.006,0.000,0.006,0.000,0.000,0.000,0.000,0.006,0.000,0.000,0.006,0.006
98.8075,988,0,move,-1,98.8075,98.8189,0,0.000,-0.088,0.176,-0.176,-0.088,0.088,-0.264,-0.088,0.176,0.088,-43.154,30.674,-0.088,0.264,0.000,0.000,0.439,0.176,0.000,0.000,0.000,0.000,0.000,0.000,0.000,0.000,0.000,0.000,-42.955,30.587,0.000,0.000,0.000,0.000,0.000,0.000,0.013,3.2,11.30,28.0,0.000,0.000,0.000,0.000,0.000,0.000,0.006,0.000,0.000,0.000,0.006,0.000,0.000,0.013,0.000,0.000,0.006,0.000
98.9073,989,0,move,-1,98.9073,98.9172,0,0.000,-0.088,0.176,-0.176,-0.088,0.088,-0.264,-0.088,0.176,0.088,-43.154,30.674,-0.088,0.264,0.000,0.000,0.439,0.176,0.000,0.000,0.000,0.000,0.000,0.000,0.000,0.000,0.000,0.000,-42.955,30.587,0.000,0.000,0.000,0.000,0.000,0.000,0.013,3.2,11.30,28.0,0.000,0.000,0.000,0.000,0.000,0.000,0.006,0.000,0.000,0.000,0.006,0.000,0.000,0.013,0.000,0.000,0.006,0.000
99.0191,990,0,move,-1,99.0191,99.0869,0,0.000,-0.088,0.176,-0.176,-0.088,0.088,-0.264,-0.088,0.176,0.088,-43.154,30.674,-0.088,0.264,0.000,0.000,0.439,0.176,0.000,0.000,0.000,0.000,0.000,0.000,0.000,0.000,0.000,0.000,-42.955,30.587,0.000,0.000,0.000,0.000,0.000,0.000,0.006,3.2,11.30,28.0,0.000,0.000,0.000,0.000,0.000,0.000,0.000,0.000,0.000,0.000,0.000,0.000,0.000,0.006,0.000,0.000,0.006,0.000
99.1073,991,0,move,-1,99.1073,99.1194,0,0.000,-0.088,0.176,-0.176,-0.088,0.088,-0.264,-0.088,0.176,0.088,-43.154,30.674,-0.088,0.264,0.000,0.000,0.439,0.176,0.000,0.000,0.000,0.000,0.000,0.000,0.000,0.000,0.000,0.000,-42.955,30.587,0.000,0.000,0.000,0.000,0.000,0.000,0.006,3.2,11.30,28.0,0.000,0.000,0.000,0.000,0.000,0.000,0.000,0.000,0.000,0.000,0.000,0.000,0.000,0.006,0.000,0.000,0.006,0.000
99.2076,992,0,move,-1,99.2076,99.2191,0,0.000,-0.088,0.176,-0.176,-0.088,0.088,-0.264,-0.088,0.176,0.088,-43.154,30.674,-0.088,0.264,0.000,0.000,0.439,0.176,0.000,0.000,0.000,0.000,0.000,0.000,0.000,0.000,0.000,0.000,-42.955,30.587,0.000,0.000,0.000,0.000,0.000,0.000,0.013,3.2,11.30,28.0,0.000,0.000,0.000,0.000,0.000,0.000,0.006,0.000,0.000,0.000,0.000,0.000,0.000,0.013,0.000,0.000,0.013,0.006
99.3075,993,0,move,-1,99.3075,99.3181,0,0.000,-0.088,0.176,-0.176,-0.088,0.088,-0.264,-0.088,0.176,0.088,-43.154,30.674,-0.088,0.264,0.000,0.000,0.439,0.176,0.000,0.000,0.000,0.000,0.000,0.000,0.000,0.000,0.000,0.000,-42.955,30.587,0.000,0.000,0.000,0.000,0.000,0.000,0.013,3.2,11.30,28.0,0.000,0.000,0.000,0.000,0.000,0.000,0.006,0.000,0.000,0.000,0.000,0.000,0.000,0.013,0.000,0.000,0.013,0.006
99.4073,994,0,move,-1,99.4073,99.4194,0,0.000,-0.088,0.176,-0.176,-0.088,0.088,-0.264,-0.088,0.176,0.088,-43.154,30.674,-0.088,0.264,0.000,0.000,0.439,0.176,0.000,0.000,0.000,0.000,0.000,0.000,0.000,0.000,0.000,0.000,-42.955,30.587,0.000,0.000,0.000,0.000,0.000,0.000,0.006,2.4,11.30,32.0,0.000,0.000,0.000,0.006,0.000,0.000,0.000,0.000,0.000,0.000,0.000,0.000,0.000,0.006,0.000,0.000,0.006,0.006
99.5090,995,0,move,-1,99.5090,99.5154,0,0.000,-0.088,0.176,-0.176,-0.088,0.088,-0.264,-0.088,0.176,0.088,-43.154,30.674,-0.088,0.264,0.000,0.000,0.439,0.176,0.000,0.000,0.000,0.000,0.000,0.000,0.000,0.000,0.000,0.000,-42.955,30.587,0.000,0.000,0.000,0.000,0.000,0.000,0.006,2.4,11.30,32.0,0.000,0.000,0.000,0.006,0.000,0.000,0.000,0.000,0.000,0.000,0.000,0.000,0.000,0.006,0.000,0.000,0.006,0.006
99.6074,996,0,move,-1,99.6074,99.6171,0,0.000,-0.088,0.176,-0.176,-0.088,0.088,-0.264,-0.088,0.176,0.088,-43.154,30.674,-0.088,0.264,0.000,0.000,0.439,0.176,0.000,0.000,0.000,0.000,0.000,0.000,0.000,0.000,0.000,0.000,-42.955,30.587,0.000,0.000,0.000,0.000,0.000,0.000,0.006,3.2,11.20,32.0,0.000,0.000,0.000,0.000,0.000,0.000,0.006,0.000,0.006,0.000,0.000,0.000,0.000,0.006,0.000,0.000,0.006,0.006
99.7075,997,0,move,-1,99.7075,99.7191,0,0.000,-0.088,0.176,-0.176,-0.088,0.088,-0.264,-0.088,0.176,0.088,-43.154,30.674,-0.088,0.264,0.000,0.000,0.439,0.176,0.000,0.000,0.000,0.000,0.000,0.000,0.000,0.000,0.000,0.000,-42.955,30.587,0.000,0.000,0.000,0.000,0.000,0.000,0.006,2.4,11.30,32.0,0.000,0.000,0.000,0.006,0.000,0.000,0.006,0.000,0.006,0.000,0.000,0.000,0.000,0.006,0.000,0.000,0.006,0.006
99.8075,998,0,move,-1,99.8075,99.8211,0,0.000,-0.088,0.176,-0.176,-0.088,0.088,-0.264,-0.088,0.176,0.088,-43.154,30.674,-0.088,0.264,0.000,0.000,0.439,0.176,0.000,0.000,0.000,0.000,0.000,0.000,0.000,0.000,0.000,0.000,-42.955,30.587,0.000,0.000,0.000,0.000,0.000,0.000,0.013,3.2,11.30,28.0,0.000,0.000,0.000,0.006,0.000,0.000,0.000,0.000,0.006,0.000,0.006,0.000,0.000,0.013,0.000,0.000,0.006,0.006
99.9075,999,0,move,-1,99.9075,99.9225,0,0.000,-0.088,0.176,-0.176,-0.088,0.088,-0.264,-0.088,0.176,0.088,-43.154,30.674,-0.088,0.264,0.000,0.000,0.439,0.176,0.000,0.000,0.000,0.000,0.000,0.000,0.000,0.000,0.000,0.000,-42.955,30.587,0.000,0.000,0.000,0.000,0.000,0.000,0.006,3.2,11.30,28.0,0.000,0.000,0.000,0.000,0.000,0.000,0.000,0.000,0.000,0.000,0.000,0.000,0.000,0.006,0.000,0.000,0.006,0.006
100.0073,1000,0,move,-1,100.0073,100.0288,0,0.000,-0.088,0.176,-0.176,-0.088,0.088,-0.264,-0.088,0.176,0.088,-43.154,30.674,-0.088,0.264,0.000,0.000,0.439,0.176,0.000,0.000,0.000,0.000,0.000,0.000,0.000,0.000,0.000,0.000,-43.059,30.640,0.000,0.000,0.000,0.000,0.000,0.000,0.006,2.0,11.30,31.0,0.000,0.000,0.000,0.000,0.000,0.000,0.000,0.000,0.000,0.000,0.006,0.000,0.000,0.006,0.000,0.000,0.006,0.000
100.1076,1001,0,move,-1,100.1076,100.1150,0,0.000,-0.088,0.176,-0.176,-0.088,0.088,-0.264,-0.088,0.176,0.088,-43.154,30.674,-0.088,0.264,0.000,0.000,0.439,0.176,0.000,0.000,0.000,0.000,0.000,0.000,0.000,0.000,0.000,0.000,-43.362,30.795,0.000,0.000,0.000,0.000,0.000,0.000,0.006,2.0,11.30,31.0,0.000,0.000,0.000,0.000,0.000,0.000,0.000,0.000,0.000,0.000,0.006,0.000,0.000,0.006,0.000,0.000,0.006,0.000
100.2076,1002,0,move,-1,100.2076,100.2190,0,0.000,-0.088,0.176,-0.176,-0.088,0.088,-0.264,-0.088,0.176,0.088,-43.154,30.674,-0.088,0.264,0.000,0.000,0.439,0.176,0.000,0.000,0.000,0.000,0.000,0.000,0.000,0.000,0.000,0.000,-43.833,31.033,0.000,0.000,0.000,0.000,0.000,0.000,0.006,2.4,11.30,32.0,0.000,0.000,0.000,0.006,0.000,0.000,0.000,0.000,0.000,0.000,0.000,0.000,0.000,0.006,0.000,0.000,0.006,0.000
100.3075,1003,0,move,-1,100.3075,100.3175,0,0.000,-0.088,0.176,-0.176,-0.088,0.088,-0.264,-0.088,0.176,0.088,-43.154,31.025,-0.088,0.264,0.000,0.000,0.439,0.176,0.000,0.000,0.000,0.000,0.000,0.000,0.000,0.000,0.000,0.000,-44.421,31.329,0.000,0.000,0.000,0.000,0.000,0.000,0.006,2.4,11.30,32.0,0.000,0.000,0.000,0.006,0.000,0.000,0.000,0.000,0.000,0.000,0.000,0.000,0.000,0.006,0.000,0.000,0.006,0.000
100.4074,1004,0,move,-1,100.4074,100.4189,0,0.000,-0.088,0.176,-0.176,-0.088,0.088,-0.264,-0.088,0.176,0.088,-43.857,31.113,-0.088,0.264,0.000,0.000,0.439,0.176,0.000,0.000,0.000,0.000,0.000,0.000,0.000,0.000,0.000,0.000,-45.069,31.653,0.000,0.000,0.000,0.000,0.000,0.000,0.013,6.8,11.30,31.0,0.000,0.000,0.000,0.000,0.000,0.000,0.000,0.000,0.000,0.000,0.013,0.000,0.000,0.006,0.000,0.000,0.006,0.000
100.5075,1005,0,move,-1,100.5075,100.5176,0,0.000,-0.088,0.176,-0.176,-0.088,0.088,-0.264,-0.088,0.176,0.088,-44.385,31.553,-0.088,0.264,0.000,0.000,0.439,0.176,0.000,0.000,0.000,0.000,0.000,0.000,0.000,0.000,0.000,0.000,-45.712,31.972,0.000,0.000,0.000,0.000,0.000,0.000,0.013,6.8,11.30,31.0,0.000,0.000,0.000,0.000,0.000,0.000,0.000,0.000,0.000,0.000,0.013,0.000,0.000,0.006,0.000,0.000,0.006,0.000
100.6139,1006,0,move,-1,100.6139,100.6564,0,0.000,-0.088,0.176,-0.176,-0.088,0.088,-0.264,-0.088,0.176,0.088,-45.264,31.992,-0.088,0.264,0.000,0.000,0.439,0.176,0.000,0.000,0.000,0.000,0.000,0.000,0.000,0.000,0.000,0.000,-46.288,32.255,0.000,0.000,0.000,0.000,0.000,0.000,0.019,8.0,11.30,31.0,0.000,0.000,0.000,0.000,0.000,0.000,0.006,0.000,0.006,0.000,0.019,0.006,0.000,0.006,0.000,0.000,0.006,0.006
100.7089,1007,0,move,-1,100.7089,100.7216,0,0.000,-0.088,0.176,-0.176,-0.088,0.088,-0.264,-0.088,0.176,0.088,-45.615,32.080,-0.088,0.264,0.000,0.000,0.439,0.176,0.000,0.000,0.000,0.000,0.000,0.000,0.000,0.000,0.000,0.000,-46.742,32.477,0.000,0.000,0.000,0.000,0.000,0.000,0.019,8.0,11.30,31.0,0.000,0.000,0.000,0.000,0.000,0.000,0.006,0.000,0.006,0.000,0.019,0.006,0.000,0.006,0.000,0.000,0.006,0.006
100.8076,1008,0,move,-1,100.8076,100.8182,0,0.000,-0.088,0.176,-0.176,-0.088,0.088,-0.264,-0.088,0.176,0.088,-46.143,32.520,-0.088,0.264,0.000,0.000,0.439,0.176,0.000,0.000,0.000,0.000,0.000,0.000,0.000,0.000,0.000,0.000,-47.033,32.619,0.000,0.000,0.000,0.000,0.000,0.000,0.013,7.6,11.30,31.0,0.000,0.000,0.000,0.006,0.000,0.000,0.000,0.000,0.000,0.000,0.013,0.000,0.000,0.006,0.000,0.006,0.006,0.006
100.9075,1009,0,move,-1,100.9075,100.9347,0,0.000,-0.088,0.176,-0.176,-0.088,0.088,-0.264,-0.088,0.176,0.088,-46.582,32.520,-0.088,0.264,0.000,0.000,0.439,0.176,0.000,0.000,0.000,0.000,0.000,0.000,0.000,0.000,0.000,0.000,-47.133,32.667,0.000,0.000,0.000,0.000,0.000,0.000,0.006,2.4,11.30,32.0,0.000,0.000,0.000,0.006,0.000,0.000,0.006,0.000,0.006,0.000,0.006,0.000,0.000,0.006,0.000,0.000,0.006,0.006
101.0073,1010,0,move,-1,101.0073,101.0200,0,0.000,-0.088,0.176,-0.176,-0.088,0.088,-0.264,-0.088,0.176,0.088,-46.582,32.607,-0.088,0.264,0.000,0.000,0.439,0.176,0.000,0.000,0.000,0.000,0.000,0.000,0.000,0.000,0.000,0.000,-47.133,32.667,0.000,0.000,0.000,0.000,0.000,0.000,0.006,2.4,11.30,32.0,0.000,0.000,0.000,0.006,0.000,0.000,0.006,0.000,0.006,0.000,0.006,0.000,0.000,0.006,0.000,0.000,0.006,0.006
101.1095,1011,0,move,-1,101.1095,101.1159,0,0.000,-0.088,0.176,-0.176,-0.088,0.088,-0.264,-0.088,0.176,0.088,-46.582,32.695,-0.088,0.264,0.000,0.000,0.439,0.176,0.000,0.000,0.000,0.000,0.000,0.000,0.000,0.000,0.000,0.000,-47.133,32.667,0.000,0.000,0.000,0.000,0.000,0.000,0.013,5.6,11.20,31.0,0.000,0.000,0.000,0.006,0.000,0.000,0.000,0.000,0.000,0.000,0.013,0.000,0.000,0.000,0.000,0.000,0.006,0.000
101.2074,1012,0,move,-1,101.2074,101.2175,0,0.000,-0.088,0.176,-0.176,-0.088,0.088,-0.264,-0.088,0.176,0.088,-46.582,32.695,-0.088,0.264,0.000,0.000,0.439,0.176,0.000,0.000,0.000,0.000,0.000,0.000,0.000,0.000,0.000,0.000,-47.133,32.667,0.000,0.000,0.000,0.000,0.000,0.000,0.013,5.6,11.30,31.0,0.000,0.000,0.000,0.000,0.000,0.000,0.000,0.000,0.000,0.000,0.013,0.000,0.000,0.006,0.000,0.000,0.006,0.006
101.3075,1013,0,move,-1,101.3075,101.3196,0,0.000,-0.088,0.176,-0.176,-0.088,0.088,-0.264,-0.088,0.176,0.088,-46.582,32.695,-0.088,0.264,0.000,0.000,0.439,0.176,0.000,0.000,0.000,0.000,0.000,0.000,0.000,0.000,0.000,0.000,-47.133,32.667,0.000,0.000,0.000,0.000,0.000,0.000,0.006,2.4,11.30,32.0,0.000,0.000,0.006,0.000,0.000,0.000,0.006,0.000,0.000,0.000,0.006,0.000,0.000,0.006,0.000,0.000,0.006,0.000
101.4073,1014,0,move,-1,101.4073,101.4208,0,0.000,-0.088,0.176,-0.176,-0.088,0.088,-0.264,-0.088,0.176,0.088,-46.582,32.695,-0.088,0.264,0.000,0.000,0.439,0.176,0.000,0.000,0.000,0.000,0.000,0.000,0.000,0.000,0.000,0.000,-47.133,32.667,0.000,0.000,0.000,0.000,0.000,0.000,0.013,5.6,11.30,31.0,0.000,0.000,0.000,0.000,0.000,0.006,0.000,0.000,0.000,0.000,0.013,0.000,0.000,0.013,0.000,0.000,0.013,0.006
101.5109,1015,0,move,-1,101.5109,101.5368,0,0.000,-0.088,0.176,-0.176,-0.088,0.088,-0.264,-0.088,0.176,0.088,-46.582,32.695,-0.088,0.264,0.000,0.000,0.439,0.176,0.000,0.000,0.000,0.000,0.000,0.000,0.000,0.000,0.000,0.000,-47.133,32.667,0.000,0.000,0.000,0.000,0.000,0.000,0.013,5.6,11.30,31.0,0.000,0.000,0.000,0.006,0.000,0.000,0.000,0.000,0.000,0.000,0.013,0.000,0.000,0.013,0.000,0.000,0.006,0.006
101.6073,1016,0,move,-1,101.6073,101.6291,0,0.000,-0.088,0.176,-0.176,-0.088,0.088,-0.264,-0.088,0.176,0.088,-46.582,32.695,-0.088,0.264,0.000,0.000,0.439,0.176,0.000,0.000,0.000,0.000,0.000,0.000,0.000,0.000,0.000,0.000,-47.133,32.667,0.000,0.000,0.000,0.000,0.000,0.000,0.013,5.6,11.30,31.0,0.000,0.000,0.000,0.006,0.000,0.000,0.000,0.000,0.000,0.000,0.013,0.000,0.000,0.013,0.000,0.000,0.006,0.006
101.7075,1017,0,move,-1,101.7075,101.7197,0,0.000,-0.088,0.176,-0.176,-0.088,0.088,-0.264,-0.088,0.176,0.088,-46.582,32.695,-0.088,0.264,0.000,0.000,0.439,0.176,0.000,0.000,0.000,0.000,0.000,0.000,0.000,0.000,0.000,0.000,-47.133,32.667,0.000,0.000,0.000,0.000,0.000,0.000,0.013,3.2,11.30,28.0,0.000,0.000,0.000,0.000,0.000,0.000,0.006,0.000,0.006,0.000,0.006,0.000,0.000,0.013,0.000,0.000,0.013,0.000
101.8073,1018,0,move,-1,101.8073,101.8181,0,0.000,-0.088,0.176,-0.176,-0.088,0.088,-0.264,-0.088,0.176,0.088,-46.582,32.695,-0.088,0.264,0.000,0.000,0.439,0.176,0.000,0.000,0.000,0.000,0.000,0.000,0.000,0.000,0.000,0.000,-47.133,32.667,0.000,0.000,0.000,0.000,0.000,0.000,0.013,3.2,11.30,28.0,0.000,0.000,0.000,0.000,0.000,0.000,0.006,0.000,0.006,0.000,0.006,0.000,0.000,0.013,0.000,0.000,0.013,0.000
101.9075,1019,0,move,-1,101.9075,101.9187,0,0.000,-0.088,0.176,-0.176,-0.088,0.088,-0.264,-0.088,0.176,0.088,-46.582,32.695,-0.088,0.264,0.000,0.000,0.439,0.176,0.000,0.000,0.000,0.000,0.000,0.000,0.000,0.000,0.000,0.000,-47.133,32.667,0.000,0.000,0.000,0.000,0.000,0.000,0.013,5.6,11.30,31.0,0.000,0.000,0.000,0.006,0.000,0.000,0.006,0.000,0.000,0.000,0.013,0.000,0.000,0.013,0.000,0.000,0.013,0.000
102.0074,1020,0,move,-1,102.0074,102.0174,0,0.000,-0.088,0.176,-0.176,-0.088,0.088,-0.264,-0.088,0.176,0.088,-46.582,32.695,-0.088,0.264,0.000,0.000,0.439,0.176,0.000,0.000,0.000,0.000,0.000,0.000,0.000,0.000,0.000,0.000,-47.133,32.667,0.000,0.000,0.000,0.000,0.000,0.000,0.013,5.6,11.30,31.0,0.000,0.000,0.000,0.006,0.000,0.000,0.006,0.000,0.000,0.000,0.013,0.000,0.000,0.013,0.000,0.000,0.013,0.000
102.1073,1021,0,move,-1,102.1073,102.1222,0,0.000,-0.088,0.176,-0.176,-0.088,0.088,-0.264,-0.088,0.176,0.088,-46.582,32.695,-0.088,0.264,0.000,0.000,0.439,0.176,0.000,0.000,0.000,0.000,0.000,0.000,0.000,0.000,0.000,0.000,-47.133,32.667,0.000,0.000,0.000,0.000,0.000,0.000,0.013,5.6,11.30,31.0,0.000,0.000,0.006,0.000,0.000,0.000,0.000,0.000,0.000,0.000,0.013,0.000,0.000,0.006,0.000,0.000,0.006,0.006
102.2076,1022,0,move,-1,102.2076,102.2153,0,0.000,-0.088,0.176,-0.176,-0.088,0.088,-0.264,-0.088,0.176,0.088,-46.582,32.695,-0.088,0.264,0.000,0.000,0.439,0.176,0.000,0.000,0.000,0.000,0.000,0.000,0.000,0.000,0.000,0.000,-47.133,32.667,0.000,0.000,0.000,0.000,0.000,0.000,0.013,5.6,11.30,31.0,0.000,0.000,0.006,0.000,0.000,0.000,0.000,0.000,0.000,0.000,0.013,0.000,0.000,0.006,0.000,0.000,0.006,0.006
102.3074,1023,0,move,-1,102.3074,102.3192,0,0.000,-0.088,0.176,-0.176,-0.088,0.088,-0.264,-0.088,0.176,0.088,-46.582,32.695,-0.088,0.264,0.000,0.000,0.439,0.176,0.000,0.000,0.000,0.000,0.000,0.000,0.000,0.000,0.000,0.000,-47.133,32.667,0.000,0.000,0.000,0.000,0.000,0.000,0.013,5.6,11.30,31.0,0.000,0.000,0.000,0.000,0.000,0.000,0.006,0.000,0.006,0.000,0.013,0.000,0.000,0.006,0.000,0.000,0.013,0.000
102.4073,1024,0,move,-1,102.4073,102.4197,0,0.000,-0.088,0.176,-0.176,-0.088,0.088,-0.264,-0.088,0.176,0.088,-46.582,32.695,-0.088,0.264,0.000,0.000,0.439,0.176,0.000,0.000,0.000,0.000,0.000,0.000,0.000,0.000,0.000,0.000,-47.133,32.667,0.000,0.000,0.000,0.000,0.000,0.000,0.013,5.6,11.30,31.0,0.000,0.000,0.000,0.000,0.000,0.000,0.006,0.000,0.000,0.000,0.013,0.000,0.000,0.006,0.000,0.000,0.013,0.000
102.5073,1025,0,move,-1,102.5073,102.5170,0,0.000,-0.088,0.176,-0.176,-0.088,0.088,-0.264,-0.088,0.176,0.088,-46.582,32.695,-0.088,0.264,0.000,0.000,0.439,0.176,0.000,0.000,0.000,0.000,0.000,0.000,0.000,0.000,0.000,0.000,-47.133,32.667,0.000,0.000,0.000,0.000,0.000,0.000,0.013,5.6,11.30,31.0,0.000,0.000,0.000,0.000,0.000,0.000,0.006,0.000,0.000,0.000,0.013,0.000,0.000,0.006,0.000,0.000,0.013,0.000
102.6075,1026,0,move,-1,102.6075,102.6178,0,0.000,-0.088,0.176,-0.176,-0.088,0.088,-0.264,-0.088,0.176,0.088,-46.582,32.695,-0.088,0.264,0.000,0.000,0.439,0.176,0.000,0.000,0.000,0.000,0.000,0.000,0.000,0.000,0.000,0.000,-47.133,32.667,0.000,0.000,0.000,0.000,0.000,0.000,0.006,2.4,11.30,32.0,0.000,0.000,0.000,0.006,0.000,0.000,0.006,0.000,0.000,0.000,0.006,0.000,0.000,0.006,0.000,0.000,0.006,0.006
102.7074,1027,0,move,-1,102.7074,102.7175,0,0.000,-0.088,0.176,-0.176,-0.088,0.088,-0.264,-0.088,0.176,0.088,-46.582,32.695,-0.088,0.264,0.000,0.000,0.439,0.176,0.000,0.000,0.000,0.000,0.000,0.000,0.000,0.000,0.000,0.000,-47.133,32.667,0.000,0.000,0.000,0.000,0.000,0.000,0.006,2.4,11.30,32.0,0.000,0.000,0.000,0.006,0.000,0.000,0.006,0.000,0.000,0.000,0.006,0.000,0.000,0.006,0.000,0.000,0.006,0.006
102.8185,1028,0,move,-1,102.8185,102.8534,0,0.000,-0.088,0.176,-0.176,-0.088,0.088,-0.264,-0.088,0.176,0.088,-46.582,32.695,-0.088,0.264,0.000,0.000,0.439,0.176,0.000,0.000,0.000,0.000,0.000,0.000,0.000,0.000,0.000,0.000,-47.133,32.667,0.000,0.000,0.000,0.000,0.000,0.000,0.013,3.2,11.30,28.0,0.000,0.000,0.000,0.006,0.000,0.000,0.006,0.000,0.000,0.000,0.006,0.000,0.000,0.013,0.000,0.000,0.006,0.000
102.9075,1029,0,move,-1,102.9075,102.9193,0,0.000,-0.088,0.176,-0.176,-0.088,0.088,-0.264,-0.088,0.176,0.088,-46.582,32.695,-0.088,0.264,0.000,0.000,0.439,0.176,0.000,0.000,0.000,0.000,0.000,0.000,0.000,0.000,0.000,0.000,-47.133,32.667,0.000,0.000,0.000,0.000,0.000,0.000,0.013,3.2,11.30,28.0,0.000,0.000,0.000,0.006,0.000,0.000,0.006,0.000,0.000,0.000,0.006,0.000,0.000,0.013,0.000,0.000,0.006,0.000
103.0075,1030,0,move,-1,103.0075,103.0189,0,0.000,-0.088,0.176,-0.176,-0.088,0.088,-0.264,-0.088,0.176,0.088,-46.582,32.695,-0.088,0.264,0.000,0.000,0.439,0.176,0.000,0.000,0.000,0.000,0.000,0.000,0.000,0.000,0.000,0.000,-47.133,32.667,0.000,0.000,0.000,0.000,0.000,0.000,0.013,5.6,11.30,31.0,0.000,0.000,0.000,0.006,0.000,0.000,0.006,0.000,0.000,0.000,0.013,0.000,0.000,0.013,0.000,0.000,0.006,0.006
103.1075,1031,0,move,-1,103.1075,103.1188,0,0.000,-0.088,0.176,-0.176,-0.088,0.088,-0.264,-0.088,0.176,0.088,-46.582,32.695,-0.088,0.264,0.000,0.000,0.439,0.176,0.000,0.000,0.000,0.000,0.000,0.000,0.000,0.000,0.000,0.000,-47.133,32.667,0.000,0.000,0.000,0.000,0.000,0.000,0.013,5.6,11.30,31.0,0.000,0.000,0.000,0.006,0.000,0.000,0.006,0.000,0.000,0.000,0.013,0.000,0.000,0.013,0.000,0.000,0.006,0.006
103.2075,1032,0,move,-1,103.2075,103.2174,0,0.000,-0.088,0.176,-0.176,-0.088,0.088,-0.264,-0.088,0.176,0.088,-46.582,32.695,-0.088,0.264,0.000,0.000,0.439,0.176,0.000,0.000,0.000,0.000,0.000,0.000,0.000,0.000,0.000,0.000,-47.133,32.667,0.000,0.000,0.000,0.000,0.000,0.000,0.013,3.2,11.30,28.0,0.000,0.000,0.000,0.000,0.000,0.000,0.006,0.000,0.000,0.000,0.006,0.000,0.000,0.013,0.000,0.006,0.006,0.006
103.3075,1033,0,move,-1,103.3075,103.3191,0,0.000,-0.088,0.176,-0.176,-0.088,0.088,-0.264,-0.088,0.176,0.088,-46.582,32.695,-0.088,0.264,0.000,0.000,0.439,0.176,0.000,0.000,0.000,0.000,0.000,0.000,0.000,0.000,0.000,0.000,-47.133,32.667,0.000,0.000,0.000,0.000,0.000,0.000,0.013,5.6,11.30,31.0,0.000,0.000,0.000,0.006,0.000,0.000,0.000,0.000,0.000,0.000,0.013,0.000,0.000,0.006,0.000,0.000,0.013,0.006
103.4075,1034,0,move,-1,103.4075,103.4174,0,0.000,-0.088,0.176,-0.176,-0.088,0.088,-0.264,-0.088,0.176,0.088,-46.582,32.695,-0.088,0.264,0.000,0.000,0.439,0.176,0.000,0.000,0.000,0.000,0.000,0.000,0.000,0.000,0.000,0.000,-47.133,32.667,0.000,0.000,0.000,0.000,0.000,0.000,0.013,5.6,11.30,31.0,0.000,0.000,0.000,0.006,0.000,0.000,0.000,0.000,0.000,0.000,0.013,0.000,0.000,0.006,0.000,0.000,0.013,0.006
103.5075,1035,0,move,-1,103.5075,103.5190,0,0.000,-0.088,0.176,-0.176,-0.088,0.088,-0.264,-0.088,0.176,0.088,-46.582,32.695,-0.088,0.264,0.000,0.000,0.439,0.176,0.000,0.000,0.000,0.000,0.000,0.000,0.000,0.000,0.000,0.000,-47.133,32.667,0.000,0.000,0.000,0.000,0.000,0.000,0.013,5.6,11.30,31.0,0.000,0.000,0.000,0.000,0.000,0.000,0.006,0.000,0.000,0.000,0.013,0.000,0.000,0.013,0.000,0.006,0.013,0.000
103.6155,1036,0,move,-1,103.6155,103.6372,0,0.000,-0.088,0.176,-0.176,-0.088,0.088,-0.264,-0.088,0.176,0.088,-46.582,32.695,-0.088,0.264,0.000,0.000,0.439,0.176,0.000,0.000,0.000,0.000,0.000,0.000,0.000,0.000,0.000,0.000,-47.133,32.667,0.000,0.000,0.000,0.000,0.000,0.000,0.013,5.6,11.30,31.0,0.000,0.000,0.000,0.000,0.000,0.000,0.006,0.000,0.006,0.000,0.013,0.000,0.000,0.006,0.000,0.000,0.006,0.006
103.7075,1037,0,move,-1,103.7075,103.7176,0,0.000,-0.088,0.176,-0.176,-0.088,0.088,-0.264,-0.088,0.176,0.088,-46.582,32.695,-0.088,0.264,0.000,0.000,0.439,0.176,0.000,0.000,0.000,0.000,0.000,0.000,0.000,0.000,0.000,0.000,-47.133,32.667,0.000,0.000,0.000,0.000,0.000,0.000,0.013,5.6,11.30,31.0,0.000,0.000,0.000,0.000,0.000,0.000,0.006,0.000,0.006,0.000,0.013,0.000,0.000,0.006,0.000,0.000,0.006,0.006
103.8127,1038,0,move,-1,103.8127,103.8250,0,0.000,-0.088,0.176,-0.176,-0.088,0.088,-0.264,-0.088,0.176,0.088,-46.582,32.695,-0.088,0.264,0.000,0.000,0.439,0.176,0.000,0.000,0.000,0.000,0.000,0.000,0.000,0.000,0.000,0.000,-47.133,32.667,0.000,0.000,0.000,0.000,0.000,0.000,0.013,3.2,11.30,28.0,0.000,0.000,0.000,0.000,0.000,0.000,0.000,0.000,0.000,0.000,0.006,0.000,0.000,0.013,0.000,0.000,0.006,0.000
103.9104,1039,0,move,-1,103.9104,103.9252,0,0.000,-0.088,0.176,-0.176,-0.088,0.088,-0.264,-0.088,0.176,0.088,-46.582,32.695,-0.088,0.264,0.000,0.000,0.439,0.176,0.000,0.000,0.000,0.000,0.000,0.000,0.000,0.000,0.000,0.000,-47.133,32.667,0.000,0.000,0.000,0.000,0.000,0.000,0.013,5.6,11.30,31.0,0.000,0.000,0.000,0.000,0.000,0.000,0.006,0.000,0.000,0.000,0.013,0.000,0.000,0.013,0.000,0.000,0.006,0.006
104.0075,1040,0,move,-1,104.0075,104.0207,0,0.000,-0.088,0.176,-0.176,-0.088,0.088,-0.264,-0.088,0.176,0.088,-46.582,32.695,-0.088,0.264,0.000,0.000,0.439,0.176,0.000,0.000,0.000,0.000,0.000,0.000,0.000,0.000,0.000,0.000,-47.233,32.716,0.000,0.000,0.000,0.000,0.000,0.000,0.013,5.6,11.30,31.0,0.000,0.000,0.000,0.000,0.000,0.000,0.006,0.000,0.000,0.000,0.013,0.000,0.000,0.013,0.000,0.000,0.006,0.006
104.1075,1041,0,move,-1,104.1075,104.1361,0,0.000,-0.088,0.176,-0.176,-0.088,0.088,-0.264,-0.088,0.176,0.088,-46.582,32.695,-0.088,0.264,0.000,0.000,0.439,0.176,0.000,0.000,0.000,0.000,0.000,0.000,0.000,0.000,0.000,0.000,-47.522,32.856,0.000,0.000,0.000,0.000,0.000,0.000,0.013,6.4,11.30,31.0,0.000,0.000,0.000,0.000,0.000,0.000,0.006,0.000,0.006,0.000,0.013,0.000,0.000,0.013,0.000,0.000,0.006,0.006
104.2075,1042,0,move,-1,104.2075,104.2177,0,0.000,-0.088,0.176,-0.176,-0.088,0.088,-0.264,-0.088,0.176,0.088,-47.109,32.871,-0.088,0.264,0.000,0.000,0.439,0.176,0.000,0.000,0.000,0.000,0.000,0.000,0.000,0.000,0.000,0.000,-47.971,33.071,0.000,0.000,0.000,0.000,0.000,0.000,0.013,6.4,11.30,31.0,0.000,0.000,0.000,0.000,0.000,0.000,0.006,0.000,0.006,0.000,0.013,0.000,0.000,0.013,0.000,0.000,0.006,0.006
104.3075,1043,0,move,-1,104.3075,104.3192,0,0.000,-0.088,0.176,-0.176,-0.088,0.088,-0.264,-0.088,0.176,0.088,-47.461,32.959,-0.088,0.264,0.000,0.000,0.439,0.176,0.000,0.000,0.000,0.000,0.000,0.000,0.000,0.000,0.000,0.000,-48.535,33.340,0.000,0.000,0.000,0.000,0.000,0.000,0.006,2.4,11.30,32.0,0.000,0.000,0.000,0.000,0.000,0.000,0.000,0.000,0.006,0.000,0.006,0.000,0.000,0.006,0.000,0.000,0.006,0.000
104.4074,1044,0,move,-1,104.4074,104.4147,0,0.000,-0.088,0.176,-0.176,-0.088,0.088,-0.264,-0.088,0.176,0.088,-47.812,33.223,-0.088,0.264,0.000,0.000,0.439,0.176,0.000,0.000,0.000,0.000,0.000,0.000,0.000,0.000,0.000,0.000,-49.154,33.634,0.000,0.000,0.000,0.000,0.000,0.000,0.006,2.4,11.30,32.0,0.000,0.000,0.000,0.000,0.000,0.000,0.000,0.000,0.006,0.000,0.006,0.000,0.000,0.006,0.000,0.000,0.006,0.000
104.5073,1045,0,move,-1,104.5073,104.5180,0,0.000,-0.088,0.176,-0.176,-0.088,0.088,-0.264,-0.088,0.176,0.088,-48.516,33.486,-0.088,0.264,0.000,0.000,0.439,0.176,0.000,0.000,0.000,0.000,0.000,0.000,0.000,0.000,0.000,0.000,-49.772,33.924,0.000,0.000,0.000,0.000,0.000,0.000,0.013,3.2,11.30,28.0,0.000,0.000,0.000,0.000,0.000,0.000,0.006,0.000,0.000,0.000,0.006,0.006,0.000,0.013,0.000,0.000,0.006,0.006
104.6073,1046,0,move,-1,104.6073,104.6182,0,0.000,-0.088,0.176,-0.176,-0.088,0.088,-0.264,-0.088,0.176,0.088,-49.043,33.838,-0.088,0.264,0.000,0.000,0.439,0.176,0.000,0.000,0.000,0.000,0.000,0.000,0.000,0.000,0.000,0.000,-50.327,34.182,0.000,0.000,0.000,0.000,0.000,0.000,0.013,6.8,11.30,31.0,0.000,0.000,0.000,0.000,0.000,0.000,0.000,0.000,0.000,0.000,0.013,0.006,0.000,0.006,0.000,0.000,0.013,0.000
104.7075,1047,0,move,-1,104.7075,104.7200,0,0.000,-0.088,0.176,-0.176,-0.088,0.088,-0.264,-0.088,0.176,0.088,-49.658,34.102,-0.088,0.264,0.000,0.000,0.439,0.176,0.000,0.000,0.000,0.000,0.000,0.000,0.000,0.000,0.000,0.000,-50.765,34.384,0.000,0.000,0.000,0.000,0.000,0.000,0.013,7.2,11.20,31.0,0.000,0.000,0.000,0.000,0.000,0.000,0.006,0.000,0.000,0.000,0.013,0.000,0.000,0.006,0.000,0.000,0.006,0.000
104.8075,1048,0,move,-1,104.8075,104.8198,0,0.000,-0.088,0.176,-0.176,-0.088,0.088,-0.264,-0.088,0.176,0.088,-50.098,34.365,-0.088,0.264,0.000,0.000,0.439,0.176,0.000,0.000,0.000,0.000,0.000,0.000,0.000,0.000,0.000,0.000,-51.045,34.512,0.000,0.000,0.000,0.000,0.000,0.000,0.013,7.2,11.20,31.0,0.000,0.000,0.000,0.000,0.000,0.000,0.006,0.000,0.000,0.000,0.013,0.000,0.000,0.006,0.000,0.000,0.006,0.000
104.9075,1049,0,move,-1,104.9075,104.9214,0,0.000,-0.088,0.176,-0.176,-0.088,0.088,-0.264,-0.088,0.176,0.088,-50.537,34.453,-0.088,0.264,0.000,0.000,0.439,0.176,0.000,0.000,0.000,0.000,0.000,0.000,0.000,0.000,0.000,0.000,-51.141,34.556,0.000,0.000,0.000,0.000,0.000,0.000,0.000,0.0,11.30,31.0,0.000,0.000,0.000,0.000,0.000,0.000,0.000,0.000,0.000,0.000,0.000,0.000,0.000,0.000,0.000,0.000,0.000,0.000
105.0075,1050,0,move,-1,105.0075,105.0198,0,0.000,-0.088,0.176,-0.176,-0.088,0.088,-0.264,-0.088,0.176,0.088,-50.537,34.453,-0.088,0.264,0.000,0.000,0.439,0.176,0.000,0.000,0.000,0.000,0.000,0.000,0.000,0.000,0.000,0.000,-51.141,34.556,0.000,0.000,0.000,0.000,0.000,0.000,0.000,0.0,11.30,31.0,0.000,0.000,0.000,0.000,0.000,0.000,0.000,0.000,0.000,0.000,0.000,0.000,0.000,0.000,0.000,0.000,0.000,0.000
105.1079,1051,0,move,-1,105.1079,105.1520,0,0.000,-0.088,0.176,-0.176,-0.088,0.088,-0.264,-0.088,0.176,0.088,-50.625,34.453,-0.088,0.264,0.000,0.000,0.439,0.176,0.000,0.000,0.000,0.000,0.000,0.000,0.000,0.000,0.000,0.000,-51.141,34.556,0.000,0.000,0.000,0.000,0.000,0.000,0.013,3.2,11.30,28.0,0.000,0.000,0.000,0.000,0.000,0.000,0.006,0.000,0.000,0.000,0.006,0.000,0.000,0.013,0.000,0.000,0.013,0.000
105.2073,1052,0,move,-1,105.2073,105.2195,0,0.000,-0.088,0.176,-0.176,-0.088,0.088,-0.264,-0.088,0.176,0.088,-50.625,34.453,-0.088,0.264,0.000,0.000,0.439,0.176,0.000,0.000,0.000,0.000,0.000,0.000,0.000,0.000,0.000,0.000,-51.141,34.556,0.000,0.000,0.000,0.000,0.000,0.000,0.013,3.2,11.30,28.0,0.000,0.000,0.000,0.000,0.000,0.000,0.006,0.000,0.000,0.000,0.006,0.000,0.000,0.013,0.000,0.000,0.013,0.000
105.3128,1053,0,move,-1,105.3128,105.3337,0,0.000,-0.088,0.176,-0.176,-0.088,0.088,-0.264,-0.088,0.176,0.088,-50.625,34.453,-0.088,0.264,0.000,0.000,0.439,0.176,0.000,0.000,0.000,0.000,0.000,0.000,0.000,0.000,0.000,0.000,-51.141,34.556,0.000,0.000,0.000,0.000,0.000,0.000,0.013,5.6,11.30,31.0,0.000,0.000,0.000,0.000,0.000,0.000,0.006,0.000,0.000,0.000,0.013,0.000,0.000,0.006,0.000,0.000,0.006,0.000
105.4122,1054,0,move,-1,105.4122,105.4237,0,0.000,-0.088,0.176,-0.176,-0.088,0.088,-0.264,-0.088,0.176,0.088,-50.625,34.453,-0.088,0.264,0.000,0.000,0.439,0.176,0.000,0.000,0.000,0.000,0.000,0.000,0.000,0.000,0.000,0.000,-51.141,34.556,0.000,0.000,0.000,0.000,0.000,0.000,0.013,5.6,11.30,31.0,0.000,0.000,0.000,0.000,0.000,0.000,0.006,0.000,0.000,0.000,0.013,0.000,0.000,0.006,0.000,0.000,0.006,0.000
105.5075,1055,0,move,-1,105.5075,105.5193,0,0.000,-0.088,0.176,-0.176,-0.088,0.088,-0.264,-0.088,0.176,0.088,-50.625,34.453,-0.088,0.264,0.000,0.000,0.439,0.176,0.000,0.000,0.000,0.000,0.000,0.000,0.000,0.000,0.000,0.000,-51.141,34.556,0.000,0.000,0.000,0.000,0.000,0.000,0.013,5.6,11.20,31.0,0.000,0.000,0.000,0.000,0.000,0.000,0.006,0.000,0.000,0.000,0.013,0.000,0.000,0.013,0.000,0.000,0.006,0.006
105.6117,1056,0,move,-1,105.6117,105.6241,0,0.000,-0.088,0.176,-0.176,-0.088,0.088,-0.264,-0.088,0.176,0.088,-50.625,34.453,-0.088,0.264,0.000,0.000,0.439,0.176,0.000,0.000,0.000,0.000,0.000,0.000,0.000,0.000,0.000,0.000,-51.141,34.556,0.000,0.000,0.000,0.000,0.000,0.000,0.013,3.2,11.30,28.0,0.000,0.000,0.006,0.006,0.000,0.000,0.000,0.000,0.000,0.000,0.006,0.000,0.000,0.013,0.000,0.000,0.013,0.000
105.7073,1057,0,move,-1,105.7073,105.7165,0,0.000,-0.088,0.176,-0.176,-0.088,0.088,-0.264,-0.088,0.176,0.088,-50.625,34.453,-0.088,0.264,0.000,0.000,0.439,0.176,0.000,0.000,0.000,0.000,0.000,0.000,0.000,0.000,0.000,0.000,-51.141,34.556,0.000,0.000,0.000,0.000,0.000,0.000,0.013,3.2,11.30,28.0,0.000,0.000,0.006,0.006,0.000,0.000,0.000,0.000,0.000,0.000,0.006,0.000,0.000,0.013,0.000,0.000,0.013,0.000
105.8075,1058,0,move,-1,105.8075,105.8233,0,0.000,-0.088,0.176,-0.176,-0.088,0.088,-0.264,-0.088,0.176,0.088,-50.625,34.453,-0.088,0.264,0.000,0.000,0.439,0.176,0.000,0.000,0.000,0.000,0.000,0.000,0.000,0.000,0.000,0.000,-51.141,34.556,0.000,0.000,0.000,0.000,0.000,0.000,0.013,3.2,11.30,28.0,0.000,0.000,0.000,0.006,0.000,0.000,0.000,0.000,0.000,0.000,0.006,0.000,0.000,0.013,0.000,0.000,0.013,0.006
105.9073,1059,0,move,-1,105.9073,105.9204,0,0.000,-0.088,0.176,-0.176,-0.088,0.088,-0.264,-0.088,0.176,0.088,-50.625,34.453,-0.088,0.264,0.000,0.000,0.439,0.176,0.000,0.000,0.000,0.000,0.000,0.000,0.000,0.000,0.000,0.000,-51.141,34.556,0.000,0.000,0.000,0.000,0.000,0.000,0.013,3.2,11.30,28.0,0.000,0.000,0.000,0.006,0.000,0.000,0.000,0.000,0.000,0.000,0.006,0.000,0.000,0.013,0.000,0.000,0.013,0.006
106.0077,1060,0,move,-1,106.0077,106.0143,0,0.000,-0.088,0.176,-0.176,-0.088,0.088,-0.264,-0.088,0.176,0.088,-50.625,34.453,-0.088,0.264,0.000,0.000,0.439,0.176,0.000,0.000,0.000,0.000,0.000,0.000,0.000,0.000,0.000,0.000,-51.141,34.556,0.000,0.000,0.000,0.000,0.000,0.000,0.013,5.6,11.30,31.0,0.000,0.000,0.000,0.000,0.000,0.000,0.006,0.000,0.000,0.000,0.013,0.000,0.000,0.006,0.000,0.000,0.006,0.006
106.1075,1061,0,move,-1,106.1075,106.1178,0,0.000,-0.088,0.176,-0.176,-0.088,0.088,-0.264,-0.088,0.176,0.088,-50.625,34.453,-0.088,0.264,0.000,0.000,0.439,0.176,0.000,0.000,0.000,0.000,0.000,0.000,0.000,0.000,0.000,0.000,-51.141,34.556,0.000,0.000,0.000,0.000,0.000,0.000,0.013,5.6,11.30,31.0,0.000,0.000,0.000,0.000,0.000,0.000,0.000,0.000,0.006,0.000,0.013,0.000,0.000,0.013,0.000,0.000,0.013,0.006
106.2075,1062,0,move,-1,106.2075,106.2242,0,0.000,-0.088,0.176,-0.176,-0.088,0.088,-0.264,-0.088,0.176,0.088,-50.625,34.453,-0.088,0.264,0.000,0.000,0.439,0.176,0.000,0.000,0.000,0.000,0.000,0.000,0.000,0.000,0.000,0.000,-51.141,34.556,0.000,0.000,0.000,0.000,0.000,0.000,0.013,5.6,11.30,31.0,0.000,0.000,0.006,0.006,0.000,0.000,0.006,0.000,0.006,0.000,0.013,0.000,0.000,0.006,0.000,0.000,0.006,0.000
106.3075,1063,0,move,-1,106.3075,106.3199,0,0.000,-0.088,0.176,-0.176,-0.088,0.088,-0.264,-0.088,0.176,0.088,-50.625,34.453,-0.088,0.264,0.000,0.000,0.439,0.176,0.000,0.000,0.000,0.000,0.000,0.000,0.000,0.000,0.000,0.000,-51.141,34.556,0.000,0.000,0.000,0.000,0.000,0.000,0.013,5.6,11.30,31.0,0.000,0.000,0.006,0.006,0.000,0.000,0.006,0.000,0.006,0.000,0.013,0.000,0.000,0.006,0.000,0.000,0.006,0.000
106.4074,1064,0,move,-1,106.4074,106.4184,0,0.000,-0.088,0.176,-0.176,-0.088,0.088,-0.264,-0.088,0.176,0.088,-50.625,34.453,-0.088,0.264,0.000,0.000,0.439,0.176,0.000,0.000,0.000,0.000,0.000,0.000,0.000,0.000,0.000,0.000,-51.141,34.556,0.000,0.000,0.000,0.000,0.000,0.000,0.013,5.6,11.30,31.0,0.000,0.000,0.000,0.006,0.000,0.000,0.000,0.000,0.000,0.000,0.013,0.000,0.000,0.006,0.000,0.000,0.006,0.006
106.5075,1065,0,move,-1,106.5075,106.5176,0,0.000,-0.088,0.176,-0.176,-0.088,0.088,-0.264,-0.088,0.176,0.088,-50.625,34.453,-0.088,0.264,0.000,0.000,0.439,0.176,0.000,0.000,0.000,0.000,0.000,0.000,0.000,0.000,0.000,0.000,-51.141,34.556,0.000,0.000,0.000,0.000,0.000,0.000,0.013,5.6,11.30,31.0,0.000,0.000,0.000,0.006,0.000,0.000,0.000,0.000,0.000,0.000,0.013,0.000,0.000,0.006,0.000,0.000,0.006,0.006
106.6075,1066,0,move,-1,106.6075,106.6193,0,0.000,-0.088,0.176,-0.176,-0.088,0.088,-0.264,-0.088,0.176,0.088,-50.625,34.453,-0.088,0.264,0.000,0.000,0.439,0.176,0.000,0.000,0.000,0.000,0.000,0.000,0.000,0.000,0.000,0.000,-51.141,34.556,0.000,0.000,0.000,0.000,0.000,0.000,0.006,2.4,11.30,32.0,0.000,0.000,0.006,0.000,0.000,0.000,0.006,0.000,0.000,0.000,0.006,0.000,0.000,0.006,0.000,0.000,0.006,0.006
106.7078,1067,0,move,-1,106.7078,106.7147,0,0.000,-0.088,0.176,-0.176,-0.088,0.088,-0.264,-0.088,0.176,0.088,-50.625,34.453,-0.088,0.264,0.000,0.000,0.439,0.176,0.000,0.000,0.000,0.000,0.000,0.000,0.000,0.000,0.000,0.000,-51.141,34.556,0.000,0.000,0.000,0.000,0.000,0.000,0.006,2.4,11.30,32.0,0.000,0.000,0.006,0.000,0.000,0.000,0.006,0.000,0.000,0.000,0.006,0.000,0.000,0.006,0.000,0.000,0.006,0.006
106.8074,1068,0,move,-1,106.8074,106.8198,0,0.000,-0.088,0.176,-0.176,-0.088,0.088,-0.264,-0.088,0.176,0.088,-50.625,34.453,-0.088,0.264,0.000,0.000,0.439,0.176,0.000,0.000,0.000,0.000,0.000,0.000,0.000,0.000,0.000,0.000,-51.141,34.556,0.000,0.000,0.000,0.000,0.000,0.000,0.013,5.6,11.30,31.0,0.000,0.000,0.000,0.000,0.000,0.000,0.000,0.000,0.000,0.000,0.013,0.000,0.000,0.006,0.000,0.000,0.006,0.006
106.9075,1069,0,move,-1,106.9075,106.9176,0,0.000,-0.088,0.176,-0.176,-0.088,0.088,-0.264,-0.088,0.176,0.088,-50.625,34.453,-0.088,0.264,0.000,0.000,0.439,0.176,0.000,0.000,0.000,0.000,0.000,0.000,0.000,0.000,0.000,0.000,-51.141,34.556,0.000,0.000,0.000,0.000,0.000,0.000,0.013,5.6,11.30,31.0,0.000,0.000,0.000,0.000,0.000,0.000,0.000,0.000,0.000,0.000,0.013,0.000,0.000,0.006,0.000,0.000,0.006,0.006
107.0073,1070,0,move,-1,107.0073,107.0345,0,0.000,-0.088,0.176,-0.176,-0.088,0.088,-0.264,-0.088,0.176,0.088,-50.625,34.453,-0.088,0.264,0.000,0.000,0.439,0.176,0.000,0.000,0.000,0.000,0.000,0.000,0.000,0.000,0.000,0.000,-51.141,34.556,0.000,0.000,0.000,0.000,0.000,0.000,0.013,5.6,11.30,31.0,0.000,0.000,0.006,0.006,0.000,0.000,0.006,0.000,0.000,0.000,0.013,0.000,0.000,0.006,0.000,0.000,0.013,0.006
107.1074,1071,0,move,-1,107.1074,107.1200,0,0.000,-0.088,0.176,-0.176,-0.088,0.088,-0.264,-0.088,0.176,0.088,-50.625,34.453,-0.088,0.264,0.000,0.000,0.439,0.176,0.000,0.000,0.000,0.000,0.000,0.000,0.000,0.000,0.000,0.000,-51.141,34.556,0.000,0.000,0.000,0.000,0.000,0.000,0.013,5.6,11.30,31.0,0.000,0.000,0.006,0.006,0.000,0.000,0.006,0.000,0.000,0.000,0.013,0.000,0.000,0.006,0.000,0.000,0.013,0.006
107.2075,1072,0,move,-1,107.2075,107.2209,0,0.000,-0.088,0.176,-0.176,-0.088,0.088,-0.264,-0.088,0.176,0.088,-50.625,34.453,-0.088,0.264,0.000,0.000,0.439,0.176,0.000,0.000,0.000,0.000,0.000,0.000,0.000,0.000,0.000,0.000,-51.141,34.556,0.000,0.000,0.000,0.000,0.000,0.000,0.013,5.6,11.30,31.0,0.000,0.000,0.000,0.000,0.000,0.000,0.000,0.000,0.000,0.000,0.013,0.000,0.000,0.013,0.000,0.000,0.006,0.006
107.3075,1073,0,move,-1,107.3075,107.3201,0,0.000,-0.088,0.176,-0.176,-0.088,0.088,-0.264,-0.088,0.176,0.088,-50.625,34.453,-0.088,0.264,0.000,0.000,0.439,0.176,0.000,0.000,0.000,0.000,0.000,0.000,0.000,0.000,0.000,0.000,-51.141,34.556,0.000,0.000,0.000,0.000,0.000,0.000,0.013,5.6,11.30,31.0,0.000,0.000,0.000,0.000,0.000,0.000,0.000,0.000,0.000,0.000,0.013,0.000,0.000,0.013,0.000,0.000,0.006,0.006
107.4075,1074,0,move,-1,107.4075,107.4200,0,0.000,-0.088,0.176,-0.176,-0.088,0.088,-0.264,-0.088,0.176,0.088,-50.625,34.453,-0.088,0.264,0.000,0.000,0.439,0.176,0.000,0.000,0.000,0.000,0.000,0.000,0.000,0.000,0.000,0.000,-51.141,34.556,0.000,0.000,0.000,0.000,0.000,0.000,0.013,5.6,11.30,31.0,0.000,0.000,0.000,0.006,0.000,0.000,0.006,0.000,0.006,0.000,0.013,0.000,0.000,0.006,0.000,0.000,0.006,0.006
107.5075,1075,0,move,-1,107.5075,107.5195,0,0.000,-0.088,0.176,-0.176,-0.088,0.088,-0.264,-0.088,0.176,0.088,-50.625,34.453,-0.088,0.264,0.000,0.000,0.439,0.176,0.000,0.000,0.000,0.000,0.000,0.000,0.000,0.000,0.000,0.000,-51.141,34.556,0.000,0.000,0.000,0.000,0.000,0.000,0.013,5.6,11.30,31.0,0.000,0.000,0.000,0.006,0.000,0.000,0.006,0.000,0.006,0.000,0.013,0.000,0.000,0.006,0.000,0.000,0.006,0.006
107.6075,1076,0,move,-1,107.6075,107.6186,0,0.000,-0.088,0.176,-0.176,-0.088,0.088,-0.264,-0.088,0.176,0.088,-50.625,34.453,-0.088,0.264,0.000,0.000,0.439,0.176,0.000,0.000,0.000,0.000,0.000,0.000,0.000,0.000,0.000,0.000,-51.141,34.556,0.000,0.000,0.000,0.000,0.000,0.000,0.006,3.2,11.30,32.0,0.000,0.000,0.000,0.000,0.000,0.000,0.006,0.000,0.000,0.000,0.006,0.000,0.000,0.006,0.000,0.000,0.006,0.006
107.7075,1077,0,move,-1,107.7075,107.7173,0,0.000,-0.088,0.176,-0.176,-0.088,0.088,-0.264,-0.088,0.176,0.088,-50.625,34.453,-0.088,0.264,0.000,0.000,0.439,0.176,0.000,0.000,0.000,0.000,0.000,0.000,0.000,0.000,0.000,0.000,-51.141,34.556,0.000,0.000,0.000,0.000,0.000,0.000,0.006,3.2,11.30,32.0,0.000,0.000,0.000,0.000,0.000,0.000,0.006,0.000,0.000,0.000,0.006,0.000,0.000,0.006,0.000,0.000,0.006,0.006
107.8073,1078,0,move,-1,107.8073,107.8217,0,0.000,-0.088,0.176,-0.176,-0.088,0.088,-0.264,-0.088,0.176,0.088,-50.625,34.453,-0.088,0.264,0.000,0.000,0.439,0.176,0.000,0.000,0.000,0.000,0.000,0.000,0.000,0.000,0.000,0.000,-51.141,34.556,0.000,0.000,0.000,0.000,0.000,0.000,0.013,5.6,11.30,31.0,0.000,0.000,0.000,0.000,0.000,0.000,0.000,0.000,0.000,0.000,0.013,0.000,0.000,0.006,0.000,0.000,0.006,0.000
107.9073,1079,0,move,-1,107.9073,107.9142,0,0.000,-0.088,0.176,-0.176,-0.088,0.088,-0.264,-0.088,0.176,0.088,-50.625,34.453,-0.088,0.264,0.000,0.000,0.439,0.176,0.000,0.000,0.000,0.000,0.000,0.000,0.000,0.000,0.000,0.000,-51.141,34.556,0.000,0.000,0.000,0.000,0.000,0.000,0.013,5.6,11.30,31.0,0.000,0.000,0.000,0.000,0.000,0.000,0.000,0.000,0.000,0.000,0.013,0.000,0.000,0.006,0.000,0.000,0.006,0.000
108.0076,1080,0,move,-1,108.0076,108.0185,0,0.000,-0.088,0.176,-0.176,-0.088,0.088,-0.264,-0.088,0.176,0.088,-50.625,34.453,-0.088,0.264,0.000,0.000,0.439,0.176,0.000,0.000,0.000,0.000,0.000,0.000,0.000,0.000,0.000,0.000,-51.045,34.512,0.000,0.000,0.000,0.000,0.000,0.000,0.013,5.6,11.30,31.0,0.000,0.000,0.000,0.000,0.000,0.000,0.006,0.000,0.006,0.000,0.013,0.000,0.000,0.006,0.000,0.000,0.006,0.000
108.1075,1081,0,move,-1,108.1075,108.1186,0,0.000,-0.088,0.176,-0.176,-0.088,0.088,-0.264,-0.088,0.176,0.088,-50.625,34.453,-0.088,0.264,0.000,0.000,0.439,0.176,0.000,0.000,0.000,0.000,0.000,0.000,0.000,0.000,0.000,0.000,-50.765,34.384,0.000,0.000,0.000,0.000,0.000,0.000,0.006,3.2,11.20,32.0,0.000,0.000,0.000,0.000,0.000,0.000,0.006,0.000,0.006,0.000,0.006,0.000,0.000,0.006,0.000,0.000,0.006,0.000
108.2073,1082,0,move,-1,108.2073,108.2685,0,0.000,-0.088,0.176,-0.176,-0.088,0.088,-0.264,-0.088,0.176,0.088,-50.625,34.277,-0.088,0.264,0.000,0.000,0.439,0.176,0.000,0.000,0.000,0.000,0.000,0.000,0.000,0.000,0.000,0.000,-50.327,34.182,0.000,0.000,0.000,0.000,0.000,0.000,0.013,3.2,11.30,28.0,0.000,0.000,0.000,0.006,0.000,0.000,0.006,0.000,0.006,0.000,0.000,0.006,0.000,0.013,0.000,0.000,0.000,0.000
108.3077,1083,0,move,-1,108.3077,108.3203,0,0.000,-0.088,0.176,-0.176,-0.088,0.088,-0.264,-0.088,0.176,0.088,-50.625,34.277,-0.088,0.264,0.000,0.000,0.439,0.176,0.000,0.000,0.000,0.000,0.000,0.000,0.000,0.000,0.000,0.000,-49.772,33.924,0.000,0.000,0.000,0.000,0.000,0.000,0.013,3.2,11.30,28.0,0.000,0.000,0.000,0.006,0.000,0.000,0.006,0.000,0.006,0.000,0.000,0.006,0.000,0.013,0.000,0.000,0.000,0.000
108.4078,1084,0,move,-1,108.4078,108.4433,0,0.000,-0.088,0.176,-0.176,-0.088,0.088,-0.264,-0.088,0.176,0.088,-49.922,33.926,-0.088,0.264,0.000,0.000,0.439,0.176,0.000,0.000,0.000,0.000,0.000,0.000,0.000,0.000,0.000,0.000,-49.154,33.634,0.000,0.000,0.000,0.000,0.000,0.000,0.013,3.2,11.30,28.0,0.000,0.000,0.000,0.000,0.000,0.000,0.006,0.000,0.006,0.000,0.006,0.006,0.000,0.013,0.000,0.000,0.013,0.006
108.5074,1085,0,move,-1,108.5074,108.5190,0,0.000,-0.088,0.176,-0.176,-0.088,0.088,-0.264,-0.088,0.176,0.088,-49.570,33.662,-0.088,0.264,0.000,0.000,0.439,0.176,0.000,0.000,0.000,0.000,0.000,0.000,0.000,0.000,0.000,0.000,-48.535,33.340,0.000,0.000,0.000,0.000,0.000,0.000,0.013,3.2,11.30,28.0,0.000,0.000,0.000,0.000,0.000,0.000,0.006,0.000,0.006,0.000,0.006,0.006,0.000,0.013,0.000,0.000,0.013,0.006
108.6075,1086,0,move,-1,108.6075,108.6193,0,0.000,-0.088,0.176,-0.176,-0.088,0.088,-0.264,-0.088,0.176,0.088,-48.867,33.311,-0.088,0.264,0.000,0.000,0.439,0.176,0.000,0.000,0.000,0.000,0.000,0.000,0.000,0.000,0.000,0.000,-47.971,33.071,0.000,0.000,0.000,0.000,0.000,0.000,0.013,3.2,11.30,28.0,0.000,0.000,0.000,0.000,0.000,0.000,0.006,0.000,0.000,0.000,0.000,0.006,0.000,0.013,0.000,0.000,0.006,0.006
108.7075,1087,0,move,-1,108.7075,108.7176,0,0.000,-0.088,0.176,-0.176,-0.088,0.088,-0.264,-0.088,0.176,0.088,-48.340,33.223,-0.088,0.264,0.000,0.000,0.439,0.176,0.000,0.000,0.000,0.000,0.000,0.000,0.000,0.000,0.000,0.000,-47.522,32.856,0.000,0.000,0.000,0.000,0.000,0.000,0.013,3.2,11.30,28.0,0.000,0.000,0.000,0.000,0.000,0.000,0.006,0.000,0.000,0.000,0.000,0.006,0.000,0.013,0.000,0.000,0.006,0.006
108.8075,1088,0,move,-1,108.8075,108.8197,0,0.000,-0.088,0.176,-0.176,-0.088,0.088,-0.264,-0.088,0.176,0.088,-47.812,32.959,-0.088,0.264,0.000,0.000,0.439,0.176,0.000,0.000,0.000,0.000,0.000,0.000,0.000,0.000,0.000,0.000,-47.233,32.716,0.000,0.000,0.000,0.000,0.000,0.000,0.013,3.2,11.30,28.0,0.000,0.000,0.000,0.000,0.000,0.000,0.000,0.000,0.000,0.000,0.006,0.006,0.000,0.013,0.000,0.000,0.006,0.006
108.9075,1089,0,move,-1,108.9075,108.9195,0,0.000,-0.088,0.176,-0.176,-0.088,0.088,-0.264,-0.088,0.176,0.088,-47.373,32.695,-0.088,0.264,0.000,0.000,0.439,0.176,0.000,0.000,0.000,0.000,0.000,0.000,0.000,0.000,0.000,0.000,-47.133,32.667,0.000,0.000,0.000,0.000,0.000,0.000,0.013,3.2,11.30,28.0,0.000,0.000,0.000,0.000,0.000,0.000,0.000,0.000,0.000,0.000,0.006,0.006,0.000,0.013,0.000,0.000,0.006,0.006
109.0110,1090,0,move,-1,109.0110,109.0495,0,0.000,-0.088,0.176,-0.176,-0.088,0.088,-0.264,-0.088,0.176,0.088,-47.285,32.783,-0.088,0.264,0.000,0.000,0.439,0.176,0.000,0.000,0.000,0.000,0.000,0.000,0.000,0.000,0.000,0.000,-47.133,32.667,0.000,0.000,0.000,0.000,0.000,0.000,0.006,2.4,11.30,32.0,0.000,0.000,0.006,0.000,0.000,0.000,,0.000,0.006,0.000,0.000,0.000,0.000,0.006,0.000,0.000,0.006,0.000
109.1121,1091,0,move,-1,109.1121,109.1413,0,0.000,-0.088,0.176,-0.176,-0.088,0.088,-0.264,-0.088,0.176,0.088,-47.285,32.695,-0.088,0.264,0.000,0.000,0.439,0.176,0.000,0.000,0.000,0.000,0.000,0.000,0.000,0.000,0.000,0.000,-47.133,32.667,0.000,0.000,0.000,0.000,0.000,0.000,0.006,2.4,11.30,32.0,0.000,0.000,0.006,0.000,0.000,0.000,,0.000,0.006,0.000,0.000,0.000,0.000,0.006,0.000,0.000,0.006,0.000
109.2075,1092,0,move,-1,109.2075,109.2180,0,0.000,-0.088,0.176,-0.176,-0.088,0.088,-0.264,-0.088,0.176,0.088,-47.285,32.695,-0.088,0.264,0.000,0.000,0.439,0.176,0.000,0.000,0.000,0.000,0.000,0.000,0.000,0.000,0.000,0.000,-47.133,32.667,0.000,0.000,0.000,0.000,0.000,0.000,0.006,3.2,11.30,32.0,0.000,0.000,0.000,0.000,0.000,0.000,0.006,0.000,0.000,0.000,0.000,0.000,0.000,0.006,0.000,0.000,0.006,0.006
109.3075,1093,0,move,-1,109.3075,109.3202,0,0.000,-0.088,0.176,-0.176,-0.088,0.088,-0.264,-0.088,0.176,0.088,-47.285,32.695,-0.088,0.264,0.000,0.000,0.439,0.176,0.000,0.000,0.000,0.000,0.000,0.000,0.000,0.000,0.000,0.000,-47.133,32.667,0.000,0.000,0.000,0.000,0.000,0.000,0.013,3.2,11.30,28.0,0.000,0.000,0.000,0.000,0.000,0.000,0.006,0.000,0.006,0.000,0.000,0.000,0.000,0.013,0.000,0.000,0.006,0.006
109.4075,1094,0,move,-1,109.4075,109.4215,0,0.000,-0.088,0.176,-0.176,-0.088,0.088,-0.264,-0.088,0.176,0.088,-47.285,32.695,-0.088,0.264,0.000,0.000,0.439,0.176,0.000,0.000,0.000,0.000,0.000,0.000,0.000,0.000,0.000,0.000,-47.133,32.667,0.000,0.000,0.000,0.000,0.000,0.000,0.013,3.2,11.30,28.0,0.000,0.000,0.000,0.006,0.000,0.000,0.006,0.000,0.006,0.000,0.000,0.000,0.000,0.013,0.000,0.000,0.006,0.000
109.5095,1095,0,move,-1,109.5095,109.5693,0,0.000,-0.088,0.176,-0.176,-0.088,0.088,-0.264,-0.088,0.176,0.088,-47.285,32.695,-0.088,0.264,0.000,0.000,0.439,0.176,0.000,0.000,0.000,0.000,0.000,0.000,0.000,0.000,0.000,0.000,-47.133,32.667,0.000,0.000,0.000,0.000,0.000,0.000,0.006,2.4,11.30,32.0,0.000,0.000,0.000,0.006,,0.000,0.000,0.000,0.000,0.000,0.006,0.000,0.000,0.006,0.000,0.000,0.006,0.000
109.6149,1096,0,move,-1,109.6149,109.6240,0,0.000,-0.088,0.176,-0.176,-0.088,0.088,-0.264,-0.088,0.176,0.088,-47.285,32.695,-0.088,0.264,0.000,0.000,0.439,0.176,0.000,0.000,0.000,0.000,0.000,0.000,0.000,0.000,0.000,0.000,-47.133,32.667,0.000,0.000,0.000,0.000,0.000,0.000,0.006,2.4,11.30,32.0,0.000,0.000,0.000,0.006,,0.000,0.000,0.000,0.000,0.000,0.006,0.000,0.000,0.006,0.000,0.000,0.006,0.000
109.7076,1097,0,move,-1,109.7076,109.7192,0,0.000,-0.088,0.176,-0.176,-0.088,0.088,-0.264,-0.088,0.176,0.088,-47.285,32.695,-0.088,0.264,0.000,0.000,0.439,0.176,0.000,0.000,0.000,0.000,0.000,0.000,0.000,0.000,0.000,0.000,-47.133,32.667,0.000,0.000,0.000,0.000,0.000,0.000,0.006,2.4,11.30,32.0,0.000,0.000,0.000,0.006,0.000,0.000,0.006,0.000,0.000,0.000,0.000,0.000,0.000,0.006,0.000,0.000,0.006,0.000
109.8076,1098,0,move,-1,109.8076,109.8213,0,0.000,-0.088,0.176,-0.176,-0.088,0.088,-0.264,-0.088,0.176,0.088,-47.285,32.695,-0.088,0.264,0.000,0.000,0.439,0.176,0.000,0.000,0.000,0.000,0.000,0.000,0.000,0.000,0.000,0.000,-47.133,32.667,0.000,0.000,0.000,0.000,0.000,0.000,0.013,3.2,11.30,28.0,0.000,0.000,0.000,0.000,0.000,0.000,0.000,0.000,0.006,0.000,0.006,0.000,0.000,0.013,0.000,0.000,0.013,0.000
109.9075,1099,0,move,-1,109.9075,109.9200,0,0.000,-0.088,0.176,-0.176,-0.088,0.088,-0.264,-0.088,0.176,0.088,-47.285,32.695,-0.088,0.264,0.000,0.000,0.439,0.176,0.000,0.000,0.000,0.000,0.000,0.000,0.000,0.000,0.000,0.000,-47.133,32.667,0.000,0.000,0.000,0.000,0.000,0.000,0.013,3.2,11.30,28.0,0.000,0.000,0.000,0.000,0.000,0.000,0.000,0.000,0.006,0.000,0.006,0.000,0.000,0.013,0.000,0.000,0.013,0.000
110.0100,1100,0,move,-1,110.0100,110.0162,0,0.000,-0.088,0.176,-0.176,-0.088,0.088,-0.264,-0.088,0.176,0.088,-47.285,32.695,-0.088,0.264,0.000,0.000,0.439,0.176,0.000,0.000,0.000,0.000,0.000,0.000,0.000,0.000,0.000,0.000,-47.133,32.667,0.000,0.000,0.000,0.000,0.000,0.000,0.013,3.2,11.30,28.0,0.000,0.000,0.000,0.000,0.000,0.000,,0.000,0.000,0.000,0.006,0.000,0.000,0.013,0.000,0.000,0.006,0.000
110.1098,1101,0,move,-1,110.1098,110.1357,0,0.000,-0.088,0.176,-0.176,-0.088,0.088,-0.264,-0.088,0.176,0.088,-47.285,32.695,-0.088,0.264,0.000,0.000,0.439,0.176,0.000,0.000,0.000,0.000,0.000,0.000,0.000,0.000,0.000,0.000,-47.133,32.667,0.000,0.000,0.000,0.000,0.000,0.000,0.013,3.2,11.30,28.0,0.000,0.000,0.006,0.000,0.000,0.000,0.006,0.000,0.000,0.000,0.000,0.000,0.000,0.013,0.000,0.000,0.006,0.000
110.2076,1102,0,move,-1,110.2076,110.2191,0,0.000,-0.088,0.176,-0.176,-0.088,0.088,-0.264,-0.088,0.176,0.088,-47.285,32.695,-0.088,0.264,0.000,0.000,0.439,0.176,0.000,0.000,0.000,0.000,0.000,0.000,0.000,0.000,0.000,0.000,-47.133,32.667,0.000,0.000,0.000,0.000,0.000,0.000,0.013,3.2,11.30,28.0,0.000,0.000,0.006,0.000,0.000,0.000,0.006,0.000,0.000,0.000,0.000,0.000,0.000,0.013,0.000,0.000,0.006,0.000
110.3075,1103,0,move,-1,110.3075,110.3209,0,0.000,-0.088,0.176,-0.176,-0.088,0.088,-0.264,-0.088,0.176,0.088,-47.285,32.695,-0.088,0.264,0.000,0.000,0.439,0.176,0.000,0.000,0.000,0.000,0.000,0.000,0.000,0.000,0.000,0.000,-47.133,32.667,0.000,0.000,0.000,0.000,0.000,0.000,0.006,3.2,11.30,32.0,0.000,0.000,0.000,0.000,0.000,0.000,0.006,0.000,0.000,0.000,0.006,0.000,0.000,0.006,0.000,0.000,0.006,0.000
110.4132,1104,0,move,-1,110.4132,110.4359,0,0.000,-0.088,0.176,-0.176,-0.088,0.088,-0.264,-0.088,0.176,0.088,-47.285,32.695,-0.088,0.264,0.000,0.000,0.439,0.176,0.000,0.000,0.000,0.000,0.000,0.000,0.000,0.000,0.000,0.000,-47.133,32.667,0.000,0.000,0.000,0.000,0.000,0.000,0.006,3.2,11.30,32.0,0.000,0.000,0.000,0.000,0.000,0.000,0.006,0.000,0.000,0.000,0.000,0.000,0.000,0.006,0.000,0.000,0.006,0.006
110.5074,1105,0,move,-1,110.5074,110.5183,0,0.000,-0.088,0.176,-0.176,-0.088,0.088,-0.264,-0.088,0.176,0.088,-47.285,32.695,-0.088,0.264,0.000,0.000,0.439,0.176,0.000,0.000,0.000,0.000,0.000,0.000,0.000,0.000,0.000,0.000,-47.133,32.667,0.000,0.000,0.000,0.000,0.000,0.000,0.006,3.2,11.30,32.0,0.000,0.000,0.000,0.000,0.000,0.000,0.006,0.000,0.000,0.000,0.000,0.000,0.000,0.006,0.000,0.000,0.006,0.006
110.6081,1106,0,move,-1,110.6081,110.6197,0,0.000,-0.088,0.176,-0.176,-0.088,0.088,-0.264,-0.088,0.176,0.088,-47.285,32.695,-0.088,0.264,0.000,0.000,0.439,0.176,0.000,0.000,0.000,0.000,0.000,0.000,0.000,0.000,0.000,0.000,-47.133,32.667,0.000,0.000,0.000,0.000,0.000,0.000,0.006,2.4,11.30,32.0,0.000,0.000,0.006,0.000,0.000,0.000,0.000,0.000,0.000,0.000,0.000,0.000,0.000,0.006,0.000,0.000,0.006,0.000
110.7073,1107,0,move,-1,110.7073,110.7189,0,0.000,-0.088,0.176,-0.176,-0.088,0.088,-0.264,-0.088,0.176,0.088,-47.285,32.695,-0.088,0.264,0.000,0.000,0.439,0.176,0.000,0.000,0.000,0.000,0.000,0.000,0.000,0.000,0.000,0.000,-47.133,32.667,0.000,0.000,0.000,0.000,0.000,0.000,0.006,2.4,11.30,32.0,0.000,0.000,0.006,0.000,0.000,0.000,0.000,0.000,0.000,0.000,0.000,0.000,0.000,0.006,0.000,0.000,0.006,0.000
110.8074,1108,0,move,-1,110.8074,110.8176,0,0.000,-0.088,0.176,-0.176,-0.088,0.088,-0.264,-0.088,0.176,0.088,-47.285,32.695,-0.088,0.264,0.000,0.000,0.439,0.176,0.000,0.000,0.000,0.000,0.000,0.000,0.000,0.000,0.000,0.000,-47.133,32.667,0.000,0.000,0.000,0.000,0.000,0.000,0.006,2.4,11.30,32.0,0.000,0.000,0.000,0.006,0.000,0.000,0.006,0.000,0.006,0.000,0.000,0.000,0.000,0.006,0.000,0.000,0.006,0.000
110.9075,1109,0,move,-1,110.9075,110.9191,0,0.000,-0.088,0.176,-0.176,-0.088,0.088,-0.264,-0.088,0.176,0.088,-47.285,32.695,-0.088,0.264,0.000,0.000,0.439,0.176,0.000,0.000,0.000,0.000,0.000,0.000,0.000,0.000,0.000,0.000,-47.133,32.667,0.000,0.000,0.000,0.000,0.000,0.000,0.006,2.4,11.30,32.0,0.000,0.000,0.000,0.000,0.000,0.000,0.000,0.000,0.006,0.000,0.006,0.000,0.000,0.006,0.000,0.000,0.006,0.006
111.0075,1110,0,move,-1,111.0075,111.0347,0,0.000,-0.088,0.176,-0.176,-0.088,0.088,-0.264,-0.088,0.176,0.088,-47.285,32.695,-0.088,0.264,0.000,0.000,0.439,0.176,0.000,0.000,0.000,0.000,0.000,0.000,0.000,0.000,0.000,0.000,-47.133,32.667,0.000,0.000,0.000,0.000,0.000,0.000,0.013,3.2,11.30,28.0,0.000,0.000,0.000,0.006,0.000,0.000,0.006,0.000,0.000,0.000,0.000,0.000,0.000,0.013,0.006,0.000,0.013,0.006
111.1120,1111,0,move,-1,111.1120,111.1310,0,0.000,-0.088,0.176,-0.176,-0.088,0.088,-0.264,-0.088,0.176,0.088,-47.285,32.695,-0.088,0.264,0.000,0.000,0.439,0.176,0.000,0.000,0.000,0.000,0.000,0.000,0.000,0.000,0.000,0.000,-47.133,32.667,0.000,0.000,0.000,0.000,0.000,0.000,0.013,3.2,11.30,28.0,0.000,0.000,0.000,0.006,0.000,0.000,0.006,0.000,0.000,0.000,0.000,0.000,0.000,0.013,0.006,0.000,0.013,0.006
111.2073,1112,0,move,-1,111.2073,111.2243,0,0.000,-0.088,0.176,-0.176,-0.088,0.088,-0.264,-0.088,0.176,0.088,-47.285,32.695,-0.088,0.264,0.000,0.000,0.439,0.176,0.000,0.000,0.000,0.000,0.000,0.000,0.000,0.000,0.000,0.000,-47.133,32.667,0.000,0.000,0.000,0.000,0.000,0.000,0.000,0.0,11.30,32.0,0.000,0.000,0.000,0.000,0.000,0.000,0.000,0.000,0.000,0.000,0.000,0.000,0.000,0.000,0.000,0.000,0.000,0.000
111.3073,1113,0,move,-1,111.3073,111.3177,0,0.000,-0.088,0.176,-0.176,-0.088,0.088,-0.264,-0.088,0.176,0.088,-47.285,32.695,-0.088,0.264,0.000,0.000,0.439,0.176,0.000,0.000,0.000,0.000,0.000,0.000,0.000,0.000,0.000,0.000,-47.133,32.667,0.000,0.000,0.000,0.000,0.000,0.000,0.000,0.0,11.30,32.0,0.000,0.000,0.000,0.000,0.000,0.000,0.000,0.000,0.000,0.000,0.000,0.000,0.000,0.000,0.000,0.000,0.000,0.000
111.4075,1114,0,move,-1,111.4075,111.4197,0,0.000,-0.088,0.176,-0.176,-0.088,0.088,-0.264,-0.088,0.176,0.088,-47.285,32.695,-0.088,0.264,0.000,0.000,0.439,0.176,0.000,0.000,0.000,0.000,0.000,0.000,0.000,0.000,0.000,0.000,-47.133,32.667,0.000,0.000,0.000,0.000,0.000,0.000,0.013,3.2,11.30,29.0,0.000,0.000,0.006,0.000,0.000,0.000,0.000,0.000,0.006,0.000,0.000,0.000,0.000,0.013,0.000,0.000,0.006,0.000
111.5073,1115,0,move,-1,111.5073,111.5169,0,0.000,-0.088,0.176,-0.176,-0.088,0.088,-0.264,-0.088,0.176,0.088,-47.285,32.695,-0.088,0.264,0.000,0.000,0.439,0.176,0.000,0.000,0.000,0.000,0.000,0.000,0.000,0.000,0.000,0.000,-47.133,32.667,0.000,0.000,0.000,0.000,0.000,0.000,0.013,3.2,11.30,29.0,0.000,0.000,0.006,0.000,0.000,0.000,0.000,0.000,0.006,0.000,0.000,0.000,0.000,0.013,0.000,0.000,0.006,0.000
111.6073,1116,0,move,-1,111.6073,111.6145,0,0.000,-0.088,0.176,-0.176,-0.088,0.088,-0.264,-0.088,0.176,0.088,-47.285,32.695,-0.088,0.264,0.000,0.000,0.439,0.176,0.000,0.000,0.000,0.000,0.000,0.000,0.000,0.000,0.000,0.000,-47.133,32.667,0.000,0.000,0.000,0.000,0.000,0.000,0.006,2.4,11.30,32.0,0.000,0.000,0.000,0.006,0.000,0.000,0.000,0.000,0.006,0.000,0.000,0.000,0.000,0.006,0.000,0.000,0.006,0.006
111.7116,1117,0,move,-1,111.7116,111.7544,0,0.000,-0.088,0.176,-0.176,-0.088,0.088,-0.264,-0.088,0.176,0.088,-47.285,32.695,-0.088,0.264,0.000,0.000,0.439,0.176,0.000,0.000,0.000,0.000,0.000,0.000,0.000,0.000,0.000,0.000,-47.133,32.667,0.000,0.000,0.000,0.000,0.000,0.000,0.013,4.8,11.30,31.0,0.000,0.000,0.000,0.000,0.000,0.000,0.006,0.000,0.000,0.000,0.000,0.000,0.000,0.006,0.000,0.000,0.013,0.000
111.8073,1118,0,move,-1,111.8073,111.8216,0,0.000,-0.088,0.176,-0.176,-0.088,0.088,-0.264,-0.088,0.176,0.088,-47.285,32.695,-0.088,0.264,0.000,0.000,0.439,0.176,0.000,0.000,0.000,0.000,0.000,0.000,0.000,0.000,0.000,0.000,-47.133,32.667,0.000,0.000,0.000,0.000,0.000,0.000,0.013,4.8,11.30,31.0,0.000,0.000,0.000,0.000,0.000,0.000,0.006,0.000,0.000,0.000,0.000,0.000,0.000,0.006,0.000,0.000,0.013,0.000
111.9075,1119,0,move,-1,111.9075,111.9185,0,0.000,-0.088,0.176,-0.176,-0.088,0.088,-0.264,-0.088,0.176,0.088,-47.285,32.695,-0.088,0.264,0.000,0.000,0.439,0.176,0.000,0.000,0.000,0.000,0.000,0.000,0.000,0.000,0.000,0.000,-47.133,32.667,0.000,0.000,0.000,0.000,0.000,0.000,0.006,2.4,11.30,32.0,0.000,0.000,0.000,0.006,0.000,0.000,0.000,0.000,0.000,0.000,0.000,0.000,0.000,0.006,0.000,0.000,0.006,0.000
112.0075,1120,0,move,-1,112.0075,112.0213,0,0.000,-0.088,0.176,-0.176,-0.088,0.088,-0.264,-0.088,0.176,0.088,-47.285,32.695,-0.088,0.264,0.000,0.000,0.439,0.176,0.000,0.000,0.000,0.000,0.000,0.000,0.000,0.000,0.000,0.000,-47.033,32.619,0.000,0.000,0.000,0.000,0.000,0.000,0.006,2.4,11.30,32.0,0.000,0.000,0.000,0.006,0.000,0.000,0.006,0.000,0.000,0.000,0.000,0.000,0.000,0.006,0.000,0.000,0.006,0.000
112.1075,1121,0,move,-1,112.1075,112.1195,0,0.000,-0.088,0.176,-0.176,-0.088,0.088,-0.264,-0.088,0.176,0.088,-47.285,32.695,-0.088,0.264,0.000,0.000,0.439,0.176,0.000,0.000,0.000,0.000,0.000,0.000,0.000,0.000,0.000,0.000,-46.742,32.477,0.000,0.000,0.000,0.000,0.000,0.000,0.006,2.4,11.30,32.0,0.000,0.000,0.000,0.006,0.000,0.000,0.006,0.000,0.000,0.000,0.000,0.000,0.000,0.006,0.000,0.000,0.006,0.000
112.2116,1122,0,move,-1,112.2116,112.2218,0,0.000,-0.088,0.176,-0.176,-0.088,0.088,-0.264,-0.088,0.176,0.088,-47.109,32.695,-0.088,0.264,0.000,0.000,0.439,0.176,0.000,0.000,0.000,0.000,0.000,0.000,0.000,0.000,0.000,0.000,-46.288,32.255,0.000,0.000,0.000,0.000,0.000,0.000,0.013,3.2,11.30,28.0,0.000,0.000,0.000,0.000,0.000,0.000,0.000,0.000,0.000,0.000,0.006,0.006,0.000,0.013,0.000,0.000,0.013,0.006
112.3074,1123,0,move,-1,112.3074,112.3203,0,0.000,-0.088,0.176,-0.176,-0.088,0.088,-0.264,-0.088,0.176,0.088,-46.758,32.256,-0.088,0.264,0.000,0.000,0.439,0.176,0.000,0.000,0.000,0.000,0.000,0.000,0.000,0.000,0.000,0.000,-45.712,31.972,0.000,0.000,0.000,0.000,0.000,0.000,0.013,3.2,11.30,28.0,0.000,0.000,0.000,0.000,0.000,0.000,0.000,0.000,0.000,0.000,0.006,0.006,0.000,0.013,0.000,0.000,0.013,0.006
112.4127,1124,0,move,-1,112.4127,112.4347,0,0.000,-0.088,0.176,-0.176,-0.088,0.088,-0.264,-0.088,0.176,0.088,-46.055,31.992,-0.088,0.264,0.000,0.000,0.439,0.176,0.000,0.000,0.000,0.000,0.000,0.000,0.000,0.000,0.000,0.000,-45.069,31.653,0.000,0.000,0.000,0.000,0.000,0.000,0.006,2.4,11.30,32.0,0.000,0.000,0.006,0.000,0.000,0.000,0.006,0.000,0.000,0.000,0.000,0.000,0.000,0.006,0.000,0.000,0.006,0.006
112.5076,1125,0,move,-1,112.5076,112.5217,0,0.000,-0.088,0.176,-0.176,-0.088,0.088,-0.264,-0.088,0.176,0.088,-45.703,31.641,-0.088,0.264,0.000,0.000,0.439,0.176,0.000,0.000,0.000,0.000,0.000,0.000,0.000,0.000,0.000,0.000,-44.421,31.329,0.000,0.000,0.000,0.000,0.000,0.000,0.006,2.4,11.30,32.0,0.000,0.000,0.006,0.000,0.000,0.000,0.006,0.000,0.000,0.000,0.000,0.000,0.000,0.006,0.000,0.000,0.006,0.006
112.6075,1126,0,move,-1,112.6075,112.6184,0,0.000,-0.088,0.176,-0.176,-0.088,0.088,-0.264,-0.088,0.176,0.088,-44.912,31.377,-0.088,0.264,0.000,0.000,0.439,0.176,0.000,0.000,0.000,0.000,0.000,0.000,0.000,0.000,0.000,0.000,-43.833,31.033,0.000,0.000,0.000,0.000,0.000,0.000,0.013,3.2,11.30,28.0,0.000,0.000,0.000,0.000,0.000,0.000,0.006,0.000,0.000,0.000,0.006,0.006,0.000,0.013,0.000,0.000,0.006,0.000
112.7223,1127,0,move,-1,112.7223,112.7349,0,0.000,-0.088,0.176,-0.176,-0.088,0.088,-0.264,-0.088,0.176,0.088,-44.121,31.025,-0.088,0.264,0.000,0.000,0.439,0.176,0.000,0.000,0.000,0.000,0.000,0.000,0.000,0.000,0.000,0.000,-43.362,30.795,0.000,0.000,0.000,0.000,0.000,0.000,0.013,3.2,11.30,28.0,0.000,0.000,0.000,0.006,0.000,0.000,0.000,0.000,0.000,0.000,0.006,0.000,0.000,0.013,0.000,0.000,0.013,0.006
112.8073,1128,0,move,-1,112.8073,112.8190,0,0.000,-0.088,0.176,-0.176,-0.088,0.088,-0.264,-0.088,0.176,0.088,-43.682,30.850,-0.088,0.264,0.000,0.000,0.439,0.176,0.000,0.000,0.000,0.000,0.000,0.000,0.000,0.000,0.000,0.000,-43.059,30.640,0.000,0.000,0.000,0.000,0.000,0.000,0.013,3.2,11.30,28.0,0.000,0.000,0.000,0.006,0.000,0.000,0.000,0.000,0.000,0.000,0.006,0.000,0.000,0.013,0.000,0.000,0.013,0.006
112.9127,1129,0,move,-1,112.9127,112.9415,0,0.000,-0.088,0.176,-0.176,-0.088,0.088,-0.264,-0.088,0.176,0.088,-43.154,30.674,-0.088,0.264,0.000,0.000,0.439,0.176,0.000,0.000,0.000,0.000,0.000,0.000,0.000,0.000,0.000,0.000,-42.955,30.587,0.000,0.000,0.000,0.000,0.000,0.000,0.006,3.2,11.30,32.0,0.000,0.000,0.000,0.000,0.000,0.000,0.006,0.000,0.000,0.000,0.000,0.000,0.000,0.006,0.000,0.000,0.006,0.000
113.0080,1130,0,move,-1,113.0080,113.0143,0,0.000,-0.088,0.176,-0.176,-0.088,0.088,-0.264,-0.088,0.176,0.088,-43.154,30.674,-0.088,0.264,0.000,0.000,0.439,0.176,0.000,0.000,0.000,0.000,0.000,0.000,0.000,0.000,0.000,0.000,-42.955,30.587,0.000,0.000,0.000,0.000,0.000,0.000,0.006,3.2,11.30,32.0,0.000,0.000,0.000,0.000,0.000,0.000,0.006,0.000,0.000,0.000,0.000,0.000,0.000,0.006,0.000,0.000,0.006,0.000
113.1075,1131,0,move,-1,113.1075,113.1193,0,0.000,-0.088,0.176,-0.176,-0.088,0.088,-0.264,-0.088,0.176,0.088,-43.154,30.674,-0.088,0.264,0.000,0.000,0.439,0.176,0.000,0.000,0.000,0.000,0.000,0.000,0.000,0.000,0.000,0.000,-42.955,30.587,0.000,0.000,0.000,0.000,0.000,0.000,0.013,3.2,11.30,28.0,0.000,0.000,0.000,0.006,0.000,0.000,0.006,0.000,0.000,0.000,0.000,0.000,0.000,0.013,0.000,0.000,0.006,0.000
113.2075,1132,0,move,-1,113.2075,113.2211,0,0.000,-0.088,0.176,-0.176,-0.088,0.088,-0.264,-0.088,0.176,0.088,-43.154,30.674,-0.088,0.264,0.000,0.000,0.439,0.176,0.000,0.000,0.000,0.000,0.000,0.000,0.000,0.000,0.000,0.000,-42.955,30.587,0.000,0.000,0.000,0.000,0.000,0.000,0.013,3.2,11.30,29.0,0.000,0.000,0.000,0.000,0.000,0.000,0.006,0.000,0.000,0.000,0.000,0.000,0.000,0.013,0.000,0.000,0.006,0.000
113.3073,1133,0,move,-1,113.3073,113.3184,0,0.000,-0.088,0.176,-0.176,-0.088,0.088,-0.264,-0.088,0.176,0.088,-43.154,30.674,-0.088,0.264,0.000,0.000,0.439,0.176,0.000,0.000,0.000,0.000,0.000,0.000,0.000,0.000,0.000,0.000,-42.955,30.587,0.000,0.000,0.000,0.000,0.000,0.000,0.013,3.2,11.30,29.0,0.000,0.000,0.000,0.000,0.000,0.000,0.006,0.000,0.000,0.000,0.000,0.000,0.000,0.013,0.000,0.000,0.006,0.000
113.4073,1134,0,move,-1,113.4073,113.4220,0,0.000,-0.088,0.176,-0.176,-0.088,0.088,-0.264,-0.088,0.176,0.088,-43.154,30.674,-0.088,0.264,0.000,0.000,0.439,0.176,0.000,0.000,0.000,0.000,0.000,0.000,0.000,0.000,0.000,0.000,-42.955,30.587,0.000,0.000,0.000,0.000,0.000,0.000,0.013,4.8,11.30,31.0,0.000,0.000,0.000,0.000,0.000,0.000,0.006,0.000,0.000,0.000,0.000,0.000,0.000,0.006,0.000,0.000,0.013,0.006
113.5080,1135,0,move,-1,113.5080,113.5211,0,0.000,-0.088,0.176,-0.176,-0.088,0.088,-0.264,-0.088,0.176,0.088,-43.154,30.674,-0.088,0.264,0.000,0.000,0.439,0.176,0.000,0.000,0.000,0.000,0.000,0.000,0.000,0.000,0.000,0.000,-42.955,30.587,0.000,0.000,0.000,0.000,0.000,0.000,0.013,4.8,11.30,31.0,0.000,0.000,0.000,0.000,0.000,0.000,0.006,0.000,0.000,0.000,0.000,0.000,0.000,0.006,0.000,0.000,0.013,0.006
113.6075,1136,0,move,-1,113.6075,113.6178,0,0.000,-0.088,0.176,-0.176,-0.088,0.088,-0.264,-0.088,0.176,0.088,-43.154,30.674,-0.088,0.264,0.000,0.000,0.439,0.176,0.000,0.000,0.000,0.000,0.000,0.000,0.000,0.000,0.000,0.000,-42.955,30.587,0.000,0.000,0.000,0.000,0.000,0.000,0.006,0.0,11.30,32.0,0.000,0.006,0.000,0.000,0.000,0.000,0.006,0.000,0.000,0.000,0.000,0.000,0.000,0.006,0.000,0.000,0.006,0.006
113.7074,1137,0,move,-1,113.7074,113.7302,0,0.000,-0.088,0.176,-0.176,-0.088,0.088,-0.264,-0.088,0.176,0.088,-43.154,30.674,-0.088,0.264,0.000,0.000,0.439,0.176,0.000,0.000,0.000,0.000,0.000,0.000,0.000,0.000,0.000,0.000,-42.955,30.587,0.000,0.000,0.000,0.000,0.000,0.000,0.006,2.4,11.30,32.0,0.000,0.000,0.000,0.006,0.000,0.000,0.006,0.000,0.000,0.000,0.006,0.000,0.000,0.006,0.000,0.000,0.006,0.006
113.8073,1138,0,move,-1,113.8073,113.8201,0,0.000,-0.088,0.176,-0.176,-0.088,0.088,-0.264,-0.088,0.176,0.088,-43.154,30.674,-0.088,0.264,0.000,0.000,0.439,0.176,0.000,0.000,0.000,0.000,0.000,0.000,0.000,0.000,0.000,0.000,-42.955,30.587,0.000,0.000,0.000,0.000,0.000,0.000,0.006,2.4,11.30,32.0,0.000,0.000,0.000,0.006,0.000,0.000,0.006,0.000,0.000,0.000,0.006,0.000,0.000,0.006,0.000,0.000,0.006,0.006
113.9076,1139,0,move,-1,113.9076,113.9207,0,0.000,-0.088,0.176,-0.176,-0.088,0.088,-0.264,-0.088,0.176,0.088,-43.154,30.674,-0.088,0.264,0.000,0.000,0.439,0.176,0.000,0.000,0.000,0.000,0.000,0.000,0.000,0.000,0.000,0.000,-42.955,30.587,0.000,0.000,0.000,0.000,0.000,0.000,0.013,3.2,11.30,28.0,0.000,0.000,0.000,0.006,0.000,0.000,0.006,0.000,0.006,0.000,0.000,0.000,0.000,0.013,0.000,0.000,0.013,0.000
114.0076,1140,0,move,-1,114.0076,114.0195,0,0.000,-0.088,0.176,-0.176,-0.088,0.088,-0.264,-0.088,0.176,0.088,-43.154,30.674,-0.088,0.264,0.000,0.000,0.439,0.176,0.000,0.000,0.000,0.000,0.000,0.000,0.000,0.000,0.000,0.000,-42.955,30.587,0.000,0.000,0.000,0.000,0.000,0.000,0.013,3.2,11.30,28.0,0.000,0.000,0.000,0.006,0.000,0.000,0.006,0.000,0.006,0.000,0.000,0.000,0.000,0.013,0.000,0.000,0.013,0.000
114.1186,1141,0,move,-1,114.1186,114.1291,0,0.000,-0.088,0.176,-0.176,-0.088,0.088,-0.264,-0.088,0.176,0.088,-43.154,30.674,-0.088,0.264,0.000,0.000,0.439,0.176,0.000,0.000,0.000,0.000,0.000,0.000,0.000,0.000,0.000,0.000,-42.955,30.587,0.000,0.000,0.000,0.000,0.000,0.000,0.013,3.2,11.30,28.0,0.000,0.000,0.000,0.000,0.000,0.000,0.006,0.000,0.000,0.000,0.000,0.000,0.000,0.013,0.000,0.000,0.006,0.006
114.2073,1142,0,move,-1,114.2073,114.2204,0,0.000,-0.088,0.176,-0.176,-0.088,0.088,-0.264,-0.088,0.176,0.088,-43.154,30.674,-0.088,0.264,0.000,0.000,0.439,0.176,0.000,0.000,0.000,0.000,0.000,0.000,0.000,0.000,0.000,0.000,-42.955,30.587,0.000,0.000,0.000,0.000,0.000,0.000,0.013,3.2,11.30,28.0,0.000,0.000,0.000,0.000,0.000,0.000,0.006,0.000,0.000,0.000,0.000,0.000,0.000,0.013,0.000,0.000,0.006,0.006
114.3075,1143,0,move,-1,114.3075,114.3176,0,0.000,-0.088,0.176,-0.176,-0.088,0.088,-0.264,-0.088,0.176,0.088,-43.154,30.674,-0.088,0.264,0.000,0.000,0.439,0.176,0.000,0.000,0.000,0.000,0.000,0.000,0.000,0.000,0.000,0.000,-42.955,30.587,0.000,0.000,0.000,0.000,0.000,0.000,0.013,3.2,11.30,28.0,0.000,0.000,0.000,0.006,0.000,0.000,0.006,0.000,0.006,0.000,0.006,0.000,0.000,0.013,0.000,0.000,0.006,0.000
114.4074,1144,0,move,-1,114.4074,114.4183,0,0.000,-0.088,0.176,-0.176,-0.088,0.088,-0.264,-0.088,0.176,0.088,-43.154,30.674,-0.088,0.264,0.000,0.000,0.439,0.176,0.000,0.000,0.000,0.000,0.000,0.000,0.000,0.000,0.000,0.000,-42.955,30.587,0.000,0.000,0.000,0.000,0.000,0.000,0.013,3.2,11.30,28.0,0.000,0.000,0.000,0.006,0.000,0.000,0.006,0.000,0.006,0.000,0.006,0.000,0.000,0.013,0.000,0.000,0.006,0.000
114.5073,1145,0,move,-1,114.5073,114.5202,0,0.000,-0.088,0.176,-0.176,-0.088,0.088,-0.264,-0.088,0.176,0.088,-43.154,30.674,-0.088,0.264,0.000,0.000,0.439,0.176,0.000,0.000,0.000,0.000,0.000,0.000,0.000,0.000,0.000,0.000,-42.955,30.587,0.000,0.000,0.000,0.000,0.000,0.000,0.013,4.8,11.30,31.0,0.000,0.000,0.000,0.000,0.000,0.000,0.006,0.000,0.000,0.000,0.000,0.000,0.000,0.006,0.000,0.000,0.013,0.000
114.6074,1146,0,move,-1,114.6074,114.6234,0,0.000,-0.088,0.176,-0.176,-0.088,0.088,-0.264,-0.088,0.176,0.088,-43.154,30.674,-0.088,0.264,0.000,0.000,0.439,0.176,0.000,0.000,0.000,0.000,0.000,0.000,0.000,0.000,0.000,0.000,-42.955,30.587,0.000,0.000,0.000,0.000,0.000,0.000,0.006,2.4,11.30,32.0,0.000,0.000,0.000,0.006,0.000,0.000,0.006,0.000,0.000,0.000,0.000,0.000,0.000,0.006,0.000,0.000,0.006,0.000
114.7073,1147,0,move,-1,114.7073,114.7219,0,0.000,-0.088,0.176,-0.176,-0.088,0.088,-0.264,-0.088,0.176,0.088,-43.154,30.674,-0.088,0.264,0.000,0.000,0.439,0.176,0.000,0.000,0.000,0.000,0.000,0.000,0.000,0.000,0.000,0.000,-42.955,30.587,0.000,0.000,0.000,0.000,0.000,0.000,0.006,2.4,11.30,32.0,0.000,0.000,0.000,0.006,0.000,0.000,0.006,0.000,0.000,0.000,0.000,0.000,0.000,0.006,0.000,0.000,0.006,0.000
114.8075,1148,0,move,-1,114.8075,114.8176,0,0.000,-0.088,0.176,-0.176,-0.088,0.088,-0.264,-0.088,0.176,0.088,-43.154,30.674,-0.088,0.264,0.000,0.000,0.439,0.176,0.000,0.000,0.000,0.000,0.000,0.000,0.000,0.000,0.000,0.000,-42.955,30.587,0.000,0.000,0.000,0.000,0.000,0.000,0.013,4.8,11.30,31.0,0.000,0.000,0.000,0.006,0.000,0.000,0.000,0.000,0.006,0.000,0.000,0.000,0.000,0.006,0.000,0.000,0.013,0.006
114.9075,1149,0,move,-1,114.9075,114.9192,0,0.000,-0.088,0.176,-0.176,-0.088,0.088,-0.264,-0.088,0.176,0.088,-43.154,30.674,-0.088,0.264,0.000,0.000,0.439,0.176,0.000,0.000,0.000,0.000,0.000,0.000,0.000,0.000,0.000,0.000,-42.955,30.587,0.000,0.000,0.000,0.000,0.000,0.000,0.006,2.4,11.30,32.0,0.000,0.000,0.000,0.006,0.000,0.000,0.006,0.000,0.000,0.000,0.000,0.000,0.000,0.006,0.000,0.000,0.006,0.006
115.0073,1150,0,move,-1,115.0073,115.0147,0,0.000,-0.088,0.176,-0.176,-0.088,0.088,-0.264,-0.088,0.176,0.088,-43.154,30.674,-0.088,0.264,0.000,0.000,0.439,0.176,0.000,0.000,0.000,0.000,0.000,0.000,0.000,0.000,0.000,0.000,-42.955,30.587,0.000,0.000,0.000,0.000,0.000,0.000,0.006,2.4,11.30,32.0,0.000,0.000,0.000,0.006,0.000,0.000,0.006,0.000,0.000,0.000,0.000,0.000,0.000,0.006,0.000,0.000,0.006,0.006
115.1075,1151,0,move,-1,115.1075,115.1220,0,0.000,-0.088,0.176,-0.176,-0.088,0.088,-0.264,-0.088,0.176,0.088,-43.154,30.674,-0.088,0.264,0.000,0.000,0.439,0.176,0.000,0.000,0.000,0.000,0.000,0.000,0.000,0.000,0.000,0.000,-42.955,30.587,0.000,0.000,0.000,0.000,0.000,0.000,0.013,3.2,11.30,29.0,0.000,0.000,0.000,0.000,0.000,0.000,0.000,0.000,0.000,0.000,0.000,0.000,0.000,0.013,0.000,0.000,0.006,0.000
115.2075,1152,0,move,-1,115.2075,115.2201,0,0.000,-0.088,0.176,-0.176,-0.088,0.088,-0.264,-0.088,0.176,0.088,-43.154,30.674,-0.088,0.264,0.000,0.000,0.439,0.176,0.000,0.000,0.000,0.000,0.000,0.000,0.000,0.000,0.000,0.000,-42.955,30.587,0.000,0.000,0.000,0.000,0.000,0.000,0.013,3.2,11.30,29.0,0.000,0.000,0.000,0.000,0.000,0.000,0.000,0.000,0.000,0.000,0.000,0.000,0.000,0.013,0.000,0.000,0.006,0.000
115.3075,1153,0,move,-1,115.3075,115.3580,0,0.000,-0.088,0.176,-0.176,-0.088,0.088,-0.264,-0.088,0.176,0.088,-43.154,30.674,-0.088,0.264,0.000,0.000,0.439,0.176,0.000,0.000,0.000,0.000,0.000,0.000,0.000,0.000,0.000,0.000,-42.955,30.587,0.000,0.000,0.000,0.000,0.000,0.000,0.013,3.2,11.30,29.0,0.000,0.000,0.000,0.000,0.000,0.000,0.000,0.000,0.006,0.000,0.006,0.000,0.000,0.013,0.000,0.000,0.006,0.006
115.4074,1154,0,move,-1,115.4074,115.4188,0,0.000,-0.088,0.176,-0.176,-0.088,0.088,-0.264,-0.088,0.176,0.088,-43.154,30.674,-0.088,0.264,0.000,0.000,0.439,0.176,0.000,0.000,0.000,0.000,0.000,0.000,0.000,0.000,0.000,0.000,-42.955,30.587,0.000,0.000,0.000,0.000,0.000,0.000,0.013,3.2,11.30,29.0,0.000,0.000,0.000,0.000,0.000,0.000,0.000,0.000,0.006,0.000,0.006,0.000,0.000,0.013,0.000,0.000,0.006,0.006
115.5108,1155,0,move,-1,115.5108,115.5399,0,0.000,-0.088,0.176,-0.176,-0.088,0.088,-0.264,-0.088,0.176,0.088,-43.154,30.674,-0.088,0.264,0.000,0.000,0.439,0.176,0.000,0.000,0.000,0.000,0.000,0.000,0.000,0.000,0.000,0.000,-42.955,30.587,0.000,0.000,0.000,0.000,0.000,0.000,0.006,2.4,11.30,32.0,0.000,,0.000,0.006,0.000,0.000,0.006,0.000,0.000,0.000,0.000,0.000,0.000,0.006,0.000,0.000,0.006,0.000
115.6080,1156,0,move,-1,115.6080,115.6393,0,0.000,-0.088,0.176,-0.176,-0.088,0.088,-0.264,-0.088,0.176,0.088,-43.154,30.674,-0.088,0.264,0.000,0.000,0.439,0.176,0.000,0.000,0.000,0.000,0.000,0.000,0.000,0.000,0.000,0.000,-42.955,30.587,0.000,0.000,0.000,0.000,0.000,0.000,0.006,2.4,11.30,32.0,0.000,,0.000,0.006,0.000,0.000,0.006,0.000,0.000,0.000,0.000,0.000,0.000,0.006,0.000,0.000,0.006,0.000
115.7073,1157,0,move,-1,115.7073,115.7190,0,0.000,-0.088,0.176,-0.176,-0.088,0.088,-0.264,-0.088,0.176,0.088,-43.154,30.674,-0.088,0.264,0.000,0.000,0.439,0.176,0.000,0.000,0.000,0.000,0.000,0.000,0.000,0.000,0.000,0.000,-42.955,30.587,0.000,0.000,0.000,0.000,0.000,0.000,0.013,4.8,11.30,31.0,0.000,0.000,0.000,0.000,0.000,0.000,0.000,0.000,0.006,0.000,0.000,0.000,0.000,0.006,0.000,0.000,0.013,0.006
115.8073,1158,0,move,-1,115.8073,115.8180,0,0.000,-0.088,0.176,-0.176,-0.088,0.088,-0.264,-0.088,0.176,0.088,-43.154,30.674,-0.088,0.264,0.000,0.000,0.439,0.176,0.000,0.000,0.000,0.000,0.000,0.000,0.000,0.000,0.000,0.000,-42.955,30.587,0.000,0.000,0.000,0.000,0.000,0.000,0.013,4.8,11.30,31.0,0.000,0.000,0.000,0.000,0.000,0.000,0.000,0.000,0.006,0.000,0.000,0.000,0.000,0.006,0.000,0.000,0.013,0.006
115.9075,1159,0,move,-1,115.9075,115.9188,0,0.000,-0.088,0.176,-0.176,-0.088,0.088,-0.264,-0.088,0.176,0.088,-43.154,30.674,-0.088,0.264,0.000,0.000,0.439,0.176,0.000,0.000,0.000,0.000,0.000,0.000,0.000,0.000,0.000,0.000,-42.955,30.587,0.000,0.000,0.000,0.000,0.000,0.000,0.013,3.2,11.30,29.0,0.000,0.000,0.000,0.006,0.000,0.000,0.006,0.000,0.000,0.000,0.000,0.000,0.000,0.013,0.000,0.000,0.013,0.000
116.0075,1160,0,move,-1,116.0075,116.0175,0,0.000,-0.088,0.176,-0.176,-0.088,0.088,-0.264,-0.088,0.176,0.088,-43.154,30.674,-0.088,0.264,0.000,0.000,0.439,0.176,0.000,0.000,0.000,0.000,0.000,0.000,0.000,0.000,0.000,0.000,-43.059,30.640,0.000,0.000,0.000,0.000,0.000,0.000,0.013,3.2,11.30,29.0,0.000,0.000,0.000,0.006,0.000,0.000,0.006,0.000,0.000,0.000,0.000,0.000,0.000,0.013,0.000,0.000,0.013,0.000
116.1073,1161,0,move,-1,116.1073,116.1135,0,0.000,-0.088,0.176,-0.176,-0.088,0.088,-0.264,-0.088,0.176,0.088,-43.154,30.674,-0.088,0.264,0.000,0.000,0.439,0.176,0.000,0.000,0.000,0.000,0.000,0.000,0.000,0.000,0.000,0.000,-43.362,30.795,0.000,0.000,0.000,0.000,0.000,0.000,0.013,3.2,11.30,28.0,0.000,0.000,0.000,0.006,0.000,0.000,0.000,0.000,0.000,0.000,0.000,0.000,0.000,0.013,0.000,0.000,0.006,0.006
116.2075,1162,0,move,-1,116.2075,116.2188,0,0.000,-0.088,0.176,-0.176,-0.088,0.088,-0.264,-0.088,0.176,0.088,-43.154,30.674,-0.088,0.264,0.000,0.000,0.439,0.176,0.000,0.000,0.000,0.000,0.000,0.000,0.000,0.000,0.000,0.000,-43.833,31.033,0.000,0.000,0.000,0.000,0.000,0.000,0.013,3.2,11.30,28.0,0.000,0.000,0.000,0.006,0.000,0.000,0.006,0.000,0.000,0.000,0.000,0.000,0.000,0.013,0.000,0.000,0.006,0.000
116.3075,1163,0,move,-1,116.3075,116.3182,0,0.000,-0.088,0.176,-0.176,-0.088,0.088,-0.264,-0.088,0.176,0.088,-43.154,31.113,-0.088,0.264,0.000,0.000,0.439,0.176,0.000,0.000,0.000,0.000,0.000,0.000,0.000,0.000,0.000,0.000,-44.421,31.329,0.000,0.000,0.000,0.000,0.000,0.000,0.013,3.2,11.30,28.0,0.000,0.000,0.000,0.006,0.000,0.000,0.006,0.000,0.000,0.000,0.000,0.000,0.000,0.013,0.000,0.000,0.006,0.000
116.4074,1164,0,move,-1,116.4074,116.4190,0,0.000,-0.088,0.176,-0.176,-0.088,0.088,-0.264,-0.088,0.176,0.088,-43.857,31.201,-0.088,0.264,0.000,0.000,0.439,0.176,0.000,0.000,0.000,0.000,0.000,0.000,0.000,0.000,0.000,0.000,-45.069,31.653,0.000,0.000,0.000,0.000,0.000,0.000,0.013,3.2,11.30,28.0,0.000,0.000,0.000,0.006,0.000,0.000,0.006,0.000,0.000,0.000,0.006,0.000,0.000,0.013,0.000,0.000,0.006,0.006
116.5073,1165,0,move,-1,116.5073,116.5300,0,0.000,-0.088,0.176,-0.176,-0.088,0.088,-0.264,-0.088,0.176,0.088,-44.473,31.641,-0.088,0.264,0.000,0.000,0.439,0.176,0.000,0.000,0.000,0.000,0.000,0.000,0.000,0.000,0.000,0.000,-45.712,31.972,0.000,0.000,0.000,0.000,0.000,0.000,0.026,9.6,11.30,31.0,0.000,0.000,0.000,0.000,0.000,0.000,0.006,0.000,0.000,0.000,0.026,0.006,0.000,0.013,0.000,0.000,0.013,0.006
116.6075,1166,0,move,-1,116.6075,116.6602,0,0.000,-0.088,0.176,-0.176,-0.088,0.088,-0.264,-0.088,0.176,0.088,-45.088,31.992,-0.088,0.264,0.000,0.000,0.439,0.176,0.000,0.000,0.000,0.000,0.000,0.000,0.000,0.000,0.000,0.000,-46.288,32.255,0.000,0.000,0.000,0.000,0.000,0.000,0.013,9.6,11.30,31.0,0.000,0.000,0.000,0.006,0.000,0.000,0.006,0.000,0.000,0.000,0.013,0.006,0.000,0.006,0.000,0.000,0.006,0.006
116.7075,1167,0,move,-1,116.7075,116.7175,0,0.000,-0.088,0.176,-0.176,-0.088,0.088,-0.264,-0.088,0.176,0.088,-45.703,32.256,-0.088,0.264,0.000,0.000,0.439,0.176,0.000,0.000,0.000,0.000,0.000,0.000,0.000,0.000,0.000,0.000,-46.742,32.477,0.000,0.000,0.000,0.000,0.000,0.000,0.013,9.6,11.30,31.0,0.000,0.000,0.000,0.006,0.000,0.000,0.006,0.000,0.000,0.000,0.013,0.006,0.000,0.006,0.000,0.000,0.006,0.006
116.8073,1168,0,move,-1,116.8073,116.8341,0,0.000,-0.088,0.176,-0.176,-0.088,0.088,-0.264,-0.088,0.176,0.088,-46.318,32.607,-0.088,0.264,0.000,0.000,0.439,0.176,0.000,0.000,0.000,0.000,0.000,0.000,0.000,0.000,0.000,0.000,-47.033,32.619,0.000,0.000,0.000,0.000,0.000,0.000,0.019,7.6,11.30,31.0,0.000,0.000,0.000,0.000,0.000,0.000,0.006,0.000,0.000,0.000,0.019,0.006,0.000,0.013,0.000,0.000,0.013,0.006
116.9075,1169,0,move,-1,116.9075,116.9169,0,0.000,-0.088,0.176,-0.176,-0.088,0.088,-0.264,-0.088,0.176,0.088,-46.582,32.607,-0.088,0.264,0.000,0.000,0.439,0.176,0.000,0.000,0.000,0.000,0.000,0.000,0.000,0.000,0.000,0.000,-47.133,32.667,0.000,0.000,0.000,0.000,0.000,0.000,0.019,7.6,11.30,31.0,0.000,0.000,0.000,0.000,0.000,0.000,0.006,0.000,0.000,0.000,0.019,0.006,0.000,0.013,0.000,0.000,0.013,0.006
117.0129,1170,0,move,-1,117.0129,117.0475,0,0.000,-0.088,0.176,-0.176,-0.088,0.088,-0.264,-0.088,0.176,0.088,-46.582,32.607,-0.088,0.264,0.000,0.000,0.439,0.176,0.000,0.000,0.000,0.000,0.000,0.000,0.000,0.000,0.000,0.000,-47.133,32.667,0.000,0.000,0.000,0.000,0.000,0.000,0.013,5.6,11.30,31.0,0.000,0.000,0.000,0.006,0.000,0.000,0.000,0.000,0.000,0.000,0.013,0.000,0.000,0.013,0.000,0.000,0.013,0.000
117.1077,1171,0,move,-1,117.1077,117.1174,0,0.000,-0.088,0.176,-0.176,-0.088,0.088,-0.264,-0.088,0.176,0.088,-46.582,32.607,-0.088,0.264,0.000,0.000,0.439,0.176,0.000,0.000,0.000,0.000,0.000,0.000,0.000,0.000,0.000,0.000,-47.133,32.667,0.000,0.000,0.000,0.000,0.000,0.000,0.013,5.6,11.30,31.0,0.000,0.000,0.000,0.006,0.000,0.000,0.000,0.000,0.000,0.000,0.013,0.000,0.000,0.013,0.000,0.000,0.013,0.000
117.2073,1172,0,move,-1,117.2073,117.2293,0,0.000,-0.088,0.176,-0.176,-0.088,0.088,-0.264,-0.088,0.176,0.088,-46.582,32.607,-0.088,0.264,0.000,0.000,0.439,0.176,0.000,0.000,0.000,0.000,0.000,0.000,0.000,0.000,0.000,0.000,-47.133,32.667,0.000,0.000,0.000,0.000,0.000,0.000,0.013,5.6,11.20,31.0,0.000,0.000,0.000,0.000,0.000,0.000,0.006,0.000,0.000,0.000,0.013,0.000,0.000,0.013,0.000,0.000,0.006,0.006
117.3075,1173,0,move,-1,117.3075,117.3286,0,0.000,-0.088,0.176,-0.176,-0.088,0.088,-0.264,-0.088,0.176,0.088,-46.582,32.607,-0.088,0.264,0.000,0.000,0.439,0.176,0.000,0.000,0.000,0.000,0.000,0.000,0.000,0.000,0.000,0.000,-47.133,32.667,0.000,0.000,0.000,0.000,0.000,0.000,0.013,5.6,11.20,31.0,0.000,0.000,0.000,0.000,0.000,0.000,0.006,0.000,0.000,0.000,0.013,0.000,0.000,0.013,0.000,0.000,0.006,0.006
117.4073,1174,0,move,-1,117.4073,117.4166,0,0.000,-0.088,0.176,-0.176,-0.088,0.088,-0.264,-0.088,0.176,0.088,-46.582,32.607,-0.088,0.264,0.000,0.000,0.439,0.176,0.000,0.000,0.000,0.000,0.000,0.000,0.000,0.000,0.000,0.000,-47.133,32.667,0.000,0.000,0.000,0.000,0.000,0.000,0.013,5.6,11.30,31.0,0.000,0.000,0.000,0.000,0.000,0.000,0.006,0.000,0.006,0.000,0.013,0.000,0.000,0.013,0.000,0.000,0.006,0.000
117.5088,1175,0,move,-1,117.5088,117.5153,0,0.000,-0.088,0.176,-0.176,-0.088,0.088,-0.264,-0.088,0.176,0.088,-46.582,32.607,-0.088,0.264,0.000,0.000,0.439,0.176,0.000,0.000,0.000,0.000,0.000,0.000,0.000,0.000,0.000,0.000,-47.133,32.667,0.000,0.000,0.000,0.000,0.000,0.000,0.013,5.6,11.30,31.0,0.000,0.000,0.000,0.000,0.000,0.000,0.006,0.000,0.006,0.000,0.013,0.000,0.000,0.013,0.000,0.000,0.006,0.000
117.6075,1176,0,move,-1,117.6075,117.6201,0,0.000,-0.088,0.176,-0.176,-0.088,0.088,-0.264,-0.088,0.176,0.088,-46.582,32.607,-0.088,0.264,0.000,0.000,0.439,0.176,0.000,0.000,0.000,0.000,0.000,0.000,0.000,0.000,0.000,0.000,-47.133,32.667,0.000,0.000,0.000,0.000,0.000,0.000,0.013,5.6,11.30,31.0,0.000,0.000,0.000,0.000,0.000,0.000,0.006,0.000,0.000,0.000,0.013,0.000,0.000,0.006,0.000,0.000,0.006,0.006
117.7075,1177,0,move,-1,117.7075,117.7194,0,0.000,-0.088,0.176,-0.176,-0.088,0.088,-0.264,-0.088,0.176,0.088,-46.582,32.607,-0.088,0.264,0.000,0.000,0.439,0.176,0.000,0.000,0.000,0.000,0.000,0.000,0.000,0.000,0.000,0.000,-47.133,32.667,0.000,0.000,0.000,0.000,0.000,0.000,0.013,5.6,11.30,31.0,0.000,0.000,0.000,0.000,0.000,0.000,0.006,0.000,0.000,0.000,0.013,0.000,0.000,0.006,0.000,0.000,0.006,0.006
117.8075,1178,0,move,-1,117.8075,117.8196,0,0.000,-0.088,0.176,-0.176,-0.088,0.088,-0.264,-0.088,0.176,0.088,-46.582,32.607,-0.088,0.264,0.000,0.000,0.439,0.176,0.000,0.000,0.000,0.000,0.000,0.000,0.000,0.000,0.000,0.000,-47.133,32.667,0.000,0.000,0.000,0.000,0.000,0.000,0.013,5.6,11.30,31.0,0.000,0.000,0.000,0.006,0.000,0.000,0.006,0.000,0.000,0.000,0.013,0.000,0.000,0.006,0.000,0.000,0.013,0.006
117.9075,1179,0,move,-1,117.9075,117.9201,0,0.000,-0.088,0.176,-0.176,-0.088,0.088,-0.264,-0.088,0.176,0.088,-46.582,32.607,-0.088,0.264,0.000,0.000,0.439,0.176,0.000,0.000,0.000,0.000,0.000,0.000,0.000,0.000,0.000,0.000,-47.133,32.667,0.000,0.000,0.000,0.000,0.000,0.000,0.013,5.6,11.30,31.0,0.000,0.000,0.000,0.000,0.000,0.000,0.000,0.000,0.000,0.000,0.013,0.000,0.000,0.013,0.000,0.000,0.013,0.000
118.0074,1180,0,move,-1,118.0074,118.0311,0,0.000,-0.088,0.176,-0.176,-0.088,0.088,-0.264,-0.088,0.176,0.088,-46.582,32.607,-0.088,0.264,0.000,0.000,0.439,0.176,0.000,0.000,0.000,0.000,0.000,0.000,0.000,0.000,0.000,0.000,-47.133,32.667,0.000,0.000,0.000,0.000,0.000,0.000,0.013,5.6,11.30,31.0,0.000,0.000,0.000,0.006,0.000,0.000,,0.000,0.000,0.000,0.013,0.000,0.000,0.006,0.000,0.000,0.013,0.000
118.1075,1181,0,move,-1,118.1075,118.1193,0,0.000,-0.088,0.176,-0.176,-0.088,0.088,-0.264,-0.088,0.176,0.088,-46.582,32.607,-0.088,0.264,0.000,0.000,0.439,0.176,0.000,0.000,0.000,0.000,0.000,0.000,0.000,0.000,0.000,0.000,-47.133,32.667,0.000,0.000,0.000,0.000,0.000,0.000,0.013,5.6,11.30,31.0,0.000,0.000,0.000,0.006,0.000,0.000,,0.000,0.000,0.000,0.013,0.000,0.000,0.006,0.000,0.000,0.013,0.000
118.2075,1182,0,move,-1,118.2075,118.2205,0,0.000,-0.088,0.176,-0.176,-0.088,0.088,-0.264,-0.088,0.176,0.088,-46.582,32.607,-0.088,0.264,0.000,0.000,0.439,0.176,0.000,0.000,0.000,0.000,0.000,0.000,0.000,0.000,0.000,0.000,-47.133,32.667,0.000,0.000,0.000,0.000,0.000,0.000,0.013,5.6,11.30,31.0,0.000,0.000,0.000,0.000,0.000,0.000,0.000,0.000,0.000,0.000,0.013,0.000,0.000,0.006,0.000,0.000,0.006,0.000
118.3075,1183,0,move,-1,118.3075,118.3183,0,0.000,-0.088,0.176,-0.176,-0.088,0.088,-0.264,-0.088,0.176,0.088,-46.582,32.607,-0.088,0.264,0.000,0.000,0.439,0.176,0.000,0.000,0.000,0.000,0.000,0.000,0.000,0.000,0.000,0.000,-47.133,32.667,0.000,0.000,0.000,0.000,0.000,0.000,0.013,5.6,11.30,31.0,0.000,0.000,0.000,0.000,0.000,0.000,0.000,0.000,0.000,0.000,0.013,0.000,0.000,0.006,0.000,0.000,0.006,0.000
118.4093,1184,0,move,-1,118.4093,118.4662,0,0.000,-0.088,0.176,-0.176,-0.088,0.088,-0.264,-0.088,0.176,0.088,-46.582,32.607,-0.088,0.264,0.000,0.000,0.439,0.176,0.000,0.000,0.000,0.000,0.000,0.000,0.000,0.000,0.000,0.000,-47.133,32.667,0.000,0.000,0.000,0.000,0.000,0.000,0.013,5.6,11.30,31.0,0.000,0.000,0.006,0.000,0.000,0.000,0.006,0.000,0.000,0.000,0.013,0.000,0.000,0.006,0.000,0.000,0.013,0.000
118.5073,1185,0,move,-1,118.5073,118.5375,0,0.000,-0.088,0.176,-0.176,-0.088,0.088,-0.264,-0.088,0.176,0.088,-46.582,32.607,-0.088,0.264,0.000,0.000,0.439,0.176,0.000,0.000,0.000,0.000,0.000,0.000,0.000,0.000,0.000,0.000,-47.133,32.667,0.000,0.000,0.000,0.000,0.000,0.000,0.013,5.6,11.30,31.0,0.000,0.000,0.006,0.000,0.000,0.000,0.006,0.000,0.000,0.000,0.013,0.000,0.000,0.006,0.000,0.000,0.013,0.000
118.6076,1186,0,move,-1,118.6076,118.6189,0,0.000,-0.088,0.176,-0.176,-0.088,0.088,-0.264,-0.088,0.176,0.088,-46.582,32.607,-0.088,0.264,0.000,0.000,0.439,0.176,0.000,0.000,0.000,0.000,0.000,0.000,0.000,0.000,0.000,0.000,-47.133,32.667,0.000,0.000,0.000,0.000,0.000,0.000,0.013,5.6,11.30,31.0,0.000,0.000,0.000,0.000,0.000,0.000,0.006,0.000,0.000,0.000,0.013,0.000,0.000,0.013,0.000,0.000,0.006,0.000
118.7107,1187,0,move,-1,118.7107,118.7351,0,0.000,-0.088,0.176,-0.176,-0.088,0.088,-0.264,-0.088,0.176,0.088,-46.582,32.607,-0.088,0.264,0.000,0.000,0.439,0.176,0.000,0.000,0.000,0.000,0.000,0.000,0.000,0.000,0.000,0.000,-47.133,32.667,0.000,0.000,0.000,0.000,0.000,0.000,0.013,5.6,11.30,31.0,0.000,0.000,0.000,0.006,0.000,0.000,0.000,0.000,0.000,0.000,0.013,0.000,0.000,0.013,0.000,0.000,0.013,0.000
118.8075,1188,0,move,-1,118.8075,118.8194,0,0.000,-0.088,0.176,-0.176,-0.088,0.088,-0.264,-0.088,0.176,0.088,-46.582,32.607,-0.088,0.264,0.000,0.000,0.439,0.176,0.000,0.000,0.000,0.000,0.000,0.000,0.000,0.000,0.000,0.000,-47.133,32.667,0.000,0.000,0.000,0.000,0.000,0.000,0.013,5.6,11.30,31.0,0.000,0.000,0.000,0.006,0.000,0.000,0.000,0.000,0.000,0.000,0.013,0.000,0.000,0.013,0.000,0.000,0.013,0.000
118.9075,1189,0,move,-1,118.9075,118.9175,0,0.000,-0.088,0.176,-0.176,-0.088,0.088,-0.264,-0.088,0.176,0.088,-46.582,32.607,-0.088,0.264,0.000,0.000,0.439,0.176,0.000,0.000,0.000,0.000,0.000,0.000,0.000,0.000,0.000,0.000,-47.133,32.667,0.000,0.000,0.000,0.000,0.000,0.000,0.013,5.6,11.30,31.0,0.000,0.000,0.006,0.006,0.000,0.000,0.000,0.000,0.000,0.000,0.013,0.000,0.000,0.006,0.000,0.000,0.013,0.000
119.0087,1190,0,move,-1,119.0087,119.0154,0,0.000,-0.088,0.176,-0.176,-0.088,0.088,-0.264,-0.088,0.176,0.088,-46.582,32.607,-0.088,0.264,0.000,0.000,0.439,0.176,0.000,0.000,0.000,0.000,0.000,0.000,0.000,0.000,0.000,0.000,-47.133,32.667,0.000,0.000,0.000,0.000,0.000,0.000,0.013,5.6,11.30,31.0,0.000,0.000,0.006,0.006,0.000,0.000,0.000,0.000,0.000,0.000,0.013,0.000,0.000,0.006,0.000,0.000,0.013,0.000
119.1075,1191,0,move,-1,119.1075,119.1217,0,0.000,-0.088,0.176,-0.176,-0.088,0.088,-0.264,-0.088,0.176,0.088,-46.582,32.607,-0.088,0.264,0.000,0.000,0.439,0.176,0.000,0.000,0.000,0.000,0.000,0.000,0.000,0.000,0.000,0.000,-47.133,32.667,0.000,0.000,0.000,0.000,0.000,0.000,0.013,3.2,11.30,28.0,0.000,0.000,0.000,0.000,0.000,0.000,0.000,0.000,0.000,0.000,0.006,0.000,0.000,0.013,0.000,0.000,0.013,0.000
119.2221,1192,0,move,-1,119.2221,119.2341,0,0.000,-0.088,0.176,-0.176,-0.088,0.088,-0.264,-0.088,0.176,0.088,-46.582,32.607,-0.088,0.264,0.000,0.000,0.439,0.176,0.000,0.000,0.000,0.000,0.000,0.000,0.000,0.000,0.000,0.000,-47.133,32.667,0.000,0.000,0.000,0.000,0.000,0.000,0.006,2.4,11.30,28.0,0.000,0.000,0.000,0.000,0.000,0.000,0.000,0.000,0.000,0.000,0.000,0.000,0.000,0.006,0.000,0.000,0.000,0.000
119.3075,1193,0,move,-1,119.3075,119.3178,0,0.000,-0.088,0.176,-0.176,-0.088,0.088,-0.264,-0.088,0.176,0.088,-46.582,32.607,-0.088,0.264,0.000,0.000,0.439,0.176,0.000,0.000,0.000,0.000,0.000,0.000,0.000,0.000,0.000,0.000,-47.133,32.667,0.000,0.000,0.000,0.000,0.000,0.000,0.006,2.4,11.30,28.0,0.000,0.000,0.000,0.000,0.000,0.000,0.000,0.000,0.000,0.000,0.000,0.000,0.000,0.006,0.000,0.000,0.000,0.000
119.4073,1194,0,move,-1,119.4073,119.4201,0,0.000,-0.088,0.176,-0.176,-0.088,0.088,-0.264,-0.088,0.176,0.088,-46.582,32.607,-0.088,0.264,0.000,0.000,0.439,0.176,0.000,0.000,0.000,0.000,0.000,0.000,0.000,0.000,0.000,0.000,-47.133,32.667,0.000,0.000,0.000,0.000,0.000,0.000,0.013,5.6,11.30,31.0,0.000,0.000,0.000,0.000,0.000,0.000,0.006,0.000,0.000,0.000,0.013,0.000,0.000,0.013,0.000,0.000,0.006,0.000
119.5073,1195,0,move,-1,119.5073,119.5146,0,0.000,-0.088,0.176,-0.176,-0.088,0.088,-0.264,-0.088,0.176,0.088,-46.582,32.607,-0.088,0.264,0.000,0.000,0.439,0.176,0.000,0.000,0.000,0.000,0.000,0.000,0.000,0.000,0.000,0.000,-47.133,32.667,0.000,0.000,0.000,0.000,0.000,0.000,0.013,5.6,11.30,31.0,0.000,0.000,0.000,0.000,0.000,0.000,0.006,0.000,0.000,0.000,0.013,0.000,0.000,0.013,0.000,0.000,0.006,0.000
119.6073,1196,0,move,-1,119.6073,119.6193,0,0.000,-0.088,0.176,-0.176,-0.088,0.088,-0.264,-0.088,0.176,0.088,-46.582,32.607,-0.088,0.264,0.000,0.000,0.439,0.176,0.000,0.000,0.000,0.000,0.000,0.000,0.000,0.000,0.000,0.000,-47.133,32.667,0.000,0.000,0.000,0.000,0.000,0.000,0.013,5.6,11.30,31.0,0.000,0.000,0.000,0.000,0.000,0.000,0.000,0.000,0.006,0.000,0.013,0.000,0.000,0.013,0.000,0.000,0.006,0.000
119.7075,1197,0,move,-1,119.7075,119.7201,0,0.000,-0.088,0.176,-0.176,-0.088,0.088,-0.264,-0.088,0.176,0.088,-46.582,32.607,-0.088,0.264,0.000,0.000,0.439,0.176,0.000,0.000,0.000,0.000,0.000,0.000,0.000,0.000,0.000,0.000,-47.133,32.667,0.000,0.000,0.000,0.000,0.000,0.000,0.013,3.2,11.30,29.0,0.000,0.000,0.000,0.006,0.000,0.000,0.000,0.000,0.000,0.000,0.006,0.000,0.000,0.013,0.000,0.000,0.006,0.000
119.8073,1198,0,move,-1,119.8073,119.8187,0,0.000,-0.088,0.176,-0.176,-0.088,0.088,-0.264,-0.088,0.176,0.088,-46.582,32.607,-0.088,0.264,0.000,0.000,0.439,0.176,0.000,0.000,0.000,0.000,0.000,0.000,0.000,0.000,0.000,0.000,-47.133,32.667,0.000,0.000,0.000,0.000,0.000,0.000,0.013,3.2,11.30,29.0,0.000,0.000,0.000,0.006,0.000,0.000,0.000,0.000,0.000,0.000,0.006,0.000,0.000,0.013,0.000,0.000,0.006,0.000
119.9075,1199,0,move,-1,119.9075,119.9193,0,0.000,-0.088,0.176,-0.176,-0.088,0.088,-0.264,-0.088,0.176,0.088,-46.582,32.607,-0.088,0.264,0.000,0.000,0.439,0.176,0.000,0.000,0.000,0.000,0.000,0.000,0.000,0.000,0.000,0.000,-47.133,32.667,0.000,0.000,0.000,0.000,0.000,0.000,0.013,5.6,11.30,31.0,0.000,0.000,0.000,0.006,0.000,0.000,0.006,0.000,0.000,0.000,0.013,0.000,0.000,0.006,0.000,0.000,0.006,0.000
120.0074,1200,0,move,-1,120.0074,120.0323,0,0.000,-0.088,0.176,-0.176,-0.088,0.088,-0.264,-0.088,0.176,0.088,-46.582,32.607,-0.088,0.264,0.000,0.000,0.439,0.176,0.000,0.000,0.000,0.000,0.000,0.000,0.000,0.000,0.000,0.000,-47.233,32.716,0.000,0.000,0.000,0.000,0.000,0.000,0.013,5.6,11.20,31.0,0.000,0.000,0.000,0.000,0.000,0.000,,0.000,0.000,0.000,0.013,0.000,0.000,0.006,0.000,0.000,0.006,0.000
120.1082,1201,0,move,-1,120.1082,120.1206,0,0.000,-0.088,0.176,-0.176,-0.088,0.088,-0.264,-0.088,0.176,0.088,-46.582,32.607,-0.088,0.264,0.000,0.000,0.439,0.176,0.000,0.000,0.000,0.000,0.000,0.000,0.000,0.000,0.000,0.000,-47.522,32.856,0.000,0.000,0.000,0.000,0.000,0.000,0.013,5.6,11.20,31.0,0.000,0.000,0.000,0.000,0.000,0.000,,0.000,0.000,0.000,0.013,0.000,0.000,0.006,0.000,0.000,0.006,0.000
120.2074,1202,0,move,-1,120.2074,120.2176,0,0.000,-0.088,0.176,-0.176,-0.088,0.088,-0.264,-0.088,0.176,0.088,-47.109,32.871,-0.088,0.264,0.000,0.000,0.439,0.176,0.000,0.000,0.000,0.000,0.000,0.000,0.000,0.000,0.000,0.000,-47.971,33.071,0.000,0.000,0.000,0.000,0.000,0.000,0.013,4.8,11.30,31.0,0.000,0.000,0.000,0.006,0.000,0.000,0.000,0.000,0.000,0.000,0.000,0.000,0.000,0.006,0.000,0.000,0.013,0.000
120.3073,1203,0,move,-1,120.3073,120.3226,0,0.000,-0.088,0.176,-0.176,-0.088,0.088,-0.264,-0.088,0.176,0.088,-47.549,33.047,-0.088,0.264,0.000,0.000,0.439,0.176,0.000,0.000,0.000,0.000,0.000,0.000,0.000,0.000,0.000,0.000,-48.535,33.340,0.000,0.000,0.000,0.000,0.000,0.000,0.006,0.0,11.30,31.0,0.000,0.000,0.000,0.000,0.000,0.000,0.000,0.000,0.000,0.000,0.006,0.000,0.000,0.000,0.000,0.000,0.000,0.000
120.4075,1204,0,move,-1,120.4075,120.4202,0,0.000,-0.088,0.176,-0.176,-0.088,0.088,-0.264,-0.088,0.176,0.088,-47.637,33.223,-0.088,0.264,0.000,0.000,0.439,0.176,0.000,0.000,0.000,0.000,0.000,0.000,0.000,0.000,0.000,0.000,-49.154,33.634,0.000,0.000,0.000,0.000,0.000,0.000,0.006,0.0,11.30,31.0,0.000,0.000,0.000,0.000,0.000,0.000,0.000,0.000,0.000,0.000,0.006,0.000,0.000,0.000,0.000,0.000,0.000,0.000
120.5099,1205,0,move,-1,120.5099,120.5265,0,0.000,-0.088,0.176,-0.176,-0.088,0.088,-0.264,-0.088,0.176,0.088,-48.428,33.662,-0.088,0.264,0.000,0.000,0.439,0.176,0.000,0.000,0.000,0.000,0.000,0.000,0.000,0.000,0.000,0.000,-49.772,33.924,0.000,0.000,0.000,0.000,0.000,0.000,0.019,7.6,11.30,31.0,0.000,0.000,0.000,0.000,0.000,0.000,0.000,0.000,0.006,0.000,0.019,0.006,0.000,0.013,0.000,0.000,0.006,0.000
120.6076,1206,0,move,-1,120.6076,120.6251,0,0.000,-0.088,0.176,-0.176,-0.088,0.088,-0.264,-0.088,0.176,0.088,-49.043,34.014,-0.088,0.264,0.000,0.000,0.439,0.176,0.000,0.000,0.000,0.000,0.000,0.000,0.000,0.000,0.000,0.000,-50.327,34.182,0.000,0.000,0.000,0.000,0.000,0.000,0.019,7.6,11.30,31.0,0.000,0.000,0.000,0.000,0.000,0.000,0.000,0.000,0.006,0.000,0.019,0.006,0.000,0.013,0.000,0.000,0.006,0.000
120.7073,1207,0,move,-1,120.7073,120.7188,0,0.000,-0.088,0.176,-0.176,-0.088,0.088,-0.264,-0.088,0.176,0.088,-49.658,34.014,-0.088,0.264,0.000,0.000,0.439,0.176,0.000,0.000,0.000,0.000,0.000,0.000,0.000,0.000,0.000,0.000,-50.765,34.384,0.000,0.000,0.000,0.000,0.000,0.000,0.026,8.8,11.30,31.0,0.000,0.000,0.000,0.000,0.000,0.000,0.006,0.000,0.000,0.000,0.026,0.000,0.000,0.006,0.000,0.000,0.013,0.000
120.8073,1208,0,move,-1,120.8073,120.8278,0,0.000,-0.088,0.176,-0.176,-0.088,0.088,-0.264,-0.088,0.176,0.088,-50.098,34.365,-0.088,0.264,0.000,0.000,0.439,0.176,0.000,0.000,0.000,0.000,0.000,0.000,0.000,0.000,0.000,0.000,-51.045,34.512,0.000,0.000,0.000,0.000,0.000,0.000,0.013,8.0,11.30,31.0,0.000,0.000,0.006,0.006,0.000,0.000,0.000,0.000,0.000,0.000,0.013,0.006,0.000,0.013,0.000,0.000,0.006,0.000
120.9075,1209,0,move,-1,120.9075,120.9193,0,0.000,-0.088,0.176,-0.176,-0.088,0.088,-0.264,-0.088,0.176,0.088,-50.537,34.541,-0.088,0.264,0.000,0.000,0.439,0.176,0.000,0.000,0.000,0.000,0.000,0.000,0.000,0.000,0.000,0.000,-51.141,34.556,0.000,0.000,0.000,0.000,0.000,0.000,0.013,8.0,11.30,31.0,0.000,0.000,0.006,0.006,0.000,0.000,0.000,0.000,0.000,0.000,0.013,0.006,0.000,0.013,0.000,0.000,0.006,0.000
121.0075,1210,0,move,-1,121.0075,121.0199,0,0.000,-0.088,0.176,-0.176,-0.088,0.088,-0.264,-0.088,0.176,0.088,-50.625,34.541,-0.088,0.264,0.000,0.000,0.439,0.176,0.000,0.000,0.000,0.000,0.000,0.000,0.000,0.000,0.000,0.000,-51.141,34.556,0.000,0.000,0.000,0.000,0.000,0.000,0.013,4.8,11.30,31.0,0.000,0.000,0.000,0.006,0.000,0.000,0.006,0.000,0.006,0.000,0.006,0.000,0.000,0.006,0.000,0.000,0.013,0.006
121.1073,1211,0,move,-1,121.1073,121.1173,0,0.000,-0.088,0.176,-0.176,-0.088,0.088,-0.264,-0.088,0.176,0.088,-50.625,34.541,-0.088,0.264,0.000,0.000,0.439,0.176,0.000,0.000,0.000,0.000,0.000,0.000,0.000,0.000,0.000,0.000,-51.141,34.556,0.000,0.000,0.000,0.000,0.000,0.000,0.013,4.8,11.30,31.0,0.000,0.000,0.000,0.006,0.000,0.000,0.006,0.000,0.006,0.000,0.006,0.000,0.000,0.006,0.000,0.000,0.013,0.006
121.2075,1212,0,move,-1,121.2075,121.2176,0,0.000,-0.088,0.176,-0.176,-0.088,0.088,-0.264,-0.088,0.176,0.088,-50.625,34.541,-0.088,0.264,0.000,0.000,0.439,0.176,0.000,0.000,0.000,0.000,0.000,0.000,0.000,0.000,0.000,0.000,-51.141,34.556,0.000,0.000,0.000,0.000,0.000,0.000,0.013,3.2,11.30,29.0,0.000,0.000,0.000,0.000,0.000,0.000,0.006,0.000,0.000,0.000,0.006,0.000,0.000,0.013,0.000,0.000,0.013,0.000
121.3073,1213,0,move,-1,121.3073,121.3173,0,0.000,-0.088,0.176,-0.176,-0.088,0.088,-0.264,-0.088,0.176,0.088,-50.625,34.541,-0.088,0.264,0.000,0.000,0.439,0.176,0.000,0.000,0.000,0.000,0.000,0.000,0.000,0.000,0.000,0.000,-51.141,34.556,0.000,0.000,0.000,0.000,0.000,0.000,0.013,3.2,11.30,29.0,0.000,0.000,0.000,0.000,0.000,0.000,0.006,0.000,0.000,0.000,0.006,0.000,0.000,0.013,0.000,0.000,0.013,0.000
121.4075,1214,0,move,-1,121.4075,121.4181,0,0.000,-0.088,0.176,-0.176,-0.088,0.088,-0.264,-0.088,0.176,0.088,-50.625,34.541,-0.088,0.264,0.000,0.000,0.439,0.176,0.000,0.000,0.000,0.000,0.000,0.000,0.000,0.000,0.000,0.000,-51.141,34.556,0.000,0.000,0.000,0.000,0.000,0.000,0.013,5.6,11.30,31.0,0.000,0.000,0.000,0.000,0.000,0.000,0.006,0.000,0.000,0.000,0.013,0.000,0.000,0.006,0.000,0.000,0.013,0.006
121.5075,1215,0,move,-1,121.5075,121.5196,0,0.000,-0.088,0.176,-0.176,-0.088,0.088,-0.264,-0.088,0.176,0.088,-50.625,34.541,-0.088,0.264,0.000,0.000,0.439,0.176,0.000,0.000,0.000,0.000,0.000,0.000,0.000,0.000,0.000,0.000,-51.141,34.556,0.000,0.000,0.000,0.000,0.000,0.000,0.013,5.6,11.30,31.0,0.000,0.000,0.000,0.006,0.000,0.000,0.006,0.000,0.000,0.000,0.013,0.000,0.000,0.013,0.000,0.000,0.006,0.006
121.6075,1216,0,move,-1,121.6075,121.6183,0,0.000,-0.088,0.176,-0.176,-0.088,0.088,-0.264,-0.088,0.176,0.088,-50.625,34.541,-0.088,0.264,0.000,0.000,0.439,0.176,0.000,0.000,0.000,0.000,0.000,0.000,0.000,0.000,0.000,0.000,-51.141,34.556,0.000,0.000,0.000,0.000,0.000,0.000,0.013,5.6,11.30,31.0,0.000,0.000,0.000,0.006,0.000,0.000,0.006,0.000,0.000,0.000,0.013,0.000,0.000,0.013,0.000,0.000,0.006,0.006
121.7074,1217,0,move,-1,121.7074,121.7200,0,0.000,-0.088,0.176,-0.176,-0.088,0.088,-0.264,-0.088,0.176,0.088,-50.625,34.541,-0.088,0.264,0.000,0.000,0.439,0.176,0.000,0.000,0.000,0.000,0.000,0.000,0.000,0.000,0.000,0.000,-51.141,34.556,0.000,0.000,0.000,0.000,0.000,0.000,0.013,5.6,11.30,31.0,0.000,0.000,0.000,0.000,0.000,0.000,0.000,0.000,0.000,0.000,0.013,0.000,0.000,0.006,0.000,0.000,0.006,0.000
121.8073,1218,0,move,-1,121.8073,121.8186,0,0.000,-0.088,0.176,-0.176,-0.088,0.088,-0.264,-0.088,0.176,0.088,-50.625,34.541,-0.088,0.264,0.000,0.000,0.439,0.176,0.000,0.000,0.000,0.000,0.000,0.000,0.000,0.000,0.000,0.000,-51.141,34.556,0.000,0.000,0.000,0.000,0.000,0.000,0.013,5.6,11.30,31.0,0.000,0.000,0.000,0.000,0.000,0.000,0.000,0.000,0.000,0.000,0.013,0.000,0.000,0.006,0.000,0.000,0.006,0.000
121.9076,1219,0,move,-1,121.9076,121.9225,0,0.000,-0.088,0.176,-0.176,-0.088,0.088,-0.264,-0.088,0.176,0.088,-50.625,34.541,-0.088,0.264,0.000,0.000,0.439,0.176,0.000,0.000,0.000,0.000,0.000,0.000,0.000,0.000,0.000,0.000,-51.141,34.556,0.000,0.000,0.000,0.000,0.000,0.000,0.000,0.0,11.30,32.0,0.000,0.000,0.000,0.000,0.000,0.000,0.000,0.000,0.000,0.000,0.000,0.000,0.000,0.000,0.000,0.000,0.000,0.000
122.0073,1220,0,move,-1,122.0073,122.0173,0,0.000,-0.088,0.176,-0.176,-0.088,0.088,-0.264,-0.088,0.176,0.088,-50.625,34.541,-0.088,0.264,0.000,0.000,0.439,0.176,0.000,0.000,0.000,0.000,0.000,0.000,0.000,0.000,0.000,0.000,-51.141,34.556,0.000,0.000,0.000,0.000,0.000,0.000,0.000,0.0,11.30,32.0,0.000,0.000,0.000,0.000,0.000,0.000,0.000,0.000,0.000,0.000,0.000,0.000,0.000,0.000,0.000,0.000,0.000,0.000
122.1073,1221,0,move,-1,122.1073,122.1178,0,0.000,-0.088,0.176,-0.176,-0.088,0.088,-0.264,-0.088,0.176,0.088,-50.625,34.541,-0.088,0.264,0.000,0.000,0.439,0.176,0.000,0.000,0.000,0.000,0.000,0.000,0.000,0.000,0.000,0.000,-51.141,34.556,0.000,0.000,0.000,0.000,0.000,0.000,0.013,4.8,11.30,31.0,0.000,0.000,0.000,0.006,0.000,0.000,0.006,0.000,0.000,0.000,0.006,0.000,0.000,0.006,0.000,0.000,0.013,0.000
122.2073,1222,0,move,-1,122.2073,122.2272,0,0.000,-0.088,0.176,-0.176,-0.088,0.088,-0.264,-0.088,0.176,0.088,-50.625,34.541,-0.088,0.264,0.000,0.000,0.439,0.176,0.000,0.000,0.000,0.000,0.000,0.000,0.000,0.000,0.000,0.000,-51.141,34.556,0.000,0.000,0.000,0.000,0.000,0.000,0.013,5.6,11.30,31.0,0.000,0.000,0.000,0.000,0.000,0.000,0.006,0.000,0.006,0.000,0.013,0.000,0.000,0.013,0.000,0.000,0.006,0.006
122.3073,1223,0,move,-1,122.3073,122.3191,0,0.000,-0.088,0.176,-0.176,-0.088,0.088,-0.264,-0.088,0.176,0.088,-50.625,34.541,-0.088,0.264,0.000,0.000,0.439,0.176,0.000,0.000,0.000,0.000,0.000,0.000,0.000,0.000,0.000,0.000,-51.141,34.556,0.000,0.000,0.000,0.000,0.000,0.000,0.013,5.6,11.30,31.0,0.000,0.000,0.000,0.000,0.000,0.000,0.006,0.000,0.006,0.000,0.013,0.000,0.000,0.013,0.000,0.000,0.006,0.006
122.4075,1224,0,move,-1,122.4075,122.4202,0,0.000,-0.088,0.176,-0.176,-0.088,0.088,-0.264,-0.088,0.176,0.088,-50.625,34.541,-0.088,0.264,0.000,0.000,0.439,0.176,0.000,0.000,0.000,0.000,0.000,0.000,0.000,0.000,0.000,0.000,-51.141,34.556,0.000,0.000,0.000,0.000,0.000,0.000,0.013,3.2,11.30,28.0,0.000,0.000,0.000,0.000,0.000,0.000,0.006,0.000,0.000,0.000,0.006,0.000,0.000,0.013,0.000,0.000,0.006,0.000
122.5073,1225,0,move,-1,122.5073,122.5186,0,0.000,-0.088,0.176,-0.176,-0.088,0.088,-0.264,-0.088,0.176,0.088,-50.625,34.541,-0.088,0.264,0.000,0.000,0.439,0.176,0.000,0.000,0.000,0.000,0.000,0.000,0.000,0.000,0.000,0.000,-51.141,34.556,0.000,0.000,0.000,0.000,0.000,0.000,0.013,3.2,11.30,28.0,0.000,0.000,0.000,0.000,0.000,0.000,0.006,0.000,0.000,0.000,0.006,0.000,0.000,0.013,0.000,0.000,0.006,0.000
122.6074,1226,0,move,-1,122.6074,122.6178,0,0.000,-0.088,0.176,-0.176,-0.088,0.088,-0.264,-0.088,0.176,0.088,-50.625,34.541,-0.088,0.264,0.000,0.000,0.439,0.176,0.000,0.000,0.000,0.000,0.000,0.000,0.000,0.000,0.000,0.000,-51.141,34.556,0.000,0.000,0.000,0.000,0.000,0.000,0.013,5.6,11.30,31.0,0.000,0.000,0.000,0.006,0.000,0.000,0.000,0.000,0.000,0.000,0.013,0.000,0.000,0.013,0.000,0.000,0.006,0.000
122.7073,1227,0,move,-1,122.7073,122.7193,0,0.000,-0.088,0.176,-0.176,-0.088,0.088,-0.264,-0.088,0.176,0.088,-50.625,34.541,-0.088,0.264,0.000,0.000,0.439,0.176,0.000,0.000,0.000,0.000,0.000,0.000,0.000,0.000,0.000,0.000,-51.141,34.556,0.000,0.000,0.000,0.000,0.000,0.000,0.013,4.8,11.30,31.0,0.000,0.000,0.000,0.006,0.000,0.000,0.006,0.000,0.000,0.000,0.006,0.000,0.000,0.006,0.000,0.000,0.013,0.000
122.8074,1228,0,move,-1,122.8074,122.8186,0,0.000,-0.088,0.176,-0.176,-0.088,0.088,-0.264,-0.088,0.176,0.088,-50.625,34.541,-0.088,0.264,0.000,0.000,0.439,0.176,0.000,0.000,0.000,0.000,0.000,0.000,0.000,0.000,0.000,0.000,-51.141,34.556,0.000,0.000,0.000,0.000,0.000,0.000,0.013,4.8,11.30,31.0,0.000,0.000,0.000,0.006,0.000,0.000,0.006,0.000,0.000,0.000,0.006,0.000,0.000,0.006,0.000,0.000,0.013,0.000
122.9075,1229,0,move,-1,122.9075,122.9200,0,0.000,-0.088,0.176,-0.176,-0.088,0.088,-0.264,-0.088,0.176,0.088,-50.625,34.541,-0.088,0.264,0.000,0.000,0.439,0.176,0.000,0.000,0.000,0.000,0.000,0.000,0.000,0.000,0.000,0.000,-51.141,34.556,0.000,0.000,0.000,0.000,0.000,0.000,0.013,5.6,11.30,31.0,0.000,0.000,0.000,0.006,0.000,0.000,0.006,0.006,0.000,0.000,0.013,0.000,0.000,0.006,0.000,0.000,0.006,0.000
123.0129,1230,0,move,-1,123.0129,123.0399,0,0.000,-0.088,0.176,-0.176,-0.088,0.088,-0.264,-0.088,0.176,0.088,-50.625,34.541,-0.088,0.264,0.000,0.000,0.439,0.176,0.000,0.000,0.000,0.000,0.000,0.000,0.000,0.000,0.000,0.000,-51.141,34.556,0.000,0.000,0.000,0.000,0.000,0.000,0.013,3.2,11.30,29.0,0.000,0.000,0.000,0.006,0.000,0.000,0.006,0.000,0.006,0.000,0.006,0.000,0.000,0.013,0.000,0.000,0.006,0.000
123.1076,1231,0,move,-1,123.1076,123.1161,0,0.000,-0.088,0.176,-0.176,-0.088,0.088,-0.264,-0.088,0.176,0.088,-50.625,34.541,-0.088,0.264,0.000,0.000,0.439,0.176,0.000,0.000,0.000,0.000,0.000,0.000,0.000,0.000,0.000,0.000,-51.141,34.556,0.000,0.000,0.000,0.000,0.000,0.000,0.013,3.2,11.30,29.0,0.000,0.000,0.000,0.006,0.000,0.000,0.006,0.000,0.006,0.000,0.006,0.000,0.000,0.013,0.000,0.000,0.006,0.000
123.2075,1232,0,move,-1,123.2075,123.2208,0,0.000,-0.088,0.176,-0.176,-0.088,0.088,-0.264,-0.088,0.176,0.088,-50.625,34.541,-0.088,0.264,0.000,0.000,0.439,0.176,0.000,0.000,0.000,0.000,0.000,0.000,0.000,0.000,0.000,0.000,-51.141,34.556,0.000,0.000,0.000,0.000,0.000,0.000,0.013,5.6,11.30,31.0,0.000,0.000,0.000,0.000,0.000,0.000,0.006,0.000,0.000,0.000,0.013,0.000,0.000,0.013,0.000,0.000,0.006,0.000
123.3089,1233,0,move,-1,123.3089,123.3477,0,0.000,-0.088,0.176,-0.176,-0.088,0.088,-0.264,-0.088,0.176,0.088,-50.625,34.541,-0.088,0.264,0.000,0.000,0.439,0.176,0.000,0.000,0.000,0.000,0.000,0.000,0.000,0.000,0.000,0.000,-51.141,34.556,0.000,0.000,0.000,0.000,0.000,0.000,0.013,3.2,11.30,28.0,0.000,0.000,0.000,0.000,0.000,0.000,0.006,0.000,0.000,0.000,0.006,0.000,0.000,0.013,0.000,0.000,0.006,0.000
123.4073,1234,0,move,-1,123.4073,123.4207,0,0.000,-0.088,0.176,-0.176,-0.088,0.088,-0.264,-0.088,0.176,0.088,-50.625,34.541,-0.088,0.264,0.000,0.000,0.439,0.176,0.000,0.000,0.000,0.000,0.000,0.000,0.000,0.000,0.000,0.000,-51.141,34.556,0.000,0.000,0.000,0.000,0.000,0.000,0.013,3.2,11.30,28.0,0.000,0.000,0.000,0.000,0.000,0.000,0.006,0.000,0.000,0.000,0.006,0.000,0.000,0.013,0.000,0.000,0.006,0.000
123.5076,1235,0,move,-1,123.5076,123.5203,0,0.000,-0.088,0.176,-0.176,-0.088,0.088,-0.264,-0.088,0.176,0.088,-50.625,34.541,-0.088,0.264,0.000,0.000,0.439,0.176,0.000,0.000,0.000,0.000,0.000,0.000,0.000,0.000,0.000,0.000,-51.141,34.556,0.000,0.000,0.000,0.000,0.000,0.000,0.013,5.6,11.30,31.0,0.000,0.000,0.000,0.000,0.000,0.000,0.006,0.000,0.000,0.000,0.013,0.000,0.000,0.013,0.000,0.000,0.006,0.006
123.6082,1236,0,move,-1,123.6082,123.6400,0,0.000,-0.088,0.176,-0.176,-0.088,0.088,-0.264,-0.088,0.176,0.088,-50.625,34.541,-0.088,0.264,0.000,0.000,0.439,0.176,0.000,0.000,0.000,0.000,0.000,0.000,0.000,0.000,0.000,0.000,-51.141,34.556,0.000,0.000,0.000,0.000,0.000,0.000,0.013,5.6,11.30,31.0,,,0.000,0.000,0.000,0.000,0.006,0.000,0.006,0.000,0.013,0.000,0.000,0.006,0.000,0.000,0.013,0.000
123.7075,1237,0,move,-1,123.7075,123.7199,0,0.000,-0.088,0.176,-0.176,-0.088,0.088,-0.264,-0.088,0.176,0.088,-50.625,34.541,-0.088,0.264,0.000,0.000,0.439,0.176,0.000,0.000,0.000,0.000,0.000,0.000,0.000,0.000,0.000,0.000,-51.141,34.556,0.000,0.000,0.000,0.000,0.000,0.000,0.013,5.6,11.30,31.0,,,0.000,0.000,0.000,0.000,0.006,0.000,0.006,0.000,0.013,0.000,0.000,0.006,0.000,0.000,0.013,0.000
123.8075,1238,0,move,-1,123.8075,123.8173,0,0.000,-0.088,0.176,-0.176,-0.088,0.088,-0.264,-0.088,0.176,0.088,-50.625,34.541,-0.088,0.264,0.000,0.000,0.439,0.176,0.000,0.000,0.000,0.000,0.000,0.000,0.000,0.000,0.000,0.000,-51.141,34.556,0.000,0.000,0.000,0.000,0.000,0.000,0.013,5.6,11.30,31.0,0.000,0.000,0.000,0.000,0.000,0.000,0.000,0.000,0.000,0.000,0.013,0.000,0.000,0.006,0.000,0.000,0.013,0.006
123.9075,1239,0,move,-1,123.9075,123.9203,0,0.000,-0.088,0.176,-0.176,-0.088,0.088,-0.264,-0.088,0.176,0.088,-50.625,34.541,-0.088,0.264,0.000,0.000,0.439,0.176,0.000,0.000,0.000,0.000,0.000,0.000,0.000,0.000,0.000,0.000,-51.141,34.556,0.000,0.000,0.000,0.000,0.000,0.000,0.013,5.6,11.30,31.0,0.000,0.000,0.000,0.006,0.000,0.000,0.000,0.000,0.000,0.000,0.013,0.000,0.000,0.013,0.000,0.000,0.013,0.000
124.0075,1240,0,move,-1,124.0075,124.0189,0,0.000,-0.088,0.176,-0.176,-0.088,0.088,-0.264,-0.088,0.176,0.088,-50.625,34.541,-0.088,0.264,0.000,0.000,0.439,0.176,0.000,0.000,0.000,0.000,0.000,0.000,0.000,0.000,0.000,0.000,-51.045,34.512,0.000,0.000,0.000,0.000,0.000,0.000,0.013,5.6,11.30,31.0,0.000,0.000,0.000,0.006,0.000,0.000,0.000,0.000,0.000,0.000,0.013,0.000,0.000,0.013,0.000,0.000,0.013,0.000
124.1075,1241,0,move,-1,124.1075,124.1193,0,0.000,-0.088,0.176,-0.176,-0.088,0.088,-0.264,-0.088,0.176,0.088,-50.625,34.541,-0.088,0.264,0.000,0.000,0.439,0.176,0.000,0.000,0.000,0.000,0.000,0.000,0.000,0.000,0.000,0.000,-50.765,34.384,0.000,0.000,0.000,0.000,0.000,0.000,0.006,2.4,11.30,32.0,0.000,0.000,0.006,0.000,0.000,0.000,0.006,0.000,0.006,0.000,0.006,0.000,0.000,0.006,0.000,0.000,0.006,0.006
124.2074,1242,0,move,-1,124.2074,124.2169,0,0.000,-0.088,0.176,-0.176,-0.088,0.088,-0.264,-0.088,0.176,0.088,-50.625,34.453,-0.088,0.264,0.000,0.000,0.439,0.176,0.000,0.000,0.000,0.000,0.000,0.000,0.000,0.000,0.000,0.000,-50.327,34.182,0.000,0.000,0.000,0.000,0.000,0.000,0.006,2.4,11.30,32.0,0.000,0.000,0.006,0.000,0.000,0.000,0.006,0.000,0.006,0.000,0.006,0.000,0.000,0.006,0.000,0.000,0.006,0.006
124.3075,1243,0,move,-1,124.3075,124.3194,0,0.000,-0.088,0.176,-0.176,-0.088,0.088,-0.264,-0.088,0.176,0.088,-50.625,34.277,-0.088,0.264,0.000,0.000,0.439,0.176,0.000,0.000,0.000,0.000,0.000,0.000,0.000,0.000,0.000,0.000,-49.772,33.924,0.000,0.000,0.000,0.000,0.000,0.000,0.013,3.2,11.30,28.0,0.000,0.000,0.000,0.000,0.000,0.000,0.006,0.000,0.000,0.000,0.000,0.000,0.000,0.013,0.000,0.000,0.006,0.000
124.4076,1244,0,move,-1,124.4076,124.4202,0,0.000,-0.088,0.176,-0.176,-0.088,0.088,-0.264,-0.088,0.176,0.088,-50.098,33.926,-0.088,0.264,0.000,0.000,0.439,0.176,0.000,0.000,0.000,0.000,0.000,0.000,0.000,0.000,0.000,0.000,-49.154,33.634,0.000,0.000,0.000,0.000,0.000,0.000,0.006,3.2,11.30,32.0,0.000,0.000,0.000,0.000,0.000,0.000,0.006,0.000,0.000,0.000,0.000,0.006,0.000,0.006,0.000,0.000,0.006,0.000
124.5128,1245,0,move,-1,124.5128,124.5719,0,0.000,-0.088,0.176,-0.176,-0.088,0.088,-0.264,-0.088,0.176,0.088,-49.307,33.662,-0.088,0.264,0.000,0.000,0.439,0.176,0.000,0.000,0.000,0.000,0.000,0.000,0.000,0.000,0.000,0.000,-48.535,33.340,0.000,0.000,0.000,0.000,0.000,0.000,0.013,3.2,11.40,29.0,0.000,0.000,0.000,0.000,0.000,0.000,0.000,0.000,0.000,0.000,0.006,0.013,0.000,0.013,0.000,0.000,0.006,0.000
124.6073,1246,0,move,-1,124.6073,124.6130,0,0.000,-0.088,0.176,-0.176,-0.088,0.088,-0.264,-0.088,0.176,0.088,-49.131,33.486,-0.088,0.264,0.000,0.000,0.439,0.176,0.000,0.000,0.000,0.000,0.000,0.000,0.000,0.000,0.000,0.000,-47.971,33.071,0.000,0.000,0.000,0.000,0.000,0.000,0.013,3.2,11.40,29.0,0.000,0.000,0.000,0.000,0.000,0.000,0.000,0.000,0.000,0.000,0.006,0.013,0.000,0.013,0.000,0.000,0.006,0.000
124.7126,1247,0,move,-1,124.7126,124.7367,0,0.000,-0.088,0.176,-0.176,-0.088,0.088,-0.264,-0.088,0.176,0.088,-48.252,33.135,-0.088,0.264,0.000,0.000,0.439,0.176,0.000,0.000,0.000,0.000,0.000,0.000,0.000,0.000,0.000,0.000,-47.522,32.856,0.000,0.000,0.000,0.000,0.000,0.000,0.006,2.4,11.30,32.0,0.000,0.000,0.000,0.006,0.000,0.000,0.006,0.000,0.000,0.000,0.000,0.000,0.000,0.006,0.000,0.000,0.006,0.000
124.8075,1248,0,move,-1,124.8075,124.8183,0,0.000,-0.088,0.176,-0.176,-0.088,0.088,-0.264,-0.088,0.176,0.088,-47.812,32.871,-0.088,0.264,0.000,0.000,0.439,0.176,0.000,0.000,0.000,0.000,0.000,0.000,0.000,0.000,0.000,0.000,-47.233,32.716,0.000,0.000,0.000,0.000,0.000,0.000,0.006,2.4,11.30,32.0,0.000,0.000,0.000,0.006,0.000,0.000,0.006,0.000,0.000,0.000,0.000,0.000,0.000,0.006,0.000,0.000,0.006,0.000
124.9074,1249,0,move,-1,124.9074,124.9188,0,0.000,-0.088,0.176,-0.176,-0.088,0.088,-0.264,-0.088,0.176,0.088,-47.373,32.783,-0.088,0.264,0.000,0.000,0.439,0.176,0.000,0.000,0.000,0.000,0.000,0.000,0.000,0.000,0.000,0.000,-47.133,32.667,0.000,0.000,0.000,0.000,0.000,0.000,0.006,3.2,11.20,32.0,0.000,0.000,0.000,0.000,0.000,0.000,0.006,0.000,0.000,0.000,0.000,0.000,0.000,0.006,0.000,0.000,0.006,0.000
125.0073,1250,0,move,-1,125.0073,125.0330,0,0.000,-0.088,0.176,-0.176,-0.088,0.088,-0.264,-0.088,0.176,0.088,-47.285,32.783,-0.088,0.264,0.000,0.000,0.439,0.176,0.000,0.000,0.000,0.000,0.000,0.000,0.000,0.000,0.000,0.000,-47.133,32.667,0.000,0.000,0.000,0.000,0.000,0.000,0.006,3.2,11.20,32.0,0.000,0.000,0.000,0.000,0.000,0.000,0.006,0.000,0.000,0.000,0.000,0.000,0.000,0.006,0.000,0.000,0.006,0.006
125.1075,1251,0,move,-1,125.1075,125.1192,0,0.000,-0.088,0.176,-0.176,-0.088,0.088,-0.264,-0.088,0.176,0.088,-47.285,32.783,-0.088,0.264,0.000,0.000,0.439,0.176,0.000,0.000,0.000,0.000,0.000,0.000,0.000,0.000,0.000,0.000,-47.133,32.667,0.000,0.000,0.000,0.000,0.000,0.000,0.006,3.2,11.20,32.0,0.000,0.000,0.000,0.000,0.000,0.000,0.006,0.000,0.000,0.000,0.000,0.000,0.000,0.006,0.000,0.000,0.006,0.006
125.2073,1252,0,move,-1,125.2073,125.2180,0,0.000,-0.088,0.176,-0.176,-0.088,0.088,-0.264,-0.088,0.176,0.088,-47.285,32.783,-0.088,0.264,0.000,0.000,0.439,0.176,0.000,0.000,0.000,0.000,0.000,0.000,0.000,0.000,0.000,0.000,-47.133,32.667,0.000,0.000,0.000,0.000,0.000,0.000,0.013,4.8,11.30,31.0,0.000,0.000,0.006,0.006,0.000,0.000,0.000,0.000,0.000,0.000,0.006,0.000,0.000,0.006,0.000,0.000,0.013,0.000
125.3073,1253,0,move,-1,125.3073,125.3169,0,0.000,-0.088,0.176,-0.176,-0.088,0.088,-0.264,-0.088,0.176,0.088,-47.285,32.783,-0.088,0.264,0.000,0.000,0.439,0.176,0.000,0.000,0.000,0.000,0.000,0.000,0.000,0.000,0.000,0.000,-47.133,32.667,0.000,0.000,0.000,0.000,0.000,0.000,0.013,4.8,11.30,31.0,0.000,0.000,0.006,0.006,0.000,0.000,0.000,0.000,0.000,0.000,0.006,0.000,0.000,0.006,0.000,0.000,0.013,0.000
125.4073,1254,0,move,-1,125.4073,125.4182,0,0.000,-0.088,0.176,-0.176,-0.088,0.088,-0.264,-0.088,0.176,0.088,-47.285,32.783,-0.088,0.264,0.000,0.000,0.439,0.176,0.000,0.000,0.000,0.000,0.000,0.000,0.000,0.000,0.000,0.000,-47.133,32.667,0.000,0.000,0.000,0.000,0.000,0.000,0.013,3.2,11.30,28.0,0.000,0.000,0.000,0.000,0.000,0.000,0.006,0.000,0.000,0.000,0.000,0.000,0.000,0.013,0.000,0.000,0.013,0.000
125.5074,1255,0,move,-1,125.5074,125.5199,0,0.000,-0.088,0.176,-0.176,-0.088,0.088,-0.264,-0.088,0.176,0.088,-47.285,32.783,-0.088,0.264,0.000,0.000,0.439,0.176,0.000,0.000,0.000,0.000,0.000,0.000,0.000,0.000,0.000,0.000,-47.133,32.667,0.000,0.000,0.000,0.000,0.000,0.000,0.006,3.2,11.30,32.0,0.000,0.000,0.000,0.000,0.000,0.000,0.006,0.000,0.000,0.000,0.000,0.000,0.000,0.006,0.000,0.000,0.006,0.006
125.6075,1256,0,move,-1,125.6075,125.6195,0,0.000,-0.088,0.176,-0.176,-0.088,0.088,-0.264,-0.088,0.176,0.088,-47.285,32.783,-0.088,0.264,0.000,0.000,0.439,0.176,0.000,0.000,0.000,0.000,0.000,0.000,0.000,0.000,0.000,0.000,-47.133,32.667,0.000,0.000,0.000,0.000,0.000,0.000,0.006,3.2,11.30,32.0,0.000,0.000,0.000,0.000,0.000,0.000,0.006,0.000,0.000,0.000,0.000,0.000,0.000,0.006,0.000,0.000,0.006,0.006
125.7075,1257,0,move,-1,125.7075,125.7172,0,0.000,-0.088,0.176,-0.176,-0.088,0.088,-0.264,-0.088,0.176,0.088,-47.285,32.783,-0.088,0.264,0.000,0.000,0.439,0.176,0.000,0.000,0.000,0.000,0.000,0.000,0.000,0.000,0.000,0.000,-47.133,32.667,0.000,0.000,0.000,0.000,0.000,0.000,0.013,3.2,11.30,29.0,0.000,0.000,0.000,0.000,0.000,0.000,0.006,0.000,0.006,0.000,0.006,0.000,0.000,0.013,0.000,0.000,0.006,0.006
125.8173,1258,0,move,-1,125.8173,125.8318,0,0.000,-0.088,0.176,-0.176,-0.088,0.088,-0.264,-0.088,0.176,0.088,-47.285,32.783,-0.088,0.264,0.000,0.000,0.439,0.176,0.000,0.000,0.000,0.000,0.000,0.000,0.000,0.000,0.000,0.000,-47.133,32.667,0.000,0.000,0.000,0.000,0.000,0.000,0.013,4.8,11.30,31.0,0.000,0.000,0.000,0.000,0.000,0.000,0.006,0.000,0.006,0.000,0.006,0.000,0.000,0.006,0.000,0.000,0.013,0.006
125.9073,1259,0,move,-1,125.9073,125.9181,0,0.000,-0.088,0.176,-0.176,-0.088,0.088,-0.264,-0.088,0.176,0.088,-47.285,32.783,-0.088,0.264,0.000,0.000,0.439,0.176,0.000,0.000,0.000,0.000,0.000,0.000,0.000,0.000,0.000,0.000,-47.133,32.667,0.000,0.000,0.000,0.000,0.000,0.000,0.013,4.8,11.30,31.0,0.000,0.000,0.000,0.000,0.000,0.000,0.006,0.000,0.006,0.000,0.006,0.000,0.000,0.006,0.000,0.000,0.013,0.006
126.0075,1260,0,move,-1,126.0075,126.0190,0,0.000,-0.088,0.176,-0.176,-0.088,0.088,-0.264,-0.088,0.176,0.088,-47.285,32.783,-0.088,0.264,0.000,0.000,0.439,0.176,0.000,0.000,0.000,0.000,0.000,0.000,0.000,0.000,0.000,0.000,-47.133,32.667,0.000,0.000,0.000,0.000,0.000,0.000,0.013,4.8,11.30,31.0,0.000,0.000,0.000,0.006,0.000,0.000,0.006,0.000,0.000,0.000,0.000,0.000,0.000,0.006,0.000,0.000,0.013,0.000
126.1074,1261,0,move,-1,126.1074,126.1193,0,0.000,-0.088,0.176,-0.176,-0.088,0.088,-0.264,-0.088,0.176,0.088,-47.285,32.783,-0.088,0.264,0.000,0.000,0.439,0.176,0.000,0.000,0.000,0.000,0.000,0.000,0.000,0.000,0.000,0.000,-47.133,32.667,0.000,0.000,0.000,0.000,0.000,0.000,0.013,3.2,11.30,29.0,0.000,0.000,0.000,0.006,0.000,0.000,0.000,0.000,0.006,0.000,0.000,0.000,0.000,0.013,0.000,0.000,0.006,0.000
126.2114,1262,0,move,-1,126.2114,126.2257,0,0.000,-0.088,0.176,-0.176,-0.088,0.088,-0.264,-0.088,0.176,0.088,-47.285,32.783,-0.088,0.264,0.000,0.000,0.439,0.176,0.000,0.000,0.000,0.000,0.000,0.000,0.000,0.000,0.000,0.000,-47.133,32.667,0.000,0.000,0.000,0.000,0.000,0.000,0.013,3.2,11.30,29.0,0.000,0.000,0.000,0.006,0.000,0.000,0.006,0.000,0.000,0.000,0.000,0.000,0.000,0.013,0.000,0.000,0.013,0.000
126.3075,1263,0,move,-1,126.3075,126.3171,0,0.000,-0.088,0.176,-0.176,-0.088,0.088,-0.264,-0.088,0.176,0.088,-47.285,32.783,-0.088,0.264,0.000,0.000,0.439,0.176,0.000,0.000,0.000,0.000,0.000,0.000,0.000,0.000,0.000,0.000,-47.133,32.667,0.000,0.000,0.000,0.000,0.000,0.000,0.013,3.2,11.30,29.0,0.000,0.000,0.000,0.006,0.000,0.000,0.006,0.000,0.000,0.000,0.000,0.000,0.000,0.013,0.000,0.000,0.013,0.000
126.4073,1264,0,move,-1,126.4073,126.4200,0,0.000,-0.088,0.176,-0.176,-0.088,0.088,-0.264,-0.088,0.176,0.088,-47.285,32.783,-0.088,0.264,0.000,0.000,0.439,0.176,0.000,0.000,0.000,0.000,0.000,0.000,0.000,0.000,0.000,0.000,-47.133,32.667,0.000,0.000,0.000,0.000,0.000,0.000,0.013,3.2,11.30,29.0,0.000,0.000,,0.000,0.000,0.000,0.006,0.000,0.006,0.000,0.000,0.000,0.000,0.013,0.000,0.000,0.006,0.000
126.5073,1265,0,move,-1,126.5073,126.5189,0,0.000,-0.088,0.176,-0.176,-0.088,0.088,-0.264,-0.088,0.176,0.088,-47.285,32.783,-0.088,0.264,0.000,0.000,0.439,0.176,0.000,0.000,0.000,0.000,0.000,0.000,0.000,0.000,0.000,0.000,-47.133,32.667,0.000,0.000,0.000,0.000,0.000,0.000,0.013,3.2,11.30,29.0,0.000,0.000,,0.000,0.000,0.000,0.006,0.000,0.006,0.000,0.000,0.000,0.000,0.013,0.000,0.000,0.006,0.000
126.6073,1266,0,move,-1,126.6073,126.6169,0,0.000,-0.088,0.176,-0.176,-0.088,0.088,-0.264,-0.088,0.176,0.088,-47.285,32.783,-0.088,0.264,0.000,0.000,0.439,0.176,0.000,0.000,0.000,0.000,0.000,0.000,0.000,0.000,0.000,0.000,-47.133,32.667,0.000,0.000,0.000,0.000,0.000,0.000,0.013,3.2,11.30,28.0,0.000,0.000,0.000,0.000,0.000,0.000,0.000,0.000,0.000,0.000,0.000,0.000,0.000,0.013,0.000,0.000,0.013,0.000
126.7075,1267,0,move,-1,126.7075,126.7189,0,0.000,-0.088,0.176,-0.176,-0.088,0.088,-0.264,-0.088,0.176,0.088,-47.285,32.783,-0.088,0.264,0.000,0.000,0.439,0.176,0.000,0.000,0.000,0.000,0.000,0.000,0.000,0.000,0.000,0.000,-47.133,32.667,0.000,0.000,0.000,0.000,0.000,0.000,0.006,2.4,11.30,32.0,0.000,0.000,0.000,0.006,0.000,0.000,0.000,0.000,0.000,0.000,0.000,0.000,0.000,0.006,0.000,0.000,0.006,0.000
126.8075,1268,0,move,-1,126.8075,126.8140,0,0.000,-0.088,0.176,-0.176,-0.088,0.088,-0.264,-0.088,0.176,0.088,-47.285,32.783,-0.088,0.264,0.000,0.000,0.439,0.176,0.000,0.000,0.000,0.000,0.000,0.000,0.000,0.000,0.000,0.000,-47.133,32.667,0.000,0.000,0.000,0.000,0.000,0.000,0.006,2.4,11.30,32.0,0.000,0.000,0.000,0.006,0.000,0.000,0.000,0.000,0.000,0.000,0.000,0.000,0.000,0.006,0.000,0.000,0.006,0.000
126.9088,1269,0,move,-1,126.9088,126.9365,0,0.000,-0.088,0.176,-0.176,-0.088,0.088,-0.264,-0.088,0.176,0.088,-47.285,32.783,-0.088,0.264,0.000,0.000,0.439,0.176,0.000,0.000,0.000,0.000,0.000,0.000,0.000,0.000,0.000,0.000,-47.133,32.667,0.000,0.000,0.000,0.000,0.000,0.000,0.013,3.2,11.30,28.0,0.000,0.000,0.000,0.006,0.000,0.000,0.006,0.000,0.000,0.000,0.006,0.000,0.000,0.013,0.000,0.000,0.006,0.000
127.0075,1270,0,move,-1,127.0075,127.0203,0,0.000,-0.088,0.176,-0.176,-0.088,0.088,-0.264,-0.088,0.176,0.088,-47.285,32.783,-0.088,0.264,0.000,0.000,0.439,0.176,0.000,0.000,0.000,0.000,0.000,0.000,0.000,0.000,0.000,0.000,-47.133,32.667,0.000,0.000,0.000,0.000,0.000,0.000,0.013,3.2,11.30,28.0,0.000,0.000,0.000,0.006,0.000,0.000,0.006,0.000,0.000,0.000,0.006,0.000,0.000,0.013,0.000,0.000,0.006,0.000
127.1073,1271,0,move,-1,127.1073,127.1178,0,0.000,-0.088,0.176,-0.176,-0.088,0.088,-0.264,-0.088,0.176,0.088,-47.285,32.783,-0.088,0.264,0.000,0.000,0.439,0.176,0.000,0.000,0.000,0.000,0.000,0.000,0.000,0.000,0.000,0.000,-47.133,32.667,0.000,0.000,0.000,0.000,0.000,0.000,0.013,3.2,11.30,28.0,0.000,0.000,0.000,0.000,0.000,0.000,0.006,0.000,0.000,0.000,0.000,0.000,0.000,0.013,0.000,0.000,0.006,0.000
127.2073,1272,0,move,-1,127.2073,127.2197,0,0.000,-0.088,0.176,-0.176,-0.088,0.088,-0.264,-0.088,0.176,0.088,-47.285,32.783,-0.088,0.264,0.000,0.000,0.439,0.176,0.000,0.000,0.000,0.000,0.000,0.000,0.000,0.000,0.000,0.000,-47.133,32.667,0.000,0.000,0.000,0.000,0.000,0.000,0.013,3.2,11.30,29.0,0.000,0.000,0.000,0.000,0.000,0.000,0.000,0.000,0.000,0.000,0.000,0.000,0.000,0.013,0.000,0.000,0.006,0.006
127.3164,1273,0,move,-1,127.3164,127.3726,0,0.000,-0.088,0.176,-0.176,-0.088,0.088,-0.264,-0.088,0.176,0.088,-47.285,32.783,-0.088,0.264,0.000,0.000,0.439,0.176,0.000,0.000,0.000,0.000,0.000,0.000,0.000,0.000,0.000,0.000,-47.133,32.667,0.000,0.000,0.000,0.000,0.000,0.000,0.013,3.2,11.30,28.0,0.000,0.000,0.006,0.000,0.000,0.000,0.006,0.000,0.000,0.000,0.000,0.000,0.000,0.013,0.000,0.000,0.013,0.000
127.4073,1274,0,move,-1,127.4073,127.4176,0,0.000,-0.088,0.176,-0.176,-0.088,0.088,-0.264,-0.088,0.176,0.088,-47.285,32.783,-0.088,0.264,0.000,0.000,0.439,0.176,0.000,0.000,0.000,0.000,0.000,0.000,0.000,0.000,0.000,0.000,-47.133,32.667,0.000,0.000,0.000,0.000,0.000,0.000,0.013,3.2,11.30,28.0,0.000,0.000,0.006,0.000,0.000,0.000,0.006,0.000,0.000,0.000,0.000,0.000,0.000,0.013,0.000,0.000,0.013,0.000
127.5073,1275,0,move,-1,127.5073,127.5183,0,0.000,-0.088,0.176,-0.176,-0.088,0.088,-0.264,-0.088,0.176,0.088,-47.285,32.783,-0.088,0.264,0.000,0.000,0.439,0.176,0.000,0.000,0.000,0.000,0.000,0.000,0.000,0.000,0.000,0.000,-47.133,32.667,0.000,0.000,0.000,0.000,0.000,0.000,0.013,3.2,11.30,28.0,0.000,0.000,0.000,0.000,0.000,0.000,0.006,0.000,0.000,0.000,0.006,0.000,0.000,0.013,0.000,0.000,0.006,0.000
127.6074,1276,0,move,-1,127.6074,127.6204,0,0.000,-0.088,0.176,-0.176,-0.088,0.088,-0.264,-0.088,0.176,0.088,-47.285,32.783,-0.088,0.264,0.000,0.000,0.439,0.176,0.000,0.000,0.000,0.000,0.000,0.000,0.000,0.000,0.000,0.000,-47.133,32.667,0.000,0.000,0.000,0.000,0.000,0.000,0.006,2.4,11.30,32.0,0.000,0.000,0.000,0.006,0.000,0.000,0.006,0.000,0.006,0.000,0.000,0.000,0.000,0.006,0.000,0.000,0.006,0.006
127.7075,1277,0,move,-1,127.7075,127.7231,0,0.000,-0.088,0.176,-0.176,-0.088,0.088,-0.264,-0.088,0.176,0.088,-47.285,32.783,-0.088,0.264,0.000,0.000,0.439,0.176,0.000,0.000,0.000,0.000,0.000,0.000,0.000,0.000,0.000,0.000,-47.133,32.667,0.000,0.000,0.000,0.000,0.000,0.000,0.006,2.4,11.30,32.0,0.000,0.000,0.000,0.006,0.000,0.000,0.006,0.000,0.000,0.000,0.000,0.000,0.000,0.006,0.000,0.000,0.006,0.006
127.8075,1278,0,move,-1,127.8075,127.8199,0,0.000,-0.088,0.176,-0.176,-0.088,0.088,-0.264,-0.088,0.176,0.088,-47.285,32.783,-0.088,0.264,0.000,0.000,0.439,0.176,0.000,0.000,0.000,0.000,0.000,0.000,0.000,0.000,0.000,0.000,-47.133,32.667,0.000,0.000,0.000,0.000,0.000,0.000,0.006,2.4,11.30,32.0,0.000,0.000,0.000,0.006,0.000,0.000,0.006,0.000,0.000,0.000,0.000,0.000,0.000,0.006,0.000,0.000,0.006,0.006
127.9077,1279,0,move,-1,127.9077,127.9152,0,0.000,-0.088,0.176,-0.176,-0.088,0.088,-0.264,-0.088,0.176,0.088,-47.285,32.783,-0.088,0.264,0.000,0.000,0.439,0.176,0.000,0.000,0.000,0.000,0.000,0.000,0.000,0.000,0.000,0.000,-47.133,32.667,0.000,0.000,0.000,0.000,0.000,0.000,0.013,3.2,11.30,28.0,0.000,0.000,0.000,0.000,0.000,0.000,0.006,0.000,0.006,0.000,0.000,0.000,0.000,0.013,0.000,0.000,0.006,0.000
128.0156,1280,0,move,-1,128.0156,128.0410,0,0.000,-0.088,0.176,-0.176,-0.088,0.088,-0.264,-0.088,0.176,0.088,-47.285,32.783,-0.088,0.264,0.000,0.000,0.439,0.176,0.000,0.000,0.000,0.000,0.000,0.000,0.000,0.000,0.000,0.000,-47.033,32.619,0.000,0.000,0.000,0.000,0.000,0.000,0.013,3.2,11.30,28.0,0.000,0.000,0.000,0.000,0.000,0.000,0.000,0.000,0.006,0.000,0.006,0.006,0.000,0.013,0.000,0.000,0.006,0.006
128.1073,1281,0,move,-1,128.1073,128.1180,0,0.000,-0.088,0.176,-0.176,-0.088,0.088,-0.264,-0.088,0.176,0.088,-47.285,32.607,-0.088,0.264,0.000,0.000,0.439,0.176,0.000,0.000,0.000,0.000,0.000,0.000,0.000,0.000,0.000,0.000,-46.742,32.477,0.000,0.000,0.000,0.000,0.000,0.000,0.013,3.2,11.30,28.0,0.000,0.000,0.000,0.000,0.000,0.000,0.000,0.000,0.006,0.000,0.006,0.006,0.000,0.013,0.000,0.000,0.006,0.006
128.2075,1282,0,move,-1,128.2075,128.2185,0,0.000,-0.088,0.176,-0.176,-0.088,0.088,-0.264,-0.088,0.176,0.088,-46.934,32.607,-0.088,0.264,0.000,0.000,0.439,0.176,0.000,0.000,0.000,0.000,0.000,0.000,0.000,0.000,0.000,0.000,-46.288,32.255,0.000,0.000,0.000,0.000,0.000,0.000,0.013,3.2,11.30,29.0,0.000,0.000,0.000,0.000,0.000,0.000,0.006,0.000,0.000,0.000,0.006,0.000,0.000,0.013,0.000,0.000,0.013,0.000
128.3075,1283,0,move,-1,128.3075,128.3177,0,0.000,-0.088,0.176,-0.176,-0.088,0.088,-0.264,-0.088,0.176,0.088,-46.758,32.256,-0.088,0.264,0.000,0.000,0.439,0.176,0.000,0.000,0.000,0.000,0.000,0.000,0.000,0.000,0.000,0.000,-45.712,31.972,0.000,0.000,0.000,0.000,0.000,0.000,0.013,3.2,11.30,29.0,0.000,0.000,0.000,0.000,0.000,0.000,0.006,0.000,0.000,0.000,0.006,0.000,0.000,0.013,0.000,0.000,0.013,0.000
128.4075,1284,0,move,-1,128.4075,128.4184,0,0.000,-0.088,0.176,-0.176,-0.088,0.088,-0.264,-0.088,0.176,0.088,-46.055,32.080,-0.088,0.264,0.000,0.000,0.439,0.176,0.000,0.000,0.000,0.000,0.000,0.000,0.000,0.000,0.000,0.000,-45.069,31.653,0.000,0.000,0.000,0.000,0.000,0.000,0.013,3.2,11.30,28.0,0.000,0.000,0.000,0.006,0.000,0.000,0.006,0.000,0.000,0.000,0.006,0.006,0.000,0.013,0.000,0.000,0.006,0.006
128.5075,1285,0,move,-1,128.5075,128.5175,0,0.000,-0.088,0.176,-0.176,-0.088,0.088,-0.264,-0.088,0.176,0.088,-45.527,31.553,-0.088,0.264,0.000,0.000,0.439,0.176,0.000,0.000,0.000,0.000,0.000,0.000,0.000,0.000,0.000,0.000,-44.421,31.329,0.000,0.000,0.000,0.000,0.000,0.000,0.013,3.2,11.30,28.0,0.000,0.000,0.000,0.006,0.000,0.000,0.006,0.000,0.000,0.000,0.006,0.006,0.000,0.013,0.000,0.000,0.006,0.006
128.6109,1286,0,move,-1,128.6109,128.6280,0,0.000,-0.088,0.176,-0.176,-0.088,0.088,-0.264,-0.088,0.176,0.088,-44.736,31.377,-0.088,0.264,0.000,0.000,0.439,0.176,0.000,0.000,0.000,0.000,0.000,0.000,0.000,0.000,0.000,0.000,-43.833,31.033,0.000,0.000,0.000,0.000,0.000,0.000,0.013,3.6,11.40,29.0,0.000,0.000,0.000,0.000,0.000,0.000,0.006,0.000,0.000,0.000,0.006,0.013,0.000,0.006,0.000,0.000,0.013,0.000
128.7076,1287,0,move,-1,128.7076,128.7199,0,0.000,-0.088,0.176,-0.176,-0.088,0.088,-0.264,-0.088,0.176,0.088,-44.209,31.025,-0.088,0.264,0.000,0.000,0.439,0.176,0.000,0.000,0.000,0.000,0.000,0.000,0.000,0.000,0.000,0.000,-43.362,30.795,0.000,0.000,0.000,0.000,0.000,0.000,0.013,3.6,11.40,29.0,0.000,0.000,0.000,0.000,0.000,0.000,0.006,0.000,0.000,0.000,0.006,0.013,0.000,0.006,0.000,0.000,0.013,0.000
128.8073,1288,0,move,-1,128.8073,128.8187,0,0.000,-0.088,0.176,-0.176,-0.088,0.088,-0.264,-0.088,0.176,0.088,-43.682,30.762,-0.088,0.264,0.000,0.000,0.439,0.176,0.000,0.000,0.000,0.000,0.000,0.000,0.000,0.000,0.000,0.000,-43.059,30.640,0.000,0.000,0.000,0.000,0.000,0.000,0.013,3.2,11.30,28.0,0.000,0.000,0.000,0.006,0.000,0.000,0.000,0.000,0.006,0.000,0.006,0.006,0.000,0.013,0.000,0.000,0.013,0.006
128.9075,1289,0,move,-1,128.9075,128.9170,0,0.000,-0.088,0.176,-0.176,-0.088,0.088,-0.264,-0.088,0.176,0.088,-43.154,30.762,-0.088,0.264,0.000,0.000,0.439,0.176,0.000,0.000,0.000,0.000,0.000,0.000,0.000,0.000,0.000,0.000,-42.955,30.587,0.000,0.000,0.000,0.000,0.000,0.000,0.013,3.2,11.30,28.0,0.000,0.000,0.000,0.006,0.000,0.000,0.000,0.000,0.006,0.000,0.006,0.006,0.000,0.013,0.000,0.000,0.013,0.006
129.0075,1290,0,move,-1,129.0075,129.0193,0,0.000,-0.088,0.176,-0.176,-0.088,0.088,-0.264,-0.088,0.176,0.088,-43.154,30.674,-0.088,0.264,0.000,0.000,0.439,0.176,0.000,0.000,0.000,0.000,0.000,0.000,0.000,0.000,0.000,0.000,-42.955,30.587,0.000,0.000,0.000,0.000,0.000,0.000,0.006,2.4,11.30,32.0,0.000,0.000,0.000,0.006,0.000,0.000,0.000,0.000,0.000,0.000,0.000,0.000,0.000,0.006,0.000,0.000,0.006,0.000
129.1193,1291,0,move,-1,129.1193,129.1375,0,0.000,-0.088,0.176,-0.176,-0.088,0.088,-0.264,-0.088,0.176,0.088,-43.154,30.674,-0.088,0.264,0.000,0.000,0.439,0.176,0.000,0.000,0.000,0.000,0.000,0.000,0.000,0.000,0.000,0.000,-42.955,30.587,0.000,0.000,0.000,0.000,0.000,0.000,0.013,4.8,11.30,31.0,0.000,0.000,0.000,0.000,0.000,0.000,0.006,0.000,0.006,0.000,0.000,0.000,0.000,0.006,0.000,0.000,0.013,0.000
129.2073,1292,0,move,-1,129.2073,129.2211,0,0.000,-0.088,0.176,-0.176,-0.088,0.088,-0.264,-0.088,0.176,0.088,-43.154,30.674,-0.088,0.264,0.000,0.000,0.439,0.176,0.000,0.000,0.000,0.000,0.000,0.000,0.000,0.000,0.000,0.000,-42.955,30.587,0.000,0.000,0.000,0.000,0.000,0.000,0.013,4.8,11.30,31.0,0.000,0.000,0.000,0.000,0.000,0.000,0.006,0.000,0.006,0.000,0.000,0.000,0.000,0.006,0.000,0.000,0.013,0.000
129.3129,1293,0,move,-1,129.3129,129.3305,0,0.000,-0.088,0.176,-0.176,-0.088,0.088,-0.264,-0.088,0.176,0.088,-43.154,30.674,-0.088,0.264,0.000,0.000,0.439,0.176,0.000,0.000,0.000,0.000,0.000,0.000,0.000,0.000,0.000,0.000,-42.955,30.587,0.000,0.000,0.000,0.000,0.000,0.000,0.013,3.2,11.30,29.0,0.000,0.000,0.000,0.000,0.000,0.000,0.006,0.000,0.000,0.000,0.000,0.000,0.000,0.013,0.000,0.000,0.006,0.000
129.4079,1294,0,move,-1,129.4079,129.4217,0,0.000,-0.088,0.176,-0.176,-0.088,0.088,-0.264,-0.088,0.176,0.088,-43.154,30.674,-0.088,0.264,0.000,0.000,0.439,0.176,0.000,0.000,0.000,0.000,0.000,0.000,0.000,0.000,0.000,0.000,-42.955,30.587,0.000,0.000,0.000,0.000,0.000,0.000,0.013,3.2,11.30,29.0,0.000,0.000,0.000,0.000,0.000,0.000,0.006,0.000,0.000,0.000,0.000,0.000,0.000,0.013,0.000,0.000,0.006,0.000
129.5073,1295,0,move,-1,129.5073,129.5137,0,0.000,-0.088,0.176,-0.176,-0.088,0.088,-0.264,-0.088,0.176,0.088,-43.154,30.674,-0.088,0.264,0.000,0.000,0.439,0.176,0.000,0.000,0.000,0.000,0.000,0.000,0.000,0.000,0.000,0.000,-42.955,30.587,0.000,0.000,0.000,0.000,0.000,0.000,0.013,3.2,11.30,28.0,0.000,0.000,0.000,0.006,0.000,0.000,0.000,0.000,0.000,0.000,0.006,0.000,0.000,0.013,0.000,0.000,0.006,0.000
129.6074,1296,0,move,-1,129.6074,129.6187,0,0.000,-0.088,0.176,-0.176,-0.088,0.088,-0.264,-0.088,0.176,0.088,-43.154,30.674,-0.088,0.264,0.000,0.000,0.439,0.176,0.000,0.000,0.000,0.000,0.000,0.000,0.000,0.000,0.000,0.000,-42.955,30.587,0.000,0.000,0.000,0.000,0.000,0.000,0.013,3.2,11.30,28.0,0.000,0.000,0.000,0.000,0.000,0.000,0.006,0.000,0.000,0.000,0.006,0.000,0.000,0.013,0.000,0.000,0.013,0.000
129.7075,1297,0,move,-1,129.7075,129.7189,0,0.000,-0.088,0.176,-0.176,-0.088,0.088,-0.264,-0.088,0.176,0.088,-43.154,30.674,-0.088,0.264,0.000,0.000,0.439,0.176,0.000,0.000,0.000,0.000,0.000,0.000,0.000,0.000,0.000,0.000,-42.955,30.587,0.000,0.000,0.000,0.000,0.000,0.000,0.013,3.2,11.30,28.0,0.000,0.000,0.000,0.000,0.000,0.000,0.000,0.000,0.006,0.000,0.006,0.000,0.000,0.013,0.000,0.000,0.006,0.006
129.8075,1298,0,move,-1,129.8075,129.8206,0,0.000,-0.088,0.176,-0.176,-0.088,0.088,-0.264,-0.088,0.176,0.088,-43.154,30.674,-0.088,0.264,0.000,0.000,0.439,0.176,0.000,0.000,0.000,0.000,0.000,0.000,0.000,0.000,0.000,0.000,-42.955,30.587,0.000,0.000,0.000,0.000,0.000,0.000,0.013,3.2,11.30,29.0,0.000,0.000,0.006,0.006,0.000,0.000,0.000,0.000,0.000,0.000,0.000,0.000,0.000,0.013,0.000,0.000,0.013,0.000
129.9075,1299,0,move,-1,129.9075,129.9191,0,0.000,-0.088,0.176,-0.176,-0.088,0.088,-0.264,-0.088,0.176,0.088,-43.154,30.674,-0.088,0.264,0.000,0.000,0.439,0.176,0.000,0.000,0.000,0.000,0.000,0.000,0.000,0.000,0.000,0.000,-42.955,30.587,0.000,0.000,0.000,0.000,0.000,0.000,0.013,3.2,11.30,29.0,0.000,0.000,0.006,0.006,0.000,0.000,0.000,0.000,0.000,0.000,0.000,0.000,0.000,0.013,0.000,0.000,0.013,0.000
130.0075,1300,0,move,-1,130.0075,130.0198,0,0.000,-0.088,0.176,-0.176,-0.088,0.088,-0.264,-0.088,0.176,0.088,-43.154,30.674,-0.088,0.264,0.000,0.000,0.439,0.176,0.000,0.000,0.000,0.000,0.000,0.000,0.000,0.000,0.000,0.000,-42.955,30.587,0.000,0.000,0.000,0.000,0.000,0.000,0.006,3.2,11.30,32.0,0.000,0.000,0.000,0.000,0.000,0.000,0.006,0.000,0.000,0.000,0.000,0.000,0.000,0.006,0.006,0.000,0.006,0.000
130.1093,1301,0,move,-1,130.1093,130.1972,0,0.000,-0.088,0.176,-0.176,-0.088,0.088,-0.264,-0.088,0.176,0.088,-43.154,30.674,-0.088,0.264,0.000,0.000,0.439,0.176,0.000,0.000,0.000,0.000,0.000,0.000,0.000,0.000,0.000,0.000,-42.955,30.587,0.000,0.000,0.000,0.000,0.000,0.000,0.006,3.2,11.20,32.0,0.000,0.000,0.000,0.000,0.000,0.000,0.006,0.000,0.000,0.000,0.000,0.000,0.000,0.006,0.000,0.000,0.006,0.000
130.2073,1302,0,move,-1,130.2073,130.2124,0,0.000,-0.088,0.176,-0.176,-0.088,0.088,-0.264,-0.088,0.176,0.088,-43.154,30.674,-0.088,0.264,0.000,0.000,0.439,0.176,0.000,0.000,0.000,0.000,0.000,0.000,0.000,0.000,0.000,0.000,-42.955,30.587,0.000,0.000,0.000,0.000,0.000,0.000,0.006,3.2,11.20,32.0,0.000,0.000,0.000,0.000,0.000,0.000,0.006,0.000,0.000,0.000,0.000,0.000,0.000,0.006,0.000,0.000,0.006,0.000
130.3088,1303,0,move,-1,130.3088,130.3302,0,0.000,-0.088,0.176,-0.176,-0.088,0.088,-0.264,-0.088,0.176,0.088,-43.154,30.674,-0.088,0.264,0.000,0.000,0.439,0.176,0.000,0.000,0.000,0.000,0.000,0.000,0.000,0.000,0.000,0.000,-42.955,30.587,0.000,0.000,0.000,0.000,0.000,0.000,0.013,4.8,11.30,31.0,0.000,0.000,0.000,0.000,0.000,0.000,0.000,0.000,0.000,0.000,0.000,0.000,0.000,0.006,0.000,0.000,0.013,0.000
130.4073,1304,0,move,-1,130.4073,130.4199,0,0.000,-0.088,0.176,-0.176,-0.088,0.088,-0.264,-0.088,0.176,0.088,-43.154,30.674,-0.088,0.264,0.000,0.000,0.439,0.176,0.000,0.000,0.000,0.000,0.000,0.000,0.000,0.000,0.000,0.000,-42.955,30.587,0.000,0.000,0.000,0.000,0.000,0.000,0.013,4.8,11.30,31.0,0.000,0.000,0.000,0.000,0.000,0.000,0.000,0.000,0.000,0.000,0.000,0.000,0.000,0.006,0.000,0.000,0.013,0.000
130.5073,1305,0,move,-1,130.5073,130.5180,0,0.000,-0.088,0.176,-0.176,-0.088,0.088,-0.264,-0.088,0.176,0.088,-43.154,30.674,-0.088,0.264,0.000,0.000,0.439,0.176,0.000,0.000,0.000,0.000,0.000,0.000,0.000,0.000,0.000,0.000,-42.955,30.587,0.000,0.000,0.000,0.000,0.000,0.000,0.013,3.2,11.30,29.0,0.000,0.000,0.006,0.006,0.000,0.000,0.000,0.000,0.006,0.000,0.000,0.000,0.000,0.013,0.000,0.000,0.013,0.000
130.6074,1306,0,move,-1,130.6074,130.6594,0,0.000,-0.088,0.176,-0.176,-0.088,0.088,-0.264,-0.088,0.176,0.088,-43.154,30.674,-0.088,0.264,0.000,0.000,0.439,0.176,0.000,0.000,0.000,0.000,0.000,0.000,0.000,0.000,0.000,0.000,-42.955,30.587,0.000,0.000,0.000,0.000,0.000,0.000,0.013,3.2,11.30,28.0,0.000,0.000,0.000,0.006,0.000,0.000,0.000,0.000,0.000,0.000,0.000,0.000,0.000,0.013,0.000,0.000,0.006,0.000
130.7089,1307,0,move,-1,130.7089,130.7261,0,0.000,-0.088,0.176,-0.176,-0.088,0.088,-0.264,-0.088,0.176,0.088,-43.154,30.674,-0.088,0.264,0.000,0.000,0.439,0.176,0.000,0.000,0.000,0.000,0.000,0.000,0.000,0.000,0.000,0.000,-42.955,30.587,0.000,0.000,0.000,0.000,0.000,0.000,0.013,3.2,11.30,28.0,0.000,0.000,0.000,0.006,0.000,0.000,0.000,0.000,0.000,0.000,0.000,0.000,0.000,0.013,0.000,0.000,0.006,0.000
130.8075,1308,0,move,-1,130.8075,130.8189,0,0.000,-0.088,0.176,-0.176,-0.088,0.088,-0.264,-0.088,0.176,0.088,-43.154,30.674,-0.088,0.264,0.000,0.000,0.439,0.176,0.000,0.000,0.000,0.000,0.000,0.000,0.000,0.000,0.000,0.000,-42.955,30.587,0.000,0.000,0.000,0.000,0.000,0.000,0.013,3.2,11.30,29.0,0.000,0.000,0.000,0.006,0.000,0.000,0.006,0.000,0.000,0.000,0.000,0.000,0.000,0.013,0.000,0.000,0.006,0.000
130.9075,1309,0,move,-1,130.9075,130.9174,0,0.000,-0.088,0.176,-0.176,-0.088,0.088,-0.264,-0.088,0.176,0.088,-43.154,30.674,-0.088,0.264,0.000,0.000,0.439,0.176,0.000,0.000,0.000,0.000,0.000,0.000,0.000,0.000,0.000,0.000,-42.955,30.587,0.000,0.000,0.000,0.000,0.000,0.000,0.013,3.2,11.30,29.0,0.000,0.000,0.000,0.006,0.000,0.000,0.006,0.000,0.000,0.000,0.000,0.000,0.000,0.013,0.000,0.000,0.006,0.000
131.0076,1310,0,move,-1,131.0076,131.0217,0,0.000,-0.088,0.176,-0.176,-0.088,0.088,-0.264,-0.088,0.176,0.088,-43.154,30.674,-0.088,0.264,0.000,0.000,0.439,0.176,0.000,0.000,0.000,0.000,0.000,0.000,0.000,0.000,0.000,0.000,-42.955,30.587,0.000,0.000,0.000,0.000,0.000,0.000,0.013,3.2,11.30,29.0,0.000,0.000,0.006,0.006,0.000,0.000,0.000,0.000,0.000,0.000,0.000,0.000,0.000,0.013,0.000,0.000,0.006,0.000
131.1075,1311,0,move,-1,131.1075,131.1201,0,0.000,-0.088,0.176,-0.176,-0.088,0.088,-0.264,-0.088,0.176,0.088,-43.154,30.674,-0.088,0.264,0.000,0.000,0.439,0.176,0.000,0.000,0.000,0.000,0.000,0.000,0.000,0.000,0.000,0.000,-42.955,30.587,0.000,0.000,0.000,0.000,0.000,0.000,0.013,3.2,11.30,29.0,0.000,0.000,0.006,0.006,0.000,0.000,0.000,0.000,0.000,0.000,0.000,0.000,0.000,0.013,0.000,0.000,0.006,0.000
131.2082,1312,0,move,-1,131.2082,131.2398,0,0.000,-0.088,0.176,-0.176,-0.088,0.088,-0.264,-0.088,0.176,0.088,-43.154,30.674,-0.088,0.264,0.000,0.000,0.439,0.176,0.000,0.000,0.000,0.000,0.000,0.000,0.000,0.000,0.000,0.000,-42.955,30.587,0.000,0.000,0.000,0.000,0.000,0.000,0.006,2.4,11.30,32.0,0.000,0.000,0.000,0.006,0.000,0.000,0.006,0.000,0.000,0.000,0.006,0.000,0.000,0.006,0.000,0.000,0.006,0.006
131.3075,1313,0,move,-1,131.3075,131.3205,0,0.000,-0.088,0.176,-0.176,-0.088,0.088,-0.264,-0.088,0.176,0.088,-43.154,30.674,-0.088,0.264,0.000,0.000,0.439,0.176,0.000,0.000,0.000,0.000,0.000,0.000,0.000,0.000,0.000,0.000,-42.955,30.587,0.000,0.000,0.000,0.000,0.000,0.000,0.006,2.4,11.30,32.0,0.000,0.000,0.000,0.006,0.000,0.000,0.006,0.000,0.000,0.000,0.006,0.000,0.000,0.006,0.000,0.000,0.006,0.006
131.4075,1314,0,move,-1,131.4075,131.4172,0,0.000,-0.088,0.176,-0.176,-0.088,0.088,-0.264,-0.088,0.176,0.088,-43.154,30.674,-0.088,0.264,0.000,0.000,0.439,0.176,0.000,0.000,0.000,0.000,0.000,0.000,0.000,0.000,0.000,0.000,-42.955,30.587,0.000,0.000,0.000,0.000,0.000,0.000,0.006,3.2,11.30,32.0,0.000,0.000,0.000,0.000,0.000,0.000,0.006,0.000,0.006,0.000,0.000,0.000,0.000,0.006,0.000,0.000,0.006,0.006
131.5073,1315,0,move,-1,131.5073,131.5189,0,0.000,-0.088,0.176,-0.176,-0.088,0.088,-0.264,-0.088,0.176,0.088,-43.154,30.674,-0.088,0.264,0.000,0.000,0.439,0.176,0.000,0.000,0.000,0.000,0.000,0.000,0.000,0.000,0.000,0.000,-42.955,30.587,0.000,0.000,0.000,0.000,0.000,0.000,0.006,2.4,11.30,32.0,0.000,0.000,0.000,0.006,0.000,0.000,0.006,0.000,0.000,0.000,0.006,0.000,0.000,0.006,0.000,0.000,0.006,0.006
131.6092,1316,0,move,-1,131.6092,131.6329,0,0.000,-0.088,0.176,-0.176,-0.088,0.088,-0.264,-0.088,0.176,0.088,-43.154,30.674,-0.088,0.264,0.000,0.000,0.439,0.176,0.000,0.000,0.000,0.000,0.000,0.000,0.000,0.000,0.000,0.000,-42.955,30.587,0.000,0.000,0.000,0.000,0.000,0.000,0.013,3.2,11.30,29.0,0.000,0.000,0.000,0.000,0.000,0.000,0.006,0.000,0.006,0.000,0.000,0.000,0.000,0.013,0.000,0.000,0.006,0.006
131.7073,1317,0,move,-1,131.7073,131.7204,0,0.000,-0.088,0.176,-0.176,-0.088,0.088,-0.264,-0.088,0.176,0.088,-43.154,30.674,-0.088,0.264,0.000,0.000,0.439,0.176,0.000,0.000,0.000,0.000,0.000,0.000,0.000,0.000,0.000,0.000,-42.955,30.587,0.000,0.000,0.000,0.000,0.000,0.000,0.013,3.2,11.30,29.0,0.000,0.000,0.000,0.000,0.000,0.000,0.006,0.000,0.006,0.000,0.000,0.000,0.000,0.013,0.000,0.000,0.006,0.006
131.8074,1318,0,move,-1,131.8074,131.8164,0,0.000,-0.088,0.176,-0.176,-0.088,0.088,-0.264,-0.088,0.176,0.088,-43.154,30.674,-0.088,0.264,0.000,0.000,0.439,0.176,0.000,0.000,0.000,0.000,0.000,0.000,0.000,0.000,0.000,0.000,-42.955,30.587,0.000,0.000,0.000,0.000,0.000,0.000,0.013,4.8,11.30,31.0,0.000,0.000,0.000,0.006,0.000,0.000,0.006,0.000,0.000,0.000,0.000,0.000,0.000,0.006,0.000,0.000,0.013,0.006
131.9075,1319,0,move,-1,131.9075,131.9177,0,0.000,-0.088,0.176,-0.176,-0.088,0.088,-0.264,-0.088,0.176,0.088,-43.154,30.674,-0.088,0.264,0.000,0.000,0.439,0.176,0.000,0.000,0.000,0.000,0.000,0.000,0.000,0.000,0.000,0.000,-42.955,30.587,0.000,0.000,0.000,0.000,0.000,0.000,0.013,3.2,11.30,28.0,0.000,0.000,0.000,0.006,0.000,0.000,0.006,0.000,0.000,0.000,0.000,0.000,0.000,0.013,0.000,0.000,0.013,0.000
132.0075,1320,0,move,-1,132.0075,132.0197,0,0.000,-0.088,0.176,-0.176,-0.088,0.088,-0.264,-0.088,0.176,0.088,-43.154,30.674,-0.088,0.264,0.000,0.000,0.439,0.176,0.000,0.000,0.000,0.000,0.000,0.000,0.000,0.000,0.000,0.000,-43.059,30.640,0.000,0.000,0.000,0.000,0.000,0.000,0.006,3.2,11.30,32.0,0.000,0.000,0.000,0.000,0.000,0.000,0.006,0.000,0.000,0.000,0.000,0.000,0.000,0.006,0.000,0.000,0.006,0.006
132.1075,1321,0,move,-1,132.1075,132.1206,0,0.000,-0.088,0.176,-0.176,-0.088,0.088,-0.264,-0.088,0.176,0.088,-43.154,30.674,-0.088,0.264,0.000,0.000,0.439,0.176,0.000,0.000,0.000,0.000,0.000,0.000,0.000,0.000,0.000,0.000,-43.362,30.795,0.000,0.000,0.000,0.000,0.000,0.000,0.013,3.2,11.30,29.0,0.000,0.000,0.000,0.000,0.000,0.000,0.006,0.000,0.000,0.000,0.000,0.000,0.000,0.013,0.000,0.000,0.006,0.000
132.2073,1322,0,move,-1,132.2073,132.2176,0,0.000,-0.088,0.176,-0.176,-0.088,0.088,-0.264,-0.088,0.176,0.088,-43.154,30.674,-0.088,0.264,0.000,0.000,0.439,0.176,0.000,0.000,0.000,0.000,0.000,0.000,0.000,0.000,0.000,0.000,-43.833,31.033,0.000,0.000,0.000,0.000,0.000,0.000,0.013,3.2,11.30,29.0,0.000,0.000,0.000,0.000,0.000,0.000,0.006,0.000,0.000,0.000,0.000,0.000,0.000,0.013,0.000,0.000,0.006,0.000
132.3074,1323,0,move,-1,132.3074,132.3236,0,0.000,-0.088,0.176,-0.176,-0.088,0.088,-0.264,-0.088,0.176,0.088,-43.242,31.113,-0.088,0.264,0.000,0.000,0.439,0.176,0.000,0.000,0.000,0.000,0.000,0.000,0.000,0.000,0.000,0.000,-44.421,31.329,0.000,0.000,0.000,0.000,0.000,0.000,0.019,7.6,11.20,31.0,0.000,0.000,0.000,0.000,0.000,0.000,0.006,0.000,0.000,0.000,0.019,0.013,0.000,0.013,0.000,0.000,0.006,0.006
132.4075,1324,0,move,-1,132.4075,132.4184,0,0.000,-0.088,0.176,-0.176,-0.088,0.088,-0.264,-0.088,0.176,0.088,-43.857,31.201,-0.088,0.264,0.000,0.000,0.439,0.176,0.000,0.000,0.000,0.000,0.000,0.000,0.000,0.000,0.000,0.000,-45.069,31.653,0.000,0.000,0.000,0.000,0.000,0.000,0.019,7.6,11.20,31.0,0.000,0.000,0.000,0.000,0.000,0.000,0.006,0.000,0.000,0.000,0.019,0.013,0.000,0.013,0.000,0.000,0.006,0.006
132.5075,1325,0,move,-1,132.5075,132.5202,0,0.000,-0.088,0.176,-0.176,-0.088,0.088,-0.264,-0.088,0.176,0.088,-44.385,31.641,-0.088,0.264,0.000,0.000,0.439,0.176,0.000,0.000,0.000,0.000,0.000,0.000,0.000,0.000,0.000,0.000,-45.712,31.972,0.000,0.000,0.000,0.000,0.000,0.000,0.013,4.8,11.30,31.0,0.000,0.000,0.000,0.006,0.000,0.000,0.006,0.000,0.000,0.000,0.006,0.000,0.000,0.006,0.000,0.000,0.013,0.000
132.6073,1326,0,move,-1,132.6073,132.6155,0,0.000,-0.088,0.176,-0.176,-0.088,0.088,-0.264,-0.088,0.176,0.088,-44.912,31.904,-0.088,0.264,0.000,0.000,0.439,0.176,0.000,0.000,0.000,0.000,0.000,0.000,0.000,0.000,0.000,0.000,-46.288,32.255,0.000,0.000,0.000,0.000,0.000,0.000,0.013,4.8,11.30,31.0,0.000,0.000,0.000,0.006,0.000,0.000,0.006,0.000,0.000,0.000,0.006,0.000,0.000,0.006,0.000,0.000,0.013,0.000
132.7073,1327,0,move,-1,132.7073,132.7436,0,0.000,-0.088,0.176,-0.176,-0.088,0.088,-0.264,-0.088,0.176,0.088,-45.879,32.256,-0.088,0.264,0.000,0.000,0.439,0.176,0.000,0.000,0.000,0.000,0.000,0.000,0.000,0.000,0.000,0.000,-46.742,32.477,0.000,0.000,0.000,0.000,0.000,0.000,0.013,5.6,11.20,31.0,0.000,0.000,0.000,0.000,0.000,0.000,0.006,0.000,0.000,0.000,0.013,0.006,0.000,0.013,0.000,0.000,0.006,0.006
132.8073,1328,0,move,-1,132.8073,132.8179,0,0.000,-0.088,0.176,-0.176,-0.088,0.088,-0.264,-0.088,0.176,0.088,-46.143,32.344,-0.088,0.264,0.000,0.000,0.439,0.176,0.000,0.000,0.000,0.000,0.000,0.000,0.000,0.000,0.000,0.000,-47.033,32.619,0.000,0.000,0.000,0.000,0.000,0.000,0.013,5.6,11.20,31.0,0.000,0.000,0.000,0.000,0.000,0.000,0.006,0.000,0.000,0.000,0.013,0.006,0.000,0.013,0.000,0.000,0.006,0.006
132.9073,1329,0,move,-1,132.9073,132.9190,0,0.000,-0.088,0.176,-0.176,-0.088,0.088,-0.264,-0.088,0.176,0.088,-46.582,32.520,-0.088,0.264,0.000,0.000,0.439,0.176,0.000,0.000,0.000,0.000,0.000,0.000,0.000,0.000,0.000,0.000,-47.133,32.667,0.000,0.000,0.000,0.000,0.000,0.000,0.013,4.8,11.30,31.0,0.000,0.000,0.000,0.000,0.000,0.000,0.000,0.000,0.000,0.000,0.006,0.000,0.000,0.006,0.000,0.000,0.013,0.000
133.0075,1330,0,move,-1,133.0075,133.0176,0,0.000,-0.088,0.176,-0.176,-0.088,0.088,-0.264,-0.088,0.176,0.088,-46.582,32.607,-0.088,0.264,0.000,0.000,0.439,0.176,0.000,0.000,0.000,0.000,0.000,0.000,0.000,0.000,0.000,0.000,-47.133,32.667,0.000,0.000,0.000,0.000,0.000,0.000,0.013,4.8,11.30,31.0,0.000,0.000,0.000,0.000,0.000,0.000,0.000,0.000,0.000,0.000,0.006,0.000,0.000,0.006,0.000,0.000,0.013,0.000
133.1075,1331,0,move,-1,133.1075,133.1176,0,0.000,-0.088,0.176,-0.176,-0.088,0.088,-0.264,-0.088,0.176,0.088,-46.582,32.695,-0.088,0.264,0.000,0.000,0.439,0.176,0.000,0.000,0.000,0.000,0.000,0.000,0.000,0.000,0.000,0.000,-47.133,32.667,0.000,0.000,0.000,0.000,0.000,0.000,0.013,5.6,11.30,31.0,0.000,0.000,0.000,0.006,0.000,0.000,0.000,0.000,0.000,0.000,0.013,0.000,0.000,0.013,0.000,0.000,0.006,0.000
133.2073,1332,0,move,-1,133.2073,133.2275,0,0.000,-0.088,0.176,-0.176,-0.088,0.088,-0.264,-0.088,0.176,0.088,-46.582,32.695,-0.088,0.264,0.000,0.000,0.439,0.176,0.000,0.000,0.000,0.000,0.000,0.000,0.000,0.000,0.000,0.000,-47.133,32.667,0.000,0.000,0.000,0.000,0.000,0.000,0.013,5.6,11.30,31.0,0.000,0.000,0.006,0.000,0.000,0.000,0.006,0.000,0.000,0.000,0.013,0.000,0.000,0.013,0.000,0.000,0.006,0.006
133.3073,1333,0,move,-1,133.3073,133.3198,0,0.000,-0.088,0.176,-0.176,-0.088,0.088,-0.264,-0.088,0.176,0.088,-46.582,32.695,-0.088,0.264,0.000,0.000,0.439,0.176,0.000,0.000,0.000,0.000,0.000,0.000,0.000,0.000,0.000,0.000,-47.133,32.667,0.000,0.000,0.000,0.000,0.000,0.000,0.013,5.6,11.30,31.0,0.000,0.000,0.006,0.000,0.000,0.000,0.006,0.000,0.000,0.000,0.013,0.000,0.000,0.013,0.000,0.000,0.006,0.006
133.4075,1334,0,move,-1,133.4075,133.4198,0,0.000,-0.088,0.176,-0.176,-0.088,0.088,-0.264,-0.088,0.176,0.088,-46.582,32.695,-0.088,0.264,0.000,0.000,0.439,0.176,0.000,0.000,0.000,0.000,0.000,0.000,0.000,0.000,0.000,0.000,-47.133,32.667,0.000,0.000,0.000,0.000,0.000,0.000,0.013,5.6,11.30,31.0,0.000,0.000,0.000,0.000,0.000,0.000,0.000,0.000,0.006,0.000,0.013,0.000,0.000,0.013,0.000,0.000,0.013,0.000
133.5073,1335,0,move,-1,133.5073,133.5178,0,0.000,-0.088,0.176,-0.176,-0.088,0.088,-0.264,-0.088,0.176,0.088,-46.582,32.695,-0.088,0.264,0.000,0.000,0.439,0.176,0.000,0.000,0.000,0.000,0.000,0.000,0.000,0.000,0.000,0.000,-47.133,32.667,0.000,0.000,0.000,0.000,0.000,0.000,0.013,5.6,11.30,31.0,0.000,0.000,0.000,0.000,0.000,0.000,0.000,0.000,0.006,0.000,0.013,0.000,0.000,0.013,0.000,0.000,0.013,0.000
133.6075,1336,0,move,-1,133.6075,133.6185,0,0.000,-0.088,0.176,-0.176,-0.088,0.088,-0.264,-0.088,0.176,0.088,-46.582,32.695,-0.088,0.264,0.000,0.000,0.439,0.176,0.000,0.000,0.000,0.000,0.000,0.000,0.000,0.000,0.000,0.000,-47.133,32.667,0.000,0.000,0.000,0.000,0.000,0.000,0.013,3.2,11.30,29.0,0.000,0.000,0.006,0.006,0.000,0.000,0.006,0.000,0.000,0.000,0.006,0.000,0.000,0.013,0.000,0.000,0.006,0.000
133.7148,1337,0,move,-1,133.7148,133.7911,0,0.000,-0.088,0.176,-0.176,-0.088,0.088,-0.264,-0.088,0.176,0.088,-46.582,32.695,-0.088,0.264,0.000,0.000,0.439,0.176,0.000,0.000,0.000,0.000,0.000,0.000,0.000,0.000,0.000,0.000,-47.133,32.667,0.000,0.000,0.000,0.000,0.000,0.000,0.006,2.4,11.30,32.0,0.000,0.000,0.000,0.000,0.000,0.000,0.000,0.000,0.006,0.000,0.006,0.000,0.000,0.006,0.000,0.000,0.006,0.000
133.8125,1338,0,move,-1,133.8125,133.8195,0,0.000,-0.088,0.176,-0.176,-0.088,0.088,-0.264,-0.088,0.176,0.088,-46.582,32.695,-0.088,0.264,0.000,0.000,0.439,0.176,0.000,0.000,0.000,0.000,0.000,0.000,0.000,0.000,0.000,0.000,-47.133,32.667,0.000,0.000,0.000,0.000,0.000,0.000,0.006,2.4,11.30,32.0,0.000,0.000,0.000,0.000,0.000,0.000,0.000,0.000,0.006,0.000,0.006,0.000,0.000,0.006,0.000,0.000,0.006,0.000
133.9075,1339,0,move,-1,133.9075,133.9190,0,0.000,-0.088,0.176,-0.176,-0.088,0.088,-0.264,-0.088,0.176,0.088,-46.582,32.695,-0.088,0.264,0.000,0.000,0.439,0.176,0.000,0.000,0.000,0.000,0.000,0.000,0.000,0.000,0.000,0.000,-47.133,32.667,0.000,0.000,0.000,0.000,0.000,0.000,0.013,3.2,11.30,28.0,0.000,0.000,0.000,0.006,0.000,0.000,0.006,0.000,0.000,0.000,0.006,0.000,0.000,0.013,0.000,0.000,0.006,0.000
134.0073,1340,0,move,-1,134.0073,134.0208,0,0.000,-0.088,0.176,-0.176,-0.088,0.088,-0.264,-0.088,0.176,0.088,-46.582,32.695,-0.088,0.264,0.000,0.000,0.439,0.176,0.000,0.000,0.000,0.000,0.000,0.000,0.000,0.000,0.000,0.000,-47.133,32.667,0.000,0.000,0.000,0.000,0.000,0.000,0.006,2.4,11.30,32.0,0.000,0.000,0.000,0.006,0.000,0.000,0.006,0.000,0.000,0.000,0.006,0.000,0.000,0.006,0.000,0.000,0.006,0.000
134.1073,1341,0,move,-1,134.1073,134.1141,0,0.000,-0.088,0.176,-0.176,-0.088,0.088,-0.264,-0.088,0.176,0.088,-46.582,32.695,-0.088,0.264,0.000,0.000,0.439,0.176,0.000,0.000,0.000,0.000,0.000,0.000,0.000,0.000,0.000,0.000,-47.133,32.667,0.000,0.000,0.000,0.000,0.000,0.000,0.006,2.4,11.30,32.0,0.000,0.000,0.000,0.006,0.000,0.000,0.006,0.000,0.000,0.000,0.006,0.000,0.000,0.006,0.000,0.000,0.006,0.000
134.2074,1342,0,move,-1,134.2074,134.2265,0,0.000,-0.088,0.176,-0.176,-0.088,0.088,-0.264,-0.088,0.176,0.088,-46.582,32.695,-0.088,0.264,0.000,0.000,0.439,0.176,0.000,0.000,0.000,0.000,0.000,0.000,0.000,0.000,0.000,0.000,-47.133,32.667,0.000,0.000,0.000,0.000,0.000,0.000,0.013,5.6,11.30,31.0,0.000,0.000,0.000,0.000,0.000,0.000,0.006,0.000,0.000,0.000,0.013,0.000,0.000,0.006,0.000,0.000,0.013,0.006
134.3075,1343,0,move,-1,134.3075,134.3199,0,0.000,-0.088,0.176,-0.176,-0.088,0.088,-0.264,-0.088,0.176,0.088,-46.582,32.695,-0.088,0.264,0.000,0.000,0.439,0.176,0.000,0.000,0.000,0.000,0.000,0.000,0.000,0.000,0.000,0.000,-47.133,32.667,0.000,0.000,0.000,0.000,0.000,0.000,0.013,5.6,11.30,31.0,0.000,0.000,0.000,0.000,0.000,0.000,0.006,0.000,0.000,0.000,0.013,0.000,0.000,0.006,0.000,0.000,0.013,0.006
134.4075,1344,0,move,-1,134.4075,134.4178,0,0.000,-0.088,0.176,-0.176,-0.088,0.088,-0.264,-0.088,0.176,0.088,-46.582,32.695,-0.088,0.264,0.000,0.000,0.439,0.176,0.000,0.000,0.000,0.000,0.000,0.000,0.000,0.000,0.000,0.000,-47.133,32.667,0.000,0.000,0.000,0.000,0.000,0.000,0.006,2.4,11.30,28.0,0.000,0.000,0.000,0.000,0.000,0.000,0.000,0.000,0.000,0.000,0.000,0.000,0.000,0.006,0.000,0.000,0.000,0.000
134.5073,1345,0,move,-1,134.5073,134.5268,0,0.000,-0.088,0.176,-0.176,-0.088,0.088,-0.264,-0.088,0.176,0.088,-46.582,32.695,-0.088,0.264,0.000,0.000,0.439,0.176,0.000,0.000,0.000,0.000,0.000,0.000,0.000,0.000,0.000,0.000,-47.133,32.667,0.000,0.000,0.000,0.000,0.000,0.000,0.006,2.4,11.30,32.0,0.000,0.000,0.000,0.006,0.000,0.000,0.000,0.000,0.000,0.000,0.006,0.000,0.006,0.006,0.000,0.000,0.006,0.000
134.6075,1346,0,move,-1,134.6075,134.6191,0,0.000,-0.088,0.176,-0.176,-0.088,0.088,-0.264,-0.088,0.176,0.088,-46.582,32.695,-0.088,0.264,0.000,0.000,0.439,0.176,0.000,0.000,0.000,0.000,0.000,0.000,0.000,0.000,0.000,0.000,-47.133,32.667,0.000,0.000,0.000,0.000,0.000,0.000,0.006,2.4,11.30,32.0,0.000,0.000,0.000,0.006,0.000,0.000,0.000,0.000,0.000,0.000,0.006,0.000,0.006,0.006,0.000,0.000,0.006,0.000
134.7075,1347,0,move,-1,134.7075,134.7196,0,0.000,-0.088,0.176,-0.176,-0.088,0.088,-0.264,-0.088,0.176,0.088,-46.582,32.695,-0.088,0.264,0.000,0.000,0.439,0.176,0.000,0.000,0.000,0.000,0.000,0.000,0.000,0.000,0.000,0.000,-47.133,32.667,0.000,0.000,0.000,0.000,0.000,0.000,0.013,3.2,11.30,29.0,0.000,0.000,0.006,0.006,0.000,0.000,0.006,0.000,0.006,0.000,0.006,0.000,0.000,0.013,0.000,0.000,0.006,0.006
134.8073,1348,0,move,-1,134.8073,134.8196,0,0.000,-0.088,0.176,-0.176,-0.088,0.088,-0.264,-0.088,0.176,0.088,-46.582,32.695,-0.088,0.264,0.000,0.000,0.439,0.176,0.000,0.000,0.000,0.000,0.000,0.000,0.000,0.000,0.000,0.000,-47.133,32.667,0.000,0.000,0.000,0.000,0.000,0.000,0.013,3.2,11.30,29.0,0.000,0.000,0.006,0.006,0.000,0.000,0.006,0.000,0.006,0.000,0.006,0.000,0.000,0.013,0.000,0.000,0.006,0.006
134.9075,1349,0,move,-1,134.9075,134.9170,0,0.000,-0.088,0.176,-0.176,-0.088,0.088,-0.264,-0.088,0.176,0.088,-46.582,32.695,-0.088,0.264,0.000,0.000,0.439,0.176,0.000,0.000,0.000,0.000,0.000,0.000,0.000,0.000,0.000,0.000,-47.133,32.667,0.000,0.000,0.000,0.000,0.000,0.000,0.013,5.6,11.30,31.0,0.000,0.000,0.000,0.000,0.000,0.000,0.006,0.000,0.000,0.000,0.013,0.000,0.000,0.013,0.000,0.000,0.006,0.000
135.0075,1350,0,move,-1,135.0075,135.0189,0,0.000,-0.088,0.176,-0.176,-0.088,0.088,-0.264,-0.088,0.176,0.088,-46.582,32.695,-0.088,0.264,0.000,0.000,0.439,0.176,0.000,0.000,0.000,0.000,0.000,0.000,0.000,0.000,0.000,0.000,-47.133,32.667,0.000,0.000,0.000,0.000,0.000,0.000,0.006,2.4,11.30,32.0,0.000,0.000,0.006,0.006,0.000,0.000,0.006,0.000,0.006,0.000,0.006,0.000,0.000,0.006,0.000,0.000,0.006,0.006
135.1075,1351,0,move,-1,135.1075,135.1182,0,0.000,-0.088,0.176,-0.176,-0.088,0.088,-0.264,-0.088,0.176,0.088,-46.582,32.695,-0.088,0.264,0.000,0.000,0.439,0.176,0.000,0.000,0.000,0.000,0.000,0.000,0.000,0.000,0.000,0.000,-47.133,32.667,0.000,0.000,0.000,0.000,0.000,0.000,0.006,2.4,11.30,32.0,0.000,0.000,0.006,0.006,0.000,0.000,0.006,0.000,0.006,0.000,0.006,0.000,0.000,0.006,0.000,0.000,0.006,0.006
135.2125,1352,0,move,-1,135.2125,135.2451,0,0.000,-0.088,0.176,-0.176,-0.088,0.088,-0.264,-0.088,0.176,0.088,-46.582,32.695,-0.088,0.264,0.000,0.000,0.439,0.176,0.000,0.000,0.000,0.000,0.000,0.000,0.000,0.000,0.000,0.000,-47.133,32.667,0.000,0.000,0.000,0.000,0.000,0.000,0.013,5.6,11.30,31.0,0.000,0.000,0.000,0.006,0.000,0.000,0.006,0.000,0.000,0.000,0.013,0.000,0.000,0.013,0.000,0.000,0.013,0.000
135.3074,1353,0,move,-1,135.3074,135.3393,0,0.000,-0.088,0.176,-0.176,-0.088,0.088,-0.264,-0.088,0.176,0.088,-46.582,32.695,-0.088,0.264,0.000,0.000,0.439,0.176,0.000,0.000,0.000,0.000,0.000,0.000,0.000,0.000,0.000,0.000,-47.133,32.667,0.000,0.000,0.000,0.000,0.000,0.000,0.013,5.6,11.30,31.0,0.000,0.000,0.000,0.006,0.000,0.000,0.006,0.000,0.000,0.000,0.013,0.000,0.000,0.013,0.000,0.000,0.013,0.000
135.4185,1354,0,move,-1,135.4185,135.4465,0,0.000,-0.088,0.176,-0.176,-0.088,0.088,-0.264,-0.088,0.176,0.088,-46.582,32.695,-0.088,0.264,0.000,0.000,0.439,0.176,0.000,0.000,0.000,0.000,0.000,0.000,0.000,0.000,0.000,0.000,-47.133,32.667,0.000,0.000,0.000,0.000,0.000,0.000,0.006,2.4,11.30,32.0,0.000,0.000,0.000,0.006,0.000,0.000,0.006,0.000,0.000,0.000,0.006,0.000,0.000,0.006,0.000,0.000,0.006,0.006
135.5073,1355,0,move,-1,135.5073,135.5124,0,0.000,-0.088,0.176,-0.176,-0.088,0.088,-0.264,-0.088,0.176,0.088,-46.582,32.695,-0.088,0.264,0.000,0.000,0.439,0.176,0.000,0.000,0.000,0.000,0.000,0.000,0.000,0.000,0.000,0.000,-47.133,32.667,0.000,0.000,0.000,0.000,0.000,0.000,0.006,2.4,11.30,32.0,0.000,0.000,0.000,0.006,0.000,0.000,0.006,0.000,0.000,0.000,0.006,0.000,0.000,0.006,0.000,0.000,0.006,0.006
135.6073,1356,0,move,-1,135.6073,135.6210,0,0.000,-0.088,0.176,-0.176,-0.088,0.088,-0.264,-0.088,0.176,0.088,-46.582,32.695,-0.088,0.264,0.000,0.000,0.439,0.176,0.000,0.000,0.000,0.000,0.000,0.000,0.000,0.000,0.000,0.000,-47.133,32.667,0.000,0.000,0.000,0.000,0.000,0.000,0.013,5.6,11.30,31.0,0.000,0.000,0.000,0.006,0.000,0.000,0.000,0.000,0.000,0.000,0.013,0.000,0.000,0.006,0.000,0.000,0.013,0.006
135.7074,1357,0,move,-1,135.7074,135.7169,0,0.000,-0.088,0.176,-0.176,-0.088,0.088,-0.264,-0.088,0.176,0.088,-46.582,32.695,-0.088,0.264,0.000,0.000,0.439,0.176,0.000,0.000,0.000,0.000,0.000,0.000,0.000,0.000,0.000,0.000,-47.133,32.667,0.000,0.000,0.000,0.000,0.000,0.000,0.013,5.6,11.30,31.0,0.000,0.000,0.000,0.006,0.000,0.000,0.000,0.000,0.000,0.000,0.013,0.000,0.000,0.006,0.000,0.000,0.013,0.006
135.8074,1358,0,move,-1,135.8074,135.8178,0,0.000,-0.088,0.176,-0.176,-0.088,0.088,-0.264,-0.088,0.176,0.088,-46.582,32.695,-0.088,0.264,0.000,0.000,0.439,0.176,0.000,0.000,0.000,0.000,0.000,0.000,0.000,0.000,0.000,0.000,-47.133,32.667,0.000,0.000,0.000,0.000,0.000,0.000,0.013,3.2,11.30,29.0,0.000,0.000,0.000,0.000,0.000,0.000,0.006,0.000,0.000,0.000,0.006,0.000,0.000,0.013,0.000,0.000,0.006,0.000
135.9075,1359,0,move,-1,135.9075,135.9203,0,0.000,-0.088,0.176,-0.176,-0.088,0.088,-0.264,-0.088,0.176,0.088,-46.582,32.695,-0.088,0.264,0.000,0.000,0.439,0.176,0.000,0.000,0.000,0.000,0.000,0.000,0.000,0.000,0.000,0.000,-47.133,32.667,0.000,0.000,0.000,0.000,0.000,0.000,0.013,5.6,11.30,31.0,0.000,0.000,0.006,0.006,0.000,0.000,0.006,0.000,0.000,0.000,0.013,0.000,0.000,0.006,0.000,0.000,0.013,0.006
136.0073,1360,0,move,-1,136.0073,136.0186,0,0.000,-0.088,0.176,-0.176,-0.088,0.088,-0.264,-0.088,0.176,0.088,-46.582,32.695,-0.088,0.264,0.000,0.000,0.439,0.176,0.000,0.000,0.000,0.000,0.000,0.000,0.000,0.000,0.000,0.000,-47.233,32.716,0.000,0.000,0.000,0.000,0.000,0.000,0.013,5.6,11.30,31.0,0.000,0.000,0.006,0.006,0.000,0.000,0.006,0.000,0.000,0.000,0.013,0.000,0.000,0.006,0.000,0.000,0.013,0.006
136.1074,1361,0,move,-1,136.1074,136.1197,0,0.000,-0.088,0.176,-0.176,-0.088,0.088,-0.264,-0.088,0.176,0.088,-46.582,32.695,-0.088,0.264,0.000,0.000,0.439,0.176,0.000,0.000,0.000,0.000,0.000,0.000,0.000,0.000,0.000,0.000,-47.522,32.856,0.000,0.000,0.000,0.000,0.000,0.000,0.013,6.8,11.30,31.0,0.000,0.000,0.000,0.000,0.000,0.000,0.000,0.000,0.000,0.000,0.013,0.000,0.000,0.013,0.000,0.000,0.006,0.000
136.2242,1362,0,move,-1,136.2242,136.2364,0,0.000,-0.088,0.176,-0.176,-0.088,0.088,-0.264,-0.088,0.176,0.088,-47.109,32.871,-0.088,0.264,0.000,0.000,0.439,0.176,0.000,0.000,0.000,0.000,0.000,0.000,0.000,0.000,0.000,0.000,-47.971,33.071,0.000,0.000,0.000,0.000,0.000,0.000,0.026,9.2,11.30,31.0,0.000,0.000,0.000,0.000,0.000,0.000,0.006,0.000,0.000,0.000,0.026,0.000,0.000,0.006,0.000,0.000,0.013,0.000
136.3073,1363,0,move,-1,136.3073,136.3191,0,0.000,-0.088,0.176,-0.176,-0.088,0.088,-0.264,-0.088,0.176,0.088,-47.373,32.959,-0.088,0.264,0.000,0.000,0.439,0.176,0.000,0.000,0.000,0.000,0.000,0.000,0.000,0.000,0.000,0.000,-48.535,33.340,0.000,0.000,0.000,0.000,0.000,0.000,0.026,9.2,11.30,31.0,0.000,0.000,0.000,0.000,0.000,0.000,0.006,0.000,0.000,0.000,0.026,0.000,0.000,0.006,0.000,0.000,0.013,0.000
136.4073,1364,0,move,-1,136.4073,136.4198,0,0.000,-0.088,0.176,-0.176,-0.088,0.088,-0.264,-0.088,0.176,0.088,-47.988,33.398,-0.088,0.264,0.000,0.000,0.439,0.176,0.000,0.000,0.000,0.000,0.000,0.000,0.000,0.000,0.000,0.000,-49.154,33.634,0.000,0.000,0.000,0.000,0.000,0.000,0.019,7.6,11.30,31.0,0.000,0.000,0.000,0.000,0.000,0.000,0.000,0.000,0.000,0.000,0.019,0.006,0.000,0.006,0.000,0.000,0.013,0.000
136.5073,1365,0,move,-1,136.5073,136.5190,0,0.000,-0.088,0.176,-0.176,-0.088,0.088,-0.264,-0.088,0.176,0.088,-48.516,33.574,-0.088,0.264,0.000,0.000,0.439,0.176,0.000,0.000,0.000,0.000,0.000,0.000,0.000,0.000,0.000,0.000,-49.772,33.924,0.000,0.000,0.000,0.000,0.000,0.000,0.019,7.6,11.30,31.0,0.000,0.000,0.000,0.000,0.000,0.000,0.000,0.000,0.000,0.000,0.019,0.006,0.000,0.006,0.000,0.000,0.013,0.000
136.6130,1366,0,move,-1,136.6130,136.6432,0,0.000,-0.088,0.176,-0.176,-0.088,0.088,-0.264,-0.088,0.176,0.088,-49.219,33.926,-0.088,0.264,0.000,0.000,0.439,0.176,0.000,0.000,0.000,0.000,0.000,0.000,0.000,0.000,0.000,0.000,-50.327,34.182,0.000,0.000,0.000,0.000,0.000,0.000,0.026,9.2,11.30,31.0,0.000,0.000,0.000,0.006,0.000,0.000,0.006,0.000,0.000,0.000,0.026,0.000,0.000,0.006,0.000,0.000,0.006,0.000
136.7132,1367,0,move,-1,136.7132,136.7748,0,0.000,-0.088,0.176,-0.176,-0.088,0.088,-0.264,-0.088,0.176,0.088,-49.922,34.189,-0.088,0.264,0.000,0.000,0.439,0.176,0.000,0.000,0.000,0.000,0.000,0.000,0.000,0.000,0.000,0.000,-50.765,34.384,0.000,0.000,0.000,0.000,0.000,0.000,0.013,7.2,11.30,31.0,0.000,0.000,0.006,0.000,0.000,0.000,0.006,0.000,0.000,0.000,0.013,0.006,0.000,0.013,0.000,0.000,0.006,0.000
136.8073,1368,0,move,-1,136.8073,136.8285,0,0.000,-0.088,0.176,-0.176,-0.088,0.088,-0.264,-0.088,0.176,0.088,-50.098,34.365,-0.088,0.264,0.000,0.000,0.439,0.176,0.000,0.000,0.000,0.000,0.000,0.000,0.000,0.000,0.000,0.000,-51.045,34.512,0.000,0.000,0.000,0.000,0.000,0.000,0.013,7.2,11.30,31.0,0.000,0.000,0.006,0.000,0.000,0.000,0.006,0.000,0.000,0.000,0.013,0.006,0.000,0.013,0.000,0.000,0.006,0.000
136.9073,1369,0,move,-1,136.9073,136.9179,0,0.000,-0.088,0.176,-0.176,-0.088,0.088,-0.264,-0.088,0.176,0.088,-50.537,34.453,-0.088,0.264,0.000,0.000,0.439,0.176,0.000,0.000,0.000,0.000,0.000,0.000,0.000,0.000,0.000,0.000,-51.141,34.556,0.000,0.000,0.000,0.000,0.000,0.000,0.013,3.2,11.30,29.0,0.000,0.000,0.006,0.006,0.000,0.000,0.006,0.000,0.000,0.000,0.000,0.006,0.000,0.013,0.000,0.000,0.013,0.000
137.0085,1370,0,move,-1,137.0085,137.0349,0,0.000,-0.088,0.176,-0.176,-0.088,0.088,-0.264,-0.088,0.176,0.088,-50.625,34.541,-0.088,0.264,0.000,0.000,0.439,0.176,0.000,0.000,0.000,0.000,0.000,0.000,0.000,0.000,0.000,0.000,-51.141,34.556,0.000,0.000,0.000,0.000,0.000,0.000,0.013,5.6,11.30,31.0,0.000,0.000,0.006,0.000,0.000,0.000,0.006,0.000,0.000,0.000,0.013,0.000,0.000,0.013,0.000,0.000,0.006,0.000
137.1074,1371,0,move,-1,137.1074,137.1208,0,0.000,-0.088,0.176,-0.176,-0.088,0.088,-0.264,-0.088,0.176,0.088,-50.625,34.541,-0.088,0.264,0.000,0.000,0.439,0.176,0.000,0.000,0.000,0.000,0.000,0.000,0.000,0.000,0.000,0.000,-51.141,34.556,0.000,0.000,0.000,0.000,0.000,0.000,0.013,5.6,11.30,31.0,0.000,0.000,0.006,0.000,0.000,0.000,0.006,0.000,0.000,0.000,0.013,0.000,0.000,0.013,0.000,0.000,0.006,0.000
137.2075,1372,0,move,-1,137.2075,137.2195,0,0.000,-0.088,0.176,-0.176,-0.088,0.088,-0.264,-0.088,0.176,0.088,-50.625,34.541,-0.088,0.264,0.000,0.000,0.439,0.176,0.000,0.000,0.000,0.000,0.000,0.000,0.000,0.000,0.000,0.000,-51.141,34.556,0.000,0.000,0.000,0.000,0.000,0.000,0.013,3.2,11.30,28.0,0.000,0.000,0.000,0.000,0.000,0.000,0.006,0.000,0.006,0.000,0.006,0.000,0.000,0.013,0.000,0.000,0.013,0.000
137.3087,1373,0,move,-1,137.3087,137.3204,0,0.000,-0.088,0.176,-0.176,-0.088,0.088,-0.264,-0.088,0.176,0.088,-50.625,34.541,-0.088,0.264,0.000,0.000,0.439,0.176,0.000,0.000,0.000,0.000,0.000,0.000,0.000,0.000,0.000,0.000,-51.141,34.556,0.000,0.000,0.000,0.000,0.000,0.000,0.013,3.2,11.30,28.0,0.000,0.000,0.000,0.000,0.000,0.000,0.006,0.000,0.006,0.000,0.006,0.000,0.000,0.013,0.000,0.000,0.013,0.000
137.4074,1374,0,move,-1,137.4074,137.4199,0,0.000,-0.088,0.176,-0.176,-0.088,0.088,-0.264,-0.088,0.176,0.088,-50.625,34.541,-0.088,0.264,0.000,0.000,0.439,0.176,0.000,0.000,0.000,0.000,0.000,0.000,0.000,0.000,0.000,0.000,-51.141,34.556,0.000,0.000,0.000,0.000,0.000,0.000,0.013,3.2,11.30,28.0,0.000,0.000,0.000,0.000,0.000,0.000,0.006,0.000,0.006,0.000,0.006,0.000,0.000,0.013,0.000,0.000,0.013,0.000
137.5075,1375,0,move,-1,137.5075,137.5180,0,0.000,-0.088,0.176,-0.176,-0.088,0.088,-0.264,-0.088,0.176,0.088,-50.625,34.541,-0.088,0.264,0.000,0.000,0.439,0.176,0.000,0.000,0.000,0.000,0.000,0.000,0.000,0.000,0.000,0.000,-51.141,34.556,0.000,0.000,0.000,0.000,0.000,0.000,0.013,5.6,11.30,31.0,0.000,0.000,0.006,0.000,0.000,0.000,0.006,0.000,0.000,0.000,0.013,0.000,0.000,0.006,0.000,0.000,0.006,0.006
137.6073,1376,0,move,-1,137.6073,137.6177,0,0.000,-0.088,0.176,-0.176,-0.088,0.088,-0.264,-0.088,0.176,0.088,-50.625,34.541,-0.088,0.264,0.000,0.000,0.439,0.176,0.000,0.000,0.000,0.000,0.000,0.000,0.000,0.000,0.000,0.000,-51.141,34.556,0.000,0.000,0.000,0.000,0.000,0.000,0.013,5.6,11.30,31.0,0.000,0.000,0.006,0.000,0.000,0.000,0.006,0.000,0.000,0.000,0.013,0.000,0.000,0.006,0.000,0.000,0.006,0.006
137.7075,1377,0,move,-1,137.7075,137.7191,0,0.000,-0.088,0.176,-0.176,-0.088,0.088,-0.264,-0.088,0.176,0.088,-50.625,34.541,-0.088,0.264,0.000,0.000,0.439,0.176,0.000,0.000,0.000,0.000,0.000,0.000,0.000,0.000,0.000,0.000,-51.141,34.556,0.000,0.000,0.000,0.000,0.000,0.000,0.013,3.2,11.30,29.0,0.000,0.000,0.000,0.000,0.000,0.000,0.006,0.000,0.000,0.000,0.006,0.000,0.000,0.013,0.000,0.000,0.006,0.000
137.8075,1378,0,move,-1,137.8075,137.8179,0,0.000,-0.088,0.176,-0.176,-0.088,0.088,-0.264,-0.088,0.176,0.088,-50.625,34.541,-0.088,0.264,0.000,0.000,0.439,0.176,0.000,0.000,0.000,0.000,0.000,0.000,0.000,0.000,0.000,0.000,-51.141,34.556,0.000,0.000,0.000,0.000,0.000,0.000,0.013,3.2,11.30,29.0,0.000,0.000,0.000,0.000,0.000,0.000,0.006,0.000,0.000,0.000,0.006,0.000,0.000,0.013,0.000,0.000,0.006,0.000
137.9075,1379,0,move,-1,137.9075,137.9190,0,0.000,-0.088,0.176,-0.176,-0.088,0.088,-0.264,-0.088,0.176,0.088,-50.625,34.541,-0.088,0.264,0.000,0.000,0.439,0.176,0.000,0.000,0.000,0.000,0.000,0.000,0.000,0.000,0.000,0.000,-51.141,34.556,0.000,0.000,0.000,0.000,0.000,0.000,0.013,5.6,11.30,31.0,0.000,0.000,0.006,0.006,0.000,0.000,0.006,0.000,0.000,0.000,0.013,0.000,0.000,0.013,0.000,0.000,0.013,0.006
138.0075,1380,0,move,-1,138.0075,138.0173,0,0.000,-0.088,0.176,-0.176,-0.088,0.088,-0.264,-0.088,0.176,0.088,-50.625,34.541,-0.088,0.264,0.000,0.000,0.439,0.176,0.000,0.000,0.000,0.000,0.000,0.000,0.000,0.000,0.000,0.000,-51.141,34.556,0.000,0.000,0.000,0.000,0.000,0.000,0.013,5.6,11.30,31.0,0.000,0.000,0.006,0.006,0.000,0.000,0.006,0.000,0.000,0.000,0.013,0.000,0.000,0.013,0.000,0.000,0.013,0.006
138.1076,1381,0,move,-1,138.1076,138.1204,0,0.000,-0.088,0.176,-0.176,-0.088,0.088,-0.264,-0.088,0.176,0.088,-50.625,34.541,-0.088,0.264,0.000,0.000,0.439,0.176,0.000,0.000,0.000,0.000,0.000,0.000,0.000,0.000,0.000,0.000,-51.141,34.556,0.000,0.000,0.000,0.000,0.000,0.000,0.006,3.2,11.20,32.0,0.000,0.000,0.000,0.000,0.000,0.000,0.006,0.000,0.006,0.000,0.006,0.000,0.000,0.006,0.000,0.000,0.006,0.000
138.2074,1382,0,move,-1,138.2074,138.2197,0,0.000,-0.088,0.176,-0.176,-0.088,0.088,-0.264,-0.088,0.176,0.088,-50.625,34.541,-0.088,0.264,0.000,0.000,0.439,0.176,0.000,0.000,0.000,0.000,0.000,0.000,0.000,0.000,0.000,0.000,-51.141,34.556,0.000,0.000,0.000,0.000,0.000,0.000,0.006,3.2,11.20,32.0,0.000,0.000,0.000,0.000,0.000,0.000,0.006,0.000,0.006,0.000,0.006,0.000,0.000,0.006,0.000,0.000,0.006,0.000
138.3075,1383,0,move,-1,138.3075,138.3199,0,0.000,-0.088,0.176,-0.176,-0.088,0.088,-0.264,-0.088,0.176,0.088,-50.625,34.541,-0.088,0.264,0.000,0.000,0.439,0.176,0.000,0.000,0.000,0.000,0.000,0.000,0.000,0.000,0.000,0.000,-51.141,34.556,0.000,0.000,0.000,0.000,0.000,0.000,0.013,3.2,11.30,29.0,0.000,0.000,0.006,0.000,0.000,0.000,0.006,0.000,0.006,0.000,0.006,0.000,0.000,0.013,0.000,0.000,0.013,0.006
138.4074,1384,0,move,-1,138.4074,138.4194,0,0.000,-0.088,0.176,-0.176,-0.088,0.088,-0.264,-0.088,0.176,0.088,-50.625,34.541,-0.088,0.264,0.000,0.000,0.439,0.176,0.000,0.000,0.000,0.000,0.000,0.000,0.000,0.000,0.000,0.000,-51.141,34.556,0.000,0.000,0.000,0.000,0.000,0.000,0.013,3.2,11.30,29.0,0.000,0.000,0.006,0.000,0.000,0.000,0.006,0.000,0.006,0.000,0.006,0.000,0.000,0.013,0.000,0.000,0.013,0.006
138.5074,1385,0,move,-1,138.5074,138.5483,0,0.000,-0.088,0.176,-0.176,-0.088,0.088,-0.264,-0.088,0.176,0.088,-50.625,34.541,-0.088,0.264,0.000,0.000,0.439,0.176,0.000,0.000,0.000,0.000,0.000,0.000,0.000,0.000,0.000,0.000,-51.141,34.556,0.000,0.000,0.000,0.000,0.000,0.000,0.013,5.6,11.30,31.0,0.000,0.000,0.000,0.000,0.000,0.000,0.000,0.000,0.000,0.000,0.013,0.000,0.000,0.006,0.000,0.000,0.006,0.000
138.6075,1386,0,move,-1,138.6075,138.6196,0,0.000,-0.088,0.176,-0.176,-0.088,0.088,-0.264,-0.088,0.176,0.088,-50.625,34.541,-0.088,0.264,0.000,0.000,0.439,0.176,0.000,0.000,0.000,0.000,0.000,0.000,0.000,0.000,0.000,0.000,-51.141,34.556,0.000,0.000,0.000,0.000,0.000,0.000,0.013,5.6,11.30,31.0,0.000,0.000,0.000,0.000,0.000,0.000,0.000,0.000,0.000,0.000,0.013,0.000,0.000,0.006,0.000,0.000,0.006,0.000
138.7128,1387,0,move,-1,138.7128,138.7408,0,0.000,-0.088,0.176,-0.176,-0.088,0.088,-0.264,-0.088,0.176,0.088,-50.625,34.541,-0.088,0.264,0.000,0.000,0.439,0.176,0.000,0.000,0.000,0.000,0.000,0.000,0.000,0.000,0.000,0.000,-51.141,34.556,0.000,0.000,0.000,0.000,0.000,0.000,0.013,3.2,11.30,28.0,0.000,0.000,0.006,0.000,0.000,0.000,0.006,0.000,0.000,0.000,0.006,0.000,0.000,0.013,0.000,0.000,0.006,0.000
138.8213,1388,0,move,-1,138.8213,138.8349,0,0.000,-0.088,0.176,-0.176,-0.088,0.088,-0.264,-0.088,0.176,0.088,-50.625,34.541,-0.088,0.264,0.000,0.000,0.439,0.176,0.000,0.000,0.000,0.000,0.000,0.000,0.000,0.000,0.000,0.000,-51.141,34.556,0.000,0.000,0.000,0.000,0.000,0.000,0.013,3.2,11.30,28.0,0.000,0.000,0.006,0.000,0.000,0.000,0.006,0.000,0.000,0.000,0.006,0.000,0.000,0.013,0.000,0.000,0.006,0.000
138.9076,1389,0,move,-1,138.9076,138.9173,0,0.000,-0.088,0.176,-0.176,-0.088,0.088,-0.264,-0.088,0.176,0.088,-50.625,34.541,-0.088,0.264,0.000,0.000,0.439,0.176,0.000,0.000,0.000,0.000,0.000,0.000,0.000,0.000,0.000,0.000,-51.141,34.556,0.000,0.000,0.000,0.000,0.000,0.000,0.013,5.6,11.30,31.0,0.000,0.000,0.000,0.006,0.000,0.000,0.006,0.000,0.000,0.000,0.013,0.000,0.000,0.013,0.000,0.000,0.006,0.000
139.0075,1390,0,move,-1,139.0075,139.0178,0,0.000,-0.088,0.176,-0.176,-0.088,0.088,-0.264,-0.088,0.176,0.088,-50.625,34.541,-0.088,0.264,0.000,0.000,0.439,0.176,0.000,0.000,0.000,0.000,0.000,0.000,0.000,0.000,0.000,0.000,-51.141,34.556,0.000,0.000,0.000,0.000,0.000,0.000,0.013,5.6,11.30,31.0,0.000,0.000,0.000,0.006,0.000,0.000,0.000,0.000,0.000,0.000,0.013,0.000,0.000,0.006,0.000,0.000,0.013,0.000
139.1075,1391,0,move,-1,139.1075,139.1179,0,0.000,-0.088,0.176,-0.176,-0.088,0.088,-0.264,-0.088,0.176,0.088,-50.625,34.541,-0.088,0.264,0.000,0.000,0.439,0.176,0.000,0.000,0.000,0.000,0.000,0.000,0.000,0.000,0.000,0.000,-51.141,34.556,0.000,0.000,0.000,0.000,0.000,0.000,0.013,3.2,11.30,28.0,0.000,0.000,0.000,0.000,0.000,0.000,0.000,0.000,0.000,0.000,0.006,0.000,0.000,0.013,0.000,0.000,0.013,0.000
139.2076,1392,0,move,-1,139.2076,139.2190,0,0.000,-0.088,0.176,-0.176,-0.088,0.088,-0.264,-0.088,0.176,0.088,-50.625,34.541,-0.088,0.264,0.000,0.000,0.439,0.176,0.000,0.000,0.000,0.000,0.000,0.000,0.000,0.000,0.000,0.000,-51.141,34.556,0.000,0.000,0.000,0.000,0.000,0.000,0.013,5.6,11.20,31.0,0.000,0.000,0.000,0.000,0.000,0.000,0.000,0.000,0.000,0.000,0.013,0.000,0.000,0.013,0.000,0.000,0.006,0.000
139.3075,1393,0,move,-1,139.3075,139.3198,0,0.000,-0.088,0.176,-0.176,-0.088,0.088,-0.264,-0.088,0.176,0.088,-50.625,34.541,-0.088,0.264,0.000,0.000,0.439,0.176,0.000,0.000,0.000,0.000,0.000,0.000,0.000,0.000,0.000,0.000,-51.141,34.556,0.000,0.000,0.000,0.000,0.000,0.000,0.013,5.6,11.20,31.0,0.000,0.000,0.000,0.000,0.000,0.000,0.006,0.000,0.006,0.000,0.013,0.000,0.000,0.013,0.000,0.000,0.013,0.000
139.4075,1394,0,move,-1,139.4075,139.4187,0,0.000,-0.088,0.176,-0.176,-0.088,0.088,-0.264,-0.088,0.176,0.088,-50.625,34.541,-0.088,0.264,0.000,0.000,0.439,0.176,0.000,0.000,0.000,0.000,0.000,0.000,0.000,0.000,0.000,0.000,-51.141,34.556,0.000,0.000,0.000,0.000,0.000,0.000,0.013,5.6,11.20,31.0,0.000,0.000,0.000,0.000,0.000,0.000,0.006,0.000,0.006,0.000,0.013,0.000,0.000,0.013,0.000,0.000,0.013,0.000
139.5075,1395,0,move,-1,139.5075,139.5176,0,0.000,-0.088,0.176,-0.176,-0.088,0.088,-0.264,-0.088,0.176,0.088,-50.625,34.541,-0.088,0.264,0.000,0.000,0.439,0.176,0.000,0.000,0.000,0.000,0.000,0.000,0.000,0.000,0.000,0.000,-51.141,34.556,0.000,0.000,0.000,0.000,0.000,0.000,0.013,5.6,11.30,31.0,0.000,0.000,0.000,0.000,0.000,0.000,0.006,0.000,0.000,0.000,0.013,0.000,0.000,0.006,0.000,0.000,0.006,0.000
139.6073,1396,0,move,-1,139.6073,139.6205,0,0.000,-0.088,0.176,-0.176,-0.088,0.088,-0.264,-0.088,0.176,0.088,-50.625,34.541,-0.088,0.264,0.000,0.000,0.439,0.176,0.000,0.000,0.000,0.000,0.000,0.000,0.000,0.000,0.000,0.000,-51.141,34.556,0.000,0.000,0.000,0.000,0.000,0.000,0.013,5.6,11.30,31.0,0.000,0.000,0.000,0.000,0.000,0.000,0.006,0.000,0.000,0.000,0.013,0.000,0.000,0.006,0.000,0.000,0.006,0.000
139.7085,1397,0,move,-1,139.7085,139.7303,0,0.000,-0.088,0.176,-0.176,-0.088,0.088,-0.264,-0.088,0.176,0.088,-50.625,34.541,-0.088,0.264,0.000,0.000,0.439,0.176,0.000,0.000,0.000,0.000,0.000,0.000,0.000,0.000,0.000,0.000,-51.141,34.556,0.000,0.000,0.000,0.000,0.000,0.000,0.013,5.6,11.30,31.0,0.000,0.000,0.000,0.000,0.000,0.000,0.000,0.000,0.000,0.000,0.013,0.000,0.000,0.006,0.000,0.000,0.006,0.000
139.8075,1398,0,move,-1,139.8075,139.8178,0,0.000,-0.088,0.176,-0.176,-0.088,0.088,-0.264,-0.088,0.176,0.088,-50.625,34.541,-0.088,0.264,0.000,0.000,0.439,0.176,0.000,0.000,0.000,0.000,0.000,0.000,0.000,0.000,0.000,0.000,-51.141,34.556,0.000,0.000,0.000,0.000,0.000,0.000,0.013,5.6,11.30,31.0,0.000,0.000,0.000,0.000,0.000,0.000,0.000,0.000,0.000,0.000,0.013,0.000,0.000,0.006,0.000,0.000,0.006,0.000
139.9076,1399,0,move,-1,139.9076,139.9189,0,0.000,-0.088,0.176,-0.176,-0.088,0.088,-0.264,-0.088,0.176,0.088,-50.625,34.541,-0.088,0.264,0.000,0.000,0.439,0.176,0.000,0.000,0.000,0.000,0.000,0.000,0.000,0.000,0.000,0.000,-51.141,34.556,0.000,0.000,0.000,0.000,0.000,0.000,0.013,3.2,11.30,28.0,0.000,0.000,0.000,0.000,0.000,0.000,0.006,0.000,0.000,0.000,0.006,0.000,0.000,0.013,0.000,0.000,0.006,0.006
140.0075,1400,0,move,-1,140.0075,140.0203,0,0.000,-0.088,0.176,-0.176,-0.088,0.088,-0.264,-0.088,0.176,0.088,-50.625,34.541,-0.088,0.264,0.000,0.000,0.439,0.176,0.000,0.000,0.000,0.000,0.000,0.000,0.000,0.000,0.000,0.000,-51.143,34.557,0.000,0.000,0.000,0.000,0.000,0.000,0.013,4.8,11.30,31.0,0.000,0.000,0.000,0.000,0.000,0.000,0.006,0.000,0.000,0.000,0.006,0.000,0.000,0.006,0.000,0.000,0.013,0.000
140.1075,1401,0,move,-1,140.1075,140.1184,0,0.000,-0.088,0.176,-0.176,-0.088,0.088,-0.264,-0.088,0.176,0.088,-50.625,34.541,-0.088,0.264,0.000,0.000,0.439,0.176,0.000,0.000,0.000,0.000,0.000,0.000,0.000,0.000,0.000,0.000,-51.143,34.557,0.000,0.000,0.000,0.000,0.000,0.000,0.013,4.8,11.30,31.0,0.000,0.000,0.000,0.000,0.000,0.000,0.006,0.000,0.000,0.000,0.006,0.000,0.000,0.006,0.000,0.000,0.013,0.000
140.2073,1402,0,move,-1,140.2073,140.2175,0,0.000,-0.088,0.176,-0.176,-0.088,0.088,-0.264,-0.088,0.176,0.088,-50.625,34.541,-0.088,0.264,0.000,0.000,0.439,0.176,0.000,0.000,0.000,0.000,0.000,0.000,0.000,0.000,0.000,0.000,-51.143,34.557,0.000,0.000,0.000,0.000,0.000,0.000,0.013,5.6,11.30,31.0,0.000,0.000,0.000,0.006,0.000,0.000,0.000,0.000,0.000,0.000,0.013,0.000,0.006,0.006,0.000,0.000,0.006,0.000
140.3075,1403,0,move,-1,140.3075,140.3187,0,0.000,-0.088,0.176,-0.176,-0.088,0.088,-0.264,-0.088,0.176,0.088,-50.625,34.541,-0.088,0.264,0.000,0.000,0.439,0.176,0.000,0.000,0.000,0.000,0.000,0.000,0.000,0.000,0.000,0.000,-51.143,34.557,0.000,0.000,0.000,0.000,0.000,0.000,0.006,3.2,11.30,32.0,0.000,,0.000,0.000,0.000,0.000,0.006,0.000,0.006,0.000,0.006,0.000,0.000,0.006,0.000,0.000,0.006,0.006
140.4074,1404,0,move,-1,140.4074,140.4187,0,0.000,-0.088,0.176,-0.176,-0.088,0.088,-0.264,-0.088,0.176,0.088,-50.625,34.541,-0.088,0.264,0.000,0.000,0.439,0.176,0.000,0.000,0.000,0.000,0.000,0.000,0.000,0.000,0.000,0.000,-51.143,34.557,0.000,0.000,0.000,0.000,0.000,0.000,0.006,3.2,11.30,32.0,0.000,,0.000,0.000,0.000,0.000,0.006,0.000,0.006,0.000,0.006,0.000,0.000,0.006,0.000,0.000,0.006,0.006
140.5075,1405,0,move,-1,140.5075,140.5197,0,0.000,-0.088,0.176,-0.176,-0.088,0.088,-0.264,-0.088,0.176,0.088,-50.625,34.541,-0.088,0.264,0.000,0.000,0.439,0.176,0.000,0.000,0.000,0.000,0.000,0.000,0.000,0.000,0.000,0.000,-51.143,34.557,0.000,0.000,0.000,0.000,0.000,0.000,0.006,2.4,11.30,33.0,0.000,0.000,0.006,0.000,0.000,0.000,0.006,0.000,0.000,0.000,0.006,0.000,0.000,0.006,0.000,0.000,0.006,0.000
140.6073,1406,0,move,-1,140.6073,140.6277,0,0.000,-0.088,0.176,-0.176,-0.088,0.088,-0.264,-0.088,0.176,0.088,-50.625,34.541,-0.088,0.264,0.000,0.000,0.439,0.176,0.000,0.000,0.000,0.000,0.000,0.000,0.000,0.000,0.000,0.000,-51.143,34.557,0.000,0.000,0.000,0.000,0.000,0.000,0.006,3.2,11.30,32.0,0.000,0.000,0.000,0.000,0.000,0.000,0.006,0.000,0.000,0.000,0.006,0.000,0.000,0.006,0.000,0.000,0.006,0.000
140.7073,1407,0,move,-1,140.7073,140.7201,0,0.000,-0.088,0.176,-0.176,-0.088,0.088,-0.264,-0.088,0.176,0.088,-50.625,34.541,-0.088,0.264,0.000,0.000,0.439,0.176,0.000,0.000,0.000,0.000,0.000,0.000,0.000,0.000,0.000,0.000,-51.143,34.557,0.000,0.000,0.000,0.000,0.000,0.000,0.006,3.2,11.30,32.0,0.000,0.000,0.000,0.000,0.000,0.000,0.006,0.000,0.000,0.000,0.006,0.000,0.000,0.006,0.000,0.000,0.006,0.000
140.8073,1408,0,move,-1,140.8073,140.8177,0,0.000,-0.088,0.176,-0.176,-0.088,0.088,-0.264,-0.088,0.176,0.088,-50.625,34.541,-0.088,0.264,0.000,0.000,0.439,0.176,0.000,0.000,0.000,0.000,0.000,0.000,0.000,0.000,0.000,0.000,-51.143,34.557,0.000,0.000,0.000,0.000,0.000,0.000,0.006,3.2,11.30,32.0,0.000,0.000,0.000,0.000,0.000,0.000,0.006,0.000,0.000,0.000,0.006,0.000,0.000,0.006,0.000,0.000,0.006,0.006
140.9075,1409,0,move,-1,140.9075,140.9203,0,0.000,-0.088,0.176,-0.176,-0.088,0.088,-0.264,-0.088,0.176,0.088,-50.625,34.541,-0.088,0.264,0.000,0.000,0.439,0.176,0.000,0.000,0.000,0.000,0.000,0.000,0.000,0.000,0.000,0.000,-51.143,34.557,0.000,0.000,0.000,0.000,0.000,0.000,0.006,3.2,11.30,32.0,0.000,0.000,0.000,0.000,0.000,0.000,0.006,0.000,0.000,0.000,0.006,0.000,0.000,0.006,0.000,0.000,0.006,0.000
141.0075,1410,0,move,-1,141.0075,141.0192,0,0.000,-0.088,0.176,-0.176,-0.088,0.088,-0.264,-0.088,0.176,0.088,-50.625,34.541,-0.088,0.264,0.000,0.000,0.439,0.176,0.000,0.000,0.000,0.000,0.000,0.000,0.000,0.000,0.000,0.000,-51.143,34.557,0.000,0.000,0.000,0.000,0.000,0.000,0.006,3.2,11.30,32.0,0.000,0.000,0.000,0.000,0.000,0.000,0.006,0.000,0.000,0.000,0.006,0.000,0.000,0.006,0.000,0.000,0.006,0.000
141.1200,1411,0,move,-1,141.1200,141.1635,0,0.000,-0.088,0.176,-0.176,-0.088,0.088,-0.264,-0.088,0.176,0.088,-50.625,34.541,-0.088,0.264,0.000,0.000,0.439,0.176,0.000,0.000,0.000,0.000,0.000,0.000,0.000,0.000,0.000,0.000,-51.143,34.557,0.000,0.000,0.000,0.000,0.000,0.000,0.013,3.2,11.30,29.0,0.000,0.000,0.006,0.000,0.000,0.000,0.006,0.000,0.000,0.000,0.006,0.000,0.000,0.013,0.000,0.000,0.006,0.006
141.2076,1412,0,move,-1,141.2076,141.2210,0,0.000,-0.088,0.176,-0.176,-0.088,0.088,-0.264,-0.088,0.176,0.088,-50.625,34.541,-0.088,0.264,0.000,0.000,0.439,0.176,0.000,0.000,0.000,0.000,0.000,0.000,0.000,0.000,0.000,0.000,-51.143,34.557,0.000,0.000,0.000,0.000,0.000,0.000,0.013,3.2,11.30,29.0,0.000,0.000,0.006,0.000,0.000,0.000,0.006,0.000,0.000,0.000,0.006,0.000,0.000,0.013,0.000,0.000,0.006,0.006
141.3075,1413,0,move,-1,141.3075,141.3205,0,0.000,-0.088,0.176,-0.176,-0.088,0.088,-0.264,-0.088,0.176,0.088,-50.625,34.541,-0.088,0.264,0.000,0.000,0.439,0.176,0.000,0.000,0.000,0.000,0.000,0.000,0.000,0.000,0.000,0.000,-51.143,34.557,0.000,0.000,0.000,0.000,0.000,0.000,0.013,3.2,11.30,28.0,0.000,0.000,0.000,0.000,0.000,0.000,0.006,0.000,0.006,0.000,0.006,0.000,0.000,0.013,0.000,0.000,0.006,0.000
141.4075,1414,0,move,-1,141.4075,141.4192,0,0.000,-0.088,0.176,-0.176,-0.088,0.088,-0.264,-0.088,0.176,0.088,-50.625,34.541,-0.088,0.264,0.000,0.000,0.439,0.176,0.000,0.000,0.000,0.000,0.000,0.000,0.000,0.000,0.000,0.000,-51.143,34.557,0.000,0.000,0.000,0.000,0.000,0.000,0.013,3.2,11.30,28.0,0.000,0.000,0.000,0.000,0.000,0.000,0.006,0.000,0.006,0.000,0.006,0.000,0.000,0.013,0.000,0.000,0.006,0.000
141.5074,1415,0,move,-1,141.5074,141.5199,0,0.000,-0.088,0.176,-0.176,-0.088,0.088,-0.264,-0.088,0.176,0.088,-50.625,34.541,-0.088,0.264,0.000,0.000,0.439,0.176,0.000,0.000,0.000,0.000,0.000,0.000,0.000,0.000,0.000,0.000,-51.143,34.557,0.000,0.000,0.000,0.000,0.000,0.000,0.013,3.2,11.30,29.0,0.000,0.000,0.000,0.000,0.000,0.000,0.006,0.000,0.000,0.000,0.006,0.000,0.000,0.013,0.000,0.000,0.006,0.000
141.6075,1416,0,move,-1,141.6075,141.6191,0,0.000,-0.088,0.176,-0.176,-0.088,0.088,-0.264,-0.088,0.176,0.088,-50.625,34.541,-0.088,0.264,0.000,0.000,0.439,0.176,0.000,0.000,0.000,0.000,0.000,0.000,0.000,0.000,0.000,0.000,-51.143,34.557,0.000,0.000,0.000,0.000,0.000,0.000,0.013,3.2,11.30,29.0,0.000,0.000,0.000,0.000,0.000,0.000,0.006,0.000,0.000,0.000,0.006,0.000,0.000,0.013,0.000,0.000,0.006,0.000
141.7075,1417,0,move,-1,141.7075,141.7197,0,0.000,-0.088,0.176,-0.176,-0.088,0.088,-0.264,-0.088,0.176,0.088,-50.625,34.541,-0.088,0.264,0.000,0.000,0.439,0.176,0.000,0.000,0.000,0.000,0.000,0.000,0.000,0.000,0.000,0.000,-51.143,34.557,0.000,0.000,0.000,0.000,0.000,0.000,0.006,2.4,11.30,32.0,0.000,0.000,0.000,0.006,0.000,0.000,0.006,0.000,0.006,0.000,0.006,0.000,0.000,0.006,0.000,0.000,0.006,0.000
141.8073,1418,0,move,-1,141.8073,141.8154,0,0.000,-0.088,0.176,-0.176,-0.088,0.088,-0.264,-0.088,0.176,0.088,-50.625,34.541,-0.088,0.264,0.000,0.000,0.439,0.176,0.000,0.000,0.000,0.000,0.000,0.000,0.000,0.000,0.000,0.000,-51.143,34.557,0.000,0.000,0.000,0.000,0.000,0.000,0.006,2.4,11.30,32.0,0.000,0.000,0.000,0.006,0.000,0.000,0.006,0.000,0.006,0.000,0.006,0.000,0.000,0.006,0.000,0.000,0.006,0.000
141.9075,1419,0,move,-1,141.9075,141.9217,0,0.000,-0.088,0.176,-0.176,-0.088,0.088,-0.264,-0.088,0.176,0.088,-50.625,34.541,-0.088,0.264,0.000,0.000,0.439,0.176,0.000,0.000,0.000,0.000,0.000,0.000,0.000,0.000,0.000,0.000,-51.143,34.557,0.000,0.000,0.000,0.000,0.000,0.000,0.013,5.6,11.30,31.0,0.000,0.000,0.000,0.006,0.000,0.000,0.006,0.000,0.006,0.000,0.013,0.000,0.000,0.013,0.000,0.000,0.013,0.000
142.0075,1420,0,move,-1,142.0075,142.0176,0,0.000,-0.088,0.176,-0.176,-0.088,0.088,-0.264,-0.088,0.176,0.088,-50.625,34.541,-0.088,0.264,0.000,0.000,0.439,0.176,0.000,0.000,0.000,0.000,0.000,0.000,0.000,0.000,0.000,0.000,-51.143,34.557,0.000,0.000,0.000,0.000,0.000,0.000,0.013,5.6,11.30,31.0,0.000,0.000,0.000,0.006,0.000,0.000,0.006,0.000,0.006,0.000,0.013,0.000,0.000,0.013,0.000,0.000,0.013,0.000
142.1075,1421,0,move,-1,142.1075,142.1350,0,0.000,-0.088,0.176,-0.176,-0.088,0.088,-0.264,-0.088,0.176,0.088,-50.625,34.541,-0.088,0.264,0.000,0.000,0.439,0.176,0.000,0.000,0.000,0.000,0.000,0.000,0.000,0.000,0.000,0.000,-51.143,34.557,0.000,0.000,0.000,0.000,0.000,0.000,0.006,3.2,11.20,32.0,0.000,0.000,0.000,0.000,,0.000,0.006,0.000,0.000,0.000,0.006,0.000,0.000,0.006,0.000,0.000,0.006,0.000
142.2076,1422,0,move,-1,142.2076,142.2187,0,0.000,-0.088,0.176,-0.176,-0.088,0.088,-0.264,-0.088,0.176,0.088,-50.625,34.541,-0.088,0.264,0.000,0.000,0.439,0.176,0.000,0.000,0.000,0.000,0.000,0.000,0.000,0.000,0.000,0.000,-51.143,34.557,0.000,0.000,0.000,0.000,0.000,0.000,0.006,3.2,11.20,32.0,0.000,0.000,0.000,0.000,,0.000,0.006,0.000,0.000,0.000,0.006,0.000,0.000,0.006,0.000,0.000,0.006,0.000
142.3075,1423,0,move,-1,142.3075,142.3191,0,0.000,-0.088,0.176,-0.176,-0.088,0.088,-0.264,-0.088,0.176,0.088,-50.625,34.541,-0.088,0.264,0.000,0.000,0.439,0.176,0.000,0.000,0.000,0.000,0.000,0.000,0.000,0.000,0.000,0.000,-51.143,34.557,0.000,0.000,0.000,0.000,0.000,0.000,0.013,5.6,11.20,31.0,0.000,0.000,0.000,0.006,0.000,0.000,0.006,0.000,0.000,0.000,0.013,0.000,0.000,0.013,0.000,0.000,0.006,0.000
142.4075,1424,0,move,-1,142.4075,142.4178,0,0.000,-0.088,0.176,-0.176,-0.088,0.088,-0.264,-0.088,0.176,0.088,-50.625,34.541,-0.088,0.264,0.000,0.000,0.439,0.176,0.000,0.000,0.000,0.000,0.000,0.000,0.000,0.000,0.000,0.000,-51.143,34.557,0.000,0.000,0.000,0.000,0.000,0.000,0.013,5.6,11.20,31.0,0.000,0.000,0.000,0.006,0.000,0.000,0.006,0.000,0.000,0.000,0.013,0.000,0.000,0.013,0.000,0.000,0.006,0.000
142.5073,1425,0,move,-1,142.5073,142.5218,0,0.000,-0.088,0.176,-0.176,-0.088,0.088,-0.264,-0.088,0.176,0.088,-50.625,34.541,-0.088,0.264,0.000,0.000,0.439,0.176,0.000,0.000,0.000,0.000,0.000,0.000,0.000,0.000,0.000,0.000,-51.143,34.557,0.000,0.000,0.000,0.000,0.000,0.000,0.006,5.6,11.30,31.0,0.000,0.000,0.000,0.000,0.000,0.000,0.000,0.000,0.000,0.000,0.006,0.000,0.000,0.006,0.000,0.000,0.006,0.006
142.6073,1426,0,move,-1,142.6073,142.6258,0,0.000,-0.088,0.176,-0.176,-0.088,0.088,-0.264,-0.088,0.176,0.088,-50.625,34.541,-0.088,0.264,0.000,0.000,0.439,0.176,0.000,0.000,0.000,0.000,0.000,0.000,0.000,0.000,0.000,0.000,-51.143,34.557,0.000,0.000,0.000,0.000,0.000,0.000,0.013,5.6,11.30,31.0,0.000,0.000,0.000,0.006,0.000,0.000,0.000,0.000,0.006,0.000,0.013,0.000,0.000,0.013,0.000,0.000,0.013,0.000
142.7075,1427,0,move,-1,142.7075,142.7185,0,0.000,-0.088,0.176,-0.176,-0.088,0.088,-0.264,-0.088,0.176,0.088,-50.625,34.541,-0.088,0.264,0.000,0.000,0.439,0.176,0.000,0.000,0.000,0.000,0.000,0.000,0.000,0.000,0.000,0.000,-51.143,34.557,0.000,0.000,0.000,0.000,0.000,0.000,0.013,5.6,11.30,31.0,0.000,0.000,0.000,0.006,0.000,0.000,0.000,0.000,0.006,0.000,0.013,0.000,0.000,0.013,0.000,0.000,0.013,0.000
142.8075,1428,0,move,-1,142.8075,142.8198,0,0.000,-0.088,0.176,-0.176,-0.088,0.088,-0.264,-0.088,0.176,0.088,-50.625,34.541,-0.088,0.264,0.000,0.000,0.439,0.176,0.000,0.000,0.000,0.000,0.000,0.000,0.000,0.000,0.000,0.000,-51.143,34.557,0.000,0.000,0.000,0.000,0.000,0.000,0.013,5.6,11.20,31.0,0.000,0.000,0.006,0.000,0.000,0.000,0.006,0.000,0.006,0.000,0.013,0.000,0.000,0.006,0.000,0.000,0.013,0.000
142.9075,1429,0,move,-1,142.9075,142.9195,0,0.000,-0.088,0.176,-0.176,-0.088,0.088,-0.264,-0.088,0.176,0.088,-50.625,34.541,-0.088,0.264,0.000,0.000,0.439,0.176,0.000,0.000,0.000,0.000,0.000,0.000,0.000,0.000,0.000,0.000,-51.143,34.557,0.000,0.000,0.000,0.000,0.000,0.000,0.013,5.6,11.20,31.0,0.000,0.000,0.006,0.000,0.000,0.000,0.006,0.000,0.006,0.000,0.013,0.000,0.000,0.006,0.000,0.000,0.013,0.000
143.0075,1430,0,move,-1,143.0075,143.0177,0,0.000,-0.088,0.176,-0.176,-0.088,0.088,-0.264,-0.088,0.176,0.088,-50.625,34.541,-0.088,0.264,0.000,0.000,0.439,0.176,0.000,0.000,0.000,0.000,0.000,0.000,0.000,0.000,0.000,0.000,-51.143,34.557,0.000,0.000,0.000,0.000,0.000,0.000,0.013,5.6,11.30,31.0,0.000,0.000,0.006,0.000,0.000,0.000,0.000,0.000,0.000,0.000,0.013,0.000,0.000,0.006,0.000,0.000,0.006,0.006
143.1073,1431,0,move,-1,143.1073,143.1133,0,0.000,-0.088,0.176,-0.176,-0.088,0.088,-0.264,-0.088,0.176,0.088,-50.625,34.541,-0.088,0.264,0.000,0.000,0.439,0.176,0.000,0.000,0.000,0.000,0.000,0.000,0.000,0.000,0.000,0.000,-51.143,34.557,0.000,0.000,0.000,0.000,0.000,0.000,0.013,5.6,11.30,31.0,0.000,0.000,0.006,0.000,0.000,0.000,0.000,0.000,0.000,0.000,0.013,0.000,0.000,0.006,0.000,0.000,0.006,0.006
143.2074,1432,0,move,-1,143.2074,143.2197,0,0.000,-0.088,0.176,-0.176,-0.088,0.088,-0.264,-0.088,0.176,0.088,-50.625,34.541,-0.088,0.264,0.000,0.000,0.439,0.176,0.000,0.000,0.000,0.000,0.000,0.000,0.000,0.000,0.000,0.000,-51.143,34.557,0.000,0.000,0.000,0.000,0.000,0.000,0.013,5.6,11.30,31.0,0.000,0.000,0.006,0.000,0.000,0.000,0.006,0.000,0.000,0.000,0.013,0.000,0.000,0.006,0.000,0.000,0.006,0.000
143.3386,1433,0,move,-1,143.3386,143.4091,0,0.000,-0.088,0.176,-0.176,-0.088,0.088,-0.264,-0.088,0.176,0.088,-50.625,34.541,-0.088,0.264,0.000,0.000,0.439,0.176,0.000,0.000,0.000,0.000,0.000,0.000,0.000,0.000,0.000,0.000,-51.143,34.557,0.000,0.000,0.000,0.000,0.000,0.000,0.013,3.2,11.30,29.0,0.000,0.000,0.000,0.000,0.000,0.000,0.000,0.000,0.006,0.000,0.006,0.000,0.000,0.013,0.000,0.000,0.006,0.006
143.4172,1434,0,move,-1,143.4172,143.4293,0,0.000,-0.088,0.176,-0.176,-0.088,0.088,-0.264,-0.088,0.176,0.088,-50.625,34.541,-0.088,0.264,0.000,0.000,0.439,0.176,0.000,0.000,0.000,0.000,0.000,0.000,0.000,0.000,0.000,0.000,-51.143,34.557,0.000,0.000,0.000,0.000,0.000,0.000,0.013,3.2,11.30,29.0,0.000,0.000,0.000,0.000,0.000,0.000,0.000,0.000,0.006,0.000,0.006,0.000,0.000,0.013,0.000,0.000,0.006,0.006
143.5074,1435,0,move,-1,143.5074,143.5189,0,0.000,-0.088,0.176,-0.176,-0.088,0.088,-0.264,-0.088,0.176,0.088,-50.625,34.541,-0.088,0.264,0.000,0.000,0.439,0.176,0.000,0.000,0.000,0.000,0.000,0.000,0.000,0.000,0.000,0.000,-51.143,34.557,0.000,0.000,0.000,0.000,0.000,0.000,0.013,5.6,11.30,31.0,0.000,0.000,0.000,0.000,0.000,0.000,0.006,0.000,0.000,0.000,0.013,0.000,0.000,0.013,0.000,0.000,0.006,0.000
143.6074,1436,0,move,-1,143.6074,143.6183,0,0.000,-0.088,0.176,-0.176,-0.088,0.088,-0.264,-0.088,0.176,0.088,-50.625,34.541,-0.088,0.264,0.000,0.000,0.439,0.176,0.000,0.000,0.000,0.000,0.000,0.000,0.000,0.000,0.000,0.000,-51.143,34.557,0.000,0.000,0.000,0.000,0.000,0.000,0.013,5.6,11.30,31.0,0.000,0.000,0.000,0.000,0.000,0.000,0.006,0.000,0.000,0.000,0.013,0.000,0.000,0.013,0.000,0.000,0.006,0.000
143.7073,1437,0,move,-1,143.7073,143.7204,0,0.000,-0.088,0.176,-0.176,-0.088,0.088,-0.264,-0.088,0.176,0.088,-50.625,34.541,-0.088,0.264,0.000,0.000,0.439,0.176,0.000,0.000,0.000,0.000,0.000,0.000,0.000,0.000,0.000,0.000,-51.143,34.557,0.000,0.000,0.000,0.000,0.000,0.000,0.006,2.4,11.30,32.0,0.000,0.000,0.000,0.006,0.000,0.000,0.006,0.000,0.000,0.000,0.006,0.000,0.000,0.006,0.000,0.006,0.006,0.000
143.8074,1438,0,move,-1,143.8074,143.8551,0,0.000,-0.088,0.176,-0.176,-0.088,0.088,-0.264,-0.088,0.176,0.088,-50.625,34.541,-0.088,0.264,0.000,0.000,0.439,0.176,0.000,0.000,0.000,0.000,0.000,0.000,0.000,0.000,0.000,0.000,-51.143,34.557,0.000,0.000,0.000,0.000,0.000,0.000,0.006,3.2,11.30,32.0,0.000,0.000,0.000,0.000,0.000,0.000,0.006,0.000,0.000,0.000,0.006,0.000,0.000,0.006,0.000,0.000,0.006,0.006
143.9073,1439,0,move,-1,143.9073,143.9182,0,0.000,-0.088,0.176,-0.176,-0.088,0.088,-0.264,-0.088,0.176,0.088,-50.625,34.541,-0.088,0.264,0.000,0.000,0.439,0.176,0.000,0.000,0.000,0.000,0.000,0.000,0.000,0.000,0.000,0.000,-51.143,34.557,0.000,0.000,0.000,0.000,0.000,0.000,0.006,3.2,11.30,32.0,0.000,0.000,0.000,0.000,0.000,0.000,0.006,0.000,0.000,0.000,0.006,0.000,0.000,0.006,0.000,0.000,0.006,0.006
144.0075,1440,0,move,-1,144.0075,144.0202,0,0.000,-0.088,0.176,-0.176,-0.088,0.088,-0.264,-0.088,0.176,0.088,-50.625,34.541,-0.088,0.264,0.000,0.000,0.439,0.176,0.000,0.000,0.000,0.000,0.000,0.000,0.000,0.000,0.000,0.000,-51.143,34.557,0.000,0.000,0.000,0.000,0.000,0.000,0.006,0.0,11.30,31.0,0.006,0.000,0.000,0.006,0.000,0.000,0.000,0.000,0.000,0.000,0.006,0.000,0.000,0.006,0.000,0.000,0.006,0.006
144.1075,1441,0,move,-1,144.1075,144.1183,0,0.000,-0.088,0.176,-0.176,-0.088,0.088,-0.264,-0.088,0.176,0.088,-50.625,34.541,-0.088,0.264,0.000,0.000,0.439,0.176,0.000,0.000,0.000,0.000,0.000,0.000,0.000,0.000,0.000,0.000,-51.143,34.557,0.000,0.000,0.000,0.000,0.000,0.000,0.006,0.0,11.30,31.0,0.006,0.000,0.000,0.006,0.000,0.000,0.000,0.000,0.000,0.000,0.006,0.000,0.000,0.006,0.000,0.000,0.006,0.006
144.2074,1442,0,move,-1,144.2074,144.2199,0,0.000,-0.088,0.176,-0.176,-0.088,0.088,-0.264,-0.088,0.176,0.088,-50.625,34.541,-0.088,0.264,0.000,0.000,0.439,0.176,0.000,0.000,0.000,0.000,0.000,0.000,0.000,0.000,0.000,0.000,-51.143,34.557,0.000,0.000,0.000,0.000,0.000,0.000,0.006,3.2,11.30,32.0,0.000,0.000,0.000,0.000,0.000,0.000,0.006,0.000,0.006,0.000,0.006,0.000,0.000,0.006,0.000,0.000,0.006,0.000
144.3074,1443,0,move,-1,144.3074,144.3193,0,0.000,-0.088,0.176,-0.176,-0.088,0.088,-0.264,-0.088,0.176,0.088,-50.625,34.541,-0.088,0.264,0.000,0.000,0.439,0.176,0.000,0.000,0.000,0.000,0.000,0.000,0.000,0.000,0.000,0.000,-51.143,34.557,0.000,0.000,0.000,0.000,0.000,0.000,0.006,3.2,11.30,32.0,0.000,0.000,0.000,0.000,0.000,0.000,0.006,0.000,0.006,0.000,0.006,0.000,0.000,0.006,0.000,0.000,0.006,0.000
144.4075,1444,0,move,-1,144.4075,144.4206,0,0.000,-0.088,0.176,-0.176,-0.088,0.088,-0.264,-0.088,0.176,0.088,-50.625,34.541,-0.088,0.264,0.000,0.000,0.439,0.176,0.000,0.000,0.000,0.000,0.000,0.000,0.000,0.000,0.000,0.000,-51.143,34.557,0.000,0.000,0.000,0.000,0.000,0.000,0.013,3.2,11.30,28.0,0.000,0.000,0.000,0.000,0.000,0.000,0.006,0.000,0.000,0.000,0.006,0.000,0.000,0.013,0.000,0.000,0.006,0.000
144.5075,1445,0,move,-1,144.5075,144.5191,0,0.000,-0.088,0.176,-0.176,-0.088,0.088,-0.264,-0.088,0.176,0.088,-50.625,34.541,-0.088,0.264,0.000,0.000,0.439,0.176,0.000,0.000,0.000,0.000,0.000,0.000,0.000,0.000,0.000,0.000,-51.143,34.557,0.000,0.000,0.000,0.000,0.000,0.000,0.013,3.2,11.30,28.0,0.000,0.000,0.000,0.000,0.000,0.000,0.006,0.000,0.000,0.000,0.006,0.000,0.000,0.013,0.000,0.000,0.006,0.000
144.6073,1446,0,move,-1,144.6073,144.6212,0,0.000,-0.088,0.176,-0.176,-0.088,0.088,-0.264,-0.088,0.176,0.088,-50.625,34.541,-0.088,0.264,0.000,0.000,0.439,0.176,0.000,0.000,0.000,0.000,0.000,0.000,0.000,0.000,0.000,0.000,-51.143,34.557,0.000,0.000,0.000,0.000,0.000,0.000,0.013,5.6,11.20,31.0,0.000,0.000,0.000,0.000,0.000,0.000,0.000,0.000,0.000,0.000,0.013,0.000,0.000,0.006,0.000,0.000,0.006,0.006
144.7129,1447,0,move,-1,144.7129,144.7472,0,0.000,-0.088,0.176,-0.176,-0.088,0.088,-0.264,-0.088,0.176,0.088,-50.625,34.541,-0.088,0.264,0.000,0.000,0.439,0.176,0.000,0.000,0.000,0.000,0.000,0.000,0.000,0.000,0.000,0.000,-51.143,34.557,0.000,0.000,0.000,0.000,0.000,0.000,0.013,5.6,11.30,31.0,0.000,0.000,0.000,0.000,0.000,0.000,0.006,0.000,0.006,0.000,0.013,0.000,0.000,0.006,0.000,0.000,0.006,0.000
144.8073,1448,0,move,-1,144.8073,144.8213,0,0.000,-0.088,0.176,-0.176,-0.088,0.088,-0.264,-0.088,0.176,0.088,-50.625,34.541,-0.088,0.264,0.000,0.000,0.439,0.176,0.000,0.000,0.000,0.000,0.000,0.000,0.000,0.000,0.000,0.000,-51.143,34.557,0.000,0.000,0.000,0.000,0.000,0.000,0.013,5.6,11.30,31.0,0.000,0.000,0.000,0.000,0.000,0.000,0.006,0.000,0.006,0.000,0.013,0.000,0.000,0.006,0.000,0.000,0.006,0.000
144.9075,1449,0,move,-1,144.9075,144.9189,0,0.000,-0.088,0.176,-0.176,-0.088,0.088,-0.264,-0.088,0.176,0.088,-50.625,34.541,-0.088,0.264,0.000,0.000,0.439,0.176,0.000,0.000,0.000,0.000,0.000,0.000,0.000,0.000,0.000,0.000,-51.143,34.557,0.000,0.000,0.000,0.000,0.000,0.000,0.000,0.0,11.30,32.0,0.000,0.000,0.000,0.000,0.000,0.000,0.000,0.000,0.000,0.000,0.000,0.000,0.000,0.000,0.000,0.000,0.000,0.000
145.0095,1450,0,move,-1,145.0095,145.0431,0,0.000,-0.088,0.176,-0.176,-0.088,0.088,-0.264,-0.088,0.176,0.088,-50.625,34.541,-0.088,0.264,0.000,0.000,0.439,0.176,0.000,0.000,0.000,0.000,0.000,0.000,0.000,0.000,0.000,0.000,-51.143,34.557,0.000,0.000,0.000,0.000,0.000,0.000,0.013,4.8,11.30,31.0,0.000,0.000,0.006,0.000,0.000,0.000,0.000,0.000,0.000,0.000,0.006,0.000,0.000,0.006,0.000,0.000,0.013,0.000
145.1129,1451,0,move,-1,145.1129,145.1252,0,0.000,-0.088,0.176,-0.176,-0.088,0.088,-0.264,-0.088,0.176,0.088,-50.625,34.541,-0.088,0.264,0.000,0.000,0.439,0.176,0.000,0.000,0.000,0.000,0.000,0.000,0.000,0.000,0.000,0.000,-51.143,34.557,0.000,0.000,0.000,0.000,0.000,0.000,0.013,4.8,11.30,31.0,0.000,0.000,0.006,0.000,0.000,0.000,0.000,0.000,0.000,0.000,0.006,0.000,0.000,0.006,0.000,0.000,0.013,0.000
145.2074,1452,0,move,-1,145.2074,145.2198,0,0.000,-0.088,0.176,-0.176,-0.088,0.088,-0.264,-0.088,0.176,0.088,-50.625,34.541,-0.088,0.264,0.000,0.000,0.439,0.176,0.000,0.000,0.000,0.000,0.000,0.000,0.000,0.000,0.000,0.000,-51.143,34.557,0.000,0.000,0.000,0.000,0.000,0.000,0.013,5.6,11.30,31.0,0.000,0.000,0.000,0.000,0.000,0.000,0.000,0.000,0.000,0.000,0.013,0.000,0.000,0.006,0.000,0.000,0.006,0.000
145.3075,1453,0,move,-1,145.3075,145.3252,0,0.000,-0.088,0.176,-0.176,-0.088,0.088,-0.264,-0.088,0.176,0.088,-50.625,34.541,-0.088,0.264,0.000,0.000,0.439,0.176,0.000,0.000,0.000,0.000,0.000,0.000,0.000,0.000,0.000,0.000,-51.143,34.557,0.000,0.000,0.000,0.000,0.000,0.000,0.013,3.2,11.30,28.0,0.000,0.000,0.000,0.006,0.000,0.000,0.006,0.000,0.000,0.000,0.006,0.000,0.000,0.013,0.000,0.000,0.013,0.006
145.4075,1454,0,move,-1,145.4075,145.4176,0,0.000,-0.088,0.176,-0.176,-0.088,0.088,-0.264,-0.088,0.176,0.088,-50.625,34.541,-0.088,0.264,0.000,0.000,0.439,0.176,0.000,0.000,0.000,0.000,0.000,0.000,0.000,0.000,0.000,0.000,-51.143,34.557,0.000,0.000,0.000,0.000,0.000,0.000,0.013,3.2,11.30,28.0,0.000,0.000,0.000,0.006,0.000,0.000,0.006,0.000,0.000,0.000,0.006,0.000,0.000,0.013,0.000,0.000,0.013,0.006
145.5073,1455,0,move,-1,145.5073,145.5126,0,0.000,-0.088,0.176,-0.176,-0.088,0.088,-0.264,-0.088,0.176,0.088,-50.625,34.541,-0.088,0.264,0.000,0.000,0.439,0.176,0.000,0.000,0.000,0.000,0.000,0.000,0.000,0.000,0.000,0.000,-51.143,34.557,0.000,0.000,0.000,0.000,0.000,0.000,0.013,4.8,11.30,31.0,0.000,,0.000,0.000,0.000,0.000,0.006,0.000,0.000,0.000,0.006,0.000,0.000,0.006,0.000,0.000,0.013,0.000
145.6075,1456,0,move,-1,145.6075,145.6184,0,0.000,-0.088,0.176,-0.176,-0.088,0.088,-0.264,-0.088,0.176,0.088,-50.625,34.541,-0.088,0.264,0.000,0.000,0.439,0.176,0.000,0.000,0.000,0.000,0.000,0.000,0.000,0.000,0.000,0.000,-51.143,34.557,0.000,0.000,0.000,0.000,0.000,0.000,0.006,2.4,11.30,32.0,0.000,0.000,0.000,0.006,0.000,0.000,0.006,0.000,0.000,0.000,0.006,0.000,0.000,0.006,0.000,0.000,0.006,0.000
145.7075,1457,0,move,-1,145.7075,145.7217,0,0.000,-0.088,0.176,-0.176,-0.088,0.088,-0.264,-0.088,0.176,0.088,-50.625,34.541,-0.088,0.264,0.000,0.000,0.439,0.176,0.000,0.000,0.000,0.000,0.000,0.000,0.000,0.000,0.000,0.000,-51.143,34.557,0.000,0.000,0.000,0.000,0.000,0.000,0.013,5.6,11.30,31.0,0.000,0.000,0.000,0.000,0.000,0.000,0.006,0.000,0.000,0.000,0.013,0.000,0.000,0.006,0.000,0.000,0.006,0.000
145.8075,1458,0,move,-1,145.8075,145.8195,0,0.000,-0.088,0.176,-0.176,-0.088,0.088,-0.264,-0.088,0.176,0.088,-50.625,34.541,-0.088,0.264,0.000,0.000,0.439,0.176,0.000,0.000,0.000,0.000,0.000,0.000,0.000,0.000,0.000,0.000,-51.143,34.557,0.000,0.000,0.000,0.000,0.000,0.000,0.013,5.6,11.30,31.0,0.000,0.000,0.000,0.000,0.000,0.000,0.006,0.000,0.000,0.000,0.013,0.000,0.000,0.006,0.000,0.000,0.006,0.000
145.9075,1459,0,move,-1,145.9075,145.9206,0,0.000,-0.088,0.176,-0.176,-0.088,0.088,-0.264,-0.088,0.176,0.088,-50.625,34.541,-0.088,0.264,0.000,0.000,0.439,0.176,0.000,0.000,0.000,0.000,0.000,0.000,0.000,0.000,0.000,0.000,-51.143,34.557,0.000,0.000,0.000,0.000,0.000,0.000,0.006,3.2,11.30,32.0,0.000,0.000,0.000,0.000,0.000,0.000,0.006,0.000,0.000,0.000,0.006,0.000,0.000,0.006,0.000,0.000,0.006,0.000
146.0073,1460,0,move,-1,146.0073,146.0256,0,0.000,-0.088,0.176,-0.176,-0.088,0.088,-0.264,-0.088,0.176,0.088,-50.625,34.541,-0.088,0.264,0.000,0.000,0.439,0.176,0.000,0.000,0.000,0.000,0.000,0.000,0.000,0.000,0.000,0.000,-51.143,34.557,0.000,0.000,0.000,0.000,0.000,0.000,0.006,2.4,11.30,32.0,0.000,0.000,0.000,0.006,0.000,0.000,0.006,0.000,0.000,0.000,0.006,0.000,0.000,0.006,0.000,0.000,0.006,0.000
146.1073,1461,0,move,-1,146.1073,146.1183,0,0.000,-0.088,0.176,-0.176,-0.088,0.088,-0.264,-0.088,0.176,0.088,-50.625,34.541,-0.088,0.264,0.000,0.000,0.439,0.176,0.000,0.000,0.000,0.000,0.000,0.000,0.000,0.000,0.000,0.000,-51.143,34.557,0.000,0.000,0.000,0.000,0.000,0.000,0.006,2.4,11.30,32.0,0.000,0.000,0.000,0.006,0.000,0.000,0.006,0.000,0.000,0.000,0.006,0.000,0.000,0.006,0.000,0.000,0.006,0.000
146.2079,1462,0,move,-1,146.2079,146.2299,0,0.000,-0.088,0.176,-0.176,-0.088,0.088,-0.264,-0.088,0.176,0.088,-50.625,34.541,-0.088,0.264,0.000,0.000,0.439,0.176,0.000,0.000,0.000,0.000,0.000,0.000,0.000,0.000,0.000,0.000,-51.143,34.557,0.000,0.000,0.000,0.000,0.000,0.000,0.013,5.6,11.20,31.0,0.000,0.000,0.000,0.006,0.000,0.000,0.000,0.000,0.000,0.000,0.013,0.000,0.000,0.013,0.000,0.000,0.006,0.000
146.3075,1463,0,move,-1,146.3075,146.3199,0,0.000,-0.088,0.176,-0.176,-0.088,0.088,-0.264,-0.088,0.176,0.088,-50.625,34.541,-0.088,0.264,0.000,0.000,0.439,0.176,0.000,0.000,0.000,0.000,0.000,0.000,0.000,0.000,0.000,0.000,-51.143,34.557,0.000,0.000,0.000,0.000,0.000,0.000,0.013,5.6,11.20,31.0,0.000,0.000,0.000,0.006,0.000,0.000,0.000,0.000,0.000,0.000,0.013,0.000,0.000,0.013,0.000,0.000,0.006,0.000
146.4079,1464,0,move,-1,146.4079,146.4219,0,0.000,-0.088,0.176,-0.176,-0.088,0.088,-0.264,-0.088,0.176,0.088,-50.625,34.541,-0.088,0.264,0.000,0.000,0.439,0.176,0.000,0.000,0.000,0.000,0.000,0.000,0.000,0.000,0.000,0.000,-51.143,34.557,0.000,0.000,0.000,0.000,0.000,0.000,0.013,5.6,11.30,31.0,0.000,0.000,0.000,0.000,0.000,0.000,0.006,0.000,0.000,0.000,0.013,0.000,0.000,0.013,0.000,0.000,0.013,0.006
146.5074,1465,0,move,-1,146.5074,146.5289,0,0.000,-0.088,0.176,-0.176,-0.088,0.088,-0.264,-0.088,0.176,0.088,-50.625,34.541,-0.088,0.264,0.000,0.000,0.439,0.176,0.000,0.000,0.000,0.000,0.000,0.000,0.000,0.000,0.000,0.000,-51.143,34.557,0.000,0.000,0.000,0.000,0.000,0.000,0.013,5.6,11.20,31.0,0.000,0.000,0.000,0.000,0.000,0.000,0.006,0.000,0.000,0.000,0.013,0.000,0.000,0.013,0.000,0.000,0.006,0.006
146.6074,1466,0,move,-1,146.6074,146.6170,0,0.000,-0.088,0.176,-0.176,-0.088,0.088,-0.264,-0.088,0.176,0.088,-50.625,34.541,-0.088,0.264,0.000,0.000,0.439,0.176,0.000,0.000,0.000,0.000,0.000,0.000,0.000,0.000,0.000,0.000,-51.143,34.557,0.000,0.000,0.000,0.000,0.000,0.000,0.013,5.6,11.20,31.0,0.000,0.000,0.000,0.000,0.000,0.000,0.006,0.000,0.000,0.000,0.013,0.000,0.000,0.013,0.000,0.000,0.006,0.006
146.7076,1467,0,move,-1,146.7076,146.7212,0,0.000,-0.088,0.176,-0.176,-0.088,0.088,-0.264,-0.088,0.176,0.088,-50.625,34.541,-0.088,0.264,0.000,0.000,0.439,0.176,0.000,0.000,0.000,0.000,0.000,0.000,0.000,0.000,0.000,0.000,-51.143,34.557,0.000,0.000,0.000,0.000,0.000,0.000,0.013,5.6,11.30,31.0,0.000,0.000,0.000,0.006,0.000,0.000,0.000,0.000,0.000,0.000,0.013,0.000,0.000,0.006,0.000,0.000,0.006,0.006
146.8075,1468,0,move,-1,146.8075,146.8177,0,0.000,-0.088,0.176,-0.176,-0.088,0.088,-0.264,-0.088,0.176,0.088,-50.625,34.541,-0.088,0.264,0.000,0.000,0.439,0.176,0.000,0.000,0.000,0.000,0.000,0.000,0.000,0.000,0.000,0.000,-51.143,34.557,0.000,0.000,0.000,0.000,0.000,0.000,0.013,5.6,11.30,31.0,0.000,0.000,0.000,0.006,0.000,0.000,0.000,0.000,0.000,0.000,0.013,0.000,0.000,0.006,0.000,0.000,0.006,0.006
146.9073,1469,0,move,-1,146.9073,146.9177,0,0.000,-0.088,0.176,-0.176,-0.088,0.088,-0.264,-0.088,0.176,0.088,-50.625,34.541,-0.088,0.264,0.000,0.000,0.439,0.176,0.000,0.000,0.000,0.000,0.000,0.000,0.000,0.000,0.000,0.000,-51.143,34.557,0.000,0.000,0.000,0.000,0.000,0.000,0.013,5.6,11.20,31.0,0.000,0.000,0.006,0.006,0.000,0.000,0.006,0.000,0.006,0.000,0.013,0.000,0.000,0.013,0.000,0.000,0.006,0.000
147.0073,1470,0,move,-1,147.0073,147.0130,0,0.000,-0.088,0.176,-0.176,-0.088,0.088,-0.264,-0.088,0.176,0.088,-50.625,34.541,-0.088,0.264,0.000,0.000,0.439,0.176,0.000,0.000,0.000,0.000,0.000,0.000,0.000,0.000,0.000,0.000,-51.143,34.557,0.000,0.000,0.000,0.000,0.000,0.000,0.013,5.6,11.20,31.0,0.000,0.000,0.006,0.006,0.000,0.000,0.006,0.000,0.006,0.000,0.013,0.000,0.000,0.013,0.000,0.000,0.006,0.000
147.1075,1471,0,move,-1,147.1075,147.1191,0,0.000,-0.088,0.176,-0.176,-0.088,0.088,-0.264,-0.088,0.176,0.088,-50.625,34.541,-0.088,0.264,0.000,0.000,0.439,0.176,0.000,0.000,0.000,0.000,0.000,0.000,0.000,0.000,0.000,0.000,-51.143,34.557,0.000,0.000,0.000,0.000,0.000,0.000,0.013,5.6,11.30,31.0,0.000,0.000,0.006,0.000,0.000,0.000,0.006,0.000,0.000,0.000,0.013,0.000,0.000,0.006,0.000,0.000,0.006,0.000
147.2075,1472,0,move,-1,147.2075,147.2203,0,0.000,-0.088,0.176,-0.176,-0.088,0.088,-0.264,-0.088,0.176,0.088,-50.625,34.541,-0.088,0.264,0.000,0.000,0.439,0.176,0.000,0.000,0.000,0.000,0.000,0.000,0.000,0.000,0.000,0.000,-51.143,34.557,0.000,0.000,0.000,0.000,0.000,0.000,0.013,5.6,11.30,31.0,0.000,0.000,0.000,0.000,0.000,0.000,0.006,0.000,0.006,0.000,0.013,0.000,0.000,0.006,0.000,0.000,0.006,0.006
147.3078,1473,0,move,-1,147.3078,147.3350,0,0.000,-0.088,0.176,-0.176,-0.088,0.088,-0.264,-0.088,0.176,0.088,-50.625,34.541,-0.088,0.264,0.000,0.000,0.439,0.176,0.000,0.000,0.000,0.000,0.000,0.000,0.000,0.000,0.000,0.000,-51.143,34.557,0.000,0.000,0.000,0.000,0.000,0.000,0.013,5.2,11.30,31.0,0.000,0.000,0.006,0.006,0.000,0.000,0.006,0.000,0.000,0.000,0.013,0.000,0.000,0.006,0.000,0.000,0.006,0.000
147.4075,1474,0,move,-1,147.4075,147.4186,0,0.000,-0.088,0.176,-0.176,-0.088,0.088,-0.264,-0.088,0.176,0.088,-50.625,34.541,-0.088,0.264,0.000,0.000,0.439,0.176,0.000,0.000,0.000,0.000,0.000,0.000,0.000,0.000,0.000,0.000,-51.143,34.557,0.000,0.000,0.000,0.000,0.000,0.000,0.013,5.2,11.30,31.0,0.000,0.000,0.006,0.006,0.000,0.000,0.006,0.000,0.000,0.000,0.013,0.000,0.000,0.006,0.000,0.000,0.006,0.000
147.5075,1475,0,move,-1,147.5075,147.5189,0,0.000,-0.088,0.176,-0.176,-0.088,0.088,-0.264,-0.088,0.176,0.088,-50.625,34.541,-0.088,0.264,0.000,0.000,0.439,0.176,0.000,0.000,0.000,0.000,0.000,0.000,0.000,0.000,0.000,0.000,-51.143,34.557,0.000,0.000,0.000,0.000,0.000,0.000,0.006,3.2,11.30,32.0,0.000,0.000,0.000,0.000,0.000,0.000,0.006,0.000,0.000,0.000,0.006,0.000,0.000,0.006,0.000,0.000,0.006,0.000
147.6073,1476,0,move,-1,147.6073,147.6176,0,0.000,-0.088,0.176,-0.176,-0.088,0.088,-0.264,-0.088,0.176,0.088,-50.625,34.541,-0.088,0.264,0.000,0.000,0.439,0.176,0.000,0.000,0.000,0.000,0.000,0.000,0.000,0.000,0.000,0.000,-51.143,34.557,0.000,0.000,0.000,0.000,0.000,0.000,0.006,3.2,11.30,32.0,0.000,0.000,0.000,0.000,0.000,0.000,0.006,0.000,0.000,0.000,0.006,0.000,0.000,0.006,0.000,0.000,0.006,0.000
147.7075,1477,0,move,-1,147.7075,147.7192,0,0.000,-0.088,0.176,-0.176,-0.088,0.088,-0.264,-0.088,0.176,0.088,-50.625,34.541,-0.088,0.264,0.000,0.000,0.439,0.176,0.000,0.000,0.000,0.000,0.000,0.000,0.000,0.000,0.000,0.000,-51.143,34.557,0.000,0.000,0.000,0.000,0.000,0.000,0.013,5.6,11.30,31.0,0.000,0.000,0.000,0.006,0.000,0.000,0.000,0.000,0.006,0.000,0.013,0.000,0.000,0.006,0.000,0.000,0.006,0.000
147.8073,1478,0,move,-1,147.8073,147.8211,0,0.000,-0.088,0.176,-0.176,-0.088,0.088,-0.264,-0.088,0.176,0.088,-50.625,34.541,-0.088,0.264,0.000,0.000,0.439,0.176,0.000,0.000,0.000,0.000,0.000,0.000,0.000,0.000,0.000,0.000,-51.143,34.557,0.000,0.000,0.000,0.000,0.000,0.000,0.006,5.6,11.30,31.0,0.000,0.000,0.000,0.000,0.000,0.000,0.000,0.000,0.000,0.000,0.006,0.000,0.000,0.006,0.000,0.000,0.006,0.006
147.9074,1479,0,move,-1,147.9074,147.9306,0,0.000,-0.088,0.176,-0.176,-0.088,0.088,-0.264,-0.088,0.176,0.088,-50.625,34.541,-0.088,0.264,0.000,0.000,0.439,0.176,0.000,0.000,0.000,0.000,0.000,0.000,0.000,0.000,0.000,0.000,-51.143,34.557,0.000,0.000,0.000,0.000,0.000,0.000,0.013,3.2,11.30,29.0,0.000,0.000,0.000,0.006,0.000,0.000,0.006,0.000,0.000,0.000,0.006,0.000,0.000,0.013,0.000,0.000,0.006,0.006
148.0075,1480,0,move,-1,148.0075,148.0217,0,0.000,-0.088,0.176,-0.176,-0.088,0.088,-0.264,-0.088,0.176,0.088,-50.625,34.541,-0.088,0.264,0.000,0.000,0.439,0.176,0.000,0.000,0.000,0.000,0.000,0.000,0.000,0.000,0.000,0.000,-51.087,34.527,0.000,0.000,0.000,0.000,0.000,0.000,0.013,3.2,11.30,29.0,0.000,0.000,0.000,0.006,0.000,0.000,0.006,0.000,0.000,0.000,0.006,0.000,0.000,0.013,0.000,0.000,0.006,0.006
148.1075,1481,0,move,-1,148.1075,148.1192,0,0.000,-0.088,0.176,-0.176,-0.088,0.088,-0.264,-0.088,0.176,0.088,-50.625,34.541,-0.088,0.264,0.000,0.000,0.439,0.176,0.000,0.000,0.000,0.000,0.000,0.000,0.000,0.000,0.000,0.000,-50.920,34.437,0.000,0.000,0.000,0.000,0.000,0.000,0.013,5.6,11.20,31.0,0.000,0.000,0.000,0.000,0.000,0.000,0.000,0.000,0.006,0.000,0.013,0.000,0.000,0.006,0.000,0.000,0.006,0.006
148.2073,1482,0,move,-1,148.2073,148.2185,0,0.000,-0.088,0.176,-0.176,-0.088,0.088,-0.264,-0.088,0.176,0.088,-50.625,34.541,-0.088,0.264,0.000,0.000,0.439,0.176,0.000,0.000,0.000,0.000,0.000,0.000,0.000,0.000,0.000,0.000,-50.644,34.286,0.000,0.000,0.000,0.000,0.000,0.000,0.013,5.6,11.20,31.0,0.000,0.000,0.000,0.000,0.000,0.000,0.000,0.000,0.006,0.000,0.013,0.000,0.000,0.006,0.000,0.000,0.006,0.006
148.3075,1483,0,move,-1,148.3075,148.3167,0,0.000,-0.088,0.176,-0.176,-0.088,0.088,-0.264,-0.088,0.176,0.088,-50.625,34.277,-0.088,0.264,0.000,0.000,0.439,0.176,0.000,0.000,0.000,0.000,0.000,0.000,0.000,0.000,0.000,0.000,-50.260,34.076,0.000,0.000,0.000,0.000,0.000,0.000,0.013,4.8,11.30,31.0,0.000,0.000,0.000,0.006,0.000,0.000,0.000,0.000,0.000,0.000,0.000,0.000,0.000,0.006,0.000,0.000,0.013,0.006
148.4075,1484,0,move,-1,148.4075,148.4187,0,0.000,-0.088,0.176,-0.176,-0.088,0.088,-0.264,-0.088,0.176,0.088,-50.449,34.102,-0.088,0.264,0.000,0.000,0.439,0.176,0.000,0.000,0.000,0.000,0.000,0.000,0.000,0.000,0.000,0.000,-49.769,33.806,0.000,0.000,0.000,0.000,0.000,0.000,0.006,2.4,11.30,32.0,0.000,0.000,0.000,0.006,0.000,0.000,0.006,0.000,0.006,0.000,0.000,0.006,0.000,0.006,0.000,0.000,0.006,0.000
148.5075,1485,0,move,-1,148.5075,148.5177,0,0.000,-0.088,0.176,-0.176,-0.088,0.088,-0.264,-0.088,0.176,0.088,-50.010,33.926,-0.088,0.264,0.000,0.000,0.439,0.176,0.000,0.000,0.000,0.000,0.000,0.000,0.000,0.000,0.000,0.000,-49.176,33.476,0.000,0.000,0.000,0.000,0.000,0.000,0.006,2.4,11.30,32.0,0.000,0.000,0.000,0.006,0.000,0.000,0.006,0.000,0.006,0.000,0.000,0.006,0.000,0.006,0.000,0.000,0.006,0.000
148.6075,1486,0,move,-1,148.6075,148.6183,0,0.000,-0.088,0.176,-0.176,-0.088,0.088,-0.264,-0.088,0.176,0.088,-49.570,33.486,-0.088,0.264,0.000,0.000,0.439,0.176,0.000,0.000,0.000,0.000,0.000,0.000,0.000,0.000,0.000,0.000,-48.483,33.087,0.000,0.000,0.000,0.000,0.000,0.000,0.013,3.2,11.30,29.0,0.000,0.000,0.000,0.006,0.000,0.000,0.000,0.000,0.000,0.000,0.006,0.006,0.000,0.013,0.000,0.006,0.006,0.006
148.7075,1487,0,move,-1,148.7075,148.7203,0,0.000,-0.088,0.176,-0.176,-0.088,0.088,-0.264,-0.088,0.176,0.088,-48.955,33.135,-0.088,0.264,0.000,0.000,0.439,0.176,0.000,0.000,0.000,0.000,0.000,0.000,0.000,0.000,0.000,0.000,-47.696,32.641,0.000,0.000,0.000,0.000,0.000,0.000,0.013,3.2,11.30,29.0,0.000,0.000,0.000,0.000,0.000,0.000,0.006,0.000,0.006,0.000,0.000,0.000,0.000,0.013,0.000,0.000,0.013,0.006
148.8075,1488,0,move,-1,148.8075,148.8182,0,0.000,-0.088,0.176,-0.176,-0.088,0.088,-0.264,-0.088,0.176,0.088,-48.252,32.695,-0.088,0.264,0.000,0.000,0.439,0.176,0.000,0.000,0.000,0.000,0.000,0.000,0.000,0.000,0.000,0.000,-46.816,32.136,0.000,0.000,0.000,0.000,0.000,0.000,0.013,3.2,11.30,29.0,0.000,0.000,0.000,0.000,0.000,0.000,0.006,0.000,0.006,0.000,0.000,0.000,0.000,0.013,0.000,0.000,0.013,0.006
148.9075,1489,0,move,-1,148.9075,148.9192,0,0.000,-0.088,0.176,-0.176,-0.088,0.088,-0.264,-0.088,0.176,0.088,-47.461,32.168,-0.088,0.264,0.000,0.000,0.439,0.176,0.000,0.000,0.000,0.000,0.000,0.000,0.000,0.000,0.000,0.000,-45.851,31.576,0.000,0.000,0.000,0.000,0.000,0.000,0.013,2.4,11.30,29.0,0.000,0.000,0.000,0.006,0.000,0.000,0.006,0.000,0.000,0.000,0.000,0.013,0.000,0.006,0.000,0.000,0.006,0.000
149.0075,1490,0,move,-1,149.0075,149.0182,0,0.000,-0.088,0.176,-0.176,-0.088,0.088,-0.264,-0.088,0.176,0.088,-46.670,31.641,-0.088,0.264,0.000,0.000,0.439,0.176,0.000,0.000,0.000,0.000,0.000,0.000,0.000,0.000,0.000,0.000,-44.803,30.959,0.000,0.000,0.000,0.000,0.000,0.000,0.013,2.4,11.30,29.0,0.000,0.000,0.000,0.006,0.000,0.000,0.006,0.000,0.000,0.000,0.000,0.013,0.000,0.006,0.000,0.000,0.006,0.000
149.1073,1491,0,move,-1,149.1073,149.1181,0,0.000,-0.088,0.176,-0.176,-0.088,0.088,-0.264,-0.088,0.176,0.088,-45.791,31.025,-0.088,0.264,0.000,0.000,0.439,0.176,0.000,0.000,0.000,0.000,0.000,0.000,0.000,0.000,0.000,0.000,-43.680,30.289,0.000,0.000,0.000,0.000,0.000,0.000,0.013,3.2,11.30,29.0,0.000,0.000,0.000,0.000,0.000,0.000,0.006,0.000,0.000,0.000,0.000,0.006,0.006,0.013,0.000,0.000,0.006,0.006
149.2075,1492,0,move,-1,149.2075,149.2178,0,0.000,-0.088,0.176,-0.176,-0.088,0.088,-0.264,-0.088,0.176,0.088,-44.736,30.498,-0.088,0.264,0.000,0.000,0.439,0.176,0.000,0.000,0.000,0.000,0.000,0.000,0.000,0.000,0.000,0.000,-42.487,29.567,0.000,0.000,0.000,0.000,0.000,0.000,0.013,3.2,11.30,29.0,0.000,0.000,0.000,0.000,0.000,0.000,0.006,0.000,0.000,0.000,0.000,0.006,0.006,0.013,0.000,0.000,0.006,0.006
149.3073,1493,0,move,-1,149.3073,149.3192,0,0.000,-0.088,0.176,-0.176,-0.088,0.088,-0.264,-0.088,0.176,0.088,-43.506,29.795,-0.088,0.264,0.000,0.000,0.439,0.176,0.000,0.000,0.000,0.000,0.000,0.000,0.000,0.000,0.000,0.000,-41.228,28.795,0.000,0.000,0.000,0.000,0.000,0.000,0.013,3.2,11.30,29.0,0.000,0.000,0.006,0.006,0.000,0.000,0.006,0.000,0.000,0.000,0.006,0.006,0.000,0.013,0.000,0.000,0.006,0.000
149.4073,1494,0,move,-1,149.4073,149.4177,0,0.000,-0.088,0.176,-0.176,-0.088,0.088,-0.264,-0.088,0.176,0.088,-42.275,29.004,-0.088,0.264,0.000,0.000,0.439,0.176,0.000,0.000,0.000,0.000,0.000,0.000,0.000,0.000,0.000,0.000,-39.910,27.976,0.000,0.000,0.000,0.000,0.000,0.000,0.013,3.2,11.30,29.0,0.000,0.000,0.006,0.006,0.000,0.000,0.006,0.000,0.000,0.000,0.006,0.006,0.000,0.013,0.000,0.000,0.006,0.000
149.5185,1495,0,move,-1,149.5185,149.5598,0,0.000,-0.088,0.176,-0.176,-0.088,0.088,-0.264,-0.088,0.176,0.088,-40.518,28.213,-0.088,0.264,0.000,0.000,0.439,0.176,0.000,0.000,0.000,0.000,0.000,0.000,0.000,0.000,0.000,0.000,-38.538,27.112,0.000,0.000,0.000,0.000,0.000,0.000,0.006,2.4,11.30,32.0,0.000,0.000,0.000,0.006,0.000,0.000,0.000,0.000,0.000,0.000,0.006,0.000,0.000,0.006,0.000,0.000,0.006,0.006
149.6074,1496,0,move,-1,149.6074,149.6226,0,0.000,-0.088,0.176,-0.176,-0.088,0.088,-0.264,-0.088,0.176,0.088,-39.814,27.510,-0.088,0.264,0.000,0.000,0.439,0.176,0.000,0.000,0.000,0.000,0.000,0.000,0.000,0.000,0.000,0.000,-37.119,26.207,0.000,0.000,0.000,0.000,0.000,0.000,0.006,2.4,11.30,32.0,0.000,0.000,0.000,0.006,0.000,0.000,0.000,0.000,0.000,0.000,0.006,0.000,0.000,0.006,0.000,0.000,0.006,0.006
149.7073,1497,0,move,-1,149.7073,149.7195,0,0.000,-0.088,0.176,-0.176,-0.088,0.088,-0.264,-0.088,0.176,0.088,-38.496,26.543,-0.088,0.264,0.000,0.000,0.439,0.176,0.000,0.000,0.000,0.000,0.000,0.000,0.000,0.000,0.000,0.000,-35.658,25.263,0.000,0.000,0.000,0.000,0.000,0.000,0.006,2.4,11.30,33.0,0.000,0.000,0.006,0.006,0.000,0.000,0.000,0.000,0.000,0.000,0.000,0.000,0.000,0.006,0.000,0.000,0.006,0.000
149.8075,1498,0,move,-1,149.8075,149.8182,0,0.000,-0.088,0.176,-0.176,-0.088,0.088,-0.264,-0.088,0.176,0.088,-37.090,25.664,-0.088,0.264,0.000,0.000,0.439,0.176,0.000,0.000,0.000,0.000,0.000,0.000,0.000,0.000,0.000,0.000,-34.162,24.285,0.000,0.000,0.000,0.000,0.000,0.000,0.006,2.4,11.30,33.0,0.000,0.000,0.006,0.006,0.000,0.000,0.000,0.000,0.000,0.000,0.000,0.000,0.000,0.006,0.000,0.000,0.006,0.000
149.9073,1499,0,move,-1,149.9073,149.9137,0,0.000,-0.088,0.176,-0.176,-0.088,0.088,-0.264,-0.088,0.176,0.088,-36.123,24.961,-0.088,0.264,0.000,0.000,0.439,0.176,0.000,0.000,0.000,0.000,0.000,0.000,0.000,0.000,0.000,0.000,-32.637,23.276,0.000,0.000,0.000,0.000,0.000,0.000,0.006,5.6,11.30,31.0,0.000,0.000,0.000,0.000,0.000,0.000,0.000,0.000,0.000,0.000,0.006,0.006,0.000,0.006,0.000,0.000,0.006,0.006
150.0073,1500,0,move,-1,150.0073,150.0176,0,0.000,-0.088,0.176,-0.176,-0.088,0.088,-0.264,-0.088,0.176,0.088,-34.189,23.730,-0.088,0.264,0.000,0.000,0.439,0.176,0.000,0.000,0.000,0.000,0.000,0.000,0.000,0.000,0.000,0.000,-31.087,22.240,0.000,0.000,0.000,0.000,0.000,0.000,0.013,3.2,11.30,29.0,0.000,0.000,0.000,0.006,0.000,0.000,0.000,0.000,0.000,0.000,0.006,0.006,0.000,0.013,0.000,0.000,0.006,0.006
150.1073,1501,0,move,-1,150.1073,150.1183,0,0.000,-0.088,0.176,-0.176,-0.088,0.088,-0.264,-0.088,0.176,0.088,-32.695,22.676,-0.088,0.264,0.000,0.000,0.439,0.176,0.000,0.000,0.000,0.000,0.000,0.000,0.000,0.000,0.000,0.000,-29.519,21.181,0.000,0.000,0.000,0.000,0.000,0.000,0.013,3.2,11.30,29.0,0.000,0.000,0.000,0.000,0.000,0.000,0.006,0.000,0.000,0.000,0.000,0.000,0.000,0.013,0.000,0.000,0.013,0.006
150.2075,1502,0,move,-1,150.2075,150.2206,0,0.000,-0.088,0.176,-0.176,-0.088,0.088,-0.264,-0.088,0.176,0.088,-31.201,21.621,-0.088,0.264,0.000,0.000,0.439,0.176,0.000,0.000,0.000,0.000,0.000,0.000,0.000,0.000,0.000,0.000,-27.940,20.103,0.000,0.000,0.000,0.000,0.000,0.000,0.006,2.4,11.30,32.0,0.000,0.000,0.000,0.006,0.000,0.000,0.006,0.000,0.000,0.000,0.006,0.006,0.000,0.006,0.006,0.000,0.006,0.006
150.3075,1503,0,move,-1,150.3075,150.3188,0,0.000,-0.088,0.176,-0.176,-0.088,0.088,-0.264,-0.088,0.176,0.088,-30.850,20.918,-0.088,0.264,0.000,0.000,0.439,0.176,0.000,0.000,0.000,0.000,0.000,0.000,0.000,0.000,0.000,0.000,-26.354,19.012,0.000,0.000,0.000,0.000,0.000,0.000,0.006,2.4,11.30,32.0,0.000,0.000,0.000,0.006,0.000,0.000,0.006,0.000,0.000,0.000,0.006,0.006,0.000,0.006,0.006,0.000,0.006,0.006
150.4075,1504,0,move,-1,150.4075,150.4170,0,0.000,-0.088,0.176,-0.176,-0.088,0.088,-0.264,-0.088,0.176,0.088,-29.531,19.688,-0.088,0.264,0.000,0.000,0.439,0.176,0.000,0.000,0.000,0.000,0.000,0.000,0.000,0.000,0.000,0.000,-24.769,17.912,0.000,0.000,0.000,0.000,0.000,0.000,0.006,2.4,11.30,32.0,0.000,0.000,0.000,0.006,0.000,0.000,0.006,0.000,0.000,0.000,0.000,0.000,0.000,0.006,0.000,0.000,0.006,0.000
150.5100,1505,0,move,-1,150.5100,150.5806,0,0.000,-0.088,0.176,-0.176,-0.088,0.088,-0.264,-0.088,0.176,0.088,-26.895,17.930,-0.088,0.264,0.000,0.000,0.439,0.176,0.000,0.000,0.000,0.000,0.000,0.000,0.000,0.000,0.000,0.000,-23.189,16.807,0.000,0.000,0.000,0.000,0.000,0.000,0.006,3.2,11.30,29.0,0.000,0.000,0.000,0.000,0.000,0.000,0.000,0.000,0.000,0.000,0.000,0.000,0.000,0.006,0.000,0.000,0.006,0.000
150.6073,1506,0,move,-1,150.6073,150.6158,0,0.000,-0.088,0.176,-0.176,-0.088,0.088,-0.264,-0.088,0.176,0.088,-26.719,17.754,-0.088,0.264,0.000,0.000,0.439,0.176,0.000,0.000,0.000,0.000,0.000,0.000,0.000,0.000,0.000,0.000,-21.620,15.703,0.000,0.000,0.000,0.000,0.000,0.000,0.006,3.2,11.30,29.0,0.000,0.000,0.000,0.000,0.000,0.000,0.000,0.000,0.000,0.000,0.000,0.000,0.000,0.006,0.000,0.000,0.006,0.000
150.7075,1507,0,move,-1,150.7075,150.7180,0,0.000,-0.088,0.176,-0.176,-0.088,0.088,-0.264,-0.088,0.176,0.088,-24.697,16.260,-0.088,0.264,0.000,0.000,0.439,0.176,0.000,0.000,0.000,0.000,0.000,0.000,0.000,0.000,0.000,0.000,-20.068,14.603,0.000,0.000,0.000,0.000,0.000,0.000,0.013,4.0,11.40,29.0,0.000,0.000,0.000,0.006,0.000,0.000,0.006,0.000,0.006,0.000,0.006,0.013,0.000,0.013,0.000,0.000,0.013,0.006
150.8073,1508,0,move,-1,150.8073,150.8172,0,0.000,-0.088,0.176,-0.176,-0.088,0.088,-0.264,-0.088,0.176,0.088,-23.115,15.205,-0.088,0.264,0.000,0.000,0.439,0.176,0.000,0.000,0.000,0.000,0.000,0.000,0.000,0.000,0.000,0.000,-18.539,13.514,0.000,0.000,0.000,0.000,0.000,0.000,0.013,4.0,11.40,29.0,0.000,0.000,0.000,0.006,0.000,0.000,0.006,0.000,0.006,0.000,0.006,0.013,0.000,0.013,0.000,0.000,0.013,0.006
150.9073,1509,0,move,-1,150.9073,150.9188,0,0.000,-0.088,0.176,-0.176,-0.088,0.088,-0.264,-0.088,0.176,0.088,-21.445,14.062,-0.088,0.264,0.000,0.000,0.439,0.176,0.000,0.000,0.000,0.000,0.000,0.000,0.000,0.000,0.000,0.000,-17.038,12.438,0.000,0.000,0.000,0.000,0.000,0.000,0.006,2.4,11.40,29.0,0.000,0.000,0.000,0.000,0.000,0.000,0.000,0.000,0.000,0.000,0.000,0.006,0.000,0.006,0.000,0.000,0.006,0.006
151.0074,1510,0,move,-1,151.0074,151.0191,0,0.000,-0.088,0.176,-0.176,-0.088,0.088,-0.264,-0.088,0.176,0.088,-19.951,13.008,-0.088,0.264,0.000,0.000,0.439,0.176,0.000,0.000,0.000,0.000,0.000,0.000,0.000,0.000,0.000,0.000,-15.570,11.382,0.000,0.000,0.000,0.000,0.000,0.000,0.006,2.4,11.30,32.0,0.000,0.000,0.000,0.006,0.000,0.000,0.006,0.000,0.000,0.000,0.006,0.000,0.000,0.006,0.000,0.000,0.006,0.006
151.1073,1511,0,move,-1,151.1073,151.1221,0,0.000,-0.088,0.176,-0.176,-0.088,0.088,-0.264,-0.088,0.176,0.088,-18.193,11.953,-0.088,0.264,0.000,0.000,0.439,0.176,0.000,0.000,0.000,0.000,0.000,0.000,0.000,0.000,0.000,0.000,-14.141,10.350,0.000,0.000,0.000,0.000,0.000,0.000,0.006,3.2,11.20,32.0,0.000,0.000,0.000,0.000,0.000,0.000,0.006,0.000,0.000,0.000,0.006,0.000,0.000,0.006,0.000,0.000,0.006,0.006
151.2075,1512,0,move,-1,151.2075,151.2180,0,0.000,-0.088,0.176,-0.176,-0.088,0.088,-0.264,-0.088,0.176,0.088,-16.699,10.898,-0.088,0.264,0.000,0.000,0.439,0.176,0.000,0.000,0.000,0.000,0.000,0.000,0.000,0.000,0.000,0.000,-12.756,9.347,0.000,0.000,0.000,0.000,0.000,0.000,0.006,3.2,11.20,32.0,0.000,0.000,0.000,0.000,0.000,0.000,0.006,0.000,0.000,0.000,0.006,0.000,0.000,0.006,0.000,0.000,0.006,0.006
151.3130,1513,0,move,-1,151.3130,151.3254,0,0.000,-0.088,0.176,-0.176,-0.088,0.088,-0.264,-0.088,0.176,0.088,-14.941,9.668,-0.088,0.264,0.000,0.000,0.439,0.176,0.000,0.000,0.000,0.000,0.000,0.000,0.000,0.000,0.000,0.000,-11.421,8.375,0.000,0.000,0.000,0.000,0.000,0.000,0.013,3.2,11.30,29.0,0.000,0.000,0.000,0.000,0.000,0.000,0.006,0.000,0.000,0.000,0.000,0.006,0.000,0.013,0.000,0.000,0.006,0.000
151.4095,1514,0,move,-1,151.4095,151.4206,0,0.000,-0.088,0.176,-0.176,-0.088,0.088,-0.264,-0.088,0.176,0.088,-13.447,8.789,-0.088,0.264,0.000,0.000,0.439,0.176,0.000,0.000,0.000,0.000,0.000,0.000,0.000,0.000,0.000,0.000,-10.139,7.441,0.000,0.000,0.000,0.000,0.000,0.000,0.013,3.2,11.30,29.0,0.000,0.000,0.000,0.000,0.000,0.000,0.006,0.000,0.000,0.000,0.000,0.006,0.000,0.013,0.000,0.000,0.006,0.000
151.5073,1515,0,move,-1,151.5073,151.5191,0,0.000,-0.088,0.176,-0.176,-0.088,0.088,-0.264,-0.088,0.176,0.088,-11.953,7.822,-0.088,0.264,0.000,0.000,0.439,0.176,0.000,0.000,0.000,0.000,0.000,0.000,0.000,0.000,0.000,0.000,-8.915,6.547,0.000,0.000,0.000,0.000,0.000,0.000,0.013,4.8,11.30,31.0,0.000,0.000,0.000,0.000,0.000,0.000,0.006,0.000,0.000,0.000,0.006,0.006,0.000,0.006,0.000,0.000,0.013,0.000
151.6073,1516,0,move,-1,151.6073,151.6193,0,0.000,-0.088,0.176,-0.176,-0.088,0.088,-0.264,-0.088,0.176,0.088,-10.371,6.943,-0.088,0.264,0.000,0.000,0.439,0.176,0.000,0.000,0.000,0.000,0.000,0.000,0.000,0.000,0.000,0.000,-7.754,5.698,0.000,0.000,0.000,0.000,0.000,0.000,0.013,3.6,11.40,29.0,0.000,0.000,0.000,0.006,0.000,0.000,0.006,0.000,0.000,0.000,0.006,0.013,0.000,0.006,0.000,0.000,0.006,0.000
151.7075,1517,0,move,-1,151.7075,151.7181,0,0.000,-0.088,0.176,-0.176,-0.088,0.088,-0.264,-0.088,0.176,0.088,-8.965,6.064,-0.088,0.264,0.000,0.000,0.439,0.176,0.000,0.000,0.000,0.000,0.000,0.000,0.000,0.000,0.000,0.000,-6.661,4.896,0.000,0.000,0.000,0.000,0.000,0.000,0.013,3.6,11.40,29.0,0.000,0.000,0.000,0.006,0.000,0.000,0.006,0.000,0.000,0.000,0.006,0.013,0.000,0.006,0.000,0.000,0.006,0.000
151.8075,1518,0,move,-1,151.8075,151.8194,0,0.000,-0.088,0.176,-0.176,-0.088,0.088,-0.264,-0.088,0.176,0.088,-7.646,5.186,-0.088,0.264,0.000,0.000,0.439,0.176,0.000,0.000,0.000,0.000,0.000,0.000,0.000,0.000,0.000,0.000,-5.639,4.147,0.000,0.000,0.000,0.000,0.000,0.000,0.013,3.2,11.30,29.0,0.000,0.000,0.000,0.000,0.000,0.000,0.006,0.000,0.006,0.000,0.000,0.006,0.000,0.013,0.000,0.000,0.006,0.000
151.9073,1519,0,move,-1,151.9073,151.9187,0,0.000,-0.088,0.176,-0.176,-0.088,0.088,-0.264,-0.088,0.176,0.088,-6.592,4.395,-0.088,0.264,0.000,0.000,0.439,0.176,0.000,0.000,0.000,0.000,0.000,0.000,0.000,0.000,0.000,0.000,-4.693,3.452,0.000,0.000,0.000,0.000,0.000,0.000,0.013,3.2,11.30,29.0,0.000,0.000,0.000,0.000,0.000,0.000,0.006,0.000,0.006,0.000,0.000,0.006,0.000,0.013,0.000,0.000,0.006,0.000
152.0075,1520,0,move,-1,152.0075,152.0201,0,0.000,-0.088,0.176,-0.176,-0.088,0.088,-0.264,-0.088,0.176,0.088,-5.537,3.604,-0.088,0.264,0.000,0.000,0.439,0.176,0.000,0.000,0.000,0.000,0.000,0.000,0.000,0.000,0.000,0.000,-3.825,2.814,0.000,0.000,0.000,0.000,0.000,0.000,0.013,3.2,11.30,28.0,0.000,0.000,0.000,0.000,0.000,0.000,0.006,0.000,0.000,0.000,0.000,0.006,0.000,0.013,0.000,0.000,0.013,0.006
152.1082,1521,0,move,-1,152.1082,152.1435,0,0.000,-0.088,0.176,-0.176,-0.088,0.088,-0.264,-0.088,0.176,0.088,-4.307,2.900,-0.088,0.264,0.000,0.000,0.439,0.176,0.000,0.000,0.000,0.000,0.000,0.000,0.000,0.000,0.000,0.000,-3.039,2.236,0.000,0.000,0.000,0.000,0.000,0.000,0.013,4.4,11.40,29.0,0.000,0.000,0.000,0.000,0.000,0.000,0.000,0.000,0.000,0.000,0.006,0.013,0.000,0.006,0.000,0.000,0.006,0.000
152.2075,1522,0,move,-1,152.2075,152.2205,0,0.000,-0.088,0.176,-0.176,-0.088,0.088,-0.264,-0.088,0.176,0.088,-3.779,2.373,-0.088,0.264,0.000,0.000,0.439,0.176,0.000,0.000,0.000,0.000,0.000,0.000,0.000,0.000,0.000,0.000,-2.338,1.720,0.000,0.000,0.000,0.000,0.000,0.000,0.013,4.4,11.40,29.0,0.000,0.000,0.000,0.000,0.000,0.000,0.000,0.000,0.000,0.000,0.006,0.013,0.000,0.006,0.000,0.000,0.006,0.000
152.3075,1523,0,move,-1,152.3075,152.3189,0,0.000,-0.088,0.176,-0.176,-0.088,0.088,-0.264,-0.088,0.176,0.088,-2.900,1.846,-0.088,0.264,0.000,0.000,0.439,0.176,0.000,0.000,0.000,0.000,0.000,0.000,0.000,0.000,0.000,0.000,-1.725,1.270,0.000,0.000,0.000,0.000,0.000,0.000,0.013,3.2,11.30,29.0,0.000,0.000,0.000,0.006,0.000,0.000,0.006,0.000,0.000,0.000,0.000,0.006,0.000,0.013,0.000,0.000,0.006,0.000
152.4075,1524,0,move,-1,152.4075,152.4202,0,0.000,-0.088,0.176,-0.176,-0.088,0.088,-0.264,-0.088,0.176,0.088,-2.109,1.318,-0.088,0.264,0.000,0.000,0.439,0.176,0.000,0.000,0.000,0.000,0.000,0.000,0.000,0.000,0.000,0.000,-1.202,0.885,0.000,0.000,0.000,0.000,0.000,0.000,0.013,3.2,11.30,28.0,0.000,0.000,0.000,0.000,0.000,0.000,0.006,0.000,0.000,0.000,0.000,0.006,0.000,0.013,0.006,0.000,0.006,0.000
152.5074,1525,0,move,-1,152.5074,152.5185,0,0.000,-0.088,0.176,-0.176,-0.088,0.088,-0.264,-0.088,0.176,0.088,-1.582,0.879,-0.088,0.264,0.000,0.000,0.439,0.176,0.000,0.000,0.000,0.000,0.000,0.000,0.000,0.000,0.000,0.000,-0.772,0.568,0.000,0.000,0.000,0.000,0.000,0.000,0.013,3.2,11.30,28.0,0.000,0.000,0.000,0.000,0.000,0.000,0.006,0.000,0.000,0.000,0.000,0.006,0.000,0.013,0.006,0.000,0.006,0.000
152.6075,1526,0,move,-1,152.6075,152.6180,0,0.000,-0.088,0.176,-0.176,-0.088,0.088,-0.264,-0.088,0.176,0.000,-1.055,0.527,-0.088,0.264,0.000,0.000,0.439,0.176,0.000,0.000,0.000,0.000,0.000,0.000,0.000,0.000,0.000,0.000,-0.435,0.320,0.000,0.000,0.000,0.000,0.000,0.000,0.006,2.4,11.30,32.0,0.000,0.000,0.000,0.006,0.000,0.000,0.006,0.000,0.000,0.000,0.000,0.006,0.000,0.006,0.000,0.000,0.006,0.006
152.7076,1527,0,move,-1,152.7076,152.7242,0,0.000,-0.088,0.176,-0.176,-0.088,0.088,-0.264,-0.088,0.176,0.000,-0.703,0.439,-0.088,0.264,0.000,0.000,0.439,0.176,0.000,0.000,0.000,0.000,0.000,0.000,0.000,0.000,0.000,0.000,-0.194,0.143,0.000,0.000,0.000,0.000,0.000,0.000,0.000,0.0,11.30,31.0,0.000,0.000,0.000,0.000,0.000,0.000,0.000,0.000,0.000,0.000,0.000,0.000,0.000,0.000,0.000,0.000,0.000,0.000
152.8075,1528,0,move,-1,152.8075,152.8198,0,0.000,-0.088,0.176,-0.176,-0.088,0.088,-0.264,-0.088,0.176,0.000,-0.527,0.176,-0.088,0.264,0.000,0.000,0.439,0.176,0.000,0.000,0.000,0.000,0.000,0.000,0.000,0.000,0.000,0.000,-0.049,0.036,0.000,0.000,0.000,0.000,0.000,0.000,0.000,0.0,11.30,31.0,0.000,0.000,0.000,0.000,0.000,0.000,0.000,0.000,0.000,0.000,0.000,0.000,0.000,0.000,0.000,0.000,0.000,0.000
152.9075,1529,0,move,-1,152.9075,152.9175,0,0.000,-0.088,0.176,-0.176,-0.088,0.088,-0.264,-0.088,0.176,0.000,-0.176,0.176,-0.088,0.264,0.000,0.000,0.439,0.176,0.000,0.000,0.000,0.000,0.000,0.000,0.000,0.000,0.000,0.000,0.000,0.000,0.000,0.000,0.000,0.000,0.000,0.000,0.013,4.0,11.30,31.0,0.000,0.000,0.000,0.006,0.000,0.000,0.006,0.000,0.000,0.000,0.013,0.000,0.000,0.006,0.000,0.000,0.006,0.000
153.0073,1530,0,move,-1,153.0073,153.0198,0,0.000,-0.088,0.176,-0.176,-0.088,0.088,-0.264,-0.088,0.176,0.000,-0.176,-0.088,-0.088,0.264,0.000,0.000,0.439,0.176,0.000,0.000,0.000,0.000,0.000,0.000,0.000,0.000,0.000,0.000,0.000,0.000,0.000,0.000,0.000,0.000,0.000,0.000,0.013,3.2,11.30,29.0,0.000,0.000,0.000,0.000,0.000,0.000,0.000,0.000,0.000,0.000,0.000,0.006,0.000,0.013,0.000,0.000,0.006,0.006
153.1076,1531,0,move,-1,153.1076,153.1182,0,0.000,-0.088,0.176,-0.176,-0.088,0.088,-0.264,-0.088,0.176,0.000,-0.176,-0.088,-0.088,0.264,0.000,0.000,0.439,0.176,0.000,0.000,0.000,0.000,0.000,0.000,0.000,0.000,0.000,0.000,0.000,0.000,0.000,0.000,0.000,0.000,0.000,0.000,0.013,3.2,11.30,29.0,0.000,0.000,0.000,0.000,0.000,0.000,0.000,0.000,0.000,0.000,0.000,0.006,0.000,0.013,0.000,0.000,0.006,0.006
153.2073,1532,0,move,-1,153.2073,153.2195,0,0.000,-0.088,0.176,-0.176,-0.088,0.088,-0.264,-0.088,0.176,0.000,-0.176,-0.088,-0.088,0.264,0.000,0.000,0.439,0.176,0.000,0.000,0.000,0.000,0.000,0.000,0.000,0.000,0.000,0.000,0.000,0.000,0.000,0.000,0.000,0.000,0.000,0.000,0.006,3.2,11.20,32.0,0.000,0.000,0.000,0.000,0.000,0.000,0.006,0.000,0.006,0.000,0.000,0.000,0.000,0.006,0.000,0.000,0.006,0.000
153.3089,1533,0,move,-1,153.3089,153.3199,0,0.000,-0.088,0.176,-0.176,-0.088,0.088,-0.264,-0.088,0.176,0.000,-0.176,-0.088,-0.088,0.264,0.000,0.000,0.439,0.176,0.000,0.000,0.000,0.000,0.000,0.000,0.000,0.000,0.000,0.000,0.000,0.000,0.000,0.000,0.000,0.000,0.000,0.000,0.013,3.2,11.30,29.0,0.000,0.000,0.000,0.000,0.000,0.000,0.000,0.000,0.000,0.000,0.006,0.000,0.000,0.013,0.000,0.000,0.006,0.000
153.4075,1534,0,move,-1,153.4075,153.4167,0,0.000,-0.088,0.176,-0.176,-0.088,0.088,-0.264,-0.088,0.176,0.000,-0.176,-0.088,-0.088,0.264,0.000,0.000,0.439,0.176,0.000,0.000,0.000,0.000,0.000,0.000,0.000,0.000,0.000,0.000,0.000,0.000,0.000,0.000,0.000,0.000,0.000,0.000,0.013,3.2,11.30,29.0,0.000,0.000,0.000,0.000,0.000,0.000,0.000,0.000,0.000,0.000,0.006,0.000,0.000,0.013,0.000,0.000,0.006,0.000
153.5073,1535,0,move,-1,153.5073,153.5182,0,0.000,-0.088,0.176,-0.176,-0.088,0.088,-0.264,-0.088,0.176,0.000,-0.176,-0.088,-0.088,0.264,0.000,0.000,0.439,0.176,0.000,0.000,0.000,0.000,0.000,0.000,0.000,0.000,0.000,0.000,0.000,0.000,0.000,0.000,0.000,0.000,0.000,0.000,0.013,3.2,11.30,29.0,0.000,0.000,0.000,0.000,0.000,0.000,0.006,0.000,0.006,0.000,0.000,0.000,0.000,0.013,0.000,0.000,0.006,0.000
153.6129,1536,0,move,-1,153.6129,153.6368,0,0.000,-0.088,0.176,-0.176,-0.088,0.088,-0.264,-0.088,0.176,0.000,-0.176,-0.088,-0.088,0.264,0.000,0.000,0.439,0.176,0.000,0.000,0.000,0.000,0.000,0.000,0.000,0.000,0.000,0.000,0.000,0.000,0.000,0.000,0.000,0.000,0.000,0.000,0.013,3.2,11.30,29.0,0.000,0.000,0.000,0.000,0.000,0.000,0.006,0.000,0.000,0.000,0.000,0.000,0.000,0.013,0.000,0.000,0.006,0.000
153.7074,1537,0,move,-1,153.7074,153.7198,0,0.000,-0.088,0.176,-0.176,-0.088,0.088,-0.264,-0.088,0.176,0.000,-0.176,-0.088,-0.088,0.264,0.000,0.000,0.439,0.176,0.000,0.000,0.000,0.000,0.000,0.000,0.000,0.000,0.000,0.000,0.000,0.000,0.000,0.000,0.000,0.000,0.000,0.000,0.013,3.2,11.30,29.0,0.000,0.000,0.000,0.000,0.000,0.000,0.006,0.000,0.000,0.000,0.000,0.000,0.000,0.013,0.000,0.000,0.006,0.000
153.8073,1538,0,move,-1,153.8073,153.8189,0,0.000,-0.088,0.176,-0.176,-0.088,0.088,-0.264,-0.088,0.176,0.000,-0.176,-0.088,-0.088,0.264,0.000,0.000,0.439,0.176,0.000,0.000,0.000,0.000,0.000,0.000,0.000,0.000,0.000,0.000,0.000,0.000,0.000,0.000,0.000,0.000,0.000,0.000,0.006,3.2,11.20,32.0,0.000,0.000,0.000,0.000,0.000,0.000,0.006,0.000,0.000,0.000,0.006,0.000,0.000,0.006,0.000,0.000,0.006,0.000
153.9075,1539,0,move,-1,153.9075,153.9200,0,0.000,-0.088,0.176,-0.176,-0.088,0.088,-0.264,-0.088,0.176,0.000,-0.176,-0.088,-0.088,0.264,0.000,0.000,0.439,0.176,0.000,0.000,0.000,0.000,0.000,0.000,0.000,0.000,0.000,0.000,0.000,0.000,0.000,0.000,0.000,0.000,0.000,0.000,0.006,3.2,11.30,32.0,0.000,0.000,0.000,0.000,0.000,0.000,0.006,0.000,0.000,0.000,0.000,0.000,0.000,0.006,0.000,0.000,0.006,0.006
154.0075,1540,0,move,-1,154.0075,154.0168,0,0.000,-0.088,0.176,-0.176,-0.088,0.088,-0.264,-0.088,0.176,0.000,-0.176,-0.088,-0.088,0.264,0.000,0.000,0.439,0.176,0.000,0.000,0.000,0.000,0.000,0.000,0.000,0.000,0.000,0.000,0.000,0.000,0.000,0.000,0.000,0.000,0.000,0.000,0.006,3.2,11.30,32.0,0.000,0.000,0.000,0.000,0.000,0.000,0.006,0.000,0.000,0.000,0.000,0.000,0.000,0.006,0.000,0.000,0.006,0.006
154.1073,1541,0,move,-1,154.1073,154.1169,0,0.000,-0.088,0.176,-0.176,-0.088,0.088,-0.264,-0.088,0.176,0.000,-0.176,-0.088,-0.088,0.264,0.000,0.000,0.439,0.176,0.000,0.000,0.000,0.000,0.000,0.000,0.000,0.000,0.000,0.000,0.000,0.000,0.000,0.000,0.000,0.000,0.000,0.000,0.013,3.2,11.30,29.0,0.000,0.000,0.000,0.000,0.000,0.000,0.006,0.000,0.000,0.000,0.000,0.000,0.000,0.013,0.000,0.000,0.013,0.000
154.2075,1542,0,move,-1,154.2075,154.2221,0,0.000,-0.088,0.176,-0.176,-0.088,0.088,-0.264,-0.088,0.176,0.000,-0.176,-0.088,-0.088,0.264,0.000,0.000,0.439,0.176,0.000,0.000,0.000,0.000,0.000,0.000,0.000,0.000,0.000,0.000,0.000,0.000,0.000,0.000,0.000,0.000,0.000,0.000,0.013,3.2,11.30,29.0,0.000,0.000,0.000,0.006,0.000,0.000,0.000,0.000,0.006,0.000,0.000,0.000,0.000,0.013,0.000,0.000,0.006,0.000
154.3073,1543,0,move,-1,154.3073,154.3187,0,0.000,-0.088,0.176,-0.176,-0.088,0.088,-0.264,-0.088,0.176,0.000,-0.176,-0.088,-0.088,0.264,0.000,0.000,0.439,0.176,0.000,0.000,0.000,0.000,0.000,0.000,0.000,0.000,0.000,0.000,0.000,0.000,0.000,0.000,0.000,0.000,0.000,0.000,0.013,3.2,11.30,29.0,0.000,0.000,0.000,0.006,0.000,0.000,0.000,0.000,0.006,0.000,0.000,0.000,0.000,0.013,0.000,0.000,0.006,0.000
154.4112,1544,0,move,-1,154.4112,154.4178,0,0.000,-0.088,0.176,-0.176,-0.088,0.088,-0.264,-0.088,0.176,0.000,-0.176,-0.088,-0.088,0.264,0.000,0.000,0.439,0.176,0.000,0.000,0.000,0.000,0.000,0.000,0.000,0.000,0.000,0.000,0.000,0.000,0.000,0.000,0.000,0.000,0.000,0.000,0.006,2.4,11.30,32.0,0.000,0.000,0.000,0.006,0.000,0.000,0.006,0.000,0.000,0.000,0.000,0.006,0.000,0.006,0.000,0.000,0.006,0.000
154.5075,1545,0,move,-1,154.5075,154.5185,0,0.000,-0.088,0.176,-0.176,-0.088,0.088,-0.264,-0.088,0.176,0.000,-0.176,-0.088,-0.088,0.264,0.000,0.000,0.439,0.176,0.000,0.000,0.000,0.000,0.000,0.000,0.000,0.000,0.000,0.000,0.000,0.000,0.000,0.000,0.000,0.000,0.000,0.000,0.013,3.2,11.30,28.0,0.000,,0.000,0.000,0.000,0.000,0.006,0.000,0.000,0.000,0.000,0.000,0.000,0.013,0.000,0.000,0.006,0.006
154.6128,1546,0,move,-1,154.6128,154.6238,0,0.000,-0.088,0.176,-0.176,-0.088,0.088,-0.264,-0.088,0.176,0.000,-0.176,-0.088,-0.088,0.264,0.000,0.000,0.439,0.176,0.000,0.000,0.000,0.000,0.000,0.000,0.000,0.000,0.000,0.000,0.000,0.000,0.000,0.000,0.000,0.000,0.000,0.000,0.013,3.2,11.30,29.0,0.000,0.000,0.006,0.000,0.000,0.000,0.006,0.000,0.000,0.000,0.000,0.000,0.000,0.013,0.000,0.000,0.006,0.000
154.7074,1547,0,move,-1,154.7074,154.7164,0,0.000,-0.088,0.176,-0.176,-0.088,0.088,-0.264,-0.088,0.176,0.000,-0.176,-0.088,-0.088,0.264,0.000,0.000,0.439,0.176,0.000,0.000,0.000,0.000,0.000,0.000,0.000,0.000,0.000,0.000,0.000,0.000,0.000,0.000,0.000,0.000,0.000,0.000,0.013,3.2,11.30,29.0,0.000,0.000,0.006,0.000,0.000,0.000,0.006,0.000,0.000,0.000,0.000,0.000,0.000,0.013,0.000,0.000,0.006,0.000
154.8075,1548,0,move,-1,154.8075,154.8134,0,0.000,-0.088,0.176,-0.176,-0.088,0.088,-0.264,-0.088,0.176,0.000,-0.176,-0.088,-0.088,0.264,0.000,0.000,0.439,0.176,0.000,0.000,0.000,0.000,0.000,0.000,0.000,0.000,0.000,0.000,0.000,0.000,0.000,0.000,0.000,0.000,0.000,0.000,0.006,2.4,11.30,32.0,0.000,0.000,0.000,0.000,0.000,0.000,0.000,0.000,0.006,0.000,0.000,0.000,0.000,0.006,0.000,0.000,0.006,0.006
154.9075,1549,0,move,-1,154.9075,154.9182,0,0.000,-0.088,0.176,-0.176,-0.088,0.088,-0.264,-0.088,0.176,0.000,-0.176,-0.088,-0.088,0.264,0.000,0.000,0.439,0.176,0.000,0.000,0.000,0.000,0.000,0.000,0.000,0.000,0.000,0.000,0.000,0.000,0.000,0.000,0.000,0.000,0.000,0.000,0.006,3.2,11.20,32.0,0.000,0.000,0.000,0.000,0.000,0.000,0.006,0.000,0.006,0.000,0.006,0.000,0.000,0.006,0.000,0.000,0.006,0.000
155.0075,1550,0,move,-1,155.0075,155.0181,0,0.000,-0.088,0.176,-0.176,-0.088,0.088,-0.264,-0.088,0.176,0.000,-0.176,-0.088,-0.088,0.264,0.000,0.000,0.439,0.176,0.000,0.000,0.000,0.000,0.000,0.000,0.000,0.000,0.000,0.000,0.000,0.000,0.000,0.000,0.000,0.000,0.000,0.000,0.006,3.2,11.20,32.0,0.000,0.000,0.000,0.000,0.000,0.000,0.006,0.000,0.006,0.000,0.006,0.000,0.000,0.006,0.000,0.000,0.006,0.000
155.1151,1551,0,move,-1,155.1151,155.1371,0,0.000,-0.088,0.176,-0.176,-0.088,0.088,-0.264,-0.088,0.176,0.000,-0.176,-0.088,-0.088,0.264,0.000,0.000,0.439,0.176,0.000,0.000,0.000,0.000,0.000,0.000,0.000,0.000,0.000,0.000,0.000,0.000,0.000,0.000,0.000,0.000,0.000,0.000,0.006,2.4,11.30,32.0,0.000,0.000,0.000,0.000,0.000,0.000,0.000,0.000,0.006,0.000,0.000,0.000,0.000,0.006,0.000,0.006,0.006,0.000
155.2075,1552,0,move,-1,155.2075,155.2182,0,0.000,-0.088,0.176,-0.176,-0.088,0.088,-0.264,-0.088,0.176,0.000,-0.176,-0.088,-0.088,0.264,0.000,0.000,0.439,0.176,0.000,0.000,0.000,0.000,0.000,0.000,0.000,0.000,0.000,0.000,0.000,0.000,0.000,0.000,0.000,0.000,0.000,0.000,0.006,2.4,11.30,32.0,0.000,0.000,0.000,0.000,0.000,0.000,0.000,0.000,0.006,0.000,0.000,0.000,0.000,0.006,0.000,0.006,0.006,0.000
155.3075,1553,0,move,-1,155.3075,155.3192,0,0.000,-0.088,0.176,-0.176,-0.088,0.088,-0.264,-0.088,0.176,0.000,-0.176,-0.088,-0.088,0.264,0.000,0.000,0.439,0.176,0.000,0.000,0.000,0.000,0.000,0.000,0.000,0.000,0.000,0.000,0.000,0.000,0.000,0.000,0.000,0.000,0.000,0.000,0.013,4.8,11.30,31.0,0.000,0.000,0.006,0.006,0.000,0.000,0.000,0.000,0.000,0.000,0.006,0.000,0.000,0.006,0.000,0.000,0.013,0.006
155.4096,1554,0,move,-1,155.4096,155.4191,0,0.000,-0.088,0.176,-0.176,-0.088,0.088,-0.264,-0.088,0.176,0.000,-0.176,-0.088,-0.088,0.264,0.000,0.000,0.439,0.176,0.000,0.000,0.000,0.000,0.000,0.000,0.000,0.000,0.000,0.000,0.000,0.000,0.000,0.000,0.000,0.000,0.000,0.000,0.013,4.8,11.30,31.0,0.000,0.000,0.006,0.006,0.000,0.000,0.000,0.000,0.000,0.000,0.006,0.000,0.000,0.006,0.000,0.000,0.013,0.006
155.5075,1555,0,move,-1,155.5075,155.5185,0,0.000,-0.088,0.176,-0.176,-0.088,0.088,-0.264,-0.088,0.176,0.000,-0.176,-0.088,-0.088,0.264,0.000,0.000,0.439,0.176,0.000,0.000,0.000,0.000,0.000,0.000,0.000,0.000,0.000,0.000,0.000,0.000,0.000,0.000,0.000,0.000,0.000,0.000,0.006,3.6,11.20,32.0,0.000,0.000,0.000,0.000,0.000,0.000,0.006,0.000,0.000,0.000,0.000,0.000,0.000,0.006,0.000,0.000,0.006,0.000
155.6101,1556,0,move,-1,155.6101,155.6245,0,0.000,-0.088,0.176,-0.176,-0.088,0.088,-0.264,-0.088,0.176,0.000,-0.176,-0.088,-0.088,0.264,0.000,0.000,0.439,0.176,0.000,0.000,0.000,0.000,0.000,0.000,0.000,0.000,0.000,0.000,0.000,0.000,0.000,0.000,0.000,0.000,0.000,0.000,0.013,3.2,11.30,29.0,0.000,0.000,0.000,0.000,0.000,0.000,0.006,0.000,0.006,0.000,0.000,0.000,0.000,0.013,0.000,0.000,0.006,0.000
155.7075,1557,0,move,-1,155.7075,155.7187,0,0.000,-0.088,0.176,-0.176,-0.088,0.088,-0.264,-0.088,0.176,0.000,-0.176,-0.088,-0.088,0.264,0.000,0.000,0.439,0.176,0.000,0.000,0.000,0.000,0.000,0.000,0.000,0.000,0.000,0.000,0.000,0.000,0.000,0.000,0.000,0.000,0.000,0.000,0.013,3.2,11.30,29.0,0.000,0.000,0.000,0.000,0.000,0.000,0.006,0.000,0.006,0.000,0.000,0.000,0.000,0.013,0.000,0.000,0.006,0.000
155.8074,1558,0,move,-1,155.8074,155.8194,0,0.000,-0.088,0.176,-0.176,-0.088,0.088,-0.264,-0.088,0.176,0.000,-0.176,-0.088,-0.088,0.264,0.000,0.000,0.439,0.176,0.000,0.000,0.000,0.000,0.000,0.000,0.000,0.000,0.000,0.000,0.000,0.000,0.000,0.000,0.000,0.000,0.000,0.000,0.013,3.2,11.30,29.0,0.000,0.000,0.000,0.000,0.000,0.000,0.006,0.000,0.000,0.000,0.000,0.000,0.000,0.013,0.000,0.000,0.006,0.000
155.9073,1559,0,move,-1,155.9073,155.9180,0,0.000,-0.088,0.176,-0.176,-0.088,0.088,-0.264,-0.088,0.176,0.000,-0.176,-0.088,-0.088,0.264,0.000,0.000,0.439,0.176,0.000,0.000,0.000,0.000,0.000,0.000,0.000,0.000,0.000,0.000,0.000,0.000,0.000,0.000,0.000,0.000,0.000,0.000,0.013,3.2,11.30,29.0,0.000,0.000,0.000,0.000,0.000,0.000,0.006,0.000,0.000,0.000,0.000,0.000,0.000,0.013,0.000,0.000,0.006,0.000
