t_s,tick,seg,phase,joint,t_send_s,t_recv_s,overrun,q0_deg,q1_deg,q2_deg,q3_deg,q4_deg,q5_deg,q6_deg,q7_deg,q8_deg,q9_deg,q10_deg,q11_deg,q12_deg,q13_deg,q14_deg,q15_deg,q16_deg,q17_deg,cmd0_deg,cmd1_deg,cmd2_deg,cmd3_deg,cmd4_deg,cmd5_deg,cmd6_deg,cmd7_deg,cmd8_deg,cmd9_deg,cmd10_deg,cmd11_deg,cmd12_deg,cmd13_deg,cmd14_deg,cmd15_deg,cmd16_deg,cmd17_deg,cur_a,load_pct,volt,temp_c,cur0_a,cur1_a,cur2_a,cur3_a,cur4_a,cur5_a,cur6_a,cur7_a,cur8_a,cur9_a,cur10_a,cur11_a,cur12_a,cur13_a,cur14_a,cur15_a,cur16_a,cur17_a
0.0125,0,0,move,-1,0.0125,0.0244,0,0.000,-0.088,0.176,-0.176,-0.088,0.088,-0.264,-0.088,0.176,0.000,-0.176,-0.088,-0.088,-0.088,0.000,0.000,0.439,0.176,0.000,0.000,0.000,0.000,0.000,0.000,0.000,0.000,0.000,0.000,0.000,0.000,0.000,0.000,0.000,0.000,0.000,0.000,0.000,0.0,11.30,31.0,0.000,0.000,0.000,0.000,0.000,0.000,0.000,0.000,0.000,0.000,0.000,0.000,0.000,0.000,0.000,0.000,0.000,0.000
0.1061,1,0,move,-1,0.1061,0.1197,0,0.000,-0.088,0.176,-0.176,-0.088,0.088,-0.264,-0.088,0.176,0.000,-0.176,-0.088,-0.088,-0.088,0.000,0.000,0.439,0.176,0.000,0.000,0.000,0.000,0.000,0.000,0.000,0.000,0.000,0.000,0.000,0.000,0.000,0.000,0.000,0.000,0.000,0.000,0.000,0.0,11.30,31.0,0.000,0.000,0.000,0.000,0.000,0.000,0.000,0.000,0.000,0.000,0.000,0.000,0.000,0.000,0.000,0.000,0.000,0.000
0.2061,2,0,move,-1,0.2061,0.2182,0,0.000,-0.088,0.176,-0.176,-0.088,0.088,-0.264,-0.088,0.176,0.000,-0.176,-0.088,-0.088,-0.088,0.000,0.000,0.439,0.176,0.000,0.000,0.000,0.000,0.000,0.000,0.000,0.000,0.000,0.000,0.000,0.000,0.000,0.000,0.000,0.000,0.000,0.000,0.006,2.4,11.30,32.0,0.000,0.000,0.006,0.006,0.000,0.000,0.006,0.000,0.000,0.000,0.000,0.000,0.000,0.000,0.000,0.000,0.006,0.006
0.3114,3,0,move,-1,0.3114,0.3650,0,0.000,-0.088,0.176,-0.176,-0.088,0.088,-0.264,-0.088,0.176,0.000,-0.176,-0.088,-0.088,-0.088,0.000,0.000,0.439,0.176,0.000,0.000,0.000,0.000,0.000,0.000,0.000,0.000,0.000,0.000,0.000,0.000,0.000,0.000,0.000,0.000,0.000,0.000,0.006,3.2,11.20,32.0,0.000,0.000,0.000,0.000,0.000,0.000,0.006,0.000,0.006,0.000,0.000,0.000,0.000,0.000,0.000,0.000,0.006,0.000
0.4210,4,0,move,-1,0.4210,0.4335,0,0.000,-0.088,0.176,-0.176,-0.088,0.088,-0.264,-0.088,0.176,0.000,-0.176,-0.088,-0.088,-0.088,0.000,0.000,0.439,0.176,0.000,0.000,0.000,0.000,0.000,0.000,0.000,0.000,0.000,0.000,0.000,0.000,0.000,0.000,0.000,0.000,0.000,0.000,0.006,3.2,11.20,32.0,0.000,0.000,0.000,0.000,0.000,0.000,0.006,0.000,0.006,0.000,0.000,0.000,0.000,0.000,0.000,0.000,0.006,0.000
0.5063,5,0,move,-1,0.5063,0.5169,0,0.000,-0.088,0.176,-0.176,-0.088,0.088,-0.264,-0.088,0.176,0.000,-0.176,-0.088,-0.088,-0.088,0.000,0.000,0.439,0.176,0.000,0.000,0.000,0.000,0.000,0.000,0.000,0.000,0.000,0.000,0.000,0.000,0.000,0.000,0.000,0.000,0.000,0.000,0.006,2.4,11.30,32.0,0.000,0.000,0.000,0.006,0.000,0.000,0.006,0.000,0.006,0.000,0.000,0.000,0.000,0.000,0.000,0.000,0.006,0.000
0.6063,6,0,move,-1,0.6063,0.6648,0,0.000,-0.088,0.176,-0.176,-0.088,0.088,-0.264,-0.088,0.176,0.000,-0.176,-0.088,-0.088,-0.088,0.000,0.000,0.439,0.176,0.000,0.000,0.000,0.000,0.000,0.000,0.000,0.000,0.000,0.000,0.000,0.000,0.000,0.000,0.000,0.000,0.000,0.000,0.006,3.2,11.30,32.0,0.000,0.000,0.000,0.000,0.000,0.000,0.006,0.000,0.006,0.000,0.006,0.000,0.000,0.000,0.000,0.000,0.006,0.000
0.7061,7,0,move,-1,0.7061,0.7127,0,0.000,-0.088,0.176,-0.176,-0.088,0.088,-0.264,-0.088,0.176,0.000,-0.176,-0.088,-0.088,-0.088,0.000,0.000,0.439,0.176,0.000,0.000,0.000,0.000,0.000,0.000,0.000,0.000,0.000,0.000,0.000,0.000,0.000,0.000,0.000,0.000,0.000,0.000,0.006,3.2,11.30,32.0,0.000,0.000,0.000,0.000,0.000,0.000,0.006,0.000,0.006,0.000,0.006,0.000,0.000,0.000,0.000,0.000,0.006,0.000
0.8061,8,0,move,-1,0.8061,0.8176,0,0.000,-0.088,0.176,-0.176,-0.088,0.088,-0.264,-0.088,0.176,0.000,-0.176,-0.088,-0.088,-0.088,0.000,0.000,0.439,0.176,0.000,0.000,0.000,0.000,0.000,0.000,0.000,0.000,0.000,0.000,0.000,0.000,0.000,0.000,0.000,0.000,0.000,0.000,0.006,3.2,11.20,32.0,0.000,0.000,0.000,0.000,0.000,0.000,0.006,0.000,0.000,0.000,0.000,0.000,0.000,0.000,0.000,0.000,0.006,0.000
0.9099,9,0,move,-1,0.9099,0.9381,0,0.000,-0.088,0.176,-0.176,-0.088,0.088,-0.264,-0.088,0.176,0.000,-0.176,-0.088,-0.088,-0.088,0.000,0.000,0.439,0.176,0.000,0.000,0.000,0.000,0.000,0.000,0.000,0.000,0.000,0.000,0.000,0.000,0.000,0.000,0.000,0.000,0.000,0.000,0.006,3.2,11.30,32.0,0.000,0.000,0.000,0.000,0.000,0.000,0.006,0.000,0.000,0.000,0.006,0.000,0.000,0.000,0.000,0.000,0.006,0.000
1.0123,10,0,move,-1,1.0123,1.0241,0,0.000,-0.088,0.176,-0.176,-0.088,0.088,-0.264,-0.088,0.176,0.000,-0.176,-0.088,-0.088,-0.088,0.000,0.000,0.439,0.176,0.000,0.000,0.000,0.000,0.000,0.000,0.000,0.000,0.000,0.000,0.000,0.000,0.000,-0.049,0.036,0.000,0.000,0.000,0.006,3.2,11.30,32.0,0.000,0.000,0.000,0.000,0.000,0.000,0.006,0.000,0.000,0.000,0.006,0.000,0.000,0.000,0.000,0.000,0.006,0.000
1.1061,11,0,move,-1,1.1061,1.1186,0,0.000,-0.088,0.176,-0.176,-0.088,0.088,-0.264,-0.088,0.176,0.000,-0.176,-0.088,-0.088,-0.088,0.000,0.000,0.439,0.176,0.000,0.000,0.000,0.000,0.000,0.000,0.000,0.000,0.000,0.000,0.000,0.000,0.000,-0.194,0.143,0.000,0.000,0.000,0.006,2.4,11.30,32.0,0.000,0.000,0.000,0.000,0.000,0.000,0.000,0.000,0.006,0.000,0.000,0.000,0.000,0.000,0.000,0.000,0.006,0.006
1.2087,12,0,move,-1,1.2087,1.2185,0,0.000,-0.088,0.176,-0.176,-0.088,0.088,-0.264,-0.088,0.176,0.000,-0.176,-0.088,-0.088,-0.088,0.000,0.000,0.439,0.176,0.000,0.000,0.000,0.000,0.000,0.000,0.000,0.000,0.000,0.000,0.000,0.000,0.000,-0.435,0.320,0.000,0.000,0.000,0.006,2.4,11.30,32.0,0.000,0.000,0.000,0.000,0.000,0.000,0.000,0.000,0.006,0.000,0.000,0.000,0.000,0.000,0.000,0.000,0.006,0.006
1.3061,13,0,move,-1,1.3061,1.3175,0,0.000,-0.088,0.176,-0.176,-0.088,0.088,-0.264,-0.088,0.176,0.000,-0.176,-0.088,-0.088,-0.088,0.352,0.000,0.439,0.176,0.000,0.000,0.000,0.000,0.000,0.000,0.000,0.000,0.000,0.000,0.000,0.000,0.000,-0.772,0.568,0.000,0.000,0.000,0.013,4.0,11.30,28.0,0.000,0.000,0.000,0.000,0.000,0.000,0.000,0.000,0.000,0.000,0.000,0.000,0.000,0.013,0.006,0.000,0.013,0.000
1.4061,14,0,move,-1,1.4061,1.4192,0,0.000,-0.088,0.176,-0.176,-0.088,0.088,-0.264,-0.088,0.176,0.000,-0.176,-0.088,-0.088,-0.615,0.352,0.000,0.439,0.176,0.000,0.000,0.000,0.000,0.000,0.000,0.000,0.000,0.000,0.000,0.000,0.000,0.000,-1.202,0.885,0.000,0.000,0.000,0.013,4.8,11.30,31.0,0.000,0.000,0.000,0.006,0.000,0.000,0.006,0.000,0.000,0.000,0.000,0.000,0.000,0.000,0.006,0.000,0.013,0.000
1.5062,15,0,move,-1,1.5062,1.5164,0,0.000,-0.088,0.176,-0.176,-0.088,0.088,-0.264,-0.088,0.176,0.000,-0.176,-0.088,-0.088,-1.055,0.879,0.000,0.439,0.176,0.000,0.000,0.000,0.000,0.000,0.000,0.000,0.000,0.000,0.000,0.000,0.000,0.000,-1.725,1.270,0.000,0.000,0.000,0.013,4.8,11.30,31.0,0.000,0.000,0.000,0.006,0.000,0.000,0.006,0.000,0.000,0.000,0.000,0.000,0.000,0.000,0.006,0.000,0.013,0.000
1.6061,16,0,move,-1,1.6061,1.6178,0,0.000,-0.088,0.176,-0.176,-0.088,0.088,-0.264,-0.088,0.176,0.000,-0.176,-0.088,-0.088,-1.494,1.230,0.000,0.439,0.176,0.000,0.000,0.000,0.000,0.000,0.000,0.000,0.000,0.000,0.000,0.000,0.000,0.000,-2.338,1.720,0.000,0.000,0.000,0.006,3.2,11.30,29.0,0.000,0.000,0.000,0.000,0.000,0.000,0.000,0.000,0.000,0.000,0.000,0.000,0.000,0.006,0.006,0.000,0.006,0.000
1.7122,17,0,move,-1,1.7122,1.7380,0,0.000,-0.088,0.176,-0.176,-0.088,0.088,-0.264,-0.088,0.176,0.000,-0.176,-0.088,-0.088,-2.197,1.670,0.000,0.439,0.176,0.000,0.000,0.000,0.000,0.000,0.000,0.000,0.000,0.000,0.000,0.000,0.000,0.000,-3.039,2.236,0.000,0.000,0.000,0.013,4.0,11.30,28.0,0.000,0.000,0.006,0.000,0.000,0.000,0.006,0.000,0.006,0.000,0.000,0.000,0.000,0.013,0.000,0.000,0.006,0.006
1.8063,18,0,move,-1,1.8063,1.8169,0,0.000,-0.088,0.176,-0.176,-0.088,0.088,-0.264,-0.088,0.176,0.000,-0.176,-0.088,-0.088,-2.725,2.021,0.000,0.439,0.176,0.000,0.000,0.000,0.000,0.000,0.000,0.000,0.000,0.000,0.000,0.000,0.000,0.000,-3.825,2.814,0.000,0.000,0.000,0.013,4.0,11.30,28.0,0.000,0.000,0.006,0.000,0.000,0.000,0.006,0.000,0.006,0.000,0.000,0.000,0.000,0.013,0.000,0.000,0.006,0.006
1.9061,19,0,move,-1,1.9061,1.9179,0,0.000,-0.088,0.176,-0.176,-0.088,0.088,-0.264,-0.088,0.176,0.000,-0.176,-0.088,-0.088,-3.428,2.549,0.000,0.439,0.176,0.000,0.000,0.000,0.000,0.000,0.000,0.000,0.000,0.000,0.000,0.000,0.000,0.000,-4.693,3.452,0.000,0.000,0.000,0.013,4.4,11.30,28.0,0.000,0.000,0.000,0.006,0.000,0.000,0.006,0.000,0.000,0.000,0.000,0.000,0.000,0.013,0.000,0.000,0.013,0.000
2.0061,20,0,move,-1,2.0061,2.0167,0,0.000,-0.088,0.176,-0.176,-0.088,0.088,-0.264,-0.088,0.176,0.000,-0.176,-0.088,-0.088,-3.604,2.725,0.000,0.439,0.176,0.000,0.000,0.000,0.000,0.000,0.000,0.000,0.000,0.000,0.000,0.000,0.000,0.000,-5.639,4.147,0.000,0.000,0.000,0.013,4.4,11.30,28.0,0.000,0.000,0.000,0.006,0.000,0.000,0.006,0.000,0.000,0.000,0.000,0.000,0.000,0.013,0.000,0.000,0.013,0.000
2.1061,21,0,move,-1,2.1061,2.1180,0,0.000,-0.088,0.176,-0.176,-0.088,0.088,-0.264,-0.088,0.176,0.000,-0.176,-0.088,-0.088,-3.867,3.340,0.000,0.439,0.176,0.000,0.000,0.000,0.000,0.000,0.000,0.000,0.000,0.000,0.000,0.000,0.000,0.000,-6.661,4.896,0.000,0.000,0.000,0.019,4.8,11.30,29.0,0.000,0.000,0.000,0.000,0.000,0.000,0.000,0.000,0.006,0.000,0.000,0.000,0.000,0.019,0.006,0.000,0.006,0.006
2.2061,22,0,move,-1,2.2061,2.2267,0,0.000,-0.088,0.176,-0.176,-0.088,0.088,-0.264,-0.088,0.176,0.000,-0.176,-0.088,-0.088,-5.625,4.482,0.000,0.439,0.176,0.000,0.000,0.000,0.000,0.000,0.000,0.000,0.000,0.000,0.000,0.000,0.000,0.000,-7.754,5.698,0.000,0.000,0.000,0.013,5.2,11.30,28.0,0.000,0.000,0.000,0.000,0.000,0.000,0.006,0.000,0.000,0.000,0.000,0.000,0.000,0.013,0.013,0.000,0.006,0.000
2.3068,23,0,move,-1,2.3068,2.3128,0,0.000,-0.088,0.176,-0.176,-0.088,0.088,-0.264,-0.088,0.176,0.000,-0.176,-0.088,-0.088,-6.680,5.273,0.000,0.439,0.176,0.000,0.000,0.000,0.000,0.000,0.000,0.000,0.000,0.000,0.000,0.000,0.000,0.000,-8.915,6.547,0.000,0.000,0.000,0.013,5.2,11.30,28.0,0.000,0.000,0.000,0.000,0.000,0.000,0.006,0.000,0.000,0.000,0.000,0.000,0.000,0.013,0.013,0.000,0.006,0.000
2.4064,24,0,move,-1,2.4064,2.4171,0,0.000,-0.088,0.176,-0.176,-0.088,0.088,-0.264,-0.088,0.176,0.000,-0.176,-0.088,-0.088,-8.086,6.152,0.000,0.439,0.176,0.000,0.000,0.000,0.000,0.000,0.000,0.000,0.000,0.000,0.000,0.000,0.000,0.000,-10.139,7.441,0.000,0.000,0.000,0.013,6.0,11.30,28.0,0.000,0.000,0.000,0.006,0.000,0.000,0.006,0.000,0.000,0.000,0.000,0.000,0.000,0.013,0.000,0.000,0.006,0.000
2.5063,25,0,move,-1,2.5063,2.5185,0,0.000,-0.088,0.176,-0.176,-0.088,0.088,-0.264,-0.088,0.176,0.000,-0.176,-0.088,-0.088,-9.229,7.031,0.000,0.439,0.176,0.000,0.000,0.000,0.000,0.000,0.000,0.000,0.000,0.000,0.000,0.000,0.000,0.000,-11.421,8.375,0.000,0.000,0.000,0.019,6.0,11.30,29.0,0.000,0.000,0.000,0.000,0.000,0.000,0.006,0.000,0.000,0.000,0.000,0.000,0.000,0.019,0.000,0.000,0.006,0.006
2.6061,26,0,move,-1,2.6061,2.6170,0,0.000,-0.088,0.176,-0.176,-0.088,0.088,-0.264,-0.088,0.176,0.000,-0.176,-0.088,-0.088,-10.371,7.910,0.000,0.439,0.176,0.000,0.000,0.000,0.000,0.000,0.000,0.000,0.000,0.000,0.000,0.000,0.000,0.000,-12.756,9.347,0.000,0.000,0.000,0.019,6.0,11.30,29.0,0.000,0.000,0.000,0.000,0.000,0.000,0.006,0.000,0.000,0.000,0.000,0.000,0.000,0.019,0.000,0.000,0.006,0.006
2.7096,27,0,move,-1,2.7096,2.7447,0,0.000,-0.088,0.176,-0.176,-0.088,0.088,-0.264,-0.088,0.176,0.000,-0.176,-0.088,-0.088,-11.865,8.965,0.000,0.439,0.176,0.000,0.000,0.000,0.000,0.000,0.000,0.000,0.000,0.000,0.000,0.000,0.000,0.000,-14.141,10.350,0.000,0.000,0.000,0.013,4.8,11.30,29.0,0.000,0.000,0.000,0.000,0.000,0.000,0.006,0.000,0.000,0.000,0.006,0.000,0.000,0.013,0.000,0.000,0.006,0.000
2.8063,28,0,move,-1,2.8063,2.8173,0,0.000,-0.088,0.176,-0.176,-0.088,0.088,-0.264,-0.088,0.176,0.000,-0.176,-0.088,-0.088,-12.129,9.316,0.000,0.439,0.176,0.000,0.000,0.000,0.000,0.000,0.000,0.000,0.000,0.000,0.000,0.000,0.000,0.000,-15.570,11.382,0.000,0.000,0.000,0.013,4.8,11.30,29.0,0.000,0.000,0.000,0.000,0.000,0.000,0.006,0.000,0.000,0.000,0.006,0.000,0.000,0.013,0.000,0.000,0.006,0.000
2.9063,29,0,move,-1,2.9063,2.9192,0,0.000,-0.088,0.176,-0.176,-0.088,0.088,-0.264,-0.088,0.176,0.000,-0.176,-0.088,-0.088,-13.623,10.723,0.000,0.439,0.176,0.000,0.000,0.000,0.000,0.000,0.000,0.000,0.000,0.000,0.000,0.000,0.000,0.000,-17.038,12.438,0.000,0.000,0.000,0.013,6.4,11.30,28.0,0.000,0.000,0.000,0.006,0.000,0.000,0.006,0.000,0.000,0.000,0.006,0.000,0.000,0.013,0.000,0.000,0.006,0.006
3.0062,30,0,move,-1,3.0062,3.0176,0,0.000,-0.088,0.176,-0.176,-0.088,0.088,-0.264,-0.088,0.176,0.000,-0.176,-0.088,-0.088,-15.205,11.953,0.000,0.439,0.176,0.000,0.000,0.000,0.000,0.000,0.000,0.000,0.000,0.000,0.000,0.000,0.000,0.000,-18.539,13.514,0.000,0.000,0.000,0.013,6.4,11.30,28.0,0.000,0.000,0.000,0.006,0.000,0.000,0.006,0.000,0.000,0.000,0.006,0.000,0.000,0.013,0.000,0.000,0.006,0.006
3.1063,31,0,move,-1,3.1063,3.1192,0,0.000,-0.088,0.176,-0.176,-0.088,0.088,-0.264,-0.088,0.176,0.000,-0.176,-0.088,-0.088,-16.787,13.008,0.000,0.439,0.176,0.000,0.000,0.000,0.000,0.000,0.000,0.000,0.000,0.000,0.000,0.000,0.000,0.000,-20.068,14.603,0.000,0.000,0.000,0.019,6.0,11.30,28.0,0.000,0.000,0.000,0.000,0.000,0.000,0.006,0.000,0.000,0.000,0.000,0.000,0.000,0.019,0.000,0.000,0.006,0.000
3.2063,32,0,move,-1,3.2063,3.2194,0,0.000,-0.088,0.176,-0.176,-0.088,0.088,-0.264,-0.088,0.176,0.000,-0.176,-0.088,-0.088,-17.139,13.535,0.000,0.439,0.176,0.000,0.000,0.000,0.000,0.000,0.000,0.000,0.000,0.000,0.000,0.000,0.000,0.000,-21.620,15.703,0.000,0.000,0.000,0.006,2.0,11.30,29.0,0.000,0.000,0.000,0.000,0.000,0.000,0.000,0.000,0.000,0.000,0.000,0.000,0.000,0.000,0.006,0.000,0.000,0.000
3.3064,33,0,move,-1,3.3064,3.3170,0,0.000,-0.088,0.176,-0.176,-0.088,0.088,-0.264,-0.088,0.176,0.000,-0.176,-0.088,-0.088,-18.721,14.941,0.000,0.439,0.176,0.000,0.000,0.000,0.000,0.000,0.000,0.000,0.000,0.000,0.000,0.000,0.000,0.000,-23.189,16.807,0.000,0.000,0.000,0.006,2.0,11.30,29.0,0.000,0.000,0.000,0.000,0.000,0.000,0.000,0.000,0.000,0.000,0.000,0.000,0.000,0.000,0.006,0.000,0.000,0.000
3.4063,34,0,move,-1,3.4063,3.4194,0,0.000,-0.088,0.176,-0.176,-0.088,0.088,-0.264,-0.088,0.176,0.000,-0.176,-0.088,-0.088,-20.303,16.172,0.000,0.439,0.176,0.000,0.000,0.000,0.000,0.000,0.000,0.000,0.000,0.000,0.000,0.000,0.000,0.000,-24.769,17.912,0.000,0.000,0.000,0.019,5.6,11.30,28.0,0.000,0.000,0.006,0.006,0.000,0.000,0.006,0.000,0.000,0.000,0.000,0.000,0.000,0.019,0.006,0.000,0.006,0.000
3.5062,35,0,move,-1,3.5062,3.5167,0,0.000,-0.088,0.176,-0.176,-0.088,0.088,-0.264,-0.088,0.176,0.000,-0.176,-0.088,-0.088,-21.885,17.227,0.000,0.439,0.176,0.000,0.000,0.000,0.000,0.000,0.000,0.000,0.000,0.000,0.000,0.000,0.000,0.000,-26.354,19.012,0.000,0.000,0.000,0.019,5.6,11.30,28.0,0.000,0.000,0.006,0.006,0.000,0.000,0.006,0.000,0.000,0.000,0.000,0.000,0.000,0.019,0.006,0.000,0.006,0.000
3.6061,36,0,move,-1,3.6061,3.6181,0,0.000,-0.088,0.176,-0.176,-0.088,0.088,-0.264,-0.088,0.176,0.000,-0.176,-0.088,-0.088,-23.467,18.369,0.000,0.439,0.176,0.000,0.000,0.000,0.000,0.000,0.000,0.000,0.000,0.000,0.000,0.000,0.000,0.000,-27.940,20.103,0.000,0.000,0.000,0.006,3.2,11.30,32.0,0.000,0.000,0.000,0.000,0.000,0.000,0.006,0.000,0.000,0.000,0.000,0.000,0.000,0.006,0.006,0.006,0.006,0.000
3.7063,37,0,move,-1,3.7063,3.7200,0,0.000,-0.088,0.176,-0.176,-0.088,0.088,-0.264,-0.088,0.176,0.000,-0.176,-0.088,-0.088,-25.137,19.424,0.000,0.439,0.176,0.000,0.000,0.000,0.000,0.000,0.000,0.000,0.000,0.000,0.000,0.000,0.000,0.000,-29.519,21.181,0.000,0.000,0.000,0.013,5.6,11.30,28.0,0.000,0.000,0.006,0.000,0.000,0.000,0.006,0.000,0.006,0.000,0.006,0.000,0.000,0.013,0.006,0.000,0.006,0.000
3.8061,38,0,move,-1,3.8061,3.8178,0,0.000,-0.088,0.176,-0.176,-0.088,0.088,-0.264,-0.088,0.176,0.000,-0.176,-0.088,-0.088,-26.631,20.566,0.000,0.439,0.176,0.000,0.000,0.000,0.000,0.000,0.000,0.000,0.000,0.000,0.000,0.000,0.000,0.000,-31.087,22.240,0.000,0.000,0.000,0.013,5.6,11.30,28.0,0.000,0.000,0.006,0.000,0.000,0.000,0.006,0.000,0.006,0.000,0.006,0.000,0.000,0.013,0.006,0.000,0.006,0.000
3.9070,39,0,move,-1,3.9070,3.9683,0,0.000,-0.088,0.176,-0.176,-0.088,0.088,-0.264,-0.088,0.176,0.000,-0.176,-0.088,-0.088,-28.652,21.797,0.000,0.439,0.176,0.000,0.000,0.000,0.000,0.000,0.000,0.000,0.000,0.000,0.000,0.000,0.000,0.000,-32.637,23.276,0.000,0.000,0.000,0.013,5.6,11.30,28.0,0.000,0.000,0.000,0.006,0.000,0.000,0.006,0.000,0.006,0.000,0.006,0.000,0.000,0.013,0.006,0.000,0.013,0.000
4.0063,40,0,move,-1,4.0063,4.0174,0,0.000,-0.088,0.176,-0.176,-0.088,0.088,-0.264,-0.088,0.176,0.000,-0.176,-0.088,-0.088,-29.883,22.764,0.000,0.439,0.176,0.000,0.000,0.000,0.000,0.000,0.000,0.000,0.000,0.000,0.000,0.000,0.000,0.000,-34.162,24.285,0.000,0.000,0.000,0.013,5.6,11.30,28.0,0.000,0.000,0.000,0.006,0.000,0.000,0.006,0.000,0.006,0.000,0.006,0.000,0.000,0.013,0.006,0.000,0.013,0.000
4.1063,41,0,move,-1,4.1063,4.1164,0,0.000,-0.088,0.176,-0.176,-0.088,0.088,-0.264,-0.088,0.176,0.000,-0.176,-0.088,-0.088,-31.465,23.730,0.000,0.439,0.176,0.000,0.000,0.000,0.000,0.000,0.000,0.000,0.000,0.000,0.000,0.000,0.000,0.000,-35.658,25.263,0.000,0.000,0.000,0.013,5.6,11.30,28.0,0.000,0.000,0.000,0.000,0.000,0.000,0.006,0.000,0.000,0.000,0.000,0.000,0.000,0.013,0.000,0.000,0.013,0.000
4.2061,42,0,move,-1,4.2061,4.2176,0,0.000,-0.088,0.176,-0.176,-0.088,0.088,-0.264,-0.088,0.176,0.000,-0.176,-0.088,-0.088,-33.047,24.785,0.000,0.439,0.176,0.000,0.000,0.000,0.000,0.000,0.000,0.000,0.000,0.000,0.000,0.000,0.000,0.000,-37.119,26.207,0.000,0.000,0.000,0.013,5.6,11.30,28.0,0.000,0.000,0.000,0.000,0.000,0.000,0.000,0.000,0.000,0.000,0.000,0.000,0.000,0.013,0.000,0.000,0.006,0.000
4.3061,43,0,move,-1,4.3061,4.3163,0,0.000,-0.088,0.176,-0.176,-0.088,0.088,-0.264,-0.088,0.176,0.000,-0.176,-0.088,-0.088,-34.541,25.752,0.000,0.439,0.176,0.000,0.000,0.000,0.000,0.000,0.000,0.000,0.000,0.000,0.000,0.000,0.000,0.000,-38.538,27.112,0.000,0.000,0.000,0.013,5.6,11.30,28.0,0.000,0.000,0.000,0.000,0.000,0.000,0.000,0.000,0.000,0.000,0.000,0.000,0.000,0.013,0.000,0.000,0.006,0.000
4.4063,44,0,move,-1,4.4063,4.4203,0,0.000,-0.088,0.176,-0.176,-0.088,0.088,-0.264,-0.088,0.176,0.000,-0.176,-0.088,-0.088,-36.035,26.631,0.000,0.439,0.176,0.000,0.000,0.000,0.000,0.000,0.000,0.000,0.000,0.000,0.000,0.000,0.000,0.000,-39.910,27.976,0.000,0.000,0.000,0.026,8.4,11.30,28.0,0.000,0.000,0.000,0.006,0.000,0.000,0.006,0.000,0.000,0.000,0.000,0.000,0.000,0.026,0.006,0.000,0.006,0.000
4.5064,45,0,move,-1,4.5064,4.5208,0,0.000,-0.088,0.176,-0.176,-0.088,0.088,-0.264,-0.088,0.176,0.000,-0.176,-0.088,-0.088,-37.529,27.510,0.000,0.439,0.176,0.000,0.000,0.000,0.000,0.000,0.000,0.000,0.000,0.000,0.000,0.000,0.000,0.000,-41.228,28.795,0.000,0.000,0.000,0.039,10.0,11.30,28.0,0.000,0.000,0.006,0.006,0.000,0.000,0.006,0.000,0.000,0.000,0.000,0.000,0.000,0.039,0.000,0.000,0.006,0.000
4.6159,46,0,move,-1,4.6159,4.6387,0,0.000,-0.088,0.176,-0.176,-0.088,0.088,-0.264,-0.088,0.176,0.000,-0.176,-0.088,-0.088,-39.199,28.477,0.000,0.439,0.176,0.000,0.000,0.000,0.000,0.000,0.000,0.000,0.000,0.000,0.000,0.000,0.000,0.000,-42.487,29.567,0.000,0.000,0.000,0.078,10.8,11.30,28.0,0.000,0.000,0.006,0.000,0.000,0.000,0.000,0.000,0.000,0.000,0.000,0.000,0.000,0.078,0.000,0.000,0.006,0.000
4.7061,47,0,move,-1,4.7061,4.7179,0,0.000,-0.088,0.176,-0.176,-0.088,0.088,-0.264,-0.088,0.176,0.000,-0.176,-0.088,-0.088,-40.254,29.180,0.000,0.439,0.176,0.000,0.000,0.000,0.000,0.000,0.000,0.000,0.000,0.000,0.000,0.000,0.000,0.000,-43.680,30.289,0.000,0.000,0.000,0.078,10.8,11.30,28.0,0.000,0.000,0.006,0.000,0.000,0.000,0.000,0.000,0.000,0.000,0.000,0.000,0.000,0.078,0.000,0.000,0.006,0.000
4.8063,48,0,move,-1,4.8063,4.8404,0,0.000,-0.088,0.176,-0.176,-0.088,0.088,-0.264,-0.088,0.176,0.000,-0.176,-0.088,-0.088,-41.660,30.059,0.000,0.439,0.176,0.000,0.000,0.000,0.000,0.000,0.000,0.000,0.000,0.000,0.000,0.000,0.000,0.000,-44.803,30.959,0.000,0.000,0.000,0.006,2.4,11.30,31.0,0.000,0.000,0.000,0.000,0.000,0.000,0.000,0.000,0.000,0.000,0.000,0.000,0.000,0.000,0.000,0.000,0.006,0.000
4.9063,49,0,move,-1,4.9063,4.9182,0,0.000,-0.088,0.176,-0.176,-0.088,0.088,-0.264,-0.088,0.176,0.000,-0.176,-0.088,-0.088,-41.484,30.498,0.000,0.439,0.176,0.000,0.000,0.000,0.000,0.000,0.000,0.000,0.000,0.000,0.000,0.000,0.000,0.000,-45.851,31.576,0.000,0.000,0.000,0.006,2.4,11.30,31.0,0.000,0.000,0.000,0.000,0.000,0.000,0.000,0.000,0.000,0.000,0.000,0.000,0.000,0.000,0.000,0.000,0.006,0.000
5.0061,50,0,move,-1,5.0061,5.0185,0,0.000,-0.088,0.176,-0.176,-0.088,0.088,-0.264,-0.088,0.176,0.000,-0.176,-0.088,-0.088,-42.627,31.289,0.000,0.439,0.176,0.000,0.000,0.000,0.000,0.000,0.000,0.000,0.000,0.000,0.000,0.000,0.000,0.000,-46.816,32.136,0.000,0.000,0.000,0.111,13.2,11.30,29.0,0.000,0.000,0.000,0.000,0.000,0.000,0.006,0.000,0.000,0.000,0.000,0.000,0.006,0.111,0.000,0.000,0.013,0.006
5.1063,51,0,move,-1,5.1063,5.1178,0,0.000,-0.088,0.176,-0.176,-0.088,0.088,-0.264,-0.088,0.176,0.000,-0.176,-0.088,-0.088,-43.945,31.904,0.000,0.439,0.176,0.000,0.000,0.000,0.000,0.000,0.000,0.000,0.000,0.000,0.000,0.000,0.000,0.000,-47.696,32.641,0.000,0.000,0.000,0.111,13.2,11.30,29.0,0.000,0.000,0.000,0.000,0.000,0.000,0.006,0.000,0.000,0.000,0.000,0.000,0.006,0.111,0.000,0.000,0.013,0.006
5.2063,52,0,move,-1,5.2063,5.2190,0,0.000,-0.088,0.176,-0.176,-0.088,0.088,-0.264,-0.088,0.176,0.000,-0.176,-0.088,-0.088,-45.527,32.520,0.000,0.439,0.176,0.000,0.000,0.000,0.000,0.000,0.000,0.000,0.000,0.000,0.000,0.000,0.000,0.000,-48.483,33.087,0.000,0.000,0.000,0.143,16.4,11.30,29.0,0.000,0.000,0.000,0.006,0.000,0.000,0.006,0.000,0.000,0.000,0.006,0.000,0.000,0.143,0.013,0.000,0.006,0.006
5.3063,53,0,move,-1,5.3063,5.3170,0,0.000,-0.088,0.176,-0.176,-0.088,0.088,-0.264,-0.088,0.176,0.000,-0.176,-0.088,-0.088,-46.846,32.871,0.000,0.439,0.176,0.000,0.000,0.000,0.000,0.000,0.000,0.000,0.000,0.000,0.000,0.000,0.000,0.000,-49.176,33.476,0.000,0.000,0.000,0.143,16.4,11.30,29.0,0.000,0.000,0.000,0.006,0.000,0.000,0.006,0.000,0.000,0.000,0.006,0.000,0.000,0.143,0.013,0.000,0.006,0.006
5.4063,54,0,move,-1,5.4063,5.4124,0,0.000,-0.088,0.176,-0.176,-0.088,0.088,-0.264,-0.088,0.176,0.000,-0.176,-0.088,-0.088,-47.549,33.311,0.000,0.439,0.176,0.000,0.000,0.000,0.000,0.000,0.000,0.000,0.000,0.000,0.000,0.000,0.000,0.000,-49.769,33.806,0.000,0.000,0.000,0.149,14.8,11.30,29.0,0.000,0.000,0.000,0.006,0.000,0.000,0.006,0.000,0.000,0.000,0.000,0.000,0.000,0.149,0.006,0.000,0.006,0.006
5.5063,55,0,move,-1,5.5063,5.5174,0,0.000,-0.088,0.176,-0.176,-0.088,0.088,-0.264,-0.088,0.176,0.000,-0.176,-0.088,-0.088,-48.516,33.662,0.000,0.439,0.176,0.000,0.000,0.000,0.000,0.000,0.000,0.000,0.000,0.000,0.000,0.000,0.000,0.000,-50.260,34.076,0.000,0.000,0.000,0.143,14.0,11.30,28.0,0.000,0.000,0.000,0.000,0.000,0.000,0.000,0.000,0.000,0.000,0.000,0.000,0.000,0.143,0.006,0.000,0.006,0.000
5.6063,56,0,move,-1,5.6063,5.6226,0,0.000,-0.088,0.176,-0.176,-0.088,0.088,-0.264,-0.088,0.176,0.000,-0.176,-0.088,-0.088,-49.131,34.102,0.000,0.439,0.176,0.000,0.000,0.000,0.000,0.000,0.000,0.000,0.000,0.000,0.000,0.000,0.000,0.000,-50.644,34.286,0.000,0.000,0.000,0.136,13.2,11.30,28.0,0.000,0.000,0.000,0.000,0.000,0.000,0.006,0.000,0.000,0.000,0.006,0.000,0.000,0.136,0.000,0.000,0.006,0.000
5.7099,57,0,move,-1,5.7099,5.7264,0,0.000,-0.088,0.176,-0.176,-0.088,0.088,-0.264,-0.088,0.176,0.000,-0.176,-0.088,-0.088,-49.570,34.102,0.000,0.439,0.176,0.000,0.000,0.000,0.000,0.000,0.000,0.000,0.000,0.000,0.000,0.000,0.000,0.000,-50.920,34.437,0.000,0.000,0.000,0.071,10.8,11.30,29.0,0.000,0.000,0.000,0.006,0.000,0.000,0.006,0.000,0.000,0.000,0.000,0.000,0.000,0.071,0.006,0.000,0.006,0.006
5.8062,58,0,move,-1,5.8062,5.8158,0,0.000,-0.088,0.176,-0.176,-0.088,0.088,-0.264,-0.088,0.176,0.000,-0.176,-0.088,-0.088,-49.922,34.453,0.000,0.439,0.176,0.000,0.000,0.000,0.000,0.000,0.000,0.000,0.000,0.000,0.000,0.000,0.000,0.000,-51.087,34.527,0.000,0.000,0.000,0.071,10.8,11.30,29.0,0.000,0.000,0.000,0.006,0.000,0.000,0.006,0.000,0.000,0.000,0.000,0.000,0.000,0.071,0.006,0.000,0.006,0.006
5.9062,59,0,move,-1,5.9062,5.9173,0,0.000,-0.088,0.176,-0.176,-0.088,0.088,-0.264,-0.088,0.176,0.000,-0.176,-0.088,-0.088,-50.010,34.453,0.000,0.439,0.176,0.000,0.000,0.000,0.000,0.000,0.000,0.000,0.000,0.000,0.000,0.000,0.000,0.000,-51.143,34.557,0.000,0.000,0.000,0.071,10.4,11.30,28.0,0.000,0.000,0.000,0.000,0.000,0.000,0.000,0.000,0.006,0.000,0.000,0.000,0.000,0.071,0.000,0.000,0.006,0.000
6.0076,60,0,move,-1,6.0076,6.0190,0,0.000,-0.088,0.176,-0.176,-0.088,0.088,-0.264,-0.088,0.176,0.000,-0.176,-0.088,-0.088,-50.010,34.453,0.000,0.439,0.176,0.000,0.000,0.000,0.000,0.000,0.000,0.000,0.000,0.000,0.000,0.000,0.000,0.000,-51.143,34.557,0.000,0.000,0.000,0.111,11.2,11.30,28.0,0.000,0.000,0.000,0.006,0.000,0.000,0.000,0.000,0.000,0.000,0.006,0.000,0.000,0.111,0.000,0.000,0.013,0.000
6.1061,61,0,move,-1,6.1061,6.1209,0,0.000,-0.088,0.176,-0.176,-0.088,0.088,-0.264,-0.088,0.176,0.000,-0.176,-0.088,-0.088,-50.010,34.453,0.000,0.439,0.176,0.000,0.000,0.000,0.000,0.000,0.000,0.000,0.000,0.000,0.000,0.000,0.000,0.000,-51.143,34.557,0.000,0.000,0.000,0.084,11.2,11.30,29.0,0.000,0.000,0.000,0.000,0.000,0.000,0.006,0.000,0.000,0.000,0.006,0.000,0.000,0.084,0.000,0.000,0.013,0.000
6.2061,62,0,move,-1,6.2061,6.2187,0,0.000,-0.088,0.176,-0.176,-0.088,0.088,-0.264,-0.088,0.176,0.000,-0.176,-0.088,-0.088,-50.098,34.453,0.000,0.439,0.176,0.000,0.000,0.000,0.000,0.000,0.000,0.000,0.000,0.000,0.000,0.000,0.000,0.000,-51.143,34.557,0.000,0.000,0.000,0.084,11.2,11.30,29.0,0.000,0.000,0.000,0.000,0.000,0.000,0.006,0.000,0.000,0.000,0.006,0.000,0.000,0.084,0.000,0.000,0.013,0.000
6.3063,63,0,move,-1,6.3063,6.3165,0,0.000,-0.088,0.176,-0.176,-0.088,0.088,-0.264,-0.088,0.176,0.000,-0.176,-0.088,-0.088,-50.186,34.453,0.000,0.439,0.176,0.000,0.000,0.000,0.000,0.000,0.000,0.000,0.000,0.000,0.000,0.000,0.000,0.000,-51.143,34.557,0.000,0.000,0.000,0.045,10.0,11.30,29.0,0.000,0.000,0.000,0.000,0.000,0.000,0.006,0.000,0.000,0.000,0.006,0.000,0.000,0.045,0.000,0.000,0.013,0.006
6.4061,64,0,move,-1,6.4061,6.4180,0,0.000,-0.088,0.176,-0.176,-0.088,0.088,-0.264,-0.088,0.176,0.000,-0.176,-0.088,-0.088,-50.273,34.453,0.000,0.439,0.176,0.000,0.000,0.000,0.000,0.000,0.000,0.000,0.000,0.000,0.000,0.000,0.000,0.000,-51.143,34.557,0.000,0.000,0.000,0.052,9.6,11.30,28.0,0.000,0.000,0.000,0.000,0.000,0.000,0.006,0.000,0.000,0.000,0.006,0.000,0.000,0.052,0.000,0.000,0.013,0.000
6.5069,65,0,move,-1,6.5069,6.5283,0,0.000,-0.088,0.176,-0.176,-0.088,0.088,-0.264,-0.088,0.176,0.000,-0.176,-0.088,-0.088,-50.273,34.453,0.000,0.439,0.176,0.000,0.000,0.000,0.000,0.000,0.000,0.000,0.000,0.000,0.000,0.000,0.000,0.000,-51.143,34.557,0.000,0.000,0.000,0.045,8.8,11.30,29.0,0.000,0.000,0.000,0.000,0.000,0.006,0.006,0.000,0.006,0.000,0.000,0.000,0.000,0.045,0.000,0.000,0.013,0.000
6.6061,66,0,move,-1,6.6061,6.6176,0,0.000,-0.088,0.176,-0.176,-0.088,0.088,-0.264,-0.088,0.176,0.000,-0.176,-0.088,-0.088,-50.273,34.453,0.000,0.439,0.176,0.000,0.000,0.000,0.000,0.000,0.000,0.000,0.000,0.000,0.000,0.000,0.000,0.000,-51.143,34.557,0.000,0.000,0.000,0.045,8.8,11.30,29.0,0.000,0.000,0.000,0.000,0.000,0.006,0.006,0.000,0.006,0.000,0.000,0.000,0.000,0.045,0.000,0.000,0.013,0.000
6.7061,67,0,move,-1,6.7061,6.7172,0,0.000,-0.088,0.176,-0.176,-0.088,0.088,-0.264,-0.088,0.176,0.000,-0.176,-0.088,-0.088,-50.273,34.453,0.000,0.439,0.176,0.000,0.000,0.000,0.000,0.000,0.000,0.000,0.000,0.000,0.000,0.000,0.000,0.000,-51.143,34.557,0.000,0.000,0.000,0.058,8.8,11.30,29.0,0.000,0.000,0.000,0.006,0.000,0.000,0.006,0.000,0.000,0.000,0.000,0.000,0.000,0.058,0.000,0.000,0.006,0.000
6.8063,68,0,move,-1,6.8063,6.8189,0,0.000,-0.088,0.176,-0.176,-0.088,0.088,-0.264,-0.088,0.176,0.000,-0.176,-0.088,-0.088,-50.361,34.453,0.000,0.439,0.176,0.000,0.000,0.000,0.000,0.000,0.000,0.000,0.000,0.000,0.000,0.000,0.000,0.000,-51.143,34.557,0.000,0.000,0.000,0.039,8.8,11.30,29.0,0.000,0.000,0.000,0.006,0.000,0.000,0.006,0.000,0.006,0.000,0.000,0.000,0.000,0.039,0.000,0.000,0.006,0.000
6.9063,69,0,move,-1,6.9063,6.9179,0,0.000,-0.088,0.176,-0.176,-0.088,0.088,-0.264,-0.088,0.176,0.000,-0.176,-0.088,-0.088,-50.361,34.453,0.000,0.439,0.176,0.000,0.000,0.000,0.000,0.000,0.000,0.000,0.000,0.000,0.000,0.000,0.000,0.000,-51.143,34.557,0.000,0.000,0.000,0.039,8.8,11.30,29.0,0.000,0.000,0.000,0.006,0.000,0.000,0.006,0.000,0.006,0.000,0.000,0.000,0.000,0.039,0.000,0.000,0.006,0.000
7.0062,70,0,move,-1,7.0062,7.0189,0,0.000,-0.088,0.176,-0.176,-0.088,0.088,-0.264,-0.088,0.176,0.000,-0.176,-0.088,-0.088,-50.361,34.453,0.000,0.439,0.176,0.000,0.000,0.000,0.000,0.000,0.000,0.000,0.000,0.000,0.000,0.000,0.000,0.000,-51.143,34.557,0.000,0.000,0.000,0.039,8.0,11.30,29.0,0.000,0.000,0.000,0.006,0.000,0.000,0.006,0.000,0.000,0.000,0.006,0.000,0.000,0.039,0.000,0.000,0.006,0.000
7.1063,71,0,move,-1,7.1063,7.1171,0,0.000,-0.088,0.176,-0.176,-0.088,0.088,-0.264,-0.088,0.176,0.000,-0.176,-0.088,-0.088,-50.361,34.453,0.000,0.439,0.176,0.000,0.000,0.000,0.000,0.000,0.000,0.000,0.000,0.000,0.000,0.000,0.000,0.000,-51.143,34.557,0.000,0.000,0.000,0.039,8.0,11.30,29.0,0.000,0.000,0.000,0.006,0.000,0.000,0.006,0.000,0.000,0.000,0.006,0.000,0.000,0.039,0.000,0.000,0.006,0.000
7.2063,72,0,move,-1,7.2063,7.2182,0,0.000,-0.088,0.176,-0.176,-0.088,0.088,-0.264,-0.088,0.176,0.000,-0.176,-0.088,-0.088,-50.361,34.453,0.000,0.439,0.176,0.000,0.000,0.000,0.000,0.000,0.000,0.000,0.000,0.000,0.000,0.000,0.000,0.000,-51.143,34.557,0.000,0.000,0.000,0.039,8.0,11.30,29.0,0.000,0.000,0.000,0.000,0.000,0.000,0.006,0.000,0.006,0.000,0.000,0.000,0.000,0.039,0.000,0.000,0.013,0.006
7.3068,73,0,move,-1,7.3068,7.3158,0,0.000,-0.088,0.176,-0.176,-0.088,0.088,-0.264,-0.088,0.176,0.000,-0.176,-0.088,-0.088,-50.361,34.453,0.000,0.439,0.176,0.000,0.000,0.000,0.000,0.000,0.000,0.000,0.000,0.000,0.000,0.000,0.000,0.000,-51.143,34.557,0.000,0.000,0.000,0.039,8.0,11.30,29.0,0.000,0.000,0.000,0.000,0.000,0.000,0.006,0.000,0.006,0.000,0.000,0.000,0.000,0.039,0.000,0.000,0.013,0.006
7.4065,74,0,move,-1,7.4065,7.4183,0,0.000,-0.088,0.176,-0.176,-0.088,0.088,-0.264,-0.088,0.176,0.000,-0.176,-0.088,-0.088,-50.361,34.453,0.000,0.439,0.176,0.000,0.000,0.000,0.000,0.000,0.000,0.000,0.000,0.000,0.000,0.000,0.000,0.000,-51.143,34.557,0.000,0.000,0.000,0.058,8.0,11.30,28.0,0.000,0.000,0.000,0.000,0.000,0.000,0.006,0.000,0.000,0.000,0.006,0.000,0.000,0.058,0.000,0.000,0.006,0.006
7.5061,75,0,move,-1,7.5061,7.5160,0,0.000,-0.088,0.176,-0.176,-0.088,0.088,-0.264,-0.088,0.176,0.000,-0.176,-0.088,-0.088,-50.361,34.453,0.000,0.439,0.176,0.000,0.000,0.000,0.000,0.000,0.000,0.000,0.000,0.000,0.000,0.000,0.000,0.000,-51.143,34.557,0.000,0.000,0.000,0.058,8.0,11.30,28.0,0.000,0.000,0.000,0.000,0.000,0.000,0.006,0.000,0.000,0.000,0.006,0.000,0.000,0.058,0.000,0.000,0.006,0.006
7.6063,76,0,move,-1,7.6063,7.6173,0,0.000,-0.088,0.176,-0.176,-0.088,0.088,-0.264,-0.088,0.176,0.000,-0.176,-0.088,-0.088,-50.361,34.453,0.000,0.439,0.176,0.000,0.000,0.000,0.000,0.000,0.000,0.000,0.000,0.000,0.000,0.000,0.000,0.000,-51.143,34.557,0.000,0.000,0.000,0.045,8.0,11.30,29.0,0.000,0.000,0.006,0.000,0.000,0.000,0.006,0.000,0.000,0.000,0.006,0.000,0.000,0.045,0.000,0.000,0.006,0.000
7.7062,77,0,move,-1,7.7062,7.7194,0,0.000,-0.088,0.176,-0.176,-0.088,0.088,-0.264,-0.088,0.176,0.000,-0.176,-0.088,-0.088,-50.361,34.453,0.000,0.439,0.176,0.000,0.000,0.000,0.000,0.000,0.000,0.000,0.000,0.000,0.000,0.000,0.000,0.000,-51.143,34.557,0.000,0.000,0.000,0.039,8.0,11.30,28.0,0.000,0.000,0.000,0.000,0.000,0.000,0.006,0.000,0.000,0.000,0.006,0.000,0.000,0.039,0.000,0.000,0.013,0.000
7.8063,78,0,move,-1,7.8063,7.8189,0,0.000,-0.088,0.176,-0.176,-0.088,0.088,-0.264,-0.088,0.176,0.000,-0.176,-0.088,-0.088,-50.361,34.453,0.000,0.439,0.176,0.000,0.000,0.000,0.000,0.000,0.000,0.000,0.000,0.000,0.000,0.000,0.000,0.000,-51.143,34.557,0.000,0.000,0.000,0.039,8.0,11.30,28.0,0.000,0.000,0.000,0.000,0.000,0.000,0.006,0.000,0.000,0.000,0.006,0.000,0.000,0.039,0.000,0.000,0.013,0.000
7.9061,79,0,move,-1,7.9061,7.9185,0,0.000,-0.088,0.176,-0.176,-0.088,0.088,-0.264,-0.088,0.176,0.000,-0.176,-0.088,-0.088,-50.361,34.453,0.000,0.439,0.176,0.000,0.000,0.000,0.000,0.000,0.000,0.000,0.000,0.000,0.000,0.000,0.000,0.000,-51.143,34.557,0.000,0.000,0.000,0.045,8.0,11.30,29.0,0.000,0.000,0.000,0.000,0.000,0.000,0.006,0.000,0.006,0.000,0.000,0.000,0.000,0.045,0.000,0.000,0.006,0.006
8.0061,80,0,move,-1,8.0061,8.0172,0,0.000,-0.088,0.176,-0.176,-0.088,0.088,-0.264,-0.088,0.176,0.000,-0.176,-0.088,-0.088,-50.361,34.453,0.000,0.439,0.176,0.000,0.000,0.000,0.000,0.000,0.000,0.000,0.000,0.000,0.000,0.000,0.000,0.000,-51.143,34.557,0.000,0.000,0.000,0.045,8.0,11.30,29.0,0.000,0.000,0.000,0.000,0.000,0.000,0.006,0.000,0.006,0.000,0.000,0.000,0.000,0.045,0.000,0.000,0.006,0.006
8.1061,81,0,move,-1,8.1061,8.1177,0,0.000,-0.088,0.176,-0.176,-0.088,0.088,-0.264,-0.088,0.176,0.000,-0.176,-0.088,-0.088,-50.361,34.453,0.000,0.439,0.176,0.000,0.000,0.000,0.000,0.000,0.000,0.000,0.000,0.000,0.000,0.000,0.000,0.000,-51.143,34.557,0.000,0.000,0.000,0.039,8.0,11.30,28.0,0.000,0.000,0.000,0.006,0.000,0.000,0.006,0.000,0.000,0.000,0.006,0.000,0.000,0.039,0.000,0.000,0.006,0.006
8.2061,82,0,move,-1,8.2061,8.2202,0,0.000,-0.088,0.176,-0.176,-0.088,0.088,-0.264,-0.088,0.176,0.000,-0.176,-0.088,-0.088,-50.449,34.453,0.000,0.439,0.176,0.000,0.000,0.000,0.000,0.000,0.000,0.000,0.000,0.000,0.000,0.000,0.000,0.000,-51.143,34.557,0.000,0.000,0.000,0.033,7.2,11.30,28.0,0.000,0.000,0.000,0.000,0.000,0.000,0.000,0.000,0.006,0.000,0.000,0.000,0.000,0.033,0.000,0.000,0.006,0.006
8.3061,83,0,move,-1,8.3061,8.3117,0,0.000,-0.088,0.176,-0.176,-0.088,0.088,-0.264,-0.088,0.176,0.000,-0.176,-0.088,-0.088,-50.361,34.453,0.000,0.439,0.176,0.000,0.000,0.000,0.000,0.000,0.000,0.000,0.000,0.000,0.000,0.000,0.000,0.000,-51.143,34.557,0.000,0.000,0.000,0.033,7.2,11.30,28.0,0.000,0.000,0.000,0.000,0.000,0.000,0.000,0.000,0.006,0.000,0.000,0.000,0.000,0.033,0.000,0.000,0.006,0.006
8.4061,84,0,move,-1,8.4061,8.4175,0,0.000,-0.088,0.176,-0.176,-0.088,0.088,-0.264,-0.088,0.176,0.000,-0.176,-0.088,-0.088,-50.361,34.453,0.000,0.439,0.176,0.000,0.000,0.000,0.000,0.000,0.000,0.000,0.000,0.000,0.000,0.000,0.000,0.000,-51.143,34.557,0.000,0.000,0.000,0.039,8.0,11.30,28.0,0.000,0.000,0.000,0.006,0.000,0.000,0.000,0.000,0.000,0.000,0.006,0.000,0.000,0.039,0.000,0.000,0.006,0.006
8.5063,85,0,move,-1,8.5063,8.5183,0,0.000,-0.088,0.176,-0.176,-0.088,0.088,-0.264,-0.088,0.176,0.000,-0.176,-0.088,-0.088,-50.361,34.453,0.000,0.439,0.176,0.000,0.000,0.000,0.000,0.000,0.000,0.000,0.000,0.000,0.000,0.000,0.000,0.000,-51.143,34.557,0.000,0.000,0.000,0.039,8.0,11.30,28.0,0.000,0.000,0.000,0.006,0.000,0.000,0.006,0.000,0.006,0.000,0.006,0.000,0.000,0.039,0.000,0.000,0.006,0.000
8.6085,86,0,move,-1,8.6085,8.7101,0,0.000,-0.088,0.176,-0.176,-0.088,0.088,-0.264,-0.088,0.176,0.000,-0.176,-0.088,-0.088,-50.361,34.453,0.000,0.439,0.176,0.000,0.000,0.000,0.000,0.000,0.000,0.000,0.000,0.000,0.000,0.000,0.000,0.000,-51.143,34.557,0.000,0.000,0.000,0.039,8.0,11.30,29.0,0.000,0.000,0.000,0.006,0.000,0.000,0.000,0.000,0.000,0.000,0.000,0.000,0.000,0.039,0.000,0.000,0.013,0.000
8.7245,87,0,move,-1,8.7245,8.7304,0,0.000,-0.088,0.176,-0.176,-0.088,0.088,-0.264,-0.088,0.176,0.000,-0.176,-0.088,-0.088,-50.361,34.453,0.000,0.439,0.176,0.000,0.000,0.000,0.000,0.000,0.000,0.000,0.000,0.000,0.000,0.000,0.000,0.000,-51.143,34.557,0.000,0.000,0.000,0.039,8.0,11.30,29.0,0.000,0.000,0.000,0.006,0.000,0.000,0.000,0.000,0.000,0.000,0.000,0.000,0.000,0.039,0.000,0.000,0.013,0.000
8.8062,88,0,move,-1,8.8062,8.8201,0,0.000,-0.088,0.176,-0.176,-0.088,0.088,-0.264,-0.088,0.176,0.000,-0.176,-0.088,-0.088,-50.361,34.453,0.000,0.439,0.176,0.000,0.000,0.000,0.000,0.000,0.000,0.000,0.000,0.000,0.000,0.000,0.000,0.000,-51.143,34.557,0.000,0.000,0.000,0.039,8.0,11.30,28.0,0.000,,0.006,0.006,0.000,0.000,0.000,0.000,0.006,0.000,0.006,0.000,0.000,0.039,0.000,0.000,0.013,0.000
8.9061,89,0,move,-1,8.9061,8.9179,0,0.000,-0.088,0.176,-0.176,-0.088,0.088,-0.264,-0.088,0.176,0.000,-0.176,-0.088,-0.088,-50.361,34.453,0.000,0.439,0.176,0.000,0.000,0.000,0.000,0.000,0.000,0.000,0.000,0.000,0.000,0.000,0.000,0.000,-51.143,34.557,0.000,0.000,0.000,0.039,8.0,11.30,28.0,0.000,,0.006,0.006,0.000,0.000,0.000,0.000,0.006,0.000,0.006,0.000,0.000,0.039,0.000,0.000,0.013,0.000
9.0062,90,0,move,-1,9.0062,9.0187,0,0.000,-0.088,0.176,-0.176,-0.088,0.088,-0.264,-0.088,0.176,0.000,-0.176,-0.088,-0.088,-50.361,34.453,0.000,0.439,0.176,0.000,0.000,0.000,0.000,0.000,0.000,0.000,0.000,0.000,0.000,0.000,0.000,0.000,-51.143,34.557,0.000,0.000,0.000,0.052,8.0,11.30,29.0,0.000,0.000,0.000,0.006,0.000,0.000,0.006,0.000,0.000,0.000,0.000,0.000,0.000,0.052,0.000,0.000,0.013,0.006
9.1063,91,0,move,-1,9.1063,9.1181,0,0.000,-0.088,0.176,-0.176,-0.088,0.088,-0.264,-0.088,0.176,0.000,-0.176,-0.088,-0.088,-50.273,34.453,0.000,0.439,0.176,0.000,0.000,0.000,0.000,0.000,0.000,0.000,0.000,0.000,0.000,0.000,0.000,0.000,-51.143,34.557,0.000,0.000,0.000,0.052,8.0,11.30,29.0,0.000,0.000,0.000,0.006,0.000,0.000,0.006,0.000,0.000,0.000,0.000,0.000,0.000,0.052,0.000,0.000,0.013,0.006
9.2061,92,0,move,-1,9.2061,9.2174,0,0.000,-0.088,0.176,-0.176,-0.088,0.088,-0.264,-0.088,0.176,0.000,-0.176,-0.088,-0.088,-50.273,34.453,0.000,0.439,0.176,0.000,0.000,0.000,0.000,0.000,0.000,0.000,0.000,0.000,0.000,0.000,0.000,0.000,-51.143,34.557,0.000,0.000,0.000,0.058,8.8,11.30,29.0,0.000,0.000,0.000,0.000,0.000,0.000,0.006,0.000,0.000,0.000,0.006,0.000,0.000,0.058,0.000,0.000,0.006,0.006
9.3061,93,0,move,-1,9.3061,9.3196,0,0.000,-0.088,0.176,-0.176,-0.088,0.088,-0.264,-0.088,0.176,0.000,-0.176,-0.088,-0.088,-50.273,34.453,0.000,0.439,0.176,0.000,0.000,0.000,0.000,0.000,0.000,0.000,0.000,0.000,0.000,0.000,0.000,0.000,-51.143,34.557,0.000,0.000,0.000,0.058,8.8,11.30,29.0,0.000,0.000,0.000,0.000,0.000,0.000,0.006,0.000,0.006,0.000,0.000,0.000,0.000,0.058,0.000,0.000,0.006,0.006
9.4061,94,0,move,-1,9.4061,9.4167,0,0.000,-0.088,0.176,-0.176,-0.088,0.088,-0.264,-0.088,0.176,0.000,-0.176,-0.088,-0.088,-50.273,34.453,0.000,0.439,0.176,0.000,0.000,0.000,0.000,0.000,0.000,0.000,0.000,0.000,0.000,0.000,0.000,0.000,-51.143,34.557,0.000,0.000,0.000,0.058,8.8,11.30,29.0,0.000,0.000,0.000,0.000,0.000,0.000,0.006,0.000,0.006,0.000,0.000,0.000,0.000,0.058,0.000,0.000,0.006,0.006
9.5063,95,0,move,-1,9.5063,9.5173,0,0.000,-0.088,0.176,-0.176,-0.088,0.088,-0.264,-0.088,0.176,0.000,-0.176,-0.088,-0.088,-50.273,34.453,0.000,0.439,0.176,0.000,0.000,0.000,0.000,0.000,0.000,0.000,0.000,0.000,0.000,0.000,0.000,0.000,-51.143,34.557,0.000,0.000,0.000,0.065,8.8,11.30,28.0,0.000,0.000,0.000,0.000,0.000,0.000,0.006,0.000,0.006,0.000,0.000,0.000,0.000,0.065,0.000,0.000,0.013,0.000
9.6063,96,0,move,-1,9.6063,9.6170,0,0.000,-0.088,0.176,-0.176,-0.088,0.088,-0.264,-0.088,0.176,0.000,-0.176,-0.088,-0.088,-50.273,34.453,0.000,0.439,0.176,0.000,0.000,0.000,0.000,0.000,0.000,0.000,0.000,0.000,0.000,0.000,0.000,0.000,-51.143,34.557,0.000,0.000,0.000,0.065,8.8,11.30,28.0,0.000,0.000,0.000,0.000,0.000,0.000,0.006,0.000,0.006,0.000,0.000,0.000,0.000,0.065,0.000,0.000,0.013,0.000
9.7061,97,0,move,-1,9.7061,9.7112,0,0.000,-0.088,0.176,-0.176,-0.088,0.088,-0.264,-0.088,0.176,0.000,-0.176,-0.088,-0.088,-50.273,34.453,0.000,0.439,0.176,0.000,0.000,0.000,0.000,0.000,0.000,0.000,0.000,0.000,0.000,0.000,0.000,0.000,-51.143,34.557,0.000,0.000,0.000,0.058,8.8,11.30,28.0,0.000,0.000,0.000,0.000,0.000,0.000,0.006,0.000,0.000,0.000,0.006,0.000,0.000,0.058,0.000,0.000,0.006,0.000
9.8061,98,0,move,-1,9.8061,9.8156,0,0.000,-0.088,0.176,-0.176,-0.088,0.088,-0.264,-0.088,0.176,0.000,-0.176,-0.088,-0.088,-50.273,34.453,0.000,0.439,0.176,0.000,0.000,0.000,0.000,0.000,0.000,0.000,0.000,0.000,0.000,0.000,0.000,0.000,-51.143,34.557,0.000,0.000,0.000,0.058,8.8,11.30,28.0,0.000,0.000,0.000,0.000,0.000,0.000,0.006,0.000,0.000,0.000,0.006,0.000,0.000,0.058,0.000,0.000,0.013,0.006
9.9061,99,0,move,-1,9.9061,9.9173,0,0.000,-0.088,0.176,-0.176,-0.088,0.088,-0.264,-0.088,0.176,0.000,-0.176,-0.088,-0.088,-50.273,34.453,0.000,0.439,0.176,0.000,0.000,0.000,0.000,0.000,0.000,0.000,0.000,0.000,0.000,0.000,0.000,0.000,-51.143,34.557,0.000,0.000,0.000,0.045,8.8,11.30,28.0,0.000,0.000,0.000,0.006,0.000,0.000,0.006,0.000,0.000,0.000,0.006,0.000,0.000,0.045,0.000,0.000,0.006,0.000
10.0063,100,0,move,-1,10.0063,10.0158,0,0.000,-0.088,0.176,-0.176,-0.088,0.088,-0.264,-0.088,0.176,0.000,-0.176,-0.088,-0.088,-50.273,34.453,0.000,0.439,0.176,0.000,0.000,0.000,0.000,0.000,0.000,0.000,0.000,0.000,0.000,0.000,0.000,0.000,-51.143,34.557,0.000,0.000,0.000,0.045,8.8,11.30,28.0,0.000,0.000,0.000,0.006,0.000,0.000,0.006,0.000,0.000,0.000,0.006,0.000,0.000,0.045,0.000,0.000,0.006,0.000
10.1061,101,0,move,-1,10.1061,10.1170,0,0.000,-0.088,0.176,-0.176,-0.088,0.088,-0.264,-0.088,0.176,0.000,-0.176,-0.088,-0.088,-50.273,34.453,0.000,0.439,0.176,0.000,0.000,0.000,0.000,0.000,0.000,0.000,0.000,0.000,0.000,0.000,0.000,0.000,-51.143,34.557,0.000,0.000,0.000,0.065,8.8,11.30,29.0,0.000,0.000,0.000,0.000,0.000,0.000,0.006,0.000,0.000,0.000,0.000,0.000,0.000,0.065,0.000,0.000,0.013,0.006
10.2148,102,0,move,-1,10.2148,10.2273,0,0.000,-0.088,0.176,-0.176,-0.088,0.088,-0.264,-0.088,0.176,0.000,-0.176,-0.088,-0.088,-50.273,34.453,0.000,0.439,0.176,0.000,0.000,0.000,0.000,0.000,0.000,0.000,0.000,0.000,0.000,0.000,0.000,0.000,-51.143,34.557,0.000,0.000,0.000,0.045,8.8,11.30,29.0,0.000,0.000,0.000,0.000,0.000,0.000,0.000,0.000,0.006,0.000,0.006,0.000,0.000,0.045,0.000,0.000,0.006,0.006
10.3063,103,0,move,-1,10.3063,10.3168,0,0.000,-0.088,0.176,-0.176,-0.088,0.088,-0.264,-0.088,0.176,0.000,-0.176,-0.088,-0.088,-50.273,34.453,0.000,0.439,0.176,0.000,0.000,0.000,0.000,0.000,0.000,0.000,0.000,0.000,0.000,0.000,0.000,0.000,-51.143,34.557,0.000,0.000,0.000,0.045,8.8,11.30,29.0,0.000,0.000,0.000,0.000,0.000,0.000,0.000,0.000,0.006,0.000,0.006,0.000,0.000,0.045,0.000,0.000,0.006,0.006
10.4062,104,0,move,-1,10.4062,10.4183,0,0.000,-0.088,0.176,-0.176,-0.088,0.088,-0.264,-0.088,0.176,0.000,-0.176,-0.088,-0.088,-50.273,34.453,0.000,0.439,0.176,0.000,0.000,0.000,0.000,0.000,0.000,0.000,0.000,0.000,0.000,0.000,0.000,0.000,-51.143,34.557,0.000,0.000,0.000,0.065,8.8,11.30,28.0,0.000,0.000,0.006,0.000,0.000,0.000,0.006,0.000,0.000,0.000,0.000,0.000,0.000,0.065,0.000,0.000,0.006,0.006
10.5063,105,0,move,-1,10.5063,10.5167,0,0.000,-0.088,0.176,-0.176,-0.088,0.088,-0.264,-0.088,0.176,0.000,-0.176,-0.088,-0.088,-50.273,34.453,0.000,0.439,0.176,0.000,0.000,0.000,0.000,0.000,0.000,0.000,0.000,0.000,0.000,0.000,0.000,0.000,-51.143,34.557,0.000,0.000,0.000,0.065,8.8,11.30,28.0,0.000,0.000,0.006,0.000,0.000,0.000,0.006,0.000,0.000,0.000,0.000,0.000,0.000,0.065,0.000,0.000,0.006,0.006
10.6061,106,0,move,-1,10.6061,10.6178,0,0.000,-0.088,0.176,-0.176,-0.088,0.088,-0.264,-0.088,0.176,0.000,-0.176,-0.088,-0.088,-50.273,34.453,0.000,0.439,0.176,0.000,0.000,0.000,0.000,0.000,0.000,0.000,0.000,0.000,0.000,0.000,0.000,0.000,-51.143,34.557,0.000,0.000,0.000,0.045,8.8,11.30,29.0,0.000,0.000,0.006,0.000,0.000,0.000,0.000,0.000,0.000,0.000,0.000,0.000,0.000,0.045,0.000,0.000,0.006,0.000
10.7063,107,0,move,-1,10.7063,10.7173,0,0.000,-0.088,0.176,-0.176,-0.088,0.088,-0.264,-0.088,0.176,0.000,-0.176,-0.088,-0.088,-50.273,34.453,0.000,0.439,0.176,0.000,0.000,0.000,0.000,0.000,0.000,0.000,0.000,0.000,0.000,0.000,0.000,0.000,-51.143,34.557,0.000,0.000,0.000,0.045,8.8,11.30,29.0,0.000,0.000,0.006,0.000,0.000,0.000,0.000,0.000,0.000,0.000,0.000,0.000,0.000,0.045,0.000,0.000,0.006,0.000
10.8063,108,0,move,-1,10.8063,10.8206,0,0.000,-0.088,0.176,-0.176,-0.088,0.088,-0.264,-0.088,0.176,0.000,-0.176,-0.088,-0.088,-50.273,34.453,0.000,0.439,0.176,0.000,0.000,0.000,0.000,0.000,0.000,0.000,0.000,0.000,0.000,0.000,0.000,0.000,-51.143,34.557,0.000,0.000,0.000,0.058,8.8,11.30,29.0,0.000,0.000,0.000,0.006,0.000,0.000,0.006,0.000,0.000,0.000,0.000,0.000,0.000,0.058,0.000,0.000,0.006,0.006
10.9097,109,0,move,-1,10.9097,10.9303,0,0.000,-0.088,0.176,-0.176,-0.088,0.088,-0.264,-0.088,0.176,0.000,-0.176,-0.088,-0.088,-50.273,34.453,0.000,0.439,0.176,0.000,0.000,0.000,0.000,0.000,0.000,0.000,0.000,0.000,0.000,0.000,0.000,0.000,-51.143,34.557,0.000,0.000,0.000,0.058,8.8,11.30,29.0,0.000,0.000,0.000,0.000,0.000,0.000,0.006,0.000,0.000,0.000,0.000,0.000,0.000,0.058,0.000,0.000,0.013,0.000
11.0089,110,0,move,-1,11.0089,11.0197,0,0.000,-0.088,0.176,-0.176,-0.088,0.088,-0.264,-0.088,0.176,0.000,-0.176,-0.088,-0.088,-50.273,34.453,0.000,0.439,0.176,0.000,0.000,0.000,0.000,0.000,0.000,0.000,0.000,0.000,0.000,0.000,0.000,0.000,-51.143,34.557,0.000,0.000,0.000,0.058,8.8,11.30,29.0,0.000,0.000,0.000,0.000,0.000,0.000,0.006,0.000,0.000,0.000,0.000,0.000,0.000,0.058,0.000,0.000,0.013,0.000
11.1111,111,0,move,-1,11.1111,11.1395,0,0.000,-0.088,0.176,-0.176,-0.088,0.088,-0.264,-0.088,0.176,0.000,-0.176,-0.088,-0.088,-50.273,34.453,0.000,0.439,0.176,0.000,0.000,0.000,0.000,0.000,0.000,0.000,0.000,0.000,0.000,0.000,0.000,0.000,-51.143,34.557,0.000,0.000,0.000,0.052,8.8,11.30,29.0,0.000,0.000,0.000,0.006,0.000,0.000,0.000,0.000,0.000,0.000,0.000,0.000,0.000,0.052,0.000,0.000,0.013,0.000
11.2061,112,0,move,-1,11.2061,11.2186,0,0.000,-0.088,0.176,-0.176,-0.088,0.088,-0.264,-0.088,0.176,0.000,-0.176,-0.088,-0.088,-50.273,34.453,0.000,0.439,0.176,0.000,0.000,0.000,0.000,0.000,0.000,0.000,0.000,0.000,0.000,0.000,0.000,0.000,-51.143,34.557,0.000,0.000,0.000,0.052,8.8,11.30,29.0,0.000,0.000,0.000,0.006,0.000,0.000,0.000,0.000,0.000,0.000,0.000,0.000,0.000,0.052,0.000,0.000,0.013,0.000
11.3063,113,0,move,-1,11.3063,11.3191,0,0.000,-0.088,0.176,-0.176,-0.088,0.088,-0.264,-0.088,0.176,0.000,-0.176,-0.088,-0.088,-50.273,34.453,0.000,0.439,0.176,0.000,0.000,0.000,0.000,0.000,0.000,0.000,0.000,0.000,0.000,0.000,0.000,0.000,-51.143,34.557,0.000,0.000,0.000,0.052,8.8,11.30,29.0,0.000,0.000,0.000,0.006,0.000,0.000,0.000,0.000,0.000,0.000,0.000,0.000,0.000,0.052,0.000,0.000,0.006,0.000
11.4062,114,0,move,-1,11.4062,11.4184,0,0.000,-0.088,0.176,-0.176,-0.088,0.088,-0.264,-0.088,0.176,0.000,-0.176,-0.088,-0.088,-50.273,34.453,0.000,0.439,0.176,0.000,0.000,0.000,0.000,0.000,0.000,0.000,0.000,0.000,0.000,0.000,0.000,0.000,-51.143,34.557,0.000,0.000,0.000,0.052,8.8,11.30,29.0,0.000,0.000,0.000,0.006,0.000,0.000,0.000,0.000,0.000,0.000,0.000,0.000,0.000,0.052,0.000,0.000,0.006,0.000
11.5098,115,0,move,-1,11.5098,11.5325,0,0.000,-0.088,0.176,-0.176,-0.088,0.088,-0.264,-0.088,0.176,0.000,-0.176,-0.088,-0.088,-50.273,34.453,0.000,0.439,0.176,0.000,0.000,0.000,0.000,0.000,0.000,0.000,0.000,0.000,0.000,0.000,0.000,0.000,-51.143,34.557,0.000,0.000,0.000,0.065,8.8,11.30,29.0,0.000,0.000,0.000,0.000,0.000,0.000,0.000,0.000,0.000,0.000,0.000,0.000,0.000,0.065,0.000,0.000,0.006,0.000
11.6063,116,0,move,-1,11.6063,11.6202,0,0.000,-0.088,0.176,-0.176,-0.088,0.088,-0.264,-0.088,0.176,0.000,-0.176,-0.088,-0.088,-50.273,34.453,0.000,0.439,0.176,0.000,0.000,0.000,0.000,0.000,0.000,0.000,0.000,0.000,0.000,0.000,0.000,0.000,-51.143,34.557,0.000,0.000,0.000,0.065,8.8,11.30,29.0,0.000,0.000,0.000,0.000,0.000,0.000,0.000,0.000,0.000,0.000,0.000,0.000,0.000,0.065,0.000,0.000,0.006,0.000
11.7061,117,0,move,-1,11.7061,11.7168,0,0.000,-0.088,0.176,-0.176,-0.088,0.088,-0.264,-0.088,0.176,0.000,-0.176,-0.088,-0.088,-50.273,34.453,0.000,0.439,0.176,0.000,0.000,0.000,0.000,0.000,0.000,0.000,0.000,0.000,0.000,0.000,0.000,0.000,-51.143,34.557,0.000,0.000,0.000,0.065,8.8,11.30,29.0,0.000,0.000,0.000,0.006,0.000,0.000,0.006,0.000,0.000,0.000,0.000,0.000,0.000,0.065,0.000,0.000,0.013,0.000
11.8064,118,0,move,-1,11.8064,11.8182,0,0.000,-0.088,0.176,-0.176,-0.088,0.088,-0.264,-0.088,0.176,0.000,-0.176,-0.088,-0.088,-50.273,34.453,0.000,0.439,0.176,0.000,0.000,0.000,0.000,0.000,0.000,0.000,0.000,0.000,0.000,0.000,0.000,0.000,-51.143,34.557,0.000,0.000,0.000,0.052,8.8,11.30,28.0,0.000,0.000,0.000,0.006,0.000,0.000,0.006,0.000,0.006,0.000,0.000,0.000,0.000,0.052,0.000,0.000,0.006,0.006
11.9061,119,0,move,-1,11.9061,11.9164,0,0.000,-0.088,0.176,-0.176,-0.088,0.088,-0.264,-0.088,0.176,0.000,-0.176,-0.088,-0.088,-50.273,34.453,0.000,0.439,0.176,0.000,0.000,0.000,0.000,0.000,0.000,0.000,0.000,0.000,0.000,0.000,0.000,0.000,-51.143,34.557,0.000,0.000,0.000,0.052,8.8,11.30,28.0,0.000,0.000,0.000,0.006,0.000,0.000,0.006,0.000,0.006,0.000,0.000,0.000,0.000,0.052,0.000,0.000,0.006,0.006
12.0063,120,0,move,-1,12.0063,12.0201,0,0.000,-0.088,0.176,-0.176,-0.088,0.088,-0.264,-0.088,0.176,0.000,-0.176,-0.088,-0.088,-50.273,34.453,0.000,0.439,0.176,0.000,0.000,0.000,0.000,0.000,0.000,0.000,0.000,0.000,0.000,0.000,0.000,0.000,-51.143,34.557,0.000,0.000,0.000,0.045,8.8,11.30,29.0,0.000,0.000,0.000,0.006,0.000,0.000,0.000,0.000,0.000,0.000,0.000,0.000,0.000,0.045,0.000,0.000,0.006,0.000
12.1063,121,0,move,-1,12.1063,12.1194,0,0.000,-0.088,0.176,-0.176,-0.088,0.088,-0.264,-0.088,0.176,0.000,-0.176,-0.088,-0.088,-50.273,34.453,0.000,0.439,0.176,0.000,0.000,0.000,0.000,0.000,0.000,0.000,0.000,0.000,0.000,0.000,0.000,0.000,-51.143,34.557,0.000,0.000,0.000,0.045,8.8,11.30,29.0,0.000,0.000,0.000,0.006,0.000,0.000,0.000,0.000,0.000,0.000,0.000,0.000,0.000,0.045,0.000,0.000,0.006,0.000
12.2079,122,0,move,-1,12.2079,12.2241,0,0.000,-0.088,0.176,-0.176,-0.088,0.088,-0.264,-0.088,0.176,0.000,-0.176,-0.088,-0.088,-50.273,34.453,0.000,0.439,0.176,0.000,0.000,0.000,0.000,0.000,0.000,0.000,0.000,0.000,0.000,0.000,0.000,0.000,-51.143,34.557,0.000,0.000,0.000,0.045,8.8,11.30,29.0,0.000,0.000,0.000,0.006,0.000,0.000,0.006,0.000,0.006,0.000,0.006,0.000,0.000,0.045,0.000,0.000,0.006,0.006
12.3061,123,0,move,-1,12.3061,12.3166,0,0.000,-0.088,0.176,-0.176,-0.088,0.088,-0.264,-0.088,0.176,0.000,-0.176,-0.088,-0.088,-50.273,34.453,0.000,0.439,0.176,0.000,0.000,0.000,0.000,0.000,0.000,0.000,0.000,0.000,0.000,0.000,0.000,0.000,-51.143,34.557,0.000,0.000,0.000,0.045,8.8,11.30,29.0,0.000,0.000,0.000,0.006,0.000,0.000,0.006,0.000,0.006,0.000,0.006,0.000,0.000,0.045,0.000,0.000,0.006,0.006
12.4063,124,0,move,-1,12.4063,12.4173,0,0.000,-0.088,0.176,-0.176,-0.088,0.088,-0.264,-0.088,0.176,0.000,-0.176,-0.088,-0.088,-50.273,34.453,0.000,0.439,0.176,0.000,0.000,0.000,0.000,0.000,0.000,0.000,0.000,0.000,0.000,0.000,0.000,0.000,-51.143,34.557,0.000,0.000,0.000,0.045,8.8,11.30,29.0,0.000,,0.000,0.006,0.000,0.000,0.006,0.000,0.000,0.000,0.000,0.000,0.000,0.045,0.000,0.000,0.006,0.000
12.5061,125,0,move,-1,12.5061,12.5194,0,0.000,-0.088,0.176,-0.176,-0.088,0.088,-0.264,-0.088,0.176,0.000,-0.176,-0.088,-0.088,-50.273,34.453,0.000,0.439,0.176,0.000,0.000,0.000,0.000,0.000,0.000,0.000,0.000,0.000,0.000,0.000,0.000,0.000,-51.143,34.557,0.000,0.000,0.000,0.065,8.8,11.30,28.0,0.000,0.000,0.000,0.006,0.000,0.000,0.006,0.000,0.000,0.000,0.000,0.000,0.000,0.065,0.000,0.000,0.006,0.000
12.6063,126,0,move,-1,12.6063,12.6167,0,0.000,-0.088,0.176,-0.176,-0.088,0.088,-0.264,-0.088,0.176,0.000,-0.176,-0.088,-0.088,-50.273,34.453,0.000,0.439,0.176,0.000,0.000,0.000,0.000,0.000,0.000,0.000,0.000,0.000,0.000,0.000,0.000,0.000,-51.143,34.557,0.000,0.000,0.000,0.065,8.8,11.30,28.0,0.000,0.000,0.000,0.006,0.000,0.000,0.006,0.000,0.000,0.000,0.000,0.000,0.000,0.065,0.000,0.000,0.006,0.000
12.7096,127,0,move,-1,12.7096,12.7470,0,0.000,-0.088,0.176,-0.176,-0.088,0.088,-0.264,-0.088,0.176,0.000,-0.176,-0.088,-0.088,-50.273,34.453,0.000,0.439,0.176,0.000,0.000,0.000,0.000,0.000,0.000,0.000,0.000,0.000,0.000,0.000,0.000,0.000,-51.143,34.557,0.000,0.000,0.000,0.065,8.8,11.30,28.0,0.000,0.000,0.000,0.006,0.000,0.000,0.006,0.006,0.000,0.000,0.000,0.000,0.000,0.065,0.000,0.000,0.006,0.000
12.8065,128,0,move,-1,12.8065,12.8325,0,0.000,-0.088,0.176,-0.176,-0.088,0.088,-0.264,-0.088,0.176,0.000,-0.176,-0.088,-0.088,-50.273,34.453,0.000,0.439,0.176,0.000,0.000,0.000,0.000,0.000,0.000,0.000,0.000,0.000,0.000,0.000,0.000,0.000,-51.143,34.557,0.000,0.000,0.000,0.065,8.8,11.30,28.0,0.000,0.000,0.000,0.006,0.000,0.000,0.006,0.006,0.000,0.000,0.000,0.000,0.000,0.065,0.000,0.000,0.006,0.000
12.9063,129,0,move,-1,12.9063,12.9177,0,0.000,-0.088,0.176,-0.176,-0.088,0.088,-0.264,-0.088,0.176,0.000,-0.176,-0.088,-0.088,-50.273,34.453,0.000,0.439,0.176,0.000,0.000,0.000,0.000,0.000,0.000,0.000,0.000,0.000,0.000,0.000,0.000,0.000,-51.143,34.557,0.000,0.000,0.000,0.058,8.8,11.30,28.0,0.000,0.000,0.000,0.000,0.000,0.000,0.006,0.000,0.006,0.000,0.000,0.000,0.000,0.058,0.000,0.000,0.013,0.000
13.0061,130,0,move,-1,13.0061,13.0158,0,0.000,-0.088,0.176,-0.176,-0.088,0.088,-0.264,-0.088,0.176,0.000,-0.176,-0.088,-0.088,-50.273,34.453,0.000,0.439,0.176,0.000,0.000,0.000,0.000,0.000,0.000,0.000,0.000,0.000,0.000,0.000,0.000,0.000,-51.143,34.557,0.000,0.000,0.000,0.058,8.8,11.30,28.0,0.000,0.000,0.000,0.000,0.000,0.000,0.006,0.000,0.006,0.000,0.000,0.000,0.000,0.058,0.000,0.000,0.013,0.000
13.1063,131,0,move,-1,13.1063,13.1185,0,0.000,-0.088,0.176,-0.176,-0.088,0.088,-0.264,-0.088,0.176,0.000,-0.176,-0.088,-0.088,-50.273,34.453,0.000,0.439,0.176,0.000,0.000,0.000,0.000,0.000,0.000,0.000,0.000,0.000,0.000,0.000,0.000,0.000,-51.143,34.557,0.000,0.000,0.000,0.045,8.8,11.30,29.0,0.000,0.000,0.000,0.000,0.000,0.000,0.000,0.000,0.006,0.000,0.006,0.000,0.000,0.045,0.000,0.000,0.006,0.006
13.2100,132,0,move,-1,13.2100,13.2455,0,0.000,-0.088,0.176,-0.176,-0.088,0.088,-0.264,-0.088,0.176,0.000,-0.176,-0.088,-0.088,-50.273,34.453,0.000,0.439,0.176,0.000,0.000,0.000,0.000,0.000,0.000,0.000,0.000,0.000,0.000,0.000,0.000,0.000,-51.143,34.557,0.000,0.000,0.000,0.045,8.8,11.30,29.0,0.000,0.000,0.000,0.000,0.000,0.000,0.006,0.000,0.000,0.000,0.000,0.000,0.000,0.045,0.000,0.000,0.006,0.000
13.3061,133,0,move,-1,13.3061,13.3152,0,0.000,-0.088,0.176,-0.176,-0.088,0.088,-0.264,-0.088,0.176,0.000,-0.176,-0.088,-0.088,-50.273,34.453,0.000,0.439,0.176,0.000,0.000,0.000,0.000,0.000,0.000,0.000,0.000,0.000,0.000,0.000,0.000,0.000,-51.143,34.557,0.000,0.000,0.000,0.045,8.8,11.30,29.0,0.000,0.000,0.000,0.000,0.000,0.000,0.006,0.000,0.000,0.000,0.000,0.000,0.000,0.045,0.000,0.000,0.006,0.000
13.4061,134,0,move,-1,13.4061,13.4167,0,0.000,-0.088,0.176,-0.176,-0.088,0.088,-0.264,-0.088,0.176,0.000,-0.176,-0.088,-0.088,-50.273,34.453,0.000,0.439,0.176,0.000,0.000,0.000,0.000,0.000,0.000,0.000,0.000,0.000,0.000,0.000,0.000,0.000,-51.143,34.557,0.000,0.000,0.000,0.058,8.8,11.30,29.0,0.000,0.000,0.000,0.006,0.000,0.000,0.006,0.000,0.000,0.000,0.000,0.000,0.000,0.058,0.000,0.000,0.006,0.000
13.5061,135,0,move,-1,13.5061,13.5191,0,0.000,-0.088,0.176,-0.176,-0.088,0.088,-0.264,-0.088,0.176,0.000,-0.176,-0.088,-0.088,-50.273,34.453,0.000,0.439,0.176,0.000,0.000,0.000,0.000,0.000,0.000,0.000,0.000,0.000,0.000,0.000,0.000,0.000,-51.143,34.557,0.000,0.000,0.000,0.045,8.8,11.30,29.0,0.000,0.000,0.000,0.006,0.000,0.000,0.006,0.000,0.000,0.000,0.000,0.000,0.000,0.045,0.000,0.000,0.006,0.000
13.6063,136,0,move,-1,13.6063,13.6170,0,0.000,-0.088,0.176,-0.176,-0.088,0.088,-0.264,-0.088,0.176,0.000,-0.176,-0.088,-0.088,-50.273,34.453,0.000,0.439,0.176,0.000,0.000,0.000,0.000,0.000,0.000,0.000,0.000,0.000,0.000,0.000,0.000,0.000,-51.143,34.557,0.000,0.000,0.000,0.045,8.8,11.30,29.0,0.000,0.000,0.000,0.006,0.000,0.000,0.006,0.000,0.000,0.000,0.000,0.000,0.000,0.045,0.000,0.000,0.006,0.000
13.7063,137,0,move,-1,13.7063,13.7198,0,0.000,-0.088,0.176,-0.176,-0.088,0.088,-0.264,-0.088,0.176,0.000,-0.176,-0.088,-0.088,-50.273,34.453,0.000,0.439,0.176,0.000,0.000,0.000,0.000,0.000,0.000,0.000,0.000,0.000,0.000,0.000,0.000,0.000,-51.143,34.557,0.000,0.000,0.000,0.058,8.8,11.30,28.0,0.000,0.000,0.006,0.006,0.000,0.000,0.006,0.000,0.000,0.000,0.000,0.000,0.000,0.058,0.000,0.000,0.006,0.000
13.8063,138,0,move,-1,13.8063,13.8171,0,0.000,-0.088,0.176,-0.176,-0.088,0.088,-0.264,-0.088,0.176,0.000,-0.176,-0.088,-0.088,-50.273,34.453,0.000,0.439,0.176,0.000,0.000,0.000,0.000,0.000,0.000,0.000,0.000,0.000,0.000,0.000,0.000,0.000,-51.143,34.557,0.000,0.000,0.000,0.058,8.8,11.30,28.0,0.000,0.000,0.006,0.006,0.000,0.000,0.006,0.000,0.000,0.000,0.000,0.000,0.000,0.058,0.000,0.000,0.006,0.000
13.9063,139,0,move,-1,13.9063,13.9191,0,0.000,-0.088,0.176,-0.176,-0.088,0.088,-0.264,-0.088,0.176,0.000,-0.176,-0.088,-0.088,-50.273,34.453,0.000,0.439,0.176,0.000,0.000,0.000,0.000,0.000,0.000,0.000,0.000,0.000,0.000,0.000,0.000,0.000,-51.143,34.557,0.000,0.000,0.000,0.058,8.8,11.30,29.0,0.000,0.000,0.000,0.000,0.000,0.000,0.000,0.000,0.000,0.000,0.006,0.000,0.000,0.058,0.000,0.000,0.006,0.006
14.0063,140,0,move,-1,14.0063,14.0172,0,0.000,-0.088,0.176,-0.176,-0.088,0.088,-0.264,-0.088,0.176,0.000,-0.176,-0.088,-0.088,-50.273,34.453,0.000,0.439,0.176,0.000,0.000,0.000,0.000,0.000,0.000,0.000,0.000,0.000,0.000,0.000,0.000,0.000,-51.045,34.512,0.000,0.000,0.000,0.058,8.8,11.30,29.0,0.000,0.000,0.000,0.000,0.000,0.000,0.000,0.000,0.000,0.000,0.006,0.000,0.000,0.058,0.000,0.000,0.006,0.006
14.1063,141,0,move,-1,14.1063,14.1188,0,0.000,-0.088,0.176,-0.176,-0.088,0.088,-0.264,-0.088,0.176,0.000,-0.176,-0.088,-0.088,-50.273,34.453,0.000,0.439,0.176,0.000,0.000,0.000,0.000,0.000,0.000,0.000,0.000,0.000,0.000,0.000,0.000,0.000,-50.765,34.384,0.000,0.000,0.000,0.039,8.0,11.30,29.0,0.000,0.000,0.006,0.000,0.000,0.000,0.006,0.000,0.000,0.000,0.006,0.000,0.000,0.039,0.000,0.000,0.006,0.006
14.2063,142,0,move,-1,14.2063,14.2216,0,0.000,-0.088,0.176,-0.176,-0.088,0.088,-0.264,-0.088,0.176,0.000,-0.176,-0.088,-0.088,-50.273,34.453,0.000,0.439,0.176,0.000,0.000,0.000,0.000,0.000,0.000,0.000,0.000,0.000,0.000,0.000,0.000,0.000,-50.327,34.182,0.000,0.000,0.000,0.019,5.6,11.30,29.0,0.000,0.000,0.000,0.006,0.000,0.000,0.000,0.000,0.006,0.000,0.000,0.000,0.000,0.019,0.000,0.000,0.006,0.000
14.3063,143,0,move,-1,14.3063,14.3179,0,0.000,-0.088,0.176,-0.176,-0.088,0.088,-0.264,-0.088,0.176,0.000,-0.176,-0.088,-0.088,-50.273,34.189,0.000,0.439,0.176,0.000,0.000,0.000,0.000,0.000,0.000,0.000,0.000,0.000,0.000,0.000,0.000,0.000,-49.772,33.924,0.000,0.000,0.000,0.019,5.6,11.30,29.0,0.000,0.000,0.000,0.006,0.000,0.000,0.000,0.000,0.006,0.000,0.000,0.000,0.000,0.019,0.000,0.000,0.006,0.000
14.4063,144,0,move,-1,14.4063,14.4205,0,0.000,-0.088,0.176,-0.176,-0.088,0.088,-0.264,-0.088,0.176,0.000,-0.176,-0.088,-0.088,-49.746,33.926,0.000,0.439,0.176,0.000,0.000,0.000,0.000,0.000,0.000,0.000,0.000,0.000,0.000,0.000,0.000,0.000,-49.154,33.634,0.000,0.000,0.000,0.006,3.2,11.20,32.0,0.000,0.000,0.000,0.000,0.000,0.000,0.006,0.000,0.000,0.000,0.006,0.000,0.000,0.000,0.006,0.000,0.006,0.006
14.5063,145,0,move,-1,14.5063,14.5117,0,0.000,-0.088,0.176,-0.176,-0.088,0.088,-0.264,-0.088,0.176,0.000,-0.176,-0.088,-0.088,-49.482,33.750,0.000,0.439,0.176,0.000,0.000,0.000,0.000,0.000,0.000,0.000,0.000,0.000,0.000,0.000,0.000,0.000,-48.535,33.340,0.000,0.000,0.000,0.006,3.2,11.20,32.0,0.000,0.000,0.000,0.000,0.000,0.000,0.006,0.000,0.000,0.000,0.006,0.000,0.000,0.000,0.006,0.000,0.006,0.006
14.6061,146,0,move,-1,14.6061,14.6186,0,0.000,-0.088,0.176,-0.176,-0.088,0.088,-0.264,-0.088,0.176,0.000,-0.176,-0.088,-0.088,-48.691,33.311,0.000,0.439,0.176,0.000,0.000,0.000,0.000,0.000,0.000,0.000,0.000,0.000,0.000,0.000,0.000,0.000,-47.971,33.071,0.000,0.000,0.000,0.006,2.4,11.30,32.0,0.000,0.000,0.000,0.006,0.000,0.000,0.006,0.000,0.000,0.000,0.000,0.000,0.000,0.000,0.006,0.000,0.006,0.006
14.7061,147,0,move,-1,14.7061,14.7182,0,0.000,-0.088,0.176,-0.176,-0.088,0.088,-0.264,-0.088,0.176,0.000,-0.176,-0.088,-0.088,-48.164,33.311,0.000,0.439,0.176,0.000,0.000,0.000,0.000,0.000,0.000,0.000,0.000,0.000,0.000,0.000,0.000,0.000,-47.522,32.856,0.000,0.000,0.000,0.006,2.4,11.30,32.0,0.000,0.000,0.000,0.006,0.000,0.000,0.006,0.000,0.000,0.000,0.000,0.000,0.000,0.000,0.006,0.000,0.006,0.006
14.8134,148,0,move,-1,14.8134,14.8665,0,0.000,-0.088,0.176,-0.176,-0.088,0.088,-0.264,-0.088,0.176,0.000,-0.176,-0.088,-0.088,-47.725,32.959,0.000,0.439,0.176,0.000,0.000,0.000,0.000,0.000,0.000,0.000,0.000,0.000,0.000,0.000,0.000,0.000,-47.233,32.716,0.000,0.000,0.000,0.013,4.4,11.30,28.0,0.000,0.000,0.000,0.000,0.000,0.000,0.000,0.000,0.000,0.000,0.000,0.000,0.000,0.013,0.006,0.000,0.006,0.000
14.9062,149,0,move,-1,14.9062,14.9219,0,0.000,-0.088,0.176,-0.176,-0.088,0.088,-0.264,-0.088,0.176,0.000,-0.176,-0.088,-0.088,-47.373,32.695,0.000,0.439,0.176,0.000,0.000,0.000,0.000,0.000,0.000,0.000,0.000,0.000,0.000,0.000,0.000,0.000,-47.133,32.667,0.000,0.000,0.000,0.013,4.4,11.30,28.0,0.000,0.000,0.000,0.000,0.000,0.000,0.000,0.000,0.000,0.000,0.000,0.000,0.000,0.013,0.006,0.000,0.006,0.000
15.0061,150,0,move,-1,15.0061,15.0192,0,0.000,-0.088,0.176,-0.176,-0.088,0.088,-0.264,-0.088,0.176,0.000,-0.176,-0.088,-0.088,-47.197,32.607,0.000,0.439,0.176,0.000,0.000,0.000,0.000,0.000,0.000,0.000,0.000,0.000,0.000,0.000,0.000,0.000,-47.133,32.667,0.000,0.000,0.000,0.006,2.4,11.30,32.0,0.000,0.000,0.000,0.000,0.000,0.000,0.000,0.000,0.006,0.000,0.000,0.000,0.000,0.006,0.000,0.000,0.006,0.000
15.1061,151,0,move,-1,15.1061,15.1166,0,0.000,-0.088,0.176,-0.176,-0.088,0.088,-0.264,-0.088,0.176,0.000,-0.176,-0.088,-0.088,-47.197,32.607,0.000,0.439,0.176,0.000,0.000,0.000,0.000,0.000,0.000,0.000,0.000,0.000,0.000,0.000,0.000,0.000,-47.133,32.667,0.000,0.000,0.000,0.006,2.4,11.30,32.0,0.000,0.000,0.000,0.000,0.000,0.000,0.000,0.000,0.006,0.000,0.000,0.000,0.000,0.006,0.000,0.000,0.006,0.000
15.2061,152,0,move,-1,15.2061,15.2204,0,0.000,-0.088,0.176,-0.176,-0.088,0.088,-0.264,-0.088,0.176,0.000,-0.176,-0.088,-0.088,-47.197,32.607,0.000,0.439,0.176,0.000,0.000,0.000,0.000,0.000,0.000,0.000,0.000,0.000,0.000,0.000,0.000,0.000,-47.133,32.667,0.000,0.000,0.000,0.013,4.8,11.30,31.0,0.000,0.000,0.000,0.006,0.000,0.000,0.006,0.000,0.006,0.000,0.006,0.000,0.000,0.000,0.000,0.000,0.013,0.000
15.3061,153,0,move,-1,15.3061,15.3162,0,0.000,-0.088,0.176,-0.176,-0.088,0.088,-0.264,-0.088,0.176,0.000,-0.176,-0.088,-0.088,-47.197,32.607,0.000,0.439,0.176,0.000,0.000,0.000,0.000,0.000,0.000,0.000,0.000,0.000,0.000,0.000,0.000,0.000,-47.133,32.667,0.000,0.000,0.000,0.013,4.8,11.30,31.0,0.000,0.000,0.000,0.006,0.000,0.000,0.006,0.000,0.006,0.000,0.006,0.000,0.000,0.000,0.000,0.000,0.013,0.000
15.4063,154,0,move,-1,15.4063,15.4173,0,0.000,-0.088,0.176,-0.176,-0.088,0.088,-0.264,-0.088,0.176,0.000,-0.176,-0.088,-0.088,-47.197,32.607,0.000,0.439,0.176,0.000,0.000,0.000,0.000,0.000,0.000,0.000,0.000,0.000,0.000,0.000,0.000,0.000,-47.133,32.667,0.000,0.000,0.000,0.006,3.2,11.30,32.0,0.000,0.000,0.000,0.000,0.000,0.000,0.006,0.000,0.000,0.000,0.006,0.000,0.000,0.000,0.000,0.000,0.006,0.000
15.5063,155,0,move,-1,15.5063,15.5157,0,0.000,-0.088,0.176,-0.176,-0.088,0.088,-0.264,-0.088,0.176,0.000,-0.176,-0.088,-0.088,-47.197,32.607,0.000,0.439,0.176,0.000,0.000,0.000,0.000,0.000,0.000,0.000,0.000,0.000,0.000,0.000,0.000,0.000,-47.133,32.667,0.000,0.000,0.000,0.006,3.2,11.30,32.0,0.000,0.000,0.000,0.000,0.000,0.000,0.006,0.000,0.000,0.000,0.006,0.000,0.000,0.000,0.000,0.000,0.006,0.000
15.6063,156,0,move,-1,15.6063,15.6173,0,0.000,-0.088,0.176,-0.176,-0.088,0.088,-0.264,-0.088,0.176,0.000,-0.176,-0.088,-0.088,-47.197,32.607,0.000,0.439,0.176,0.000,0.000,0.000,0.000,0.000,0.000,0.000,0.000,0.000,0.000,0.000,0.000,0.000,-47.133,32.667,0.000,0.000,0.000,0.006,3.2,11.30,32.0,0.000,0.000,0.000,0.000,0.000,0.000,0.006,0.000,0.000,0.000,0.000,0.000,0.000,0.000,0.000,0.000,0.006,0.006
15.7079,157,0,move,-1,15.7079,15.7271,0,0.000,-0.088,0.176,-0.176,-0.088,0.088,-0.264,-0.088,0.176,0.000,-0.176,-0.088,-0.088,-47.197,32.607,0.000,0.439,0.176,0.000,0.000,0.000,0.000,0.000,0.000,0.000,0.000,0.000,0.000,0.000,0.000,0.000,-47.133,32.667,0.000,0.000,0.000,0.006,2.4,11.30,31.0,0.000,0.000,0.000,0.000,0.000,0.000,0.000,0.000,0.000,0.000,0.006,0.000,0.000,0.000,0.000,0.000,0.006,0.000
15.8063,158,0,move,-1,15.8063,15.8208,0,0.000,-0.088,0.176,-0.176,-0.088,0.088,-0.264,-0.088,0.176,0.000,-0.176,-0.088,-0.088,-47.197,32.607,0.000,0.439,0.176,0.000,0.000,0.000,0.000,0.000,0.000,0.000,0.000,0.000,0.000,0.000,0.000,0.000,-47.133,32.667,0.000,0.000,0.000,0.006,2.4,11.30,31.0,0.000,0.000,0.000,0.000,0.000,0.000,0.000,0.000,0.000,0.000,0.006,0.000,0.000,0.000,0.000,0.000,0.006,0.000
15.9061,159,0,move,-1,15.9061,15.9206,0,0.000,-0.088,0.176,-0.176,-0.088,0.088,-0.264,-0.088,0.176,0.000,-0.176,-0.088,-0.088,-47.197,32.607,0.000,0.439,0.176,0.000,0.000,0.000,0.000,0.000,0.000,0.000,0.000,0.000,0.000,0.000,0.000,0.000,-47.133,32.667,0.000,0.000,0.000,0.000,0.0,11.30,32.0,0.000,0.000,0.000,0.000,0.000,0.000,0.000,0.000,0.000,0.000,0.000,0.000,0.000,0.000,0.000,0.000,0.000,0.000
16.0063,160,0,move,-1,16.0063,16.0181,0,0.000,-0.088,0.176,-0.176,-0.088,0.088,-0.264,-0.088,0.176,0.000,-0.176,-0.088,-0.088,-47.197,32.607,0.000,0.439,0.176,0.000,0.000,0.000,0.000,0.000,0.000,0.000,0.000,0.000,0.000,0.000,0.000,0.000,-47.133,32.667,0.000,0.000,0.000,0.000,0.0,11.30,32.0,0.000,0.000,0.000,0.000,0.000,0.000,0.000,0.000,0.000,0.000,0.000,0.000,0.000,0.000,0.000,0.000,0.000,0.000
16.1061,161,0,move,-1,16.1061,16.1167,0,0.000,-0.088,0.176,-0.176,-0.088,0.088,-0.264,-0.088,0.176,0.000,-0.176,-0.088,-0.088,-47.197,32.607,0.000,0.439,0.176,0.000,0.000,0.000,0.000,0.000,0.000,0.000,0.000,0.000,0.000,0.000,0.000,0.000,-47.133,32.667,0.000,0.000,0.000,0.006,3.2,11.30,32.0,0.000,0.000,0.000,0.000,0.000,0.000,0.006,0.000,0.000,0.000,0.000,0.000,0.000,0.000,0.000,0.000,0.006,0.000
16.2063,162,0,move,-1,16.2063,16.2168,0,0.000,-0.088,0.176,-0.176,-0.088,0.088,-0.264,-0.088,0.176,0.000,-0.176,-0.088,-0.088,-47.197,32.607,0.000,0.439,0.176,0.000,0.000,0.000,0.000,0.000,0.000,0.000,0.000,0.000,0.000,0.000,0.000,0.000,-47.133,32.667,0.000,0.000,0.000,0.006,3.2,11.20,32.0,0.000,0.000,0.000,0.000,0.000,0.000,0.006,0.000,0.000,0.000,0.000,0.000,0.000,0.000,0.000,0.000,0.006,0.000
16.3063,163,0,move,-1,16.3063,16.3190,0,0.000,-0.088,0.176,-0.176,-0.088,0.088,-0.264,-0.088,0.176,0.000,-0.176,-0.088,-0.088,-47.197,32.607,0.000,0.439,0.176,0.000,0.000,0.000,0.000,0.000,0.000,0.000,0.000,0.000,0.000,0.000,0.000,0.000,-47.133,32.667,0.000,0.000,0.000,0.013,4.8,11.30,31.0,0.000,0.000,0.000,0.006,0.000,0.000,0.006,0.000,0.000,0.000,0.000,0.000,0.006,0.000,0.000,0.000,0.013,0.000
16.4063,164,0,move,-1,16.4063,16.4178,0,0.000,-0.088,0.176,-0.176,-0.088,0.088,-0.264,-0.088,0.176,0.000,-0.176,-0.088,-0.088,-47.197,32.607,0.000,0.439,0.176,0.000,0.000,0.000,0.000,0.000,0.000,0.000,0.000,0.000,0.000,0.000,0.000,0.000,-47.133,32.667,0.000,0.000,0.000,0.013,4.8,11.30,31.0,0.000,0.000,0.000,0.006,0.000,0.000,0.006,0.000,0.000,0.000,0.000,0.000,0.006,0.000,0.000,0.000,0.013,0.000
16.5063,165,0,move,-1,16.5063,16.5184,0,0.000,-0.088,0.176,-0.176,-0.088,0.088,-0.264,-0.088,0.176,0.000,-0.176,-0.088,-0.088,-47.197,32.607,0.000,0.439,0.176,0.000,0.000,0.000,0.000,0.000,0.000,0.000,0.000,0.000,0.000,0.000,0.000,0.000,-47.133,32.667,0.000,0.000,0.000,0.006,3.2,11.20,32.0,0.000,0.000,0.000,0.000,0.000,0.000,0.006,0.000,0.000,0.000,0.006,0.000,0.000,0.000,0.000,0.000,0.006,0.000
16.6063,166,0,move,-1,16.6063,16.6167,0,0.000,-0.088,0.176,-0.176,-0.088,0.088,-0.264,-0.088,0.176,0.000,-0.176,-0.088,-0.088,-47.197,32.607,0.000,0.439,0.176,0.000,0.000,0.000,0.000,0.000,0.000,0.000,0.000,0.000,0.000,0.000,0.000,0.000,-47.133,32.667,0.000,0.000,0.000,0.006,3.2,11.20,32.0,0.000,0.000,0.000,0.000,0.000,0.000,0.006,0.000,0.000,0.000,0.006,0.000,0.000,0.000,0.000,0.000,0.006,0.000
16.7105,167,0,move,-1,16.7105,16.7209,0,0.000,-0.088,0.176,-0.176,-0.088,0.088,-0.264,-0.088,0.176,0.000,-0.176,-0.088,-0.088,-47.197,32.607,0.000,0.439,0.176,0.000,0.000,0.000,0.000,0.000,0.000,0.000,0.000,0.000,0.000,0.000,0.000,0.000,-47.133,32.667,0.000,0.000,0.000,0.013,4.8,11.30,31.0,0.000,0.000,0.000,0.006,0.000,0.000,0.006,0.000,0.006,0.000,0.000,0.000,0.000,0.000,0.000,0.000,0.013,0.000
16.8061,168,0,move,-1,16.8061,16.8160,0,0.000,-0.088,0.176,-0.176,-0.088,0.088,-0.264,-0.088,0.176,0.000,-0.176,-0.088,-0.088,-47.197,32.607,0.000,0.439,0.176,0.000,0.000,0.000,0.000,0.000,0.000,0.000,0.000,0.000,0.000,0.000,0.000,0.000,-47.133,32.667,0.000,0.000,0.000,0.013,4.8,11.30,31.0,0.000,0.000,0.000,0.006,0.000,0.000,0.006,0.000,0.006,0.000,0.000,0.000,0.000,0.000,0.000,0.000,0.013,0.000
16.9061,169,0,move,-1,16.9061,16.9175,0,0.000,-0.088,0.176,-0.176,-0.088,0.088,-0.264,-0.088,0.176,0.000,-0.176,-0.088,-0.088,-47.197,32.607,0.000,0.439,0.176,0.000,0.000,0.000,0.000,0.000,0.000,0.000,0.000,0.000,0.000,0.000,0.000,0.000,-47.133,32.667,0.000,0.000,0.000,0.013,4.8,11.30,31.0,0.000,0.000,0.006,0.000,0.000,0.000,0.006,0.000,0.000,0.000,0.000,0.000,0.000,0.000,0.000,0.000,0.013,0.006
17.0061,170,0,move,-1,17.0061,17.0161,0,0.000,-0.088,0.176,-0.176,-0.088,0.088,-0.264,-0.088,0.176,0.000,-0.176,-0.088,-0.088,-47.197,32.607,0.000,0.439,0.176,0.000,0.000,0.000,0.000,0.000,0.000,0.000,0.000,0.000,0.000,0.000,0.000,0.000,-47.133,32.667,0.000,0.000,0.000,0.013,4.8,11.30,31.0,0.000,0.000,0.006,0.000,0.000,0.000,0.006,0.000,0.000,0.000,0.000,0.000,0.000,0.000,0.000,0.000,0.013,0.006
17.1121,171,0,move,-1,17.1121,17.1237,0,0.000,-0.088,0.176,-0.176,-0.088,0.088,-0.264,-0.088,0.176,0.000,-0.176,-0.088,-0.088,-47.197,32.607,0.000,0.439,0.176,0.000,0.000,0.000,0.000,0.000,0.000,0.000,0.000,0.000,0.000,0.000,0.000,0.000,-47.133,32.667,0.000,0.000,0.000,0.006,2.4,11.30,32.0,0.000,0.000,0.000,0.006,0.000,0.000,0.000,0.000,0.000,0.000,0.000,0.000,0.000,0.000,0.000,0.000,0.006,0.000
17.2063,172,0,move,-1,17.2063,17.2189,0,0.000,-0.088,0.176,-0.176,-0.088,0.088,-0.264,-0.088,0.176,0.000,-0.176,-0.088,-0.088,-47.197,32.607,0.000,0.439,0.176,0.000,0.000,0.000,0.000,0.000,0.000,0.000,0.000,0.000,0.000,0.000,0.000,0.000,-47.133,32.667,0.000,0.000,0.000,0.006,2.4,11.30,32.0,0.000,0.000,0.000,0.006,0.000,0.000,0.000,0.000,0.000,0.000,0.000,0.000,0.000,0.000,0.000,0.000,0.006,0.000
17.3061,173,0,move,-1,17.3061,17.3188,0,0.000,-0.088,0.176,-0.176,-0.088,0.088,-0.264,-0.088,0.176,0.000,-0.176,-0.088,-0.088,-47.197,32.607,0.000,0.439,0.176,0.000,0.000,0.000,0.000,0.000,0.000,0.000,0.000,0.000,0.000,0.000,0.000,0.000,-47.133,32.667,0.000,0.000,0.000,0.013,4.8,11.30,31.0,0.000,0.000,0.000,0.000,0.000,0.000,0.006,0.000,0.000,0.000,0.006,0.000,0.000,0.000,0.000,0.000,0.013,0.006
17.4061,174,0,move,-1,17.4061,17.4170,0,0.000,-0.088,0.176,-0.176,-0.088,0.088,-0.264,-0.088,0.176,0.000,-0.176,-0.088,-0.088,-47.197,32.607,0.000,0.439,0.176,0.000,0.000,0.000,0.000,0.000,0.000,0.000,0.000,0.000,0.000,0.000,0.000,0.000,-47.133,32.667,0.000,0.000,0.000,0.013,4.8,11.30,31.0,0.000,0.000,0.000,0.000,0.000,0.000,0.006,0.000,0.000,0.000,0.006,0.000,0.000,0.000,0.000,0.000,0.013,0.006
17.5061,175,0,move,-1,17.5061,17.5181,0,0.000,-0.088,0.176,-0.176,-0.088,0.088,-0.264,-0.088,0.176,0.000,-0.176,-0.088,-0.088,-47.197,32.607,0.000,0.439,0.176,0.000,0.000,0.000,0.000,0.000,0.000,0.000,0.000,0.000,0.000,0.000,0.000,0.000,-47.133,32.667,0.000,0.000,0.000,0.006,2.4,11.30,32.0,0.000,0.000,0.000,0.006,0.000,0.000,0.006,0.000,0.000,0.000,0.006,0.000,0.000,0.000,0.000,0.000,0.006,0.006
17.6063,176,0,move,-1,17.6063,17.6170,0,0.000,-0.088,0.176,-0.176,-0.088,0.088,-0.264,-0.088,0.176,0.000,-0.176,-0.088,-0.088,-47.197,32.607,0.000,0.439,0.176,0.000,0.000,0.000,0.000,0.000,0.000,0.000,0.000,0.000,0.000,0.000,0.000,0.000,-47.133,32.667,0.000,0.000,0.000,0.006,2.4,11.30,32.0,0.000,0.000,0.000,0.006,0.000,0.000,0.006,0.000,0.000,0.000,0.006,0.000,0.000,0.000,0.000,0.000,0.006,0.006
17.7063,177,0,move,-1,17.7063,17.7177,0,0.000,-0.088,0.176,-0.176,-0.088,0.088,-0.264,-0.088,0.176,0.000,-0.176,-0.088,-0.088,-47.197,32.607,0.000,0.439,0.176,0.000,0.000,0.000,0.000,0.000,0.000,0.000,0.000,0.000,0.000,0.000,0.000,0.000,-47.133,32.667,0.000,0.000,0.000,0.006,4.8,11.30,31.0,0.000,0.000,0.000,0.000,0.000,0.000,0.000,0.000,0.000,0.000,0.000,0.000,0.000,0.000,0.000,0.000,0.006,0.000
17.8062,178,0,move,-1,17.8062,17.8171,0,0.000,-0.088,0.176,-0.176,-0.088,0.088,-0.264,-0.088,0.176,0.000,-0.176,-0.088,-0.088,-47.197,32.607,0.000,0.439,0.176,0.000,0.000,0.000,0.000,0.000,0.000,0.000,0.000,0.000,0.000,0.000,0.000,0.000,-47.133,32.667,0.000,0.000,0.000,0.006,4.8,11.30,31.0,0.000,0.000,0.000,0.000,0.000,0.000,0.000,0.000,0.000,0.000,0.000,0.000,0.000,0.000,0.000,0.000,0.006,0.000
17.9063,179,0,move,-1,17.9063,17.9155,0,0.000,-0.088,0.176,-0.176,-0.088,0.088,-0.264,-0.088,0.176,0.000,-0.176,-0.088,-0.088,-47.197,32.607,0.000,0.439,0.176,0.000,0.000,0.000,0.000,0.000,0.000,0.000,0.000,0.000,0.000,0.000,0.000,0.000,-47.133,32.667,0.000,0.000,0.000,0.006,2.4,11.30,32.0,0.000,0.000,0.000,0.000,0.000,0.000,0.000,0.000,0.006,0.000,0.000,0.000,0.000,0.000,0.000,0.000,0.006,0.000
18.0061,180,0,move,-1,18.0061,18.0178,0,0.000,-0.088,0.176,-0.176,-0.088,0.088,-0.264,-0.088,0.176,0.000,-0.176,-0.088,-0.088,-47.197,32.607,0.000,0.439,0.176,0.000,0.000,0.000,0.000,0.000,0.000,0.000,0.000,0.000,0.000,0.000,0.000,0.000,-47.033,32.619,0.000,0.000,0.000,0.013,4.8,11.30,31.0,0.000,0.000,0.000,0.000,0.000,0.000,0.000,0.000,0.000,0.000,0.006,0.000,0.000,0.000,0.000,0.000,0.013,0.006
18.1063,181,0,move,-1,18.1063,18.1170,0,0.000,-0.088,0.176,-0.176,-0.088,0.088,-0.264,-0.088,0.176,0.000,-0.176,-0.088,-0.088,-47.197,32.607,0.000,0.439,0.176,0.000,0.000,0.000,0.000,0.000,0.000,0.000,0.000,0.000,0.000,0.000,0.000,0.000,-46.742,32.477,0.000,0.000,0.000,0.013,4.8,11.30,31.0,0.000,0.000,0.000,0.000,0.000,0.000,0.000,0.000,0.000,0.000,0.006,0.000,0.000,0.000,0.000,0.000,0.013,0.006
18.2061,182,0,move,-1,18.2061,18.2619,0,0.000,-0.088,0.176,-0.176,-0.088,0.088,-0.264,-0.088,0.176,0.000,-0.176,-0.088,-0.088,-46.934,32.607,0.000,0.439,0.176,0.000,0.000,0.000,0.000,0.000,0.000,0.000,0.000,0.000,0.000,0.000,0.000,0.000,-46.288,32.255,0.000,0.000,0.000,0.006,2.4,11.30,32.0,0.000,0.000,0.006,0.006,0.000,0.000,0.000,0.000,0.000,0.000,0.000,0.000,0.000,0.006,0.000,0.000,0.006,0.000
18.3063,183,0,move,-1,18.3063,18.3167,0,0.000,-0.088,0.176,-0.176,-0.088,0.088,-0.264,-0.088,0.176,0.000,-0.176,-0.088,-0.088,-46.494,32.344,0.000,0.439,0.176,0.000,0.000,0.000,0.000,0.000,0.000,0.000,0.000,0.000,0.000,0.000,0.000,0.000,-45.712,31.972,0.000,0.000,0.000,0.006,2.4,11.30,32.0,0.000,0.000,0.006,0.006,0.000,0.000,0.000,0.000,0.000,0.000,0.000,0.000,0.000,0.006,0.000,0.000,0.006,0.000
18.4061,184,0,move,-1,18.4061,18.4186,0,0.000,-0.088,0.176,-0.176,-0.088,0.088,-0.264,-0.088,0.176,0.000,-0.176,-0.088,-0.088,-45.967,32.080,0.000,0.439,0.176,0.000,0.000,0.000,0.000,0.000,0.000,0.000,0.000,0.000,0.000,0.000,0.000,0.000,-45.069,31.653,0.000,0.000,0.000,0.006,3.2,11.20,32.0,0.000,0.000,0.000,0.000,0.000,0.000,0.006,0.000,0.000,0.000,0.006,0.000,0.000,0.006,0.006,0.000,0.006,0.006
18.5098,185,0,move,-1,18.5098,18.5595,0,0.000,-0.088,0.176,-0.176,-0.088,0.088,-0.264,-0.088,0.176,0.000,-0.176,-0.088,-0.088,-45.264,31.641,0.000,0.439,0.176,0.000,0.000,0.000,0.000,0.000,0.000,0.000,0.000,0.000,0.000,0.000,0.000,0.000,-44.421,31.329,0.000,0.000,0.000,0.013,4.8,11.30,31.0,0.000,0.000,0.000,0.000,0.000,0.000,0.006,0.000,0.000,0.000,0.000,0.000,0.000,0.006,0.006,0.000,0.013,0.000
18.6123,186,0,move,-1,18.6123,18.6394,0,0.000,-0.088,0.176,-0.176,-0.088,0.088,-0.264,-0.088,0.176,0.000,-0.176,-0.088,-0.088,-44.648,31.289,0.000,0.439,0.176,0.000,0.000,0.000,0.000,0.000,0.000,0.000,0.000,0.000,0.000,0.000,0.000,0.000,-43.833,31.033,0.000,0.000,0.000,0.013,4.8,11.30,31.0,0.000,0.000,0.000,0.000,0.000,0.000,0.006,0.000,0.000,0.000,0.000,0.000,0.000,0.006,0.006,0.000,0.013,0.000
18.7063,187,0,move,-1,18.7063,18.7178,0,0.000,-0.088,0.176,-0.176,-0.088,0.088,-0.264,-0.088,0.176,0.000,-0.176,-0.088,-0.088,-44.648,31.289,0.000,0.439,0.176,0.000,0.000,0.000,0.000,0.000,0.000,0.000,0.000,0.000,0.000,0.000,0.000,0.000,-43.362,30.795,0.000,0.000,0.000,0.013,3.2,11.30,29.0,0.000,0.000,0.000,0.000,0.000,0.000,0.006,0.000,0.000,0.000,0.006,0.000,0.000,0.006,0.013,0.000,0.013,0.000
18.8061,188,0,move,-1,18.8061,18.8161,0,0.000,-0.088,0.176,-0.176,-0.088,0.088,-0.264,-0.088,0.176,0.000,-0.176,-0.088,-0.088,-43.506,30.762,0.000,0.439,0.176,0.000,0.000,0.000,0.000,0.000,0.000,0.000,0.000,0.000,0.000,0.000,0.000,0.000,-43.059,30.640,0.000,0.000,0.000,0.013,3.2,11.30,29.0,0.000,0.000,0.000,0.000,0.000,0.000,0.006,0.000,0.000,0.000,0.006,0.000,0.000,0.006,0.013,0.000,0.013,0.000
18.9062,189,0,move,-1,18.9062,18.9173,0,0.000,-0.088,0.176,-0.176,-0.088,0.088,-0.264,-0.088,0.176,0.000,-0.176,-0.088,-0.088,-43.242,30.762,0.000,0.439,0.176,0.000,0.000,0.000,0.000,0.000,0.000,0.000,0.000,0.000,0.000,0.000,0.000,0.000,-42.955,30.587,0.000,0.000,0.000,0.013,4.8,11.30,31.0,0.000,0.000,0.000,0.006,0.000,0.000,0.000,0.000,0.000,0.000,0.000,0.000,0.000,0.006,0.000,0.000,0.013,0.000
19.0061,190,0,move,-1,19.0061,19.0185,0,0.000,-0.088,0.176,-0.176,-0.088,0.088,-0.264,-0.088,0.176,0.000,-0.176,-0.088,-0.088,-43.066,30.762,0.000,0.439,0.176,0.000,0.000,0.000,0.000,0.000,0.000,0.000,0.000,0.000,0.000,0.000,0.000,0.000,-42.955,30.587,0.000,0.000,0.000,0.006,2.4,11.30,31.0,0.000,0.000,0.000,0.000,0.000,0.000,0.000,0.000,0.000,0.000,0.006,0.000,0.000,0.000,0.006,0.000,0.006,0.000
19.1061,191,0,move,-1,19.1061,19.1158,0,0.000,-0.088,0.176,-0.176,-0.088,0.088,-0.264,-0.088,0.176,0.000,-0.176,-0.088,-0.088,-43.066,30.762,0.000,0.439,0.176,0.000,0.000,0.000,0.000,0.000,0.000,0.000,0.000,0.000,0.000,0.000,0.000,0.000,-42.955,30.587,0.000,0.000,0.000,0.006,2.4,11.30,31.0,0.000,0.000,0.000,0.000,0.000,0.000,0.000,0.000,0.000,0.000,0.006,0.000,0.000,0.000,0.006,0.000,0.006,0.000
19.2063,192,0,move,-1,19.2063,19.2168,0,0.000,-0.088,0.176,-0.176,-0.088,0.088,-0.264,-0.088,0.176,0.000,-0.176,-0.088,-0.088,-43.066,30.762,0.000,0.439,0.176,0.000,0.000,0.000,0.000,0.000,0.000,0.000,0.000,0.000,0.000,0.000,0.000,0.000,-42.955,30.587,0.000,0.000,0.000,0.006,0.0,11.20,31.0,0.006,0.000,0.000,0.000,0.000,0.000,0.000,0.000,0.006,0.000,0.000,0.000,0.000,0.000,0.000,0.000,0.006,0.000
19.3061,193,0,move,-1,19.3061,19.3175,0,0.000,-0.088,0.176,-0.176,-0.088,0.088,-0.264,-0.088,0.176,0.000,-0.176,-0.088,-0.088,-43.066,30.762,0.000,0.439,0.176,0.000,0.000,0.000,0.000,0.000,0.000,0.000,0.000,0.000,0.000,0.000,0.000,0.000,-42.955,30.587,0.000,0.000,0.000,0.006,2.4,11.20,31.0,0.000,0.000,0.000,0.000,0.000,0.000,0.000,0.000,0.000,0.000,0.006,0.000,0.000,0.000,0.006,0.000,0.006,0.000
19.4061,194,0,move,-1,19.4061,19.4175,0,0.000,-0.088,0.176,-0.176,-0.088,0.088,-0.264,-0.088,0.176,0.000,-0.176,-0.088,-0.088,-43.066,30.762,0.000,0.439,0.176,0.000,0.000,0.000,0.000,0.000,0.000,0.000,0.000,0.000,0.000,0.000,0.000,0.000,-42.955,30.587,0.000,0.000,0.000,0.006,2.4,11.20,31.0,0.000,0.000,0.000,0.000,0.000,0.000,0.000,0.000,0.000,0.000,0.006,0.000,0.000,0.000,0.006,0.000,0.006,0.000
19.5069,195,0,move,-1,19.5069,19.5141,0,0.000,-0.088,0.176,-0.176,-0.088,0.088,-0.264,-0.088,0.176,0.000,-0.176,-0.088,-0.088,-43.066,30.762,0.000,0.439,0.176,0.000,0.000,0.000,0.000,0.000,0.000,0.000,0.000,0.000,0.000,0.000,0.000,0.000,-42.955,30.587,0.000,0.000,0.000,0.006,3.2,11.30,32.0,0.000,0.000,0.000,0.000,0.000,0.000,0.006,0.000,0.006,0.000,0.000,0.000,0.000,0.000,0.006,0.000,0.006,0.000
19.6063,196,0,move,-1,19.6063,19.6178,0,0.000,-0.088,0.176,-0.176,-0.088,0.088,-0.264,-0.088,0.176,0.000,-0.176,-0.088,-0.088,-42.979,30.762,0.000,0.439,0.176,0.000,0.000,0.000,0.000,0.000,0.000,0.000,0.000,0.000,0.000,0.000,0.000,0.000,-42.955,30.587,0.000,0.000,0.000,0.006,2.4,11.30,32.0,0.000,0.000,0.000,0.000,0.000,0.000,0.000,0.000,0.006,0.000,0.000,0.000,0.000,0.000,0.006,0.000,0.006,0.000
19.7063,197,0,move,-1,19.7063,19.7168,0,0.000,-0.088,0.176,-0.176,-0.088,0.088,-0.264,-0.088,0.176,0.000,-0.176,-0.088,-0.088,-42.979,30.762,0.000,0.439,0.176,0.000,0.000,0.000,0.000,0.000,0.000,0.000,0.000,0.000,0.000,0.000,0.000,0.000,-42.955,30.587,0.000,0.000,0.000,0.006,2.4,11.30,32.0,0.000,0.000,0.000,0.000,0.000,0.000,0.000,0.000,0.006,0.000,0.000,0.000,0.000,0.000,0.006,0.000,0.006,0.000
19.8195,198,0,move,-1,19.8195,19.8315,0,0.000,-0.088,0.176,-0.176,-0.088,0.088,-0.264,-0.088,0.176,0.000,-0.176,-0.088,-0.088,-42.979,30.762,0.000,0.439,0.176,0.000,0.000,0.000,0.000,0.000,0.000,0.000,0.000,0.000,0.000,0.000,0.000,0.000,-42.955,30.587,0.000,0.000,0.000,0.006,2.4,11.30,32.0,0.000,0.000,0.000,0.006,0.000,0.000,0.000,0.000,0.006,0.000,0.000,0.000,0.000,0.000,0.006,0.000,0.006,0.006
19.9062,199,0,move,-1,19.9062,19.9175,0,0.000,-0.088,0.176,-0.176,-0.088,0.088,-0.264,-0.088,0.176,0.000,-0.176,-0.088,-0.088,-42.979,30.762,0.000,0.439,0.176,0.000,0.000,0.000,0.000,0.000,0.000,0.000,0.000,0.000,0.000,0.000,0.000,0.000,-42.955,30.587,0.000,0.000,0.000,0.006,2.4,11.30,32.0,0.000,0.000,0.000,0.006,0.000,0.000,0.000,0.000,0.006,0.000,0.000,0.000,0.000,0.000,0.006,0.000,0.006,0.006
20.0061,200,0,move,-1,20.0061,20.0158,0,0.000,-0.088,0.176,-0.176,-0.088,0.088,-0.264,-0.088,0.176,0.000,-0.176,-0.088,-0.088,-42.979,30.762,0.000,0.439,0.176,0.000,0.000,0.000,0.000,0.000,0.000,0.000,0.000,0.000,0.000,0.000,0.000,0.000,-42.955,30.587,0.000,0.000,0.000,0.006,3.2,11.30,32.0,0.000,0.000,0.000,0.000,0.000,0.000,0.006,0.000,0.006,0.000,0.006,0.000,0.000,0.000,0.000,0.000,0.006,0.000
20.1063,201,0,move,-1,20.1063,20.1174,0,0.000,-0.088,0.176,-0.176,-0.088,0.088,-0.264,-0.088,0.176,0.000,-0.176,-0.088,-0.088,-42.979,30.762,0.000,0.439,0.176,0.000,0.000,0.000,0.000,0.000,0.000,0.000,0.000,0.000,0.000,0.000,0.000,0.000,-42.955,30.587,0.000,0.000,0.000,0.006,2.4,11.30,32.0,0.000,0.000,0.000,0.006,0.000,0.000,0.000,0.000,0.000,0.000,0.000,0.000,0.000,0.000,0.006,0.000,0.006,0.006
20.2062,202,0,move,-1,20.2062,20.2476,0,0.000,-0.088,0.176,-0.176,-0.088,0.088,-0.264,-0.088,0.176,0.000,-0.176,-0.088,-0.088,-42.979,30.762,0.000,0.439,0.176,0.000,0.000,0.000,0.000,0.000,0.000,0.000,0.000,0.000,0.000,0.000,0.000,0.000,-42.955,30.587,0.000,0.000,0.000,0.006,3.2,11.20,32.0,0.000,0.000,0.000,0.000,0.000,0.000,0.006,0.000,0.006,0.000,0.000,0.000,0.000,0.000,0.006,0.000,0.006,0.000
20.3108,203,0,move,-1,20.3108,20.3246,0,0.000,-0.088,0.176,-0.176,-0.088,0.088,-0.264,-0.088,0.176,0.000,-0.176,-0.088,-0.088,-42.979,30.762,0.000,0.439,0.176,0.000,0.000,0.000,0.000,0.000,0.000,0.000,0.000,0.000,0.000,0.000,0.000,0.000,-42.955,30.587,0.000,0.000,0.000,0.006,3.2,11.20,32.0,0.000,0.000,0.000,0.000,0.000,0.000,0.006,0.000,0.006,0.000,0.000,0.000,0.000,0.000,0.006,0.000,0.006,0.000
20.4061,204,0,move,-1,20.4061,20.4184,0,0.000,-0.088,0.176,-0.176,-0.088,0.088,-0.264,-0.088,0.176,0.000,-0.176,-0.088,-0.088,-42.979,30.762,0.000,0.439,0.176,0.000,0.000,0.000,0.000,0.000,0.000,0.000,0.000,0.000,0.000,0.000,0.000,0.000,-42.955,30.587,0.000,0.000,0.000,0.013,5.6,11.30,31.0,0.000,0.000,0.000,0.000,0.000,0.000,0.000,0.000,0.000,0.000,0.000,0.000,0.000,0.000,0.006,0.000,0.013,0.006
20.5063,205,0,move,-1,20.5063,20.5170,0,0.000,-0.088,0.176,-0.176,-0.088,0.088,-0.264,-0.088,0.176,0.000,-0.176,-0.088,-0.088,-42.979,30.762,0.000,0.439,0.176,0.000,0.000,0.000,0.000,0.000,0.000,0.000,0.000,0.000,0.000,0.000,0.000,0.000,-42.955,30.587,0.000,0.000,0.000,0.013,5.6,11.30,31.0,0.000,0.000,0.000,0.000,0.000,0.000,0.000,0.000,0.000,0.000,0.000,0.000,0.000,0.000,0.006,0.000,0.013,0.006
20.6062,206,0,move,-1,20.6062,20.6271,0,0.000,-0.088,0.176,-0.176,-0.088,0.088,-0.264,-0.088,0.176,0.000,-0.176,-0.088,-0.088,-42.979,30.762,0.000,0.439,0.176,0.000,0.000,0.000,0.000,0.000,0.000,0.000,0.000,0.000,0.000,0.000,0.000,0.000,-42.955,30.587,0.000,0.000,0.000,0.006,2.4,11.30,29.0,0.000,0.000,0.000,0.000,0.000,0.000,0.000,0.000,0.000,0.000,0.000,0.000,0.000,0.000,0.006,0.000,0.006,0.000
20.7061,207,0,move,-1,20.7061,20.7169,0,0.000,-0.088,0.176,-0.176,-0.088,0.088,-0.264,-0.088,0.176,0.000,-0.176,-0.088,-0.088,-42.979,30.762,0.000,0.439,0.176,0.000,0.000,0.000,0.000,0.000,0.000,0.000,0.000,0.000,0.000,0.000,0.000,0.000,-42.955,30.587,0.000,0.000,0.000,0.006,2.4,11.30,29.0,0.000,0.000,0.000,0.000,0.000,0.000,0.000,0.000,0.000,0.000,0.000,0.000,0.000,0.000,0.006,0.000,0.006,0.000
20.8097,208,0,move,-1,20.8097,20.8195,0,0.000,-0.088,0.176,-0.176,-0.088,0.088,-0.264,-0.088,0.176,0.000,-0.176,-0.088,-0.088,-42.979,30.762,0.000,0.439,0.176,0.000,0.000,0.000,0.000,0.000,0.000,0.000,0.000,0.000,0.000,0.000,0.000,0.000,-42.955,30.587,0.000,0.000,0.000,0.006,2.4,11.30,32.0,0.000,0.000,0.000,0.006,0.000,0.000,0.006,0.000,0.000,0.000,0.000,0.000,0.000,0.000,0.006,0.000,0.006,0.006
20.9061,209,0,move,-1,20.9061,20.9166,0,0.000,-0.088,0.176,-0.176,-0.088,0.088,-0.264,-0.088,0.176,0.000,-0.176,-0.088,-0.088,-42.979,30.762,0.000,0.439,0.176,0.000,0.000,0.000,0.000,0.000,0.000,0.000,0.000,0.000,0.000,0.000,0.000,0.000,-42.955,30.587,0.000,0.000,0.000,0.006,2.4,11.30,32.0,0.000,0.000,0.000,0.006,0.000,0.000,0.006,0.000,0.000,0.000,0.000,0.000,0.000,0.000,0.006,0.000,0.006,0.006
21.0063,210,0,move,-1,21.0063,21.0182,0,0.000,-0.088,0.176,-0.176,-0.088,0.088,-0.264,-0.088,0.176,0.000,-0.176,-0.088,-0.088,-42.979,30.762,0.000,0.439,0.176,0.000,0.000,0.000,0.000,0.000,0.000,0.000,0.000,0.000,0.000,0.000,0.000,0.000,-42.955,30.587,0.000,0.000,0.000,0.006,2.4,11.20,31.0,0.000,0.000,0.000,0.000,0.000,0.000,0.000,0.000,0.000,0.000,0.006,0.000,0.000,0.000,0.006,0.000,0.006,0.006
21.1063,211,0,move,-1,21.1063,21.1170,0,0.000,-0.088,0.176,-0.176,-0.088,0.088,-0.264,-0.088,0.176,0.000,-0.176,-0.088,-0.088,-42.979,30.762,0.000,0.439,0.176,0.000,0.000,0.000,0.000,0.000,0.000,0.000,0.000,0.000,0.000,0.000,0.000,0.000,-42.955,30.587,0.000,0.000,0.000,0.006,2.4,11.20,31.0,0.000,0.000,0.000,0.000,0.000,0.000,0.000,0.000,0.000,0.000,0.006,0.000,0.000,0.000,0.006,0.000,0.006,0.006
21.2063,212,0,move,-1,21.2063,21.2177,0,0.000,-0.088,0.176,-0.176,-0.088,0.088,-0.264,-0.088,0.176,0.000,-0.176,-0.088,-0.088,-42.979,30.762,0.000,0.439,0.176,0.000,0.000,0.000,0.000,0.000,0.000,0.000,0.000,0.000,0.000,0.000,0.000,0.000,-42.955,30.587,0.000,0.000,0.000,0.013,4.8,11.30,31.0,0.000,0.000,0.000,0.006,0.000,0.000,0.006,0.000,0.000,0.000,0.000,0.000,0.000,0.000,0.006,0.000,0.013,0.006
21.3074,213,0,move,-1,21.3074,21.3589,0,0.000,-0.088,0.176,-0.176,-0.088,0.088,-0.264,-0.088,0.176,0.000,-0.176,-0.088,-0.088,-42.979,30.762,0.000,0.439,0.176,0.000,0.000,0.000,0.000,0.000,0.000,0.000,0.000,0.000,0.000,0.000,0.000,0.000,-42.955,30.587,0.000,0.000,0.000,0.013,4.8,11.30,31.0,0.000,0.000,0.000,0.006,0.000,0.000,0.006,0.000,0.006,0.000,0.000,0.000,0.000,0.000,0.006,0.000,0.013,0.000
21.4063,214,0,move,-1,21.4063,21.4170,0,0.000,-0.088,0.176,-0.176,-0.088,0.088,-0.264,-0.088,0.176,0.000,-0.176,-0.088,-0.088,-42.979,30.762,0.000,0.439,0.176,0.000,0.000,0.000,0.000,0.000,0.000,0.000,0.000,0.000,0.000,0.000,0.000,0.000,-42.955,30.587,0.000,0.000,0.000,0.013,4.8,11.30,31.0,0.000,0.000,0.000,0.006,0.000,0.000,0.006,0.000,0.006,0.000,0.000,0.000,0.000,0.000,0.006,0.000,0.013,0.000
21.5063,215,0,move,-1,21.5063,21.5168,0,0.000,-0.088,0.176,-0.176,-0.088,0.088,-0.264,-0.088,0.176,0.000,-0.176,-0.088,-0.088,-42.979,30.762,0.000,0.439,0.176,0.000,0.000,0.000,0.000,0.000,0.000,0.000,0.000,0.000,0.000,0.000,0.000,0.000,-42.955,30.587,0.000,0.000,0.000,0.006,3.2,11.30,32.0,0.000,0.000,0.000,0.000,0.000,0.000,0.006,0.000,0.000,0.000,0.000,0.000,0.000,0.000,0.006,0.000,0.006,0.000
21.6061,216,0,move,-1,21.6061,21.6186,0,0.000,-0.088,0.176,-0.176,-0.088,0.088,-0.264,-0.088,0.176,0.000,-0.176,-0.088,-0.088,-42.979,30.762,0.000,0.439,0.176,0.000,0.000,0.000,0.000,0.000,0.000,0.000,0.000,0.000,0.000,0.000,0.000,0.000,-42.955,30.587,0.000,0.000,0.000,0.013,4.8,11.30,31.0,0.000,0.000,0.000,0.000,0.000,0.000,0.006,0.000,0.000,0.000,0.000,0.000,0.000,0.000,0.000,0.000,0.013,0.000
21.7063,217,0,move,-1,21.7063,21.7173,0,0.000,-0.088,0.176,-0.176,-0.088,0.088,-0.264,-0.088,0.176,0.000,-0.176,-0.088,-0.088,-42.979,30.762,0.000,0.439,0.176,0.000,0.000,0.000,0.000,0.000,0.000,0.000,0.000,0.000,0.000,0.000,0.000,0.000,-42.955,30.587,0.000,0.000,0.000,0.013,4.8,11.30,31.0,0.000,0.000,0.000,0.000,0.000,0.000,0.006,0.000,0.000,0.000,0.000,0.000,0.000,0.000,0.000,0.000,0.013,0.000
21.8063,218,0,move,-1,21.8063,21.8183,0,0.000,-0.088,0.176,-0.176,-0.088,0.088,-0.264,-0.088,0.176,0.000,-0.176,-0.088,-0.088,-42.979,30.762,0.000,0.439,0.176,0.000,0.000,0.000,0.000,0.000,0.000,0.000,0.000,0.000,0.000,0.000,0.000,0.000,-42.955,30.587,0.000,0.000,0.000,0.006,2.4,11.30,32.0,0.000,0.000,0.006,0.000,0.000,0.000,0.006,0.000,0.006,0.000,0.000,0.000,0.000,0.000,0.006,0.000,0.006,0.006
21.9061,219,0,move,-1,21.9061,21.9173,0,0.000,-0.088,0.176,-0.176,-0.088,0.088,-0.264,-0.088,0.176,0.000,-0.176,-0.088,-0.088,-42.979,30.762,0.000,0.439,0.176,0.000,0.000,0.000,0.000,0.000,0.000,0.000,0.000,0.000,0.000,0.000,0.000,0.000,-42.955,30.587,0.000,0.000,0.000,0.006,2.4,11.30,32.0,0.000,0.000,0.006,0.000,0.000,0.000,0.006,0.000,0.006,0.000,0.000,0.000,0.000,0.000,0.006,0.000,0.006,0.006
22.0063,220,0,move,-1,22.0063,22.0184,0,0.000,-0.088,0.176,-0.176,-0.088,0.088,-0.264,-0.088,0.176,0.000,-0.176,-0.088,-0.088,-42.979,30.762,0.000,0.439,0.176,0.000,0.000,0.000,0.000,0.000,0.000,0.000,0.000,0.000,0.000,0.000,0.000,0.000,-43.059,30.640,0.000,0.000,0.000,0.006,2.4,11.30,32.0,0.000,0.000,0.006,0.006,0.000,0.000,0.006,0.000,0.000,0.000,0.000,0.000,0.000,0.000,0.006,0.000,0.006,0.000
22.1061,221,0,move,-1,22.1061,22.1170,0,0.000,-0.088,0.176,-0.176,-0.088,0.088,-0.264,-0.088,0.176,0.000,-0.176,-0.088,-0.088,-42.979,30.762,0.000,0.439,0.176,0.000,0.000,0.000,0.000,0.000,0.000,0.000,0.000,0.000,0.000,0.000,0.000,0.000,-43.362,30.795,0.000,0.000,0.000,0.006,2.4,11.30,32.0,0.000,0.000,0.006,0.006,0.000,0.000,0.006,0.000,0.000,0.000,0.000,0.000,0.000,0.000,0.006,0.000,0.006,0.000
22.2098,222,0,move,-1,22.2098,22.2571,0,0.000,-0.088,0.176,-0.176,-0.088,0.088,-0.264,-0.088,0.176,0.000,-0.176,-0.088,-0.088,-43.154,30.762,0.000,0.439,0.176,0.000,0.000,0.000,0.000,0.000,0.000,0.000,0.000,0.000,0.000,0.000,0.000,0.000,-43.833,31.033,0.000,0.000,0.000,0.013,4.8,11.30,31.0,0.000,0.000,0.000,0.006,0.000,0.000,0.006,0.000,0.006,0.000,0.000,0.000,0.000,0.006,0.000,0.000,0.013,0.006
22.3064,223,0,move,-1,22.3064,22.3178,0,0.000,-0.088,0.176,-0.176,-0.088,0.088,-0.264,-0.088,0.176,0.000,-0.176,-0.088,-0.088,-43.418,30.850,0.000,0.439,0.176,0.000,0.000,0.000,0.000,0.000,0.000,0.000,0.000,0.000,0.000,0.000,0.000,0.000,-44.421,31.329,0.000,0.000,0.000,0.013,4.8,11.30,31.0,0.000,0.000,0.000,0.006,0.000,0.000,0.006,0.000,0.006,0.000,0.000,0.000,0.000,0.006,0.000,0.000,0.013,0.006
22.4061,224,0,move,-1,22.4061,22.4207,0,0.000,-0.088,0.176,-0.176,-0.088,0.088,-0.264,-0.088,0.176,0.000,-0.176,-0.088,-0.088,-43.594,31.113,0.000,0.439,0.176,0.000,0.000,0.000,0.000,0.000,0.000,0.000,0.000,0.000,0.000,0.000,0.000,0.000,-45.069,31.653,0.000,0.000,0.000,0.033,8.0,11.30,29.0,0.000,0.000,0.000,0.006,0.000,0.000,0.006,0.000,0.006,0.000,0.000,0.000,0.000,0.033,0.000,0.000,0.006,0.006
22.5063,225,0,move,-1,22.5063,22.5176,0,0.000,-0.088,0.176,-0.176,-0.088,0.088,-0.264,-0.088,0.176,0.000,-0.176,-0.088,-0.088,-44.297,31.641,0.000,0.439,0.176,0.000,0.000,0.000,0.000,0.000,0.000,0.000,0.000,0.000,0.000,0.000,0.000,0.000,-45.712,31.972,0.000,0.000,0.000,0.033,8.0,11.30,29.0,0.000,0.000,0.000,0.006,0.000,0.000,0.006,0.000,0.006,0.000,0.000,0.000,0.000,0.033,0.000,0.000,0.006,0.006
22.6063,226,0,move,-1,22.6063,22.6185,0,0.000,-0.088,0.176,-0.176,-0.088,0.088,-0.264,-0.088,0.176,0.000,-0.176,-0.088,-0.088,-44.912,31.816,0.000,0.439,0.176,0.000,0.000,0.000,0.000,0.000,0.000,0.000,0.000,0.000,0.000,0.000,0.000,0.000,-46.288,32.255,0.000,0.000,0.000,0.033,7.6,11.30,29.0,0.000,0.000,0.000,0.000,0.000,0.000,0.006,0.000,0.006,0.000,0.000,0.000,0.000,0.033,0.013,0.000,0.006,0.000
22.7061,227,0,move,-1,22.7061,22.7117,0,0.000,-0.088,0.176,-0.176,-0.088,0.088,-0.264,-0.088,0.176,0.000,-0.176,-0.088,-0.088,-45.264,31.992,0.000,0.439,0.176,0.000,0.000,0.000,0.000,0.000,0.000,0.000,0.000,0.000,0.000,0.000,0.000,0.000,-46.742,32.477,0.000,0.000,0.000,0.033,7.6,11.30,29.0,0.000,0.000,0.000,0.000,0.000,0.000,0.006,0.000,0.006,0.000,0.000,0.000,0.000,0.033,0.013,0.000,0.006,0.000
22.8061,228,0,move,-1,22.8061,22.8170,0,0.000,-0.088,0.176,-0.176,-0.088,0.088,-0.264,-0.088,0.176,0.000,-0.176,-0.088,-0.088,-46.055,32.520,0.000,0.439,0.176,0.000,0.000,0.000,0.000,0.000,0.000,0.000,0.000,0.000,0.000,0.000,0.000,0.000,-47.033,32.619,0.000,0.000,0.000,0.033,8.0,11.30,29.0,0.000,0.000,0.000,0.006,0.000,0.000,0.006,0.000,0.000,0.000,0.000,0.000,0.000,0.033,0.006,0.000,0.006,0.000
22.9063,229,0,move,-1,22.9063,22.9193,0,0.000,-0.088,0.176,-0.176,-0.088,0.088,-0.264,-0.088,0.176,0.000,-0.176,-0.088,-0.088,-46.406,32.520,0.000,0.439,0.176,0.000,0.000,0.000,0.000,0.000,0.000,0.000,0.000,0.000,0.000,0.000,0.000,0.000,-47.133,32.667,0.000,0.000,0.000,0.045,8.0,11.30,29.0,0.000,0.000,0.000,0.006,0.000,0.000,0.006,0.000,0.006,0.000,0.000,0.000,0.000,0.045,0.000,0.000,0.006,0.000
23.0062,230,0,move,-1,23.0062,23.0167,0,0.000,-0.088,0.176,-0.176,-0.088,0.088,-0.264,-0.088,0.176,0.000,-0.176,-0.088,-0.088,-46.406,32.607,0.000,0.439,0.176,0.000,0.000,0.000,0.000,0.000,0.000,0.000,0.000,0.000,0.000,0.000,0.000,0.000,-47.133,32.667,0.000,0.000,0.000,0.045,8.0,11.30,29.0,0.000,0.000,0.000,0.006,0.000,0.000,0.006,0.000,0.006,0.000,0.000,0.000,0.000,0.045,0.000,0.000,0.006,0.000
23.1061,231,0,move,-1,23.1061,23.1174,0,0.000,-0.088,0.176,-0.176,-0.088,0.088,-0.264,-0.088,0.176,0.000,-0.176,-0.088,-0.088,-46.406,32.607,0.000,0.439,0.176,0.000,0.000,0.000,0.000,0.000,0.000,0.000,0.000,0.000,0.000,0.000,0.000,0.000,-47.133,32.667,0.000,0.000,0.000,0.033,7.2,11.30,28.0,0.000,0.000,0.000,0.006,0.000,0.000,0.006,0.000,0.000,0.000,0.000,0.000,0.000,0.033,0.000,0.000,0.006,0.000
23.2061,232,0,move,-1,23.2061,23.2173,0,0.000,-0.088,0.176,-0.176,-0.088,0.088,-0.264,-0.088,0.176,0.000,-0.176,-0.088,-0.088,-46.406,32.607,0.000,0.439,0.176,0.000,0.000,0.000,0.000,0.000,0.000,0.000,0.000,0.000,0.000,0.000,0.000,0.000,-47.133,32.667,0.000,0.000,0.000,0.033,7.2,11.30,28.0,0.000,0.000,0.000,0.006,0.000,0.000,0.006,0.000,0.000,0.000,0.000,0.000,0.000,0.033,0.000,0.000,0.006,0.000
23.3061,233,0,move,-1,23.3061,23.3161,0,0.000,-0.088,0.176,-0.176,-0.088,0.088,-0.264,-0.088,0.176,0.000,-0.176,-0.088,-0.088,-46.406,32.607,0.000,0.439,0.176,0.000,0.000,0.000,0.000,0.000,0.000,0.000,0.000,0.000,0.000,0.000,0.000,0.000,-47.133,32.667,0.000,0.000,0.000,0.033,7.2,11.30,29.0,0.000,0.000,0.000,0.006,0.000,0.000,0.006,0.000,0.006,0.000,0.000,0.000,0.000,0.033,0.000,0.000,0.006,0.006
23.4061,234,0,move,-1,23.4061,23.4175,0,0.000,-0.088,0.176,-0.176,-0.088,0.088,-0.264,-0.088,0.176,0.000,-0.176,-0.088,-0.088,-46.406,32.607,0.000,0.439,0.176,0.000,0.000,0.000,0.000,0.000,0.000,0.000,0.000,0.000,0.000,0.000,0.000,0.000,-47.133,32.667,0.000,0.000,0.000,0.033,7.2,11.30,29.0,0.000,0.000,0.000,0.000,0.000,0.000,0.006,0.000,0.006,0.000,0.006,0.000,0.000,0.033,0.000,0.000,0.006,0.006
23.5061,235,0,move,-1,23.5061,23.5196,0,0.000,-0.088,0.176,-0.176,-0.088,0.088,-0.264,-0.088,0.176,0.000,-0.176,-0.088,-0.088,-46.406,32.607,0.000,0.439,0.176,0.000,0.000,0.000,0.000,0.000,0.000,0.000,0.000,0.000,0.000,0.000,0.000,0.000,-47.133,32.667,0.000,0.000,0.000,0.033,7.2,11.30,29.0,0.000,0.000,0.000,0.006,0.000,0.000,0.000,0.000,0.000,0.000,0.000,0.000,0.000,0.033,0.000,0.000,0.006,0.006
23.6063,236,0,move,-1,23.6063,23.6188,0,0.000,-0.088,0.176,-0.176,-0.088,0.088,-0.264,-0.088,0.176,0.000,-0.176,-0.088,-0.088,-46.406,32.607,0.000,0.439,0.176,0.000,0.000,0.000,0.000,0.000,0.000,0.000,0.000,0.000,0.000,0.000,0.000,0.000,-47.133,32.667,0.000,0.000,0.000,0.033,7.2,11.30,29.0,0.000,0.000,0.000,0.006,0.000,0.000,0.000,0.000,0.000,0.000,0.000,0.000,0.000,0.033,0.000,0.000,0.006,0.006
23.7063,237,0,move,-1,23.7063,23.7167,0,0.000,-0.088,0.176,-0.176,-0.088,0.088,-0.264,-0.088,0.176,0.000,-0.176,-0.088,-0.088,-46.406,32.607,0.000,0.439,0.176,0.000,0.000,0.000,0.000,0.000,0.000,0.000,0.000,0.000,0.000,0.000,0.000,0.000,-47.133,32.667,0.000,0.000,0.000,0.039,7.2,11.30,29.0,0.000,0.000,0.000,0.006,0.000,0.000,0.000,0.000,0.000,0.000,0.000,0.000,0.000,0.039,0.000,0.000,0.006,0.000
23.8061,238,0,move,-1,23.8061,23.8125,0,0.000,-0.088,0.176,-0.176,-0.088,0.088,-0.264,-0.088,0.176,0.000,-0.176,-0.088,-0.088,-46.406,32.607,0.000,0.439,0.176,0.000,0.000,0.000,0.000,0.000,0.000,0.000,0.000,0.000,0.000,0.000,0.000,0.000,-47.133,32.667,0.000,0.000,0.000,0.039,7.2,11.30,29.0,0.000,0.000,0.000,0.006,0.000,0.000,0.000,0.000,0.000,0.000,0.000,0.000,0.000,0.039,0.000,0.000,0.006,0.000
23.9063,239,0,move,-1,23.9063,23.9182,0,0.000,-0.088,0.176,-0.176,-0.088,0.088,-0.264,-0.088,0.176,0.000,-0.176,-0.088,-0.088,-46.406,32.607,0.000,0.439,0.176,0.000,0.000,0.000,0.000,0.000,0.000,0.000,0.000,0.000,0.000,0.000,0.000,0.000,-47.133,32.667,0.000,0.000,0.000,0.033,7.2,11.30,29.0,0.000,0.000,0.000,0.006,0.000,0.000,0.000,0.000,0.006,0.000,0.000,0.000,0.000,0.033,0.000,0.000,0.006,0.000
24.0063,240,0,move,-1,24.0063,24.0199,0,0.000,-0.088,0.176,-0.176,-0.088,0.088,-0.264,-0.088,0.176,0.000,-0.176,-0.088,-0.088,-46.406,32.607,0.000,0.439,0.176,0.000,0.000,0.000,0.000,0.000,0.000,0.000,0.000,0.000,0.000,0.000,0.000,0.000,-47.133,32.667,0.000,0.000,0.000,0.039,7.2,11.30,29.0,0.000,0.000,0.000,0.000,0.000,0.000,0.006,0.000,0.000,0.000,0.006,0.000,0.000,0.039,0.000,0.000,0.006,0.000
24.1096,241,0,move,-1,24.1096,24.1250,0,0.000,-0.088,0.176,-0.176,-0.088,0.088,-0.264,-0.088,0.176,0.000,-0.176,-0.088,-0.088,-46.406,32.607,0.000,0.439,0.176,0.000,0.000,0.000,0.000,0.000,0.000,0.000,0.000,0.000,0.000,0.000,0.000,0.000,-47.133,32.667,0.000,0.000,0.000,0.026,7.2,11.30,29.0,0.000,0.000,0.000,0.006,0.000,0.000,0.000,0.000,0.006,0.000,0.006,0.000,0.000,0.026,0.000,0.000,0.006,0.006
24.2061,242,0,move,-1,24.2061,24.2536,0,0.000,-0.088,0.176,-0.176,-0.088,0.088,-0.264,-0.088,0.176,0.000,-0.176,-0.088,-0.088,-46.406,32.607,0.000,0.439,0.176,0.000,0.000,0.000,0.000,0.000,0.000,0.000,0.000,0.000,0.000,0.000,0.000,0.000,-47.133,32.667,0.000,0.000,0.000,0.033,7.2,11.30,29.0,0.000,0.000,0.000,0.000,0.000,0.000,0.006,0.000,0.000,0.000,0.006,0.000,0.000,0.033,0.000,0.000,0.013,0.000
24.3063,243,0,move,-1,24.3063,24.3166,0,0.000,-0.088,0.176,-0.176,-0.088,0.088,-0.264,-0.088,0.176,0.000,-0.176,-0.088,-0.088,-46.406,32.607,0.000,0.439,0.176,0.000,0.000,0.000,0.000,0.000,0.000,0.000,0.000,0.000,0.000,0.000,0.000,0.000,-47.133,32.667,0.000,0.000,0.000,0.033,7.2,11.30,29.0,0.000,0.000,0.000,0.000,0.000,0.000,0.006,0.000,0.000,0.000,0.006,0.000,0.000,0.033,0.000,0.000,0.013,0.000
24.4063,244,0,move,-1,24.4063,24.4188,0,0.000,-0.088,0.176,-0.176,-0.088,0.088,-0.264,-0.088,0.176,0.000,-0.176,-0.088,-0.088,-46.406,32.607,0.000,0.439,0.176,0.000,0.000,0.000,0.000,0.000,0.000,0.000,0.000,0.000,0.000,0.000,0.000,0.000,-47.133,32.667,0.000,0.000,0.000,0.039,7.2,11.30,29.0,0.000,0.000,0.000,0.000,0.000,0.000,0.006,0.000,0.000,0.000,0.000,0.000,0.000,0.039,0.000,0.000,0.006,0.000
24.5071,245,0,move,-1,24.5071,24.5325,0,0.000,-0.088,0.176,-0.176,-0.088,0.088,-0.264,-0.088,0.176,0.000,-0.176,-0.088,-0.088,-46.406,32.607,0.000,0.439,0.176,0.000,0.000,0.000,0.000,0.000,0.000,0.000,0.000,0.000,0.000,0.000,0.000,0.000,-47.133,32.667,0.000,0.000,0.000,0.033,7.2,11.30,29.0,0.000,0.000,0.000,0.000,0.000,0.000,0.000,0.000,0.000,0.000,0.000,0.000,0.000,0.033,0.000,0.000,0.006,0.000
24.6062,246,0,move,-1,24.6062,24.6223,0,0.000,-0.088,0.176,-0.176,-0.088,0.088,-0.264,-0.088,0.176,0.000,-0.176,-0.088,-0.088,-46.406,32.607,0.000,0.439,0.176,0.000,0.000,0.000,0.000,0.000,0.000,0.000,0.000,0.000,0.000,0.000,0.000,0.000,-47.133,32.667,0.000,0.000,0.000,0.033,7.2,11.30,29.0,0.000,0.000,0.000,0.000,0.000,0.000,0.000,0.000,0.000,0.000,0.000,0.000,0.000,0.033,0.000,0.000,0.006,0.000
24.7061,247,0,move,-1,24.7061,24.7185,0,0.000,-0.088,0.176,-0.176,-0.088,0.088,-0.264,-0.088,0.176,0.000,-0.176,-0.088,-0.088,-46.406,32.607,0.000,0.439,0.176,0.000,0.000,0.000,0.000,0.000,0.000,0.000,0.000,0.000,0.000,0.000,0.000,0.000,-47.133,32.667,0.000,0.000,0.000,0.033,7.2,11.30,29.0,0.000,0.000,0.000,0.006,0.000,0.000,0.000,0.000,0.000,0.000,0.000,0.000,0.000,0.033,0.000,0.000,0.006,0.000
24.8063,248,0,move,-1,24.8063,24.8154,0,0.000,-0.088,0.176,-0.176,-0.088,0.088,-0.264,-0.088,0.176,0.000,-0.176,-0.088,-0.088,-46.406,32.607,0.000,0.439,0.176,0.000,0.000,0.000,0.000,0.000,0.000,0.000,0.000,0.000,0.000,0.000,0.000,0.000,-47.133,32.667,0.000,0.000,0.000,0.033,7.2,11.30,29.0,0.000,0.000,0.000,0.006,0.000,0.000,0.000,0.000,0.000,0.000,0.000,0.000,0.000,0.033,0.000,0.000,0.006,0.000
24.9061,249,0,move,-1,24.9061,24.9169,0,0.000,-0.088,0.176,-0.176,-0.088,0.088,-0.264,-0.088,0.176,0.000,-0.176,-0.088,-0.088,-46.406,32.607,0.000,0.439,0.176,0.000,0.000,0.000,0.000,0.000,0.000,0.000,0.000,0.000,0.000,0.000,0.000,0.000,-47.133,32.667,0.000,0.000,0.000,0.033,7.2,11.30,28.0,0.000,0.000,0.000,0.000,0.000,0.000,0.006,0.000,0.000,0.000,0.000,0.000,0.000,0.033,0.000,0.000,0.006,0.006
25.0063,250,0,move,-1,25.0063,25.0193,0,0.000,-0.088,0.176,-0.176,-0.088,0.088,-0.264,-0.088,0.176,0.000,-0.176,-0.088,-0.088,-46.406,32.607,0.000,0.439,0.176,0.000,0.000,0.000,0.000,0.000,0.000,0.000,0.000,0.000,0.000,0.000,0.000,0.000,-47.133,32.667,0.000,0.000,0.000,0.039,7.2,11.30,29.0,0.000,0.000,0.000,0.006,0.000,0.000,0.006,0.000,0.006,0.000,0.000,0.000,0.000,0.039,0.000,0.000,0.013,0.000
25.1061,251,0,move,-1,25.1061,25.1173,0,0.000,-0.088,0.176,-0.176,-0.088,0.088,-0.264,-0.088,0.176,0.000,-0.176,-0.088,-0.088,-46.406,32.607,0.000,0.439,0.176,0.000,0.000,0.000,0.000,0.000,0.000,0.000,0.000,0.000,0.000,0.000,0.000,0.000,-47.133,32.667,0.000,0.000,0.000,0.039,7.2,11.30,29.0,0.000,0.000,0.000,0.006,0.000,0.000,0.006,0.000,0.006,0.000,0.000,0.000,0.000,0.039,0.000,0.000,0.013,0.000
25.2063,252,0,move,-1,25.2063,25.2180,0,0.000,-0.088,0.176,-0.176,-0.088,0.088,-0.264,-0.088,0.176,0.000,-0.176,-0.088,-0.088,-46.406,32.607,0.000,0.439,0.176,0.000,0.000,0.000,0.000,0.000,0.000,0.000,0.000,0.000,0.000,0.000,0.000,0.000,-47.133,32.667,0.000,0.000,0.000,0.033,7.2,11.30,29.0,0.000,0.000,0.000,0.000,0.000,0.000,0.006,0.000,0.000,0.000,0.000,0.000,0.000,0.033,0.000,0.000,0.006,0.006
25.3061,253,0,move,-1,25.3061,25.3180,0,0.000,-0.088,0.176,-0.176,-0.088,0.088,-0.264,-0.088,0.176,0.000,-0.176,-0.088,-0.088,-46.406,32.607,0.000,0.439,0.176,0.000,0.000,0.000,0.000,0.000,0.000,0.000,0.000,0.000,0.000,0.000,0.000,0.000,-47.133,32.667,0.000,0.000,0.000,0.033,7.2,11.30,29.0,0.000,0.000,0.000,0.000,0.000,0.000,0.000,0.000,0.000,0.000,0.000,0.000,0.000,0.033,0.000,0.000,0.006,0.000
25.4061,254,0,move,-1,25.4061,25.4166,0,0.000,-0.088,0.176,-0.176,-0.088,0.088,-0.264,-0.088,0.176,0.000,-0.176,-0.088,-0.088,-46.406,32.607,0.000,0.439,0.176,0.000,0.000,0.000,0.000,0.000,0.000,0.000,0.000,0.000,0.000,0.000,0.000,0.000,-47.133,32.667,0.000,0.000,0.000,0.033,7.2,11.30,29.0,0.000,0.000,0.000,0.000,0.000,0.000,0.000,0.000,0.000,0.000,0.000,0.000,0.000,0.033,0.000,0.000,0.006,0.000
25.5061,255,0,move,-1,25.5061,25.5206,0,0.000,-0.088,0.176,-0.176,-0.088,0.088,-0.264,-0.088,0.176,0.000,-0.176,-0.088,-0.088,-46.406,32.607,0.000,0.439,0.176,0.000,0.000,0.000,0.000,0.000,0.000,0.000,0.000,0.000,0.000,0.000,0.000,0.000,-47.133,32.667,0.000,0.000,0.000,0.033,7.2,11.30,28.0,0.000,0.000,0.000,0.000,0.000,0.000,0.000,0.000,0.000,0.000,0.006,0.000,0.000,0.033,0.000,0.000,0.013,0.000
25.6061,256,0,move,-1,25.6061,25.6174,0,0.000,-0.088,0.176,-0.176,-0.088,0.088,-0.264,-0.088,0.176,0.000,-0.176,-0.088,-0.088,-46.406,32.607,0.000,0.439,0.176,0.000,0.000,0.000,0.000,0.000,0.000,0.000,0.000,0.000,0.000,0.000,0.000,0.000,-47.133,32.667,0.000,0.000,0.000,0.033,7.2,11.30,28.0,0.000,0.000,0.000,0.000,0.000,0.000,0.000,0.000,0.000,0.000,0.006,0.000,0.000,0.033,0.000,0.000,0.013,0.000
25.7061,257,0,move,-1,25.7061,25.7170,0,0.000,-0.088,0.176,-0.176,-0.088,0.088,-0.264,-0.088,0.176,0.000,-0.176,-0.088,-0.088,-46.406,32.607,0.000,0.439,0.176,0.000,0.000,0.000,0.000,0.000,0.000,0.000,0.000,0.000,0.000,0.000,0.000,0.000,-47.133,32.667,0.000,0.000,0.000,0.033,7.2,11.30,29.0,0.000,0.000,0.000,0.000,0.000,0.000,0.006,0.000,0.006,0.000,0.000,0.000,0.000,0.033,0.000,0.000,0.006,0.000
25.8061,258,0,move,-1,25.8061,25.8123,0,0.000,-0.088,0.176,-0.176,-0.088,0.088,-0.264,-0.088,0.176,0.000,-0.176,-0.088,-0.088,-46.406,32.607,0.000,0.439,0.176,0.000,0.000,0.000,0.000,0.000,0.000,0.000,0.000,0.000,0.000,0.000,0.000,0.000,-47.133,32.667,0.000,0.000,0.000,0.033,7.2,11.30,29.0,0.000,0.000,0.000,0.000,0.000,0.000,0.006,0.000,0.006,0.000,0.000,0.000,0.000,0.033,0.000,0.000,0.006,0.000
25.9088,259,0,move,-1,25.9088,25.9829,0,0.000,-0.088,0.176,-0.176,-0.088,0.088,-0.264,-0.088,0.176,0.000,-0.176,-0.088,-0.088,-46.406,32.607,0.000,0.439,0.176,0.000,0.000,0.000,0.000,0.000,0.000,0.000,0.000,0.000,0.000,0.000,0.000,0.000,-47.133,32.667,0.000,0.000,0.000,0.033,7.2,11.30,29.0,0.000,0.000,0.000,0.000,0.000,0.000,0.006,0.000,0.000,0.000,0.000,0.000,0.000,0.033,0.000,0.000,0.006,0.000
26.0174,260,0,move,-1,26.0174,26.0567,0,0.000,-0.088,0.176,-0.176,-0.088,0.088,-0.264,-0.088,0.176,0.000,-0.176,-0.088,-0.088,-46.406,32.607,0.000,0.439,0.176,0.000,0.000,0.000,0.000,0.000,0.000,0.000,0.000,0.000,0.000,0.000,0.000,0.000,-47.233,32.716,0.000,0.000,0.000,0.033,7.2,11.30,29.0,0.000,0.000,0.000,0.000,0.000,0.000,0.006,0.000,0.000,0.000,0.000,0.000,0.000,0.033,0.000,0.000,0.006,0.000
26.1061,261,0,move,-1,26.1061,26.1306,0,0.000,-0.088,0.176,-0.176,-0.088,0.088,-0.264,-0.088,0.176,0.000,-0.176,-0.088,-0.088,-46.494,32.607,0.000,0.439,0.176,0.000,0.000,0.000,0.000,0.000,0.000,0.000,0.000,0.000,0.000,0.000,0.000,0.000,-47.522,32.856,0.000,0.000,0.000,0.045,8.4,11.30,28.0,0.000,0.000,0.000,0.006,0.000,0.000,0.000,0.000,0.000,0.000,0.000,0.000,0.000,0.045,0.000,0.000,0.006,0.000
26.2061,262,0,move,-1,26.2061,26.2137,0,0.000,-0.088,0.176,-0.176,-0.088,0.088,-0.264,-0.088,0.176,0.000,-0.176,-0.088,-0.088,-46.846,32.607,0.000,0.439,0.176,0.000,0.000,0.000,0.000,0.000,0.000,0.000,0.000,0.000,0.000,0.000,0.000,0.000,-47.971,33.071,0.000,0.000,0.000,0.045,8.4,11.30,28.0,0.000,0.000,0.000,0.006,0.000,0.000,0.000,0.000,0.000,0.000,0.000,0.000,0.000,0.045,0.000,0.000,0.006,0.000
26.3061,263,0,move,-1,26.3061,26.3184,0,0.000,-0.088,0.176,-0.176,-0.088,0.088,-0.264,-0.088,0.176,0.000,-0.176,-0.088,-0.088,-47.285,32.871,0.000,0.439,0.176,0.000,0.000,0.000,0.000,0.000,0.000,0.000,0.000,0.000,0.000,0.000,0.000,0.000,-48.535,33.340,0.000,0.000,0.000,0.026,6.8,11.30,29.0,0.000,0.000,0.000,0.006,0.000,0.000,0.000,0.000,0.006,0.000,0.000,0.000,0.000,0.026,0.006,0.000,0.013,0.000
26.4061,264,0,move,-1,26.4061,26.4177,0,0.000,-0.088,0.176,-0.176,-0.088,0.088,-0.264,-0.088,0.176,0.000,-0.176,-0.088,-0.088,-47.637,33.311,0.000,0.439,0.176,0.000,0.000,0.000,0.000,0.000,0.000,0.000,0.000,0.000,0.000,0.000,0.000,0.000,-49.154,33.634,0.000,0.000,0.000,0.026,6.8,11.30,29.0,0.000,0.000,0.000,0.006,0.000,0.000,0.000,0.000,0.006,0.000,0.000,0.000,0.000,0.026,0.006,0.000,0.013,0.000
26.5062,265,0,move,-1,26.5062,26.5172,0,0.000,-0.088,0.176,-0.176,-0.088,0.088,-0.264,-0.088,0.176,0.000,-0.176,-0.088,-0.088,-48.340,33.662,0.000,0.439,0.176,0.000,0.000,0.000,0.000,0.000,0.000,0.000,0.000,0.000,0.000,0.000,0.000,0.000,-49.772,33.924,0.000,0.000,0.000,0.052,10.0,11.30,29.0,0.000,0.000,0.000,0.006,0.000,0.000,0.006,0.000,0.000,0.000,0.000,0.000,0.000,0.052,0.006,0.000,0.006,0.000
26.6064,266,0,move,-1,26.6064,26.6227,0,0.000,-0.088,0.176,-0.176,-0.088,0.088,-0.264,-0.088,0.176,0.000,-0.176,-0.088,-0.088,-49.043,33.838,0.000,0.439,0.176,0.000,0.000,0.000,0.000,0.000,0.000,0.000,0.000,0.000,0.000,0.000,0.000,0.000,-50.327,34.182,0.000,0.000,0.000,0.033,8.0,11.30,29.0,0.000,0.000,0.000,0.000,0.000,0.000,0.006,0.000,0.000,0.000,0.000,0.000,0.000,0.033,0.006,0.000,0.006,0.000
26.7065,267,0,move,-1,26.7065,26.7701,0,0.000,-0.088,0.176,-0.176,-0.088,0.088,-0.264,-0.088,0.176,0.000,-0.176,-0.088,-0.088,-49.746,34.189,0.000,0.439,0.176,0.000,0.000,0.000,0.000,0.000,0.000,0.000,0.000,0.000,0.000,0.000,0.000,0.000,-50.765,34.384,0.000,0.000,0.000,0.026,6.8,11.30,29.0,0.000,0.000,0.000,0.000,0.000,0.000,0.006,0.000,0.000,0.000,0.006,0.000,0.000,0.026,0.006,0.000,0.006,0.000
26.8061,268,0,move,-1,26.8061,26.8484,0,0.000,-0.088,0.176,-0.176,-0.088,0.088,-0.264,-0.088,0.176,0.000,-0.176,-0.088,-0.088,-50.361,34.365,0.000,0.439,0.176,0.000,0.000,0.000,0.000,0.000,0.000,0.000,0.000,0.000,0.000,0.000,0.000,0.000,-51.045,34.512,0.000,0.000,0.000,0.026,6.8,11.30,29.0,0.000,0.000,0.000,0.000,0.000,0.000,0.006,0.000,0.000,0.000,0.006,0.000,0.000,0.026,0.006,0.000,0.006,0.000
26.9077,269,0,move,-1,26.9077,26.9553,0,0.000,-0.088,0.176,-0.176,-0.088,0.088,-0.264,-0.088,0.176,0.000,-0.176,-0.088,-0.088,-50.625,34.541,0.000,0.439,0.176,0.000,0.000,0.000,0.000,0.000,0.000,0.000,0.000,0.000,0.000,0.000,0.000,0.000,-51.141,34.556,0.000,0.000,0.000,0.019,5.2,11.30,29.0,0.000,0.000,0.000,0.000,0.000,0.000,0.000,0.000,0.000,0.000,0.006,0.000,0.000,0.019,0.006,0.000,0.006,0.000
27.0061,270,0,move,-1,27.0061,27.0286,0,0.000,-0.088,0.176,-0.176,-0.088,0.088,-0.264,-0.088,0.176,0.000,-0.176,-0.088,-0.088,-50.713,34.541,0.000,0.439,0.176,0.000,0.000,0.000,0.000,0.000,0.000,0.000,0.000,0.000,0.000,0.000,0.000,0.000,-51.141,34.556,0.000,0.000,0.000,0.019,5.2,11.30,29.0,0.000,0.000,0.000,0.000,0.000,0.000,0.000,0.000,0.000,0.000,0.006,0.000,0.000,0.019,0.006,0.000,0.006,0.000
27.1065,271,0,move,-1,27.1065,27.1621,0,0.000,-0.088,0.176,-0.176,-0.088,0.088,-0.264,-0.088,0.176,0.000,-0.176,-0.088,-0.088,-50.713,34.541,0.000,0.439,0.176,0.000,0.000,0.000,0.000,0.000,0.000,0.000,0.000,0.000,0.000,0.000,0.000,0.000,-51.141,34.556,0.000,0.000,0.000,0.019,4.8,11.30,29.0,0.000,0.000,0.006,0.000,0.000,0.000,0.006,0.000,0.000,0.000,0.000,0.000,0.000,0.019,0.000,0.000,0.006,0.006
27.2061,272,0,move,-1,27.2061,27.2124,0,0.000,-0.088,0.176,-0.176,-0.088,0.088,-0.264,-0.088,0.176,0.000,-0.176,-0.088,-0.088,-50.713,34.541,0.000,0.439,0.176,0.000,0.000,0.000,0.000,0.000,0.000,0.000,0.000,0.000,0.000,0.000,0.000,0.000,-51.141,34.556,0.000,0.000,0.000,0.019,4.8,11.30,29.0,0.000,0.000,0.006,0.000,0.000,0.000,0.006,0.000,0.000,0.000,0.000,0.000,0.000,0.019,0.000,0.000,0.006,0.006
27.3063,273,0,move,-1,27.3063,27.3160,0,0.000,-0.088,0.176,-0.176,-0.088,0.088,-0.264,-0.088,0.176,0.000,-0.176,-0.088,-0.088,-50.713,34.541,0.000,0.439,0.176,0.000,0.000,0.000,0.000,0.000,0.000,0.000,0.000,0.000,0.000,0.000,0.000,0.000,-51.141,34.556,0.000,0.000,0.000,0.013,4.8,11.30,29.0,0.000,0.000,0.000,0.006,0.000,0.000,0.006,0.000,0.000,0.000,0.000,0.000,0.000,0.013,0.000,0.000,0.006,0.006
27.4063,274,0,move,-1,27.4063,27.4187,0,0.000,-0.088,0.176,-0.176,-0.088,0.088,-0.264,-0.088,0.176,0.000,-0.176,-0.088,-0.088,-50.713,34.541,0.000,0.439,0.176,0.000,0.000,0.000,0.000,0.000,0.000,0.000,0.000,0.000,0.000,0.000,0.000,0.000,-51.141,34.556,0.000,0.000,0.000,0.019,4.8,11.30,29.0,0.000,0.000,0.000,0.006,0.000,0.000,0.006,0.000,0.000,0.000,0.000,0.000,0.000,0.019,0.000,0.000,0.006,0.006
27.5063,275,0,move,-1,27.5063,27.5170,0,0.000,-0.088,0.176,-0.176,-0.088,0.088,-0.264,-0.088,0.176,0.000,-0.176,-0.088,-0.088,-50.713,34.541,0.000,0.439,0.176,0.000,0.000,0.000,0.000,0.000,0.000,0.000,0.000,0.000,0.000,0.000,0.000,0.000,-51.141,34.556,0.000,0.000,0.000,0.019,4.8,11.30,29.0,0.000,0.000,0.000,0.006,0.000,0.000,0.006,0.000,0.000,0.000,0.000,0.000,0.000,0.019,0.000,0.000,0.006,0.006
27.6258,276,0,move,-1,27.6258,27.6380,0,0.000,-0.088,0.176,-0.176,-0.088,0.088,-0.264,-0.088,0.176,0.000,-0.176,-0.088,-0.088,-50.713,34.541,0.000,0.439,0.176,0.000,0.000,0.000,0.000,0.000,0.000,0.000,0.000,0.000,0.000,0.000,0.000,0.000,-51.141,34.556,0.000,0.000,0.000,0.019,4.8,11.30,29.0,0.000,0.000,0.000,0.000,0.000,0.000,0.006,0.000,0.000,0.000,0.000,0.000,0.000,0.019,0.000,0.000,0.006,0.000
27.7073,277,0,move,-1,27.7073,27.7662,0,0.000,-0.088,0.176,-0.176,-0.088,0.088,-0.264,-0.088,0.176,0.000,-0.176,-0.088,-0.088,-50.713,34.541,0.000,0.439,0.176,0.000,0.000,0.000,0.000,0.000,0.000,0.000,0.000,0.000,0.000,0.000,0.000,0.000,-51.141,34.556,0.000,0.000,0.000,0.019,4.8,11.30,29.0,0.000,0.000,0.006,0.000,0.000,0.000,0.006,0.000,0.006,0.000,0.006,0.000,0.000,0.019,0.000,0.000,0.013,0.000
27.8064,278,0,move,-1,27.8064,27.8174,0,0.000,-0.088,0.176,-0.176,-0.088,0.088,-0.264,-0.088,0.176,0.000,-0.176,-0.088,-0.088,-50.713,34.541,0.000,0.439,0.176,0.000,0.000,0.000,0.000,0.000,0.000,0.000,0.000,0.000,0.000,0.000,0.000,0.000,-51.141,34.556,0.000,0.000,0.000,0.019,4.8,11.30,29.0,0.000,0.000,0.006,0.000,0.000,0.000,0.006,0.000,0.006,0.000,0.006,0.000,0.000,0.019,0.000,0.000,0.013,0.000
27.9061,279,0,move,-1,27.9061,27.9443,0,0.000,-0.088,0.176,-0.176,-0.088,0.088,-0.264,-0.088,0.176,0.000,-0.176,-0.088,-0.088,-50.713,34.541,0.000,0.439,0.176,0.000,0.000,0.000,0.000,0.000,0.000,0.000,0.000,0.000,0.000,0.000,0.000,0.000,-51.141,34.556,0.000,0.000,0.000,0.019,4.8,11.30,29.0,0.000,0.000,0.000,0.000,0.000,0.000,0.006,0.000,0.000,0.000,0.006,0.000,0.000,0.019,0.000,0.000,0.006,0.006
28.0062,280,0,move,-1,28.0062,28.0203,0,0.000,-0.088,0.176,-0.176,-0.088,0.088,-0.264,-0.088,0.176,0.000,-0.176,-0.088,-0.088,-50.713,34.541,0.000,0.439,0.176,0.000,0.000,0.000,0.000,0.000,0.000,0.000,0.000,0.000,0.000,0.000,0.000,0.000,-51.141,34.556,0.000,0.000,0.000,0.019,4.8,11.30,29.0,0.000,0.000,0.000,0.000,0.000,0.000,0.006,0.000,0.000,0.000,0.006,0.000,0.000,0.019,0.000,0.000,0.006,0.006
28.1063,281,0,move,-1,28.1063,28.1171,0,0.000,-0.088,0.176,-0.176,-0.088,0.088,-0.264,-0.088,0.176,0.000,-0.176,-0.088,-0.088,-50.713,34.541,0.000,0.439,0.176,0.000,0.000,0.000,0.000,0.000,0.000,0.000,0.000,0.000,0.000,0.000,0.000,0.000,-51.141,34.556,0.000,0.000,0.000,0.019,4.8,11.30,29.0,0.000,0.000,0.000,0.006,0.000,0.000,0.006,0.000,0.000,0.000,0.006,0.000,0.000,0.019,0.000,0.000,0.006,0.000
28.2063,282,0,move,-1,28.2063,28.2196,0,0.000,-0.088,0.176,-0.176,-0.088,0.088,-0.264,-0.088,0.176,0.000,-0.176,-0.088,-0.088,-50.713,34.541,0.000,0.439,0.176,0.000,0.000,0.000,0.000,0.000,0.000,0.000,0.000,0.000,0.000,0.000,0.000,0.000,-51.141,34.556,0.000,0.000,0.000,0.019,4.8,11.30,29.0,0.000,0.000,0.006,0.006,0.000,0.000,0.006,0.000,0.000,0.000,0.006,0.000,0.000,0.019,0.000,0.000,0.006,0.000
28.3061,283,0,move,-1,28.3061,28.3181,0,0.000,-0.088,0.176,-0.176,-0.088,0.088,-0.264,-0.088,0.176,0.000,-0.176,-0.088,-0.088,-50.713,34.541,0.000,0.439,0.176,0.000,0.000,0.000,0.000,0.000,0.000,0.000,0.000,0.000,0.000,0.000,0.000,0.000,-51.141,34.556,0.000,0.000,0.000,0.019,4.8,11.30,29.0,0.000,0.000,0.006,0.006,0.000,0.000,0.006,0.000,0.000,0.000,0.006,0.000,0.000,0.019,0.000,0.000,0.006,0.000
28.4063,284,0,move,-1,28.4063,28.4159,0,0.000,-0.088,0.176,-0.176,-0.088,0.088,-0.264,-0.088,0.176,0.000,-0.176,-0.088,-0.088,-50.713,34.541,0.000,0.439,0.176,0.000,0.000,0.000,0.000,0.000,0.000,0.000,0.000,0.000,0.000,0.000,0.000,0.000,-51.141,34.556,0.000,0.000,0.000,0.013,4.8,11.30,29.0,0.000,0.000,0.000,0.000,0.000,0.000,0.006,0.000,0.000,0.000,0.006,0.000,0.000,0.013,0.000,0.000,0.013,0.006
28.5063,285,0,move,-1,28.5063,28.5189,0,0.000,-0.088,0.176,-0.176,-0.088,0.088,-0.264,-0.088,0.176,0.000,-0.176,-0.088,-0.088,-50.713,34.541,0.000,0.439,0.176,0.000,0.000,0.000,0.000,0.000,0.000,0.000,0.000,0.000,0.000,0.000,0.000,0.000,-51.141,34.556,0.000,0.000,0.000,0.019,4.8,11.30,29.0,0.000,0.000,0.000,0.000,0.000,0.000,0.006,0.000,0.006,0.000,0.000,0.000,0.000,0.019,0.000,0.000,0.013,0.000
28.6063,286,0,move,-1,28.6063,28.6205,0,0.000,-0.088,0.176,-0.176,-0.088,0.088,-0.264,-0.088,0.176,0.000,-0.176,-0.088,-0.088,-50.713,34.541,0.000,0.439,0.176,0.000,0.000,0.000,0.000,0.000,0.000,0.000,0.000,0.000,0.000,0.000,0.000,0.000,-51.141,34.556,0.000,0.000,0.000,0.019,4.8,11.30,29.0,0.000,0.000,0.000,0.000,0.000,0.000,0.000,0.000,0.000,0.000,0.000,0.000,0.000,0.019,0.000,0.000,0.013,0.000
28.7063,287,0,move,-1,28.7063,28.7190,0,0.000,-0.088,0.176,-0.176,-0.088,0.088,-0.264,-0.088,0.176,0.000,-0.176,-0.088,-0.088,-50.713,34.541,0.000,0.439,0.176,0.000,0.000,0.000,0.000,0.000,0.000,0.000,0.000,0.000,0.000,0.000,0.000,0.000,-51.141,34.556,0.000,0.000,0.000,0.019,4.8,11.30,29.0,0.000,0.000,0.000,0.000,0.000,0.000,0.000,0.000,0.000,0.000,0.000,0.000,0.000,0.019,0.000,0.000,0.013,0.000
28.8061,288,0,move,-1,28.8061,28.8184,0,0.000,-0.088,0.176,-0.176,-0.088,0.088,-0.264,-0.088,0.176,0.000,-0.176,-0.088,-0.088,-50.713,34.541,0.000,0.439,0.176,0.000,0.000,0.000,0.000,0.000,0.000,0.000,0.000,0.000,0.000,0.000,0.000,0.000,-51.141,34.556,0.000,0.000,0.000,0.019,4.8,11.30,29.0,0.000,0.000,0.000,0.000,0.000,0.000,0.000,0.000,0.000,0.000,0.000,0.000,0.000,0.019,0.000,0.000,0.006,0.000
28.9061,289,0,move,-1,28.9061,28.9171,0,0.000,-0.088,0.176,-0.176,-0.088,0.088,-0.264,-0.088,0.176,0.000,-0.176,-0.088,-0.088,-50.713,34.541,0.000,0.439,0.176,0.000,0.000,0.000,0.000,0.000,0.000,0.000,0.000,0.000,0.000,0.000,0.000,0.000,-51.141,34.556,0.000,0.000,0.000,0.019,4.8,11.30,29.0,0.000,0.000,0.000,0.000,0.000,0.000,0.000,0.000,0.000,0.000,0.000,0.000,0.000,0.019,0.000,0.000,0.006,0.000
29.0063,290,0,move,-1,29.0063,29.0176,0,0.000,-0.088,0.176,-0.176,-0.088,0.088,-0.264,-0.088,0.176,0.000,-0.176,-0.088,-0.088,-50.713,34.541,0.000,0.439,0.176,0.000,0.000,0.000,0.000,0.000,0.000,0.000,0.000,0.000,0.000,0.000,0.000,0.000,-51.141,34.556,0.000,0.000,0.000,0.019,4.8,11.30,29.0,0.000,0.000,0.000,0.006,0.000,0.000,0.000,0.000,0.000,0.000,0.000,0.000,0.000,0.019,0.000,0.000,0.006,0.006
29.1063,291,0,move,-1,29.1063,29.1182,0,0.000,-0.088,0.176,-0.176,-0.088,0.088,-0.264,-0.088,0.176,0.000,-0.176,-0.088,-0.088,-50.713,34.541,0.000,0.439,0.176,0.000,0.000,0.000,0.000,0.000,0.000,0.000,0.000,0.000,0.000,0.000,0.000,0.000,-51.141,34.556,0.000,0.000,0.000,0.019,4.8,11.30,29.0,0.000,0.000,0.000,0.000,0.000,0.000,0.000,0.000,0.000,0.000,0.000,0.000,0.000,0.019,0.000,0.000,0.013,0.006
29.2095,292,0,move,-1,29.2095,29.2328,0,0.000,-0.088,0.176,-0.176,-0.088,0.088,-0.264,-0.088,0.176,0.000,-0.176,-0.088,-0.088,-50.713,34.541,0.000,0.439,0.176,0.000,0.000,0.000,0.000,0.000,0.000,0.000,0.000,0.000,0.000,0.000,0.000,0.000,-51.141,34.556,0.000,0.000,0.000,0.013,4.8,11.30,29.0,0.000,0.000,0.000,0.006,0.000,0.000,0.000,0.000,0.000,0.000,0.006,0.000,0.000,0.013,0.000,0.000,0.006,0.006
29.3061,293,0,move,-1,29.3061,29.3154,0,0.000,-0.088,0.176,-0.176,-0.088,0.088,-0.264,-0.088,0.176,0.000,-0.176,-0.088,-0.088,-50.713,34.541,0.000,0.439,0.176,0.000,0.000,0.000,0.000,0.000,0.000,0.000,0.000,0.000,0.000,0.000,0.000,0.000,-51.141,34.556,0.000,0.000,0.000,0.013,4.8,11.30,29.0,0.000,0.000,0.000,0.006,0.000,0.000,0.000,0.000,0.000,0.000,0.006,0.000,0.000,0.013,0.000,0.000,0.006,0.006
29.4061,294,0,move,-1,29.4061,29.4169,0,0.000,-0.088,0.176,-0.176,-0.088,0.088,-0.264,-0.088,0.176,0.000,-0.176,-0.088,-0.088,-50.713,34.541,0.000,0.439,0.176,0.000,0.000,0.000,0.000,0.000,0.000,0.000,0.000,0.000,0.000,0.000,0.000,0.000,-51.141,34.556,0.000,0.000,0.000,0.019,4.8,11.30,29.0,0.000,0.000,0.006,0.006,0.000,0.000,0.006,0.000,0.006,0.000,0.000,0.000,0.000,0.019,0.000,0.000,0.013,0.006
29.5061,295,0,move,-1,29.5061,29.5159,0,0.000,-0.088,0.176,-0.176,-0.088,0.088,-0.264,-0.088,0.176,0.000,-0.176,-0.088,-0.088,-50.713,34.541,0.000,0.439,0.176,0.000,0.000,0.000,0.000,0.000,0.000,0.000,0.000,0.000,0.000,0.000,0.000,0.000,-51.141,34.556,0.000,0.000,0.000,0.019,4.8,11.30,29.0,0.000,0.000,0.006,0.006,0.000,0.000,0.006,0.000,0.006,0.000,0.000,0.000,0.000,0.019,0.000,0.000,0.013,0.006
29.6063,296,0,move,-1,29.6063,29.6183,0,0.000,-0.088,0.176,-0.176,-0.088,0.088,-0.264,-0.088,0.176,0.000,-0.176,-0.088,-0.088,-50.713,34.541,0.000,0.439,0.176,0.000,0.000,0.000,0.000,0.000,0.000,0.000,0.000,0.000,0.000,0.000,0.000,0.000,-51.141,34.556,0.000,0.000,0.000,0.019,4.8,11.30,29.0,0.000,0.000,0.000,0.000,0.000,0.000,0.000,0.000,0.000,0.000,0.000,0.000,0.000,0.019,0.000,0.000,0.006,0.000
29.7597,297,0,move,-1,29.7597,29.7908,1,0.000,-0.088,0.176,-0.176,-0.088,0.088,-0.264,-0.088,0.176,0.000,-0.176,-0.088,-0.088,-50.713,34.541,0.000,0.439,0.176,0.000,0.000,0.000,0.000,0.000,0.000,0.000,0.000,0.000,0.000,0.000,0.000,0.000,-51.141,34.556,0.000,0.000,0.000,0.019,4.8,11.30,29.0,0.000,0.000,0.000,0.000,0.000,0.000,0.000,0.000,0.006,0.000,0.000,0.000,0.000,0.019,0.000,0.000,0.006,0.006
29.8061,298,0,move,-1,29.8061,29.8177,0,0.000,-0.088,0.176,-0.176,-0.088,0.088,-0.264,-0.088,0.176,0.000,-0.176,-0.088,-0.088,-50.713,34.541,0.000,0.439,0.176,0.000,0.000,0.000,0.000,0.000,0.000,0.000,0.000,0.000,0.000,0.000,0.000,0.000,-51.141,34.556,0.000,0.000,0.000,0.019,4.8,11.30,29.0,0.000,0.000,0.000,0.000,0.000,0.000,0.000,0.000,0.006,0.000,0.000,0.000,0.000,0.019,0.000,0.000,0.006,0.006
29.9061,299,0,move,-1,29.9061,29.9169,0,0.000,-0.088,0.176,-0.176,-0.088,0.088,-0.264,-0.088,0.176,0.000,-0.176,-0.088,-0.088,-50.713,34.541,0.000,0.439,0.176,0.000,0.000,0.000,0.000,0.000,0.000,0.000,0.000,0.000,0.000,0.000,0.000,0.000,-51.141,34.556,0.000,0.000,0.000,0.013,4.8,11.30,31.0,0.000,0.000,0.006,0.000,0.000,0.000,0.006,0.000,0.000,0.000,0.000,0.000,0.000,,0.000,0.000,0.013,0.006
30.0063,300,0,move,-1,30.0063,30.0193,0,0.000,-0.088,0.176,-0.176,-0.088,0.088,-0.264,-0.088,0.176,0.000,-0.176,-0.088,-0.088,-50.713,34.541,0.000,0.439,0.176,0.000,0.000,0.000,0.000,0.000,0.000,0.000,0.000,0.000,0.000,0.000,0.000,0.000,-51.045,34.512,0.000,0.000,0.000,0.019,4.8,11.30,29.0,0.000,0.000,0.006,0.006,0.000,0.000,0.000,0.000,0.000,0.000,0.006,0.000,0.000,0.019,0.000,0.000,0.006,0.006
30.1084,301,0,move,-1,30.1084,30.1218,0,0.000,-0.088,0.176,-0.176,-0.088,0.088,-0.264,-0.088,0.176,0.000,-0.176,-0.088,-0.088,-50.713,34.541,0.000,0.439,0.176,0.000,0.000,0.000,0.000,0.000,0.000,0.000,0.000,0.000,0.000,0.000,0.000,0.000,-50.765,34.384,0.000,0.000,0.000,0.013,4.0,11.30,29.0,0.000,0.000,0.006,0.000,0.000,0.000,0.000,0.000,0.000,0.000,0.000,0.000,0.000,0.013,0.000,0.000,0.006,0.006
30.2061,302,0,move,-1,30.2061,30.2210,0,0.000,-0.088,0.176,-0.176,-0.088,0.088,-0.264,-0.088,0.176,0.000,-0.176,-0.088,-0.088,-50.713,34.541,0.000,0.439,0.176,0.000,0.000,0.000,0.000,0.000,0.000,0.000,0.000,0.000,0.000,0.000,0.000,0.000,-50.327,34.182,0.000,0.000,0.000,0.013,4.0,11.30,29.0,0.000,0.000,0.006,0.000,0.000,0.000,0.000,0.000,0.000,0.000,0.000,0.000,0.000,0.013,0.000,0.000,0.006,0.006
30.3064,303,0,move,-1,30.3064,30.3168,0,0.000,-0.088,0.176,-0.176,-0.088,0.088,-0.264,-0.088,0.176,0.000,-0.176,-0.088,-0.088,-50.625,34.277,0.000,0.439,0.176,0.000,0.000,0.000,0.000,0.000,0.000,0.000,0.000,0.000,0.000,0.000,0.000,0.000,-49.772,33.924,0.000,0.000,0.000,0.013,4.8,11.30,31.0,0.000,0.000,0.000,0.006,0.000,0.000,0.006,0.000,0.000,0.000,0.000,0.000,0.000,0.000,0.006,0.000,0.013,0.000
30.4063,304,0,move,-1,30.4063,30.4186,0,0.000,-0.088,0.176,-0.176,-0.088,0.088,-0.264,-0.088,0.176,0.000,-0.176,-0.088,-0.088,-50.010,33.926,0.000,0.439,0.176,0.000,0.000,0.000,0.000,0.000,0.000,0.000,0.000,0.000,0.000,0.000,0.000,0.000,-49.154,33.634,0.000,0.000,0.000,0.013,2.8,11.30,29.0,0.000,0.000,0.006,0.006,0.000,0.000,0.006,0.000,0.006,0.000,0.000,0.000,0.000,0.000,0.013,0.000,0.006,0.006
30.5061,305,0,move,-1,30.5061,30.5174,0,0.000,-0.088,0.176,-0.176,-0.088,0.088,-0.264,-0.088,0.176,0.000,-0.176,-0.088,-0.088,-49.482,33.662,0.000,0.439,0.176,0.000,0.000,0.000,0.000,0.000,0.000,0.000,0.000,0.000,0.000,0.000,0.000,0.000,-48.535,33.340,0.000,0.000,0.000,0.013,2.8,11.30,29.0,0.000,0.000,0.006,0.006,0.000,0.000,0.006,0.000,0.006,0.000,0.000,0.000,0.000,0.000,0.013,0.000,0.006,0.006
30.6154,306,0,move,-1,30.6154,30.6280,0,0.000,-0.088,0.176,-0.176,-0.088,0.088,-0.264,-0.088,0.176,0.000,-0.176,-0.088,-0.088,-48.779,33.311,0.000,0.439,0.176,0.000,0.000,0.000,0.000,0.000,0.000,0.000,0.000,0.000,0.000,0.000,0.000,0.000,-47.971,33.071,0.000,0.000,0.000,0.006,3.2,11.30,32.0,0.000,0.000,0.000,0.000,0.000,0.000,0.006,0.000,0.000,0.000,0.000,0.000,0.000,0.006,0.006,0.000,0.006,0.006
30.7108,307,0,move,-1,30.7108,30.7168,0,0.000,-0.088,0.176,-0.176,-0.088,0.088,-0.264,-0.088,0.176,0.000,-0.176,-0.088,-0.088,-48.340,33.311,0.000,0.439,0.176,0.000,0.000,0.000,0.000,0.000,0.000,0.000,0.000,0.000,0.000,0.000,0.000,0.000,-47.522,32.856,0.000,0.000,0.000,0.006,3.2,11.30,32.0,0.000,0.000,0.000,0.000,0.000,0.000,0.006,0.000,0.000,0.000,0.000,0.000,0.000,0.006,0.006,0.000,0.006,0.006
30.8063,308,0,move,-1,30.8063,30.8170,0,0.000,-0.088,0.176,-0.176,-0.088,0.088,-0.264,-0.088,0.176,0.000,-0.176,-0.088,-0.088,-47.725,32.959,0.000,0.439,0.176,0.000,0.000,0.000,0.000,0.000,0.000,0.000,0.000,0.000,0.000,0.000,0.000,0.000,-47.233,32.716,0.000,0.000,0.000,0.019,5.2,11.30,29.0,0.000,0.000,0.000,0.006,0.000,0.000,0.006,0.000,0.000,0.000,0.000,0.000,0.000,0.006,0.019,0.000,0.006,0.000
30.9063,309,0,move,-1,30.9063,30.9158,0,0.000,-0.088,0.176,-0.176,-0.088,0.088,-0.264,-0.088,0.176,0.000,-0.176,-0.088,-0.088,-47.373,32.783,0.000,0.439,0.176,0.000,0.000,0.000,0.000,0.000,0.000,0.000,0.000,0.000,0.000,0.000,0.000,0.000,-47.133,32.667,0.000,0.000,0.000,0.019,5.2,11.30,29.0,0.000,0.000,0.000,0.006,0.000,0.000,0.006,0.000,0.000,0.000,0.000,0.000,0.000,0.006,0.019,0.000,0.006,0.000
31.0061,310,0,move,-1,31.0061,31.0436,0,0.000,-0.088,0.176,-0.176,-0.088,0.088,-0.264,-0.088,0.176,0.000,-0.176,-0.088,-0.088,-47.197,32.783,0.000,0.439,0.176,0.000,0.000,0.000,0.000,0.000,0.000,0.000,0.000,0.000,0.000,0.000,0.000,0.000,-47.133,32.667,0.000,0.000,0.000,0.006,2.0,11.30,29.0,0.000,0.000,0.000,0.000,0.000,0.000,0.000,0.000,0.000,0.000,0.000,0.000,0.000,0.006,0.000,0.000,0.006,0.000
31.1061,311,0,move,-1,31.1061,31.1162,0,0.000,-0.088,0.176,-0.176,-0.088,0.088,-0.264,-0.088,0.176,0.000,-0.176,-0.088,-0.088,-47.197,32.783,0.000,0.439,0.176,0.000,0.000,0.000,0.000,0.000,0.000,0.000,0.000,0.000,0.000,0.000,0.000,0.000,-47.133,32.667,0.000,0.000,0.000,0.006,2.0,11.30,29.0,0.000,0.000,0.000,0.000,0.000,0.000,0.000,0.000,0.000,0.000,0.000,0.000,0.000,0.006,0.000,0.000,0.006,0.000
31.2061,312,0,move,-1,31.2061,31.2118,0,0.000,-0.088,0.176,-0.176,-0.088,0.088,-0.264,-0.088,0.176,0.000,-0.176,-0.088,-0.088,-47.197,32.783,0.000,0.439,0.176,0.000,0.000,0.000,0.000,0.000,0.000,0.000,0.000,0.000,0.000,0.000,0.000,0.000,-47.133,32.667,0.000,0.000,0.000,0.006,2.4,11.30,32.0,0.000,0.000,0.000,0.000,0.000,0.000,0.000,0.000,0.006,0.000,0.000,0.000,0.000,0.000,0.000,0.000,0.006,0.000
31.3061,313,0,move,-1,31.3061,31.3179,0,0.000,-0.088,0.176,-0.176,-0.088,0.088,-0.264,-0.088,0.176,0.000,-0.176,-0.088,-0.088,-47.197,32.783,0.000,0.439,0.176,0.000,0.000,0.000,0.000,0.000,0.000,0.000,0.000,0.000,0.000,0.000,0.000,0.000,-47.133,32.667,0.000,0.000,0.000,0.006,4.8,11.30,31.0,0.000,0.000,0.000,0.000,0.000,0.000,0.000,0.000,0.000,0.000,0.000,0.000,0.000,0.000,0.000,0.000,0.006,0.000
31.4063,314,0,move,-1,31.4063,31.4216,0,0.000,-0.088,0.176,-0.176,-0.088,0.088,-0.264,-0.088,0.176,0.000,-0.176,-0.088,-0.088,-47.197,32.783,0.000,0.439,0.176,0.000,0.000,0.000,0.000,0.000,0.000,0.000,0.000,0.000,0.000,0.000,0.000,0.000,-47.133,32.667,0.000,0.000,0.000,0.006,3.2,11.20,32.0,0.000,0.000,0.000,0.000,0.000,0.000,0.006,0.000,0.000,0.000,0.000,0.000,0.000,0.000,0.000,0.000,0.006,0.006
31.5061,315,0,move,-1,31.5061,31.5204,0,0.000,-0.088,0.176,-0.176,-0.088,0.088,-0.264,-0.088,0.176,0.000,-0.176,-0.088,-0.088,-47.197,32.783,0.000,0.439,0.176,0.000,0.000,0.000,0.000,0.000,0.000,0.000,0.000,0.000,0.000,0.000,0.000,0.000,-47.133,32.667,0.000,0.000,0.000,0.006,3.2,11.20,32.0,0.000,0.000,0.000,0.000,0.000,0.000,0.006,0.000,0.000,0.000,0.000,0.000,0.000,0.000,0.000,0.000,0.006,0.006
31.6064,316,0,move,-1,31.6064,31.6173,0,0.000,-0.088,0.176,-0.176,-0.088,0.088,-0.264,-0.088,0.176,0.000,-0.176,-0.088,-0.088,-47.197,32.783,0.000,0.439,0.176,0.000,0.000,0.000,0.000,0.000,0.000,0.000,0.000,0.000,0.000,0.000,0.000,0.000,-47.133,32.667,0.000,0.000,0.000,0.013,5.2,11.30,31.0,0.000,0.000,0.000,0.000,0.000,0.000,0.006,0.000,0.006,0.000,0.006,0.000,0.000,0.000,0.000,0.000,0.013,0.000
31.7061,317,0,move,-1,31.7061,31.7182,0,0.000,-0.088,0.176,-0.176,-0.088,0.088,-0.264,-0.088,0.176,0.000,-0.176,-0.088,-0.088,-47.197,32.783,0.000,0.439,0.176,0.000,0.000,0.000,0.000,0.000,0.000,0.000,0.000,0.000,0.000,0.000,0.000,0.000,-47.133,32.667,0.000,0.000,0.000,0.013,4.8,11.30,31.0,0.000,0.000,0.000,0.006,0.000,0.000,0.006,0.000,0.000,0.000,0.006,0.000,0.000,0.000,0.000,0.000,0.013,0.006
31.8061,318,0,move,-1,31.8061,31.8181,0,0.000,-0.088,0.176,-0.176,-0.088,0.088,-0.264,-0.088,0.176,0.000,-0.176,-0.088,-0.088,-47.197,32.783,0.000,0.439,0.176,0.000,0.000,0.000,0.000,0.000,0.000,0.000,0.000,0.000,0.000,0.000,0.000,0.000,-47.133,32.667,0.000,0.000,0.000,0.013,4.8,11.30,31.0,0.000,0.000,0.000,0.006,0.000,0.000,0.006,0.000,0.000,0.000,0.006,0.000,0.000,0.000,0.000,0.000,0.013,0.006
31.9063,319,0,move,-1,31.9063,31.9186,0,0.000,-0.088,0.176,-0.176,-0.088,0.088,-0.264,-0.088,0.176,0.000,-0.176,-0.088,-0.088,-47.197,32.783,0.000,0.439,0.176,0.000,0.000,0.000,0.000,0.000,0.000,0.000,0.000,0.000,0.000,0.000,0.000,0.000,-47.133,32.667,0.000,0.000,0.000,0.006,2.4,11.30,32.0,0.000,0.000,0.000,0.006,0.000,0.000,0.006,0.000,0.000,0.000,0.000,0.000,0.000,0.000,0.000,0.000,0.006,0.006
32.0063,320,0,move,-1,32.0063,32.0176,0,0.000,-0.088,0.176,-0.176,-0.088,0.088,-0.264,-0.088,0.176,0.000,-0.176,-0.088,-0.088,-47.197,32.783,0.000,0.439,0.176,0.000,0.000,0.000,0.000,0.000,0.000,0.000,0.000,0.000,0.000,0.000,0.000,0.000,-47.133,32.667,0.000,0.000,0.000,0.006,2.4,11.30,32.0,0.000,0.000,0.000,0.006,0.000,0.000,0.006,0.000,0.000,0.000,0.000,0.000,0.000,0.000,0.000,0.000,0.006,0.006
32.1111,321,0,move,-1,32.1111,32.1346,0,0.000,-0.088,0.176,-0.176,-0.088,0.088,-0.264,-0.088,0.176,0.000,-0.176,-0.088,-0.088,-47.197,32.783,0.000,0.439,0.176,0.000,0.000,0.000,0.000,0.000,0.000,0.000,0.000,0.000,0.000,0.000,0.000,0.000,-47.133,32.667,0.000,0.000,0.000,0.013,4.8,11.30,31.0,0.000,0.000,0.000,0.006,0.000,0.000,0.006,0.000,0.000,0.000,0.006,0.000,0.006,0.000,0.000,0.000,0.013,0.000
32.2061,322,0,move,-1,32.2061,32.2195,0,0.000,-0.088,0.176,-0.176,-0.088,0.088,-0.264,-0.088,0.176,0.000,-0.176,-0.088,-0.088,-47.197,32.783,0.000,0.439,0.176,0.000,0.000,0.000,0.000,0.000,0.000,0.000,0.000,0.000,0.000,0.000,0.000,0.000,-47.133,32.667,0.000,0.000,0.000,0.013,4.8,11.30,31.0,0.000,0.000,0.000,0.006,0.000,0.000,0.006,0.000,0.000,0.000,0.006,0.000,0.006,0.000,0.000,0.000,0.013,0.000
32.3063,323,0,move,-1,32.3063,32.3170,0,0.000,-0.088,0.176,-0.176,-0.088,0.088,-0.264,-0.088,0.176,0.000,-0.176,-0.088,-0.088,-47.197,32.783,0.000,0.439,0.176,0.000,0.000,0.000,0.000,0.000,0.000,0.000,0.000,0.000,0.000,0.000,0.000,0.000,-47.133,32.667,0.000,0.000,0.000,0.006,2.4,11.30,32.0,0.000,0.000,0.006,0.006,0.000,0.000,0.000,0.000,0.000,0.000,0.000,0.000,0.006,0.000,0.000,0.000,0.006,0.006
32.4061,324,0,move,-1,32.4061,32.4186,0,0.000,-0.088,0.176,-0.176,-0.088,0.088,-0.264,-0.088,0.176,0.000,-0.176,-0.088,-0.088,-47.197,32.783,0.000,0.439,0.176,0.000,0.000,0.000,0.000,0.000,0.000,0.000,0.000,0.000,0.000,0.000,0.000,0.000,-47.133,32.667,0.000,0.000,0.000,0.006,2.4,11.30,32.0,0.000,0.000,0.000,0.000,0.000,0.000,0.000,0.000,0.006,0.000,0.000,0.000,0.000,0.000,0.000,0.000,0.006,0.000
32.5063,325,0,move,-1,32.5063,32.5174,0,0.000,-0.088,0.176,-0.176,-0.088,0.088,-0.264,-0.088,0.176,0.000,-0.176,-0.088,-0.088,-47.197,32.783,0.000,0.439,0.176,0.000,0.000,0.000,0.000,0.000,0.000,0.000,0.000,0.000,0.000,0.000,0.000,0.000,-47.133,32.667,0.000,0.000,0.000,0.006,2.4,11.30,32.0,0.000,0.000,0.000,0.000,0.000,0.000,0.000,0.000,0.006,0.000,0.000,0.000,0.000,0.000,0.000,0.000,0.006,0.000
32.6063,326,0,move,-1,32.6063,32.6181,0,0.000,-0.088,0.176,-0.176,-0.088,0.088,-0.264,-0.088,0.176,0.000,-0.176,-0.088,-0.088,-47.197,32.783,0.000,0.439,0.176,0.000,0.000,0.000,0.000,0.000,0.000,0.000,0.000,0.000,0.000,0.000,0.000,0.000,-47.133,32.667,0.000,0.000,0.000,0.006,3.2,11.30,32.0,0.000,0.000,0.000,0.000,0.000,0.000,0.006,0.000,0.000,0.000,0.000,0.000,0.000,0.000,0.000,0.000,0.006,0.000
32.7061,327,0,move,-1,32.7061,32.7116,0,0.000,-0.088,0.176,-0.176,-0.088,0.088,-0.264,-0.088,0.176,0.000,-0.176,-0.088,-0.088,-47.197,32.783,0.000,0.439,0.176,0.000,0.000,0.000,0.000,0.000,0.000,0.000,0.000,0.000,0.000,0.000,0.000,0.000,-47.133,32.667,0.000,0.000,0.000,0.006,3.2,11.30,32.0,0.000,0.000,0.000,0.000,0.000,0.000,0.006,0.000,0.000,0.000,0.000,0.000,0.000,0.000,0.000,0.000,0.006,0.000
32.8063,328,0,move,-1,32.8063,32.8172,0,0.000,-0.088,0.176,-0.176,-0.088,0.088,-0.264,-0.088,0.176,0.000,-0.176,-0.088,-0.088,-47.197,32.783,0.000,0.439,0.176,0.000,0.000,0.000,0.000,0.000,0.000,0.000,0.000,0.000,0.000,0.000,0.000,0.000,-47.133,32.667,0.000,0.000,0.000,0.006,3.2,11.30,32.0,0.000,0.000,0.000,0.000,0.000,0.000,0.006,0.000,0.000,0.000,0.000,0.000,0.000,0.000,0.000,0.000,0.006,0.000
32.9063,329,0,move,-1,32.9063,32.9162,0,0.000,-0.088,0.176,-0.176,-0.088,0.088,-0.264,-0.088,0.176,0.000,-0.176,-0.088,-0.088,-47.197,32.783,0.000,0.439,0.176,0.000,0.000,0.000,0.000,0.000,0.000,0.000,0.000,0.000,0.000,0.000,0.000,0.000,-47.133,32.667,0.000,0.000,0.000,0.006,3.2,11.30,32.0,0.000,0.000,0.000,0.000,0.000,0.000,0.006,0.000,0.000,0.000,0.000,0.000,0.000,0.000,0.000,0.000,0.006,0.000
33.0061,330,0,move,-1,33.0061,33.0173,0,0.000,-0.088,0.176,-0.176,-0.088,0.088,-0.264,-0.088,0.176,0.000,-0.176,-0.088,-0.088,-47.197,32.783,0.000,0.439,0.176,0.000,0.000,0.000,0.000,0.000,0.000,0.000,0.000,0.000,0.000,0.000,0.000,0.000,-47.133,32.667,0.000,0.000,0.000,0.013,4.8,11.30,31.0,0.000,0.000,0.000,0.000,0.000,0.000,0.006,0.000,0.000,0.000,0.006,0.000,0.000,0.000,0.000,0.000,0.013,0.000
33.1063,331,0,move,-1,33.1063,33.1198,0,0.000,-0.088,0.176,-0.176,-0.088,0.088,-0.264,-0.088,0.176,0.000,-0.176,-0.088,-0.088,-47.197,32.783,0.000,0.439,0.176,0.000,0.000,0.000,0.000,0.000,0.000,0.000,0.000,0.000,0.000,0.000,0.000,0.000,-47.133,32.667,0.000,0.000,0.000,0.006,3.2,11.20,32.0,0.000,0.000,0.000,0.000,0.000,0.000,0.006,0.000,0.000,0.000,0.006,0.000,0.000,0.000,0.000,0.000,0.006,0.006
33.2061,332,0,move,-1,33.2061,33.2150,0,0.000,-0.088,0.176,-0.176,-0.088,0.088,-0.264,-0.088,0.176,0.000,-0.176,-0.088,-0.088,-47.197,32.783,0.000,0.439,0.176,0.000,0.000,0.000,0.000,0.000,0.000,0.000,0.000,0.000,0.000,0.000,0.000,0.000,-47.133,32.667,0.000,0.000,0.000,0.006,3.2,11.20,32.0,0.000,0.000,0.000,0.000,0.000,0.000,0.006,0.000,0.000,0.000,0.006,0.000,0.000,0.000,0.000,0.000,0.006,0.006
33.3101,333,0,move,-1,33.3101,33.3853,0,0.000,-0.088,0.176,-0.176,-0.088,0.088,-0.264,-0.088,0.176,0.000,-0.176,-0.088,-0.088,-47.197,32.783,0.000,0.439,0.176,0.000,0.000,0.000,0.000,0.000,0.000,0.000,0.000,0.000,0.000,0.000,0.000,0.000,-47.133,32.667,0.000,0.000,0.000,0.006,2.4,11.30,32.0,0.000,0.000,0.000,0.006,0.000,,0.006,0.000,0.006,0.000,0.000,0.000,0.000,0.000,0.000,0.000,0.006,0.000
33.4063,334,0,move,-1,33.4063,33.4160,0,0.000,-0.088,0.176,-0.176,-0.088,0.088,-0.264,-0.088,0.176,0.000,-0.176,-0.088,-0.088,-47.197,32.783,0.000,0.439,0.176,0.000,0.000,0.000,0.000,0.000,0.000,0.000,0.000,0.000,0.000,0.000,0.000,0.000,-47.133,32.667,0.000,0.000,0.000,0.006,2.4,11.30,32.0,0.000,0.000,0.000,0.006,0.000,,0.006,0.000,0.006,0.000,0.000,0.000,0.000,0.000,0.000,0.000,0.006,0.000
33.5061,335,0,move,-1,33.5061,33.5173,0,0.000,-0.088,0.176,-0.176,-0.088,0.088,-0.264,-0.088,0.176,0.000,-0.176,-0.088,-0.088,-47.197,32.783,0.000,0.439,0.176,0.000,0.000,0.000,0.000,0.000,0.000,0.000,0.000,0.000,0.000,0.000,0.000,0.000,-47.133,32.667,0.000,0.000,0.000,0.006,2.4,11.30,31.0,0.000,0.000,0.000,0.000,0.000,0.000,0.000,0.000,0.000,0.000,0.006,0.000,0.000,0.000,0.000,0.000,0.006,0.006
33.6063,336,0,move,-1,33.6063,33.6165,0,0.000,-0.088,0.176,-0.176,-0.088,0.088,-0.264,-0.088,0.176,0.000,-0.176,-0.088,-0.088,-47.197,32.783,0.000,0.439,0.176,0.000,0.000,0.000,0.000,0.000,0.000,0.000,0.000,0.000,0.000,0.000,0.000,0.000,-47.133,32.667,0.000,0.000,0.000,0.006,2.4,11.30,31.0,0.000,0.000,0.000,0.000,0.000,0.000,0.000,0.000,0.000,0.000,0.006,0.000,0.000,0.000,0.000,0.000,0.006,0.006
33.7061,337,0,move,-1,33.7061,33.7186,0,0.000,-0.088,0.176,-0.176,-0.088,0.088,-0.264,-0.088,0.176,0.000,-0.176,-0.088,-0.088,-47.197,32.783,0.000,0.439,0.176,0.000,0.000,0.000,0.000,0.000,0.000,0.000,0.000,0.000,0.000,0.000,0.000,0.000,-47.133,32.667,0.000,0.000,0.000,0.013,4.8,11.30,31.0,0.000,0.000,0.006,0.000,0.000,0.000,0.000,0.000,0.000,0.000,0.000,0.000,0.000,0.000,0.000,0.000,0.013,0.000
33.8061,338,0,move,-1,33.8061,33.8177,0,0.000,-0.088,0.176,-0.176,-0.088,0.088,-0.264,-0.088,0.176,0.000,-0.176,-0.088,-0.088,-47.197,32.783,0.000,0.439,0.176,0.000,0.000,0.000,0.000,0.000,0.000,0.000,0.000,0.000,0.000,0.000,0.000,0.000,-47.133,32.667,0.000,0.000,0.000,0.013,4.8,11.30,31.0,0.000,0.000,0.006,0.000,0.000,0.000,0.000,0.000,0.000,0.000,0.000,0.000,0.000,0.000,0.000,0.000,0.013,0.000
33.9061,339,0,move,-1,33.9061,33.9182,0,0.000,-0.088,0.176,-0.176,-0.088,0.088,-0.264,-0.088,0.176,0.000,-0.176,-0.088,-0.088,-47.197,32.783,0.000,0.439,0.176,0.000,0.000,0.000,0.000,0.000,0.000,0.000,0.000,0.000,0.000,0.000,0.000,0.000,-47.133,32.667,0.000,0.000,0.000,0.013,4.8,11.30,31.0,0.000,0.000,0.000,0.000,0.000,0.000,0.006,0.000,0.006,0.000,0.000,0.000,0.000,0.000,0.000,0.000,0.013,0.000
34.0063,340,0,move,-1,34.0063,34.0165,0,0.000,-0.088,0.176,-0.176,-0.088,0.088,-0.264,-0.088,0.176,0.000,-0.176,-0.088,-0.088,-47.197,32.783,0.000,0.439,0.176,0.000,0.000,0.000,0.000,0.000,0.000,0.000,0.000,0.000,0.000,0.000,0.000,0.000,-47.033,32.619,0.000,0.000,0.000,0.013,4.8,11.30,31.0,0.000,0.000,0.000,0.000,0.000,0.000,0.006,0.000,0.006,0.000,0.000,0.000,0.000,0.000,0.000,0.000,0.013,0.000
34.1063,341,0,move,-1,34.1063,34.1190,0,0.000,-0.088,0.176,-0.176,-0.088,0.088,-0.264,-0.088,0.176,0.000,-0.176,-0.088,-0.088,-47.197,32.783,0.000,0.439,0.176,0.000,0.000,0.000,0.000,0.000,0.000,0.000,0.000,0.000,0.000,0.000,0.000,0.000,-46.742,32.477,0.000,0.000,0.000,0.006,2.4,11.30,32.0,0.000,0.000,0.000,0.000,0.000,0.000,0.000,0.000,0.006,0.000,0.000,0.000,0.000,0.006,0.006,0.000,0.006,0.000
34.2061,342,0,move,-1,34.2061,34.2166,0,0.000,-0.088,0.176,-0.176,-0.088,0.088,-0.264,-0.088,0.176,0.000,-0.176,-0.088,-0.088,-46.846,32.783,0.000,0.439,0.176,0.000,0.000,0.000,0.000,0.000,0.000,0.000,0.000,0.000,0.000,0.000,0.000,0.000,-46.288,32.255,0.000,0.000,0.000,0.006,2.4,11.30,32.0,0.000,0.000,0.000,0.000,0.000,0.000,0.000,0.000,0.006,0.000,0.000,0.000,0.000,0.006,0.006,0.000,0.006,0.000
34.3061,343,0,move,-1,34.3061,34.3177,0,0.000,-0.088,0.176,-0.176,-0.088,0.088,-0.264,-0.088,0.176,0.000,-0.176,-0.088,-0.088,-46.494,32.344,0.000,0.439,0.176,0.000,0.000,0.000,0.000,0.000,0.000,0.000,0.000,0.000,0.000,0.000,0.000,0.000,-45.712,31.972,0.000,0.000,0.000,0.013,4.0,11.30,29.0,0.000,0.000,0.000,0.006,0.000,0.000,0.006,0.000,0.000,0.000,0.000,0.000,0.000,0.013,0.013,0.000,0.013,0.000
34.4061,344,0,move,-1,34.4061,34.4260,0,0.000,-0.088,0.176,-0.176,-0.088,0.088,-0.264,-0.088,0.176,0.000,-0.176,-0.088,-0.088,-45.967,31.992,0.000,0.439,0.176,0.000,0.000,0.000,0.000,0.000,0.000,0.000,0.000,0.000,0.000,0.000,0.000,0.000,-45.069,31.653,0.000,0.000,0.000,0.006,5.6,11.30,29.0,0.000,0.000,0.000,0.000,0.000,0.000,0.000,0.000,0.000,0.000,0.000,0.000,0.000,0.006,0.000,0.000,0.006,0.000
34.5061,345,0,move,-1,34.5061,34.5182,0,0.000,-0.088,0.176,-0.176,-0.088,0.088,-0.264,-0.088,0.176,0.000,-0.176,-0.088,-0.088,-45.439,31.816,0.000,0.439,0.176,0.000,0.000,0.000,0.000,0.000,0.000,0.000,0.000,0.000,0.000,0.000,0.000,0.000,-44.421,31.329,0.000,0.000,0.000,0.006,5.6,11.30,29.0,0.000,0.000,0.000,0.000,0.000,0.000,0.000,0.000,0.000,0.000,0.000,0.000,0.000,0.006,0.000,0.000,0.006,0.000
34.6063,346,0,move,-1,34.6063,34.6176,0,0.000,-0.088,0.176,-0.176,-0.088,0.088,-0.264,-0.088,0.176,0.000,-0.176,-0.088,-0.088,-44.824,31.289,0.000,0.439,0.176,0.000,0.000,0.000,0.000,0.000,0.000,0.000,0.000,0.000,0.000,0.000,0.000,0.000,-43.833,31.033,0.000,0.000,0.000,0.013,4.0,11.30,29.0,0.000,0.000,0.000,0.006,0.000,0.000,0.000,0.000,0.000,0.000,0.000,0.000,0.000,0.013,0.006,0.000,0.006,0.000
34.7094,347,0,move,-1,34.7094,34.7888,0,0.000,-0.088,0.176,-0.176,-0.088,0.088,-0.264,-0.088,0.176,0.000,-0.176,-0.088,-0.088,-44.033,31.201,0.000,0.439,0.176,0.000,0.000,0.000,0.000,0.000,0.000,0.000,0.000,0.000,0.000,0.000,0.000,0.000,-43.362,30.795,0.000,0.000,0.000,0.006,2.4,11.30,32.0,0.000,0.000,0.000,0.006,0.000,0.000,0.000,0.000,0.000,0.000,0.000,0.000,0.006,0.006,0.006,0.000,0.006,0.006
34.8062,348,0,move,-1,34.8062,34.8226,0,0.000,-0.088,0.176,-0.176,-0.088,0.088,-0.264,-0.088,0.176,0.000,-0.176,-0.088,-0.088,-43.594,30.762,0.000,0.439,0.176,0.000,0.000,0.000,0.000,0.000,0.000,0.000,0.000,0.000,0.000,0.000,0.000,0.000,-43.059,30.640,0.000,0.000,0.000,0.006,2.4,11.30,32.0,0.000,0.000,0.000,0.006,0.000,0.000,0.000,0.000,0.000,0.000,0.000,0.000,0.006,0.006,0.006,0.000,0.006,0.006
34.9061,349,0,move,-1,34.9061,34.9187,0,0.000,-0.088,0.176,-0.176,-0.088,0.088,-0.264,-0.088,0.176,0.000,-0.176,-0.088,-0.088,-43.154,30.762,0.000,0.439,0.176,0.000,0.000,0.000,0.000,0.000,0.000,0.000,0.000,0.000,0.000,0.000,0.000,0.000,-42.955,30.587,0.000,0.000,0.000,0.006,2.4,11.30,32.0,0.000,0.000,0.006,0.000,0.000,0.000,0.000,0.000,0.000,0.000,0.000,0.000,0.000,0.000,0.006,0.000,0.006,0.006
35.0063,350,0,move,-1,35.0063,35.0169,0,0.000,-0.088,0.176,-0.176,-0.088,0.088,-0.264,-0.088,0.176,0.000,-0.176,-0.088,-0.088,-43.066,30.762,0.000,0.439,0.176,0.000,0.000,0.000,0.000,0.000,0.000,0.000,0.000,0.000,0.000,0.000,0.000,0.000,-42.955,30.587,0.000,0.000,0.000,0.006,2.4,11.30,32.0,0.000,0.000,0.006,0.000,0.000,0.000,0.000,0.000,0.000,0.000,0.000,0.000,0.000,0.000,0.006,0.000,0.006,0.006
35.1061,351,0,move,-1,35.1061,35.1170,0,0.000,-0.088,0.176,-0.176,-0.088,0.088,-0.264,-0.088,0.176,0.000,-0.176,-0.088,-0.088,-43.066,30.762,0.000,0.439,0.176,0.000,0.000,0.000,0.000,0.000,0.000,0.000,0.000,0.000,0.000,0.000,0.000,0.000,-42.955,30.587,0.000,0.000,0.000,0.006,3.2,11.30,32.0,0.000,0.000,0.000,0.000,0.000,0.000,0.006,0.000,0.006,0.000,0.000,0.000,0.000,0.000,0.006,0.000,0.006,0.000
35.2063,352,0,move,-1,35.2063,35.2167,0,0.000,-0.088,0.176,-0.176,-0.088,0.088,-0.264,-0.088,0.176,0.000,-0.176,-0.088,-0.088,-43.066,30.762,0.000,0.439,0.176,0.000,0.000,0.000,0.000,0.000,0.000,0.000,0.000,0.000,0.000,0.000,0.000,0.000,-42.955,30.587,0.000,0.000,0.000,0.006,3.2,11.30,32.0,0.000,0.000,0.000,0.000,0.000,0.000,0.006,0.000,0.006,0.000,0.000,0.000,0.000,0.000,0.006,0.000,0.006,0.000
35.3063,353,0,move,-1,35.3063,35.3169,0,0.000,-0.088,0.176,-0.176,-0.088,0.088,-0.264,-0.088,0.176,0.000,-0.176,-0.088,-0.088,-43.066,30.762,0.000,0.439,0.176,0.000,0.000,0.000,0.000,0.000,0.000,0.000,0.000,0.000,0.000,0.000,0.000,0.000,-42.955,30.587,0.000,0.000,0.000,0.013,4.8,11.30,31.0,0.000,0.000,0.000,0.000,0.000,0.000,0.000,0.000,0.000,0.000,0.000,0.000,0.000,0.000,0.006,0.000,0.013,0.000
35.4062,354,0,move,-1,35.4062,35.4174,0,0.000,-0.088,0.176,-0.176,-0.088,0.088,-0.264,-0.088,0.176,0.000,-0.176,-0.088,-0.088,-43.066,30.762,0.000,0.439,0.176,0.000,0.000,0.000,0.000,0.000,0.000,0.000,0.000,0.000,0.000,0.000,0.000,0.000,-42.955,30.587,0.000,0.000,0.000,0.006,4.8,11.30,31.0,0.000,0.000,0.000,0.000,0.000,0.000,0.000,0.000,0.000,0.000,0.000,0.000,0.000,0.000,0.000,0.000,0.006,0.000
35.5061,355,0,move,-1,35.5061,35.5173,0,0.000,-0.088,0.176,-0.176,-0.088,0.088,-0.264,-0.088,0.176,0.000,-0.176,-0.088,-0.088,-42.979,30.762,0.000,0.439,0.176,0.000,0.000,0.000,0.000,0.000,0.000,0.000,0.000,0.000,0.000,0.000,0.000,0.000,-42.955,30.587,0.000,0.000,0.000,0.006,4.8,11.30,31.0,0.000,0.000,0.000,0.000,0.000,0.000,0.000,0.000,0.000,0.000,0.000,0.000,0.000,0.000,0.000,0.000,0.006,0.000
35.6061,356,0,move,-1,35.6061,35.6189,0,0.000,-0.088,0.176,-0.176,-0.088,0.088,-0.264,-0.088,0.176,0.000,-0.176,-0.088,-0.088,-42.979,30.762,0.000,0.439,0.176,0.000,0.000,0.000,0.000,0.000,0.000,0.000,0.000,0.000,0.000,0.000,0.000,0.000,-42.955,30.587,0.000,0.000,0.000,0.013,4.8,11.30,31.0,0.000,0.000,0.000,0.000,0.000,0.000,0.006,0.000,0.000,0.000,0.006,0.000,0.000,0.000,0.006,0.000,0.013,0.000
35.7063,357,0,move,-1,35.7063,35.7174,0,0.000,-0.088,0.176,-0.176,-0.088,0.088,-0.264,-0.088,0.176,0.000,-0.176,-0.088,-0.088,-42.979,30.762,0.000,0.439,0.176,0.000,0.000,0.000,0.000,0.000,0.000,0.000,0.000,0.000,0.000,0.000,0.000,0.000,-42.955,30.587,0.000,0.000,0.000,0.013,4.8,11.30,31.0,0.000,0.000,0.000,0.000,0.000,0.000,0.006,0.000,0.000,0.000,0.006,0.000,0.000,0.000,0.006,0.000,0.013,0.000
35.8062,358,0,move,-1,35.8062,35.8169,0,0.000,-0.088,0.176,-0.176,-0.088,0.088,-0.264,-0.088,0.176,0.000,-0.176,-0.088,-0.088,-42.979,30.762,0.000,0.439,0.176,0.000,0.000,0.000,0.000,0.000,0.000,0.000,0.000,0.000,0.000,0.000,0.000,0.000,-42.955,30.587,0.000,0.000,0.000,0.006,2.4,11.30,32.0,0.000,0.000,0.006,0.006,0.000,0.000,0.006,0.000,0.000,0.000,0.000,0.000,0.000,0.000,0.006,0.000,0.006,0.006
35.9063,359,0,move,-1,35.9063,35.9191,0,0.000,-0.088,0.176,-0.176,-0.088,0.088,-0.264,-0.088,0.176,0.000,-0.176,-0.088,-0.088,-42.979,30.762,0.000,0.439,0.176,0.000,0.000,0.000,0.000,0.000,0.000,0.000,0.000,0.000,0.000,0.000,0.000,0.000,-42.955,30.587,0.000,0.000,0.000,0.006,3.2,11.30,32.0,0.000,0.000,0.000,0.000,0.000,0.000,0.006,0.000,0.000,0.000,0.000,0.000,0.000,0.000,0.006,0.000,0.006,0.000
36.0098,360,0,move,-1,36.0098,36.0499,0,0.000,-0.088,0.176,-0.176,-0.088,0.088,-0.264,-0.088,0.176,0.000,-0.176,-0.088,-0.088,-42.979,30.762,0.000,0.439,0.176,0.000,0.000,0.000,0.000,0.000,0.000,0.000,0.000,0.000,0.000,0.000,0.000,0.000,-42.955,30.587,0.000,0.000,0.000,0.013,4.8,11.30,31.0,0.000,0.000,0.000,0.000,0.000,0.000,0.006,0.000,0.000,0.000,0.006,0.000,0.000,0.000,0.006,0.000,0.013,0.006
36.1064,361,0,move,-1,36.1064,36.1166,0,0.000,-0.088,0.176,-0.176,-0.088,0.088,-0.264,-0.088,0.176,0.000,-0.176,-0.088,-0.088,-42.979,30.762,0.000,0.439,0.176,0.000,0.000,0.000,0.000,0.000,0.000,0.000,0.000,0.000,0.000,0.000,0.000,0.000,-42.955,30.587,0.000,0.000,0.000,0.013,4.8,11.30,31.0,0.000,0.000,0.000,0.000,0.000,0.000,0.006,0.000,0.000,0.000,0.006,0.000,0.000,0.000,0.006,0.000,0.013,0.006
36.2062,362,0,move,-1,36.2062,36.2157,0,0.000,-0.088,0.176,-0.176,-0.088,0.088,-0.264,-0.088,0.176,0.000,-0.176,-0.088,-0.088,-42.979,30.762,0.000,0.439,0.176,0.000,0.000,0.000,0.000,0.000,0.000,0.000,0.000,0.000,0.000,0.000,0.000,0.000,-42.955,30.587,0.000,0.000,0.000,0.006,2.4,11.30,32.0,0.000,0.000,0.000,0.006,0.000,0.000,0.000,0.000,0.006,0.000,0.000,0.000,0.000,0.000,0.006,0.000,0.006,0.006
36.3063,363,0,move,-1,36.3063,36.3173,0,0.000,-0.088,0.176,-0.176,-0.088,0.088,-0.264,-0.088,0.176,0.000,-0.176,-0.088,-0.088,-42.979,30.762,0.000,0.439,0.176,0.000,0.000,0.000,0.000,0.000,0.000,0.000,0.000,0.000,0.000,0.000,0.000,0.000,-42.955,30.587,0.000,0.000,0.000,0.006,2.4,11.30,32.0,0.000,0.000,0.006,0.006,0.000,0.000,0.000,0.000,0.000,0.000,0.000,0.000,0.000,0.000,0.006,0.000,0.006,0.006
36.4061,364,0,move,-1,36.4061,36.4188,0,0.000,-0.088,0.176,-0.176,-0.088,0.088,-0.264,-0.088,0.176,0.000,-0.176,-0.088,-0.088,-42.979,30.762,0.000,0.439,0.176,0.000,0.000,0.000,0.000,0.000,0.000,0.000,0.000,0.000,0.000,0.000,0.000,0.000,-42.955,30.587,0.000,0.000,0.000,0.006,3.2,11.30,32.0,0.000,0.000,0.000,0.000,0.000,0.000,0.006,0.000,0.000,0.000,0.000,0.000,0.000,0.000,0.006,0.000,0.006,0.006
36.5063,365,0,move,-1,36.5063,36.5168,0,0.000,-0.088,0.176,-0.176,-0.088,0.088,-0.264,-0.088,0.176,0.000,-0.176,-0.088,-0.088,-42.979,30.762,0.000,0.439,0.176,0.000,0.000,0.000,0.000,0.000,0.000,0.000,0.000,0.000,0.000,0.000,0.000,0.000,-42.955,30.587,0.000,0.000,0.000,0.006,3.2,11.30,32.0,0.000,0.000,0.000,0.000,0.000,0.000,0.006,0.000,0.000,0.000,0.000,0.000,0.000,0.000,0.006,0.000,0.006,0.006
36.6064,366,0,move,-1,36.6064,36.6140,0,0.000,-0.088,0.176,-0.176,-0.088,0.088,-0.264,-0.088,0.176,0.000,-0.176,-0.088,-0.088,-42.979,30.762,0.000,0.439,0.176,0.000,0.000,0.000,0.000,0.000,0.000,0.000,0.000,0.000,0.000,0.000,0.000,0.000,-42.955,30.587,0.000,0.000,0.000,0.006,3.2,11.30,32.0,0.000,0.000,0.000,0.000,0.000,0.000,0.006,0.000,0.000,0.000,0.000,0.000,0.000,0.000,0.006,0.000,0.006,0.000
36.7061,367,0,move,-1,36.7061,36.7123,0,0.000,-0.088,0.176,-0.176,-0.088,0.088,-0.264,-0.088,0.176,0.000,-0.176,-0.088,-0.088,-42.979,30.762,0.000,0.439,0.176,0.000,0.000,0.000,0.000,0.000,0.000,0.000,0.000,0.000,0.000,0.000,0.000,0.000,-42.955,30.587,0.000,0.000,0.000,0.006,3.2,11.30,32.0,0.000,0.000,0.000,0.000,0.000,0.000,0.006,0.000,0.000,0.000,0.000,0.000,0.000,0.000,0.006,0.000,0.006,0.000
36.8063,368,0,move,-1,36.8063,36.8184,0,0.000,-0.088,0.176,-0.176,-0.088,0.088,-0.264,-0.088,0.176,0.000,-0.176,-0.088,-0.088,-42.979,30.762,0.000,0.439,0.176,0.000,0.000,0.000,0.000,0.000,0.000,0.000,0.000,0.000,0.000,0.000,0.000,0.000,-42.955,30.587,0.000,0.000,0.000,0.006,2.4,11.30,32.0,0.000,0.000,0.000,0.006,0.000,0.000,0.006,0.000,0.006,0.000,0.000,0.000,0.000,0.000,0.000,0.000,0.006,0.006
36.9063,369,0,move,-1,36.9063,36.9194,0,0.000,-0.088,0.176,-0.176,-0.088,0.088,-0.264,-0.088,0.176,0.000,-0.176,-0.088,-0.088,-42.979,30.762,0.000,0.439,0.176,0.000,0.000,0.000,0.000,0.000,0.000,0.000,0.000,0.000,0.000,0.000,0.000,0.000,-42.955,30.587,0.000,0.000,0.000,0.006,3.2,11.20,32.0,0.000,0.000,0.000,0.000,0.000,0.000,0.006,0.000,0.000,0.000,0.000,0.000,0.000,0.000,0.006,0.000,0.006,0.006
37.0098,370,0,move,-1,37.0098,37.0498,0,0.000,-0.088,0.176,-0.176,-0.088,0.088,-0.264,-0.088,0.176,0.000,-0.176,-0.088,-0.088,-42.979,30.762,0.000,0.439,0.176,0.000,0.000,0.000,0.000,0.000,0.000,0.000,0.000,0.000,0.000,0.000,0.000,0.000,-42.955,30.587,0.000,0.000,0.000,0.006,4.8,11.30,31.0,0.000,0.000,0.000,0.000,0.000,0.000,0.000,0.000,0.000,0.000,0.000,0.000,0.000,0.000,0.000,0.000,0.006,0.006
37.1066,371,0,move,-1,37.1066,37.1165,0,0.000,-0.088,0.176,-0.176,-0.088,0.088,-0.264,-0.088,0.176,0.000,-0.176,-0.088,-0.088,-42.979,30.762,0.000,0.439,0.176,0.000,0.000,0.000,0.000,0.000,0.000,0.000,0.000,0.000,0.000,0.000,0.000,0.000,-42.955,30.587,0.000,0.000,0.000,0.006,4.8,11.30,31.0,0.000,0.000,0.000,0.000,0.000,0.000,0.000,0.000,0.000,0.000,0.000,0.000,0.000,0.000,0.000,0.000,0.006,0.006
37.2061,372,0,move,-1,37.2061,37.2166,0,0.000,-0.088,0.176,-0.176,-0.088,0.088,-0.264,-0.088,0.176,0.000,-0.176,-0.088,-0.088,-42.979,30.762,0.000,0.439,0.176,0.000,0.000,0.000,0.000,0.000,0.000,0.000,0.000,0.000,0.000,0.000,0.000,0.000,-42.955,30.587,0.000,0.000,0.000,0.006,2.4,11.30,32.0,0.000,0.000,0.000,0.006,0.000,0.000,0.006,0.000,0.000,0.000,0.000,0.000,0.000,0.000,0.006,0.000,0.006,0.006
37.3061,373,0,move,-1,37.3061,37.3190,0,0.000,-0.088,0.176,-0.176,-0.088,0.088,-0.264,-0.088,0.176,0.000,-0.176,-0.088,-0.088,-42.979,30.762,0.000,0.439,0.176,0.000,0.000,0.000,0.000,0.000,0.000,0.000,0.000,0.000,0.000,0.000,0.000,0.000,-42.955,30.587,0.000,0.000,0.000,0.006,2.4,11.30,31.0,0.000,0.000,0.000,0.000,0.000,0.000,0.000,0.000,0.000,0.000,0.006,0.000,0.000,0.000,0.006,0.000,0.006,0.006
37.4061,374,0,move,-1,37.4061,37.4165,0,0.000,-0.088,0.176,-0.176,-0.088,0.088,-0.264,-0.088,0.176,0.000,-0.176,-0.088,-0.088,-42.979,30.762,0.000,0.439,0.176,0.000,0.000,0.000,0.000,0.000,0.000,0.000,0.000,0.000,0.000,0.000,0.000,0.000,-42.955,30.587,0.000,0.000,0.000,0.006,2.4,11.30,31.0,0.000,0.000,0.000,0.000,0.000,0.000,0.000,0.000,0.000,0.000,0.006,0.000,0.000,0.000,0.006,0.000,0.006,0.006
37.5061,375,0,move,-1,37.5061,37.5176,0,0.000,-0.088,0.176,-0.176,-0.088,0.088,-0.264,-0.088,0.176,0.000,-0.176,-0.088,-0.088,-42.979,30.762,0.000,0.439,0.176,0.000,0.000,0.000,0.000,0.000,0.000,0.000,0.000,0.000,0.000,0.000,0.000,0.000,-42.955,30.587,0.000,0.000,0.000,0.006,2.4,11.30,32.0,0.000,0.000,0.000,0.006,0.000,0.000,0.000,0.000,0.000,0.000,0.006,0.000,0.000,0.000,0.006,0.000,0.006,0.006
37.6083,376,0,move,-1,37.6083,37.6229,0,0.000,-0.088,0.176,-0.176,-0.088,0.088,-0.264,-0.088,0.176,0.000,-0.176,-0.088,-0.088,-42.979,30.762,0.000,0.439,0.176,0.000,0.000,0.000,0.000,0.000,0.000,0.000,0.000,0.000,0.000,0.000,0.000,0.000,-42.955,30.587,0.000,0.000,0.000,0.006,2.4,11.30,29.0,0.000,0.000,0.000,0.000,0.000,,0.000,0.000,0.000,0.000,0.000,0.000,0.000,0.000,0.006,0.000,0.006,0.000
37.7061,377,0,move,-1,37.7061,37.7157,0,0.000,-0.088,0.176,-0.176,-0.088,0.088,-0.264,-0.088,0.176,0.000,-0.176,-0.088,-0.088,-42.979,30.762,0.000,0.439,0.176,0.000,0.000,0.000,0.000,0.000,0.000,0.000,0.000,0.000,0.000,0.000,0.000,0.000,-42.955,30.587,0.000,0.000,0.000,0.006,2.4,11.30,29.0,0.000,0.000,0.000,0.000,0.000,,0.000,0.000,0.000,0.000,0.000,0.000,0.000,0.000,0.006,0.000,0.006,0.000
37.8061,378,0,move,-1,37.8061,37.8167,0,0.000,-0.088,0.176,-0.176,-0.088,0.088,-0.264,-0.088,0.176,0.000,-0.176,-0.088,-0.088,-42.979,30.762,0.000,0.439,0.176,0.000,0.000,0.000,0.000,0.000,0.000,0.000,0.000,0.000,0.000,0.000,0.000,0.000,-42.955,30.587,0.000,0.000,0.000,0.006,3.2,11.30,32.0,0.000,0.000,0.000,0.000,0.000,0.000,0.006,0.000,0.000,0.000,0.006,0.000,0.000,0.000,0.006,0.000,0.006,0.000
37.9061,379,0,move,-1,37.9061,37.9180,0,0.000,-0.088,0.176,-0.176,-0.088,0.088,-0.264,-0.088,0.176,0.000,-0.176,-0.088,-0.088,-42.979,30.762,0.000,0.439,0.176,0.000,0.000,0.000,0.000,0.000,0.000,0.000,0.000,0.000,0.000,0.000,0.000,0.000,-42.955,30.587,0.000,0.000,0.000,0.006,2.4,11.30,32.0,0.000,0.000,0.000,0.006,0.000,0.000,0.006,0.000,0.000,0.000,0.000,0.000,0.000,0.000,0.006,0.000,0.006,0.000
38.0063,380,0,move,-1,38.0063,38.0199,0,0.000,-0.088,0.176,-0.176,-0.088,0.088,-0.264,-0.088,0.176,0.000,-0.176,-0.088,-0.088,-42.979,30.762,0.000,0.439,0.176,0.000,0.000,0.000,0.000,0.000,0.000,0.000,0.000,0.000,0.000,0.000,0.000,0.000,-43.059,30.640,0.000,0.000,0.000,0.013,2.4,11.30,29.0,0.000,0.000,0.000,0.006,0.000,0.000,0.006,0.000,0.006,0.000,0.000,0.000,0.000,0.000,0.013,0.000,0.006,0.006
38.1061,381,0,move,-1,38.1061,38.1170,0,0.000,-0.088,0.176,-0.176,-0.088,0.088,-0.264,-0.088,0.176,0.000,-0.176,-0.088,-0.088,-42.979,30.762,0.000,0.439,0.176,0.000,0.000,0.000,0.000,0.000,0.000,0.000,0.000,0.000,0.000,0.000,0.000,0.000,-43.362,30.795,0.000,0.000,0.000,0.013,2.4,11.30,29.0,0.000,0.000,0.000,0.006,0.000,0.000,0.006,0.000,0.006,0.000,0.000,0.000,0.000,0.000,0.013,0.000,0.006,0.006
38.2061,382,0,move,-1,38.2061,38.2164,0,0.000,-0.088,0.176,-0.176,-0.088,0.088,-0.264,-0.088,0.176,0.000,-0.176,-0.088,-0.088,-43.242,30.762,0.000,0.439,0.176,0.000,0.000,0.000,0.000,0.000,0.000,0.000,0.000,0.000,0.000,0.000,0.000,0.000,-43.833,31.033,0.000,0.000,0.000,0.013,4.8,11.30,31.0,0.000,0.000,0.000,0.000,0.000,0.000,0.000,0.000,0.000,0.000,0.006,0.000,0.000,0.006,0.000,0.000,0.013,0.006
38.3061,383,0,move,-1,38.3061,38.3190,0,0.000,-0.088,0.176,-0.176,-0.088,0.088,-0.264,-0.088,0.176,0.000,-0.176,-0.088,-0.088,-43.418,30.850,0.000,0.439,0.176,0.000,0.000,0.000,0.000,0.000,0.000,0.000,0.000,0.000,0.000,0.000,0.000,0.000,-44.421,31.329,0.000,0.000,0.000,0.006,2.4,11.30,32.0,0.000,0.000,0.000,0.006,0.000,0.000,0.006,0.000,0.000,0.000,0.000,0.000,0.000,0.006,0.000,0.000,0.006,0.000
38.4064,384,0,move,-1,38.4064,38.4171,0,0.000,-0.088,0.176,-0.176,-0.088,0.088,-0.264,-0.088,0.176,0.000,-0.176,-0.088,-0.088,-43.594,31.201,0.000,0.439,0.176,0.000,0.000,0.000,0.000,0.000,0.000,0.000,0.000,0.000,0.000,0.000,0.000,0.000,-45.069,31.653,0.000,0.000,0.000,0.006,2.4,11.30,32.0,0.000,0.000,0.000,0.006,0.000,0.000,0.006,0.000,0.000,0.000,0.000,0.000,0.000,0.006,0.000,0.000,0.006,0.000
38.5063,385,0,move,-1,38.5063,38.5188,0,0.000,-0.088,0.176,-0.176,-0.088,0.088,-0.264,-0.088,0.176,0.000,-0.176,-0.088,-0.088,-44.297,31.553,0.000,0.439,0.176,0.000,0.000,0.000,0.000,0.000,0.000,0.000,0.000,0.000,0.000,0.000,0.000,0.000,-45.712,31.972,0.000,0.000,0.000,0.026,6.8,11.30,29.0,0.000,0.000,0.000,0.000,0.000,0.000,0.006,0.000,0.000,0.000,0.006,0.000,0.000,0.026,0.013,0.000,0.006,0.000
38.6064,386,0,move,-1,38.6064,38.6257,0,0.000,-0.088,0.176,-0.176,-0.088,0.088,-0.264,-0.088,0.176,0.000,-0.176,-0.088,-0.088,-44.912,31.992,0.000,0.439,0.176,0.000,0.000,0.000,0.000,0.000,0.000,0.000,0.000,0.000,0.000,0.000,0.000,0.000,-46.288,32.255,0.000,0.000,0.000,0.039,8.4,11.30,29.0,0.000,0.000,0.000,0.000,0.000,0.000,0.006,0.000,0.000,0.000,0.000,0.000,0.000,0.039,0.013,0.000,0.006,0.006
38.7084,387,0,move,-1,38.7084,38.7455,0,0.000,-0.088,0.176,-0.176,-0.088,0.088,-0.264,-0.088,0.176,0.000,-0.176,-0.088,-0.088,-45.615,32.256,0.000,0.439,0.176,0.000,0.000,0.000,0.000,0.000,0.000,0.000,0.000,0.000,0.000,0.000,0.000,0.000,-46.742,32.477,0.000,0.000,0.000,0.026,7.6,11.30,29.0,0.000,0.000,,0.006,0.000,0.000,,0.000,0.000,0.000,0.006,0.000,0.000,0.026,0.006,0.000,0.013,0.006
38.8062,388,0,move,-1,38.8062,38.8171,0,0.000,-0.088,0.176,-0.176,-0.088,0.088,-0.264,-0.088,0.176,0.000,-0.176,-0.088,-0.088,-46.055,32.432,0.000,0.439,0.176,0.000,0.000,0.000,0.000,0.000,0.000,0.000,0.000,0.000,0.000,0.000,0.000,0.000,-47.033,32.619,0.000,0.000,0.000,0.026,7.6,11.30,29.0,0.000,0.000,,0.006,0.000,0.000,,0.000,0.000,0.000,0.006,0.000,0.000,0.026,0.006,0.000,0.013,0.006
38.9061,389,0,move,-1,38.9061,38.9170,0,0.000,-0.088,0.176,-0.176,-0.088,0.088,-0.264,-0.088,0.176,0.000,-0.176,-0.088,-0.088,-46.055,32.520,0.000,0.439,0.176,0.000,0.000,0.000,0.000,0.000,0.000,0.000,0.000,0.000,0.000,0.000,0.000,0.000,-47.133,32.667,0.000,0.000,0.000,0.033,7.2,11.30,29.0,0.000,0.000,0.006,0.000,0.000,0.000,0.006,0.000,0.000,0.000,0.000,0.000,0.000,0.033,0.000,0.000,0.006,0.000
39.0061,390,0,move,-1,39.0061,39.0158,0,0.000,-0.088,0.176,-0.176,-0.088,0.088,-0.264,-0.088,0.176,0.000,-0.176,-0.088,-0.088,-46.406,32.520,0.000,0.439,0.176,0.000,0.000,0.000,0.000,0.000,0.000,0.000,0.000,0.000,0.000,0.000,0.000,0.000,-47.133,32.667,0.000,0.000,0.000,0.033,7.2,11.30,29.0,0.000,0.000,0.006,0.000,0.000,0.000,0.006,0.000,0.000,0.000,0.000,0.000,0.000,0.033,0.000,0.000,0.006,0.000
39.1061,391,0,move,-1,39.1061,39.1169,0,0.000,-0.088,0.176,-0.176,-0.088,0.088,-0.264,-0.088,0.176,0.000,-0.176,-0.088,-0.088,-46.406,32.695,0.000,0.439,0.176,0.000,0.000,0.000,0.000,0.000,0.000,0.000,0.000,0.000,0.000,0.000,0.000,0.000,-47.133,32.667,0.000,0.000,0.000,0.033,7.2,11.30,29.0,0.000,0.000,0.000,0.000,0.000,0.000,0.006,0.000,0.006,0.000,0.006,0.000,0.000,0.033,0.000,0.000,0.006,0.006
39.2113,392,0,move,-1,39.2113,39.3544,0,0.000,-0.088,0.176,-0.176,-0.088,0.088,-0.264,-0.088,0.176,0.000,-0.176,-0.088,-0.088,-46.406,32.695,0.000,0.439,0.176,0.000,0.000,0.000,0.000,0.000,0.000,0.000,0.000,0.000,0.000,0.000,0.000,0.000,-47.133,32.667,0.000,0.000,0.000,0.039,7.2,11.30,29.0,0.000,0.000,0.006,0.000,0.000,0.000,0.000,0.000,0.000,0.000,0.000,0.000,0.000,0.039,0.000,0.000,0.006,0.006
39.3689,393,0,move,-1,39.3689,39.3773,1,0.000,-0.088,0.176,-0.176,-0.088,0.088,-0.264,-0.088,0.176,0.000,-0.176,-0.088,-0.088,-46.406,32.695,0.000,0.439,0.176,0.000,0.000,0.000,0.000,0.000,0.000,0.000,0.000,0.000,0.000,0.000,0.000,0.000,-47.133,32.667,0.000,0.000,0.000,0.039,7.2,11.30,29.0,0.000,0.000,0.006,0.000,0.000,0.000,0.000,0.000,0.000,0.000,0.000,0.000,0.000,0.039,0.000,0.000,0.006,0.006
39.4064,394,0,move,-1,39.4064,39.4196,0,0.000,-0.088,0.176,-0.176,-0.088,0.088,-0.264,-0.088,0.176,0.000,-0.176,-0.088,-0.088,-46.406,32.695,0.000,0.439,0.176,0.000,0.000,0.000,0.000,0.000,0.000,0.000,0.000,0.000,0.000,0.000,0.000,0.000,-47.133,32.667,0.000,0.000,0.000,0.039,7.2,11.30,29.0,0.000,0.000,0.006,0.000,0.000,0.000,0.000,0.000,0.000,0.000,0.000,0.000,0.000,0.039,0.000,0.000,0.006,0.006
39.5061,395,0,move,-1,39.5061,39.5176,0,0.000,-0.088,0.176,-0.176,-0.088,0.088,-0.264,-0.088,0.176,0.000,-0.176,-0.088,-0.088,-46.406,32.695,0.000,0.439,0.176,0.000,0.000,0.000,0.000,0.000,0.000,0.000,0.000,0.000,0.000,0.000,0.000,0.000,-47.133,32.667,0.000,0.000,0.000,0.033,7.2,11.30,29.0,0.000,0.000,0.000,0.000,0.000,0.000,0.006,0.000,0.000,0.000,0.000,0.000,0.000,0.033,0.000,0.000,0.006,0.000
39.6063,396,0,move,-1,39.6063,39.6189,0,0.000,-0.088,0.176,-0.176,-0.088,0.088,-0.264,-0.088,0.176,0.000,-0.176,-0.088,-0.088,-46.406,32.695,0.000,0.439,0.176,0.000,0.000,0.000,0.000,0.000,0.000,0.000,0.000,0.000,0.000,0.000,0.000,0.000,-47.133,32.667,0.000,0.000,0.000,0.033,7.2,11.30,29.0,0.000,0.000,0.000,0.000,0.000,0.000,0.000,0.000,0.000,0.000,0.000,0.000,0.000,0.033,0.000,0.000,0.006,0.000
39.7062,397,0,move,-1,39.7062,39.7184,0,0.000,-0.088,0.176,-0.176,-0.088,0.088,-0.264,-0.088,0.176,0.000,-0.176,-0.088,-0.088,-46.406,32.695,0.000,0.439,0.176,0.000,0.000,0.000,0.000,0.000,0.000,0.000,0.000,0.000,0.000,0.000,0.000,0.000,-47.133,32.667,0.000,0.000,0.000,0.033,7.2,11.30,29.0,0.000,0.000,0.000,0.000,0.000,0.000,0.000,0.000,0.000,0.000,0.000,0.000,0.000,0.033,0.000,0.000,0.006,0.000
39.8061,398,0,move,-1,39.8061,39.8180,0,0.000,-0.088,0.176,-0.176,-0.088,0.088,-0.264,-0.088,0.176,0.000,-0.176,-0.088,-0.088,-46.406,32.695,0.000,0.439,0.176,0.000,0.000,0.000,0.000,0.000,0.000,0.000,0.000,0.000,0.000,0.000,0.000,0.000,-47.133,32.667,0.000,0.000,0.000,0.039,7.2,11.30,29.0,0.000,0.000,0.000,0.000,0.000,0.000,0.006,0.000,0.000,0.000,0.000,0.000,0.000,0.039,0.000,0.000,0.013,0.006
39.9061,399,0,move,-1,39.9061,39.9187,0,0.000,-0.088,0.176,-0.176,-0.088,0.088,-0.264,-0.088,0.176,0.000,-0.176,-0.088,-0.088,-46.406,32.695,0.000,0.439,0.176,0.000,0.000,0.000,0.000,0.000,0.000,0.000,0.000,0.000,0.000,0.000,0.000,0.000,-47.133,32.667,0.000,0.000,0.000,0.045,7.2,11.30,29.0,0.000,0.000,0.000,0.000,0.000,0.000,0.006,0.000,0.000,0.000,0.006,0.000,0.000,0.045,0.006,0.000,0.006,0.006
40.0061,400,0,move,-1,40.0061,40.0187,0,0.000,-0.088,0.176,-0.176,-0.088,0.088,-0.264,-0.088,0.176,0.000,-0.176,-0.088,-0.088,-46.406,32.695,0.000,0.439,0.176,0.000,0.000,0.000,0.000,0.000,0.000,0.000,0.000,0.000,0.000,0.000,0.000,0.000,-47.133,32.667,0.000,0.000,0.000,0.045,7.2,11.30,29.0,0.000,0.000,0.000,0.000,0.000,0.000,0.006,0.000,0.000,0.000,0.006,0.000,0.000,0.045,0.006,0.000,0.006,0.006
40.1063,401,0,move,-1,40.1063,40.1181,0,0.000,-0.088,0.176,-0.176,-0.088,0.088,-0.264,-0.088,0.176,0.000,-0.176,-0.088,-0.088,-46.494,32.695,0.000,0.439,0.176,0.000,0.000,0.000,0.000,0.000,0.000,0.000,0.000,0.000,0.000,0.000,0.000,0.000,-47.133,32.667,0.000,0.000,0.000,0.039,7.2,11.30,29.0,0.000,0.000,0.000,0.000,0.000,0.000,0.006,0.000,0.006,0.000,0.000,0.000,0.000,0.039,0.000,0.000,0.013,0.000
40.2061,402,0,move,-1,40.2061,40.2170,0,0.000,-0.088,0.176,-0.176,-0.088,0.088,-0.264,-0.088,0.176,0.000,-0.176,-0.088,-0.088,-46.494,32.695,0.000,0.439,0.176,0.000,0.000,0.000,0.000,0.000,0.000,0.000,0.000,0.000,0.000,0.000,0.000,0.000,-47.133,32.667,0.000,0.000,0.000,0.039,7.2,11.30,29.0,0.000,0.000,0.000,0.000,0.000,0.000,0.006,0.000,0.006,0.000,0.000,0.000,0.000,0.039,0.000,0.000,0.013,0.000
40.3061,403,0,move,-1,40.3061,40.3183,0,0.000,-0.088,0.176,-0.176,-0.088,0.088,-0.264,-0.088,0.176,0.000,-0.176,-0.088,-0.088,-46.494,32.695,0.000,0.439,0.176,0.000,0.000,0.000,0.000,0.000,0.000,0.000,0.000,0.000,0.000,0.000,0.000,0.000,-47.133,32.667,0.000,0.000,0.000,0.026,6.4,11.30,29.0,0.000,0.000,0.000,0.000,0.000,0.000,0.006,0.000,0.006,0.000,0.006,0.000,0.000,0.026,0.000,0.000,0.006,0.000
40.4061,404,0,move,-1,40.4061,40.4168,0,0.000,-0.088,0.176,-0.176,-0.088,0.088,-0.264,-0.088,0.176,0.000,-0.176,-0.088,-0.088,-46.494,32.695,0.000,0.439,0.176,0.000,0.000,0.000,0.000,0.000,0.000,0.000,0.000,0.000,0.000,0.000,0.000,0.000,-47.133,32.667,0.000,0.000,0.000,0.026,6.4,11.30,29.0,0.000,0.000,0.000,0.000,0.000,0.000,0.006,0.000,0.006,0.000,0.006,0.000,0.000,0.026,0.000,0.000,0.006,0.000
40.5061,405,0,move,-1,40.5061,40.5180,0,0.000,-0.088,0.176,-0.176,-0.088,0.088,-0.264,-0.088,0.176,0.000,-0.176,-0.088,-0.088,-46.494,32.695,0.000,0.439,0.176,0.000,0.000,0.000,0.000,0.000,0.000,0.000,0.000,0.000,0.000,0.000,0.000,0.000,-47.133,32.667,0.000,0.000,0.000,0.026,6.4,11.30,29.0,0.000,0.000,0.000,0.006,0.000,0.000,0.006,0.000,0.000,0.000,0.000,0.000,0.000,0.026,0.000,0.000,0.006,0.000
40.6061,406,0,move,-1,40.6061,40.6201,0,0.000,-0.088,0.176,-0.176,-0.088,0.088,-0.264,-0.088,0.176,0.000,-0.176,-0.088,-0.088,-46.494,32.695,0.000,0.439,0.176,0.000,0.000,0.000,0.000,0.000,0.000,0.000,0.000,0.000,0.000,0.000,0.000,0.000,-47.133,32.667,0.000,0.000,0.000,0.026,6.4,11.30,29.0,0.000,0.000,0.000,0.000,0.000,0.000,0.006,0.000,0.000,0.000,0.000,0.000,0.000,0.026,0.000,0.000,0.006,0.000
40.7061,407,0,move,-1,40.7061,40.7117,0,0.000,-0.088,0.176,-0.176,-0.088,0.088,-0.264,-0.088,0.176,0.000,-0.176,-0.088,-0.088,-46.494,32.695,0.000,0.439,0.176,0.000,0.000,0.000,0.000,0.000,0.000,0.000,0.000,0.000,0.000,0.000,0.000,0.000,-47.133,32.667,0.000,0.000,0.000,0.026,6.4,11.30,29.0,0.000,0.000,0.000,0.000,0.000,0.000,0.006,0.000,0.000,0.000,0.000,0.000,0.000,0.026,0.000,0.000,0.006,0.000
40.8061,408,0,move,-1,40.8061,40.8167,0,0.000,-0.088,0.176,-0.176,-0.088,0.088,-0.264,-0.088,0.176,0.000,-0.176,-0.088,-0.088,-46.494,32.695,0.000,0.439,0.176,0.000,0.000,0.000,0.000,0.000,0.000,0.000,0.000,0.000,0.000,0.000,0.000,0.000,-47.133,32.667,0.000,0.000,0.000,0.026,6.4,11.30,29.0,0.000,0.000,0.000,0.000,0.000,0.000,0.006,0.000,0.000,0.000,0.000,0.000,0.000,0.026,0.000,0.000,0.006,0.000
40.9061,409,0,move,-1,40.9061,40.9189,0,0.000,-0.088,0.176,-0.176,-0.088,0.088,-0.264,-0.088,0.176,0.000,-0.176,-0.088,-0.088,-46.494,32.695,0.000,0.439,0.176,0.000,0.000,0.000,0.000,0.000,0.000,0.000,0.000,0.000,0.000,0.000,0.000,0.000,-47.133,32.667,0.000,0.000,0.000,0.033,6.4,11.30,29.0,0.000,0.000,0.000,0.000,0.000,0.000,0.006,0.000,0.000,0.000,0.000,0.000,0.000,0.033,0.000,0.000,0.006,0.000
41.0062,410,0,move,-1,41.0062,41.0118,0,0.000,-0.088,0.176,-0.176,-0.088,0.088,-0.264,-0.088,0.176,0.000,-0.176,-0.088,-0.088,-46.494,32.695,0.000,0.439,0.176,0.000,0.000,0.000,0.000,0.000,0.000,0.000,0.000,0.000,0.000,0.000,0.000,0.000,-47.133,32.667,0.000,0.000,0.000,0.033,6.4,11.30,29.0,0.000,0.000,0.000,0.000,0.000,0.000,0.006,0.000,0.000,0.000,0.000,0.000,0.000,0.033,0.000,0.000,0.006,0.000
41.1062,411,0,move,-1,41.1062,41.1671,0,0.000,-0.088,0.176,-0.176,-0.088,0.088,-0.264,-0.088,0.176,0.000,-0.176,-0.088,-0.088,-46.494,32.695,0.000,0.439,0.176,0.000,0.000,0.000,0.000,0.000,0.000,0.000,0.000,0.000,0.000,0.000,0.000,0.000,-47.133,32.667,0.000,0.000,0.000,0.019,6.4,11.30,29.0,0.000,0.000,0.000,0.000,0.000,0.000,0.000,0.000,0.000,0.000,0.000,0.000,0.000,0.019,0.000,0.000,0.006,0.000
41.2061,412,0,move,-1,41.2061,41.2201,0,0.000,-0.088,0.176,-0.176,-0.088,0.088,-0.264,-0.088,0.176,0.000,-0.176,-0.088,-0.088,-46.494,32.695,0.000,0.439,0.176,0.000,0.000,0.000,0.000,0.000,0.000,0.000,0.000,0.000,0.000,0.000,0.000,0.000,-47.133,32.667,0.000,0.000,0.000,0.019,6.4,11.30,29.0,0.000,0.000,0.000,0.000,0.000,0.000,0.000,0.000,0.000,0.000,0.000,0.000,0.000,0.019,0.000,0.000,0.006,0.000
41.3061,413,0,move,-1,41.3061,41.3174,0,0.000,-0.088,0.176,-0.176,-0.088,0.088,-0.264,-0.088,0.176,0.000,-0.176,-0.088,-0.088,-46.494,32.695,0.000,0.439,0.176,0.000,0.000,0.000,0.000,0.000,0.000,0.000,0.000,0.000,0.000,0.000,0.000,0.000,-47.133,32.667,0.000,0.000,0.000,0.026,6.4,11.30,29.0,0.000,0.000,0.000,0.000,0.000,0.000,0.000,0.000,0.000,0.000,0.000,0.000,0.000,0.026,0.000,0.000,0.006,0.000
41.4061,414,0,move,-1,41.4061,41.4203,0,0.000,-0.088,0.176,-0.176,-0.088,0.088,-0.264,-0.088,0.176,0.000,-0.176,-0.088,-0.088,-46.494,32.695,0.000,0.439,0.176,0.000,0.000,0.000,0.000,0.000,0.000,0.000,0.000,0.000,0.000,0.000,0.000,0.000,-47.133,32.667,0.000,0.000,0.000,0.019,6.4,11.30,29.0,0.000,0.000,0.000,0.000,0.000,0.000,0.000,0.000,0.000,0.000,0.000,0.000,0.000,0.019,0.000,0.000,0.006,0.000
41.5063,415,0,move,-1,41.5063,41.5167,0,0.000,-0.088,0.176,-0.176,-0.088,0.088,-0.264,-0.088,0.176,0.000,-0.176,-0.088,-0.088,-46.494,32.695,0.000,0.439,0.176,0.000,0.000,0.000,0.000,0.000,0.000,0.000,0.000,0.000,0.000,0.000,0.000,0.000,-47.133,32.667,0.000,0.000,0.000,0.019,6.4,11.30,29.0,0.000,0.000,0.000,0.000,0.000,0.000,0.000,0.000,0.000,0.000,0.000,0.000,0.000,0.019,0.000,0.000,0.006,0.000
41.6062,416,0,move,-1,41.6062,41.6173,0,0.000,-0.088,0.176,-0.176,-0.088,0.088,-0.264,-0.088,0.176,0.000,-0.176,-0.088,-0.088,-46.494,32.695,0.000,0.439,0.176,0.000,0.000,0.000,0.000,0.000,0.000,0.000,0.000,0.000,0.000,0.000,0.000,0.000,-47.133,32.667,0.000,0.000,0.000,0.026,6.4,11.30,29.0,0.000,0.000,0.000,0.000,0.000,0.000,0.006,0.000,0.000,0.000,0.006,0.000,0.000,0.026,0.000,0.000,0.006,0.006
41.7061,417,0,move,-1,41.7061,41.7190,0,0.000,-0.088,0.176,-0.176,-0.088,0.088,-0.264,-0.088,0.176,0.000,-0.176,-0.088,-0.088,-46.494,32.695,0.000,0.439,0.176,0.000,0.000,0.000,0.000,0.000,0.000,0.000,0.000,0.000,0.000,0.000,0.000,0.000,-47.133,32.667,0.000,0.000,0.000,0.026,6.4,11.30,29.0,0.000,0.000,0.000,0.000,0.000,0.000,0.006,0.000,0.006,0.000,0.006,0.000,0.000,0.026,0.000,0.000,0.013,0.006
41.8063,418,0,move,-1,41.8063,41.8181,0,0.000,-0.088,0.176,-0.176,-0.088,0.088,-0.264,-0.088,0.176,0.000,-0.176,-0.088,-0.088,-46.494,32.695,0.000,0.439,0.176,0.000,0.000,0.000,0.000,0.000,0.000,0.000,0.000,0.000,0.000,0.000,0.000,0.000,-47.133,32.667,0.000,0.000,0.000,0.026,6.4,11.30,29.0,0.000,0.000,0.000,0.000,0.000,0.000,0.006,0.000,0.006,0.000,0.006,0.000,0.000,0.026,0.000,0.000,0.013,0.006
41.9063,419,0,move,-1,41.9063,41.9160,0,0.000,-0.088,0.176,-0.176,-0.088,0.088,-0.264,-0.088,0.176,0.000,-0.176,-0.088,-0.088,-46.494,32.695,0.000,0.439,0.176,0.000,0.000,0.000,0.000,0.000,0.000,0.000,0.000,0.000,0.000,0.000,0.000,0.000,-47.133,32.667,0.000,0.000,0.000,0.026,6.4,11.30,29.0,0.000,0.000,0.000,0.006,0.000,0.000,0.000,0.000,0.006,0.000,0.000,0.000,0.000,0.026,0.000,0.000,0.006,0.000
42.0061,420,0,move,-1,42.0061,42.0176,0,0.000,-0.088,0.176,-0.176,-0.088,0.088,-0.264,-0.088,0.176,0.000,-0.176,-0.088,-0.088,-46.494,32.695,0.000,0.439,0.176,0.000,0.000,0.000,0.000,0.000,0.000,0.000,0.000,0.000,0.000,0.000,0.000,0.000,-47.233,32.716,0.000,0.000,0.000,0.026,6.4,11.30,29.0,0.000,0.000,0.000,0.000,0.000,0.000,0.000,0.000,0.000,0.000,0.000,0.000,0.000,0.026,0.000,0.000,0.006,0.000
42.1061,421,0,move,-1,42.1061,42.1118,0,0.000,-0.088,0.176,-0.176,-0.088,0.088,-0.264,-0.088,0.176,0.000,-0.176,-0.088,-0.088,-46.494,32.695,0.000,0.439,0.176,0.000,0.000,0.000,0.000,0.000,0.000,0.000,0.000,0.000,0.000,0.000,0.000,0.000,-47.522,32.856,0.000,0.000,0.000,0.026,6.4,11.30,29.0,0.000,0.000,0.000,0.000,0.000,0.000,0.000,0.000,0.000,0.000,0.000,0.000,0.000,0.026,0.000,0.000,0.006,0.000
42.2093,422,0,move,-1,42.2093,42.2732,0,0.000,-0.088,0.176,-0.176,-0.088,0.088,-0.264,-0.088,0.176,0.000,-0.176,-0.088,-0.088,-47.109,32.695,0.000,0.439,0.176,0.000,0.000,0.000,0.000,0.000,0.000,0.000,0.000,0.000,0.000,0.000,0.000,0.000,-47.971,33.071,0.000,0.000,0.000,0.019,5.2,11.30,29.0,0.000,0.000,0.000,0.006,0.000,0.000,0.006,0.000,0.000,0.000,0.000,0.000,0.000,0.019,0.006,0.000,0.006,0.006
42.3063,423,0,move,-1,42.3063,42.3172,0,0.000,-0.088,0.176,-0.176,-0.088,0.088,-0.264,-0.088,0.176,0.000,-0.176,-0.088,-0.088,-47.109,32.695,0.000,0.439,0.176,0.000,0.000,0.000,0.000,0.000,0.000,0.000,0.000,0.000,0.000,0.000,0.000,0.000,-48.535,33.340,0.000,0.000,0.000,0.019,5.2,11.30,29.0,0.000,0.000,0.000,0.006,0.000,0.000,0.006,0.000,0.000,0.000,0.000,0.000,0.000,0.019,0.006,0.000,0.006,0.006
42.4063,424,0,move,-1,42.4063,42.4186,0,0.000,-0.088,0.176,-0.176,-0.088,0.088,-0.264,-0.088,0.176,0.000,-0.176,-0.088,-0.088,-47.812,33.223,0.000,0.439,0.176,0.000,0.000,0.000,0.000,0.000,0.000,0.000,0.000,0.000,0.000,0.000,0.000,0.000,-49.154,33.634,0.000,0.000,0.000,0.033,6.8,11.30,29.0,0.000,0.000,0.000,0.000,0.000,0.000,0.006,0.000,0.000,0.000,0.000,0.000,0.000,0.033,0.000,0.000,0.006,0.006
42.5063,425,0,move,-1,42.5063,42.5196,0,0.000,-0.088,0.176,-0.176,-0.088,0.088,-0.264,-0.088,0.176,0.000,-0.176,-0.088,-0.088,-48.516,33.662,0.000,0.439,0.176,0.000,0.000,0.000,0.000,0.000,0.000,0.000,0.000,0.000,0.000,0.000,0.000,0.000,-49.772,33.924,0.000,0.000,0.000,0.026,6.8,11.30,29.0,0.000,0.000,0.000,0.006,0.000,0.000,0.006,0.000,0.000,0.000,0.000,0.000,0.006,0.026,0.000,0.000,0.013,0.000
42.6063,426,0,move,-1,42.6063,42.6162,0,0.000,-0.088,0.176,-0.176,-0.088,0.088,-0.264,-0.088,0.176,0.000,-0.176,-0.088,-0.088,-49.043,33.838,0.000,0.439,0.176,0.000,0.000,0.000,0.000,0.000,0.000,0.000,0.000,0.000,0.000,0.000,0.000,0.000,-50.327,34.182,0.000,0.000,0.000,0.026,6.8,11.30,29.0,0.000,0.000,0.000,0.006,0.000,0.000,0.006,0.000,0.000,0.000,0.000,0.000,0.006,0.026,0.000,0.000,0.013,0.000
42.7061,427,0,move,-1,42.7061,42.7163,0,0.000,-0.088,0.176,-0.176,-0.088,0.088,-0.264,-0.088,0.176,0.000,-0.176,-0.088,-0.088,-49.746,34.189,0.000,0.439,0.176,0.000,0.000,0.000,0.000,0.000,0.000,0.000,0.000,0.000,0.000,0.000,0.000,0.000,-50.765,34.384,0.000,0.000,0.000,0.026,6.0,11.30,29.0,0.000,0.000,0.000,0.000,0.000,0.000,0.006,0.000,0.000,0.000,0.000,0.000,0.000,0.026,0.013,0.000,0.006,0.000
42.8063,428,0,move,-1,42.8063,42.8194,0,0.000,-0.088,0.176,-0.176,-0.088,0.088,-0.264,-0.088,0.176,0.000,-0.176,-0.088,-0.088,-50.273,34.189,0.000,0.439,0.176,0.000,0.000,0.000,0.000,0.000,0.000,0.000,0.000,0.000,0.000,0.000,0.000,0.000,-51.045,34.512,0.000,0.000,0.000,0.026,6.0,11.30,29.0,0.000,0.000,0.000,0.000,0.000,0.000,0.000,0.000,0.006,0.000,0.000,0.000,0.000,0.026,0.000,0.000,0.006,0.000
42.9063,429,0,move,-1,42.9063,42.9192,0,0.000,-0.088,0.176,-0.176,-0.088,0.088,-0.264,-0.088,0.176,0.000,-0.176,-0.088,-0.088,-50.361,34.541,0.000,0.439,0.176,0.000,0.000,0.000,0.000,0.000,0.000,0.000,0.000,0.000,0.000,0.000,0.000,0.000,-51.141,34.556,0.000,0.000,0.000,0.026,6.0,11.30,29.0,0.000,0.000,0.000,0.000,0.000,0.000,0.000,0.000,0.006,0.000,0.000,0.000,0.000,0.026,0.000,0.000,0.006,0.000
43.0063,430,0,move,-1,43.0063,43.0165,0,0.000,-0.088,0.176,-0.176,-0.088,0.088,-0.264,-0.088,0.176,0.000,-0.176,-0.088,-0.088,-50.713,34.541,0.000,0.439,0.176,0.000,0.000,0.000,0.000,0.000,0.000,0.000,0.000,0.000,0.000,0.000,0.000,0.000,-51.141,34.556,0.000,0.000,0.000,0.058,8.8,11.30,29.0,0.000,0.000,0.000,0.000,0.000,0.000,0.006,0.000,0.000,0.000,0.000,0.000,0.000,0.058,0.000,0.000,0.006,0.006
43.1063,431,0,move,-1,43.1063,43.1175,0,0.000,-0.088,0.176,-0.176,-0.088,0.088,-0.264,-0.088,0.176,0.000,-0.176,-0.088,-0.088,-50.713,34.541,0.000,0.439,0.176,0.000,0.000,0.000,0.000,0.000,0.000,0.000,0.000,0.000,0.000,0.000,0.000,0.000,-51.141,34.556,0.000,0.000,0.000,0.019,4.8,11.30,29.0,0.000,0.000,0.000,0.000,0.000,0.000,0.006,0.000,0.000,0.000,0.000,0.000,0.000,0.019,0.000,0.000,0.006,0.006
43.2113,432,0,move,-1,43.2113,43.2489,0,0.000,-0.088,0.176,-0.176,-0.088,0.088,-0.264,-0.088,0.176,0.000,-0.176,-0.088,-0.088,-50.713,34.541,0.000,0.439,0.176,0.000,0.000,0.000,0.000,0.000,0.000,0.000,0.000,0.000,0.000,0.000,0.000,0.000,-51.141,34.556,0.000,0.000,0.000,0.019,4.8,11.30,29.0,0.000,0.000,0.000,0.006,0.000,0.000,0.000,0.000,0.000,0.000,0.000,0.000,0.000,0.019,0.000,0.000,0.006,0.006
43.3064,433,0,move,-1,43.3064,43.3163,0,0.000,-0.088,0.176,-0.176,-0.088,0.088,-0.264,-0.088,0.176,0.000,-0.176,-0.088,-0.088,-50.713,34.541,0.000,0.439,0.176,0.000,0.000,0.000,0.000,0.000,0.000,0.000,0.000,0.000,0.000,0.000,0.000,0.000,-51.141,34.556,0.000,0.000,0.000,0.019,4.8,11.30,29.0,0.000,0.000,0.000,0.006,0.000,0.000,0.000,0.000,0.000,0.000,0.000,0.000,0.000,0.019,0.000,0.000,0.006,0.006
43.4062,434,0,move,-1,43.4062,43.4169,0,0.000,-0.088,0.176,-0.176,-0.088,0.088,-0.264,-0.088,0.176,0.000,-0.176,-0.088,-0.088,-50.713,34.541,0.000,0.439,0.176,0.000,0.000,0.000,0.000,0.000,0.000,0.000,0.000,0.000,0.000,0.000,0.000,0.000,-51.141,34.556,0.000,0.000,0.000,0.019,4.8,11.30,29.0,0.000,0.000,0.006,0.000,0.000,0.000,0.000,0.000,0.000,0.000,0.000,0.000,0.000,0.019,0.000,0.000,0.013,0.006
43.5061,435,0,move,-1,43.5061,43.5192,0,0.000,-0.088,0.176,-0.176,-0.088,0.088,-0.264,-0.088,0.176,0.000,-0.176,-0.088,-0.088,-50.713,34.541,0.000,0.439,0.176,0.000,0.000,0.000,0.000,0.000,0.000,0.000,0.000,0.000,0.000,0.000,0.000,0.000,-51.141,34.556,0.000,0.000,0.000,0.019,4.8,11.30,29.0,0.000,0.000,0.000,0.000,0.000,0.000,0.006,0.000,0.000,0.000,0.000,0.000,0.000,0.019,0.000,0.000,0.013,0.000
43.6062,436,0,move,-1,43.6062,43.6166,0,0.000,-0.088,0.176,-0.176,-0.088,0.088,-0.264,-0.088,0.176,0.000,-0.176,-0.088,-0.088,-50.713,34.541,0.000,0.439,0.176,0.000,0.000,0.000,0.000,0.000,0.000,0.000,0.000,0.000,0.000,0.000,0.000,0.000,-51.141,34.556,0.000,0.000,0.000,0.019,4.8,11.30,29.0,0.000,0.000,0.000,0.000,0.000,0.000,0.006,0.000,0.000,0.000,0.000,0.000,0.000,0.019,0.000,0.000,0.013,0.000
43.7061,437,0,move,-1,43.7061,43.7181,0,0.000,-0.088,0.176,-0.176,-0.088,0.088,-0.264,-0.088,0.176,0.000,-0.176,-0.088,-0.088,-50.713,34.541,0.000,0.439,0.176,0.000,0.000,0.000,0.000,0.000,0.000,0.000,0.000,0.000,0.000,0.000,0.000,0.000,-51.141,34.556,0.000,0.000,0.000,0.019,4.8,11.30,29.0,0.000,0.000,0.000,0.000,0.000,0.000,0.000,0.000,0.000,0.000,0.000,0.000,0.000,0.019,0.000,0.000,0.006,0.006
43.8061,438,0,move,-1,43.8061,43.8201,0,0.000,-0.088,0.176,-0.176,-0.088,0.088,-0.264,-0.088,0.176,0.000,-0.176,-0.088,-0.088,-50.713,34.541,0.000,0.439,0.176,0.000,0.000,0.000,0.000,0.000,0.000,0.000,0.000,0.000,0.000,0.000,0.000,0.000,-51.141,34.556,0.000,0.000,0.000,0.013,4.8,11.30,29.0,0.000,0.000,0.006,0.006,0.000,0.000,0.006,0.000,0.000,0.000,0.000,0.000,0.000,0.013,0.006,0.000,0.006,0.000
43.9062,439,0,move,-1,43.9062,43.9193,0,0.000,-0.088,0.176,-0.176,-0.088,0.088,-0.264,-0.088,0.176,0.000,-0.176,-0.088,-0.088,-50.713,34.541,0.000,0.439,0.176,0.000,0.000,0.000,0.000,0.000,0.000,0.000,0.000,0.000,0.000,0.000,0.000,0.000,-51.141,34.556,0.000,0.000,0.000,0.013,4.8,11.30,29.0,0.000,0.000,0.006,0.006,0.000,0.000,0.006,0.000,0.000,0.000,0.000,0.000,0.000,0.013,0.006,0.000,0.006,0.000
44.0061,440,0,move,-1,44.0061,44.0162,0,0.000,-0.088,0.176,-0.176,-0.088,0.088,-0.264,-0.088,0.176,0.000,-0.176,-0.088,-0.088,-50.713,34.541,0.000,0.439,0.176,0.000,0.000,0.000,0.000,0.000,0.000,0.000,0.000,0.000,0.000,0.000,0.000,0.000,-51.141,34.556,0.000,0.000,0.000,0.019,4.8,11.30,29.0,0.000,0.000,0.006,0.000,0.000,0.000,0.006,0.000,0.000,0.000,0.000,0.000,0.000,0.019,0.000,0.000,0.013,0.006
44.1063,441,0,move,-1,44.1063,44.1182,0,0.000,-0.088,0.176,-0.176,-0.088,0.088,-0.264,-0.088,0.176,0.000,-0.176,-0.088,-0.088,-50.713,34.541,0.000,0.439,0.176,0.000,0.000,0.000,0.000,0.000,0.000,0.000,0.000,0.000,0.000,0.000,0.000,0.000,-51.141,34.556,0.000,0.000,0.000,0.019,4.8,11.30,29.0,0.000,0.000,0.000,0.000,0.000,0.000,0.006,0.000,0.000,0.000,0.000,0.006,0.000,0.019,0.000,0.000,0.006,0.006
44.2061,442,0,move,-1,44.2061,44.2191,0,0.000,-0.088,0.176,-0.176,-0.088,0.088,-0.264,-0.088,0.176,0.000,-0.176,-0.088,-0.088,-50.713,34.541,0.000,0.439,0.176,0.000,0.000,0.000,0.000,0.000,0.000,0.000,0.000,0.000,0.000,0.000,0.000,0.000,-51.141,34.556,0.000,0.000,0.000,0.013,4.8,11.30,29.0,0.000,0.000,0.000,0.000,0.000,0.000,0.000,0.000,0.000,0.000,0.000,0.000,0.000,0.013,0.000,0.000,0.006,0.006
44.3061,443,0,move,-1,44.3061,44.3174,0,0.000,-0.088,0.176,-0.176,-0.088,0.088,-0.264,-0.088,0.176,0.000,-0.176,-0.088,-0.088,-50.713,34.541,0.000,0.439,0.176,0.000,0.000,0.000,0.000,0.000,0.000,0.000,0.000,0.000,0.000,0.000,0.000,0.000,-51.141,34.556,0.000,0.000,0.000,0.013,4.8,11.30,29.0,0.000,0.000,0.000,0.000,0.000,0.000,0.000,0.000,0.000,0.000,0.000,0.000,0.000,0.013,0.000,0.000,0.006,0.006
44.4063,444,0,move,-1,44.4063,44.4189,0,0.000,-0.088,0.176,-0.176,-0.088,0.088,-0.264,-0.088,0.176,0.000,-0.176,-0.088,-0.088,-50.713,34.541,0.000,0.439,0.176,0.000,0.000,0.000,0.000,0.000,0.000,0.000,0.000,0.000,0.000,0.000,0.000,0.000,-51.141,34.556,0.000,0.000,0.000,0.019,4.8,11.30,29.0,0.000,0.000,0.000,0.006,0.000,0.000,0.006,0.000,0.000,0.000,0.000,0.000,0.000,0.019,0.000,0.000,0.006,0.000
44.5063,445,0,move,-1,44.5063,44.5204,0,0.000,-0.088,0.176,-0.176,-0.088,0.088,-0.264,-0.088,0.176,0.000,-0.176,-0.088,-0.088,-50.713,34.541,0.000,0.439,0.176,0.000,0.000,0.000,0.000,0.000,0.000,0.000,0.000,0.000,0.000,0.000,0.000,0.000,-51.141,34.556,0.000,0.000,0.000,0.019,4.8,11.30,29.0,0.000,0.000,0.000,0.000,0.000,0.000,0.000,0.000,0.000,0.000,0.006,0.000,0.000,0.019,0.000,0.000,0.013,0.000
44.6061,446,0,move,-1,44.6061,44.6168,0,0.000,-0.088,0.176,-0.176,-0.088,0.088,-0.264,-0.088,0.176,0.000,-0.176,-0.088,-0.088,-50.713,34.541,0.000,0.439,0.176,0.000,0.000,0.000,0.000,0.000,0.000,0.000,0.000,0.000,0.000,0.000,0.000,0.000,-51.141,34.556,0.000,0.000,0.000,0.019,4.8,11.30,29.0,0.000,0.000,0.000,0.000,0.000,0.000,0.000,0.000,0.000,0.000,0.006,0.000,0.000,0.019,0.000,0.000,0.013,0.000
44.7061,447,0,move,-1,44.7061,44.7169,0,0.000,-0.088,0.176,-0.176,-0.088,0.088,-0.264,-0.088,0.176,0.000,-0.176,-0.088,-0.088,-50.713,34.541,0.000,0.439,0.176,0.000,0.000,0.000,0.000,0.000,0.000,0.000,0.000,0.000,0.000,0.000,0.000,0.000,-51.141,34.556,0.000,0.000,0.000,0.019,4.8,11.30,28.0,0.000,0.000,0.000,0.000,0.000,0.000,0.006,0.000,0.006,0.000,0.000,0.000,0.000,0.019,0.000,0.000,0.013,0.000
44.8064,448,0,move,-1,44.8064,44.8194,0,0.000,-0.088,0.176,-0.176,-0.088,0.088,-0.264,-0.088,0.176,0.000,-0.176,-0.088,-0.088,-50.713,34.541,0.000,0.439,0.176,0.000,0.000,0.000,0.000,0.000,0.000,0.000,0.000,0.000,0.000,0.000,0.000,0.000,-51.141,34.556,0.000,0.000,0.000,0.013,4.8,11.30,29.0,0.000,0.000,0.000,0.006,0.000,0.000,0.000,0.000,0.000,0.000,0.006,0.000,0.000,0.013,0.000,0.000,0.006,0.000
44.9063,449,0,move,-1,44.9063,44.9168,0,0.000,-0.088,0.176,-0.176,-0.088,0.088,-0.264,-0.088,0.176,0.000,-0.176,-0.088,-0.088,-50.713,34.541,0.000,0.439,0.176,0.000,0.000,0.000,0.000,0.000,0.000,0.000,0.000,0.000,0.000,0.000,0.000,0.000,-51.141,34.556,0.000,0.000,0.000,0.013,4.8,11.30,29.0,0.000,0.000,0.000,0.006,0.000,0.000,0.000,0.000,0.000,0.000,0.006,0.000,0.000,0.013,0.000,0.000,0.006,0.000
45.0095,450,0,move,-1,45.0095,45.0431,0,0.000,-0.088,0.176,-0.176,-0.088,0.088,-0.264,-0.088,0.176,0.000,-0.176,-0.088,-0.088,-50.713,34.541,0.000,0.439,0.176,0.000,0.000,0.000,0.000,0.000,0.000,0.000,0.000,0.000,0.000,0.000,0.000,0.000,-51.141,34.556,0.000,0.000,0.000,0.019,4.8,11.30,29.0,0.000,0.000,0.000,0.006,0.000,0.000,0.000,0.000,0.000,0.000,0.006,0.000,0.000,0.019,0.000,0.000,0.006,0.006
45.1063,451,0,move,-1,45.1063,45.1171,0,0.000,-0.088,0.176,-0.176,-0.088,0.088,-0.264,-0.088,0.176,0.000,-0.176,-0.088,-0.088,-50.713,34.541,0.000,0.439,0.176,0.000,0.000,0.000,0.000,0.000,0.000,0.000,0.000,0.000,0.000,0.000,0.000,0.000,-51.141,34.556,0.000,0.000,0.000,0.019,4.8,11.30,29.0,0.000,0.000,0.000,0.006,0.000,0.000,0.000,0.000,0.000,0.000,0.006,0.000,0.000,0.019,0.000,0.000,0.006,0.006
45.2063,452,0,move,-1,45.2063,45.2192,0,0.000,-0.088,0.176,-0.176,-0.088,0.088,-0.264,-0.088,0.176,0.000,-0.176,-0.088,-0.088,-50.713,34.541,0.000,0.439,0.176,0.000,0.000,0.000,0.000,0.000,0.000,0.000,0.000,0.000,0.000,0.000,0.000,0.000,-51.141,34.556,0.000,0.000,0.000,0.019,4.8,11.30,29.0,0.000,0.000,0.000,0.000,0.000,0.000,0.006,0.000,0.000,0.000,0.000,0.000,0.000,0.019,0.000,0.000,0.013,0.000
45.3084,453,0,move,-1,45.3084,45.3304,0,0.000,-0.088,0.176,-0.176,-0.088,0.088,-0.264,-0.088,0.176,0.000,-0.176,-0.088,-0.088,-50.713,34.541,0.000,0.439,0.176,0.000,0.000,0.000,0.000,0.000,0.000,0.000,0.000,0.000,0.000,0.000,0.000,0.000,-51.141,34.556,0.000,0.000,0.000,0.013,4.8,11.30,29.0,0.000,0.000,0.000,0.006,0.000,0.000,0.006,0.000,0.000,0.000,0.000,0.000,0.000,0.013,0.000,0.000,0.006,0.006
45.4063,454,0,move,-1,45.4063,45.4176,0,0.000,-0.088,0.176,-0.176,-0.088,0.088,-0.264,-0.088,0.176,0.000,-0.176,-0.088,-0.088,-50.713,34.541,0.000,0.439,0.176,0.000,0.000,0.000,0.000,0.000,0.000,0.000,0.000,0.000,0.000,0.000,0.000,0.000,-51.141,34.556,0.000,0.000,0.000,0.013,4.8,11.30,29.0,0.000,0.000,0.000,0.006,0.000,0.000,0.006,0.000,0.000,0.000,0.000,0.000,0.000,0.013,0.000,0.000,0.006,0.006
45.5062,455,0,move,-1,45.5062,45.5189,0,0.000,-0.088,0.176,-0.176,-0.088,0.088,-0.264,-0.088,0.176,0.000,-0.176,-0.088,-0.088,-50.713,34.541,0.000,0.439,0.176,0.000,0.000,0.000,0.000,0.000,0.000,0.000,0.000,0.000,0.000,0.000,0.000,0.000,-51.141,34.556,0.000,0.000,0.000,0.019,4.8,11.30,29.0,0.000,0.000,0.000,0.006,0.000,0.000,0.006,0.000,0.000,0.000,0.000,0.000,0.000,0.019,0.000,0.000,0.006,0.000
45.6063,456,0,move,-1,45.6063,45.6180,0,0.000,-0.088,0.176,-0.176,-0.088,0.088,-0.264,-0.088,0.176,0.000,-0.176,-0.088,-0.088,-50.713,34.541,0.000,0.439,0.176,0.000,0.000,0.000,0.000,0.000,0.000,0.000,0.000,0.000,0.000,0.000,0.000,0.000,-51.141,34.556,0.000,0.000,0.000,0.019,4.8,11.30,29.0,0.000,0.000,0.000,0.006,0.000,0.000,0.006,0.000,0.000,0.000,0.000,0.000,0.000,0.019,0.000,0.000,0.006,0.000
45.7064,457,0,move,-1,45.7064,45.7181,0,0.000,-0.088,0.176,-0.176,-0.088,0.088,-0.264,-0.088,0.176,0.000,-0.176,-0.088,-0.088,-50.713,34.541,0.000,0.439,0.176,0.000,0.000,0.000,0.000,0.000,0.000,0.000,0.000,0.000,0.000,0.000,0.000,0.000,-51.141,34.556,0.000,0.000,0.000,0.019,4.8,11.30,29.0,0.000,0.000,0.000,0.000,0.000,0.000,0.006,0.000,0.006,0.000,0.000,0.000,0.000,0.019,0.000,0.000,0.006,0.000
45.8062,458,0,move,-1,45.8062,45.8207,0,0.000,-0.088,0.176,-0.176,-0.088,0.088,-0.264,-0.088,0.176,0.000,-0.176,-0.088,-0.088,-50.713,34.541,0.000,0.439,0.176,0.000,0.000,0.000,0.000,0.000,0.000,0.000,0.000,0.000,0.000,0.000,0.000,0.000,-51.141,34.556,0.000,0.000,0.000,0.019,4.8,11.30,29.0,0.000,0.000,0.000,0.000,0.000,0.000,0.006,0.000,0.000,0.000,0.006,0.000,0.000,0.019,0.000,0.000,0.006,0.000
45.9063,459,0,move,-1,45.9063,45.9176,0,0.000,-0.088,0.176,-0.176,-0.088,0.088,-0.264,-0.088,0.176,0.000,-0.176,-0.088,-0.088,-50.713,34.541,0.000,0.439,0.176,0.000,0.000,0.000,0.000,0.000,0.000,0.000,0.000,0.000,0.000,0.000,0.000,0.000,-51.141,34.556,0.000,0.000,0.000,0.019,4.8,11.30,29.0,0.000,0.000,0.000,0.000,0.000,0.000,0.006,0.000,0.000,0.000,0.006,0.000,0.000,0.019,0.000,0.000,0.006,0.000
46.0062,460,0,move,-1,46.0062,46.0179,0,0.000,-0.088,0.176,-0.176,-0.088,0.088,-0.264,-0.088,0.176,0.000,-0.176,-0.088,-0.088,-50.713,34.541,0.000,0.439,0.176,0.000,0.000,0.000,0.000,0.000,0.000,0.000,0.000,0.000,0.000,0.000,0.000,0.000,-51.045,34.512,0.000,0.000,0.000,0.013,4.8,11.30,29.0,0.006,0.000,0.000,0.006,0.000,0.000,0.006,0.000,0.000,0.000,0.000,0.000,0.000,0.013,0.000,0.000,0.013,0.000
46.1063,461,0,move,-1,46.1063,46.1168,0,0.000,-0.088,0.176,-0.176,-0.088,0.088,-0.264,-0.088,0.176,0.000,-0.176,-0.088,-0.088,-50.713,34.541,0.000,0.439,0.176,0.000,0.000,0.000,0.000,0.000,0.000,0.000,0.000,0.000,0.000,0.000,0.000,0.000,-50.765,34.384,0.000,0.000,0.000,0.013,4.8,11.30,29.0,0.006,0.000,0.000,0.006,0.000,0.000,0.006,0.000,0.000,0.000,0.000,0.000,0.000,0.013,0.000,0.000,0.013,0.000
46.2063,462,0,move,-1,46.2063,46.2174,0,0.000,-0.088,0.176,-0.176,-0.088,0.088,-0.264,-0.088,0.176,0.000,-0.176,-0.088,-0.088,-50.625,34.541,0.000,0.439,0.176,0.000,0.000,0.000,0.000,0.000,0.000,0.000,0.000,0.000,0.000,0.000,0.000,0.000,-50.327,34.182,0.000,0.000,0.000,0.013,3.2,11.30,29.0,0.000,0.000,0.000,0.006,0.000,0.000,,0.000,0.000,0.000,,0.000,0.000,0.013,0.000,0.000,0.013,0.000
46.3063,463,0,move,-1,46.3063,46.3169,0,0.000,-0.088,0.176,-0.176,-0.088,0.088,-0.264,-0.088,0.176,0.000,-0.176,-0.088,-0.088,-50.537,34.189,0.000,0.439,0.176,0.000,0.000,0.000,0.000,0.000,0.000,0.000,0.000,0.000,0.000,0.000,0.000,0.000,-49.772,33.924,0.000,0.000,0.000,0.013,3.2,11.30,29.0,0.000,0.000,0.000,0.006,0.000,0.000,,0.000,0.000,0.000,,0.000,0.000,0.013,0.000,0.000,0.013,0.000
46.4063,464,0,move,-1,46.4063,46.4179,0,0.000,-0.088,0.176,-0.176,-0.088,0.088,-0.264,-0.088,0.176,0.000,-0.176,-0.088,-0.088,-50.010,33.926,0.000,0.439,0.176,0.000,0.000,0.000,0.000,0.000,0.000,0.000,0.000,0.000,0.000,0.000,0.000,0.000,-49.154,33.634,0.000,0.000,0.000,0.013,4.4,11.30,29.0,0.000,0.000,0.006,0.006,0.000,0.000,0.006,0.000,0.000,0.000,0.000,0.000,0.000,0.013,0.006,0.000,0.006,0.006
46.5061,465,0,move,-1,46.5061,46.5165,0,0.000,-0.088,0.176,-0.176,-0.088,0.088,-0.264,-0.088,0.176,0.000,-0.176,-0.088,-0.088,-49.395,33.838,0.000,0.439,0.176,0.000,0.000,0.000,0.000,0.000,0.000,0.000,0.000,0.000,0.000,0.000,0.000,0.000,-48.535,33.340,0.000,0.000,0.000,0.013,4.4,11.30,29.0,0.000,0.000,0.006,0.006,0.000,0.000,0.006,0.000,0.000,0.000,0.000,0.000,0.000,0.013,0.006,0.000,0.006,0.006
46.6061,466,0,move,-1,46.6061,46.6170,0,0.000,-0.088,0.176,-0.176,-0.088,0.088,-0.264,-0.088,0.176,0.000,-0.176,-0.088,-0.088,-48.779,33.311,0.000,0.439,0.176,0.000,0.000,0.000,0.000,0.000,0.000,0.000,0.000,0.000,0.000,0.000,0.000,0.000,-47.971,33.071,0.000,0.000,0.000,0.019,5.2,11.30,29.0,0.000,0.000,0.000,0.000,0.000,0.000,0.006,0.000,0.000,0.000,0.006,0.000,0.006,0.013,0.019,0.000,0.013,0.000
46.7061,467,0,move,-1,46.7061,46.7161,0,0.000,-0.088,0.176,-0.176,-0.088,0.088,-0.264,-0.088,0.176,0.000,-0.176,-0.088,-0.088,-48.252,32.959,0.000,0.439,0.176,0.000,0.000,0.000,0.000,0.000,0.000,0.000,0.000,0.000,0.000,0.000,0.000,0.000,-47.522,32.856,0.000,0.000,0.000,0.019,5.2,11.30,29.0,0.000,0.000,0.000,0.000,0.000,0.000,0.006,0.000,0.000,0.000,0.006,0.000,0.006,0.013,0.019,0.000,0.013,0.000
46.8061,468,0,move,-1,46.8061,46.8175,0,0.000,-0.088,0.176,-0.176,-0.088,0.088,-0.264,-0.088,0.176,0.000,-0.176,-0.088,-0.088,-47.725,32.959,0.000,0.439,0.176,0.000,0.000,0.000,0.000,0.000,0.000,0.000,0.000,0.000,0.000,0.000,0.000,0.000,-47.233,32.716,0.000,0.000,0.000,0.006,2.4,11.30,32.0,0.000,0.000,0.000,0.006,0.000,0.000,0.000,0.000,0.000,0.000,0.000,0.000,0.000,0.006,0.000,0.000,0.006,0.006
46.9104,469,0,move,-1,46.9104,46.9349,0,0.000,-0.088,0.176,-0.176,-0.088,0.088,-0.264,-0.088,0.176,0.000,-0.176,-0.088,-0.088,-47.285,32.959,0.000,0.439,0.176,0.000,0.000,0.000,0.000,0.000,0.000,0.000,0.000,0.000,0.000,0.000,0.000,0.000,-47.133,32.667,0.000,0.000,0.000,0.013,3.2,11.30,29.0,0.000,0.000,0.006,0.006,0.000,0.000,0.006,0.000,0.000,0.000,0.000,0.000,0.000,0.006,0.013,0.000,0.006,0.000
47.0098,470,0,move,-1,47.0098,47.0280,0,0.000,-0.088,0.176,-0.176,-0.088,0.088,-0.264,-0.088,0.176,0.000,-0.176,-0.088,-0.088,-47.197,32.959,0.000,0.439,0.176,0.000,0.000,0.000,0.000,0.000,0.000,0.000,0.000,0.000,0.000,0.000,0.000,0.000,-47.133,32.667,0.000,0.000,0.000,0.013,3.2,11.30,29.0,0.000,0.000,0.006,0.006,0.000,0.000,0.006,0.000,0.000,0.000,0.000,0.000,0.000,0.006,0.013,0.000,0.006,0.000
47.1063,471,0,move,-1,47.1063,47.1159,0,0.000,-0.088,0.176,-0.176,-0.088,0.088,-0.264,-0.088,0.176,0.000,-0.176,-0.088,-0.088,-47.197,32.959,0.000,0.439,0.176,0.000,0.000,0.000,0.000,0.000,0.000,0.000,0.000,0.000,0.000,0.000,0.000,0.000,-47.133,32.667,0.000,0.000,0.000,0.013,3.2,11.20,29.0,0.000,0.000,0.000,0.000,0.000,0.000,0.006,0.000,0.000,0.000,0.000,0.000,0.000,0.000,0.013,0.000,0.006,0.000
47.2063,472,0,move,-1,47.2063,47.2190,0,0.000,-0.088,0.176,-0.176,-0.088,0.088,-0.264,-0.088,0.176,0.000,-0.176,-0.088,-0.088,-47.197,32.959,0.000,0.439,0.176,0.000,0.000,0.000,0.000,0.000,0.000,0.000,0.000,0.000,0.000,0.000,0.000,0.000,-47.133,32.667,0.000,0.000,0.000,0.006,3.2,11.30,29.0,,0.000,0.000,0.000,0.000,0.000,0.000,0.000,0.000,0.000,0.000,0.000,0.000,0.000,0.006,0.000,0.006,0.000
47.3063,473,0,move,-1,47.3063,47.3207,0,0.000,-0.088,0.176,-0.176,-0.088,0.088,-0.264,-0.088,0.176,0.000,-0.176,-0.088,-0.088,-47.197,32.959,0.000,0.439,0.176,0.000,0.000,0.000,0.000,0.000,0.000,0.000,0.000,0.000,0.000,0.000,0.000,0.000,-47.133,32.667,0.000,0.000,0.000,0.013,3.2,11.30,29.0,0.000,0.000,0.000,0.006,0.000,0.000,0.006,0.000,0.006,0.000,0.006,0.000,0.000,0.000,0.013,0.000,0.006,0.006
47.4063,474,0,move,-1,47.4063,47.4201,0,0.000,-0.088,0.176,-0.176,-0.088,0.088,-0.264,-0.088,0.176,0.000,-0.176,-0.088,-0.088,-47.197,32.783,0.000,0.439,0.176,0.000,0.000,0.000,0.000,0.000,0.000,0.000,0.000,0.000,0.000,0.000,0.000,0.000,-47.133,32.667,0.000,0.000,0.000,0.013,3.2,11.30,29.0,0.000,0.000,0.000,0.006,0.000,0.000,0.006,0.000,0.006,0.000,0.006,0.000,0.000,0.000,0.013,0.000,0.006,0.006
47.5063,475,0,move,-1,47.5063,47.5317,0,0.000,-0.088,0.176,-0.176,-0.088,0.088,-0.264,-0.088,0.176,0.000,-0.176,-0.088,-0.088,-47.197,32.783,0.000,0.439,0.176,0.000,0.000,0.000,0.000,0.000,0.000,0.000,0.000,0.000,0.000,0.000,0.000,0.000,-47.133,32.667,0.000,0.000,0.000,0.006,2.4,11.30,32.0,0.000,0.000,0.006,0.000,0.000,0.000,0.006,0.000,0.006,0.000,0.006,0.000,0.000,0.000,0.000,0.000,0.006,0.006
47.6061,476,0,move,-1,47.6061,47.6184,0,0.000,-0.088,0.176,-0.176,-0.088,0.088,-0.264,-0.088,0.176,0.000,-0.176,-0.088,-0.088,-47.197,32.783,0.000,0.439,0.176,0.000,0.000,0.000,0.000,0.000,0.000,0.000,0.000,0.000,0.000,0.000,0.000,0.000,-47.133,32.667,0.000,0.000,0.000,0.006,2.4,11.30,32.0,0.000,0.000,0.006,0.000,0.000,0.000,0.006,0.000,0.006,0.000,0.006,0.000,0.000,0.000,0.000,0.000,0.006,0.006
47.7063,477,0,move,-1,47.7063,47.7160,0,0.000,-0.088,0.176,-0.176,-0.088,0.088,-0.264,-0.088,0.176,0.000,-0.176,-0.088,-0.088,-47.197,32.783,0.000,0.439,0.176,0.000,0.000,0.000,0.000,0.000,0.000,0.000,0.000,0.000,0.000,0.000,0.000,0.000,-47.133,32.667,0.000,0.000,0.000,0.006,3.2,11.30,32.0,0.000,0.000,0.000,0.000,0.000,0.000,0.006,0.000,0.000,0.000,0.000,0.000,0.000,0.000,0.000,0.000,0.006,0.000
47.8081,478,0,move,-1,47.8081,47.8143,0,0.000,-0.088,0.176,-0.176,-0.088,0.088,-0.264,-0.088,0.176,0.000,-0.176,-0.088,-0.088,-47.197,32.783,0.000,0.439,0.176,0.000,0.000,0.000,0.000,0.000,0.000,0.000,0.000,0.000,0.000,0.000,0.000,0.000,-47.133,32.667,0.000,0.000,0.000,0.006,3.2,11.30,32.0,0.000,0.000,0.000,0.000,0.000,0.000,0.006,0.000,0.000,0.000,0.000,0.000,0.000,0.000,0.000,0.000,0.006,0.000
47.9061,479,0,move,-1,47.9061,47.9170,0,0.000,-0.088,0.176,-0.176,-0.088,0.088,-0.264,-0.088,0.176,0.000,-0.176,-0.088,-0.088,-47.197,32.783,0.000,0.439,0.176,0.000,0.000,0.000,0.000,0.000,0.000,0.000,0.000,0.000,0.000,0.000,0.000,0.000,-47.133,32.667,0.000,0.000,0.000,0.013,4.8,11.30,31.0,0.000,0.006,0.000,0.006,0.000,0.000,0.006,0.000,0.000,0.000,0.000,0.000,0.000,0.000,0.000,0.000,0.013,0.006
48.0061,480,0,move,-1,48.0061,48.0188,0,0.000,-0.088,0.176,-0.176,-0.088,0.088,-0.264,-0.088,0.176,0.000,-0.176,-0.088,-0.088,-47.197,32.783,0.000,0.439,0.176,0.000,0.000,0.000,0.000,0.000,0.000,0.000,0.000,0.000,0.000,0.000,0.000,0.000,-47.133,32.667,0.000,0.000,0.000,0.006,3.2,11.20,32.0,0.000,0.000,0.000,0.000,0.000,0.000,0.006,0.000,0.000,0.000,0.000,0.000,0.000,0.000,0.000,0.000,0.006,0.000
48.1061,481,0,move,-1,48.1061,48.1173,0,0.000,-0.088,0.176,-0.176,-0.088,0.088,-0.264,-0.088,0.176,0.000,-0.176,-0.088,-0.088,-47.197,32.783,0.000,0.439,0.176,0.000,0.000,0.000,0.000,0.000,0.000,0.000,0.000,0.000,0.000,0.000,0.000,0.000,-47.133,32.667,0.000,0.000,0.000,0.006,3.2,11.20,32.0,0.000,0.000,0.000,0.000,0.000,0.000,0.006,0.000,0.000,0.000,0.000,0.000,0.000,0.000,0.000,0.000,0.006,0.000
48.2063,482,0,move,-1,48.2063,48.2194,0,0.000,-0.088,0.176,-0.176,-0.088,0.088,-0.264,-0.088,0.176,0.000,-0.176,-0.088,-0.088,-47.197,32.783,0.000,0.439,0.176,0.000,0.000,0.000,0.000,0.000,0.000,0.000,0.000,0.000,0.000,0.000,0.000,0.000,-47.133,32.667,0.000,0.000,0.000,0.006,4.8,11.30,31.0,0.000,0.000,0.000,0.000,0.000,0.000,0.000,0.000,0.000,0.000,0.000,0.000,0.000,0.000,0.000,0.000,0.006,0.000
48.3061,483,0,move,-1,48.3061,48.3194,0,0.000,-0.088,0.176,-0.176,-0.088,0.088,-0.264,-0.088,0.176,0.000,-0.176,-0.088,-0.088,-47.197,32.783,0.000,0.439,0.176,0.000,0.000,0.000,0.000,0.000,0.000,0.000,0.000,0.000,0.000,0.000,0.000,0.000,-47.133,32.667,0.000,0.000,0.000,0.006,4.8,11.30,31.0,0.000,0.000,0.000,0.000,0.000,0.000,0.000,0.000,0.000,0.000,0.000,0.000,0.000,0.000,0.000,0.000,0.006,0.000
48.4094,484,0,move,-1,48.4094,48.4467,0,0.000,-0.088,0.176,-0.176,-0.088,0.088,-0.264,-0.088,0.176,0.000,-0.176,-0.088,-0.088,-47.197,32.783,0.000,0.439,0.176,0.000,0.000,0.000,0.000,0.000,0.000,0.000,0.000,0.000,0.000,0.000,0.000,0.000,-47.133,32.667,0.000,0.000,0.000,0.006,2.4,11.30,32.0,0.000,0.000,0.006,0.006,0.000,0.000,0.006,0.000,0.000,0.000,0.000,0.000,0.000,0.000,0.000,0.000,0.006,0.000
48.5063,485,0,move,-1,48.5063,48.5193,0,0.000,-0.088,0.176,-0.176,-0.088,0.088,-0.264,-0.088,0.176,0.000,-0.176,-0.088,-0.088,-47.197,32.783,0.000,0.439,0.176,0.000,0.000,0.000,0.000,0.000,0.000,0.000,0.000,0.000,0.000,0.000,0.000,0.000,-47.133,32.667,0.000,0.000,0.000,0.006,2.4,11.30,32.0,0.000,0.000,0.006,0.006,0.000,0.000,0.006,0.000,0.000,0.000,0.000,0.000,0.000,0.000,0.000,0.000,0.006,0.000
48.6063,486,0,move,-1,48.6063,48.6191,0,0.000,-0.088,0.176,-0.176,-0.088,0.088,-0.264,-0.088,0.176,0.000,-0.176,-0.088,-0.088,-47.197,32.783,0.000,0.439,0.176,0.000,0.000,0.000,0.000,0.000,0.000,0.000,0.000,0.000,0.000,0.000,0.000,0.000,-47.133,32.667,0.000,0.000,0.000,0.013,4.8,11.30,31.0,0.000,0.000,0.000,0.000,0.000,0.000,0.000,0.000,0.000,0.000,0.006,0.000,0.000,0.000,0.006,0.000,0.013,0.000
48.7061,487,0,move,-1,48.7061,48.7179,0,0.000,-0.088,0.176,-0.176,-0.088,0.088,-0.264,-0.088,0.176,0.000,-0.176,-0.088,-0.088,-47.197,32.783,0.000,0.439,0.176,0.000,0.000,0.000,0.000,0.000,0.000,0.000,0.000,0.000,0.000,0.000,0.000,0.000,-47.133,32.667,0.000,0.000,0.000,0.013,4.8,11.30,31.0,0.000,0.000,0.000,0.000,0.000,0.000,0.000,0.000,0.000,0.000,0.006,0.000,0.000,0.000,0.006,0.000,0.013,0.000
48.8061,488,0,move,-1,48.8061,48.8186,0,0.000,-0.088,0.176,-0.176,-0.088,0.088,-0.264,-0.088,0.176,0.000,-0.176,-0.088,-0.088,-47.197,32.783,0.000,0.439,0.176,0.000,0.000,0.000,0.000,0.000,0.000,0.000,0.000,0.000,0.000,0.000,0.000,0.000,-47.133,32.667,0.000,0.000,0.000,0.006,2.4,11.30,32.0,0.000,0.000,0.000,0.006,0.000,0.000,0.000,0.000,0.000,0.000,0.000,0.000,0.000,0.000,0.000,0.000,0.006,0.000
48.9094,489,0,move,-1,48.9094,48.9240,0,0.000,-0.088,0.176,-0.176,-0.088,0.088,-0.264,-0.088,0.176,0.000,-0.176,-0.088,-0.088,-47.197,32.783,0.000,0.439,0.176,0.000,0.000,0.000,0.000,0.000,0.000,0.000,0.000,0.000,0.000,0.000,0.000,0.000,-47.133,32.667,0.000,0.000,0.000,0.013,4.8,11.30,31.0,0.000,0.000,0.000,0.000,0.000,0.000,0.006,0.000,0.006,0.000,0.000,0.000,0.000,0.000,0.000,0.000,0.013,0.006
49.0063,490,0,move,-1,49.0063,49.0178,0,0.000,-0.088,0.176,-0.176,-0.088,0.088,-0.264,-0.088,0.176,0.000,-0.176,-0.088,-0.088,-47.197,32.783,0.000,0.439,0.176,0.000,0.000,0.000,0.000,0.000,0.000,0.000,0.000,0.000,0.000,0.000,0.000,0.000,-47.133,32.667,0.000,0.000,0.000,0.013,4.8,11.30,31.0,0.000,0.000,0.000,0.000,0.000,0.000,0.006,0.000,0.006,0.000,0.000,0.000,0.000,0.000,0.000,0.000,0.013,0.006
49.1063,491,0,move,-1,49.1063,49.1196,0,0.000,-0.088,0.176,-0.176,-0.088,0.088,-0.264,-0.088,0.176,0.000,-0.176,-0.088,-0.088,-47.197,32.783,0.000,0.439,0.176,0.000,0.000,0.000,0.000,0.000,0.000,0.000,0.000,0.000,0.000,0.000,0.000,0.000,-47.133,32.667,0.000,0.000,0.000,0.006,3.2,11.20,32.0,0.000,0.000,0.000,0.000,0.000,0.000,0.006,0.000,0.006,0.000,0.000,0.000,0.000,0.000,0.000,0.000,0.006,0.000
49.2061,492,0,move,-1,49.2061,49.2172,0,0.000,-0.088,0.176,-0.176,-0.088,0.088,-0.264,-0.088,0.176,0.000,-0.176,-0.088,-0.088,-47.197,32.783,0.000,0.439,0.176,0.000,0.000,0.000,0.000,0.000,0.000,0.000,0.000,0.000,0.000,0.000,0.000,0.000,-47.133,32.667,0.000,0.000,0.000,0.006,3.2,11.20,32.0,0.000,0.000,0.000,0.000,0.000,0.000,0.006,0.000,0.006,0.000,0.000,0.000,0.000,0.000,0.000,0.000,0.006,0.000
49.3063,493,0,move,-1,49.3063,49.3182,0,0.000,-0.088,0.176,-0.176,-0.088,0.088,-0.264,-0.088,0.176,0.000,-0.176,-0.088,-0.088,-47.197,32.783,0.000,0.439,0.176,0.000,0.000,0.000,0.000,0.000,0.000,0.000,0.000,0.000,0.000,0.000,0.000,0.000,-47.133,32.667,0.000,0.000,0.000,0.013,4.8,11.30,31.0,0.000,0.000,0.000,0.006,0.000,0.000,0.006,0.000,0.000,0.000,0.000,0.000,0.000,0.000,0.000,0.000,0.013,0.006
49.4061,494,0,move,-1,49.4061,49.4170,0,0.000,-0.088,0.176,-0.176,-0.088,0.088,-0.264,-0.088,0.176,0.000,-0.176,-0.088,-0.088,-47.197,32.783,0.000,0.439,0.176,0.000,0.000,0.000,0.000,0.000,0.000,0.000,0.000,0.000,0.000,0.000,0.000,0.000,-47.133,32.667,0.000,0.000,0.000,0.013,4.8,11.30,31.0,0.000,0.000,0.000,0.006,0.000,0.000,0.006,0.000,0.000,0.000,0.000,0.000,0.000,0.000,0.000,0.000,0.013,0.006
49.5063,495,0,move,-1,49.5063,49.5186,0,0.000,-0.088,0.176,-0.176,-0.088,0.088,-0.264,-0.088,0.176,0.000,-0.176,-0.088,-0.088,-47.197,32.783,0.000,0.439,0.176,0.000,0.000,0.000,0.000,0.000,0.000,0.000,0.000,0.000,0.000,0.000,0.000,0.000,-47.133,32.667,0.000,0.000,0.000,0.006,2.4,11.30,32.0,0.000,0.000,0.000,0.006,0.000,0.000,0.006,0.000,0.000,0.000,0.000,0.000,0.000,0.000,0.000,0.000,0.006,0.006
49.6061,496,0,move,-1,49.6061,49.6125,0,0.000,-0.088,0.176,-0.176,-0.088,0.088,-0.264,-0.088,0.176,0.000,-0.176,-0.088,-0.088,-47.197,32.783,0.000,0.439,0.176,0.000,0.000,0.000,0.000,0.000,0.000,0.000,0.000,0.000,0.000,0.000,0.000,0.000,-47.133,32.667,0.000,0.000,0.000,0.006,2.4,11.30,32.0,0.000,0.000,0.000,0.006,0.000,0.000,0.006,0.000,0.000,0.000,0.000,0.000,0.000,0.000,0.000,0.000,0.006,0.006
49.7061,497,0,move,-1,49.7061,49.7173,0,0.000,-0.088,0.176,-0.176,-0.088,0.088,-0.264,-0.088,0.176,0.000,-0.176,-0.088,-0.088,-47.197,32.783,0.000,0.439,0.176,0.000,0.000,0.000,0.000,0.000,0.000,0.000,0.000,0.000,0.000,0.000,0.000,0.000,-47.133,32.667,0.000,0.000,0.000,0.006,3.2,11.30,32.0,0.000,0.000,0.000,0.000,0.000,0.000,0.006,0.000,0.006,0.000,0.006,0.000,0.000,0.000,0.000,0.000,0.006,0.000
49.8062,498,0,move,-1,49.8062,49.8175,0,0.000,-0.088,0.176,-0.176,-0.088,0.088,-0.264,-0.088,0.176,0.000,-0.176,-0.088,-0.088,-47.197,32.783,0.000,0.439,0.176,0.000,0.000,0.000,0.000,0.000,0.000,0.000,0.000,0.000,0.000,0.000,0.000,0.000,-47.133,32.667,0.000,0.000,0.000,0.006,4.8,11.30,31.0,0.000,0.000,0.000,0.000,0.000,0.000,0.000,0.000,0.000,0.000,0.000,0.000,0.000,0.000,0.000,0.000,0.006,0.000
49.9061,499,0,move,-1,49.9061,49.9157,0,0.000,-0.088,0.176,-0.176,-0.088,0.088,-0.264,-0.088,0.176,0.000,-0.176,-0.088,-0.088,-47.197,32.783,0.000,0.439,0.176,0.000,0.000,0.000,0.000,0.000,0.000,0.000,0.000,0.000,0.000,0.000,0.000,0.000,-47.133,32.667,0.000,0.000,0.000,0.006,4.8,11.30,31.0,0.000,0.000,0.000,0.000,0.000,0.000,0.000,0.000,0.000,0.000,0.000,0.000,0.000,0.000,0.000,0.000,0.006,0.000
50.0206,500,0,move,-1,50.0206,50.0326,0,0.000,-0.088,0.176,-0.176,-0.088,0.088,-0.264,-0.088,0.176,0.000,-0.176,-0.088,-0.088,-47.197,32.783,0.000,0.439,0.176,0.000,0.000,0.000,0.000,0.000,0.000,0.000,0.000,0.000,0.000,0.000,0.000,0.000,-47.033,32.619,0.000,0.000,0.000,0.006,2.4,11.30,32.0,0.000,0.000,0.000,0.006,0.000,0.000,0.000,0.000,0.000,0.000,0.000,0.000,0.000,0.000,0.000,0.000,0.006,0.006
50.1063,501,0,move,-1,50.1063,50.1185,0,0.000,-0.088,0.176,-0.176,-0.088,0.088,-0.264,-0.088,0.176,0.000,-0.176,-0.088,-0.088,-47.109,32.607,0.000,0.439,0.176,0.000,0.000,0.000,0.000,0.000,0.000,0.000,0.000,0.000,0.000,0.000,0.000,0.000,-46.742,32.477,0.000,0.000,0.000,0.006,2.4,11.30,32.0,0.000,0.000,0.000,0.006,0.000,0.000,0.000,0.000,0.000,0.000,0.000,0.000,0.000,0.000,0.000,0.000,0.006,0.006
50.2063,502,0,move,-1,50.2063,50.2165,0,0.000,-0.088,0.176,-0.176,-0.088,0.088,-0.264,-0.088,0.176,0.000,-0.176,-0.088,-0.088,-47.021,32.607,0.000,0.439,0.176,0.000,0.000,0.000,0.000,0.000,0.000,0.000,0.000,0.000,0.000,0.000,0.000,0.000,-46.288,32.255,0.000,0.000,0.000,0.013,3.6,11.30,29.0,0.000,0.000,0.006,0.000,0.000,0.000,0.006,0.000,0.000,0.000,0.000,0.000,0.000,0.013,0.000,0.000,0.006,0.000
50.3061,503,0,move,-1,50.3061,50.3178,0,0.000,-0.088,0.176,-0.176,-0.088,0.088,-0.264,-0.088,0.176,0.000,-0.176,-0.088,-0.088,-46.494,32.256,0.000,0.439,0.176,0.000,0.000,0.000,0.000,0.000,0.000,0.000,0.000,0.000,0.000,0.000,0.000,0.000,-45.712,31.972,0.000,0.000,0.000,0.006,2.8,11.30,29.0,0.000,0.000,0.000,0.000,0.000,0.000,0.000,0.000,0.000,0.000,0.000,0.000,0.000,0.006,0.006,0.000,0.006,0.000
50.4061,504,0,move,-1,50.4061,50.4177,0,0.000,-0.088,0.176,-0.176,-0.088,0.088,-0.264,-0.088,0.176,0.000,-0.176,-0.088,-0.088,-45.967,32.256,0.000,0.439,0.176,0.000,0.000,0.000,0.000,0.000,0.000,0.000,0.000,0.000,0.000,0.000,0.000,0.000,-45.069,31.653,0.000,0.000,0.000,0.006,2.8,11.30,29.0,0.000,0.000,0.000,0.000,0.000,0.000,0.000,0.000,0.000,0.000,0.000,0.000,0.000,0.006,0.006,0.000,0.006,0.000
50.5063,505,0,move,-1,50.5063,50.5192,0,0.000,-0.088,0.176,-0.176,-0.088,0.088,-0.264,-0.088,0.176,0.000,-0.176,-0.088,-0.088,-45.439,31.641,0.000,0.439,0.176,0.000,0.000,0.000,0.000,0.000,0.000,0.000,0.000,0.000,0.000,0.000,0.000,0.000,-44.421,31.329,0.000,0.000,0.000,0.006,2.4,11.30,32.0,0.000,0.000,0.000,0.006,0.000,0.000,0.006,0.000,0.006,0.000,0.006,0.000,0.000,0.006,0.000,0.000,0.006,0.006
50.6061,506,0,move,-1,50.6061,50.6188,0,0.000,-0.088,0.176,-0.176,-0.088,0.088,-0.264,-0.088,0.176,0.000,-0.176,-0.088,-0.088,-44.824,31.289,0.000,0.439,0.176,0.000,0.000,0.000,0.000,0.000,0.000,0.000,0.000,0.000,0.000,0.000,0.000,0.000,-43.833,31.033,0.000,0.000,0.000,0.006,2.4,11.30,32.0,0.000,0.000,0.000,0.006,0.000,0.000,0.006,0.000,0.006,0.000,0.006,0.000,0.000,0.006,0.000,0.000,0.006,0.006
50.7093,507,0,move,-1,50.7093,50.7273,0,0.000,-0.088,0.176,-0.176,-0.088,0.088,-0.264,-0.088,0.176,0.000,-0.176,-0.088,-0.088,-44.121,31.289,0.000,0.439,0.176,0.000,0.000,0.000,0.000,0.000,0.000,0.000,0.000,0.000,0.000,0.000,0.000,0.000,-43.362,30.795,0.000,0.000,0.000,0.013,3.2,11.30,29.0,0.000,0.000,0.000,0.006,0.000,0.000,0.006,0.000,0.000,0.000,0.000,0.000,0.000,0.006,0.013,0.000,0.006,0.000
50.8061,508,0,move,-1,50.8061,50.8176,0,0.000,-0.088,0.176,-0.176,-0.088,0.088,-0.264,-0.088,0.176,0.000,-0.176,-0.088,-0.088,-43.594,30.762,0.000,0.439,0.176,0.000,0.000,0.000,0.000,0.000,0.000,0.000,0.000,0.000,0.000,0.000,0.000,0.000,-43.059,30.640,0.000,0.000,0.000,0.013,3.2,11.30,29.0,0.000,0.000,0.000,0.006,0.000,0.000,0.006,0.000,0.000,0.000,0.000,0.000,0.000,0.006,0.013,0.000,0.006,0.000
50.9063,509,0,move,-1,50.9063,50.9193,0,0.000,-0.088,0.176,-0.176,-0.088,0.088,-0.264,-0.088,0.176,0.000,-0.176,-0.088,-0.088,-43.594,30.762,0.000,0.439,0.176,0.000,0.000,0.000,0.000,0.000,0.000,0.000,0.000,0.000,0.000,0.000,0.000,0.000,-42.955,30.587,0.000,0.000,0.000,0.006,2.4,11.30,32.0,0.000,0.000,0.006,0.000,0.000,0.000,0.006,0.000,0.000,0.000,0.000,0.000,0.000,0.006,0.000,0.000,0.006,0.000
51.0071,510,0,move,-1,51.0071,51.0198,0,0.000,-0.088,0.176,-0.176,-0.088,0.088,-0.264,-0.088,0.176,0.000,-0.176,-0.088,-0.088,-43.066,30.762,0.000,0.439,0.176,0.000,0.000,0.000,0.000,0.000,0.000,0.000,0.000,0.000,0.000,0.000,0.000,0.000,-42.955,30.587,0.000,0.000,0.000,0.006,2.4,11.30,32.0,0.000,0.000,0.000,0.006,0.000,0.000,0.006,0.000,0.000,0.000,0.000,0.000,0.000,0.006,0.006,0.000,0.006,0.000
51.1098,511,0,move,-1,51.1098,51.1699,0,0.000,-0.088,0.176,-0.176,-0.088,0.088,-0.264,-0.088,0.176,0.000,-0.176,-0.088,-0.088,-43.066,30.762,0.000,0.439,0.176,0.000,0.000,0.000,0.000,0.000,0.000,0.000,0.000,0.000,0.000,0.000,0.000,0.000,-42.955,30.587,0.000,0.000,0.000,0.006,2.4,11.30,32.0,0.000,0.000,0.000,0.006,0.000,0.000,0.006,0.000,0.000,0.000,0.006,0.000,0.000,0.000,0.000,0.000,0.006,0.000
51.2063,512,0,move,-1,51.2063,51.2186,0,0.000,-0.088,0.176,-0.176,-0.088,0.088,-0.264,-0.088,0.176,0.000,-0.176,-0.088,-0.088,-43.066,30.762,0.000,0.439,0.176,0.000,0.000,0.000,0.000,0.000,0.000,0.000,0.000,0.000,0.000,0.000,0.000,0.000,-42.955,30.587,0.000,0.000,0.000,0.006,2.4,11.30,32.0,0.000,0.000,0.000,0.006,0.000,0.000,0.006,0.000,0.000,0.000,0.006,0.000,0.000,0.000,0.000,0.000,0.006,0.000
51.3121,513,0,move,-1,51.3121,51.3336,0,0.000,-0.088,0.176,-0.176,-0.088,0.088,-0.264,-0.088,0.176,0.000,-0.176,-0.088,-0.088,-43.066,30.762,0.000,0.439,0.176,0.000,0.000,0.000,0.000,0.000,0.000,0.000,0.000,0.000,0.000,0.000,0.000,0.000,-42.955,30.587,0.000,0.000,0.000,0.006,3.2,11.30,32.0,0.000,0.000,0.000,0.000,0.000,0.000,0.006,0.000,0.006,0.000,0.000,0.000,0.000,0.006,0.000,0.000,0.006,0.000
51.4062,514,0,move,-1,51.4062,51.4176,0,0.000,-0.088,0.176,-0.176,-0.088,0.088,-0.264,-0.088,0.176,0.000,-0.176,-0.088,-0.088,-43.066,30.762,0.000,0.439,0.176,0.000,0.000,0.000,0.000,0.000,0.000,0.000,0.000,0.000,0.000,0.000,0.000,0.000,-42.955,30.587,0.000,0.000,0.000,0.006,3.2,11.30,32.0,0.000,0.000,0.000,0.000,0.000,0.000,0.006,0.000,0.006,0.000,0.000,0.000,0.000,0.006,0.000,0.000,0.006,0.000
51.5061,515,0,move,-1,51.5061,51.5185,0,0.000,-0.088,0.176,-0.176,-0.088,0.088,-0.264,-0.088,0.176,0.000,-0.176,-0.088,-0.088,-43.066,30.762,0.000,0.439,0.176,0.000,0.000,0.000,0.000,0.000,0.000,0.000,0.000,0.000,0.000,0.000,0.000,0.000,-42.955,30.587,0.000,0.000,0.000,0.006,2.4,11.30,31.0,0.000,0.000,0.000,0.000,0.000,0.000,0.000,0.000,0.000,0.000,0.006,0.000,0.000,0.000,0.006,0.000,0.006,0.006
51.6061,516,0,move,-1,51.6061,51.6167,0,0.000,-0.088,0.176,-0.176,-0.088,0.088,-0.264,-0.088,0.176,0.000,-0.176,-0.088,-0.088,-42.979,30.762,0.000,0.439,0.176,0.000,0.000,0.000,0.000,0.000,0.000,0.000,0.000,0.000,0.000,0.000,0.000,0.000,-42.955,30.587,0.000,0.000,0.000,0.006,2.4,11.30,31.0,0.000,0.000,0.000,0.000,0.000,0.000,0.000,0.000,0.000,0.000,0.006,0.000,0.000,0.000,0.006,0.000,0.006,0.006
51.7061,517,0,move,-1,51.7061,51.7182,0,0.000,-0.088,0.176,-0.176,-0.088,0.088,-0.264,-0.088,0.176,0.000,-0.176,-0.088,-0.088,-42.979,30.762,0.000,0.439,0.176,0.000,0.000,0.000,0.000,0.000,0.000,0.000,0.000,0.000,0.000,0.000,0.000,0.000,-42.955,30.587,0.000,0.000,0.000,0.013,4.8,11.30,31.0,0.000,0.000,0.006,0.006,0.000,0.000,0.000,0.000,0.006,0.000,0.006,0.000,0.000,0.000,0.006,0.000,0.013,0.006
51.8063,518,0,move,-1,51.8063,51.8163,0,0.000,-0.088,0.176,-0.176,-0.088,0.088,-0.264,-0.088,0.176,0.000,-0.176,-0.088,-0.088,-42.979,30.762,0.000,0.439,0.176,0.000,0.000,0.000,0.000,0.000,0.000,0.000,0.000,0.000,0.000,0.000,0.000,0.000,-42.955,30.587,0.000,0.000,0.000,0.013,4.8,11.30,31.0,0.000,0.000,0.006,0.006,0.000,0.000,0.000,0.000,0.006,0.000,0.006,0.000,0.000,0.000,0.006,0.000,0.013,0.006
51.9063,519,0,move,-1,51.9063,51.9176,0,0.000,-0.088,0.176,-0.176,-0.088,0.088,-0.264,-0.088,0.176,0.000,-0.176,-0.088,-0.088,-42.979,30.762,0.000,0.439,0.176,0.000,0.000,0.000,0.000,0.000,0.000,0.000,0.000,0.000,0.000,0.000,0.000,0.000,-42.955,30.587,0.000,0.000,0.000,0.006,2.4,11.30,29.0,0.000,0.000,0.000,0.000,0.000,0.000,0.000,0.000,0.000,0.000,0.000,0.000,0.000,0.000,0.006,0.000,0.006,0.000
52.0063,520,0,move,-1,52.0063,52.0184,0,0.000,-0.088,0.176,-0.176,-0.088,0.088,-0.264,-0.088,0.176,0.000,-0.176,-0.088,-0.088,-42.979,30.762,0.000,0.439,0.176,0.000,0.000,0.000,0.000,0.000,0.000,0.000,0.000,0.000,0.000,0.000,0.000,0.000,-42.955,30.587,0.000,0.000,0.000,0.006,3.2,11.30,32.0,0.000,0.000,0.000,0.000,0.000,0.000,0.006,0.000,0.000,0.000,0.000,0.000,0.000,0.000,0.006,0.000,0.006,0.006
52.1063,521,0,move,-1,52.1063,52.1207,0,0.000,-0.088,0.176,-0.176,-0.088,0.088,-0.264,-0.088,0.176,0.000,-0.176,-0.088,-0.088,-42.979,30.762,0.000,0.439,0.176,0.000,0.000,0.000,0.000,0.000,0.000,0.000,0.000,0.000,0.000,0.000,0.000,0.000,-42.955,30.587,0.000,0.000,0.000,0.006,2.4,11.30,32.0,0.000,0.000,0.000,0.006,0.000,0.000,0.006,0.000,0.000,0.000,0.000,0.000,0.000,0.000,0.006,0.000,0.006,0.000
52.2061,522,0,move,-1,52.2061,52.2419,0,0.000,-0.088,0.176,-0.176,-0.088,0.088,-0.264,-0.088,0.176,0.000,-0.176,-0.088,-0.088,-42.979,30.762,0.000,0.439,0.176,0.000,0.000,0.000,0.000,0.000,0.000,0.000,0.000,0.000,0.000,0.000,0.000,0.000,-42.955,30.587,0.000,0.000,0.000,0.006,2.4,11.30,32.0,0.000,0.000,0.006,0.000,0.000,0.000,0.000,0.000,0.006,0.000,0.006,0.000,0.000,0.000,0.006,0.000,0.006,0.000
52.3061,523,0,move,-1,52.3061,52.3176,0,0.000,-0.088,0.176,-0.176,-0.088,0.088,-0.264,-0.088,0.176,0.000,-0.176,-0.088,-0.088,-42.979,30.762,0.000,0.439,0.176,0.000,0.000,0.000,0.000,0.000,0.000,0.000,0.000,0.000,0.000,0.000,0.000,0.000,-42.955,30.587,0.000,0.000,0.000,0.006,2.4,11.30,32.0,0.000,0.000,0.006,0.000,0.000,0.000,0.000,0.000,0.006,0.000,0.006,0.000,0.000,0.000,0.006,0.000,0.006,0.000
52.4061,524,0,move,-1,52.4061,52.4181,0,0.000,-0.088,0.176,-0.176,-0.088,0.088,-0.264,-0.088,0.176,0.000,-0.176,-0.088,-0.088,-42.979,30.762,0.000,0.439,0.176,0.000,0.000,0.000,0.000,0.000,0.000,0.000,0.000,0.000,0.000,0.000,0.000,0.000,-42.955,30.587,0.000,0.000,0.000,0.006,2.4,11.30,32.0,0.000,0.000,0.000,0.006,0.000,0.000,0.006,0.000,0.000,0.000,0.006,0.000,0.000,0.000,0.006,0.000,0.006,0.000
52.5061,525,0,move,-1,52.5061,52.5173,0,0.000,-0.088,0.176,-0.176,-0.088,0.088,-0.264,-0.088,0.176,0.000,-0.176,-0.088,-0.088,-42.979,30.762,0.000,0.439,0.176,0.000,0.000,0.000,0.000,0.000,0.000,0.000,0.000,0.000,0.000,0.000,0.000,0.000,-42.955,30.587,0.000,0.000,0.000,0.006,2.4,11.30,32.0,0.000,0.000,0.000,0.006,0.000,0.000,0.006,0.000,0.000,0.000,0.006,0.000,0.000,0.000,0.006,0.000,0.006,0.000
52.6063,526,0,move,-1,52.6063,52.6273,0,0.000,-0.088,0.176,-0.176,-0.088,0.088,-0.264,-0.088,0.176,0.000,-0.176,-0.088,-0.088,-42.979,30.762,0.000,0.439,0.176,0.000,0.000,0.000,0.000,0.000,0.000,0.000,0.000,0.000,0.000,0.000,0.000,0.000,-42.955,30.587,0.000,0.000,0.000,0.006,2.4,11.30,32.0,0.000,0.000,0.000,0.006,0.000,0.000,0.000,0.000,0.000,0.000,0.000,0.000,0.000,0.000,0.000,0.000,0.006,0.000
52.7061,527,0,move,-1,52.7061,52.7206,0,0.000,-0.088,0.176,-0.176,-0.088,0.088,-0.264,-0.088,0.176,0.000,-0.176,-0.088,-0.088,-42.979,30.762,0.000,0.439,0.176,0.000,0.000,0.000,0.000,0.000,0.000,0.000,0.000,0.000,0.000,0.000,0.000,0.000,-42.955,30.587,0.000,0.000,0.000,0.006,2.4,11.30,32.0,0.000,0.000,0.000,0.006,0.000,0.000,0.000,0.000,0.000,0.000,0.000,0.000,0.000,0.000,0.000,0.000,0.006,0.000
52.8111,528,0,move,-1,52.8111,52.8619,0,0.000,-0.088,0.176,-0.176,-0.088,0.088,-0.264,-0.088,0.176,0.000,-0.176,-0.088,-0.088,-42.979,30.762,0.000,0.439,0.176,0.000,0.000,0.000,0.000,0.000,0.000,0.000,0.000,0.000,0.000,0.000,0.000,0.000,-42.955,30.587,0.000,0.000,0.000,0.000,0.0,11.30,32.0,0.000,0.000,0.000,0.000,0.000,0.000,0.000,0.000,0.000,0.000,0.000,0.000,0.000,0.000,0.000,0.000,0.000,0.000
52.9070,529,0,move,-1,52.9070,52.9171,0,0.000,-0.088,0.176,-0.176,-0.088,0.088,-0.264,-0.088,0.176,0.000,-0.176,-0.088,-0.088,-42.979,30.762,0.000,0.439,0.176,0.000,0.000,0.000,0.000,0.000,0.000,0.000,0.000,0.000,0.000,0.000,0.000,0.000,-42.955,30.587,0.000,0.000,0.000,0.000,0.0,11.30,32.0,0.000,0.000,0.000,0.000,0.000,0.000,0.000,0.000,0.000,0.000,0.000,0.000,0.000,0.000,0.000,0.000,0.000,0.000
53.0061,530,0,move,-1,53.0061,53.0183,0,0.000,-0.088,0.176,-0.176,-0.088,0.088,-0.264,-0.088,0.176,0.000,-0.176,-0.088,-0.088,-42.979,30.762,0.000,0.439,0.176,0.000,0.000,0.000,0.000,0.000,0.000,0.000,0.000,0.000,0.000,0.000,0.000,0.000,-42.955,30.587,0.000,0.000,0.000,0.006,2.4,11.30,32.0,0.000,0.000,0.000,0.006,0.000,0.000,0.000,0.000,0.000,0.000,0.000,0.000,0.000,0.000,0.006,0.000,0.006,0.006
53.1096,531,0,move,-1,53.1096,53.1203,0,0.000,-0.088,0.176,-0.176,-0.088,0.088,-0.264,-0.088,0.176,0.000,-0.176,-0.088,-0.088,-42.979,30.762,0.000,0.439,0.176,0.000,0.000,0.000,0.000,0.000,0.000,0.000,0.000,0.000,0.000,0.000,0.000,0.000,-42.955,30.587,0.000,0.000,0.000,0.006,2.4,11.30,32.0,0.000,0.000,0.000,0.006,0.000,0.000,0.000,0.000,0.000,0.000,0.000,0.000,0.000,0.000,0.006,0.000,0.006,0.000
53.2064,532,0,move,-1,53.2064,53.2195,0,0.000,-0.088,0.176,-0.176,-0.088,0.088,-0.264,-0.088,0.176,0.000,-0.176,-0.088,-0.088,-42.979,30.762,0.000,0.439,0.176,0.000,0.000,0.000,0.000,0.000,0.000,0.000,0.000,0.000,0.000,0.000,0.000,0.000,-42.955,30.587,0.000,0.000,0.000,0.006,2.4,11.30,32.0,0.000,0.000,0.000,0.006,0.000,0.000,0.000,0.000,0.000,0.000,0.000,0.000,0.000,0.000,0.006,0.000,0.006,0.000
53.3061,533,0,move,-1,53.3061,53.3229,0,0.000,-0.088,0.176,-0.176,-0.088,0.088,-0.264,-0.088,0.176,0.000,-0.176,-0.088,-0.088,-42.979,30.762,0.000,0.439,0.176,0.000,0.000,0.000,0.000,0.000,0.000,0.000,0.000,0.000,0.000,0.000,0.000,0.000,-42.955,30.587,0.000,0.000,0.000,0.013,4.8,11.30,31.0,0.000,0.000,0.006,0.006,0.000,0.000,0.000,0.000,0.006,0.000,0.006,0.000,0.000,0.000,0.006,0.000,0.013,0.000
53.4061,534,0,move,-1,53.4061,53.4191,0,0.000,-0.088,0.176,-0.176,-0.088,0.088,-0.264,-0.088,0.176,0.000,-0.176,-0.088,-0.088,-42.979,30.762,0.000,0.439,0.176,0.000,0.000,0.000,0.000,0.000,0.000,0.000,0.000,0.000,0.000,0.000,0.000,0.000,-42.955,30.587,0.000,0.000,0.000,0.013,4.8,11.30,31.0,0.000,0.000,0.006,0.006,0.000,0.000,0.000,0.000,0.006,0.000,0.006,0.000,0.000,0.000,0.006,0.000,0.013,0.000
53.5061,535,0,move,-1,53.5061,53.5161,0,0.000,-0.088,0.176,-0.176,-0.088,0.088,-0.264,-0.088,0.176,0.000,-0.176,-0.088,-0.088,-42.979,30.762,0.000,0.439,0.176,0.000,0.000,0.000,0.000,0.000,0.000,0.000,0.000,0.000,0.000,0.000,0.000,0.000,-42.955,30.587,0.000,0.000,0.000,0.006,3.2,11.30,32.0,0.000,0.000,0.000,0.000,0.000,0.000,0.006,0.000,0.000,0.000,0.000,0.000,0.000,0.000,0.006,0.000,0.006,0.000
53.6061,536,0,move,-1,53.6061,53.6172,0,0.000,-0.088,0.176,-0.176,-0.088,0.088,-0.264,-0.088,0.176,0.000,-0.176,-0.088,-0.088,-42.979,30.762,0.000,0.439,0.176,0.000,0.000,0.000,0.000,0.000,0.000,0.000,0.000,0.000,0.000,0.000,0.000,0.000,-42.955,30.587,0.000,0.000,0.000,0.013,4.8,11.30,31.0,0.000,0.000,0.000,0.000,0.000,0.000,0.006,0.000,0.000,0.000,0.000,0.000,0.000,0.000,0.006,0.000,0.013,0.000
53.7061,537,0,move,-1,53.7061,53.7173,0,0.000,-0.088,0.176,-0.176,-0.088,0.088,-0.264,-0.088,0.176,0.000,-0.176,-0.088,-0.088,-42.979,30.762,0.000,0.439,0.176,0.000,0.000,0.000,0.000,0.000,0.000,0.000,0.000,0.000,0.000,0.000,0.000,0.000,-42.955,30.587,0.000,0.000,0.000,0.013,4.8,11.30,31.0,0.000,0.000,0.000,0.000,0.000,0.000,0.006,0.000,0.000,0.000,0.000,0.000,0.000,0.000,0.006,0.000,0.013,0.000
53.8063,538,0,move,-1,53.8063,53.8190,0,0.000,-0.088,0.176,-0.176,-0.088,0.088,-0.264,-0.088,0.176,0.000,-0.176,-0.088,-0.088,-42.979,30.762,0.000,0.439,0.176,0.000,0.000,0.000,0.000,0.000,0.000,0.000,0.000,0.000,0.000,0.000,0.000,0.000,-42.955,30.587,0.000,0.000,0.000,0.006,2.4,11.30,32.0,0.000,0.000,0.000,0.006,0.000,0.000,0.006,0.000,0.006,0.000,0.000,0.000,0.000,0.000,0.006,0.000,0.006,0.006
53.9063,539,0,move,-1,53.9063,53.9183,0,0.000,-0.088,0.176,-0.176,-0.088,0.088,-0.264,-0.088,0.176,0.000,-0.176,-0.088,-0.088,-42.979,30.762,0.000,0.439,0.176,0.000,0.000,0.000,0.000,0.000,0.000,0.000,0.000,0.000,0.000,0.000,0.000,0.000,-42.955,30.587,0.000,0.000,0.000,0.006,2.4,11.30,32.0,0.000,0.000,0.000,0.006,0.000,0.000,0.006,0.000,0.006,0.000,0.000,0.000,0.000,0.000,0.006,0.000,0.006,0.006
54.0063,540,0,move,-1,54.0063,54.0159,0,0.000,-0.088,0.176,-0.176,-0.088,0.088,-0.264,-0.088,0.176,0.000,-0.176,-0.088,-0.088,-42.979,30.762,0.000,0.439,0.176,0.000,0.000,0.000,0.000,0.000,0.000,0.000,0.000,0.000,0.000,0.000,0.000,0.000,-43.059,30.640,0.000,0.000,0.000,0.006,3.2,11.30,32.0,0.000,0.000,0.000,0.000,0.000,0.000,0.006,0.000,0.000,0.000,0.000,0.000,0.000,0.000,0.006,0.000,0.006,0.000
54.1063,541,0,move,-1,54.1063,54.1157,0,0.000,-0.088,0.176,-0.176,-0.088,0.088,-0.264,-0.088,0.176,0.000,-0.176,-0.088,-0.088,-42.979,30.762,0.000,0.439,0.176,0.000,0.000,0.000,0.000,0.000,0.000,0.000,0.000,0.000,0.000,0.000,0.000,0.000,-43.362,30.795,0.000,0.000,0.000,0.006,3.2,11.30,32.0,0.000,0.000,0.000,0.000,0.000,0.000,0.006,0.000,0.000,0.000,0.000,0.000,0.000,0.000,0.006,0.000,0.006,0.000
54.2088,542,0,move,-1,54.2088,54.2191,0,0.000,-0.088,0.176,-0.176,-0.088,0.088,-0.264,-0.088,0.176,0.000,-0.176,-0.088,-0.088,-43.154,30.762,0.000,0.439,0.176,0.000,0.000,0.000,0.000,0.000,0.000,0.000,0.000,0.000,0.000,0.000,0.000,0.000,-43.833,31.033,0.000,0.000,0.000,0.013,4.0,11.30,29.0,0.000,0.000,0.000,0.006,0.000,0.000,0.000,0.000,0.000,0.000,0.000,0.000,0.000,0.013,0.000,0.000,0.013,0.006
54.3061,543,0,move,-1,54.3061,54.3170,0,0.000,-0.088,0.176,-0.176,-0.088,0.088,-0.264,-0.088,0.176,0.000,-0.176,-0.088,-0.088,-43.418,30.850,0.000,0.439,0.176,0.000,0.000,0.000,0.000,0.000,0.000,0.000,0.000,0.000,0.000,0.000,0.000,0.000,-44.421,31.329,0.000,0.000,0.000,0.013,4.0,11.30,29.0,0.000,0.000,0.000,0.006,0.000,0.000,0.000,0.000,0.000,0.000,0.000,0.000,0.000,0.013,0.000,0.000,0.013,0.006
54.4061,544,0,move,-1,54.4061,54.4174,0,0.000,-0.088,0.176,-0.176,-0.088,0.088,-0.264,-0.088,0.176,0.000,-0.176,-0.088,-0.088,-43.594,31.201,0.000,0.439,0.176,0.000,0.000,0.000,0.000,0.000,0.000,0.000,0.000,0.000,0.000,0.000,0.000,0.000,-45.069,31.653,0.000,0.000,0.000,0.026,6.4,11.30,29.0,0.000,0.000,0.000,0.006,0.000,0.000,0.006,0.000,0.000,0.000,0.000,0.000,0.000,0.026,0.006,0.000,0.013,0.006
54.5111,545,0,move,-1,54.5111,54.5542,0,0.000,-0.088,0.176,-0.176,-0.088,0.088,-0.264,-0.088,0.176,0.000,-0.176,-0.088,-0.088,-44.385,31.641,0.000,0.439,0.176,0.000,0.000,0.000,0.000,0.000,0.000,0.000,0.000,0.000,0.000,0.000,0.000,0.000,-45.712,31.972,0.000,0.000,0.000,0.026,7.6,11.30,29.0,0.000,0.000,0.000,0.000,0.000,0.000,0.000,0.000,0.000,0.000,0.006,0.000,0.000,0.026,0.006,0.000,0.006,0.000
54.6064,546,0,move,-1,54.6064,54.6162,0,0.000,-0.088,0.176,-0.176,-0.088,0.088,-0.264,-0.088,0.176,0.000,-0.176,-0.088,-0.088,-44.824,31.729,0.000,0.439,0.176,0.000,0.000,0.000,0.000,0.000,0.000,0.000,0.000,0.000,0.000,0.000,0.000,0.000,-46.288,32.255,0.000,0.000,0.000,0.026,7.6,11.30,29.0,0.000,0.000,0.000,0.000,0.000,0.000,0.000,0.000,0.000,0.000,0.006,0.000,0.000,0.026,0.006,0.000,0.006,0.000
54.7063,547,0,move,-1,54.7063,54.7189,0,0.000,-0.088,0.176,-0.176,-0.088,0.088,-0.264,-0.088,0.176,0.000,-0.176,-0.088,-0.088,-45.527,32.080,0.000,0.439,0.176,0.000,0.000,0.000,0.000,0.000,0.000,0.000,0.000,0.000,0.000,0.000,0.000,0.000,-46.742,32.477,0.000,0.000,0.000,0.045,8.8,11.30,29.0,0.000,0.000,0.000,0.006,0.000,0.000,0.000,0.000,0.000,0.000,0.006,0.000,0.000,0.045,0.006,0.000,0.006,0.000
54.8071,548,0,move,-1,54.8071,54.8357,0,0.000,-0.088,0.176,-0.176,-0.088,0.088,-0.264,-0.088,0.176,0.000,-0.176,-0.088,-0.088,-46.143,32.520,0.000,0.439,0.176,0.000,0.000,0.000,0.000,0.000,0.000,0.000,0.000,0.000,0.000,0.000,0.000,0.000,-47.033,32.619,0.000,0.000,0.000,0.026,8.0,11.30,29.0,0.000,0.000,0.000,0.000,0.000,0.000,0.000,0.000,0.000,0.000,0.000,0.000,0.000,0.026,0.006,0.000,0.006,0.000
54.9070,549,0,move,-1,54.9070,54.9351,0,0.000,-0.088,0.176,-0.176,-0.088,0.088,-0.264,-0.088,0.176,0.000,-0.176,-0.088,-0.088,-46.406,32.520,0.000,0.439,0.176,0.000,0.000,0.000,0.000,0.000,0.000,0.000,0.000,0.000,0.000,0.000,0.000,0.000,-47.133,32.667,0.000,0.000,0.000,0.026,8.0,11.30,29.0,0.000,0.000,0.000,0.000,0.000,0.000,0.000,0.000,0.000,0.000,0.000,0.000,0.000,0.026,0.006,0.000,0.006,0.000
55.0061,550,0,move,-1,55.0061,55.0173,0,0.000,-0.088,0.176,-0.176,-0.088,0.088,-0.264,-0.088,0.176,0.000,-0.176,-0.088,-0.088,-46.406,32.520,0.000,0.439,0.176,0.000,0.000,0.000,0.000,0.000,0.000,0.000,0.000,0.000,0.000,0.000,0.000,0.000,-47.133,32.667,0.000,0.000,0.000,0.033,7.2,11.30,29.0,0.000,0.000,0.000,0.000,0.000,0.000,0.006,0.000,0.000,0.000,0.006,0.000,0.000,0.033,0.000,0.000,0.006,0.006
55.1061,551,0,move,-1,55.1061,55.1177,0,0.000,-0.088,0.176,-0.176,-0.088,0.088,-0.264,-0.088,0.176,0.000,-0.176,-0.088,-0.088,-46.406,32.695,0.000,0.439,0.176,0.000,0.000,0.000,0.000,0.000,0.000,0.000,0.000,0.000,0.000,0.000,0.000,0.000,-47.133,32.667,0.000,0.000,0.000,0.039,7.2,11.30,29.0,0.000,0.000,0.000,0.000,0.000,0.000,0.006,0.000,0.000,0.000,0.000,0.000,0.000,0.039,0.000,0.000,0.006,0.006
55.2061,552,0,move,-1,55.2061,55.2183,0,0.000,-0.088,0.176,-0.176,-0.088,0.088,-0.264,-0.088,0.176,0.000,-0.176,-0.088,-0.088,-46.406,32.695,0.000,0.439,0.176,0.000,0.000,0.000,0.000,0.000,0.000,0.000,0.000,0.000,0.000,0.000,0.000,0.000,-47.133,32.667,0.000,0.000,0.000,0.033,7.2,11.30,29.0,0.000,0.000,0.006,0.006,0.000,0.000,0.006,0.000,0.000,0.000,0.000,0.000,0.000,0.033,0.000,0.000,0.006,0.000
55.3061,553,0,move,-1,55.3061,55.3195,0,0.000,-0.088,0.176,-0.176,-0.088,0.088,-0.264,-0.088,0.176,0.000,-0.176,-0.088,-0.088,-46.406,32.695,0.000,0.439,0.176,0.000,0.000,0.000,0.000,0.000,0.000,0.000,0.000,0.000,0.000,0.000,0.000,0.000,-47.133,32.667,0.000,0.000,0.000,0.033,7.2,11.30,29.0,0.000,0.000,0.000,0.000,0.000,0.000,0.000,0.000,0.006,0.000,0.000,0.000,0.000,0.033,0.000,0.000,0.013,0.000
55.4061,554,0,move,-1,55.4061,55.4163,0,0.000,-0.088,0.176,-0.176,-0.088,0.088,-0.264,-0.088,0.176,0.000,-0.176,-0.088,-0.088,-46.406,32.695,0.000,0.439,0.176,0.000,0.000,0.000,0.000,0.000,0.000,0.000,0.000,0.000,0.000,0.000,0.000,0.000,-47.133,32.667,0.000,0.000,0.000,0.033,7.2,11.30,29.0,0.000,0.000,0.000,0.000,0.000,0.000,0.000,0.000,0.006,0.000,0.000,0.000,0.000,0.033,0.000,0.000,0.013,0.000
55.5061,555,0,move,-1,55.5061,55.5176,0,0.000,-0.088,0.176,-0.176,-0.088,0.088,-0.264,-0.088,0.176,0.000,-0.176,-0.088,-0.088,-46.406,32.695,0.000,0.439,0.176,0.000,0.000,0.000,0.000,0.000,0.000,0.000,0.000,0.000,0.000,0.000,0.000,0.000,-47.133,32.667,0.000,0.000,0.000,0.033,7.2,11.30,29.0,0.000,0.000,0.000,0.006,0.000,0.000,0.006,0.000,0.000,0.000,0.000,0.000,0.000,0.033,0.000,0.000,0.006,0.006
55.6061,556,0,move,-1,55.6061,55.6166,0,0.000,-0.088,0.176,-0.176,-0.088,0.088,-0.264,-0.088,0.176,0.000,-0.176,-0.088,-0.088,-46.494,32.695,0.000,0.439,0.176,0.000,0.000,0.000,0.000,0.000,0.000,0.000,0.000,0.000,0.000,0.000,0.000,0.000,-47.133,32.667,0.000,0.000,0.000,0.033,7.2,11.30,29.0,0.000,0.000,0.000,0.006,0.000,0.000,0.006,0.000,0.000,0.000,0.000,0.000,0.000,0.033,0.000,0.000,0.006,0.006
55.7061,557,0,move,-1,55.7061,55.7166,0,0.000,-0.088,0.176,-0.176,-0.088,0.088,-0.264,-0.088,0.176,0.000,-0.176,-0.088,-0.088,-46.494,32.695,0.000,0.439,0.176,0.000,0.000,0.000,0.000,0.000,0.000,0.000,0.000,0.000,0.000,0.000,0.000,0.000,-47.133,32.667,0.000,0.000,0.000,0.026,6.4,11.30,29.0,0.000,0.000,0.000,0.006,0.000,0.000,0.000,0.000,0.000,0.000,0.000,0.000,0.000,0.026,0.000,0.000,0.006,0.000
55.8061,558,0,move,-1,55.8061,55.8188,0,0.000,-0.088,0.176,-0.176,-0.088,0.088,-0.264,-0.088,0.176,0.000,-0.176,-0.088,-0.088,-46.494,32.695,0.000,0.439,0.176,0.000,0.000,0.000,0.000,0.000,0.000,0.000,0.000,0.000,0.000,0.000,0.000,0.000,-47.133,32.667,0.000,0.000,0.000,0.019,6.4,11.30,29.0,0.000,0.000,0.000,0.006,0.000,0.000,0.006,0.000,0.006,0.000,0.000,0.000,0.000,0.019,0.000,0.000,0.006,0.000
55.9061,559,0,move,-1,55.9061,55.9169,0,0.000,-0.088,0.176,-0.176,-0.088,0.088,-0.264,-0.088,0.176,0.000,-0.176,-0.088,-0.088,-46.494,32.695,0.000,0.439,0.176,0.000,0.000,0.000,0.000,0.000,0.000,0.000,0.000,0.000,0.000,0.000,0.000,0.000,-47.133,32.667,0.000,0.000,0.000,0.019,6.4,11.30,29.0,0.000,0.000,0.000,0.006,0.000,0.000,0.006,0.000,0.006,0.000,0.000,0.000,0.000,0.019,0.000,0.000,0.006,0.000
56.0113,560,0,move,-1,56.0113,56.1026,0,0.000,-0.088,0.176,-0.176,-0.088,0.088,-0.264,-0.088,0.176,0.000,-0.176,-0.088,-0.088,-46.494,32.695,0.000,0.439,0.176,0.000,0.000,0.000,0.000,0.000,0.000,0.000,0.000,0.000,0.000,0.000,0.000,0.000,-47.133,32.667,0.000,0.000,0.000,0.026,6.4,11.30,29.0,0.000,0.000,0.000,0.006,0.000,0.000,0.000,0.000,0.000,0.000,0.006,0.000,0.000,0.026,0.000,0.000,0.006,0.000
56.1086,561,0,move,-1,56.1086,56.1154,0,0.000,-0.088,0.176,-0.176,-0.088,0.088,-0.264,-0.088,0.176,0.000,-0.176,-0.088,-0.088,-46.494,32.695,0.000,0.439,0.176,0.000,0.000,0.000,0.000,0.000,0.000,0.000,0.000,0.000,0.000,0.000,0.000,0.000,-47.133,32.667,0.000,0.000,0.000,0.026,6.4,11.30,29.0,0.000,0.000,0.000,0.006,0.000,0.000,0.000,0.000,0.000,0.000,0.006,0.000,0.000,0.026,0.000,0.000,0.006,0.000
56.2090,562,0,move,-1,56.2090,56.2550,0,0.000,-0.088,0.176,-0.176,-0.088,0.088,-0.264,-0.088,0.176,0.000,-0.176,-0.088,-0.088,-46.494,32.695,0.000,0.439,0.176,0.000,0.000,0.000,0.000,0.000,0.000,0.000,0.000,0.000,0.000,0.000,0.000,0.000,-47.133,32.667,0.000,0.000,0.000,0.026,6.4,11.30,29.0,0.000,0.000,0.000,0.000,0.000,0.000,0.006,0.000,0.000,0.000,0.000,0.000,0.000,0.026,0.000,0.000,0.006,0.000
56.3062,563,0,move,-1,56.3062,56.3186,0,0.000,-0.088,0.176,-0.176,-0.088,0.088,-0.264,-0.088,0.176,0.000,-0.176,-0.088,-0.088,-46.494,32.695,0.000,0.439,0.176,0.000,0.000,0.000,0.000,0.000,0.000,0.000,0.000,0.000,0.000,0.000,0.000,0.000,-47.133,32.667,0.000,0.000,0.000,0.026,6.4,11.30,29.0,0.000,0.000,0.000,0.000,0.000,0.000,0.006,0.000,0.000,0.000,0.000,0.000,0.000,0.026,0.000,0.000,0.006,0.000
56.4061,564,0,move,-1,56.4061,56.4168,0,0.000,-0.088,0.176,-0.176,-0.088,0.088,-0.264,-0.088,0.176,0.000,-0.176,-0.088,-0.088,-46.494,32.695,0.000,0.439,0.176,0.000,0.000,0.000,0.000,0.000,0.000,0.000,0.000,0.000,0.000,0.000,0.000,0.000,-47.133,32.667,0.000,0.000,0.000,0.026,6.4,11.30,29.0,0.000,0.000,0.000,0.006,0.000,0.000,0.000,0.000,0.000,0.000,0.000,0.000,0.000,0.026,0.000,0.000,0.006,0.000
56.5061,565,0,move,-1,56.5061,56.5191,0,0.000,-0.088,0.176,-0.176,-0.088,0.088,-0.264,-0.088,0.176,0.000,-0.176,-0.088,-0.088,-46.494,32.695,0.000,0.439,0.176,0.000,0.000,0.000,0.000,0.000,0.000,0.000,0.000,0.000,0.000,0.000,0.000,0.000,-47.133,32.667,0.000,0.000,0.000,0.026,6.4,11.30,29.0,0.000,0.000,0.000,0.000,0.000,0.000,0.000,0.000,0.000,0.000,0.000,0.000,0.000,0.026,0.000,0.000,0.006,0.006
56.6061,566,0,move,-1,56.6061,56.6174,0,0.000,-0.088,0.176,-0.176,-0.088,0.088,-0.264,-0.088,0.176,0.000,-0.176,-0.088,-0.088,-46.494,32.695,0.000,0.439,0.176,0.000,0.000,0.000,0.000,0.000,0.000,0.000,0.000,0.000,0.000,0.000,0.000,0.000,-47.133,32.667,0.000,0.000,0.000,0.026,6.4,11.30,29.0,0.000,0.000,0.000,0.000,0.000,0.000,0.000,0.000,0.000,0.000,0.000,0.000,0.000,0.026,0.000,0.000,0.006,0.006
56.7063,567,0,move,-1,56.7063,56.7189,0,0.000,-0.088,0.176,-0.176,-0.088,0.088,-0.264,-0.088,0.176,0.000,-0.176,-0.088,-0.088,-46.494,32.695,0.000,0.439,0.176,0.000,0.000,0.000,0.000,0.000,0.000,0.000,0.000,0.000,0.000,0.000,0.000,0.000,-47.133,32.667,0.000,0.000,0.000,0.019,6.4,11.30,29.0,0.000,0.000,0.000,0.000,0.000,0.000,0.006,0.000,0.000,0.000,0.000,0.000,0.000,0.019,0.000,0.000,0.006,0.000
56.8063,568,0,move,-1,56.8063,56.8174,0,0.000,-0.088,0.176,-0.176,-0.088,0.088,-0.264,-0.088,0.176,0.000,-0.176,-0.088,-0.088,-46.494,32.695,0.000,0.439,0.176,0.000,0.000,0.000,0.000,0.000,0.000,0.000,0.000,0.000,0.000,0.000,0.000,0.000,-47.133,32.667,0.000,0.000,0.000,0.019,6.4,11.30,29.0,0.000,0.000,0.000,0.000,0.000,0.000,0.006,0.000,0.000,0.000,0.000,0.000,0.000,0.019,0.000,0.000,0.006,0.000
56.9063,569,0,move,-1,56.9063,56.9197,0,0.000,-0.088,0.176,-0.176,-0.088,0.088,-0.264,-0.088,0.176,0.000,-0.176,-0.088,-0.088,-46.494,32.695,0.000,0.439,0.176,0.000,0.000,0.000,0.000,0.000,0.000,0.000,0.000,0.000,0.000,0.000,0.000,0.000,-47.133,32.667,0.000,0.000,0.000,0.026,6.4,11.30,29.0,0.000,0.000,0.000,0.006,0.000,0.000,0.000,0.000,0.006,0.000,0.000,0.000,0.000,0.026,0.000,0.000,0.006,0.000
57.0063,570,0,move,-1,57.0063,57.0166,0,0.000,-0.088,0.176,-0.176,-0.088,0.088,-0.264,-0.088,0.176,0.000,-0.176,-0.088,-0.088,-46.494,32.695,0.000,0.439,0.176,0.000,0.000,0.000,0.000,0.000,0.000,0.000,0.000,0.000,0.000,0.000,0.000,0.000,-47.133,32.667,0.000,0.000,0.000,0.026,6.4,11.30,29.0,0.000,0.000,0.000,0.006,0.000,0.000,0.000,0.000,0.006,0.000,0.000,0.000,0.000,0.026,0.000,0.000,0.006,0.000
57.1063,571,0,move,-1,57.1063,57.1189,0,0.000,-0.088,0.176,-0.176,-0.088,0.088,-0.264,-0.088,0.176,0.000,-0.176,-0.088,-0.088,-46.494,32.695,0.000,0.439,0.176,0.000,0.000,0.000,0.000,0.000,0.000,0.000,0.000,0.000,0.000,0.000,0.000,0.000,-47.133,32.667,0.000,0.000,0.000,0.026,6.4,11.30,29.0,0.000,0.000,0.000,0.000,0.000,0.000,0.000,0.000,0.000,0.000,0.000,0.000,0.000,0.026,0.000,0.000,0.006,0.006
57.2063,572,0,move,-1,57.2063,57.2493,0,0.000,-0.088,0.176,-0.176,-0.088,0.088,-0.264,-0.088,0.176,0.000,-0.176,-0.088,-0.088,-46.494,32.695,0.000,0.439,0.176,0.000,0.000,0.000,0.000,0.000,0.000,0.000,0.000,0.000,0.000,0.000,0.000,0.000,-47.133,32.667,0.000,0.000,0.000,0.000,0.0,11.30,31.0,0.000,0.000,0.000,0.000,0.000,0.000,0.000,0.000,0.000,0.000,0.000,0.000,0.000,0.000,0.000,0.000,0.000,0.000
57.3061,573,0,move,-1,57.3061,57.3128,0,0.000,-0.088,0.176,-0.176,-0.088,0.088,-0.264,-0.088,0.176,0.000,-0.176,-0.088,-0.088,-46.494,32.695,0.000,0.439,0.176,0.000,0.000,0.000,0.000,0.000,0.000,0.000,0.000,0.000,0.000,0.000,0.000,0.000,-47.133,32.667,0.000,0.000,0.000,0.000,0.0,11.30,31.0,0.000,0.000,0.000,0.000,0.000,0.000,0.000,0.000,0.000,0.000,0.000,0.000,0.000,0.000,0.000,0.000,0.000,0.000
57.4063,574,0,move,-1,57.4063,57.4189,0,0.000,-0.088,0.176,-0.176,-0.088,0.088,-0.264,-0.088,0.176,0.000,-0.176,-0.088,-0.088,-46.494,32.695,0.000,0.439,0.176,0.000,0.000,0.000,0.000,0.000,0.000,0.000,0.000,0.000,0.000,0.000,0.000,0.000,-47.133,32.667,0.000,0.000,0.000,0.026,6.4,11.30,29.0,0.000,0.000,0.000,0.006,0.000,0.000,0.006,0.000,0.006,0.000,0.000,0.000,0.000,0.026,0.000,0.000,0.006,0.000
57.5061,575,0,move,-1,57.5061,57.5177,0,0.000,-0.088,0.176,-0.176,-0.088,0.088,-0.264,-0.088,0.176,0.000,-0.176,-0.088,-0.088,-46.494,32.695,0.000,0.439,0.176,0.000,0.000,0.000,0.000,0.000,0.000,0.000,0.000,0.000,0.000,0.000,0.000,0.000,-47.133,32.667,0.000,0.000,0.000,0.026,6.4,11.30,29.0,0.000,0.000,0.000,0.006,0.000,0.000,0.006,0.000,0.006,0.000,0.000,0.000,0.000,0.026,0.000,0.000,0.006,0.000
57.6061,576,0,move,-1,57.6061,57.6178,0,0.000,-0.088,0.176,-0.176,-0.088,0.088,-0.264,-0.088,0.176,0.000,-0.176,-0.088,-0.088,-46.494,32.695,0.000,0.439,0.176,0.000,0.000,0.000,0.000,0.000,0.000,0.000,0.000,0.000,0.000,0.000,0.000,0.000,-47.133,32.667,0.000,0.000,0.000,0.026,6.4,11.30,29.0,0.000,0.000,0.000,0.000,0.000,0.000,0.006,0.000,0.000,0.000,0.000,0.000,0.000,0.026,0.000,0.000,0.006,0.006
57.7063,577,0,move,-1,57.7063,57.7170,0,0.000,-0.088,0.176,-0.176,-0.088,0.088,-0.264,-0.088,0.176,0.000,-0.176,-0.088,-0.088,-46.494,32.695,0.000,0.439,0.176,0.000,0.000,0.000,0.000,0.000,0.000,0.000,0.000,0.000,0.000,0.000,0.000,0.000,-47.133,32.667,0.000,0.000,0.000,0.026,6.4,11.30,29.0,0.000,0.000,0.000,0.000,0.000,0.000,0.006,0.000,0.000,0.000,0.000,0.000,0.000,0.026,0.000,0.000,0.006,0.006
57.8061,578,0,move,-1,57.8061,57.8170,0,0.000,-0.088,0.176,-0.176,-0.088,0.088,-0.264,-0.088,0.176,0.000,-0.176,-0.088,-0.088,-46.494,32.695,0.000,0.439,0.176,0.000,0.000,0.000,0.000,0.000,0.000,0.000,0.000,0.000,0.000,0.000,0.000,0.000,-47.133,32.667,0.000,0.000,0.000,0.033,6.4,11.30,29.0,0.000,0.000,0.000,0.000,0.000,0.000,0.000,0.000,0.006,0.000,0.000,0.000,0.000,0.033,0.000,0.000,0.006,0.006
57.9063,579,0,move,-1,57.9063,57.9155,0,0.000,-0.088,0.176,-0.176,-0.088,0.088,-0.264,-0.088,0.176,0.000,-0.176,-0.088,-0.088,-46.494,32.695,0.000,0.439,0.176,0.000,0.000,0.000,0.000,0.000,0.000,0.000,0.000,0.000,0.000,0.000,0.000,0.000,-47.133,32.667,0.000,0.000,0.000,0.033,6.4,11.30,29.0,0.000,0.000,0.000,0.000,0.000,0.000,0.000,0.000,0.006,0.000,0.000,0.000,0.000,0.033,0.000,0.000,0.006,0.006
58.0061,580,0,move,-1,58.0061,58.0170,0,0.000,-0.088,0.176,-0.176,-0.088,0.088,-0.264,-0.088,0.176,0.000,-0.176,-0.088,-0.088,-46.494,32.695,0.000,0.439,0.176,0.000,0.000,0.000,0.000,0.000,0.000,0.000,0.000,0.000,0.000,0.000,0.000,0.000,-47.233,32.716,0.000,0.000,0.000,0.033,6.4,11.30,29.0,0.000,0.000,0.000,0.006,0.000,0.000,0.006,0.000,0.006,0.000,0.000,0.000,0.000,0.033,0.000,0.000,0.013,0.006
58.1063,581,0,move,-1,58.1063,58.1303,0,0.000,-0.088,0.176,-0.176,-0.088,0.088,-0.264,-0.088,0.176,0.000,-0.176,-0.088,-0.088,-46.494,32.695,0.000,0.439,0.176,0.000,0.000,0.000,0.000,0.000,0.000,0.000,0.000,0.000,0.000,0.000,0.000,0.000,-47.522,32.856,0.000,0.000,0.000,0.039,7.2,11.30,29.0,0.000,0.000,0.000,0.006,0.000,0.000,0.006,0.000,0.006,0.000,0.000,0.000,0.000,0.039,0.000,0.000,0.006,0.000
58.2061,582,0,move,-1,58.2061,58.2194,0,0.000,-0.088,0.176,-0.176,-0.088,0.088,-0.264,-0.088,0.176,0.000,-0.176,-0.088,-0.088,-46.934,32.695,0.000,0.439,0.176,0.000,0.000,0.000,0.000,0.000,0.000,0.000,0.000,0.000,0.000,0.000,0.000,0.000,-47.971,33.071,0.000,0.000,0.000,0.039,7.2,11.30,29.0,0.000,0.000,0.000,0.006,0.000,0.000,0.006,0.000,0.006,0.000,0.000,0.000,0.000,0.039,0.000,0.000,0.006,0.000
58.3063,583,0,move,-1,58.3063,58.3175,0,0.000,-0.088,0.176,-0.176,-0.088,0.088,-0.264,-0.088,0.176,0.000,-0.176,-0.088,-0.088,-47.021,32.871,0.000,0.439,0.176,0.000,0.000,0.000,0.000,0.000,0.000,0.000,0.000,0.000,0.000,0.000,0.000,0.000,-48.535,33.340,0.000,0.000,0.000,0.033,8.0,11.30,29.0,0.000,0.000,0.000,0.000,0.000,0.000,0.006,0.000,0.000,0.000,0.000,0.000,0.000,0.033,0.006,0.000,0.013,0.000
58.4061,584,0,move,-1,58.4061,58.4200,0,0.000,-0.088,0.176,-0.176,-0.088,0.088,-0.264,-0.088,0.176,0.000,-0.176,-0.088,-0.088,-47.725,33.223,0.000,0.439,0.176,0.000,0.000,0.000,0.000,0.000,0.000,0.000,0.000,0.000,0.000,0.000,0.000,0.000,-49.154,33.634,0.000,0.000,0.000,0.045,8.4,11.30,29.0,0.000,0.000,0.000,0.000,0.000,0.000,0.006,0.000,0.000,0.000,0.006,0.000,0.000,0.045,0.000,0.000,0.006,0.006
58.5063,585,0,move,-1,58.5063,58.5202,0,0.000,-0.088,0.176,-0.176,-0.088,0.088,-0.264,-0.088,0.176,0.000,-0.176,-0.088,-0.088,-48.428,33.574,0.000,0.439,0.176,0.000,0.000,0.000,0.000,0.000,0.000,0.000,0.000,0.000,0.000,0.000,0.000,0.000,-49.772,33.924,0.000,0.000,0.000,0.026,6.4,11.30,29.0,0.000,0.000,0.000,0.000,0.000,0.000,0.006,0.000,0.006,0.000,0.006,0.000,0.000,0.026,0.000,0.000,0.006,0.006
58.6071,586,0,move,-1,58.6071,58.6285,0,0.000,-0.088,0.176,-0.176,-0.088,0.088,-0.264,-0.088,0.176,0.000,-0.176,-0.088,-0.088,-49.043,33.926,0.000,0.439,0.176,0.000,0.000,0.000,0.000,0.000,0.000,0.000,0.000,0.000,0.000,0.000,0.000,0.000,-50.327,34.182,0.000,0.000,0.000,0.026,6.4,11.30,29.0,0.000,0.000,0.000,0.000,0.000,0.000,0.006,0.000,0.000,0.000,0.006,0.000,0.000,0.026,0.000,0.000,0.006,0.006
58.7061,587,0,move,-1,58.7061,58.7140,0,0.000,-0.088,0.176,-0.176,-0.088,0.088,-0.264,-0.088,0.176,0.000,-0.176,-0.088,-0.088,-49.570,34.014,0.000,0.439,0.176,0.000,0.000,0.000,0.000,0.000,0.000,0.000,0.000,0.000,0.000,0.000,0.000,0.000,-50.765,34.384,0.000,0.000,0.000,0.026,6.4,11.30,29.0,0.000,0.000,0.000,0.000,0.000,0.000,0.006,0.000,0.000,0.000,0.006,0.000,0.000,0.026,0.000,0.000,0.006,0.006
58.8061,588,0,move,-1,58.8061,58.8169,0,0.000,-0.088,0.176,-0.176,-0.088,0.088,-0.264,-0.088,0.176,0.000,-0.176,-0.088,-0.088,-50.273,34.365,0.000,0.439,0.176,0.000,0.000,0.000,0.000,0.000,0.000,0.000,0.000,0.000,0.000,0.000,0.000,0.000,-51.045,34.512,0.000,0.000,0.000,0.033,7.2,11.30,29.0,0.000,0.000,0.000,0.006,0.000,0.000,0.000,0.000,0.000,0.000,0.000,0.000,0.000,0.033,0.006,0.000,0.013,0.000
58.9061,589,0,move,-1,58.9061,58.9154,0,0.000,-0.088,0.176,-0.176,-0.088,0.088,-0.264,-0.088,0.176,0.000,-0.176,-0.088,-0.088,-50.537,34.453,0.000,0.439,0.176,0.000,0.000,0.000,0.000,0.000,0.000,0.000,0.000,0.000,0.000,0.000,0.000,0.000,-51.141,34.556,0.000,0.000,0.000,0.033,7.2,11.30,29.0,0.000,0.000,0.000,0.006,0.000,0.000,0.000,0.000,0.000,0.000,0.000,0.000,0.000,0.033,0.006,0.000,0.013,0.000
59.0061,590,0,move,-1,59.0061,59.0168,0,0.000,-0.088,0.176,-0.176,-0.088,0.088,-0.264,-0.088,0.176,0.000,-0.176,-0.088,-0.088,-50.713,34.541,0.000,0.439,0.176,0.000,0.000,0.000,0.000,0.000,0.000,0.000,0.000,0.000,0.000,0.000,0.000,0.000,-51.141,34.556,0.000,0.000,0.000,0.019,6.0,11.30,29.0,0.000,0.000,0.006,0.000,0.000,0.000,0.006,0.000,0.000,0.000,0.000,0.000,0.000,0.019,0.000,0.000,0.006,0.000
59.1061,591,0,move,-1,59.1061,59.1162,0,0.000,-0.088,0.176,-0.176,-0.088,0.088,-0.264,-0.088,0.176,0.000,-0.176,-0.088,-0.088,-50.713,34.541,0.000,0.439,0.176,0.000,0.000,0.000,0.000,0.000,0.000,0.000,0.000,0.000,0.000,0.000,0.000,0.000,-51.141,34.556,0.000,0.000,0.000,0.019,6.0,11.30,29.0,0.000,0.000,0.006,0.000,0.000,0.000,0.006,0.000,0.000,0.000,0.000,0.000,0.000,0.019,0.000,0.000,0.006,0.000
59.2061,592,0,move,-1,59.2061,59.2171,0,0.000,-0.088,0.176,-0.176,-0.088,0.088,-0.264,-0.088,0.176,0.000,-0.176,-0.088,-0.088,-50.713,34.541,0.000,0.439,0.176,0.000,0.000,0.000,0.000,0.000,0.000,0.000,0.000,0.000,0.000,0.000,0.000,0.000,-51.141,34.556,0.000,0.000,0.000,0.019,4.8,11.30,29.0,,0.000,0.006,0.000,0.000,0.000,0.000,0.000,0.000,0.000,0.006,0.000,0.000,0.019,0.000,0.000,0.006,0.000
59.3063,593,0,move,-1,59.3063,59.3188,0,0.000,-0.088,0.176,-0.176,-0.088,0.088,-0.264,-0.088,0.176,0.000,-0.176,-0.088,-0.088,-50.713,34.541,0.000,0.439,0.176,0.000,0.000,0.000,0.000,0.000,0.000,0.000,0.000,0.000,0.000,0.000,0.000,0.000,-51.141,34.556,0.000,0.000,0.000,0.013,4.8,11.30,29.0,0.000,0.000,0.000,0.000,0.000,0.000,0.000,0.000,0.000,0.000,0.006,0.000,0.000,0.013,0.000,0.000,0.006,0.006
59.4063,594,0,move,-1,59.4063,59.4179,0,0.000,-0.088,0.176,-0.176,-0.088,0.088,-0.264,-0.088,0.176,0.000,-0.176,-0.088,-0.088,-50.713,34.541,0.000,0.439,0.176,0.000,0.000,0.000,0.000,0.000,0.000,0.000,0.000,0.000,0.000,0.000,0.000,0.000,-51.141,34.556,0.000,0.000,0.000,0.013,4.8,11.30,29.0,0.000,0.000,0.000,0.000,0.000,0.000,0.000,0.000,0.000,0.000,0.006,0.000,0.000,0.013,0.000,0.000,0.006,0.006
59.5063,595,0,move,-1,59.5063,59.5221,0,0.000,-0.088,0.176,-0.176,-0.088,0.088,-0.264,-0.088,0.176,0.000,-0.176,-0.088,-0.088,-50.713,34.541,0.000,0.439,0.176,0.000,0.000,0.000,0.000,0.000,0.000,0.000,0.000,0.000,0.000,0.000,0.000,0.000,-51.141,34.556,0.000,0.000,0.000,0.013,4.8,11.30,29.0,0.000,0.000,0.000,0.006,0.000,0.000,0.000,0.000,0.006,0.000,0.000,0.000,0.000,0.013,0.000,0.000,0.006,0.000
59.6085,596,0,move,-1,59.6085,59.6271,0,0.000,-0.088,0.176,-0.176,-0.088,0.088,-0.264,-0.088,0.176,0.000,-0.176,-0.088,-0.088,-50.801,34.541,0.000,0.439,0.176,0.000,0.000,0.000,0.000,0.000,0.000,0.000,0.000,0.000,0.000,0.000,0.000,0.000,-51.141,34.556,0.000,0.000,0.000,0.019,4.8,11.30,29.0,0.000,0.000,0.006,0.000,0.000,0.000,0.006,0.000,0.006,0.000,0.000,0.000,0.000,0.019,0.000,0.000,0.006,0.006
59.7061,597,0,move,-1,59.7061,59.7179,0,0.000,-0.088,0.176,-0.176,-0.088,0.088,-0.264,-0.088,0.176,0.000,-0.176,-0.088,-0.088,-50.801,34.541,0.000,0.439,0.176,0.000,0.000,0.000,0.000,0.000,0.000,0.000,0.000,0.000,0.000,0.000,0.000,0.000,-51.141,34.556,0.000,0.000,0.000,0.019,4.8,11.30,29.0,0.000,0.000,0.006,0.000,0.000,0.000,0.006,0.000,0.006,0.000,0.000,0.000,0.000,0.019,0.000,0.000,0.006,0.006
59.8061,598,0,move,-1,59.8061,59.8158,0,0.000,-0.088,0.176,-0.176,-0.088,0.088,-0.264,-0.088,0.176,0.000,-0.176,-0.088,-0.088,-50.801,34.541,0.000,0.439,0.176,0.000,0.000,0.000,0.000,0.000,0.000,0.000,0.000,0.000,0.000,0.000,0.000,0.000,-51.141,34.556,0.000,0.000,0.000,0.013,4.0,11.30,29.0,0.000,0.000,0.006,0.006,0.000,0.000,0.006,0.000,0.000,0.000,0.000,0.000,0.006,0.013,0.000,0.000,0.006,0.006
59.9061,599,0,move,-1,59.9061,59.9177,0,0.000,-0.088,0.176,-0.176,-0.088,0.088,-0.264,-0.088,0.176,0.000,-0.176,-0.088,-0.088,-50.801,34.541,0.000,0.439,0.176,0.000,0.000,0.000,0.000,0.000,0.000,0.000,0.000,0.000,0.000,0.000,0.000,0.000,-51.141,34.556,0.000,0.000,0.000,0.013,4.0,11.30,29.0,0.000,0.000,0.000,0.006,0.000,0.000,0.006,0.000,0.000,0.000,0.000,0.000,0.000,0.013,0.000,0.000,0.006,0.000
60.0063,600,0,move,-1,60.0063,60.0165,0,0.000,-0.088,0.176,-0.176,-0.088,0.088,-0.264,-0.088,0.176,0.000,-0.176,-0.088,-0.088,-50.801,34.541,0.000,0.439,0.176,0.000,0.000,0.000,0.000,0.000,0.000,0.000,0.000,0.000,0.000,0.000,0.000,0.000,-51.141,34.556,0.000,0.000,0.000,0.013,4.0,11.30,29.0,0.000,0.000,0.000,0.006,0.000,0.000,0.006,0.000,0.000,0.000,0.000,0.000,0.000,0.013,0.000,0.000,0.006,0.000
60.1061,601,0,move,-1,60.1061,60.1168,0,0.000,-0.088,0.176,-0.176,-0.088,0.088,-0.264,-0.088,0.176,0.000,-0.176,-0.088,-0.088,-50.801,34.541,0.000,0.439,0.176,0.000,0.000,0.000,0.000,0.000,0.000,0.000,0.000,0.000,0.000,0.000,0.000,0.000,-51.141,34.556,0.000,0.000,0.000,0.013,4.0,11.30,29.0,0.000,0.000,0.000,0.000,0.000,0.000,0.006,0.000,0.000,0.000,0.006,0.000,0.000,0.013,0.000,0.000,0.006,0.000
60.2077,602,0,move,-1,60.2077,60.2240,0,0.000,-0.088,0.176,-0.176,-0.088,0.088,-0.264,-0.088,0.176,0.000,-0.176,-0.088,-0.088,-50.801,34.541,0.000,0.439,0.176,0.000,0.000,0.000,0.000,0.000,0.000,0.000,0.000,0.000,0.000,0.000,0.000,0.000,-51.141,34.556,0.000,0.000,0.000,0.013,4.0,11.30,29.0,0.000,0.000,0.000,0.000,0.000,0.000,0.006,0.000,0.000,0.000,0.000,0.000,0.000,0.013,0.000,0.000,0.006,0.000
60.3063,603,0,move,-1,60.3063,60.3191,0,0.000,-0.088,0.176,-0.176,-0.088,0.088,-0.264,-0.088,0.176,0.000,-0.176,-0.088,-0.088,-50.801,34.541,0.000,0.439,0.176,0.000,0.000,0.000,0.000,0.000,0.000,0.000,0.000,0.000,0.000,0.000,0.000,0.000,-51.141,34.556,0.000,0.000,0.000,0.013,4.0,11.30,29.0,0.000,0.000,0.000,0.000,0.000,0.000,0.006,0.000,0.000,0.000,0.000,0.000,0.000,0.013,0.000,0.000,0.006,0.000
60.4063,604,0,move,-1,60.4063,60.4174,0,0.000,-0.088,0.176,-0.176,-0.088,0.088,-0.264,-0.088,0.176,0.000,-0.176,-0.088,-0.088,-50.801,34.541,0.000,0.439,0.176,0.000,0.000,0.000,0.000,0.000,0.000,0.000,0.000,0.000,0.000,0.000,0.000,0.000,-51.141,34.556,0.000,0.000,0.000,0.013,4.0,11.30,28.0,0.000,0.000,0.000,0.000,0.000,0.000,0.006,0.000,0.000,0.000,0.000,0.000,0.000,0.013,0.000,0.000,0.013,0.000
60.5061,605,0,move,-1,60.5061,60.5163,0,0.000,-0.088,0.176,-0.176,-0.088,0.088,-0.264,-0.088,0.176,0.000,-0.176,-0.088,-0.088,-50.801,34.541,0.000,0.439,0.176,0.000,0.000,0.000,0.000,0.000,0.000,0.000,0.000,0.000,0.000,0.000,0.000,0.000,-51.141,34.556,0.000,0.000,0.000,0.013,4.0,11.30,28.0,0.000,0.000,0.000,0.000,0.000,0.000,0.006,0.000,0.000,0.000,0.000,0.000,0.000,0.013,0.000,0.000,0.013,0.000
60.6061,606,0,move,-1,60.6061,60.6244,0,0.000,-0.088,0.176,-0.176,-0.088,0.088,-0.264,-0.088,0.176,0.000,-0.176,-0.088,-0.088,-50.801,34.541,0.000,0.439,0.176,0.000,0.000,0.000,0.000,0.000,0.000,0.000,0.000,0.000,0.000,0.000,0.000,0.000,-51.141,34.556,0.000,0.000,0.000,0.013,4.0,11.30,29.0,0.000,0.000,0.000,0.006,0.000,0.000,0.006,0.000,0.000,0.000,0.006,0.000,0.000,0.013,0.000,0.000,0.013,0.006
60.7063,607,0,move,-1,60.7063,60.7194,0,0.000,-0.088,0.176,-0.176,-0.088,0.088,-0.264,-0.088,0.176,0.000,-0.176,-0.088,-0.088,-50.801,34.541,0.000,0.439,0.176,0.000,0.000,0.000,0.000,0.000,0.000,0.000,0.000,0.000,0.000,0.000,0.000,0.000,-51.141,34.556,0.000,0.000,0.000,0.013,4.0,11.30,29.0,0.000,0.000,0.000,0.006,0.000,0.000,0.006,0.000,0.000,0.000,0.006,0.000,0.000,0.013,0.000,0.000,0.013,0.006
60.8064,608,0,move,-1,60.8064,60.8164,0,0.000,-0.088,0.176,-0.176,-0.088,0.088,-0.264,-0.088,0.176,0.000,-0.176,-0.088,-0.088,-50.801,34.541,0.000,0.439,0.176,0.000,0.000,0.000,0.000,0.000,0.000,0.000,0.000,0.000,0.000,0.000,0.000,0.000,-51.141,34.556,0.000,0.000,0.000,0.013,4.0,11.30,29.0,0.000,0.000,0.006,0.006,0.000,0.000,0.006,0.000,0.006,0.000,0.000,0.000,0.000,0.013,0.000,0.000,0.006,0.000
60.9061,609,0,move,-1,60.9061,60.9167,0,0.000,-0.088,0.176,-0.176,-0.088,0.088,-0.264,-0.088,0.176,0.000,-0.176,-0.088,-0.088,-50.801,34.541,0.000,0.439,0.176,0.000,0.000,0.000,0.000,0.000,0.000,0.000,0.000,0.000,0.000,0.000,0.000,0.000,-51.141,34.556,0.000,0.000,0.000,0.013,4.0,11.30,29.0,0.000,0.000,0.000,0.000,0.000,0.000,0.000,0.000,0.000,0.000,0.000,0.000,0.000,0.013,0.000,0.000,0.006,0.000
61.0063,610,0,move,-1,61.0063,61.0181,0,0.000,-0.088,0.176,-0.176,-0.088,0.088,-0.264,-0.088,0.176,0.000,-0.176,-0.088,-0.088,-50.801,34.541,0.000,0.439,0.176,0.000,0.000,0.000,0.000,0.000,0.000,0.000,0.000,0.000,0.000,0.000,0.000,0.000,-51.141,34.556,0.000,0.000,0.000,0.013,4.0,11.30,29.0,0.000,0.000,0.000,0.006,0.000,0.000,0.000,0.000,0.006,0.000,0.006,0.000,0.000,0.013,0.000,0.000,0.006,0.006
61.1063,611,0,move,-1,61.1063,61.1168,0,0.000,-0.088,0.176,-0.176,-0.088,0.088,-0.264,-0.088,0.176,0.000,-0.176,-0.088,-0.088,-50.801,34.541,0.000,0.439,0.176,0.000,0.000,0.000,0.000,0.000,0.000,0.000,0.000,0.000,0.000,0.000,0.000,0.000,-51.141,34.556,0.000,0.000,0.000,0.013,4.0,11.30,29.0,0.000,0.000,0.000,0.006,0.000,0.000,0.000,0.000,0.006,0.000,0.006,0.000,0.000,0.013,0.000,0.000,0.006,0.006
61.2063,612,0,move,-1,61.2063,61.2171,0,0.000,-0.088,0.176,-0.176,-0.088,0.088,-0.264,-0.088,0.176,0.000,-0.176,-0.088,-0.088,-50.801,34.541,0.000,0.439,0.176,0.000,0.000,0.000,0.000,0.000,0.000,0.000,0.000,0.000,0.000,0.000,0.000,0.000,-51.141,34.556,0.000,0.000,0.000,0.013,4.0,11.30,29.0,0.000,0.000,0.006,0.006,0.000,0.000,0.000,0.000,0.006,0.000,0.000,0.000,0.000,0.013,0.000,0.000,0.006,0.000
61.3061,613,0,move,-1,61.3061,61.3181,0,0.000,-0.088,0.176,-0.176,-0.088,0.088,-0.264,-0.088,0.176,0.000,-0.176,-0.088,-0.088,-50.801,34.541,0.000,0.439,0.176,0.000,0.000,0.000,0.000,0.000,0.000,0.000,0.000,0.000,0.000,0.000,0.000,0.000,-51.141,34.556,0.000,0.000,0.000,0.013,4.0,11.30,29.0,0.000,0.000,0.000,0.000,0.000,0.000,0.000,0.000,0.006,0.000,0.000,0.000,0.000,0.013,0.000,0.000,0.006,0.006
61.4063,614,0,move,-1,61.4063,61.4172,0,0.000,-0.088,0.176,-0.176,-0.088,0.088,-0.264,-0.088,0.176,0.000,-0.176,-0.088,-0.088,-50.537,34.541,0.000,0.439,0.176,0.000,0.000,0.000,0.000,0.000,0.000,0.000,0.000,0.000,0.000,0.000,0.000,0.000,-51.141,34.556,0.000,0.000,0.000,0.013,4.0,11.30,29.0,0.000,0.000,0.000,0.000,0.000,0.000,0.000,0.000,0.006,0.000,0.000,0.000,0.000,0.013,0.000,0.000,0.006,0.006
61.5097,615,0,move,-1,61.5097,61.5348,0,0.000,-0.088,0.176,-0.176,-0.088,0.088,-0.264,-0.088,0.176,0.000,-0.176,-0.088,-0.088,-50.801,34.541,0.000,0.439,0.176,0.000,0.000,0.000,0.000,0.000,0.000,0.000,0.000,0.000,0.000,0.000,0.000,0.000,-51.141,34.556,0.000,0.000,0.000,0.006,0.0,11.30,31.0,0.000,0.000,0.000,0.000,0.006,0.000,0.006,0.000,0.000,0.000,0.000,0.000,0.000,0.006,0.000,0.000,0.006,0.006
61.6157,616,0,move,-1,61.6157,61.6268,0,0.000,-0.088,0.176,-0.176,-0.088,0.088,-0.264,-0.088,0.176,0.000,-0.176,-0.088,-0.088,-50.801,34.541,0.000,0.439,0.176,0.000,0.000,0.000,0.000,0.000,0.000,0.000,0.000,0.000,0.000,0.000,0.000,0.000,-51.141,34.556,0.000,0.000,0.000,0.006,0.0,11.30,31.0,0.000,0.000,0.000,0.000,0.006,0.000,0.006,0.000,0.000,0.000,0.000,0.000,0.000,0.006,0.000,0.000,0.006,0.006
61.7061,617,0,move,-1,61.7061,61.7168,0,0.000,-0.088,0.176,-0.176,-0.088,0.088,-0.264,-0.088,0.176,0.000,-0.176,-0.088,-0.088,-50.801,34.541,0.000,0.439,0.176,0.000,0.000,0.000,0.000,0.000,0.000,0.000,0.000,0.000,0.000,0.000,0.000,0.000,-51.141,34.556,0.000,0.000,0.000,0.013,4.0,11.30,29.0,0.000,0.000,0.000,0.000,0.000,0.000,0.006,0.000,0.000,0.000,0.000,0.000,0.000,0.013,0.000,0.000,0.006,0.000
61.8061,618,0,move,-1,61.8061,61.8154,0,0.000,-0.088,0.176,-0.176,-0.088,0.088,-0.264,-0.088,0.176,0.000,-0.176,-0.088,-0.088,-50.801,34.541,0.000,0.439,0.176,0.000,0.000,0.000,0.000,0.000,0.000,0.000,0.000,0.000,0.000,0.000,0.000,0.000,-51.141,34.556,0.000,0.000,0.000,0.013,4.0,11.30,29.0,0.000,0.000,0.000,0.000,0.000,0.000,0.006,0.000,0.000,0.000,0.000,0.000,0.000,0.013,0.000,0.000,0.006,0.000
61.9061,619,0,move,-1,61.9061,61.9202,0,0.000,-0.088,0.176,-0.176,-0.088,0.088,-0.264,-0.088,0.176,0.000,-0.176,-0.088,-0.088,-50.801,34.541,0.000,0.439,0.176,0.000,0.000,0.000,0.000,0.000,0.000,0.000,0.000,0.000,0.000,0.000,0.000,0.000,-51.141,34.556,0.000,0.000,0.000,0.013,4.0,11.30,29.0,0.000,0.000,0.000,0.006,0.000,0.006,0.006,0.000,0.000,0.000,0.006,0.000,0.000,0.013,0.000,0.000,0.006,0.000
62.0113,620,0,move,-1,62.0113,62.0513,0,0.000,-0.088,0.176,-0.176,-0.088,0.088,-0.264,-0.088,0.176,0.000,-0.176,-0.088,-0.088,-50.801,34.541,0.000,0.439,0.176,0.000,0.000,0.000,0.000,0.000,0.000,0.000,0.000,0.000,0.000,0.000,0.000,0.000,-51.143,34.557,0.000,0.000,0.000,0.013,4.0,11.30,29.0,0.000,0.000,0.000,0.000,0.000,0.000,0.000,0.000,0.000,0.000,0.000,0.000,0.000,0.013,0.000,0.000,0.006,0.006
62.1061,621,0,move,-1,62.1061,62.1178,0,0.000,-0.088,0.176,-0.176,-0.088,0.088,-0.264,-0.088,0.176,0.000,-0.176,-0.088,-0.088,-50.801,34.541,0.000,0.439,0.176,0.000,0.000,0.000,0.000,0.000,0.000,0.000,0.000,0.000,0.000,0.000,0.000,0.000,-51.143,34.557,0.000,0.000,0.000,0.013,4.0,11.30,29.0,0.000,0.000,0.000,0.000,0.000,0.000,0.000,0.000,0.000,0.000,0.000,0.000,0.000,0.013,0.000,0.000,0.006,0.006
62.2063,622,0,move,-1,62.2063,62.2180,0,0.000,-0.088,0.176,-0.176,-0.088,0.088,-0.264,-0.088,0.176,0.000,-0.176,-0.088,-0.088,-50.801,34.541,0.000,0.439,0.176,0.000,0.000,0.000,0.000,0.000,0.000,0.000,0.000,0.000,0.000,0.000,0.000,0.000,-51.143,34.557,0.000,0.000,0.000,0.013,4.0,11.30,29.0,0.000,0.000,0.006,0.000,0.000,0.000,0.006,0.000,0.000,0.000,0.006,0.000,0.000,0.013,0.000,0.000,0.013,0.000
62.3204,623,0,move,-1,62.3204,62.3316,0,0.000,-0.088,0.176,-0.176,-0.088,0.088,-0.264,-0.088,0.176,0.000,-0.176,-0.088,-0.088,-50.801,34.541,0.000,0.439,0.176,0.000,0.000,0.000,0.000,0.000,0.000,0.000,0.000,0.000,0.000,0.000,0.000,0.000,-51.143,34.557,0.000,0.000,0.000,0.013,4.0,11.30,29.0,0.000,0.000,0.000,0.000,0.000,0.000,0.006,0.000,0.000,0.000,0.000,0.000,0.000,0.013,0.000,0.000,0.006,0.000
62.4063,624,0,move,-1,62.4063,62.4162,0,0.000,-0.088,0.176,-0.176,-0.088,0.088,-0.264,-0.088,0.176,0.000,-0.176,-0.088,-0.088,-50.801,34.541,0.000,0.439,0.176,0.000,0.000,0.000,0.000,0.000,0.000,0.000,0.000,0.000,0.000,0.000,0.000,0.000,-51.143,34.557,0.000,0.000,0.000,0.013,4.0,11.30,29.0,0.000,0.000,0.000,0.000,0.000,0.000,0.006,0.000,0.000,0.000,0.000,0.000,0.000,0.013,0.000,0.000,0.006,0.000
62.5061,625,0,move,-1,62.5061,62.5175,0,0.000,-0.088,0.176,-0.176,-0.088,0.088,-0.264,-0.088,0.176,0.000,-0.176,-0.088,-0.088,-50.801,34.541,0.000,0.439,0.176,0.000,0.000,0.000,0.000,0.000,0.000,0.000,0.000,0.000,0.000,0.000,0.000,0.000,-51.143,34.557,0.000,0.000,0.000,0.013,4.0,11.30,28.0,0.000,0.000,0.000,0.006,0.000,0.000,0.006,0.000,0.000,0.000,0.000,0.000,0.000,0.013,0.000,0.000,0.006,0.000
62.6067,626,0,move,-1,62.6067,62.6260,0,0.000,-0.088,0.176,-0.176,-0.088,0.088,-0.264,-0.088,0.176,0.000,-0.176,-0.088,-0.088,-50.801,34.541,0.000,0.439,0.176,0.000,0.000,0.000,0.000,0.000,0.000,0.000,0.000,0.000,0.000,0.000,0.000,0.000,-51.143,34.557,0.000,0.000,0.000,0.013,4.0,11.30,29.0,0.000,0.000,0.000,0.000,0.000,0.000,0.006,0.000,0.006,0.000,0.006,0.000,0.000,0.013,0.000,0.006,0.006,0.006
62.7062,627,0,move,-1,62.7062,62.7179,0,0.000,-0.088,0.176,-0.176,-0.088,0.088,-0.264,-0.088,0.176,0.000,-0.176,-0.088,-0.088,-50.801,34.541,0.000,0.439,0.176,0.000,0.000,0.000,0.000,0.000,0.000,0.000,0.000,0.000,0.000,0.000,0.000,0.000,-51.143,34.557,0.000,0.000,0.000,0.013,4.0,11.30,29.0,0.000,0.000,0.000,0.000,0.000,0.000,0.006,0.000,0.006,0.000,0.006,0.000,0.000,0.013,0.000,0.006,0.006,0.006
62.8063,628,0,move,-1,62.8063,62.8168,0,0.000,-0.088,0.176,-0.176,-0.088,0.088,-0.264,-0.088,0.176,0.000,-0.176,-0.088,-0.088,-50.801,34.541,0.000,0.439,0.176,0.000,0.000,0.000,0.000,0.000,0.000,0.000,0.000,0.000,0.000,0.000,0.000,0.000,-51.143,34.557,0.000,0.000,0.000,0.013,4.0,11.30,29.0,0.000,0.000,0.006,0.000,0.000,0.000,0.000,0.000,0.000,0.000,0.006,0.000,0.000,0.013,0.000,0.000,0.006,0.006
62.9061,629,0,move,-1,62.9061,62.9180,0,0.000,-0.088,0.176,-0.176,-0.088,0.088,-0.264,-0.088,0.176,0.000,-0.176,-0.088,-0.088,-50.801,34.541,0.000,0.439,0.176,0.000,0.000,0.000,0.000,0.000,0.000,0.000,0.000,0.000,0.000,0.000,0.000,0.000,-51.143,34.557,0.000,0.000,0.000,0.019,4.0,11.30,29.0,0.000,0.000,0.000,0.000,0.000,0.000,0.006,0.000,0.000,0.000,0.000,0.000,0.000,0.019,0.000,0.000,0.013,0.000
63.0063,630,0,move,-1,63.0063,63.0168,0,0.000,-0.088,0.176,-0.176,-0.088,0.088,-0.264,-0.088,0.176,0.000,-0.176,-0.088,-0.088,-50.801,34.541,0.000,0.439,0.176,0.000,0.000,0.000,0.000,0.000,0.000,0.000,0.000,0.000,0.000,0.000,0.000,0.000,-51.143,34.557,0.000,0.000,0.000,0.019,4.0,11.30,29.0,0.000,0.000,0.000,0.000,0.000,0.000,0.006,0.000,0.000,0.000,0.000,0.000,0.000,0.019,0.000,0.000,0.013,0.000
63.1063,631,0,move,-1,63.1063,63.1184,0,0.000,-0.088,0.176,-0.176,-0.088,0.088,-0.264,-0.088,0.176,0.000,-0.176,-0.088,-0.088,-50.801,34.541,0.000,0.439,0.176,0.000,0.000,0.000,0.000,0.000,0.000,0.000,0.000,0.000,0.000,0.000,0.000,0.000,-51.143,34.557,0.000,0.000,0.000,0.013,4.0,11.30,29.0,0.000,0.000,0.000,0.006,0.000,0.000,0.006,0.000,0.006,0.000,0.006,0.000,0.000,0.013,0.000,0.000,0.006,0.006
63.2071,632,0,move,-1,63.2071,63.2432,0,0.000,-0.088,0.176,-0.176,-0.088,0.088,-0.264,-0.088,0.176,0.000,-0.176,-0.088,-0.088,-50.801,34.541,0.000,0.439,0.176,0.000,0.000,0.000,0.000,0.000,0.000,0.000,0.000,0.000,0.000,0.000,0.000,0.000,-51.143,34.557,0.000,0.000,0.000,0.013,4.0,11.30,29.0,0.000,0.000,0.000,0.000,0.000,0.000,0.006,0.000,0.000,0.000,0.006,0.000,0.006,0.013,0.000,0.000,0.006,0.000
63.3062,633,0,move,-1,63.3062,63.3180,0,0.000,-0.088,0.176,-0.176,-0.088,0.088,-0.264,-0.088,0.176,0.000,-0.176,-0.088,-0.088,-50.801,34.541,0.000,0.439,0.176,0.000,0.000,0.000,0.000,0.000,0.000,0.000,0.000,0.000,0.000,0.000,0.000,0.000,-51.143,34.557,0.000,0.000,0.000,0.013,4.0,11.30,29.0,0.000,0.000,0.000,0.000,0.000,0.000,0.006,0.000,0.000,0.000,0.006,0.000,0.006,0.013,0.000,0.000,0.006,0.000
63.4061,634,0,move,-1,63.4061,63.4581,0,0.000,-0.088,0.176,-0.176,-0.088,0.088,-0.264,-0.088,0.176,0.000,-0.176,-0.088,-0.088,-50.801,34.541,0.000,0.439,0.176,0.000,0.000,0.000,0.000,0.000,0.000,0.000,0.000,0.000,0.000,0.000,0.000,0.000,-51.143,34.557,0.000,0.000,0.000,0.013,4.0,11.30,29.0,0.000,0.000,0.006,0.000,0.000,0.000,0.006,0.000,0.000,0.000,0.006,0.000,0.000,0.013,0.000,0.000,0.006,0.000
63.5061,635,0,move,-1,63.5061,63.5296,0,0.000,-0.088,0.176,-0.176,-0.088,0.088,-0.264,-0.088,0.176,0.000,-0.176,-0.088,-0.088,-50.801,34.541,0.000,0.439,0.176,0.000,0.000,0.000,0.000,0.000,0.000,0.000,0.000,0.000,0.000,0.000,0.000,0.000,-51.143,34.557,0.000,0.000,0.000,0.013,4.0,11.30,29.0,0.000,0.000,0.006,0.000,0.000,0.000,0.006,0.000,0.000,0.000,0.006,0.000,0.000,0.013,0.000,0.000,0.006,0.000
63.6064,636,0,move,-1,63.6064,63.6206,0,0.000,-0.088,0.176,-0.176,-0.088,0.088,-0.264,-0.088,0.176,0.000,-0.176,-0.088,-0.088,-50.801,34.541,0.000,0.439,0.176,0.000,0.000,0.000,0.000,0.000,0.000,0.000,0.000,0.000,0.000,0.000,0.000,0.000,-51.143,34.557,0.000,0.000,0.000,0.013,4.0,11.30,29.0,0.000,0.000,0.000,0.000,0.000,0.000,0.000,0.000,0.000,0.000,0.000,0.000,0.000,0.013,0.000,0.006,0.006,0.006
63.7063,637,0,move,-1,63.7063,63.7168,0,0.000,-0.088,0.176,-0.176,-0.088,0.088,-0.264,-0.088,0.176,0.000,-0.176,-0.088,-0.088,-50.801,34.541,0.000,0.439,0.176,0.000,0.000,0.000,0.000,0.000,0.000,0.000,0.000,0.000,0.000,0.000,0.000,0.000,-51.143,34.557,0.000,0.000,0.000,0.013,4.0,11.30,29.0,0.000,0.000,0.000,0.000,0.000,0.000,0.000,0.000,0.000,0.000,0.000,0.000,0.000,0.013,0.000,0.006,0.006,0.006
63.8061,638,0,move,-1,63.8061,63.8178,0,0.000,-0.088,0.176,-0.176,-0.088,0.088,-0.264,-0.088,0.176,0.000,-0.176,-0.088,-0.088,-50.801,34.541,0.000,0.439,0.176,0.000,0.000,0.000,0.000,0.000,0.000,0.000,0.000,0.000,0.000,0.000,0.000,0.000,-51.143,34.557,0.000,0.000,0.000,0.013,4.0,11.30,29.0,0.000,0.000,0.000,0.006,0.000,0.000,0.006,0.000,0.006,0.000,0.006,0.000,0.000,0.013,0.000,0.000,0.006,0.000
63.9062,639,0,move,-1,63.9062,63.9169,0,0.000,-0.088,0.176,-0.176,-0.088,0.088,-0.264,-0.088,0.176,0.000,-0.176,-0.088,-0.088,-50.801,34.541,0.000,0.439,0.176,0.000,0.000,0.000,0.000,0.000,0.000,0.000,0.000,0.000,0.000,0.000,0.000,0.000,-51.143,34.557,0.000,0.000,0.000,0.013,4.0,11.30,29.0,0.000,0.000,0.000,0.006,0.000,0.000,0.006,0.000,0.006,0.000,0.006,0.000,0.000,0.013,0.000,0.000,0.006,0.000
64.0063,640,0,move,-1,64.0063,64.0174,0,0.000,-0.088,0.176,-0.176,-0.088,0.088,-0.264,-0.088,0.176,0.000,-0.176,-0.088,-0.088,-50.801,34.541,0.000,0.439,0.176,0.000,0.000,0.000,0.000,0.000,0.000,0.000,0.000,0.000,0.000,0.000,0.000,0.000,-51.143,34.557,0.000,0.000,0.000,0.013,4.0,11.30,29.0,0.000,0.000,0.000,0.000,0.000,0.000,0.000,0.000,0.000,0.000,0.000,0.000,0.000,0.013,0.000,0.000,0.006,0.000
64.1063,641,0,move,-1,64.1063,64.1167,0,0.000,-0.088,0.176,-0.176,-0.088,0.088,-0.264,-0.088,0.176,0.000,-0.176,-0.088,-0.088,-50.801,34.541,0.000,0.439,0.176,0.000,0.000,0.000,0.000,0.000,0.000,0.000,0.000,0.000,0.000,0.000,0.000,0.000,-51.143,34.557,0.000,0.000,0.000,0.013,4.0,11.30,29.0,0.000,0.000,0.000,0.000,0.000,0.000,0.000,0.000,0.000,0.000,0.000,0.000,0.000,0.013,0.000,0.000,0.006,0.000
64.2063,642,0,move,-1,64.2063,64.2167,0,0.000,-0.088,0.176,-0.176,-0.088,0.088,-0.264,-0.088,0.176,0.000,-0.176,-0.088,-0.088,-50.801,34.541,0.000,0.439,0.176,0.000,0.000,0.000,0.000,0.000,0.000,0.000,0.000,0.000,0.000,0.000,0.000,0.000,-51.143,34.557,0.000,0.000,0.000,0.013,4.0,11.30,29.0,0.000,0.000,0.000,0.006,0.000,0.000,0.000,0.000,0.006,0.000,0.006,0.000,0.000,0.013,0.000,0.000,0.006,0.006
64.3063,643,0,move,-1,64.3063,64.3203,0,0.000,-0.088,0.176,-0.176,-0.088,0.088,-0.264,-0.088,0.176,0.000,-0.176,-0.088,-0.088,-50.801,34.541,0.000,0.439,0.176,0.000,0.000,0.000,0.000,0.000,0.000,0.000,0.000,0.000,0.000,0.000,0.000,0.000,-51.143,34.557,0.000,0.000,0.000,0.013,4.0,11.30,29.0,0.000,0.000,0.000,0.006,0.000,0.000,0.006,0.000,0.000,0.000,0.000,0.000,0.000,0.013,0.000,0.000,0.006,0.000
64.4061,644,0,move,-1,64.4061,64.4168,0,0.000,-0.088,0.176,-0.176,-0.088,0.088,-0.264,-0.088,0.176,0.000,-0.176,-0.088,-0.088,-50.801,34.541,0.000,0.439,0.176,0.000,0.000,0.000,0.000,0.000,0.000,0.000,0.000,0.000,0.000,0.000,0.000,0.000,-51.143,34.557,0.000,0.000,0.000,0.013,4.0,11.30,29.0,0.000,0.000,0.000,0.006,0.000,0.000,0.006,0.000,0.000,0.000,0.000,0.000,0.000,0.013,0.000,0.000,0.006,0.000
64.5063,645,0,move,-1,64.5063,64.5173,0,0.000,-0.088,0.176,-0.176,-0.088,0.088,-0.264,-0.088,0.176,0.000,-0.176,-0.088,-0.088,-50.801,34.541,0.000,0.439,0.176,0.000,0.000,0.000,0.000,0.000,0.000,0.000,0.000,0.000,0.000,0.000,0.000,0.000,-51.143,34.557,0.000,0.000,0.000,0.013,4.0,11.30,29.0,0.000,0.000,0.000,0.006,0.000,0.000,0.000,0.000,0.006,0.000,0.000,0.000,0.000,0.013,0.000,0.000,0.013,0.006
64.6063,646,0,move,-1,64.6063,64.6122,0,0.000,-0.088,0.176,-0.176,-0.088,0.088,-0.264,-0.088,0.176,0.000,-0.176,-0.088,-0.088,-50.801,34.541,0.000,0.439,0.176,0.000,0.000,0.000,0.000,0.000,0.000,0.000,0.000,0.000,0.000,0.000,0.000,0.000,-51.143,34.557,0.000,0.000,0.000,0.013,4.0,11.30,29.0,0.000,0.000,0.000,0.006,0.000,0.000,0.000,0.000,0.006,0.000,0.000,0.000,0.000,0.013,0.000,0.000,0.013,0.006
64.7061,647,0,move,-1,64.7061,64.7167,0,0.000,-0.088,0.176,-0.176,-0.088,0.088,-0.264,-0.088,0.176,0.000,-0.176,-0.088,-0.088,-50.801,34.541,0.000,0.439,0.176,0.000,0.000,0.000,0.000,0.000,0.000,0.000,0.000,0.000,0.000,0.000,0.000,0.000,-51.143,34.557,0.000,0.000,0.000,0.019,4.0,11.30,29.0,0.000,0.000,0.006,0.000,0.000,0.000,0.006,0.000,0.000,0.000,0.000,0.000,0.000,0.019,0.000,0.000,0.006,0.000
64.8063,648,0,move,-1,64.8063,64.8188,0,0.000,-0.088,0.176,-0.176,-0.088,0.088,-0.264,-0.088,0.176,0.000,-0.176,-0.088,-0.088,-50.801,34.541,0.000,0.439,0.176,0.000,0.000,0.000,0.000,0.000,0.000,0.000,0.000,0.000,0.000,0.000,0.000,0.000,-51.143,34.557,0.000,0.000,0.000,0.013,4.0,11.30,29.0,0.000,0.000,0.000,0.000,0.000,0.000,0.000,0.000,0.006,0.000,0.000,0.000,0.000,0.013,0.000,0.000,0.013,0.000
64.9063,649,0,move,-1,64.9063,64.9166,0,0.000,-0.088,0.176,-0.176,-0.088,0.088,-0.264,-0.088,0.176,0.000,-0.176,-0.088,-0.088,-50.801,34.541,0.000,0.439,0.176,0.000,0.000,0.000,0.000,0.000,0.000,0.000,0.000,0.000,0.000,0.000,0.000,0.000,-51.143,34.557,0.000,0.000,0.000,0.013,4.0,11.30,29.0,0.000,0.000,0.000,0.000,0.000,0.000,0.000,0.000,0.006,0.000,0.000,0.000,0.000,0.013,0.000,0.000,0.013,0.000
65.0063,650,0,move,-1,65.0063,65.0208,0,0.000,-0.088,0.176,-0.176,-0.088,0.088,-0.264,-0.088,0.176,0.000,-0.176,-0.088,-0.088,-50.801,34.541,0.000,0.439,0.176,0.000,0.000,0.000,0.000,0.000,0.000,0.000,0.000,0.000,0.000,0.000,0.000,0.000,-51.143,34.557,0.000,0.000,0.000,0.006,3.2,11.20,32.0,0.000,0.000,0.000,0.000,0.000,0.000,0.006,0.000,0.000,0.000,0.006,0.000,0.000,0.006,0.000,0.000,0.006,0.000
65.1125,651,0,move,-1,65.1125,65.1281,0,0.000,-0.088,0.176,-0.176,-0.088,0.088,-0.264,-0.088,0.176,0.000,-0.176,-0.088,-0.088,-50.801,34.541,0.000,0.439,0.176,0.000,0.000,0.000,0.000,0.000,0.000,0.000,0.000,0.000,0.000,0.000,0.000,0.000,-51.143,34.557,0.000,0.000,0.000,0.013,4.0,11.30,29.0,0.000,0.000,0.000,0.006,0.000,0.000,0.006,0.000,0.000,0.000,0.006,0.000,0.000,0.013,0.000,0.000,0.006,0.006
65.2062,652,0,move,-1,65.2062,65.2169,0,0.000,-0.088,0.176,-0.176,-0.088,0.088,-0.264,-0.088,0.176,0.000,-0.176,-0.088,-0.088,-50.801,34.541,0.000,0.439,0.176,0.000,0.000,0.000,0.000,0.000,0.000,0.000,0.000,0.000,0.000,0.000,0.000,0.000,-51.143,34.557,0.000,0.000,0.000,0.013,4.0,11.30,29.0,0.000,0.000,0.000,0.006,0.000,0.000,0.006,0.000,0.000,0.000,0.006,0.000,0.000,0.013,0.000,0.000,0.006,0.006
65.3061,653,0,move,-1,65.3061,65.3181,0,0.000,-0.088,0.176,-0.176,-0.088,0.088,-0.264,-0.088,0.176,0.000,-0.176,-0.088,-0.088,-50.801,34.541,0.000,0.439,0.176,0.000,0.000,0.000,0.000,0.000,0.000,0.000,0.000,0.000,0.000,0.000,0.000,0.000,-51.143,34.557,0.000,0.000,0.000,0.019,4.0,11.30,29.0,0.000,0.000,0.006,0.006,0.000,0.000,0.006,0.000,0.000,0.000,0.000,0.000,0.000,0.019,0.000,0.000,0.006,0.000
65.4061,654,0,move,-1,65.4061,65.4161,0,0.000,-0.088,0.176,-0.176,-0.088,0.088,-0.264,-0.088,0.176,0.000,-0.176,-0.088,-0.088,-50.801,34.541,0.000,0.439,0.176,0.000,0.000,0.000,0.000,0.000,0.000,0.000,0.000,0.000,0.000,0.000,0.000,0.000,-51.143,34.557,0.000,0.000,0.000,0.019,4.0,11.30,29.0,0.000,0.000,0.006,0.006,0.000,0.000,0.006,0.000,0.000,0.000,0.000,0.000,0.000,0.019,0.000,0.000,0.006,0.000
65.5063,655,0,move,-1,65.5063,65.5182,0,0.000,-0.088,0.176,-0.176,-0.088,0.088,-0.264,-0.088,0.176,0.000,-0.176,-0.088,-0.088,-50.801,34.541,0.000,0.439,0.176,0.000,0.000,0.000,0.000,0.000,0.000,0.000,0.000,0.000,0.000,0.000,0.000,0.000,-51.143,34.557,0.000,0.000,0.000,0.013,4.0,11.30,29.0,0.000,0.000,0.000,0.000,0.000,0.000,0.006,0.000,0.000,0.000,0.006,0.000,0.000,0.013,0.000,0.000,0.013,0.000
65.6061,656,0,move,-1,65.6061,65.6169,0,0.000,-0.088,0.176,-0.176,-0.088,0.088,-0.264,-0.088,0.176,0.000,-0.176,-0.088,-0.088,-50.801,34.541,0.000,0.439,0.176,0.000,0.000,0.000,0.000,0.000,0.000,0.000,0.000,0.000,0.000,0.000,0.000,0.000,-51.143,34.557,0.000,0.000,0.000,0.013,4.0,11.30,29.0,0.000,0.000,0.000,0.000,0.000,0.000,0.006,0.000,0.000,0.000,0.006,0.000,0.000,0.013,0.000,0.000,0.013,0.000
65.7061,657,0,move,-1,65.7061,65.7187,0,0.000,-0.088,0.176,-0.176,-0.088,0.088,-0.264,-0.088,0.176,0.000,-0.176,-0.088,-0.088,-50.801,34.541,0.000,0.439,0.176,0.000,0.000,0.000,0.000,0.000,0.000,0.000,0.000,0.000,0.000,0.000,0.000,0.000,-51.143,34.557,0.000,0.000,0.000,0.019,4.0,11.30,29.0,0.000,0.000,0.000,0.000,0.000,0.000,0.006,0.000,0.000,0.000,0.000,0.000,0.000,0.019,0.000,0.000,0.006,0.006
65.8061,658,0,move,-1,65.8061,65.8174,0,0.000,-0.088,0.176,-0.176,-0.088,0.088,-0.264,-0.088,0.176,0.000,-0.176,-0.088,-0.088,-50.801,34.541,0.000,0.439,0.176,0.000,0.000,0.000,0.000,0.000,0.000,0.000,0.000,0.000,0.000,0.000,0.000,0.000,-51.143,34.557,0.000,0.000,0.000,0.019,4.0,11.30,29.0,0.000,0.000,0.000,0.000,0.000,0.000,0.006,0.000,0.000,0.000,0.000,0.000,0.000,0.019,0.000,0.000,0.006,0.006
65.9061,659,0,move,-1,65.9061,65.9182,0,0.000,-0.088,0.176,-0.176,-0.088,0.088,-0.264,-0.088,0.176,0.000,-0.176,-0.088,-0.088,-50.801,34.541,0.000,0.439,0.176,0.000,0.000,0.000,0.000,0.000,0.000,0.000,0.000,0.000,0.000,0.000,0.000,0.000,-51.143,34.557,0.000,0.000,0.000,0.013,4.0,11.30,29.0,0.000,0.000,0.000,0.006,0.000,0.000,0.006,0.000,0.000,0.000,0.006,0.000,0.000,0.013,0.000,0.000,0.006,0.006
66.0098,660,0,move,-1,66.0098,66.0338,0,0.000,-0.088,0.176,-0.176,-0.088,0.088,-0.264,-0.088,0.176,0.000,-0.176,-0.088,-0.088,-50.801,34.541,0.000,0.439,0.176,0.000,0.000,0.000,0.000,0.000,0.000,0.000,0.000,0.000,0.000,0.000,0.000,0.000,-51.143,34.557,0.000,0.000,0.000,0.013,4.0,11.30,29.0,0.000,0.000,0.000,0.000,0.000,0.000,0.000,0.000,0.000,0.000,0.006,0.000,0.000,0.013,0.000,0.000,0.006,0.000
66.1158,661,0,move,-1,66.1158,66.1284,0,0.000,-0.088,0.176,-0.176,-0.088,0.088,-0.264,-0.088,0.176,0.000,-0.176,-0.088,-0.088,-50.801,34.541,0.000,0.439,0.176,0.000,0.000,0.000,0.000,0.000,0.000,0.000,0.000,0.000,0.000,0.000,0.000,0.000,-51.143,34.557,0.000,0.000,0.000,0.013,4.0,11.30,29.0,0.000,0.000,0.000,0.000,0.000,0.000,0.000,0.000,0.000,0.000,0.006,0.000,0.000,0.013,0.000,0.000,0.006,0.000
66.2061,662,0,move,-1,66.2061,66.2171,0,0.000,-0.088,0.176,-0.176,-0.088,0.088,-0.264,-0.088,0.176,0.000,-0.176,-0.088,-0.088,-50.801,34.541,0.000,0.439,0.176,0.000,0.000,0.000,0.000,0.000,0.000,0.000,0.000,0.000,0.000,0.000,0.000,0.000,-51.143,34.557,0.000,0.000,0.000,0.013,4.0,11.30,29.0,0.000,0.000,0.000,0.000,0.000,0.000,0.000,0.000,0.000,0.000,0.000,0.000,0.000,0.013,0.000,0.000,0.006,0.006
66.3061,663,0,move,-1,66.3061,66.3162,0,0.000,-0.088,0.176,-0.176,-0.088,0.088,-0.264,-0.088,0.176,0.000,-0.176,-0.088,-0.088,-50.801,34.541,0.000,0.439,0.176,0.000,0.000,0.000,0.000,0.000,0.000,0.000,0.000,0.000,0.000,0.000,0.000,0.000,-51.143,34.557,0.000,0.000,0.000,0.013,4.0,11.30,29.0,0.000,0.000,0.000,0.000,0.000,0.000,0.000,0.000,0.000,0.000,0.000,0.000,0.000,0.013,0.000,0.000,0.006,0.006
66.4061,664,0,move,-1,66.4061,66.4175,0,0.000,-0.088,0.176,-0.176,-0.088,0.088,-0.264,-0.088,0.176,0.000,-0.176,-0.088,-0.088,-50.801,34.541,0.000,0.439,0.176,0.000,0.000,0.000,0.000,0.000,0.000,0.000,0.000,0.000,0.000,0.000,0.000,0.000,-51.143,34.557,0.000,0.000,0.000,0.013,4.0,11.30,29.0,0.000,0.000,0.000,0.000,0.000,0.000,0.000,0.000,0.006,0.000,0.000,0.000,0.000,0.013,0.000,0.000,0.006,0.000
66.5061,665,0,move,-1,66.5061,66.5168,0,0.000,-0.088,0.176,-0.176,-0.088,0.088,-0.264,-0.088,0.176,0.000,-0.176,-0.088,-0.088,-50.801,34.541,0.000,0.439,0.176,0.000,0.000,0.000,0.000,0.000,0.000,0.000,0.000,0.000,0.000,0.000,0.000,0.000,-51.143,34.557,0.000,0.000,0.000,0.013,4.0,11.30,29.0,0.000,0.000,0.000,0.000,0.000,0.000,0.000,0.000,0.006,0.000,0.000,0.000,0.000,0.013,0.000,0.000,0.006,0.000
66.6061,666,0,move,-1,66.6061,66.6204,0,0.000,-0.088,0.176,-0.176,-0.088,0.088,-0.264,-0.088,0.176,0.000,-0.176,-0.088,-0.088,-50.801,34.541,0.000,0.439,0.176,0.000,0.000,0.000,0.000,0.000,0.000,0.000,0.000,0.000,0.000,0.000,0.000,0.000,-51.143,34.557,0.000,0.000,0.000,0.013,4.0,11.30,29.0,0.000,0.000,0.000,0.006,0.000,0.000,0.006,0.000,0.000,0.000,0.000,0.000,0.000,0.013,0.000,0.000,0.006,0.000
66.7061,667,0,move,-1,66.7061,66.7250,0,0.000,-0.088,0.176,-0.176,-0.088,0.088,-0.264,-0.088,0.176,0.000,-0.176,-0.088,-0.088,-50.801,34.541,0.000,0.439,0.176,0.000,0.000,0.000,0.000,0.000,0.000,0.000,0.000,0.000,0.000,0.000,0.000,0.000,-51.143,34.557,0.000,0.000,0.000,0.013,4.0,11.30,29.0,0.000,0.000,0.006,0.000,0.000,0.000,0.006,0.000,0.000,0.000,0.000,0.000,0.000,0.013,0.000,0.000,0.006,0.006
66.8063,668,0,move,-1,66.8063,66.8159,0,0.000,-0.088,0.176,-0.176,-0.088,0.088,-0.264,-0.088,0.176,0.000,-0.176,-0.088,-0.088,-50.801,34.541,0.000,0.439,0.176,0.000,0.000,0.000,0.000,0.000,0.000,0.000,0.000,0.000,0.000,0.000,0.000,0.000,-51.143,34.557,0.000,0.000,0.000,0.013,4.0,11.30,29.0,0.000,0.000,0.006,0.000,0.000,0.000,0.006,0.000,0.000,0.000,0.000,0.000,0.000,0.013,0.000,0.000,0.006,0.006
66.9063,669,0,move,-1,66.9063,66.9170,0,0.000,-0.088,0.176,-0.176,-0.088,0.088,-0.264,-0.088,0.176,0.000,-0.176,-0.088,-0.088,-50.801,34.541,0.000,0.439,0.176,0.000,0.000,0.000,0.000,0.000,0.000,0.000,0.000,0.000,0.000,0.000,0.000,0.000,-51.143,34.557,0.000,0.000,0.000,0.013,4.0,11.30,29.0,0.000,0.000,0.000,0.000,0.000,0.000,0.006,0.000,0.006,0.000,0.000,0.000,0.000,0.013,0.000,0.000,0.006,0.006
67.0063,670,0,move,-1,67.0063,67.0193,0,0.000,-0.088,0.176,-0.176,-0.088,0.088,-0.264,-0.088,0.176,0.000,-0.176,-0.088,-0.088,-50.801,34.541,0.000,0.439,0.176,0.000,0.000,0.000,0.000,0.000,0.000,0.000,0.000,0.000,0.000,0.000,0.000,0.000,-51.143,34.557,0.000,0.000,0.000,0.013,4.0,11.30,29.0,0.000,0.000,0.006,0.000,0.000,0.000,0.000,0.000,0.000,0.000,0.006,0.000,0.000,0.013,0.000,0.000,0.006,0.000
67.1061,671,0,move,-1,67.1061,67.1171,0,0.000,-0.088,0.176,-0.176,-0.088,0.088,-0.264,-0.088,0.176,0.000,-0.176,-0.088,-0.088,-50.801,34.541,0.000,0.439,0.176,0.000,0.000,0.000,0.000,0.000,0.000,0.000,0.000,0.000,0.000,0.000,0.000,0.000,-51.143,34.557,0.000,0.000,0.000,0.013,4.0,11.30,29.0,0.000,0.000,0.006,0.000,0.000,0.000,0.000,0.000,0.000,0.000,0.006,0.000,0.000,0.013,0.000,0.000,0.006,0.000
67.2077,672,0,move,-1,67.2077,67.2149,0,0.000,-0.088,0.176,-0.176,-0.088,0.088,-0.264,-0.088,0.176,0.000,-0.176,-0.088,-0.088,-50.801,34.541,0.000,0.439,0.176,0.000,0.000,0.000,0.000,0.000,0.000,0.000,0.000,0.000,0.000,0.000,0.000,0.000,-51.143,34.557,0.000,0.000,0.000,0.013,4.0,11.30,29.0,0.000,0.000,0.006,,0.000,0.000,0.006,0.000,0.006,0.000,0.000,0.000,0.000,0.013,0.000,0.000,0.006,0.006
67.3061,673,0,move,-1,67.3061,67.3179,0,0.000,-0.088,0.176,-0.176,-0.088,0.088,-0.264,-0.088,0.176,0.000,-0.176,-0.088,-0.088,-50.801,34.541,0.000,0.439,0.176,0.000,0.000,0.000,0.000,0.000,0.000,0.000,0.000,0.000,0.000,0.000,0.000,0.000,-51.143,34.557,0.000,0.000,0.000,0.013,4.0,11.30,29.0,0.000,0.000,0.000,0.006,0.000,0.000,0.006,0.000,0.000,0.000,0.000,0.000,0.000,0.013,0.000,0.000,0.013,0.000
67.4061,674,0,move,-1,67.4061,67.4163,0,0.000,-0.088,0.176,-0.176,-0.088,0.088,-0.264,-0.088,0.176,0.000,-0.176,-0.088,-0.088,-50.801,34.541,0.000,0.439,0.176,0.000,0.000,0.000,0.000,0.000,0.000,0.000,0.000,0.000,0.000,0.000,0.000,0.000,-51.143,34.557,0.000,0.000,0.000,0.013,4.0,11.30,29.0,0.000,0.000,0.000,0.006,0.000,0.000,0.006,0.000,0.000,0.000,0.000,0.000,0.000,0.013,0.000,0.000,0.013,0.000
67.5061,675,0,move,-1,67.5061,67.5168,0,0.000,-0.088,0.176,-0.176,-0.088,0.088,-0.264,-0.088,0.176,0.000,-0.176,-0.088,-0.088,-50.801,34.541,0.000,0.439,0.176,0.000,0.000,0.000,0.000,0.000,0.000,0.000,0.000,0.000,0.000,0.000,0.000,0.000,-51.143,34.557,0.000,0.000,0.000,0.013,4.0,11.30,29.0,0.000,0.000,0.000,0.000,0.000,0.000,0.006,0.000,0.000,0.000,0.000,0.000,0.006,0.013,0.000,0.000,0.013,0.000
67.6061,676,0,move,-1,67.6061,67.6166,0,0.000,-0.088,0.176,-0.176,-0.088,0.088,-0.264,-0.088,0.176,0.000,-0.176,-0.088,-0.088,-50.801,34.541,0.000,0.439,0.176,0.000,0.000,0.000,0.000,0.000,0.000,0.000,0.000,0.000,0.000,0.000,0.000,0.000,-51.143,34.557,0.000,0.000,0.000,0.013,4.0,11.30,29.0,0.000,0.000,0.000,0.000,0.000,0.000,0.006,0.000,0.000,0.000,0.000,0.000,0.006,0.013,0.000,0.000,0.013,0.000
67.7061,677,0,move,-1,67.7061,67.7236,0,0.000,-0.088,0.176,-0.176,-0.088,0.088,-0.264,-0.088,0.176,0.000,-0.176,-0.088,-0.088,-50.801,34.541,0.000,0.439,0.176,0.000,0.000,0.000,0.000,0.000,0.000,0.000,0.000,0.000,0.000,0.000,0.000,0.000,-51.143,34.557,0.000,0.000,0.000,0.013,4.0,11.30,29.0,0.000,0.000,0.000,0.000,0.000,0.000,0.000,0.000,0.000,0.000,0.006,0.000,0.000,0.013,0.000,0.000,0.006,0.006
67.8061,678,0,move,-1,67.8061,67.8167,0,0.000,-0.088,0.176,-0.176,-0.088,0.088,-0.264,-0.088,0.176,0.000,-0.176,-0.088,-0.088,-50.801,34.541,0.000,0.439,0.176,0.000,0.000,0.000,0.000,0.000,0.000,0.000,0.000,0.000,0.000,0.000,0.000,0.000,-51.143,34.557,0.000,0.000,0.000,0.013,4.0,11.30,29.0,0.000,0.000,0.000,0.000,0.000,0.000,0.000,0.000,0.000,0.000,0.006,0.000,0.000,0.013,0.000,0.000,0.006,0.006
67.9061,679,0,move,-1,67.9061,67.9183,0,0.000,-0.088,0.176,-0.176,-0.088,0.088,-0.264,-0.088,0.176,0.000,-0.176,-0.088,-0.088,-50.801,34.541,0.000,0.439,0.176,0.000,0.000,0.000,0.000,0.000,0.000,0.000,0.000,0.000,0.000,0.000,0.000,0.000,-51.143,34.557,0.000,0.000,0.000,0.013,4.0,11.30,29.0,0.000,0.000,0.000,0.000,0.000,0.000,0.006,0.000,0.006,0.000,0.000,0.000,0.000,0.013,0.000,0.000,0.006,0.006
68.0062,680,0,move,-1,68.0062,68.0166,0,0.000,-0.088,0.176,-0.176,-0.088,0.088,-0.264,-0.088,0.176,0.000,-0.176,-0.088,-0.088,-50.801,34.541,0.000,0.439,0.176,0.000,0.000,0.000,0.000,0.000,0.000,0.000,0.000,0.000,0.000,0.000,0.000,0.000,-51.143,34.557,0.000,0.000,0.000,0.013,4.0,11.30,29.0,0.000,0.000,0.000,0.000,0.000,0.000,0.006,0.000,0.006,0.000,0.000,0.000,0.000,0.013,0.000,0.000,0.006,0.006
68.1063,681,0,move,-1,68.1063,68.1193,0,0.000,-0.088,0.176,-0.176,-0.088,0.088,-0.264,-0.088,0.176,0.000,-0.176,-0.088,-0.088,-50.801,34.541,0.000,0.439,0.176,0.000,0.000,0.000,0.000,0.000,0.000,0.000,0.000,0.000,0.000,0.000,0.000,0.000,-51.143,34.557,0.000,0.000,0.000,0.013,4.0,11.30,29.0,0.000,0.000,0.000,0.000,0.000,0.000,0.000,0.000,0.000,0.000,0.006,0.000,0.000,0.013,0.000,0.000,0.006,0.006
68.2061,682,0,move,-1,68.2061,68.2192,0,0.000,-0.088,0.176,-0.176,-0.088,0.088,-0.264,-0.088,0.176,0.000,-0.176,-0.088,-0.088,-50.801,34.541,0.000,0.439,0.176,0.000,0.000,0.000,0.000,0.000,0.000,0.000,0.000,0.000,0.000,0.000,0.000,0.000,-51.143,34.557,0.000,0.000,0.000,0.013,4.0,11.30,29.0,0.000,0.000,0.000,0.000,0.000,0.000,0.000,0.000,0.000,0.000,0.006,0.000,0.000,0.013,0.000,0.000,0.006,0.006
68.3063,683,0,move,-1,68.3063,68.3166,0,0.000,-0.088,0.176,-0.176,-0.088,0.088,-0.264,-0.088,0.176,0.000,-0.176,-0.088,-0.088,-50.801,34.541,0.000,0.439,0.176,0.000,0.000,0.000,0.000,0.000,0.000,0.000,0.000,0.000,0.000,0.000,0.000,0.000,-51.143,34.557,0.000,0.000,0.000,0.013,4.0,11.30,29.0,0.000,0.000,0.000,0.006,0.000,0.000,0.006,0.000,0.000,0.000,0.000,0.000,0.000,0.013,0.000,0.000,0.006,0.006
68.4064,684,0,move,-1,68.4064,68.4176,0,0.000,-0.088,0.176,-0.176,-0.088,0.088,-0.264,-0.088,0.176,0.000,-0.176,-0.088,-0.088,-50.801,34.541,0.000,0.439,0.176,0.000,0.000,0.000,0.000,0.000,0.000,0.000,0.000,0.000,0.000,0.000,0.000,0.000,-51.143,34.557,0.000,0.000,0.000,0.013,4.0,11.30,29.0,0.000,0.000,0.006,0.006,0.000,0.000,0.006,0.000,0.006,0.000,0.000,0.000,0.000,0.013,0.000,0.000,0.006,0.006
68.5063,685,0,move,-1,68.5063,68.5179,0,0.000,-0.088,0.176,-0.176,-0.088,0.088,-0.264,-0.088,0.176,0.000,-0.176,-0.088,-0.088,-50.801,34.541,0.000,0.439,0.176,0.000,0.000,0.000,0.000,0.000,0.000,0.000,0.000,0.000,0.000,0.000,0.000,0.000,-51.143,34.557,0.000,0.000,0.000,0.013,4.0,11.30,29.0,0.000,0.000,0.000,0.000,0.000,0.000,0.006,0.000,0.006,0.000,0.006,0.000,0.000,0.013,0.000,0.000,0.006,0.006
68.6063,686,0,move,-1,68.6063,68.6194,0,0.000,-0.088,0.176,-0.176,-0.088,0.088,-0.264,-0.088,0.176,0.000,-0.176,-0.088,-0.088,-50.801,34.541,0.000,0.439,0.176,0.000,0.000,0.000,0.000,0.000,0.000,0.000,0.000,0.000,0.000,0.000,0.000,0.000,-51.143,34.557,0.000,0.000,0.000,0.013,4.0,11.30,29.0,0.000,0.000,0.000,0.006,0.000,0.000,0.006,0.000,0.000,0.000,0.000,0.000,0.000,0.013,0.000,0.000,0.013,0.000
68.7061,687,0,move,-1,68.7061,68.7123,0,0.000,-0.088,0.176,-0.176,-0.088,0.088,-0.264,-0.088,0.176,0.000,-0.176,-0.088,-0.088,-50.801,34.541,0.000,0.439,0.176,0.000,0.000,0.000,0.000,0.000,0.000,0.000,0.000,0.000,0.000,0.000,0.000,0.000,-51.143,34.557,0.000,0.000,0.000,0.013,4.0,11.30,29.0,0.000,0.000,0.000,0.006,0.000,0.000,0.006,0.000,0.000,0.000,0.000,0.000,0.000,0.013,0.000,0.000,0.013,0.000
68.8063,688,0,move,-1,68.8063,68.8176,0,0.000,-0.088,0.176,-0.176,-0.088,0.088,-0.264,-0.088,0.176,0.000,-0.176,-0.088,-0.088,-50.801,34.541,0.000,0.439,0.176,0.000,0.000,0.000,0.000,0.000,0.000,0.000,0.000,0.000,0.000,0.000,0.000,0.000,-51.143,34.557,0.000,0.000,0.000,0.013,4.0,11.30,29.0,0.000,0.000,0.000,0.006,0.000,0.000,0.006,0.000,0.006,0.000,0.000,0.000,0.000,0.013,0.000,0.000,0.006,0.006
68.9061,689,0,move,-1,68.9061,68.9191,0,0.000,-0.088,0.176,-0.176,-0.088,0.088,-0.264,-0.088,0.176,0.000,-0.176,-0.088,-0.088,-50.801,34.541,0.000,0.439,0.176,0.000,0.000,0.000,0.000,0.000,0.000,0.000,0.000,0.000,0.000,0.000,0.000,0.000,-51.143,34.557,0.000,0.000,0.000,0.013,4.0,11.30,29.0,0.000,0.000,0.006,0.006,0.000,0.000,0.006,0.000,0.000,0.000,0.006,0.000,0.000,0.013,0.000,0.000,0.006,0.000
69.0062,690,0,move,-1,69.0062,69.0173,0,0.000,-0.088,0.176,-0.176,-0.088,0.088,-0.264,-0.088,0.176,0.000,-0.176,-0.088,-0.088,-50.801,34.541,0.000,0.439,0.176,0.000,0.000,0.000,0.000,0.000,0.000,0.000,0.000,0.000,0.000,0.000,0.000,0.000,-51.143,34.557,0.000,0.000,0.000,0.013,4.0,11.30,29.0,0.000,0.000,0.006,0.006,0.000,0.000,0.006,0.000,0.000,0.000,0.006,0.000,0.000,0.013,0.000,0.000,0.006,0.000
69.1061,691,0,move,-1,69.1061,69.1157,0,0.000,-0.088,0.176,-0.176,-0.088,0.088,-0.264,-0.088,0.176,0.000,-0.176,-0.088,-0.088,-50.801,34.541,0.000,0.439,0.176,0.000,0.000,0.000,0.000,0.000,0.000,0.000,0.000,0.000,0.000,0.000,0.000,0.000,-51.143,34.557,0.000,0.000,0.000,0.013,4.0,11.30,29.0,0.000,0.000,0.000,0.006,0.000,0.000,0.006,0.000,0.000,0.000,0.000,0.000,0.000,0.013,0.000,0.000,0.013,0.006
69.2061,692,0,move,-1,69.2061,69.2170,0,0.000,-0.088,0.176,-0.176,-0.088,0.088,-0.264,-0.088,0.176,0.000,-0.176,-0.088,-0.088,-50.801,34.541,0.000,0.439,0.176,0.000,0.000,0.000,0.000,0.000,0.000,0.000,0.000,0.000,0.000,0.000,0.000,0.000,-51.143,34.557,0.000,0.000,0.000,0.013,4.0,11.30,29.0,0.000,0.000,0.000,0.006,0.000,0.000,0.006,0.000,0.000,0.000,0.000,0.000,0.000,0.013,0.000,0.000,0.013,0.006
69.3061,693,0,move,-1,69.3061,69.3161,0,0.000,-0.088,0.176,-0.176,-0.088,0.088,-0.264,-0.088,0.176,0.000,-0.176,-0.088,-0.088,-50.801,34.541,0.000,0.439,0.176,0.000,0.000,0.000,0.000,0.000,0.000,0.000,0.000,0.000,0.000,0.000,0.000,0.000,-51.143,34.557,0.000,0.000,0.000,0.013,4.0,11.30,29.0,0.000,0.000,0.000,0.006,0.000,0.000,0.006,0.000,0.000,0.000,0.000,0.000,0.000,0.013,0.000,0.000,0.013,0.006
69.4061,694,0,move,-1,69.4061,69.4172,0,0.000,-0.088,0.176,-0.176,-0.088,0.088,-0.264,-0.088,0.176,0.000,-0.176,-0.088,-0.088,-50.801,34.541,0.000,0.439,0.176,0.000,0.000,0.000,0.000,0.000,0.000,0.000,0.000,0.000,0.000,0.000,0.000,0.000,-51.143,34.557,0.000,0.000,0.000,0.013,4.0,11.30,29.0,0.000,0.000,0.000,0.006,0.000,0.000,0.006,0.000,0.000,0.000,0.006,0.000,0.000,0.013,0.000,0.000,0.006,0.000
69.5061,695,0,move,-1,69.5061,69.5163,0,0.000,-0.088,0.176,-0.176,-0.088,0.088,-0.264,-0.088,0.176,0.000,-0.176,-0.088,-0.088,-50.801,34.541,0.000,0.439,0.176,0.000,0.000,0.000,0.000,0.000,0.000,0.000,0.000,0.000,0.000,0.000,0.000,0.000,-51.143,34.557,0.000,0.000,0.000,0.013,4.0,11.30,29.0,0.000,0.000,0.000,0.006,0.000,0.000,0.006,0.000,0.000,0.000,0.006,0.000,0.000,0.013,0.000,0.000,0.006,0.000
69.6061,696,0,move,-1,69.6061,69.6169,0,0.000,-0.088,0.176,-0.176,-0.088,0.088,-0.264,-0.088,0.176,0.000,-0.176,-0.088,-0.088,-50.801,34.541,0.000,0.439,0.176,0.000,0.000,0.000,0.000,0.000,0.000,0.000,0.000,0.000,0.000,0.000,0.000,0.000,-51.143,34.557,0.000,0.000,0.000,0.013,4.0,11.30,29.0,0.000,0.000,0.000,0.000,0.000,0.000,0.006,0.000,0.000,0.000,0.000,0.000,0.000,0.013,0.000,0.000,0.006,0.000
69.7061,697,0,move,-1,69.7061,69.7184,0,0.000,-0.088,0.176,-0.176,-0.088,0.088,-0.264,-0.088,0.176,0.000,-0.176,-0.088,-0.088,-50.801,34.541,0.000,0.439,0.176,0.000,0.000,0.000,0.000,0.000,0.000,0.000,0.000,0.000,0.000,0.000,0.000,0.000,-51.143,34.557,0.000,0.000,0.000,0.013,4.0,11.30,29.0,0.000,0.000,0.000,0.000,0.000,0.000,0.006,0.000,0.006,0.000,0.006,0.000,0.000,0.013,0.000,0.000,0.006,0.000
69.8079,698,0,move,-1,69.8079,69.8500,0,0.000,-0.088,0.176,-0.176,-0.088,0.088,-0.264,-0.088,0.176,0.000,-0.176,-0.088,-0.088,-50.801,34.541,0.000,0.439,0.176,0.000,0.000,0.000,0.000,0.000,0.000,0.000,0.000,0.000,0.000,0.000,0.000,0.000,-51.143,34.557,0.000,0.000,0.000,0.013,4.0,11.30,28.0,0.000,0.000,0.000,0.006,0.000,0.000,0.006,0.000,0.006,0.000,0.000,0.000,0.000,0.013,0.000,0.000,0.006,0.000
69.9061,699,0,move,-1,69.9061,69.9117,0,0.000,-0.088,0.176,-0.176,-0.088,0.088,-0.264,-0.088,0.176,0.000,-0.176,-0.088,-0.088,-50.801,34.541,0.000,0.439,0.176,0.000,0.000,0.000,0.000,0.000,0.000,0.000,0.000,0.000,0.000,0.000,0.000,0.000,-51.143,34.557,0.000,0.000,0.000,0.013,4.0,11.30,28.0,0.000,0.000,0.000,0.006,0.000,0.000,0.006,0.000,0.006,0.000,0.000,0.000,0.000,0.013,0.000,0.000,0.006,0.000
70.0099,700,0,move,-1,70.0099,70.0278,0,0.000,-0.088,0.176,-0.176,-0.088,0.088,-0.264,-0.088,0.176,0.000,-0.176,-0.088,-0.088,-50.801,34.541,0.000,0.439,0.176,0.000,0.000,0.000,0.000,0.000,0.000,0.000,0.000,0.000,0.000,0.000,0.000,0.000,-51.087,34.527,0.000,0.000,0.000,0.013,4.0,11.30,29.0,0.000,0.000,0.006,0.000,0.000,0.000,0.000,0.000,0.000,0.000,0.000,0.000,0.000,0.013,0.000,0.000,0.006,0.000
70.1069,701,0,move,-1,70.1069,70.1190,0,0.000,-0.088,0.176,-0.176,-0.088,0.088,-0.264,-0.088,0.176,0.000,-0.176,-0.088,-0.088,-50.801,34.541,0.000,0.439,0.176,0.000,0.000,0.000,0.000,0.000,0.000,0.000,0.000,0.000,0.000,0.000,0.000,0.000,-50.920,34.437,0.000,0.000,0.000,0.013,4.0,11.30,29.0,0.000,0.000,0.006,0.000,0.000,0.000,0.000,0.000,0.000,0.000,0.000,0.000,0.000,0.013,0.000,0.000,0.006,0.000
70.2061,702,0,move,-1,70.2061,70.2187,0,0.000,-0.088,0.176,-0.176,-0.088,0.088,-0.264,-0.088,0.176,0.000,-0.176,-0.088,-0.088,-50.713,34.541,0.000,0.439,0.176,0.000,0.000,0.000,0.000,0.000,0.000,0.000,0.000,0.000,0.000,0.000,0.000,0.000,-50.644,34.286,0.000,0.000,0.000,0.013,4.8,11.30,31.0,0.000,0.000,0.000,0.000,0.000,0.000,0.006,0.000,0.000,0.000,0.000,0.000,0.000,0.000,0.000,0.000,0.013,0.006
70.3063,703,0,move,-1,70.3063,70.3209,0,0.000,-0.088,0.176,-0.176,-0.088,0.088,-0.264,-0.088,0.176,0.000,-0.176,-0.088,-0.088,-50.625,34.277,0.000,0.439,0.176,0.000,0.000,0.000,0.000,0.000,0.000,0.000,0.000,0.000,0.000,0.000,0.000,0.000,-50.260,34.076,0.000,0.000,0.000,0.013,3.6,11.30,29.0,0.000,,0.000,0.000,0.000,0.000,0.006,0.000,0.000,0.000,0.000,0.000,0.000,0.000,0.013,0.000,0.006,0.006
70.4062,704,0,move,-1,70.4062,70.4157,0,0.000,-0.088,0.176,-0.176,-0.088,0.088,-0.264,-0.088,0.176,0.000,-0.176,-0.088,-0.088,-50.537,34.189,0.000,0.439,0.176,0.000,0.000,0.000,0.000,0.000,0.000,0.000,0.000,0.000,0.000,0.000,0.000,0.000,-49.769,33.806,0.000,0.000,0.000,0.013,3.6,11.30,29.0,0.000,,0.000,0.000,0.000,0.000,0.006,0.000,0.000,0.000,0.000,0.000,0.000,0.000,0.013,0.000,0.006,0.006
70.5061,705,0,move,-1,70.5061,70.5173,0,0.000,-0.088,0.176,-0.176,-0.088,0.088,-0.264,-0.088,0.176,0.000,-0.176,-0.088,-0.088,-50.098,33.838,0.000,0.439,0.176,0.000,0.000,0.000,0.000,0.000,0.000,0.000,0.000,0.000,0.000,0.000,0.000,0.000,-49.176,33.476,0.000,0.000,0.000,0.013,3.6,11.30,29.0,0.000,0.000,0.000,0.006,0.000,0.000,0.006,0.000,0.000,0.000,0.000,0.000,0.000,0.013,0.013,0.000,0.006,0.006
70.6061,706,0,move,-1,70.6061,70.6233,0,0.000,-0.088,0.176,-0.176,-0.088,0.088,-0.264,-0.088,0.176,0.000,-0.176,-0.088,-0.088,-49.395,33.486,0.000,0.439,0.176,0.000,0.000,0.000,0.000,0.000,0.000,0.000,0.000,0.000,0.000,0.000,0.000,0.000,-48.483,33.087,0.000,0.000,0.000,0.013,4.0,11.30,29.0,0.000,0.000,0.000,0.000,0.000,0.000,0.000,0.000,0.006,0.000,0.006,0.000,0.000,0.013,0.013,0.000,0.006,0.006
70.7200,707,0,move,-1,70.7200,70.7431,0,0.000,-0.088,0.176,-0.176,-0.088,0.088,-0.264,-0.088,0.176,0.000,-0.176,-0.088,-0.088,-48.779,33.135,0.000,0.439,0.176,0.000,0.000,0.000,0.000,0.000,0.000,0.000,0.000,0.000,0.000,0.000,0.000,0.000,-47.696,32.641,0.000,0.000,0.000,0.019,4.8,11.30,29.0,0.000,0.000,0.000,0.000,0.000,,0.006,0.000,0.000,0.000,0.006,0.000,0.000,0.013,0.019,0.000,0.006,0.000
70.8063,708,0,move,-1,70.8063,70.8194,0,0.000,-0.088,0.176,-0.176,-0.088,0.088,-0.264,-0.088,0.176,0.000,-0.176,-0.088,-0.088,-48.252,32.695,0.000,0.439,0.176,0.000,0.000,0.000,0.000,0.000,0.000,0.000,0.000,0.000,0.000,0.000,0.000,0.000,-46.816,32.136,0.000,0.000,0.000,0.019,4.8,11.30,29.0,0.000,0.000,0.000,0.000,0.000,,0.006,0.000,0.000,0.000,0.006,0.000,0.000,0.013,0.019,0.000,0.006,0.000
70.9064,709,0,move,-1,70.9064,70.9202,0,0.000,-0.088,0.176,-0.176,-0.088,0.088,-0.264,-0.088,0.176,0.000,-0.176,-0.088,-0.088,-47.373,32.256,0.000,0.439,0.176,0.000,0.000,0.000,0.000,0.000,0.000,0.000,0.000,0.000,0.000,0.000,0.000,0.000,-45.851,31.576,0.000,0.000,0.000,0.013,4.8,11.30,29.0,0.000,0.000,0.000,0.000,0.000,0.000,0.006,0.000,0.000,0.000,0.000,0.000,0.000,0.013,0.006,0.000,0.006,0.006
71.0063,710,0,move,-1,71.0063,71.0178,0,0.000,-0.088,0.176,-0.176,-0.088,0.088,-0.264,-0.088,0.176,0.000,-0.176,-0.088,-0.088,-46.582,31.641,0.000,0.439,0.176,0.000,0.000,0.000,0.000,0.000,0.000,0.000,0.000,0.000,0.000,0.000,0.000,0.000,-44.803,30.959,0.000,0.000,0.000,0.013,4.8,11.30,29.0,0.000,0.000,0.000,0.000,0.000,0.000,0.006,0.000,0.000,0.000,0.000,0.000,0.000,0.013,0.006,0.000,0.006,0.006
71.1061,711,0,move,-1,71.1061,71.1163,0,0.000,-0.088,0.176,-0.176,-0.088,0.088,-0.264,-0.088,0.176,0.000,-0.176,-0.088,-0.088,-45.703,31.113,0.000,0.439,0.176,0.000,0.000,0.000,0.000,0.000,0.000,0.000,0.000,0.000,0.000,0.000,0.000,0.000,-43.680,30.289,0.000,0.000,0.000,0.013,4.0,11.30,29.0,0.000,0.000,0.000,0.006,0.000,0.000,0.000,0.000,0.000,0.000,0.000,0.000,0.000,0.013,0.000,0.000,0.006,0.006
71.2093,712,0,move,-1,71.2093,71.2219,0,0.000,-0.088,0.176,-0.176,-0.088,0.088,-0.264,-0.088,0.176,0.000,-0.176,-0.088,-0.088,-44.561,30.498,0.000,0.439,0.176,0.000,0.000,0.000,0.000,0.000,0.000,0.000,0.000,0.000,0.000,0.000,0.000,0.000,-42.487,29.567,0.000,0.000,0.000,0.026,6.0,11.30,29.0,0.000,0.000,0.000,0.000,0.000,0.000,0.006,0.000,0.006,0.000,0.000,0.000,0.000,0.026,0.006,0.000,0.013,0.000
71.3065,713,0,move,-1,71.3065,71.3468,0,0.000,-0.088,0.176,-0.176,-0.088,0.088,-0.264,-0.088,0.176,0.000,-0.176,-0.088,-0.088,-43.242,29.707,0.000,0.439,0.176,0.000,0.000,0.000,0.000,0.000,0.000,0.000,0.000,0.000,0.000,0.000,0.000,0.000,-41.228,28.795,0.000,0.000,0.000,0.013,5.6,11.30,29.0,0.000,0.000,0.000,0.000,0.000,0.000,0.006,0.000,0.006,0.000,0.006,0.000,0.000,0.013,0.013,0.000,0.013,0.000
71.4066,714,0,move,-1,71.4066,71.5272,0,0.000,-0.088,0.176,-0.176,-0.088,0.088,-0.264,-0.088,0.176,0.000,-0.176,-0.088,-0.088,-41.748,28.828,0.000,0.439,0.176,0.000,0.000,0.000,0.000,0.000,0.000,0.000,0.000,0.000,0.000,0.000,0.000,0.000,-39.910,27.976,0.000,0.000,0.000,0.013,4.8,11.30,31.0,0.000,0.000,0.006,0.000,0.000,0.000,0.000,0.000,0.006,0.000,0.000,0.000,0.000,0.006,0.000,0.000,0.013,0.000
71.5413,715,0,move,-1,71.5413,71.5518,0,0.000,-0.088,0.176,-0.176,-0.088,0.088,-0.264,-0.088,0.176,0.000,-0.176,-0.088,-0.088,-40.518,28.125,0.000,0.439,0.176,0.000,0.000,0.000,0.000,0.000,0.000,0.000,0.000,0.000,0.000,0.000,0.000,0.000,-38.538,27.112,0.000,0.000,0.000,0.013,4.8,11.30,31.0,0.000,0.000,0.006,0.000,0.000,0.000,0.000,0.000,0.006,0.000,0.000,0.000,0.000,0.006,0.000,0.000,0.013,0.000
71.6062,716,0,move,-1,71.6062,71.6473,0,0.000,-0.088,0.176,-0.176,-0.088,0.088,-0.264,-0.088,0.176,0.000,-0.176,-0.088,-0.088,-39.902,27.949,0.000,0.439,0.176,0.000,0.000,0.000,0.000,0.000,0.000,0.000,0.000,0.000,0.000,0.000,0.000,0.000,-37.119,26.207,0.000,0.000,0.000,0.013,5.2,11.30,29.0,0.000,0.000,0.000,0.000,0.000,0.000,0.006,0.000,0.000,0.000,0.006,0.000,0.000,0.006,0.013,0.000,0.006,0.006
71.7067,717,0,move,-1,71.7067,71.7444,0,0.000,-0.088,0.176,-0.176,-0.088,0.088,-0.264,-0.088,0.176,0.000,-0.176,-0.088,-0.088,-38.145,26.543,0.000,0.439,0.176,0.000,0.000,0.000,0.000,0.000,0.000,0.000,0.000,0.000,0.000,0.000,0.000,0.000,-35.658,25.263,0.000,0.000,0.000,0.013,5.2,11.30,29.0,0.000,0.000,0.000,0.000,0.000,0.000,0.006,0.000,0.000,0.000,0.006,0.000,0.000,0.006,0.013,0.000,0.006,0.006
71.8099,718,0,move,-1,71.8099,71.8357,0,0.000,-0.088,0.176,-0.176,-0.088,0.088,-0.264,-0.088,0.176,0.000,-0.176,-0.088,-0.088,-36.475,25.488,0.000,0.439,0.176,0.000,0.000,0.000,0.000,0.000,0.000,0.000,0.000,0.000,0.000,0.000,0.000,0.000,-34.162,24.285,0.000,0.000,0.000,0.013,4.8,11.30,31.0,0.000,0.000,0.000,0.006,0.000,0.000,0.006,0.000,0.000,0.000,0.000,0.000,0.000,0.000,0.006,0.000,0.013,0.000
71.9152,719,0,move,-1,71.9152,71.9496,0,0.000,-0.088,0.176,-0.176,-0.088,0.088,-0.264,-0.088,0.176,0.000,-0.176,-0.088,-0.088,-35.244,24.609,0.000,0.439,0.176,0.000,0.000,0.000,0.000,0.000,0.000,0.000,0.000,0.000,0.000,0.000,0.000,0.000,-32.637,23.276,0.000,0.000,0.000,0.013,4.8,11.30,31.0,0.000,0.000,0.000,0.000,0.000,0.000,0.006,0.000,0.006,0.000,0.006,0.000,0.000,0.000,0.006,0.000,0.013,0.000
72.0061,720,0,move,-1,72.0061,72.0178,0,0.000,-0.088,0.176,-0.176,-0.088,0.088,-0.264,-0.088,0.176,0.000,-0.176,-0.088,-0.088,-34.014,23.818,0.000,0.439,0.176,0.000,0.000,0.000,0.000,0.000,0.000,0.000,0.000,0.000,0.000,0.000,0.000,0.000,-31.087,22.240,0.000,0.000,0.000,0.013,4.8,11.30,31.0,0.000,0.000,0.000,0.000,0.000,0.000,0.006,0.000,0.006,0.000,0.006,0.000,0.000,0.000,0.006,0.000,0.013,0.000
72.1061,721,0,move,-1,72.1061,72.1194,0,0.000,-0.088,0.176,-0.176,-0.088,0.088,-0.264,-0.088,0.176,0.000,-0.176,-0.088,-0.088,-32.432,22.764,0.000,0.439,0.176,0.000,0.000,0.000,0.000,0.000,0.000,0.000,0.000,0.000,0.000,0.000,0.000,0.000,-29.519,21.181,0.000,0.000,0.000,0.006,3.2,11.20,32.0,0.000,0.000,0.000,0.000,0.000,0.000,0.006,0.000,0.006,0.000,0.000,0.000,0.000,0.000,0.006,0.000,0.006,0.006
72.2085,722,0,move,-1,72.2085,72.2250,0,0.000,-0.088,0.176,-0.176,-0.088,0.088,-0.264,-0.088,0.176,0.000,-0.176,-0.088,-0.088,-31.816,22.236,0.000,0.439,0.176,0.000,0.000,0.000,0.000,0.000,0.000,0.000,0.000,0.000,0.000,0.000,0.000,0.000,-27.940,20.103,0.000,0.000,0.000,0.006,2.8,11.30,32.0,0.000,0.000,0.000,,0.000,0.000,,0.000,0.006,0.000,0.000,0.000,0.000,0.000,0.006,0.000,0.006,0.006
72.3063,723,0,move,-1,72.3063,72.3177,0,0.000,-0.088,0.176,-0.176,-0.088,0.088,-0.264,-0.088,0.176,0.000,-0.176,-0.088,-0.088,-30.322,20.830,0.000,0.439,0.176,0.000,0.000,0.000,0.000,0.000,0.000,0.000,0.000,0.000,0.000,0.000,0.000,0.000,-26.354,19.012,0.000,0.000,0.000,0.006,2.8,11.30,32.0,0.000,0.000,0.000,,0.000,0.000,,0.000,0.006,0.000,0.000,0.000,0.000,0.000,0.006,0.000,0.006,0.006
72.4063,724,0,move,-1,72.4063,72.4187,0,0.000,-0.088,0.176,-0.176,-0.088,0.088,-0.264,-0.088,0.176,0.000,-0.176,-0.088,-0.088,-30.322,19.600,0.000,0.439,0.176,0.000,0.000,0.000,0.000,0.000,0.000,0.000,0.000,0.000,0.000,0.000,0.000,0.000,-24.769,17.912,0.000,0.000,0.000,0.013,4.4,11.30,29.0,0.000,0.000,0.000,0.006,0.000,0.000,0.006,0.000,0.000,0.000,0.000,0.000,0.000,0.000,0.013,0.000,0.006,0.000
72.5168,725,0,move,-1,72.5168,72.5301,0,0.000,-0.088,0.176,-0.176,-0.088,0.088,-0.264,-0.088,0.176,0.000,-0.176,-0.088,-0.088,-26.895,18.369,0.000,0.439,0.176,0.000,0.000,0.000,0.000,0.000,0.000,0.000,0.000,0.000,0.000,0.000,0.000,0.000,-23.189,16.807,0.000,0.000,0.000,0.013,4.8,11.30,31.0,0.000,0.000,0.000,0.000,0.000,0.000,0.006,0.000,0.006,0.000,0.000,0.000,0.000,0.006,0.006,0.000,0.013,0.000
72.6063,726,0,move,-1,72.6063,72.6181,0,0.000,-0.088,0.176,-0.176,-0.088,0.088,-0.264,-0.088,0.176,0.000,-0.176,-0.088,-0.088,-25.488,17.490,0.000,0.439,0.176,0.000,0.000,0.000,0.000,0.000,0.000,0.000,0.000,0.000,0.000,0.000,0.000,0.000,-21.620,15.703,0.000,0.000,0.000,0.013,4.8,11.30,31.0,0.000,0.000,0.000,0.000,0.000,0.000,0.006,0.000,0.006,0.000,0.000,0.000,0.000,0.006,0.006,0.000,0.013,0.000
72.7061,727,0,move,-1,72.7061,72.7182,0,0.000,-0.088,0.176,-0.176,-0.088,0.088,-0.264,-0.088,0.176,0.000,-0.176,-0.088,-0.088,-23.818,16.260,0.000,0.439,0.176,0.000,0.000,0.000,0.000,0.000,0.000,0.000,0.000,0.000,0.000,0.000,0.000,0.000,-20.068,14.603,0.000,0.000,0.000,0.006,3.2,11.30,32.0,0.000,0.000,0.000,0.000,0.000,0.000,0.006,0.000,0.006,0.000,0.006,0.000,0.000,0.000,0.006,0.000,0.006,0.000
72.8063,728,0,move,-1,72.8063,72.8178,0,0.000,-0.088,0.176,-0.176,-0.088,0.088,-0.264,-0.088,0.176,0.000,-0.176,-0.088,-0.088,-22.324,15.205,0.000,0.439,0.176,0.000,0.000,0.000,0.000,0.000,0.000,0.000,0.000,0.000,0.000,0.000,0.000,0.000,-18.539,13.514,0.000,0.000,0.000,0.006,3.2,11.30,32.0,0.000,0.000,0.000,0.000,0.000,0.000,0.006,0.000,0.006,0.000,0.006,0.000,0.000,0.000,0.006,0.000,0.006,0.000
72.9063,729,0,move,-1,72.9063,72.9187,0,0.000,-0.088,0.176,-0.176,-0.088,0.088,-0.264,-0.088,0.176,0.000,-0.176,-0.088,-0.088,-20.654,14.062,0.000,0.439,0.176,0.000,0.000,0.000,0.000,0.000,0.000,0.000,0.000,0.000,0.000,0.000,0.000,0.000,-17.038,12.438,0.000,0.000,0.000,0.006,2.4,11.30,32.0,0.000,0.000,0.000,0.006,0.000,0.000,0.000,0.000,0.000,0.000,0.006,0.000,0.000,0.006,0.000,0.000,0.006,0.000
73.0061,730,0,move,-1,73.0061,73.0206,0,0.000,-0.088,0.176,-0.176,-0.088,0.088,-0.264,-0.088,0.176,0.000,-0.176,-0.088,-0.088,-18.984,13.008,0.000,0.439,0.176,0.000,0.000,0.000,0.000,0.000,0.000,0.000,0.000,0.000,0.000,0.000,0.000,0.000,-15.570,11.382,0.000,0.000,0.000,0.013,4.8,11.30,31.0,0.000,0.000,0.000,0.000,0.000,0.000,0.000,0.000,0.000,0.000,0.000,0.000,0.000,0.000,0.006,0.000,0.013,0.000
73.1061,731,0,move,-1,73.1061,73.1974,0,0.000,-0.088,0.176,-0.176,-0.088,0.088,-0.264,-0.088,0.176,0.000,-0.176,-0.088,-0.088,-17.227,11.865,0.000,0.439,0.176,0.000,0.000,0.000,0.000,0.000,0.000,0.000,0.000,0.000,0.000,0.000,0.000,0.000,-14.141,10.350,0.000,0.000,0.000,0.013,4.8,11.30,31.0,0.000,0.000,0.000,0.000,0.000,0.000,0.006,0.000,0.000,0.000,0.000,0.000,0.000,0.000,0.000,0.000,0.013,0.006
73.2267,732,0,move,-1,73.2267,73.2500,0,0.000,-0.088,0.176,-0.176,-0.088,0.088,-0.264,-0.088,0.176,0.000,-0.176,-0.088,-0.088,-15.469,10.635,0.000,0.439,0.176,0.000,0.000,0.000,0.000,0.000,0.000,0.000,0.000,0.000,0.000,0.000,0.000,0.000,-12.756,9.347,0.000,0.000,0.000,0.013,4.8,11.30,31.0,0.000,0.000,0.000,0.000,0.000,0.000,0.006,0.000,0.000,0.000,0.000,0.000,0.000,0.000,0.000,0.000,0.013,0.006
73.3063,733,0,move,-1,73.3063,73.3197,0,0.000,-0.088,0.176,-0.176,-0.088,0.088,-0.264,-0.088,0.176,0.000,-0.176,-0.088,-0.088,-14.502,10.107,0.000,0.439,0.176,0.000,0.000,0.000,0.000,0.000,0.000,0.000,0.000,0.000,0.000,0.000,0.000,0.000,-11.421,8.375,0.000,0.000,0.000,0.006,2.4,11.30,32.0,0.000,0.000,0.000,0.006,0.000,0.000,0.000,0.000,0.000,0.000,0.000,0.000,0.000,0.006,0.006,0.000,0.006,0.000
73.4061,734,0,move,-1,73.4061,73.4192,0,0.000,-0.088,0.176,-0.176,-0.088,0.088,-0.264,-0.088,0.176,0.000,-0.176,-0.088,-0.088,-12.832,8.965,0.000,0.439,0.176,0.000,0.000,0.000,0.000,0.000,0.000,0.000,0.000,0.000,0.000,0.000,0.000,0.000,-10.139,7.441,0.000,0.000,0.000,0.006,2.4,11.30,32.0,0.000,0.000,0.000,0.006,0.000,0.000,0.000,0.000,0.000,0.000,0.000,0.000,0.000,0.006,0.006,0.000,0.006,0.000
73.5061,735,0,move,-1,73.5061,73.5204,0,0.000,-0.088,0.176,-0.176,-0.088,0.088,-0.264,-0.088,0.176,0.000,-0.176,-0.088,-0.088,-11.250,7.822,0.000,0.439,0.176,0.000,0.000,0.000,0.000,0.000,0.000,0.000,0.000,0.000,0.000,0.000,0.000,0.000,-8.915,6.547,0.000,0.000,0.000,0.013,4.8,11.30,31.0,0.000,0.000,0.000,0.006,0.000,0.000,0.000,0.000,0.000,0.000,0.000,0.000,0.000,0.000,0.006,0.000,0.013,0.006
73.6061,736,0,move,-1,73.6061,73.6273,0,0.000,-0.088,0.176,-0.176,-0.088,0.088,-0.264,-0.088,0.176,0.000,-0.176,-0.088,-0.088,-10.635,7.207,0.000,0.439,0.176,0.000,0.000,0.000,0.000,0.000,0.000,0.000,0.000,0.000,0.000,0.000,0.000,0.000,-7.754,5.698,0.000,0.000,0.000,0.006,2.8,11.30,29.0,0.000,0.000,0.000,0.000,0.000,0.000,0.000,0.000,0.000,0.000,0.000,0.000,0.000,0.000,0.006,0.000,0.006,0.006
73.7061,737,0,move,-1,73.7061,73.7180,0,0.000,-0.088,0.176,-0.176,-0.088,0.088,-0.264,-0.088,0.176,0.000,-0.176,-0.088,-0.088,-9.141,6.152,0.000,0.439,0.176,0.000,0.000,0.000,0.000,0.000,0.000,0.000,0.000,0.000,0.000,0.000,0.000,0.000,-6.661,4.896,0.000,0.000,0.000,0.006,2.8,11.30,29.0,0.000,0.000,0.000,0.000,0.000,0.000,0.000,0.000,0.000,0.000,0.000,0.000,0.000,0.000,0.006,0.000,0.006,0.006
73.8061,738,0,move,-1,73.8061,73.8182,0,0.000,-0.088,0.176,-0.176,-0.088,0.088,-0.264,-0.088,0.176,0.000,-0.176,-0.088,-0.088,-7.559,5.186,0.000,0.439,0.176,0.000,0.000,0.000,0.000,0.000,0.000,0.000,0.000,0.000,0.000,0.000,0.000,0.000,-5.639,4.147,0.000,0.000,0.000,0.006,3.2,11.30,32.0,0.000,0.000,0.000,0.000,0.000,0.000,0.006,0.000,0.000,0.000,0.000,0.000,0.000,0.000,0.006,0.000,0.006,0.000
73.9061,739,0,move,-1,73.9061,73.9169,0,0.000,-0.088,0.176,-0.176,-0.088,0.088,-0.264,-0.088,0.176,0.000,-0.176,-0.088,-0.088,-6.328,4.395,0.000,0.439,0.176,0.000,0.000,0.000,0.000,0.000,0.000,0.000,0.000,0.000,0.000,0.000,0.000,0.000,-4.693,3.452,0.000,0.000,0.000,0.006,3.2,11.30,32.0,0.000,0.000,0.000,0.000,0.000,0.000,0.006,0.000,0.000,0.000,0.000,0.000,0.000,0.000,0.006,0.000,0.006,0.000
74.0061,740,0,move,-1,74.0061,74.0175,0,0.000,-0.088,0.176,-0.176,-0.088,0.088,-0.264,-0.088,0.176,0.000,-0.176,-0.088,-0.088,-5.186,3.691,0.000,0.439,0.176,0.000,0.000,0.000,0.000,0.000,0.000,0.000,0.000,0.000,0.000,0.000,0.000,0.000,-3.825,2.814,0.000,0.000,0.000,0.006,3.2,11.30,32.0,0.000,0.000,0.000,0.000,0.000,0.000,0.006,0.000,0.000,0.000,0.000,0.000,0.000,0.000,0.006,0.000,0.006,0.000
74.1061,741,0,move,-1,74.1061,74.1162,0,0.000,-0.088,0.176,-0.176,-0.088,0.088,-0.264,-0.088,0.176,0.000,-0.176,-0.088,-0.088,-4.219,2.988,0.000,0.439,0.176,0.000,0.000,0.000,0.000,0.000,0.000,0.000,0.000,0.000,0.000,0.000,0.000,0.000,-3.039,2.236,0.000,0.000,0.000,0.006,3.2,11.30,32.0,0.000,0.000,0.000,0.000,0.000,0.000,0.006,0.000,0.000,0.000,0.000,0.000,0.000,0.000,0.006,0.000,0.006,0.000
74.2062,742,0,move,-1,74.2062,74.2178,0,0.000,-0.088,0.176,-0.176,-0.088,0.088,-0.264,-0.088,0.176,0.000,-0.176,-0.088,-0.088,-3.516,2.373,0.000,0.439,0.176,0.000,0.000,0.000,0.000,0.000,0.000,0.000,0.000,0.000,0.000,0.000,0.000,0.000,-2.338,1.720,0.000,0.000,0.000,0.013,4.8,11.30,31.0,0.006,0.000,0.000,0.000,0.000,0.000,0.006,0.000,0.000,0.000,0.000,0.000,0.000,0.000,0.000,0.000,0.013,0.000
74.3061,743,0,move,-1,74.3061,74.3178,0,0.000,-0.088,0.176,-0.176,-0.088,0.088,-0.264,-0.088,0.176,0.000,-0.176,-0.088,-0.088,-2.725,1.934,0.000,0.439,0.176,0.000,0.000,0.000,0.000,0.000,0.000,0.000,0.000,0.000,0.000,0.000,0.000,0.000,-1.725,1.270,0.000,0.000,0.000,0.013,4.8,11.30,31.0,0.006,0.000,0.000,0.000,0.000,0.000,0.006,0.000,0.000,0.000,0.000,0.000,0.000,0.000,0.000,0.000,0.013,0.000
74.4102,744,0,move,-1,74.4102,74.4379,0,0.000,-0.088,0.176,-0.176,-0.088,0.088,-0.264,-0.088,0.176,0.000,-0.176,-0.088,-0.088,-1.846,1.230,0.000,0.439,0.176,0.000,0.000,0.000,0.000,0.000,0.000,0.000,0.000,0.000,0.000,0.000,0.000,0.000,-1.202,0.885,0.000,0.000,0.000,0.013,4.8,11.30,31.0,0.000,0.000,0.006,0.006,0.000,0.000,0.006,0.000,0.000,0.000,0.006,0.000,0.000,0.000,0.006,0.000,0.013,0.006
74.5061,745,0,move,-1,74.5061,74.5202,0,0.000,-0.088,0.176,-0.176,-0.088,0.088,-0.264,-0.088,0.176,0.000,-0.176,-0.088,-0.088,-1.406,0.967,0.000,0.439,0.176,0.000,0.000,0.000,0.000,0.000,0.000,0.000,0.000,0.000,0.000,0.000,0.000,0.000,-0.772,0.568,0.000,0.000,0.000,0.013,4.8,11.30,31.0,0.000,0.000,0.006,0.006,0.000,0.000,0.006,0.000,0.000,0.000,0.006,0.000,0.000,0.000,0.006,0.000,0.013,0.006
74.6062,746,0,move,-1,74.6062,74.6227,0,0.000,-0.088,0.176,-0.176,-0.088,0.088,-0.264,-0.088,0.176,0.000,-0.176,-0.088,-0.088,-0.791,0.527,0.000,0.439,0.176,0.000,0.000,0.000,0.000,0.000,0.000,0.000,0.000,0.000,0.000,0.000,0.000,0.000,-0.435,0.320,0.000,0.000,0.000,0.000,0.0,11.30,31.0,0.000,0.000,0.000,0.000,0.000,0.000,0.000,0.000,0.000,0.000,0.000,0.000,0.000,0.000,0.000,0.000,0.000,0.000
74.7151,747,0,move,-1,74.7151,74.7534,0,0.000,-0.088,0.176,-0.176,-0.088,0.088,-0.264,-0.088,0.176,0.000,-0.176,-0.088,-0.088,-0.439,0.352,0.000,0.439,0.176,0.000,0.000,0.000,0.000,0.000,0.000,0.000,0.000,0.000,0.000,0.000,0.000,0.000,-0.194,0.143,0.000,0.000,0.000,0.006,2.4,11.30,32.0,0.000,0.000,0.006,0.006,0.000,0.000,0.000,0.000,0.000,0.000,0.006,0.000,0.000,0.000,0.000,0.000,0.006,0.000
74.8066,748,0,move,-1,74.8066,74.8172,0,0.000,-0.088,0.176,-0.176,-0.088,0.088,-0.264,-0.088,0.176,0.000,-0.176,-0.088,-0.088,-0.439,0.352,0.000,0.439,0.176,0.000,0.000,0.000,0.000,0.000,0.000,0.000,0.000,0.000,0.000,0.000,0.000,0.000,-0.049,0.036,0.000,0.000,0.000,0.006,2.4,11.30,32.0,0.000,0.000,0.006,0.006,0.000,0.000,0.000,0.000,0.000,0.000,0.006,0.000,0.000,0.000,0.000,0.000,0.006,0.000
74.9063,749,0,move,-1,74.9063,74.9175,0,0.000,-0.088,0.176,-0.176,-0.088,0.088,-0.264,-0.088,0.176,0.000,-0.176,-0.088,-0.088,0.088,0.000,0.000,0.439,0.176,0.000,0.000,0.000,0.000,0.000,0.000,0.000,0.000,0.000,0.000,0.000,0.000,0.000,0.000,0.000,0.000,0.000,0.000,0.006,3.2,11.20,32.0,0.000,0.000,0.000,0.000,0.000,0.000,0.006,0.000,0.000,0.000,0.000,0.000,0.000,0.000,0.006,0.000,0.006,0.006
75.0061,750,0,move,-1,75.0061,75.0164,0,0.000,-0.088,0.176,-0.176,-0.088,0.088,-0.264,-0.088,0.176,0.000,-0.176,-0.088,-0.088,0.176,0.000,0.000,0.439,0.176,0.000,0.000,0.000,0.000,0.000,0.000,0.000,0.000,0.000,0.000,0.000,0.000,0.000,0.000,0.000,0.000,0.000,0.000,0.006,3.2,11.20,32.0,0.000,0.000,0.000,0.000,0.000,0.000,0.006,0.000,0.000,0.000,0.000,0.000,0.000,0.000,0.006,0.000,0.006,0.006
75.1061,751,0,move,-1,75.1061,75.1178,0,0.000,-0.088,0.176,-0.176,-0.088,0.088,-0.264,-0.088,0.176,0.000,-0.176,-0.088,-0.088,0.176,0.000,0.000,0.439,0.176,0.000,0.000,0.000,0.000,0.000,0.000,0.000,0.000,0.000,0.000,0.000,0.000,0.000,0.000,0.000,0.000,0.000,0.000,0.006,2.4,11.30,32.0,0.000,0.000,0.006,0.006,0.000,0.000,0.000,0.000,0.000,0.000,0.000,0.000,0.000,0.006,0.000,0.000,0.006,0.000
75.2061,752,0,move,-1,75.2061,75.2170,0,0.000,-0.088,0.176,-0.176,-0.088,0.088,-0.264,-0.088,0.176,0.000,-0.176,-0.088,-0.088,0.176,0.000,0.000,0.439,0.176,0.000,0.000,0.000,0.000,0.000,0.000,0.000,0.000,0.000,0.000,0.000,0.000,0.000,0.000,0.000,0.000,0.000,0.000,0.006,2.4,11.30,32.0,0.000,0.000,0.006,0.006,0.000,0.000,0.000,0.000,0.000,0.000,0.000,0.000,0.000,0.006,0.000,0.000,0.006,0.000
75.3063,753,0,move,-1,75.3063,75.3174,0,0.000,-0.088,0.176,-0.176,-0.088,0.088,-0.264,-0.088,0.176,0.000,-0.176,-0.088,-0.088,0.176,0.000,0.000,0.439,0.176,0.000,0.000,0.000,0.000,0.000,0.000,0.000,0.000,0.000,0.000,0.000,0.000,0.000,0.000,0.000,0.000,0.000,0.000,0.013,4.8,11.30,31.0,0.000,0.000,0.000,0.000,0.000,0.000,0.000,0.000,0.006,0.000,0.000,0.000,0.000,0.006,0.000,0.000,0.013,0.006
75.4062,754,0,move,-1,75.4062,75.4173,0,0.000,-0.088,0.176,-0.176,-0.088,0.088,-0.264,-0.088,0.176,0.000,-0.176,-0.088,-0.088,0.176,0.000,0.000,0.439,0.176,0.000,0.000,0.000,0.000,0.000,0.000,0.000,0.000,0.000,0.000,0.000,0.000,0.000,0.000,0.000,0.000,0.000,0.000,0.013,4.8,11.30,31.0,0.000,0.000,0.000,0.000,0.000,0.000,0.000,0.000,0.006,0.000,0.000,0.000,0.000,0.006,0.000,0.000,0.013,0.006
75.5063,755,0,move,-1,75.5063,75.5181,0,0.000,-0.088,0.176,-0.176,-0.088,0.088,-0.264,-0.088,0.176,0.000,-0.176,-0.088,-0.088,0.176,0.000,0.000,0.439,0.176,0.000,0.000,0.000,0.000,0.000,0.000,0.000,0.000,0.000,0.000,0.000,0.000,0.000,0.000,0.000,0.000,0.000,0.000,0.006,3.2,11.30,32.0,0.000,0.000,0.000,0.000,0.000,0.000,0.006,0.000,0.000,0.000,0.006,0.000,0.000,0.006,0.000,0.000,0.006,0.006
75.6061,756,0,move,-1,75.6061,75.6170,0,0.000,-0.088,0.176,-0.176,-0.088,0.088,-0.264,-0.088,0.176,0.000,-0.176,-0.088,-0.088,0.176,0.000,0.000,0.439,0.176,0.000,0.000,0.000,0.000,0.000,0.000,0.000,0.000,0.000,0.000,0.000,0.000,0.000,0.000,0.000,0.000,0.000,0.000,0.006,3.2,11.30,32.0,0.000,0.000,0.000,0.000,0.000,0.000,0.006,0.000,0.000,0.000,0.006,0.000,0.000,0.006,0.000,0.000,0.006,0.006
75.7069,757,0,move,-1,75.7069,75.7251,0,0.000,-0.088,0.176,-0.176,-0.088,0.088,-0.264,-0.088,0.176,0.000,-0.176,-0.088,-0.088,0.176,0.000,0.000,0.439,0.176,0.000,0.000,0.000,0.000,0.000,0.000,0.000,0.000,0.000,0.000,0.000,0.000,0.000,0.000,0.000,0.000,0.000,0.000,0.006,3.2,11.30,32.0,0.000,0.000,0.000,0.000,0.000,0.000,0.006,0.000,0.006,0.000,0.000,0.000,0.000,0.006,0.000,0.000,0.006,0.000
75.8064,758,0,move,-1,75.8064,75.8190,0,0.000,-0.088,0.176,-0.176,-0.088,0.088,-0.264,-0.088,0.176,0.000,-0.176,-0.088,-0.088,0.176,0.000,0.000,0.439,0.176,0.000,0.000,0.000,0.000,0.000,0.000,0.000,0.000,0.000,0.000,0.000,0.000,0.000,0.000,0.000,0.000,0.000,0.000,0.006,3.2,11.30,32.0,0.000,0.000,0.000,0.000,0.000,0.000,0.006,0.000,0.006,0.000,0.000,0.000,0.000,0.006,0.000,0.000,0.006,0.000
75.9097,759,0,move,-1,75.9097,75.9385,0,0.000,-0.088,0.176,-0.176,-0.088,0.088,-0.264,-0.088,0.176,0.000,-0.176,-0.088,-0.088,0.176,0.000,0.000,0.439,0.176,0.000,0.000,0.000,0.000,0.000,0.000,0.000,0.000,0.000,0.000,0.000,0.000,0.000,0.000,0.000,0.000,0.000,0.000,0.006,3.2,11.30,32.0,,0.000,0.000,0.000,0.000,0.000,0.006,0.000,0.000,0.000,0.000,0.000,0.000,0.006,0.000,0.000,0.006,0.006
76.0061,760,0,move,-1,76.0061,76.0170,0,0.000,-0.088,0.176,-0.176,-0.088,0.088,-0.264,-0.088,0.176,0.000,-0.176,-0.088,-0.088,0.176,0.000,0.000,0.439,0.176,0.000,0.000,0.000,0.000,0.000,0.000,0.000,0.000,0.000,0.000,0.000,0.000,0.000,0.000,0.000,0.000,0.000,0.000,0.006,3.2,11.30,32.0,,0.000,0.000,0.000,0.000,0.000,0.006,0.000,0.000,0.000,0.000,0.000,0.000,0.006,0.000,0.000,0.006,0.006
76.1061,761,0,move,-1,76.1061,76.1183,0,0.000,-0.088,0.176,-0.176,-0.088,0.088,-0.264,-0.088,0.176,0.000,-0.176,-0.088,-0.088,0.176,0.000,0.000,0.439,0.176,0.000,0.000,0.000,0.000,0.000,0.000,0.000,0.000,0.000,0.000,0.000,0.000,0.000,0.000,0.000,0.000,0.000,0.000,0.006,4.8,11.30,31.0,0.000,0.000,0.000,0.000,0.000,0.000,0.000,0.000,0.000,0.000,0.000,0.000,0.000,0.000,0.000,0.000,0.006,0.006
76.2063,762,0,move,-1,76.2063,76.2166,0,0.000,-0.088,0.176,-0.176,-0.088,0.088,-0.264,-0.088,0.176,0.000,-0.176,-0.088,-0.088,0.176,0.000,0.000,0.439,0.176,0.000,0.000,0.000,0.000,0.000,0.000,0.000,0.000,0.000,0.000,0.000,0.000,0.000,0.000,0.000,0.000,0.000,0.000,0.006,4.8,11.30,31.0,0.000,0.000,0.000,0.000,0.000,0.000,0.000,0.000,0.000,0.000,0.000,0.000,0.000,0.000,0.000,0.000,0.006,0.006
76.3061,763,0,move,-1,76.3061,76.3180,0,0.000,-0.088,0.176,-0.176,-0.088,0.088,-0.264,-0.088,0.176,0.000,-0.176,-0.088,-0.088,0.176,0.000,0.000,0.439,0.176,0.000,0.000,0.000,0.000,0.000,0.000,0.000,0.000,0.000,0.000,0.000,0.000,0.000,0.000,0.000,0.000,0.000,0.000,0.013,4.8,11.30,31.0,0.000,0.000,,0.000,0.000,0.000,0.006,0.000,0.000,0.000,0.000,0.000,0.000,0.000,0.000,0.000,0.013,0.000
76.4061,764,0,move,-1,76.4061,76.4183,0,0.000,-0.088,0.176,-0.176,-0.088,0.088,-0.264,-0.088,0.176,0.000,-0.176,-0.088,-0.088,0.176,0.000,0.000,0.439,0.176,0.000,0.000,0.000,0.000,0.000,0.000,0.000,0.000,0.000,0.000,0.000,0.000,0.000,0.000,0.000,0.000,0.000,0.000,0.006,2.4,11.30,32.0,0.000,0.000,0.006,0.006,0.000,0.000,0.000,0.000,0.006,0.000,0.000,0.000,0.000,0.006,0.000,0.000,0.006,0.006
76.5063,765,0,move,-1,76.5063,76.5188,0,0.000,-0.088,0.176,-0.176,-0.088,0.088,-0.264,-0.088,0.176,0.000,-0.176,-0.088,-0.088,0.176,0.000,0.000,0.439,0.176,0.000,0.000,0.000,0.000,0.000,0.000,0.000,0.000,0.000,0.000,0.000,0.000,0.000,0.000,0.000,0.000,0.000,0.000,0.006,3.2,11.30,32.0,0.000,0.000,0.000,0.000,0.000,0.000,0.006,0.000,0.000,0.000,0.000,0.000,0.000,0.006,0.000,0.000,0.006,0.006
76.6063,766,0,move,-1,76.6063,76.6172,0,0.000,-0.088,0.176,-0.176,-0.088,0.088,-0.264,-0.088,0.176,0.000,-0.176,-0.088,-0.088,0.176,0.000,0.000,0.439,0.176,0.000,0.000,0.000,0.000,0.000,0.000,0.000,0.000,0.000,0.000,0.000,0.000,0.000,0.000,0.000,0.000,0.000,0.000,0.006,3.2,11.30,32.0,0.000,0.000,0.000,0.000,0.000,0.000,0.006,0.000,0.000,0.000,0.000,0.000,0.000,0.006,0.000,0.000,0.006,0.006
76.7143,767,0,move,-1,76.7143,76.7413,0,0.000,-0.088,0.176,-0.176,-0.088,0.088,-0.264,-0.088,0.176,0.000,-0.176,-0.088,-0.088,0.176,0.000,0.000,0.439,0.176,0.000,0.000,0.000,0.000,0.000,0.000,0.000,0.000,0.000,0.000,0.000,0.000,0.000,0.000,0.000,0.000,0.000,0.000,0.006,2.4,11.30,32.0,0.000,0.000,0.000,0.006,0.000,0.000,0.006,0.000,0.006,0.000,0.006,0.000,0.000,0.006,0.000,0.000,0.006,0.000
76.8064,768,0,move,-1,76.8064,76.8193,0,0.000,-0.088,0.176,-0.176,-0.088,0.088,-0.264,-0.088,0.176,0.000,-0.176,-0.088,-0.088,0.176,0.000,0.000,0.439,0.176,0.000,0.000,0.000,0.000,0.000,0.000,0.000,0.000,0.000,0.000,0.000,0.000,0.000,0.000,0.000,0.000,0.000,0.000,0.006,2.4,11.30,32.0,0.000,0.000,0.000,0.006,0.000,0.000,0.006,0.000,0.006,0.000,0.006,0.000,0.000,0.006,0.000,0.000,0.006,0.000
76.9063,769,0,move,-1,76.9063,76.9169,0,0.000,-0.088,0.176,-0.176,-0.088,0.088,-0.264,-0.088,0.176,0.000,-0.176,-0.088,-0.088,0.176,0.000,0.000,0.439,0.176,0.000,0.000,0.000,0.000,0.000,0.000,0.000,0.000,0.000,0.000,0.000,0.000,0.000,0.000,0.000,0.000,0.000,0.000,0.006,2.4,11.30,32.0,0.000,0.000,0.006,0.000,0.000,0.000,0.006,0.000,0.000,0.000,0.000,0.000,0.000,0.006,0.000,0.000,0.006,0.006
77.0063,770,0,move,-1,77.0063,77.0183,0,0.000,-0.088,0.176,-0.176,-0.088,0.088,-0.264,-0.088,0.176,0.000,-0.176,-0.088,-0.088,0.176,0.000,0.000,0.439,0.176,0.000,0.000,0.000,0.000,0.000,0.000,0.000,0.000,0.000,0.000,0.000,0.000,0.000,0.000,0.000,0.000,0.000,0.000,0.006,2.4,11.30,32.0,0.000,0.000,0.006,0.000,0.000,0.000,0.006,0.000,0.000,0.000,0.000,0.000,0.000,0.006,0.000,0.000,0.006,0.000
77.1063,771,0,move,-1,77.1063,77.1170,0,0.000,-0.088,0.176,-0.176,-0.088,0.088,-0.264,-0.088,0.176,0.000,-0.176,-0.088,-0.088,0.176,0.000,0.000,0.439,0.176,0.000,0.000,0.000,0.000,0.000,0.000,0.000,0.000,0.000,0.000,0.000,0.000,0.000,0.000,0.000,0.000,0.000,0.000,0.006,2.4,11.30,32.0,0.000,0.000,0.006,0.000,0.000,0.000,0.006,0.000,0.000,0.000,0.000,0.000,0.000,0.006,0.000,0.000,0.006,0.000
77.2063,772,0,move,-1,77.2063,77.2176,0,0.000,-0.088,0.176,-0.176,-0.088,0.088,-0.264,-0.088,0.176,0.000,-0.176,-0.088,-0.088,0.176,0.000,0.000,0.439,0.176,0.000,0.000,0.000,0.000,0.000,0.000,0.000,0.000,0.000,0.000,0.000,0.000,0.000,0.000,0.000,0.000,0.000,0.000,0.006,3.2,11.20,32.0,0.000,0.000,0.000,0.000,0.000,0.000,0.006,0.000,0.006,0.000,0.006,0.000,0.000,0.006,0.000,0.000,0.006,0.006
77.3063,773,0,move,-1,77.3063,77.3166,0,0.000,-0.088,0.176,-0.176,-0.088,0.088,-0.264,-0.088,0.176,0.000,-0.176,-0.088,-0.088,0.176,0.000,0.000,0.439,0.176,0.000,0.000,0.000,0.000,0.000,0.000,0.000,0.000,0.000,0.000,0.000,0.000,0.000,0.000,0.000,0.000,0.000,0.000,0.006,3.2,11.20,32.0,0.000,0.000,0.000,0.000,0.000,0.000,0.006,0.000,0.006,0.000,0.006,0.000,0.000,0.006,0.000,0.000,0.006,0.006
77.4063,774,0,move,-1,77.4063,77.4181,0,0.000,-0.088,0.176,-0.176,-0.088,0.088,-0.264,-0.088,0.176,0.000,-0.176,-0.088,-0.088,0.176,0.000,0.000,0.439,0.176,0.000,0.000,0.000,0.000,0.000,0.000,0.000,0.000,0.000,0.000,0.000,0.000,0.000,0.000,0.000,0.000,0.000,0.000,0.013,4.8,11.30,31.0,0.000,0.000,0.000,0.000,0.000,0.000,0.006,0.000,0.006,0.000,0.006,0.000,0.000,0.006,0.000,0.000,0.013,0.000
77.5063,775,0,move,-1,77.5063,77.5170,0,0.000,-0.088,0.176,-0.176,-0.088,0.088,-0.264,-0.088,0.176,0.000,-0.176,-0.088,-0.088,0.176,0.000,0.000,0.439,0.176,0.000,0.000,0.000,0.000,0.000,0.000,0.000,0.000,0.000,0.000,0.000,0.000,0.000,0.000,0.000,0.000,0.000,0.000,0.013,4.8,11.30,31.0,0.000,0.000,0.000,0.000,0.000,0.000,0.006,0.000,0.006,0.000,0.006,0.000,0.000,0.006,0.000,0.000,0.013,0.000
77.6063,776,0,move,-1,77.6063,77.6210,0,0.000,-0.088,0.176,-0.176,-0.088,0.088,-0.264,-0.088,0.176,0.000,-0.176,-0.088,-0.088,0.176,0.000,0.000,0.439,0.176,0.000,0.000,0.000,0.000,0.000,0.000,0.000,0.000,0.000,0.000,0.000,0.000,0.000,0.000,0.000,0.000,0.000,0.000,0.006,2.4,11.30,32.0,0.000,0.000,0.000,0.006,0.000,0.000,0.006,0.000,0.000,0.000,0.006,0.000,0.000,0.006,0.000,0.000,0.006,0.006
77.7061,777,0,move,-1,77.7061,77.7343,0,0.000,-0.088,0.176,-0.176,-0.088,0.088,-0.264,-0.088,0.176,0.000,-0.176,-0.088,-0.088,0.176,0.000,0.000,0.439,0.176,0.000,0.000,0.000,0.000,0.000,0.000,0.000,0.000,0.000,0.000,0.000,0.000,0.000,0.000,0.000,0.000,0.000,0.000,0.006,2.4,11.30,32.0,0.000,0.000,0.006,0.000,0.000,0.000,0.006,0.000,0.000,0.000,0.000,0.000,0.000,0.006,0.000,0.000,0.006,0.006
77.8063,778,0,move,-1,77.8063,77.8195,0,0.000,-0.088,0.176,-0.176,-0.088,0.088,-0.264,-0.088,0.176,0.000,-0.176,-0.088,-0.088,0.176,0.000,0.000,0.439,0.176,0.000,0.000,0.000,0.000,0.000,0.000,0.000,0.000,0.000,0.000,0.000,0.000,0.000,0.000,0.000,0.000,0.000,0.000,0.006,2.4,11.30,32.0,0.000,0.000,0.006,0.000,0.000,0.000,0.006,0.000,0.000,0.000,0.000,0.000,0.000,0.006,0.000,0.000,0.006,0.006
77.9063,779,0,move,-1,77.9063,77.9194,0,0.000,-0.088,0.176,-0.176,-0.088,0.088,-0.264,-0.088,0.176,0.000,-0.176,-0.088,-0.088,0.176,0.000,0.000,0.439,0.176,0.000,0.000,0.000,0.000,0.000,0.000,0.000,0.000,0.000,0.000,0.000,0.000,0.000,0.000,0.000,0.000,0.000,0.000,0.006,3.2,11.20,32.0,0.000,0.000,0.000,0.000,0.000,0.000,0.006,0.000,0.006,0.000,0.000,0.000,0.000,0.000,0.000,0.000,0.006,0.000
78.0063,780,0,move,-1,78.0063,78.0185,0,0.000,-0.088,0.176,-0.176,-0.088,0.088,-0.264,-0.088,0.176,0.000,-0.176,-0.088,-0.088,0.176,0.000,0.000,0.439,0.176,0.000,0.000,0.000,0.000,0.000,0.000,0.000,0.000,0.000,0.000,0.000,0.000,0.000,0.000,0.000,0.000,0.000,0.000,0.006,3.2,11.20,32.0,0.000,0.000,0.000,0.000,0.000,0.000,0.006,0.000,0.006,0.000,0.000,0.000,0.000,0.000,0.000,0.000,0.006,0.000
78.1063,781,0,move,-1,78.1063,78.1195,0,0.000,-0.088,0.176,-0.176,-0.088,0.088,-0.264,-0.088,0.176,0.000,-0.176,-0.088,-0.088,0.176,0.000,0.000,0.439,0.176,0.000,0.000,0.000,0.000,0.000,0.000,0.000,0.000,0.000,0.000,0.000,0.000,0.000,0.000,0.000,0.000,0.000,0.000,0.006,3.2,11.20,32.0,0.000,0.000,0.000,0.000,0.000,0.000,0.006,0.000,0.006,0.000,0.006,0.000,0.000,0.006,0.000,0.000,0.006,0.000
78.2062,782,0,move,-1,78.2062,78.2180,0,0.000,-0.088,0.176,-0.176,-0.088,0.088,-0.264,-0.088,0.176,0.000,-0.176,-0.088,-0.088,0.176,0.000,0.000,0.439,0.176,0.000,0.000,0.000,0.000,0.000,0.000,0.000,0.000,0.000,0.000,0.000,0.000,0.000,0.000,0.000,0.000,0.000,0.000,0.006,3.2,11.20,32.0,0.000,0.000,0.000,0.000,0.000,0.000,0.006,0.000,0.006,0.000,0.006,0.000,0.000,0.006,0.000,0.000,0.006,0.000
78.3062,783,0,move,-1,78.3062,78.3182,0,0.000,-0.088,0.176,-0.176,-0.088,0.088,-0.264,-0.088,0.176,0.000,-0.176,-0.088,-0.088,0.176,0.000,0.000,0.439,0.176,0.000,0.000,0.000,0.000,0.000,0.000,0.000,0.000,0.000,0.000,0.000,0.000,0.000,0.000,0.000,0.000,0.000,0.000,0.013,4.8,11.30,31.0,0.000,0.000,0.000,0.006,0.000,0.000,0.006,0.000,0.000,0.000,0.000,0.000,0.000,0.006,0.000,0.000,0.013,0.006
78.4063,784,0,move,-1,78.4063,78.4174,0,0.000,-0.088,0.176,-0.176,-0.088,0.088,-0.264,-0.088,0.176,0.000,-0.176,-0.088,-0.088,0.176,0.000,0.000,0.439,0.176,0.000,0.000,0.000,0.000,0.000,0.000,0.000,0.000,0.000,0.000,0.000,0.000,0.000,0.000,0.000,0.000,0.000,0.000,0.013,4.8,11.30,31.0,0.000,0.000,0.000,0.006,0.000,0.000,0.006,0.000,0.000,0.000,0.000,0.000,0.000,0.006,0.000,0.000,0.013,0.006
78.5063,785,0,move,-1,78.5063,78.5185,0,0.000,-0.088,0.176,-0.176,-0.088,0.088,-0.264,-0.088,0.176,0.000,-0.176,-0.088,-0.088,0.176,0.000,0.000,0.439,0.176,0.000,0.000,0.000,0.000,0.000,0.000,0.000,0.000,0.000,0.000,0.000,0.000,0.000,0.000,0.000,0.000,0.000,0.000,0.006,2.4,11.30,32.0,0.000,0.000,0.000,0.000,0.000,0.000,0.000,0.000,0.006,0.000,0.000,0.000,0.000,0.006,0.000,0.000,0.006,0.006
78.6063,786,0,move,-1,78.6063,78.6197,0,0.000,-0.088,0.176,-0.176,-0.088,0.088,-0.264,-0.088,0.176,0.000,-0.176,-0.088,-0.088,0.176,0.000,0.000,0.439,0.176,0.000,0.000,0.000,0.000,0.000,0.000,0.000,0.000,0.000,0.000,0.000,0.000,0.000,0.000,0.000,0.000,0.000,0.000,0.013,4.8,11.30,31.0,0.000,0.000,0.006,0.000,0.000,0.000,0.006,0.000,0.000,0.000,0.006,0.000,0.000,0.006,0.000,0.000,0.013,0.006
78.7062,787,0,move,-1,78.7062,78.7206,0,0.000,-0.088,0.176,-0.176,-0.088,0.088,-0.264,-0.088,0.176,0.000,-0.176,-0.088,-0.088,0.176,0.000,0.000,0.439,0.176,0.000,0.000,0.000,0.000,0.000,0.000,0.000,0.000,0.000,0.000,0.000,0.000,0.000,0.000,0.000,0.000,0.000,0.000,0.013,4.8,11.30,31.0,0.000,0.000,0.000,0.006,0.000,0.000,0.006,0.000,0.000,0.000,0.000,0.000,0.000,0.006,0.000,0.000,0.013,0.006
78.8061,788,0,move,-1,78.8061,78.8118,0,0.000,-0.088,0.176,-0.176,-0.088,0.088,-0.264,-0.088,0.176,0.000,-0.176,-0.088,-0.088,0.176,0.000,0.000,0.439,0.176,0.000,0.000,0.000,0.000,0.000,0.000,0.000,0.000,0.000,0.000,0.000,0.000,0.000,0.000,0.000,0.000,0.000,0.000,0.013,4.8,11.30,31.0,0.000,0.000,0.000,0.006,0.000,0.000,0.006,0.000,0.000,0.000,0.000,0.000,0.000,0.006,0.000,0.000,0.013,0.006
78.9061,789,0,move,-1,78.9061,78.9175,0,0.000,-0.088,0.176,-0.176,-0.088,0.088,-0.264,-0.088,0.176,0.000,-0.176,-0.088,-0.088,0.176,0.000,0.000,0.439,0.176,0.000,0.000,0.000,0.000,0.000,0.000,0.000,0.000,0.000,0.000,0.000,0.000,0.000,0.000,0.000,0.000,0.000,0.000,0.006,2.4,11.30,31.0,0.000,0.000,0.000,0.000,0.000,0.000,0.000,0.000,0.000,0.000,0.006,0.000,0.000,0.006,0.000,0.000,0.006,0.000
79.0061,790,0,move,-1,79.0061,79.0165,0,0.000,-0.088,0.176,-0.176,-0.088,0.088,-0.264,-0.088,0.176,0.000,-0.176,-0.088,-0.088,0.176,0.000,0.000,0.439,0.176,0.000,0.000,0.000,0.000,0.000,0.000,0.000,0.000,0.000,0.000,0.000,0.000,0.000,-0.049,0.036,0.000,0.000,0.000,0.006,2.4,11.30,31.0,0.000,0.000,0.000,0.000,0.000,0.000,0.000,0.000,0.000,0.000,0.006,0.000,0.000,0.006,0.000,0.000,0.006,0.000
79.1061,791,0,move,-1,79.1061,79.1175,0,0.000,-0.088,0.176,-0.176,-0.088,0.088,-0.264,-0.088,0.176,0.000,-0.176,-0.088,-0.088,0.176,0.000,0.000,0.439,0.176,0.000,0.000,0.000,0.000,0.000,0.000,0.000,0.000,0.000,0.000,0.000,0.000,0.000,-0.194,0.143,0.000,0.000,0.000,0.013,3.2,11.30,29.0,0.000,0.000,0.000,0.000,0.000,0.000,0.006,0.000,0.000,0.000,0.000,0.000,0.000,0.013,0.000,0.000,0.006,0.006
79.2063,792,0,move,-1,79.2063,79.2203,0,0.000,-0.088,0.176,-0.176,-0.088,0.088,-0.264,-0.088,0.176,0.000,-0.176,-0.088,-0.088,0.176,0.000,0.000,0.439,0.176,0.000,0.000,0.000,0.000,0.000,0.000,0.000,0.000,0.000,0.000,0.000,0.000,0.000,-0.435,0.320,0.000,0.000,0.000,0.013,4.0,11.30,29.0,0.000,0.000,0.000,0.000,0.000,0.000,0.000,0.000,0.000,0.000,0.006,0.000,0.000,0.013,0.006,0.000,0.006,0.000
79.3061,793,0,move,-1,79.3061,79.3161,0,0.000,-0.088,0.176,-0.176,-0.088,0.088,-0.264,-0.088,0.176,0.000,-0.176,-0.088,-0.088,-0.264,0.352,0.000,0.439,0.176,0.000,0.000,0.000,0.000,0.000,0.000,0.000,0.000,0.000,0.000,0.000,0.000,0.000,-0.772,0.568,0.000,0.000,0.000,0.013,4.0,11.30,29.0,0.000,0.000,0.000,0.000,0.000,0.000,0.000,0.000,0.000,0.000,0.006,0.000,0.000,0.013,0.006,0.000,0.006,0.000
79.4101,794,0,move,-1,79.4101,79.4433,0,0.000,-0.088,0.176,-0.176,-0.088,0.088,-0.264,-0.088,0.176,0.000,-0.176,-0.088,-0.088,-0.615,0.527,0.000,0.439,0.176,0.000,0.000,0.000,0.000,0.000,0.000,0.000,0.000,0.000,0.000,0.000,0.000,0.000,-1.202,0.885,0.000,0.000,0.000,0.006,2.4,11.30,32.0,0.000,0.000,0.000,0.006,0.000,0.000,0.006,0.000,0.006,0.000,0.006,0.000,0.000,0.000,0.000,0.000,0.006,0.000
79.5098,795,0,move,-1,79.5098,79.5256,0,0.000,-0.088,0.176,-0.176,-0.088,0.088,-0.264,-0.088,0.176,0.000,-0.176,-0.088,-0.088,-1.055,0.791,0.000,0.439,0.176,0.000,0.000,0.000,0.000,0.000,0.000,0.000,0.000,0.000,0.000,0.000,0.000,0.000,-1.725,1.270,0.000,0.000,0.000,0.006,2.4,11.30,32.0,0.000,0.000,0.000,0.006,0.000,0.000,0.006,0.000,0.006,0.000,0.006,0.000,0.000,0.000,0.000,0.000,0.006,0.000
79.6065,796,0,move,-1,79.6065,79.6177,0,0.000,-0.088,0.176,-0.176,-0.088,0.088,-0.264,-0.088,0.176,0.000,-0.176,-0.088,-0.088,-1.494,1.143,0.000,0.439,0.176,0.000,0.000,0.000,0.000,0.000,0.000,0.000,0.000,0.000,0.000,0.000,0.000,0.000,-2.338,1.720,0.000,0.000,0.000,0.013,4.8,11.30,31.0,0.000,0.000,0.000,0.006,0.000,0.000,0.000,0.000,0.006,0.000,0.006,0.000,0.000,0.006,0.000,0.000,0.013,0.000
79.7061,797,0,move,-1,79.7061,79.7167,0,0.000,-0.088,0.176,-0.176,-0.088,0.088,-0.264,-0.088,0.176,0.000,-0.176,-0.088,-0.088,-2.109,1.670,0.000,0.439,0.176,0.000,0.000,0.000,0.000,0.000,0.000,0.000,0.000,0.000,0.000,0.000,0.000,0.000,-3.039,2.236,0.000,0.000,0.000,0.013,4.8,11.30,31.0,0.000,0.000,0.000,0.006,0.000,0.000,0.000,0.000,0.006,0.000,0.006,0.000,0.000,0.006,0.000,0.000,0.013,0.000
79.8063,798,0,move,-1,79.8063,79.8189,0,0.000,-0.088,0.176,-0.176,-0.088,0.088,-0.264,-0.088,0.176,0.000,-0.176,-0.088,-0.088,-2.725,2.109,0.000,0.439,0.176,0.000,0.000,0.000,0.000,0.000,0.000,0.000,0.000,0.000,0.000,0.000,0.000,0.000,-3.825,2.814,0.000,0.000,0.000,0.019,4.4,11.30,29.0,0.000,0.000,0.006,0.000,0.000,0.000,0.006,0.000,0.006,0.000,0.006,0.000,0.000,0.019,0.000,0.000,0.006,0.000
79.9063,799,0,move,-1,79.9063,79.9185,0,0.000,-0.088,0.176,-0.176,-0.088,0.088,-0.264,-0.088,0.176,0.000,-0.176,-0.088,-0.088,-2.988,2.637,0.000,0.439,0.176,0.000,0.000,0.000,0.000,0.000,0.000,0.000,0.000,0.000,0.000,0.000,0.000,0.000,-4.693,3.452,0.000,0.000,0.000,0.019,4.4,11.30,29.0,0.000,0.000,0.006,0.000,0.000,0.000,0.006,0.000,0.006,0.000,0.006,0.000,0.000,0.019,0.000,0.000,0.006,0.000
80.0061,800,0,move,-1,80.0061,80.0158,0,0.000,-0.088,0.176,-0.176,-0.088,0.088,-0.264,-0.088,0.176,0.000,-0.176,-0.088,-0.088,-4.131,3.164,0.000,0.439,0.176,0.000,0.000,0.000,0.000,0.000,0.000,0.000,0.000,0.000,0.000,0.000,0.000,0.000,-5.639,4.147,0.000,0.000,0.000,0.013,4.4,11.30,29.0,0.000,0.000,0.000,0.006,0.000,0.000,0.006,0.000,0.000,0.000,0.006,0.000,0.000,0.013,0.013,0.000,0.006,0.000
80.1063,801,0,move,-1,80.1063,80.1178,0,0.000,-0.088,0.176,-0.176,-0.088,0.088,-0.264,-0.088,0.176,0.000,-0.176,-0.088,-0.088,-5.010,3.955,0.000,0.439,0.176,0.000,0.000,0.000,0.000,0.000,0.000,0.000,0.000,0.000,0.000,0.000,0.000,0.000,-6.661,4.896,0.000,0.000,0.000,0.013,4.0,11.30,29.0,0.000,0.000,0.000,0.000,0.000,0.000,0.006,0.000,0.000,0.000,0.000,0.000,0.000,0.013,0.000,0.000,0.006,0.000
80.2061,802,0,move,-1,80.2061,80.2119,0,0.000,-0.088,0.176,-0.176,-0.088,0.088,-0.264,-0.088,0.176,0.000,-0.176,-0.088,-0.088,-5.713,4.395,0.000,0.439,0.176,0.000,0.000,0.000,0.000,0.000,0.000,0.000,0.000,0.000,0.000,0.000,0.000,0.000,-7.754,5.698,0.000,0.000,0.000,0.013,4.0,11.30,29.0,0.000,0.000,0.000,0.000,0.000,0.000,0.006,0.000,0.000,0.000,0.000,0.000,0.000,0.013,0.000,0.000,0.006,0.000
80.3061,803,0,move,-1,80.3061,80.3167,0,0.000,-0.088,0.176,-0.176,-0.088,0.088,-0.264,-0.088,0.176,0.000,-0.176,-0.088,-0.088,-7.031,5.361,0.000,0.439,0.176,0.000,0.000,0.000,0.000,0.000,0.000,0.000,0.000,0.000,0.000,0.000,0.000,0.000,-8.915,6.547,0.000,0.000,0.000,0.013,5.6,11.30,29.0,0.000,0.000,0.006,0.000,0.000,0.000,0.000,0.000,0.000,0.000,0.000,0.000,0.000,0.013,0.006,0.000,0.006,0.000
80.4061,804,0,move,-1,80.4061,80.4178,0,0.000,-0.088,0.176,-0.176,-0.088,0.088,-0.264,-0.088,0.176,0.000,-0.176,-0.088,-0.088,-8.086,6.152,0.000,0.439,0.176,0.000,0.000,0.000,0.000,0.000,0.000,0.000,0.000,0.000,0.000,0.000,0.000,0.000,-10.139,7.441,0.000,0.000,0.000,0.013,4.8,11.30,29.0,0.000,0.000,0.000,0.000,0.000,0.000,0.000,0.000,0.000,0.000,0.000,0.000,0.000,0.013,0.000,0.000,0.006,0.006
80.5063,805,0,move,-1,80.5063,80.5205,0,0.000,-0.088,0.176,-0.176,-0.088,0.088,-0.264,-0.088,0.176,0.000,-0.176,-0.088,-0.088,-9.229,7.031,0.000,0.439,0.176,0.000,0.000,0.000,0.000,0.000,0.000,0.000,0.000,0.000,0.000,0.000,0.000,0.000,-11.421,8.375,0.000,0.000,0.000,0.019,5.6,11.30,29.0,0.000,0.000,0.000,0.000,0.000,0.000,0.006,0.000,0.000,0.000,0.000,0.000,0.000,0.019,0.000,0.000,0.006,0.000
80.6061,806,0,move,-1,80.6061,80.6185,0,0.000,-0.088,0.176,-0.176,-0.088,0.088,-0.264,-0.088,0.176,0.000,-0.176,-0.088,-0.088,-9.668,7.559,0.000,0.439,0.176,0.000,0.000,0.000,0.000,0.000,0.000,0.000,0.000,0.000,0.000,0.000,0.000,0.000,-12.756,9.347,0.000,0.000,0.000,0.019,5.6,11.30,29.0,0.000,0.000,0.000,0.000,0.000,0.000,0.006,0.000,0.000,0.000,0.000,0.000,0.000,0.019,0.000,0.000,0.006,0.000
80.7061,807,0,move,-1,80.7061,80.7155,0,0.000,-0.088,0.176,-0.176,-0.088,0.088,-0.264,-0.088,0.176,0.000,-0.176,-0.088,-0.088,-10.986,8.701,0.000,0.439,0.176,0.000,0.000,0.000,0.000,0.000,0.000,0.000,0.000,0.000,0.000,0.000,0.000,0.000,-14.141,10.350,0.000,0.000,0.000,0.013,5.6,11.30,29.0,0.000,0.000,0.000,0.000,0.000,0.000,0.000,0.000,0.000,0.000,0.000,0.000,0.000,0.013,0.000,0.000,0.006,0.000
80.8068,808,0,move,-1,80.8068,80.8378,0,0.000,-0.088,0.176,-0.176,-0.088,0.088,-0.264,-0.088,0.176,0.000,-0.176,-0.088,-0.088,-12.744,9.756,0.000,0.439,0.176,0.000,0.000,0.000,0.000,0.000,0.000,0.000,0.000,0.000,0.000,0.000,0.000,0.000,-15.570,11.382,0.000,0.000,0.000,0.013,5.6,11.30,29.0,0.000,0.000,0.000,0.000,0.000,0.000,0.000,0.000,0.006,0.000,0.000,0.000,0.000,0.013,0.013,0.000,0.006,0.006
80.9061,809,0,move,-1,80.9061,80.9193,0,0.000,-0.088,0.176,-0.176,-0.088,0.088,-0.264,-0.088,0.176,0.000,-0.176,-0.088,-0.088,-14.326,10.811,0.000,0.439,0.176,0.000,0.000,0.000,0.000,0.000,0.000,0.000,0.000,0.000,0.000,0.000,0.000,0.000,-17.038,12.438,0.000,0.000,0.000,0.013,5.6,11.30,29.0,0.000,0.000,0.000,0.000,0.000,0.000,0.000,0.000,0.006,0.000,0.000,0.000,0.000,0.013,0.013,0.000,0.006,0.006
81.0061,810,0,move,-1,81.0061,81.0181,0,0.000,-0.088,0.176,-0.176,-0.088,0.088,-0.264,-0.088,0.176,0.000,-0.176,-0.088,-0.088,-15.732,11.865,0.000,0.439,0.176,0.000,0.000,0.000,0.000,0.000,0.000,0.000,0.000,0.000,0.000,0.000,0.000,0.000,-18.539,13.514,0.000,0.000,0.000,0.013,4.8,11.30,31.0,0.000,0.000,0.000,0.000,0.000,0.000,0.000,0.000,0.000,0.000,0.000,0.000,0.000,0.006,0.000,0.000,0.013,0.000
81.1062,811,0,move,-1,81.1062,81.1183,0,0.000,-0.088,0.176,-0.176,-0.088,0.088,-0.264,-0.088,0.176,0.000,-0.176,-0.088,-0.088,-17.139,13.008,0.000,0.439,0.176,0.000,0.000,0.000,0.000,0.000,0.000,0.000,0.000,0.000,0.000,0.000,0.000,0.000,-20.068,14.603,0.000,0.000,0.000,0.013,5.6,11.30,29.0,0.000,0.000,0.006,0.006,0.000,0.000,0.006,0.000,0.000,0.000,0.000,0.000,0.000,0.013,0.006,0.000,0.006,0.000
81.2061,812,0,move,-1,81.2061,81.2169,0,0.000,-0.088,0.176,-0.176,-0.088,0.088,-0.264,-0.088,0.176,0.000,-0.176,-0.088,-0.088,-18.633,13.975,0.000,0.439,0.176,0.000,0.000,0.000,0.000,0.000,0.000,0.000,0.000,0.000,0.000,0.000,0.000,0.000,-21.620,15.703,0.000,0.000,0.000,0.013,5.6,11.30,29.0,0.000,0.000,0.006,0.006,0.000,0.000,0.006,0.000,0.000,0.000,0.000,0.000,0.000,0.013,0.006,0.000,0.006,0.000
81.3061,813,0,move,-1,81.3061,81.3208,0,0.000,-0.088,0.176,-0.176,-0.088,0.088,-0.264,-0.088,0.176,0.000,-0.176,-0.088,-0.088,-20.215,15.029,0.000,0.439,0.176,0.000,0.000,0.000,0.000,0.000,0.000,0.000,0.000,0.000,0.000,0.000,0.000,0.000,-23.189,16.807,0.000,0.000,0.000,0.019,5.6,11.30,29.0,0.000,0.000,0.000,0.006,0.000,0.000,0.000,0.000,0.000,0.000,0.000,0.000,0.000,0.019,0.006,0.000,0.006,0.000
81.4061,814,0,move,-1,81.4061,81.4156,0,0.000,-0.088,0.176,-0.176,-0.088,0.088,-0.264,-0.088,0.176,0.000,-0.176,-0.088,-0.088,-21.709,16.172,0.000,0.439,0.176,0.000,0.000,0.000,0.000,0.000,0.000,0.000,0.000,0.000,0.000,0.000,0.000,0.000,-24.769,17.912,0.000,0.000,0.000,0.019,5.6,11.30,29.0,0.000,0.000,0.000,0.006,0.000,0.000,0.000,0.000,0.000,0.000,0.000,0.000,0.000,0.019,0.006,0.000,0.006,0.000
81.5061,815,0,move,-1,81.5061,81.5168,0,0.000,-0.088,0.176,-0.176,-0.088,0.088,-0.264,-0.088,0.176,0.000,-0.176,-0.088,-0.088,-23.203,17.314,0.000,0.439,0.176,0.000,0.000,0.000,0.000,0.000,0.000,0.000,0.000,0.000,0.000,0.000,0.000,0.000,-26.354,19.012,0.000,0.000,0.000,0.019,6.0,11.30,29.0,0.000,0.000,0.000,0.006,0.000,0.000,0.006,0.000,0.006,0.000,0.006,0.000,0.000,0.019,0.000,0.000,0.006,0.006
81.6061,816,0,move,-1,81.6061,81.6160,0,0.000,-0.088,0.176,-0.176,-0.088,0.088,-0.264,-0.088,0.176,0.000,-0.176,-0.088,-0.088,-24.785,18.369,0.000,0.439,0.176,0.000,0.000,0.000,0.000,0.000,0.000,0.000,0.000,0.000,0.000,0.000,0.000,0.000,-27.940,20.103,0.000,0.000,0.000,0.019,6.0,11.30,29.0,0.000,0.000,0.000,0.006,0.000,0.000,0.006,0.000,0.006,0.000,0.006,0.000,0.000,0.019,0.000,0.000,0.006,0.006
81.7061,817,0,move,-1,81.7061,81.7164,0,0.000,-0.088,0.176,-0.176,-0.088,0.088,-0.264,-0.088,0.176,0.000,-0.176,-0.088,-0.088,-26.367,19.512,0.000,0.439,0.176,0.000,0.000,0.000,0.000,0.000,0.000,0.000,0.000,0.000,0.000,0.000,0.000,0.000,-29.519,21.181,0.000,0.000,0.000,0.013,5.6,11.30,29.0,0.000,0.000,0.000,0.006,0.000,0.000,0.006,0.000,0.006,0.000,0.000,0.000,0.000,0.013,0.006,0.000,0.013,0.006
81.8061,818,0,move,-1,81.8061,81.8159,0,0.000,-0.088,0.176,-0.176,-0.088,0.088,-0.264,-0.088,0.176,0.000,-0.176,-0.088,-0.088,-27.861,20.566,0.000,0.439,0.176,0.000,0.000,0.000,0.000,0.000,0.000,0.000,0.000,0.000,0.000,0.000,0.000,0.000,-31.087,22.240,0.000,0.000,0.000,0.013,5.6,11.30,29.0,0.000,0.000,0.000,0.006,0.000,0.000,0.006,0.000,0.006,0.000,0.000,0.000,0.000,0.013,0.006,0.000,0.013,0.006
81.9061,819,0,move,-1,81.9061,81.9174,0,0.000,-0.088,0.176,-0.176,-0.088,0.088,-0.264,-0.088,0.176,0.000,-0.176,-0.088,-0.088,-29.531,21.709,0.000,0.439,0.176,0.000,0.000,0.000,0.000,0.000,0.000,0.000,0.000,0.000,0.000,0.000,0.000,0.000,-32.637,23.276,0.000,0.000,0.000,0.013,5.6,11.30,29.0,0.000,0.000,0.000,0.000,0.000,0.000,0.006,0.000,0.000,0.000,0.006,0.000,0.000,0.013,0.006,0.000,0.006,0.000
82.0070,820,0,move,-1,82.0070,82.0251,0,0.000,-0.088,0.176,-0.176,-0.088,0.088,-0.264,-0.088,0.176,0.000,-0.176,-0.088,-0.088,-29.531,22.764,0.000,0.439,0.176,0.000,0.000,0.000,0.000,0.000,0.000,0.000,0.000,0.000,0.000,0.000,0.000,0.000,-34.162,24.285,0.000,0.000,0.000,0.006,2.4,11.30,32.0,0.000,0.000,0.000,0.006,0.000,0.000,0.000,0.000,0.006,0.000,0.006,0.000,0.000,,0.006,0.000,0.006,0.000
82.1062,821,0,move,-1,82.1062,82.1169,0,0.000,-0.088,0.176,-0.176,-0.088,0.088,-0.264,-0.088,0.176,0.000,-0.176,-0.088,-0.088,-32.607,23.730,0.000,0.439,0.176,0.000,0.000,0.000,0.000,0.000,0.000,0.000,0.000,0.000,0.000,0.000,0.000,0.000,-35.658,25.263,0.000,0.000,0.000,0.006,2.4,11.30,32.0,0.000,0.000,0.000,0.006,0.000,0.000,0.000,0.000,0.006,0.000,0.006,0.000,0.000,,0.006,0.000,0.006,0.000
82.2061,822,0,move,-1,82.2061,82.2180,0,0.000,-0.088,0.176,-0.176,-0.088,0.088,-0.264,-0.088,0.176,0.000,-0.176,-0.088,-0.088,-34.102,24.785,0.000,0.439,0.176,0.000,0.000,0.000,0.000,0.000,0.000,0.000,0.000,0.000,0.000,0.000,0.000,0.000,-37.119,26.207,0.000,0.000,0.000,0.013,6.8,11.30,29.0,0.000,0.000,0.000,0.000,0.000,0.000,0.006,0.000,0.000,0.000,0.000,0.000,0.000,0.013,0.000,0.000,0.006,0.000
82.3061,823,0,move,-1,82.3061,82.3201,0,0.000,-0.088,0.176,-0.176,-0.088,0.088,-0.264,-0.088,0.176,0.000,-0.176,-0.088,-0.088,-35.596,25.664,0.000,0.439,0.176,0.000,0.000,0.000,0.000,0.000,0.000,0.000,0.000,0.000,0.000,0.000,0.000,0.000,-38.538,27.112,0.000,0.000,0.000,0.026,6.8,11.30,29.0,0.000,0.000,0.000,0.000,0.000,0.000,0.000,0.000,0.006,0.000,0.000,0.000,0.000,0.026,0.000,0.000,0.006,0.000
82.4061,824,0,move,-1,82.4061,82.4196,0,0.000,-0.088,0.176,-0.176,-0.088,0.088,-0.264,-0.088,0.176,0.000,-0.176,-0.088,-0.088,-36.914,26.719,0.000,0.439,0.176,0.000,0.000,0.000,0.000,0.000,0.000,0.000,0.000,0.000,0.000,0.000,0.000,0.000,-39.910,27.976,0.000,0.000,0.000,0.026,6.8,11.30,29.0,0.000,0.000,0.000,0.000,0.000,0.000,0.000,0.000,0.006,0.000,0.000,0.000,0.000,0.026,0.000,0.000,0.006,0.000
82.5061,825,0,move,-1,82.5061,82.5194,0,0.000,-0.088,0.176,-0.176,-0.088,0.088,-0.264,-0.088,0.176,0.000,-0.176,-0.088,-0.088,-38.145,27.598,0.000,0.439,0.176,0.000,0.000,0.000,0.000,0.000,0.000,0.000,0.000,0.000,0.000,0.000,0.000,0.000,-41.228,28.795,0.000,0.000,0.000,0.039,9.6,11.30,29.0,0.000,0.000,0.000,0.006,0.000,0.000,0.006,0.000,0.000,0.000,0.006,0.000,0.000,0.039,0.006,0.000,0.006,0.006
82.6063,826,0,move,-1,82.6063,82.6174,0,0.000,-0.088,0.176,-0.176,-0.088,0.088,-0.264,-0.088,0.176,0.000,-0.176,-0.088,-0.088,-39.375,28.389,0.000,0.439,0.176,0.000,0.000,0.000,0.000,0.000,0.000,0.000,0.000,0.000,0.000,0.000,0.000,0.000,-42.487,29.567,0.000,0.000,0.000,0.039,9.6,11.30,29.0,0.000,0.000,0.000,0.006,0.000,0.000,0.006,0.000,0.000,0.000,0.006,0.000,0.000,0.039,0.006,0.000,0.006,0.006
82.7063,827,0,move,-1,82.7063,82.7180,0,0.000,-0.088,0.176,-0.176,-0.088,0.088,-0.264,-0.088,0.176,0.000,-0.176,-0.088,-0.088,-40.693,29.268,0.000,0.439,0.176,0.000,0.000,0.000,0.000,0.000,0.000,0.000,0.000,0.000,0.000,0.000,0.000,0.000,-43.680,30.289,0.000,0.000,0.000,0.058,11.2,11.30,29.0,0.000,0.000,0.000,0.000,0.000,0.000,0.006,0.000,0.000,0.000,0.000,0.000,0.000,0.058,0.006,0.000,0.006,0.000
82.8061,828,0,move,-1,82.8061,82.8148,0,0.000,-0.088,0.176,-0.176,-0.088,0.088,-0.264,-0.088,0.176,0.000,-0.176,-0.088,-0.088,-41.748,29.971,0.000,0.439,0.176,0.000,0.000,0.000,0.000,0.000,0.000,0.000,0.000,0.000,0.000,0.000,0.000,0.000,-44.803,30.959,0.000,0.000,0.000,0.058,11.2,11.30,29.0,0.000,0.000,0.000,0.000,0.000,0.000,0.006,0.000,0.000,0.000,0.000,0.000,0.000,0.058,0.006,0.000,0.006,0.000
82.9084,829,0,move,-1,82.9084,82.9330,0,0.000,-0.088,0.176,-0.176,-0.088,0.088,-0.264,-0.088,0.176,0.000,-0.176,-0.088,-0.088,-43.154,30.762,0.000,0.439,0.176,0.000,0.000,0.000,0.000,0.000,0.000,0.000,0.000,0.000,0.000,0.000,0.000,0.000,-45.851,31.576,0.000,0.000,0.000,0.136,13.6,11.30,29.0,0.000,0.000,0.006,0.000,0.000,0.000,0.006,0.000,0.000,0.000,0.000,0.000,0.000,0.136,0.000,0.000,0.006,0.006
83.0064,830,0,move,-1,83.0064,83.0166,0,0.000,-0.088,0.176,-0.176,-0.088,0.088,-0.264,-0.088,0.176,0.000,-0.176,-0.088,-0.088,-43.857,31.289,0.000,0.439,0.176,0.000,0.000,0.000,0.000,0.000,0.000,0.000,0.000,0.000,0.000,0.000,0.000,0.000,-46.816,32.136,0.000,0.000,0.000,0.136,13.6,11.30,29.0,0.000,0.000,0.006,0.000,0.000,0.000,0.006,0.000,0.000,0.000,0.000,0.000,0.000,0.136,0.000,0.000,0.006,0.006
83.1146,831,0,move,-1,83.1146,83.1404,0,0.000,-0.088,0.176,-0.176,-0.088,0.088,-0.264,-0.088,0.176,0.000,-0.176,-0.088,-0.088,-45.264,31.992,0.000,0.439,0.176,0.000,0.000,0.000,0.000,0.000,0.000,0.000,0.000,0.000,0.000,0.000,0.000,0.000,-47.696,32.641,0.000,0.000,0.000,0.013,4.0,11.30,29.0,0.000,0.000,0.000,0.000,0.000,0.000,0.000,0.000,0.000,0.000,0.000,0.000,0.000,0.013,0.000,0.000,0.000,0.000
83.2063,832,0,move,-1,83.2063,83.2174,0,0.000,-0.088,0.176,-0.176,-0.088,0.088,-0.264,-0.088,0.176,0.000,-0.176,-0.088,-0.088,-45.088,32.256,0.000,0.439,0.176,0.000,0.000,0.000,0.000,0.000,0.000,0.000,0.000,0.000,0.000,0.000,0.000,0.000,-48.483,33.087,0.000,0.000,0.000,0.013,4.0,11.30,29.0,0.000,0.000,0.000,0.000,0.000,0.000,0.000,0.000,0.000,0.000,0.000,0.000,0.000,0.013,0.000,0.000,0.000,0.000
83.3061,833,0,move,-1,83.3061,83.3181,0,0.000,-0.088,0.176,-0.176,-0.088,0.088,-0.264,-0.088,0.176,0.000,-0.176,-0.088,-0.088,-45.791,32.871,0.000,0.439,0.176,0.000,0.000,0.000,0.000,0.000,0.000,0.000,0.000,0.000,0.000,0.000,0.000,0.000,-49.176,33.476,0.000,0.000,0.000,0.123,14.8,11.30,29.0,0.000,0.000,0.000,0.000,0.000,0.000,0.000,0.000,0.000,0.000,0.006,0.000,0.000,0.123,0.006,0.000,0.006,0.006
83.4061,834,0,move,-1,83.4061,83.4214,0,0.000,-0.088,0.176,-0.176,-0.088,0.088,-0.264,-0.088,0.176,0.000,-0.176,-0.088,-0.088,-47.285,33.398,0.000,0.439,0.176,0.000,0.000,0.000,0.000,0.000,0.000,0.000,0.000,0.000,0.000,0.000,0.000,0.000,-49.769,33.806,0.000,0.000,0.000,0.123,14.8,11.30,29.0,0.000,0.000,0.006,0.000,0.000,0.000,0.006,0.000,0.006,0.000,0.006,0.000,0.000,0.123,0.013,0.000,0.006,0.000
83.5061,835,0,move,-1,83.5061,83.5164,0,0.000,-0.088,0.176,-0.176,-0.088,0.088,-0.264,-0.088,0.176,0.000,-0.176,-0.088,-0.088,-47.109,33.750,0.000,0.439,0.176,0.000,0.000,0.000,0.000,0.000,0.000,0.000,0.000,0.000,0.000,0.000,0.000,0.000,-50.260,34.076,0.000,0.000,0.000,0.123,14.8,11.30,29.0,0.000,0.000,0.006,0.000,0.000,0.000,0.006,0.000,0.006,0.000,0.006,0.000,0.000,0.123,0.013,0.000,0.006,0.000
83.6062,836,0,move,-1,83.6062,83.6174,0,0.000,-0.088,0.176,-0.176,-0.088,0.088,-0.264,-0.088,0.176,0.000,-0.176,-0.088,-0.088,-48.164,34.189,0.000,0.439,0.176,0.000,0.000,0.000,0.000,0.000,0.000,0.000,0.000,0.000,0.000,0.000,0.000,0.000,-50.644,34.286,0.000,0.000,0.000,0.123,15.2,11.30,29.0,0.000,0.000,0.000,0.006,0.000,0.000,0.006,0.000,0.006,0.000,0.000,0.000,0.000,0.123,0.006,0.000,0.013,0.000
83.7061,837,0,move,-1,83.7061,83.7188,0,0.000,-0.088,0.176,-0.176,-0.088,0.088,-0.264,-0.088,0.176,0.000,-0.176,-0.088,-0.088,-49.307,34.189,0.000,0.439,0.176,0.000,0.000,0.000,0.000,0.000,0.000,0.000,0.000,0.000,0.000,0.000,0.000,0.000,-50.920,34.437,0.000,0.000,0.000,0.065,12.8,11.30,29.0,0.000,0.000,0.000,0.006,0.000,0.000,0.006,0.000,0.006,0.000,0.000,0.000,0.000,0.065,0.000,0.000,0.006,0.006
83.8063,838,0,move,-1,83.8063,83.8174,0,0.000,-0.088,0.176,-0.176,-0.088,0.088,-0.264,-0.088,0.176,0.000,-0.176,-0.088,-0.088,-49.922,34.453,0.000,0.439,0.176,0.000,0.000,0.000,0.000,0.000,0.000,0.000,0.000,0.000,0.000,0.000,0.000,0.000,-51.087,34.527,0.000,0.000,0.000,0.065,12.8,11.30,29.0,0.000,0.000,0.000,0.006,0.000,0.000,0.006,0.000,0.006,0.000,0.000,0.000,0.000,0.065,0.000,0.000,0.006,0.006
83.9061,839,0,move,-1,83.9061,83.9183,0,0.000,-0.088,0.176,-0.176,-0.088,0.088,-0.264,-0.088,0.176,0.000,-0.176,-0.088,-0.088,-50.010,34.453,0.000,0.439,0.176,0.000,0.000,0.000,0.000,0.000,0.000,0.000,0.000,0.000,0.000,0.000,0.000,0.000,-51.143,34.557,0.000,0.000,0.000,0.078,10.4,11.30,29.0,0.000,0.000,0.000,0.000,0.000,0.000,0.006,0.000,0.000,0.000,0.000,0.000,0.000,0.078,0.000,0.000,0.013,0.006
84.0081,840,0,move,-1,84.0081,84.0365,0,0.000,-0.088,0.176,-0.176,-0.088,0.088,-0.264,-0.088,0.176,0.000,-0.176,-0.088,-0.088,-50.010,34.453,0.000,0.439,0.176,0.000,0.000,0.000,0.000,0.000,0.000,0.000,0.000,0.000,0.000,0.000,0.000,0.000,-51.143,34.557,0.000,0.000,0.000,0.111,11.2,11.30,29.0,0.000,0.000,0.000,0.000,0.000,0.000,0.006,0.000,0.006,0.000,0.000,0.000,0.000,0.111,0.000,0.000,0.006,0.006
84.1100,841,0,move,-1,84.1100,84.1309,0,0.000,-0.088,0.176,-0.176,-0.088,0.088,-0.264,-0.088,0.176,0.000,-0.176,-0.088,-0.088,-50.010,34.453,0.000,0.439,0.176,0.000,0.000,0.000,0.000,0.000,0.000,0.000,0.000,0.000,0.000,0.000,0.000,0.000,-51.143,34.557,0.000,0.000,0.000,0.111,11.2,11.30,29.0,0.000,0.000,0.000,0.000,0.000,0.000,0.006,0.000,0.006,0.000,0.000,0.000,0.000,0.111,0.000,0.000,0.006,0.006
84.2061,842,0,move,-1,84.2061,84.2205,0,0.000,-0.088,0.176,-0.176,-0.088,0.088,-0.264,-0.088,0.176,0.000,-0.176,-0.088,-0.088,-50.010,34.453,0.000,0.439,0.176,0.000,0.000,0.000,0.000,0.000,0.000,0.000,0.000,0.000,0.000,0.000,0.000,0.000,-51.143,34.557,0.000,0.000,0.000,0.084,11.2,11.30,29.0,0.000,0.000,0.000,0.000,0.000,0.000,0.006,0.000,0.000,0.000,0.000,0.000,0.000,0.084,0.000,0.000,0.013,0.000
84.3061,843,0,move,-1,84.3061,84.3168,0,0.000,-0.088,0.176,-0.176,-0.088,0.088,-0.264,-0.088,0.176,0.000,-0.176,-0.088,-0.088,-50.010,34.453,0.000,0.439,0.176,0.000,0.000,0.000,0.000,0.000,0.000,0.000,0.000,0.000,0.000,0.000,0.000,0.000,-51.143,34.557,0.000,0.000,0.000,0.084,11.2,11.30,29.0,0.000,0.000,0.000,0.000,0.000,0.000,0.006,0.000,0.000,0.000,0.000,0.000,0.000,0.084,0.000,0.000,0.013,0.000
84.4063,844,0,move,-1,84.4063,84.4183,0,0.000,-0.088,0.176,-0.176,-0.088,0.088,-0.264,-0.088,0.176,0.000,-0.176,-0.088,-0.088,-50.010,34.453,0.000,0.439,0.176,0.000,0.000,0.000,0.000,0.000,0.000,0.000,0.000,0.000,0.000,0.000,0.000,0.000,-51.143,34.557,0.000,0.000,0.000,0.111,11.2,11.30,29.0,0.000,0.000,0.000,0.000,0.000,0.000,0.006,0.000,0.000,0.000,0.000,0.000,0.000,0.111,0.000,0.000,0.006,0.006
84.5083,845,0,move,-1,84.5083,84.5197,0,0.000,-0.088,0.176,-0.176,-0.088,0.088,-0.264,-0.088,0.176,0.000,-0.176,-0.088,-0.088,-50.186,34.453,0.000,0.439,0.176,0.000,0.000,0.000,0.000,0.000,0.000,0.000,0.000,0.000,0.000,0.000,0.000,0.000,-51.143,34.557,0.000,0.000,0.000,0.104,11.2,11.30,29.0,0.000,0.000,0.000,0.000,0.000,0.000,0.006,0.000,0.000,0.000,0.006,0.000,0.000,0.104,0.000,0.000,0.006,0.000
84.6063,846,0,move,-1,84.6063,84.6189,0,0.000,-0.088,0.176,-0.176,-0.088,0.088,-0.264,-0.088,0.176,0.000,-0.176,-0.088,-0.088,-50.273,34.453,0.000,0.439,0.176,0.000,0.000,0.000,0.000,0.000,0.000,0.000,0.000,0.000,0.000,0.000,0.000,0.000,-51.143,34.557,0.000,0.000,0.000,0.104,11.2,11.30,29.0,0.000,0.000,0.000,0.000,0.000,0.000,0.006,0.000,0.000,0.000,0.006,0.000,0.000,0.104,0.000,0.000,0.006,0.000
84.7081,847,0,move,-1,84.7081,84.7337,0,0.000,-0.088,0.176,-0.176,-0.088,0.088,-0.264,-0.088,0.176,0.000,-0.176,-0.088,-0.088,-50.273,34.453,0.000,0.439,0.176,0.000,0.000,0.000,0.000,0.000,0.000,0.000,0.000,0.000,0.000,0.000,0.000,0.000,-51.143,34.557,0.000,0.000,0.000,0.045,8.8,11.30,29.0,0.000,0.000,0.000,0.000,0.000,0.000,0.006,0.000,0.000,0.000,0.000,0.000,0.000,0.045,0.000,0.000,0.006,0.000
84.8061,848,0,move,-1,84.8061,84.8172,0,0.000,-0.088,0.176,-0.176,-0.088,0.088,-0.264,-0.088,0.176,0.000,-0.176,-0.088,-0.088,-50.273,34.453,0.000,0.439,0.176,0.000,0.000,0.000,0.000,0.000,0.000,0.000,0.000,0.000,0.000,0.000,0.000,0.000,-51.143,34.557,0.000,0.000,0.000,0.045,8.8,11.30,29.0,0.000,0.000,0.000,0.000,0.000,0.000,0.006,0.000,0.000,0.000,0.000,0.000,0.000,0.045,0.000,0.000,0.006,0.000
84.9061,849,0,move,-1,84.9061,84.9236,0,0.000,-0.088,0.176,-0.176,-0.088,0.088,-0.264,-0.088,0.176,0.000,-0.176,-0.088,-0.088,-50.361,34.453,0.000,0.439,0.176,0.000,0.000,0.000,0.000,0.000,0.000,0.000,0.000,0.000,0.000,0.000,0.000,0.000,-51.143,34.557,0.000,0.000,0.000,0.058,8.8,11.30,29.0,0.000,0.000,0.006,0.006,0.000,0.000,0.006,0.000,0.000,0.000,0.000,0.000,0.000,0.058,0.000,0.000,0.013,0.000
85.0069,850,0,move,-1,85.0069,85.0278,0,0.000,-0.088,0.176,-0.176,-0.088,0.088,-0.264,-0.088,0.176,0.000,-0.176,-0.088,-0.088,-50.361,34.453,0.000,0.439,0.176,0.000,0.000,0.000,0.000,0.000,0.000,0.000,0.000,0.000,0.000,0.000,0.000,0.000,-51.143,34.557,0.000,0.000,0.000,0.039,8.0,11.30,29.0,0.000,0.000,0.000,0.000,0.000,0.000,0.000,0.000,0.000,0.000,0.000,0.000,0.000,0.039,0.000,0.000,0.006,0.006
85.1061,851,0,move,-1,85.1061,85.1168,0,0.000,-0.088,0.176,-0.176,-0.088,0.088,-0.264,-0.088,0.176,0.000,-0.176,-0.088,-0.088,-50.361,34.453,0.000,0.439,0.176,0.000,0.000,0.000,0.000,0.000,0.000,0.000,0.000,0.000,0.000,0.000,0.000,0.000,-51.143,34.557,0.000,0.000,0.000,0.039,8.0,11.30,29.0,0.000,0.000,0.000,0.000,0.000,0.000,0.000,0.000,0.000,0.000,0.000,0.000,0.000,0.039,0.000,0.000,0.006,0.006
85.2062,852,0,move,-1,85.2062,85.2165,0,0.000,-0.088,0.176,-0.176,-0.088,0.088,-0.264,-0.088,0.176,0.000,-0.176,-0.088,-0.088,-50.361,34.453,0.000,0.439,0.176,0.000,0.000,0.000,0.000,0.000,0.000,0.000,0.000,0.000,0.000,0.000,0.000,0.000,-51.143,34.557,0.000,0.000,0.000,0.033,8.0,11.30,29.0,0.000,0.000,0.006,0.000,0.000,0.000,0.006,0.000,0.006,0.000,0.006,0.000,0.000,0.033,0.000,0.000,0.006,0.000
85.3063,853,0,move,-1,85.3063,85.3196,0,0.000,-0.088,0.176,-0.176,-0.088,0.088,-0.264,-0.088,0.176,0.000,-0.176,-0.088,-0.088,-50.361,34.453,0.000,0.439,0.176,0.000,0.000,0.000,0.000,0.000,0.000,0.000,0.000,0.000,0.000,0.000,0.000,0.000,-51.143,34.557,0.000,0.000,0.000,0.039,8.0,11.30,29.0,0.000,0.000,0.000,0.000,0.000,0.000,0.000,0.000,0.000,0.000,0.000,0.000,0.000,0.039,0.000,0.000,0.006,0.000
85.4061,854,0,move,-1,85.4061,85.4172,0,0.000,-0.088,0.176,-0.176,-0.088,0.088,-0.264,-0.088,0.176,0.000,-0.176,-0.088,-0.088,-50.361,34.453,0.000,0.439,0.176,0.000,0.000,0.000,0.000,0.000,0.000,0.000,0.000,0.000,0.000,0.000,0.000,0.000,-51.143,34.557,0.000,0.000,0.000,0.039,8.0,11.30,29.0,0.000,0.000,0.000,0.000,0.000,0.000,0.000,0.000,0.000,0.000,0.000,0.000,0.000,0.039,0.000,0.000,0.006,0.000
85.5061,855,0,move,-1,85.5061,85.5184,0,0.000,-0.088,0.176,-0.176,-0.088,0.088,-0.264,-0.088,0.176,0.000,-0.176,-0.088,-0.088,-50.361,34.453,0.000,0.439,0.176,0.000,0.000,0.000,0.000,0.000,0.000,0.000,0.000,0.000,0.000,0.000,0.000,0.000,-51.143,34.557,0.000,0.000,0.000,0.052,8.0,11.30,29.0,0.000,0.000,0.000,0.000,0.000,0.000,0.006,0.000,0.000,0.000,0.000,0.000,0.000,0.052,0.000,0.000,0.006,0.006
85.6061,856,0,move,-1,85.6061,85.6170,0,0.000,-0.088,0.176,-0.176,-0.088,0.088,-0.264,-0.088,0.176,0.000,-0.176,-0.088,-0.088,-50.361,34.453,0.000,0.439,0.176,0.000,0.000,0.000,0.000,0.000,0.000,0.000,0.000,0.000,0.000,0.000,0.000,0.000,-51.143,34.557,0.000,0.000,0.000,0.052,8.0,11.30,29.0,0.000,0.000,0.000,0.000,0.000,0.000,0.006,0.000,0.000,0.000,0.000,0.000,0.000,0.052,0.000,0.000,0.006,0.006
85.7061,857,0,move,-1,85.7061,85.7159,0,0.000,-0.088,0.176,-0.176,-0.088,0.088,-0.264,-0.088,0.176,0.000,-0.176,-0.088,-0.088,-50.361,34.453,0.000,0.439,0.176,0.000,0.000,0.000,0.000,0.000,0.000,0.000,0.000,0.000,0.000,0.000,0.000,0.000,-51.143,34.557,0.000,0.000,0.000,0.039,8.0,11.30,29.0,0.000,0.000,0.000,0.000,0.000,0.000,0.006,0.000,0.000,0.000,0.000,0.000,0.000,0.039,0.000,0.000,0.006,0.000
85.8063,858,0,move,-1,85.8063,85.8185,0,0.000,-0.088,0.176,-0.176,-0.088,0.088,-0.264,-0.088,0.176,0.000,-0.176,-0.088,-0.088,-50.361,34.453,0.000,0.439,0.176,0.000,0.000,0.000,0.000,0.000,0.000,0.000,0.000,0.000,0.000,0.000,0.000,0.000,-51.143,34.557,0.000,0.000,0.000,0.052,8.0,11.30,29.0,0.000,0.000,0.000,0.000,0.000,0.000,0.006,0.000,0.000,0.000,0.006,0.000,0.000,0.052,0.000,0.000,0.006,0.006
85.9061,859,0,move,-1,85.9061,85.9183,0,0.000,-0.088,0.176,-0.176,-0.088,0.088,-0.264,-0.088,0.176,0.000,-0.176,-0.088,-0.088,-50.361,34.453,0.000,0.439,0.176,0.000,0.000,0.000,0.000,0.000,0.000,0.000,0.000,0.000,0.000,0.000,0.000,0.000,-51.143,34.557,0.000,0.000,0.000,0.052,8.0,11.30,29.0,0.000,0.000,0.000,0.000,0.000,0.000,0.006,0.000,0.000,0.000,0.006,0.000,0.000,0.052,0.000,0.000,0.006,0.006
86.0063,860,0,move,-1,86.0063,86.0169,0,0.000,-0.088,0.176,-0.176,-0.088,0.088,-0.264,-0.088,0.176,0.000,-0.176,-0.088,-0.088,-50.361,34.453,0.000,0.439,0.176,0.000,0.000,0.000,0.000,0.000,0.000,0.000,0.000,0.000,0.000,0.000,0.000,0.000,-51.143,34.557,0.000,0.000,0.000,0.052,8.0,11.30,29.0,0.000,0.000,0.000,0.000,0.000,0.000,0.000,0.000,0.000,0.000,0.000,0.000,0.000,0.052,0.000,0.000,0.006,0.000
86.1061,861,0,move,-1,86.1061,86.2179,0,0.000,-0.088,0.176,-0.176,-0.088,0.088,-0.264,-0.088,0.176,0.000,-0.176,-0.088,-0.088,-50.361,34.453,0.000,0.439,0.176,0.000,0.000,0.000,0.000,0.000,0.000,0.000,0.000,0.000,0.000,0.000,0.000,0.000,-51.143,34.557,0.000,0.000,0.000,0.039,8.0,11.30,29.0,0.000,0.000,0.000,0.000,0.000,0.000,0.000,0.000,0.000,0.000,0.000,0.000,0.000,0.039,0.000,0.000,0.006,0.006
86.2314,862,0,move,-1,86.2314,86.2520,0,0.000,-0.088,0.176,-0.176,-0.088,0.088,-0.264,-0.088,0.176,0.000,-0.176,-0.088,-0.088,-50.361,34.453,0.000,0.439,0.176,0.000,0.000,0.000,0.000,0.000,0.000,0.000,0.000,0.000,0.000,0.000,0.000,0.000,-51.143,34.557,0.000,0.000,0.000,0.039,8.0,11.30,29.0,0.000,0.000,0.000,0.000,0.000,0.000,0.000,0.000,0.000,0.000,0.000,0.000,0.000,0.039,0.000,0.000,0.006,0.006
86.3117,863,0,move,-1,86.3117,86.3257,0,0.000,-0.088,0.176,-0.176,-0.088,0.088,-0.264,-0.088,0.176,0.000,-0.176,-0.088,-0.088,-50.361,34.453,0.000,0.439,0.176,0.000,0.000,0.000,0.000,0.000,0.000,0.000,0.000,0.000,0.000,0.000,0.000,0.000,-51.143,34.557,0.000,0.000,0.000,0.052,8.0,11.30,29.0,0.000,0.000,0.000,0.000,0.000,0.000,0.006,0.000,0.000,0.000,0.000,0.000,0.000,0.052,0.000,0.000,0.013,0.000
86.4063,864,0,move,-1,86.4063,86.4182,0,0.000,-0.088,0.176,-0.176,-0.088,0.088,-0.264,-0.088,0.176,0.000,-0.176,-0.088,-0.088,-50.361,34.453,0.000,0.439,0.176,0.000,0.000,0.000,0.000,0.000,0.000,0.000,0.000,0.000,0.000,0.000,0.000,0.000,-51.143,34.557,0.000,0.000,0.000,0.052,8.0,11.30,29.0,0.000,0.000,0.000,0.000,0.000,0.000,0.006,0.000,0.000,0.000,0.000,0.000,0.000,0.052,0.000,0.000,0.013,0.000
86.5099,865,0,move,-1,86.5099,86.5215,0,0.000,-0.088,0.176,-0.176,-0.088,0.088,-0.264,-0.088,0.176,0.000,-0.176,-0.088,-0.088,-50.449,34.453,0.000,0.439,0.176,0.000,0.000,0.000,0.000,0.000,0.000,0.000,0.000,0.000,0.000,0.000,0.000,0.000,-51.143,34.557,0.000,0.000,0.000,0.039,8.0,11.30,29.0,0.000,0.000,0.000,0.000,0.000,0.000,0.006,0.000,0.000,0.000,0.000,0.000,0.000,0.039,0.000,0.000,0.006,0.000
86.6061,866,0,move,-1,86.6061,86.6271,0,0.000,-0.088,0.176,-0.176,-0.088,0.088,-0.264,-0.088,0.176,0.000,-0.176,-0.088,-0.088,-50.449,34.453,0.000,0.439,0.176,0.000,0.000,0.000,0.000,0.000,0.000,0.000,0.000,0.000,0.000,0.000,0.000,0.000,-51.143,34.557,0.000,0.000,0.000,0.033,7.2,11.30,29.0,0.000,0.000,0.000,0.000,0.000,0.000,0.000,0.000,0.006,0.000,0.000,0.000,0.000,0.033,0.000,0.000,0.006,0.000
86.7063,867,0,move,-1,86.7063,86.7126,0,0.000,-0.088,0.176,-0.176,-0.088,0.088,-0.264,-0.088,0.176,0.000,-0.176,-0.088,-0.088,-50.449,34.453,0.000,0.439,0.176,0.000,0.000,0.000,0.000,0.000,0.000,0.000,0.000,0.000,0.000,0.000,0.000,0.000,-51.143,34.557,0.000,0.000,0.000,0.033,7.2,11.30,29.0,0.000,0.000,0.000,0.000,0.000,0.000,0.000,0.000,0.006,0.000,0.000,0.000,0.000,0.033,0.000,0.000,0.006,0.000
86.8061,868,0,move,-1,86.8061,86.8179,0,0.000,-0.088,0.176,-0.176,-0.088,0.088,-0.264,-0.088,0.176,0.000,-0.176,-0.088,-0.088,-50.449,34.453,0.000,0.439,0.176,0.000,0.000,0.000,0.000,0.000,0.000,0.000,0.000,0.000,0.000,0.000,0.000,0.000,-51.143,34.557,0.000,0.000,0.000,0.033,7.2,11.30,29.0,0.000,0.000,0.000,0.006,0.000,0.000,0.006,0.000,0.000,0.000,0.000,0.000,0.000,0.033,0.000,0.000,0.013,0.000
86.9061,869,0,move,-1,86.9061,86.9167,0,0.000,-0.088,0.176,-0.176,-0.088,0.088,-0.264,-0.088,0.176,0.000,-0.176,-0.088,-0.088,-50.449,34.453,0.000,0.439,0.176,0.000,0.000,0.000,0.000,0.000,0.000,0.000,0.000,0.000,0.000,0.000,0.000,0.000,-51.143,34.557,0.000,0.000,0.000,0.033,7.2,11.30,29.0,0.000,0.000,0.000,0.006,0.000,0.000,0.006,0.000,0.000,0.000,0.000,0.000,0.000,0.033,0.000,0.000,0.013,0.000
87.0061,870,0,move,-1,87.0061,87.0179,0,0.000,-0.088,0.176,-0.176,-0.088,0.088,-0.264,-0.088,0.176,0.000,-0.176,-0.088,-0.088,-50.449,34.453,0.000,0.439,0.176,0.000,0.000,0.000,0.000,0.000,0.000,0.000,0.000,0.000,0.000,0.000,0.000,0.000,-51.143,34.557,0.000,0.000,0.000,0.039,7.2,11.30,29.0,0.000,0.000,0.000,0.006,0.000,0.000,0.006,0.000,0.000,0.000,0.000,0.000,0.000,0.039,0.000,0.000,0.013,0.000
87.1061,871,0,move,-1,87.1061,87.1199,0,0.000,-0.088,0.176,-0.176,-0.088,0.088,-0.264,-0.088,0.176,0.000,-0.176,-0.088,-0.088,-50.449,34.453,0.000,0.439,0.176,0.000,0.000,0.000,0.000,0.000,0.000,0.000,0.000,0.000,0.000,0.000,0.000,0.000,-51.143,34.557,0.000,0.000,0.000,0.039,7.2,11.30,29.0,0.000,0.000,0.000,0.006,0.000,0.000,0.000,0.000,0.000,0.000,0.000,0.000,0.000,0.039,0.000,0.000,0.013,0.006
87.2061,872,0,move,-1,87.2061,87.2184,0,0.000,-0.088,0.176,-0.176,-0.088,0.088,-0.264,-0.088,0.176,0.000,-0.176,-0.088,-0.088,-50.449,34.453,0.000,0.439,0.176,0.000,0.000,0.000,0.000,0.000,0.000,0.000,0.000,0.000,0.000,0.000,0.000,0.000,-51.143,34.557,0.000,0.000,0.000,0.039,7.2,11.30,29.0,0.000,0.000,0.000,0.006,0.000,0.000,0.000,0.000,0.000,0.000,0.000,0.000,0.000,0.039,0.000,0.000,0.013,0.006
87.3066,873,0,move,-1,87.3066,87.3243,0,0.000,-0.088,0.176,-0.176,-0.088,0.088,-0.264,-0.088,0.176,0.000,-0.176,-0.088,-0.088,-50.449,34.453,0.000,0.439,0.176,0.000,0.000,0.000,0.000,0.000,0.000,0.000,0.000,0.000,0.000,0.000,0.000,0.000,-51.143,34.557,0.000,0.000,0.000,0.039,7.2,11.30,29.0,0.000,0.000,0.000,0.006,0.000,0.000,0.000,0.000,0.006,0.000,0.000,0.000,0.000,0.039,0.000,0.000,0.006,0.000
87.4063,874,0,move,-1,87.4063,87.4207,0,0.000,-0.088,0.176,-0.176,-0.088,0.088,-0.264,-0.088,0.176,0.000,-0.176,-0.088,-0.088,-50.449,34.453,0.000,0.439,0.176,0.000,0.000,0.000,0.000,0.000,0.000,0.000,0.000,0.000,0.000,0.000,0.000,0.000,-51.143,34.557,0.000,0.000,0.000,0.039,7.2,11.30,29.0,0.000,0.000,0.000,0.006,0.000,0.000,0.000,0.000,0.006,0.000,0.000,0.000,0.000,0.039,0.000,0.000,0.006,0.000
87.5061,875,0,move,-1,87.5061,87.5163,0,0.000,-0.088,0.176,-0.176,-0.088,0.088,-0.264,-0.088,0.176,0.000,-0.176,-0.088,-0.088,-50.449,34.453,0.000,0.439,0.176,0.000,0.000,0.000,0.000,0.000,0.000,0.000,0.000,0.000,0.000,0.000,0.000,0.000,-51.143,34.557,0.000,0.000,0.000,0.045,7.2,11.30,29.0,0.000,0.000,0.000,0.006,0.000,0.000,0.000,0.000,0.000,0.000,0.000,0.000,0.000,0.045,0.000,0.000,0.006,0.006
87.6063,876,0,move,-1,87.6063,87.6185,0,0.000,-0.088,0.176,-0.176,-0.088,0.088,-0.264,-0.088,0.176,0.000,-0.176,-0.088,-0.088,-50.449,34.453,0.000,0.439,0.176,0.000,0.000,0.000,0.000,0.000,0.000,0.000,0.000,0.000,0.000,0.000,0.000,0.000,-51.143,34.557,0.000,0.000,0.000,0.039,7.2,11.30,29.0,0.000,0.000,0.000,0.000,0.000,0.000,0.006,0.000,0.000,0.000,0.000,0.000,0.000,0.039,0.000,0.000,0.006,0.000
87.7061,877,0,move,-1,87.7061,87.7123,0,0.000,-0.088,0.176,-0.176,-0.088,0.088,-0.264,-0.088,0.176,0.000,-0.176,-0.088,-0.088,-50.449,34.453,0.000,0.439,0.176,0.000,0.000,0.000,0.000,0.000,0.000,0.000,0.000,0.000,0.000,0.000,0.000,0.000,-51.143,34.557,0.000,0.000,0.000,0.039,7.2,11.30,29.0,0.000,0.000,0.000,0.000,0.000,0.000,0.006,0.000,0.000,0.000,0.000,0.000,0.000,0.039,0.000,0.000,0.006,0.000
87.8061,878,0,move,-1,87.8061,87.8170,0,0.000,-0.088,0.176,-0.176,-0.088,0.088,-0.264,-0.088,0.176,0.000,-0.176,-0.088,-0.088,-50.449,34.453,0.000,0.439,0.176,0.000,0.000,0.000,0.000,0.000,0.000,0.000,0.000,0.000,0.000,0.000,0.000,0.000,-51.143,34.557,0.000,0.000,0.000,0.033,7.2,11.30,29.0,0.000,0.000,0.000,0.000,0.000,0.000,0.006,0.000,0.006,0.000,0.006,0.000,0.000,0.033,0.000,0.000,0.006,0.000
87.9061,879,0,move,-1,87.9061,87.9186,0,0.000,-0.088,0.176,-0.176,-0.088,0.088,-0.264,-0.088,0.176,0.000,-0.176,-0.088,-0.088,-50.449,34.453,0.000,0.439,0.176,0.000,0.000,0.000,0.000,0.000,0.000,0.000,0.000,0.000,0.000,0.000,0.000,0.000,-51.143,34.557,0.000,0.000,0.000,0.033,7.2,11.30,29.0,0.000,0.000,0.000,0.000,0.000,0.000,0.006,0.000,0.000,0.000,0.000,0.000,0.000,0.033,0.000,0.000,0.006,0.000
88.0063,880,0,move,-1,88.0063,88.0179,0,0.000,-0.088,0.176,-0.176,-0.088,0.088,-0.264,-0.088,0.176,0.000,-0.176,-0.088,-0.088,-50.449,34.453,0.000,0.439,0.176,0.000,0.000,0.000,0.000,0.000,0.000,0.000,0.000,0.000,0.000,0.000,0.000,0.000,-51.143,34.557,0.000,0.000,0.000,0.033,7.2,11.30,29.0,0.000,0.000,0.000,0.000,0.000,0.000,0.006,0.000,0.000,0.000,0.000,0.000,0.000,0.033,0.000,0.000,0.006,0.000
88.1061,881,0,move,-1,88.1061,88.1179,0,0.000,-0.088,0.176,-0.176,-0.088,0.088,-0.264,-0.088,0.176,0.000,-0.176,-0.088,-0.088,-50.449,34.453,0.000,0.439,0.176,0.000,0.000,0.000,0.000,0.000,0.000,0.000,0.000,0.000,0.000,0.000,0.000,0.000,-51.143,34.557,0.000,0.000,0.000,0.039,7.2,11.30,29.0,0.000,0.000,0.000,0.000,0.000,0.000,0.006,0.000,0.000,0.000,0.000,0.000,0.000,0.039,0.000,0.000,0.006,0.000
88.2061,882,0,move,-1,88.2061,88.2121,0,0.000,-0.088,0.176,-0.176,-0.088,0.088,-0.264,-0.088,0.176,0.000,-0.176,-0.088,-0.088,-50.449,34.453,0.000,0.439,0.176,0.000,0.000,0.000,0.000,0.000,0.000,0.000,0.000,0.000,0.000,0.000,0.000,0.000,-51.143,34.557,0.000,0.000,0.000,0.039,7.2,11.30,29.0,0.000,0.000,0.000,0.000,0.000,0.000,0.006,0.000,0.000,0.000,0.000,0.000,0.000,0.039,0.000,0.000,0.006,0.000
88.3063,883,0,move,-1,88.3063,88.3204,0,0.000,-0.088,0.176,-0.176,-0.088,0.088,-0.264,-0.088,0.176,0.000,-0.176,-0.088,-0.088,-50.449,34.453,0.000,0.439,0.176,0.000,0.000,0.000,0.000,0.000,0.000,0.000,0.000,0.000,0.000,0.000,0.000,0.000,-51.143,34.557,0.000,0.000,0.000,0.033,7.2,11.30,29.0,0.000,0.000,0.000,0.006,0.000,0.000,0.006,0.000,0.006,0.000,0.000,0.000,0.000,0.033,0.000,0.000,0.006,0.006
88.4063,884,0,move,-1,88.4063,88.4180,0,0.000,-0.088,0.176,-0.176,-0.088,0.088,-0.264,-0.088,0.176,0.000,-0.176,-0.088,-0.088,-50.361,34.453,0.000,0.439,0.176,0.000,0.000,0.000,0.000,0.000,0.000,0.000,0.000,0.000,0.000,0.000,0.000,0.000,-51.143,34.557,0.000,0.000,0.000,0.033,7.2,11.30,29.0,0.000,0.000,0.000,0.006,0.000,0.000,0.006,0.000,0.006,0.000,0.000,0.000,0.000,0.033,0.000,0.000,0.006,0.006
88.5061,885,0,move,-1,88.5061,88.5179,0,0.000,-0.088,0.176,-0.176,-0.088,0.088,-0.264,-0.088,0.176,0.000,-0.176,-0.088,-0.088,-50.361,34.453,0.000,0.439,0.176,0.000,0.000,0.000,0.000,0.000,0.000,0.000,0.000,0.000,0.000,0.000,0.000,0.000,-51.143,34.557,0.000,0.000,0.000,0.039,8.0,11.30,29.0,0.000,0.000,0.000,0.000,0.000,0.000,0.006,0.000,0.000,0.000,0.000,0.000,0.000,0.039,0.000,0.000,0.006,0.000
88.6061,886,0,move,-1,88.6061,88.6168,0,0.000,-0.088,0.176,-0.176,-0.088,0.088,-0.264,-0.088,0.176,0.000,-0.176,-0.088,-0.088,-50.361,34.453,0.000,0.439,0.176,0.000,0.000,0.000,0.000,0.000,0.000,0.000,0.000,0.000,0.000,0.000,0.000,0.000,-51.143,34.557,0.000,0.000,0.000,0.039,8.0,11.30,29.0,0.000,0.000,0.000,0.000,0.000,0.000,0.006,0.000,0.000,0.000,0.000,0.000,0.000,0.039,0.000,0.000,0.006,0.000
88.7107,887,0,move,-1,88.7107,88.7450,0,0.000,-0.088,0.176,-0.176,-0.088,0.088,-0.264,-0.088,0.176,0.000,-0.176,-0.088,-0.088,-50.361,34.453,0.000,0.439,0.176,0.000,0.000,0.000,0.000,0.000,0.000,0.000,0.000,0.000,0.000,0.000,0.000,0.000,-51.143,34.557,0.000,0.000,0.000,0.033,8.0,11.30,29.0,0.000,0.000,0.000,0.006,0.000,0.000,0.006,0.000,0.000,0.000,0.006,0.000,0.000,0.033,0.000,0.000,0.006,0.006
88.8063,888,0,move,-1,88.8063,88.8173,0,0.000,-0.088,0.176,-0.176,-0.088,0.088,-0.264,-0.088,0.176,0.000,-0.176,-0.088,-0.088,-50.361,34.453,0.000,0.439,0.176,0.000,0.000,0.000,0.000,0.000,0.000,0.000,0.000,0.000,0.000,0.000,0.000,0.000,-51.143,34.557,0.000,0.000,0.000,0.033,8.0,11.30,29.0,0.000,0.000,0.000,0.006,0.000,0.000,0.006,0.000,0.000,0.000,0.006,0.000,0.000,0.033,0.000,0.000,0.006,0.006
88.9063,889,0,move,-1,88.9063,88.9191,0,0.000,-0.088,0.176,-0.176,-0.088,0.088,-0.264,-0.088,0.176,0.000,-0.176,-0.088,-0.088,-50.361,34.453,0.000,0.439,0.176,0.000,0.000,0.000,0.000,0.000,0.000,0.000,0.000,0.000,0.000,0.000,0.000,0.000,-51.143,34.557,0.000,0.000,0.000,0.052,8.0,11.30,29.0,0.000,0.000,0.000,0.000,0.000,0.000,0.006,0.000,0.006,0.000,0.000,0.000,0.000,0.052,0.000,0.000,0.006,0.000
89.0061,890,0,move,-1,89.0061,89.0223,0,0.000,-0.088,0.176,-0.176,-0.088,0.088,-0.264,-0.088,0.176,0.000,-0.176,-0.088,-0.088,-50.361,34.453,0.000,0.439,0.176,0.000,0.000,0.000,0.000,0.000,0.000,0.000,0.000,0.000,0.000,0.000,0.000,0.000,-51.143,34.557,0.000,0.000,0.000,0.045,8.0,11.30,29.0,0.000,0.000,0.000,0.000,0.000,0.000,0.006,0.000,0.000,0.000,0.000,0.000,0.000,0.045,0.000,0.000,0.013,0.000
89.1061,891,0,move,-1,89.1061,89.1168,0,0.000,-0.088,0.176,-0.176,-0.088,0.088,-0.264,-0.088,0.176,0.000,-0.176,-0.088,-0.088,-50.361,34.453,0.000,0.439,0.176,0.000,0.000,0.000,0.000,0.000,0.000,0.000,0.000,0.000,0.000,0.000,0.000,0.000,-51.143,34.557,0.000,0.000,0.000,0.045,8.0,11.30,29.0,0.000,0.000,0.000,0.000,0.000,0.000,0.006,0.000,0.000,0.000,0.000,0.000,0.000,0.045,0.000,0.000,0.013,0.000
89.2061,892,0,move,-1,89.2061,89.2281,0,0.000,-0.088,0.176,-0.176,-0.088,0.088,-0.264,-0.088,0.176,0.000,-0.176,-0.088,-0.088,-50.361,34.453,0.000,0.439,0.176,0.000,0.000,0.000,0.000,0.000,0.000,0.000,0.000,0.000,0.000,0.000,0.000,0.000,-51.143,34.557,0.000,0.000,0.000,0.039,8.0,11.30,29.0,0.000,0.000,0.000,0.000,0.000,0.000,0.006,0.000,0.000,0.000,0.006,0.000,0.000,0.039,0.000,0.000,0.006,0.000
89.3061,893,0,move,-1,89.3061,89.3172,0,0.000,-0.088,0.176,-0.176,-0.088,0.088,-0.264,-0.088,0.176,0.000,-0.176,-0.088,-0.088,-50.361,34.453,0.000,0.439,0.176,0.000,0.000,0.000,0.000,0.000,0.000,0.000,0.000,0.000,0.000,0.000,0.000,0.000,-51.143,34.557,0.000,0.000,0.000,0.039,8.0,11.30,29.0,0.000,0.000,0.000,0.000,0.000,0.000,0.006,0.000,0.000,0.000,0.006,0.000,0.000,0.039,0.000,0.000,0.006,0.000
89.4061,894,0,move,-1,89.4061,89.4169,0,0.000,-0.088,0.176,-0.176,-0.088,0.088,-0.264,-0.088,0.176,0.000,-0.176,-0.088,-0.088,-50.361,34.453,0.000,0.439,0.176,0.000,0.000,0.000,0.000,0.000,0.000,0.000,0.000,0.000,0.000,0.000,0.000,0.000,-51.143,34.557,0.000,0.000,0.000,0.039,8.0,11.30,29.0,0.000,0.000,0.000,0.000,0.000,0.000,0.006,0.000,0.006,0.000,0.006,0.000,0.000,0.039,0.000,0.000,0.006,0.000
89.5062,895,0,move,-1,89.5062,89.5187,0,0.000,-0.088,0.176,-0.176,-0.088,0.088,-0.264,-0.088,0.176,0.000,-0.176,-0.088,-0.088,-50.361,34.453,0.000,0.439,0.176,0.000,0.000,0.000,0.000,0.000,0.000,0.000,0.000,0.000,0.000,0.000,0.000,0.000,-51.143,34.557,0.000,0.000,0.000,0.052,8.0,11.30,29.0,0.000,0.000,0.000,0.000,0.000,0.000,0.000,0.000,0.000,0.000,0.006,0.000,0.000,0.052,0.000,0.000,0.013,0.006
89.6063,896,0,move,-1,89.6063,89.6173,0,0.000,-0.088,0.176,-0.176,-0.088,0.088,-0.264,-0.088,0.176,0.000,-0.176,-0.088,-0.088,-50.361,34.453,0.000,0.439,0.176,0.000,0.000,0.000,0.000,0.000,0.000,0.000,0.000,0.000,0.000,0.000,0.000,0.000,-51.143,34.557,0.000,0.000,0.000,0.052,8.0,11.30,29.0,0.000,0.000,0.000,0.000,0.000,0.000,0.000,0.000,0.000,0.000,0.006,0.000,0.000,0.052,0.000,0.000,0.013,0.006
89.7063,897,0,move,-1,89.7063,89.7182,0,0.000,-0.088,0.176,-0.176,-0.088,0.088,-0.264,-0.088,0.176,0.000,-0.176,-0.088,-0.088,-50.361,34.453,0.000,0.439,0.176,0.000,0.000,0.000,0.000,0.000,0.000,0.000,0.000,0.000,0.000,0.000,0.000,0.000,-51.143,34.557,0.000,0.000,0.000,0.039,8.0,11.30,29.0,0.000,0.000,0.000,0.000,0.000,0.000,0.006,0.000,0.000,0.000,0.000,0.000,0.000,0.039,0.000,0.000,0.013,0.006
89.8063,898,0,move,-1,89.8063,89.8181,0,0.000,-0.088,0.176,-0.176,-0.088,0.088,-0.264,-0.088,0.176,0.000,-0.176,-0.088,-0.088,-50.361,34.453,0.000,0.439,0.176,0.000,0.000,0.000,0.000,0.000,0.000,0.000,0.000,0.000,0.000,0.000,0.000,0.000,-51.143,34.557,0.000,0.000,0.000,0.039,8.0,11.30,29.0,0.000,0.000,0.000,0.000,0.000,0.000,0.006,0.000,0.000,0.000,0.000,0.000,0.000,0.039,0.000,0.000,0.013,0.006
89.9061,899,0,move,-1,89.9061,89.9158,0,0.000,-0.088,0.176,-0.176,-0.088,0.088,-0.264,-0.088,0.176,0.000,-0.176,-0.088,-0.088,-50.361,34.453,0.000,0.439,0.176,0.000,0.000,0.000,0.000,0.000,0.000,0.000,0.000,0.000,0.000,0.000,0.000,0.000,-51.143,34.557,0.000,0.000,0.000,0.052,8.0,11.30,29.0,0.000,0.000,0.000,0.006,0.000,0.000,0.000,0.000,0.000,0.000,0.000,0.000,0.000,0.052,0.000,0.000,0.006,0.006
90.0061,900,0,move,-1,90.0061,90.0172,0,0.000,-0.088,0.176,-0.176,-0.088,0.088,-0.264,-0.088,0.176,0.000,-0.176,-0.088,-0.088,-50.361,34.453,0.000,0.439,0.176,0.000,0.000,0.000,0.000,0.000,0.000,0.000,0.000,0.000,0.000,0.000,0.000,0.000,-51.143,34.557,0.000,0.000,0.000,0.045,8.0,11.30,29.0,0.000,0.000,0.000,0.006,0.000,0.000,0.006,0.000,0.000,0.000,0.000,0.000,0.000,0.045,0.000,0.000,0.013,0.006
90.1061,901,0,move,-1,90.1061,90.1192,0,0.000,-0.088,0.176,-0.176,-0.088,0.088,-0.264,-0.088,0.176,0.000,-0.176,-0.088,-0.088,-50.361,34.453,0.000,0.439,0.176,0.000,0.000,0.000,0.000,0.000,0.000,0.000,0.000,0.000,0.000,0.000,0.000,0.000,-51.143,34.557,0.000,0.000,0.000,0.039,8.0,11.30,29.0,0.000,0.000,0.000,0.000,0.000,0.000,0.006,0.000,0.000,0.000,0.000,0.000,0.000,0.039,0.000,0.000,0.006,0.000
90.2063,902,0,move,-1,90.2063,90.2199,0,0.000,-0.088,0.176,-0.176,-0.088,0.088,-0.264,-0.088,0.176,0.000,-0.176,-0.088,-0.088,-50.273,34.453,0.000,0.439,0.176,0.000,0.000,0.000,0.000,0.000,0.000,0.000,0.000,0.000,0.000,0.000,0.000,0.000,-51.143,34.557,0.000,0.000,0.000,0.033,7.2,11.30,29.0,0.000,0.000,0.000,0.006,0.000,0.000,0.000,0.000,0.000,0.000,0.000,0.000,0.000,0.033,0.000,0.000,0.013,0.006
90.3063,903,0,move,-1,90.3063,90.3193,0,0.000,-0.088,0.176,-0.176,-0.088,0.088,-0.264,-0.088,0.176,0.000,-0.176,-0.088,-0.088,-50.273,34.453,0.000,0.439,0.176,0.000,0.000,0.000,0.000,0.000,0.000,0.000,0.000,0.000,0.000,0.000,0.000,0.000,-51.143,34.557,0.000,0.000,0.000,0.033,7.2,11.30,29.0,0.000,0.000,0.000,0.006,0.000,0.000,0.000,0.000,0.000,0.000,0.000,0.000,0.000,0.033,0.000,0.000,0.013,0.006
90.4061,904,0,move,-1,90.4061,90.4161,0,0.000,-0.088,0.176,-0.176,-0.088,0.088,-0.264,-0.088,0.176,0.000,-0.176,-0.088,-0.088,-50.273,34.453,0.000,0.439,0.176,0.000,0.000,0.000,0.000,0.000,0.000,0.000,0.000,0.000,0.000,0.000,0.000,0.000,-51.143,34.557,0.000,0.000,0.000,0.045,8.8,11.30,29.0,0.000,0.000,0.000,0.000,0.000,0.000,0.006,0.000,0.000,0.000,0.000,0.000,0.000,0.045,0.000,0.000,0.006,0.000
90.5063,905,0,move,-1,90.5063,90.5189,0,0.000,-0.088,0.176,-0.176,-0.088,0.088,-0.264,-0.088,0.176,0.000,-0.176,-0.088,-0.088,-50.273,34.453,0.000,0.439,0.176,0.000,0.000,0.000,0.000,0.000,0.000,0.000,0.000,0.000,0.000,0.000,0.000,0.000,-51.143,34.557,0.000,0.000,0.000,0.052,8.8,11.30,29.0,0.000,0.000,0.000,0.000,0.000,0.000,0.006,0.000,0.006,0.000,0.000,0.000,0.000,0.052,0.000,0.000,0.013,0.000
90.6061,906,0,move,-1,90.6061,90.6164,0,0.000,-0.088,0.176,-0.176,-0.088,0.088,-0.264,-0.088,0.176,0.000,-0.176,-0.088,-0.088,-50.273,34.453,0.000,0.439,0.176,0.000,0.000,0.000,0.000,0.000,0.000,0.000,0.000,0.000,0.000,0.000,0.000,0.000,-51.143,34.557,0.000,0.000,0.000,0.052,8.8,11.30,29.0,0.000,0.000,0.000,0.000,0.000,0.000,0.006,0.000,0.006,0.000,0.000,0.000,0.000,0.052,0.000,0.000,0.013,0.000
90.7063,907,0,move,-1,90.7063,90.7229,0,0.000,-0.088,0.176,-0.176,-0.088,0.088,-0.264,-0.088,0.176,0.000,-0.176,-0.088,-0.088,-50.273,34.453,0.000,0.439,0.176,0.000,0.000,0.000,0.000,0.000,0.000,0.000,0.000,0.000,0.000,0.000,0.000,0.000,-51.143,34.557,0.000,0.000,0.000,0.000,0.0,11.30,31.0,0.000,0.000,0.000,0.000,0.000,0.000,0.000,0.000,0.000,0.000,0.000,0.000,0.000,0.000,0.000,0.000,0.000,0.000
90.8112,908,0,move,-1,90.8112,90.8368,0,0.000,-0.088,0.176,-0.176,-0.088,0.088,-0.264,-0.088,0.176,0.000,-0.176,-0.088,-0.088,-50.273,34.453,0.000,0.439,0.176,0.000,0.000,0.000,0.000,0.000,0.000,0.000,0.000,0.000,0.000,0.000,0.000,0.000,-51.143,34.557,0.000,0.000,0.000,0.052,8.4,11.30,29.0,0.000,0.000,0.006,0.000,0.000,0.000,0.006,0.000,0.000,0.000,0.000,0.000,0.000,0.052,0.000,0.000,0.006,0.000
90.9113,909,0,move,-1,90.9113,90.9276,0,0.000,-0.088,0.176,-0.176,-0.088,0.088,-0.264,-0.088,0.176,0.000,-0.176,-0.088,-0.088,-50.273,34.453,0.000,0.439,0.176,0.000,0.000,0.000,0.000,0.000,0.000,0.000,0.000,0.000,0.000,0.000,0.000,0.000,-51.143,34.557,0.000,0.000,0.000,0.052,8.4,11.30,29.0,0.000,0.000,0.006,0.000,0.000,0.000,0.006,0.000,0.000,0.000,0.000,0.000,0.000,0.052,0.000,0.000,0.006,0.000
91.0061,910,0,move,-1,91.0061,91.0159,0,0.000,-0.088,0.176,-0.176,-0.088,0.088,-0.264,-0.088,0.176,0.000,-0.176,-0.088,-0.088,-50.273,34.453,0.000,0.439,0.176,0.000,0.000,0.000,0.000,0.000,0.000,0.000,0.000,0.000,0.000,0.000,0.000,0.000,-51.143,34.557,0.000,0.000,0.000,0.058,8.8,11.30,29.0,0.000,0.000,0.000,0.000,0.000,0.000,0.006,0.000,0.000,0.000,0.000,0.000,0.000,0.058,0.000,0.000,0.006,0.000
91.1064,911,0,move,-1,91.1064,91.1177,0,0.000,-0.088,0.176,-0.176,-0.088,0.088,-0.264,-0.088,0.176,0.000,-0.176,-0.088,-0.088,-50.273,34.453,0.000,0.439,0.176,0.000,0.000,0.000,0.000,0.000,0.000,0.000,0.000,0.000,0.000,0.000,0.000,0.000,-51.143,34.557,0.000,0.000,0.000,0.045,8.8,11.30,29.0,0.000,0.000,0.000,0.000,0.000,0.000,0.000,0.000,0.000,0.000,0.000,0.000,0.000,0.045,0.000,0.000,0.013,0.000
91.2063,912,0,move,-1,91.2063,91.2189,0,0.000,-0.088,0.176,-0.176,-0.088,0.088,-0.264,-0.088,0.176,0.000,-0.176,-0.088,-0.088,-50.273,34.453,0.000,0.439,0.176,0.000,0.000,0.000,0.000,0.000,0.000,0.000,0.000,0.000,0.000,0.000,0.000,0.000,-51.143,34.557,0.000,0.000,0.000,0.052,8.8,11.30,29.0,0.000,0.000,0.000,0.000,0.000,0.000,0.006,0.000,0.006,0.000,0.000,0.000,0.000,0.052,0.000,0.000,0.006,0.000
91.3070,913,0,move,-1,91.3070,91.3399,0,0.000,-0.088,0.176,-0.176,-0.088,0.088,-0.264,-0.088,0.176,0.000,-0.176,-0.088,-0.088,-50.273,34.453,0.000,0.439,0.176,0.000,0.000,0.000,0.000,0.000,0.000,0.000,0.000,0.000,0.000,0.000,0.000,0.000,-51.143,34.557,0.000,0.000,0.000,0.065,8.8,11.30,29.0,0.000,0.000,0.006,0.000,0.000,0.000,0.006,0.000,0.000,0.000,0.000,0.000,0.000,0.065,0.000,0.000,0.013,0.000
91.4063,914,0,move,-1,91.4063,91.4167,0,0.000,-0.088,0.176,-0.176,-0.088,0.088,-0.264,-0.088,0.176,0.000,-0.176,-0.088,-0.088,-50.273,34.453,0.000,0.439,0.176,0.000,0.000,0.000,0.000,0.000,0.000,0.000,0.000,0.000,0.000,0.000,0.000,0.000,-51.143,34.557,0.000,0.000,0.000,0.065,8.8,11.30,29.0,0.000,0.000,0.006,0.000,0.000,0.000,0.006,0.000,0.000,0.000,0.000,0.000,0.000,0.065,0.000,0.000,0.013,0.000
91.5061,915,0,move,-1,91.5061,91.5139,0,0.000,-0.088,0.176,-0.176,-0.088,0.088,-0.264,-0.088,0.176,0.000,-0.176,-0.088,-0.088,-50.273,34.453,0.000,0.439,0.176,0.000,0.000,0.000,0.000,0.000,0.000,0.000,0.000,0.000,0.000,0.000,0.000,0.000,-51.143,34.557,0.000,0.000,0.000,0.065,8.8,11.30,29.0,0.000,0.000,0.006,0.000,0.000,0.000,0.006,0.000,0.000,0.000,0.000,0.000,0.000,0.065,0.000,0.000,0.006,0.000
91.6098,916,0,move,-1,91.6098,91.6635,0,0.000,-0.088,0.176,-0.176,-0.088,0.088,-0.264,-0.088,0.176,0.000,-0.176,-0.088,-0.088,-50.273,34.453,0.000,0.439,0.176,0.000,0.000,0.000,0.000,0.000,0.000,0.000,0.000,0.000,0.000,0.000,0.000,0.000,-51.143,34.557,0.000,0.000,0.000,0.045,8.8,11.30,29.0,0.000,0.000,0.000,0.006,0.000,0.000,0.006,0.000,0.000,0.000,0.000,0.000,0.000,0.045,0.000,0.000,0.006,0.000
91.7063,917,0,move,-1,91.7063,91.7172,0,0.000,-0.088,0.176,-0.176,-0.088,0.088,-0.264,-0.088,0.176,0.000,-0.176,-0.088,-0.088,-50.273,34.453,0.000,0.439,0.176,0.000,0.000,0.000,0.000,0.000,0.000,0.000,0.000,0.000,0.000,0.000,0.000,0.000,-51.143,34.557,0.000,0.000,0.000,0.045,8.8,11.30,29.0,0.000,0.000,0.000,0.006,0.000,0.000,0.006,0.000,0.000,0.000,0.000,0.000,0.000,0.045,0.000,0.000,0.006,0.000
91.8063,918,0,move,-1,91.8063,91.8188,0,0.000,-0.088,0.176,-0.176,-0.088,0.088,-0.264,-0.088,0.176,0.000,-0.176,-0.088,-0.088,-50.273,34.453,0.000,0.439,0.176,0.000,0.000,0.000,0.000,0.000,0.000,0.000,0.000,0.000,0.000,0.000,0.000,0.000,-51.143,34.557,0.000,0.000,0.000,0.065,8.8,11.30,29.0,0.000,0.000,0.000,0.000,0.000,0.000,0.006,0.000,0.000,0.000,0.000,0.000,0.000,0.065,0.000,0.000,0.006,0.006
91.9063,919,0,move,-1,91.9063,91.9174,0,0.000,-0.088,0.176,-0.176,-0.088,0.088,-0.264,-0.088,0.176,0.000,-0.176,-0.088,-0.088,-50.273,34.453,0.000,0.439,0.176,0.000,0.000,0.000,0.000,0.000,0.000,0.000,0.000,0.000,0.000,0.000,0.000,0.000,-51.143,34.557,0.000,0.000,0.000,0.065,8.8,11.30,29.0,0.000,0.000,0.000,0.000,0.000,0.000,0.006,0.000,0.000,0.000,0.000,0.000,0.000,0.065,0.000,0.000,0.006,0.006
92.0061,920,0,move,-1,92.0061,92.0183,0,0.000,-0.088,0.176,-0.176,-0.088,0.088,-0.264,-0.088,0.176,0.000,-0.176,-0.088,-0.088,-50.273,34.453,0.000,0.439,0.176,0.000,0.000,0.000,0.000,0.000,0.000,0.000,0.000,0.000,0.000,0.000,0.000,0.000,-51.045,34.512,0.000,0.000,0.000,0.045,8.8,11.30,29.0,0.000,0.000,0.000,0.000,0.000,0.000,0.000,0.000,0.006,0.000,0.000,0.000,0.000,0.045,0.000,0.000,0.006,0.006
92.1063,921,0,move,-1,92.1063,92.1161,0,0.000,-0.088,0.176,-0.176,-0.088,0.088,-0.264,-0.088,0.176,0.000,-0.176,-0.088,-0.088,-50.273,34.453,0.000,0.439,0.176,0.000,0.000,0.000,0.000,0.000,0.000,0.000,0.000,0.000,0.000,0.000,0.000,0.000,-50.765,34.384,0.000,0.000,0.000,0.045,8.8,11.30,29.0,0.000,0.000,0.000,0.000,0.000,0.000,0.000,0.000,0.006,0.000,0.000,0.000,0.000,0.045,0.000,0.000,0.006,0.006
92.2061,922,0,move,-1,92.2061,92.2194,0,0.000,-0.088,0.176,-0.176,-0.088,0.088,-0.264,-0.088,0.176,0.000,-0.176,-0.088,-0.088,-50.273,34.453,0.000,0.439,0.176,0.000,0.000,0.000,0.000,0.000,0.000,0.000,0.000,0.000,0.000,0.000,0.000,0.000,-50.327,34.182,0.000,0.000,0.000,0.026,5.6,11.30,29.0,0.000,0.000,0.006,0.006,0.000,0.000,0.006,0.000,0.006,0.000,0.000,0.000,0.000,0.026,0.000,0.000,0.006,0.000
92.3061,923,0,move,-1,92.3061,92.3203,0,0.000,-0.088,0.176,-0.176,-0.088,0.088,-0.264,-0.088,0.176,0.000,-0.176,-0.088,-0.088,-50.273,34.189,0.000,0.439,0.176,0.000,0.000,0.000,0.000,0.000,0.000,0.000,0.000,0.000,0.000,0.000,0.000,0.000,-49.772,33.924,0.000,0.000,0.000,0.000,0.0,11.30,31.0,0.000,0.000,0.000,0.000,0.000,0.000,0.000,0.000,0.000,0.000,0.000,0.000,0.000,0.000,0.000,0.000,0.000,0.000
92.4061,924,0,move,-1,92.4061,92.4181,0,0.000,-0.088,0.176,-0.176,-0.088,0.088,-0.264,-0.088,0.176,0.000,-0.176,-0.088,-0.088,-49.834,33.926,0.000,0.439,0.176,0.000,0.000,0.000,0.000,0.000,0.000,0.000,0.000,0.000,0.000,0.000,0.000,0.000,-49.154,33.634,0.000,0.000,0.000,0.000,0.0,11.30,31.0,0.000,0.000,0.000,0.000,0.000,0.000,0.000,0.000,0.000,0.000,0.000,0.000,0.000,0.000,0.000,0.000,0.000,0.000
92.5063,925,0,move,-1,92.5063,92.5192,0,0.000,-0.088,0.176,-0.176,-0.088,0.088,-0.264,-0.088,0.176,0.000,-0.176,-0.088,-0.088,-49.395,33.838,0.000,0.439,0.176,0.000,0.000,0.000,0.000,0.000,0.000,0.000,0.000,0.000,0.000,0.000,0.000,0.000,-48.535,33.340,0.000,0.000,0.000,0.006,2.4,11.30,32.0,0.000,0.000,0.000,0.006,0.000,0.000,0.006,0.000,0.000,0.000,0.000,0.000,0.000,0.000,0.000,0.000,0.006,0.000
92.6078,926,0,move,-1,92.6078,92.6136,0,0.000,-0.088,0.176,-0.176,-0.088,0.088,-0.264,-0.088,0.176,0.000,-0.176,-0.088,-0.088,-48.867,33.311,0.000,0.439,0.176,0.000,0.000,0.000,0.000,0.000,0.000,0.000,0.000,0.000,0.000,0.000,0.000,0.000,-47.971,33.071,0.000,0.000,0.000,0.006,2.4,11.30,32.0,0.000,0.000,0.000,0.006,0.000,0.000,0.006,0.000,0.000,0.000,0.000,0.000,0.000,0.000,0.000,0.000,0.006,0.000
92.7061,927,0,move,-1,92.7061,92.7136,0,0.000,-0.088,0.176,-0.176,-0.088,0.088,-0.264,-0.088,0.176,0.000,-0.176,-0.088,-0.088,-48.252,33.047,0.000,0.439,0.176,0.000,0.000,0.000,0.000,0.000,0.000,0.000,0.000,0.000,0.000,0.000,0.000,0.000,-47.522,32.856,0.000,0.000,0.000,0.006,2.4,11.30,32.0,0.000,0.000,0.000,0.006,0.000,0.000,0.006,0.000,0.000,0.000,0.000,0.000,0.000,0.006,0.006,0.000,0.006,0.006
92.8063,928,0,move,-1,92.8063,92.8177,0,0.000,-0.088,0.176,-0.176,-0.088,0.088,-0.264,-0.088,0.176,0.000,-0.176,-0.088,-0.088,-47.725,32.959,0.000,0.439,0.176,0.000,0.000,0.000,0.000,0.000,0.000,0.000,0.000,0.000,0.000,0.000,0.000,0.000,-47.233,32.716,0.000,0.000,0.000,0.013,3.6,11.30,29.0,0.000,0.000,0.000,0.006,0.000,0.000,0.000,0.000,0.000,0.000,0.000,0.000,0.000,0.006,0.013,0.000,0.006,0.006
92.9062,929,0,move,-1,92.9062,92.9196,0,0.000,-0.088,0.176,-0.176,-0.088,0.088,-0.264,-0.088,0.176,0.000,-0.176,-0.088,-0.088,-47.285,32.607,0.000,0.439,0.176,0.000,0.000,0.000,0.000,0.000,0.000,0.000,0.000,0.000,0.000,0.000,0.000,0.000,-47.133,32.667,0.000,0.000,0.000,0.013,3.6,11.30,29.0,,0.000,0.000,0.000,0.000,0.000,0.006,0.000,0.000,0.000,0.000,0.000,0.000,0.013,0.006,0.000,0.013,0.006
93.0061,930,0,move,-1,93.0061,93.0189,0,0.000,-0.088,0.176,-0.176,-0.088,0.088,-0.264,-0.088,0.176,0.000,-0.176,-0.088,-0.088,-47.197,32.607,0.000,0.439,0.176,0.000,0.000,0.000,0.000,0.000,0.000,0.000,0.000,0.000,0.000,0.000,0.000,0.000,-47.133,32.667,0.000,0.000,0.000,0.013,3.6,11.30,29.0,,0.000,0.000,0.000,0.000,0.000,0.006,0.000,0.000,0.000,0.000,0.000,0.000,0.013,0.006,0.000,0.013,0.006
93.1061,931,0,move,-1,93.1061,93.1169,0,0.000,-0.088,0.176,-0.176,-0.088,0.088,-0.264,-0.088,0.176,0.000,-0.176,-0.088,-0.088,-47.197,32.607,0.000,0.439,0.176,0.000,0.000,0.000,0.000,0.000,0.000,0.000,0.000,0.000,0.000,0.000,0.000,0.000,-47.133,32.667,0.000,0.000,0.000,0.006,2.4,11.30,32.0,0.000,0.000,0.000,0.006,0.000,0.000,0.000,0.000,0.006,0.000,0.000,0.000,0.000,0.000,0.000,0.000,0.006,0.006
93.2061,932,0,move,-1,93.2061,93.2176,0,0.000,-0.088,0.176,-0.176,-0.088,0.088,-0.264,-0.088,0.176,0.000,-0.176,-0.088,-0.088,-47.197,32.607,0.000,0.439,0.176,0.000,0.000,0.000,0.000,0.000,0.000,0.000,0.000,0.000,0.000,0.000,0.000,0.000,-47.133,32.667,0.000,0.000,0.000,0.006,2.4,11.30,32.0,0.000,0.000,0.006,0.006,0.000,0.000,0.006,0.000,0.000,0.000,0.000,0.000,0.000,0.000,0.000,0.000,0.006,0.006
93.3061,933,0,move,-1,93.3061,93.3163,0,0.000,-0.088,0.176,-0.176,-0.088,0.088,-0.264,-0.088,0.176,0.000,-0.176,-0.088,-0.088,-47.197,32.607,0.000,0.439,0.176,0.000,0.000,0.000,0.000,0.000,0.000,0.000,0.000,0.000,0.000,0.000,0.000,0.000,-47.133,32.667,0.000,0.000,0.000,0.006,2.4,11.30,32.0,0.000,0.000,0.006,0.006,0.000,0.000,0.006,0.000,0.000,0.000,0.000,0.000,0.000,0.000,0.000,0.000,0.006,0.006
93.4145,934,0,move,-1,93.4145,93.4251,0,0.000,-0.088,0.176,-0.176,-0.088,0.088,-0.264,-0.088,0.176,0.000,-0.176,-0.088,-0.088,-47.197,32.607,0.000,0.439,0.176,0.000,0.000,0.000,0.000,0.000,0.000,0.000,0.000,0.000,0.000,0.000,0.000,0.000,-47.133,32.667,0.000,0.000,0.000,0.006,3.2,11.30,32.0,0.000,0.000,0.000,0.000,0.000,0.000,0.006,0.000,0.000,0.000,0.000,0.000,0.000,0.000,0.000,0.000,0.006,0.006
93.5061,935,0,move,-1,93.5061,93.5171,0,0.000,-0.088,0.176,-0.176,-0.088,0.088,-0.264,-0.088,0.176,0.000,-0.176,-0.088,-0.088,-47.197,32.607,0.000,0.439,0.176,0.000,0.000,0.000,0.000,0.000,0.000,0.000,0.000,0.000,0.000,0.000,0.000,0.000,-47.133,32.667,0.000,0.000,0.000,0.006,3.2,11.30,32.0,0.000,0.000,0.000,0.000,0.000,0.000,0.006,0.000,0.000,0.000,0.000,0.000,0.000,0.000,0.000,0.000,0.006,0.006
93.6062,936,0,move,-1,93.6062,93.6182,0,0.000,-0.088,0.176,-0.176,-0.088,0.088,-0.264,-0.088,0.176,0.000,-0.176,-0.088,-0.088,-47.197,32.607,0.000,0.439,0.176,0.000,0.000,0.000,0.000,0.000,0.000,0.000,0.000,0.000,0.000,0.000,0.000,0.000,-47.133,32.667,0.000,0.000,0.000,0.013,4.8,11.30,31.0,0.000,0.000,0.000,0.000,0.000,0.000,0.000,0.000,0.000,0.000,0.000,0.000,0.000,0.000,0.000,0.000,0.013,0.006
93.7061,937,0,move,-1,93.7061,93.7121,0,0.000,-0.088,0.176,-0.176,-0.088,0.088,-0.264,-0.088,0.176,0.000,-0.176,-0.088,-0.088,-47.197,32.607,0.000,0.439,0.176,0.000,0.000,0.000,0.000,0.000,0.000,0.000,0.000,0.000,0.000,0.000,0.000,0.000,-47.133,32.667,0.000,0.000,0.000,0.013,4.8,11.30,31.0,0.000,0.000,0.000,0.000,0.000,0.000,0.000,0.000,0.000,0.000,0.000,0.000,0.000,0.000,0.000,0.000,0.013,0.006
93.8061,938,0,move,-1,93.8061,93.8193,0,0.000,-0.088,0.176,-0.176,-0.088,0.088,-0.264,-0.088,0.176,0.000,-0.176,-0.088,-0.088,-47.197,32.607,0.000,0.439,0.176,0.000,0.000,0.000,0.000,0.000,0.000,0.000,0.000,0.000,0.000,0.000,0.000,0.000,-47.133,32.667,0.000,0.000,0.000,0.006,2.4,11.30,32.0,0.000,0.000,0.006,0.006,0.000,0.000,0.006,0.000,0.006,0.000,0.000,0.000,0.000,0.000,0.000,0.000,0.006,0.000
93.9063,939,0,move,-1,93.9063,93.9207,0,0.000,-0.088,0.176,-0.176,-0.088,0.088,-0.264,-0.088,0.176,0.000,-0.176,-0.088,-0.088,-47.197,32.607,0.000,0.439,0.176,0.000,0.000,0.000,0.000,0.000,0.000,0.000,0.000,0.000,0.000,0.000,0.000,0.000,-47.133,32.667,0.000,0.000,0.000,0.006,3.2,11.30,32.0,0.000,0.000,0.000,0.000,0.000,0.000,0.006,0.000,0.000,0.000,0.000,0.000,0.000,0.000,0.000,0.000,0.006,0.000
94.0103,940,0,move,-1,94.0103,94.0381,0,0.000,-0.088,0.176,-0.176,-0.088,0.088,-0.264,-0.088,0.176,0.000,-0.176,-0.088,-0.088,-47.197,32.607,0.000,0.439,0.176,0.000,0.000,0.000,0.000,0.000,0.000,0.000,0.000,0.000,0.000,0.000,0.000,0.000,-47.133,32.667,0.000,0.000,0.000,0.006,2.4,11.30,32.0,0.000,0.000,0.006,0.000,0.000,0.000,0.006,0.000,0.006,0.000,0.006,0.000,0.000,0.000,0.000,0.000,0.006,0.006
94.1062,941,0,move,-1,94.1062,94.1188,0,0.000,-0.088,0.176,-0.176,-0.088,0.088,-0.264,-0.088,0.176,0.000,-0.176,-0.088,-0.088,-47.197,32.607,0.000,0.439,0.176,0.000,0.000,0.000,0.000,0.000,0.000,0.000,0.000,0.000,0.000,0.000,0.000,0.000,-47.133,32.667,0.000,0.000,0.000,0.006,2.4,11.30,32.0,0.000,0.000,0.006,0.000,0.000,0.000,0.006,0.000,0.006,0.000,0.006,0.000,0.000,0.000,0.000,0.000,0.006,0.006
94.2061,942,0,move,-1,94.2061,94.2159,0,0.000,-0.088,0.176,-0.176,-0.088,0.088,-0.264,-0.088,0.176,0.000,-0.176,-0.088,-0.088,-47.197,32.607,0.000,0.439,0.176,0.000,0.000,0.000,0.000,0.000,0.000,0.000,0.000,0.000,0.000,0.000,0.000,0.000,-47.133,32.667,0.000,0.000,0.000,0.013,4.8,11.30,31.0,0.000,0.000,0.000,0.006,0.000,0.000,0.000,0.000,0.006,0.000,0.000,0.000,0.000,0.000,0.000,0.000,0.013,0.000
94.3061,943,0,move,-1,94.3061,94.3176,0,0.000,-0.088,0.176,-0.176,-0.088,0.088,-0.264,-0.088,0.176,0.000,-0.176,-0.088,-0.088,-47.197,32.607,0.000,0.439,0.176,0.000,0.000,0.000,0.000,0.000,0.000,0.000,0.000,0.000,0.000,0.000,0.000,0.000,-47.133,32.667,0.000,0.000,0.000,0.006,2.4,11.30,32.0,0.000,0.000,0.000,0.000,0.000,0.000,0.000,0.000,0.006,0.000,0.006,0.000,0.000,0.000,0.000,0.000,0.006,0.000
94.4063,944,0,move,-1,94.4063,94.4169,0,0.000,-0.088,0.176,-0.176,-0.088,0.088,-0.264,-0.088,0.176,0.000,-0.176,-0.088,-0.088,-47.197,32.607,0.000,0.439,0.176,0.000,0.000,0.000,0.000,0.000,0.000,0.000,0.000,0.000,0.000,0.000,0.000,0.000,-47.133,32.667,0.000,0.000,0.000,0.006,2.4,11.30,32.0,0.000,0.000,0.000,0.000,0.000,0.000,0.000,0.000,0.006,0.000,0.006,0.000,0.000,0.000,0.000,0.000,0.006,0.000
94.5100,945,0,move,-1,94.5100,94.5213,0,0.000,-0.088,0.176,-0.176,-0.088,0.088,-0.264,-0.088,0.176,0.000,-0.176,-0.088,-0.088,-47.197,32.607,0.000,0.439,0.176,0.000,0.000,0.000,0.000,0.000,0.000,0.000,0.000,0.000,0.000,0.000,0.000,0.000,-47.133,32.667,0.000,0.000,0.000,0.006,3.2,11.20,32.0,0.000,0.000,0.000,0.000,0.000,0.000,0.006,0.000,0.006,0.000,0.000,0.000,0.000,0.000,0.000,0.000,0.006,0.000
94.6061,946,0,move,-1,94.6061,94.6263,0,0.000,-0.088,0.176,-0.176,-0.088,0.088,-0.264,-0.088,0.176,0.000,-0.176,-0.088,-0.088,-47.197,32.607,0.000,0.439,0.176,0.000,0.000,0.000,0.000,0.000,0.000,0.000,0.000,0.000,0.000,0.000,0.000,0.000,-47.133,32.667,0.000,0.000,0.000,0.006,2.4,11.30,32.0,0.000,0.000,0.000,0.000,0.000,0.000,0.000,0.000,0.006,0.000,0.006,0.000,0.000,0.000,0.000,0.000,0.006,0.000
94.7061,947,0,move,-1,94.7061,94.7131,0,0.000,-0.088,0.176,-0.176,-0.088,0.088,-0.264,-0.088,0.176,0.000,-0.176,-0.088,-0.088,-47.197,32.607,0.000,0.439,0.176,0.000,0.000,0.000,0.000,0.000,0.000,0.000,0.000,0.000,0.000,0.000,0.000,0.000,-47.133,32.667,0.000,0.000,0.000,0.006,2.4,11.30,32.0,0.000,0.000,0.000,0.000,0.000,0.000,0.000,0.000,0.006,0.000,0.006,0.000,0.000,0.000,0.000,0.000,0.006,0.000
94.8069,948,0,move,-1,94.8069,94.8182,0,0.000,-0.088,0.176,-0.176,-0.088,0.088,-0.264,-0.088,0.176,0.000,-0.176,-0.088,-0.088,-47.197,32.607,0.000,0.439,0.176,0.000,0.000,0.000,0.000,0.000,0.000,0.000,0.000,0.000,0.000,0.000,0.000,0.000,-47.133,32.667,0.000,0.000,0.000,0.006,3.2,11.20,32.0,0.000,0.000,0.000,0.000,0.000,0.000,0.006,0.000,0.000,0.000,0.006,0.000,0.000,0.000,0.000,0.000,0.006,0.000
94.9061,949,0,move,-1,94.9061,94.9183,0,0.000,-0.088,0.176,-0.176,-0.088,0.088,-0.264,-0.088,0.176,0.000,-0.176,-0.088,-0.088,-47.197,32.607,0.000,0.439,0.176,0.000,0.000,0.000,0.000,0.000,0.000,0.000,0.000,0.000,0.000,0.000,0.000,0.000,-47.133,32.667,0.000,0.000,0.000,0.000,0.0,11.30,32.0,0.000,0.000,0.000,0.000,0.000,0.000,0.000,0.000,0.000,0.000,0.000,0.000,0.000,0.000,0.000,0.000,0.000,0.000
95.0063,950,0,move,-1,95.0063,95.0163,0,0.000,-0.088,0.176,-0.176,-0.088,0.088,-0.264,-0.088,0.176,0.000,-0.176,-0.088,-0.088,-47.197,32.607,0.000,0.439,0.176,0.000,0.000,0.000,0.000,0.000,0.000,0.000,0.000,0.000,0.000,0.000,0.000,0.000,-47.133,32.667,0.000,0.000,0.000,0.000,0.0,11.30,32.0,0.000,0.000,0.000,0.000,0.000,0.000,0.000,0.000,0.000,0.000,0.000,0.000,0.000,0.000,0.000,0.000,0.000,0.000
95.1061,951,0,move,-1,95.1061,95.1182,0,0.000,-0.088,0.176,-0.176,-0.088,0.088,-0.264,-0.088,0.176,0.000,-0.176,-0.088,-0.088,-47.197,32.607,0.000,0.439,0.176,0.000,0.000,0.000,0.000,0.000,0.000,0.000,0.000,0.000,0.000,0.000,0.000,0.000,-47.133,32.667,0.000,0.000,0.000,0.006,4.8,11.30,31.0,0.000,0.000,0.000,0.000,0.000,0.000,0.000,0.000,0.000,0.000,0.000,0.000,0.000,0.000,0.000,0.000,0.006,0.000
95.2061,952,0,move,-1,95.2061,95.2186,0,0.000,-0.088,0.176,-0.176,-0.088,0.088,-0.264,-0.088,0.176,0.000,-0.176,-0.088,-0.088,-47.197,32.607,0.000,0.439,0.176,0.000,0.000,0.000,0.000,0.000,0.000,0.000,0.000,0.000,0.000,0.000,0.000,0.000,-47.133,32.667,0.000,0.000,0.000,0.006,2.4,11.30,32.0,0.000,0.000,0.000,0.006,0.000,0.000,0.006,0.000,0.000,0.000,0.000,0.000,0.000,0.000,0.000,0.000,0.006,0.000
95.3062,953,0,move,-1,95.3062,95.3176,0,0.000,-0.088,0.176,-0.176,-0.088,0.088,-0.264,-0.088,0.176,0.000,-0.176,-0.088,-0.088,-47.197,32.607,0.000,0.439,0.176,0.000,0.000,0.000,0.000,0.000,0.000,0.000,0.000,0.000,0.000,0.000,0.000,0.000,-47.133,32.667,0.000,0.000,0.000,0.006,2.4,11.30,32.0,0.000,0.000,0.000,0.006,0.000,0.000,0.006,0.000,0.000,0.000,0.000,0.000,0.000,0.000,0.000,0.000,0.006,0.000
95.4061,954,0,move,-1,95.4061,95.4181,0,0.000,-0.088,0.176,-0.176,-0.088,0.088,-0.264,-0.088,0.176,0.000,-0.176,-0.088,-0.088,-47.197,32.607,0.000,0.439,0.176,0.000,0.000,0.000,0.000,0.000,0.000,0.000,0.000,0.000,0.000,0.000,0.000,0.000,-47.133,32.667,0.000,0.000,0.000,0.006,2.4,11.30,32.0,0.000,0.000,0.000,0.006,0.000,0.000,0.000,0.000,0.000,0.000,0.000,0.000,0.000,0.000,0.000,0.000,0.006,0.000
95.5063,955,0,move,-1,95.5063,95.5200,0,0.000,-0.088,0.176,-0.176,-0.088,0.088,-0.264,-0.088,0.176,0.000,-0.176,-0.088,-0.088,-47.197,32.607,0.000,0.439,0.176,0.000,0.000,0.000,0.000,0.000,0.000,0.000,0.000,0.000,0.000,0.000,0.000,0.000,-47.133,32.667,0.000,0.000,0.000,0.013,4.8,11.30,31.0,0.000,0.000,0.000,0.006,0.000,0.000,0.006,0.000,0.000,0.000,0.000,0.000,0.000,0.000,0.000,0.000,0.013,0.000
95.6062,956,0,move,-1,95.6062,95.6169,0,0.000,-0.088,0.176,-0.176,-0.088,0.088,-0.264,-0.088,0.176,0.000,-0.176,-0.088,-0.088,-47.197,32.607,0.000,0.439,0.176,0.000,0.000,0.000,0.000,0.000,0.000,0.000,0.000,0.000,0.000,0.000,0.000,0.000,-47.133,32.667,0.000,0.000,0.000,0.013,4.8,11.30,31.0,0.000,0.000,0.000,0.006,0.000,0.000,0.006,0.000,0.000,0.000,0.000,0.000,0.000,0.000,0.000,0.000,0.013,0.000
95.7061,957,0,move,-1,95.7061,95.7168,0,0.000,-0.088,0.176,-0.176,-0.088,0.088,-0.264,-0.088,0.176,0.000,-0.176,-0.088,-0.088,-47.197,32.607,0.000,0.439,0.176,0.000,0.000,0.000,0.000,0.000,0.000,0.000,0.000,0.000,0.000,0.000,0.000,0.000,-47.133,32.667,0.000,0.000,0.000,0.013,4.8,11.30,31.0,0.000,0.000,0.000,0.006,0.000,0.000,0.000,0.000,0.000,0.000,0.000,0.000,0.000,0.000,0.000,0.000,0.013,0.006
95.8061,958,0,move,-1,95.8061,95.8180,0,0.000,-0.088,0.176,-0.176,-0.088,0.088,-0.264,-0.088,0.176,0.000,-0.176,-0.088,-0.088,-47.197,32.607,0.000,0.439,0.176,0.000,0.000,0.000,0.000,0.000,0.000,0.000,0.000,0.000,0.000,0.000,0.000,0.000,-47.133,32.667,0.000,0.000,0.000,0.006,3.2,11.30,32.0,0.000,0.000,0.000,0.000,0.000,0.000,0.006,0.000,0.006,0.000,0.006,0.000,0.000,0.000,0.000,0.000,0.006,0.000
95.9111,959,0,move,-1,95.9111,95.9749,0,0.000,-0.088,0.176,-0.176,-0.088,0.088,-0.264,-0.088,0.176,0.000,-0.176,-0.088,-0.088,-47.197,32.607,0.000,0.439,0.176,0.000,0.000,0.000,0.000,0.000,0.000,0.000,0.000,0.000,0.000,0.000,0.000,0.000,-47.133,32.667,0.000,0.000,0.000,0.006,2.4,11.30,32.0,0.000,0.000,0.000,0.006,0.000,0.000,0.000,0.000,0.000,0.000,0.006,0.000,0.000,0.000,0.000,0.000,0.006,0.006
96.0074,960,0,move,-1,96.0074,96.0207,0,0.000,-0.088,0.176,-0.176,-0.088,0.088,-0.264,-0.088,0.176,0.000,-0.176,-0.088,-0.088,-47.197,32.607,0.000,0.439,0.176,0.000,0.000,0.000,0.000,0.000,0.000,0.000,0.000,0.000,0.000,0.000,0.000,0.000,-47.033,32.619,0.000,0.000,0.000,0.006,2.4,11.30,32.0,0.000,0.000,0.000,0.006,0.000,0.000,0.000,0.000,0.000,0.000,0.006,0.000,0.000,0.000,0.000,0.000,0.006,0.006
96.1061,961,0,move,-1,96.1061,96.1177,0,0.000,-0.088,0.176,-0.176,-0.088,0.088,-0.264,-0.088,0.176,0.000,-0.176,-0.088,-0.088,-47.197,32.607,0.000,0.439,0.176,0.000,0.000,0.000,0.000,0.000,0.000,0.000,0.000,0.000,0.000,0.000,0.000,0.000,-46.742,32.477,0.000,0.000,0.000,0.013,4.8,11.30,31.0,0.000,0.000,0.000,0.000,0.000,0.000,0.006,0.000,0.000,0.000,0.006,0.000,0.000,0.006,0.000,0.000,0.013,0.006
96.2061,962,0,move,-1,96.2061,96.2159,0,0.000,-0.088,0.176,-0.176,-0.088,0.088,-0.264,-0.088,0.176,0.000,-0.176,-0.088,-0.088,-46.846,32.607,0.000,0.439,0.176,0.000,0.000,0.000,0.000,0.000,0.000,0.000,0.000,0.000,0.000,0.000,0.000,0.000,-46.288,32.255,0.000,0.000,0.000,0.013,4.8,11.30,31.0,0.000,0.000,0.000,0.000,0.000,0.000,0.006,0.000,0.000,0.000,0.006,0.000,0.000,0.006,0.000,0.000,0.013,0.006
96.3061,963,0,move,-1,96.3061,96.3170,0,0.000,-0.088,0.176,-0.176,-0.088,0.088,-0.264,-0.088,0.176,0.000,-0.176,-0.088,-0.088,-46.494,32.344,0.000,0.439,0.176,0.000,0.000,0.000,0.000,0.000,0.000,0.000,0.000,0.000,0.000,0.000,0.000,0.000,-45.712,31.972,0.000,0.000,0.000,0.006,2.4,11.30,32.0,0.000,0.000,0.006,0.006,0.000,0.000,0.000,0.000,0.000,0.000,0.000,0.000,0.000,0.006,0.006,0.000,0.006,0.006
96.4061,964,0,move,-1,96.4061,96.4167,0,0.000,-0.088,0.176,-0.176,-0.088,0.088,-0.264,-0.088,0.176,0.000,-0.176,-0.088,-0.088,-46.055,31.992,0.000,0.439,0.176,0.000,0.000,0.000,0.000,0.000,0.000,0.000,0.000,0.000,0.000,0.000,0.000,0.000,-45.069,31.653,0.000,0.000,0.000,0.006,2.4,11.30,32.0,0.000,0.000,0.006,0.006,0.000,0.000,0.000,0.000,0.000,0.000,0.000,0.000,0.000,0.006,0.006,0.000,0.006,0.006
96.5063,965,0,move,-1,96.5063,96.5173,0,0.000,-0.088,0.176,-0.176,-0.088,0.088,-0.264,-0.088,0.176,0.000,-0.176,-0.088,-0.088,-45.439,31.729,0.000,0.439,0.176,0.000,0.000,0.000,0.000,0.000,0.000,0.000,0.000,0.000,0.000,0.000,0.000,0.000,-44.421,31.329,0.000,0.000,0.000,0.013,4.8,11.30,29.0,,0.000,0.000,0.006,0.000,0.000,0.006,0.000,0.000,0.000,0.000,0.000,0.000,0.013,0.013,0.000,0.006,0.000
96.6087,966,0,move,-1,96.6087,96.6191,0,0.000,-0.088,0.176,-0.176,-0.088,0.088,-0.264,-0.088,0.176,0.000,-0.176,-0.088,-0.088,-45.439,31.465,0.000,0.439,0.176,0.000,0.000,0.000,0.000,0.000,0.000,0.000,0.000,0.000,0.000,0.000,0.000,0.000,-43.833,31.033,0.000,0.000,0.000,0.006,3.2,11.30,32.0,0.000,0.000,0.000,0.000,0.000,0.000,0.006,0.000,0.000,0.000,0.000,0.000,0.000,0.006,0.006,0.000,0.006,0.000
96.7061,967,0,move,-1,96.7061,96.7175,0,0.000,-0.088,0.176,-0.176,-0.088,0.088,-0.264,-0.088,0.176,0.000,-0.176,-0.088,-0.088,-44.121,31.113,0.000,0.439,0.176,0.000,0.000,0.000,0.000,0.000,0.000,0.000,0.000,0.000,0.000,0.000,0.000,0.000,-43.362,30.795,0.000,0.000,0.000,0.006,3.2,11.30,32.0,0.000,0.000,0.000,0.000,0.000,0.000,0.006,0.000,0.000,0.000,0.000,0.000,0.000,0.006,0.006,0.000,0.006,0.000
96.8063,968,0,move,-1,96.8063,96.8196,0,0.000,-0.088,0.176,-0.176,-0.088,0.088,-0.264,-0.088,0.176,0.000,-0.176,-0.088,-0.088,-43.506,30.762,0.000,0.439,0.176,0.000,0.000,0.000,0.000,0.000,0.000,0.000,0.000,0.000,0.000,0.000,0.000,0.000,-43.059,30.640,0.000,0.000,0.000,0.006,2.4,11.30,32.0,0.000,0.000,0.000,0.006,0.000,0.000,0.000,0.000,0.000,0.000,0.006,0.000,0.000,0.006,0.000,0.000,0.006,0.006
96.9061,969,0,move,-1,96.9061,96.9157,0,0.000,-0.088,0.176,-0.176,-0.088,0.088,-0.264,-0.088,0.176,0.000,-0.176,-0.088,-0.088,-43.330,30.762,0.000,0.439,0.176,0.000,0.000,0.000,0.000,0.000,0.000,0.000,0.000,0.000,0.000,0.000,0.000,0.000,-42.955,30.587,0.000,0.000,0.000,0.006,2.4,11.30,32.0,0.000,0.000,0.000,0.006,0.000,0.000,0.000,0.000,0.000,0.000,0.006,0.000,0.000,0.006,0.000,0.000,0.006,0.006
97.0063,970,0,move,-1,97.0063,97.0186,0,0.000,-0.088,0.176,-0.176,-0.088,0.088,-0.264,-0.088,0.176,0.000,-0.176,-0.088,-0.088,-43.066,30.762,0.000,0.439,0.176,0.000,0.000,0.000,0.000,0.000,0.000,0.000,0.000,0.000,0.000,0.000,0.000,0.000,-42.955,30.587,0.000,0.000,0.000,0.006,2.4,11.30,32.0,0.000,0.000,0.000,0.006,0.000,0.000,0.000,0.000,0.000,0.000,0.000,0.000,0.000,0.000,0.000,0.000,0.006,0.006
97.1061,971,0,move,-1,97.1061,97.1157,0,0.000,-0.088,0.176,-0.176,-0.088,0.088,-0.264,-0.088,0.176,0.000,-0.176,-0.088,-0.088,-43.066,30.762,0.000,0.439,0.176,0.000,0.000,0.000,0.000,0.000,0.000,0.000,0.000,0.000,0.000,0.000,0.000,0.000,-42.955,30.587,0.000,0.000,0.000,0.006,2.4,11.30,32.0,0.000,0.000,0.000,0.006,0.000,0.000,0.000,0.000,0.000,0.000,0.000,0.000,0.000,0.000,0.000,0.000,0.006,0.006
97.2061,972,0,move,-1,97.2061,97.2524,0,0.000,-0.088,0.176,-0.176,-0.088,0.088,-0.264,-0.088,0.176,0.000,-0.176,-0.088,-0.088,-43.066,30.762,0.000,0.439,0.176,0.000,0.000,0.000,0.000,0.000,0.000,0.000,0.000,0.000,0.000,0.000,0.000,0.000,-42.955,30.587,0.000,0.000,0.000,0.006,2.4,11.30,32.0,0.000,0.000,0.000,0.006,0.000,0.000,0.006,0.000,0.000,0.000,0.000,0.000,0.000,0.000,0.006,0.000,0.006,0.006
97.3061,973,0,move,-1,97.3061,97.3191,0,0.000,-0.088,0.176,-0.176,-0.088,0.088,-0.264,-0.088,0.176,0.000,-0.176,-0.088,-0.088,-43.066,30.762,0.000,0.439,0.176,0.000,0.000,0.000,0.000,0.000,0.000,0.000,0.000,0.000,0.000,0.000,0.000,0.000,-42.955,30.587,0.000,0.000,0.000,0.006,2.4,11.30,32.0,0.000,0.000,0.000,0.006,0.000,0.000,0.006,0.000,0.000,0.000,0.000,0.000,0.000,0.000,0.006,0.000,0.006,0.006
97.4063,974,0,move,-1,97.4063,97.4160,0,0.000,-0.088,0.176,-0.176,-0.088,0.088,-0.264,-0.088,0.176,0.000,-0.176,-0.088,-0.088,-43.066,30.762,0.000,0.439,0.176,0.000,0.000,0.000,0.000,0.000,0.000,0.000,0.000,0.000,0.000,0.000,0.000,0.000,-42.955,30.587,0.000,0.000,0.000,0.006,2.4,11.30,32.0,0.000,0.000,0.000,0.000,0.000,0.000,0.000,0.000,0.006,0.000,0.000,0.000,0.000,0.000,0.006,0.000,0.006,0.006
97.5063,975,0,move,-1,97.5063,97.5200,0,0.000,-0.088,0.176,-0.176,-0.088,0.088,-0.264,-0.088,0.176,0.000,-0.176,-0.088,-0.088,-43.066,30.762,0.000,0.439,0.176,0.000,0.000,0.000,0.000,0.000,0.000,0.000,0.000,0.000,0.000,0.000,0.000,0.000,-42.955,30.587,0.000,0.000,0.000,0.013,4.8,11.30,31.0,0.000,0.000,0.000,0.000,0.000,0.000,0.000,0.000,0.006,0.000,0.006,0.000,0.000,0.000,0.006,0.000,0.013,0.000
97.6063,976,0,move,-1,97.6063,97.6183,0,0.000,-0.088,0.176,-0.176,-0.088,0.088,-0.264,-0.088,0.176,0.000,-0.176,-0.088,-0.088,-43.066,30.762,0.000,0.439,0.176,0.000,0.000,0.000,0.000,0.000,0.000,0.000,0.000,0.000,0.000,0.000,0.000,0.000,-42.955,30.587,0.000,0.000,0.000,0.013,4.8,11.30,31.0,0.000,0.000,0.000,0.000,0.000,0.000,0.000,0.000,0.006,0.000,0.006,0.000,0.000,0.000,0.006,0.000,0.013,0.000
97.7062,977,0,move,-1,97.7062,97.7765,0,0.000,-0.088,0.176,-0.176,-0.088,0.088,-0.264,-0.088,0.176,0.000,-0.176,-0.088,-0.088,-43.066,30.762,0.000,0.439,0.176,0.000,0.000,0.000,0.000,0.000,0.000,0.000,0.000,0.000,0.000,0.000,0.000,0.000,-42.955,30.587,0.000,0.000,0.000,0.006,3.2,11.20,32.0,0.000,0.000,0.000,0.000,0.000,0.000,0.006,0.000,0.000,0.000,0.006,0.000,0.000,0.000,0.000,0.000,0.006,0.006
97.8063,978,0,move,-1,97.8063,97.8184,0,0.000,-0.088,0.176,-0.176,-0.088,0.088,-0.264,-0.088,0.176,0.000,-0.176,-0.088,-0.088,-43.066,30.762,0.000,0.439,0.176,0.000,0.000,0.000,0.000,0.000,0.000,0.000,0.000,0.000,0.000,0.000,0.000,0.000,-42.955,30.587,0.000,0.000,0.000,0.006,3.2,11.20,32.0,0.000,0.000,0.000,0.000,0.000,0.000,0.006,0.000,0.000,0.000,0.006,0.000,0.000,0.000,0.000,0.000,0.006,0.006
97.9062,979,0,move,-1,97.9062,97.9199,0,0.000,-0.088,0.176,-0.176,-0.088,0.088,-0.264,-0.088,0.176,0.000,-0.176,-0.088,-0.088,-43.066,30.762,0.000,0.439,0.176,0.000,0.000,0.000,0.000,0.000,0.000,0.000,0.000,0.000,0.000,0.000,0.000,0.000,-42.955,30.587,0.000,0.000,0.000,0.006,2.4,11.30,29.0,0.000,0.000,0.000,0.000,0.000,0.000,0.000,0.000,0.000,0.000,0.000,0.000,0.000,0.000,0.006,0.000,0.006,0.006
98.0063,980,0,move,-1,98.0063,98.0180,0,0.000,-0.088,0.176,-0.176,-0.088,0.088,-0.264,-0.088,0.176,0.000,-0.176,-0.088,-0.088,-43.066,30.762,0.000,0.439,0.176,0.000,0.000,0.000,0.000,0.000,0.000,0.000,0.000,0.000,0.000,0.000,0.000,0.000,-42.955,30.587,0.000,0.000,0.000,0.006,2.4,11.30,29.0,0.000,0.000,0.000,0.000,0.000,0.000,0.000,0.000,0.000,0.000,0.000,0.000,0.000,0.000,0.006,0.000,0.006,0.006
98.1068,981,0,move,-1,98.1068,98.1470,0,0.000,-0.088,0.176,-0.176,-0.088,0.088,-0.264,-0.088,0.176,0.000,-0.176,-0.088,-0.088,-43.066,30.762,0.000,0.439,0.176,0.000,0.000,0.000,0.000,0.000,0.000,0.000,0.000,0.000,0.000,0.000,0.000,0.000,-42.955,30.587,0.000,0.000,0.000,0.006,3.2,11.30,32.0,0.000,0.000,0.000,0.000,0.000,0.000,0.006,0.000,0.000,0.000,0.006,0.000,0.000,0.000,0.006,0.000,0.006,0.006
98.2061,982,0,move,-1,98.2061,98.2166,0,0.000,-0.088,0.176,-0.176,-0.088,0.088,-0.264,-0.088,0.176,0.000,-0.176,-0.088,-0.088,-43.066,30.762,0.000,0.439,0.176,0.000,0.000,0.000,0.000,0.000,0.000,0.000,0.000,0.000,0.000,0.000,0.000,0.000,-42.955,30.587,0.000,0.000,0.000,0.006,3.2,11.30,32.0,0.000,0.000,0.000,0.000,0.000,0.000,0.006,0.000,0.000,0.000,0.006,0.000,0.000,0.000,0.006,0.000,0.006,0.006
98.3063,983,0,move,-1,98.3063,98.3186,0,0.000,-0.088,0.176,-0.176,-0.088,0.088,-0.264,-0.088,0.176,0.000,-0.176,-0.088,-0.088,-43.066,30.762,0.000,0.439,0.176,0.000,0.000,0.000,0.000,0.000,0.000,0.000,0.000,0.000,0.000,0.000,0.000,0.000,-42.955,30.587,0.000,0.000,0.000,0.006,2.4,11.30,32.0,0.000,0.000,0.000,0.006,0.000,0.000,0.006,0.000,0.006,0.000,0.000,0.000,0.000,0.000,0.006,0.000,0.006,0.000
98.4063,984,0,move,-1,98.4063,98.4176,0,0.000,-0.088,0.176,-0.176,-0.088,0.088,-0.264,-0.088,0.176,0.000,-0.176,-0.088,-0.088,-43.066,30.762,0.000,0.439,0.176,0.000,0.000,0.000,0.000,0.000,0.000,0.000,0.000,0.000,0.000,0.000,0.000,0.000,-42.955,30.587,0.000,0.000,0.000,0.006,2.4,11.30,32.0,0.000,0.000,0.000,0.006,0.000,0.000,0.006,0.000,0.006,0.000,0.000,0.000,0.000,0.000,0.006,0.000,0.006,0.000
98.5061,985,0,move,-1,98.5061,98.5159,0,0.000,-0.088,0.176,-0.176,-0.088,0.088,-0.264,-0.088,0.176,0.000,-0.176,-0.088,-0.088,-43.066,30.762,0.000,0.439,0.176,0.000,0.000,0.000,0.000,0.000,0.000,0.000,0.000,0.000,0.000,0.000,0.000,0.000,-42.955,30.587,0.000,0.000,0.000,0.006,2.4,11.30,32.0,0.000,0.000,0.000,0.006,0.000,0.000,0.000,0.000,0.006,0.000,0.000,0.000,0.000,0.000,0.000,0.000,0.006,0.006
98.6063,986,0,move,-1,98.6063,98.6179,0,0.000,-0.088,0.176,-0.176,-0.088,0.088,-0.264,-0.088,0.176,0.000,-0.176,-0.088,-0.088,-43.066,30.762,0.000,0.439,0.176,0.000,0.000,0.000,0.000,0.000,0.000,0.000,0.000,0.000,0.000,0.000,0.000,0.000,-42.955,30.587,0.000,0.000,0.000,0.006,2.4,11.30,32.0,0.000,0.000,0.000,0.006,0.000,0.000,0.000,0.000,0.006,0.000,0.000,0.000,0.000,0.000,0.000,0.000,0.006,0.006
98.7061,987,0,move,-1,98.7061,98.7188,0,0.000,-0.088,0.176,-0.176,-0.088,0.088,-0.264,-0.088,0.176,0.000,-0.176,-0.088,-0.088,-43.066,30.762,0.000,0.439,0.176,0.000,0.000,0.000,0.000,0.000,0.000,0.000,0.000,0.000,0.000,0.000,0.000,0.000,-42.955,30.587,0.000,0.000,0.000,0.006,3.2,11.30,32.0,0.000,0.000,0.000,0.000,0.000,0.000,0.006,0.000,0.000,0.000,0.000,0.000,0.000,0.000,0.006,0.000,0.006,0.006
98.8061,988,0,move,-1,98.8061,98.8181,0,0.000,-0.088,0.176,-0.176,-0.088,0.088,-0.264,-0.088,0.176,0.000,-0.176,-0.088,-0.088,-43.066,30.762,0.000,0.439,0.176,0.000,0.000,0.000,0.000,0.000,0.000,0.000,0.000,0.000,0.000,0.000,0.000,0.000,-42.955,30.587,0.000,0.000,0.000,0.006,3.2,11.30,32.0,0.000,0.000,0.000,0.000,0.000,0.000,0.006,0.000,0.000,0.000,0.000,0.000,0.000,0.000,0.006,0.000,0.006,0.006
98.9063,989,0,move,-1,98.9063,98.9153,0,0.000,-0.088,0.176,-0.176,-0.088,0.088,-0.264,-0.088,0.176,0.000,-0.176,-0.088,-0.088,-43.066,30.762,0.000,0.439,0.176,0.000,0.000,0.000,0.000,0.000,0.000,0.000,0.000,0.000,0.000,0.000,0.000,0.000,-42.955,30.587,0.000,0.000,0.000,0.006,2.4,11.30,32.0,0.000,0.000,0.006,0.000,0.000,0.000,0.006,0.000,0.000,0.000,0.006,0.000,0.000,0.000,0.006,0.000,0.006,0.000
99.0062,990,0,move,-1,99.0062,99.0178,0,0.000,-0.088,0.176,-0.176,-0.088,0.088,-0.264,-0.088,0.176,0.000,-0.176,-0.088,-0.088,-43.066,30.762,0.000,0.439,0.176,0.000,0.000,0.000,0.000,0.000,0.000,0.000,0.000,0.000,0.000,0.000,0.000,0.000,-42.955,30.587,0.000,0.000,0.000,0.013,2.4,11.30,29.0,0.000,0.000,0.000,0.000,0.000,0.000,0.000,0.000,0.000,0.000,0.000,0.000,0.000,0.000,0.013,0.000,0.006,0.006
99.1063,991,0,move,-1,99.1063,99.1199,0,0.000,-0.088,0.176,-0.176,-0.088,0.088,-0.264,-0.088,0.176,0.000,-0.176,-0.088,-0.088,-43.066,30.762,0.000,0.439,0.176,0.000,0.000,0.000,0.000,0.000,0.000,0.000,0.000,0.000,0.000,0.000,0.000,0.000,-42.955,30.587,0.000,0.000,0.000,0.013,4.8,11.30,31.0,0.000,0.000,0.006,0.000,0.000,0.000,0.006,0.000,0.000,0.000,0.000,0.000,0.000,0.000,0.006,0.000,0.013,0.000
99.2085,992,0,move,-1,99.2085,99.2506,0,0.000,-0.088,0.176,-0.176,-0.088,0.088,-0.264,-0.088,0.176,0.000,-0.176,-0.088,-0.088,-43.066,30.762,0.000,0.439,0.176,0.000,0.000,0.000,0.000,0.000,0.000,0.000,0.000,0.000,0.000,0.000,0.000,0.000,-42.955,30.587,0.000,0.000,0.000,0.000,0.0,11.30,31.0,0.000,0.000,0.000,0.000,0.000,0.000,0.000,0.000,0.000,0.000,0.000,0.000,0.000,0.000,0.000,0.000,0.000,0.000
99.3069,993,0,move,-1,99.3069,99.3303,0,0.000,-0.088,0.176,-0.176,-0.088,0.088,-0.264,-0.088,0.176,0.000,-0.176,-0.088,-0.088,-43.066,30.762,0.000,0.439,0.176,0.000,0.000,0.000,0.000,0.000,0.000,0.000,0.000,0.000,0.000,0.000,0.000,0.000,-42.955,30.587,0.000,0.000,0.000,0.000,0.0,11.30,31.0,0.000,0.000,0.000,0.000,0.000,0.000,0.000,0.000,0.000,0.000,0.000,0.000,0.000,0.000,0.000,0.000,0.000,0.000
99.4061,994,0,move,-1,99.4061,99.4167,0,0.000,-0.088,0.176,-0.176,-0.088,0.088,-0.264,-0.088,0.176,0.000,-0.176,-0.088,-0.088,-43.066,30.762,0.000,0.439,0.176,0.000,0.000,0.000,0.000,0.000,0.000,0.000,0.000,0.000,0.000,0.000,0.000,0.000,-42.955,30.587,0.000,0.000,0.000,0.013,4.8,11.30,31.0,0.000,0.000,0.000,0.006,0.000,0.000,0.006,0.000,0.000,0.000,0.000,0.000,0.000,0.000,0.006,0.000,0.013,0.006
99.5061,995,0,move,-1,99.5061,99.5157,0,0.000,-0.088,0.176,-0.176,-0.088,0.088,-0.264,-0.088,0.176,0.000,-0.176,-0.088,-0.088,-43.066,30.762,0.000,0.439,0.176,0.000,0.000,0.000,0.000,0.000,0.000,0.000,0.000,0.000,0.000,0.000,0.000,0.000,-42.955,30.587,0.000,0.000,0.000,0.013,4.8,11.30,31.0,0.000,0.000,0.000,0.006,0.000,0.000,0.006,0.000,0.000,0.000,0.000,0.000,0.000,0.000,0.006,0.000,0.013,0.006
99.6098,996,0,move,-1,99.6098,99.6418,0,0.000,-0.088,0.176,-0.176,-0.088,0.088,-0.264,-0.088,0.176,0.000,-0.176,-0.088,-0.088,-43.066,30.762,0.000,0.439,0.176,0.000,0.000,0.000,0.000,0.000,0.000,0.000,0.000,0.000,0.000,0.000,0.000,0.000,-42.955,30.587,0.000,0.000,0.000,0.006,2.4,11.30,32.0,0.000,0.000,0.000,0.006,0.000,0.000,0.000,0.000,0.000,0.000,0.000,0.000,0.000,0.000,0.006,0.000,0.006,0.006
99.7070,997,0,move,-1,99.7070,99.7194,0,0.000,-0.088,0.176,-0.176,-0.088,0.088,-0.264,-0.088,0.176,0.000,-0.176,-0.088,-0.088,-43.066,30.762,0.000,0.439,0.176,0.000,0.000,0.000,0.000,0.000,0.000,0.000,0.000,0.000,0.000,0.000,0.000,0.000,-42.955,30.587,0.000,0.000,0.000,0.006,2.4,11.30,32.0,0.000,0.000,0.000,0.006,0.000,0.000,0.000,0.000,0.000,0.000,0.000,0.000,0.000,0.000,0.006,0.000,0.006,0.006
99.8063,998,0,move,-1,99.8063,99.8314,0,0.000,-0.088,0.176,-0.176,-0.088,0.088,-0.264,-0.088,0.176,0.000,-0.176,-0.088,-0.088,-43.066,30.762,0.000,0.439,0.176,0.000,0.000,0.000,0.000,0.000,0.000,0.000,0.000,0.000,0.000,0.000,0.000,0.000,-42.955,30.587,0.000,0.000,0.000,0.006,2.4,11.30,32.0,0.000,,0.000,0.006,0.000,0.000,0.000,0.000,0.000,0.000,0.000,0.000,0.000,0.000,0.006,0.000,0.006,0.000
99.9063,999,0,move,-1,99.9063,99.9193,0,0.000,-0.088,0.176,-0.176,-0.088,0.088,-0.264,-0.088,0.176,0.000,-0.176,-0.088,-0.088,-43.066,30.762,0.000,0.439,0.176,0.000,0.000,0.000,0.000,0.000,0.000,0.000,0.000,0.000,0.000,0.000,0.000,0.000,-42.955,30.587,0.000,0.000,0.000,0.006,2.4,11.30,32.0,0.000,,0.000,0.006,0.000,0.000,0.000,0.000,0.000,0.000,0.000,0.000,0.000,0.000,0.006,0.000,0.006,0.000
100.0063,1000,0,move,-1,100.0063,100.0191,0,0.000,-0.088,0.176,-0.176,-0.088,0.088,-0.264,-0.088,0.176,0.000,-0.176,-0.088,-0.088,-43.066,30.762,0.000,0.439,0.176,0.000,0.000,0.000,0.000,0.000,0.000,0.000,0.000,0.000,0.000,0.000,0.000,0.000,-43.059,30.640,0.000,0.000,0.000,0.006,2.4,11.30,32.0,0.000,0.000,0.000,0.006,0.000,0.000,0.006,0.000,0.006,0.000,0.006,0.000,0.000,0.000,0.006,0.000,0.006,0.000
100.1082,1001,0,move,-1,100.1082,100.1210,0,0.000,-0.088,0.176,-0.176,-0.088,0.088,-0.264,-0.088,0.176,0.000,-0.176,-0.088,-0.088,-43.066,30.762,0.000,0.439,0.176,0.000,0.000,0.000,0.000,0.000,0.000,0.000,0.000,0.000,0.000,0.000,0.000,0.000,-43.362,30.795,0.000,0.000,0.000,0.013,4.8,11.30,31.0,0.000,0.000,0.000,0.000,0.000,0.000,0.000,0.000,0.000,0.000,0.000,0.000,0.000,0.000,0.000,0.000,0.013,0.000
100.2062,1002,0,move,-1,100.2062,100.2242,0,0.000,-0.088,0.176,-0.176,-0.088,0.088,-0.264,-0.088,0.176,0.000,-0.176,-0.088,-0.088,-43.242,30.762,0.000,0.439,0.176,0.000,0.000,0.000,0.000,0.000,0.000,0.000,0.000,0.000,0.000,0.000,0.000,0.000,-43.833,31.033,0.000,0.000,0.000,0.006,3.2,11.30,32.0,0.000,0.000,0.000,0.000,0.000,0.000,0.006,0.000,0.006,0.000,0.000,0.000,0.000,0.006,0.000,0.000,0.006,0.006
100.3063,1003,0,move,-1,100.3063,100.3187,0,0.000,-0.088,0.176,-0.176,-0.088,0.088,-0.264,-0.088,0.176,0.000,-0.176,-0.088,-0.088,-43.506,30.938,0.000,0.439,0.176,0.000,0.000,0.000,0.000,0.000,0.000,0.000,0.000,0.000,0.000,0.000,0.000,0.000,-44.421,31.329,0.000,0.000,0.000,0.006,3.2,11.30,32.0,0.000,0.000,0.000,0.000,0.000,0.000,0.006,0.000,0.006,0.000,0.000,0.000,0.000,0.006,0.000,0.000,0.006,0.006
100.4063,1004,0,move,-1,100.4063,100.4168,0,0.000,-0.088,0.176,-0.176,-0.088,0.088,-0.264,-0.088,0.176,0.000,-0.176,-0.088,-0.088,-43.682,31.289,0.000,0.439,0.176,0.000,0.000,0.000,0.000,0.000,0.000,0.000,0.000,0.000,0.000,0.000,0.000,0.000,-45.069,31.653,0.000,0.000,0.000,0.013,3.2,11.30,29.0,0.000,0.000,0.000,0.000,0.000,0.000,0.006,0.000,0.000,0.000,0.000,0.000,0.000,0.013,0.013,0.000,0.013,0.000
100.5062,1005,0,move,-1,100.5062,100.5191,0,0.000,-0.088,0.176,-0.176,-0.088,0.088,-0.264,-0.088,0.176,0.000,-0.176,-0.088,-0.088,-44.385,31.641,0.000,0.439,0.176,0.000,0.000,0.000,0.000,0.000,0.000,0.000,0.000,0.000,0.000,0.000,0.000,0.000,-45.712,31.972,0.000,0.000,0.000,0.033,8.0,11.30,29.0,0.000,0.000,0.000,0.006,0.000,0.000,0.006,0.000,0.000,0.000,0.000,0.000,0.000,0.033,0.006,0.000,0.006,0.006
100.6063,1006,0,move,-1,100.6063,100.6197,0,0.000,-0.088,0.176,-0.176,-0.088,0.088,-0.264,-0.088,0.176,0.000,-0.176,-0.088,-0.088,-44.824,31.816,0.000,0.439,0.176,0.000,0.000,0.000,0.000,0.000,0.000,0.000,0.000,0.000,0.000,0.000,0.000,0.000,-46.288,32.255,0.000,0.000,0.000,0.033,7.6,11.30,29.0,0.000,0.000,0.000,0.000,0.000,0.000,0.006,0.000,0.000,0.000,0.000,0.000,0.000,0.033,0.000,0.000,0.006,0.000
100.7063,1007,0,move,-1,100.7063,100.7187,0,0.000,-0.088,0.176,-0.176,-0.088,0.088,-0.264,-0.088,0.176,0.000,-0.176,-0.088,-0.088,-45.439,32.168,0.000,0.439,0.176,0.000,0.000,0.000,0.000,0.000,0.000,0.000,0.000,0.000,0.000,0.000,0.000,0.000,-46.742,32.477,0.000,0.000,0.000,0.033,7.6,11.30,29.0,0.000,0.000,0.000,0.000,0.000,0.000,0.006,0.000,0.000,0.000,0.000,0.000,0.000,0.033,0.000,0.000,0.006,0.000
100.8063,1008,0,move,-1,100.8063,100.8211,0,0.000,-0.088,0.176,-0.176,-0.088,0.088,-0.264,-0.088,0.176,0.000,-0.176,-0.088,-0.088,-46.055,32.520,0.000,0.439,0.176,0.000,0.000,0.000,0.000,0.000,0.000,0.000,0.000,0.000,0.000,0.000,0.000,0.000,-47.033,32.619,0.000,0.000,0.000,0.091,11.2,11.30,29.0,0.000,0.000,0.000,0.000,0.000,0.000,0.006,0.000,0.000,0.000,0.000,0.000,0.000,0.091,0.013,0.000,0.006,0.000
100.9063,1009,0,move,-1,100.9063,100.9170,0,0.000,-0.088,0.176,-0.176,-0.088,0.088,-0.264,-0.088,0.176,0.000,-0.176,-0.088,-0.088,-46.318,32.607,0.000,0.439,0.176,0.000,0.000,0.000,0.000,0.000,0.000,0.000,0.000,0.000,0.000,0.000,0.000,0.000,-47.133,32.667,0.000,0.000,0.000,0.091,11.2,11.30,29.0,0.000,0.000,0.000,0.000,0.000,0.000,0.006,0.000,0.000,0.000,0.000,0.000,0.000,0.091,0.013,0.000,0.006,0.000
101.0062,1010,0,move,-1,101.0062,101.0183,0,0.000,-0.088,0.176,-0.176,-0.088,0.088,-0.264,-0.088,0.176,0.000,-0.176,-0.088,-0.088,-46.406,32.607,0.000,0.439,0.176,0.000,0.000,0.000,0.000,0.000,0.000,0.000,0.000,0.000,0.000,0.000,0.000,0.000,-47.133,32.667,0.000,0.000,0.000,0.033,7.2,11.30,29.0,0.000,0.000,0.000,0.000,0.000,0.000,0.006,0.000,0.000,0.000,0.000,0.000,0.000,0.033,0.000,0.000,0.006,0.000
101.1062,1011,0,move,-1,101.1062,101.1174,0,0.000,-0.088,0.176,-0.176,-0.088,0.088,-0.264,-0.088,0.176,0.000,-0.176,-0.088,-0.088,-45.791,32.607,0.000,0.439,0.176,0.000,0.000,0.000,0.000,0.000,0.000,0.000,0.000,0.000,0.000,0.000,0.000,0.000,-47.133,32.667,0.000,0.000,0.000,0.033,7.2,11.30,29.0,0.000,0.000,0.000,0.000,0.000,0.000,0.006,0.000,0.000,0.000,0.000,0.000,0.000,0.033,0.000,0.000,0.006,0.000
101.2094,1012,0,move,-1,101.2094,101.2536,0,0.000,-0.088,0.176,-0.176,-0.088,0.088,-0.264,-0.088,0.176,0.000,-0.176,-0.088,-0.088,-46.230,32.607,0.000,0.439,0.176,0.000,0.000,0.000,0.000,0.000,0.000,0.000,0.000,0.000,0.000,0.000,0.000,0.000,-47.133,32.667,0.000,0.000,0.000,0.006,2.8,11.20,31.0,0.000,0.000,0.000,0.000,0.000,0.000,0.000,0.000,0.000,0.000,0.006,0.000,0.000,0.006,0.000,0.000,0.006,0.000
101.3063,1013,0,move,-1,101.3063,101.3169,0,0.000,-0.088,0.176,-0.176,-0.088,0.088,-0.264,-0.088,0.176,0.000,-0.176,-0.088,-0.088,-46.494,32.607,0.000,0.439,0.176,0.000,0.000,0.000,0.000,0.000,0.000,0.000,0.000,0.000,0.000,0.000,0.000,0.000,-47.133,32.667,0.000,0.000,0.000,0.006,2.8,11.20,31.0,0.000,0.000,0.000,0.000,0.000,0.000,0.000,0.000,0.000,0.000,0.006,0.000,0.000,0.006,0.000,0.000,0.006,0.000
101.4061,1014,0,move,-1,101.4061,101.4174,0,0.000,-0.088,0.176,-0.176,-0.088,0.088,-0.264,-0.088,0.176,0.000,-0.176,-0.088,-0.088,-46.582,32.607,0.000,0.439,0.176,0.000,0.000,0.000,0.000,0.000,0.000,0.000,0.000,0.000,0.000,0.000,0.000,0.000,-47.133,32.667,0.000,0.000,0.000,0.019,5.6,11.30,29.0,0.000,0.000,0.000,0.006,0.000,0.000,0.006,0.000,0.000,0.000,0.000,0.000,0.000,0.019,0.000,0.000,0.006,0.000
101.5061,1015,0,move,-1,101.5061,101.5190,0,0.000,-0.088,0.176,-0.176,-0.088,0.088,-0.264,-0.088,0.176,0.000,-0.176,-0.088,-0.088,-46.582,32.607,0.000,0.439,0.176,0.000,0.000,0.000,0.000,0.000,0.000,0.000,0.000,0.000,0.000,0.000,0.000,0.000,-47.133,32.667,0.000,0.000,0.000,0.019,5.6,11.30,29.0,0.000,0.000,0.000,0.000,0.000,0.000,0.006,0.000,0.006,0.000,0.000,0.000,0.000,0.019,0.000,0.000,0.006,0.006
101.6061,1016,0,move,-1,101.6061,101.6171,0,0.000,-0.088,0.176,-0.176,-0.088,0.088,-0.264,-0.088,0.176,0.000,-0.176,-0.088,-0.088,-46.582,32.607,0.000,0.439,0.176,0.000,0.000,0.000,0.000,0.000,0.000,0.000,0.000,0.000,0.000,0.000,0.000,0.000,-47.133,32.667,0.000,0.000,0.000,0.019,5.6,11.30,29.0,0.000,0.000,0.000,0.000,0.000,0.000,0.006,0.000,0.006,0.000,0.000,0.000,0.000,0.019,0.000,0.000,0.006,0.006
101.7063,1017,0,move,-1,101.7063,101.7202,0,0.000,-0.088,0.176,-0.176,-0.088,0.088,-0.264,-0.088,0.176,0.000,-0.176,-0.088,-0.088,-46.582,32.607,0.000,0.439,0.176,0.000,0.000,0.000,0.000,0.000,0.000,0.000,0.000,0.000,0.000,0.000,0.000,0.000,-47.133,32.667,0.000,0.000,0.000,0.019,5.6,11.30,29.0,0.000,0.000,0.000,0.006,0.000,0.000,0.006,0.000,0.000,0.000,0.006,0.000,0.000,0.019,0.000,0.000,0.013,0.000
101.8146,1018,0,move,-1,101.8146,101.8277,0,0.000,-0.088,0.176,-0.176,-0.088,0.088,-0.264,-0.088,0.176,0.000,-0.176,-0.088,-0.088,-46.582,32.607,0.000,0.439,0.176,0.000,0.000,0.000,0.000,0.000,0.000,0.000,0.000,0.000,0.000,0.000,0.000,0.000,-47.133,32.667,0.000,0.000,0.000,0.019,5.6,11.30,29.0,0.000,0.000,0.000,0.006,0.000,0.000,0.006,0.000,0.000,0.000,0.000,0.000,0.000,0.019,0.000,0.000,0.006,0.006
101.9061,1019,0,move,-1,101.9061,101.9192,0,0.000,-0.088,0.176,-0.176,-0.088,0.088,-0.264,-0.088,0.176,0.000,-0.176,-0.088,-0.088,-46.582,32.607,0.000,0.439,0.176,0.000,0.000,0.000,0.000,0.000,0.000,0.000,0.000,0.000,0.000,0.000,0.000,0.000,-47.133,32.667,0.000,0.000,0.000,0.019,5.6,11.30,29.0,0.000,0.000,0.000,0.006,0.000,0.000,0.006,0.000,0.000,0.000,0.000,0.000,0.000,0.019,0.000,0.000,0.006,0.006
102.0063,1020,0,move,-1,102.0063,102.0187,0,0.000,-0.088,0.176,-0.176,-0.088,0.088,-0.264,-0.088,0.176,0.000,-0.176,-0.088,-0.088,-46.670,32.607,0.000,0.439,0.176,0.000,0.000,0.000,0.000,0.000,0.000,0.000,0.000,0.000,0.000,0.000,0.000,0.000,-47.133,32.667,0.000,0.000,0.000,0.026,5.6,11.30,29.0,0.000,0.000,0.000,0.000,0.000,0.000,0.006,0.000,0.000,0.000,0.000,0.000,0.000,0.026,0.000,0.000,0.006,0.000
102.1063,1021,0,move,-1,102.1063,102.1181,0,0.000,-0.088,0.176,-0.176,-0.088,0.088,-0.264,-0.088,0.176,0.000,-0.176,-0.088,-0.088,-46.670,32.607,0.000,0.439,0.176,0.000,0.000,0.000,0.000,0.000,0.000,0.000,0.000,0.000,0.000,0.000,0.000,0.000,-47.133,32.667,0.000,0.000,0.000,0.026,5.6,11.30,29.0,0.000,0.000,0.000,0.000,0.000,0.000,0.006,0.000,0.000,0.000,0.000,0.000,0.000,0.026,0.000,0.000,0.006,0.000
102.2061,1022,0,move,-1,102.2061,102.2164,0,0.000,-0.088,0.176,-0.176,-0.088,0.088,-0.264,-0.088,0.176,0.000,-0.176,-0.088,-0.088,-46.670,32.607,0.000,0.439,0.176,0.000,0.000,0.000,0.000,0.000,0.000,0.000,0.000,0.000,0.000,0.000,0.000,0.000,-47.133,32.667,0.000,0.000,0.000,0.019,4.8,11.30,29.0,0.000,0.000,0.000,0.000,0.000,0.000,0.006,0.000,0.000,0.000,0.000,0.000,0.000,0.019,0.000,0.000,0.013,0.006
102.3064,1023,0,move,-1,102.3064,102.3185,0,0.000,-0.088,0.176,-0.176,-0.088,0.088,-0.264,-0.088,0.176,0.000,-0.176,-0.088,-0.088,-46.670,32.607,0.000,0.439,0.176,0.000,0.000,0.000,0.000,0.000,0.000,0.000,0.000,0.000,0.000,0.000,0.000,0.000,-47.133,32.667,0.000,0.000,0.000,0.013,4.8,11.30,29.0,0.000,0.000,0.000,0.000,0.000,0.000,0.006,0.000,0.000,0.000,0.000,0.000,0.000,0.013,0.000,0.000,0.006,0.000
102.4063,1024,0,move,-1,102.4063,102.4178,0,0.000,-0.088,0.176,-0.176,-0.088,0.088,-0.264,-0.088,0.176,0.000,-0.176,-0.088,-0.088,-46.670,32.607,0.000,0.439,0.176,0.000,0.000,0.000,0.000,0.000,0.000,0.000,0.000,0.000,0.000,0.000,0.000,0.000,-47.133,32.667,0.000,0.000,0.000,0.013,4.8,11.30,29.0,0.000,0.000,0.000,0.000,0.000,0.000,0.006,0.000,0.000,0.000,0.000,0.000,0.000,0.013,0.000,0.000,0.006,0.000
102.5063,1025,0,move,-1,102.5063,102.5158,0,0.000,-0.088,0.176,-0.176,-0.088,0.088,-0.264,-0.088,0.176,0.000,-0.176,-0.088,-0.088,-46.670,32.607,0.000,0.439,0.176,0.000,0.000,0.000,0.000,0.000,0.000,0.000,0.000,0.000,0.000,0.000,0.000,0.000,-47.133,32.667,0.000,0.000,0.000,0.019,4.8,11.30,29.0,0.000,0.000,0.006,0.000,0.000,0.000,0.000,0.000,0.006,0.000,0.000,0.000,0.000,0.019,0.000,0.000,0.006,0.000
102.6063,1026,0,move,-1,102.6063,102.6197,0,0.000,-0.088,0.176,-0.176,-0.088,0.088,-0.264,-0.088,0.176,0.000,-0.176,-0.088,-0.088,-46.670,32.607,0.000,0.439,0.176,0.000,0.000,0.000,0.000,0.000,0.000,0.000,0.000,0.000,0.000,0.000,0.000,0.000,-47.133,32.667,0.000,0.000,0.000,0.019,4.8,11.30,29.0,0.000,0.000,0.000,0.000,0.000,0.000,0.006,0.000,0.006,0.000,0.000,0.000,0.000,0.019,0.000,0.000,0.013,0.000
102.7063,1027,0,move,-1,102.7063,102.7169,0,0.000,-0.088,0.176,-0.176,-0.088,0.088,-0.264,-0.088,0.176,0.000,-0.176,-0.088,-0.088,-46.670,32.607,0.000,0.439,0.176,0.000,0.000,0.000,0.000,0.000,0.000,0.000,0.000,0.000,0.000,0.000,0.000,0.000,-47.133,32.667,0.000,0.000,0.000,0.019,4.8,11.30,29.0,0.000,0.000,0.000,0.000,0.000,0.000,0.006,0.000,0.006,0.000,0.000,0.000,0.000,0.019,0.000,0.000,0.013,0.000
102.8061,1028,0,move,-1,102.8061,102.8173,0,0.000,-0.088,0.176,-0.176,-0.088,0.088,-0.264,-0.088,0.176,0.000,-0.176,-0.088,-0.088,-46.670,32.607,0.000,0.439,0.176,0.000,0.000,0.000,0.000,0.000,0.000,0.000,0.000,0.000,0.000,0.000,0.000,0.000,-47.133,32.667,0.000,0.000,0.000,0.019,4.8,11.30,29.0,0.000,0.000,0.000,0.000,0.000,0.000,0.006,0.000,0.006,0.000,0.000,0.000,0.000,0.019,0.000,0.000,0.013,0.006
102.9086,1029,0,move,-1,102.9086,102.9425,0,0.000,-0.088,0.176,-0.176,-0.088,0.088,-0.264,-0.088,0.176,0.000,-0.176,-0.088,-0.088,-46.670,32.607,0.000,0.439,0.176,0.000,0.000,0.000,0.000,0.000,0.000,0.000,0.000,0.000,0.000,0.000,0.000,0.000,-47.133,32.667,0.000,0.000,0.000,0.013,4.8,11.30,29.0,0.000,0.000,0.000,0.000,0.000,0.000,0.006,0.000,0.006,0.000,0.000,0.000,0.000,0.013,0.000,0.000,0.006,0.000
103.0063,1030,0,move,-1,103.0063,103.0182,0,0.000,-0.088,0.176,-0.176,-0.088,0.088,-0.264,-0.088,0.176,0.000,-0.176,-0.088,-0.088,-46.670,32.607,0.000,0.439,0.176,0.000,0.000,0.000,0.000,0.000,0.000,0.000,0.000,0.000,0.000,0.000,0.000,0.000,-47.133,32.667,0.000,0.000,0.000,0.013,4.8,11.30,29.0,0.000,0.000,0.000,0.000,0.000,0.000,0.006,0.000,0.006,0.000,0.000,0.000,0.000,0.013,0.000,0.000,0.006,0.000
103.1061,1031,0,move,-1,103.1061,103.1160,0,0.000,-0.088,0.176,-0.176,-0.088,0.088,-0.264,-0.088,0.176,0.000,-0.176,-0.088,-0.088,-46.670,32.607,0.000,0.439,0.176,0.000,0.000,0.000,0.000,0.000,0.000,0.000,0.000,0.000,0.000,0.000,0.000,0.000,-47.133,32.667,0.000,0.000,0.000,0.013,4.8,11.30,29.0,0.000,0.000,0.000,0.000,0.000,0.000,0.000,0.000,0.000,0.000,0.000,0.000,0.000,0.013,0.000,0.000,0.006,0.006
103.2063,1032,0,move,-1,103.2063,103.2193,0,0.000,-0.088,0.176,-0.176,-0.088,0.088,-0.264,-0.088,0.176,0.000,-0.176,-0.088,-0.088,-46.670,32.607,0.000,0.439,0.176,0.000,0.000,0.000,0.000,0.000,0.000,0.000,0.000,0.000,0.000,0.000,0.000,0.000,-47.133,32.667,0.000,0.000,0.000,0.013,4.8,11.30,29.0,0.000,0.000,0.000,0.000,0.000,0.000,0.006,0.000,0.000,0.000,0.000,0.000,0.000,0.013,0.000,0.000,0.006,0.006
103.3088,1033,0,move,-1,103.3088,103.3232,0,0.000,-0.088,0.176,-0.176,-0.088,0.088,-0.264,-0.088,0.176,0.000,-0.176,-0.088,-0.088,-46.670,32.607,0.000,0.439,0.176,0.000,0.000,0.000,0.000,0.000,0.000,0.000,0.000,0.000,0.000,0.000,0.000,0.000,-47.133,32.667,0.000,0.000,0.000,0.019,4.8,11.30,29.0,0.000,0.000,0.000,0.000,0.000,0.000,0.000,0.000,0.000,0.000,0.000,0.000,0.000,0.019,0.000,0.000,0.006,0.006
103.4061,1034,0,move,-1,103.4061,103.4181,0,0.000,-0.088,0.176,-0.176,-0.088,0.088,-0.264,-0.088,0.176,0.000,-0.176,-0.088,-0.088,-46.670,32.607,0.000,0.439,0.176,0.000,0.000,0.000,0.000,0.000,0.000,0.000,0.000,0.000,0.000,0.000,0.000,0.000,-47.133,32.667,0.000,0.000,0.000,0.019,4.8,11.30,29.0,0.000,0.000,0.000,0.000,0.000,0.000,0.000,0.000,0.000,0.000,0.000,0.000,0.000,0.019,0.000,0.000,0.006,0.006
103.5063,1035,0,move,-1,103.5063,103.5162,0,0.000,-0.088,0.176,-0.176,-0.088,0.088,-0.264,-0.088,0.176,0.000,-0.176,-0.088,-0.088,-46.670,32.607,0.000,0.439,0.176,0.000,0.000,0.000,0.000,0.000,0.000,0.000,0.000,0.000,0.000,0.000,0.000,0.000,-47.133,32.667,0.000,0.000,0.000,0.019,4.8,11.30,29.0,0.000,0.000,0.000,0.000,0.000,0.000,0.006,0.000,0.000,0.000,0.000,0.000,0.000,0.019,0.000,0.000,0.006,0.000
103.6063,1036,0,move,-1,103.6063,103.6186,0,0.000,-0.088,0.176,-0.176,-0.088,0.088,-0.264,-0.088,0.176,0.000,-0.176,-0.088,-0.088,-46.670,32.607,0.000,0.439,0.176,0.000,0.000,0.000,0.000,0.000,0.000,0.000,0.000,0.000,0.000,0.000,0.000,0.000,-47.133,32.667,0.000,0.000,0.000,0.019,4.8,11.30,29.0,,0.000,0.000,0.006,0.000,0.000,0.006,0.000,0.006,0.000,0.000,0.000,0.000,0.019,0.000,0.000,0.006,0.000
103.7061,1037,0,move,-1,103.7061,103.7170,0,0.000,-0.088,0.176,-0.176,-0.088,0.088,-0.264,-0.088,0.176,0.000,-0.176,-0.088,-0.088,-46.670,32.607,0.000,0.439,0.176,0.000,0.000,0.000,0.000,0.000,0.000,0.000,0.000,0.000,0.000,0.000,0.000,0.000,-47.133,32.667,0.000,0.000,0.000,0.019,4.8,11.30,29.0,,0.000,0.000,0.006,0.000,0.000,0.006,0.000,0.006,0.000,0.000,0.000,0.000,0.019,0.000,0.000,0.006,0.000
103.8063,1038,0,move,-1,103.8063,103.8177,0,0.000,-0.088,0.176,-0.176,-0.088,0.088,-0.264,-0.088,0.176,0.000,-0.176,-0.088,-0.088,-46.670,32.607,0.000,0.439,0.176,0.000,0.000,0.000,0.000,0.000,0.000,0.000,0.000,0.000,0.000,0.000,0.000,0.000,-47.133,32.667,0.000,0.000,0.000,0.013,4.8,11.30,29.0,0.000,0.000,0.006,0.000,0.000,0.000,0.006,0.000,0.000,0.000,0.000,0.000,0.000,0.013,0.000,0.000,0.006,0.000
103.9063,1039,0,move,-1,103.9063,103.9198,0,0.000,-0.088,0.176,-0.176,-0.088,0.088,-0.264,-0.088,0.176,0.000,-0.176,-0.088,-0.088,-46.670,32.607,0.000,0.439,0.176,0.000,0.000,0.000,0.000,0.000,0.000,0.000,0.000,0.000,0.000,0.000,0.000,0.000,-47.133,32.667,0.000,0.000,0.000,0.019,4.8,11.30,29.0,0.000,0.000,0.000,0.006,0.000,0.000,0.006,0.000,0.000,0.000,0.000,0.000,0.000,0.019,0.000,0.000,0.006,0.006
104.0061,1040,0,move,-1,104.0061,104.0184,0,0.000,-0.088,0.176,-0.176,-0.088,0.088,-0.264,-0.088,0.176,0.000,-0.176,-0.088,-0.088,-46.670,32.607,0.000,0.439,0.176,0.000,0.000,0.000,0.000,0.000,0.000,0.000,0.000,0.000,0.000,0.000,0.000,0.000,-47.233,32.716,0.000,0.000,0.000,0.019,4.8,11.30,29.0,0.000,0.000,0.000,0.006,0.000,0.000,0.006,0.000,0.000,0.000,0.000,0.000,0.000,0.019,0.000,0.000,0.006,0.006
104.1062,1041,0,move,-1,104.1062,104.1165,0,0.000,-0.088,0.176,-0.176,-0.088,0.088,-0.264,-0.088,0.176,0.000,-0.176,-0.088,-0.088,-46.670,32.607,0.000,0.439,0.176,0.000,0.000,0.000,0.000,0.000,0.000,0.000,0.000,0.000,0.000,0.000,0.000,0.000,-47.522,32.856,0.000,0.000,0.000,0.026,5.6,11.30,29.0,0.000,0.000,0.000,0.000,0.000,0.000,0.006,0.000,0.006,0.000,0.006,0.000,0.000,0.026,0.000,0.000,0.006,0.000
104.2061,1042,0,move,-1,104.2061,104.2175,0,0.000,-0.088,0.176,-0.176,-0.088,0.088,-0.264,-0.088,0.176,0.000,-0.176,-0.088,-0.088,-46.934,32.783,0.000,0.439,0.176,0.000,0.000,0.000,0.000,0.000,0.000,0.000,0.000,0.000,0.000,0.000,0.000,0.000,-47.971,33.071,0.000,0.000,0.000,0.045,9.2,11.30,29.0,0.000,0.000,0.000,0.006,0.000,0.000,0.006,0.000,0.000,0.000,0.006,0.000,0.000,0.045,0.013,0.000,0.006,0.000
104.3069,1043,0,move,-1,104.3069,104.3600,0,0.000,-0.088,0.176,-0.176,-0.088,0.088,-0.264,-0.088,0.176,0.000,-0.176,-0.088,-0.088,-47.285,32.871,0.000,0.439,0.176,0.000,0.000,0.000,0.000,0.000,0.000,0.000,0.000,0.000,0.000,0.000,0.000,0.000,-48.535,33.340,0.000,0.000,0.000,0.026,7.6,11.30,29.0,0.000,0.000,0.000,0.000,0.000,0.000,0.006,0.000,0.000,0.000,0.006,0.000,0.000,0.026,0.006,0.000,0.013,0.006
104.4061,1044,0,move,-1,104.4061,104.4166,0,0.000,-0.088,0.176,-0.176,-0.088,0.088,-0.264,-0.088,0.176,0.000,-0.176,-0.088,-0.088,-47.725,33.311,0.000,0.439,0.176,0.000,0.000,0.000,0.000,0.000,0.000,0.000,0.000,0.000,0.000,0.000,0.000,0.000,-49.154,33.634,0.000,0.000,0.000,0.026,7.6,11.30,29.0,0.000,0.000,0.000,0.000,0.000,0.000,0.006,0.000,0.000,0.000,0.006,0.000,0.000,0.026,0.006,0.000,0.013,0.006
104.5061,1045,0,move,-1,104.5061,104.5140,0,0.000,-0.088,0.176,-0.176,-0.088,0.088,-0.264,-0.088,0.176,0.000,-0.176,-0.088,-0.088,-48.252,33.486,0.000,0.439,0.176,0.000,0.000,0.000,0.000,0.000,0.000,0.000,0.000,0.000,0.000,0.000,0.000,0.000,-49.772,33.924,0.000,0.000,0.000,0.058,9.6,11.30,29.0,0.000,0.000,0.000,0.000,0.000,0.000,0.006,0.000,0.000,0.000,0.000,0.000,0.000,0.058,0.006,0.000,0.006,0.006
104.6063,1046,0,move,-1,104.6063,104.6254,0,0.000,-0.088,0.176,-0.176,-0.088,0.088,-0.264,-0.088,0.176,0.000,-0.176,-0.088,-0.088,-49.043,34.014,0.000,0.439,0.176,0.000,0.000,0.000,0.000,0.000,0.000,0.000,0.000,0.000,0.000,0.000,0.000,0.000,-50.327,34.182,0.000,0.000,0.000,0.026,6.8,11.30,29.0,0.000,0.000,0.006,0.000,0.000,0.000,0.000,0.000,0.000,0.000,0.006,0.000,0.000,0.026,0.006,0.000,0.006,0.000
104.7061,1047,0,move,-1,104.7061,104.7170,0,0.000,-0.088,0.176,-0.176,-0.088,0.088,-0.264,-0.088,0.176,0.000,-0.176,-0.088,-0.088,-49.746,34.014,0.000,0.439,0.176,0.000,0.000,0.000,0.000,0.000,0.000,0.000,0.000,0.000,0.000,0.000,0.000,0.000,-50.765,34.384,0.000,0.000,0.000,0.026,6.8,11.30,29.0,0.000,0.000,0.006,0.000,0.000,0.000,0.000,0.000,0.000,0.000,0.006,0.000,0.000,0.026,0.006,0.000,0.006,0.000
104.8061,1048,0,move,-1,104.8061,104.8181,0,0.000,-0.088,0.176,-0.176,-0.088,0.088,-0.264,-0.088,0.176,0.000,-0.176,-0.088,-0.088,-50.273,34.365,0.000,0.439,0.176,0.000,0.000,0.000,0.000,0.000,0.000,0.000,0.000,0.000,0.000,0.000,0.000,0.000,-51.045,34.512,0.000,0.000,0.000,0.026,5.6,11.30,29.0,0.000,0.000,0.006,0.006,0.000,0.000,0.006,0.000,0.006,0.000,0.000,0.000,0.000,0.026,0.006,0.000,0.006,0.006
104.9061,1049,0,move,-1,104.9061,104.9222,0,0.000,-0.088,0.176,-0.176,-0.088,0.088,-0.264,-0.088,0.176,0.000,-0.176,-0.088,-0.088,-50.537,34.541,0.000,0.439,0.176,0.000,0.000,0.000,0.000,0.000,0.000,0.000,0.000,0.000,0.000,0.000,0.000,0.000,-51.141,34.556,0.000,0.000,0.000,0.006,2.0,11.30,29.0,0.000,0.000,0.000,0.000,0.000,0.000,0.000,0.000,0.000,0.000,0.000,0.000,0.000,0.006,0.000,0.000,0.000,0.000
105.0062,1050,0,move,-1,105.0062,105.0160,0,0.000,-0.088,0.176,-0.176,-0.088,0.088,-0.264,-0.088,0.176,0.000,-0.176,-0.088,-0.088,-50.713,34.541,0.000,0.439,0.176,0.000,0.000,0.000,0.000,0.000,0.000,0.000,0.000,0.000,0.000,0.000,0.000,0.000,-51.141,34.556,0.000,0.000,0.000,0.006,2.0,11.30,29.0,0.000,0.000,0.000,0.000,0.000,0.000,0.000,0.000,0.000,0.000,0.000,0.000,0.000,0.006,0.000,0.000,0.000,0.000
105.1063,1051,0,move,-1,105.1063,105.1165,0,0.000,-0.088,0.176,-0.176,-0.088,0.088,-0.264,-0.088,0.176,0.000,-0.176,-0.088,-0.088,-50.713,34.541,0.000,0.439,0.176,0.000,0.000,0.000,0.000,0.000,0.000,0.000,0.000,0.000,0.000,0.000,0.000,0.000,-51.141,34.556,0.000,0.000,0.000,0.013,4.4,11.30,29.0,0.000,0.000,0.000,0.006,0.000,0.000,0.006,0.000,0.000,0.000,0.000,0.000,0.000,0.013,0.000,0.000,0.006,0.000
105.2166,1052,0,move,-1,105.2166,105.2570,0,0.000,-0.088,0.176,-0.176,-0.088,0.088,-0.264,-0.088,0.176,0.000,-0.176,-0.088,-0.088,-50.713,34.541,0.000,0.439,0.176,0.000,0.000,0.000,0.000,0.000,0.000,0.000,0.000,0.000,0.000,0.000,0.000,0.000,-51.141,34.556,0.000,0.000,0.000,0.019,4.8,11.30,29.0,0.000,0.000,0.000,0.006,0.000,0.000,0.006,0.000,0.006,0.000,0.000,0.000,0.000,0.019,0.006,0.000,0.006,0.006
105.3063,1053,0,move,-1,105.3063,105.3191,0,0.000,-0.088,0.176,-0.176,-0.088,0.088,-0.264,-0.088,0.176,0.000,-0.176,-0.088,-0.088,-50.713,34.541,0.000,0.439,0.176,0.000,0.000,0.000,0.000,0.000,0.000,0.000,0.000,0.000,0.000,0.000,0.000,0.000,-51.141,34.556,0.000,0.000,0.000,0.019,4.8,11.30,29.0,0.000,0.000,0.000,0.006,0.000,0.000,0.006,0.000,0.006,0.000,0.000,0.000,0.000,0.019,0.006,0.000,0.006,0.006
105.4061,1054,0,move,-1,105.4061,105.4186,0,0.000,-0.088,0.176,-0.176,-0.088,0.088,-0.264,-0.088,0.176,0.000,-0.176,-0.088,-0.088,-50.713,34.541,0.000,0.439,0.176,0.000,0.000,0.000,0.000,0.000,0.000,0.000,0.000,0.000,0.000,0.000,0.000,0.000,-51.141,34.556,0.000,0.000,0.000,0.019,4.8,11.30,29.0,0.000,0.000,0.000,0.006,0.000,0.000,0.006,0.000,0.000,0.000,0.000,0.000,0.000,0.019,0.000,0.000,0.006,0.006
105.5061,1055,0,move,-1,105.5061,105.5308,0,0.000,-0.088,0.176,-0.176,-0.088,0.088,-0.264,-0.088,0.176,0.000,-0.176,-0.088,-0.088,-50.713,34.541,0.000,0.439,0.176,0.000,0.000,0.000,0.000,0.000,0.000,0.000,0.000,0.000,0.000,0.000,0.000,0.000,-51.141,34.556,0.000,0.000,0.000,0.019,4.8,11.30,29.0,0.000,0.000,0.000,0.006,0.000,0.000,0.006,0.000,0.006,0.000,0.000,0.000,0.000,0.019,0.000,0.000,0.006,0.000
105.6063,1056,0,move,-1,105.6063,105.6195,0,0.000,-0.088,0.176,-0.176,-0.088,0.088,-0.264,-0.088,0.176,0.000,-0.176,-0.088,-0.088,-50.713,34.541,0.000,0.439,0.176,0.000,0.000,0.000,0.000,0.000,0.000,0.000,0.000,0.000,0.000,0.000,0.000,0.000,-51.141,34.556,0.000,0.000,0.000,0.019,4.8,11.30,29.0,0.000,0.000,0.000,0.006,0.000,0.000,0.006,0.000,0.006,0.000,0.000,0.000,0.000,0.019,0.000,0.000,0.006,0.000
105.7061,1057,0,move,-1,105.7061,105.7170,0,0.000,-0.088,0.176,-0.176,-0.088,0.088,-0.264,-0.088,0.176,0.000,-0.176,-0.088,-0.088,-50.713,34.541,0.000,0.439,0.176,0.000,0.000,0.000,0.000,0.000,0.000,0.000,0.000,0.000,0.000,0.000,0.000,0.000,-51.141,34.556,0.000,0.000,0.000,0.019,4.8,11.30,29.0,0.000,0.000,0.000,0.000,0.000,0.000,0.006,0.000,0.000,0.000,0.000,0.000,0.000,0.019,0.000,0.000,0.006,0.000
105.8061,1058,0,move,-1,105.8061,105.8159,0,0.000,-0.088,0.176,-0.176,-0.088,0.088,-0.264,-0.088,0.176,0.000,-0.176,-0.088,-0.088,-50.713,34.541,0.000,0.439,0.176,0.000,0.000,0.000,0.000,0.000,0.000,0.000,0.000,0.000,0.000,0.000,0.000,0.000,-51.141,34.556,0.000,0.000,0.000,0.019,4.8,11.30,29.0,0.000,0.000,0.000,0.000,0.000,0.000,0.006,0.000,0.000,0.000,0.000,0.000,0.000,0.019,0.000,0.000,0.006,0.000
105.9063,1059,0,move,-1,105.9063,105.9177,0,0.000,-0.088,0.176,-0.176,-0.088,0.088,-0.264,-0.088,0.176,0.000,-0.176,-0.088,-0.088,-50.713,34.541,0.000,0.439,0.176,0.000,0.000,0.000,0.000,0.000,0.000,0.000,0.000,0.000,0.000,0.000,0.000,0.000,-51.141,34.556,0.000,0.000,0.000,0.019,4.8,11.30,29.0,0.000,0.000,0.000,0.000,0.000,0.000,0.006,0.000,0.000,0.000,0.006,0.000,0.000,0.019,0.000,0.000,0.013,0.000
106.0063,1060,0,move,-1,106.0063,106.0188,0,0.000,-0.088,0.176,-0.176,-0.088,0.088,-0.264,-0.088,0.176,0.000,-0.176,-0.088,-0.088,-50.713,34.541,0.000,0.439,0.176,0.000,0.000,0.000,0.000,0.000,0.000,0.000,0.000,0.000,0.000,0.000,0.000,0.000,-51.141,34.556,0.000,0.000,0.000,0.019,4.8,11.30,29.0,0.000,0.000,0.000,0.006,0.000,0.000,0.006,0.000,0.000,0.000,0.000,0.000,0.000,0.019,0.000,0.000,0.006,0.000
106.1063,1061,0,move,-1,106.1063,106.1184,0,0.000,-0.088,0.176,-0.176,-0.088,0.088,-0.264,-0.088,0.176,0.000,-0.176,-0.088,-0.088,-50.713,34.541,0.000,0.439,0.176,0.000,0.000,0.000,0.000,0.000,0.000,0.000,0.000,0.000,0.000,0.000,0.000,0.000,-51.141,34.556,0.000,0.000,0.000,0.019,4.8,11.30,29.0,0.000,0.000,0.000,0.006,0.000,0.000,0.006,0.000,0.000,0.000,0.000,0.000,0.000,0.019,0.000,0.000,0.006,0.000
106.2063,1062,0,move,-1,106.2063,106.2284,0,0.000,-0.088,0.176,-0.176,-0.088,0.088,-0.264,-0.088,0.176,0.000,-0.176,-0.088,-0.088,-50.713,34.541,0.000,0.439,0.176,0.000,0.000,0.000,0.000,0.000,0.000,0.000,0.000,0.000,0.000,0.000,0.000,0.000,-51.141,34.556,0.000,0.000,0.000,0.019,4.8,11.30,29.0,0.000,0.000,0.000,0.000,0.000,,0.000,0.000,0.000,0.000,0.000,0.000,0.000,0.019,0.000,0.000,0.006,0.000
106.3063,1063,0,move,-1,106.3063,106.3172,0,0.000,-0.088,0.176,-0.176,-0.088,0.088,-0.264,-0.088,0.176,0.000,-0.176,-0.088,-0.088,-50.713,34.541,0.000,0.439,0.176,0.000,0.000,0.000,0.000,0.000,0.000,0.000,0.000,0.000,0.000,0.000,0.000,0.000,-51.141,34.556,0.000,0.000,0.000,0.019,4.8,11.30,29.0,0.000,0.000,0.000,0.000,0.000,,0.000,0.000,0.000,0.000,0.000,0.000,0.000,0.019,0.000,0.000,0.006,0.000
106.4063,1064,0,move,-1,106.4063,106.4186,0,0.000,-0.088,0.176,-0.176,-0.088,0.088,-0.264,-0.088,0.176,0.000,-0.176,-0.088,-0.088,-50.713,34.541,0.000,0.439,0.176,0.000,0.000,0.000,0.000,0.000,0.000,0.000,0.000,0.000,0.000,0.000,0.000,0.000,-51.141,34.556,0.000,0.000,0.000,0.013,4.8,11.30,29.0,0.000,0.000,0.000,0.000,0.000,0.000,0.000,0.000,0.000,0.000,0.000,0.000,0.000,0.013,0.000,0.000,0.013,0.000
106.5063,1065,0,move,-1,106.5063,106.5174,0,0.000,-0.088,0.176,-0.176,-0.088,0.088,-0.264,-0.088,0.176,0.000,-0.176,-0.088,-0.088,-50.713,34.541,0.000,0.439,0.176,0.000,0.000,0.000,0.000,0.000,0.000,0.000,0.000,0.000,0.000,0.000,0.000,0.000,-51.141,34.556,0.000,0.000,0.000,0.013,4.8,11.30,29.0,0.000,0.000,0.000,0.000,0.000,0.000,0.000,0.000,0.000,0.000,0.000,0.000,0.000,0.013,0.000,0.000,0.013,0.000
106.6066,1066,0,move,-1,106.6066,106.6230,0,0.000,-0.088,0.176,-0.176,-0.088,0.088,-0.264,-0.088,0.176,0.000,-0.176,-0.088,-0.088,-50.713,34.541,0.000,0.439,0.176,0.000,0.000,0.000,0.000,0.000,0.000,0.000,0.000,0.000,0.000,0.000,0.000,0.000,-51.141,34.556,0.000,0.000,0.000,0.013,4.8,11.30,29.0,0.000,0.000,0.006,0.006,0.000,0.000,0.006,0.000,0.006,0.000,0.006,0.000,0.000,0.013,0.000,0.000,0.013,0.000
106.7061,1067,0,move,-1,106.7061,106.7190,0,0.000,-0.088,0.176,-0.176,-0.088,0.088,-0.264,-0.088,0.176,0.000,-0.176,-0.088,-0.088,-50.713,34.541,0.000,0.439,0.176,0.000,0.000,0.000,0.000,0.000,0.000,0.000,0.000,0.000,0.000,0.000,0.000,0.000,-51.141,34.556,0.000,0.000,0.000,0.013,4.8,11.30,29.0,0.000,0.000,0.006,0.006,0.000,0.000,0.006,0.000,0.006,0.000,0.006,0.000,0.000,0.013,0.000,0.000,0.013,0.000
106.8063,1068,0,move,-1,106.8063,106.8175,0,0.000,-0.088,0.176,-0.176,-0.088,0.088,-0.264,-0.088,0.176,0.000,-0.176,-0.088,-0.088,-50.713,34.541,0.000,0.439,0.176,0.000,0.000,0.000,0.000,0.000,0.000,0.000,0.000,0.000,0.000,0.000,0.000,0.000,-51.141,34.556,0.000,0.000,0.000,0.006,2.4,11.30,32.0,0.000,0.000,0.000,0.006,0.000,0.000,0.006,0.000,0.006,0.000,0.000,0.000,0.000,,0.000,0.000,0.006,0.006
106.9063,1069,0,move,-1,106.9063,106.9165,0,0.000,-0.088,0.176,-0.176,-0.088,0.088,-0.264,-0.088,0.176,0.000,-0.176,-0.088,-0.088,-50.713,34.541,0.000,0.439,0.176,0.000,0.000,0.000,0.000,0.000,0.000,0.000,0.000,0.000,0.000,0.000,0.000,0.000,-51.141,34.556,0.000,0.000,0.000,0.006,2.4,11.30,32.0,0.000,0.000,0.000,0.006,0.000,0.000,0.006,0.000,0.006,0.000,0.000,0.000,0.000,,0.000,0.000,0.006,0.006
107.0063,1070,0,move,-1,107.0063,107.0179,0,0.000,-0.088,0.176,-0.176,-0.088,0.088,-0.264,-0.088,0.176,0.000,-0.176,-0.088,-0.088,-50.713,34.541,0.000,0.439,0.176,0.000,0.000,0.000,0.000,0.000,0.000,0.000,0.000,0.000,0.000,0.000,0.000,0.000,-51.141,34.556,0.000,0.000,0.000,0.019,4.8,11.30,29.0,0.000,0.000,0.000,0.006,0.000,0.000,0.006,0.000,0.006,0.000,0.000,0.000,0.000,0.019,0.000,0.000,0.006,0.006
107.1062,1071,0,move,-1,107.1062,107.1158,0,0.000,-0.088,0.176,-0.176,-0.088,0.088,-0.264,-0.088,0.176,0.000,-0.176,-0.088,-0.088,-50.713,34.541,0.000,0.439,0.176,0.000,0.000,0.000,0.000,0.000,0.000,0.000,0.000,0.000,0.000,0.000,0.000,0.000,-51.141,34.556,0.000,0.000,0.000,0.019,4.8,11.30,29.0,0.000,0.000,0.000,0.006,0.000,0.000,0.006,0.000,0.006,0.000,0.000,0.000,0.000,0.019,0.000,0.000,0.006,0.006
107.2063,1072,0,move,-1,107.2063,107.2173,0,0.000,-0.088,0.176,-0.176,-0.088,0.088,-0.264,-0.088,0.176,0.000,-0.176,-0.088,-0.088,-50.713,34.541,0.000,0.439,0.176,0.000,0.000,0.000,0.000,0.000,0.000,0.000,0.000,0.000,0.000,0.000,0.000,0.000,-51.141,34.556,0.000,0.000,0.000,0.013,4.8,11.30,29.0,0.000,0.000,0.000,0.000,0.000,0.000,0.006,0.000,0.000,0.000,0.000,0.000,0.000,0.013,0.000,0.000,0.006,0.000
107.3095,1073,0,move,-1,107.3095,107.3454,0,0.000,-0.088,0.176,-0.176,-0.088,0.088,-0.264,-0.088,0.176,0.000,-0.176,-0.088,-0.088,-50.713,34.541,0.000,0.439,0.176,0.000,0.000,0.000,0.000,0.000,0.000,0.000,0.000,0.000,0.000,0.000,0.000,0.000,-51.141,34.556,0.000,0.000,0.000,0.019,4.8,11.30,29.0,0.000,0.000,0.000,0.000,0.000,0.000,0.006,0.000,0.000,0.000,0.000,0.000,0.000,0.019,0.000,0.000,0.006,0.000
107.4061,1074,0,move,-1,107.4061,107.4190,0,0.000,-0.088,0.176,-0.176,-0.088,0.088,-0.264,-0.088,0.176,0.000,-0.176,-0.088,-0.088,-50.713,34.541,0.000,0.439,0.176,0.000,0.000,0.000,0.000,0.000,0.000,0.000,0.000,0.000,0.000,0.000,0.000,0.000,-51.141,34.556,0.000,0.000,0.000,0.019,4.8,11.30,29.0,0.000,0.000,0.000,0.000,0.000,0.000,0.006,0.000,0.000,0.000,0.000,0.000,0.000,0.019,0.000,0.000,0.006,0.000
107.5063,1075,0,move,-1,107.5063,107.5178,0,0.000,-0.088,0.176,-0.176,-0.088,0.088,-0.264,-0.088,0.176,0.000,-0.176,-0.088,-0.088,-50.713,34.541,0.000,0.439,0.176,0.000,0.000,0.000,0.000,0.000,0.000,0.000,0.000,0.000,0.000,0.000,0.000,0.000,-51.141,34.556,0.000,0.000,0.000,0.019,4.8,11.30,29.0,0.000,0.000,0.006,0.006,0.000,0.000,0.006,0.000,0.000,0.000,0.000,0.000,0.000,0.019,0.000,0.000,0.006,0.006
107.6311,1076,0,move,-1,107.6311,107.6747,0,0.000,-0.088,0.176,-0.176,-0.088,0.088,-0.264,-0.088,0.176,0.000,-0.176,-0.088,-0.088,-50.713,34.541,0.000,0.439,0.176,0.000,0.000,0.000,0.000,0.000,0.000,0.000,0.000,0.000,0.000,0.000,0.000,0.000,-51.141,34.556,0.000,0.000,0.000,0.019,4.8,11.30,29.0,0.000,0.000,0.000,0.006,0.000,0.000,0.006,0.000,0.006,0.000,0.000,0.000,0.000,0.019,0.000,0.000,0.006,0.000
107.7079,1077,0,move,-1,107.7079,107.7829,0,0.000,-0.088,0.176,-0.176,-0.088,0.088,-0.264,-0.088,0.176,0.000,-0.176,-0.088,-0.088,-50.713,34.541,0.000,0.439,0.176,0.000,0.000,0.000,0.000,0.000,0.000,0.000,0.000,0.000,0.000,0.000,0.000,0.000,-51.141,34.556,0.000,0.000,0.000,0.019,4.8,11.30,29.0,0.000,0.000,0.000,0.000,0.000,0.000,0.006,0.000,0.006,0.000,0.000,0.000,0.000,0.019,0.000,0.000,0.006,0.006
107.8577,1078,0,move,-1,107.8577,107.9338,1,0.000,-0.088,0.176,-0.176,-0.088,0.088,-0.264,-0.088,0.176,0.000,-0.176,-0.088,-0.088,-50.713,34.541,0.000,0.439,0.176,0.000,0.000,0.000,0.000,0.000,0.000,0.000,0.000,0.000,0.000,0.000,0.000,0.000,-51.141,34.556,0.000,0.000,0.000,0.019,4.8,11.30,29.0,0.000,0.000,0.000,0.000,0.000,0.000,0.006,0.000,0.000,0.000,0.006,0.000,0.000,0.019,0.000,0.000,0.013,0.000
107.9755,1079,0,move,-1,107.9755,108.0360,1,0.000,-0.088,0.176,-0.176,-0.088,0.088,-0.264,-0.088,0.176,0.000,-0.176,-0.088,-0.088,-50.713,34.541,0.000,0.439,0.176,0.000,0.000,0.000,0.000,0.000,0.000,0.000,0.000,0.000,0.000,0.000,0.000,0.000,-51.141,34.556,0.000,0.000,0.000,0.019,4.8,11.30,29.0,0.000,0.000,0.000,0.000,0.000,0.000,0.006,0.000,0.000,0.000,0.000,0.000,0.000,0.019,0.000,0.000,0.006,0.006
108.0894,1080,0,move,-1,108.0894,108.1489,1,0.000,-0.088,0.176,-0.176,-0.088,0.088,-0.264,-0.088,0.176,0.000,-0.176,-0.088,-0.088,-50.713,34.541,0.000,0.439,0.176,0.000,0.000,0.000,0.000,0.000,0.000,0.000,0.000,0.000,0.000,0.000,0.000,0.000,-51.045,34.512,0.000,0.000,0.000,0.019,4.8,11.30,29.0,0.000,0.000,0.000,0.006,0.000,0.000,0.006,0.000,0.000,0.000,0.000,0.000,0.000,0.019,0.000,0.000,0.006,0.000
108.1718,1081,0,move,-1,108.1718,108.1901,1,0.000,-0.088,0.176,-0.176,-0.088,0.088,-0.264,-0.088,0.176,0.000,-0.176,-0.088,-0.088,-50.713,34.541,0.000,0.439,0.176,0.000,0.000,0.000,0.000,0.000,0.000,0.000,0.000,0.000,0.000,0.000,0.000,0.000,-50.765,34.384,0.000,0.000,0.000,0.019,4.8,11.30,29.0,0.000,0.000,0.000,0.006,0.000,0.000,0.006,0.000,0.000,0.000,0.000,0.000,0.000,0.019,0.000,0.000,0.006,0.000
108.2065,1082,0,move,-1,108.2065,108.2226,0,0.000,-0.088,0.176,-0.176,-0.088,0.088,-0.264,-0.088,0.176,0.000,-0.176,-0.088,-0.088,-50.801,34.541,0.000,0.439,0.176,0.000,0.000,0.000,0.000,0.000,0.000,0.000,0.000,0.000,0.000,0.000,0.000,0.000,-50.327,34.182,0.000,0.000,0.000,0.019,4.8,11.30,29.0,0.000,0.000,0.000,0.006,0.000,0.000,0.006,0.000,0.000,0.000,0.000,0.000,0.000,0.019,0.000,0.000,0.006,0.000
108.3062,1083,0,move,-1,108.3062,108.3178,0,0.000,-0.088,0.176,-0.176,-0.088,0.088,-0.264,-0.088,0.176,0.000,-0.176,-0.088,-0.088,-50.625,34.189,0.000,0.439,0.176,0.000,0.000,0.000,0.000,0.000,0.000,0.000,0.000,0.000,0.000,0.000,0.000,0.000,-49.772,33.924,0.000,0.000,0.000,0.006,2.4,11.30,32.0,0.000,0.000,0.006,0.006,0.000,0.000,0.006,0.000,0.000,0.000,0.000,0.000,0.000,0.006,0.000,0.000,0.006,0.006
108.4062,1084,0,move,-1,108.4062,108.4193,0,0.000,-0.088,0.176,-0.176,-0.088,0.088,-0.264,-0.088,0.176,0.000,-0.176,-0.088,-0.088,-50.010,33.926,0.000,0.439,0.176,0.000,0.000,0.000,0.000,0.000,0.000,0.000,0.000,0.000,0.000,0.000,0.000,0.000,-49.154,33.634,0.000,0.000,0.000,0.006,2.4,11.30,32.0,0.000,0.000,0.006,0.006,0.000,0.000,0.006,0.000,0.000,0.000,0.000,0.000,0.000,0.006,0.000,0.000,0.006,0.006
108.5063,1085,0,move,-1,108.5063,108.5182,0,0.000,-0.088,0.176,-0.176,-0.088,0.088,-0.264,-0.088,0.176,0.000,-0.176,-0.088,-0.088,-49.570,33.838,0.000,0.439,0.176,0.000,0.000,0.000,0.000,0.000,0.000,0.000,0.000,0.000,0.000,0.000,0.000,0.000,-48.535,33.340,0.000,0.000,0.000,0.006,2.4,11.30,32.0,0.000,0.000,0.006,0.006,0.000,0.000,0.006,0.000,0.000,0.000,0.000,0.000,0.000,0.006,0.000,0.000,0.006,0.006
108.6063,1086,0,move,-1,108.6063,108.6156,0,0.000,-0.088,0.176,-0.176,-0.088,0.088,-0.264,-0.088,0.176,0.000,-0.176,-0.088,-0.088,-48.867,33.311,0.000,0.439,0.176,0.000,0.000,0.000,0.000,0.000,0.000,0.000,0.000,0.000,0.000,0.000,0.000,0.000,-47.971,33.071,0.000,0.000,0.000,0.013,3.2,11.30,29.0,0.000,0.000,0.000,0.000,0.000,0.000,0.006,0.000,0.000,0.000,0.000,0.000,0.000,0.013,0.013,0.000,0.006,0.000
108.7197,1087,0,move,-1,108.7197,108.7351,0,0.000,-0.088,0.176,-0.176,-0.088,0.088,-0.264,-0.088,0.176,0.000,-0.176,-0.088,-0.088,-48.252,32.959,0.000,0.439,0.176,0.000,0.000,0.000,0.000,0.000,0.000,0.000,0.000,0.000,0.000,0.000,0.000,0.000,-47.522,32.856,0.000,0.000,0.000,0.006,2.4,11.30,31.0,0.000,0.000,0.000,0.000,0.000,0.000,0.000,0.000,0.000,0.000,0.006,0.000,0.000,0.006,0.000,0.000,0.006,0.000
108.8061,1088,0,move,-1,108.8061,108.8182,0,0.000,-0.088,0.176,-0.176,-0.088,0.088,-0.264,-0.088,0.176,0.000,-0.176,-0.088,-0.088,-47.812,32.959,0.000,0.439,0.176,0.000,0.000,0.000,0.000,0.000,0.000,0.000,0.000,0.000,0.000,0.000,0.000,0.000,-47.233,32.716,0.000,0.000,0.000,0.006,2.4,11.30,31.0,0.000,0.000,0.000,0.000,0.000,0.000,0.000,0.000,0.000,0.000,0.006,0.000,0.000,0.006,0.000,0.000,0.006,0.000
108.9061,1089,0,move,-1,108.9061,108.9180,0,0.000,-0.088,0.176,-0.176,-0.088,0.088,-0.264,-0.088,0.176,0.000,-0.176,-0.088,-0.088,-47.373,32.959,0.000,0.439,0.176,0.000,0.000,0.000,0.000,0.000,0.000,0.000,0.000,0.000,0.000,0.000,0.000,0.000,-47.133,32.667,0.000,0.000,0.000,0.019,4.8,11.30,29.0,0.000,0.000,0.000,0.006,0.000,0.000,0.006,0.000,0.000,0.000,0.000,0.000,0.000,0.019,0.013,0.000,0.006,0.000
109.0062,1090,0,move,-1,109.0062,109.0201,0,0.000,-0.088,0.176,-0.176,-0.088,0.088,-0.264,-0.088,0.176,0.000,-0.176,-0.088,-0.088,-47.285,32.959,0.000,0.439,0.176,0.000,0.000,0.000,0.000,0.000,0.000,0.000,0.000,0.000,0.000,0.000,0.000,0.000,-47.133,32.667,0.000,0.000,0.000,0.013,2.8,11.30,29.0,0.000,0.000,0.006,0.006,0.000,0.000,0.000,0.000,0.000,0.000,0.000,0.000,0.000,0.013,0.006,0.000,0.006,0.000
109.1063,1091,0,move,-1,109.1063,109.1191,0,0.000,-0.088,0.176,-0.176,-0.088,0.088,-0.264,-0.088,0.176,0.000,-0.176,-0.088,-0.088,-47.197,32.783,0.000,0.439,0.176,0.000,0.000,0.000,0.000,0.000,0.000,0.000,0.000,0.000,0.000,0.000,0.000,0.000,-47.133,32.667,0.000,0.000,0.000,0.013,2.8,11.30,29.0,0.000,0.000,0.006,0.006,0.000,0.000,0.000,0.000,0.000,0.000,0.000,0.000,0.000,0.013,0.006,0.000,0.006,0.000
109.2097,1092,0,move,-1,109.2097,109.2502,0,0.000,-0.088,0.176,-0.176,-0.088,0.088,-0.264,-0.088,0.176,0.000,-0.176,-0.088,-0.088,-47.197,32.783,0.000,0.439,0.176,0.000,0.000,0.000,0.000,0.000,0.000,0.000,0.000,0.000,0.000,0.000,0.000,0.000,-47.133,32.667,0.000,0.000,0.000,0.006,2.4,11.30,32.0,0.000,0.000,0.000,0.006,0.000,0.000,0.000,0.000,0.006,0.000,0.000,0.000,0.000,0.000,0.000,0.000,0.006,0.000
109.3061,1093,0,move,-1,109.3061,109.3172,0,0.000,-0.088,0.176,-0.176,-0.088,0.088,-0.264,-0.088,0.176,0.000,-0.176,-0.088,-0.088,-47.197,32.783,0.000,0.439,0.176,0.000,0.000,0.000,0.000,0.000,0.000,0.000,0.000,0.000,0.000,0.000,0.000,0.000,-47.133,32.667,0.000,0.000,0.000,0.006,2.4,11.30,32.0,0.000,0.000,0.000,0.006,0.000,0.000,0.000,0.000,0.006,0.000,0.000,0.000,0.000,0.000,0.000,0.000,0.006,0.000
109.4061,1094,0,move,-1,109.4061,109.4178,0,0.000,-0.088,0.176,-0.176,-0.088,0.088,-0.264,-0.088,0.176,0.000,-0.176,-0.088,-0.088,-47.197,32.783,0.000,0.439,0.176,0.000,0.000,0.000,0.000,0.000,0.000,0.000,0.000,0.000,0.000,0.000,0.000,0.000,-47.133,32.667,0.000,0.000,0.000,0.006,3.2,11.30,32.0,0.000,0.000,0.000,0.000,0.000,0.000,0.006,0.000,0.000,0.000,0.000,0.000,0.000,0.000,0.000,0.000,0.006,0.000
109.5090,1095,0,move,-1,109.5090,109.5323,0,0.000,-0.088,0.176,-0.176,-0.088,0.088,-0.264,-0.088,0.176,0.000,-0.176,-0.088,-0.088,-47.197,32.783,0.000,0.439,0.176,0.000,0.000,0.000,0.000,0.000,0.000,0.000,0.000,0.000,0.000,0.000,0.000,0.000,-47.133,32.667,0.000,0.000,0.000,0.006,2.4,11.30,32.0,0.000,0.000,0.000,0.006,0.000,0.000,0.006,0.000,0.000,0.000,0.000,0.000,0.000,0.000,0.000,0.000,0.006,0.000
109.6063,1096,0,move,-1,109.6063,109.6189,0,0.000,-0.088,0.176,-0.176,-0.088,0.088,-0.264,-0.088,0.176,0.000,-0.176,-0.088,-0.088,-47.197,32.783,0.000,0.439,0.176,0.000,0.000,0.000,0.000,0.000,0.000,0.000,0.000,0.000,0.000,0.000,0.000,0.000,-47.133,32.667,0.000,0.000,0.000,0.006,2.4,11.30,32.0,0.000,0.000,0.000,0.006,0.000,0.000,0.006,0.000,0.000,0.000,0.000,0.000,0.000,0.000,0.000,0.000,0.006,0.000
109.7061,1097,0,move,-1,109.7061,109.7181,0,0.000,-0.088,0.176,-0.176,-0.088,0.088,-0.264,-0.088,0.176,0.000,-0.176,-0.088,-0.088,-47.197,32.783,0.000,0.439,0.176,0.000,0.000,0.000,0.000,0.000,0.000,0.000,0.000,0.000,0.000,0.000,0.000,0.000,-47.133,32.667,0.000,0.000,0.000,0.006,2.4,11.30,32.0,0.000,0.000,0.000,0.006,0.000,0.006,0.000,0.000,0.000,0.000,0.000,0.000,0.000,0.000,0.000,0.000,0.006,0.000
109.8061,1098,0,move,-1,109.8061,109.8259,0,0.000,-0.088,0.176,-0.176,-0.088,0.088,-0.264,-0.088,0.176,0.000,-0.176,-0.088,-0.088,-47.197,32.783,0.000,0.439,0.176,0.000,0.000,0.000,0.000,0.000,0.000,0.000,0.000,0.000,0.000,0.000,0.000,0.000,-47.133,32.667,0.000,0.000,0.000,0.006,4.8,11.30,31.0,0.000,0.000,0.000,0.000,0.000,0.000,0.000,0.000,0.000,0.000,0.000,0.000,0.000,0.000,0.000,0.000,0.006,0.000
109.9061,1099,0,move,-1,109.9061,109.9202,0,0.000,-0.088,0.176,-0.176,-0.088,0.088,-0.264,-0.088,0.176,0.000,-0.176,-0.088,-0.088,-47.197,32.783,0.000,0.439,0.176,0.000,0.000,0.000,0.000,0.000,0.000,0.000,0.000,0.000,0.000,0.000,0.000,0.000,-47.133,32.667,0.000,0.000,0.000,0.006,4.8,11.30,31.0,0.000,0.000,0.000,0.000,0.000,0.000,0.000,0.000,0.000,0.000,0.000,0.000,0.000,0.000,0.000,0.000,0.006,0.000
110.0062,1100,0,move,-1,110.0062,110.0180,0,0.000,-0.088,0.176,-0.176,-0.088,0.088,-0.264,-0.088,0.176,0.000,-0.176,-0.088,-0.088,-47.197,32.783,0.000,0.439,0.176,0.000,0.000,0.000,0.000,0.000,0.000,0.000,0.000,0.000,0.000,0.000,0.000,0.000,-47.133,32.667,0.000,0.000,0.000,0.006,2.4,11.30,32.0,0.000,0.000,0.000,0.006,0.000,0.000,0.000,0.000,0.000,0.000,0.006,0.000,0.000,0.000,0.000,0.000,0.006,0.006
110.1063,1101,0,move,-1,110.1063,110.1172,0,0.000,-0.088,0.176,-0.176,-0.088,0.088,-0.264,-0.088,0.176,0.000,-0.176,-0.088,-0.088,-47.197,32.783,0.000,0.439,0.176,0.000,0.000,0.000,0.000,0.000,0.000,0.000,0.000,0.000,0.000,0.000,0.000,0.000,-47.133,32.667,0.000,0.000,0.000,0.006,2.4,11.30,32.0,0.000,0.000,0.000,0.006,0.000,0.000,0.000,0.000,0.000,0.000,0.006,0.000,0.000,0.000,0.000,0.000,0.006,0.006
110.2063,1102,0,move,-1,110.2063,110.2179,0,0.000,-0.088,0.176,-0.176,-0.088,0.088,-0.264,-0.088,0.176,0.000,-0.176,-0.088,-0.088,-47.197,32.783,0.000,0.439,0.176,0.000,0.000,0.000,0.000,0.000,0.000,0.000,0.000,0.000,0.000,0.000,0.000,0.000,-47.133,32.667,0.000,0.000,0.000,0.006,2.4,11.30,32.0,0.000,0.000,0.000,0.006,0.000,0.000,0.006,0.000,0.000,0.000,0.000,0.000,0.000,0.000,0.000,0.000,0.006,0.006
110.3112,1103,0,move,-1,110.3112,110.3496,0,0.000,-0.088,0.176,-0.176,-0.088,0.088,-0.264,-0.088,0.176,0.000,-0.176,-0.088,-0.088,-47.197,32.783,0.000,0.439,0.176,0.000,0.000,0.000,0.000,0.000,0.000,0.000,0.000,0.000,0.000,0.000,0.000,0.000,-47.133,32.667,0.000,0.000,0.000,0.006,2.4,11.30,32.0,0.000,0.000,0.000,0.000,0.000,0.000,0.000,0.000,0.006,0.000,0.000,0.000,0.000,0.000,0.000,0.000,0.006,0.000
110.4061,1104,0,move,-1,110.4061,110.4304,0,0.000,-0.088,0.176,-0.176,-0.088,0.088,-0.264,-0.088,0.176,0.000,-0.176,-0.088,-0.088,-47.197,32.783,0.000,0.439,0.176,0.000,0.000,0.000,0.000,0.000,0.000,0.000,0.000,0.000,0.000,0.000,0.000,0.000,-47.133,32.667,0.000,0.000,0.000,0.006,2.4,11.30,32.0,0.000,0.000,0.000,0.000,0.000,0.000,0.000,0.000,0.006,0.000,0.000,0.000,0.000,0.000,0.000,0.000,0.006,0.000
110.5061,1105,0,move,-1,110.5061,110.5173,0,0.000,-0.088,0.176,-0.176,-0.088,0.088,-0.264,-0.088,0.176,0.000,-0.176,-0.088,-0.088,-47.197,32.783,0.000,0.439,0.176,0.000,0.000,0.000,0.000,0.000,0.000,0.000,0.000,0.000,0.000,0.000,0.000,0.000,-47.133,32.667,0.000,0.000,0.000,0.006,3.2,11.30,32.0,0.000,0.000,0.000,0.000,0.000,0.000,0.006,0.000,0.000,0.000,0.006,0.000,0.000,0.000,0.000,0.000,0.006,0.000
110.6061,1106,0,move,-1,110.6061,110.6164,0,0.000,-0.088,0.176,-0.176,-0.088,0.088,-0.264,-0.088,0.176,0.000,-0.176,-0.088,-0.088,-47.197,32.783,0.000,0.439,0.176,0.000,0.000,0.000,0.000,0.000,0.000,0.000,0.000,0.000,0.000,0.000,0.000,0.000,-47.133,32.667,0.000,0.000,0.000,0.006,3.2,11.30,32.0,0.000,0.000,0.000,0.000,0.000,0.000,0.006,0.000,0.000,0.000,0.006,0.000,0.000,0.000,0.000,0.000,0.006,0.000
110.7069,1107,0,move,-1,110.7069,110.7704,0,0.000,-0.088,0.176,-0.176,-0.088,0.088,-0.264,-0.088,0.176,0.000,-0.176,-0.088,-0.088,-47.197,32.783,0.000,0.439,0.176,0.000,0.000,0.000,0.000,0.000,0.000,0.000,0.000,0.000,0.000,0.000,0.000,0.000,-47.133,32.667,0.000,0.000,0.000,0.013,4.8,11.30,31.0,0.000,0.000,0.000,0.000,0.000,0.000,0.006,0.000,0.000,0.000,0.006,0.000,0.000,0.000,0.000,0.000,0.013,0.000
110.8104,1108,0,move,-1,110.8104,110.8219,0,0.000,-0.088,0.176,-0.176,-0.088,0.088,-0.264,-0.088,0.176,0.000,-0.176,-0.088,-0.088,-47.197,32.783,0.000,0.439,0.176,0.000,0.000,0.000,0.000,0.000,0.000,0.000,0.000,0.000,0.000,0.000,0.000,0.000,-47.133,32.667,0.000,0.000,0.000,0.013,4.8,11.30,31.0,0.000,0.000,0.000,0.000,0.000,0.000,0.006,0.000,0.000,0.000,0.006,0.000,0.000,0.000,0.000,0.000,0.013,0.000
110.9063,1109,0,move,-1,110.9063,110.9189,0,0.000,-0.088,0.176,-0.176,-0.088,0.088,-0.264,-0.088,0.176,0.000,-0.176,-0.088,-0.088,-47.197,32.783,0.000,0.439,0.176,0.000,0.000,0.000,0.000,0.000,0.000,0.000,0.000,0.000,0.000,0.000,0.000,0.000,-47.133,32.667,0.000,0.000,0.000,0.006,2.4,11.30,32.0,0.000,0.000,0.006,0.006,0.000,0.000,0.000,0.000,0.006,0.000,0.006,0.000,0.000,0.000,0.000,0.000,0.006,0.006
111.0063,1110,0,move,-1,111.0063,111.0195,0,0.000,-0.088,0.176,-0.176,-0.088,0.088,-0.264,-0.088,0.176,0.000,-0.176,-0.088,-0.088,-47.197,32.783,0.000,0.439,0.176,0.000,0.000,0.000,0.000,0.000,0.000,0.000,0.000,0.000,0.000,0.000,0.000,0.000,-47.133,32.667,0.000,0.000,0.000,0.013,3.2,11.20,32.0,0.000,0.000,0.000,0.000,0.000,0.000,0.013,0.000,0.006,0.000,0.006,0.000,0.000,0.000,0.000,0.000,0.006,0.006
111.1064,1111,0,move,-1,111.1064,111.1170,0,0.000,-0.088,0.176,-0.176,-0.088,0.088,-0.264,-0.088,0.176,0.000,-0.176,-0.088,-0.088,-47.197,32.783,0.000,0.439,0.176,0.000,0.000,0.000,0.000,0.000,0.000,0.000,0.000,0.000,0.000,0.000,0.000,0.000,-47.133,32.667,0.000,0.000,0.000,0.013,3.2,11.20,32.0,0.000,0.000,0.000,0.000,0.000,0.000,0.013,0.000,0.006,0.000,0.006,0.000,0.000,0.000,0.000,0.000,0.006,0.006
111.2063,1112,0,move,-1,111.2063,111.2183,0,0.000,-0.088,0.176,-0.176,-0.088,0.088,-0.264,-0.088,0.176,0.000,-0.176,-0.088,-0.088,-47.197,32.783,0.000,0.439,0.176,0.000,0.000,0.000,0.000,0.000,0.000,0.000,0.000,0.000,0.000,0.000,0.000,0.000,-47.133,32.667,0.000,0.000,0.000,0.006,2.4,11.30,32.0,0.000,0.000,0.000,0.006,0.000,0.000,0.000,0.000,0.000,0.000,0.006,0.000,0.000,0.000,0.000,0.000,0.006,0.000
111.3063,1113,0,move,-1,111.3063,111.3171,0,0.000,-0.088,0.176,-0.176,-0.088,0.088,-0.264,-0.088,0.176,0.000,-0.176,-0.088,-0.088,-47.197,32.783,0.000,0.439,0.176,0.000,0.000,0.000,0.000,0.000,0.000,0.000,0.000,0.000,0.000,0.000,0.000,0.000,-47.133,32.667,0.000,0.000,0.000,0.006,2.4,11.30,32.0,0.000,0.000,0.000,0.006,0.000,0.000,0.000,0.000,0.000,0.000,0.006,0.000,0.000,0.000,0.000,0.000,0.006,0.000
111.4063,1114,0,move,-1,111.4063,111.4186,0,0.000,-0.088,0.176,-0.176,-0.088,0.088,-0.264,-0.088,0.176,0.000,-0.176,-0.088,-0.088,-47.197,32.783,0.000,0.439,0.176,0.000,0.000,0.000,0.000,0.000,0.000,0.000,0.000,0.000,0.000,0.000,0.000,0.000,-47.133,32.667,0.000,0.000,0.000,0.006,2.4,11.30,32.0,0.000,0.000,0.006,0.000,0.000,0.000,0.006,0.000,0.000,0.000,0.000,0.000,0.000,0.000,0.000,0.000,0.006,0.006
111.5063,1115,0,move,-1,111.5063,111.5195,0,0.000,-0.088,0.176,-0.176,-0.088,0.088,-0.264,-0.088,0.176,0.000,-0.176,-0.088,-0.088,-47.197,32.783,0.000,0.439,0.176,0.000,0.000,0.000,0.000,0.000,0.000,0.000,0.000,0.000,0.000,0.000,0.000,0.000,-47.133,32.667,0.000,0.000,0.000,0.006,3.2,11.20,32.0,0.000,0.000,0.000,0.000,0.000,0.000,0.006,0.000,0.000,0.000,0.000,0.000,0.000,0.000,0.000,0.000,0.006,0.006
111.6063,1116,0,move,-1,111.6063,111.6174,0,0.000,-0.088,0.176,-0.176,-0.088,0.088,-0.264,-0.088,0.176,0.000,-0.176,-0.088,-0.088,-47.197,32.783,0.000,0.439,0.176,0.000,0.000,0.000,0.000,0.000,0.000,0.000,0.000,0.000,0.000,0.000,0.000,0.000,-47.133,32.667,0.000,0.000,0.000,0.006,3.2,11.20,32.0,0.000,0.000,0.000,0.000,0.000,0.000,0.006,0.000,0.000,0.000,0.000,0.000,0.000,0.000,0.000,0.000,0.006,0.006
111.7063,1117,0,move,-1,111.7063,111.7178,0,0.000,-0.088,0.176,-0.176,-0.088,0.088,-0.264,-0.088,0.176,0.000,-0.176,-0.088,-0.088,-47.197,32.783,0.000,0.439,0.176,0.000,0.000,0.000,0.000,0.000,0.000,0.000,0.000,0.000,0.000,0.000,0.000,0.000,-47.133,32.667,0.000,0.000,0.000,0.006,2.4,11.30,32.0,0.000,0.000,0.006,0.000,0.000,0.000,0.000,0.000,0.000,0.000,0.000,0.000,0.000,0.000,0.000,0.000,0.006,0.006
111.8063,1118,0,move,-1,111.8063,111.8175,0,0.000,-0.088,0.176,-0.176,-0.088,0.088,-0.264,-0.088,0.176,0.000,-0.176,-0.088,-0.088,-47.197,32.783,0.000,0.439,0.176,0.000,0.000,0.000,0.000,0.000,0.000,0.000,0.000,0.000,0.000,0.000,0.000,0.000,-47.133,32.667,0.000,0.000,0.000,0.006,2.4,11.30,32.0,0.000,0.000,0.006,0.000,0.000,0.000,0.000,0.000,0.000,0.000,0.000,0.000,0.000,0.000,0.000,0.000,0.006,0.006
111.9061,1119,0,move,-1,111.9061,111.9195,0,0.000,-0.088,0.176,-0.176,-0.088,0.088,-0.264,-0.088,0.176,0.000,-0.176,-0.088,-0.088,-47.197,32.783,0.000,0.439,0.176,0.000,0.000,0.000,0.000,0.000,0.000,0.000,0.000,0.000,0.000,0.000,0.000,0.000,-47.133,32.667,0.000,0.000,0.000,0.006,3.2,11.30,32.0,0.000,0.000,0.000,0.000,0.000,0.000,0.006,0.000,0.006,0.000,0.000,0.000,0.000,0.000,0.000,0.000,0.006,0.000
112.0064,1120,0,move,-1,112.0064,112.0192,0,0.000,-0.088,0.176,-0.176,-0.088,0.088,-0.264,-0.088,0.176,0.000,-0.176,-0.088,-0.088,-47.197,32.783,0.000,0.439,0.176,0.000,0.000,0.000,0.000,0.000,0.000,0.000,0.000,0.000,0.000,0.000,0.000,0.000,-47.033,32.619,0.000,0.000,0.000,0.006,3.2,11.30,32.0,0.000,0.000,0.000,0.000,0.000,0.000,0.006,0.000,0.006,0.000,0.000,0.000,0.000,0.000,0.000,0.000,0.006,0.000
112.1063,1121,0,move,-1,112.1063,112.1207,0,0.000,-0.088,0.176,-0.176,-0.088,0.088,-0.264,-0.088,0.176,0.000,-0.176,-0.088,-0.088,-47.197,32.783,0.000,0.439,0.176,0.000,0.000,0.000,0.000,0.000,0.000,0.000,0.000,0.000,0.000,0.000,0.000,0.000,-46.742,32.477,0.000,0.000,0.000,0.006,2.4,11.30,32.0,0.000,0.000,0.000,0.006,0.000,0.000,0.006,0.000,0.006,0.000,0.000,0.000,0.000,0.006,0.006,0.000,0.006,0.000
112.2064,1122,0,move,-1,112.2064,112.2163,0,0.000,-0.088,0.176,-0.176,-0.088,0.088,-0.264,-0.088,0.176,0.000,-0.176,-0.088,-0.088,-46.934,32.607,0.000,0.439,0.176,0.000,0.000,0.000,0.000,0.000,0.000,0.000,0.000,0.000,0.000,0.000,0.000,0.000,-46.288,32.255,0.000,0.000,0.000,0.006,2.4,11.30,32.0,0.000,0.000,0.000,0.006,0.000,0.000,0.006,0.000,0.006,0.000,0.000,0.000,0.000,0.006,0.006,0.000,0.006,0.000
112.3085,1123,0,move,-1,112.3085,112.3206,0,0.000,-0.088,0.176,-0.176,-0.088,0.088,-0.264,-0.088,0.176,0.000,-0.176,-0.088,-0.088,-46.494,32.344,0.000,0.439,0.176,0.000,0.000,0.000,0.000,0.000,0.000,0.000,0.000,0.000,0.000,0.000,0.000,0.000,-45.712,31.972,0.000,0.000,0.000,0.006,2.4,11.30,32.0,0.000,0.000,0.000,0.006,0.000,0.000,0.000,0.000,0.006,0.000,0.000,0.000,0.000,0.006,0.006,0.000,0.006,0.000
112.4063,1124,0,move,-1,112.4063,112.4166,0,0.000,-0.088,0.176,-0.176,-0.088,0.088,-0.264,-0.088,0.176,0.000,-0.176,-0.088,-0.088,-45.967,32.256,0.000,0.439,0.176,0.000,0.000,0.000,0.000,0.000,0.000,0.000,0.000,0.000,0.000,0.000,0.000,0.000,-45.069,31.653,0.000,0.000,0.000,0.006,2.4,11.30,32.0,0.000,0.000,0.000,0.006,0.000,0.000,0.000,0.000,0.006,0.000,0.000,0.000,0.000,0.006,0.006,0.000,0.006,0.000
112.5064,1125,0,move,-1,112.5064,112.5168,0,0.000,-0.088,0.176,-0.176,-0.088,0.088,-0.264,-0.088,0.176,0.000,-0.176,-0.088,-0.088,-45.439,31.641,0.000,0.439,0.176,0.000,0.000,0.000,0.000,0.000,0.000,0.000,0.000,0.000,0.000,0.000,0.000,0.000,-44.421,31.329,0.000,0.000,0.000,0.013,4.4,11.30,29.0,0.000,0.000,0.000,0.000,0.000,0.000,0.006,0.000,0.000,0.000,0.000,0.000,0.000,0.013,0.000,0.000,0.006,0.006
112.6064,1126,0,move,-1,112.6064,112.6169,0,0.000,-0.088,0.176,-0.176,-0.088,0.088,-0.264,-0.088,0.176,0.000,-0.176,-0.088,-0.088,-44.824,31.201,0.000,0.439,0.176,0.000,0.000,0.000,0.000,0.000,0.000,0.000,0.000,0.000,0.000,0.000,0.000,0.000,-43.833,31.033,0.000,0.000,0.000,0.006,4.4,11.30,29.0,0.000,0.000,0.000,0.000,0.000,0.000,0.000,0.000,0.000,0.000,0.000,0.000,0.000,0.006,0.006,0.000,0.006,0.000
112.7061,1127,0,move,-1,112.7061,112.7351,0,0.000,-0.088,0.176,-0.176,-0.088,0.088,-0.264,-0.088,0.176,0.000,-0.176,-0.088,-0.088,-44.209,31.113,0.000,0.439,0.176,0.000,0.000,0.000,0.000,0.000,0.000,0.000,0.000,0.000,0.000,0.000,0.000,0.000,-43.362,30.795,0.000,0.000,0.000,0.006,2.4,11.30,32.0,0.000,0.000,0.006,0.006,0.000,0.000,0.000,0.000,0.006,0.000,0.000,0.000,0.000,0.006,0.000,0.000,0.006,0.006
112.8063,1128,0,move,-1,112.8063,112.8187,0,0.000,-0.088,0.176,-0.176,-0.088,0.088,-0.264,-0.088,0.176,0.000,-0.176,-0.088,-0.088,-43.770,30.762,0.000,0.439,0.176,0.000,0.000,0.000,0.000,0.000,0.000,0.000,0.000,0.000,0.000,0.000,0.000,0.000,-43.059,30.640,0.000,0.000,0.000,0.006,2.4,11.30,32.0,0.000,0.000,0.006,0.006,0.000,0.000,0.000,0.000,0.006,0.000,0.000,0.000,0.000,0.006,0.000,0.000,0.006,0.006
112.9063,1129,0,move,-1,112.9063,112.9181,0,0.000,-0.088,0.176,-0.176,-0.088,0.088,-0.264,-0.088,0.176,0.000,-0.176,-0.088,-0.088,-43.242,30.762,0.000,0.439,0.176,0.000,0.000,0.000,0.000,0.000,0.000,0.000,0.000,0.000,0.000,0.000,0.000,0.000,-42.955,30.587,0.000,0.000,0.000,0.013,4.8,11.30,31.0,0.000,0.000,0.000,0.000,0.000,0.000,0.006,0.000,0.000,0.000,0.000,0.000,0.000,0.006,0.000,0.000,0.013,0.006
113.0064,1130,0,move,-1,113.0064,113.0196,0,0.000,-0.088,0.176,-0.176,-0.088,0.088,-0.264,-0.088,0.176,0.000,-0.176,-0.088,-0.088,-43.066,30.762,0.000,0.439,0.176,0.000,0.000,0.000,0.000,0.000,0.000,0.000,0.000,0.000,0.000,0.000,0.000,0.000,-42.955,30.587,0.000,0.000,0.000,0.006,2.4,11.30,32.0,0.000,0.000,0.006,0.006,0.000,0.000,0.000,0.000,0.000,0.000,0.006,0.000,0.000,0.000,0.006,0.000,0.006,0.000
113.1061,1131,0,move,-1,113.1061,113.1121,0,0.000,-0.088,0.176,-0.176,-0.088,0.088,-0.264,-0.088,0.176,0.000,-0.176,-0.088,-0.088,-43.066,30.762,0.000,0.439,0.176,0.000,0.000,0.000,0.000,0.000,0.000,0.000,0.000,0.000,0.000,0.000,0.000,0.000,-42.955,30.587,0.000,0.000,0.000,0.006,2.4,11.30,32.0,0.000,0.000,0.006,0.006,0.000,0.000,0.000,0.000,0.000,0.000,0.006,0.000,0.000,0.000,0.006,0.000,0.006,0.000
113.2063,1132,0,move,-1,113.2063,113.2180,0,0.000,-0.088,0.176,-0.176,-0.088,0.088,-0.264,-0.088,0.176,0.000,-0.176,-0.088,-0.088,-43.066,30.762,0.000,0.439,0.176,0.000,0.000,0.000,0.000,0.000,0.000,0.000,0.000,0.000,0.000,0.000,0.000,0.000,-42.955,30.587,0.000,0.000,0.000,0.006,2.4,11.30,32.0,0.000,0.000,0.000,0.006,0.000,0.000,0.000,0.000,0.000,0.000,0.000,0.000,0.000,0.000,0.006,0.000,0.006,0.006
113.3063,1133,0,move,-1,113.3063,113.3197,0,0.000,-0.088,0.176,-0.176,-0.088,0.088,-0.264,-0.088,0.176,0.000,-0.176,-0.088,-0.088,-42.979,30.762,0.000,0.439,0.176,0.000,0.000,0.000,0.000,0.000,0.000,0.000,0.000,0.000,0.000,0.000,0.000,0.000,-42.955,30.587,0.000,0.000,0.000,0.006,2.4,11.30,32.0,0.000,0.000,0.006,0.000,0.000,0.000,0.006,0.000,0.000,0.000,0.000,0.000,0.000,0.000,0.006,0.000,0.006,0.000
113.4063,1134,0,move,-1,113.4063,113.4176,0,0.000,-0.088,0.176,-0.176,-0.088,0.088,-0.264,-0.088,0.176,0.000,-0.176,-0.088,-0.088,-42.979,30.762,0.000,0.439,0.176,0.000,0.000,0.000,0.000,0.000,0.000,0.000,0.000,0.000,0.000,0.000,0.000,0.000,-42.955,30.587,0.000,0.000,0.000,0.006,2.4,11.30,32.0,0.000,0.000,0.006,0.000,0.000,0.000,0.006,0.000,0.000,0.000,0.000,0.000,0.000,0.000,0.006,0.000,0.006,0.000
113.5063,1135,0,move,-1,113.5063,113.5178,0,0.000,-0.088,0.176,-0.176,-0.088,0.088,-0.264,-0.088,0.176,0.000,-0.176,-0.088,-0.088,-42.979,30.762,0.000,0.439,0.176,0.000,0.000,0.000,0.000,0.000,0.000,0.000,0.000,0.000,0.000,0.000,0.000,0.000,-42.955,30.587,0.000,0.000,0.000,0.006,3.2,11.30,32.0,0.000,0.000,0.000,0.000,0.000,0.000,0.006,0.000,0.000,0.000,0.006,0.000,0.000,0.000,0.006,0.000,0.006,0.000
113.6064,1136,0,move,-1,113.6064,113.6188,0,0.000,-0.088,0.176,-0.176,-0.088,0.088,-0.264,-0.088,0.176,0.000,-0.176,-0.088,-0.088,-42.979,30.762,0.000,0.439,0.176,0.000,0.000,0.000,0.000,0.000,0.000,0.000,0.000,0.000,0.000,0.000,0.000,0.000,-42.955,30.587,0.000,0.000,0.000,0.013,2.4,11.30,29.0,0.000,0.000,0.006,0.006,0.000,0.000,0.006,0.000,0.000,0.000,0.006,0.000,0.000,0.000,0.013,0.000,0.006,0.006
113.7061,1137,0,move,-1,113.7061,113.7172,0,0.000,-0.088,0.176,-0.176,-0.088,0.088,-0.264,-0.088,0.176,0.000,-0.176,-0.088,-0.088,-42.979,30.762,0.000,0.439,0.176,0.000,0.000,0.000,0.000,0.000,0.000,0.000,0.000,0.000,0.000,0.000,0.000,0.000,-42.955,30.587,0.000,0.000,0.000,0.013,2.4,11.30,29.0,0.000,0.000,0.006,0.006,0.000,0.000,0.006,0.000,0.000,0.000,0.006,0.000,0.000,0.000,0.013,0.000,0.006,0.006
113.8063,1138,0,move,-1,113.8063,113.8186,0,0.000,-0.088,0.176,-0.176,-0.088,0.088,-0.264,-0.088,0.176,0.000,-0.176,-0.088,-0.088,-42.979,30.762,0.000,0.439,0.176,0.000,0.000,0.000,0.000,0.000,0.000,0.000,0.000,0.000,0.000,0.000,0.000,0.000,-42.955,30.587,0.000,0.000,0.000,0.013,4.8,11.30,31.0,0.000,0.000,0.006,0.006,0.000,0.000,0.000,0.000,0.000,0.000,0.000,0.000,0.000,0.000,0.006,0.000,0.013,0.006
113.9063,1139,0,move,-1,113.9063,113.9170,0,0.000,-0.088,0.176,-0.176,-0.088,0.088,-0.264,-0.088,0.176,0.000,-0.176,-0.088,-0.088,-42.979,30.762,0.000,0.439,0.176,0.000,0.000,0.000,0.000,0.000,0.000,0.000,0.000,0.000,0.000,0.000,0.000,0.000,-42.955,30.587,0.000,0.000,0.000,0.013,4.8,11.30,31.0,0.000,0.000,0.006,0.006,0.000,0.000,0.000,0.000,0.000,0.000,0.000,0.000,0.000,0.000,0.006,0.000,0.013,0.006
114.0063,1140,0,move,-1,114.0063,114.0176,0,0.000,-0.088,0.176,-0.176,-0.088,0.088,-0.264,-0.088,0.176,0.000,-0.176,-0.088,-0.088,-42.979,30.762,0.000,0.439,0.176,0.000,0.000,0.000,0.000,0.000,0.000,0.000,0.000,0.000,0.000,0.000,0.000,0.000,-42.955,30.587,0.000,0.000,0.000,0.006,2.4,11.30,32.0,0.000,0.000,0.000,0.000,0.000,0.000,0.000,0.000,0.006,0.000,0.000,0.000,0.000,0.000,0.006,0.000,0.006,0.000
114.1061,1141,0,move,-1,114.1061,114.1157,0,0.000,-0.088,0.176,-0.176,-0.088,0.088,-0.264,-0.088,0.176,0.000,-0.176,-0.088,-0.088,-42.979,30.762,0.000,0.439,0.176,0.000,0.000,0.000,0.000,0.000,0.000,0.000,0.000,0.000,0.000,0.000,0.000,0.000,-42.955,30.587,0.000,0.000,0.000,0.006,2.4,11.30,32.0,0.000,0.000,0.000,0.000,0.000,0.000,0.000,0.000,0.006,0.000,0.000,0.000,0.000,0.000,0.006,0.000,0.006,0.000
114.2076,1142,0,move,-1,114.2076,114.2203,0,0.000,-0.088,0.176,-0.176,-0.088,0.088,-0.264,-0.088,0.176,0.000,-0.176,-0.088,-0.088,-42.979,30.762,0.000,0.439,0.176,0.000,0.000,0.000,0.000,0.000,0.000,0.000,0.000,0.000,0.000,0.000,0.000,0.000,-42.955,30.587,0.000,0.000,0.000,0.006,2.4,11.30,32.0,0.000,0.000,0.000,0.000,0.000,0.000,0.000,0.000,0.006,0.006,0.000,0.000,0.000,0.000,0.006,0.000,0.006,0.000
114.3064,1143,0,move,-1,114.3064,114.3171,0,0.000,-0.088,0.176,-0.176,-0.088,0.088,-0.264,-0.088,0.176,0.000,-0.176,-0.088,-0.088,-42.979,30.762,0.000,0.439,0.176,0.000,0.000,0.000,0.000,0.000,0.000,0.000,0.000,0.000,0.000,0.000,0.000,0.000,-42.955,30.587,0.000,0.000,0.000,0.006,2.4,11.30,32.0,0.000,0.000,0.000,0.000,0.000,0.000,0.000,0.000,0.006,0.006,0.000,0.000,0.000,0.000,0.006,0.000,0.006,0.000
114.4063,1144,0,move,-1,114.4063,114.4183,0,0.000,-0.088,0.176,-0.176,-0.088,0.088,-0.264,-0.088,0.176,0.000,-0.176,-0.088,-0.088,-42.979,30.762,0.000,0.439,0.176,0.000,0.000,0.000,0.000,0.000,0.000,0.000,0.000,0.000,0.000,0.000,0.000,0.000,-42.955,30.587,0.000,0.000,0.000,0.013,4.8,11.30,31.0,0.000,0.000,0.000,0.000,0.000,0.000,0.000,0.000,0.006,0.000,0.006,0.000,0.000,0.000,0.006,0.000,0.013,0.006
114.5063,1145,0,move,-1,114.5063,114.5680,0,0.000,-0.088,0.176,-0.176,-0.088,0.088,-0.264,-0.088,0.176,0.000,-0.176,-0.088,-0.088,-42.979,30.762,0.000,0.439,0.176,0.000,0.000,0.000,0.000,0.000,0.000,0.000,0.000,0.000,0.000,0.000,0.000,0.000,-42.955,30.587,0.000,0.000,0.000,0.006,3.2,11.20,32.0,0.000,0.000,0.000,0.000,0.000,0.000,0.006,0.000,0.000,0.000,0.000,0.000,0.000,0.000,0.006,0.000,0.006,0.006
114.6061,1146,0,move,-1,114.6061,114.6202,0,0.000,-0.088,0.176,-0.176,-0.088,0.088,-0.264,-0.088,0.176,0.000,-0.176,-0.088,-0.088,-42.979,30.762,0.000,0.439,0.176,0.000,0.000,0.000,0.000,0.000,0.000,0.000,0.000,0.000,0.000,0.000,0.000,0.000,-42.955,30.587,0.000,0.000,0.000,0.006,3.2,11.20,32.0,0.000,0.000,0.000,0.000,0.000,0.000,0.006,0.000,0.000,0.000,0.000,0.000,0.000,0.000,0.006,0.000,0.006,0.006
114.7061,1147,0,move,-1,114.7061,114.7326,0,0.000,-0.088,0.176,-0.176,-0.088,0.088,-0.264,-0.088,0.176,0.000,-0.176,-0.088,-0.088,-42.979,30.762,0.000,0.439,0.176,0.000,0.000,0.000,0.000,0.000,0.000,0.000,0.000,0.000,0.000,0.000,0.000,0.000,-42.955,30.587,0.000,0.000,0.000,0.006,2.4,11.30,32.0,0.000,0.000,0.000,0.006,0.000,0.000,0.006,0.000,0.000,0.000,0.000,0.000,0.000,0.000,0.006,0.000,0.006,0.000
114.8063,1148,0,move,-1,114.8063,114.8182,0,0.000,-0.088,0.176,-0.176,-0.088,0.088,-0.264,-0.088,0.176,0.000,-0.176,-0.088,-0.088,-42.979,30.762,0.000,0.439,0.176,0.000,0.000,0.000,0.000,0.000,0.000,0.000,0.000,0.000,0.000,0.000,0.000,0.000,-42.955,30.587,0.000,0.000,0.000,0.006,2.4,11.30,32.0,0.000,0.000,0.000,0.006,0.000,0.000,0.006,0.000,0.000,0.000,0.000,0.000,0.000,0.000,0.006,0.000,0.006,0.000
114.9063,1149,0,move,-1,114.9063,114.9177,0,0.000,-0.088,0.176,-0.176,-0.088,0.088,-0.264,-0.088,0.176,0.000,-0.176,-0.088,-0.088,-42.979,30.762,0.000,0.439,0.176,0.000,0.000,0.000,0.000,0.000,0.000,0.000,0.000,0.000,0.000,0.000,0.000,0.000,-42.955,30.587,0.000,0.000,0.000,0.013,2.4,11.30,29.0,0.000,0.000,0.000,0.000,0.000,0.000,0.000,0.000,0.006,0.000,0.000,0.000,0.000,0.000,0.013,0.000,0.006,0.000
115.0061,1150,0,move,-1,115.0061,115.0208,0,0.000,-0.088,0.176,-0.176,-0.088,0.088,-0.264,-0.088,0.176,0.000,-0.176,-0.088,-0.088,-42.979,30.762,0.000,0.439,0.176,0.000,0.000,0.000,0.000,0.000,0.000,0.000,0.000,0.000,0.000,0.000,0.000,0.000,-42.955,30.587,0.000,0.000,0.000,0.006,2.4,11.30,32.0,0.000,0.000,0.000,0.006,0.000,0.000,0.000,0.000,0.000,0.000,0.000,0.000,0.000,0.000,0.006,0.000,0.006,0.000
115.1061,1151,0,move,-1,115.1061,115.1179,0,0.000,-0.088,0.176,-0.176,-0.088,0.088,-0.264,-0.088,0.176,0.000,-0.176,-0.088,-0.088,-42.979,30.762,0.000,0.439,0.176,0.000,0.000,0.000,0.000,0.000,0.000,0.000,0.000,0.000,0.000,0.000,0.000,0.000,-42.955,30.587,0.000,0.000,0.000,0.006,2.4,11.30,32.0,0.000,0.000,0.000,0.006,0.000,0.000,0.000,0.000,0.000,0.000,0.000,0.000,0.000,0.000,0.006,0.000,0.006,0.000
115.2061,1152,0,move,-1,115.2061,115.2139,0,0.000,-0.088,0.176,-0.176,-0.088,0.088,-0.264,-0.088,0.176,0.000,-0.176,-0.088,-0.088,-42.979,30.674,0.000,0.439,0.176,0.000,0.000,0.000,0.000,0.000,0.000,0.000,0.000,0.000,0.000,0.000,0.000,0.000,-42.955,30.587,0.000,0.000,0.000,0.006,2.4,11.30,32.0,0.000,0.000,0.000,0.006,0.000,0.000,0.000,0.000,0.000,0.000,0.000,0.000,0.000,0.000,0.000,0.000,0.006,0.000
115.3061,1153,0,move,-1,115.3061,115.3166,0,0.000,-0.088,0.176,-0.176,-0.088,0.088,-0.264,-0.088,0.176,0.000,-0.176,-0.088,-0.088,-42.979,30.674,0.000,0.439,0.176,0.000,0.000,0.000,0.000,0.000,0.000,0.000,0.000,0.000,0.000,0.000,0.000,0.000,-42.955,30.587,0.000,0.000,0.000,0.006,2.4,11.30,32.0,0.000,0.000,0.000,0.006,0.000,0.000,0.006,0.000,0.006,0.000,0.006,0.000,0.000,0.000,0.000,0.000,0.006,0.006
115.4063,1154,0,move,-1,115.4063,115.4218,0,0.000,-0.088,0.176,-0.176,-0.088,0.088,-0.264,-0.088,0.176,0.000,-0.176,-0.088,-0.088,-42.979,30.674,0.000,0.439,0.176,0.000,0.000,0.000,0.000,0.000,0.000,0.000,0.000,0.000,0.000,0.000,0.000,0.000,-42.955,30.587,0.000,0.000,0.000,0.013,4.8,11.30,31.0,0.000,0.000,0.000,0.000,0.000,0.000,0.006,0.000,0.000,0.000,0.000,0.000,0.000,0.000,0.000,0.000,0.013,0.006
115.5061,1155,0,move,-1,115.5061,115.5168,0,0.000,-0.088,0.176,-0.176,-0.088,0.088,-0.264,-0.088,0.176,0.000,-0.176,-0.088,-0.088,-42.979,30.674,0.000,0.439,0.176,0.000,0.000,0.000,0.000,0.000,0.000,0.000,0.000,0.000,0.000,0.000,0.000,0.000,-42.955,30.587,0.000,0.000,0.000,0.013,4.8,11.30,31.0,0.000,0.000,0.000,0.000,0.000,0.000,0.006,0.000,0.000,0.000,0.000,0.000,0.000,0.000,0.000,0.000,0.013,0.006
115.6094,1156,0,move,-1,115.6094,115.6583,0,0.000,-0.088,0.176,-0.176,-0.088,0.088,-0.264,-0.088,0.176,0.000,-0.176,-0.088,-0.088,-42.979,30.674,0.000,0.439,0.176,0.000,0.000,0.000,0.000,0.000,0.000,0.000,0.000,0.000,0.000,0.000,0.000,0.000,-42.955,30.587,0.000,0.000,0.000,0.006,2.4,11.30,32.0,0.000,0.000,0.000,0.006,0.000,0.000,0.000,0.000,0.000,0.000,0.000,0.000,0.000,0.000,0.000,0.000,0.006,0.000
115.7063,1157,0,move,-1,115.7063,115.7170,0,0.000,-0.088,0.176,-0.176,-0.088,0.088,-0.264,-0.088,0.176,0.000,-0.176,-0.088,-0.088,-42.979,30.674,0.000,0.439,0.176,0.000,0.000,0.000,0.000,0.000,0.000,0.000,0.000,0.000,0.000,0.000,0.000,0.000,-42.955,30.587,0.000,0.000,0.000,0.006,2.4,11.30,32.0,0.000,0.000,0.000,0.006,0.000,0.000,0.000,0.000,0.000,0.000,0.000,0.000,0.000,0.000,0.000,0.000,0.006,0.000
115.8063,1158,0,move,-1,115.8063,115.8188,0,0.000,-0.088,0.176,-0.176,-0.088,0.088,-0.264,-0.088,0.176,0.000,-0.176,-0.088,-0.088,-42.979,30.674,0.000,0.439,0.176,0.000,0.000,0.000,0.000,0.000,0.000,0.000,0.000,0.000,0.000,0.000,0.000,0.000,-42.955,30.587,0.000,0.000,0.000,0.013,4.8,11.30,31.0,0.000,0.000,0.000,0.000,0.000,0.000,0.006,0.000,0.000,0.000,0.000,0.000,0.000,0.000,0.000,0.000,0.013,0.006
115.9063,1159,0,move,-1,115.9063,115.9170,0,0.000,-0.088,0.176,-0.176,-0.088,0.088,-0.264,-0.088,0.176,0.000,-0.176,-0.088,-0.088,-42.979,30.674,0.000,0.439,0.176,0.000,0.000,0.000,0.000,0.000,0.000,0.000,0.000,0.000,0.000,0.000,0.000,0.000,-42.955,30.587,0.000,0.000,0.000,0.013,4.8,11.30,31.0,0.000,0.000,0.000,0.000,0.000,0.000,0.006,0.000,0.000,0.000,0.000,0.000,0.000,0.000,0.000,0.000,0.013,0.006
116.0063,1160,0,move,-1,116.0063,116.0210,0,0.000,-0.088,0.176,-0.176,-0.088,0.088,-0.264,-0.088,0.176,0.000,-0.176,-0.088,-0.088,-42.979,30.674,0.000,0.439,0.176,0.000,0.000,0.000,0.000,0.000,0.000,0.000,0.000,0.000,0.000,0.000,0.000,0.000,-43.059,30.640,0.000,0.000,0.000,0.013,4.8,11.30,31.0,0.000,0.000,0.000,0.000,0.000,0.000,0.006,0.000,0.006,0.000,0.000,0.000,0.000,0.000,0.000,0.000,0.013,0.006
116.1061,1161,0,move,-1,116.1061,116.1182,0,0.000,-0.088,0.176,-0.176,-0.088,0.088,-0.264,-0.088,0.176,0.000,-0.176,-0.088,-0.088,-42.979,30.674,0.000,0.439,0.176,0.000,0.000,0.000,0.000,0.000,0.000,0.000,0.000,0.000,0.000,0.000,0.000,0.000,-43.362,30.795,0.000,0.000,0.000,0.013,4.8,11.30,31.0,0.000,0.000,0.000,0.000,0.000,0.000,0.006,0.000,0.006,0.000,0.000,0.000,0.000,0.000,0.000,0.000,0.013,0.006
116.2061,1162,0,move,-1,116.2061,116.2172,0,0.000,-0.088,0.176,-0.176,-0.088,0.088,-0.264,-0.088,0.176,0.000,-0.176,-0.088,-0.088,-43.154,30.674,0.000,0.439,0.176,0.000,0.000,0.000,0.000,0.000,0.000,0.000,0.000,0.000,0.000,0.000,0.000,0.000,-43.833,31.033,0.000,0.000,0.000,0.006,2.4,11.30,32.0,0.000,0.000,0.000,0.006,0.000,0.000,0.006,0.000,0.000,0.000,0.000,0.000,0.000,0.006,0.000,0.000,0.006,0.000
116.3061,1163,0,move,-1,116.3061,116.3204,0,0.000,-0.088,0.176,-0.176,-0.088,0.088,-0.264,-0.088,0.176,0.000,-0.176,-0.088,-0.088,-43.506,31.025,0.000,0.439,0.176,0.000,0.000,0.000,0.000,0.000,0.000,0.000,0.000,0.000,0.000,0.000,0.000,0.000,-44.421,31.329,0.000,0.000,0.000,0.013,3.6,11.30,29.0,0.000,0.000,0.006,0.006,0.000,0.000,0.006,0.000,0.006,0.000,0.006,0.000,0.000,0.013,0.000,0.000,0.006,0.000
116.4063,1164,0,move,-1,116.4063,116.4161,0,0.000,-0.088,0.176,-0.176,-0.088,0.088,-0.264,-0.088,0.176,0.000,-0.176,-0.088,-0.088,-43.418,31.113,0.000,0.439,0.176,0.000,0.000,0.000,0.000,0.000,0.000,0.000,0.000,0.000,0.000,0.000,0.000,0.000,-45.069,31.653,0.000,0.000,0.000,0.013,3.6,11.30,29.0,0.000,0.000,0.006,0.006,0.000,0.000,0.006,0.000,0.006,0.000,0.006,0.000,0.000,0.013,0.000,0.000,0.006,0.000
116.5061,1165,0,move,-1,116.5061,116.5164,0,0.000,-0.088,0.176,-0.176,-0.088,0.088,-0.264,-0.088,0.176,0.000,-0.176,-0.088,-0.088,-44.209,31.641,0.000,0.439,0.176,0.000,0.000,0.000,0.000,0.000,0.000,0.000,0.000,0.000,0.000,0.000,0.000,0.000,-45.712,31.972,0.000,0.000,0.000,0.033,8.0,11.30,29.0,0.000,0.000,0.000,0.000,0.000,0.000,0.006,0.000,0.006,0.000,0.000,0.000,0.000,0.033,0.006,0.000,0.013,0.000
116.6061,1166,0,move,-1,116.6061,116.6183,0,0.000,-0.088,0.176,-0.176,-0.088,0.088,-0.264,-0.088,0.176,0.000,-0.176,-0.088,-0.088,-44.912,31.992,0.000,0.439,0.176,0.000,0.000,0.000,0.000,0.000,0.000,0.000,0.000,0.000,0.000,0.000,0.000,0.000,-46.288,32.255,0.000,0.000,0.000,0.058,9.2,11.30,29.0,0.000,0.000,0.000,0.000,0.000,0.000,0.006,0.000,0.006,0.000,0.000,0.000,0.000,0.058,0.006,0.000,0.006,0.006
116.7070,1167,0,move,-1,116.7070,116.7474,0,0.000,-0.088,0.176,-0.176,-0.088,0.088,-0.264,-0.088,0.176,0.000,-0.176,-0.088,-0.088,-45.527,32.080,0.000,0.439,0.176,0.000,0.000,0.000,0.000,0.000,0.000,0.000,0.000,0.000,0.000,0.000,0.000,0.000,-46.742,32.477,0.000,0.000,0.000,0.045,9.2,11.30,29.0,0.000,0.000,0.000,0.000,0.000,0.000,0.000,0.000,0.000,0.000,0.006,0.000,0.000,0.045,0.000,0.000,0.006,0.006
116.8127,1168,0,move,-1,116.8127,116.8241,0,0.000,-0.088,0.176,-0.176,-0.088,0.088,-0.264,-0.088,0.176,0.000,-0.176,-0.088,-0.088,-46.055,32.520,0.000,0.439,0.176,0.000,0.000,0.000,0.000,0.000,0.000,0.000,0.000,0.000,0.000,0.000,0.000,0.000,-47.033,32.619,0.000,0.000,0.000,0.045,9.2,11.30,29.0,0.000,0.000,0.000,0.000,0.000,0.000,0.000,0.000,0.000,0.000,0.006,0.000,0.000,0.045,0.000,0.000,0.006,0.006
116.9063,1169,0,move,-1,116.9063,116.9186,0,0.000,-0.088,0.176,-0.176,-0.088,0.088,-0.264,-0.088,0.176,0.000,-0.176,-0.088,-0.088,-46.406,32.520,0.000,0.439,0.176,0.000,0.000,0.000,0.000,0.000,0.000,0.000,0.000,0.000,0.000,0.000,0.000,0.000,-47.133,32.667,0.000,0.000,0.000,0.045,8.8,11.30,29.0,0.000,0.000,0.000,0.006,0.000,0.000,0.006,0.000,0.000,0.000,0.006,0.000,0.000,0.045,0.000,0.000,0.006,0.006
117.0095,1170,0,move,-1,117.0095,117.0364,0,0.000,-0.088,0.176,-0.176,-0.088,0.088,-0.264,-0.088,0.176,0.000,-0.176,-0.088,-0.088,-46.406,32.695,0.000,0.439,0.176,0.000,0.000,0.000,0.000,0.000,0.000,0.000,0.000,0.000,0.000,0.000,0.000,0.000,-47.133,32.667,0.000,0.000,0.000,0.026,7.2,11.30,29.0,0.000,0.000,0.000,0.000,0.000,0.000,0.006,0.000,0.000,0.000,0.000,0.000,0.000,0.026,0.006,0.000,0.013,0.000
117.1063,1171,0,move,-1,117.1063,117.1189,0,0.000,-0.088,0.176,-0.176,-0.088,0.088,-0.264,-0.088,0.176,0.000,-0.176,-0.088,-0.088,-46.406,32.695,0.000,0.439,0.176,0.000,0.000,0.000,0.000,0.000,0.000,0.000,0.000,0.000,0.000,0.000,0.000,0.000,-47.133,32.667,0.000,0.000,0.000,0.026,7.2,11.30,29.0,0.000,0.000,0.000,0.000,0.000,0.000,0.006,0.000,0.000,0.000,0.000,0.000,0.000,0.026,0.006,0.000,0.013,0.000
117.2063,1172,0,move,-1,117.2063,117.2170,0,0.000,-0.088,0.176,-0.176,-0.088,0.088,-0.264,-0.088,0.176,0.000,-0.176,-0.088,-0.088,-46.406,32.695,0.000,0.439,0.176,0.000,0.000,0.000,0.000,0.000,0.000,0.000,0.000,0.000,0.000,0.000,0.000,0.000,-47.133,32.667,0.000,0.000,0.000,0.033,7.2,11.30,29.0,0.000,0.000,0.000,0.006,0.000,0.000,0.006,0.000,0.006,0.000,0.000,0.000,0.000,0.033,0.000,0.000,0.006,0.000
117.3063,1173,0,move,-1,117.3063,117.3158,0,0.000,-0.088,0.176,-0.176,-0.088,0.088,-0.264,-0.088,0.176,0.000,-0.176,-0.088,-0.088,-46.406,32.695,0.000,0.439,0.176,0.000,0.000,0.000,0.000,0.000,0.000,0.000,0.000,0.000,0.000,0.000,0.000,0.000,-47.133,32.667,0.000,0.000,0.000,0.033,7.2,11.30,29.0,0.000,0.000,0.000,0.006,0.000,0.000,0.006,0.000,0.006,0.000,0.000,0.000,0.000,0.033,0.000,0.000,0.006,0.000
117.4062,1174,0,move,-1,117.4062,117.4262,0,0.000,-0.088,0.176,-0.176,-0.088,0.088,-0.264,-0.088,0.176,0.000,-0.176,-0.088,-0.088,-46.406,32.695,0.000,0.439,0.176,0.000,0.000,0.000,0.000,0.000,0.000,0.000,0.000,0.000,0.000,0.000,0.000,0.000,-47.133,32.667,0.000,0.000,0.000,0.045,7.2,11.30,29.0,0.000,0.000,0.000,0.000,0.000,0.000,0.000,0.000,0.000,0.000,0.000,0.000,0.000,0.045,0.000,0.000,0.006,0.000
117.5063,1175,0,move,-1,117.5063,117.5198,0,0.000,-0.088,0.176,-0.176,-0.088,0.088,-0.264,-0.088,0.176,0.000,-0.176,-0.088,-0.088,-46.406,32.695,0.000,0.439,0.176,0.000,0.000,0.000,0.000,0.000,0.000,0.000,0.000,0.000,0.000,0.000,0.000,0.000,-47.133,32.667,0.000,0.000,0.000,0.045,7.2,11.30,29.0,0.000,0.000,0.000,0.000,0.000,0.000,0.000,0.000,0.000,0.000,0.000,0.000,0.000,0.045,0.000,0.000,0.006,0.000
117.6064,1176,0,move,-1,117.6064,117.6194,0,0.000,-0.088,0.176,-0.176,-0.088,0.088,-0.264,-0.088,0.176,0.000,-0.176,-0.088,-0.088,-46.406,32.695,0.000,0.439,0.176,0.000,0.000,0.000,0.000,0.000,0.000,0.000,0.000,0.000,0.000,0.000,0.000,0.000,-47.133,32.667,0.000,0.000,0.000,0.039,7.2,11.30,29.0,0.000,0.000,0.000,0.000,0.000,0.000,0.006,0.000,0.000,0.000,0.000,0.000,0.000,0.039,0.000,0.000,0.006,0.006
117.7063,1177,0,move,-1,117.7063,117.7185,0,0.000,-0.088,0.176,-0.176,-0.088,0.088,-0.264,-0.088,0.176,0.000,-0.176,-0.088,-0.088,-46.406,32.695,0.000,0.439,0.176,0.000,0.000,0.000,0.000,0.000,0.000,0.000,0.000,0.000,0.000,0.000,0.000,0.000,-47.133,32.667,0.000,0.000,0.000,0.039,7.2,11.30,29.0,0.000,0.000,0.000,0.000,0.000,0.000,0.006,0.000,0.000,0.000,0.000,0.000,0.000,0.039,0.000,0.000,0.006,0.006
117.8063,1178,0,move,-1,117.8063,117.8190,0,0.000,-0.088,0.176,-0.176,-0.088,0.088,-0.264,-0.088,0.176,0.000,-0.176,-0.088,-0.088,-46.406,32.695,0.000,0.439,0.176,0.000,0.000,0.000,0.000,0.000,0.000,0.000,0.000,0.000,0.000,0.000,0.000,0.000,-47.133,32.667,0.000,0.000,0.000,0.033,7.2,11.30,29.0,0.000,0.000,0.000,0.000,0.000,0.000,0.006,0.000,0.000,0.000,0.006,0.000,0.000,0.033,0.000,0.000,0.013,0.006
117.9063,1179,0,move,-1,117.9063,117.9175,0,0.000,-0.088,0.176,-0.176,-0.088,0.088,-0.264,-0.088,0.176,0.000,-0.176,-0.088,-0.088,-46.406,32.695,0.000,0.439,0.176,0.000,0.000,0.000,0.000,0.000,0.000,0.000,0.000,0.000,0.000,0.000,0.000,0.000,-47.133,32.667,0.000,0.000,0.000,0.033,7.2,11.30,29.0,0.000,0.000,0.000,0.000,0.000,0.000,0.006,0.000,0.000,0.000,0.006,0.000,0.000,0.033,0.000,0.000,0.013,0.006
118.0063,1180,0,move,-1,118.0063,118.0190,0,0.000,-0.088,0.176,-0.176,-0.088,0.088,-0.264,-0.088,0.176,0.000,-0.176,-0.088,-0.088,-46.406,32.695,0.000,0.439,0.176,0.000,0.000,0.000,0.000,0.000,0.000,0.000,0.000,0.000,0.000,0.000,0.000,0.000,-47.133,32.667,0.000,0.000,0.000,0.026,7.2,11.30,29.0,0.000,0.000,0.000,0.000,0.000,0.000,0.006,0.000,0.006,0.000,0.000,0.000,0.000,0.026,0.000,0.000,0.006,0.006
118.1061,1181,0,move,-1,118.1061,118.1178,0,0.000,-0.088,0.176,-0.176,-0.088,0.088,-0.264,-0.088,0.176,0.000,-0.176,-0.088,-0.088,-46.406,32.695,0.000,0.439,0.176,0.000,0.000,0.000,0.000,0.000,0.000,0.000,0.000,0.000,0.000,0.000,0.000,0.000,-47.133,32.667,0.000,0.000,0.000,0.026,7.2,11.30,29.0,0.000,0.000,0.000,0.000,0.000,0.000,0.006,0.000,0.006,0.000,0.000,0.000,0.000,0.026,0.000,0.000,0.006,0.006
118.2063,1182,0,move,-1,118.2063,118.2167,0,0.000,-0.088,0.176,-0.176,-0.088,0.088,-0.264,-0.088,0.176,0.000,-0.176,-0.088,-0.088,-46.406,32.695,0.000,0.439,0.176,0.000,0.000,0.000,0.000,0.000,0.000,0.000,0.000,0.000,0.000,0.000,0.000,0.000,-47.133,32.667,0.000,0.000,0.000,0.033,7.2,11.30,29.0,0.000,0.000,0.000,0.000,0.000,0.000,0.006,0.000,0.006,0.000,0.006,0.000,0.000,0.033,0.000,0.000,0.006,0.000
118.3063,1183,0,move,-1,118.3063,118.3187,0,0.000,-0.088,0.176,-0.176,-0.088,0.088,-0.264,-0.088,0.176,0.000,-0.176,-0.088,-0.088,-46.406,32.695,0.000,0.439,0.176,0.000,0.000,0.000,0.000,0.000,0.000,0.000,0.000,0.000,0.000,0.000,0.000,0.000,-47.133,32.667,0.000,0.000,0.000,0.026,7.2,11.30,29.0,0.000,0.000,0.000,0.000,0.000,0.000,0.006,0.000,0.000,0.000,0.000,0.000,0.000,0.026,0.000,0.000,0.006,0.000
118.4061,1184,0,move,-1,118.4061,118.4126,0,0.000,-0.088,0.176,-0.176,-0.088,0.088,-0.264,-0.088,0.176,0.000,-0.176,-0.088,-0.088,-46.494,32.695,0.000,0.439,0.176,0.000,0.000,0.000,0.000,0.000,0.000,0.000,0.000,0.000,0.000,0.000,0.000,0.000,-47.133,32.667,0.000,0.000,0.000,0.026,7.2,11.30,29.0,0.000,0.000,0.000,0.000,0.000,0.000,0.006,0.000,0.000,0.000,0.000,0.000,0.000,0.026,0.000,0.000,0.006,0.000
118.5061,1185,0,move,-1,118.5061,118.5160,0,0.000,-0.088,0.176,-0.176,-0.088,0.088,-0.264,-0.088,0.176,0.000,-0.176,-0.088,-0.088,-46.494,32.695,0.000,0.439,0.176,0.000,0.000,0.000,0.000,0.000,0.000,0.000,0.000,0.000,0.000,0.000,0.000,0.000,-47.133,32.667,0.000,0.000,0.000,0.026,6.4,11.30,29.0,0.000,0.000,0.000,0.006,0.000,0.000,0.006,0.000,0.000,0.000,0.006,0.000,0.000,0.026,0.000,0.000,0.006,0.000
118.6062,1186,0,move,-1,118.6062,118.6259,0,0.000,-0.088,0.176,-0.176,-0.088,0.088,-0.264,-0.088,0.176,0.000,-0.176,-0.088,-0.088,-46.494,32.695,0.000,0.439,0.176,0.000,0.000,0.000,0.000,0.000,0.000,0.000,0.000,0.000,0.000,0.000,0.000,0.000,-47.133,32.667,0.000,0.000,0.000,0.033,6.4,11.30,29.0,0.000,0.000,0.000,0.006,0.000,0.000,0.000,0.000,0.006,0.000,0.000,0.000,0.000,0.033,0.000,0.000,0.006,0.000
118.7061,1187,0,move,-1,118.7061,118.7128,0,0.000,-0.088,0.176,-0.176,-0.088,0.088,-0.264,-0.088,0.176,0.000,-0.176,-0.088,-0.088,-46.494,32.695,0.000,0.439,0.176,0.000,0.000,0.000,0.000,0.000,0.000,0.000,0.000,0.000,0.000,0.000,0.000,0.000,-47.133,32.667,0.000,0.000,0.000,0.033,6.4,11.30,29.0,0.000,0.000,0.000,0.006,0.000,0.000,0.000,0.000,0.006,0.000,0.000,0.000,0.000,0.033,0.000,0.000,0.006,0.000
118.8159,1188,0,move,-1,118.8159,118.8532,0,0.000,-0.088,0.176,-0.176,-0.088,0.088,-0.264,-0.088,0.176,0.000,-0.176,-0.088,-0.088,-46.494,32.695,0.000,0.439,0.176,0.000,0.000,0.000,0.000,0.000,0.000,0.000,0.000,0.000,0.000,0.000,0.000,0.000,-47.133,32.667,0.000,0.000,0.000,0.026,6.4,11.30,29.0,0.000,0.000,0.000,0.000,0.000,0.000,0.006,0.000,0.006,0.000,0.000,0.000,0.000,0.026,0.000,0.000,0.006,0.000
118.9062,1189,0,move,-1,118.9062,118.9202,0,0.000,-0.088,0.176,-0.176,-0.088,0.088,-0.264,-0.088,0.176,0.000,-0.176,-0.088,-0.088,-46.494,32.695,0.000,0.439,0.176,0.000,0.000,0.000,0.000,0.000,0.000,0.000,0.000,0.000,0.000,0.000,0.000,0.000,-47.133,32.667,0.000,0.000,0.000,0.026,6.4,11.30,29.0,0.000,0.000,0.000,0.000,0.000,0.000,0.006,0.000,0.006,0.000,0.000,0.000,0.000,0.026,0.000,0.000,0.006,0.000
119.0063,1190,0,move,-1,119.0063,119.0172,0,0.000,-0.088,0.176,-0.176,-0.088,0.088,-0.264,-0.088,0.176,0.000,-0.176,-0.088,-0.088,-46.494,32.695,0.000,0.439,0.176,0.000,0.000,0.000,0.000,0.000,0.000,0.000,0.000,0.000,0.000,0.000,0.000,0.000,-47.133,32.667,0.000,0.000,0.000,0.026,6.4,11.30,29.0,0.000,0.000,0.006,0.000,0.000,0.000,0.006,0.000,0.000,0.000,0.000,0.000,0.000,0.026,0.000,0.000,0.006,0.006
119.1063,1191,0,move,-1,119.1063,119.1187,0,0.000,-0.088,0.176,-0.176,-0.088,0.088,-0.264,-0.088,0.176,0.000,-0.176,-0.088,-0.088,-46.494,32.695,0.000,0.439,0.176,0.000,0.000,0.000,0.000,0.000,0.000,0.000,0.000,0.000,0.000,0.000,0.000,0.000,-47.133,32.667,0.000,0.000,0.000,0.026,6.4,11.30,29.0,0.000,0.000,0.000,0.006,0.000,0.000,0.006,0.000,0.000,0.000,0.000,0.000,0.000,0.026,0.000,0.000,0.006,0.006
119.2061,1192,0,move,-1,119.2061,119.2127,0,0.000,-0.088,0.176,-0.176,-0.088,0.088,-0.264,-0.088,0.176,0.000,-0.176,-0.088,-0.088,-46.494,32.695,0.000,0.439,0.176,0.000,0.000,0.000,0.000,0.000,0.000,0.000,0.000,0.000,0.000,0.000,0.000,0.000,-47.133,32.667,0.000,0.000,0.000,0.026,6.4,11.30,29.0,0.000,0.000,0.000,0.006,0.000,0.000,0.006,0.000,0.000,0.000,0.000,0.000,0.000,0.026,0.000,0.000,0.006,0.006
119.3061,1193,0,move,-1,119.3061,119.3171,0,0.000,-0.088,0.176,-0.176,-0.088,0.088,-0.264,-0.088,0.176,0.000,-0.176,-0.088,-0.088,-46.494,32.695,0.000,0.439,0.176,0.000,0.000,0.000,0.000,0.000,0.000,0.000,0.000,0.000,0.000,0.000,0.000,0.000,-47.133,32.667,0.000,0.000,0.000,0.019,6.4,11.30,29.0,0.000,0.000,0.000,0.006,0.000,0.000,0.000,0.000,0.000,0.000,0.006,0.000,0.000,0.019,0.000,0.000,0.013,0.006
119.4061,1194,0,move,-1,119.4061,119.4156,0,0.000,-0.088,0.176,-0.176,-0.088,0.088,-0.264,-0.088,0.176,0.000,-0.176,-0.088,-0.088,-46.494,32.695,0.000,0.439,0.176,0.000,0.000,0.000,0.000,0.000,0.000,0.000,0.000,0.000,0.000,0.000,0.000,0.000,-47.133,32.667,0.000,0.000,0.000,0.019,6.4,11.30,29.0,0.000,0.000,0.000,0.006,0.000,0.000,0.000,0.000,0.000,0.000,0.006,0.000,0.000,0.019,0.000,0.000,0.013,0.006
119.5061,1195,0,move,-1,119.5061,119.5196,0,0.000,-0.088,0.176,-0.176,-0.088,0.088,-0.264,-0.088,0.176,0.000,-0.176,-0.088,-0.088,-46.494,32.695,0.000,0.439,0.176,0.000,0.000,0.000,0.000,0.000,0.000,0.000,0.000,0.000,0.000,0.000,0.000,0.000,-47.133,32.667,0.000,0.000,0.000,0.026,6.4,11.30,29.0,0.000,0.000,0.000,0.006,0.000,0.000,0.006,0.000,0.000,0.000,0.000,0.000,0.000,0.026,0.000,0.000,0.006,0.000
119.6061,1196,0,move,-1,119.6061,119.6173,0,0.000,-0.088,0.176,-0.176,-0.088,0.088,-0.264,-0.088,0.176,0.000,-0.176,-0.088,-0.088,-46.494,32.695,0.000,0.439,0.176,0.000,0.000,0.000,0.000,0.000,0.000,0.000,0.000,0.000,0.000,0.000,0.000,0.000,-47.133,32.667,0.000,0.000,0.000,0.026,6.4,11.30,29.0,0.000,0.000,0.000,0.006,0.000,0.000,0.006,0.000,0.000,0.000,0.000,0.000,0.000,0.026,0.000,0.000,0.006,0.000
119.7075,1197,0,move,-1,119.7075,119.7155,0,0.000,-0.088,0.176,-0.176,-0.088,0.088,-0.264,-0.088,0.176,0.000,-0.176,-0.088,-0.088,-46.494,32.695,0.000,0.439,0.176,0.000,0.000,0.000,0.000,0.000,0.000,0.000,0.000,0.000,0.000,0.000,0.000,0.000,-47.133,32.667,0.000,0.000,0.000,0.026,6.4,11.30,29.0,0.000,0.000,0.000,0.000,0.000,0.000,0.006,0.000,0.000,0.000,0.006,0.000,0.000,0.026,0.000,0.000,0.006,0.006
119.8063,1198,0,move,-1,119.8063,119.8160,0,0.000,-0.088,0.176,-0.176,-0.088,0.088,-0.264,-0.088,0.176,0.000,-0.176,-0.088,-0.088,-46.494,32.695,0.000,0.439,0.176,0.000,0.000,0.000,0.000,0.000,0.000,0.000,0.000,0.000,0.000,0.000,0.000,0.000,-47.133,32.667,0.000,0.000,0.000,0.026,6.4,11.30,29.0,0.000,0.000,0.000,0.000,0.000,0.000,0.000,0.000,0.000,0.000,0.000,0.000,0.000,0.026,0.000,0.000,0.006,0.000
119.9063,1199,0,move,-1,119.9063,119.9120,0,0.000,-0.088,0.176,-0.176,-0.088,0.088,-0.264,-0.088,0.176,0.000,-0.176,-0.088,-0.088,-46.494,32.695,0.000,0.439,0.176,0.000,0.000,0.000,0.000,0.000,0.000,0.000,0.000,0.000,0.000,0.000,0.000,0.000,-47.133,32.667,0.000,0.000,0.000,0.026,6.4,11.30,29.0,0.000,0.000,0.000,0.000,0.000,0.000,0.000,0.000,0.000,0.000,0.000,0.000,0.000,0.026,0.000,0.000,0.006,0.000
120.0063,1200,0,move,-1,120.0063,120.0176,0,0.000,-0.088,0.176,-0.176,-0.088,0.088,-0.264,-0.088,0.176,0.000,-0.176,-0.088,-0.088,-46.494,32.695,0.000,0.439,0.176,0.000,0.000,0.000,0.000,0.000,0.000,0.000,0.000,0.000,0.000,0.000,0.000,0.000,-47.233,32.716,0.000,0.000,0.000,0.026,6.4,11.30,29.0,0.000,0.000,0.000,0.000,0.000,0.000,0.006,0.000,0.000,0.000,0.000,0.000,0.000,0.026,0.000,0.000,0.006,0.006
120.1061,1201,0,move,-1,120.1061,120.1164,0,0.000,-0.088,0.176,-0.176,-0.088,0.088,-0.264,-0.088,0.176,0.000,-0.176,-0.088,-0.088,-46.494,32.695,0.000,0.439,0.176,0.000,0.000,0.000,0.000,0.000,0.000,0.000,0.000,0.000,0.000,0.000,0.000,0.000,-47.522,32.856,0.000,0.000,0.000,0.026,6.4,11.30,29.0,0.000,0.000,0.000,0.000,0.000,0.000,0.006,0.000,0.000,0.000,0.000,0.000,0.000,0.026,0.000,0.000,0.006,0.006
120.2085,1202,0,move,-1,120.2085,120.3069,0,0.000,-0.088,0.176,-0.176,-0.088,0.088,-0.264,-0.088,0.176,0.000,-0.176,-0.088,-0.088,-46.934,32.695,0.000,0.439,0.176,0.000,0.000,0.000,0.000,0.000,0.000,0.000,0.000,0.000,0.000,0.000,0.000,0.000,-47.971,33.071,0.000,0.000,0.000,0.039,7.2,11.30,29.0,0.000,0.000,0.000,0.000,0.000,0.000,0.000,0.000,0.006,0.000,0.006,0.000,0.000,0.039,0.006,0.000,0.013,0.006
120.3127,1203,0,move,-1,120.3127,120.3191,0,0.000,-0.088,0.176,-0.176,-0.088,0.088,-0.264,-0.088,0.176,0.000,-0.176,-0.088,-0.088,-46.934,32.695,0.000,0.439,0.176,0.000,0.000,0.000,0.000,0.000,0.000,0.000,0.000,0.000,0.000,0.000,0.000,0.000,-48.535,33.340,0.000,0.000,0.000,0.039,7.2,11.30,29.0,0.000,0.000,0.000,0.000,0.000,0.000,0.000,0.000,0.006,0.000,0.006,0.000,0.000,0.039,0.006,0.000,0.013,0.006
120.4061,1204,0,move,-1,120.4061,120.4166,0,0.000,-0.088,0.176,-0.176,-0.088,0.088,-0.264,-0.088,0.176,0.000,-0.176,-0.088,-0.088,-46.934,33.223,0.000,0.439,0.176,0.000,0.000,0.000,0.000,0.000,0.000,0.000,0.000,0.000,0.000,0.000,0.000,0.000,-49.154,33.634,0.000,0.000,0.000,0.033,8.8,11.30,29.0,0.000,0.000,0.000,0.000,0.000,0.000,0.006,0.000,0.000,0.000,0.006,0.000,0.000,0.033,0.013,0.000,0.006,0.000
120.5063,1205,0,move,-1,120.5063,120.5192,0,0.000,-0.088,0.176,-0.176,-0.088,0.088,-0.264,-0.088,0.176,0.000,-0.176,-0.088,-0.088,-48.340,33.662,0.000,0.439,0.176,0.000,0.000,0.000,0.000,0.000,0.000,0.000,0.000,0.000,0.000,0.000,0.000,0.000,-49.772,33.924,0.000,0.000,0.000,0.039,8.8,11.30,29.0,0.000,0.000,0.000,0.006,0.000,0.000,0.000,0.000,0.000,0.000,0.000,0.000,0.000,0.039,0.006,0.000,0.006,0.006
120.6061,1206,0,move,-1,120.6061,120.6168,0,0.000,-0.088,0.176,-0.176,-0.088,0.088,-0.264,-0.088,0.176,0.000,-0.176,-0.088,-0.088,-49.043,33.750,0.000,0.439,0.176,0.000,0.000,0.000,0.000,0.000,0.000,0.000,0.000,0.000,0.000,0.000,0.000,0.000,-50.327,34.182,0.000,0.000,0.000,0.039,8.8,11.30,29.0,0.000,0.000,0.000,0.006,0.000,0.000,0.000,0.000,0.000,0.000,0.000,0.000,0.000,0.039,0.006,0.000,0.006,0.006
120.7061,1207,0,move,-1,120.7061,120.7135,0,0.000,-0.088,0.176,-0.176,-0.088,0.088,-0.264,-0.088,0.176,0.000,-0.176,-0.088,-0.088,-49.570,34.014,0.000,0.439,0.176,0.000,0.000,0.000,0.000,0.000,0.000,0.000,0.000,0.000,0.000,0.000,0.000,0.000,-50.765,34.384,0.000,0.000,0.000,0.033,7.6,11.30,29.0,0.000,0.000,0.006,0.000,0.000,0.000,0.000,0.000,0.000,0.000,0.000,0.000,0.000,0.033,0.006,0.000,0.006,0.000
120.8065,1208,0,move,-1,120.8065,120.8209,0,0.000,-0.088,0.176,-0.176,-0.088,0.088,-0.264,-0.088,0.176,0.000,-0.176,-0.088,-0.088,-50.273,34.365,0.000,0.439,0.176,0.000,0.000,0.000,0.000,0.000,0.000,0.000,0.000,0.000,0.000,0.000,0.000,0.000,-51.045,34.512,0.000,0.000,0.000,0.019,4.8,11.30,29.0,0.000,0.000,0.000,0.000,0.000,0.000,0.006,0.000,0.000,0.000,0.000,0.000,0.000,0.019,0.006,0.000,0.006,0.000
120.9061,1209,0,move,-1,120.9061,120.9183,0,0.000,-0.088,0.176,-0.176,-0.088,0.088,-0.264,-0.088,0.176,0.000,-0.176,-0.088,-0.088,-50.361,34.453,0.000,0.439,0.176,0.000,0.000,0.000,0.000,0.000,0.000,0.000,0.000,0.000,0.000,0.000,0.000,0.000,-51.141,34.556,0.000,0.000,0.000,0.019,4.8,11.30,29.0,0.000,0.000,0.000,0.000,0.000,0.000,0.006,0.000,0.000,0.000,0.000,0.000,0.000,0.019,0.006,0.000,0.006,0.000
121.0061,1210,0,move,-1,121.0061,121.0156,0,0.000,-0.088,0.176,-0.176,-0.088,0.088,-0.264,-0.088,0.176,0.000,-0.176,-0.088,-0.088,-50.713,34.541,0.000,0.439,0.176,0.000,0.000,0.000,0.000,0.000,0.000,0.000,0.000,0.000,0.000,0.000,0.000,0.000,-51.141,34.556,0.000,0.000,0.000,0.045,8.0,11.30,29.0,0.000,0.000,0.000,0.006,0.000,0.000,0.000,0.000,0.000,0.000,0.000,0.000,0.000,0.045,0.000,0.000,0.013,0.006
121.1061,1211,0,move,-1,121.1061,121.1169,0,0.000,-0.088,0.176,-0.176,-0.088,0.088,-0.264,-0.088,0.176,0.000,-0.176,-0.088,-0.088,-50.713,34.541,0.000,0.439,0.176,0.000,0.000,0.000,0.000,0.000,0.000,0.000,0.000,0.000,0.000,0.000,0.000,0.000,-51.141,34.556,0.000,0.000,0.000,0.013,4.8,11.30,29.0,0.000,0.000,0.000,0.000,0.000,0.000,0.006,0.000,0.000,0.000,0.006,0.000,0.000,0.013,0.000,0.000,0.006,0.000
121.2098,1212,0,move,-1,121.2098,121.2420,0,0.000,-0.088,0.176,-0.176,-0.088,0.088,-0.264,-0.088,0.176,0.000,-0.176,-0.088,-0.088,-50.713,34.541,0.000,0.439,0.176,0.000,0.000,0.000,0.000,0.000,0.000,0.000,0.000,0.000,0.000,0.000,0.000,0.000,-51.141,34.556,0.000,0.000,0.000,0.019,4.8,11.30,29.0,0.000,0.000,0.000,0.006,0.000,0.000,0.006,0.000,0.000,0.000,0.000,0.000,0.000,0.019,0.000,0.000,0.006,0.000
121.3061,1213,0,move,-1,121.3061,121.3166,0,0.000,-0.088,0.176,-0.176,-0.088,0.088,-0.264,-0.088,0.176,0.000,-0.176,-0.088,-0.088,-50.713,34.541,0.000,0.439,0.176,0.000,0.000,0.000,0.000,0.000,0.000,0.000,0.000,0.000,0.000,0.000,0.000,0.000,-51.141,34.556,0.000,0.000,0.000,0.019,4.8,11.30,29.0,0.000,0.000,0.000,0.006,0.000,0.000,0.006,0.000,0.000,0.000,0.000,0.000,0.000,0.019,0.000,0.000,0.006,0.000
121.4061,1214,0,move,-1,121.4061,121.4173,0,0.000,-0.088,0.176,-0.176,-0.088,0.088,-0.264,-0.088,0.176,0.000,-0.176,-0.088,-0.088,-50.713,34.541,0.000,0.439,0.176,0.000,0.000,0.000,0.000,0.000,0.000,0.000,0.000,0.000,0.000,0.000,0.000,0.000,-51.141,34.556,0.000,0.000,0.000,0.019,4.8,11.30,29.0,0.000,0.000,0.000,0.006,0.000,0.000,0.006,0.000,0.006,0.000,0.000,0.000,0.000,0.019,0.000,0.000,0.006,0.006
121.5061,1215,0,move,-1,121.5061,121.5169,0,0.000,-0.088,0.176,-0.176,-0.088,0.088,-0.264,-0.088,0.176,0.000,-0.176,-0.088,-0.088,-50.713,34.541,0.000,0.439,0.176,0.000,0.000,0.000,0.000,0.000,0.000,0.000,0.000,0.000,0.000,0.000,0.000,0.000,-51.141,34.556,0.000,0.000,0.000,0.019,4.8,11.30,29.0,0.000,0.000,0.000,0.006,0.000,0.000,0.006,0.000,0.006,0.000,0.000,0.000,0.000,0.019,0.000,0.000,0.006,0.006
121.6061,1216,0,move,-1,121.6061,121.6169,0,0.000,-0.088,0.176,-0.176,-0.088,0.088,-0.264,-0.088,0.176,0.000,-0.176,-0.088,-0.088,-50.713,34.541,0.000,0.439,0.176,0.000,0.000,0.000,0.000,0.000,0.000,0.000,0.000,0.000,0.000,0.000,0.000,0.000,-51.141,34.556,0.000,0.000,0.000,0.019,4.8,11.30,29.0,0.000,0.006,0.000,0.006,0.000,0.000,0.006,0.000,0.000,0.000,0.000,0.000,0.000,0.019,0.000,0.000,0.006,0.000
121.7065,1217,0,move,-1,121.7065,121.7891,0,0.000,-0.088,0.176,-0.176,-0.088,0.088,-0.264,-0.088,0.176,0.000,-0.176,-0.088,-0.088,-50.713,34.541,0.000,0.439,0.176,0.000,0.000,0.000,0.000,0.000,0.000,0.000,0.000,0.000,0.000,0.000,0.000,0.000,-51.141,34.556,0.000,0.000,0.000,0.013,4.8,11.30,29.0,0.000,0.000,0.000,0.000,0.000,0.000,0.000,0.000,0.000,0.000,0.006,0.000,0.000,0.013,0.000,0.000,0.013,0.000
121.8061,1218,0,move,-1,121.8061,121.8162,0,0.000,-0.088,0.176,-0.176,-0.088,0.088,-0.264,-0.088,0.176,0.000,-0.176,-0.088,-0.088,-50.713,34.541,0.000,0.439,0.176,0.000,0.000,0.000,0.000,0.000,0.000,0.000,0.000,0.000,0.000,0.000,0.000,0.000,-51.141,34.556,0.000,0.000,0.000,0.013,4.8,11.30,29.0,0.000,0.000,0.000,0.000,0.000,0.000,0.000,0.000,0.000,0.000,0.006,0.000,0.000,0.013,0.000,0.000,0.013,0.000
121.9063,1219,0,move,-1,121.9063,121.9177,0,0.000,-0.088,0.176,-0.176,-0.088,0.088,-0.264,-0.088,0.176,0.000,-0.176,-0.088,-0.088,-50.713,34.541,0.000,0.439,0.176,0.000,0.000,0.000,0.000,0.000,0.000,0.000,0.000,0.000,0.000,0.000,0.000,0.000,-51.141,34.556,0.000,0.000,0.000,0.019,4.8,11.30,29.0,0.000,0.000,0.000,0.006,0.000,0.000,0.006,0.000,0.000,0.000,0.000,0.000,0.000,0.019,0.000,0.000,0.006,0.000
122.0061,1220,0,move,-1,122.0061,122.0196,0,0.000,-0.088,0.176,-0.176,-0.088,0.088,-0.264,-0.088,0.176,0.000,-0.176,-0.088,-0.088,-50.713,34.541,0.000,0.439,0.176,0.000,0.000,0.000,0.000,0.000,0.000,0.000,0.000,0.000,0.000,0.000,0.000,0.000,-51.141,34.556,0.000,0.000,0.000,0.019,4.8,11.30,29.0,0.000,0.000,0.000,0.000,0.000,0.000,0.000,0.000,0.000,0.000,0.000,0.000,0.000,0.019,0.000,0.000,0.013,0.000
122.1064,1221,0,move,-1,122.1064,122.1177,0,0.000,-0.088,0.176,-0.176,-0.088,0.088,-0.264,-0.088,0.176,0.000,-0.176,-0.088,-0.088,-50.713,34.541,0.000,0.439,0.176,0.000,0.000,0.000,0.000,0.000,0.000,0.000,0.000,0.000,0.000,0.000,0.000,0.000,-51.141,34.556,0.000,0.000,0.000,0.019,4.8,11.30,29.0,0.000,0.000,0.000,0.000,0.000,0.000,0.000,0.000,0.000,0.000,0.000,0.000,0.000,0.019,0.000,0.000,0.013,0.000
122.2061,1222,0,move,-1,122.2061,122.2181,0,0.000,-0.088,0.176,-0.176,-0.088,0.088,-0.264,-0.088,0.176,0.000,-0.176,-0.088,-0.088,-50.713,34.541,0.000,0.439,0.176,0.000,0.000,0.000,0.000,0.000,0.000,0.000,0.000,0.000,0.000,0.000,0.000,0.000,-51.141,34.556,0.000,0.000,0.000,0.019,4.8,11.30,29.0,0.000,0.000,0.006,0.000,0.000,0.000,0.000,0.000,0.000,0.000,0.000,0.000,0.000,0.019,0.000,0.000,0.006,0.006
122.3061,1223,0,move,-1,122.3061,122.3186,0,0.000,-0.088,0.176,-0.176,-0.088,0.088,-0.264,-0.088,0.176,0.000,-0.176,-0.088,-0.088,-50.713,34.541,0.000,0.439,0.176,0.000,0.000,0.000,0.000,0.000,0.000,0.000,0.000,0.000,0.000,0.000,0.000,0.000,-51.141,34.556,0.000,0.000,0.000,0.019,4.8,11.30,29.0,0.000,0.000,0.000,0.000,0.000,0.000,0.006,0.000,0.000,0.000,0.006,0.000,0.000,0.019,0.000,0.000,0.013,0.006
122.4061,1224,0,move,-1,122.4061,122.4209,0,0.000,-0.088,0.176,-0.176,-0.088,0.088,-0.264,-0.088,0.176,0.000,-0.176,-0.088,-0.088,-50.713,34.541,0.000,0.439,0.176,0.000,0.000,0.000,0.000,0.000,0.000,0.000,0.000,0.000,0.000,0.000,0.000,0.000,-51.141,34.556,0.000,0.000,0.000,0.013,4.8,11.30,29.0,0.000,0.000,0.000,0.000,0.000,0.000,0.006,0.000,0.000,0.000,0.000,0.000,0.000,0.013,0.000,0.000,0.006,0.000
122.5063,1225,0,move,-1,122.5063,122.5172,0,0.000,-0.088,0.176,-0.176,-0.088,0.088,-0.264,-0.088,0.176,0.000,-0.176,-0.088,-0.088,-50.713,34.541,0.000,0.439,0.176,0.000,0.000,0.000,0.000,0.000,0.000,0.000,0.000,0.000,0.000,0.000,0.000,0.000,-51.141,34.556,0.000,0.000,0.000,0.013,4.8,11.30,29.0,0.000,0.000,0.000,0.000,0.000,0.000,0.006,0.000,0.000,0.000,0.000,0.000,0.000,0.013,0.000,0.000,0.006,0.000
122.6063,1226,0,move,-1,122.6063,122.6179,0,0.000,-0.088,0.176,-0.176,-0.088,0.088,-0.264,-0.088,0.176,0.000,-0.176,-0.088,-0.088,-50.713,34.541,0.000,0.439,0.176,0.000,0.000,0.000,0.000,0.000,0.000,0.000,0.000,0.000,0.000,0.000,0.000,0.000,-51.141,34.556,0.000,0.000,0.000,0.013,4.8,11.30,29.0,0.000,0.000,0.006,0.000,0.000,0.000,0.006,0.000,0.000,0.000,0.000,0.000,0.000,0.013,0.000,0.000,0.006,0.000
122.7063,1227,0,move,-1,122.7063,122.7173,0,0.000,-0.088,0.176,-0.176,-0.088,0.088,-0.264,-0.088,0.176,0.000,-0.176,-0.088,-0.088,-50.713,34.541,0.000,0.439,0.176,0.000,0.000,0.000,0.000,0.000,0.000,0.000,0.000,0.000,0.000,0.000,0.000,0.000,-51.141,34.556,0.000,0.000,0.000,0.013,4.8,11.30,29.0,0.000,0.000,0.006,0.000,0.000,0.000,0.006,0.000,0.000,0.000,0.000,0.000,0.000,0.013,0.000,0.000,0.006,0.000
122.8061,1228,0,move,-1,122.8061,122.8170,0,0.000,-0.088,0.176,-0.176,-0.088,0.088,-0.264,-0.088,0.176,0.000,-0.176,-0.088,-0.088,-50.713,34.541,0.000,0.439,0.176,0.000,0.000,0.000,0.000,0.000,0.000,0.000,0.000,0.000,0.000,0.000,0.000,0.000,-51.141,34.556,0.000,0.000,0.000,0.019,4.8,11.30,29.0,0.000,0.000,0.000,0.000,0.000,0.000,0.006,0.000,0.000,0.000,0.000,0.000,0.000,0.019,0.000,0.000,0.006,0.006
122.9061,1229,0,move,-1,122.9061,122.9151,0,0.000,-0.088,0.176,-0.176,-0.088,0.088,-0.264,-0.088,0.176,0.000,-0.176,-0.088,-0.088,-50.713,34.541,0.000,0.439,0.176,0.000,0.000,0.000,0.000,0.000,0.000,0.000,0.000,0.000,0.000,0.000,0.000,0.000,-51.141,34.556,0.000,0.000,0.000,0.019,4.8,11.30,29.0,0.000,0.000,0.000,0.000,0.000,0.000,0.006,0.000,0.000,0.000,0.000,0.000,0.000,0.019,0.000,0.000,0.006,0.006
123.0095,1230,0,move,-1,123.0095,123.0193,0,0.000,-0.088,0.176,-0.176,-0.088,0.088,-0.264,-0.088,0.176,0.000,-0.176,-0.088,-0.088,-50.713,34.541,0.000,0.439,0.176,0.000,0.000,0.000,0.000,0.000,0.000,0.000,0.000,0.000,0.000,0.000,0.000,0.000,-51.141,34.556,0.000,0.000,0.000,0.019,4.8,11.30,29.0,0.000,0.000,0.000,0.000,0.000,0.000,0.006,0.000,0.000,0.000,0.000,0.000,0.000,0.019,0.000,0.000,0.006,0.000
123.1063,1231,0,move,-1,123.1063,123.1185,0,0.000,-0.088,0.176,-0.176,-0.088,0.088,-0.264,-0.088,0.176,0.000,-0.176,-0.088,-0.088,-50.713,34.541,0.000,0.439,0.176,0.000,0.000,0.000,0.000,0.000,0.000,0.000,0.000,0.000,0.000,0.000,0.000,0.000,-51.141,34.556,0.000,0.000,0.000,0.019,4.8,11.30,29.0,0.000,0.000,0.000,0.000,0.000,0.000,0.006,0.000,0.000,0.000,0.000,0.000,0.000,0.019,0.000,0.000,0.006,0.000
123.2063,1232,0,move,-1,123.2063,123.2151,0,0.000,-0.088,0.176,-0.176,-0.088,0.088,-0.264,-0.088,0.176,0.000,-0.176,-0.088,-0.088,-50.713,34.541,0.000,0.439,0.176,0.000,0.000,0.000,0.000,0.000,0.000,0.000,0.000,0.000,0.000,0.000,0.000,0.000,-51.141,34.556,0.000,0.000,0.000,0.013,4.8,11.30,29.0,0.000,0.000,0.000,0.000,0.000,0.000,0.000,0.000,0.000,0.000,0.000,0.000,0.000,0.013,0.000,0.000,0.006,0.000
123.3078,1233,0,move,-1,123.3078,123.3185,0,0.000,-0.088,0.176,-0.176,-0.088,0.088,-0.264,-0.088,0.176,0.000,-0.176,-0.088,-0.088,-50.713,34.541,0.000,0.439,0.176,0.000,0.000,0.000,0.000,0.000,0.000,0.000,0.000,0.000,0.000,0.000,0.000,0.000,-51.141,34.556,0.000,0.000,0.000,0.013,4.8,11.30,29.0,0.000,0.006,0.000,0.000,0.000,0.000,0.000,0.000,0.000,0.000,0.000,0.000,0.000,0.013,0.000,0.000,0.006,0.006
123.4062,1234,0,move,-1,123.4062,123.4172,0,0.000,-0.088,0.176,-0.176,-0.088,0.088,-0.264,-0.088,0.176,0.000,-0.176,-0.088,-0.088,-50.713,34.541,0.000,0.439,0.176,0.000,0.000,0.000,0.000,0.000,0.000,0.000,0.000,0.000,0.000,0.000,0.000,0.000,-51.141,34.556,0.000,0.000,0.000,0.013,4.8,11.30,29.0,0.000,0.006,0.000,0.000,0.000,0.000,0.000,0.000,0.000,0.000,0.000,0.000,0.000,0.013,0.000,0.000,0.006,0.006
123.5061,1235,0,move,-1,123.5061,123.5190,0,0.000,-0.088,0.176,-0.176,-0.088,0.088,-0.264,-0.088,0.176,0.000,-0.176,-0.088,-0.088,-50.713,34.541,0.000,0.439,0.176,0.000,0.000,0.000,0.000,0.000,0.000,0.000,0.000,0.000,0.000,0.000,0.000,0.000,-51.141,34.556,0.000,0.000,0.000,0.019,4.8,11.30,29.0,0.000,0.000,0.000,0.000,0.000,0.000,0.000,0.000,0.006,0.000,0.000,0.000,0.000,0.019,0.000,0.000,0.013,0.006
123.6063,1236,0,move,-1,123.6063,123.6182,0,0.000,-0.088,0.176,-0.176,-0.088,0.088,-0.264,-0.088,0.176,0.000,-0.176,-0.088,-0.088,-50.713,34.541,0.000,0.439,0.176,0.000,0.000,0.000,0.000,0.000,0.000,0.000,0.000,0.000,0.000,0.000,0.000,0.000,-51.141,34.556,0.000,0.000,0.000,0.019,4.8,11.30,29.0,0.000,0.000,0.000,0.000,0.000,0.000,0.000,0.000,0.006,0.000,0.000,0.000,0.000,0.019,0.000,0.000,0.013,0.006
123.7062,1237,0,move,-1,123.7062,123.7134,0,0.000,-0.088,0.176,-0.176,-0.088,0.088,-0.264,-0.088,0.176,0.000,-0.176,-0.088,-0.088,-50.713,34.541,0.000,0.439,0.176,0.000,0.000,0.000,0.000,0.000,0.000,0.000,0.000,0.000,0.000,0.000,0.000,0.000,-51.141,34.556,0.000,0.000,0.000,0.013,4.8,11.30,29.0,0.000,0.000,0.000,0.000,0.000,0.000,0.006,0.000,0.000,0.000,0.006,0.000,0.000,0.013,0.000,0.000,0.013,0.000
123.8061,1238,0,move,-1,123.8061,123.8283,0,0.000,-0.088,0.176,-0.176,-0.088,0.088,-0.264,-0.088,0.176,0.000,-0.176,-0.088,-0.088,-50.713,34.541,0.000,0.439,0.176,0.000,0.000,0.000,0.000,0.000,0.000,0.000,0.000,0.000,0.000,0.000,0.000,0.000,-51.141,34.556,0.000,0.000,0.000,0.013,4.8,11.30,29.0,0.000,0.000,0.000,0.000,0.000,0.000,0.006,0.000,0.000,0.000,0.000,0.000,0.000,0.013,0.000,0.000,0.006,0.000
123.9144,1239,0,move,-1,123.9144,123.9406,0,0.000,-0.088,0.176,-0.176,-0.088,0.088,-0.264,-0.088,0.176,0.000,-0.176,-0.088,-0.088,-50.713,34.541,0.000,0.439,0.176,0.000,0.000,0.000,0.000,0.000,0.000,0.000,0.000,0.000,0.000,0.000,0.000,0.000,-51.141,34.556,0.000,0.000,0.000,0.019,4.8,11.30,29.0,0.000,0.000,0.000,0.006,0.000,0.000,0.006,0.000,0.006,0.000,0.006,0.000,0.000,0.019,0.000,0.000,0.006,0.006
124.0061,1240,0,move,-1,124.0061,124.0195,0,0.000,-0.088,0.176,-0.176,-0.088,0.088,-0.264,-0.088,0.176,0.000,-0.176,-0.088,-0.088,-50.713,34.541,0.000,0.439,0.176,0.000,0.000,0.000,0.000,0.000,0.000,0.000,0.000,0.000,0.000,0.000,0.000,0.000,-51.045,34.512,0.000,0.000,0.000,0.019,4.8,11.30,29.0,0.000,0.000,0.000,0.006,0.000,0.000,0.006,0.000,0.006,0.000,0.006,0.000,0.000,0.019,0.000,0.000,0.006,0.006
124.1062,1241,0,move,-1,124.1062,124.1191,0,0.000,-0.088,0.176,-0.176,-0.088,0.088,-0.264,-0.088,0.176,0.000,-0.176,-0.088,-0.088,-50.713,34.541,0.000,0.439,0.176,0.000,0.000,0.000,0.000,0.000,0.000,0.000,0.000,0.000,0.000,0.000,0.000,0.000,-50.765,34.384,0.000,0.000,0.000,0.000,0.0,11.30,32.0,0.000,0.000,0.000,0.000,0.000,0.000,0.000,0.000,0.000,0.000,0.000,0.000,0.000,0.000,0.000,0.000,0.000,0.000
124.2062,1242,0,move,-1,124.2062,124.2183,0,0.000,-0.088,0.176,-0.176,-0.088,0.088,-0.264,-0.088,0.176,0.000,-0.176,-0.088,-0.088,-50.713,34.541,0.000,0.439,0.176,0.000,0.000,0.000,0.000,0.000,0.000,0.000,0.000,0.000,0.000,0.000,0.000,0.000,-50.327,34.182,0.000,0.000,0.000,0.000,0.0,11.30,32.0,0.000,0.000,0.000,0.000,0.000,0.000,0.000,0.000,0.000,0.000,0.000,0.000,0.000,0.000,0.000,0.000,0.000,0.000
124.3062,1243,0,move,-1,124.3062,124.3195,0,0.000,-0.088,0.176,-0.176,-0.088,0.088,-0.264,-0.088,0.176,0.000,-0.176,-0.088,-0.088,-50.537,34.189,0.000,0.439,0.176,0.000,0.000,0.000,0.000,0.000,0.000,0.000,0.000,0.000,0.000,0.000,0.000,0.000,-49.772,33.924,0.000,0.000,0.000,0.006,3.2,11.30,29.0,0.000,0.000,0.000,0.000,0.000,0.000,0.000,0.000,0.000,0.000,0.000,0.000,0.000,0.000,0.006,0.000,0.006,0.000
124.4061,1244,0,move,-1,124.4061,124.4176,0,0.000,-0.088,0.176,-0.176,-0.088,0.088,-0.264,-0.088,0.176,0.000,-0.176,-0.088,-0.088,-50.186,34.014,0.000,0.439,0.176,0.000,0.000,0.000,0.000,0.000,0.000,0.000,0.000,0.000,0.000,0.000,0.000,0.000,-49.154,33.634,0.000,0.000,0.000,0.006,3.2,11.30,29.0,0.000,0.000,0.000,0.000,0.000,0.000,0.000,0.000,0.000,0.000,0.000,0.000,0.000,0.000,0.006,0.000,0.006,0.000
124.5062,1245,0,move,-1,124.5062,124.5161,0,0.000,-0.088,0.176,-0.176,-0.088,0.088,-0.264,-0.088,0.176,0.000,-0.176,-0.088,-0.088,-49.482,33.662,0.000,0.439,0.176,0.000,0.000,0.000,0.000,0.000,0.000,0.000,0.000,0.000,0.000,0.000,0.000,0.000,-48.535,33.340,0.000,0.000,0.000,0.013,4.0,11.30,29.0,0.000,0.000,0.006,0.006,0.000,0.000,0.006,0.000,0.000,0.000,0.000,0.000,0.000,0.000,0.013,0.000,0.006,0.006
124.6098,1246,0,move,-1,124.6098,124.6382,0,0.000,-0.088,0.176,-0.176,-0.088,0.088,-0.264,-0.088,0.176,0.000,-0.176,-0.088,-0.088,-48.779,33.311,0.000,0.439,0.176,0.000,0.000,0.000,0.000,0.000,0.000,0.000,0.000,0.000,0.000,0.000,0.000,0.000,-47.971,33.071,0.000,0.000,0.000,0.013,3.6,11.30,29.0,0.000,0.000,0.006,0.000,0.000,0.000,0.006,0.000,0.006,0.000,0.000,0.000,0.000,0.013,0.006,0.000,0.013,0.006
124.7068,1247,0,move,-1,124.7068,124.7190,0,0.000,-0.088,0.176,-0.176,-0.088,0.088,-0.264,-0.088,0.176,0.000,-0.176,-0.088,-0.088,-48.252,33.311,0.000,0.439,0.176,0.000,0.000,0.000,0.000,0.000,0.000,0.000,0.000,0.000,0.000,0.000,0.000,0.000,-47.522,32.856,0.000,0.000,0.000,0.013,3.6,11.30,29.0,0.000,0.000,0.006,0.000,0.000,0.000,0.006,0.000,0.006,0.000,0.000,0.000,0.000,0.013,0.006,0.000,0.013,0.006
124.8063,1248,0,move,-1,124.8063,124.8164,0,0.000,-0.088,0.176,-0.176,-0.088,0.088,-0.264,-0.088,0.176,0.000,-0.176,-0.088,-0.088,-47.725,32.959,0.000,0.439,0.176,0.000,0.000,0.000,0.000,0.000,0.000,0.000,0.000,0.000,0.000,0.000,0.000,0.000,-47.233,32.716,0.000,0.000,0.000,0.013,4.4,11.30,29.0,0.000,0.000,0.000,0.006,0.000,0.000,0.006,0.000,0.000,0.000,0.000,0.000,0.000,0.006,0.013,0.000,0.006,0.000
124.9128,1249,0,move,-1,124.9128,124.9494,0,0.000,-0.088,0.176,-0.176,-0.088,0.088,-0.264,-0.088,0.176,0.000,-0.176,-0.088,-0.088,-47.285,32.607,0.000,0.439,0.176,0.000,0.000,0.000,0.000,0.000,0.000,0.000,0.000,0.000,0.000,0.000,0.000,0.000,-47.133,32.667,0.000,0.000,0.000,0.013,4.8,11.30,31.0,0.000,0.000,0.000,0.000,0.000,0.000,0.006,0.000,0.006,0.000,0.000,0.000,0.000,0.006,0.000,0.000,0.013,0.000
125.0061,1250,0,move,-1,125.0061,125.0175,0,0.000,-0.088,0.176,-0.176,-0.088,0.088,-0.264,-0.088,0.176,0.000,-0.176,-0.088,-0.088,-47.197,32.607,0.000,0.439,0.176,0.000,0.000,0.000,0.000,0.000,0.000,0.000,0.000,0.000,0.000,0.000,0.000,0.000,-47.133,32.667,0.000,0.000,0.000,0.013,4.8,11.30,31.0,0.000,0.000,0.000,0.000,0.000,0.000,0.006,0.000,0.006,0.000,0.000,0.000,0.000,0.006,0.000,0.000,0.013,0.000
125.1061,1251,0,move,-1,125.1061,125.1190,0,0.000,-0.088,0.176,-0.176,-0.088,0.088,-0.264,-0.088,0.176,0.000,-0.176,-0.088,-0.088,-47.197,32.607,0.000,0.439,0.176,0.000,0.000,0.000,0.000,0.000,0.000,0.000,0.000,0.000,0.000,0.000,0.000,0.000,-47.133,32.667,0.000,0.000,0.000,0.006,2.4,11.30,32.0,0.000,0.000,0.000,0.006,0.000,0.000,0.006,0.000,0.000,0.000,0.000,0.000,0.000,0.000,0.000,0.000,0.006,0.000
125.2063,1252,0,move,-1,125.2063,125.2174,0,0.000,-0.088,0.176,-0.176,-0.088,0.088,-0.264,-0.088,0.176,0.000,-0.176,-0.088,-0.088,-47.197,32.607,0.000,0.439,0.176,0.000,0.000,0.000,0.000,0.000,0.000,0.000,0.000,0.000,0.000,0.000,0.000,0.000,-47.133,32.667,0.000,0.000,0.000,0.006,2.4,11.30,32.0,0.000,0.000,0.000,0.006,0.000,0.000,0.006,0.000,0.000,0.000,0.000,0.000,0.000,0.000,0.000,0.000,0.006,0.000
125.3063,1253,0,move,-1,125.3063,125.3174,0,0.000,-0.088,0.176,-0.176,-0.088,0.088,-0.264,-0.088,0.176,0.000,-0.176,-0.088,-0.088,-47.197,32.607,0.000,0.439,0.176,0.000,0.000,0.000,0.000,0.000,0.000,0.000,0.000,0.000,0.000,0.000,0.000,0.000,-47.133,32.667,0.000,0.000,0.000,0.006,2.4,11.30,32.0,0.000,0.000,0.000,0.006,0.000,0.000,0.006,0.000,0.000,0.000,0.000,0.000,0.000,0.000,0.000,0.000,0.006,0.000
125.4063,1254,0,move,-1,125.4063,125.4172,0,0.000,-0.088,0.176,-0.176,-0.088,0.088,-0.264,-0.088,0.176,0.000,-0.176,-0.088,-0.088,-47.197,32.607,0.000,0.439,0.176,0.000,0.000,0.000,0.000,0.000,0.000,0.000,0.000,0.000,0.000,0.000,0.000,0.000,-47.133,32.667,0.000,0.000,0.000,0.006,2.4,11.30,32.0,0.000,0.000,0.000,0.006,0.000,0.000,0.006,0.000,0.000,0.000,0.000,0.000,0.000,0.000,0.000,0.000,0.006,0.000
125.5061,1255,0,move,-1,125.5061,125.5178,0,0.000,-0.088,0.176,-0.176,-0.088,0.088,-0.264,-0.088,0.176,0.000,-0.176,-0.088,-0.088,-47.197,32.607,0.000,0.439,0.176,0.000,0.000,0.000,0.000,0.000,0.000,0.000,0.000,0.000,0.000,0.000,0.000,0.000,-47.133,32.667,0.000,0.000,0.000,0.006,3.2,11.30,32.0,0.000,0.000,0.000,0.000,0.000,0.000,0.006,0.000,0.000,0.000,0.000,0.000,0.000,0.000,0.000,0.000,0.006,0.000
125.6064,1256,0,move,-1,125.6064,125.6173,0,0.000,-0.088,0.176,-0.176,-0.088,0.088,-0.264,-0.088,0.176,0.000,-0.176,-0.088,-0.088,-47.197,32.607,0.000,0.439,0.176,0.000,0.000,0.000,0.000,0.000,0.000,0.000,0.000,0.000,0.000,0.000,0.000,0.000,-47.133,32.667,0.000,0.000,0.000,0.006,3.2,11.30,32.0,0.000,0.000,0.000,0.000,0.000,0.000,0.006,0.000,0.000,0.000,0.000,0.000,0.000,0.000,0.000,0.000,0.006,0.000
125.7068,1257,0,move,-1,125.7068,125.7302,0,0.000,-0.088,0.176,-0.176,-0.088,0.088,-0.264,-0.088,0.176,0.000,-0.176,-0.088,-0.088,-47.197,32.607,0.000,0.439,0.176,0.000,0.000,0.000,0.000,0.000,0.000,0.000,0.000,0.000,0.000,0.000,0.000,0.000,-47.133,32.667,0.000,0.000,0.000,0.006,2.4,11.30,32.0,0.000,0.000,0.006,0.000,0.000,0.000,0.006,0.000,0.006,0.000,0.000,0.000,0.000,0.000,0.000,0.000,0.006,0.000
125.8064,1258,0,move,-1,125.8064,125.8185,0,0.000,-0.088,0.176,-0.176,-0.088,0.088,-0.264,-0.088,0.176,0.000,-0.176,-0.088,-0.088,-47.197,32.607,0.000,0.439,0.176,0.000,0.000,0.000,0.000,0.000,0.000,0.000,0.000,0.000,0.000,0.000,0.000,0.000,-47.133,32.667,0.000,0.000,0.000,0.006,2.4,11.30,32.0,0.000,0.000,0.006,0.000,0.000,0.000,0.006,0.000,0.006,0.000,0.000,0.000,0.000,0.000,0.000,0.000,0.006,0.000
125.9063,1259,0,move,-1,125.9063,125.9165,0,0.000,-0.088,0.176,-0.176,-0.088,0.088,-0.264,-0.088,0.176,0.000,-0.176,-0.088,-0.088,-47.197,32.607,0.000,0.439,0.176,0.000,0.000,0.000,0.000,0.000,0.000,0.000,0.000,0.000,0.000,0.000,0.000,0.000,-47.133,32.667,0.000,0.000,0.000,0.013,4.8,11.30,31.0,0.000,0.000,0.000,0.000,0.000,0.000,0.006,0.000,0.000,0.000,0.000,0.000,0.000,0.000,0.000,0.000,0.013,0.000
126.0063,1260,0,move,-1,126.0063,126.0177,0,0.000,-0.088,0.176,-0.176,-0.088,0.088,-0.264,-0.088,0.176,0.000,-0.176,-0.088,-0.088,-47.197,32.607,0.000,0.439,0.176,0.000,0.000,0.000,0.000,0.000,0.000,0.000,0.000,0.000,0.000,0.000,0.000,0.000,-47.133,32.667,0.000,0.000,0.000,0.006,2.4,11.30,32.0,0.000,0.000,0.000,0.006,0.000,0.000,0.006,0.000,0.006,0.000,0.000,0.000,0.000,0.000,0.000,0.000,0.006,0.000
126.1063,1261,0,move,-1,126.1063,126.1171,0,0.000,-0.088,0.176,-0.176,-0.088,0.088,-0.264,-0.088,0.176,0.000,-0.176,-0.088,-0.088,-47.197,32.607,0.000,0.439,0.176,0.000,0.000,0.000,0.000,0.000,0.000,0.000,0.000,0.000,0.000,0.000,0.000,0.000,-47.133,32.667,0.000,0.000,0.000,0.006,2.4,11.30,32.0,0.000,0.000,0.000,0.006,0.000,0.000,0.006,0.000,0.006,0.000,0.000,0.000,0.000,0.000,0.000,0.000,0.006,0.000
126.2063,1262,0,move,-1,126.2063,126.2173,0,0.000,-0.088,0.176,-0.176,-0.088,0.088,-0.264,-0.088,0.176,0.000,-0.176,-0.088,-0.088,-47.197,32.607,0.000,0.439,0.176,0.000,0.000,0.000,0.000,0.000,0.000,0.000,0.000,0.000,0.000,0.000,0.000,0.000,-47.133,32.667,0.000,0.000,0.000,0.006,2.4,11.30,32.0,0.000,0.000,0.006,0.000,0.000,0.000,0.006,0.000,0.000,0.000,0.000,0.000,0.000,0.000,0.000,0.000,0.006,0.000
126.3063,1263,0,move,-1,126.3063,126.3185,0,0.000,-0.088,0.176,-0.176,-0.088,0.088,-0.264,-0.088,0.176,0.000,-0.176,-0.088,-0.088,-47.197,32.607,0.000,0.439,0.176,0.000,0.000,0.000,0.000,0.000,0.000,0.000,0.000,0.000,0.000,0.000,0.000,0.000,-47.133,32.667,0.000,0.000,0.000,0.006,3.2,11.30,32.0,0.000,0.000,0.000,0.000,0.000,0.000,0.006,0.000,0.000,0.000,0.006,0.000,0.000,0.000,0.000,0.000,0.006,0.006
126.4063,1264,0,move,-1,126.4063,126.4182,0,0.000,-0.088,0.176,-0.176,-0.088,0.088,-0.264,-0.088,0.176,0.000,-0.176,-0.088,-0.088,-47.197,32.607,0.000,0.439,0.176,0.000,0.000,0.000,0.000,0.000,0.000,0.000,0.000,0.000,0.000,0.000,0.000,0.000,-47.133,32.667,0.000,0.000,0.000,0.006,3.2,11.30,32.0,0.000,0.000,0.000,0.000,0.000,0.000,0.006,0.000,0.000,0.000,0.006,0.000,0.000,0.000,0.000,0.000,0.006,0.006
126.5096,1265,0,move,-1,126.5096,126.5450,0,0.000,-0.088,0.176,-0.176,-0.088,0.088,-0.264,-0.088,0.176,0.000,-0.176,-0.088,-0.088,-47.197,32.607,0.000,0.439,0.176,0.000,0.000,0.000,0.000,0.000,0.000,0.000,0.000,0.000,0.000,0.000,0.000,0.000,-47.133,32.667,0.000,0.000,0.000,0.013,4.8,11.30,31.0,0.000,0.000,0.000,0.006,0.000,0.000,0.000,0.000,0.000,0.000,0.000,0.000,0.000,0.000,0.000,0.000,0.013,0.000
126.6063,1266,0,move,-1,126.6063,126.6239,0,0.000,-0.088,0.176,-0.176,-0.088,0.088,-0.264,-0.088,0.176,0.000,-0.176,-0.088,-0.088,-47.197,32.607,0.000,0.439,0.176,0.000,0.000,0.000,0.000,0.000,0.000,0.000,0.000,0.000,0.000,0.000,0.000,0.000,-47.133,32.667,0.000,0.000,0.000,0.013,4.8,11.30,31.0,0.000,0.000,0.000,0.006,0.000,0.000,0.000,0.000,0.000,0.000,0.000,0.000,0.000,0.000,0.000,0.000,0.013,0.000
126.7061,1267,0,move,-1,126.7061,126.7168,0,0.000,-0.088,0.176,-0.176,-0.088,0.088,-0.264,-0.088,0.176,0.000,-0.176,-0.088,-0.088,-47.197,32.607,0.000,0.439,0.176,0.000,0.000,0.000,0.000,0.000,0.000,0.000,0.000,0.000,0.000,0.000,0.000,0.000,-47.133,32.667,0.000,0.000,0.000,0.006,2.4,11.30,32.0,0.000,0.000,0.000,0.006,0.000,0.000,0.006,0.000,0.000,0.000,0.006,0.000,0.000,0.000,0.000,0.000,0.006,0.006
126.8207,1268,0,move,-1,126.8207,126.8511,0,0.000,-0.088,0.176,-0.176,-0.088,0.088,-0.264,-0.088,0.176,0.000,-0.176,-0.088,-0.088,-47.197,32.607,0.000,0.439,0.176,0.000,0.000,0.000,0.000,0.000,0.000,0.000,0.000,0.000,0.000,0.000,0.000,0.000,-47.133,32.667,0.000,0.000,0.000,0.006,3.2,11.30,32.0,0.000,0.000,0.000,0.000,0.000,0.000,0.006,0.000,0.006,0.000,0.000,0.000,0.000,0.000,0.000,0.000,0.006,0.000
126.9063,1269,0,move,-1,126.9063,126.9182,0,0.000,-0.088,0.176,-0.176,-0.088,0.088,-0.264,-0.088,0.176,0.000,-0.176,-0.088,-0.088,-47.197,32.607,0.000,0.439,0.176,0.000,0.000,0.000,0.000,0.000,0.000,0.000,0.000,0.000,0.000,0.000,0.000,0.000,-47.133,32.667,0.000,0.000,0.000,0.006,3.2,11.30,32.0,0.000,0.000,0.000,0.000,0.000,0.000,0.006,0.000,0.006,0.000,0.000,0.000,0.000,0.000,0.000,0.000,0.006,0.000
127.0063,1270,0,move,-1,127.0063,127.0181,0,0.000,-0.088,0.176,-0.176,-0.088,0.088,-0.264,-0.088,0.176,0.000,-0.176,-0.088,-0.088,-47.197,32.607,0.000,0.439,0.176,0.000,0.000,0.000,0.000,0.000,0.000,0.000,0.000,0.000,0.000,0.000,0.000,0.000,-47.133,32.667,0.000,0.000,0.000,0.006,4.8,11.30,31.0,0.000,0.000,0.000,0.000,0.000,0.000,0.000,0.000,0.000,0.000,0.000,0.000,0.000,0.000,0.000,0.000,0.006,0.006
127.1061,1271,0,move,-1,127.1061,127.1129,0,0.000,-0.088,0.176,-0.176,-0.088,0.088,-0.264,-0.088,0.176,0.000,-0.176,-0.088,-0.088,-47.197,32.607,0.000,0.439,0.176,0.000,0.000,0.000,0.000,0.000,0.000,0.000,0.000,0.000,0.000,0.000,0.000,0.000,-47.133,32.667,0.000,0.000,0.000,0.006,4.8,11.30,31.0,0.000,0.000,0.000,0.000,0.000,0.000,0.000,0.000,0.000,0.000,0.000,0.000,0.000,0.000,0.000,0.000,0.006,0.006
127.2061,1272,0,move,-1,127.2061,127.2163,0,0.000,-0.088,0.176,-0.176,-0.088,0.088,-0.264,-0.088,0.176,0.000,-0.176,-0.088,-0.088,-47.197,32.607,0.000,0.439,0.176,0.000,0.000,0.000,0.000,0.000,0.000,0.000,0.000,0.000,0.000,0.000,0.000,0.000,-47.133,32.667,0.000,0.000,0.000,0.013,4.8,11.30,31.0,0.000,0.000,0.000,0.000,0.000,0.000,0.006,0.000,0.000,0.000,0.006,0.000,0.000,0.000,0.000,0.000,0.013,0.000
127.3061,1273,0,move,-1,127.3061,127.3168,0,0.000,-0.088,0.176,-0.176,-0.088,0.088,-0.264,-0.088,0.176,0.000,-0.176,-0.088,-0.088,-47.197,32.607,0.000,0.439,0.176,0.000,0.000,0.000,0.000,0.000,0.000,0.000,0.000,0.000,0.000,0.000,0.000,0.000,-47.133,32.667,0.000,0.000,0.000,0.013,4.8,11.30,31.0,0.000,0.000,0.000,0.006,0.000,0.000,0.000,0.000,0.000,0.000,0.000,0.000,0.000,0.000,0.000,0.000,0.013,0.006
127.4063,1274,0,move,-1,127.4063,127.4193,0,0.000,-0.088,0.176,-0.176,-0.088,0.088,-0.264,-0.088,0.176,0.000,-0.176,-0.088,-0.088,-47.197,32.607,0.000,0.439,0.176,0.000,0.000,0.000,0.000,0.000,0.000,0.000,0.000,0.000,0.000,0.000,0.000,0.000,-47.133,32.667,0.000,0.000,0.000,0.006,3.2,11.30,32.0,0.000,0.000,0.000,0.000,0.000,0.000,0.006,0.000,0.000,0.000,0.000,0.000,0.000,0.000,0.000,0.000,0.006,0.006
127.5061,1275,0,move,-1,127.5061,127.5170,0,0.000,-0.088,0.176,-0.176,-0.088,0.088,-0.264,-0.088,0.176,0.000,-0.176,-0.088,-0.088,-47.197,32.607,0.000,0.439,0.176,0.000,0.000,0.000,0.000,0.000,0.000,0.000,0.000,0.000,0.000,0.000,0.000,0.000,-47.133,32.667,0.000,0.000,0.000,0.006,3.2,11.30,32.0,0.000,0.000,0.000,0.000,0.000,0.000,0.006,0.000,0.000,0.000,0.000,0.000,0.000,0.000,0.000,0.000,0.006,0.006
127.6061,1276,0,move,-1,127.6061,127.6206,0,0.000,-0.088,0.176,-0.176,-0.088,0.088,-0.264,-0.088,0.176,0.000,-0.176,-0.088,-0.088,-47.197,32.607,0.000,0.439,0.176,0.000,0.000,0.000,0.000,0.000,0.000,0.000,0.000,0.000,0.000,0.000,0.000,0.000,-47.133,32.667,0.000,0.000,0.000,0.013,4.8,11.30,31.0,0.000,0.000,0.000,0.006,0.000,0.000,0.000,0.000,0.000,0.000,0.000,0.000,0.000,0.000,0.000,0.000,0.013,0.006
127.7061,1277,0,move,-1,127.7061,127.7176,0,0.000,-0.088,0.176,-0.176,-0.088,0.088,-0.264,-0.088,0.176,0.000,-0.176,-0.088,-0.088,-47.197,32.607,0.000,0.439,0.176,0.000,0.000,0.000,0.000,0.000,0.000,0.000,0.000,0.000,0.000,0.000,0.000,0.000,-47.133,32.667,0.000,0.000,0.000,0.013,4.8,11.30,31.0,0.000,0.000,0.000,0.006,0.000,0.000,0.000,0.000,0.000,0.000,0.000,0.000,0.000,0.000,0.000,0.000,0.013,0.006
127.8062,1278,0,move,-1,127.8062,127.8195,0,0.000,-0.088,0.176,-0.176,-0.088,0.088,-0.264,-0.088,0.176,0.000,-0.176,-0.088,-0.088,-47.197,32.607,0.000,0.439,0.176,0.000,0.000,0.000,0.000,0.000,0.000,0.000,0.000,0.000,0.000,0.000,0.000,0.000,-47.133,32.667,0.000,0.000,0.000,0.006,2.4,11.30,32.0,0.000,0.000,0.006,0.006,0.000,0.000,0.000,0.000,0.000,0.000,0.000,0.000,0.000,0.000,0.000,0.000,0.006,0.006
127.9061,1279,0,move,-1,127.9061,127.9170,0,0.000,-0.088,0.176,-0.176,-0.088,0.088,-0.264,-0.088,0.176,0.000,-0.176,-0.088,-0.088,-47.197,32.607,0.000,0.439,0.176,0.000,0.000,0.000,0.000,0.000,0.000,0.000,0.000,0.000,0.000,0.000,0.000,0.000,-47.133,32.667,0.000,0.000,0.000,0.006,2.4,11.30,32.0,0.000,0.000,0.006,0.006,0.000,0.000,0.000,0.000,0.000,0.000,0.000,0.000,0.000,0.000,0.000,0.000,0.006,0.006
128.0061,1280,0,move,-1,128.0061,128.0174,0,0.000,-0.088,0.176,-0.176,-0.088,0.088,-0.264,-0.088,0.176,0.000,-0.176,-0.088,-0.088,-47.197,32.607,0.000,0.439,0.176,0.000,0.000,0.000,0.000,0.000,0.000,0.000,0.000,0.000,0.000,0.000,0.000,0.000,-47.033,32.619,0.000,0.000,0.000,0.006,3.2,11.30,32.0,0.000,0.000,0.000,0.000,0.000,0.000,0.006,0.000,0.000,0.000,0.000,0.000,0.000,0.000,0.000,0.000,0.006,0.000
128.1061,1281,0,move,-1,128.1061,128.1137,0,0.000,-0.088,0.176,-0.176,-0.088,0.088,-0.264,-0.088,0.176,0.000,-0.176,-0.088,-0.088,-47.197,32.607,0.000,0.439,0.176,0.000,0.000,0.000,0.000,0.000,0.000,0.000,0.000,0.000,0.000,0.000,0.000,0.000,-46.742,32.477,0.000,0.000,0.000,0.006,3.2,11.30,32.0,0.000,0.000,0.000,0.000,0.000,0.000,0.006,0.000,0.000,0.000,0.000,0.000,0.000,0.000,0.000,0.000,0.006,0.000
128.2061,1282,0,move,-1,128.2061,128.2180,0,0.000,-0.088,0.176,-0.176,-0.088,0.088,-0.264,-0.088,0.176,0.000,-0.176,-0.088,-0.088,-46.846,32.607,0.000,0.439,0.176,0.000,0.000,0.000,0.000,0.000,0.000,0.000,0.000,0.000,0.000,0.000,0.000,0.000,-46.288,32.255,0.000,0.000,0.000,0.013,4.4,11.30,29.0,0.000,0.000,0.000,0.006,0.000,0.000,0.006,0.000,0.000,0.000,0.006,0.000,0.000,0.013,0.000,0.000,0.006,0.000
128.3061,1283,0,move,-1,128.3061,128.3165,0,0.000,-0.088,0.176,-0.176,-0.088,0.088,-0.264,-0.088,0.176,0.000,-0.176,-0.088,-0.088,-46.494,32.256,0.000,0.439,0.176,0.000,0.000,0.000,0.000,0.000,0.000,0.000,0.000,0.000,0.000,0.000,0.000,0.000,-45.712,31.972,0.000,0.000,0.000,0.013,4.4,11.30,29.0,0.000,0.000,0.000,0.006,0.000,0.000,0.006,0.000,0.000,0.000,0.006,0.000,0.000,0.013,0.000,0.000,0.006,0.000
128.4077,1284,0,move,-1,128.4077,128.4337,0,0.000,-0.088,0.176,-0.176,-0.088,0.088,-0.264,-0.088,0.176,0.000,-0.176,-0.088,-0.088,-45.967,31.992,0.000,0.439,0.176,0.000,0.000,0.000,0.000,0.000,0.000,0.000,0.000,0.000,0.000,0.000,0.000,0.000,-45.069,31.653,0.000,0.000,0.000,0.006,3.2,11.30,32.0,0.000,0.000,0.000,0.000,0.000,0.000,0.006,0.000,0.000,0.000,0.000,0.000,0.000,0.006,0.000,0.000,0.006,0.006
128.5104,1285,0,move,-1,128.5104,128.5483,0,0.000,-0.088,0.176,-0.176,-0.088,0.088,-0.264,-0.088,0.176,0.000,-0.176,-0.088,-0.088,-45.439,31.729,0.000,0.439,0.176,0.000,0.000,0.000,0.000,0.000,0.000,0.000,0.000,0.000,0.000,0.000,0.000,0.000,-44.421,31.329,0.000,0.000,0.000,0.013,4.4,11.30,29.0,0.000,0.000,0.000,0.006,0.000,0.000,0.006,0.000,0.000,0.000,0.006,0.000,0.000,0.013,0.013,0.000,0.006,0.006
128.6069,1286,0,move,-1,128.6069,128.6282,0,0.000,-0.088,0.176,-0.176,-0.088,0.088,-0.264,-0.088,0.176,0.000,-0.176,-0.088,-0.088,-44.736,31.377,0.000,0.439,0.176,0.000,0.000,0.000,0.000,0.000,0.000,0.000,0.000,0.000,0.000,0.000,0.000,0.000,-43.833,31.033,0.000,0.000,0.000,0.013,4.4,11.30,29.0,0.000,0.000,0.000,0.006,0.000,0.000,0.006,0.000,0.000,0.000,0.006,0.000,0.000,0.013,0.013,0.000,0.006,0.006
128.7062,1287,0,move,-1,128.7062,128.7157,0,0.000,-0.088,0.176,-0.176,-0.088,0.088,-0.264,-0.088,0.176,0.000,-0.176,-0.088,-0.088,-44.209,31.113,0.000,0.439,0.176,0.000,0.000,0.000,0.000,0.000,0.000,0.000,0.000,0.000,0.000,0.000,0.000,0.000,-43.362,30.795,0.000,0.000,0.000,0.006,3.2,11.30,32.0,0.000,0.000,0.000,0.000,0.000,0.000,0.006,0.000,0.000,0.000,0.006,0.000,0.000,0.006,0.000,0.000,0.006,0.000
128.8061,1288,0,move,-1,128.8061,128.8179,0,0.000,-0.088,0.176,-0.176,-0.088,0.088,-0.264,-0.088,0.176,0.000,-0.176,-0.088,-0.088,-43.594,30.762,0.000,0.439,0.176,0.000,0.000,0.000,0.000,0.000,0.000,0.000,0.000,0.000,0.000,0.000,0.000,0.000,-43.059,30.640,0.000,0.000,0.000,0.013,3.6,11.30,29.0,0.000,0.000,0.000,0.006,0.000,0.000,0.000,0.000,0.000,0.000,0.000,0.000,0.000,0.013,0.000,0.000,0.006,0.006
128.9061,1289,0,move,-1,128.9061,128.9161,0,0.000,-0.088,0.176,-0.176,-0.088,0.088,-0.264,-0.088,0.176,0.000,-0.176,-0.088,-0.088,-43.154,30.762,0.000,0.439,0.176,0.000,0.000,0.000,0.000,0.000,0.000,0.000,0.000,0.000,0.000,0.000,0.000,0.000,-42.955,30.587,0.000,0.000,0.000,0.013,3.6,11.30,29.0,0.000,0.000,0.000,0.006,0.000,0.000,0.000,0.000,0.000,0.000,0.000,0.000,0.000,0.013,0.000,0.000,0.006,0.006
129.0061,1290,0,move,-1,129.0061,129.0209,0,0.000,-0.088,0.176,-0.176,-0.088,0.088,-0.264,-0.088,0.176,0.000,-0.176,-0.088,-0.088,-43.066,30.762,0.000,0.439,0.176,0.000,0.000,0.000,0.000,0.000,0.000,0.000,0.000,0.000,0.000,0.000,0.000,0.000,-42.955,30.587,0.000,0.000,0.000,0.006,2.4,11.30,29.0,0.000,0.000,0.000,0.000,0.000,0.000,0.000,0.000,0.000,0.000,0.000,0.000,0.000,0.000,0.006,0.000,0.006,0.006
129.1063,1291,0,move,-1,129.1063,129.1174,0,0.000,-0.088,0.176,-0.176,-0.088,0.088,-0.264,-0.088,0.176,0.000,-0.176,-0.088,-0.088,-43.066,30.762,0.000,0.439,0.176,0.000,0.000,0.000,0.000,0.000,0.000,0.000,0.000,0.000,0.000,0.000,0.000,0.000,-42.955,30.587,0.000,0.000,0.000,0.006,2.4,11.30,29.0,0.000,0.000,0.000,0.000,0.000,0.000,0.000,0.000,0.000,0.000,0.000,0.000,0.000,0.000,0.006,0.000,0.006,0.006
129.2063,1292,0,move,-1,129.2063,129.2194,0,0.000,-0.088,0.176,-0.176,-0.088,0.088,-0.264,-0.088,0.176,0.000,-0.176,-0.088,-0.088,-43.066,30.762,0.000,0.439,0.176,0.000,0.000,0.000,0.000,0.000,0.000,0.000,0.000,0.000,0.000,0.000,0.000,0.000,-42.955,30.587,0.000,0.000,0.000,0.013,4.8,11.30,31.0,0.000,0.000,0.000,0.000,0.000,0.000,0.000,0.000,0.000,0.000,0.000,0.000,0.000,0.000,0.006,0.000,0.013,0.006
129.3061,1293,0,move,-1,129.3061,129.3164,0,0.000,-0.088,0.176,-0.176,-0.088,0.088,-0.264,-0.088,0.176,0.000,-0.176,-0.088,-0.088,-43.066,30.762,0.000,0.439,0.176,0.000,0.000,0.000,0.000,0.000,0.000,0.000,0.000,0.000,0.000,0.000,0.000,0.000,-42.955,30.587,0.000,0.000,0.000,0.013,4.8,11.30,31.0,0.000,0.000,0.000,0.000,0.000,0.000,0.000,0.000,0.000,0.000,0.000,0.000,0.000,0.000,0.006,0.000,0.013,0.006
129.4063,1294,0,move,-1,129.4063,129.4175,0,0.000,-0.088,0.176,-0.176,-0.088,0.088,-0.264,-0.088,0.176,0.000,-0.176,-0.088,-0.088,-43.066,30.762,0.000,0.439,0.176,0.000,0.000,0.000,0.000,0.000,0.000,0.000,0.000,0.000,0.000,0.000,0.000,0.000,-42.955,30.587,0.000,0.000,0.000,0.013,2.4,11.30,29.0,0.000,0.000,0.000,0.006,0.000,0.000,0.000,0.000,0.000,0.000,0.000,0.000,0.000,0.000,0.013,0.000,0.006,0.006
129.5063,1295,0,move,-1,129.5063,129.5194,0,0.000,-0.088,0.176,-0.176,-0.088,0.088,-0.264,-0.088,0.176,0.000,-0.176,-0.088,-0.088,-43.066,30.762,0.000,0.439,0.176,0.000,0.000,0.000,0.000,0.000,0.000,0.000,0.000,0.000,0.000,0.000,0.000,0.000,-42.955,30.587,0.000,0.000,0.000,0.006,3.2,11.30,32.0,0.000,0.000,0.000,0.000,0.000,0.000,0.006,0.000,0.000,0.000,0.000,0.000,0.000,0.000,0.006,0.000,0.006,0.006
129.6068,1296,0,move,-1,129.6068,129.6190,0,0.000,-0.088,0.176,-0.176,-0.088,0.088,-0.264,-0.088,0.176,0.000,-0.176,-0.088,-0.088,-42.979,30.762,0.000,0.439,0.176,0.000,0.000,0.000,0.000,0.000,0.000,0.000,0.000,0.000,0.000,0.000,0.000,0.000,-42.955,30.587,0.000,0.000,0.000,0.006,3.2,11.30,32.0,0.000,0.000,0.000,0.000,0.000,0.000,0.006,0.000,0.000,0.000,0.000,0.000,0.000,0.000,0.006,0.000,0.006,0.006
129.7063,1297,0,move,-1,129.7063,129.7159,0,0.000,-0.088,0.176,-0.176,-0.088,0.088,-0.264,-0.088,0.176,0.000,-0.176,-0.088,-0.088,-42.979,30.762,0.000,0.439,0.176,0.000,0.000,0.000,0.000,0.000,0.000,0.000,0.000,0.000,0.000,0.000,0.000,0.000,-42.955,30.587,0.000,0.000,0.000,0.006,2.4,11.30,29.0,0.000,0.000,0.000,0.000,0.000,0.000,0.000,0.000,0.000,0.000,0.000,0.000,0.000,0.000,0.006,0.000,0.006,0.000
129.8063,1298,0,move,-1,129.8063,129.8192,0,0.000,-0.088,0.176,-0.176,-0.088,0.088,-0.264,-0.088,0.176,0.000,-0.176,-0.088,-0.088,-42.979,30.762,0.000,0.439,0.176,0.000,0.000,0.000,0.000,0.000,0.000,0.000,0.000,0.000,0.000,0.000,0.000,0.000,-42.955,30.587,0.000,0.000,0.000,0.006,2.4,11.30,32.0,0.000,0.000,0.000,0.006,0.000,0.000,0.000,0.000,0.000,0.000,0.000,0.000,0.000,0.006,0.006,0.000,0.006,0.006
129.9063,1299,0,move,-1,129.9063,129.9173,0,0.000,-0.088,0.176,-0.176,-0.088,0.088,-0.264,-0.088,0.176,0.000,-0.176,-0.088,-0.088,-42.979,30.762,0.000,0.439,0.176,0.000,0.000,0.000,0.000,0.000,0.000,0.000,0.000,0.000,0.000,0.000,0.000,0.000,-42.955,30.587,0.000,0.000,0.000,0.006,2.4,11.30,32.0,0.000,0.000,0.000,0.006,0.000,0.000,0.000,0.000,0.000,0.000,0.000,0.000,0.000,0.006,0.006,0.000,0.006,0.006
130.0063,1300,0,move,-1,130.0063,130.0173,0,0.000,-0.088,0.176,-0.176,-0.088,0.088,-0.264,-0.088,0.176,0.000,-0.176,-0.088,-0.088,-42.979,30.762,0.000,0.439,0.176,0.000,0.000,0.000,0.000,0.000,0.000,0.000,0.000,0.000,0.000,0.000,0.000,0.000,-42.955,30.587,0.000,0.000,0.000,0.006,3.2,11.30,32.0,0.000,0.000,0.000,0.000,0.000,0.000,0.006,0.000,0.000,0.000,0.000,0.000,0.000,0.000,0.006,0.000,0.006,0.006
130.1263,1301,0,move,-1,130.1263,130.2353,0,0.000,-0.088,0.176,-0.176,-0.088,0.088,-0.264,-0.088,0.176,0.000,-0.176,-0.088,-0.088,-42.979,30.762,0.000,0.439,0.176,0.000,0.000,0.000,0.000,0.000,0.000,0.000,0.000,0.000,0.000,0.000,0.000,0.000,-42.955,30.587,0.000,0.000,0.000,0.006,2.4,11.30,32.0,0.000,0.000,0.000,0.006,0.000,0.000,0.000,0.000,0.000,0.000,0.006,0.000,0.000,0.000,0.006,0.000,0.006,0.006
130.2493,1302,0,move,-1,130.2493,130.2569,0,0.000,-0.088,0.176,-0.176,-0.088,0.088,-0.264,-0.088,0.176,0.000,-0.176,-0.088,-0.088,-42.979,30.762,0.000,0.439,0.176,0.000,0.000,0.000,0.000,0.000,0.000,0.000,0.000,0.000,0.000,0.000,0.000,0.000,-42.955,30.587,0.000,0.000,0.000,0.006,2.4,11.30,32.0,0.000,0.000,0.000,0.006,0.000,0.000,0.000,0.000,0.000,0.000,0.006,0.000,0.000,0.000,0.006,0.000,0.006,0.006
130.3061,1303,0,move,-1,130.3061,130.3189,0,0.000,-0.088,0.176,-0.176,-0.088,0.088,-0.264,-0.088,0.176,0.000,-0.176,-0.088,-0.088,-42.979,30.762,0.000,0.439,0.176,0.000,0.000,0.000,0.000,0.000,0.000,0.000,0.000,0.000,0.000,0.000,0.000,0.000,-42.955,30.587,0.000,0.000,0.000,0.006,2.4,11.30,32.0,0.000,0.000,0.000,0.006,0.000,0.000,0.000,0.000,0.000,0.000,0.006,0.000,0.000,0.000,0.006,0.000,0.006,0.006
130.4061,1304,0,move,-1,130.4061,130.4172,0,0.000,-0.088,0.176,-0.176,-0.088,0.088,-0.264,-0.088,0.176,0.000,-0.176,-0.088,-0.088,-42.979,30.762,0.000,0.439,0.176,0.000,0.000,0.000,0.000,0.000,0.000,0.000,0.000,0.000,0.000,0.000,0.000,0.000,-42.955,30.587,0.000,0.000,0.000,0.006,3.2,11.30,32.0,0.000,0.000,0.000,0.000,0.000,0.000,0.006,0.000,0.000,0.000,0.000,0.000,0.000,0.000,0.006,0.000,0.006,0.006
130.5061,1305,0,move,-1,130.5061,130.5187,0,0.000,-0.088,0.176,-0.176,-0.088,0.088,-0.264,-0.088,0.176,0.000,-0.176,-0.088,-0.088,-42.979,30.762,0.000,0.439,0.176,0.000,0.000,0.000,0.000,0.000,0.000,0.000,0.000,0.000,0.000,0.000,0.000,0.000,-42.955,30.587,0.000,0.000,0.000,0.013,4.8,11.30,31.0,0.000,0.000,0.000,0.000,0.000,0.000,0.000,0.000,0.000,0.000,0.006,0.000,0.000,0.000,0.006,0.000,0.013,0.006
130.6063,1306,0,move,-1,130.6063,130.6269,0,0.000,-0.088,0.176,-0.176,-0.088,0.088,-0.264,-0.088,0.176,0.000,-0.176,-0.088,-0.088,-42.979,30.762,0.000,0.439,0.176,0.000,0.000,0.000,0.000,0.000,0.000,0.000,0.000,0.000,0.000,0.000,0.000,0.000,-42.955,30.587,0.000,0.000,0.000,0.013,4.8,11.30,31.0,0.000,0.000,0.000,0.006,0.000,0.000,0.000,0.000,0.000,0.000,0.000,0.000,0.000,0.000,0.006,0.000,0.013,0.000
130.7061,1307,0,move,-1,130.7061,130.7196,0,0.000,-0.088,0.176,-0.176,-0.088,0.088,-0.264,-0.088,0.176,0.000,-0.176,-0.088,-0.088,-42.979,30.762,0.000,0.439,0.176,0.000,0.000,0.000,0.000,0.000,0.000,0.000,0.000,0.000,0.000,0.000,0.000,0.000,-42.955,30.587,0.000,0.000,0.000,0.013,4.8,11.30,31.0,0.000,0.000,0.000,0.006,0.000,0.000,0.000,0.000,0.000,0.000,0.000,0.000,0.000,0.000,0.006,0.000,0.013,0.000
130.8061,1308,0,move,-1,130.8061,130.8158,0,0.000,-0.088,0.176,-0.176,-0.088,0.088,-0.264,-0.088,0.176,0.000,-0.176,-0.088,-0.088,-42.979,30.762,0.000,0.439,0.176,0.000,0.000,0.000,0.000,0.000,0.000,0.000,0.000,0.000,0.000,0.000,0.000,0.000,-42.955,30.587,0.000,0.000,0.000,0.013,4.8,11.30,31.0,0.000,0.000,0.000,0.000,0.000,0.000,0.006,0.000,0.006,0.000,0.000,0.000,0.000,0.000,0.006,0.000,0.013,0.000
130.9137,1309,0,move,-1,130.9137,130.9242,0,0.000,-0.088,0.176,-0.176,-0.088,0.088,-0.264,-0.088,0.176,0.000,-0.176,-0.088,-0.088,-42.979,30.762,0.000,0.439,0.176,0.000,0.000,0.000,0.000,0.000,0.000,0.000,0.000,0.000,0.000,0.000,0.000,0.000,-42.955,30.587,0.000,0.000,0.000,0.006,2.4,11.30,32.0,0.000,0.000,0.000,0.006,0.000,0.000,0.000,0.000,0.000,0.000,0.000,0.000,0.000,0.000,0.006,0.000,0.006,0.000
131.0061,1310,0,move,-1,131.0061,131.0159,0,0.000,-0.088,0.176,-0.176,-0.088,0.088,-0.264,-0.088,0.176,0.000,-0.176,-0.088,-0.088,-42.979,30.762,0.000,0.439,0.176,0.000,0.000,0.000,0.000,0.000,0.000,0.000,0.000,0.000,0.000,0.000,0.000,0.000,-42.955,30.587,0.000,0.000,0.000,0.006,2.4,11.30,32.0,0.000,0.000,0.000,0.006,0.000,0.000,0.000,0.000,0.000,0.000,0.000,0.000,0.000,0.000,0.006,0.000,0.006,0.000
131.1063,1311,0,move,-1,131.1063,131.1179,0,0.000,-0.088,0.176,-0.176,-0.088,0.088,-0.264,-0.088,0.176,0.000,-0.176,-0.088,-0.088,-42.979,30.762,0.000,0.439,0.176,0.000,0.000,0.000,0.000,0.000,0.000,0.000,0.000,0.000,0.000,0.000,0.000,0.000,-42.955,30.587,0.000,0.000,0.000,0.013,4.8,11.30,31.0,0.000,0.000,0.000,0.006,0.000,0.000,0.000,0.000,0.000,0.000,0.006,0.000,0.000,0.000,0.006,0.000,0.013,0.000
131.2061,1312,0,move,-1,131.2061,131.2175,0,0.000,-0.088,0.176,-0.176,-0.088,0.088,-0.264,-0.088,0.176,0.000,-0.176,-0.088,-0.088,-42.979,30.762,0.000,0.439,0.176,0.000,0.000,0.000,0.000,0.000,0.000,0.000,0.000,0.000,0.000,0.000,0.000,0.000,-42.955,30.587,0.000,0.000,0.000,0.013,4.8,11.30,31.0,0.000,0.000,0.000,0.006,0.000,0.000,0.000,0.000,0.000,0.000,0.006,0.000,0.000,0.000,0.006,0.000,0.013,0.000
131.3061,1313,0,move,-1,131.3061,131.3180,0,0.000,-0.088,0.176,-0.176,-0.088,0.088,-0.264,-0.088,0.176,0.000,-0.176,-0.088,-0.088,-42.979,30.762,0.000,0.439,0.176,0.000,0.000,0.000,0.000,0.000,0.000,0.000,0.000,0.000,0.000,0.000,0.000,0.000,-42.955,30.587,0.000,0.000,0.000,0.006,3.2,11.30,32.0,0.000,0.000,0.000,0.000,0.000,0.000,0.006,0.000,0.000,0.000,0.000,0.000,0.000,0.000,0.006,0.000,0.006,0.000
131.4083,1314,0,move,-1,131.4083,131.4643,0,0.000,-0.088,0.176,-0.176,-0.088,0.088,-0.264,-0.088,0.176,0.000,-0.176,-0.088,-0.088,-42.979,30.762,0.000,0.439,0.176,0.000,0.000,0.000,0.000,0.000,0.000,0.000,0.000,0.000,0.000,0.000,0.000,0.000,-42.955,30.587,0.000,0.000,0.000,0.006,2.4,11.30,32.0,0.000,0.000,0.000,0.006,0.000,0.000,0.006,0.000,0.000,0.000,0.000,0.000,0.000,0.000,0.006,0.000,0.006,0.006
131.5063,1315,0,move,-1,131.5063,131.5171,0,0.000,-0.088,0.176,-0.176,-0.088,0.088,-0.264,-0.088,0.176,0.000,-0.176,-0.088,-0.088,-42.979,30.762,0.000,0.439,0.176,0.000,0.000,0.000,0.000,0.000,0.000,0.000,0.000,0.000,0.000,0.000,0.000,0.000,-42.955,30.587,0.000,0.000,0.000,0.006,2.4,11.30,32.0,0.000,0.000,0.000,0.006,0.000,0.000,0.006,0.000,0.000,0.000,0.000,0.000,0.000,0.000,0.006,0.000,0.006,0.006
131.6061,1316,0,move,-1,131.6061,131.6179,0,0.000,-0.088,0.176,-0.176,-0.088,0.088,-0.264,-0.088,0.176,0.000,-0.176,-0.088,-0.088,-42.979,30.762,0.000,0.439,0.176,0.000,0.000,0.000,0.000,0.000,0.000,0.000,0.000,0.000,0.000,0.000,0.000,0.000,-42.955,30.587,0.000,0.000,0.000,0.006,3.2,11.30,32.0,0.000,0.000,0.000,0.000,0.000,0.000,0.006,0.000,0.006,0.000,0.000,0.000,0.000,0.000,0.006,0.000,0.006,0.000
131.7063,1317,0,move,-1,131.7063,131.7160,0,0.000,-0.088,0.176,-0.176,-0.088,0.088,-0.264,-0.088,0.176,0.000,-0.176,-0.088,-0.088,-42.979,30.762,0.000,0.439,0.176,0.000,0.000,0.000,0.000,0.000,0.000,0.000,0.000,0.000,0.000,0.000,0.000,0.000,-42.955,30.587,0.000,0.000,0.000,0.006,3.2,11.30,32.0,0.000,0.000,0.000,0.000,0.000,0.000,0.006,0.000,0.006,0.000,0.000,0.000,0.000,0.000,0.006,0.000,0.006,0.000
131.8179,1318,0,move,-1,131.8179,131.8407,0,0.000,-0.088,0.176,-0.176,-0.088,0.088,-0.264,-0.088,0.176,0.000,-0.176,-0.088,-0.088,-42.979,30.762,0.000,0.439,0.176,0.000,0.000,0.000,0.000,0.000,0.000,0.000,0.000,0.000,0.000,0.000,0.000,0.000,-42.955,30.587,0.000,0.000,0.000,0.006,2.4,11.30,32.0,0.000,0.000,0.000,0.006,0.000,0.000,0.006,0.000,0.000,0.000,0.006,0.000,0.000,0.000,0.006,0.000,0.006,0.000
131.9061,1319,0,move,-1,131.9061,131.9173,0,0.000,-0.088,0.176,-0.176,-0.088,0.088,-0.264,-0.088,0.176,0.000,-0.176,-0.088,-0.088,-42.979,30.762,0.000,0.439,0.176,0.000,0.000,0.000,0.000,0.000,0.000,0.000,0.000,0.000,0.000,0.000,0.000,0.000,-42.955,30.587,0.000,0.000,0.000,0.006,2.4,11.30,32.0,0.000,0.000,0.000,0.006,0.000,0.000,0.006,0.000,0.000,0.000,0.006,0.000,0.000,0.000,0.006,0.000,0.006,0.000
132.0063,1320,0,move,-1,132.0063,132.0174,0,0.000,-0.088,0.176,-0.176,-0.088,0.088,-0.264,-0.088,0.176,0.000,-0.176,-0.088,-0.088,-42.979,30.762,0.000,0.439,0.176,0.000,0.000,0.000,0.000,0.000,0.000,0.000,0.000,0.000,0.000,0.000,0.000,0.000,-43.059,30.640,0.000,0.000,0.000,0.006,2.4,11.30,32.0,0.000,0.000,0.000,0.006,0.000,0.000,0.000,0.000,0.000,0.000,0.000,0.000,0.000,0.000,0.006,0.000,0.006,0.000
132.1113,1321,0,move,-1,132.1113,132.1221,0,0.000,-0.088,0.176,-0.176,-0.088,0.088,-0.264,-0.088,0.176,0.000,-0.176,-0.088,-0.088,-42.979,30.762,0.000,0.439,0.176,0.000,0.000,0.000,0.000,0.000,0.000,0.000,0.000,0.000,0.000,0.000,0.000,0.000,-43.362,30.795,0.000,0.000,0.000,0.006,3.2,11.30,32.0,0.000,0.000,0.000,0.000,0.000,0.000,0.006,0.000,0.006,0.000,0.000,0.000,0.000,0.000,0.000,0.000,0.006,0.000
132.2063,1322,0,move,-1,132.2063,132.2180,0,0.000,-0.088,0.176,-0.176,-0.088,0.088,-0.264,-0.088,0.176,0.000,-0.176,-0.088,-0.088,-43.154,30.762,0.000,0.439,0.176,0.000,0.000,0.000,0.000,0.000,0.000,0.000,0.000,0.000,0.000,0.000,0.000,0.000,-43.833,31.033,0.000,0.000,0.000,0.006,3.2,11.30,32.0,0.000,0.000,0.000,0.000,0.000,0.000,0.006,0.000,0.006,0.000,0.000,0.000,0.000,0.000,0.000,0.000,0.006,0.000
132.3063,1323,0,move,-1,132.3063,132.3276,0,0.000,-0.088,0.176,-0.176,-0.088,0.088,-0.264,-0.088,0.176,0.000,-0.176,-0.088,-0.088,-43.506,30.850,0.000,0.439,0.176,0.000,0.000,0.000,0.000,0.000,0.000,0.000,0.000,0.000,0.000,0.000,0.000,0.000,-44.421,31.329,0.000,0.000,0.000,0.013,4.4,11.30,29.0,0.000,0.000,0.000,0.000,0.000,0.000,0.006,0.000,0.000,0.000,0.000,0.000,0.000,0.013,0.000,0.000,0.006,0.000
132.4063,1324,0,move,-1,132.4063,132.4189,0,0.000,-0.088,0.176,-0.176,-0.088,0.088,-0.264,-0.088,0.176,0.000,-0.176,-0.088,-0.088,-43.594,31.201,0.000,0.439,0.176,0.000,0.000,0.000,0.000,0.000,0.000,0.000,0.000,0.000,0.000,0.000,0.000,0.000,-45.069,31.653,0.000,0.000,0.000,0.013,4.4,11.30,29.0,0.000,0.000,0.000,0.000,0.000,0.000,0.006,0.000,0.000,0.000,0.000,0.000,0.000,0.013,0.000,0.000,0.006,0.000
132.5061,1325,0,move,-1,132.5061,132.5128,0,0.000,-0.088,0.176,-0.176,-0.088,0.088,-0.264,-0.088,0.176,0.000,-0.176,-0.088,-0.088,-44.209,31.289,0.000,0.439,0.176,0.000,0.000,0.000,0.000,0.000,0.000,0.000,0.000,0.000,0.000,0.000,0.000,0.000,-45.712,31.972,0.000,0.000,0.000,0.071,9.2,11.30,29.0,0.000,0.000,0.000,0.000,0.000,0.000,0.006,0.000,0.000,0.000,0.006,0.000,0.000,0.071,0.000,0.000,0.013,0.000
132.6063,1326,0,move,-1,132.6063,132.6175,0,0.000,-0.088,0.176,-0.176,-0.088,0.088,-0.264,-0.088,0.176,0.000,-0.176,-0.088,-0.088,-44.912,31.729,0.000,0.439,0.176,0.000,0.000,0.000,0.000,0.000,0.000,0.000,0.000,0.000,0.000,0.000,0.000,0.000,-46.288,32.255,0.000,0.000,0.000,0.033,8.0,11.30,29.0,0.000,0.000,0.000,0.000,0.006,0.000,0.006,0.000,0.000,0.000,0.006,0.000,0.000,0.033,0.000,0.000,0.006,0.006
132.7088,1327,0,move,-1,132.7088,132.7770,0,0.000,-0.088,0.176,-0.176,-0.088,0.088,-0.264,-0.088,0.176,0.000,-0.176,-0.088,-0.088,-45.703,32.168,0.000,0.439,0.176,0.000,0.000,0.000,0.000,0.000,0.000,0.000,0.000,0.000,0.000,0.000,0.000,0.000,-46.742,32.477,0.000,0.000,0.000,0.052,9.2,11.30,29.0,0.000,0.000,0.000,0.006,0.000,0.000,0.006,0.000,0.000,0.000,0.000,0.000,0.000,0.052,0.006,0.000,0.006,0.000
132.8061,1328,0,move,-1,132.8061,132.8129,0,0.000,-0.088,0.176,-0.176,-0.088,0.088,-0.264,-0.088,0.176,0.000,-0.176,-0.088,-0.088,-45.791,32.256,0.000,0.439,0.176,0.000,0.000,0.000,0.000,0.000,0.000,0.000,0.000,0.000,0.000,0.000,0.000,0.000,-47.033,32.619,0.000,0.000,0.000,0.052,9.2,11.30,29.0,0.000,0.000,0.000,0.006,0.000,0.000,0.006,0.000,0.000,0.000,0.000,0.000,0.000,0.052,0.006,0.000,0.006,0.000
132.9074,1329,0,move,-1,132.9074,132.9307,0,0.000,-0.088,0.176,-0.176,-0.088,0.088,-0.264,-0.088,0.176,0.000,-0.176,-0.088,-0.088,-46.406,32.520,0.000,0.439,0.176,0.000,0.000,0.000,0.000,0.000,0.000,0.000,0.000,0.000,0.000,0.000,0.000,0.000,-47.133,32.667,0.000,0.000,0.000,0.065,9.2,11.30,29.0,0.000,0.000,0.000,0.006,0.000,0.000,0.006,0.000,0.000,0.000,0.000,0.000,0.000,0.065,0.000,0.000,0.006,0.006
133.0062,1330,0,move,-1,133.0062,133.0169,0,0.000,-0.088,0.176,-0.176,-0.088,0.088,-0.264,-0.088,0.176,0.000,-0.176,-0.088,-0.088,-46.406,32.695,0.000,0.439,0.176,0.000,0.000,0.000,0.000,0.000,0.000,0.000,0.000,0.000,0.000,0.000,0.000,0.000,-47.133,32.667,0.000,0.000,0.000,0.065,9.2,11.30,29.0,0.000,0.000,0.000,0.006,0.000,0.000,0.006,0.000,0.000,0.000,0.000,0.000,0.000,0.065,0.000,0.000,0.006,0.006
133.1061,1331,0,move,-1,133.1061,133.1173,0,0.000,-0.088,0.176,-0.176,-0.088,0.088,-0.264,-0.088,0.176,0.000,-0.176,-0.088,-0.088,-46.406,32.695,0.000,0.439,0.176,0.000,0.000,0.000,0.000,0.000,0.000,0.000,0.000,0.000,0.000,0.000,0.000,0.000,-47.133,32.667,0.000,0.000,0.000,0.033,7.2,11.30,29.0,0.000,0.000,0.000,0.000,0.000,0.000,0.000,0.000,0.000,0.000,0.000,0.000,0.000,0.033,0.000,0.000,0.006,0.000
133.2061,1332,0,move,-1,133.2061,133.2164,0,0.000,-0.088,0.176,-0.176,-0.088,0.088,-0.264,-0.088,0.176,0.000,-0.176,-0.088,-0.088,-46.406,32.695,0.000,0.439,0.176,0.000,0.000,0.000,0.000,0.000,0.000,0.000,0.000,0.000,0.000,0.000,0.000,0.000,-47.133,32.667,0.000,0.000,0.000,0.033,7.2,11.30,29.0,0.000,0.000,0.000,0.000,0.000,0.000,0.000,0.000,0.000,0.000,0.000,0.000,0.000,0.033,0.000,0.000,0.006,0.000
133.3063,1333,0,move,-1,133.3063,133.3168,0,0.000,-0.088,0.176,-0.176,-0.088,0.088,-0.264,-0.088,0.176,0.000,-0.176,-0.088,-0.088,-46.406,32.695,0.000,0.439,0.176,0.000,0.000,0.000,0.000,0.000,0.000,0.000,0.000,0.000,0.000,0.000,0.000,0.000,-47.133,32.667,0.000,0.000,0.000,0.026,7.2,11.30,29.0,0.000,0.000,0.000,0.006,0.000,0.000,0.006,0.000,0.000,0.000,0.000,0.000,0.000,0.026,0.000,0.000,0.006,0.000
133.4061,1334,0,move,-1,133.4061,133.4187,0,0.000,-0.088,0.176,-0.176,-0.088,0.088,-0.264,-0.088,0.176,0.000,-0.176,-0.088,-0.088,-46.406,32.695,0.000,0.439,0.176,0.000,0.000,0.000,0.000,0.000,0.000,0.000,0.000,0.000,0.000,0.000,0.000,0.000,-47.133,32.667,0.000,0.000,0.000,0.033,7.2,11.30,29.0,0.000,0.000,0.000,0.000,0.000,0.000,0.000,0.000,0.000,0.000,0.000,0.000,0.000,0.033,0.000,0.000,0.006,0.006
133.5061,1335,0,move,-1,133.5061,133.5168,0,0.000,-0.088,0.176,-0.176,-0.088,0.088,-0.264,-0.088,0.176,0.000,-0.176,-0.088,-0.088,-46.406,32.695,0.000,0.439,0.176,0.000,0.000,0.000,0.000,0.000,0.000,0.000,0.000,0.000,0.000,0.000,0.000,0.000,-47.133,32.667,0.000,0.000,0.000,0.033,7.2,11.30,29.0,0.000,0.000,0.000,0.000,0.000,0.000,0.000,0.000,0.000,0.000,0.000,0.000,0.000,0.033,0.000,0.000,0.006,0.006
133.6079,1336,0,move,-1,133.6079,133.6222,0,0.000,-0.088,0.176,-0.176,-0.088,0.088,-0.264,-0.088,0.176,0.000,-0.176,-0.088,-0.088,-46.406,32.695,0.000,0.439,0.176,0.000,0.000,0.000,0.000,0.000,0.000,0.000,0.000,0.000,0.000,0.000,0.000,0.000,-47.133,32.667,0.000,0.000,0.000,0.033,7.2,11.30,29.0,0.000,0.000,0.000,0.006,0.000,0.000,0.000,0.000,0.006,0.000,0.006,0.000,0.000,0.033,0.000,0.000,0.006,0.000
133.7131,1337,0,move,-1,133.7131,133.7275,0,0.000,-0.088,0.176,-0.176,-0.088,0.088,-0.264,-0.088,0.176,0.000,-0.176,-0.088,-0.088,-46.406,32.695,0.000,0.439,0.176,0.000,0.000,0.000,0.000,0.000,0.000,0.000,0.000,0.000,0.000,0.000,0.000,0.000,-47.133,32.667,0.000,0.000,0.000,0.033,7.2,11.30,29.0,0.000,0.000,0.006,0.006,0.000,0.000,0.006,0.000,0.000,0.000,0.000,0.000,0.000,0.033,0.000,0.000,0.006,0.000
133.8061,1338,0,move,-1,133.8061,133.8169,0,0.000,-0.088,0.176,-0.176,-0.088,0.088,-0.264,-0.088,0.176,0.000,-0.176,-0.088,-0.088,-46.406,32.695,0.000,0.439,0.176,0.000,0.000,0.000,0.000,0.000,0.000,0.000,0.000,0.000,0.000,0.000,0.000,0.000,-47.133,32.667,0.000,0.000,0.000,0.033,7.2,11.30,29.0,0.000,0.000,0.006,0.006,0.000,0.000,0.006,0.000,0.000,0.000,0.000,0.000,0.000,0.033,0.000,0.000,0.006,0.000
133.9061,1339,0,move,-1,133.9061,133.9186,0,0.000,-0.088,0.176,-0.176,-0.088,0.088,-0.264,-0.088,0.176,0.000,-0.176,-0.088,-0.088,-46.406,32.695,0.000,0.439,0.176,0.000,0.000,0.000,0.000,0.000,0.000,0.000,0.000,0.000,0.000,0.000,0.000,0.000,-47.133,32.667,0.000,0.000,0.000,0.026,7.2,11.30,29.0,0.000,0.000,0.000,0.006,0.000,0.000,0.000,0.000,0.000,0.000,0.006,0.000,0.000,0.026,0.000,0.000,0.006,0.000
134.0061,1340,0,move,-1,134.0061,134.0189,0,0.000,-0.088,0.176,-0.176,-0.088,0.088,-0.264,-0.088,0.176,0.000,-0.176,-0.088,-0.088,-46.406,32.695,0.000,0.439,0.176,0.000,0.000,0.000,0.000,0.000,0.000,0.000,0.000,0.000,0.000,0.000,0.000,0.000,-47.133,32.667,0.000,0.000,0.000,0.033,7.2,11.30,29.0,0.000,0.000,0.006,0.006,0.000,0.000,0.000,0.000,0.000,0.000,0.000,0.000,0.000,0.033,0.000,0.000,0.006,0.000
134.1063,1341,0,move,-1,134.1063,134.1165,0,0.000,-0.088,0.176,-0.176,-0.088,0.088,-0.264,-0.088,0.176,0.000,-0.176,-0.088,-0.088,-46.406,32.695,0.000,0.439,0.176,0.000,0.000,0.000,0.000,0.000,0.000,0.000,0.000,0.000,0.000,0.000,0.000,0.000,-47.133,32.667,0.000,0.000,0.000,0.033,7.2,11.30,29.0,0.000,0.000,0.006,0.006,0.000,0.000,0.000,0.000,0.000,0.000,0.000,0.000,0.000,0.033,0.000,0.000,0.006,0.000
134.2063,1342,0,move,-1,134.2063,134.2170,0,0.000,-0.088,0.176,-0.176,-0.088,0.088,-0.264,-0.088,0.176,0.000,-0.176,-0.088,-0.088,-46.406,32.695,0.000,0.439,0.176,0.000,0.000,0.000,0.000,0.000,0.000,0.000,0.000,0.000,0.000,0.000,0.000,0.000,-47.133,32.667,0.000,0.000,0.000,0.039,7.2,11.30,29.0,0.000,0.000,0.000,0.006,0.000,0.000,0.006,0.000,0.000,0.000,0.006,0.000,0.000,0.039,0.000,0.000,0.006,0.006
134.3064,1343,0,move,-1,134.3064,134.3305,0,0.000,-0.088,0.176,-0.176,-0.088,0.088,-0.264,-0.088,0.176,0.000,-0.176,-0.088,-0.088,-46.406,32.695,0.000,0.439,0.176,0.000,0.000,0.000,0.000,0.000,0.000,0.000,0.000,0.000,0.000,0.000,0.000,0.000,-47.133,32.667,0.000,0.000,0.000,0.033,7.2,11.30,29.0,0.000,0.000,0.000,0.000,0.000,0.000,0.006,0.000,0.000,0.000,0.000,0.000,0.000,0.033,0.000,0.000,0.006,0.006
134.4062,1344,0,move,-1,134.4062,134.4177,0,0.000,-0.088,0.176,-0.176,-0.088,0.088,-0.264,-0.088,0.176,0.000,-0.176,-0.088,-0.088,-46.406,32.695,0.000,0.439,0.176,0.000,0.000,0.000,0.000,0.000,0.000,0.000,0.000,0.000,0.000,0.000,0.000,0.000,-47.133,32.667,0.000,0.000,0.000,0.033,7.2,11.30,29.0,0.000,0.000,0.000,0.000,0.000,0.000,0.006,0.000,0.000,0.000,0.000,0.000,0.000,0.033,0.000,0.000,0.006,0.006
134.5063,1345,0,move,-1,134.5063,134.5177,0,0.000,-0.088,0.176,-0.176,-0.088,0.088,-0.264,-0.088,0.176,0.000,-0.176,-0.088,-0.088,-46.406,32.695,0.000,0.439,0.176,0.000,0.000,0.000,0.000,0.000,0.000,0.000,0.000,0.000,0.000,0.000,0.000,0.000,-47.133,32.667,0.000,0.000,0.000,0.033,7.2,11.30,29.0,0.000,0.000,0.000,0.000,0.000,0.000,0.006,0.000,0.000,0.000,0.000,0.000,0.000,0.033,0.000,0.000,0.006,0.000
134.6074,1346,0,move,-1,134.6074,134.6290,0,0.000,-0.088,0.176,-0.176,-0.088,0.088,-0.264,-0.088,0.176,0.000,-0.176,-0.088,-0.088,-46.406,32.695,0.000,0.439,0.176,0.000,0.000,0.000,0.000,0.000,0.000,0.000,0.000,0.000,0.000,0.000,0.000,0.000,-47.133,32.667,0.000,0.000,0.000,0.026,7.2,11.30,29.0,0.000,0.000,0.000,0.000,0.000,0.000,0.000,0.000,0.006,0.000,0.000,0.000,0.000,0.026,0.000,0.000,0.006,0.006
134.7063,1347,0,move,-1,134.7063,134.7180,0,0.000,-0.088,0.176,-0.176,-0.088,0.088,-0.264,-0.088,0.176,0.000,-0.176,-0.088,-0.088,-46.406,32.695,0.000,0.439,0.176,0.000,0.000,0.000,0.000,0.000,0.000,0.000,0.000,0.000,0.000,0.000,0.000,0.000,-47.133,32.667,0.000,0.000,0.000,0.026,7.2,11.30,29.0,0.000,0.000,0.000,0.000,0.000,0.000,0.000,0.000,0.006,0.000,0.000,0.000,0.000,0.026,0.000,0.000,0.006,0.006
134.8067,1348,0,move,-1,134.8067,134.8349,0,0.000,-0.088,0.176,-0.176,-0.088,0.088,-0.264,-0.088,0.176,0.000,-0.176,-0.088,-0.088,-46.406,32.695,0.000,0.439,0.176,0.000,0.000,0.000,0.000,0.000,0.000,0.000,0.000,0.000,0.000,0.000,0.000,0.000,-47.133,32.667,0.000,0.000,0.000,0.033,7.2,11.30,29.0,0.000,0.000,0.000,0.006,0.000,0.000,0.006,0.000,0.000,0.000,0.000,0.000,0.000,0.033,0.000,0.000,0.013,0.000
134.9062,1349,0,move,-1,134.9062,134.9182,0,0.000,-0.088,0.176,-0.176,-0.088,0.088,-0.264,-0.088,0.176,0.000,-0.176,-0.088,-0.088,-46.406,32.695,0.000,0.439,0.176,0.000,0.000,0.000,0.000,0.000,0.000,0.000,0.000,0.000,0.000,0.000,0.000,0.000,-47.133,32.667,0.000,0.000,0.000,0.033,7.2,11.30,29.0,0.000,0.000,0.000,0.006,0.000,0.000,0.006,0.000,0.000,0.000,0.000,0.000,0.000,0.033,0.000,0.000,0.013,0.000
135.0063,1350,0,move,-1,135.0063,135.0189,0,0.000,-0.088,0.176,-0.176,-0.088,0.088,-0.264,-0.088,0.176,0.000,-0.176,-0.088,-0.088,-46.406,32.695,0.000,0.439,0.176,0.000,0.000,0.000,0.000,0.000,0.000,0.000,0.000,0.000,0.000,0.000,0.000,0.000,-47.133,32.667,0.000,0.000,0.000,0.033,7.2,11.30,29.0,0.000,0.000,0.000,0.006,0.000,0.000,0.006,0.000,0.000,0.000,0.006,0.000,0.000,0.033,0.000,0.000,0.013,0.006
135.1063,1351,0,move,-1,135.1063,135.1168,0,0.000,-0.088,0.176,-0.176,-0.088,0.088,-0.264,-0.088,0.176,0.000,-0.176,-0.088,-0.088,-46.406,32.695,0.000,0.439,0.176,0.000,0.000,0.000,0.000,0.000,0.000,0.000,0.000,0.000,0.000,0.000,0.000,0.000,-47.133,32.667,0.000,0.000,0.000,0.033,7.2,11.30,29.0,0.000,0.000,0.000,0.006,0.000,0.000,0.006,0.000,0.000,0.000,0.006,0.000,0.000,0.033,0.000,0.000,0.013,0.006
135.2075,1352,0,move,-1,135.2075,135.2938,0,0.000,-0.088,0.176,-0.176,-0.088,0.088,-0.264,-0.088,0.176,0.000,-0.176,-0.088,-0.088,-46.406,32.695,0.000,0.439,0.176,0.000,0.000,0.000,0.000,0.000,0.000,0.000,0.000,0.000,0.000,0.000,0.000,0.000,-47.133,32.667,0.000,0.000,0.000,0.026,7.2,11.30,29.0,0.000,0.000,0.000,0.000,0.000,0.000,0.000,0.000,0.000,0.000,0.000,0.000,0.000,0.026,0.000,0.000,0.006,0.000
135.3072,1353,0,move,-1,135.3072,135.3198,0,0.000,-0.088,0.176,-0.176,-0.088,0.088,-0.264,-0.088,0.176,0.000,-0.176,-0.088,-0.088,-46.406,32.695,0.000,0.439,0.176,0.000,0.000,0.000,0.000,0.000,0.000,0.000,0.000,0.000,0.000,0.000,0.000,0.000,-47.133,32.667,0.000,0.000,0.000,0.026,7.2,11.30,29.0,0.000,0.000,0.000,0.000,0.000,0.000,0.000,0.000,0.000,0.000,0.000,0.000,0.000,0.026,0.000,0.000,0.006,0.000
135.4150,1354,0,move,-1,135.4150,135.4260,0,0.000,-0.088,0.176,-0.176,-0.088,0.088,-0.264,-0.088,0.176,0.000,-0.176,-0.088,-0.088,-46.406,32.695,0.000,0.439,0.176,0.000,0.000,0.000,0.000,0.000,0.000,0.000,0.000,0.000,0.000,0.000,0.000,0.000,-47.133,32.667,0.000,0.000,0.000,0.033,7.2,11.30,29.0,0.000,0.000,0.000,0.000,0.000,0.000,0.000,0.000,0.000,0.000,0.000,0.000,0.000,0.033,0.000,0.000,0.006,0.000
135.5061,1355,0,move,-1,135.5061,135.5191,0,0.000,-0.088,0.176,-0.176,-0.088,0.088,-0.264,-0.088,0.176,0.000,-0.176,-0.088,-0.088,-46.406,32.695,0.000,0.439,0.176,0.000,0.000,0.000,0.000,0.000,0.000,0.000,0.000,0.000,0.000,0.000,0.000,0.000,-47.133,32.667,0.000,0.000,0.000,0.033,7.2,11.30,29.0,0.000,0.000,0.000,0.000,0.000,0.000,0.000,0.000,0.000,0.000,0.000,0.000,0.000,0.033,0.000,0.000,0.006,0.000
135.6061,1356,0,move,-1,135.6061,135.6157,0,0.000,-0.088,0.176,-0.176,-0.088,0.088,-0.264,-0.088,0.176,0.000,-0.176,-0.088,-0.088,-46.406,32.695,0.000,0.439,0.176,0.000,0.000,0.000,0.000,0.000,0.000,0.000,0.000,0.000,0.000,0.000,0.000,0.000,-47.133,32.667,0.000,0.000,0.000,0.033,7.2,11.30,29.0,0.000,0.000,0.006,0.000,0.000,0.000,0.006,0.000,0.000,0.000,0.000,0.000,0.000,0.033,0.000,0.000,0.006,0.006
135.7062,1357,0,move,-1,135.7062,135.7324,0,0.000,-0.088,0.176,-0.176,-0.088,0.088,-0.264,-0.088,0.176,0.000,-0.176,-0.088,-0.088,-46.406,32.695,0.000,0.439,0.176,0.000,0.000,0.000,0.000,0.000,0.000,0.000,0.000,0.000,0.000,0.000,0.000,0.000,-47.133,32.667,0.000,0.000,0.000,0.033,7.2,11.30,29.0,0.000,0.000,0.000,,0.000,0.000,0.006,0.000,0.000,0.000,0.000,0.000,0.000,0.033,0.000,0.000,0.006,0.000
135.8063,1358,0,move,-1,135.8063,135.8170,0,0.000,-0.088,0.176,-0.176,-0.088,0.088,-0.264,-0.088,0.176,0.000,-0.176,-0.088,-0.088,-46.406,32.695,0.000,0.439,0.176,0.000,0.000,0.000,0.000,0.000,0.000,0.000,0.000,0.000,0.000,0.000,0.000,0.000,-47.133,32.667,0.000,0.000,0.000,0.033,7.2,11.30,29.0,0.000,0.000,0.000,,0.000,0.000,0.006,0.000,0.000,0.000,0.000,0.000,0.000,0.033,0.000,0.000,0.006,0.000
135.9063,1359,0,move,-1,135.9063,135.9183,0,0.000,-0.088,0.176,-0.176,-0.088,0.088,-0.264,-0.088,0.176,0.000,-0.176,-0.088,-0.088,-46.406,32.695,0.000,0.439,0.176,0.000,0.000,0.000,0.000,0.000,0.000,0.000,0.000,0.000,0.000,0.000,0.000,0.000,-47.133,32.667,0.000,0.000,0.000,0.039,7.2,11.30,29.0,0.000,0.000,0.000,0.000,0.000,0.000,0.006,0.000,0.006,0.000,0.006,0.000,0.000,0.039,0.000,0.000,0.006,0.000
136.0061,1360,0,move,-1,136.0061,136.0170,0,0.000,-0.088,0.176,-0.176,-0.088,0.088,-0.264,-0.088,0.176,0.000,-0.176,-0.088,-0.088,-46.406,32.695,0.000,0.439,0.176,0.000,0.000,0.000,0.000,0.000,0.000,0.000,0.000,0.000,0.000,0.000,0.000,0.000,-47.233,32.716,0.000,0.000,0.000,0.039,7.2,11.30,29.0,0.000,0.000,0.000,0.000,0.000,0.000,0.006,0.000,0.006,0.000,0.006,0.000,0.000,0.039,0.000,0.000,0.006,0.000
136.1063,1361,0,move,-1,136.1063,136.1190,0,0.000,-0.088,0.176,-0.176,-0.088,0.088,-0.264,-0.088,0.176,0.000,-0.176,-0.088,-0.088,-46.494,32.695,0.000,0.439,0.176,0.000,0.000,0.000,0.000,0.000,0.000,0.000,0.000,0.000,0.000,0.000,0.000,0.000,-47.522,32.856,0.000,0.000,0.000,0.045,8.0,11.30,29.0,0.000,0.000,0.006,0.000,0.000,0.000,0.006,0.000,0.006,0.000,0.006,0.000,0.000,0.045,0.000,0.000,0.013,0.006
136.2067,1362,0,move,-1,136.2067,136.2314,0,0.000,-0.088,0.176,-0.176,-0.088,0.088,-0.264,-0.088,0.176,0.000,-0.176,-0.088,-0.088,-46.934,32.695,0.000,0.439,0.176,0.000,0.000,0.000,0.000,0.000,0.000,0.000,0.000,0.000,0.000,0.000,0.000,0.000,-47.971,33.071,0.000,0.000,0.000,0.039,9.2,11.30,29.0,0.000,,0.000,0.000,0.000,0.000,0.006,0.000,0.000,0.000,0.000,0.000,0.000,0.039,0.000,0.000,0.006,0.000
136.3061,1363,0,move,-1,136.3061,136.3172,0,0.000,-0.088,0.176,-0.176,-0.088,0.088,-0.264,-0.088,0.176,0.000,-0.176,-0.088,-0.088,-46.934,32.871,0.000,0.439,0.176,0.000,0.000,0.000,0.000,0.000,0.000,0.000,0.000,0.000,0.000,0.000,0.000,0.000,-48.535,33.340,0.000,0.000,0.000,0.039,9.2,11.30,29.0,0.000,,0.000,0.000,0.000,0.000,0.006,0.000,0.000,0.000,0.000,0.000,0.000,0.039,0.000,0.000,0.006,0.000
136.4062,1364,0,move,-1,136.4062,136.4187,0,0.000,-0.088,0.176,-0.176,-0.088,0.088,-0.264,-0.088,0.176,0.000,-0.176,-0.088,-0.088,-47.637,33.135,0.000,0.439,0.176,0.000,0.000,0.000,0.000,0.000,0.000,0.000,0.000,0.000,0.000,0.000,0.000,0.000,-49.154,33.634,0.000,0.000,0.000,0.039,8.8,11.30,29.0,0.000,0.000,0.006,0.000,0.000,0.000,0.000,0.000,0.006,0.000,0.000,0.000,0.000,0.039,0.000,0.000,0.006,0.000
136.5063,1365,0,move,-1,136.5063,136.5273,0,0.000,-0.088,0.176,-0.176,-0.088,0.088,-0.264,-0.088,0.176,0.000,-0.176,-0.088,-0.088,-48.252,33.662,0.000,0.439,0.176,0.000,0.000,0.000,0.000,0.000,0.000,0.000,0.000,0.000,0.000,0.000,0.000,0.000,-49.772,33.924,0.000,0.000,0.000,0.045,9.2,11.30,29.0,0.000,0.000,0.000,0.006,0.000,0.000,0.006,0.000,0.006,0.000,0.000,0.000,0.000,0.045,0.013,0.000,0.006,0.006
136.6061,1366,0,move,-1,136.6061,136.6184,0,0.000,-0.088,0.176,-0.176,-0.088,0.088,-0.264,-0.088,0.176,0.000,-0.176,-0.088,-0.088,-49.043,34.014,0.000,0.439,0.176,0.000,0.000,0.000,0.000,0.000,0.000,0.000,0.000,0.000,0.000,0.000,0.000,0.000,-50.327,34.182,0.000,0.000,0.000,0.045,9.2,11.30,29.0,0.000,0.000,0.000,0.006,0.000,0.000,0.006,0.000,0.006,0.000,0.000,0.000,0.000,0.045,0.013,0.000,0.006,0.006
136.7061,1367,0,move,-1,136.7061,136.7182,0,0.000,-0.088,0.176,-0.176,-0.088,0.088,-0.264,-0.088,0.176,0.000,-0.176,-0.088,-0.088,-49.482,34.014,0.000,0.439,0.176,0.000,0.000,0.000,0.000,0.000,0.000,0.000,0.000,0.000,0.000,0.000,0.000,0.000,-50.765,34.384,0.000,0.000,0.000,0.052,10.0,11.30,29.0,0.000,0.000,0.006,0.006,0.000,0.000,0.006,0.000,0.000,0.000,0.006,0.000,0.000,0.052,0.006,0.000,0.006,0.006
136.8061,1368,0,move,-1,136.8061,136.8326,0,0.000,-0.088,0.176,-0.176,-0.088,0.088,-0.264,-0.088,0.176,0.000,-0.176,-0.088,-0.088,-50.186,34.365,0.000,0.439,0.176,0.000,0.000,0.000,0.000,0.000,0.000,0.000,0.000,0.000,0.000,0.000,0.000,0.000,-51.045,34.512,0.000,0.000,0.000,0.033,8.0,11.30,29.0,0.000,0.000,0.000,0.000,0.000,0.000,0.000,0.000,0.000,0.000,0.000,0.000,0.000,0.033,0.000,0.000,0.013,0.006
136.9064,1369,0,move,-1,136.9064,136.9177,0,0.000,-0.088,0.176,-0.176,-0.088,0.088,-0.264,-0.088,0.176,0.000,-0.176,-0.088,-0.088,-50.273,34.365,0.000,0.439,0.176,0.000,0.000,0.000,0.000,0.000,0.000,0.000,0.000,0.000,0.000,0.000,0.000,0.000,-51.141,34.556,0.000,0.000,0.000,0.033,8.0,11.30,29.0,0.000,0.000,0.000,0.000,0.000,0.000,0.000,0.000,0.000,0.000,0.000,0.000,0.000,0.033,0.000,0.000,0.013,0.006
137.0061,1370,0,move,-1,137.0061,137.0180,0,0.000,-0.088,0.176,-0.176,-0.088,0.088,-0.264,-0.088,0.176,0.000,-0.176,-0.088,-0.088,-50.713,34.541,0.000,0.439,0.176,0.000,0.000,0.000,0.000,0.000,0.000,0.000,0.000,0.000,0.000,0.000,0.000,0.000,-51.141,34.556,0.000,0.000,0.000,0.013,4.4,11.30,29.0,0.000,0.000,0.000,0.006,0.000,0.000,0.006,0.000,0.000,0.000,0.000,0.000,0.000,0.013,0.000,0.000,0.013,0.000
137.1061,1371,0,move,-1,137.1061,137.1167,0,0.000,-0.088,0.176,-0.176,-0.088,0.088,-0.264,-0.088,0.176,0.000,-0.176,-0.088,-0.088,-50.713,34.541,0.000,0.439,0.176,0.000,0.000,0.000,0.000,0.000,0.000,0.000,0.000,0.000,0.000,0.000,0.000,0.000,-51.141,34.556,0.000,0.000,0.000,0.013,4.4,11.30,29.0,0.000,0.000,0.000,0.006,0.000,0.000,0.006,0.000,0.000,0.000,0.000,0.000,0.000,0.013,0.000,0.000,0.013,0.000
137.2061,1372,0,move,-1,137.2061,137.2192,0,0.000,-0.088,0.176,-0.176,-0.088,0.088,-0.264,-0.088,0.176,0.000,-0.176,-0.088,-0.088,-50.713,34.541,0.000,0.439,0.176,0.000,0.000,0.000,0.000,0.000,0.000,0.000,0.000,0.000,0.000,0.000,0.000,0.000,-51.141,34.556,0.000,0.000,0.000,0.019,4.8,11.30,29.0,0.000,0.000,0.000,0.006,0.000,0.000,0.006,0.000,0.006,0.000,0.000,0.000,0.000,0.019,0.000,0.000,0.013,0.000
137.3061,1373,0,move,-1,137.3061,137.3200,0,0.000,-0.088,0.176,-0.176,-0.088,0.088,-0.264,-0.088,0.176,0.000,-0.176,-0.088,-0.088,-50.713,34.541,0.000,0.439,0.176,0.000,0.000,0.000,0.000,0.000,0.000,0.000,0.000,0.000,0.000,0.000,0.000,0.000,-51.141,34.556,0.000,0.000,0.000,0.019,4.8,11.30,29.0,0.000,0.000,0.000,0.006,0.000,0.000,0.006,0.000,0.000,0.000,0.000,0.000,0.000,0.019,0.000,0.000,0.006,0.000
137.4063,1374,0,move,-1,137.4063,137.4170,0,0.000,-0.088,0.176,-0.176,-0.088,0.088,-0.264,-0.088,0.176,0.000,-0.176,-0.088,-0.088,-50.713,34.541,0.000,0.439,0.176,0.000,0.000,0.000,0.000,0.000,0.000,0.000,0.000,0.000,0.000,0.000,0.000,0.000,-51.141,34.556,0.000,0.000,0.000,0.019,4.8,11.30,29.0,0.000,0.000,0.000,0.006,0.000,0.000,0.006,0.000,0.000,0.000,0.000,0.000,0.000,0.019,0.000,0.000,0.006,0.000
137.5061,1375,0,move,-1,137.5061,137.5224,0,0.000,-0.088,0.176,-0.176,-0.088,0.088,-0.264,-0.088,0.176,0.000,-0.176,-0.088,-0.088,-50.713,34.541,0.000,0.439,0.176,0.000,0.000,0.000,0.000,0.000,0.000,0.000,0.000,0.000,0.000,0.000,0.000,0.000,-51.141,34.556,0.000,0.000,0.000,0.019,4.8,11.30,29.0,0.000,0.000,0.000,0.000,0.000,0.000,0.006,0.000,0.006,0.000,0.000,0.000,0.000,0.019,0.000,0.000,0.006,0.006
137.6097,1376,0,move,-1,137.6097,137.6606,0,0.000,-0.088,0.176,-0.176,-0.088,0.088,-0.264,-0.088,0.176,0.000,-0.176,-0.088,-0.088,-50.713,34.541,0.000,0.439,0.176,0.000,0.000,0.000,0.000,0.000,0.000,0.000,0.000,0.000,0.000,0.000,0.000,0.000,-51.141,34.556,0.000,0.000,0.000,0.019,4.8,11.30,29.0,0.000,0.000,0.006,0.006,0.000,0.000,0.000,0.000,0.000,0.000,0.006,0.000,0.000,0.019,0.000,0.000,0.006,0.000
137.7061,1377,0,move,-1,137.7061,137.7153,0,0.000,-0.088,0.176,-0.176,-0.088,0.088,-0.264,-0.088,0.176,0.000,-0.176,-0.088,-0.088,-50.713,34.541,0.000,0.439,0.176,0.000,0.000,0.000,0.000,0.000,0.000,0.000,0.000,0.000,0.000,0.000,0.000,0.000,-51.141,34.556,0.000,0.000,0.000,0.019,4.8,11.30,29.0,0.000,0.000,0.006,0.006,0.000,0.000,0.000,0.000,0.000,0.000,0.006,0.000,0.000,0.019,0.000,0.000,0.006,0.000
137.8062,1378,0,move,-1,137.8062,137.8164,0,0.000,-0.088,0.176,-0.176,-0.088,0.088,-0.264,-0.088,0.176,0.000,-0.176,-0.088,-0.088,-50.713,34.541,0.000,0.439,0.176,0.000,0.000,0.000,0.000,0.000,0.000,0.000,0.000,0.000,0.000,0.000,0.000,0.000,-51.141,34.556,0.000,0.000,0.000,0.019,4.8,11.30,29.0,0.000,0.000,0.000,0.000,0.000,0.000,0.006,0.000,0.000,0.000,0.000,0.000,0.000,0.019,0.000,0.000,0.006,0.006
137.9061,1379,0,move,-1,137.9061,137.9176,0,0.000,-0.088,0.176,-0.176,-0.088,0.088,-0.264,-0.088,0.176,0.000,-0.176,-0.088,-0.088,-50.713,34.541,0.000,0.439,0.176,0.000,0.000,0.000,0.000,0.000,0.000,0.000,0.000,0.000,0.000,0.000,0.000,0.000,-51.141,34.556,0.000,0.000,0.000,0.000,0.0,11.30,32.0,0.000,0.000,0.000,0.000,0.000,0.000,0.000,0.000,0.000,0.000,0.000,0.000,0.000,0.000,0.000,0.000,0.000,0.000
138.0064,1380,0,move,-1,138.0064,138.0174,0,0.000,-0.088,0.176,-0.176,-0.088,0.088,-0.264,-0.088,0.176,0.000,-0.176,-0.088,-0.088,-50.713,34.541,0.000,0.439,0.176,0.000,0.000,0.000,0.000,0.000,0.000,0.000,0.000,0.000,0.000,0.000,0.000,0.000,-51.141,34.556,0.000,0.000,0.000,0.000,0.0,11.30,32.0,0.000,0.000,0.000,0.000,0.000,0.000,0.000,0.000,0.000,0.000,0.000,0.000,0.000,0.000,0.000,0.000,0.000,0.000
138.1061,1381,0,move,-1,138.1061,138.1188,0,0.000,-0.088,0.176,-0.176,-0.088,0.088,-0.264,-0.088,0.176,0.000,-0.176,-0.088,-0.088,-50.713,34.541,0.000,0.439,0.176,0.000,0.000,0.000,0.000,0.000,0.000,0.000,0.000,0.000,0.000,0.000,0.000,0.000,-51.141,34.556,0.000,0.000,0.000,0.013,4.8,11.30,29.0,0.000,0.000,0.000,0.006,0.000,0.000,0.000,0.000,0.006,0.000,0.000,0.000,0.000,0.013,0.000,0.000,0.006,0.000
138.2061,1382,0,move,-1,138.2061,138.2187,0,0.000,-0.088,0.176,-0.176,-0.088,0.088,-0.264,-0.088,0.176,0.000,-0.176,-0.088,-0.088,-50.713,34.541,0.000,0.439,0.176,0.000,0.000,0.000,0.000,0.000,0.000,0.000,0.000,0.000,0.000,0.000,0.000,0.000,-51.141,34.556,0.000,0.000,0.000,0.013,4.8,11.30,29.0,0.000,0.000,0.000,0.006,0.000,0.000,0.000,0.000,0.006,0.000,0.000,0.000,0.000,0.013,0.000,0.000,0.006,0.000
138.3061,1383,0,move,-1,138.3061,138.3196,0,0.000,-0.088,0.176,-0.176,-0.088,0.088,-0.264,-0.088,0.176,0.000,-0.176,-0.088,-0.088,-50.713,34.541,0.000,0.439,0.176,0.000,0.000,0.000,0.000,0.000,0.000,0.000,0.000,0.000,0.000,0.000,0.000,0.000,-51.141,34.556,0.000,0.000,0.000,0.006,2.4,11.30,32.0,0.000,0.000,0.000,0.006,0.000,0.000,0.000,0.000,0.000,0.000,0.006,0.000,0.000,,0.000,0.000,0.006,0.000
138.4063,1384,0,move,-1,138.4063,138.4186,0,0.000,-0.088,0.176,-0.176,-0.088,0.088,-0.264,-0.088,0.176,0.000,-0.176,-0.088,-0.088,-50.713,34.541,0.000,0.439,0.176,0.000,0.000,0.000,0.000,0.000,0.000,0.000,0.000,0.000,0.000,0.000,0.000,0.000,-51.141,34.556,0.000,0.000,0.000,0.006,2.4,11.30,32.0,0.000,0.000,0.000,0.006,0.000,0.000,0.000,0.000,0.000,0.000,0.006,0.000,0.000,,0.000,0.000,0.006,0.000
138.5061,1385,0,move,-1,138.5061,138.5162,0,0.000,-0.088,0.176,-0.176,-0.088,0.088,-0.264,-0.088,0.176,0.000,-0.176,-0.088,-0.088,-50.713,34.541,0.000,0.439,0.176,0.000,0.000,0.000,0.000,0.000,0.000,0.000,0.000,0.000,0.000,0.000,0.000,0.000,-51.141,34.556,0.000,0.000,0.000,0.013,4.8,11.30,29.0,0.000,0.000,0.000,0.000,0.000,0.000,0.006,0.000,0.000,0.000,0.000,0.000,0.000,0.013,0.000,0.000,0.006,0.000
138.6061,1386,0,move,-1,138.6061,138.6188,0,0.000,-0.088,0.176,-0.176,-0.088,0.088,-0.264,-0.088,0.176,0.000,-0.176,-0.088,-0.088,-50.713,34.541,0.000,0.439,0.176,0.000,0.000,0.000,0.000,0.000,0.000,0.000,0.000,0.000,0.000,0.000,0.000,0.000,-51.141,34.556,0.000,0.000,0.000,0.019,4.8,11.30,29.0,0.000,0.000,0.000,0.000,0.000,0.000,0.006,0.000,0.006,0.000,0.000,0.000,0.000,0.019,0.000,0.000,0.006,0.006
138.7061,1387,0,move,-1,138.7061,138.7177,0,0.000,-0.088,0.176,-0.176,-0.088,0.088,-0.264,-0.088,0.176,0.000,-0.176,-0.088,-0.088,-50.713,34.541,0.000,0.439,0.176,0.000,0.000,0.000,0.000,0.000,0.000,0.000,0.000,0.000,0.000,0.000,0.000,0.000,-51.141,34.556,0.000,0.000,0.000,0.019,4.8,11.30,29.0,0.000,0.000,0.000,0.000,0.000,0.000,0.006,0.000,0.006,0.000,0.000,0.000,0.000,0.019,0.000,0.000,0.006,0.006
138.8061,1388,0,move,-1,138.8061,138.8198,0,0.000,-0.088,0.176,-0.176,-0.088,0.088,-0.264,-0.088,0.176,0.000,-0.176,-0.088,-0.088,-50.713,34.541,0.000,0.439,0.176,0.000,0.000,0.000,0.000,0.000,0.000,0.000,0.000,0.000,0.000,0.000,0.000,0.000,-51.141,34.556,0.000,0.000,0.000,0.019,4.8,11.30,29.0,0.000,0.000,0.000,0.000,0.000,0.000,0.000,0.000,0.000,0.000,0.000,0.000,0.000,0.019,0.000,0.000,0.006,0.000
138.9061,1389,0,move,-1,138.9061,138.9156,0,0.000,-0.088,0.176,-0.176,-0.088,0.088,-0.264,-0.088,0.176,0.000,-0.176,-0.088,-0.088,-50.713,34.541,0.000,0.439,0.176,0.000,0.000,0.000,0.000,0.000,0.000,0.000,0.000,0.000,0.000,0.000,0.000,0.000,-51.141,34.556,0.000,0.000,0.000,0.019,4.8,11.30,29.0,0.000,0.000,0.000,0.000,0.000,0.000,0.000,0.000,0.000,0.000,0.000,0.000,0.000,0.019,0.000,0.000,0.006,0.000
139.0063,1390,0,move,-1,139.0063,139.0203,0,0.000,-0.088,0.176,-0.176,-0.088,0.088,-0.264,-0.088,0.176,0.000,-0.176,-0.088,-0.088,-50.713,34.541,0.000,0.439,0.176,0.000,0.000,0.000,0.000,0.000,0.000,0.000,0.000,0.000,0.000,0.000,0.000,0.000,-51.141,34.556,0.000,0.000,0.000,0.019,4.8,11.30,29.0,0.000,0.000,0.000,0.000,0.000,0.000,0.006,0.000,0.006,0.000,0.000,0.000,0.000,0.019,0.000,0.000,0.013,0.000
139.1063,1391,0,move,-1,139.1063,139.1174,0,0.000,-0.088,0.176,-0.176,-0.088,0.088,-0.264,-0.088,0.176,0.000,-0.176,-0.088,-0.088,-50.713,34.541,0.000,0.439,0.176,0.000,0.000,0.000,0.000,0.000,0.000,0.000,0.000,0.000,0.000,0.000,0.000,0.000,-51.141,34.556,0.000,0.000,0.000,0.019,4.8,11.30,29.0,0.000,0.000,0.000,0.000,0.000,0.000,0.006,0.000,0.006,0.000,0.000,0.000,0.000,0.019,0.000,0.000,0.013,0.000
139.2061,1392,0,move,-1,139.2061,139.2116,0,0.000,-0.088,0.176,-0.176,-0.088,0.088,-0.264,-0.088,0.176,0.000,-0.176,-0.088,-0.088,-50.713,34.541,0.000,0.439,0.176,0.000,0.000,0.000,0.000,0.000,0.000,0.000,0.000,0.000,0.000,0.000,0.000,0.000,-51.141,34.556,0.000,0.000,0.000,0.013,4.8,11.30,29.0,0.000,0.000,0.000,0.000,0.000,0.000,0.006,0.000,0.000,0.000,0.000,0.000,0.000,0.013,0.000,0.000,0.006,0.000
139.3061,1393,0,move,-1,139.3061,139.3173,0,0.000,-0.088,0.176,-0.176,-0.088,0.088,-0.264,-0.088,0.176,0.000,-0.176,-0.088,-0.088,-50.713,34.541,0.000,0.439,0.176,0.000,0.000,0.000,0.000,0.000,0.000,0.000,0.000,0.000,0.000,0.000,0.000,0.000,-51.141,34.556,0.000,0.000,0.000,0.019,4.8,11.30,29.0,0.000,0.000,0.000,0.006,0.000,0.000,0.000,0.000,0.000,0.000,0.006,0.000,0.000,0.019,0.000,0.000,0.006,0.000
139.4061,1394,0,move,-1,139.4061,139.4159,0,0.000,-0.088,0.176,-0.176,-0.088,0.088,-0.264,-0.088,0.176,0.000,-0.176,-0.088,-0.088,-50.713,34.541,0.000,0.439,0.176,0.000,0.000,0.000,0.000,0.000,0.000,0.000,0.000,0.000,0.000,0.000,0.000,0.000,-51.141,34.556,0.000,0.000,0.000,0.019,4.8,11.30,29.0,0.000,0.000,0.000,0.006,0.000,0.000,0.000,0.000,0.000,0.000,0.006,0.000,0.000,0.019,0.000,0.000,0.006,0.000
139.5061,1395,0,move,-1,139.5061,139.5179,0,0.000,-0.088,0.176,-0.176,-0.088,0.088,-0.264,-0.088,0.176,0.000,-0.176,-0.088,-0.088,-50.713,34.541,0.000,0.439,0.176,0.000,0.000,0.000,0.000,0.000,0.000,0.000,0.000,0.000,0.000,0.000,0.000,0.000,-51.141,34.556,0.000,0.000,0.000,0.013,4.8,11.30,29.0,0.000,0.000,0.000,0.006,0.000,0.000,0.006,0.000,0.000,0.000,0.000,0.000,0.000,0.013,0.000,0.000,0.006,0.000
139.6061,1396,0,move,-1,139.6061,139.6162,0,0.000,-0.088,0.176,-0.176,-0.088,0.088,-0.264,-0.088,0.176,0.000,-0.176,-0.088,-0.088,-50.713,34.541,0.000,0.439,0.176,0.000,0.000,0.000,0.000,0.000,0.000,0.000,0.000,0.000,0.000,0.000,0.000,0.000,-51.141,34.556,0.000,0.000,0.000,0.013,4.8,11.30,29.0,0.000,0.000,0.000,0.006,0.000,0.000,0.006,0.000,0.000,0.000,0.000,0.000,0.000,0.013,0.000,0.000,0.006,0.000
139.7061,1397,0,move,-1,139.7061,139.7180,0,0.000,-0.088,0.176,-0.176,-0.088,0.088,-0.264,-0.088,0.176,0.000,-0.176,-0.088,-0.088,-50.713,34.541,0.000,0.439,0.176,0.000,0.000,0.000,0.000,0.000,0.000,0.000,0.000,0.000,0.000,0.000,0.000,0.000,-51.141,34.556,0.000,0.000,0.000,0.013,4.8,11.30,29.0,0.000,0.000,0.006,0.000,0.000,0.000,0.006,0.000,0.006,0.000,0.000,0.000,0.000,0.013,0.000,0.000,0.006,0.006
139.8063,1398,0,move,-1,139.8063,139.8174,0,0.000,-0.088,0.176,-0.176,-0.088,0.088,-0.264,-0.088,0.176,0.000,-0.176,-0.088,-0.088,-50.713,34.541,0.000,0.439,0.176,0.000,0.000,0.000,0.000,0.000,0.000,0.000,0.000,0.000,0.000,0.000,0.000,0.000,-51.141,34.556,0.000,0.000,0.000,0.013,4.8,11.30,29.0,0.000,0.000,0.006,0.000,0.000,0.000,0.006,0.000,0.006,0.000,0.000,0.000,0.000,0.013,0.000,0.000,0.006,0.006
139.9157,1399,0,move,-1,139.9157,139.9371,0,0.000,-0.088,0.176,-0.176,-0.088,0.088,-0.264,-0.088,0.176,0.000,-0.176,-0.088,-0.088,-50.713,34.541,0.000,0.439,0.176,0.000,0.000,0.000,0.000,0.000,0.000,0.000,0.000,0.000,0.000,0.000,0.000,0.000,-51.141,34.556,0.000,0.000,0.000,0.013,4.8,11.30,29.0,0.000,0.000,0.006,0.000,0.000,0.000,0.006,0.000,0.000,0.000,0.000,0.000,0.000,0.013,0.000,0.000,0.006,0.006
140.0061,1400,0,move,-1,140.0061,140.0185,0,0.000,-0.088,0.176,-0.176,-0.088,0.088,-0.264,-0.088,0.176,0.000,-0.176,-0.088,-0.088,-50.713,34.541,0.000,0.439,0.176,0.000,0.000,0.000,0.000,0.000,0.000,0.000,0.000,0.000,0.000,0.000,0.000,0.000,-51.143,34.557,0.000,0.000,0.000,0.013,4.8,11.30,29.0,0.000,0.000,0.006,0.000,0.000,0.000,0.006,0.000,0.000,0.000,0.000,0.000,0.000,0.013,0.000,0.000,0.006,0.006
140.1061,1401,0,move,-1,140.1061,140.1199,0,0.000,-0.088,0.176,-0.176,-0.088,0.088,-0.264,-0.088,0.176,0.000,-0.176,-0.088,-0.088,-50.713,34.541,0.000,0.439,0.176,0.000,0.000,0.000,0.000,0.000,0.000,0.000,0.000,0.000,0.000,0.000,0.000,0.000,-51.143,34.557,0.000,0.000,0.000,0.019,4.8,11.30,29.0,0.000,0.000,0.000,0.006,0.000,0.000,0.000,0.000,0.000,0.000,0.006,0.000,0.000,0.019,0.000,0.000,0.006,0.000
140.2061,1402,0,move,-1,140.2061,140.2142,0,0.000,-0.088,0.176,-0.176,-0.088,0.088,-0.264,-0.088,0.176,0.000,-0.176,-0.088,-0.088,-50.713,34.541,0.000,0.439,0.176,0.000,0.000,0.000,0.000,0.000,0.000,0.000,0.000,0.000,0.000,0.000,0.000,0.000,-51.143,34.557,0.000,0.000,0.000,0.019,4.8,11.30,29.0,0.000,0.000,0.000,0.006,0.000,0.000,0.000,0.000,0.000,0.000,0.006,0.000,0.000,0.019,0.000,0.000,0.006,0.000
140.3061,1403,0,move,-1,140.3061,140.3184,0,0.000,-0.088,0.176,-0.176,-0.088,0.088,-0.264,-0.088,0.176,0.000,-0.176,-0.088,-0.088,-50.713,34.541,0.000,0.439,0.176,0.000,0.000,0.000,0.000,0.000,0.000,0.000,0.000,0.000,0.000,0.000,0.000,0.000,-51.143,34.557,0.000,0.000,0.000,0.013,4.8,11.30,29.0,0.000,0.000,0.000,0.006,0.000,0.000,0.000,0.000,0.000,0.000,0.000,0.000,0.000,0.013,0.000,0.000,0.006,0.006
140.4061,1404,0,move,-1,140.4061,140.4158,0,0.000,-0.088,0.176,-0.176,-0.088,0.088,-0.264,-0.088,0.176,0.000,-0.176,-0.088,-0.088,-50.713,34.541,0.000,0.439,0.176,0.000,0.000,0.000,0.000,0.000,0.000,0.000,0.000,0.000,0.000,0.000,0.000,0.000,-51.143,34.557,0.000,0.000,0.000,0.013,4.8,11.30,29.0,0.000,0.000,0.000,0.006,0.000,0.000,0.000,0.000,0.000,0.000,0.000,0.000,0.000,0.013,0.000,0.000,0.006,0.006
140.5063,1405,0,move,-1,140.5063,140.5169,0,0.000,-0.088,0.176,-0.176,-0.088,0.088,-0.264,-0.088,0.176,0.000,-0.176,-0.088,-0.088,-50.713,34.541,0.000,0.439,0.176,0.000,0.000,0.000,0.000,0.000,0.000,0.000,0.000,0.000,0.000,0.000,0.000,0.000,-51.143,34.557,0.000,0.000,0.000,0.019,4.8,11.30,29.0,0.000,0.000,0.006,0.000,0.000,0.000,0.006,0.000,0.006,0.000,0.006,0.000,0.000,0.019,0.000,0.000,0.013,0.000
140.6061,1406,0,move,-1,140.6061,140.6243,0,0.000,-0.088,0.176,-0.176,-0.088,0.088,-0.264,-0.088,0.176,0.000,-0.176,-0.088,-0.088,-50.713,34.541,0.000,0.439,0.176,0.000,0.000,0.000,0.000,0.000,0.000,0.000,0.000,0.000,0.000,0.000,0.000,0.000,-51.143,34.557,0.000,0.000,0.000,0.019,4.8,11.30,29.0,0.000,0.000,0.000,0.006,0.000,0.000,0.006,0.000,0.006,0.000,0.006,0.000,0.000,0.019,0.000,0.000,0.006,0.000
140.7061,1407,0,move,-1,140.7061,140.7119,0,0.000,-0.088,0.176,-0.176,-0.088,0.088,-0.264,-0.088,0.176,0.000,-0.176,-0.088,-0.088,-50.713,34.541,0.000,0.439,0.176,0.000,0.000,0.000,0.000,0.000,0.000,0.000,0.000,0.000,0.000,0.000,0.000,0.000,-51.143,34.557,0.000,0.000,0.000,0.019,4.8,11.30,29.0,0.000,0.000,0.000,0.006,0.000,0.000,0.006,0.000,0.006,0.000,0.006,0.000,0.000,0.019,0.000,0.000,0.006,0.000
140.8061,1408,0,move,-1,140.8061,140.8166,0,0.000,-0.088,0.176,-0.176,-0.088,0.088,-0.264,-0.088,0.176,0.000,-0.176,-0.088,-0.088,-50.713,34.541,0.000,0.439,0.176,0.000,0.000,0.000,0.000,0.000,0.000,0.000,0.000,0.000,0.000,0.000,0.000,0.000,-51.143,34.557,0.000,0.000,0.000,0.013,4.8,11.30,29.0,0.000,0.000,0.000,0.000,0.000,0.000,0.000,0.000,0.000,0.000,0.006,0.000,0.000,0.013,0.000,0.000,0.006,0.000
140.9061,1409,0,move,-1,140.9061,140.9189,0,0.000,-0.088,0.176,-0.176,-0.088,0.088,-0.264,-0.088,0.176,0.000,-0.176,-0.088,-0.088,-50.713,34.541,0.000,0.439,0.176,0.000,0.000,0.000,0.000,0.000,0.000,0.000,0.000,0.000,0.000,0.000,0.000,0.000,-51.143,34.557,0.000,0.000,0.000,0.019,4.8,11.30,29.0,0.000,0.000,0.000,0.000,0.000,0.000,0.006,0.000,0.000,0.000,0.000,0.000,0.000,0.019,0.000,0.000,0.006,0.000
141.0074,1410,0,move,-1,141.0074,141.0181,0,0.000,-0.088,0.176,-0.176,-0.088,0.088,-0.264,-0.088,0.176,0.000,-0.176,-0.088,-0.088,-50.713,34.541,0.000,0.439,0.176,0.000,0.000,0.000,0.000,0.000,0.000,0.000,0.000,0.000,0.000,0.000,0.000,0.000,-51.143,34.557,0.000,0.000,0.000,0.019,4.8,11.30,29.0,0.000,0.000,0.000,0.000,0.000,0.000,0.006,0.000,0.000,0.000,0.000,0.000,0.000,0.019,0.000,0.000,0.006,0.000
141.1081,1411,0,move,-1,141.1081,141.1434,0,0.000,-0.088,0.176,-0.176,-0.088,0.088,-0.264,-0.088,0.176,0.000,-0.176,-0.088,-0.088,-50.713,34.541,0.000,0.439,0.176,0.000,0.000,0.000,0.000,0.000,0.000,0.000,0.000,0.000,0.000,0.000,0.000,0.000,-51.143,34.557,0.000,0.000,0.000,0.019,4.8,11.30,29.0,0.006,0.000,0.000,0.000,0.000,0.000,0.006,0.000,0.006,0.000,0.000,0.000,0.000,0.019,0.000,0.000,0.006,0.000
141.2099,1412,0,move,-1,141.2099,141.2534,0,0.000,-0.088,0.176,-0.176,-0.088,0.088,-0.264,-0.088,0.176,0.000,-0.176,-0.088,-0.088,-50.713,34.541,0.000,0.439,0.176,0.000,0.000,0.000,0.000,0.000,0.000,0.000,0.000,0.000,0.000,0.000,0.000,0.000,-51.143,34.557,0.000,0.000,0.000,0.019,4.8,11.30,29.0,0.000,0.000,0.000,0.006,0.000,0.000,0.006,0.000,0.006,0.000,0.000,0.000,0.000,0.019,0.000,0.000,0.006,0.000
141.3063,1413,0,move,-1,141.3063,141.3171,0,0.000,-0.088,0.176,-0.176,-0.088,0.088,-0.264,-0.088,0.176,0.000,-0.176,-0.088,-0.088,-50.713,34.541,0.000,0.439,0.176,0.000,0.000,0.000,0.000,0.000,0.000,0.000,0.000,0.000,0.000,0.000,0.000,0.000,-51.143,34.557,0.000,0.000,0.000,0.019,4.8,11.30,29.0,0.000,0.000,0.000,0.006,0.000,0.000,0.006,0.000,0.006,0.000,0.000,0.000,0.000,0.019,0.000,0.000,0.006,0.000
141.4063,1414,0,move,-1,141.4063,141.4186,0,0.000,-0.088,0.176,-0.176,-0.088,0.088,-0.264,-0.088,0.176,0.000,-0.176,-0.088,-0.088,-50.713,34.541,0.000,0.439,0.176,0.000,0.000,0.000,0.000,0.000,0.000,0.000,0.000,0.000,0.000,0.000,0.000,0.000,-51.143,34.557,0.000,0.000,0.000,0.019,4.8,11.30,29.0,0.000,0.000,0.000,0.006,0.000,0.000,0.006,0.000,0.000,0.000,0.000,0.000,0.000,0.019,0.000,0.006,0.006,0.000
141.5061,1415,0,move,-1,141.5061,141.5170,0,0.000,-0.088,0.176,-0.176,-0.088,0.088,-0.264,-0.088,0.176,0.000,-0.176,-0.088,-0.088,-50.713,34.541,0.000,0.439,0.176,0.000,0.000,0.000,0.000,0.000,0.000,0.000,0.000,0.000,0.000,0.000,0.000,0.000,-51.143,34.557,0.000,0.000,0.000,0.019,4.8,11.30,29.0,0.000,0.000,0.000,0.006,0.000,0.000,0.006,0.000,0.000,0.000,0.000,0.000,0.000,0.019,0.000,0.006,0.006,0.000
141.6063,1416,0,move,-1,141.6063,141.6173,0,0.000,-0.088,0.176,-0.176,-0.088,0.088,-0.264,-0.088,0.176,0.000,-0.176,-0.088,-0.088,-50.713,34.541,0.000,0.439,0.176,0.000,0.000,0.000,0.000,0.000,0.000,0.000,0.000,0.000,0.000,0.000,0.000,0.000,-51.143,34.557,0.000,0.000,0.000,0.019,4.8,11.30,29.0,0.000,0.000,0.000,0.000,0.000,0.000,0.006,0.000,0.000,0.000,0.006,0.000,0.000,0.019,0.000,0.000,0.006,0.000
141.7063,1417,0,move,-1,141.7063,141.7173,0,0.000,-0.088,0.176,-0.176,-0.088,0.088,-0.264,-0.088,0.176,0.000,-0.176,-0.088,-0.088,-50.713,34.541,0.000,0.439,0.176,0.000,0.000,0.000,0.000,0.000,0.000,0.000,0.000,0.000,0.000,0.000,0.000,0.000,-51.143,34.557,0.000,0.000,0.000,0.019,4.8,11.30,29.0,0.000,0.000,0.000,0.000,0.000,0.000,0.006,0.000,0.000,0.000,0.006,0.000,0.000,0.019,0.000,0.000,0.006,0.000
141.8062,1418,0,move,-1,141.8062,141.8179,0,0.000,-0.088,0.176,-0.176,-0.088,0.088,-0.264,-0.088,0.176,0.000,-0.176,-0.088,-0.088,-50.713,34.541,0.000,0.439,0.176,0.000,0.000,0.000,0.000,0.000,0.000,0.000,0.000,0.000,0.000,0.000,0.000,0.000,-51.143,34.557,0.000,0.000,0.000,0.019,4.8,11.30,29.0,0.000,0.000,0.000,0.000,0.000,0.000,0.006,0.000,0.006,0.000,0.000,0.000,0.000,0.019,0.000,0.000,0.006,0.006
141.9061,1419,0,move,-1,141.9061,141.9183,0,0.000,-0.088,0.176,-0.176,-0.088,0.088,-0.264,-0.088,0.176,0.000,-0.176,-0.088,-0.088,-50.713,34.541,0.000,0.439,0.176,0.000,0.000,0.000,0.000,0.000,0.000,0.000,0.000,0.000,0.000,0.000,0.000,0.000,-51.143,34.557,0.000,0.000,0.000,0.013,4.8,11.30,29.0,0.000,0.000,0.000,0.000,0.000,0.000,0.006,0.000,0.000,0.000,0.000,0.000,0.000,0.013,0.000,0.000,0.006,0.000
142.0063,1420,0,move,-1,142.0063,142.0167,0,0.000,-0.088,0.176,-0.176,-0.088,0.088,-0.264,-0.088,0.176,0.000,-0.176,-0.088,-0.088,-50.713,34.541,0.000,0.439,0.176,0.000,0.000,0.000,0.000,0.000,0.000,0.000,0.000,0.000,0.000,0.000,0.000,0.000,-51.143,34.557,0.000,0.000,0.000,0.013,4.8,11.30,29.0,0.000,0.000,0.000,0.000,0.000,0.000,0.006,0.000,0.000,0.000,0.000,0.000,0.000,0.013,0.000,0.000,0.006,0.000
142.1063,1421,0,move,-1,142.1063,142.1180,0,0.000,-0.088,0.176,-0.176,-0.088,0.088,-0.264,-0.088,0.176,0.000,-0.176,-0.088,-0.088,-50.713,34.541,0.000,0.439,0.176,0.000,0.000,0.000,0.000,0.000,0.000,0.000,0.000,0.000,0.000,0.000,0.000,0.000,-51.143,34.557,0.000,0.000,0.000,0.019,4.8,11.30,29.0,0.000,0.000,0.000,0.000,0.000,0.000,0.000,0.000,0.000,0.000,0.000,0.000,0.000,0.019,0.000,0.000,0.006,0.000
142.2150,1422,0,move,-1,142.2150,142.2431,0,0.000,-0.088,0.176,-0.176,-0.088,0.088,-0.264,-0.088,0.176,0.000,-0.176,-0.088,-0.088,-50.713,34.541,0.000,0.439,0.176,0.000,0.000,0.000,0.000,0.000,0.000,0.000,0.000,0.000,0.000,0.000,0.000,0.000,-51.143,34.557,0.000,0.000,0.000,0.019,4.8,11.30,29.0,0.000,0.000,0.006,0.000,0.000,0.000,0.006,0.000,0.000,0.000,0.000,0.000,0.000,0.019,0.000,0.000,0.006,0.000
142.3061,1423,0,move,-1,142.3061,142.3162,0,0.000,-0.088,0.176,-0.176,-0.088,0.088,-0.264,-0.088,0.176,0.000,-0.176,-0.088,-0.088,-50.713,34.541,0.000,0.439,0.176,0.000,0.000,0.000,0.000,0.000,0.000,0.000,0.000,0.000,0.000,0.000,0.000,0.000,-51.143,34.557,0.000,0.000,0.000,0.019,4.8,11.30,29.0,0.000,0.000,0.006,0.000,0.000,0.000,0.006,0.000,0.000,0.000,0.000,0.000,0.000,0.019,0.000,0.000,0.006,0.000
142.4061,1424,0,move,-1,142.4061,142.4156,0,0.000,-0.088,0.176,-0.176,-0.088,0.088,-0.264,-0.088,0.176,0.000,-0.176,-0.088,-0.088,-50.713,34.541,0.000,0.439,0.176,0.000,0.000,0.000,0.000,0.000,0.000,0.000,0.000,0.000,0.000,0.000,0.000,0.000,-51.143,34.557,0.000,0.000,0.000,0.019,4.8,11.30,29.0,0.000,0.000,0.000,0.006,0.000,0.000,0.006,0.000,0.000,0.000,0.000,0.000,0.000,0.019,0.000,0.000,0.006,0.006
142.5061,1425,0,move,-1,142.5061,142.5175,0,0.000,-0.088,0.176,-0.176,-0.088,0.088,-0.264,-0.088,0.176,0.000,-0.176,-0.088,-0.088,-50.713,34.541,0.000,0.439,0.176,0.000,0.000,0.000,0.000,0.000,0.000,0.000,0.000,0.000,0.000,0.000,0.000,0.000,-51.143,34.557,0.000,0.000,0.000,0.013,4.8,11.30,29.0,0.000,0.000,0.000,0.000,0.000,0.000,0.000,0.000,0.006,0.000,0.000,0.000,0.000,0.013,0.000,0.000,0.006,0.006
142.6061,1426,0,move,-1,142.6061,142.6167,0,0.000,-0.088,0.176,-0.176,-0.088,0.088,-0.264,-0.088,0.176,0.000,-0.176,-0.088,-0.088,-50.713,34.541,0.000,0.439,0.176,0.000,0.000,0.000,0.000,0.000,0.000,0.000,0.000,0.000,0.000,0.000,0.000,0.000,-51.143,34.557,0.000,0.000,0.000,0.013,4.8,11.30,29.0,0.000,0.000,0.000,0.000,0.000,0.000,0.000,0.000,0.006,0.000,0.000,0.000,0.000,0.013,0.000,0.000,0.006,0.006
142.7063,1427,0,move,-1,142.7063,142.7185,0,0.000,-0.088,0.176,-0.176,-0.088,0.088,-0.264,-0.088,0.176,0.000,-0.176,-0.088,-0.088,-50.713,34.541,0.000,0.439,0.176,0.000,0.000,0.000,0.000,0.000,0.000,0.000,0.000,0.000,0.000,0.000,0.000,0.000,-51.143,34.557,0.000,0.000,0.000,0.019,4.8,11.30,29.0,0.000,0.000,0.000,0.000,0.000,0.000,0.000,0.000,0.000,0.000,0.000,0.000,0.000,0.019,0.000,0.000,0.006,0.000
142.8062,1428,0,move,-1,142.8062,142.8186,0,0.000,-0.088,0.176,-0.176,-0.088,0.088,-0.264,-0.088,0.176,0.000,-0.176,-0.088,-0.088,-50.713,34.541,0.000,0.439,0.176,0.000,0.000,0.000,0.000,0.000,0.000,0.000,0.000,0.000,0.000,0.000,0.000,0.000,-51.143,34.557,0.000,0.000,0.000,0.019,4.8,11.30,29.0,0.000,0.000,0.000,0.000,0.000,0.000,0.006,0.000,0.000,0.000,0.000,0.000,0.000,0.019,0.000,0.000,0.013,0.000
142.9061,1429,0,move,-1,142.9061,142.9113,0,0.000,-0.088,0.176,-0.176,-0.088,0.088,-0.264,-0.088,0.176,0.000,-0.176,-0.088,-0.088,-50.713,34.541,0.000,0.439,0.176,0.000,0.000,0.000,0.000,0.000,0.000,0.000,0.000,0.000,0.000,0.000,0.000,0.000,-51.143,34.557,0.000,0.000,0.000,0.019,4.8,11.30,29.0,0.000,0.000,0.000,0.000,0.000,0.000,0.006,0.000,0.000,0.000,0.000,0.000,0.000,0.019,0.000,0.000,0.013,0.000
143.0061,1430,0,move,-1,143.0061,143.0177,0,0.000,-0.088,0.176,-0.176,-0.088,0.088,-0.264,-0.088,0.176,0.000,-0.176,-0.088,-0.088,-50.713,34.541,0.000,0.439,0.176,0.000,0.000,0.000,0.000,0.000,0.000,0.000,0.000,0.000,0.000,0.000,0.000,0.000,-51.143,34.557,0.000,0.000,0.000,0.013,4.8,11.30,29.0,0.000,0.000,0.000,0.006,0.000,0.000,0.006,0.000,0.000,0.000,0.006,0.000,0.000,0.013,0.000,0.000,0.006,0.006
143.1061,1431,0,move,-1,143.1061,143.1166,0,0.000,-0.088,0.176,-0.176,-0.088,0.088,-0.264,-0.088,0.176,0.000,-0.176,-0.088,-0.088,-50.713,34.541,0.000,0.439,0.176,0.000,0.000,0.000,0.000,0.000,0.000,0.000,0.000,0.000,0.000,0.000,0.000,0.000,-51.143,34.557,0.000,0.000,0.000,0.013,4.8,11.30,29.0,0.000,0.000,0.000,0.006,0.000,0.000,0.006,0.000,0.000,0.000,0.006,0.000,0.000,0.013,0.000,0.000,0.006,0.006
143.2061,1432,0,move,-1,143.2061,143.2180,0,0.000,-0.088,0.176,-0.176,-0.088,0.088,-0.264,-0.088,0.176,0.000,-0.176,-0.088,-0.088,-50.713,34.541,0.000,0.439,0.176,0.000,0.000,0.000,0.000,0.000,0.000,0.000,0.000,0.000,0.000,0.000,0.000,0.000,-51.143,34.557,0.000,0.000,0.000,0.019,4.8,11.30,29.0,0.000,0.000,0.000,0.006,0.000,0.000,0.000,0.000,0.000,0.000,0.000,0.000,0.000,0.019,0.000,0.000,0.006,0.006
143.3061,1433,0,move,-1,143.3061,143.3195,0,0.000,-0.088,0.176,-0.176,-0.088,0.088,-0.264,-0.088,0.176,0.000,-0.176,-0.088,-0.088,-50.713,34.541,0.000,0.439,0.176,0.000,0.000,0.000,0.000,0.000,0.000,0.000,0.000,0.000,0.000,0.000,0.000,0.000,-51.143,34.557,0.000,0.000,0.000,0.013,4.8,11.30,29.0,0.000,0.000,0.000,0.006,0.000,0.000,0.006,0.000,0.000,0.000,0.000,0.000,0.000,0.013,0.000,0.000,0.006,0.000
143.4061,1434,0,move,-1,143.4061,143.4132,0,0.000,-0.088,0.176,-0.176,-0.088,0.088,-0.264,-0.088,0.176,0.000,-0.176,-0.088,-0.088,-50.713,34.541,0.000,0.439,0.176,0.000,0.000,0.000,0.000,0.000,0.000,0.000,0.000,0.000,0.000,0.000,0.000,0.000,-51.143,34.557,0.000,0.000,0.000,0.013,4.8,11.30,29.0,0.000,0.000,0.000,0.006,0.000,0.000,0.006,0.000,0.000,0.000,0.000,0.000,0.000,0.013,0.000,0.000,0.006,0.000
143.5097,1435,0,move,-1,143.5097,143.5456,0,0.000,-0.088,0.176,-0.176,-0.088,0.088,-0.264,-0.088,0.176,0.000,-0.176,-0.088,-0.088,-50.713,34.541,0.000,0.439,0.176,0.000,0.000,0.000,0.000,0.000,0.000,0.000,0.000,0.000,0.000,0.000,0.000,0.000,-51.143,34.557,0.000,0.000,0.000,0.019,4.8,11.30,29.0,0.000,0.000,0.000,0.000,0.000,0.000,0.006,0.000,0.000,0.000,0.000,0.000,0.000,0.019,0.000,0.000,0.006,0.000
143.6063,1436,0,move,-1,143.6063,143.6159,0,0.000,-0.088,0.176,-0.176,-0.088,0.088,-0.264,-0.088,0.176,0.000,-0.176,-0.088,-0.088,-50.713,34.541,0.000,0.439,0.176,0.000,0.000,0.000,0.000,0.000,0.000,0.000,0.000,0.000,0.000,0.000,0.000,0.000,-51.143,34.557,0.000,0.000,0.000,0.019,4.8,11.30,29.0,0.000,0.000,0.000,0.000,0.000,0.000,0.006,0.000,0.000,0.000,0.000,0.000,0.000,0.019,0.000,0.000,0.006,0.000
143.7063,1437,0,move,-1,143.7063,143.7173,0,0.000,-0.088,0.176,-0.176,-0.088,0.088,-0.264,-0.088,0.176,0.000,-0.176,-0.088,-0.088,-50.713,34.541,0.000,0.439,0.176,0.000,0.000,0.000,0.000,0.000,0.000,0.000,0.000,0.000,0.000,0.000,0.000,0.000,-51.143,34.557,0.000,0.000,0.000,0.019,4.8,11.30,29.0,0.000,0.000,0.006,0.000,0.000,0.000,0.006,0.000,0.000,0.000,0.000,0.000,0.000,0.019,0.000,0.000,0.006,0.006
143.8061,1438,0,move,-1,143.8061,143.8192,0,0.000,-0.088,0.176,-0.176,-0.088,0.088,-0.264,-0.088,0.176,0.000,-0.176,-0.088,-0.088,-50.713,34.541,0.000,0.439,0.176,0.000,0.000,0.000,0.000,0.000,0.000,0.000,0.000,0.000,0.000,0.000,0.000,0.000,-51.143,34.557,0.000,0.000,0.000,0.019,4.8,11.30,29.0,0.000,0.000,0.000,0.000,0.000,0.000,0.000,0.000,0.006,0.000,0.000,0.000,0.000,0.019,0.000,0.000,0.006,0.006
143.9064,1439,0,move,-1,143.9064,143.9177,0,0.000,-0.088,0.176,-0.176,-0.088,0.088,-0.264,-0.088,0.176,0.000,-0.176,-0.088,-0.088,-50.713,34.541,0.000,0.439,0.176,0.000,0.000,0.000,0.000,0.000,0.000,0.000,0.000,0.000,0.000,0.000,0.000,0.000,-51.143,34.557,0.000,0.000,0.000,0.019,4.8,11.30,29.0,0.000,0.000,0.000,0.000,0.000,0.000,0.000,0.000,0.006,0.000,0.000,0.000,0.000,0.019,0.000,0.000,0.006,0.006
144.0061,1440,0,move,-1,144.0061,144.0183,0,0.000,-0.088,0.176,-0.176,-0.088,0.088,-0.264,-0.088,0.176,0.000,-0.176,-0.088,-0.088,-50.713,34.541,0.000,0.439,0.176,0.000,0.000,0.000,0.000,0.000,0.000,0.000,0.000,0.000,0.000,0.000,0.000,0.000,-51.143,34.557,0.000,0.000,0.000,0.019,4.8,11.30,29.0,0.000,0.000,0.000,0.006,0.000,0.000,0.006,0.000,0.000,0.000,0.000,0.000,0.000,0.019,0.000,0.000,0.006,0.006
144.1061,1441,0,move,-1,144.1061,144.1188,0,0.000,-0.088,0.176,-0.176,-0.088,0.088,-0.264,-0.088,0.176,0.000,-0.176,-0.088,-0.088,-50.713,34.541,0.000,0.439,0.176,0.000,0.000,0.000,0.000,0.000,0.000,0.000,0.000,0.000,0.000,0.000,0.000,0.000,-51.143,34.557,0.000,0.000,0.000,0.019,4.8,11.30,29.0,0.000,0.000,0.000,0.006,0.000,0.000,0.000,0.000,0.000,0.000,0.000,0.000,0.000,0.019,0.000,0.000,0.006,0.006
144.2063,1442,0,move,-1,144.2063,144.2186,0,0.000,-0.088,0.176,-0.176,-0.088,0.088,-0.264,-0.088,0.176,0.000,-0.176,-0.088,-0.088,-50.713,34.541,0.000,0.439,0.176,0.000,0.000,0.000,0.000,0.000,0.000,0.000,0.000,0.000,0.000,0.000,0.000,0.000,-51.143,34.557,0.000,0.000,0.000,0.019,4.8,11.30,29.0,0.000,0.000,0.000,0.006,0.000,0.000,0.000,0.000,0.000,0.000,0.000,0.000,0.000,0.019,0.000,0.000,0.006,0.006
144.3061,1443,0,move,-1,144.3061,144.3165,0,0.000,-0.088,0.176,-0.176,-0.088,0.088,-0.264,-0.088,0.176,0.000,-0.176,-0.088,-0.088,-50.713,34.541,0.000,0.439,0.176,0.000,0.000,0.000,0.000,0.000,0.000,0.000,0.000,0.000,0.000,0.000,0.000,0.000,-51.143,34.557,0.000,0.000,0.000,0.019,4.8,11.30,29.0,0.000,0.000,0.000,0.000,0.000,0.000,0.000,0.000,0.006,0.000,0.000,0.000,0.000,0.019,0.000,0.000,0.006,0.000
144.4063,1444,0,move,-1,144.4063,144.4191,0,0.000,-0.088,0.176,-0.176,-0.088,0.088,-0.264,-0.088,0.176,0.000,-0.176,-0.088,-0.088,-50.713,34.541,0.000,0.439,0.176,0.000,0.000,0.000,0.000,0.000,0.000,0.000,0.000,0.000,0.000,0.000,0.000,0.000,-51.143,34.557,0.000,0.000,0.000,0.019,4.8,11.30,29.0,0.000,0.000,0.000,0.006,0.000,0.000,0.006,0.000,0.000,0.000,0.000,0.000,0.000,0.019,0.000,0.000,0.006,0.006
144.5061,1445,0,move,-1,144.5061,144.5165,0,0.000,-0.088,0.176,-0.176,-0.088,0.088,-0.264,-0.088,0.176,0.000,-0.176,-0.088,-0.088,-50.713,34.541,0.000,0.439,0.176,0.000,0.000,0.000,0.000,0.000,0.000,0.000,0.000,0.000,0.000,0.000,0.000,0.000,-51.143,34.557,0.000,0.000,0.000,0.019,4.8,11.30,29.0,0.000,0.000,0.000,0.006,0.000,0.000,0.006,0.000,0.000,0.000,0.000,0.000,0.000,0.019,0.000,0.000,0.006,0.006
144.6061,1446,0,move,-1,144.6061,144.6174,0,0.000,-0.088,0.176,-0.176,-0.088,0.088,-0.264,-0.088,0.176,0.000,-0.176,-0.088,-0.088,-50.713,34.541,0.000,0.439,0.176,0.000,0.000,0.000,0.000,0.000,0.000,0.000,0.000,0.000,0.000,0.000,0.000,0.000,-51.143,34.557,0.000,0.000,0.000,0.013,4.8,11.30,29.0,0.000,0.000,0.000,0.000,0.000,0.000,0.006,0.000,0.000,0.000,0.000,0.000,0.000,0.013,0.000,0.000,0.006,0.006
144.7063,1447,0,move,-1,144.7063,144.7123,0,0.000,-0.088,0.176,-0.176,-0.088,0.088,-0.264,-0.088,0.176,0.000,-0.176,-0.088,-0.088,-50.713,34.541,0.000,0.439,0.176,0.000,0.000,0.000,0.000,0.000,0.000,0.000,0.000,0.000,0.000,0.000,0.000,0.000,-51.143,34.557,0.000,0.000,0.000,0.013,4.8,11.30,29.0,0.000,0.000,0.000,0.000,0.000,0.000,0.006,0.000,0.000,0.000,0.000,0.000,0.000,0.013,0.000,0.000,0.006,0.006
144.8062,1448,0,move,-1,144.8062,144.8206,0,0.000,-0.088,0.176,-0.176,-0.088,0.088,-0.264,-0.088,0.176,0.000,-0.176,-0.088,-0.088,-50.713,34.541,0.000,0.439,0.176,0.000,0.000,0.000,0.000,0.000,0.000,0.000,0.000,0.000,0.000,0.000,0.000,0.000,-51.143,34.557,0.000,0.000,0.000,0.006,2.4,11.30,32.0,0.000,0.000,0.000,0.006,0.000,0.000,0.006,0.000,0.000,0.000,0.006,0.000,0.000,,0.000,0.000,0.006,0.006
144.9061,1449,0,move,-1,144.9061,144.9185,0,0.000,-0.088,0.176,-0.176,-0.088,0.088,-0.264,-0.088,0.176,0.000,-0.176,-0.088,-0.088,-50.713,34.541,0.000,0.439,0.176,0.000,0.000,0.000,0.000,0.000,0.000,0.000,0.000,0.000,0.000,0.000,0.000,0.000,-51.143,34.557,0.000,0.000,0.000,0.006,2.4,11.30,32.0,0.000,0.000,0.000,0.006,0.000,0.000,0.006,0.000,0.000,0.000,0.006,0.000,0.000,,0.000,0.000,0.006,0.006
145.0096,1450,0,move,-1,145.0096,145.0560,0,0.000,-0.088,0.176,-0.176,-0.088,0.088,-0.264,-0.088,0.176,0.000,-0.176,-0.088,-0.088,-50.713,34.541,0.000,0.439,0.176,0.000,0.000,0.000,0.000,0.000,0.000,0.000,0.000,0.000,0.000,0.000,0.000,0.000,-51.143,34.557,0.000,0.000,0.000,0.019,4.8,11.30,29.0,0.000,0.000,0.000,0.000,0.000,0.000,0.006,0.000,0.000,0.000,0.000,0.000,0.000,0.019,0.000,0.000,0.006,0.000
145.1069,1451,0,move,-1,145.1069,145.1596,0,0.000,-0.088,0.176,-0.176,-0.088,0.088,-0.264,-0.088,0.176,0.000,-0.176,-0.088,-0.088,-50.713,34.541,0.000,0.439,0.176,0.000,0.000,0.000,0.000,0.000,0.000,0.000,0.000,0.000,0.000,0.000,0.000,0.000,-51.143,34.557,0.000,0.000,0.000,0.019,4.8,11.30,29.0,0.000,0.000,0.000,0.000,0.000,0.000,0.000,0.000,0.000,0.000,0.000,0.000,0.000,0.019,0.000,0.000,0.006,0.000
145.2064,1452,0,move,-1,145.2064,145.2182,0,0.000,-0.088,0.176,-0.176,-0.088,0.088,-0.264,-0.088,0.176,0.000,-0.176,-0.088,-0.088,-50.713,34.541,0.000,0.439,0.176,0.000,0.000,0.000,0.000,0.000,0.000,0.000,0.000,0.000,0.000,0.000,0.000,0.000,-51.143,34.557,0.000,0.000,0.000,0.019,4.8,11.30,29.0,0.000,0.000,0.000,0.000,0.000,0.000,0.000,0.000,0.000,0.000,0.000,0.000,0.000,0.019,0.000,0.000,0.006,0.000
145.3079,1453,0,move,-1,145.3079,145.3537,0,0.000,-0.088,0.176,-0.176,-0.088,0.088,-0.264,-0.088,0.176,0.000,-0.176,-0.088,-0.088,-50.713,34.541,0.000,0.439,0.176,0.000,0.000,0.000,0.000,0.000,0.000,0.000,0.000,0.000,0.000,0.000,0.000,0.000,-51.143,34.557,0.000,0.000,0.000,0.019,4.8,11.30,29.0,0.000,0.000,0.000,0.000,0.000,0.000,0.000,0.000,0.006,0.000,0.000,0.000,0.000,0.019,0.000,0.000,0.013,0.006
145.4063,1454,0,move,-1,145.4063,145.4186,0,0.000,-0.088,0.176,-0.176,-0.088,0.088,-0.264,-0.088,0.176,0.000,-0.176,-0.088,-0.088,-50.713,34.541,0.000,0.439,0.176,0.000,0.000,0.000,0.000,0.000,0.000,0.000,0.000,0.000,0.000,0.000,0.000,0.000,-51.143,34.557,0.000,0.000,0.000,0.019,4.8,11.30,29.0,0.000,0.000,0.000,0.000,0.000,0.000,0.000,0.000,0.006,0.000,0.000,0.000,0.000,0.019,0.000,0.000,0.013,0.006
145.5063,1455,0,move,-1,145.5063,145.5183,0,0.000,-0.088,0.176,-0.176,-0.088,0.088,-0.264,-0.088,0.176,0.000,-0.176,-0.088,-0.088,-50.713,34.541,0.000,0.439,0.176,0.000,0.000,0.000,0.000,0.000,0.000,0.000,0.000,0.000,0.000,0.000,0.000,0.000,-51.143,34.557,0.000,0.000,0.000,0.019,4.8,11.30,29.0,0.000,0.000,0.000,0.006,0.000,0.000,0.006,0.000,0.000,0.000,0.000,0.000,0.000,0.019,0.000,0.000,0.013,0.000
145.6064,1456,0,move,-1,145.6064,145.6170,0,0.000,-0.088,0.176,-0.176,-0.088,0.088,-0.264,-0.088,0.176,0.000,-0.176,-0.088,-0.088,-50.713,34.541,0.000,0.439,0.176,0.000,0.000,0.000,0.000,0.000,0.000,0.000,0.000,0.000,0.000,0.000,0.000,0.000,-51.143,34.557,0.000,0.000,0.000,0.019,4.8,11.30,29.0,0.000,0.000,0.000,0.006,0.000,0.000,0.006,0.000,0.000,0.000,0.000,0.000,0.000,0.019,0.000,0.000,0.013,0.000
145.7063,1457,0,move,-1,145.7063,145.7170,0,0.000,-0.088,0.176,-0.176,-0.088,0.088,-0.264,-0.088,0.176,0.000,-0.176,-0.088,-0.088,-50.713,34.541,0.000,0.439,0.176,0.000,0.000,0.000,0.000,0.000,0.000,0.000,0.000,0.000,0.000,0.000,0.000,0.000,-51.143,34.557,0.000,0.000,0.000,0.019,4.8,11.30,29.0,0.000,0.000,0.000,0.000,0.000,0.000,0.006,0.000,0.000,0.000,0.000,0.000,0.000,0.019,0.000,0.000,0.006,0.000
145.8063,1458,0,move,-1,145.8063,145.8168,0,0.000,-0.088,0.176,-0.176,-0.088,0.088,-0.264,-0.088,0.176,0.000,-0.176,-0.088,-0.088,-50.713,34.541,0.000,0.439,0.176,0.000,0.000,0.000,0.000,0.000,0.000,0.000,0.000,0.000,0.000,0.000,0.000,0.000,-51.143,34.557,0.000,0.000,0.000,0.019,4.8,11.30,29.0,0.000,0.000,0.000,0.000,0.000,0.000,0.006,0.000,0.000,0.000,0.000,0.000,0.000,0.019,0.000,0.000,0.006,0.000
145.9063,1459,0,move,-1,145.9063,145.9181,0,0.000,-0.088,0.176,-0.176,-0.088,0.088,-0.264,-0.088,0.176,0.000,-0.176,-0.088,-0.088,-50.713,34.541,0.000,0.439,0.176,0.000,0.000,0.000,0.000,0.000,0.000,0.000,0.000,0.000,0.000,0.000,0.000,0.000,-51.143,34.557,0.000,0.000,0.000,0.019,4.8,11.30,29.0,0.000,0.000,0.006,0.006,0.000,0.000,0.006,0.000,0.000,0.000,0.000,0.000,0.000,0.019,0.000,0.000,0.013,0.000
146.0063,1460,0,move,-1,146.0063,146.0169,0,0.000,-0.088,0.176,-0.176,-0.088,0.088,-0.264,-0.088,0.176,0.000,-0.176,-0.088,-0.088,-50.713,34.541,0.000,0.439,0.176,0.000,0.000,0.000,0.000,0.000,0.000,0.000,0.000,0.000,0.000,0.000,0.000,0.000,-51.143,34.557,0.000,0.000,0.000,0.019,4.8,11.30,29.0,0.000,0.000,0.006,0.006,0.000,0.000,0.006,0.000,0.000,0.000,0.000,0.000,0.000,0.019,0.000,0.000,0.013,0.000
146.1063,1461,0,move,-1,146.1063,146.1173,0,0.000,-0.088,0.176,-0.176,-0.088,0.088,-0.264,-0.088,0.176,0.000,-0.176,-0.088,-0.088,-50.713,34.541,0.000,0.439,0.176,0.000,0.000,0.000,0.000,0.000,0.000,0.000,0.000,0.000,0.000,0.000,0.000,0.000,-51.143,34.557,0.000,0.000,0.000,0.019,4.8,11.30,29.0,0.000,0.000,0.000,0.006,0.000,0.000,0.006,0.000,0.000,0.000,0.000,0.000,0.000,0.019,0.000,0.000,0.013,0.000
146.2061,1462,0,move,-1,146.2061,146.2179,0,0.000,-0.088,0.176,-0.176,-0.088,0.088,-0.264,-0.088,0.176,0.000,-0.176,-0.088,-0.088,-50.713,34.541,0.000,0.439,0.176,0.000,0.000,0.000,0.000,0.000,0.000,0.000,0.000,0.000,0.000,0.000,0.000,0.000,-51.143,34.557,0.000,0.000,0.000,0.019,4.8,11.30,29.0,0.000,0.000,0.000,0.000,0.000,0.000,0.006,0.000,0.000,0.000,0.000,0.000,0.000,0.019,0.000,0.000,0.006,0.000
146.3061,1463,0,move,-1,146.3061,146.3197,0,0.000,-0.088,0.176,-0.176,-0.088,0.088,-0.264,-0.088,0.176,0.000,-0.176,-0.088,-0.088,-50.713,34.541,0.000,0.439,0.176,0.000,0.000,0.000,0.000,0.000,0.000,0.000,0.000,0.000,0.000,0.000,0.000,0.000,-51.143,34.557,0.000,0.000,0.000,0.019,4.8,11.30,29.0,0.000,0.000,0.000,0.000,0.000,0.000,0.000,0.000,0.000,0.000,0.006,0.000,0.000,0.019,0.000,0.000,0.013,0.006
146.4064,1464,0,move,-1,146.4064,146.4180,0,0.000,-0.088,0.176,-0.176,-0.088,0.088,-0.264,-0.088,0.176,0.000,-0.176,-0.088,-0.088,-50.713,34.541,0.000,0.439,0.176,0.000,0.000,0.000,0.000,0.000,0.000,0.000,0.000,0.000,0.000,0.000,0.000,0.000,-51.143,34.557,0.000,0.000,0.000,0.019,4.8,11.30,29.0,0.000,0.000,0.000,0.000,0.000,0.000,0.000,0.000,0.000,0.000,0.006,0.000,0.000,0.019,0.000,0.000,0.013,0.006
146.5063,1465,0,move,-1,146.5063,146.5206,0,0.000,-0.088,0.176,-0.176,-0.088,0.088,-0.264,-0.088,0.176,0.000,-0.176,-0.088,-0.088,-50.713,34.541,0.000,0.439,0.176,0.000,0.000,0.000,0.000,0.000,0.000,0.000,0.000,0.000,0.000,0.000,0.000,0.000,-51.143,34.557,0.000,0.000,0.000,0.013,4.8,11.30,29.0,0.000,0.000,0.000,0.000,0.000,0.000,0.000,0.000,0.006,0.000,0.006,0.000,0.000,0.013,0.000,0.000,0.013,0.000
146.6072,1466,0,move,-1,146.6072,146.6652,0,0.000,-0.088,0.176,-0.176,-0.088,0.088,-0.264,-0.088,0.176,0.000,-0.176,-0.088,-0.088,-50.713,34.541,0.000,0.439,0.176,0.000,0.000,0.000,0.000,0.000,0.000,0.000,0.000,0.000,0.000,0.000,0.000,0.000,-51.143,34.557,0.000,0.000,0.000,0.000,0.0,11.30,31.0,0.000,0.000,0.000,0.000,0.000,0.000,0.000,0.000,0.000,0.000,0.000,0.000,0.000,0.000,0.000,0.000,0.000,0.000
146.7062,1467,0,move,-1,146.7062,146.7144,0,0.000,-0.088,0.176,-0.176,-0.088,0.088,-0.264,-0.088,0.176,0.000,-0.176,-0.088,-0.088,-50.713,34.541,0.000,0.439,0.176,0.000,0.000,0.000,0.000,0.000,0.000,0.000,0.000,0.000,0.000,0.000,0.000,0.000,-51.143,34.557,0.000,0.000,0.000,0.000,0.0,11.30,31.0,0.000,0.000,0.000,0.000,0.000,0.000,0.000,0.000,0.000,0.000,0.000,0.000,0.000,0.000,0.000,0.000,0.000,0.000
146.8061,1468,0,move,-1,146.8061,146.8199,0,0.000,-0.088,0.176,-0.176,-0.088,0.088,-0.264,-0.088,0.176,0.000,-0.176,-0.088,-0.088,-50.713,34.541,0.000,0.439,0.176,0.000,0.000,0.000,0.000,0.000,0.000,0.000,0.000,0.000,0.000,0.000,0.000,0.000,-51.143,34.557,0.000,0.000,0.000,0.019,4.8,11.30,29.0,0.000,0.000,0.000,0.000,0.000,0.000,0.006,0.000,0.000,0.000,0.006,0.000,0.000,0.019,0.000,0.000,0.006,0.006
146.9063,1469,0,move,-1,146.9063,146.9183,0,0.000,-0.088,0.176,-0.176,-0.088,0.088,-0.264,-0.088,0.176,0.000,-0.176,-0.088,-0.088,-50.713,34.541,0.000,0.439,0.176,0.000,0.000,0.000,0.000,0.000,0.000,0.000,0.000,0.000,0.000,0.000,0.000,0.000,-51.143,34.557,0.000,0.000,0.000,0.019,4.8,11.30,29.0,0.000,0.000,0.000,0.000,0.000,0.000,0.006,0.000,0.000,0.000,0.006,0.000,0.000,0.019,0.000,0.000,0.006,0.006
147.0063,1470,0,move,-1,147.0063,147.0166,0,0.000,-0.088,0.176,-0.176,-0.088,0.088,-0.264,-0.088,0.176,0.000,-0.176,-0.088,-0.088,-50.713,34.541,0.000,0.439,0.176,0.000,0.000,0.000,0.000,0.000,0.000,0.000,0.000,0.000,0.000,0.000,0.000,0.000,-51.143,34.557,0.000,0.000,0.000,0.019,4.8,11.30,29.0,0.000,0.000,0.006,0.000,0.000,0.000,0.006,0.000,0.000,0.000,0.000,0.000,0.000,0.019,0.000,0.000,0.006,0.000
147.1061,1471,0,move,-1,147.1061,147.1168,0,0.000,-0.088,0.176,-0.176,-0.088,0.088,-0.264,-0.088,0.176,0.000,-0.176,-0.088,-0.088,-50.713,34.541,0.000,0.439,0.176,0.000,0.000,0.000,0.000,0.000,0.000,0.000,0.000,0.000,0.000,0.000,0.000,0.000,-51.143,34.557,0.000,0.000,0.000,0.019,4.8,11.30,29.0,0.000,0.000,0.000,0.000,0.000,0.000,0.000,0.000,0.000,0.000,0.000,0.000,0.000,0.019,0.000,0.000,0.013,0.000
147.2061,1472,0,move,-1,147.2061,147.2192,0,0.000,-0.088,0.176,-0.176,-0.088,0.088,-0.264,-0.088,0.176,0.000,-0.176,-0.088,-0.088,-50.713,34.541,0.000,0.439,0.176,0.000,0.000,0.000,0.000,0.000,0.000,0.000,0.000,0.000,0.000,0.000,0.000,0.000,-51.143,34.557,0.000,0.000,0.000,0.019,4.8,11.30,29.0,0.000,0.000,0.006,0.006,0.000,0.000,0.000,0.000,0.000,0.000,0.000,0.000,0.000,0.019,0.000,0.000,0.006,0.000
147.3063,1473,0,move,-1,147.3063,147.3169,0,0.000,-0.088,0.176,-0.176,-0.088,0.088,-0.264,-0.088,0.176,0.000,-0.176,-0.088,-0.088,-50.713,34.541,0.000,0.439,0.176,0.000,0.000,0.000,0.000,0.000,0.000,0.000,0.000,0.000,0.000,0.000,0.000,0.000,-51.143,34.557,0.000,0.000,0.000,0.019,4.8,11.30,29.0,0.000,0.000,0.006,0.006,0.000,0.000,0.000,0.000,0.000,0.000,0.000,0.000,0.000,0.019,0.000,0.000,0.006,0.000
147.4063,1474,0,move,-1,147.4063,147.4184,0,0.000,-0.088,0.176,-0.176,-0.088,0.088,-0.264,-0.088,0.176,0.000,-0.176,-0.088,-0.088,-50.713,34.541,0.000,0.439,0.176,0.000,0.000,0.000,0.000,0.000,0.000,0.000,0.000,0.000,0.000,0.000,0.000,0.000,-51.143,34.557,0.000,0.000,0.000,0.019,4.8,11.30,29.0,0.000,0.000,0.000,0.006,0.000,0.000,0.006,0.000,0.006,0.000,0.000,0.000,0.000,0.019,0.000,0.000,0.006,0.006
147.5063,1475,0,move,-1,147.5063,147.5198,0,0.000,-0.088,0.176,-0.176,-0.088,0.088,-0.264,-0.088,0.176,0.000,-0.176,-0.088,-0.088,-50.713,34.541,0.000,0.439,0.176,0.000,0.000,0.000,0.000,0.000,0.000,0.000,0.000,0.000,0.000,0.000,0.000,0.000,-51.143,34.557,0.000,0.000,0.000,0.019,4.8,11.30,29.0,0.000,0.000,0.000,0.000,0.000,0.000,0.006,0.000,0.000,0.000,0.000,0.000,0.000,0.019,0.000,0.000,0.006,0.000
147.6193,1476,0,move,-1,147.6193,147.6394,0,0.000,-0.088,0.176,-0.176,-0.088,0.088,-0.264,-0.088,0.176,0.000,-0.176,-0.088,-0.088,-50.713,34.541,0.000,0.439,0.176,0.000,0.000,0.000,0.000,0.000,0.000,0.000,0.000,0.000,0.000,0.000,0.000,0.000,-51.143,34.557,0.000,0.000,0.000,0.019,4.8,11.30,29.0,0.000,0.000,0.000,0.000,0.000,0.000,0.006,0.000,0.000,0.000,0.000,0.000,0.000,0.019,0.000,0.000,0.006,0.006
147.7061,1477,0,move,-1,147.7061,147.7190,0,0.000,-0.088,0.176,-0.176,-0.088,0.088,-0.264,-0.088,0.176,0.000,-0.176,-0.088,-0.088,-50.713,34.541,0.000,0.439,0.176,0.000,0.000,0.000,0.000,0.000,0.000,0.000,0.000,0.000,0.000,0.000,0.000,0.000,-51.143,34.557,0.000,0.000,0.000,0.019,4.8,11.30,29.0,0.000,0.000,0.000,0.000,0.000,0.000,0.006,0.000,0.000,0.000,0.000,0.000,0.000,0.019,0.000,0.000,0.006,0.006
147.8141,1478,0,move,-1,147.8141,147.8261,0,0.000,-0.088,0.176,-0.176,-0.088,0.088,-0.264,-0.088,0.176,0.000,-0.176,-0.088,-0.088,-50.713,34.541,0.000,0.439,0.176,0.000,0.000,0.000,0.000,0.000,0.000,0.000,0.000,0.000,0.000,0.000,0.000,0.000,-51.143,34.557,0.000,0.000,0.000,0.019,4.8,11.30,29.0,0.000,0.000,0.000,0.000,0.000,0.000,0.006,0.000,0.006,0.000,0.000,0.000,0.000,0.019,0.000,0.000,0.006,0.000
147.9063,1479,0,move,-1,147.9063,147.9187,0,0.000,-0.088,0.176,-0.176,-0.088,0.088,-0.264,-0.088,0.176,0.000,-0.176,-0.088,-0.088,-50.713,34.541,0.000,0.439,0.176,0.000,0.000,0.000,0.000,0.000,0.000,0.000,0.000,0.000,0.000,0.000,0.000,0.000,-51.143,34.557,0.000,0.000,0.000,0.019,4.8,11.30,29.0,0.000,0.000,0.000,0.000,0.000,0.000,0.006,0.000,0.006,0.000,0.000,0.000,0.000,0.019,0.000,0.000,0.006,0.000
148.0061,1480,0,move,-1,148.0061,148.0191,0,0.000,-0.088,0.176,-0.176,-0.088,0.088,-0.264,-0.088,0.176,0.000,-0.176,-0.088,-0.088,-50.713,34.541,0.000,0.439,0.176,0.000,0.000,0.000,0.000,0.000,0.000,0.000,0.000,0.000,0.000,0.000,0.000,0.000,-51.087,34.527,0.000,0.000,0.000,0.013,4.8,11.30,29.0,0.000,0.000,0.000,0.000,0.000,0.000,0.006,0.000,0.006,0.000,0.006,0.000,0.000,0.013,0.000,0.000,0.013,0.006
148.1061,1481,0,move,-1,148.1061,148.1157,0,0.000,-0.088,0.176,-0.176,-0.088,0.088,-0.264,-0.088,0.176,0.000,-0.176,-0.088,-0.088,-50.713,34.541,0.000,0.439,0.176,0.000,0.000,0.000,0.000,0.000,0.000,0.000,0.000,0.000,0.000,0.000,0.000,0.000,-50.920,34.437,0.000,0.000,0.000,0.013,4.8,11.30,29.0,0.000,0.000,0.000,0.000,0.000,0.000,0.006,0.000,0.006,0.000,0.006,0.000,0.000,0.013,0.000,0.000,0.013,0.006
148.2064,1482,0,move,-1,148.2064,148.2185,0,0.000,-0.088,0.176,-0.176,-0.088,0.088,-0.264,-0.088,0.176,0.000,-0.176,-0.088,-0.088,-50.713,34.541,0.000,0.439,0.176,0.000,0.000,0.000,0.000,0.000,0.000,0.000,0.000,0.000,0.000,0.000,0.000,0.000,-50.644,34.286,0.000,0.000,0.000,0.013,4.0,11.30,29.0,0.000,0.000,0.000,0.000,0.000,0.000,0.006,0.000,0.000,0.000,0.000,0.000,0.000,0.013,0.000,0.000,0.006,0.006
148.3063,1483,0,move,-1,148.3063,148.3172,0,0.000,-0.088,0.176,-0.176,-0.088,0.088,-0.264,-0.088,0.176,0.000,-0.176,-0.088,-0.088,-50.625,34.365,0.000,0.439,0.176,0.000,0.000,0.000,0.000,0.000,0.000,0.000,0.000,0.000,0.000,0.000,0.000,0.000,-50.260,34.076,0.000,0.000,0.000,0.013,4.0,11.30,29.0,0.000,0.000,0.000,0.000,0.000,0.000,0.006,0.000,0.000,0.000,0.000,0.000,0.000,0.013,0.000,0.000,0.006,0.006
148.4063,1484,0,move,-1,148.4063,148.4176,0,0.000,-0.088,0.176,-0.176,-0.088,0.088,-0.264,-0.088,0.176,0.000,-0.176,-0.088,-0.088,-50.449,34.102,0.000,0.439,0.176,0.000,0.000,0.000,0.000,0.000,0.000,0.000,0.000,0.000,0.000,0.000,0.000,0.000,-49.769,33.806,0.000,0.000,0.000,0.006,3.2,11.20,32.0,0.000,0.000,0.000,0.000,0.000,0.000,0.006,0.000,0.000,0.000,0.000,0.000,0.000,0.000,0.006,0.000,0.006,0.000
148.5067,1485,0,move,-1,148.5067,148.5255,0,0.000,-0.088,0.176,-0.176,-0.088,0.088,-0.264,-0.088,0.176,0.000,-0.176,-0.088,-0.088,-49.922,34.014,0.000,0.439,0.176,0.000,0.000,0.000,0.000,0.000,0.000,0.000,0.000,0.000,0.000,0.000,0.000,0.000,-49.176,33.476,0.000,0.000,0.000,0.006,3.2,11.30,32.0,0.000,0.000,0.000,0.000,0.000,0.000,0.006,0.000,0.006,0.000,0.000,0.000,0.000,0.000,0.000,0.000,0.006,0.006
148.6061,1486,0,move,-1,148.6061,148.6175,0,0.000,-0.088,0.176,-0.176,-0.088,0.088,-0.264,-0.088,0.176,0.000,-0.176,-0.088,-0.088,-49.395,33.486,0.000,0.439,0.176,0.000,0.000,0.000,0.000,0.000,0.000,0.000,0.000,0.000,0.000,0.000,0.000,0.000,-48.483,33.087,0.000,0.000,0.000,0.006,3.2,11.30,32.0,0.000,0.000,0.000,0.000,0.000,0.000,0.006,0.000,0.006,0.000,0.000,0.000,0.000,0.000,0.000,0.000,0.006,0.006
148.7061,1487,0,move,-1,148.7061,148.7126,0,0.000,-0.088,0.176,-0.176,-0.088,0.088,-0.264,-0.088,0.176,0.000,-0.176,-0.088,-0.088,-49.131,33.047,0.000,0.439,0.176,0.000,0.000,0.000,0.000,0.000,0.000,0.000,0.000,0.000,0.000,0.000,0.000,0.000,-47.696,32.641,0.000,0.000,0.000,0.006,3.2,11.20,32.0,0.000,0.000,0.000,0.000,0.000,0.000,0.006,0.000,0.000,0.000,0.000,0.000,0.000,0.006,0.006,0.006,0.006,0.000
148.8063,1488,0,move,-1,148.8063,148.8190,0,0.000,-0.088,0.176,-0.176,-0.088,0.088,-0.264,-0.088,0.176,0.000,-0.176,-0.088,-0.088,-48.164,32.607,0.000,0.439,0.176,0.000,0.000,0.000,0.000,0.000,0.000,0.000,0.000,0.000,0.000,0.000,0.000,0.000,-46.816,32.136,0.000,0.000,0.000,0.013,5.2,11.30,29.0,0.000,0.000,0.000,0.000,0.000,0.000,0.000,0.000,0.000,0.000,0.000,0.000,0.006,0.013,0.006,0.000,0.013,0.006
148.9063,1489,0,move,-1,148.9063,148.9160,0,0.000,-0.088,0.176,-0.176,-0.088,0.088,-0.264,-0.088,0.176,0.000,-0.176,-0.088,-0.088,-47.461,32.256,0.000,0.439,0.176,0.000,0.000,0.000,0.000,0.000,0.000,0.000,0.000,0.000,0.000,0.000,0.000,0.000,-45.851,31.576,0.000,0.000,0.000,0.013,5.2,11.30,29.0,0.000,0.000,0.000,0.000,0.000,0.000,0.000,0.000,0.000,0.000,0.000,0.000,0.006,0.013,0.006,0.000,0.013,0.006
149.0062,1490,0,move,-1,149.0062,149.0170,0,0.000,-0.088,0.176,-0.176,-0.088,0.088,-0.264,-0.088,0.176,0.000,-0.176,-0.088,-0.088,-46.582,31.641,0.000,0.439,0.176,0.000,0.000,0.000,0.000,0.000,0.000,0.000,0.000,0.000,0.000,0.000,0.000,0.000,-44.803,30.959,0.000,0.000,0.000,0.013,5.2,11.30,29.0,0.000,0.000,0.000,0.000,0.000,0.000,0.000,0.000,0.006,0.000,0.000,0.000,0.000,0.013,0.006,0.000,0.006,0.006
149.1063,1491,0,move,-1,149.1063,149.1181,0,0.000,-0.088,0.176,-0.176,-0.088,0.088,-0.264,-0.088,0.176,0.000,-0.176,-0.088,-0.088,-45.615,31.113,0.000,0.439,0.176,0.000,0.000,0.000,0.000,0.000,0.000,0.000,0.000,0.000,0.000,0.000,0.000,0.000,-43.680,30.289,0.000,0.000,0.000,0.013,4.8,11.30,29.0,0.000,0.000,0.000,0.000,0.000,0.000,0.006,0.000,0.006,0.000,0.006,0.000,0.000,0.013,0.006,0.000,0.006,0.006
149.2061,1492,0,move,-1,149.2061,149.2139,0,0.000,-0.088,0.176,-0.176,-0.088,0.088,-0.264,-0.088,0.176,0.000,-0.176,-0.088,-0.088,-44.912,30.586,0.000,0.439,0.176,0.000,0.000,0.000,0.000,0.000,0.000,0.000,0.000,0.000,0.000,0.000,0.000,0.000,-42.487,29.567,0.000,0.000,0.000,0.013,4.8,11.30,29.0,0.000,0.000,0.000,0.000,0.000,0.000,0.006,0.000,0.006,0.000,0.006,0.000,0.000,0.013,0.006,0.000,0.006,0.006
149.3063,1493,0,move,-1,149.3063,149.3180,0,0.000,-0.088,0.176,-0.176,-0.088,0.088,-0.264,-0.088,0.176,0.000,-0.176,-0.088,-0.088,-43.418,29.795,0.000,0.439,0.176,0.000,0.000,0.000,0.000,0.000,0.000,0.000,0.000,0.000,0.000,0.000,0.000,0.000,-41.228,28.795,0.000,0.000,0.000,0.013,4.8,11.30,29.0,0.000,0.000,0.000,0.000,0.000,0.000,0.006,0.000,0.000,0.000,0.000,0.000,0.000,0.013,0.006,0.000,0.013,0.000
149.4063,1494,0,move,-1,149.4063,149.4166,0,0.000,-0.088,0.176,-0.176,-0.088,0.088,-0.264,-0.088,0.176,0.000,-0.176,-0.088,-0.088,-42.188,29.092,0.000,0.439,0.176,0.000,0.000,0.000,0.000,0.000,0.000,0.000,0.000,0.000,0.000,0.000,0.000,0.000,-39.910,27.976,0.000,0.000,0.000,0.013,4.8,11.30,29.0,0.000,0.000,0.000,0.000,0.000,0.000,0.006,0.000,0.000,0.000,0.000,0.000,0.000,0.013,0.006,0.000,0.013,0.000
149.5063,1495,0,move,-1,149.5063,149.5168,0,0.000,-0.088,0.176,-0.176,-0.088,0.088,-0.264,-0.088,0.176,0.000,-0.176,-0.088,-0.088,-40.869,28.213,0.000,0.439,0.176,0.000,0.000,0.000,0.000,0.000,0.000,0.000,0.000,0.000,0.000,0.000,0.000,0.000,-38.538,27.112,0.000,0.000,0.000,0.006,3.2,11.30,32.0,0.000,0.000,0.000,0.000,0.000,0.000,0.006,0.000,0.000,0.006,0.006,0.000,0.000,0.006,0.000,0.000,0.006,0.006
149.6064,1496,0,move,-1,149.6064,149.6193,0,0.000,-0.088,0.176,-0.176,-0.088,0.088,-0.264,-0.088,0.176,0.000,-0.176,-0.088,-0.088,-39.463,27.422,0.000,0.439,0.176,0.000,0.000,0.000,0.000,0.000,0.000,0.000,0.000,0.000,0.000,0.000,0.000,0.000,-37.119,26.207,0.000,0.000,0.000,0.006,0.0,11.30,31.0,0.006,0.000,0.000,0.000,0.000,0.000,0.006,0.000,0.000,0.000,0.000,0.000,0.000,0.000,0.006,0.000,0.006,0.000
149.7061,1497,0,move,-1,149.7061,149.7127,0,0.000,-0.088,0.176,-0.176,-0.088,0.088,-0.264,-0.088,0.176,0.000,-0.176,-0.088,-0.088,-38.232,26.719,0.000,0.439,0.176,0.000,0.000,0.000,0.000,0.000,0.000,0.000,0.000,0.000,0.000,0.000,0.000,0.000,-35.658,25.263,0.000,0.000,0.000,0.006,0.0,11.30,31.0,0.006,0.000,0.000,0.000,0.000,0.000,0.006,0.000,0.000,0.000,0.000,0.000,0.000,0.000,0.006,0.000,0.006,0.000
149.8063,1498,0,move,-1,149.8063,149.8177,0,0.000,-0.088,0.176,-0.176,-0.088,0.088,-0.264,-0.088,0.176,0.000,-0.176,-0.088,-0.088,-36.650,25.576,0.000,0.439,0.176,0.000,0.000,0.000,0.000,0.000,0.000,0.000,0.000,0.000,0.000,0.000,0.000,0.000,-34.162,24.285,0.000,0.000,0.000,0.013,2.8,11.30,29.0,0.000,0.000,0.006,0.006,0.000,0.000,0.006,0.000,0.000,0.000,0.000,0.000,0.000,0.000,0.013,0.000,0.013,0.006
149.9063,1499,0,move,-1,149.9063,149.9166,0,0.000,-0.088,0.176,-0.176,-0.088,0.088,-0.264,-0.088,0.176,0.000,-0.176,-0.088,-0.088,-35.244,24.609,0.000,0.439,0.176,0.000,0.000,0.000,0.000,0.000,0.000,0.000,0.000,0.000,0.000,0.000,0.000,0.000,-32.637,23.276,0.000,0.000,0.000,0.013,2.8,11.30,29.0,0.000,0.000,0.006,0.006,0.000,0.000,0.006,0.000,0.000,0.000,0.000,0.000,0.000,0.000,0.013,0.000,0.013,0.006
150.0061,1500,0,move,-1,150.0061,150.0122,0,0.000,-0.088,0.176,-0.176,-0.088,0.088,-0.264,-0.088,0.176,0.000,-0.176,-0.088,-0.088,-34.277,24.082,0.000,0.439,0.176,0.000,0.000,0.000,0.000,0.000,0.000,0.000,0.000,0.000,0.000,0.000,0.000,0.000,-31.087,22.240,0.000,0.000,0.000,0.013,4.8,11.30,31.0,0.000,0.000,0.000,0.000,0.000,0.000,0.000,0.000,0.006,0.000,0.000,0.000,0.000,0.000,0.000,0.000,0.013,0.000
150.1063,1501,0,move,-1,150.1063,150.1159,0,0.000,-0.088,0.176,-0.176,-0.088,0.088,-0.264,-0.088,0.176,0.000,-0.176,-0.088,-0.088,-32.344,22.676,0.000,0.439,0.176,0.000,0.000,0.000,0.000,0.000,0.000,0.000,0.000,0.000,0.000,0.000,0.000,0.000,-29.519,21.181,0.000,0.000,0.000,0.019,4.8,11.30,29.0,0.000,0.000,0.006,0.000,0.000,0.000,0.006,0.000,0.006,0.000,0.000,0.000,0.000,0.006,0.019,0.000,0.006,0.000
150.2097,1502,0,move,-1,150.2097,150.2329,0,0.000,-0.088,0.176,-0.176,-0.088,0.088,-0.264,-0.088,0.176,0.000,-0.176,-0.088,-0.088,-30.498,21.533,0.000,0.439,0.176,0.000,0.000,0.000,0.000,0.000,0.000,0.000,0.000,0.000,0.000,0.000,0.000,0.000,-27.940,20.103,0.000,0.000,0.000,0.019,5.2,11.30,29.0,0.000,0.000,0.000,0.000,0.000,0.000,0.006,0.000,0.000,0.000,0.000,0.000,0.000,0.000,0.019,0.000,0.006,0.006
150.3098,1503,0,move,-1,150.3098,150.3321,0,0.000,-0.088,0.176,-0.176,-0.088,0.088,-0.264,-0.088,0.176,0.000,-0.176,-0.088,-0.088,-29.004,20.479,0.000,0.439,0.176,0.000,0.000,0.000,0.000,0.000,0.000,0.000,0.000,0.000,0.000,0.000,0.000,0.000,-26.354,19.012,0.000,0.000,0.000,0.019,5.2,11.30,29.0,0.000,0.000,0.000,0.000,0.000,0.000,0.006,0.000,0.000,0.000,0.000,0.000,0.000,0.000,0.019,0.000,0.006,0.006
150.4063,1504,0,move,-1,150.4063,150.4174,0,0.000,-0.088,0.176,-0.176,-0.088,0.088,-0.264,-0.088,0.176,0.000,-0.176,-0.088,-0.088,-28.652,19.951,0.000,0.439,0.176,0.000,0.000,0.000,0.000,0.000,0.000,0.000,0.000,0.000,0.000,0.000,0.000,0.000,-24.769,17.912,0.000,0.000,0.000,0.013,3.6,11.30,29.0,0.000,0.000,0.006,0.000,0.000,0.000,0.000,0.000,0.006,0.000,0.000,0.000,0.000,0.000,0.013,0.000,0.006,0.006
150.5063,1505,0,move,-1,150.5063,150.5165,0,0.000,-0.088,0.176,-0.176,-0.088,0.088,-0.264,-0.088,0.176,0.000,-0.176,-0.088,-0.088,-27.070,18.633,0.000,0.439,0.176,0.000,0.000,0.000,0.000,0.000,0.000,0.000,0.000,0.000,0.000,0.000,0.000,0.000,-23.189,16.807,0.000,0.000,0.000,0.013,3.6,11.30,29.0,0.000,0.000,0.006,0.000,0.000,0.000,0.000,0.000,0.006,0.000,0.000,0.000,0.000,0.000,0.013,0.000,0.006,0.006
150.6063,1506,0,move,-1,150.6063,150.6167,0,0.000,-0.088,0.176,-0.176,-0.088,0.088,-0.264,-0.088,0.176,0.000,-0.176,-0.088,-0.088,-25.400,17.402,0.000,0.439,0.176,0.000,0.000,0.000,0.000,0.000,0.000,0.000,0.000,0.000,0.000,0.000,0.000,0.000,-21.620,15.703,0.000,0.000,0.000,0.006,3.2,11.30,32.0,0.000,0.000,0.000,0.000,0.000,0.000,0.006,0.000,0.000,0.000,0.006,0.000,0.000,0.006,0.006,0.000,0.006,0.000
150.7061,1507,0,move,-1,150.7061,150.7172,0,0.000,-0.088,0.176,-0.176,-0.088,0.088,-0.264,-0.088,0.176,0.000,-0.176,-0.088,-0.088,-23.906,16.260,0.000,0.439,0.176,0.000,0.000,0.000,0.000,0.000,0.000,0.000,0.000,0.000,0.000,0.000,0.000,0.000,-20.068,14.603,0.000,0.000,0.000,0.013,4.8,11.30,31.0,0.000,0.000,0.000,0.000,0.000,0.000,0.006,0.000,0.000,0.000,0.000,0.000,0.000,0.006,0.000,0.000,0.013,0.000
150.8061,1508,0,move,-1,150.8061,150.8300,0,0.000,-0.088,0.176,-0.176,-0.088,0.088,-0.264,-0.088,0.176,0.000,-0.176,-0.088,-0.088,-22.148,15.029,0.000,0.439,0.176,0.000,0.000,0.000,0.000,0.000,0.000,0.000,0.000,0.000,0.000,0.000,0.000,0.000,-18.539,13.514,0.000,0.000,0.000,0.006,2.4,11.30,32.0,0.000,0.000,0.000,0.006,0.000,0.000,,0.000,0.000,0.000,0.006,0.000,0.000,0.000,0.006,0.000,0.006,0.000
150.9061,1509,0,move,-1,150.9061,150.9177,0,0.000,-0.088,0.176,-0.176,-0.088,0.088,-0.264,-0.088,0.176,0.000,-0.176,-0.088,-0.088,-20.654,14.062,0.000,0.439,0.176,0.000,0.000,0.000,0.000,0.000,0.000,0.000,0.000,0.000,0.000,0.000,0.000,0.000,-17.038,12.438,0.000,0.000,0.000,0.006,2.4,11.30,32.0,0.000,0.000,0.000,0.006,0.000,0.000,,0.000,0.000,0.000,0.006,0.000,0.000,0.000,0.006,0.000,0.006,0.000
151.0063,1510,0,move,-1,151.0063,151.0183,0,0.000,-0.088,0.176,-0.176,-0.088,0.088,-0.264,-0.088,0.176,0.000,-0.176,-0.088,-0.088,-19.072,13.096,0.000,0.439,0.176,0.000,0.000,0.000,0.000,0.000,0.000,0.000,0.000,0.000,0.000,0.000,0.000,0.000,-15.570,11.382,0.000,0.000,0.000,0.006,3.2,11.30,32.0,0.000,0.000,0.000,0.000,0.000,0.000,0.006,0.000,0.000,0.000,0.000,0.000,0.000,0.006,0.006,0.000,0.006,0.000
151.1105,1511,0,move,-1,151.1105,151.1229,0,0.000,-0.088,0.176,-0.176,-0.088,0.088,-0.264,-0.088,0.176,0.000,-0.176,-0.088,-0.088,-17.402,11.865,0.000,0.439,0.176,0.000,0.000,0.000,0.000,0.000,0.000,0.000,0.000,0.000,0.000,0.000,0.000,0.000,-14.141,10.350,0.000,0.000,0.000,0.006,2.4,11.30,32.0,0.000,0.000,0.000,0.006,0.000,0.000,0.006,0.000,0.000,0.000,0.000,0.000,0.000,0.000,0.000,0.000,0.006,0.006
151.2061,1512,0,move,-1,151.2061,151.2115,0,0.000,-0.088,0.176,-0.176,-0.088,0.088,-0.264,-0.088,0.176,0.000,-0.176,-0.088,-0.088,-16.260,11.162,0.000,0.439,0.176,0.000,0.000,0.000,0.000,0.000,0.000,0.000,0.000,0.000,0.000,0.000,0.000,0.000,-12.756,9.347,0.000,0.000,0.000,0.006,2.4,11.30,32.0,0.000,0.000,0.000,0.006,0.000,0.000,0.006,0.000,0.000,0.000,0.000,0.000,0.000,0.000,0.000,0.000,0.006,0.006
151.3061,1513,0,move,-1,151.3061,151.3185,0,0.000,-0.088,0.176,-0.176,-0.088,0.088,-0.264,-0.088,0.176,0.000,-0.176,-0.088,-0.088,-14.238,9.756,0.000,0.439,0.176,0.000,0.000,0.000,0.000,0.000,0.000,0.000,0.000,0.000,0.000,0.000,0.000,0.000,-11.421,8.375,0.000,0.000,0.000,0.013,4.8,11.30,31.0,0.000,0.000,0.000,0.000,0.000,0.000,0.006,0.000,0.000,0.000,0.006,0.000,0.000,0.000,0.000,0.000,0.013,0.000
151.4063,1514,0,move,-1,151.4063,151.4173,0,0.000,-0.088,0.176,-0.176,-0.088,0.088,-0.264,-0.088,0.176,0.000,-0.176,-0.088,-0.088,-12.744,8.789,0.000,0.439,0.176,0.000,0.000,0.000,0.000,0.000,0.000,0.000,0.000,0.000,0.000,0.000,0.000,0.000,-10.139,7.441,0.000,0.000,0.000,0.013,4.8,11.30,31.0,0.000,0.000,0.000,0.000,0.000,0.000,0.006,0.000,0.000,0.000,0.006,0.000,0.000,0.000,0.000,0.000,0.013,0.000
151.5061,1515,0,move,-1,151.5061,151.5175,0,0.000,-0.088,0.176,-0.176,-0.088,0.088,-0.264,-0.088,0.176,0.000,-0.176,-0.088,-0.088,-11.162,7.822,0.000,0.439,0.176,0.000,0.000,0.000,0.000,0.000,0.000,0.000,0.000,0.000,0.000,0.000,0.000,0.000,-8.915,6.547,0.000,0.000,0.000,0.006,2.4,11.30,32.0,0.000,0.000,0.000,0.006,0.000,0.000,0.000,0.000,0.000,0.000,0.000,0.000,0.000,0.000,0.006,0.000,0.006,0.000
151.6203,1516,0,move,-1,151.6203,151.6463,0,0.000,-0.088,0.176,-0.176,-0.088,0.088,-0.264,-0.088,0.176,0.000,-0.176,-0.088,-0.088,-9.492,6.855,0.000,0.439,0.176,0.000,0.000,0.000,0.000,0.000,0.000,0.000,0.000,0.000,0.000,0.000,0.000,0.000,-7.754,5.698,0.000,0.000,0.000,0.013,3.6,11.30,29.0,0.000,0.000,0.000,0.000,0.000,0.000,0.006,0.000,0.000,0.000,0.000,0.000,0.000,0.000,0.013,0.000,0.006,0.006
151.7062,1517,0,move,-1,151.7062,151.7176,0,0.000,-0.088,0.176,-0.176,-0.088,0.088,-0.264,-0.088,0.176,0.000,-0.176,-0.088,-0.088,-8.613,6.152,0.000,0.439,0.176,0.000,0.000,0.000,0.000,0.000,0.000,0.000,0.000,0.000,0.000,0.000,0.000,0.000,-6.661,4.896,0.000,0.000,0.000,0.013,3.6,11.30,29.0,0.000,0.000,0.000,0.000,0.000,0.000,0.006,0.000,0.000,0.000,0.000,0.000,0.000,0.000,0.013,0.000,0.006,0.006
151.8061,1518,0,move,-1,151.8061,151.8127,0,0.000,-0.088,0.176,-0.176,-0.088,0.088,-0.264,-0.088,0.176,0.000,-0.176,-0.088,-0.088,-7.471,5.449,0.000,0.439,0.176,0.000,0.000,0.000,0.000,0.000,0.000,0.000,0.000,0.000,0.000,0.000,0.000,0.000,-5.639,4.147,0.000,0.000,0.000,0.013,3.6,11.30,29.0,0.000,0.000,0.000,0.000,0.000,0.000,0.006,0.000,0.000,0.000,0.006,0.000,0.000,0.000,0.013,0.000,0.013,0.000
151.9063,1519,0,move,-1,151.9063,151.9191,0,0.000,-0.088,0.176,-0.176,-0.088,0.088,-0.264,-0.088,0.176,0.000,-0.176,-0.088,-0.088,-6.152,4.395,0.000,0.439,0.176,0.000,0.000,0.000,0.000,0.000,0.000,0.000,0.000,0.000,0.000,0.000,0.000,0.000,-4.693,3.452,0.000,0.000,0.000,0.019,4.4,11.30,29.0,0.000,0.000,0.000,0.000,0.000,0.000,0.006,0.000,0.000,0.000,0.000,0.000,0.000,0.006,0.019,0.000,0.006,0.000
152.0061,1520,0,move,-1,152.0061,152.0167,0,0.000,-0.088,0.176,-0.176,-0.088,0.088,-0.264,-0.088,0.176,0.000,-0.176,-0.088,-0.088,-5.273,3.691,0.000,0.439,0.176,0.000,0.000,0.000,0.000,0.000,0.000,0.000,0.000,0.000,0.000,0.000,0.000,0.000,-3.825,2.814,0.000,0.000,0.000,0.019,4.4,11.30,29.0,0.000,0.000,0.000,0.000,0.000,0.000,0.006,0.000,0.000,0.000,0.000,0.000,0.000,0.006,0.019,0.000,0.006,0.000
152.1061,1521,0,move,-1,152.1061,152.1183,0,0.000,-0.088,0.176,-0.176,-0.088,0.088,-0.264,-0.088,0.176,0.000,-0.176,-0.088,-0.088,-4.395,2.988,0.000,0.439,0.176,0.000,0.000,0.000,0.000,0.000,0.000,0.000,0.000,0.000,0.000,0.000,0.000,0.000,-3.039,2.236,0.000,0.000,0.000,0.013,4.8,11.30,29.0,0.000,0.000,0.000,0.006,0.000,0.000,0.006,0.000,0.000,0.000,0.000,0.000,0.000,0.006,0.013,0.000,0.006,0.006
152.2061,1522,0,move,-1,152.2061,152.2182,0,0.000,-0.088,0.176,-0.176,-0.088,0.088,-0.264,-0.088,0.176,0.000,-0.176,-0.088,-0.088,-3.428,2.373,0.000,0.439,0.176,0.000,0.000,0.000,0.000,0.000,0.000,0.000,0.000,0.000,0.000,0.000,0.000,0.000,-2.338,1.720,0.000,0.000,0.000,0.013,4.8,11.30,29.0,0.000,0.000,0.000,0.006,0.000,0.000,0.006,0.000,0.000,0.000,0.000,0.000,0.000,0.006,0.013,0.000,0.006,0.006
152.3100,1523,0,move,-1,152.3100,152.3584,0,0.000,-0.088,0.176,-0.176,-0.088,0.088,-0.264,-0.088,0.176,0.000,-0.176,-0.088,-0.088,-2.549,1.758,0.000,0.439,0.176,0.000,0.000,0.000,0.000,0.000,0.000,0.000,0.000,0.000,0.000,0.000,0.000,0.000,-1.725,1.270,0.000,0.000,0.000,0.013,4.8,11.30,29.0,0.000,0.000,0.000,0.006,0.000,0.000,0.006,0.000,0.006,0.000,0.000,0.000,0.000,0.000,0.013,0.000,0.013,0.000
152.4066,1524,0,move,-1,152.4066,152.4184,0,0.000,-0.088,0.176,-0.176,-0.088,0.088,-0.264,-0.088,0.176,0.000,-0.176,-0.088,-0.088,-1.934,1.318,0.000,0.439,0.176,0.000,0.000,0.000,0.000,0.000,0.000,0.000,0.000,0.000,0.000,0.000,0.000,0.000,-1.202,0.885,0.000,0.000,0.000,0.013,4.8,11.30,29.0,0.000,0.000,0.000,0.006,0.000,0.000,0.006,0.000,0.006,0.000,0.000,0.000,0.000,0.000,0.013,0.000,0.013,0.000
152.5061,1525,0,move,-1,152.5061,152.5600,0,0.000,-0.088,0.176,-0.176,-0.088,0.088,-0.264,-0.088,0.176,0.000,-0.176,-0.088,-0.088,-1.318,0.879,0.000,0.439,0.176,0.000,0.000,0.000,0.000,0.000,0.000,0.000,0.000,0.000,0.000,0.000,0.000,0.000,-0.772,0.568,0.000,0.000,0.000,0.006,2.4,11.30,31.0,0.000,0.000,0.000,0.000,0.000,0.000,0.000,0.000,0.000,0.000,0.006,0.000,0.000,0.006,0.006,0.000,0.006,0.000
152.6063,1526,0,move,-1,152.6063,152.6170,0,0.000,-0.088,0.176,-0.176,-0.088,0.088,-0.264,-0.088,0.176,0.000,-0.176,-0.088,-0.088,-0.879,0.527,0.000,0.439,0.176,0.000,0.000,0.000,0.000,0.000,0.000,0.000,0.000,0.000,0.000,0.000,0.000,0.000,-0.435,0.320,0.000,0.000,0.000,0.006,2.4,11.30,31.0,0.000,0.000,0.000,0.000,0.000,0.000,0.000,0.000,0.000,0.000,0.006,0.000,0.000,0.006,0.006,0.000,0.006,0.000
152.7061,1527,0,move,-1,152.7061,152.7190,0,0.000,-0.088,0.176,-0.176,-0.088,0.088,-0.264,-0.088,0.176,0.000,-0.176,-0.088,-0.088,-0.439,0.352,0.000,0.439,0.176,0.000,0.000,0.000,0.000,0.000,0.000,0.000,0.000,0.000,0.000,0.000,0.000,0.000,-0.194,0.143,0.000,0.000,0.000,0.006,3.2,11.20,32.0,0.000,0.000,0.000,0.000,0.000,0.000,0.006,0.000,0.000,0.000,0.006,0.000,0.000,0.000,0.006,0.000,0.006,0.006
152.8063,1528,0,move,-1,152.8063,152.8162,0,0.000,-0.088,0.176,-0.176,-0.088,0.088,-0.264,-0.088,0.176,0.000,-0.176,-0.088,-0.088,-0.088,0.176,0.000,0.439,0.176,0.000,0.000,0.000,0.000,0.000,0.000,0.000,0.000,0.000,0.000,0.000,0.000,0.000,-0.049,0.036,0.000,0.000,0.000,0.006,3.2,11.20,32.0,0.000,0.000,0.000,0.000,0.000,0.000,0.006,0.000,0.000,0.000,0.006,0.000,0.000,0.000,0.006,0.000,0.006,0.006
152.9061,1529,0,move,-1,152.9061,152.9124,0,0.000,-0.088,0.176,-0.176,-0.088,0.088,-0.264,-0.088,0.176,0.000,-0.176,-0.088,-0.088,-0.088,0.176,0.000,0.439,0.176,0.000,0.000,0.000,0.000,0.000,0.000,0.000,0.000,0.000,0.000,0.000,0.000,0.000,0.000,0.000,0.000,0.000,0.000,0.013,4.8,11.30,31.0,0.000,0.000,0.000,0.006,0.000,0.000,0.000,0.000,0.006,0.000,0.000,0.000,0.000,0.000,0.000,0.000,0.013,0.000
153.0063,1530,0,move,-1,153.0063,153.0167,0,0.000,-0.088,0.176,-0.176,-0.088,0.088,-0.264,-0.088,0.176,0.000,-0.176,-0.088,-0.088,-0.088,0.176,0.000,0.439,0.176,0.000,0.000,0.000,0.000,0.000,0.000,0.000,0.000,0.000,0.000,0.000,0.000,0.000,0.000,0.000,0.000,0.000,0.000,0.006,2.4,11.30,32.0,0.000,0.000,0.000,0.006,0.000,0.000,0.006,0.000,0.000,0.000,0.000,0.000,0.000,0.000,0.006,0.000,0.006,0.000
153.1063,1531,0,move,-1,153.1063,153.1190,0,0.000,-0.088,0.176,-0.176,-0.088,0.088,-0.264,-0.088,0.176,0.000,-0.176,-0.088,-0.088,-0.088,0.176,0.000,0.439,0.176,0.000,0.000,0.000,0.000,0.000,0.000,0.000,0.000,0.000,0.000,0.000,0.000,0.000,0.000,0.000,0.000,0.000,0.000,0.006,2.4,11.30,32.0,0.000,0.000,0.000,0.006,0.000,0.000,0.006,0.000,0.000,0.000,0.000,0.000,0.000,0.000,0.006,0.000,0.006,0.000
153.2063,1532,0,move,-1,153.2063,153.2188,0,0.000,-0.088,0.176,-0.176,-0.088,0.088,-0.264,-0.088,0.176,0.000,-0.176,-0.088,-0.088,-0.088,0.176,0.000,0.439,0.176,0.000,0.000,0.000,0.000,0.000,0.000,0.000,0.000,0.000,0.000,0.000,0.000,0.000,0.000,0.000,0.000,0.000,0.000,0.006,2.4,11.30,32.0,0.000,0.000,0.000,0.006,0.000,0.000,0.006,0.000,0.000,0.000,0.000,0.000,0.000,0.000,0.006,0.000,0.006,0.000
153.3061,1533,0,move,-1,153.3061,153.3202,0,0.000,-0.088,0.176,-0.176,-0.088,0.088,-0.264,-0.088,0.176,0.000,-0.176,-0.088,-0.088,-0.088,0.176,0.000,0.439,0.176,0.000,0.000,0.000,0.000,0.000,0.000,0.000,0.000,0.000,0.000,0.000,0.000,0.000,0.000,0.000,0.000,0.000,0.000,0.006,2.4,11.30,29.0,0.000,0.000,0.000,0.000,0.000,0.000,0.000,0.000,0.000,0.000,0.000,0.000,0.000,0.000,0.006,0.000,0.006,0.006
153.4063,1534,0,move,-1,153.4063,153.4187,0,0.000,-0.088,0.176,-0.176,-0.088,0.088,-0.264,-0.088,0.176,0.000,-0.176,-0.088,-0.088,-0.088,0.176,0.000,0.439,0.176,0.000,0.000,0.000,0.000,0.000,0.000,0.000,0.000,0.000,0.000,0.000,0.000,0.000,0.000,0.000,0.000,0.000,0.000,0.006,2.4,11.30,29.0,0.000,0.000,0.000,0.000,0.000,0.000,0.000,0.000,0.000,0.000,0.000,0.000,0.000,0.000,0.006,0.000,0.006,0.006
153.5063,1535,0,move,-1,153.5063,153.5167,0,0.000,-0.088,0.176,-0.176,-0.088,0.088,-0.264,-0.088,0.176,0.000,-0.176,-0.088,-0.088,-0.088,0.176,0.000,0.439,0.176,0.000,0.000,0.000,0.000,0.000,0.000,0.000,0.000,0.000,0.000,0.000,0.000,0.000,0.000,0.000,0.000,0.000,0.000,0.006,2.4,11.30,32.0,0.000,0.000,0.000,0.006,0.000,0.000,0.006,0.000,0.000,0.000,0.000,0.000,0.000,0.000,0.006,0.000,0.006,0.000
153.6063,1536,0,move,-1,153.6063,153.6191,0,0.000,-0.088,0.176,-0.176,-0.088,0.088,-0.264,-0.088,0.176,0.000,-0.176,-0.088,-0.088,-0.088,0.176,0.000,0.439,0.176,0.000,0.000,0.000,0.000,0.000,0.000,0.000,0.000,0.000,0.000,0.000,0.000,0.000,0.000,0.000,0.000,0.000,0.000,0.013,4.8,11.30,31.0,0.000,0.000,0.006,0.000,0.000,0.000,0.006,0.000,0.006,0.000,0.000,0.000,0.000,0.000,0.006,0.000,0.013,0.000
153.7063,1537,0,move,-1,153.7063,153.7163,0,0.000,-0.088,0.176,-0.176,-0.088,0.088,-0.264,-0.088,0.176,0.000,-0.176,-0.088,-0.088,-0.088,0.176,0.000,0.439,0.176,0.000,0.000,0.000,0.000,0.000,0.000,0.000,0.000,0.000,0.000,0.000,0.000,0.000,0.000,0.000,0.000,0.000,0.000,0.013,4.8,11.30,31.0,0.000,0.000,0.006,0.000,0.000,0.000,0.006,0.000,0.006,0.000,0.000,0.000,0.000,0.000,0.006,0.000,0.013,0.000
153.8061,1538,0,move,-1,153.8061,153.8169,0,0.000,-0.088,0.176,-0.176,-0.088,0.088,-0.264,-0.088,0.176,0.000,-0.176,-0.088,-0.088,-0.088,0.176,0.000,0.439,0.176,0.000,0.000,0.000,0.000,0.000,0.000,0.000,0.000,0.000,0.000,0.000,0.000,0.000,0.000,0.000,0.000,0.000,0.000,0.006,3.2,11.20,32.0,0.000,0.000,0.000,0.000,0.000,0.000,0.006,0.000,0.006,0.006,0.006,0.000,0.000,0.000,0.006,0.000,0.006,0.006
153.9063,1539,0,move,-1,153.9063,153.9163,0,0.000,-0.088,0.176,-0.176,-0.088,0.088,-0.264,-0.088,0.176,0.000,-0.176,-0.088,-0.088,-0.088,0.176,0.000,0.439,0.176,0.000,0.000,0.000,0.000,0.000,0.000,0.000,0.000,0.000,0.000,0.000,0.000,0.000,0.000,0.000,0.000,0.000,0.000,0.006,3.2,11.20,32.0,0.000,0.000,0.000,0.000,0.000,0.000,0.006,0.000,0.006,0.006,0.006,0.000,0.000,0.000,0.006,0.000,0.006,0.006
154.0063,1540,0,move,-1,154.0063,154.0169,0,0.000,-0.088,0.176,-0.176,-0.088,0.088,-0.264,-0.088,0.176,0.000,-0.176,-0.088,-0.088,-0.088,0.176,0.000,0.439,0.176,0.000,0.000,0.000,0.000,0.000,0.000,0.000,0.000,0.000,0.000,0.000,0.000,0.000,0.000,0.000,0.000,0.000,0.000,0.013,2.4,11.30,29.0,0.000,0.000,0.000,0.000,0.000,0.000,0.006,0.000,0.006,0.000,0.000,0.000,0.000,0.000,0.013,0.000,0.013,0.006
154.1061,1541,0,move,-1,154.1061,154.1158,0,0.000,-0.088,0.176,-0.176,-0.088,0.088,-0.264,-0.088,0.176,0.000,-0.176,-0.088,-0.088,-0.088,0.176,0.000,0.439,0.176,0.000,0.000,0.000,0.000,0.000,0.000,0.000,0.000,0.000,0.000,0.000,0.000,0.000,0.000,0.000,0.000,0.000,0.000,0.013,2.4,11.30,29.0,0.000,0.000,0.000,0.000,0.000,0.000,0.006,0.000,0.006,0.000,0.000,0.000,0.000,0.000,0.013,0.000,0.013,0.006
154.2061,1542,0,move,-1,154.2061,154.2353,0,0.000,-0.088,0.176,-0.176,-0.088,0.088,-0.264,-0.088,0.176,0.000,-0.176,-0.088,-0.088,-0.088,0.176,0.000,0.439,0.176,0.000,0.000,0.000,0.000,0.000,0.000,0.000,0.000,0.000,0.000,0.000,0.000,0.000,0.000,0.000,0.000,0.000,0.000,0.006,2.4,11.30,32.0,0.000,0.000,0.000,0.000,0.000,0.000,0.000,0.000,0.006,0.000,0.000,0.000,0.000,0.000,0.006,0.000,0.006,0.006
154.3063,1543,0,move,-1,154.3063,154.3166,0,0.000,-0.088,0.176,-0.176,-0.088,0.088,-0.264,-0.088,0.176,0.000,-0.176,-0.088,-0.088,-0.088,0.176,0.000,0.439,0.176,0.000,0.000,0.000,0.000,0.000,0.000,0.000,0.000,0.000,0.000,0.000,0.000,0.000,0.000,0.000,0.000,0.000,0.000,0.006,2.4,11.30,32.0,0.000,0.000,0.000,0.000,0.000,0.000,0.000,0.000,0.006,0.000,0.000,0.000,0.000,0.000,0.006,0.000,0.006,0.006
154.4063,1544,0,move,-1,154.4063,154.4205,0,0.000,-0.088,0.176,-0.176,-0.088,0.088,-0.264,-0.088,0.176,0.000,-0.176,-0.088,-0.088,-0.088,0.176,0.000,0.439,0.176,0.000,0.000,0.000,0.000,0.000,0.000,0.000,0.000,0.000,0.000,0.000,0.000,0.000,0.000,0.000,0.000,0.000,0.000,0.013,4.8,11.30,31.0,0.000,0.000,0.006,0.000,0.000,0.000,0.006,0.000,0.006,0.000,0.000,0.000,0.000,0.000,0.006,0.000,0.013,0.006
154.5063,1545,0,move,-1,154.5063,154.5172,0,0.000,-0.088,0.176,-0.176,-0.088,0.088,-0.264,-0.088,0.176,0.000,-0.176,-0.088,-0.088,-0.088,0.176,0.000,0.439,0.176,0.000,0.000,0.000,0.000,0.000,0.000,0.000,0.000,0.000,0.000,0.000,0.000,0.000,0.000,0.000,0.000,0.000,0.000,0.013,4.8,11.30,31.0,0.000,0.000,0.006,0.000,0.000,0.000,0.006,0.000,0.006,0.000,0.000,0.000,0.000,0.000,0.006,0.000,0.013,0.006
154.6077,1546,0,move,-1,154.6077,154.6966,0,0.000,-0.088,0.176,-0.176,-0.088,0.088,-0.264,-0.088,0.176,0.000,-0.176,-0.088,-0.088,-0.088,0.176,0.000,0.439,0.176,0.000,0.000,0.000,0.000,0.000,0.000,0.000,0.000,0.000,0.000,0.000,0.000,0.000,0.000,0.000,0.000,0.000,0.000,0.006,2.4,11.30,32.0,0.000,0.000,0.006,0.006,0.000,0.000,0.006,0.000,0.006,0.000,0.000,0.000,0.000,0.000,0.006,0.000,0.006,0.006
154.7063,1547,0,move,-1,154.7063,154.7167,0,0.000,-0.088,0.176,-0.176,-0.088,0.088,-0.264,-0.088,0.176,0.000,-0.176,-0.088,-0.088,-0.088,0.176,0.000,0.439,0.176,0.000,0.000,0.000,0.000,0.000,0.000,0.000,0.000,0.000,0.000,0.000,0.000,0.000,0.000,0.000,0.000,0.000,0.000,0.006,2.4,11.30,32.0,0.000,0.000,0.006,0.006,0.000,0.000,0.006,0.000,0.006,0.000,0.000,0.000,0.000,0.000,0.006,0.000,0.006,0.006
154.8061,1548,0,move,-1,154.8061,154.8180,0,0.000,-0.088,0.176,-0.176,-0.088,0.088,-0.264,-0.088,0.176,0.000,-0.176,-0.088,-0.088,-0.088,0.176,0.000,0.439,0.176,0.000,0.000,0.000,0.000,0.000,0.000,0.000,0.000,0.000,0.000,0.000,0.000,0.000,0.000,0.000,0.000,0.000,0.000,0.006,3.2,11.30,32.0,0.000,0.000,0.000,0.000,0.000,0.000,0.006,0.000,0.006,0.000,0.000,0.000,0.000,0.000,0.006,0.000,0.006,0.006
154.9061,1549,0,move,-1,154.9061,154.9170,0,0.000,-0.088,0.176,-0.176,-0.088,0.088,-0.264,-0.088,0.176,0.000,-0.176,-0.088,-0.088,-0.088,0.176,0.000,0.439,0.176,0.000,0.000,0.000,0.000,0.000,0.000,0.000,0.000,0.000,0.000,0.000,0.000,0.000,0.000,0.000,0.000,0.000,0.000,0.006,3.2,11.30,32.0,0.000,0.000,0.000,0.000,0.000,0.000,0.006,0.000,0.006,0.000,0.000,0.000,0.000,0.000,0.006,0.000,0.006,0.006
155.0063,1550,0,move,-1,155.0063,155.0119,0,0.000,-0.088,0.176,-0.176,-0.088,0.088,-0.264,-0.088,0.176,0.000,-0.176,-0.088,-0.088,-0.088,0.176,0.000,0.439,0.176,0.000,0.000,0.000,0.000,0.000,0.000,0.000,0.000,0.000,0.000,0.000,0.000,0.000,0.000,0.000,0.000,0.000,0.000,0.006,2.4,11.30,32.0,0.000,,0.000,0.006,0.000,0.000,0.006,0.000,0.006,0.000,0.006,0.000,0.000,0.000,0.006,0.000,0.006,0.000
155.1061,1551,0,move,-1,155.1061,155.1167,0,0.000,-0.088,0.176,-0.176,-0.088,0.088,-0.264,-0.088,0.176,0.000,-0.176,-0.088,-0.088,-0.088,0.176,0.000,0.439,0.176,0.000,0.000,0.000,0.000,0.000,0.000,0.000,0.000,0.000,0.000,0.000,0.000,0.000,0.000,0.000,0.000,0.000,0.000,0.006,2.4,11.30,31.0,0.000,0.000,0.000,0.000,0.000,0.000,0.000,0.000,0.000,0.000,0.006,0.000,0.000,0.000,0.006,0.000,0.006,0.000
155.2061,1552,0,move,-1,155.2061,155.2162,0,0.000,-0.088,0.176,-0.176,-0.088,0.088,-0.264,-0.088,0.176,0.000,-0.176,-0.088,-0.088,-0.088,0.176,0.000,0.439,0.176,0.000,0.000,0.000,0.000,0.000,0.000,0.000,0.000,0.000,0.000,0.000,0.000,0.000,0.000,0.000,0.000,0.000,0.000,0.006,2.4,11.30,31.0,0.000,0.000,0.000,0.000,0.000,0.000,0.000,0.000,0.000,0.000,0.006,0.000,0.000,0.000,0.006,0.000,0.006,0.000
155.3061,1553,0,move,-1,155.3061,155.3166,0,0.000,-0.088,0.176,-0.176,-0.088,0.088,-0.264,-0.088,0.176,0.000,-0.176,-0.088,-0.088,-0.088,0.176,0.000,0.439,0.176,0.000,0.000,0.000,0.000,0.000,0.000,0.000,0.000,0.000,0.000,0.000,0.000,0.000,0.000,0.000,0.000,0.000,0.000,0.006,2.4,11.30,32.0,0.000,0.000,0.000,0.006,0.000,0.000,0.006,0.000,0.000,0.000,0.000,0.000,0.000,0.000,0.006,0.000,0.006,0.000
155.4061,1554,0,move,-1,155.4061,155.4153,0,0.000,-0.088,0.176,-0.176,-0.088,0.088,-0.264,-0.088,0.176,0.000,-0.176,-0.088,-0.088,-0.088,0.176,0.000,0.439,0.176,0.000,0.000,0.000,0.000,0.000,0.000,0.000,0.000,0.000,0.000,0.000,0.000,0.000,0.000,0.000,0.000,0.000,0.000,0.006,2.4,11.30,32.0,0.000,0.000,0.000,0.006,0.000,0.000,0.006,0.000,0.000,0.000,0.000,0.000,0.000,0.000,0.006,0.000,0.006,0.000
155.5079,1555,0,move,-1,155.5079,155.5137,0,0.000,-0.088,0.176,-0.176,-0.088,0.088,-0.264,-0.088,0.176,0.000,-0.176,-0.088,-0.088,-0.088,0.176,0.000,0.439,0.176,0.000,0.000,0.000,0.000,0.000,0.000,0.000,0.000,0.000,0.000,0.000,0.000,0.000,0.000,0.000,0.000,0.000,0.000,0.006,3.2,11.20,32.0,0.000,0.000,0.000,0.000,0.000,0.000,0.006,0.000,0.000,0.000,0.000,0.000,0.000,0.000,0.006,0.000,0.006,0.000
155.6063,1556,0,move,-1,155.6063,155.6167,0,0.000,-0.088,0.176,-0.176,-0.088,0.088,-0.264,-0.088,0.176,0.000,-0.176,-0.088,-0.088,-0.088,0.176,0.000,0.439,0.176,0.000,0.000,0.000,0.000,0.000,0.000,0.000,0.000,0.000,0.000,0.000,0.000,0.000,0.000,0.000,0.000,0.000,0.000,0.006,3.2,11.30,32.0,0.000,0.000,0.000,0.000,0.000,0.000,0.006,0.000,0.000,0.000,0.000,0.000,0.000,0.000,0.006,0.000,0.006,0.000
155.7063,1557,0,move,-1,155.7063,155.7184,0,0.000,-0.088,0.176,-0.176,-0.088,0.088,-0.264,-0.088,0.176,0.000,-0.176,-0.088,-0.088,-0.088,0.176,0.000,0.439,0.176,0.000,0.000,0.000,0.000,0.000,0.000,0.000,0.000,0.000,0.000,0.000,0.000,0.000,0.000,0.000,0.000,0.000,0.000,0.006,2.4,11.30,31.0,0.000,0.000,0.000,0.000,0.000,0.000,0.000,0.000,0.000,0.000,0.006,0.000,0.000,0.000,0.006,0.000,0.006,0.000
155.8063,1558,0,move,-1,155.8063,155.8172,0,0.000,-0.088,0.176,-0.176,-0.088,0.088,-0.264,-0.088,0.176,0.000,-0.176,-0.088,-0.088,-0.088,0.176,0.000,0.439,0.176,0.000,0.000,0.000,0.000,0.000,0.000,0.000,0.000,0.000,0.000,0.000,0.000,0.000,0.000,0.000,0.000,0.000,0.000,0.006,2.4,11.30,31.0,0.000,0.000,0.000,0.000,0.000,0.000,0.000,0.000,0.000,0.000,0.006,0.000,0.000,0.000,0.006,0.000,0.006,0.000
155.9063,1559,0,move,-1,155.9063,155.9184,0,0.000,-0.088,0.176,-0.176,-0.088,0.088,-0.264,-0.088,0.176,0.000,-0.176,-0.088,-0.088,-0.088,0.176,0.000,0.439,0.176,0.000,0.000,0.000,0.000,0.000,0.000,0.000,0.000,0.000,0.000,0.000,0.000,0.000,0.000,0.000,0.000,0.000,0.000,0.006,2.4,11.30,32.0,0.000,0.000,0.000,0.006,0.000,0.000,0.006,0.000,0.000,0.000,0.000,0.000,0.000,0.000,0.006,0.000,0.006,0.000
