t_s,tick,seg,phase,joint,t_send_s,t_recv_s,overrun,q0_deg,q1_deg,q2_deg,q3_deg,q4_deg,q5_deg,q6_deg,q7_deg,q8_deg,q9_deg,q10_deg,q11_deg,q12_deg,q13_deg,q14_deg,q15_deg,q16_deg,q17_deg,cmd0_deg,cmd1_deg,cmd2_deg,cmd3_deg,cmd4_deg,cmd5_deg,cmd6_deg,cmd7_deg,cmd8_deg,cmd9_deg,cmd10_deg,cmd11_deg,cmd12_deg,cmd13_deg,cmd14_deg,cmd15_deg,cmd16_deg,cmd17_deg,cur_a,load_pct,volt,temp_c,cur0_a,cur1_a,cur2_a,cur3_a,cur4_a,cur5_a,cur6_a,cur7_a,cur8_a,cur9_a,cur10_a,cur11_a,cur12_a,cur13_a,cur14_a,cur15_a,cur16_a,cur17_a
0.0113,0,0,move,-1,0.0113,0.0235,0,0.000,0.000,0.176,-0.264,-0.088,0.088,-0.264,-0.088,0.176,0.000,0.000,-0.088,-0.088,0.176,0.000,0.000,0.439,0.176,0.000,0.000,0.000,0.000,0.000,0.000,0.000,0.000,0.000,0.000,0.000,0.000,0.000,0.000,0.000,0.000,0.000,0.000,0.006,0.0,11.30,31.0,0.000,0.000,0.000,0.000,0.000,0.000,0.000,0.000,0.000,0.000,0.006,0.000,0.000,0.000,0.000,0.000,0.000,0.000
0.1052,1,0,move,-1,0.1052,0.1195,0,0.000,0.000,0.176,-0.264,-0.088,0.088,-0.264,-0.088,0.176,0.000,0.000,-0.088,-0.088,0.176,0.000,0.000,0.439,0.176,0.000,0.000,0.000,0.000,0.000,0.000,0.000,0.000,0.000,0.000,0.000,0.000,0.000,0.000,0.000,0.000,0.000,0.000,0.006,0.0,11.30,31.0,0.000,0.000,0.000,0.000,0.000,0.000,0.000,0.000,0.000,0.000,0.006,0.000,0.000,0.000,0.000,0.000,0.000,0.000
0.2052,2,0,move,-1,0.2052,0.2156,0,0.000,0.000,0.176,-0.264,-0.088,0.088,-0.264,-0.088,0.176,0.000,0.000,-0.088,-0.088,0.176,0.000,0.000,0.439,0.176,0.000,0.000,0.000,0.000,0.000,0.000,0.000,0.000,0.000,0.000,0.000,0.000,0.000,0.000,0.000,0.000,0.000,0.000,0.000,0.0,11.30,32.0,0.000,0.000,0.000,0.000,0.000,0.000,0.000,0.000,0.000,0.000,0.000,0.000,0.000,0.000,0.000,0.000,0.000,0.000
0.3050,3,0,move,-1,0.3050,0.3143,0,0.000,0.000,0.176,-0.264,-0.088,0.088,-0.264,-0.088,0.176,0.000,0.000,-0.088,-0.088,0.176,0.000,0.000,0.439,0.176,0.000,0.000,0.000,0.000,0.000,0.000,0.000,0.000,0.000,0.000,0.000,0.000,0.000,0.000,0.000,0.000,0.000,0.000,0.000,0.0,11.30,32.0,0.000,0.000,0.000,0.000,0.000,0.000,0.000,0.000,0.000,0.000,0.000,0.000,0.000,0.000,0.000,0.000,0.000,0.000
0.4052,4,0,move,-1,0.4052,0.4192,0,0.000,0.000,0.176,-0.264,-0.088,0.088,-0.264,-0.088,0.176,0.000,0.000,-0.088,-0.088,0.176,0.000,0.000,0.439,0.176,0.000,0.000,0.000,0.000,0.000,0.000,0.000,0.000,0.000,0.000,0.000,0.000,0.000,0.000,0.000,0.000,0.000,0.000,0.006,3.2,11.30,32.0,0.000,0.000,0.000,0.006,0.000,0.000,0.000,0.000,0.000,0.000,0.000,0.000,0.000,0.006,0.000,0.000,0.006,0.000
0.5052,5,0,move,-1,0.5052,0.5177,0,0.000,0.000,0.176,-0.264,-0.088,0.088,-0.264,-0.088,0.176,0.000,0.000,-0.088,-0.088,0.176,0.000,0.000,0.439,0.176,0.000,0.000,0.000,0.000,0.000,0.000,0.000,0.000,0.000,0.000,0.000,0.000,0.000,0.000,0.000,0.000,0.000,0.000,0.006,3.2,11.30,32.0,0.000,0.000,0.000,0.006,0.000,0.000,0.000,0.000,0.000,0.000,0.000,0.000,0.000,0.006,0.000,0.000,0.006,0.000
0.6052,6,0,move,-1,0.6052,0.6153,0,0.000,0.000,0.176,-0.264,-0.088,0.088,-0.264,-0.088,0.176,0.000,0.000,-0.088,-0.088,0.176,0.000,0.000,0.439,0.176,0.000,0.000,0.000,0.000,0.000,0.000,0.000,0.000,0.000,0.000,0.000,0.000,0.000,0.000,0.000,0.000,0.000,0.000,0.006,2.4,11.30,33.0,0.000,0.000,0.006,0.000,0.000,0.000,0.006,0.000,0.000,0.000,0.000,0.000,0.000,0.006,0.000,0.000,0.006,0.006
0.7050,7,0,move,-1,0.7050,0.7150,0,0.000,0.000,0.176,-0.264,-0.088,0.088,-0.264,-0.088,0.176,0.000,0.000,-0.088,-0.088,0.176,0.000,0.000,0.439,0.176,0.000,0.000,0.000,0.000,0.000,0.000,0.000,0.000,0.000,0.000,0.000,0.000,0.000,0.000,0.000,0.000,0.000,0.000,0.006,2.4,11.30,33.0,0.000,0.000,0.006,0.000,0.000,0.000,0.006,0.000,0.000,0.000,0.000,0.000,0.000,0.006,0.000,0.000,0.006,0.006
0.8050,8,0,move,-1,0.8050,0.8175,0,0.000,0.000,0.176,-0.264,-0.088,0.088,-0.264,-0.088,0.176,0.000,0.000,-0.088,-0.088,0.176,0.000,0.000,0.439,0.176,0.000,0.000,0.000,0.000,0.000,0.000,0.000,0.000,0.000,0.000,0.000,0.000,0.000,0.000,0.000,0.000,0.000,0.000,0.006,3.2,11.30,32.0,0.000,0.000,0.000,0.006,0.000,0.000,0.006,0.000,0.000,0.000,0.000,0.000,0.000,0.006,0.000,0.000,0.006,0.000
0.9052,9,0,move,-1,0.9052,0.9156,0,0.000,0.000,0.176,-0.264,-0.088,0.088,-0.264,-0.088,0.176,0.000,0.000,-0.088,-0.088,0.176,0.000,0.000,0.439,0.176,0.000,0.000,0.000,0.000,0.000,0.000,0.000,0.000,0.000,0.000,0.000,0.000,0.000,0.000,0.000,0.000,0.000,0.000,0.006,3.2,11.30,32.0,0.000,0.000,0.000,0.006,0.000,0.000,0.006,0.000,0.000,0.000,0.000,0.000,0.000,0.006,0.000,0.000,0.006,0.000
1.0106,10,0,move,-1,1.0106,1.0495,0,0.000,0.000,0.176,-0.264,-0.088,0.088,-0.264,-0.088,0.176,0.000,0.000,-0.088,-0.088,0.176,0.000,0.000,0.439,0.176,0.000,0.000,0.000,0.000,-0.049,0.036,0.000,0.000,0.000,0.000,0.000,0.000,0.000,0.000,0.000,0.000,0.000,0.000,0.013,4.8,11.30,31.0,0.000,0.000,0.000,0.006,0.000,0.000,0.006,0.000,0.000,0.000,0.000,0.000,0.000,0.006,0.000,0.000,0.013,0.000
1.1052,11,0,move,-1,1.1052,1.1206,0,0.000,0.000,0.176,-0.264,-0.088,0.088,-0.264,-0.088,0.176,0.000,0.000,-0.088,-0.088,0.176,0.000,0.000,0.439,0.176,0.000,0.000,0.000,0.000,-0.194,0.143,0.000,0.000,0.000,0.000,0.000,0.000,0.000,0.000,0.000,0.000,0.000,0.000,0.013,4.8,11.30,31.0,0.000,0.000,0.000,0.006,0.000,0.000,0.006,0.000,0.000,0.000,0.000,0.000,0.000,0.006,0.000,0.000,0.013,0.000
1.2052,12,0,move,-1,1.2052,1.2164,0,0.000,0.000,0.176,-0.264,-0.088,0.088,-0.264,-0.088,0.176,0.000,0.000,-0.088,-0.088,0.176,0.000,0.000,0.439,0.176,0.000,0.000,0.000,0.000,-0.435,0.320,0.000,0.000,0.000,0.000,0.000,0.000,0.000,0.000,0.000,0.000,0.000,0.000,0.006,3.6,11.30,32.0,0.000,0.000,0.000,0.006,0.000,0.000,0.000,0.000,0.006,0.000,0.000,0.000,0.006,0.006,0.000,0.000,0.006,0.000
1.3051,13,0,move,-1,1.3051,1.3148,0,0.000,0.000,0.176,-0.264,-0.088,0.264,-0.264,-0.088,0.176,0.000,0.000,-0.088,-0.088,0.176,0.000,0.000,0.439,0.176,0.000,0.000,0.000,0.000,-0.772,0.568,0.000,0.000,0.000,0.000,0.000,0.000,0.000,0.000,0.000,0.000,0.000,0.000,0.006,3.6,11.30,32.0,0.000,0.000,0.000,0.006,0.000,0.000,0.000,0.000,0.006,0.000,0.000,0.000,0.006,0.006,0.000,0.000,0.006,0.000
1.4052,14,0,move,-1,1.4052,1.4193,0,0.000,0.000,0.176,-0.264,-0.088,0.439,-0.264,-0.088,0.176,0.000,0.000,-0.088,-0.088,0.176,0.000,0.000,0.439,0.176,0.000,0.000,0.000,0.000,-1.202,0.885,0.000,0.000,0.000,0.000,0.000,0.000,0.000,0.000,0.000,0.000,0.000,0.000,0.013,7.2,11.30,31.0,0.000,0.000,0.000,0.000,0.013,0.006,0.000,0.000,0.000,0.000,0.000,0.000,0.000,0.006,0.000,0.000,0.013,0.000
1.5050,15,0,move,-1,1.5050,1.5303,0,0.000,0.000,0.176,-0.264,-0.527,0.791,-0.264,-0.088,0.176,0.000,0.000,-0.088,-0.088,0.176,0.000,0.000,0.439,0.176,0.000,0.000,0.000,0.000,-1.725,1.270,0.000,0.000,0.000,0.000,0.000,0.000,0.000,0.000,0.000,0.000,0.000,0.000,0.006,2.4,11.30,33.0,0.000,0.000,0.006,0.006,0.006,0.006,0.006,0.000,0.006,0.000,0.000,0.000,0.000,0.006,0.000,0.000,0.006,0.000
1.6056,16,0,move,-1,1.6056,1.6207,0,0.000,0.000,0.176,-0.264,-0.967,1.055,-0.264,-0.088,0.176,0.000,0.000,-0.088,-0.088,0.176,0.000,0.000,0.439,0.176,0.000,0.000,0.000,0.000,-2.338,1.720,0.000,0.000,0.000,0.000,0.000,0.000,0.000,0.000,0.000,0.000,0.000,0.000,0.006,2.4,11.30,33.0,0.000,0.000,0.006,0.006,0.006,0.006,0.006,0.000,0.006,0.000,0.000,0.000,0.000,0.006,0.000,0.000,0.006,0.000
1.7052,17,0,move,-1,1.7052,1.7159,0,0.000,0.000,0.176,-0.264,-1.494,1.582,-0.264,-0.088,0.176,0.000,0.000,-0.088,-0.088,0.176,0.000,0.000,0.439,0.176,0.000,0.000,0.000,0.000,-3.039,2.236,0.000,0.000,0.000,0.000,0.000,0.000,0.000,0.000,0.000,0.000,0.000,0.000,0.013,8.4,11.30,32.0,0.000,0.000,0.006,0.006,0.013,0.006,0.000,0.000,0.006,0.000,0.000,0.000,0.000,0.006,0.000,0.000,0.006,0.000
1.8052,18,0,move,-1,1.8052,1.8167,0,0.000,0.000,0.176,-0.264,-2.197,2.021,-0.264,-0.088,0.176,0.000,0.000,-0.088,-0.088,0.176,0.000,0.000,0.439,0.176,0.000,0.000,0.000,0.000,-3.825,2.814,0.000,0.000,0.000,0.000,0.000,0.000,0.000,0.000,0.000,0.000,0.000,0.000,0.013,8.4,11.30,31.0,0.000,0.000,0.000,0.000,0.013,0.006,0.006,0.000,0.000,0.000,0.000,0.000,0.000,0.006,0.000,0.000,0.006,0.006
1.9052,19,0,move,-1,1.9052,1.9172,0,0.000,0.000,0.176,-0.264,-2.812,2.637,-0.264,-0.088,0.176,0.000,0.000,-0.088,-0.088,0.176,0.000,0.000,0.439,0.176,0.000,0.000,0.000,0.000,-4.693,3.452,0.000,0.000,0.000,0.000,0.000,0.000,0.000,0.000,0.000,0.000,0.000,0.000,0.019,8.8,11.30,31.0,0.000,0.000,0.000,0.000,0.019,0.000,0.006,0.000,0.000,0.000,0.000,0.000,0.000,0.006,0.000,0.000,0.013,0.000
2.0052,20,0,move,-1,2.0052,2.0179,0,0.000,0.000,0.176,-0.264,-3.516,3.164,-0.264,-0.088,0.176,0.000,0.000,-0.088,-0.088,0.176,0.000,0.000,0.439,0.176,0.000,0.000,0.000,0.000,-5.639,4.147,0.000,0.000,0.000,0.000,0.000,0.000,0.000,0.000,0.000,0.000,0.000,0.000,0.013,9.2,11.30,31.0,0.000,0.000,0.000,0.006,0.013,0.006,0.000,0.000,0.000,0.000,0.000,0.000,0.000,0.006,0.000,0.000,0.013,0.000
2.1051,21,0,move,-1,2.1051,2.1169,0,0.000,0.000,0.176,-0.264,-4.307,3.867,-0.264,-0.088,0.176,0.000,0.000,-0.088,-0.088,0.176,0.000,0.000,0.439,0.176,0.000,0.000,0.000,0.000,-6.661,4.896,0.000,0.000,0.000,0.000,0.000,0.000,0.000,0.000,0.000,0.000,0.000,0.000,0.013,9.2,11.30,31.0,0.000,0.000,0.000,0.006,0.013,0.006,0.000,0.000,0.000,0.000,0.000,0.000,0.000,0.006,0.000,0.000,0.013,0.000
2.2050,22,0,move,-1,2.2050,2.2174,0,0.000,0.000,0.176,-0.264,-5.273,4.570,-0.264,-0.088,0.176,0.000,0.000,-0.088,-0.088,0.176,0.000,0.000,0.439,0.176,0.000,0.000,0.000,0.000,-7.754,5.698,0.000,0.000,0.000,0.000,0.000,0.000,0.000,0.000,0.000,0.000,0.000,0.000,0.019,11.2,11.30,31.0,0.000,0.000,0.000,0.006,0.019,0.000,0.006,0.000,0.006,0.000,0.000,0.000,0.000,0.006,0.000,0.000,0.006,0.006
2.3050,23,0,move,-1,2.3050,2.3152,0,0.000,0.000,0.176,-0.264,-6.328,5.273,-0.264,-0.088,0.176,0.000,0.000,-0.088,-0.088,0.176,0.000,0.000,0.439,0.176,0.000,0.000,0.000,0.000,-8.915,6.547,0.000,0.000,0.000,0.000,0.000,0.000,0.000,0.000,0.000,0.000,0.000,0.000,0.019,11.2,11.30,31.0,0.000,0.000,0.000,0.006,0.019,0.000,0.006,0.000,0.006,0.000,0.000,0.000,0.000,0.006,0.000,0.000,0.006,0.006
2.4052,24,0,move,-1,2.4052,2.4165,0,0.000,0.000,0.176,-0.264,-7.383,6.152,-0.264,-0.088,0.176,0.000,0.000,-0.088,-0.088,0.176,0.000,0.000,0.439,0.176,0.000,0.000,0.000,0.000,-10.139,7.441,0.000,0.000,0.000,0.000,0.000,0.000,0.000,0.000,0.000,0.000,0.000,0.000,0.013,11.2,11.30,31.0,0.000,0.000,0.000,0.006,0.013,0.006,0.000,0.000,0.000,0.000,0.000,0.000,0.000,0.000,0.000,0.000,0.013,0.006
2.5052,25,0,move,-1,2.5052,2.5153,0,0.000,0.000,0.176,-0.264,-8.525,6.943,-0.264,-0.088,0.176,0.000,0.000,-0.088,-0.088,0.176,0.000,0.000,0.439,0.176,0.000,0.000,0.000,0.000,-11.421,8.375,0.000,0.000,0.000,0.000,0.000,0.000,0.000,0.000,0.000,0.000,0.000,0.000,0.013,11.2,11.30,31.0,0.000,0.000,0.000,0.006,0.013,0.006,0.000,0.000,0.000,0.000,0.000,0.000,0.000,0.000,0.000,0.000,0.013,0.006
2.6050,26,0,move,-1,2.6050,2.6160,0,0.000,0.000,0.176,-0.264,-9.668,7.910,-0.264,-0.088,0.176,0.000,0.000,-0.088,-0.088,0.176,0.000,0.000,0.439,0.176,0.000,0.000,0.000,0.000,-12.756,9.347,0.000,0.000,0.000,0.000,0.000,0.000,0.000,0.000,0.000,0.000,0.000,0.000,0.019,12.0,11.30,31.0,0.000,0.000,0.000,0.006,0.019,0.000,0.000,0.000,0.000,0.000,0.000,0.000,0.000,0.006,0.000,0.000,0.006,0.000
2.7050,27,0,move,-1,2.7050,2.7167,0,0.000,0.000,0.176,-0.264,-10.986,8.789,-0.264,-0.088,0.176,0.000,0.000,-0.088,-0.088,0.176,0.000,0.000,0.439,0.176,0.000,0.000,0.000,0.000,-14.141,10.350,0.000,0.000,0.000,0.000,0.000,0.000,0.000,0.000,0.000,0.000,0.000,0.000,0.019,12.0,11.30,31.0,0.000,0.000,0.000,0.000,0.019,0.006,0.006,0.000,0.000,0.000,0.000,0.000,0.000,0.006,0.000,0.000,0.006,0.006
2.8052,28,0,move,-1,2.8052,2.8156,0,0.000,0.000,0.176,-0.264,-12.217,9.756,-0.264,-0.088,0.176,0.000,0.000,-0.088,-0.088,0.176,0.000,0.000,0.439,0.176,0.000,0.000,0.000,0.000,-15.570,11.382,0.000,0.000,0.000,0.000,0.000,0.000,0.000,0.000,0.000,0.000,0.000,0.000,0.019,12.0,11.30,31.0,0.000,0.000,0.000,0.000,0.019,0.006,0.006,0.000,0.000,0.000,0.000,0.000,0.000,0.006,0.000,0.000,0.006,0.006
2.9052,29,0,move,-1,2.9052,2.9169,0,0.000,0.000,0.176,-0.264,-13.623,10.811,-0.264,-0.088,0.176,0.000,0.000,-0.088,-0.088,0.176,0.000,0.000,0.439,0.176,0.000,0.000,0.000,0.000,-17.038,12.438,0.000,0.000,0.000,0.000,0.000,0.000,0.000,0.000,0.000,0.000,0.000,0.000,0.019,12.4,11.30,31.0,0.000,0.000,0.000,0.006,0.019,0.000,0.006,0.000,0.000,0.000,0.000,0.000,0.000,0.006,0.000,0.000,0.006,0.000
3.0052,30,0,move,-1,3.0052,3.0188,0,0.000,0.000,0.176,-0.264,-15.117,11.953,-0.264,-0.088,0.176,0.000,0.000,-0.088,-0.088,0.176,0.000,0.000,0.439,0.176,0.000,0.000,0.000,0.000,-18.539,13.514,0.000,0.000,0.000,0.000,0.000,0.000,0.000,0.000,0.000,0.000,0.000,0.000,0.019,11.6,11.30,31.0,0.000,0.000,0.000,0.006,0.019,0.006,0.006,0.000,0.000,0.000,0.000,0.000,0.000,0.006,0.000,0.000,0.006,0.006
3.1052,31,0,move,-1,3.1052,3.1203,0,0.000,0.000,0.176,-0.264,-16.436,12.920,-0.264,-0.088,0.176,0.000,0.000,-0.088,-0.088,0.176,0.000,0.000,0.439,0.176,0.000,0.000,0.000,0.000,-20.068,14.603,0.000,0.000,0.000,0.000,0.000,0.000,0.000,0.000,0.000,0.000,0.000,0.000,0.026,12.4,11.30,31.0,0.000,0.000,0.000,0.006,0.026,0.000,0.000,0.000,0.006,0.000,0.000,0.000,0.000,0.000,0.000,0.000,0.013,0.006
3.2052,32,0,move,-1,3.2052,3.2188,0,0.000,0.000,0.176,-0.264,-17.930,13.975,-0.264,-0.088,0.176,0.000,0.000,-0.088,-0.088,0.176,0.000,0.000,0.439,0.176,0.000,0.000,0.000,0.000,-21.620,15.703,0.000,0.000,0.000,0.000,0.000,0.000,0.000,0.000,0.000,0.000,0.000,0.000,0.026,12.4,11.30,31.0,0.000,0.000,0.000,0.006,0.026,0.000,0.000,0.000,0.006,0.000,0.000,0.000,0.000,0.000,0.000,0.000,0.013,0.006
3.3051,33,0,move,-1,3.3051,3.3164,0,0.000,0.000,0.176,-0.264,-19.424,15.029,-0.264,-0.088,0.176,0.000,0.000,-0.088,-0.088,0.176,0.000,0.000,0.439,0.176,0.000,0.000,0.000,0.000,-23.189,16.807,0.000,0.000,0.000,0.000,0.000,0.000,0.000,0.000,0.000,0.000,0.000,0.000,0.013,12.0,11.20,31.0,0.000,0.000,0.000,0.000,0.013,0.000,0.006,0.000,0.000,0.000,0.000,0.000,0.000,0.006,0.000,0.000,0.013,0.000
3.4052,34,0,move,-1,3.4052,3.4180,0,0.000,0.000,0.176,-0.264,-20.918,16.172,-0.264,-0.088,0.176,0.000,0.000,-0.088,-0.088,0.176,0.000,0.000,0.439,0.176,0.000,0.000,0.000,0.000,-24.769,17.912,0.000,0.000,0.000,0.000,0.000,0.000,0.000,0.000,0.000,0.000,0.000,0.000,0.026,12.0,11.20,31.0,0.000,0.000,0.000,0.000,0.026,0.000,0.006,0.000,0.000,0.000,0.000,0.000,0.000,0.006,0.000,0.000,0.013,0.000
3.5051,35,0,move,-1,3.5051,3.5163,0,0.000,0.000,0.176,-0.264,-22.412,17.227,-0.264,-0.088,0.176,0.000,0.000,-0.088,-0.088,0.176,0.000,0.000,0.439,0.176,0.000,0.000,0.000,0.000,-26.354,19.012,0.000,0.000,0.000,0.000,0.000,0.000,0.000,0.000,0.000,0.000,0.000,0.000,0.026,12.0,11.20,31.0,0.000,0.000,0.000,0.000,0.026,0.000,0.006,0.000,0.000,0.000,0.000,0.000,0.000,0.006,0.000,0.000,0.013,0.000
3.6052,36,0,move,-1,3.6052,3.6174,0,0.000,0.000,0.176,-0.264,-23.994,18.281,-0.264,-0.088,0.176,0.000,0.000,-0.088,-0.088,0.176,0.000,0.000,0.439,0.176,0.000,0.000,0.000,0.000,-27.940,20.103,0.000,0.000,0.000,0.000,0.000,0.000,0.000,0.000,0.000,0.000,0.000,0.000,0.013,12.8,11.30,31.0,0.000,0.000,0.000,0.006,0.013,0.006,0.000,0.000,0.000,0.000,0.000,0.000,0.000,0.006,0.000,0.000,0.013,0.000
3.7083,37,0,move,-1,3.7083,3.7151,0,0.000,0.000,0.176,-0.264,-25.400,19.336,-0.264,-0.088,0.176,0.000,0.000,-0.088,-0.088,0.176,0.000,0.000,0.439,0.176,0.000,0.000,0.000,0.000,-29.519,21.181,0.000,0.000,0.000,0.000,0.000,0.000,0.000,0.000,0.000,0.000,0.000,0.000,0.013,12.8,11.30,31.0,0.000,0.000,0.000,0.006,0.013,0.006,0.000,0.000,0.000,0.000,0.000,0.000,0.000,0.006,0.000,0.000,0.013,0.000
3.8052,38,0,move,-1,3.8052,3.8201,0,0.000,0.000,0.176,-0.264,-27.158,20.566,-0.264,-0.088,0.176,0.000,0.000,-0.088,-0.088,0.176,0.000,0.000,0.439,0.176,0.000,0.000,0.000,0.000,-31.087,22.240,0.000,0.000,0.000,0.000,0.000,0.000,0.000,0.000,0.000,0.000,0.000,0.000,0.033,12.8,11.30,31.0,0.000,0.000,0.000,0.006,0.033,0.006,0.000,0.000,0.000,0.000,0.000,0.000,0.000,0.006,0.000,0.000,0.006,0.000
3.9140,39,0,move,-1,3.9140,3.9307,0,0.000,0.000,0.176,-0.264,-27.246,21.182,-0.264,-0.088,0.176,0.000,0.000,-0.088,-0.088,0.176,0.000,0.000,0.439,0.176,0.000,0.000,0.000,0.000,-32.637,23.276,0.000,0.000,0.000,0.000,0.000,0.000,0.000,0.000,0.000,0.000,0.000,0.000,0.006,2.4,11.30,32.0,0.000,0.000,0.000,0.000,0.000,0.000,0.006,0.000,0.000,0.000,0.000,0.000,0.000,0.006,0.000,0.000,0.006,0.006
4.0052,40,0,move,-1,4.0052,4.0199,0,0.000,0.000,0.176,-0.264,-28.301,22.412,-0.264,-0.088,0.176,0.000,0.000,-0.088,-0.088,0.176,0.000,0.000,0.439,0.176,0.000,0.000,0.000,0.000,-34.162,24.285,0.000,0.000,0.000,0.000,0.000,0.000,0.000,0.000,0.000,0.000,0.000,0.000,0.006,2.4,11.30,32.0,0.000,0.000,0.000,0.000,0.000,0.000,0.006,0.000,0.000,0.000,0.000,0.000,0.000,0.006,0.000,0.000,0.006,0.006
4.1052,41,0,move,-1,4.1052,4.1174,0,0.000,0.000,0.176,-0.264,-29.883,23.643,-0.264,-0.088,0.176,0.000,0.000,-0.088,-0.088,0.176,0.000,0.000,0.439,0.176,0.000,0.000,0.000,0.000,-35.658,25.263,0.000,0.000,0.000,0.000,0.000,0.000,0.000,0.000,0.000,0.000,0.000,0.000,0.019,13.6,11.30,31.0,0.000,0.000,0.000,0.006,0.019,0.006,0.006,0.000,0.000,0.000,0.000,0.000,0.000,0.006,0.000,0.000,0.006,0.000
4.2052,42,0,move,-1,4.2052,4.2112,0,0.000,0.000,0.176,-0.264,-31.025,24.434,-0.264,-0.088,0.176,0.000,0.000,-0.088,-0.088,0.176,0.000,0.000,0.439,0.176,0.000,0.000,0.000,0.000,-37.119,26.207,0.000,0.000,0.000,0.000,0.000,0.000,0.000,0.000,0.000,0.000,0.000,0.000,0.019,13.6,11.30,31.0,0.000,0.000,0.000,0.006,0.019,0.006,0.006,0.000,0.000,0.000,0.000,0.000,0.000,0.006,0.000,0.000,0.006,0.000
4.3052,43,0,move,-1,4.3052,4.3161,0,0.000,0.000,0.176,-0.264,-33.047,25.664,-0.264,-0.088,0.176,0.000,0.000,-0.088,-0.088,0.176,0.000,0.000,0.439,0.176,0.000,0.000,0.000,0.000,-38.538,27.112,0.000,0.000,0.000,0.000,0.000,0.000,0.000,0.000,0.000,0.000,0.000,0.000,0.019,12.4,11.20,31.0,0.000,0.000,0.000,0.006,0.019,0.006,0.006,0.000,0.006,0.000,0.000,0.000,0.000,0.000,0.000,0.000,0.006,0.000
4.4052,44,0,move,-1,4.4052,4.4187,0,0.000,0.000,0.176,-0.264,-34.629,26.631,-0.264,-0.088,0.176,0.000,0.000,-0.088,-0.088,0.176,0.000,0.000,0.439,0.176,0.000,0.000,0.000,0.000,-39.910,27.976,0.000,0.000,0.000,0.000,0.000,0.000,0.000,0.000,0.000,0.000,0.000,0.000,0.033,12.8,11.30,31.0,0.000,0.000,0.006,0.000,0.033,0.006,0.006,0.000,0.006,0.000,0.000,0.000,0.000,0.006,0.000,0.000,0.013,0.006
4.5052,45,0,move,-1,4.5052,4.5169,0,0.000,0.000,0.176,-0.264,-34.805,27.158,-0.264,-0.088,0.176,0.000,0.000,-0.088,-0.088,0.176,0.000,0.000,0.439,0.176,0.000,0.000,0.000,0.000,-41.228,28.795,0.000,0.000,0.000,0.000,0.000,0.000,0.000,0.000,0.000,0.000,0.000,0.000,0.033,12.8,11.30,31.0,0.000,0.000,0.006,0.000,0.033,0.006,0.006,0.000,0.006,0.000,0.000,0.000,0.000,0.006,0.000,0.000,0.013,0.006
4.6052,46,0,move,-1,4.6052,4.6189,0,0.000,0.000,0.176,-0.264,-35.771,28.301,-0.264,-0.088,0.176,0.000,0.000,-0.088,-0.088,0.176,0.000,0.000,0.439,0.176,0.000,0.000,0.000,0.000,-42.487,29.567,0.000,0.000,0.000,0.000,0.000,0.000,0.000,0.000,0.000,0.000,0.000,0.000,0.026,12.4,11.30,31.0,0.000,0.000,0.000,0.000,0.026,0.000,0.006,0.000,0.000,0.000,0.000,0.000,0.000,0.000,0.000,0.000,0.006,0.000
4.7050,47,0,move,-1,4.7050,4.7229,0,0.000,0.000,0.176,-0.264,-35.859,28.740,-0.264,-0.088,0.176,0.000,0.000,-0.088,-0.088,0.176,0.000,0.000,0.439,0.176,0.000,0.000,0.000,0.000,-43.680,30.289,0.000,0.000,0.000,0.000,0.000,0.000,0.000,0.000,0.000,0.000,0.000,0.000,0.019,8.4,11.30,31.0,0.000,0.000,0.000,0.006,0.019,0.006,0.006,0.000,0.000,0.000,0.000,0.000,0.000,0.000,0.000,0.000,0.013,0.000
4.8052,48,0,move,-1,4.8052,4.8181,0,0.000,0.000,0.176,-0.264,-36.914,29.883,-0.264,-0.088,0.176,0.000,0.000,-0.088,-0.088,0.176,0.000,0.000,0.439,0.176,0.000,0.000,0.000,0.000,-44.803,30.959,0.000,0.000,0.000,0.000,0.000,0.000,0.000,0.000,0.000,0.000,0.000,0.000,0.019,8.4,11.30,31.0,0.000,0.000,0.000,0.006,0.019,0.006,0.006,0.000,0.000,0.000,0.000,0.000,0.000,0.000,0.000,0.000,0.013,0.000
4.9052,49,0,move,-1,4.9052,4.9167,0,0.000,0.000,0.176,-0.264,-38.408,30.674,-0.264,-0.088,0.176,0.000,0.000,-0.088,-0.088,0.176,0.000,0.000,0.439,0.176,0.000,0.000,0.000,0.000,-45.851,31.576,0.000,0.000,0.000,0.000,0.000,0.000,0.000,0.000,0.000,0.000,0.000,0.000,0.019,12.8,11.30,31.0,0.000,0.000,0.000,0.006,0.019,0.006,0.006,0.000,0.006,0.000,0.000,0.000,0.000,0.006,0.000,0.000,0.013,0.006
5.0052,50,0,move,-1,5.0052,5.0162,0,0.000,0.000,0.176,-0.264,-39.990,31.289,-0.264,-0.088,0.176,0.000,0.000,-0.088,-0.088,0.176,0.000,0.000,0.439,0.176,0.000,0.000,0.000,0.000,-46.816,32.136,0.000,0.000,0.000,0.000,0.000,0.000,0.000,0.000,0.000,0.000,0.000,0.000,0.019,12.8,11.30,31.0,0.000,0.000,0.000,0.006,0.019,0.006,0.006,0.000,0.006,0.000,0.000,0.000,0.000,0.006,0.000,0.000,0.013,0.006
5.1052,51,0,move,-1,5.1052,5.1168,0,0.000,0.000,0.176,-0.264,-41.572,31.904,-0.264,-0.088,0.176,0.000,0.000,-0.088,-0.088,0.176,0.000,0.000,0.439,0.176,0.000,0.000,0.000,0.000,-47.696,32.641,0.000,0.000,0.000,0.000,0.000,0.000,0.000,0.000,0.000,0.000,0.000,0.000,0.026,13.6,11.30,31.0,0.000,0.000,0.000,0.006,0.026,0.006,0.000,0.000,0.000,0.000,0.000,0.000,0.000,0.006,0.000,0.000,0.013,0.000
5.2064,52,0,move,-1,5.2064,5.2132,0,0.000,0.000,0.176,-0.264,-43.066,32.432,-0.264,-0.088,0.176,0.000,0.000,-0.088,-0.088,0.176,0.000,0.000,0.439,0.176,0.000,0.000,0.000,0.000,-48.483,33.087,0.000,0.000,0.000,0.000,0.000,0.000,0.000,0.000,0.000,0.000,0.000,0.000,0.026,13.6,11.30,31.0,0.000,0.000,0.000,0.006,0.026,0.006,0.000,0.000,0.000,0.000,0.000,0.000,0.000,0.006,0.000,0.000,0.013,0.000
5.3052,53,0,move,-1,5.3052,5.3159,0,0.000,0.000,0.176,-0.264,-44.912,32.871,-0.264,-0.088,0.176,0.000,0.000,-0.088,-0.088,0.176,0.000,0.000,0.439,0.176,0.000,0.000,0.000,0.000,-49.176,33.476,0.000,0.000,0.000,0.000,0.000,0.000,0.000,0.000,0.000,0.000,0.000,0.000,0.019,12.4,11.30,31.0,0.000,0.000,0.000,0.006,0.019,0.006,0.000,0.000,0.000,0.000,0.000,0.000,0.000,0.006,0.000,0.000,0.006,0.000
5.4052,54,0,move,-1,5.4052,5.4174,0,0.000,0.000,0.176,-0.264,-46.494,33.398,-0.264,-0.088,0.176,0.000,0.000,-0.088,-0.088,0.176,0.000,0.000,0.439,0.176,0.000,0.000,0.000,0.000,-49.769,33.806,0.000,0.000,0.000,0.000,0.000,0.000,0.000,0.000,0.000,0.000,0.000,0.000,0.019,12.4,11.30,31.0,0.000,0.000,0.000,0.006,0.019,0.013,0.000,0.000,0.000,0.000,0.000,0.000,0.000,0.006,0.000,0.000,0.006,0.000
5.5052,55,0,move,-1,5.5052,5.5200,0,0.000,0.000,0.176,-0.264,-48.076,33.750,-0.264,-0.088,0.176,0.000,0.000,-0.088,-0.088,0.176,0.000,0.000,0.439,0.176,0.000,0.000,0.000,0.000,-50.260,34.076,0.000,0.000,0.000,0.000,0.000,0.000,0.000,0.000,0.000,0.000,0.000,0.000,0.019,12.0,11.30,31.0,0.000,0.000,0.006,0.006,0.019,0.013,0.006,0.000,0.000,0.000,0.000,0.000,0.000,0.006,0.000,0.000,0.006,0.006
5.6052,56,0,move,-1,5.6052,5.6696,0,0.000,0.000,0.176,-0.264,-48.252,34.014,-0.264,-0.088,0.176,0.000,0.000,-0.088,-0.088,0.176,0.000,0.000,0.439,0.176,0.000,0.000,0.000,0.000,-50.644,34.286,0.000,0.000,0.000,0.000,0.000,0.000,0.000,0.000,0.000,0.000,0.000,0.000,0.019,12.4,11.20,31.0,0.000,0.000,0.000,0.000,0.019,0.013,0.006,0.000,0.000,0.000,0.000,0.000,0.000,0.006,0.000,0.000,0.006,0.006
5.7050,57,0,move,-1,5.7050,5.7158,0,0.000,0.000,0.176,-0.264,-49.219,34.277,-0.264,-0.088,0.176,0.000,0.000,-0.088,-0.088,0.176,0.000,0.000,0.439,0.176,0.000,0.000,0.000,0.000,-50.920,34.437,0.000,0.000,0.000,0.000,0.000,0.000,0.000,0.000,0.000,0.000,0.000,0.000,0.019,12.4,11.20,31.0,0.000,0.000,0.000,0.000,0.019,0.013,0.006,0.000,0.000,0.000,0.000,0.000,0.000,0.006,0.000,0.000,0.006,0.006
5.8050,58,0,move,-1,5.8050,5.8142,0,0.000,0.000,0.176,-0.264,-50.098,34.365,-0.264,-0.088,0.176,0.000,0.000,-0.088,-0.088,0.176,0.000,0.000,0.439,0.176,0.000,0.000,0.000,0.000,-51.087,34.527,0.000,0.000,0.000,0.000,0.000,0.000,0.000,0.000,0.000,0.000,0.000,0.000,0.013,9.6,11.30,31.0,0.000,0.000,0.000,0.006,0.013,0.000,0.000,0.000,0.000,0.000,0.000,0.000,0.000,0.006,0.000,0.000,0.006,0.006
5.9052,59,0,move,-1,5.9052,5.9165,0,0.000,0.000,0.176,-0.264,-50.449,34.453,-0.264,-0.088,0.176,0.000,0.000,-0.088,-0.088,0.176,0.000,0.000,0.439,0.176,0.000,0.000,0.000,0.000,-51.143,34.557,0.000,0.000,0.000,0.000,0.000,0.000,0.000,0.000,0.000,0.000,0.000,0.000,0.013,6.8,11.20,31.0,0.000,0.000,0.000,0.006,0.013,0.006,0.006,0.000,0.006,0.000,0.000,0.000,0.000,0.006,0.000,0.000,0.006,0.000
6.0052,60,0,move,-1,6.0052,6.0180,0,0.000,0.000,0.176,-0.264,-50.537,34.453,-0.264,-0.088,0.176,0.000,0.000,-0.088,-0.088,0.176,0.000,0.000,0.439,0.176,0.000,0.000,0.000,0.000,-51.143,34.557,0.000,0.000,0.000,0.000,0.000,0.000,0.000,0.000,0.000,0.000,0.000,0.000,0.013,6.4,11.30,31.0,0.000,0.000,0.006,0.000,0.013,0.000,0.006,0.000,0.000,0.000,0.000,0.000,0.000,0.006,0.000,0.000,0.006,0.000
6.1050,61,0,move,-1,6.1050,6.1164,0,0.000,0.000,0.176,-0.264,-50.537,34.453,-0.264,-0.088,0.176,0.000,0.000,-0.088,-0.088,0.176,0.000,0.000,0.439,0.176,0.000,0.000,0.000,0.000,-51.143,34.557,0.000,0.000,0.000,0.000,0.000,0.000,0.000,0.000,0.000,0.000,0.000,0.000,0.013,6.4,11.30,31.0,0.000,0.000,0.006,0.000,0.013,0.000,0.006,0.000,0.000,0.000,0.000,0.000,0.000,0.006,0.000,0.000,0.006,0.000
6.2052,62,0,move,-1,6.2052,6.2168,0,0.000,0.000,0.176,-0.264,-50.537,34.453,-0.264,-0.088,0.176,0.000,0.000,-0.088,-0.088,0.176,0.000,0.000,0.439,0.176,0.000,0.000,0.000,0.000,-51.143,34.557,0.000,0.000,0.000,0.000,0.000,0.000,0.000,0.000,0.000,0.000,0.000,0.000,0.013,6.4,11.30,31.0,0.000,0.000,0.000,0.006,0.013,0.000,0.000,0.000,0.000,0.000,0.000,0.000,0.000,0.006,0.000,0.000,0.006,0.000
6.3051,63,0,move,-1,6.3051,6.3188,0,0.000,0.000,0.176,-0.264,-50.537,34.453,-0.264,-0.088,0.176,0.000,0.000,-0.088,-0.088,0.176,0.000,0.000,0.439,0.176,0.000,0.000,0.000,0.000,-51.143,34.557,0.000,0.000,0.000,0.000,0.000,0.000,0.000,0.000,0.000,0.000,0.000,0.000,0.006,3.2,11.30,32.0,0.000,0.000,0.000,0.006,0.006,0.000,0.006,0.000,0.006,0.000,0.000,0.000,0.000,0.006,0.000,0.000,0.006,0.000
6.4050,64,0,move,-1,6.4050,6.4187,0,0.000,0.000,0.176,-0.264,-50.537,34.453,-0.264,-0.088,0.176,0.000,0.000,-0.088,-0.088,0.176,0.000,0.000,0.439,0.176,0.000,0.000,0.000,0.000,-51.143,34.557,0.000,0.000,0.000,0.000,0.000,0.000,0.000,0.000,0.000,0.000,0.000,0.000,0.006,3.2,11.30,32.0,0.000,0.000,0.000,0.006,0.006,0.000,0.006,0.000,0.006,0.000,0.000,0.000,0.000,0.006,0.000,0.000,0.006,0.000
6.5052,65,0,move,-1,6.5052,6.5177,0,0.000,0.000,0.176,-0.264,-50.537,34.453,-0.264,-0.088,0.176,0.000,0.000,-0.088,-0.088,0.176,0.000,0.000,0.439,0.176,0.000,0.000,0.000,0.000,-51.143,34.557,0.000,0.000,0.000,0.000,0.000,0.000,0.000,0.000,0.000,0.000,0.000,0.000,0.013,6.4,11.30,31.0,0.000,0.000,0.000,0.006,0.013,0.000,0.006,0.000,0.000,0.000,0.000,0.000,0.000,0.000,0.000,0.000,0.006,0.000
6.6052,66,0,move,-1,6.6052,6.6175,0,0.000,0.000,0.176,-0.264,-50.537,34.453,-0.264,-0.088,0.176,0.000,0.000,-0.088,-0.088,0.176,0.000,0.000,0.439,0.176,0.000,0.000,0.000,0.000,-51.143,34.557,0.000,0.000,0.000,0.000,0.000,0.000,0.000,0.000,0.000,0.000,0.000,0.000,0.013,6.4,11.30,31.0,0.000,0.000,0.000,0.006,0.013,0.000,0.006,0.000,0.000,0.000,0.000,0.000,0.000,0.000,0.000,0.000,0.006,0.000
6.7052,67,0,move,-1,6.7052,6.7162,0,0.000,0.000,0.176,-0.264,-50.537,34.453,-0.264,-0.088,0.176,0.000,0.000,-0.088,-0.088,0.176,0.000,0.000,0.439,0.176,0.000,0.000,0.000,0.000,-51.143,34.557,0.000,0.000,0.000,0.000,0.000,0.000,0.000,0.000,0.000,0.000,0.000,0.000,0.013,6.4,11.30,32.0,0.000,0.000,0.000,0.006,0.013,0.000,0.006,0.000,0.006,0.000,0.000,0.000,0.000,0.000,0.000,0.000,0.006,0.000
6.8052,68,0,move,-1,6.8052,6.8160,0,0.000,0.000,0.176,-0.264,-50.537,34.453,-0.264,-0.088,0.176,0.000,0.000,-0.088,-0.088,0.176,0.000,0.000,0.439,0.176,0.000,0.000,0.000,0.000,-51.143,34.557,0.000,0.000,0.000,0.000,0.000,0.000,0.000,0.000,0.000,0.000,0.000,0.000,0.013,6.4,11.30,32.0,0.000,0.000,0.000,0.006,0.013,0.000,0.006,0.000,0.006,0.000,0.000,0.000,0.000,0.000,0.000,0.000,0.006,0.000
6.9052,69,0,move,-1,6.9052,6.9169,0,0.000,0.000,0.176,-0.264,-50.537,34.453,-0.264,-0.088,0.176,0.000,0.000,-0.088,-0.088,0.176,0.000,0.000,0.439,0.176,0.000,0.000,0.000,0.000,-51.143,34.557,0.000,0.000,0.000,0.000,0.000,0.000,0.000,0.000,0.000,0.000,0.000,0.000,0.013,4.8,11.30,31.0,0.000,0.000,0.006,0.000,0.006,0.000,0.006,0.000,0.000,0.000,0.000,0.000,0.000,0.006,0.000,0.000,0.013,0.006
7.0050,70,0,move,-1,7.0050,7.0157,0,0.000,0.000,0.176,-0.264,-50.537,34.453,-0.264,-0.088,0.176,0.000,0.000,-0.088,-0.088,0.176,0.000,0.000,0.439,0.176,0.000,0.000,0.000,0.000,-51.143,34.557,0.000,0.000,0.000,0.000,0.000,0.000,0.000,0.000,0.000,0.000,0.000,0.000,0.013,4.8,11.30,31.0,0.000,0.000,0.006,0.000,0.006,0.000,0.006,0.000,0.000,0.000,0.000,0.000,0.000,0.006,0.000,0.000,0.013,0.006
7.1131,71,0,move,-1,7.1131,7.1268,0,0.000,0.000,0.176,-0.264,-50.537,34.453,-0.264,-0.088,0.176,0.000,0.000,-0.088,-0.088,0.176,0.000,0.000,0.439,0.176,0.000,0.000,0.000,0.000,-51.143,34.557,0.000,0.000,0.000,0.000,0.000,0.000,0.000,0.000,0.000,0.000,0.000,0.000,0.013,4.8,11.30,31.0,0.000,0.000,0.000,0.000,0.006,0.000,0.006,0.000,0.000,0.000,0.000,0.000,0.000,0.006,0.000,0.000,0.013,0.000
7.2052,72,0,move,-1,7.2052,7.2187,0,0.000,0.000,0.176,-0.264,-50.537,34.453,-0.264,-0.088,0.176,0.000,0.000,-0.088,-0.088,0.176,0.000,0.000,0.439,0.176,0.000,0.000,0.000,0.000,-51.143,34.557,0.000,0.000,0.000,0.000,0.000,0.000,0.000,0.000,0.000,0.000,0.000,0.000,0.013,4.8,11.30,31.0,0.000,0.000,0.000,0.000,0.006,0.000,0.006,0.000,0.000,0.000,0.000,0.000,0.000,0.006,0.000,0.000,0.013,0.000
7.3052,73,0,move,-1,7.3052,7.3158,0,0.000,0.000,0.176,-0.264,-50.537,34.453,-0.264,-0.088,0.176,0.000,0.000,-0.088,-0.088,0.176,0.000,0.000,0.439,0.176,0.000,0.000,0.000,0.000,-51.143,34.557,0.000,0.000,0.000,0.000,0.000,0.000,0.000,0.000,0.000,0.000,0.000,0.000,0.013,6.4,11.30,31.0,0.000,0.000,0.006,0.000,0.013,0.000,0.006,0.000,0.000,0.000,0.000,0.000,0.000,0.006,0.000,0.000,0.006,0.000
7.4052,74,0,move,-1,7.4052,7.4177,0,0.000,0.000,0.176,-0.264,-50.537,34.453,-0.264,-0.088,0.176,0.000,0.000,-0.088,-0.088,0.176,0.000,0.000,0.439,0.176,0.000,0.000,0.000,0.000,-51.143,34.557,0.000,0.000,0.000,0.000,0.000,0.000,0.000,0.000,0.000,0.000,0.000,0.000,0.013,6.4,11.30,31.0,0.000,0.000,0.000,0.006,0.013,0.000,0.000,0.000,0.000,0.000,0.000,0.000,0.000,0.006,0.000,0.000,0.006,0.000
7.5052,75,0,move,-1,7.5052,7.5173,0,0.000,0.000,0.176,-0.264,-50.537,34.453,-0.264,-0.088,0.176,0.000,0.000,-0.088,-0.088,0.176,0.000,0.000,0.439,0.176,0.000,0.000,0.000,0.000,-51.143,34.557,0.000,0.000,0.000,0.000,0.000,0.000,0.000,0.000,0.000,0.000,0.000,0.000,0.013,6.4,11.30,31.0,0.000,0.000,0.000,0.006,0.013,0.000,0.000,0.000,0.000,0.000,0.000,0.000,0.000,0.006,0.000,0.000,0.006,0.000
7.6052,76,0,move,-1,7.6052,7.6175,0,0.000,0.000,0.176,-0.264,-50.537,34.453,-0.264,-0.088,0.176,0.000,0.000,-0.088,-0.088,0.176,0.000,0.000,0.439,0.176,0.000,0.000,0.000,0.000,-51.143,34.557,0.000,0.000,0.000,0.000,0.000,0.000,0.000,0.000,0.000,0.000,0.000,0.000,0.013,6.4,11.30,31.0,0.000,0.000,0.000,0.006,0.013,0.000,0.000,0.000,0.000,0.000,0.000,0.000,0.000,0.006,0.000,0.000,0.006,0.000
7.7050,77,0,move,-1,7.7050,7.7168,0,0.000,0.000,0.176,-0.264,-50.537,34.453,-0.264,-0.088,0.176,0.000,0.000,-0.088,-0.088,0.176,0.000,0.000,0.439,0.176,0.000,0.000,0.000,0.000,-51.143,34.557,0.000,0.000,0.000,0.000,0.000,0.000,0.000,0.000,0.000,0.000,0.000,0.000,0.013,6.4,11.30,31.0,0.000,0.000,0.000,0.006,0.013,0.000,0.000,0.000,0.000,0.000,0.000,0.000,0.000,0.006,0.000,0.000,0.006,0.000
7.8052,78,0,move,-1,7.8052,7.8173,0,0.000,0.000,0.176,-0.264,-50.537,34.453,-0.264,-0.088,0.176,0.000,0.000,-0.088,-0.088,0.176,0.000,0.000,0.439,0.176,0.000,0.000,0.000,0.000,-51.143,34.557,0.000,0.000,0.000,0.000,0.000,0.000,0.000,0.000,0.000,0.000,0.000,0.000,0.013,6.4,11.30,32.0,0.000,0.000,0.006,0.006,0.013,0.000,0.006,0.000,0.000,0.000,0.000,0.000,0.000,0.006,0.000,0.000,0.013,0.000
7.9050,79,0,move,-1,7.9050,7.9161,0,0.000,0.000,0.176,-0.264,-50.537,34.453,-0.264,-0.088,0.176,0.000,0.000,-0.088,-0.088,0.176,0.000,0.000,0.439,0.176,0.000,0.000,0.000,0.000,-51.143,34.557,0.000,0.000,0.000,0.000,0.000,0.000,0.000,0.000,0.000,0.000,0.000,0.000,0.013,6.4,11.30,32.0,0.000,0.000,0.006,0.006,0.013,0.000,0.006,0.000,0.000,0.000,0.000,0.000,0.000,0.006,0.000,0.000,0.013,0.000
8.0052,80,0,move,-1,8.0052,8.0173,0,0.000,0.000,0.176,-0.264,-50.537,34.453,-0.264,-0.088,0.176,0.000,0.000,-0.088,-0.088,0.176,0.000,0.000,0.439,0.176,0.000,0.000,0.000,0.000,-51.143,34.557,0.000,0.000,0.000,0.000,0.000,0.000,0.000,0.000,0.000,0.000,0.000,0.000,0.013,6.4,11.30,31.0,0.000,0.000,0.000,0.006,0.013,0.000,0.006,0.000,0.000,0.000,0.000,0.000,0.000,0.006,0.000,0.000,0.006,0.000
8.1052,81,0,move,-1,8.1052,8.1169,0,0.000,0.000,0.176,-0.264,-50.537,34.453,-0.264,-0.088,0.176,0.000,0.000,-0.088,-0.088,0.176,0.000,0.000,0.439,0.176,0.000,0.000,0.000,0.000,-51.143,34.557,0.000,0.000,0.000,0.000,0.000,0.000,0.000,0.000,0.000,0.000,0.000,0.000,0.013,6.4,11.30,31.0,0.000,0.000,0.000,0.006,0.013,0.000,0.006,0.000,0.000,0.000,0.000,0.000,0.000,0.006,0.000,0.000,0.006,0.000
8.2052,82,0,move,-1,8.2052,8.2176,0,0.000,0.000,0.176,-0.264,-50.537,34.453,-0.264,-0.088,0.176,0.000,0.000,-0.088,-0.088,0.176,0.000,0.000,0.439,0.176,0.000,0.000,0.000,0.000,-51.143,34.557,0.000,0.000,0.000,0.000,0.000,0.000,0.000,0.000,0.000,0.000,0.000,0.000,0.013,4.8,11.30,31.0,0.000,0.000,0.000,0.006,0.006,0.000,0.006,0.000,0.000,0.000,0.000,0.000,0.000,0.006,0.000,0.000,0.013,0.006
8.3052,83,0,move,-1,8.3052,8.3158,0,0.000,0.000,0.176,-0.264,-50.537,34.453,-0.264,-0.088,0.176,0.000,0.000,-0.088,-0.088,0.176,0.000,0.000,0.439,0.176,0.000,0.000,0.000,0.000,-51.143,34.557,0.000,0.000,0.000,0.000,0.000,0.000,0.000,0.000,0.000,0.000,0.000,0.000,0.013,4.8,11.30,31.0,0.000,0.000,0.000,0.006,0.006,0.000,0.006,0.000,0.000,0.000,0.000,0.000,0.000,0.006,0.000,0.000,0.013,0.006
8.4052,84,0,move,-1,8.4052,8.4168,0,0.000,0.000,0.176,-0.264,-50.537,34.453,-0.264,-0.088,0.176,0.000,0.000,-0.088,-0.088,0.176,0.000,0.000,0.439,0.176,0.000,0.000,0.000,0.000,-51.143,34.557,0.000,0.000,0.000,0.000,0.000,0.000,0.000,0.000,0.000,0.000,0.000,0.000,0.013,6.4,11.30,31.0,0.000,0.000,0.000,0.000,0.013,0.000,0.000,0.000,0.000,0.000,0.000,0.000,0.000,0.006,0.000,0.000,0.013,0.006
8.5052,85,0,move,-1,8.5052,8.5159,0,0.000,0.000,0.176,-0.264,-50.537,34.453,-0.264,-0.088,0.176,0.000,0.000,-0.088,-0.088,0.176,0.000,0.000,0.439,0.176,0.000,0.000,0.000,0.000,-51.143,34.557,0.000,0.000,0.000,0.000,0.000,0.000,0.000,0.000,0.000,0.000,0.000,0.000,0.013,6.4,11.30,31.0,0.000,0.000,0.000,0.000,0.013,0.000,0.000,0.000,0.000,0.000,0.000,0.000,0.000,0.006,0.000,0.000,0.013,0.006
8.6052,86,0,move,-1,8.6052,8.6169,0,0.000,0.000,0.176,-0.264,-50.537,34.453,-0.264,-0.088,0.176,0.000,0.000,-0.088,-0.088,0.176,0.000,0.000,0.439,0.176,0.000,0.000,0.000,0.000,-51.143,34.557,0.000,0.000,0.000,0.000,0.000,0.000,0.000,0.000,0.000,0.000,0.000,0.000,0.013,6.4,11.30,31.0,0.000,0.000,0.000,0.000,0.013,0.000,0.000,0.000,0.000,0.000,0.000,0.000,0.000,0.006,0.000,0.000,0.006,0.000
8.7107,87,0,move,-1,8.7107,8.7448,0,0.000,0.000,0.176,-0.264,-50.537,34.453,-0.264,-0.088,0.176,0.000,0.000,-0.088,-0.088,0.176,0.000,0.000,0.439,0.176,0.000,0.000,0.000,0.000,-51.143,34.557,0.000,0.000,0.000,0.000,0.000,0.000,0.000,0.000,0.000,0.000,0.000,0.000,0.013,6.4,11.20,31.0,0.000,0.000,0.000,0.000,0.013,0.000,0.006,0.000,0.000,0.000,0.000,0.000,0.000,0.000,0.000,0.000,0.006,0.000
8.8052,88,0,move,-1,8.8052,8.8158,0,0.000,0.000,0.176,-0.264,-50.537,34.453,-0.264,-0.088,0.176,0.000,0.000,-0.088,-0.088,0.176,0.000,0.000,0.439,0.176,0.000,0.000,0.000,0.000,-51.143,34.557,0.000,0.000,0.000,0.000,0.000,0.000,0.000,0.000,0.000,0.000,0.000,0.000,0.013,6.4,11.20,31.0,0.000,0.000,0.000,0.000,0.013,0.000,0.006,0.000,0.000,0.000,0.000,0.000,0.000,0.000,0.000,0.000,0.006,0.000
8.9052,89,0,move,-1,8.9052,8.9168,0,0.000,0.000,0.176,-0.264,-50.537,34.453,-0.264,-0.088,0.176,0.000,0.000,-0.088,-0.088,0.176,0.000,0.000,0.439,0.176,0.000,0.000,0.000,0.000,-51.143,34.557,0.000,0.000,0.000,0.000,0.000,0.000,0.000,0.000,0.000,0.000,0.000,0.000,0.013,6.4,11.30,31.0,0.000,0.000,0.000,0.006,0.013,0.000,0.006,0.000,0.000,0.000,0.000,0.000,0.000,0.000,0.000,0.000,0.013,0.006
9.0052,90,0,move,-1,9.0052,9.0159,0,0.000,0.000,0.176,-0.264,-50.537,34.453,-0.264,-0.088,0.176,0.000,0.000,-0.088,-0.088,0.176,0.000,0.000,0.439,0.176,0.000,0.000,0.000,0.000,-51.143,34.557,0.000,0.000,0.000,0.000,0.000,0.000,0.000,0.000,0.000,0.000,0.000,0.000,0.013,6.4,11.30,31.0,0.000,0.000,0.000,0.006,0.013,0.000,0.006,0.000,0.000,0.000,0.000,0.000,0.000,0.000,0.000,0.000,0.013,0.006
9.1052,91,0,move,-1,9.1052,9.1171,0,0.000,0.000,0.176,-0.264,-50.537,34.453,-0.264,-0.088,0.176,0.000,0.000,-0.088,-0.088,0.176,0.000,0.000,0.439,0.176,0.000,0.000,0.000,0.000,-51.143,34.557,0.000,0.000,0.000,0.000,0.000,0.000,0.000,0.000,0.000,0.000,0.000,0.000,0.013,6.4,11.30,31.0,0.000,0.000,0.000,0.006,0.013,0.000,0.006,0.000,0.000,0.000,0.000,0.000,0.000,0.006,0.000,0.000,0.006,0.000
9.2051,92,0,move,-1,9.2051,9.2112,0,0.000,0.000,0.176,-0.264,-50.537,34.453,-0.264,-0.088,0.176,0.000,0.000,-0.088,-0.088,0.176,0.000,0.000,0.439,0.176,0.000,0.000,0.000,0.000,-51.143,34.557,0.000,0.000,0.000,0.000,0.000,0.000,0.000,0.000,0.000,0.000,0.000,0.000,0.013,6.4,11.30,31.0,0.000,0.000,0.000,0.006,0.013,0.000,0.006,0.000,0.000,0.000,0.000,0.000,0.000,0.006,0.000,0.000,0.006,0.000
9.3052,93,0,move,-1,9.3052,9.3158,0,0.000,0.000,0.176,-0.264,-50.537,34.453,-0.264,-0.088,0.176,0.000,0.000,-0.088,-0.088,0.176,0.000,0.000,0.439,0.176,0.000,0.000,0.000,0.000,-51.143,34.557,0.000,0.000,0.000,0.000,0.000,0.000,0.000,0.000,0.000,0.000,0.000,0.000,0.013,6.4,11.30,31.0,0.000,0.000,0.000,0.006,0.013,0.000,0.006,0.000,0.000,0.000,0.000,0.000,0.000,0.006,0.000,0.000,0.006,0.000
9.4123,94,0,move,-1,9.4123,9.4242,0,0.000,0.000,0.176,-0.264,-50.537,34.453,-0.264,-0.088,0.176,0.000,0.000,-0.088,-0.088,0.176,0.000,0.000,0.439,0.176,0.000,0.000,0.000,0.000,-51.143,34.557,0.000,0.000,0.000,0.000,0.000,0.000,0.000,0.000,0.000,0.000,0.000,0.000,0.013,6.4,11.30,31.0,0.000,0.000,0.000,0.006,0.013,0.000,0.006,0.000,0.000,0.000,0.000,0.000,0.000,0.006,0.000,0.000,0.013,0.000
9.5052,95,0,move,-1,9.5052,9.5190,0,0.000,0.000,0.176,-0.264,-50.537,34.453,-0.264,-0.088,0.176,0.000,0.000,-0.088,-0.088,0.176,0.000,0.000,0.439,0.176,0.000,0.000,0.000,0.000,-51.143,34.557,0.000,0.000,0.000,0.000,0.000,0.000,0.000,0.000,0.000,0.000,0.000,0.000,0.013,6.4,11.30,31.0,0.000,0.000,0.000,0.006,0.013,0.000,0.006,0.000,0.000,0.000,0.000,0.000,0.000,0.006,0.000,0.000,0.013,0.000
9.6052,96,0,move,-1,9.6052,9.6214,0,0.000,0.000,0.176,-0.264,-50.537,34.453,-0.264,-0.088,0.176,0.000,0.000,-0.088,-0.088,0.176,0.000,0.000,0.439,0.176,0.000,0.000,0.000,0.000,-51.143,34.557,0.000,0.000,0.000,0.000,0.000,0.000,0.000,0.000,0.000,0.000,0.000,0.000,0.000,0.0,11.30,32.0,0.000,0.000,0.000,0.000,0.000,0.000,0.000,0.000,0.000,0.000,0.000,0.000,0.000,0.000,0.000,0.000,0.000,0.000
9.7052,97,0,move,-1,9.7052,9.7157,0,0.000,0.000,0.176,-0.264,-50.537,34.453,-0.264,-0.088,0.176,0.000,0.000,-0.088,-0.088,0.176,0.000,0.000,0.439,0.176,0.000,0.000,0.000,0.000,-51.143,34.557,0.000,0.000,0.000,0.000,0.000,0.000,0.000,0.000,0.000,0.000,0.000,0.000,0.000,0.0,11.30,32.0,0.000,0.000,0.000,0.000,0.000,0.000,0.000,0.000,0.000,0.000,0.000,0.000,0.000,0.000,0.000,0.000,0.000,0.000
9.8052,98,0,move,-1,9.8052,9.8173,0,0.000,0.000,0.176,-0.264,-50.537,34.453,-0.264,-0.088,0.176,0.000,0.000,-0.088,-0.088,0.176,0.000,0.000,0.439,0.176,0.000,0.000,0.000,0.000,-51.143,34.557,0.000,0.000,0.000,0.000,0.000,0.000,0.000,0.000,0.000,0.000,0.000,0.000,0.013,6.8,11.20,31.0,0.000,0.000,0.006,0.006,0.013,0.000,0.006,0.000,0.006,0.000,0.000,0.000,0.000,0.006,0.000,0.000,0.006,0.006
9.9052,99,0,move,-1,9.9052,9.9159,0,0.000,0.000,0.176,-0.264,-50.537,34.453,-0.264,-0.088,0.176,0.000,0.000,-0.088,-0.088,0.176,0.000,0.000,0.439,0.176,0.000,0.000,0.000,0.000,-51.143,34.557,0.000,0.000,0.000,0.000,0.000,0.000,0.000,0.000,0.000,0.000,0.000,0.000,0.013,6.8,11.20,31.0,0.000,0.000,0.006,0.006,0.013,0.000,0.006,0.000,0.006,0.000,0.000,0.000,0.000,0.006,0.000,0.000,0.006,0.006
10.0052,100,0,move,-1,10.0052,10.0168,0,0.000,0.000,0.176,-0.264,-50.537,34.453,-0.264,-0.088,0.176,0.000,0.000,-0.088,-0.088,0.176,0.000,0.000,0.439,0.176,0.000,0.000,0.000,0.000,-51.143,34.557,0.000,0.000,0.000,0.000,0.000,0.000,0.000,0.000,0.000,0.000,0.000,0.000,0.006,3.2,11.30,32.0,0.000,0.000,0.000,0.006,0.006,0.000,0.006,0.000,0.000,0.000,0.000,0.000,0.000,0.006,0.000,0.000,0.006,0.000
10.1052,101,0,move,-1,10.1052,10.1157,0,0.000,0.000,0.176,-0.264,-50.537,34.453,-0.264,-0.088,0.176,0.000,0.000,-0.088,-0.088,0.176,0.000,0.000,0.439,0.176,0.000,0.000,0.000,0.000,-51.143,34.557,0.000,0.000,0.000,0.000,0.000,0.000,0.000,0.000,0.000,0.000,0.000,0.000,0.006,3.2,11.30,32.0,0.000,0.000,0.000,0.006,0.006,0.000,0.006,0.000,0.000,0.000,0.000,0.000,0.000,0.006,0.000,0.000,0.006,0.000
10.2052,102,0,move,-1,10.2052,10.2541,0,0.000,0.000,0.176,-0.264,-50.537,34.453,-0.264,-0.088,0.176,0.000,0.000,-0.088,-0.088,0.176,0.000,0.000,0.439,0.176,0.000,0.000,0.000,0.000,-51.143,34.557,0.000,0.000,0.000,0.000,0.000,0.000,0.000,0.000,0.000,0.000,0.000,0.000,0.013,6.4,11.30,31.0,0.000,0.000,0.000,0.000,0.013,0.000,0.006,0.000,0.006,0.000,0.000,0.000,0.000,0.000,0.000,0.000,0.013,0.000
10.3052,103,0,move,-1,10.3052,10.3172,0,0.000,0.000,0.176,-0.264,-50.537,34.453,-0.264,-0.088,0.176,0.000,0.000,-0.088,-0.088,0.176,0.000,0.000,0.439,0.176,0.000,0.000,0.000,0.000,-51.143,34.557,0.000,0.000,0.000,0.000,0.000,0.000,0.000,0.000,0.000,0.000,0.000,0.000,0.013,6.4,11.30,31.0,0.000,0.000,0.000,0.000,0.013,0.000,0.006,0.000,0.006,0.000,0.000,0.000,0.000,0.000,0.000,0.000,0.013,0.000
10.4052,104,0,move,-1,10.4052,10.4174,0,0.000,0.000,0.176,-0.264,-50.537,34.453,-0.264,-0.088,0.176,0.000,0.000,-0.088,-0.088,0.176,0.000,0.000,0.439,0.176,0.000,0.000,0.000,0.000,-51.143,34.557,0.000,0.000,0.000,0.000,0.000,0.000,0.000,0.000,0.000,0.000,0.000,0.000,0.013,6.4,11.20,31.0,0.000,0.000,0.000,0.000,0.013,0.000,0.000,0.000,0.006,0.000,0.000,0.000,0.000,0.006,0.000,0.000,0.006,0.006
10.5052,105,0,move,-1,10.5052,10.5168,0,0.000,0.000,0.176,-0.264,-50.537,34.453,-0.264,-0.088,0.176,0.000,0.000,-0.088,-0.088,0.176,0.000,0.000,0.439,0.176,0.000,0.000,0.000,0.000,-51.143,34.557,0.000,0.000,0.000,0.000,0.000,0.000,0.000,0.000,0.000,0.000,0.000,0.000,0.013,6.4,11.20,31.0,0.000,0.000,0.000,0.000,0.013,0.000,0.000,0.000,0.006,0.000,0.000,0.000,0.000,0.006,0.000,0.000,0.006,0.006
10.6052,106,0,move,-1,10.6052,10.6175,0,0.000,0.000,0.176,-0.264,-50.537,34.453,-0.264,-0.088,0.176,0.000,0.000,-0.088,-0.088,0.176,0.000,0.000,0.439,0.176,0.000,0.000,0.000,0.000,-51.143,34.557,0.000,0.000,0.000,0.000,0.000,0.000,0.000,0.000,0.000,0.000,0.000,0.000,0.013,6.4,11.30,31.0,0.000,0.000,0.000,0.000,0.013,0.000,0.000,0.000,0.000,0.000,0.000,0.000,0.000,0.006,0.000,0.000,0.006,0.000
10.7052,107,0,move,-1,10.7052,10.7189,0,0.000,0.000,0.176,-0.264,-50.537,34.453,-0.264,-0.088,0.176,0.000,0.000,-0.088,-0.088,0.176,0.000,0.000,0.439,0.176,0.000,0.000,0.000,0.000,-51.143,34.557,0.000,0.000,0.000,0.000,0.000,0.000,0.000,0.000,0.000,0.000,0.000,0.000,0.006,3.2,11.30,32.0,0.000,0.000,0.000,0.006,0.006,0.000,0.000,0.000,0.000,0.000,0.000,0.000,0.000,0.006,0.000,0.000,0.006,0.000
10.8052,108,0,move,-1,10.8052,10.8184,0,0.000,0.000,0.176,-0.264,-50.537,34.453,-0.264,-0.088,0.176,0.000,0.000,-0.088,-0.088,0.176,0.000,0.000,0.439,0.176,0.000,0.000,0.000,0.000,-51.143,34.557,0.000,0.000,0.000,0.000,0.000,0.000,0.000,0.000,0.000,0.000,0.000,0.000,0.006,3.2,11.30,32.0,0.000,0.000,0.000,0.006,0.006,0.000,0.000,0.000,0.000,0.000,0.000,0.000,0.000,0.006,0.000,0.000,0.006,0.000
10.9052,109,0,move,-1,10.9052,10.9168,0,0.000,0.000,0.176,-0.264,-50.537,34.453,-0.264,-0.088,0.176,0.000,0.000,-0.088,-0.088,0.176,0.000,0.000,0.439,0.176,0.000,0.000,0.000,0.000,-51.143,34.557,0.000,0.000,0.000,0.000,0.000,0.000,0.000,0.000,0.000,0.000,0.000,0.000,0.013,6.4,11.30,31.0,0.000,0.000,0.000,0.000,0.013,0.000,0.006,0.000,0.000,0.000,0.000,0.000,0.000,0.006,0.000,0.000,0.006,0.000
11.0052,110,0,move,-1,11.0052,11.0192,0,0.000,0.000,0.176,-0.264,-50.537,34.453,-0.264,-0.088,0.176,0.000,0.000,-0.088,-0.088,0.176,0.000,0.000,0.439,0.176,0.000,0.000,0.000,0.000,-51.143,34.557,0.000,0.000,0.000,0.000,0.000,0.000,0.000,0.000,0.000,0.000,0.000,0.000,0.013,6.4,11.30,31.0,0.000,0.000,0.000,0.006,0.013,0.000,0.006,0.000,0.000,0.000,0.000,0.000,0.000,0.006,0.000,0.000,0.006,0.006
11.1052,111,0,move,-1,11.1052,11.1163,0,0.000,0.000,0.176,-0.264,-50.537,34.453,-0.264,-0.088,0.176,0.000,0.000,-0.088,-0.088,0.176,0.000,0.000,0.439,0.176,0.000,0.000,0.000,0.000,-51.143,34.557,0.000,0.000,0.000,0.000,0.000,0.000,0.000,0.000,0.000,0.000,0.000,0.000,0.013,6.4,11.30,31.0,0.000,0.000,0.000,0.006,0.013,0.000,0.006,0.000,0.000,0.000,0.000,0.000,0.000,0.006,0.000,0.000,0.006,0.006
11.2052,112,0,move,-1,11.2052,11.2166,0,0.000,0.000,0.176,-0.264,-50.537,34.453,-0.264,-0.088,0.176,0.000,0.000,-0.088,-0.088,0.176,0.000,0.000,0.439,0.176,0.000,0.000,0.000,0.000,-51.143,34.557,0.000,0.000,0.000,0.000,0.000,0.000,0.000,0.000,0.000,0.000,0.000,0.000,0.013,6.4,11.30,31.0,0.000,0.000,0.000,0.006,0.013,0.000,0.006,0.000,0.000,0.000,0.000,0.000,0.000,0.006,0.000,0.000,0.006,0.000
11.3052,113,0,move,-1,11.3052,11.3171,0,0.000,0.000,0.176,-0.264,-50.537,34.453,-0.264,-0.088,0.176,0.000,0.000,-0.088,-0.088,0.176,0.000,0.000,0.439,0.176,0.000,0.000,0.000,0.000,-51.143,34.557,0.000,0.000,0.000,0.000,0.000,0.000,0.000,0.000,0.000,0.000,0.000,0.000,0.006,3.2,11.30,31.0,0.000,0.000,0.000,0.006,0.006,0.000,0.000,0.000,0.000,0.000,0.000,0.000,0.000,0.006,0.000,0.000,0.006,0.000
11.4052,114,0,move,-1,11.4052,11.4157,0,0.000,0.000,0.176,-0.264,-50.537,34.453,-0.264,-0.088,0.176,0.000,0.000,-0.088,-0.088,0.176,0.000,0.000,0.439,0.176,0.000,0.000,0.000,0.000,-51.143,34.557,0.000,0.000,0.000,0.000,0.000,0.000,0.000,0.000,0.000,0.000,0.000,0.000,0.006,3.2,11.30,31.0,0.000,0.000,0.000,0.006,0.006,0.000,0.000,0.000,0.000,0.000,0.000,0.000,0.000,0.006,0.000,0.000,0.006,0.000
11.5050,115,0,move,-1,11.5050,11.5175,0,0.000,0.000,0.176,-0.264,-50.537,34.453,-0.264,-0.088,0.176,0.000,0.000,-0.088,-0.088,0.176,0.000,0.000,0.439,0.176,0.000,0.000,0.000,0.000,-51.143,34.557,0.000,0.000,0.000,0.000,0.000,0.000,0.000,0.000,0.000,0.000,0.000,0.000,0.013,6.4,11.30,31.0,0.000,0.000,0.000,0.000,0.013,0.000,0.006,0.000,0.000,0.000,0.000,0.000,0.000,0.006,0.000,0.000,0.013,0.000
11.6064,116,0,move,-1,11.6064,11.6191,0,0.000,0.000,0.176,-0.264,-50.537,34.453,-0.264,-0.088,0.176,0.000,0.000,-0.088,-0.088,0.176,0.000,0.000,0.439,0.176,0.000,0.000,0.000,0.000,-51.143,34.557,0.000,0.000,0.000,0.000,0.000,0.000,0.000,0.000,0.000,0.000,0.000,0.000,0.006,3.2,11.30,32.0,0.000,0.000,0.000,0.006,0.006,0.000,0.000,0.000,0.000,0.000,0.000,0.000,0.000,0.006,0.000,0.000,0.006,0.000
11.7057,117,0,move,-1,11.7057,11.7331,0,0.000,0.000,0.176,-0.264,-50.537,34.453,-0.264,-0.088,0.176,0.000,0.000,-0.088,-0.088,0.176,0.000,0.000,0.439,0.176,0.000,0.000,0.000,0.000,-51.143,34.557,0.000,0.000,0.000,0.000,0.000,0.000,0.000,0.000,0.000,0.000,0.000,0.000,0.013,6.4,11.20,31.0,0.000,0.000,0.000,0.000,0.013,0.000,0.000,0.000,0.000,0.000,0.000,0.000,0.000,0.006,0.000,0.000,0.006,0.000
11.8052,118,0,move,-1,11.8052,11.8169,0,0.000,0.000,0.176,-0.264,-50.537,34.453,-0.264,-0.088,0.176,0.000,0.000,-0.088,-0.088,0.176,0.000,0.000,0.439,0.176,0.000,0.000,0.000,0.000,-51.143,34.557,0.000,0.000,0.000,0.000,0.000,0.000,0.000,0.000,0.000,0.000,0.000,0.000,0.013,6.4,11.20,31.0,0.000,0.000,0.000,0.000,0.013,0.000,0.000,0.000,0.000,0.000,0.000,0.000,0.000,0.006,0.000,0.000,0.006,0.000
11.9052,119,0,move,-1,11.9052,11.9151,0,0.000,0.000,0.176,-0.264,-50.537,34.453,-0.264,-0.088,0.176,0.000,0.000,-0.088,-0.088,0.176,0.000,0.000,0.439,0.176,0.000,0.000,0.000,0.000,-51.143,34.557,0.000,0.000,0.000,0.000,0.000,0.000,0.000,0.000,0.000,0.000,0.000,0.000,0.013,6.4,11.30,31.0,0.000,0.000,0.000,0.000,0.013,0.000,0.006,0.000,0.000,0.000,0.000,0.000,0.000,0.006,0.000,0.000,0.006,0.000
12.0052,120,0,move,-1,12.0052,12.0170,0,0.000,0.000,0.176,-0.264,-50.537,34.453,-0.264,-0.088,0.176,0.000,0.000,-0.088,-0.088,0.176,0.000,0.000,0.439,0.176,0.000,0.000,0.000,0.000,-51.143,34.557,0.000,0.000,0.000,0.000,0.000,0.000,0.000,0.000,0.000,0.000,0.000,0.000,0.013,6.4,11.30,31.0,0.000,0.000,0.000,0.006,0.013,0.000,0.006,0.000,0.000,0.000,0.000,0.000,0.000,0.013,0.000,0.000,0.006,0.000
12.1052,121,0,move,-1,12.1052,12.1158,0,0.000,0.000,0.176,-0.264,-50.537,34.453,-0.264,-0.088,0.176,0.000,0.000,-0.088,-0.088,0.176,0.000,0.000,0.439,0.176,0.000,0.000,0.000,0.000,-51.143,34.557,0.000,0.000,0.000,0.000,0.000,0.000,0.000,0.000,0.000,0.000,0.000,0.000,0.013,6.4,11.30,31.0,0.000,0.000,0.000,0.006,0.013,0.000,0.006,0.000,0.000,0.000,0.000,0.000,0.000,0.013,0.000,0.000,0.006,0.000
12.2052,122,0,move,-1,12.2052,12.2193,0,0.000,0.000,0.176,-0.264,-50.537,34.453,-0.264,-0.088,0.176,0.000,0.000,-0.088,-0.088,0.176,0.000,0.000,0.439,0.176,0.000,0.000,0.000,0.000,-51.143,34.557,0.000,0.000,0.000,0.000,0.000,0.000,0.000,0.000,0.000,0.000,0.000,0.000,0.013,6.4,11.30,31.0,0.000,0.000,0.000,0.006,0.013,0.000,0.006,0.000,0.006,0.000,0.000,0.000,0.000,0.006,0.000,0.000,0.006,0.000
12.3052,123,0,move,-1,12.3052,12.3173,0,0.000,0.000,0.176,-0.264,-50.537,34.453,-0.264,-0.088,0.176,0.000,0.000,-0.088,-0.088,0.176,0.000,0.000,0.439,0.176,0.000,0.000,0.000,0.000,-51.143,34.557,0.000,0.000,0.000,0.000,0.000,0.000,0.000,0.000,0.000,0.000,0.000,0.000,0.013,6.4,11.30,31.0,0.000,0.000,0.000,0.006,0.013,0.000,0.006,0.000,0.006,0.000,0.000,0.000,0.000,0.006,0.000,0.000,0.006,0.000
12.4052,124,0,move,-1,12.4052,12.4158,0,0.000,0.000,0.176,-0.264,-50.537,34.453,-0.264,-0.088,0.176,0.000,0.000,-0.088,-0.088,0.176,0.000,0.000,0.439,0.176,0.000,0.000,0.000,0.000,-51.143,34.557,0.000,0.000,0.000,0.000,0.000,0.000,0.000,0.000,0.000,0.000,0.000,0.000,0.013,6.4,11.30,31.0,0.000,0.000,0.000,0.000,0.013,0.000,0.006,0.000,0.000,0.000,0.000,0.000,0.000,0.006,0.000,0.000,0.006,0.006
12.5052,125,0,move,-1,12.5052,12.5225,0,0.000,0.000,0.176,-0.264,-50.537,34.453,-0.264,-0.088,0.176,0.000,0.000,-0.088,-0.088,0.176,0.000,0.000,0.439,0.176,0.000,0.000,0.000,0.000,-51.143,34.557,0.000,0.000,0.000,0.000,0.000,0.000,0.000,0.000,0.000,0.000,0.000,0.000,0.006,6.4,11.30,31.0,0.000,0.000,0.000,0.000,0.006,0.000,0.006,0.000,0.000,0.000,0.000,0.000,0.000,0.006,0.000,0.000,0.006,0.006
12.6052,126,0,move,-1,12.6052,12.6159,0,0.000,0.000,0.176,-0.264,-50.537,34.453,-0.264,-0.088,0.176,0.000,0.000,-0.088,-0.088,0.176,0.000,0.000,0.439,0.176,0.000,0.000,0.000,0.000,-51.143,34.557,0.000,0.000,0.000,0.000,0.000,0.000,0.000,0.000,0.000,0.000,0.000,0.000,0.006,6.4,11.30,31.0,0.000,0.000,0.000,0.000,0.006,0.000,0.006,0.000,0.000,0.000,0.000,0.000,0.000,0.006,0.000,0.000,0.006,0.006
12.7052,127,0,move,-1,12.7052,12.7153,0,0.000,0.000,0.176,-0.264,-50.537,34.453,-0.264,-0.088,0.176,0.000,0.000,-0.088,-0.088,0.176,0.000,0.000,0.439,0.176,0.000,0.000,0.000,0.000,-51.143,34.557,0.000,0.000,0.000,0.000,0.000,0.000,0.000,0.000,0.000,0.000,0.000,0.000,0.013,4.8,11.30,31.0,0.000,0.000,0.000,0.000,0.006,0.000,0.006,0.000,0.000,0.000,0.000,0.000,0.000,0.006,0.000,0.000,0.013,0.006
12.8052,128,0,move,-1,12.8052,12.8168,0,0.000,0.000,0.176,-0.264,-50.537,34.453,-0.264,-0.088,0.176,0.000,0.000,-0.088,-0.088,0.176,0.000,0.000,0.439,0.176,0.000,0.000,0.000,0.000,-51.143,34.557,0.000,0.000,0.000,0.000,0.000,0.000,0.000,0.000,0.000,0.000,0.000,0.000,0.013,6.4,11.30,31.0,0.000,0.000,0.000,0.000,0.013,0.000,0.006,0.000,0.000,0.000,0.000,0.000,0.000,0.006,0.000,0.000,0.006,0.000
12.9052,129,0,move,-1,12.9052,12.9156,0,0.000,0.000,0.176,-0.264,-50.537,34.453,-0.264,-0.088,0.176,0.000,0.000,-0.088,-0.088,0.176,0.000,0.000,0.439,0.176,0.000,0.000,0.000,0.000,-51.143,34.557,0.000,0.000,0.000,0.000,0.000,0.000,0.000,0.000,0.000,0.000,0.000,0.000,0.013,6.4,11.30,31.0,0.000,0.000,0.000,0.000,0.013,0.000,0.006,0.000,0.000,0.000,0.000,0.000,0.000,0.006,0.000,0.000,0.006,0.000
13.0052,130,0,move,-1,13.0052,13.0171,0,0.000,0.000,0.176,-0.264,-50.537,34.453,-0.264,-0.088,0.176,0.000,0.000,-0.088,-0.088,0.176,0.000,0.000,0.439,0.176,0.000,0.000,0.000,0.000,-51.143,34.557,0.000,0.000,0.000,0.000,0.000,0.000,0.000,0.000,0.000,0.000,0.000,0.000,0.013,6.4,11.30,31.0,0.000,0.000,0.000,0.000,0.013,0.000,0.000,0.000,0.000,0.000,0.000,0.000,0.000,0.006,0.000,0.000,0.006,0.006
13.1052,131,0,move,-1,13.1052,13.1164,0,0.000,0.000,0.176,-0.264,-50.537,34.453,-0.264,-0.088,0.176,0.000,0.000,-0.088,-0.088,0.176,0.000,0.000,0.439,0.176,0.000,0.000,0.000,0.000,-51.143,34.557,0.000,0.000,0.000,0.000,0.000,0.000,0.000,0.000,0.000,0.000,0.000,0.000,0.013,6.4,11.30,31.0,0.000,0.000,0.000,0.000,0.013,0.000,0.000,0.000,0.000,0.000,0.000,0.000,0.000,0.006,0.000,0.000,0.006,0.006
13.2052,132,0,move,-1,13.2052,13.2163,0,0.000,0.000,0.176,-0.264,-50.537,34.453,-0.264,-0.088,0.176,0.000,0.000,-0.088,-0.088,0.176,0.000,0.000,0.439,0.176,0.000,0.000,0.000,0.000,-51.143,34.557,0.000,0.000,0.000,0.000,0.000,0.000,0.000,0.000,0.000,0.000,0.000,0.000,0.013,6.4,11.30,31.0,0.000,,0.000,0.006,0.013,0.006,0.000,0.000,0.000,0.000,0.000,0.000,0.000,0.006,0.000,0.000,0.006,0.006
13.3052,133,0,move,-1,13.3052,13.3157,0,0.000,0.000,0.176,-0.264,-50.537,34.453,-0.264,-0.088,0.176,0.000,0.000,-0.088,-0.088,0.176,0.000,0.000,0.439,0.176,0.000,0.000,0.000,0.000,-51.143,34.557,0.000,0.000,0.000,0.000,0.000,0.000,0.000,0.000,0.000,0.000,0.000,0.000,0.013,6.4,11.30,31.0,0.000,,0.000,0.006,0.013,0.006,0.000,0.000,0.000,0.000,0.000,0.000,0.000,0.006,0.000,0.000,0.006,0.006
13.4216,134,0,move,-1,13.4216,13.4381,0,0.000,0.000,0.176,-0.264,-50.537,34.453,-0.264,-0.088,0.176,0.000,0.000,-0.088,-0.088,0.176,0.000,0.000,0.439,0.176,0.000,0.000,0.000,0.000,-51.143,34.557,0.000,0.000,0.000,0.000,0.000,0.000,0.000,0.000,0.000,0.000,0.000,0.000,0.013,6.4,11.20,31.0,0.000,0.000,0.000,0.006,0.013,0.000,0.006,0.000,0.000,0.000,0.000,0.000,0.000,0.006,0.000,0.000,0.006,0.000
13.5052,135,0,move,-1,13.5052,13.5180,0,0.000,0.000,0.176,-0.264,-50.537,34.453,-0.264,-0.088,0.176,0.000,0.000,-0.088,-0.088,0.176,0.000,0.000,0.439,0.176,0.000,0.000,0.000,0.000,-51.143,34.557,0.000,0.000,0.000,0.000,0.000,0.000,0.000,0.000,0.000,0.000,0.000,0.000,0.013,6.4,11.20,31.0,0.000,0.000,0.000,0.006,0.013,0.000,0.006,0.000,0.000,0.000,0.000,0.000,0.000,0.006,0.000,0.000,0.006,0.000
13.6052,136,0,move,-1,13.6052,13.6234,0,0.000,0.000,0.176,-0.264,-50.537,34.453,-0.264,-0.088,0.176,0.000,0.000,-0.088,-0.088,0.176,0.000,0.000,0.439,0.176,0.000,0.000,0.000,0.000,-51.143,34.557,0.000,0.000,0.000,0.000,0.000,0.000,0.000,0.000,0.000,0.000,0.000,0.000,0.013,6.4,11.20,31.0,0.000,0.000,0.006,0.000,0.013,0.000,0.006,0.000,0.000,0.000,0.000,0.000,0.000,0.006,0.000,0.000,0.006,0.006
13.7052,137,0,move,-1,13.7052,13.7119,0,0.000,0.000,0.176,-0.264,-50.537,34.453,-0.264,-0.088,0.176,0.000,0.000,-0.088,-0.088,0.176,0.000,0.000,0.439,0.176,0.000,0.000,0.000,0.000,-51.143,34.557,0.000,0.000,0.000,0.000,0.000,0.000,0.000,0.000,0.000,0.000,0.000,0.000,0.013,6.4,11.20,31.0,0.000,0.000,0.006,0.000,0.013,0.000,0.006,0.000,0.000,0.000,0.000,0.000,0.000,0.006,0.000,0.000,0.006,0.006
13.8052,138,0,move,-1,13.8052,13.8172,0,0.000,0.000,0.176,-0.264,-50.537,34.453,-0.264,-0.088,0.176,0.000,0.000,-0.088,-0.088,0.176,0.000,0.000,0.439,0.176,0.000,0.000,0.000,0.000,-51.143,34.557,0.000,0.000,0.000,0.000,0.000,0.000,0.000,0.000,0.000,0.000,0.000,0.000,0.006,6.4,11.30,31.0,0.000,0.000,0.000,0.000,0.006,0.000,0.000,0.000,0.000,0.000,0.000,0.000,0.000,0.006,0.000,0.000,0.006,0.000
13.9052,139,0,move,-1,13.9052,13.9156,0,0.000,0.000,0.176,-0.264,-50.537,34.453,-0.264,-0.088,0.176,0.000,0.000,-0.088,-0.088,0.176,0.000,0.000,0.439,0.176,0.000,0.000,0.000,0.000,-51.143,34.557,0.000,0.000,0.000,0.000,0.000,0.000,0.000,0.000,0.000,0.000,0.000,0.000,0.006,6.4,11.30,31.0,0.000,0.000,0.000,0.000,0.006,0.000,0.000,0.000,0.000,0.000,0.000,0.000,0.000,0.006,0.000,0.000,0.006,0.000
14.0052,140,0,move,-1,14.0052,14.0167,0,0.000,0.000,0.176,-0.264,-50.537,34.453,-0.264,-0.088,0.176,0.000,0.000,-0.088,-0.088,0.176,0.000,0.000,0.439,0.176,0.000,0.000,0.000,0.000,-51.045,34.512,0.000,0.000,0.000,0.000,0.000,0.000,0.000,0.000,0.000,0.000,0.000,0.000,0.013,6.4,11.30,31.0,0.000,0.000,0.000,0.006,0.013,0.000,0.000,0.000,0.000,0.000,0.000,0.000,0.000,0.006,0.000,0.000,0.006,0.000
14.1173,141,0,move,-1,14.1173,14.1288,0,0.000,0.000,0.176,-0.264,-50.537,34.453,-0.264,-0.088,0.176,0.000,0.000,-0.088,-0.088,0.176,0.000,0.000,0.439,0.176,0.000,0.000,0.000,0.000,-50.765,34.384,0.000,0.000,0.000,0.000,0.000,0.000,0.000,0.000,0.000,0.000,0.000,0.000,0.013,5.6,11.30,31.0,0.000,0.000,0.000,0.006,0.013,0.000,0.006,0.000,0.000,0.000,0.000,0.000,0.000,0.006,0.000,0.000,0.006,0.000
14.2052,142,0,move,-1,14.2052,14.2167,0,0.000,0.000,0.176,-0.264,-50.537,34.453,-0.264,-0.088,0.176,0.000,0.000,-0.088,-0.088,0.176,0.000,0.000,0.439,0.176,0.000,0.000,0.000,0.000,-50.327,34.182,0.000,0.000,0.000,0.000,0.000,0.000,0.000,0.000,0.000,0.000,0.000,0.000,0.013,5.6,11.30,31.0,0.000,0.000,0.000,0.006,0.013,0.000,0.006,0.000,0.000,0.000,0.000,0.000,0.000,0.006,0.000,0.000,0.006,0.000
14.3052,143,0,move,-1,14.3052,14.3177,0,0.000,0.000,0.176,-0.264,-50.537,34.277,-0.264,-0.088,0.176,0.000,0.000,-0.088,-0.088,0.176,0.000,0.000,0.439,0.176,0.000,0.000,0.000,0.000,-49.772,33.924,0.000,0.000,0.000,0.000,0.000,0.000,0.000,0.000,0.000,0.000,0.000,0.000,0.006,3.2,11.30,32.0,0.000,0.000,0.000,0.006,0.006,0.006,0.006,0.000,0.000,0.000,0.000,0.000,0.000,0.006,0.000,0.000,0.006,0.000
14.4052,144,0,move,-1,14.4052,14.4162,0,0.000,0.000,0.176,-0.264,-50.361,34.102,-0.264,-0.088,0.176,0.000,0.000,-0.088,-0.088,0.176,0.000,0.000,0.439,0.176,0.000,0.000,0.000,0.000,-49.154,33.634,0.000,0.000,0.000,0.000,0.000,0.000,0.000,0.000,0.000,0.000,0.000,0.000,0.006,3.2,11.30,32.0,0.000,0.000,0.000,0.006,0.006,0.006,0.006,0.000,0.000,0.000,0.000,0.000,0.000,0.006,0.000,0.000,0.006,0.000
14.5052,145,0,move,-1,14.5052,14.5173,0,0.000,0.000,0.176,-0.264,-49.922,33.750,-0.264,-0.088,0.176,0.000,0.000,-0.088,-0.088,0.176,0.000,0.000,0.439,0.176,0.000,0.000,0.000,0.000,-48.535,33.340,0.000,0.000,0.000,0.000,0.000,0.000,0.000,0.000,0.000,0.000,0.000,0.000,0.013,4.8,11.20,32.0,0.000,0.000,0.000,0.000,0.000,0.013,0.006,0.000,0.006,0.000,0.000,0.000,0.000,0.006,0.000,0.000,0.006,0.006
14.6052,146,0,move,-1,14.6052,14.6160,0,0.000,0.000,0.176,-0.264,-49.131,33.486,-0.264,-0.088,0.176,0.000,0.000,-0.088,-0.088,0.176,0.000,0.000,0.439,0.176,0.000,0.000,0.000,0.000,-47.971,33.071,0.000,0.000,0.000,0.000,0.000,0.000,0.000,0.000,0.000,0.000,0.000,0.000,0.013,4.8,11.20,32.0,0.000,0.000,0.000,0.000,0.000,0.013,0.006,0.000,0.006,0.000,0.000,0.000,0.000,0.006,0.000,0.000,0.006,0.006
14.7052,147,0,move,-1,14.7052,14.7163,0,0.000,0.000,0.176,-0.264,-48.604,33.135,-0.264,-0.088,0.176,0.000,0.000,-0.088,-0.088,0.176,0.000,0.000,0.439,0.176,0.000,0.000,0.000,0.000,-47.522,32.856,0.000,0.000,0.000,0.000,0.000,0.000,0.000,0.000,0.000,0.000,0.000,0.000,0.013,4.4,11.20,32.0,0.000,0.000,0.000,0.006,0.006,0.013,0.006,0.000,0.000,0.000,0.000,0.000,0.000,0.006,0.000,0.000,0.006,0.006
14.8050,148,0,move,-1,14.8050,14.8174,0,0.000,0.000,0.176,-0.264,-48.076,32.959,-0.264,-0.088,0.176,0.000,0.000,-0.088,-0.088,0.176,0.000,0.000,0.439,0.176,0.000,0.000,0.000,0.000,-47.233,32.716,0.000,0.000,0.000,0.000,0.000,0.000,0.000,0.000,0.000,0.000,0.000,0.000,0.006,3.2,11.30,32.0,0.000,0.000,0.000,0.006,0.006,0.006,0.006,0.000,0.000,0.000,0.000,0.000,0.000,0.006,0.000,0.000,0.006,0.006
14.9052,149,0,move,-1,14.9052,14.9157,0,0.000,0.000,0.176,-0.264,-47.637,32.783,-0.264,-0.088,0.176,0.000,0.000,-0.088,-0.088,0.176,0.000,0.000,0.439,0.176,0.000,0.000,0.000,0.000,-47.133,32.667,0.000,0.000,0.000,0.000,0.000,0.000,0.000,0.000,0.000,0.000,0.000,0.000,0.006,3.2,11.30,32.0,0.000,0.000,0.000,0.006,0.006,0.006,0.006,0.000,0.000,0.000,0.000,0.000,0.000,0.006,0.000,0.000,0.006,0.006
15.0052,150,0,move,-1,15.0052,15.0171,0,0.000,0.000,0.176,-0.264,-47.461,32.783,-0.264,-0.088,0.176,0.000,0.000,-0.088,-0.088,0.176,0.000,0.000,0.439,0.176,0.000,0.000,0.000,0.000,-47.133,32.667,0.000,0.000,0.000,0.000,0.000,0.000,0.000,0.000,0.000,0.000,0.000,0.000,0.006,3.2,11.30,32.0,0.000,0.000,0.000,0.006,0.006,0.000,0.006,0.000,0.006,0.000,0.000,0.000,0.000,0.006,0.000,0.000,0.006,0.000
15.1050,151,0,move,-1,15.1050,15.1194,0,0.000,0.000,0.176,-0.264,-47.461,32.783,-0.264,-0.088,0.176,0.000,0.000,-0.088,-0.088,0.176,0.000,0.000,0.439,0.176,0.000,0.000,0.000,0.000,-47.133,32.667,0.000,0.000,0.000,0.000,0.000,0.000,0.000,0.000,0.000,0.000,0.000,0.000,0.006,4.0,11.30,31.0,0.000,0.000,0.000,0.000,0.006,0.000,0.006,0.000,0.000,0.000,0.000,0.000,0.000,0.006,0.000,0.000,0.006,0.006
15.2052,152,0,move,-1,15.2052,15.2168,0,0.000,0.000,0.176,-0.264,-47.373,32.783,-0.264,-0.088,0.176,0.000,0.000,-0.088,-0.088,0.176,0.000,0.000,0.439,0.176,0.000,0.000,0.000,0.000,-47.133,32.667,0.000,0.000,0.000,0.000,0.000,0.000,0.000,0.000,0.000,0.000,0.000,0.000,0.006,4.0,11.30,31.0,0.000,0.000,0.000,0.000,0.006,0.000,0.006,0.000,0.000,0.000,0.000,0.000,0.000,0.006,0.000,0.000,0.006,0.006
15.3052,153,0,move,-1,15.3052,15.3149,0,0.000,0.000,0.176,-0.264,-47.373,32.783,-0.264,-0.088,0.176,0.000,0.000,-0.088,-0.088,0.176,0.000,0.000,0.439,0.176,0.000,0.000,0.000,0.000,-47.133,32.667,0.000,0.000,0.000,0.000,0.000,0.000,0.000,0.000,0.000,0.000,0.000,0.000,0.006,3.2,11.30,32.0,0.000,0.000,0.000,0.006,0.006,0.000,0.006,0.000,0.006,0.000,0.000,0.000,0.000,0.006,0.000,0.000,0.006,0.000
15.4052,154,0,move,-1,15.4052,15.4167,0,0.000,0.000,0.176,-0.264,-47.373,32.783,-0.264,-0.088,0.176,0.000,0.000,-0.088,-0.088,0.176,0.000,0.000,0.439,0.176,0.000,0.000,0.000,0.000,-47.133,32.667,0.000,0.000,0.000,0.000,0.000,0.000,0.000,0.000,0.000,0.000,0.000,0.000,0.013,4.8,11.30,31.0,0.000,0.000,0.000,0.006,0.000,0.000,0.000,0.000,0.000,0.000,0.000,0.000,0.000,0.006,0.000,0.000,0.013,0.000
15.5052,155,0,move,-1,15.5052,15.5171,0,0.000,0.000,0.176,-0.264,-47.373,32.783,-0.264,-0.088,0.176,0.000,0.000,-0.088,-0.088,0.176,0.000,0.000,0.439,0.176,0.000,0.000,0.000,0.000,-47.133,32.667,0.000,0.000,0.000,0.000,0.000,0.000,0.000,0.000,0.000,0.000,0.000,0.000,0.006,2.4,11.30,33.0,0.000,0.000,0.006,0.006,0.006,0.000,0.006,0.000,0.000,0.000,0.000,0.000,0.000,0.006,0.000,0.000,0.006,0.000
15.6052,156,0,move,-1,15.6052,15.6192,0,0.000,0.000,0.176,-0.264,-47.373,32.783,-0.264,-0.088,0.176,0.000,0.000,-0.088,-0.088,0.176,0.000,0.000,0.439,0.176,0.000,0.000,0.000,0.000,-47.133,32.667,0.000,0.000,0.000,0.000,0.000,0.000,0.000,0.000,0.000,0.000,0.000,0.000,0.006,3.2,11.30,32.0,0.000,0.000,0.000,0.006,0.006,0.000,0.006,0.000,0.000,0.000,0.000,0.000,0.000,0.006,0.000,0.000,0.006,0.006
15.7051,157,0,move,-1,15.7051,15.7317,0,0.000,0.000,0.176,-0.264,-47.373,32.783,-0.264,-0.088,0.176,0.000,0.000,-0.088,-0.088,0.176,0.000,0.000,0.439,0.176,0.000,0.000,0.000,0.000,-47.133,32.667,0.000,0.000,0.000,0.000,0.000,0.000,0.000,0.000,0.000,0.000,0.000,0.000,0.006,3.2,11.30,32.0,0.000,0.000,0.000,0.006,0.000,0.000,0.006,0.000,0.000,0.000,0.000,0.000,0.000,0.006,0.000,0.000,0.006,0.006
15.8052,158,0,move,-1,15.8052,15.8163,0,0.000,0.000,0.176,-0.264,-47.285,32.783,-0.264,-0.088,0.176,0.000,0.000,-0.088,-0.088,0.176,0.000,0.000,0.439,0.176,0.000,0.000,0.000,0.000,-47.133,32.667,0.000,0.000,0.000,0.000,0.000,0.000,0.000,0.000,0.000,0.000,0.000,0.000,0.006,3.2,11.30,32.0,0.000,0.000,0.000,0.006,0.000,0.000,0.006,0.000,0.000,0.000,0.000,0.000,0.000,0.006,0.000,0.000,0.006,0.006
15.9052,159,0,move,-1,15.9052,15.9165,0,0.000,0.000,0.176,-0.264,-47.285,32.783,-0.264,-0.088,0.176,0.000,0.000,-0.088,-0.088,0.176,0.000,0.000,0.439,0.176,0.000,0.000,0.000,0.000,-47.133,32.667,0.000,0.000,0.000,0.000,0.000,0.000,0.000,0.000,0.000,0.000,0.000,0.000,0.013,4.8,11.30,31.0,0.000,0.000,0.000,0.006,0.000,0.000,0.006,0.000,0.006,0.000,0.000,0.000,0.000,0.006,0.000,0.000,0.013,0.000
16.0052,160,0,move,-1,16.0052,16.0152,0,0.000,0.000,0.176,-0.264,-47.285,32.783,-0.264,-0.088,0.176,0.000,0.000,-0.088,-0.088,0.176,0.000,0.000,0.439,0.176,0.000,0.000,0.000,0.000,-47.133,32.667,0.000,0.000,0.000,0.000,0.000,0.000,0.000,0.000,0.000,0.000,0.000,0.000,0.013,4.8,11.30,31.0,0.000,0.000,0.000,0.006,0.000,0.000,0.006,0.000,0.006,0.000,0.000,0.000,0.000,0.006,0.000,0.000,0.013,0.000
16.1052,161,0,move,-1,16.1052,16.1158,0,0.000,0.000,0.176,-0.264,-47.285,32.783,-0.264,-0.088,0.176,0.000,0.000,-0.088,-0.088,0.176,0.000,0.000,0.439,0.176,0.000,0.000,0.000,0.000,-47.133,32.667,0.000,0.000,0.000,0.000,0.000,0.000,0.000,0.000,0.000,0.000,0.000,0.000,0.013,4.8,11.30,31.0,0.000,0.000,0.000,0.006,0.000,0.000,0.006,0.000,0.000,0.000,0.000,0.000,0.000,0.006,0.000,0.000,0.013,0.006
16.2052,162,0,move,-1,16.2052,16.2153,0,0.000,0.000,0.176,-0.264,-47.285,32.783,-0.264,-0.088,0.176,0.000,0.000,-0.088,-0.088,0.176,0.000,0.000,0.439,0.176,0.000,0.000,0.000,0.000,-47.133,32.667,0.000,0.000,0.000,0.000,0.000,0.000,0.000,0.000,0.000,0.000,0.000,0.000,0.013,4.8,11.30,31.0,0.000,0.000,0.000,0.006,0.000,0.000,0.006,0.000,0.000,0.000,0.000,0.000,0.000,0.006,0.000,0.000,0.013,0.006
16.3051,163,0,move,-1,16.3051,16.3152,0,0.000,0.000,0.176,-0.264,-47.197,32.783,-0.264,-0.088,0.176,0.000,0.000,-0.088,-0.088,0.176,0.000,0.000,0.439,0.176,0.000,0.000,0.000,0.000,-47.133,32.667,0.000,0.000,0.000,0.000,0.000,0.000,0.000,0.000,0.000,0.000,0.000,0.000,0.006,3.2,11.30,32.0,0.000,0.000,0.000,0.006,0.006,0.000,0.006,0.000,0.000,0.000,0.000,0.000,0.000,0.000,0.000,0.006,0.006,0.006
16.4052,164,0,move,-1,16.4052,16.4164,0,0.000,0.000,0.176,-0.264,-47.197,32.783,-0.264,-0.088,0.176,0.000,0.000,-0.088,-0.088,0.176,0.000,0.000,0.439,0.176,0.000,0.000,0.000,0.000,-47.133,32.667,0.000,0.000,0.000,0.000,0.000,0.000,0.000,0.000,0.000,0.000,0.000,0.000,0.006,3.2,11.30,32.0,0.000,0.000,0.000,0.006,0.000,0.000,0.000,0.000,0.000,0.000,0.000,0.000,0.000,0.006,0.000,0.000,0.006,0.000
16.5051,165,0,move,-1,16.5051,16.5151,0,0.000,0.000,0.176,-0.264,-47.197,32.783,-0.264,-0.088,0.176,0.000,0.000,-0.088,-0.088,0.176,0.000,0.000,0.439,0.176,0.000,0.000,0.000,0.000,-47.133,32.667,0.000,0.000,0.000,0.000,0.000,0.000,0.000,0.000,0.000,0.000,0.000,0.000,0.006,3.2,11.30,32.0,0.000,0.000,0.000,0.006,0.000,0.000,0.000,0.000,0.000,0.000,0.000,0.000,0.000,0.006,0.000,0.000,0.006,0.000
16.6052,166,0,move,-1,16.6052,16.6161,0,0.000,0.000,0.176,-0.264,-47.197,32.783,-0.264,-0.088,0.176,0.000,0.000,-0.088,-0.088,0.176,0.000,0.000,0.439,0.176,0.000,0.000,0.000,0.000,-47.133,32.667,0.000,0.000,0.000,0.000,0.000,0.000,0.000,0.000,0.000,0.000,0.000,0.000,0.013,4.8,11.30,31.0,0.000,0.000,0.006,0.006,0.000,0.000,0.006,0.000,0.006,0.000,0.000,0.000,0.000,0.006,0.000,0.000,0.013,0.006
16.7051,167,0,move,-1,16.7051,16.7184,0,0.000,0.000,0.176,-0.264,-47.197,32.783,-0.264,-0.088,0.176,0.000,0.000,-0.088,-0.088,0.176,0.000,0.000,0.439,0.176,0.000,0.000,0.000,0.000,-47.133,32.667,0.000,0.000,0.000,0.000,0.000,0.000,0.000,0.000,0.000,0.000,0.000,0.000,0.013,4.8,11.30,31.0,0.000,0.000,0.000,0.000,0.000,0.000,0.006,0.000,0.000,0.000,0.000,0.000,0.000,0.006,0.000,0.000,0.013,0.000
16.8052,168,0,move,-1,16.8052,16.8172,0,0.000,0.000,0.176,-0.264,-47.197,32.783,-0.264,-0.088,0.176,0.000,0.000,-0.088,-0.088,0.176,0.000,0.000,0.439,0.176,0.000,0.000,0.000,0.000,-47.133,32.667,0.000,0.000,0.000,0.000,0.000,0.000,0.000,0.000,0.000,0.000,0.000,0.000,0.013,4.8,11.30,31.0,0.000,0.000,0.000,0.000,0.000,0.000,0.006,0.000,0.000,0.000,0.000,0.000,0.000,0.006,0.000,0.000,0.013,0.000
16.9052,169,0,move,-1,16.9052,16.9174,0,0.000,0.000,0.176,-0.264,-47.197,32.783,-0.264,-0.088,0.176,0.000,0.000,-0.088,-0.088,0.176,0.000,0.000,0.439,0.176,0.000,0.000,0.000,0.000,-47.133,32.667,0.000,0.000,0.000,0.000,0.000,0.000,0.000,0.000,0.000,0.000,0.000,0.000,0.006,3.2,11.30,32.0,,0.000,0.000,0.000,0.000,0.000,0.006,0.000,0.000,0.000,0.000,0.000,0.000,0.006,0.000,0.000,0.006,0.000
17.0052,170,0,move,-1,17.0052,17.0159,0,0.000,0.000,0.176,-0.264,-47.109,32.783,-0.264,-0.088,0.176,0.000,0.000,-0.088,-0.088,0.176,0.000,0.000,0.439,0.176,0.000,0.000,0.000,0.000,-47.133,32.667,0.000,0.000,0.000,0.000,0.000,0.000,0.000,0.000,0.000,0.000,0.000,0.000,0.006,3.2,11.30,32.0,,0.000,0.000,0.000,0.000,0.000,0.006,0.000,0.000,0.000,0.000,0.000,0.000,0.006,0.000,0.000,0.006,0.000
17.1050,171,0,move,-1,17.1050,17.1168,0,0.000,0.000,0.176,-0.264,-47.109,32.783,-0.264,-0.088,0.176,0.000,0.000,-0.088,-0.088,0.176,0.000,0.000,0.439,0.176,0.000,0.000,0.000,0.000,-47.133,32.667,0.000,0.000,0.000,0.000,0.000,0.000,0.000,0.000,0.000,0.000,0.000,0.000,0.006,3.2,11.30,32.0,0.000,0.000,0.000,0.006,0.000,0.000,0.006,0.000,0.000,0.000,0.000,0.000,0.000,0.006,0.000,0.000,0.006,0.006
17.2052,172,0,move,-1,17.2052,17.2165,0,0.000,0.000,0.176,-0.264,-47.109,32.783,-0.264,-0.088,0.176,0.000,0.000,-0.088,-0.088,0.176,0.000,0.000,0.439,0.176,0.000,0.000,0.000,0.000,-47.133,32.667,0.000,0.000,0.000,0.000,0.000,0.000,0.000,0.000,0.000,0.000,0.000,0.000,0.006,3.2,11.30,32.0,0.000,0.000,0.000,0.006,0.000,0.000,0.006,0.000,0.000,0.000,0.000,0.000,0.000,0.006,0.000,0.000,0.006,0.006
17.3051,173,0,move,-1,17.3051,17.3152,0,0.000,0.000,0.176,-0.264,-47.109,32.783,-0.264,-0.088,0.176,0.000,0.000,-0.088,-0.088,0.176,0.000,0.000,0.439,0.176,0.000,0.000,0.000,0.000,-47.133,32.667,0.000,0.000,0.000,0.000,0.000,0.000,0.000,0.000,0.000,0.000,0.000,0.000,0.013,4.8,11.30,31.0,0.000,0.000,0.000,0.006,0.000,0.000,0.000,0.000,0.000,0.000,0.000,0.000,0.000,0.006,0.000,0.000,0.013,0.000
17.4052,174,0,move,-1,17.4052,17.4174,0,0.000,0.000,0.176,-0.264,-47.109,32.783,-0.264,-0.088,0.176,0.000,0.000,-0.088,-0.088,0.176,0.000,0.000,0.439,0.176,0.000,0.000,0.000,0.000,-47.133,32.667,0.000,0.000,0.000,0.000,0.000,0.000,0.000,0.000,0.000,0.000,0.000,0.000,0.006,3.2,11.30,32.0,0.000,0.000,0.000,0.000,0.000,0.000,0.006,0.000,0.000,0.000,0.000,0.000,0.000,0.006,0.000,0.000,0.006,0.000
17.5052,175,0,move,-1,17.5052,17.5182,0,0.000,0.000,0.176,-0.264,-47.109,32.783,-0.264,-0.088,0.176,0.000,0.000,-0.088,-0.088,0.176,0.000,0.000,0.439,0.176,0.000,0.000,0.000,0.000,-47.133,32.667,0.000,0.000,0.000,0.000,0.000,0.000,0.000,0.000,0.000,0.000,0.000,0.000,0.006,3.2,11.30,32.0,0.000,0.000,0.000,0.006,0.000,0.000,0.006,0.000,0.000,0.000,0.000,0.000,0.000,0.000,0.000,0.000,0.006,0.006
17.6052,176,0,move,-1,17.6052,17.6165,0,0.000,0.000,0.176,-0.264,-47.021,32.783,-0.264,-0.088,0.176,0.000,0.000,-0.088,-0.088,0.176,0.000,0.000,0.439,0.176,0.000,0.000,0.000,0.000,-47.133,32.667,0.000,0.000,0.000,0.000,0.000,0.000,0.000,0.000,0.000,0.000,0.000,0.000,0.006,3.2,11.30,32.0,0.000,0.000,0.000,0.006,0.000,0.000,0.006,0.000,0.000,0.000,0.000,0.000,0.000,0.000,0.000,0.000,0.006,0.006
17.7052,177,0,move,-1,17.7052,17.7158,0,0.000,0.000,0.176,-0.264,-47.021,32.783,-0.264,-0.088,0.176,0.000,0.000,-0.088,-0.088,0.176,0.000,0.000,0.439,0.176,0.000,0.000,0.000,0.000,-47.133,32.667,0.000,0.000,0.000,0.000,0.000,0.000,0.000,0.000,0.000,0.000,0.000,0.000,0.006,3.2,11.30,32.0,0.000,0.000,0.000,0.006,0.000,0.000,0.006,0.000,0.000,0.000,0.000,0.000,0.000,0.000,0.000,0.000,0.006,0.000
17.8052,178,0,move,-1,17.8052,17.8397,0,0.000,0.000,0.176,-0.264,-47.021,32.783,-0.264,-0.088,0.176,0.000,0.000,-0.088,-0.088,0.176,0.000,0.000,0.439,0.176,0.000,0.000,0.000,0.000,-47.133,32.667,0.000,0.000,0.000,0.000,0.000,0.000,0.000,0.000,0.000,0.000,0.000,0.000,0.006,3.2,11.30,32.0,0.000,0.000,0.000,0.006,0.000,0.000,0.006,0.000,0.000,0.000,0.000,0.000,0.000,0.006,0.000,0.000,0.006,0.000
17.9052,179,0,move,-1,17.9052,17.9159,0,0.000,0.000,0.176,-0.264,-47.021,32.783,-0.264,-0.088,0.176,0.000,0.000,-0.088,-0.088,0.176,0.000,0.000,0.439,0.176,0.000,0.000,0.000,0.000,-47.133,32.667,0.000,0.000,0.000,0.000,0.000,0.000,0.000,0.000,0.000,0.000,0.000,0.000,0.006,3.2,11.30,32.0,0.000,0.000,0.000,0.006,0.000,0.000,0.006,0.000,0.000,0.000,0.000,0.000,0.000,0.006,0.000,0.000,0.006,0.000
18.0052,180,0,move,-1,18.0052,18.0174,0,0.000,0.000,0.176,-0.264,-47.021,32.783,-0.264,-0.088,0.176,0.000,0.000,-0.088,-0.088,0.176,0.000,0.000,0.439,0.176,0.000,0.000,0.000,0.000,-47.033,32.619,0.000,0.000,0.000,0.000,0.000,0.000,0.000,0.000,0.000,0.000,0.000,0.000,0.006,3.2,11.30,32.0,0.000,0.000,0.000,0.000,0.000,0.000,0.006,0.000,0.000,0.000,0.000,0.000,0.000,0.006,0.000,0.000,0.006,0.006
18.1052,181,0,move,-1,18.1052,18.1160,0,0.000,0.000,0.176,-0.264,-47.021,32.783,-0.264,-0.088,0.176,0.000,0.000,-0.088,-0.088,0.176,0.000,0.000,0.439,0.176,0.000,0.000,0.000,0.000,-46.742,32.477,0.000,0.000,0.000,0.000,0.000,0.000,0.000,0.000,0.000,0.000,0.000,0.000,0.006,3.2,11.30,32.0,0.000,0.000,0.000,0.000,0.000,0.000,0.006,0.000,0.000,0.000,0.000,0.000,0.000,0.006,0.000,0.000,0.006,0.006
18.2052,182,0,move,-1,18.2052,18.2166,0,0.000,0.000,0.176,-0.264,-47.021,32.695,-0.264,-0.088,0.176,0.000,0.000,-0.088,-0.088,0.176,0.000,0.000,0.439,0.176,0.000,0.000,0.000,0.000,-46.288,32.255,0.000,0.000,0.000,0.000,0.000,0.000,0.000,0.000,0.000,0.000,0.000,0.000,0.006,3.2,11.30,32.0,0.000,0.000,0.000,0.006,0.000,0.000,0.006,0.000,0.006,0.000,0.000,0.000,0.000,0.006,0.000,0.000,0.006,0.000
18.3052,183,0,move,-1,18.3052,18.3215,0,0.000,0.000,0.176,-0.264,-46.934,32.432,-0.264,-0.088,0.176,0.000,0.000,-0.088,-0.088,0.176,0.000,0.000,0.439,0.176,0.000,0.000,0.000,0.000,-45.712,31.972,0.000,0.000,0.000,0.000,0.000,0.000,0.000,0.000,0.000,0.000,0.000,0.000,0.006,6.8,11.30,31.0,0.000,0.000,0.000,0.000,0.006,0.006,0.006,0.000,0.000,0.000,0.000,0.000,0.000,0.006,0.000,0.000,0.006,0.000
18.4050,184,0,move,-1,18.4050,18.4175,0,0.000,0.000,0.176,-0.264,-46.846,32.168,-0.264,-0.088,0.176,0.000,0.000,-0.088,-0.088,0.176,0.000,0.000,0.439,0.176,0.000,0.000,0.000,0.000,-45.069,31.653,0.000,0.000,0.000,0.000,0.000,0.000,0.000,0.000,0.000,0.000,0.000,0.000,0.006,6.8,11.30,31.0,0.000,0.000,0.000,0.000,0.006,0.006,0.006,0.000,0.000,0.000,0.000,0.000,0.000,0.006,0.000,0.000,0.006,0.000
18.5052,185,0,move,-1,18.5052,18.5159,0,0.000,0.000,0.176,-0.264,-45.967,31.729,-0.264,-0.088,0.176,0.000,0.000,-0.088,-0.088,0.176,0.000,0.000,0.439,0.176,0.000,0.000,0.000,0.000,-44.421,31.329,0.000,0.000,0.000,0.000,0.000,0.000,0.000,0.000,0.000,0.000,0.000,0.000,0.013,7.2,11.30,32.0,0.000,0.000,0.000,0.000,0.013,0.000,0.000,0.000,0.000,0.000,0.000,0.000,0.000,0.006,0.000,0.000,0.006,0.006
18.6052,186,0,move,-1,18.6052,18.6177,0,0.000,0.000,0.176,-0.264,-45.088,31.377,-0.264,-0.088,0.176,0.000,0.000,-0.088,-0.088,0.176,0.000,0.000,0.439,0.176,0.000,0.000,0.000,0.000,-43.833,31.033,0.000,0.000,0.000,0.000,0.000,0.000,0.000,0.000,0.000,0.000,0.000,0.000,0.006,6.4,11.30,31.0,0.000,0.000,0.000,0.000,0.006,0.000,0.000,0.000,0.000,0.000,0.000,0.000,0.000,0.000,0.000,0.000,0.006,0.000
18.7053,187,0,move,-1,18.7053,18.7181,0,0.000,0.000,0.176,-0.264,-44.473,31.113,-0.264,-0.088,0.176,0.000,0.000,-0.088,-0.088,0.176,0.000,0.000,0.439,0.176,0.000,0.000,0.000,0.000,-43.362,30.795,0.000,0.000,0.000,0.000,0.000,0.000,0.000,0.000,0.000,0.000,0.000,0.000,0.006,6.0,11.20,31.0,0.000,0.000,0.000,0.000,0.006,0.000,0.006,0.000,0.000,0.000,0.000,0.000,0.000,0.006,0.000,0.000,0.006,0.000
18.8052,188,0,move,-1,18.8052,18.8175,0,0.000,0.000,0.176,-0.264,-43.770,30.850,-0.264,-0.088,0.176,0.000,0.000,-0.088,-0.088,0.176,0.000,0.000,0.439,0.176,0.000,0.000,0.000,0.000,-43.059,30.640,0.000,0.000,0.000,0.000,0.000,0.000,0.000,0.000,0.000,0.000,0.000,0.000,0.006,6.0,11.20,31.0,0.000,0.000,0.000,0.000,0.006,0.000,0.006,0.000,0.000,0.000,0.000,0.000,0.000,0.006,0.000,0.000,0.006,0.000
18.9052,189,0,move,-1,18.9052,18.9156,0,0.000,0.000,0.176,-0.264,-43.330,30.850,-0.264,-0.088,0.176,0.000,0.000,-0.088,-0.088,0.176,0.000,0.000,0.439,0.176,0.000,0.000,0.000,0.000,-42.955,30.587,0.000,0.000,0.000,0.000,0.000,0.000,0.000,0.000,0.000,0.000,0.000,0.000,0.006,2.4,11.20,32.0,0.000,0.000,0.000,0.000,0.000,0.006,0.006,0.000,0.000,0.000,0.000,0.000,0.000,0.000,0.000,0.000,0.006,0.000
19.0052,190,0,move,-1,19.0052,19.0175,0,0.000,0.000,0.176,-0.264,-43.242,30.586,-0.264,-0.088,0.176,0.000,0.000,-0.088,-0.088,0.176,0.000,0.000,0.439,0.176,0.000,0.000,0.000,0.000,-42.955,30.587,0.000,0.000,0.000,0.000,0.000,0.000,0.000,0.000,0.000,0.000,0.000,0.000,0.006,3.2,11.30,32.0,0.000,0.000,0.000,0.006,0.006,0.006,0.006,0.000,0.000,0.000,0.000,0.000,0.000,0.006,0.000,0.000,0.006,0.006
19.1052,191,0,move,-1,19.1052,19.1165,0,0.000,0.000,0.176,-0.264,-43.154,30.586,-0.264,-0.088,0.176,0.000,0.000,-0.088,-0.088,0.176,0.000,0.000,0.439,0.176,0.000,0.000,0.000,0.000,-42.955,30.587,0.000,0.000,0.000,0.000,0.000,0.000,0.000,0.000,0.000,0.000,0.000,0.000,0.006,3.2,11.30,32.0,0.000,0.000,0.000,0.006,0.006,0.006,0.006,0.000,0.000,0.000,0.000,0.000,0.000,0.006,0.000,0.000,0.006,0.006
19.2050,192,0,move,-1,19.2050,19.2158,0,0.000,0.000,0.176,-0.264,-42.979,30.586,-0.264,-0.088,0.176,0.000,0.000,-0.088,-0.088,0.176,0.000,0.000,0.439,0.176,0.000,0.000,0.000,0.000,-42.955,30.587,0.000,0.000,0.000,0.000,0.000,0.000,0.000,0.000,0.000,0.000,0.000,0.000,0.006,2.4,11.30,33.0,0.000,0.000,0.006,0.000,0.000,0.000,0.006,0.000,0.000,0.000,0.000,0.000,0.000,0.006,0.000,0.000,0.006,0.000
19.3052,193,0,move,-1,19.3052,19.3178,0,0.000,0.000,0.176,-0.264,-42.891,30.586,-0.264,-0.088,0.176,0.000,0.000,-0.088,-0.088,0.176,0.000,0.000,0.439,0.176,0.000,0.000,0.000,0.000,-42.955,30.587,0.000,0.000,0.000,0.000,0.000,0.000,0.000,0.000,0.000,0.000,0.000,0.000,0.006,3.2,11.30,32.0,0.000,0.000,0.000,0.006,0.000,0.000,0.006,0.000,0.000,0.000,0.000,0.000,0.000,0.006,0.000,0.000,0.006,0.006
19.4051,194,0,move,-1,19.4051,19.4166,0,0.000,0.000,0.176,-0.264,-42.715,30.586,-0.264,-0.088,0.176,0.000,0.000,-0.088,-0.088,0.176,0.000,0.000,0.439,0.176,0.000,0.000,0.000,0.000,-42.955,30.587,0.000,0.000,0.000,0.000,0.000,0.000,0.000,0.000,0.000,0.000,0.000,0.000,0.006,3.2,11.30,32.0,0.000,0.000,0.000,0.006,0.000,0.000,0.006,0.000,0.000,0.000,0.000,0.000,0.000,0.006,0.000,0.000,0.006,0.006
19.5052,195,0,move,-1,19.5052,19.5177,0,0.000,0.000,0.176,-0.264,-42.715,30.586,-0.264,-0.088,0.176,0.000,0.000,-0.088,-0.088,0.176,0.000,0.000,0.439,0.176,0.000,0.000,0.000,0.000,-42.955,30.587,0.000,0.000,0.000,0.000,0.000,0.000,0.000,0.000,0.000,0.000,0.000,0.000,0.006,3.2,11.30,32.0,0.000,0.000,0.000,0.006,0.006,0.000,0.006,0.000,0.000,0.000,0.000,0.000,0.000,0.006,0.000,0.000,0.006,0.000
19.6052,196,0,move,-1,19.6052,19.6164,0,0.000,0.000,0.176,-0.264,-42.715,30.586,-0.264,-0.088,0.176,0.000,0.000,-0.088,-0.088,0.176,0.000,0.000,0.439,0.176,0.000,0.000,0.000,0.000,-42.955,30.587,0.000,0.000,0.000,0.000,0.000,0.000,0.000,0.000,0.000,0.000,0.000,0.000,0.006,3.2,11.30,32.0,0.000,0.000,0.000,0.006,0.006,0.000,0.006,0.000,0.000,0.000,0.000,0.000,0.000,0.006,0.000,0.000,0.006,0.000
19.7052,197,0,move,-1,19.7052,19.7180,0,0.000,0.000,0.176,-0.264,-42.715,30.586,-0.264,-0.088,0.176,0.000,0.000,-0.088,-0.088,0.176,0.000,0.000,0.439,0.176,0.000,0.000,0.000,0.000,-42.955,30.587,0.000,0.000,0.000,0.000,0.000,0.000,0.000,0.000,0.000,0.000,0.000,0.000,0.013,4.8,11.30,31.0,0.000,0.000,0.006,0.000,0.000,0.000,0.006,0.000,0.000,0.000,0.000,0.000,0.000,0.000,0.000,0.000,0.013,0.000
19.8052,198,0,move,-1,19.8052,19.8160,0,0.000,0.000,0.176,-0.264,-42.627,30.586,-0.264,-0.088,0.176,0.000,0.000,-0.088,-0.088,0.176,0.000,0.000,0.439,0.176,0.000,0.000,0.000,0.000,-42.955,30.587,0.000,0.000,0.000,0.000,0.000,0.000,0.000,0.000,0.000,0.000,0.000,0.000,0.013,4.8,11.30,31.0,0.000,0.000,0.006,0.000,0.000,0.000,0.006,0.000,0.000,0.000,0.000,0.000,0.000,0.000,0.000,0.000,0.013,0.000
19.9052,199,0,move,-1,19.9052,19.9165,0,0.000,0.000,0.176,-0.264,-42.627,30.586,-0.264,-0.088,0.176,0.000,0.000,-0.088,-0.088,0.176,0.000,0.000,0.439,0.176,0.000,0.000,0.000,0.000,-42.955,30.587,0.000,0.000,0.000,0.000,0.000,0.000,0.000,0.000,0.000,0.000,0.000,0.000,0.006,3.2,11.30,32.0,0.000,0.000,0.000,0.006,0.000,0.000,0.000,0.000,0.000,0.000,0.000,0.000,0.000,0.006,0.000,0.000,0.006,0.006
20.0052,200,0,move,-1,20.0052,20.0199,0,0.000,0.000,0.176,-0.264,-42.627,30.586,-0.264,-0.088,0.176,0.000,0.000,-0.088,-0.088,0.176,0.000,0.000,0.439,0.176,0.000,0.000,0.000,0.000,-42.955,30.587,0.000,0.000,0.000,0.000,0.000,0.000,0.000,0.000,0.000,0.000,0.000,0.000,0.006,3.2,11.30,32.0,0.000,0.000,0.000,0.006,0.006,0.000,0.006,0.000,0.000,0.000,0.000,0.000,0.000,0.006,0.000,0.000,0.006,0.006
20.1050,201,0,move,-1,20.1050,20.1146,0,0.000,0.000,0.176,-0.264,-42.627,30.586,-0.264,-0.088,0.176,0.000,0.000,-0.088,-0.088,0.176,0.000,0.000,0.439,0.176,0.000,0.000,0.000,0.000,-42.955,30.587,0.000,0.000,0.000,0.000,0.000,0.000,0.000,0.000,0.000,0.000,0.000,0.000,0.006,3.2,11.30,32.0,0.000,0.000,0.000,0.006,0.006,0.000,0.006,0.000,0.000,0.000,0.000,0.000,0.000,0.006,0.000,0.000,0.006,0.006
20.2052,202,0,move,-1,20.2052,20.2202,0,0.000,0.000,0.176,-0.264,-42.627,30.586,-0.264,-0.088,0.176,0.000,0.000,-0.088,-0.088,0.176,0.000,0.000,0.439,0.176,0.000,0.000,0.000,0.000,-42.955,30.587,0.000,0.000,0.000,0.000,0.000,0.000,0.000,0.000,0.000,0.000,0.000,0.000,0.006,3.2,11.30,32.0,0.000,0.000,0.000,0.006,0.006,0.000,0.006,0.000,0.000,0.000,0.000,0.000,0.000,0.000,0.000,0.000,0.006,0.000
20.3052,203,0,move,-1,20.3052,20.3189,0,0.000,0.000,0.176,-0.264,-42.627,30.586,-0.264,-0.088,0.176,0.000,0.000,-0.088,-0.088,0.176,0.000,0.000,0.439,0.176,0.000,0.000,0.000,0.000,-42.955,30.587,0.000,0.000,0.000,0.000,0.000,0.000,0.000,0.000,0.000,0.000,0.000,0.000,0.006,3.2,11.30,32.0,0.000,0.000,0.000,0.006,0.006,0.000,0.006,0.000,0.000,0.000,0.000,0.000,0.000,0.000,0.000,0.000,0.006,0.000
20.4052,204,0,move,-1,20.4052,20.4155,0,0.000,0.000,0.176,-0.264,-42.627,30.586,-0.264,-0.088,0.176,0.000,0.000,-0.088,-0.088,0.176,0.000,0.000,0.439,0.176,0.000,0.000,0.000,0.000,-42.955,30.587,0.000,0.000,0.000,0.000,0.000,0.000,0.000,0.000,0.000,0.000,0.000,0.000,0.006,3.2,11.30,32.0,0.000,0.000,0.000,0.006,0.000,0.000,0.006,0.000,0.000,0.000,0.000,0.000,0.000,0.006,0.000,0.000,0.006,0.000
20.5052,205,0,move,-1,20.5052,20.5168,0,0.000,0.000,0.176,-0.264,-42.627,30.586,-0.264,-0.088,0.176,0.000,0.000,-0.088,-0.088,0.176,0.000,0.000,0.439,0.176,0.000,0.000,0.000,0.000,-42.955,30.587,0.000,0.000,0.000,0.000,0.000,0.000,0.000,0.000,0.000,0.000,0.000,0.000,0.006,3.2,11.30,32.0,0.000,0.000,0.000,0.006,0.006,0.000,0.006,0.000,0.000,0.000,0.000,0.000,0.000,0.006,0.000,0.000,0.006,0.000
20.6052,206,0,move,-1,20.6052,20.6159,0,0.000,0.000,0.176,-0.264,-42.627,30.586,-0.264,-0.088,0.176,0.000,0.000,-0.088,-0.088,0.176,0.000,0.000,0.439,0.176,0.000,0.000,0.000,0.000,-42.955,30.587,0.000,0.000,0.000,0.000,0.000,0.000,0.000,0.000,0.000,0.000,0.000,0.000,0.006,3.2,11.30,32.0,0.000,0.000,0.000,0.006,0.006,0.000,0.006,0.000,0.000,0.000,0.000,0.000,0.000,0.006,0.000,0.000,0.006,0.000
20.7050,207,0,move,-1,20.7050,20.7157,0,0.000,0.000,0.176,-0.264,-42.627,30.586,-0.264,-0.088,0.176,0.000,0.000,-0.088,-0.088,0.176,0.000,0.000,0.439,0.176,0.000,0.000,0.000,0.000,-42.955,30.587,0.000,0.000,0.000,0.000,0.000,0.000,0.000,0.000,0.000,0.000,0.000,0.000,0.006,3.2,11.30,32.0,0.000,0.000,0.000,0.000,0.000,0.000,0.006,0.000,0.000,0.000,0.000,0.000,0.000,0.006,0.000,0.000,0.006,0.000
20.8050,208,0,move,-1,20.8050,20.8183,0,0.000,0.000,0.176,-0.264,-42.627,30.586,-0.264,-0.088,0.176,0.000,0.000,-0.088,-0.088,0.176,0.000,0.000,0.439,0.176,0.000,0.000,0.000,0.000,-42.955,30.587,0.000,0.000,0.000,0.000,0.000,0.000,0.000,0.000,0.000,0.000,0.000,0.000,0.013,4.8,11.30,31.0,0.000,0.000,0.000,0.006,0.000,0.000,0.006,0.000,0.000,0.000,0.000,0.000,0.000,0.006,0.000,0.000,0.013,0.006
20.9050,209,0,move,-1,20.9050,20.9172,0,0.000,0.000,0.176,-0.264,-42.627,30.586,-0.264,-0.088,0.176,0.000,0.000,-0.088,-0.088,0.176,0.000,0.000,0.439,0.176,0.000,0.000,0.000,0.000,-42.955,30.587,0.000,0.000,0.000,0.000,0.000,0.000,0.000,0.000,0.000,0.000,0.000,0.000,0.013,4.8,11.30,31.0,0.000,0.000,0.000,0.006,0.000,0.000,0.006,0.000,0.000,0.000,0.000,0.000,0.000,0.006,0.000,0.000,0.013,0.006
21.0050,210,0,move,-1,21.0050,21.0178,0,0.000,0.000,0.176,-0.264,-42.627,30.586,-0.264,-0.088,0.176,0.000,0.000,-0.088,-0.088,0.176,0.000,0.000,0.439,0.176,0.000,0.000,0.000,0.000,-42.955,30.587,0.000,0.000,0.000,0.000,0.000,0.000,0.000,0.000,0.000,0.000,0.000,0.000,0.006,3.2,11.30,32.0,0.000,0.000,0.000,0.006,0.006,0.000,0.006,0.000,0.000,0.000,0.000,0.000,0.000,0.006,0.000,0.000,0.006,0.006
21.1052,211,0,move,-1,21.1052,21.1164,0,0.000,0.000,0.176,-0.264,-42.627,30.586,-0.264,-0.088,0.176,0.000,0.000,-0.088,-0.088,0.176,0.000,0.000,0.439,0.176,0.000,0.000,0.000,0.000,-42.955,30.587,0.000,0.000,0.000,0.000,0.000,0.000,0.000,0.000,0.000,0.000,0.000,0.000,0.006,3.2,11.30,32.0,0.000,0.000,0.000,0.006,0.006,0.000,0.006,0.000,0.000,0.000,0.000,0.000,0.000,0.006,0.000,0.000,0.006,0.006
21.2052,212,0,move,-1,21.2052,21.2171,0,0.000,0.000,0.176,-0.264,-42.627,30.586,-0.264,-0.088,0.176,0.000,0.000,-0.088,-0.088,0.176,0.000,0.000,0.439,0.176,0.000,0.000,0.000,0.000,-42.955,30.587,0.000,0.000,0.000,0.000,0.000,0.000,0.000,0.000,0.000,0.000,0.000,0.000,0.013,4.8,11.30,31.0,0.000,0.000,0.000,0.000,0.000,0.000,0.000,0.000,0.006,0.000,0.000,0.000,0.000,0.006,0.000,0.000,0.013,0.000
21.3052,213,0,move,-1,21.3052,21.3162,0,0.000,0.000,0.176,-0.264,-42.627,30.586,-0.264,-0.088,0.176,0.000,0.000,-0.088,-0.088,0.176,0.000,0.000,0.439,0.176,0.000,0.000,0.000,0.000,-42.955,30.587,0.000,0.000,0.000,0.000,0.000,0.000,0.000,0.000,0.000,0.000,0.000,0.000,0.013,4.8,11.30,31.0,0.000,0.000,0.000,0.000,0.000,0.000,0.000,0.000,0.006,0.000,0.000,0.000,0.000,0.006,0.000,0.000,0.013,0.000
21.4052,214,0,move,-1,21.4052,21.4166,0,0.000,0.000,0.176,-0.264,-42.627,30.586,-0.264,-0.088,0.176,0.000,0.000,-0.088,-0.088,0.176,0.000,0.000,0.439,0.176,0.000,0.000,0.000,0.000,-42.955,30.587,0.000,0.000,0.000,0.000,0.000,0.000,0.000,0.000,0.000,0.000,0.000,0.000,0.013,4.8,11.30,31.0,0.000,0.000,0.000,0.000,0.006,0.000,0.006,0.000,0.000,0.000,0.000,0.000,0.000,0.006,0.000,0.000,0.013,0.000
21.5052,215,0,move,-1,21.5052,21.5171,0,0.000,0.000,0.176,-0.264,-42.627,30.586,-0.264,-0.088,0.176,0.000,0.000,-0.088,-0.088,0.176,0.000,0.000,0.439,0.176,0.000,0.000,0.000,0.000,-42.955,30.587,0.000,0.000,0.000,0.000,0.000,0.000,0.000,0.000,0.000,0.000,0.000,0.000,0.006,3.2,11.30,32.0,0.000,0.000,0.000,0.006,0.006,0.000,0.006,0.000,0.006,0.000,0.000,0.000,0.000,0.006,0.000,0.000,0.006,0.000
21.6051,216,0,move,-1,21.6051,21.6112,0,0.000,0.000,0.176,-0.264,-42.627,30.586,-0.264,-0.088,0.176,0.000,0.000,-0.088,-0.088,0.176,0.000,0.000,0.439,0.176,0.000,0.000,0.000,0.000,-42.955,30.587,0.000,0.000,0.000,0.000,0.000,0.000,0.000,0.000,0.000,0.000,0.000,0.000,0.006,3.2,11.30,32.0,0.000,0.000,0.000,0.006,0.006,0.000,0.006,0.000,0.006,0.000,0.000,0.000,0.000,0.006,0.000,0.000,0.006,0.000
21.7050,217,0,move,-1,21.7050,21.7128,0,0.000,0.000,0.176,-0.264,-42.627,30.586,-0.264,-0.088,0.176,0.000,0.000,-0.088,-0.088,0.176,0.000,0.000,0.439,0.176,0.000,0.000,0.000,0.000,-42.955,30.587,0.000,0.000,0.000,0.000,0.000,0.000,0.000,0.000,0.000,0.000,0.000,0.000,0.006,3.2,11.30,32.0,0.000,0.000,0.000,0.006,0.006,0.000,0.006,0.000,0.000,0.000,0.000,0.000,0.000,0.006,0.000,0.000,0.006,0.000
21.8052,218,0,move,-1,21.8052,21.8164,0,0.000,0.000,0.176,-0.264,-42.627,30.586,-0.264,-0.088,0.176,0.000,0.000,-0.088,-0.088,0.176,0.000,0.000,0.439,0.176,0.000,0.000,0.000,0.000,-42.955,30.587,0.000,0.000,0.000,0.000,0.000,0.000,0.000,0.000,0.000,0.000,0.000,0.000,0.006,3.2,11.30,32.0,0.000,0.000,0.000,0.006,0.006,0.000,0.006,0.000,0.000,0.000,0.000,0.000,0.000,0.006,0.000,0.000,0.006,0.000
21.9052,219,0,move,-1,21.9052,21.9184,0,0.000,0.000,0.176,-0.264,-42.627,30.586,-0.264,-0.088,0.176,0.000,0.000,-0.088,-0.088,0.176,0.000,0.000,0.439,0.176,0.000,0.000,0.000,0.000,-42.955,30.587,0.000,0.000,0.000,0.000,0.000,0.000,0.000,0.000,0.000,0.000,0.000,0.000,0.013,4.8,11.30,31.0,0.000,0.000,0.000,0.006,0.006,0.000,0.000,0.000,0.000,0.000,0.000,0.000,0.000,0.006,0.000,0.000,0.013,0.006
22.0052,220,0,move,-1,22.0052,22.0197,0,0.000,0.000,0.176,-0.264,-42.627,30.586,-0.264,-0.088,0.176,0.000,0.000,-0.088,-0.088,0.176,0.000,0.000,0.439,0.176,0.000,0.000,0.000,0.000,-43.059,30.640,0.000,0.000,0.000,0.000,0.000,0.000,0.000,0.000,0.000,0.000,0.000,0.000,0.000,0.0,11.30,32.0,0.000,0.000,0.000,0.000,0.000,0.000,0.000,0.000,0.000,0.000,0.000,0.000,0.000,0.000,0.000,0.000,0.000,0.000
22.1052,221,0,move,-1,22.1052,22.1165,0,0.000,0.000,0.176,-0.264,-42.627,30.586,-0.264,-0.088,0.176,0.000,0.000,-0.088,-0.088,0.176,0.000,0.000,0.439,0.176,0.000,0.000,0.000,0.000,-43.362,30.795,0.000,0.000,0.000,0.000,0.000,0.000,0.000,0.000,0.000,0.000,0.000,0.000,0.000,0.0,11.30,32.0,0.000,0.000,0.000,0.000,0.000,0.000,0.000,0.000,0.000,0.000,0.000,0.000,0.000,0.000,0.000,0.000,0.000,0.000
22.2052,222,0,move,-1,22.2052,22.2167,0,0.000,0.000,0.176,-0.264,-42.627,30.762,-0.264,-0.088,0.176,0.000,0.000,-0.088,-0.088,0.176,0.000,0.000,0.439,0.176,0.000,0.000,0.000,0.000,-43.833,31.033,0.000,0.000,0.000,0.000,0.000,0.000,0.000,0.000,0.000,0.000,0.000,0.000,0.013,5.6,11.30,31.0,0.000,0.000,0.000,0.006,0.013,0.000,0.006,0.000,0.006,0.000,0.000,0.000,0.000,0.013,0.000,0.000,0.013,0.000
22.3052,223,0,move,-1,22.3052,22.3156,0,0.000,0.000,0.176,-0.264,-42.891,30.850,-0.264,-0.088,0.176,0.000,0.000,-0.088,-0.088,0.176,0.000,0.000,0.439,0.176,0.000,0.000,0.000,0.000,-44.421,31.329,0.000,0.000,0.000,0.000,0.000,0.000,0.000,0.000,0.000,0.000,0.000,0.000,0.013,5.6,11.30,31.0,0.000,0.000,0.000,0.006,0.013,0.000,0.006,0.000,0.006,0.000,0.000,0.000,0.000,0.013,0.000,0.000,0.013,0.000
22.4052,224,0,move,-1,22.4052,22.4162,0,0.000,0.000,0.176,-0.264,-43.506,31.201,-0.264,-0.088,0.176,0.000,0.000,-0.088,-0.088,0.176,0.000,0.000,0.439,0.176,0.000,0.000,0.000,0.000,-45.069,31.653,0.000,0.000,0.000,0.000,0.000,0.000,0.000,0.000,0.000,0.000,0.000,0.000,0.019,11.2,11.30,31.0,0.000,0.000,0.000,0.000,0.019,0.006,0.000,0.000,0.000,0.000,0.000,0.000,0.000,0.006,0.000,0.000,0.006,0.000
22.5052,225,0,move,-1,22.5052,22.5150,0,0.000,0.000,0.176,-0.264,-44.033,31.553,-0.264,-0.088,0.176,0.000,0.000,-0.088,-0.088,0.176,0.000,0.000,0.439,0.176,0.000,0.000,0.000,0.000,-45.712,31.972,0.000,0.000,0.000,0.000,0.000,0.000,0.000,0.000,0.000,0.000,0.000,0.000,0.019,11.2,11.30,31.0,0.000,0.000,0.000,0.000,0.019,0.006,0.000,0.000,0.000,0.000,0.000,0.000,0.000,0.006,0.000,0.000,0.006,0.000
22.6188,226,0,move,-1,22.6188,22.6312,0,0.000,0.000,0.176,-0.264,-44.736,31.816,-0.264,-0.088,0.176,0.000,0.000,-0.088,-0.088,0.176,0.000,0.000,0.439,0.176,0.000,0.000,0.000,0.000,-46.288,32.255,0.000,0.000,0.000,0.000,0.000,0.000,0.000,0.000,0.000,0.000,0.000,0.000,0.026,10.8,11.30,31.0,0.000,0.000,0.006,0.006,0.026,0.006,0.000,0.000,0.000,0.000,0.000,0.000,0.000,0.006,0.000,0.000,0.006,0.000
22.7052,227,0,move,-1,22.7052,22.7177,0,0.000,0.000,0.176,-0.264,-45.264,32.168,-0.264,-0.088,0.176,0.000,0.000,-0.088,-0.088,0.176,0.000,0.000,0.439,0.176,0.000,0.000,0.000,0.000,-46.742,32.477,0.000,0.000,0.000,0.000,0.000,0.000,0.000,0.000,0.000,0.000,0.000,0.000,0.026,10.8,11.30,31.0,0.000,0.000,0.006,0.006,0.026,0.006,0.000,0.000,0.000,0.000,0.000,0.000,0.000,0.006,0.000,0.000,0.006,0.000
22.8052,228,0,move,-1,22.8052,22.8163,0,0.000,0.000,0.176,-0.264,-45.879,32.432,-0.264,-0.088,0.176,0.000,0.000,-0.088,-0.088,0.176,0.000,0.000,0.439,0.176,0.000,0.000,0.000,0.000,-47.033,32.619,0.000,0.000,0.000,0.000,0.000,0.000,0.000,0.000,0.000,0.000,0.000,0.000,0.026,10.8,11.20,31.0,0.000,0.000,0.000,0.006,0.026,0.013,0.006,0.000,0.006,0.000,0.000,0.000,0.000,0.006,0.000,0.000,0.006,0.000
22.9052,229,0,move,-1,22.9052,22.9159,0,0.000,0.000,0.176,-0.264,-46.230,32.432,-0.264,-0.088,0.176,0.000,0.000,-0.088,-0.088,0.176,0.000,0.000,0.439,0.176,0.000,0.000,0.000,0.000,-47.133,32.667,0.000,0.000,0.000,0.000,0.000,0.000,0.000,0.000,0.000,0.000,0.000,0.000,0.026,10.8,11.20,31.0,0.000,0.000,0.000,0.006,0.026,0.013,0.006,0.000,0.006,0.000,0.000,0.000,0.000,0.006,0.000,0.000,0.006,0.000
23.0052,230,0,move,-1,23.0052,23.0172,0,0.000,0.000,0.176,-0.264,-46.318,32.607,-0.264,-0.088,0.176,0.000,0.000,-0.088,-0.088,0.176,0.000,0.000,0.439,0.176,0.000,0.000,0.000,0.000,-47.133,32.667,0.000,0.000,0.000,0.000,0.000,0.000,0.000,0.000,0.000,0.000,0.000,0.000,0.013,8.0,11.30,31.0,0.000,0.000,0.000,0.000,0.013,0.000,0.000,0.000,0.000,0.000,0.000,0.000,0.000,0.006,0.000,0.000,0.013,0.000
23.1050,231,0,move,-1,23.1050,23.1156,0,0.000,0.000,0.176,-0.264,-46.318,32.607,-0.264,-0.088,0.176,0.000,0.000,-0.088,-0.088,0.176,0.000,0.000,0.439,0.176,0.000,0.000,0.000,0.000,-47.133,32.667,0.000,0.000,0.000,0.000,0.000,0.000,0.000,0.000,0.000,0.000,0.000,0.000,0.013,8.0,11.30,31.0,0.000,0.000,0.000,0.000,0.013,0.000,0.000,0.000,0.000,0.000,0.000,0.000,0.000,0.006,0.000,0.000,0.013,0.000
23.2051,232,0,move,-1,23.2051,23.2192,0,0.000,0.000,0.176,-0.264,-46.318,32.607,-0.264,-0.088,0.176,0.000,0.000,-0.088,-0.088,0.176,0.000,0.000,0.439,0.176,0.000,0.000,0.000,0.000,-47.133,32.667,0.000,0.000,0.000,0.000,0.000,0.000,0.000,0.000,0.000,0.000,0.000,0.000,0.019,8.0,11.30,31.0,0.000,0.000,0.000,0.006,0.019,0.000,0.006,0.000,0.000,0.000,0.000,0.000,0.000,0.000,0.000,0.000,0.013,0.000
23.3052,233,0,move,-1,23.3052,23.3174,0,0.000,0.000,0.176,-0.264,-46.318,32.607,-0.264,-0.088,0.176,0.000,0.000,-0.088,-0.088,0.176,0.000,0.000,0.439,0.176,0.000,0.000,0.000,0.000,-47.133,32.667,0.000,0.000,0.000,0.000,0.000,0.000,0.000,0.000,0.000,0.000,0.000,0.000,0.019,8.0,11.30,31.0,0.000,0.000,0.000,0.006,0.019,0.000,0.006,0.000,0.000,0.000,0.000,0.000,0.000,0.000,0.000,0.000,0.013,0.000
23.4052,234,0,move,-1,23.4052,23.4163,0,0.000,0.000,0.176,-0.264,-46.318,32.607,-0.264,-0.088,0.176,0.000,0.000,-0.088,-0.088,0.176,0.000,0.000,0.439,0.176,0.000,0.000,0.000,0.000,-47.133,32.667,0.000,0.000,0.000,0.000,0.000,0.000,0.000,0.000,0.000,0.000,0.000,0.000,0.019,8.0,11.30,31.0,0.000,0.000,0.000,0.006,0.019,0.000,0.006,0.000,0.006,0.000,0.000,0.000,0.000,0.006,0.000,0.000,0.013,0.000
23.5052,235,0,move,-1,23.5052,23.5180,0,0.000,0.000,0.176,-0.264,-46.318,32.607,-0.264,-0.088,0.176,0.000,0.000,-0.088,-0.088,0.176,0.000,0.000,0.439,0.176,0.000,0.000,0.000,0.000,-47.133,32.667,0.000,0.000,0.000,0.000,0.000,0.000,0.000,0.000,0.000,0.000,0.000,0.000,0.019,8.0,11.30,31.0,,0.000,0.000,0.006,0.019,0.000,0.000,0.000,0.006,0.000,0.000,0.000,0.000,0.006,0.000,0.000,0.006,0.000
23.6052,236,0,move,-1,23.6052,23.6169,0,0.000,0.000,0.176,-0.264,-46.318,32.607,-0.264,-0.088,0.176,0.000,0.000,-0.088,-0.088,0.176,0.000,0.000,0.439,0.176,0.000,0.000,0.000,0.000,-47.133,32.667,0.000,0.000,0.000,0.000,0.000,0.000,0.000,0.000,0.000,0.000,0.000,0.000,0.019,8.0,11.30,31.0,,0.000,0.000,0.006,0.019,0.000,0.000,0.000,0.006,0.000,0.000,0.000,0.000,0.006,0.000,0.000,0.006,0.000
23.7051,237,0,move,-1,23.7051,23.7107,0,0.000,0.000,0.176,-0.264,-46.318,32.607,-0.264,-0.088,0.176,0.000,0.000,-0.088,-0.088,0.176,0.000,0.000,0.439,0.176,0.000,0.000,0.000,0.000,-47.133,32.667,0.000,0.000,0.000,0.000,0.000,0.000,0.000,0.000,0.000,0.000,0.000,0.000,0.019,8.0,11.30,31.0,0.000,0.000,0.000,0.006,0.019,0.000,0.000,0.000,0.006,0.000,0.000,0.000,0.000,0.006,0.000,0.000,0.006,0.000
23.8052,238,0,move,-1,23.8052,23.8163,0,0.000,0.000,0.176,-0.264,-46.318,32.607,-0.264,-0.088,0.176,0.000,0.000,-0.088,-0.088,0.176,0.000,0.000,0.439,0.176,0.000,0.000,0.000,0.000,-47.133,32.667,0.000,0.000,0.000,0.000,0.000,0.000,0.000,0.000,0.000,0.000,0.000,0.000,0.013,8.0,11.30,31.0,0.000,0.000,0.000,0.000,0.013,0.000,0.006,0.000,0.006,0.000,0.000,0.000,0.000,0.006,0.000,0.000,0.006,0.006
23.9052,239,0,move,-1,23.9052,23.9173,0,0.000,0.000,0.176,-0.264,-46.318,32.607,-0.264,-0.088,0.176,0.000,0.000,-0.088,-0.088,0.176,0.000,0.000,0.439,0.176,0.000,0.000,0.000,0.000,-47.133,32.667,0.000,0.000,0.000,0.000,0.000,0.000,0.000,0.000,0.000,0.000,0.000,0.000,0.019,8.0,11.20,31.0,0.000,0.000,0.000,0.006,0.019,0.000,0.000,0.000,0.000,0.000,0.000,0.000,0.000,0.006,0.000,0.000,0.006,0.006
24.0052,240,0,move,-1,24.0052,24.0155,0,0.000,0.000,0.176,-0.264,-46.318,32.607,-0.264,-0.088,0.176,0.000,0.000,-0.088,-0.088,0.176,0.000,0.000,0.439,0.176,0.000,0.000,0.000,0.000,-47.133,32.667,0.000,0.000,0.000,0.000,0.000,0.000,0.000,0.000,0.000,0.000,0.000,0.000,0.019,8.0,11.20,31.0,0.000,0.000,0.000,0.006,0.019,0.000,0.000,0.000,0.000,0.000,0.000,0.000,0.000,0.006,0.000,0.000,0.006,0.006
24.1051,241,0,move,-1,24.1051,24.1175,0,0.000,0.000,0.176,-0.264,-46.318,32.607,-0.264,-0.088,0.176,0.000,0.000,-0.088,-0.088,0.176,0.000,0.000,0.439,0.176,0.000,0.000,0.000,0.000,-47.133,32.667,0.000,0.000,0.000,0.000,0.000,0.000,0.000,0.000,0.000,0.000,0.000,0.000,0.019,8.0,11.30,31.0,0.000,0.000,0.000,0.000,0.019,0.000,0.000,0.000,0.000,0.000,0.000,0.000,0.000,0.013,0.000,0.000,0.006,0.006
24.2052,242,0,move,-1,24.2052,24.2162,0,0.000,0.000,0.176,-0.264,-46.318,32.607,-0.264,-0.088,0.176,0.000,0.000,-0.088,-0.088,0.176,0.000,0.000,0.439,0.176,0.000,0.000,0.000,0.000,-47.133,32.667,0.000,0.000,0.000,0.000,0.000,0.000,0.000,0.000,0.000,0.000,0.000,0.000,0.019,8.0,11.30,31.0,0.000,0.000,0.000,0.000,0.019,0.000,0.000,0.000,0.000,0.000,0.000,0.000,0.000,0.013,0.000,0.000,0.006,0.006
24.3091,243,0,move,-1,24.3091,24.3364,0,0.000,0.000,0.176,-0.264,-46.318,32.607,-0.264,-0.088,0.176,0.000,0.000,-0.088,-0.088,0.176,0.000,0.000,0.439,0.176,0.000,0.000,0.000,0.000,-47.133,32.667,0.000,0.000,0.000,0.000,0.000,0.000,0.000,0.000,0.000,0.000,0.000,0.000,0.019,8.0,11.30,31.0,0.000,0.000,0.000,0.006,0.019,0.000,0.000,0.000,0.000,0.000,0.000,0.000,0.000,0.006,0.000,0.000,0.006,0.006
24.4052,244,0,move,-1,24.4052,24.4161,0,0.000,0.000,0.176,-0.264,-46.406,32.607,-0.264,-0.088,0.176,0.000,0.000,-0.088,-0.088,0.176,0.000,0.000,0.439,0.176,0.000,0.000,0.000,0.000,-47.133,32.667,0.000,0.000,0.000,0.000,0.000,0.000,0.000,0.000,0.000,0.000,0.000,0.000,0.019,8.0,11.30,31.0,0.000,0.000,0.000,0.006,0.019,0.000,0.000,0.000,0.000,0.000,0.000,0.000,0.000,0.006,0.000,0.000,0.006,0.006
24.5052,245,0,move,-1,24.5052,24.5170,0,0.000,0.000,0.176,-0.264,-46.406,32.607,-0.264,-0.088,0.176,0.000,0.000,-0.088,-0.088,0.176,0.000,0.000,0.439,0.176,0.000,0.000,0.000,0.000,-47.133,32.667,0.000,0.000,0.000,0.000,0.000,0.000,0.000,0.000,0.000,0.000,0.000,0.000,0.013,7.2,11.30,31.0,0.000,0.000,0.006,0.006,0.013,0.000,0.006,0.000,0.000,0.000,0.000,0.000,0.000,0.006,0.000,0.000,0.013,0.006
24.6051,246,0,move,-1,24.6051,24.6158,0,0.000,0.000,0.176,-0.264,-46.406,32.607,-0.264,-0.088,0.176,0.000,0.000,-0.088,-0.088,0.176,0.000,0.000,0.439,0.176,0.000,0.000,0.000,0.000,-47.133,32.667,0.000,0.000,0.000,0.000,0.000,0.000,0.000,0.000,0.000,0.000,0.000,0.000,0.013,7.2,11.30,31.0,0.000,0.000,0.006,0.006,0.013,0.000,0.006,0.000,0.000,0.000,0.000,0.000,0.000,0.006,0.000,0.000,0.013,0.006
24.7052,247,0,move,-1,24.7052,24.7159,0,0.000,0.000,0.176,-0.264,-46.406,32.607,-0.264,-0.088,0.176,0.000,0.000,-0.088,-0.088,0.176,0.000,0.000,0.439,0.176,0.000,0.000,0.000,0.000,-47.133,32.667,0.000,0.000,0.000,0.000,0.000,0.000,0.000,0.000,0.000,0.000,0.000,0.000,0.019,7.2,11.30,32.0,0.000,0.000,0.000,0.006,0.019,0.000,0.000,0.000,0.000,0.000,0.000,0.000,0.000,0.006,0.000,0.000,0.013,0.000
24.8052,248,0,move,-1,24.8052,24.8181,0,0.000,0.000,0.176,-0.264,-46.406,32.607,-0.264,-0.088,0.176,0.000,0.000,-0.088,-0.088,0.176,0.000,0.000,0.439,0.176,0.000,0.000,0.000,0.000,-47.133,32.667,0.000,0.000,0.000,0.000,0.000,0.000,0.000,0.000,0.000,0.000,0.000,0.000,0.013,7.2,11.20,31.0,0.000,0.000,0.000,0.000,0.013,0.000,0.006,0.000,0.000,0.000,0.000,0.000,0.000,0.006,0.000,0.000,0.013,0.006
24.9052,249,0,move,-1,24.9052,24.9180,0,0.000,0.000,0.176,-0.264,-46.406,32.607,-0.264,-0.088,0.176,0.000,0.000,-0.088,-0.088,0.176,0.000,0.000,0.439,0.176,0.000,0.000,0.000,0.000,-47.133,32.667,0.000,0.000,0.000,0.000,0.000,0.000,0.000,0.000,0.000,0.000,0.000,0.000,0.013,7.2,11.20,31.0,0.000,0.000,0.000,0.000,0.013,0.000,0.006,0.000,0.000,0.000,0.000,0.000,0.000,0.006,0.000,0.000,0.013,0.006
25.0052,250,0,move,-1,25.0052,25.0169,0,0.000,0.000,0.176,-0.264,-46.406,32.607,-0.264,-0.088,0.176,0.000,0.000,-0.088,-0.088,0.176,0.000,0.000,0.439,0.176,0.000,0.000,0.000,0.000,-47.133,32.667,0.000,0.000,0.000,0.000,0.000,0.000,0.000,0.000,0.000,0.000,0.000,0.000,0.013,7.2,11.30,32.0,0.000,0.000,0.000,0.006,0.013,0.000,0.000,0.000,0.006,0.000,0.000,0.000,0.000,0.006,0.000,0.000,0.006,0.006
25.1052,251,0,move,-1,25.1052,25.1178,0,0.000,0.000,0.176,-0.264,-46.406,32.607,-0.264,-0.088,0.176,0.000,0.000,-0.088,-0.088,0.176,0.000,0.000,0.439,0.176,0.000,0.000,0.000,0.000,-47.133,32.667,0.000,0.000,0.000,0.000,0.000,0.000,0.000,0.000,0.000,0.000,0.000,0.000,0.019,7.2,11.20,31.0,0.000,0.000,0.006,0.006,0.019,0.000,0.006,0.000,0.006,0.000,0.000,0.000,0.000,0.006,0.000,0.000,0.006,0.000
25.2052,252,0,move,-1,25.2052,25.2164,0,0.000,0.000,0.176,-0.264,-46.406,32.607,-0.264,-0.088,0.176,0.000,0.000,-0.088,-0.088,0.176,0.000,0.000,0.439,0.176,0.000,0.000,0.000,0.000,-47.133,32.667,0.000,0.000,0.000,0.000,0.000,0.000,0.000,0.000,0.000,0.000,0.000,0.000,0.019,7.2,11.20,31.0,0.000,0.000,0.006,0.006,0.019,0.000,0.006,0.000,0.006,0.000,0.000,0.000,0.000,0.006,0.000,0.000,0.006,0.000
25.3052,253,0,move,-1,25.3052,25.3175,0,0.000,0.000,0.176,-0.264,-46.406,32.607,-0.264,-0.088,0.176,0.000,0.000,-0.088,-0.088,0.176,0.000,0.000,0.439,0.176,0.000,0.000,0.000,0.000,-47.133,32.667,0.000,0.000,0.000,0.000,0.000,0.000,0.000,0.000,0.000,0.000,0.000,0.000,0.013,7.2,11.30,31.0,0.000,0.000,0.000,0.000,0.013,0.000,0.006,0.000,0.000,0.000,0.000,0.000,0.000,0.006,0.000,0.000,0.006,0.000
25.4052,254,0,move,-1,25.4052,25.4170,0,0.000,0.000,0.176,-0.264,-46.406,32.607,-0.264,-0.088,0.176,0.000,0.000,-0.088,-0.088,0.176,0.000,0.000,0.439,0.176,0.000,0.000,0.000,0.000,-47.133,32.667,0.000,0.000,0.000,0.000,0.000,0.000,0.000,0.000,0.000,0.000,0.000,0.000,0.013,7.2,11.30,31.0,0.000,0.000,0.000,0.000,0.013,0.000,0.006,0.000,0.000,0.000,0.000,0.000,0.000,0.006,0.000,0.000,0.006,0.000
25.5052,255,0,move,-1,25.5052,25.5175,0,0.000,0.000,0.176,-0.264,-46.406,32.607,-0.264,-0.088,0.176,0.000,0.000,-0.088,-0.088,0.176,0.000,0.000,0.439,0.176,0.000,0.000,0.000,0.000,-47.133,32.667,0.000,0.000,0.000,0.000,0.000,0.000,0.000,0.000,0.000,0.000,0.000,0.000,0.013,7.2,11.30,31.0,0.000,0.000,0.006,0.000,0.013,0.000,0.000,0.000,0.000,0.000,0.000,0.000,0.000,0.006,0.000,0.000,0.013,0.000
25.6052,256,0,move,-1,25.6052,25.6123,0,0.000,0.000,0.176,-0.264,-46.406,32.607,-0.264,-0.088,0.176,0.000,0.000,-0.088,-0.088,0.176,0.000,0.000,0.439,0.176,0.000,0.000,0.000,0.000,-47.133,32.667,0.000,0.000,0.000,0.000,0.000,0.000,0.000,0.000,0.000,0.000,0.000,0.000,0.013,7.2,11.30,31.0,0.000,0.000,0.006,0.000,0.013,0.000,0.000,0.000,0.000,0.000,0.000,0.000,0.000,0.006,0.000,0.000,0.013,0.000
25.7052,257,0,move,-1,25.7052,25.7170,0,0.000,0.000,0.176,-0.264,-46.406,32.607,-0.264,-0.088,0.176,0.000,0.000,-0.088,-0.088,0.176,0.000,0.000,0.439,0.176,0.000,0.000,0.000,0.000,-47.133,32.667,0.000,0.000,0.000,0.000,0.000,0.000,0.000,0.000,0.000,0.000,0.000,0.000,0.013,7.2,11.30,31.0,0.000,0.000,0.000,0.006,0.013,0.000,0.006,0.000,0.000,0.000,0.000,0.000,0.000,0.006,0.000,0.000,0.006,0.006
25.8052,258,0,move,-1,25.8052,25.8163,0,0.000,0.000,0.176,-0.264,-46.406,32.607,-0.264,-0.088,0.176,0.000,0.000,-0.088,-0.088,0.176,0.000,0.000,0.439,0.176,0.000,0.000,0.000,0.000,-47.133,32.667,0.000,0.000,0.000,0.000,0.000,0.000,0.000,0.000,0.000,0.000,0.000,0.000,0.013,7.2,11.30,31.0,0.000,0.000,0.000,0.006,0.013,0.000,0.006,0.000,0.000,0.000,0.000,0.000,0.000,0.006,0.000,0.000,0.006,0.006
25.9052,259,0,move,-1,25.9052,25.9171,0,0.000,0.000,0.176,-0.264,-46.406,32.607,-0.264,-0.088,0.176,0.000,0.000,-0.088,-0.088,0.176,0.000,0.000,0.439,0.176,0.000,0.000,0.000,0.000,-47.133,32.667,0.000,0.000,0.000,0.000,0.000,0.000,0.000,0.000,0.000,0.000,0.000,0.000,0.013,7.2,11.20,31.0,0.000,0.000,0.000,0.006,0.013,0.000,0.000,0.000,0.006,0.000,0.000,0.000,0.000,0.006,0.000,0.000,0.006,0.000
26.0052,260,0,move,-1,26.0052,26.0164,0,0.000,0.000,0.176,-0.264,-46.406,32.607,-0.264,-0.088,0.176,0.000,0.000,-0.088,-0.088,0.176,0.000,0.000,0.439,0.176,0.000,0.000,0.000,0.000,-47.233,32.716,0.000,0.000,0.000,0.000,0.000,0.000,0.000,0.000,0.000,0.000,0.000,0.000,0.013,7.2,11.20,31.0,0.000,0.000,0.000,0.006,0.013,0.000,0.000,0.000,0.006,0.000,0.000,0.000,0.000,0.006,0.000,0.000,0.006,0.000
26.1052,261,0,move,-1,26.1052,26.1174,0,0.000,0.000,0.176,-0.264,-46.494,32.607,-0.264,-0.088,0.176,0.000,0.000,-0.088,-0.088,0.176,0.000,0.000,0.439,0.176,0.000,0.000,0.000,0.000,-47.522,32.856,0.000,0.000,0.000,0.000,0.000,0.000,0.000,0.000,0.000,0.000,0.000,0.000,0.013,6.8,11.20,31.0,0.000,0.000,0.000,0.006,0.013,0.000,0.006,0.000,0.000,0.000,0.000,0.000,0.000,0.006,0.000,0.006,0.006,0.000
26.2052,262,0,move,-1,26.2052,26.2178,0,0.000,0.000,0.176,-0.264,-46.758,32.695,-0.264,-0.088,0.176,0.000,0.000,-0.088,-0.088,0.176,0.000,0.000,0.439,0.176,0.000,0.000,0.000,0.000,-47.971,33.071,0.000,0.000,0.000,0.000,0.000,0.000,0.000,0.000,0.000,0.000,0.000,0.000,0.019,8.4,11.30,31.0,0.000,0.000,0.006,0.000,0.019,0.000,0.000,0.000,0.000,0.000,0.000,0.000,0.000,0.006,0.000,0.000,0.006,0.000
26.3052,263,0,move,-1,26.3052,26.3198,0,0.000,0.000,0.176,-0.264,-47.021,32.959,-0.264,-0.088,0.176,0.000,0.000,-0.088,-0.088,0.176,0.000,0.000,0.439,0.176,0.000,0.000,0.000,0.000,-48.535,33.340,0.000,0.000,0.000,0.000,0.000,0.000,0.000,0.000,0.000,0.000,0.000,0.000,0.026,9.6,11.30,31.0,0.000,0.000,0.000,0.006,0.026,0.000,0.006,0.000,0.006,0.000,0.000,0.000,0.000,0.013,0.000,0.000,0.013,0.000
26.4052,264,0,move,-1,26.4052,26.4172,0,0.000,0.000,0.176,-0.264,-47.549,33.135,-0.264,-0.088,0.176,0.000,0.000,-0.088,-0.088,0.176,0.000,0.000,0.439,0.176,0.000,0.000,0.000,0.000,-49.154,33.634,0.000,0.000,0.000,0.000,0.000,0.000,0.000,0.000,0.000,0.000,0.000,0.000,0.026,9.6,11.30,31.0,0.000,0.000,0.000,0.006,0.026,0.000,0.006,0.000,0.006,0.000,0.000,0.000,0.000,0.013,0.000,0.000,0.013,0.000
26.5052,265,0,move,-1,26.5052,26.5163,0,0.000,0.000,0.176,-0.264,-48.076,33.662,-0.264,-0.088,0.176,0.000,0.000,-0.088,-0.088,0.176,0.000,0.000,0.439,0.176,0.000,0.000,0.000,0.000,-49.772,33.924,0.000,0.000,0.000,0.000,0.000,0.000,0.000,0.000,0.000,0.000,0.000,0.000,0.019,9.2,11.20,31.0,0.000,0.000,0.000,0.006,0.019,0.006,0.000,0.000,0.006,0.000,0.000,0.000,0.000,0.006,0.000,0.000,0.006,0.000
26.6073,266,0,move,-1,26.6073,26.6140,0,0.000,0.000,0.176,-0.264,-48.691,33.838,-0.264,-0.088,0.176,0.000,0.000,-0.088,-0.088,0.176,0.000,0.000,0.439,0.176,0.000,0.000,0.000,0.000,-50.327,34.182,0.000,0.000,0.000,0.000,0.000,0.000,0.000,0.000,0.000,0.000,0.000,0.000,0.019,9.2,11.20,31.0,0.000,0.000,0.000,0.006,0.019,0.006,0.000,0.000,0.006,0.000,0.000,0.000,0.000,0.006,0.000,0.000,0.006,0.000
26.7087,267,0,move,-1,26.7087,26.7440,0,0.000,0.000,0.176,-0.264,-49.482,34.102,-0.264,-0.088,0.176,0.000,0.000,-0.088,-0.088,0.176,0.000,0.000,0.439,0.176,0.000,0.000,0.000,0.000,-50.765,34.384,0.000,0.000,0.000,0.000,0.000,0.000,0.000,0.000,0.000,0.000,0.000,0.000,0.019,9.2,11.30,31.0,0.000,0.000,0.000,0.006,0.019,0.000,0.006,0.000,0.000,0.000,0.000,0.000,0.000,0.006,0.000,0.000,0.006,0.000
26.8052,268,0,move,-1,26.8052,26.8174,0,0.000,0.000,0.176,-0.264,-49.834,34.365,-0.264,-0.088,0.176,0.000,0.000,-0.088,-0.088,0.176,0.000,0.000,0.439,0.176,0.000,0.000,0.000,0.000,-51.045,34.512,0.000,0.000,0.000,0.000,0.000,0.000,0.000,0.000,0.000,0.000,0.000,0.000,0.019,9.2,11.30,31.0,0.000,0.000,0.000,0.006,0.019,0.000,0.006,0.000,0.000,0.000,0.000,0.000,0.000,0.006,0.000,0.000,0.006,0.000
26.9052,269,0,move,-1,26.9052,26.9170,0,0.000,0.000,0.176,-0.264,-50.098,34.365,-0.264,-0.088,0.176,0.000,0.000,-0.088,-0.088,0.176,0.000,0.000,0.439,0.176,0.000,0.000,0.000,0.000,-51.141,34.556,0.000,0.000,0.000,0.000,0.000,0.000,0.000,0.000,0.000,0.000,0.000,0.000,0.019,9.6,11.30,31.0,0.000,0.000,0.000,0.006,0.019,0.000,0.000,0.000,0.000,0.000,0.000,0.000,0.000,0.006,0.000,0.000,0.006,0.006
27.0052,270,0,move,-1,27.0052,27.0167,0,0.000,0.000,0.176,-0.264,-50.449,34.453,-0.264,-0.088,0.176,0.000,0.000,-0.088,-0.088,0.176,0.000,0.000,0.439,0.176,0.000,0.000,0.000,0.000,-51.141,34.556,0.000,0.000,0.000,0.000,0.000,0.000,0.000,0.000,0.000,0.000,0.000,0.000,0.019,9.6,11.30,31.0,0.000,0.000,0.000,0.006,0.019,0.000,0.000,0.000,0.000,0.000,0.000,0.000,0.000,0.006,0.000,0.000,0.006,0.006
27.1052,271,0,move,-1,27.1052,27.1175,0,0.000,0.000,0.176,-0.264,-50.449,34.453,-0.264,-0.088,0.176,0.000,0.000,-0.088,-0.088,0.176,0.000,0.000,0.439,0.176,0.000,0.000,0.000,0.000,-51.141,34.556,0.000,0.000,0.000,0.000,0.000,0.000,0.000,0.000,0.000,0.000,0.000,0.000,0.013,7.2,11.30,31.0,0.000,0.000,0.000,0.006,0.013,0.000,0.000,0.000,0.000,0.000,0.000,0.000,0.000,0.006,0.000,0.000,0.006,0.000
27.2052,272,0,move,-1,27.2052,27.2157,0,0.000,0.000,0.176,-0.264,-50.449,34.453,-0.264,-0.088,0.176,0.000,0.000,-0.088,-0.088,0.176,0.000,0.000,0.439,0.176,0.000,0.000,0.000,0.000,-51.141,34.556,0.000,0.000,0.000,0.000,0.000,0.000,0.000,0.000,0.000,0.000,0.000,0.000,0.013,7.2,11.30,31.0,0.000,0.000,0.000,0.006,0.013,0.000,0.000,0.000,0.000,0.000,0.000,0.000,0.000,0.006,0.000,0.000,0.006,0.000
27.3051,273,0,move,-1,27.3051,27.4017,0,0.000,0.000,0.176,-0.264,-50.449,34.453,-0.264,-0.088,0.176,0.000,0.000,-0.088,-0.088,0.176,0.000,0.000,0.439,0.176,0.000,0.000,0.000,0.000,-51.141,34.556,0.000,0.000,0.000,0.000,0.000,0.000,0.000,0.000,0.000,0.000,0.000,0.000,0.019,7.2,11.30,31.0,0.000,0.000,0.000,0.000,0.019,0.000,0.006,0.000,0.000,0.000,0.000,0.000,0.000,0.006,0.000,0.000,0.006,0.006
27.4145,274,0,move,-1,27.4145,27.4210,0,0.000,0.000,0.176,-0.264,-50.449,34.453,-0.264,-0.088,0.176,0.000,0.000,-0.088,-0.088,0.176,0.000,0.000,0.439,0.176,0.000,0.000,0.000,0.000,-51.141,34.556,0.000,0.000,0.000,0.000,0.000,0.000,0.000,0.000,0.000,0.000,0.000,0.000,0.019,7.2,11.30,31.0,0.000,0.000,0.000,0.000,0.019,0.000,0.006,0.000,0.000,0.000,0.000,0.000,0.000,0.006,0.000,0.000,0.006,0.006
27.5052,275,0,move,-1,27.5052,27.5190,0,0.000,0.000,0.176,-0.264,-50.449,34.453,-0.264,-0.088,0.176,0.000,0.000,-0.088,-0.088,0.176,0.000,0.000,0.439,0.176,0.000,0.000,0.000,0.000,-51.141,34.556,0.000,0.000,0.000,0.000,0.000,0.000,0.000,0.000,0.000,0.000,0.000,0.000,0.013,7.2,11.30,31.0,0.000,0.000,0.000,0.006,0.013,0.000,0.006,0.000,0.006,0.000,0.000,0.000,0.000,0.006,0.000,0.000,0.006,0.000
27.6052,276,0,move,-1,27.6052,27.6171,0,0.000,0.000,0.176,-0.264,-50.449,34.453,-0.264,-0.088,0.176,0.000,0.000,-0.088,-0.088,0.176,0.000,0.000,0.439,0.176,0.000,0.000,0.000,0.000,-51.141,34.556,0.000,0.000,0.000,0.000,0.000,0.000,0.000,0.000,0.000,0.000,0.000,0.000,0.013,7.2,11.30,31.0,0.000,0.000,0.000,0.006,0.013,0.000,0.006,0.000,0.006,0.000,0.000,0.000,0.000,0.006,0.000,0.000,0.006,0.000
27.7052,277,0,move,-1,27.7052,27.7199,0,0.000,0.000,0.176,-0.264,-50.449,34.453,-0.264,-0.088,0.176,0.000,0.000,-0.088,-0.088,0.176,0.000,0.000,0.439,0.176,0.000,0.000,0.000,0.000,-51.141,34.556,0.000,0.000,0.000,0.000,0.000,0.000,0.000,0.000,0.000,0.000,0.000,0.000,0.013,7.2,11.30,31.0,0.000,0.000,0.000,0.006,0.013,0.000,0.006,0.000,0.000,0.000,0.000,0.000,0.000,0.006,0.000,0.000,0.006,0.006
27.8052,278,0,move,-1,27.8052,27.8171,0,0.000,0.000,0.176,-0.264,-50.449,34.453,-0.264,-0.088,0.176,0.000,0.000,-0.088,-0.088,0.176,0.000,0.000,0.439,0.176,0.000,0.000,0.000,0.000,-51.141,34.556,0.000,0.000,0.000,0.000,0.000,0.000,0.000,0.000,0.000,0.000,0.000,0.000,0.013,7.2,11.30,31.0,0.000,0.000,0.000,0.006,0.013,0.000,0.006,0.000,0.000,0.000,0.000,0.000,0.000,0.006,0.000,0.000,0.006,0.006
27.9050,279,0,move,-1,27.9050,27.9165,0,0.000,0.000,0.176,-0.264,-50.449,34.453,-0.264,-0.088,0.176,0.000,0.000,-0.088,-0.088,0.176,0.000,0.000,0.439,0.176,0.000,0.000,0.000,0.000,-51.141,34.556,0.000,0.000,0.000,0.000,0.000,0.000,0.000,0.000,0.000,0.000,0.000,0.000,0.013,7.2,11.20,31.0,0.000,0.000,0.000,0.000,0.013,0.000,0.006,0.000,0.006,0.000,0.000,0.000,0.000,0.006,0.000,0.000,0.006,0.006
28.0052,280,0,move,-1,28.0052,28.0170,0,0.000,0.000,0.176,-0.264,-50.449,34.453,-0.264,-0.088,0.176,0.000,0.000,-0.088,-0.088,0.176,0.000,0.000,0.439,0.176,0.000,0.000,0.000,0.000,-51.141,34.556,0.000,0.000,0.000,0.000,0.000,0.000,0.000,0.000,0.000,0.000,0.000,0.000,0.019,7.2,11.20,31.0,0.000,0.000,0.006,0.006,0.019,0.000,0.006,0.000,0.000,0.000,0.000,0.000,0.000,0.006,0.000,0.000,0.013,0.000
28.1052,281,0,move,-1,28.1052,28.1177,0,0.000,0.000,0.176,-0.264,-50.449,34.453,-0.264,-0.088,0.176,0.000,0.000,-0.088,-0.088,0.176,0.000,0.000,0.439,0.176,0.000,0.000,0.000,0.000,-51.141,34.556,0.000,0.000,0.000,0.000,0.000,0.000,0.000,0.000,0.000,0.000,0.000,0.000,0.019,7.2,11.20,31.0,0.000,0.000,0.006,0.006,0.019,0.000,0.006,0.000,0.000,0.000,0.000,0.000,0.000,0.006,0.000,0.000,0.013,0.000
28.2052,282,0,move,-1,28.2052,28.2156,0,0.000,0.000,0.176,-0.264,-50.449,34.453,-0.264,-0.088,0.176,0.000,0.000,-0.088,-0.088,0.176,0.000,0.000,0.439,0.176,0.000,0.000,0.000,0.000,-51.141,34.556,0.000,0.000,0.000,0.000,0.000,0.000,0.000,0.000,0.000,0.000,0.000,0.000,0.019,7.2,11.20,31.0,0.000,0.000,0.006,0.006,0.019,0.000,0.006,0.000,0.000,0.000,0.000,0.000,0.000,0.006,0.000,0.000,0.013,0.000
28.3052,283,0,move,-1,28.3052,28.3167,0,0.000,0.000,0.176,-0.264,-50.449,34.453,-0.264,-0.088,0.176,0.000,0.000,-0.088,-0.088,0.176,0.000,0.000,0.439,0.176,0.000,0.000,0.000,0.000,-51.141,34.556,0.000,0.000,0.000,0.000,0.000,0.000,0.000,0.000,0.000,0.000,0.000,0.000,0.013,7.2,11.30,31.0,0.000,0.000,0.000,0.006,0.013,0.000,0.006,0.000,0.000,0.000,0.000,0.000,0.000,0.006,0.000,0.000,0.006,0.000
28.4148,284,0,move,-1,28.4148,28.4278,0,0.000,0.000,0.176,-0.264,-50.449,34.453,-0.264,-0.088,0.176,0.000,0.000,-0.088,-0.088,0.176,0.000,0.000,0.439,0.176,0.000,0.000,0.000,0.000,-51.141,34.556,0.000,0.000,0.000,0.000,0.000,0.000,0.000,0.000,0.000,0.000,0.000,0.000,0.019,7.2,11.30,31.0,0.000,0.000,0.000,0.006,0.019,0.000,0.006,0.000,0.000,0.000,0.000,0.000,0.000,0.006,0.000,0.000,0.006,0.000
28.5052,285,0,move,-1,28.5052,28.5169,0,0.000,0.000,0.176,-0.264,-50.449,34.453,-0.264,-0.088,0.176,0.000,0.000,-0.088,-0.088,0.176,0.000,0.000,0.439,0.176,0.000,0.000,0.000,0.000,-51.141,34.556,0.000,0.000,0.000,0.000,0.000,0.000,0.000,0.000,0.000,0.000,0.000,0.000,0.019,7.2,11.30,31.0,0.000,0.000,0.000,0.006,0.019,0.000,0.006,0.000,0.000,0.000,0.000,0.000,0.000,0.006,0.000,0.000,0.006,0.000
28.6052,286,0,move,-1,28.6052,28.6175,0,0.000,0.000,0.176,-0.264,-50.449,34.453,-0.264,-0.088,0.176,0.000,0.000,-0.088,-0.088,0.176,0.000,0.000,0.439,0.176,0.000,0.000,0.000,0.000,-51.141,34.556,0.000,0.000,0.000,0.000,0.000,0.000,0.000,0.000,0.000,0.000,0.000,0.000,0.019,7.2,11.30,31.0,0.000,0.000,0.000,0.006,0.019,0.000,0.006,0.000,0.000,0.000,0.000,0.000,0.000,0.006,0.000,0.000,0.013,0.006
28.7052,287,0,move,-1,28.7052,28.7172,0,0.000,0.000,0.176,-0.264,-50.449,34.453,-0.264,-0.088,0.176,0.000,0.000,-0.088,-0.088,0.176,0.000,0.000,0.439,0.176,0.000,0.000,0.000,0.000,-51.141,34.556,0.000,0.000,0.000,0.000,0.000,0.000,0.000,0.000,0.000,0.000,0.000,0.000,0.019,7.2,11.30,31.0,0.000,0.000,0.000,0.006,0.019,0.000,0.006,0.000,0.000,0.000,0.000,0.000,0.000,0.006,0.000,0.000,0.013,0.006
28.8116,288,0,move,-1,28.8116,28.8225,0,0.000,0.000,0.176,-0.264,-50.449,34.453,-0.264,-0.088,0.176,0.000,0.000,-0.088,-0.088,0.176,0.000,0.000,0.439,0.176,0.000,0.000,0.000,0.000,-51.141,34.556,0.000,0.000,0.000,0.000,0.000,0.000,0.000,0.000,0.000,0.000,0.000,0.000,0.013,7.2,11.30,31.0,0.000,0.000,0.000,0.000,0.013,0.000,0.000,0.000,0.000,0.000,0.000,0.000,0.000,0.006,0.000,0.000,0.006,0.000
28.9052,289,0,move,-1,28.9052,28.9174,0,0.000,0.000,0.176,-0.264,-50.449,34.453,-0.264,-0.088,0.176,0.000,0.000,-0.088,-0.088,0.176,0.000,0.000,0.439,0.176,0.000,0.000,0.000,0.000,-51.141,34.556,0.000,0.000,0.000,0.000,0.000,0.000,0.000,0.000,0.000,0.000,0.000,0.000,0.013,7.2,11.30,31.0,0.000,0.000,0.000,0.000,0.013,0.000,0.000,0.000,0.000,0.000,0.000,0.000,0.000,0.006,0.000,0.000,0.006,0.000
29.0052,290,0,move,-1,29.0052,29.0155,0,0.000,0.000,0.176,-0.264,-50.449,34.453,-0.264,-0.088,0.176,0.000,0.000,-0.088,-0.088,0.176,0.000,0.000,0.439,0.176,0.000,0.000,0.000,0.000,-51.141,34.556,0.000,0.000,0.000,0.000,0.000,0.000,0.000,0.000,0.000,0.000,0.000,0.000,0.019,7.2,11.30,31.0,0.000,0.000,0.000,0.006,0.019,0.000,0.006,0.000,0.000,0.000,0.000,0.000,0.000,0.006,0.000,0.000,0.006,0.006
29.1052,291,0,move,-1,29.1052,29.1180,0,0.000,0.000,0.176,-0.264,-50.449,34.453,-0.264,-0.088,0.176,0.000,0.000,-0.088,-0.088,0.176,0.000,0.000,0.439,0.176,0.000,0.000,0.000,0.000,-51.141,34.556,0.000,0.000,0.000,0.000,0.000,0.000,0.000,0.000,0.000,0.000,0.000,0.000,0.013,7.2,11.30,31.0,0.000,0.000,0.000,0.006,0.013,0.000,0.006,0.000,0.006,0.000,0.000,0.000,0.000,0.006,0.000,0.000,0.000,0.000
29.2052,292,0,move,-1,29.2052,29.2103,0,0.000,0.000,0.176,-0.264,-50.449,34.453,-0.264,-0.088,0.176,0.000,0.000,-0.088,-0.088,0.176,0.000,0.000,0.439,0.176,0.000,0.000,0.000,0.000,-51.141,34.556,0.000,0.000,0.000,0.000,0.000,0.000,0.000,0.000,0.000,0.000,0.000,0.000,0.013,7.2,11.30,31.0,0.000,0.000,0.000,0.006,0.013,0.000,0.006,0.000,0.006,0.000,0.000,0.000,0.000,0.006,0.000,0.000,0.000,0.000
29.3052,293,0,move,-1,29.3052,29.3176,0,0.000,0.000,0.176,-0.264,-50.449,34.453,-0.264,-0.088,0.176,0.000,0.000,-0.088,-0.088,0.176,0.000,0.000,0.439,0.176,0.000,0.000,0.000,0.000,-51.141,34.556,0.000,0.000,0.000,0.000,0.000,0.000,0.000,0.000,0.000,0.000,0.000,0.000,0.013,7.2,11.30,31.0,0.000,0.000,0.006,0.006,0.013,0.000,0.006,0.000,0.000,0.000,0.000,0.000,0.000,0.006,0.000,0.000,0.006,0.006
29.4052,294,0,move,-1,29.4052,29.4164,0,0.000,0.000,0.176,-0.264,-50.449,34.453,-0.264,-0.088,0.176,0.000,0.000,-0.088,-0.088,0.176,0.000,0.000,0.439,0.176,0.000,0.000,0.000,0.000,-51.141,34.556,0.000,0.000,0.000,0.000,0.000,0.000,0.000,0.000,0.000,0.000,0.000,0.000,0.013,7.2,11.30,31.0,0.000,0.000,0.006,0.006,0.013,0.000,0.006,0.000,0.000,0.000,0.000,0.000,0.000,0.006,0.000,0.000,0.006,0.006
29.5052,295,0,move,-1,29.5052,29.5152,0,0.000,0.000,0.176,-0.264,-50.449,34.453,-0.264,-0.088,0.176,0.000,0.000,-0.088,-0.088,0.176,0.000,0.000,0.439,0.176,0.000,0.000,0.000,0.000,-51.141,34.556,0.000,0.000,0.000,0.000,0.000,0.000,0.000,0.000,0.000,0.000,0.000,0.000,0.013,7.2,11.30,31.0,0.000,0.000,0.000,0.006,0.013,0.000,0.006,0.000,0.006,0.000,0.000,0.000,0.000,0.006,0.000,0.000,0.006,0.006
29.6052,296,0,move,-1,29.6052,29.6171,0,0.000,0.000,0.176,-0.264,-50.537,34.453,-0.264,-0.088,0.176,0.000,0.000,-0.088,-0.088,0.176,0.000,0.000,0.439,0.176,0.000,0.000,0.000,0.000,-51.141,34.556,0.000,0.000,0.000,0.000,0.000,0.000,0.000,0.000,0.000,0.000,0.000,0.000,0.013,7.2,11.30,31.0,0.000,0.000,0.000,0.006,0.013,0.000,0.006,0.000,0.006,0.000,0.000,0.000,0.000,0.006,0.000,0.000,0.006,0.006
29.7050,297,0,move,-1,29.7050,29.7145,0,0.000,0.000,0.176,-0.264,-50.537,34.453,-0.264,-0.088,0.176,0.000,0.000,-0.088,-0.088,0.176,0.000,0.000,0.439,0.176,0.000,0.000,0.000,0.000,-51.141,34.556,0.000,0.000,0.000,0.000,0.000,0.000,0.000,0.000,0.000,0.000,0.000,0.000,0.013,7.2,11.30,31.0,0.000,0.000,0.000,0.006,0.013,0.000,0.006,0.000,0.006,0.000,0.000,0.000,0.000,0.006,0.000,0.000,0.006,0.006
29.8050,298,0,move,-1,29.8050,29.8195,0,0.000,0.000,0.176,-0.264,-50.537,34.453,-0.264,-0.088,0.176,0.000,0.000,-0.088,-0.088,0.176,0.000,0.000,0.439,0.176,0.000,0.000,0.000,0.000,-51.141,34.556,0.000,0.000,0.000,0.000,0.000,0.000,0.000,0.000,0.000,0.000,0.000,0.000,0.013,6.4,11.30,31.0,0.000,0.000,0.000,0.006,0.013,0.000,0.000,0.000,0.000,0.000,0.000,0.000,0.000,0.006,0.000,0.000,0.013,0.000
29.9052,299,0,move,-1,29.9052,29.9175,0,0.000,0.000,0.176,-0.264,-50.537,34.453,-0.264,-0.088,0.176,0.000,0.000,-0.088,-0.088,0.176,0.000,0.000,0.439,0.176,0.000,0.000,0.000,0.000,-51.141,34.556,0.000,0.000,0.000,0.000,0.000,0.000,0.000,0.000,0.000,0.000,0.000,0.000,0.013,6.4,11.30,31.0,0.000,0.000,0.000,0.006,0.013,0.000,0.000,0.000,0.000,0.000,0.000,0.000,0.000,0.006,0.000,0.000,0.013,0.000
30.0052,300,0,move,-1,30.0052,30.0180,0,0.000,0.000,0.176,-0.264,-50.537,34.453,-0.264,-0.088,0.176,0.000,0.000,-0.088,-0.088,0.176,0.000,0.000,0.439,0.176,0.000,0.000,0.000,0.000,-51.045,34.512,0.000,0.000,0.000,0.000,0.000,0.000,0.000,0.000,0.000,0.000,0.000,0.000,0.013,6.4,11.20,31.0,0.000,0.000,0.000,0.006,0.013,0.000,0.006,0.000,0.000,0.000,0.000,0.000,0.000,0.006,0.000,0.000,0.013,0.000
30.1052,301,0,move,-1,30.1052,30.1173,0,0.000,0.000,0.176,-0.264,-50.537,34.453,-0.264,-0.088,0.176,0.000,0.000,-0.088,-0.088,0.176,0.000,0.000,0.439,0.176,0.000,0.000,0.000,0.000,-50.765,34.384,0.000,0.000,0.000,0.000,0.000,0.000,0.000,0.000,0.000,0.000,0.000,0.000,0.013,6.4,11.20,31.0,0.000,0.000,0.000,0.006,0.013,0.000,0.006,0.000,0.000,0.000,0.000,0.000,0.000,0.006,0.000,0.000,0.013,0.000
30.2052,302,0,move,-1,30.2052,30.2113,0,0.000,0.000,0.176,-0.264,-50.537,34.453,-0.264,-0.088,0.176,0.000,0.000,-0.088,-0.088,0.176,0.000,0.000,0.439,0.176,0.000,0.000,0.000,0.000,-50.327,34.182,0.000,0.000,0.000,0.000,0.000,0.000,0.000,0.000,0.000,0.000,0.000,0.000,0.006,3.2,11.30,32.0,0.000,0.000,0.000,0.006,0.000,0.000,0.006,0.000,0.006,0.000,0.000,0.000,0.000,0.006,0.000,0.000,0.006,0.006
30.3052,303,0,move,-1,30.3052,30.3178,0,0.000,0.000,0.176,-0.264,-50.537,34.365,-0.264,-0.088,0.176,0.000,0.000,-0.088,-0.088,0.176,0.000,0.000,0.439,0.176,0.000,0.000,0.000,0.000,-49.772,33.924,0.000,0.000,0.000,0.000,0.000,0.000,0.000,0.000,0.000,0.000,0.000,0.000,0.006,3.2,11.30,32.0,0.000,0.000,0.000,0.000,0.000,0.000,0.006,0.000,0.006,0.000,0.000,0.000,0.000,0.006,0.000,0.000,0.006,0.000
30.4052,304,0,move,-1,30.4052,30.4176,0,0.000,0.000,0.176,-0.264,-50.273,34.102,-0.264,-0.088,0.176,0.000,0.000,-0.088,-0.088,0.176,0.000,0.000,0.439,0.176,0.000,0.000,0.000,0.000,-49.154,33.634,0.000,0.000,0.000,0.000,0.000,0.000,0.000,0.000,0.000,0.000,0.000,0.000,0.006,3.2,11.30,32.0,0.000,0.000,0.000,0.000,0.000,0.000,0.006,0.000,0.006,0.000,0.000,0.000,0.000,0.006,0.000,0.000,0.006,0.000
30.5052,305,0,move,-1,30.5052,30.5179,0,0.000,0.000,0.176,-0.264,-49.922,33.750,-0.264,-0.088,0.176,0.000,0.000,-0.088,-0.088,0.176,0.000,0.000,0.439,0.176,0.000,0.000,0.000,0.000,-48.535,33.340,0.000,0.000,0.000,0.000,0.000,0.000,0.000,0.000,0.000,0.000,0.000,0.000,0.013,4.8,11.20,31.0,0.000,0.000,0.000,0.000,0.006,0.000,0.000,0.000,0.000,0.000,0.000,0.000,0.000,0.006,0.000,0.000,0.013,0.000
30.6052,306,0,move,-1,30.6052,30.6164,0,0.000,0.000,0.176,-0.264,-49.131,33.486,-0.264,-0.088,0.176,0.000,0.000,-0.088,-0.088,0.176,0.000,0.000,0.439,0.176,0.000,0.000,0.000,0.000,-47.971,33.071,0.000,0.000,0.000,0.000,0.000,0.000,0.000,0.000,0.000,0.000,0.000,0.000,0.013,4.8,11.20,31.0,0.000,0.000,0.000,0.000,0.006,0.000,0.000,0.000,0.000,0.000,0.000,0.000,0.000,0.006,0.000,0.000,0.013,0.000
30.7053,307,0,move,-1,30.7053,30.7177,0,0.000,0.000,0.176,-0.264,-48.428,33.223,-0.264,-0.088,0.176,0.000,0.000,-0.088,-0.088,0.176,0.000,0.000,0.439,0.176,0.000,0.000,0.000,0.000,-47.522,32.856,0.000,0.000,0.000,0.000,0.000,0.000,0.000,0.000,0.000,0.000,0.000,0.000,0.006,3.2,11.30,32.0,0.000,0.000,0.000,0.006,0.006,0.006,0.006,0.000,0.000,0.000,0.000,0.000,0.000,0.006,0.000,0.000,0.006,0.006
30.8052,308,0,move,-1,30.8052,30.8166,0,0.000,0.000,0.176,-0.264,-47.988,32.959,-0.264,-0.088,0.176,0.000,0.000,-0.088,-0.088,0.176,0.000,0.000,0.439,0.176,0.000,0.000,0.000,0.000,-47.233,32.716,0.000,0.000,0.000,0.000,0.000,0.000,0.000,0.000,0.000,0.000,0.000,0.000,0.006,3.2,11.30,32.0,0.000,0.000,0.000,0.006,0.006,0.006,0.006,0.000,0.000,0.000,0.000,0.000,0.000,0.006,0.000,0.000,0.006,0.006
30.9052,309,0,move,-1,30.9052,30.9154,0,0.000,0.000,0.176,-0.264,-47.637,32.783,-0.264,-0.088,0.176,0.000,0.000,-0.088,-0.088,0.176,0.000,0.000,0.439,0.176,0.000,0.000,0.000,0.000,-47.133,32.667,0.000,0.000,0.000,0.000,0.000,0.000,0.000,0.000,0.000,0.000,0.000,0.000,0.013,6.0,11.30,31.0,0.000,0.000,0.000,0.000,0.013,0.006,0.006,0.000,0.006,0.000,0.000,0.000,0.000,0.006,0.000,0.000,0.006,0.006
31.0052,310,0,move,-1,31.0052,31.0216,0,0.000,0.000,0.176,-0.264,-47.373,32.783,-0.264,-0.088,0.176,0.000,0.000,-0.088,-0.088,0.176,0.000,0.000,0.439,0.176,0.000,0.000,0.000,0.000,-47.133,32.667,0.000,0.000,0.000,0.000,0.000,0.000,0.000,0.000,0.000,0.000,0.000,0.000,0.000,0.0,11.30,32.0,0.000,0.000,0.000,0.000,0.000,0.000,0.000,0.000,0.000,0.000,0.000,0.000,0.000,0.000,0.000,0.000,0.000,0.000
31.1052,311,0,move,-1,31.1052,31.1175,0,0.000,0.000,0.176,-0.264,-47.285,32.783,-0.264,-0.088,0.176,0.000,0.000,-0.088,-0.088,0.176,0.000,0.000,0.439,0.176,0.000,0.000,0.000,0.000,-47.133,32.667,0.000,0.000,0.000,0.000,0.000,0.000,0.000,0.000,0.000,0.000,0.000,0.000,0.000,0.0,11.30,32.0,0.000,0.000,0.000,0.000,0.000,0.000,0.000,0.000,0.000,0.000,0.000,0.000,0.000,0.000,0.000,0.000,0.000,0.000
31.2081,312,0,move,-1,31.2081,31.2186,0,0.000,0.000,0.176,-0.264,-47.285,32.783,-0.264,-0.088,0.176,0.000,0.000,-0.088,-0.088,0.176,0.000,0.000,0.439,0.176,0.000,0.000,0.000,0.000,-47.133,32.667,0.000,0.000,0.000,0.000,0.000,0.000,0.000,0.000,0.000,0.000,0.000,0.000,0.006,2.4,11.30,29.0,0.000,0.000,0.000,0.000,0.000,0.000,0.000,0.000,0.000,0.000,0.000,0.000,0.000,0.006,0.000,0.000,0.006,0.000
31.3052,313,0,move,-1,31.3052,31.3158,0,0.000,0.000,0.176,-0.264,-47.197,32.783,-0.264,-0.088,0.176,0.000,0.000,-0.088,-0.088,0.176,0.000,0.000,0.439,0.176,0.000,0.000,0.000,0.000,-47.133,32.667,0.000,0.000,0.000,0.000,0.000,0.000,0.000,0.000,0.000,0.000,0.000,0.000,0.006,2.4,11.30,29.0,0.000,0.000,0.000,0.000,0.000,0.000,0.000,0.000,0.000,0.000,0.000,0.000,0.000,0.006,0.000,0.000,0.006,0.000
31.4052,314,0,move,-1,31.4052,31.4529,0,0.000,0.000,0.176,-0.264,-47.109,32.783,-0.264,-0.088,0.176,0.000,0.000,-0.088,-0.088,0.176,0.000,0.000,0.439,0.176,0.000,0.000,0.000,0.000,-47.133,32.667,0.000,0.000,0.000,0.000,0.000,0.000,0.000,0.000,0.000,0.000,0.000,0.000,0.006,4.8,11.30,32.0,0.000,0.000,0.000,0.000,0.000,0.000,0.000,0.000,0.000,0.000,0.000,0.000,0.000,0.000,0.000,0.000,0.006,0.000
31.5052,315,0,move,-1,31.5052,31.5163,0,0.000,0.000,0.176,-0.264,-47.021,32.783,-0.264,-0.088,0.176,0.000,0.000,-0.088,-0.088,0.176,0.000,0.000,0.439,0.176,0.000,0.000,0.000,0.000,-47.133,32.667,0.000,0.000,0.000,0.000,0.000,0.000,0.000,0.000,0.000,0.000,0.000,0.000,0.006,4.8,11.30,32.0,0.000,0.000,0.000,0.000,0.000,0.000,0.000,0.000,0.000,0.000,0.000,0.000,0.000,0.000,0.000,0.000,0.006,0.000
31.6052,316,0,move,-1,31.6052,31.6282,0,0.000,0.000,0.176,-0.264,-46.934,32.783,-0.264,-0.088,0.176,0.000,0.000,-0.088,-0.088,0.176,0.000,0.000,0.439,0.176,0.000,0.000,0.000,0.000,-47.133,32.667,0.000,0.000,0.000,0.000,0.000,0.000,0.000,0.000,0.000,0.000,0.000,0.000,0.006,3.2,11.30,32.0,0.000,0.000,0.000,0.006,0.000,0.000,0.006,0.000,0.000,0.000,0.000,0.000,0.000,0.000,0.000,0.000,0.006,0.006
31.7058,317,0,move,-1,31.7058,31.7297,0,0.000,0.000,0.176,-0.264,-46.934,32.783,-0.264,-0.088,0.176,0.000,0.000,-0.088,-0.088,0.176,0.000,0.000,0.439,0.176,0.000,0.000,0.000,0.000,-47.133,32.667,0.000,0.000,0.000,0.000,0.000,0.000,0.000,0.000,0.000,0.000,0.000,0.000,0.006,2.4,11.30,31.0,0.000,0.000,0.000,0.000,0.006,0.000,0.006,0.000,0.000,0.000,0.000,0.000,0.000,0.006,0.000,0.000,0.006,0.000
31.8050,318,0,move,-1,31.8050,31.8159,0,0.000,0.000,0.176,-0.264,-46.846,32.783,-0.264,-0.088,0.176,0.000,0.000,-0.088,-0.088,0.176,0.000,0.000,0.439,0.176,0.000,0.000,0.000,0.000,-47.133,32.667,0.000,0.000,0.000,0.000,0.000,0.000,0.000,0.000,0.000,0.000,0.000,0.000,0.006,2.4,11.30,31.0,0.000,0.000,0.000,0.000,0.006,0.000,0.006,0.000,0.000,0.000,0.000,0.000,0.000,0.006,0.000,0.000,0.006,0.000
31.9050,319,0,move,-1,31.9050,31.9173,0,0.000,0.000,0.176,-0.264,-46.846,32.783,-0.264,-0.088,0.176,0.000,0.000,-0.088,-0.088,0.176,0.000,0.000,0.439,0.176,0.000,0.000,0.000,0.000,-47.133,32.667,0.000,0.000,0.000,0.000,0.000,0.000,0.000,0.000,0.000,0.000,0.000,0.000,0.006,3.2,11.30,32.0,0.000,0.000,0.000,0.006,0.006,0.000,0.006,0.000,0.000,0.000,0.000,0.000,0.000,0.006,0.000,0.000,0.006,0.000
32.0052,320,0,move,-1,32.0052,32.0161,0,0.000,0.000,0.176,-0.264,-46.846,32.783,-0.264,-0.088,0.176,0.000,0.000,-0.088,-0.088,0.176,0.000,0.000,0.439,0.176,0.000,0.000,0.000,0.000,-47.133,32.667,0.000,0.000,0.000,0.000,0.000,0.000,0.000,0.000,0.000,0.000,0.000,0.000,0.006,3.2,11.30,32.0,0.000,0.000,0.000,0.006,0.006,0.000,0.006,0.000,0.000,0.000,0.000,0.000,0.000,0.006,0.000,0.000,0.006,0.000
32.1052,321,0,move,-1,32.1052,32.1161,0,0.000,0.000,0.176,-0.264,-46.846,32.783,-0.264,-0.088,0.176,0.000,0.000,-0.088,-0.088,0.176,0.000,0.000,0.439,0.176,0.000,0.000,0.000,0.000,-47.133,32.667,0.000,0.000,0.000,0.000,0.000,0.000,0.000,0.000,0.000,0.000,0.000,0.000,0.006,3.2,11.20,32.0,0.000,0.000,0.000,0.000,0.000,0.000,0.006,0.000,0.006,0.000,0.000,0.000,0.000,0.006,0.000,0.000,0.006,0.006
32.2052,322,0,move,-1,32.2052,32.2164,0,0.000,0.000,0.176,-0.264,-46.846,32.783,-0.264,-0.088,0.176,0.000,0.000,-0.088,-0.088,0.176,0.000,0.000,0.439,0.176,0.000,0.000,0.000,0.000,-47.133,32.667,0.000,0.000,0.000,0.000,0.000,0.000,0.000,0.000,0.000,0.000,0.000,0.000,0.006,3.2,11.30,32.0,0.000,0.000,0.000,0.006,0.006,0.000,0.006,0.000,0.000,0.000,0.000,0.000,0.000,0.006,0.000,0.000,0.006,0.006
32.3052,323,0,move,-1,32.3052,32.3172,0,0.000,0.000,0.176,-0.264,-46.846,32.783,-0.264,-0.088,0.176,0.000,0.000,-0.088,-0.088,0.176,0.000,0.000,0.439,0.176,0.000,0.000,0.000,0.000,-47.133,32.667,0.000,0.000,0.000,0.000,0.000,0.000,0.000,0.000,0.000,0.000,0.000,0.000,0.013,4.8,11.30,31.0,0.000,0.000,0.000,0.000,0.006,0.000,0.006,0.000,0.000,0.000,0.000,0.000,0.000,0.006,0.000,0.000,0.013,0.000
32.4050,324,0,move,-1,32.4050,32.4159,0,0.000,0.000,0.176,-0.264,-46.846,32.783,-0.264,-0.088,0.176,0.000,0.000,-0.088,-0.088,0.176,0.000,0.000,0.439,0.176,0.000,0.000,0.000,0.000,-47.133,32.667,0.000,0.000,0.000,0.000,0.000,0.000,0.000,0.000,0.000,0.000,0.000,0.000,0.013,4.8,11.30,31.0,0.000,0.000,0.000,0.000,0.006,0.000,0.006,0.000,0.000,0.000,0.000,0.000,0.000,0.006,0.000,0.000,0.013,0.000
32.5052,325,0,move,-1,32.5052,32.5174,0,0.000,0.000,0.176,-0.264,-46.758,32.783,-0.264,-0.088,0.176,0.000,0.000,-0.088,-0.088,0.176,0.000,0.000,0.439,0.176,0.000,0.000,0.000,0.000,-47.133,32.667,0.000,0.000,0.000,0.000,0.000,0.000,0.000,0.000,0.000,0.000,0.000,0.000,0.013,4.8,11.30,31.0,0.000,0.000,0.000,0.000,0.006,0.000,0.006,0.000,0.000,0.000,0.000,0.000,0.000,0.006,0.000,0.000,0.013,0.000
32.6052,326,0,move,-1,32.6052,32.6395,0,0.000,0.000,0.176,-0.264,-46.758,32.783,-0.264,-0.088,0.176,0.000,0.000,-0.088,-0.088,0.176,0.000,0.000,0.439,0.176,0.000,0.000,0.000,0.000,-47.133,32.667,0.000,0.000,0.000,0.000,0.000,0.000,0.000,0.000,0.000,0.000,0.000,0.000,0.006,3.2,11.30,32.0,0.000,0.000,0.000,0.006,0.006,0.000,0.006,0.000,0.000,0.000,0.000,0.000,0.000,0.006,0.000,0.000,0.006,0.006
32.7050,327,0,move,-1,32.7050,32.7176,0,0.000,0.000,0.176,-0.264,-46.758,32.783,-0.264,-0.088,0.176,0.000,0.000,-0.088,-0.088,0.176,0.000,0.000,0.439,0.176,0.000,0.000,0.000,0.000,-47.133,32.667,0.000,0.000,0.000,0.000,0.000,0.000,0.000,0.000,0.000,0.000,0.000,0.000,0.006,3.2,11.30,32.0,0.000,0.000,0.000,0.006,0.006,0.000,0.006,0.000,0.000,0.000,0.000,0.000,0.000,0.006,0.000,0.000,0.006,0.006
32.8052,328,0,move,-1,32.8052,32.8155,0,0.000,0.000,0.176,-0.264,-46.758,32.783,-0.264,-0.088,0.176,0.000,0.000,-0.088,-0.088,0.176,0.000,0.000,0.439,0.176,0.000,0.000,0.000,0.000,-47.133,32.667,0.000,0.000,0.000,0.000,0.000,0.000,0.000,0.000,0.000,0.000,0.000,0.000,0.006,3.2,11.30,32.0,0.000,0.000,0.000,0.006,0.006,0.000,0.006,0.000,0.000,0.000,0.000,0.000,0.000,0.000,0.000,0.000,0.006,0.000
32.9052,329,0,move,-1,32.9052,32.9170,0,0.000,0.000,0.176,-0.264,-46.758,32.783,-0.264,-0.088,0.176,0.000,0.000,-0.088,-0.088,0.176,0.000,0.000,0.439,0.176,0.000,0.000,0.000,0.000,-47.133,32.667,0.000,0.000,0.000,0.000,0.000,0.000,0.000,0.000,0.000,0.000,0.000,0.000,0.006,4.0,11.30,31.0,0.000,0.000,0.000,0.000,0.006,0.000,0.006,0.000,0.006,0.000,0.000,0.000,0.000,0.000,0.000,0.000,0.006,0.006
33.0144,330,0,move,-1,33.0144,33.0284,0,0.000,0.000,0.176,-0.264,-46.758,32.783,-0.264,-0.088,0.176,0.000,0.000,-0.088,-0.088,0.176,0.000,0.000,0.439,0.176,0.000,0.000,0.000,0.000,-47.133,32.667,0.000,0.000,0.000,0.000,0.000,0.000,0.000,0.000,0.000,0.000,0.000,0.000,0.006,4.0,11.30,31.0,0.000,0.000,0.000,0.000,0.006,0.000,0.006,0.000,0.006,0.000,0.000,0.000,0.000,0.006,0.000,0.000,0.006,0.000
33.1052,331,0,move,-1,33.1052,33.1171,0,0.000,0.000,0.176,-0.264,-46.758,32.783,-0.264,-0.088,0.176,0.000,0.000,-0.088,-0.088,0.176,0.000,0.000,0.439,0.176,0.000,0.000,0.000,0.000,-47.133,32.667,0.000,0.000,0.000,0.000,0.000,0.000,0.000,0.000,0.000,0.000,0.000,0.000,0.006,4.0,11.30,31.0,0.000,0.000,0.000,0.000,0.006,0.000,0.006,0.000,0.006,0.000,0.000,0.000,0.000,0.006,0.000,0.000,0.006,0.000
33.2169,332,0,move,-1,33.2169,33.2324,0,0.000,0.000,0.176,-0.264,-46.758,32.783,-0.264,-0.088,0.176,0.000,0.000,-0.088,-0.088,0.176,0.000,0.000,0.439,0.176,0.000,0.000,0.000,0.000,-47.133,32.667,0.000,0.000,0.000,0.000,0.000,0.000,0.000,0.000,0.000,0.000,0.000,0.000,0.006,3.2,11.30,32.0,0.000,0.000,0.000,0.006,0.000,0.000,0.000,0.000,0.000,0.000,0.000,0.000,0.000,0.006,0.000,0.000,0.006,0.006
33.3052,333,0,move,-1,33.3052,33.3163,0,0.000,0.000,0.176,-0.264,-46.758,32.783,-0.264,-0.088,0.176,0.000,0.000,-0.088,-0.088,0.176,0.000,0.000,0.439,0.176,0.000,0.000,0.000,0.000,-47.133,32.667,0.000,0.000,0.000,0.000,0.000,0.000,0.000,0.000,0.000,0.000,0.000,0.000,0.006,3.2,11.30,32.0,0.000,0.000,0.000,0.006,0.000,0.000,0.000,0.000,0.000,0.000,0.000,0.000,0.000,0.006,0.000,0.000,0.006,0.006
33.4052,334,0,move,-1,33.4052,33.4167,0,0.000,0.000,0.176,-0.264,-46.758,32.783,-0.264,-0.088,0.176,0.000,0.000,-0.088,-0.088,0.176,0.000,0.000,0.439,0.176,0.000,0.000,0.000,0.000,-47.133,32.667,0.000,0.000,0.000,0.000,0.000,0.000,0.000,0.000,0.000,0.000,0.000,0.000,0.006,3.2,11.20,32.0,0.000,0.000,0.000,0.000,0.000,0.000,0.006,0.000,0.000,0.000,0.000,0.000,0.000,0.006,0.000,0.000,0.006,0.000
33.5052,335,0,move,-1,33.5052,33.5190,0,0.000,0.000,0.176,-0.264,-46.758,32.783,-0.264,-0.088,0.176,0.000,0.000,-0.088,-0.088,0.176,0.000,0.000,0.439,0.176,0.000,0.000,0.000,0.000,-47.133,32.667,0.000,0.000,0.000,0.000,0.000,0.000,0.000,0.000,0.000,0.000,0.000,0.000,0.006,3.2,11.30,32.0,0.000,0.000,0.000,0.006,0.006,0.000,0.006,0.000,0.000,0.000,0.000,0.000,0.000,0.000,0.000,0.000,0.006,0.006
33.6055,336,0,move,-1,33.6055,33.6200,0,0.000,0.000,0.176,-0.264,-46.758,32.783,-0.264,-0.088,0.176,0.000,0.000,-0.088,-0.088,0.176,0.000,0.000,0.439,0.176,0.000,0.000,0.000,0.000,-47.133,32.667,0.000,0.000,0.000,0.000,0.000,0.000,0.000,0.000,0.000,0.000,0.000,0.000,0.006,2.8,11.30,32.0,0.000,0.000,0.000,0.006,0.006,0.000,0.000,0.000,0.000,0.000,0.000,0.000,0.000,0.006,0.000,0.000,0.006,0.000
33.7051,337,0,move,-1,33.7051,33.7174,0,0.000,0.000,0.176,-0.264,-46.758,32.783,-0.264,-0.088,0.176,0.000,0.000,-0.088,-0.088,0.176,0.000,0.000,0.439,0.176,0.000,0.000,0.000,0.000,-47.133,32.667,0.000,0.000,0.000,0.000,0.000,0.000,0.000,0.000,0.000,0.000,0.000,0.000,0.006,2.8,11.30,32.0,0.000,0.000,0.000,0.006,0.006,0.000,0.000,0.000,0.000,0.000,0.000,0.000,0.000,0.006,0.000,0.000,0.006,0.000
33.8052,338,0,move,-1,33.8052,33.8159,0,0.000,0.000,0.176,-0.264,-46.758,32.783,-0.264,-0.088,0.176,0.000,0.000,-0.088,-0.088,0.176,0.000,0.000,0.439,0.176,0.000,0.000,0.000,0.000,-47.133,32.667,0.000,0.000,0.000,0.000,0.000,0.000,0.000,0.000,0.000,0.000,0.000,0.000,0.013,4.8,11.30,31.0,0.000,0.000,0.000,0.000,0.006,0.000,0.006,0.000,0.000,0.000,0.000,0.000,0.000,0.006,0.000,0.000,0.013,0.000
33.9051,339,0,move,-1,33.9051,33.9177,0,0.000,0.000,0.176,-0.264,-46.758,32.783,-0.264,-0.088,0.176,0.000,0.000,-0.088,-0.088,0.176,0.000,0.000,0.439,0.176,0.000,0.000,0.000,0.000,-47.133,32.667,0.000,0.000,0.000,0.000,0.000,0.000,0.000,0.000,0.000,0.000,0.000,0.000,0.006,3.2,11.30,32.0,0.000,0.000,0.000,0.006,0.000,0.000,0.000,0.000,0.000,0.000,0.000,0.000,0.000,0.006,0.000,0.000,0.006,0.000
34.0052,340,0,move,-1,34.0052,34.0163,0,0.000,0.000,0.176,-0.264,-46.758,32.783,-0.264,-0.088,0.176,0.000,0.000,-0.088,-0.088,0.176,0.000,0.000,0.439,0.176,0.000,0.000,0.000,0.000,-47.033,32.619,0.000,0.000,0.000,0.000,0.000,0.000,0.000,0.000,0.000,0.000,0.000,0.000,0.006,3.2,11.30,32.0,0.000,0.000,0.000,0.006,0.000,0.000,0.000,0.000,0.000,0.000,0.000,0.000,0.000,0.006,0.000,0.000,0.006,0.000
34.1050,341,0,move,-1,34.1050,34.1173,0,0.000,0.000,0.176,-0.264,-46.758,32.695,-0.264,-0.088,0.176,0.000,0.000,-0.088,-0.088,0.176,0.000,0.000,0.439,0.176,0.000,0.000,0.000,0.000,-46.742,32.477,0.000,0.000,0.000,0.000,0.000,0.000,0.000,0.000,0.000,0.000,0.000,0.000,0.013,4.8,11.30,31.0,0.000,0.000,0.000,0.000,0.000,0.000,0.000,0.000,0.006,0.000,0.000,0.000,0.000,0.006,0.006,0.000,0.013,0.000
34.2050,342,0,move,-1,34.2050,34.2191,0,0.000,0.000,0.176,-0.264,-46.758,32.607,-0.264,-0.088,0.176,0.000,0.000,-0.088,-0.088,0.176,0.000,0.000,0.439,0.176,0.000,0.000,0.000,0.000,-46.288,32.255,0.000,0.000,0.000,0.000,0.000,0.000,0.000,0.000,0.000,0.000,0.000,0.000,0.006,3.2,11.30,32.0,0.000,0.000,0.000,0.006,0.000,0.006,0.006,0.000,0.000,0.000,0.000,0.000,0.000,0.006,0.000,0.000,0.006,0.006
34.3052,343,0,move,-1,34.3052,34.3172,0,0.000,0.000,0.176,-0.264,-46.758,32.432,-0.264,-0.088,0.176,0.000,0.000,-0.088,-0.088,0.176,0.000,0.000,0.439,0.176,0.000,0.000,0.000,0.000,-45.712,31.972,0.000,0.000,0.000,0.000,0.000,0.000,0.000,0.000,0.000,0.000,0.000,0.000,0.006,3.2,11.30,32.0,0.000,0.000,0.000,0.006,0.000,0.006,0.006,0.000,0.000,0.000,0.000,0.000,0.000,0.006,0.000,0.000,0.006,0.006
34.4052,344,0,move,-1,34.4052,34.4150,0,0.000,0.000,0.176,-0.264,-46.494,32.080,-0.264,-0.088,0.176,0.000,0.000,-0.088,-0.088,0.176,0.000,0.000,0.439,0.176,0.000,0.000,0.000,0.000,-45.069,31.653,0.000,0.000,0.000,0.000,0.000,0.000,0.000,0.000,0.000,0.000,0.000,0.000,0.006,5.2,11.30,31.0,0.000,0.000,0.000,0.000,0.006,0.006,0.000,0.000,0.000,0.000,0.000,0.000,0.000,0.006,0.000,0.000,0.006,0.006
34.5052,345,0,move,-1,34.5052,34.5160,0,0.000,0.000,0.176,-0.264,-45.703,31.729,-0.264,-0.088,0.176,0.000,0.000,-0.088,-0.088,0.176,0.000,0.000,0.439,0.176,0.000,0.000,0.000,0.000,-44.421,31.329,0.000,0.000,0.000,0.000,0.000,0.000,0.000,0.000,0.000,0.000,0.000,0.000,0.013,4.8,11.30,31.0,0.000,0.000,0.000,0.006,0.006,0.006,0.006,0.000,0.000,0.000,0.006,0.000,0.000,0.006,0.000,0.000,0.013,0.006
34.6095,346,0,move,-1,34.6095,34.6206,0,0.000,0.000,0.176,-0.264,-45.000,31.377,-0.264,-0.088,0.176,0.000,0.000,-0.088,-0.088,0.176,0.000,0.000,0.439,0.176,0.000,0.000,0.000,0.000,-43.833,31.033,0.000,0.000,0.000,0.000,0.000,0.000,0.000,0.000,0.000,0.000,0.000,0.000,0.006,4.0,11.20,32.0,0.000,0.000,0.000,0.000,0.000,0.006,0.006,0.000,0.006,0.000,0.000,0.000,0.000,0.006,0.000,0.000,0.006,0.006
34.7052,347,0,move,-1,34.7052,34.7116,0,0.000,0.000,0.176,-0.264,-44.561,31.113,-0.264,-0.088,0.176,0.000,0.000,-0.088,-0.088,0.176,0.000,0.000,0.439,0.176,0.000,0.000,0.000,0.000,-43.362,30.795,0.000,0.000,0.000,0.000,0.000,0.000,0.000,0.000,0.000,0.000,0.000,0.000,0.006,4.0,11.20,32.0,0.000,0.000,0.000,0.000,0.000,0.006,0.006,0.000,0.006,0.000,0.000,0.000,0.000,0.006,0.000,0.000,0.006,0.006
34.8052,348,0,move,-1,34.8052,34.8159,0,0.000,0.000,0.176,-0.264,-43.770,30.850,-0.264,-0.088,0.176,0.000,0.000,-0.088,-0.088,0.176,0.000,0.000,0.439,0.176,0.000,0.000,0.000,0.000,-43.059,30.640,0.000,0.000,0.000,0.000,0.000,0.000,0.000,0.000,0.000,0.000,0.000,0.000,0.006,5.6,11.30,32.0,0.000,0.000,0.000,0.000,0.006,0.006,0.006,0.000,0.000,0.000,0.000,0.000,0.000,0.006,0.000,0.000,0.006,0.006
34.9052,349,0,move,-1,34.9052,34.9159,0,0.000,0.000,0.176,-0.264,-43.418,30.762,-0.264,-0.088,0.176,0.000,0.000,-0.088,-0.088,0.176,0.000,0.000,0.439,0.176,0.000,0.000,0.000,0.000,-42.955,30.587,0.000,0.000,0.000,0.000,0.000,0.000,0.000,0.000,0.000,0.000,0.000,0.000,0.006,4.8,11.30,31.0,0.000,0.000,0.000,0.000,0.006,0.006,0.006,0.000,0.006,0.000,0.000,0.000,0.000,0.006,0.000,0.000,0.006,0.006
35.0052,350,0,move,-1,35.0052,35.0167,0,0.000,0.000,0.176,-0.264,-43.242,30.674,-0.264,-0.088,0.176,0.000,0.000,-0.088,-0.088,0.176,0.000,0.000,0.439,0.176,0.000,0.000,0.000,0.000,-42.955,30.587,0.000,0.000,0.000,0.000,0.000,0.000,0.000,0.000,0.000,0.000,0.000,0.000,0.013,2.4,11.30,29.0,0.000,0.000,0.000,0.006,0.000,0.006,0.000,0.000,0.000,0.000,0.000,0.000,0.000,0.013,0.000,0.000,0.006,0.000
35.1057,351,0,move,-1,35.1057,35.1184,0,0.000,0.000,0.176,-0.264,-43.154,30.674,-0.264,-0.088,0.176,0.000,0.000,-0.088,-0.088,0.176,0.000,0.000,0.439,0.176,0.000,0.000,0.000,0.000,-42.955,30.587,0.000,0.000,0.000,0.000,0.000,0.000,0.000,0.000,0.000,0.000,0.000,0.000,0.013,3.2,11.30,32.0,0.000,0.000,0.000,0.006,0.000,0.000,0.013,0.000,0.006,0.000,0.000,0.000,0.000,0.006,0.000,0.000,0.006,0.000
35.2117,352,0,move,-1,35.2117,35.2378,0,0.000,0.000,0.176,-0.264,-42.979,30.674,-0.264,-0.088,0.176,0.000,0.000,-0.088,-0.088,0.176,0.000,0.000,0.439,0.176,0.000,0.000,0.000,0.000,-42.955,30.587,0.000,0.000,0.000,0.000,0.000,0.000,0.000,0.000,0.000,0.000,0.000,0.000,0.013,4.8,11.30,31.0,0.000,0.000,0.006,0.006,0.000,0.000,0.000,0.000,0.006,0.000,0.000,0.000,0.000,0.006,0.000,0.000,0.013,0.006
35.3053,353,0,move,-1,35.3053,35.3173,0,0.000,0.000,0.176,-0.264,-42.803,30.674,-0.264,-0.088,0.176,0.000,0.000,-0.088,-0.088,0.176,0.000,0.000,0.439,0.176,0.000,0.000,0.000,0.000,-42.955,30.587,0.000,0.000,0.000,0.000,0.000,0.000,0.000,0.000,0.000,0.000,0.000,0.000,0.013,4.8,11.30,31.0,0.000,0.000,0.006,0.006,0.000,0.000,0.000,0.000,0.006,0.000,0.000,0.000,0.000,0.006,0.000,0.000,0.013,0.006
35.4052,354,0,move,-1,35.4052,35.4157,0,0.000,0.000,0.176,-0.264,-42.715,30.674,-0.264,-0.088,0.176,0.000,0.000,-0.088,-0.088,0.176,0.000,0.000,0.439,0.176,0.000,0.000,0.000,0.000,-42.955,30.587,0.000,0.000,0.000,0.000,0.000,0.000,0.000,0.000,0.000,0.000,0.000,0.000,0.013,4.8,11.30,31.0,0.000,0.000,0.000,0.006,0.000,0.000,0.006,0.000,0.000,0.000,0.000,0.000,0.000,0.006,0.000,0.000,0.013,0.000
35.5052,355,0,move,-1,35.5052,35.5175,0,0.000,0.000,0.176,-0.264,-42.715,30.674,-0.264,-0.088,0.176,0.000,0.000,-0.088,-0.088,0.176,0.000,0.000,0.439,0.176,0.000,0.000,0.000,0.000,-42.955,30.587,0.000,0.000,0.000,0.000,0.000,0.000,0.000,0.000,0.000,0.000,0.000,0.000,0.013,4.8,11.30,32.0,0.000,0.000,0.006,0.000,0.000,0.000,0.006,0.000,0.000,0.000,0.000,0.000,0.000,0.006,0.000,0.000,0.013,0.000
35.6075,356,0,move,-1,35.6075,35.6196,0,0.000,0.000,0.176,-0.264,-42.715,30.674,-0.264,-0.088,0.176,0.000,0.000,-0.088,-0.088,0.176,0.000,0.000,0.439,0.176,0.000,0.000,0.000,0.000,-42.955,30.587,0.000,0.000,0.000,0.000,0.000,0.000,0.000,0.000,0.000,0.000,0.000,0.000,0.006,3.2,11.30,31.0,0.000,0.000,0.000,0.000,0.006,0.000,0.006,0.000,0.000,0.000,0.000,0.000,0.000,0.006,0.000,0.000,0.006,0.000
35.7052,357,0,move,-1,35.7052,35.7159,0,0.000,0.000,0.176,-0.264,-42.627,30.674,-0.264,-0.088,0.176,0.000,0.000,-0.088,-0.088,0.176,0.000,0.000,0.439,0.176,0.000,0.000,0.000,0.000,-42.955,30.587,0.000,0.000,0.000,0.000,0.000,0.000,0.000,0.000,0.000,0.000,0.000,0.000,0.006,3.2,11.30,31.0,0.000,0.000,0.000,0.000,0.006,0.000,0.006,0.000,0.000,0.000,0.000,0.000,0.000,0.006,0.000,0.000,0.006,0.000
35.8050,358,0,move,-1,35.8050,35.8174,0,0.000,0.000,0.176,-0.264,-42.627,30.674,-0.264,-0.088,0.176,0.000,0.000,-0.088,-0.088,0.176,0.000,0.000,0.439,0.176,0.000,0.000,0.000,0.000,-42.955,30.587,0.000,0.000,0.000,0.000,0.000,0.000,0.000,0.000,0.000,0.000,0.000,0.000,0.006,4.0,11.30,31.0,0.000,0.000,0.000,0.000,0.006,0.000,0.006,0.000,0.000,0.000,0.000,0.000,0.000,0.006,0.000,0.000,0.006,0.006
35.9052,359,0,move,-1,35.9052,35.9195,0,0.000,0.000,0.176,-0.264,-42.627,30.674,-0.264,-0.088,0.176,0.000,0.000,-0.088,-0.088,0.176,0.000,0.000,0.439,0.176,0.000,0.000,0.000,0.000,-42.955,30.587,0.000,0.000,0.000,0.000,0.000,0.000,0.000,0.000,0.000,0.000,0.000,0.000,0.006,2.4,11.30,33.0,0.000,0.000,0.006,0.006,0.006,0.000,0.006,0.000,0.006,0.000,0.000,0.000,0.000,0.006,0.000,0.000,0.006,0.000
36.0052,360,0,move,-1,36.0052,36.0192,0,0.000,0.000,0.176,-0.264,-42.627,30.674,-0.264,-0.088,0.176,0.000,0.000,-0.088,-0.088,0.176,0.000,0.000,0.439,0.176,0.000,0.000,0.000,0.000,-42.955,30.587,0.000,0.000,0.000,0.000,0.000,0.000,0.000,0.000,0.000,0.000,0.000,0.000,0.006,2.4,11.30,33.0,0.000,0.000,0.006,0.006,0.006,0.000,0.006,0.000,0.006,0.000,0.000,0.000,0.000,0.006,0.000,0.000,0.006,0.000
36.1052,361,0,move,-1,36.1052,36.1164,0,0.000,0.000,0.176,-0.264,-42.627,30.674,-0.264,-0.088,0.176,0.000,0.000,-0.088,-0.088,0.176,0.000,0.000,0.439,0.176,0.000,0.000,0.000,0.000,-42.955,30.587,0.000,0.000,0.000,0.000,0.000,0.000,0.000,0.000,0.000,0.000,0.000,0.000,0.000,0.0,11.30,32.0,0.000,0.000,0.000,0.000,0.000,0.000,0.000,0.000,0.000,0.000,0.000,0.000,0.000,0.000,0.000,0.000,0.000,0.000
36.2052,362,0,move,-1,36.2052,36.2159,0,0.000,0.000,0.176,-0.264,-42.627,30.674,-0.264,-0.088,0.176,0.000,0.000,-0.088,-0.088,0.176,0.000,0.000,0.439,0.176,0.000,0.000,0.000,0.000,-42.955,30.587,0.000,0.000,0.000,0.000,0.000,0.000,0.000,0.000,0.000,0.000,0.000,0.000,0.000,0.0,11.30,32.0,0.000,0.000,0.000,0.000,0.000,0.000,0.000,0.000,0.000,0.000,0.000,0.000,0.000,0.000,0.000,0.000,0.000,0.000
36.3052,363,0,move,-1,36.3052,36.3176,0,0.000,0.000,0.176,-0.264,-42.627,30.674,-0.264,-0.088,0.176,0.000,0.000,-0.088,-0.088,0.176,0.000,0.000,0.439,0.176,0.000,0.000,0.000,0.000,-42.955,30.587,0.000,0.000,0.000,0.000,0.000,0.000,0.000,0.000,0.000,0.000,0.000,0.000,0.006,2.4,11.30,33.0,0.000,0.000,0.006,0.006,0.000,0.006,0.000,0.000,0.000,0.000,0.000,0.000,0.000,0.006,0.000,0.000,0.006,0.006
36.4052,364,0,move,-1,36.4052,36.4162,0,0.000,0.000,0.176,-0.264,-42.627,30.674,-0.264,-0.088,0.176,0.000,0.000,-0.088,-0.088,0.176,0.000,0.000,0.439,0.176,0.000,0.000,0.000,0.000,-42.955,30.587,0.000,0.000,0.000,0.000,0.000,0.000,0.000,0.000,0.000,0.000,0.000,0.000,0.006,2.4,11.30,33.0,0.000,0.000,0.006,0.006,0.000,0.006,0.000,0.000,0.000,0.000,0.000,0.000,0.000,0.006,0.000,0.000,0.006,0.006
36.5052,365,0,move,-1,36.5052,36.5169,0,0.000,0.000,0.176,-0.264,-42.627,30.674,-0.264,-0.088,0.176,0.000,0.000,-0.088,-0.088,0.176,0.000,0.000,0.439,0.176,0.000,0.000,0.000,0.000,-42.955,30.587,0.000,0.000,0.000,0.000,0.000,0.000,0.000,0.000,0.000,0.000,0.000,0.000,0.006,3.2,11.30,32.0,0.000,0.000,0.000,0.006,0.000,0.000,0.006,0.000,0.000,0.000,0.000,0.000,0.000,0.006,0.000,0.000,0.006,0.006
36.6051,366,0,move,-1,36.6051,36.6158,0,0.000,0.000,0.176,-0.264,-42.627,30.674,-0.264,-0.088,0.176,0.000,0.000,-0.088,-0.088,0.176,0.000,0.000,0.439,0.176,0.000,0.000,0.000,0.000,-42.955,30.587,0.000,0.000,0.000,0.000,0.000,0.000,0.000,0.000,0.000,0.000,0.000,0.000,0.006,3.2,11.30,32.0,0.000,0.000,0.000,0.006,0.000,0.000,0.006,0.000,0.000,0.000,0.000,0.000,0.000,0.006,0.000,0.000,0.006,0.006
36.7052,367,0,move,-1,36.7052,36.7167,0,0.000,0.000,0.176,-0.264,-42.627,30.674,-0.264,-0.088,0.176,0.000,0.000,-0.088,-0.088,0.176,0.000,0.000,0.439,0.176,0.000,0.000,0.000,0.000,-42.955,30.587,0.000,0.000,0.000,0.000,0.000,0.000,0.000,0.000,0.000,0.000,0.000,0.000,0.013,4.8,11.30,31.0,0.000,0.000,0.006,0.006,0.006,0.000,0.006,0.000,0.006,0.000,0.000,0.000,0.000,0.006,0.000,0.000,0.013,0.006
36.8050,368,0,move,-1,36.8050,36.8204,0,0.000,0.000,0.176,-0.264,-42.627,30.674,-0.264,-0.088,0.176,0.000,0.000,-0.088,-0.088,0.176,0.000,0.000,0.439,0.176,0.000,0.000,0.000,0.000,-42.955,30.587,0.000,0.000,0.000,0.000,0.000,0.000,0.000,0.000,0.000,0.000,0.000,0.000,0.006,3.2,11.30,32.0,0.000,0.000,0.000,0.006,0.006,0.000,0.000,0.000,0.000,0.000,0.000,0.000,0.000,0.006,0.000,0.000,0.006,0.006
36.9052,369,0,move,-1,36.9052,36.9158,0,0.000,0.000,0.176,-0.264,-42.627,30.674,-0.264,-0.088,0.176,0.000,0.000,-0.088,-0.088,0.176,0.000,0.000,0.439,0.176,0.000,0.000,0.000,0.000,-42.955,30.587,0.000,0.000,0.000,0.000,0.000,0.000,0.000,0.000,0.000,0.000,0.000,0.000,0.006,3.2,11.30,32.0,0.000,0.000,0.000,0.006,0.006,0.000,0.000,0.000,0.000,0.000,0.000,0.000,0.000,0.006,0.000,0.000,0.006,0.006
37.0052,370,0,move,-1,37.0052,37.0168,0,0.000,0.000,0.176,-0.264,-42.627,30.674,-0.264,-0.088,0.176,0.000,0.000,-0.088,-0.088,0.176,0.000,0.000,0.439,0.176,0.000,0.000,0.000,0.000,-42.955,30.587,0.000,0.000,0.000,0.000,0.000,0.000,0.000,0.000,0.000,0.000,0.000,0.000,0.006,3.2,11.30,32.0,0.000,0.000,0.000,0.006,0.006,0.000,0.000,0.000,0.000,0.000,0.000,0.000,0.000,0.006,0.000,0.000,0.006,0.000
37.1052,371,0,move,-1,37.1052,37.1190,0,0.000,0.000,0.176,-0.264,-42.627,30.674,-0.264,-0.088,0.176,0.000,0.000,-0.088,-0.088,0.176,0.000,0.000,0.439,0.176,0.000,0.000,0.000,0.000,-42.955,30.587,0.000,0.000,0.000,0.000,0.000,0.000,0.000,0.000,0.000,0.000,0.000,0.000,0.006,3.2,11.30,32.0,0.000,0.000,0.000,0.000,0.000,0.000,0.006,0.000,0.000,0.000,0.000,0.000,0.000,0.006,0.000,0.000,0.006,0.000
37.2091,372,0,move,-1,37.2091,37.2612,0,0.000,0.000,0.176,-0.264,-42.627,30.674,-0.264,-0.088,0.176,0.000,0.000,-0.088,-0.088,0.176,0.000,0.000,0.439,0.176,0.000,0.000,0.000,0.000,-42.955,30.587,0.000,0.000,0.000,0.000,0.000,0.000,0.000,0.000,0.000,0.000,0.000,0.000,0.006,3.6,11.30,32.0,0.000,0.000,0.000,0.006,0.006,0.000,0.006,0.000,0.000,0.000,0.000,0.000,0.000,0.006,0.000,0.000,0.006,0.006
37.3052,373,0,move,-1,37.3052,37.3150,0,0.000,0.000,0.176,-0.264,-42.627,30.674,-0.264,-0.088,0.176,0.000,0.000,-0.088,-0.088,0.176,0.000,0.000,0.439,0.176,0.000,0.000,0.000,0.000,-42.955,30.587,0.000,0.000,0.000,0.000,0.000,0.000,0.000,0.000,0.000,0.000,0.000,0.000,0.006,3.6,11.30,32.0,0.000,0.000,0.000,0.006,0.006,0.000,0.006,0.000,0.000,0.000,0.000,0.000,0.000,0.006,0.000,0.000,0.006,0.006
37.4052,374,0,move,-1,37.4052,37.4165,0,0.000,0.000,0.176,-0.264,-42.627,30.674,-0.264,-0.088,0.176,0.000,0.000,-0.088,-0.088,0.176,0.000,0.000,0.439,0.176,0.000,0.000,0.000,0.000,-42.955,30.587,0.000,0.000,0.000,0.000,0.000,0.000,0.000,0.000,0.000,0.000,0.000,0.000,0.013,4.8,11.30,32.0,0.000,0.000,0.000,0.006,0.006,0.000,0.000,0.000,0.000,0.000,0.000,0.000,0.000,0.006,0.000,0.000,0.013,0.000
37.5052,375,0,move,-1,37.5052,37.5182,0,0.000,0.000,0.176,-0.264,-42.627,30.674,-0.264,-0.088,0.176,0.000,0.000,-0.088,-0.088,0.176,0.000,0.000,0.439,0.176,0.000,0.000,0.000,0.000,-42.955,30.587,0.000,0.000,0.000,0.000,0.000,0.000,0.000,0.000,0.000,0.000,0.000,0.000,0.006,4.0,11.30,31.0,0.000,0.000,0.000,0.000,0.006,0.000,0.000,0.000,0.000,0.000,0.000,0.000,0.000,0.006,0.000,0.000,0.006,0.006
37.6077,376,0,move,-1,37.6077,37.6334,0,0.000,0.000,0.176,-0.264,-42.627,30.674,-0.264,-0.088,0.176,0.000,0.000,-0.088,-0.088,0.176,0.000,0.000,0.439,0.176,0.000,0.000,0.000,0.000,-42.955,30.587,0.000,0.000,0.000,0.000,0.000,0.000,0.000,0.000,0.000,0.000,0.000,0.000,0.013,4.8,11.20,31.0,0.000,0.000,0.000,0.000,0.000,0.000,0.000,0.000,0.006,0.000,0.000,0.000,0.000,0.006,0.000,0.000,0.013,0.000
37.7052,377,0,move,-1,37.7052,37.7166,0,0.000,0.000,0.176,-0.264,-42.627,30.674,-0.264,-0.088,0.176,0.000,0.000,-0.088,-0.088,0.176,0.000,0.000,0.439,0.176,0.000,0.000,0.000,0.000,-42.955,30.587,0.000,0.000,0.000,0.000,0.000,0.000,0.000,0.000,0.000,0.000,0.000,0.000,0.013,4.8,11.20,31.0,0.000,0.000,0.000,0.000,0.000,0.000,0.000,0.000,0.006,0.000,0.000,0.000,0.000,0.006,0.000,0.000,0.013,0.000
37.8050,378,0,move,-1,37.8050,37.8276,0,0.000,0.000,0.176,-0.264,-42.627,30.674,-0.264,-0.088,0.176,0.000,0.000,-0.088,-0.088,0.176,0.000,0.000,0.439,0.176,0.000,0.000,0.000,0.000,-42.955,30.587,0.000,0.000,0.000,0.000,0.000,0.000,0.000,0.000,0.000,0.000,0.000,0.000,0.006,4.0,11.20,31.0,0.000,0.000,0.000,0.000,0.006,0.000,0.000,0.000,0.006,0.000,0.000,0.000,0.000,0.006,0.000,0.000,0.006,0.006
37.9052,379,0,move,-1,37.9052,37.9151,0,0.000,0.000,0.176,-0.264,-42.627,30.674,-0.264,-0.088,0.176,0.000,0.000,-0.088,-0.088,0.176,0.000,0.000,0.439,0.176,0.000,0.000,0.000,0.000,-42.955,30.587,0.000,0.000,0.000,0.000,0.000,0.000,0.000,0.000,0.000,0.000,0.000,0.000,0.006,4.0,11.20,31.0,0.000,0.000,0.000,0.000,0.006,0.000,0.000,0.000,0.006,0.000,0.000,0.000,0.000,0.006,0.000,0.000,0.006,0.006
38.0052,380,0,move,-1,38.0052,38.0172,0,0.000,0.000,0.176,-0.264,-42.627,30.674,-0.264,-0.088,0.176,0.000,0.000,-0.088,-0.088,0.176,0.000,0.000,0.439,0.176,0.000,0.000,0.000,0.000,-43.059,30.640,0.000,0.000,0.000,0.000,0.000,0.000,0.000,0.000,0.000,0.000,0.000,0.000,0.013,4.8,11.30,31.0,0.000,0.000,0.000,0.006,0.006,0.006,0.000,0.000,0.000,0.000,0.000,0.000,0.000,0.006,0.000,0.000,0.013,0.000
38.1052,381,0,move,-1,38.1052,38.1177,0,0.000,0.000,0.176,-0.264,-42.627,30.674,-0.264,-0.088,0.176,0.000,0.000,-0.088,-0.088,0.176,0.000,0.000,0.439,0.176,0.000,0.000,0.000,0.000,-43.362,30.795,0.000,0.000,0.000,0.000,0.000,0.000,0.000,0.000,0.000,0.000,0.000,0.000,0.013,4.8,11.30,31.0,0.000,0.000,0.006,0.006,0.000,0.000,0.006,0.000,0.006,0.000,0.000,0.000,0.000,0.000,0.000,0.000,0.013,0.000
38.2052,382,0,move,-1,38.2052,38.2172,0,0.000,0.000,0.176,-0.264,-42.715,30.674,-0.264,-0.088,0.176,0.000,0.000,-0.088,-0.088,0.176,0.000,0.000,0.439,0.176,0.000,0.000,0.000,0.000,-43.833,31.033,0.000,0.000,0.000,0.000,0.000,0.000,0.000,0.000,0.000,0.000,0.000,0.000,0.013,4.8,11.30,31.0,0.000,0.000,0.006,0.006,0.000,0.000,0.006,0.000,0.006,0.000,0.000,0.000,0.000,0.000,0.000,0.000,0.013,0.000
38.3050,383,0,move,-1,38.3050,38.3110,0,0.000,0.000,0.176,-0.264,-42.891,30.850,-0.264,-0.088,0.176,0.000,0.000,-0.088,-0.088,0.176,0.000,0.000,0.439,0.176,0.000,0.000,0.000,0.000,-44.421,31.329,0.000,0.000,0.000,0.000,0.000,0.000,0.000,0.000,0.000,0.000,0.000,0.000,0.013,7.2,11.30,31.0,0.000,0.000,0.000,0.000,0.013,0.013,0.006,0.000,0.000,0.000,0.000,0.000,0.000,0.006,0.000,0.000,0.013,0.000
38.4052,384,0,move,-1,38.4052,38.4170,0,0.000,0.000,0.176,-0.264,-43.506,31.201,-0.264,-0.088,0.176,0.000,0.000,-0.088,-0.088,0.176,0.000,0.000,0.439,0.176,0.000,0.000,0.000,0.000,-45.069,31.653,0.000,0.000,0.000,0.000,0.000,0.000,0.000,0.000,0.000,0.000,0.000,0.000,0.013,10.4,11.30,31.0,0.000,0.000,0.006,0.000,0.013,0.013,0.006,0.000,0.000,0.000,0.000,0.000,0.000,0.006,0.000,0.000,0.006,0.000
38.5052,385,0,move,-1,38.5052,38.5191,0,0.000,0.000,0.176,-0.264,-44.121,31.553,-0.264,-0.088,0.176,0.000,0.000,-0.088,-0.088,0.176,0.000,0.000,0.439,0.176,0.000,0.000,0.000,0.000,-45.712,31.972,0.000,0.000,0.000,0.000,0.000,0.000,0.000,0.000,0.000,0.000,0.000,0.000,0.019,9.2,11.30,31.0,0.000,0.000,0.000,0.000,0.019,0.006,0.006,0.000,0.000,0.000,0.000,0.000,0.000,0.006,0.000,0.000,0.013,0.000
38.6053,386,0,move,-1,38.6053,38.6167,0,0.000,0.000,0.176,-0.264,-44.736,31.816,-0.264,-0.088,0.176,0.000,0.000,-0.088,-0.088,0.176,0.000,0.000,0.439,0.176,0.000,0.000,0.000,0.000,-46.288,32.255,0.000,0.000,0.000,0.000,0.000,0.000,0.000,0.000,0.000,0.000,0.000,0.000,0.019,9.2,11.30,31.0,0.000,0.000,0.000,0.000,0.019,0.006,0.006,0.000,0.000,0.000,0.000,0.000,0.000,0.006,0.000,0.000,0.013,0.000
38.7052,387,0,move,-1,38.7052,38.7173,0,0.000,0.000,0.176,-0.264,-45.352,32.080,-0.264,-0.088,0.176,0.000,0.000,-0.088,-0.088,0.176,0.000,0.000,0.439,0.176,0.000,0.000,0.000,0.000,-46.742,32.477,0.000,0.000,0.000,0.000,0.000,0.000,0.000,0.000,0.000,0.000,0.000,0.000,0.019,11.2,11.20,31.0,0.000,0.000,0.006,0.006,0.019,0.006,0.000,0.000,0.000,0.000,0.000,0.000,0.000,0.006,0.000,0.000,0.006,0.000
38.8050,388,0,move,-1,38.8050,38.8115,0,0.000,0.000,0.176,-0.264,-45.879,32.344,-0.264,-0.088,0.176,0.000,0.000,-0.088,-0.088,0.176,0.000,0.000,0.439,0.176,0.000,0.000,0.000,0.000,-47.033,32.619,0.000,0.000,0.000,0.000,0.000,0.000,0.000,0.000,0.000,0.000,0.000,0.000,0.019,11.2,11.20,31.0,0.000,0.000,0.006,0.006,0.019,0.006,0.000,0.000,0.000,0.000,0.000,0.000,0.000,0.006,0.000,0.000,0.006,0.000
38.9052,389,0,move,-1,38.9052,38.9194,0,0.000,0.000,0.176,-0.264,-46.230,32.520,-0.264,-0.088,0.176,0.000,0.000,-0.088,-0.088,0.176,0.000,0.000,0.439,0.176,0.000,0.000,0.000,0.000,-47.133,32.667,0.000,0.000,0.000,0.000,0.000,0.000,0.000,0.000,0.000,0.000,0.000,0.000,0.013,8.8,11.30,31.0,0.000,0.000,0.000,0.006,0.013,0.006,0.000,0.000,0.000,0.000,0.000,0.000,0.000,0.006,0.000,0.000,0.006,0.000
39.0052,390,0,move,-1,39.0052,39.0181,0,0.000,0.000,0.176,-0.264,-46.318,32.695,-0.264,-0.088,0.176,0.000,0.000,-0.088,-0.088,0.176,0.000,0.000,0.439,0.176,0.000,0.000,0.000,0.000,-47.133,32.667,0.000,0.000,0.000,0.000,0.000,0.000,0.000,0.000,0.000,0.000,0.000,0.000,0.013,8.8,11.30,31.0,0.000,0.000,0.000,0.006,0.013,0.006,0.000,0.000,0.000,0.000,0.000,0.000,0.000,0.006,0.000,0.000,0.006,0.000
39.1052,391,0,move,-1,39.1052,39.1155,0,0.000,0.000,0.176,-0.264,-46.318,32.607,-0.264,-0.088,0.176,0.000,0.000,-0.088,-0.088,0.176,0.000,0.000,0.439,0.176,0.000,0.000,0.000,0.000,-47.133,32.667,0.000,0.000,0.000,0.000,0.000,0.000,0.000,0.000,0.000,0.000,0.000,0.000,0.019,8.0,11.30,31.0,0.000,0.000,0.006,0.006,0.019,0.000,0.006,0.000,0.000,0.000,0.000,0.000,0.000,0.006,0.000,0.000,0.006,0.006
39.2052,392,0,move,-1,39.2052,39.2177,0,0.000,0.000,0.176,-0.264,-46.318,32.607,-0.264,-0.088,0.176,0.000,0.000,-0.088,-0.088,0.176,0.000,0.000,0.439,0.176,0.000,0.000,0.000,0.000,-47.133,32.667,0.000,0.000,0.000,0.000,0.000,0.000,0.000,0.000,0.000,0.000,0.000,0.000,0.019,8.0,11.30,31.0,0.000,0.000,0.000,0.006,0.019,0.000,0.006,0.000,0.000,0.000,0.000,0.000,0.000,0.006,0.000,0.000,0.013,0.006
39.3050,393,0,move,-1,39.3050,39.3113,0,0.000,0.000,0.176,-0.264,-46.318,32.607,-0.264,-0.088,0.176,0.000,0.000,-0.088,-0.088,0.176,0.000,0.000,0.439,0.176,0.000,0.000,0.000,0.000,-47.133,32.667,0.000,0.000,0.000,0.000,0.000,0.000,0.000,0.000,0.000,0.000,0.000,0.000,0.019,8.0,11.30,31.0,0.000,0.000,0.000,0.006,0.019,0.000,0.006,0.000,0.000,0.000,0.000,0.000,0.000,0.006,0.000,0.000,0.013,0.006
39.4052,394,0,move,-1,39.4052,39.4188,0,0.000,0.000,0.176,-0.264,-46.318,32.607,-0.264,-0.088,0.176,0.000,0.000,-0.088,-0.088,0.176,0.000,0.000,0.439,0.176,0.000,0.000,0.000,0.000,-47.133,32.667,0.000,0.000,0.000,0.000,0.000,0.000,0.000,0.000,0.000,0.000,0.000,0.000,0.013,8.0,11.20,31.0,0.000,0.000,0.000,0.000,0.013,0.000,0.000,0.000,0.000,0.000,0.000,0.000,0.000,0.006,0.000,0.000,0.006,0.006
39.5050,395,0,move,-1,39.5050,39.5162,0,0.000,0.000,0.176,-0.264,-46.318,32.607,-0.264,-0.088,0.176,0.000,0.000,-0.088,-0.088,0.176,0.000,0.000,0.439,0.176,0.000,0.000,0.000,0.000,-47.133,32.667,0.000,0.000,0.000,0.000,0.000,0.000,0.000,0.000,0.000,0.000,0.000,0.000,0.013,8.0,11.20,31.0,0.000,0.000,0.000,0.000,0.013,0.000,0.000,0.000,0.000,0.000,0.000,0.000,0.000,0.006,0.000,0.000,0.006,0.006
39.6052,396,0,move,-1,39.6052,39.6252,0,0.000,0.000,0.176,-0.264,-46.318,32.607,-0.264,-0.088,0.176,0.000,0.000,-0.088,-0.088,0.176,0.000,0.000,0.439,0.176,0.000,0.000,0.000,0.000,-47.133,32.667,0.000,0.000,0.000,0.000,0.000,0.000,0.000,0.000,0.000,0.000,0.000,0.000,0.019,8.0,11.30,31.0,0.000,0.000,0.000,0.006,0.019,0.000,0.006,0.000,0.006,0.000,0.000,0.000,0.000,0.006,0.000,0.000,0.006,0.000
39.7052,397,0,move,-1,39.7052,39.7150,0,0.000,0.000,0.176,-0.264,-46.406,32.607,-0.264,-0.088,0.176,0.000,0.000,-0.088,-0.088,0.176,0.000,0.000,0.439,0.176,0.000,0.000,0.000,0.000,-47.133,32.667,0.000,0.000,0.000,0.000,0.000,0.000,0.000,0.000,0.000,0.000,0.000,0.000,0.019,8.0,11.30,31.0,0.000,0.000,0.000,0.006,0.019,0.000,0.006,0.000,0.006,0.000,0.000,0.000,0.000,0.006,0.000,0.000,0.006,0.000
39.8052,398,0,move,-1,39.8052,39.8165,0,0.000,0.000,0.176,-0.264,-46.406,32.607,-0.264,-0.088,0.176,0.000,0.000,-0.088,-0.088,0.176,0.000,0.000,0.439,0.176,0.000,0.000,0.000,0.000,-47.133,32.667,0.000,0.000,0.000,0.000,0.000,0.000,0.000,0.000,0.000,0.000,0.000,0.000,0.013,7.2,11.30,31.0,0.000,0.000,0.000,0.000,0.013,0.000,0.006,0.000,0.000,0.000,0.000,0.000,0.000,0.006,0.000,0.006,0.006,0.006
39.9052,399,0,move,-1,39.9052,39.9428,0,0.000,0.000,0.176,-0.264,-46.406,32.607,-0.264,-0.088,0.176,0.000,0.000,-0.088,-0.088,0.176,0.000,0.000,0.439,0.176,0.000,0.000,0.000,0.000,-47.133,32.667,0.000,0.000,0.000,0.000,0.000,0.000,0.000,0.000,0.000,0.000,0.000,0.000,0.013,7.2,11.30,31.0,0.000,0.000,0.000,0.000,0.013,0.000,0.006,0.000,0.006,0.000,0.000,0.000,0.000,0.006,0.000,0.000,0.006,0.000
40.0052,400,0,move,-1,40.0052,40.0170,0,0.000,0.000,0.176,-0.264,-46.406,32.607,-0.264,-0.088,0.176,0.000,0.000,-0.088,-0.088,0.176,0.000,0.000,0.439,0.176,0.000,0.000,0.000,0.000,-47.133,32.667,0.000,0.000,0.000,0.000,0.000,0.000,0.000,0.000,0.000,0.000,0.000,0.000,0.013,7.2,11.30,31.0,0.000,0.000,0.000,0.000,0.013,0.000,0.006,0.000,0.006,0.000,0.000,0.000,0.000,0.006,0.000,0.000,0.006,0.000
40.1050,401,0,move,-1,40.1050,40.1149,0,0.000,0.000,0.176,-0.264,-46.406,32.607,-0.264,-0.088,0.176,0.000,0.000,-0.088,-0.088,0.176,0.000,0.000,0.439,0.176,0.000,0.000,0.000,0.000,-47.133,32.667,0.000,0.000,0.000,0.000,0.000,0.000,0.000,0.000,0.000,0.000,0.000,0.000,0.013,7.2,11.30,31.0,0.000,0.000,0.000,0.000,0.013,0.000,0.000,0.000,0.006,0.000,0.000,0.000,0.000,0.006,0.000,0.000,0.006,0.000
40.2052,402,0,move,-1,40.2052,40.2161,0,0.000,0.000,0.176,-0.264,-46.406,32.607,-0.264,-0.088,0.176,0.000,0.000,-0.088,-0.088,0.176,0.000,0.000,0.439,0.176,0.000,0.000,0.000,0.000,-47.133,32.667,0.000,0.000,0.000,0.000,0.000,0.000,0.000,0.000,0.000,0.000,0.000,0.000,0.019,7.2,11.30,31.0,0.000,0.000,0.000,0.006,0.019,0.000,0.006,0.000,0.000,0.000,0.000,0.000,0.000,0.006,0.000,0.000,0.006,0.000
40.3051,403,0,move,-1,40.3051,40.3151,0,0.000,0.000,0.176,-0.264,-46.406,32.607,-0.264,-0.088,0.176,0.000,0.000,-0.088,-0.088,0.176,0.000,0.000,0.439,0.176,0.000,0.000,0.000,0.000,-47.133,32.667,0.000,0.000,0.000,0.000,0.000,0.000,0.000,0.000,0.000,0.000,0.000,0.000,0.019,7.2,11.30,31.0,0.000,0.000,0.000,0.006,0.019,0.000,0.006,0.000,0.000,0.000,0.000,0.000,0.000,0.006,0.000,0.000,0.006,0.000
40.4052,404,0,move,-1,40.4052,40.4167,0,0.000,0.000,0.176,-0.264,-46.406,32.607,-0.264,-0.088,0.176,0.000,0.000,-0.088,-0.088,0.176,0.000,0.000,0.439,0.176,0.000,0.000,0.000,0.000,-47.133,32.667,0.000,0.000,0.000,0.000,0.000,0.000,0.000,0.000,0.000,0.000,0.000,0.000,0.013,7.2,11.30,31.0,0.000,0.000,0.000,0.000,0.013,0.000,0.000,0.000,0.000,0.000,0.000,0.000,0.000,0.006,0.000,0.000,0.006,0.000
40.5052,405,0,move,-1,40.5052,40.5165,0,0.000,0.000,0.176,-0.264,-46.406,32.607,-0.264,-0.088,0.176,0.000,0.000,-0.088,-0.088,0.176,0.000,0.000,0.439,0.176,0.000,0.000,0.000,0.000,-47.133,32.667,0.000,0.000,0.000,0.000,0.000,0.000,0.000,0.000,0.000,0.000,0.000,0.000,0.013,7.2,11.30,31.0,0.000,0.000,0.000,0.000,0.013,0.000,0.000,0.000,0.000,0.000,0.000,0.000,0.000,0.006,0.000,0.000,0.006,0.000
40.6052,406,0,move,-1,40.6052,40.6166,0,0.000,0.000,0.176,-0.264,-46.406,32.607,-0.264,-0.088,0.176,0.000,0.000,-0.088,-0.088,0.176,0.000,0.000,0.439,0.176,0.000,0.000,0.000,0.000,-47.133,32.667,0.000,0.000,0.000,0.000,0.000,0.000,0.000,0.000,0.000,0.000,0.000,0.000,0.013,7.2,11.30,31.0,0.000,0.000,0.000,0.000,0.013,0.000,0.006,0.000,0.000,0.000,0.000,0.000,0.000,0.006,0.000,0.000,0.006,0.006
40.7052,407,0,move,-1,40.7052,40.7170,0,0.000,0.000,0.176,-0.264,-46.406,32.607,-0.264,-0.088,0.176,0.000,0.000,-0.088,-0.088,0.176,0.000,0.000,0.439,0.176,0.000,0.000,0.000,0.000,-47.133,32.667,0.000,0.000,0.000,0.000,0.000,0.000,0.000,0.000,0.000,0.000,0.000,0.000,0.013,7.2,11.30,31.0,0.000,0.000,0.000,0.000,0.013,0.000,0.006,0.000,0.006,0.000,0.000,0.000,0.000,0.006,0.000,0.000,0.006,0.006
40.8052,408,0,move,-1,40.8052,40.8149,0,0.000,0.000,0.176,-0.264,-46.406,32.607,-0.264,-0.088,0.176,0.000,0.000,-0.088,-0.088,0.176,0.000,0.000,0.439,0.176,0.000,0.000,0.000,0.000,-47.133,32.667,0.000,0.000,0.000,0.000,0.000,0.000,0.000,0.000,0.000,0.000,0.000,0.000,0.013,7.2,11.30,31.0,0.000,0.000,0.000,0.000,0.013,0.000,0.006,0.000,0.006,0.000,0.000,0.000,0.000,0.006,0.000,0.000,0.006,0.006
40.9052,409,0,move,-1,40.9052,40.9199,0,0.000,0.000,0.176,-0.264,-46.406,32.607,-0.264,-0.088,0.176,0.000,0.000,-0.088,-0.088,0.176,0.000,0.000,0.439,0.176,0.000,0.000,0.000,0.000,-47.133,32.667,0.000,0.000,0.000,0.000,0.000,0.000,0.000,0.000,0.000,0.000,0.000,0.000,0.013,7.2,11.30,31.0,0.000,0.000,0.000,0.006,0.013,0.000,0.006,0.000,0.000,0.000,0.000,0.000,0.000,0.006,0.000,0.000,0.006,0.000
41.0050,410,0,move,-1,41.0050,41.0158,0,0.000,0.000,0.176,-0.264,-46.406,32.607,-0.264,-0.088,0.176,0.000,0.000,-0.088,-0.088,0.176,0.000,0.000,0.439,0.176,0.000,0.000,0.000,0.000,-47.133,32.667,0.000,0.000,0.000,0.000,0.000,0.000,0.000,0.000,0.000,0.000,0.000,0.000,0.013,7.2,11.30,31.0,0.000,0.000,0.000,0.006,0.013,0.000,0.006,0.000,0.000,0.000,0.000,0.000,0.000,0.006,0.000,0.000,0.006,0.000
41.1052,411,0,move,-1,41.1052,41.1169,0,0.000,0.000,0.176,-0.264,-46.406,32.607,-0.264,-0.088,0.176,0.000,0.000,-0.088,-0.088,0.176,0.000,0.000,0.439,0.176,0.000,0.000,0.000,0.000,-47.133,32.667,0.000,0.000,0.000,0.000,0.000,0.000,0.000,0.000,0.000,0.000,0.000,0.000,0.013,7.2,11.30,31.0,0.000,0.000,0.000,0.006,0.013,0.000,0.000,0.000,0.000,0.000,0.000,0.000,0.000,0.000,0.000,0.000,0.006,0.000
41.2052,412,0,move,-1,41.2052,41.2176,0,0.000,0.000,0.176,-0.264,-46.406,32.607,-0.264,-0.088,0.176,0.000,0.000,-0.088,-0.088,0.176,0.000,0.000,0.439,0.176,0.000,0.000,0.000,0.000,-47.133,32.667,0.000,0.000,0.000,0.000,0.000,0.000,0.000,0.000,0.000,0.000,0.000,0.000,0.013,7.2,11.30,31.0,0.000,0.000,0.006,0.006,0.013,0.000,0.006,0.000,0.000,0.000,0.000,0.000,0.000,0.006,0.000,0.000,0.013,0.006
41.3052,413,0,move,-1,41.3052,41.3152,0,0.000,0.000,0.176,-0.264,-46.406,32.607,-0.264,-0.088,0.176,0.000,0.000,-0.088,-0.088,0.176,0.000,0.000,0.439,0.176,0.000,0.000,0.000,0.000,-47.133,32.667,0.000,0.000,0.000,0.000,0.000,0.000,0.000,0.000,0.000,0.000,0.000,0.000,0.013,7.2,11.30,31.0,0.000,0.000,0.006,0.006,0.013,0.000,0.006,0.000,0.000,0.000,0.000,0.000,0.000,0.006,0.000,0.000,0.013,0.006
41.4051,414,0,move,-1,41.4051,41.4180,0,0.000,0.000,0.176,-0.264,-46.406,32.607,-0.264,-0.088,0.176,0.000,0.000,-0.088,-0.088,0.176,0.000,0.000,0.439,0.176,0.000,0.000,0.000,0.000,-47.133,32.667,0.000,0.000,0.000,0.000,0.000,0.000,0.000,0.000,0.000,0.000,0.000,0.000,0.013,7.2,11.30,31.0,0.000,0.000,0.006,0.006,0.013,0.000,0.006,0.000,0.006,0.000,0.000,0.000,0.000,0.006,0.000,0.000,0.006,0.006
41.5185,415,0,move,-1,41.5185,41.5291,0,0.000,0.000,0.176,-0.264,-46.406,32.607,-0.264,-0.088,0.176,0.000,0.000,-0.088,-0.088,0.176,0.000,0.000,0.439,0.176,0.000,0.000,0.000,0.000,-47.133,32.667,0.000,0.000,0.000,0.000,0.000,0.000,0.000,0.000,0.000,0.000,0.000,0.000,0.013,7.2,11.30,31.0,0.000,0.000,0.000,0.006,0.013,0.000,0.006,0.000,0.000,0.000,0.000,0.000,0.000,0.006,0.000,0.000,0.006,0.006
41.6052,416,0,move,-1,41.6052,41.6196,0,0.000,0.000,0.176,-0.264,-46.406,32.607,-0.264,-0.088,0.176,0.000,0.000,-0.088,-0.088,0.176,0.000,0.000,0.439,0.176,0.000,0.000,0.000,0.000,-47.133,32.667,0.000,0.000,0.000,0.000,0.000,0.000,0.000,0.000,0.000,0.000,0.000,0.000,0.013,7.2,11.30,31.0,0.000,0.000,0.000,0.006,0.013,0.000,0.006,0.000,0.000,0.000,0.000,0.000,0.000,0.006,0.000,0.000,0.006,0.006
41.7050,417,0,move,-1,41.7050,41.7112,0,0.000,0.000,0.176,-0.264,-46.406,32.607,-0.264,-0.088,0.176,0.000,0.000,-0.088,-0.088,0.176,0.000,0.000,0.439,0.176,0.000,0.000,0.000,0.000,-47.133,32.667,0.000,0.000,0.000,0.000,0.000,0.000,0.000,0.000,0.000,0.000,0.000,0.000,0.006,2.4,11.30,32.0,0.000,0.000,0.000,0.006,0.000,0.000,0.006,0.000,0.000,0.000,0.000,0.000,0.000,0.006,0.000,0.000,0.006,0.006
41.8052,418,0,move,-1,41.8052,41.8161,0,0.000,0.000,0.176,-0.264,-46.406,32.607,-0.264,-0.088,0.176,0.000,0.000,-0.088,-0.088,0.176,0.000,0.000,0.439,0.176,0.000,0.000,0.000,0.000,-47.133,32.667,0.000,0.000,0.000,0.000,0.000,0.000,0.000,0.000,0.000,0.000,0.000,0.000,0.013,7.2,11.30,32.0,0.000,0.000,0.000,0.000,0.013,0.000,0.000,0.000,0.006,0.000,0.000,0.000,0.000,0.006,0.000,0.000,0.013,0.000
41.9052,419,0,move,-1,41.9052,41.9178,0,0.000,0.000,0.176,-0.264,-46.406,32.607,-0.264,-0.088,0.176,0.000,0.000,-0.088,-0.088,0.176,0.000,0.000,0.439,0.176,0.000,0.000,0.000,0.000,-47.133,32.667,0.000,0.000,0.000,0.000,0.000,0.000,0.000,0.000,0.000,0.000,0.000,0.000,0.013,7.2,11.30,31.0,0.000,0.000,0.000,0.000,0.013,0.000,0.006,0.000,0.000,0.000,0.000,0.000,0.000,0.006,0.000,0.000,0.013,0.006
42.0052,420,0,move,-1,42.0052,42.0161,0,0.000,0.000,0.176,-0.264,-46.406,32.607,-0.264,-0.088,0.176,0.000,0.000,-0.088,-0.088,0.176,0.000,0.000,0.439,0.176,0.000,0.000,0.000,0.000,-47.233,32.716,0.000,0.000,0.000,0.000,0.000,0.000,0.000,0.000,0.000,0.000,0.000,0.000,0.013,7.2,11.30,31.0,0.000,0.000,0.000,0.000,0.013,0.000,0.006,0.000,0.000,0.000,0.000,0.000,0.000,0.006,0.000,0.000,0.013,0.006
42.1053,421,0,move,-1,42.1053,42.1171,0,0.000,0.000,0.176,-0.264,-46.406,32.607,-0.264,-0.088,0.176,0.000,0.000,-0.088,-0.088,0.176,0.000,0.000,0.439,0.176,0.000,0.000,0.000,0.000,-47.522,32.856,0.000,0.000,0.000,0.000,0.000,0.000,0.000,0.000,0.000,0.000,0.000,0.000,0.013,8.0,11.30,31.0,0.000,0.000,0.006,0.006,0.013,0.000,0.006,0.000,0.000,0.000,0.000,0.000,0.000,0.006,0.000,0.000,0.006,0.000
42.2052,422,0,move,-1,42.2052,42.2168,0,0.000,0.000,0.176,-0.264,-46.758,32.695,-0.264,-0.088,0.176,0.000,0.000,-0.088,-0.088,0.176,0.000,0.000,0.439,0.176,0.000,0.000,0.000,0.000,-47.971,33.071,0.000,0.000,0.000,0.000,0.000,0.000,0.000,0.000,0.000,0.000,0.000,0.000,0.013,8.0,11.30,31.0,0.000,0.000,0.006,0.006,0.013,0.000,0.006,0.000,0.000,0.000,0.000,0.000,0.000,0.006,0.000,0.000,0.006,0.000
42.3052,423,0,move,-1,42.3052,42.3170,0,0.000,0.000,0.176,-0.264,-47.021,32.959,-0.264,-0.088,0.176,0.000,0.000,-0.088,-0.088,0.176,0.000,0.000,0.439,0.176,0.000,0.000,0.000,0.000,-48.535,33.340,0.000,0.000,0.000,0.000,0.000,0.000,0.000,0.000,0.000,0.000,0.000,0.000,0.026,9.6,11.30,31.0,0.000,0.000,0.000,0.006,0.026,0.006,0.006,0.000,0.000,0.000,0.000,0.000,0.000,0.013,0.000,0.000,0.006,0.000
42.4057,424,0,move,-1,42.4057,42.4388,0,0.000,0.000,0.176,-0.264,-47.725,33.135,-0.264,-0.088,0.176,0.000,0.000,-0.088,-0.088,0.176,0.000,0.000,0.439,0.176,0.000,0.000,0.000,0.000,-49.154,33.634,0.000,0.000,0.000,0.000,0.000,0.000,0.000,0.000,0.000,0.000,0.000,0.000,0.013,8.4,11.30,31.0,0.000,0.000,0.000,0.006,0.013,0.000,0.006,0.000,0.000,0.000,0.000,0.000,0.000,0.006,0.000,0.000,0.006,0.000
42.5050,425,0,move,-1,42.5050,42.5151,0,0.000,0.000,0.176,-0.264,-48.164,33.574,-0.264,-0.088,0.176,0.000,0.000,-0.088,-0.088,0.176,0.000,0.000,0.439,0.176,0.000,0.000,0.000,0.000,-49.772,33.924,0.000,0.000,0.000,0.000,0.000,0.000,0.000,0.000,0.000,0.000,0.000,0.000,0.013,8.4,11.30,31.0,0.000,0.000,0.000,0.006,0.013,0.000,0.006,0.000,0.000,0.000,0.000,0.000,0.000,0.006,0.000,0.000,0.006,0.000
42.6052,426,0,move,-1,42.6052,42.6164,0,0.000,0.000,0.176,-0.264,-48.691,33.838,-0.264,-0.088,0.176,0.000,0.000,-0.088,-0.088,0.176,0.000,0.000,0.439,0.176,0.000,0.000,0.000,0.000,-50.327,34.182,0.000,0.000,0.000,0.000,0.000,0.000,0.000,0.000,0.000,0.000,0.000,0.000,0.013,9.2,11.30,32.0,0.000,0.000,0.000,0.006,0.013,0.006,0.006,0.000,0.000,0.000,0.000,0.000,0.000,0.000,0.000,0.000,0.006,0.006
42.7052,427,0,move,-1,42.7052,42.7173,0,0.000,0.000,0.176,-0.264,-49.395,34.189,-0.264,-0.088,0.176,0.000,0.000,-0.088,-0.088,0.176,0.000,0.000,0.439,0.176,0.000,0.000,0.000,0.000,-50.765,34.384,0.000,0.000,0.000,0.000,0.000,0.000,0.000,0.000,0.000,0.000,0.000,0.000,0.026,10.8,11.30,31.0,0.000,0.000,0.000,0.006,0.026,0.000,0.000,0.000,0.000,0.000,0.000,0.000,0.000,0.006,0.000,0.000,0.013,0.000
42.8106,428,0,move,-1,42.8106,42.8223,0,0.000,0.000,0.176,-0.264,-49.922,34.365,-0.264,-0.088,0.176,0.000,0.000,-0.088,-0.088,0.176,0.000,0.000,0.439,0.176,0.000,0.000,0.000,0.000,-51.045,34.512,0.000,0.000,0.000,0.000,0.000,0.000,0.000,0.000,0.000,0.000,0.000,0.000,0.026,9.2,11.20,31.0,0.000,0.000,0.000,0.006,0.026,0.000,0.006,0.000,0.006,0.000,0.000,0.000,0.000,0.006,0.000,0.000,0.013,0.006
42.9052,429,0,move,-1,42.9052,42.9178,0,0.000,0.000,0.176,-0.264,-50.098,34.365,-0.264,-0.088,0.176,0.000,0.000,-0.088,-0.088,0.176,0.000,0.000,0.439,0.176,0.000,0.000,0.000,0.000,-51.141,34.556,0.000,0.000,0.000,0.000,0.000,0.000,0.000,0.000,0.000,0.000,0.000,0.000,0.026,9.2,11.20,31.0,0.000,0.000,0.000,0.006,0.026,0.000,0.006,0.000,0.006,0.000,0.000,0.000,0.000,0.006,0.000,0.000,0.013,0.006
43.0052,430,0,move,-1,43.0052,43.0156,0,0.000,0.000,0.176,-0.264,-50.449,34.365,-0.264,-0.088,0.176,0.000,0.000,-0.088,-0.088,0.176,0.000,0.000,0.439,0.176,0.000,0.000,0.000,0.000,-51.141,34.556,0.000,0.000,0.000,0.000,0.000,0.000,0.000,0.000,0.000,0.000,0.000,0.000,0.026,10.8,11.30,31.0,0.000,0.000,0.000,0.000,0.026,0.006,0.000,0.000,0.000,0.000,0.000,0.000,0.000,0.006,0.000,0.000,0.006,0.006
43.1052,431,0,move,-1,43.1052,43.1180,0,0.000,0.000,0.176,-0.264,-50.449,34.365,-0.264,-0.088,0.176,0.000,0.000,-0.088,-0.088,0.176,0.000,0.000,0.439,0.176,0.000,0.000,0.000,0.000,-51.141,34.556,0.000,0.000,0.000,0.000,0.000,0.000,0.000,0.000,0.000,0.000,0.000,0.000,0.013,7.2,11.30,31.0,0.000,0.000,0.000,0.000,0.013,0.006,0.000,0.000,0.006,0.000,0.000,0.000,0.000,0.006,0.000,0.000,0.006,0.000
43.2052,432,0,move,-1,43.2052,43.2162,0,0.000,0.000,0.176,-0.264,-50.449,34.365,-0.264,-0.088,0.176,0.000,0.000,-0.088,-0.088,0.176,0.000,0.000,0.439,0.176,0.000,0.000,0.000,0.000,-51.141,34.556,0.000,0.000,0.000,0.000,0.000,0.000,0.000,0.000,0.000,0.000,0.000,0.000,0.013,7.2,11.30,31.0,0.000,0.000,0.000,0.000,0.013,0.006,0.000,0.000,0.006,0.000,0.000,0.000,0.000,0.006,0.000,0.000,0.006,0.000
43.3052,433,0,move,-1,43.3052,43.3181,0,0.000,0.000,0.176,-0.264,-50.449,34.365,-0.264,-0.088,0.176,0.000,0.000,-0.088,-0.088,0.176,0.000,0.000,0.439,0.176,0.000,0.000,0.000,0.000,-51.141,34.556,0.000,0.000,0.000,0.000,0.000,0.000,0.000,0.000,0.000,0.000,0.000,0.000,0.013,7.2,11.30,31.0,0.000,0.000,0.006,0.000,0.013,0.006,0.006,0.000,0.006,0.000,0.000,0.000,0.000,0.006,0.000,0.000,0.006,0.000
43.4052,434,0,move,-1,43.4052,43.4169,0,0.000,0.000,0.176,-0.264,-50.449,34.365,-0.264,-0.088,0.176,0.000,0.000,-0.088,-0.088,0.176,0.000,0.000,0.439,0.176,0.000,0.000,0.000,0.000,-51.141,34.556,0.000,0.000,0.000,0.000,0.000,0.000,0.000,0.000,0.000,0.000,0.000,0.000,0.013,7.2,11.30,31.0,0.000,0.000,0.006,0.000,0.013,0.006,0.006,0.000,0.006,0.000,0.000,0.000,0.000,0.006,0.000,0.000,0.006,0.000
43.5050,435,0,move,-1,43.5050,43.5175,0,0.000,0.000,0.176,-0.264,-50.449,34.365,-0.264,-0.088,0.176,0.000,0.000,-0.088,-0.088,0.176,0.000,0.000,0.439,0.176,0.000,0.000,0.000,0.000,-51.141,34.556,0.000,0.000,0.000,0.000,0.000,0.000,0.000,0.000,0.000,0.000,0.000,0.000,0.019,7.2,11.30,32.0,0.000,0.000,0.000,0.000,0.019,0.006,0.000,0.000,0.006,0.000,0.000,0.000,0.000,0.006,0.000,0.000,0.006,0.006
43.6052,436,0,move,-1,43.6052,43.6166,0,0.000,0.000,0.176,-0.264,-50.449,34.365,-0.264,-0.088,0.176,0.000,0.000,-0.088,-0.088,0.176,0.000,0.000,0.439,0.176,0.000,0.000,0.000,0.000,-51.141,34.556,0.000,0.000,0.000,0.000,0.000,0.000,0.000,0.000,0.000,0.000,0.000,0.000,0.019,7.2,11.30,32.0,0.000,0.000,0.000,0.000,0.019,0.006,0.000,0.000,0.006,0.000,0.000,0.000,0.000,0.006,0.000,0.000,0.006,0.006
43.7052,437,0,move,-1,43.7052,43.7113,0,0.000,0.000,0.176,-0.264,-50.449,34.365,-0.264,-0.088,0.176,0.000,0.000,-0.088,-0.088,0.176,0.000,0.000,0.439,0.176,0.000,0.000,0.000,0.000,-51.141,34.556,0.000,0.000,0.000,0.000,0.000,0.000,0.000,0.000,0.000,0.000,0.000,0.000,0.013,7.2,11.20,31.0,0.000,0.000,0.000,0.006,0.013,0.006,0.006,0.000,0.000,0.000,0.000,0.000,0.000,0.006,0.000,0.000,0.013,0.000
43.8052,438,0,move,-1,43.8052,43.8165,0,0.000,0.000,0.176,-0.264,-50.449,34.365,-0.264,-0.088,0.176,0.000,0.000,-0.088,-0.088,0.176,0.000,0.000,0.439,0.176,0.000,0.000,0.000,0.000,-51.141,34.556,0.000,0.000,0.000,0.000,0.000,0.000,0.000,0.000,0.000,0.000,0.000,0.000,0.019,7.2,11.30,31.0,0.000,0.000,0.000,0.006,0.019,0.006,0.000,0.000,0.000,0.000,0.000,0.000,0.000,0.006,0.000,0.000,0.006,0.000
43.9051,439,0,move,-1,43.9051,43.9158,0,0.000,0.000,0.176,-0.264,-50.449,34.365,-0.264,-0.088,0.176,0.000,0.000,-0.088,-0.088,0.176,0.000,0.000,0.439,0.176,0.000,0.000,0.000,0.000,-51.141,34.556,0.000,0.000,0.000,0.000,0.000,0.000,0.000,0.000,0.000,0.000,0.000,0.000,0.019,7.2,11.30,31.0,0.000,0.000,0.000,0.006,0.019,0.006,0.000,0.000,0.000,0.000,0.000,0.000,0.000,0.006,0.000,0.000,0.006,0.000
44.0104,440,0,move,-1,44.0104,44.0496,0,0.000,0.000,0.176,-0.264,-50.449,34.365,-0.264,-0.088,0.176,0.000,0.000,-0.088,-0.088,0.176,0.000,0.000,0.439,0.176,0.000,0.000,0.000,0.000,-51.141,34.556,0.000,0.000,0.000,0.000,0.000,0.000,0.000,0.000,0.000,0.000,0.000,0.000,0.013,7.2,11.30,31.0,0.000,0.000,0.000,0.006,0.013,0.006,0.006,0.000,0.000,0.000,0.000,0.000,0.000,0.000,0.000,0.000,0.013,0.000
44.1052,441,0,move,-1,44.1052,44.1206,0,0.000,0.000,0.176,-0.264,-50.449,34.365,-0.264,-0.088,0.176,0.000,0.000,-0.088,-0.088,0.176,0.000,0.000,0.439,0.176,0.000,0.000,0.000,0.000,-51.141,34.556,0.000,0.000,0.000,0.000,0.000,0.000,0.000,0.000,0.000,0.000,0.000,0.000,0.013,7.2,11.30,31.0,0.000,0.000,0.000,0.006,0.013,0.006,0.006,0.000,0.000,0.000,0.000,0.000,0.000,0.000,0.000,0.000,0.013,0.000
44.2050,442,0,move,-1,44.2050,44.2159,0,0.000,0.000,0.176,-0.264,-50.449,34.365,-0.264,-0.088,0.176,0.000,0.000,-0.088,-0.088,0.176,0.000,0.000,0.439,0.176,0.000,0.000,0.000,0.000,-51.141,34.556,0.000,0.000,0.000,0.000,0.000,0.000,0.000,0.000,0.000,0.000,0.000,0.000,0.013,7.2,11.30,31.0,,0.000,0.006,0.006,0.013,0.006,0.000,0.000,0.000,0.000,0.000,0.000,0.000,0.006,0.000,0.000,0.006,0.006
44.3052,443,0,move,-1,44.3052,44.3165,0,0.000,0.000,0.176,-0.264,-50.449,34.365,-0.264,-0.088,0.176,0.000,0.000,-0.088,-0.088,0.176,0.000,0.000,0.439,0.176,0.000,0.000,0.000,0.000,-51.141,34.556,0.000,0.000,0.000,0.000,0.000,0.000,0.000,0.000,0.000,0.000,0.000,0.000,0.013,7.2,11.30,31.0,0.000,0.000,0.000,0.006,0.013,0.006,0.000,0.000,0.000,0.006,0.000,0.000,0.000,0.006,0.000,0.000,0.006,0.000
44.4052,444,0,move,-1,44.4052,44.4152,0,0.000,0.000,0.176,-0.264,-50.449,34.365,-0.264,-0.088,0.176,0.000,0.000,-0.088,-0.088,0.176,0.000,0.000,0.439,0.176,0.000,0.000,0.000,0.000,-51.141,34.556,0.000,0.000,0.000,0.000,0.000,0.000,0.000,0.000,0.000,0.000,0.000,0.000,0.013,7.2,11.30,31.0,0.000,0.000,0.000,0.006,0.013,0.006,0.000,0.000,0.000,0.006,0.000,0.000,0.000,0.006,0.000,0.000,0.006,0.000
44.5050,445,0,move,-1,44.5050,44.5159,0,0.000,0.000,0.176,-0.264,-50.449,34.365,-0.264,-0.088,0.176,0.000,0.000,-0.088,-0.088,0.176,0.000,0.000,0.439,0.176,0.000,0.000,0.000,0.000,-51.141,34.556,0.000,0.000,0.000,0.000,0.000,0.000,0.000,0.000,0.000,0.000,0.000,0.000,0.013,7.2,11.30,31.0,0.000,0.000,0.000,0.006,0.013,0.006,0.006,0.000,0.000,0.000,0.000,0.000,0.000,0.006,0.000,0.000,0.006,0.006
44.6051,446,0,move,-1,44.6051,44.6158,0,0.000,0.000,0.176,-0.264,-50.449,34.365,-0.264,-0.088,0.176,0.000,0.000,-0.088,-0.088,0.176,0.000,0.000,0.439,0.176,0.000,0.000,0.000,0.000,-51.141,34.556,0.000,0.000,0.000,0.000,0.000,0.000,0.000,0.000,0.000,0.000,0.000,0.000,0.013,7.2,11.30,31.0,0.000,0.000,0.000,0.006,0.013,0.006,0.006,0.000,0.000,0.000,0.000,0.000,0.000,0.006,0.000,0.000,0.006,0.006
44.7052,447,0,move,-1,44.7052,44.7164,0,0.000,0.000,0.176,-0.264,-50.449,34.365,-0.264,-0.088,0.176,0.000,0.000,-0.088,-0.088,0.176,0.000,0.000,0.439,0.176,0.000,0.000,0.000,0.000,-51.141,34.556,0.000,0.000,0.000,0.000,0.000,0.000,0.000,0.000,0.000,0.000,0.000,0.000,0.019,7.2,11.30,31.0,0.000,0.000,0.000,0.000,0.019,0.006,0.000,0.000,0.000,0.000,0.000,0.006,0.000,0.006,0.000,0.000,0.006,0.006
44.8050,448,0,move,-1,44.8050,44.8155,0,0.000,0.000,0.176,-0.264,-50.449,34.365,-0.264,-0.088,0.176,0.000,0.000,-0.088,-0.088,0.176,0.000,0.000,0.439,0.176,0.000,0.000,0.000,0.000,-51.141,34.556,0.000,0.000,0.000,0.000,0.000,0.000,0.000,0.000,0.000,0.000,0.000,0.000,0.019,7.2,11.30,31.0,0.000,0.000,0.000,0.000,0.019,0.006,0.000,0.000,0.000,0.000,0.000,0.006,0.000,0.006,0.000,0.000,0.006,0.006
44.9052,449,0,move,-1,44.9052,44.9169,0,0.000,0.000,0.176,-0.264,-50.449,34.365,-0.264,-0.088,0.176,0.000,0.000,-0.088,-0.088,0.176,0.000,0.000,0.439,0.176,0.000,0.000,0.000,0.000,-51.141,34.556,0.000,0.000,0.000,0.000,0.000,0.000,0.000,0.000,0.000,0.000,0.000,0.000,0.013,7.2,11.20,31.0,0.000,0.000,0.000,0.000,0.013,0.006,0.006,0.000,0.006,0.000,0.000,0.000,0.000,0.006,0.000,0.000,0.006,0.006
45.0052,450,0,move,-1,45.0052,45.0159,0,0.000,0.000,0.176,-0.264,-50.449,34.365,-0.264,-0.088,0.176,0.000,0.000,-0.088,-0.088,0.176,0.000,0.000,0.439,0.176,0.000,0.000,0.000,0.000,-51.141,34.556,0.000,0.000,0.000,0.000,0.000,0.000,0.000,0.000,0.000,0.000,0.000,0.000,0.013,7.2,11.20,31.0,0.000,0.000,0.000,0.000,0.013,0.006,0.006,0.000,0.006,0.000,0.000,0.000,0.000,0.006,0.000,0.000,0.006,0.006
45.1051,451,0,move,-1,45.1051,45.1169,0,0.000,0.000,0.176,-0.264,-50.537,34.365,-0.264,-0.088,0.176,0.000,0.000,-0.088,-0.088,0.176,0.000,0.000,0.439,0.176,0.000,0.000,0.000,0.000,-51.141,34.556,0.000,0.000,0.000,0.000,0.000,0.000,0.000,0.000,0.000,0.000,0.000,0.000,0.013,6.4,11.30,31.0,0.000,0.000,0.000,0.006,0.013,0.006,0.006,0.000,0.006,0.000,0.000,0.000,0.000,0.000,0.000,0.000,0.006,0.000
45.2050,452,0,move,-1,45.2050,45.2194,0,0.000,0.000,0.176,-0.264,-50.537,34.365,-0.264,-0.088,0.176,0.000,0.000,-0.088,-0.088,0.176,0.000,0.000,0.439,0.176,0.000,0.000,0.000,0.000,-51.141,34.556,0.000,0.000,0.000,0.000,0.000,0.000,0.000,0.000,0.000,0.000,0.000,0.000,0.013,6.4,11.30,31.0,0.000,0.000,0.006,0.000,0.013,0.006,0.000,0.000,0.000,0.000,0.000,0.000,0.000,0.006,0.000,0.000,0.006,0.000
45.3051,453,0,move,-1,45.3051,45.3175,0,0.000,0.000,0.176,-0.264,-50.537,34.453,-0.264,-0.088,0.176,0.000,0.000,-0.088,-0.088,0.176,0.000,0.000,0.439,0.176,0.000,0.000,0.000,0.000,-51.141,34.556,0.000,0.000,0.000,0.000,0.000,0.000,0.000,0.000,0.000,0.000,0.000,0.000,0.013,6.4,11.30,31.0,0.000,0.000,0.006,0.000,0.013,0.006,0.000,0.000,0.000,0.000,0.000,0.000,0.000,0.006,0.000,0.000,0.006,0.000
45.4052,454,0,move,-1,45.4052,45.4190,0,0.000,0.000,0.176,-0.264,-50.537,34.453,-0.264,-0.088,0.176,0.000,0.000,-0.088,-0.088,0.176,0.000,0.000,0.439,0.176,0.000,0.000,0.000,0.000,-51.141,34.556,0.000,0.000,0.000,0.000,0.000,0.000,0.000,0.000,0.000,0.000,0.000,0.000,0.013,6.4,11.30,31.0,0.000,0.000,0.000,0.000,0.013,0.000,0.006,0.000,0.006,0.000,0.000,0.000,0.000,0.006,0.000,0.000,0.013,0.006
45.5052,455,0,move,-1,45.5052,45.5178,0,0.000,0.000,0.176,-0.264,-50.537,34.453,-0.264,-0.088,0.176,0.000,0.000,-0.088,-0.088,0.176,0.000,0.000,0.439,0.176,0.000,0.000,0.000,0.000,-51.141,34.556,0.000,0.000,0.000,0.000,0.000,0.000,0.000,0.000,0.000,0.000,0.000,0.000,0.013,6.4,11.30,31.0,0.000,0.000,0.000,0.000,0.013,0.000,0.006,0.000,0.006,0.000,0.000,0.000,0.000,0.006,0.000,0.000,0.013,0.006
45.6052,456,0,move,-1,45.6052,45.6161,0,0.000,0.000,0.176,-0.264,-50.537,34.453,-0.264,-0.088,0.176,0.000,0.000,-0.088,-0.088,0.176,0.000,0.000,0.439,0.176,0.000,0.000,0.000,0.000,-51.141,34.556,0.000,0.000,0.000,0.000,0.000,0.000,0.000,0.000,0.000,0.000,0.000,0.000,0.013,6.4,11.30,31.0,0.000,0.000,0.006,0.006,0.013,0.000,0.000,0.000,0.000,0.000,0.000,0.000,0.000,0.006,0.000,0.000,0.006,0.000
45.7050,457,0,move,-1,45.7050,45.7248,0,0.000,0.000,0.176,-0.264,-50.537,34.453,-0.264,-0.088,0.176,0.000,0.000,-0.088,-0.088,0.176,0.000,0.000,0.439,0.176,0.000,0.000,0.000,0.000,-51.141,34.556,0.000,0.000,0.000,0.000,0.000,0.000,0.000,0.000,0.000,0.000,0.000,0.000,0.013,6.4,11.20,31.0,0.000,0.000,0.006,0.006,0.013,0.000,0.000,0.000,0.006,0.000,0.000,0.000,0.000,0.006,0.000,0.000,0.006,0.000
45.8052,458,0,move,-1,45.8052,45.8178,0,0.000,0.000,0.176,-0.264,-50.537,34.453,-0.264,-0.088,0.176,0.000,0.000,-0.088,-0.088,0.176,0.000,0.000,0.439,0.176,0.000,0.000,0.000,0.000,-51.141,34.556,0.000,0.000,0.000,0.000,0.000,0.000,0.000,0.000,0.000,0.000,0.000,0.000,0.013,6.4,11.20,31.0,0.000,0.000,0.006,0.006,0.013,0.000,0.000,0.000,0.006,0.000,0.000,0.000,0.000,0.006,0.000,0.000,0.006,0.000
45.9052,459,0,move,-1,45.9052,45.9157,0,0.000,0.000,0.176,-0.264,-50.537,34.453,-0.264,-0.088,0.176,0.000,0.000,-0.088,-0.088,0.176,0.000,0.000,0.439,0.176,0.000,0.000,0.000,0.000,-51.141,34.556,0.000,0.000,0.000,0.000,0.000,0.000,0.000,0.000,0.000,0.000,0.000,0.000,0.006,3.2,11.30,32.0,0.000,0.000,0.000,0.006,0.006,0.000,0.006,0.000,0.000,0.000,0.000,0.000,0.000,0.006,0.000,0.000,0.006,0.000
46.0052,460,0,move,-1,46.0052,46.0170,0,0.000,0.000,0.176,-0.264,-50.537,34.453,-0.264,-0.088,0.176,0.000,0.000,-0.088,-0.088,0.176,0.000,0.000,0.439,0.176,0.000,0.000,0.000,0.000,-51.045,34.512,0.000,0.000,0.000,0.000,0.000,0.000,0.000,0.000,0.000,0.000,0.000,0.000,0.013,6.4,11.30,31.0,0.000,0.000,0.000,0.006,0.013,0.000,0.006,0.000,0.000,0.000,0.000,0.000,0.000,0.006,0.000,0.000,0.006,0.006
46.1052,461,0,move,-1,46.1052,46.1164,0,0.000,0.000,0.176,-0.264,-50.537,34.453,-0.264,-0.088,0.176,0.000,0.000,-0.088,-0.088,0.176,0.000,0.000,0.439,0.176,0.000,0.000,0.000,0.000,-50.765,34.384,0.000,0.000,0.000,0.000,0.000,0.000,0.000,0.000,0.000,0.000,0.000,0.000,0.013,6.4,11.30,31.0,0.000,0.000,0.000,0.006,0.013,0.000,0.006,0.000,0.000,0.000,0.000,0.000,0.000,0.006,0.000,0.000,0.006,0.006
46.2052,462,0,move,-1,46.2052,46.2197,0,0.000,0.000,0.176,-0.264,-50.537,34.453,-0.264,-0.088,0.176,0.000,0.000,-0.088,-0.088,0.176,0.000,0.000,0.439,0.176,0.000,0.000,0.000,0.000,-50.327,34.182,0.000,0.000,0.000,0.000,0.000,0.000,0.000,0.000,0.000,0.000,0.000,0.000,0.006,3.2,11.30,32.0,0.000,0.000,0.000,0.006,0.000,0.000,0.006,0.000,0.006,0.000,0.000,0.000,0.000,0.006,0.000,0.000,0.006,0.000
46.3052,463,0,move,-1,46.3052,46.3153,0,0.000,0.000,0.176,-0.264,-50.537,34.277,-0.264,-0.088,0.176,0.000,0.000,-0.088,-0.088,0.176,0.000,0.000,0.439,0.176,0.000,0.000,0.000,0.000,-49.772,33.924,0.000,0.000,0.000,0.000,0.000,0.000,0.000,0.000,0.000,0.000,0.000,0.000,0.006,3.2,11.30,32.0,0.000,0.000,0.000,0.006,0.000,0.000,0.006,0.000,0.006,0.000,0.000,0.000,0.000,0.006,0.000,0.000,0.006,0.000
46.4051,464,0,move,-1,46.4051,46.4163,0,0.000,0.000,0.176,-0.264,-50.273,34.102,-0.264,-0.088,0.176,0.000,0.000,-0.088,-0.088,0.176,0.000,0.000,0.439,0.176,0.000,0.000,0.000,0.000,-49.154,33.634,0.000,0.000,0.000,0.000,0.000,0.000,0.000,0.000,0.000,0.000,0.000,0.000,0.006,3.2,11.30,32.0,0.000,0.000,0.000,0.006,0.006,0.006,0.000,0.000,0.000,0.000,0.000,0.000,0.000,0.006,0.000,0.000,0.006,0.006
46.5088,465,0,move,-1,46.5088,46.5338,0,0.000,0.000,0.176,-0.264,-49.746,33.838,-0.264,-0.088,0.176,0.000,0.000,-0.088,-0.088,0.176,0.000,0.000,0.439,0.176,0.000,0.000,0.000,0.000,-48.535,33.340,0.000,0.000,0.000,0.000,0.000,0.000,0.000,0.000,0.000,0.000,0.000,0.000,0.006,2.4,11.30,33.0,0.000,0.000,0.006,0.006,0.006,0.006,0.000,0.000,0.000,0.000,0.000,0.000,0.000,0.006,0.000,0.000,0.006,0.000
46.6052,466,0,move,-1,46.6052,46.6164,0,0.000,0.000,0.176,-0.264,-49.043,33.398,-0.264,-0.088,0.176,0.000,0.000,-0.088,-0.088,0.176,0.000,0.000,0.439,0.176,0.000,0.000,0.000,0.000,-47.971,33.071,0.000,0.000,0.000,0.000,0.000,0.000,0.000,0.000,0.000,0.000,0.000,0.000,0.006,2.4,11.30,33.0,0.000,0.000,0.006,0.006,0.006,0.006,0.000,0.000,0.000,0.000,0.000,0.000,0.000,0.006,0.000,0.000,0.006,0.000
46.7069,467,0,move,-1,46.7069,46.7193,0,0.000,0.000,0.176,-0.264,-48.428,33.135,-0.264,-0.088,0.176,0.000,0.000,-0.088,-0.088,0.176,0.000,0.000,0.439,0.176,0.000,0.000,0.000,0.000,-47.522,32.856,0.000,0.000,0.000,0.000,0.000,0.000,0.000,0.000,0.000,0.000,0.000,0.000,0.013,6.0,11.20,31.0,0.000,0.000,0.000,0.000,0.013,0.006,0.000,0.000,0.000,0.000,0.000,0.000,0.000,0.006,0.000,0.000,0.006,0.000
46.8052,468,0,move,-1,46.8052,46.8181,0,0.000,0.000,0.176,-0.264,-47.988,32.959,-0.264,-0.088,0.176,0.000,0.000,-0.088,-0.088,0.176,0.000,0.000,0.439,0.176,0.000,0.000,0.000,0.000,-47.233,32.716,0.000,0.000,0.000,0.000,0.000,0.000,0.000,0.000,0.000,0.000,0.000,0.000,0.013,6.0,11.20,31.0,0.000,0.000,0.000,0.000,0.013,0.006,0.000,0.000,0.000,0.000,0.000,0.000,0.000,0.006,0.000,0.000,0.006,0.000
46.9050,469,0,move,-1,46.9050,46.9163,0,0.000,0.000,0.176,-0.264,-47.637,32.695,-0.264,-0.088,0.176,0.000,0.000,-0.088,-0.088,0.176,0.000,0.000,0.439,0.176,0.000,0.000,0.000,0.000,-47.133,32.667,0.000,0.000,0.000,0.000,0.000,0.000,0.000,0.000,0.000,0.000,0.000,0.000,0.013,4.8,11.30,31.0,0.000,0.000,0.000,0.006,0.006,0.000,0.000,0.000,0.000,0.000,0.000,0.000,0.000,0.006,0.000,0.000,0.013,0.000
47.0052,470,0,move,-1,47.0052,47.0176,0,0.000,0.000,0.176,-0.176,-47.373,32.783,-0.264,-0.088,0.176,0.000,0.000,-0.088,-0.088,0.176,0.000,0.000,0.439,0.176,0.000,0.000,0.000,0.000,-47.133,32.667,0.000,0.000,0.000,0.000,0.000,0.000,0.000,0.000,0.000,0.000,0.000,0.000,0.006,3.2,11.30,32.0,0.000,0.000,0.000,0.000,0.000,0.000,0.006,0.000,0.000,0.000,0.000,0.000,0.000,0.006,0.000,0.000,0.006,0.000
47.1052,471,0,move,-1,47.1052,47.1201,0,0.000,0.000,0.176,-0.176,-47.197,32.783,-0.264,-0.088,0.176,0.000,0.000,-0.088,-0.088,0.176,0.000,0.000,0.439,0.176,0.000,0.000,0.000,0.000,-47.133,32.667,0.000,0.000,0.000,0.000,0.000,0.000,0.000,0.000,0.000,0.000,0.000,0.000,0.013,4.8,11.30,31.0,0.000,0.000,0.000,0.000,0.000,0.000,0.006,0.000,0.000,0.000,0.000,0.000,0.000,0.006,0.000,0.000,0.013,0.006
47.2071,472,0,move,-1,47.2071,47.2294,0,0.000,0.000,0.176,-0.176,-47.021,32.783,-0.264,-0.088,0.176,0.000,0.000,-0.088,-0.088,0.176,0.000,0.000,0.439,0.176,0.000,0.000,0.000,0.000,-47.133,32.667,0.000,0.000,0.000,0.000,0.000,0.000,0.000,0.000,0.000,0.000,0.000,0.000,0.013,4.8,11.30,31.0,0.000,0.000,0.000,0.006,0.000,0.000,0.000,0.000,0.000,0.000,0.000,0.000,0.000,0.006,0.000,0.000,0.013,0.000
47.3052,473,0,move,-1,47.3052,47.3174,0,0.000,0.000,0.176,-0.176,-46.934,32.783,-0.264,-0.088,0.176,0.000,0.000,-0.088,-0.088,0.176,0.000,0.000,0.439,0.176,0.000,0.000,0.000,0.000,-47.133,32.667,0.000,0.000,0.000,0.000,0.000,0.000,0.000,0.000,0.000,0.000,0.000,0.000,0.013,4.8,11.30,31.0,0.000,0.000,0.000,0.006,0.000,0.000,0.000,0.000,0.000,0.000,0.000,0.000,0.000,0.006,0.000,0.000,0.013,0.000
47.4052,474,0,move,-1,47.4052,47.4201,0,0.000,0.000,0.176,-0.176,-46.846,32.783,-0.264,-0.088,0.176,0.000,0.000,-0.088,-0.088,0.176,0.000,0.000,0.439,0.176,0.000,0.000,0.000,0.000,-47.133,32.667,0.000,0.000,0.000,0.000,0.000,0.000,0.000,0.000,0.000,0.000,0.000,0.000,0.006,2.4,11.30,32.0,0.000,0.000,0.000,0.006,0.000,0.000,0.000,0.000,0.000,0.000,0.000,0.000,0.000,0.006,0.000,0.000,0.006,0.000
47.5052,475,0,move,-1,47.5052,47.5148,0,0.000,0.000,0.176,-0.176,-46.846,32.783,-0.264,-0.088,0.176,0.000,0.000,-0.088,-0.088,0.176,0.000,0.000,0.439,0.176,0.000,0.000,0.000,0.000,-47.133,32.667,0.000,0.000,0.000,0.000,0.000,0.000,0.000,0.000,0.000,0.000,0.000,0.000,0.006,2.4,11.30,32.0,0.000,0.000,0.000,0.006,0.000,0.000,0.000,0.000,0.000,0.000,0.000,0.000,0.000,0.006,0.000,0.000,0.006,0.000
47.6052,476,0,move,-1,47.6052,47.6162,0,0.000,0.000,0.176,-0.176,-46.758,32.783,-0.264,-0.088,0.176,0.000,0.000,-0.088,-0.088,0.176,0.000,0.000,0.439,0.176,0.000,0.000,0.000,0.000,-47.133,32.667,0.000,0.000,0.000,0.000,0.000,0.000,0.000,0.000,0.000,0.000,0.000,0.000,0.006,2.4,11.30,33.0,0.000,0.000,0.006,0.000,0.006,0.000,0.006,0.000,0.000,0.000,0.000,0.000,0.000,0.006,0.000,0.000,0.006,0.000
47.7064,477,0,move,-1,47.7064,47.7515,0,0.000,0.000,0.176,-0.176,-46.758,32.783,-0.264,-0.088,0.176,0.000,0.000,-0.088,-0.088,0.176,0.000,0.000,0.439,0.176,0.000,0.000,0.000,0.000,-47.133,32.667,0.000,0.000,0.000,0.000,0.000,0.000,0.000,0.000,0.000,0.000,0.000,0.000,0.006,2.4,11.30,33.0,0.000,0.000,0.006,0.006,0.006,0.000,0.000,0.000,0.000,0.000,0.000,0.000,0.000,0.006,0.000,0.000,0.006,0.006
47.8052,478,0,move,-1,47.8052,47.8205,0,0.000,0.000,0.176,-0.176,-46.758,32.783,-0.264,-0.088,0.176,0.000,0.000,-0.088,-0.088,0.176,0.000,0.000,0.439,0.176,0.000,0.000,0.000,0.000,-47.133,32.667,0.000,0.000,0.000,0.000,0.000,0.000,0.000,0.000,0.000,0.000,0.000,0.000,0.006,2.4,11.30,33.0,0.000,0.000,0.006,0.006,0.006,0.000,0.000,0.000,0.000,0.000,0.000,0.000,0.000,0.006,0.000,0.000,0.006,0.006
47.9052,479,0,move,-1,47.9052,47.9174,0,0.000,0.000,0.176,-0.176,-46.758,32.783,-0.264,-0.088,0.176,0.000,0.000,-0.088,-0.088,0.176,0.000,0.000,0.439,0.176,0.000,0.000,0.000,0.000,-47.133,32.667,0.000,0.000,0.000,0.000,0.000,0.000,0.000,0.000,0.000,0.000,0.000,0.000,0.006,2.4,11.30,32.0,0.000,0.000,0.000,0.006,0.000,0.000,0.000,0.000,0.000,0.000,0.000,0.000,0.000,0.006,0.000,0.000,0.006,0.006
48.0126,480,0,move,-1,48.0126,48.0253,0,0.000,0.000,0.176,-0.176,-46.758,32.783,-0.264,-0.088,0.176,0.000,0.000,-0.088,-0.088,0.176,0.000,0.000,0.439,0.176,0.000,0.000,0.000,0.000,-47.133,32.667,0.000,0.000,0.000,0.000,0.000,0.000,0.000,0.000,0.000,0.000,0.000,0.000,0.006,2.4,11.30,32.0,0.000,0.000,0.000,0.006,0.006,0.000,0.000,0.000,0.006,0.000,0.000,0.000,0.000,0.000,0.000,0.000,0.006,0.006
48.1052,481,0,move,-1,48.1052,48.1171,0,0.000,0.000,0.176,-0.176,-46.758,32.783,-0.264,-0.088,0.176,0.000,0.000,-0.088,-0.088,0.176,0.000,0.000,0.439,0.176,0.000,0.000,0.000,0.000,-47.133,32.667,0.000,0.000,0.000,0.000,0.000,0.000,0.000,0.000,0.000,0.000,0.000,0.000,0.006,2.4,11.30,32.0,0.000,0.000,0.000,0.006,0.006,0.000,0.000,0.000,0.006,0.000,0.000,0.000,0.000,0.000,0.000,0.000,0.006,0.006
48.2051,482,0,move,-1,48.2051,48.2124,0,0.000,0.000,0.176,-0.176,-46.758,32.783,-0.264,-0.088,0.176,0.000,0.000,-0.088,-0.088,0.176,0.000,0.000,0.439,0.176,0.000,0.000,0.000,0.000,-47.133,32.667,0.000,0.000,0.000,0.000,0.000,0.000,0.000,0.000,0.000,0.000,0.000,0.000,0.006,3.2,11.20,32.0,0.000,0.000,0.000,0.000,0.000,0.000,0.006,0.000,0.006,0.000,0.000,0.000,0.000,0.006,0.000,0.000,0.006,0.006
48.3052,483,0,move,-1,48.3052,48.3165,0,0.000,0.000,0.176,-0.176,-46.758,32.783,-0.264,-0.088,0.176,0.000,0.000,-0.088,-0.088,0.176,0.000,0.000,0.439,0.176,0.000,0.000,0.000,0.000,-47.133,32.667,0.000,0.000,0.000,0.000,0.000,0.000,0.000,0.000,0.000,0.000,0.000,0.000,0.006,4.0,11.20,31.0,0.000,0.000,0.000,0.000,0.006,0.000,0.006,0.000,0.000,0.000,0.000,0.000,0.000,0.006,0.000,0.000,0.006,0.000
48.4052,484,0,move,-1,48.4052,48.4154,0,0.000,0.000,0.176,-0.176,-46.758,32.783,-0.264,-0.088,0.176,0.000,0.000,-0.088,-0.088,0.176,0.000,0.000,0.439,0.176,0.000,0.000,0.000,0.000,-47.133,32.667,0.000,0.000,0.000,0.000,0.000,0.000,0.000,0.000,0.000,0.000,0.000,0.000,0.006,4.0,11.20,31.0,0.000,0.000,0.000,0.000,0.006,0.000,0.006,0.000,0.000,0.000,0.000,0.000,0.000,0.006,0.000,0.000,0.006,0.000
48.5052,485,0,move,-1,48.5052,48.5208,0,0.000,0.000,0.176,-0.176,-46.758,32.783,-0.264,-0.088,0.176,0.000,0.000,-0.088,-0.088,0.176,0.000,0.000,0.439,0.176,0.000,0.000,0.000,0.000,-47.133,32.667,0.000,0.000,0.000,0.000,0.000,0.000,0.000,0.000,0.000,0.000,0.000,0.000,0.006,4.0,11.30,31.0,0.000,0.000,0.000,0.000,0.006,0.000,0.006,0.000,0.000,0.000,0.000,0.000,0.006,0.000,0.000,0.000,0.006,0.006
48.6052,486,0,move,-1,48.6052,48.6180,0,0.000,0.000,0.176,-0.176,-46.758,32.783,-0.264,-0.088,0.176,0.000,0.000,-0.088,-0.088,0.176,0.000,0.000,0.439,0.176,0.000,0.000,0.000,0.000,-47.133,32.667,0.000,0.000,0.000,0.000,0.000,0.000,0.000,0.000,0.000,0.000,0.000,0.000,0.006,4.0,11.30,31.0,0.000,0.000,0.000,0.000,0.006,0.000,0.006,0.000,0.000,0.000,0.000,0.000,0.006,0.000,0.000,0.000,0.006,0.006
48.7050,487,0,move,-1,48.7050,48.7175,0,0.000,0.000,0.176,-0.176,-46.758,32.783,-0.264,-0.088,0.176,0.000,0.000,-0.088,-0.088,0.176,0.000,0.000,0.439,0.176,0.000,0.000,0.000,0.000,-47.133,32.667,0.000,0.000,0.000,0.000,0.000,0.000,0.000,0.000,0.000,0.000,0.000,0.000,0.006,4.0,11.20,31.0,0.000,0.000,0.000,0.000,0.006,0.000,0.006,0.000,0.000,0.000,0.000,0.000,0.000,0.006,0.000,0.000,0.006,0.000
48.8050,488,0,move,-1,48.8050,48.8163,0,0.000,0.000,0.176,-0.176,-46.758,32.783,-0.264,-0.088,0.176,0.000,0.000,-0.088,-0.088,0.176,0.000,0.000,0.439,0.176,0.000,0.000,0.000,0.000,-47.133,32.667,0.000,0.000,0.000,0.000,0.000,0.000,0.000,0.000,0.000,0.000,0.000,0.000,0.006,4.0,11.20,31.0,0.000,0.000,0.000,0.000,0.006,0.000,0.006,0.000,0.000,0.000,0.000,0.000,0.000,0.006,0.000,0.000,0.006,0.000
48.9052,489,0,move,-1,48.9052,48.9165,0,0.000,0.000,0.176,-0.176,-46.758,32.783,-0.264,-0.088,0.176,0.000,0.000,-0.088,-0.088,0.176,0.000,0.000,0.439,0.176,0.000,0.000,0.000,0.000,-47.133,32.667,0.000,0.000,0.000,0.000,0.000,0.000,0.000,0.000,0.000,0.000,0.000,0.000,0.006,2.4,11.30,33.0,0.000,0.000,0.006,0.006,0.000,0.000,0.006,0.000,0.006,0.000,0.000,0.000,0.000,0.006,0.000,0.000,0.006,0.000
49.0051,490,0,move,-1,49.0051,49.0157,0,0.000,0.000,0.176,-0.176,-46.758,32.783,-0.264,-0.088,0.176,0.000,0.000,-0.088,-0.088,0.176,0.000,0.000,0.439,0.176,0.000,0.000,0.000,0.000,-47.133,32.667,0.000,0.000,0.000,0.000,0.000,0.000,0.000,0.000,0.000,0.000,0.000,0.000,0.006,2.4,11.30,33.0,0.000,0.000,0.006,0.006,0.000,0.000,0.006,0.000,0.006,0.000,0.000,0.000,0.000,0.006,0.000,0.000,0.006,0.000
49.1052,491,0,move,-1,49.1052,49.1167,0,0.000,0.000,0.176,-0.176,-46.758,32.783,-0.264,-0.088,0.176,0.000,0.000,-0.088,-0.088,0.176,0.000,0.000,0.439,0.176,0.000,0.000,0.000,0.000,-47.133,32.667,0.000,0.000,0.000,0.000,0.000,0.000,0.000,0.000,0.000,0.000,0.000,0.000,0.006,2.4,11.30,33.0,0.000,0.000,0.006,0.006,0.006,0.000,0.006,0.000,0.000,0.000,0.000,0.000,0.000,0.006,0.000,0.000,0.006,0.006
49.2052,492,0,move,-1,49.2052,49.2162,0,0.000,0.000,0.176,-0.176,-46.758,32.783,-0.264,-0.088,0.176,0.000,0.000,-0.088,-0.088,0.176,0.000,0.000,0.439,0.176,0.000,0.000,0.000,0.000,-47.133,32.667,0.000,0.000,0.000,0.000,0.000,0.000,0.000,0.000,0.000,0.000,0.000,0.000,0.006,2.4,11.30,33.0,0.000,0.000,0.006,0.006,0.006,0.000,0.006,0.000,0.000,0.000,0.000,0.000,0.000,0.006,0.000,0.000,0.006,0.006
49.3050,493,0,move,-1,49.3050,49.3169,0,0.000,0.000,0.176,-0.176,-46.758,32.783,-0.264,-0.088,0.176,0.000,0.000,-0.088,-0.088,0.176,0.000,0.000,0.439,0.176,0.000,0.000,0.000,0.000,-47.133,32.667,0.000,0.000,0.000,0.000,0.000,0.000,0.000,0.000,0.000,0.000,0.000,0.000,0.006,3.2,11.30,32.0,0.000,0.000,0.000,0.000,0.000,0.000,0.006,0.000,0.000,0.000,0.000,0.000,0.000,0.006,0.000,0.000,0.006,0.000
49.4052,494,0,move,-1,49.4052,49.4161,0,0.000,0.000,0.176,-0.176,-46.758,32.783,-0.264,-0.088,0.176,0.000,0.000,-0.088,-0.088,0.176,0.000,0.000,0.439,0.176,0.000,0.000,0.000,0.000,-47.133,32.667,0.000,0.000,0.000,0.000,0.000,0.000,0.000,0.000,0.000,0.000,0.000,0.000,0.006,3.2,11.30,32.0,0.000,0.000,0.000,0.000,0.000,0.000,0.006,0.000,0.000,0.000,0.000,0.000,0.000,0.006,0.000,0.000,0.006,0.000
49.5052,495,0,move,-1,49.5052,49.5168,0,0.000,0.000,0.176,-0.176,-46.758,32.783,-0.264,-0.088,0.176,0.000,0.000,-0.088,-0.088,0.176,0.000,0.000,0.439,0.176,0.000,0.000,0.000,0.000,-47.133,32.667,0.000,0.000,0.000,0.000,0.000,0.000,0.000,0.000,0.000,0.000,0.000,0.000,0.013,4.8,11.30,31.0,0.000,0.000,0.006,0.000,0.006,0.000,0.006,0.000,0.006,0.000,0.000,0.000,0.000,0.006,0.000,0.000,0.013,0.000
49.6070,496,0,move,-1,49.6070,49.6213,0,0.000,0.000,0.176,-0.176,-46.758,32.783,-0.264,-0.088,0.176,0.000,0.000,-0.088,-0.088,0.176,0.000,0.000,0.439,0.176,0.000,0.000,0.000,0.000,-47.133,32.667,0.000,0.000,0.000,0.000,0.000,0.000,0.000,0.000,0.000,0.000,0.000,0.000,0.006,2.4,11.30,32.0,0.000,0.000,0.000,0.006,0.006,0.000,0.000,0.000,0.000,0.000,0.000,0.000,0.000,0.006,0.000,0.000,0.006,0.000
49.7052,497,0,move,-1,49.7052,49.7165,0,0.000,0.000,0.176,-0.176,-46.758,32.783,-0.264,-0.088,0.176,0.000,0.000,-0.088,-0.088,0.176,0.000,0.000,0.439,0.176,0.000,0.000,0.000,0.000,-47.133,32.667,0.000,0.000,0.000,0.000,0.000,0.000,0.000,0.000,0.000,0.000,0.000,0.000,0.006,2.4,11.30,32.0,0.000,0.000,0.000,0.006,0.006,0.000,0.000,0.000,0.000,0.000,0.000,0.000,0.000,0.006,0.000,0.000,0.006,0.000
49.8050,498,0,move,-1,49.8050,49.8166,0,0.000,0.000,0.176,-0.176,-46.758,32.783,-0.264,-0.088,0.176,0.000,0.000,-0.088,-0.088,0.176,0.000,0.000,0.439,0.176,0.000,0.000,0.000,0.000,-47.133,32.667,0.000,0.000,0.000,0.000,0.000,0.000,0.000,0.000,0.000,0.000,0.000,0.000,0.013,4.8,11.30,31.0,0.000,0.000,0.006,0.000,0.000,0.000,0.006,0.000,0.000,0.000,0.000,0.000,0.000,0.006,0.000,0.000,0.013,0.006
49.9051,499,0,move,-1,49.9051,49.9182,0,0.000,0.000,0.176,-0.176,-46.758,32.783,-0.264,-0.088,0.176,0.000,0.000,-0.088,-0.088,0.176,0.000,0.000,0.439,0.176,0.000,0.000,0.000,0.000,-47.133,32.667,0.000,0.000,0.000,0.000,0.000,0.000,0.000,0.000,0.000,0.000,0.000,0.000,0.006,2.4,11.30,32.0,0.000,0.000,0.000,0.006,0.000,0.000,0.006,0.000,0.006,0.000,0.000,0.000,0.000,0.006,0.000,0.000,0.006,0.006
50.0052,500,0,move,-1,50.0052,50.0163,0,0.000,0.000,0.176,-0.176,-46.758,32.783,-0.264,-0.088,0.176,0.000,0.000,-0.088,-0.088,0.176,0.000,0.000,0.439,0.176,0.000,0.000,0.000,0.000,-47.033,32.619,0.000,0.000,0.000,0.000,0.000,0.000,0.000,0.000,0.000,0.000,0.000,0.000,0.006,2.4,11.30,32.0,0.000,0.000,0.000,0.006,0.000,0.000,0.006,0.000,0.006,0.000,0.000,0.000,0.000,0.006,0.000,0.000,0.006,0.006
50.1050,501,0,move,-1,50.1050,50.1214,0,0.000,0.000,0.176,-0.176,-46.758,32.695,-0.264,-0.088,0.176,0.000,0.000,-0.088,-0.088,0.176,0.000,0.000,0.439,0.176,0.000,0.000,0.000,0.000,-46.742,32.477,0.000,0.000,0.000,0.000,0.000,0.000,0.000,0.000,0.000,0.000,0.000,0.000,0.000,0.0,11.30,32.0,0.000,0.000,0.000,0.000,0.000,0.000,0.000,0.000,0.000,0.000,0.000,0.000,0.000,0.000,0.000,0.000,0.000,0.000
50.2052,502,0,move,-1,50.2052,50.2145,0,0.000,0.000,0.176,-0.176,-46.758,32.607,-0.264,-0.088,0.176,0.000,0.000,-0.088,-0.088,0.176,0.000,0.000,0.439,0.176,0.000,0.000,0.000,0.000,-46.288,32.255,0.000,0.000,0.000,0.000,0.000,0.000,0.000,0.000,0.000,0.000,0.000,0.000,0.000,0.0,11.30,32.0,0.000,0.000,0.000,0.000,0.000,0.000,0.000,0.000,0.000,0.000,0.000,0.000,0.000,0.000,0.000,0.000,0.000,0.000
50.3078,503,0,move,-1,50.3078,50.3204,0,0.000,0.000,0.176,-0.176,-46.758,32.432,-0.264,-0.088,0.176,0.000,0.000,-0.088,-0.088,0.176,0.000,0.000,0.439,0.176,0.000,0.000,0.000,0.000,-45.712,31.972,0.000,0.000,0.000,0.000,0.000,0.000,0.000,0.000,0.000,0.000,0.000,0.000,0.006,2.4,11.20,32.0,0.000,0.000,0.000,0.000,0.000,0.006,0.006,0.000,0.006,0.000,0.000,0.000,0.000,0.006,0.000,0.000,0.006,0.000
50.4050,504,0,move,-1,50.4050,50.4164,0,0.000,0.000,0.176,-0.176,-46.494,32.080,-0.264,-0.088,0.176,0.000,0.000,-0.088,-0.088,0.176,0.000,0.000,0.439,0.176,0.000,0.000,0.000,0.000,-45.069,31.653,0.000,0.000,0.000,0.000,0.000,0.000,0.000,0.000,0.000,0.000,0.000,0.000,0.006,2.4,11.20,32.0,0.000,0.000,0.000,0.000,0.000,0.006,0.006,0.000,0.006,0.000,0.000,0.000,0.000,0.006,0.000,0.000,0.006,0.000
50.5051,505,0,move,-1,50.5051,50.5227,0,0.000,0.000,0.176,-0.176,-45.615,31.729,-0.264,-0.088,0.176,0.000,0.000,-0.088,-0.088,0.176,0.000,0.000,0.439,0.176,0.000,0.000,0.000,0.000,-44.421,31.329,0.000,0.000,0.000,0.000,0.000,0.000,0.000,0.000,0.000,0.000,0.000,0.000,0.013,2.8,11.20,32.0,0.000,0.000,0.000,0.006,0.006,0.013,0.000,0.000,0.000,0.000,0.000,0.000,0.000,0.006,0.000,0.000,0.006,0.006
50.6052,506,0,move,-1,50.6052,50.6158,0,0.000,0.000,0.176,-0.176,-45.000,31.377,-0.264,-0.088,0.176,0.000,0.000,-0.088,-0.088,0.176,0.000,0.000,0.439,0.176,0.000,0.000,0.000,0.000,-43.833,31.033,0.000,0.000,0.000,0.000,0.000,0.000,0.000,0.000,0.000,0.000,0.000,0.000,0.013,2.8,11.20,32.0,0.000,0.000,0.000,0.006,0.006,0.013,0.000,0.000,0.000,0.000,0.000,0.000,0.000,0.006,0.000,0.000,0.006,0.006
50.7050,507,0,move,-1,50.7050,50.7158,0,0.000,0.000,0.176,-0.176,-44.385,31.113,-0.264,-0.088,0.176,0.000,0.000,-0.088,-0.088,0.176,0.000,0.000,0.439,0.176,0.000,0.000,0.000,0.000,-43.362,30.795,0.000,0.000,0.000,0.000,0.000,0.000,0.000,0.000,0.000,0.000,0.000,0.000,0.006,2.4,11.30,33.0,0.000,0.000,0.006,0.006,0.006,0.006,0.006,0.000,0.006,0.000,0.000,0.000,0.000,0.006,0.000,0.000,0.006,0.000
50.8052,508,0,move,-1,50.8052,50.8169,0,0.000,0.000,0.176,-0.176,-43.770,30.850,-0.264,-0.088,0.176,0.000,0.000,-0.088,-0.088,0.176,0.000,0.000,0.439,0.176,0.000,0.000,0.000,0.000,-43.059,30.640,0.000,0.000,0.000,0.000,0.000,0.000,0.000,0.000,0.000,0.000,0.000,0.000,0.006,2.4,11.30,32.0,0.000,0.000,0.000,0.006,0.000,0.006,0.000,0.000,0.000,0.000,0.000,0.000,0.000,0.006,0.000,0.000,0.006,0.006
50.9052,509,0,move,-1,50.9052,50.9168,0,0.000,0.000,0.176,-0.176,-43.418,30.850,-0.264,-0.088,0.176,0.000,0.000,-0.088,-0.088,0.176,0.000,0.000,0.439,0.176,0.000,0.000,0.000,0.000,-42.955,30.587,0.000,0.000,0.000,0.000,0.000,0.000,0.000,0.000,0.000,0.000,0.000,0.000,0.006,2.4,11.30,32.0,0.000,0.000,0.000,0.006,0.000,0.006,0.000,0.000,0.000,0.000,0.000,0.000,0.000,0.006,0.000,0.000,0.006,0.006
51.0052,510,0,move,-1,51.0052,51.0172,0,0.000,0.000,0.176,-0.176,-43.154,30.586,-0.264,-0.088,0.176,0.000,0.000,-0.088,-0.088,0.176,0.000,0.000,0.439,0.176,0.000,0.000,0.000,0.000,-42.955,30.587,0.000,0.000,0.000,0.000,0.000,0.000,0.000,0.000,0.000,0.000,0.000,0.000,0.006,2.4,11.30,32.0,0.000,0.000,0.000,0.006,0.000,0.000,0.000,0.000,0.000,0.000,0.000,0.000,0.000,0.006,0.000,0.000,0.006,0.000
51.1052,511,0,move,-1,51.1052,51.1206,0,0.000,0.000,0.176,-0.176,-43.066,30.586,-0.264,-0.088,0.176,0.000,0.000,-0.088,-0.088,0.176,0.000,0.000,0.439,0.176,0.000,0.000,0.000,0.000,-42.955,30.587,0.000,0.000,0.000,0.000,0.000,0.000,0.000,0.000,0.000,0.000,0.000,0.000,0.006,2.4,11.30,32.0,0.000,0.000,0.000,0.000,0.000,0.000,0.000,0.000,0.006,0.000,0.000,0.000,0.000,0.006,0.000,0.000,0.006,0.006
51.2051,512,0,move,-1,51.2051,51.2127,0,0.000,0.000,0.176,-0.176,-42.891,30.586,-0.264,-0.088,0.176,0.000,0.000,-0.088,-0.088,0.176,0.000,0.000,0.439,0.176,0.000,0.000,0.000,0.000,-42.955,30.587,0.000,0.000,0.000,0.000,0.000,0.000,0.000,0.000,0.000,0.000,0.000,0.000,0.006,2.4,11.30,32.0,0.000,0.000,0.000,0.000,0.000,0.000,0.000,0.000,0.006,0.000,0.000,0.000,0.000,0.006,0.000,0.000,0.006,0.006
51.3052,513,0,move,-1,51.3052,51.3192,0,0.000,0.000,0.176,-0.176,-42.803,30.586,-0.264,-0.088,0.176,0.000,0.000,-0.088,-0.088,0.176,0.000,0.000,0.439,0.176,0.000,0.000,0.000,0.000,-42.955,30.587,0.000,0.000,0.000,0.000,0.000,0.000,0.000,0.000,0.000,0.000,0.000,0.000,0.013,4.8,11.30,31.0,0.000,0.000,0.000,0.000,0.000,0.000,0.000,0.000,0.000,0.000,0.000,0.000,0.000,0.006,0.000,0.000,0.013,0.000
51.4052,514,0,move,-1,51.4052,51.4167,0,0.000,0.000,0.176,-0.176,-42.715,30.586,-0.264,-0.088,0.176,0.000,0.000,-0.088,-0.088,0.176,0.000,0.000,0.439,0.176,0.000,0.000,0.000,0.000,-42.955,30.587,0.000,0.000,0.000,0.000,0.000,0.000,0.000,0.000,0.000,0.000,0.000,0.000,0.013,4.8,11.30,31.0,0.000,0.000,0.000,0.000,0.000,0.000,0.000,0.000,0.000,0.000,0.000,0.000,0.000,0.006,0.000,0.000,0.013,0.000
51.5052,515,0,move,-1,51.5052,51.5175,0,0.000,0.000,0.176,-0.176,-42.627,30.586,-0.264,-0.088,0.176,0.000,0.000,-0.088,-0.088,0.176,0.000,0.000,0.439,0.176,0.000,0.000,0.000,0.000,-42.955,30.587,0.000,0.000,0.000,0.000,0.000,0.000,0.000,0.000,0.000,0.000,0.000,0.000,0.006,2.4,11.30,33.0,0.000,0.000,0.006,0.000,0.000,0.000,0.006,0.000,0.000,0.000,0.000,0.000,0.000,0.006,0.000,0.000,0.006,0.000
51.6052,516,0,move,-1,51.6052,51.6166,0,0.000,0.000,0.176,-0.176,-42.627,30.586,-0.264,-0.088,0.176,0.000,0.000,-0.088,-0.088,0.176,0.000,0.000,0.439,0.176,0.000,0.000,0.000,0.000,-42.955,30.587,0.000,0.000,0.000,0.000,0.000,0.000,0.000,0.000,0.000,0.000,0.000,0.000,0.006,2.4,11.30,33.0,0.000,0.000,0.006,0.000,0.000,0.000,0.006,0.000,0.000,0.000,0.000,0.000,0.000,0.006,0.000,0.000,0.006,0.000
51.7050,517,0,move,-1,51.7050,51.7161,0,0.000,0.000,0.176,-0.176,-42.627,30.586,-0.264,-0.088,0.176,0.000,0.000,-0.088,-0.088,0.176,0.000,0.000,0.439,0.176,0.000,0.000,0.000,0.000,-42.955,30.587,0.000,0.000,0.000,0.000,0.000,0.000,0.000,0.000,0.000,0.000,0.000,0.000,0.006,4.0,11.30,31.0,0.000,0.000,0.000,0.000,0.006,0.000,0.006,0.000,0.000,0.000,0.000,0.000,0.000,0.006,0.000,0.000,0.006,0.000
51.8052,518,0,move,-1,51.8052,51.8179,0,0.000,0.000,0.176,-0.176,-42.627,30.586,-0.264,-0.088,0.176,0.000,0.000,-0.088,-0.088,0.176,0.000,0.000,0.439,0.176,0.000,0.000,0.000,0.000,-42.955,30.587,0.000,0.000,0.000,0.000,0.000,0.000,0.000,0.000,0.000,0.000,0.000,0.000,0.013,4.8,11.30,32.0,0.000,0.000,0.000,0.006,0.006,0.000,0.006,0.000,0.000,0.000,0.000,0.000,0.000,0.006,0.000,0.000,0.013,0.000
51.9050,519,0,move,-1,51.9050,51.9159,0,0.000,0.000,0.176,-0.176,-42.627,30.586,-0.264,-0.088,0.176,0.000,0.000,-0.088,-0.088,0.176,0.000,0.000,0.439,0.176,0.000,0.000,0.000,0.000,-42.955,30.587,0.000,0.000,0.000,0.000,0.000,0.000,0.000,0.000,0.000,0.000,0.000,0.000,0.013,4.8,11.30,32.0,0.000,0.000,0.000,0.006,0.006,0.000,0.006,0.000,0.000,0.000,0.000,0.000,0.000,0.006,0.000,0.000,0.013,0.000
52.0052,520,0,move,-1,52.0052,52.0173,0,0.000,0.000,0.176,-0.176,-42.627,30.586,-0.264,-0.088,0.176,0.000,0.000,-0.088,-0.088,0.176,0.000,0.000,0.439,0.176,0.000,0.000,0.000,0.000,-42.955,30.587,0.000,0.000,0.000,0.000,0.000,0.000,0.000,0.000,0.000,0.000,0.000,0.000,0.006,4.0,11.30,31.0,0.000,0.000,0.000,0.000,0.006,0.000,0.006,0.000,0.000,0.000,0.000,0.000,0.000,0.000,0.000,0.000,0.006,0.000
52.1052,521,0,move,-1,52.1052,52.1155,0,0.000,0.000,0.176,-0.176,-42.627,30.586,-0.264,-0.088,0.176,0.000,0.000,-0.088,-0.088,0.176,0.000,0.000,0.439,0.176,0.000,0.000,0.000,0.000,-42.955,30.587,0.000,0.000,0.000,0.000,0.000,0.000,0.000,0.000,0.000,0.000,0.000,0.000,0.006,4.0,11.30,31.0,0.000,0.000,0.000,0.000,0.006,0.000,0.006,0.000,0.000,0.000,0.000,0.000,0.000,0.000,0.000,0.000,0.006,0.000
52.2069,522,0,move,-1,52.2069,52.2293,0,0.000,0.000,0.176,-0.176,-42.627,30.586,-0.264,-0.088,0.176,0.000,0.000,-0.088,-0.088,0.176,0.000,0.000,0.439,0.176,0.000,0.000,0.000,0.000,-42.955,30.587,0.000,0.000,0.000,0.000,0.000,0.000,0.000,0.000,0.000,0.000,0.000,0.000,0.006,2.4,11.30,33.0,0.000,0.000,0.006,0.000,0.000,0.000,0.006,0.000,0.000,0.000,0.000,0.000,0.000,0.006,0.000,0.000,0.006,0.000
52.3052,523,0,move,-1,52.3052,52.3177,0,0.000,0.000,0.176,-0.176,-42.627,30.586,-0.264,-0.088,0.176,0.000,0.000,-0.088,-0.088,0.176,0.000,0.000,0.439,0.176,0.000,0.000,0.000,0.000,-42.955,30.587,0.000,0.000,0.000,0.000,0.000,0.000,0.000,0.000,0.000,0.000,0.000,0.000,0.006,2.4,11.30,33.0,0.000,0.000,0.006,0.000,0.000,0.000,0.006,0.000,0.000,0.000,0.000,0.000,0.000,0.006,0.000,0.000,0.006,0.000
52.4052,524,0,move,-1,52.4052,52.4189,0,0.000,0.000,0.176,-0.176,-42.627,30.586,-0.264,-0.088,0.176,0.000,0.000,-0.088,-0.088,0.176,0.000,0.000,0.439,0.176,0.000,0.000,0.000,0.000,-42.955,30.587,0.000,0.000,0.000,0.000,0.000,0.000,0.000,0.000,0.000,0.000,0.000,0.000,0.006,4.0,11.30,31.0,0.000,0.000,0.000,0.000,0.006,0.000,0.006,0.000,0.000,0.000,0.000,0.000,0.000,0.006,0.000,0.000,0.006,0.006
52.5050,525,0,move,-1,52.5050,52.5153,0,0.000,0.000,0.176,-0.176,-42.627,30.586,-0.264,-0.088,0.176,0.000,0.000,-0.088,-0.088,0.176,0.000,0.000,0.439,0.176,0.000,0.000,0.000,0.000,-42.955,30.587,0.000,0.000,0.000,0.000,0.000,0.000,0.000,0.000,0.000,0.000,0.000,0.000,0.006,4.0,11.30,31.0,0.000,0.000,0.000,0.000,0.006,0.000,0.006,0.000,0.000,0.000,0.000,0.000,0.000,0.006,0.000,0.000,0.006,0.006
52.6052,526,0,move,-1,52.6052,52.6292,0,0.000,0.000,0.176,-0.176,-42.627,30.586,-0.264,-0.088,0.176,0.000,0.000,-0.088,-0.088,0.176,0.000,0.000,0.439,0.176,0.000,0.000,0.000,0.000,-42.955,30.587,0.000,0.000,0.000,0.000,0.000,0.000,0.000,0.000,0.000,0.000,0.000,0.000,0.006,2.4,11.30,33.0,0.000,0.000,0.006,0.006,0.006,0.000,0.006,0.000,0.000,0.000,0.000,0.000,0.000,0.006,0.000,0.000,0.006,0.006
52.7052,527,0,move,-1,52.7052,52.7175,0,0.000,0.000,0.176,-0.176,-42.627,30.586,-0.264,-0.088,0.176,0.000,0.000,-0.088,-0.088,0.176,0.000,0.000,0.439,0.176,0.000,0.000,0.000,0.000,-42.955,30.587,0.000,0.000,0.000,0.000,0.000,0.000,0.000,0.000,0.000,0.000,0.000,0.000,0.006,2.4,11.30,33.0,0.000,0.000,0.006,0.006,0.006,0.000,0.006,0.000,0.000,0.000,0.000,0.000,0.000,0.006,0.000,0.000,0.006,0.006
52.8052,528,0,move,-1,52.8052,52.8162,0,0.000,0.000,0.176,-0.176,-42.627,30.586,-0.264,-0.088,0.176,0.000,0.000,-0.088,-0.088,0.176,0.000,0.000,0.439,0.176,0.000,0.000,0.000,0.000,-42.955,30.587,0.000,0.000,0.000,0.000,0.000,0.000,0.000,0.000,0.000,0.000,0.000,0.000,0.013,4.8,11.30,32.0,0.000,0.000,0.006,0.000,0.000,0.000,0.006,0.000,0.006,0.000,0.000,0.000,0.000,0.006,0.000,0.000,0.013,0.000
52.9167,529,0,move,-1,52.9167,52.9430,0,0.000,0.000,0.176,-0.176,-42.627,30.586,-0.264,-0.088,0.176,0.000,0.000,-0.088,-0.088,0.176,0.000,0.000,0.439,0.176,0.000,0.000,0.000,0.000,-42.955,30.587,0.000,0.000,0.000,0.000,0.000,0.000,0.000,0.000,0.000,0.000,0.000,0.000,0.013,4.8,11.30,31.0,0.000,0.000,0.000,0.006,0.006,0.000,0.006,0.000,0.000,0.000,0.000,0.000,0.000,0.006,0.000,0.000,0.013,0.000
53.0052,530,0,move,-1,53.0052,53.0156,0,0.000,0.000,0.176,-0.176,-42.627,30.586,-0.264,-0.088,0.176,0.000,0.000,-0.088,-0.088,0.176,0.000,0.000,0.439,0.176,0.000,0.000,0.000,0.000,-42.955,30.587,0.000,0.000,0.000,0.000,0.000,0.000,0.000,0.000,0.000,0.000,0.000,0.000,0.013,4.8,11.30,31.0,0.000,0.000,0.000,0.006,0.006,0.000,0.006,0.000,0.000,0.000,0.000,0.000,0.000,0.006,0.000,0.000,0.013,0.000
53.1052,531,0,move,-1,53.1052,53.1166,0,0.000,0.000,0.176,-0.176,-42.627,30.586,-0.264,-0.088,0.176,0.000,0.000,-0.088,-0.088,0.176,0.000,0.000,0.439,0.176,0.000,0.000,0.000,0.000,-42.955,30.587,0.000,0.000,0.000,0.000,0.000,0.000,0.000,0.000,0.000,0.000,0.000,0.000,0.006,2.4,11.30,32.0,0.000,0.000,0.000,0.000,0.000,0.000,0.000,0.000,0.006,0.000,0.000,0.000,0.000,0.000,0.000,0.000,0.006,0.000
53.2052,532,0,move,-1,53.2052,53.2159,0,0.000,0.000,0.176,-0.176,-42.627,30.586,-0.264,-0.088,0.176,0.000,0.000,-0.088,-0.088,0.176,0.000,0.000,0.439,0.176,0.000,0.000,0.000,0.000,-42.955,30.587,0.000,0.000,0.000,0.000,0.000,0.000,0.000,0.000,0.000,0.000,0.000,0.000,0.006,2.4,11.30,32.0,0.000,0.000,0.000,0.000,0.000,0.000,0.000,0.000,0.006,0.000,0.000,0.000,0.000,0.000,0.000,0.000,0.006,0.000
53.3050,533,0,move,-1,53.3050,53.3193,0,0.000,0.000,0.176,-0.176,-42.627,30.586,-0.264,-0.088,0.176,0.000,0.000,-0.088,-0.088,0.176,0.000,0.000,0.439,0.176,0.000,0.000,0.000,0.000,-42.955,30.587,0.000,0.000,0.000,0.000,0.000,0.000,0.000,0.000,0.000,0.000,0.000,0.000,0.006,4.0,11.30,31.0,0.000,0.000,0.000,0.000,0.006,0.000,0.000,0.000,0.000,0.000,0.000,0.000,0.000,0.006,0.000,0.000,0.006,0.006
53.4052,534,0,move,-1,53.4052,53.4191,0,0.000,0.000,0.176,-0.176,-42.627,30.586,-0.264,-0.088,0.176,0.000,0.000,-0.088,-0.088,0.176,0.000,0.000,0.439,0.176,0.000,0.000,0.000,0.000,-42.955,30.587,0.000,0.000,0.000,0.000,0.000,0.000,0.000,0.000,0.000,0.000,0.000,0.000,0.006,4.0,11.30,31.0,0.000,0.000,0.000,0.000,0.006,0.000,0.000,0.000,0.000,0.000,0.000,0.000,0.000,0.006,0.000,0.000,0.006,0.006
53.5057,535,0,move,-1,53.5057,53.5158,0,0.000,0.000,0.176,-0.176,-42.627,30.586,-0.264,-0.088,0.176,0.000,0.000,-0.088,-0.088,0.176,0.000,0.000,0.439,0.176,0.000,0.000,0.000,0.000,-42.955,30.587,0.000,0.000,0.000,0.000,0.000,0.000,0.000,0.000,0.000,0.000,0.000,0.000,0.006,4.0,11.30,31.0,0.000,0.000,0.000,0.000,0.006,0.000,0.000,0.000,0.000,0.000,0.000,0.000,0.000,0.006,0.000,0.000,0.006,0.000
53.6052,536,0,move,-1,53.6052,53.6187,0,0.000,0.000,0.176,-0.176,-42.627,30.586,-0.264,-0.088,0.176,0.000,0.000,-0.088,-0.088,0.176,0.000,0.000,0.439,0.176,0.000,0.000,0.000,0.000,-42.955,30.587,0.000,0.000,0.000,0.000,0.000,0.000,0.000,0.000,0.000,0.000,0.000,0.000,0.006,2.4,11.30,33.0,0.000,0.000,0.006,0.000,0.006,0.000,0.000,0.000,0.000,0.000,0.000,0.000,0.000,0.006,0.000,0.000,0.006,0.000
53.7052,537,0,move,-1,53.7052,53.7150,0,0.000,0.000,0.176,-0.176,-42.627,30.586,-0.264,-0.088,0.176,0.000,0.000,-0.088,-0.088,0.176,0.000,0.000,0.439,0.176,0.000,0.000,0.000,0.000,-42.955,30.587,0.000,0.000,0.000,0.000,0.000,0.000,0.000,0.000,0.000,0.000,0.000,0.000,0.006,2.4,11.30,33.0,0.000,0.000,0.006,0.000,0.006,0.000,0.000,0.000,0.000,0.000,0.000,0.000,0.000,0.006,0.000,0.000,0.006,0.000
53.8050,538,0,move,-1,53.8050,53.8166,0,0.000,0.000,0.176,-0.176,-42.627,30.586,-0.264,-0.088,0.176,0.000,0.000,-0.088,-0.088,0.176,0.000,0.000,0.439,0.176,0.000,0.000,0.000,0.000,-42.955,30.587,0.000,0.000,0.000,0.000,0.000,0.000,0.000,0.000,0.000,0.000,0.000,0.000,0.006,4.0,11.30,31.0,0.000,0.000,0.000,0.000,0.006,0.000,0.000,0.000,0.000,0.000,0.000,0.000,0.000,0.006,0.000,0.000,0.006,0.000
53.9051,539,0,move,-1,53.9051,53.9194,0,0.000,0.000,0.176,-0.176,-42.627,30.586,-0.264,-0.088,0.176,0.000,0.000,-0.088,-0.088,0.176,0.000,0.000,0.439,0.176,0.000,0.000,0.000,0.000,-42.955,30.587,0.000,0.000,0.000,0.000,0.000,0.000,0.000,0.000,0.000,0.000,0.000,0.000,0.013,4.8,11.30,32.0,0.000,0.000,0.000,0.000,0.006,0.000,0.006,0.000,0.000,0.000,0.000,0.000,0.000,0.006,0.000,0.000,0.013,0.000
54.0052,540,0,move,-1,54.0052,54.0172,0,0.000,0.000,0.176,-0.176,-42.627,30.586,-0.264,-0.088,0.176,0.000,0.000,-0.088,-0.088,0.176,0.000,0.000,0.439,0.176,0.000,0.000,0.000,0.000,-43.059,30.640,0.000,0.000,0.000,0.000,0.000,0.000,0.000,0.000,0.000,0.000,0.000,0.000,0.013,4.8,11.30,32.0,0.000,0.000,0.000,0.000,0.006,0.000,0.006,0.000,0.000,0.000,0.000,0.000,0.000,0.006,0.000,0.000,0.013,0.000
54.1203,541,0,move,-1,54.1203,54.1305,0,0.000,0.000,0.176,-0.176,-42.627,30.586,-0.264,-0.088,0.176,0.000,0.000,-0.088,-0.088,0.176,0.000,0.000,0.439,0.176,0.000,0.000,0.000,0.000,-43.362,30.795,0.000,0.000,0.000,0.000,0.000,0.000,0.000,0.000,0.000,0.000,0.000,0.000,0.013,4.8,11.30,31.0,0.000,0.000,0.000,0.000,0.006,0.000,0.000,0.000,0.000,0.000,0.000,0.000,0.000,0.006,0.000,0.000,0.013,0.000
54.2052,542,0,move,-1,54.2052,54.2189,0,0.000,0.000,0.176,-0.176,-42.715,30.762,-0.264,-0.088,0.176,0.000,0.000,-0.088,-0.088,0.176,0.000,0.000,0.439,0.176,0.000,0.000,0.000,0.000,-43.833,31.033,0.000,0.000,0.000,0.000,0.000,0.000,0.000,0.000,0.000,0.000,0.000,0.000,0.013,4.8,11.30,31.0,0.000,0.000,0.000,0.000,0.006,0.000,0.000,0.000,0.000,0.000,0.000,0.000,0.000,0.006,0.000,0.000,0.013,0.000
54.3052,543,0,move,-1,54.3052,54.3163,0,0.000,0.000,0.176,-0.176,-42.979,30.850,-0.264,-0.088,0.176,0.000,0.000,-0.088,-0.088,0.176,0.000,0.000,0.439,0.176,0.000,0.000,0.000,0.000,-44.421,31.329,0.000,0.000,0.000,0.000,0.000,0.000,0.000,0.000,0.000,0.000,0.000,0.000,0.019,8.4,11.30,31.0,0.000,0.000,0.000,0.006,0.019,0.006,0.000,0.000,0.000,0.000,0.000,0.000,0.000,0.006,0.000,0.000,0.013,0.000
54.4052,544,0,move,-1,54.4052,54.4179,0,0.000,0.000,0.176,-0.176,-43.594,31.201,-0.264,-0.088,0.176,0.000,0.000,-0.088,-0.088,0.176,0.000,0.000,0.439,0.176,0.000,0.000,0.000,0.000,-45.069,31.653,0.000,0.000,0.000,0.000,0.000,0.000,0.000,0.000,0.000,0.000,0.000,0.000,0.019,8.4,11.30,31.0,0.000,0.000,0.006,0.000,0.019,0.006,0.006,0.000,0.000,0.000,0.000,0.000,0.000,0.006,0.000,0.000,0.006,0.006
54.5052,545,0,move,-1,54.5052,54.5166,0,0.000,0.000,0.176,-0.176,-44.121,31.465,-0.264,-0.088,0.176,0.000,0.000,-0.088,-0.088,0.176,0.000,0.000,0.439,0.176,0.000,0.000,0.000,0.000,-45.712,31.972,0.000,0.000,0.000,0.000,0.000,0.000,0.000,0.000,0.000,0.000,0.000,0.000,0.019,8.4,11.30,31.0,0.000,0.000,0.006,0.000,0.019,0.006,0.006,0.000,0.000,0.000,0.000,0.000,0.000,0.006,0.000,0.000,0.006,0.006
54.6050,546,0,move,-1,54.6050,54.6176,0,0.000,0.000,0.176,-0.176,-44.736,31.816,-0.264,-0.088,0.176,0.000,0.000,-0.088,-0.088,0.176,0.000,0.000,0.439,0.176,0.000,0.000,0.000,0.000,-46.288,32.255,0.000,0.000,0.000,0.000,0.000,0.000,0.000,0.000,0.000,0.000,0.000,0.000,0.019,10.4,11.30,32.0,0.000,0.000,0.000,0.006,0.019,0.000,0.006,0.000,0.000,0.000,0.000,0.000,0.000,0.006,0.000,0.000,0.006,0.000
54.7053,547,0,move,-1,54.7053,54.7168,0,0.000,0.000,0.176,-0.176,-45.352,32.168,-0.264,-0.088,0.176,0.000,0.000,-0.088,-0.088,0.176,0.000,0.000,0.439,0.176,0.000,0.000,0.000,0.000,-46.742,32.477,0.000,0.000,0.000,0.000,0.000,0.000,0.000,0.000,0.000,0.000,0.000,0.000,0.019,10.4,11.30,32.0,0.000,0.000,0.000,0.006,0.019,0.000,0.006,0.000,0.000,0.000,0.000,0.000,0.000,0.006,0.000,0.000,0.006,0.000
54.8052,548,0,move,-1,54.8052,54.8173,0,0.000,0.000,0.176,-0.176,-45.967,32.432,-0.264,-0.088,0.176,0.000,0.000,-0.088,-0.088,0.176,0.000,0.000,0.439,0.176,0.000,0.000,0.000,0.000,-47.033,32.619,0.000,0.000,0.000,0.000,0.000,0.000,0.000,0.000,0.000,0.000,0.000,0.000,0.006,2.4,11.30,32.0,0.000,0.000,0.000,0.006,0.006,0.006,0.000,0.000,0.000,0.000,0.000,0.000,0.000,0.000,0.000,0.000,0.006,0.000
54.9052,549,0,move,-1,54.9052,54.9194,0,0.000,0.000,0.176,-0.176,-46.230,32.607,-0.264,-0.088,0.176,0.000,0.000,-0.088,-0.088,0.176,0.000,0.000,0.439,0.176,0.000,0.000,0.000,0.000,-47.133,32.667,0.000,0.000,0.000,0.000,0.000,0.000,0.000,0.000,0.000,0.000,0.000,0.000,0.013,7.6,11.20,31.0,0.000,0.000,0.000,0.006,0.013,0.000,0.006,0.000,0.000,0.000,0.000,0.000,0.000,0.006,0.000,0.000,0.006,0.006
55.0052,550,0,move,-1,55.0052,55.0159,0,0.000,0.000,0.176,-0.176,-46.318,32.607,-0.264,-0.088,0.176,0.000,0.000,-0.088,-0.088,0.176,0.000,0.000,0.439,0.176,0.000,0.000,0.000,0.000,-47.133,32.667,0.000,0.000,0.000,0.000,0.000,0.000,0.000,0.000,0.000,0.000,0.000,0.000,0.013,7.6,11.20,31.0,0.000,0.000,0.000,0.006,0.013,0.000,0.006,0.000,0.000,0.000,0.000,0.000,0.000,0.006,0.000,0.000,0.006,0.006
55.1052,551,0,move,-1,55.1052,55.1166,0,0.000,0.000,0.176,-0.176,-46.318,32.607,-0.264,-0.088,0.176,0.000,0.000,-0.088,-0.088,0.176,0.000,0.000,0.439,0.176,0.000,0.000,0.000,0.000,-47.133,32.667,0.000,0.000,0.000,0.000,0.000,0.000,0.000,0.000,0.000,0.000,0.000,0.000,0.019,8.0,11.30,31.0,0.000,0.000,0.000,0.000,0.019,0.000,0.006,0.000,0.000,0.000,0.000,0.000,0.000,0.006,0.000,0.000,0.013,0.000
55.2147,552,0,move,-1,55.2147,55.2256,0,0.000,0.000,0.176,-0.176,-46.318,32.607,-0.264,-0.088,0.176,0.000,0.000,-0.088,-0.088,0.176,0.000,0.000,0.439,0.176,0.000,0.000,0.000,0.000,-47.133,32.667,0.000,0.000,0.000,0.000,0.000,0.000,0.000,0.000,0.000,0.000,0.000,0.000,0.019,8.0,11.30,31.0,0.000,0.000,0.000,0.000,0.019,0.000,0.000,0.000,0.006,0.000,0.000,0.000,0.000,0.006,0.000,0.000,0.006,0.000
55.3191,553,0,move,-1,55.3191,55.3295,0,0.000,0.000,0.176,-0.176,-46.318,32.607,-0.264,-0.088,0.176,0.000,0.000,-0.088,-0.088,0.176,0.000,0.000,0.439,0.176,0.000,0.000,0.000,0.000,-47.133,32.667,0.000,0.000,0.000,0.000,0.000,0.000,0.000,0.000,0.000,0.000,0.000,0.000,0.013,8.0,11.30,32.0,0.000,0.000,0.006,0.000,0.013,0.000,0.000,0.000,0.006,0.000,0.000,0.000,0.000,0.006,0.000,0.000,0.006,0.006
55.4052,554,0,move,-1,55.4052,55.4166,0,0.000,0.000,0.176,-0.176,-46.318,32.607,-0.264,-0.088,0.176,0.000,0.000,-0.088,-0.088,0.176,0.000,0.000,0.439,0.176,0.000,0.000,0.000,0.000,-47.133,32.667,0.000,0.000,0.000,0.000,0.000,0.000,0.000,0.000,0.000,0.000,0.000,0.000,0.013,8.0,11.30,32.0,0.000,0.000,0.006,0.000,0.013,0.000,0.000,0.000,0.006,0.000,0.000,0.000,0.000,0.006,0.000,0.000,0.006,0.006
55.5052,555,0,move,-1,55.5052,55.5169,0,0.000,0.000,0.176,-0.176,-46.318,32.607,-0.264,-0.088,0.176,0.000,0.000,-0.088,-0.088,0.176,0.000,0.000,0.439,0.176,0.000,0.000,0.000,0.000,-47.133,32.667,0.000,0.000,0.000,0.000,0.000,0.000,0.000,0.000,0.000,0.000,0.000,0.000,0.019,8.0,11.30,31.0,0.000,0.000,0.000,0.000,0.019,0.000,0.000,0.000,0.000,0.000,0.000,0.000,0.000,0.006,0.000,0.000,0.006,0.000
55.6051,556,0,move,-1,55.6051,55.6154,0,0.000,0.000,0.176,-0.176,-46.318,32.607,-0.264,-0.088,0.176,0.000,0.000,-0.088,-0.088,0.176,0.000,0.000,0.439,0.176,0.000,0.000,0.000,0.000,-47.133,32.667,0.000,0.000,0.000,0.000,0.000,0.000,0.000,0.000,0.000,0.000,0.000,0.000,0.019,8.0,11.30,31.0,0.000,0.000,0.000,0.000,0.019,0.000,0.000,0.000,0.000,0.000,0.000,0.000,0.000,0.006,0.000,0.000,0.006,0.000
55.7082,557,0,move,-1,55.7082,55.7322,0,0.000,0.000,0.176,-0.176,-46.318,32.607,-0.264,-0.088,0.176,0.000,0.000,-0.088,-0.088,0.176,0.000,0.000,0.439,0.176,0.000,0.000,0.000,0.000,-47.133,32.667,0.000,0.000,0.000,0.000,0.000,0.000,0.000,0.000,0.000,0.000,0.000,0.000,0.013,8.0,11.30,31.0,0.000,0.000,0.006,0.006,0.013,0.000,0.000,0.000,0.000,0.000,0.000,0.000,0.000,0.006,0.000,0.000,0.006,0.006
55.8052,558,0,move,-1,55.8052,55.8159,0,0.000,0.000,0.176,-0.176,-46.318,32.607,-0.264,-0.088,0.176,0.000,0.000,-0.088,-0.088,0.176,0.000,0.000,0.439,0.176,0.000,0.000,0.000,0.000,-47.133,32.667,0.000,0.000,0.000,0.000,0.000,0.000,0.000,0.000,0.000,0.000,0.000,0.000,0.013,8.0,11.30,31.0,0.000,0.000,0.006,0.006,0.013,0.000,0.000,0.000,0.000,0.000,0.000,0.000,0.000,0.006,0.000,0.000,0.006,0.006
55.9052,559,0,move,-1,55.9052,55.9164,0,0.000,0.000,0.176,-0.176,-46.406,32.607,-0.264,-0.088,0.176,0.000,0.000,-0.088,-0.088,0.176,0.000,0.000,0.439,0.176,0.000,0.000,0.000,0.000,-47.133,32.667,0.000,0.000,0.000,0.000,0.000,0.000,0.000,0.000,0.000,0.000,0.000,0.000,0.013,7.2,11.30,31.0,0.000,0.000,0.000,0.006,0.013,0.000,0.000,0.000,0.000,0.000,0.000,0.000,0.000,0.006,0.000,0.000,0.006,0.006
56.0052,560,0,move,-1,56.0052,56.0195,0,0.000,0.000,0.176,-0.176,-46.406,32.607,-0.264,-0.088,0.176,0.000,0.000,-0.088,-0.088,0.176,0.000,0.000,0.439,0.176,0.000,0.000,0.000,0.000,-47.133,32.667,0.000,0.000,0.000,0.000,0.000,0.000,0.000,0.000,0.000,0.000,0.000,0.000,0.013,7.2,11.30,31.0,0.000,0.000,0.000,0.000,0.013,0.000,0.006,0.000,0.000,0.000,0.000,0.000,0.000,0.006,0.000,0.000,0.013,0.006
56.1115,561,0,move,-1,56.1115,56.1232,0,0.000,0.000,0.176,-0.176,-46.406,32.607,-0.264,-0.088,0.176,0.000,0.000,-0.088,-0.088,0.176,0.000,0.000,0.439,0.176,0.000,0.000,0.000,0.000,-47.133,32.667,0.000,0.000,0.000,0.000,0.000,0.000,0.000,0.000,0.000,0.000,0.000,0.000,0.013,6.4,11.30,31.0,0.000,0.000,0.006,0.006,0.013,0.000,0.006,0.000,0.000,0.000,0.000,0.000,0.000,0.006,0.000,0.000,0.013,0.000
56.2051,562,0,move,-1,56.2051,56.2163,0,0.000,0.000,0.176,-0.176,-46.406,32.607,-0.264,-0.088,0.176,0.000,0.000,-0.088,-0.088,0.176,0.000,0.000,0.439,0.176,0.000,0.000,0.000,0.000,-47.133,32.667,0.000,0.000,0.000,0.000,0.000,0.000,0.000,0.000,0.000,0.000,0.000,0.000,0.013,6.4,11.30,31.0,0.000,0.000,0.006,0.006,0.013,0.000,0.006,0.000,0.000,0.000,0.000,0.000,0.000,0.006,0.000,0.000,0.013,0.000
56.3052,563,0,move,-1,56.3052,56.3166,0,0.000,0.000,0.176,-0.176,-46.406,32.607,-0.264,-0.088,0.176,0.000,0.000,-0.088,-0.088,0.176,0.000,0.000,0.439,0.176,0.000,0.000,0.000,0.000,-47.133,32.667,0.000,0.000,0.000,0.000,0.000,0.000,0.000,0.000,0.000,0.000,0.000,0.000,0.019,7.2,11.30,31.0,0.000,0.000,0.000,0.000,0.019,0.000,0.006,0.000,0.000,0.000,0.000,0.000,0.000,0.006,0.000,0.000,0.013,0.000
56.4052,564,0,move,-1,56.4052,56.4156,0,0.000,0.000,0.176,-0.176,-46.406,32.607,-0.264,-0.088,0.176,0.000,0.000,-0.088,-0.088,0.176,0.000,0.000,0.439,0.176,0.000,0.000,0.000,0.000,-47.133,32.667,0.000,0.000,0.000,0.000,0.000,0.000,0.000,0.000,0.000,0.000,0.000,0.000,0.019,7.2,11.30,31.0,0.000,0.000,0.000,0.000,0.019,0.000,0.006,0.000,0.000,0.000,0.000,0.000,0.000,0.006,0.000,0.000,0.013,0.000
56.5052,565,0,move,-1,56.5052,56.5245,0,0.000,0.000,0.176,-0.176,-46.406,32.607,-0.264,-0.088,0.176,0.000,0.000,-0.088,-0.088,0.176,0.000,0.000,0.439,0.176,0.000,0.000,0.000,0.000,-47.133,32.667,0.000,0.000,0.000,0.000,0.000,0.000,0.000,0.000,0.000,0.000,0.000,0.000,0.013,7.2,11.20,31.0,0.000,0.000,0.000,0.000,0.013,0.000,0.006,0.000,0.006,0.000,0.000,0.000,0.000,0.006,0.000,0.000,0.013,0.006
56.6053,566,0,move,-1,56.6053,56.6912,0,0.000,0.000,0.176,-0.176,-46.406,32.607,-0.264,-0.088,0.176,0.000,0.000,-0.088,-0.088,0.176,0.000,0.000,0.439,0.176,0.000,0.000,0.000,0.000,-47.133,32.667,0.000,0.000,0.000,0.000,0.000,0.000,0.000,0.000,0.000,0.000,0.000,0.000,0.019,7.2,11.30,31.0,0.000,0.000,0.000,0.000,0.019,0.000,0.006,0.000,0.000,0.000,0.000,0.000,0.000,0.006,0.000,0.000,0.013,0.006
56.7208,567,0,move,-1,56.7208,56.7726,0,0.000,0.000,0.176,-0.176,-46.406,32.607,-0.264,-0.088,0.176,0.000,0.000,-0.088,-0.088,0.176,0.000,0.000,0.439,0.176,0.000,0.000,0.000,0.000,-47.133,32.667,0.000,0.000,0.000,0.000,0.000,0.000,0.000,0.000,0.000,0.000,0.000,0.000,0.019,7.2,11.30,31.0,0.000,0.000,0.000,0.000,0.019,0.000,0.006,0.000,0.000,0.000,0.000,0.000,0.000,0.006,0.000,0.000,0.013,0.006
56.8052,568,0,move,-1,56.8052,56.8170,0,0.000,0.000,0.176,-0.176,-46.406,32.607,-0.264,-0.088,0.176,0.000,0.000,-0.088,-0.088,0.176,0.000,0.000,0.439,0.176,0.000,0.000,0.000,0.000,-47.133,32.667,0.000,0.000,0.000,0.000,0.000,0.000,0.000,0.000,0.000,0.000,0.000,0.000,0.006,7.2,11.30,31.0,0.000,0.000,0.000,0.000,0.006,0.000,0.000,0.000,0.006,0.000,0.000,0.000,0.000,0.006,0.000,0.000,0.006,0.006
56.9052,569,0,move,-1,56.9052,56.9199,0,0.000,0.000,0.176,-0.176,-46.406,32.607,-0.264,-0.088,0.176,0.000,0.000,-0.088,-0.088,0.176,0.000,0.000,0.439,0.176,0.000,0.000,0.000,0.000,-47.133,32.667,0.000,0.000,0.000,0.000,0.000,0.000,0.000,0.000,0.000,0.000,0.000,0.000,0.013,7.2,11.20,31.0,0.000,0.000,0.000,0.000,0.013,0.000,0.000,0.000,0.000,0.000,0.000,0.000,0.000,0.006,0.000,0.000,0.006,0.000
57.0052,570,0,move,-1,57.0052,57.0173,0,0.000,0.000,0.176,-0.176,-46.406,32.607,-0.264,-0.088,0.176,0.000,0.000,-0.088,-0.088,0.176,0.000,0.000,0.439,0.176,0.000,0.000,0.000,0.000,-47.133,32.667,0.000,0.000,0.000,0.000,0.000,0.000,0.000,0.000,0.000,0.000,0.000,0.000,0.013,7.2,11.20,31.0,0.000,0.000,0.000,0.000,0.013,0.000,0.000,0.000,0.000,0.000,0.000,0.000,0.000,0.006,0.000,0.000,0.006,0.000
57.1052,571,0,move,-1,57.1052,57.1153,0,0.000,0.000,0.176,-0.176,-46.406,32.607,-0.264,-0.088,0.176,0.000,0.000,-0.088,-0.088,0.176,0.000,0.000,0.439,0.176,0.000,0.000,0.000,0.000,-47.133,32.667,0.000,0.000,0.000,0.000,0.000,0.000,0.000,0.000,0.000,0.000,0.000,0.000,0.013,7.2,11.30,31.0,0.000,0.000,0.000,0.000,0.013,0.000,0.006,0.000,0.000,0.000,0.000,0.000,0.000,0.006,0.000,0.000,0.006,0.006
57.2052,572,0,move,-1,57.2052,57.2164,0,0.000,0.000,0.176,-0.176,-46.406,32.607,-0.264,-0.088,0.176,0.000,0.000,-0.088,-0.088,0.176,0.000,0.000,0.439,0.176,0.000,0.000,0.000,0.000,-47.133,32.667,0.000,0.000,0.000,0.000,0.000,0.000,0.000,0.000,0.000,0.000,0.000,0.000,0.013,7.2,11.30,32.0,0.000,0.000,0.000,0.006,0.013,0.000,0.006,0.000,0.006,0.000,0.000,0.000,0.000,0.006,0.000,0.000,0.013,0.006
57.3052,573,0,move,-1,57.3052,57.3162,0,0.000,0.000,0.176,-0.176,-46.406,32.607,-0.264,-0.088,0.176,0.000,0.000,-0.088,-0.088,0.176,0.000,0.000,0.439,0.176,0.000,0.000,0.000,0.000,-47.133,32.667,0.000,0.000,0.000,0.000,0.000,0.000,0.000,0.000,0.000,0.000,0.000,0.000,0.013,7.2,11.30,32.0,0.000,0.000,0.000,0.006,0.013,0.000,0.006,0.000,0.006,0.000,0.000,0.000,0.000,0.006,0.000,0.000,0.013,0.006
57.4050,574,0,move,-1,57.4050,57.4160,0,0.000,0.000,0.176,-0.176,-46.406,32.607,-0.264,-0.088,0.176,0.000,0.000,-0.088,-0.088,0.176,0.000,0.000,0.439,0.176,0.000,0.000,0.000,0.000,-47.133,32.667,0.000,0.000,0.000,0.000,0.000,0.000,0.000,0.000,0.000,0.000,0.000,0.000,0.013,7.2,11.30,32.0,0.000,0.000,0.006,0.000,0.013,0.000,0.006,0.000,0.000,0.000,0.000,0.000,0.000,0.006,0.000,0.000,0.006,0.000
57.5052,575,0,move,-1,57.5052,57.5194,0,0.000,0.000,0.176,-0.176,-46.406,32.607,-0.264,-0.088,0.176,0.000,0.000,-0.088,-0.088,0.176,0.000,0.000,0.439,0.176,0.000,0.000,0.000,0.000,-47.133,32.667,0.000,0.000,0.000,0.000,0.000,0.000,0.000,0.000,0.000,0.000,0.000,0.000,0.019,7.2,11.30,31.0,0.000,0.000,0.000,0.000,0.019,0.000,0.006,0.000,0.006,0.000,0.000,0.000,0.000,0.006,0.000,0.000,0.013,0.006
57.6050,576,0,move,-1,57.6050,57.6151,0,0.000,0.000,0.176,-0.176,-46.406,32.607,-0.264,-0.088,0.176,0.000,0.000,-0.088,-0.088,0.176,0.000,0.000,0.439,0.176,0.000,0.000,0.000,0.000,-47.133,32.667,0.000,0.000,0.000,0.000,0.000,0.000,0.000,0.000,0.000,0.000,0.000,0.000,0.019,7.2,11.30,31.0,0.000,0.000,0.000,0.000,0.019,0.000,0.006,0.000,0.006,0.000,0.000,0.000,0.000,0.006,0.000,0.000,0.013,0.006
57.7052,577,0,move,-1,57.7052,57.7161,0,0.000,0.000,0.176,-0.176,-46.406,32.607,-0.264,-0.088,0.176,0.000,0.000,-0.088,-0.088,0.176,0.000,0.000,0.439,0.176,0.000,0.000,0.000,0.000,-47.133,32.667,0.000,0.000,0.000,0.000,0.000,0.000,0.000,0.000,0.000,0.000,0.000,0.000,0.019,7.2,11.30,31.0,0.000,0.000,0.006,0.000,0.019,0.000,0.006,0.000,0.000,0.000,0.000,0.000,0.000,0.006,0.000,0.000,0.006,0.006
57.8050,578,0,move,-1,57.8050,57.8160,0,0.000,0.000,0.176,-0.176,-46.406,32.607,-0.264,-0.088,0.176,0.000,0.000,-0.088,-0.088,0.176,0.000,0.000,0.439,0.176,0.000,0.000,0.000,0.000,-47.133,32.667,0.000,0.000,0.000,0.000,0.000,0.000,0.000,0.000,0.000,0.000,0.000,0.000,0.019,7.2,11.30,31.0,0.000,0.000,0.006,0.000,0.019,0.000,0.006,0.000,0.000,0.000,0.000,0.000,0.000,0.006,0.000,0.000,0.006,0.006
57.9052,579,0,move,-1,57.9052,57.9173,0,0.000,0.000,0.176,-0.176,-46.406,32.607,-0.264,-0.088,0.176,0.000,0.000,-0.088,-0.088,0.176,0.000,0.000,0.439,0.176,0.000,0.000,0.000,0.000,-47.133,32.667,0.000,0.000,0.000,0.000,0.000,0.000,0.000,0.000,0.000,0.000,0.000,0.000,0.013,7.2,11.20,31.0,0.000,0.000,0.000,0.000,0.013,0.000,0.006,0.000,0.000,0.000,0.000,0.000,0.000,0.006,0.000,0.000,0.006,0.006
58.0052,580,0,move,-1,58.0052,58.0157,0,0.000,0.000,0.176,-0.176,-46.406,32.607,-0.264,-0.088,0.176,0.000,0.000,-0.088,-0.088,0.176,0.000,0.000,0.439,0.176,0.000,0.000,0.000,0.000,-47.233,32.716,0.000,0.000,0.000,0.000,0.000,0.000,0.000,0.000,0.000,0.000,0.000,0.000,0.013,7.2,11.20,31.0,0.000,0.000,0.000,0.000,0.013,0.000,0.006,0.000,0.000,0.000,0.000,0.000,0.000,0.006,0.000,0.000,0.006,0.006
58.1052,581,0,move,-1,58.1052,58.1203,0,0.000,0.000,0.176,-0.176,-46.406,32.607,-0.264,-0.088,0.176,0.000,0.000,-0.088,-0.088,0.176,0.000,0.000,0.439,0.176,0.000,0.000,0.000,0.000,-47.522,32.856,0.000,0.000,0.000,0.000,0.000,0.000,0.000,0.000,0.000,0.000,0.000,0.000,0.019,8.0,11.20,31.0,0.000,0.000,0.000,0.000,0.019,0.000,0.006,0.000,0.000,0.000,0.000,0.000,0.000,0.006,0.000,0.000,0.006,0.006
58.2050,582,0,move,-1,58.2050,58.2160,0,0.000,0.000,0.176,-0.176,-46.758,32.695,-0.264,-0.088,0.176,0.000,0.000,-0.088,-0.088,0.176,0.000,0.000,0.439,0.176,0.000,0.000,0.000,0.000,-47.971,33.071,0.000,0.000,0.000,0.000,0.000,0.000,0.000,0.000,0.000,0.000,0.000,0.000,0.019,8.0,11.20,31.0,0.000,0.000,0.000,0.000,0.019,0.000,0.006,0.000,0.000,0.000,0.000,0.000,0.000,0.006,0.000,0.000,0.006,0.006
58.3052,583,0,move,-1,58.3052,58.3171,0,0.000,0.000,0.176,-0.176,-47.021,32.959,-0.264,-0.088,0.176,0.000,0.000,-0.088,-0.088,0.176,0.000,0.000,0.439,0.176,0.000,0.000,0.000,0.000,-48.535,33.340,0.000,0.000,0.000,0.000,0.000,0.000,0.000,0.000,0.000,0.000,0.000,0.000,0.013,4.8,11.30,32.0,0.000,0.000,0.000,0.006,0.006,0.000,0.006,0.000,0.006,0.000,0.000,0.000,0.000,0.006,0.000,0.000,0.013,0.006
58.4052,584,0,move,-1,58.4052,58.4161,0,0.000,0.000,0.176,-0.176,-47.725,33.311,-0.264,-0.088,0.176,0.000,0.000,-0.088,-0.088,0.176,0.000,0.000,0.439,0.176,0.000,0.000,0.000,0.000,-49.154,33.634,0.000,0.000,0.000,0.000,0.000,0.000,0.000,0.000,0.000,0.000,0.000,0.000,0.013,4.8,11.30,32.0,0.000,0.000,0.000,0.006,0.006,0.000,0.006,0.000,0.006,0.000,0.000,0.000,0.000,0.006,0.000,0.000,0.013,0.006
58.5052,585,0,move,-1,58.5052,58.5176,0,0.000,0.000,0.176,-0.176,-48.252,33.574,-0.264,-0.088,0.176,0.000,0.000,-0.088,-0.088,0.176,0.000,0.000,0.439,0.176,0.000,0.000,0.000,0.000,-49.772,33.924,0.000,0.000,0.000,0.000,0.000,0.000,0.000,0.000,0.000,0.000,0.000,0.000,0.026,10.4,11.30,32.0,0.000,0.000,0.000,0.000,0.026,0.006,0.006,0.000,0.000,0.000,0.000,0.000,0.000,0.006,0.000,0.000,0.013,0.000
58.6052,586,0,move,-1,58.6052,58.6164,0,0.000,0.000,0.176,-0.176,-48.779,33.838,-0.264,-0.088,0.176,0.000,0.000,-0.088,-0.088,0.176,0.000,0.000,0.439,0.176,0.000,0.000,0.000,0.000,-50.327,34.182,0.000,0.000,0.000,0.000,0.000,0.000,0.000,0.000,0.000,0.000,0.000,0.000,0.026,10.4,11.30,32.0,0.000,0.000,0.000,0.000,0.026,0.006,0.006,0.000,0.000,0.000,0.000,0.000,0.000,0.006,0.000,0.000,0.013,0.000
58.7052,587,0,move,-1,58.7052,58.7159,0,0.000,0.000,0.176,-0.176,-49.395,34.189,-0.264,-0.088,0.176,0.000,0.000,-0.088,-0.088,0.176,0.000,0.000,0.439,0.176,0.000,0.000,0.000,0.000,-50.765,34.384,0.000,0.000,0.000,0.000,0.000,0.000,0.000,0.000,0.000,0.000,0.000,0.000,0.019,10.0,11.30,32.0,0.006,0.000,0.000,0.000,0.019,0.006,0.006,0.000,0.000,0.000,0.000,0.000,0.000,0.006,0.000,0.000,0.006,0.006
58.8053,588,0,move,-1,58.8053,58.8152,0,0.000,0.000,0.176,-0.176,-49.834,34.365,-0.264,-0.088,0.176,0.000,0.000,-0.088,-0.088,0.176,0.000,0.000,0.439,0.176,0.000,0.000,0.000,0.000,-51.045,34.512,0.000,0.000,0.000,0.000,0.000,0.000,0.000,0.000,0.000,0.000,0.000,0.000,0.019,10.0,11.30,32.0,0.006,0.000,0.000,0.000,0.019,0.006,0.006,0.000,0.000,0.000,0.000,0.000,0.000,0.006,0.000,0.000,0.006,0.006
58.9052,589,0,move,-1,58.9052,58.9164,0,0.000,0.000,0.176,-0.176,-50.186,34.365,-0.264,-0.088,0.176,0.000,0.000,-0.088,-0.088,0.176,0.000,0.000,0.439,0.176,0.000,0.000,0.000,0.000,-51.141,34.556,0.000,0.000,0.000,0.000,0.000,0.000,0.000,0.000,0.000,0.000,0.000,0.000,0.026,10.0,11.30,32.0,0.000,0.000,0.000,0.000,0.026,0.006,0.000,0.000,0.000,0.000,0.000,0.000,0.000,0.006,0.000,0.000,0.006,0.000
59.0052,590,0,move,-1,59.0052,59.0158,0,0.000,0.000,0.176,-0.176,-50.449,34.453,-0.264,-0.088,0.176,0.000,0.000,-0.088,-0.088,0.176,0.000,0.000,0.439,0.176,0.000,0.000,0.000,0.000,-51.141,34.556,0.000,0.000,0.000,0.000,0.000,0.000,0.000,0.000,0.000,0.000,0.000,0.000,0.026,10.0,11.30,32.0,0.000,0.000,0.000,0.000,0.026,0.006,0.000,0.000,0.000,0.000,0.000,0.000,0.000,0.006,0.000,0.000,0.006,0.000
59.1052,591,0,move,-1,59.1052,59.1168,0,0.000,0.000,0.176,-0.176,-50.449,34.453,-0.264,-0.088,0.176,0.000,0.000,-0.088,-0.088,0.176,0.000,0.000,0.439,0.176,0.000,0.000,0.000,0.000,-51.141,34.556,0.000,0.000,0.000,0.000,0.000,0.000,0.000,0.000,0.000,0.000,0.000,0.000,0.013,7.2,11.30,31.0,0.000,0.000,0.000,0.000,0.013,0.000,0.000,0.000,0.000,0.000,0.000,0.000,0.000,0.006,0.000,0.000,0.013,0.006
59.2052,592,0,move,-1,59.2052,59.2157,0,0.000,0.000,0.176,-0.176,-50.449,34.453,-0.264,-0.088,0.176,0.000,0.000,-0.088,-0.088,0.176,0.000,0.000,0.439,0.176,0.000,0.000,0.000,0.000,-51.141,34.556,0.000,0.000,0.000,0.000,0.000,0.000,0.000,0.000,0.000,0.000,0.000,0.000,0.013,7.2,11.30,31.0,0.000,0.000,0.000,0.000,0.013,0.000,0.000,0.000,0.000,0.000,0.000,0.000,0.000,0.006,0.000,0.000,0.013,0.006
59.3070,593,0,move,-1,59.3070,59.3159,0,0.000,0.000,0.176,-0.176,-50.449,34.453,-0.264,-0.088,0.176,0.000,0.000,-0.088,-0.088,0.176,0.000,0.000,0.439,0.176,0.000,0.000,0.000,0.000,-51.141,34.556,0.000,0.000,0.000,0.000,0.000,0.000,0.000,0.000,0.000,0.000,0.000,0.000,0.013,7.2,11.30,31.0,0.000,0.000,0.000,0.000,0.013,0.000,0.006,0.000,0.006,0.000,0.000,0.000,0.000,0.006,0.000,0.000,0.006,0.000
59.4090,594,0,move,-1,59.4090,59.4245,0,0.000,0.000,0.176,-0.176,-50.449,34.453,-0.264,-0.088,0.176,0.000,0.000,-0.088,-0.088,0.176,0.000,0.000,0.439,0.176,0.000,0.000,0.000,0.000,-51.141,34.556,0.000,0.000,0.000,0.000,0.000,0.000,0.000,0.000,0.000,0.000,0.000,0.000,0.013,7.2,11.20,31.0,0.000,0.000,0.000,0.000,0.013,0.000,0.006,0.000,0.006,0.000,0.000,0.000,0.000,0.006,0.000,0.000,0.006,0.000
59.5052,595,0,move,-1,59.5052,59.5202,0,0.000,0.000,0.176,-0.176,-50.449,34.453,-0.264,-0.088,0.176,0.000,0.000,-0.088,-0.088,0.176,0.000,0.000,0.439,0.176,0.000,0.000,0.000,0.000,-51.141,34.556,0.000,0.000,0.000,0.000,0.000,0.000,0.000,0.000,0.000,0.000,0.000,0.000,0.013,7.2,11.20,31.0,0.000,0.000,0.000,0.000,0.013,0.000,0.006,0.000,0.006,0.000,0.000,0.000,0.000,0.006,0.000,0.000,0.006,0.000
59.6050,596,0,move,-1,59.6050,59.6158,0,0.000,0.000,0.176,-0.176,-50.449,34.453,-0.264,-0.088,0.176,0.000,0.000,-0.088,-0.088,0.176,0.000,0.000,0.439,0.176,0.000,0.000,0.000,0.000,-51.141,34.556,0.000,0.000,0.000,0.000,0.000,0.000,0.000,0.000,0.000,0.000,0.000,0.000,0.013,7.2,11.30,31.0,0.000,0.000,0.000,0.006,0.013,0.000,0.006,0.000,0.006,0.000,0.000,0.000,0.000,0.006,0.000,0.000,0.006,0.000
59.7061,597,0,move,-1,59.7061,59.7168,0,0.000,0.000,0.176,-0.176,-50.449,34.453,-0.264,-0.088,0.176,0.000,0.000,-0.088,-0.088,0.176,0.000,0.000,0.439,0.176,0.000,0.000,0.000,0.000,-51.141,34.556,0.000,0.000,0.000,0.000,0.000,0.000,0.000,0.000,0.000,0.000,0.000,0.000,0.013,7.2,11.30,31.0,0.000,0.000,0.000,0.006,0.013,0.000,0.006,0.000,0.006,0.000,0.000,0.000,0.000,0.006,0.000,0.000,0.006,0.000
59.8175,598,0,move,-1,59.8175,59.8280,0,0.000,0.000,0.176,-0.176,-50.449,34.453,-0.264,-0.088,0.176,0.000,0.000,-0.088,-0.088,0.176,0.000,0.000,0.439,0.176,0.000,0.000,0.000,0.000,-51.141,34.556,0.000,0.000,0.000,0.000,0.000,0.000,0.000,0.000,0.000,0.000,0.000,0.000,0.013,7.2,11.30,32.0,,0.000,0.000,0.000,0.013,0.000,0.006,0.000,0.000,0.000,0.000,0.000,0.000,0.006,0.000,0.000,0.006,0.000
59.9052,599,0,move,-1,59.9052,59.9169,0,0.000,0.000,0.176,-0.176,-50.449,34.453,-0.264,-0.088,0.176,0.000,0.000,-0.088,-0.088,0.176,0.000,0.000,0.439,0.176,0.000,0.000,0.000,0.000,-51.141,34.556,0.000,0.000,0.000,0.000,0.000,0.000,0.000,0.000,0.000,0.000,0.000,0.000,0.013,7.2,11.30,32.0,,0.000,0.000,0.000,0.013,0.000,0.006,0.000,0.000,0.000,0.000,0.000,0.000,0.006,0.000,0.000,0.006,0.000
60.0052,600,0,move,-1,60.0052,60.0154,0,0.000,0.000,0.176,-0.176,-50.537,34.453,-0.264,-0.088,0.176,0.000,0.000,-0.088,-0.088,0.176,0.000,0.000,0.439,0.176,0.000,0.000,0.000,0.000,-51.141,34.556,0.000,0.000,0.000,0.000,0.000,0.000,0.000,0.000,0.000,0.000,0.000,0.000,0.013,6.4,11.30,31.0,0.000,0.000,0.000,0.000,0.013,0.000,0.000,0.000,0.000,0.000,0.000,0.000,0.000,0.000,0.000,0.000,0.006,0.000
60.1051,601,0,move,-1,60.1051,60.1167,0,0.000,0.000,0.176,-0.176,-50.537,34.453,-0.264,-0.088,0.176,0.000,0.000,-0.088,-0.088,0.176,0.000,0.000,0.439,0.176,0.000,0.000,0.000,0.000,-51.141,34.556,0.000,0.000,0.000,0.000,0.000,0.000,0.000,0.000,0.000,0.000,0.000,0.000,0.013,4.8,11.30,32.0,0.000,0.000,0.000,0.000,0.006,0.000,0.006,0.000,0.000,0.000,0.000,0.000,0.000,0.006,0.000,0.000,0.013,0.006
60.2052,602,0,move,-1,60.2052,60.2195,0,0.000,0.000,0.176,-0.176,-50.537,34.453,-0.264,-0.088,0.176,0.000,0.000,-0.088,-0.088,0.176,0.000,0.000,0.439,0.176,0.000,0.000,0.000,0.000,-51.141,34.556,0.000,0.000,0.000,0.000,0.000,0.000,0.000,0.000,0.000,0.000,0.000,0.000,0.013,6.4,11.30,31.0,0.000,0.000,0.000,0.000,0.013,0.000,0.000,0.000,0.000,0.000,0.000,0.000,0.000,0.006,0.000,0.000,0.006,0.006
60.3052,603,0,move,-1,60.3052,60.3148,0,0.000,0.000,0.176,-0.176,-50.537,34.453,-0.264,-0.088,0.176,0.000,0.000,-0.088,-0.088,0.176,0.000,0.000,0.439,0.176,0.000,0.000,0.000,0.000,-51.141,34.556,0.000,0.000,0.000,0.000,0.000,0.000,0.000,0.000,0.000,0.000,0.000,0.000,0.013,6.4,11.30,31.0,0.000,0.000,0.000,0.000,0.013,0.000,0.000,0.000,0.000,0.000,0.000,0.000,0.000,0.006,0.000,0.000,0.006,0.006
60.4052,604,0,move,-1,60.4052,60.4160,0,0.000,0.000,0.176,-0.176,-50.537,34.453,-0.264,-0.088,0.176,0.000,0.000,-0.088,-0.088,0.176,0.000,0.000,0.439,0.176,0.000,0.000,0.000,0.000,-51.141,34.556,0.000,0.000,0.000,0.000,0.000,0.000,0.000,0.000,0.000,0.000,0.000,0.000,0.013,6.4,11.20,31.0,0.000,0.000,0.000,0.006,0.013,0.000,0.006,0.000,0.000,0.000,0.000,0.000,0.000,0.006,0.000,0.000,0.006,0.006
60.5052,605,0,move,-1,60.5052,60.5185,0,0.000,0.000,0.176,-0.176,-50.537,34.453,-0.264,-0.088,0.176,0.000,0.000,-0.088,-0.088,0.176,0.000,0.000,0.439,0.176,0.000,0.000,0.000,0.000,-51.141,34.556,0.000,0.000,0.000,0.000,0.000,0.000,0.000,0.000,0.000,0.000,0.000,0.000,0.013,6.4,11.30,31.0,0.000,0.000,0.006,0.006,0.013,0.000,0.000,0.000,0.006,0.000,0.000,0.000,0.000,0.000,0.000,0.000,0.006,0.000
60.6051,606,0,move,-1,60.6051,60.6148,0,0.000,0.000,0.176,-0.176,-50.537,34.453,-0.264,-0.088,0.176,0.000,0.000,-0.088,-0.088,0.176,0.000,0.000,0.439,0.176,0.000,0.000,0.000,0.000,-51.141,34.556,0.000,0.000,0.000,0.000,0.000,0.000,0.000,0.000,0.000,0.000,0.000,0.000,0.013,6.4,11.30,31.0,0.000,0.000,0.006,0.006,0.013,0.000,0.000,0.000,0.006,0.000,0.000,0.000,0.000,0.000,0.000,0.000,0.006,0.000
60.7052,607,0,move,-1,60.7052,60.7159,0,0.000,0.000,0.176,-0.176,-50.537,34.453,-0.264,-0.088,0.176,0.000,0.000,-0.088,-0.088,0.176,0.000,0.000,0.439,0.176,0.000,0.000,0.000,0.000,-51.141,34.556,0.000,0.000,0.000,0.000,0.000,0.000,0.000,0.000,0.000,0.000,0.000,0.000,0.013,4.8,11.30,32.0,0.000,0.000,0.000,0.000,0.006,0.000,0.000,0.000,0.000,0.000,0.000,0.000,0.000,0.000,0.000,0.000,0.013,0.000
60.8063,608,0,move,-1,60.8063,60.8624,0,0.000,0.000,0.176,-0.176,-50.537,34.453,-0.264,-0.088,0.176,0.000,0.000,-0.088,-0.088,0.176,0.000,0.000,0.439,0.176,0.000,0.000,0.000,0.000,-51.141,34.556,0.000,0.000,0.000,0.000,0.000,0.000,0.000,0.000,0.000,0.000,0.000,0.000,0.013,6.4,11.30,31.0,0.000,0.000,0.000,0.000,0.013,0.000,0.006,0.000,0.000,0.000,0.000,0.000,0.000,0.006,0.000,0.000,0.013,0.000
60.9052,609,0,move,-1,60.9052,60.9160,0,0.000,0.000,0.176,-0.176,-50.537,34.453,-0.264,-0.088,0.176,0.000,0.000,-0.088,-0.088,0.176,0.000,0.000,0.439,0.176,0.000,0.000,0.000,0.000,-51.141,34.556,0.000,0.000,0.000,0.000,0.000,0.000,0.000,0.000,0.000,0.000,0.000,0.000,0.013,6.4,11.30,31.0,0.000,0.000,0.000,0.000,0.013,0.000,0.006,0.000,0.000,0.000,0.000,0.000,0.000,0.006,0.000,0.000,0.013,0.000
61.0052,610,0,move,-1,61.0052,61.0173,0,0.000,0.000,0.176,-0.176,-50.537,34.453,-0.264,-0.088,0.176,0.000,0.000,-0.088,-0.088,0.176,0.000,0.000,0.439,0.176,0.000,0.000,0.000,0.000,-51.141,34.556,0.000,0.000,0.000,0.000,0.000,0.000,0.000,0.000,0.000,0.000,0.000,0.000,0.013,6.4,11.30,32.0,0.000,0.000,0.000,0.000,0.013,0.000,0.006,0.000,0.000,0.000,0.000,0.000,0.000,0.006,0.000,0.000,0.006,0.000
61.1052,611,0,move,-1,61.1052,61.1184,0,0.000,0.000,0.176,-0.176,-50.537,34.453,-0.264,-0.088,0.176,0.000,0.000,-0.088,-0.088,0.176,0.000,0.000,0.439,0.176,0.000,0.000,0.000,0.000,-51.141,34.556,0.000,0.000,0.000,0.000,0.000,0.000,0.000,0.000,0.000,0.000,0.000,0.000,0.013,6.4,11.30,31.0,0.000,0.000,0.000,0.006,0.013,0.000,0.006,0.000,0.000,0.000,0.000,0.000,0.000,0.006,0.000,0.000,0.006,0.000
61.2051,612,0,move,-1,61.2051,61.2158,0,0.000,0.000,0.176,-0.176,-50.537,34.453,-0.264,-0.088,0.176,0.000,0.000,-0.088,-0.088,0.176,0.000,0.000,0.439,0.176,0.000,0.000,0.000,0.000,-51.141,34.556,0.000,0.000,0.000,0.000,0.000,0.000,0.000,0.000,0.000,0.000,0.000,0.000,0.013,6.4,11.30,31.0,0.000,0.000,0.000,0.006,0.013,0.000,0.006,0.000,0.000,0.000,0.000,0.000,0.000,0.006,0.000,0.000,0.006,0.000
61.3052,613,0,move,-1,61.3052,61.3137,0,0.000,0.000,0.176,-0.176,-50.537,34.453,-0.264,-0.088,0.176,0.000,0.000,-0.088,-0.088,0.176,0.000,0.000,0.439,0.176,0.000,0.000,0.000,0.000,-51.141,34.556,0.000,0.000,0.000,0.000,0.000,0.000,0.000,0.000,0.000,0.000,0.000,0.000,0.013,6.4,11.30,31.0,0.000,0.000,0.000,0.000,0.013,0.000,0.006,0.000,0.006,0.000,0.000,0.000,0.000,0.000,0.000,0.000,0.006,0.006
61.4050,614,0,move,-1,61.4050,61.4159,0,0.000,0.000,0.176,-0.176,-50.537,34.453,-0.264,-0.088,0.176,0.000,0.000,-0.088,-0.088,0.176,0.000,0.000,0.439,0.176,0.000,0.000,0.000,0.000,-51.141,34.556,0.000,0.000,0.000,0.000,0.000,0.000,0.000,0.000,0.000,0.000,0.000,0.000,0.013,6.4,11.30,31.0,0.000,0.000,0.000,0.000,0.013,0.000,0.006,0.000,0.000,0.000,0.000,0.000,0.000,0.006,0.000,0.000,0.006,0.000
61.5062,615,0,move,-1,61.5062,61.5184,0,0.000,0.000,0.176,-0.176,-50.537,34.453,-0.264,-0.088,0.176,0.000,0.000,-0.088,-0.088,0.176,0.000,0.000,0.439,0.176,0.000,0.000,0.000,0.000,-51.141,34.556,0.000,0.000,0.000,0.000,0.000,0.000,0.000,0.000,0.000,0.000,0.000,0.000,0.013,6.4,11.30,31.0,0.000,0.000,0.000,0.000,0.013,0.000,0.000,0.000,0.000,0.000,0.000,0.000,0.000,0.006,0.000,0.000,0.006,0.000
61.6052,616,0,move,-1,61.6052,61.6163,0,0.000,0.000,0.176,-0.176,-50.537,34.453,-0.264,-0.088,0.176,0.000,0.000,-0.088,-0.088,0.176,0.000,0.000,0.439,0.176,0.000,0.000,0.000,0.000,-51.141,34.556,0.000,0.000,0.000,0.000,0.000,0.000,0.000,0.000,0.000,0.000,0.000,0.000,0.013,6.4,11.30,31.0,0.000,0.000,0.000,0.000,0.013,0.000,0.000,0.000,0.000,0.000,0.000,0.000,0.000,0.006,0.000,0.000,0.006,0.000
61.7052,617,0,move,-1,61.7052,61.7370,0,0.000,0.000,0.176,-0.176,-50.537,34.453,-0.264,-0.088,0.176,0.000,0.000,-0.088,-0.088,0.176,0.000,0.000,0.439,0.176,0.000,0.000,0.000,0.000,-51.141,34.556,0.000,0.000,0.000,0.000,0.000,0.000,0.000,0.000,0.000,0.000,0.000,0.000,0.013,4.8,11.30,32.0,0.000,0.000,0.000,0.000,0.006,0.000,0.006,0.000,0.000,0.000,0.000,0.000,0.000,0.006,0.000,0.000,0.013,0.000
61.8052,618,0,move,-1,61.8052,61.8166,0,0.000,0.000,0.176,-0.176,-50.537,34.453,-0.264,-0.088,0.176,0.000,0.000,-0.088,-0.088,0.176,0.000,0.000,0.439,0.176,0.000,0.000,0.000,0.000,-51.141,34.556,0.000,0.000,0.000,0.000,0.000,0.000,0.000,0.000,0.000,0.000,0.000,0.000,0.013,4.8,11.30,32.0,0.000,0.000,0.000,0.000,0.006,0.000,0.006,0.000,0.000,0.000,0.000,0.000,0.000,0.006,0.000,0.000,0.013,0.000
61.9052,619,0,move,-1,61.9052,61.9174,0,0.000,0.000,0.176,-0.176,-50.537,34.453,-0.264,-0.088,0.176,0.000,0.000,-0.088,-0.088,0.176,0.000,0.000,0.439,0.176,0.000,0.000,0.000,0.000,-51.141,34.556,0.000,0.000,0.000,0.000,0.000,0.000,0.000,0.000,0.000,0.000,0.000,0.000,0.013,6.4,11.30,31.0,0.000,0.000,0.000,0.000,0.013,0.000,0.006,0.000,0.000,0.000,0.000,0.000,0.000,0.006,0.000,0.000,0.006,0.006
62.0050,620,0,move,-1,62.0050,62.0167,0,0.000,0.000,0.176,-0.176,-50.537,34.453,-0.264,-0.088,0.176,0.000,0.000,-0.088,-0.088,0.176,0.000,0.000,0.439,0.176,0.000,0.000,0.000,0.000,-51.143,34.557,0.000,0.000,0.000,0.000,0.000,0.000,0.000,0.000,0.000,0.000,0.000,0.000,0.013,6.4,11.30,31.0,0.000,0.000,0.000,0.000,0.013,0.000,0.006,0.000,0.000,0.000,0.000,0.000,0.000,0.006,0.000,0.000,0.006,0.006
62.1058,621,0,move,-1,62.1058,62.1172,0,0.000,0.000,0.176,-0.176,-50.537,34.453,-0.264,-0.088,0.176,0.000,0.000,-0.088,-0.088,0.176,0.000,0.000,0.439,0.176,0.000,0.000,0.000,0.000,-51.143,34.557,0.000,0.000,0.000,0.000,0.000,0.000,0.000,0.000,0.000,0.000,0.000,0.000,0.006,2.4,11.30,32.0,0.000,0.000,0.000,0.006,0.006,0.000,0.006,0.000,0.000,0.000,0.000,0.000,0.000,0.006,0.000,0.000,0.006,0.000
62.2052,622,0,move,-1,62.2052,62.2190,0,0.000,0.000,0.176,-0.176,-50.537,34.453,-0.264,-0.088,0.176,0.000,0.000,-0.088,-0.088,0.176,0.000,0.000,0.439,0.176,0.000,0.000,0.000,0.000,-51.143,34.557,0.000,0.000,0.000,0.000,0.000,0.000,0.000,0.000,0.000,0.000,0.000,0.000,0.013,4.8,11.30,32.0,0.000,0.000,0.000,0.000,0.006,0.000,0.000,0.000,0.000,0.000,0.000,0.000,0.000,0.006,0.000,0.000,0.013,0.006
62.3052,623,0,move,-1,62.3052,62.3179,0,0.000,0.000,0.176,-0.176,-50.537,34.453,-0.264,-0.088,0.176,0.000,0.000,-0.088,-0.088,0.176,0.000,0.000,0.439,0.176,0.000,0.000,0.000,0.000,-51.143,34.557,0.000,0.000,0.000,0.000,0.000,0.000,0.000,0.000,0.000,0.000,0.000,0.000,0.013,4.8,11.30,32.0,0.000,0.000,0.000,0.000,0.006,0.000,0.000,0.000,0.000,0.000,0.000,0.000,0.000,0.006,0.000,0.000,0.013,0.006
62.4052,624,0,move,-1,62.4052,62.4204,0,0.000,0.000,0.176,-0.176,-50.537,34.453,-0.264,-0.088,0.176,0.000,0.000,-0.088,-0.088,0.176,0.000,0.000,0.439,0.176,0.000,0.000,0.000,0.000,-51.143,34.557,0.000,0.000,0.000,0.000,0.000,0.000,0.000,0.000,0.000,0.000,0.000,0.000,0.013,6.4,11.30,31.0,0.000,0.000,0.006,0.006,0.013,0.000,0.006,0.000,0.000,0.000,0.000,0.000,0.000,0.006,0.000,0.000,0.006,0.000
62.5052,625,0,move,-1,62.5052,62.5191,0,0.000,0.000,0.176,-0.176,-50.537,34.453,-0.264,-0.088,0.176,0.000,0.000,-0.088,-0.088,0.176,0.000,0.000,0.439,0.176,0.000,0.000,0.000,0.000,-51.143,34.557,0.000,0.000,0.000,0.000,0.000,0.000,0.000,0.000,0.000,0.000,0.000,0.000,0.013,6.4,11.30,31.0,0.000,0.000,0.006,0.006,0.013,0.000,0.006,0.000,0.000,0.000,0.000,0.000,0.000,0.006,0.000,0.000,0.006,0.000
62.6052,626,0,move,-1,62.6052,62.6187,0,0.000,0.000,0.176,-0.176,-50.537,34.453,-0.264,-0.088,0.176,0.000,0.000,-0.088,-0.088,0.176,0.000,0.000,0.439,0.176,0.000,0.000,0.000,0.000,-51.143,34.557,0.000,0.000,0.000,0.000,0.000,0.000,0.000,0.000,0.000,0.000,0.000,0.000,0.013,6.4,11.30,31.0,0.000,0.000,0.006,0.006,0.013,0.000,0.000,0.000,0.000,0.000,0.000,0.000,0.000,0.006,0.000,0.000,0.006,0.000
62.7052,627,0,move,-1,62.7052,62.7160,0,0.000,0.000,0.176,-0.176,-50.537,34.453,-0.264,-0.088,0.176,0.000,0.000,-0.088,-0.088,0.176,0.000,0.000,0.439,0.176,0.000,0.000,0.000,0.000,-51.143,34.557,0.000,0.000,0.000,0.000,0.000,0.000,0.000,0.000,0.000,0.000,0.000,0.000,0.013,6.4,11.30,31.0,0.000,0.000,0.006,0.006,0.013,0.000,0.000,0.000,0.000,0.000,0.000,0.000,0.000,0.006,0.000,0.000,0.006,0.000
62.8052,628,0,move,-1,62.8052,62.8184,0,0.000,0.000,0.176,-0.176,-50.537,34.453,-0.264,-0.088,0.176,0.000,0.000,-0.088,-0.088,0.176,0.000,0.000,0.439,0.176,0.000,0.000,0.000,0.000,-51.143,34.557,0.000,0.000,0.000,0.000,0.000,0.000,0.000,0.000,0.000,0.000,0.000,0.000,0.013,6.4,11.30,32.0,0.000,0.000,0.000,0.000,0.013,0.000,0.006,0.000,0.000,0.000,0.000,0.000,0.000,0.006,0.000,0.000,0.006,0.006
62.9052,629,0,move,-1,62.9052,62.9165,0,0.000,0.000,0.176,-0.176,-50.537,34.453,-0.264,-0.088,0.176,0.000,0.000,-0.088,-0.088,0.176,0.000,0.000,0.439,0.176,0.000,0.000,0.000,0.000,-51.143,34.557,0.000,0.000,0.000,0.000,0.000,0.000,0.000,0.000,0.000,0.000,0.000,0.000,0.013,6.4,11.30,32.0,0.000,0.000,0.000,0.000,0.013,0.000,0.006,0.000,0.000,0.000,0.000,0.000,0.000,0.006,0.000,0.000,0.006,0.006
63.0052,630,0,move,-1,63.0052,63.0184,0,0.000,0.000,0.176,-0.176,-50.537,34.453,-0.264,-0.088,0.176,0.000,0.000,-0.088,-0.088,0.176,0.000,0.000,0.439,0.176,0.000,0.000,0.000,0.000,-51.143,34.557,0.000,0.000,0.000,0.000,0.000,0.000,0.000,0.000,0.000,0.000,0.000,0.000,0.013,6.4,11.30,31.0,0.000,0.000,0.000,0.000,0.013,0.000,0.000,0.000,0.000,0.000,0.000,0.000,0.000,0.006,0.000,0.000,0.006,0.000
63.1052,631,0,move,-1,63.1052,63.1162,0,0.000,0.000,0.176,-0.176,-50.537,34.453,-0.264,-0.088,0.176,0.000,0.000,-0.088,-0.088,0.176,0.000,0.000,0.439,0.176,0.000,0.000,0.000,0.000,-51.143,34.557,0.000,0.000,0.000,0.000,0.000,0.000,0.000,0.000,0.000,0.000,0.000,0.000,0.013,6.4,11.30,31.0,0.000,0.000,0.000,0.000,0.013,0.000,0.000,0.000,0.000,0.000,0.000,0.000,0.000,0.006,0.000,0.000,0.006,0.000
63.2052,632,0,move,-1,63.2052,63.2176,0,0.000,0.000,0.176,-0.176,-50.537,34.453,-0.264,-0.088,0.176,0.000,0.000,-0.088,-0.088,0.176,0.000,0.000,0.439,0.176,0.000,0.000,0.000,0.000,-51.143,34.557,0.000,0.000,0.000,0.000,0.000,0.000,0.000,0.000,0.000,0.000,0.000,0.000,0.006,6.4,11.20,31.0,0.000,0.000,0.000,0.000,0.006,0.000,0.000,0.000,0.000,0.000,0.000,0.000,0.000,0.006,0.000,0.000,0.006,0.000
63.3052,633,0,move,-1,63.3052,63.3177,0,0.000,0.000,0.176,-0.176,-50.537,34.453,-0.264,-0.088,0.176,0.000,0.000,-0.088,-0.088,0.176,0.000,0.000,0.439,0.176,0.000,0.000,0.000,0.000,-51.143,34.557,0.000,0.000,0.000,0.000,0.000,0.000,0.000,0.000,0.000,0.000,0.000,0.000,0.013,6.4,11.30,31.0,0.000,0.000,0.006,0.006,0.013,0.000,0.000,0.000,0.000,0.000,0.000,0.000,0.000,0.006,0.000,0.000,0.006,0.000
63.4154,634,0,move,-1,63.4154,63.4297,0,0.000,0.000,0.176,-0.176,-50.537,34.453,-0.264,-0.088,0.176,0.000,0.000,-0.088,-0.088,0.176,0.000,0.000,0.439,0.176,0.000,0.000,0.000,0.000,-51.143,34.557,0.000,0.000,0.000,0.000,0.000,0.000,0.000,0.000,0.000,0.000,0.000,0.000,0.013,4.8,11.30,31.0,0.000,0.000,0.000,0.000,0.006,0.000,0.006,0.000,0.000,0.000,0.000,0.000,0.000,0.006,0.000,0.000,0.013,0.006
63.5052,635,0,move,-1,63.5052,63.5165,0,0.000,0.000,0.176,-0.176,-50.537,34.453,-0.264,-0.088,0.176,0.000,0.000,-0.088,-0.088,0.176,0.000,0.000,0.439,0.176,0.000,0.000,0.000,0.000,-51.143,34.557,0.000,0.000,0.000,0.000,0.000,0.000,0.000,0.000,0.000,0.000,0.000,0.000,0.013,4.8,11.30,31.0,0.000,0.000,0.000,0.000,0.006,0.000,0.006,0.000,0.000,0.000,0.000,0.000,0.000,0.006,0.000,0.000,0.013,0.006
63.6052,636,0,move,-1,63.6052,63.6176,0,0.000,0.000,0.176,-0.176,-50.537,34.453,-0.264,-0.088,0.176,0.000,0.000,-0.088,-0.088,0.176,0.000,0.000,0.439,0.176,0.000,0.000,0.000,0.000,-51.143,34.557,0.000,0.000,0.000,0.000,0.000,0.000,0.000,0.000,0.000,0.000,0.000,0.000,0.013,6.4,11.30,31.0,0.000,0.000,0.006,0.006,0.013,0.000,0.006,0.000,0.000,0.000,0.000,0.000,0.000,0.006,0.000,0.000,0.006,0.000
63.7053,637,0,move,-1,63.7053,63.7326,0,0.000,0.000,0.176,-0.176,-50.537,34.453,-0.264,-0.088,0.176,0.000,0.000,-0.088,-0.088,0.176,0.000,0.000,0.439,0.176,0.000,0.000,0.000,0.000,-51.143,34.557,0.000,0.000,0.000,0.000,0.000,0.000,0.000,0.000,0.000,0.000,0.000,0.000,0.006,3.2,11.20,32.0,0.000,0.000,0.000,0.000,,0.000,0.006,0.000,0.000,0.000,0.000,0.000,0.000,0.006,0.000,0.000,0.006,0.000
63.8052,638,0,move,-1,63.8052,63.8154,0,0.000,0.000,0.176,-0.176,-50.537,34.453,-0.264,-0.088,0.176,0.000,0.000,-0.088,-0.088,0.176,0.000,0.000,0.439,0.176,0.000,0.000,0.000,0.000,-51.143,34.557,0.000,0.000,0.000,0.000,0.000,0.000,0.000,0.000,0.000,0.000,0.000,0.000,0.006,3.2,11.20,32.0,0.000,0.000,0.000,0.000,,0.000,0.006,0.000,0.000,0.000,0.000,0.000,0.000,0.006,0.000,0.000,0.006,0.000
63.9052,639,0,move,-1,63.9052,63.9168,0,0.000,0.000,0.176,-0.176,-50.537,34.453,-0.264,-0.088,0.176,0.000,0.000,-0.088,-0.088,0.176,0.000,0.000,0.439,0.176,0.000,0.000,0.000,0.000,-51.143,34.557,0.000,0.000,0.000,0.000,0.000,0.000,0.000,0.000,0.000,0.000,0.000,0.000,0.013,6.4,11.30,32.0,0.000,0.000,0.000,0.000,0.013,0.000,0.006,0.000,0.000,0.000,0.000,0.000,0.000,0.006,0.000,0.000,0.013,0.000
64.0052,640,0,move,-1,64.0052,64.0159,0,0.000,0.000,0.176,-0.176,-50.537,34.453,-0.264,-0.088,0.176,0.000,0.000,-0.088,-0.088,0.176,0.000,0.000,0.439,0.176,0.000,0.000,0.000,0.000,-51.143,34.557,0.000,0.000,0.000,0.000,0.000,0.000,0.000,0.000,0.000,0.000,0.000,0.000,0.013,6.4,11.30,32.0,0.000,0.000,0.000,0.000,0.013,0.000,0.006,0.000,0.000,0.000,0.000,0.000,0.000,0.006,0.000,0.000,0.013,0.000
64.1051,641,0,move,-1,64.1051,64.1209,0,0.000,0.000,0.176,-0.176,-50.537,34.453,-0.264,-0.088,0.176,0.000,0.000,-0.088,-0.088,0.176,0.000,0.000,0.439,0.176,0.000,0.000,0.000,0.000,-51.143,34.557,0.000,0.000,0.000,0.000,0.000,0.000,0.000,0.000,0.000,0.000,0.000,0.000,0.013,6.4,11.30,31.0,0.000,0.000,0.000,0.006,0.013,0.000,0.006,0.000,0.000,0.000,0.000,0.000,0.000,0.006,0.000,0.000,0.013,0.006
64.2071,642,0,move,-1,64.2071,64.2226,0,0.000,0.000,0.176,-0.176,-50.537,34.453,-0.264,-0.088,0.176,0.000,0.000,-0.088,-0.088,0.176,0.000,0.000,0.439,0.176,0.000,0.000,0.000,0.000,-51.143,34.557,0.000,0.000,0.000,0.000,0.000,0.000,0.000,0.000,0.000,0.000,0.000,0.000,0.013,6.4,11.30,31.0,0.000,0.000,0.000,0.000,0.013,0.000,0.006,0.000,0.000,0.000,0.000,0.000,0.000,0.000,0.000,0.000,0.013,0.006
64.3050,643,0,move,-1,64.3050,64.3180,0,0.000,0.000,0.176,-0.176,-50.537,34.453,-0.264,-0.088,0.176,0.000,0.000,-0.088,-0.088,0.176,0.000,0.000,0.439,0.176,0.000,0.000,0.000,0.000,-51.143,34.557,0.000,0.000,0.000,0.000,0.000,0.000,0.000,0.000,0.000,0.000,0.000,0.000,0.013,6.4,11.30,31.0,0.000,0.000,0.000,0.000,0.013,0.000,0.006,0.000,0.000,0.000,0.000,0.000,0.000,0.000,0.000,0.000,0.013,0.006
64.4052,644,0,move,-1,64.4052,64.4158,0,0.000,0.000,0.176,-0.176,-50.537,34.453,-0.264,-0.088,0.176,0.000,0.000,-0.088,-0.088,0.176,0.000,0.000,0.439,0.176,0.000,0.000,0.000,0.000,-51.143,34.557,0.000,0.000,0.000,0.000,0.000,0.000,0.000,0.000,0.000,0.000,0.000,0.000,0.013,6.4,11.30,31.0,0.000,0.000,0.000,0.000,0.013,0.000,0.006,0.000,0.000,0.000,0.000,0.000,0.000,0.006,0.000,0.000,0.013,0.006
64.5051,645,0,move,-1,64.5051,64.5171,0,0.000,0.000,0.176,-0.176,-50.537,34.453,-0.264,-0.088,0.176,0.000,0.000,-0.088,-0.088,0.176,0.000,0.000,0.439,0.176,0.000,0.000,0.000,0.000,-51.143,34.557,0.000,0.000,0.000,0.000,0.000,0.000,0.000,0.000,0.000,0.000,0.000,0.000,0.013,6.4,11.20,32.0,0.000,0.000,0.000,0.000,0.013,0.000,0.006,0.000,0.000,0.000,0.000,0.000,0.000,0.006,0.000,0.000,0.006,0.006
64.6052,646,0,move,-1,64.6052,64.6162,0,0.000,0.000,0.176,-0.176,-50.537,34.453,-0.264,-0.088,0.176,0.000,0.000,-0.088,-0.088,0.176,0.000,0.000,0.439,0.176,0.000,0.000,0.000,0.000,-51.143,34.557,0.000,0.000,0.000,0.000,0.000,0.000,0.000,0.000,0.000,0.000,0.000,0.000,0.013,6.4,11.20,32.0,0.000,0.000,0.000,0.000,0.013,0.000,0.006,0.000,0.000,0.000,0.000,0.000,0.000,0.006,0.000,0.000,0.006,0.006
64.7050,647,0,move,-1,64.7050,64.7113,0,0.000,0.000,0.176,-0.176,-50.537,34.453,-0.264,-0.088,0.176,0.000,0.000,-0.088,-0.088,0.176,0.000,0.000,0.439,0.176,0.000,0.000,0.000,0.000,-51.143,34.557,0.000,0.000,0.000,0.000,0.000,0.000,0.000,0.000,0.000,0.000,0.000,0.000,0.013,6.4,11.30,31.0,0.000,0.000,0.000,0.000,0.013,0.000,0.006,0.000,0.000,0.000,0.000,0.000,0.000,0.006,0.000,0.000,0.006,0.006
64.8051,648,0,move,-1,64.8051,64.8279,0,0.000,0.000,0.176,-0.176,-50.537,34.453,-0.264,-0.088,0.176,0.000,0.000,-0.088,-0.088,0.176,0.000,0.000,0.439,0.176,0.000,0.000,0.000,0.000,-51.143,34.557,0.000,0.000,0.000,0.000,0.000,0.000,0.000,0.000,0.000,0.000,0.000,0.000,0.013,6.4,11.30,31.0,0.000,0.000,0.000,0.006,0.013,0.000,0.006,0.000,0.006,0.000,0.000,0.000,0.000,0.006,0.000,0.000,0.006,0.006
64.9052,649,0,move,-1,64.9052,64.9171,0,0.000,0.000,0.176,-0.176,-50.537,34.453,-0.264,-0.088,0.176,0.000,0.000,-0.088,-0.088,0.176,0.000,0.000,0.439,0.176,0.000,0.000,0.000,0.000,-51.143,34.557,0.000,0.000,0.000,0.000,0.000,0.000,0.000,0.000,0.000,0.000,0.000,0.000,0.013,6.4,11.30,31.0,0.000,0.000,0.000,0.006,0.013,0.000,0.006,0.000,0.006,0.000,0.000,0.000,0.000,0.006,0.000,0.000,0.006,0.006
65.0052,650,0,move,-1,65.0052,65.0155,0,0.000,0.000,0.176,-0.176,-50.537,34.453,-0.264,-0.088,0.176,0.000,0.000,-0.088,-0.088,0.176,0.000,0.000,0.439,0.176,0.000,0.000,0.000,0.000,-51.143,34.557,0.000,0.000,0.000,0.000,0.000,0.000,0.000,0.000,0.000,0.000,0.000,0.000,0.013,6.4,11.30,31.0,0.000,0.000,0.000,0.000,0.013,0.000,0.006,0.000,0.000,0.000,0.000,0.000,0.000,0.006,0.000,0.000,0.006,0.000
65.1052,651,0,move,-1,65.1052,65.1174,0,0.000,0.000,0.176,-0.176,-50.537,34.453,-0.264,-0.088,0.176,0.000,0.000,-0.088,-0.088,0.176,0.000,0.000,0.439,0.176,0.000,0.000,0.000,0.000,-51.143,34.557,0.000,0.000,0.000,0.000,0.000,0.000,0.000,0.000,0.000,0.000,0.000,0.000,0.013,6.4,11.30,31.0,0.000,0.000,0.000,0.000,0.013,0.000,0.006,0.000,0.000,0.000,0.000,0.000,0.000,0.006,0.000,0.000,0.006,0.000
65.2052,652,0,move,-1,65.2052,65.2156,0,0.000,0.000,0.176,-0.176,-50.537,34.453,-0.264,-0.088,0.176,0.000,0.000,-0.088,-0.088,0.176,0.000,0.000,0.439,0.176,0.000,0.000,0.000,0.000,-51.143,34.557,0.000,0.000,0.000,0.000,0.000,0.000,0.000,0.000,0.000,0.000,0.000,0.000,0.013,6.4,11.30,31.0,0.000,0.000,0.000,0.000,0.013,0.000,0.006,0.000,0.000,0.000,0.000,0.000,0.000,0.006,0.000,0.000,0.006,0.000
65.3052,653,0,move,-1,65.3052,65.3169,0,0.000,0.000,0.176,-0.176,-50.537,34.453,-0.264,-0.088,0.176,0.000,0.000,-0.088,-0.088,0.176,0.000,0.000,0.439,0.176,0.000,0.000,0.000,0.000,-51.143,34.557,0.000,0.000,0.000,0.000,0.000,0.000,0.000,0.000,0.000,0.000,0.000,0.000,0.013,6.4,11.30,32.0,0.000,0.000,0.000,0.006,0.013,0.000,0.006,0.000,0.000,0.000,0.000,0.000,0.000,0.006,0.000,0.000,0.006,0.006
65.4052,654,0,move,-1,65.4052,65.4152,0,0.000,0.000,0.176,-0.176,-50.537,34.453,-0.264,-0.088,0.176,0.000,0.000,-0.088,-0.088,0.176,0.000,0.000,0.439,0.176,0.000,0.000,0.000,0.000,-51.143,34.557,0.000,0.000,0.000,0.000,0.000,0.000,0.000,0.000,0.000,0.000,0.000,0.000,0.013,6.4,11.30,32.0,0.000,0.000,0.000,0.006,0.013,0.000,0.006,0.000,0.000,0.000,0.000,0.000,0.000,0.006,0.000,0.000,0.006,0.006
65.5052,655,0,move,-1,65.5052,65.5169,0,0.000,0.000,0.176,-0.176,-50.537,34.453,-0.264,-0.088,0.176,0.000,0.000,-0.088,-0.088,0.176,0.000,0.000,0.439,0.176,0.000,0.000,0.000,0.000,-51.143,34.557,0.000,0.000,0.000,0.000,0.000,0.000,0.000,0.000,0.000,0.000,0.000,0.000,0.013,6.4,11.20,32.0,0.000,0.000,0.000,0.000,0.013,0.000,0.000,0.000,0.006,0.000,0.000,0.000,0.000,0.006,0.000,0.000,0.006,0.000
65.6052,656,0,move,-1,65.6052,65.6187,0,0.000,0.000,0.176,-0.176,-50.537,34.453,-0.264,-0.088,0.176,0.000,0.000,-0.088,-0.088,0.176,0.000,0.000,0.439,0.176,0.000,0.000,0.000,0.000,-51.143,34.557,0.000,0.000,0.000,0.000,0.000,0.000,0.000,0.000,0.000,0.000,0.000,0.000,0.013,6.4,11.30,31.0,0.000,0.000,0.000,0.000,0.013,0.000,0.006,0.000,0.006,0.000,0.000,0.000,0.000,0.006,0.000,0.000,0.013,0.006
65.7052,657,0,move,-1,65.7052,65.7157,0,0.000,0.000,0.176,-0.176,-50.537,34.453,-0.264,-0.088,0.176,0.000,0.000,-0.088,-0.088,0.176,0.000,0.000,0.439,0.176,0.000,0.000,0.000,0.000,-51.143,34.557,0.000,0.000,0.000,0.000,0.000,0.000,0.000,0.000,0.000,0.000,0.000,0.000,0.013,6.4,11.30,31.0,0.000,0.000,0.000,0.000,0.013,0.000,0.006,0.000,0.006,0.000,0.000,0.000,0.000,0.006,0.000,0.000,0.013,0.006
65.8091,658,0,move,-1,65.8091,65.8433,0,0.000,0.000,0.176,-0.176,-50.537,34.453,-0.264,-0.088,0.176,0.000,0.000,-0.088,-0.088,0.176,0.000,0.000,0.439,0.176,0.000,0.000,0.000,0.000,-51.143,34.557,0.000,0.000,0.000,0.000,0.000,0.000,0.000,0.000,0.000,0.000,0.000,0.000,0.013,6.4,11.30,31.0,0.000,0.000,0.000,0.000,0.013,0.000,0.006,0.000,0.000,0.000,0.000,0.000,0.000,0.006,0.000,0.000,0.006,0.006
65.9052,659,0,move,-1,65.9052,65.9174,0,0.000,0.000,0.176,-0.176,-50.537,34.453,-0.264,-0.088,0.176,0.000,0.000,-0.088,-0.088,0.176,0.000,0.000,0.439,0.176,0.000,0.000,0.000,0.000,-51.143,34.557,0.000,0.000,0.000,0.000,0.000,0.000,0.000,0.000,0.000,0.000,0.000,0.000,0.013,6.4,11.30,31.0,0.000,0.000,0.000,0.000,0.013,0.000,0.006,0.000,0.000,0.000,0.000,0.000,0.000,0.006,0.000,0.000,0.006,0.006
66.0052,660,0,move,-1,66.0052,66.0202,0,0.000,0.000,0.176,-0.176,-50.537,34.453,-0.264,-0.088,0.176,0.000,0.000,-0.088,-0.088,0.176,0.000,0.000,0.439,0.176,0.000,0.000,0.000,0.000,-51.143,34.557,0.000,0.000,0.000,0.000,0.000,0.000,0.000,0.000,0.000,0.000,0.000,0.000,0.013,6.4,11.30,31.0,0.000,0.000,0.000,0.000,0.013,0.000,0.000,0.000,0.000,0.000,0.000,0.000,0.000,0.006,0.000,0.000,0.006,0.006
66.1071,661,0,move,-1,66.1071,66.1181,0,0.000,0.000,0.176,-0.176,-50.537,34.453,-0.264,-0.088,0.176,0.000,0.000,-0.088,-0.088,0.176,0.000,0.000,0.439,0.176,0.000,0.000,0.000,0.000,-51.143,34.557,0.000,0.000,0.000,0.000,0.000,0.000,0.000,0.000,0.000,0.000,0.000,0.000,0.013,6.4,11.30,31.0,0.000,0.000,0.000,0.000,0.013,0.000,0.000,0.000,0.000,0.000,0.000,0.000,0.000,0.006,0.000,0.000,0.006,0.006
66.2052,662,0,move,-1,66.2052,66.2180,0,0.000,0.000,0.176,-0.176,-50.537,34.453,-0.264,-0.088,0.176,0.000,0.000,-0.088,-0.088,0.176,0.000,0.000,0.439,0.176,0.000,0.000,0.000,0.000,-51.143,34.557,0.000,0.000,0.000,0.000,0.000,0.000,0.000,0.000,0.000,0.000,0.000,0.000,0.013,6.4,11.30,32.0,0.000,0.000,0.000,0.006,0.013,0.000,0.006,0.000,0.000,0.000,0.000,0.000,0.000,0.006,0.000,0.000,0.006,0.000
66.3051,663,0,move,-1,66.3051,66.3162,0,0.000,0.000,0.176,-0.176,-50.537,34.453,-0.264,-0.088,0.176,0.000,0.000,-0.088,-0.088,0.176,0.000,0.000,0.439,0.176,0.000,0.000,0.000,0.000,-51.143,34.557,0.000,0.000,0.000,0.000,0.000,0.000,0.000,0.000,0.000,0.000,0.000,0.000,0.013,6.4,11.30,32.0,0.000,0.000,0.000,0.006,0.013,0.000,0.006,0.000,0.000,0.000,0.000,0.000,0.000,0.006,0.000,0.000,0.006,0.000
66.4052,664,0,move,-1,66.4052,66.4166,0,0.000,0.000,0.176,-0.176,-50.537,34.453,-0.264,-0.088,0.176,0.000,0.000,-0.088,-0.088,0.176,0.000,0.000,0.439,0.176,0.000,0.000,0.000,0.000,-51.143,34.557,0.000,0.000,0.000,0.000,0.000,0.000,0.000,0.000,0.000,0.000,0.000,0.000,0.013,6.4,11.30,31.0,0.000,0.000,0.006,0.006,0.013,0.000,0.006,0.000,0.000,0.000,0.000,0.000,0.000,0.006,0.000,0.000,0.006,0.000
66.5052,665,0,move,-1,66.5052,66.5161,0,0.000,0.000,0.176,-0.176,-50.537,34.453,-0.264,-0.088,0.176,0.000,0.000,-0.088,-0.088,0.176,0.000,0.000,0.439,0.176,0.000,0.000,0.000,0.000,-51.143,34.557,0.000,0.000,0.000,0.000,0.000,0.000,0.000,0.000,0.000,0.000,0.000,0.000,0.013,6.4,11.30,31.0,0.000,0.000,0.006,0.006,0.013,0.000,0.006,0.000,0.000,0.000,0.000,0.000,0.000,0.006,0.000,0.000,0.006,0.000
66.6051,666,0,move,-1,66.6051,66.6173,0,0.000,0.000,0.176,-0.176,-50.537,34.453,-0.264,-0.088,0.176,0.000,0.000,-0.088,-0.088,0.176,0.000,0.000,0.439,0.176,0.000,0.000,0.000,0.000,-51.143,34.557,0.000,0.000,0.000,0.000,0.000,0.000,0.000,0.000,0.000,0.000,0.000,0.000,0.013,6.4,11.20,31.0,0.000,0.000,0.000,0.006,0.013,0.000,0.006,0.000,0.006,0.000,0.000,0.000,0.000,0.006,0.000,0.000,0.006,0.000
66.7052,667,0,move,-1,66.7052,66.7171,0,0.000,0.000,0.176,-0.176,-50.537,34.453,-0.264,-0.088,0.176,0.000,0.000,-0.088,-0.088,0.176,0.000,0.000,0.439,0.176,0.000,0.000,0.000,0.000,-51.143,34.557,0.000,0.000,0.000,0.000,0.000,0.000,0.000,0.000,0.000,0.000,0.000,0.000,0.013,6.4,11.20,31.0,0.000,0.000,0.000,0.006,0.013,0.000,0.006,0.000,0.006,0.000,0.000,0.000,0.000,0.006,0.000,0.000,0.006,0.000
66.8052,668,0,move,-1,66.8052,66.8121,0,0.000,0.000,0.176,-0.176,-50.537,34.453,-0.264,-0.088,0.176,0.000,0.000,-0.088,-0.088,0.176,0.000,0.000,0.439,0.176,0.000,0.000,0.000,0.000,-51.143,34.557,0.000,0.000,0.000,0.000,0.000,0.000,0.000,0.000,0.000,0.000,0.000,0.000,0.013,6.4,11.30,31.0,0.000,0.000,0.000,0.000,0.013,0.000,0.006,0.000,0.000,0.000,0.000,0.000,0.000,0.006,0.000,0.000,0.006,0.006
66.9052,669,0,move,-1,66.9052,66.9172,0,0.000,0.000,0.176,-0.176,-50.537,34.453,-0.264,-0.088,0.176,0.000,0.000,-0.088,-0.088,0.176,0.000,0.000,0.439,0.176,0.000,0.000,0.000,0.000,-51.143,34.557,0.000,0.000,0.000,0.000,0.000,0.000,0.000,0.000,0.000,0.000,0.000,0.000,0.013,6.4,11.30,31.0,0.000,0.000,0.000,0.000,0.013,0.000,0.006,0.000,0.000,0.000,0.000,0.000,0.000,0.006,0.000,0.000,0.006,0.006
67.0050,670,0,move,-1,67.0050,67.0199,0,0.000,0.000,0.176,-0.176,-50.537,34.453,-0.264,-0.088,0.176,0.000,0.000,-0.088,-0.088,0.176,0.000,0.000,0.439,0.176,0.000,0.000,0.000,0.000,-51.143,34.557,0.000,0.000,0.000,0.000,0.000,0.000,0.000,0.000,0.000,0.000,0.000,0.000,0.006,6.4,11.30,32.0,0.000,0.000,0.000,0.000,0.006,0.000,0.000,0.000,0.006,0.000,0.000,0.000,0.000,0.006,0.000,0.000,0.006,0.006
67.1052,671,0,move,-1,67.1052,67.1163,0,0.000,0.000,0.176,-0.176,-50.537,34.453,-0.264,-0.088,0.176,0.000,0.000,-0.088,-0.088,0.176,0.000,0.000,0.439,0.176,0.000,0.000,0.000,0.000,-51.143,34.557,0.000,0.000,0.000,0.000,0.000,0.000,0.000,0.000,0.000,0.000,0.000,0.000,0.006,6.4,11.30,32.0,0.000,0.000,0.000,0.000,0.006,0.000,0.000,0.000,0.006,0.000,0.000,0.000,0.000,0.006,0.000,0.000,0.006,0.006
67.2094,672,0,move,-1,67.2094,67.2412,0,0.000,0.000,0.176,-0.176,-50.537,34.453,-0.264,-0.088,0.176,0.000,0.000,-0.088,-0.088,0.176,0.000,0.000,0.439,0.176,0.000,0.000,0.000,0.000,-51.143,34.557,0.000,0.000,0.000,0.000,0.000,0.000,0.000,0.000,0.000,0.000,0.000,0.000,0.006,6.4,11.30,32.0,0.000,0.000,0.000,0.000,0.006,0.000,0.006,0.000,0.000,0.000,0.000,0.000,0.000,0.006,0.000,0.000,0.006,0.000
67.3050,673,0,move,-1,67.3050,67.3159,0,0.000,0.000,0.176,-0.176,-50.537,34.453,-0.264,-0.088,0.176,0.000,0.000,-0.088,-0.088,0.176,0.000,0.000,0.439,0.176,0.000,0.000,0.000,0.000,-51.143,34.557,0.000,0.000,0.000,0.000,0.000,0.000,0.000,0.000,0.000,0.000,0.000,0.000,0.006,6.4,11.30,32.0,0.000,0.000,0.000,0.000,0.006,0.000,0.006,0.000,0.000,0.000,0.000,0.000,0.000,0.006,0.000,0.000,0.006,0.000
67.4052,674,0,move,-1,67.4052,67.4171,0,0.000,0.000,0.176,-0.176,-50.537,34.453,-0.264,-0.088,0.176,0.000,0.000,-0.088,-0.088,0.176,0.000,0.000,0.439,0.176,0.000,0.000,0.000,0.000,-51.143,34.557,0.000,0.000,0.000,0.000,0.000,0.000,0.000,0.000,0.000,0.000,0.000,0.000,0.013,6.4,11.30,31.0,0.000,0.000,0.006,0.006,0.013,0.000,0.006,0.000,0.000,0.000,0.000,0.000,0.000,0.006,0.000,0.000,0.013,0.006
67.5052,675,0,move,-1,67.5052,67.5159,0,0.000,0.000,0.176,-0.176,-50.537,34.453,-0.264,-0.088,0.176,0.000,0.000,-0.088,-0.088,0.176,0.000,0.000,0.439,0.176,0.000,0.000,0.000,0.000,-51.143,34.557,0.000,0.000,0.000,0.000,0.000,0.000,0.000,0.000,0.000,0.000,0.000,0.000,0.013,6.4,11.30,31.0,0.000,0.000,0.006,0.006,0.013,0.000,0.006,0.000,0.000,0.000,0.000,0.000,0.000,0.006,0.000,0.000,0.013,0.006
67.6052,676,0,move,-1,67.6052,67.6175,0,0.000,0.000,0.176,-0.176,-50.537,34.453,-0.264,-0.088,0.176,0.000,0.000,-0.088,-0.088,0.176,0.000,0.000,0.439,0.176,0.000,0.000,0.000,0.000,-51.143,34.557,0.000,0.000,0.000,0.000,0.000,0.000,0.000,0.000,0.000,0.000,0.000,0.000,0.013,6.4,11.30,31.0,0.000,0.000,0.000,0.006,0.013,0.000,0.006,0.000,0.000,0.000,0.000,0.000,0.000,0.006,0.000,0.000,0.006,0.000
67.7052,677,0,move,-1,67.7052,67.7160,0,0.000,0.000,0.176,-0.176,-50.537,34.453,-0.264,-0.088,0.176,0.000,0.000,-0.088,-0.088,0.176,0.000,0.000,0.439,0.176,0.000,0.000,0.000,0.000,-51.143,34.557,0.000,0.000,0.000,0.000,0.000,0.000,0.000,0.000,0.000,0.000,0.000,0.000,0.013,6.4,11.30,31.0,0.000,0.000,0.000,0.006,0.013,0.000,0.006,0.000,0.000,0.000,0.000,0.000,0.000,0.006,0.000,0.000,0.006,0.000
67.8090,678,0,move,-1,67.8090,67.8215,0,0.000,0.000,0.176,-0.176,-50.537,34.453,-0.264,-0.088,0.176,0.000,0.000,-0.088,-0.088,0.176,0.000,0.000,0.439,0.176,0.000,0.000,0.000,0.000,-51.143,34.557,0.000,0.000,0.000,0.000,0.000,0.000,0.000,0.000,0.000,0.000,0.000,0.000,0.006,2.4,11.30,32.0,0.000,0.000,0.000,0.006,0.006,0.000,0.006,0.000,0.000,0.000,0.006,0.000,0.000,0.006,0.000,0.000,0.006,0.006
67.9052,679,0,move,-1,67.9052,67.9175,0,0.000,0.000,0.176,-0.176,-50.537,34.453,-0.264,-0.088,0.176,0.000,0.000,-0.088,-0.088,0.176,0.000,0.000,0.439,0.176,0.000,0.000,0.000,0.000,-51.143,34.557,0.000,0.000,0.000,0.000,0.000,0.000,0.000,0.000,0.000,0.000,0.000,0.000,0.006,2.4,11.30,32.0,0.000,0.000,0.000,0.006,0.006,0.000,0.006,0.000,0.000,0.000,0.006,0.000,0.000,0.006,0.000,0.000,0.006,0.006
68.0052,680,0,move,-1,68.0052,68.0153,0,0.000,0.000,0.176,-0.176,-50.537,34.453,-0.264,-0.088,0.176,0.000,0.000,-0.088,-0.088,0.176,0.000,0.000,0.439,0.176,0.000,0.000,0.000,0.000,-51.143,34.557,0.000,0.000,0.000,0.000,0.000,0.000,0.000,0.000,0.000,0.000,0.000,0.000,0.013,6.4,11.30,32.0,0.000,0.000,0.000,0.000,0.013,0.000,0.006,0.000,0.000,0.000,0.000,0.000,0.000,0.006,0.000,0.000,0.006,0.000
68.1052,681,0,move,-1,68.1052,68.1170,0,0.000,0.000,0.176,-0.176,-50.537,34.453,-0.264,-0.088,0.176,0.000,0.000,-0.088,-0.088,0.176,0.000,0.000,0.439,0.176,0.000,0.000,0.000,0.000,-51.143,34.557,0.000,0.000,0.000,0.000,0.000,0.000,0.000,0.000,0.000,0.000,0.000,0.000,0.013,6.4,11.30,32.0,0.000,0.000,0.000,0.000,0.013,0.000,0.006,0.000,0.000,0.000,0.000,0.000,0.000,0.006,0.000,0.000,0.006,0.006
68.2052,682,0,move,-1,68.2052,68.2175,0,0.000,0.000,0.176,-0.176,-50.537,34.453,-0.264,-0.088,0.176,0.000,0.000,-0.088,-0.088,0.176,0.000,0.000,0.439,0.176,0.000,0.000,0.000,0.000,-51.143,34.557,0.000,0.000,0.000,0.000,0.000,0.000,0.000,0.000,0.000,0.000,0.000,0.000,0.013,6.4,11.30,31.0,0.000,0.000,0.000,0.000,0.013,0.000,0.006,0.000,0.000,0.000,0.000,0.000,0.000,0.006,0.000,0.000,0.006,0.006
68.3052,683,0,move,-1,68.3052,68.3156,0,0.000,0.000,0.176,-0.176,-50.537,34.453,-0.264,-0.088,0.176,0.000,0.000,-0.088,-0.088,0.176,0.000,0.000,0.439,0.176,0.000,0.000,0.000,0.000,-51.143,34.557,0.000,0.000,0.000,0.000,0.000,0.000,0.000,0.000,0.000,0.000,0.000,0.000,0.013,6.4,11.30,31.0,0.000,0.000,0.000,0.000,0.013,0.000,0.006,0.000,0.000,0.000,0.000,0.000,0.000,0.006,0.000,0.000,0.006,0.006
68.4052,684,0,move,-1,68.4052,68.4165,0,0.000,0.000,0.176,-0.176,-50.537,34.453,-0.264,-0.088,0.176,0.000,0.000,-0.088,-0.088,0.176,0.000,0.000,0.439,0.176,0.000,0.000,0.000,0.000,-51.143,34.557,0.000,0.000,0.000,0.000,0.000,0.000,0.000,0.000,0.000,0.000,0.000,0.000,0.013,4.8,11.30,32.0,0.000,0.000,0.000,0.006,0.006,0.000,0.000,0.000,0.000,0.000,0.000,0.000,0.000,0.006,0.000,0.000,0.013,0.000
68.5096,685,0,move,-1,68.5096,68.5685,0,0.000,0.000,0.176,-0.176,-50.537,34.453,-0.264,-0.088,0.176,0.000,0.000,-0.088,-0.088,0.176,0.000,0.000,0.439,0.176,0.000,0.000,0.000,0.000,-51.143,34.557,0.000,0.000,0.000,0.000,0.000,0.000,0.000,0.000,0.000,0.000,0.000,0.000,0.013,6.4,11.20,31.0,0.000,0.000,0.000,0.006,0.013,0.000,0.006,0.000,0.000,0.000,0.000,0.000,0.000,0.000,0.000,0.000,0.006,0.006
68.6050,686,0,move,-1,68.6050,68.6190,0,0.000,0.000,0.176,-0.176,-50.537,34.453,-0.264,-0.088,0.176,0.000,0.000,-0.088,-0.088,0.176,0.000,0.000,0.439,0.176,0.000,0.000,0.000,0.000,-51.143,34.557,0.000,0.000,0.000,0.000,0.000,0.000,0.000,0.000,0.000,0.000,0.000,0.000,0.013,6.4,11.20,31.0,0.000,0.000,0.000,0.006,0.013,0.000,0.006,0.000,0.000,0.000,0.000,0.000,0.000,0.000,0.000,0.000,0.006,0.006
68.7052,687,0,move,-1,68.7052,68.7208,0,0.000,0.000,0.176,-0.176,-50.537,34.453,-0.264,-0.088,0.176,0.000,0.000,-0.088,-0.088,0.176,0.000,0.000,0.439,0.176,0.000,0.000,0.000,0.000,-51.143,34.557,0.000,0.000,0.000,0.000,0.000,0.000,0.000,0.000,0.000,0.000,0.000,0.000,0.013,6.4,11.20,31.0,0.000,0.000,0.006,0.000,0.013,0.000,0.006,0.000,0.000,0.000,0.000,0.000,0.000,0.006,0.000,0.000,0.006,0.006
68.8052,688,0,move,-1,68.8052,68.8188,0,0.000,0.000,0.176,-0.176,-50.537,34.453,-0.264,-0.088,0.176,0.000,0.000,-0.088,-0.088,0.176,0.000,0.000,0.439,0.176,0.000,0.000,0.000,0.000,-51.143,34.557,0.000,0.000,0.000,0.000,0.000,0.000,0.000,0.000,0.000,0.000,0.000,0.000,0.013,6.4,11.20,31.0,0.000,0.000,0.006,0.000,0.013,0.000,0.006,0.000,0.000,0.000,0.000,0.000,0.000,0.006,0.000,0.000,0.006,0.006
68.9052,689,0,move,-1,68.9052,68.9172,0,0.000,0.000,0.176,-0.176,-50.537,34.453,-0.264,-0.088,0.176,0.000,0.000,-0.088,-0.088,0.176,0.000,0.000,0.439,0.176,0.000,0.000,0.000,0.000,-51.143,34.557,0.000,0.000,0.000,0.000,0.000,0.000,0.000,0.000,0.000,0.000,0.000,0.000,0.013,6.4,11.30,31.0,0.000,0.000,0.000,0.000,0.013,0.000,0.006,0.000,0.000,0.000,0.000,0.000,0.000,0.006,0.000,0.000,0.006,0.006
69.0052,690,0,move,-1,69.0052,69.0157,0,0.000,0.000,0.176,-0.176,-50.537,34.453,-0.264,-0.088,0.176,0.000,0.000,-0.088,-0.088,0.176,0.000,0.000,0.439,0.176,0.000,0.000,0.000,0.000,-51.143,34.557,0.000,0.000,0.000,0.000,0.000,0.000,0.000,0.000,0.000,0.000,0.000,0.000,0.013,6.4,11.30,31.0,0.000,0.000,0.000,0.000,0.013,0.000,0.006,0.000,0.000,0.000,0.000,0.000,0.000,0.006,0.000,0.000,0.006,0.006
69.1052,691,0,move,-1,69.1052,69.1155,0,0.000,0.000,0.176,-0.176,-50.537,34.453,-0.264,-0.088,0.176,0.000,0.000,-0.088,-0.088,0.176,0.000,0.000,0.439,0.176,0.000,0.000,0.000,0.000,-51.143,34.557,0.000,0.000,0.000,0.000,0.000,0.000,0.000,0.000,0.000,0.000,0.000,0.000,0.013,6.4,11.30,31.0,0.000,0.000,0.006,0.006,0.013,0.000,0.006,0.000,0.000,0.000,0.000,0.000,0.000,0.006,0.000,0.000,0.006,0.000
69.2052,692,0,move,-1,69.2052,69.2162,0,0.000,0.000,0.176,-0.176,-50.537,34.453,-0.264,-0.088,0.176,0.000,0.000,-0.088,-0.088,0.176,0.000,0.000,0.439,0.176,0.000,0.000,0.000,0.000,-51.143,34.557,0.000,0.000,0.000,0.000,0.000,0.000,0.000,0.000,0.000,0.000,0.000,0.000,0.013,6.4,11.30,31.0,0.000,0.000,0.000,0.006,0.013,0.000,0.006,0.000,0.000,0.000,0.000,0.000,0.000,0.006,0.000,0.000,0.013,0.000
69.3052,693,0,move,-1,69.3052,69.3165,0,0.000,0.000,0.176,-0.176,-50.537,34.453,-0.264,-0.088,0.176,0.000,0.000,-0.088,-0.088,0.176,0.000,0.000,0.439,0.176,0.000,0.000,0.000,0.000,-51.143,34.557,0.000,0.000,0.000,0.000,0.000,0.000,0.000,0.000,0.000,0.000,0.000,0.000,0.013,6.4,11.30,31.0,0.000,0.000,0.000,0.006,0.013,0.000,0.006,0.000,0.006,0.000,0.000,0.000,0.000,0.006,0.000,0.000,0.013,0.006
69.4052,694,0,move,-1,69.4052,69.4154,0,0.000,0.000,0.176,-0.176,-50.537,34.453,-0.264,-0.088,0.176,0.000,0.000,-0.088,-0.088,0.176,0.000,0.000,0.439,0.176,0.000,0.000,0.000,0.000,-51.143,34.557,0.000,0.000,0.000,0.000,0.000,0.000,0.000,0.000,0.000,0.000,0.000,0.000,0.013,6.4,11.30,31.0,0.000,0.000,0.000,0.006,0.013,0.000,0.006,0.000,0.006,0.000,0.000,0.000,0.000,0.006,0.000,0.000,0.013,0.006
69.5052,695,0,move,-1,69.5052,69.5170,0,0.000,0.000,0.176,-0.176,-50.537,34.453,-0.264,-0.088,0.176,0.000,0.000,-0.088,-0.088,0.176,0.000,0.000,0.439,0.176,0.000,0.000,0.000,0.000,-51.143,34.557,0.000,0.000,0.000,0.000,0.000,0.000,0.000,0.000,0.000,0.000,0.000,0.000,0.013,6.4,11.30,32.0,0.000,0.000,0.000,0.000,0.013,0.000,0.000,0.000,0.000,0.000,0.000,0.000,0.000,0.006,0.000,0.000,0.006,0.006
69.6052,696,0,move,-1,69.6052,69.6157,0,0.000,0.000,0.176,-0.176,-50.537,34.453,-0.264,-0.088,0.176,0.000,0.000,-0.088,-0.088,0.176,0.000,0.000,0.439,0.176,0.000,0.000,0.000,0.000,-51.143,34.557,0.000,0.000,0.000,0.000,0.000,0.000,0.000,0.000,0.000,0.000,0.000,0.000,0.013,6.4,11.30,32.0,0.000,0.000,0.000,0.000,0.013,0.000,0.000,0.000,0.000,0.000,0.000,0.000,0.000,0.006,0.000,0.000,0.006,0.006
69.7073,697,0,move,-1,69.7073,69.7299,0,0.000,0.000,0.176,-0.176,-50.537,34.453,-0.264,-0.088,0.176,0.000,0.000,-0.088,-0.088,0.176,0.000,0.000,0.439,0.176,0.000,0.000,0.000,0.000,-51.143,34.557,0.000,0.000,0.000,0.000,0.000,0.000,0.000,0.000,0.000,0.000,0.000,0.000,0.006,0.0,11.30,32.0,0.006,0.000,0.000,0.000,0.006,0.000,0.000,0.000,0.006,0.000,0.000,0.000,,0.006,0.000,0.000,0.006,0.000
69.8052,698,0,move,-1,69.8052,69.8177,0,0.000,0.000,0.176,-0.176,-50.537,34.453,-0.264,-0.088,0.176,0.000,0.000,-0.088,-0.088,0.176,0.000,0.000,0.439,0.176,0.000,0.000,0.000,0.000,-51.143,34.557,0.000,0.000,0.000,0.000,0.000,0.000,0.000,0.000,0.000,0.000,0.000,0.000,0.006,0.0,11.30,32.0,0.006,0.000,0.000,0.000,0.006,0.000,0.000,0.000,0.006,0.000,0.000,0.000,,0.006,0.000,0.000,0.006,0.000
69.9052,699,0,move,-1,69.9052,69.9150,0,0.000,0.000,0.176,-0.176,-50.537,34.453,-0.264,-0.088,0.176,0.000,0.000,-0.088,-0.088,0.176,0.000,0.000,0.439,0.176,0.000,0.000,0.000,0.000,-51.143,34.557,0.000,0.000,0.000,0.000,0.000,0.000,0.000,0.000,0.000,0.000,0.000,0.000,0.013,6.4,11.30,31.0,0.000,0.000,0.000,0.000,0.013,0.000,0.000,0.000,0.000,0.000,0.000,0.000,0.000,0.006,0.000,0.000,0.006,0.000
70.0052,700,0,move,-1,70.0052,70.0170,0,0.000,0.000,0.176,-0.176,-50.537,34.453,-0.264,-0.088,0.176,0.000,0.000,-0.088,-0.088,0.176,0.000,0.000,0.439,0.176,0.000,0.000,0.000,0.000,-51.087,34.527,0.000,0.000,0.000,0.000,0.000,0.000,0.000,0.000,0.000,0.000,0.000,0.000,0.006,2.4,11.30,33.0,0.000,0.000,0.006,0.000,0.006,0.000,0.000,0.000,0.000,0.000,0.000,0.000,0.000,0.006,0.000,0.000,0.006,0.000
70.1052,701,0,move,-1,70.1052,70.1159,0,0.000,0.000,0.176,-0.176,-50.537,34.453,-0.264,-0.088,0.176,0.000,0.000,-0.088,-0.088,0.176,0.000,0.000,0.439,0.176,0.000,0.000,0.000,0.000,-50.920,34.437,0.000,0.000,0.000,0.000,0.000,0.000,0.000,0.000,0.000,0.000,0.000,0.000,0.006,2.4,11.30,33.0,0.000,0.000,0.006,0.000,0.006,0.000,0.000,0.000,0.000,0.000,0.000,0.000,0.000,0.006,0.000,0.000,0.006,0.000
70.2174,702,0,move,-1,70.2174,70.2435,0,0.000,0.000,0.176,-0.176,-50.537,34.453,-0.264,-0.088,0.176,0.000,0.000,-0.088,-0.088,0.176,0.000,0.000,0.439,0.176,0.000,0.000,0.000,0.000,-50.644,34.286,0.000,0.000,0.000,0.000,0.000,0.000,0.000,0.000,0.000,0.000,0.000,0.000,0.006,4.0,11.30,31.0,0.000,0.000,0.000,0.000,0.006,0.000,0.000,0.000,0.000,0.000,0.000,0.000,0.000,0.006,0.000,0.000,0.006,0.006
70.3052,703,0,move,-1,70.3052,70.3175,0,0.000,0.000,0.176,-0.176,-50.537,34.365,-0.264,-0.088,0.176,0.000,0.000,-0.088,-0.088,0.176,0.000,0.000,0.439,0.176,0.000,0.000,0.000,0.000,-50.260,34.076,0.000,0.000,0.000,0.000,0.000,0.000,0.000,0.000,0.000,0.000,0.000,0.000,0.006,4.0,11.30,31.0,0.000,0.000,0.000,0.000,0.006,0.000,0.000,0.000,0.000,0.000,0.000,0.000,0.000,0.006,0.000,0.000,0.006,0.006
70.4052,704,0,move,-1,70.4052,70.4153,0,0.000,0.000,0.176,-0.176,-50.537,34.189,-0.264,-0.088,0.176,0.000,0.000,-0.088,-0.088,0.176,0.000,0.000,0.439,0.176,0.000,0.000,0.000,0.000,-49.769,33.806,0.000,0.000,0.000,0.000,0.000,0.000,0.000,0.000,0.000,0.000,0.000,0.000,0.006,2.4,11.20,32.0,0.000,0.000,0.000,0.000,0.000,0.006,0.006,0.000,0.006,0.000,0.000,0.000,0.000,0.006,0.000,0.000,0.006,0.000
70.5051,705,0,move,-1,70.5051,70.5174,0,0.000,0.000,0.176,-0.176,-50.273,33.926,-0.264,-0.088,0.176,0.000,0.000,-0.088,-0.088,0.176,0.000,0.000,0.439,0.176,0.000,0.000,0.000,0.000,-49.176,33.476,0.000,0.000,0.000,0.000,0.000,0.000,0.000,0.000,0.000,0.000,0.000,0.000,0.006,3.2,11.20,31.0,0.000,0.000,0.000,0.000,0.006,0.006,0.006,0.000,0.000,0.000,0.000,0.000,0.000,0.000,0.000,0.000,0.006,0.006
70.6052,706,0,move,-1,70.6052,70.6160,0,0.000,0.000,0.176,-0.176,-49.834,33.486,-0.264,-0.088,0.176,0.000,0.000,-0.088,-0.088,0.176,0.000,0.000,0.439,0.176,0.000,0.000,0.000,0.000,-48.483,33.087,0.000,0.000,0.000,0.000,0.000,0.000,0.000,0.000,0.000,0.000,0.000,0.000,0.006,3.2,11.20,31.0,0.000,0.000,0.000,0.000,0.006,0.006,0.006,0.000,0.000,0.000,0.000,0.000,0.000,0.000,0.000,0.000,0.006,0.006
70.7051,707,0,move,-1,70.7051,70.7169,0,0.000,0.000,0.176,-0.176,-49.131,33.135,-0.264,-0.088,0.176,0.000,0.000,-0.088,-0.088,0.176,0.000,0.000,0.439,0.176,0.000,0.000,0.000,0.000,-47.696,32.641,0.000,0.000,0.000,0.000,0.000,0.000,0.000,0.000,0.000,0.000,0.000,0.000,0.013,4.0,11.20,32.0,0.000,0.000,0.000,0.000,0.006,0.013,0.006,0.000,0.000,0.000,0.000,0.000,0.000,0.006,0.000,0.000,0.013,0.006
70.8051,708,0,move,-1,70.8051,70.8157,0,0.000,0.000,0.176,-0.176,-48.428,32.695,-0.264,-0.088,0.176,0.000,0.000,-0.088,-0.088,0.176,0.000,0.000,0.439,0.176,0.000,0.000,0.000,0.000,-46.816,32.136,0.000,0.000,0.000,0.000,0.000,0.000,0.000,0.000,0.000,0.000,0.000,0.000,0.013,4.0,11.20,32.0,0.000,0.000,0.000,0.000,0.006,0.013,0.006,0.000,0.000,0.000,0.000,0.000,0.000,0.006,0.000,0.000,0.013,0.006
70.9052,709,0,move,-1,70.9052,70.9173,0,0.000,0.000,0.176,-0.176,-47.637,32.256,-0.264,-0.088,0.176,0.000,0.000,-0.088,-0.088,0.176,0.000,0.000,0.439,0.176,0.000,0.000,0.000,0.000,-45.851,31.576,0.000,0.000,0.000,0.000,0.000,0.000,0.000,0.000,0.000,0.000,0.000,0.000,0.006,5.2,11.30,31.0,0.000,0.000,0.000,0.000,0.006,0.006,0.006,0.000,0.000,0.000,0.000,0.000,0.000,0.006,0.000,0.000,0.006,0.006
71.0052,710,0,move,-1,71.0052,71.0174,0,0.000,0.000,0.176,-0.176,-46.758,31.641,-0.264,-0.088,0.176,0.000,0.000,-0.088,-0.088,0.176,0.000,0.000,0.439,0.176,0.000,0.000,0.000,0.000,-44.803,30.959,0.000,0.000,0.000,0.000,0.000,0.000,0.000,0.000,0.000,0.000,0.000,0.000,0.006,2.4,11.30,32.0,0.000,0.000,0.000,0.006,0.006,0.006,0.000,0.000,0.000,0.000,0.000,0.000,0.000,0.006,0.000,0.000,0.006,0.000
71.1111,711,0,move,-1,71.1111,71.1229,0,0.000,0.000,0.176,-0.176,-45.791,31.025,-0.264,-0.088,0.176,0.000,0.000,-0.088,-0.088,0.176,0.000,0.000,0.439,0.176,0.000,0.000,0.000,0.000,-43.680,30.289,0.000,0.000,0.000,0.000,0.000,0.000,0.000,0.000,0.000,0.000,0.000,0.000,0.006,2.4,11.30,32.0,0.000,0.000,0.000,0.006,0.006,0.006,0.000,0.000,0.006,0.000,0.006,0.000,0.000,0.006,0.000,0.000,0.006,0.000
71.2052,712,0,move,-1,71.2052,71.2160,0,0.000,0.000,0.176,-0.176,-44.824,30.498,-0.264,-0.088,0.176,0.000,0.000,-0.088,-0.088,0.176,0.000,0.000,0.439,0.176,0.000,0.000,0.000,0.000,-42.487,29.567,0.000,0.000,0.000,0.000,0.000,0.000,0.000,0.000,0.000,0.000,0.000,0.000,0.006,2.4,11.30,32.0,0.000,0.000,0.000,0.006,0.006,0.006,0.000,0.000,0.006,0.000,0.006,0.000,0.000,0.006,0.000,0.000,0.006,0.000
71.3052,713,0,move,-1,71.3052,71.3398,0,0.000,0.000,0.176,-0.176,-43.682,29.795,-0.264,-0.088,0.176,0.000,0.000,-0.088,-0.088,0.176,0.000,0.000,0.439,0.176,0.000,0.000,0.000,0.000,-41.228,28.795,0.000,0.000,0.000,0.000,0.000,0.000,0.000,0.000,0.000,0.000,0.000,0.000,0.006,2.4,11.30,32.0,0.000,0.000,0.000,0.006,0.006,0.006,0.000,0.000,0.006,0.000,0.000,0.000,0.000,0.006,0.000,0.000,0.006,0.000
71.4052,714,0,move,-1,71.4052,71.4164,0,0.000,0.000,0.176,-0.176,-42.539,29.092,-0.264,-0.088,0.176,0.000,0.000,-0.088,-0.088,0.176,0.000,0.000,0.439,0.176,0.000,0.000,0.000,0.000,-39.910,27.976,0.000,0.000,0.000,0.000,0.000,0.000,0.000,0.000,0.000,0.000,0.000,0.000,0.006,2.4,11.30,32.0,0.000,0.000,0.000,0.006,0.006,0.006,0.000,0.000,0.006,0.000,0.000,0.000,0.000,0.006,0.000,0.000,0.006,0.000
71.5052,715,0,move,-1,71.5052,71.5176,0,0.000,0.000,0.176,-0.176,-41.221,28.301,-0.264,-0.088,0.176,0.000,0.000,-0.088,-0.088,0.176,0.000,0.000,0.439,0.176,0.000,0.000,0.000,0.000,-38.538,27.112,0.000,0.000,0.000,0.000,0.000,0.000,0.000,0.000,0.000,0.000,0.000,0.000,0.013,8.0,11.30,31.0,0.000,0.000,0.006,0.000,0.013,0.006,0.000,0.000,0.000,0.000,0.000,0.000,0.000,0.000,0.000,0.000,0.006,0.006
71.6057,716,0,move,-1,71.6057,71.6163,0,0.000,0.000,0.176,-0.176,-39.990,27.510,-0.264,-0.088,0.176,0.000,0.000,-0.088,-0.088,0.176,0.000,0.000,0.439,0.176,0.000,0.000,0.000,0.000,-37.119,26.207,0.000,0.000,0.000,0.000,0.000,0.000,0.000,0.000,0.000,0.000,0.000,0.000,0.013,8.0,11.30,31.0,0.000,0.000,0.006,0.000,0.013,0.006,0.000,0.000,0.000,0.000,0.000,0.000,0.000,0.000,0.000,0.000,0.006,0.006
71.7050,717,0,move,-1,71.7050,71.7238,0,0.000,0.000,0.176,-0.176,-38.320,26.455,-0.264,-0.088,0.176,0.000,0.000,-0.088,-0.088,0.176,0.000,0.000,0.439,0.176,0.000,0.000,0.000,0.000,-35.658,25.263,0.000,0.000,0.000,0.000,0.000,0.000,0.000,0.000,0.000,0.000,0.000,0.000,0.006,7.2,11.20,31.0,0.000,0.000,0.000,0.000,0.006,0.000,0.000,0.000,0.006,0.000,0.000,0.000,0.000,0.006,0.000,0.000,0.006,0.000
71.8050,718,0,move,-1,71.8050,71.8216,0,0.000,0.000,0.176,-0.176,-37.705,26.016,-0.264,-0.088,0.176,0.000,0.000,-0.088,-0.088,0.176,0.000,0.000,0.439,0.176,0.000,0.000,0.000,0.000,-34.162,24.285,0.000,0.000,0.000,0.000,0.000,0.000,0.000,0.000,0.000,0.000,0.000,0.000,0.006,7.2,11.20,31.0,0.000,0.000,0.000,0.000,0.006,0.000,0.000,0.000,0.006,0.000,0.000,0.000,0.000,0.006,0.000,0.000,0.006,0.000
71.9052,719,0,move,-1,71.9052,71.9166,0,0.000,0.000,0.176,-0.176,-36.826,24.785,-0.264,-0.088,0.176,0.000,0.000,-0.088,-0.088,0.176,0.000,0.000,0.439,0.176,0.000,0.000,0.000,0.000,-32.637,23.276,0.000,0.000,0.000,0.000,0.000,0.000,0.000,0.000,0.000,0.000,0.000,0.000,0.013,4.4,11.20,32.0,0.000,0.000,0.000,0.000,0.006,0.013,0.006,0.000,0.000,0.000,0.000,0.000,0.000,0.006,0.000,0.000,0.013,0.000
72.0051,720,0,move,-1,72.0051,72.0159,0,0.000,0.000,0.176,-0.176,-35.244,23.818,-0.264,-0.088,0.176,0.000,0.000,-0.088,-0.088,0.176,0.000,0.000,0.439,0.176,0.000,0.000,0.000,0.000,-31.087,22.240,0.000,0.000,0.000,0.000,0.000,0.000,0.000,0.000,0.000,0.000,0.000,0.000,0.013,4.4,11.20,32.0,0.000,0.000,0.000,0.000,0.006,0.013,0.006,0.000,0.000,0.000,0.000,0.000,0.000,0.006,0.000,0.000,0.013,0.000
72.1052,721,0,move,-1,72.1052,72.1170,0,0.000,0.000,0.176,-0.176,-33.662,22.764,-0.264,-0.088,0.176,0.000,0.000,-0.088,-0.088,0.176,0.000,0.000,0.439,0.176,0.000,0.000,0.000,0.000,-29.519,21.181,0.000,0.000,0.000,0.000,0.000,0.000,0.000,0.000,0.000,0.000,0.000,0.000,0.013,4.8,11.30,32.0,0.000,0.000,0.000,0.006,0.006,0.000,0.006,0.000,0.000,0.000,0.000,0.000,0.000,0.000,0.000,0.000,0.013,0.000
72.2050,722,0,move,-1,72.2050,72.2164,0,0.000,0.000,0.176,-0.176,-32.080,21.797,-0.264,-0.088,0.176,0.000,0.000,-0.088,-0.088,0.176,0.000,0.000,0.439,0.176,0.000,0.000,0.000,0.000,-27.940,20.103,0.000,0.000,0.000,0.000,0.000,0.000,0.000,0.000,0.000,0.000,0.000,0.000,0.013,4.8,11.30,32.0,0.000,0.000,0.000,0.006,0.006,0.000,0.006,0.000,0.000,0.000,0.000,0.000,0.000,0.000,0.000,0.000,0.013,0.000
72.3052,723,0,move,-1,72.3052,72.3163,0,0.000,0.000,0.176,-0.176,-30.410,20.742,-0.264,-0.088,0.176,0.000,0.000,-0.088,-0.088,0.176,0.000,0.000,0.439,0.176,0.000,0.000,0.000,0.000,-26.354,19.012,0.000,0.000,0.000,0.000,0.000,0.000,0.000,0.000,0.000,0.000,0.000,0.000,0.006,2.4,11.30,32.0,0.000,0.000,0.000,0.006,0.006,0.006,0.006,0.000,0.006,0.000,0.000,0.000,0.000,0.006,0.000,0.000,0.006,0.006
72.4052,724,0,move,-1,72.4052,72.4148,0,0.000,0.000,0.176,-0.176,-28.828,19.600,-0.264,-0.088,0.176,0.000,0.000,-0.088,-0.088,0.176,0.000,0.000,0.439,0.176,0.000,0.000,0.000,0.000,-24.769,17.912,0.000,0.000,0.000,0.000,0.000,0.000,0.000,0.000,0.000,0.000,0.000,0.000,0.006,2.4,11.30,32.0,0.000,0.000,0.000,0.006,0.006,0.006,0.006,0.000,0.006,0.000,0.000,0.000,0.000,0.006,0.000,0.000,0.006,0.006
72.5050,725,0,move,-1,72.5050,72.5165,0,0.000,0.000,0.176,-0.176,-27.246,18.545,-0.264,-0.088,0.176,0.000,0.000,-0.088,-0.088,0.176,0.000,0.000,0.439,0.176,0.000,0.000,0.000,0.000,-23.189,16.807,0.000,0.000,0.000,0.000,0.000,0.000,0.000,0.000,0.000,0.000,0.000,0.000,0.013,4.4,11.20,32.0,0.000,0.000,0.000,0.000,0.000,0.013,0.006,0.000,0.000,0.000,0.000,0.000,0.000,0.006,0.000,0.000,0.006,0.006
72.6052,726,0,move,-1,72.6052,72.6190,0,0.000,0.000,0.176,-0.176,-25.664,17.402,-0.264,-0.088,0.176,0.000,0.000,-0.088,-0.088,0.176,0.000,0.000,0.439,0.176,0.000,0.000,0.000,0.000,-21.620,15.703,0.000,0.000,0.000,0.000,0.000,0.000,0.000,0.000,0.000,0.000,0.000,0.000,0.013,4.8,11.20,32.0,0.000,0.000,0.000,0.006,0.000,0.013,0.000,0.000,0.000,0.000,0.000,0.000,0.000,0.006,0.000,0.000,0.013,0.000
72.7052,727,0,move,-1,72.7052,72.7166,0,0.000,0.000,0.176,-0.176,-24.082,16.348,-0.264,-0.088,0.176,0.000,0.000,-0.088,-0.088,0.176,0.000,0.000,0.439,0.176,0.000,0.000,0.000,0.000,-20.068,14.603,0.000,0.000,0.000,0.000,0.000,0.000,0.000,0.000,0.000,0.000,0.000,0.000,0.013,4.8,11.20,32.0,0.000,0.000,0.000,0.006,0.000,0.013,0.000,0.000,0.000,0.000,0.000,0.000,0.000,0.006,0.000,0.000,0.013,0.000
72.8052,728,0,move,-1,72.8052,72.8167,0,0.000,0.000,0.176,-0.176,-22.500,15.205,-0.264,-0.088,0.176,0.000,0.000,-0.088,-0.088,0.176,0.000,0.000,0.439,0.176,0.000,0.000,0.000,0.000,-18.539,13.514,0.000,0.000,0.000,0.000,0.000,0.000,0.000,0.000,0.000,0.000,0.000,0.000,0.013,4.8,11.30,32.0,0.000,0.000,0.000,0.006,0.000,0.006,0.006,0.000,0.000,0.000,0.000,0.000,0.000,0.006,0.000,0.000,0.013,0.000
72.9052,729,0,move,-1,72.9052,72.9155,0,0.000,0.000,0.176,-0.176,-20.918,14.150,-0.264,-0.088,0.176,0.000,0.000,-0.088,-0.088,0.176,0.000,0.000,0.439,0.176,0.000,0.000,0.000,0.000,-17.038,12.438,0.000,0.000,0.000,0.000,0.000,0.000,0.000,0.000,0.000,0.000,0.000,0.000,0.013,4.8,11.30,32.0,0.000,0.000,0.000,0.006,0.000,0.006,0.006,0.000,0.000,0.000,0.000,0.000,0.000,0.006,0.000,0.000,0.013,0.000
73.0052,730,0,move,-1,73.0052,73.0172,0,0.000,0.000,0.176,-0.176,-19.336,13.008,-0.264,-0.088,0.176,0.000,0.000,-0.088,-0.088,0.176,0.000,0.000,0.439,0.176,0.000,0.000,0.000,0.000,-15.570,11.382,0.000,0.000,0.000,0.000,0.000,0.000,0.000,0.000,0.000,0.000,0.000,0.000,0.013,8.4,11.30,31.0,0.000,0.000,0.000,0.000,0.013,0.006,0.006,0.000,0.000,0.000,0.000,0.000,0.000,0.006,0.000,0.000,0.006,0.000
73.1052,731,0,move,-1,73.1052,73.1154,0,0.000,0.000,0.176,-0.176,-17.754,12.041,-0.264,-0.088,0.176,0.000,0.000,-0.088,-0.088,0.176,0.000,0.000,0.439,0.176,0.000,0.000,0.000,0.000,-14.141,10.350,0.000,0.000,0.000,0.000,0.000,0.000,0.000,0.000,0.000,0.000,0.000,0.000,0.013,8.4,11.30,31.0,0.000,0.000,0.000,0.000,0.013,0.006,0.006,0.000,0.000,0.000,0.000,0.000,0.000,0.006,0.000,0.000,0.006,0.000
73.2052,732,0,move,-1,73.2052,73.2176,0,0.000,0.000,0.176,-0.176,-16.084,10.898,-0.264,-0.088,0.176,0.000,0.000,-0.088,-0.088,0.176,0.000,0.000,0.439,0.176,0.000,0.000,0.000,0.000,-12.756,9.347,0.000,0.000,0.000,0.000,0.000,0.000,0.000,0.000,0.000,0.000,0.000,0.000,0.006,8.4,11.30,32.0,0.000,0.000,0.000,0.000,0.006,0.000,0.006,0.000,0.000,0.000,0.000,0.000,0.000,0.006,0.000,0.000,0.006,0.006
73.3052,733,0,move,-1,73.3052,73.3191,0,0.000,0.000,0.176,-0.176,-14.502,9.844,-0.264,-0.088,0.176,0.000,0.000,-0.088,-0.088,0.176,0.000,0.000,0.439,0.176,0.000,0.000,0.000,0.000,-11.421,8.375,0.000,0.000,0.000,0.000,0.000,0.000,0.000,0.000,0.000,0.000,0.000,0.000,0.006,2.4,11.30,32.0,0.000,0.000,0.000,0.006,0.006,0.006,0.000,0.000,0.000,0.000,0.000,0.000,0.000,0.006,0.000,0.000,0.006,0.006
73.4052,734,0,move,-1,73.4052,73.4160,0,0.000,0.000,0.176,-0.176,-13.008,8.877,-0.264,-0.088,0.176,0.000,0.000,-0.088,-0.088,0.176,0.000,0.000,0.439,0.176,0.000,0.000,0.000,0.000,-10.139,7.441,0.000,0.000,0.000,0.000,0.000,0.000,0.000,0.000,0.000,0.000,0.000,0.000,0.006,2.4,11.30,32.0,0.000,0.000,0.000,0.006,0.006,0.006,0.000,0.000,0.000,0.000,0.000,0.000,0.000,0.006,0.000,0.000,0.006,0.006
73.5052,735,0,move,-1,73.5052,73.5167,0,0.000,0.000,0.176,-0.176,-11.514,7.822,-0.264,-0.088,0.176,0.000,0.000,-0.088,-0.088,0.176,0.000,0.000,0.439,0.176,0.000,0.000,0.000,0.000,-8.915,6.547,0.000,0.000,0.000,0.000,0.000,0.000,0.000,0.000,0.000,0.000,0.000,0.000,0.006,2.4,11.30,33.0,0.000,0.000,0.006,0.006,0.000,0.000,0.006,0.000,0.000,0.000,0.000,0.000,0.000,0.006,0.000,0.000,0.006,0.000
73.6052,736,0,move,-1,73.6052,73.6162,0,0.000,0.000,0.176,-0.176,-10.195,6.943,-0.264,-0.088,0.176,0.000,0.000,-0.088,-0.088,0.176,0.000,0.000,0.439,0.176,0.000,0.000,0.000,0.000,-7.754,5.698,0.000,0.000,0.000,0.000,0.000,0.000,0.000,0.000,0.000,0.000,0.000,0.000,0.006,2.4,11.30,33.0,0.000,0.000,0.006,0.006,0.000,0.000,0.006,0.000,0.000,0.000,0.000,0.000,0.000,0.006,0.000,0.000,0.006,0.000
73.7053,737,0,move,-1,73.7053,73.7164,0,0.000,0.000,0.176,-0.176,-8.789,6.064,-0.264,-0.088,0.176,0.000,0.000,-0.088,-0.088,0.176,0.000,0.000,0.439,0.176,0.000,0.000,0.000,0.000,-6.661,4.896,0.000,0.000,0.000,0.000,0.000,0.000,0.000,0.000,0.000,0.000,0.000,0.000,0.006,6.0,11.30,32.0,0.000,0.000,0.000,0.000,0.006,0.006,0.006,0.000,0.000,0.000,0.000,0.000,0.000,0.006,0.000,0.000,0.006,0.000
73.8052,738,0,move,-1,73.8052,73.8195,0,0.000,0.000,0.176,-0.176,-7.646,5.186,-0.264,-0.088,0.176,0.000,0.000,-0.088,-0.088,0.176,0.000,0.000,0.439,0.176,0.000,0.000,0.000,0.000,-5.639,4.147,0.000,0.000,0.000,0.000,0.000,0.000,0.000,0.000,0.000,0.000,0.000,0.000,0.006,6.0,11.30,31.0,0.000,0.000,0.000,0.000,0.006,0.006,0.006,0.000,0.006,0.000,0.000,0.000,0.000,0.006,0.000,0.000,0.006,0.000
73.9050,739,0,move,-1,73.9050,73.9175,0,0.000,0.000,0.176,-0.176,-6.592,4.482,-0.264,-0.088,0.176,0.000,0.000,-0.088,-0.088,0.176,0.000,0.000,0.439,0.176,0.000,0.000,0.000,0.000,-4.693,3.452,0.000,0.000,0.000,0.000,0.000,0.000,0.000,0.000,0.000,0.000,0.000,0.000,0.006,6.0,11.30,31.0,0.000,0.000,0.000,0.000,0.006,0.006,0.006,0.000,0.006,0.000,0.000,0.000,0.000,0.006,0.000,0.000,0.006,0.000
74.0052,740,0,move,-1,74.0052,74.0179,0,0.000,0.000,0.176,-0.176,-5.537,3.691,-0.264,-0.088,0.176,0.000,0.000,-0.088,-0.088,0.176,0.000,0.000,0.439,0.176,0.000,0.000,0.000,0.000,-3.825,2.814,0.000,0.000,0.000,0.000,0.000,0.000,0.000,0.000,0.000,0.000,0.000,0.000,0.013,4.8,11.30,32.0,0.000,0.000,0.000,0.006,0.006,0.006,0.006,0.000,0.000,0.000,0.000,0.000,0.000,0.006,0.000,0.000,0.013,0.006
74.1050,741,0,move,-1,74.1050,74.1154,0,0.000,0.000,0.176,-0.176,-4.570,2.988,-0.264,-0.088,0.176,0.000,0.000,-0.088,-0.088,0.176,0.000,0.000,0.439,0.176,0.000,0.000,0.000,0.000,-3.039,2.236,0.000,0.000,0.000,0.000,0.000,0.000,0.000,0.000,0.000,0.000,0.000,0.000,0.013,4.8,11.30,32.0,0.000,0.000,0.000,0.006,0.006,0.006,0.006,0.000,0.000,0.000,0.000,0.000,0.000,0.006,0.000,0.000,0.013,0.006
74.2050,742,0,move,-1,74.2050,74.2158,0,0.000,0.000,0.176,-0.176,-3.691,2.373,-0.264,-0.088,0.176,0.000,0.000,-0.088,-0.088,0.176,0.000,0.000,0.439,0.176,0.000,0.000,0.000,0.000,-2.338,1.720,0.000,0.000,0.000,0.000,0.000,0.000,0.000,0.000,0.000,0.000,0.000,0.000,0.019,5.6,11.20,32.0,0.000,0.000,0.000,0.000,0.006,0.019,0.006,0.000,0.006,0.000,0.000,0.000,0.000,0.000,0.000,0.000,0.013,0.000
74.3052,743,0,move,-1,74.3052,74.3177,0,0.000,0.000,0.176,-0.176,-2.900,1.846,-0.264,-0.088,0.176,0.000,0.000,-0.088,-0.088,0.176,0.000,0.000,0.439,0.176,0.000,0.000,0.000,0.000,-1.725,1.270,0.000,0.000,0.000,0.000,0.000,0.000,0.000,0.000,0.000,0.000,0.000,0.000,0.013,4.4,11.20,32.0,0.000,0.000,0.000,0.006,0.006,0.013,0.006,0.000,0.000,0.000,0.000,0.000,0.000,0.006,0.000,0.000,0.006,0.006
74.4053,744,0,move,-1,74.4053,74.4448,0,0.000,0.000,0.176,-0.176,-2.021,1.230,-0.264,-0.088,0.176,0.000,0.000,-0.088,-0.088,0.176,0.000,0.000,0.439,0.176,0.000,0.000,0.000,0.000,-1.202,0.885,0.000,0.000,0.000,0.000,0.000,0.000,0.000,0.000,0.000,0.000,0.000,0.000,0.006,3.2,11.30,32.0,0.000,0.000,0.000,0.000,0.000,0.000,0.006,0.000,0.000,0.000,0.000,0.000,0.000,0.006,0.000,0.000,0.006,0.000
74.5052,745,0,move,-1,74.5052,74.5176,0,0.000,0.000,0.176,-0.176,-1.582,0.879,-0.264,-0.088,0.176,0.000,0.000,-0.088,-0.088,0.176,0.000,0.000,0.439,0.176,0.000,0.000,0.000,0.000,-0.772,0.568,0.000,0.000,0.000,0.000,0.000,0.000,0.000,0.000,0.000,0.000,0.000,0.000,0.006,3.2,11.30,32.0,0.000,0.000,0.000,0.000,0.000,0.000,0.006,0.000,0.000,0.000,0.000,0.000,0.000,0.006,0.000,0.000,0.006,0.000
74.6051,746,0,move,-1,74.6051,74.6166,0,0.000,0.000,0.176,-0.176,-1.055,0.615,-0.264,-0.088,0.176,0.000,0.000,-0.088,-0.088,0.176,0.000,0.000,0.439,0.176,0.000,0.000,0.000,0.000,-0.435,0.320,0.000,0.000,0.000,0.000,0.000,0.000,0.000,0.000,0.000,0.000,0.000,0.000,0.006,2.0,11.20,32.0,0.000,0.000,0.000,0.000,0.000,0.006,0.006,0.000,0.000,0.000,0.000,0.000,0.000,0.006,0.000,0.000,0.006,0.000
74.7052,747,0,move,-1,74.7052,74.7170,0,0.000,0.000,0.176,-0.176,-0.615,0.439,-0.264,-0.088,0.176,0.000,0.000,-0.088,-0.088,0.176,0.000,0.000,0.439,0.176,0.000,0.000,0.000,0.000,-0.194,0.143,0.000,0.000,0.000,0.000,0.000,0.000,0.000,0.000,0.000,0.000,0.000,0.000,0.006,2.4,11.30,32.0,0.000,0.000,0.000,0.006,0.000,0.000,0.006,0.000,0.006,0.000,0.000,0.000,0.000,0.000,0.000,0.000,0.006,0.000
74.8052,748,0,move,-1,74.8052,74.8182,0,0.000,0.000,0.176,-0.176,-0.439,0.264,-0.264,-0.088,0.176,0.000,0.000,-0.088,-0.088,0.176,0.000,0.000,0.439,0.176,0.000,0.000,0.000,0.000,-0.049,0.036,0.000,0.000,0.000,0.000,0.000,0.000,0.000,0.000,0.000,0.000,0.000,0.000,0.006,2.4,11.30,32.0,0.000,0.000,0.000,0.006,0.006,0.000,0.006,0.000,0.000,0.000,0.000,0.000,0.000,0.006,0.000,0.000,0.006,0.000
74.9052,749,0,move,-1,74.9052,74.9166,0,0.000,0.000,0.176,-0.176,-0.264,0.176,-0.264,-0.088,0.176,0.000,0.000,-0.088,-0.088,0.176,0.000,0.000,0.439,0.176,0.000,0.000,0.000,0.000,0.000,0.000,0.000,0.000,0.000,0.000,0.000,0.000,0.000,0.000,0.000,0.000,0.000,0.000,0.006,2.4,11.30,32.0,0.000,0.000,0.000,0.006,0.006,0.000,0.006,0.000,0.000,0.000,0.000,0.000,0.000,0.006,0.000,0.000,0.006,0.000
75.0052,750,0,move,-1,75.0052,75.0171,0,0.000,0.000,0.176,-0.176,-0.264,0.088,-0.264,-0.088,0.176,0.000,0.000,-0.088,-0.088,0.176,0.000,0.000,0.439,0.176,0.000,0.000,0.000,0.000,0.000,0.000,0.000,0.000,0.000,0.000,0.000,0.000,0.000,0.000,0.000,0.000,0.000,0.000,0.006,2.4,11.30,33.0,0.000,0.000,0.006,0.006,0.000,0.006,0.006,0.000,0.000,0.000,0.000,0.000,0.000,0.006,0.000,0.000,0.006,0.006
75.1052,751,0,move,-1,75.1052,75.1165,0,0.000,0.000,0.176,-0.176,-0.264,0.088,-0.264,-0.088,0.176,0.000,0.000,-0.088,-0.088,0.176,0.000,0.000,0.439,0.176,0.000,0.000,0.000,0.000,0.000,0.000,0.000,0.000,0.000,0.000,0.000,0.000,0.000,0.000,0.000,0.000,0.000,0.000,0.006,2.4,11.30,33.0,0.000,0.000,0.006,0.006,0.000,0.006,0.006,0.000,0.000,0.000,0.000,0.000,0.000,0.006,0.000,0.000,0.006,0.006
75.2052,752,0,move,-1,75.2052,75.2196,0,0.000,0.000,0.176,-0.176,-0.088,0.088,-0.264,-0.088,0.176,0.000,0.000,-0.088,-0.088,0.176,0.000,0.000,0.439,0.176,0.000,0.000,0.000,0.000,0.000,0.000,0.000,0.000,0.000,0.000,0.000,0.000,0.000,0.000,0.000,0.000,0.000,0.000,0.006,2.4,11.30,32.0,0.000,0.000,0.000,0.006,0.000,0.000,0.006,0.000,0.000,0.000,0.000,0.000,0.000,0.006,0.000,0.000,0.006,0.000
75.3051,753,0,move,-1,75.3051,75.3177,0,0.000,0.000,0.176,-0.176,-0.088,0.088,-0.264,-0.088,0.176,0.000,0.000,-0.088,-0.088,0.176,0.000,0.000,0.439,0.176,0.000,0.000,0.000,0.000,0.000,0.000,0.000,0.000,0.000,0.000,0.000,0.000,0.000,0.000,0.000,0.000,0.000,0.000,0.006,2.4,11.30,32.0,0.000,0.000,0.000,0.006,0.000,0.000,0.006,0.000,0.000,0.000,0.000,0.000,0.000,0.006,0.000,0.000,0.006,0.000
75.4052,754,0,move,-1,75.4052,75.4159,0,0.000,0.000,0.176,-0.176,-0.088,0.088,-0.264,-0.088,0.176,0.000,0.000,-0.088,-0.088,0.176,0.000,0.000,0.439,0.176,0.000,0.000,0.000,0.000,0.000,0.000,0.000,0.000,0.000,0.000,0.000,0.000,0.000,0.000,0.000,0.000,0.000,0.000,0.006,2.4,11.30,32.0,0.000,0.000,0.000,0.006,0.000,0.000,0.000,0.000,0.006,0.000,0.000,0.000,0.000,0.006,0.000,0.000,0.006,0.000
75.5052,755,0,move,-1,75.5052,75.5200,0,0.000,0.000,0.176,-0.176,-0.088,0.088,-0.264,-0.088,0.176,0.000,0.000,-0.088,-0.088,0.176,0.000,0.000,0.439,0.176,0.000,0.000,0.000,0.000,0.000,0.000,0.000,0.000,0.000,0.000,0.000,0.000,0.000,0.000,0.000,0.000,0.000,0.000,0.006,2.4,11.30,32.0,0.000,0.000,0.000,0.006,0.000,0.000,0.000,0.000,0.000,0.000,0.000,0.000,0.000,0.006,0.000,0.000,0.006,0.000
75.6142,756,0,move,-1,75.6142,75.6310,0,0.000,0.000,0.176,-0.176,-0.088,0.088,-0.264,-0.088,0.176,0.000,0.000,-0.088,-0.088,0.176,0.000,0.000,0.439,0.176,0.000,0.000,0.000,0.000,0.000,0.000,0.000,0.000,0.000,0.000,0.000,0.000,0.000,0.000,0.000,0.000,0.000,0.000,0.006,2.8,11.30,32.0,0.000,0.000,0.000,0.000,0.000,0.000,0.006,0.000,0.000,0.000,0.000,0.000,0.000,0.006,0.000,0.000,0.006,0.000
75.7052,757,0,move,-1,75.7052,75.7125,0,0.000,0.000,0.176,-0.176,-0.088,0.088,-0.264,-0.088,0.176,0.000,0.000,-0.088,-0.088,0.176,0.000,0.000,0.439,0.176,0.000,0.000,0.000,0.000,0.000,0.000,0.000,0.000,0.000,0.000,0.000,0.000,0.000,0.000,0.000,0.000,0.000,0.000,0.006,2.8,11.30,32.0,0.000,0.000,0.000,0.000,0.000,0.000,0.006,0.000,0.000,0.000,0.000,0.000,0.000,0.006,0.000,0.000,0.006,0.000
75.8052,758,0,move,-1,75.8052,75.8174,0,0.000,0.000,0.176,-0.176,-0.088,0.088,-0.264,-0.088,0.176,0.000,0.000,-0.088,-0.088,0.176,0.000,0.000,0.439,0.176,0.000,0.000,0.000,0.000,0.000,0.000,0.000,0.000,0.000,0.000,0.000,0.000,0.000,0.000,0.000,0.000,0.000,0.000,0.013,4.8,11.30,32.0,0.000,0.000,0.006,0.000,0.000,0.000,0.000,0.000,0.006,0.000,0.000,0.000,0.000,0.006,0.000,0.000,0.013,0.006
75.9052,759,0,move,-1,75.9052,75.9159,0,0.000,0.000,0.176,-0.176,-0.088,0.088,-0.264,-0.088,0.176,0.000,0.000,-0.088,-0.088,0.176,0.000,0.000,0.439,0.176,0.000,0.000,0.000,0.000,0.000,0.000,0.000,0.000,0.000,0.000,0.000,0.000,0.000,0.000,0.000,0.000,0.000,0.000,0.013,4.8,11.30,32.0,0.000,0.000,0.006,0.000,0.000,0.000,0.000,0.000,0.006,0.000,0.000,0.000,0.000,0.006,0.000,0.000,0.013,0.006
76.0052,760,0,move,-1,76.0052,76.0168,0,0.000,0.000,0.176,-0.176,-0.088,0.088,-0.264,-0.088,0.176,0.000,0.000,-0.088,-0.088,0.176,0.000,0.000,0.439,0.176,0.000,0.000,0.000,0.000,0.000,0.000,0.000,0.000,0.000,0.000,0.000,0.000,0.000,0.000,0.000,0.000,0.000,0.000,0.013,4.8,11.30,32.0,0.000,0.000,0.000,0.000,0.000,0.000,0.006,0.000,0.000,0.000,0.000,0.000,0.000,0.006,0.000,0.000,0.013,0.006
76.1052,761,0,move,-1,76.1052,76.1185,0,0.000,0.000,0.176,-0.176,-0.088,0.088,-0.264,-0.088,0.176,0.000,0.000,-0.088,-0.088,0.176,0.000,0.000,0.439,0.176,0.000,0.000,0.000,0.000,0.000,0.000,0.000,0.000,0.000,0.000,0.000,0.000,0.000,0.000,0.000,0.000,0.000,0.000,0.006,2.4,11.30,32.0,0.000,0.000,0.000,0.006,0.000,0.000,0.006,0.000,0.006,0.000,0.000,0.000,0.000,0.006,0.000,0.000,0.006,0.000
76.2052,762,0,move,-1,76.2052,76.2176,0,0.000,0.000,0.176,-0.176,-0.088,0.088,-0.264,-0.088,0.176,0.000,0.000,-0.088,-0.088,0.176,0.000,0.000,0.439,0.176,0.000,0.000,0.000,0.000,0.000,0.000,0.000,0.000,0.000,0.000,0.000,0.000,0.000,0.000,0.000,0.000,0.000,0.000,0.006,2.4,11.30,32.0,0.000,0.000,0.000,0.006,0.000,0.000,0.006,0.000,0.006,0.000,0.000,0.000,0.000,0.006,0.000,0.000,0.006,0.000
76.3054,763,0,move,-1,76.3054,76.3170,0,0.000,0.000,0.176,-0.176,-0.088,0.088,-0.264,-0.088,0.176,0.000,0.000,-0.088,-0.088,0.176,0.000,0.000,0.439,0.176,0.000,0.000,0.000,0.000,0.000,0.000,0.000,0.000,0.000,0.000,0.000,0.000,0.000,0.000,0.000,0.000,0.000,0.000,0.006,3.2,11.30,32.0,0.000,0.000,0.000,0.000,0.000,0.000,0.006,0.000,0.000,0.000,0.000,0.000,0.000,0.006,0.000,0.000,0.006,0.006
76.4051,764,0,move,-1,76.4051,76.4198,0,0.000,0.000,0.176,-0.176,-0.088,0.088,-0.264,-0.088,0.176,0.000,0.000,-0.088,-0.088,0.176,0.000,0.000,0.439,0.176,0.000,0.000,0.000,0.000,0.000,0.000,0.000,0.000,0.000,0.000,0.000,0.000,0.000,0.000,0.000,0.000,0.000,0.000,0.000,0.0,11.30,32.0,0.000,0.000,0.000,0.000,0.000,0.000,0.000,0.000,0.000,0.000,0.000,0.000,0.000,0.000,0.000,0.000,0.000,0.000
76.5052,765,0,move,-1,76.5052,76.5147,0,0.000,0.000,0.176,-0.176,-0.088,0.088,-0.264,-0.088,0.176,0.000,0.000,-0.088,-0.088,0.176,0.000,0.000,0.439,0.176,0.000,0.000,0.000,0.000,0.000,0.000,0.000,0.000,0.000,0.000,0.000,0.000,0.000,0.000,0.000,0.000,0.000,0.000,0.000,0.0,11.30,32.0,0.000,0.000,0.000,0.000,0.000,0.000,0.000,0.000,0.000,0.000,0.000,0.000,0.000,0.000,0.000,0.000,0.000,0.000
76.6051,766,0,move,-1,76.6051,76.6159,0,0.000,0.000,0.176,-0.176,-0.088,0.088,-0.264,-0.088,0.176,0.000,0.000,-0.088,-0.088,0.176,0.000,0.000,0.439,0.176,0.000,0.000,0.000,0.000,0.000,0.000,0.000,0.000,0.000,0.000,0.000,0.000,0.000,0.000,0.000,0.000,0.000,0.000,0.006,4.8,11.30,31.0,0.000,0.000,0.000,0.000,0.000,0.000,0.000,0.000,0.000,0.000,0.000,0.000,0.000,0.000,0.000,0.000,0.006,0.006
76.7052,767,0,move,-1,76.7052,76.7171,0,0.000,0.000,0.176,-0.176,-0.088,0.088,-0.264,-0.088,0.176,0.000,0.000,-0.088,-0.088,0.176,0.000,0.000,0.439,0.176,0.000,0.000,0.000,0.000,0.000,0.000,0.000,0.000,0.000,0.000,0.000,0.000,0.000,0.000,0.000,0.000,0.000,0.000,0.006,2.4,11.30,32.0,0.000,0.000,0.000,0.000,0.000,0.000,0.000,0.000,0.006,0.000,0.000,0.000,0.000,0.006,0.000,0.000,0.006,0.000
76.8050,768,0,move,-1,76.8050,76.8282,0,0.000,0.000,0.176,-0.176,-0.088,0.088,-0.264,-0.088,0.176,0.000,0.000,-0.088,-0.088,0.176,0.000,0.000,0.439,0.176,0.000,0.000,0.000,0.000,0.000,0.000,0.000,0.000,0.000,0.000,0.000,0.000,0.000,0.000,0.000,0.000,0.000,0.000,0.013,4.8,11.30,32.0,0.000,0.000,0.000,0.000,0.000,0.000,0.006,0.000,0.000,0.000,0.000,0.000,0.000,0.006,0.000,0.000,0.013,0.000
76.9052,769,0,move,-1,76.9052,76.9156,0,0.000,0.000,0.176,-0.176,-0.088,0.088,-0.264,-0.088,0.176,0.000,0.000,-0.088,-0.088,0.176,0.000,0.000,0.439,0.176,0.000,0.000,0.000,0.000,0.000,0.000,0.000,0.000,0.000,0.000,0.000,0.000,0.000,0.000,0.000,0.000,0.000,0.000,0.013,4.8,11.30,32.0,0.000,0.000,0.000,0.000,0.000,0.000,0.006,0.000,0.000,0.000,0.000,0.000,0.000,0.006,0.000,0.000,0.013,0.000
77.0052,770,0,move,-1,77.0052,77.0425,0,0.000,0.000,0.176,-0.176,-0.088,0.088,-0.264,-0.088,0.176,0.000,0.000,-0.088,-0.088,0.176,0.000,0.000,0.439,0.176,0.000,0.000,0.000,0.000,0.000,0.000,0.000,0.000,0.000,0.000,0.000,0.000,0.000,0.000,0.000,0.000,0.000,0.000,0.006,3.2,11.30,32.0,0.000,0.000,0.000,0.000,0.000,0.000,0.006,0.000,0.000,0.000,0.000,0.000,0.000,0.006,0.000,0.000,0.006,0.006
77.1058,771,0,move,-1,77.1058,77.1153,0,0.000,0.000,0.176,-0.176,-0.088,0.088,-0.264,-0.088,0.176,0.000,0.000,-0.088,-0.088,0.176,0.000,0.000,0.439,0.176,0.000,0.000,0.000,0.000,0.000,0.000,0.000,0.000,0.000,0.000,0.000,0.000,0.000,0.000,0.000,0.000,0.000,0.000,0.006,3.2,11.30,32.0,0.000,0.000,0.000,0.000,0.000,0.000,0.006,0.000,0.000,0.000,0.000,0.000,0.000,0.006,0.000,0.000,0.006,0.006
77.2052,772,0,move,-1,77.2052,77.2122,0,0.000,0.000,0.176,-0.176,-0.088,0.088,-0.264,-0.088,0.176,0.000,0.000,-0.088,-0.088,0.176,0.000,0.000,0.439,0.176,0.000,0.000,0.000,0.000,0.000,0.000,0.000,0.000,0.000,0.000,0.000,0.000,0.000,0.000,0.000,0.000,0.000,0.000,0.006,2.4,11.30,32.0,0.000,0.000,0.000,0.006,0.000,0.000,0.006,0.000,0.006,0.000,0.000,0.000,0.000,0.000,0.000,0.000,0.006,0.006
77.3052,773,0,move,-1,77.3052,77.3175,0,0.000,0.000,0.176,-0.176,-0.088,0.088,-0.264,-0.088,0.176,0.000,0.000,-0.088,-0.088,0.176,0.000,0.000,0.439,0.176,0.000,0.000,0.000,0.000,0.000,0.000,0.000,0.000,0.000,0.000,0.000,0.000,0.000,0.000,0.000,0.000,0.000,0.000,0.006,3.2,11.20,32.0,0.000,0.000,0.000,0.000,0.000,0.000,0.006,0.000,0.006,0.000,0.000,0.000,0.000,0.006,0.000,0.000,0.006,0.006
77.4052,774,0,move,-1,77.4052,77.4158,0,0.000,0.000,0.176,-0.176,-0.088,0.088,-0.264,-0.088,0.176,0.000,0.000,-0.088,-0.088,0.176,0.000,0.000,0.439,0.176,0.000,0.000,0.000,0.000,0.000,0.000,0.000,0.000,0.000,0.000,0.000,0.000,0.000,0.000,0.000,0.000,0.000,0.000,0.006,3.2,11.20,32.0,0.000,0.000,0.000,0.000,0.000,0.000,0.006,0.000,0.006,0.000,0.000,0.000,0.000,0.006,0.000,0.000,0.006,0.006
77.5050,775,0,move,-1,77.5050,77.5169,0,0.000,0.000,0.176,-0.176,-0.088,0.088,-0.264,-0.088,0.176,0.000,0.000,-0.088,-0.088,0.176,0.000,0.000,0.439,0.176,0.000,0.000,0.000,0.000,0.000,0.000,0.000,0.000,0.000,0.000,0.000,0.000,0.000,0.000,0.000,0.000,0.000,0.000,0.006,2.4,11.30,29.0,0.000,0.000,0.000,0.000,0.000,0.000,0.000,0.000,0.000,0.000,0.000,0.000,0.000,0.006,0.000,0.000,0.006,0.000
77.6050,776,0,move,-1,77.6050,77.6225,0,0.000,0.000,0.176,-0.176,-0.088,0.088,-0.264,-0.088,0.176,0.000,0.000,-0.088,-0.088,0.176,0.000,0.000,0.439,0.176,0.000,0.000,0.000,0.000,0.000,0.000,0.000,0.000,0.000,0.000,0.000,0.000,0.000,0.000,0.000,0.000,0.000,0.000,0.006,2.4,11.30,33.0,0.000,0.000,0.006,0.000,0.000,0.000,0.006,0.000,0.006,0.000,0.000,0.000,0.000,0.006,0.000,0.000,0.006,0.000
77.7051,777,0,move,-1,77.7051,77.7158,0,0.000,0.000,0.176,-0.176,-0.088,0.088,-0.264,-0.088,0.176,0.000,0.000,-0.088,-0.088,0.176,0.000,0.000,0.439,0.176,0.000,0.000,0.000,0.000,0.000,0.000,0.000,0.000,0.000,0.000,0.000,0.000,0.000,0.000,0.000,0.000,0.000,0.000,0.006,2.4,11.30,33.0,0.000,0.000,0.006,0.000,0.000,0.000,0.006,0.000,0.006,0.000,0.000,0.000,0.000,0.006,0.000,0.000,0.006,0.000
77.8052,778,0,move,-1,77.8052,77.8179,0,0.000,0.000,0.176,-0.176,-0.088,0.088,-0.264,-0.088,0.176,0.000,0.000,-0.088,-0.088,0.176,0.000,0.000,0.439,0.176,0.000,0.000,0.000,0.000,0.000,0.000,0.000,0.000,0.000,0.000,0.000,0.000,0.000,0.000,0.000,0.000,0.000,0.000,0.013,4.8,11.30,32.0,0.000,0.000,0.000,0.000,0.000,0.000,0.000,0.000,0.000,0.000,0.000,0.000,0.000,0.006,0.000,0.000,0.013,0.006
77.9052,779,0,move,-1,77.9052,77.9402,0,0.000,0.000,0.176,-0.176,-0.088,0.088,-0.264,-0.088,0.176,0.000,0.000,-0.088,-0.088,0.176,0.000,0.000,0.439,0.176,0.000,0.000,0.000,0.000,0.000,0.000,0.000,0.000,0.000,0.000,0.000,0.000,0.000,0.000,0.000,0.000,0.000,0.000,0.006,3.2,11.20,32.0,0.000,0.000,0.000,0.000,0.000,0.000,0.006,0.000,0.000,0.000,0.000,0.000,0.000,0.000,0.000,0.000,0.006,0.000
78.0052,780,0,move,-1,78.0052,78.0161,0,0.000,0.000,0.176,-0.176,-0.088,0.088,-0.264,-0.088,0.176,0.000,0.000,-0.088,-0.088,0.176,0.000,0.000,0.439,0.176,0.000,0.000,0.000,0.000,0.000,0.000,0.000,0.000,0.000,0.000,0.000,0.000,0.000,0.000,0.000,0.000,0.000,0.000,0.006,3.2,11.20,32.0,0.000,0.000,0.000,0.000,0.000,0.000,0.006,0.000,0.000,0.000,0.000,0.000,0.000,0.000,0.000,0.000,0.006,0.000
78.1052,781,0,move,-1,78.1052,78.1168,0,0.000,0.000,0.176,-0.176,-0.088,0.088,-0.264,-0.088,0.176,0.000,0.000,-0.088,-0.088,0.176,0.000,0.000,0.439,0.176,0.000,0.000,0.000,0.000,0.000,0.000,0.000,0.000,0.000,0.000,0.000,0.000,0.000,0.000,0.000,0.000,0.000,0.000,0.006,2.4,11.30,33.0,0.000,0.000,0.006,0.006,0.000,0.000,0.006,0.000,0.006,0.000,0.000,0.000,0.000,0.006,0.000,0.000,0.006,0.006
78.2052,782,0,move,-1,78.2052,78.2172,0,0.000,0.000,0.176,-0.176,-0.088,0.088,-0.264,-0.088,0.176,0.000,0.000,-0.088,-0.088,0.176,0.000,0.000,0.439,0.176,0.000,0.000,0.000,0.000,0.000,0.000,0.000,0.000,0.000,0.000,0.000,0.000,0.000,0.000,0.000,0.000,0.000,0.000,0.006,3.2,11.30,32.0,0.000,0.000,0.000,0.000,0.000,0.000,0.006,0.000,0.000,0.000,0.000,0.000,0.000,0.006,0.000,0.000,0.006,0.006
78.3052,783,0,move,-1,78.3052,78.3148,0,0.000,0.000,0.176,-0.176,-0.088,0.088,-0.264,-0.088,0.176,0.000,0.000,-0.088,-0.088,0.176,0.000,0.000,0.439,0.176,0.000,0.000,0.000,0.000,0.000,0.000,0.000,0.000,0.000,0.000,0.000,0.000,0.000,0.000,0.000,0.000,0.000,0.000,0.006,3.2,11.30,32.0,0.000,0.000,0.000,0.000,0.000,0.000,0.006,0.000,0.000,0.000,0.000,0.000,0.000,0.006,0.000,0.000,0.006,0.006
78.4052,784,0,move,-1,78.4052,78.4162,0,0.000,0.000,0.176,-0.176,-0.088,0.088,-0.264,-0.088,0.176,0.000,0.000,-0.088,-0.088,0.176,0.000,0.000,0.439,0.176,0.000,0.000,0.000,0.000,0.000,0.000,0.000,0.000,0.000,0.000,0.000,0.000,0.000,0.000,0.000,0.000,0.000,0.000,0.006,2.4,11.30,32.0,0.000,0.000,0.000,0.006,0.000,0.000,0.006,0.000,0.000,0.000,0.000,0.000,0.000,0.006,0.000,0.000,0.006,0.000
78.5052,785,0,move,-1,78.5052,78.5192,0,0.000,0.000,0.176,-0.176,-0.088,0.088,-0.264,-0.088,0.176,0.000,0.000,-0.088,-0.088,0.176,0.000,0.000,0.439,0.176,0.000,0.000,0.000,0.000,0.000,0.000,0.000,0.000,0.000,0.000,0.000,0.000,0.000,0.000,0.000,0.000,0.000,0.000,0.006,2.4,11.30,33.0,0.000,0.000,0.006,0.000,0.000,0.000,0.006,0.000,0.006,0.000,0.000,0.000,0.000,0.006,0.000,0.000,0.006,0.000
78.6052,786,0,move,-1,78.6052,78.6150,0,0.000,0.000,0.176,-0.176,-0.088,0.088,-0.264,-0.088,0.176,0.000,0.000,-0.088,-0.088,0.176,0.000,0.000,0.439,0.176,0.000,0.000,0.000,0.000,0.000,0.000,0.000,0.000,0.000,0.000,0.000,0.000,0.000,0.000,0.000,0.000,0.000,0.000,0.006,2.4,11.30,33.0,0.000,0.000,0.006,0.000,0.000,0.000,0.006,0.000,0.006,0.000,0.000,0.000,0.000,0.006,0.000,0.000,0.006,0.000
78.7052,787,0,move,-1,78.7052,78.7174,0,0.000,0.000,0.176,-0.176,-0.088,0.088,-0.264,-0.088,0.176,0.000,0.000,-0.088,-0.088,0.176,0.000,0.000,0.439,0.176,0.000,0.000,0.000,0.000,0.000,0.000,0.000,0.000,0.000,0.000,0.000,0.000,0.000,0.000,0.000,0.000,0.000,0.000,0.006,2.4,11.30,29.0,0.000,0.000,0.000,0.000,0.000,0.000,0.000,0.000,0.000,0.000,0.000,0.000,0.000,0.006,0.000,0.000,0.006,0.000
78.8052,788,0,move,-1,78.8052,78.8604,0,0.000,0.000,0.176,-0.176,-0.088,0.088,-0.264,-0.088,0.176,0.000,0.000,-0.088,-0.088,0.176,0.000,0.000,0.439,0.176,0.000,0.000,0.000,0.000,0.000,0.000,0.000,0.000,0.000,0.000,0.000,0.000,0.000,0.000,0.000,0.000,0.000,0.000,0.006,2.4,11.30,33.0,0.000,0.000,0.006,0.006,0.000,0.000,0.006,0.000,0.000,0.000,0.000,0.000,0.000,0.006,0.000,0.000,0.006,0.000
78.9052,789,0,move,-1,78.9052,78.9156,0,0.000,0.000,0.176,-0.176,-0.088,0.088,-0.264,-0.088,0.176,0.000,0.000,-0.088,-0.088,0.176,0.000,0.000,0.439,0.176,0.000,0.000,0.000,0.000,0.000,0.000,0.000,0.000,0.000,0.000,0.000,0.000,0.000,0.000,0.000,0.000,0.000,0.000,0.006,2.4,11.30,33.0,0.000,0.000,0.006,0.006,0.000,0.000,0.006,0.000,0.000,0.000,0.000,0.000,0.000,0.006,0.000,0.000,0.006,0.000
79.0050,790,0,move,-1,79.0050,79.0168,0,0.000,0.000,0.176,-0.176,-0.088,0.088,-0.264,-0.088,0.176,0.000,0.000,-0.088,-0.088,0.176,0.000,0.000,0.439,0.176,0.000,0.000,0.000,0.000,-0.049,0.036,0.000,0.000,0.000,0.000,0.000,0.000,0.000,0.000,0.000,0.000,0.000,0.000,0.006,2.4,11.30,33.0,0.000,0.000,0.006,0.000,0.000,0.000,0.006,0.000,0.006,0.000,0.000,0.000,0.000,0.000,0.000,0.000,0.006,0.006
79.1052,791,0,move,-1,79.1052,79.1155,0,0.000,0.000,0.176,-0.176,-0.088,0.088,-0.264,-0.088,0.176,0.000,0.000,-0.088,-0.088,0.176,0.000,0.000,0.439,0.176,0.000,0.000,0.000,0.000,-0.194,0.143,0.000,0.000,0.000,0.000,0.000,0.000,0.000,0.000,0.000,0.000,0.000,0.000,0.006,2.4,11.30,33.0,0.000,0.000,0.006,0.000,0.000,0.000,0.006,0.000,0.006,0.000,0.000,0.000,0.000,0.000,0.000,0.000,0.006,0.006
79.2052,792,0,move,-1,79.2052,79.2153,0,0.000,0.000,0.176,-0.176,-0.088,0.088,-0.264,-0.088,0.176,0.000,0.000,-0.088,-0.088,0.176,0.000,0.000,0.439,0.176,0.000,0.000,0.000,0.000,-0.435,0.320,0.000,0.000,0.000,0.000,0.000,0.000,0.000,0.000,0.000,0.000,0.000,0.000,0.006,3.2,11.30,32.0,0.000,0.000,0.000,0.000,0.000,0.000,0.006,0.000,0.000,0.000,0.000,0.000,0.000,0.006,0.000,0.000,0.006,0.000
79.3052,793,0,move,-1,79.3052,79.3176,0,0.000,0.000,0.176,-0.176,-0.088,0.264,-0.264,-0.088,0.176,0.000,0.000,-0.088,-0.088,0.176,0.000,0.000,0.439,0.176,0.000,0.000,0.000,0.000,-0.772,0.568,0.000,0.000,0.000,0.000,0.000,0.000,0.000,0.000,0.000,0.000,0.000,0.000,0.006,2.4,11.30,32.0,0.000,,0.000,0.006,0.006,0.000,0.006,0.000,0.000,0.000,0.000,0.000,0.000,0.006,0.000,0.000,0.006,0.000
79.4050,794,0,move,-1,79.4050,79.4186,0,0.000,0.000,0.176,-0.176,-0.088,0.527,-0.264,-0.088,0.176,0.000,0.000,-0.088,-0.088,0.176,0.000,0.000,0.439,0.176,0.000,0.000,0.000,0.000,-1.202,0.885,0.000,0.000,0.000,0.000,0.000,0.000,0.000,0.000,0.000,0.000,0.000,0.000,0.006,7.2,11.20,32.0,0.000,0.000,0.000,0.000,0.006,0.000,0.000,0.000,0.000,0.000,0.000,0.000,0.000,0.006,0.000,0.000,0.006,0.000
79.5052,795,0,move,-1,79.5052,79.5171,0,0.000,0.000,0.176,-0.176,-0.439,0.791,-0.264,-0.088,0.176,0.000,0.000,-0.088,-0.088,0.176,0.000,0.000,0.439,0.176,0.000,0.000,0.000,0.000,-1.725,1.270,0.000,0.000,0.000,0.000,0.000,0.000,0.000,0.000,0.000,0.000,0.000,0.000,0.006,7.2,11.20,32.0,0.000,0.000,0.000,0.000,0.006,0.000,0.000,0.000,0.000,0.000,0.000,0.000,0.000,0.006,0.000,0.000,0.006,0.000
79.6052,796,0,move,-1,79.6052,79.6160,0,0.000,0.000,0.176,-0.176,-0.703,1.230,-0.264,-0.088,0.176,0.000,0.000,-0.088,-0.088,0.176,0.000,0.000,0.439,0.176,0.000,0.000,0.000,0.000,-2.338,1.720,0.000,0.000,0.000,0.000,0.000,0.000,0.000,0.000,0.000,0.000,0.000,0.000,0.013,8.0,11.20,31.0,0.000,0.000,0.000,0.006,0.013,0.000,0.000,0.000,0.006,0.006,0.000,0.000,0.000,0.006,0.000,0.000,0.006,0.000
79.7050,797,0,move,-1,79.7050,79.7174,0,0.000,0.000,0.176,-0.176,-1.406,1.582,-0.264,-0.088,0.176,0.000,0.000,-0.088,-0.088,0.176,0.000,0.000,0.439,0.176,0.000,0.000,0.000,0.000,-3.039,2.236,0.000,0.000,0.000,0.000,0.000,0.000,0.000,0.000,0.000,0.000,0.000,0.000,0.019,10.4,11.30,31.0,0.000,0.000,0.000,0.000,0.019,0.006,0.006,0.000,0.000,0.000,0.000,0.000,0.000,0.006,0.000,0.000,0.006,0.006
79.8052,798,0,move,-1,79.8052,79.8147,0,0.000,0.000,0.176,-0.176,-2.021,2.021,-0.264,-0.088,0.176,0.000,0.000,-0.088,-0.088,0.176,0.000,0.000,0.439,0.176,0.000,0.000,0.000,0.000,-3.825,2.814,0.000,0.000,0.000,0.000,0.000,0.000,0.000,0.000,0.000,0.000,0.000,0.000,0.019,10.4,11.30,31.0,0.000,0.000,0.000,0.000,0.019,0.006,0.006,0.000,0.000,0.000,0.000,0.000,0.000,0.006,0.000,0.000,0.006,0.006
79.9052,799,0,move,-1,79.9052,79.9160,0,0.000,0.000,0.176,-0.176,-2.637,2.637,-0.264,-0.088,0.176,0.000,0.000,-0.088,-0.088,0.176,0.000,0.000,0.439,0.176,0.000,0.000,0.000,0.000,-4.693,3.452,0.000,0.000,0.000,0.000,0.000,0.000,0.000,0.000,0.000,0.000,0.000,0.000,0.013,9.2,11.30,32.0,0.000,0.000,0.000,0.000,0.013,0.006,0.000,0.000,0.000,0.000,0.000,0.000,0.000,0.006,0.000,0.000,0.013,0.000
80.0186,800,0,move,-1,80.0186,80.0292,0,0.000,0.000,0.176,-0.176,-3.604,3.252,-0.264,-0.088,0.176,0.000,0.000,-0.088,-0.088,0.176,0.000,0.000,0.439,0.176,0.000,0.000,0.000,0.000,-5.639,4.147,0.000,0.000,0.000,0.000,0.000,0.000,0.000,0.000,0.000,0.000,0.000,0.000,0.026,10.4,11.30,31.0,0.000,0.000,0.000,0.000,0.026,0.013,0.000,0.000,0.006,0.000,0.000,0.000,0.000,0.006,0.000,0.000,0.006,0.000
80.1052,801,0,move,-1,80.1052,80.1175,0,0.000,0.000,0.176,-0.176,-4.131,3.867,-0.264,-0.088,0.176,0.000,0.000,-0.088,-0.088,0.176,0.000,0.000,0.439,0.176,0.000,0.000,0.000,0.000,-6.661,4.896,0.000,0.000,0.000,0.000,0.000,0.000,0.000,0.000,0.000,0.000,0.000,0.000,0.026,10.4,11.30,31.0,0.000,0.000,0.000,0.000,0.026,0.013,0.000,0.000,0.006,0.000,0.000,0.000,0.000,0.006,0.000,0.000,0.006,0.000
80.2052,802,0,move,-1,80.2052,80.2500,0,0.000,0.000,0.176,-0.176,-5.098,4.570,-0.264,-0.088,0.176,0.000,0.000,-0.088,-0.088,0.176,0.000,0.000,0.439,0.176,0.000,0.000,0.000,0.000,-7.754,5.698,0.000,0.000,0.000,0.000,0.000,0.000,0.000,0.000,0.000,0.000,0.000,0.000,0.019,12.0,11.20,31.0,0.000,0.000,0.000,0.000,0.019,0.006,0.006,0.000,0.000,0.000,0.000,0.000,0.000,0.000,0.000,0.000,0.006,0.006
80.3052,803,0,move,-1,80.3052,80.3156,0,0.000,0.000,0.176,-0.176,-6.240,5.361,-0.264,-0.088,0.176,0.000,0.000,-0.088,-0.088,0.176,0.000,0.000,0.439,0.176,0.000,0.000,0.000,0.000,-8.915,6.547,0.000,0.000,0.000,0.000,0.000,0.000,0.000,0.000,0.000,0.000,0.000,0.000,0.019,12.0,11.20,31.0,0.000,0.000,0.000,0.000,0.019,0.006,0.006,0.000,0.000,0.000,0.000,0.000,0.000,0.000,0.000,0.000,0.006,0.006
80.4050,804,0,move,-1,80.4050,80.4157,0,0.000,0.000,0.176,-0.176,-7.295,6.152,-0.264,-0.088,0.176,0.000,0.000,-0.088,-0.088,0.176,0.000,0.000,0.439,0.176,0.000,0.000,0.000,0.000,-10.139,7.441,0.000,0.000,0.000,0.000,0.000,0.000,0.000,0.000,0.000,0.000,0.000,0.000,0.019,12.0,11.20,31.0,0.000,0.000,0.000,0.006,0.019,0.013,0.006,0.000,0.006,0.000,0.000,0.000,0.000,0.006,0.000,0.000,0.006,0.000
80.5052,805,0,move,-1,80.5052,80.5152,0,0.000,0.000,0.176,-0.176,-8.438,6.943,-0.264,-0.088,0.176,0.000,0.000,-0.088,-0.088,0.176,0.000,0.000,0.439,0.176,0.000,0.000,0.000,0.000,-11.421,8.375,0.000,0.000,0.000,0.000,0.000,0.000,0.000,0.000,0.000,0.000,0.000,0.000,0.019,12.0,11.20,31.0,0.000,0.000,0.000,0.006,0.019,0.013,0.006,0.000,0.006,0.000,0.000,0.000,0.000,0.006,0.000,0.000,0.006,0.000
80.6052,806,0,move,-1,80.6052,80.6157,0,0.000,0.000,0.176,-0.176,-9.668,7.910,-0.264,-0.088,0.176,0.000,0.000,-0.088,-0.088,0.176,0.000,0.000,0.439,0.176,0.000,0.000,0.000,0.000,-12.756,9.347,0.000,0.000,0.000,0.000,0.000,0.000,0.000,0.000,0.000,0.000,0.000,0.000,0.026,12.4,11.30,32.0,0.000,0.000,0.000,0.000,0.026,0.000,0.006,0.000,0.006,0.000,0.000,0.000,0.000,0.006,0.000,0.000,0.013,0.000
80.7050,807,0,move,-1,80.7050,80.7112,0,0.000,0.000,0.176,-0.176,-10.811,8.613,-0.264,-0.088,0.176,0.000,0.000,-0.088,-0.088,0.176,0.000,0.000,0.439,0.176,0.000,0.000,0.000,0.000,-14.141,10.350,0.000,0.000,0.000,0.000,0.000,0.000,0.000,0.000,0.000,0.000,0.000,0.000,0.026,12.4,11.30,32.0,0.000,0.000,0.000,0.000,0.026,0.000,0.006,0.000,0.006,0.000,0.000,0.000,0.000,0.006,0.000,0.000,0.013,0.000
80.8050,808,0,move,-1,80.8050,80.8151,0,0.000,0.000,0.176,-0.176,-12.217,9.756,-0.264,-0.088,0.176,0.000,0.000,-0.088,-0.088,0.176,0.000,0.000,0.439,0.176,0.000,0.000,0.000,0.000,-15.570,11.382,0.000,0.000,0.000,0.000,0.000,0.000,0.000,0.000,0.000,0.000,0.000,0.000,0.026,12.8,11.20,32.0,0.000,0.000,0.000,0.000,0.026,0.006,0.006,0.000,0.000,0.000,0.000,0.000,0.000,0.006,0.000,0.000,0.013,0.006
80.9051,809,0,move,-1,80.9051,80.9162,0,0.000,0.000,0.176,-0.176,-13.623,10.811,-0.264,-0.088,0.176,0.000,0.000,-0.088,-0.088,0.176,0.000,0.000,0.439,0.176,0.000,0.000,0.000,0.000,-17.038,12.438,0.000,0.000,0.000,0.000,0.000,0.000,0.000,0.000,0.000,0.000,0.000,0.000,0.019,11.6,11.30,31.0,0.000,0.000,0.000,0.006,0.019,0.006,0.006,0.000,0.000,0.000,0.000,0.000,0.000,0.006,0.000,0.000,0.013,0.000
81.0052,810,0,move,-1,81.0052,81.0191,0,0.000,0.000,0.176,-0.176,-15.029,11.865,-0.264,-0.088,0.176,0.000,0.000,-0.088,-0.088,0.176,0.000,0.000,0.439,0.176,0.000,0.000,0.000,0.000,-18.539,13.514,0.000,0.000,0.000,0.000,0.000,0.000,0.000,0.000,0.000,0.000,0.000,0.000,0.026,11.6,11.30,31.0,0.000,0.000,0.006,0.000,0.026,0.000,0.006,0.000,0.000,0.000,0.000,0.000,0.000,0.006,0.000,0.000,0.006,0.000
81.1050,811,0,move,-1,81.1050,81.1152,0,0.000,0.000,0.176,-0.176,-16.436,12.832,-0.264,-0.088,0.176,0.000,0.000,-0.088,-0.088,0.176,0.000,0.000,0.439,0.176,0.000,0.000,0.000,0.000,-20.068,14.603,0.000,0.000,0.000,0.000,0.000,0.000,0.000,0.000,0.000,0.000,0.000,0.000,0.026,11.6,11.30,31.0,0.000,0.000,0.006,0.000,0.026,0.000,0.006,0.000,0.000,0.000,0.000,0.000,0.000,0.006,0.000,0.000,0.006,0.000
81.2050,812,0,move,-1,81.2050,81.2168,0,0.000,0.000,0.176,-0.176,-17.842,13.975,-0.264,-0.088,0.176,0.000,0.000,-0.088,-0.088,0.176,0.000,0.000,0.439,0.176,0.000,0.000,0.000,0.000,-21.620,15.703,0.000,0.000,0.000,0.000,0.000,0.000,0.000,0.000,0.000,0.000,0.000,0.000,0.013,12.4,11.30,31.0,0.000,0.000,0.006,0.000,0.013,0.000,0.006,0.000,0.006,0.000,0.000,0.000,0.000,0.006,0.000,0.000,0.006,0.000
81.3052,813,0,move,-1,81.3052,81.3168,0,0.000,0.000,0.176,-0.176,-19.424,15.029,-0.264,-0.088,0.176,0.000,0.000,-0.088,-0.088,0.176,0.000,0.000,0.439,0.176,0.000,0.000,0.000,0.000,-23.189,16.807,0.000,0.000,0.000,0.000,0.000,0.000,0.000,0.000,0.000,0.000,0.000,0.000,0.026,12.8,11.30,31.0,0.000,0.000,0.000,0.000,0.026,0.000,0.006,0.000,0.000,0.000,0.000,0.000,0.000,0.006,0.000,0.000,0.013,0.000
81.4052,814,0,move,-1,81.4052,81.4188,0,0.000,0.000,0.176,-0.176,-21.006,16.172,-0.264,-0.088,0.176,0.000,0.000,-0.088,-0.088,0.176,0.000,0.000,0.439,0.176,0.000,0.000,0.000,0.000,-24.769,17.912,0.000,0.000,0.000,0.000,0.000,0.000,0.000,0.000,0.000,0.000,0.000,0.000,0.019,12.0,11.30,32.0,0.000,0.000,0.000,0.000,0.019,0.006,0.006,0.000,0.000,0.000,0.000,0.000,0.000,0.006,0.000,0.000,0.006,0.000
81.5051,815,0,move,-1,81.5051,81.5175,0,0.000,0.000,0.176,-0.176,-21.094,16.611,-0.264,-0.088,0.176,0.000,0.000,-0.088,-0.088,0.176,0.000,0.000,0.439,0.176,0.000,0.000,0.000,0.000,-26.354,19.012,0.000,0.000,0.000,0.000,0.000,0.000,0.000,0.000,0.000,0.000,0.000,0.000,0.019,12.0,11.30,32.0,0.000,0.000,0.000,0.000,0.019,0.006,0.006,0.000,0.000,0.000,0.000,0.000,0.000,0.006,0.000,0.000,0.006,0.000
81.6052,816,0,move,-1,81.6052,81.6195,0,0.000,0.000,0.176,-0.176,-22.148,18.105,-0.264,-0.088,0.176,0.000,0.000,-0.088,-0.088,0.176,0.000,0.000,0.439,0.176,0.000,0.000,0.000,0.000,-27.940,20.103,0.000,0.000,0.000,0.000,0.000,0.000,0.000,0.000,0.000,0.000,0.000,0.000,0.026,14.0,11.30,32.0,0.000,0.000,0.000,0.000,0.026,0.000,0.000,0.000,0.006,0.000,0.000,0.000,0.000,0.006,0.000,0.000,0.006,0.000
81.7052,817,0,move,-1,81.7052,81.7177,0,0.000,0.000,0.176,-0.176,-22.236,18.545,-0.264,-0.088,0.176,0.000,0.000,-0.088,-0.088,0.176,0.000,0.000,0.439,0.176,0.000,0.000,0.000,0.000,-29.519,21.181,0.000,0.000,0.000,0.000,0.000,0.000,0.000,0.000,0.000,0.000,0.000,0.000,0.026,14.0,11.30,32.0,0.000,0.000,0.000,0.000,0.026,0.000,0.000,0.000,0.006,0.000,0.000,0.000,0.000,0.006,0.000,0.000,0.006,0.000
81.8052,818,0,move,-1,81.8052,81.8160,0,0.000,0.000,0.176,-0.176,-23.203,20.039,-0.264,-0.088,0.176,0.000,0.000,-0.088,-0.088,0.176,0.000,0.000,0.439,0.176,0.000,0.000,0.000,0.000,-31.087,22.240,0.000,0.000,0.000,0.000,0.000,0.000,0.000,0.000,0.000,0.000,0.000,0.000,0.019,12.4,11.30,31.0,0.000,0.000,0.000,0.000,0.019,0.006,0.000,0.000,0.006,0.000,0.000,0.000,0.000,0.006,0.000,0.000,0.006,0.006
81.9050,819,0,move,-1,81.9050,81.9255,0,0.000,0.000,0.176,-0.176,-24.785,21.357,-0.264,-0.088,0.176,0.000,0.000,-0.088,-0.088,0.176,0.000,0.000,0.439,0.176,0.000,0.000,0.000,0.000,-32.637,23.276,0.000,0.000,0.000,0.000,0.000,0.000,0.000,0.000,0.000,0.000,0.000,0.000,0.033,13.2,11.30,31.0,0.000,0.000,0.000,0.006,0.033,0.006,0.000,0.000,0.000,0.000,0.000,0.000,0.000,0.000,0.000,0.000,0.006,0.000
82.0052,820,0,move,-1,82.0052,82.0164,0,0.000,0.000,0.176,-0.176,-26.367,22.588,-0.264,-0.088,0.176,0.000,0.000,-0.088,-0.088,0.176,0.000,0.000,0.439,0.176,0.000,0.000,0.000,0.000,-34.162,24.285,0.000,0.000,0.000,0.000,0.000,0.000,0.000,0.000,0.000,0.000,0.000,0.000,0.033,13.2,11.30,31.0,0.000,0.000,0.000,0.006,0.033,0.006,0.000,0.000,0.000,0.000,0.000,0.000,0.000,0.000,0.000,0.000,0.006,0.000
82.1052,821,0,move,-1,82.1052,82.1175,0,0.000,0.000,0.176,-0.176,-28.125,23.730,-0.264,-0.088,0.176,0.000,0.000,-0.088,-0.088,0.176,0.000,0.000,0.439,0.176,0.000,0.000,0.000,0.000,-35.658,25.263,0.000,0.000,0.000,0.000,0.000,0.000,0.000,0.000,0.000,0.000,0.000,0.000,0.019,12.4,11.20,31.0,0.000,0.000,0.000,0.000,0.019,0.006,0.006,0.000,0.000,0.000,0.000,0.000,0.000,0.006,0.000,0.000,0.013,0.006
82.2052,822,0,move,-1,82.2052,82.2159,0,0.000,0.000,0.176,-0.176,-29.707,24.609,-0.264,-0.088,0.176,0.000,0.000,-0.088,-0.088,0.176,0.000,0.000,0.439,0.176,0.000,0.000,0.000,0.000,-37.119,26.207,0.000,0.000,0.000,0.000,0.000,0.000,0.000,0.000,0.000,0.000,0.000,0.000,0.019,12.4,11.20,31.0,0.000,0.000,0.000,0.000,0.019,0.006,0.006,0.000,0.000,0.000,0.000,0.000,0.000,0.006,0.000,0.000,0.013,0.006
82.3052,823,0,move,-1,82.3052,82.3194,0,0.000,0.000,0.176,-0.176,-31.289,25.664,-0.264,-0.088,0.176,0.000,0.000,-0.088,-0.088,0.176,0.000,0.000,0.439,0.176,0.000,0.000,0.000,0.000,-38.538,27.112,0.000,0.000,0.000,0.000,0.000,0.000,0.000,0.000,0.000,0.000,0.000,0.000,0.026,12.4,11.30,31.0,0.000,0.000,0.000,0.000,0.026,0.006,0.006,0.000,0.000,0.000,0.000,0.000,0.000,0.006,0.000,0.000,0.013,0.006
82.4052,824,0,move,-1,82.4052,82.4172,0,0.000,0.000,0.176,-0.176,-31.465,26.104,-0.264,-0.088,0.176,0.000,0.000,-0.088,-0.088,0.176,0.000,0.000,0.439,0.176,0.000,0.000,0.000,0.000,-39.910,27.976,0.000,0.000,0.000,0.000,0.000,0.000,0.000,0.000,0.000,0.000,0.000,0.000,0.026,12.4,11.30,31.0,0.000,0.000,0.000,0.000,0.026,0.006,0.006,0.000,0.000,0.000,0.000,0.000,0.000,0.006,0.000,0.000,0.013,0.006
82.5052,825,0,move,-1,82.5052,82.5155,0,0.000,0.000,0.176,-0.176,-32.432,27.334,-0.264,-0.088,0.176,0.000,0.000,-0.088,-0.088,0.176,0.000,0.000,0.439,0.176,0.000,0.000,0.000,0.000,-41.228,28.795,0.000,0.000,0.000,0.000,0.000,0.000,0.000,0.000,0.000,0.000,0.000,0.000,0.019,13.2,11.30,31.0,0.000,0.000,0.000,0.000,0.019,0.000,0.006,0.000,0.000,0.000,0.000,0.000,0.000,0.006,0.000,0.000,0.006,0.000
82.6052,826,0,move,-1,82.6052,82.6176,0,0.000,0.000,0.176,-0.176,-34.014,28.389,-0.264,-0.088,0.176,0.000,0.000,-0.088,-0.088,0.176,0.000,0.000,0.439,0.176,0.000,0.000,0.000,0.000,-42.487,29.567,0.000,0.000,0.000,0.000,0.000,0.000,0.000,0.000,0.000,0.000,0.000,0.000,0.026,12.8,11.30,31.0,0.000,0.000,0.006,0.006,0.026,0.000,0.006,0.000,0.006,0.000,0.000,0.000,0.000,0.006,0.000,0.000,0.013,0.006
82.7052,827,0,move,-1,82.7052,82.7176,0,0.000,0.000,0.176,-0.176,-35.596,29.180,-0.264,-0.088,0.176,0.000,0.000,-0.088,-0.088,0.176,0.000,0.000,0.439,0.176,0.000,0.000,0.000,0.000,-43.680,30.289,0.000,0.000,0.000,0.000,0.000,0.000,0.000,0.000,0.000,0.000,0.000,0.000,0.026,12.8,11.30,32.0,0.000,0.000,0.000,0.006,0.026,0.000,0.006,0.000,0.000,0.000,0.000,0.000,0.000,0.006,0.000,0.000,0.013,0.000
82.8052,828,0,move,-1,82.8052,82.8176,0,0.000,0.000,0.176,-0.176,-37.266,29.971,-0.264,-0.088,0.176,0.000,0.000,-0.088,-0.088,0.176,0.000,0.000,0.439,0.176,0.000,0.000,0.000,0.000,-44.803,30.959,0.000,0.000,0.000,0.000,0.000,0.000,0.000,0.000,0.000,0.000,0.000,0.000,0.026,12.8,11.30,32.0,0.000,0.000,0.000,0.006,0.026,0.000,0.006,0.000,0.000,0.000,0.000,0.000,0.000,0.006,0.000,0.000,0.013,0.000
82.9052,829,0,move,-1,82.9052,82.9158,0,0.000,0.000,0.176,-0.176,-38.760,30.674,-0.264,-0.088,0.176,0.000,0.000,-0.088,-0.088,0.176,0.000,0.000,0.439,0.176,0.000,0.000,0.000,0.000,-45.851,31.576,0.000,0.000,0.000,0.000,0.000,0.000,0.000,0.000,0.000,0.000,0.000,0.000,0.026,12.4,11.20,31.0,0.000,0.000,0.000,0.000,0.026,0.000,0.006,0.000,0.000,0.000,0.000,0.000,0.000,0.006,0.000,0.000,0.006,0.006
83.0052,830,0,move,-1,83.0052,83.0177,0,0.000,0.000,0.176,-0.176,-40.430,31.289,-0.264,-0.088,0.176,0.000,0.000,-0.088,-0.088,0.176,0.000,0.000,0.439,0.176,0.000,0.000,0.000,0.000,-46.816,32.136,0.000,0.000,0.000,0.000,0.000,0.000,0.000,0.000,0.000,0.000,0.000,0.000,0.026,12.8,11.30,31.0,0.000,0.000,0.000,0.006,0.026,0.000,0.006,0.000,0.000,0.000,0.000,0.000,0.000,0.006,0.000,0.000,0.006,0.006
83.1052,831,0,move,-1,83.1052,83.1163,0,0.000,0.000,0.176,-0.176,-42.012,31.904,-0.264,-0.088,0.176,0.000,0.000,-0.088,-0.088,0.176,0.000,0.000,0.439,0.176,0.000,0.000,0.000,0.000,-47.696,32.641,0.000,0.000,0.000,0.000,0.000,0.000,0.000,0.000,0.000,0.000,0.000,0.000,0.026,12.8,11.30,31.0,0.000,0.000,0.000,0.006,0.026,0.000,0.006,0.000,0.000,0.000,0.000,0.000,0.000,0.006,0.000,0.000,0.006,0.006
83.2050,832,0,move,-1,83.2050,83.2315,0,0.000,0.000,0.176,-0.176,-43.857,32.432,-0.264,-0.088,0.176,0.000,0.000,-0.088,-0.088,0.176,0.000,0.000,0.439,0.176,0.000,0.000,0.000,0.000,-48.483,33.087,0.000,0.000,0.000,0.000,0.000,0.000,0.000,0.000,0.000,0.000,0.000,0.000,0.026,12.0,11.30,31.0,0.000,0.000,0.000,0.006,0.026,0.000,0.006,0.000,0.006,0.000,0.000,0.000,0.000,0.013,0.000,0.000,0.006,0.000
83.3080,833,0,move,-1,83.3080,83.3310,0,0.000,0.000,0.176,-0.176,-45.264,32.871,-0.264,-0.088,0.176,0.000,0.000,-0.088,-0.088,0.176,0.000,0.000,0.439,0.176,0.000,0.000,0.000,0.000,-49.176,33.476,0.000,0.000,0.000,0.000,0.000,0.000,0.000,0.000,0.000,0.000,0.000,0.000,0.026,12.0,11.30,31.0,0.000,0.000,0.000,0.006,0.026,0.000,0.006,0.000,0.006,0.000,0.000,0.000,0.000,0.013,0.000,0.000,0.006,0.000
83.4050,834,0,move,-1,83.4050,83.4158,0,0.000,0.000,0.176,-0.176,-46.846,33.398,-0.264,-0.088,0.176,0.000,0.000,-0.088,-0.088,0.176,0.000,0.000,0.439,0.176,0.000,0.000,0.000,0.000,-49.769,33.806,0.000,0.000,0.000,0.000,0.000,0.000,0.000,0.000,0.000,0.000,0.000,0.000,0.019,10.8,11.30,32.0,0.000,0.000,0.000,0.006,0.019,0.013,0.000,0.000,0.000,0.000,0.000,0.000,0.000,0.006,0.000,0.000,0.006,0.006
83.5052,835,0,move,-1,83.5052,83.5177,0,0.000,0.000,0.176,-0.176,-48.428,33.750,-0.264,-0.088,0.176,0.000,0.000,-0.088,-0.088,0.176,0.000,0.000,0.439,0.176,0.000,0.000,0.000,0.000,-50.260,34.076,0.000,0.000,0.000,0.000,0.000,0.000,0.000,0.000,0.000,0.000,0.000,0.000,0.019,10.8,11.20,32.0,0.000,0.000,0.000,0.006,0.019,0.006,0.000,0.000,0.000,0.000,0.000,0.000,0.000,0.006,0.000,0.000,0.006,0.000
83.6052,836,0,move,-1,83.6052,83.6163,0,0.000,0.000,0.176,-0.176,-49.395,33.926,-0.264,-0.088,0.176,0.000,0.000,-0.088,-0.088,0.176,0.000,0.000,0.439,0.176,0.000,0.000,0.000,0.000,-50.644,34.286,0.000,0.000,0.000,0.000,0.000,0.000,0.000,0.000,0.000,0.000,0.000,0.000,0.019,10.8,11.20,32.0,0.000,0.000,0.000,0.006,0.019,0.006,0.000,0.000,0.000,0.000,0.000,0.000,0.000,0.006,0.000,0.000,0.006,0.000
83.7052,837,0,move,-1,83.7052,83.7239,0,0.000,0.000,0.176,-0.176,-50.010,34.102,-0.264,-0.088,0.176,0.000,0.000,-0.088,-0.088,0.176,0.000,0.000,0.439,0.176,0.000,0.000,0.000,0.000,-50.920,34.437,0.000,0.000,0.000,0.000,0.000,0.000,0.000,0.000,0.000,0.000,0.000,0.000,0.013,8.0,11.20,31.0,0.000,0.000,0.000,0.006,0.013,0.006,0.006,0.000,0.000,0.000,0.000,0.000,0.000,0.006,0.000,0.000,0.006,0.000
83.8050,838,0,move,-1,83.8050,83.8167,0,0.000,0.000,0.176,-0.176,-50.186,34.365,-0.264,-0.088,0.176,0.000,0.000,-0.088,-0.088,0.176,0.000,0.000,0.439,0.176,0.000,0.000,0.000,0.000,-51.087,34.527,0.000,0.000,0.000,0.000,0.000,0.000,0.000,0.000,0.000,0.000,0.000,0.000,0.013,8.0,11.20,31.0,0.000,0.000,0.000,0.006,0.013,0.006,0.006,0.000,0.000,0.000,0.000,0.000,0.000,0.006,0.000,0.000,0.006,0.000
83.9052,839,0,move,-1,83.9052,83.9173,0,0.000,0.000,0.176,-0.176,-50.449,34.453,-0.264,-0.088,0.176,0.000,0.000,-0.088,-0.088,0.176,0.000,0.000,0.439,0.176,0.000,0.000,0.000,0.000,-51.143,34.557,0.000,0.000,0.000,0.000,0.000,0.000,0.000,0.000,0.000,0.000,0.000,0.000,0.019,6.8,11.30,31.0,0.000,0.000,0.000,0.006,0.019,0.006,0.006,0.000,0.000,0.000,0.000,0.000,0.000,0.000,0.000,0.000,0.013,0.000
84.0052,840,0,move,-1,84.0052,84.0166,0,0.000,0.000,0.176,-0.176,-50.537,34.365,-0.264,-0.088,0.176,0.000,0.000,-0.088,-0.088,0.176,0.000,0.000,0.439,0.176,0.000,0.000,0.000,0.000,-51.143,34.557,0.000,0.000,0.000,0.000,0.000,0.000,0.000,0.000,0.000,0.000,0.000,0.000,0.019,6.8,11.30,31.0,0.000,0.000,0.000,0.006,0.019,0.006,0.006,0.000,0.000,0.000,0.000,0.000,0.000,0.000,0.000,0.000,0.013,0.000
84.1052,841,0,move,-1,84.1052,84.1175,0,0.000,0.000,0.176,-0.176,-50.537,34.453,-0.264,-0.088,0.176,0.000,0.000,-0.088,-0.088,0.176,0.000,0.000,0.439,0.176,0.000,0.000,0.000,0.000,-51.143,34.557,0.000,0.000,0.000,0.000,0.000,0.000,0.000,0.000,0.000,0.000,0.000,0.000,0.013,6.4,11.20,31.0,0.000,0.000,0.000,0.000,0.013,0.000,0.006,0.000,0.000,0.000,0.000,0.000,0.000,0.006,0.000,0.000,0.006,0.000
84.2051,842,0,move,-1,84.2051,84.2180,0,0.000,0.000,0.176,-0.176,-50.537,34.453,-0.264,-0.088,0.176,0.000,0.000,-0.088,-0.088,0.176,0.000,0.000,0.439,0.176,0.000,0.000,0.000,0.000,-51.143,34.557,0.000,0.000,0.000,0.000,0.000,0.000,0.000,0.000,0.000,0.000,0.000,0.000,0.013,6.4,11.30,31.0,0.000,0.000,0.000,0.006,0.013,0.000,0.006,0.000,0.006,0.000,0.000,0.000,0.000,0.006,0.000,0.000,0.006,0.000
84.3052,843,0,move,-1,84.3052,84.3176,0,0.000,0.000,0.176,-0.176,-50.537,34.453,-0.264,-0.088,0.176,0.000,0.000,-0.088,-0.088,0.176,0.000,0.000,0.439,0.176,0.000,0.000,0.000,0.000,-51.143,34.557,0.000,0.000,0.000,0.000,0.000,0.000,0.000,0.000,0.000,0.000,0.000,0.000,0.013,6.4,11.30,31.0,0.000,0.000,0.000,0.006,0.013,0.000,0.006,0.000,0.006,0.000,0.000,0.000,0.000,0.006,0.000,0.000,0.006,0.000
84.4052,844,0,move,-1,84.4052,84.4243,0,0.000,0.000,0.176,-0.176,-50.537,34.453,-0.264,-0.088,0.176,0.000,0.000,-0.088,-0.088,0.176,0.000,0.000,0.439,0.176,0.000,0.000,0.000,0.000,-51.143,34.557,0.000,0.000,0.000,0.000,0.000,0.000,0.000,0.000,0.000,0.000,0.000,0.000,0.000,0.0,11.30,32.0,0.000,0.000,0.000,0.000,0.000,0.000,0.000,0.000,0.000,0.000,0.000,0.000,0.000,0.000,0.000,0.000,0.000,0.000
84.5050,845,0,move,-1,84.5050,84.5174,0,0.000,0.000,0.176,-0.176,-50.537,34.453,-0.264,-0.088,0.176,0.000,0.000,-0.088,-0.088,0.176,0.000,0.000,0.439,0.176,0.000,0.000,0.000,0.000,-51.143,34.557,0.000,0.000,0.000,0.000,0.000,0.000,0.000,0.000,0.000,0.000,0.000,0.000,0.000,0.0,11.30,32.0,0.000,0.000,0.000,0.000,0.000,0.000,0.000,0.000,0.000,0.000,0.000,0.000,0.000,0.000,0.000,0.000,0.000,0.000
84.6056,846,0,move,-1,84.6056,84.6415,0,0.000,0.000,0.176,-0.176,-50.537,34.453,-0.264,-0.088,0.176,0.000,0.000,-0.088,-0.088,0.176,0.000,0.000,0.439,0.176,0.000,0.000,0.000,0.000,-51.143,34.557,0.000,0.000,0.000,0.000,0.000,0.000,0.000,0.000,0.000,0.000,0.000,0.000,0.013,6.8,11.30,32.0,0.000,0.000,0.000,0.000,0.013,0.000,0.006,0.000,0.000,0.000,0.000,0.000,0.000,0.006,0.000,0.000,0.006,0.000
