t_s,tick,seg,phase,joint,t_send_s,t_recv_s,overrun,q0_deg,q1_deg,q2_deg,q3_deg,q4_deg,q5_deg,q6_deg,q7_deg,q8_deg,q9_deg,q10_deg,q11_deg,q12_deg,q13_deg,q14_deg,q15_deg,q16_deg,q17_deg,cmd0_deg,cmd1_deg,cmd2_deg,cmd3_deg,cmd4_deg,cmd5_deg,cmd6_deg,cmd7_deg,cmd8_deg,cmd9_deg,cmd10_deg,cmd11_deg,cmd12_deg,cmd13_deg,cmd14_deg,cmd15_deg,cmd16_deg,cmd17_deg,cur_a,load_pct,volt,temp_c,cur0_a,cur1_a,cur2_a,cur3_a,cur4_a,cur5_a,cur6_a,cur7_a,cur8_a,cur9_a,cur10_a,cur11_a,cur12_a,cur13_a,cur14_a,cur15_a,cur16_a,cur17_a
0.0119,0,0,move,-1,0.0119,0.0217,0,0.000,0.000,0.264,-0.176,-0.088,0.264,-0.264,-0.088,0.176,0.000,0.000,-0.088,-0.088,0.264,0.088,0.000,0.439,0.176,0.000,0.000,0.000,0.000,0.000,0.000,0.000,0.000,0.000,0.000,0.000,0.000,0.000,0.000,0.000,0.000,0.000,0.000,0.000,0.0,11.30,32.0,0.000,0.000,0.000,0.000,0.000,0.000,0.000,0.000,0.000,0.000,0.000,0.000,0.000,0.000,0.000,0.000,0.000,0.000
0.1073,1,0,move,-1,0.1073,0.1183,0,0.000,0.000,0.264,-0.176,-0.088,0.176,-0.264,-0.088,0.176,0.000,0.000,-0.088,-0.088,0.264,0.088,0.000,0.439,0.176,0.000,0.000,0.000,0.000,0.000,0.000,0.000,0.000,0.000,0.000,0.000,0.000,0.000,0.000,0.000,0.000,0.000,0.000,0.000,0.0,11.30,32.0,0.000,0.000,0.000,0.000,0.000,0.000,0.000,0.000,0.000,0.000,0.000,0.000,0.000,0.000,0.000,0.000,0.000,0.000
0.2075,2,0,move,-1,0.2075,0.2179,0,0.000,0.000,0.264,-0.176,-0.088,0.176,-0.264,-0.088,0.176,0.000,0.000,-0.088,-0.088,0.264,0.088,0.000,0.439,0.176,0.000,0.000,0.000,0.000,0.000,0.000,0.000,0.000,0.000,0.000,0.000,0.000,0.000,0.000,0.000,0.000,0.000,0.000,0.013,3.2,11.30,29.0,0.000,0.000,0.000,0.000,0.000,0.006,0.000,0.000,0.000,0.000,0.000,0.000,0.000,0.013,0.000,0.000,0.006,0.000
0.3075,3,0,move,-1,0.3075,0.3176,0,0.000,0.000,0.264,-0.176,-0.088,0.176,-0.264,-0.088,0.176,0.000,0.000,-0.088,-0.088,0.264,0.088,0.000,0.439,0.176,0.000,0.000,0.000,0.000,0.000,0.000,0.000,0.000,0.000,0.000,0.000,0.000,0.000,0.000,0.000,0.000,0.000,0.000,0.013,3.2,11.30,29.0,0.000,0.000,0.000,0.000,0.000,0.006,0.000,0.000,0.000,0.000,0.000,0.000,0.000,0.013,0.000,0.000,0.006,0.000
0.4077,4,0,move,-1,0.4077,0.4265,0,0.000,0.000,0.264,-0.176,-0.088,0.176,-0.264,-0.088,0.176,0.000,0.000,-0.088,-0.088,0.264,0.088,0.000,0.439,0.176,0.000,0.000,0.000,0.000,0.000,0.000,0.000,0.000,0.000,0.000,0.000,0.000,0.000,0.000,0.000,0.000,0.000,0.000,0.013,3.2,11.30,29.0,0.000,0.000,0.000,0.006,0.000,0.006,0.006,0.000,0.000,0.000,0.000,0.000,0.000,0.013,0.000,0.000,0.006,0.006
0.5075,5,0,move,-1,0.5075,0.5171,0,0.000,0.000,0.264,-0.176,-0.088,0.176,-0.264,-0.088,0.176,0.000,0.000,-0.088,-0.088,0.264,0.088,0.000,0.439,0.176,0.000,0.000,0.000,0.000,0.000,0.000,0.000,0.000,0.000,0.000,0.000,0.000,0.000,0.000,0.000,0.000,0.000,0.000,0.013,3.2,11.30,29.0,0.000,0.000,0.000,0.006,0.000,0.006,0.006,0.000,0.000,0.000,0.000,0.000,0.000,0.013,0.000,0.000,0.006,0.006
0.6075,6,0,move,-1,0.6075,0.6184,0,0.000,0.000,0.264,-0.176,-0.088,0.176,-0.264,-0.088,0.176,0.000,0.000,-0.088,-0.088,0.264,0.088,0.000,0.439,0.176,0.000,0.000,0.000,0.000,0.000,0.000,0.000,0.000,0.000,0.000,0.000,0.000,0.000,0.000,0.000,0.000,0.000,0.000,0.013,3.2,11.30,29.0,0.000,0.000,0.000,0.006,0.000,0.006,0.006,0.000,0.000,0.000,0.000,0.000,0.000,0.013,0.000,0.000,0.006,0.000
0.7075,7,0,move,-1,0.7075,0.7204,0,0.000,0.000,0.264,-0.176,-0.088,0.176,-0.264,-0.088,0.176,0.000,0.000,-0.088,-0.088,0.264,0.088,0.000,0.439,0.176,0.000,0.000,0.000,0.000,0.000,0.000,0.000,0.000,0.000,0.000,0.000,0.000,0.000,0.000,0.000,0.000,0.000,0.000,0.013,3.2,11.30,29.0,0.000,0.000,0.006,0.000,0.000,0.006,0.006,0.000,0.000,0.000,0.000,0.000,0.000,0.013,0.006,0.000,0.006,0.006
0.8075,8,0,move,-1,0.8075,0.8193,0,0.000,0.000,0.264,-0.176,-0.088,0.088,-0.264,-0.088,0.176,0.000,0.000,-0.088,-0.088,0.264,0.088,0.000,0.439,0.176,0.000,0.000,0.000,0.000,0.000,0.000,0.000,0.000,0.000,0.000,0.000,0.000,0.000,0.000,0.000,0.000,0.000,0.000,0.013,3.2,11.30,29.0,0.000,0.000,0.006,0.000,0.000,0.006,0.006,0.000,0.000,0.000,0.000,0.000,0.000,0.013,0.006,0.000,0.006,0.006
0.9075,9,0,move,-1,0.9075,0.9200,0,0.000,0.000,0.264,-0.176,-0.088,0.176,-0.264,-0.088,0.176,0.000,0.000,-0.088,-0.088,0.264,0.088,0.000,0.439,0.176,0.000,0.000,0.000,0.000,0.000,0.000,0.000,0.000,0.000,0.000,0.000,0.000,0.000,0.000,0.000,0.000,0.000,0.000,0.013,3.2,11.30,29.0,0.000,0.000,0.006,0.006,0.000,0.006,0.006,0.000,0.000,0.000,0.000,0.000,0.000,0.013,0.000,0.000,0.006,0.000
1.0073,10,0,move,-1,1.0073,1.0134,0,0.000,0.000,0.264,-0.176,-0.088,0.176,-0.264,-0.088,0.176,0.000,0.000,-0.088,-0.088,0.264,0.088,0.000,0.439,0.176,0.000,0.000,0.000,0.000,-0.049,0.036,0.000,0.000,0.000,0.000,0.000,0.000,0.000,0.000,0.000,0.000,0.000,0.000,0.013,3.2,11.30,29.0,0.000,0.000,0.006,0.006,0.000,0.006,0.006,0.000,0.000,0.000,0.000,0.000,0.000,0.013,0.000,0.000,0.006,0.000
1.1075,11,0,move,-1,1.1075,1.1180,0,0.000,0.000,0.264,-0.176,-0.088,0.176,-0.264,-0.088,0.176,0.000,0.000,-0.088,-0.088,0.264,0.088,0.000,0.439,0.176,0.000,0.000,0.000,0.000,-0.194,0.143,0.000,0.000,0.000,0.000,0.000,0.000,0.000,0.000,0.000,0.000,0.000,0.000,0.013,3.2,11.30,29.0,0.000,0.000,0.006,0.000,0.000,0.000,0.006,0.000,0.000,0.000,0.000,0.000,0.000,0.013,0.000,0.000,0.006,0.000
1.2075,12,0,move,-1,1.2075,1.2188,0,0.000,0.000,0.264,-0.176,-0.088,0.264,-0.264,-0.088,0.176,0.000,0.000,-0.088,-0.088,0.264,0.088,0.000,0.439,0.176,0.000,0.000,0.000,0.000,-0.435,0.320,0.000,0.000,0.000,0.000,0.000,0.000,0.000,0.000,0.000,0.000,0.000,0.000,0.013,4.8,11.30,32.0,0.000,0.000,0.000,0.006,0.000,0.006,0.000,0.000,0.000,0.000,0.000,0.000,0.000,0.006,0.000,0.000,0.013,0.000
1.3075,13,0,move,-1,1.3075,1.3177,0,0.000,0.000,0.264,-0.176,-0.088,0.264,-0.264,-0.088,0.176,0.000,0.000,-0.088,-0.088,0.264,0.088,0.000,0.439,0.176,0.000,0.000,0.000,0.000,-0.772,0.568,0.000,0.000,0.000,0.000,0.000,0.000,0.000,0.000,0.000,0.000,0.000,0.000,0.013,4.8,11.30,32.0,0.000,0.000,0.000,0.006,0.000,0.006,0.000,0.000,0.000,0.000,0.000,0.000,0.000,0.006,0.000,0.000,0.013,0.000
1.4073,14,0,move,-1,1.4073,1.4185,0,0.000,0.000,0.264,-0.176,-0.088,0.527,-0.264,-0.088,0.176,0.000,0.000,-0.088,-0.088,0.264,0.088,0.000,0.439,0.176,0.000,0.000,0.000,0.000,-1.202,0.885,0.000,0.000,0.000,0.000,0.000,0.000,0.000,0.000,0.000,0.000,0.000,0.000,0.013,6.4,11.20,31.0,0.000,0.000,0.006,0.006,0.013,0.006,0.000,0.000,0.000,0.000,0.000,0.000,0.000,0.006,0.000,0.000,0.013,0.000
1.5075,15,0,move,-1,1.5075,1.5175,0,0.000,0.000,0.264,-0.176,-0.352,0.791,-0.264,-0.088,0.176,0.000,0.000,-0.088,-0.088,0.264,0.088,0.000,0.439,0.176,0.000,0.000,0.000,0.000,-1.725,1.270,0.000,0.000,0.000,0.000,0.000,0.000,0.000,0.000,0.000,0.000,0.000,0.000,0.013,6.4,11.20,31.0,0.000,0.000,0.006,0.006,0.013,0.006,0.000,0.000,0.000,0.000,0.000,0.000,0.000,0.006,0.000,0.000,0.013,0.000
1.6073,16,0,move,-1,1.6073,1.6196,0,0.000,0.000,0.264,-0.176,-0.791,1.055,-0.264,-0.088,0.176,0.000,0.000,-0.088,-0.088,0.264,0.088,0.000,0.439,0.176,0.000,0.000,0.000,0.000,-2.338,1.720,0.000,0.000,0.000,0.000,0.000,0.000,0.000,0.000,0.000,0.000,0.000,0.000,0.019,10.0,11.20,31.0,0.000,0.000,0.006,0.000,0.019,0.006,0.000,0.000,0.000,0.000,0.000,0.000,0.000,0.013,0.000,0.000,0.006,0.000
1.7075,17,0,move,-1,1.7075,1.7192,0,0.000,0.000,0.264,-0.176,-1.318,1.582,-0.264,-0.088,0.176,0.000,0.000,-0.088,-0.088,0.264,0.088,0.000,0.439,0.176,0.000,0.000,0.000,0.000,-3.039,2.236,0.000,0.000,0.000,0.000,0.000,0.000,0.000,0.000,0.000,0.000,0.000,0.000,0.019,10.0,11.20,31.0,0.000,0.000,0.006,0.000,0.019,0.006,0.000,0.000,0.000,0.000,0.000,0.000,0.000,0.013,0.000,0.000,0.006,0.000
1.8075,18,0,move,-1,1.8075,1.8167,0,0.000,0.000,0.264,-0.176,-2.021,2.021,-0.264,-0.088,0.176,0.000,0.000,-0.088,-0.088,0.264,0.088,0.000,0.439,0.176,0.000,0.000,0.000,0.000,-3.825,2.814,0.000,0.000,0.000,0.000,0.000,0.000,0.000,0.000,0.000,0.000,0.000,0.000,0.019,10.0,11.30,31.0,0.000,0.000,0.000,0.006,0.019,0.000,0.006,0.000,0.000,0.000,0.000,0.000,0.000,0.006,0.000,0.000,0.006,0.000
1.9075,19,0,move,-1,1.9075,1.9185,0,0.000,0.000,0.264,-0.176,-2.725,2.637,-0.264,-0.088,0.176,0.000,0.000,-0.088,-0.088,0.264,0.088,0.000,0.439,0.176,0.000,0.000,0.000,0.000,-4.693,3.452,0.000,0.000,0.000,0.000,0.000,0.000,0.000,0.000,0.000,0.000,0.000,0.000,0.019,10.4,11.30,31.0,0.000,0.000,0.000,0.006,0.019,0.006,0.006,0.000,0.000,0.000,0.000,0.000,0.000,0.006,0.000,0.000,0.006,0.000
2.0075,20,0,move,-1,2.0075,2.0196,0,0.000,0.000,0.264,-0.176,-3.516,3.164,-0.264,-0.088,0.176,0.000,0.000,-0.088,-0.088,0.264,0.088,0.000,0.439,0.176,0.000,0.000,0.000,0.000,-5.639,4.147,0.000,0.000,0.000,0.000,0.000,0.000,0.000,0.000,0.000,0.000,0.000,0.000,0.019,10.4,11.30,31.0,0.000,0.000,0.000,0.000,0.019,0.000,0.000,0.000,0.000,0.000,0.000,0.000,0.000,0.013,0.000,0.000,0.006,0.000
2.1109,21,0,move,-1,2.1109,2.1292,0,0.000,0.000,0.264,-0.176,-4.395,3.867,-0.264,-0.088,0.176,0.000,0.000,-0.088,-0.088,0.264,0.088,0.000,0.439,0.176,0.000,0.000,0.000,0.000,-6.661,4.896,0.000,0.000,0.000,0.000,0.000,0.000,0.000,0.000,0.000,0.000,0.000,0.000,0.019,11.6,11.30,31.0,0.000,0.000,0.000,0.006,0.019,0.006,0.006,0.000,0.006,0.000,0.000,0.000,0.000,0.006,0.000,0.000,0.013,0.000
2.2075,22,0,move,-1,2.2075,2.2179,0,0.000,0.000,0.264,-0.176,-5.186,4.482,-0.264,-0.088,0.176,0.000,0.000,-0.088,-0.088,0.264,0.088,0.000,0.439,0.176,0.000,0.000,0.000,0.000,-7.754,5.698,0.000,0.000,0.000,0.000,0.000,0.000,0.000,0.000,0.000,0.000,0.000,0.000,0.019,11.6,11.30,31.0,0.000,0.000,0.000,0.006,0.019,0.006,0.006,0.000,0.006,0.000,0.000,0.000,0.000,0.006,0.000,0.000,0.013,0.000
2.3075,23,0,move,-1,2.3075,2.3185,0,0.000,0.000,0.264,-0.176,-6.240,5.273,-0.264,-0.088,0.176,0.000,0.000,-0.088,-0.088,0.264,0.088,0.000,0.439,0.176,0.000,0.000,0.000,0.000,-8.915,6.547,0.000,0.000,0.000,0.000,0.000,0.000,0.000,0.000,0.000,0.000,0.000,0.000,0.026,12.4,11.20,32.0,0.000,0.000,0.000,0.000,0.026,0.000,0.006,0.000,0.006,0.000,0.000,0.000,0.000,0.013,0.000,0.000,0.006,0.000
2.4075,24,0,move,-1,2.4075,2.4208,0,0.000,0.000,0.264,-0.176,-7.383,6.152,-0.264,-0.088,0.176,0.000,0.000,-0.088,-0.088,0.264,0.088,0.000,0.439,0.176,0.000,0.000,0.000,0.000,-10.139,7.441,0.000,0.000,0.000,0.000,0.000,0.000,0.000,0.000,0.000,0.000,0.000,0.000,0.019,10.8,11.30,31.0,0.000,0.000,0.000,0.006,0.019,0.000,0.000,0.000,0.000,0.000,0.000,0.000,0.000,0.013,0.000,0.000,0.006,0.000
2.5075,25,0,move,-1,2.5075,2.5136,0,0.000,0.000,0.264,-0.176,-8.086,6.416,-0.264,-0.088,0.176,0.000,0.000,-0.088,-0.088,0.264,0.088,0.000,0.439,0.176,0.000,0.000,0.000,0.000,-11.421,8.375,0.000,0.000,0.000,0.000,0.000,0.000,0.000,0.000,0.000,0.000,0.000,0.000,0.019,10.8,11.30,31.0,0.000,0.000,0.000,0.006,0.019,0.000,0.000,0.000,0.000,0.000,0.000,0.000,0.000,0.013,0.000,0.000,0.006,0.000
2.6075,26,0,move,-1,2.6075,2.6178,0,0.000,0.000,0.264,-0.176,-9.668,7.910,-0.264,-0.088,0.176,0.000,0.000,-0.088,-0.088,0.264,0.088,0.000,0.439,0.176,0.000,0.000,0.000,0.000,-12.756,9.347,0.000,0.000,0.000,0.000,0.000,0.000,0.000,0.000,0.000,0.000,0.000,0.000,0.019,10.8,11.20,32.0,0.000,0.000,0.006,0.000,0.019,0.000,0.000,0.000,0.000,0.000,0.000,0.000,0.000,0.006,0.000,0.000,0.006,0.000
2.7075,27,0,move,-1,2.7075,2.7184,0,0.000,0.000,0.264,-0.176,-11.074,8.789,-0.264,-0.088,0.176,0.000,0.000,-0.088,-0.088,0.264,0.088,0.000,0.439,0.176,0.000,0.000,0.000,0.000,-14.141,10.350,0.000,0.000,0.000,0.000,0.000,0.000,0.000,0.000,0.000,0.000,0.000,0.000,0.026,10.8,11.20,31.0,0.000,0.000,0.000,0.000,0.026,0.000,0.006,0.000,0.000,0.000,0.000,0.000,0.000,0.013,0.000,0.000,0.006,0.006
2.8075,28,0,move,-1,2.8075,2.8217,0,0.000,0.000,0.264,-0.176,-12.393,9.756,-0.264,-0.088,0.176,0.000,0.000,-0.088,-0.088,0.264,0.088,0.000,0.439,0.176,0.000,0.000,0.000,0.000,-15.570,11.382,0.000,0.000,0.000,0.000,0.000,0.000,0.000,0.000,0.000,0.000,0.000,0.000,0.019,10.8,11.30,31.0,0.000,0.000,0.000,0.000,0.019,0.000,0.006,0.000,0.000,0.000,0.000,0.000,0.000,0.006,0.000,0.000,0.006,0.000
2.9075,29,0,move,-1,2.9075,2.9183,0,0.000,0.000,0.264,-0.176,-13.711,10.811,-0.264,-0.088,0.176,0.000,0.000,-0.088,-0.088,0.264,0.088,0.000,0.439,0.176,0.000,0.000,0.000,0.000,-17.038,12.438,0.000,0.000,0.000,0.000,0.000,0.000,0.000,0.000,0.000,0.000,0.000,0.000,0.019,10.8,11.30,31.0,0.000,0.000,0.000,0.000,0.019,0.000,0.006,0.000,0.000,0.000,0.000,0.000,0.000,0.006,0.000,0.000,0.006,0.000
3.0075,30,0,move,-1,3.0075,3.0169,0,0.000,0.000,0.264,-0.176,-15.117,11.865,-0.264,-0.088,0.176,0.000,0.000,-0.088,-0.088,0.264,0.088,0.000,0.439,0.176,0.000,0.000,0.000,0.000,-18.539,13.514,0.000,0.000,0.000,0.000,0.000,0.000,0.000,0.000,0.000,0.000,0.000,0.000,0.019,11.2,11.20,31.0,0.000,0.000,0.006,0.006,0.019,0.006,0.006,0.000,0.006,0.000,0.000,0.000,0.000,0.006,0.000,0.000,0.006,0.000
3.1075,31,0,move,-1,3.1075,3.1192,0,0.000,0.000,0.264,-0.176,-16.611,12.920,-0.264,-0.088,0.176,0.000,0.000,-0.088,-0.088,0.264,0.088,0.000,0.439,0.176,0.000,0.000,0.000,0.000,-20.068,14.603,0.000,0.000,0.000,0.000,0.000,0.000,0.000,0.000,0.000,0.000,0.000,0.000,0.019,11.2,11.30,31.0,0.000,0.000,0.000,0.000,0.019,0.006,0.006,0.000,0.006,0.000,0.000,0.000,0.000,0.006,0.000,0.000,0.013,0.000
3.2075,32,0,move,-1,3.2075,3.2178,0,0.000,0.000,0.264,-0.176,-18.018,13.975,-0.264,-0.088,0.176,0.000,0.000,-0.088,-0.088,0.264,0.088,0.000,0.439,0.176,0.000,0.000,0.000,0.000,-21.620,15.703,0.000,0.000,0.000,0.000,0.000,0.000,0.000,0.000,0.000,0.000,0.000,0.000,0.019,11.2,11.30,31.0,0.000,0.000,0.000,0.000,0.019,0.006,0.006,0.000,0.006,0.000,0.000,0.000,0.000,0.006,0.000,0.000,0.013,0.000
3.3075,33,0,move,-1,3.3075,3.3183,0,0.000,0.000,0.264,-0.176,-19.512,15.029,-0.264,-0.088,0.176,0.000,0.000,-0.088,-0.088,0.264,0.088,0.000,0.439,0.176,0.000,0.000,0.000,0.000,-23.189,16.807,0.000,0.000,0.000,0.000,0.000,0.000,0.000,0.000,0.000,0.000,0.000,0.000,0.019,11.6,11.30,31.0,0.000,0.000,0.006,0.000,0.019,0.013,0.006,0.000,0.000,0.000,0.000,0.000,0.000,0.006,0.000,0.000,0.013,0.006
3.4075,34,0,move,-1,3.4075,3.4175,0,0.000,0.000,0.264,-0.176,-21.006,16.172,-0.264,-0.088,0.176,0.000,0.000,-0.088,-0.088,0.264,0.088,0.000,0.439,0.176,0.000,0.000,0.000,0.000,-24.769,17.912,0.000,0.000,0.000,0.000,0.000,0.000,0.000,0.000,0.000,0.000,0.000,0.000,0.019,11.6,11.30,31.0,0.000,0.000,0.006,0.000,0.019,0.013,0.006,0.000,0.000,0.000,0.000,0.000,0.000,0.006,0.000,0.000,0.013,0.006
3.5290,35,0,move,-1,3.5290,3.5881,0,0.000,0.000,0.264,-0.176,-23.555,17.842,-0.264,-0.088,0.176,0.000,0.000,-0.088,-0.088,0.264,0.088,0.000,0.439,0.176,0.000,0.000,0.000,0.000,-26.354,19.012,0.000,0.000,0.000,0.000,0.000,0.000,0.000,0.000,0.000,0.000,0.000,0.000,0.019,10.8,11.20,31.0,0.000,0.000,0.000,0.000,0.019,0.000,0.000,0.000,0.000,0.000,0.000,0.000,0.000,0.013,0.000,0.000,0.006,0.006
3.6074,36,0,move,-1,3.6074,3.6207,0,0.000,0.000,0.264,-0.176,-23.994,18.105,-0.264,-0.088,0.176,0.000,0.000,-0.088,-0.088,0.264,0.088,0.000,0.439,0.176,0.000,0.000,0.000,0.000,-27.940,20.103,0.000,0.000,0.000,0.000,0.000,0.000,0.000,0.000,0.000,0.000,0.000,0.000,0.019,10.8,11.20,31.0,0.000,0.000,0.000,0.000,0.019,0.000,0.000,0.000,0.000,0.000,0.000,0.000,0.000,0.013,0.000,0.000,0.006,0.006
3.7075,37,0,move,-1,3.7075,3.7181,0,0.000,0.000,0.264,-0.176,-24.082,18.633,-0.264,-0.088,0.176,0.000,0.000,-0.088,-0.088,0.264,0.088,0.000,0.439,0.176,0.000,0.000,0.000,0.000,-29.519,21.181,0.000,0.000,0.000,0.000,0.000,0.000,0.000,0.000,0.000,0.000,0.000,0.000,0.013,4.8,11.20,32.0,0.000,0.000,0.000,0.006,0.006,0.013,0.000,0.000,0.000,0.000,0.000,0.000,0.000,0.013,0.000,0.000,0.006,0.000
3.8075,38,0,move,-1,3.8075,3.8168,0,0.000,0.000,0.264,-0.176,-25.225,20.039,-0.264,-0.088,0.176,0.000,0.000,-0.088,-0.088,0.264,0.088,0.000,0.439,0.176,0.000,0.000,0.000,0.000,-31.087,22.240,0.000,0.000,0.000,0.000,0.000,0.000,0.000,0.000,0.000,0.000,0.000,0.000,0.013,4.8,11.20,32.0,0.000,0.000,0.000,0.006,0.006,0.013,0.000,0.000,0.000,0.000,0.000,0.000,0.000,0.013,0.000,0.000,0.006,0.000
3.9075,39,0,move,-1,3.9075,3.9246,0,0.000,0.000,0.264,-0.176,-26.807,21.445,-0.264,-0.088,0.176,0.000,0.000,-0.088,-0.088,0.264,0.088,0.000,0.439,0.176,0.000,0.000,0.000,0.000,-32.637,23.276,0.000,0.000,0.000,0.000,0.000,0.000,0.000,0.000,0.000,0.000,0.000,0.000,0.019,11.6,11.30,31.0,0.000,0.000,0.006,0.000,0.019,0.006,0.000,0.000,0.006,0.000,0.000,0.000,0.000,0.006,0.000,0.000,0.006,0.006
4.0077,40,0,move,-1,4.0077,4.0184,0,0.000,0.000,0.264,-0.176,-28.389,22.588,-0.264,-0.088,0.176,0.000,0.000,-0.088,-0.088,0.264,0.088,0.000,0.439,0.176,0.000,0.000,0.000,0.000,-34.162,24.285,0.000,0.000,0.000,0.000,0.000,0.000,0.000,0.000,0.000,0.000,0.000,0.000,0.019,11.6,11.30,31.0,0.000,0.000,0.006,0.000,0.019,0.006,0.000,0.000,0.006,0.000,0.000,0.000,0.000,0.006,0.000,0.000,0.006,0.006
4.1075,41,0,move,-1,4.1075,4.1175,0,0.000,0.000,0.264,-0.176,-29.971,23.643,-0.264,-0.088,0.176,0.000,0.000,-0.088,-0.088,0.264,0.088,0.000,0.439,0.176,0.000,0.000,0.000,0.000,-35.658,25.263,0.000,0.000,0.000,0.000,0.000,0.000,0.000,0.000,0.000,0.000,0.000,0.000,0.019,12.0,11.30,31.0,0.000,0.000,0.006,0.006,0.019,0.000,0.006,0.000,0.000,0.000,0.000,0.000,0.000,0.013,0.000,0.000,0.006,0.000
4.2075,42,0,move,-1,4.2075,4.2172,0,0.000,0.000,0.264,-0.176,-31.553,24.697,-0.264,-0.088,0.176,0.000,0.000,-0.088,-0.088,0.264,0.088,0.000,0.439,0.176,0.000,0.000,0.000,0.000,-37.119,26.207,0.000,0.000,0.000,0.000,0.000,0.000,0.000,0.000,0.000,0.000,0.000,0.000,0.019,12.0,11.30,31.0,0.000,0.000,0.006,0.006,0.019,0.000,0.006,0.000,0.000,0.000,0.000,0.000,0.000,0.013,0.000,0.000,0.006,0.000
4.3073,43,0,move,-1,4.3073,4.3177,0,0.000,0.000,0.264,-0.176,-33.135,25.664,-0.264,-0.088,0.176,0.000,0.000,-0.088,-0.088,0.264,0.088,0.000,0.439,0.176,0.000,0.000,0.000,0.000,-38.538,27.112,0.000,0.000,0.000,0.000,0.000,0.000,0.000,0.000,0.000,0.000,0.000,0.000,0.026,12.0,11.30,32.0,0.000,0.000,0.000,0.006,0.026,0.006,0.006,0.000,0.006,0.000,0.000,0.000,0.000,0.013,0.000,0.000,0.006,0.006
4.4075,44,0,move,-1,4.4075,4.4171,0,0.000,0.000,0.264,-0.176,-34.717,26.631,-0.264,-0.088,0.176,0.000,0.000,-0.088,-0.088,0.264,0.088,0.000,0.439,0.176,0.000,0.000,0.000,0.000,-39.910,27.976,0.000,0.000,0.000,0.000,0.000,0.000,0.000,0.000,0.000,0.000,0.000,0.000,0.026,12.0,11.30,32.0,0.000,0.000,0.000,0.006,0.026,0.006,0.006,0.000,0.006,0.000,0.000,0.000,0.000,0.013,0.000,0.000,0.006,0.006
4.5145,45,0,move,-1,4.5145,4.5255,0,0.000,0.000,0.264,-0.176,-36.475,27.510,-0.264,-0.088,0.176,0.000,0.000,-0.088,-0.088,0.264,0.088,0.000,0.439,0.176,0.000,0.000,0.000,0.000,-41.228,28.795,0.000,0.000,0.000,0.000,0.000,0.000,0.000,0.000,0.000,0.000,0.000,0.000,0.013,12.0,11.30,32.0,0.000,0.000,0.006,0.006,0.013,0.006,0.000,0.000,0.000,0.000,0.000,0.000,0.000,0.006,0.000,0.000,0.006,0.006
4.6075,46,0,move,-1,4.6075,4.6176,0,0.000,0.000,0.264,-0.176,-37.969,28.301,-0.264,-0.088,0.176,0.000,0.000,-0.088,-0.088,0.264,0.088,0.000,0.439,0.176,0.000,0.000,0.000,0.000,-42.487,29.567,0.000,0.000,0.000,0.000,0.000,0.000,0.000,0.000,0.000,0.000,0.000,0.000,0.013,12.0,11.30,32.0,0.000,0.000,0.006,0.006,0.013,0.006,0.000,0.000,0.000,0.000,0.000,0.000,0.000,0.006,0.000,0.000,0.006,0.006
4.7075,47,0,move,-1,4.7075,4.7186,0,0.000,0.000,0.264,-0.176,-39.551,29.268,-0.264,-0.088,0.176,0.000,0.000,-0.088,-0.088,0.264,0.088,0.000,0.439,0.176,0.000,0.000,0.000,0.000,-43.680,30.289,0.000,0.000,0.000,0.000,0.000,0.000,0.000,0.000,0.000,0.000,0.000,0.000,0.026,11.6,11.30,31.0,0.000,0.000,0.006,0.006,0.026,0.006,0.000,0.000,0.000,0.000,0.000,0.000,0.000,0.006,0.000,0.000,0.013,0.000
4.8075,48,0,move,-1,4.8075,4.8226,0,0.000,0.000,0.264,-0.176,-41.221,29.971,-0.264,-0.088,0.176,0.000,0.000,-0.088,-0.088,0.264,0.088,0.000,0.439,0.176,0.000,0.000,0.000,0.000,-44.803,30.959,0.000,0.000,0.000,0.000,0.000,0.000,0.000,0.000,0.000,0.000,0.000,0.000,0.026,12.4,11.30,32.0,0.000,0.000,0.000,0.000,0.026,0.013,0.000,0.000,0.000,0.000,0.000,0.000,0.000,0.006,0.000,0.000,0.006,0.000
4.9074,49,0,move,-1,4.9074,4.9171,0,0.000,0.000,0.264,-0.176,-41.309,30.410,-0.264,-0.088,0.176,0.000,0.000,-0.088,-0.088,0.264,0.088,0.000,0.439,0.176,0.000,0.000,0.000,0.000,-45.851,31.576,0.000,0.000,0.000,0.000,0.000,0.000,0.000,0.000,0.000,0.000,0.000,0.000,0.026,12.4,11.30,32.0,0.000,0.000,0.000,0.000,0.026,0.013,0.000,0.000,0.000,0.000,0.000,0.000,0.000,0.006,0.000,0.000,0.006,0.000
5.0166,50,0,move,-1,5.0166,5.0245,0,0.000,0.000,0.264,-0.176,-41.309,31.025,-0.264,-0.088,0.176,0.000,0.000,-0.088,-0.088,0.264,0.088,0.000,0.439,0.176,0.000,0.000,0.000,0.000,-46.816,32.136,0.000,0.000,0.000,0.000,0.000,0.000,0.000,0.000,0.000,0.000,0.000,0.000,0.013,4.0,11.20,32.0,0.000,0.000,0.000,0.000,,0.013,0.006,0.000,0.000,0.000,0.000,0.000,0.000,0.006,0.000,0.000,0.006,0.006
5.1075,51,0,move,-1,5.1075,5.1236,0,0.000,0.000,0.264,-0.176,-44.209,31.904,-0.264,-0.088,0.176,0.000,0.000,-0.088,-0.088,0.264,0.088,0.000,0.439,0.176,0.000,0.000,0.000,0.000,-47.696,32.641,0.000,0.000,0.000,0.000,0.000,0.000,0.000,0.000,0.000,0.000,0.000,0.000,0.013,4.0,11.20,32.0,0.000,0.000,0.000,0.000,,0.013,0.006,0.000,0.000,0.000,0.000,0.000,0.000,0.006,0.000,0.000,0.006,0.006
5.2075,52,0,move,-1,5.2075,5.2191,0,0.000,0.000,0.264,-0.176,-44.297,32.432,-0.264,-0.088,0.176,0.000,0.000,-0.088,-0.088,0.264,0.088,0.000,0.439,0.176,0.000,0.000,0.000,0.000,-48.483,33.087,0.000,0.000,0.000,0.000,0.000,0.000,0.000,0.000,0.000,0.000,0.000,0.000,0.006,2.8,11.30,32.0,0.000,0.000,0.000,0.006,0.006,0.006,0.006,0.000,0.006,0.000,0.000,0.000,0.000,0.006,0.000,0.000,0.006,0.000
5.3075,53,0,move,-1,5.3075,5.3176,0,0.000,0.000,0.264,-0.176,-45.439,32.871,-0.264,-0.088,0.176,0.000,0.000,-0.088,-0.088,0.264,0.088,0.000,0.439,0.176,0.000,0.000,0.000,0.000,-49.176,33.476,0.000,0.000,0.000,0.000,0.000,0.000,0.000,0.000,0.000,0.000,0.000,0.000,0.006,2.8,11.30,32.0,0.000,0.000,0.000,0.006,0.006,0.006,0.006,0.000,0.006,0.000,0.000,0.000,0.000,0.006,0.000,0.000,0.006,0.000
5.4075,54,0,move,-1,5.4075,5.4187,0,0.000,0.000,0.264,-0.176,-47.021,33.223,-0.264,-0.088,0.176,0.000,0.000,-0.088,-0.088,0.264,0.088,0.000,0.439,0.176,0.000,0.000,0.000,0.000,-49.769,33.806,0.000,0.000,0.000,0.000,0.000,0.000,0.000,0.000,0.000,0.000,0.000,0.000,0.019,11.2,11.30,32.0,0.000,0.000,0.000,0.000,0.019,0.013,0.000,0.000,0.000,0.000,0.000,0.000,0.000,0.013,0.000,0.000,0.006,0.000
5.5075,55,0,move,-1,5.5075,5.5171,0,0.000,0.000,0.264,-0.176,-48.516,33.750,-0.264,-0.088,0.176,0.000,0.000,-0.088,-0.088,0.264,0.088,0.000,0.439,0.176,0.000,0.000,0.000,0.000,-50.260,34.076,0.000,0.000,0.000,0.000,0.000,0.000,0.000,0.000,0.000,0.000,0.000,0.000,0.019,11.2,11.30,32.0,0.000,0.000,0.000,0.000,0.019,0.013,0.000,0.000,0.000,0.000,0.000,0.000,0.000,0.013,0.000,0.000,0.006,0.000
5.6075,56,0,move,-1,5.6075,5.6219,0,0.000,0.000,0.264,-0.176,-49.482,34.014,-0.264,-0.088,0.176,0.000,0.000,-0.088,-0.088,0.264,0.088,0.000,0.439,0.176,0.000,0.000,0.000,0.000,-50.644,34.286,0.000,0.000,0.000,0.000,0.000,0.000,0.000,0.000,0.000,0.000,0.000,0.000,0.013,2.4,11.20,32.0,0.000,0.000,0.000,0.000,0.006,0.013,0.006,0.000,0.000,0.000,0.000,0.000,0.000,0.006,0.000,0.000,0.006,0.000
5.7075,57,0,move,-1,5.7075,5.7179,0,0.000,0.000,0.264,-0.176,-49.922,34.277,-0.264,-0.088,0.176,0.000,0.000,-0.088,-0.088,0.264,0.088,0.000,0.439,0.176,0.000,0.000,0.000,0.000,-50.920,34.437,0.000,0.000,0.000,0.000,0.000,0.000,0.000,0.000,0.000,0.000,0.000,0.000,0.013,2.4,11.20,32.0,0.000,0.000,0.000,0.000,0.006,0.013,0.006,0.000,0.000,0.000,0.000,0.000,0.000,0.006,0.000,0.000,0.006,0.000
5.8075,58,0,move,-1,5.8075,5.8183,0,0.000,0.000,0.264,-0.176,-50.361,34.365,-0.264,-0.088,0.176,0.000,0.000,-0.088,-0.088,0.264,0.088,0.000,0.439,0.176,0.000,0.000,0.000,0.000,-51.087,34.527,0.000,0.000,0.000,0.000,0.000,0.000,0.000,0.000,0.000,0.000,0.000,0.000,0.013,7.2,11.30,31.0,0.000,0.000,0.006,0.006,0.013,0.000,0.006,0.000,0.006,0.000,0.000,0.000,0.000,0.013,0.000,0.000,0.013,0.006
5.9075,59,0,move,-1,5.9075,5.9184,0,0.000,0.000,0.264,-0.176,-50.537,34.453,-0.264,-0.088,0.176,0.000,0.000,-0.088,-0.088,0.264,0.088,0.000,0.439,0.176,0.000,0.000,0.000,0.000,-51.143,34.557,0.000,0.000,0.000,0.000,0.000,0.000,0.000,0.000,0.000,0.000,0.000,0.000,0.006,6.0,11.30,31.0,0.000,0.000,0.000,0.000,0.006,0.006,0.006,0.000,0.006,0.000,0.000,0.000,0.000,0.006,0.000,0.000,0.006,0.000
6.0174,60,0,move,-1,6.0174,6.0233,0,0.000,0.000,0.264,-0.176,-50.537,34.453,-0.264,-0.088,0.176,0.000,0.000,-0.088,-0.088,0.264,0.088,0.000,0.439,0.176,0.000,0.000,0.000,0.000,-51.143,34.557,0.000,0.000,0.000,0.000,0.000,0.000,0.000,0.000,0.000,0.000,0.000,0.000,0.013,6.8,11.30,31.0,0.000,0.000,0.006,0.006,0.013,0.000,0.006,0.000,0.000,0.000,0.000,0.000,0.000,0.006,0.000,0.000,0.006,0.006
6.1075,61,0,move,-1,6.1075,6.1177,0,0.000,0.000,0.264,-0.176,-50.537,34.453,-0.264,-0.088,0.176,0.000,0.000,-0.088,-0.088,0.264,0.088,0.000,0.439,0.176,0.000,0.000,0.000,0.000,-51.143,34.557,0.000,0.000,0.000,0.000,0.000,0.000,0.000,0.000,0.000,0.000,0.000,0.000,0.013,6.8,11.30,31.0,0.000,0.000,0.006,0.006,0.013,0.000,0.006,0.000,0.000,0.000,0.000,0.000,0.000,0.006,0.000,0.000,0.006,0.006
6.2075,62,0,move,-1,6.2075,6.2192,0,0.000,0.000,0.264,-0.176,-50.537,34.453,-0.264,-0.088,0.176,0.000,0.000,-0.088,-0.088,0.264,0.088,0.000,0.439,0.176,0.000,0.000,0.000,0.000,-51.143,34.557,0.000,0.000,0.000,0.000,0.000,0.000,0.000,0.000,0.000,0.000,0.000,0.000,0.013,6.4,11.30,31.0,0.000,0.000,0.000,0.000,0.013,0.000,0.006,0.000,0.000,0.000,0.000,0.000,0.000,0.006,0.000,0.000,0.006,0.000
6.3075,63,0,move,-1,6.3075,6.3531,0,0.000,0.000,0.264,-0.176,-50.537,34.453,-0.264,-0.088,0.176,0.000,0.000,-0.088,-0.088,0.264,0.088,0.000,0.439,0.176,0.000,0.000,0.000,0.000,-51.143,34.557,0.000,0.000,0.000,0.000,0.000,0.000,0.000,0.000,0.000,0.000,0.000,0.000,0.013,6.4,11.30,31.0,0.000,0.000,0.006,0.000,0.013,0.000,0.000,0.000,0.000,0.000,0.000,0.000,0.000,0.006,0.000,0.000,0.006,0.000
6.4075,64,0,move,-1,6.4075,6.4195,0,0.000,0.000,0.264,-0.176,-50.537,34.453,-0.264,-0.088,0.176,0.000,0.000,-0.088,-0.088,0.264,0.088,0.000,0.439,0.176,0.000,0.000,0.000,0.000,-51.143,34.557,0.000,0.000,0.000,0.000,0.000,0.000,0.000,0.000,0.000,0.000,0.000,0.000,0.013,6.4,11.30,31.0,0.000,0.000,0.006,0.000,0.013,0.000,0.000,0.000,0.000,0.000,0.000,0.000,0.000,0.006,0.000,0.000,0.006,0.000
6.5139,65,0,move,-1,6.5139,6.5312,0,0.000,0.000,0.264,-0.176,-50.537,34.453,-0.264,-0.088,0.176,0.000,0.000,-0.088,-0.088,0.264,0.088,0.000,0.439,0.176,0.000,0.000,0.000,0.000,-51.143,34.557,0.000,0.000,0.000,0.000,0.000,0.000,0.000,0.000,0.000,0.000,0.000,0.000,0.013,6.4,11.30,31.0,0.000,0.000,0.000,0.006,0.013,0.000,0.000,0.000,0.000,0.000,0.000,0.000,0.000,0.006,0.000,0.000,0.006,0.000
6.6075,66,0,move,-1,6.6075,6.6220,0,0.000,0.000,0.264,-0.176,-50.537,34.453,-0.264,-0.088,0.176,0.000,0.000,-0.088,-0.088,0.264,0.088,0.000,0.439,0.176,0.000,0.000,0.000,0.000,-51.143,34.557,0.000,0.000,0.000,0.000,0.000,0.000,0.000,0.000,0.000,0.000,0.000,0.000,0.013,6.4,11.30,31.0,0.000,0.000,0.000,0.006,0.013,0.000,0.000,0.000,0.000,0.000,0.000,0.000,0.000,0.006,0.000,0.000,0.006,0.000
6.7075,67,0,move,-1,6.7075,6.7184,0,0.000,0.000,0.264,-0.176,-50.537,34.453,-0.264,-0.088,0.176,0.000,0.000,-0.088,-0.088,0.264,0.088,0.000,0.439,0.176,0.000,0.000,0.000,0.000,-51.143,34.557,0.000,0.000,0.000,0.000,0.000,0.000,0.000,0.000,0.000,0.000,0.000,0.000,0.013,5.2,11.30,32.0,,0.000,0.006,0.000,0.006,0.000,0.006,0.000,0.006,0.000,0.000,0.000,0.000,0.006,0.000,0.000,0.013,0.006
6.8075,68,0,move,-1,6.8075,6.8213,0,0.000,0.000,0.264,-0.176,-50.537,34.453,-0.264,-0.088,0.176,0.000,0.000,-0.088,-0.088,0.264,0.088,0.000,0.439,0.176,0.000,0.000,0.000,0.000,-51.143,34.557,0.000,0.000,0.000,0.000,0.000,0.000,0.000,0.000,0.000,0.000,0.000,0.000,0.013,6.4,11.30,32.0,0.000,0.000,0.006,0.000,0.013,0.000,0.006,0.000,0.000,0.000,0.000,0.000,0.000,0.006,0.000,0.000,0.013,0.006
6.9075,69,0,move,-1,6.9075,6.9194,0,0.000,0.000,0.264,-0.176,-50.537,34.453,-0.264,-0.088,0.176,0.000,0.000,-0.088,-0.088,0.264,0.088,0.000,0.439,0.176,0.000,0.000,0.000,0.000,-51.143,34.557,0.000,0.000,0.000,0.000,0.000,0.000,0.000,0.000,0.000,0.000,0.000,0.000,0.013,6.4,11.30,32.0,0.000,0.000,0.006,0.000,0.013,0.000,0.006,0.000,0.000,0.000,0.000,0.000,0.000,0.006,0.000,0.000,0.013,0.006
7.0073,70,0,move,-1,7.0073,7.0586,0,0.000,0.000,0.264,-0.176,-50.537,34.453,-0.264,-0.088,0.176,0.000,0.000,-0.088,-0.088,0.264,0.088,0.000,0.439,0.176,0.000,0.000,0.000,0.000,-51.143,34.557,0.000,0.000,0.000,0.000,0.000,0.000,0.000,0.000,0.000,0.000,0.000,0.000,0.013,6.4,11.30,32.0,0.000,0.000,0.006,0.000,0.013,0.000,0.006,0.000,0.000,0.000,0.000,0.000,0.000,0.006,0.000,0.000,0.006,0.000
7.1075,71,0,move,-1,7.1075,7.1174,0,0.000,0.000,0.264,-0.176,-50.537,34.453,-0.264,-0.088,0.176,0.000,0.000,-0.088,-0.088,0.264,0.088,0.000,0.439,0.176,0.000,0.000,0.000,0.000,-51.143,34.557,0.000,0.000,0.000,0.000,0.000,0.000,0.000,0.000,0.000,0.000,0.000,0.000,0.013,6.4,11.30,32.0,0.000,0.000,0.006,0.000,0.013,0.000,0.006,0.000,0.000,0.000,0.000,0.000,0.000,0.006,0.000,0.000,0.006,0.000
7.2075,72,0,move,-1,7.2075,7.2184,0,0.000,0.000,0.264,-0.176,-50.537,34.453,-0.264,-0.088,0.176,0.000,0.000,-0.088,-0.088,0.264,0.088,0.000,0.439,0.176,0.000,0.000,0.000,0.000,-51.143,34.557,0.000,0.000,0.000,0.000,0.000,0.000,0.000,0.000,0.000,0.000,0.000,0.000,0.013,6.4,11.30,31.0,0.000,0.000,0.006,0.006,0.013,0.000,0.006,0.000,0.006,0.000,0.000,0.000,0.000,0.006,0.000,0.000,0.006,0.006
7.3075,73,0,move,-1,7.3075,7.3179,0,0.000,0.000,0.264,-0.176,-50.537,34.453,-0.264,-0.088,0.176,0.000,0.000,-0.088,-0.088,0.264,0.088,0.000,0.439,0.176,0.000,0.000,0.000,0.000,-51.143,34.557,0.000,0.000,0.000,0.000,0.000,0.000,0.000,0.000,0.000,0.000,0.000,0.000,0.013,6.4,11.30,31.0,0.000,0.000,0.006,0.006,0.013,0.000,0.006,0.000,0.006,0.000,0.000,0.000,0.000,0.006,0.000,0.000,0.006,0.006
7.4075,74,0,move,-1,7.4075,7.4195,0,0.000,0.000,0.264,-0.176,-50.537,34.453,-0.264,-0.088,0.176,0.000,0.000,-0.088,-0.088,0.264,0.088,0.000,0.439,0.176,0.000,0.000,0.000,0.000,-51.143,34.557,0.000,0.000,0.000,0.000,0.000,0.000,0.000,0.000,0.000,0.000,0.000,0.000,0.013,6.4,11.30,31.0,0.000,0.000,0.000,0.006,0.013,0.000,0.006,0.000,0.006,0.000,0.000,0.000,0.000,0.013,0.000,0.000,0.006,0.000
7.5075,75,0,move,-1,7.5075,7.5186,0,0.000,0.000,0.264,-0.176,-50.537,34.453,-0.264,-0.088,0.176,0.000,0.000,-0.088,-0.088,0.264,0.088,0.000,0.439,0.176,0.000,0.000,0.000,0.000,-51.143,34.557,0.000,0.000,0.000,0.000,0.000,0.000,0.000,0.000,0.000,0.000,0.000,0.000,0.013,6.4,11.30,31.0,0.000,0.000,0.000,0.006,0.013,0.000,0.006,0.000,0.006,0.000,0.000,0.000,0.000,0.013,0.000,0.000,0.006,0.000
7.6073,76,0,move,-1,7.6073,7.6189,0,0.000,0.000,0.264,-0.176,-50.537,34.453,-0.264,-0.088,0.176,0.000,0.000,-0.088,-0.088,0.264,0.088,0.000,0.439,0.176,0.000,0.000,0.000,0.000,-51.143,34.557,0.000,0.000,0.000,0.000,0.000,0.000,0.000,0.000,0.000,0.000,0.000,0.000,0.013,6.4,11.30,31.0,0.000,0.000,0.006,0.006,0.013,0.000,0.006,0.000,0.000,0.000,0.000,0.000,0.000,0.006,0.000,0.000,0.006,0.006
7.7075,77,0,move,-1,7.7075,7.7177,0,0.000,0.000,0.264,-0.176,-50.537,34.453,-0.264,-0.088,0.176,0.000,0.000,-0.088,-0.088,0.264,0.088,0.000,0.439,0.176,0.000,0.000,0.000,0.000,-51.143,34.557,0.000,0.000,0.000,0.000,0.000,0.000,0.000,0.000,0.000,0.000,0.000,0.000,0.013,6.4,11.30,31.0,0.000,0.000,0.006,0.006,0.013,0.000,0.006,0.000,0.000,0.000,0.000,0.000,0.000,0.006,0.000,0.000,0.006,0.006
7.8075,78,0,move,-1,7.8075,7.8215,0,0.000,0.000,0.264,-0.176,-50.537,34.453,-0.264,-0.088,0.176,0.000,0.000,-0.088,-0.088,0.264,0.088,0.000,0.439,0.176,0.000,0.000,0.000,0.000,-51.143,34.557,0.000,0.000,0.000,0.000,0.000,0.000,0.000,0.000,0.000,0.000,0.000,0.000,0.013,6.4,11.30,31.0,0.000,0.000,0.000,0.006,0.013,0.000,0.006,0.000,0.000,0.000,0.000,0.000,0.000,0.013,0.000,0.000,0.006,0.006
7.9075,79,0,move,-1,7.9075,7.9273,0,0.000,0.000,0.264,-0.176,-50.537,34.453,-0.264,-0.088,0.176,0.000,0.000,-0.088,-0.088,0.264,0.088,0.000,0.439,0.176,0.000,0.000,0.000,0.000,-51.143,34.557,0.000,0.000,0.000,0.000,0.000,0.000,0.000,0.000,0.000,0.000,0.000,0.000,0.013,6.4,11.30,31.0,0.000,0.000,0.006,0.000,0.013,0.000,0.000,0.000,0.006,0.000,0.000,0.000,0.000,0.013,0.000,0.000,0.006,0.000
8.0075,80,0,move,-1,8.0075,8.0167,0,0.000,0.000,0.264,-0.176,-50.537,34.453,-0.264,-0.088,0.176,0.000,0.000,-0.088,-0.088,0.264,0.088,0.000,0.439,0.176,0.000,0.000,0.000,0.000,-51.143,34.557,0.000,0.000,0.000,0.000,0.000,0.000,0.000,0.000,0.000,0.000,0.000,0.000,0.013,6.4,11.30,31.0,0.000,0.000,0.006,0.000,0.013,0.000,0.000,0.000,0.006,0.000,0.000,0.000,0.000,0.013,0.000,0.000,0.006,0.000
8.1074,81,0,move,-1,8.1074,8.1185,0,0.000,0.000,0.264,-0.176,-50.537,34.453,-0.264,-0.088,0.176,0.000,0.000,-0.088,-0.088,0.264,0.088,0.000,0.439,0.176,0.000,0.000,0.000,0.000,-51.143,34.557,0.000,0.000,0.000,0.000,0.000,0.000,0.000,0.000,0.000,0.000,0.000,0.000,0.013,6.4,11.30,31.0,0.000,0.000,0.006,0.006,0.013,0.000,0.006,0.000,0.000,0.000,0.000,0.000,0.000,0.013,0.000,0.000,0.006,0.000
8.2075,82,0,move,-1,8.2075,8.2180,0,0.000,0.000,0.264,-0.176,-50.537,34.453,-0.264,-0.088,0.176,0.000,0.000,-0.088,-0.088,0.264,0.088,0.000,0.439,0.176,0.000,0.000,0.000,0.000,-51.143,34.557,0.000,0.000,0.000,0.000,0.000,0.000,0.000,0.000,0.000,0.000,0.000,0.000,0.013,6.4,11.30,31.0,0.000,0.000,0.006,0.006,0.013,0.000,0.006,0.000,0.000,0.000,0.000,0.000,0.000,0.013,0.000,0.000,0.006,0.000
8.3075,83,0,move,-1,8.3075,8.3177,0,0.000,0.000,0.264,-0.176,-50.537,34.453,-0.264,-0.088,0.176,0.000,0.000,-0.088,-0.088,0.264,0.088,0.000,0.439,0.176,0.000,0.000,0.000,0.000,-51.143,34.557,0.000,0.000,0.000,0.000,0.000,0.000,0.000,0.000,0.000,0.000,0.000,0.000,0.013,6.4,11.20,32.0,0.000,0.000,0.000,0.000,0.013,0.000,0.006,0.000,0.000,0.000,0.000,0.000,0.000,0.013,0.000,0.000,0.006,0.000
8.4075,84,0,move,-1,8.4075,8.4180,0,0.000,0.000,0.264,-0.176,-50.537,34.453,-0.264,-0.088,0.176,0.000,0.000,-0.088,-0.088,0.264,0.088,0.000,0.439,0.176,0.000,0.000,0.000,0.000,-51.143,34.557,0.000,0.000,0.000,0.000,0.000,0.000,0.000,0.000,0.000,0.000,0.000,0.000,0.013,6.4,11.20,31.0,0.000,0.000,0.006,0.006,0.013,0.000,0.006,0.000,0.000,0.000,0.000,0.000,0.000,0.013,0.000,0.000,0.006,0.006
8.5075,85,0,move,-1,8.5075,8.5139,0,0.000,0.000,0.264,-0.176,-50.537,34.453,-0.264,-0.088,0.176,0.000,0.000,-0.088,-0.088,0.264,0.088,0.000,0.439,0.176,0.000,0.000,0.000,0.000,-51.143,34.557,0.000,0.000,0.000,0.000,0.000,0.000,0.000,0.000,0.000,0.000,0.000,0.000,0.013,6.4,11.20,31.0,0.000,0.000,0.006,0.006,0.013,0.000,0.006,0.000,0.000,0.000,0.000,0.000,0.000,0.013,0.000,0.000,0.006,0.006
8.6075,86,0,move,-1,8.6075,8.6197,0,0.000,0.000,0.264,-0.176,-50.537,34.453,-0.264,-0.088,0.176,0.000,0.000,-0.088,-0.088,0.264,0.088,0.000,0.439,0.176,0.000,0.000,0.000,0.000,-51.143,34.557,0.000,0.000,0.000,0.000,0.000,0.000,0.000,0.000,0.000,0.000,0.000,0.000,0.013,6.4,11.20,31.0,0.000,0.000,0.000,0.000,0.013,0.000,0.006,0.000,0.000,0.000,0.000,0.000,0.000,0.013,0.000,0.000,0.013,0.000
8.7075,87,0,move,-1,8.7075,8.7196,0,0.000,0.000,0.264,-0.176,-50.537,34.453,-0.264,-0.088,0.176,0.000,0.000,-0.088,-0.088,0.264,0.088,0.000,0.439,0.176,0.000,0.000,0.000,0.000,-51.143,34.557,0.000,0.000,0.000,0.000,0.000,0.000,0.000,0.000,0.000,0.000,0.000,0.000,0.013,6.4,11.20,31.0,0.000,0.000,0.000,0.000,0.013,0.000,0.006,0.000,0.000,0.000,0.000,0.000,0.000,0.013,0.000,0.000,0.013,0.000
8.8075,88,0,move,-1,8.8075,8.8182,0,0.000,0.000,0.264,-0.176,-50.537,34.453,-0.264,-0.088,0.176,0.000,0.000,-0.088,-0.088,0.264,0.088,0.000,0.439,0.176,0.000,0.000,0.000,0.000,-51.143,34.557,0.000,0.000,0.000,0.000,0.000,0.000,0.000,0.000,0.000,0.000,0.000,0.000,0.013,6.4,11.30,31.0,0.000,0.000,0.000,0.000,0.013,0.000,0.006,0.000,0.000,0.000,0.000,0.000,0.000,0.013,0.000,0.000,0.006,0.000
8.9075,89,0,move,-1,8.9075,8.9194,0,0.000,0.000,0.264,-0.176,-50.537,34.453,-0.264,-0.088,0.176,0.000,0.000,-0.088,-0.088,0.264,0.088,0.000,0.439,0.176,0.000,0.000,0.000,0.000,-51.143,34.557,0.000,0.000,0.000,0.000,0.000,0.000,0.000,0.000,0.000,0.000,0.000,0.000,0.013,6.4,11.30,31.0,0.000,0.000,0.006,0.006,0.013,0.000,0.006,0.000,0.000,0.000,0.000,0.000,0.000,0.013,0.000,0.000,0.006,0.006
9.0076,90,0,move,-1,9.0076,9.0184,0,0.000,0.000,0.264,-0.176,-50.537,34.453,-0.264,-0.088,0.176,0.000,0.000,-0.088,-0.088,0.264,0.088,0.000,0.439,0.176,0.000,0.000,0.000,0.000,-51.143,34.557,0.000,0.000,0.000,0.000,0.000,0.000,0.000,0.000,0.000,0.000,0.000,0.000,0.013,6.4,11.30,31.0,0.000,0.000,0.006,0.006,0.013,0.000,0.006,0.000,0.000,0.000,0.000,0.000,0.000,0.013,0.000,0.000,0.006,0.006
9.1076,91,0,move,-1,9.1076,9.1188,0,0.000,0.000,0.264,-0.176,-50.537,34.453,-0.264,-0.088,0.176,0.000,0.000,-0.088,-0.088,0.264,0.088,0.000,0.439,0.176,0.000,0.000,0.000,0.000,-51.143,34.557,0.000,0.000,0.000,0.000,0.000,0.000,0.000,0.000,0.000,0.000,0.000,0.000,0.013,6.4,11.30,31.0,0.000,0.000,0.006,0.006,0.013,0.000,0.006,0.000,0.000,0.000,0.000,0.000,0.000,0.013,0.000,0.000,0.006,0.000
9.2075,92,0,move,-1,9.2075,9.2186,0,0.000,0.000,0.264,-0.176,-50.537,34.453,-0.264,-0.088,0.176,0.000,0.000,-0.088,-0.088,0.264,0.088,0.000,0.439,0.176,0.000,0.000,0.000,0.000,-51.143,34.557,0.000,0.000,0.000,0.000,0.000,0.000,0.000,0.000,0.000,0.000,0.000,0.000,0.013,6.4,11.30,31.0,0.000,0.000,0.006,0.006,0.013,0.000,0.006,0.000,0.000,0.000,0.000,0.000,0.000,0.013,0.000,0.000,0.006,0.000
9.3075,93,0,move,-1,9.3075,9.3196,0,0.000,0.000,0.264,-0.176,-50.537,34.453,-0.264,-0.088,0.176,0.000,0.000,-0.088,-0.088,0.264,0.088,0.000,0.439,0.176,0.000,0.000,0.000,0.000,-51.143,34.557,0.000,0.000,0.000,0.000,0.000,0.000,0.000,0.000,0.000,0.000,0.000,0.000,0.013,6.4,11.30,32.0,0.000,0.000,0.006,0.006,0.013,0.000,0.000,0.000,0.000,0.000,0.000,0.000,0.000,0.006,0.000,0.000,0.006,0.000
9.4075,94,0,move,-1,9.4075,9.4175,0,0.000,0.000,0.264,-0.176,-50.537,34.453,-0.264,-0.088,0.176,0.000,0.000,-0.088,-0.088,0.264,0.088,0.000,0.439,0.176,0.000,0.000,0.000,0.000,-51.143,34.557,0.000,0.000,0.000,0.000,0.000,0.000,0.000,0.000,0.000,0.000,0.000,0.000,0.013,6.4,11.30,32.0,0.000,0.000,0.006,0.006,0.013,0.000,0.000,0.000,0.000,0.000,0.000,0.000,0.000,0.006,0.000,0.000,0.006,0.000
9.5075,95,0,move,-1,9.5075,9.5181,0,0.000,0.000,0.264,-0.176,-50.537,34.453,-0.264,-0.088,0.176,0.000,0.000,-0.088,-0.088,0.264,0.088,0.000,0.439,0.176,0.000,0.000,0.000,0.000,-51.143,34.557,0.000,0.000,0.000,0.000,0.000,0.000,0.000,0.000,0.000,0.000,0.000,0.000,0.013,6.4,11.30,31.0,0.000,0.000,0.006,0.000,0.013,0.000,0.006,0.000,0.006,0.000,0.000,0.000,0.000,0.013,0.000,0.000,0.013,0.000
9.6075,96,0,move,-1,9.6075,9.6173,0,0.000,0.000,0.264,-0.176,-50.537,34.453,-0.264,-0.088,0.176,0.000,0.000,-0.088,-0.088,0.264,0.088,0.000,0.439,0.176,0.000,0.000,0.000,0.000,-51.143,34.557,0.000,0.000,0.000,0.000,0.000,0.000,0.000,0.000,0.000,0.000,0.000,0.000,0.013,6.4,11.30,31.0,0.000,0.000,0.006,0.000,0.013,0.000,0.006,0.000,0.006,0.000,0.000,0.000,0.000,0.013,0.000,0.000,0.013,0.000
9.7074,97,0,move,-1,9.7074,9.7178,0,0.000,0.000,0.264,-0.176,-50.537,34.453,-0.264,-0.088,0.176,0.000,0.000,-0.088,-0.088,0.264,0.088,0.000,0.439,0.176,0.000,0.000,0.000,0.000,-51.143,34.557,0.000,0.000,0.000,0.000,0.000,0.000,0.000,0.000,0.000,0.000,0.000,0.000,0.013,6.4,11.30,31.0,0.000,0.000,0.000,0.000,0.013,0.000,0.006,0.000,0.000,0.000,0.000,0.000,0.000,0.006,0.000,0.000,0.013,0.006
9.8075,98,0,move,-1,9.8075,9.8176,0,0.000,0.000,0.264,-0.176,-50.537,34.453,-0.264,-0.088,0.176,0.000,0.000,-0.088,-0.088,0.264,0.088,0.000,0.439,0.176,0.000,0.000,0.000,0.000,-51.143,34.557,0.000,0.000,0.000,0.000,0.000,0.000,0.000,0.000,0.000,0.000,0.000,0.000,0.013,6.4,11.30,31.0,0.000,0.000,0.000,0.000,0.013,0.000,0.006,0.000,0.000,0.000,0.000,0.000,0.000,0.006,0.000,0.000,0.013,0.006
9.9090,99,0,move,-1,9.9090,9.9218,0,0.000,0.000,0.264,-0.176,-50.537,34.453,-0.264,-0.088,0.176,0.000,0.000,-0.088,-0.088,0.264,0.088,0.000,0.439,0.176,0.000,0.000,0.000,0.000,-51.143,34.557,0.000,0.000,0.000,0.000,0.000,0.000,0.000,0.000,0.000,0.000,0.000,0.000,0.013,6.4,11.30,31.0,0.000,0.000,0.000,0.000,0.013,0.000,0.000,0.000,0.000,0.000,0.000,0.000,0.000,0.013,0.000,0.000,0.006,0.000
10.0075,100,0,move,-1,10.0075,10.0176,0,0.000,0.000,0.264,-0.176,-50.537,34.453,-0.264,-0.088,0.176,0.000,0.000,-0.088,-0.088,0.264,0.088,0.000,0.439,0.176,0.000,0.000,0.000,0.000,-51.143,34.557,0.000,0.000,0.000,0.000,0.000,0.000,0.000,0.000,0.000,0.000,0.000,0.000,0.013,6.4,11.30,31.0,0.000,0.000,0.000,0.000,0.013,0.000,0.000,0.000,0.000,0.000,0.000,0.000,0.000,0.013,0.000,0.000,0.006,0.000
10.1075,101,0,move,-1,10.1075,10.1199,0,0.000,0.000,0.264,-0.176,-50.537,34.453,-0.264,-0.088,0.176,0.000,0.000,-0.088,-0.088,0.264,0.088,0.000,0.439,0.176,0.000,0.000,0.000,0.000,-51.143,34.557,0.000,0.000,0.000,0.000,0.000,0.000,0.000,0.000,0.000,0.000,0.000,0.000,0.013,6.4,11.30,32.0,0.000,0.000,0.006,0.006,0.013,0.000,0.006,0.000,0.000,0.000,0.000,0.000,0.000,0.013,0.000,0.000,0.006,0.006
10.2075,102,0,move,-1,10.2075,10.2164,0,0.000,0.000,0.264,-0.176,-50.537,34.453,-0.264,-0.088,0.176,0.000,0.000,-0.088,-0.088,0.264,0.088,0.000,0.439,0.176,0.000,0.000,0.000,0.000,-51.143,34.557,0.000,0.000,0.000,0.000,0.000,0.000,0.000,0.000,0.000,0.000,0.000,0.000,0.013,6.4,11.30,32.0,0.000,0.000,0.006,0.006,0.013,0.000,0.006,0.000,0.000,0.000,0.000,0.000,0.000,0.013,0.000,0.000,0.006,0.006
10.3073,103,0,move,-1,10.3073,10.3183,0,0.000,0.000,0.264,-0.176,-50.537,34.453,-0.264,-0.088,0.176,0.000,0.000,-0.088,-0.088,0.264,0.088,0.000,0.439,0.176,0.000,0.000,0.000,0.000,-51.143,34.557,0.000,0.000,0.000,0.000,0.000,0.000,0.000,0.000,0.000,0.000,0.000,0.000,0.013,6.4,11.30,32.0,0.000,0.000,0.000,0.000,0.013,0.000,0.006,0.000,0.000,0.000,0.000,0.000,0.000,0.013,0.000,0.000,0.006,0.000
10.4075,104,0,move,-1,10.4075,10.4211,0,0.000,0.000,0.264,-0.176,-50.537,34.453,-0.264,-0.088,0.176,0.000,0.000,-0.088,-0.088,0.264,0.088,0.000,0.439,0.176,0.000,0.000,0.000,0.000,-51.143,34.557,0.000,0.000,0.000,0.000,0.000,0.000,0.000,0.000,0.000,0.000,0.000,0.000,0.013,6.4,11.20,31.0,0.000,0.000,0.000,0.000,0.013,0.000,0.006,0.000,0.000,0.000,0.000,0.000,0.000,0.013,0.000,0.000,0.013,0.006
10.5075,105,0,move,-1,10.5075,10.5170,0,0.000,0.000,0.264,-0.176,-50.537,34.453,-0.264,-0.088,0.176,0.000,0.000,-0.088,-0.088,0.264,0.088,0.000,0.439,0.176,0.000,0.000,0.000,0.000,-51.143,34.557,0.000,0.000,0.000,0.000,0.000,0.000,0.000,0.000,0.000,0.000,0.000,0.000,0.013,6.4,11.20,31.0,0.000,0.000,0.000,0.000,0.013,0.000,0.006,0.000,0.000,0.000,0.000,0.000,0.000,0.013,0.000,0.000,0.013,0.006
10.6075,106,0,move,-1,10.6075,10.6180,0,0.000,0.000,0.264,-0.176,-50.537,34.453,-0.264,-0.088,0.176,0.000,0.000,-0.088,-0.088,0.264,0.088,0.000,0.439,0.176,0.000,0.000,0.000,0.000,-51.143,34.557,0.000,0.000,0.000,0.000,0.000,0.000,0.000,0.000,0.000,0.000,0.000,0.000,0.013,6.4,11.30,31.0,0.000,0.000,0.000,0.000,0.013,0.000,0.000,0.000,0.006,0.000,0.000,0.000,0.000,0.013,0.000,0.000,0.006,0.006
10.7075,107,0,move,-1,10.7075,10.7168,0,0.000,0.000,0.264,-0.176,-50.537,34.453,-0.264,-0.088,0.176,0.000,0.000,-0.088,-0.088,0.264,0.088,0.000,0.439,0.176,0.000,0.000,0.000,0.000,-51.143,34.557,0.000,0.000,0.000,0.000,0.000,0.000,0.000,0.000,0.000,0.000,0.000,0.000,0.013,6.4,11.30,31.0,0.000,0.000,0.000,0.000,0.013,0.000,0.000,0.000,0.006,0.000,0.000,0.000,0.000,0.013,0.000,0.000,0.006,0.006
10.8075,108,0,move,-1,10.8075,10.8180,0,0.000,0.000,0.264,-0.176,-50.537,34.453,-0.264,-0.088,0.176,0.000,0.000,-0.088,-0.088,0.264,0.088,0.000,0.439,0.176,0.000,0.000,0.000,0.000,-51.143,34.557,0.000,0.000,0.000,0.000,0.000,0.000,0.000,0.000,0.000,0.000,0.000,0.000,0.013,3.2,11.30,29.0,0.000,0.000,0.000,0.000,0.006,0.000,0.000,0.000,0.000,0.000,0.000,0.000,0.000,0.013,0.000,0.000,0.013,0.006
10.9075,109,0,move,-1,10.9075,10.9191,0,0.000,0.000,0.264,-0.176,-50.537,34.453,-0.264,-0.088,0.176,0.000,0.000,-0.088,-0.088,0.264,0.088,0.000,0.439,0.176,0.000,0.000,0.000,0.000,-51.143,34.557,0.000,0.000,0.000,0.000,0.000,0.000,0.000,0.000,0.000,0.000,0.000,0.000,0.013,6.4,11.30,31.0,0.000,0.000,0.000,0.006,0.013,0.000,0.006,0.000,0.000,0.000,0.000,0.000,0.000,0.006,0.000,0.000,0.013,0.000
11.0075,110,0,move,-1,11.0075,11.0171,0,0.000,0.000,0.264,-0.176,-50.537,34.453,-0.264,-0.088,0.176,0.000,0.000,-0.088,-0.088,0.264,0.088,0.000,0.439,0.176,0.000,0.000,0.000,0.000,-51.143,34.557,0.000,0.000,0.000,0.000,0.000,0.000,0.000,0.000,0.000,0.000,0.000,0.000,0.013,6.4,11.30,31.0,0.000,0.000,0.000,0.006,0.013,0.000,0.006,0.000,0.000,0.000,0.000,0.000,0.000,0.006,0.000,0.000,0.013,0.000
11.1075,111,0,move,-1,11.1075,11.1186,0,0.000,0.000,0.264,-0.176,-50.537,34.453,-0.264,-0.088,0.176,0.000,0.000,-0.088,-0.088,0.264,0.088,0.000,0.439,0.176,0.000,0.000,0.000,0.000,-51.143,34.557,0.000,0.000,0.000,0.000,0.000,0.000,0.000,0.000,0.000,0.000,0.000,0.000,0.013,6.4,11.30,32.0,0.000,0.000,0.006,0.000,0.013,0.000,0.000,0.000,0.000,0.000,0.000,0.000,0.000,0.013,0.000,0.000,0.006,0.006
11.2075,112,0,move,-1,11.2075,11.2173,0,0.000,0.000,0.264,-0.176,-50.537,34.453,-0.264,-0.088,0.176,0.000,0.000,-0.088,-0.088,0.264,0.088,0.000,0.439,0.176,0.000,0.000,0.000,0.000,-51.143,34.557,0.000,0.000,0.000,0.000,0.000,0.000,0.000,0.000,0.000,0.000,0.000,0.000,0.013,6.4,11.30,32.0,0.000,0.000,0.006,0.000,0.013,0.000,0.000,0.000,0.000,0.000,0.000,0.000,0.000,0.013,0.000,0.000,0.006,0.006
11.3219,113,0,move,-1,11.3219,11.3318,0,0.000,0.000,0.264,-0.176,-50.537,34.453,-0.264,-0.088,0.176,0.000,0.000,-0.088,-0.088,0.264,0.088,0.000,0.439,0.176,0.000,0.000,0.000,0.000,-51.143,34.557,0.000,0.000,0.000,0.000,0.000,0.000,0.000,0.000,0.000,0.000,0.000,0.000,0.013,6.4,11.30,31.0,0.000,0.000,0.000,0.006,0.013,0.000,0.006,0.000,0.000,0.000,0.000,0.000,0.000,0.013,0.000,0.000,0.006,0.000
11.4075,114,0,move,-1,11.4075,11.4218,0,0.000,0.000,0.264,-0.176,-50.537,34.453,-0.264,-0.088,0.176,0.000,0.000,-0.088,-0.088,0.264,0.088,0.000,0.439,0.176,0.000,0.000,0.000,0.000,-51.143,34.557,0.000,0.000,0.000,0.000,0.000,0.000,0.000,0.000,0.000,0.000,0.000,0.000,0.013,6.4,11.30,31.0,0.000,0.000,0.000,0.006,0.013,0.000,0.006,0.000,0.000,0.000,0.000,0.000,0.000,0.013,0.000,0.000,0.006,0.000
11.5075,115,0,move,-1,11.5075,11.5172,0,0.000,0.000,0.264,-0.176,-50.537,34.453,-0.264,-0.088,0.176,0.000,0.000,-0.088,-0.088,0.264,0.088,0.000,0.439,0.176,0.000,0.000,0.000,0.000,-51.143,34.557,0.000,0.000,0.000,0.000,0.000,0.000,0.000,0.000,0.000,0.000,0.000,0.000,0.013,6.4,11.30,31.0,0.000,0.000,0.000,0.000,0.013,0.000,0.000,0.000,0.000,0.000,0.000,0.000,0.000,0.013,0.000,0.000,0.006,0.000
11.6073,116,0,move,-1,11.6073,11.6190,0,0.000,0.000,0.264,-0.176,-50.537,34.453,-0.264,-0.088,0.176,0.000,0.000,-0.088,-0.088,0.264,0.088,0.000,0.439,0.176,0.000,0.000,0.000,0.000,-51.143,34.557,0.000,0.000,0.000,0.000,0.000,0.000,0.000,0.000,0.000,0.000,0.000,0.000,0.013,6.4,11.30,32.0,0.000,0.000,0.000,0.006,0.013,0.000,0.006,0.000,0.000,0.000,0.000,0.000,0.000,0.006,0.000,0.000,0.006,0.006
11.7075,117,0,move,-1,11.7075,11.7214,0,0.000,0.000,0.264,-0.176,-50.537,34.453,-0.264,-0.088,0.176,0.000,0.000,-0.088,-0.088,0.264,0.088,0.000,0.439,0.176,0.000,0.000,0.000,0.000,-51.143,34.557,0.000,0.000,0.000,0.000,0.000,0.000,0.000,0.000,0.000,0.000,0.000,0.000,0.013,6.4,11.30,31.0,0.000,0.000,0.000,0.006,0.013,0.000,0.006,0.000,0.000,0.000,0.000,0.000,0.000,0.006,0.000,0.000,0.006,0.000
11.8082,118,0,move,-1,11.8082,11.8729,0,0.000,0.000,0.264,-0.176,-50.537,34.453,-0.264,-0.088,0.176,0.000,0.000,-0.088,-0.088,0.264,0.088,0.000,0.439,0.176,0.000,0.000,0.000,0.000,-51.143,34.557,0.000,0.000,0.000,0.000,0.000,0.000,0.000,0.000,0.000,0.000,0.000,0.000,0.013,6.4,11.30,31.0,0.000,0.000,0.000,0.006,0.013,0.000,0.000,0.000,0.000,0.000,0.000,0.000,0.000,0.013,0.000,0.000,0.006,0.000
11.9075,119,0,move,-1,11.9075,11.9214,0,0.000,0.000,0.264,-0.176,-50.537,34.453,-0.264,-0.088,0.176,0.000,0.000,-0.088,-0.088,0.264,0.088,0.000,0.439,0.176,0.000,0.000,0.000,0.000,-51.143,34.557,0.000,0.000,0.000,0.000,0.000,0.000,0.000,0.000,0.000,0.000,0.000,0.000,0.013,6.4,11.30,31.0,0.000,0.000,0.000,0.006,0.013,0.000,0.000,0.000,0.000,0.000,0.000,0.000,0.000,0.013,0.000,0.000,0.006,0.000
12.0075,120,0,move,-1,12.0075,12.0179,0,0.000,0.000,0.264,-0.176,-50.537,34.453,-0.264,-0.088,0.176,0.000,0.000,-0.088,-0.088,0.264,0.088,0.000,0.439,0.176,0.000,0.000,0.000,0.000,-51.143,34.557,0.000,0.000,0.000,0.000,0.000,0.000,0.000,0.000,0.000,0.000,0.000,0.000,0.013,3.2,11.30,29.0,0.000,0.000,0.006,0.000,0.006,0.000,0.006,0.000,0.000,0.000,0.000,0.000,0.000,0.013,0.000,0.000,0.006,0.000
12.1075,121,0,move,-1,12.1075,12.1180,0,0.000,0.000,0.264,-0.176,-50.537,34.453,-0.264,-0.088,0.176,0.000,0.000,-0.088,-0.088,0.264,0.088,0.000,0.439,0.176,0.000,0.000,0.000,0.000,-51.143,34.557,0.000,0.000,0.000,0.000,0.000,0.000,0.000,0.000,0.000,0.000,0.000,0.000,0.006,6.4,11.30,32.0,0.000,0.000,0.000,0.000,0.006,0.000,0.006,0.000,0.000,0.000,0.000,0.000,0.000,0.006,0.000,0.000,0.006,0.000
12.2074,122,0,move,-1,12.2074,12.2193,0,0.000,0.000,0.264,-0.176,-50.537,34.453,-0.264,-0.088,0.176,0.000,0.000,-0.088,-0.088,0.264,0.088,0.000,0.439,0.176,0.000,0.000,0.000,0.000,-51.143,34.557,0.000,0.000,0.000,0.000,0.000,0.000,0.000,0.000,0.000,0.000,0.000,0.000,0.013,6.4,11.30,32.0,0.000,0.000,0.000,0.000,0.013,0.000,0.006,0.000,0.000,0.000,0.000,0.000,0.000,0.013,0.000,0.000,0.006,0.000
12.3075,123,0,move,-1,12.3075,12.3181,0,0.000,0.000,0.264,-0.176,-50.537,34.453,-0.264,-0.088,0.176,0.000,0.000,-0.088,-0.088,0.264,0.088,0.000,0.439,0.176,0.000,0.000,0.000,0.000,-51.143,34.557,0.000,0.000,0.000,0.000,0.000,0.000,0.000,0.000,0.000,0.000,0.000,0.000,0.013,6.4,11.30,32.0,0.000,0.000,0.000,0.000,0.013,0.000,0.006,0.000,0.000,0.000,0.000,0.000,0.000,0.013,0.000,0.000,0.006,0.000
12.4075,124,0,move,-1,12.4075,12.4175,0,0.000,0.000,0.264,-0.176,-50.537,34.453,-0.264,-0.088,0.176,0.000,0.000,-0.088,-0.088,0.264,0.088,0.000,0.439,0.176,0.000,0.000,0.000,0.000,-51.143,34.557,0.000,0.000,0.000,0.000,0.000,0.000,0.000,0.000,0.000,0.000,0.000,0.000,0.013,6.4,11.30,31.0,0.000,0.000,0.006,0.000,0.013,0.000,0.000,0.000,0.000,0.000,0.000,0.000,0.000,0.013,0.000,0.000,0.013,0.006
12.5075,125,0,move,-1,12.5075,12.5215,0,0.000,0.000,0.264,-0.176,-50.537,34.453,-0.264,-0.088,0.176,0.000,0.000,-0.088,-0.088,0.264,0.088,0.000,0.439,0.176,0.000,0.000,0.000,0.000,-51.143,34.557,0.000,0.000,0.000,0.000,0.000,0.000,0.000,0.000,0.000,0.000,0.000,0.000,0.013,6.4,11.30,32.0,0.000,0.000,0.000,0.006,0.013,0.000,0.000,0.000,0.000,0.000,0.000,0.000,0.000,0.013,0.000,0.000,0.013,0.000
12.6094,126,0,move,-1,12.6094,12.6229,0,0.000,0.000,0.264,-0.176,-50.537,34.453,-0.264,-0.088,0.176,0.000,0.000,-0.088,-0.088,0.264,0.088,0.000,0.439,0.176,0.000,0.000,0.000,0.000,-51.143,34.557,0.000,0.000,0.000,0.000,0.000,0.000,0.000,0.000,0.000,0.000,0.000,0.000,0.013,3.6,11.30,29.0,0.000,0.000,0.006,0.000,0.006,0.000,0.000,0.000,0.000,0.000,0.000,0.000,0.000,0.013,0.000,0.006,0.006,0.000
12.7075,127,0,move,-1,12.7075,12.7179,0,0.000,0.000,0.264,-0.176,-50.537,34.453,-0.264,-0.088,0.176,0.000,0.000,-0.088,-0.088,0.264,0.088,0.000,0.439,0.176,0.000,0.000,0.000,0.000,-51.143,34.557,0.000,0.000,0.000,0.000,0.000,0.000,0.000,0.000,0.000,0.000,0.000,0.000,0.013,3.6,11.30,29.0,0.000,0.000,0.006,0.000,0.006,0.000,0.000,0.000,0.000,0.000,0.000,0.000,0.000,0.013,0.000,0.006,0.006,0.000
12.8075,128,0,move,-1,12.8075,12.8187,0,0.000,0.000,0.264,-0.176,-50.537,34.453,-0.264,-0.088,0.176,0.000,0.000,-0.088,-0.088,0.264,0.088,0.000,0.439,0.176,0.000,0.000,0.000,0.000,-51.143,34.557,0.000,0.000,0.000,0.000,0.000,0.000,0.000,0.000,0.000,0.000,0.000,0.000,0.013,6.4,11.30,31.0,0.000,0.000,0.006,0.000,0.013,0.000,0.000,0.000,0.000,0.000,0.000,0.000,0.000,0.006,0.000,0.000,0.006,0.000
12.9087,129,0,move,-1,12.9087,12.9204,0,0.000,0.000,0.264,-0.176,-50.537,34.453,-0.264,-0.088,0.176,0.000,0.000,-0.088,-0.088,0.264,0.088,0.000,0.439,0.176,0.000,0.000,0.000,0.000,-51.143,34.557,0.000,0.000,0.000,0.000,0.000,0.000,0.000,0.000,0.000,0.000,0.000,0.000,0.013,6.4,11.30,31.0,0.000,0.000,0.006,0.000,0.013,0.000,0.006,0.000,0.000,0.000,0.000,0.000,0.000,0.006,0.000,0.000,0.006,0.000
13.0075,130,0,move,-1,13.0075,13.0171,0,0.000,0.000,0.264,-0.176,-50.537,34.453,-0.264,-0.088,0.176,0.000,0.000,-0.088,-0.088,0.264,0.088,0.000,0.439,0.176,0.000,0.000,0.000,0.000,-51.143,34.557,0.000,0.000,0.000,0.000,0.000,0.000,0.000,0.000,0.000,0.000,0.000,0.000,0.013,6.4,11.30,31.0,0.000,0.000,0.006,0.000,0.013,0.000,0.006,0.000,0.000,0.000,0.000,0.000,0.000,0.006,0.000,0.000,0.006,0.000
13.1075,131,0,move,-1,13.1075,13.1185,0,0.000,0.000,0.264,-0.176,-50.537,34.453,-0.264,-0.088,0.176,0.000,0.000,-0.088,-0.088,0.264,0.088,0.000,0.439,0.176,0.000,0.000,0.000,0.000,-51.143,34.557,0.000,0.000,0.000,0.000,0.000,0.000,0.000,0.000,0.000,0.000,0.000,0.000,0.013,6.4,11.30,31.0,0.000,0.000,0.000,0.000,0.013,0.000,0.000,0.000,0.000,0.000,0.000,0.000,0.000,0.013,0.000,0.000,0.006,0.000
13.2169,132,0,move,-1,13.2169,13.2302,0,0.000,0.000,0.264,-0.176,-50.537,34.453,-0.264,-0.088,0.176,0.000,0.000,-0.088,-0.088,0.264,0.088,0.000,0.439,0.176,0.000,0.000,0.000,0.000,-51.143,34.557,0.000,0.000,0.000,0.000,0.000,0.000,0.000,0.000,0.000,0.000,0.000,0.000,0.013,6.4,11.30,31.0,0.000,0.000,0.000,0.000,0.013,0.000,0.000,0.000,0.006,0.000,0.000,0.000,0.000,0.006,0.000,0.000,0.006,0.000
13.3075,133,0,move,-1,13.3075,13.3223,0,0.000,0.000,0.264,-0.176,-50.537,34.453,-0.264,-0.088,0.176,0.000,0.000,-0.088,-0.088,0.264,0.088,0.000,0.439,0.176,0.000,0.000,0.000,0.000,-51.143,34.557,0.000,0.000,0.000,0.000,0.000,0.000,0.000,0.000,0.000,0.000,0.000,0.000,0.013,6.4,11.30,31.0,0.000,0.000,0.000,0.000,0.013,0.000,0.000,0.000,0.006,0.000,0.000,0.000,0.000,0.006,0.000,0.000,0.006,0.000
13.4075,134,0,move,-1,13.4075,13.4190,0,0.000,0.000,0.264,-0.176,-50.537,34.453,-0.264,-0.088,0.176,0.000,0.000,-0.088,-0.088,0.264,0.088,0.000,0.439,0.176,0.000,0.000,0.000,0.000,-51.143,34.557,0.000,0.000,0.000,0.000,0.000,0.000,0.000,0.000,0.000,0.000,0.000,0.000,0.013,6.4,11.30,31.0,0.000,0.000,0.000,0.000,0.013,0.000,0.006,0.000,0.000,0.000,0.000,0.000,0.000,0.013,0.000,0.000,0.006,0.000
13.5075,135,0,move,-1,13.5075,13.5183,0,0.000,0.000,0.264,-0.176,-50.537,34.453,-0.264,-0.088,0.176,0.000,0.000,-0.088,-0.088,0.264,0.088,0.000,0.439,0.176,0.000,0.000,0.000,0.000,-51.143,34.557,0.000,0.000,0.000,0.000,0.000,0.000,0.000,0.000,0.000,0.000,0.000,0.000,0.013,6.4,11.30,31.0,0.000,0.000,0.000,0.000,0.013,0.000,0.006,0.000,0.000,0.000,0.000,0.000,0.000,0.013,0.000,0.000,0.006,0.000
13.6073,136,0,move,-1,13.6073,13.6137,0,0.000,0.000,0.264,-0.176,-50.537,34.453,-0.264,-0.088,0.176,0.000,0.000,-0.088,-0.088,0.264,0.088,0.000,0.439,0.176,0.000,0.000,0.000,0.000,-51.143,34.557,0.000,0.000,0.000,0.000,0.000,0.000,0.000,0.000,0.000,0.000,0.000,0.000,0.013,6.4,11.20,31.0,0.000,0.000,0.000,0.006,0.013,0.000,0.006,0.000,0.000,0.000,0.000,0.000,0.000,0.013,0.000,0.000,0.006,0.006
13.7075,137,0,move,-1,13.7075,13.7188,0,0.000,0.000,0.264,-0.176,-50.537,34.453,-0.264,-0.088,0.176,0.000,0.000,-0.088,-0.088,0.264,0.088,0.000,0.439,0.176,0.000,0.000,0.000,0.000,-51.143,34.557,0.000,0.000,0.000,0.000,0.000,0.000,0.000,0.000,0.000,0.000,0.000,0.000,0.013,6.4,11.30,31.0,0.000,0.000,0.006,0.000,0.013,0.000,0.000,0.000,0.000,0.000,0.000,0.000,0.000,0.013,0.000,0.000,0.006,0.006
13.8075,138,0,move,-1,13.8075,13.8182,0,0.000,0.000,0.264,-0.176,-50.537,34.453,-0.264,-0.088,0.176,0.000,0.000,-0.088,-0.088,0.264,0.088,0.000,0.439,0.176,0.000,0.000,0.000,0.000,-51.143,34.557,0.000,0.000,0.000,0.000,0.000,0.000,0.000,0.000,0.000,0.000,0.000,0.000,0.013,6.4,11.30,31.0,0.000,0.000,0.006,0.000,0.013,0.000,0.000,0.000,0.000,0.000,0.000,0.000,0.000,0.013,0.000,0.000,0.006,0.006
13.9075,139,0,move,-1,13.9075,13.9185,0,0.000,0.000,0.264,-0.176,-50.537,34.453,-0.264,-0.088,0.176,0.000,0.000,-0.088,-0.088,0.264,0.088,0.000,0.439,0.176,0.000,0.000,0.000,0.000,-51.143,34.557,0.000,0.000,0.000,0.000,0.000,0.000,0.000,0.000,0.000,0.000,0.000,0.000,0.013,6.4,11.30,31.0,,0.000,0.006,0.000,0.013,0.000,0.006,0.000,0.000,0.000,0.000,0.000,0.000,0.013,0.000,0.000,0.006,0.000
14.0114,140,0,move,-1,14.0114,14.0210,0,0.000,0.000,0.264,-0.176,-50.537,34.453,-0.264,-0.088,0.176,0.000,0.000,-0.088,-0.088,0.264,0.088,0.000,0.439,0.176,0.000,0.000,0.000,0.000,-51.045,34.512,0.000,0.000,0.000,0.000,0.000,0.000,0.000,0.000,0.000,0.000,0.000,0.000,0.013,6.4,11.30,32.0,0.000,0.000,0.000,0.006,0.013,0.000,0.000,0.000,0.006,0.000,0.000,0.000,0.000,0.013,0.000,0.000,0.006,0.006
14.1075,141,0,move,-1,14.1075,14.1196,0,0.000,0.000,0.264,-0.176,-50.537,34.453,-0.264,-0.088,0.176,0.000,0.000,-0.088,-0.088,0.264,0.088,0.000,0.439,0.176,0.000,0.000,0.000,0.000,-50.765,34.384,0.000,0.000,0.000,0.000,0.000,0.000,0.000,0.000,0.000,0.000,0.000,0.000,0.013,6.4,11.30,32.0,0.000,0.000,0.000,0.006,0.013,0.000,0.000,0.000,0.006,0.000,0.000,0.000,0.000,0.013,0.000,0.000,0.006,0.006
14.2075,142,0,move,-1,14.2075,14.2173,0,0.000,0.000,0.264,-0.176,-50.537,34.453,-0.264,-0.088,0.176,0.000,0.000,-0.088,-0.088,0.264,0.088,0.000,0.439,0.176,0.000,0.000,0.000,0.000,-50.327,34.182,0.000,0.000,0.000,0.000,0.000,0.000,0.000,0.000,0.000,0.000,0.000,0.000,0.013,3.2,11.30,29.0,0.000,0.000,0.000,0.000,0.000,0.000,0.006,0.000,0.000,0.000,0.000,0.000,0.000,0.013,0.000,0.000,0.006,0.000
14.3075,143,0,move,-1,14.3075,14.3194,0,0.000,0.000,0.264,-0.176,-50.537,34.365,-0.264,-0.088,0.176,0.000,0.000,-0.088,-0.088,0.264,0.088,0.000,0.439,0.176,0.000,0.000,0.000,0.000,-49.772,33.924,0.000,0.000,0.000,0.000,0.000,0.000,0.000,0.000,0.000,0.000,0.000,0.000,0.013,3.2,11.30,29.0,0.000,0.000,0.000,0.006,0.000,0.006,0.006,0.000,0.000,0.000,0.000,0.000,0.000,0.013,0.000,0.000,0.013,0.000
14.4075,144,0,move,-1,14.4075,14.4173,0,0.000,0.000,0.264,-0.176,-50.449,34.102,-0.264,-0.088,0.176,0.000,0.000,-0.088,-0.088,0.264,0.088,0.000,0.439,0.176,0.000,0.000,0.000,0.000,-49.154,33.634,0.000,0.000,0.000,0.000,0.000,0.000,0.000,0.000,0.000,0.000,0.000,0.000,0.013,3.2,11.30,29.0,0.000,0.000,0.000,0.006,0.000,0.006,0.006,0.000,0.000,0.000,0.000,0.000,0.000,0.013,0.000,0.000,0.013,0.000
14.5075,145,0,move,-1,14.5075,14.5185,0,0.000,0.000,0.264,-0.176,-50.010,33.750,-0.264,-0.088,0.176,0.000,0.000,-0.088,-0.088,0.264,0.088,0.000,0.439,0.176,0.000,0.000,0.000,0.000,-48.535,33.340,0.000,0.000,0.000,0.000,0.000,0.000,0.000,0.000,0.000,0.000,0.000,0.000,0.013,9.2,11.30,32.0,0.000,0.000,0.000,0.000,0.013,0.006,0.000,0.000,0.000,0.000,0.000,0.000,0.000,0.006,0.000,0.000,0.006,0.000
14.6073,146,0,move,-1,14.6073,14.6197,0,0.000,0.000,0.264,-0.176,-49.219,33.398,-0.264,-0.088,0.176,0.000,0.000,-0.088,-0.088,0.264,0.088,0.000,0.439,0.176,0.000,0.000,0.000,0.000,-47.971,33.071,0.000,0.000,0.000,0.000,0.000,0.000,0.000,0.000,0.000,0.000,0.000,0.000,0.013,6.0,11.20,31.0,0.000,0.000,0.006,0.000,0.013,0.006,0.000,0.000,0.000,0.000,0.000,0.000,0.000,0.006,0.000,0.000,0.006,0.006
14.7073,147,0,move,-1,14.7073,14.7182,0,0.000,0.000,0.264,-0.176,-48.604,33.135,-0.264,-0.088,0.176,0.000,0.000,-0.088,-0.088,0.264,0.088,0.000,0.439,0.176,0.000,0.000,0.000,0.000,-47.522,32.856,0.000,0.000,0.000,0.000,0.000,0.000,0.000,0.000,0.000,0.000,0.000,0.000,0.013,6.0,11.20,31.0,0.000,0.000,0.006,0.000,0.013,0.006,0.000,0.000,0.000,0.000,0.000,0.000,0.000,0.006,0.000,0.000,0.006,0.006
14.8075,148,0,move,-1,14.8075,14.8229,0,0.000,0.000,0.264,-0.176,-48.076,32.959,-0.264,-0.088,0.176,0.000,0.000,-0.088,-0.088,0.264,0.088,0.000,0.439,0.176,0.000,0.000,0.000,0.000,-47.233,32.716,0.000,0.000,0.000,0.000,0.000,0.000,0.000,0.000,0.000,0.000,0.000,0.000,0.000,0.0,11.30,32.0,0.000,0.000,0.000,0.000,0.000,0.000,0.000,0.000,0.000,0.000,0.000,0.000,0.000,0.000,0.000,0.000,0.000,0.000
14.9073,149,0,move,-1,14.9073,14.9171,0,0.000,0.000,0.264,-0.176,-47.988,32.695,-0.264,-0.088,0.176,0.000,0.000,-0.088,-0.088,0.264,0.088,0.000,0.439,0.176,0.000,0.000,0.000,0.000,-47.133,32.667,0.000,0.000,0.000,0.000,0.000,0.000,0.000,0.000,0.000,0.000,0.000,0.000,0.000,0.0,11.30,32.0,0.000,0.000,0.000,0.000,0.000,0.000,0.000,0.000,0.000,0.000,0.000,0.000,0.000,0.000,0.000,0.000,0.000,0.000
15.0075,150,0,move,-1,15.0075,15.0180,0,0.000,0.000,0.264,-0.176,-47.461,32.695,-0.264,-0.088,0.176,0.000,0.000,-0.088,-0.088,0.264,0.088,0.000,0.439,0.176,0.000,0.000,0.000,0.000,-47.133,32.667,0.000,0.000,0.000,0.000,0.000,0.000,0.000,0.000,0.000,0.000,0.000,0.000,0.013,3.2,11.30,29.0,0.000,0.000,0.000,0.000,0.006,0.000,0.000,0.000,0.006,0.000,0.000,0.000,0.000,0.013,0.000,0.000,0.006,0.000
15.1075,151,0,move,-1,15.1075,15.1186,0,0.000,0.000,0.264,-0.176,-47.461,32.695,-0.264,-0.088,0.176,0.000,0.000,-0.088,-0.088,0.264,0.088,0.000,0.439,0.176,0.000,0.000,0.000,0.000,-47.133,32.667,0.000,0.000,0.000,0.000,0.000,0.000,0.000,0.000,0.000,0.000,0.000,0.000,0.006,3.2,11.30,33.0,0.000,0.000,0.006,0.000,0.006,0.000,0.006,0.000,0.006,0.000,0.000,0.000,0.000,0.006,0.000,0.000,0.006,0.006
15.2075,152,0,move,-1,15.2075,15.2190,0,0.000,0.000,0.264,-0.176,-47.461,32.695,-0.264,-0.088,0.176,0.000,0.000,-0.088,-0.088,0.264,0.088,0.000,0.439,0.176,0.000,0.000,0.000,0.000,-47.133,32.667,0.000,0.000,0.000,0.000,0.000,0.000,0.000,0.000,0.000,0.000,0.000,0.000,0.013,4.8,11.30,32.0,0.000,0.000,0.006,0.000,0.000,0.000,0.000,0.000,0.000,0.000,0.000,0.000,0.000,0.006,0.000,0.000,0.013,0.006
15.3075,153,0,move,-1,15.3075,15.3178,0,0.000,0.000,0.264,-0.176,-47.373,32.695,-0.264,-0.088,0.176,0.000,0.000,-0.088,-0.088,0.264,0.088,0.000,0.439,0.176,0.000,0.000,0.000,0.000,-47.133,32.667,0.000,0.000,0.000,0.000,0.000,0.000,0.000,0.000,0.000,0.000,0.000,0.000,0.013,4.8,11.30,32.0,0.000,0.000,0.006,0.000,0.000,0.000,0.000,0.000,0.000,0.000,0.000,0.000,0.000,0.006,0.000,0.000,0.013,0.006
15.4074,154,0,move,-1,15.4074,15.4196,0,0.000,0.000,0.264,-0.176,-47.373,32.695,-0.264,-0.088,0.176,0.000,0.000,-0.088,-0.088,0.264,0.088,0.000,0.439,0.176,0.000,0.000,0.000,0.000,-47.133,32.667,0.000,0.000,0.000,0.000,0.000,0.000,0.000,0.000,0.000,0.000,0.000,0.000,0.006,3.2,11.30,31.0,0.000,0.000,0.000,0.000,0.006,0.000,0.006,0.000,0.006,0.000,0.000,0.000,0.000,0.006,0.000,0.000,0.006,0.006
15.5075,155,0,move,-1,15.5075,15.5145,0,0.000,0.000,0.264,-0.176,-47.373,32.695,-0.264,-0.088,0.176,0.000,0.000,-0.088,-0.088,0.264,0.088,0.000,0.439,0.176,0.000,0.000,0.000,0.000,-47.133,32.667,0.000,0.000,0.000,0.000,0.000,0.000,0.000,0.000,0.000,0.000,0.000,0.000,0.006,3.2,11.30,31.0,0.000,0.000,0.000,0.000,0.006,0.000,0.006,0.000,0.006,0.000,0.000,0.000,0.000,0.006,0.000,0.000,0.006,0.006
15.6075,156,0,move,-1,15.6075,15.6179,0,0.000,0.000,0.264,-0.176,-47.373,32.695,-0.264,-0.088,0.176,0.000,0.000,-0.088,-0.088,0.264,0.088,0.000,0.439,0.176,0.000,0.000,0.000,0.000,-47.133,32.667,0.000,0.000,0.000,0.000,0.000,0.000,0.000,0.000,0.000,0.000,0.000,0.000,0.013,3.2,11.30,29.0,0.000,0.000,0.006,0.006,0.006,0.000,0.006,0.000,0.000,0.000,0.000,0.000,0.000,0.013,0.000,0.000,0.013,0.000
15.7075,157,0,move,-1,15.7075,15.7195,0,0.000,0.000,0.264,-0.176,-47.373,32.695,-0.264,-0.088,0.176,0.000,0.000,-0.088,-0.088,0.264,0.088,0.000,0.439,0.176,0.000,0.000,0.000,0.000,-47.133,32.667,0.000,0.000,0.000,0.000,0.000,0.000,0.000,0.000,0.000,0.000,0.000,0.000,0.006,2.4,11.30,32.0,0.000,0.000,0.000,0.006,0.000,0.000,0.000,0.000,0.006,0.000,0.000,0.000,0.000,0.006,0.000,0.000,0.006,0.000
15.8073,158,0,move,-1,15.8073,15.8184,0,0.000,0.000,0.264,-0.176,-47.285,32.695,-0.264,-0.088,0.176,0.000,0.000,-0.088,-0.088,0.264,0.088,0.000,0.439,0.176,0.000,0.000,0.000,0.000,-47.133,32.667,0.000,0.000,0.000,0.000,0.000,0.000,0.000,0.000,0.000,0.000,0.000,0.000,0.006,2.4,11.30,32.0,0.000,0.000,0.000,0.006,0.000,0.000,0.000,0.000,0.006,0.000,0.000,0.000,0.000,0.006,0.000,0.000,0.006,0.000
15.9075,159,0,move,-1,15.9075,15.9188,0,0.000,0.000,0.264,-0.176,-47.285,32.695,-0.264,-0.088,0.176,0.000,0.000,-0.088,-0.088,0.264,0.088,0.000,0.439,0.176,0.000,0.000,0.000,0.000,-47.133,32.667,0.000,0.000,0.000,0.000,0.000,0.000,0.000,0.000,0.000,0.000,0.000,0.000,0.013,3.2,11.30,29.0,0.000,0.000,0.006,0.000,0.000,0.000,0.006,0.000,0.006,0.000,0.000,0.000,0.000,0.013,0.000,0.000,0.013,0.000
16.0075,160,0,move,-1,16.0075,16.0182,0,0.000,0.000,0.264,-0.176,-47.285,32.695,-0.264,-0.088,0.176,0.000,0.000,-0.088,-0.088,0.264,0.088,0.000,0.439,0.176,0.000,0.000,0.000,0.000,-47.133,32.667,0.000,0.000,0.000,0.000,0.000,0.000,0.000,0.000,0.000,0.000,0.000,0.000,0.013,3.2,11.30,29.0,0.000,0.000,0.006,0.000,0.000,0.000,0.006,0.000,0.006,0.000,0.000,0.000,0.000,0.013,0.000,0.000,0.013,0.000
16.1075,161,0,move,-1,16.1075,16.1184,0,0.000,0.000,0.264,-0.176,-47.197,32.695,-0.264,-0.088,0.176,0.000,0.000,-0.088,-0.088,0.264,0.088,0.000,0.439,0.176,0.000,0.000,0.000,0.000,-47.133,32.667,0.000,0.000,0.000,0.000,0.000,0.000,0.000,0.000,0.000,0.000,0.000,0.000,0.006,3.2,11.30,33.0,0.000,0.000,0.006,0.006,0.000,0.000,0.006,0.000,0.006,0.000,0.000,0.000,0.000,0.006,0.000,0.000,0.006,0.000
16.2074,162,0,move,-1,16.2074,16.2172,0,0.000,0.000,0.264,-0.176,-47.197,32.695,-0.264,-0.088,0.176,0.000,0.000,-0.088,-0.088,0.264,0.088,0.000,0.439,0.176,0.000,0.000,0.000,0.000,-47.133,32.667,0.000,0.000,0.000,0.000,0.000,0.000,0.000,0.000,0.000,0.000,0.000,0.000,0.006,3.2,11.30,33.0,0.000,0.000,0.006,0.006,0.000,0.000,0.006,0.000,0.006,0.000,0.000,0.000,0.000,0.006,0.000,0.000,0.006,0.000
16.3073,163,0,move,-1,16.3073,16.3217,0,0.000,0.000,0.264,-0.176,-47.197,32.695,-0.264,-0.088,0.176,0.000,0.000,-0.088,-0.088,0.264,0.088,0.000,0.439,0.176,0.000,0.000,0.000,0.000,-47.133,32.667,0.000,0.000,0.000,0.000,0.000,0.000,0.000,0.000,0.000,0.000,0.000,0.000,0.013,3.2,11.30,29.0,0.000,0.000,0.000,0.000,0.000,0.000,0.006,0.000,0.000,0.000,0.000,0.000,0.000,0.013,0.000,0.000,0.006,0.006
16.4073,164,0,move,-1,16.4073,16.4180,0,0.000,0.000,0.264,-0.176,-47.197,32.695,-0.264,-0.088,0.176,0.000,0.000,-0.088,-0.088,0.264,0.088,0.000,0.439,0.176,0.000,0.000,0.000,0.000,-47.133,32.667,0.000,0.000,0.000,0.000,0.000,0.000,0.000,0.000,0.000,0.000,0.000,0.000,0.013,3.2,11.30,29.0,0.000,0.000,0.000,0.000,0.000,0.000,0.006,0.000,0.000,0.000,0.000,0.000,0.000,0.013,0.000,0.000,0.006,0.006
16.5075,165,0,move,-1,16.5075,16.5174,0,0.000,0.000,0.264,-0.176,-47.109,32.695,-0.264,-0.088,0.176,0.000,0.000,-0.088,-0.088,0.264,0.088,0.000,0.439,0.176,0.000,0.000,0.000,0.000,-47.133,32.667,0.000,0.000,0.000,0.000,0.000,0.000,0.000,0.000,0.000,0.000,0.000,0.000,0.006,3.2,11.30,32.0,0.000,0.000,0.000,0.000,0.000,0.000,0.006,0.000,0.000,0.000,0.000,0.000,0.000,0.006,0.000,0.000,0.006,0.006
16.6075,166,0,move,-1,16.6075,16.6184,0,0.000,0.000,0.264,-0.176,-47.109,32.695,-0.264,-0.088,0.176,0.000,0.000,-0.088,-0.088,0.264,0.088,0.000,0.439,0.176,0.000,0.000,0.000,0.000,-47.133,32.667,0.000,0.000,0.000,0.000,0.000,0.000,0.000,0.000,0.000,0.000,0.000,0.000,0.013,3.2,11.30,29.0,0.000,0.000,0.006,0.000,0.000,0.000,0.006,0.000,0.006,0.000,0.000,0.000,0.000,0.013,0.000,0.000,0.006,0.000
16.7075,167,0,move,-1,16.7075,16.7172,0,0.000,0.000,0.264,-0.176,-47.109,32.695,-0.264,-0.088,0.176,0.000,0.000,-0.088,-0.088,0.264,0.088,0.000,0.439,0.176,0.000,0.000,0.000,0.000,-47.133,32.667,0.000,0.000,0.000,0.000,0.000,0.000,0.000,0.000,0.000,0.000,0.000,0.000,0.013,3.2,11.30,29.0,0.000,0.000,0.006,0.000,0.000,0.000,0.006,0.000,0.006,0.000,0.000,0.000,0.000,0.013,0.000,0.000,0.006,0.000
16.8075,168,0,move,-1,16.8075,16.8188,0,0.000,0.000,0.264,-0.176,-47.109,32.695,-0.264,-0.088,0.176,0.000,0.000,-0.088,-0.088,0.264,0.088,0.000,0.439,0.176,0.000,0.000,0.000,0.000,-47.133,32.667,0.000,0.000,0.000,0.000,0.000,0.000,0.000,0.000,0.000,0.000,0.000,0.000,0.013,4.8,11.30,32.0,0.000,0.000,0.000,0.000,0.000,0.000,0.000,0.000,0.000,0.000,0.000,0.000,0.000,0.006,0.000,0.000,0.013,0.006
16.9075,169,0,move,-1,16.9075,16.9207,0,0.000,0.000,0.264,-0.176,-47.021,32.695,-0.264,-0.088,0.176,0.000,0.000,-0.088,-0.088,0.264,0.088,0.000,0.439,0.176,0.000,0.000,0.000,0.000,-47.133,32.667,0.000,0.000,0.000,0.000,0.000,0.000,0.000,0.000,0.000,0.000,0.000,0.000,0.013,3.2,11.30,29.0,0.000,0.000,0.006,0.000,0.000,0.000,0.006,0.000,0.000,0.000,0.000,0.000,0.000,0.013,0.000,0.000,0.006,0.000
17.0075,170,0,move,-1,17.0075,17.0190,0,0.000,0.000,0.264,-0.176,-47.021,32.695,-0.264,-0.088,0.176,0.000,0.000,-0.088,-0.088,0.264,0.088,0.000,0.439,0.176,0.000,0.000,0.000,0.000,-47.133,32.667,0.000,0.000,0.000,0.000,0.000,0.000,0.000,0.000,0.000,0.000,0.000,0.000,0.013,3.2,11.30,29.0,0.000,0.000,0.006,0.000,0.000,0.000,0.006,0.000,0.000,0.000,0.000,0.000,0.000,0.013,0.000,0.000,0.006,0.000
17.1073,171,0,move,-1,17.1073,17.1188,0,0.000,0.000,0.264,-0.176,-47.021,32.695,-0.264,-0.088,0.176,0.000,0.000,-0.088,-0.088,0.264,0.088,0.000,0.439,0.176,0.000,0.000,0.000,0.000,-47.133,32.667,0.000,0.000,0.000,0.000,0.000,0.000,0.000,0.000,0.000,0.000,0.000,0.000,0.013,3.2,11.30,29.0,0.000,0.000,0.006,0.000,0.000,0.000,0.006,0.000,0.000,0.000,0.000,0.000,0.000,0.013,0.000,0.000,0.006,0.000
17.2074,172,0,move,-1,17.2074,17.2173,0,0.000,0.000,0.264,-0.176,-47.021,32.695,-0.264,-0.088,0.176,0.000,0.000,-0.088,-0.088,0.264,0.088,0.000,0.439,0.176,0.000,0.000,0.000,0.000,-47.133,32.667,0.000,0.000,0.000,0.000,0.000,0.000,0.000,0.000,0.000,0.000,0.000,0.000,0.013,3.2,11.30,29.0,0.000,0.000,0.006,0.000,0.000,0.000,0.006,0.000,0.000,0.000,0.000,0.000,0.000,0.013,0.000,0.000,0.006,0.000
17.3075,173,0,move,-1,17.3075,17.3182,0,0.000,0.000,0.264,-0.176,-47.021,32.695,-0.264,-0.088,0.176,0.000,0.000,-0.088,-0.088,0.264,0.088,0.000,0.439,0.176,0.000,0.000,0.000,0.000,-47.133,32.667,0.000,0.000,0.000,0.000,0.000,0.000,0.000,0.000,0.000,0.000,0.000,0.000,0.013,4.8,11.30,32.0,0.000,0.000,0.000,0.000,0.000,0.000,0.006,0.000,0.000,0.000,0.000,0.000,0.000,0.006,0.000,0.000,0.013,0.000
17.4075,174,0,move,-1,17.4075,17.4212,0,0.000,0.000,0.264,-0.176,-46.934,32.695,-0.264,-0.088,0.176,0.000,0.000,-0.088,-0.088,0.264,0.088,0.000,0.439,0.176,0.000,0.000,0.000,0.000,-47.133,32.667,0.000,0.000,0.000,0.000,0.000,0.000,0.000,0.000,0.000,0.000,0.000,0.000,0.006,2.4,11.30,32.0,0.000,0.000,0.000,0.006,0.006,0.000,0.000,0.000,0.000,0.000,0.000,0.000,0.000,0.006,0.000,0.000,0.006,0.000
17.5073,175,0,move,-1,17.5073,17.5129,0,0.000,0.000,0.264,-0.176,-46.934,32.695,-0.264,-0.088,0.176,0.000,0.000,-0.088,-0.088,0.264,0.088,0.000,0.439,0.176,0.000,0.000,0.000,0.000,-47.133,32.667,0.000,0.000,0.000,0.000,0.000,0.000,0.000,0.000,0.000,0.000,0.000,0.000,0.006,2.4,11.30,32.0,0.000,0.000,0.000,0.006,0.006,0.000,0.000,0.000,0.000,0.000,0.000,0.000,0.000,0.006,0.000,0.000,0.006,0.000
17.6075,176,0,move,-1,17.6075,17.6427,0,0.000,0.000,0.264,-0.176,-46.934,32.695,-0.264,-0.088,0.176,0.000,0.000,-0.088,-0.088,0.264,0.088,0.000,0.439,0.176,0.000,0.000,0.000,0.000,-47.133,32.667,0.000,0.000,0.000,0.000,0.000,0.000,0.000,0.000,0.000,0.000,0.000,0.000,0.013,4.8,11.30,32.0,0.000,0.000,0.000,0.006,0.006,0.000,0.006,0.000,0.000,0.000,0.000,0.000,0.000,0.006,0.000,0.000,0.013,0.006
17.7075,177,0,move,-1,17.7075,17.7170,0,0.000,0.000,0.264,-0.176,-46.846,32.695,-0.264,-0.088,0.176,0.000,0.000,-0.088,-0.088,0.264,0.088,0.000,0.439,0.176,0.000,0.000,0.000,0.000,-47.133,32.667,0.000,0.000,0.000,0.000,0.000,0.000,0.000,0.000,0.000,0.000,0.000,0.000,0.013,4.8,11.30,32.0,0.000,0.000,0.000,0.006,0.006,0.000,0.006,0.000,0.000,0.000,0.000,0.000,0.000,0.006,0.000,0.000,0.013,0.006
17.8075,178,0,move,-1,17.8075,17.8176,0,0.000,0.000,0.264,-0.176,-46.846,32.695,-0.264,-0.088,0.176,0.000,0.000,-0.088,-0.088,0.264,0.088,0.000,0.439,0.176,0.000,0.000,0.000,0.000,-47.133,32.667,0.000,0.000,0.000,0.000,0.000,0.000,0.000,0.000,0.000,0.000,0.000,0.000,0.006,3.2,11.30,33.0,0.000,0.000,0.006,0.000,0.006,0.000,0.006,0.000,0.000,0.000,0.000,0.000,0.000,0.006,0.000,0.000,0.006,0.000
17.9073,179,0,move,-1,17.9073,17.9183,0,0.000,0.000,0.264,-0.176,-46.846,32.695,-0.264,-0.088,0.176,0.000,0.000,-0.088,-0.088,0.264,0.088,0.000,0.439,0.176,0.000,0.000,0.000,0.000,-47.133,32.667,0.000,0.000,0.000,0.000,0.000,0.000,0.000,0.000,0.000,0.000,0.000,0.000,0.013,4.8,11.30,32.0,0.000,0.000,0.006,0.000,0.006,0.000,0.006,0.000,0.000,0.000,0.000,0.000,0.000,0.006,0.000,0.000,0.013,0.006
18.0075,180,0,move,-1,18.0075,18.0215,0,0.000,0.000,0.264,-0.176,-46.846,32.695,-0.264,-0.088,0.176,0.000,0.000,-0.088,-0.088,0.264,0.088,0.000,0.439,0.176,0.000,0.000,0.000,0.000,-47.033,32.619,0.000,0.000,0.000,0.000,0.000,0.000,0.000,0.000,0.000,0.000,0.000,0.000,0.013,3.2,11.30,29.0,0.000,0.000,0.000,0.000,0.006,0.000,0.000,0.000,0.000,0.000,0.000,0.000,0.000,0.013,0.000,0.000,0.013,0.000
18.1075,181,0,move,-1,18.1075,18.1173,0,0.000,0.000,0.264,-0.176,-46.846,32.695,-0.264,-0.088,0.176,0.000,0.000,-0.088,-0.088,0.264,0.088,0.000,0.439,0.176,0.000,0.000,0.000,0.000,-46.742,32.477,0.000,0.000,0.000,0.000,0.000,0.000,0.000,0.000,0.000,0.000,0.000,0.000,0.013,3.2,11.30,29.0,0.000,0.000,0.000,0.000,0.006,0.000,0.000,0.000,0.000,0.000,0.000,0.000,0.000,0.013,0.000,0.000,0.013,0.000
18.2074,182,0,move,-1,18.2074,18.2177,0,0.000,0.000,0.264,-0.176,-46.846,32.695,-0.264,-0.088,0.176,0.000,0.000,-0.088,-0.088,0.264,0.088,0.000,0.439,0.176,0.000,0.000,0.000,0.000,-46.288,32.255,0.000,0.000,0.000,0.000,0.000,0.000,0.000,0.000,0.000,0.000,0.000,0.000,0.013,3.2,11.30,29.0,0.000,0.000,0.006,0.006,0.000,0.006,0.006,0.000,0.000,0.000,0.000,0.000,0.000,0.013,0.000,0.000,0.006,0.006
18.3090,183,0,move,-1,18.3090,18.3187,0,0.000,0.000,0.264,-0.176,-46.846,32.432,-0.264,-0.088,0.176,0.000,0.000,-0.088,-0.088,0.264,0.088,0.000,0.439,0.176,0.000,0.000,0.000,0.000,-45.712,31.972,0.000,0.000,0.000,0.000,0.000,0.000,0.000,0.000,0.000,0.000,0.000,0.000,0.013,3.6,11.20,32.0,0.000,0.000,0.000,0.000,0.000,0.013,0.006,0.000,0.000,0.000,0.000,0.000,0.000,0.013,0.000,0.000,0.006,0.000
18.4075,184,0,move,-1,18.4075,18.4170,0,0.000,0.000,0.264,-0.176,-46.406,32.080,-0.264,-0.088,0.176,0.000,0.000,-0.088,-0.088,0.264,0.088,0.000,0.439,0.176,0.000,0.000,0.000,0.000,-45.069,31.653,0.000,0.000,0.000,0.000,0.000,0.000,0.000,0.000,0.000,0.000,0.000,0.000,0.013,3.6,11.20,32.0,0.000,0.000,0.000,0.000,0.000,0.013,0.006,0.000,0.000,0.000,0.000,0.000,0.000,0.013,0.000,0.000,0.006,0.000
18.5075,185,0,move,-1,18.5075,18.5187,0,0.000,0.000,0.264,-0.176,-45.703,31.729,-0.264,-0.088,0.176,0.000,0.000,-0.088,-0.088,0.264,0.088,0.000,0.439,0.176,0.000,0.000,0.000,0.000,-44.421,31.329,0.000,0.000,0.000,0.000,0.000,0.000,0.000,0.000,0.000,0.000,0.000,0.000,0.006,3.2,11.30,33.0,0.000,0.000,0.006,0.000,0.006,0.006,0.006,0.000,0.000,0.000,0.000,0.000,0.000,0.006,0.000,0.000,0.006,0.000
18.6075,186,0,move,-1,18.6075,18.6195,0,0.000,0.000,0.264,-0.176,-45.000,31.377,-0.264,-0.088,0.176,0.000,0.000,-0.088,-0.088,0.264,0.088,0.000,0.439,0.176,0.000,0.000,0.000,0.000,-43.833,31.033,0.000,0.000,0.000,0.000,0.000,0.000,0.000,0.000,0.000,0.000,0.000,0.000,0.013,3.2,11.30,29.0,0.000,0.000,0.000,0.006,0.006,0.006,0.000,0.000,0.000,0.000,0.000,0.000,0.000,0.013,0.000,0.000,0.006,0.000
18.7110,187,0,move,-1,18.7110,18.7215,0,0.000,0.000,0.264,-0.176,-44.385,31.113,-0.264,-0.088,0.176,0.000,0.000,-0.088,-0.088,0.264,0.088,0.000,0.439,0.176,0.000,0.000,0.000,0.000,-43.362,30.795,0.000,0.000,0.000,0.000,0.000,0.000,0.000,0.000,0.000,0.000,0.000,0.000,0.006,2.4,11.30,32.0,0.000,0.000,0.000,0.006,0.006,0.000,0.006,0.000,0.006,0.000,0.000,0.000,0.000,0.006,0.000,0.000,0.006,0.000
18.8075,188,0,move,-1,18.8075,18.8174,0,0.000,0.000,0.264,-0.176,-43.770,30.850,-0.264,-0.088,0.176,0.000,0.000,-0.088,-0.088,0.264,0.088,0.000,0.439,0.176,0.000,0.000,0.000,0.000,-43.059,30.640,0.000,0.000,0.000,0.000,0.000,0.000,0.000,0.000,0.000,0.000,0.000,0.000,0.006,2.4,11.30,32.0,0.000,0.000,0.000,0.006,0.006,0.000,0.006,0.000,0.006,0.000,0.000,0.000,0.000,0.006,0.000,0.000,0.006,0.000
18.9074,189,0,move,-1,18.9074,18.9186,0,0.000,0.000,0.264,-0.176,-43.330,30.850,-0.264,-0.088,0.176,0.000,0.000,-0.088,-0.088,0.264,0.088,0.000,0.439,0.176,0.000,0.000,0.000,0.000,-42.955,30.587,0.000,0.000,0.000,0.000,0.000,0.000,0.000,0.000,0.000,0.000,0.000,0.000,0.013,5.6,11.30,31.0,0.000,0.000,0.000,0.006,0.013,0.000,0.006,0.000,0.000,0.000,0.000,0.000,0.000,0.006,0.000,0.000,0.013,0.000
19.0075,190,0,move,-1,19.0075,19.0190,0,0.000,0.000,0.264,-0.176,-43.154,30.674,-0.264,-0.088,0.176,0.000,0.000,-0.088,-0.088,0.264,0.088,0.000,0.439,0.176,0.000,0.000,0.000,0.000,-42.955,30.587,0.000,0.000,0.000,0.000,0.000,0.000,0.000,0.000,0.000,0.000,0.000,0.000,0.013,3.2,11.30,29.0,0.000,0.000,0.006,0.000,0.000,0.000,0.006,0.000,0.000,0.000,0.000,0.000,0.000,0.013,0.000,0.000,0.013,0.006
19.1073,191,0,move,-1,19.1073,19.1201,0,0.000,0.000,0.264,-0.176,-42.979,30.674,-0.264,-0.088,0.176,0.000,0.000,-0.088,-0.088,0.264,0.088,0.000,0.439,0.176,0.000,0.000,0.000,0.000,-42.955,30.587,0.000,0.000,0.000,0.000,0.000,0.000,0.000,0.000,0.000,0.000,0.000,0.000,0.013,3.2,11.30,29.0,0.000,0.000,0.006,0.000,0.000,0.000,0.006,0.000,0.000,0.000,0.000,0.000,0.000,0.013,0.000,0.000,0.006,0.000
19.2075,192,0,move,-1,19.2075,19.2186,0,0.000,0.000,0.264,-0.176,-42.803,30.674,-0.264,-0.088,0.176,0.000,0.000,-0.088,-0.088,0.264,0.088,0.000,0.439,0.176,0.000,0.000,0.000,0.000,-42.955,30.587,0.000,0.000,0.000,0.000,0.000,0.000,0.000,0.000,0.000,0.000,0.000,0.000,0.013,3.2,11.30,29.0,0.000,0.000,0.006,0.000,0.000,0.000,0.006,0.000,0.000,0.000,0.000,0.000,0.000,0.013,0.000,0.000,0.006,0.000
19.3075,193,0,move,-1,19.3075,19.3419,0,0.000,0.000,0.264,-0.176,-42.715,30.674,-0.264,-0.088,0.176,0.000,0.000,-0.088,-0.088,0.264,0.088,0.000,0.439,0.176,0.000,0.000,0.000,0.000,-42.955,30.587,0.000,0.000,0.000,0.000,0.000,0.000,0.000,0.000,0.000,0.000,0.000,0.000,0.013,3.2,11.30,29.0,0.000,0.000,0.006,0.000,0.006,0.000,0.006,0.000,0.000,0.000,0.000,0.000,0.000,0.013,0.000,0.000,0.006,0.000
19.4075,194,0,move,-1,19.4075,19.4189,0,0.000,0.000,0.264,-0.176,-42.715,30.674,-0.264,-0.088,0.176,0.000,0.000,-0.088,-0.088,0.264,0.088,0.000,0.439,0.176,0.000,0.000,0.000,0.000,-42.955,30.587,0.000,0.000,0.000,0.000,0.000,0.000,0.000,0.000,0.000,0.000,0.000,0.000,0.013,3.2,11.30,29.0,0.000,0.000,0.006,0.000,0.006,0.000,0.006,0.000,0.000,0.000,0.000,0.000,0.000,0.013,0.000,0.000,0.006,0.000
19.5075,195,0,move,-1,19.5075,19.5210,0,0.000,0.000,0.264,-0.176,-42.715,30.674,-0.264,-0.088,0.176,0.000,0.000,-0.088,-0.088,0.264,0.088,0.000,0.439,0.176,0.000,0.000,0.000,0.000,-42.955,30.587,0.000,0.000,0.000,0.000,0.000,0.000,0.000,0.000,0.000,0.000,0.000,0.000,0.006,3.2,11.30,33.0,0.000,0.000,0.006,0.000,0.006,0.000,0.000,0.000,0.000,0.000,0.000,0.000,0.000,0.006,0.000,0.000,0.006,0.006
19.6075,196,0,move,-1,19.6075,19.6224,0,0.000,0.000,0.264,-0.176,-42.627,30.674,-0.264,-0.088,0.176,0.000,0.000,-0.088,-0.088,0.264,0.088,0.000,0.439,0.176,0.000,0.000,0.000,0.000,-42.955,30.587,0.000,0.000,0.000,0.000,0.000,0.000,0.000,0.000,0.000,0.000,0.000,0.000,0.006,2.4,11.30,32.0,0.000,0.000,0.000,0.006,0.006,0.000,0.006,0.000,0.000,0.000,0.000,0.000,0.000,0.006,0.000,0.000,0.006,0.000
19.7147,197,0,move,-1,19.7147,19.7241,0,0.000,0.000,0.264,-0.176,-42.627,30.674,-0.264,-0.088,0.176,0.000,0.000,-0.088,-0.088,0.264,0.088,0.000,0.439,0.176,0.000,0.000,0.000,0.000,-42.955,30.587,0.000,0.000,0.000,0.000,0.000,0.000,0.000,0.000,0.000,0.000,0.000,0.000,0.006,3.2,11.30,32.0,0.000,0.000,0.000,0.000,0.000,0.000,0.006,0.000,0.000,0.000,0.000,0.000,0.000,0.006,0.000,0.000,0.006,0.000
19.8076,198,0,move,-1,19.8076,19.8202,0,0.000,0.000,0.264,-0.176,-42.627,30.674,-0.264,-0.088,0.176,0.000,0.000,-0.088,-0.088,0.264,0.088,0.000,0.439,0.176,0.000,0.000,0.000,0.000,-42.955,30.587,0.000,0.000,0.000,0.000,0.000,0.000,0.000,0.000,0.000,0.000,0.000,0.000,0.006,3.2,11.30,32.0,0.000,0.000,0.000,0.000,0.000,0.000,0.006,0.000,0.000,0.000,0.000,0.000,0.000,0.006,0.000,0.000,0.006,0.000
19.9073,199,0,move,-1,19.9073,19.9281,0,0.000,0.000,0.264,-0.176,-42.627,30.674,-0.264,-0.088,0.176,0.000,0.000,-0.088,-0.088,0.264,0.088,0.000,0.439,0.176,0.000,0.000,0.000,0.000,-42.955,30.587,0.000,0.000,0.000,0.000,0.000,0.000,0.000,0.000,0.000,0.000,0.000,0.000,0.006,2.4,11.30,29.0,0.000,0.000,0.000,0.000,0.000,0.000,0.000,0.000,0.000,0.000,0.000,0.000,0.000,0.006,0.000,0.000,0.000,0.006
20.0075,200,0,move,-1,20.0075,20.0193,0,0.000,0.000,0.264,-0.176,-42.627,30.674,-0.264,-0.088,0.176,0.000,0.000,-0.088,-0.088,0.264,0.088,0.000,0.439,0.176,0.000,0.000,0.000,0.000,-42.955,30.587,0.000,0.000,0.000,0.000,0.000,0.000,0.000,0.000,0.000,0.000,0.000,0.000,0.006,2.4,11.30,29.0,0.000,0.000,0.000,0.000,0.000,0.000,0.000,0.000,0.000,0.000,0.000,0.000,0.000,0.006,0.000,0.000,0.000,0.006
20.1075,201,0,move,-1,20.1075,20.1175,0,0.000,0.000,0.264,-0.176,-42.627,30.674,-0.264,-0.088,0.176,0.000,0.000,-0.088,-0.088,0.264,0.088,0.000,0.439,0.176,0.000,0.000,0.000,0.000,-42.955,30.587,0.000,0.000,0.000,0.000,0.000,0.000,0.000,0.000,0.000,0.000,0.000,0.000,0.013,4.8,11.30,32.0,0.000,0.000,0.000,0.006,0.006,0.000,0.006,0.000,0.006,0.000,0.000,0.000,0.000,0.006,0.000,0.000,0.013,0.000
20.2126,202,0,move,-1,20.2126,20.2365,0,0.000,0.000,0.264,-0.176,-42.627,30.674,-0.264,-0.088,0.176,0.000,0.000,-0.088,-0.088,0.264,0.088,0.000,0.439,0.176,0.000,0.000,0.000,0.000,-42.955,30.587,0.000,0.000,0.000,0.000,0.000,0.000,0.000,0.000,0.000,0.000,0.000,0.000,0.006,4.0,11.30,32.0,0.000,0.000,0.000,0.000,0.006,0.000,0.006,0.000,0.000,0.000,0.000,0.000,0.000,0.006,0.000,0.000,0.006,0.000
20.3075,203,0,move,-1,20.3075,20.3195,0,0.000,0.000,0.264,-0.176,-42.627,30.674,-0.264,-0.088,0.176,0.000,0.000,-0.088,-0.088,0.264,0.088,0.000,0.439,0.176,0.000,0.000,0.000,0.000,-42.955,30.587,0.000,0.000,0.000,0.000,0.000,0.000,0.000,0.000,0.000,0.000,0.000,0.000,0.006,4.0,11.30,32.0,0.000,0.000,0.000,0.000,0.006,0.000,0.006,0.000,0.000,0.000,0.000,0.000,0.000,0.006,0.000,0.000,0.006,0.000
20.4075,204,0,move,-1,20.4075,20.4178,0,0.000,0.000,0.264,-0.176,-42.627,30.674,-0.264,-0.088,0.176,0.000,0.000,-0.088,-0.088,0.264,0.088,0.000,0.439,0.176,0.000,0.000,0.000,0.000,-42.955,30.587,0.000,0.000,0.000,0.000,0.000,0.000,0.000,0.000,0.000,0.000,0.000,0.000,0.013,3.2,11.30,29.0,0.000,0.000,0.000,0.006,0.006,0.000,0.006,0.000,0.000,0.000,0.000,0.000,0.000,0.013,0.000,0.000,0.006,0.000
20.5076,205,0,move,-1,20.5076,20.5193,0,0.000,0.000,0.264,-0.176,-42.627,30.674,-0.264,-0.088,0.176,0.000,0.000,-0.088,-0.088,0.264,0.088,0.000,0.439,0.176,0.000,0.000,0.000,0.000,-42.955,30.587,0.000,0.000,0.000,0.000,0.000,0.000,0.000,0.000,0.000,0.000,0.000,0.000,0.013,3.2,11.30,29.0,0.000,0.000,0.000,0.006,0.006,0.000,0.006,0.000,0.000,0.000,0.000,0.000,0.000,0.013,0.000,0.000,0.013,0.006
20.6075,206,0,move,-1,20.6075,20.6223,0,0.000,0.000,0.264,-0.176,-42.627,30.674,-0.264,-0.088,0.176,0.000,0.000,-0.088,-0.088,0.264,0.088,0.000,0.439,0.176,0.000,0.000,0.000,0.000,-42.955,30.587,0.000,0.000,0.000,0.000,0.000,0.000,0.000,0.000,0.000,0.000,0.000,0.000,0.006,2.4,11.30,32.0,0.000,0.000,0.000,0.006,0.006,0.000,0.006,0.000,0.000,0.000,0.000,0.000,0.000,0.006,0.000,0.000,0.006,0.000
20.7075,207,0,move,-1,20.7075,20.7198,0,0.000,0.000,0.264,-0.176,-42.627,30.674,-0.264,-0.088,0.176,0.000,0.000,-0.088,-0.088,0.264,0.088,0.000,0.439,0.176,0.000,0.000,0.000,0.000,-42.955,30.587,0.000,0.000,0.000,0.000,0.000,0.000,0.000,0.000,0.000,0.000,0.000,0.000,0.006,2.4,11.30,32.0,0.000,0.000,0.000,0.006,0.006,0.000,0.006,0.000,0.000,0.000,0.000,0.000,0.000,0.006,0.000,0.000,0.006,0.000
20.8075,208,0,move,-1,20.8075,20.8207,0,0.000,0.000,0.264,-0.176,-42.627,30.674,-0.264,-0.088,0.176,0.000,0.000,-0.088,-0.088,0.264,0.088,0.000,0.439,0.176,0.000,0.000,0.000,0.000,-42.955,30.587,0.000,0.000,0.000,0.000,0.000,0.000,0.000,0.000,0.000,0.000,0.000,0.000,0.013,3.2,11.30,29.0,0.000,0.000,0.006,0.000,0.006,0.000,0.006,0.000,0.000,0.000,0.000,0.000,0.000,0.013,0.000,0.000,0.006,0.000
20.9078,209,0,move,-1,20.9078,20.9228,0,0.000,0.000,0.264,-0.176,-42.627,30.674,-0.264,-0.088,0.176,0.000,0.000,-0.088,-0.088,0.264,0.088,0.000,0.439,0.176,0.000,0.000,0.000,0.000,-42.955,30.587,0.000,0.000,0.000,0.000,0.000,0.000,0.000,0.000,0.000,0.000,0.000,0.000,0.006,3.2,11.30,33.0,0.000,0.000,0.006,0.006,0.006,0.000,0.006,0.000,0.006,0.000,0.000,0.000,0.000,0.006,0.000,0.000,0.006,0.000
21.0075,210,0,move,-1,21.0075,21.0188,0,0.000,0.000,0.264,-0.176,-42.627,30.674,-0.264,-0.088,0.176,0.000,0.000,-0.088,-0.088,0.264,0.088,0.000,0.439,0.176,0.000,0.000,0.000,0.000,-42.955,30.587,0.000,0.000,0.000,0.000,0.000,0.000,0.000,0.000,0.000,0.000,0.000,0.000,0.006,3.2,11.30,33.0,0.000,0.000,0.006,0.006,0.006,0.000,0.006,0.000,0.006,0.000,0.000,0.000,0.000,0.006,0.000,0.000,0.006,0.000
21.1075,211,0,move,-1,21.1075,21.1176,0,0.000,0.000,0.264,-0.176,-42.627,30.674,-0.264,-0.088,0.176,0.000,0.000,-0.088,-0.088,0.264,0.088,0.000,0.439,0.176,0.000,0.000,0.000,0.000,-42.955,30.587,0.000,0.000,0.000,0.000,0.000,0.000,0.000,0.000,0.000,0.000,0.000,0.000,0.006,4.0,11.30,31.0,0.000,0.000,0.000,0.000,0.006,0.000,0.000,0.000,0.000,0.000,0.000,0.000,0.000,0.006,0.000,0.000,0.006,0.000
21.2075,212,0,move,-1,21.2075,21.2191,0,0.000,0.000,0.264,-0.176,-42.627,30.674,-0.264,-0.088,0.176,0.000,0.000,-0.088,-0.088,0.264,0.088,0.000,0.439,0.176,0.000,0.000,0.000,0.000,-42.955,30.587,0.000,0.000,0.000,0.000,0.000,0.000,0.000,0.000,0.000,0.000,0.000,0.000,0.006,4.0,11.30,31.0,0.000,0.000,0.000,0.000,0.006,0.000,0.000,0.000,0.000,0.000,0.000,0.000,0.000,0.006,0.000,0.000,0.006,0.000
21.3075,213,0,move,-1,21.3075,21.3190,0,0.000,0.000,0.264,-0.176,-42.627,30.674,-0.264,-0.088,0.176,0.000,0.000,-0.088,-0.088,0.264,0.088,0.000,0.439,0.176,0.000,0.000,0.000,0.000,-42.955,30.587,0.000,0.000,0.000,0.000,0.000,0.000,0.000,0.000,0.000,0.000,0.000,0.000,0.006,4.0,11.30,31.0,0.000,0.000,0.000,0.000,0.006,0.000,0.000,0.000,0.000,0.000,0.000,0.000,0.000,0.006,0.000,0.000,0.006,0.000
21.4075,214,0,move,-1,21.4075,21.4192,0,0.000,0.000,0.264,-0.176,-42.627,30.674,-0.264,-0.088,0.176,0.000,0.000,-0.088,-0.088,0.264,0.088,0.000,0.439,0.176,0.000,0.000,0.000,0.000,-42.955,30.587,0.000,0.000,0.000,0.000,0.000,0.000,0.000,0.000,0.000,0.000,0.000,0.000,0.013,3.2,11.30,29.0,0.000,0.000,0.000,0.006,0.006,0.000,0.000,0.000,0.000,0.000,0.000,0.000,0.000,0.013,0.000,0.000,0.006,0.000
21.5075,215,0,move,-1,21.5075,21.5188,0,0.000,0.000,0.264,-0.176,-42.627,30.674,-0.264,-0.088,0.176,0.000,0.000,-0.088,-0.088,0.264,0.088,0.000,0.439,0.176,0.000,0.000,0.000,0.000,-42.955,30.587,0.000,0.000,0.000,0.000,0.000,0.000,0.000,0.000,0.000,0.000,0.000,0.000,0.013,3.2,11.30,29.0,0.000,0.000,0.000,0.006,0.006,0.000,0.000,0.000,0.000,0.000,0.000,0.000,0.000,0.013,0.000,0.000,0.006,0.000
21.6075,216,0,move,-1,21.6075,21.6173,0,0.000,0.000,0.264,-0.176,-42.627,30.674,-0.264,-0.088,0.176,0.000,0.000,-0.088,-0.088,0.264,0.088,0.000,0.439,0.176,0.000,0.000,0.000,0.000,-42.955,30.587,0.000,0.000,0.000,0.000,0.000,0.000,0.000,0.000,0.000,0.000,0.000,0.000,0.006,4.0,11.30,32.0,0.000,0.000,0.000,0.000,0.006,0.000,0.006,0.000,0.000,0.000,0.000,0.000,0.000,0.006,0.000,0.000,0.006,0.000
21.7075,217,0,move,-1,21.7075,21.7186,0,0.000,0.000,0.264,-0.176,-42.627,30.674,-0.264,-0.088,0.176,0.000,0.000,-0.088,-0.088,0.264,0.088,0.000,0.439,0.176,0.000,0.000,0.000,0.000,-42.955,30.587,0.000,0.000,0.000,0.000,0.000,0.000,0.000,0.000,0.000,0.000,0.000,0.000,0.013,3.2,11.30,29.0,0.000,0.000,0.000,0.000,0.006,0.000,0.000,0.000,0.000,0.000,0.000,0.000,0.006,0.013,0.000,0.000,0.006,0.000
21.8074,218,0,move,-1,21.8074,21.8215,0,0.000,0.000,0.264,-0.176,-42.627,30.674,-0.264,-0.088,0.176,0.000,0.000,-0.088,-0.088,0.264,0.088,0.000,0.439,0.176,0.000,0.000,0.000,0.000,-42.955,30.587,0.000,0.000,0.000,0.000,0.000,0.000,0.000,0.000,0.000,0.000,0.000,0.000,0.013,3.2,11.30,29.0,0.000,0.000,0.000,0.006,0.006,0.000,0.006,0.000,0.006,0.000,0.000,0.000,0.000,0.013,0.000,0.000,0.006,0.000
21.9073,219,0,move,-1,21.9073,21.9206,0,0.000,0.000,0.264,-0.176,-42.627,30.674,-0.264,-0.088,0.176,0.000,0.000,-0.088,-0.088,0.264,0.088,0.000,0.439,0.176,0.000,0.000,0.000,0.000,-42.955,30.587,0.000,0.000,0.000,0.000,0.000,0.000,0.000,0.000,0.000,0.000,0.000,0.000,0.013,3.2,11.30,29.0,0.000,0.000,0.000,0.006,0.006,0.000,0.006,0.000,0.006,0.000,0.000,0.000,0.000,0.013,0.000,0.000,0.006,0.000
22.0075,220,0,move,-1,22.0075,22.0179,0,0.000,0.000,0.264,-0.176,-42.627,30.674,-0.264,-0.088,0.176,0.000,0.000,-0.088,-0.088,0.264,0.088,0.000,0.439,0.176,0.000,0.000,0.000,0.000,-43.059,30.640,0.000,0.000,0.000,0.000,0.000,0.000,0.000,0.000,0.000,0.000,0.000,0.000,0.013,3.6,11.30,29.0,0.000,0.000,0.000,0.000,0.000,0.000,0.000,0.000,0.000,0.000,0.000,0.000,0.000,0.013,0.000,0.000,0.006,0.000
22.1075,221,0,move,-1,22.1075,22.1178,0,0.000,0.000,0.264,-0.176,-42.627,30.674,-0.264,-0.088,0.176,0.000,0.000,-0.088,-0.088,0.264,0.088,0.000,0.439,0.176,0.000,0.000,0.000,0.000,-43.362,30.795,0.000,0.000,0.000,0.000,0.000,0.000,0.000,0.000,0.000,0.000,0.000,0.000,0.013,3.6,11.30,29.0,0.000,0.000,0.000,0.000,0.000,0.000,0.000,0.000,0.000,0.000,0.000,0.000,0.000,0.013,0.000,0.000,0.006,0.000
22.2075,222,0,move,-1,22.2075,22.2178,0,0.000,0.000,0.264,-0.176,-42.715,30.674,-0.264,-0.088,0.176,0.000,0.000,-0.088,-0.088,0.264,0.088,0.000,0.439,0.176,0.000,0.000,0.000,0.000,-43.833,31.033,0.000,0.000,0.000,0.000,0.000,0.000,0.000,0.000,0.000,0.000,0.000,0.000,0.013,3.2,11.30,29.0,0.000,0.000,0.000,0.000,0.006,0.000,0.006,0.000,0.000,0.000,0.000,0.000,0.000,0.013,0.000,0.000,0.006,0.006
22.3073,223,0,move,-1,22.3073,22.3198,0,0.000,0.000,0.264,-0.176,-43.066,30.938,-0.264,-0.088,0.176,0.000,0.000,-0.088,-0.088,0.264,0.088,0.000,0.439,0.176,0.000,0.000,0.000,0.000,-44.421,31.329,0.000,0.000,0.000,0.000,0.000,0.000,0.000,0.000,0.000,0.000,0.000,0.000,0.026,10.0,11.30,31.0,0.000,0.000,0.000,0.000,0.026,0.006,0.006,0.000,0.000,0.000,0.000,0.000,0.000,0.013,0.000,0.000,0.006,0.000
22.4075,224,0,move,-1,22.4075,22.4186,0,0.000,0.000,0.264,-0.176,-43.066,31.201,-0.264,-0.088,0.176,0.000,0.000,-0.088,-0.088,0.264,0.088,0.000,0.439,0.176,0.000,0.000,0.000,0.000,-45.069,31.653,0.000,0.000,0.000,0.000,0.000,0.000,0.000,0.000,0.000,0.000,0.000,0.000,0.026,10.0,11.30,31.0,0.000,0.000,0.000,0.000,0.026,0.006,0.006,0.000,0.000,0.000,0.000,0.000,0.000,0.013,0.000,0.000,0.006,0.000
22.5076,225,0,move,-1,22.5076,22.5291,0,0.000,0.000,0.264,-0.176,-44.033,31.553,-0.264,-0.088,0.176,0.000,0.000,-0.088,-0.088,0.264,0.088,0.000,0.439,0.176,0.000,0.000,0.000,0.000,-45.712,31.972,0.000,0.000,0.000,0.000,0.000,0.000,0.000,0.000,0.000,0.000,0.000,0.000,0.019,10.4,11.30,31.0,0.000,0.000,0.000,0.000,0.019,0.006,0.006,0.000,0.006,0.000,0.000,0.000,0.000,0.006,0.000,0.000,0.013,0.000
22.6075,226,0,move,-1,22.6075,22.6194,0,0.000,0.000,0.264,-0.176,-44.648,31.904,-0.264,-0.088,0.176,0.000,0.000,-0.088,-0.088,0.264,0.088,0.000,0.439,0.176,0.000,0.000,0.000,0.000,-46.288,32.255,0.000,0.000,0.000,0.000,0.000,0.000,0.000,0.000,0.000,0.000,0.000,0.000,0.019,10.4,11.30,31.0,0.000,0.000,0.000,0.000,0.019,0.006,0.006,0.000,0.006,0.000,0.000,0.000,0.000,0.006,0.000,0.000,0.013,0.000
22.7075,227,0,move,-1,22.7075,22.7181,0,0.000,0.000,0.264,-0.176,-45.439,32.168,-0.264,-0.088,0.176,0.000,0.000,-0.088,-0.088,0.264,0.088,0.000,0.439,0.176,0.000,0.000,0.000,0.000,-46.742,32.477,0.000,0.000,0.000,0.000,0.000,0.000,0.000,0.000,0.000,0.000,0.000,0.000,0.019,8.4,11.30,31.0,0.000,0.000,0.006,0.006,0.019,0.006,0.006,0.000,0.000,0.000,0.000,0.000,0.000,0.006,0.000,0.000,0.006,0.000
22.8075,228,0,move,-1,22.8075,22.8204,0,0.000,0.000,0.264,-0.176,-45.967,32.520,-0.264,-0.088,0.176,0.000,0.000,-0.088,-0.088,0.264,0.088,0.000,0.439,0.176,0.000,0.000,0.000,0.000,-47.033,32.619,0.000,0.000,0.000,0.000,0.000,0.000,0.000,0.000,0.000,0.000,0.000,0.000,0.013,7.6,11.30,31.0,0.000,0.000,0.006,0.006,0.013,0.000,0.000,0.000,0.000,0.000,0.000,0.000,0.000,0.013,0.000,0.000,0.013,0.000
22.9078,229,0,move,-1,22.9078,22.9234,0,0.000,0.000,0.264,-0.176,-46.318,32.520,-0.264,-0.088,0.176,0.000,0.000,-0.088,-0.088,0.264,0.088,0.000,0.439,0.176,0.000,0.000,0.000,0.000,-47.133,32.667,0.000,0.000,0.000,0.000,0.000,0.000,0.000,0.000,0.000,0.000,0.000,0.000,0.013,7.6,11.30,31.0,0.000,0.000,0.006,0.006,0.013,0.000,0.000,0.000,0.000,0.000,0.000,0.000,0.000,0.013,0.000,0.000,0.013,0.000
23.0075,230,0,move,-1,23.0075,23.0179,0,0.000,0.000,0.264,-0.176,-46.494,32.695,-0.264,-0.088,0.176,0.000,0.000,-0.088,-0.088,0.264,0.088,0.000,0.439,0.176,0.000,0.000,0.000,0.000,-47.133,32.667,0.000,0.000,0.000,0.000,0.000,0.000,0.000,0.000,0.000,0.000,0.000,0.000,0.013,7.6,11.30,31.0,0.000,0.000,0.006,0.006,0.013,0.000,0.000,0.000,0.000,0.000,0.000,0.000,0.000,0.013,0.000,0.000,0.013,0.000
23.1162,231,0,move,-1,23.1162,23.1286,0,0.000,0.000,0.264,-0.176,-46.494,32.607,-0.264,-0.088,0.176,0.000,0.000,-0.088,-0.088,0.264,0.088,0.000,0.439,0.176,0.000,0.000,0.000,0.000,-47.133,32.667,0.000,0.000,0.000,0.000,0.000,0.000,0.000,0.000,0.000,0.000,0.000,0.000,0.013,6.4,11.30,31.0,0.000,0.000,0.000,0.000,0.013,0.000,0.006,0.000,0.000,0.000,0.000,0.000,0.000,0.006,0.000,0.000,0.006,0.000
23.2075,232,0,move,-1,23.2075,23.2186,0,0.000,0.000,0.264,-0.176,-46.494,32.607,-0.264,-0.088,0.176,0.000,0.000,-0.088,-0.088,0.264,0.088,0.000,0.439,0.176,0.000,0.000,0.000,0.000,-47.133,32.667,0.000,0.000,0.000,0.000,0.000,0.000,0.000,0.000,0.000,0.000,0.000,0.000,0.013,6.4,11.30,31.0,0.000,0.000,0.000,0.000,0.013,0.000,0.006,0.000,0.000,0.000,0.000,0.000,0.000,0.006,0.000,0.000,0.006,0.000
23.3075,233,0,move,-1,23.3075,23.3192,0,0.000,0.000,0.264,-0.176,-46.494,32.607,-0.264,-0.088,0.176,0.000,0.000,-0.088,-0.088,0.264,0.088,0.000,0.439,0.176,0.000,0.000,0.000,0.000,-47.133,32.667,0.000,0.000,0.000,0.000,0.000,0.000,0.000,0.000,0.000,0.000,0.000,0.000,0.013,6.4,11.30,31.0,0.000,0.000,0.006,0.006,0.013,0.000,0.006,0.000,0.000,0.000,0.000,0.000,0.000,0.013,0.000,0.000,0.006,0.000
23.4075,234,0,move,-1,23.4075,23.4178,0,0.000,0.000,0.264,-0.176,-46.494,32.607,-0.264,-0.088,0.176,0.000,0.000,-0.088,-0.088,0.264,0.088,0.000,0.439,0.176,0.000,0.000,0.000,0.000,-47.133,32.667,0.000,0.000,0.000,0.000,0.000,0.000,0.000,0.000,0.000,0.000,0.000,0.000,0.013,6.4,11.30,31.0,0.000,0.000,0.006,0.006,0.013,0.000,0.006,0.000,0.000,0.000,0.000,0.000,0.000,0.013,0.000,0.000,0.006,0.000
23.5098,235,0,move,-1,23.5098,23.5192,0,0.000,0.000,0.264,-0.176,-46.494,32.607,-0.264,-0.088,0.176,0.000,0.000,-0.088,-0.088,0.264,0.088,0.000,0.439,0.176,0.000,0.000,0.000,0.000,-47.133,32.667,0.000,0.000,0.000,0.000,0.000,0.000,0.000,0.000,0.000,0.000,0.000,0.000,0.013,6.4,11.30,32.0,0.000,0.000,0.006,0.000,0.013,0.000,0.006,0.000,0.006,0.000,0.000,0.000,0.000,0.013,0.000,0.006,0.006,0.006
23.6073,236,0,move,-1,23.6073,23.6179,0,0.000,0.000,0.264,-0.176,-46.494,32.607,-0.264,-0.088,0.176,0.000,0.000,-0.088,-0.088,0.264,0.088,0.000,0.439,0.176,0.000,0.000,0.000,0.000,-47.133,32.667,0.000,0.000,0.000,0.000,0.000,0.000,0.000,0.000,0.000,0.000,0.000,0.000,0.013,6.4,11.30,32.0,0.000,0.000,0.006,0.000,0.013,0.000,0.006,0.000,0.006,0.000,0.000,0.000,0.000,0.013,0.000,0.006,0.006,0.006
23.7075,237,0,move,-1,23.7075,23.7195,0,0.000,0.000,0.264,-0.176,-46.494,32.607,-0.264,-0.088,0.176,0.000,0.000,-0.088,-0.088,0.264,0.088,0.000,0.439,0.176,0.000,0.000,0.000,0.000,-47.133,32.667,0.000,0.000,0.000,0.000,0.000,0.000,0.000,0.000,0.000,0.000,0.000,0.000,0.013,6.4,11.30,31.0,0.000,0.000,0.006,0.000,0.013,0.000,0.006,0.000,0.006,0.000,0.000,0.000,0.000,0.013,0.000,0.000,0.013,0.000
23.8075,238,0,move,-1,23.8075,23.8180,0,0.000,0.000,0.264,-0.176,-46.494,32.607,-0.264,-0.088,0.176,0.000,0.000,-0.088,-0.088,0.264,0.088,0.000,0.439,0.176,0.000,0.000,0.000,0.000,-47.133,32.667,0.000,0.000,0.000,0.000,0.000,0.000,0.000,0.000,0.000,0.000,0.000,0.000,0.013,6.4,11.30,31.0,0.000,0.000,0.006,0.000,0.013,0.000,0.006,0.000,0.006,0.000,0.000,0.000,0.000,0.013,0.000,0.000,0.013,0.000
23.9074,239,0,move,-1,23.9074,23.9456,0,0.000,0.000,0.264,-0.176,-46.494,32.607,-0.264,-0.088,0.176,0.000,0.000,-0.088,-0.088,0.264,0.088,0.000,0.439,0.176,0.000,0.000,0.000,0.000,-47.133,32.667,0.000,0.000,0.000,0.000,0.000,0.000,0.000,0.000,0.000,0.000,0.000,0.000,0.006,3.2,11.30,33.0,0.000,0.000,0.006,0.006,0.006,0.000,0.006,0.000,0.000,0.000,0.000,0.000,0.000,0.006,0.000,0.000,0.006,0.006
24.0073,240,0,move,-1,24.0073,24.0185,0,0.000,0.000,0.264,-0.176,-46.494,32.607,-0.264,-0.088,0.176,0.000,0.000,-0.088,-0.088,0.264,0.088,0.000,0.439,0.176,0.000,0.000,0.000,0.000,-47.133,32.667,0.000,0.000,0.000,0.000,0.000,0.000,0.000,0.000,0.000,0.000,0.000,0.000,0.006,3.2,11.30,33.0,0.000,0.000,0.006,0.006,0.006,0.000,0.006,0.000,0.000,0.000,0.000,0.000,0.000,0.006,0.000,0.000,0.006,0.006
24.1074,241,0,move,-1,24.1074,24.1195,0,0.000,0.000,0.264,-0.176,-46.494,32.607,-0.264,-0.088,0.176,0.000,0.000,-0.088,-0.088,0.264,0.088,0.000,0.439,0.176,0.000,0.000,0.000,0.000,-47.133,32.667,0.000,0.000,0.000,0.000,0.000,0.000,0.000,0.000,0.000,0.000,0.000,0.000,0.013,6.4,11.30,32.0,0.000,0.000,0.006,0.000,0.013,0.000,0.000,0.000,0.000,0.000,0.000,0.000,0.000,0.013,0.000,0.000,0.006,0.006
24.2075,242,0,move,-1,24.2075,24.2177,0,0.000,0.000,0.264,-0.176,-46.494,32.607,-0.264,-0.088,0.176,0.000,0.000,-0.088,-0.088,0.264,0.088,0.000,0.439,0.176,0.000,0.000,0.000,0.000,-47.133,32.667,0.000,0.000,0.000,0.000,0.000,0.000,0.000,0.000,0.000,0.000,0.000,0.000,0.013,6.4,11.30,32.0,0.000,0.000,0.006,0.000,0.013,0.000,0.000,0.000,0.000,0.000,0.000,0.000,0.000,0.013,0.000,0.000,0.006,0.006
24.3074,243,0,move,-1,24.3074,24.3195,0,0.000,0.000,0.264,-0.176,-46.494,32.607,-0.264,-0.088,0.176,0.000,0.000,-0.088,-0.088,0.264,0.088,0.000,0.439,0.176,0.000,0.000,0.000,0.000,-47.133,32.667,0.000,0.000,0.000,0.000,0.000,0.000,0.000,0.000,0.000,0.000,0.000,0.000,0.013,6.4,11.30,32.0,0.000,0.000,0.000,0.000,0.013,0.000,0.006,0.000,0.000,0.000,0.000,0.000,0.000,0.006,0.000,0.000,0.006,0.000
24.4176,244,0,move,-1,24.4176,24.5030,0,0.000,0.000,0.264,-0.176,-46.494,32.607,-0.264,-0.088,0.176,0.000,0.000,-0.088,-0.088,0.264,0.088,0.000,0.439,0.176,0.000,0.000,0.000,0.000,-47.133,32.667,0.000,0.000,0.000,0.000,0.000,0.000,0.000,0.000,0.000,0.000,0.000,0.000,0.013,6.4,11.30,31.0,0.000,0.000,0.006,0.000,0.013,0.000,0.006,0.000,0.000,0.000,0.000,0.000,0.000,0.013,0.000,0.000,0.013,0.006
24.5187,245,0,move,-1,24.5187,24.5304,0,0.000,0.000,0.264,-0.176,-46.494,32.607,-0.264,-0.088,0.176,0.000,0.000,-0.088,-0.088,0.264,0.088,0.000,0.439,0.176,0.000,0.000,0.000,0.000,-47.133,32.667,0.000,0.000,0.000,0.000,0.000,0.000,0.000,0.000,0.000,0.000,0.000,0.000,0.013,6.4,11.30,31.0,0.000,0.000,0.006,0.000,0.013,0.000,0.006,0.000,0.000,0.000,0.000,0.000,0.000,0.013,0.000,0.000,0.013,0.006
24.6079,246,0,move,-1,24.6079,24.6216,0,0.000,0.000,0.264,-0.176,-46.494,32.607,-0.264,-0.088,0.176,0.000,0.000,-0.088,-0.088,0.264,0.088,0.000,0.439,0.176,0.000,0.000,0.000,0.000,-47.133,32.667,0.000,0.000,0.000,0.000,0.000,0.000,0.000,0.000,0.000,0.000,0.000,0.000,0.013,6.4,11.30,32.0,,0.000,0.006,0.000,0.013,0.000,0.006,0.000,0.000,0.000,0.000,0.000,0.000,0.006,0.000,0.000,0.006,0.006
24.7073,247,0,move,-1,24.7073,24.7177,0,0.000,0.000,0.264,-0.176,-46.494,32.607,-0.264,-0.088,0.176,0.000,0.000,-0.088,-0.088,0.264,0.088,0.000,0.439,0.176,0.000,0.000,0.000,0.000,-47.133,32.667,0.000,0.000,0.000,0.000,0.000,0.000,0.000,0.000,0.000,0.000,0.000,0.000,0.013,6.4,11.30,32.0,,0.000,0.006,0.000,0.013,0.000,0.006,0.000,0.000,0.000,0.000,0.000,0.000,0.006,0.000,0.000,0.006,0.006
24.8074,248,0,move,-1,24.8074,24.8178,0,0.000,0.000,0.264,-0.176,-46.494,32.607,-0.264,-0.088,0.176,0.000,0.000,-0.088,-0.088,0.264,0.088,0.000,0.439,0.176,0.000,0.000,0.000,0.000,-47.133,32.667,0.000,0.000,0.000,0.000,0.000,0.000,0.000,0.000,0.000,0.000,0.000,0.000,0.013,6.4,11.20,31.0,0.000,0.000,0.000,0.000,0.013,0.000,0.006,0.000,0.000,0.000,0.000,0.000,0.000,0.006,0.000,0.000,0.006,0.000
24.9075,249,0,move,-1,24.9075,24.9210,0,0.000,0.000,0.264,-0.176,-46.494,32.607,-0.264,-0.088,0.176,0.000,0.000,-0.088,-0.088,0.264,0.088,0.000,0.439,0.176,0.000,0.000,0.000,0.000,-47.133,32.667,0.000,0.000,0.000,0.000,0.000,0.000,0.000,0.000,0.000,0.000,0.000,0.000,0.013,6.4,11.30,31.0,0.000,0.000,0.006,0.000,0.013,0.000,0.006,0.000,0.006,0.000,0.000,0.000,0.000,0.006,0.000,0.000,0.006,0.000
25.0075,250,0,move,-1,25.0075,25.0172,0,0.000,0.000,0.264,-0.176,-46.494,32.607,-0.264,-0.088,0.176,0.000,0.000,-0.088,-0.088,0.264,0.088,0.000,0.439,0.176,0.000,0.000,0.000,0.000,-47.133,32.667,0.000,0.000,0.000,0.000,0.000,0.000,0.000,0.000,0.000,0.000,0.000,0.000,0.013,6.4,11.30,31.0,0.000,0.000,0.006,0.000,0.013,0.000,0.006,0.000,0.006,0.000,0.000,0.000,0.000,0.006,0.000,0.000,0.006,0.000
25.1075,251,0,move,-1,25.1075,25.1172,0,0.000,0.000,0.264,-0.176,-46.494,32.607,-0.264,-0.088,0.176,0.000,0.000,-0.088,-0.088,0.264,0.088,0.000,0.439,0.176,0.000,0.000,0.000,0.000,-47.133,32.667,0.000,0.000,0.000,0.000,0.000,0.000,0.000,0.000,0.000,0.000,0.000,0.000,0.013,3.6,11.30,29.0,0.000,0.000,0.000,0.006,0.006,0.000,0.006,0.000,0.006,0.000,0.000,0.000,0.000,0.013,0.000,0.000,0.006,0.006
25.2130,252,0,move,-1,25.2130,25.2387,0,0.000,0.000,0.264,-0.176,-46.494,32.607,-0.264,-0.088,0.176,0.000,0.000,-0.088,-0.088,0.264,0.088,0.000,0.439,0.176,0.000,0.000,0.000,0.000,-47.133,32.667,0.000,0.000,0.000,0.000,0.000,0.000,0.000,0.000,0.000,0.000,0.000,0.000,0.013,6.4,11.30,32.0,0.000,0.000,0.000,0.006,0.013,0.000,0.006,0.000,0.000,0.000,0.000,0.000,0.000,0.006,0.000,0.000,0.013,0.000
25.3075,253,0,move,-1,25.3075,25.3186,0,0.000,0.000,0.264,-0.176,-46.494,32.607,-0.264,-0.088,0.176,0.000,0.000,-0.088,-0.088,0.264,0.088,0.000,0.439,0.176,0.000,0.000,0.000,0.000,-47.133,32.667,0.000,0.000,0.000,0.000,0.000,0.000,0.000,0.000,0.000,0.000,0.000,0.000,0.013,6.4,11.30,32.0,0.000,0.000,0.000,0.006,0.013,0.000,0.006,0.000,0.000,0.000,0.000,0.000,0.000,0.006,0.000,0.000,0.013,0.000
25.4074,254,0,move,-1,25.4074,25.4200,0,0.000,0.000,0.264,-0.176,-46.494,32.607,-0.264,-0.088,0.176,0.000,0.000,-0.088,-0.088,0.264,0.088,0.000,0.439,0.176,0.000,0.000,0.000,0.000,-47.133,32.667,0.000,0.000,0.000,0.000,0.000,0.000,0.000,0.000,0.000,0.000,0.000,0.000,0.013,6.4,11.20,32.0,0.000,0.000,0.000,0.000,0.013,0.000,0.000,0.000,0.000,0.000,0.000,0.000,0.000,0.013,0.000,0.000,0.013,0.000
25.5073,255,0,move,-1,25.5073,25.5189,0,0.000,0.000,0.264,-0.176,-46.494,32.607,-0.264,-0.088,0.176,0.000,0.000,-0.088,-0.088,0.264,0.088,0.000,0.439,0.176,0.000,0.000,0.000,0.000,-47.133,32.667,0.000,0.000,0.000,0.000,0.000,0.000,0.000,0.000,0.000,0.000,0.000,0.000,0.013,6.4,11.20,32.0,0.000,0.000,0.000,0.000,0.013,0.000,0.000,0.000,0.000,0.000,0.000,0.000,0.000,0.013,0.000,0.000,0.013,0.000
25.6180,256,0,move,-1,25.6180,25.6425,0,0.000,0.000,0.264,-0.176,-46.494,32.607,-0.264,-0.088,0.176,0.000,0.000,-0.088,-0.088,0.264,0.088,0.000,0.439,0.176,0.000,0.000,0.000,0.000,-47.133,32.667,0.000,0.000,0.000,0.000,0.000,0.000,0.000,0.000,0.000,0.000,0.000,0.000,0.013,6.4,11.30,31.0,0.000,0.000,0.000,0.000,0.013,0.000,0.000,0.000,0.000,0.000,0.000,0.000,0.000,0.013,0.000,0.000,0.006,0.006
25.7075,257,0,move,-1,25.7075,25.7221,0,0.000,0.000,0.264,-0.176,-46.494,32.607,-0.264,-0.088,0.176,0.000,0.000,-0.088,-0.088,0.264,0.088,0.000,0.439,0.176,0.000,0.000,0.000,0.000,-47.133,32.667,0.000,0.000,0.000,0.000,0.000,0.000,0.000,0.000,0.000,0.000,0.000,0.000,0.013,6.4,11.30,31.0,0.000,0.000,0.000,0.000,0.013,0.000,0.000,0.000,0.000,0.000,0.000,0.000,0.000,0.013,0.000,0.000,0.006,0.006
25.8075,258,0,move,-1,25.8075,25.8200,0,0.000,0.000,0.264,-0.176,-46.494,32.607,-0.264,-0.088,0.176,0.000,0.000,-0.088,-0.088,0.264,0.088,0.000,0.439,0.176,0.000,0.000,0.000,0.000,-47.133,32.667,0.000,0.000,0.000,0.000,0.000,0.000,0.000,0.000,0.000,0.000,0.000,0.000,0.013,6.4,11.30,31.0,0.000,0.000,0.006,0.000,0.013,0.000,0.006,0.000,0.000,0.000,0.000,0.000,0.000,0.006,0.000,0.000,0.006,0.000
25.9218,259,0,move,-1,25.9218,25.9331,0,0.000,0.000,0.264,-0.176,-46.494,32.607,-0.264,-0.088,0.176,0.000,0.000,-0.088,-0.088,0.264,0.088,0.000,0.439,0.176,0.000,0.000,0.000,0.000,-47.133,32.667,0.000,0.000,0.000,0.000,0.000,0.000,0.000,0.000,0.000,0.000,0.000,0.000,0.013,6.4,11.20,31.0,0.000,0.000,0.000,0.006,0.013,0.000,0.006,0.000,0.006,0.000,0.000,0.000,0.000,0.006,0.000,0.000,0.006,0.000
26.0075,260,0,move,-1,26.0075,26.0185,0,0.000,0.000,0.264,-0.176,-46.494,32.607,-0.264,-0.088,0.176,0.000,0.000,-0.088,-0.088,0.264,0.088,0.000,0.439,0.176,0.000,0.000,0.000,0.000,-47.233,32.716,0.000,0.000,0.000,0.000,0.000,0.000,0.000,0.000,0.000,0.000,0.000,0.000,0.013,6.4,11.20,31.0,0.000,0.000,0.000,0.006,0.013,0.000,0.006,0.000,0.006,0.000,0.000,0.000,0.000,0.006,0.000,0.000,0.006,0.000
26.1075,261,0,move,-1,26.1075,26.1170,0,0.000,0.000,0.264,-0.176,-46.494,32.607,-0.264,-0.088,0.176,0.000,0.000,-0.088,-0.088,0.264,0.088,0.000,0.439,0.176,0.000,0.000,0.000,0.000,-47.522,32.856,0.000,0.000,0.000,0.000,0.000,0.000,0.000,0.000,0.000,0.000,0.000,0.000,0.013,7.6,11.20,31.0,0.000,0.000,0.000,0.000,0.013,0.000,0.006,0.000,0.000,0.000,0.000,0.000,0.000,0.006,0.000,0.000,0.006,0.006
26.2075,262,0,move,-1,26.2075,26.2192,0,0.000,0.000,0.264,-0.176,-46.846,32.695,-0.264,-0.088,0.176,0.000,0.000,-0.088,-0.088,0.264,0.088,0.000,0.439,0.176,0.000,0.000,0.000,0.000,-47.971,33.071,0.000,0.000,0.000,0.000,0.000,0.000,0.000,0.000,0.000,0.000,0.000,0.000,0.013,8.0,11.30,32.0,0.000,0.000,0.006,0.006,0.013,0.013,0.006,0.000,0.000,0.000,0.000,0.000,0.000,0.013,0.000,0.000,0.006,0.000
26.3075,263,0,move,-1,26.3075,26.3177,0,0.000,0.000,0.264,-0.176,-47.285,32.959,-0.264,-0.088,0.176,0.000,0.000,-0.088,-0.088,0.264,0.088,0.000,0.439,0.176,0.000,0.000,0.000,0.000,-48.535,33.340,0.000,0.000,0.000,0.000,0.000,0.000,0.000,0.000,0.000,0.000,0.000,0.000,0.013,8.0,11.30,32.0,0.000,0.000,0.006,0.006,0.013,0.013,0.006,0.000,0.000,0.000,0.000,0.000,0.000,0.013,0.000,0.000,0.006,0.000
26.4075,264,0,move,-1,26.4075,26.4194,0,0.000,0.000,0.264,-0.176,-47.725,33.223,-0.264,-0.088,0.176,0.000,0.000,-0.088,-0.088,0.264,0.088,0.000,0.439,0.176,0.000,0.000,0.000,0.000,-49.154,33.634,0.000,0.000,0.000,0.000,0.000,0.000,0.000,0.000,0.000,0.000,0.000,0.000,0.019,9.2,11.30,31.0,0.000,0.000,0.000,0.006,0.019,0.000,0.006,0.000,0.000,0.000,0.000,0.000,0.000,0.013,0.000,0.000,0.006,0.006
26.5093,265,0,move,-1,26.5093,26.5220,0,0.000,0.000,0.264,-0.176,-48.340,33.486,-0.264,-0.088,0.176,0.000,0.000,-0.088,-0.088,0.264,0.088,0.000,0.439,0.176,0.000,0.000,0.000,0.000,-49.772,33.924,0.000,0.000,0.000,0.000,0.000,0.000,0.000,0.000,0.000,0.000,0.000,0.000,0.019,9.2,11.30,31.0,0.000,0.000,0.000,0.000,0.019,0.006,0.006,0.000,0.000,0.000,0.000,0.000,0.000,0.013,0.000,0.000,0.006,0.006
26.6075,266,0,move,-1,26.6075,26.6193,0,0.000,0.000,0.264,-0.176,-48.779,33.838,-0.264,-0.088,0.176,0.000,0.000,-0.088,-0.088,0.264,0.088,0.000,0.439,0.176,0.000,0.000,0.000,0.000,-50.327,34.182,0.000,0.000,0.000,0.000,0.000,0.000,0.000,0.000,0.000,0.000,0.000,0.000,0.019,9.2,11.30,31.0,0.000,0.000,0.000,0.000,0.019,0.006,0.006,0.000,0.000,0.000,0.000,0.000,0.000,0.013,0.000,0.000,0.006,0.006
26.7075,267,0,move,-1,26.7075,26.7197,0,0.000,0.000,0.264,-0.176,-49.482,34.189,-0.264,-0.088,0.176,0.000,0.000,-0.088,-0.088,0.264,0.088,0.000,0.439,0.176,0.000,0.000,0.000,0.000,-50.765,34.384,0.000,0.000,0.000,0.000,0.000,0.000,0.000,0.000,0.000,0.000,0.000,0.000,0.019,9.2,11.30,31.0,0.000,0.000,0.006,0.006,0.019,0.000,0.006,0.000,0.000,0.000,0.000,0.000,0.000,0.006,0.000,0.000,0.006,0.006
26.8127,268,0,move,-1,26.8127,26.8529,0,0.000,0.000,0.264,-0.176,-50.098,34.277,-0.264,-0.088,0.176,0.000,0.000,-0.088,-0.088,0.264,0.088,0.000,0.439,0.176,0.000,0.000,0.000,0.000,-51.045,34.512,0.000,0.000,0.000,0.000,0.000,0.000,0.000,0.000,0.000,0.000,0.000,0.000,0.019,9.2,11.30,32.0,0.000,0.000,0.000,0.006,0.019,0.006,0.006,0.000,0.000,0.000,0.000,0.000,0.000,0.013,0.000,0.000,0.006,0.000
26.9075,269,0,move,-1,26.9075,26.9194,0,0.000,0.000,0.264,-0.176,-50.361,34.365,-0.264,-0.088,0.176,0.000,0.000,-0.088,-0.088,0.264,0.088,0.000,0.439,0.176,0.000,0.000,0.000,0.000,-51.141,34.556,0.000,0.000,0.000,0.000,0.000,0.000,0.000,0.000,0.000,0.000,0.000,0.000,0.019,9.2,11.30,32.0,0.000,0.000,0.000,0.006,0.019,0.006,0.006,0.000,0.000,0.000,0.000,0.000,0.000,0.013,0.000,0.000,0.006,0.000
27.0118,270,0,move,-1,27.0118,27.0388,0,0.000,0.000,0.264,-0.176,-50.449,34.365,-0.264,-0.088,0.176,0.000,0.000,-0.088,-0.088,0.264,0.088,0.000,0.439,0.176,0.000,0.000,0.000,0.000,-51.141,34.556,0.000,0.000,0.000,0.000,0.000,0.000,0.000,0.000,0.000,0.000,0.000,0.000,0.019,7.2,11.30,32.0,0.000,0.000,0.000,0.000,0.019,0.006,0.006,0.000,0.006,0.000,0.000,0.000,0.000,0.006,0.000,0.000,0.006,0.006
27.1075,271,0,move,-1,27.1075,27.1176,0,0.000,0.000,0.264,-0.176,-50.449,34.365,-0.264,-0.088,0.176,0.000,0.000,-0.088,-0.088,0.264,0.088,0.000,0.439,0.176,0.000,0.000,0.000,0.000,-51.141,34.556,0.000,0.000,0.000,0.000,0.000,0.000,0.000,0.000,0.000,0.000,0.000,0.000,0.019,7.2,11.30,32.0,0.000,0.000,0.000,0.000,0.019,0.006,0.006,0.000,0.006,0.000,0.000,0.000,0.000,0.006,0.000,0.000,0.006,0.006
27.2075,272,0,move,-1,27.2075,27.2193,0,0.000,0.000,0.264,-0.176,-50.449,34.365,-0.264,-0.088,0.176,0.000,0.000,-0.088,-0.088,0.264,0.088,0.000,0.439,0.176,0.000,0.000,0.000,0.000,-51.141,34.556,0.000,0.000,0.000,0.000,0.000,0.000,0.000,0.000,0.000,0.000,0.000,0.000,0.013,7.2,11.30,32.0,0.000,0.000,0.000,0.000,0.013,0.006,0.000,0.000,0.000,0.000,0.000,0.000,0.000,0.013,0.006,0.000,0.006,0.006
27.3074,273,0,move,-1,27.3074,27.3192,0,0.000,0.000,0.264,-0.176,-50.537,34.365,-0.264,-0.088,0.176,0.000,0.000,-0.088,-0.088,0.264,0.088,0.000,0.439,0.176,0.000,0.000,0.000,0.000,-51.141,34.556,0.000,0.000,0.000,0.000,0.000,0.000,0.000,0.000,0.000,0.000,0.000,0.000,0.013,7.2,11.30,32.0,0.000,0.000,0.000,0.000,0.013,0.006,0.000,0.000,0.000,0.000,0.000,0.000,0.000,0.013,0.006,0.000,0.006,0.006
27.4074,274,0,move,-1,27.4074,27.4168,0,0.000,0.000,0.264,-0.176,-50.537,34.365,-0.264,-0.088,0.176,0.000,0.000,-0.088,-0.088,0.264,0.088,0.000,0.439,0.176,0.000,0.000,0.000,0.000,-51.141,34.556,0.000,0.000,0.000,0.000,0.000,0.000,0.000,0.000,0.000,0.000,0.000,0.000,0.013,6.4,11.30,31.0,0.000,0.000,0.000,0.000,0.013,0.006,0.000,0.000,0.000,0.000,0.000,0.000,0.000,0.006,0.000,0.000,0.006,0.006
27.5073,275,0,move,-1,27.5073,27.5180,0,0.000,0.000,0.264,-0.176,-50.537,34.365,-0.264,-0.088,0.176,0.000,0.000,-0.088,-0.088,0.264,0.088,0.000,0.439,0.176,0.000,0.000,0.000,0.000,-51.141,34.556,0.000,0.000,0.000,0.000,0.000,0.000,0.000,0.000,0.000,0.000,0.000,0.000,0.013,6.4,11.30,31.0,0.000,0.000,0.000,0.006,0.013,0.006,0.000,0.000,0.000,0.000,0.000,0.000,0.000,0.006,0.000,0.000,0.006,0.000
27.6073,276,0,move,-1,27.6073,27.6129,0,0.000,0.000,0.264,-0.176,-50.537,34.365,-0.264,-0.088,0.176,0.000,0.000,-0.088,-0.088,0.264,0.088,0.000,0.439,0.176,0.000,0.000,0.000,0.000,-51.141,34.556,0.000,0.000,0.000,0.000,0.000,0.000,0.000,0.000,0.000,0.000,0.000,0.000,0.013,6.4,11.30,31.0,0.000,0.000,0.000,0.006,0.013,0.006,0.000,0.000,0.000,0.000,0.000,0.000,0.000,0.006,0.000,0.000,0.006,0.000
27.7075,277,0,move,-1,27.7075,27.7172,0,0.000,0.000,0.264,-0.176,-50.537,34.365,-0.264,-0.088,0.176,0.000,0.000,-0.088,-0.088,0.264,0.088,0.000,0.439,0.176,0.000,0.000,0.000,0.000,-51.141,34.556,0.000,0.000,0.000,0.000,0.000,0.000,0.000,0.000,0.000,0.000,0.000,0.000,0.013,6.4,11.30,32.0,0.000,0.000,0.006,0.006,0.013,0.006,0.006,0.000,0.000,0.000,0.000,0.000,0.000,0.006,0.000,0.000,0.013,0.006
27.8075,278,0,move,-1,27.8075,27.8185,0,0.000,0.000,0.264,-0.176,-50.537,34.365,-0.264,-0.088,0.176,0.000,0.000,-0.088,-0.088,0.264,0.088,0.000,0.439,0.176,0.000,0.000,0.000,0.000,-51.141,34.556,0.000,0.000,0.000,0.000,0.000,0.000,0.000,0.000,0.000,0.000,0.000,0.000,0.006,6.4,11.30,32.0,0.000,0.000,0.000,0.000,0.006,0.006,0.006,0.000,0.000,0.000,0.000,0.000,0.000,0.006,0.000,0.000,0.006,0.006
27.9075,279,0,move,-1,27.9075,27.9173,0,0.000,0.000,0.264,-0.176,-50.537,34.365,-0.264,-0.088,0.176,0.000,0.000,-0.088,-0.088,0.264,0.088,0.000,0.439,0.176,0.000,0.000,0.000,0.000,-51.141,34.556,0.000,0.000,0.000,0.000,0.000,0.000,0.000,0.000,0.000,0.000,0.000,0.000,0.006,6.4,11.30,32.0,0.000,0.000,0.000,0.000,0.006,0.006,0.006,0.000,0.000,0.000,0.000,0.000,0.000,0.006,0.000,0.000,0.006,0.006
28.0073,280,0,move,-1,28.0073,28.0135,0,0.000,0.000,0.264,-0.176,-50.537,34.365,-0.264,-0.088,0.176,0.000,0.000,-0.088,-0.088,0.264,0.088,0.000,0.439,0.176,0.000,0.000,0.000,0.000,-51.141,34.556,0.000,0.000,0.000,0.000,0.000,0.000,0.000,0.000,0.000,0.000,0.000,0.000,0.013,6.4,11.30,31.0,0.000,0.000,0.000,0.000,0.013,0.000,0.000,0.000,0.000,0.000,0.000,0.000,0.000,0.013,0.000,0.000,0.013,0.000
28.1075,281,0,move,-1,28.1075,28.1180,0,0.000,0.000,0.264,-0.176,-50.537,34.365,-0.264,-0.088,0.176,0.000,0.000,-0.088,-0.088,0.264,0.088,0.000,0.439,0.176,0.000,0.000,0.000,0.000,-51.141,34.556,0.000,0.000,0.000,0.000,0.000,0.000,0.000,0.000,0.000,0.000,0.000,0.000,0.013,6.4,11.30,32.0,0.000,0.000,0.006,0.000,0.013,0.006,0.006,0.000,0.000,0.000,0.000,0.000,0.000,0.013,0.000,0.000,0.006,0.000
28.2077,282,0,move,-1,28.2077,28.2199,0,0.000,0.000,0.264,-0.176,-50.537,34.365,-0.264,-0.088,0.176,0.000,0.000,-0.088,-0.088,0.264,0.088,0.000,0.439,0.176,0.000,0.000,0.000,0.000,-51.141,34.556,0.000,0.000,0.000,0.000,0.000,0.000,0.000,0.000,0.000,0.000,0.000,0.000,0.013,6.4,11.30,32.0,0.000,0.000,0.006,0.006,0.013,0.000,0.000,0.000,0.006,0.000,0.000,0.000,0.000,0.006,0.000,0.000,0.006,0.000
28.3075,283,0,move,-1,28.3075,28.3177,0,0.000,0.000,0.264,-0.176,-50.537,34.365,-0.264,-0.088,0.176,0.000,0.000,-0.088,-0.088,0.264,0.088,0.000,0.439,0.176,0.000,0.000,0.000,0.000,-51.141,34.556,0.000,0.000,0.000,0.000,0.000,0.000,0.000,0.000,0.000,0.000,0.000,0.000,0.013,6.4,11.30,32.0,0.000,0.000,0.006,0.006,0.013,0.000,0.000,0.000,0.006,0.000,0.000,0.000,0.000,0.006,0.000,0.000,0.006,0.000
28.4075,284,0,move,-1,28.4075,28.4178,0,0.000,0.000,0.264,-0.176,-50.537,34.365,-0.264,-0.088,0.176,0.000,0.000,-0.088,-0.088,0.264,0.088,0.000,0.439,0.176,0.000,0.000,0.000,0.000,-51.141,34.556,0.000,0.000,0.000,0.000,0.000,0.000,0.000,0.000,0.000,0.000,0.000,0.000,0.013,6.4,11.30,32.0,0.000,0.000,0.006,0.006,0.013,0.006,0.000,0.000,0.000,0.000,0.000,0.000,0.000,0.006,0.000,0.000,0.006,0.000
28.5099,285,0,move,-1,28.5099,28.5502,0,0.000,0.000,0.264,-0.176,-50.537,34.365,-0.264,-0.088,0.176,0.000,0.000,-0.088,-0.088,0.264,0.088,0.000,0.439,0.176,0.000,0.000,0.000,0.000,-51.141,34.556,0.000,0.000,0.000,0.000,0.000,0.000,0.000,0.000,0.000,0.000,0.000,0.000,0.013,3.2,11.30,29.0,0.000,0.000,0.000,0.000,0.006,0.006,0.000,0.000,0.006,0.000,0.000,0.000,0.000,0.013,0.000,0.000,0.006,0.000
28.6075,286,0,move,-1,28.6075,28.6190,0,0.000,0.000,0.264,-0.176,-50.537,34.365,-0.264,-0.088,0.176,0.000,0.000,-0.088,-0.088,0.264,0.088,0.000,0.439,0.176,0.000,0.000,0.000,0.000,-51.141,34.556,0.000,0.000,0.000,0.000,0.000,0.000,0.000,0.000,0.000,0.000,0.000,0.000,0.013,3.2,11.30,29.0,0.000,0.000,0.000,0.000,0.006,0.006,0.000,0.000,0.006,0.000,0.000,0.000,0.000,0.013,0.000,0.000,0.006,0.000
28.7075,287,0,move,-1,28.7075,28.7179,0,0.000,0.000,0.264,-0.176,-50.537,34.365,-0.264,-0.088,0.176,0.000,0.000,-0.088,-0.088,0.264,0.088,0.000,0.439,0.176,0.000,0.000,0.000,0.000,-51.141,34.556,0.000,0.000,0.000,0.000,0.000,0.000,0.000,0.000,0.000,0.000,0.000,0.000,0.013,6.4,11.30,31.0,0.000,0.000,0.000,0.000,0.013,0.000,0.006,0.000,0.000,0.000,0.000,0.000,0.000,0.006,0.000,0.000,0.006,0.000
28.8075,288,0,move,-1,28.8075,28.8188,0,0.000,0.000,0.264,-0.176,-50.537,34.365,-0.264,-0.088,0.176,0.000,0.000,-0.088,-0.088,0.264,0.088,0.000,0.439,0.176,0.000,0.000,0.000,0.000,-51.141,34.556,0.000,0.000,0.000,0.000,0.000,0.000,0.000,0.000,0.000,0.000,0.000,0.000,0.013,6.4,11.30,31.0,0.000,0.000,0.000,0.000,0.013,0.000,0.006,0.000,0.000,0.000,0.000,0.000,0.000,0.006,0.000,0.000,0.006,0.000
28.9075,289,0,move,-1,28.9075,28.9473,0,0.000,0.000,0.264,-0.176,-50.537,34.365,-0.264,-0.088,0.176,0.000,0.000,-0.088,-0.088,0.264,0.088,0.000,0.439,0.176,0.000,0.000,0.000,0.000,-51.141,34.556,0.000,0.000,0.000,0.000,0.000,0.000,0.000,0.000,0.000,0.000,0.000,0.000,0.013,6.4,11.20,31.0,0.000,0.000,0.006,0.006,0.013,0.006,0.006,0.000,0.006,0.000,0.000,0.000,0.000,0.013,0.000,0.000,0.013,0.006
29.0075,290,0,move,-1,29.0075,29.0175,0,0.000,0.000,0.264,-0.176,-50.537,34.365,-0.264,-0.088,0.176,0.000,0.000,-0.088,-0.088,0.264,0.088,0.000,0.439,0.176,0.000,0.000,0.000,0.000,-51.141,34.556,0.000,0.000,0.000,0.000,0.000,0.000,0.000,0.000,0.000,0.000,0.000,0.000,0.013,6.4,11.20,31.0,0.000,0.000,0.006,0.006,0.013,0.006,0.006,0.000,0.006,0.000,0.000,0.000,0.000,0.013,0.000,0.000,0.013,0.006
29.1074,291,0,move,-1,29.1074,29.1177,0,0.000,0.000,0.264,-0.176,-50.537,34.365,-0.264,-0.088,0.176,0.000,0.000,-0.088,-0.088,0.264,0.088,0.000,0.439,0.176,0.000,0.000,0.000,0.000,-51.141,34.556,0.000,0.000,0.000,0.000,0.000,0.000,0.000,0.000,0.000,0.000,0.000,0.000,0.013,6.4,11.30,32.0,0.000,0.000,0.006,0.000,0.013,0.006,0.000,0.000,0.000,0.000,0.000,0.000,0.000,0.013,0.000,0.000,0.006,0.000
29.2075,292,0,move,-1,29.2075,29.2170,0,0.000,0.000,0.264,-0.176,-50.537,34.365,-0.264,-0.088,0.176,0.000,0.000,-0.088,-0.088,0.264,0.088,0.000,0.439,0.176,0.000,0.000,0.000,0.000,-51.141,34.556,0.000,0.000,0.000,0.000,0.000,0.000,0.000,0.000,0.000,0.000,0.000,0.000,0.013,6.4,11.30,32.0,0.000,0.000,0.006,0.000,0.013,0.006,0.000,0.000,0.000,0.000,0.000,0.000,0.000,0.013,0.000,0.000,0.006,0.000
29.3075,293,0,move,-1,29.3075,29.3182,0,0.000,0.000,0.264,-0.176,-50.537,34.365,-0.264,-0.088,0.176,0.000,0.000,-0.088,-0.088,0.264,0.088,0.000,0.439,0.176,0.000,0.000,0.000,0.000,-51.141,34.556,0.000,0.000,0.000,0.000,0.000,0.000,0.000,0.000,0.000,0.000,0.000,0.000,0.013,6.4,11.30,32.0,0.000,0.000,0.000,0.000,0.013,0.006,0.006,0.000,0.000,0.000,0.000,0.000,0.000,0.006,0.000,0.000,0.006,0.000
29.4073,294,0,move,-1,29.4073,29.4543,0,0.000,0.000,0.264,-0.176,-50.537,34.365,-0.264,-0.088,0.176,0.000,0.000,-0.088,-0.088,0.264,0.088,0.000,0.439,0.176,0.000,0.000,0.000,0.000,-51.141,34.556,0.000,0.000,0.000,0.000,0.000,0.000,0.000,0.000,0.000,0.000,0.000,0.000,0.013,6.4,11.30,31.0,0.000,0.000,0.000,0.000,0.013,0.006,0.006,0.000,0.006,0.000,0.000,0.000,0.000,0.006,0.000,0.000,0.006,0.006
29.5149,295,0,move,-1,29.5149,29.5243,0,0.000,0.000,0.264,-0.176,-50.537,34.365,-0.264,-0.088,0.176,0.000,0.000,-0.088,-0.088,0.264,0.088,0.000,0.439,0.176,0.000,0.000,0.000,0.000,-51.141,34.556,0.000,0.000,0.000,0.000,0.000,0.000,0.000,0.000,0.000,0.000,0.000,0.000,0.013,6.4,11.30,31.0,0.000,0.000,0.000,0.000,0.013,0.006,0.006,0.000,0.006,0.000,0.000,0.000,0.000,0.006,0.000,0.000,0.006,0.006
29.6075,296,0,move,-1,29.6075,29.6189,0,0.000,0.000,0.264,-0.176,-50.537,34.365,-0.264,-0.088,0.176,0.000,0.000,-0.088,-0.088,0.264,0.088,0.000,0.439,0.176,0.000,0.000,0.000,0.000,-51.141,34.556,0.000,0.000,0.000,0.000,0.000,0.000,0.000,0.000,0.000,0.000,0.000,0.000,0.013,6.4,11.20,31.0,0.000,0.000,0.006,0.006,0.013,0.006,0.006,0.000,0.006,0.000,0.000,0.000,0.000,0.013,0.000,0.000,0.006,0.000
29.7075,297,0,move,-1,29.7075,29.7177,0,0.000,0.000,0.264,-0.176,-50.537,34.365,-0.264,-0.088,0.176,0.000,0.000,-0.088,-0.088,0.264,0.088,0.000,0.439,0.176,0.000,0.000,0.000,0.000,-51.141,34.556,0.000,0.000,0.000,0.000,0.000,0.000,0.000,0.000,0.000,0.000,0.000,0.000,0.013,6.4,11.20,31.0,0.000,0.000,0.006,0.006,0.013,0.006,0.006,0.000,0.006,0.000,0.000,0.000,0.000,0.013,0.000,0.000,0.006,0.000
29.8075,298,0,move,-1,29.8075,29.8188,0,0.000,0.000,0.264,-0.176,-50.537,34.365,-0.264,-0.088,0.176,0.000,0.000,-0.088,-0.088,0.264,0.088,0.000,0.439,0.176,0.000,0.000,0.000,0.000,-51.141,34.556,0.000,0.000,0.000,0.000,0.000,0.000,0.000,0.000,0.000,0.000,0.000,0.000,0.013,6.4,11.30,32.0,0.000,0.000,0.006,0.000,0.013,0.006,0.000,0.000,0.006,0.000,0.000,0.000,0.000,0.013,0.000,0.000,0.006,0.000
29.9076,299,0,move,-1,29.9076,29.9187,0,0.000,0.000,0.264,-0.176,-50.537,34.365,-0.264,-0.088,0.176,0.000,0.000,-0.088,-0.088,0.264,0.088,0.000,0.439,0.176,0.000,0.000,0.000,0.000,-51.141,34.556,0.000,0.000,0.000,0.000,0.000,0.000,0.000,0.000,0.000,0.000,0.000,0.000,0.013,6.4,11.30,32.0,0.000,0.000,0.006,0.000,0.013,0.006,0.000,0.000,0.006,0.000,0.000,0.000,0.000,0.013,0.000,0.000,0.006,0.000
30.0075,300,0,move,-1,30.0075,30.0195,0,0.000,0.000,0.264,-0.176,-50.537,34.365,-0.264,-0.088,0.176,0.000,0.000,-0.088,-0.088,0.264,0.088,0.000,0.439,0.176,0.000,0.000,0.000,0.000,-51.045,34.512,0.000,0.000,0.000,0.000,0.000,0.000,0.000,0.000,0.000,0.000,0.000,0.000,0.013,6.4,11.30,32.0,0.000,0.000,0.006,0.006,0.013,0.006,0.006,0.000,0.000,0.000,0.000,0.000,0.000,0.013,0.000,0.000,0.013,0.000
30.1075,301,0,move,-1,30.1075,30.1148,0,0.000,0.000,0.264,-0.176,-50.537,34.365,-0.264,-0.088,0.176,0.000,0.000,-0.088,-0.088,0.264,0.088,0.000,0.439,0.176,0.000,0.000,0.000,0.000,-50.765,34.384,0.000,0.000,0.000,0.000,0.000,0.000,0.000,0.000,0.000,0.000,0.000,0.000,0.013,6.4,11.30,32.0,0.000,0.000,0.006,0.006,0.013,0.006,0.006,0.000,0.000,0.000,0.000,0.000,0.000,0.013,0.000,0.000,0.013,0.000
30.2075,302,0,move,-1,30.2075,30.2208,0,0.000,0.000,0.264,-0.176,-50.537,34.277,-0.264,-0.088,0.176,0.000,0.000,-0.088,-0.088,0.264,0.088,0.000,0.439,0.176,0.000,0.000,0.000,0.000,-50.327,34.182,0.000,0.000,0.000,0.000,0.000,0.000,0.000,0.000,0.000,0.000,0.000,0.000,0.013,3.2,11.30,29.0,0.000,0.000,0.000,0.000,0.000,0.000,0.000,0.000,0.006,0.000,0.000,0.000,0.000,0.013,0.000,0.000,0.006,0.006
30.3074,303,0,move,-1,30.3074,30.3173,0,0.000,0.000,0.264,-0.176,-50.537,34.277,-0.264,-0.088,0.176,0.000,0.000,-0.088,-0.088,0.264,0.088,0.000,0.439,0.176,0.000,0.000,0.000,0.000,-49.772,33.924,0.000,0.000,0.000,0.000,0.000,0.000,0.000,0.000,0.000,0.000,0.000,0.000,0.013,3.2,11.30,29.0,0.000,0.000,0.000,0.000,0.000,0.000,0.000,0.000,0.006,0.000,0.000,0.000,0.000,0.013,0.000,0.000,0.006,0.006
30.4074,304,0,move,-1,30.4074,30.4192,0,0.000,0.000,0.264,-0.176,-50.273,34.014,-0.264,-0.088,0.176,0.000,0.000,-0.088,-0.088,0.264,0.088,0.000,0.439,0.176,0.000,0.000,0.000,0.000,-49.154,33.634,0.000,0.000,0.000,0.000,0.000,0.000,0.000,0.000,0.000,0.000,0.000,0.000,0.006,2.8,11.20,32.0,0.000,0.000,0.000,0.000,0.000,0.006,0.006,0.000,0.000,0.000,0.000,0.000,0.000,0.006,0.000,0.000,0.006,0.000
30.5075,305,0,move,-1,30.5075,30.5199,0,0.000,0.000,0.264,-0.176,-49.922,33.750,-0.264,-0.088,0.176,0.000,0.000,-0.088,-0.088,0.264,0.088,0.000,0.439,0.176,0.000,0.000,0.000,0.000,-48.535,33.340,0.000,0.000,0.000,0.000,0.000,0.000,0.000,0.000,0.000,0.000,0.000,0.000,0.006,2.4,11.20,32.0,0.000,0.000,0.000,0.000,0.000,0.006,0.000,0.000,0.000,0.000,0.000,0.000,0.000,0.006,0.000,0.000,0.006,0.000
30.6151,306,0,move,-1,30.6151,30.6401,0,0.000,0.000,0.264,-0.176,-49.043,33.311,-0.264,-0.088,0.176,0.000,0.000,-0.088,-0.088,0.264,0.088,0.000,0.439,0.176,0.000,0.000,0.000,0.000,-47.971,33.071,0.000,0.000,0.000,0.000,0.000,0.000,0.000,0.000,0.000,0.000,0.000,0.000,0.013,3.6,11.20,32.0,0.000,0.000,0.000,0.006,0.006,0.013,0.006,0.000,0.000,0.000,0.000,0.000,0.000,0.013,0.000,0.000,0.006,0.006
30.7075,307,0,move,-1,30.7075,30.7205,0,0.000,0.000,0.264,-0.176,-48.428,33.135,-0.264,-0.088,0.176,0.000,0.000,-0.088,-0.088,0.264,0.088,0.000,0.439,0.176,0.000,0.000,0.000,0.000,-47.522,32.856,0.000,0.000,0.000,0.000,0.000,0.000,0.000,0.000,0.000,0.000,0.000,0.000,0.013,3.6,11.20,32.0,0.000,0.000,0.000,0.006,0.006,0.013,0.006,0.000,0.000,0.000,0.000,0.000,0.000,0.013,0.000,0.000,0.006,0.006
30.8127,308,0,move,-1,30.8127,30.8239,0,0.000,0.000,0.264,-0.176,-47.900,32.959,-0.264,-0.088,0.176,0.000,0.000,-0.088,-0.088,0.264,0.088,0.000,0.439,0.176,0.000,0.000,0.000,0.000,-47.233,32.716,0.000,0.000,0.000,0.000,0.000,0.000,0.000,0.000,0.000,0.000,0.000,0.000,0.013,4.8,11.30,32.0,0.000,0.000,0.000,0.006,0.000,0.000,0.006,0.000,0.006,0.000,0.000,0.000,0.000,0.006,0.000,0.000,0.013,0.006
30.9075,309,0,move,-1,30.9075,30.9267,0,0.000,0.000,0.264,-0.176,-47.725,32.783,-0.264,-0.088,0.176,0.000,0.000,-0.088,-0.088,0.264,0.088,0.000,0.439,0.176,0.000,0.000,0.000,0.000,-47.133,32.667,0.000,0.000,0.000,0.000,0.000,0.000,0.000,0.000,0.000,0.000,0.000,0.000,0.006,2.4,11.30,32.0,0.000,0.000,0.000,0.006,0.006,0.006,0.006,0.000,0.000,0.000,0.000,0.000,0.000,0.006,0.000,0.000,0.006,0.006
31.0075,310,0,move,-1,31.0075,31.0179,0,0.000,0.000,0.264,-0.176,-47.373,32.783,-0.264,-0.088,0.176,0.000,0.000,-0.088,-0.088,0.264,0.088,0.000,0.439,0.176,0.000,0.000,0.000,0.000,-47.133,32.667,0.000,0.000,0.000,0.000,0.000,0.000,0.000,0.000,0.000,0.000,0.000,0.000,0.006,2.4,11.30,32.0,0.000,0.000,0.000,0.006,0.006,0.006,0.006,0.000,0.000,0.000,0.000,0.000,0.000,0.006,0.000,0.000,0.006,0.006
31.1075,311,0,move,-1,31.1075,31.1190,0,0.000,0.000,0.264,-0.176,-47.285,32.783,-0.264,-0.088,0.176,0.000,0.000,-0.088,-0.088,0.264,0.088,0.000,0.439,0.176,0.000,0.000,0.000,0.000,-47.133,32.667,0.000,0.000,0.000,0.000,0.000,0.000,0.000,0.000,0.000,0.000,0.000,0.000,0.006,3.2,11.30,31.0,0.000,0.000,0.000,0.000,0.006,0.000,0.006,0.000,0.000,0.000,0.000,0.000,0.000,0.006,0.000,0.000,0.006,0.000
31.2075,312,0,move,-1,31.2075,31.2181,0,0.000,0.000,0.264,-0.176,-47.197,32.783,-0.264,-0.088,0.176,0.000,0.000,-0.088,-0.088,0.264,0.088,0.000,0.439,0.176,0.000,0.000,0.000,0.000,-47.133,32.667,0.000,0.000,0.000,0.000,0.000,0.000,0.000,0.000,0.000,0.000,0.000,0.000,0.006,3.2,11.30,31.0,0.000,0.000,0.000,0.000,0.006,0.000,0.006,0.000,0.000,0.000,0.000,0.000,0.000,0.006,0.000,0.000,0.006,0.000
31.3073,313,0,move,-1,31.3073,31.3190,0,0.000,0.000,0.264,-0.176,-47.021,32.783,-0.264,-0.088,0.176,0.000,0.000,-0.088,-0.088,0.264,0.088,0.000,0.439,0.176,0.000,0.000,0.000,0.000,-47.133,32.667,0.000,0.000,0.000,0.000,0.000,0.000,0.000,0.000,0.000,0.000,0.000,0.000,0.006,3.2,11.20,32.0,0.000,0.000,0.000,0.000,0.000,0.000,0.006,0.000,0.000,0.000,0.000,0.000,0.000,0.006,0.000,0.000,0.006,0.006
31.4075,314,0,move,-1,31.4075,31.4175,0,0.000,0.000,0.264,-0.176,-46.934,32.783,-0.264,-0.088,0.176,0.000,0.000,-0.088,-0.088,0.264,0.088,0.000,0.439,0.176,0.000,0.000,0.000,0.000,-47.133,32.667,0.000,0.000,0.000,0.000,0.000,0.000,0.000,0.000,0.000,0.000,0.000,0.000,0.006,3.2,11.20,32.0,0.000,0.000,0.000,0.000,0.000,0.000,0.006,0.000,0.000,0.000,0.000,0.000,0.000,0.006,0.000,0.000,0.006,0.006
31.5075,315,0,move,-1,31.5075,31.5198,0,0.000,0.000,0.264,-0.176,-46.846,32.783,-0.264,-0.088,0.176,0.000,0.000,-0.088,-0.088,0.264,0.088,0.000,0.439,0.176,0.000,0.000,0.000,0.000,-47.133,32.667,0.000,0.000,0.000,0.000,0.000,0.000,0.000,0.000,0.000,0.000,0.000,0.000,0.006,3.2,11.30,33.0,0.000,0.000,0.006,0.000,0.000,0.000,0.000,0.000,0.000,0.000,0.000,0.000,0.000,0.006,0.000,0.000,0.006,0.006
31.6073,316,0,move,-1,31.6073,31.6181,0,0.000,0.000,0.264,-0.176,-46.846,32.783,-0.264,-0.088,0.176,0.000,0.000,-0.088,-0.088,0.264,0.088,0.000,0.439,0.176,0.000,0.000,0.000,0.000,-47.133,32.667,0.000,0.000,0.000,0.000,0.000,0.000,0.000,0.000,0.000,0.000,0.000,0.000,0.006,3.2,11.30,33.0,0.000,0.000,0.006,0.000,0.000,0.000,0.000,0.000,0.000,0.000,0.000,0.000,0.000,0.006,0.000,0.000,0.006,0.006
31.7074,317,0,move,-1,31.7074,31.7196,0,0.000,0.000,0.264,-0.176,-46.846,32.783,-0.264,-0.088,0.176,0.000,0.000,-0.088,-0.088,0.264,0.088,0.000,0.439,0.176,0.000,0.000,0.000,0.000,-47.133,32.667,0.000,0.000,0.000,0.000,0.000,0.000,0.000,0.000,0.000,0.000,0.000,0.000,0.013,4.8,11.30,32.0,0.000,0.000,0.006,0.006,0.000,0.000,0.000,0.000,0.006,0.000,0.000,0.000,0.000,0.006,0.000,0.000,0.013,0.000
31.8075,318,0,move,-1,31.8075,31.8223,0,0.000,0.000,0.264,-0.176,-46.846,32.783,-0.264,-0.088,0.176,0.000,0.000,-0.088,-0.088,0.264,0.088,0.000,0.439,0.176,0.000,0.000,0.000,0.000,-47.133,32.667,0.000,0.000,0.000,0.000,0.000,0.000,0.000,0.000,0.000,0.000,0.000,0.000,0.013,4.8,11.30,32.0,0.000,0.000,0.006,0.006,0.006,0.000,0.006,0.000,0.000,0.000,0.000,0.000,0.000,0.006,0.000,0.000,0.013,0.000
31.9077,319,0,move,-1,31.9077,31.9183,0,0.000,0.000,0.264,-0.176,-46.846,32.783,-0.264,-0.088,0.176,0.000,0.000,-0.088,-0.088,0.264,0.088,0.000,0.439,0.176,0.000,0.000,0.000,0.000,-47.133,32.667,0.000,0.000,0.000,0.000,0.000,0.000,0.000,0.000,0.000,0.000,0.000,0.000,0.013,4.8,11.30,32.0,0.000,0.000,0.006,0.006,0.006,0.000,0.006,0.000,0.000,0.000,0.000,0.000,0.000,0.006,0.000,0.000,0.013,0.000
32.0075,320,0,move,-1,32.0075,32.0176,0,0.000,0.000,0.264,-0.176,-46.846,32.783,-0.264,-0.088,0.176,0.000,0.000,-0.088,-0.088,0.264,0.088,0.000,0.439,0.176,0.000,0.000,0.000,0.000,-47.133,32.667,0.000,0.000,0.000,0.000,0.000,0.000,0.000,0.000,0.000,0.000,0.000,0.000,0.013,3.2,11.30,29.0,0.000,0.000,0.000,0.000,0.006,0.000,0.006,0.000,0.000,0.000,0.000,0.000,0.000,0.013,0.000,0.000,0.006,0.006
32.1075,321,0,move,-1,32.1075,32.1197,0,0.000,0.000,0.264,-0.176,-46.758,32.783,-0.264,-0.088,0.176,0.000,0.000,-0.088,-0.088,0.264,0.088,0.000,0.439,0.176,0.000,0.000,0.000,0.000,-47.133,32.667,0.000,0.000,0.000,0.000,0.000,0.000,0.000,0.000,0.000,0.000,0.000,0.000,0.006,3.2,11.30,33.0,0.000,0.000,0.006,0.006,0.006,0.000,0.000,0.000,0.006,0.000,0.000,0.000,0.000,0.006,0.000,0.000,0.006,0.000
32.2075,322,0,move,-1,32.2075,32.2176,0,0.000,0.000,0.264,-0.176,-46.758,32.783,-0.264,-0.088,0.176,0.000,0.000,-0.088,-0.088,0.264,0.088,0.000,0.439,0.176,0.000,0.000,0.000,0.000,-47.133,32.667,0.000,0.000,0.000,0.000,0.000,0.000,0.000,0.000,0.000,0.000,0.000,0.000,0.006,3.2,11.30,33.0,0.000,0.000,0.006,0.006,0.006,0.000,0.000,0.000,0.006,0.000,0.000,0.000,0.000,0.006,0.000,0.000,0.006,0.000
32.3075,323,0,move,-1,32.3075,32.3192,0,0.000,0.000,0.264,-0.176,-46.758,32.783,-0.264,-0.088,0.176,0.000,0.000,-0.088,-0.088,0.264,0.088,0.000,0.439,0.176,0.000,0.000,0.000,0.000,-47.133,32.667,0.000,0.000,0.000,0.000,0.000,0.000,0.000,0.000,0.000,0.000,0.000,0.000,0.013,3.2,11.30,29.0,0.000,0.000,0.000,0.006,0.000,0.000,0.000,0.000,0.000,0.000,0.000,0.000,0.000,0.013,0.000,0.000,0.006,0.006
32.4073,324,0,move,-1,32.4073,32.4196,0,0.000,0.000,0.264,-0.176,-46.758,32.783,-0.264,-0.088,0.176,0.000,0.000,-0.088,-0.088,0.264,0.088,0.000,0.439,0.176,0.000,0.000,0.000,0.000,-47.133,32.667,0.000,0.000,0.000,0.000,0.000,0.000,0.000,0.000,0.000,0.000,0.000,0.000,0.013,3.2,11.30,29.0,0.000,0.000,0.000,0.000,0.006,,,0.000,0.000,0.000,0.000,0.000,0.000,0.013,0.000,0.000,0.006,0.000
32.5075,325,0,move,-1,32.5075,32.5173,0,0.000,0.000,0.264,-0.176,-46.758,32.783,-0.264,-0.088,0.176,0.000,0.000,-0.088,-0.088,0.264,0.088,0.000,0.439,0.176,0.000,0.000,0.000,0.000,-47.133,32.667,0.000,0.000,0.000,0.000,0.000,0.000,0.000,0.000,0.000,0.000,0.000,0.000,0.013,3.2,11.30,29.0,0.000,0.000,0.000,0.000,0.006,,,0.000,0.000,0.000,0.000,0.000,0.000,0.013,0.000,0.000,0.006,0.000
32.6073,326,0,move,-1,32.6073,32.6179,0,0.000,0.000,0.264,-0.176,-46.758,32.783,-0.264,-0.088,0.176,0.000,0.000,-0.088,-0.088,0.264,0.088,0.000,0.439,0.176,0.000,0.000,0.000,0.000,-47.133,32.667,0.000,0.000,0.000,0.000,0.000,0.000,0.000,0.000,0.000,0.000,0.000,0.000,0.006,4.0,11.30,32.0,0.000,0.000,0.000,0.000,0.006,0.000,0.006,0.000,0.000,0.000,0.000,0.000,0.000,0.006,0.000,0.000,0.006,0.000
32.7075,327,0,move,-1,32.7075,32.7176,0,0.000,0.000,0.264,-0.176,-46.758,32.783,-0.264,-0.088,0.176,0.000,0.000,-0.088,-0.088,0.264,0.088,0.000,0.439,0.176,0.000,0.000,0.000,0.000,-47.133,32.667,0.000,0.000,0.000,0.000,0.000,0.000,0.000,0.000,0.000,0.000,0.000,0.000,0.006,4.0,11.30,32.0,0.000,0.000,0.000,0.000,0.006,0.000,0.006,0.000,0.000,0.000,0.000,0.000,0.000,0.006,0.000,0.000,0.006,0.000
32.8188,328,0,move,-1,32.8188,32.8312,0,0.000,0.000,0.264,-0.176,-46.758,32.783,-0.264,-0.088,0.176,0.000,0.000,-0.088,-0.088,0.264,0.088,0.000,0.439,0.176,0.000,0.000,0.000,0.000,-47.133,32.667,0.000,0.000,0.000,0.000,0.000,0.000,0.000,0.000,0.000,0.000,0.000,0.000,0.013,4.8,11.30,32.0,0.000,0.000,0.006,0.000,0.006,0.000,0.006,0.000,0.000,0.000,0.000,0.000,0.000,0.006,0.000,0.000,0.013,0.006
32.9075,329,0,move,-1,32.9075,32.9182,0,0.000,0.000,0.264,-0.176,-46.758,32.783,-0.264,-0.088,0.176,0.000,0.000,-0.088,-0.088,0.264,0.088,0.000,0.439,0.176,0.000,0.000,0.000,0.000,-47.133,32.667,0.000,0.000,0.000,0.000,0.000,0.000,0.000,0.000,0.000,0.000,0.000,0.000,0.013,4.8,11.30,32.0,0.000,0.000,0.006,0.000,0.006,0.000,0.006,0.000,0.000,0.000,0.000,0.000,0.000,0.006,0.000,0.000,0.013,0.006
33.0075,330,0,move,-1,33.0075,33.0176,0,0.000,0.000,0.264,-0.176,-46.758,32.783,-0.264,-0.088,0.176,0.000,0.000,-0.088,-0.088,0.264,0.088,0.000,0.439,0.176,0.000,0.000,0.000,0.000,-47.133,32.667,0.000,0.000,0.000,0.000,0.000,0.000,0.000,0.000,0.000,0.000,0.000,0.000,0.013,3.2,11.30,29.0,0.000,0.000,0.000,0.006,0.000,0.000,0.000,0.000,0.000,0.000,0.000,0.000,0.000,0.013,0.000,0.000,0.006,0.000
33.1074,331,0,move,-1,33.1074,33.1174,0,0.000,0.000,0.264,-0.176,-46.758,32.783,-0.264,-0.088,0.176,0.000,0.000,-0.088,-0.088,0.264,0.088,0.000,0.439,0.176,0.000,0.000,0.000,0.000,-47.133,32.667,0.000,0.000,0.000,0.000,0.000,0.000,0.000,0.000,0.000,0.000,0.000,0.000,0.013,3.2,11.30,29.0,0.000,0.000,0.000,0.006,0.000,0.000,0.000,0.000,0.000,0.000,0.000,0.000,0.000,0.013,0.000,0.000,0.006,0.000
33.2074,332,0,move,-1,33.2074,33.2187,0,0.000,0.000,0.264,-0.176,-46.758,32.783,-0.264,-0.088,0.176,0.000,0.000,-0.088,-0.088,0.264,0.088,0.000,0.439,0.176,0.000,0.000,0.000,0.000,-47.133,32.667,0.000,0.000,0.000,0.000,0.000,0.000,0.000,0.000,0.000,0.000,0.000,0.000,0.006,3.2,11.30,33.0,0.000,0.000,0.006,0.000,0.000,0.000,0.006,0.000,0.000,0.000,0.000,0.000,0.000,0.006,0.000,0.000,0.006,0.000
33.3073,333,0,move,-1,33.3073,33.3180,0,0.000,0.000,0.264,-0.176,-46.758,32.783,-0.264,-0.088,0.176,0.000,0.000,-0.088,-0.088,0.264,0.088,0.000,0.439,0.176,0.000,0.000,0.000,0.000,-47.133,32.667,0.000,0.000,0.000,0.000,0.000,0.000,0.000,0.000,0.000,0.000,0.000,0.000,0.006,3.2,11.30,33.0,0.000,0.000,0.006,0.000,0.000,0.000,0.006,0.000,0.000,0.000,0.000,0.000,0.000,0.006,0.000,0.000,0.006,0.000
33.4075,334,0,move,-1,33.4075,33.4178,0,0.000,0.000,0.264,-0.176,-46.758,32.783,-0.264,-0.088,0.176,0.000,0.000,-0.088,-0.088,0.264,0.088,0.000,0.439,0.176,0.000,0.000,0.000,0.000,-47.133,32.667,0.000,0.000,0.000,0.000,0.000,0.000,0.000,0.000,0.000,0.000,0.000,0.000,0.013,3.2,11.30,29.0,0.000,0.000,0.006,0.006,0.006,0.000,0.006,0.000,0.000,0.000,0.000,0.000,0.000,0.013,0.000,0.000,0.006,0.000
33.5075,335,0,move,-1,33.5075,33.5180,0,0.000,0.000,0.264,-0.176,-46.758,32.783,-0.264,-0.088,0.176,0.000,0.000,-0.088,-0.088,0.264,0.088,0.000,0.439,0.176,0.000,0.000,0.000,0.000,-47.133,32.667,0.000,0.000,0.000,0.000,0.000,0.000,0.000,0.000,0.000,0.000,0.000,0.000,0.006,3.2,11.30,33.0,0.000,0.000,0.006,0.000,0.006,0.000,0.006,0.000,0.000,0.000,0.000,0.000,0.000,0.006,0.000,0.000,0.006,0.000
33.6075,336,0,move,-1,33.6075,33.6177,0,0.000,0.000,0.264,-0.176,-46.758,32.783,-0.264,-0.088,0.176,0.000,0.000,-0.088,-0.088,0.264,0.088,0.000,0.439,0.176,0.000,0.000,0.000,0.000,-47.133,32.667,0.000,0.000,0.000,0.000,0.000,0.000,0.000,0.000,0.000,0.000,0.000,0.000,0.006,3.2,11.30,33.0,0.000,0.000,0.006,0.000,0.006,0.000,0.006,0.000,0.000,0.000,0.000,0.000,0.000,0.006,0.000,0.000,0.006,0.000
33.7075,337,0,move,-1,33.7075,33.7179,0,0.000,0.000,0.264,-0.176,-46.758,32.783,-0.264,-0.088,0.176,0.000,0.000,-0.088,-0.088,0.264,0.088,0.000,0.439,0.176,0.000,0.000,0.000,0.000,-47.133,32.667,0.000,0.000,0.000,0.000,0.000,0.000,0.000,0.000,0.000,0.000,0.000,0.000,0.006,3.2,11.30,33.0,0.000,0.000,0.006,0.000,0.006,0.000,0.000,0.000,0.000,0.000,0.000,0.000,0.000,0.006,0.000,0.000,0.006,0.006
33.8075,338,0,move,-1,33.8075,33.8267,0,0.000,0.000,0.264,-0.176,-46.758,32.783,-0.264,-0.088,0.176,0.000,0.000,-0.088,-0.088,0.264,0.088,0.000,0.439,0.176,0.000,0.000,0.000,0.000,-47.133,32.667,0.000,0.000,0.000,0.000,0.000,0.000,0.000,0.000,0.000,0.000,0.000,0.000,0.006,4.0,11.30,32.0,0.000,0.000,0.000,0.000,0.006,0.000,0.000,0.000,0.000,0.000,0.000,0.000,0.000,0.006,0.000,0.000,0.006,0.000
33.9073,339,0,move,-1,33.9073,33.9183,0,0.000,0.000,0.264,-0.176,-46.758,32.783,-0.264,-0.088,0.176,0.000,0.000,-0.088,-0.088,0.264,0.088,0.000,0.439,0.176,0.000,0.000,0.000,0.000,-47.133,32.667,0.000,0.000,0.000,0.000,0.000,0.000,0.000,0.000,0.000,0.000,0.000,0.000,0.006,4.0,11.30,32.0,0.000,0.000,0.000,0.000,0.006,0.000,0.000,0.000,0.000,0.000,0.000,0.000,0.000,0.006,0.000,0.000,0.006,0.000
34.0075,340,0,move,-1,34.0075,34.0196,0,0.000,0.000,0.264,-0.176,-46.758,32.783,-0.264,-0.088,0.176,0.000,0.000,-0.088,-0.088,0.264,0.088,0.000,0.439,0.176,0.000,0.000,0.000,0.000,-47.033,32.619,0.000,0.000,0.000,0.000,0.000,0.000,0.000,0.000,0.000,0.000,0.000,0.000,0.013,3.2,11.30,29.0,0.000,0.000,0.000,0.000,0.006,0.000,0.006,0.000,0.000,0.000,0.000,0.000,0.000,0.013,0.000,0.000,0.006,0.000
34.1075,341,0,move,-1,34.1075,34.1173,0,0.000,0.000,0.264,-0.176,-46.758,32.695,-0.264,-0.088,0.176,0.000,0.000,-0.088,-0.088,0.264,0.088,0.000,0.439,0.176,0.000,0.000,0.000,0.000,-46.742,32.477,0.000,0.000,0.000,0.000,0.000,0.000,0.000,0.000,0.000,0.000,0.000,0.000,0.013,3.2,11.30,29.0,0.000,0.000,0.000,0.000,0.006,0.000,0.006,0.000,0.000,0.000,0.000,0.000,0.000,0.013,0.000,0.000,0.006,0.000
34.2075,342,0,move,-1,34.2075,34.2189,0,0.000,0.000,0.264,-0.176,-46.758,32.695,-0.264,-0.088,0.176,0.000,0.000,-0.088,-0.088,0.264,0.088,0.000,0.439,0.176,0.000,0.000,0.000,0.000,-46.288,32.255,0.000,0.000,0.000,0.000,0.000,0.000,0.000,0.000,0.000,0.000,0.000,0.000,0.013,3.2,11.30,29.0,0.000,0.000,0.006,0.000,0.006,0.006,0.000,0.000,0.000,0.000,0.000,0.000,0.000,0.013,0.000,0.000,0.013,0.000
34.3075,343,0,move,-1,34.3075,34.3180,0,0.000,0.000,0.264,-0.176,-46.758,32.432,-0.264,-0.088,0.176,0.000,0.000,-0.088,-0.088,0.264,0.088,0.000,0.439,0.176,0.000,0.000,0.000,0.000,-45.712,31.972,0.000,0.000,0.000,0.000,0.000,0.000,0.000,0.000,0.000,0.000,0.000,0.000,0.013,3.2,11.30,29.0,0.000,0.000,0.006,0.000,0.006,0.006,0.000,0.000,0.000,0.000,0.000,0.000,0.000,0.013,0.000,0.000,0.013,0.000
34.4073,344,0,move,-1,34.4073,34.4426,0,0.000,0.000,0.264,-0.176,-46.406,32.080,-0.264,-0.088,0.176,0.000,0.000,-0.088,-0.088,0.264,0.088,0.000,0.439,0.176,0.000,0.000,0.000,0.000,-45.069,31.653,0.000,0.000,0.000,0.000,0.000,0.000,0.000,0.000,0.000,0.000,0.000,0.000,0.013,3.2,11.30,29.0,0.000,0.000,0.000,0.000,0.006,0.006,0.006,0.000,0.000,0.000,0.000,0.000,0.000,0.013,0.000,0.000,0.006,0.000
34.5073,345,0,move,-1,34.5073,34.5181,0,0.000,0.000,0.264,-0.176,-45.615,31.729,-0.264,-0.088,0.176,0.000,0.000,-0.088,-0.088,0.264,0.088,0.000,0.439,0.176,0.000,0.000,0.000,0.000,-44.421,31.329,0.000,0.000,0.000,0.000,0.000,0.000,0.000,0.000,0.000,0.000,0.000,0.000,0.013,3.2,11.30,29.0,0.000,0.000,0.000,0.000,0.006,0.006,0.006,0.000,0.000,0.000,0.000,0.000,0.000,0.013,0.000,0.000,0.006,0.000
34.6073,346,0,move,-1,34.6073,34.6196,0,0.000,0.000,0.264,-0.176,-45.000,31.377,-0.264,-0.088,0.176,0.000,0.000,-0.088,-0.088,0.264,0.088,0.000,0.439,0.176,0.000,0.000,0.000,0.000,-43.833,31.033,0.000,0.000,0.000,0.000,0.000,0.000,0.000,0.000,0.000,0.000,0.000,0.000,0.006,3.2,11.30,33.0,0.000,0.000,0.006,0.000,0.006,0.006,0.006,0.000,0.000,0.000,0.000,0.000,0.000,0.006,0.000,0.000,0.006,0.000
34.7075,347,0,move,-1,34.7075,34.7193,0,0.000,0.000,0.264,-0.176,-44.385,31.113,-0.264,-0.088,0.176,0.000,0.000,-0.088,-0.088,0.264,0.088,0.000,0.439,0.176,0.000,0.000,0.000,0.000,-43.362,30.795,0.000,0.000,0.000,0.000,0.000,0.000,0.000,0.000,0.000,0.000,0.000,0.000,0.006,3.2,11.30,33.0,0.000,0.000,0.006,0.000,0.006,0.006,0.006,0.000,0.000,0.000,0.000,0.000,0.000,0.006,0.000,0.000,0.006,0.000
34.8075,348,0,move,-1,34.8075,34.8183,0,0.000,0.000,0.264,-0.176,-43.770,30.850,-0.264,-0.088,0.176,0.000,0.000,-0.088,-0.088,0.264,0.088,0.000,0.439,0.176,0.000,0.000,0.000,0.000,-43.059,30.640,0.000,0.000,0.000,0.000,0.000,0.000,0.000,0.000,0.000,0.000,0.000,0.000,0.006,3.2,11.30,33.0,0.000,0.000,0.006,0.000,0.006,0.006,0.006,0.000,0.000,0.000,0.000,0.000,0.000,0.006,0.000,0.000,0.006,0.006
34.9122,349,0,move,-1,34.9122,34.9409,0,0.000,0.000,0.264,-0.176,-43.330,30.850,-0.264,-0.088,0.176,0.000,0.000,-0.088,-0.088,0.264,0.088,0.000,0.439,0.176,0.000,0.000,0.000,0.000,-42.955,30.587,0.000,0.000,0.000,0.000,0.000,0.000,0.000,0.000,0.000,0.000,0.000,0.000,0.013,3.6,11.20,32.0,0.000,0.000,0.000,0.000,0.000,0.013,0.006,0.000,0.000,0.000,0.000,0.000,0.000,0.006,0.000,0.000,0.006,0.000
35.0075,350,0,move,-1,35.0075,35.0172,0,0.000,0.000,0.264,-0.176,-43.242,30.674,-0.264,-0.088,0.176,0.000,0.000,-0.088,-0.088,0.264,0.088,0.000,0.439,0.176,0.000,0.000,0.000,0.000,-42.955,30.587,0.000,0.000,0.000,0.000,0.000,0.000,0.000,0.000,0.000,0.000,0.000,0.000,0.013,3.6,11.20,32.0,0.000,0.000,0.000,0.000,0.000,0.013,0.006,0.000,0.000,0.000,0.000,0.000,0.000,0.006,0.000,0.000,0.006,0.000
35.1075,351,0,move,-1,35.1075,35.1142,0,0.000,0.000,0.264,-0.176,-43.066,30.674,-0.264,-0.088,0.176,0.000,0.000,-0.088,-0.088,0.264,0.088,0.000,0.439,0.176,0.000,0.000,0.000,0.000,-42.955,30.587,0.000,0.000,0.000,0.000,0.000,0.000,0.000,0.000,0.000,0.000,0.000,0.000,0.013,3.2,11.30,29.0,,0.000,0.000,0.006,0.000,0.000,0.006,0.000,0.000,0.000,0.000,0.000,0.000,0.013,0.000,0.000,0.006,0.006
35.2075,352,0,move,-1,35.2075,35.2182,0,0.000,0.000,0.264,-0.176,-42.979,30.674,-0.264,-0.088,0.176,0.000,0.000,-0.088,-0.088,0.264,0.088,0.000,0.439,0.176,0.000,0.000,0.000,0.000,-42.955,30.587,0.000,0.000,0.000,0.000,0.000,0.000,0.000,0.000,0.000,0.000,0.000,0.000,0.013,3.2,11.30,29.0,0.000,0.000,0.006,0.006,0.000,0.000,0.006,0.000,0.000,0.000,0.000,0.000,0.000,0.013,0.000,0.000,0.006,0.000
35.3075,353,0,move,-1,35.3075,35.3181,0,0.000,0.000,0.264,-0.176,-42.803,30.674,-0.264,-0.088,0.176,0.000,0.000,-0.088,-0.088,0.264,0.088,0.000,0.439,0.176,0.000,0.000,0.000,0.000,-42.955,30.587,0.000,0.000,0.000,0.000,0.000,0.000,0.000,0.000,0.000,0.000,0.000,0.000,0.013,3.2,11.30,29.0,0.000,0.000,0.006,0.006,0.000,0.000,0.006,0.000,0.000,0.000,0.000,0.000,0.000,0.013,0.000,0.000,0.006,0.000
35.4075,354,0,move,-1,35.4075,35.4219,0,0.000,0.000,0.264,-0.176,-42.715,30.674,-0.264,-0.088,0.176,0.000,0.000,-0.088,-0.088,0.264,0.088,0.000,0.439,0.176,0.000,0.000,0.000,0.000,-42.955,30.587,0.000,0.000,0.000,0.000,0.000,0.000,0.000,0.000,0.000,0.000,0.000,0.000,0.006,3.2,11.30,29.0,0.000,0.000,0.000,0.000,0.000,0.000,0.000,0.000,0.000,0.000,0.000,0.000,0.000,0.006,0.000,0.000,0.006,0.000
35.5074,355,0,move,-1,35.5074,35.5207,0,0.000,0.000,0.264,-0.176,-42.715,30.674,-0.264,-0.088,0.176,0.000,0.000,-0.088,-0.088,0.264,0.088,0.000,0.439,0.176,0.000,0.000,0.000,0.000,-42.955,30.587,0.000,0.000,0.000,0.000,0.000,0.000,0.000,0.000,0.000,0.000,0.000,0.000,0.006,3.2,11.30,29.0,0.000,0.000,0.000,0.000,0.000,0.000,0.000,0.000,0.000,0.000,0.000,0.000,0.000,0.006,0.000,0.000,0.006,0.000
35.6075,356,0,move,-1,35.6075,35.6180,0,0.000,0.000,0.264,-0.176,-42.715,30.674,-0.264,-0.088,0.176,0.000,0.000,-0.088,-0.088,0.264,0.088,0.000,0.439,0.176,0.000,0.000,0.000,0.000,-42.955,30.587,0.000,0.000,0.000,0.000,0.000,0.000,0.000,0.000,0.000,0.000,0.000,0.000,0.013,3.2,11.30,29.0,0.000,0.000,0.006,0.000,0.006,0.000,0.000,0.000,0.000,0.000,0.000,0.000,0.000,0.013,0.000,0.000,0.006,0.000
35.7075,357,0,move,-1,35.7075,35.7174,0,0.000,0.000,0.264,-0.176,-42.715,30.674,-0.264,-0.088,0.176,0.000,0.000,-0.088,-0.088,0.264,0.088,0.000,0.439,0.176,0.000,0.000,0.000,0.000,-42.955,30.587,0.000,0.000,0.000,0.000,0.000,0.000,0.000,0.000,0.000,0.000,0.000,0.000,0.013,3.2,11.30,29.0,0.000,0.000,0.006,0.000,0.006,0.000,0.000,0.000,0.000,0.000,0.000,0.000,0.000,0.013,0.000,0.000,0.006,0.000
35.8075,358,0,move,-1,35.8075,35.8191,0,0.000,0.000,0.264,-0.176,-42.627,30.674,-0.264,-0.088,0.176,0.000,0.000,-0.088,-0.088,0.264,0.088,0.000,0.439,0.176,0.000,0.000,0.000,0.000,-42.955,30.587,0.000,0.000,0.000,0.000,0.000,0.000,0.000,0.000,0.000,0.000,0.000,0.000,0.006,2.4,11.30,32.0,0.000,0.000,0.000,0.006,0.006,0.000,0.000,0.000,0.000,0.000,0.000,0.000,0.000,0.006,0.000,0.000,0.006,0.000
35.9106,359,0,move,-1,35.9106,35.9208,0,0.000,0.000,0.264,-0.176,-42.627,30.674,-0.264,-0.088,0.176,0.000,0.000,-0.088,-0.088,0.264,0.088,0.000,0.439,0.176,0.000,0.000,0.000,0.000,-42.955,30.587,0.000,0.000,0.000,0.000,0.000,0.000,0.000,0.000,0.000,0.000,0.000,0.000,0.006,3.2,11.30,33.0,0.000,0.000,0.006,0.000,0.006,0.000,0.000,0.000,0.000,0.000,0.000,0.000,0.000,0.006,0.000,0.000,0.006,0.006
36.0075,360,0,move,-1,36.0075,36.0192,0,0.000,0.000,0.264,-0.176,-42.627,30.674,-0.264,-0.088,0.176,0.000,0.000,-0.088,-0.088,0.264,0.088,0.000,0.439,0.176,0.000,0.000,0.000,0.000,-42.955,30.587,0.000,0.000,0.000,0.000,0.000,0.000,0.000,0.000,0.000,0.000,0.000,0.000,0.006,3.2,11.30,33.0,0.000,0.000,0.006,0.000,0.006,0.000,0.000,0.000,0.000,0.000,0.000,0.000,0.000,0.006,0.000,0.000,0.006,0.006
36.1075,361,0,move,-1,36.1075,36.1197,0,0.000,0.000,0.264,-0.176,-42.627,30.674,-0.264,-0.088,0.176,0.000,0.000,-0.088,-0.088,0.264,0.088,0.000,0.439,0.176,0.000,0.000,0.000,0.000,-42.955,30.587,0.000,0.000,0.000,0.000,0.000,0.000,0.000,0.000,0.000,0.000,0.000,0.000,0.013,3.2,11.30,29.0,0.000,0.000,0.000,0.000,0.006,0.000,0.006,0.000,0.006,0.000,0.000,0.000,0.000,0.013,0.000,0.000,0.006,0.000
36.2073,362,0,move,-1,36.2073,36.2213,0,0.000,0.000,0.264,-0.176,-42.627,30.674,-0.264,-0.088,0.176,0.000,0.000,-0.088,-0.088,0.264,0.088,0.000,0.439,0.176,0.000,0.000,0.000,0.000,-42.955,30.587,0.000,0.000,0.000,0.000,0.000,0.000,0.000,0.000,0.000,0.000,0.000,0.000,0.013,3.2,11.30,29.0,0.000,0.000,0.006,0.006,0.000,0.000,0.006,0.000,0.000,0.000,0.000,0.000,0.000,0.013,0.000,0.000,0.006,0.006
36.3075,363,0,move,-1,36.3075,36.3181,0,0.000,0.000,0.264,-0.176,-42.627,30.674,-0.264,-0.088,0.176,0.000,0.000,-0.088,-0.088,0.264,0.088,0.000,0.439,0.176,0.000,0.000,0.000,0.000,-42.955,30.587,0.000,0.000,0.000,0.000,0.000,0.000,0.000,0.000,0.000,0.000,0.000,0.000,0.013,3.2,11.30,29.0,0.000,0.000,0.006,0.006,0.000,0.000,0.006,0.000,0.000,0.000,0.000,0.000,0.000,0.013,0.000,0.000,0.006,0.006
36.4090,364,0,move,-1,36.4090,36.4180,0,0.000,0.000,0.264,-0.176,-42.627,30.674,-0.264,-0.088,0.176,0.000,0.000,-0.088,-0.088,0.264,0.088,0.000,0.439,0.176,0.000,0.000,0.000,0.000,-42.955,30.587,0.000,0.000,0.000,0.000,0.000,0.000,0.000,0.000,0.000,0.000,0.000,0.000,0.013,3.2,11.30,29.0,0.000,0.000,0.000,0.006,0.006,0.000,0.006,0.000,0.000,0.000,0.000,0.000,0.000,0.013,0.000,0.000,0.006,0.000
36.5075,365,0,move,-1,36.5075,36.5195,0,0.000,0.000,0.264,-0.176,-42.627,30.674,-0.264,-0.088,0.176,0.000,0.000,-0.088,-0.088,0.264,0.088,0.000,0.439,0.176,0.000,0.000,0.000,0.000,-42.955,30.587,0.000,0.000,0.000,0.000,0.000,0.000,0.000,0.000,0.000,0.000,0.000,0.000,0.013,3.2,11.30,29.0,0.000,0.000,0.000,0.000,0.000,0.000,0.006,0.000,0.000,0.000,0.000,0.000,0.000,0.013,0.000,0.000,0.006,0.006
36.6073,366,0,move,-1,36.6073,36.6183,0,0.000,0.000,0.264,-0.176,-42.627,30.674,-0.264,-0.088,0.176,0.000,0.000,-0.088,-0.088,0.264,0.088,0.000,0.439,0.176,0.000,0.000,0.000,0.000,-42.955,30.587,0.000,0.000,0.000,0.000,0.000,0.000,0.000,0.000,0.000,0.000,0.000,0.000,0.013,3.2,11.30,29.0,0.000,0.000,0.000,0.000,0.000,0.000,0.006,0.000,0.000,0.000,0.000,0.000,0.000,0.013,0.000,0.000,0.006,0.006
36.7075,367,0,move,-1,36.7075,36.7188,0,0.000,0.000,0.264,-0.176,-42.627,30.674,-0.264,-0.088,0.176,0.000,0.000,-0.088,-0.088,0.264,0.088,0.000,0.439,0.176,0.000,0.000,0.000,0.000,-42.955,30.587,0.000,0.000,0.000,0.000,0.000,0.000,0.000,0.000,0.000,0.000,0.000,0.000,0.006,2.4,11.30,32.0,0.000,0.000,0.000,0.006,0.006,0.000,0.006,0.000,0.000,0.000,0.000,0.000,0.000,0.006,0.000,0.000,0.006,0.000
36.8073,368,0,move,-1,36.8073,36.8183,0,0.000,0.000,0.264,-0.176,-42.627,30.674,-0.264,-0.088,0.176,0.000,0.000,-0.088,-0.088,0.264,0.088,0.000,0.439,0.176,0.000,0.000,0.000,0.000,-42.955,30.587,0.000,0.000,0.000,0.000,0.000,0.000,0.000,0.000,0.000,0.000,0.000,0.000,0.006,2.4,11.30,32.0,0.000,0.000,0.000,0.006,0.006,0.000,0.006,0.000,0.000,0.000,0.000,0.000,0.000,0.006,0.000,0.000,0.006,0.000
36.9075,369,0,move,-1,36.9075,36.9184,0,0.000,0.000,0.264,-0.176,-42.627,30.674,-0.264,-0.088,0.176,0.000,0.000,-0.088,-0.088,0.264,0.088,0.000,0.439,0.176,0.000,0.000,0.000,0.000,-42.955,30.587,0.000,0.000,0.000,0.000,0.000,0.000,0.000,0.000,0.000,0.000,0.000,0.000,0.013,3.2,11.30,29.0,0.000,0.000,0.000,0.006,0.006,0.000,0.006,0.000,0.000,0.006,0.000,0.000,0.000,0.013,0.000,0.000,0.006,0.000
37.0107,370,0,move,-1,37.0107,37.0201,0,0.000,0.000,0.264,-0.176,-42.627,30.674,-0.264,-0.088,0.176,0.000,0.000,-0.088,-0.088,0.264,0.088,0.000,0.439,0.176,0.000,0.000,0.000,0.000,-42.955,30.587,0.000,0.000,0.000,0.000,0.000,0.000,0.000,0.000,0.000,0.000,0.000,0.000,0.006,2.4,11.30,32.0,0.000,0.000,0.000,0.006,0.006,0.000,0.006,0.000,0.000,0.000,0.000,0.000,0.000,0.006,0.000,0.000,0.006,0.000
37.1075,371,0,move,-1,37.1075,37.1172,0,0.000,0.000,0.264,-0.176,-42.627,30.674,-0.264,-0.088,0.176,0.000,0.000,-0.088,-0.088,0.264,0.088,0.000,0.439,0.176,0.000,0.000,0.000,0.000,-42.955,30.587,0.000,0.000,0.000,0.000,0.000,0.000,0.000,0.000,0.000,0.000,0.000,0.000,0.006,2.4,11.30,32.0,0.000,0.000,0.000,0.006,0.006,0.000,0.006,0.000,0.000,0.000,0.000,0.000,0.000,0.006,0.000,0.000,0.006,0.000
37.2075,372,0,move,-1,37.2075,37.2176,0,0.000,0.000,0.264,-0.176,-42.627,30.674,-0.264,-0.088,0.176,0.000,0.000,-0.088,-0.088,0.264,0.088,0.000,0.439,0.176,0.000,0.000,0.000,0.000,-42.955,30.587,0.000,0.000,0.000,0.000,0.000,0.000,0.000,0.000,0.000,0.000,0.000,0.000,0.006,2.4,11.30,32.0,0.000,0.000,0.000,0.006,0.000,0.000,0.000,0.000,0.000,0.000,0.000,0.000,0.000,0.006,0.000,0.000,0.006,0.000
37.3075,373,0,move,-1,37.3075,37.3170,0,0.000,0.000,0.264,-0.176,-42.627,30.674,-0.264,-0.088,0.176,0.000,0.000,-0.088,-0.088,0.264,0.088,0.000,0.439,0.176,0.000,0.000,0.000,0.000,-42.955,30.587,0.000,0.000,0.000,0.000,0.000,0.000,0.000,0.000,0.000,0.000,0.000,0.000,0.006,2.4,11.30,32.0,0.000,0.000,0.000,0.006,0.000,0.000,0.000,0.000,0.000,0.000,0.000,0.000,0.000,0.006,0.000,0.000,0.006,0.000
37.4075,374,0,move,-1,37.4075,37.4182,0,0.000,0.000,0.264,-0.176,-42.627,30.674,-0.264,-0.088,0.176,0.000,0.000,-0.088,-0.088,0.264,0.088,0.000,0.439,0.176,0.000,0.000,0.000,0.000,-42.955,30.587,0.000,0.000,0.000,0.000,0.000,0.000,0.000,0.000,0.000,0.000,0.000,0.000,0.006,4.0,11.30,32.0,0.000,0.000,0.000,0.000,0.006,0.000,0.006,0.000,0.000,0.000,0.000,0.000,0.000,0.006,0.000,0.000,0.006,0.006
37.5077,375,0,move,-1,37.5077,37.5526,0,0.000,0.000,0.264,-0.176,-42.627,30.674,-0.264,-0.088,0.176,0.000,0.000,-0.088,-0.088,0.264,0.088,0.000,0.439,0.176,0.000,0.000,0.000,0.000,-42.955,30.587,0.000,0.000,0.000,0.000,0.000,0.000,0.000,0.000,0.000,0.000,0.000,0.000,0.013,3.2,11.30,29.0,0.000,0.000,0.000,0.000,0.006,0.000,0.006,0.000,0.000,0.000,0.000,0.000,0.000,0.013,0.000,0.000,0.006,0.000
37.6127,376,0,move,-1,37.6127,37.6542,0,0.000,0.000,0.264,-0.176,-42.627,30.674,-0.264,-0.088,0.176,0.000,0.000,-0.088,-0.088,0.264,0.088,0.000,0.439,0.176,0.000,0.000,0.000,0.000,-42.955,30.587,0.000,0.000,0.000,0.000,0.000,0.000,0.000,0.000,0.000,0.000,0.000,0.000,0.006,3.2,11.20,32.0,0.000,0.000,0.000,0.000,0.000,0.000,0.006,0.000,0.000,0.000,0.000,0.000,0.000,0.006,0.000,0.000,0.006,0.000
37.7075,377,0,move,-1,37.7075,37.7178,0,0.000,0.000,0.264,-0.176,-42.627,30.674,-0.264,-0.088,0.176,0.000,0.000,-0.088,-0.088,0.264,0.088,0.000,0.439,0.176,0.000,0.000,0.000,0.000,-42.955,30.587,0.000,0.000,0.000,0.000,0.000,0.000,0.000,0.000,0.000,0.000,0.000,0.000,0.006,3.2,11.20,32.0,0.000,0.000,0.000,0.000,0.000,0.000,0.006,0.000,0.000,0.000,0.000,0.000,0.000,0.006,0.000,0.000,0.006,0.000
37.8075,378,0,move,-1,37.8075,37.8196,0,0.000,0.000,0.264,-0.176,-42.627,30.674,-0.264,-0.088,0.176,0.000,0.000,-0.088,-0.088,0.264,0.088,0.000,0.439,0.176,0.000,0.000,0.000,0.000,-42.955,30.587,0.000,0.000,0.000,0.000,0.000,0.000,0.000,0.000,0.000,0.000,0.000,0.000,0.006,4.0,11.20,32.0,0.000,0.000,0.000,0.000,0.006,0.000,0.006,0.000,0.000,0.000,0.000,0.000,0.000,0.006,0.000,0.000,0.006,0.006
37.9075,379,0,move,-1,37.9075,37.9175,0,0.000,0.000,0.264,-0.176,-42.627,30.674,-0.264,-0.088,0.176,0.000,0.000,-0.088,-0.088,0.264,0.088,0.000,0.439,0.176,0.000,0.000,0.000,0.000,-42.955,30.587,0.000,0.000,0.000,0.000,0.000,0.000,0.000,0.000,0.000,0.000,0.000,0.000,0.006,4.0,11.20,32.0,0.000,0.000,0.000,0.000,0.006,0.000,0.006,0.000,0.000,0.000,0.000,0.000,0.000,0.006,0.000,0.000,0.006,0.006
38.0075,380,0,move,-1,38.0075,38.0184,0,0.000,0.000,0.264,-0.176,-42.627,30.674,-0.264,-0.088,0.176,0.000,0.000,-0.088,-0.088,0.264,0.088,0.000,0.439,0.176,0.000,0.000,0.000,0.000,-43.059,30.640,0.000,0.000,0.000,0.000,0.000,0.000,0.000,0.000,0.000,0.000,0.000,0.000,0.006,3.2,11.30,33.0,0.000,0.000,0.006,0.006,0.006,0.000,0.000,0.000,0.000,0.000,0.000,0.000,0.000,0.006,0.000,0.000,0.006,0.006
38.1082,381,0,move,-1,38.1082,38.1270,0,0.000,0.000,0.264,-0.176,-42.627,30.674,-0.264,-0.088,0.176,0.000,0.000,-0.088,-0.088,0.264,0.088,0.000,0.439,0.176,0.000,0.000,0.000,0.000,-43.362,30.795,0.000,0.000,0.000,0.000,0.000,0.000,0.000,0.000,0.000,0.000,0.000,0.000,0.006,3.2,11.30,33.0,0.000,0.000,0.006,0.000,0.006,0.000,0.006,0.000,0.000,0.000,0.000,0.000,0.000,0.006,0.000,0.000,0.006,0.006
38.2075,382,0,move,-1,38.2075,38.2175,0,0.000,0.000,0.264,-0.176,-42.803,30.674,-0.264,-0.088,0.176,0.000,0.000,-0.088,-0.088,0.264,0.088,0.000,0.439,0.176,0.000,0.000,0.000,0.000,-43.833,31.033,0.000,0.000,0.000,0.000,0.000,0.000,0.000,0.000,0.000,0.000,0.000,0.000,0.006,3.2,11.30,33.0,0.000,0.000,0.006,0.000,0.006,0.000,0.006,0.000,0.000,0.000,0.000,0.000,0.000,0.006,0.000,0.000,0.006,0.006
38.3075,383,0,move,-1,38.3075,38.3184,0,0.000,0.000,0.264,-0.176,-43.066,30.938,-0.264,-0.088,0.176,0.000,0.000,-0.088,-0.088,0.264,0.088,0.000,0.439,0.176,0.000,0.000,0.000,0.000,-44.421,31.329,0.000,0.000,0.000,0.000,0.000,0.000,0.000,0.000,0.000,0.000,0.000,0.000,0.019,8.0,11.30,32.0,0.000,0.000,0.006,0.000,0.019,0.006,0.000,0.000,0.000,0.000,0.000,0.000,0.000,0.013,0.000,0.000,0.006,0.006
38.4075,384,0,move,-1,38.4075,38.4172,0,0.000,0.000,0.264,-0.176,-43.594,31.289,-0.264,-0.088,0.176,0.000,0.000,-0.088,-0.088,0.264,0.088,0.000,0.439,0.176,0.000,0.000,0.000,0.000,-45.069,31.653,0.000,0.000,0.000,0.000,0.000,0.000,0.000,0.000,0.000,0.000,0.000,0.000,0.019,8.0,11.30,32.0,0.000,0.000,0.006,0.000,0.019,0.006,0.000,0.000,0.000,0.000,0.000,0.000,0.000,0.013,0.000,0.000,0.006,0.006
38.5074,385,0,move,-1,38.5074,38.5141,0,0.000,0.000,0.264,-0.176,-44.209,31.465,-0.264,-0.088,0.176,0.000,0.000,-0.088,-0.088,0.264,0.088,0.000,0.439,0.176,0.000,0.000,0.000,0.000,-45.712,31.972,0.000,0.000,0.000,0.000,0.000,0.000,0.000,0.000,0.000,0.000,0.000,0.000,0.019,8.8,11.30,31.0,0.000,0.000,0.000,0.000,0.019,0.006,0.000,0.000,0.000,0.000,0.000,0.000,0.000,0.013,0.000,0.000,0.006,0.000
38.6075,386,0,move,-1,38.6075,38.6184,0,0.000,0.000,0.264,-0.176,-44.824,31.904,-0.264,-0.088,0.176,0.000,0.000,-0.088,-0.088,0.264,0.088,0.000,0.439,0.176,0.000,0.000,0.000,0.000,-46.288,32.255,0.000,0.000,0.000,0.000,0.000,0.000,0.000,0.000,0.000,0.000,0.000,0.000,0.019,9.2,11.20,31.0,0.000,0.000,0.000,0.000,0.019,0.006,0.000,0.000,0.000,0.000,0.000,0.000,0.000,0.006,0.000,0.000,0.006,0.000
38.7073,387,0,move,-1,38.7073,38.7177,0,0.000,0.000,0.264,-0.176,-45.527,32.168,-0.264,-0.088,0.176,0.000,0.000,-0.088,-0.088,0.264,0.088,0.000,0.439,0.176,0.000,0.000,0.000,0.000,-46.742,32.477,0.000,0.000,0.000,0.000,0.000,0.000,0.000,0.000,0.000,0.000,0.000,0.000,0.019,9.2,11.20,31.0,0.000,0.000,0.000,0.000,0.019,0.006,0.000,0.000,0.000,0.000,0.000,0.000,0.000,0.006,0.000,0.000,0.006,0.000
38.8075,388,0,move,-1,38.8075,38.8180,0,0.000,0.000,0.264,-0.176,-46.055,32.432,-0.264,-0.088,0.176,0.000,0.000,-0.088,-0.088,0.264,0.088,0.000,0.439,0.176,0.000,0.000,0.000,0.000,-47.033,32.619,0.000,0.000,0.000,0.000,0.000,0.000,0.000,0.000,0.000,0.000,0.000,0.000,0.019,8.4,11.30,31.0,0.000,0.000,0.006,0.000,0.019,0.006,0.000,0.000,0.000,0.000,0.000,0.000,0.000,0.013,0.000,0.000,0.006,0.000
38.9075,389,0,move,-1,38.9075,38.9169,0,0.000,0.000,0.264,-0.176,-46.406,32.520,-0.264,-0.088,0.176,0.000,0.000,-0.088,-0.088,0.264,0.088,0.000,0.439,0.176,0.000,0.000,0.000,0.000,-47.133,32.667,0.000,0.000,0.000,0.000,0.000,0.000,0.000,0.000,0.000,0.000,0.000,0.000,0.019,8.4,11.30,31.0,0.000,0.000,0.006,0.000,0.019,0.006,0.000,0.000,0.000,0.000,0.000,0.000,0.000,0.013,0.000,0.000,0.006,0.000
39.0075,390,0,move,-1,39.0075,39.0179,0,0.000,0.000,0.264,-0.176,-46.494,32.607,-0.264,-0.088,0.176,0.000,0.000,-0.088,-0.088,0.264,0.088,0.000,0.439,0.176,0.000,0.000,0.000,0.000,-47.133,32.667,0.000,0.000,0.000,0.000,0.000,0.000,0.000,0.000,0.000,0.000,0.000,0.000,0.013,6.4,11.30,32.0,0.000,0.000,0.000,0.000,0.013,0.000,0.006,0.000,0.006,0.000,0.000,0.000,0.000,0.006,0.000,0.000,0.006,0.000
39.1074,391,0,move,-1,39.1074,39.1191,0,0.000,0.000,0.264,-0.176,-46.494,32.607,-0.264,-0.088,0.176,0.000,0.000,-0.088,-0.088,0.264,0.088,0.000,0.439,0.176,0.000,0.000,0.000,0.000,-47.133,32.667,0.000,0.000,0.000,0.000,0.000,0.000,0.000,0.000,0.000,0.000,0.000,0.000,0.013,6.4,11.30,31.0,0.000,0.000,0.006,0.000,0.013,0.000,0.006,0.000,0.000,0.000,0.000,0.000,0.000,0.006,0.000,0.000,0.006,0.000
39.2075,392,0,move,-1,39.2075,39.2206,0,0.000,0.000,0.264,-0.176,-46.494,32.607,-0.264,-0.088,0.176,0.000,0.000,-0.088,-0.088,0.264,0.088,0.000,0.439,0.176,0.000,0.000,0.000,0.000,-47.133,32.667,0.000,0.000,0.000,0.000,0.000,0.000,0.000,0.000,0.000,0.000,0.000,0.000,0.013,6.4,11.20,32.0,0.000,0.000,0.006,0.000,0.013,0.000,0.006,0.000,0.000,0.000,0.000,0.000,0.000,0.013,0.000,0.000,0.006,0.006
39.3074,393,0,move,-1,39.3074,39.3215,0,0.000,0.000,0.264,-0.176,-46.494,32.607,-0.264,-0.088,0.176,0.000,0.000,-0.088,-0.088,0.264,0.088,0.000,0.439,0.176,0.000,0.000,0.000,0.000,-47.133,32.667,0.000,0.000,0.000,0.000,0.000,0.000,0.000,0.000,0.000,0.000,0.000,0.000,0.000,0.0,11.30,32.0,0.000,0.000,0.000,0.000,0.000,0.000,0.000,0.000,0.000,0.000,0.000,0.000,0.000,0.000,0.000,0.000,0.000,0.000
39.4120,394,0,move,-1,39.4120,39.4232,0,0.000,0.000,0.264,-0.176,-46.494,32.607,-0.264,-0.088,0.176,0.000,0.000,-0.088,-0.088,0.264,0.088,0.000,0.439,0.176,0.000,0.000,0.000,0.000,-47.133,32.667,0.000,0.000,0.000,0.000,0.000,0.000,0.000,0.000,0.000,0.000,0.000,0.000,0.013,4.8,11.30,32.0,0.000,0.000,0.006,0.000,0.006,0.000,0.006,0.000,0.006,0.000,0.000,0.000,0.000,0.006,0.000,0.000,0.013,0.000
39.5075,395,0,move,-1,39.5075,39.5194,0,0.000,0.000,0.264,-0.176,-46.494,32.607,-0.264,-0.088,0.176,0.000,0.000,-0.088,-0.088,0.264,0.088,0.000,0.439,0.176,0.000,0.000,0.000,0.000,-47.133,32.667,0.000,0.000,0.000,0.000,0.000,0.000,0.000,0.000,0.000,0.000,0.000,0.000,0.013,4.8,11.30,32.0,0.000,0.000,0.006,0.000,0.006,0.000,0.006,0.000,0.006,0.000,0.000,0.000,0.000,0.006,0.000,0.000,0.013,0.000
39.6073,396,0,move,-1,39.6073,39.6173,0,0.000,0.000,0.264,-0.176,-46.582,32.607,-0.264,-0.088,0.176,0.000,0.000,-0.088,-0.088,0.264,0.088,0.000,0.439,0.176,0.000,0.000,0.000,0.000,-47.133,32.667,0.000,0.000,0.000,0.000,0.000,0.000,0.000,0.000,0.000,0.000,0.000,0.000,0.013,6.4,11.30,31.0,0.000,0.000,0.000,0.000,0.013,0.000,0.006,0.000,0.006,0.000,0.000,0.000,0.000,0.013,0.000,0.000,0.006,0.006
39.7075,397,0,move,-1,39.7075,39.7186,0,0.000,0.000,0.264,-0.176,-46.582,32.607,-0.264,-0.088,0.176,0.000,0.000,-0.088,-0.088,0.264,0.088,0.000,0.439,0.176,0.000,0.000,0.000,0.000,-47.133,32.667,0.000,0.000,0.000,0.000,0.000,0.000,0.000,0.000,0.000,0.000,0.000,0.000,0.013,5.6,11.20,31.0,0.000,0.000,0.006,0.006,0.013,0.000,0.006,0.000,0.006,0.000,0.000,0.000,0.000,0.006,0.000,0.000,0.006,0.006
39.8075,398,0,move,-1,39.8075,39.8182,0,0.000,0.000,0.264,-0.176,-46.582,32.607,-0.264,-0.088,0.176,0.000,0.000,-0.088,-0.088,0.264,0.088,0.000,0.439,0.176,0.000,0.000,0.000,0.000,-47.133,32.667,0.000,0.000,0.000,0.000,0.000,0.000,0.000,0.000,0.000,0.000,0.000,0.000,0.013,5.6,11.20,31.0,0.000,0.000,0.006,0.006,0.013,0.000,0.006,0.000,0.006,0.000,0.000,0.000,0.000,0.006,0.000,0.000,0.006,0.006
39.9074,399,0,move,-1,39.9074,39.9193,0,0.000,0.000,0.264,-0.176,-46.582,32.607,-0.264,-0.088,0.176,0.000,0.000,-0.088,-0.088,0.264,0.088,0.000,0.439,0.176,0.000,0.000,0.000,0.000,-47.133,32.667,0.000,0.000,0.000,0.000,0.000,0.000,0.000,0.000,0.000,0.000,0.000,0.000,0.006,5.6,11.30,32.0,0.000,0.000,0.000,0.000,0.006,0.000,0.000,0.000,0.000,0.000,0.000,0.000,0.000,0.006,0.000,0.000,0.006,0.000
40.0075,400,0,move,-1,40.0075,40.0181,0,0.000,0.000,0.264,-0.176,-46.582,32.607,-0.264,-0.088,0.176,0.000,0.000,-0.088,-0.088,0.264,0.088,0.000,0.439,0.176,0.000,0.000,0.000,0.000,-47.133,32.667,0.000,0.000,0.000,0.000,0.000,0.000,0.000,0.000,0.000,0.000,0.000,0.000,0.006,5.6,11.30,32.0,0.000,0.000,0.000,0.000,0.006,0.000,0.000,0.000,0.000,0.000,0.000,0.000,0.000,0.006,0.000,0.000,0.006,0.000
40.1079,401,0,move,-1,40.1079,40.1273,0,0.000,0.000,0.264,-0.176,-46.582,32.607,-0.264,-0.088,0.176,0.000,0.000,-0.088,-0.088,0.264,0.088,0.000,0.439,0.176,0.000,0.000,0.000,0.000,-47.133,32.667,0.000,0.000,0.000,0.000,0.000,0.000,0.000,0.000,0.000,0.000,0.000,0.000,0.013,5.6,11.30,32.0,0.000,0.000,0.006,0.000,0.013,0.000,0.000,0.000,0.000,0.000,0.000,0.000,0.000,0.013,0.000,0.000,0.006,0.006
40.2075,402,0,move,-1,40.2075,40.2186,0,0.000,0.000,0.264,-0.176,-46.582,32.607,-0.264,-0.088,0.176,0.000,0.000,-0.088,-0.088,0.264,0.088,0.000,0.439,0.176,0.000,0.000,0.000,0.000,-47.133,32.667,0.000,0.000,0.000,0.000,0.000,0.000,0.000,0.000,0.000,0.000,0.000,0.000,0.013,5.6,11.30,32.0,0.000,0.000,0.006,0.000,0.013,0.000,0.000,0.000,0.000,0.000,0.000,0.000,0.000,0.013,0.000,0.000,0.006,0.006
40.3075,403,0,move,-1,40.3075,40.3192,0,0.000,0.000,0.264,-0.176,-46.582,32.607,-0.264,-0.088,0.176,0.000,0.000,-0.088,-0.088,0.264,0.088,0.000,0.439,0.176,0.000,0.000,0.000,0.000,-47.133,32.667,0.000,0.000,0.000,0.000,0.000,0.000,0.000,0.000,0.000,0.000,0.000,0.000,0.013,4.8,11.30,32.0,0.000,0.000,0.000,0.000,0.006,0.000,0.006,0.000,0.000,0.000,0.000,0.000,0.000,0.006,0.000,0.000,0.013,0.000
40.4075,404,0,move,-1,40.4075,40.4177,0,0.000,0.000,0.264,-0.176,-46.582,32.607,-0.264,-0.088,0.176,0.000,0.000,-0.088,-0.088,0.264,0.088,0.000,0.439,0.176,0.000,0.000,0.000,0.000,-47.133,32.667,0.000,0.000,0.000,0.000,0.000,0.000,0.000,0.000,0.000,0.000,0.000,0.000,0.013,4.8,11.30,32.0,0.000,0.000,0.000,0.000,0.006,0.000,0.006,0.000,0.000,0.000,0.000,0.000,0.000,0.006,0.000,0.000,0.013,0.000
40.5075,405,0,move,-1,40.5075,40.5179,0,0.000,0.000,0.264,-0.176,-46.582,32.607,-0.264,-0.088,0.176,0.000,0.000,-0.088,-0.088,0.264,0.088,0.000,0.439,0.176,0.000,0.000,0.000,0.000,-47.133,32.667,0.000,0.000,0.000,0.000,0.000,0.000,0.000,0.000,0.000,0.000,0.000,0.000,0.006,5.6,11.30,32.0,0.000,0.000,0.000,0.000,0.006,0.000,0.000,0.000,0.000,0.000,0.000,0.000,0.000,0.006,0.000,0.000,0.006,0.006
40.6073,406,0,move,-1,40.6073,40.6198,0,0.000,0.000,0.264,-0.176,-46.582,32.607,-0.264,-0.088,0.176,0.000,0.000,-0.088,-0.088,0.264,0.088,0.000,0.439,0.176,0.000,0.000,0.000,0.000,-47.133,32.667,0.000,0.000,0.000,0.000,0.000,0.000,0.000,0.000,0.000,0.000,0.000,0.000,0.013,5.6,11.30,32.0,0.000,0.000,0.000,0.000,0.013,0.000,0.000,0.000,0.000,0.000,0.000,0.000,0.000,0.013,0.000,0.000,0.006,0.006
40.7075,407,0,move,-1,40.7075,40.7186,0,0.000,0.000,0.264,-0.176,-46.582,32.607,-0.264,-0.088,0.176,0.000,0.000,-0.088,-0.088,0.264,0.088,0.000,0.439,0.176,0.000,0.000,0.000,0.000,-47.133,32.667,0.000,0.000,0.000,0.000,0.000,0.000,0.000,0.000,0.000,0.000,0.000,0.000,0.013,5.6,11.30,32.0,0.000,0.000,0.000,0.000,0.013,0.000,0.000,0.000,0.000,0.000,0.000,0.000,0.000,0.013,0.000,0.000,0.006,0.006
40.8075,408,0,move,-1,40.8075,40.8196,0,0.000,0.000,0.264,-0.176,-46.582,32.607,-0.264,-0.088,0.176,0.000,0.000,-0.088,-0.088,0.264,0.088,0.000,0.439,0.176,0.000,0.000,0.000,0.000,-47.133,32.667,0.000,0.000,0.000,0.000,0.000,0.000,0.000,0.000,0.000,0.000,0.000,0.000,0.013,3.2,11.30,29.0,0.000,0.000,0.006,0.000,0.006,0.000,0.006,0.000,0.000,0.000,0.000,0.000,0.000,0.013,0.000,0.000,0.006,0.000
40.9075,409,0,move,-1,40.9075,40.9213,0,0.000,0.000,0.264,-0.176,-46.582,32.607,-0.264,-0.088,0.176,0.000,0.000,-0.088,-0.088,0.264,0.088,0.000,0.439,0.176,0.000,0.000,0.000,0.000,-47.133,32.667,0.000,0.000,0.000,0.000,0.000,0.000,0.000,0.000,0.000,0.000,0.000,0.000,0.013,5.6,11.20,32.0,0.000,0.000,0.006,0.006,0.013,0.000,0.006,0.000,0.006,0.000,0.000,0.000,0.000,0.006,0.000,0.000,0.006,0.006
41.0075,410,0,move,-1,41.0075,41.0196,0,0.000,0.000,0.264,-0.176,-46.582,32.607,-0.264,-0.088,0.176,0.000,0.000,-0.088,-0.088,0.264,0.088,0.000,0.439,0.176,0.000,0.000,0.000,0.000,-47.133,32.667,0.000,0.000,0.000,0.000,0.000,0.000,0.000,0.000,0.000,0.000,0.000,0.000,0.013,5.6,11.20,32.0,0.000,0.000,0.006,0.006,0.013,0.000,0.006,0.000,0.006,0.000,0.000,0.000,0.000,0.006,0.000,0.000,0.006,0.006
41.1075,411,0,move,-1,41.1075,41.1199,0,0.000,0.000,0.264,-0.176,-46.582,32.607,-0.264,-0.088,0.176,0.000,0.000,-0.088,-0.088,0.264,0.088,0.000,0.439,0.176,0.000,0.000,0.000,0.000,-47.133,32.667,0.000,0.000,0.000,0.000,0.000,0.000,0.000,0.000,0.000,0.000,0.000,0.000,0.013,5.6,11.30,32.0,0.000,0.000,0.000,0.000,0.013,0.000,0.006,0.000,0.000,0.000,0.000,0.000,0.000,0.013,0.000,0.000,0.006,0.000
41.2075,412,0,move,-1,41.2075,41.2186,0,0.000,0.000,0.264,-0.176,-46.582,32.607,-0.264,-0.088,0.176,0.000,0.000,-0.088,-0.088,0.264,0.088,0.000,0.439,0.176,0.000,0.000,0.000,0.000,-47.133,32.667,0.000,0.000,0.000,0.000,0.000,0.000,0.000,0.000,0.000,0.000,0.000,0.000,0.013,5.6,11.30,32.0,0.000,0.000,0.000,0.000,0.013,0.000,0.006,0.000,0.000,0.000,0.000,0.000,0.000,0.013,0.000,0.000,0.006,0.000
41.3075,413,0,move,-1,41.3075,41.3196,0,0.000,0.000,0.264,-0.176,-46.582,32.607,-0.264,-0.088,0.176,0.000,0.000,-0.088,-0.088,0.264,0.088,0.000,0.439,0.176,0.000,0.000,0.000,0.000,-47.133,32.667,0.000,0.000,0.000,0.000,0.000,0.000,0.000,0.000,0.000,0.000,0.000,0.000,0.013,4.8,11.30,32.0,0.000,0.000,0.006,0.006,0.006,0.000,0.000,0.000,0.000,0.000,0.000,0.000,0.000,0.006,0.000,0.000,0.013,0.000
41.4075,414,0,move,-1,41.4075,41.4298,0,0.000,0.000,0.264,-0.176,-46.582,32.607,-0.264,-0.088,0.176,0.000,0.000,-0.088,-0.088,0.264,0.088,0.000,0.439,0.176,0.000,0.000,0.000,0.000,-47.133,32.667,0.000,0.000,0.000,0.000,0.000,0.000,0.000,0.000,0.000,0.000,0.000,0.000,0.013,3.2,11.30,29.0,0.000,0.000,0.000,0.000,0.006,0.000,0.006,0.000,0.000,0.000,0.000,0.000,0.000,0.013,0.000,0.000,0.006,0.000
41.5076,415,0,move,-1,41.5076,41.5191,0,0.000,0.000,0.264,-0.176,-46.582,32.607,-0.264,-0.088,0.176,0.000,0.000,-0.088,-0.088,0.264,0.088,0.000,0.439,0.176,0.000,0.000,0.000,0.000,-47.133,32.667,0.000,0.000,0.000,0.000,0.000,0.000,0.000,0.000,0.000,0.000,0.000,0.000,0.013,3.2,11.30,29.0,0.000,0.000,0.000,0.000,0.006,0.000,0.006,0.000,0.000,0.000,0.000,0.000,0.000,0.013,0.000,0.000,0.006,0.000
41.6075,416,0,move,-1,41.6075,41.6177,0,0.000,0.000,0.264,-0.176,-46.582,32.607,-0.264,-0.088,0.176,0.000,0.000,-0.088,-0.088,0.264,0.088,0.000,0.439,0.176,0.000,0.000,0.000,0.000,-47.133,32.667,0.000,0.000,0.000,0.000,0.000,0.000,0.000,0.000,0.000,0.000,0.000,0.000,0.013,4.8,11.30,32.0,0.000,0.000,0.000,0.000,0.006,0.000,0.006,0.000,0.000,0.000,0.000,0.000,0.000,0.006,0.000,0.000,0.013,0.006
41.7075,417,0,move,-1,41.7075,41.7195,0,0.000,0.000,0.264,-0.176,-46.582,32.607,-0.264,-0.088,0.176,0.000,0.000,-0.088,-0.088,0.264,0.088,0.000,0.439,0.176,0.000,0.000,0.000,0.000,-47.133,32.667,0.000,0.000,0.000,0.000,0.000,0.000,0.000,0.000,0.000,0.000,0.000,0.000,0.013,5.6,11.30,31.0,0.000,0.000,0.000,0.006,0.013,0.000,0.006,0.000,0.000,0.000,0.000,0.000,0.000,0.006,0.000,0.000,0.006,0.000
41.8075,418,0,move,-1,41.8075,41.8177,0,0.000,0.000,0.264,-0.176,-46.582,32.607,-0.264,-0.088,0.176,0.000,0.000,-0.088,-0.088,0.264,0.088,0.000,0.439,0.176,0.000,0.000,0.000,0.000,-47.133,32.667,0.000,0.000,0.000,0.000,0.000,0.000,0.000,0.000,0.000,0.000,0.000,0.000,0.013,5.6,11.30,31.0,0.000,0.000,0.000,0.006,0.013,0.000,0.006,0.000,0.000,0.000,0.000,0.000,0.000,0.006,0.000,0.000,0.006,0.000
41.9075,419,0,move,-1,41.9075,41.9297,0,0.000,0.000,0.264,-0.176,-46.582,32.607,-0.264,-0.088,0.176,0.000,0.000,-0.088,-0.088,0.264,0.088,0.000,0.439,0.176,0.000,0.000,0.000,0.000,-47.133,32.667,0.000,0.000,0.000,0.000,0.000,0.000,0.000,0.000,0.000,0.000,0.000,0.000,0.013,5.6,11.30,32.0,0.000,0.000,0.000,0.000,0.013,0.000,0.006,0.000,0.000,0.000,0.000,0.000,0.000,0.006,0.000,0.000,0.013,0.000
42.0073,420,0,move,-1,42.0073,42.0182,0,0.000,0.000,0.264,-0.176,-46.582,32.607,-0.264,-0.088,0.176,0.000,0.000,-0.088,-0.088,0.264,0.088,0.000,0.439,0.176,0.000,0.000,0.000,0.000,-47.233,32.716,0.000,0.000,0.000,0.000,0.000,0.000,0.000,0.000,0.000,0.000,0.000,0.000,0.013,5.6,11.30,32.0,0.000,0.000,0.000,0.000,0.013,0.000,0.006,0.000,0.000,0.000,0.000,0.000,0.000,0.006,0.000,0.000,0.013,0.000
42.1075,421,0,move,-1,42.1075,42.1189,0,0.000,0.000,0.264,-0.176,-46.582,32.607,-0.264,-0.088,0.176,0.000,0.000,-0.088,-0.088,0.264,0.088,0.000,0.439,0.176,0.000,0.000,0.000,0.000,-47.522,32.856,0.000,0.000,0.000,0.000,0.000,0.000,0.000,0.000,0.000,0.000,0.000,0.000,0.013,6.4,11.30,31.0,0.000,0.000,0.000,0.000,0.013,0.000,0.006,0.000,0.000,0.000,0.000,0.000,0.000,0.013,0.000,0.000,0.006,0.006
42.2075,422,0,move,-1,42.2075,42.2174,0,0.000,0.000,0.264,-0.176,-46.846,32.695,-0.264,-0.088,0.176,0.000,0.000,-0.088,-0.088,0.264,0.088,0.000,0.439,0.176,0.000,0.000,0.000,0.000,-47.971,33.071,0.000,0.000,0.000,0.000,0.000,0.000,0.000,0.000,0.000,0.000,0.000,0.000,0.013,6.4,11.30,31.0,0.000,0.000,0.000,0.000,0.013,0.000,0.006,0.000,0.000,0.000,0.000,0.000,0.000,0.013,0.000,0.000,0.006,0.006
42.3075,423,0,move,-1,42.3075,42.3182,0,0.000,0.000,0.264,-0.176,-47.285,32.959,-0.264,-0.088,0.176,0.000,0.000,-0.088,-0.088,0.264,0.088,0.000,0.439,0.176,0.000,0.000,0.000,0.000,-48.535,33.340,0.000,0.000,0.000,0.000,0.000,0.000,0.000,0.000,0.000,0.000,0.000,0.000,0.013,8.0,11.30,32.0,0.000,0.000,0.000,0.000,0.013,0.006,0.006,0.000,0.006,0.000,0.000,0.000,0.000,0.013,0.000,0.000,0.013,0.000
42.4075,424,0,move,-1,42.4075,42.4297,0,0.000,0.000,0.264,-0.176,-47.725,33.135,-0.264,-0.088,0.176,0.000,0.000,-0.088,-0.088,0.264,0.088,0.000,0.439,0.176,0.000,0.000,0.000,0.000,-49.154,33.634,0.000,0.000,0.000,0.000,0.000,0.000,0.000,0.000,0.000,0.000,0.000,0.000,0.019,7.6,11.30,32.0,0.000,0.000,0.000,0.000,0.019,0.006,0.006,0.000,0.000,0.000,0.000,0.000,0.000,0.013,0.000,0.000,0.006,0.000
42.5075,425,0,move,-1,42.5075,42.5176,0,0.000,0.000,0.264,-0.176,-48.340,33.574,-0.264,-0.088,0.176,0.000,0.000,-0.088,-0.088,0.264,0.088,0.000,0.439,0.176,0.000,0.000,0.000,0.000,-49.772,33.924,0.000,0.000,0.000,0.000,0.000,0.000,0.000,0.000,0.000,0.000,0.000,0.000,0.019,7.6,11.30,32.0,0.000,0.000,0.000,0.000,0.019,0.006,0.006,0.000,0.000,0.000,0.000,0.000,0.000,0.013,0.000,0.000,0.006,0.000
42.6073,426,0,move,-1,42.6073,42.6188,0,0.000,0.000,0.264,-0.176,-48.867,33.838,-0.264,-0.088,0.176,0.000,0.000,-0.088,-0.088,0.264,0.088,0.000,0.439,0.176,0.000,0.000,0.000,0.000,-50.327,34.182,0.000,0.000,0.000,0.000,0.000,0.000,0.000,0.000,0.000,0.000,0.000,0.000,0.013,7.6,11.30,31.0,0.000,0.000,0.000,0.000,0.013,0.006,0.006,0.000,0.000,0.000,0.000,0.000,0.000,0.006,0.000,0.000,0.006,0.000
42.7073,427,0,move,-1,42.7073,42.7206,0,0.000,0.000,0.264,-0.176,-49.570,34.189,-0.264,-0.088,0.176,0.000,0.000,-0.088,-0.088,0.264,0.088,0.000,0.439,0.176,0.000,0.000,0.000,0.000,-50.765,34.384,0.000,0.000,0.000,0.000,0.000,0.000,0.000,0.000,0.000,0.000,0.000,0.000,0.019,8.4,11.30,32.0,0.000,0.000,0.006,0.000,0.019,0.000,0.006,0.000,0.000,0.000,0.000,0.000,0.000,0.013,0.000,0.000,0.006,0.000
42.8075,428,0,move,-1,42.8075,42.8190,0,0.000,0.000,0.264,-0.176,-49.834,34.189,-0.264,-0.088,0.176,0.000,0.000,-0.088,-0.088,0.264,0.088,0.000,0.439,0.176,0.000,0.000,0.000,0.000,-51.045,34.512,0.000,0.000,0.000,0.000,0.000,0.000,0.000,0.000,0.000,0.000,0.000,0.000,0.019,8.4,11.30,32.0,0.000,0.000,0.006,0.000,0.019,0.000,0.006,0.000,0.000,0.000,0.000,0.000,0.000,0.013,0.000,0.000,0.006,0.000
42.9075,429,0,move,-1,42.9075,42.9172,0,0.000,0.000,0.264,-0.176,-50.449,34.453,-0.264,-0.088,0.176,0.000,0.000,-0.088,-0.088,0.264,0.088,0.000,0.439,0.176,0.000,0.000,0.000,0.000,-51.141,34.556,0.000,0.000,0.000,0.000,0.000,0.000,0.000,0.000,0.000,0.000,0.000,0.000,0.013,8.8,11.20,32.0,0.000,0.000,0.006,0.000,0.013,0.006,0.000,0.000,0.000,0.000,0.000,0.000,0.000,0.006,0.000,0.000,0.006,0.006
43.0074,430,0,move,-1,43.0074,43.0195,0,0.000,0.000,0.264,-0.176,-50.449,34.453,-0.264,-0.088,0.176,0.000,0.000,-0.088,-0.088,0.264,0.088,0.000,0.439,0.176,0.000,0.000,0.000,0.000,-51.141,34.556,0.000,0.000,0.000,0.000,0.000,0.000,0.000,0.000,0.000,0.000,0.000,0.000,0.019,7.2,11.30,31.0,0.000,0.000,0.000,0.006,0.019,0.000,0.006,0.000,0.000,0.000,0.000,0.000,0.000,0.013,0.000,0.000,0.013,0.000
43.1075,431,0,move,-1,43.1075,43.1177,0,0.000,0.000,0.264,-0.176,-50.449,34.453,-0.264,-0.088,0.176,0.000,0.000,-0.088,-0.088,0.264,0.088,0.000,0.439,0.176,0.000,0.000,0.000,0.000,-51.141,34.556,0.000,0.000,0.000,0.000,0.000,0.000,0.000,0.000,0.000,0.000,0.000,0.000,0.019,7.2,11.30,31.0,0.000,0.000,0.000,0.006,0.019,0.000,0.006,0.000,0.000,0.000,0.000,0.000,0.000,0.013,0.000,0.000,0.013,0.000
43.2075,432,0,move,-1,43.2075,43.2179,0,0.000,0.000,0.264,-0.176,-50.449,34.453,-0.264,-0.088,0.176,0.000,0.000,-0.088,-0.088,0.264,0.088,0.000,0.439,0.176,0.000,0.000,0.000,0.000,-51.141,34.556,0.000,0.000,0.000,0.000,0.000,0.000,0.000,0.000,0.000,0.000,0.000,0.000,0.019,7.2,11.20,31.0,0.000,0.000,0.000,0.000,0.019,0.000,0.006,0.000,0.000,0.000,0.000,0.000,0.000,0.013,0.000,0.000,0.006,0.000
43.3075,433,0,move,-1,43.3075,43.3201,0,0.000,0.000,0.264,-0.176,-50.449,34.453,-0.264,-0.088,0.176,0.000,0.000,-0.088,-0.088,0.264,0.088,0.000,0.439,0.176,0.000,0.000,0.000,0.000,-51.141,34.556,0.000,0.000,0.000,0.000,0.000,0.000,0.000,0.000,0.000,0.000,0.000,0.000,0.013,7.2,11.30,31.0,0.000,0.000,0.000,0.000,0.013,0.000,0.006,0.000,0.000,0.000,0.000,0.000,0.000,0.013,0.000,0.000,0.006,0.000
43.4075,434,0,move,-1,43.4075,43.4181,0,0.000,0.000,0.264,-0.176,-50.449,34.453,-0.264,-0.088,0.176,0.000,0.000,-0.088,-0.088,0.264,0.088,0.000,0.439,0.176,0.000,0.000,0.000,0.000,-51.141,34.556,0.000,0.000,0.000,0.000,0.000,0.000,0.000,0.000,0.000,0.000,0.000,0.000,0.013,7.2,11.30,31.0,0.000,0.000,0.000,0.000,0.013,0.000,0.006,0.000,0.000,0.000,0.000,0.000,0.000,0.013,0.000,0.000,0.006,0.000
43.5075,435,0,move,-1,43.5075,43.5186,0,0.000,0.000,0.264,-0.176,-50.537,34.453,-0.264,-0.088,0.176,0.000,0.000,-0.088,-0.088,0.264,0.088,0.000,0.439,0.176,0.000,0.000,0.000,0.000,-51.141,34.556,0.000,0.000,0.000,0.000,0.000,0.000,0.000,0.000,0.000,0.000,0.000,0.000,0.013,6.4,11.30,32.0,0.000,0.000,0.006,0.000,0.013,0.000,0.006,0.000,0.000,0.000,0.000,0.000,0.000,0.013,0.000,0.000,0.006,0.000
43.6075,436,0,move,-1,43.6075,43.6195,0,0.000,0.000,0.264,-0.176,-50.537,34.453,-0.264,-0.088,0.176,0.000,0.000,-0.088,-0.088,0.264,0.088,0.000,0.439,0.176,0.000,0.000,0.000,0.000,-51.141,34.556,0.000,0.000,0.000,0.000,0.000,0.000,0.000,0.000,0.000,0.000,0.000,0.000,0.013,6.4,11.30,31.0,0.000,0.000,0.006,0.000,0.013,0.000,0.006,0.000,0.000,0.000,0.000,0.000,0.000,0.006,0.000,0.000,0.013,0.006
43.7075,437,0,move,-1,43.7075,43.7180,0,0.000,0.000,0.264,-0.176,-50.537,34.453,-0.264,-0.088,0.176,0.000,0.000,-0.088,-0.088,0.264,0.088,0.000,0.439,0.176,0.000,0.000,0.000,0.000,-51.141,34.556,0.000,0.000,0.000,0.000,0.000,0.000,0.000,0.000,0.000,0.000,0.000,0.000,0.013,6.4,11.30,31.0,0.000,0.000,0.006,0.000,0.013,0.000,0.006,0.000,0.000,0.000,0.000,0.000,0.000,0.006,0.000,0.000,0.013,0.006
43.8075,438,0,move,-1,43.8075,43.8189,0,0.000,0.000,0.264,-0.176,-50.537,34.453,-0.264,-0.088,0.176,0.000,0.000,-0.088,-0.088,0.264,0.088,0.000,0.439,0.176,0.000,0.000,0.000,0.000,-51.141,34.556,0.000,0.000,0.000,0.000,0.000,0.000,0.000,0.000,0.000,0.000,0.000,0.000,0.013,6.4,11.30,32.0,0.000,0.000,0.000,0.006,0.013,0.000,0.000,0.000,0.000,0.000,0.000,0.000,0.000,0.006,0.000,0.000,0.006,0.000
43.9075,439,0,move,-1,43.9075,43.9209,0,0.000,0.000,0.264,-0.176,-50.537,34.453,-0.264,-0.088,0.176,0.000,0.000,-0.088,-0.088,0.264,0.088,0.000,0.439,0.176,0.000,0.000,0.000,0.000,-51.141,34.556,0.000,0.000,0.000,0.000,0.000,0.000,0.000,0.000,0.000,0.000,0.000,0.000,0.013,3.2,11.30,29.0,0.000,0.000,0.000,0.000,0.006,0.000,0.006,0.000,0.000,0.000,0.000,0.000,0.000,0.013,0.000,0.000,0.006,0.000
44.0075,440,0,move,-1,44.0075,44.0206,0,0.000,0.000,0.264,-0.176,-50.537,34.453,-0.264,-0.088,0.176,0.000,0.000,-0.088,-0.088,0.264,0.088,0.000,0.439,0.176,0.000,0.000,0.000,0.000,-51.141,34.556,0.000,0.000,0.000,0.000,0.000,0.000,0.000,0.000,0.000,0.000,0.000,0.000,0.013,3.2,11.30,29.0,0.000,0.000,0.000,0.000,0.006,0.000,0.006,0.000,0.000,0.000,0.000,0.000,0.000,0.013,0.000,0.000,0.006,0.000
44.1075,441,0,move,-1,44.1075,44.1196,0,0.000,0.000,0.264,-0.176,-50.537,34.453,-0.264,-0.088,0.176,0.000,0.000,-0.088,-0.088,0.264,0.088,0.000,0.439,0.176,0.000,0.000,0.000,0.000,-51.141,34.556,0.000,0.000,0.000,0.000,0.000,0.000,0.000,0.000,0.000,0.000,0.000,0.000,0.013,6.4,11.30,32.0,0.000,0.000,0.000,0.000,0.013,0.000,0.000,0.000,0.000,0.000,0.000,0.000,0.000,0.013,0.000,0.000,0.006,0.006
44.2075,442,0,move,-1,44.2075,44.2186,0,0.000,0.000,0.264,-0.176,-50.537,34.453,-0.264,-0.088,0.176,0.000,0.000,-0.088,-0.088,0.264,0.088,0.000,0.439,0.176,0.000,0.000,0.000,0.000,-51.141,34.556,0.000,0.000,0.000,0.000,0.000,0.000,0.000,0.000,0.000,0.000,0.000,0.000,0.013,6.4,11.30,32.0,0.000,0.000,0.000,0.000,0.013,0.000,0.000,0.000,0.000,0.000,0.000,0.000,0.000,0.013,0.000,0.000,0.006,0.006
44.3075,443,0,move,-1,44.3075,44.3196,0,0.000,0.000,0.264,-0.176,-50.537,34.453,-0.264,-0.088,0.176,0.000,0.000,-0.088,-0.088,0.264,0.088,0.000,0.439,0.176,0.000,0.000,0.000,0.000,-51.141,34.556,0.000,0.000,0.000,0.000,0.000,0.000,0.000,0.000,0.000,0.000,0.000,0.000,0.013,6.4,11.30,32.0,0.000,0.000,0.006,0.000,0.013,0.000,0.000,0.000,0.006,0.000,0.000,0.000,0.000,0.013,0.000,0.000,0.013,0.000
44.4202,444,0,move,-1,44.4202,44.4465,0,0.000,0.000,0.264,-0.176,-50.537,34.453,-0.264,-0.088,0.176,0.000,0.000,-0.088,-0.088,0.264,0.088,0.000,0.439,0.176,0.000,0.000,0.000,0.000,-51.141,34.556,0.000,0.000,0.000,0.000,0.000,0.000,0.000,0.000,0.000,0.000,0.000,0.000,0.013,6.4,11.30,32.0,0.000,0.000,0.000,0.006,0.013,0.000,0.006,0.000,0.000,0.000,0.000,0.000,0.000,0.013,0.000,0.000,0.006,0.006
44.5075,445,0,move,-1,44.5075,44.5178,0,0.000,0.000,0.264,-0.176,-50.537,34.453,-0.264,-0.088,0.176,0.000,0.000,-0.088,-0.088,0.264,0.088,0.000,0.439,0.176,0.000,0.000,0.000,0.000,-51.141,34.556,0.000,0.000,0.000,0.000,0.000,0.000,0.000,0.000,0.000,0.000,0.000,0.000,0.013,6.4,11.30,32.0,0.000,0.000,0.000,0.006,0.013,0.000,0.006,0.000,0.000,0.000,0.000,0.000,0.000,0.013,0.000,0.000,0.006,0.006
44.6075,446,0,move,-1,44.6075,44.6187,0,0.000,0.000,0.264,-0.176,-50.537,34.453,-0.264,-0.088,0.176,0.000,0.000,-0.088,-0.088,0.264,0.088,0.000,0.439,0.176,0.000,0.000,0.000,0.000,-51.141,34.556,0.000,0.000,0.000,0.000,0.000,0.000,0.000,0.000,0.000,0.000,0.000,0.000,0.013,6.4,11.30,32.0,0.000,0.000,0.000,0.000,0.013,0.000,0.006,0.000,0.000,0.000,0.000,0.000,0.000,0.006,0.000,0.000,0.013,0.006
44.7075,447,0,move,-1,44.7075,44.7174,0,0.000,0.000,0.264,-0.176,-50.537,34.453,-0.264,-0.088,0.176,0.000,0.000,-0.088,-0.088,0.264,0.088,0.000,0.439,0.176,0.000,0.000,0.000,0.000,-51.141,34.556,0.000,0.000,0.000,0.000,0.000,0.000,0.000,0.000,0.000,0.000,0.000,0.000,0.013,6.4,11.30,32.0,0.000,0.000,0.000,0.000,0.013,0.000,0.006,0.000,0.000,0.000,0.000,0.000,0.000,0.006,0.000,0.000,0.013,0.006
44.8075,448,0,move,-1,44.8075,44.8197,0,0.000,0.000,0.264,-0.176,-50.537,34.453,-0.264,-0.088,0.176,0.000,0.000,-0.088,-0.088,0.264,0.088,0.000,0.439,0.176,0.000,0.000,0.000,0.000,-51.141,34.556,0.000,0.000,0.000,0.000,0.000,0.000,0.000,0.000,0.000,0.000,0.000,0.000,0.013,6.4,11.30,32.0,0.000,0.000,0.000,0.006,0.013,0.000,0.006,0.000,0.000,0.000,0.000,0.000,0.000,0.013,0.000,0.000,0.006,0.000
44.9075,449,0,move,-1,44.9075,44.9180,0,0.000,0.000,0.264,-0.176,-50.537,34.453,-0.264,-0.088,0.176,0.000,0.000,-0.088,-0.088,0.264,0.088,0.000,0.439,0.176,0.000,0.000,0.000,0.000,-51.141,34.556,0.000,0.000,0.000,0.000,0.000,0.000,0.000,0.000,0.000,0.000,0.000,0.000,0.013,6.4,11.30,32.0,0.000,0.000,0.000,0.006,0.013,0.000,0.006,0.000,0.000,0.000,0.000,0.000,0.000,0.013,0.000,0.000,0.006,0.000
45.0075,450,0,move,-1,45.0075,45.0187,0,0.000,0.000,0.264,-0.176,-50.537,34.453,-0.264,-0.088,0.176,0.000,0.000,-0.088,-0.088,0.264,0.088,0.000,0.439,0.176,0.000,0.000,0.000,0.000,-51.141,34.556,0.000,0.000,0.000,0.000,0.000,0.000,0.000,0.000,0.000,0.000,0.000,0.000,0.013,6.4,11.30,32.0,0.000,0.000,0.000,0.006,0.013,0.000,0.000,0.000,0.000,0.000,0.000,0.000,0.000,0.006,0.000,0.000,0.006,0.000
45.1075,451,0,move,-1,45.1075,45.1175,0,0.000,0.000,0.264,-0.176,-50.537,34.453,-0.264,-0.088,0.176,0.000,0.000,-0.088,-0.088,0.264,0.088,0.000,0.439,0.176,0.000,0.000,0.000,0.000,-51.141,34.556,0.000,0.000,0.000,0.000,0.000,0.000,0.000,0.000,0.000,0.000,0.000,0.000,0.013,6.4,11.30,32.0,0.000,0.000,0.000,0.006,0.013,0.000,0.000,0.000,0.000,0.000,0.000,0.000,0.000,0.006,0.000,0.000,0.006,0.000
45.2075,452,0,move,-1,45.2075,45.2191,0,0.000,0.000,0.264,-0.176,-50.537,34.453,-0.264,-0.088,0.176,0.000,0.000,-0.088,-0.088,0.264,0.088,0.000,0.439,0.176,0.000,0.000,0.000,0.000,-51.141,34.556,0.000,0.000,0.000,0.000,0.000,0.000,0.000,0.000,0.000,0.000,0.000,0.000,0.006,6.4,11.30,32.0,0.000,0.000,0.000,0.000,0.006,0.000,0.006,0.000,0.000,0.000,0.000,0.000,0.000,0.006,0.000,0.000,0.006,0.000
45.3073,453,0,move,-1,45.3073,45.3175,0,0.000,0.000,0.264,-0.176,-50.537,34.453,-0.264,-0.088,0.176,0.000,0.000,-0.088,-0.088,0.264,0.088,0.000,0.439,0.176,0.000,0.000,0.000,0.000,-51.141,34.556,0.000,0.000,0.000,0.000,0.000,0.000,0.000,0.000,0.000,0.000,0.000,0.000,0.006,6.4,11.30,32.0,0.000,0.000,0.000,0.000,0.006,0.000,0.006,0.000,0.000,0.000,0.000,0.000,0.000,0.006,0.000,0.000,0.006,0.000
45.4075,454,0,move,-1,45.4075,45.4188,0,0.000,0.000,0.264,-0.176,-50.537,34.453,-0.264,-0.088,0.176,0.000,0.000,-0.088,-0.088,0.264,0.088,0.000,0.439,0.176,0.000,0.000,0.000,0.000,-51.141,34.556,0.000,0.000,0.000,0.000,0.000,0.000,0.000,0.000,0.000,0.000,0.000,0.000,0.013,6.4,11.20,32.0,0.000,0.000,0.000,0.000,0.013,0.000,0.000,0.000,0.000,0.000,0.000,0.000,0.000,0.006,0.000,0.000,0.006,0.006
45.5075,455,0,move,-1,45.5075,45.5207,0,0.000,0.000,0.264,-0.176,-50.537,34.453,-0.264,-0.088,0.176,0.000,0.000,-0.088,-0.088,0.264,0.088,0.000,0.439,0.176,0.000,0.000,0.000,0.000,-51.141,34.556,0.000,0.000,0.000,0.000,0.000,0.000,0.000,0.000,0.000,0.000,0.000,0.000,0.013,6.4,11.30,32.0,0.000,0.000,0.000,0.006,0.013,0.000,0.000,0.000,0.000,0.000,0.000,0.000,0.000,0.006,0.000,0.000,0.006,0.006
45.6075,456,0,move,-1,45.6075,45.6185,0,0.000,0.000,0.264,-0.176,-50.537,34.453,-0.264,-0.088,0.176,0.000,0.000,-0.088,-0.088,0.264,0.088,0.000,0.439,0.176,0.000,0.000,0.000,0.000,-51.141,34.556,0.000,0.000,0.000,0.000,0.000,0.000,0.000,0.000,0.000,0.000,0.000,0.000,0.013,6.4,11.30,32.0,0.000,0.000,0.000,0.006,0.013,0.000,0.000,0.000,0.000,0.000,0.000,0.000,0.000,0.006,0.000,0.000,0.006,0.006
45.7075,457,0,move,-1,45.7075,45.7187,0,0.000,0.000,0.264,-0.176,-50.537,34.453,-0.264,-0.088,0.176,0.000,0.000,-0.088,-0.088,0.264,0.088,0.000,0.439,0.176,0.000,0.000,0.000,0.000,-51.141,34.556,0.000,0.000,0.000,0.000,0.000,0.000,0.000,0.000,0.000,0.000,0.000,0.000,0.013,6.4,11.20,32.0,0.000,0.000,0.000,0.006,0.013,0.000,0.006,0.000,0.000,0.000,0.000,0.000,0.000,0.006,0.000,0.000,0.006,0.000
45.8075,458,0,move,-1,45.8075,45.8176,0,0.000,0.000,0.264,-0.176,-50.537,34.453,-0.264,-0.088,0.176,0.000,0.000,-0.088,-0.088,0.264,0.088,0.000,0.439,0.176,0.000,0.000,0.000,0.000,-51.141,34.556,0.000,0.000,0.000,0.000,0.000,0.000,0.000,0.000,0.000,0.000,0.000,0.000,0.013,6.4,11.20,32.0,0.000,0.000,0.000,0.006,0.013,0.000,0.006,0.000,0.000,0.000,0.000,0.000,0.000,0.006,0.000,0.000,0.006,0.000
45.9075,459,0,move,-1,45.9075,45.9188,0,0.000,0.000,0.264,-0.176,-50.537,34.453,-0.264,-0.088,0.176,0.000,0.000,-0.088,-0.088,0.264,0.088,0.000,0.439,0.176,0.000,0.000,0.000,0.000,-51.141,34.556,0.000,0.000,0.000,0.000,0.000,0.000,0.000,0.000,0.000,0.000,0.000,0.000,0.013,6.4,11.30,32.0,0.000,0.000,0.000,0.000,0.013,0.000,0.006,0.000,0.000,0.000,0.000,0.000,0.000,0.006,0.000,0.000,0.013,0.000
46.0075,460,0,move,-1,46.0075,46.0188,0,0.000,0.000,0.264,-0.176,-50.537,34.453,-0.264,-0.088,0.176,0.000,0.000,-0.088,-0.088,0.264,0.088,0.000,0.439,0.176,0.000,0.000,0.000,0.000,-51.045,34.512,0.000,0.000,0.000,0.000,0.000,0.000,0.000,0.000,0.000,0.000,0.000,0.000,0.006,6.4,11.20,32.0,0.000,0.000,0.000,0.000,0.006,0.000,0.006,0.000,0.000,0.000,0.000,0.000,0.000,0.006,0.000,0.000,0.006,0.000
46.1075,461,0,move,-1,46.1075,46.1176,0,0.000,0.000,0.264,-0.176,-50.537,34.453,-0.264,-0.088,0.176,0.000,0.000,-0.088,-0.088,0.264,0.088,0.000,0.439,0.176,0.000,0.000,0.000,0.000,-50.765,34.384,0.000,0.000,0.000,0.000,0.000,0.000,0.000,0.000,0.000,0.000,0.000,0.000,0.006,6.4,11.20,32.0,0.000,0.000,0.000,0.000,0.006,0.000,0.006,0.000,0.000,0.000,0.000,0.000,0.000,0.006,0.000,0.000,0.006,0.000
46.2128,462,0,move,-1,46.2128,46.2729,0,0.000,0.000,0.264,-0.176,-50.537,34.277,-0.264,-0.088,0.176,0.000,0.000,-0.088,-0.088,0.264,0.088,0.000,0.439,0.176,0.000,0.000,0.000,0.000,-50.327,34.182,0.000,0.000,0.000,0.000,0.000,0.000,0.000,0.000,0.000,0.000,0.000,0.000,0.006,3.2,11.30,33.0,0.000,0.000,0.006,0.006,0.000,0.006,0.006,0.000,0.006,0.000,0.000,0.000,0.000,0.006,0.000,0.000,0.006,0.006
46.3075,463,0,move,-1,46.3075,46.3178,0,0.000,0.000,0.264,-0.176,-50.537,34.277,-0.264,-0.088,0.176,0.000,0.000,-0.088,-0.088,0.264,0.088,0.000,0.439,0.176,0.000,0.000,0.000,0.000,-49.772,33.924,0.000,0.000,0.000,0.000,0.000,0.000,0.000,0.000,0.000,0.000,0.000,0.000,0.006,3.2,11.30,33.0,0.000,0.000,0.006,0.006,0.000,0.006,0.006,0.000,0.006,0.000,0.000,0.000,0.000,0.006,0.000,0.000,0.006,0.006
46.4074,464,0,move,-1,46.4074,46.4188,0,0.000,0.000,0.264,-0.176,-50.273,34.102,-0.264,-0.088,0.176,0.000,0.000,-0.088,-0.088,0.264,0.088,0.000,0.439,0.176,0.000,0.000,0.000,0.000,-49.154,33.634,0.000,0.000,0.000,0.000,0.000,0.000,0.000,0.000,0.000,0.000,0.000,0.000,0.013,3.2,11.30,29.0,0.000,0.000,0.006,0.000,0.006,0.000,0.000,0.000,0.006,0.000,0.000,0.000,0.000,0.013,0.000,0.000,0.006,0.000
46.5075,465,0,move,-1,46.5075,46.5173,0,0.000,0.000,0.264,-0.176,-49.922,33.750,-0.264,-0.088,0.176,0.000,0.000,-0.088,-0.088,0.264,0.088,0.000,0.439,0.176,0.000,0.000,0.000,0.000,-48.535,33.340,0.000,0.000,0.000,0.000,0.000,0.000,0.000,0.000,0.000,0.000,0.000,0.000,0.013,3.2,11.30,29.0,0.000,0.000,0.006,0.000,0.006,0.000,0.000,0.000,0.006,0.000,0.000,0.000,0.000,0.013,0.000,0.000,0.006,0.000
46.6075,466,0,move,-1,46.6075,46.6185,0,0.000,0.000,0.264,-0.176,-49.043,33.486,-0.264,-0.088,0.176,0.000,0.000,-0.088,-0.088,0.264,0.088,0.000,0.439,0.176,0.000,0.000,0.000,0.000,-47.971,33.071,0.000,0.000,0.000,0.000,0.000,0.000,0.000,0.000,0.000,0.000,0.000,0.000,0.013,2.8,11.20,32.0,0.000,0.000,0.006,0.006,0.000,0.013,0.006,0.000,0.006,0.000,0.000,0.000,0.000,0.013,0.000,0.000,0.006,0.006
46.7095,467,0,move,-1,46.7095,46.7236,0,0.000,0.000,0.264,-0.176,-48.428,33.135,-0.264,-0.088,0.176,0.000,0.000,-0.088,-0.088,0.264,0.088,0.000,0.439,0.176,0.000,0.000,0.000,0.000,-47.522,32.856,0.000,0.000,0.000,0.000,0.000,0.000,0.000,0.000,0.000,0.000,0.000,0.000,0.013,4.8,11.30,32.0,0.000,0.000,0.000,0.006,0.006,0.000,0.000,0.000,0.006,0.000,0.000,0.000,0.000,0.006,0.000,0.000,0.013,0.006
46.8075,468,0,move,-1,46.8075,46.8170,0,0.000,0.000,0.264,-0.176,-47.988,32.959,-0.264,-0.088,0.176,0.000,0.000,-0.088,-0.088,0.264,0.088,0.000,0.439,0.176,0.000,0.000,0.000,0.000,-47.233,32.716,0.000,0.000,0.000,0.000,0.000,0.000,0.000,0.000,0.000,0.000,0.000,0.000,0.013,4.8,11.30,32.0,0.000,0.000,0.000,0.006,0.006,0.000,0.000,0.000,0.006,0.000,0.000,0.000,0.000,0.006,0.000,0.000,0.013,0.006
46.9073,469,0,move,-1,46.9073,46.9175,0,0.000,0.000,0.264,-0.176,-47.549,32.783,-0.264,-0.088,0.176,0.000,0.000,-0.088,-0.088,0.264,0.088,0.000,0.439,0.176,0.000,0.000,0.000,0.000,-47.133,32.667,0.000,0.000,0.000,0.000,0.000,0.000,0.000,0.000,0.000,0.000,0.000,0.000,0.006,3.2,11.30,33.0,0.000,0.000,0.006,0.000,0.000,0.000,0.006,0.000,0.006,0.000,0.000,0.000,0.000,0.006,0.000,0.000,0.006,0.000
47.0073,470,0,move,-1,47.0073,47.0196,0,0.000,0.000,0.264,-0.176,-47.373,32.783,-0.264,-0.088,0.176,0.000,0.000,-0.088,-0.088,0.264,0.088,0.000,0.439,0.176,0.000,0.000,0.000,0.000,-47.133,32.667,0.000,0.000,0.000,0.000,0.000,0.000,0.000,0.000,0.000,0.000,0.000,0.000,0.013,3.2,11.30,29.0,0.000,0.000,0.006,0.000,0.006,0.000,0.006,0.000,0.000,0.000,0.000,0.000,0.000,0.013,0.000,0.000,0.006,0.000
47.1075,471,0,move,-1,47.1075,47.1195,0,0.000,0.000,0.264,-0.176,-47.197,32.783,-0.264,-0.088,0.176,0.000,0.000,-0.088,-0.088,0.264,0.088,0.000,0.439,0.176,0.000,0.000,0.000,0.000,-47.133,32.667,0.000,0.000,0.000,0.000,0.000,0.000,0.000,0.000,0.000,0.000,0.000,0.000,0.013,3.2,11.30,29.0,0.000,0.000,0.006,0.000,0.006,0.000,0.006,0.000,0.000,0.000,0.000,0.000,0.000,0.013,0.000,0.000,0.006,0.000
47.2075,472,0,move,-1,47.2075,47.2166,0,0.000,0.000,0.264,-0.176,-47.021,32.783,-0.264,-0.088,0.176,0.000,0.000,-0.088,-0.088,0.264,0.088,0.000,0.439,0.176,0.000,0.000,0.000,0.000,-47.133,32.667,0.000,0.000,0.000,0.000,0.000,0.000,0.000,0.000,0.000,0.000,0.000,0.000,0.006,2.4,11.30,32.0,0.000,0.000,0.000,0.006,0.000,0.000,0.006,0.000,0.000,0.000,0.000,0.000,0.000,0.006,0.000,0.000,0.006,0.006
47.3075,473,0,move,-1,47.3075,47.3188,0,0.000,0.000,0.264,-0.176,-46.934,32.783,-0.264,-0.088,0.176,0.000,0.000,-0.088,-0.088,0.264,0.088,0.000,0.439,0.176,0.000,0.000,0.000,0.000,-47.133,32.667,0.000,0.000,0.000,0.000,0.000,0.000,0.000,0.000,0.000,0.000,0.000,0.000,0.013,3.2,11.30,29.0,0.000,0.000,0.006,0.000,0.000,0.000,0.006,0.000,0.000,0.000,0.000,0.000,0.000,0.013,0.000,0.000,0.006,0.006
47.4075,474,0,move,-1,47.4075,47.4203,0,0.000,0.000,0.264,-0.176,-46.846,32.783,-0.264,-0.088,0.176,0.000,0.000,-0.088,-0.088,0.264,0.088,0.000,0.439,0.176,0.000,0.000,0.000,0.000,-47.133,32.667,0.000,0.000,0.000,0.000,0.000,0.000,0.000,0.000,0.000,0.000,0.000,0.000,0.006,2.4,11.30,32.0,0.000,0.000,0.000,0.006,0.000,0.000,0.006,0.000,0.006,0.000,0.000,0.000,0.000,0.006,0.000,0.000,0.006,0.000
47.5075,475,0,move,-1,47.5075,47.5197,0,0.000,0.000,0.264,-0.176,-46.846,32.783,-0.264,-0.088,0.176,0.000,0.000,-0.088,-0.088,0.264,0.088,0.000,0.439,0.176,0.000,0.000,0.000,0.000,-47.133,32.667,0.000,0.000,0.000,0.000,0.000,0.000,0.000,0.000,0.000,0.000,0.000,0.000,0.006,2.4,11.30,32.0,0.000,0.000,0.000,0.006,0.000,0.000,0.006,0.000,0.006,0.000,0.000,0.000,0.000,0.006,0.000,0.000,0.006,0.000
47.6075,476,0,move,-1,47.6075,47.6187,0,0.000,0.000,0.264,-0.176,-46.846,32.783,-0.264,-0.088,0.176,0.000,0.000,-0.088,-0.088,0.264,0.088,0.000,0.439,0.176,0.000,0.000,0.000,0.000,-47.133,32.667,0.000,0.000,0.000,0.000,0.000,0.000,0.000,0.000,0.000,0.000,0.000,0.000,0.013,3.2,11.30,29.0,0.000,0.000,0.000,0.000,0.006,0.000,0.000,0.000,0.006,0.000,0.000,0.000,0.000,0.013,0.006,0.000,0.006,0.000
47.7075,477,0,move,-1,47.7075,47.7178,0,0.000,0.000,0.264,-0.176,-46.758,32.783,-0.264,-0.088,0.176,0.000,0.000,-0.088,-0.088,0.264,0.088,0.000,0.439,0.176,0.000,0.000,0.000,0.000,-47.133,32.667,0.000,0.000,0.000,0.000,0.000,0.000,0.000,0.000,0.000,0.000,0.000,0.000,0.013,3.2,11.30,29.0,0.000,0.000,0.000,0.000,0.006,0.000,0.000,0.000,0.006,0.000,0.000,0.000,0.000,0.013,0.006,0.000,0.006,0.000
47.8075,478,0,move,-1,47.8075,47.8184,0,0.000,0.000,0.264,-0.176,-46.758,32.783,-0.264,-0.088,0.176,0.000,0.000,-0.088,-0.088,0.264,0.088,0.000,0.439,0.176,0.000,0.000,0.000,0.000,-47.133,32.667,0.000,0.000,0.000,0.000,0.000,0.000,0.000,0.000,0.000,0.000,0.000,0.000,0.006,3.2,11.30,29.0,0.000,0.000,0.000,0.000,0.000,0.000,0.000,0.000,0.000,0.000,0.000,0.000,0.000,0.006,0.000,0.000,0.006,0.000
47.9097,479,0,move,-1,47.9097,47.9231,0,0.000,0.000,0.264,-0.176,-46.758,32.783,-0.264,-0.088,0.176,0.000,0.000,-0.088,-0.088,0.264,0.088,0.000,0.439,0.176,0.000,0.000,0.000,0.000,-47.133,32.667,0.000,0.000,0.000,0.000,0.000,0.000,0.000,0.000,0.000,0.000,0.000,0.000,0.013,4.8,11.30,32.0,0.000,0.000,0.006,0.000,0.006,0.000,0.006,0.000,0.006,0.000,0.000,0.000,0.000,0.006,0.000,0.000,0.013,0.006
48.0075,480,0,move,-1,48.0075,48.0196,0,0.000,0.000,0.264,-0.176,-46.758,32.783,-0.264,-0.088,0.176,0.000,0.000,-0.088,-0.088,0.264,0.088,0.000,0.439,0.176,0.000,0.000,0.000,0.000,-47.133,32.667,0.000,0.000,0.000,0.000,0.000,0.000,0.000,0.000,0.000,0.000,0.000,0.000,0.013,4.8,11.30,32.0,0.000,0.000,0.006,0.000,0.006,0.000,0.006,0.000,0.006,0.000,0.000,0.000,0.000,0.006,0.000,0.000,0.013,0.006
48.1076,481,0,move,-1,48.1076,48.1178,0,0.000,0.000,0.264,-0.176,-46.758,32.783,-0.264,-0.088,0.176,0.000,0.000,-0.088,-0.088,0.264,0.088,0.000,0.439,0.176,0.000,0.000,0.000,0.000,-47.133,32.667,0.000,0.000,0.000,0.000,0.000,0.000,0.000,0.000,0.000,0.000,0.000,0.000,0.006,4.0,11.30,32.0,0.000,0.000,0.000,0.000,0.006,0.000,0.006,0.000,0.000,0.000,0.000,0.000,0.000,0.006,0.000,0.000,0.006,0.000
48.2073,482,0,move,-1,48.2073,48.2175,0,0.000,0.000,0.264,-0.176,-46.758,32.783,-0.264,-0.088,0.176,0.000,0.000,-0.088,-0.088,0.264,0.088,0.000,0.439,0.176,0.000,0.000,0.000,0.000,-47.133,32.667,0.000,0.000,0.000,0.000,0.000,0.000,0.000,0.000,0.000,0.000,0.000,0.000,0.006,4.0,11.30,32.0,0.000,0.000,0.000,0.000,0.006,0.000,0.006,0.000,0.000,0.000,0.000,0.000,0.000,0.006,0.000,0.000,0.006,0.000
48.3075,483,0,move,-1,48.3075,48.3547,0,0.000,0.000,0.264,-0.176,-46.758,32.783,-0.264,-0.088,0.176,0.000,0.000,-0.088,-0.088,0.264,0.088,0.000,0.439,0.176,0.000,0.000,0.000,0.000,-47.133,32.667,0.000,0.000,0.000,0.000,0.000,0.000,0.000,0.000,0.000,0.000,0.000,0.000,0.006,3.2,11.30,33.0,0.000,0.000,0.006,0.006,0.006,0.000,0.006,0.000,0.000,0.000,0.000,0.000,0.000,0.006,0.000,0.000,0.006,0.000
48.4075,484,0,move,-1,48.4075,48.4201,0,0.000,0.000,0.264,-0.176,-46.758,32.783,-0.264,-0.088,0.176,0.000,0.000,-0.088,-0.088,0.264,0.088,0.000,0.439,0.176,0.000,0.000,0.000,0.000,-47.133,32.667,0.000,0.000,0.000,0.000,0.000,0.000,0.000,0.000,0.000,0.000,0.000,0.000,0.006,3.2,11.30,33.0,0.000,0.000,0.006,0.006,0.006,0.000,0.006,0.000,0.000,0.000,0.000,0.000,0.000,0.006,0.000,0.000,0.006,0.000
48.5075,485,0,move,-1,48.5075,48.5184,0,0.000,0.000,0.264,-0.176,-46.758,32.783,-0.264,-0.088,0.176,0.000,0.000,-0.088,-0.088,0.264,0.088,0.000,0.439,0.176,0.000,0.000,0.000,0.000,-47.133,32.667,0.000,0.000,0.000,0.000,0.000,0.000,0.000,0.000,0.000,0.000,0.000,0.000,0.013,3.2,11.30,29.0,0.000,0.000,0.006,0.000,0.006,0.000,0.000,0.000,0.000,0.000,0.000,0.000,0.000,0.013,0.000,0.000,0.006,0.000
48.6075,486,0,move,-1,48.6075,48.6207,0,0.000,0.000,0.264,-0.176,-46.758,32.783,-0.264,-0.088,0.176,0.000,0.000,-0.088,-0.088,0.264,0.088,0.000,0.439,0.176,0.000,0.000,0.000,0.000,-47.133,32.667,0.000,0.000,0.000,0.000,0.000,0.000,0.000,0.000,0.000,0.000,0.000,0.000,0.013,3.2,11.30,29.0,0.000,0.000,0.006,0.000,0.006,0.000,0.000,0.000,0.000,0.000,0.000,0.000,0.000,0.013,0.000,0.000,0.006,0.000
48.7075,487,0,move,-1,48.7075,48.7202,0,0.000,0.000,0.264,-0.176,-46.758,32.783,-0.264,-0.088,0.176,0.000,0.000,-0.088,-0.088,0.264,0.088,0.000,0.439,0.176,0.000,0.000,0.000,0.000,-47.133,32.667,0.000,0.000,0.000,0.000,0.000,0.000,0.000,0.000,0.000,0.000,0.000,0.000,0.013,3.2,11.30,29.0,0.000,0.000,0.006,0.000,0.006,0.000,0.000,0.000,0.000,0.000,0.000,0.000,0.000,0.013,0.000,0.000,0.006,0.000
48.8075,488,0,move,-1,48.8075,48.8191,0,0.000,0.000,0.264,-0.176,-46.758,32.783,-0.264,-0.088,0.176,0.000,0.000,-0.088,-0.088,0.264,0.088,0.000,0.439,0.176,0.000,0.000,0.000,0.000,-47.133,32.667,0.000,0.000,0.000,0.000,0.000,0.000,0.000,0.000,0.000,0.000,0.000,0.000,0.013,3.2,11.30,29.0,0.000,0.000,0.000,0.000,0.006,0.000,0.000,0.000,0.000,0.000,0.000,0.000,0.000,0.013,0.000,0.000,0.006,0.000
48.9075,489,0,move,-1,48.9075,48.9176,0,0.000,0.000,0.264,-0.176,-46.758,32.783,-0.264,-0.088,0.176,0.000,0.000,-0.088,-0.088,0.264,0.088,0.000,0.439,0.176,0.000,0.000,0.000,0.000,-47.133,32.667,0.000,0.000,0.000,0.000,0.000,0.000,0.000,0.000,0.000,0.000,0.000,0.000,0.013,3.2,11.30,29.0,0.000,0.000,0.000,0.000,0.006,0.000,0.000,0.000,0.000,0.000,0.000,0.000,0.000,0.013,0.000,0.000,0.006,0.000
49.0075,490,0,move,-1,49.0075,49.0190,0,0.000,0.000,0.264,-0.176,-46.758,32.783,-0.264,-0.088,0.176,0.000,0.000,-0.088,-0.088,0.264,0.088,0.000,0.439,0.176,0.000,0.000,0.000,0.000,-47.133,32.667,0.000,0.000,0.000,0.000,0.000,0.000,0.000,0.000,0.000,0.000,0.000,0.000,0.013,4.8,11.30,32.0,0.000,0.000,0.000,0.000,0.006,0.000,0.006,0.000,0.000,0.000,0.000,0.000,0.000,0.006,0.000,0.000,0.013,0.000
49.1075,491,0,move,-1,49.1075,49.1193,0,0.000,0.000,0.264,-0.176,-46.758,32.783,-0.264,-0.088,0.176,0.000,0.000,-0.088,-0.088,0.264,0.088,0.000,0.439,0.176,0.000,0.000,0.000,0.000,-47.133,32.667,0.000,0.000,0.000,0.000,0.000,0.000,0.000,0.000,0.000,0.000,0.000,0.000,0.006,3.2,11.30,32.0,0.000,0.000,0.006,0.000,0.000,0.000,0.006,0.000,0.000,0.000,0.000,0.000,0.000,0.006,0.000,0.000,0.006,0.000
49.2073,492,0,move,-1,49.2073,49.2202,0,0.000,0.000,0.264,-0.176,-46.758,32.783,-0.264,-0.088,0.176,0.000,0.000,-0.088,-0.088,0.264,0.088,0.000,0.439,0.176,0.000,0.000,0.000,0.000,-47.133,32.667,0.000,0.000,0.000,0.000,0.000,0.000,0.000,0.000,0.000,0.000,0.000,0.000,0.013,4.8,11.30,32.0,0.000,0.000,0.006,0.006,0.006,0.000,0.000,0.000,0.006,0.000,0.000,0.000,0.000,0.006,0.000,0.000,0.013,0.000
49.3075,493,0,move,-1,49.3075,49.3185,0,0.000,0.000,0.264,-0.176,-46.758,32.783,-0.264,-0.088,0.176,0.000,0.000,-0.088,-0.088,0.264,0.088,0.000,0.439,0.176,0.000,0.000,0.000,0.000,-47.133,32.667,0.000,0.000,0.000,0.000,0.000,0.000,0.000,0.000,0.000,0.000,0.000,0.000,0.013,4.8,11.30,32.0,0.000,0.000,0.006,0.006,0.006,0.000,0.000,0.000,0.006,0.000,0.000,0.000,0.000,0.006,0.000,0.000,0.013,0.000
49.4075,494,0,move,-1,49.4075,49.4197,0,0.000,0.000,0.264,-0.176,-46.758,32.783,-0.264,-0.088,0.176,0.000,0.000,-0.088,-0.088,0.264,0.088,0.000,0.439,0.176,0.000,0.000,0.000,0.000,-47.133,32.667,0.000,0.000,0.000,0.000,0.000,0.000,0.000,0.000,0.000,0.000,0.000,0.000,0.006,3.2,11.30,33.0,0.000,0.000,0.006,0.006,0.000,0.000,0.006,0.000,0.006,0.000,0.000,0.000,0.000,0.006,0.000,0.000,0.006,0.006
49.5075,495,0,move,-1,49.5075,49.5181,0,0.000,0.000,0.264,-0.176,-46.758,32.783,-0.264,-0.088,0.176,0.000,0.000,-0.088,-0.088,0.264,0.088,0.000,0.439,0.176,0.000,0.000,0.000,0.000,-47.133,32.667,0.000,0.000,0.000,0.000,0.000,0.000,0.000,0.000,0.000,0.000,0.000,0.000,0.006,3.2,11.30,33.0,0.000,0.000,0.006,0.006,0.000,0.000,0.006,0.000,0.006,0.000,0.000,0.000,0.000,0.006,0.000,0.000,0.006,0.006
49.6075,496,0,move,-1,49.6075,49.6186,0,0.000,0.000,0.264,-0.176,-46.758,32.783,-0.264,-0.088,0.176,0.000,0.000,-0.088,-0.088,0.264,0.088,0.000,0.439,0.176,0.000,0.000,0.000,0.000,-47.133,32.667,0.000,0.000,0.000,0.000,0.000,0.000,0.000,0.000,0.000,0.000,0.000,0.000,0.013,3.2,11.30,29.0,0.000,0.000,0.000,0.000,0.006,0.000,0.000,0.000,0.000,0.000,0.000,0.000,0.000,0.013,0.000,0.000,0.006,0.006
49.7075,497,0,move,-1,49.7075,49.7199,0,0.000,0.000,0.264,-0.176,-46.758,32.783,-0.264,-0.088,0.176,0.000,0.000,-0.088,-0.088,0.264,0.088,0.000,0.439,0.176,0.000,0.000,0.000,0.000,-47.133,32.667,0.000,0.000,0.000,0.000,0.000,0.000,0.000,0.000,0.000,0.000,0.000,0.000,0.013,3.2,11.30,29.0,0.000,0.000,0.006,0.006,0.000,0.000,0.000,0.000,0.000,0.000,0.000,0.000,0.000,0.013,0.000,0.000,0.006,0.000
49.8075,498,0,move,-1,49.8075,49.8177,0,0.000,0.000,0.264,-0.176,-46.758,32.783,-0.264,-0.088,0.176,0.000,0.000,-0.088,-0.088,0.264,0.088,0.000,0.439,0.176,0.000,0.000,0.000,0.000,-47.133,32.667,0.000,0.000,0.000,0.000,0.000,0.000,0.000,0.000,0.000,0.000,0.000,0.000,0.013,3.2,11.30,29.0,0.000,0.000,0.006,0.006,0.000,0.000,0.000,0.000,0.000,0.000,0.000,0.000,0.000,0.013,0.000,0.000,0.006,0.000
49.9075,499,0,move,-1,49.9075,49.9189,0,0.000,0.000,0.264,-0.176,-46.758,32.783,-0.264,-0.088,0.176,0.000,0.000,-0.088,-0.088,0.264,0.088,0.000,0.439,0.176,0.000,0.000,0.000,0.000,-47.133,32.667,0.000,0.000,0.000,0.000,0.000,0.000,0.000,0.000,0.000,0.000,0.000,0.000,0.006,3.2,11.30,33.0,0.000,0.000,0.006,0.000,0.006,0.000,0.000,0.000,0.000,0.000,0.000,0.000,0.000,0.006,0.000,0.000,0.006,0.000
50.0075,500,0,move,-1,50.0075,50.0178,0,0.000,0.000,0.264,-0.176,-46.758,32.783,-0.264,-0.088,0.176,0.000,0.000,-0.088,-0.088,0.264,0.088,0.000,0.439,0.176,0.000,0.000,0.000,0.000,-47.033,32.619,0.000,0.000,0.000,0.000,0.000,0.000,0.000,0.000,0.000,0.000,0.000,0.000,0.006,3.2,11.30,33.0,0.000,0.000,0.006,0.000,0.006,0.000,0.000,0.000,0.000,0.000,0.000,0.000,0.000,0.006,0.000,0.000,0.006,0.000
50.1101,501,0,move,-1,50.1101,50.1197,0,0.000,0.000,0.264,-0.176,-46.758,32.695,-0.264,-0.088,0.176,0.000,0.000,-0.088,-0.088,0.264,0.088,0.000,0.439,0.176,0.000,0.000,0.000,0.000,-46.742,32.477,0.000,0.000,0.000,0.000,0.000,0.000,0.000,0.000,0.000,0.000,0.000,0.000,0.006,3.2,11.30,33.0,0.000,0.000,0.006,0.006,0.006,0.006,0.006,0.000,0.000,0.000,0.000,0.000,0.000,0.006,0.000,0.000,0.006,0.000
50.2075,502,0,move,-1,50.2075,50.2178,0,0.000,0.000,0.264,-0.176,-46.758,32.607,-0.264,-0.088,0.176,0.000,0.000,-0.088,-0.088,0.264,0.088,0.000,0.439,0.176,0.000,0.000,0.000,0.000,-46.288,32.255,0.000,0.000,0.000,0.000,0.000,0.000,0.000,0.000,0.000,0.000,0.000,0.000,0.006,3.2,11.30,33.0,0.000,0.000,0.006,0.006,0.006,0.006,0.006,0.000,0.000,0.000,0.000,0.000,0.000,0.006,0.000,0.000,0.006,0.000
50.3075,503,0,move,-1,50.3075,50.3186,0,0.000,0.000,0.264,-0.176,-46.758,32.344,-0.264,-0.088,0.176,0.000,0.000,-0.088,-0.088,0.264,0.088,0.000,0.439,0.176,0.000,0.000,0.000,0.000,-45.712,31.972,0.000,0.000,0.000,0.000,0.000,0.000,0.000,0.000,0.000,0.000,0.000,0.000,0.006,2.4,11.20,32.0,0.000,0.000,0.000,0.000,0.000,0.006,0.006,0.000,0.000,0.000,0.000,0.000,0.000,0.006,0.000,0.000,0.006,0.000
50.4075,504,0,move,-1,50.4075,50.4175,0,0.000,0.000,0.264,-0.176,-46.494,31.992,-0.264,-0.088,0.176,0.000,0.000,-0.088,-0.088,0.264,0.088,0.000,0.439,0.176,0.000,0.000,0.000,0.000,-45.069,31.653,0.000,0.000,0.000,0.000,0.000,0.000,0.000,0.000,0.000,0.000,0.000,0.000,0.006,2.4,11.20,32.0,0.000,0.000,0.000,0.000,0.000,0.006,0.006,0.000,0.000,0.000,0.000,0.000,0.000,0.006,0.000,0.000,0.006,0.000
50.5075,505,0,move,-1,50.5075,50.5194,0,0.000,0.000,0.264,-0.176,-45.615,31.729,-0.264,-0.088,0.176,0.000,0.000,-0.088,-0.088,0.264,0.088,0.000,0.439,0.176,0.000,0.000,0.000,0.000,-44.421,31.329,0.000,0.000,0.000,0.000,0.000,0.000,0.000,0.000,0.000,0.000,0.000,0.000,0.006,3.2,11.30,33.0,0.000,0.000,0.006,0.000,0.006,0.000,0.000,0.000,0.006,0.000,0.000,0.000,0.000,0.006,0.000,0.000,0.006,0.000
50.6075,506,0,move,-1,50.6075,50.6205,0,0.000,0.000,0.264,-0.176,-45.000,31.377,-0.264,-0.088,0.176,0.000,0.000,-0.088,-0.088,0.264,0.088,0.000,0.439,0.176,0.000,0.000,0.000,0.000,-43.833,31.033,0.000,0.000,0.000,0.000,0.000,0.000,0.000,0.000,0.000,0.000,0.000,0.000,0.013,3.6,11.20,32.0,0.000,0.000,0.000,0.006,0.006,0.013,0.000,0.000,0.006,0.000,0.000,0.000,0.000,0.006,0.000,0.000,0.006,0.000
50.7075,507,0,move,-1,50.7075,50.7195,0,0.000,0.000,0.264,-0.176,-44.824,31.113,-0.264,-0.088,0.176,0.000,0.000,-0.088,-0.088,0.264,0.088,0.000,0.439,0.176,0.000,0.000,0.000,0.000,-43.362,30.795,0.000,0.000,0.000,0.000,0.000,0.000,0.000,0.000,0.000,0.000,0.000,0.000,0.013,3.6,11.20,32.0,0.000,0.000,0.000,0.006,0.006,0.013,0.000,0.000,0.006,0.000,0.000,0.000,0.000,0.006,0.000,0.000,0.006,0.000
50.8075,508,0,move,-1,50.8075,50.8183,0,0.000,0.000,0.264,-0.176,-43.945,30.850,-0.264,-0.088,0.176,0.000,0.000,-0.088,-0.088,0.264,0.088,0.000,0.439,0.176,0.000,0.000,0.000,0.000,-43.059,30.640,0.000,0.000,0.000,0.000,0.000,0.000,0.000,0.000,0.000,0.000,0.000,0.000,0.013,4.4,11.20,32.0,0.000,0.000,0.000,0.000,0.006,0.013,0.000,0.000,0.000,0.000,0.000,0.000,0.006,0.006,0.000,0.000,0.013,0.006
50.9075,509,0,move,-1,50.9075,50.9189,0,0.000,0.000,0.264,-0.176,-43.330,30.850,-0.264,-0.088,0.176,0.000,0.000,-0.088,-0.088,0.264,0.088,0.000,0.439,0.176,0.000,0.000,0.000,0.000,-42.955,30.587,0.000,0.000,0.000,0.000,0.000,0.000,0.000,0.000,0.000,0.000,0.000,0.000,0.006,2.4,11.30,32.0,0.000,0.000,0.000,0.006,0.000,0.000,0.006,0.000,0.000,0.000,0.000,0.000,0.000,0.006,0.000,0.000,0.006,0.000
51.0075,510,0,move,-1,51.0075,51.0177,0,0.000,0.000,0.264,-0.176,-43.242,30.674,-0.264,-0.088,0.176,0.000,0.000,-0.088,-0.088,0.264,0.088,0.000,0.439,0.176,0.000,0.000,0.000,0.000,-42.955,30.587,0.000,0.000,0.000,0.000,0.000,0.000,0.000,0.000,0.000,0.000,0.000,0.000,0.006,2.4,11.30,32.0,0.000,0.000,0.000,0.006,0.000,0.000,0.006,0.000,0.000,0.000,0.000,0.000,0.000,0.006,0.000,0.000,0.006,0.000
51.1084,511,0,move,-1,51.1084,51.1218,0,0.000,0.000,0.264,-0.176,-43.066,30.674,-0.264,-0.088,0.176,0.000,0.000,-0.088,-0.088,0.264,0.088,0.000,0.439,0.176,0.000,0.000,0.000,0.000,-42.955,30.587,0.000,0.000,0.000,0.000,0.000,0.000,0.000,0.000,0.000,0.000,0.000,0.000,0.013,3.2,11.30,29.0,0.000,0.000,0.006,0.000,0.000,0.000,0.006,0.000,0.000,0.000,0.000,0.000,0.000,0.013,0.000,0.000,0.006,0.000
51.2075,512,0,move,-1,51.2075,51.2171,0,0.000,0.000,0.264,-0.176,-42.891,30.674,-0.264,-0.088,0.176,0.000,0.000,-0.088,-0.088,0.264,0.088,0.000,0.439,0.176,0.000,0.000,0.000,0.000,-42.955,30.587,0.000,0.000,0.000,0.000,0.000,0.000,0.000,0.000,0.000,0.000,0.000,0.000,0.013,3.2,11.30,29.0,0.000,0.000,0.006,0.000,0.000,0.000,0.006,0.000,0.000,0.000,0.000,0.000,0.000,0.013,0.000,0.000,0.006,0.000
51.3074,513,0,move,-1,51.3074,51.3193,0,0.000,0.000,0.264,-0.176,-42.803,30.674,-0.264,-0.088,0.176,0.000,0.000,-0.088,-0.088,0.264,0.088,0.000,0.439,0.176,0.000,0.000,0.000,0.000,-42.955,30.587,0.000,0.000,0.000,0.000,0.000,0.000,0.000,0.000,0.000,0.000,0.000,0.000,0.013,3.2,11.30,29.0,0.000,0.000,0.000,0.006,0.000,0.000,0.006,0.000,0.000,0.000,0.000,0.000,0.000,0.013,0.000,0.000,0.013,0.000
51.4074,514,0,move,-1,51.4074,51.4300,0,0.000,0.000,0.264,-0.176,-42.715,30.674,-0.264,-0.088,0.176,0.000,0.000,-0.088,-0.088,0.264,0.088,0.000,0.439,0.176,0.000,0.000,0.000,0.000,-42.955,30.587,0.000,0.000,0.000,0.000,0.000,0.000,0.000,0.000,0.000,0.000,0.000,0.000,0.006,3.2,11.30,33.0,0.000,0.000,0.006,0.006,0.000,0.000,0.006,0.000,0.006,0.000,0.000,0.000,0.000,0.006,0.000,0.000,0.006,0.000
51.5075,515,0,move,-1,51.5075,51.5175,0,0.000,0.000,0.264,-0.176,-42.715,30.674,-0.264,-0.088,0.176,0.000,0.000,-0.088,-0.088,0.264,0.088,0.000,0.439,0.176,0.000,0.000,0.000,0.000,-42.955,30.587,0.000,0.000,0.000,0.000,0.000,0.000,0.000,0.000,0.000,0.000,0.000,0.000,0.006,3.2,11.30,33.0,0.000,0.000,0.006,0.006,0.000,0.000,0.006,0.000,0.006,0.000,0.000,0.000,0.000,0.006,0.000,0.000,0.006,0.000
51.6075,516,0,move,-1,51.6075,51.6179,0,0.000,0.000,0.264,-0.176,-42.715,30.674,-0.264,-0.088,0.176,0.000,0.000,-0.088,-0.088,0.264,0.088,0.000,0.439,0.176,0.000,0.000,0.000,0.000,-42.955,30.587,0.000,0.000,0.000,0.000,0.000,0.000,0.000,0.000,0.000,0.000,0.000,0.000,0.006,3.2,11.30,32.0,0.000,0.000,0.000,0.000,0.006,0.000,0.006,0.000,0.000,0.000,0.000,0.000,0.000,0.006,0.000,0.000,0.006,0.000
51.7075,517,0,move,-1,51.7075,51.7211,0,0.000,0.000,0.264,-0.176,-42.627,30.674,-0.264,-0.088,0.176,0.000,0.000,-0.088,-0.088,0.264,0.088,0.000,0.439,0.176,0.000,0.000,0.000,0.000,-42.955,30.587,0.000,0.000,0.000,0.000,0.000,0.000,0.000,0.000,0.000,0.000,0.000,0.000,0.006,3.2,11.20,32.0,0.000,0.000,0.000,0.000,0.000,0.000,0.006,0.000,0.000,0.000,0.000,0.000,0.000,0.006,0.000,0.000,0.006,0.000
51.8075,518,0,move,-1,51.8075,51.8207,0,0.000,0.000,0.264,-0.176,-42.627,30.674,-0.264,-0.088,0.176,0.000,0.000,-0.088,-0.088,0.264,0.088,0.000,0.439,0.176,0.000,0.000,0.000,0.000,-42.955,30.587,0.000,0.000,0.000,0.000,0.000,0.000,0.000,0.000,0.000,0.000,0.000,0.000,0.006,3.2,11.20,32.0,0.000,0.000,0.000,0.000,0.000,0.000,0.006,0.000,0.000,0.000,0.000,0.000,0.000,0.006,0.000,0.000,0.006,0.000
51.9075,519,0,move,-1,51.9075,51.9188,0,0.000,0.000,0.264,-0.176,-42.627,30.674,-0.264,-0.088,0.176,0.000,0.000,-0.088,-0.088,0.264,0.088,0.000,0.439,0.176,0.000,0.000,0.000,0.000,-42.955,30.587,0.000,0.000,0.000,0.000,0.000,0.000,0.000,0.000,0.000,0.000,0.000,0.000,0.000,0.0,11.30,32.0,0.000,0.000,0.000,0.000,0.000,0.000,0.000,0.000,0.000,0.000,0.000,0.000,0.000,0.000,0.000,0.000,0.000,0.000
52.0073,520,0,move,-1,52.0073,52.0181,0,0.000,0.000,0.264,-0.176,-42.627,30.674,-0.264,-0.088,0.176,0.000,0.000,-0.088,-0.088,0.264,0.088,0.000,0.439,0.176,0.000,0.000,0.000,0.000,-42.955,30.587,0.000,0.000,0.000,0.000,0.000,0.000,0.000,0.000,0.000,0.000,0.000,0.000,0.000,0.0,11.30,32.0,0.000,0.000,0.000,0.000,0.000,0.000,0.000,0.000,0.000,0.000,0.000,0.000,0.000,0.000,0.000,0.000,0.000,0.000
52.1075,521,0,move,-1,52.1075,52.1196,0,0.000,0.000,0.264,-0.176,-42.627,30.674,-0.264,-0.088,0.176,0.000,0.000,-0.088,-0.088,0.264,0.088,0.000,0.439,0.176,0.000,0.000,0.000,0.000,-42.955,30.587,0.000,0.000,0.000,0.000,0.000,0.000,0.000,0.000,0.000,0.000,0.000,0.000,0.013,4.8,11.30,32.0,0.000,0.000,0.000,0.000,0.006,0.000,0.006,0.000,0.000,0.000,0.000,0.000,0.000,0.006,0.000,0.000,0.013,0.006
52.2073,522,0,move,-1,52.2073,52.2173,0,0.000,0.000,0.264,-0.176,-42.627,30.674,-0.264,-0.088,0.176,0.000,0.000,-0.088,-0.088,0.264,0.088,0.000,0.439,0.176,0.000,0.000,0.000,0.000,-42.955,30.587,0.000,0.000,0.000,0.000,0.000,0.000,0.000,0.000,0.000,0.000,0.000,0.000,0.013,4.8,11.30,32.0,0.000,0.000,0.000,0.000,0.006,0.000,0.006,0.000,0.000,0.000,0.000,0.000,0.000,0.006,0.000,0.000,0.013,0.006
52.3075,523,0,move,-1,52.3075,52.3198,0,0.000,0.000,0.264,-0.176,-42.627,30.674,-0.264,-0.088,0.176,0.000,0.000,-0.088,-0.088,0.264,0.088,0.000,0.439,0.176,0.000,0.000,0.000,0.000,-42.955,30.587,0.000,0.000,0.000,0.000,0.000,0.000,0.000,0.000,0.000,0.000,0.000,0.000,0.006,3.2,11.30,32.0,0.000,0.000,0.000,0.000,0.000,0.000,0.006,0.000,0.000,0.000,0.000,0.000,0.000,0.006,0.000,0.000,0.006,0.006
52.4075,524,0,move,-1,52.4075,52.4186,0,0.000,0.000,0.264,-0.176,-42.627,30.674,-0.264,-0.088,0.176,0.000,0.000,-0.088,-0.088,0.264,0.088,0.000,0.439,0.176,0.000,0.000,0.000,0.000,-42.955,30.587,0.000,0.000,0.000,0.000,0.000,0.000,0.000,0.000,0.000,0.000,0.000,0.000,0.006,3.2,11.30,32.0,0.000,0.000,0.000,0.000,0.000,0.000,0.006,0.000,0.000,0.000,0.000,0.000,0.000,0.006,0.000,0.000,0.006,0.006
52.5075,525,0,move,-1,52.5075,52.5179,0,0.000,0.000,0.264,-0.176,-42.627,30.674,-0.264,-0.088,0.176,0.000,0.000,-0.088,-0.088,0.264,0.088,0.000,0.439,0.176,0.000,0.000,0.000,0.000,-42.955,30.587,0.000,0.000,0.000,0.000,0.000,0.000,0.000,0.000,0.000,0.000,0.000,0.000,0.006,4.0,11.30,32.0,0.000,0.000,0.000,0.000,0.006,0.000,0.000,0.000,0.000,0.000,0.000,0.000,0.000,0.006,0.000,0.000,0.006,0.000
52.6075,526,0,move,-1,52.6075,52.6230,0,0.000,0.000,0.264,-0.176,-42.627,30.674,-0.264,-0.088,0.176,0.000,0.000,-0.088,-0.088,0.264,0.088,0.000,0.439,0.176,0.000,0.000,0.000,0.000,-42.955,30.587,0.000,0.000,0.000,0.000,0.000,0.000,0.000,0.000,0.000,0.000,0.000,0.000,0.006,3.2,11.30,33.0,0.000,0.000,0.006,0.000,0.006,0.000,0.006,0.000,0.000,0.000,0.000,0.000,0.000,0.006,0.000,0.000,0.006,0.006
52.7075,527,0,move,-1,52.7075,52.7177,0,0.000,0.000,0.264,-0.176,-42.627,30.674,-0.264,-0.088,0.176,0.000,0.000,-0.088,-0.088,0.264,0.088,0.000,0.439,0.176,0.000,0.000,0.000,0.000,-42.955,30.587,0.000,0.000,0.000,0.000,0.000,0.000,0.000,0.000,0.000,0.000,0.000,0.000,0.006,3.2,11.30,33.0,0.000,0.000,0.006,0.000,0.006,0.000,0.006,0.000,0.000,0.000,0.000,0.000,0.000,0.006,0.000,0.000,0.006,0.006
52.8075,528,0,move,-1,52.8075,52.8186,0,0.000,0.000,0.264,-0.176,-42.627,30.674,-0.264,-0.088,0.176,0.000,0.000,-0.088,-0.088,0.264,0.088,0.000,0.439,0.176,0.000,0.000,0.000,0.000,-42.955,30.587,0.000,0.000,0.000,0.000,0.000,0.000,0.000,0.000,0.000,0.000,0.000,0.000,0.006,4.0,11.30,32.0,0.000,0.000,0.000,0.000,0.006,0.000,0.000,0.000,0.006,0.000,0.000,0.000,0.000,0.006,0.000,0.000,0.006,0.000
52.9073,529,0,move,-1,52.9073,52.9267,0,0.000,0.000,0.264,-0.176,-42.627,30.674,-0.264,-0.088,0.176,0.000,0.000,-0.088,-0.088,0.264,0.088,0.000,0.439,0.176,0.000,0.000,0.000,0.000,-42.955,30.587,0.000,0.000,0.000,0.000,0.000,0.000,0.000,0.000,0.000,0.000,0.000,0.000,0.013,4.8,11.30,32.0,0.000,0.000,0.006,0.006,0.006,0.000,0.000,0.000,0.006,0.000,0.000,0.000,0.000,0.006,0.000,0.000,0.013,0.000
53.0075,530,0,move,-1,53.0075,53.0198,0,0.000,0.000,0.264,-0.176,-42.627,30.674,-0.264,-0.088,0.176,0.000,0.000,-0.088,-0.088,0.264,0.088,0.000,0.439,0.176,0.000,0.000,0.000,0.000,-42.955,30.587,0.000,0.000,0.000,0.000,0.000,0.000,0.000,0.000,0.000,0.000,0.000,0.000,0.013,4.8,11.30,32.0,0.000,0.000,0.006,0.006,0.006,0.000,0.000,0.000,0.006,0.000,0.000,0.000,0.000,0.006,0.000,0.000,0.013,0.000
53.1075,531,0,move,-1,53.1075,53.1217,0,0.000,0.000,0.264,-0.176,-42.627,30.674,-0.264,-0.088,0.176,0.000,0.000,-0.088,-0.088,0.264,0.088,0.000,0.439,0.176,0.000,0.000,0.000,0.000,-42.955,30.587,0.000,0.000,0.000,0.000,0.000,0.000,0.000,0.000,0.000,0.000,0.000,0.000,0.013,3.2,11.30,29.0,0.000,0.000,0.000,0.000,0.006,0.000,0.006,0.000,0.000,0.000,0.000,0.000,0.000,0.013,0.000,0.000,0.013,0.000
53.2075,532,0,move,-1,53.2075,53.2228,0,0.000,0.000,0.264,-0.176,-42.627,30.674,-0.264,-0.088,0.176,0.000,0.000,-0.088,-0.088,0.264,0.088,0.000,0.439,0.176,0.000,0.000,0.000,0.000,-42.955,30.587,0.000,0.000,0.000,0.000,0.000,0.000,0.000,0.000,0.000,0.000,0.000,0.000,0.006,3.2,11.20,32.0,0.000,0.000,0.000,0.000,0.000,0.000,0.006,0.000,0.006,0.000,0.000,0.000,0.000,0.006,0.000,0.000,0.006,0.000
53.3075,533,0,move,-1,53.3075,53.3192,0,0.000,0.000,0.264,-0.176,-42.627,30.674,-0.264,-0.088,0.176,0.000,0.000,-0.088,-0.088,0.264,0.088,0.000,0.439,0.176,0.000,0.000,0.000,0.000,-42.955,30.587,0.000,0.000,0.000,0.000,0.000,0.000,0.000,0.000,0.000,0.000,0.000,0.000,0.006,3.2,11.20,32.0,0.000,0.000,0.000,0.000,0.000,0.000,0.006,0.000,0.006,0.000,0.000,0.000,0.000,0.006,0.000,0.000,0.006,0.000
53.4075,534,0,move,-1,53.4075,53.4170,0,0.000,0.000,0.264,-0.176,-42.627,30.674,-0.264,-0.088,0.176,0.000,0.000,-0.088,-0.088,0.264,0.088,0.000,0.439,0.176,0.000,0.000,0.000,0.000,-42.955,30.587,0.000,0.000,0.000,0.000,0.000,0.000,0.000,0.000,0.000,0.000,0.000,0.000,0.006,4.0,11.30,32.0,0.000,0.000,0.000,0.000,0.006,0.000,0.006,0.000,0.006,0.000,0.000,0.000,0.000,0.006,0.000,0.000,0.006,0.000
53.5073,535,0,move,-1,53.5073,53.5293,0,0.000,0.000,0.264,-0.176,-42.627,30.674,-0.264,-0.088,0.176,0.000,0.000,-0.088,-0.088,0.264,0.088,0.000,0.439,0.176,0.000,0.000,0.000,0.000,-42.955,30.587,0.000,0.000,0.000,0.000,0.000,0.000,0.000,0.000,0.000,0.000,0.000,0.000,0.013,4.8,11.30,32.0,0.000,0.000,0.000,0.000,0.006,0.000,0.006,0.000,0.006,0.000,0.000,0.000,0.000,0.006,0.000,0.000,0.013,0.000
53.6075,536,0,move,-1,53.6075,53.6194,0,0.000,0.000,0.264,-0.176,-42.627,30.674,-0.264,-0.088,0.176,0.000,0.000,-0.088,-0.088,0.264,0.088,0.000,0.439,0.176,0.000,0.000,0.000,0.000,-42.955,30.587,0.000,0.000,0.000,0.000,0.000,0.000,0.000,0.000,0.000,0.000,0.000,0.000,0.013,4.8,11.30,32.0,0.000,0.000,0.000,0.000,0.006,0.000,0.006,0.000,0.006,0.000,0.000,0.000,0.000,0.006,0.000,0.000,0.013,0.000
53.7075,537,0,move,-1,53.7075,53.7175,0,0.000,0.000,0.264,-0.176,-42.627,30.674,-0.264,-0.088,0.176,0.000,0.000,-0.088,-0.088,0.264,0.088,0.000,0.439,0.176,0.000,0.000,0.000,0.000,-42.955,30.587,0.000,0.000,0.000,0.000,0.000,0.000,0.000,0.000,0.000,0.000,0.000,0.000,0.013,4.8,11.30,32.0,,0.000,0.000,0.000,0.006,0.000,0.000,0.000,0.000,0.000,0.000,0.000,0.000,0.006,0.000,0.000,0.013,0.006
53.8075,538,0,move,-1,53.8075,53.8189,0,0.000,0.000,0.264,-0.176,-42.627,30.674,-0.264,-0.088,0.176,0.000,0.000,-0.088,-0.088,0.264,0.088,0.000,0.439,0.176,0.000,0.000,0.000,0.000,-42.955,30.587,0.000,0.000,0.000,0.000,0.000,0.000,0.000,0.000,0.000,0.000,0.000,0.000,0.006,3.2,11.30,32.0,0.000,0.000,0.000,0.000,0.000,0.000,0.006,0.000,0.000,0.000,0.000,0.000,0.000,0.006,0.000,0.000,0.006,0.000
53.9084,539,0,move,-1,53.9084,53.9346,0,0.000,0.000,0.264,-0.176,-42.627,30.674,-0.264,-0.088,0.176,0.000,0.000,-0.088,-0.088,0.264,0.088,0.000,0.439,0.176,0.000,0.000,0.000,0.000,-42.955,30.587,0.000,0.000,0.000,0.000,0.000,0.000,0.000,0.000,0.000,0.000,0.000,0.000,0.013,3.2,11.30,29.0,0.000,0.000,0.000,0.006,0.000,0.000,0.000,0.000,0.000,0.000,0.000,0.000,0.000,0.013,0.000,0.000,0.006,0.006
54.0074,540,0,move,-1,54.0074,54.0189,0,0.000,0.000,0.264,-0.176,-42.627,30.674,-0.264,-0.088,0.176,0.000,0.000,-0.088,-0.088,0.264,0.088,0.000,0.439,0.176,0.000,0.000,0.000,0.000,-43.059,30.640,0.000,0.000,0.000,0.000,0.000,0.000,0.000,0.000,0.000,0.000,0.000,0.000,0.013,3.2,11.30,29.0,0.000,0.000,0.000,0.006,0.000,0.000,0.000,0.000,0.000,0.000,0.000,0.000,0.000,0.013,0.000,0.000,0.006,0.006
54.1075,541,0,move,-1,54.1075,54.1190,0,0.000,0.000,0.264,-0.176,-42.627,30.674,-0.264,-0.088,0.176,0.000,0.000,-0.088,-0.088,0.264,0.088,0.000,0.439,0.176,0.000,0.000,0.000,0.000,-43.362,30.795,0.000,0.000,0.000,0.000,0.000,0.000,0.000,0.000,0.000,0.000,0.000,0.000,0.006,4.8,11.30,32.0,0.000,0.000,0.000,0.000,0.006,0.000,0.006,0.000,0.006,0.000,0.000,0.000,0.000,0.006,0.000,0.000,0.006,0.000
54.2075,542,0,move,-1,54.2075,54.2181,0,0.000,0.000,0.264,-0.176,-42.803,30.674,-0.264,-0.088,0.176,0.000,0.000,-0.088,-0.088,0.264,0.088,0.000,0.439,0.176,0.000,0.000,0.000,0.000,-43.833,31.033,0.000,0.000,0.000,0.000,0.000,0.000,0.000,0.000,0.000,0.000,0.000,0.000,0.006,4.8,11.30,32.0,0.000,0.000,0.000,0.000,0.006,0.000,0.006,0.000,0.006,0.000,0.000,0.000,0.000,0.006,0.000,0.000,0.006,0.000
54.3075,543,0,move,-1,54.3075,54.3194,0,0.000,0.000,0.264,-0.176,-43.066,30.938,-0.264,-0.088,0.176,0.000,0.000,-0.088,-0.088,0.264,0.088,0.000,0.439,0.176,0.000,0.000,0.000,0.000,-44.421,31.329,0.000,0.000,0.000,0.000,0.000,0.000,0.000,0.000,0.000,0.000,0.000,0.000,0.019,8.4,11.30,32.0,0.000,0.000,0.000,0.006,0.019,0.006,0.000,0.000,0.006,0.000,0.000,0.000,0.000,0.013,0.006,0.000,0.006,0.000
54.4075,544,0,move,-1,54.4075,54.4209,0,0.000,0.000,0.264,-0.176,-43.594,31.289,-0.264,-0.088,0.176,0.000,0.000,-0.088,-0.088,0.264,0.088,0.000,0.439,0.176,0.000,0.000,0.000,0.000,-45.069,31.653,0.000,0.000,0.000,0.000,0.000,0.000,0.000,0.000,0.000,0.000,0.000,0.000,0.019,10.0,11.20,32.0,0.000,0.000,0.000,0.000,0.019,0.006,0.006,0.000,0.000,0.000,0.000,0.000,0.000,0.006,0.000,0.000,0.006,0.006
54.5075,545,0,move,-1,54.5075,54.5297,0,0.000,0.000,0.264,-0.176,-44.209,31.553,-0.264,-0.088,0.176,0.000,0.000,-0.088,-0.088,0.264,0.088,0.000,0.439,0.176,0.000,0.000,0.000,0.000,-45.712,31.972,0.000,0.000,0.000,0.000,0.000,0.000,0.000,0.000,0.000,0.000,0.000,0.000,0.013,8.8,11.20,32.0,0.000,0.000,0.006,0.000,0.013,0.000,0.000,0.000,0.006,0.000,0.000,0.000,0.000,0.013,0.000,0.000,0.006,0.006
54.6075,546,0,move,-1,54.6075,54.6191,0,0.000,0.000,0.264,-0.176,-44.736,31.816,-0.264,-0.088,0.176,0.000,0.000,-0.088,-0.088,0.264,0.088,0.000,0.439,0.176,0.000,0.000,0.000,0.000,-46.288,32.255,0.000,0.000,0.000,0.000,0.000,0.000,0.000,0.000,0.000,0.000,0.000,0.000,0.013,8.8,11.20,32.0,0.000,0.000,0.006,0.000,0.013,0.000,0.000,0.000,0.006,0.000,0.000,0.000,0.000,0.013,0.000,0.000,0.006,0.006
54.7075,547,0,move,-1,54.7075,54.7182,0,0.000,0.000,0.264,-0.176,-45.527,32.080,-0.264,-0.088,0.176,0.000,0.000,-0.088,-0.088,0.264,0.088,0.000,0.439,0.176,0.000,0.000,0.000,0.000,-46.742,32.477,0.000,0.000,0.000,0.000,0.000,0.000,0.000,0.000,0.000,0.000,0.000,0.000,0.019,8.4,11.30,32.0,0.000,0.000,0.000,0.000,0.019,0.006,0.006,0.000,0.000,0.000,0.000,0.000,0.000,0.013,0.000,0.000,0.006,0.006
54.8075,548,0,move,-1,54.8075,54.8195,0,0.000,0.000,0.264,-0.176,-46.055,32.432,-0.264,-0.088,0.176,0.000,0.000,-0.088,-0.088,0.264,0.088,0.000,0.439,0.176,0.000,0.000,0.000,0.000,-47.033,32.619,0.000,0.000,0.000,0.000,0.000,0.000,0.000,0.000,0.000,0.000,0.000,0.000,0.013,7.6,11.30,32.0,0.000,0.000,0.000,0.000,0.013,0.000,0.000,0.000,0.000,0.000,0.000,0.000,0.000,0.013,0.000,0.000,0.006,0.006
54.9075,549,0,move,-1,54.9075,54.9286,0,0.000,0.000,0.264,-0.176,-46.406,32.520,-0.264,-0.088,0.176,0.000,0.000,-0.088,-0.088,0.264,0.088,0.000,0.439,0.176,0.000,0.000,0.000,0.000,-47.133,32.667,0.000,0.000,0.000,0.000,0.000,0.000,0.000,0.000,0.000,0.000,0.000,0.000,0.013,6.8,11.30,32.0,0.000,0.000,0.000,0.006,0.013,0.000,0.000,0.000,0.006,0.000,0.000,0.000,0.000,0.013,0.000,0.000,0.006,0.000
55.0073,550,0,move,-1,55.0073,55.0214,0,0.000,0.000,0.264,-0.176,-46.494,32.607,-0.264,-0.088,0.176,0.000,0.000,-0.088,-0.088,0.264,0.088,0.000,0.439,0.176,0.000,0.000,0.000,0.000,-47.133,32.667,0.000,0.000,0.000,0.000,0.000,0.000,0.000,0.000,0.000,0.000,0.000,0.000,0.013,6.8,11.30,32.0,0.000,0.000,0.000,0.006,0.013,0.000,0.000,0.000,0.006,0.000,0.000,0.000,0.000,0.013,0.000,0.000,0.006,0.000
55.1075,551,0,move,-1,55.1075,55.1175,0,0.000,0.000,0.264,-0.176,-46.494,32.607,-0.264,-0.088,0.176,0.000,0.000,-0.088,-0.088,0.264,0.088,0.000,0.439,0.176,0.000,0.000,0.000,0.000,-47.133,32.667,0.000,0.000,0.000,0.000,0.000,0.000,0.000,0.000,0.000,0.000,0.000,0.000,0.013,6.4,11.30,31.0,0.000,0.000,0.000,0.006,0.013,0.000,0.006,0.000,0.000,0.000,0.000,0.000,0.000,0.000,0.000,0.000,0.013,0.000
55.2075,552,0,move,-1,55.2075,55.2201,0,0.000,0.000,0.264,-0.176,-46.494,32.607,-0.264,-0.088,0.176,0.000,0.000,-0.088,-0.088,0.264,0.088,0.000,0.439,0.176,0.000,0.000,0.000,0.000,-47.133,32.667,0.000,0.000,0.000,0.000,0.000,0.000,0.000,0.000,0.000,0.000,0.000,0.000,0.013,4.8,11.30,32.0,0.000,0.000,0.006,0.006,0.006,0.000,0.000,0.000,0.006,0.000,0.000,0.000,0.000,0.006,0.000,0.000,0.013,0.006
55.3075,553,0,move,-1,55.3075,55.3179,0,0.000,0.000,0.264,-0.176,-46.582,32.607,-0.264,-0.088,0.176,0.000,0.000,-0.088,-0.088,0.264,0.088,0.000,0.439,0.176,0.000,0.000,0.000,0.000,-47.133,32.667,0.000,0.000,0.000,0.000,0.000,0.000,0.000,0.000,0.000,0.000,0.000,0.000,0.013,4.8,11.30,32.0,0.000,0.000,0.006,0.006,0.006,0.000,0.000,0.000,0.006,0.000,0.000,0.000,0.000,0.006,0.000,0.000,0.013,0.006
55.4075,554,0,move,-1,55.4075,55.4191,0,0.000,0.000,0.264,-0.176,-46.582,32.607,-0.264,-0.088,0.176,0.000,0.000,-0.088,-0.088,0.264,0.088,0.000,0.439,0.176,0.000,0.000,0.000,0.000,-47.133,32.667,0.000,0.000,0.000,0.000,0.000,0.000,0.000,0.000,0.000,0.000,0.000,0.000,0.006,3.2,11.30,33.0,0.000,0.000,0.006,0.000,0.006,0.000,0.006,0.000,0.000,0.000,0.000,0.000,0.000,0.006,0.000,0.000,0.006,0.000
55.5075,555,0,move,-1,55.5075,55.5184,0,0.000,0.000,0.264,-0.176,-46.582,32.607,-0.264,-0.088,0.176,0.000,0.000,-0.088,-0.088,0.264,0.088,0.000,0.439,0.176,0.000,0.000,0.000,0.000,-47.133,32.667,0.000,0.000,0.000,0.000,0.000,0.000,0.000,0.000,0.000,0.000,0.000,0.000,0.006,3.2,11.30,33.0,0.000,0.000,0.006,0.000,0.006,0.000,0.006,0.000,0.000,0.000,0.000,0.000,0.000,0.006,0.000,0.000,0.006,0.000
55.6073,556,0,move,-1,55.6073,55.6449,0,0.000,0.000,0.264,-0.176,-46.582,32.607,-0.264,-0.088,0.176,0.000,0.000,-0.088,-0.088,0.264,0.088,0.000,0.439,0.176,0.000,0.000,0.000,0.000,-47.133,32.667,0.000,0.000,0.000,0.000,0.000,0.000,0.000,0.000,0.000,0.000,0.000,0.000,0.013,5.6,11.30,32.0,0.000,0.000,0.000,0.006,0.013,0.000,0.000,0.000,0.000,0.000,0.000,0.000,0.000,0.006,0.000,0.000,0.006,0.000
55.7075,557,0,move,-1,55.7075,55.7171,0,0.000,0.000,0.264,-0.176,-46.582,32.607,-0.264,-0.088,0.176,0.000,0.000,-0.088,-0.088,0.264,0.088,0.000,0.439,0.176,0.000,0.000,0.000,0.000,-47.133,32.667,0.000,0.000,0.000,0.000,0.000,0.000,0.000,0.000,0.000,0.000,0.000,0.000,0.013,5.6,11.30,32.0,0.000,0.000,0.000,0.006,0.013,0.000,0.000,0.000,0.000,0.000,0.000,0.000,0.000,0.006,0.000,0.000,0.006,0.000
55.8073,558,0,move,-1,55.8073,55.8568,0,0.000,0.000,0.264,-0.176,-46.582,32.607,-0.264,-0.088,0.176,0.000,0.000,-0.088,-0.088,0.264,0.088,0.000,0.439,0.176,0.000,0.000,0.000,0.000,-47.133,32.667,0.000,0.000,0.000,0.000,0.000,0.000,0.000,0.000,0.000,0.000,0.000,0.000,0.006,5.6,11.20,32.0,0.000,0.000,0.000,0.000,0.006,0.000,0.006,0.000,0.006,0.000,0.000,0.000,0.000,0.006,0.000,0.000,0.006,0.000
55.9074,559,0,move,-1,55.9074,55.9304,0,0.000,0.000,0.264,-0.176,-46.582,32.607,-0.264,-0.088,0.176,0.000,0.000,-0.088,-0.088,0.264,0.088,0.000,0.439,0.176,0.000,0.000,0.000,0.000,-47.133,32.667,0.000,0.000,0.000,0.000,0.000,0.000,0.000,0.000,0.000,0.000,0.000,0.000,0.006,5.6,11.20,32.0,0.000,0.000,0.000,0.000,0.006,0.000,0.006,0.000,0.006,0.000,0.000,0.000,0.000,0.006,0.000,0.000,0.006,0.000
56.0219,560,0,move,-1,56.0219,56.0324,0,0.000,0.000,0.264,-0.176,-46.582,32.607,-0.264,-0.088,0.176,0.000,0.000,-0.088,-0.088,0.264,0.088,0.000,0.439,0.176,0.000,0.000,0.000,0.000,-47.133,32.667,0.000,0.000,0.000,0.000,0.000,0.000,0.000,0.000,0.000,0.000,0.000,0.000,0.006,3.2,11.30,33.0,0.000,0.000,0.006,0.000,0.006,0.000,0.006,0.000,0.000,0.000,0.000,0.000,0.000,0.006,0.000,0.000,0.006,0.000
56.1073,561,0,move,-1,56.1073,56.1182,0,0.000,0.000,0.264,-0.176,-46.582,32.607,-0.264,-0.088,0.176,0.000,0.000,-0.088,-0.088,0.264,0.088,0.000,0.439,0.176,0.000,0.000,0.000,0.000,-47.133,32.667,0.000,0.000,0.000,0.000,0.000,0.000,0.000,0.000,0.000,0.000,0.000,0.000,0.006,3.2,11.30,33.0,0.000,0.000,0.006,0.000,0.006,0.000,0.006,0.000,0.000,0.000,0.000,0.000,0.000,0.006,0.000,0.000,0.006,0.000
56.2073,562,0,move,-1,56.2073,56.2195,0,0.000,0.000,0.264,-0.176,-46.582,32.607,-0.264,-0.088,0.176,0.000,0.000,-0.088,-0.088,0.264,0.088,0.000,0.439,0.176,0.000,0.000,0.000,0.000,-47.133,32.667,0.000,0.000,0.000,0.000,0.000,0.000,0.000,0.000,0.000,0.000,0.000,0.000,0.013,3.2,11.30,29.0,0.000,0.000,0.000,0.000,0.006,0.000,0.006,0.000,0.000,0.000,0.000,0.000,0.000,0.013,0.000,0.000,0.013,0.006
56.3075,563,0,move,-1,56.3075,56.3174,0,0.000,0.000,0.264,-0.176,-46.582,32.607,-0.264,-0.088,0.176,0.000,0.000,-0.088,-0.088,0.264,0.088,0.000,0.439,0.176,0.000,0.000,0.000,0.000,-47.133,32.667,0.000,0.000,0.000,0.000,0.000,0.000,0.000,0.000,0.000,0.000,0.000,0.000,0.013,3.2,11.30,29.0,0.000,0.000,0.000,0.000,0.006,0.000,0.006,0.000,0.000,0.000,0.000,0.000,0.000,0.013,0.000,0.000,0.013,0.006
56.4075,564,0,move,-1,56.4075,56.4185,0,0.000,0.000,0.264,-0.176,-46.582,32.607,-0.264,-0.088,0.176,0.000,0.000,-0.088,-0.088,0.264,0.088,0.000,0.439,0.176,0.000,0.000,0.000,0.000,-47.133,32.667,0.000,0.000,0.000,0.000,0.000,0.000,0.000,0.000,0.000,0.000,0.000,0.000,0.006,5.6,11.30,32.0,0.000,0.000,0.000,0.000,0.006,0.000,0.006,0.000,0.006,0.000,0.000,0.000,0.000,0.006,0.000,0.000,0.006,0.006
56.5075,565,0,move,-1,56.5075,56.5181,0,0.000,0.000,0.264,-0.176,-46.582,32.607,-0.264,-0.088,0.176,0.000,0.000,-0.088,-0.088,0.264,0.088,0.000,0.439,0.176,0.000,0.000,0.000,0.000,-47.133,32.667,0.000,0.000,0.000,0.000,0.000,0.000,0.000,0.000,0.000,0.000,0.000,0.000,0.006,5.6,11.30,32.0,0.000,0.000,0.000,0.000,0.006,0.000,0.006,0.000,0.006,0.000,0.000,0.000,0.000,0.006,0.000,0.000,0.006,0.006
56.6075,566,0,move,-1,56.6075,56.6177,0,0.000,0.000,0.264,-0.176,-46.582,32.607,-0.264,-0.088,0.176,0.000,0.000,-0.088,-0.088,0.264,0.088,0.000,0.439,0.176,0.000,0.000,0.000,0.000,-47.133,32.667,0.000,0.000,0.000,0.000,0.000,0.000,0.000,0.000,0.000,0.000,0.000,0.000,0.013,3.2,11.30,29.0,0.000,0.000,0.006,0.000,0.006,0.000,0.006,0.000,0.000,0.000,0.000,0.000,0.000,0.013,0.000,0.000,0.013,0.000
56.7075,567,0,move,-1,56.7075,56.7170,0,0.000,0.000,0.264,-0.176,-46.582,32.607,-0.264,-0.088,0.176,0.000,0.000,-0.088,-0.088,0.264,0.088,0.000,0.439,0.176,0.000,0.000,0.000,0.000,-47.133,32.667,0.000,0.000,0.000,0.000,0.000,0.000,0.000,0.000,0.000,0.000,0.000,0.000,0.013,3.2,11.30,29.0,0.000,0.000,0.006,0.000,0.006,0.000,0.006,0.000,0.000,0.000,0.000,0.000,0.000,0.013,0.000,0.000,0.013,0.000
56.8075,568,0,move,-1,56.8075,56.8181,0,0.000,0.000,0.264,-0.176,-46.582,32.607,-0.264,-0.088,0.176,0.000,0.000,-0.088,-0.088,0.264,0.088,0.000,0.439,0.176,0.000,0.000,0.000,0.000,-47.133,32.667,0.000,0.000,0.000,0.000,0.000,0.000,0.000,0.000,0.000,0.000,0.000,0.000,0.013,5.6,11.20,32.0,0.000,0.000,0.006,0.006,0.013,0.000,0.000,0.000,0.000,0.000,0.000,0.000,0.000,0.013,0.000,0.000,0.013,0.000
56.9073,569,0,move,-1,56.9073,56.9334,0,0.000,0.000,0.264,-0.176,-46.582,32.607,-0.264,-0.088,0.176,0.000,0.000,-0.088,-0.088,0.264,0.088,0.000,0.439,0.176,0.000,0.000,0.000,0.000,-47.133,32.667,0.000,0.000,0.000,0.000,0.000,0.000,0.000,0.000,0.000,0.000,0.000,0.000,0.013,4.8,11.30,32.0,0.000,0.000,0.006,0.006,0.006,0.000,0.006,0.000,0.000,0.000,0.000,0.000,0.000,0.006,0.000,0.000,0.013,0.006
57.0075,570,0,move,-1,57.0075,57.0197,0,0.000,0.000,0.264,-0.176,-46.582,32.607,-0.264,-0.088,0.176,0.000,0.000,-0.088,-0.088,0.264,0.088,0.000,0.439,0.176,0.000,0.000,0.000,0.000,-47.133,32.667,0.000,0.000,0.000,0.000,0.000,0.000,0.000,0.000,0.000,0.000,0.000,0.000,0.013,4.8,11.30,32.0,0.000,0.000,0.006,0.006,0.006,0.000,0.006,0.000,0.000,0.000,0.000,0.000,0.000,0.006,0.000,0.000,0.013,0.006
57.1075,571,0,move,-1,57.1075,57.1172,0,0.000,0.000,0.264,-0.176,-46.582,32.607,-0.264,-0.088,0.176,0.000,0.000,-0.088,-0.088,0.264,0.088,0.000,0.439,0.176,0.000,0.000,0.000,0.000,-47.133,32.667,0.000,0.000,0.000,0.000,0.000,0.000,0.000,0.000,0.000,0.000,0.000,0.000,0.013,5.6,11.30,32.0,0.000,0.000,0.006,0.006,0.013,0.000,0.006,0.000,0.000,0.000,0.000,0.000,0.000,0.006,0.000,0.000,0.006,0.000
57.2132,572,0,move,-1,57.2132,57.2395,0,0.000,0.000,0.264,-0.176,-46.582,32.607,-0.264,-0.088,0.176,0.000,0.000,-0.088,-0.088,0.264,0.088,0.000,0.439,0.176,0.000,0.000,0.000,0.000,-47.133,32.667,0.000,0.000,0.000,0.000,0.000,0.000,0.000,0.000,0.000,0.000,0.000,0.000,0.013,5.6,11.30,31.0,0.000,0.000,0.000,0.000,0.013,0.000,0.006,0.000,0.006,0.000,0.000,0.000,0.000,0.006,0.000,0.000,0.006,0.000
57.3075,573,0,move,-1,57.3075,57.3184,0,0.000,0.000,0.264,-0.176,-46.582,32.607,-0.264,-0.088,0.176,0.000,0.000,-0.088,-0.088,0.264,0.088,0.000,0.439,0.176,0.000,0.000,0.000,0.000,-47.133,32.667,0.000,0.000,0.000,0.000,0.000,0.000,0.000,0.000,0.000,0.000,0.000,0.000,0.013,5.6,11.30,31.0,0.000,0.000,0.000,0.000,0.013,0.000,0.006,0.000,0.006,0.000,0.000,0.000,0.000,0.006,0.000,0.000,0.006,0.000
57.4074,574,0,move,-1,57.4074,57.4186,0,0.000,0.000,0.264,-0.176,-46.582,32.607,-0.264,-0.088,0.176,0.000,0.000,-0.088,-0.088,0.264,0.088,0.000,0.439,0.176,0.000,0.000,0.000,0.000,-47.133,32.667,0.000,0.000,0.000,0.000,0.000,0.000,0.000,0.000,0.000,0.000,0.000,0.000,0.013,5.6,11.30,32.0,0.000,0.000,0.000,0.000,0.013,0.000,0.006,0.000,0.000,0.000,0.000,0.000,0.000,0.006,0.000,0.000,0.006,0.006
57.5214,575,0,move,-1,57.5214,57.5329,0,0.000,0.000,0.264,-0.176,-46.582,32.607,-0.264,-0.088,0.176,0.000,0.000,-0.088,-0.088,0.264,0.088,0.000,0.439,0.176,0.000,0.000,0.000,0.000,-47.133,32.667,0.000,0.000,0.000,0.000,0.000,0.000,0.000,0.000,0.000,0.000,0.000,0.000,0.013,5.6,11.30,32.0,0.000,0.000,0.006,0.000,0.013,0.000,0.000,0.000,0.006,0.000,0.000,0.000,0.000,0.013,0.000,0.000,0.006,0.006
57.6075,576,0,move,-1,57.6075,57.6191,0,0.000,0.000,0.264,-0.176,-46.582,32.607,-0.264,-0.088,0.176,0.000,0.000,-0.088,-0.088,0.264,0.088,0.000,0.439,0.176,0.000,0.000,0.000,0.000,-47.133,32.667,0.000,0.000,0.000,0.000,0.000,0.000,0.000,0.000,0.000,0.000,0.000,0.000,0.013,5.6,11.30,32.0,0.000,0.000,0.006,0.000,0.013,0.000,0.000,0.000,0.006,0.000,0.000,0.000,0.000,0.013,0.000,0.000,0.006,0.006
57.7075,577,0,move,-1,57.7075,57.7217,0,0.000,0.000,0.264,-0.176,-46.582,32.607,-0.264,-0.088,0.176,0.000,0.000,-0.088,-0.088,0.264,0.088,0.000,0.439,0.176,0.000,0.000,0.000,0.000,-47.133,32.667,0.000,0.000,0.000,0.000,0.000,0.000,0.000,0.000,0.000,0.000,0.000,0.000,0.013,5.6,11.20,31.0,0.000,0.000,0.000,0.006,0.013,0.000,0.000,0.000,0.000,0.000,0.000,0.000,0.000,0.006,0.000,0.000,0.013,0.006
57.8075,578,0,move,-1,57.8075,57.8193,0,0.000,0.000,0.264,-0.176,-46.582,32.607,-0.264,-0.088,0.176,0.000,0.000,-0.088,-0.088,0.264,0.088,0.000,0.439,0.176,0.000,0.000,0.000,0.000,-47.133,32.667,0.000,0.000,0.000,0.000,0.000,0.000,0.000,0.000,0.000,0.000,0.000,0.000,0.013,5.6,11.20,31.0,0.000,0.000,0.000,0.006,0.013,0.000,0.000,0.000,0.000,0.000,0.000,0.000,0.000,0.006,0.000,0.000,0.013,0.006
57.9075,579,0,move,-1,57.9075,57.9196,0,0.000,0.000,0.264,-0.176,-46.582,32.607,-0.264,-0.088,0.176,0.000,0.000,-0.088,-0.088,0.264,0.088,0.000,0.439,0.176,0.000,0.000,0.000,0.000,-47.133,32.667,0.000,0.000,0.000,0.000,0.000,0.000,0.000,0.000,0.000,0.000,0.000,0.000,0.006,3.2,11.30,33.0,0.000,0.000,0.006,0.000,0.006,0.000,0.000,0.000,0.000,0.000,0.000,0.000,0.000,0.006,0.000,0.000,0.006,0.000
58.0091,580,0,move,-1,58.0091,58.0298,0,0.000,0.000,0.264,-0.176,-46.582,32.607,-0.264,-0.088,0.176,0.000,0.000,-0.088,-0.088,0.264,0.088,0.000,0.439,0.176,0.000,0.000,0.000,0.000,-47.233,32.716,0.000,0.000,0.000,0.000,0.000,0.000,0.000,0.000,0.000,0.000,0.000,0.000,0.013,3.2,11.30,29.0,0.000,0.000,0.000,0.006,0.006,0.000,0.006,0.000,0.000,0.000,0.000,0.000,0.000,0.013,0.000,0.000,0.006,0.000
58.1076,581,0,move,-1,58.1076,58.1209,0,0.000,0.000,0.264,-0.176,-46.582,32.607,-0.264,-0.088,0.176,0.000,0.000,-0.088,-0.088,0.264,0.088,0.000,0.439,0.176,0.000,0.000,0.000,0.000,-47.522,32.856,0.000,0.000,0.000,0.000,0.000,0.000,0.000,0.000,0.000,0.000,0.000,0.000,0.013,3.2,11.30,29.0,0.000,0.000,0.000,0.006,0.006,0.000,0.006,0.000,0.000,0.000,0.000,0.000,0.000,0.013,0.000,0.000,0.006,0.000
58.2073,582,0,move,-1,58.2073,58.2195,0,0.000,0.000,0.264,-0.176,-46.846,32.695,-0.264,-0.088,0.176,0.000,0.000,-0.088,-0.088,0.264,0.088,0.000,0.439,0.176,0.000,0.000,0.000,0.000,-47.971,33.071,0.000,0.000,0.000,0.000,0.000,0.000,0.000,0.000,0.000,0.000,0.000,0.000,0.013,6.8,11.30,32.0,0.000,0.000,0.000,0.006,0.013,0.006,0.000,0.000,0.000,0.000,0.000,0.000,0.000,0.006,0.000,0.000,0.013,0.000
58.3075,583,0,move,-1,58.3075,58.3178,0,0.000,0.000,0.264,-0.176,-47.197,32.871,-0.264,-0.088,0.176,0.000,0.000,-0.088,-0.088,0.264,0.088,0.000,0.439,0.176,0.000,0.000,0.000,0.000,-48.535,33.340,0.000,0.000,0.000,0.000,0.000,0.000,0.000,0.000,0.000,0.000,0.000,0.000,0.013,6.8,11.30,32.0,0.000,0.000,0.000,0.006,0.013,0.006,0.000,0.000,0.000,0.000,0.000,0.000,0.000,0.006,0.000,0.000,0.013,0.000
58.4075,584,0,move,-1,58.4075,58.4184,0,0.000,0.000,0.264,-0.176,-47.725,33.223,-0.264,-0.088,0.176,0.000,0.000,-0.088,-0.088,0.264,0.088,0.000,0.439,0.176,0.000,0.000,0.000,0.000,-49.154,33.634,0.000,0.000,0.000,0.000,0.000,0.000,0.000,0.000,0.000,0.000,0.000,0.000,0.013,7.2,11.30,32.0,0.000,0.000,0.000,0.006,0.013,0.006,0.000,0.000,0.000,0.000,0.000,0.000,0.000,0.006,0.000,0.000,0.006,0.000
58.5075,585,0,move,-1,58.5075,58.5196,0,0.000,0.000,0.264,-0.176,-48.340,33.574,-0.264,-0.088,0.176,0.000,0.000,-0.088,-0.088,0.264,0.088,0.000,0.439,0.176,0.000,0.000,0.000,0.000,-49.772,33.924,0.000,0.000,0.000,0.000,0.000,0.000,0.000,0.000,0.000,0.000,0.000,0.000,0.013,8.8,11.30,32.0,0.000,0.000,0.000,0.000,0.013,0.006,0.006,0.000,0.000,0.000,0.000,0.000,0.000,0.013,0.000,0.000,0.013,0.000
58.6075,586,0,move,-1,58.6075,58.6178,0,0.000,0.000,0.264,-0.176,-48.779,33.838,-0.264,-0.088,0.176,0.000,0.000,-0.088,-0.088,0.264,0.088,0.000,0.439,0.176,0.000,0.000,0.000,0.000,-50.327,34.182,0.000,0.000,0.000,0.000,0.000,0.000,0.000,0.000,0.000,0.000,0.000,0.000,0.013,8.8,11.30,32.0,0.000,0.000,0.000,0.000,0.013,0.006,0.006,0.000,0.000,0.000,0.000,0.000,0.000,0.013,0.000,0.000,0.013,0.000
58.7118,587,0,move,-1,58.7118,58.7590,0,0.000,0.000,0.264,-0.176,-49.658,34.014,-0.264,-0.088,0.176,0.000,0.000,-0.088,-0.088,0.264,0.088,0.000,0.439,0.176,0.000,0.000,0.000,0.000,-50.765,34.384,0.000,0.000,0.000,0.000,0.000,0.000,0.000,0.000,0.000,0.000,0.000,0.000,0.013,9.6,11.20,32.0,0.000,0.000,0.000,0.000,0.013,0.006,0.006,0.000,0.000,0.000,0.000,0.000,0.000,0.013,0.000,0.000,0.006,0.000
58.8075,588,0,move,-1,58.8075,58.8179,0,0.000,0.000,0.264,-0.176,-50.010,34.365,-0.264,-0.088,0.176,0.000,0.000,-0.088,-0.088,0.264,0.088,0.000,0.439,0.176,0.000,0.000,0.000,0.000,-51.045,34.512,0.000,0.000,0.000,0.000,0.000,0.000,0.000,0.000,0.000,0.000,0.000,0.000,0.013,9.6,11.20,32.0,0.000,0.000,0.000,0.000,0.013,0.006,0.006,0.000,0.000,0.000,0.000,0.000,0.000,0.013,0.000,0.000,0.006,0.000
58.9075,589,0,move,-1,58.9075,58.9197,0,0.000,0.000,0.264,-0.176,-50.361,34.453,-0.264,-0.088,0.176,0.000,0.000,-0.088,-0.088,0.264,0.088,0.000,0.439,0.176,0.000,0.000,0.000,0.000,-51.141,34.556,0.000,0.000,0.000,0.000,0.000,0.000,0.000,0.000,0.000,0.000,0.000,0.000,0.026,10.0,11.30,31.0,0.000,0.000,0.006,0.000,0.026,0.006,0.000,0.000,0.006,0.000,0.000,0.000,0.000,0.013,0.000,0.000,0.006,0.006
59.0074,590,0,move,-1,59.0074,59.0174,0,0.000,0.000,0.264,-0.176,-50.449,34.453,-0.264,-0.088,0.176,0.000,0.000,-0.088,-0.088,0.264,0.088,0.000,0.439,0.176,0.000,0.000,0.000,0.000,-51.141,34.556,0.000,0.000,0.000,0.000,0.000,0.000,0.000,0.000,0.000,0.000,0.000,0.000,0.026,10.0,11.30,31.0,0.000,0.000,0.006,0.000,0.026,0.006,0.000,0.000,0.006,0.000,0.000,0.000,0.000,0.013,0.000,0.000,0.006,0.006
59.1075,591,0,move,-1,59.1075,59.1179,0,0.000,0.000,0.264,-0.176,-50.537,34.453,-0.264,-0.088,0.176,0.000,0.000,-0.088,-0.088,0.264,0.088,0.000,0.439,0.176,0.000,0.000,0.000,0.000,-51.141,34.556,0.000,0.000,0.000,0.000,0.000,0.000,0.000,0.000,0.000,0.000,0.000,0.000,0.013,6.4,11.30,32.0,0.000,0.000,0.000,0.006,0.013,0.000,0.006,0.000,0.006,0.000,0.000,0.000,0.000,0.013,0.000,0.000,0.006,0.006
59.2075,592,0,move,-1,59.2075,59.2175,0,0.000,0.000,0.264,-0.176,-50.537,34.453,-0.264,-0.088,0.176,0.000,0.000,-0.088,-0.088,0.264,0.088,0.000,0.439,0.176,0.000,0.000,0.000,0.000,-51.141,34.556,0.000,0.000,0.000,0.000,0.000,0.000,0.000,0.000,0.000,0.000,0.000,0.000,0.013,6.4,11.30,32.0,0.000,0.000,0.000,0.006,0.013,0.000,0.006,0.000,0.006,0.000,0.000,0.000,0.000,0.013,0.000,0.000,0.006,0.006
59.3074,593,0,move,-1,59.3074,59.3182,0,0.000,0.000,0.264,-0.176,-50.537,34.453,-0.264,-0.088,0.176,0.000,0.000,-0.088,-0.088,0.264,0.088,0.000,0.439,0.176,0.000,0.000,0.000,0.000,-51.141,34.556,0.000,0.000,0.000,0.000,0.000,0.000,0.000,0.000,0.000,0.000,0.000,0.000,0.013,6.4,11.30,32.0,0.000,0.000,0.000,0.000,0.013,0.000,0.006,0.000,0.000,0.000,0.000,0.000,0.000,0.006,0.000,0.000,0.006,0.006
59.4075,594,0,move,-1,59.4075,59.4198,0,0.000,0.000,0.264,-0.176,-50.537,34.453,-0.264,-0.088,0.176,0.000,0.000,-0.088,-0.088,0.264,0.088,0.000,0.439,0.176,0.000,0.000,0.000,0.000,-51.141,34.556,0.000,0.000,0.000,0.000,0.000,0.000,0.000,0.000,0.000,0.000,0.000,0.000,0.013,6.4,11.30,32.0,0.000,0.000,0.006,0.000,0.013,0.000,0.006,0.000,0.000,0.000,0.000,0.000,0.000,0.006,0.000,0.000,0.006,0.000
59.5073,595,0,move,-1,59.5073,59.5236,0,0.000,0.000,0.264,-0.176,-50.537,34.453,-0.264,-0.088,0.176,0.000,0.000,-0.088,-0.088,0.264,0.088,0.000,0.439,0.176,0.000,0.000,0.000,0.000,-51.141,34.556,0.000,0.000,0.000,0.000,0.000,0.000,0.000,0.000,0.000,0.000,0.000,0.000,0.013,6.4,11.30,32.0,0.000,0.000,0.000,0.000,0.013,0.000,0.000,0.000,0.000,0.000,0.000,0.000,0.000,0.006,0.000,0.000,0.006,0.000
59.6075,596,0,move,-1,59.6075,59.6177,0,0.000,0.000,0.264,-0.176,-50.537,34.453,-0.264,-0.088,0.176,0.000,0.000,-0.088,-0.088,0.264,0.088,0.000,0.439,0.176,0.000,0.000,0.000,0.000,-51.141,34.556,0.000,0.000,0.000,0.000,0.000,0.000,0.000,0.000,0.000,0.000,0.000,0.000,0.013,6.4,11.30,32.0,0.000,0.000,0.000,0.000,0.013,0.000,0.000,0.000,0.000,0.000,0.000,0.000,0.000,0.006,0.000,0.000,0.006,0.000
59.7075,597,0,move,-1,59.7075,59.7233,0,0.000,0.000,0.264,-0.176,-50.537,34.453,-0.264,-0.088,0.176,0.000,0.000,-0.088,-0.088,0.264,0.088,0.000,0.439,0.176,0.000,0.000,0.000,0.000,-51.141,34.556,0.000,0.000,0.000,0.000,0.000,0.000,0.000,0.000,0.000,0.000,0.000,0.000,0.006,0.0,11.30,32.0,0.006,0.000,0.000,0.000,0.000,0.000,0.000,0.000,0.000,0.000,0.000,0.000,0.000,0.000,0.000,0.000,0.000,0.000
59.8075,598,0,move,-1,59.8075,59.8195,0,0.000,0.000,0.264,-0.176,-50.537,34.453,-0.264,-0.088,0.176,0.000,0.000,-0.088,-0.088,0.264,0.088,0.000,0.439,0.176,0.000,0.000,0.000,0.000,-51.141,34.556,0.000,0.000,0.000,0.000,0.000,0.000,0.000,0.000,0.000,0.000,0.000,0.000,0.006,0.0,11.30,32.0,0.006,0.000,0.000,0.000,0.000,0.000,0.000,0.000,0.000,0.000,0.000,0.000,0.000,0.000,0.000,0.000,0.000,0.000
59.9074,599,0,move,-1,59.9074,59.9179,0,0.000,0.000,0.264,-0.176,-50.537,34.453,-0.264,-0.088,0.176,0.000,0.000,-0.088,-0.088,0.264,0.088,0.000,0.439,0.176,0.000,0.000,0.000,0.000,-51.141,34.556,0.000,0.000,0.000,0.000,0.000,0.000,0.000,0.000,0.000,0.000,0.000,0.000,0.013,7.2,11.30,32.0,0.000,0.000,0.000,0.006,0.013,0.000,0.006,0.000,0.000,0.000,0.000,0.000,0.000,0.013,0.000,0.000,0.006,0.006
60.0137,600,0,move,-1,60.0137,60.0238,0,0.000,0.000,0.264,-0.176,-50.537,34.453,-0.264,-0.088,0.176,0.000,0.000,-0.088,-0.088,0.264,0.088,0.000,0.439,0.176,0.000,0.000,0.000,0.000,-51.141,34.556,0.000,0.000,0.000,0.000,0.000,0.000,0.000,0.000,0.000,0.000,0.000,0.000,0.013,6.4,11.30,31.0,0.000,0.000,0.006,0.000,0.013,0.000,0.006,0.000,0.000,0.000,0.000,0.000,0.000,0.013,0.000,0.000,0.006,0.000
60.1075,601,0,move,-1,60.1075,60.1195,0,0.000,0.000,0.264,-0.176,-50.537,34.453,-0.264,-0.088,0.176,0.000,0.000,-0.088,-0.088,0.264,0.088,0.000,0.439,0.176,0.000,0.000,0.000,0.000,-51.141,34.556,0.000,0.000,0.000,0.000,0.000,0.000,0.000,0.000,0.000,0.000,0.000,0.000,0.013,6.4,11.30,31.0,0.000,0.000,0.006,0.000,0.013,0.000,0.006,0.000,0.000,0.000,0.000,0.000,0.000,0.013,0.000,0.000,0.006,0.000
60.2074,602,0,move,-1,60.2074,60.2577,0,0.000,0.000,0.264,-0.176,-50.537,34.453,-0.264,-0.088,0.176,0.000,0.000,-0.088,-0.088,0.264,0.088,0.000,0.439,0.176,0.000,0.000,0.000,0.000,-51.141,34.556,0.000,0.000,0.000,0.000,0.000,0.000,0.000,0.000,0.000,0.000,0.000,0.000,0.013,6.4,11.20,32.0,0.000,0.000,0.006,0.006,0.013,0.000,0.006,0.000,0.000,0.000,0.006,0.000,0.000,0.006,0.000,0.000,0.006,0.006
60.3073,603,0,move,-1,60.3073,60.3197,0,0.000,0.000,0.264,-0.176,-50.537,34.453,-0.264,-0.088,0.176,0.000,0.000,-0.088,-0.088,0.264,0.088,0.000,0.439,0.176,0.000,0.000,0.000,0.000,-51.141,34.556,0.000,0.000,0.000,0.000,0.000,0.000,0.000,0.000,0.000,0.000,0.000,0.000,0.013,6.4,11.20,32.0,0.000,0.000,0.006,0.006,0.013,0.000,0.006,0.000,0.000,0.000,0.006,0.000,0.000,0.006,0.000,0.000,0.006,0.006
60.4075,604,0,move,-1,60.4075,60.4183,0,0.000,0.000,0.264,-0.176,-50.537,34.453,-0.264,-0.088,0.176,0.000,0.000,-0.088,-0.088,0.264,0.088,0.000,0.439,0.176,0.000,0.000,0.000,0.000,-51.141,34.556,0.000,0.000,0.000,0.000,0.000,0.000,0.000,0.000,0.000,0.000,0.000,0.000,0.013,6.4,11.30,32.0,0.000,0.000,0.006,0.000,0.013,0.000,0.000,0.000,0.006,0.000,0.000,0.000,0.000,0.013,0.000,0.000,0.006,0.006
60.5075,605,0,move,-1,60.5075,60.5194,0,0.000,0.000,0.264,-0.176,-50.537,34.453,-0.264,-0.088,0.176,0.000,0.000,-0.088,-0.088,0.264,0.088,0.000,0.439,0.176,0.000,0.000,0.000,0.000,-51.141,34.556,0.000,0.000,0.000,0.000,0.000,0.000,0.000,0.000,0.000,0.000,0.000,0.000,0.013,6.4,11.30,32.0,0.000,0.000,0.000,0.000,0.013,0.000,0.000,0.000,0.000,0.000,0.000,0.000,0.000,0.013,0.000,0.000,0.006,0.006
60.6075,606,0,move,-1,60.6075,60.6189,0,0.000,0.000,0.264,-0.176,-50.537,34.453,-0.264,-0.088,0.176,0.000,0.000,-0.088,-0.088,0.264,0.088,0.000,0.439,0.176,0.000,0.000,0.000,0.000,-51.141,34.556,0.000,0.000,0.000,0.000,0.000,0.000,0.000,0.000,0.000,0.000,0.000,0.000,0.013,6.4,11.30,32.0,0.000,0.000,0.000,0.000,0.013,0.000,0.000,0.000,0.000,0.000,0.000,0.000,0.000,0.013,0.000,0.000,0.006,0.006
60.7075,607,0,move,-1,60.7075,60.7196,0,0.000,0.000,0.264,-0.176,-50.537,34.453,-0.264,-0.088,0.176,0.000,0.000,-0.088,-0.088,0.264,0.088,0.000,0.439,0.176,0.000,0.000,0.000,0.000,-51.141,34.556,0.000,0.000,0.000,0.000,0.000,0.000,0.000,0.000,0.000,0.000,0.000,0.000,0.013,6.4,11.30,32.0,0.000,0.000,0.006,0.000,0.013,0.000,0.000,0.000,0.000,0.000,0.000,0.000,0.000,0.013,0.000,0.000,0.006,0.006
60.8075,608,0,move,-1,60.8075,60.8179,0,0.000,0.000,0.264,-0.176,-50.537,34.453,-0.264,-0.088,0.176,0.000,0.000,-0.088,-0.088,0.264,0.088,0.000,0.439,0.176,0.000,0.000,0.000,0.000,-51.141,34.556,0.000,0.000,0.000,0.000,0.000,0.000,0.000,0.000,0.000,0.000,0.000,0.000,0.013,6.4,11.30,32.0,0.000,0.000,0.006,0.000,0.013,0.000,0.000,0.000,0.000,0.000,0.000,0.000,0.000,0.013,0.000,0.000,0.006,0.006
60.9075,609,0,move,-1,60.9075,60.9194,0,0.000,0.000,0.264,-0.176,-50.537,34.453,-0.264,-0.088,0.176,0.000,0.000,-0.088,-0.088,0.264,0.088,0.000,0.439,0.176,0.000,0.000,0.000,0.000,-51.141,34.556,0.000,0.000,0.000,0.000,0.000,0.000,0.000,0.000,0.000,0.000,0.000,0.000,0.013,6.4,11.30,32.0,0.000,0.000,0.000,0.006,0.013,0.000,0.006,0.000,0.000,0.000,0.000,0.000,0.000,0.013,0.000,0.000,0.006,0.006
61.0075,610,0,move,-1,61.0075,61.0170,0,0.000,0.000,0.264,-0.176,-50.537,34.453,-0.264,-0.088,0.176,0.000,0.000,-0.088,-0.088,0.264,0.088,0.000,0.439,0.176,0.000,0.000,0.000,0.000,-51.141,34.556,0.000,0.000,0.000,0.000,0.000,0.000,0.000,0.000,0.000,0.000,0.000,0.000,0.013,6.4,11.30,32.0,0.000,0.000,0.000,0.006,0.013,0.000,0.006,0.000,0.000,0.000,0.000,0.000,0.000,0.013,0.000,0.000,0.006,0.006
61.1074,611,0,move,-1,61.1074,61.1188,0,0.000,0.000,0.264,-0.176,-50.537,34.453,-0.264,-0.088,0.176,0.000,0.000,-0.088,-0.088,0.264,0.088,0.000,0.439,0.176,0.000,0.000,0.000,0.000,-51.141,34.556,0.000,0.000,0.000,0.000,0.000,0.000,0.000,0.000,0.000,0.000,0.000,0.000,0.013,6.4,11.30,32.0,0.000,0.000,0.006,0.000,0.013,0.000,0.006,0.000,0.006,0.000,0.000,0.000,0.000,0.006,0.000,0.000,0.013,0.000
61.2075,612,0,move,-1,61.2075,61.2178,0,0.000,0.000,0.264,-0.176,-50.537,34.453,-0.264,-0.088,0.176,0.000,0.000,-0.088,-0.088,0.264,0.088,0.000,0.439,0.176,0.000,0.000,0.000,0.000,-51.141,34.556,0.000,0.000,0.000,0.000,0.000,0.000,0.000,0.000,0.000,0.000,0.000,0.000,0.013,6.4,11.30,32.0,0.000,0.000,0.006,0.000,0.013,0.000,0.006,0.000,0.006,0.000,0.000,0.000,0.000,0.006,0.000,0.000,0.013,0.000
61.3073,613,0,move,-1,61.3073,61.3263,0,0.000,0.000,0.264,-0.176,-50.537,34.453,-0.264,-0.088,0.176,0.000,0.000,-0.088,-0.088,0.264,0.088,0.000,0.439,0.176,0.000,0.000,0.000,0.000,-51.141,34.556,0.000,0.000,0.000,0.000,0.000,0.000,0.000,0.000,0.000,0.000,0.000,0.000,0.013,6.4,11.20,32.0,0.000,0.000,0.000,0.000,0.013,0.000,0.000,0.000,0.006,0.000,0.000,0.000,0.000,0.013,0.000,0.000,0.006,0.006
61.4075,614,0,move,-1,61.4075,61.4195,0,0.000,0.000,0.264,-0.176,-50.537,34.453,-0.264,-0.088,0.176,0.000,0.000,-0.088,-0.088,0.264,0.088,0.000,0.439,0.176,0.000,0.000,0.000,0.000,-51.141,34.556,0.000,0.000,0.000,0.000,0.000,0.000,0.000,0.000,0.000,0.000,0.000,0.000,0.013,6.4,11.20,32.0,0.000,0.000,0.000,0.000,0.013,0.000,0.000,0.000,0.006,0.000,0.000,0.000,0.000,0.013,0.000,0.000,0.006,0.006
61.5075,615,0,move,-1,61.5075,61.5188,0,0.000,0.000,0.264,-0.176,-50.537,34.453,-0.264,-0.088,0.176,0.000,0.000,-0.088,-0.088,0.264,0.088,0.000,0.439,0.176,0.000,0.000,0.000,0.000,-51.141,34.556,0.000,0.000,0.000,0.000,0.000,0.000,0.000,0.000,0.000,0.000,0.000,0.000,0.013,6.4,11.20,32.0,,0.000,0.006,0.006,0.013,0.000,0.006,0.000,0.000,0.000,0.000,0.000,0.000,0.006,0.000,0.000,0.013,0.000
61.6075,616,0,move,-1,61.6075,61.6206,0,0.000,0.000,0.264,-0.176,-50.537,34.453,-0.264,-0.088,0.176,0.000,0.000,-0.088,-0.088,0.264,0.088,0.000,0.439,0.176,0.000,0.000,0.000,0.000,-51.141,34.556,0.000,0.000,0.000,0.000,0.000,0.000,0.000,0.000,0.000,0.000,0.000,0.000,0.013,6.4,11.20,32.0,0.000,0.000,0.006,0.000,0.013,0.000,0.006,0.000,0.000,0.000,0.000,0.000,0.000,0.006,0.000,0.000,0.013,0.006
61.7075,617,0,move,-1,61.7075,61.7178,0,0.000,0.000,0.264,-0.176,-50.537,34.453,-0.264,-0.088,0.176,0.000,0.000,-0.088,-0.088,0.264,0.088,0.000,0.439,0.176,0.000,0.000,0.000,0.000,-51.141,34.556,0.000,0.000,0.000,0.000,0.000,0.000,0.000,0.000,0.000,0.000,0.000,0.000,0.013,6.4,11.20,32.0,0.000,0.000,0.006,0.000,0.013,0.000,0.006,0.000,0.000,0.000,0.000,0.000,0.000,0.006,0.000,0.000,0.013,0.006
61.8075,618,0,move,-1,61.8075,61.8191,0,0.000,0.000,0.264,-0.176,-50.537,34.453,-0.264,-0.088,0.176,0.000,0.000,-0.088,-0.088,0.264,0.088,0.000,0.439,0.176,0.000,0.000,0.000,0.000,-51.141,34.556,0.000,0.000,0.000,0.000,0.000,0.000,0.000,0.000,0.000,0.000,0.000,0.000,0.013,6.4,11.30,31.0,0.000,0.000,0.006,0.000,0.013,0.000,0.006,0.000,0.006,0.000,0.000,0.000,0.000,0.013,0.000,0.000,0.006,0.000
61.9073,619,0,move,-1,61.9073,61.9156,0,0.000,0.000,0.264,-0.176,-50.537,34.453,-0.264,-0.088,0.176,0.000,0.000,-0.088,-0.088,0.264,0.088,0.000,0.439,0.176,0.000,0.000,0.000,0.000,-51.141,34.556,0.000,0.000,0.000,0.000,0.000,0.000,0.000,0.000,0.000,0.000,0.000,0.000,0.013,6.4,11.30,31.0,0.000,0.000,0.006,0.000,0.013,0.000,0.006,0.000,0.006,0.000,0.000,0.000,0.000,0.013,0.000,0.000,0.006,0.000
62.0075,620,0,move,-1,62.0075,62.0184,0,0.000,0.000,0.264,-0.176,-50.537,34.453,-0.264,-0.088,0.176,0.000,0.000,-0.088,-0.088,0.264,0.088,0.000,0.439,0.176,0.000,0.000,0.000,0.000,-51.143,34.557,0.000,0.000,0.000,0.000,0.000,0.000,0.000,0.000,0.000,0.000,0.000,0.000,0.013,6.4,11.30,32.0,0.000,0.000,0.006,0.000,0.013,0.000,0.006,0.000,0.006,0.000,0.000,0.000,0.000,0.006,0.000,0.000,0.006,0.006
62.1075,621,0,move,-1,62.1075,62.1198,0,0.000,0.000,0.264,-0.176,-50.537,34.453,-0.264,-0.088,0.176,0.000,0.000,-0.088,-0.088,0.264,0.088,0.000,0.439,0.176,0.000,0.000,0.000,0.000,-51.143,34.557,0.000,0.000,0.000,0.000,0.000,0.000,0.000,0.000,0.000,0.000,0.000,0.000,0.013,6.4,11.30,32.0,0.000,0.000,0.006,0.006,0.013,0.000,0.000,0.000,0.000,0.000,0.000,0.000,0.000,0.006,0.000,0.000,0.006,0.000
62.2091,622,0,move,-1,62.2091,62.2211,0,0.000,0.000,0.264,-0.176,-50.537,34.453,-0.264,-0.088,0.176,0.000,0.000,-0.088,-0.088,0.264,0.088,0.000,0.439,0.176,0.000,0.000,0.000,0.000,-51.143,34.557,0.000,0.000,0.000,0.000,0.000,0.000,0.000,0.000,0.000,0.000,0.000,0.000,0.013,6.4,11.30,32.0,0.000,0.000,0.006,0.006,0.013,0.000,0.006,0.000,0.006,0.000,0.000,0.000,0.000,0.013,0.000,0.000,0.006,0.006
62.3075,623,0,move,-1,62.3075,62.3171,0,0.000,0.000,0.264,-0.176,-50.537,34.453,-0.264,-0.088,0.176,0.000,0.000,-0.088,-0.088,0.264,0.088,0.000,0.439,0.176,0.000,0.000,0.000,0.000,-51.143,34.557,0.000,0.000,0.000,0.000,0.000,0.000,0.000,0.000,0.000,0.000,0.000,0.000,0.013,6.4,11.30,32.0,0.000,0.000,0.006,0.006,0.013,0.000,0.006,0.000,0.006,0.000,0.000,0.000,0.000,0.013,0.000,0.000,0.006,0.006
62.4075,624,0,move,-1,62.4075,62.4178,0,0.000,0.000,0.264,-0.176,-50.537,34.453,-0.264,-0.088,0.176,0.000,0.000,-0.088,-0.088,0.264,0.088,0.000,0.439,0.176,0.000,0.000,0.000,0.000,-51.143,34.557,0.000,0.000,0.000,0.000,0.000,0.000,0.000,0.000,0.000,0.000,0.000,0.000,0.013,6.4,11.30,32.0,0.000,0.000,0.006,0.000,0.013,0.000,0.006,0.000,0.006,0.000,0.000,0.000,0.000,0.013,0.000,0.000,0.006,0.006
62.5075,625,0,move,-1,62.5075,62.5165,0,0.000,0.000,0.264,-0.176,-50.537,34.453,-0.264,-0.088,0.176,0.000,0.000,-0.088,-0.088,0.264,0.088,0.000,0.439,0.176,0.000,0.000,0.000,0.000,-51.143,34.557,0.000,0.000,0.000,0.000,0.000,0.000,0.000,0.000,0.000,0.000,0.000,0.000,0.013,6.4,11.30,32.0,0.000,0.000,0.006,0.000,0.013,0.000,0.006,0.000,0.006,0.000,0.000,0.000,0.000,0.013,0.000,0.000,0.006,0.006
62.6119,626,0,move,-1,62.6119,62.6237,0,0.000,0.000,0.264,-0.176,-50.537,34.453,-0.264,-0.088,0.176,0.000,0.000,-0.088,-0.088,0.264,0.088,0.000,0.439,0.176,0.000,0.000,0.000,0.000,-51.143,34.557,0.000,0.000,0.000,0.000,0.000,0.000,0.000,0.000,0.000,0.000,0.000,0.000,0.013,6.4,11.30,32.0,0.000,0.000,0.000,0.000,0.013,0.000,0.000,0.000,0.000,0.000,0.000,0.000,0.000,0.013,0.000,0.000,0.006,0.000
62.7073,627,0,move,-1,62.7073,62.7218,0,0.000,0.000,0.264,-0.176,-50.537,34.453,-0.264,-0.088,0.176,0.000,0.000,-0.088,-0.088,0.264,0.088,0.000,0.439,0.176,0.000,0.000,0.000,0.000,-51.143,34.557,0.000,0.000,0.000,0.000,0.000,0.000,0.000,0.000,0.000,0.000,0.000,0.000,0.013,6.4,11.30,32.0,0.000,0.000,0.000,0.000,0.013,0.000,0.000,0.000,0.000,0.000,0.000,0.000,0.000,0.013,0.000,0.000,0.006,0.000
62.8075,628,0,move,-1,62.8075,62.8501,0,0.000,0.000,0.264,-0.176,-50.537,34.453,-0.264,-0.088,0.176,0.000,0.000,-0.088,-0.088,0.264,0.088,0.000,0.439,0.176,0.000,0.000,0.000,0.000,-51.143,34.557,0.000,0.000,0.000,0.000,0.000,0.000,0.000,0.000,0.000,0.000,0.000,0.000,0.013,6.4,11.20,32.0,0.000,0.000,0.006,0.000,0.013,0.000,0.006,0.000,0.000,0.000,0.000,0.000,0.000,0.006,0.000,0.000,0.006,0.000
62.9075,629,0,move,-1,62.9075,62.9196,0,0.000,0.000,0.264,-0.176,-50.537,34.453,-0.264,-0.088,0.176,0.000,0.000,-0.088,-0.088,0.264,0.088,0.000,0.439,0.176,0.000,0.000,0.000,0.000,-51.143,34.557,0.000,0.000,0.000,0.000,0.000,0.000,0.000,0.000,0.000,0.000,0.000,0.000,0.013,6.4,11.20,32.0,0.000,0.000,0.006,0.000,0.013,0.000,0.006,0.000,0.000,0.000,0.000,0.000,0.000,0.006,0.000,0.000,0.006,0.000
63.0075,630,0,move,-1,63.0075,63.0192,0,0.000,0.000,0.264,-0.176,-50.537,34.453,-0.264,-0.088,0.176,0.000,0.000,-0.088,-0.088,0.264,0.088,0.000,0.439,0.176,0.000,0.000,0.000,0.000,-51.143,34.557,0.000,0.000,0.000,0.000,0.000,0.000,0.000,0.000,0.000,0.000,0.000,0.000,0.013,6.4,11.30,32.0,0.000,0.000,0.000,0.006,0.013,0.000,0.006,0.000,0.000,0.000,0.000,0.000,0.000,0.006,0.000,0.000,0.006,0.006
63.1075,631,0,move,-1,63.1075,63.1176,0,0.000,0.000,0.264,-0.176,-50.537,34.453,-0.264,-0.088,0.176,0.000,0.000,-0.088,-0.088,0.264,0.088,0.000,0.439,0.176,0.000,0.000,0.000,0.000,-51.143,34.557,0.000,0.000,0.000,0.000,0.000,0.000,0.000,0.000,0.000,0.000,0.000,0.000,0.013,6.4,11.30,32.0,0.000,0.000,0.000,0.006,0.013,0.000,0.006,0.000,0.000,0.000,0.000,0.000,0.000,0.006,0.000,0.000,0.006,0.006
63.2075,632,0,move,-1,63.2075,63.2186,0,0.000,0.000,0.264,-0.176,-50.537,34.453,-0.264,-0.088,0.176,0.000,0.000,-0.088,-0.088,0.264,0.088,0.000,0.439,0.176,0.000,0.000,0.000,0.000,-51.143,34.557,0.000,0.000,0.000,0.000,0.000,0.000,0.000,0.000,0.000,0.000,0.000,0.000,0.013,6.4,11.30,32.0,0.000,0.000,0.000,0.000,0.013,0.000,0.006,0.000,0.000,0.000,0.000,0.000,0.000,0.006,0.000,0.000,0.006,0.000
63.3075,633,0,move,-1,63.3075,63.3177,0,0.000,0.000,0.264,-0.176,-50.537,34.453,-0.264,-0.088,0.176,0.000,0.000,-0.088,-0.088,0.264,0.088,0.000,0.439,0.176,0.000,0.000,0.000,0.000,-51.143,34.557,0.000,0.000,0.000,0.000,0.000,0.000,0.000,0.000,0.000,0.000,0.000,0.000,0.013,6.4,11.30,32.0,0.000,0.000,0.000,0.000,0.013,0.000,0.006,0.000,0.000,0.000,0.000,0.000,0.000,0.006,0.000,0.000,0.006,0.000
63.4073,634,0,move,-1,63.4073,63.4155,0,0.000,0.000,0.264,-0.176,-50.537,34.453,-0.264,-0.088,0.176,0.000,0.000,-0.088,-0.088,0.264,0.088,0.000,0.439,0.176,0.000,0.000,0.000,0.000,-51.143,34.557,0.000,0.000,0.000,0.000,0.000,0.000,0.000,0.000,0.000,0.000,0.000,0.000,0.013,6.4,11.30,32.0,0.000,0.000,0.006,0.006,0.013,0.000,0.000,0.000,0.000,0.000,0.000,0.000,0.000,0.006,0.000,0.000,0.006,0.006
63.5075,635,0,move,-1,63.5075,63.5189,0,0.000,0.000,0.264,-0.176,-50.537,34.453,-0.264,-0.088,0.176,0.000,0.000,-0.088,-0.088,0.264,0.088,0.000,0.439,0.176,0.000,0.000,0.000,0.000,-51.143,34.557,0.000,0.000,0.000,0.000,0.000,0.000,0.000,0.000,0.000,0.000,0.000,0.000,0.013,6.4,11.30,31.0,0.000,0.000,0.006,0.006,0.013,0.000,0.006,0.000,0.006,0.000,0.000,0.000,0.000,0.006,0.000,0.000,0.006,0.006
63.6073,636,0,move,-1,63.6073,63.6173,0,0.000,0.000,0.264,-0.176,-50.537,34.453,-0.264,-0.088,0.176,0.000,0.000,-0.088,-0.088,0.264,0.088,0.000,0.439,0.176,0.000,0.000,0.000,0.000,-51.143,34.557,0.000,0.000,0.000,0.000,0.000,0.000,0.000,0.000,0.000,0.000,0.000,0.000,0.013,6.4,11.30,31.0,0.000,0.000,0.006,0.006,0.013,0.000,0.006,0.000,0.006,0.000,0.000,0.000,0.000,0.006,0.000,0.000,0.006,0.006
63.7075,637,0,move,-1,63.7075,63.7233,0,0.000,0.000,0.264,-0.176,-50.537,34.453,-0.264,-0.088,0.176,0.000,0.000,-0.088,-0.088,0.264,0.088,0.000,0.439,0.176,0.000,0.000,0.000,0.000,-51.143,34.557,0.000,0.000,0.000,0.000,0.000,0.000,0.000,0.000,0.000,0.000,0.000,0.000,0.013,3.2,11.30,29.0,0.000,0.000,0.006,0.000,0.006,0.000,0.000,0.000,0.000,0.000,0.000,0.000,0.000,0.013,0.000,0.000,0.013,0.006
63.8075,638,0,move,-1,63.8075,63.8172,0,0.000,0.000,0.264,-0.176,-50.537,34.453,-0.264,-0.088,0.176,0.000,0.000,-0.088,-0.088,0.264,0.088,0.000,0.439,0.176,0.000,0.000,0.000,0.000,-51.143,34.557,0.000,0.000,0.000,0.000,0.000,0.000,0.000,0.000,0.000,0.000,0.000,0.000,0.013,3.2,11.30,29.0,0.000,0.000,0.006,0.000,0.006,0.000,0.000,0.000,0.000,0.000,0.000,0.000,0.000,0.013,0.000,0.000,0.013,0.006
63.9075,639,0,move,-1,63.9075,63.9192,0,0.000,0.000,0.264,-0.176,-50.537,34.453,-0.264,-0.088,0.176,0.000,0.000,-0.088,-0.088,0.264,0.088,0.000,0.439,0.176,0.000,0.000,0.000,0.000,-51.143,34.557,0.000,0.000,0.000,0.000,0.000,0.000,0.000,0.000,0.000,0.000,0.000,0.000,0.013,6.4,11.30,32.0,0.000,0.000,0.000,0.006,0.013,0.000,0.006,0.000,0.000,0.000,0.000,0.000,0.000,0.013,0.000,0.000,0.006,0.006
64.0075,640,0,move,-1,64.0075,64.0212,0,0.000,0.000,0.264,-0.176,-50.537,34.453,-0.264,-0.088,0.176,0.000,0.000,-0.088,-0.088,0.264,0.088,0.000,0.439,0.176,0.000,0.000,0.000,0.000,-51.143,34.557,0.000,0.000,0.000,0.000,0.000,0.000,0.000,0.000,0.000,0.000,0.000,0.000,0.013,6.4,11.30,32.0,0.000,0.000,0.000,0.006,0.013,0.000,0.006,0.000,0.000,0.000,0.000,0.000,0.000,0.013,0.000,0.000,0.006,0.000
64.1075,641,0,move,-1,64.1075,64.1205,0,0.000,0.000,0.264,-0.176,-50.537,34.453,-0.264,-0.088,0.176,0.000,0.000,-0.088,-0.088,0.264,0.088,0.000,0.439,0.176,0.000,0.000,0.000,0.000,-51.143,34.557,0.000,0.000,0.000,0.000,0.000,0.000,0.000,0.000,0.000,0.000,0.000,0.000,0.013,6.4,11.30,32.0,0.000,0.000,0.000,0.006,0.013,0.000,0.006,0.000,0.000,0.000,0.000,0.000,0.000,0.013,0.000,0.000,0.006,0.000
64.2147,642,0,move,-1,64.2147,64.2249,0,0.000,0.000,0.264,-0.176,-50.537,34.453,-0.264,-0.088,0.176,0.000,0.000,-0.088,-0.088,0.264,0.088,0.000,0.439,0.176,0.000,0.000,0.000,0.000,-51.143,34.557,0.000,0.000,0.000,0.000,0.000,0.000,0.000,0.000,0.000,0.000,0.000,0.000,0.013,7.2,11.20,32.0,0.000,0.000,0.000,0.000,0.013,0.000,0.006,0.000,0.000,0.000,0.000,0.000,0.000,0.013,0.000,0.000,0.013,0.000
64.3075,643,0,move,-1,64.3075,64.3213,0,0.000,0.000,0.264,-0.176,-50.537,34.453,-0.264,-0.088,0.176,0.000,0.000,-0.088,-0.088,0.264,0.088,0.000,0.439,0.176,0.000,0.000,0.000,0.000,-51.143,34.557,0.000,0.000,0.000,0.000,0.000,0.000,0.000,0.000,0.000,0.000,0.000,0.000,0.013,7.2,11.20,32.0,0.000,0.000,0.000,0.000,0.013,0.000,0.006,0.000,0.000,0.000,0.000,0.000,0.000,0.013,0.000,0.000,0.013,0.000
64.4075,644,0,move,-1,64.4075,64.4190,0,0.000,0.000,0.264,-0.176,-50.537,34.453,-0.264,-0.088,0.176,0.000,0.000,-0.088,-0.088,0.264,0.088,0.000,0.439,0.176,0.000,0.000,0.000,0.000,-51.143,34.557,0.000,0.000,0.000,0.000,0.000,0.000,0.000,0.000,0.000,0.000,0.000,0.000,0.013,6.4,11.20,31.0,0.000,0.000,0.006,0.000,0.013,0.000,0.000,0.000,0.006,0.000,0.000,0.000,0.000,0.013,0.000,0.000,0.006,0.000
64.5075,645,0,move,-1,64.5075,64.5198,0,0.000,0.000,0.264,-0.176,-50.537,34.453,-0.264,-0.088,0.176,0.000,0.000,-0.088,-0.088,0.264,0.088,0.000,0.439,0.176,0.000,0.000,0.000,0.000,-51.143,34.557,0.000,0.000,0.000,0.000,0.000,0.000,0.000,0.000,0.000,0.000,0.000,0.000,0.013,6.4,11.30,32.0,0.000,0.000,0.000,0.006,0.013,0.000,0.006,0.000,0.000,0.000,0.000,0.000,0.000,0.006,0.000,0.000,0.006,0.000
64.6073,646,0,move,-1,64.6073,64.6225,0,0.000,0.000,0.264,-0.176,-50.537,34.453,-0.264,-0.088,0.176,0.000,0.000,-0.088,-0.088,0.264,0.088,0.000,0.439,0.176,0.000,0.000,0.000,0.000,-51.143,34.557,0.000,0.000,0.000,0.000,0.000,0.000,0.000,0.000,0.000,0.000,0.000,0.000,0.013,6.4,11.30,32.0,0.000,0.000,0.006,0.006,0.013,0.000,0.000,0.000,0.000,0.000,0.000,0.000,0.000,0.006,0.000,0.000,0.013,0.006
64.7074,647,0,move,-1,64.7074,64.7209,0,0.000,0.000,0.264,-0.176,-50.537,34.453,-0.264,-0.088,0.176,0.000,0.000,-0.088,-0.088,0.264,0.088,0.000,0.439,0.176,0.000,0.000,0.000,0.000,-51.143,34.557,0.000,0.000,0.000,0.000,0.000,0.000,0.000,0.000,0.000,0.000,0.000,0.000,0.013,6.4,11.30,32.0,0.000,0.000,0.006,0.006,0.013,0.000,0.000,0.000,0.000,0.000,0.000,0.000,0.000,0.006,0.000,0.000,0.013,0.006
64.8109,648,0,move,-1,64.8109,64.8345,0,0.000,0.000,0.264,-0.176,-50.537,34.453,-0.264,-0.088,0.176,0.000,0.000,-0.088,-0.088,0.264,0.088,0.000,0.439,0.176,0.000,0.000,0.000,0.000,-51.143,34.557,0.000,0.000,0.000,0.000,0.000,0.000,0.000,0.000,0.000,0.000,0.000,0.000,0.013,6.4,11.30,32.0,0.000,0.000,0.000,0.000,0.013,0.000,0.006,0.000,0.000,0.000,0.000,0.000,0.000,0.013,0.000,0.000,0.006,0.000
64.9075,649,0,move,-1,64.9075,64.9175,0,0.000,0.000,0.264,-0.176,-50.537,34.453,-0.264,-0.088,0.176,0.000,0.000,-0.088,-0.088,0.264,0.088,0.000,0.439,0.176,0.000,0.000,0.000,0.000,-51.143,34.557,0.000,0.000,0.000,0.000,0.000,0.000,0.000,0.000,0.000,0.000,0.000,0.000,0.013,6.4,11.30,32.0,0.000,0.000,0.000,0.000,0.013,0.000,0.006,0.000,0.000,0.000,0.000,0.000,0.000,0.013,0.000,0.000,0.006,0.000
65.0075,650,0,move,-1,65.0075,65.0222,0,0.000,0.000,0.264,-0.176,-50.537,34.453,-0.264,-0.088,0.176,0.000,0.000,-0.088,-0.088,0.264,0.088,0.000,0.439,0.176,0.000,0.000,0.000,0.000,-51.143,34.557,0.000,0.000,0.000,0.000,0.000,0.000,0.000,0.000,0.000,0.000,0.000,0.000,0.013,6.4,11.20,32.0,0.000,0.000,0.006,0.000,0.013,0.000,0.006,0.000,0.006,0.000,0.000,0.000,0.000,0.006,0.000,0.000,0.013,0.006
65.1075,651,0,move,-1,65.1075,65.1177,0,0.000,0.000,0.264,-0.176,-50.537,34.453,-0.264,-0.088,0.176,0.000,0.000,-0.088,-0.088,0.264,0.088,0.000,0.439,0.176,0.000,0.000,0.000,0.000,-51.143,34.557,0.000,0.000,0.000,0.000,0.000,0.000,0.000,0.000,0.000,0.000,0.000,0.000,0.013,6.4,11.20,32.0,0.000,0.000,0.006,0.000,0.013,0.000,0.006,0.000,0.006,0.000,0.000,0.000,0.000,0.006,0.000,0.000,0.013,0.006
65.2075,652,0,move,-1,65.2075,65.2146,0,0.000,0.000,0.264,-0.176,-50.537,34.453,-0.264,-0.088,0.176,0.000,0.000,-0.088,-0.088,0.264,0.088,0.000,0.439,0.176,0.000,0.000,0.000,0.000,-51.143,34.557,0.000,0.000,0.000,0.000,0.000,0.000,0.000,0.000,0.000,0.000,0.000,0.000,0.013,6.4,11.30,32.0,0.000,0.000,0.006,0.000,0.013,0.000,0.006,0.000,0.000,0.000,0.000,0.000,0.000,0.013,0.000,0.000,0.006,0.000
65.3075,653,0,move,-1,65.3075,65.3197,0,0.000,0.000,0.264,-0.176,-50.537,34.453,-0.264,-0.088,0.176,0.000,0.000,-0.088,-0.088,0.264,0.088,0.000,0.439,0.176,0.000,0.000,0.000,0.000,-51.143,34.557,0.000,0.000,0.000,0.000,0.000,0.000,0.000,0.000,0.000,0.000,0.000,0.000,0.013,6.4,11.30,32.0,0.000,0.000,0.006,0.006,0.013,0.000,0.006,0.000,0.000,0.000,0.000,0.000,0.000,0.013,0.000,0.000,0.006,0.000
65.4075,654,0,move,-1,65.4075,65.4179,0,0.000,0.000,0.264,-0.176,-50.537,34.453,-0.264,-0.088,0.176,0.000,0.000,-0.088,-0.088,0.264,0.088,0.000,0.439,0.176,0.000,0.000,0.000,0.000,-51.143,34.557,0.000,0.000,0.000,0.000,0.000,0.000,0.000,0.000,0.000,0.000,0.000,0.000,0.013,6.4,11.30,32.0,0.000,0.000,0.006,0.006,0.013,0.000,0.006,0.000,0.000,0.000,0.000,0.000,0.000,0.013,0.000,0.000,0.006,0.000
65.5075,655,0,move,-1,65.5075,65.5207,0,0.000,0.000,0.264,-0.176,-50.537,34.453,-0.264,-0.088,0.176,0.000,0.000,-0.088,-0.088,0.264,0.088,0.000,0.439,0.176,0.000,0.000,0.000,0.000,-51.143,34.557,0.000,0.000,0.000,0.000,0.000,0.000,0.000,0.000,0.000,0.000,0.000,0.000,0.013,6.4,11.30,32.0,0.000,0.000,0.006,0.000,0.013,0.000,0.000,0.000,0.000,0.000,0.000,0.000,0.000,0.013,0.000,0.000,0.013,0.006
65.6075,656,0,move,-1,65.6075,65.6189,0,0.000,0.000,0.264,-0.176,-50.537,34.453,-0.264,-0.088,0.176,0.000,0.000,-0.088,-0.088,0.264,0.088,0.000,0.439,0.176,0.000,0.000,0.000,0.000,-51.143,34.557,0.000,0.000,0.000,0.000,0.000,0.000,0.000,0.000,0.000,0.000,0.000,0.000,0.013,6.4,11.30,32.0,0.000,0.000,0.006,0.000,0.013,0.000,0.000,0.000,0.000,0.000,0.000,0.000,0.000,0.013,0.000,0.000,0.013,0.006
65.7075,657,0,move,-1,65.7075,65.7194,0,0.000,0.000,0.264,-0.176,-50.537,34.453,-0.264,-0.088,0.176,0.000,0.000,-0.088,-0.088,0.264,0.088,0.000,0.439,0.176,0.000,0.000,0.000,0.000,-51.143,34.557,0.000,0.000,0.000,0.000,0.000,0.000,0.000,0.000,0.000,0.000,0.000,0.000,0.013,6.4,11.30,32.0,0.000,0.000,0.006,0.006,0.013,0.000,0.000,0.000,0.006,0.000,0.000,0.000,0.000,0.013,0.000,0.000,0.006,0.006
65.8075,658,0,move,-1,65.8075,65.8210,0,0.000,0.000,0.264,-0.176,-50.537,34.453,-0.264,-0.088,0.176,0.000,0.000,-0.088,-0.088,0.264,0.088,0.000,0.439,0.176,0.000,0.000,0.000,0.000,-51.143,34.557,0.000,0.000,0.000,0.000,0.000,0.000,0.000,0.000,0.000,0.000,0.000,0.000,0.013,6.4,11.30,32.0,0.000,0.000,0.006,0.000,0.013,0.000,0.000,0.000,0.000,0.000,0.000,0.000,0.000,0.006,0.000,0.000,0.013,0.006
65.9075,659,0,move,-1,65.9075,65.9172,0,0.000,0.000,0.264,-0.176,-50.537,34.453,-0.264,-0.088,0.176,0.000,0.000,-0.088,-0.088,0.264,0.088,0.000,0.439,0.176,0.000,0.000,0.000,0.000,-51.143,34.557,0.000,0.000,0.000,0.000,0.000,0.000,0.000,0.000,0.000,0.000,0.000,0.000,0.013,6.4,11.30,32.0,0.000,0.000,0.006,0.000,0.013,0.000,0.000,0.000,0.000,0.000,0.000,0.000,0.000,0.006,0.000,0.000,0.013,0.006
66.0166,660,0,move,-1,66.0166,66.0303,0,0.000,0.000,0.264,-0.176,-50.537,34.453,-0.264,-0.088,0.176,0.000,0.000,-0.088,-0.088,0.264,0.088,0.000,0.439,0.176,0.000,0.000,0.000,0.000,-51.143,34.557,0.000,0.000,0.000,0.000,0.000,0.000,0.000,0.000,0.000,0.000,0.000,0.000,0.013,6.4,11.30,32.0,0.000,0.000,0.006,0.006,0.013,0.000,0.000,0.000,0.000,0.000,0.000,0.000,0.000,0.006,0.000,0.000,0.006,0.000
66.1073,661,0,move,-1,66.1073,66.1201,0,0.000,0.000,0.264,-0.176,-50.537,34.453,-0.264,-0.088,0.176,0.000,0.000,-0.088,-0.088,0.264,0.088,0.000,0.439,0.176,0.000,0.000,0.000,0.000,-51.143,34.557,0.000,0.000,0.000,0.000,0.000,0.000,0.000,0.000,0.000,0.000,0.000,0.000,0.013,6.4,11.30,32.0,0.000,0.000,0.006,0.006,0.013,0.000,0.000,0.000,0.000,0.000,0.000,0.000,0.000,0.006,0.000,0.000,0.006,0.000
66.2075,662,0,move,-1,66.2075,66.2180,0,0.000,0.000,0.264,-0.176,-50.537,34.453,-0.264,-0.088,0.176,0.000,0.000,-0.088,-0.088,0.264,0.088,0.000,0.439,0.176,0.000,0.000,0.000,0.000,-51.143,34.557,0.000,0.000,0.000,0.000,0.000,0.000,0.000,0.000,0.000,0.000,0.000,0.000,0.013,6.4,11.30,32.0,0.000,0.000,0.006,0.000,0.013,0.000,0.000,0.000,0.000,0.000,0.000,0.000,0.000,0.006,0.000,0.000,0.006,0.006
66.3075,663,0,move,-1,66.3075,66.3200,0,0.000,0.000,0.264,-0.176,-50.537,34.453,-0.264,-0.088,0.176,0.000,0.000,-0.088,-0.088,0.264,0.088,0.000,0.439,0.176,0.000,0.000,0.000,0.000,-51.143,34.557,0.000,0.000,0.000,0.000,0.000,0.000,0.000,0.000,0.000,0.000,0.000,0.000,0.013,6.4,11.30,32.0,0.000,0.000,0.000,0.006,0.013,0.000,0.006,0.000,0.000,0.000,0.000,0.000,0.000,0.013,0.000,0.000,0.013,0.000
66.4092,664,0,move,-1,66.4092,66.4171,0,0.000,0.000,0.264,-0.176,-50.537,34.453,-0.264,-0.088,0.176,0.000,0.000,-0.088,-0.088,0.264,0.088,0.000,0.439,0.176,0.000,0.000,0.000,0.000,-51.143,34.557,0.000,0.000,0.000,0.000,0.000,0.000,0.000,0.000,0.000,0.000,0.000,0.000,0.013,6.4,11.30,32.0,0.000,0.000,0.000,0.006,0.013,0.000,0.006,0.000,0.000,0.000,0.000,0.000,0.000,0.013,0.000,0.000,0.013,0.000
66.5075,665,0,move,-1,66.5075,66.5176,0,0.000,0.000,0.264,-0.176,-50.537,34.453,-0.264,-0.088,0.176,0.000,0.000,-0.088,-0.088,0.264,0.088,0.000,0.439,0.176,0.000,0.000,0.000,0.000,-51.143,34.557,0.000,0.000,0.000,0.000,0.000,0.000,0.000,0.000,0.000,0.000,0.000,0.000,0.013,6.4,11.30,32.0,0.000,0.000,0.000,0.006,0.013,0.000,0.006,0.000,0.000,0.000,0.000,0.000,0.000,0.013,0.000,0.000,0.006,0.000
66.6075,666,0,move,-1,66.6075,66.6170,0,0.000,0.000,0.264,-0.176,-50.537,34.453,-0.264,-0.088,0.176,0.000,0.000,-0.088,-0.088,0.264,0.088,0.000,0.439,0.176,0.000,0.000,0.000,0.000,-51.143,34.557,0.000,0.000,0.000,0.000,0.000,0.000,0.000,0.000,0.000,0.000,0.000,0.000,0.013,6.4,11.30,32.0,0.000,0.000,0.000,0.006,0.013,0.000,0.006,0.000,0.000,0.000,0.000,0.000,0.000,0.013,0.000,0.000,0.006,0.000
66.7074,667,0,move,-1,66.7074,66.7191,0,0.000,0.000,0.264,-0.176,-50.537,34.453,-0.264,-0.088,0.176,0.000,0.000,-0.088,-0.088,0.264,0.088,0.000,0.439,0.176,0.000,0.000,0.000,0.000,-51.143,34.557,0.000,0.000,0.000,0.000,0.000,0.000,0.000,0.000,0.000,0.000,0.000,0.000,0.013,6.4,11.30,32.0,0.000,0.000,0.006,0.006,0.013,0.000,0.000,0.000,0.000,0.000,0.000,0.000,0.000,0.013,0.000,0.000,0.006,0.006
66.8075,668,0,move,-1,66.8075,66.8177,0,0.000,0.000,0.264,-0.176,-50.537,34.453,-0.264,-0.088,0.176,0.000,0.000,-0.088,-0.088,0.264,0.088,0.000,0.439,0.176,0.000,0.000,0.000,0.000,-51.143,34.557,0.000,0.000,0.000,0.000,0.000,0.000,0.000,0.000,0.000,0.000,0.000,0.000,0.013,6.4,11.30,32.0,0.000,0.000,0.006,0.006,0.013,0.000,0.000,0.000,0.000,0.000,0.000,0.000,0.000,0.013,0.000,0.000,0.006,0.006
66.9095,669,0,move,-1,66.9095,67.0060,0,0.000,0.000,0.264,-0.176,-50.537,34.453,-0.264,-0.088,0.176,0.000,0.000,-0.088,-0.088,0.264,0.088,0.000,0.439,0.176,0.000,0.000,0.000,0.000,-51.143,34.557,0.000,0.000,0.000,0.000,0.000,0.000,0.000,0.000,0.000,0.000,0.000,0.000,0.013,6.4,11.30,32.0,0.000,0.000,0.006,0.000,0.013,0.000,0.006,0.000,0.000,0.000,0.000,0.000,0.000,0.013,0.000,0.000,0.006,0.000
67.0139,670,0,move,-1,67.0139,67.0210,0,0.000,0.000,0.264,-0.176,-50.537,34.453,-0.264,-0.088,0.176,0.000,0.000,-0.088,-0.088,0.264,0.088,0.000,0.439,0.176,0.000,0.000,0.000,0.000,-51.143,34.557,0.000,0.000,0.000,0.000,0.000,0.000,0.000,0.000,0.000,0.000,0.000,0.000,0.013,6.4,11.30,32.0,0.000,0.000,0.006,0.000,0.013,0.000,0.006,0.000,0.000,0.000,0.000,0.000,0.000,0.013,0.000,0.000,0.006,0.000
67.1075,671,0,move,-1,67.1075,67.1193,0,0.000,0.000,0.264,-0.176,-50.537,34.453,-0.264,-0.088,0.176,0.000,0.000,-0.088,-0.088,0.264,0.088,0.000,0.439,0.176,0.000,0.000,0.000,0.000,-51.143,34.557,0.000,0.000,0.000,0.000,0.000,0.000,0.000,0.000,0.000,0.000,0.000,0.000,0.013,6.4,11.30,31.0,0.000,0.000,0.006,0.006,0.013,0.000,0.000,0.000,0.000,0.000,0.000,0.000,0.000,0.013,0.000,0.000,0.013,0.006
67.2075,672,0,move,-1,67.2075,67.2187,0,0.000,0.000,0.264,-0.176,-50.537,34.453,-0.264,-0.088,0.176,0.000,0.000,-0.088,-0.088,0.264,0.088,0.000,0.439,0.176,0.000,0.000,0.000,0.000,-51.143,34.557,0.000,0.000,0.000,0.000,0.000,0.000,0.000,0.000,0.000,0.000,0.000,0.000,0.013,6.4,11.30,31.0,0.000,0.000,0.006,0.006,0.013,0.000,0.000,0.000,0.000,0.000,0.000,0.000,0.000,0.013,0.000,0.000,0.013,0.006
67.3075,673,0,move,-1,67.3075,67.3194,0,0.000,0.000,0.264,-0.176,-50.537,34.453,-0.264,-0.088,0.176,0.000,0.000,-0.088,-0.088,0.264,0.088,0.000,0.439,0.176,0.000,0.000,0.000,0.000,-51.143,34.557,0.000,0.000,0.000,0.000,0.000,0.000,0.000,0.000,0.000,0.000,0.000,0.000,0.013,6.4,11.30,32.0,0.000,0.000,0.000,0.000,0.013,0.000,0.006,0.000,0.000,0.000,0.000,0.000,0.000,0.006,0.000,0.000,0.006,0.006
67.4089,674,0,move,-1,67.4089,67.4222,0,0.000,0.000,0.264,-0.176,-50.537,34.453,-0.264,-0.088,0.176,0.000,0.000,-0.088,-0.088,0.264,0.088,0.000,0.439,0.176,0.000,0.000,0.000,0.000,-51.143,34.557,0.000,0.000,0.000,0.000,0.000,0.000,0.000,0.000,0.000,0.000,0.000,0.000,0.013,6.4,11.30,32.0,0.000,0.000,0.000,0.006,0.013,0.000,0.000,0.000,0.000,0.000,0.000,0.000,0.000,0.013,0.000,0.000,0.006,0.006
67.5075,675,0,move,-1,67.5075,67.5193,0,0.000,0.000,0.264,-0.176,-50.537,34.453,-0.264,-0.088,0.176,0.000,0.000,-0.088,-0.088,0.264,0.088,0.000,0.439,0.176,0.000,0.000,0.000,0.000,-51.143,34.557,0.000,0.000,0.000,0.000,0.000,0.000,0.000,0.000,0.000,0.000,0.000,0.000,0.013,6.4,11.30,32.0,0.000,0.000,0.000,0.006,0.013,0.000,0.000,0.000,0.000,0.000,0.000,0.000,0.000,0.013,0.000,0.000,0.006,0.006
67.6073,676,0,move,-1,67.6073,67.6201,0,0.000,0.000,0.264,-0.176,-50.537,34.453,-0.264,-0.088,0.176,0.000,0.000,-0.088,-0.088,0.264,0.088,0.000,0.439,0.176,0.000,0.000,0.000,0.000,-51.143,34.557,0.000,0.000,0.000,0.000,0.000,0.000,0.000,0.000,0.000,0.000,0.000,0.000,0.013,6.4,11.30,32.0,0.000,0.000,0.000,0.006,0.013,0.000,0.006,0.000,0.000,0.000,0.000,0.000,0.000,0.013,0.000,0.000,0.006,0.006
67.7075,677,0,move,-1,67.7075,67.7189,0,0.000,0.000,0.264,-0.176,-50.537,34.453,-0.264,-0.088,0.176,0.000,0.000,-0.088,-0.088,0.264,0.088,0.000,0.439,0.176,0.000,0.000,0.000,0.000,-51.143,34.557,0.000,0.000,0.000,0.000,0.000,0.000,0.000,0.000,0.000,0.000,0.000,0.000,0.013,6.4,11.30,32.0,0.000,0.000,0.000,0.006,0.013,0.000,0.006,0.000,0.000,0.000,0.000,0.000,0.000,0.013,0.000,0.000,0.006,0.006
67.8075,678,0,move,-1,67.8075,67.8186,0,0.000,0.000,0.264,-0.176,-50.537,34.453,-0.264,-0.088,0.176,0.000,0.000,-0.088,-0.088,0.264,0.088,0.000,0.439,0.176,0.000,0.000,0.000,0.000,-51.143,34.557,0.000,0.000,0.000,0.000,0.000,0.000,0.000,0.000,0.000,0.000,0.000,0.000,0.013,6.4,11.30,32.0,0.000,0.000,0.000,0.000,0.013,0.000,0.006,0.000,0.000,0.000,0.000,0.000,0.000,0.013,0.000,0.000,0.006,0.006
67.9078,679,0,move,-1,67.9078,67.9278,0,0.000,0.000,0.264,-0.176,-50.537,34.453,-0.264,-0.088,0.176,0.000,0.000,-0.088,-0.088,0.264,0.088,0.000,0.439,0.176,0.000,0.000,0.000,0.000,-51.143,34.557,0.000,0.000,0.000,0.000,0.000,0.000,0.000,0.000,0.000,0.000,0.000,0.000,0.013,6.4,11.20,32.0,0.000,0.000,0.000,0.000,0.013,0.000,0.006,0.000,0.000,0.000,0.000,0.000,0.000,0.006,0.000,0.000,0.013,0.006
68.0075,680,0,move,-1,68.0075,68.0194,0,0.000,0.000,0.264,-0.176,-50.537,34.453,-0.264,-0.088,0.176,0.000,0.000,-0.088,-0.088,0.264,0.088,0.000,0.439,0.176,0.000,0.000,0.000,0.000,-51.143,34.557,0.000,0.000,0.000,0.000,0.000,0.000,0.000,0.000,0.000,0.000,0.000,0.000,0.013,6.4,11.20,32.0,0.000,0.000,0.000,0.000,0.013,0.000,0.006,0.000,0.000,0.000,0.000,0.000,0.000,0.006,0.000,0.000,0.013,0.006
68.1075,681,0,move,-1,68.1075,68.1177,0,0.000,0.000,0.264,-0.176,-50.537,34.453,-0.264,-0.088,0.176,0.000,0.000,-0.088,-0.088,0.264,0.088,0.000,0.439,0.176,0.000,0.000,0.000,0.000,-51.143,34.557,0.000,0.000,0.000,0.000,0.000,0.000,0.000,0.000,0.000,0.000,0.000,0.000,0.013,3.2,11.30,29.0,0.000,0.000,0.000,0.006,0.006,0.000,0.006,0.000,0.000,0.000,0.000,0.000,0.000,0.013,0.000,0.000,0.006,0.006
68.2075,682,0,move,-1,68.2075,68.2187,0,0.000,0.000,0.264,-0.176,-50.537,34.453,-0.264,-0.088,0.176,0.000,0.000,-0.088,-0.088,0.264,0.088,0.000,0.439,0.176,0.000,0.000,0.000,0.000,-51.143,34.557,0.000,0.000,0.000,0.000,0.000,0.000,0.000,0.000,0.000,0.000,0.000,0.000,0.013,6.4,11.30,32.0,0.000,0.000,0.006,0.000,0.013,0.000,0.006,0.000,0.006,0.000,0.000,0.000,0.000,0.013,0.000,0.000,0.006,0.000
68.3074,683,0,move,-1,68.3074,68.3185,0,0.000,0.000,0.264,-0.176,-50.537,34.453,-0.264,-0.088,0.176,0.000,0.000,-0.088,-0.088,0.264,0.088,0.000,0.439,0.176,0.000,0.000,0.000,0.000,-51.143,34.557,0.000,0.000,0.000,0.000,0.000,0.000,0.000,0.000,0.000,0.000,0.000,0.000,0.013,6.4,11.30,32.0,0.000,0.000,0.006,0.000,0.013,0.000,0.006,0.000,0.006,0.000,0.000,0.000,0.000,0.013,0.000,0.000,0.006,0.000
68.4222,684,0,move,-1,68.4222,68.4312,0,0.000,0.000,0.264,-0.176,-50.537,34.453,-0.264,-0.088,0.176,0.000,0.000,-0.088,-0.088,0.264,0.088,0.000,0.439,0.176,0.000,0.000,0.000,0.000,-51.143,34.557,0.000,0.000,0.000,0.000,0.000,0.000,0.000,0.000,0.000,0.000,0.000,0.000,0.013,6.4,11.30,32.0,0.000,0.000,0.000,0.006,0.013,0.000,0.006,0.000,,0.000,0.000,0.000,0.000,0.013,0.000,0.000,0.006,0.006
68.5075,685,0,move,-1,68.5075,68.5192,0,0.000,0.000,0.264,-0.176,-50.537,34.453,-0.264,-0.088,0.176,0.000,0.000,-0.088,-0.088,0.264,0.088,0.000,0.439,0.176,0.000,0.000,0.000,0.000,-51.143,34.557,0.000,0.000,0.000,0.000,0.000,0.000,0.000,0.000,0.000,0.000,0.000,0.000,0.013,6.4,11.30,32.0,0.000,0.000,0.000,0.006,0.013,0.000,0.006,0.000,,0.000,0.000,0.000,0.000,0.013,0.000,0.000,0.006,0.006
68.6075,686,0,move,-1,68.6075,68.6174,0,0.000,0.000,0.264,-0.176,-50.537,34.453,-0.264,-0.088,0.176,0.000,0.000,-0.088,-0.088,0.264,0.088,0.000,0.439,0.176,0.000,0.000,0.000,0.000,-51.143,34.557,0.000,0.000,0.000,0.000,0.000,0.000,0.000,0.000,0.000,0.000,0.000,0.000,0.013,6.4,11.30,32.0,0.000,0.000,0.000,0.006,0.013,0.000,0.006,0.000,0.000,0.000,0.000,0.000,0.006,0.006,0.000,0.000,0.013,0.000
68.7075,687,0,move,-1,68.7075,68.7171,0,0.000,0.000,0.264,-0.176,-50.537,34.453,-0.264,-0.088,0.176,0.000,0.000,-0.088,-0.088,0.264,0.088,0.000,0.439,0.176,0.000,0.000,0.000,0.000,-51.143,34.557,0.000,0.000,0.000,0.000,0.000,0.000,0.000,0.000,0.000,0.000,0.000,0.000,0.013,6.4,11.30,32.0,0.000,0.000,0.000,0.006,0.013,0.000,0.006,0.000,0.000,0.000,0.000,0.000,0.006,0.006,0.000,0.000,0.013,0.000
68.8074,688,0,move,-1,68.8074,68.8173,0,0.000,0.000,0.264,-0.176,-50.537,34.453,-0.264,-0.088,0.176,0.000,0.000,-0.088,-0.088,0.264,0.088,0.000,0.439,0.176,0.000,0.000,0.000,0.000,-51.143,34.557,0.000,0.000,0.000,0.000,0.000,0.000,0.000,0.000,0.000,0.000,0.000,0.000,0.013,3.2,11.30,29.0,0.000,0.000,0.006,0.000,0.006,0.000,0.000,0.000,0.000,0.000,0.000,0.000,0.000,0.013,0.000,0.000,0.006,0.000
68.9074,689,0,move,-1,68.9074,68.9169,0,0.000,0.000,0.264,-0.176,-50.537,34.453,-0.264,-0.088,0.176,0.000,0.000,-0.088,-0.088,0.264,0.088,0.000,0.439,0.176,0.000,0.000,0.000,0.000,-51.143,34.557,0.000,0.000,0.000,0.000,0.000,0.000,0.000,0.000,0.000,0.000,0.000,0.000,0.013,3.2,11.30,29.0,0.000,0.000,0.006,0.000,0.006,0.000,0.000,0.000,0.000,0.000,0.000,0.000,0.000,0.013,0.000,0.000,0.006,0.000
69.0075,690,0,move,-1,69.0075,69.0179,0,0.000,0.000,0.264,-0.176,-50.537,34.453,-0.264,-0.088,0.176,0.000,0.000,-0.088,-0.088,0.264,0.088,0.000,0.439,0.176,0.000,0.000,0.000,0.000,-51.143,34.557,0.000,0.000,0.000,0.000,0.000,0.000,0.000,0.000,0.000,0.000,0.000,0.000,0.013,6.4,11.30,32.0,0.000,0.000,0.000,0.000,0.013,0.000,0.006,0.000,0.000,0.000,0.000,0.000,0.000,0.013,0.000,0.000,0.006,0.000
69.1075,691,0,move,-1,69.1075,69.1207,0,0.000,0.000,0.264,-0.176,-50.537,34.453,-0.264,-0.088,0.176,0.000,0.000,-0.088,-0.088,0.264,0.088,0.000,0.439,0.176,0.000,0.000,0.000,0.000,-51.143,34.557,0.000,0.000,0.000,0.000,0.000,0.000,0.000,0.000,0.000,0.000,0.000,0.000,0.013,6.4,11.30,32.0,0.000,0.000,0.000,0.000,0.013,0.000,0.006,0.000,0.006,0.000,0.000,0.000,0.000,0.013,0.000,0.000,0.013,0.000
69.2073,692,0,move,-1,69.2073,69.2213,0,0.000,0.000,0.264,-0.176,-50.537,34.453,-0.264,-0.088,0.176,0.000,0.000,-0.088,-0.088,0.264,0.088,0.000,0.439,0.176,0.000,0.000,0.000,0.000,-51.143,34.557,0.000,0.000,0.000,0.000,0.000,0.000,0.000,0.000,0.000,0.000,0.000,0.000,0.013,6.4,11.20,32.0,0.000,0.000,0.000,0.006,0.013,0.000,0.006,0.000,0.006,0.000,0.000,0.000,0.000,0.013,0.000,0.000,0.006,0.006
69.3075,693,0,move,-1,69.3075,69.3182,0,0.000,0.000,0.264,-0.176,-50.537,34.453,-0.264,-0.088,0.176,0.000,0.000,-0.088,-0.088,0.264,0.088,0.000,0.439,0.176,0.000,0.000,0.000,0.000,-51.143,34.557,0.000,0.000,0.000,0.000,0.000,0.000,0.000,0.000,0.000,0.000,0.000,0.000,0.013,6.4,11.20,32.0,0.000,0.000,0.000,0.006,0.013,0.000,0.006,0.000,0.006,0.000,0.000,0.000,0.000,0.013,0.000,0.000,0.006,0.006
69.4073,694,0,move,-1,69.4073,69.4328,0,0.000,0.000,0.264,-0.176,-50.537,34.453,-0.264,-0.088,0.176,0.000,0.000,-0.088,-0.088,0.264,0.088,0.000,0.439,0.176,0.000,0.000,0.000,0.000,-51.143,34.557,0.000,0.000,0.000,0.000,0.000,0.000,0.000,0.000,0.000,0.000,0.000,0.000,0.013,6.4,11.30,32.0,0.000,0.000,0.006,0.000,0.013,0.000,0.000,0.000,0.000,0.000,0.000,0.000,0.000,0.013,0.000,0.000,0.013,0.006
69.5074,695,0,move,-1,69.5074,69.5188,0,0.000,0.000,0.264,-0.176,-50.537,34.453,-0.264,-0.088,0.176,0.000,0.000,-0.088,-0.088,0.264,0.088,0.000,0.439,0.176,0.000,0.000,0.000,0.000,-51.143,34.557,0.000,0.000,0.000,0.000,0.000,0.000,0.000,0.000,0.000,0.000,0.000,0.000,0.013,6.4,11.30,32.0,0.000,0.000,0.006,0.000,0.013,0.000,0.000,0.000,0.000,0.000,0.000,0.000,0.000,0.013,0.000,0.000,0.013,0.006
69.6075,696,0,move,-1,69.6075,69.6219,0,0.000,0.000,0.264,-0.176,-50.537,34.453,-0.264,-0.088,0.176,0.000,0.000,-0.088,-0.088,0.264,0.088,0.000,0.439,0.176,0.000,0.000,0.000,0.000,-51.143,34.557,0.000,0.000,0.000,0.000,0.000,0.000,0.000,0.000,0.000,0.000,0.000,0.000,0.013,6.4,11.30,32.0,0.000,0.000,0.006,0.006,0.013,0.000,0.006,0.000,0.006,0.000,0.000,0.000,0.000,0.006,0.000,0.000,0.006,0.006
69.7073,697,0,move,-1,69.7073,69.7208,0,0.000,0.000,0.264,-0.176,-50.537,34.453,-0.264,-0.088,0.176,0.000,0.000,-0.088,-0.088,0.264,0.088,0.000,0.439,0.176,0.000,0.000,0.000,0.000,-51.143,34.557,0.000,0.000,0.000,0.000,0.000,0.000,0.000,0.000,0.000,0.000,0.000,0.000,0.013,6.4,11.30,32.0,0.000,0.000,0.006,0.006,0.013,0.000,0.006,0.000,0.006,0.000,0.000,0.000,0.000,0.006,0.000,0.000,0.006,0.006
69.8075,698,0,move,-1,69.8075,69.8212,0,0.000,0.000,0.264,-0.176,-50.537,34.453,-0.264,-0.088,0.176,0.000,0.000,-0.088,-0.088,0.264,0.088,0.000,0.439,0.176,0.000,0.000,0.000,0.000,-51.143,34.557,0.000,0.000,0.000,0.000,0.000,0.000,0.000,0.000,0.000,0.000,0.000,0.000,0.013,6.4,11.30,32.0,0.000,0.000,0.000,0.006,0.013,0.000,0.006,0.000,0.000,0.000,0.000,0.000,0.000,0.006,0.000,0.000,0.013,0.006
69.9075,699,0,move,-1,69.9075,69.9199,0,0.000,0.000,0.264,-0.176,-50.537,34.453,-0.264,-0.088,0.176,0.000,0.000,-0.088,-0.088,0.264,0.088,0.000,0.439,0.176,0.000,0.000,0.000,0.000,-51.143,34.557,0.000,0.000,0.000,0.000,0.000,0.000,0.000,0.000,0.000,0.000,0.000,0.000,0.013,6.4,11.30,32.0,0.000,0.000,0.000,0.006,0.013,0.000,0.006,0.000,0.000,0.000,0.000,0.000,0.000,0.006,0.000,0.000,0.013,0.006
70.0075,700,0,move,-1,70.0075,70.0173,0,0.000,0.000,0.264,-0.176,-50.537,34.453,-0.264,-0.088,0.176,0.000,0.000,-0.088,-0.088,0.264,0.088,0.000,0.439,0.176,0.000,0.000,0.000,0.000,-51.087,34.527,0.000,0.000,0.000,0.000,0.000,0.000,0.000,0.000,0.000,0.000,0.000,0.000,0.019,6.4,11.20,32.0,0.000,0.000,0.000,0.006,0.019,0.000,0.000,0.000,0.006,0.000,0.000,0.000,0.000,0.006,0.000,0.000,0.006,0.000
70.1075,701,0,move,-1,70.1075,70.1205,0,0.000,0.000,0.264,-0.176,-50.537,34.453,-0.264,-0.088,0.176,0.000,0.000,-0.088,-0.088,0.264,0.088,0.000,0.439,0.176,0.000,0.000,0.000,0.000,-50.920,34.437,0.000,0.000,0.000,0.000,0.000,0.000,0.000,0.000,0.000,0.000,0.000,0.000,0.006,5.2,11.30,32.0,0.000,0.000,0.000,0.000,0.006,0.000,0.000,0.000,0.006,0.000,0.000,0.000,0.000,0.006,0.000,0.000,0.006,0.000
70.2138,702,0,move,-1,70.2138,70.2407,0,0.000,0.000,0.264,-0.176,-50.537,34.453,-0.264,-0.088,0.176,0.000,0.000,-0.088,-0.088,0.264,0.088,0.000,0.439,0.176,0.000,0.000,0.000,0.000,-50.644,34.286,0.000,0.000,0.000,0.000,0.000,0.000,0.000,0.000,0.000,0.000,0.000,0.000,0.013,4.4,11.30,32.0,0.000,0.000,0.000,0.006,0.000,0.000,0.006,0.000,0.006,0.000,0.000,0.000,0.000,0.006,0.000,0.000,0.013,0.000
70.3075,703,0,move,-1,70.3075,70.3174,0,0.000,0.000,0.264,-0.176,-50.537,34.365,-0.264,-0.088,0.176,0.000,0.000,-0.088,-0.088,0.264,0.088,0.000,0.439,0.176,0.000,0.000,0.000,0.000,-50.260,34.076,0.000,0.000,0.000,0.000,0.000,0.000,0.000,0.000,0.000,0.000,0.000,0.000,0.013,4.4,11.30,32.0,0.000,0.000,0.000,0.006,0.000,0.000,0.006,0.000,0.006,0.000,0.000,0.000,0.000,0.006,0.000,0.000,0.013,0.000
70.4075,704,0,move,-1,70.4075,70.4178,0,0.000,0.000,0.264,-0.176,-50.537,34.189,-0.264,-0.088,0.176,0.000,0.000,-0.088,-0.088,0.264,0.088,0.000,0.439,0.176,0.000,0.000,0.000,0.000,-49.769,33.806,0.000,0.000,0.000,0.000,0.000,0.000,0.000,0.000,0.000,0.000,0.000,0.000,0.006,3.2,11.30,33.0,0.000,0.000,0.006,0.006,0.006,0.006,0.006,0.000,0.000,0.000,0.000,0.000,0.000,0.006,0.000,0.000,0.006,0.006
70.5075,705,0,move,-1,70.5075,70.5179,0,0.000,0.000,0.264,-0.176,-50.273,33.838,-0.264,-0.088,0.176,0.000,0.000,-0.088,-0.088,0.264,0.088,0.000,0.439,0.176,0.000,0.000,0.000,0.000,-49.176,33.476,0.000,0.000,0.000,0.000,0.000,0.000,0.000,0.000,0.000,0.000,0.000,0.000,0.013,3.2,11.30,29.0,0.000,0.000,0.000,0.006,0.006,0.000,0.006,0.000,0.000,0.000,0.000,0.000,0.000,0.013,0.000,0.000,0.013,0.006
70.6075,706,0,move,-1,70.6075,70.6211,0,0.000,0.000,0.264,-0.176,-49.922,33.574,-0.264,-0.088,0.176,0.000,0.000,-0.088,-0.088,0.264,0.088,0.000,0.439,0.176,0.000,0.000,0.000,0.000,-48.483,33.087,0.000,0.000,0.000,0.000,0.000,0.000,0.000,0.000,0.000,0.000,0.000,0.000,0.013,3.2,11.30,29.0,0.000,0.000,0.000,0.006,0.006,0.006,0.006,0.000,0.000,0.000,0.000,0.000,0.000,0.013,0.000,0.000,0.006,0.000
70.7075,707,0,move,-1,70.7075,70.7195,0,0.000,0.000,0.264,-0.176,-49.658,33.135,-0.264,-0.088,0.176,0.000,0.000,-0.088,-0.088,0.264,0.088,0.000,0.439,0.176,0.000,0.000,0.000,0.000,-47.696,32.641,0.000,0.000,0.000,0.000,0.000,0.000,0.000,0.000,0.000,0.000,0.000,0.000,0.013,3.2,11.30,29.0,0.000,0.000,0.000,0.006,0.006,0.006,0.006,0.000,0.000,0.000,0.000,0.000,0.000,0.013,0.000,0.000,0.006,0.000
70.8080,708,0,move,-1,70.8080,70.8202,0,0.000,0.000,0.264,-0.176,-48.691,32.695,-0.264,-0.088,0.176,0.000,0.000,-0.088,-0.088,0.264,0.088,0.000,0.439,0.176,0.000,0.000,0.000,0.000,-46.816,32.136,0.000,0.000,0.000,0.000,0.000,0.000,0.000,0.000,0.000,0.000,0.000,0.000,0.006,3.2,11.30,33.0,0.000,0.000,0.006,0.000,0.000,0.006,0.006,0.000,0.000,0.000,0.000,0.000,0.000,0.006,0.000,0.000,0.006,0.006
70.9075,709,0,move,-1,70.9075,70.9167,0,0.000,0.000,0.264,-0.176,-47.725,32.256,-0.264,-0.088,0.176,0.000,0.000,-0.088,-0.088,0.264,0.088,0.000,0.439,0.176,0.000,0.000,0.000,0.000,-45.851,31.576,0.000,0.000,0.000,0.000,0.000,0.000,0.000,0.000,0.000,0.000,0.000,0.000,0.006,3.2,11.30,33.0,0.000,0.000,0.006,0.000,0.000,0.006,0.006,0.000,0.000,0.000,0.000,0.000,0.000,0.006,0.000,0.000,0.006,0.006
71.0075,710,0,move,-1,71.0075,71.0176,0,0.000,0.000,0.264,-0.176,-46.758,31.641,-0.264,-0.088,0.176,0.000,0.000,-0.088,-0.088,0.264,0.088,0.000,0.439,0.176,0.000,0.000,0.000,0.000,-44.803,30.959,0.000,0.000,0.000,0.000,0.000,0.000,0.000,0.000,0.000,0.000,0.000,0.000,0.013,3.2,11.30,29.0,0.000,0.000,0.006,0.000,0.000,0.006,0.000,0.000,0.000,0.000,0.000,0.000,0.000,0.013,0.000,0.000,0.006,0.000
71.1124,711,0,move,-1,71.1124,71.1566,0,0.000,0.000,0.264,-0.176,-45.527,31.025,-0.264,-0.088,0.176,0.000,0.000,-0.088,-0.088,0.264,0.088,0.000,0.439,0.176,0.000,0.000,0.000,0.000,-43.680,30.289,0.000,0.000,0.000,0.000,0.000,0.000,0.000,0.000,0.000,0.000,0.000,0.000,0.006,5.6,11.30,32.0,0.000,0.000,0.000,0.000,0.006,0.000,0.006,0.000,0.000,0.000,0.000,0.000,0.000,0.006,0.000,0.000,0.006,0.000
71.2075,712,0,move,-1,71.2075,71.2182,0,0.000,0.000,0.264,-0.176,-45.088,30.674,-0.264,-0.088,0.176,0.000,0.000,-0.088,-0.088,0.264,0.088,0.000,0.439,0.176,0.000,0.000,0.000,0.000,-42.487,29.567,0.000,0.000,0.000,0.000,0.000,0.000,0.000,0.000,0.000,0.000,0.000,0.000,0.006,5.6,11.30,32.0,0.000,0.000,0.000,0.000,0.006,0.000,0.006,0.000,0.000,0.000,0.000,0.000,0.000,0.006,0.000,0.000,0.006,0.000
71.3075,713,0,move,-1,71.3075,71.3195,0,0.000,0.000,0.264,-0.176,-43.945,29.883,-0.264,-0.088,0.176,0.000,0.000,-0.088,-0.088,0.264,0.088,0.000,0.439,0.176,0.000,0.000,0.000,0.000,-41.228,28.795,0.000,0.000,0.000,0.000,0.000,0.000,0.000,0.000,0.000,0.000,0.000,0.000,0.013,3.2,11.30,29.0,0.000,0.000,0.000,0.000,0.006,0.006,0.006,0.000,0.006,0.000,0.000,0.000,0.000,0.013,0.000,0.000,0.013,0.000
71.4073,714,0,move,-1,71.4073,71.4278,0,0.000,0.000,0.264,-0.176,-42.539,29.004,-0.264,-0.088,0.176,0.000,0.000,-0.088,-0.088,0.264,0.088,0.000,0.439,0.176,0.000,0.000,0.000,0.000,-39.910,27.976,0.000,0.000,0.000,0.000,0.000,0.000,0.000,0.000,0.000,0.000,0.000,0.000,0.013,8.0,11.30,32.0,0.000,0.000,0.000,0.006,0.013,0.000,0.000,0.000,0.000,0.000,0.000,0.000,0.000,0.013,0.000,0.000,0.006,0.006
71.5075,715,0,move,-1,71.5075,71.5185,0,0.000,0.000,0.264,-0.176,-41.396,28.389,-0.264,-0.088,0.176,0.000,0.000,-0.088,-0.088,0.264,0.088,0.000,0.439,0.176,0.000,0.000,0.000,0.000,-38.538,27.112,0.000,0.000,0.000,0.000,0.000,0.000,0.000,0.000,0.000,0.000,0.000,0.000,0.013,8.0,11.30,32.0,0.000,0.000,0.000,0.006,0.013,0.000,0.000,0.000,0.000,0.000,0.000,0.000,0.000,0.013,0.000,0.000,0.006,0.006
71.6075,716,0,move,-1,71.6075,71.6174,0,0.000,0.000,0.264,-0.176,-39.990,27.510,-0.264,-0.088,0.176,0.000,0.000,-0.088,-0.088,0.264,0.088,0.000,0.439,0.176,0.000,0.000,0.000,0.000,-37.119,26.207,0.000,0.000,0.000,0.000,0.000,0.000,0.000,0.000,0.000,0.000,0.000,0.000,0.013,3.2,11.30,29.0,0.000,0.000,0.006,0.000,0.006,0.006,0.000,0.000,0.006,0.000,0.000,0.000,0.000,0.013,0.000,0.000,0.006,0.000
71.7075,717,0,move,-1,71.7075,71.7185,0,0.000,0.000,0.264,-0.176,-38.584,26.543,-0.264,-0.088,0.176,0.000,0.000,-0.088,-0.088,0.264,0.088,0.000,0.439,0.176,0.000,0.000,0.000,0.000,-35.658,25.263,0.000,0.000,0.000,0.000,0.000,0.000,0.000,0.000,0.000,0.000,0.000,0.000,0.013,8.0,11.20,32.0,0.000,0.000,0.000,0.000,0.013,0.006,0.006,0.000,0.006,0.000,0.000,0.000,0.000,0.006,0.000,0.000,0.006,0.000
71.8075,718,0,move,-1,71.8075,71.8178,0,0.000,0.000,0.264,-0.176,-37.266,25.664,-0.264,-0.088,0.176,0.000,0.000,-0.088,-0.088,0.264,0.088,0.000,0.439,0.176,0.000,0.000,0.000,0.000,-34.162,24.285,0.000,0.000,0.000,0.000,0.000,0.000,0.000,0.000,0.000,0.000,0.000,0.000,0.013,8.0,11.20,32.0,0.000,0.000,0.000,0.000,0.013,0.006,0.006,0.000,0.006,0.000,0.000,0.000,0.000,0.006,0.000,0.000,0.006,0.000
71.9075,719,0,move,-1,71.9075,71.9194,0,0.000,0.000,0.264,-0.176,-35.771,24.697,-0.264,-0.088,0.176,0.000,0.000,-0.088,-0.088,0.264,0.088,0.000,0.439,0.176,0.000,0.000,0.000,0.000,-32.637,23.276,0.000,0.000,0.000,0.000,0.000,0.000,0.000,0.000,0.000,0.000,0.000,0.000,0.013,3.2,11.30,29.0,0.000,0.000,0.006,0.000,0.000,0.006,0.000,0.000,0.006,0.000,0.000,0.000,0.000,0.013,0.000,0.000,0.006,0.000
72.0075,720,0,move,-1,72.0075,72.0609,0,0.000,0.000,0.264,-0.176,-33.926,23.555,-0.264,-0.088,0.176,0.000,0.000,-0.088,-0.088,0.264,0.088,0.000,0.439,0.176,0.000,0.000,0.000,0.000,-31.087,22.240,0.000,0.000,0.000,0.000,0.000,0.000,0.000,0.000,0.000,0.000,0.000,0.000,0.013,3.2,11.30,29.0,0.000,0.000,0.000,0.000,0.006,0.006,0.000,0.000,0.000,0.000,0.000,0.000,0.000,0.013,0.000,0.000,0.006,0.000
72.1075,721,0,move,-1,72.1075,72.1178,0,0.000,0.000,0.264,-0.176,-32.783,22.764,-0.264,-0.088,0.176,0.000,0.000,-0.088,-0.088,0.264,0.088,0.000,0.439,0.176,0.000,0.000,0.000,0.000,-29.519,21.181,0.000,0.000,0.000,0.000,0.000,0.000,0.000,0.000,0.000,0.000,0.000,0.000,0.013,3.2,11.30,29.0,0.000,0.000,0.000,0.000,0.006,0.006,0.000,0.000,0.000,0.000,0.000,0.000,0.000,0.013,0.000,0.000,0.006,0.000
72.2075,722,0,move,-1,72.2075,72.2191,0,0.000,0.000,0.264,-0.176,-31.289,21.797,-0.264,-0.088,0.176,0.000,0.000,-0.088,-0.088,0.264,0.088,0.000,0.439,0.176,0.000,0.000,0.000,0.000,-27.940,20.103,0.000,0.000,0.000,0.000,0.000,0.000,0.000,0.000,0.000,0.000,0.000,0.000,0.013,4.8,11.20,32.0,0.000,0.000,0.006,0.000,0.006,0.006,0.000,0.000,0.000,0.000,0.000,0.000,0.000,0.006,0.000,0.000,0.013,0.006
72.3075,723,0,move,-1,72.3075,72.3175,0,0.000,0.000,0.264,-0.176,-29.795,20.742,-0.264,-0.088,0.176,0.000,0.000,-0.088,-0.088,0.264,0.088,0.000,0.439,0.176,0.000,0.000,0.000,0.000,-26.354,19.012,0.000,0.000,0.000,0.000,0.000,0.000,0.000,0.000,0.000,0.000,0.000,0.000,0.013,4.8,11.20,32.0,0.000,0.000,0.006,0.000,0.006,0.006,0.000,0.000,0.000,0.000,0.000,0.000,0.000,0.006,0.000,0.000,0.013,0.006
72.4075,724,0,move,-1,72.4075,72.4216,0,0.000,0.000,0.264,-0.176,-28.213,19.600,-0.264,-0.088,0.176,0.000,0.000,-0.088,-0.088,0.264,0.088,0.000,0.439,0.176,0.000,0.000,0.000,0.000,-24.769,17.912,0.000,0.000,0.000,0.000,0.000,0.000,0.000,0.000,0.000,0.000,0.000,0.000,0.013,3.2,11.30,29.0,0.000,0.000,0.000,0.000,0.006,0.006,0.006,0.000,0.000,0.000,0.000,0.000,0.000,0.013,0.000,0.000,0.006,0.006
72.5073,725,0,move,-1,72.5073,72.5186,0,0.000,0.000,0.264,-0.176,-26.719,18.545,-0.264,-0.088,0.176,0.000,0.000,-0.088,-0.088,0.264,0.088,0.000,0.439,0.176,0.000,0.000,0.000,0.000,-23.189,16.807,0.000,0.000,0.000,0.000,0.000,0.000,0.000,0.000,0.000,0.000,0.000,0.000,0.013,3.2,11.30,29.0,0.000,0.000,0.000,0.000,0.006,0.006,0.006,0.000,0.000,0.000,0.000,0.000,0.000,0.013,0.000,0.000,0.006,0.006
72.6073,726,0,move,-1,72.6073,72.6141,0,0.000,0.000,0.264,-0.176,-25.400,17.666,-0.264,-0.088,0.176,0.000,0.000,-0.088,-0.088,0.264,0.088,0.000,0.439,0.176,0.000,0.000,0.000,0.000,-21.620,15.703,0.000,0.000,0.000,0.000,0.000,0.000,0.000,0.000,0.000,0.000,0.000,0.000,0.013,3.2,11.30,29.0,0.000,0.000,0.000,0.000,0.006,0.000,0.000,0.000,0.000,0.000,0.000,0.000,0.000,0.013,0.000,0.000,0.006,0.006
72.7075,727,0,move,-1,72.7075,72.7190,0,0.000,0.000,0.264,-0.176,-23.555,16.348,-0.264,-0.088,0.176,0.000,0.000,-0.088,-0.088,0.264,0.088,0.000,0.439,0.176,0.000,0.000,0.000,0.000,-20.068,14.603,0.000,0.000,0.000,0.000,0.000,0.000,0.000,0.000,0.000,0.000,0.000,0.000,0.006,6.8,11.30,32.0,0.000,0.000,0.000,0.000,0.006,0.000,0.006,0.000,0.000,0.000,0.000,0.000,0.000,0.006,0.000,0.000,0.006,0.000
72.8075,728,0,move,-1,72.8075,72.8177,0,0.000,0.000,0.264,-0.176,-22.061,15.293,-0.264,-0.088,0.176,0.000,0.000,-0.088,-0.088,0.264,0.088,0.000,0.439,0.176,0.000,0.000,0.000,0.000,-18.539,13.514,0.000,0.000,0.000,0.000,0.000,0.000,0.000,0.000,0.000,0.000,0.000,0.000,0.006,6.8,11.30,32.0,0.000,0.000,0.000,0.000,0.006,0.000,0.006,0.000,0.000,0.000,0.000,0.000,0.000,0.006,0.000,0.000,0.006,0.000
72.9075,729,0,move,-1,72.9075,72.9178,0,0.000,0.000,0.264,-0.176,-20.479,14.150,-0.264,-0.088,0.176,0.000,0.000,-0.088,-0.088,0.264,0.088,0.000,0.439,0.176,0.000,0.000,0.000,0.000,-17.038,12.438,0.000,0.000,0.000,0.000,0.000,0.000,0.000,0.000,0.000,0.000,0.000,0.000,0.006,8.4,11.20,32.0,0.000,0.000,0.000,0.000,0.006,0.006,0.006,0.000,0.000,0.000,0.000,0.000,0.000,0.006,0.000,0.000,0.006,0.000
73.0097,730,0,move,-1,73.0097,73.0164,0,0.000,0.000,0.264,-0.176,-18.984,13.184,-0.264,-0.088,0.176,0.000,0.000,-0.088,-0.088,0.264,0.088,0.000,0.439,0.176,0.000,0.000,0.000,0.000,-15.570,11.382,0.000,0.000,0.000,0.000,0.000,0.000,0.000,0.000,0.000,0.000,0.000,0.000,0.006,8.4,11.20,32.0,0.000,0.000,0.000,0.000,0.006,0.006,0.006,0.000,0.000,0.000,0.000,0.000,0.000,0.006,0.000,0.000,0.006,0.000
73.1075,731,0,move,-1,73.1075,73.1202,0,0.000,0.000,0.264,-0.176,-17.314,11.953,-0.264,-0.088,0.176,0.000,0.000,-0.088,-0.088,0.264,0.088,0.000,0.439,0.176,0.000,0.000,0.000,0.000,-14.141,10.350,0.000,0.000,0.000,0.000,0.000,0.000,0.000,0.000,0.000,0.000,0.000,0.000,0.013,3.2,11.30,29.0,0.000,0.000,0.000,0.000,0.000,0.006,0.000,0.000,0.006,0.000,0.000,0.000,0.000,0.013,0.000,0.000,0.006,0.000
73.2074,732,0,move,-1,73.2074,73.2189,0,0.000,0.000,0.264,-0.176,-15.820,10.986,-0.264,-0.088,0.176,0.000,0.000,-0.088,-0.088,0.264,0.088,0.000,0.439,0.176,0.000,0.000,0.000,0.000,-12.756,9.347,0.000,0.000,0.000,0.000,0.000,0.000,0.000,0.000,0.000,0.000,0.000,0.000,0.013,3.2,11.30,29.0,0.000,0.000,0.000,0.000,0.000,0.006,0.000,0.000,0.006,0.000,0.000,0.000,0.000,0.013,0.000,0.000,0.006,0.000
73.3075,733,0,move,-1,73.3075,73.3192,0,0.000,0.000,0.264,-0.176,-14.326,9.844,-0.264,-0.088,0.176,0.000,0.000,-0.088,-0.088,0.264,0.088,0.000,0.439,0.176,0.000,0.000,0.000,0.000,-11.421,8.375,0.000,0.000,0.000,0.000,0.000,0.000,0.000,0.000,0.000,0.000,0.000,0.000,0.013,3.2,11.30,29.0,0.000,0.000,0.000,0.000,0.006,0.006,0.000,0.000,0.000,0.000,0.000,0.000,0.000,0.013,0.000,0.000,0.006,0.000
73.4075,734,0,move,-1,73.4075,73.4175,0,0.000,0.000,0.264,-0.176,-12.920,8.877,-0.264,-0.088,0.176,0.000,0.000,-0.088,-0.088,0.264,0.088,0.000,0.439,0.176,0.000,0.000,0.000,0.000,-10.139,7.441,0.000,0.000,0.000,0.000,0.000,0.000,0.000,0.000,0.000,0.000,0.000,0.000,0.013,3.2,11.30,29.0,0.000,0.000,0.000,0.000,0.006,0.006,0.000,0.000,0.000,0.000,0.000,0.000,0.000,0.013,0.000,0.000,0.006,0.000
73.5075,735,0,move,-1,73.5075,73.5178,0,0.000,0.000,0.264,-0.176,-11.514,7.822,-0.264,-0.088,0.176,0.000,0.000,-0.088,-0.088,0.264,0.088,0.000,0.439,0.176,0.000,0.000,0.000,0.000,-8.915,6.547,0.000,0.000,0.000,0.000,0.000,0.000,0.000,0.000,0.000,0.000,0.000,0.000,0.013,4.0,11.20,32.0,0.000,0.000,0.006,0.000,0.006,0.013,0.006,0.000,0.000,0.000,0.000,0.000,0.000,0.006,0.000,0.000,0.006,0.000
73.6075,736,0,move,-1,73.6075,73.6205,0,0.000,0.000,0.264,-0.176,-10.107,6.943,-0.264,-0.088,0.176,0.000,0.000,-0.088,-0.088,0.264,0.088,0.000,0.439,0.176,0.000,0.000,0.000,0.000,-7.754,5.698,0.000,0.000,0.000,0.000,0.000,0.000,0.000,0.000,0.000,0.000,0.000,0.000,0.013,5.6,11.20,32.0,0.000,0.000,0.000,0.006,0.006,0.013,0.006,0.000,0.000,0.000,0.000,0.000,0.000,0.013,0.000,0.000,0.006,0.000
73.7075,737,0,move,-1,73.7075,73.7192,0,0.000,0.000,0.264,-0.176,-9.844,6.416,-0.264,-0.088,0.176,0.000,0.000,-0.088,-0.088,0.264,0.088,0.000,0.439,0.176,0.000,0.000,0.000,0.000,-6.661,4.896,0.000,0.000,0.000,0.000,0.000,0.000,0.000,0.000,0.000,0.000,0.000,0.000,0.013,5.6,11.20,32.0,0.000,0.000,0.000,0.006,0.006,0.013,0.006,0.000,0.000,0.000,0.000,0.000,0.000,0.013,0.000,0.000,0.006,0.000
73.8075,738,0,move,-1,73.8075,73.8176,0,0.000,0.000,0.264,-0.176,-8.525,5.273,-0.264,-0.088,0.176,0.000,0.000,-0.088,-0.088,0.264,0.088,0.000,0.439,0.176,0.000,0.000,0.000,0.000,-5.639,4.147,0.000,0.000,0.000,0.000,0.000,0.000,0.000,0.000,0.000,0.000,0.000,0.000,0.013,3.2,11.30,29.0,0.000,0.000,0.006,0.006,0.006,0.000,0.006,0.000,0.000,0.000,0.000,0.000,0.000,0.013,0.000,0.000,0.006,0.006
73.9074,739,0,move,-1,73.9074,73.9288,0,0.000,0.000,0.264,-0.176,-6.855,4.395,-0.264,-0.088,0.176,0.000,0.000,-0.088,-0.088,0.264,0.088,0.000,0.439,0.176,0.000,0.000,0.000,0.000,-4.693,3.452,0.000,0.000,0.000,0.000,0.000,0.000,0.000,0.000,0.000,0.000,0.000,0.000,0.013,3.2,11.30,29.0,0.000,0.000,0.000,0.006,0.006,0.000,0.006,0.000,0.006,0.000,0.000,0.000,0.006,0.013,0.000,0.006,0.006,0.006
74.0073,740,0,move,-1,74.0073,74.0178,0,0.000,0.000,0.264,-0.176,-5.625,3.691,-0.264,-0.088,0.176,0.000,0.000,-0.088,-0.088,0.264,0.088,0.000,0.439,0.176,0.000,0.000,0.000,0.000,-3.825,2.814,0.000,0.000,0.000,0.000,0.000,0.000,0.000,0.000,0.000,0.000,0.000,0.000,0.013,3.2,11.30,29.0,0.000,0.000,0.000,0.006,0.006,0.000,0.006,0.000,0.006,0.000,0.000,0.000,0.006,0.013,0.000,0.006,0.006,0.006
74.1075,741,0,move,-1,74.1075,74.1550,0,0.000,0.000,0.264,-0.176,-4.570,2.988,-0.264,-0.088,0.176,0.000,0.000,-0.088,-0.088,0.264,0.088,0.000,0.439,0.176,0.000,0.000,0.000,0.000,-3.039,2.236,0.000,0.000,0.000,0.000,0.000,0.000,0.000,0.000,0.000,0.000,0.000,0.000,0.013,3.2,11.30,29.0,0.000,0.000,0.006,0.006,0.006,0.006,0.006,0.000,0.006,0.000,0.000,0.000,0.000,0.013,0.000,0.000,0.006,0.000
74.2074,742,0,move,-1,74.2074,74.2195,0,0.000,0.000,0.264,-0.176,-3.691,2.373,-0.264,-0.088,0.176,0.000,0.000,-0.088,-0.088,0.264,0.088,0.000,0.439,0.176,0.000,0.000,0.000,0.000,-2.338,1.720,0.000,0.000,0.000,0.000,0.000,0.000,0.000,0.000,0.000,0.000,0.000,0.000,0.013,3.2,11.30,29.0,0.000,0.000,0.006,0.006,0.006,0.006,0.006,0.000,0.006,0.000,0.000,0.000,0.000,0.013,0.000,0.000,0.006,0.000
74.3075,743,0,move,-1,74.3075,74.3178,0,0.000,0.000,0.264,-0.176,-2.900,1.846,-0.264,-0.088,0.176,0.000,0.000,-0.088,-0.088,0.264,0.088,0.000,0.439,0.176,0.000,0.000,0.000,0.000,-1.725,1.270,0.000,0.000,0.000,0.000,0.000,0.000,0.000,0.000,0.000,0.000,0.000,0.000,0.006,3.2,11.30,33.0,0.000,0.000,0.006,0.000,0.000,0.000,0.006,0.000,0.000,0.000,0.000,0.000,0.000,0.006,0.000,0.000,0.006,0.000
74.4075,744,0,move,-1,74.4075,74.4193,0,0.000,0.000,0.264,-0.176,-2.197,1.318,-0.264,-0.088,0.176,0.000,0.000,-0.088,-0.088,0.264,0.088,0.000,0.439,0.176,0.000,0.000,0.000,0.000,-1.202,0.885,0.000,0.000,0.000,0.000,0.000,0.000,0.000,0.000,0.000,0.000,0.000,0.000,0.013,3.2,11.30,29.0,0.000,0.000,0.000,0.006,0.006,0.006,0.000,0.000,0.000,0.000,0.000,0.000,0.000,0.013,0.000,0.000,0.006,0.006
74.5075,745,0,move,-1,74.5075,74.5185,0,0.000,0.000,0.264,-0.176,-1.582,0.967,-0.264,-0.088,0.176,0.000,0.000,-0.088,-0.088,0.264,0.088,0.000,0.439,0.176,0.000,0.000,0.000,0.000,-0.772,0.568,0.000,0.000,0.000,0.000,0.000,0.000,0.000,0.000,0.000,0.000,0.000,0.000,0.013,3.2,11.30,29.0,0.000,0.000,0.000,0.006,0.006,0.006,0.000,0.000,0.000,0.000,0.000,0.000,0.000,0.013,0.000,0.000,0.006,0.006
74.6075,746,0,move,-1,74.6075,74.6182,0,0.000,0.000,0.264,-0.176,-1.143,0.615,-0.264,-0.088,0.176,0.000,0.000,-0.088,-0.088,0.264,0.088,0.000,0.439,0.176,0.000,0.000,0.000,0.000,-0.435,0.320,0.000,0.000,0.000,0.000,0.000,0.000,0.000,0.000,0.000,0.000,0.000,0.000,0.013,3.2,11.20,32.0,0.000,0.000,0.000,0.000,0.000,0.013,0.006,0.000,0.000,0.000,0.000,0.000,0.000,0.006,0.000,0.000,0.013,0.000
74.7075,747,0,move,-1,74.7075,74.7191,0,0.000,0.000,0.264,-0.176,-0.615,0.439,-0.264,-0.088,0.176,0.000,0.000,-0.088,-0.088,0.264,0.088,0.000,0.439,0.176,0.000,0.000,0.000,0.000,-0.194,0.143,0.000,0.000,0.000,0.000,0.000,0.000,0.000,0.000,0.000,0.000,0.000,0.000,0.006,2.4,11.30,32.0,0.000,0.000,0.000,0.006,0.000,0.006,0.000,0.000,0.000,0.000,0.000,0.000,0.000,0.006,0.000,0.000,0.006,0.006
74.8130,748,0,move,-1,74.8130,74.8239,0,0.000,0.000,0.264,-0.176,-0.352,0.264,-0.264,-0.088,0.176,0.000,0.000,-0.088,-0.088,0.264,0.088,0.000,0.439,0.176,0.000,0.000,0.000,0.000,-0.049,0.036,0.000,0.000,0.000,0.000,0.000,0.000,0.000,0.000,0.000,0.000,0.000,0.000,0.006,3.2,11.30,33.0,0.000,0.000,0.006,0.000,0.000,0.006,0.000,0.000,0.000,0.000,0.000,0.000,0.000,0.006,0.000,0.000,0.006,0.006
74.9075,749,0,move,-1,74.9075,74.9202,0,0.000,0.000,0.264,-0.176,-0.264,0.088,-0.264,-0.088,0.176,0.000,0.000,-0.088,-0.088,0.264,0.088,0.000,0.439,0.176,0.000,0.000,0.000,0.000,0.000,0.000,0.000,0.000,0.000,0.000,0.000,0.000,0.000,0.000,0.000,0.000,0.000,0.000,0.006,3.2,11.30,33.0,0.000,0.000,0.006,0.000,0.000,0.006,0.000,0.000,0.000,0.000,0.000,0.000,0.000,0.006,0.000,0.000,0.006,0.006
75.0075,750,0,move,-1,75.0075,75.0188,0,0.000,0.000,0.264,-0.176,-0.264,0.088,-0.264,-0.088,0.176,0.000,0.000,-0.088,-0.088,0.264,0.088,0.000,0.439,0.176,0.000,0.000,0.000,0.000,0.000,0.000,0.000,0.000,0.000,0.000,0.000,0.000,0.000,0.000,0.000,0.000,0.000,0.000,0.006,3.6,11.30,32.0,0.000,0.000,0.000,0.000,0.006,0.000,0.006,0.000,0.000,0.000,0.000,0.000,0.000,0.006,0.000,0.000,0.006,0.000
75.1075,751,0,move,-1,75.1075,75.1196,0,0.000,0.000,0.264,-0.176,-0.264,0.088,-0.264,-0.088,0.176,0.000,0.000,-0.088,-0.088,0.264,0.088,0.000,0.439,0.176,0.000,0.000,0.000,0.000,0.000,0.000,0.000,0.000,0.000,0.000,0.000,0.000,0.000,0.000,0.000,0.000,0.000,0.000,0.006,3.2,11.30,33.0,0.000,0.000,0.006,0.000,0.006,0.000,0.006,0.000,0.000,0.000,0.000,0.000,0.000,0.006,0.000,0.000,0.006,0.006
75.2075,752,0,move,-1,75.2075,75.2183,0,0.000,0.000,0.264,-0.176,-0.264,0.088,-0.264,-0.088,0.176,0.000,0.000,-0.088,-0.088,0.264,0.088,0.000,0.439,0.176,0.000,0.000,0.000,0.000,0.000,0.000,0.000,0.000,0.000,0.000,0.000,0.000,0.000,0.000,0.000,0.000,0.000,0.000,0.006,3.2,11.30,33.0,0.000,0.000,0.006,0.000,0.006,0.000,0.006,0.000,0.000,0.000,0.000,0.000,0.000,0.006,0.000,0.000,0.006,0.006
75.3167,753,0,move,-1,75.3167,75.3313,0,0.000,0.000,0.264,-0.176,-0.264,0.088,-0.264,-0.088,0.176,0.000,0.000,-0.088,-0.088,0.264,0.088,0.000,0.439,0.176,0.000,0.000,0.000,0.000,0.000,0.000,0.000,0.000,0.000,0.000,0.000,0.000,0.000,0.000,0.000,0.000,0.000,0.000,0.013,3.2,11.30,29.0,0.000,0.000,0.006,0.006,0.006,0.000,0.000,0.000,0.006,0.000,0.000,0.000,0.000,0.013,0.000,0.000,0.006,0.006
75.4073,754,0,move,-1,75.4073,75.4175,0,0.000,0.000,0.264,-0.176,-0.264,0.088,-0.264,-0.088,0.176,0.000,0.000,-0.088,-0.088,0.264,0.088,0.000,0.439,0.176,0.000,0.000,0.000,0.000,0.000,0.000,0.000,0.000,0.000,0.000,0.000,0.000,0.000,0.000,0.000,0.000,0.000,0.000,0.013,3.2,11.30,29.0,0.000,0.000,0.006,0.006,0.006,0.000,0.000,0.000,0.006,0.000,0.000,0.000,0.000,0.013,0.000,0.000,0.006,0.006
75.5075,755,0,move,-1,75.5075,75.5179,0,0.000,0.000,0.264,-0.176,-0.264,0.088,-0.264,-0.088,0.176,0.000,0.000,-0.088,-0.088,0.264,0.088,0.000,0.439,0.176,0.000,0.000,0.000,0.000,0.000,0.000,0.000,0.000,0.000,0.000,0.000,0.000,0.000,0.000,0.000,0.000,0.000,0.000,0.006,3.2,11.20,32.0,0.000,0.000,0.000,0.000,0.006,0.000,0.006,0.000,0.000,0.000,0.000,0.000,0.000,0.006,0.000,0.006,0.006,0.000
75.6073,756,0,move,-1,75.6073,75.6191,0,0.000,0.000,0.264,-0.176,-0.264,0.088,-0.264,-0.088,0.176,0.000,0.000,-0.088,-0.088,0.264,0.088,0.000,0.439,0.176,0.000,0.000,0.000,0.000,0.000,0.000,0.000,0.000,0.000,0.000,0.000,0.000,0.000,0.000,0.000,0.000,0.000,0.000,0.006,3.2,11.30,33.0,0.000,0.000,0.006,0.006,0.000,0.000,0.000,0.000,0.006,0.000,0.000,0.000,0.000,0.006,0.000,0.000,0.006,0.000
75.7073,757,0,move,-1,75.7073,75.7190,0,0.000,0.000,0.264,-0.176,-0.264,0.088,-0.264,-0.088,0.176,0.000,0.000,-0.088,-0.088,0.264,0.088,0.000,0.439,0.176,0.000,0.000,0.000,0.000,0.000,0.000,0.000,0.000,0.000,0.000,0.000,0.000,0.000,0.000,0.000,0.000,0.000,0.000,0.006,3.2,11.30,33.0,0.000,0.000,0.006,0.006,0.000,0.000,0.000,0.000,0.006,0.000,0.000,0.000,0.000,0.006,0.000,0.000,0.006,0.000
75.8075,758,0,move,-1,75.8075,75.8196,0,0.000,0.000,0.264,-0.176,-0.264,0.088,-0.264,-0.088,0.176,0.000,0.000,-0.088,-0.088,0.264,0.088,0.000,0.439,0.176,0.000,0.000,0.000,0.000,0.000,0.000,0.000,0.000,0.000,0.000,0.000,0.000,0.000,0.000,0.000,0.000,0.000,0.000,0.013,3.2,11.30,29.0,0.000,0.000,0.000,0.000,0.000,0.000,0.000,0.000,0.006,0.000,0.000,0.000,0.000,0.013,0.000,0.000,0.006,0.000
75.9178,759,0,move,-1,75.9178,75.9614,0,0.000,0.000,0.264,-0.176,-0.264,0.088,-0.264,-0.088,0.176,0.000,0.000,-0.088,-0.088,0.264,0.088,0.000,0.439,0.176,0.000,0.000,0.000,0.000,0.000,0.000,0.000,0.000,0.000,0.000,0.000,0.000,0.000,0.000,0.000,0.000,0.000,0.000,0.013,3.2,11.30,29.0,0.000,0.000,0.000,0.000,0.006,0.000,0.006,0.000,0.006,0.000,0.000,0.000,0.000,0.013,0.000,0.000,0.006,0.006
76.0075,760,0,move,-1,76.0075,76.0188,0,0.000,0.000,0.264,-0.176,-0.264,0.088,-0.264,-0.088,0.176,0.000,0.000,-0.088,-0.088,0.264,0.088,0.000,0.439,0.176,0.000,0.000,0.000,0.000,0.000,0.000,0.000,0.000,0.000,0.000,0.000,0.000,0.000,0.000,0.000,0.000,0.000,0.000,0.013,3.2,11.30,29.0,0.000,0.000,0.000,0.000,0.006,0.000,0.006,0.000,0.006,0.000,0.000,0.000,0.000,0.013,0.000,0.000,0.006,0.006
76.1075,761,0,move,-1,76.1075,76.1198,0,0.000,0.000,0.264,-0.176,-0.264,0.088,-0.264,-0.088,0.176,0.000,0.000,-0.088,-0.088,0.264,0.088,0.000,0.439,0.176,0.000,0.000,0.000,0.000,0.000,0.000,0.000,0.000,0.000,0.000,0.000,0.000,0.000,0.000,0.000,0.000,0.000,0.000,0.006,3.2,11.30,33.0,0.000,0.000,0.006,0.000,0.000,0.000,0.006,0.000,0.000,0.000,0.000,0.000,0.000,0.006,0.000,0.000,0.006,0.006
76.2075,762,0,move,-1,76.2075,76.2177,0,0.000,0.000,0.264,-0.176,-0.264,0.088,-0.264,-0.088,0.176,0.000,0.000,-0.088,-0.088,0.264,0.088,0.000,0.439,0.176,0.000,0.000,0.000,0.000,0.000,0.000,0.000,0.000,0.000,0.000,0.000,0.000,0.000,0.000,0.000,0.000,0.000,0.000,0.006,3.2,11.30,33.0,0.000,0.000,0.006,0.000,0.000,0.000,0.006,0.000,0.000,0.000,0.000,0.000,0.000,0.006,0.000,0.000,0.006,0.006
76.3075,763,0,move,-1,76.3075,76.3228,0,0.000,0.000,0.264,-0.176,-0.264,0.088,-0.264,-0.088,0.176,0.000,0.000,-0.088,-0.088,0.264,0.088,0.000,0.439,0.176,0.000,0.000,0.000,0.000,0.000,0.000,0.000,0.000,0.000,0.000,0.000,0.000,0.000,0.000,0.000,0.000,0.000,0.000,0.013,3.2,11.30,29.0,0.000,0.000,0.006,0.000,0.000,0.000,0.006,0.000,0.000,0.000,0.000,0.000,0.000,0.013,0.000,0.000,0.013,0.006
76.4093,764,0,move,-1,76.4093,76.4201,0,0.000,0.000,0.264,-0.176,-0.264,0.088,-0.264,-0.088,0.176,0.000,0.000,-0.088,-0.088,0.264,0.088,0.000,0.439,0.176,0.000,0.000,0.000,0.000,0.000,0.000,0.000,0.000,0.000,0.000,0.000,0.000,0.000,0.000,0.000,0.000,0.000,0.000,0.013,3.2,11.30,29.0,0.000,0.000,0.006,0.000,0.000,0.000,0.006,0.000,0.000,0.000,0.000,0.000,0.000,0.013,0.000,0.000,0.013,0.006
76.5075,765,0,move,-1,76.5075,76.5201,0,0.000,0.000,0.264,-0.176,-0.264,0.088,-0.264,-0.088,0.176,0.000,0.000,-0.088,-0.088,0.264,0.088,0.000,0.439,0.176,0.000,0.000,0.000,0.000,0.000,0.000,0.000,0.000,0.000,0.000,0.000,0.000,0.000,0.000,0.000,0.000,0.000,0.000,0.013,3.2,11.30,29.0,0.000,0.000,0.000,0.006,0.006,0.000,0.006,0.000,0.000,0.000,0.000,0.000,0.000,0.013,0.000,0.000,0.006,0.006
76.6075,766,0,move,-1,76.6075,76.6187,0,0.000,0.000,0.264,-0.176,-0.264,0.088,-0.264,-0.088,0.176,0.000,0.000,-0.088,-0.088,0.264,0.088,0.000,0.439,0.176,0.000,0.000,0.000,0.000,0.000,0.000,0.000,0.000,0.000,0.000,0.000,0.000,0.000,0.000,0.000,0.000,0.000,0.000,0.013,3.2,11.30,29.0,0.000,0.000,0.000,0.006,0.006,0.000,0.006,0.000,0.000,0.000,0.000,0.000,0.000,0.013,0.000,0.000,0.006,0.006
76.7075,767,0,move,-1,76.7075,76.7189,0,0.000,0.000,0.264,-0.176,-0.264,0.088,-0.264,-0.088,0.176,0.000,0.000,-0.088,-0.088,0.264,0.088,0.000,0.439,0.176,0.000,0.000,0.000,0.000,0.000,0.000,0.000,0.000,0.000,0.000,0.000,0.000,0.000,0.000,0.000,0.000,0.000,0.000,0.013,3.2,11.30,29.0,0.000,0.000,0.006,0.000,0.006,0.000,0.006,0.000,0.000,0.000,0.000,0.000,0.000,0.013,0.000,0.000,0.006,0.000
76.8073,768,0,move,-1,76.8073,76.8174,0,0.000,0.000,0.264,-0.176,-0.264,0.088,-0.264,-0.088,0.176,0.000,0.000,-0.088,-0.088,0.264,0.088,0.000,0.439,0.176,0.000,0.000,0.000,0.000,0.000,0.000,0.000,0.000,0.000,0.000,0.000,0.000,0.000,0.000,0.000,0.000,0.000,0.000,0.013,3.2,11.30,29.0,0.000,0.000,0.006,0.000,0.006,0.000,0.006,0.000,0.000,0.000,0.000,0.000,0.000,0.013,0.000,0.000,0.006,0.000
76.9073,769,0,move,-1,76.9073,76.9193,0,0.000,0.000,0.264,-0.176,-0.264,0.088,-0.264,-0.088,0.176,0.000,0.000,-0.088,-0.088,0.264,0.088,0.000,0.439,0.176,0.000,0.000,0.000,0.000,0.000,0.000,0.000,0.000,0.000,0.000,0.000,0.000,0.000,0.000,0.000,0.000,0.000,0.000,0.006,3.2,11.30,32.0,0.000,0.000,0.000,0.000,0.006,0.000,0.000,0.000,0.000,0.000,0.000,0.000,0.000,0.006,0.000,0.000,0.006,0.000
77.0113,770,0,move,-1,77.0113,77.0247,0,0.000,0.000,0.264,-0.176,-0.264,0.088,-0.264,-0.088,0.176,0.000,0.000,-0.088,-0.088,0.264,0.088,0.000,0.439,0.176,0.000,0.000,0.000,0.000,0.000,0.000,0.000,0.000,0.000,0.000,0.000,0.000,0.000,0.000,0.000,0.000,0.000,0.000,0.013,3.2,11.30,29.0,0.000,0.000,0.006,0.000,0.006,0.000,0.000,0.000,0.000,0.000,0.000,0.000,0.000,0.013,0.000,0.000,0.006,0.000
77.1075,771,0,move,-1,77.1075,77.1169,0,0.000,0.000,0.264,-0.176,-0.264,0.088,-0.264,-0.088,0.176,0.000,0.000,-0.088,-0.088,0.264,0.088,0.000,0.439,0.176,0.000,0.000,0.000,0.000,0.000,0.000,0.000,0.000,0.000,0.000,0.000,0.000,0.000,0.000,0.000,0.000,0.000,0.000,0.013,3.2,11.30,29.0,0.000,0.000,0.006,0.000,0.006,0.000,0.000,0.000,0.000,0.000,0.000,0.000,0.000,0.013,0.000,0.000,0.006,0.000
77.2075,772,0,move,-1,77.2075,77.2175,0,0.000,0.000,0.264,-0.176,-0.264,0.088,-0.264,-0.088,0.176,0.000,0.000,-0.088,-0.088,0.264,0.088,0.000,0.439,0.176,0.000,0.000,0.000,0.000,0.000,0.000,0.000,0.000,0.000,0.000,0.000,0.000,0.000,0.000,0.000,0.000,0.000,0.000,0.006,3.2,11.30,33.0,0.000,0.000,0.006,0.000,0.006,0.006,0.000,0.000,0.000,0.000,0.000,0.000,0.000,0.006,0.000,0.000,0.006,0.000
77.3075,773,0,move,-1,77.3075,77.3250,0,0.000,0.000,0.264,-0.176,-0.264,0.088,-0.264,-0.088,0.176,0.000,0.000,-0.088,-0.088,0.264,0.088,0.000,0.439,0.176,0.000,0.000,0.000,0.000,0.000,0.000,0.000,0.000,0.000,0.000,0.000,0.000,0.000,0.000,0.000,0.000,0.000,0.000,0.013,4.8,11.30,32.0,0.000,0.000,0.006,0.006,0.000,0.000,0.000,0.000,0.000,0.000,0.000,0.000,0.000,0.006,0.000,0.000,0.013,0.000
77.4075,774,0,move,-1,77.4075,77.4176,0,0.000,0.000,0.264,-0.176,-0.264,0.088,-0.264,-0.088,0.176,0.000,0.000,-0.088,-0.088,0.264,0.088,0.000,0.439,0.176,0.000,0.000,0.000,0.000,0.000,0.000,0.000,0.000,0.000,0.000,0.000,0.000,0.000,0.000,0.000,0.000,0.000,0.000,0.013,4.8,11.30,32.0,0.000,0.000,0.006,0.006,0.000,0.000,0.000,0.000,0.000,0.000,0.000,0.000,0.000,0.006,0.000,0.000,0.013,0.000
77.5073,775,0,move,-1,77.5073,77.5202,0,0.000,0.000,0.264,-0.176,-0.264,0.088,-0.264,-0.088,0.176,0.000,0.000,-0.088,-0.088,0.264,0.088,0.000,0.439,0.176,0.000,0.000,0.000,0.000,0.000,0.000,0.000,0.000,0.000,0.000,0.000,0.000,0.000,0.000,0.000,0.000,0.000,0.000,0.006,3.2,11.30,33.0,0.000,0.000,0.006,0.000,0.006,0.000,0.000,0.000,0.006,0.000,0.000,0.000,0.000,0.006,0.000,0.000,0.006,0.006
77.6073,776,0,move,-1,77.6073,77.6185,0,0.000,0.000,0.264,-0.176,-0.264,0.088,-0.264,-0.088,0.176,0.000,0.000,-0.088,-0.088,0.264,0.088,0.000,0.439,0.176,0.000,0.000,0.000,0.000,0.000,0.000,0.000,0.000,0.000,0.000,0.000,0.000,0.000,0.000,0.000,0.000,0.000,0.000,0.006,3.2,11.30,33.0,0.000,0.000,0.006,0.000,0.006,0.000,0.000,0.000,0.006,0.000,0.000,0.000,0.000,0.006,0.000,0.000,0.006,0.006
77.7075,777,0,move,-1,77.7075,77.7172,0,0.000,0.000,0.264,-0.176,-0.264,0.088,-0.264,-0.088,0.176,0.000,0.000,-0.088,-0.088,0.264,0.088,0.000,0.439,0.176,0.000,0.000,0.000,0.000,0.000,0.000,0.000,0.000,0.000,0.000,0.000,0.000,0.000,0.000,0.000,0.000,0.000,0.000,0.013,3.2,11.30,29.0,0.000,0.000,0.000,0.006,0.000,0.000,0.000,0.000,0.006,0.000,0.000,0.000,0.000,0.013,0.000,0.000,0.006,0.000
77.8075,778,0,move,-1,77.8075,77.8185,0,0.000,0.000,0.264,-0.176,-0.264,0.088,-0.264,-0.088,0.176,0.000,0.000,-0.088,-0.088,0.264,0.088,0.000,0.439,0.176,0.000,0.000,0.000,0.000,0.000,0.000,0.000,0.000,0.000,0.000,0.000,0.000,0.000,0.000,0.000,0.000,0.000,0.000,0.013,3.2,11.30,29.0,0.000,0.000,0.000,0.006,0.006,0.000,0.006,0.000,0.000,0.000,0.000,0.000,0.000,0.013,0.000,0.000,0.013,0.000
77.9073,779,0,move,-1,77.9073,77.9311,0,0.000,0.000,0.264,-0.176,-0.264,0.088,-0.264,-0.088,0.176,0.000,0.000,-0.088,-0.088,0.264,0.088,0.000,0.439,0.176,0.000,0.000,0.000,0.000,0.000,0.000,0.000,0.000,0.000,0.000,0.000,0.000,0.000,0.000,0.000,0.000,0.000,0.000,0.013,3.2,11.30,29.0,0.000,0.000,0.000,0.006,0.006,0.000,0.006,0.000,0.000,0.000,0.000,0.000,0.000,0.013,0.000,0.000,0.006,0.006
78.0073,780,0,move,-1,78.0073,78.0190,0,0.000,0.000,0.264,-0.176,-0.264,0.088,-0.264,-0.088,0.176,0.000,0.000,-0.088,-0.088,0.264,0.088,0.000,0.439,0.176,0.000,0.000,0.000,0.000,0.000,0.000,0.000,0.000,0.000,0.000,0.000,0.000,0.000,0.000,0.000,0.000,0.000,0.000,0.013,3.2,11.30,29.0,0.000,0.000,0.000,0.006,0.006,0.000,0.006,0.000,0.000,0.000,0.000,0.000,0.000,0.013,0.000,0.000,0.006,0.006
78.1073,781,0,move,-1,78.1073,78.1171,0,0.000,0.000,0.264,-0.176,-0.088,0.088,-0.264,-0.088,0.176,0.000,0.000,-0.088,-0.088,0.264,0.088,0.000,0.439,0.176,0.000,0.000,0.000,0.000,0.000,0.000,0.000,0.000,0.000,0.000,0.000,0.000,0.000,0.000,0.000,0.000,0.000,0.000,0.006,3.2,11.30,33.0,0.000,0.000,0.006,0.000,0.000,0.000,0.000,0.000,0.000,0.000,0.000,0.000,0.000,0.006,0.000,0.000,0.006,0.000
78.2075,782,0,move,-1,78.2075,78.2196,0,0.000,0.000,0.264,-0.176,-0.088,0.088,-0.264,-0.088,0.176,0.000,0.000,-0.088,-0.088,0.264,0.088,0.000,0.439,0.176,0.000,0.000,0.000,0.000,0.000,0.000,0.000,0.000,0.000,0.000,0.000,0.000,0.000,0.000,0.000,0.000,0.000,0.000,0.013,4.8,11.30,32.0,0.000,0.000,0.000,0.000,0.000,0.000,0.000,0.000,0.000,0.000,0.000,0.000,0.000,0.006,0.006,0.000,0.013,0.000
78.3075,783,0,move,-1,78.3075,78.3186,0,0.000,0.000,0.264,-0.176,-0.088,0.088,-0.264,-0.088,0.176,0.000,0.000,-0.088,-0.088,0.264,0.088,0.000,0.439,0.176,0.000,0.000,0.000,0.000,0.000,0.000,0.000,0.000,0.000,0.000,0.000,0.000,0.000,0.000,0.000,0.000,0.000,0.000,0.013,4.8,11.30,32.0,0.000,0.000,0.000,0.000,0.000,0.000,0.000,0.000,0.000,0.000,0.000,0.000,0.000,0.006,0.006,0.000,0.013,0.000
78.4073,784,0,move,-1,78.4073,78.4491,0,0.000,0.000,0.264,-0.176,-0.088,0.088,-0.264,-0.088,0.176,0.000,0.000,-0.088,-0.088,0.264,0.088,0.000,0.439,0.176,0.000,0.000,0.000,0.000,0.000,0.000,0.000,0.000,0.000,0.000,0.000,0.000,0.000,0.000,0.000,0.000,0.000,0.000,0.013,4.8,11.30,32.0,0.000,0.000,0.006,0.000,0.000,0.000,0.000,0.000,0.000,0.000,0.000,0.000,0.000,0.006,0.000,0.000,0.013,0.006
78.5073,785,0,move,-1,78.5073,78.5181,0,0.000,0.000,0.264,-0.176,-0.088,0.088,-0.264,-0.088,0.176,0.000,0.000,-0.088,-0.088,0.264,0.088,0.000,0.439,0.176,0.000,0.000,0.000,0.000,0.000,0.000,0.000,0.000,0.000,0.000,0.000,0.000,0.000,0.000,0.000,0.000,0.000,0.000,0.013,4.8,11.30,32.0,0.000,0.000,0.006,0.000,0.000,0.000,0.000,0.000,0.000,0.000,0.000,0.000,0.000,0.006,0.000,0.000,0.013,0.006
78.6074,786,0,move,-1,78.6074,78.6185,0,0.000,0.000,0.264,-0.176,-0.088,0.088,-0.264,-0.088,0.176,0.000,0.000,-0.088,-0.088,0.264,0.088,0.000,0.439,0.176,0.000,0.000,0.000,0.000,0.000,0.000,0.000,0.000,0.000,0.000,0.000,0.000,0.000,0.000,0.000,0.000,0.000,0.000,0.013,4.8,11.30,32.0,0.000,0.000,0.000,0.000,0.000,0.000,0.006,0.000,0.000,0.000,0.000,0.000,0.000,0.006,0.000,0.000,0.013,0.000
78.7075,787,0,move,-1,78.7075,78.7174,0,0.000,0.000,0.264,-0.176,-0.088,0.088,-0.264,-0.088,0.176,0.000,0.000,-0.088,-0.088,0.264,0.088,0.000,0.439,0.176,0.000,0.000,0.000,0.000,0.000,0.000,0.000,0.000,0.000,0.000,0.000,0.000,0.000,0.000,0.000,0.000,0.000,0.000,0.013,4.8,11.30,32.0,0.000,0.000,0.000,0.000,0.000,0.000,0.006,0.000,0.000,0.000,0.000,0.000,0.000,0.006,0.000,0.000,0.013,0.000
78.8074,788,0,move,-1,78.8074,78.8192,0,0.000,0.000,0.264,-0.176,-0.088,0.088,-0.264,-0.088,0.176,0.000,0.000,-0.088,-0.088,0.264,0.088,0.000,0.439,0.176,0.000,0.000,0.000,0.000,0.000,0.000,0.000,0.000,0.000,0.000,0.000,0.000,0.000,0.000,0.000,0.000,0.000,0.000,0.006,3.2,11.30,33.0,0.000,0.000,0.006,0.000,0.000,0.000,0.006,0.000,0.000,0.000,0.000,0.000,0.000,0.006,0.000,0.000,0.006,0.006
78.9087,789,0,move,-1,78.9087,78.9316,0,0.000,0.000,0.264,-0.176,-0.088,0.088,-0.264,-0.088,0.176,0.000,0.000,-0.088,-0.088,0.264,0.088,0.000,0.439,0.176,0.000,0.000,0.000,0.000,0.000,0.000,0.000,0.000,0.000,0.000,0.000,0.000,0.000,0.000,0.000,0.000,0.000,0.000,0.013,3.2,11.30,29.0,0.000,0.000,0.006,0.000,0.000,0.000,0.006,0.000,0.006,0.000,0.000,0.000,0.000,0.013,0.000,0.000,0.006,0.000
79.0075,790,0,move,-1,79.0075,79.0184,0,0.000,0.000,0.264,-0.176,-0.088,0.088,-0.264,-0.088,0.176,0.000,0.000,-0.088,-0.088,0.264,0.088,0.000,0.439,0.176,0.000,0.000,0.000,0.000,-0.049,0.036,0.000,0.000,0.000,0.000,0.000,0.000,0.000,0.000,0.000,0.000,0.000,0.000,0.013,3.2,11.30,29.0,0.000,0.000,0.006,0.000,0.000,0.000,0.006,0.000,0.006,0.000,0.000,0.000,0.000,0.013,0.000,0.000,0.006,0.000
79.1075,791,0,move,-1,79.1075,79.1190,0,0.000,0.000,0.264,-0.176,-0.088,0.088,-0.264,-0.088,0.176,0.000,0.000,-0.088,-0.088,0.264,0.088,0.000,0.439,0.176,0.000,0.000,0.000,0.000,-0.194,0.143,0.000,0.000,0.000,0.000,0.000,0.000,0.000,0.000,0.000,0.000,0.000,0.000,0.006,3.2,11.30,32.0,0.000,0.000,0.000,0.000,0.000,0.000,0.006,0.000,0.000,0.000,0.000,0.000,0.000,0.006,0.000,0.000,0.006,0.000
79.2075,792,0,move,-1,79.2075,79.2183,0,0.000,0.000,0.264,-0.176,-0.088,0.088,-0.264,-0.088,0.176,0.000,0.000,-0.088,-0.088,0.264,0.088,0.000,0.439,0.176,0.000,0.000,0.000,0.000,-0.435,0.320,0.000,0.000,0.000,0.000,0.000,0.000,0.000,0.000,0.000,0.000,0.000,0.000,0.006,3.2,11.30,32.0,0.000,0.000,0.000,0.000,0.000,0.000,0.006,0.000,0.000,0.000,0.000,0.000,0.000,0.006,0.000,0.000,0.006,0.000
79.3075,793,0,move,-1,79.3075,79.3192,0,0.000,0.000,0.264,-0.176,-0.088,0.264,-0.264,-0.088,0.176,0.000,0.000,-0.088,-0.088,0.264,0.088,0.000,0.439,0.176,0.000,0.000,0.000,0.000,-0.772,0.568,0.000,0.000,0.000,0.000,0.000,0.000,0.000,0.000,0.000,0.000,0.000,0.000,0.013,3.2,11.30,29.0,0.000,0.000,0.000,0.006,0.006,0.000,0.006,0.000,0.000,0.000,0.000,0.000,0.000,0.013,0.000,0.000,0.013,0.000
79.4075,794,0,move,-1,79.4075,79.4195,0,0.000,0.000,0.264,-0.176,-0.176,0.439,-0.264,-0.088,0.176,0.000,0.000,-0.088,-0.088,0.264,0.088,0.000,0.439,0.176,0.000,0.000,0.000,0.000,-1.202,0.885,0.000,0.000,0.000,0.000,0.000,0.000,0.000,0.000,0.000,0.000,0.000,0.000,0.013,3.2,11.30,29.0,0.000,0.000,0.006,0.006,0.006,0.006,0.006,0.000,0.000,0.000,0.000,0.000,0.000,0.013,0.000,0.000,0.013,0.000
79.5074,795,0,move,-1,79.5074,79.5201,0,0.000,0.000,0.264,-0.176,-0.264,0.879,-0.264,-0.088,0.176,0.000,0.000,-0.088,-0.088,0.264,0.088,0.000,0.439,0.176,0.000,0.000,0.000,0.000,-1.725,1.270,0.000,0.000,0.000,0.000,0.000,0.000,0.000,0.000,0.000,0.000,0.000,0.000,0.013,8.4,11.30,32.0,0.000,0.000,0.006,0.000,0.013,0.006,0.000,0.000,0.000,0.000,0.000,0.000,0.000,0.006,0.000,0.000,0.006,0.000
79.6125,796,0,move,-1,79.6125,79.6518,0,0.000,0.000,0.264,-0.176,-0.879,1.143,-0.264,-0.088,0.176,0.000,0.000,-0.088,-0.088,0.264,0.088,0.000,0.439,0.176,0.000,0.000,0.000,0.000,-2.338,1.720,0.000,0.000,0.000,0.000,0.000,0.000,0.000,0.000,0.000,0.000,0.000,0.000,0.019,9.6,11.20,32.0,0.000,0.000,0.000,0.000,0.019,0.006,0.006,0.000,0.000,0.000,0.000,0.000,0.000,0.006,0.000,0.000,0.006,0.006
79.7075,797,0,move,-1,79.7075,79.7183,0,0.000,0.000,0.264,-0.176,-1.230,1.406,-0.264,-0.088,0.176,0.000,0.000,-0.088,-0.088,0.264,0.088,0.000,0.439,0.176,0.000,0.000,0.000,0.000,-3.039,2.236,0.000,0.000,0.000,0.000,0.000,0.000,0.000,0.000,0.000,0.000,0.000,0.000,0.019,9.6,11.20,32.0,0.000,0.000,0.000,0.000,0.019,0.006,0.006,0.000,0.000,0.000,0.000,0.000,0.000,0.006,0.000,0.000,0.006,0.006
79.8075,798,0,move,-1,79.8075,79.8208,0,0.000,0.000,0.264,-0.176,-1.934,2.021,-0.264,-0.088,0.176,0.000,0.000,-0.088,-0.088,0.264,0.088,0.000,0.439,0.176,0.000,0.000,0.000,0.000,-3.825,2.814,0.000,0.000,0.000,0.000,0.000,0.000,0.000,0.000,0.000,0.000,0.000,0.000,0.019,11.6,11.30,32.0,0.000,0.000,0.000,0.000,0.019,0.006,0.000,0.000,0.000,0.000,0.000,0.000,0.000,0.013,0.000,0.000,0.006,0.006
79.9075,799,0,move,-1,79.9075,79.9192,0,0.000,0.000,0.264,-0.176,-2.021,2.461,-0.264,-0.088,0.176,0.000,0.000,-0.088,-0.088,0.264,0.088,0.000,0.439,0.176,0.000,0.000,0.000,0.000,-4.693,3.452,0.000,0.000,0.000,0.000,0.000,0.000,0.000,0.000,0.000,0.000,0.000,0.000,0.019,11.6,11.30,32.0,0.000,0.000,0.000,0.000,0.019,0.006,0.000,0.000,0.000,0.000,0.000,0.000,0.000,0.013,0.000,0.000,0.006,0.006
80.0076,800,0,move,-1,80.0076,80.0343,0,0.000,0.000,0.264,-0.176,-3.164,3.252,-0.264,-0.088,0.176,0.000,0.000,-0.088,-0.088,0.264,0.088,0.000,0.439,0.176,0.000,0.000,0.000,0.000,-5.639,4.147,0.000,0.000,0.000,0.000,0.000,0.000,0.000,0.000,0.000,0.000,0.000,0.000,0.039,13.2,11.30,32.0,0.000,0.000,0.000,0.006,0.039,0.006,0.006,0.000,0.000,0.000,0.000,0.000,0.000,0.006,0.000,0.000,0.013,0.006
80.1113,801,0,move,-1,80.1113,80.1237,0,0.000,0.000,0.264,-0.176,-4.219,3.867,-0.264,-0.088,0.176,0.000,0.000,-0.088,-0.088,0.264,0.088,0.000,0.439,0.176,0.000,0.000,0.000,0.000,-6.661,4.896,0.000,0.000,0.000,0.000,0.000,0.000,0.000,0.000,0.000,0.000,0.000,0.000,0.039,13.2,11.30,32.0,0.000,0.000,0.000,0.006,0.039,0.006,0.006,0.000,0.000,0.000,0.000,0.000,0.000,0.006,0.000,0.000,0.013,0.006
80.2075,802,0,move,-1,80.2075,80.2179,0,0.000,0.000,0.264,-0.176,-5.098,4.482,-0.264,-0.088,0.176,0.000,0.000,-0.088,-0.088,0.264,0.088,0.000,0.439,0.176,0.000,0.000,0.000,0.000,-7.754,5.698,0.000,0.000,0.000,0.000,0.000,0.000,0.000,0.000,0.000,0.000,0.000,0.000,0.026,10.8,11.20,32.0,0.000,0.000,0.000,0.000,0.026,0.006,0.006,0.000,0.000,0.000,0.000,0.000,0.000,0.006,0.000,0.000,0.006,0.006
80.3075,803,0,move,-1,80.3075,80.3178,0,0.000,0.000,0.264,-0.176,-6.240,5.273,-0.264,-0.088,0.176,0.000,0.000,-0.088,-0.088,0.264,0.088,0.000,0.439,0.176,0.000,0.000,0.000,0.000,-8.915,6.547,0.000,0.000,0.000,0.000,0.000,0.000,0.000,0.000,0.000,0.000,0.000,0.000,0.026,10.8,11.20,32.0,0.000,0.000,0.000,0.000,0.026,0.006,0.006,0.000,0.000,0.000,0.000,0.000,0.000,0.006,0.000,0.000,0.006,0.006
80.4075,804,0,move,-1,80.4075,80.4192,0,0.000,0.000,0.264,-0.176,-7.295,6.152,-0.264,-0.088,0.176,0.000,0.000,-0.088,-0.088,0.264,0.088,0.000,0.439,0.176,0.000,0.000,0.000,0.000,-10.139,7.441,0.000,0.000,0.000,0.000,0.000,0.000,0.000,0.000,0.000,0.000,0.000,0.000,0.019,11.2,11.30,32.0,0.000,0.000,0.000,0.000,0.019,0.000,0.006,0.000,0.000,0.000,0.000,0.000,0.000,0.006,0.000,0.000,0.013,0.000
80.5075,805,0,move,-1,80.5075,80.5194,0,0.000,0.000,0.264,-0.176,-8.438,7.031,-0.264,-0.088,0.176,0.000,0.000,-0.088,-0.088,0.264,0.088,0.000,0.439,0.176,0.000,0.000,0.000,0.000,-11.421,8.375,0.000,0.000,0.000,0.000,0.000,0.000,0.000,0.000,0.000,0.000,0.000,0.000,0.019,11.2,11.30,32.0,0.000,0.000,0.006,0.000,0.019,0.000,0.006,0.000,0.000,0.000,0.000,0.000,0.000,0.006,0.000,0.000,0.006,0.000
80.6075,806,0,move,-1,80.6075,80.6196,0,0.000,0.000,0.264,-0.176,-9.668,7.910,-0.264,-0.088,0.176,0.000,0.000,-0.088,-0.088,0.264,0.088,0.000,0.439,0.176,0.000,0.000,0.000,0.000,-12.756,9.347,0.000,0.000,0.000,0.000,0.000,0.000,0.000,0.000,0.000,0.000,0.000,0.000,0.019,11.2,11.30,32.0,0.000,0.000,0.006,0.000,0.019,0.000,0.006,0.000,0.000,0.000,0.000,0.000,0.000,0.006,0.000,0.000,0.006,0.000
80.7075,807,0,move,-1,80.7075,80.7201,0,0.000,0.000,0.264,-0.176,-10.986,8.789,-0.264,-0.088,0.176,0.000,0.000,-0.088,-0.088,0.264,0.088,0.000,0.439,0.176,0.000,0.000,0.000,0.000,-14.141,10.350,0.000,0.000,0.000,0.000,0.000,0.000,0.000,0.000,0.000,0.000,0.000,0.000,0.026,12.0,11.30,32.0,0.000,0.000,0.000,0.000,0.026,0.000,0.006,0.000,0.000,0.000,0.000,0.000,0.000,0.006,0.000,0.000,0.006,0.006
80.8075,808,0,move,-1,80.8075,80.8175,0,0.000,0.000,0.264,-0.176,-12.217,9.756,-0.264,-0.088,0.176,0.000,0.000,-0.088,-0.088,0.264,0.088,0.000,0.439,0.176,0.000,0.000,0.000,0.000,-15.570,11.382,0.000,0.000,0.000,0.000,0.000,0.000,0.000,0.000,0.000,0.000,0.000,0.000,0.026,12.0,11.30,32.0,0.000,0.000,0.000,0.000,0.026,0.000,0.006,0.000,0.000,0.000,0.000,0.000,0.000,0.006,0.000,0.000,0.006,0.006
80.9129,809,0,move,-1,80.9129,80.9414,0,0.000,0.000,0.264,-0.176,-13.975,10.986,-0.264,-0.088,0.176,0.000,0.000,-0.088,-0.088,0.264,0.088,0.000,0.439,0.176,0.000,0.000,0.000,0.000,-17.038,12.438,0.000,0.000,0.000,0.000,0.000,0.000,0.000,0.000,0.000,0.000,0.000,0.000,0.019,10.8,11.30,32.0,0.000,0.000,0.006,0.000,0.019,0.006,0.006,0.000,0.000,0.000,0.000,0.000,0.000,0.006,0.000,0.000,0.013,0.000
81.0075,810,0,move,-1,81.0075,81.0184,0,0.000,0.000,0.264,-0.176,-15.029,11.777,-0.264,-0.088,0.176,0.000,0.000,-0.088,-0.088,0.264,0.088,0.000,0.439,0.176,0.000,0.000,0.000,0.000,-18.539,13.514,0.000,0.000,0.000,0.000,0.000,0.000,0.000,0.000,0.000,0.000,0.000,0.000,0.019,10.8,11.30,32.0,0.000,0.000,0.006,0.000,0.019,0.006,0.006,0.000,0.000,0.000,0.000,0.000,0.000,0.006,0.000,0.000,0.013,0.000
81.1075,811,0,move,-1,81.1075,81.1202,0,0.000,0.000,0.264,-0.176,-16.523,12.920,-0.264,-0.088,0.176,0.000,0.000,-0.088,-0.088,0.264,0.088,0.000,0.439,0.176,0.000,0.000,0.000,0.000,-20.068,14.603,0.000,0.000,0.000,0.000,0.000,0.000,0.000,0.000,0.000,0.000,0.000,0.000,0.026,10.8,11.30,32.0,0.000,0.000,0.006,0.000,0.026,0.013,0.000,0.000,0.006,0.000,0.000,0.000,0.000,0.006,0.000,0.000,0.006,0.000
81.2075,812,0,move,-1,81.2075,81.2187,0,0.000,0.000,0.264,-0.176,-17.930,13.975,-0.264,-0.088,0.176,0.000,0.000,-0.088,-0.088,0.264,0.088,0.000,0.439,0.176,0.000,0.000,0.000,0.000,-21.620,15.703,0.000,0.000,0.000,0.000,0.000,0.000,0.000,0.000,0.000,0.000,0.000,0.000,0.026,10.8,11.30,32.0,0.000,0.000,0.006,0.000,0.026,0.013,0.000,0.000,0.006,0.000,0.000,0.000,0.000,0.006,0.000,0.000,0.006,0.000
81.3075,813,0,move,-1,81.3075,81.3187,0,0.000,0.000,0.264,-0.176,-19.424,15.029,-0.264,-0.088,0.176,0.000,0.000,-0.088,-0.088,0.264,0.088,0.000,0.439,0.176,0.000,0.000,0.000,0.000,-23.189,16.807,0.000,0.000,0.000,0.000,0.000,0.000,0.000,0.000,0.000,0.000,0.000,0.000,0.019,12.0,11.30,32.0,0.000,0.000,0.006,0.000,0.019,0.006,0.006,0.000,0.006,0.000,0.000,0.000,0.000,0.006,0.000,0.000,0.006,0.006
81.4075,814,0,move,-1,81.4075,81.4183,0,0.000,0.000,0.264,-0.176,-21.006,16.084,-0.264,-0.088,0.176,0.000,0.000,-0.088,-0.088,0.264,0.088,0.000,0.439,0.176,0.000,0.000,0.000,0.000,-24.769,17.912,0.000,0.000,0.000,0.000,0.000,0.000,0.000,0.000,0.000,0.000,0.000,0.000,0.019,12.0,11.30,32.0,0.000,0.000,0.006,0.000,0.019,0.006,0.006,0.000,0.006,0.000,0.000,0.000,0.000,0.006,0.000,0.000,0.006,0.006
81.5075,815,0,move,-1,81.5075,81.5187,0,0.000,0.000,0.264,-0.176,-22.500,17.227,-0.264,-0.088,0.176,0.000,0.000,-0.088,-0.088,0.264,0.088,0.000,0.439,0.176,0.000,0.000,0.000,0.000,-26.354,19.012,0.000,0.000,0.000,0.000,0.000,0.000,0.000,0.000,0.000,0.000,0.000,0.000,0.019,12.8,11.30,32.0,0.000,0.000,0.000,0.000,0.019,0.000,0.006,0.000,0.006,0.000,0.000,0.000,0.000,0.006,0.000,0.000,0.013,0.000
81.6075,816,0,move,-1,81.6075,81.6189,0,0.000,0.000,0.264,-0.176,-24.082,18.281,-0.264,-0.088,0.176,0.000,0.000,-0.088,-0.088,0.264,0.088,0.000,0.439,0.176,0.000,0.000,0.000,0.000,-27.940,20.103,0.000,0.000,0.000,0.000,0.000,0.000,0.000,0.000,0.000,0.000,0.000,0.000,0.019,12.0,11.20,32.0,0.000,0.000,0.006,0.000,0.019,0.006,0.006,0.000,0.006,0.000,0.000,0.000,0.000,0.006,0.000,0.000,0.006,0.000
81.7076,817,0,move,-1,81.7076,81.7197,0,0.000,0.000,0.264,-0.176,-25.664,19.424,-0.264,-0.088,0.176,0.000,0.000,-0.088,-0.088,0.264,0.088,0.000,0.439,0.176,0.000,0.000,0.000,0.000,-29.519,21.181,0.000,0.000,0.000,0.000,0.000,0.000,0.000,0.000,0.000,0.000,0.000,0.000,0.026,12.0,11.30,32.0,0.000,0.000,0.000,0.000,0.026,0.006,0.000,0.000,0.000,0.000,0.000,0.000,0.006,0.013,0.000,0.000,0.006,0.000
81.8075,818,0,move,-1,81.8075,81.8223,0,0.000,0.000,0.264,-0.176,-27.246,20.566,-0.264,-0.088,0.176,0.000,0.000,-0.088,-0.088,0.264,0.088,0.000,0.439,0.176,0.000,0.000,0.000,0.000,-31.087,22.240,0.000,0.000,0.000,0.000,0.000,0.000,0.000,0.000,0.000,0.000,0.000,0.000,0.033,12.8,11.20,32.0,0.000,0.000,0.006,0.000,0.033,0.000,0.006,0.000,0.000,0.000,0.000,0.000,0.000,0.006,0.000,0.000,0.013,0.006
81.9075,819,0,move,-1,81.9075,81.9176,0,0.000,0.000,0.264,-0.176,-28.740,21.533,-0.264,-0.088,0.176,0.000,0.000,-0.088,-0.088,0.264,0.088,0.000,0.439,0.176,0.000,0.000,0.000,0.000,-32.637,23.276,0.000,0.000,0.000,0.000,0.000,0.000,0.000,0.000,0.000,0.000,0.000,0.000,0.033,12.8,11.20,32.0,0.000,0.000,0.006,0.000,0.033,0.000,0.006,0.000,0.000,0.000,0.000,0.000,0.000,0.006,0.000,0.000,0.013,0.006
82.0077,820,0,move,-1,82.0077,82.0136,0,0.000,0.000,0.264,-0.176,-30.146,22.500,-0.264,-0.088,0.176,0.000,0.000,-0.088,-0.088,0.264,0.088,0.000,0.439,0.176,0.000,0.000,0.000,0.000,-34.162,24.285,0.000,0.000,0.000,0.000,0.000,0.000,0.000,0.000,0.000,0.000,0.000,0.000,0.013,12.0,11.30,32.0,0.000,0.000,0.000,0.006,0.013,0.000,0.006,0.000,0.000,0.000,0.000,0.000,0.000,0.006,0.000,0.000,0.013,0.006
82.1171,821,0,move,-1,82.1171,82.1289,0,0.000,0.000,0.264,-0.176,-32.080,23.818,-0.264,-0.088,0.176,0.000,0.000,-0.088,-0.088,0.264,0.088,0.000,0.439,0.176,0.000,0.000,0.000,0.000,-35.658,25.263,0.000,0.000,0.000,0.000,0.000,0.000,0.000,0.000,0.000,0.000,0.000,0.000,0.019,11.6,11.20,32.0,0.000,0.000,0.006,0.000,0.019,0.006,0.006,0.000,0.000,0.000,0.000,0.000,0.000,0.013,0.000,0.000,0.006,0.000
82.2075,822,0,move,-1,82.2075,82.2185,0,0.000,0.000,0.264,-0.176,-33.398,24.609,-0.264,-0.088,0.176,0.000,0.000,-0.088,-0.088,0.264,0.088,0.000,0.439,0.176,0.000,0.000,0.000,0.000,-37.119,26.207,0.000,0.000,0.000,0.000,0.000,0.000,0.000,0.000,0.000,0.000,0.000,0.000,0.019,11.6,11.20,32.0,0.000,0.000,0.006,0.000,0.019,0.006,0.006,0.000,0.000,0.000,0.000,0.000,0.000,0.013,0.000,0.000,0.006,0.000
82.3074,823,0,move,-1,82.3074,82.3179,0,0.000,0.000,0.264,-0.176,-34.893,25.664,-0.264,-0.088,0.176,0.000,0.000,-0.088,-0.088,0.264,0.088,0.000,0.439,0.176,0.000,0.000,0.000,0.000,-38.538,27.112,0.000,0.000,0.000,0.000,0.000,0.000,0.000,0.000,0.000,0.000,0.000,0.000,0.026,12.0,11.30,32.0,0.000,0.000,0.006,0.000,0.026,0.000,0.000,0.000,0.000,0.000,0.000,0.000,0.000,0.013,0.000,0.000,0.006,0.000
82.4075,824,0,move,-1,82.4075,82.4169,0,0.000,0.000,0.264,-0.176,-36.475,26.543,-0.264,-0.088,0.176,0.000,0.000,-0.088,-0.088,0.264,0.088,0.000,0.439,0.176,0.000,0.000,0.000,0.000,-39.910,27.976,0.000,0.000,0.000,0.000,0.000,0.000,0.000,0.000,0.000,0.000,0.000,0.000,0.026,12.0,11.30,32.0,0.000,0.000,0.006,0.000,0.026,0.000,0.000,0.000,0.000,0.000,0.000,0.000,0.000,0.013,0.000,0.000,0.006,0.000
82.5075,825,0,move,-1,82.5075,82.5177,0,0.000,0.000,0.264,-0.176,-37.969,27.510,-0.264,-0.088,0.176,0.000,0.000,-0.088,-0.088,0.264,0.088,0.000,0.439,0.176,0.000,0.000,0.000,0.000,-41.228,28.795,0.000,0.000,0.000,0.000,0.000,0.000,0.000,0.000,0.000,0.000,0.000,0.000,0.026,12.0,11.30,32.0,0.000,0.000,0.000,0.000,0.026,0.000,0.006,0.000,0.000,0.000,0.000,0.000,0.000,0.006,0.000,0.000,0.006,0.006
82.6075,826,0,move,-1,82.6075,82.6187,0,0.000,0.000,0.264,-0.176,-39.375,28.389,-0.264,-0.088,0.176,0.000,0.000,-0.088,-0.088,0.264,0.088,0.000,0.439,0.176,0.000,0.000,0.000,0.000,-42.487,29.567,0.000,0.000,0.000,0.000,0.000,0.000,0.000,0.000,0.000,0.000,0.000,0.000,0.019,11.2,11.30,32.0,0.000,0.000,0.006,0.000,0.019,0.006,0.000,0.000,0.000,0.000,0.000,0.000,0.000,0.013,0.000,0.000,0.013,0.006
82.7075,827,0,move,-1,82.7075,82.7215,0,0.000,0.000,0.264,-0.176,-40.781,29.268,-0.264,-0.088,0.176,0.000,0.000,-0.088,-0.088,0.264,0.088,0.000,0.439,0.176,0.000,0.000,0.000,0.000,-43.680,30.289,0.000,0.000,0.000,0.000,0.000,0.000,0.000,0.000,0.000,0.000,0.000,0.000,0.026,11.2,11.30,32.0,0.000,0.000,0.000,0.006,0.026,0.006,0.006,0.000,0.000,0.000,0.000,0.000,0.000,0.006,0.000,0.000,0.013,0.000
82.8074,828,0,move,-1,82.8074,82.8170,0,0.000,0.000,0.264,-0.176,-40.781,29.795,-0.264,-0.088,0.176,0.000,0.000,-0.088,-0.088,0.264,0.088,0.000,0.439,0.176,0.000,0.000,0.000,0.000,-44.803,30.959,0.000,0.000,0.000,0.000,0.000,0.000,0.000,0.000,0.000,0.000,0.000,0.000,0.026,11.2,11.30,32.0,0.000,0.000,0.000,0.006,0.026,0.006,0.006,0.000,0.000,0.000,0.000,0.000,0.000,0.006,0.000,0.000,0.013,0.000
82.9074,829,0,move,-1,82.9074,82.9177,0,0.000,0.000,0.264,-0.176,-42.012,30.674,-0.264,-0.088,0.176,0.000,0.000,-0.088,-0.088,0.264,0.088,0.000,0.439,0.176,0.000,0.000,0.000,0.000,-45.851,31.576,0.000,0.000,0.000,0.000,0.000,0.000,0.000,0.000,0.000,0.000,0.000,0.000,0.026,12.4,11.30,32.0,0.000,0.000,0.000,0.000,0.026,0.006,0.006,0.000,0.006,0.000,0.006,0.000,0.006,0.013,0.000,0.000,0.006,0.000
83.0074,830,0,move,-1,83.0074,83.0168,0,0.000,0.000,0.264,-0.176,-43.594,31.289,-0.264,-0.088,0.176,0.000,0.000,-0.088,-0.088,0.264,0.088,0.000,0.439,0.176,0.000,0.000,0.000,0.000,-46.816,32.136,0.000,0.000,0.000,0.000,0.000,0.000,0.000,0.000,0.000,0.000,0.000,0.000,0.026,12.4,11.30,32.0,0.000,0.000,0.000,0.000,0.026,0.006,0.006,0.000,0.006,0.000,0.006,0.000,0.006,0.013,0.000,0.000,0.006,0.000
83.1075,831,0,move,-1,83.1075,83.1192,0,0.000,0.000,0.264,-0.176,-45.176,31.904,-0.264,-0.088,0.176,0.000,0.000,-0.088,-0.088,0.264,0.088,0.000,0.439,0.176,0.000,0.000,0.000,0.000,-47.696,32.641,0.000,0.000,0.000,0.000,0.000,0.000,0.000,0.000,0.000,0.000,0.000,0.000,0.019,10.8,11.30,32.0,0.000,0.000,0.000,0.006,0.019,0.006,0.000,0.000,0.000,0.000,0.000,0.000,0.000,0.006,0.000,0.000,0.013,0.006
83.2075,832,0,move,-1,83.2075,83.2174,0,0.000,0.000,0.264,-0.176,-46.406,32.432,-0.264,-0.088,0.176,0.000,0.000,-0.088,-0.088,0.264,0.088,0.000,0.439,0.176,0.000,0.000,0.000,0.000,-48.483,33.087,0.000,0.000,0.000,0.000,0.000,0.000,0.000,0.000,0.000,0.000,0.000,0.000,0.019,10.8,11.30,32.0,0.000,0.000,0.000,0.006,0.019,0.006,0.000,0.000,0.000,0.000,0.000,0.000,0.000,0.006,0.000,0.000,0.013,0.006
83.3074,833,0,move,-1,83.3074,83.3190,0,0.000,0.000,0.264,-0.176,-47.461,32.871,-0.264,-0.088,0.176,0.000,0.000,-0.088,-0.088,0.264,0.088,0.000,0.439,0.176,0.000,0.000,0.000,0.000,-49.176,33.476,0.000,0.000,0.000,0.000,0.000,0.000,0.000,0.000,0.000,0.000,0.000,0.000,0.013,8.4,11.30,32.0,0.000,0.000,0.000,0.006,0.013,0.006,0.006,0.000,0.006,0.000,0.000,0.000,0.000,0.013,0.000,0.000,0.006,0.000
83.4073,834,0,move,-1,83.4073,83.4348,0,0.000,0.000,0.264,-0.176,-48.428,33.398,-0.264,-0.088,0.176,0.000,0.000,-0.088,-0.088,0.264,0.088,0.000,0.439,0.176,0.000,0.000,0.000,0.000,-49.769,33.806,0.000,0.000,0.000,0.000,0.000,0.000,0.000,0.000,0.000,0.000,0.000,0.000,0.013,8.4,11.30,32.0,0.000,0.000,0.000,0.000,0.013,0.006,0.000,0.000,0.000,0.000,0.000,0.000,0.000,0.013,0.000,0.000,0.006,0.000
83.5075,835,0,move,-1,83.5075,83.5205,0,0.000,0.000,0.264,-0.176,-48.867,33.750,-0.264,-0.088,0.176,0.000,0.000,-0.088,-0.088,0.264,0.088,0.000,0.439,0.176,0.000,0.000,0.000,0.000,-50.260,34.076,0.000,0.000,0.000,0.000,0.000,0.000,0.000,0.000,0.000,0.000,0.000,0.000,0.013,8.4,11.30,32.0,0.000,0.000,0.000,0.000,0.013,0.006,0.000,0.000,0.000,0.000,0.000,0.000,0.000,0.013,0.000,0.000,0.006,0.000
83.6073,836,0,move,-1,83.6073,83.6195,0,0.000,0.000,0.264,-0.176,-49.570,34.014,-0.264,-0.088,0.176,0.000,0.000,-0.088,-0.088,0.264,0.088,0.000,0.439,0.176,0.000,0.000,0.000,0.000,-50.644,34.286,0.000,0.000,0.000,0.000,0.000,0.000,0.000,0.000,0.000,0.000,0.000,0.000,0.013,6.8,11.30,32.0,0.000,0.000,0.000,0.000,0.013,0.000,0.006,0.000,0.006,0.000,0.000,0.000,0.000,0.006,0.000,0.000,0.006,0.000
83.7075,837,0,move,-1,83.7075,83.7174,0,0.000,0.000,0.264,-0.176,-50.010,34.189,-0.264,-0.088,0.176,0.000,0.000,-0.088,-0.088,0.264,0.088,0.000,0.439,0.176,0.000,0.000,0.000,0.000,-50.920,34.437,0.000,0.000,0.000,0.000,0.000,0.000,0.000,0.000,0.000,0.000,0.000,0.000,0.013,6.8,11.30,32.0,0.000,0.000,0.000,0.000,0.013,0.000,0.006,0.000,0.006,0.000,0.000,0.000,0.000,0.006,0.000,0.000,0.006,0.000
83.8075,838,0,move,-1,83.8075,83.8183,0,0.000,0.000,0.264,-0.176,-50.186,34.277,-0.264,-0.088,0.176,0.000,0.000,-0.088,-0.088,0.264,0.088,0.000,0.439,0.176,0.000,0.000,0.000,0.000,-51.087,34.527,0.000,0.000,0.000,0.000,0.000,0.000,0.000,0.000,0.000,0.000,0.000,0.000,0.013,6.8,11.30,32.0,0.000,0.000,0.000,0.000,0.013,0.000,0.000,0.000,0.000,0.000,0.000,0.000,0.000,0.006,0.000,0.000,0.013,0.006
83.9075,839,0,move,-1,83.9075,83.9189,0,0.000,0.000,0.264,-0.176,-50.537,34.453,-0.264,-0.088,0.176,0.000,0.000,-0.088,-0.088,0.264,0.088,0.000,0.439,0.176,0.000,0.000,0.000,0.000,-51.143,34.557,0.000,0.000,0.000,0.000,0.000,0.000,0.000,0.000,0.000,0.000,0.000,0.000,0.019,9.2,11.30,32.0,0.000,0.000,0.000,0.006,0.019,0.006,0.000,0.000,0.000,0.000,0.000,0.000,0.000,0.013,0.000,0.000,0.006,0.000
84.0075,840,0,move,-1,84.0075,84.0175,0,0.000,0.000,0.264,-0.176,-50.537,34.453,-0.264,-0.088,0.176,0.000,0.000,-0.088,-0.088,0.264,0.088,0.000,0.439,0.176,0.000,0.000,0.000,0.000,-51.143,34.557,0.000,0.000,0.000,0.000,0.000,0.000,0.000,0.000,0.000,0.000,0.000,0.000,0.019,9.2,11.30,32.0,0.000,0.000,0.000,0.006,0.019,0.006,0.000,0.000,0.000,0.000,0.000,0.000,0.000,0.013,0.000,0.000,0.006,0.000
84.1075,841,0,move,-1,84.1075,84.1185,0,0.000,0.000,0.264,-0.176,-50.537,34.453,-0.264,-0.088,0.176,0.000,0.000,-0.088,-0.088,0.264,0.088,0.000,0.439,0.176,0.000,0.000,0.000,0.000,-51.143,34.557,0.000,0.000,0.000,0.000,0.000,0.000,0.000,0.000,0.000,0.000,0.000,0.000,0.013,6.4,11.30,32.0,0.000,0.000,0.000,0.006,0.013,0.006,0.006,0.000,0.000,0.000,0.000,0.000,0.000,0.013,0.000,0.000,0.006,0.000
84.2074,842,0,move,-1,84.2074,84.2430,0,0.000,0.000,0.264,-0.176,-50.537,34.453,-0.264,-0.088,0.176,0.000,0.000,-0.088,-0.088,0.264,0.088,0.000,0.439,0.176,0.000,0.000,0.000,0.000,-51.143,34.557,0.000,0.000,0.000,0.000,0.000,0.000,0.000,0.000,0.000,0.000,0.000,0.000,0.013,6.4,11.30,32.0,0.000,0.000,0.006,0.000,0.013,0.000,0.006,0.000,0.000,0.000,0.000,0.000,0.000,0.006,0.000,0.000,0.013,0.000
84.3073,843,0,move,-1,84.3073,84.3190,0,0.000,0.000,0.264,-0.176,-50.537,34.453,-0.264,-0.088,0.176,0.000,0.000,-0.088,-0.088,0.264,0.088,0.000,0.439,0.176,0.000,0.000,0.000,0.000,-51.143,34.557,0.000,0.000,0.000,0.000,0.000,0.000,0.000,0.000,0.000,0.000,0.000,0.000,0.013,6.4,11.30,32.0,0.000,0.000,0.006,0.000,0.013,0.000,0.006,0.000,0.000,0.000,0.000,0.000,0.000,0.006,0.000,0.000,0.013,0.000
84.4073,844,0,move,-1,84.4073,84.4233,0,0.000,0.000,0.264,-0.176,-50.537,34.453,-0.264,-0.088,0.176,0.000,0.000,-0.088,-0.088,0.264,0.088,0.000,0.439,0.176,0.000,0.000,0.000,0.000,-51.143,34.557,0.000,0.000,0.000,0.000,0.000,0.000,0.000,0.000,0.000,0.000,0.000,0.000,0.013,6.4,11.30,32.0,0.000,0.000,0.000,0.000,0.013,0.000,0.000,0.000,0.000,0.000,0.000,0.000,0.000,0.013,0.000,0.000,0.006,0.006
84.5075,845,0,move,-1,84.5075,84.5177,0,0.000,0.000,0.264,-0.176,-50.537,34.453,-0.264,-0.088,0.176,0.000,0.000,-0.088,-0.088,0.264,0.088,0.000,0.439,0.176,0.000,0.000,0.000,0.000,-51.143,34.557,0.000,0.000,0.000,0.000,0.000,0.000,0.000,0.000,0.000,0.000,0.000,0.000,0.013,6.4,11.30,32.0,0.000,0.000,0.000,0.000,0.013,0.000,0.000,0.000,0.000,0.000,0.000,0.000,0.000,0.013,0.000,0.000,0.006,0.006
84.6073,846,0,move,-1,84.6073,84.6187,0,0.000,0.000,0.264,-0.176,-50.537,34.453,-0.264,-0.088,0.176,0.000,0.000,-0.088,-0.088,0.264,0.088,0.000,0.439,0.176,0.000,0.000,0.000,0.000,-51.143,34.557,0.000,0.000,0.000,0.000,0.000,0.000,0.000,0.000,0.000,0.000,0.000,0.000,0.013,6.4,11.30,32.0,0.000,0.000,0.000,0.000,0.013,0.000,0.006,0.000,0.000,0.000,0.000,0.000,0.000,0.013,0.000,0.000,0.013,0.006
84.7090,847,0,move,-1,84.7090,84.7616,0,0.000,0.000,0.264,-0.176,-50.537,34.453,-0.264,-0.088,0.176,0.000,0.000,-0.088,-0.088,0.264,0.088,0.000,0.439,0.176,0.000,0.000,0.000,0.000,-51.143,34.557,0.000,0.000,0.000,0.000,0.000,0.000,0.000,0.000,0.000,0.000,0.000,0.000,0.013,6.4,11.30,32.0,0.000,0.000,0.000,0.006,0.013,0.000,0.006,0.000,0.000,0.000,0.000,0.000,0.000,0.013,0.000,0.000,0.006,0.000
84.8075,848,0,move,-1,84.8075,84.8197,0,0.000,0.000,0.264,-0.176,-50.537,34.453,-0.264,-0.088,0.176,0.000,0.000,-0.088,-0.088,0.264,0.088,0.000,0.439,0.176,0.000,0.000,0.000,0.000,-51.143,34.557,0.000,0.000,0.000,0.000,0.000,0.000,0.000,0.000,0.000,0.000,0.000,0.000,0.013,6.4,11.30,32.0,0.000,0.000,0.000,0.006,0.013,0.000,0.006,0.000,0.000,0.000,0.000,0.000,0.000,0.013,0.000,0.000,0.006,0.000
84.9075,849,0,move,-1,84.9075,84.9177,0,0.000,0.000,0.264,-0.176,-50.537,34.453,-0.264,-0.088,0.176,0.000,0.000,-0.088,-0.088,0.264,0.088,0.000,0.439,0.176,0.000,0.000,0.000,0.000,-51.143,34.557,0.000,0.000,0.000,0.000,0.000,0.000,0.000,0.000,0.000,0.000,0.000,0.000,0.013,6.4,11.20,32.0,0.000,0.000,0.006,0.006,0.013,0.000,0.000,0.000,0.000,0.000,0.000,0.000,0.000,0.006,0.000,0.000,0.006,0.000
85.0075,850,0,move,-1,85.0075,85.0261,0,0.000,0.000,0.264,-0.176,-50.537,34.453,-0.264,-0.088,0.176,0.000,0.000,-0.088,-0.088,0.264,0.088,0.000,0.439,0.176,0.000,0.000,0.000,0.000,-51.143,34.557,0.000,0.000,0.000,0.000,0.000,0.000,0.000,0.000,0.000,0.000,0.000,0.000,0.013,6.4,11.30,32.0,0.000,0.000,0.000,0.000,0.013,0.000,0.000,0.000,0.000,0.000,0.000,0.000,0.000,0.006,0.000,0.000,0.006,0.000
85.1075,851,0,move,-1,85.1075,85.1179,0,0.000,0.000,0.264,-0.176,-50.537,34.453,-0.264,-0.088,0.176,0.000,0.000,-0.088,-0.088,0.264,0.088,0.000,0.439,0.176,0.000,0.000,0.000,0.000,-51.143,34.557,0.000,0.000,0.000,0.000,0.000,0.000,0.000,0.000,0.000,0.000,0.000,0.000,0.013,6.4,11.30,32.0,0.000,0.000,0.000,0.000,0.013,0.000,0.000,0.000,0.000,0.000,0.000,0.000,0.000,0.006,0.000,0.000,0.006,0.000
85.2075,852,0,move,-1,85.2075,85.2176,0,0.000,0.000,0.264,-0.176,-50.537,34.453,-0.264,-0.088,0.176,0.000,0.000,-0.088,-0.088,0.264,0.088,0.000,0.439,0.176,0.000,0.000,0.000,0.000,-51.143,34.557,0.000,0.000,0.000,0.000,0.000,0.000,0.000,0.000,0.000,0.000,0.000,0.000,0.013,6.4,11.30,32.0,0.000,0.000,0.006,0.000,0.013,0.000,0.006,0.000,0.000,0.000,0.000,0.000,0.000,0.006,0.000,0.000,0.006,0.000
85.3074,853,0,move,-1,85.3074,85.3182,0,0.000,0.000,0.264,-0.176,-50.537,34.453,-0.264,-0.088,0.176,0.000,0.000,-0.088,-0.088,0.264,0.088,0.000,0.439,0.176,0.000,0.000,0.000,0.000,-51.143,34.557,0.000,0.000,0.000,0.000,0.000,0.000,0.000,0.000,0.000,0.000,0.000,0.000,0.013,6.4,11.30,32.0,0.000,0.000,0.006,0.000,0.013,0.000,0.006,0.000,0.000,0.000,0.000,0.000,0.000,0.006,0.000,0.000,0.006,0.000
85.4075,854,0,move,-1,85.4075,85.4199,0,0.000,0.000,0.264,-0.176,-50.537,34.453,-0.264,-0.088,0.176,0.000,0.000,-0.088,-0.088,0.264,0.088,0.000,0.439,0.176,0.000,0.000,0.000,0.000,-51.143,34.557,0.000,0.000,0.000,0.000,0.000,0.000,0.000,0.000,0.000,0.000,0.000,0.000,0.013,6.4,11.30,32.0,0.000,0.000,0.000,0.000,0.013,0.000,0.000,0.000,0.000,0.000,0.000,0.000,0.000,0.013,0.000,0.000,0.006,0.000
85.5075,855,0,move,-1,85.5075,85.5205,0,0.000,0.000,0.264,-0.176,-50.537,34.453,-0.264,-0.088,0.176,0.000,0.000,-0.088,-0.088,0.264,0.088,0.000,0.439,0.176,0.000,0.000,0.000,0.000,-51.143,34.557,0.000,0.000,0.000,0.000,0.000,0.000,0.000,0.000,0.000,0.000,0.000,0.000,0.013,3.2,11.30,29.0,0.000,0.000,0.006,0.000,0.006,0.000,0.000,0.000,0.000,0.000,0.000,0.000,0.000,0.013,0.000,0.000,0.006,0.006
85.6075,856,0,move,-1,85.6075,85.6195,0,0.000,0.000,0.264,-0.176,-50.537,34.453,-0.264,-0.088,0.176,0.000,0.000,-0.088,-0.088,0.264,0.088,0.000,0.439,0.176,0.000,0.000,0.000,0.000,-51.143,34.557,0.000,0.000,0.000,0.000,0.000,0.000,0.000,0.000,0.000,0.000,0.000,0.000,0.013,3.2,11.30,29.0,0.000,0.000,0.006,0.000,0.006,0.000,0.000,0.000,0.000,0.000,0.000,0.000,0.000,0.013,0.000,0.000,0.006,0.006
85.7075,857,0,move,-1,85.7075,85.7179,0,0.000,0.000,0.264,-0.176,-50.537,34.453,-0.264,-0.088,0.176,0.000,0.000,-0.088,-0.088,0.264,0.088,0.000,0.439,0.176,0.000,0.000,0.000,0.000,-51.143,34.557,0.000,0.000,0.000,0.000,0.000,0.000,0.000,0.000,0.000,0.000,0.000,0.000,0.013,6.4,11.30,32.0,0.000,0.000,0.000,0.000,0.013,0.000,0.006,0.000,0.000,0.000,0.000,0.000,0.000,0.013,0.000,0.000,0.006,0.000
85.8075,858,0,move,-1,85.8075,85.8192,0,0.000,0.000,0.264,-0.176,-50.537,34.453,-0.264,-0.088,0.176,0.000,0.000,-0.088,-0.088,0.264,0.088,0.000,0.439,0.176,0.000,0.000,0.000,0.000,-51.143,34.557,0.000,0.000,0.000,0.000,0.000,0.000,0.000,0.000,0.000,0.000,0.000,0.000,0.013,6.4,11.30,32.0,0.000,0.000,0.006,0.000,0.013,0.000,0.006,0.000,0.000,0.000,0.000,0.000,0.000,0.006,0.000,0.000,0.006,0.000
85.9075,859,0,move,-1,85.9075,85.9175,0,0.000,0.000,0.264,-0.176,-50.537,34.453,-0.264,-0.088,0.176,0.000,0.000,-0.088,-0.088,0.264,0.088,0.000,0.439,0.176,0.000,0.000,0.000,0.000,-51.143,34.557,0.000,0.000,0.000,0.000,0.000,0.000,0.000,0.000,0.000,0.000,0.000,0.000,0.013,6.4,11.30,32.0,0.000,0.000,0.006,0.000,0.013,0.000,0.006,0.000,0.000,0.000,0.000,0.000,0.000,0.006,0.000,0.000,0.006,0.000
86.0075,860,0,move,-1,86.0075,86.0184,0,0.000,0.000,0.264,-0.176,-50.537,34.453,-0.264,-0.088,0.176,0.000,0.000,-0.088,-0.088,0.264,0.088,0.000,0.439,0.176,0.000,0.000,0.000,0.000,-51.143,34.557,0.000,0.000,0.000,0.000,0.000,0.000,0.000,0.000,0.000,0.000,0.000,0.000,0.013,6.4,11.30,32.0,0.000,0.000,0.000,0.000,0.013,0.000,0.006,0.000,0.000,0.000,0.000,0.000,0.000,0.013,0.000,0.000,0.006,0.000
86.1075,861,0,move,-1,86.1075,86.1175,0,0.000,0.000,0.264,-0.176,-50.537,34.453,-0.264,-0.088,0.176,0.000,0.000,-0.088,-0.088,0.264,0.088,0.000,0.439,0.176,0.000,0.000,0.000,0.000,-51.143,34.557,0.000,0.000,0.000,0.000,0.000,0.000,0.000,0.000,0.000,0.000,0.000,0.000,0.013,6.4,11.30,32.0,0.000,0.000,0.000,0.000,0.013,0.000,0.006,0.000,0.000,0.000,0.000,0.000,0.000,0.013,0.000,0.000,0.006,0.000
86.2144,862,0,move,-1,86.2144,86.2281,0,0.000,0.000,0.264,-0.176,-50.537,34.453,-0.264,-0.088,0.176,0.000,0.000,-0.088,-0.088,0.264,0.088,0.000,0.439,0.176,0.000,0.000,0.000,0.000,-51.143,34.557,0.000,0.000,0.000,0.000,0.000,0.000,0.000,0.000,0.000,0.000,0.000,0.000,0.013,6.4,11.30,32.0,0.000,0.000,0.000,0.000,0.013,0.000,0.006,0.000,0.000,0.000,0.000,0.000,0.000,0.013,0.000,0.000,0.006,0.000
86.3075,863,0,move,-1,86.3075,86.3202,0,0.000,0.000,0.264,-0.176,-50.537,34.453,-0.264,-0.088,0.176,0.000,0.000,-0.088,-0.088,0.264,0.088,0.000,0.439,0.176,0.000,0.000,0.000,0.000,-51.143,34.557,0.000,0.000,0.000,0.000,0.000,0.000,0.000,0.000,0.000,0.000,0.000,0.000,0.013,6.4,11.30,32.0,0.000,0.000,0.000,0.000,0.013,0.000,0.006,0.000,0.000,0.000,0.000,0.000,0.000,0.013,0.000,0.000,0.006,0.000
86.4074,864,0,move,-1,86.4074,86.4320,0,0.000,0.000,0.264,-0.176,-50.537,34.453,-0.264,-0.088,0.176,0.000,0.000,-0.088,-0.088,0.264,0.088,0.000,0.439,0.176,0.000,0.000,0.000,0.000,-51.143,34.557,0.000,0.000,0.000,0.000,0.000,0.000,0.000,0.000,0.000,0.000,0.000,0.000,0.013,6.4,11.30,32.0,0.000,0.000,0.000,0.000,0.013,0.000,0.000,0.000,0.000,0.000,0.000,0.000,0.000,0.013,0.000,0.000,0.013,0.000
86.5075,865,0,move,-1,86.5075,86.5199,0,0.000,0.000,0.264,-0.176,-50.537,34.453,-0.264,-0.088,0.176,0.000,0.000,-0.088,-0.088,0.264,0.088,0.000,0.439,0.176,0.000,0.000,0.000,0.000,-51.143,34.557,0.000,0.000,0.000,0.000,0.000,0.000,0.000,0.000,0.000,0.000,0.000,0.000,0.013,6.4,11.30,32.0,0.000,0.000,0.000,0.000,0.013,0.000,0.000,0.000,0.000,0.000,0.000,0.000,0.000,0.013,0.000,0.000,0.013,0.000
86.6075,866,0,move,-1,86.6075,86.6209,0,0.000,0.000,0.264,-0.176,-50.537,34.453,-0.264,-0.088,0.176,0.000,0.000,-0.088,-0.088,0.264,0.088,0.000,0.439,0.176,0.000,0.000,0.000,0.000,-51.143,34.557,0.000,0.000,0.000,0.000,0.000,0.000,0.000,0.000,0.000,0.000,0.000,0.000,0.013,6.4,11.30,32.0,0.000,0.000,0.000,0.000,0.013,0.000,0.006,0.000,0.000,0.000,0.000,0.000,0.000,0.013,0.000,0.000,0.006,0.000
86.7075,867,0,move,-1,86.7075,86.7198,0,0.000,0.000,0.264,-0.176,-50.537,34.453,-0.264,-0.088,0.176,0.000,0.000,-0.088,-0.088,0.264,0.088,0.000,0.439,0.176,0.000,0.000,0.000,0.000,-51.143,34.557,0.000,0.000,0.000,0.000,0.000,0.000,0.000,0.000,0.000,0.000,0.000,0.000,0.013,6.4,11.30,32.0,0.000,0.000,0.000,0.000,0.013,0.000,0.006,0.000,0.000,0.000,0.000,0.000,0.000,0.013,0.000,0.000,0.006,0.000
86.8077,868,0,move,-1,86.8077,86.8204,0,0.000,0.000,0.264,-0.176,-50.537,34.453,-0.264,-0.088,0.176,0.000,0.000,-0.088,-0.088,0.264,0.088,0.000,0.439,0.176,0.000,0.000,0.000,0.000,-51.143,34.557,0.000,0.000,0.000,0.000,0.000,0.000,0.000,0.000,0.000,0.000,0.000,0.000,0.013,6.4,11.30,32.0,0.000,0.000,0.006,0.000,0.013,0.000,0.006,0.000,0.000,0.000,0.000,0.000,0.000,0.013,0.000,0.000,0.013,0.006
86.9075,869,0,move,-1,86.9075,86.9174,0,0.000,0.000,0.264,-0.176,-50.537,34.453,-0.264,-0.088,0.176,0.000,0.000,-0.088,-0.088,0.264,0.088,0.000,0.439,0.176,0.000,0.000,0.000,0.000,-51.143,34.557,0.000,0.000,0.000,0.000,0.000,0.000,0.000,0.000,0.000,0.000,0.000,0.000,0.013,6.4,11.30,32.0,0.000,0.000,0.006,0.000,0.013,0.000,0.006,0.000,0.000,0.000,0.000,0.000,0.000,0.013,0.000,0.000,0.013,0.006
87.0075,870,0,move,-1,87.0075,87.0175,0,0.000,0.000,0.264,-0.176,-50.537,34.453,-0.264,-0.088,0.176,0.000,0.000,-0.088,-0.088,0.264,0.088,0.000,0.439,0.176,0.000,0.000,0.000,0.000,-51.143,34.557,0.000,0.000,0.000,0.000,0.000,0.000,0.000,0.000,0.000,0.000,0.000,0.000,0.013,6.4,11.20,32.0,0.000,0.000,0.000,0.000,0.013,0.000,0.006,0.000,0.000,0.000,0.000,0.000,0.000,0.013,0.000,0.000,0.006,0.006
87.1075,871,0,move,-1,87.1075,87.1195,0,0.000,0.000,0.264,-0.176,-50.537,34.453,-0.264,-0.088,0.176,0.000,0.000,-0.088,-0.088,0.264,0.088,0.000,0.439,0.176,0.000,0.000,0.000,0.000,-51.143,34.557,0.000,0.000,0.000,0.000,0.000,0.000,0.000,0.000,0.000,0.000,0.000,0.000,0.013,6.4,11.30,32.0,0.000,0.000,0.006,0.006,0.013,0.000,0.000,0.000,0.000,0.000,0.000,0.000,0.000,0.013,0.000,0.006,0.006,0.000
87.2075,872,0,move,-1,87.2075,87.2177,0,0.000,0.000,0.264,-0.176,-50.537,34.453,-0.264,-0.088,0.176,0.000,0.000,-0.088,-0.088,0.264,0.088,0.000,0.439,0.176,0.000,0.000,0.000,0.000,-51.143,34.557,0.000,0.000,0.000,0.000,0.000,0.000,0.000,0.000,0.000,0.000,0.000,0.000,0.013,6.4,11.30,32.0,0.000,0.000,0.006,0.006,0.013,0.000,0.000,0.000,0.000,0.000,0.000,0.000,0.000,0.013,0.000,0.006,0.006,0.000
87.3075,873,0,move,-1,87.3075,87.3195,0,0.000,0.000,0.264,-0.176,-50.537,34.453,-0.264,-0.088,0.176,0.000,0.000,-0.088,-0.088,0.264,0.088,0.000,0.439,0.176,0.000,0.000,0.000,0.000,-51.143,34.557,0.000,0.000,0.000,0.000,0.000,0.000,0.000,0.000,0.000,0.000,0.000,0.000,0.013,6.4,11.30,32.0,0.000,0.000,0.000,0.006,0.013,0.000,0.006,0.000,0.000,0.000,0.000,0.000,0.000,0.013,0.000,0.000,0.006,0.000
87.4073,874,0,move,-1,87.4073,87.4330,0,0.000,0.000,0.264,-0.176,-50.537,34.453,-0.264,-0.088,0.176,0.000,0.000,-0.088,-0.088,0.264,0.088,0.000,0.439,0.176,0.000,0.000,0.000,0.000,-51.143,34.557,0.000,0.000,0.000,0.000,0.000,0.000,0.000,0.000,0.000,0.000,0.000,0.000,0.013,6.4,11.30,32.0,0.000,0.000,0.006,0.000,0.013,0.000,0.006,0.000,0.000,0.000,0.000,0.000,0.000,0.006,0.000,0.000,0.006,0.000
87.5075,875,0,move,-1,87.5075,87.5174,0,0.000,0.000,0.264,-0.176,-50.537,34.453,-0.264,-0.088,0.176,0.000,0.000,-0.088,-0.088,0.264,0.088,0.000,0.439,0.176,0.000,0.000,0.000,0.000,-51.143,34.557,0.000,0.000,0.000,0.000,0.000,0.000,0.000,0.000,0.000,0.000,0.000,0.000,0.013,6.4,11.30,32.0,0.000,0.000,0.006,0.000,0.013,0.000,0.006,0.000,0.000,0.000,0.000,0.000,0.000,0.006,0.000,0.000,0.006,0.000
87.6075,876,0,move,-1,87.6075,87.6186,0,0.000,0.000,0.264,-0.176,-50.537,34.453,-0.264,-0.088,0.176,0.000,0.000,-0.088,-0.088,0.264,0.088,0.000,0.439,0.176,0.000,0.000,0.000,0.000,-51.143,34.557,0.000,0.000,0.000,0.000,0.000,0.000,0.000,0.000,0.000,0.000,0.000,0.000,0.013,4.8,11.30,32.0,0.000,0.000,0.000,0.000,0.006,0.000,0.006,0.000,0.000,0.000,0.000,0.000,0.000,0.006,0.000,0.000,0.013,0.000
87.7075,877,0,move,-1,87.7075,87.7178,0,0.000,0.000,0.264,-0.176,-50.537,34.453,-0.264,-0.088,0.176,0.000,0.000,-0.088,-0.088,0.264,0.088,0.000,0.439,0.176,0.000,0.000,0.000,0.000,-51.143,34.557,0.000,0.000,0.000,0.000,0.000,0.000,0.000,0.000,0.000,0.000,0.000,0.000,0.013,4.8,11.30,32.0,0.000,0.000,0.000,0.000,0.006,0.000,0.006,0.000,0.000,0.000,0.000,0.000,0.000,0.006,0.000,0.000,0.013,0.000
87.8075,878,0,move,-1,87.8075,87.8183,0,0.000,0.000,0.264,-0.176,-50.537,34.453,-0.264,-0.088,0.176,0.000,0.000,-0.088,-0.088,0.264,0.088,0.000,0.439,0.176,0.000,0.000,0.000,0.000,-51.143,34.557,0.000,0.000,0.000,0.000,0.000,0.000,0.000,0.000,0.000,0.000,0.000,0.000,0.013,6.4,11.30,32.0,0.000,0.000,0.006,0.000,0.013,0.000,0.006,0.000,0.000,0.000,0.000,0.000,0.000,0.006,0.000,0.000,0.006,0.000
87.9073,879,0,move,-1,87.9073,87.9173,0,0.000,0.000,0.264,-0.176,-50.537,34.453,-0.264,-0.088,0.176,0.000,0.000,-0.088,-0.088,0.264,0.088,0.000,0.439,0.176,0.000,0.000,0.000,0.000,-51.143,34.557,0.000,0.000,0.000,0.000,0.000,0.000,0.000,0.000,0.000,0.000,0.000,0.000,0.013,6.4,11.30,32.0,0.000,0.000,0.006,0.000,0.013,0.000,0.006,0.000,0.000,0.000,0.000,0.000,0.000,0.006,0.000,0.000,0.006,0.000
88.0140,880,0,move,-1,88.0140,88.0374,0,0.000,0.000,0.264,-0.176,-50.537,34.453,-0.264,-0.088,0.176,0.000,0.000,-0.088,-0.088,0.264,0.088,0.000,0.439,0.176,0.000,0.000,0.000,0.000,-51.143,34.557,0.000,0.000,0.000,0.000,0.000,0.000,0.000,0.000,0.000,0.000,0.000,0.000,0.013,6.4,11.30,32.0,0.000,0.000,0.000,0.006,0.013,0.000,0.006,0.000,0.000,0.000,0.000,0.000,0.000,0.006,0.000,0.000,0.006,0.000
88.1074,881,0,move,-1,88.1074,88.1201,0,0.000,0.000,0.264,-0.176,-50.537,34.453,-0.264,-0.088,0.176,0.000,0.000,-0.088,-0.088,0.264,0.088,0.000,0.439,0.176,0.000,0.000,0.000,0.000,-51.143,34.557,0.000,0.000,0.000,0.000,0.000,0.000,0.000,0.000,0.000,0.000,0.000,0.000,0.013,6.4,11.30,32.0,0.000,0.000,0.000,0.006,0.013,0.000,0.006,0.000,0.000,0.000,0.000,0.000,0.000,0.006,0.000,0.000,0.006,0.000
88.2075,882,0,move,-1,88.2075,88.2189,0,0.000,0.000,0.264,-0.176,-50.537,34.453,-0.264,-0.088,0.176,0.000,0.000,-0.088,-0.088,0.264,0.088,0.000,0.439,0.176,0.000,0.000,0.000,0.000,-51.143,34.557,0.000,0.000,0.000,0.000,0.000,0.000,0.000,0.000,0.000,0.000,0.000,0.000,0.006,3.2,11.30,33.0,0.000,0.000,0.006,0.006,0.006,0.000,0.006,0.000,0.000,0.000,0.000,0.000,0.000,0.006,0.000,0.000,0.006,0.000
88.3075,883,0,move,-1,88.3075,88.3175,0,0.000,0.000,0.264,-0.176,-50.537,34.453,-0.264,-0.088,0.176,0.000,0.000,-0.088,-0.088,0.264,0.088,0.000,0.439,0.176,0.000,0.000,0.000,0.000,-51.143,34.557,0.000,0.000,0.000,0.000,0.000,0.000,0.000,0.000,0.000,0.000,0.000,0.000,0.006,3.2,11.30,33.0,0.000,0.000,0.006,0.006,0.006,0.000,0.006,0.000,0.000,0.000,0.000,0.000,0.000,0.006,0.000,0.000,0.006,0.000
88.4085,884,0,move,-1,88.4085,88.4191,0,0.000,0.000,0.264,-0.176,-50.537,34.453,-0.264,-0.088,0.176,0.000,0.000,-0.088,-0.088,0.264,0.088,0.000,0.439,0.176,0.000,0.000,0.000,0.000,-51.143,34.557,0.000,0.000,0.000,0.000,0.000,0.000,0.000,0.000,0.000,0.000,0.000,0.000,0.013,6.4,11.30,32.0,0.000,0.000,0.006,0.000,0.013,0.000,0.000,0.000,0.000,0.000,0.000,0.000,0.000,0.006,0.000,0.000,0.006,0.006
88.5075,885,0,move,-1,88.5075,88.5199,0,0.000,0.000,0.264,-0.176,-50.537,34.453,-0.264,-0.088,0.176,0.000,0.000,-0.088,-0.088,0.264,0.088,0.000,0.439,0.176,0.000,0.000,0.000,0.000,-51.143,34.557,0.000,0.000,0.000,0.000,0.000,0.000,0.000,0.000,0.000,0.000,0.000,0.000,0.013,6.4,11.30,32.0,0.000,0.000,0.000,0.000,0.013,0.000,0.006,0.000,0.000,0.000,0.000,0.000,0.000,0.006,0.000,0.000,0.013,0.006
88.6075,886,0,move,-1,88.6075,88.6181,0,0.000,0.000,0.264,-0.176,-50.537,34.453,-0.264,-0.088,0.176,0.000,0.000,-0.088,-0.088,0.264,0.088,0.000,0.439,0.176,0.000,0.000,0.000,0.000,-51.143,34.557,0.000,0.000,0.000,0.000,0.000,0.000,0.000,0.000,0.000,0.000,0.000,0.000,0.013,6.4,11.30,32.0,0.000,0.000,0.000,0.000,0.013,0.000,0.006,0.000,0.000,0.000,0.000,0.000,0.000,0.006,0.000,0.000,0.013,0.006
88.7075,887,0,move,-1,88.7075,88.7192,0,0.000,0.000,0.264,-0.176,-50.537,34.453,-0.264,-0.088,0.176,0.000,0.000,-0.088,-0.088,0.264,0.088,0.000,0.439,0.176,0.000,0.000,0.000,0.000,-51.143,34.557,0.000,0.000,0.000,0.000,0.000,0.000,0.000,0.000,0.000,0.000,0.000,0.000,0.013,6.4,11.30,32.0,0.000,0.000,0.006,0.000,0.013,0.000,0.006,0.000,0.000,0.000,0.000,0.000,0.000,0.013,0.000,0.000,0.006,0.000
88.8075,888,0,move,-1,88.8075,88.8180,0,0.000,0.000,0.264,-0.176,-50.537,34.453,-0.264,-0.088,0.176,0.000,0.000,-0.088,-0.088,0.264,0.088,0.000,0.439,0.176,0.000,0.000,0.000,0.000,-51.143,34.557,0.000,0.000,0.000,0.000,0.000,0.000,0.000,0.000,0.000,0.000,0.000,0.000,0.013,6.4,11.30,32.0,0.000,0.000,0.006,0.000,0.013,0.000,0.006,0.000,0.000,0.000,0.000,0.000,0.000,0.013,0.000,0.000,0.006,0.000
88.9086,889,0,move,-1,88.9086,88.9211,0,0.000,0.000,0.264,-0.176,-50.537,34.453,-0.264,-0.088,0.176,0.000,0.000,-0.088,-0.088,0.264,0.088,0.000,0.439,0.176,0.000,0.000,0.000,0.000,-51.143,34.557,0.000,0.000,0.000,0.000,0.000,0.000,0.000,0.000,0.000,0.000,0.000,0.000,0.013,6.4,11.20,32.0,0.000,0.000,0.006,0.000,0.013,0.000,0.006,0.000,0.000,0.000,0.000,0.000,0.000,0.013,0.000,0.000,0.013,0.006
89.0075,890,0,move,-1,89.0075,89.0181,0,0.000,0.000,0.264,-0.176,-50.537,34.453,-0.264,-0.088,0.176,0.000,0.000,-0.088,-0.088,0.264,0.088,0.000,0.439,0.176,0.000,0.000,0.000,0.000,-51.143,34.557,0.000,0.000,0.000,0.000,0.000,0.000,0.000,0.000,0.000,0.000,0.000,0.000,0.013,6.4,11.20,32.0,0.000,0.000,0.006,0.000,0.013,0.000,0.006,0.000,0.000,0.000,0.000,0.000,0.000,0.013,0.000,0.000,0.013,0.006
89.1073,891,0,move,-1,89.1073,89.1196,0,0.000,0.000,0.264,-0.176,-50.537,34.453,-0.264,-0.088,0.176,0.000,0.000,-0.088,-0.088,0.264,0.088,0.000,0.439,0.176,0.000,0.000,0.000,0.000,-51.143,34.557,0.000,0.000,0.000,0.000,0.000,0.000,0.000,0.000,0.000,0.000,0.000,0.000,0.013,6.4,11.30,32.0,0.000,0.000,0.000,0.006,0.013,0.000,0.006,0.000,0.000,0.000,0.000,0.000,0.000,0.006,0.000,0.000,0.006,0.000
89.2073,892,0,move,-1,89.2073,89.2411,0,0.000,0.000,0.264,-0.176,-50.537,34.453,-0.264,-0.088,0.176,0.000,0.000,-0.088,-0.088,0.264,0.088,0.000,0.439,0.176,0.000,0.000,0.000,0.000,-51.143,34.557,0.000,0.000,0.000,0.000,0.000,0.000,0.000,0.000,0.000,0.000,0.000,0.000,0.013,6.4,11.30,32.0,0.000,0.000,0.000,0.000,0.013,0.000,0.006,0.000,0.000,0.000,0.000,0.000,0.000,0.006,0.000,0.000,0.006,0.006
89.3075,893,0,move,-1,89.3075,89.3175,0,0.000,0.000,0.264,-0.176,-50.537,34.453,-0.264,-0.088,0.176,0.000,0.000,-0.088,-0.088,0.264,0.088,0.000,0.439,0.176,0.000,0.000,0.000,0.000,-51.143,34.557,0.000,0.000,0.000,0.000,0.000,0.000,0.000,0.000,0.000,0.000,0.000,0.000,0.013,6.4,11.30,32.0,0.000,0.000,0.000,0.000,0.013,0.000,0.006,0.000,0.000,0.000,0.000,0.000,0.000,0.006,0.000,0.000,0.006,0.006
89.4088,894,0,move,-1,89.4088,89.4210,0,0.000,0.000,0.264,-0.176,-50.537,34.453,-0.264,-0.088,0.176,0.000,0.000,-0.088,-0.088,0.264,0.088,0.000,0.439,0.176,0.000,0.000,0.000,0.000,-51.143,34.557,0.000,0.000,0.000,0.000,0.000,0.000,0.000,0.000,0.000,0.000,0.000,0.000,0.013,6.4,11.20,32.0,0.000,0.000,0.000,0.000,0.013,0.000,0.006,0.000,0.000,0.000,0.000,0.000,0.000,0.013,0.000,0.000,0.013,0.000
89.5075,895,0,move,-1,89.5075,89.5170,0,0.000,0.000,0.264,-0.176,-50.537,34.453,-0.264,-0.088,0.176,0.000,0.000,-0.088,-0.088,0.264,0.088,0.000,0.439,0.176,0.000,0.000,0.000,0.000,-51.143,34.557,0.000,0.000,0.000,0.000,0.000,0.000,0.000,0.000,0.000,0.000,0.000,0.000,0.013,6.4,11.20,32.0,0.000,0.000,0.000,0.000,0.013,0.000,0.006,0.000,0.000,0.000,0.000,0.000,0.000,0.013,0.000,0.000,0.013,0.000
89.6073,896,0,move,-1,89.6073,89.6188,0,0.000,0.000,0.264,-0.176,-50.537,34.453,-0.264,-0.088,0.176,0.000,0.000,-0.088,-0.088,0.264,0.088,0.000,0.439,0.176,0.000,0.000,0.000,0.000,-51.143,34.557,0.000,0.000,0.000,0.000,0.000,0.000,0.000,0.000,0.000,0.000,0.000,0.000,0.013,6.4,11.30,32.0,0.000,0.000,0.006,0.006,0.013,0.000,0.006,0.000,0.006,0.000,0.000,0.000,0.000,0.006,0.000,0.000,0.013,0.006
89.7073,897,0,move,-1,89.7073,89.7253,0,0.000,0.000,0.264,-0.176,-50.537,34.453,-0.264,-0.088,0.176,0.000,0.000,-0.088,-0.088,0.264,0.088,0.000,0.439,0.176,0.000,0.000,0.000,0.000,-51.143,34.557,0.000,0.000,0.000,0.000,0.000,0.000,0.000,0.000,0.000,0.000,0.000,0.000,0.013,6.4,11.30,32.0,0.000,0.000,0.000,0.000,0.013,0.000,0.000,0.000,0.000,0.000,0.000,0.000,0.000,0.013,0.000,0.000,0.006,0.006
89.8074,898,0,move,-1,89.8074,89.8169,0,0.000,0.000,0.264,-0.176,-50.537,34.453,-0.264,-0.088,0.176,0.000,0.000,-0.088,-0.088,0.264,0.088,0.000,0.439,0.176,0.000,0.000,0.000,0.000,-51.143,34.557,0.000,0.000,0.000,0.000,0.000,0.000,0.000,0.000,0.000,0.000,0.000,0.000,0.013,6.4,11.30,32.0,0.000,0.000,0.000,0.000,0.013,0.000,0.000,0.000,0.000,0.000,0.000,0.000,0.000,0.013,0.000,0.000,0.006,0.006
89.9075,899,0,move,-1,89.9075,89.9182,0,0.000,0.000,0.264,-0.176,-50.537,34.453,-0.264,-0.088,0.176,0.000,0.000,-0.088,-0.088,0.264,0.088,0.000,0.439,0.176,0.000,0.000,0.000,0.000,-51.143,34.557,0.000,0.000,0.000,0.000,0.000,0.000,0.000,0.000,0.000,0.000,0.000,0.000,0.013,6.4,11.30,32.0,0.000,0.000,0.006,0.006,0.013,0.000,0.006,0.000,0.006,0.000,0.000,0.000,0.000,0.006,0.000,0.000,0.006,0.000
90.0075,900,0,move,-1,90.0075,90.0181,0,0.000,0.000,0.264,-0.176,-50.537,34.453,-0.264,-0.088,0.176,0.000,0.000,-0.088,-0.088,0.264,0.088,0.000,0.439,0.176,0.000,0.000,0.000,0.000,-51.143,34.557,0.000,0.000,0.000,0.000,0.000,0.000,0.000,0.000,0.000,0.000,0.000,0.000,0.013,6.4,11.30,32.0,0.000,0.000,0.006,0.006,0.013,0.000,0.006,0.000,0.006,0.000,0.000,0.000,0.000,0.006,0.000,0.000,0.006,0.000
90.1075,901,0,move,-1,90.1075,90.1188,0,0.000,0.000,0.264,-0.176,-50.537,34.453,-0.264,-0.088,0.176,0.000,0.000,-0.088,-0.088,0.264,0.088,0.000,0.439,0.176,0.000,0.000,0.000,0.000,-51.143,34.557,0.000,0.000,0.000,0.000,0.000,0.000,0.000,0.000,0.000,0.000,0.000,0.000,0.006,6.4,11.30,32.0,0.000,0.000,0.000,0.000,0.006,0.000,0.006,0.000,0.000,0.000,0.000,0.000,0.000,0.006,0.000,0.000,0.006,0.006
90.2075,902,0,move,-1,90.2075,90.2174,0,0.000,0.000,0.264,-0.176,-50.537,34.453,-0.264,-0.088,0.176,0.000,0.000,-0.088,-0.088,0.264,0.088,0.000,0.439,0.176,0.000,0.000,0.000,0.000,-51.143,34.557,0.000,0.000,0.000,0.000,0.000,0.000,0.000,0.000,0.000,0.000,0.000,0.000,0.006,6.4,11.30,32.0,0.000,0.000,0.000,0.000,0.006,0.000,0.006,0.000,0.000,0.000,0.000,0.000,0.000,0.006,0.000,0.000,0.006,0.006
90.3075,903,0,move,-1,90.3075,90.3188,0,0.000,0.000,0.264,-0.176,-50.537,34.453,-0.264,-0.088,0.176,0.000,0.000,-0.088,-0.088,0.264,0.088,0.000,0.439,0.176,0.000,0.000,0.000,0.000,-51.143,34.557,0.000,0.000,0.000,0.000,0.000,0.000,0.000,0.000,0.000,0.000,0.000,0.000,0.013,6.4,11.30,32.0,0.000,0.000,0.000,0.000,0.013,0.000,0.006,0.000,0.000,0.000,0.000,0.000,0.000,0.006,0.000,0.000,0.013,0.000
90.4095,904,0,move,-1,90.4095,90.4599,0,0.000,0.000,0.264,-0.176,-50.537,34.453,-0.264,-0.088,0.176,0.000,0.000,-0.088,-0.088,0.264,0.088,0.000,0.439,0.176,0.000,0.000,0.000,0.000,-51.143,34.557,0.000,0.000,0.000,0.000,0.000,0.000,0.000,0.000,0.000,0.000,0.000,0.000,0.013,6.4,11.20,32.0,0.000,0.000,0.006,0.006,0.013,0.000,0.006,0.000,0.000,0.000,0.000,0.000,0.000,0.013,0.000,0.000,0.006,0.000
90.5076,905,0,move,-1,90.5076,90.5219,0,0.000,0.000,0.264,-0.176,-50.537,34.453,-0.264,-0.088,0.176,0.000,0.000,-0.088,-0.088,0.264,0.088,0.000,0.439,0.176,0.000,0.000,0.000,0.000,-51.143,34.557,0.000,0.000,0.000,0.000,0.000,0.000,0.000,0.000,0.000,0.000,0.000,0.000,0.013,6.4,11.20,32.0,0.000,0.000,0.006,0.006,0.013,0.000,0.006,0.000,0.000,0.000,0.000,0.000,0.000,0.013,0.000,0.000,0.006,0.000
90.6075,906,0,move,-1,90.6075,90.6187,0,0.000,0.000,0.264,-0.176,-50.537,34.453,-0.264,-0.088,0.176,0.000,0.000,-0.088,-0.088,0.264,0.088,0.000,0.439,0.176,0.000,0.000,0.000,0.000,-51.143,34.557,0.000,0.000,0.000,0.000,0.000,0.000,0.000,0.000,0.000,0.000,0.000,0.000,0.013,3.6,11.30,29.0,0.000,0.000,0.006,0.000,0.006,0.000,0.006,0.000,0.000,0.000,0.000,0.000,0.000,0.013,0.000,0.000,0.006,0.006
90.7075,907,0,move,-1,90.7075,90.7185,0,0.000,0.000,0.264,-0.176,-50.537,34.453,-0.264,-0.088,0.176,0.000,0.000,-0.088,-0.088,0.264,0.088,0.000,0.439,0.176,0.000,0.000,0.000,0.000,-51.143,34.557,0.000,0.000,0.000,0.000,0.000,0.000,0.000,0.000,0.000,0.000,0.000,0.000,0.013,3.6,11.30,29.0,0.000,0.000,0.006,0.000,0.006,0.000,0.006,0.000,0.000,0.000,0.000,0.000,0.000,0.013,0.000,0.000,0.006,0.006
90.8074,908,0,move,-1,90.8074,90.8197,0,0.000,0.000,0.264,-0.176,-50.537,34.453,-0.264,-0.088,0.176,0.000,0.000,-0.088,-0.088,0.264,0.088,0.000,0.439,0.176,0.000,0.000,0.000,0.000,-51.143,34.557,0.000,0.000,0.000,0.000,0.000,0.000,0.000,0.000,0.000,0.000,0.000,0.000,0.013,6.4,11.30,32.0,0.000,0.000,0.000,0.000,0.013,0.000,0.000,0.000,0.000,0.000,0.000,0.000,0.000,0.013,0.000,0.000,0.006,0.000
90.9164,909,0,move,-1,90.9164,90.9372,0,0.000,0.000,0.264,-0.176,-50.537,34.453,-0.264,-0.088,0.176,0.000,0.000,-0.088,-0.088,0.264,0.088,0.000,0.439,0.176,0.000,0.000,0.000,0.000,-51.143,34.557,0.000,0.000,0.000,0.000,0.000,0.000,0.000,0.000,0.000,0.000,0.000,0.000,0.013,6.4,11.30,32.0,0.000,0.000,0.000,0.006,0.013,0.000,0.006,0.000,0.000,0.000,0.000,0.000,0.000,0.006,0.000,0.000,0.013,0.006
91.0073,910,0,move,-1,91.0073,91.0218,0,0.000,0.000,0.264,-0.176,-50.537,34.453,-0.264,-0.088,0.176,0.000,0.000,-0.088,-0.088,0.264,0.088,0.000,0.439,0.176,0.000,0.000,0.000,0.000,-51.143,34.557,0.000,0.000,0.000,0.000,0.000,0.000,0.000,0.000,0.000,0.000,0.000,0.000,0.013,6.4,11.30,32.0,0.000,0.000,0.000,0.006,0.013,0.000,0.006,0.000,0.000,0.000,0.000,0.000,0.000,0.006,0.000,0.000,0.013,0.006
91.1075,911,0,move,-1,91.1075,91.1192,0,0.000,0.000,0.264,-0.176,-50.537,34.453,-0.264,-0.088,0.176,0.000,0.000,-0.088,-0.088,0.264,0.088,0.000,0.439,0.176,0.000,0.000,0.000,0.000,-51.143,34.557,0.000,0.000,0.000,0.000,0.000,0.000,0.000,0.000,0.000,0.000,0.000,0.000,0.013,3.2,11.30,29.0,0.000,0.000,0.000,0.000,0.006,0.000,0.000,0.000,0.000,0.000,0.000,0.000,0.000,0.013,0.000,0.000,0.006,0.000
91.2075,912,0,move,-1,91.2075,91.2221,0,0.000,0.000,0.264,-0.176,-50.537,34.453,-0.264,-0.088,0.176,0.000,0.000,-0.088,-0.088,0.264,0.088,0.000,0.439,0.176,0.000,0.000,0.000,0.000,-51.143,34.557,0.000,0.000,0.000,0.000,0.000,0.000,0.000,0.000,0.000,0.000,0.000,0.000,0.013,6.4,11.30,32.0,0.000,0.000,0.000,0.000,0.013,0.000,0.000,0.000,0.000,0.000,0.000,0.000,0.000,0.013,0.000,0.000,0.006,0.000
91.3075,913,0,move,-1,91.3075,91.3174,0,0.000,0.000,0.264,-0.176,-50.537,34.453,-0.264,-0.088,0.176,0.000,0.000,-0.088,-0.088,0.264,0.088,0.000,0.439,0.176,0.000,0.000,0.000,0.000,-51.143,34.557,0.000,0.000,0.000,0.000,0.000,0.000,0.000,0.000,0.000,0.000,0.000,0.000,0.013,6.4,11.30,32.0,0.000,0.000,0.000,0.000,0.013,0.000,0.000,0.000,0.000,0.000,0.000,0.000,0.000,0.013,0.000,0.000,0.006,0.000
91.4075,914,0,move,-1,91.4075,91.4183,0,0.000,0.000,0.264,-0.176,-50.537,34.453,-0.264,-0.088,0.176,0.000,0.000,-0.088,-0.088,0.264,0.088,0.000,0.439,0.176,0.000,0.000,0.000,0.000,-51.143,34.557,0.000,0.000,0.000,0.000,0.000,0.000,0.000,0.000,0.000,0.000,0.000,0.000,0.013,6.4,11.30,32.0,0.000,0.000,0.000,0.000,0.013,0.000,0.000,0.000,0.000,0.000,0.000,0.000,0.000,0.006,0.000,0.000,0.006,0.000
91.5074,915,0,move,-1,91.5074,91.5131,0,0.000,0.000,0.264,-0.176,-50.537,34.453,-0.264,-0.088,0.176,0.000,0.000,-0.088,-0.088,0.264,0.088,0.000,0.439,0.176,0.000,0.000,0.000,0.000,-51.143,34.557,0.000,0.000,0.000,0.000,0.000,0.000,0.000,0.000,0.000,0.000,0.000,0.000,0.013,6.4,11.30,32.0,0.000,0.000,0.000,0.000,0.013,0.000,0.000,0.000,0.000,0.000,0.000,0.000,0.000,0.006,0.000,0.000,0.006,0.000
91.6075,916,0,move,-1,91.6075,91.6202,0,0.000,0.000,0.264,-0.176,-50.537,34.453,-0.264,-0.088,0.176,0.000,0.000,-0.088,-0.088,0.264,0.088,0.000,0.439,0.176,0.000,0.000,0.000,0.000,-51.143,34.557,0.000,0.000,0.000,0.000,0.000,0.000,0.000,0.000,0.000,0.000,0.000,0.000,0.013,6.4,11.30,32.0,0.000,0.000,0.006,0.000,0.013,0.000,0.006,0.000,0.000,0.000,0.000,0.000,0.000,0.006,0.000,0.000,0.006,0.000
91.7075,917,0,move,-1,91.7075,91.7196,0,0.000,0.000,0.264,-0.176,-50.537,34.453,-0.264,-0.088,0.176,0.000,0.000,-0.088,-0.088,0.264,0.088,0.000,0.439,0.176,0.000,0.000,0.000,0.000,-51.143,34.557,0.000,0.000,0.000,0.000,0.000,0.000,0.000,0.000,0.000,0.000,0.000,0.000,0.013,6.4,11.30,32.0,0.000,0.000,0.006,0.000,0.013,0.000,0.006,0.000,0.000,0.000,0.000,0.000,0.000,0.006,0.000,0.000,0.006,0.000
91.8166,918,0,move,-1,91.8166,91.8301,0,0.000,0.000,0.264,-0.176,-50.537,34.453,-0.264,-0.088,0.176,0.000,0.000,-0.088,-0.088,0.264,0.088,0.000,0.439,0.176,0.000,0.000,0.000,0.000,-51.143,34.557,0.000,0.000,0.000,0.000,0.000,0.000,0.000,0.000,0.000,0.000,0.000,0.000,0.013,6.4,11.30,32.0,0.000,0.000,0.000,0.000,0.013,0.000,0.000,0.000,0.000,0.000,0.000,0.000,0.000,0.013,0.000,0.000,0.006,0.006
91.9075,919,0,move,-1,91.9075,91.9196,0,0.000,0.000,0.264,-0.176,-50.537,34.453,-0.264,-0.088,0.176,0.000,0.000,-0.088,-0.088,0.264,0.088,0.000,0.439,0.176,0.000,0.000,0.000,0.000,-51.143,34.557,0.000,0.000,0.000,0.000,0.000,0.000,0.000,0.000,0.000,0.000,0.000,0.000,0.013,6.4,11.30,32.0,0.000,0.000,0.000,0.000,0.013,0.000,0.000,0.000,0.000,0.000,0.000,0.000,0.000,0.013,0.000,0.000,0.006,0.006
92.0191,920,0,move,-1,92.0191,92.0308,0,0.000,0.000,0.264,-0.176,-50.537,34.453,-0.264,-0.088,0.176,0.000,0.000,-0.088,-0.088,0.264,0.088,0.000,0.439,0.176,0.000,0.000,0.000,0.000,-51.045,34.512,0.000,0.000,0.000,0.000,0.000,0.000,0.000,0.000,0.000,0.000,0.000,0.000,0.013,6.4,11.30,32.0,0.000,0.000,0.000,0.000,0.013,0.000,0.006,0.000,0.000,0.000,0.000,0.000,0.000,0.006,0.000,0.000,0.006,0.000
92.1075,921,0,move,-1,92.1075,92.1214,0,0.000,0.000,0.264,-0.176,-50.537,34.453,-0.264,-0.088,0.176,0.000,0.000,-0.088,-0.088,0.264,0.088,0.000,0.439,0.176,0.000,0.000,0.000,0.000,-50.765,34.384,0.000,0.000,0.000,0.000,0.000,0.000,0.000,0.000,0.000,0.000,0.000,0.000,0.013,6.4,11.30,32.0,0.000,0.000,0.000,0.000,0.013,0.000,0.006,0.000,0.000,0.000,0.000,0.000,0.000,0.006,0.000,0.000,0.006,0.000
92.2076,922,0,move,-1,92.2076,92.2188,0,0.000,0.000,0.264,-0.176,-50.537,34.453,-0.264,-0.088,0.176,0.000,0.000,-0.088,-0.088,0.264,0.088,0.000,0.439,0.176,0.000,0.000,0.000,0.000,-50.327,34.182,0.000,0.000,0.000,0.000,0.000,0.000,0.000,0.000,0.000,0.000,0.000,0.000,0.006,3.6,11.30,33.0,0.000,0.000,0.006,0.000,0.006,0.000,0.006,0.000,0.000,0.000,0.000,0.000,0.000,0.006,0.000,0.000,0.006,0.006
92.3075,923,0,move,-1,92.3075,92.3174,0,0.000,0.000,0.264,-0.176,-50.537,34.277,-0.264,-0.088,0.176,0.000,0.000,-0.088,-0.088,0.264,0.088,0.000,0.439,0.176,0.000,0.000,0.000,0.000,-49.772,33.924,0.000,0.000,0.000,0.000,0.000,0.000,0.000,0.000,0.000,0.000,0.000,0.000,0.006,3.6,11.30,33.0,0.000,0.000,0.006,0.000,0.006,0.000,0.006,0.000,0.000,0.000,0.000,0.000,0.000,0.006,0.000,0.000,0.006,0.006
92.4075,924,0,move,-1,92.4075,92.4189,0,0.000,0.000,0.264,-0.176,-50.449,34.102,-0.264,-0.088,0.176,0.000,0.000,-0.088,-0.088,0.264,0.088,0.000,0.439,0.176,0.000,0.000,0.000,0.000,-49.154,33.634,0.000,0.000,0.000,0.000,0.000,0.000,0.000,0.000,0.000,0.000,0.000,0.000,0.013,7.2,11.30,32.0,0.000,0.000,0.000,0.000,0.013,0.000,0.006,0.000,0.000,0.000,0.000,0.000,0.000,0.013,0.000,0.000,0.006,0.006
92.5075,925,0,move,-1,92.5075,92.5135,0,0.000,0.000,0.264,-0.176,-50.273,33.750,-0.264,-0.088,0.176,0.000,0.000,-0.088,-0.088,0.264,0.088,0.000,0.439,0.176,0.000,0.000,0.000,0.000,-48.535,33.340,0.000,0.000,0.000,0.000,0.000,0.000,0.000,0.000,0.000,0.000,0.000,0.000,0.013,7.2,11.30,32.0,0.000,0.000,0.000,0.000,0.013,0.000,0.006,0.000,0.000,0.000,0.000,0.000,0.000,0.013,0.000,0.000,0.006,0.006
92.6106,926,0,move,-1,92.6106,92.6208,0,0.000,0.000,0.264,-0.176,-49.219,33.311,-0.264,-0.088,0.176,0.000,0.000,-0.088,-0.088,0.264,0.088,0.000,0.439,0.176,0.000,0.000,0.000,0.000,-47.971,33.071,0.000,0.000,0.000,0.000,0.000,0.000,0.000,0.000,0.000,0.000,0.000,0.000,0.013,3.2,11.30,29.0,0.000,0.000,0.000,0.000,0.006,0.000,0.006,0.000,0.006,0.000,0.000,0.000,0.000,0.013,0.000,0.000,0.013,0.006
92.7075,927,0,move,-1,92.7075,92.7218,0,0.000,0.000,0.264,-0.176,-48.604,33.223,-0.264,-0.088,0.176,0.000,0.000,-0.088,-0.088,0.264,0.088,0.000,0.439,0.176,0.000,0.000,0.000,0.000,-47.522,32.856,0.000,0.000,0.000,0.000,0.000,0.000,0.000,0.000,0.000,0.000,0.000,0.000,0.013,6.8,11.30,32.0,0.000,0.000,0.006,0.000,0.013,0.000,0.006,0.000,0.000,0.000,0.000,0.000,0.000,0.013,0.000,0.000,0.006,0.006
92.8075,928,0,move,-1,92.8075,92.8188,0,0.000,0.000,0.264,-0.176,-48.428,32.959,-0.264,-0.088,0.176,0.000,0.000,-0.088,-0.088,0.264,0.088,0.000,0.439,0.176,0.000,0.000,0.000,0.000,-47.233,32.716,0.000,0.000,0.000,0.000,0.000,0.000,0.000,0.000,0.000,0.000,0.000,0.000,0.013,6.8,11.30,32.0,0.000,0.000,0.006,0.000,0.013,0.000,0.006,0.000,0.000,0.000,0.000,0.000,0.000,0.013,0.000,0.000,0.006,0.006
92.9075,929,0,move,-1,92.9075,92.9176,0,0.000,0.000,0.264,-0.176,-47.812,32.783,-0.264,-0.088,0.176,0.000,0.000,-0.088,-0.088,0.264,0.088,0.000,0.439,0.176,0.000,0.000,0.000,0.000,-47.133,32.667,0.000,0.000,0.000,0.000,0.000,0.000,0.000,0.000,0.000,0.000,0.000,0.000,0.006,6.4,11.20,32.0,0.000,0.000,0.000,0.000,0.006,0.000,0.006,0.000,0.000,0.000,0.000,0.000,0.000,0.006,0.000,0.000,0.006,0.000
93.0073,930,0,move,-1,93.0073,93.0195,0,0.000,0.000,0.264,-0.176,-47.461,32.783,-0.264,-0.088,0.176,0.000,0.000,-0.088,-0.088,0.264,0.088,0.000,0.439,0.176,0.000,0.000,0.000,0.000,-47.133,32.667,0.000,0.000,0.000,0.000,0.000,0.000,0.000,0.000,0.000,0.000,0.000,0.000,0.006,6.4,11.20,32.0,0.000,0.000,0.000,0.000,0.006,0.000,0.006,0.000,0.000,0.000,0.000,0.000,0.000,0.006,0.000,0.000,0.006,0.000
93.1191,931,0,move,-1,93.1191,93.1509,0,0.000,0.000,0.264,-0.176,-47.373,32.783,-0.264,-0.088,0.176,0.000,0.000,-0.088,-0.088,0.264,0.088,0.000,0.439,0.176,0.000,0.000,0.000,0.000,-47.133,32.667,0.000,0.000,0.000,0.000,0.000,0.000,0.000,0.000,0.000,0.000,0.000,0.000,0.013,4.8,11.30,32.0,0.000,0.000,0.000,0.000,0.006,0.000,0.006,0.000,0.000,0.000,0.000,0.000,0.000,0.006,0.000,0.000,0.013,0.000
93.2075,932,0,move,-1,93.2075,93.2191,0,0.000,0.000,0.264,-0.176,-47.373,32.783,-0.264,-0.088,0.176,0.000,0.000,-0.088,-0.088,0.264,0.088,0.000,0.439,0.176,0.000,0.000,0.000,0.000,-47.133,32.667,0.000,0.000,0.000,0.000,0.000,0.000,0.000,0.000,0.000,0.000,0.000,0.000,0.013,4.8,11.30,32.0,0.000,0.000,0.000,0.000,0.006,0.000,0.006,0.000,0.000,0.000,0.000,0.000,0.000,0.006,0.000,0.000,0.013,0.000
93.3152,933,0,move,-1,93.3152,93.3260,0,0.000,0.000,0.264,-0.176,-47.373,32.783,-0.264,-0.088,0.176,0.000,0.000,-0.088,-0.088,0.264,0.088,0.000,0.439,0.176,0.000,0.000,0.000,0.000,-47.133,32.667,0.000,0.000,0.000,0.000,0.000,0.000,0.000,0.000,0.000,0.000,0.000,0.000,0.006,3.2,11.30,32.0,0.000,0.000,0.000,0.000,0.000,0.000,0.006,0.000,0.006,0.000,0.006,0.000,0.000,0.006,0.000,0.000,0.006,0.006
93.4075,934,0,move,-1,93.4075,93.4191,0,0.000,0.000,0.264,-0.176,-47.285,32.783,-0.264,-0.088,0.176,0.000,0.000,-0.088,-0.088,0.264,0.088,0.000,0.439,0.176,0.000,0.000,0.000,0.000,-47.133,32.667,0.000,0.000,0.000,0.000,0.000,0.000,0.000,0.000,0.000,0.000,0.000,0.000,0.006,3.2,11.30,32.0,0.000,0.000,0.000,0.000,0.000,0.000,0.006,0.000,0.006,0.000,0.006,0.000,0.000,0.006,0.000,0.000,0.006,0.006
93.5075,935,0,move,-1,93.5075,93.5194,0,0.000,0.000,0.264,-0.176,-47.285,32.783,-0.264,-0.088,0.176,0.000,0.000,-0.088,-0.088,0.264,0.088,0.000,0.439,0.176,0.000,0.000,0.000,0.000,-47.133,32.667,0.000,0.000,0.000,0.000,0.000,0.000,0.000,0.000,0.000,0.000,0.000,0.000,0.013,3.2,11.30,29.0,0.000,0.000,0.000,0.000,0.000,0.000,0.006,0.000,0.000,0.000,0.000,0.000,0.000,0.013,0.000,0.000,0.006,0.006
93.6075,936,0,move,-1,93.6075,93.6208,0,0.000,0.000,0.264,-0.176,-47.197,32.783,-0.264,-0.088,0.176,0.000,0.000,-0.088,-0.088,0.264,0.088,0.000,0.439,0.176,0.000,0.000,0.000,0.000,-47.133,32.667,0.000,0.000,0.000,0.000,0.000,0.000,0.000,0.000,0.000,0.000,0.000,0.000,0.006,2.4,11.30,32.0,0.000,0.000,0.000,0.006,0.000,0.000,0.000,0.000,0.006,0.000,0.000,0.000,0.000,0.006,0.000,0.000,0.006,0.000
93.7075,937,0,move,-1,93.7075,93.7190,0,0.000,0.000,0.264,-0.176,-47.109,32.783,-0.264,-0.088,0.176,0.000,0.000,-0.088,-0.088,0.264,0.088,0.000,0.439,0.176,0.000,0.000,0.000,0.000,-47.133,32.667,0.000,0.000,0.000,0.000,0.000,0.000,0.000,0.000,0.000,0.000,0.000,0.000,0.006,2.4,11.30,32.0,0.000,0.000,0.000,0.006,0.000,0.000,0.000,0.000,0.006,0.000,0.000,0.000,0.000,0.006,0.000,0.000,0.006,0.000
93.8074,938,0,move,-1,93.8074,93.8178,0,0.000,0.000,0.264,-0.176,-47.109,32.783,-0.264,-0.088,0.176,0.000,0.000,-0.088,-0.088,0.264,0.088,0.000,0.439,0.176,0.000,0.000,0.000,0.000,-47.133,32.667,0.000,0.000,0.000,0.000,0.000,0.000,0.000,0.000,0.000,0.000,0.000,0.000,0.013,3.2,11.30,29.0,0.000,0.000,0.000,0.000,0.000,0.000,0.006,0.000,0.000,0.000,0.000,0.000,0.000,0.013,0.000,0.000,0.006,0.000
93.9075,939,0,move,-1,93.9075,93.9536,0,0.000,0.000,0.264,-0.176,-47.021,32.783,-0.264,-0.088,0.176,0.000,0.000,-0.088,-0.088,0.264,0.088,0.000,0.439,0.176,0.000,0.000,0.000,0.000,-47.133,32.667,0.000,0.000,0.000,0.000,0.000,0.000,0.000,0.000,0.000,0.000,0.000,0.000,0.006,3.2,11.30,33.0,0.000,0.000,0.006,0.006,0.000,0.000,0.000,0.000,0.006,0.000,0.000,0.000,0.000,0.006,0.000,0.000,0.006,0.000
94.0077,940,0,move,-1,94.0077,94.0179,0,0.000,0.000,0.264,-0.176,-47.021,32.783,-0.264,-0.088,0.176,0.000,0.000,-0.088,-0.088,0.264,0.088,0.000,0.439,0.176,0.000,0.000,0.000,0.000,-47.133,32.667,0.000,0.000,0.000,0.000,0.000,0.000,0.000,0.000,0.000,0.000,0.000,0.000,0.006,3.2,11.30,33.0,0.000,0.000,0.006,0.006,0.000,0.000,0.000,0.000,0.006,0.000,0.000,0.000,0.000,0.006,0.000,0.000,0.006,0.000
94.1075,941,0,move,-1,94.1075,94.1197,0,0.000,0.000,0.264,-0.176,-47.021,32.783,-0.264,-0.088,0.176,0.000,0.000,-0.088,-0.088,0.264,0.088,0.000,0.439,0.176,0.000,0.000,0.000,0.000,-47.133,32.667,0.000,0.000,0.000,0.000,0.000,0.000,0.000,0.000,0.000,0.000,0.000,0.000,0.013,3.2,11.30,29.0,0.000,0.000,0.000,0.006,0.000,0.000,0.006,0.000,0.006,0.000,0.000,0.000,0.000,0.013,0.000,0.000,0.013,0.006
94.2075,942,0,move,-1,94.2075,94.2175,0,0.000,0.000,0.264,-0.176,-46.934,32.783,-0.264,-0.088,0.176,0.000,0.000,-0.088,-0.088,0.264,0.088,0.000,0.439,0.176,0.000,0.000,0.000,0.000,-47.133,32.667,0.000,0.000,0.000,0.000,0.000,0.000,0.000,0.000,0.000,0.000,0.000,0.000,0.013,3.2,11.30,29.0,0.000,0.000,0.000,0.006,0.000,0.000,0.006,0.000,0.006,0.000,0.000,0.000,0.000,0.013,0.000,0.000,0.013,0.006
94.3075,943,0,move,-1,94.3075,94.3228,0,0.000,0.000,0.264,-0.176,-46.846,32.783,-0.264,-0.088,0.176,0.000,0.000,-0.088,-0.088,0.264,0.088,0.000,0.439,0.176,0.000,0.000,0.000,0.000,-47.133,32.667,0.000,0.000,0.000,0.000,0.000,0.000,0.000,0.000,0.000,0.000,0.000,0.000,0.013,3.2,11.30,29.0,0.000,0.000,0.006,0.006,0.000,0.000,0.000,0.000,0.006,0.000,0.000,0.000,0.000,0.013,0.000,0.000,0.013,0.000
94.4075,944,0,move,-1,94.4075,94.4179,0,0.000,0.000,0.264,-0.176,-46.846,32.783,-0.264,-0.088,0.176,0.000,0.000,-0.088,-0.088,0.264,0.088,0.000,0.439,0.176,0.000,0.000,0.000,0.000,-47.133,32.667,0.000,0.000,0.000,0.000,0.000,0.000,0.000,0.000,0.000,0.000,0.000,0.000,0.013,3.2,11.30,29.0,0.000,0.000,0.006,0.006,0.000,0.000,0.000,0.000,0.006,0.000,0.000,0.000,0.000,0.013,0.000,0.000,0.013,0.000
94.5096,945,0,move,-1,94.5096,94.5304,0,0.000,0.000,0.264,-0.176,-46.846,32.783,-0.264,-0.088,0.176,0.000,0.000,-0.088,-0.088,0.264,0.088,0.000,0.439,0.176,0.000,0.000,0.000,0.000,-47.133,32.667,0.000,0.000,0.000,0.000,0.000,0.000,0.000,0.000,0.000,0.000,0.000,0.000,0.013,3.2,11.30,29.0,0.000,0.000,0.006,0.000,0.006,0.000,0.000,0.000,0.000,0.000,0.000,0.000,0.000,0.013,0.000,0.000,0.006,0.000
94.6074,946,0,move,-1,94.6074,94.6178,0,0.000,0.000,0.264,-0.176,-46.846,32.783,-0.264,-0.088,0.176,0.000,0.000,-0.088,-0.088,0.264,0.088,0.000,0.439,0.176,0.000,0.000,0.000,0.000,-47.133,32.667,0.000,0.000,0.000,0.000,0.000,0.000,0.000,0.000,0.000,0.000,0.000,0.000,0.013,3.2,11.30,29.0,0.000,0.000,0.006,0.000,0.006,0.000,0.000,0.000,0.000,0.000,0.000,0.000,0.000,0.013,0.000,0.000,0.006,0.000
94.7075,947,0,move,-1,94.7075,94.7183,0,0.000,0.000,0.264,-0.176,-46.846,32.783,-0.264,-0.088,0.176,0.000,0.000,-0.088,-0.088,0.264,0.088,0.000,0.439,0.176,0.000,0.000,0.000,0.000,-47.133,32.667,0.000,0.000,0.000,0.000,0.000,0.000,0.000,0.000,0.000,0.000,0.000,0.000,0.013,3.2,11.30,29.0,0.000,0.000,0.006,0.000,0.000,0.000,0.006,0.000,0.000,0.000,0.000,0.000,0.000,0.013,0.000,0.000,0.006,0.006
94.8075,948,0,move,-1,94.8075,94.8175,0,0.000,0.000,0.264,-0.176,-46.846,32.783,-0.264,-0.088,0.176,0.000,0.000,-0.088,-0.088,0.264,0.088,0.000,0.439,0.176,0.000,0.000,0.000,0.000,-47.133,32.667,0.000,0.000,0.000,0.000,0.000,0.000,0.000,0.000,0.000,0.000,0.000,0.000,0.013,3.2,11.30,29.0,0.000,0.000,0.006,0.000,0.000,0.000,0.006,0.000,0.000,0.000,0.000,0.000,0.000,0.013,0.000,0.000,0.006,0.006
94.9075,949,0,move,-1,94.9075,94.9184,0,0.000,0.000,0.264,-0.176,-46.846,32.783,-0.264,-0.088,0.176,0.000,0.000,-0.088,-0.088,0.264,0.088,0.000,0.439,0.176,0.000,0.000,0.000,0.000,-47.133,32.667,0.000,0.000,0.000,0.000,0.000,0.000,0.000,0.000,0.000,0.000,0.000,0.000,0.013,4.8,11.30,32.0,0.000,0.000,0.000,0.000,0.000,0.000,0.006,0.000,0.000,0.000,0.000,0.000,0.000,0.006,0.000,0.000,0.013,0.000
95.0075,950,0,move,-1,95.0075,95.0174,0,0.000,0.000,0.264,-0.176,-46.846,32.783,-0.264,-0.088,0.176,0.000,0.000,-0.088,-0.088,0.264,0.088,0.000,0.439,0.176,0.000,0.000,0.000,0.000,-47.133,32.667,0.000,0.000,0.000,0.000,0.000,0.000,0.000,0.000,0.000,0.000,0.000,0.000,0.013,4.8,11.30,32.0,0.000,0.000,0.000,0.000,0.000,0.000,0.006,0.000,0.000,0.000,0.000,0.000,0.000,0.006,0.000,0.000,0.013,0.000
95.1104,951,0,move,-1,95.1104,95.1155,0,0.000,0.000,0.264,-0.176,-46.846,32.783,-0.264,-0.088,0.176,0.000,0.000,-0.088,-0.088,0.264,0.088,0.000,0.439,0.176,0.000,0.000,0.000,0.000,-47.133,32.667,0.000,0.000,0.000,0.000,0.000,0.000,0.000,0.000,0.000,0.000,0.000,0.000,0.013,3.2,11.30,29.0,0.000,0.000,0.006,0.000,0.000,0.000,0.006,0.000,0.000,0.000,0.000,0.000,0.000,0.013,0.000,0.000,0.013,0.000
95.2073,952,0,move,-1,95.2073,95.2204,0,0.000,0.000,0.264,-0.176,-46.846,32.783,-0.264,-0.088,0.176,0.000,0.000,-0.088,-0.088,0.264,0.088,0.000,0.439,0.176,0.000,0.000,0.000,0.000,-47.133,32.667,0.000,0.000,0.000,0.000,0.000,0.000,0.000,0.000,0.000,0.000,0.000,0.000,0.013,3.2,11.30,29.0,0.000,0.000,0.006,0.006,0.006,0.000,0.006,0.000,0.000,0.000,0.000,0.006,0.000,0.013,0.000,0.000,0.006,0.000
95.3074,953,0,move,-1,95.3074,95.3141,0,0.000,0.000,0.264,-0.176,-46.846,32.783,-0.264,-0.088,0.176,0.000,0.000,-0.088,-0.088,0.264,0.088,0.000,0.439,0.176,0.000,0.000,0.000,0.000,-47.133,32.667,0.000,0.000,0.000,0.000,0.000,0.000,0.000,0.000,0.000,0.000,0.000,0.000,0.013,3.2,11.30,29.0,0.000,0.000,0.006,0.006,0.006,0.000,0.006,0.000,0.000,0.000,0.000,0.006,0.000,0.013,0.000,0.000,0.006,0.000
95.4075,954,0,move,-1,95.4075,95.4174,0,0.000,0.000,0.264,-0.176,-46.846,32.783,-0.264,-0.088,0.176,0.000,0.000,-0.088,-0.088,0.264,0.088,0.000,0.439,0.176,0.000,0.000,0.000,0.000,-47.133,32.667,0.000,0.000,0.000,0.000,0.000,0.000,0.000,0.000,0.000,0.000,0.000,0.000,0.013,3.2,11.30,29.0,0.000,0.000,0.000,0.000,0.000,0.000,0.006,0.000,0.000,0.000,0.000,0.000,0.000,0.013,0.000,0.000,0.006,0.006
95.5075,955,0,move,-1,95.5075,95.5189,0,0.000,0.000,0.264,-0.176,-46.846,32.783,-0.264,-0.088,0.176,0.000,0.000,-0.088,-0.088,0.264,0.088,0.000,0.439,0.176,0.000,0.000,0.000,0.000,-47.133,32.667,0.000,0.000,0.000,0.000,0.000,0.000,0.000,0.000,0.000,0.000,0.000,0.000,0.006,3.2,11.30,32.0,0.000,0.000,0.000,0.000,0.006,0.000,0.000,0.000,0.000,0.000,0.000,0.000,0.000,0.006,0.000,0.000,0.006,0.000
95.6075,956,0,move,-1,95.6075,95.6173,0,0.000,0.000,0.264,-0.176,-46.846,32.783,-0.264,-0.088,0.176,0.000,0.000,-0.088,-0.088,0.264,0.088,0.000,0.439,0.176,0.000,0.000,0.000,0.000,-47.133,32.667,0.000,0.000,0.000,0.000,0.000,0.000,0.000,0.000,0.000,0.000,0.000,0.000,0.006,3.2,11.30,32.0,0.000,0.000,0.000,0.000,0.006,0.000,0.000,0.000,0.000,0.000,0.000,0.000,0.000,0.006,0.000,0.000,0.006,0.000
95.7075,957,0,move,-1,95.7075,95.7187,0,0.000,0.000,0.264,-0.176,-46.846,32.783,-0.264,-0.088,0.176,0.000,0.000,-0.088,-0.088,0.264,0.088,0.000,0.439,0.176,0.000,0.000,0.000,0.000,-47.133,32.667,0.000,0.000,0.000,0.000,0.000,0.000,0.000,0.000,0.000,0.000,0.000,0.000,0.006,3.2,11.30,33.0,0.000,0.000,0.006,0.000,0.006,0.000,0.000,0.000,0.006,0.000,0.000,0.000,0.000,0.006,0.000,0.000,0.006,0.000
95.8075,958,0,move,-1,95.8075,95.8179,0,0.000,0.000,0.264,-0.176,-46.846,32.783,-0.264,-0.088,0.176,0.000,0.000,-0.088,-0.088,0.264,0.088,0.000,0.439,0.176,0.000,0.000,0.000,0.000,-47.133,32.667,0.000,0.000,0.000,0.000,0.000,0.000,0.000,0.000,0.000,0.000,0.000,0.000,0.006,3.2,11.30,33.0,0.000,0.000,0.006,0.000,0.006,0.000,0.000,0.000,0.006,0.000,0.000,0.000,0.000,0.006,0.000,0.000,0.006,0.000
95.9075,959,0,move,-1,95.9075,95.9222,0,0.000,0.000,0.264,-0.176,-46.846,32.783,-0.264,-0.088,0.176,0.000,0.000,-0.088,-0.088,0.264,0.088,0.000,0.439,0.176,0.000,0.000,0.000,0.000,-47.133,32.667,0.000,0.000,0.000,0.000,0.000,0.000,0.000,0.000,0.000,0.000,0.000,0.000,0.013,4.8,11.30,32.0,0.000,0.000,0.000,0.000,0.000,0.000,0.000,0.000,0.000,0.000,0.000,0.000,0.000,0.006,0.000,0.000,0.013,0.000
96.0074,960,0,move,-1,96.0074,96.0128,0,0.000,0.000,0.264,-0.176,-46.846,32.783,-0.264,-0.088,0.176,0.000,0.000,-0.088,-0.088,0.264,0.088,0.000,0.439,0.176,0.000,0.000,0.000,0.000,-47.033,32.619,0.000,0.000,0.000,0.000,0.000,0.000,0.000,0.000,0.000,0.000,0.000,0.000,0.013,4.8,11.30,32.0,0.000,0.000,0.000,0.000,0.000,0.000,0.000,0.000,0.000,0.000,0.000,0.000,0.000,0.006,0.000,0.000,0.013,0.000
96.1075,961,0,move,-1,96.1075,96.1180,0,0.000,0.000,0.264,-0.176,-46.846,32.695,-0.264,-0.088,0.176,0.000,0.000,-0.088,-0.088,0.264,0.088,0.000,0.439,0.176,0.000,0.000,0.000,0.000,-46.742,32.477,0.000,0.000,0.000,0.000,0.000,0.000,0.000,0.000,0.000,0.000,0.000,0.000,0.006,3.2,11.30,32.0,0.000,0.000,0.000,0.000,0.006,0.006,0.006,0.000,0.000,0.000,0.000,0.000,0.000,0.006,0.000,0.000,0.006,0.000
96.2075,962,0,move,-1,96.2075,96.2196,0,0.000,0.000,0.264,-0.176,-46.846,32.695,-0.264,-0.088,0.176,0.000,0.000,-0.088,-0.088,0.264,0.088,0.000,0.439,0.176,0.000,0.000,0.000,0.000,-46.288,32.255,0.000,0.000,0.000,0.000,0.000,0.000,0.000,0.000,0.000,0.000,0.000,0.000,0.013,3.2,11.30,29.0,0.000,0.000,0.006,0.000,0.000,0.006,0.006,0.000,0.000,0.000,0.000,0.000,0.000,0.013,0.000,0.000,0.006,0.006
96.3075,963,0,move,-1,96.3075,96.3181,0,0.000,0.000,0.264,-0.176,-46.846,32.432,-0.264,-0.088,0.176,0.000,0.000,-0.088,-0.088,0.264,0.088,0.000,0.439,0.176,0.000,0.000,0.000,0.000,-45.712,31.972,0.000,0.000,0.000,0.000,0.000,0.000,0.000,0.000,0.000,0.000,0.000,0.000,0.013,3.2,11.30,29.0,0.000,0.000,0.006,0.000,0.000,0.006,0.006,0.000,0.000,0.000,0.000,0.000,0.000,0.013,0.000,0.000,0.006,0.006
96.4095,964,0,move,-1,96.4095,96.4196,0,0.000,0.000,0.264,-0.176,-46.494,32.080,-0.264,-0.088,0.176,0.000,0.000,-0.088,-0.088,0.264,0.088,0.000,0.439,0.176,0.000,0.000,0.000,0.000,-45.069,31.653,0.000,0.000,0.000,0.000,0.000,0.000,0.000,0.000,0.000,0.000,0.000,0.000,0.013,4.8,11.20,32.0,0.000,0.000,0.000,0.006,0.000,0.013,0.006,0.000,0.000,0.000,0.000,0.000,0.000,0.006,0.000,0.000,0.013,0.000
96.5075,965,0,move,-1,96.5075,96.5185,0,0.000,0.000,0.264,-0.176,-45.703,31.641,-0.264,-0.088,0.176,0.000,0.000,-0.088,-0.088,0.264,0.088,0.000,0.439,0.176,0.000,0.000,0.000,0.000,-44.421,31.329,0.000,0.000,0.000,0.000,0.000,0.000,0.000,0.000,0.000,0.000,0.000,0.000,0.013,4.8,11.20,32.0,0.000,0.000,0.000,0.006,0.000,0.013,0.006,0.000,0.000,0.000,0.000,0.000,0.000,0.006,0.000,0.000,0.013,0.000
96.6075,966,0,move,-1,96.6075,96.6175,0,0.000,0.000,0.264,-0.176,-45.088,31.377,-0.264,-0.088,0.176,0.000,0.000,-0.088,-0.088,0.264,0.088,0.000,0.439,0.176,0.000,0.000,0.000,0.000,-43.833,31.033,0.000,0.000,0.000,0.000,0.000,0.000,0.000,0.000,0.000,0.000,0.000,0.000,0.013,6.4,11.30,32.0,0.000,0.000,0.000,0.000,0.013,0.013,0.006,0.000,0.000,0.000,0.000,0.000,0.000,0.013,0.000,0.000,0.006,0.000
96.7075,967,0,move,-1,96.7075,96.7193,0,0.000,0.000,0.264,-0.176,-44.385,31.113,-0.264,-0.088,0.176,0.000,0.000,-0.088,-0.088,0.264,0.088,0.000,0.439,0.176,0.000,0.000,0.000,0.000,-43.362,30.795,0.000,0.000,0.000,0.000,0.000,0.000,0.000,0.000,0.000,0.000,0.000,0.000,0.013,3.2,11.30,29.0,0.000,0.000,0.006,0.006,0.006,0.006,0.000,0.000,0.000,0.000,0.000,0.000,0.000,0.013,0.000,0.000,0.006,0.000
96.8078,968,0,move,-1,96.8078,96.8315,0,0.000,0.000,0.264,-0.176,-43.770,30.850,-0.264,-0.088,0.176,0.000,0.000,-0.088,-0.088,0.264,0.088,0.000,0.439,0.176,0.000,0.000,0.000,0.000,-43.059,30.640,0.000,0.000,0.000,0.000,0.000,0.000,0.000,0.000,0.000,0.000,0.000,0.000,0.013,3.2,11.30,29.0,0.000,0.000,0.006,0.006,0.006,0.006,0.006,0.000,0.000,0.000,0.000,0.000,0.000,0.013,0.000,0.000,0.006,0.000
96.9074,969,0,move,-1,96.9074,96.9197,0,0.000,0.000,0.264,-0.176,-43.418,30.850,-0.264,-0.088,0.176,0.000,0.000,-0.088,-0.088,0.264,0.088,0.000,0.439,0.176,0.000,0.000,0.000,0.000,-42.955,30.587,0.000,0.000,0.000,0.000,0.000,0.000,0.000,0.000,0.000,0.000,0.000,0.000,0.013,3.2,11.30,29.0,0.000,0.000,0.006,0.006,0.006,0.006,0.006,0.000,0.000,0.000,0.000,0.000,0.000,0.013,0.000,0.000,0.006,0.000
97.0075,970,0,move,-1,97.0075,97.0175,0,0.000,0.000,0.264,-0.176,-43.154,30.674,-0.264,-0.088,0.176,0.000,0.000,-0.088,-0.088,0.264,0.088,0.000,0.439,0.176,0.000,0.000,0.000,0.000,-42.955,30.587,0.000,0.000,0.000,0.000,0.000,0.000,0.000,0.000,0.000,0.000,0.000,0.000,0.006,2.4,11.30,32.0,0.000,0.000,0.000,0.006,0.000,0.000,0.006,0.000,0.000,0.000,0.000,0.000,0.000,0.006,0.000,0.000,0.006,0.006
97.1075,971,0,move,-1,97.1075,97.1196,0,0.000,0.000,0.264,-0.176,-42.979,30.674,-0.264,-0.088,0.176,0.000,0.000,-0.088,-0.088,0.264,0.088,0.000,0.439,0.176,0.000,0.000,0.000,0.000,-42.955,30.587,0.000,0.000,0.000,0.000,0.000,0.000,0.000,0.000,0.000,0.000,0.000,0.000,0.013,3.2,11.30,29.0,0.000,0.000,0.000,0.000,0.000,0.000,0.000,0.000,0.000,0.000,0.000,0.000,0.000,0.013,0.000,0.000,0.006,0.000
97.2075,972,0,move,-1,97.2075,97.2218,0,0.000,0.000,0.264,-0.176,-42.803,30.674,-0.264,-0.088,0.176,0.000,0.000,-0.088,-0.088,0.264,0.088,0.000,0.439,0.176,0.000,0.000,0.000,0.000,-42.955,30.587,0.000,0.000,0.000,0.000,0.000,0.000,0.000,0.000,0.000,0.000,0.000,0.000,0.013,4.8,11.30,32.0,0.000,0.000,0.000,0.000,0.000,0.000,0.000,0.000,0.000,0.000,0.000,0.000,0.000,0.006,0.000,0.000,0.013,0.000
97.3073,973,0,move,-1,97.3073,97.3196,0,0.000,0.000,0.264,-0.176,-42.715,30.674,-0.264,-0.088,0.176,0.000,0.000,-0.088,-0.088,0.264,0.088,0.000,0.439,0.176,0.000,0.000,0.000,0.000,-42.955,30.587,0.000,0.000,0.000,0.000,0.000,0.000,0.000,0.000,0.000,0.000,0.000,0.000,0.013,4.8,11.30,32.0,0.000,0.000,0.000,0.000,0.000,0.000,0.000,0.000,0.000,0.000,0.000,0.000,0.000,0.006,0.000,0.000,0.013,0.000
97.4075,974,0,move,-1,97.4075,97.4178,0,0.000,0.000,0.264,-0.176,-42.715,30.674,-0.264,-0.088,0.176,0.000,0.000,-0.088,-0.088,0.264,0.088,0.000,0.439,0.176,0.000,0.000,0.000,0.000,-42.955,30.587,0.000,0.000,0.000,0.000,0.000,0.000,0.000,0.000,0.000,0.000,0.000,0.000,0.006,2.4,11.30,32.0,0.000,0.000,0.000,0.006,0.000,0.000,0.006,0.000,0.000,0.000,0.000,0.000,0.000,0.006,0.000,0.000,0.006,0.006
97.5075,975,0,move,-1,97.5075,97.5212,0,0.000,0.000,0.264,-0.176,-42.715,30.674,-0.264,-0.088,0.176,0.000,0.000,-0.088,-0.088,0.264,0.088,0.000,0.439,0.176,0.000,0.000,0.000,0.000,-42.955,30.587,0.000,0.000,0.000,0.000,0.000,0.000,0.000,0.000,0.000,0.000,0.000,0.000,0.013,3.2,11.30,29.0,0.000,0.000,0.000,0.006,0.000,0.000,0.006,0.000,0.006,0.000,0.000,0.000,0.000,0.013,0.000,0.000,0.006,0.006
97.6075,976,0,move,-1,97.6075,97.6186,0,0.000,0.000,0.264,-0.176,-42.627,30.674,-0.264,-0.088,0.176,0.000,0.000,-0.088,-0.088,0.264,0.088,0.000,0.439,0.176,0.000,0.000,0.000,0.000,-42.955,30.587,0.000,0.000,0.000,0.000,0.000,0.000,0.000,0.000,0.000,0.000,0.000,0.000,0.013,3.2,11.30,29.0,0.000,0.000,0.000,0.006,0.000,0.000,0.006,0.000,0.006,0.000,0.000,0.000,0.000,0.013,0.000,0.000,0.006,0.006
97.7073,977,0,move,-1,97.7073,97.7191,0,0.000,0.000,0.264,-0.176,-42.627,30.674,-0.264,-0.088,0.176,0.000,0.000,-0.088,-0.088,0.264,0.088,0.000,0.439,0.176,0.000,0.000,0.000,0.000,-42.955,30.587,0.000,0.000,0.000,0.000,0.000,0.000,0.000,0.000,0.000,0.000,0.000,0.000,0.013,3.2,11.30,29.0,0.000,0.000,0.006,0.000,0.000,0.000,0.006,0.000,0.000,0.000,0.000,0.000,0.000,0.013,0.000,0.000,0.013,0.006
97.8074,978,0,move,-1,97.8074,97.8176,0,0.000,0.000,0.264,-0.176,-42.627,30.674,-0.264,-0.088,0.176,0.000,0.000,-0.088,-0.088,0.264,0.088,0.000,0.439,0.176,0.000,0.000,0.000,0.000,-42.955,30.587,0.000,0.000,0.000,0.000,0.000,0.000,0.000,0.000,0.000,0.000,0.000,0.000,0.013,3.2,11.30,29.0,0.000,0.000,0.006,0.000,0.000,0.000,0.006,0.000,0.000,0.000,0.000,0.000,0.000,0.013,0.000,0.000,0.013,0.006
97.9074,979,0,move,-1,97.9074,97.9187,0,0.000,0.000,0.264,-0.176,-42.627,30.674,-0.264,-0.088,0.176,0.000,0.000,-0.088,-0.088,0.264,0.088,0.000,0.439,0.176,0.000,0.000,0.000,0.000,-42.955,30.587,0.000,0.000,0.000,0.000,0.000,0.000,0.000,0.000,0.000,0.000,0.000,0.000,0.013,4.8,11.30,32.0,0.000,0.000,0.006,0.006,0.006,0.000,0.006,0.000,0.000,0.000,0.000,0.000,0.000,0.006,0.000,0.000,0.013,0.000
98.0073,980,0,move,-1,98.0073,98.0190,0,0.000,0.000,0.264,-0.176,-42.627,30.674,-0.264,-0.088,0.176,0.000,0.000,-0.088,-0.088,0.264,0.088,0.000,0.439,0.176,0.000,0.000,0.000,0.000,-42.955,30.587,0.000,0.000,0.000,0.000,0.000,0.000,0.000,0.000,0.000,0.000,0.000,0.000,0.006,2.4,11.30,32.0,0.000,0.000,0.000,0.006,0.000,0.000,0.000,0.000,0.006,0.000,0.000,0.000,0.000,0.006,0.000,0.000,0.006,0.006
98.1075,981,0,move,-1,98.1075,98.1178,0,0.000,0.000,0.264,-0.176,-42.627,30.674,-0.264,-0.088,0.176,0.000,0.000,-0.088,-0.088,0.264,0.088,0.000,0.439,0.176,0.000,0.000,0.000,0.000,-42.955,30.587,0.000,0.000,0.000,0.000,0.000,0.000,0.000,0.000,0.000,0.000,0.000,0.000,0.006,2.4,11.30,32.0,0.000,0.000,0.000,0.006,0.000,0.000,0.000,0.000,0.006,0.000,0.000,0.000,0.000,0.006,0.000,0.000,0.006,0.006
98.2075,982,0,move,-1,98.2075,98.2189,0,0.000,0.000,0.264,-0.176,-42.627,30.674,-0.264,-0.088,0.176,0.000,0.000,-0.088,-0.088,0.264,0.088,0.000,0.439,0.176,0.000,0.000,0.000,0.000,-42.955,30.587,0.000,0.000,0.000,0.000,0.000,0.000,0.000,0.000,0.000,0.000,0.000,0.000,0.013,4.8,11.30,32.0,0.000,0.000,0.006,0.006,0.000,0.000,0.006,0.000,0.000,0.000,0.000,0.000,0.000,0.006,0.000,0.000,0.013,0.006
98.3075,983,0,move,-1,98.3075,98.3176,0,0.000,0.000,0.264,-0.176,-42.627,30.674,-0.264,-0.088,0.176,0.000,0.000,-0.088,-0.088,0.264,0.088,0.000,0.439,0.176,0.000,0.000,0.000,0.000,-42.955,30.587,0.000,0.000,0.000,0.000,0.000,0.000,0.000,0.000,0.000,0.000,0.000,0.000,0.013,4.8,11.30,32.0,0.000,0.000,0.006,0.006,0.000,0.000,0.006,0.000,0.000,0.000,0.000,0.000,0.000,0.006,0.000,0.000,0.013,0.006
98.4086,984,0,move,-1,98.4086,98.4558,0,0.000,0.000,0.264,-0.176,-42.627,30.674,-0.264,-0.088,0.176,0.000,0.000,-0.088,-0.088,0.264,0.088,0.000,0.439,0.176,0.000,0.000,0.000,0.000,-42.955,30.587,0.000,0.000,0.000,0.000,0.000,0.000,0.000,0.000,0.000,0.000,0.000,0.000,0.006,3.2,11.30,33.0,0.000,0.000,0.006,0.000,0.000,0.000,0.006,0.000,0.000,0.000,0.000,0.000,0.000,0.006,0.000,0.000,0.006,0.000
98.5073,985,0,move,-1,98.5073,98.5170,0,0.000,0.000,0.264,-0.176,-42.627,30.674,-0.264,-0.088,0.176,0.000,0.000,-0.088,-0.088,0.264,0.088,0.000,0.439,0.176,0.000,0.000,0.000,0.000,-42.955,30.587,0.000,0.000,0.000,0.000,0.000,0.000,0.000,0.000,0.000,0.000,0.000,0.000,0.006,3.2,11.30,33.0,0.000,0.000,0.006,0.000,0.000,0.000,0.006,0.000,0.000,0.000,0.000,0.000,0.000,0.006,0.000,0.000,0.006,0.000
98.6085,986,0,move,-1,98.6085,98.6183,0,0.000,0.000,0.264,-0.176,-42.627,30.674,-0.264,-0.088,0.176,0.000,0.000,-0.088,-0.088,0.264,0.088,0.000,0.439,0.176,0.000,0.000,0.000,0.000,-42.955,30.587,0.000,0.000,0.000,0.000,0.000,0.000,0.000,0.000,0.000,0.000,0.000,0.000,0.006,3.2,11.30,33.0,0.000,0.000,0.006,0.006,0.000,0.000,0.006,0.000,0.006,0.000,0.000,0.000,0.000,0.006,0.000,0.000,0.006,0.006
98.7075,987,0,move,-1,98.7075,98.7181,0,0.000,0.000,0.264,-0.176,-42.627,30.674,-0.264,-0.088,0.176,0.000,0.000,-0.088,-0.088,0.264,0.088,0.000,0.439,0.176,0.000,0.000,0.000,0.000,-42.955,30.587,0.000,0.000,0.000,0.000,0.000,0.000,0.000,0.000,0.000,0.000,0.000,0.000,0.006,3.2,11.30,33.0,0.000,0.000,0.006,0.006,0.000,0.000,0.006,0.000,0.006,0.000,0.000,0.000,0.000,0.006,0.000,0.000,0.006,0.006
98.8075,988,0,move,-1,98.8075,98.8190,0,0.000,0.000,0.264,-0.176,-42.627,30.674,-0.264,-0.088,0.176,0.000,0.000,-0.088,-0.088,0.264,0.088,0.000,0.439,0.176,0.000,0.000,0.000,0.000,-42.955,30.587,0.000,0.000,0.000,0.000,0.000,0.000,0.000,0.000,0.000,0.000,0.000,0.000,0.006,2.4,11.30,32.0,0.000,0.000,0.000,0.006,0.006,0.000,0.006,0.000,0.006,0.000,0.000,0.000,0.000,0.006,0.000,0.000,0.006,0.000
98.9093,989,0,move,-1,98.9093,98.9217,0,0.000,0.000,0.264,-0.176,-42.627,30.674,-0.264,-0.088,0.176,0.000,0.000,-0.088,-0.088,0.264,0.088,0.000,0.439,0.176,0.000,0.000,0.000,0.000,-42.955,30.587,0.000,0.000,0.000,0.000,0.000,0.000,0.000,0.000,0.000,0.000,0.000,0.000,0.006,3.2,11.30,33.0,0.000,0.000,0.006,0.000,0.000,0.000,0.000,0.000,0.006,0.000,0.000,0.000,0.000,0.006,0.000,0.000,0.006,0.006
99.0075,990,0,move,-1,99.0075,99.0218,0,0.000,0.000,0.264,-0.176,-42.627,30.674,-0.264,-0.088,0.176,0.000,0.000,-0.088,-0.088,0.264,0.088,0.000,0.439,0.176,0.000,0.000,0.000,0.000,-42.955,30.587,0.000,0.000,0.000,0.000,0.000,0.000,0.000,0.000,0.000,0.000,0.000,0.000,0.013,4.8,11.30,32.0,0.000,0.000,0.000,0.000,0.006,0.000,0.006,0.000,0.000,0.000,0.000,0.000,0.000,0.006,0.000,0.000,0.013,0.006
99.1075,991,0,move,-1,99.1075,99.1222,0,0.000,0.000,0.264,-0.176,-42.627,30.674,-0.264,-0.088,0.176,0.000,0.000,-0.088,-0.088,0.264,0.088,0.000,0.439,0.176,0.000,0.000,0.000,0.000,-42.955,30.587,0.000,0.000,0.000,0.000,0.000,0.000,0.000,0.000,0.000,0.000,0.000,0.000,0.000,0.0,11.30,32.0,0.000,0.000,0.000,0.000,0.000,0.000,0.000,0.000,0.000,0.000,0.000,0.000,0.000,0.000,0.000,0.000,0.000,0.000
99.2075,992,0,move,-1,99.2075,99.2175,0,0.000,0.000,0.264,-0.176,-42.627,30.674,-0.264,-0.088,0.176,0.000,0.000,-0.088,-0.088,0.264,0.088,0.000,0.439,0.176,0.000,0.000,0.000,0.000,-42.955,30.587,0.000,0.000,0.000,0.000,0.000,0.000,0.000,0.000,0.000,0.000,0.000,0.000,0.000,0.0,11.30,32.0,0.000,0.000,0.000,0.000,0.000,0.000,0.000,0.000,0.000,0.000,0.000,0.000,0.000,0.000,0.000,0.000,0.000,0.000
99.3076,993,0,move,-1,99.3076,99.3184,0,0.000,0.000,0.264,-0.176,-42.627,30.674,-0.264,-0.088,0.176,0.000,0.000,-0.088,-0.088,0.264,0.088,0.000,0.439,0.176,0.000,0.000,0.000,0.000,-42.955,30.587,0.000,0.000,0.000,0.000,0.000,0.000,0.000,0.000,0.000,0.000,0.000,0.000,0.006,4.0,11.30,32.0,0.000,0.000,0.000,0.000,0.006,0.000,0.006,0.000,0.000,0.000,0.000,0.000,0.000,0.006,0.000,0.000,0.006,0.000
99.4075,994,0,move,-1,99.4075,99.4176,0,0.000,0.000,0.264,-0.176,-42.627,30.674,-0.264,-0.088,0.176,0.000,0.000,-0.088,-0.088,0.264,0.088,0.000,0.439,0.176,0.000,0.000,0.000,0.000,-42.955,30.587,0.000,0.000,0.000,0.000,0.000,0.000,0.000,0.000,0.000,0.000,0.000,0.000,0.006,4.0,11.30,32.0,0.000,0.000,0.000,0.000,0.006,0.000,0.006,0.000,0.000,0.000,0.000,0.000,0.000,0.006,0.000,0.000,0.006,0.000
99.5075,995,0,move,-1,99.5075,99.5188,0,0.000,0.000,0.264,-0.176,-42.627,30.674,-0.264,-0.088,0.176,0.000,0.000,-0.088,-0.088,0.264,0.088,0.000,0.439,0.176,0.000,0.000,0.000,0.000,-42.955,30.587,0.000,0.000,0.000,0.000,0.000,0.000,0.000,0.000,0.000,0.000,0.000,0.000,0.006,2.4,11.30,32.0,0.000,0.000,0.000,0.006,0.000,0.000,0.006,0.000,0.006,0.000,0.000,0.000,0.000,0.006,0.000,0.000,0.006,0.000
99.6075,996,0,move,-1,99.6075,99.6211,0,0.000,0.000,0.264,-0.176,-42.627,30.674,-0.264,-0.088,0.176,0.000,0.000,-0.088,-0.088,0.264,0.088,0.000,0.439,0.176,0.000,0.000,0.000,0.000,-42.955,30.587,0.000,0.000,0.000,0.000,0.000,0.000,0.000,0.000,0.000,0.000,0.000,0.000,0.013,3.2,11.30,29.0,0.000,0.000,0.000,0.006,0.000,0.000,0.006,0.000,0.000,0.000,0.000,0.000,0.000,0.013,0.000,0.000,0.006,0.000
99.7075,997,0,move,-1,99.7075,99.7215,0,0.000,0.000,0.264,-0.176,-42.627,30.674,-0.264,-0.088,0.176,0.000,0.000,-0.088,-0.088,0.264,0.088,0.000,0.439,0.176,0.000,0.000,0.000,0.000,-42.955,30.587,0.000,0.000,0.000,0.000,0.000,0.000,0.000,0.000,0.000,0.000,0.000,0.000,0.013,3.6,11.30,29.0,0.000,0.000,0.000,0.000,0.006,0.000,0.000,0.000,0.000,0.000,0.000,0.000,0.000,0.013,0.000,0.000,0.006,0.006
99.8076,998,0,move,-1,99.8076,99.8179,0,0.000,0.000,0.264,-0.176,-42.627,30.674,-0.264,-0.088,0.176,0.000,0.000,-0.088,-0.088,0.264,0.088,0.000,0.439,0.176,0.000,0.000,0.000,0.000,-42.955,30.587,0.000,0.000,0.000,0.000,0.000,0.000,0.000,0.000,0.000,0.000,0.000,0.000,0.013,3.6,11.30,29.0,0.000,0.000,0.000,0.000,0.006,0.000,0.000,0.000,0.000,0.000,0.000,0.000,0.000,0.013,0.000,0.000,0.006,0.006
99.9073,999,0,move,-1,99.9073,99.9225,0,0.000,0.000,0.264,-0.176,-42.627,30.674,-0.264,-0.088,0.176,0.000,0.000,-0.088,-0.088,0.264,0.088,0.000,0.439,0.176,0.000,0.000,0.000,0.000,-42.955,30.587,0.000,0.000,0.000,0.000,0.000,0.000,0.000,0.000,0.000,0.000,0.000,0.000,0.006,3.2,11.30,33.0,0.000,0.000,0.006,0.000,0.006,0.000,0.006,0.000,0.000,0.000,0.000,0.000,,0.006,0.000,0.000,0.006,0.006
100.0075,1000,0,move,-1,100.0075,100.0217,0,0.000,0.000,0.264,-0.176,-42.627,30.674,-0.264,-0.088,0.176,0.000,0.000,-0.088,-0.088,0.264,0.088,0.000,0.439,0.176,0.000,0.000,0.000,0.000,-43.059,30.640,0.000,0.000,0.000,0.000,0.000,0.000,0.000,0.000,0.000,0.000,0.000,0.000,0.006,3.2,11.30,33.0,0.000,0.000,0.006,0.000,0.006,0.000,0.006,0.000,0.000,0.000,0.000,0.000,,0.006,0.000,0.000,0.006,0.006
100.1075,1001,0,move,-1,100.1075,100.1189,0,0.000,0.000,0.264,-0.176,-42.627,30.674,-0.264,-0.088,0.176,0.000,0.000,-0.088,-0.088,0.264,0.088,0.000,0.439,0.176,0.000,0.000,0.000,0.000,-43.362,30.795,0.000,0.000,0.000,0.000,0.000,0.000,0.000,0.000,0.000,0.000,0.000,0.000,0.013,3.6,11.30,29.0,0.000,0.000,0.006,0.000,0.006,0.000,0.006,0.000,0.000,0.000,0.000,0.000,0.000,0.013,0.000,0.000,0.006,0.000
100.2075,1002,0,move,-1,100.2075,100.2175,0,0.000,0.000,0.264,-0.176,-42.803,30.674,-0.264,-0.088,0.176,0.000,0.000,-0.088,-0.088,0.264,0.088,0.000,0.439,0.176,0.000,0.000,0.000,0.000,-43.833,31.033,0.000,0.000,0.000,0.000,0.000,0.000,0.000,0.000,0.000,0.000,0.000,0.000,0.013,3.6,11.30,29.0,0.000,0.000,0.006,0.000,0.006,0.000,0.006,0.000,0.000,0.000,0.000,0.000,0.000,0.013,0.000,0.000,0.006,0.000
100.3075,1003,0,move,-1,100.3075,100.3180,0,0.000,0.000,0.264,-0.176,-42.979,30.938,-0.264,-0.088,0.176,0.000,0.000,-0.088,-0.088,0.264,0.088,0.000,0.439,0.176,0.000,0.000,0.000,0.000,-44.421,31.329,0.000,0.000,0.000,0.000,0.000,0.000,0.000,0.000,0.000,0.000,0.000,0.000,0.019,9.2,11.30,32.0,0.000,0.000,0.000,0.000,0.019,0.000,0.006,0.000,0.006,0.000,0.000,0.000,0.000,0.006,0.000,0.000,0.013,0.006
100.4075,1004,0,move,-1,100.4075,100.4433,0,0.000,0.000,0.264,-0.176,-43.594,31.289,-0.264,-0.088,0.176,0.000,0.000,-0.088,-0.088,0.264,0.088,0.000,0.439,0.176,0.000,0.000,0.000,0.000,-45.069,31.653,0.000,0.000,0.000,0.000,0.000,0.000,0.000,0.000,0.000,0.000,0.000,0.000,0.013,9.2,11.30,32.0,0.000,0.000,0.000,0.006,0.013,0.006,0.006,0.000,0.000,0.000,0.000,0.000,0.000,0.006,0.000,0.000,0.013,0.000
100.5075,1005,0,move,-1,100.5075,100.5189,0,0.000,0.000,0.264,-0.176,-44.209,31.553,-0.264,-0.088,0.176,0.000,0.000,-0.088,-0.088,0.264,0.088,0.000,0.439,0.176,0.000,0.000,0.000,0.000,-45.712,31.972,0.000,0.000,0.000,0.000,0.000,0.000,0.000,0.000,0.000,0.000,0.000,0.000,0.013,9.2,11.30,32.0,0.000,0.000,0.000,0.006,0.013,0.006,0.006,0.000,0.000,0.000,0.000,0.000,0.000,0.006,0.000,0.000,0.013,0.000
100.6076,1006,0,move,-1,100.6076,100.6199,0,0.000,0.000,0.264,-0.176,-44.736,31.904,-0.264,-0.088,0.176,0.000,0.000,-0.088,-0.088,0.264,0.088,0.000,0.439,0.176,0.000,0.000,0.000,0.000,-46.288,32.255,0.000,0.000,0.000,0.000,0.000,0.000,0.000,0.000,0.000,0.000,0.000,0.000,0.019,10.0,11.20,32.0,0.000,0.000,0.000,0.006,0.019,0.006,0.006,0.000,0.006,0.000,0.000,0.000,0.000,0.006,0.000,0.000,0.006,0.006
100.7075,1007,0,move,-1,100.7075,100.7192,0,0.000,0.000,0.264,-0.176,-45.439,32.168,-0.264,-0.088,0.176,0.000,0.000,-0.088,-0.088,0.264,0.088,0.000,0.439,0.176,0.000,0.000,0.000,0.000,-46.742,32.477,0.000,0.000,0.000,0.000,0.000,0.000,0.000,0.000,0.000,0.000,0.000,0.000,0.019,10.0,11.20,32.0,0.000,0.000,0.000,0.006,0.019,0.006,0.006,0.000,0.006,0.000,0.000,0.000,0.000,0.006,0.000,0.000,0.006,0.006
100.8075,1008,0,move,-1,100.8075,100.8182,0,0.000,0.000,0.264,-0.176,-45.967,32.432,-0.264,-0.088,0.176,0.000,0.000,-0.088,-0.088,0.264,0.088,0.000,0.439,0.176,0.000,0.000,0.000,0.000,-47.033,32.619,0.000,0.000,0.000,0.000,0.000,0.000,0.000,0.000,0.000,0.000,0.000,0.000,0.019,9.2,11.30,32.0,0.000,0.000,0.000,0.000,0.019,0.000,0.006,0.000,0.000,0.000,0.000,0.000,0.000,0.013,0.000,0.000,0.006,0.006
100.9073,1009,0,move,-1,100.9073,100.9194,0,0.000,0.000,0.264,-0.176,-46.318,32.520,-0.264,-0.088,0.176,0.000,0.000,-0.088,-0.088,0.264,0.088,0.000,0.439,0.176,0.000,0.000,0.000,0.000,-47.133,32.667,0.000,0.000,0.000,0.000,0.000,0.000,0.000,0.000,0.000,0.000,0.000,0.000,0.019,8.4,11.30,32.0,0.000,0.000,0.006,0.006,0.019,0.000,0.006,0.000,0.000,0.000,0.000,0.000,0.000,0.006,0.000,0.000,0.013,0.006
101.0073,1010,0,move,-1,101.0073,101.0606,0,0.000,0.000,0.264,-0.176,-46.318,32.520,-0.264,-0.088,0.176,0.000,0.000,-0.088,-0.088,0.264,0.088,0.000,0.439,0.176,0.000,0.000,0.000,0.000,-47.133,32.667,0.000,0.000,0.000,0.000,0.000,0.000,0.000,0.000,0.000,0.000,0.000,0.000,0.013,6.8,11.20,32.0,0.000,0.000,0.000,0.006,0.013,0.006,0.006,0.000,0.006,0.000,0.000,0.000,0.000,0.006,0.000,0.000,0.006,0.006
101.1075,1011,0,move,-1,101.1075,101.1192,0,0.000,0.000,0.264,-0.176,-46.406,32.520,-0.264,-0.088,0.176,0.000,0.000,-0.088,-0.088,0.264,0.088,0.000,0.439,0.176,0.000,0.000,0.000,0.000,-47.133,32.667,0.000,0.000,0.000,0.000,0.000,0.000,0.000,0.000,0.000,0.000,0.000,0.000,0.013,6.8,11.20,32.0,0.000,0.000,0.000,0.006,0.013,0.006,0.006,0.000,0.006,0.000,0.000,0.000,0.000,0.006,0.000,0.000,0.006,0.006
101.2075,1012,0,move,-1,101.2075,101.2197,0,0.000,0.000,0.264,-0.176,-46.406,32.520,-0.264,-0.088,0.176,0.000,0.000,-0.088,-0.088,0.264,0.088,0.000,0.439,0.176,0.000,0.000,0.000,0.000,-47.133,32.667,0.000,0.000,0.000,0.000,0.000,0.000,0.000,0.000,0.000,0.000,0.000,0.000,0.013,7.2,11.20,32.0,0.000,0.000,0.000,0.000,0.013,0.006,0.000,0.000,0.000,0.000,0.000,0.000,0.000,0.006,0.000,0.000,0.006,0.000
101.3075,1013,0,move,-1,101.3075,101.3175,0,0.000,0.000,0.264,-0.176,-46.406,32.520,-0.264,-0.088,0.176,0.000,0.000,-0.088,-0.088,0.264,0.088,0.000,0.439,0.176,0.000,0.000,0.000,0.000,-47.133,32.667,0.000,0.000,0.000,0.000,0.000,0.000,0.000,0.000,0.000,0.000,0.000,0.000,0.013,7.2,11.20,32.0,0.000,0.000,0.000,0.000,0.013,0.006,0.000,0.000,0.000,0.000,0.000,0.000,0.000,0.006,0.000,0.000,0.006,0.000
101.4075,1014,0,move,-1,101.4075,101.4194,0,0.000,0.000,0.264,-0.176,-46.406,32.520,-0.264,-0.088,0.176,0.000,0.000,-0.088,-0.088,0.264,0.088,0.000,0.439,0.176,0.000,0.000,0.000,0.000,-47.133,32.667,0.000,0.000,0.000,0.000,0.000,0.000,0.000,0.000,0.000,0.000,0.000,0.000,0.013,7.2,11.30,32.0,0.000,0.000,0.006,0.000,0.013,0.006,0.006,0.000,0.000,0.000,0.000,0.000,0.000,0.013,0.000,0.000,0.006,0.006
101.5075,1015,0,move,-1,101.5075,101.5192,0,0.000,0.000,0.264,-0.176,-46.406,32.520,-0.264,-0.088,0.176,0.000,0.000,-0.088,-0.088,0.264,0.088,0.000,0.439,0.176,0.000,0.000,0.000,0.000,-47.133,32.667,0.000,0.000,0.000,0.000,0.000,0.000,0.000,0.000,0.000,0.000,0.000,0.000,0.013,7.2,11.30,32.0,0.000,0.000,0.006,0.000,0.013,0.006,0.006,0.000,0.000,0.000,0.000,0.000,0.000,0.013,0.000,0.000,0.006,0.006
101.6075,1016,0,move,-1,101.6075,101.6200,0,0.000,0.000,0.264,-0.176,-46.406,32.520,-0.264,-0.088,0.176,0.000,0.000,-0.088,-0.088,0.264,0.088,0.000,0.439,0.176,0.000,0.000,0.000,0.000,-47.133,32.667,0.000,0.000,0.000,0.000,0.000,0.000,0.000,0.000,0.000,0.000,0.000,0.000,0.019,7.2,11.20,32.0,0.000,0.000,0.006,0.000,0.019,0.000,0.006,0.000,0.000,0.000,0.000,0.000,0.000,0.013,0.000,0.000,0.013,0.000
101.7075,1017,0,move,-1,101.7075,101.7179,0,0.000,0.000,0.264,-0.176,-46.406,32.520,-0.264,-0.088,0.176,0.000,0.000,-0.088,-0.088,0.264,0.088,0.000,0.439,0.176,0.000,0.000,0.000,0.000,-47.133,32.667,0.000,0.000,0.000,0.000,0.000,0.000,0.000,0.000,0.000,0.000,0.000,0.000,0.019,7.2,11.20,32.0,0.000,0.000,0.006,0.000,0.019,0.000,0.006,0.000,0.000,0.000,0.000,0.000,0.000,0.013,0.000,0.000,0.013,0.000
101.8075,1018,0,move,-1,101.8075,101.8188,0,0.000,0.000,0.264,-0.176,-46.406,32.520,-0.264,-0.088,0.176,0.000,0.000,-0.088,-0.088,0.264,0.088,0.000,0.439,0.176,0.000,0.000,0.000,0.000,-47.133,32.667,0.000,0.000,0.000,0.000,0.000,0.000,0.000,0.000,0.000,0.000,0.000,0.000,0.013,7.2,11.30,32.0,0.000,0.000,0.000,0.006,0.013,0.000,0.006,0.000,0.006,0.000,0.000,0.000,0.000,0.006,0.000,0.000,0.006,0.006
101.9075,1019,0,move,-1,101.9075,101.9180,0,0.000,0.000,0.264,-0.176,-46.406,32.520,-0.264,-0.088,0.176,0.000,0.000,-0.088,-0.088,0.264,0.088,0.000,0.439,0.176,0.000,0.000,0.000,0.000,-47.133,32.667,0.000,0.000,0.000,0.000,0.000,0.000,0.000,0.000,0.000,0.000,0.000,0.000,0.013,7.2,11.30,32.0,0.000,0.000,0.000,0.006,0.013,0.000,0.006,0.000,0.006,0.000,0.000,0.000,0.000,0.006,0.000,0.000,0.006,0.006
102.0074,1020,0,move,-1,102.0074,102.0197,0,0.000,0.000,0.264,-0.176,-46.406,32.520,-0.264,-0.088,0.176,0.000,0.000,-0.088,-0.088,0.264,0.088,0.000,0.439,0.176,0.000,0.000,0.000,0.000,-47.133,32.667,0.000,0.000,0.000,0.000,0.000,0.000,0.000,0.000,0.000,0.000,0.000,0.000,0.013,7.2,11.30,32.0,0.000,0.000,0.006,0.000,0.013,0.006,0.006,0.000,0.000,0.000,0.000,0.000,0.000,0.013,0.000,0.000,0.013,0.000
102.1075,1021,0,move,-1,102.1075,102.1184,0,0.000,0.000,0.264,-0.176,-46.406,32.520,-0.264,-0.088,0.176,0.000,0.000,-0.088,-0.088,0.264,0.088,0.000,0.439,0.176,0.000,0.000,0.000,0.000,-47.133,32.667,0.000,0.000,0.000,0.000,0.000,0.000,0.000,0.000,0.000,0.000,0.000,0.000,0.013,7.2,11.30,32.0,0.000,0.000,0.006,0.000,0.013,0.006,0.006,0.000,0.000,0.000,0.000,0.000,0.000,0.013,0.000,0.000,0.013,0.000
102.2075,1022,0,move,-1,102.2075,102.2185,0,0.000,0.000,0.264,-0.176,-46.406,32.520,-0.264,-0.088,0.176,0.000,0.000,-0.088,-0.088,0.264,0.088,0.000,0.439,0.176,0.000,0.000,0.000,0.000,-47.133,32.667,0.000,0.000,0.000,0.000,0.000,0.000,0.000,0.000,0.000,0.000,0.000,0.000,0.019,7.2,11.30,32.0,0.000,0.000,0.006,0.006,0.019,0.006,0.006,0.000,0.006,0.000,0.000,0.000,0.000,0.013,0.000,0.000,0.006,0.000
102.3073,1023,0,move,-1,102.3073,102.3207,0,0.000,0.000,0.264,-0.176,-46.406,32.520,-0.264,-0.088,0.176,0.000,0.000,-0.088,-0.088,0.264,0.088,0.000,0.439,0.176,0.000,0.000,0.000,0.000,-47.133,32.667,0.000,0.000,0.000,0.000,0.000,0.000,0.000,0.000,0.000,0.000,0.000,0.000,0.013,7.2,11.30,31.0,0.000,0.000,0.006,0.000,0.013,0.006,0.006,0.000,0.000,0.000,0.000,0.000,0.000,0.013,0.000,0.000,0.006,0.006
102.4075,1024,0,move,-1,102.4075,102.4175,0,0.000,0.000,0.264,-0.176,-46.406,32.520,-0.264,-0.088,0.176,0.000,0.000,-0.088,-0.088,0.264,0.088,0.000,0.439,0.176,0.000,0.000,0.000,0.000,-47.133,32.667,0.000,0.000,0.000,0.000,0.000,0.000,0.000,0.000,0.000,0.000,0.000,0.000,0.013,7.2,11.30,31.0,0.000,0.000,0.006,0.000,0.013,0.006,0.006,0.000,0.000,0.000,0.000,0.000,0.000,0.013,0.000,0.000,0.006,0.006
102.5075,1025,0,move,-1,102.5075,102.5152,0,0.000,0.000,0.264,-0.176,-46.406,32.520,-0.264,-0.088,0.176,0.000,0.000,-0.088,-0.088,0.264,0.088,0.000,0.439,0.176,0.000,0.000,0.000,0.000,-47.133,32.667,0.000,0.000,0.000,0.000,0.000,0.000,0.000,0.000,0.000,0.000,0.000,0.000,0.019,7.2,11.30,32.0,0.000,0.000,0.006,0.000,0.019,0.006,0.000,0.000,0.006,0.000,0.000,0.000,0.000,0.006,0.000,0.000,0.013,0.000
102.6073,1026,0,move,-1,102.6073,102.6239,0,0.000,0.000,0.264,-0.176,-46.406,32.520,-0.264,-0.088,0.176,0.000,0.000,-0.088,-0.088,0.264,0.088,0.000,0.439,0.176,0.000,0.000,0.000,0.000,-47.133,32.667,0.000,0.000,0.000,0.000,0.000,0.000,0.000,0.000,0.000,0.000,0.000,0.000,0.019,7.2,11.30,32.0,0.000,0.000,0.006,0.000,0.019,0.006,0.006,0.000,0.000,0.000,0.000,0.000,0.000,0.013,0.000,0.000,0.013,0.000
102.7073,1027,0,move,-1,102.7073,102.7168,0,0.000,0.000,0.264,-0.176,-46.406,32.520,-0.264,-0.088,0.176,0.000,0.000,-0.088,-0.088,0.264,0.088,0.000,0.439,0.176,0.000,0.000,0.000,0.000,-47.133,32.667,0.000,0.000,0.000,0.000,0.000,0.000,0.000,0.000,0.000,0.000,0.000,0.000,0.019,7.2,11.30,32.0,0.000,0.000,0.006,0.000,0.019,0.006,0.006,0.000,0.000,0.000,0.000,0.000,0.000,0.013,0.000,0.000,0.013,0.000
102.8075,1028,0,move,-1,102.8075,102.8183,0,0.000,0.000,0.264,-0.176,-46.406,32.520,-0.264,-0.088,0.176,0.000,0.000,-0.088,-0.088,0.264,0.088,0.000,0.439,0.176,0.000,0.000,0.000,0.000,-47.133,32.667,0.000,0.000,0.000,0.000,0.000,0.000,0.000,0.000,0.000,0.000,0.000,0.000,0.019,7.2,11.30,32.0,0.000,0.000,0.006,0.006,0.019,0.006,0.006,0.000,0.000,0.000,0.000,0.000,0.000,0.013,0.000,0.000,0.013,0.006
102.9074,1029,0,move,-1,102.9074,102.9171,0,0.000,0.000,0.264,-0.176,-46.406,32.520,-0.264,-0.088,0.176,0.000,0.000,-0.088,-0.088,0.264,0.088,0.000,0.439,0.176,0.000,0.000,0.000,0.000,-47.133,32.667,0.000,0.000,0.000,0.000,0.000,0.000,0.000,0.000,0.000,0.000,0.000,0.000,0.019,7.2,11.30,32.0,0.000,0.000,0.006,0.006,0.019,0.006,0.006,0.000,0.000,0.000,0.000,0.000,0.000,0.013,0.000,0.000,0.013,0.006
103.0075,1030,0,move,-1,103.0075,103.0188,0,0.000,0.000,0.264,-0.176,-46.406,32.520,-0.264,-0.088,0.176,0.000,0.000,-0.088,-0.088,0.264,0.088,0.000,0.439,0.176,0.000,0.000,0.000,0.000,-47.133,32.667,0.000,0.000,0.000,0.000,0.000,0.000,0.000,0.000,0.000,0.000,0.000,0.000,0.019,7.2,11.30,32.0,0.000,0.000,0.000,0.000,0.019,0.006,0.000,0.000,0.000,0.000,0.000,0.000,0.000,0.013,0.000,0.000,0.006,0.006
103.1092,1031,0,move,-1,103.1092,103.1188,0,0.000,0.000,0.264,-0.176,-46.406,32.520,-0.264,-0.088,0.176,0.000,0.000,-0.088,-0.088,0.264,0.088,0.000,0.439,0.176,0.000,0.000,0.000,0.000,-47.133,32.667,0.000,0.000,0.000,0.000,0.000,0.000,0.000,0.000,0.000,0.000,0.000,0.000,0.019,7.2,11.30,32.0,0.000,0.000,0.000,0.000,0.019,0.006,0.000,0.000,0.000,0.000,0.000,0.000,0.000,0.013,0.000,0.000,0.006,0.006
103.2075,1032,0,move,-1,103.2075,103.2200,0,0.000,0.000,0.264,-0.176,-46.406,32.520,-0.264,-0.088,0.176,0.000,0.000,-0.088,-0.088,0.264,0.088,0.000,0.439,0.176,0.000,0.000,0.000,0.000,-47.133,32.667,0.000,0.000,0.000,0.000,0.000,0.000,0.000,0.000,0.000,0.000,0.000,0.000,0.013,7.2,11.30,32.0,0.000,0.000,0.000,0.000,0.013,0.006,0.006,0.000,0.000,0.000,0.000,0.000,0.000,0.006,0.000,0.000,0.006,0.000
103.3075,1033,0,move,-1,103.3075,103.3179,0,0.000,0.000,0.264,-0.176,-46.406,32.520,-0.264,-0.088,0.176,0.000,0.000,-0.088,-0.088,0.264,0.088,0.000,0.439,0.176,0.000,0.000,0.000,0.000,-47.133,32.667,0.000,0.000,0.000,0.000,0.000,0.000,0.000,0.000,0.000,0.000,0.000,0.000,0.013,7.2,11.30,32.0,0.000,0.000,0.000,0.000,0.013,0.006,0.006,0.000,0.000,0.000,0.000,0.000,0.000,0.006,0.000,0.000,0.006,0.000
103.4075,1034,0,move,-1,103.4075,103.4194,0,0.000,0.000,0.264,-0.176,-46.406,32.520,-0.264,-0.088,0.176,0.000,0.000,-0.088,-0.088,0.264,0.088,0.000,0.439,0.176,0.000,0.000,0.000,0.000,-47.133,32.667,0.000,0.000,0.000,0.000,0.000,0.000,0.000,0.000,0.000,0.000,0.000,0.000,0.013,7.2,11.30,32.0,0.000,0.000,0.006,0.000,0.013,0.000,0.006,0.000,0.006,0.000,0.000,0.000,0.000,0.006,0.000,0.000,0.013,0.006
103.5075,1035,0,move,-1,103.5075,103.5176,0,0.000,0.000,0.264,-0.176,-46.406,32.520,-0.264,-0.088,0.176,0.000,0.000,-0.088,-0.088,0.264,0.088,0.000,0.439,0.176,0.000,0.000,0.000,0.000,-47.133,32.667,0.000,0.000,0.000,0.000,0.000,0.000,0.000,0.000,0.000,0.000,0.000,0.000,0.013,7.2,11.30,32.0,0.000,0.000,0.006,0.000,0.013,0.000,0.006,0.000,0.006,0.000,0.000,0.000,0.000,0.006,0.000,0.000,0.013,0.006
103.6086,1036,0,move,-1,103.6086,103.6358,0,0.000,0.000,0.264,-0.176,-46.406,32.520,-0.264,-0.088,0.176,0.000,0.000,-0.088,-0.088,0.264,0.088,0.000,0.439,0.176,0.000,0.000,0.000,0.000,-47.133,32.667,0.000,0.000,0.000,0.000,0.000,0.000,0.000,0.000,0.000,0.000,0.000,0.000,0.013,7.2,11.30,32.0,0.000,0.000,0.000,0.000,0.013,0.000,0.006,0.000,0.006,0.000,0.000,0.000,0.000,0.013,0.000,0.000,0.013,0.000
103.7075,1037,0,move,-1,103.7075,103.7569,0,0.000,0.000,0.264,-0.176,-46.406,32.520,-0.264,-0.088,0.176,0.000,0.000,-0.088,-0.088,0.264,0.088,0.000,0.439,0.176,0.000,0.000,0.000,0.000,-47.133,32.667,0.000,0.000,0.000,0.000,0.000,0.000,0.000,0.000,0.000,0.000,0.000,0.000,0.013,7.2,11.30,32.0,0.006,0.000,0.006,0.000,0.013,0.006,0.000,0.000,0.000,0.000,0.000,0.000,0.000,0.013,0.000,0.000,0.006,0.000
103.8075,1038,0,move,-1,103.8075,103.8198,0,0.000,0.000,0.264,-0.176,-46.406,32.520,-0.264,-0.088,0.176,0.000,0.000,-0.088,-0.088,0.264,0.088,0.000,0.439,0.176,0.000,0.000,0.000,0.000,-47.133,32.667,0.000,0.000,0.000,0.000,0.000,0.000,0.000,0.000,0.000,0.000,0.000,0.000,0.013,7.2,11.30,32.0,0.006,0.000,0.006,0.000,0.013,0.006,0.000,0.000,0.000,0.000,0.000,0.000,0.000,0.013,0.000,0.000,0.006,0.000
103.9075,1039,0,move,-1,103.9075,103.9183,0,0.000,0.000,0.264,-0.176,-46.406,32.520,-0.264,-0.088,0.176,0.000,0.000,-0.088,-0.088,0.264,0.088,0.000,0.439,0.176,0.000,0.000,0.000,0.000,-47.133,32.667,0.000,0.000,0.000,0.000,0.000,0.000,0.000,0.000,0.000,0.000,0.000,0.000,0.019,7.2,11.20,32.0,0.000,0.000,0.000,0.000,0.019,0.006,0.000,0.000,0.006,0.000,0.000,0.000,0.000,0.013,0.000,0.000,0.006,0.000
104.0087,1040,0,move,-1,104.0087,104.0387,0,0.000,0.000,0.264,-0.176,-46.406,32.520,-0.264,-0.088,0.176,0.000,0.000,-0.088,-0.088,0.264,0.088,0.000,0.439,0.176,0.000,0.000,0.000,0.000,-47.233,32.716,0.000,0.000,0.000,0.000,0.000,0.000,0.000,0.000,0.000,0.000,0.000,0.000,0.013,8.0,11.30,32.0,0.000,0.000,0.000,0.000,0.013,0.000,0.006,0.000,0.000,0.000,0.000,0.000,0.000,0.013,0.000,0.000,0.006,0.000
104.1103,1041,0,move,-1,104.1103,104.1208,0,0.000,0.000,0.264,-0.176,-46.406,32.520,-0.264,-0.088,0.176,0.000,0.000,-0.088,-0.088,0.264,0.088,0.000,0.439,0.176,0.000,0.000,0.000,0.000,-47.522,32.856,0.000,0.000,0.000,0.000,0.000,0.000,0.000,0.000,0.000,0.000,0.000,0.000,0.013,8.0,11.30,32.0,0.000,0.000,0.000,0.000,0.013,0.000,0.006,0.000,0.000,0.000,0.000,0.000,0.000,0.013,0.000,0.000,0.006,0.000
104.2075,1042,0,move,-1,104.2075,104.2186,0,0.000,0.000,0.264,-0.176,-46.846,32.871,-0.264,-0.088,0.176,0.000,0.000,-0.088,-0.088,0.264,0.088,0.000,0.439,0.176,0.000,0.000,0.000,0.000,-47.971,33.071,0.000,0.000,0.000,0.000,0.000,0.000,0.000,0.000,0.000,0.000,0.000,0.000,0.013,8.0,11.20,32.0,0.000,0.000,0.000,0.006,0.013,0.006,0.006,0.000,0.000,0.000,0.000,0.000,0.000,0.013,0.000,0.000,0.006,0.000
104.3075,1043,0,move,-1,104.3075,104.3174,0,0.000,0.000,0.264,-0.176,-47.109,32.959,-0.264,-0.088,0.176,0.000,0.000,-0.088,-0.088,0.264,0.088,0.000,0.439,0.176,0.000,0.000,0.000,0.000,-48.535,33.340,0.000,0.000,0.000,0.000,0.000,0.000,0.000,0.000,0.000,0.000,0.000,0.000,0.013,8.0,11.20,32.0,0.000,0.000,0.000,0.006,0.013,0.006,0.006,0.000,0.000,0.000,0.000,0.000,0.000,0.013,0.000,0.000,0.006,0.000
104.4075,1044,0,move,-1,104.4075,104.4322,0,0.000,0.000,0.264,-0.176,-47.725,33.223,-0.264,-0.088,0.176,0.000,0.000,-0.088,-0.088,0.264,0.088,0.000,0.439,0.176,0.000,0.000,0.000,0.000,-49.154,33.634,0.000,0.000,0.000,0.000,0.000,0.000,0.000,0.000,0.000,0.000,0.000,0.000,0.019,8.8,11.30,32.0,0.000,0.000,0.000,0.000,0.019,0.006,0.000,0.000,0.000,0.000,0.000,0.000,0.000,0.013,0.000,0.000,0.006,0.006
104.5075,1045,0,move,-1,104.5075,104.5178,0,0.000,0.000,0.264,-0.176,-48.164,33.574,-0.264,-0.088,0.176,0.000,0.000,-0.088,-0.088,0.264,0.088,0.000,0.439,0.176,0.000,0.000,0.000,0.000,-49.772,33.924,0.000,0.000,0.000,0.000,0.000,0.000,0.000,0.000,0.000,0.000,0.000,0.000,0.019,8.8,11.30,32.0,0.000,0.000,0.000,0.000,0.019,0.006,0.000,0.000,0.000,0.000,0.000,0.000,0.000,0.013,0.000,0.000,0.006,0.006
104.6073,1046,0,move,-1,104.6073,104.6190,0,0.000,0.000,0.264,-0.176,-48.779,33.838,-0.264,-0.088,0.176,0.000,0.000,-0.088,-0.088,0.264,0.088,0.000,0.439,0.176,0.000,0.000,0.000,0.000,-50.327,34.182,0.000,0.000,0.000,0.000,0.000,0.000,0.000,0.000,0.000,0.000,0.000,0.000,0.026,8.8,11.30,32.0,0.000,0.000,0.000,0.006,0.026,0.006,0.000,0.000,0.000,0.000,0.000,0.000,0.000,0.006,0.000,0.000,0.006,0.006
104.7075,1047,0,move,-1,104.7075,104.7177,0,0.000,0.000,0.264,-0.176,-49.482,34.189,-0.264,-0.088,0.176,0.000,0.000,-0.088,-0.088,0.264,0.088,0.000,0.439,0.176,0.000,0.000,0.000,0.000,-50.765,34.384,0.000,0.000,0.000,0.000,0.000,0.000,0.000,0.000,0.000,0.000,0.000,0.000,0.026,8.8,11.30,32.0,0.000,0.000,0.000,0.006,0.026,0.006,0.000,0.000,0.000,0.000,0.000,0.000,0.000,0.006,0.000,0.000,0.006,0.006
104.8075,1048,0,move,-1,104.8075,104.8186,0,0.000,0.000,0.264,-0.176,-49.922,34.365,-0.264,-0.088,0.176,0.000,0.000,-0.088,-0.088,0.264,0.088,0.000,0.439,0.176,0.000,0.000,0.000,0.000,-51.045,34.512,0.000,0.000,0.000,0.000,0.000,0.000,0.000,0.000,0.000,0.000,0.000,0.000,0.019,9.6,11.30,32.0,0.000,0.000,0.000,0.006,0.019,0.013,0.006,0.000,0.000,0.000,0.000,0.000,0.000,0.013,0.000,0.000,0.006,0.000
104.9076,1049,0,move,-1,104.9076,104.9178,0,0.000,0.000,0.264,-0.176,-50.361,34.365,-0.264,-0.088,0.176,0.000,0.000,-0.088,-0.088,0.264,0.088,0.000,0.439,0.176,0.000,0.000,0.000,0.000,-51.141,34.556,0.000,0.000,0.000,0.000,0.000,0.000,0.000,0.000,0.000,0.000,0.000,0.000,0.019,9.6,11.30,32.0,0.000,0.000,0.000,0.006,0.019,0.013,0.006,0.000,0.000,0.000,0.000,0.000,0.000,0.013,0.000,0.000,0.006,0.000
105.0075,1050,0,move,-1,105.0075,105.0174,0,0.000,0.000,0.264,-0.176,-50.449,34.365,-0.264,-0.088,0.176,0.000,0.000,-0.088,-0.088,0.264,0.088,0.000,0.439,0.176,0.000,0.000,0.000,0.000,-51.141,34.556,0.000,0.000,0.000,0.000,0.000,0.000,0.000,0.000,0.000,0.000,0.000,0.000,0.013,7.2,11.20,32.0,0.000,0.000,0.000,0.000,0.013,0.006,0.006,0.000,0.000,0.000,0.000,0.000,0.000,0.006,0.000,0.000,0.006,0.000
105.1109,1051,0,move,-1,105.1109,105.1702,0,0.000,0.000,0.264,-0.176,-50.537,34.365,-0.264,-0.088,0.176,0.000,0.000,-0.088,-0.088,0.264,0.088,0.000,0.439,0.176,0.000,0.000,0.000,0.000,-51.141,34.556,0.000,0.000,0.000,0.000,0.000,0.000,0.000,0.000,0.000,0.000,0.000,0.000,0.013,6.4,11.20,32.0,0.000,0.000,0.006,0.000,0.013,0.006,0.000,0.000,0.006,0.000,0.000,0.000,0.000,0.006,0.000,0.000,0.013,0.006
105.2073,1052,0,move,-1,105.2073,105.2206,0,0.000,0.000,0.264,-0.176,-50.537,34.365,-0.264,-0.088,0.176,0.000,0.000,-0.088,-0.088,0.264,0.088,0.000,0.439,0.176,0.000,0.000,0.000,0.000,-51.141,34.556,0.000,0.000,0.000,0.000,0.000,0.000,0.000,0.000,0.000,0.000,0.000,0.000,0.013,6.4,11.20,32.0,0.000,0.000,0.006,0.000,0.013,0.006,0.000,0.000,0.006,0.000,0.000,0.000,0.000,0.006,0.000,0.000,0.013,0.006
105.3075,1053,0,move,-1,105.3075,105.3195,0,0.000,0.000,0.264,-0.176,-50.537,34.365,-0.264,-0.088,0.176,0.000,0.000,-0.088,-0.088,0.264,0.088,0.000,0.439,0.176,0.000,0.000,0.000,0.000,-51.141,34.556,0.000,0.000,0.000,0.000,0.000,0.000,0.000,0.000,0.000,0.000,0.000,0.000,0.013,6.4,11.30,32.0,0.000,0.000,0.000,0.006,0.013,0.006,0.006,0.000,0.000,0.000,0.000,0.000,0.000,0.006,0.000,0.000,0.006,0.000
105.4075,1054,0,move,-1,105.4075,105.4199,0,0.000,0.000,0.264,-0.176,-50.537,34.365,-0.264,-0.088,0.176,0.000,0.000,-0.088,-0.088,0.264,0.088,0.000,0.439,0.176,0.000,0.000,0.000,0.000,-51.141,34.556,0.000,0.000,0.000,0.000,0.000,0.000,0.000,0.000,0.000,0.000,0.000,0.000,0.013,6.4,11.30,32.0,0.000,0.000,0.000,0.006,0.013,0.006,0.006,0.000,0.000,0.000,0.000,0.000,0.000,0.006,0.000,0.000,0.006,0.000
105.5074,1055,0,move,-1,105.5074,105.5213,0,0.000,0.000,0.264,-0.176,-50.537,34.365,-0.264,-0.088,0.176,0.000,0.000,-0.088,-0.088,0.264,0.088,0.000,0.439,0.176,0.000,0.000,0.000,0.000,-51.141,34.556,0.000,0.000,0.000,0.000,0.000,0.000,0.000,0.000,0.000,0.000,0.000,0.000,0.013,6.4,11.30,32.0,0.000,0.000,0.000,0.006,0.013,0.006,0.006,0.000,0.000,0.000,0.000,0.000,0.000,0.013,0.000,0.000,0.006,0.000
105.6075,1056,0,move,-1,105.6075,105.6143,0,0.000,0.000,0.264,-0.176,-50.537,34.365,-0.264,-0.088,0.176,0.000,0.000,-0.088,-0.088,0.264,0.088,0.000,0.439,0.176,0.000,0.000,0.000,0.000,-51.141,34.556,0.000,0.000,0.000,0.000,0.000,0.000,0.000,0.000,0.000,0.000,0.000,0.000,0.013,6.4,11.30,32.0,0.000,0.000,0.000,0.006,0.013,0.006,0.006,0.000,0.000,0.000,0.000,0.000,0.000,0.013,0.000,0.000,0.006,0.000
105.7075,1057,0,move,-1,105.7075,105.7171,0,0.000,0.000,0.264,-0.176,-50.537,34.365,-0.264,-0.088,0.176,0.000,0.000,-0.088,-0.088,0.264,0.088,0.000,0.439,0.176,0.000,0.000,0.000,0.000,-51.141,34.556,0.000,0.000,0.000,0.000,0.000,0.000,0.000,0.000,0.000,0.000,0.000,0.000,0.013,6.4,11.30,32.0,0.000,0.000,0.006,0.006,0.013,0.000,0.000,0.000,0.006,0.000,0.000,0.000,0.000,0.013,0.000,0.000,0.006,0.000
105.8075,1058,0,move,-1,105.8075,105.8194,0,0.000,0.000,0.264,-0.176,-50.537,34.365,-0.264,-0.088,0.176,0.000,0.000,-0.088,-0.088,0.264,0.088,0.000,0.439,0.176,0.000,0.000,0.000,0.000,-51.141,34.556,0.000,0.000,0.000,0.000,0.000,0.000,0.000,0.000,0.000,0.000,0.000,0.000,0.013,6.4,11.30,32.0,0.000,0.000,0.000,0.000,0.013,0.000,0.006,0.000,0.000,0.000,0.000,0.000,0.000,0.006,0.000,0.000,0.013,0.006
105.9075,1059,0,move,-1,105.9075,105.9281,0,0.000,0.000,0.264,-0.176,-50.537,34.453,-0.264,-0.088,0.176,0.000,0.000,-0.088,-0.088,0.264,0.088,0.000,0.439,0.176,0.000,0.000,0.000,0.000,-51.141,34.556,0.000,0.000,0.000,0.000,0.000,0.000,0.000,0.000,0.000,0.000,0.000,0.000,0.006,2.4,11.30,32.0,0.000,0.000,0.000,0.006,,0.000,0.006,0.000,0.000,0.000,0.000,0.000,0.000,0.006,0.000,0.000,0.006,0.006
106.0075,1060,0,move,-1,106.0075,106.0180,0,0.000,0.000,0.264,-0.176,-50.537,34.453,-0.264,-0.088,0.176,0.000,0.000,-0.088,-0.088,0.264,0.088,0.000,0.439,0.176,0.000,0.000,0.000,0.000,-51.141,34.556,0.000,0.000,0.000,0.000,0.000,0.000,0.000,0.000,0.000,0.000,0.000,0.000,0.006,2.4,11.30,32.0,0.000,0.000,0.000,0.006,,0.000,0.006,0.000,0.000,0.000,0.000,0.000,0.000,0.006,0.000,0.000,0.006,0.006
106.1075,1061,0,move,-1,106.1075,106.1194,0,0.000,0.000,0.264,-0.176,-50.537,34.453,-0.264,-0.088,0.176,0.000,0.000,-0.088,-0.088,0.264,0.088,0.000,0.439,0.176,0.000,0.000,0.000,0.000,-51.141,34.556,0.000,0.000,0.000,0.000,0.000,0.000,0.000,0.000,0.000,0.000,0.000,0.000,0.013,6.4,11.30,32.0,0.000,0.000,0.006,0.006,0.013,0.000,0.006,0.000,0.000,0.000,0.000,0.000,0.000,0.006,0.000,0.000,0.013,0.000
106.2075,1062,0,move,-1,106.2075,106.2176,0,0.000,0.000,0.264,-0.176,-50.537,34.453,-0.264,-0.088,0.176,0.000,0.000,-0.088,-0.088,0.264,0.088,0.000,0.439,0.176,0.000,0.000,0.000,0.000,-51.141,34.556,0.000,0.000,0.000,0.000,0.000,0.000,0.000,0.000,0.000,0.000,0.000,0.000,0.013,6.4,11.30,32.0,0.000,0.000,0.006,0.006,0.013,0.000,0.006,0.000,0.000,0.000,0.000,0.000,0.000,0.006,0.000,0.000,0.013,0.000
106.3073,1063,0,move,-1,106.3073,106.3183,0,0.000,0.000,0.264,-0.176,-50.537,34.453,-0.264,-0.088,0.176,0.000,0.000,-0.088,-0.088,0.264,0.088,0.000,0.439,0.176,0.000,0.000,0.000,0.000,-51.141,34.556,0.000,0.000,0.000,0.000,0.000,0.000,0.000,0.000,0.000,0.000,0.000,0.000,0.013,6.4,11.30,32.0,0.000,0.000,0.000,0.006,0.013,0.000,0.006,0.000,0.000,0.000,0.000,0.000,0.000,0.013,0.000,0.000,0.006,0.006
106.4073,1064,0,move,-1,106.4073,106.4175,0,0.000,0.000,0.264,-0.176,-50.537,34.453,-0.264,-0.088,0.176,0.000,0.000,-0.088,-0.088,0.264,0.088,0.000,0.439,0.176,0.000,0.000,0.000,0.000,-51.141,34.556,0.000,0.000,0.000,0.000,0.000,0.000,0.000,0.000,0.000,0.000,0.000,0.000,0.013,6.4,11.30,32.0,0.000,0.000,0.000,0.006,0.013,0.000,0.006,0.000,0.000,0.000,0.000,0.000,0.000,0.013,0.000,0.000,0.006,0.006
106.5075,1065,0,move,-1,106.5075,106.5196,0,0.000,0.000,0.264,-0.176,-50.537,34.453,-0.264,-0.088,0.176,0.000,0.000,-0.088,-0.088,0.264,0.088,0.000,0.439,0.176,0.000,0.000,0.000,0.000,-51.141,34.556,0.000,0.000,0.000,0.000,0.000,0.000,0.000,0.000,0.000,0.000,0.000,0.000,0.013,3.2,11.30,29.0,0.000,0.000,0.000,0.000,0.006,0.000,0.000,0.000,0.000,0.000,0.000,0.000,0.000,0.013,0.000,0.000,0.013,0.006
106.6075,1066,0,move,-1,106.6075,106.6181,0,0.000,0.000,0.264,-0.176,-50.537,34.453,-0.264,-0.088,0.176,0.000,0.000,-0.088,-0.088,0.264,0.088,0.000,0.439,0.176,0.000,0.000,0.000,0.000,-51.141,34.556,0.000,0.000,0.000,0.000,0.000,0.000,0.000,0.000,0.000,0.000,0.000,0.000,0.013,3.2,11.30,29.0,0.000,0.000,0.000,0.000,0.006,0.000,0.000,0.000,0.000,0.000,0.000,0.000,0.000,0.013,0.000,0.000,0.013,0.006
106.7074,1067,0,move,-1,106.7074,106.7194,0,0.000,0.000,0.264,-0.176,-50.537,34.453,-0.264,-0.088,0.176,0.000,0.000,-0.088,-0.088,0.264,0.088,0.000,0.439,0.176,0.000,0.000,0.000,0.000,-51.141,34.556,0.000,0.000,0.000,0.000,0.000,0.000,0.000,0.000,0.000,0.000,0.000,0.000,0.013,6.4,11.30,32.0,0.000,0.000,0.000,0.006,0.013,0.000,0.006,0.000,0.000,0.000,0.000,0.000,0.000,0.006,0.000,0.000,0.006,0.006
106.8075,1068,0,move,-1,106.8075,106.8251,0,0.000,0.000,0.264,-0.176,-50.537,34.453,-0.264,-0.088,0.176,0.000,0.000,-0.088,-0.088,0.264,0.088,0.000,0.439,0.176,0.000,0.000,0.000,0.000,-51.141,34.556,0.000,0.000,0.000,0.000,0.000,0.000,0.000,0.000,0.000,0.000,0.000,0.000,0.013,6.4,11.30,32.0,0.000,0.000,0.000,0.000,0.013,0.000,0.006,0.000,0.000,0.000,0.000,0.000,0.000,0.013,0.000,0.000,0.013,0.000
106.9097,1069,0,move,-1,106.9097,106.9330,0,0.000,0.000,0.264,-0.176,-50.537,34.453,-0.264,-0.088,0.176,0.000,0.000,-0.088,-0.088,0.264,0.088,0.000,0.439,0.176,0.000,0.000,0.000,0.000,-51.141,34.556,0.000,0.000,0.000,0.000,0.000,0.000,0.000,0.000,0.000,0.000,0.000,0.000,0.013,6.4,11.30,32.0,0.000,0.000,0.000,0.000,0.013,0.000,0.006,0.000,0.006,0.000,0.000,0.000,0.000,0.013,0.000,0.000,0.006,0.006
107.0075,1070,0,move,-1,107.0075,107.0176,0,0.000,0.000,0.264,-0.176,-50.537,34.453,-0.264,-0.088,0.176,0.000,0.000,-0.088,-0.088,0.264,0.088,0.000,0.439,0.176,0.000,0.000,0.000,0.000,-51.141,34.556,0.000,0.000,0.000,0.000,0.000,0.000,0.000,0.000,0.000,0.000,0.000,0.000,0.013,6.4,11.30,32.0,0.000,0.000,0.000,0.000,0.013,0.000,0.006,0.000,0.006,0.000,0.000,0.000,0.000,0.013,0.000,0.000,0.006,0.006
107.1075,1071,0,move,-1,107.1075,107.1195,0,0.000,0.000,0.264,-0.176,-50.537,34.453,-0.264,-0.088,0.176,0.000,0.000,-0.088,-0.088,0.264,0.088,0.000,0.439,0.176,0.000,0.000,0.000,0.000,-51.141,34.556,0.000,0.000,0.000,0.000,0.000,0.000,0.000,0.000,0.000,0.000,0.000,0.000,0.013,6.4,11.30,32.0,0.000,0.000,0.000,0.000,0.013,0.000,0.006,0.000,0.000,0.000,0.000,0.000,0.000,0.006,0.000,0.000,0.006,0.000
107.2075,1072,0,move,-1,107.2075,107.2223,0,0.000,0.000,0.264,-0.176,-50.537,34.453,-0.264,-0.088,0.176,0.000,0.000,-0.088,-0.088,0.264,0.088,0.000,0.439,0.176,0.000,0.000,0.000,0.000,-51.141,34.556,0.000,0.000,0.000,0.000,0.000,0.000,0.000,0.000,0.000,0.000,0.000,0.000,0.013,6.4,11.30,32.0,0.000,0.000,0.000,0.006,0.013,0.000,0.006,0.000,0.000,0.000,0.000,0.000,0.000,0.013,0.000,0.000,0.006,0.000
107.3075,1073,0,move,-1,107.3075,107.3201,0,0.000,0.000,0.264,-0.176,-50.537,34.453,-0.264,-0.088,0.176,0.000,0.000,-0.088,-0.088,0.264,0.088,0.000,0.439,0.176,0.000,0.000,0.000,0.000,-51.141,34.556,0.000,0.000,0.000,0.000,0.000,0.000,0.000,0.000,0.000,0.000,0.000,0.000,0.013,6.4,11.30,32.0,0.000,0.000,0.000,0.006,0.013,0.000,0.006,0.000,0.000,0.000,0.000,0.000,0.000,0.013,0.000,0.000,0.006,0.000
107.4077,1074,0,move,-1,107.4077,107.4185,0,0.000,0.000,0.264,-0.176,-50.537,34.453,-0.264,-0.088,0.176,0.000,0.000,-0.088,-0.088,0.264,0.088,0.000,0.439,0.176,0.000,0.000,0.000,0.000,-51.141,34.556,0.000,0.000,0.000,0.000,0.000,0.000,0.000,0.000,0.000,0.000,0.000,0.000,0.013,6.4,11.20,32.0,0.000,0.000,0.006,0.000,0.013,0.000,0.000,0.000,0.000,0.000,0.000,0.000,0.000,0.006,0.000,0.000,0.013,0.000
107.5075,1075,0,move,-1,107.5075,107.5202,0,0.000,0.000,0.264,-0.176,-50.537,34.453,-0.264,-0.088,0.176,0.000,0.000,-0.088,-0.088,0.264,0.088,0.000,0.439,0.176,0.000,0.000,0.000,0.000,-51.141,34.556,0.000,0.000,0.000,0.000,0.000,0.000,0.000,0.000,0.000,0.000,0.000,0.000,0.013,6.4,11.30,32.0,0.000,0.000,0.006,0.006,0.013,0.000,0.006,0.000,0.000,0.000,0.000,0.000,0.000,0.006,0.000,0.000,0.013,0.000
107.6073,1076,0,move,-1,107.6073,107.6189,0,0.000,0.000,0.264,-0.176,-50.537,34.453,-0.264,-0.088,0.176,0.000,0.000,-0.088,-0.088,0.264,0.088,0.000,0.439,0.176,0.000,0.000,0.000,0.000,-51.141,34.556,0.000,0.000,0.000,0.000,0.000,0.000,0.000,0.000,0.000,0.000,0.000,0.000,0.013,6.4,11.30,32.0,0.000,0.000,0.006,0.006,0.013,0.000,0.006,0.000,0.000,0.000,0.000,0.000,0.000,0.006,0.000,0.000,0.013,0.000
107.7077,1077,0,move,-1,107.7077,107.7234,0,0.000,0.000,0.264,-0.176,-50.537,34.453,-0.264,-0.088,0.176,0.000,0.000,-0.088,-0.088,0.264,0.088,0.000,0.439,0.176,0.000,0.000,0.000,0.000,-51.141,34.556,0.000,0.000,0.000,0.000,0.000,0.000,0.000,0.000,0.000,0.000,0.000,0.000,0.013,6.4,11.30,32.0,0.000,0.000,0.000,0.006,0.013,0.000,0.000,0.000,0.000,0.000,0.000,0.000,0.000,0.013,0.000,0.000,0.013,0.000
107.8075,1078,0,move,-1,107.8075,107.8187,0,0.000,0.000,0.264,-0.176,-50.537,34.453,-0.264,-0.088,0.176,0.000,0.000,-0.088,-0.088,0.264,0.088,0.000,0.439,0.176,0.000,0.000,0.000,0.000,-51.141,34.556,0.000,0.000,0.000,0.000,0.000,0.000,0.000,0.000,0.000,0.000,0.000,0.000,0.013,6.4,11.30,32.0,0.000,0.000,0.000,0.006,0.013,0.000,0.000,0.000,0.000,0.000,0.000,0.000,0.000,0.013,0.000,0.000,0.013,0.000
107.9074,1079,0,move,-1,107.9074,107.9221,0,0.000,0.000,0.264,-0.176,-50.537,34.453,-0.264,-0.088,0.176,0.000,0.000,-0.088,-0.088,0.264,0.088,0.000,0.439,0.176,0.000,0.000,0.000,0.000,-51.141,34.556,0.000,0.000,0.000,0.000,0.000,0.000,0.000,0.000,0.000,0.000,0.000,0.000,0.013,6.4,11.30,32.0,0.000,0.000,0.006,0.000,0.013,0.000,0.000,0.000,0.000,0.000,0.000,0.000,0.000,0.013,0.000,0.000,0.006,0.006
108.0075,1080,0,move,-1,108.0075,108.0175,0,0.000,0.000,0.264,-0.176,-50.537,34.453,-0.264,-0.088,0.176,0.000,0.000,-0.088,-0.088,0.264,0.088,0.000,0.439,0.176,0.000,0.000,0.000,0.000,-51.045,34.512,0.000,0.000,0.000,0.000,0.000,0.000,0.000,0.000,0.000,0.000,0.000,0.000,0.013,6.4,11.30,32.0,0.000,0.000,0.006,0.000,0.013,0.000,0.000,0.000,0.000,0.000,0.000,0.000,0.000,0.013,0.000,0.000,0.006,0.006
108.1075,1081,0,move,-1,108.1075,108.1190,0,0.000,0.000,0.264,-0.176,-50.537,34.453,-0.264,-0.088,0.176,0.000,0.000,-0.088,-0.088,0.264,0.088,0.000,0.439,0.176,0.000,0.000,0.000,0.000,-50.765,34.384,0.000,0.000,0.000,0.000,0.000,0.000,0.000,0.000,0.000,0.000,0.000,0.000,0.006,2.4,11.30,32.0,0.000,0.000,0.000,0.006,0.006,0.000,0.006,0.000,0.000,0.000,0.000,0.000,0.000,0.006,0.000,0.000,0.006,0.000
108.2075,1082,0,move,-1,108.2075,108.2174,0,0.000,0.000,0.264,-0.176,-50.537,34.453,-0.264,-0.088,0.176,0.000,0.000,-0.088,-0.088,0.264,0.088,0.000,0.439,0.176,0.000,0.000,0.000,0.000,-50.327,34.182,0.000,0.000,0.000,0.000,0.000,0.000,0.000,0.000,0.000,0.000,0.000,0.000,0.006,2.4,11.30,32.0,0.000,0.000,0.000,0.006,0.006,0.000,0.006,0.000,0.000,0.000,0.000,0.000,0.000,0.006,0.000,0.000,0.006,0.000
108.3074,1083,0,move,-1,108.3074,108.3187,0,0.000,0.000,0.264,-0.176,-50.537,34.277,-0.264,-0.088,0.176,0.000,0.000,-0.088,-0.088,0.264,0.088,0.000,0.439,0.176,0.000,0.000,0.000,0.000,-49.772,33.924,0.000,0.000,0.000,0.000,0.000,0.000,0.000,0.000,0.000,0.000,0.000,0.000,0.013,3.2,11.30,29.0,0.000,0.000,0.006,0.000,0.000,0.000,0.000,0.000,0.006,0.000,0.000,0.000,0.000,0.013,0.000,0.000,0.006,0.000
108.4075,1084,0,move,-1,108.4075,108.4217,0,0.000,0.000,0.264,-0.176,-50.273,34.102,-0.264,-0.088,0.176,0.000,0.000,-0.088,-0.088,0.264,0.088,0.000,0.439,0.176,0.000,0.000,0.000,0.000,-49.154,33.634,0.000,0.000,0.000,0.000,0.000,0.000,0.000,0.000,0.000,0.000,0.000,0.000,0.006,2.4,11.20,32.0,0.000,0.000,0.000,0.000,0.000,0.006,0.006,0.000,0.000,0.000,0.000,0.000,0.000,0.006,0.000,0.000,0.006,0.000
108.5075,1085,0,move,-1,108.5075,108.5194,0,0.000,0.000,0.264,-0.176,-49.922,33.750,-0.264,-0.088,0.176,0.000,0.000,-0.088,-0.088,0.264,0.088,0.000,0.439,0.176,0.000,0.000,0.000,0.000,-48.535,33.340,0.000,0.000,0.000,0.000,0.000,0.000,0.000,0.000,0.000,0.000,0.000,0.000,0.006,2.4,11.20,32.0,0.000,0.000,0.000,0.000,0.000,0.006,0.006,0.000,0.000,0.000,0.000,0.000,0.000,0.006,0.000,0.000,0.006,0.000
108.6073,1086,0,move,-1,108.6073,108.6201,0,0.000,0.000,0.264,-0.176,-49.043,33.486,-0.264,-0.088,0.176,0.000,0.000,-0.088,-0.088,0.264,0.088,0.000,0.439,0.176,0.000,0.000,0.000,0.000,-47.971,33.071,0.000,0.000,0.000,0.000,0.000,0.000,0.000,0.000,0.000,0.000,0.000,0.000,0.006,2.4,11.20,32.0,0.000,0.000,0.000,0.000,0.000,0.006,0.006,0.000,0.000,0.000,0.000,0.000,0.000,0.006,0.000,0.000,0.006,0.006
108.7075,1087,0,move,-1,108.7075,108.7196,0,0.000,0.000,0.264,-0.176,-48.428,33.135,-0.264,-0.088,0.176,0.000,0.000,-0.088,-0.088,0.264,0.088,0.000,0.439,0.176,0.000,0.000,0.000,0.000,-47.522,32.856,0.000,0.000,0.000,0.000,0.000,0.000,0.000,0.000,0.000,0.000,0.000,0.000,0.006,2.4,11.20,32.0,0.000,0.000,0.000,0.000,0.000,0.006,0.006,0.000,0.000,0.000,0.000,0.000,0.000,0.006,0.000,0.000,0.006,0.006
108.8075,1088,0,move,-1,108.8075,108.8175,0,0.000,0.000,0.264,-0.176,-47.988,32.959,-0.264,-0.088,0.176,0.000,0.000,-0.088,-0.088,0.264,0.088,0.000,0.439,0.176,0.000,0.000,0.000,0.000,-47.233,32.716,0.000,0.000,0.000,0.000,0.000,0.000,0.000,0.000,0.000,0.000,0.000,0.000,0.013,3.2,11.30,29.0,0.000,0.000,0.006,0.000,0.006,0.006,0.000,0.000,0.000,0.000,0.000,0.000,0.000,0.013,0.000,0.000,0.006,0.006
108.9110,1089,0,move,-1,108.9110,108.9368,0,0.000,0.000,0.264,-0.176,-47.549,32.783,-0.264,-0.088,0.176,0.000,0.000,-0.088,-0.088,0.264,0.088,0.000,0.439,0.176,0.000,0.000,0.000,0.000,-47.133,32.667,0.000,0.000,0.000,0.000,0.000,0.000,0.000,0.000,0.000,0.000,0.000,0.000,0.013,3.2,11.30,29.0,0.000,0.000,0.000,0.000,0.000,0.006,0.006,0.000,0.000,0.000,0.000,0.000,0.000,0.013,0.000,0.000,0.006,0.000
109.0083,1090,0,move,-1,109.0083,109.0207,0,0.000,0.000,0.264,-0.176,-47.373,32.783,-0.264,-0.088,0.176,0.000,0.000,-0.088,-0.088,0.264,0.088,0.000,0.439,0.176,0.000,0.000,0.000,0.000,-47.133,32.667,0.000,0.000,0.000,0.000,0.000,0.000,0.000,0.000,0.000,0.000,0.000,0.000,0.013,3.2,11.30,29.0,0.000,0.000,0.000,0.000,0.000,0.006,0.006,0.000,0.000,0.000,0.000,0.000,0.000,0.013,0.000,0.000,0.006,0.000
109.1075,1091,0,move,-1,109.1075,109.1182,0,0.000,0.000,0.264,-0.176,-47.285,32.783,-0.264,-0.088,0.176,0.000,0.000,-0.088,-0.088,0.264,0.088,0.000,0.439,0.176,0.000,0.000,0.000,0.000,-47.133,32.667,0.000,0.000,0.000,0.000,0.000,0.000,0.000,0.000,0.000,0.000,0.000,0.000,0.006,3.2,11.30,32.0,0.000,0.000,0.000,0.000,0.000,0.000,0.006,0.000,0.000,0.000,0.000,0.000,0.000,0.006,0.000,0.000,0.006,0.006
109.2075,1092,0,move,-1,109.2075,109.2188,0,0.000,0.000,0.264,-0.176,-47.109,32.783,-0.264,-0.088,0.176,0.000,0.000,-0.088,-0.088,0.264,0.088,0.000,0.439,0.176,0.000,0.000,0.000,0.000,-47.133,32.667,0.000,0.000,0.000,0.000,0.000,0.000,0.000,0.000,0.000,0.000,0.000,0.000,0.013,3.2,11.30,29.0,0.000,0.000,0.000,0.000,0.000,0.000,0.006,0.000,0.000,0.000,0.000,0.000,0.000,0.013,0.000,0.000,0.006,0.006
109.3111,1093,0,move,-1,109.3111,109.3400,0,0.000,0.000,0.264,-0.176,-47.021,32.783,-0.264,-0.088,0.176,0.000,0.000,-0.088,-0.088,0.264,0.088,0.000,0.439,0.176,0.000,0.000,0.000,0.000,-47.133,32.667,0.000,0.000,0.000,0.000,0.000,0.000,0.000,0.000,0.000,0.000,0.000,0.000,0.006,2.4,11.30,32.0,0.000,0.000,0.000,0.006,0.000,0.000,0.006,0.000,0.000,0.000,0.000,0.000,0.000,0.006,0.000,0.000,0.006,0.000
109.4074,1094,0,move,-1,109.4074,109.4191,0,0.000,0.000,0.264,-0.176,-46.934,32.783,-0.264,-0.088,0.176,0.000,0.000,-0.088,-0.088,0.264,0.088,0.000,0.439,0.176,0.000,0.000,0.000,0.000,-47.133,32.667,0.000,0.000,0.000,0.000,0.000,0.000,0.000,0.000,0.000,0.000,0.000,0.000,0.006,2.4,11.30,32.0,0.000,0.000,0.000,0.006,0.000,0.000,0.006,0.000,0.000,0.000,0.000,0.000,0.000,0.006,0.000,0.000,0.006,0.000
109.5075,1095,0,move,-1,109.5075,109.5177,0,0.000,0.000,0.264,-0.176,-46.846,32.783,-0.264,-0.088,0.176,0.000,0.000,-0.088,-0.088,0.264,0.088,0.000,0.439,0.176,0.000,0.000,0.000,0.000,-47.133,32.667,0.000,0.000,0.000,0.000,0.000,0.000,0.000,0.000,0.000,0.000,0.000,0.000,0.006,3.2,11.30,33.0,0.000,0.000,0.000,0.000,0.000,0.000,0.006,0.000,0.000,0.000,0.000,0.000,0.000,0.006,0.000,0.000,0.006,0.000
109.6075,1096,0,move,-1,109.6075,109.6181,0,0.000,0.000,0.264,-0.176,-46.846,32.783,-0.264,-0.088,0.176,0.000,0.000,-0.088,-0.088,0.264,0.088,0.000,0.439,0.176,0.000,0.000,0.000,0.000,-47.133,32.667,0.000,0.000,0.000,0.000,0.000,0.000,0.000,0.000,0.000,0.000,0.000,0.000,0.006,3.2,11.30,32.0,0.000,0.000,0.000,0.000,0.000,0.000,0.006,0.000,0.000,0.000,0.000,0.000,0.000,0.006,0.000,0.000,0.006,0.000
109.7075,1097,0,move,-1,109.7075,109.7169,0,0.000,0.000,0.264,-0.176,-46.846,32.783,-0.264,-0.088,0.176,0.000,0.000,-0.088,-0.088,0.264,0.088,0.000,0.439,0.176,0.000,0.000,0.000,0.000,-47.133,32.667,0.000,0.000,0.000,0.000,0.000,0.000,0.000,0.000,0.000,0.000,0.000,0.000,0.006,3.2,11.30,32.0,0.000,0.000,0.000,0.000,0.000,0.000,0.006,0.000,0.000,0.000,0.000,0.000,0.000,0.006,0.000,0.000,0.006,0.000
109.8074,1098,0,move,-1,109.8074,109.8178,0,0.000,0.000,0.264,-0.176,-46.846,32.783,-0.264,-0.088,0.176,0.000,0.000,-0.088,-0.088,0.264,0.088,0.000,0.439,0.176,0.000,0.000,0.000,0.000,-47.133,32.667,0.000,0.000,0.000,0.000,0.000,0.000,0.000,0.000,0.000,0.000,0.000,0.000,0.013,3.2,11.30,29.0,0.000,0.000,0.000,0.000,0.000,0.000,0.006,0.000,0.000,0.000,0.000,0.000,0.000,0.013,0.000,0.000,0.006,0.000
109.9079,1099,0,move,-1,109.9079,109.9594,0,0.000,0.000,0.264,-0.176,-46.758,32.783,-0.264,-0.088,0.176,0.000,0.000,-0.088,-0.088,0.264,0.088,0.000,0.439,0.176,0.000,0.000,0.000,0.000,-47.133,32.667,0.000,0.000,0.000,0.000,0.000,0.000,0.000,0.000,0.000,0.000,0.000,0.000,0.006,3.2,11.30,33.0,0.000,0.000,0.006,0.000,0.000,0.000,0.006,0.000,0.006,0.000,0.000,0.000,0.000,0.006,0.000,0.000,0.006,0.000
110.0073,1100,0,move,-1,110.0073,110.0229,0,0.000,0.000,0.264,-0.176,-46.758,32.783,-0.264,-0.088,0.176,0.000,0.000,-0.088,-0.088,0.264,0.088,0.000,0.439,0.176,0.000,0.000,0.000,0.000,-47.133,32.667,0.000,0.000,0.000,0.000,0.000,0.000,0.000,0.000,0.000,0.000,0.000,0.000,0.006,3.2,11.30,33.0,0.000,0.000,0.006,0.000,0.000,0.000,0.006,0.000,0.006,0.000,0.000,0.000,0.000,0.006,0.000,0.000,0.006,0.000
110.1075,1101,0,move,-1,110.1075,110.1190,0,0.000,0.000,0.264,-0.176,-46.758,32.783,-0.264,-0.088,0.176,0.000,0.000,-0.088,-0.088,0.264,0.088,0.000,0.439,0.176,0.000,0.000,0.000,0.000,-47.133,32.667,0.000,0.000,0.000,0.000,0.000,0.000,0.000,0.000,0.000,0.000,0.000,0.000,0.000,0.0,11.30,32.0,0.000,0.000,0.000,0.000,0.000,0.000,0.000,0.000,0.000,0.000,0.000,0.000,0.000,0.000,0.000,0.000,0.000,0.000
110.2075,1102,0,move,-1,110.2075,110.2205,0,0.000,0.000,0.264,-0.176,-46.758,32.783,-0.264,-0.088,0.176,0.000,0.000,-0.088,-0.088,0.264,0.088,0.000,0.439,0.176,0.000,0.000,0.000,0.000,-47.133,32.667,0.000,0.000,0.000,0.000,0.000,0.000,0.000,0.000,0.000,0.000,0.000,0.000,0.013,3.2,11.30,29.0,0.000,0.000,0.000,0.006,0.006,0.000,0.006,0.000,0.000,0.000,0.000,0.000,0.000,0.013,0.000,0.000,0.006,0.000
110.3075,1103,0,move,-1,110.3075,110.3188,0,0.000,0.000,0.264,-0.176,-46.758,32.783,-0.264,-0.088,0.176,0.000,0.000,-0.088,-0.088,0.264,0.088,0.000,0.439,0.176,0.000,0.000,0.000,0.000,-47.133,32.667,0.000,0.000,0.000,0.000,0.000,0.000,0.000,0.000,0.000,0.000,0.000,0.000,0.013,3.2,11.30,29.0,0.000,0.000,0.000,0.006,0.006,0.000,0.006,0.000,0.000,0.000,0.000,0.000,0.000,0.013,0.000,0.000,0.006,0.000
110.4170,1104,0,move,-1,110.4170,110.4281,0,0.000,0.000,0.264,-0.176,-46.758,32.783,-0.264,-0.088,0.176,0.000,0.000,-0.088,-0.088,0.264,0.088,0.000,0.439,0.176,0.000,0.000,0.000,0.000,-47.133,32.667,0.000,0.000,0.000,0.000,0.000,0.000,0.000,0.000,0.000,0.000,0.000,0.000,0.006,4.0,11.30,32.0,0.000,0.000,0.000,0.000,0.006,0.000,0.006,0.000,0.006,0.000,0.000,0.000,0.000,,0.000,0.000,0.006,0.006
110.5073,1105,0,move,-1,110.5073,110.5197,0,0.000,0.000,0.264,-0.176,-46.758,32.783,-0.264,-0.088,0.176,0.000,0.000,-0.088,-0.088,0.264,0.088,0.000,0.439,0.176,0.000,0.000,0.000,0.000,-47.133,32.667,0.000,0.000,0.000,0.000,0.000,0.000,0.000,0.000,0.000,0.000,0.000,0.000,0.006,4.0,11.30,32.0,0.000,0.000,0.000,0.000,0.006,0.000,0.006,0.000,0.006,0.000,0.000,0.000,0.000,,0.000,0.000,0.006,0.006
110.6075,1106,0,move,-1,110.6075,110.6206,0,0.000,0.000,0.264,-0.176,-46.758,32.783,-0.264,-0.088,0.176,0.000,0.000,-0.088,-0.088,0.264,0.088,0.000,0.439,0.176,0.000,0.000,0.000,0.000,-47.133,32.667,0.000,0.000,0.000,0.000,0.000,0.000,0.000,0.000,0.000,0.000,0.000,0.000,0.013,4.8,11.30,32.0,0.000,0.000,0.006,0.000,0.000,0.000,0.006,0.000,0.006,0.000,0.000,0.000,0.000,0.006,0.000,0.000,0.013,0.000
110.7075,1107,0,move,-1,110.7075,110.7189,0,0.000,0.000,0.264,-0.176,-46.758,32.783,-0.264,-0.088,0.176,0.000,0.000,-0.088,-0.088,0.264,0.088,0.000,0.439,0.176,0.000,0.000,0.000,0.000,-47.133,32.667,0.000,0.000,0.000,0.000,0.000,0.000,0.000,0.000,0.000,0.000,0.000,0.000,0.013,4.8,11.30,32.0,0.000,0.000,0.006,0.000,0.000,0.000,0.006,0.000,0.006,0.000,0.000,0.000,0.000,0.006,0.000,0.000,0.013,0.000
110.8075,1108,0,move,-1,110.8075,110.8170,0,0.000,0.000,0.264,-0.176,-46.758,32.783,-0.264,-0.088,0.176,0.000,0.000,-0.088,-0.088,0.264,0.088,0.000,0.439,0.176,0.000,0.000,0.000,0.000,-47.133,32.667,0.000,0.000,0.000,0.000,0.000,0.000,0.000,0.000,0.000,0.000,0.000,0.000,0.013,4.8,11.30,32.0,0.000,0.000,0.006,0.000,0.000,0.000,0.006,0.000,0.000,0.000,0.000,0.000,0.000,0.006,0.000,0.000,0.013,0.006
110.9075,1109,0,move,-1,110.9075,110.9187,0,0.000,0.000,0.264,-0.176,-46.758,32.783,-0.264,-0.088,0.176,0.000,0.000,-0.088,-0.088,0.264,0.088,0.000,0.439,0.176,0.000,0.000,0.000,0.000,-47.133,32.667,0.000,0.000,0.000,0.000,0.000,0.000,0.000,0.000,0.000,0.000,0.000,0.000,0.006,4.0,11.30,32.0,0.000,0.000,0.000,0.000,0.006,0.000,0.000,0.000,0.000,0.000,0.000,0.000,0.000,0.006,0.000,0.000,0.006,0.006
111.0073,1110,0,move,-1,111.0073,111.0189,0,0.000,0.000,0.264,-0.176,-46.758,32.783,-0.264,-0.088,0.176,0.000,0.000,-0.088,-0.088,0.264,0.088,0.000,0.439,0.176,0.000,0.000,0.000,0.000,-47.133,32.667,0.000,0.000,0.000,0.000,0.000,0.000,0.000,0.000,0.000,0.000,0.000,0.000,0.013,4.8,11.30,32.0,0.000,0.000,0.006,0.006,0.006,0.000,0.006,0.000,0.000,0.000,0.000,0.000,0.000,0.006,0.000,0.000,0.013,0.000
111.1075,1111,0,move,-1,111.1075,111.1177,0,0.000,0.000,0.264,-0.176,-46.758,32.783,-0.264,-0.088,0.176,0.000,0.000,-0.088,-0.088,0.264,0.088,0.000,0.439,0.176,0.000,0.000,0.000,0.000,-47.133,32.667,0.000,0.000,0.000,0.000,0.000,0.000,0.000,0.000,0.000,0.000,0.000,0.000,0.013,4.8,11.30,32.0,0.000,0.000,0.006,0.006,0.006,0.000,0.006,0.000,0.000,0.000,0.000,0.000,0.000,0.006,0.000,0.000,0.013,0.000
111.2075,1112,0,move,-1,111.2075,111.2184,0,0.000,0.000,0.264,-0.176,-46.758,32.783,-0.264,-0.088,0.176,0.000,0.000,-0.088,-0.088,0.264,0.088,0.000,0.439,0.176,0.000,0.000,0.000,0.000,-47.133,32.667,0.000,0.000,0.000,0.000,0.000,0.000,0.000,0.000,0.000,0.000,0.000,0.000,0.006,3.2,11.30,33.0,0.000,0.000,0.006,0.000,0.006,0.000,0.006,0.000,0.000,0.000,0.000,0.000,0.000,0.006,0.000,0.000,0.006,0.000
111.3075,1113,0,move,-1,111.3075,111.3174,0,0.000,0.000,0.264,-0.176,-46.758,32.783,-0.264,-0.088,0.176,0.000,0.000,-0.088,-0.088,0.264,0.088,0.000,0.439,0.176,0.000,0.000,0.000,0.000,-47.133,32.667,0.000,0.000,0.000,0.000,0.000,0.000,0.000,0.000,0.000,0.000,0.000,0.000,0.006,3.2,11.30,33.0,0.000,0.000,0.006,0.000,0.006,0.000,0.006,0.000,0.000,0.000,0.000,0.000,0.000,0.006,0.000,0.000,0.006,0.000
111.4073,1114,0,move,-1,111.4073,111.4178,0,0.000,0.000,0.264,-0.176,-46.758,32.783,-0.264,-0.088,0.176,0.000,0.000,-0.088,-0.088,0.264,0.088,0.000,0.439,0.176,0.000,0.000,0.000,0.000,-47.133,32.667,0.000,0.000,0.000,0.000,0.000,0.000,0.000,0.000,0.000,0.000,0.000,0.000,0.013,4.8,11.30,32.0,0.000,0.000,0.000,0.000,0.006,0.000,0.006,0.000,0.006,0.000,0.000,0.000,0.000,0.006,0.000,0.000,0.013,0.000
111.5075,1115,0,move,-1,111.5075,111.5174,0,0.000,0.000,0.264,-0.176,-46.758,32.783,-0.264,-0.088,0.176,0.000,0.000,-0.088,-0.088,0.264,0.088,0.000,0.439,0.176,0.000,0.000,0.000,0.000,-47.133,32.667,0.000,0.000,0.000,0.000,0.000,0.000,0.000,0.000,0.000,0.000,0.000,0.000,0.013,4.8,11.30,32.0,0.000,0.000,0.000,0.000,0.006,0.000,0.006,0.000,0.006,0.000,0.000,0.000,0.000,0.006,0.000,0.000,0.013,0.000
111.6073,1116,0,move,-1,111.6073,111.6180,0,0.000,0.000,0.264,-0.176,-46.758,32.783,-0.264,-0.088,0.176,0.000,0.000,-0.088,-0.088,0.264,0.088,0.000,0.439,0.176,0.000,0.000,0.000,0.000,-47.133,32.667,0.000,0.000,0.000,0.000,0.000,0.000,0.000,0.000,0.000,0.000,0.000,0.000,0.013,4.8,11.30,32.0,0.000,0.000,0.006,0.000,0.006,0.000,0.006,0.000,0.000,0.000,0.000,0.000,0.000,0.006,0.000,0.000,0.013,0.006
111.7183,1117,0,move,-1,111.7183,111.7413,0,0.000,0.000,0.264,-0.176,-46.758,32.783,-0.264,-0.088,0.176,0.000,0.000,-0.088,-0.088,0.264,0.088,0.000,0.439,0.176,0.000,0.000,0.000,0.000,-47.133,32.667,0.000,0.000,0.000,0.000,0.000,0.000,0.000,0.000,0.000,0.000,0.000,0.000,0.006,2.4,11.30,32.0,0.000,0.000,0.000,0.006,0.006,0.000,0.006,0.000,0.000,0.000,0.000,0.000,0.000,0.006,0.000,0.000,0.006,0.000
111.8075,1118,0,move,-1,111.8075,111.8187,0,0.000,0.000,0.264,-0.176,-46.758,32.783,-0.264,-0.088,0.176,0.000,0.000,-0.088,-0.088,0.264,0.088,0.000,0.439,0.176,0.000,0.000,0.000,0.000,-47.133,32.667,0.000,0.000,0.000,0.000,0.000,0.000,0.000,0.000,0.000,0.000,0.000,0.000,0.006,2.4,11.30,32.0,0.000,0.000,0.000,0.006,0.006,0.000,0.006,0.000,0.000,0.000,0.000,0.000,0.000,0.006,0.000,0.000,0.006,0.000
111.9076,1119,0,move,-1,111.9076,111.9224,0,0.000,0.000,0.264,-0.176,-46.758,32.783,-0.264,-0.088,0.176,0.000,0.000,-0.088,-0.088,0.264,0.088,0.000,0.439,0.176,0.000,0.000,0.000,0.000,-47.133,32.667,0.000,0.000,0.000,0.000,0.000,0.000,0.000,0.000,0.000,0.000,0.000,0.000,0.013,4.8,11.30,32.0,0.000,0.000,0.006,0.006,0.006,0.000,0.006,0.000,0.000,0.000,0.000,0.000,0.000,0.006,0.000,0.000,0.013,0.000
112.0075,1120,0,move,-1,112.0075,112.0192,0,0.000,0.000,0.264,-0.176,-46.758,32.783,-0.264,-0.088,0.176,0.000,0.000,-0.088,-0.088,0.264,0.088,0.000,0.439,0.176,0.000,0.000,0.000,0.000,-47.033,32.619,0.000,0.000,0.000,0.000,0.000,0.000,0.000,0.000,0.000,0.000,0.000,0.000,0.013,4.8,11.30,32.0,0.000,0.000,0.006,0.006,0.006,0.000,0.006,0.000,0.000,0.000,0.000,0.000,0.000,0.006,0.000,0.000,0.013,0.000
112.1075,1121,0,move,-1,112.1075,112.1195,0,0.000,0.000,0.264,-0.176,-46.758,32.695,-0.264,-0.088,0.176,0.000,0.000,-0.088,-0.088,0.264,0.088,0.000,0.439,0.176,0.000,0.000,0.000,0.000,-46.742,32.477,0.000,0.000,0.000,0.000,0.000,0.000,0.000,0.000,0.000,0.000,0.000,0.000,0.006,3.2,11.30,33.0,0.000,0.000,0.006,0.000,0.000,0.000,0.000,0.000,0.000,0.000,0.000,0.000,0.000,0.006,0.000,0.000,0.006,0.000
112.2075,1122,0,move,-1,112.2075,112.2179,0,0.000,0.000,0.264,-0.176,-46.758,32.607,-0.264,-0.088,0.176,0.000,0.000,-0.088,-0.088,0.264,0.088,0.000,0.439,0.176,0.000,0.000,0.000,0.000,-46.288,32.255,0.000,0.000,0.000,0.000,0.000,0.000,0.000,0.000,0.000,0.000,0.000,0.000,0.006,3.2,11.30,33.0,0.000,0.000,0.006,0.000,0.000,0.000,0.000,0.000,0.000,0.000,0.000,0.000,0.000,0.006,0.000,0.000,0.006,0.000
112.3075,1123,0,move,-1,112.3075,112.3196,0,0.000,0.000,0.264,-0.176,-46.758,32.432,-0.264,-0.088,0.176,0.000,0.000,-0.088,-0.088,0.264,0.088,0.000,0.439,0.176,0.000,0.000,0.000,0.000,-45.712,31.972,0.000,0.000,0.000,0.000,0.000,0.000,0.000,0.000,0.000,0.000,0.000,0.000,0.013,3.2,11.30,29.0,0.000,0.000,0.000,0.000,0.000,0.000,0.000,0.000,0.000,0.000,0.000,0.000,0.000,0.013,0.000,0.000,0.013,0.006
112.4117,1124,0,move,-1,112.4117,112.4479,0,0.000,0.000,0.264,-0.176,-46.406,32.080,-0.264,-0.088,0.176,0.000,0.000,-0.088,-0.088,0.264,0.088,0.000,0.439,0.176,0.000,0.000,0.000,0.000,-45.069,31.653,0.000,0.000,0.000,0.000,0.000,0.000,0.000,0.000,0.000,0.000,0.000,0.000,0.006,7.2,11.30,42.0,0.000,0.000,0.000,0.000,0.006,0.000,0.006,0.000,0.000,0.000,0.000,0.000,0.000,0.006,0.000,0.000,0.006,0.000
112.5073,1125,0,move,-1,112.5073,112.5189,0,0.000,0.000,0.264,-0.176,-45.615,31.816,-0.264,-0.088,0.176,0.000,0.000,-0.088,-0.088,0.264,0.088,0.000,0.439,0.176,0.000,0.000,0.000,0.000,-44.421,31.329,0.000,0.000,0.000,0.000,0.000,0.000,0.000,0.000,0.000,0.000,0.000,0.000,0.006,7.2,11.30,42.0,0.000,0.000,0.000,0.000,0.006,0.000,0.006,0.000,0.000,0.000,0.000,0.000,0.000,0.006,0.000,0.000,0.006,0.000
112.6075,1126,0,move,-1,112.6075,112.6169,0,0.000,0.000,0.264,-0.176,-45.000,31.377,-0.264,-0.088,0.176,0.000,0.000,-0.088,-0.088,0.264,0.088,0.000,0.439,0.176,0.000,0.000,0.000,0.000,-43.833,31.033,0.000,0.000,0.000,0.000,0.000,0.000,0.000,0.000,0.000,0.000,0.000,0.000,0.013,4.4,11.20,32.0,0.000,0.000,0.000,0.000,0.006,0.013,0.000,0.000,0.006,0.000,0.000,0.000,0.000,0.006,0.000,0.000,0.006,0.000
112.7075,1127,0,move,-1,112.7075,112.7193,0,0.000,0.000,0.264,-0.176,-44.385,31.113,-0.264,-0.088,0.176,0.000,0.000,-0.088,-0.088,0.264,0.088,0.000,0.439,0.176,0.000,0.000,0.000,0.000,-43.362,30.795,0.000,0.000,0.000,0.000,0.000,0.000,0.000,0.000,0.000,0.000,0.000,0.000,0.013,3.2,11.30,29.0,0.000,0.000,0.000,0.006,0.006,0.006,0.000,0.000,0.000,0.000,0.000,0.000,0.000,0.013,0.000,0.000,0.006,0.000
112.8075,1128,0,move,-1,112.8075,112.8218,0,0.000,0.000,0.264,-0.176,-43.770,30.850,-0.264,-0.088,0.176,0.000,0.000,-0.088,-0.088,0.264,0.088,0.000,0.439,0.176,0.000,0.000,0.000,0.000,-43.059,30.640,0.000,0.000,0.000,0.000,0.000,0.000,0.000,0.000,0.000,0.000,0.000,0.000,0.013,4.8,11.30,32.0,0.000,0.000,0.006,0.000,0.000,0.000,0.006,0.000,0.000,0.000,0.000,0.000,0.000,0.006,0.000,0.000,0.013,0.000
112.9075,1129,0,move,-1,112.9075,112.9202,0,0.000,0.000,0.264,-0.176,-43.682,30.762,-0.264,-0.088,0.176,0.000,0.000,-0.088,-0.088,0.264,0.088,0.000,0.439,0.176,0.000,0.000,0.000,0.000,-42.955,30.587,0.000,0.000,0.000,0.000,0.000,0.000,0.000,0.000,0.000,0.000,0.000,0.000,0.013,4.8,11.30,32.0,0.000,0.000,0.006,0.000,0.000,0.000,0.006,0.000,0.000,0.000,0.000,0.000,0.000,0.006,0.000,0.000,0.013,0.000
113.0158,1130,0,move,-1,113.0158,113.0780,0,0.000,0.000,0.264,-0.176,-43.154,30.674,-0.264,-0.088,0.176,0.000,0.000,-0.088,-0.088,0.264,0.088,0.000,0.439,0.176,0.000,0.000,0.000,0.000,-42.955,30.587,0.000,0.000,0.000,0.000,0.000,0.000,0.000,0.000,0.000,0.000,0.000,0.000,0.006,2.8,11.30,32.0,0.000,0.000,0.000,0.000,0.006,0.000,0.000,0.000,0.000,0.000,0.000,0.000,0.000,0.006,0.000,0.000,0.006,0.000
113.1075,1131,0,move,-1,113.1075,113.1176,0,0.000,0.000,0.264,-0.176,-43.154,30.674,-0.264,-0.088,0.176,0.000,0.000,-0.088,-0.088,0.264,0.088,0.000,0.439,0.176,0.000,0.000,0.000,0.000,-42.955,30.587,0.000,0.000,0.000,0.000,0.000,0.000,0.000,0.000,0.000,0.000,0.000,0.000,0.006,2.8,11.30,32.0,0.000,0.000,0.000,0.000,0.006,0.000,0.000,0.000,0.000,0.000,0.000,0.000,0.000,0.006,0.000,0.000,0.006,0.000
113.2075,1132,0,move,-1,113.2075,113.2209,0,0.000,0.000,0.264,-0.176,-43.066,30.674,-0.264,-0.088,0.176,0.000,0.000,-0.088,-0.088,0.264,0.088,0.000,0.439,0.176,0.000,0.000,0.000,0.000,-42.955,30.587,0.000,0.000,0.000,0.000,0.000,0.000,0.000,0.000,0.000,0.000,0.000,0.000,0.013,3.2,11.30,29.0,0.000,0.000,0.000,0.000,0.000,0.000,0.006,0.000,0.000,0.000,0.000,0.000,0.000,0.013,0.000,0.000,0.013,0.000
113.3075,1133,0,move,-1,113.3075,113.3177,0,0.000,0.000,0.264,-0.176,-42.891,30.674,-0.264,-0.088,0.176,0.000,0.000,-0.088,-0.088,0.264,0.088,0.000,0.439,0.176,0.000,0.000,0.000,0.000,-42.955,30.587,0.000,0.000,0.000,0.000,0.000,0.000,0.000,0.000,0.000,0.000,0.000,0.000,0.013,3.2,11.30,29.0,0.000,0.000,0.000,0.000,0.000,0.000,0.006,0.000,0.000,0.000,0.000,0.000,0.000,0.013,0.000,0.000,0.013,0.000
113.4075,1134,0,move,-1,113.4075,113.4192,0,0.000,0.000,0.264,-0.176,-42.803,30.674,-0.264,-0.088,0.176,0.000,0.000,-0.088,-0.088,0.264,0.088,0.000,0.439,0.176,0.000,0.000,0.000,0.000,-42.955,30.587,0.000,0.000,0.000,0.000,0.000,0.000,0.000,0.000,0.000,0.000,0.000,0.000,0.006,3.2,11.30,32.0,0.000,0.000,0.000,0.000,0.000,0.000,0.006,0.000,0.000,0.000,0.000,0.000,0.000,0.006,0.000,0.000,0.006,0.000
113.5075,1135,0,move,-1,113.5075,113.5273,0,0.000,0.000,0.264,-0.176,-42.803,30.674,-0.264,-0.088,0.176,0.000,0.000,-0.088,-0.088,0.264,0.088,0.000,0.439,0.176,0.000,0.000,0.000,0.000,-42.955,30.587,0.000,0.000,0.000,0.000,0.000,0.000,0.000,0.000,0.000,0.000,0.000,0.000,0.013,3.2,11.30,29.0,0.000,0.000,0.006,0.000,0.000,0.000,0.006,0.000,0.000,0.000,0.000,0.000,0.000,0.013,0.000,0.000,0.006,0.000
113.6075,1136,0,move,-1,113.6075,113.6186,0,0.000,0.000,0.264,-0.176,-42.715,30.674,-0.264,-0.088,0.176,0.000,0.000,-0.088,-0.088,0.264,0.088,0.000,0.439,0.176,0.000,0.000,0.000,0.000,-42.955,30.587,0.000,0.000,0.000,0.000,0.000,0.000,0.000,0.000,0.000,0.000,0.000,0.000,0.013,3.2,11.30,29.0,0.000,0.000,0.006,0.000,0.000,0.000,0.006,0.000,0.000,0.000,0.000,0.000,0.000,0.013,0.000,0.000,0.006,0.000
113.7075,1137,0,move,-1,113.7075,113.7197,0,0.000,0.000,0.264,-0.176,-42.715,30.674,-0.264,-0.088,0.176,0.000,0.000,-0.088,-0.088,0.264,0.088,0.000,0.439,0.176,0.000,0.000,0.000,0.000,-42.955,30.587,0.000,0.000,0.000,0.000,0.000,0.000,0.000,0.000,0.000,0.000,0.000,0.000,0.013,3.2,11.30,29.0,0.000,0.000,0.000,0.000,0.006,0.000,0.006,0.000,0.000,0.000,0.000,0.000,0.000,0.013,0.000,0.000,0.006,0.000
113.8074,1138,0,move,-1,113.8074,113.8174,0,0.000,0.000,0.264,-0.176,-42.627,30.674,-0.264,-0.088,0.176,0.000,0.000,-0.088,-0.088,0.264,0.088,0.000,0.439,0.176,0.000,0.000,0.000,0.000,-42.955,30.587,0.000,0.000,0.000,0.000,0.000,0.000,0.000,0.000,0.000,0.000,0.000,0.000,0.013,3.2,11.30,29.0,0.000,0.000,0.000,0.000,0.006,0.000,0.006,0.000,0.000,0.000,0.000,0.000,0.000,0.013,0.000,0.000,0.006,0.000
113.9075,1139,0,move,-1,113.9075,113.9188,0,0.000,0.000,0.264,-0.176,-42.627,30.674,-0.264,-0.088,0.176,0.000,0.000,-0.088,-0.088,0.264,0.088,0.000,0.439,0.176,0.000,0.000,0.000,0.000,-42.955,30.587,0.000,0.000,0.000,0.000,0.000,0.000,0.000,0.000,0.000,0.000,0.000,0.000,0.013,3.2,11.30,29.0,0.000,0.000,0.006,0.006,0.000,0.000,0.006,0.000,0.000,0.000,0.000,0.000,0.000,0.013,0.000,0.000,0.006,0.000
114.0075,1140,0,move,-1,114.0075,114.0173,0,0.000,0.000,0.264,-0.176,-42.627,30.674,-0.264,-0.088,0.176,0.000,0.000,-0.088,-0.088,0.264,0.088,0.000,0.439,0.176,0.000,0.000,0.000,0.000,-42.955,30.587,0.000,0.000,0.000,0.000,0.000,0.000,0.000,0.000,0.000,0.000,0.000,0.000,0.013,3.2,11.30,29.0,0.000,0.000,0.006,0.006,0.000,0.000,0.006,0.000,0.000,0.000,0.000,0.000,0.000,0.013,0.000,0.000,0.006,0.000
114.1075,1141,0,move,-1,114.1075,114.1185,0,0.000,0.000,0.264,-0.176,-42.627,30.674,-0.264,-0.088,0.176,0.000,0.000,-0.088,-0.088,0.264,0.088,0.000,0.439,0.176,0.000,0.000,0.000,0.000,-42.955,30.587,0.000,0.000,0.000,0.000,0.000,0.000,0.000,0.000,0.000,0.000,0.000,0.000,0.006,3.2,11.30,33.0,0.000,0.000,0.006,0.000,0.006,0.000,0.000,0.000,0.000,0.000,0.000,0.000,0.000,0.006,0.000,0.000,0.006,0.000
114.2077,1142,0,move,-1,114.2077,114.2212,0,0.000,0.000,0.264,-0.176,-42.627,30.674,-0.264,-0.088,0.176,0.000,0.000,-0.088,-0.088,0.264,0.088,0.000,0.439,0.176,0.000,0.000,0.000,0.000,-42.955,30.587,0.000,0.000,0.000,0.000,0.000,0.000,0.000,0.000,0.000,0.000,0.000,0.000,0.006,3.2,11.30,33.0,0.000,0.000,0.000,0.000,0.000,0.000,0.006,0.000,0.000,0.000,0.000,0.000,0.000,0.006,0.000,0.000,0.006,0.006
114.3074,1143,0,move,-1,114.3074,114.3595,0,0.000,0.000,0.264,-0.176,-42.627,30.674,-0.264,-0.088,0.176,0.000,0.000,-0.088,-0.088,0.264,0.088,0.000,0.439,0.176,0.000,0.000,0.000,0.000,-42.955,30.587,0.000,0.000,0.000,0.000,0.000,0.000,0.000,0.000,0.000,0.000,0.000,0.000,0.013,3.2,11.30,29.0,0.000,0.000,0.006,0.006,0.000,0.000,0.000,0.000,0.006,0.000,0.000,0.000,0.000,0.013,0.000,0.000,0.013,0.006
114.4074,1144,0,move,-1,114.4074,114.4180,0,0.000,0.000,0.264,-0.176,-42.627,30.674,-0.264,-0.088,0.176,0.000,0.000,-0.088,-0.088,0.264,0.088,0.000,0.439,0.176,0.000,0.000,0.000,0.000,-42.955,30.587,0.000,0.000,0.000,0.000,0.000,0.000,0.000,0.000,0.000,0.000,0.000,0.000,0.013,3.2,11.30,29.0,0.000,0.000,0.006,0.006,0.000,0.000,0.000,0.000,0.006,0.000,0.000,0.000,0.000,0.013,0.000,0.000,0.013,0.006
114.5220,1145,0,move,-1,114.5220,114.5455,0,0.000,0.000,0.264,-0.176,-42.627,30.674,-0.264,-0.088,0.176,0.000,0.000,-0.088,-0.088,0.264,0.088,0.000,0.439,0.176,0.000,0.000,0.000,0.000,-42.955,30.587,0.000,0.000,0.000,0.000,0.000,0.000,0.000,0.000,0.000,0.000,0.000,0.000,0.013,4.8,11.30,32.0,0.000,0.000,0.006,,0.006,0.000,0.006,0.000,0.000,0.000,0.000,0.000,0.000,0.006,0.000,0.000,0.013,0.000
114.6075,1146,0,move,-1,114.6075,114.6187,0,0.000,0.000,0.264,-0.176,-42.627,30.674,-0.264,-0.088,0.176,0.000,0.000,-0.088,-0.088,0.264,0.088,0.000,0.439,0.176,0.000,0.000,0.000,0.000,-42.955,30.587,0.000,0.000,0.000,0.000,0.000,0.000,0.000,0.000,0.000,0.000,0.000,0.000,0.013,4.8,11.30,32.0,0.000,0.000,0.006,,0.006,0.000,0.006,0.000,0.000,0.000,0.000,0.000,0.000,0.006,0.000,0.000,0.013,0.000
114.7075,1147,0,move,-1,114.7075,114.7187,0,0.000,0.000,0.264,-0.176,-42.627,30.674,-0.264,-0.088,0.176,0.000,0.000,-0.088,-0.088,0.264,0.088,0.000,0.439,0.176,0.000,0.000,0.000,0.000,-42.955,30.587,0.000,0.000,0.000,0.000,0.000,0.000,0.000,0.000,0.000,0.000,0.000,0.000,0.006,3.2,11.20,33.0,0.000,0.000,0.000,0.000,0.000,0.000,0.006,0.000,0.000,0.000,0.000,0.000,0.000,0.006,0.000,0.000,0.006,0.000
114.8075,1148,0,move,-1,114.8075,114.8186,0,0.000,0.000,0.264,-0.176,-42.627,30.674,-0.264,-0.088,0.176,0.000,0.000,-0.088,-0.088,0.264,0.088,0.000,0.439,0.176,0.000,0.000,0.000,0.000,-42.955,30.587,0.000,0.000,0.000,0.000,0.000,0.000,0.000,0.000,0.000,0.000,0.000,0.000,0.006,3.2,11.20,33.0,0.000,0.000,0.000,0.000,0.000,0.000,0.006,0.000,0.000,0.000,0.000,0.000,0.000,0.006,0.000,0.000,0.006,0.000
114.9073,1149,0,move,-1,114.9073,114.9171,0,0.000,0.000,0.264,-0.176,-42.627,30.674,-0.264,-0.088,0.176,0.000,0.000,-0.088,-0.088,0.264,0.088,0.000,0.439,0.176,0.000,0.000,0.000,0.000,-42.955,30.587,0.000,0.000,0.000,0.000,0.000,0.000,0.000,0.000,0.000,0.000,0.000,0.000,0.013,3.2,11.30,29.0,0.000,0.000,0.000,0.000,0.006,0.000,0.006,0.000,0.000,0.000,0.000,0.000,0.000,0.013,0.000,0.000,0.006,0.006
115.0075,1150,0,move,-1,115.0075,115.0193,0,0.000,0.000,0.264,-0.176,-42.627,30.674,-0.264,-0.088,0.176,0.000,0.000,-0.088,-0.088,0.264,0.088,0.000,0.439,0.176,0.000,0.000,0.000,0.000,-42.955,30.587,0.000,0.000,0.000,0.000,0.000,0.000,0.000,0.000,0.000,0.000,0.000,0.000,0.013,4.8,11.30,32.0,0.000,0.000,0.000,0.000,0.000,0.000,0.000,0.000,0.000,0.000,0.000,0.000,0.000,0.006,0.000,0.000,0.013,0.000
115.1092,1151,0,move,-1,115.1092,115.1154,0,0.000,0.000,0.264,-0.176,-42.627,30.674,-0.264,-0.088,0.176,0.000,0.000,-0.088,-0.088,0.264,0.088,0.000,0.439,0.176,0.000,0.000,0.000,0.000,-42.955,30.587,0.000,0.000,0.000,0.000,0.000,0.000,0.000,0.000,0.000,0.000,0.000,0.000,0.013,4.8,11.30,32.0,0.000,0.000,0.000,0.000,0.000,0.000,0.000,0.000,0.000,0.000,0.000,0.000,0.000,0.006,0.000,0.000,0.013,0.000
115.2075,1152,0,move,-1,115.2075,115.2188,0,0.000,0.000,0.264,-0.176,-42.627,30.674,-0.264,-0.088,0.176,0.000,0.000,-0.088,-0.088,0.264,0.088,0.000,0.439,0.176,0.000,0.000,0.000,0.000,-42.955,30.587,0.000,0.000,0.000,0.000,0.000,0.000,0.000,0.000,0.000,0.000,0.000,0.000,0.006,2.4,11.30,32.0,0.000,0.000,0.000,0.006,0.000,0.000,0.000,0.000,0.000,0.000,0.000,0.000,0.000,0.006,0.000,0.000,0.006,0.000
115.3075,1153,0,move,-1,115.3075,115.3174,0,0.000,0.000,0.264,-0.176,-42.627,30.674,-0.264,-0.088,0.176,0.000,0.000,-0.088,-0.088,0.264,0.088,0.000,0.439,0.176,0.000,0.000,0.000,0.000,-42.955,30.587,0.000,0.000,0.000,0.000,0.000,0.000,0.000,0.000,0.000,0.000,0.000,0.000,0.006,2.4,11.30,32.0,0.000,0.000,0.000,0.006,0.000,0.000,0.000,0.000,0.000,0.000,0.000,0.000,0.000,0.006,0.000,0.000,0.006,0.000
115.4075,1154,0,move,-1,115.4075,115.4172,0,0.000,0.000,0.264,-0.176,-42.627,30.674,-0.264,-0.088,0.176,0.000,0.000,-0.088,-0.088,0.264,0.088,0.000,0.439,0.176,0.000,0.000,0.000,0.000,-42.955,30.587,0.000,0.000,0.000,0.000,0.000,0.000,0.000,0.000,0.000,0.000,0.000,0.000,0.013,3.2,11.30,29.0,0.000,0.000,0.000,0.000,0.006,0.000,0.000,0.000,0.000,0.000,0.000,0.000,0.000,0.013,0.000,0.000,0.006,0.000
115.5075,1155,0,move,-1,115.5075,115.5195,0,0.000,0.000,0.264,-0.176,-42.627,30.674,-0.264,-0.088,0.176,0.000,0.000,-0.088,-0.088,0.264,0.088,0.000,0.439,0.176,0.000,0.000,0.000,0.000,-42.955,30.587,0.000,0.000,0.000,0.000,0.000,0.000,0.000,0.000,0.000,0.000,0.000,0.000,0.013,3.2,11.30,29.0,0.000,0.000,0.000,0.000,0.006,0.000,0.000,0.000,0.000,0.000,0.000,0.000,0.000,0.013,0.000,0.000,0.006,0.000
115.6173,1156,0,move,-1,115.6173,115.6478,0,0.000,0.000,0.264,-0.176,-42.627,30.674,-0.264,-0.088,0.176,0.000,0.000,-0.088,-0.088,0.264,0.088,0.000,0.439,0.176,0.000,0.000,0.000,0.000,-42.955,30.587,0.000,0.000,0.000,0.000,0.000,0.000,0.000,0.000,0.000,0.000,0.000,0.000,0.013,4.8,11.30,31.0,0.000,0.000,0.006,0.000,0.006,0.000,0.006,0.000,0.000,0.000,0.000,0.000,0.000,0.006,0.000,0.000,0.013,0.000
115.7075,1157,0,move,-1,115.7075,115.7186,0,0.000,0.000,0.264,-0.176,-42.627,30.674,-0.264,-0.088,0.176,0.000,0.000,-0.088,-0.088,0.264,0.088,0.000,0.439,0.176,0.000,0.000,0.000,0.000,-42.955,30.587,0.000,0.000,0.000,0.000,0.000,0.000,0.000,0.000,0.000,0.000,0.000,0.000,0.013,4.8,11.30,31.0,0.000,0.000,0.006,0.000,0.006,0.000,0.006,0.000,0.000,0.000,0.000,0.000,0.000,0.006,0.000,0.000,0.013,0.000
115.8075,1158,0,move,-1,115.8075,115.8197,0,0.000,0.000,0.264,-0.176,-42.627,30.674,-0.264,-0.088,0.176,0.000,0.000,-0.088,-0.088,0.264,0.088,0.000,0.439,0.176,0.000,0.000,0.000,0.000,-42.955,30.587,0.000,0.000,0.000,0.000,0.000,0.000,0.000,0.000,0.000,0.000,0.000,0.000,0.006,2.4,11.30,32.0,0.000,0.000,0.000,0.006,0.006,0.000,0.000,0.000,0.000,0.000,0.000,0.000,0.000,0.006,0.000,0.000,0.006,0.006
115.9075,1159,0,move,-1,115.9075,115.9173,0,0.000,0.000,0.264,-0.176,-42.627,30.674,-0.264,-0.088,0.176,0.000,0.000,-0.088,-0.088,0.264,0.088,0.000,0.439,0.176,0.000,0.000,0.000,0.000,-42.955,30.587,0.000,0.000,0.000,0.000,0.000,0.000,0.000,0.000,0.000,0.000,0.000,0.000,0.006,2.4,11.30,32.0,0.000,0.000,0.000,0.006,0.006,0.000,0.000,0.000,0.000,0.000,0.000,0.000,0.000,0.006,0.000,0.000,0.006,0.006
116.0075,1160,0,move,-1,116.0075,116.0176,0,0.000,0.000,0.264,-0.176,-42.627,30.674,-0.264,-0.088,0.176,0.000,0.000,-0.088,-0.088,0.264,0.088,0.000,0.439,0.176,0.000,0.000,0.000,0.000,-43.059,30.640,0.000,0.000,0.000,0.000,0.000,0.000,0.000,0.000,0.000,0.000,0.000,0.000,0.006,0.0,11.30,32.0,0.006,0.000,0.000,0.006,0.006,0.000,0.006,0.000,0.000,0.000,0.000,0.000,0.000,0.006,0.000,0.000,0.006,0.000
116.1105,1161,0,move,-1,116.1105,116.1280,0,0.000,0.000,0.264,-0.176,-42.627,30.674,-0.264,-0.088,0.176,0.000,0.000,-0.088,-0.088,0.264,0.088,0.000,0.439,0.176,0.000,0.000,0.000,0.000,-43.362,30.795,0.000,0.000,0.000,0.000,0.000,0.000,0.000,0.000,0.000,0.000,0.000,0.000,0.006,2.4,11.30,32.0,0.000,0.000,0.000,0.006,0.006,0.000,0.000,0.000,0.000,0.000,0.000,0.000,0.000,0.006,0.000,0.000,0.006,0.000
116.2075,1162,0,move,-1,116.2075,116.2197,0,0.000,0.000,0.264,-0.176,-42.803,30.674,-0.264,-0.088,0.176,0.000,0.000,-0.088,-0.088,0.264,0.088,0.000,0.439,0.176,0.000,0.000,0.000,0.000,-43.833,31.033,0.000,0.000,0.000,0.000,0.000,0.000,0.000,0.000,0.000,0.000,0.000,0.000,0.006,2.4,11.30,32.0,0.000,0.000,0.000,0.006,0.006,0.000,0.000,0.000,0.000,0.000,0.000,0.000,0.000,0.006,0.000,0.000,0.006,0.000
116.3075,1163,0,move,-1,116.3075,116.3210,0,0.000,0.000,0.264,-0.176,-42.979,30.938,-0.264,-0.088,0.176,0.000,0.000,-0.088,-0.088,0.264,0.088,0.000,0.439,0.176,0.000,0.000,0.000,0.000,-44.421,31.329,0.000,0.000,0.000,0.000,0.000,0.000,0.000,0.000,0.000,0.000,0.000,0.000,0.026,10.0,11.20,32.0,0.000,0.000,0.006,0.006,0.026,0.006,0.000,0.000,0.000,0.000,0.000,0.000,0.000,0.006,0.000,0.000,0.006,0.006
116.4075,1164,0,move,-1,116.4075,116.4233,0,0.000,0.000,0.264,-0.176,-43.594,31.201,-0.264,-0.088,0.176,0.000,0.000,-0.088,-0.088,0.264,0.088,0.000,0.439,0.176,0.000,0.000,0.000,0.000,-45.069,31.653,0.000,0.000,0.000,0.000,0.000,0.000,0.000,0.000,0.000,0.000,0.000,0.000,0.000,0.0,11.30,32.0,0.000,0.000,0.000,0.000,0.000,0.000,0.000,0.000,0.000,0.000,0.000,0.000,0.000,0.000,0.000,0.000,0.000,0.000
116.5075,1165,0,move,-1,116.5075,116.5132,0,0.000,0.000,0.264,-0.176,-43.594,31.465,-0.264,-0.088,0.176,0.000,0.000,-0.088,-0.088,0.264,0.088,0.000,0.439,0.176,0.000,0.000,0.000,0.000,-45.712,31.972,0.000,0.000,0.000,0.000,0.000,0.000,0.000,0.000,0.000,0.000,0.000,0.000,0.000,0.0,11.30,32.0,0.000,0.000,0.000,0.000,0.000,0.000,0.000,0.000,0.000,0.000,0.000,0.000,0.000,0.000,0.000,0.000,0.000,0.000
116.6073,1166,0,move,-1,116.6073,116.6170,0,0.000,0.000,0.264,-0.176,-44.473,31.816,-0.264,-0.088,0.176,0.000,0.000,-0.088,-0.088,0.264,0.088,0.000,0.439,0.176,0.000,0.000,0.000,0.000,-46.288,32.255,0.000,0.000,0.000,0.000,0.000,0.000,0.000,0.000,0.000,0.000,0.000,0.000,0.026,10.8,11.30,32.0,0.000,0.000,0.006,0.006,0.026,0.006,0.000,0.000,0.000,0.000,0.000,0.000,0.000,0.006,0.000,0.000,0.006,0.006
116.7075,1167,0,move,-1,116.7075,116.7183,0,0.000,0.000,0.264,-0.176,-45.352,32.168,-0.264,-0.088,0.176,0.000,0.000,-0.088,-0.088,0.264,0.088,0.000,0.439,0.176,0.000,0.000,0.000,0.000,-46.742,32.477,0.000,0.000,0.000,0.000,0.000,0.000,0.000,0.000,0.000,0.000,0.000,0.000,0.026,9.2,11.20,32.0,0.000,0.000,0.000,0.000,0.026,0.000,0.006,0.000,0.000,0.000,0.000,0.000,0.000,0.006,0.000,0.000,0.006,0.000
116.8075,1168,0,move,-1,116.8075,116.8180,0,0.000,0.000,0.264,-0.176,-45.967,32.432,-0.264,-0.088,0.176,0.000,0.000,-0.088,-0.088,0.264,0.088,0.000,0.439,0.176,0.000,0.000,0.000,0.000,-47.033,32.619,0.000,0.000,0.000,0.000,0.000,0.000,0.000,0.000,0.000,0.000,0.000,0.000,0.026,9.2,11.20,32.0,0.000,0.000,0.000,0.000,0.026,0.000,0.006,0.000,0.000,0.000,0.000,0.000,0.000,0.006,0.000,0.000,0.006,0.000
116.9074,1169,0,move,-1,116.9074,116.9193,0,0.000,0.000,0.264,-0.176,-46.318,32.520,-0.264,-0.088,0.176,0.000,0.000,-0.088,-0.088,0.264,0.088,0.000,0.439,0.176,0.000,0.000,0.000,0.000,-47.133,32.667,0.000,0.000,0.000,0.000,0.000,0.000,0.000,0.000,0.000,0.000,0.000,0.000,0.013,8.0,11.30,32.0,0.000,0.000,0.000,0.000,0.013,0.013,0.006,0.000,0.000,0.000,0.000,0.000,0.000,0.013,0.000,0.000,0.013,0.000
117.0093,1170,0,move,-1,117.0093,117.0405,0,0.000,0.000,0.264,-0.176,-46.318,32.607,-0.264,-0.088,0.176,0.000,0.000,-0.088,-0.088,0.264,0.088,0.000,0.439,0.176,0.000,0.000,0.000,0.000,-47.133,32.667,0.000,0.000,0.000,0.000,0.000,0.000,0.000,0.000,0.000,0.000,0.000,0.000,0.019,8.4,11.30,32.0,0.000,0.000,0.000,0.000,0.019,0.006,0.000,0.000,0.000,0.000,0.000,0.000,0.000,0.013,0.000,0.000,0.006,0.000
117.1083,1171,0,move,-1,117.1083,117.1408,0,0.000,0.000,0.264,-0.176,-46.318,32.607,-0.264,-0.088,0.176,0.000,0.000,-0.088,-0.088,0.264,0.088,0.000,0.439,0.176,0.000,0.000,0.000,0.000,-47.133,32.667,0.000,0.000,0.000,0.000,0.000,0.000,0.000,0.000,0.000,0.000,0.000,0.000,0.019,8.0,11.20,32.0,0.000,0.000,0.006,0.006,0.019,0.000,0.000,0.000,0.006,0.000,0.000,0.000,0.000,0.013,0.000,0.000,0.006,0.000
117.2075,1172,0,move,-1,117.2075,117.2198,0,0.000,0.000,0.264,-0.176,-46.318,32.607,-0.264,-0.088,0.176,0.000,0.000,-0.088,-0.088,0.264,0.088,0.000,0.439,0.176,0.000,0.000,0.000,0.000,-47.133,32.667,0.000,0.000,0.000,0.000,0.000,0.000,0.000,0.000,0.000,0.000,0.000,0.000,0.019,8.0,11.20,32.0,0.000,0.000,0.006,0.006,0.019,0.000,0.000,0.000,0.006,0.000,0.000,0.000,0.000,0.013,0.000,0.000,0.006,0.000
117.3075,1173,0,move,-1,117.3075,117.3184,0,0.000,0.000,0.264,-0.176,-46.406,32.607,-0.264,-0.088,0.176,0.000,0.000,-0.088,-0.088,0.264,0.088,0.000,0.439,0.176,0.000,0.000,0.000,0.000,-47.133,32.667,0.000,0.000,0.000,0.000,0.000,0.000,0.000,0.000,0.000,0.000,0.000,0.000,0.019,8.0,11.20,32.0,0.000,0.000,0.000,0.000,0.019,0.000,0.006,0.000,0.000,0.000,0.000,0.000,0.000,0.006,0.000,0.000,0.013,0.000
117.4075,1174,0,move,-1,117.4075,117.4198,0,0.000,0.000,0.264,-0.176,-46.406,32.607,-0.264,-0.088,0.176,0.000,0.000,-0.088,-0.088,0.264,0.088,0.000,0.439,0.176,0.000,0.000,0.000,0.000,-47.133,32.667,0.000,0.000,0.000,0.000,0.000,0.000,0.000,0.000,0.000,0.000,0.000,0.000,0.013,7.2,11.20,32.0,0.000,0.000,0.000,0.000,0.013,0.000,0.006,0.000,0.000,0.000,0.000,0.000,0.000,0.006,0.000,0.000,0.006,0.006
117.5075,1175,0,move,-1,117.5075,117.5182,0,0.000,0.000,0.264,-0.176,-46.406,32.607,-0.264,-0.088,0.176,0.000,0.000,-0.088,-0.088,0.264,0.088,0.000,0.439,0.176,0.000,0.000,0.000,0.000,-47.133,32.667,0.000,0.000,0.000,0.000,0.000,0.000,0.000,0.000,0.000,0.000,0.000,0.000,0.013,7.2,11.20,32.0,0.000,0.000,0.000,0.000,0.013,0.000,0.006,0.000,0.000,0.000,0.000,0.000,0.000,0.006,0.000,0.000,0.006,0.006
117.6075,1176,0,move,-1,117.6075,117.6193,0,0.000,0.000,0.264,-0.176,-46.406,32.607,-0.264,-0.088,0.176,0.000,0.000,-0.088,-0.088,0.264,0.088,0.000,0.439,0.176,0.000,0.000,0.000,0.000,-47.133,32.667,0.000,0.000,0.000,0.000,0.000,0.000,0.000,0.000,0.000,0.000,0.000,0.000,0.019,7.2,11.30,32.0,0.000,0.000,0.006,0.006,0.019,0.000,0.006,0.000,0.000,0.000,0.000,0.000,0.000,0.013,0.000,0.000,0.006,0.000
117.7075,1177,0,move,-1,117.7075,117.7184,0,0.000,0.000,0.264,-0.176,-46.406,32.607,-0.264,-0.088,0.176,0.000,0.000,-0.088,-0.088,0.264,0.088,0.000,0.439,0.176,0.000,0.000,0.000,0.000,-47.133,32.667,0.000,0.000,0.000,0.000,0.000,0.000,0.000,0.000,0.000,0.000,0.000,0.000,0.019,7.2,11.30,32.0,0.000,0.000,0.006,0.006,0.019,0.000,0.006,0.000,0.000,0.000,0.000,0.000,0.000,0.013,0.000,0.000,0.006,0.000
117.8166,1178,0,move,-1,117.8166,117.8283,0,0.000,0.000,0.264,-0.176,-46.406,32.607,-0.264,-0.088,0.176,0.000,0.000,-0.088,-0.088,0.264,0.088,0.000,0.439,0.176,0.000,0.000,0.000,0.000,-47.133,32.667,0.000,0.000,0.000,0.000,0.000,0.000,0.000,0.000,0.000,0.000,0.000,0.000,0.013,7.2,11.30,32.0,0.000,0.000,0.006,0.006,0.013,0.000,0.006,0.000,0.000,0.000,0.000,0.000,0.000,0.013,0.000,0.000,0.006,0.000
117.9075,1179,0,move,-1,117.9075,117.9214,0,0.000,0.000,0.264,-0.176,-46.406,32.607,-0.264,-0.088,0.176,0.000,0.000,-0.088,-0.088,0.264,0.088,0.000,0.439,0.176,0.000,0.000,0.000,0.000,-47.133,32.667,0.000,0.000,0.000,0.000,0.000,0.000,0.000,0.000,0.000,0.000,0.000,0.000,0.013,7.2,11.30,32.0,0.000,0.000,0.006,0.006,0.013,0.000,0.006,0.000,0.000,0.000,0.000,0.000,0.000,0.013,0.000,0.000,0.006,0.000
118.0075,1180,0,move,-1,118.0075,118.0178,0,0.000,0.000,0.264,-0.176,-46.406,32.607,-0.264,-0.088,0.176,0.000,0.000,-0.088,-0.088,0.264,0.088,0.000,0.439,0.176,0.000,0.000,0.000,0.000,-47.133,32.667,0.000,0.000,0.000,0.000,0.000,0.000,0.000,0.000,0.000,0.000,0.000,0.000,0.013,6.8,11.30,32.0,0.000,0.000,0.000,0.006,0.013,0.000,0.006,0.000,0.000,0.000,0.000,0.000,0.000,0.006,0.000,0.000,0.013,0.006
118.1075,1181,0,move,-1,118.1075,118.1197,0,0.000,0.000,0.264,-0.176,-46.406,32.607,-0.264,-0.088,0.176,0.000,0.000,-0.088,-0.088,0.264,0.088,0.000,0.439,0.176,0.000,0.000,0.000,0.000,-47.133,32.667,0.000,0.000,0.000,0.000,0.000,0.000,0.000,0.000,0.000,0.000,0.000,0.000,0.013,7.2,11.20,32.0,0.000,0.000,0.000,0.006,0.013,0.000,0.006,0.000,0.000,0.000,0.000,0.000,0.000,0.013,0.000,0.000,0.006,0.000
118.2075,1182,0,move,-1,118.2075,118.2198,0,0.000,0.000,0.264,-0.176,-46.406,32.607,-0.264,-0.088,0.176,0.000,0.000,-0.088,-0.088,0.264,0.088,0.000,0.439,0.176,0.000,0.000,0.000,0.000,-47.133,32.667,0.000,0.000,0.000,0.000,0.000,0.000,0.000,0.000,0.000,0.000,0.000,0.000,0.013,7.2,11.20,32.0,0.000,0.000,0.000,0.006,0.013,0.000,0.006,0.000,0.000,0.000,0.000,0.000,0.000,0.013,0.000,0.000,0.006,0.000
118.3073,1183,0,move,-1,118.3073,118.3439,0,0.000,0.000,0.264,-0.176,-46.406,32.607,-0.264,-0.088,0.176,0.000,0.000,-0.088,-0.088,0.264,0.088,0.000,0.439,0.176,0.000,0.000,0.000,0.000,-47.133,32.667,0.000,0.000,0.000,0.000,0.000,0.000,0.000,0.000,0.000,0.000,0.000,0.000,0.019,7.2,11.30,32.0,0.000,0.000,0.006,0.006,0.019,0.000,0.000,0.000,0.000,0.000,0.000,0.000,0.000,0.013,0.000,0.006,0.006,0.000
118.4075,1184,0,move,-1,118.4075,118.4182,0,0.000,0.000,0.264,-0.176,-46.406,32.607,-0.264,-0.088,0.176,0.000,0.000,-0.088,-0.088,0.264,0.088,0.000,0.439,0.176,0.000,0.000,0.000,0.000,-47.133,32.667,0.000,0.000,0.000,0.000,0.000,0.000,0.000,0.000,0.000,0.000,0.000,0.000,0.019,7.2,11.30,32.0,0.000,0.000,0.006,0.006,0.019,0.000,0.000,0.000,0.000,0.000,0.000,0.000,0.000,0.013,0.000,0.006,0.006,0.000
118.5075,1185,0,move,-1,118.5075,118.5177,0,0.000,0.000,0.264,-0.176,-46.406,32.607,-0.264,-0.088,0.176,0.000,0.000,-0.088,-0.088,0.264,0.088,0.000,0.439,0.176,0.000,0.000,0.000,0.000,-47.133,32.667,0.000,0.000,0.000,0.000,0.000,0.000,0.000,0.000,0.000,0.000,0.000,0.000,0.019,7.2,11.30,32.0,0.000,0.000,0.000,0.000,0.019,0.000,0.000,0.000,0.000,0.000,0.000,0.000,0.000,0.006,0.000,0.000,0.006,0.000
118.6075,1186,0,move,-1,118.6075,118.6196,0,0.000,0.000,0.264,-0.176,-46.406,32.607,-0.264,-0.088,0.176,0.000,0.000,-0.088,-0.088,0.264,0.088,0.000,0.439,0.176,0.000,0.000,0.000,0.000,-47.133,32.667,0.000,0.000,0.000,0.000,0.000,0.000,0.000,0.000,0.000,0.000,0.000,0.000,0.013,7.2,11.30,32.0,0.000,0.000,0.000,0.000,0.013,0.000,0.006,0.000,0.000,0.000,0.000,0.000,0.000,0.013,0.000,0.000,0.006,0.000
118.7074,1187,0,move,-1,118.7074,118.7176,0,0.000,0.000,0.264,-0.176,-46.406,32.607,-0.264,-0.088,0.176,0.000,0.000,-0.088,-0.088,0.264,0.088,0.000,0.439,0.176,0.000,0.000,0.000,0.000,-47.133,32.667,0.000,0.000,0.000,0.000,0.000,0.000,0.000,0.000,0.000,0.000,0.000,0.000,0.013,7.2,11.30,32.0,0.000,0.000,0.000,0.000,0.013,0.000,0.006,0.000,0.000,0.000,0.000,0.000,0.000,0.013,0.000,0.000,0.006,0.000
118.8075,1188,0,move,-1,118.8075,118.8457,0,0.000,0.000,0.264,-0.176,-46.406,32.607,-0.264,-0.088,0.176,0.000,0.000,-0.088,-0.088,0.264,0.088,0.000,0.439,0.176,0.000,0.000,0.000,0.000,-47.133,32.667,0.000,0.000,0.000,0.000,0.000,0.000,0.000,0.000,0.000,0.000,0.000,0.000,0.013,7.2,11.30,32.0,0.000,0.000,0.006,0.000,0.013,0.000,0.006,0.000,0.006,0.000,0.000,0.000,0.000,0.006,0.000,0.000,0.006,0.006
118.9076,1189,0,move,-1,118.9076,118.9175,0,0.000,0.000,0.264,-0.176,-46.406,32.607,-0.264,-0.088,0.176,0.000,0.000,-0.088,-0.088,0.264,0.088,0.000,0.439,0.176,0.000,0.000,0.000,0.000,-47.133,32.667,0.000,0.000,0.000,0.000,0.000,0.000,0.000,0.000,0.000,0.000,0.000,0.000,0.013,7.2,11.30,32.0,0.000,0.000,0.006,0.000,0.013,0.000,0.006,0.000,0.006,0.000,0.000,0.000,0.000,0.006,0.000,0.000,0.006,0.006
119.0075,1190,0,move,-1,119.0075,119.0174,0,0.000,0.000,0.264,-0.176,-46.406,32.607,-0.264,-0.088,0.176,0.000,0.000,-0.088,-0.088,0.264,0.088,0.000,0.439,0.176,0.000,0.000,0.000,0.000,-47.133,32.667,0.000,0.000,0.000,0.000,0.000,0.000,0.000,0.000,0.000,0.000,0.000,0.000,0.013,7.2,11.30,32.0,0.000,0.000,0.000,0.006,0.013,0.000,0.006,0.000,0.000,0.000,0.000,0.000,0.000,0.013,0.000,0.000,0.006,0.000
119.1075,1191,0,move,-1,119.1075,119.1188,0,0.000,0.000,0.264,-0.176,-46.406,32.607,-0.264,-0.088,0.176,0.000,0.000,-0.088,-0.088,0.264,0.088,0.000,0.439,0.176,0.000,0.000,0.000,0.000,-47.133,32.667,0.000,0.000,0.000,0.000,0.000,0.000,0.000,0.000,0.000,0.000,0.000,0.000,0.019,7.2,11.30,32.0,0.000,0.000,0.000,0.000,0.019,0.000,0.006,0.000,0.006,0.000,0.000,0.000,0.000,0.006,0.000,0.000,0.013,0.000
119.2075,1192,0,move,-1,119.2075,119.2176,0,0.000,0.000,0.264,-0.176,-46.406,32.607,-0.264,-0.088,0.176,0.000,0.000,-0.088,-0.088,0.264,0.088,0.000,0.439,0.176,0.000,0.000,0.000,0.000,-47.133,32.667,0.000,0.000,0.000,0.000,0.000,0.000,0.000,0.000,0.000,0.000,0.000,0.000,0.019,7.2,11.30,32.0,0.000,0.000,0.000,0.000,0.019,0.000,0.006,0.000,0.006,0.000,0.000,0.000,0.000,0.006,0.000,0.000,0.013,0.000
119.3075,1193,0,move,-1,119.3075,119.3190,0,0.000,0.000,0.264,-0.176,-46.406,32.607,-0.264,-0.088,0.176,0.000,0.000,-0.088,-0.088,0.264,0.088,0.000,0.439,0.176,0.000,0.000,0.000,0.000,-47.133,32.667,0.000,0.000,0.000,0.000,0.000,0.000,0.000,0.000,0.000,0.000,0.000,0.000,0.013,7.2,11.30,32.0,0.000,0.000,0.000,0.000,0.013,0.000,0.006,0.000,0.006,0.000,0.000,0.000,0.000,0.006,0.000,0.000,0.006,0.006
119.4075,1194,0,move,-1,119.4075,119.4177,0,0.000,0.000,0.264,-0.176,-46.406,32.607,-0.264,-0.088,0.176,0.000,0.000,-0.088,-0.088,0.264,0.088,0.000,0.439,0.176,0.000,0.000,0.000,0.000,-47.133,32.667,0.000,0.000,0.000,0.000,0.000,0.000,0.000,0.000,0.000,0.000,0.000,0.000,0.013,7.2,11.30,32.0,0.000,0.000,0.000,0.000,0.013,0.000,0.006,0.000,0.006,0.000,0.000,0.000,0.000,0.006,0.000,0.000,0.006,0.006
119.5074,1195,0,move,-1,119.5074,119.5521,0,0.000,0.000,0.264,-0.176,-46.406,32.607,-0.264,-0.088,0.176,0.000,0.000,-0.088,-0.088,0.264,0.088,0.000,0.439,0.176,0.000,0.000,0.000,0.000,-47.133,32.667,0.000,0.000,0.000,0.000,0.000,0.000,0.000,0.000,0.000,0.000,0.000,0.000,0.019,7.2,11.30,32.0,0.000,0.000,0.006,0.006,0.019,0.000,0.006,0.000,0.000,0.000,0.000,0.000,0.000,0.013,0.000,0.000,0.006,0.000
119.6073,1196,0,move,-1,119.6073,119.6194,0,0.000,0.000,0.264,-0.176,-46.406,32.607,-0.264,-0.088,0.176,0.000,0.000,-0.088,-0.088,0.264,0.088,0.000,0.439,0.176,0.000,0.000,0.000,0.000,-47.133,32.667,0.000,0.000,0.000,0.000,0.000,0.000,0.000,0.000,0.000,0.000,0.000,0.000,0.019,7.2,11.30,32.0,0.000,0.000,0.006,0.006,0.019,0.000,0.006,0.000,0.000,0.000,0.000,0.000,0.000,0.013,0.000,0.000,0.006,0.000
119.7075,1197,0,move,-1,119.7075,119.7179,0,0.000,0.000,0.264,-0.176,-46.406,32.607,-0.264,-0.088,0.176,0.000,0.000,-0.088,-0.088,0.264,0.088,0.000,0.439,0.176,0.000,0.000,0.000,0.000,-47.133,32.667,0.000,0.000,0.000,0.000,0.000,0.000,0.000,0.000,0.000,0.000,0.000,0.000,0.013,7.2,11.20,32.0,0.000,0.000,0.000,0.006,0.013,0.000,0.006,0.000,0.006,0.000,0.000,0.000,0.000,0.013,0.000,0.000,0.006,0.000
119.8075,1198,0,move,-1,119.8075,119.8174,0,0.000,0.000,0.264,-0.176,-46.406,32.607,-0.264,-0.088,0.176,0.000,0.000,-0.088,-0.088,0.264,0.088,0.000,0.439,0.176,0.000,0.000,0.000,0.000,-47.133,32.667,0.000,0.000,0.000,0.000,0.000,0.000,0.000,0.000,0.000,0.000,0.000,0.000,0.013,7.2,11.20,32.0,0.000,0.000,0.000,0.006,0.013,0.000,0.006,0.000,0.006,0.000,0.000,0.000,0.000,0.013,0.000,0.000,0.006,0.000
119.9075,1199,0,move,-1,119.9075,119.9243,0,0.000,0.000,0.264,-0.176,-46.406,32.607,-0.264,-0.088,0.176,0.000,0.000,-0.088,-0.088,0.264,0.088,0.000,0.439,0.176,0.000,0.000,0.000,0.000,-47.133,32.667,0.000,0.000,0.000,0.000,0.000,0.000,0.000,0.000,0.000,0.000,0.000,0.000,0.013,7.2,11.30,32.0,0.000,0.000,0.000,0.006,0.013,0.000,0.006,0.000,0.006,0.000,0.000,0.000,0.000,0.013,0.000,0.000,0.013,0.000
120.0073,1200,0,move,-1,120.0073,120.0131,0,0.000,0.000,0.264,-0.176,-46.406,32.607,-0.264,-0.088,0.176,0.000,0.000,-0.088,-0.088,0.264,0.088,0.000,0.439,0.176,0.000,0.000,0.000,0.000,-47.233,32.716,0.000,0.000,0.000,0.000,0.000,0.000,0.000,0.000,0.000,0.000,0.000,0.000,0.013,7.2,11.30,32.0,0.000,0.000,0.000,0.006,0.013,0.000,0.006,0.000,0.006,0.000,0.000,0.000,0.000,0.013,0.000,0.000,0.013,0.000
120.1075,1201,0,move,-1,120.1075,120.1191,0,0.000,0.000,0.264,-0.176,-46.406,32.607,-0.264,-0.088,0.176,0.000,0.000,-0.088,-0.088,0.264,0.088,0.000,0.439,0.176,0.000,0.000,0.000,0.000,-47.522,32.856,0.000,0.000,0.000,0.000,0.000,0.000,0.000,0.000,0.000,0.000,0.000,0.000,0.019,8.0,11.20,32.0,0.000,0.000,0.000,0.000,0.019,0.000,0.006,0.000,0.000,0.000,0.000,0.000,0.000,0.006,0.000,0.000,0.006,0.000
120.2074,1202,0,move,-1,120.2074,120.2181,0,0.000,0.000,0.264,-0.176,-46.846,32.695,-0.264,-0.088,0.176,0.000,0.000,-0.088,-0.088,0.264,0.088,0.000,0.439,0.176,0.000,0.000,0.000,0.000,-47.971,33.071,0.000,0.000,0.000,0.000,0.000,0.000,0.000,0.000,0.000,0.000,0.000,0.000,0.019,8.0,11.20,32.0,0.000,0.000,0.000,0.000,0.019,0.000,0.006,0.000,0.000,0.000,0.000,0.000,0.000,0.006,0.000,0.000,0.006,0.000
120.3075,1203,0,move,-1,120.3075,120.3188,0,0.000,0.000,0.264,-0.176,-47.109,32.959,-0.264,-0.088,0.176,0.000,0.000,-0.088,-0.088,0.264,0.088,0.000,0.439,0.176,0.000,0.000,0.000,0.000,-48.535,33.340,0.000,0.000,0.000,0.000,0.000,0.000,0.000,0.000,0.000,0.000,0.000,0.000,0.019,8.0,11.30,32.0,0.000,0.000,0.000,0.000,0.019,0.013,0.006,0.000,0.000,0.000,0.000,0.000,0.000,0.013,0.000,0.000,0.013,0.006
120.4075,1204,0,move,-1,120.4075,120.4140,0,0.000,0.000,0.264,-0.176,-47.549,33.223,-0.264,-0.088,0.176,0.000,0.000,-0.088,-0.088,0.264,0.088,0.000,0.439,0.176,0.000,0.000,0.000,0.000,-49.154,33.634,0.000,0.000,0.000,0.000,0.000,0.000,0.000,0.000,0.000,0.000,0.000,0.000,0.019,8.0,11.30,32.0,0.000,0.000,0.000,0.000,0.019,0.013,0.006,0.000,0.000,0.000,0.000,0.000,0.000,0.013,0.000,0.000,0.013,0.006
120.5075,1205,0,move,-1,120.5075,120.5182,0,0.000,0.000,0.264,-0.176,-48.252,33.486,-0.264,-0.088,0.176,0.000,0.000,-0.088,-0.088,0.264,0.088,0.000,0.439,0.176,0.000,0.000,0.000,0.000,-49.772,33.924,0.000,0.000,0.000,0.000,0.000,0.000,0.000,0.000,0.000,0.000,0.000,0.000,0.019,8.4,11.30,32.0,0.000,0.000,0.006,0.000,0.019,0.000,0.006,0.000,0.000,0.000,0.000,0.000,0.000,0.006,0.000,0.000,0.006,0.000
120.6073,1206,0,move,-1,120.6073,120.6197,0,0.000,0.000,0.264,-0.176,-48.867,33.838,-0.264,-0.088,0.176,0.000,0.000,-0.088,-0.088,0.264,0.088,0.000,0.439,0.176,0.000,0.000,0.000,0.000,-50.327,34.182,0.000,0.000,0.000,0.000,0.000,0.000,0.000,0.000,0.000,0.000,0.000,0.000,0.013,9.2,11.30,32.0,0.000,0.000,0.000,0.000,0.013,0.006,0.006,0.000,0.000,0.000,0.000,0.000,0.000,0.013,0.000,0.000,0.006,0.000
120.7075,1207,0,move,-1,120.7075,120.7177,0,0.000,0.000,0.264,-0.176,-49.482,34.189,-0.264,-0.088,0.176,0.000,0.000,-0.088,-0.088,0.264,0.088,0.000,0.439,0.176,0.000,0.000,0.000,0.000,-50.765,34.384,0.000,0.000,0.000,0.000,0.000,0.000,0.000,0.000,0.000,0.000,0.000,0.000,0.013,9.2,11.30,32.0,0.000,0.000,0.000,0.000,0.013,0.006,0.006,0.000,0.000,0.000,0.000,0.000,0.000,0.013,0.000,0.000,0.006,0.000
120.8075,1208,0,move,-1,120.8075,120.8188,0,0.000,0.000,0.264,-0.176,-50.010,34.365,-0.264,-0.088,0.176,0.000,0.000,-0.088,-0.088,0.264,0.088,0.000,0.439,0.176,0.000,0.000,0.000,0.000,-51.045,34.512,0.000,0.000,0.000,0.000,0.000,0.000,0.000,0.000,0.000,0.000,0.000,0.000,0.026,9.6,11.20,32.0,0.000,0.000,0.000,0.000,0.026,0.000,0.006,0.000,0.000,0.000,0.000,0.000,0.000,0.006,0.000,0.000,0.006,0.000
120.9278,1209,0,move,-1,120.9278,120.9436,0,0.000,0.000,0.264,-0.176,-50.186,34.453,-0.264,-0.088,0.176,0.000,0.000,-0.088,-0.088,0.264,0.088,0.000,0.439,0.176,0.000,0.000,0.000,0.000,-51.141,34.556,0.000,0.000,0.000,0.000,0.000,0.000,0.000,0.000,0.000,0.000,0.000,0.000,0.019,8.8,11.30,32.0,0.000,0.000,0.006,0.000,0.019,0.000,0.000,0.000,0.000,0.000,0.000,0.000,0.000,0.013,0.000,0.000,0.006,0.000
121.0073,1210,0,move,-1,121.0073,121.0179,0,0.000,0.000,0.264,-0.176,-50.449,34.453,-0.264,-0.088,0.176,0.000,0.000,-0.088,-0.088,0.264,0.088,0.000,0.439,0.176,0.000,0.000,0.000,0.000,-51.141,34.556,0.000,0.000,0.000,0.000,0.000,0.000,0.000,0.000,0.000,0.000,0.000,0.000,0.019,8.8,11.30,32.0,0.000,0.000,0.006,0.000,0.019,0.000,0.000,0.000,0.000,0.000,0.000,0.000,0.000,0.013,0.000,0.000,0.006,0.000
121.1075,1211,0,move,-1,121.1075,121.1196,0,0.000,0.000,0.264,-0.176,-50.537,34.453,-0.264,-0.088,0.176,0.000,0.000,-0.088,-0.088,0.264,0.088,0.000,0.439,0.176,0.000,0.000,0.000,0.000,-51.141,34.556,0.000,0.000,0.000,0.000,0.000,0.000,0.000,0.000,0.000,0.000,0.000,0.000,0.013,6.0,11.30,32.0,0.000,0.000,0.000,0.000,0.013,0.000,0.006,0.000,0.000,0.000,0.000,0.000,0.000,0.006,0.000,0.000,0.006,0.000
121.2090,1212,0,move,-1,121.2090,121.2437,0,0.000,0.000,0.264,-0.176,-50.537,34.453,-0.264,-0.088,0.176,0.000,0.000,-0.088,-0.088,0.264,0.088,0.000,0.439,0.176,0.000,0.000,0.000,0.000,-51.141,34.556,0.000,0.000,0.000,0.000,0.000,0.000,0.000,0.000,0.000,0.000,0.000,0.000,0.013,3.2,11.30,29.0,0.000,0.000,0.000,0.000,0.006,0.000,0.006,0.000,0.000,0.000,0.000,0.000,0.000,0.013,0.000,0.000,0.006,0.006
121.3075,1213,0,move,-1,121.3075,121.3192,0,0.000,0.000,0.264,-0.176,-50.537,34.453,-0.264,-0.088,0.176,0.000,0.000,-0.088,-0.088,0.264,0.088,0.000,0.439,0.176,0.000,0.000,0.000,0.000,-51.141,34.556,0.000,0.000,0.000,0.000,0.000,0.000,0.000,0.000,0.000,0.000,0.000,0.000,0.013,3.2,11.30,29.0,0.000,0.000,0.000,0.000,0.006,0.000,0.006,0.000,0.000,0.000,0.000,0.000,0.000,0.013,0.000,0.000,0.006,0.006
121.4092,1214,0,move,-1,121.4092,121.4184,0,0.000,0.000,0.264,-0.176,-50.537,34.453,-0.264,-0.088,0.176,0.000,0.000,-0.088,-0.088,0.264,0.088,0.000,0.439,0.176,0.000,0.000,0.000,0.000,-51.141,34.556,0.000,0.000,0.000,0.000,0.000,0.000,0.000,0.000,0.000,0.000,0.000,0.000,0.013,6.8,11.20,32.0,0.000,0.000,0.000,0.000,0.013,0.000,0.006,0.000,0.000,0.000,0.000,0.000,0.000,0.013,0.000,0.000,0.006,0.000
121.5075,1215,0,move,-1,121.5075,121.5176,0,0.000,0.000,0.264,-0.176,-50.537,34.453,-0.264,-0.088,0.176,0.000,0.000,-0.088,-0.088,0.264,0.088,0.000,0.439,0.176,0.000,0.000,0.000,0.000,-51.141,34.556,0.000,0.000,0.000,0.000,0.000,0.000,0.000,0.000,0.000,0.000,0.000,0.000,0.013,6.8,11.20,32.0,0.000,0.000,0.000,0.000,0.013,0.000,0.006,0.000,0.000,0.000,0.000,0.000,0.000,0.013,0.000,0.000,0.006,0.000
121.6073,1216,0,move,-1,121.6073,121.6190,0,0.000,0.000,0.264,-0.176,-50.537,34.453,-0.264,-0.088,0.176,0.000,0.000,-0.088,-0.088,0.264,0.088,0.000,0.439,0.176,0.000,0.000,0.000,0.000,-51.141,34.556,0.000,0.000,0.000,0.000,0.000,0.000,0.000,0.000,0.000,0.000,0.000,0.000,0.013,6.4,11.30,32.0,0.000,0.000,0.000,0.006,0.013,0.000,0.000,0.000,0.000,0.000,0.000,0.000,0.000,0.006,0.000,0.000,0.013,0.000
121.7075,1217,0,move,-1,121.7075,121.7186,0,0.000,0.000,0.264,-0.176,-50.537,34.453,-0.264,-0.088,0.176,0.000,0.000,-0.088,-0.088,0.264,0.088,0.000,0.439,0.176,0.000,0.000,0.000,0.000,-51.141,34.556,0.000,0.000,0.000,0.000,0.000,0.000,0.000,0.000,0.000,0.000,0.000,0.000,0.013,6.4,11.30,32.0,0.000,0.000,0.000,0.006,0.013,0.000,0.000,0.000,0.000,0.000,0.000,0.000,0.000,0.006,0.000,0.000,0.013,0.000
121.8075,1218,0,move,-1,121.8075,121.8186,0,0.000,0.000,0.264,-0.176,-50.537,34.453,-0.264,-0.088,0.176,0.000,0.000,-0.088,-0.088,0.264,0.088,0.000,0.439,0.176,0.000,0.000,0.000,0.000,-51.141,34.556,0.000,0.000,0.000,0.000,0.000,0.000,0.000,0.000,0.000,0.000,0.000,0.000,0.013,6.4,11.30,32.0,0.000,0.000,0.000,0.000,0.013,0.000,0.006,0.000,0.000,0.000,0.000,0.000,0.000,0.013,0.000,0.000,0.013,0.000
121.9158,1219,0,move,-1,121.9158,121.9411,0,0.000,0.000,0.264,-0.176,-50.537,34.453,-0.264,-0.088,0.176,0.000,0.000,-0.088,-0.088,0.264,0.088,0.000,0.439,0.176,0.000,0.000,0.000,0.000,-51.141,34.556,0.000,0.000,0.000,0.000,0.000,0.000,0.000,0.000,0.000,0.000,0.000,0.000,0.013,6.4,11.30,32.0,0.000,0.000,0.000,0.000,0.013,0.000,0.000,0.000,0.006,0.000,0.000,0.000,0.000,0.006,0.000,0.000,0.013,0.000
122.0075,1220,0,move,-1,122.0075,122.0179,0,0.000,0.000,0.264,-0.176,-50.537,34.453,-0.264,-0.088,0.176,0.000,0.000,-0.088,-0.088,0.264,0.088,0.000,0.439,0.176,0.000,0.000,0.000,0.000,-51.141,34.556,0.000,0.000,0.000,0.000,0.000,0.000,0.000,0.000,0.000,0.000,0.000,0.000,0.013,6.4,11.30,32.0,0.000,0.000,0.000,0.000,0.013,0.000,0.000,0.000,0.006,0.000,0.000,0.000,0.000,0.006,0.000,0.000,0.013,0.000
122.1075,1221,0,move,-1,122.1075,122.1187,0,0.000,0.000,0.264,-0.176,-50.537,34.453,-0.264,-0.088,0.176,0.000,0.000,-0.088,-0.088,0.264,0.088,0.000,0.439,0.176,0.000,0.000,0.000,0.000,-51.141,34.556,0.000,0.000,0.000,0.000,0.000,0.000,0.000,0.000,0.000,0.000,0.000,0.000,0.013,6.4,11.30,32.0,0.000,0.000,0.000,0.000,0.013,0.000,0.000,0.000,0.000,0.000,0.000,0.000,0.000,0.006,0.000,0.000,0.006,0.000
122.2075,1222,0,move,-1,122.2075,122.2176,0,0.000,0.000,0.264,-0.176,-50.537,34.453,-0.264,-0.088,0.176,0.000,0.000,-0.088,-0.088,0.264,0.088,0.000,0.439,0.176,0.000,0.000,0.000,0.000,-51.141,34.556,0.000,0.000,0.000,0.000,0.000,0.000,0.000,0.000,0.000,0.000,0.000,0.000,0.013,6.4,11.30,32.0,0.000,0.000,0.000,0.000,0.013,0.000,0.000,0.000,0.000,0.000,0.000,0.000,0.000,0.006,0.000,0.000,0.006,0.000
122.3075,1223,0,move,-1,122.3075,122.3184,0,0.000,0.000,0.264,-0.176,-50.537,34.453,-0.264,-0.088,0.176,0.000,0.000,-0.088,-0.088,0.264,0.088,0.000,0.439,0.176,0.000,0.000,0.000,0.000,-51.141,34.556,0.000,0.000,0.000,0.000,0.000,0.000,0.000,0.000,0.000,0.000,0.000,0.000,0.013,6.4,11.30,32.0,0.000,0.000,0.000,0.000,0.013,0.000,0.000,0.000,0.000,0.000,0.000,0.000,0.000,0.013,0.000,0.000,0.006,0.000
122.4073,1224,0,move,-1,122.4073,122.4177,0,0.000,0.000,0.264,-0.176,-50.537,34.453,-0.264,-0.088,0.176,0.000,0.000,-0.088,-0.088,0.264,0.088,0.000,0.439,0.176,0.000,0.000,0.000,0.000,-51.141,34.556,0.000,0.000,0.000,0.000,0.000,0.000,0.000,0.000,0.000,0.000,0.000,0.000,0.013,6.4,11.30,32.0,0.000,0.000,0.000,0.000,0.013,0.000,0.000,0.000,0.000,0.000,0.000,0.000,0.000,0.013,0.000,0.000,0.006,0.000
122.5075,1225,0,move,-1,122.5075,122.5195,0,0.000,0.000,0.264,-0.176,-50.537,34.453,-0.264,-0.088,0.176,0.000,0.000,-0.088,-0.088,0.264,0.088,0.000,0.439,0.176,0.000,0.000,0.000,0.000,-51.141,34.556,0.000,0.000,0.000,0.000,0.000,0.000,0.000,0.000,0.000,0.000,0.000,0.000,0.013,6.4,11.30,32.0,0.000,0.000,0.000,0.000,0.013,0.000,0.000,0.000,0.000,0.000,0.000,0.000,0.000,0.006,0.000,0.000,0.006,0.006
122.6075,1226,0,move,-1,122.6075,122.6184,0,0.000,0.000,0.264,-0.176,-50.537,34.453,-0.264,-0.088,0.176,0.000,0.000,-0.088,-0.088,0.264,0.088,0.000,0.439,0.176,0.000,0.000,0.000,0.000,-51.141,34.556,0.000,0.000,0.000,0.000,0.000,0.000,0.000,0.000,0.000,0.000,0.000,0.000,0.013,6.4,11.30,32.0,0.000,0.000,0.000,0.000,0.013,0.000,0.000,0.000,0.000,0.000,0.000,0.000,0.000,0.006,0.000,0.000,0.006,0.006
122.7075,1227,0,move,-1,122.7075,122.7193,0,0.000,0.000,0.264,-0.176,-50.537,34.453,-0.264,-0.088,0.176,0.000,0.000,-0.088,-0.088,0.264,0.088,0.000,0.439,0.176,0.000,0.000,0.000,0.000,-51.141,34.556,0.000,0.000,0.000,0.000,0.000,0.000,0.000,0.000,0.000,0.000,0.000,0.000,0.013,6.4,11.30,32.0,0.000,0.000,0.000,0.000,0.013,0.000,0.006,0.000,0.000,0.000,0.000,0.000,0.000,0.013,0.000,0.000,0.006,0.000
122.8075,1228,0,move,-1,122.8075,122.8215,0,0.000,0.000,0.264,-0.176,-50.537,34.453,-0.264,-0.088,0.176,0.000,0.000,-0.088,-0.088,0.264,0.088,0.000,0.439,0.176,0.000,0.000,0.000,0.000,-51.141,34.556,0.000,0.000,0.000,0.000,0.000,0.000,0.000,0.000,0.000,0.000,0.000,0.000,0.013,3.2,11.30,29.0,0.000,0.000,0.006,0.000,0.006,0.000,0.000,0.000,0.000,0.000,0.000,0.000,0.000,0.013,0.000,0.000,0.013,0.000
122.9147,1229,0,move,-1,122.9147,122.9361,0,0.000,0.000,0.264,-0.176,-50.537,34.453,-0.264,-0.088,0.176,0.000,0.000,-0.088,-0.088,0.264,0.088,0.000,0.439,0.176,0.000,0.000,0.000,0.000,-51.141,34.556,0.000,0.000,0.000,0.000,0.000,0.000,0.000,0.000,0.000,0.000,0.000,0.000,0.013,3.2,11.30,29.0,0.000,0.000,0.000,0.000,0.006,0.000,0.000,0.000,0.000,0.000,0.000,0.000,0.000,0.013,0.000,0.000,0.013,0.000
123.0075,1230,0,move,-1,123.0075,123.0169,0,0.000,0.000,0.264,-0.176,-50.537,34.453,-0.264,-0.088,0.176,0.000,0.000,-0.088,-0.088,0.264,0.088,0.000,0.439,0.176,0.000,0.000,0.000,0.000,-51.141,34.556,0.000,0.000,0.000,0.000,0.000,0.000,0.000,0.000,0.000,0.000,0.000,0.000,0.013,3.2,11.30,29.0,0.000,0.000,0.000,0.000,0.006,0.000,0.000,0.000,0.000,0.000,0.000,0.000,0.000,0.013,0.000,0.000,0.013,0.000
123.1075,1231,0,move,-1,123.1075,123.1187,0,0.000,0.000,0.264,-0.176,-50.537,34.453,-0.264,-0.088,0.176,0.000,0.000,-0.088,-0.088,0.264,0.088,0.000,0.439,0.176,0.000,0.000,0.000,0.000,-51.141,34.556,0.000,0.000,0.000,0.000,0.000,0.000,0.000,0.000,0.000,0.000,0.000,0.000,0.013,6.4,11.30,32.0,0.000,0.000,0.000,0.006,0.013,0.000,0.006,0.000,0.000,0.000,0.000,0.000,0.000,0.013,0.000,0.000,0.006,0.006
123.2075,1232,0,move,-1,123.2075,123.2215,0,0.000,0.000,0.264,-0.176,-50.537,34.453,-0.264,-0.088,0.176,0.000,0.000,-0.088,-0.088,0.264,0.088,0.000,0.439,0.176,0.000,0.000,0.000,0.000,-51.141,34.556,0.000,0.000,0.000,0.000,0.000,0.000,0.000,0.000,0.000,0.000,0.000,0.000,0.013,6.4,11.20,32.0,0.000,0.000,0.006,0.006,0.013,0.000,0.000,0.000,0.000,0.000,0.000,0.000,0.000,0.013,0.000,0.000,0.006,0.000
123.3075,1233,0,move,-1,123.3075,123.3185,0,0.000,0.000,0.264,-0.176,-50.537,34.453,-0.264,-0.088,0.176,0.000,0.000,-0.088,-0.088,0.264,0.088,0.000,0.439,0.176,0.000,0.000,0.000,0.000,-51.141,34.556,0.000,0.000,0.000,0.000,0.000,0.000,0.000,0.000,0.000,0.000,0.000,0.000,0.013,6.4,11.20,32.0,0.000,0.000,0.006,0.006,0.013,0.000,0.000,0.000,0.000,0.000,0.000,0.000,0.000,0.013,0.000,0.000,0.006,0.000
123.4093,1234,0,move,-1,123.4093,123.4238,0,0.000,0.000,0.264,-0.176,-50.537,34.453,-0.264,-0.088,0.176,0.000,0.000,-0.088,-0.088,0.264,0.088,0.000,0.439,0.176,0.000,0.000,0.000,0.000,-51.141,34.556,0.000,0.000,0.000,0.000,0.000,0.000,0.000,0.000,0.000,0.000,0.000,0.000,0.013,6.4,11.20,32.0,0.000,0.000,0.006,0.006,0.013,0.000,0.006,0.000,0.000,0.000,0.000,0.000,0.000,0.006,0.000,0.000,0.006,0.000
123.5075,1235,0,move,-1,123.5075,123.5187,0,0.000,0.000,0.264,-0.176,-50.537,34.453,-0.264,-0.088,0.176,0.000,0.000,-0.088,-0.088,0.264,0.088,0.000,0.439,0.176,0.000,0.000,0.000,0.000,-51.141,34.556,0.000,0.000,0.000,0.000,0.000,0.000,0.000,0.000,0.000,0.000,0.000,0.000,0.013,6.4,11.20,32.0,0.000,0.000,0.006,0.006,0.013,0.000,0.006,0.000,0.000,0.000,0.000,0.000,0.000,0.006,0.000,0.000,0.006,0.000
123.6075,1236,0,move,-1,123.6075,123.6177,0,0.000,0.000,0.264,-0.176,-50.537,34.453,-0.264,-0.088,0.176,0.000,0.000,-0.088,-0.088,0.264,0.088,0.000,0.439,0.176,0.000,0.000,0.000,0.000,-51.141,34.556,0.000,0.000,0.000,0.000,0.000,0.000,0.000,0.000,0.000,0.000,0.000,0.000,0.013,6.4,11.30,32.0,0.000,0.000,0.006,0.000,0.013,0.000,0.006,0.000,0.000,0.000,0.000,0.000,0.000,0.006,0.000,0.000,0.006,0.000
123.7073,1237,0,move,-1,123.7073,123.7168,0,0.000,0.000,0.264,-0.176,-50.537,34.453,-0.264,-0.088,0.176,0.000,0.000,-0.088,-0.088,0.264,0.088,0.000,0.439,0.176,0.000,0.000,0.000,0.000,-51.141,34.556,0.000,0.000,0.000,0.000,0.000,0.000,0.000,0.000,0.000,0.000,0.000,0.000,0.013,6.4,11.30,32.0,0.000,0.000,0.006,0.000,0.013,0.000,0.006,0.000,0.000,0.000,0.000,0.000,0.000,0.006,0.000,0.000,0.006,0.000
123.8073,1238,0,move,-1,123.8073,123.8178,0,0.000,0.000,0.264,-0.176,-50.537,34.453,-0.264,-0.088,0.176,0.000,0.000,-0.088,-0.088,0.264,0.088,0.000,0.439,0.176,0.000,0.000,0.000,0.000,-51.141,34.556,0.000,0.000,0.000,0.000,0.000,0.000,0.000,0.000,0.000,0.000,0.000,0.000,0.013,6.4,11.30,32.0,0.000,0.000,0.000,0.000,0.013,0.000,0.000,0.000,0.000,0.000,0.000,0.000,0.000,0.013,0.000,0.000,0.013,0.006
123.9075,1239,0,move,-1,123.9075,123.9172,0,0.000,0.000,0.264,-0.176,-50.537,34.453,-0.264,-0.088,0.176,0.000,0.000,-0.088,-0.088,0.264,0.088,0.000,0.439,0.176,0.000,0.000,0.000,0.000,-51.141,34.556,0.000,0.000,0.000,0.000,0.000,0.000,0.000,0.000,0.000,0.000,0.000,0.000,0.013,6.4,11.30,32.0,0.000,0.000,0.000,0.000,0.013,0.000,0.000,0.000,0.000,0.000,0.000,0.000,0.000,0.013,0.000,0.000,0.013,0.006
124.0075,1240,0,move,-1,124.0075,124.0186,0,0.000,0.000,0.264,-0.176,-50.537,34.453,-0.264,-0.088,0.176,0.000,0.000,-0.088,-0.088,0.264,0.088,0.000,0.439,0.176,0.000,0.000,0.000,0.000,-51.045,34.512,0.000,0.000,0.000,0.000,0.000,0.000,0.000,0.000,0.000,0.000,0.000,0.000,0.013,6.4,11.30,32.0,0.000,0.000,0.006,0.006,0.013,0.000,0.000,0.000,0.000,0.000,0.000,0.000,0.000,0.006,0.000,0.000,0.006,0.000
124.1075,1241,0,move,-1,124.1075,124.1197,0,0.000,0.000,0.264,-0.176,-50.537,34.453,-0.264,-0.088,0.176,0.000,0.000,-0.088,-0.088,0.264,0.088,0.000,0.439,0.176,0.000,0.000,0.000,0.000,-50.765,34.384,0.000,0.000,0.000,0.000,0.000,0.000,0.000,0.000,0.000,0.000,0.000,0.000,0.013,5.6,11.20,32.0,0.000,0.000,0.006,0.006,0.013,0.000,0.006,0.000,0.000,0.000,0.000,0.000,0.000,0.013,0.000,0.000,0.006,0.000
124.2075,1242,0,move,-1,124.2075,124.2178,0,0.000,0.000,0.264,-0.176,-50.537,34.453,-0.264,-0.088,0.176,0.000,0.000,-0.088,-0.088,0.264,0.088,0.000,0.439,0.176,0.000,0.000,0.000,0.000,-50.327,34.182,0.000,0.000,0.000,0.000,0.000,0.000,0.000,0.000,0.000,0.000,0.000,0.000,0.013,5.6,11.20,32.0,0.000,0.000,0.006,0.006,0.013,0.000,0.006,0.000,0.000,0.000,0.000,0.000,0.000,0.013,0.000,0.000,0.006,0.000
124.3131,1243,0,move,-1,124.3131,124.3235,0,0.000,0.000,0.264,-0.176,-50.537,34.277,-0.264,-0.088,0.176,0.000,0.000,-0.088,-0.088,0.264,0.088,0.000,0.439,0.176,0.000,0.000,0.000,0.000,-49.772,33.924,0.000,0.000,0.000,0.000,0.000,0.000,0.000,0.000,0.000,0.000,0.000,0.000,0.006,2.0,11.20,32.0,0.000,0.000,0.000,0.000,0.000,0.006,0.000,0.000,0.000,0.000,0.000,0.000,0.000,0.006,0.000,0.000,0.006,0.000
124.4074,1244,0,move,-1,124.4074,124.4181,0,0.000,0.000,0.264,-0.176,-50.361,34.102,-0.264,-0.088,0.176,0.000,0.000,-0.088,-0.088,0.264,0.088,0.000,0.439,0.176,0.000,0.000,0.000,0.000,-49.154,33.634,0.000,0.000,0.000,0.000,0.000,0.000,0.000,0.000,0.000,0.000,0.000,0.000,0.006,2.0,11.20,32.0,0.000,0.000,0.000,0.000,0.000,0.006,0.000,0.000,0.000,0.000,0.000,0.000,0.000,0.006,0.000,0.000,0.006,0.000
124.5075,1245,0,move,-1,124.5075,124.5188,0,0.000,0.000,0.264,-0.176,-49.922,33.750,-0.264,-0.088,0.176,0.000,0.000,-0.088,-0.088,0.264,0.088,0.000,0.439,0.176,0.000,0.000,0.000,0.000,-48.535,33.340,0.000,0.000,0.000,0.000,0.000,0.000,0.000,0.000,0.000,0.000,0.000,0.000,0.006,7.2,11.30,39.0,0.000,0.000,0.000,0.000,0.006,0.000,0.000,0.000,0.000,0.000,0.000,0.000,0.000,0.006,0.000,0.000,0.006,0.000
124.6075,1246,0,move,-1,124.6075,124.6182,0,0.000,0.000,0.264,-0.176,-49.131,33.311,-0.264,-0.088,0.176,0.000,0.000,-0.088,-0.088,0.264,0.088,0.000,0.439,0.176,0.000,0.000,0.000,0.000,-47.971,33.071,0.000,0.000,0.000,0.000,0.000,0.000,0.000,0.000,0.000,0.000,0.000,0.000,0.006,7.2,11.30,39.0,0.000,0.000,0.000,0.000,0.006,0.000,0.000,0.000,0.000,0.000,0.000,0.000,0.000,0.006,0.000,0.000,0.006,0.000
124.7075,1247,0,move,-1,124.7075,124.7193,0,0.000,0.000,0.264,-0.176,-48.428,33.135,-0.264,-0.088,0.176,0.000,0.000,-0.088,-0.088,0.264,0.088,0.000,0.439,0.176,0.000,0.000,0.000,0.000,-47.522,32.856,0.000,0.000,0.000,0.000,0.000,0.000,0.000,0.000,0.000,0.000,0.000,0.000,0.006,3.2,11.30,33.0,0.000,0.000,0.006,0.006,0.000,0.000,0.000,0.000,0.000,0.000,0.000,0.000,0.000,0.006,0.000,0.000,0.006,0.000
124.8075,1248,0,move,-1,124.8075,124.8187,0,0.000,0.000,0.264,-0.176,-47.988,32.959,-0.264,-0.088,0.176,0.000,0.000,-0.088,-0.088,0.264,0.088,0.000,0.439,0.176,0.000,0.000,0.000,0.000,-47.233,32.716,0.000,0.000,0.000,0.000,0.000,0.000,0.000,0.000,0.000,0.000,0.000,0.000,0.006,3.2,11.30,33.0,0.000,0.000,0.006,0.006,0.000,0.000,0.000,0.000,0.000,0.000,0.000,0.000,0.000,0.006,0.000,0.000,0.006,0.000
124.9075,1249,0,move,-1,124.9075,124.9169,0,0.000,0.000,0.264,-0.176,-47.637,32.783,-0.264,-0.088,0.176,0.000,0.000,-0.088,-0.088,0.264,0.088,0.000,0.439,0.176,0.000,0.000,0.000,0.000,-47.133,32.667,0.000,0.000,0.000,0.000,0.000,0.000,0.000,0.000,0.000,0.000,0.000,0.000,0.013,3.2,11.30,29.0,0.000,0.000,0.000,0.006,0.006,0.006,0.006,0.000,0.000,0.000,0.000,0.000,0.000,0.013,0.000,0.000,0.013,0.006
125.0073,1250,0,move,-1,125.0073,125.0194,0,0.000,0.000,0.264,-0.176,-47.373,32.783,-0.264,-0.088,0.176,0.000,0.000,-0.088,-0.088,0.264,0.088,0.000,0.439,0.176,0.000,0.000,0.000,0.000,-47.133,32.667,0.000,0.000,0.000,0.000,0.000,0.000,0.000,0.000,0.000,0.000,0.000,0.000,0.006,3.2,11.30,29.0,0.000,0.000,0.000,0.000,0.000,0.000,0.000,0.000,0.000,0.000,0.000,0.000,0.000,0.006,0.000,0.000,0.006,0.000
125.1075,1251,0,move,-1,125.1075,125.1179,0,0.000,0.000,0.264,-0.176,-47.197,32.783,-0.264,-0.088,0.176,0.000,0.000,-0.088,-0.088,0.264,0.088,0.000,0.439,0.176,0.000,0.000,0.000,0.000,-47.133,32.667,0.000,0.000,0.000,0.000,0.000,0.000,0.000,0.000,0.000,0.000,0.000,0.000,0.006,3.2,11.30,29.0,0.000,0.000,0.000,0.000,0.000,0.000,0.000,0.000,0.000,0.000,0.000,0.000,0.000,0.006,0.000,0.000,0.006,0.000
125.2075,1252,0,move,-1,125.2075,125.2188,0,0.000,0.000,0.264,-0.176,-47.021,32.783,-0.264,-0.088,0.176,0.000,0.000,-0.088,-0.088,0.264,0.088,0.000,0.439,0.176,0.000,0.000,0.000,0.000,-47.133,32.667,0.000,0.000,0.000,0.000,0.000,0.000,0.000,0.000,0.000,0.000,0.000,0.000,0.013,4.8,11.30,32.0,0.000,0.000,0.006,0.000,0.000,0.000,0.006,0.000,0.000,0.000,0.000,0.000,0.000,0.006,0.000,0.000,0.013,0.000
125.3073,1253,0,move,-1,125.3073,125.3177,0,0.000,0.000,0.264,-0.176,-46.934,32.783,-0.264,-0.088,0.176,0.000,0.000,-0.088,-0.088,0.264,0.088,0.000,0.439,0.176,0.000,0.000,0.000,0.000,-47.133,32.667,0.000,0.000,0.000,0.000,0.000,0.000,0.000,0.000,0.000,0.000,0.000,0.000,0.013,4.8,11.30,32.0,0.000,0.000,0.006,0.000,0.000,0.000,0.006,0.000,0.000,0.000,0.000,0.000,0.000,0.006,0.000,0.000,0.013,0.000
125.4077,1254,0,move,-1,125.4077,125.4138,0,0.000,0.000,0.264,-0.176,-46.846,32.783,-0.264,-0.088,0.176,0.000,0.000,-0.088,-0.088,0.264,0.088,0.000,0.439,0.176,0.000,0.000,0.000,0.000,-47.133,32.667,0.000,0.000,0.000,0.000,0.000,0.000,0.000,0.000,0.000,0.000,0.000,0.000,0.006,2.4,11.30,32.0,0.000,0.000,0.000,0.006,0.000,0.000,0.000,0.000,0.000,0.000,0.000,0.000,0.000,0.006,0.000,0.000,0.006,0.000
125.5078,1255,0,move,-1,125.5078,125.5230,0,0.000,0.000,0.264,-0.176,-46.846,32.783,-0.264,-0.088,0.176,0.000,0.000,-0.088,-0.088,0.264,0.088,0.000,0.439,0.176,0.000,0.000,0.000,0.000,-47.133,32.667,0.000,0.000,0.000,0.000,0.000,0.000,0.000,0.000,0.000,0.000,0.000,0.000,0.013,3.2,11.30,29.0,0.000,0.000,0.000,0.000,0.000,0.000,0.006,0.000,0.000,0.000,0.000,0.000,0.000,0.013,0.000,0.000,0.006,0.006
125.6075,1256,0,move,-1,125.6075,125.6178,0,0.000,0.000,0.264,-0.176,-46.758,32.783,-0.264,-0.088,0.176,0.000,0.000,-0.088,-0.088,0.264,0.088,0.000,0.439,0.176,0.000,0.000,0.000,0.000,-47.133,32.667,0.000,0.000,0.000,0.000,0.000,0.000,0.000,0.000,0.000,0.000,0.000,0.000,0.013,3.2,11.30,29.0,0.000,0.000,0.000,0.000,0.000,0.000,0.006,0.000,0.000,0.000,0.000,0.000,0.000,0.013,0.000,0.000,0.006,0.006
125.7075,1257,0,move,-1,125.7075,125.7190,0,0.000,0.000,0.264,-0.176,-46.758,32.783,-0.264,-0.088,0.176,0.000,0.000,-0.088,-0.088,0.264,0.088,0.000,0.439,0.176,0.000,0.000,0.000,0.000,-47.133,32.667,0.000,0.000,0.000,0.000,0.000,0.000,0.000,0.000,0.000,0.000,0.000,0.000,0.013,3.2,11.30,29.0,0.000,0.000,0.000,0.006,0.006,0.000,0.000,0.000,0.000,0.000,0.000,0.000,0.000,0.013,0.000,0.000,0.006,0.006
125.8074,1258,0,move,-1,125.8074,125.8175,0,0.000,0.000,0.264,-0.176,-46.758,32.783,-0.264,-0.088,0.176,0.000,0.000,-0.088,-0.088,0.264,0.088,0.000,0.439,0.176,0.000,0.000,0.000,0.000,-47.133,32.667,0.000,0.000,0.000,0.000,0.000,0.000,0.000,0.000,0.000,0.000,0.000,0.000,0.013,3.2,11.30,29.0,0.000,0.000,0.000,0.006,0.006,0.000,0.000,0.000,0.000,0.000,0.000,0.000,0.000,0.013,0.000,0.000,0.006,0.006
125.9074,1259,0,move,-1,125.9074,125.9187,0,0.000,0.000,0.264,-0.176,-46.758,32.783,-0.264,-0.088,0.176,0.000,0.000,-0.088,-0.088,0.264,0.088,0.000,0.439,0.176,0.000,0.000,0.000,0.000,-47.133,32.667,0.000,0.000,0.000,0.000,0.000,0.000,0.000,0.000,0.000,0.000,0.000,0.000,0.006,2.4,11.30,32.0,0.000,,0.000,0.006,0.006,0.000,0.006,0.000,0.000,0.000,0.000,0.000,0.000,0.006,0.000,0.000,0.006,0.000
126.0075,1260,0,move,-1,126.0075,126.0206,0,0.000,0.000,0.264,-0.176,-46.758,32.783,-0.264,-0.088,0.176,0.000,0.000,-0.088,-0.088,0.264,0.088,0.000,0.439,0.176,0.000,0.000,0.000,0.000,-47.133,32.667,0.000,0.000,0.000,0.000,0.000,0.000,0.000,0.000,0.000,0.000,0.000,0.000,0.013,3.2,11.30,29.0,0.000,0.000,0.000,0.006,0.006,0.000,0.006,0.000,0.000,0.000,0.000,0.000,0.000,0.013,0.000,0.000,0.006,0.000
126.1075,1261,0,move,-1,126.1075,126.1182,0,0.000,0.000,0.264,-0.176,-46.758,32.783,-0.264,-0.088,0.176,0.000,0.000,-0.088,-0.088,0.264,0.088,0.000,0.439,0.176,0.000,0.000,0.000,0.000,-47.133,32.667,0.000,0.000,0.000,0.000,0.000,0.000,0.000,0.000,0.000,0.000,0.000,0.000,0.013,3.2,11.30,29.0,0.000,0.000,0.000,0.006,0.006,0.000,0.006,0.000,0.000,0.000,0.000,0.000,0.000,0.013,0.000,0.000,0.006,0.000
126.2073,1262,0,move,-1,126.2073,126.2193,0,0.000,0.000,0.264,-0.176,-46.758,32.783,-0.264,-0.088,0.176,0.000,0.000,-0.088,-0.088,0.264,0.088,0.000,0.439,0.176,0.000,0.000,0.000,0.000,-47.133,32.667,0.000,0.000,0.000,0.000,0.000,0.000,0.000,0.000,0.000,0.000,0.000,0.000,0.013,3.2,11.30,29.0,0.000,0.000,0.006,0.000,0.006,0.000,0.006,0.000,0.000,0.000,0.000,0.000,0.000,0.013,0.000,0.000,0.006,0.000
126.3073,1263,0,move,-1,126.3073,126.3185,0,0.000,0.000,0.264,-0.176,-46.758,32.783,-0.264,-0.088,0.176,0.000,0.000,-0.088,-0.088,0.264,0.088,0.000,0.439,0.176,0.000,0.000,0.000,0.000,-47.133,32.667,0.000,0.000,0.000,0.000,0.000,0.000,0.000,0.000,0.000,0.000,0.000,0.000,0.013,3.2,11.30,29.0,0.000,0.000,0.006,0.000,0.006,0.000,0.006,0.000,0.000,0.000,0.000,0.000,0.000,0.013,0.000,0.000,0.006,0.000
126.4075,1264,0,move,-1,126.4075,126.4175,0,0.000,0.000,0.264,-0.176,-46.758,32.783,-0.264,-0.088,0.176,0.000,0.000,-0.088,-0.088,0.264,0.088,0.000,0.439,0.176,0.000,0.000,0.000,0.000,-47.133,32.667,0.000,0.000,0.000,0.000,0.000,0.000,0.000,0.000,0.000,0.000,0.000,0.000,0.006,3.2,11.30,33.0,0.000,0.000,0.006,0.000,0.006,0.000,0.000,0.000,0.006,0.000,0.000,0.000,0.000,0.006,0.000,0.000,0.006,0.000
126.5075,1265,0,move,-1,126.5075,126.5193,0,0.000,0.000,0.264,-0.176,-46.758,32.783,-0.264,-0.088,0.176,0.000,0.000,-0.088,-0.088,0.264,0.088,0.000,0.439,0.176,0.000,0.000,0.000,0.000,-47.133,32.667,0.000,0.000,0.000,0.000,0.000,0.000,0.000,0.000,0.000,0.000,0.000,0.000,0.006,3.2,11.30,33.0,0.000,0.000,0.006,0.006,0.000,0.000,0.006,0.000,0.000,0.000,0.000,0.000,0.000,0.006,0.000,0.000,0.006,0.000
126.6073,1266,0,move,-1,126.6073,126.6175,0,0.000,0.000,0.264,-0.176,-46.758,32.783,-0.264,-0.088,0.176,0.000,0.000,-0.088,-0.088,0.264,0.088,0.000,0.439,0.176,0.000,0.000,0.000,0.000,-47.133,32.667,0.000,0.000,0.000,0.000,0.000,0.000,0.000,0.000,0.000,0.000,0.000,0.000,0.006,3.2,11.30,33.0,0.000,0.000,0.006,0.006,0.000,0.000,0.006,0.000,0.000,0.000,0.000,0.000,0.000,0.006,0.000,0.000,0.006,0.000
126.7075,1267,0,move,-1,126.7075,126.7190,0,0.000,0.000,0.264,-0.176,-46.758,32.783,-0.264,-0.088,0.176,0.000,0.000,-0.088,-0.088,0.264,0.088,0.000,0.439,0.176,0.000,0.000,0.000,0.000,-47.133,32.667,0.000,0.000,0.000,0.000,0.000,0.000,0.000,0.000,0.000,0.000,0.000,0.000,0.013,3.2,11.30,29.0,0.000,0.000,0.000,0.000,0.006,0.000,0.006,0.000,0.000,0.000,0.000,0.000,0.000,0.013,0.000,0.000,0.013,0.000
126.8075,1268,0,move,-1,126.8075,126.8199,0,0.000,0.000,0.264,-0.176,-46.758,32.783,-0.264,-0.088,0.176,0.000,0.000,-0.088,-0.088,0.264,0.088,0.000,0.439,0.176,0.000,0.000,0.000,0.000,-47.133,32.667,0.000,0.000,0.000,0.000,0.000,0.000,0.000,0.000,0.000,0.000,0.000,0.000,0.006,3.2,11.30,33.0,0.000,0.000,0.006,0.000,0.006,0.000,0.006,0.000,0.000,0.000,0.000,0.000,0.000,0.006,0.000,0.000,0.006,0.000
126.9073,1269,0,move,-1,126.9073,126.9177,0,0.000,0.000,0.264,-0.176,-46.758,32.783,-0.264,-0.088,0.176,0.000,0.000,-0.088,-0.088,0.264,0.088,0.000,0.439,0.176,0.000,0.000,0.000,0.000,-47.133,32.667,0.000,0.000,0.000,0.000,0.000,0.000,0.000,0.000,0.000,0.000,0.000,0.000,0.006,3.2,11.30,33.0,0.000,0.000,0.006,0.000,0.006,0.000,0.006,0.000,0.000,0.000,0.000,0.000,0.000,0.006,0.000,0.000,0.006,0.000
127.0075,1270,0,move,-1,127.0075,127.0186,0,0.000,0.000,0.264,-0.176,-46.758,32.783,-0.264,-0.088,0.176,0.000,0.000,-0.088,-0.088,0.264,0.088,0.000,0.439,0.176,0.000,0.000,0.000,0.000,-47.133,32.667,0.000,0.000,0.000,0.000,0.000,0.000,0.000,0.000,0.000,0.000,0.000,0.000,0.013,3.2,11.30,29.0,0.000,0.000,0.000,0.006,0.006,0.000,0.000,0.000,0.000,0.000,0.000,0.000,0.000,0.013,0.000,0.000,0.006,0.000
127.1075,1271,0,move,-1,127.1075,127.1180,0,0.000,0.000,0.264,-0.176,-46.758,32.783,-0.264,-0.088,0.176,0.000,0.000,-0.088,-0.088,0.264,0.088,0.000,0.439,0.176,0.000,0.000,0.000,0.000,-47.133,32.667,0.000,0.000,0.000,0.000,0.000,0.000,0.000,0.000,0.000,0.000,0.000,0.000,0.013,3.2,11.30,29.0,0.000,0.000,0.000,0.006,0.006,0.000,0.000,0.000,0.000,0.000,0.000,0.000,0.000,0.013,0.000,0.000,0.006,0.000
127.2075,1272,0,move,-1,127.2075,127.2193,0,0.000,0.000,0.264,-0.176,-46.758,32.783,-0.264,-0.088,0.176,0.000,0.000,-0.088,-0.088,0.264,0.088,0.000,0.439,0.176,0.000,0.000,0.000,0.000,-47.133,32.667,0.000,0.000,0.000,0.000,0.000,0.000,0.000,0.000,0.000,0.000,0.000,0.000,0.013,3.2,11.30,29.0,0.000,0.000,0.006,0.000,0.006,0.000,0.006,0.000,0.006,0.000,0.000,0.000,0.000,0.013,0.000,0.000,0.006,0.006
127.3075,1273,0,move,-1,127.3075,127.3177,0,0.000,0.000,0.264,-0.176,-46.758,32.783,-0.264,-0.088,0.176,0.000,0.000,-0.088,-0.088,0.264,0.088,0.000,0.439,0.176,0.000,0.000,0.000,0.000,-47.133,32.667,0.000,0.000,0.000,0.000,0.000,0.000,0.000,0.000,0.000,0.000,0.000,0.000,0.013,3.2,11.30,29.0,0.000,0.000,0.006,0.000,0.006,0.000,0.006,0.000,0.006,0.000,0.000,0.000,0.000,0.013,0.000,0.000,0.006,0.006
127.4075,1274,0,move,-1,127.4075,127.4193,0,0.000,0.000,0.264,-0.176,-46.758,32.783,-0.264,-0.088,0.176,0.000,0.000,-0.088,-0.088,0.264,0.088,0.000,0.439,0.176,0.000,0.000,0.000,0.000,-47.133,32.667,0.000,0.000,0.000,0.000,0.000,0.000,0.000,0.000,0.000,0.000,0.000,0.000,0.013,3.2,11.30,29.0,0.000,0.000,0.000,0.000,0.006,0.000,0.000,0.000,0.000,0.000,0.000,0.000,0.000,0.013,0.000,0.000,0.006,0.000
127.5075,1275,0,move,-1,127.5075,127.5203,0,0.000,0.000,0.264,-0.176,-46.758,32.783,-0.264,-0.088,0.176,0.000,0.000,-0.088,-0.088,0.264,0.088,0.000,0.439,0.176,0.000,0.000,0.000,0.000,-47.133,32.667,0.000,0.000,0.000,0.000,0.000,0.000,0.000,0.000,0.000,0.000,0.000,0.000,0.013,4.8,11.30,32.0,0.000,0.000,0.000,0.000,0.006,0.000,0.000,0.000,0.000,0.000,0.000,0.000,0.000,0.006,0.000,0.000,0.013,0.000
127.6158,1276,0,move,-1,127.6158,127.6593,0,0.000,0.000,0.264,-0.176,-46.758,32.783,-0.264,-0.088,0.176,0.000,0.000,-0.088,-0.088,0.264,0.088,0.000,0.439,0.176,0.000,0.000,0.000,0.000,-47.133,32.667,0.000,0.000,0.000,0.000,0.000,0.000,0.000,0.000,0.000,0.000,0.000,0.000,0.013,3.2,11.30,29.0,0.000,0.000,0.000,0.000,0.006,0.000,0.000,0.000,0.000,0.000,0.000,0.000,0.000,0.013,0.000,0.000,0.006,0.000
127.7073,1277,0,move,-1,127.7073,127.7187,0,0.000,0.000,0.264,-0.176,-46.758,32.783,-0.264,-0.088,0.176,0.000,0.000,-0.088,-0.088,0.264,0.088,0.000,0.439,0.176,0.000,0.000,0.000,0.000,-47.133,32.667,0.000,0.000,0.000,0.000,0.000,0.000,0.000,0.000,0.000,0.000,0.000,0.000,0.013,3.2,11.30,29.0,0.000,0.000,0.000,0.000,0.006,0.000,0.000,0.000,0.000,0.000,0.000,0.000,0.000,0.013,0.000,0.000,0.006,0.000
127.8073,1278,0,move,-1,127.8073,127.8211,0,0.000,0.000,0.264,-0.176,-46.758,32.783,-0.264,-0.088,0.176,0.000,0.000,-0.088,-0.088,0.264,0.088,0.000,0.439,0.176,0.000,0.000,0.000,0.000,-47.133,32.667,0.000,0.000,0.000,0.000,0.000,0.000,0.000,0.000,0.000,0.000,0.000,0.000,0.006,4.0,11.30,32.0,0.000,0.000,0.000,0.000,0.006,0.000,0.000,0.000,0.000,0.000,0.000,0.000,0.000,0.006,0.000,0.000,0.006,0.006
127.9073,1279,0,move,-1,127.9073,127.9196,0,0.000,0.000,0.264,-0.176,-46.758,32.783,-0.264,-0.088,0.176,0.000,0.000,-0.088,-0.088,0.264,0.088,0.000,0.439,0.176,0.000,0.000,0.000,0.000,-47.133,32.667,0.000,0.000,0.000,0.000,0.000,0.000,0.000,0.000,0.000,0.000,0.000,0.000,0.006,4.0,11.30,32.0,0.000,0.000,0.000,0.000,0.006,0.000,0.000,0.000,0.000,0.000,0.000,0.000,0.000,0.006,0.000,0.000,0.006,0.006
128.0075,1280,0,move,-1,128.0075,128.0175,0,0.000,0.000,0.264,-0.176,-46.758,32.783,-0.264,-0.088,0.176,0.000,0.000,-0.088,-0.088,0.264,0.088,0.000,0.439,0.176,0.000,0.000,0.000,0.000,-47.033,32.619,0.000,0.000,0.000,0.000,0.000,0.000,0.000,0.000,0.000,0.000,0.000,0.000,0.006,3.2,11.30,33.0,0.000,0.000,0.006,0.006,0.000,0.000,0.006,0.000,0.000,0.000,0.000,0.000,0.000,0.006,0.000,0.000,0.006,0.000
128.1075,1281,0,move,-1,128.1075,128.1300,0,0.000,0.000,0.264,-0.176,-46.758,32.695,-0.264,-0.088,0.176,0.000,0.000,-0.088,-0.088,0.264,0.088,0.000,0.439,0.176,0.000,0.000,0.000,0.000,-46.742,32.477,0.000,0.000,0.000,0.000,0.000,0.000,0.000,0.000,0.000,0.000,0.000,0.000,0.006,3.2,11.30,33.0,0.000,0.000,0.006,0.000,0.006,0.000,,0.000,0.000,0.000,0.000,0.000,0.000,0.006,0.000,0.000,0.006,0.006
128.2075,1282,0,move,-1,128.2075,128.2168,0,0.000,0.000,0.264,-0.176,-46.758,32.695,-0.264,-0.088,0.176,0.000,0.000,-0.088,-0.088,0.264,0.088,0.000,0.439,0.176,0.000,0.000,0.000,0.000,-46.288,32.255,0.000,0.000,0.000,0.000,0.000,0.000,0.000,0.000,0.000,0.000,0.000,0.000,0.006,3.2,11.30,33.0,0.000,0.000,0.006,0.000,0.006,0.000,,0.000,0.000,0.000,0.000,0.000,0.000,0.006,0.000,0.000,0.006,0.006
128.3075,1283,0,move,-1,128.3075,128.3184,0,0.000,0.000,0.264,-0.176,-46.758,32.432,-0.264,-0.088,0.176,0.000,0.000,-0.088,-0.088,0.264,0.088,0.000,0.439,0.176,0.000,0.000,0.000,0.000,-45.712,31.972,0.000,0.000,0.000,0.000,0.000,0.000,0.000,0.000,0.000,0.000,0.000,0.000,0.006,3.2,11.30,33.0,0.000,0.000,0.006,0.006,0.000,0.006,0.006,0.000,0.000,0.000,0.000,0.000,0.000,0.006,0.000,0.000,0.006,0.000
128.4076,1284,0,move,-1,128.4076,128.4197,0,0.000,0.000,0.264,-0.176,-46.406,32.080,-0.264,-0.088,0.176,0.000,0.000,-0.088,-0.088,0.264,0.088,0.000,0.439,0.176,0.000,0.000,0.000,0.000,-45.069,31.653,0.000,0.000,0.000,0.000,0.000,0.000,0.000,0.000,0.000,0.000,0.000,0.000,0.013,3.2,11.30,29.0,0.000,0.000,0.000,0.000,0.006,0.006,0.006,0.000,0.000,0.000,0.000,0.000,0.000,0.013,0.000,0.000,0.006,0.000
128.5075,1285,0,move,-1,128.5075,128.5185,0,0.000,0.000,0.264,-0.176,-45.615,31.729,-0.264,-0.088,0.176,0.000,0.000,-0.088,-0.088,0.264,0.088,0.000,0.439,0.176,0.000,0.000,0.000,0.000,-44.421,31.329,0.000,0.000,0.000,0.000,0.000,0.000,0.000,0.000,0.000,0.000,0.000,0.000,0.013,3.2,11.30,29.0,0.000,0.000,0.000,0.000,0.006,0.006,0.006,0.000,0.000,0.000,0.000,0.000,0.000,0.013,0.000,0.000,0.006,0.000
128.6075,1286,0,move,-1,128.6075,128.6197,0,0.000,0.000,0.264,-0.176,-45.000,31.377,-0.264,-0.088,0.176,0.000,0.000,-0.088,-0.088,0.264,0.088,0.000,0.439,0.176,0.000,0.000,0.000,0.000,-43.833,31.033,0.000,0.000,0.000,0.000,0.000,0.000,0.000,0.000,0.000,0.000,0.000,0.000,0.006,2.4,11.30,32.0,0.000,0.000,0.000,0.006,0.006,0.000,0.006,0.000,0.006,0.000,0.000,0.000,0.000,0.006,0.000,0.000,0.006,0.000
128.7075,1287,0,move,-1,128.7075,128.7188,0,0.000,0.000,0.264,-0.176,-44.385,31.113,-0.264,-0.088,0.176,0.000,0.000,-0.088,-0.088,0.264,0.088,0.000,0.439,0.176,0.000,0.000,0.000,0.000,-43.362,30.795,0.000,0.000,0.000,0.000,0.000,0.000,0.000,0.000,0.000,0.000,0.000,0.000,0.006,2.4,11.30,32.0,0.000,0.000,0.000,0.006,0.006,0.000,0.006,0.000,0.006,0.000,0.000,0.000,0.000,0.006,0.000,0.000,0.006,0.000
128.8075,1288,0,move,-1,128.8075,128.8185,0,0.000,0.000,0.264,-0.176,-43.770,30.850,-0.264,-0.088,0.176,0.000,0.000,-0.088,-0.088,0.264,0.088,0.000,0.439,0.176,0.000,0.000,0.000,0.000,-43.059,30.640,0.000,0.000,0.000,0.000,0.000,0.000,0.000,0.000,0.000,0.000,0.000,0.000,0.013,3.2,11.30,29.0,0.000,0.000,0.000,0.006,0.006,0.006,0.000,0.000,0.000,0.000,0.000,0.000,0.000,0.013,0.000,0.000,0.006,0.000
128.9075,1289,0,move,-1,128.9075,128.9181,0,0.000,0.000,0.264,-0.176,-43.330,30.850,-0.264,-0.088,0.176,0.000,0.000,-0.088,-0.088,0.264,0.088,0.000,0.439,0.176,0.000,0.000,0.000,0.000,-42.955,30.587,0.000,0.000,0.000,0.000,0.000,0.000,0.000,0.000,0.000,0.000,0.000,0.000,0.013,3.2,11.30,29.0,0.000,0.000,0.000,0.006,0.006,0.006,0.000,0.000,0.000,0.000,0.000,0.000,0.000,0.013,0.000,0.000,0.006,0.000
129.0075,1290,0,move,-1,129.0075,129.0339,0,0.000,0.000,0.264,-0.176,-43.154,30.586,-0.264,-0.088,0.176,0.000,0.000,-0.088,-0.088,0.264,0.088,0.000,0.439,0.176,0.000,0.000,0.000,0.000,-42.955,30.587,0.000,0.000,0.000,0.000,0.000,0.000,0.000,0.000,0.000,0.000,0.000,0.000,0.013,4.8,11.30,32.0,0.000,0.000,0.006,0.000,0.000,0.000,0.006,0.000,0.000,0.000,0.000,0.000,0.000,0.006,0.000,0.000,0.013,0.000
129.1075,1291,0,move,-1,129.1075,129.1189,0,0.000,0.000,0.264,-0.176,-43.066,30.586,-0.264,-0.088,0.176,0.000,0.000,-0.088,-0.088,0.264,0.088,0.000,0.439,0.176,0.000,0.000,0.000,0.000,-42.955,30.587,0.000,0.000,0.000,0.000,0.000,0.000,0.000,0.000,0.000,0.000,0.000,0.000,0.013,4.8,11.30,32.0,0.000,0.000,0.006,0.000,0.000,0.000,0.006,0.000,0.000,0.000,0.000,0.000,0.000,0.006,0.000,0.000,0.013,0.000
129.2074,1292,0,move,-1,129.2074,129.2213,0,0.000,0.000,0.264,-0.176,-42.979,30.586,-0.264,-0.088,0.176,0.000,0.000,-0.088,-0.088,0.264,0.088,0.000,0.439,0.176,0.000,0.000,0.000,0.000,-42.955,30.587,0.000,0.000,0.000,0.000,0.000,0.000,0.000,0.000,0.000,0.000,0.000,0.000,0.006,2.4,11.30,32.0,0.000,0.000,0.000,0.006,0.000,0.000,0.006,0.000,0.000,0.000,0.000,0.000,0.000,0.006,0.000,0.000,0.006,0.000
129.3075,1293,0,move,-1,129.3075,129.3187,0,0.000,0.000,0.264,-0.176,-42.803,30.586,-0.264,-0.088,0.176,0.000,0.000,-0.088,-0.088,0.264,0.088,0.000,0.439,0.176,0.000,0.000,0.000,0.000,-42.955,30.587,0.000,0.000,0.000,0.000,0.000,0.000,0.000,0.000,0.000,0.000,0.000,0.000,0.006,2.4,11.30,32.0,0.000,0.000,0.000,0.006,0.000,0.000,0.006,0.000,0.000,0.000,0.000,0.000,0.000,0.006,0.000,0.000,0.006,0.000
129.4216,1294,0,move,-1,129.4216,129.4462,0,0.000,0.000,0.264,-0.176,-42.803,30.586,-0.264,-0.088,0.176,0.000,0.000,-0.088,-0.088,0.264,0.088,0.000,0.439,0.176,0.000,0.000,0.000,0.000,-42.955,30.587,0.000,0.000,0.000,0.000,0.000,0.000,0.000,0.000,0.000,0.000,0.000,0.000,0.013,3.2,11.30,29.0,0.000,0.000,0.000,0.000,0.000,0.000,0.000,0.000,0.000,0.000,0.000,0.000,0.000,0.013,0.000,0.000,0.013,0.000
129.5075,1295,0,move,-1,129.5075,129.5200,0,0.000,0.000,0.264,-0.176,-42.715,30.586,-0.264,-0.088,0.176,0.000,0.000,-0.088,-0.088,0.264,0.088,0.000,0.439,0.176,0.000,0.000,0.000,0.000,-42.955,30.587,0.000,0.000,0.000,0.000,0.000,0.000,0.000,0.000,0.000,0.000,0.000,0.000,0.013,3.2,11.30,29.0,0.000,0.000,0.000,0.000,0.000,0.000,0.000,0.000,0.000,0.000,0.000,0.000,0.000,0.013,0.000,0.000,0.013,0.000
129.6073,1296,0,move,-1,129.6073,129.6176,0,0.000,0.000,0.264,-0.176,-42.715,30.586,-0.264,-0.088,0.176,0.000,0.000,-0.088,-0.088,0.264,0.088,0.000,0.439,0.176,0.000,0.000,0.000,0.000,-42.955,30.587,0.000,0.000,0.000,0.000,0.000,0.000,0.000,0.000,0.000,0.000,0.000,0.000,0.013,3.2,11.30,29.0,0.000,0.000,0.000,0.000,0.006,0.000,0.006,0.000,0.000,0.000,0.000,0.000,0.000,0.013,0.000,0.000,0.006,0.000
129.7075,1297,0,move,-1,129.7075,129.7196,0,0.000,0.000,0.264,-0.176,-42.715,30.586,-0.264,-0.088,0.176,0.000,0.000,-0.088,-0.088,0.264,0.088,0.000,0.439,0.176,0.000,0.000,0.000,0.000,-42.955,30.587,0.000,0.000,0.000,0.000,0.000,0.000,0.000,0.000,0.000,0.000,0.000,0.000,0.013,3.2,11.30,29.0,0.000,0.000,0.000,0.006,0.006,0.006,0.006,0.000,0.006,0.000,0.000,0.000,0.000,0.013,0.000,0.000,0.013,0.000
129.8075,1298,0,move,-1,129.8075,129.8177,0,0.000,0.000,0.264,-0.176,-42.715,30.586,-0.264,-0.088,0.176,0.000,0.000,-0.088,-0.088,0.264,0.088,0.000,0.439,0.176,0.000,0.000,0.000,0.000,-42.955,30.587,0.000,0.000,0.000,0.000,0.000,0.000,0.000,0.000,0.000,0.000,0.000,0.000,0.013,3.2,11.30,29.0,0.000,0.000,0.000,0.006,0.006,0.006,0.006,0.000,0.006,0.000,0.000,0.000,0.000,0.013,0.000,0.000,0.013,0.000
129.9075,1299,0,move,-1,129.9075,129.9189,0,0.000,0.000,0.264,-0.176,-42.627,30.586,-0.264,-0.088,0.176,0.000,0.000,-0.088,-0.088,0.264,0.088,0.000,0.439,0.176,0.000,0.000,0.000,0.000,-42.955,30.587,0.000,0.000,0.000,0.000,0.000,0.000,0.000,0.000,0.000,0.000,0.000,0.000,0.013,4.8,11.30,32.0,0.000,0.000,0.000,0.000,0.006,0.000,0.006,0.000,0.000,0.000,0.000,0.000,0.000,0.006,0.000,0.000,0.013,0.000
130.0073,1300,0,move,-1,130.0073,130.0134,0,0.000,0.000,0.264,-0.176,-42.627,30.586,-0.264,-0.088,0.176,0.000,0.000,-0.088,-0.088,0.264,0.088,0.000,0.439,0.176,0.000,0.000,0.000,0.000,-42.955,30.587,0.000,0.000,0.000,0.000,0.000,0.000,0.000,0.000,0.000,0.000,0.000,0.000,0.013,4.8,11.30,32.0,0.000,0.000,0.000,0.000,0.006,0.000,0.006,0.000,0.000,0.000,0.000,0.000,0.000,0.006,0.000,0.000,0.013,0.000
130.1143,1301,0,move,-1,130.1143,130.1524,0,0.000,0.000,0.264,-0.176,-42.627,30.586,-0.264,-0.088,0.176,0.000,0.000,-0.088,-0.088,0.264,0.088,0.000,0.439,0.176,0.000,0.000,0.000,0.000,-42.955,30.587,0.000,0.000,0.000,0.000,0.000,0.000,0.000,0.000,0.000,0.000,0.000,0.000,0.013,3.2,11.30,29.0,0.000,0.000,0.000,0.006,0.000,0.000,0.000,0.000,0.006,0.000,0.000,0.000,0.000,0.013,0.000,0.000,0.013,0.006
130.2075,1302,0,move,-1,130.2075,130.2182,0,0.000,0.000,0.264,-0.176,-42.627,30.586,-0.264,-0.088,0.176,0.000,0.000,-0.088,-0.088,0.264,0.088,0.000,0.439,0.176,0.000,0.000,0.000,0.000,-42.955,30.587,0.000,0.000,0.000,0.000,0.000,0.000,0.000,0.000,0.000,0.000,0.000,0.000,0.013,3.2,11.30,29.0,0.000,0.000,0.000,0.006,0.000,0.000,0.000,0.000,0.006,0.000,0.000,0.000,0.000,0.013,0.000,0.000,0.013,0.006
130.3075,1303,0,move,-1,130.3075,130.3193,0,0.000,0.000,0.264,-0.176,-42.627,30.586,-0.264,-0.088,0.176,0.000,0.000,-0.088,-0.088,0.264,0.088,0.000,0.439,0.176,0.000,0.000,0.000,0.000,-42.955,30.587,0.000,0.000,0.000,0.000,0.000,0.000,0.000,0.000,0.000,0.000,0.000,0.000,0.013,3.2,11.30,29.0,0.000,0.000,0.000,0.006,0.000,0.000,0.006,0.000,0.006,0.000,0.000,0.000,0.000,0.013,0.000,0.000,0.006,0.000
130.4073,1304,0,move,-1,130.4073,130.4292,0,0.000,0.000,0.264,-0.176,-42.627,30.586,-0.264,-0.088,0.176,0.000,0.000,-0.088,-0.088,0.264,0.088,0.000,0.439,0.176,0.000,0.000,0.000,0.000,-42.955,30.587,0.000,0.000,0.000,0.000,0.000,0.000,0.000,0.000,0.000,0.000,0.000,0.000,0.006,4.0,11.30,32.0,0.000,0.000,0.000,0.000,0.006,0.000,0.006,0.000,0.006,0.000,0.000,0.000,0.000,0.006,0.000,0.000,0.006,0.006
130.5076,1305,0,move,-1,130.5076,130.5310,0,0.000,0.000,0.264,-0.176,-42.627,30.586,-0.264,-0.088,0.176,0.000,0.000,-0.088,-0.088,0.264,0.088,0.000,0.439,0.176,0.000,0.000,0.000,0.000,-42.955,30.587,0.000,0.000,0.000,0.000,0.000,0.000,0.000,0.000,0.000,0.000,0.000,0.000,0.013,3.2,11.30,29.0,0.000,0.000,0.006,0.006,0.006,0.000,0.006,0.000,0.000,0.000,0.000,0.000,0.000,0.013,0.000,0.000,0.006,0.000
130.6075,1306,0,move,-1,130.6075,130.6180,0,0.000,0.000,0.264,-0.176,-42.627,30.586,-0.264,-0.088,0.176,0.000,0.000,-0.088,-0.088,0.264,0.088,0.000,0.439,0.176,0.000,0.000,0.000,0.000,-42.955,30.587,0.000,0.000,0.000,0.000,0.000,0.000,0.000,0.000,0.000,0.000,0.000,0.000,0.013,3.2,11.30,29.0,0.000,0.000,0.006,0.006,0.006,0.000,0.006,0.000,0.000,0.000,0.000,0.000,0.000,0.013,0.000,0.000,0.006,0.000
130.7075,1307,0,move,-1,130.7075,130.7194,0,0.000,0.000,0.264,-0.176,-42.627,30.586,-0.264,-0.088,0.176,0.000,0.000,-0.088,-0.088,0.264,0.088,0.000,0.439,0.176,0.000,0.000,0.000,0.000,-42.955,30.587,0.000,0.000,0.000,0.000,0.000,0.000,0.000,0.000,0.000,0.000,0.000,0.000,0.013,3.2,11.30,29.0,0.000,0.000,0.006,0.006,0.006,0.000,0.000,0.000,0.000,0.000,0.000,0.000,0.000,0.013,0.000,0.000,0.006,0.006
130.8075,1308,0,move,-1,130.8075,130.8195,0,0.000,0.000,0.264,-0.176,-42.627,30.586,-0.264,-0.088,0.176,0.000,0.000,-0.088,-0.088,0.264,0.088,0.000,0.439,0.176,0.000,0.000,0.000,0.000,-42.955,30.587,0.000,0.000,0.000,0.000,0.000,0.000,0.000,0.000,0.000,0.000,0.000,0.000,0.013,3.2,11.30,29.0,0.000,0.000,0.000,0.006,0.006,0.000,0.006,0.000,0.000,0.000,0.000,0.000,0.000,0.013,0.000,0.000,0.006,0.006
130.9075,1309,0,move,-1,130.9075,130.9184,0,0.000,0.000,0.264,-0.176,-42.627,30.586,-0.264,-0.088,0.176,0.000,0.000,-0.088,-0.088,0.264,0.088,0.000,0.439,0.176,0.000,0.000,0.000,0.000,-42.955,30.587,0.000,0.000,0.000,0.000,0.000,0.000,0.000,0.000,0.000,0.000,0.000,0.000,0.013,3.2,11.30,29.0,0.000,0.000,0.000,0.006,0.006,0.000,0.006,0.000,0.000,0.000,0.000,0.000,0.000,0.013,0.000,0.000,0.006,0.006
131.0105,1310,0,move,-1,131.0105,131.0495,0,0.000,0.000,0.264,-0.176,-42.627,30.586,-0.264,-0.088,0.176,0.000,0.000,-0.088,-0.088,0.264,0.088,0.000,0.439,0.176,0.000,0.000,0.000,0.000,-42.955,30.587,0.000,0.000,0.000,0.000,0.000,0.000,0.000,0.000,0.000,0.000,0.000,0.000,0.006,3.2,11.30,33.0,0.000,0.000,0.006,0.000,0.006,0.000,0.006,0.000,0.006,0.000,0.000,0.000,0.000,0.006,0.000,0.000,0.006,0.006
131.1073,1311,0,move,-1,131.1073,131.1188,0,0.000,0.000,0.264,-0.176,-42.627,30.586,-0.264,-0.088,0.176,0.000,0.000,-0.088,-0.088,0.264,0.088,0.000,0.439,0.176,0.000,0.000,0.000,0.000,-42.955,30.587,0.000,0.000,0.000,0.000,0.000,0.000,0.000,0.000,0.000,0.000,0.000,0.000,0.006,3.2,11.30,33.0,0.000,0.000,0.006,0.000,0.006,0.000,0.006,0.000,0.006,0.000,0.000,0.000,0.000,0.006,0.000,0.000,0.006,0.006
131.2075,1312,0,move,-1,131.2075,131.2207,0,0.000,0.000,0.264,-0.176,-42.627,30.586,-0.264,-0.088,0.176,0.000,0.000,-0.088,-0.088,0.264,0.088,0.000,0.439,0.176,0.000,0.000,0.000,0.000,-42.955,30.587,0.000,0.000,0.000,0.000,0.000,0.000,0.000,0.000,0.000,0.000,0.000,0.000,0.006,4.0,11.20,32.0,0.000,0.000,0.000,0.000,0.006,0.000,0.000,0.000,0.000,0.000,0.000,0.000,0.000,0.006,0.000,0.000,0.006,0.000
131.3075,1313,0,move,-1,131.3075,131.3197,0,0.000,0.000,0.264,-0.176,-42.627,30.586,-0.264,-0.088,0.176,0.000,0.000,-0.088,-0.088,0.264,0.088,0.000,0.439,0.176,0.000,0.000,0.000,0.000,-42.955,30.587,0.000,0.000,0.000,0.000,0.000,0.000,0.000,0.000,0.000,0.000,0.000,0.000,0.006,4.0,11.20,32.0,0.000,0.000,0.000,0.000,0.006,0.000,0.000,0.000,0.000,0.000,0.000,0.000,0.000,0.006,0.000,0.000,0.006,0.000
131.4074,1314,0,move,-1,131.4074,131.4634,0,0.000,0.000,0.264,-0.176,-42.627,30.586,-0.264,-0.088,0.176,0.000,0.000,-0.088,-0.088,0.264,0.088,0.000,0.439,0.176,0.000,0.000,0.000,0.000,-42.955,30.587,0.000,0.000,0.000,0.000,0.000,0.000,0.000,0.000,0.000,0.000,0.000,0.000,0.013,3.2,11.30,29.0,0.000,0.000,0.000,0.006,0.000,0.000,0.006,0.000,0.000,0.000,0.000,0.000,0.000,0.013,0.000,0.000,0.006,0.006
131.5075,1315,0,move,-1,131.5075,131.5172,0,0.000,0.000,0.264,-0.176,-42.627,30.586,-0.264,-0.088,0.176,0.000,0.000,-0.088,-0.088,0.264,0.088,0.000,0.439,0.176,0.000,0.000,0.000,0.000,-42.955,30.587,0.000,0.000,0.000,0.000,0.000,0.000,0.000,0.000,0.000,0.000,0.000,0.000,0.013,3.2,11.30,29.0,0.000,0.000,0.000,0.006,0.000,0.000,0.006,0.000,0.000,0.000,0.000,0.000,0.000,0.013,0.000,0.000,0.006,0.006
131.6077,1316,0,move,-1,131.6077,131.6181,0,0.000,0.000,0.264,-0.176,-42.627,30.586,-0.264,-0.088,0.176,0.000,0.000,-0.088,-0.088,0.264,0.088,0.000,0.439,0.176,0.000,0.000,0.000,0.000,-42.955,30.587,0.000,0.000,0.000,0.000,0.000,0.000,0.000,0.000,0.000,0.000,0.000,0.000,0.013,3.2,11.30,29.0,0.000,0.000,0.000,0.000,0.006,0.000,0.000,0.000,0.000,0.000,0.000,0.000,0.000,0.013,0.000,0.000,0.006,0.000
131.7075,1317,0,move,-1,131.7075,131.7172,0,0.000,0.000,0.264,-0.176,-42.627,30.586,-0.264,-0.088,0.176,0.000,0.000,-0.088,-0.088,0.264,0.088,0.000,0.439,0.176,0.000,0.000,0.000,0.000,-42.955,30.587,0.000,0.000,0.000,0.000,0.000,0.000,0.000,0.000,0.000,0.000,0.000,0.000,0.013,3.2,11.30,29.0,0.000,0.000,0.000,0.000,0.006,0.000,0.000,0.000,0.000,0.000,0.000,0.000,0.000,0.013,0.000,0.000,0.006,0.000
131.8075,1318,0,move,-1,131.8075,131.8186,0,0.000,0.000,0.264,-0.176,-42.627,30.586,-0.264,-0.088,0.176,0.000,0.000,-0.088,-0.088,0.264,0.088,0.000,0.439,0.176,0.000,0.000,0.000,0.000,-42.955,30.587,0.000,0.000,0.000,0.000,0.000,0.000,0.000,0.000,0.000,0.000,0.000,0.000,0.006,3.2,11.30,33.0,0.000,0.000,0.006,0.000,0.000,0.000,0.000,0.000,0.000,0.000,0.000,0.000,0.000,0.006,0.000,0.000,0.006,0.000
131.9074,1319,0,move,-1,131.9074,131.9219,0,0.000,0.000,0.264,-0.176,-42.627,30.586,-0.264,-0.088,0.176,0.000,0.000,-0.088,-0.088,0.264,0.088,0.000,0.439,0.176,0.000,0.000,0.000,0.000,-42.955,30.587,0.000,0.000,0.000,0.000,0.000,0.000,0.000,0.000,0.000,0.000,0.000,0.000,0.013,3.2,11.30,29.0,0.000,0.000,0.000,0.000,0.006,0.000,0.000,0.000,0.006,0.000,0.000,0.000,0.000,0.013,0.000,0.000,0.006,0.000
132.0075,1320,0,move,-1,132.0075,132.0181,0,0.000,0.000,0.264,-0.176,-42.627,30.586,-0.264,-0.088,0.176,0.000,0.000,-0.088,-0.088,0.264,0.088,0.000,0.439,0.176,0.000,0.000,0.000,0.000,-43.059,30.640,0.000,0.000,0.000,0.000,0.000,0.000,0.000,0.000,0.000,0.000,0.000,0.000,0.013,3.2,11.30,29.0,0.000,0.000,0.000,0.000,0.006,0.000,0.000,0.000,0.006,0.000,0.000,0.000,0.000,0.013,0.000,0.000,0.006,0.000
132.1073,1321,0,move,-1,132.1073,132.1223,0,0.000,0.000,0.264,-0.176,-42.627,30.586,-0.264,-0.088,0.176,0.000,0.000,-0.088,-0.088,0.264,0.088,0.000,0.439,0.176,0.000,0.000,0.000,0.000,-43.362,30.795,0.000,0.000,0.000,0.000,0.000,0.000,0.000,0.000,0.000,0.000,0.000,0.000,0.000,0.0,11.30,32.0,0.000,0.000,0.000,0.000,0.000,0.000,0.000,0.000,0.000,0.000,0.000,0.000,0.000,0.000,0.000,0.000,0.000,0.000
132.2073,1322,0,move,-1,132.2073,132.2190,0,0.000,0.000,0.264,-0.176,-42.627,30.762,-0.264,-0.088,0.176,0.000,0.000,-0.088,-0.088,0.264,0.088,0.000,0.439,0.176,0.000,0.000,0.000,0.000,-43.833,31.033,0.000,0.000,0.000,0.000,0.000,0.000,0.000,0.000,0.000,0.000,0.000,0.000,0.000,0.0,11.30,32.0,0.000,0.000,0.000,0.000,0.000,0.000,0.000,0.000,0.000,0.000,0.000,0.000,0.000,0.000,0.000,0.000,0.000,0.000
132.3075,1323,0,move,-1,132.3075,132.3174,0,0.000,0.000,0.264,-0.176,-43.066,30.850,-0.264,-0.088,0.176,0.000,0.000,-0.088,-0.088,0.264,0.088,0.000,0.439,0.176,0.000,0.000,0.000,0.000,-44.421,31.329,0.000,0.000,0.000,0.000,0.000,0.000,0.000,0.000,0.000,0.000,0.000,0.000,0.013,7.6,11.30,32.0,0.000,0.000,0.006,0.006,0.013,0.000,0.006,0.000,0.000,0.000,0.000,0.000,0.000,0.006,0.000,0.000,0.013,0.000
132.4074,1324,0,move,-1,132.4074,132.4185,0,0.000,0.000,0.264,-0.176,-43.594,31.201,-0.264,-0.088,0.176,0.000,0.000,-0.088,-0.088,0.264,0.088,0.000,0.439,0.176,0.000,0.000,0.000,0.000,-45.069,31.653,0.000,0.000,0.000,0.000,0.000,0.000,0.000,0.000,0.000,0.000,0.000,0.000,0.013,8.0,11.30,32.0,0.000,0.000,0.000,0.006,0.013,0.006,0.006,0.000,0.006,0.000,0.000,0.000,0.000,0.006,0.000,0.000,0.006,0.000
132.5075,1325,0,move,-1,132.5075,132.5191,0,0.000,0.000,0.264,-0.176,-44.209,31.553,-0.264,-0.088,0.176,0.000,0.000,-0.088,-0.088,0.264,0.088,0.000,0.439,0.176,0.000,0.000,0.000,0.000,-45.712,31.972,0.000,0.000,0.000,0.000,0.000,0.000,0.000,0.000,0.000,0.000,0.000,0.000,0.026,10.0,11.30,32.0,0.000,0.000,0.000,0.006,0.026,0.006,0.006,0.000,0.000,0.000,0.000,0.000,0.000,0.006,0.000,0.000,0.006,0.000
132.6075,1326,0,move,-1,132.6075,132.6188,0,0.000,0.000,0.264,-0.176,-44.736,31.904,-0.264,-0.088,0.176,0.000,0.000,-0.088,-0.088,0.264,0.088,0.000,0.439,0.176,0.000,0.000,0.000,0.000,-46.288,32.255,0.000,0.000,0.000,0.000,0.000,0.000,0.000,0.000,0.000,0.000,0.000,0.000,0.026,10.0,11.30,32.0,0.000,0.000,0.000,0.006,0.026,0.006,0.006,0.000,0.000,0.000,0.000,0.000,0.000,0.006,0.000,0.000,0.006,0.000
132.7127,1327,0,move,-1,132.7127,132.7378,0,0.000,0.000,0.264,-0.176,-45.615,32.080,-0.264,-0.088,0.176,0.000,0.000,-0.088,-0.088,0.264,0.088,0.000,0.439,0.176,0.000,0.000,0.000,0.000,-46.742,32.477,0.000,0.000,0.000,0.000,0.000,0.000,0.000,0.000,0.000,0.000,0.000,0.000,0.019,9.2,11.30,32.0,0.000,0.000,0.000,0.000,0.019,0.006,0.006,0.000,0.000,0.000,0.000,0.000,0.000,0.013,0.000,0.000,0.006,0.006
132.8075,1328,0,move,-1,132.8075,132.8176,0,0.000,0.000,0.264,-0.176,-45.967,32.432,-0.264,-0.088,0.176,0.000,0.000,-0.088,-0.088,0.264,0.088,0.000,0.439,0.176,0.000,0.000,0.000,0.000,-47.033,32.619,0.000,0.000,0.000,0.000,0.000,0.000,0.000,0.000,0.000,0.000,0.000,0.000,0.019,9.2,11.30,32.0,0.000,0.000,0.000,0.000,0.019,0.006,0.006,0.000,0.000,0.000,0.000,0.000,0.000,0.013,0.000,0.000,0.006,0.006
132.9075,1329,0,move,-1,132.9075,132.9188,0,0.000,0.000,0.264,-0.176,-46.318,32.520,-0.264,-0.088,0.176,0.000,0.000,-0.088,-0.088,0.264,0.088,0.000,0.439,0.176,0.000,0.000,0.000,0.000,-47.133,32.667,0.000,0.000,0.000,0.000,0.000,0.000,0.000,0.000,0.000,0.000,0.000,0.000,0.013,8.0,11.30,32.0,0.000,0.000,0.000,0.000,0.013,0.006,0.006,0.000,0.000,0.000,0.000,0.000,0.000,0.006,0.000,0.000,0.006,0.000
133.0075,1330,0,move,-1,133.0075,133.0196,0,0.000,0.000,0.264,-0.176,-46.494,32.607,-0.264,-0.088,0.176,0.000,0.000,-0.088,-0.088,0.264,0.088,0.000,0.439,0.176,0.000,0.000,0.000,0.000,-47.133,32.667,0.000,0.000,0.000,0.000,0.000,0.000,0.000,0.000,0.000,0.000,0.000,0.000,0.006,2.4,11.30,32.0,0.000,0.000,0.000,0.006,0.006,0.006,0.000,0.000,0.000,0.000,0.000,0.000,0.000,0.006,0.000,0.000,0.006,0.000
133.1207,1331,0,move,-1,133.1207,133.1338,0,0.000,0.000,0.264,-0.176,-46.582,32.607,-0.264,-0.088,0.176,0.000,0.000,-0.088,-0.088,0.264,0.088,0.000,0.439,0.176,0.000,0.000,0.000,0.000,-47.133,32.667,0.000,0.000,0.000,0.000,0.000,0.000,0.000,0.000,0.000,0.000,0.000,0.000,0.013,6.4,11.20,32.0,0.000,0.000,0.006,0.000,0.013,0.000,0.000,0.000,0.000,0.000,0.000,0.000,0.000,0.006,0.000,0.000,0.006,0.000
133.2075,1332,0,move,-1,133.2075,133.2167,0,0.000,0.000,0.264,-0.176,-46.582,32.607,-0.264,-0.088,0.176,0.000,0.000,-0.088,-0.088,0.264,0.088,0.000,0.439,0.176,0.000,0.000,0.000,0.000,-47.133,32.667,0.000,0.000,0.000,0.000,0.000,0.000,0.000,0.000,0.000,0.000,0.000,0.000,0.013,6.4,11.20,32.0,0.000,0.000,0.006,0.000,0.013,0.000,0.000,0.000,0.000,0.000,0.000,0.000,0.000,0.006,0.000,0.000,0.006,0.000
133.3075,1333,0,move,-1,133.3075,133.3178,0,0.000,0.000,0.264,-0.176,-46.582,32.607,-0.264,-0.088,0.176,0.000,0.000,-0.088,-0.088,0.264,0.088,0.000,0.439,0.176,0.000,0.000,0.000,0.000,-47.133,32.667,0.000,0.000,0.000,0.000,0.000,0.000,0.000,0.000,0.000,0.000,0.000,0.000,0.013,5.6,11.20,32.0,,0.000,0.000,0.006,0.013,0.000,0.000,0.000,0.000,0.000,0.000,0.000,0.000,0.013,0.000,0.000,0.006,0.006
133.4075,1334,0,move,-1,133.4075,133.4168,0,0.000,0.000,0.264,-0.176,-46.582,32.607,-0.264,-0.088,0.176,0.000,0.000,-0.088,-0.088,0.264,0.088,0.000,0.439,0.176,0.000,0.000,0.000,0.000,-47.133,32.667,0.000,0.000,0.000,0.000,0.000,0.000,0.000,0.000,0.000,0.000,0.000,0.000,0.013,5.6,11.20,32.0,,0.000,0.000,0.006,0.013,0.000,0.000,0.000,0.000,0.000,0.000,0.000,0.000,0.013,0.000,0.000,0.006,0.006
133.5075,1335,0,move,-1,133.5075,133.5176,0,0.000,0.000,0.264,-0.176,-46.582,32.607,-0.264,-0.088,0.176,0.000,0.000,-0.088,-0.088,0.264,0.088,0.000,0.439,0.176,0.000,0.000,0.000,0.000,-47.133,32.667,0.000,0.000,0.000,0.000,0.000,0.000,0.000,0.000,0.000,0.000,0.000,0.000,0.006,2.4,11.30,32.0,0.000,0.000,0.000,0.006,0.006,0.000,0.006,0.000,0.000,0.000,0.000,0.000,0.000,0.006,0.000,0.000,0.006,0.000
133.6074,1336,0,move,-1,133.6074,133.6172,0,0.000,0.000,0.264,-0.176,-46.582,32.607,-0.264,-0.088,0.176,0.000,0.000,-0.088,-0.088,0.264,0.088,0.000,0.439,0.176,0.000,0.000,0.000,0.000,-47.133,32.667,0.000,0.000,0.000,0.000,0.000,0.000,0.000,0.000,0.000,0.000,0.000,0.000,0.006,2.4,11.30,32.0,0.000,0.000,0.000,0.006,0.006,0.000,0.006,0.000,0.000,0.000,0.000,0.000,0.000,0.006,0.000,0.000,0.006,0.000
133.7075,1337,0,move,-1,133.7075,133.7177,0,0.000,0.000,0.264,-0.176,-46.582,32.607,-0.264,-0.088,0.176,0.000,0.000,-0.088,-0.088,0.264,0.088,0.000,0.439,0.176,0.000,0.000,0.000,0.000,-47.133,32.667,0.000,0.000,0.000,0.000,0.000,0.000,0.000,0.000,0.000,0.000,0.000,0.000,0.006,3.2,11.30,33.0,0.000,0.000,0.006,0.000,0.006,0.000,0.000,0.000,0.000,0.000,0.000,0.000,0.000,0.006,0.000,0.000,0.006,0.000
133.8075,1338,0,move,-1,133.8075,133.8177,0,0.000,0.000,0.264,-0.176,-46.582,32.607,-0.264,-0.088,0.176,0.000,0.000,-0.088,-0.088,0.264,0.088,0.000,0.439,0.176,0.000,0.000,0.000,0.000,-47.133,32.667,0.000,0.000,0.000,0.000,0.000,0.000,0.000,0.000,0.000,0.000,0.000,0.000,0.013,3.2,11.30,29.0,0.000,0.000,0.000,0.006,0.006,0.000,0.006,0.000,0.006,0.000,0.000,0.000,0.000,0.013,0.000,0.000,0.006,0.006
133.9075,1339,0,move,-1,133.9075,133.9192,0,0.000,0.000,0.264,-0.176,-46.582,32.607,-0.264,-0.088,0.176,0.000,0.000,-0.088,-0.088,0.264,0.088,0.000,0.439,0.176,0.000,0.000,0.000,0.000,-47.133,32.667,0.000,0.000,0.000,0.000,0.000,0.000,0.000,0.000,0.000,0.000,0.000,0.000,0.013,5.6,11.30,32.0,0.000,0.000,0.000,0.000,0.013,0.000,0.006,0.000,0.006,0.000,0.000,0.000,0.000,0.006,0.000,0.000,0.006,0.000
134.0126,1340,0,move,-1,134.0126,134.0236,0,0.000,0.000,0.264,-0.176,-46.582,32.607,-0.264,-0.088,0.176,0.000,0.000,-0.088,-0.088,0.264,0.088,0.000,0.439,0.176,0.000,0.000,0.000,0.000,-47.133,32.667,0.000,0.000,0.000,0.000,0.000,0.000,0.000,0.000,0.000,0.000,0.000,0.000,0.013,5.6,11.30,32.0,0.000,0.000,0.000,0.000,0.013,0.000,0.000,0.000,0.000,0.000,0.000,0.000,0.000,0.006,0.000,0.000,0.013,0.006
134.1073,1341,0,move,-1,134.1073,134.1131,0,0.000,0.000,0.264,-0.176,-46.582,32.607,-0.264,-0.088,0.176,0.000,0.000,-0.088,-0.088,0.264,0.088,0.000,0.439,0.176,0.000,0.000,0.000,0.000,-47.133,32.667,0.000,0.000,0.000,0.000,0.000,0.000,0.000,0.000,0.000,0.000,0.000,0.000,0.013,5.6,11.30,32.0,0.000,0.000,0.000,0.000,0.013,0.000,0.000,0.000,0.000,0.000,0.000,0.000,0.000,0.006,0.000,0.000,0.013,0.006
134.2075,1342,0,move,-1,134.2075,134.2187,0,0.000,0.000,0.264,-0.176,-46.582,32.607,-0.264,-0.088,0.176,0.000,0.000,-0.088,-0.088,0.264,0.088,0.000,0.439,0.176,0.000,0.000,0.000,0.000,-47.133,32.667,0.000,0.000,0.000,0.000,0.000,0.000,0.000,0.000,0.000,0.000,0.000,0.000,0.013,4.8,11.30,32.0,0.000,0.000,0.006,0.000,0.006,0.000,0.006,0.000,0.000,0.000,0.000,0.000,0.000,0.006,0.000,0.000,0.013,0.000
134.3075,1343,0,move,-1,134.3075,134.3176,0,0.000,0.000,0.264,-0.176,-46.582,32.607,-0.264,-0.088,0.176,0.000,0.000,-0.088,-0.088,0.264,0.088,0.000,0.439,0.176,0.000,0.000,0.000,0.000,-47.133,32.667,0.000,0.000,0.000,0.000,0.000,0.000,0.000,0.000,0.000,0.000,0.000,0.000,0.013,4.8,11.30,32.0,0.000,0.000,0.006,0.000,0.006,0.000,0.006,0.000,0.000,0.000,0.000,0.000,0.000,0.006,0.000,0.000,0.013,0.000
134.4073,1344,0,move,-1,134.4073,134.4185,0,0.000,0.000,0.264,-0.176,-46.582,32.607,-0.264,-0.088,0.176,0.000,0.000,-0.088,-0.088,0.264,0.088,0.000,0.439,0.176,0.000,0.000,0.000,0.000,-47.133,32.667,0.000,0.000,0.000,0.000,0.000,0.000,0.000,0.000,0.000,0.000,0.000,0.000,0.006,3.2,11.30,33.0,0.000,0.000,0.006,0.000,0.006,0.000,0.000,0.000,0.000,0.000,0.000,0.000,0.000,0.006,0.000,0.000,0.006,0.000
134.5073,1345,0,move,-1,134.5073,134.5179,0,0.000,0.000,0.264,-0.176,-46.582,32.607,-0.264,-0.088,0.176,0.000,0.000,-0.088,-0.088,0.264,0.088,0.000,0.439,0.176,0.000,0.000,0.000,0.000,-47.133,32.667,0.000,0.000,0.000,0.000,0.000,0.000,0.000,0.000,0.000,0.000,0.000,0.000,0.006,3.2,11.30,33.0,0.000,0.000,0.006,0.000,0.006,0.000,0.000,0.000,0.000,0.000,0.000,0.000,0.000,0.006,0.000,0.000,0.006,0.000
134.6075,1346,0,move,-1,134.6075,134.6180,0,0.000,0.000,0.264,-0.176,-46.582,32.607,-0.264,-0.088,0.176,0.000,0.000,-0.088,-0.088,0.264,0.088,0.000,0.439,0.176,0.000,0.000,0.000,0.000,-47.133,32.667,0.000,0.000,0.000,0.000,0.000,0.000,0.000,0.000,0.000,0.000,0.000,0.000,0.013,5.6,11.20,32.0,0.000,0.000,0.000,0.006,0.013,0.000,0.006,0.000,0.000,0.000,0.000,0.000,0.000,0.013,0.000,0.000,0.013,0.000
134.7075,1347,0,move,-1,134.7075,134.7196,0,0.000,0.000,0.264,-0.176,-46.582,32.607,-0.264,-0.088,0.176,0.000,0.000,-0.088,-0.088,0.264,0.088,0.000,0.439,0.176,0.000,0.000,0.000,0.000,-47.133,32.667,0.000,0.000,0.000,0.000,0.000,0.000,0.000,0.000,0.000,0.000,0.000,0.000,0.013,3.2,11.30,29.0,0.000,0.000,0.000,0.000,0.006,0.000,0.006,0.000,0.000,0.000,0.000,0.000,0.000,0.013,0.000,0.000,0.006,0.006
134.8075,1348,0,move,-1,134.8075,134.8176,0,0.000,0.000,0.264,-0.176,-46.582,32.607,-0.264,-0.088,0.176,0.000,0.000,-0.088,-0.088,0.264,0.088,0.000,0.439,0.176,0.000,0.000,0.000,0.000,-47.133,32.667,0.000,0.000,0.000,0.000,0.000,0.000,0.000,0.000,0.000,0.000,0.000,0.000,0.013,3.2,11.30,29.0,0.000,0.000,0.000,0.000,0.006,0.000,0.006,0.000,0.000,0.000,0.000,0.000,0.000,0.013,0.000,0.000,0.006,0.006
134.9075,1349,0,move,-1,134.9075,134.9180,0,0.000,0.000,0.264,-0.176,-46.582,32.607,-0.264,-0.088,0.176,0.000,0.000,-0.088,-0.088,0.264,0.088,0.000,0.439,0.176,0.000,0.000,0.000,0.000,-47.133,32.667,0.000,0.000,0.000,0.000,0.000,0.000,0.000,0.000,0.000,0.000,0.000,0.000,0.013,3.2,11.30,29.0,0.000,0.000,0.006,0.000,0.006,0.000,0.006,0.000,0.000,0.000,0.000,0.000,0.000,0.013,0.000,0.000,0.006,0.000
135.0083,1350,0,move,-1,135.0083,135.0338,0,0.000,0.000,0.264,-0.176,-46.582,32.607,-0.264,-0.088,0.176,0.000,0.000,-0.088,-0.088,0.264,0.088,0.000,0.439,0.176,0.000,0.000,0.000,0.000,-47.133,32.667,0.000,0.000,0.000,0.000,0.000,0.000,0.000,0.000,0.000,0.000,0.000,0.000,0.013,3.2,11.30,29.0,0.000,0.000,0.000,0.006,0.006,0.000,0.000,0.000,0.000,0.000,0.000,0.000,0.000,0.013,0.006,0.000,0.013,0.000
135.1075,1351,0,move,-1,135.1075,135.1185,0,0.000,0.000,0.264,-0.176,-46.582,32.607,-0.264,-0.088,0.176,0.000,0.000,-0.088,-0.088,0.264,0.088,0.000,0.439,0.176,0.000,0.000,0.000,0.000,-47.133,32.667,0.000,0.000,0.000,0.000,0.000,0.000,0.000,0.000,0.000,0.000,0.000,0.000,0.013,3.2,11.30,29.0,0.000,0.000,0.000,0.006,0.006,0.000,0.000,0.000,0.000,0.000,0.000,0.000,0.000,0.013,0.006,0.000,0.013,0.000
135.2075,1352,0,move,-1,135.2075,135.2177,0,0.000,0.000,0.264,-0.176,-46.582,32.607,-0.264,-0.088,0.176,0.000,0.000,-0.088,-0.088,0.264,0.088,0.000,0.439,0.176,0.000,0.000,0.000,0.000,-47.133,32.667,0.000,0.000,0.000,0.000,0.000,0.000,0.000,0.000,0.000,0.000,0.000,0.000,0.006,3.2,11.30,33.0,0.000,0.000,0.006,0.006,0.006,0.000,0.006,0.000,0.000,0.000,0.000,0.000,0.000,0.006,0.000,0.000,0.006,0.000
135.3075,1353,0,move,-1,135.3075,135.3196,0,0.000,0.000,0.264,-0.176,-46.582,32.607,-0.264,-0.088,0.176,0.000,0.000,-0.088,-0.088,0.264,0.088,0.000,0.439,0.176,0.000,0.000,0.000,0.000,-47.133,32.667,0.000,0.000,0.000,0.000,0.000,0.000,0.000,0.000,0.000,0.000,0.000,0.000,0.013,5.6,11.30,32.0,0.000,0.000,0.000,0.000,0.013,0.000,0.006,0.000,0.000,0.000,0.000,0.000,0.000,0.006,0.000,0.000,0.006,0.000
135.4075,1354,0,move,-1,135.4075,135.4175,0,0.000,0.000,0.264,-0.176,-46.582,32.607,-0.264,-0.088,0.176,0.000,0.000,-0.088,-0.088,0.264,0.088,0.000,0.439,0.176,0.000,0.000,0.000,0.000,-47.133,32.667,0.000,0.000,0.000,0.000,0.000,0.000,0.000,0.000,0.000,0.000,0.000,0.000,0.013,5.6,11.30,32.0,0.000,0.000,0.000,0.000,0.013,0.000,0.006,0.000,0.000,0.000,0.000,0.000,0.000,0.006,0.000,0.000,0.006,0.000
135.5075,1355,0,move,-1,135.5075,135.5180,0,0.000,0.000,0.264,-0.176,-46.582,32.607,-0.264,-0.088,0.176,0.000,0.000,-0.088,-0.088,0.264,0.088,0.000,0.439,0.176,0.000,0.000,0.000,0.000,-47.133,32.667,0.000,0.000,0.000,0.000,0.000,0.000,0.000,0.000,0.000,0.000,0.000,0.000,0.013,5.6,11.30,32.0,0.000,0.000,0.006,0.006,0.013,0.000,0.006,0.000,0.000,0.000,0.000,0.000,0.000,0.013,0.000,0.000,0.006,0.000
135.6076,1356,0,move,-1,135.6076,135.6447,0,0.000,0.000,0.264,-0.176,-46.582,32.607,-0.264,-0.088,0.176,0.000,0.000,-0.088,-0.088,0.264,0.088,0.000,0.439,0.176,0.000,0.000,0.000,0.000,-47.133,32.667,0.000,0.000,0.000,0.000,0.000,0.000,0.000,0.000,0.000,0.000,0.000,0.000,0.013,3.2,11.30,29.0,0.000,0.000,0.006,0.000,0.006,0.000,0.000,0.000,0.000,0.000,0.000,0.000,0.000,0.013,0.000,0.000,0.013,0.000
135.7075,1357,0,move,-1,135.7075,135.7181,0,0.000,0.000,0.264,-0.176,-46.582,32.607,-0.264,-0.088,0.176,0.000,0.000,-0.088,-0.088,0.264,0.088,0.000,0.439,0.176,0.000,0.000,0.000,0.000,-47.133,32.667,0.000,0.000,0.000,0.000,0.000,0.000,0.000,0.000,0.000,0.000,0.000,0.000,0.013,3.2,11.30,29.0,0.000,0.000,0.006,0.000,0.006,0.000,0.000,0.000,0.000,0.000,0.000,0.000,0.000,0.013,0.000,0.000,0.013,0.000
135.8075,1358,0,move,-1,135.8075,135.8202,0,0.000,0.000,0.264,-0.176,-46.582,32.607,-0.264,-0.088,0.176,0.000,0.000,-0.088,-0.088,0.264,0.088,0.000,0.439,0.176,0.000,0.000,0.000,0.000,-47.133,32.667,0.000,0.000,0.000,0.000,0.000,0.000,0.000,0.000,0.000,0.000,0.000,0.000,0.013,3.2,11.30,29.0,0.000,0.000,0.006,0.000,0.006,0.000,0.000,0.000,0.006,0.000,0.000,0.000,0.000,0.013,0.000,0.000,0.006,0.006
135.9075,1359,0,move,-1,135.9075,135.9182,0,0.000,0.000,0.264,-0.176,-46.582,32.607,-0.264,-0.088,0.176,0.000,0.000,-0.088,-0.088,0.264,0.088,0.000,0.439,0.176,0.000,0.000,0.000,0.000,-47.133,32.667,0.000,0.000,0.000,0.000,0.000,0.000,0.000,0.000,0.000,0.000,0.000,0.000,0.013,3.2,11.30,29.0,0.000,0.000,0.006,0.000,0.006,0.000,0.000,0.000,0.006,0.000,0.000,0.000,0.000,0.013,0.000,0.000,0.006,0.006
136.0073,1360,0,move,-1,136.0073,136.0193,0,0.000,0.000,0.264,-0.176,-46.582,32.607,-0.264,-0.088,0.176,0.000,0.000,-0.088,-0.088,0.264,0.088,0.000,0.439,0.176,0.000,0.000,0.000,0.000,-47.233,32.716,0.000,0.000,0.000,0.000,0.000,0.000,0.000,0.000,0.000,0.000,0.000,0.000,0.006,5.6,11.30,32.0,0.000,0.000,0.000,0.000,0.006,0.000,0.000,0.000,0.000,0.000,0.000,0.006,0.000,0.006,0.000,0.000,0.006,0.006
136.1075,1361,0,move,-1,136.1075,136.1175,0,0.000,0.000,0.264,-0.176,-46.582,32.607,-0.264,-0.088,0.176,0.000,0.000,-0.088,-0.088,0.264,0.088,0.000,0.439,0.176,0.000,0.000,0.000,0.000,-47.522,32.856,0.000,0.000,0.000,0.000,0.000,0.000,0.000,0.000,0.000,0.000,0.000,0.000,0.006,5.6,11.30,32.0,0.000,0.000,0.000,0.000,0.006,0.000,0.000,0.000,0.000,0.000,0.000,0.006,0.000,0.006,0.000,0.000,0.006,0.006
136.2075,1362,0,move,-1,136.2075,136.2185,0,0.000,0.000,0.264,-0.176,-46.934,32.695,-0.264,-0.088,0.176,0.000,0.000,-0.088,-0.088,0.264,0.088,0.000,0.439,0.176,0.000,0.000,0.000,0.000,-47.971,33.071,0.000,0.000,0.000,0.000,0.000,0.000,0.000,0.000,0.000,0.000,0.000,0.000,0.019,9.2,11.20,32.0,0.000,0.000,0.000,0.000,0.019,0.006,0.006,0.000,0.000,0.000,0.000,0.000,0.000,0.013,0.000,0.000,0.006,0.000
136.3075,1363,0,move,-1,136.3075,136.3174,0,0.000,0.000,0.264,-0.176,-47.197,32.959,-0.264,-0.088,0.176,0.000,0.000,-0.088,-0.088,0.264,0.088,0.000,0.439,0.176,0.000,0.000,0.000,0.000,-48.535,33.340,0.000,0.000,0.000,0.000,0.000,0.000,0.000,0.000,0.000,0.000,0.000,0.000,0.019,9.2,11.20,32.0,0.000,0.000,0.000,0.000,0.019,0.006,0.006,0.000,0.000,0.000,0.000,0.000,0.000,0.013,0.000,0.000,0.006,0.000
136.4075,1364,0,move,-1,136.4075,136.4209,0,0.000,0.000,0.264,-0.176,-47.812,33.135,-0.264,-0.088,0.176,0.000,0.000,-0.088,-0.088,0.264,0.088,0.000,0.439,0.176,0.000,0.000,0.000,0.000,-49.154,33.634,0.000,0.000,0.000,0.000,0.000,0.000,0.000,0.000,0.000,0.000,0.000,0.000,0.013,8.0,11.30,32.0,0.000,0.000,0.006,0.000,0.013,0.013,0.000,0.000,0.000,0.000,0.000,0.000,0.000,0.013,0.000,0.000,0.006,0.000
136.5075,1365,0,move,-1,136.5075,136.5173,0,0.000,0.000,0.264,-0.176,-48.252,33.574,-0.264,-0.088,0.176,0.000,0.000,-0.088,-0.088,0.264,0.088,0.000,0.439,0.176,0.000,0.000,0.000,0.000,-49.772,33.924,0.000,0.000,0.000,0.000,0.000,0.000,0.000,0.000,0.000,0.000,0.000,0.000,0.013,8.0,11.30,32.0,0.000,0.000,0.006,0.000,0.013,0.013,0.000,0.000,0.000,0.000,0.000,0.000,0.000,0.013,0.000,0.000,0.006,0.000
136.6075,1366,0,move,-1,136.6075,136.6177,0,0.000,0.000,0.264,-0.176,-48.867,33.838,-0.264,-0.088,0.176,0.000,0.000,-0.088,-0.088,0.264,0.088,0.000,0.439,0.176,0.000,0.000,0.000,0.000,-50.327,34.182,0.000,0.000,0.000,0.000,0.000,0.000,0.000,0.000,0.000,0.000,0.000,0.000,0.026,9.6,11.30,32.0,0.000,0.000,0.000,0.000,0.026,0.006,0.006,0.000,0.006,0.000,0.000,0.000,0.000,0.006,0.000,0.000,0.006,0.000
136.7075,1367,0,move,-1,136.7075,136.7214,0,0.000,0.000,0.264,-0.176,-49.570,34.102,-0.264,-0.088,0.176,0.000,0.000,-0.088,-0.088,0.264,0.088,0.000,0.439,0.176,0.000,0.000,0.000,0.000,-50.765,34.384,0.000,0.000,0.000,0.000,0.000,0.000,0.000,0.000,0.000,0.000,0.000,0.000,0.019,8.4,11.30,32.0,0.000,0.000,0.000,0.000,0.019,0.006,0.000,0.000,0.000,0.000,0.000,0.000,0.000,0.006,0.000,0.000,0.006,0.000
136.8075,1368,0,move,-1,136.8075,136.8173,0,0.000,0.000,0.264,-0.176,-50.010,34.365,-0.264,-0.088,0.176,0.000,0.000,-0.088,-0.088,0.264,0.088,0.000,0.439,0.176,0.000,0.000,0.000,0.000,-51.045,34.512,0.000,0.000,0.000,0.000,0.000,0.000,0.000,0.000,0.000,0.000,0.000,0.000,0.019,8.4,11.30,32.0,0.000,0.000,0.000,0.000,0.019,0.006,0.000,0.000,0.000,0.000,0.000,0.000,0.000,0.006,0.000,0.000,0.006,0.000
136.9075,1369,0,move,-1,136.9075,136.9209,0,0.000,0.000,0.264,-0.176,-50.449,34.365,-0.264,-0.088,0.176,0.000,0.000,-0.088,-0.088,0.264,0.088,0.000,0.439,0.176,0.000,0.000,0.000,0.000,-51.141,34.556,0.000,0.000,0.000,0.000,0.000,0.000,0.000,0.000,0.000,0.000,0.000,0.000,0.013,8.8,11.20,32.0,0.000,0.000,0.006,0.006,0.013,0.000,0.006,0.000,0.000,0.000,0.000,0.000,0.000,0.013,0.000,0.000,0.013,0.006
137.0075,1370,0,move,-1,137.0075,137.0198,0,0.000,0.000,0.264,-0.176,-50.449,34.365,-0.264,-0.088,0.176,0.000,0.000,-0.088,-0.088,0.264,0.088,0.000,0.439,0.176,0.000,0.000,0.000,0.000,-51.141,34.556,0.000,0.000,0.000,0.000,0.000,0.000,0.000,0.000,0.000,0.000,0.000,0.000,0.013,8.8,11.20,32.0,0.000,0.000,0.006,0.006,0.013,0.000,0.006,0.000,0.000,0.000,0.000,0.000,0.000,0.013,0.000,0.000,0.013,0.006
137.1075,1371,0,move,-1,137.1075,137.1209,0,0.000,0.000,0.264,-0.176,-50.537,34.453,-0.264,-0.088,0.176,0.000,0.000,-0.088,-0.088,0.264,0.088,0.000,0.439,0.176,0.000,0.000,0.000,0.000,-51.141,34.556,0.000,0.000,0.000,0.000,0.000,0.000,0.000,0.000,0.000,0.000,0.000,0.000,0.019,7.6,11.20,32.0,0.000,0.000,0.006,0.006,0.019,0.006,0.000,0.000,0.006,0.000,0.000,0.000,0.000,0.006,0.000,0.000,0.006,0.006
137.2075,1372,0,move,-1,137.2075,137.2190,0,0.000,0.000,0.264,-0.176,-50.537,34.453,-0.264,-0.088,0.176,0.000,0.000,-0.088,-0.088,0.264,0.088,0.000,0.439,0.176,0.000,0.000,0.000,0.000,-51.141,34.556,0.000,0.000,0.000,0.000,0.000,0.000,0.000,0.000,0.000,0.000,0.000,0.000,0.019,7.6,11.20,32.0,0.000,0.000,0.006,0.006,0.019,0.006,0.000,0.000,0.006,0.000,0.000,0.000,0.000,0.006,0.000,0.000,0.006,0.006
137.3073,1373,0,move,-1,137.3073,137.3171,0,0.000,0.000,0.264,-0.176,-50.537,34.453,-0.264,-0.088,0.176,0.000,0.000,-0.088,-0.088,0.264,0.088,0.000,0.439,0.176,0.000,0.000,0.000,0.000,-51.141,34.556,0.000,0.000,0.000,0.000,0.000,0.000,0.000,0.000,0.000,0.000,0.000,0.000,0.013,6.4,11.20,32.0,0.000,0.000,0.006,0.006,0.013,0.000,0.000,0.000,0.000,0.000,0.000,0.000,0.000,0.006,0.000,0.000,0.013,0.000
137.4073,1374,0,move,-1,137.4073,137.4289,0,0.000,0.000,0.264,-0.176,-50.537,34.453,-0.264,-0.088,0.176,0.000,0.000,-0.088,-0.088,0.264,0.088,0.000,0.439,0.176,0.000,0.000,0.000,0.000,-51.141,34.556,0.000,0.000,0.000,0.000,0.000,0.000,0.000,0.000,0.000,0.000,0.000,0.000,0.013,4.8,11.30,32.0,0.000,0.000,0.000,0.000,0.006,0.000,0.000,0.000,0.000,0.000,0.000,0.000,0.000,0.006,0.000,0.000,0.013,0.000
137.5074,1375,0,move,-1,137.5074,137.5188,0,0.000,0.000,0.264,-0.176,-50.537,34.453,-0.264,-0.088,0.176,0.000,0.000,-0.088,-0.088,0.264,0.088,0.000,0.439,0.176,0.000,0.000,0.000,0.000,-51.141,34.556,0.000,0.000,0.000,0.000,0.000,0.000,0.000,0.000,0.000,0.000,0.000,0.000,0.013,4.8,11.30,32.0,0.000,0.000,0.000,0.000,0.006,0.000,0.000,0.000,0.000,0.000,0.000,0.000,0.000,0.006,0.000,0.000,0.013,0.000
137.6073,1376,0,move,-1,137.6073,137.6198,0,0.000,0.000,0.264,-0.176,-50.537,34.453,-0.264,-0.088,0.176,0.000,0.000,-0.088,-0.088,0.264,0.088,0.000,0.439,0.176,0.000,0.000,0.000,0.000,-51.141,34.556,0.000,0.000,0.000,0.000,0.000,0.000,0.000,0.000,0.000,0.000,0.000,0.000,0.013,6.4,11.30,32.0,0.000,0.000,0.000,0.006,0.013,0.000,0.006,0.000,0.006,0.000,0.000,0.000,0.000,0.006,0.000,0.000,0.006,0.000
137.7074,1377,0,move,-1,137.7074,137.7579,0,0.000,0.000,0.264,-0.176,-50.537,34.453,-0.264,-0.088,0.176,0.000,0.000,-0.088,-0.088,0.264,0.088,0.000,0.439,0.176,0.000,0.000,0.000,0.000,-51.141,34.556,0.000,0.000,0.000,0.000,0.000,0.000,0.000,0.000,0.000,0.000,0.000,0.000,0.013,6.4,11.30,33.0,0.000,0.000,0.000,0.006,0.013,0.000,0.006,0.000,0.000,0.000,0.000,0.000,0.000,0.006,0.000,0.000,0.006,0.006
137.8073,1378,0,move,-1,137.8073,137.8207,0,0.000,0.000,0.264,-0.176,-50.537,34.453,-0.264,-0.088,0.176,0.000,0.000,-0.088,-0.088,0.264,0.088,0.000,0.439,0.176,0.000,0.000,0.000,0.000,-51.141,34.556,0.000,0.000,0.000,0.000,0.000,0.000,0.000,0.000,0.000,0.000,0.000,0.000,0.013,6.4,11.30,33.0,0.000,0.000,0.000,0.006,0.013,0.000,0.006,0.000,0.000,0.000,0.000,0.000,0.000,0.006,0.000,0.000,0.006,0.006
137.9075,1379,0,move,-1,137.9075,137.9179,0,0.000,0.000,0.264,-0.176,-50.537,34.453,-0.264,-0.088,0.176,0.000,0.000,-0.088,-0.088,0.264,0.088,0.000,0.439,0.176,0.000,0.000,0.000,0.000,-51.141,34.556,0.000,0.000,0.000,0.000,0.000,0.000,0.000,0.000,0.000,0.000,0.000,0.000,0.013,6.0,11.30,32.0,0.000,0.000,0.000,0.006,0.013,0.000,0.006,0.000,0.000,0.000,0.000,0.000,0.000,0.013,0.000,0.000,0.006,0.000
138.0075,1380,0,move,-1,138.0075,138.0181,0,0.000,0.000,0.264,-0.176,-50.537,34.453,-0.264,-0.088,0.176,0.000,0.000,-0.088,-0.088,0.264,0.088,0.000,0.439,0.176,0.000,0.000,0.000,0.000,-51.141,34.556,0.000,0.000,0.000,0.000,0.000,0.000,0.000,0.000,0.000,0.000,0.000,0.000,0.013,6.4,11.30,32.0,0.000,0.000,0.000,0.000,0.013,0.000,0.006,0.000,0.000,0.000,0.000,0.000,0.000,0.013,0.000,0.000,0.013,0.006
138.1075,1381,0,move,-1,138.1075,138.1171,0,0.000,0.000,0.264,-0.176,-50.537,34.453,-0.264,-0.088,0.176,0.000,0.000,-0.088,-0.088,0.264,0.088,0.000,0.439,0.176,0.000,0.000,0.000,0.000,-51.141,34.556,0.000,0.000,0.000,0.000,0.000,0.000,0.000,0.000,0.000,0.000,0.000,0.000,0.013,6.4,11.30,32.0,0.000,0.000,0.000,0.000,0.013,0.000,0.006,0.000,0.000,0.000,0.000,0.000,0.000,0.013,0.000,0.000,0.013,0.006
138.2165,1382,0,move,-1,138.2165,138.2276,0,0.000,0.000,0.264,-0.176,-50.537,34.453,-0.264,-0.088,0.176,0.000,0.000,-0.088,-0.088,0.264,0.088,0.000,0.439,0.176,0.000,0.000,0.000,0.000,-51.141,34.556,0.000,0.000,0.000,0.000,0.000,0.000,0.000,0.000,0.000,0.000,0.000,0.000,0.013,6.4,11.30,32.0,0.000,0.000,0.000,0.000,0.013,0.000,0.000,0.000,0.006,0.000,0.000,0.000,0.000,0.006,0.000,0.000,0.013,0.000
138.3073,1383,0,move,-1,138.3073,138.3176,0,0.000,0.000,0.264,-0.176,-50.537,34.453,-0.264,-0.088,0.176,0.000,0.000,-0.088,-0.088,0.264,0.088,0.000,0.439,0.176,0.000,0.000,0.000,0.000,-51.141,34.556,0.000,0.000,0.000,0.000,0.000,0.000,0.000,0.000,0.000,0.000,0.000,0.000,0.013,6.4,11.30,32.0,0.000,0.000,0.000,0.000,0.013,0.000,0.000,0.000,0.006,0.000,0.000,0.000,0.000,0.006,0.000,0.000,0.013,0.000
138.4073,1384,0,move,-1,138.4073,138.4329,0,0.000,0.000,0.264,-0.176,-50.537,34.453,-0.264,-0.088,0.176,0.000,0.000,-0.088,-0.088,0.264,0.088,0.000,0.439,0.176,0.000,0.000,0.000,0.000,-51.141,34.556,0.000,0.000,0.000,0.000,0.000,0.000,0.000,0.000,0.000,0.000,0.000,0.000,0.013,6.4,11.30,32.0,0.000,0.000,0.000,0.000,0.013,0.000,0.006,0.000,0.006,0.000,0.000,0.000,0.000,0.013,0.000,0.000,0.013,0.000
138.5075,1385,0,move,-1,138.5075,138.5192,0,0.000,0.000,0.264,-0.176,-50.537,34.453,-0.264,-0.088,0.176,0.000,0.000,-0.088,-0.088,0.264,0.088,0.000,0.439,0.176,0.000,0.000,0.000,0.000,-51.141,34.556,0.000,0.000,0.000,0.000,0.000,0.000,0.000,0.000,0.000,0.000,0.000,0.000,0.013,6.4,11.30,32.0,0.000,0.000,0.000,0.000,0.013,0.000,0.006,0.000,0.006,0.000,0.000,0.000,0.000,0.013,0.000,0.000,0.013,0.000
138.6133,1386,0,move,-1,138.6133,138.6396,0,0.000,0.000,0.264,-0.176,-50.537,34.453,-0.264,-0.088,0.176,0.000,0.000,-0.088,-0.088,0.264,0.088,0.000,0.439,0.176,0.000,0.000,0.000,0.000,-51.141,34.556,0.000,0.000,0.000,0.000,0.000,0.000,0.000,0.000,0.000,0.000,0.000,0.000,0.013,6.4,11.30,32.0,0.000,0.000,0.006,0.006,0.013,0.000,0.006,0.000,0.000,0.000,0.000,0.000,0.000,0.013,0.000,0.000,0.006,0.000
138.7075,1387,0,move,-1,138.7075,138.7178,0,0.000,0.000,0.264,-0.176,-50.537,34.453,-0.264,-0.088,0.176,0.000,0.000,-0.088,-0.088,0.264,0.088,0.000,0.439,0.176,0.000,0.000,0.000,0.000,-51.141,34.556,0.000,0.000,0.000,0.000,0.000,0.000,0.000,0.000,0.000,0.000,0.000,0.000,0.013,6.4,11.30,32.0,0.000,0.000,0.006,0.006,0.013,0.000,0.006,0.000,0.000,0.000,0.000,0.000,0.000,0.013,0.000,0.000,0.006,0.000
138.8075,1388,0,move,-1,138.8075,138.8192,0,0.000,0.000,0.264,-0.176,-50.537,34.453,-0.264,-0.088,0.176,0.000,0.000,-0.088,-0.088,0.264,0.088,0.000,0.439,0.176,0.000,0.000,0.000,0.000,-51.141,34.556,0.000,0.000,0.000,0.000,0.000,0.000,0.000,0.000,0.000,0.000,0.000,0.000,0.013,6.4,11.30,32.0,0.000,0.000,0.006,0.006,0.013,0.000,0.006,0.000,0.000,0.000,0.000,0.000,0.000,0.013,0.000,0.000,0.013,0.000
138.9075,1389,0,move,-1,138.9075,138.9180,0,0.000,0.000,0.264,-0.176,-50.537,34.453,-0.264,-0.088,0.176,0.000,0.000,-0.088,-0.088,0.264,0.088,0.000,0.439,0.176,0.000,0.000,0.000,0.000,-51.141,34.556,0.000,0.000,0.000,0.000,0.000,0.000,0.000,0.000,0.000,0.000,0.000,0.000,0.013,6.4,11.30,32.0,0.000,0.000,0.006,0.006,0.013,0.000,0.006,0.000,0.000,0.000,0.000,0.000,0.000,0.013,0.000,0.000,0.013,0.000
139.0179,1390,0,move,-1,139.0179,139.0450,0,0.000,0.000,0.264,-0.176,-50.537,34.453,-0.264,-0.088,0.176,0.000,0.000,-0.088,-0.088,0.264,0.088,0.000,0.439,0.176,0.000,0.000,0.000,0.000,-51.141,34.556,0.000,0.000,0.000,0.000,0.000,0.000,0.000,0.000,0.000,0.000,0.000,0.000,0.013,6.4,11.30,32.0,0.000,0.000,0.000,0.000,0.013,0.006,0.006,0.000,0.006,0.000,0.000,0.000,0.000,0.013,0.000,0.000,0.013,0.000
139.1075,1391,0,move,-1,139.1075,139.1193,0,0.000,0.000,0.264,-0.176,-50.537,34.453,-0.264,-0.088,0.176,0.000,0.000,-0.088,-0.088,0.264,0.088,0.000,0.439,0.176,0.000,0.000,0.000,0.000,-51.141,34.556,0.000,0.000,0.000,0.000,0.000,0.000,0.000,0.000,0.000,0.000,0.000,0.000,0.013,6.4,11.30,32.0,0.000,0.000,0.000,0.000,0.013,0.006,0.006,0.000,0.006,0.000,0.000,0.000,0.000,0.013,0.000,0.000,0.013,0.000
139.2075,1392,0,move,-1,139.2075,139.2195,0,0.000,0.000,0.264,-0.176,-50.537,34.453,-0.264,-0.088,0.176,0.000,0.000,-0.088,-0.088,0.264,0.088,0.000,0.439,0.176,0.000,0.000,0.000,0.000,-51.141,34.556,0.000,0.000,0.000,0.000,0.000,0.000,0.000,0.000,0.000,0.000,0.000,0.000,0.013,6.4,11.20,32.0,0.000,0.000,0.006,0.000,0.013,0.000,0.006,0.000,0.000,0.000,0.000,0.000,0.000,0.013,0.000,0.000,0.006,0.000
139.3075,1393,0,move,-1,139.3075,139.3173,0,0.000,0.000,0.264,-0.176,-50.537,34.453,-0.264,-0.088,0.176,0.000,0.000,-0.088,-0.088,0.264,0.088,0.000,0.439,0.176,0.000,0.000,0.000,0.000,-51.141,34.556,0.000,0.000,0.000,0.000,0.000,0.000,0.000,0.000,0.000,0.000,0.000,0.000,0.013,6.4,11.20,32.0,0.000,0.000,0.006,0.000,0.013,0.000,0.006,0.000,0.000,0.000,0.000,0.000,0.000,0.013,0.000,0.000,0.006,0.000
139.4073,1394,0,move,-1,139.4073,139.4161,0,0.000,0.000,0.264,-0.176,-50.537,34.453,-0.264,-0.088,0.176,0.000,0.000,-0.088,-0.088,0.264,0.088,0.000,0.439,0.176,0.000,0.000,0.000,0.000,-51.141,34.556,0.000,0.000,0.000,0.000,0.000,0.000,0.000,0.000,0.000,0.000,0.000,0.000,0.013,6.4,11.30,32.0,0.000,0.000,0.000,0.000,0.013,0.000,0.006,0.000,0.000,0.000,0.000,0.000,0.000,0.006,0.000,0.000,0.006,0.006
139.5075,1395,0,move,-1,139.5075,139.5188,0,0.000,0.000,0.264,-0.176,-50.537,34.453,-0.264,-0.088,0.176,0.000,0.000,-0.088,-0.088,0.264,0.088,0.000,0.439,0.176,0.000,0.000,0.000,0.000,-51.141,34.556,0.000,0.000,0.000,0.000,0.000,0.000,0.000,0.000,0.000,0.000,0.000,0.000,0.013,6.4,11.30,32.0,0.000,0.000,0.006,0.000,0.013,0.000,0.006,0.000,0.000,0.000,0.000,0.000,0.000,0.013,0.000,0.000,0.006,0.000
139.6075,1396,0,move,-1,139.6075,139.6185,0,0.000,0.000,0.264,-0.176,-50.537,34.453,-0.264,-0.088,0.176,0.000,0.000,-0.088,-0.088,0.264,0.088,0.000,0.439,0.176,0.000,0.000,0.000,0.000,-51.141,34.556,0.000,0.000,0.000,0.000,0.000,0.000,0.000,0.000,0.000,0.000,0.000,0.000,0.013,6.4,11.30,32.0,0.000,0.000,0.006,0.000,0.013,0.000,0.006,0.000,0.000,0.000,0.000,0.000,0.000,0.013,0.000,0.000,0.006,0.000
139.7075,1397,0,move,-1,139.7075,139.7180,0,0.000,0.000,0.264,-0.176,-50.537,34.453,-0.264,-0.088,0.176,0.000,0.000,-0.088,-0.088,0.264,0.088,0.000,0.439,0.176,0.000,0.000,0.000,0.000,-51.141,34.556,0.000,0.000,0.000,0.000,0.000,0.000,0.000,0.000,0.000,0.000,0.000,0.000,0.006,3.2,11.30,33.0,0.000,0.000,0.006,0.000,0.006,0.000,0.006,0.000,0.000,0.000,0.000,0.000,0.000,0.006,0.000,0.000,0.006,0.006
139.8075,1398,0,move,-1,139.8075,139.8216,0,0.000,0.000,0.264,-0.176,-50.537,34.453,-0.264,-0.088,0.176,0.000,0.000,-0.088,-0.088,0.264,0.088,0.000,0.439,0.176,0.000,0.000,0.000,0.000,-51.141,34.556,0.000,0.000,0.000,0.000,0.000,0.000,0.000,0.000,0.000,0.000,0.000,0.000,0.013,6.4,11.30,32.0,0.000,0.000,0.000,0.000,0.013,0.000,0.006,0.000,0.000,0.000,0.000,0.000,0.000,0.006,0.000,0.000,0.006,0.000
139.9139,1399,0,move,-1,139.9139,139.9288,0,0.000,0.000,0.264,-0.176,-50.537,34.453,-0.264,-0.088,0.176,0.000,0.000,-0.088,-0.088,0.264,0.088,0.000,0.439,0.176,0.000,0.000,0.000,0.000,-51.141,34.556,0.000,0.000,0.000,0.000,0.000,0.000,0.000,0.000,0.000,0.000,0.000,0.000,0.013,6.4,11.30,32.0,0.000,0.000,0.006,0.006,0.013,0.000,0.006,0.000,0.000,0.000,0.000,0.000,0.000,0.006,0.000,0.000,0.006,0.000
140.0075,1400,0,move,-1,140.0075,140.0167,0,0.000,0.000,0.264,-0.176,-50.537,34.453,-0.264,-0.088,0.176,0.000,0.000,-0.088,-0.088,0.264,0.088,0.000,0.439,0.176,0.000,0.000,0.000,0.000,-51.143,34.557,0.000,0.000,0.000,0.000,0.000,0.000,0.000,0.000,0.000,0.000,0.000,0.000,0.013,6.4,11.30,32.0,0.000,0.000,0.006,0.006,0.013,0.000,0.006,0.000,0.000,0.000,0.000,0.000,0.000,0.006,0.000,0.000,0.006,0.000
140.1075,1401,0,move,-1,140.1075,140.1181,0,0.000,0.000,0.264,-0.176,-50.537,34.453,-0.264,-0.088,0.176,0.000,0.000,-0.088,-0.088,0.264,0.088,0.000,0.439,0.176,0.000,0.000,0.000,0.000,-51.143,34.557,0.000,0.000,0.000,0.000,0.000,0.000,0.000,0.000,0.000,0.000,0.000,0.000,0.013,6.4,11.30,32.0,0.000,0.000,0.000,0.000,0.013,0.000,0.000,0.000,0.000,0.000,0.000,0.000,0.000,0.006,0.000,0.000,0.006,0.006
140.2075,1402,0,move,-1,140.2075,140.2199,0,0.000,0.000,0.264,-0.176,-50.537,34.453,-0.264,-0.088,0.176,0.000,0.000,-0.088,-0.088,0.264,0.088,0.000,0.439,0.176,0.000,0.000,0.000,0.000,-51.143,34.557,0.000,0.000,0.000,0.000,0.000,0.000,0.000,0.000,0.000,0.000,0.000,0.000,0.013,6.4,11.30,32.0,0.000,0.000,0.006,0.006,0.013,0.000,0.000,0.000,0.000,0.000,0.000,0.000,0.000,0.006,0.000,0.000,0.006,0.006
140.3075,1403,0,move,-1,140.3075,140.3178,0,0.000,0.000,0.264,-0.176,-50.537,34.453,-0.264,-0.088,0.176,0.000,0.000,-0.088,-0.088,0.264,0.088,0.000,0.439,0.176,0.000,0.000,0.000,0.000,-51.143,34.557,0.000,0.000,0.000,0.000,0.000,0.000,0.000,0.000,0.000,0.000,0.000,0.000,0.013,6.4,11.30,32.0,0.000,0.000,0.006,0.006,0.013,0.000,0.000,0.000,0.000,0.000,0.000,0.000,0.000,0.006,0.000,0.000,0.006,0.006
140.4075,1404,0,move,-1,140.4075,140.4196,0,0.000,0.000,0.264,-0.176,-50.537,34.453,-0.264,-0.088,0.176,0.000,0.000,-0.088,-0.088,0.264,0.088,0.000,0.439,0.176,0.000,0.000,0.000,0.000,-51.143,34.557,0.000,0.000,0.000,0.000,0.000,0.000,0.000,0.000,0.000,0.000,0.000,0.000,0.013,6.4,11.30,32.0,0.000,0.000,0.000,0.006,0.013,0.000,0.006,0.000,0.000,0.000,0.000,0.000,0.000,0.013,0.000,0.000,0.006,0.006
140.5075,1405,0,move,-1,140.5075,140.5137,0,0.000,0.000,0.264,-0.176,-50.537,34.453,-0.264,-0.088,0.176,0.000,0.000,-0.088,-0.088,0.264,0.088,0.000,0.439,0.176,0.000,0.000,0.000,0.000,-51.143,34.557,0.000,0.000,0.000,0.000,0.000,0.000,0.000,0.000,0.000,0.000,0.000,0.000,0.013,6.4,11.30,32.0,0.000,0.000,0.000,0.006,0.013,0.000,0.006,0.000,0.000,0.000,0.000,0.000,0.000,0.013,0.000,0.000,0.006,0.006
140.6075,1406,0,move,-1,140.6075,140.6195,0,0.000,0.000,0.264,-0.176,-50.537,34.453,-0.264,-0.088,0.176,0.000,0.000,-0.088,-0.088,0.264,0.088,0.000,0.439,0.176,0.000,0.000,0.000,0.000,-51.143,34.557,0.000,0.000,0.000,0.000,0.000,0.000,0.000,0.000,0.000,0.000,0.000,0.000,0.013,6.4,11.30,32.0,0.000,0.000,0.000,0.000,0.013,0.000,0.006,0.000,0.006,0.000,0.000,0.000,0.000,0.006,0.000,0.000,0.006,0.000
140.7075,1407,0,move,-1,140.7075,140.7173,0,0.000,0.000,0.264,-0.176,-50.537,34.453,-0.264,-0.088,0.176,0.000,0.000,-0.088,-0.088,0.264,0.088,0.000,0.439,0.176,0.000,0.000,0.000,0.000,-51.143,34.557,0.000,0.000,0.000,0.000,0.000,0.000,0.000,0.000,0.000,0.000,0.000,0.000,0.013,6.4,11.30,32.0,0.000,0.000,0.000,0.000,0.013,0.000,0.006,0.000,0.006,0.000,0.000,0.000,0.000,0.006,0.000,0.000,0.006,0.000
140.8073,1408,0,move,-1,140.8073,140.8191,0,0.000,0.000,0.264,-0.176,-50.537,34.453,-0.264,-0.088,0.176,0.000,0.000,-0.088,-0.088,0.264,0.088,0.000,0.439,0.176,0.000,0.000,0.000,0.000,-51.143,34.557,0.000,0.000,0.000,0.000,0.000,0.000,0.000,0.000,0.000,0.000,0.000,0.000,0.013,6.4,11.30,32.0,0.000,0.000,0.000,0.000,0.013,0.000,0.006,0.000,0.000,0.000,0.000,0.000,0.000,0.006,0.000,0.000,0.006,0.000
140.9073,1409,0,move,-1,140.9073,140.9309,0,0.000,0.000,0.264,-0.176,-50.537,34.453,-0.264,-0.088,0.176,0.000,0.000,-0.088,-0.088,0.264,0.088,0.000,0.439,0.176,0.000,0.000,0.000,0.000,-51.143,34.557,0.000,0.000,0.000,0.000,0.000,0.000,0.000,0.000,0.000,0.000,0.000,0.000,0.013,6.4,11.30,32.0,0.000,0.000,0.006,0.000,0.013,0.000,0.006,0.000,0.000,0.000,0.000,0.000,0.000,0.013,0.000,0.000,0.006,0.000
141.0075,1410,0,move,-1,141.0075,141.0195,0,0.000,0.000,0.264,-0.176,-50.537,34.453,-0.264,-0.088,0.176,0.000,0.000,-0.088,-0.088,0.264,0.088,0.000,0.439,0.176,0.000,0.000,0.000,0.000,-51.143,34.557,0.000,0.000,0.000,0.000,0.000,0.000,0.000,0.000,0.000,0.000,0.000,0.000,0.013,6.4,11.30,32.0,0.000,0.000,0.006,0.000,0.013,0.000,0.006,0.000,0.000,0.000,0.000,0.000,0.000,0.013,0.000,0.000,0.006,0.000
141.1075,1411,0,move,-1,141.1075,141.1173,0,0.000,0.000,0.264,-0.176,-50.537,34.453,-0.264,-0.088,0.176,0.000,0.000,-0.088,-0.088,0.264,0.088,0.000,0.439,0.176,0.000,0.000,0.000,0.000,-51.143,34.557,0.000,0.000,0.000,0.000,0.000,0.000,0.000,0.000,0.000,0.000,0.000,0.000,0.013,6.4,11.30,32.0,0.000,0.000,0.000,0.000,0.013,0.000,0.000,0.000,0.000,0.000,0.000,0.000,0.000,0.006,0.000,0.000,0.006,0.000
141.2075,1412,0,move,-1,141.2075,141.2195,0,0.000,0.000,0.264,-0.176,-50.537,34.453,-0.264,-0.088,0.176,0.000,0.000,-0.088,-0.088,0.264,0.088,0.000,0.439,0.176,0.000,0.000,0.000,0.000,-51.143,34.557,0.000,0.000,0.000,0.000,0.000,0.000,0.000,0.000,0.000,0.000,0.000,0.000,0.013,6.4,11.30,32.0,0.000,0.000,0.000,0.006,0.013,0.000,0.000,0.000,0.006,0.000,0.000,0.000,0.000,0.006,0.000,0.000,0.006,0.000
141.3075,1413,0,move,-1,141.3075,141.3179,0,0.000,0.000,0.264,-0.176,-50.537,34.453,-0.264,-0.088,0.176,0.000,0.000,-0.088,-0.088,0.264,0.088,0.000,0.439,0.176,0.000,0.000,0.000,0.000,-51.143,34.557,0.000,0.000,0.000,0.000,0.000,0.000,0.000,0.000,0.000,0.000,0.000,0.000,0.013,6.4,11.30,32.0,0.000,0.000,0.000,0.006,0.013,0.000,0.000,0.000,0.006,0.000,0.000,0.000,0.000,0.006,0.000,0.000,0.006,0.000
141.4084,1414,0,move,-1,141.4084,141.4372,0,0.000,0.000,0.264,-0.176,-50.537,34.453,-0.264,-0.088,0.176,0.000,0.000,-0.088,-0.088,0.264,0.088,0.000,0.439,0.176,0.000,0.000,0.000,0.000,-51.143,34.557,0.000,0.000,0.000,0.000,0.000,0.000,0.000,0.000,0.000,0.000,0.000,0.000,0.013,6.4,11.30,32.0,0.000,0.000,0.006,0.000,0.013,0.006,0.000,0.000,0.006,0.000,0.000,0.000,0.000,0.013,0.000,0.000,0.006,0.000
141.5075,1415,0,move,-1,141.5075,141.5175,0,0.000,0.000,0.264,-0.176,-50.537,34.453,-0.264,-0.088,0.176,0.000,0.000,-0.088,-0.088,0.264,0.088,0.000,0.439,0.176,0.000,0.000,0.000,0.000,-51.143,34.557,0.000,0.000,0.000,0.000,0.000,0.000,0.000,0.000,0.000,0.000,0.000,0.000,0.013,6.4,11.30,32.0,0.000,0.000,0.006,0.000,0.013,0.006,0.000,0.000,0.006,0.000,0.000,0.000,0.000,0.013,0.000,0.000,0.006,0.000
141.6073,1416,0,move,-1,141.6073,141.6179,0,0.000,0.000,0.264,-0.176,-50.537,34.453,-0.264,-0.088,0.176,0.000,0.000,-0.088,-0.088,0.264,0.088,0.000,0.439,0.176,0.000,0.000,0.000,0.000,-51.143,34.557,0.000,0.000,0.000,0.000,0.000,0.000,0.000,0.000,0.000,0.000,0.000,0.000,0.013,6.8,11.30,32.0,0.000,0.000,0.000,0.000,0.013,0.000,0.006,0.000,0.000,0.000,0.000,0.000,0.000,0.006,0.000,0.000,0.006,0.000
141.7075,1417,0,move,-1,141.7075,141.7198,0,0.000,0.000,0.264,-0.176,-50.537,34.453,-0.264,-0.088,0.176,0.000,0.000,-0.088,-0.088,0.264,0.088,0.000,0.439,0.176,0.000,0.000,0.000,0.000,-51.143,34.557,0.000,0.000,0.000,0.000,0.000,0.000,0.000,0.000,0.000,0.000,0.000,0.000,0.013,6.4,11.30,32.0,0.000,0.000,0.000,0.000,0.013,0.000,0.006,0.000,0.006,0.000,0.000,0.000,0.000,0.006,0.000,0.000,0.013,0.000
141.8075,1418,0,move,-1,141.8075,141.8412,0,0.000,0.000,0.264,-0.176,-50.537,34.453,-0.264,-0.088,0.176,0.000,0.000,-0.088,-0.088,0.264,0.088,0.000,0.439,0.176,0.000,0.000,0.000,0.000,-51.143,34.557,0.000,0.000,0.000,0.000,0.000,0.000,0.000,0.000,0.000,0.000,0.000,0.000,0.013,6.4,11.30,32.0,0.000,0.000,0.000,0.000,0.013,0.000,0.013,0.000,0.000,0.000,0.000,0.000,0.000,0.006,0.000,0.000,0.006,0.000
141.9123,1419,0,move,-1,141.9123,141.9274,0,0.000,0.000,0.264,-0.176,-50.537,34.453,-0.264,-0.088,0.176,0.000,0.000,-0.088,-0.088,0.264,0.088,0.000,0.439,0.176,0.000,0.000,0.000,0.000,-51.143,34.557,0.000,0.000,0.000,0.000,0.000,0.000,0.000,0.000,0.000,0.000,0.000,0.000,0.013,6.4,11.30,32.0,0.000,0.000,0.000,0.000,0.013,0.000,0.013,0.000,0.000,0.000,0.000,0.000,0.000,0.006,0.000,0.000,0.006,0.000
142.0075,1420,0,move,-1,142.0075,142.0184,0,0.000,0.000,0.264,-0.176,-50.537,34.453,-0.264,-0.088,0.176,0.000,0.000,-0.088,-0.088,0.264,0.088,0.000,0.439,0.176,0.000,0.000,0.000,0.000,-51.143,34.557,0.000,0.000,0.000,0.000,0.000,0.000,0.000,0.000,0.000,0.000,0.000,0.000,0.013,6.4,11.20,32.0,0.000,0.000,0.000,0.006,0.013,0.000,0.000,0.000,0.000,0.000,0.000,0.000,0.000,0.006,0.000,0.000,0.006,0.000
142.1075,1421,0,move,-1,142.1075,142.1169,0,0.000,0.000,0.264,-0.176,-50.537,34.453,-0.264,-0.088,0.176,0.000,0.000,-0.088,-0.088,0.264,0.088,0.000,0.439,0.176,0.000,0.000,0.000,0.000,-51.143,34.557,0.000,0.000,0.000,0.000,0.000,0.000,0.000,0.000,0.000,0.000,0.000,0.000,0.013,6.4,11.20,32.0,0.000,0.000,0.000,0.006,0.013,0.000,0.000,0.000,0.000,0.000,0.000,0.000,0.000,0.006,0.000,0.000,0.006,0.000
142.2075,1422,0,move,-1,142.2075,142.2178,0,0.000,0.000,0.264,-0.176,-50.537,34.453,-0.264,-0.088,0.176,0.000,0.000,-0.088,-0.088,0.264,0.088,0.000,0.439,0.176,0.000,0.000,0.000,0.000,-51.143,34.557,0.000,0.000,0.000,0.000,0.000,0.000,0.000,0.000,0.000,0.000,0.000,0.000,0.013,6.4,11.30,32.0,0.000,0.000,0.006,0.000,0.013,0.000,0.006,0.000,0.000,0.000,0.000,0.000,0.000,0.006,0.000,0.000,0.006,0.006
142.3075,1423,0,move,-1,142.3075,142.3182,0,0.000,0.000,0.264,-0.176,-50.537,34.453,-0.264,-0.088,0.176,0.000,0.000,-0.088,-0.088,0.264,0.088,0.000,0.439,0.176,0.000,0.000,0.000,0.000,-51.143,34.557,0.000,0.000,0.000,0.000,0.000,0.000,0.000,0.000,0.000,0.000,0.000,0.000,0.013,6.4,11.30,32.0,0.000,0.000,0.006,0.000,0.013,0.000,0.006,0.000,0.000,0.000,0.000,0.000,0.000,0.006,0.000,0.000,0.013,0.006
142.4075,1424,0,move,-1,142.4075,142.4187,0,0.000,0.000,0.264,-0.176,-50.537,34.453,-0.264,-0.088,0.176,0.000,0.000,-0.088,-0.088,0.264,0.088,0.000,0.439,0.176,0.000,0.000,0.000,0.000,-51.143,34.557,0.000,0.000,0.000,0.000,0.000,0.000,0.000,0.000,0.000,0.000,0.000,0.000,0.013,6.4,11.20,32.0,0.000,0.000,0.000,0.000,0.013,0.000,0.006,0.000,0.006,0.000,0.000,0.000,0.000,0.013,0.000,0.000,0.006,0.000
142.5075,1425,0,move,-1,142.5075,142.5216,0,0.000,0.000,0.264,-0.176,-50.537,34.453,-0.264,-0.088,0.176,0.000,0.000,-0.088,-0.088,0.264,0.088,0.000,0.439,0.176,0.000,0.000,0.000,0.000,-51.143,34.557,0.000,0.000,0.000,0.000,0.000,0.000,0.000,0.000,0.000,0.000,0.000,0.000,0.013,6.4,11.30,32.0,0.000,0.000,0.000,0.006,0.013,0.000,0.000,0.000,0.000,0.000,0.000,0.000,0.000,0.006,0.000,0.000,0.006,0.000
142.6073,1426,0,move,-1,142.6073,142.6195,0,0.000,0.000,0.264,-0.176,-50.537,34.453,-0.264,-0.088,0.176,0.000,0.000,-0.088,-0.088,0.264,0.088,0.000,0.439,0.176,0.000,0.000,0.000,0.000,-51.143,34.557,0.000,0.000,0.000,0.000,0.000,0.000,0.000,0.000,0.000,0.000,0.000,0.000,0.013,6.4,11.30,32.0,0.000,0.000,0.000,0.006,0.013,0.000,0.000,0.000,0.000,0.000,0.000,0.000,0.000,0.006,0.000,0.000,0.006,0.000
142.7075,1427,0,move,-1,142.7075,142.7169,0,0.000,0.000,0.264,-0.176,-50.537,34.453,-0.264,-0.088,0.176,0.000,0.000,-0.088,-0.088,0.264,0.088,0.000,0.439,0.176,0.000,0.000,0.000,0.000,-51.143,34.557,0.000,0.000,0.000,0.000,0.000,0.000,0.000,0.000,0.000,0.000,0.000,0.000,0.013,6.4,11.30,32.0,0.000,0.000,0.006,0.000,0.013,0.000,0.006,0.000,0.000,0.000,0.000,0.000,0.000,0.013,0.000,0.000,0.006,0.006
142.8075,1428,0,move,-1,142.8075,142.8197,0,0.000,0.000,0.264,-0.176,-50.537,34.453,-0.264,-0.088,0.176,0.000,0.000,-0.088,-0.088,0.264,0.088,0.000,0.439,0.176,0.000,0.000,0.000,0.000,-51.143,34.557,0.000,0.000,0.000,0.000,0.000,0.000,0.000,0.000,0.000,0.000,0.000,0.000,0.013,3.2,11.30,29.0,0.000,0.000,0.000,0.000,0.006,0.000,0.006,0.000,0.000,0.000,0.000,0.000,0.000,0.013,0.000,0.000,0.006,0.000
142.9116,1429,0,move,-1,142.9116,142.9337,0,0.000,0.000,0.264,-0.176,-50.537,34.453,-0.264,-0.088,0.176,0.000,0.000,-0.088,-0.088,0.264,0.088,0.000,0.439,0.176,0.000,0.000,0.000,0.000,-51.143,34.557,0.000,0.000,0.000,0.000,0.000,0.000,0.000,0.000,0.000,0.000,0.000,0.000,0.013,6.4,11.20,32.0,0.000,0.000,0.006,0.000,0.013,0.000,0.006,0.000,0.000,0.000,0.000,0.000,0.000,0.006,0.000,0.000,0.006,0.000
143.0076,1430,0,move,-1,143.0076,143.0223,0,0.000,0.000,0.264,-0.176,-50.537,34.453,-0.264,-0.088,0.176,0.000,0.000,-0.088,-0.088,0.264,0.088,0.000,0.439,0.176,0.000,0.000,0.000,0.000,-51.143,34.557,0.000,0.000,0.000,0.000,0.000,0.000,0.000,0.000,0.000,0.000,0.000,0.000,0.013,6.4,11.20,32.0,0.000,0.000,0.006,0.000,0.013,0.000,0.006,0.000,0.000,0.000,0.000,0.000,0.000,0.006,0.000,0.000,0.006,0.000
143.1075,1431,0,move,-1,143.1075,143.1185,0,0.000,0.000,0.264,-0.176,-50.537,34.453,-0.264,-0.088,0.176,0.000,0.000,-0.088,-0.088,0.264,0.088,0.000,0.439,0.176,0.000,0.000,0.000,0.000,-51.143,34.557,0.000,0.000,0.000,0.000,0.000,0.000,0.000,0.000,0.000,0.000,0.000,0.000,0.006,6.4,11.30,32.0,0.000,0.000,0.000,0.000,0.006,0.000,0.006,0.000,0.000,0.000,0.000,0.000,0.000,0.006,0.000,0.000,0.006,0.000
143.2075,1432,0,move,-1,143.2075,143.2186,0,0.000,0.000,0.264,-0.176,-50.537,34.453,-0.264,-0.088,0.176,0.000,0.000,-0.088,-0.088,0.264,0.088,0.000,0.439,0.176,0.000,0.000,0.000,0.000,-51.143,34.557,0.000,0.000,0.000,0.000,0.000,0.000,0.000,0.000,0.000,0.000,0.000,0.000,0.013,6.4,11.30,32.0,0.000,0.000,0.000,0.006,0.013,0.000,0.006,0.000,0.000,0.000,0.000,0.000,0.000,0.013,0.000,0.000,0.006,0.000
143.3075,1433,0,move,-1,143.3075,143.3189,0,0.000,0.000,0.264,-0.176,-50.537,34.453,-0.264,-0.088,0.176,0.000,0.000,-0.088,-0.088,0.264,0.088,0.000,0.439,0.176,0.000,0.000,0.000,0.000,-51.143,34.557,0.000,0.000,0.000,0.000,0.000,0.000,0.000,0.000,0.000,0.000,0.000,0.000,0.013,6.4,11.30,32.0,0.000,0.000,0.006,0.000,0.013,0.000,0.000,0.000,0.000,0.000,0.000,0.000,0.000,0.013,0.000,0.000,0.006,0.006
143.4077,1434,0,move,-1,143.4077,143.4197,0,0.000,0.000,0.264,-0.176,-50.537,34.453,-0.264,-0.088,0.176,0.000,0.000,-0.088,-0.088,0.264,0.088,0.000,0.439,0.176,0.000,0.000,0.000,0.000,-51.143,34.557,0.000,0.000,0.000,0.000,0.000,0.000,0.000,0.000,0.000,0.000,0.000,0.000,0.013,6.4,11.20,32.0,0.000,0.000,0.000,0.000,0.013,0.000,0.006,0.000,0.000,0.000,0.000,0.000,0.000,0.006,0.000,0.000,0.013,0.006
143.5073,1435,0,move,-1,143.5073,143.5162,0,0.000,0.000,0.264,-0.176,-50.537,34.453,-0.264,-0.088,0.176,0.000,0.000,-0.088,-0.088,0.264,0.088,0.000,0.439,0.176,0.000,0.000,0.000,0.000,-51.143,34.557,0.000,0.000,0.000,0.000,0.000,0.000,0.000,0.000,0.000,0.000,0.000,0.000,0.013,6.4,11.20,32.0,0.000,0.000,0.000,0.000,0.013,0.000,0.006,0.000,0.000,0.000,0.000,0.000,0.000,0.006,0.000,0.000,0.013,0.006
143.6073,1436,0,move,-1,143.6073,143.6193,0,0.000,0.000,0.264,-0.176,-50.537,34.453,-0.264,-0.088,0.176,0.000,0.000,-0.088,-0.088,0.264,0.088,0.000,0.439,0.176,0.000,0.000,0.000,0.000,-51.143,34.557,0.000,0.000,0.000,0.000,0.000,0.000,0.000,0.000,0.000,0.000,0.000,0.000,0.013,6.4,11.20,32.0,0.000,0.000,0.000,0.000,0.013,0.000,0.006,0.000,0.000,0.000,0.000,0.000,0.000,0.006,0.000,0.000,0.013,0.000
143.7075,1437,0,move,-1,143.7075,143.7180,0,0.000,0.000,0.264,-0.176,-50.537,34.453,-0.264,-0.088,0.176,0.000,0.000,-0.088,-0.088,0.264,0.088,0.000,0.439,0.176,0.000,0.000,0.000,0.000,-51.143,34.557,0.000,0.000,0.000,0.000,0.000,0.000,0.000,0.000,0.000,0.000,0.000,0.000,0.013,6.4,11.20,32.0,0.000,0.000,0.000,0.000,0.013,0.000,0.006,0.000,0.000,0.000,0.000,0.000,0.000,0.006,0.000,0.000,0.013,0.000
143.8075,1438,0,move,-1,143.8075,143.8178,0,0.000,0.000,0.264,-0.176,-50.537,34.453,-0.264,-0.088,0.176,0.000,0.000,-0.088,-0.088,0.264,0.088,0.000,0.439,0.176,0.000,0.000,0.000,0.000,-51.143,34.557,0.000,0.000,0.000,0.000,0.000,0.000,0.000,0.000,0.000,0.000,0.000,0.000,0.013,6.4,11.20,32.0,0.000,0.000,0.006,0.000,0.013,0.000,0.006,0.000,0.000,0.000,0.000,0.000,0.000,0.013,0.000,0.000,0.006,0.006
143.9075,1439,0,move,-1,143.9075,143.9194,0,0.000,0.000,0.264,-0.176,-50.537,34.453,-0.264,-0.088,0.176,0.000,0.000,-0.088,-0.088,0.264,0.088,0.000,0.439,0.176,0.000,0.000,0.000,0.000,-51.143,34.557,0.000,0.000,0.000,0.000,0.000,0.000,0.000,0.000,0.000,0.000,0.000,0.000,0.013,3.2,11.30,29.0,0.000,0.000,0.006,0.006,0.006,0.000,0.000,0.000,0.000,0.000,0.000,0.000,0.000,0.013,0.000,0.000,0.006,0.006
144.0075,1440,0,move,-1,144.0075,144.0178,0,0.000,0.000,0.264,-0.176,-50.537,34.453,-0.264,-0.088,0.176,0.000,0.000,-0.088,-0.088,0.264,0.088,0.000,0.439,0.176,0.000,0.000,0.000,0.000,-51.143,34.557,0.000,0.000,0.000,0.000,0.000,0.000,0.000,0.000,0.000,0.000,0.000,0.000,0.013,3.2,11.30,29.0,0.000,0.000,0.006,0.006,0.006,0.000,0.000,0.000,0.000,0.000,0.000,0.000,0.000,0.013,0.000,0.000,0.006,0.006
144.1075,1441,0,move,-1,144.1075,144.1142,0,0.000,0.000,0.264,-0.176,-50.537,34.453,-0.264,-0.088,0.176,0.000,0.000,-0.088,-0.088,0.264,0.088,0.000,0.439,0.176,0.000,0.000,0.000,0.000,-51.143,34.557,0.000,0.000,0.000,0.000,0.000,0.000,0.000,0.000,0.000,0.000,0.000,0.000,0.013,6.4,11.30,32.0,0.000,0.000,0.006,0.000,0.013,0.000,0.000,0.000,0.000,0.000,0.000,0.000,0.006,0.013,0.000,0.000,0.013,0.000
144.2075,1442,0,move,-1,144.2075,144.2179,0,0.000,0.000,0.264,-0.176,-50.537,34.453,-0.264,-0.088,0.176,0.000,0.000,-0.088,-0.088,0.264,0.088,0.000,0.439,0.176,0.000,0.000,0.000,0.000,-51.143,34.557,0.000,0.000,0.000,0.000,0.000,0.000,0.000,0.000,0.000,0.000,0.000,0.000,0.013,6.4,11.30,32.0,0.000,0.000,0.000,0.000,0.013,0.000,0.006,0.000,0.006,0.000,0.000,0.000,0.000,0.006,0.000,0.000,0.013,0.000
144.3073,1443,0,move,-1,144.3073,144.3197,0,0.000,0.000,0.264,-0.176,-50.537,34.453,-0.264,-0.088,0.176,0.000,0.000,-0.088,-0.088,0.264,0.088,0.000,0.439,0.176,0.000,0.000,0.000,0.000,-51.143,34.557,0.000,0.000,0.000,0.000,0.000,0.000,0.000,0.000,0.000,0.000,0.000,0.000,0.013,6.4,11.30,32.0,0.000,0.000,0.006,0.006,0.013,0.000,0.000,0.000,0.000,0.000,0.000,0.000,0.000,0.006,0.000,0.000,0.006,0.000
144.4075,1444,0,move,-1,144.4075,144.4215,0,0.000,0.000,0.264,-0.176,-50.537,34.453,-0.264,-0.088,0.176,0.000,0.000,-0.088,-0.088,0.264,0.088,0.000,0.439,0.176,0.000,0.000,0.000,0.000,-51.143,34.557,0.000,0.000,0.000,0.000,0.000,0.000,0.000,0.000,0.000,0.000,0.000,0.000,0.013,6.4,11.30,32.0,0.000,0.000,0.000,0.000,0.013,0.000,0.000,0.000,0.006,0.000,0.000,0.000,0.000,0.013,0.000,0.000,0.006,0.000
144.5075,1445,0,move,-1,144.5075,144.5174,0,0.000,0.000,0.264,-0.176,-50.537,34.453,-0.264,-0.088,0.176,0.000,0.000,-0.088,-0.088,0.264,0.088,0.000,0.439,0.176,0.000,0.000,0.000,0.000,-51.143,34.557,0.000,0.000,0.000,0.000,0.000,0.000,0.000,0.000,0.000,0.000,0.000,0.000,0.013,6.4,11.30,32.0,0.000,0.000,0.000,0.000,0.013,0.000,0.000,0.000,0.006,0.000,0.000,0.000,0.000,0.013,0.000,0.000,0.006,0.000
144.6073,1446,0,move,-1,144.6073,144.6181,0,0.000,0.000,0.264,-0.176,-50.537,34.453,-0.264,-0.088,0.176,0.000,0.000,-0.088,-0.088,0.264,0.088,0.000,0.439,0.176,0.000,0.000,0.000,0.000,-51.143,34.557,0.000,0.000,0.000,0.000,0.000,0.000,0.000,0.000,0.000,0.000,0.000,0.000,0.013,3.2,11.30,29.0,0.000,0.000,0.006,0.006,0.006,0.000,0.006,0.000,0.000,0.000,0.000,0.000,0.000,0.013,0.000,0.000,0.006,0.006
144.7073,1447,0,move,-1,144.7073,144.7171,0,0.000,0.000,0.264,-0.176,-50.537,34.453,-0.264,-0.088,0.176,0.000,0.000,-0.088,-0.088,0.264,0.088,0.000,0.439,0.176,0.000,0.000,0.000,0.000,-51.143,34.557,0.000,0.000,0.000,0.000,0.000,0.000,0.000,0.000,0.000,0.000,0.000,0.000,0.013,3.2,11.30,29.0,0.000,0.000,0.006,0.006,0.006,0.000,0.006,0.000,0.000,0.000,0.000,0.000,0.000,0.013,0.000,0.000,0.006,0.006
144.8220,1448,0,move,-1,144.8220,144.8406,0,0.000,0.000,0.264,-0.176,-50.537,34.453,-0.264,-0.088,0.176,0.000,0.000,-0.088,-0.088,0.264,0.088,0.000,0.439,0.176,0.000,0.000,0.000,0.000,-51.143,34.557,0.000,0.000,0.000,0.000,0.000,0.000,0.000,0.000,0.000,0.000,0.000,0.000,0.000,0.0,11.30,32.0,0.000,0.000,0.000,0.000,0.000,0.000,0.000,0.000,0.000,0.000,0.000,0.000,0.000,0.000,0.000,0.000,0.000,0.000
144.9075,1449,0,move,-1,144.9075,144.9187,0,0.000,0.000,0.264,-0.176,-50.537,34.453,-0.264,-0.088,0.176,0.000,0.000,-0.088,-0.088,0.264,0.088,0.000,0.439,0.176,0.000,0.000,0.000,0.000,-51.143,34.557,0.000,0.000,0.000,0.000,0.000,0.000,0.000,0.000,0.000,0.000,0.000,0.000,0.000,0.0,11.30,32.0,0.000,0.000,0.000,0.000,0.000,0.000,0.000,0.000,0.000,0.000,0.000,0.000,0.000,0.000,0.000,0.000,0.000,0.000
145.0075,1450,0,move,-1,145.0075,145.0218,0,0.000,0.000,0.264,-0.176,-50.537,34.453,-0.264,-0.088,0.176,0.000,0.000,-0.088,-0.088,0.264,0.088,0.000,0.439,0.176,0.000,0.000,0.000,0.000,-51.143,34.557,0.000,0.000,0.000,0.000,0.000,0.000,0.000,0.000,0.000,0.000,0.000,0.000,0.006,3.2,11.30,33.0,0.000,0.000,0.006,0.000,0.006,0.000,0.006,0.000,0.000,0.000,0.000,0.000,0.000,0.006,0.000,0.000,0.006,0.000
145.1075,1451,0,move,-1,145.1075,145.1173,0,0.000,0.000,0.264,-0.176,-50.537,34.453,-0.264,-0.088,0.176,0.000,0.000,-0.088,-0.088,0.264,0.088,0.000,0.439,0.176,0.000,0.000,0.000,0.000,-51.143,34.557,0.000,0.000,0.000,0.000,0.000,0.000,0.000,0.000,0.000,0.000,0.000,0.000,0.006,3.2,11.30,33.0,0.000,0.000,0.006,0.000,0.006,0.000,0.006,0.000,0.000,0.000,0.000,0.000,0.000,0.006,0.000,0.000,0.006,0.000
145.2075,1452,0,move,-1,145.2075,145.2183,0,0.000,0.000,0.264,-0.176,-50.537,34.453,-0.264,-0.088,0.176,0.000,0.000,-0.088,-0.088,0.264,0.088,0.000,0.439,0.176,0.000,0.000,0.000,0.000,-51.143,34.557,0.000,0.000,0.000,0.000,0.000,0.000,0.000,0.000,0.000,0.000,0.000,0.000,0.013,6.4,11.30,32.0,0.000,0.000,0.000,0.000,0.013,0.000,0.000,0.000,0.000,0.000,0.000,0.000,0.000,0.006,0.000,0.000,0.006,0.006
145.3075,1453,0,move,-1,145.3075,145.3173,0,0.000,0.000,0.264,-0.176,-50.537,34.453,-0.264,-0.088,0.176,0.000,0.000,-0.088,-0.088,0.264,0.088,0.000,0.439,0.176,0.000,0.000,0.000,0.000,-51.143,34.557,0.000,0.000,0.000,0.000,0.000,0.000,0.000,0.000,0.000,0.000,0.000,0.000,0.013,6.4,11.30,32.0,0.000,0.000,0.000,0.000,0.013,0.000,0.000,0.000,0.000,0.000,0.000,0.000,0.000,0.006,0.000,0.000,0.006,0.006
145.4075,1454,0,move,-1,145.4075,145.4178,0,0.000,0.000,0.264,-0.176,-50.537,34.453,-0.264,-0.088,0.176,0.000,0.000,-0.088,-0.088,0.264,0.088,0.000,0.439,0.176,0.000,0.000,0.000,0.000,-51.143,34.557,0.000,0.000,0.000,0.000,0.000,0.000,0.000,0.000,0.000,0.000,0.000,0.000,0.013,4.8,11.30,32.0,0.000,0.000,0.000,0.006,0.006,0.000,0.000,0.000,0.006,0.000,0.000,0.000,0.000,0.006,0.000,0.000,0.013,0.000
145.5100,1455,0,move,-1,145.5100,145.5160,0,0.000,0.000,0.264,-0.176,-50.537,34.453,-0.264,-0.088,0.176,0.000,0.000,-0.088,-0.088,0.264,0.088,0.000,0.439,0.176,0.000,0.000,0.000,0.000,-51.143,34.557,0.000,0.000,0.000,0.000,0.000,0.000,0.000,0.000,0.000,0.000,0.000,0.000,0.013,4.8,11.30,32.0,0.000,0.000,0.000,0.006,0.006,0.000,0.000,0.000,0.006,0.000,0.000,0.000,0.000,0.006,0.000,0.000,0.013,0.000
145.6075,1456,0,move,-1,145.6075,145.6190,0,0.000,0.000,0.264,-0.176,-50.537,34.453,-0.264,-0.088,0.176,0.000,0.000,-0.088,-0.088,0.264,0.088,0.000,0.439,0.176,0.000,0.000,0.000,0.000,-51.143,34.557,0.000,0.000,0.000,0.000,0.000,0.000,0.000,0.000,0.000,0.000,0.000,0.000,0.013,6.4,11.30,32.0,0.000,0.000,0.000,0.006,0.013,0.000,0.006,0.000,0.006,0.000,0.000,0.000,0.000,0.013,0.000,0.006,0.013,0.000
145.7075,1457,0,move,-1,145.7075,145.7257,0,0.000,0.000,0.264,-0.176,-50.537,34.453,-0.264,-0.088,0.176,0.000,0.000,-0.088,-0.088,0.264,0.088,0.000,0.439,0.176,0.000,0.000,0.000,0.000,-51.143,34.557,0.000,0.000,0.000,0.000,0.000,0.000,0.000,0.000,0.000,0.000,0.000,0.000,0.013,6.4,11.30,32.0,0.000,0.000,0.006,0.000,0.013,0.000,0.000,0.000,0.000,0.000,0.000,0.000,0.000,0.013,0.000,0.000,0.013,0.000
145.8075,1458,0,move,-1,145.8075,145.8191,0,0.000,0.000,0.264,-0.176,-50.537,34.453,-0.264,-0.088,0.176,0.000,0.000,-0.088,-0.088,0.264,0.088,0.000,0.439,0.176,0.000,0.000,0.000,0.000,-51.143,34.557,0.000,0.000,0.000,0.000,0.000,0.000,0.000,0.000,0.000,0.000,0.000,0.000,0.013,6.4,11.30,32.0,0.000,0.000,0.006,0.000,0.013,0.000,0.000,0.000,0.000,0.000,0.000,0.000,0.000,0.013,0.000,0.000,0.013,0.000
145.9075,1459,0,move,-1,145.9075,145.9183,0,0.000,0.000,0.264,-0.176,-50.537,34.453,-0.264,-0.088,0.176,0.000,0.000,-0.088,-0.088,0.264,0.088,0.000,0.439,0.176,0.000,0.000,0.000,0.000,-51.143,34.557,0.000,0.000,0.000,0.000,0.000,0.000,0.000,0.000,0.000,0.000,0.000,0.000,0.013,6.4,11.30,32.0,,0.000,0.000,0.000,0.013,0.000,0.006,0.000,0.000,0.000,0.000,0.000,0.000,0.006,0.000,0.000,0.006,0.000
146.0104,1460,0,move,-1,146.0104,146.0306,0,0.000,0.000,0.264,-0.176,-50.537,34.453,-0.264,-0.088,0.176,0.000,0.000,-0.088,-0.088,0.264,0.088,0.000,0.439,0.176,0.000,0.000,0.000,0.000,-51.143,34.557,0.000,0.000,0.000,0.000,0.000,0.000,0.000,0.000,0.000,0.000,0.000,0.000,0.013,6.4,11.20,32.0,0.000,0.000,0.000,0.000,0.013,0.000,0.006,0.000,0.000,0.000,0.000,0.000,0.000,0.013,0.000,0.000,0.006,0.000
146.1075,1461,0,move,-1,146.1075,146.1215,0,0.000,0.000,0.264,-0.176,-50.537,34.453,-0.264,-0.088,0.176,0.000,0.000,-0.088,-0.088,0.264,0.088,0.000,0.439,0.176,0.000,0.000,0.000,0.000,-51.143,34.557,0.000,0.000,0.000,0.000,0.000,0.000,0.000,0.000,0.000,0.000,0.000,0.000,0.013,6.4,11.20,32.0,0.000,0.000,0.000,0.000,0.013,0.000,0.006,0.000,0.000,0.000,0.000,0.000,0.000,0.013,0.000,0.000,0.006,0.000
146.2075,1462,0,move,-1,146.2075,146.2188,0,0.000,0.000,0.264,-0.176,-50.537,34.453,-0.264,-0.088,0.176,0.000,0.000,-0.088,-0.088,0.264,0.088,0.000,0.439,0.176,0.000,0.000,0.000,0.000,-51.143,34.557,0.000,0.000,0.000,0.000,0.000,0.000,0.000,0.000,0.000,0.000,0.000,0.000,0.013,6.4,11.30,32.0,0.000,0.000,0.006,0.000,0.013,0.000,0.000,0.000,0.000,0.000,0.000,0.000,0.000,0.006,0.000,0.000,0.006,0.000
146.3075,1463,0,move,-1,146.3075,146.3177,0,0.000,0.000,0.264,-0.176,-50.537,34.453,-0.264,-0.088,0.176,0.000,0.000,-0.088,-0.088,0.264,0.088,0.000,0.439,0.176,0.000,0.000,0.000,0.000,-51.143,34.557,0.000,0.000,0.000,0.000,0.000,0.000,0.000,0.000,0.000,0.000,0.000,0.000,0.013,6.4,11.30,32.0,0.000,0.000,0.006,0.000,0.013,0.000,0.000,0.000,0.000,0.000,0.000,0.000,0.000,0.006,0.000,0.000,0.006,0.000
146.4135,1464,0,move,-1,146.4135,146.4252,0,0.000,0.000,0.264,-0.176,-50.537,34.453,-0.264,-0.088,0.176,0.000,0.000,-0.088,-0.088,0.264,0.088,0.000,0.439,0.176,0.000,0.000,0.000,0.000,-51.143,34.557,0.000,0.000,0.000,0.000,0.000,0.000,0.000,0.000,0.000,0.000,0.000,0.000,0.013,6.4,11.30,32.0,0.000,0.000,0.000,0.000,0.013,0.000,0.000,0.000,0.006,0.000,0.000,0.000,0.000,0.006,0.000,0.000,0.006,0.000
146.5075,1465,0,move,-1,146.5075,146.5181,0,0.000,0.000,0.264,-0.176,-50.537,34.453,-0.264,-0.088,0.176,0.000,0.000,-0.088,-0.088,0.264,0.088,0.000,0.439,0.176,0.000,0.000,0.000,0.000,-51.143,34.557,0.000,0.000,0.000,0.000,0.000,0.000,0.000,0.000,0.000,0.000,0.000,0.000,0.013,6.4,11.30,32.0,0.000,0.000,0.000,0.000,0.013,0.000,0.000,0.000,0.006,0.000,0.000,0.000,0.000,0.006,0.000,0.000,0.006,0.000
146.6075,1466,0,move,-1,146.6075,146.6179,0,0.000,0.000,0.264,-0.176,-50.537,34.453,-0.264,-0.088,0.176,0.000,0.000,-0.088,-0.088,0.264,0.088,0.000,0.439,0.176,0.000,0.000,0.000,0.000,-51.143,34.557,0.000,0.000,0.000,0.000,0.000,0.000,0.000,0.000,0.000,0.000,0.000,0.000,0.013,6.4,11.20,32.0,0.000,0.000,0.000,0.000,0.013,0.000,0.000,0.000,0.000,0.000,0.000,0.000,0.000,0.013,0.000,0.000,0.006,0.006
146.7074,1467,0,move,-1,146.7074,146.7196,0,0.000,0.000,0.264,-0.176,-50.537,34.453,-0.264,-0.088,0.176,0.000,0.000,-0.088,-0.088,0.264,0.088,0.000,0.439,0.176,0.000,0.000,0.000,0.000,-51.143,34.557,0.000,0.000,0.000,0.000,0.000,0.000,0.000,0.000,0.000,0.000,0.000,0.000,0.013,6.4,11.30,32.0,0.000,0.000,0.000,0.000,0.013,0.000,0.006,0.000,0.000,0.000,0.000,0.000,0.000,0.006,0.000,0.006,0.006,0.000
146.8075,1468,0,move,-1,146.8075,146.8174,0,0.000,0.000,0.264,-0.176,-50.537,34.453,-0.264,-0.088,0.176,0.000,0.000,-0.088,-0.088,0.264,0.088,0.000,0.439,0.176,0.000,0.000,0.000,0.000,-51.143,34.557,0.000,0.000,0.000,0.000,0.000,0.000,0.000,0.000,0.000,0.000,0.000,0.000,0.013,6.4,11.30,32.0,0.000,0.000,0.000,0.000,0.013,0.000,0.006,0.000,0.000,0.000,0.000,0.000,0.000,0.006,0.000,0.006,0.006,0.000
146.9075,1469,0,move,-1,146.9075,146.9194,0,0.000,0.000,0.264,-0.176,-50.537,34.453,-0.264,-0.088,0.176,0.000,0.000,-0.088,-0.088,0.264,0.088,0.000,0.439,0.176,0.000,0.000,0.000,0.000,-51.143,34.557,0.000,0.000,0.000,0.000,0.000,0.000,0.000,0.000,0.000,0.000,0.000,0.000,0.013,6.4,11.30,32.0,0.000,0.000,0.000,0.000,0.013,0.000,0.006,0.000,0.000,0.000,0.000,0.000,0.000,0.006,0.000,0.000,0.006,0.000
147.0078,1470,0,move,-1,147.0078,147.0207,0,0.000,0.000,0.264,-0.176,-50.537,34.453,-0.264,-0.088,0.176,0.000,0.000,-0.088,-0.088,0.264,0.088,0.000,0.439,0.176,0.000,0.000,0.000,0.000,-51.143,34.557,0.000,0.000,0.000,0.000,0.000,0.000,0.000,0.000,0.000,0.000,0.000,0.000,0.013,3.2,11.30,29.0,0.000,0.000,0.006,0.000,,0.000,0.000,0.000,0.006,0.000,0.000,0.000,0.000,0.013,0.000,0.000,0.006,0.000
147.1088,1471,0,move,-1,147.1088,147.1208,0,0.000,0.000,0.264,-0.176,-50.537,34.453,-0.264,-0.088,0.176,0.000,0.000,-0.088,-0.088,0.264,0.088,0.000,0.439,0.176,0.000,0.000,0.000,0.000,-51.143,34.557,0.000,0.000,0.000,0.000,0.000,0.000,0.000,0.000,0.000,0.000,0.000,0.000,0.013,6.4,11.30,32.0,0.000,0.000,0.000,0.006,0.013,0.000,0.006,0.000,0.000,0.000,0.006,0.000,0.000,0.006,0.000,0.000,0.013,0.000
147.2075,1472,0,move,-1,147.2075,147.2195,0,0.000,0.000,0.264,-0.176,-50.537,34.453,-0.264,-0.088,0.176,0.000,0.000,-0.088,-0.088,0.264,0.088,0.000,0.439,0.176,0.000,0.000,0.000,0.000,-51.143,34.557,0.000,0.000,0.000,0.000,0.000,0.000,0.000,0.000,0.000,0.000,0.000,0.000,0.013,6.4,11.30,32.0,0.000,0.000,0.000,0.006,0.013,0.000,0.006,0.000,0.000,0.000,0.006,0.000,0.000,0.006,0.000,0.000,0.013,0.000
147.3075,1473,0,move,-1,147.3075,147.3178,0,0.000,0.000,0.264,-0.176,-50.537,34.453,-0.264,-0.088,0.176,0.000,0.000,-0.088,-0.088,0.264,0.088,0.000,0.439,0.176,0.000,0.000,0.000,0.000,-51.143,34.557,0.000,0.000,0.000,0.000,0.000,0.000,0.000,0.000,0.000,0.000,0.000,0.000,0.013,6.4,11.30,32.0,0.000,0.000,0.000,0.006,0.013,0.000,0.006,0.000,0.000,0.000,0.000,0.000,0.000,0.013,0.000,0.000,0.006,0.000
147.4075,1474,0,move,-1,147.4075,147.4195,0,0.000,0.000,0.264,-0.176,-50.537,34.453,-0.264,-0.088,0.176,0.000,0.000,-0.088,-0.088,0.264,0.088,0.000,0.439,0.176,0.000,0.000,0.000,0.000,-51.143,34.557,0.000,0.000,0.000,0.000,0.000,0.000,0.000,0.000,0.000,0.000,0.000,0.000,0.013,6.4,11.30,32.0,0.000,0.000,0.006,0.006,0.013,0.000,0.006,0.000,0.000,0.000,0.000,0.000,0.000,0.006,0.000,0.000,0.006,0.000
147.5075,1475,0,move,-1,147.5075,147.5227,0,0.000,0.000,0.264,-0.176,-50.537,34.453,-0.264,-0.088,0.176,0.000,0.000,-0.088,-0.088,0.264,0.088,0.000,0.439,0.176,0.000,0.000,0.000,0.000,-51.143,34.557,0.000,0.000,0.000,0.000,0.000,0.000,0.000,0.000,0.000,0.000,0.000,0.000,0.013,6.4,11.20,32.0,0.000,0.000,0.006,0.000,0.013,0.000,0.006,0.000,0.000,0.000,0.000,0.000,0.000,0.013,0.000,0.000,0.013,0.006
147.6075,1476,0,move,-1,147.6075,147.6216,0,0.000,0.000,0.264,-0.176,-50.537,34.453,-0.264,-0.088,0.176,0.000,0.000,-0.088,-0.088,0.264,0.088,0.000,0.439,0.176,0.000,0.000,0.000,0.000,-51.143,34.557,0.000,0.000,0.000,0.000,0.000,0.000,0.000,0.000,0.000,0.000,0.000,0.000,0.013,6.4,11.20,32.0,0.000,0.000,0.006,0.000,0.013,0.000,0.006,0.000,0.000,0.000,0.000,0.000,0.000,0.013,0.000,0.000,0.013,0.006
147.7075,1477,0,move,-1,147.7075,147.7230,0,0.000,0.000,0.264,-0.176,-50.537,34.453,-0.264,-0.088,0.176,0.000,0.000,-0.088,-0.088,0.264,0.088,0.000,0.439,0.176,0.000,0.000,0.000,0.000,-51.143,34.557,0.000,0.000,0.000,0.000,0.000,0.000,0.000,0.000,0.000,0.000,0.000,0.000,0.013,6.4,11.30,32.0,0.000,0.000,0.006,0.000,0.013,0.000,0.000,0.000,0.000,0.000,0.000,0.000,0.000,0.013,0.000,0.000,0.006,0.000
147.8075,1478,0,move,-1,147.8075,147.8182,0,0.000,0.000,0.264,-0.176,-50.537,34.453,-0.264,-0.088,0.176,0.000,0.000,-0.088,-0.088,0.264,0.088,0.000,0.439,0.176,0.000,0.000,0.000,0.000,-51.143,34.557,0.000,0.000,0.000,0.000,0.000,0.000,0.000,0.000,0.000,0.000,0.000,0.000,0.013,6.4,11.30,32.0,0.000,0.000,0.006,0.000,0.013,0.000,0.000,0.000,0.000,0.000,0.000,0.000,0.000,0.013,0.000,0.000,0.006,0.000
147.9075,1479,0,move,-1,147.9075,147.9185,0,0.000,0.000,0.264,-0.176,-50.537,34.453,-0.264,-0.088,0.176,0.000,0.000,-0.088,-0.088,0.264,0.088,0.000,0.439,0.176,0.000,0.000,0.000,0.000,-51.143,34.557,0.000,0.000,0.000,0.000,0.000,0.000,0.000,0.000,0.000,0.000,0.000,0.000,0.013,6.4,11.30,32.0,0.000,0.000,0.006,0.000,0.013,0.000,0.006,0.000,0.006,0.000,0.000,0.000,0.000,0.013,0.000,0.000,0.013,0.000
148.0075,1480,0,move,-1,148.0075,148.0174,0,0.000,0.000,0.264,-0.176,-50.537,34.453,-0.264,-0.088,0.176,0.000,0.000,-0.088,-0.088,0.264,0.088,0.000,0.439,0.176,0.000,0.000,0.000,0.000,-51.087,34.527,0.000,0.000,0.000,0.000,0.000,0.000,0.000,0.000,0.000,0.000,0.000,0.000,0.013,6.4,11.30,32.0,0.000,0.000,0.006,0.000,0.013,0.000,0.006,0.000,0.006,0.000,0.000,0.000,0.000,0.013,0.000,0.000,0.013,0.000
148.1073,1481,0,move,-1,148.1073,148.1194,0,0.000,0.000,0.264,-0.176,-50.537,34.453,-0.264,-0.088,0.176,0.000,0.000,-0.088,-0.088,0.264,0.088,0.000,0.439,0.176,0.000,0.000,0.000,0.000,-50.920,34.437,0.000,0.000,0.000,0.000,0.000,0.000,0.000,0.000,0.000,0.000,0.000,0.000,0.019,6.4,11.30,32.0,0.000,0.000,0.000,0.000,0.019,0.000,0.006,0.000,0.000,0.000,0.000,0.000,0.000,0.013,0.000,0.000,0.006,0.000
148.2075,1482,0,move,-1,148.2075,148.2140,0,0.000,0.000,0.264,-0.176,-50.537,34.453,-0.264,-0.088,0.176,0.000,0.000,-0.088,-0.088,0.264,0.088,0.000,0.439,0.176,0.000,0.000,0.000,0.000,-50.644,34.286,0.000,0.000,0.000,0.000,0.000,0.000,0.000,0.000,0.000,0.000,0.000,0.000,0.019,6.4,11.30,32.0,0.000,0.000,0.000,0.000,0.019,0.000,0.006,0.000,0.000,0.000,0.000,0.000,0.000,0.013,0.000,0.000,0.006,0.000
148.3125,1483,0,move,-1,148.3125,148.3381,0,0.000,0.000,0.264,-0.176,-50.537,34.365,-0.264,-0.088,0.176,0.000,0.000,-0.088,-0.088,0.264,0.088,0.000,0.439,0.176,0.000,0.000,0.000,0.000,-50.260,34.076,0.000,0.000,0.000,0.000,0.000,0.000,0.000,0.000,0.000,0.000,0.000,0.000,0.013,3.2,11.30,29.0,0.000,0.000,0.006,0.000,0.000,0.006,0.000,0.000,0.000,0.000,0.000,0.000,0.000,0.013,0.000,0.000,0.006,0.000
148.4075,1484,0,move,-1,148.4075,148.4178,0,0.000,0.000,0.264,-0.176,-50.537,34.189,-0.264,-0.088,0.176,0.000,0.000,-0.088,-0.088,0.264,0.088,0.000,0.439,0.176,0.000,0.000,0.000,0.000,-49.769,33.806,0.000,0.000,0.000,0.000,0.000,0.000,0.000,0.000,0.000,0.000,0.000,0.000,0.013,3.2,11.30,29.0,0.000,0.000,0.006,0.000,0.000,0.006,0.000,0.000,0.000,0.000,0.000,0.000,0.000,0.013,0.000,0.000,0.006,0.000
148.5075,1485,0,move,-1,148.5075,148.5193,0,0.000,0.000,0.264,-0.176,-50.273,33.926,-0.264,-0.088,0.176,0.000,0.000,-0.088,-0.088,0.264,0.088,0.000,0.439,0.176,0.000,0.000,0.000,0.000,-49.176,33.476,0.000,0.000,0.000,0.000,0.000,0.000,0.000,0.000,0.000,0.000,0.000,0.000,0.013,4.8,11.30,32.0,0.000,0.000,0.000,0.000,0.006,0.000,0.006,0.000,0.006,0.000,0.000,0.000,0.000,0.006,0.000,0.000,0.013,0.000
148.6073,1486,0,move,-1,148.6073,148.6195,0,0.000,0.000,0.264,-0.176,-49.922,33.574,-0.264,-0.088,0.176,0.000,0.000,-0.088,-0.088,0.264,0.088,0.000,0.439,0.176,0.000,0.000,0.000,0.000,-48.483,33.087,0.000,0.000,0.000,0.000,0.000,0.000,0.000,0.000,0.000,0.000,0.000,0.000,0.013,3.2,11.30,29.0,0.000,0.000,0.000,0.006,0.006,0.000,0.006,0.000,0.000,0.000,0.000,0.000,0.000,0.013,0.000,0.000,0.006,0.006
148.7075,1487,0,move,-1,148.7075,148.7179,0,0.000,0.000,0.264,-0.176,-49.131,33.135,-0.264,-0.088,0.176,0.000,0.000,-0.088,-0.088,0.264,0.088,0.000,0.439,0.176,0.000,0.000,0.000,0.000,-47.696,32.641,0.000,0.000,0.000,0.000,0.000,0.000,0.000,0.000,0.000,0.000,0.000,0.000,0.013,3.2,11.30,29.0,0.000,0.000,0.000,0.006,0.006,0.000,0.006,0.000,0.000,0.000,0.000,0.000,0.000,0.013,0.000,0.000,0.006,0.006
148.8075,1488,0,move,-1,148.8075,148.8188,0,0.000,0.000,0.264,-0.176,-48.428,32.695,-0.264,-0.088,0.176,0.000,0.000,-0.088,-0.088,0.264,0.088,0.000,0.439,0.176,0.000,0.000,0.000,0.000,-46.816,32.136,0.000,0.000,0.000,0.000,0.000,0.000,0.000,0.000,0.000,0.000,0.000,0.000,0.019,5.2,11.20,32.0,0.000,0.000,0.000,0.006,0.006,0.019,0.000,0.000,0.000,0.000,0.000,0.000,0.000,0.013,0.000,0.000,0.013,0.000
148.9073,1489,0,move,-1,148.9073,148.9172,0,0.000,0.000,0.264,-0.176,-47.725,32.256,-0.264,-0.088,0.176,0.000,0.000,-0.088,-0.088,0.264,0.088,0.000,0.439,0.176,0.000,0.000,0.000,0.000,-45.851,31.576,0.000,0.000,0.000,0.000,0.000,0.000,0.000,0.000,0.000,0.000,0.000,0.000,0.019,5.2,11.20,32.0,0.000,0.000,0.000,0.006,0.006,0.019,0.000,0.000,0.000,0.000,0.000,0.000,0.000,0.013,0.000,0.000,0.013,0.000
149.0076,1490,0,move,-1,149.0076,149.0197,0,0.000,0.000,0.264,-0.176,-46.758,31.641,-0.264,-0.088,0.176,0.000,0.000,-0.088,-0.088,0.264,0.088,0.000,0.439,0.176,0.000,0.000,0.000,0.000,-44.803,30.959,0.000,0.000,0.000,0.000,0.000,0.000,0.000,0.000,0.000,0.000,0.000,0.000,0.013,3.2,11.30,29.0,0.000,0.000,0.006,0.000,0.006,0.006,0.006,0.000,0.006,0.000,0.000,0.000,0.000,0.013,0.000,0.000,0.006,0.000
149.1075,1491,0,move,-1,149.1075,149.1179,0,0.000,0.000,0.264,-0.176,-45.879,31.113,-0.264,-0.088,0.176,0.000,0.000,-0.088,-0.088,0.264,0.088,0.000,0.439,0.176,0.000,0.000,0.000,0.000,-43.680,30.289,0.000,0.000,0.000,0.000,0.000,0.000,0.000,0.000,0.000,0.000,0.000,0.000,0.013,3.2,11.30,29.0,0.000,0.000,0.006,0.000,0.006,0.006,0.006,0.000,0.006,0.000,0.000,0.000,0.000,0.013,0.000,0.000,0.006,0.000
149.2075,1492,0,move,-1,149.2075,149.2198,0,0.000,0.000,0.264,-0.176,-44.824,30.498,-0.264,-0.088,0.176,0.000,0.000,-0.088,-0.088,0.264,0.088,0.000,0.439,0.176,0.000,0.000,0.000,0.000,-42.487,29.567,0.000,0.000,0.000,0.000,0.000,0.000,0.000,0.000,0.000,0.000,0.000,0.000,0.013,3.2,11.30,29.0,0.000,0.000,0.006,0.006,0.006,0.006,0.006,0.000,0.000,0.000,0.000,0.000,0.000,0.013,0.000,0.000,0.006,0.006
149.3075,1493,0,move,-1,149.3075,149.3196,0,0.000,0.000,0.264,-0.176,-43.682,29.795,-0.264,-0.088,0.176,0.000,0.000,-0.088,-0.088,0.264,0.088,0.000,0.439,0.176,0.000,0.000,0.000,0.000,-41.228,28.795,0.000,0.000,0.000,0.000,0.000,0.000,0.000,0.000,0.000,0.000,0.000,0.000,0.013,3.2,11.30,29.0,0.000,0.000,0.006,0.006,0.006,0.006,0.006,0.000,0.000,0.000,0.000,0.000,0.000,0.013,0.000,0.000,0.006,0.006
149.4075,1494,0,move,-1,149.4075,149.4172,0,0.000,0.000,0.264,-0.176,-42.539,29.092,-0.264,-0.088,0.176,0.000,0.000,-0.088,-0.088,0.264,0.088,0.000,0.439,0.176,0.000,0.000,0.000,0.000,-39.910,27.976,0.000,0.000,0.000,0.000,0.000,0.000,0.000,0.000,0.000,0.000,0.000,0.000,0.006,6.4,11.30,32.0,0.000,0.000,0.000,0.000,0.006,0.006,0.006,0.000,0.000,0.000,0.000,0.000,0.000,0.006,0.000,0.000,0.006,0.000
149.5075,1495,0,move,-1,149.5075,149.5183,0,0.000,0.000,0.264,-0.176,-41.221,28.301,-0.264,-0.088,0.176,0.000,0.000,-0.088,-0.088,0.264,0.088,0.000,0.439,0.176,0.000,0.000,0.000,0.000,-38.538,27.112,0.000,0.000,0.000,0.000,0.000,0.000,0.000,0.000,0.000,0.000,0.000,0.000,0.013,3.2,11.30,29.0,0.000,0.000,0.000,0.000,0.006,0.000,0.000,0.000,0.000,0.000,0.000,0.000,0.000,0.013,0.000,0.000,0.013,0.006
149.6075,1496,0,move,-1,149.6075,149.6201,0,0.000,0.000,0.264,-0.176,-39.990,27.510,-0.264,-0.088,0.176,0.000,0.000,-0.088,-0.088,0.264,0.088,0.000,0.439,0.176,0.000,0.000,0.000,0.000,-37.119,26.207,0.000,0.000,0.000,0.000,0.000,0.000,0.000,0.000,0.000,0.000,0.000,0.000,0.013,3.2,11.30,29.0,0.000,0.000,0.000,0.000,0.006,0.006,0.006,0.000,0.000,0.000,0.000,0.000,0.000,0.013,0.000,0.000,0.006,0.000
149.7075,1497,0,move,-1,149.7075,149.7173,0,0.000,0.000,0.264,-0.176,-38.496,26.543,-0.264,-0.088,0.176,0.000,0.000,-0.088,-0.088,0.264,0.088,0.000,0.439,0.176,0.000,0.000,0.000,0.000,-35.658,25.263,0.000,0.000,0.000,0.000,0.000,0.000,0.000,0.000,0.000,0.000,0.000,0.000,0.013,3.2,11.30,29.0,0.000,0.000,0.000,0.000,0.006,0.006,0.006,0.000,0.000,0.000,0.000,0.000,0.000,0.013,0.000,0.000,0.006,0.000
149.8073,1498,0,move,-1,149.8073,149.8181,0,0.000,0.000,0.264,-0.176,-37.266,25.664,-0.264,-0.088,0.176,0.000,0.000,-0.088,-0.088,0.264,0.088,0.000,0.439,0.176,0.000,0.000,0.000,0.000,-34.162,24.285,0.000,0.000,0.000,0.000,0.000,0.000,0.000,0.000,0.000,0.000,0.000,0.000,0.006,3.2,11.30,33.0,0.000,0.000,0.006,0.006,0.000,0.006,0.006,0.000,0.006,0.000,0.000,0.000,0.000,0.006,0.000,0.000,0.006,0.006
149.9073,1499,0,move,-1,149.9073,149.9189,0,0.000,0.000,0.264,-0.176,-35.771,24.785,-0.264,-0.088,0.176,0.000,0.000,-0.088,-0.088,0.264,0.088,0.000,0.439,0.176,0.000,0.000,0.000,0.000,-32.637,23.276,0.000,0.000,0.000,0.000,0.000,0.000,0.000,0.000,0.000,0.000,0.000,0.000,0.006,3.2,11.30,33.0,0.000,0.000,0.006,0.006,0.000,0.006,0.000,0.000,0.000,0.000,0.000,0.000,0.000,0.006,0.000,0.000,0.006,0.006
150.0075,1500,0,move,-1,150.0075,150.0183,0,0.000,0.000,0.264,-0.176,-34.277,23.730,-0.264,-0.088,0.176,0.000,0.000,-0.088,-0.088,0.264,0.088,0.000,0.439,0.176,0.000,0.000,0.000,0.000,-31.087,22.240,0.000,0.000,0.000,0.000,0.000,0.000,0.000,0.000,0.000,0.000,0.000,0.000,0.006,3.2,11.30,33.0,0.000,0.000,0.006,0.006,0.000,0.006,0.000,0.000,0.000,0.000,0.000,0.000,0.000,0.006,0.000,0.000,0.006,0.006
150.1075,1501,0,move,-1,150.1075,150.1195,0,0.000,0.000,0.264,-0.176,-32.783,22.764,-0.264,-0.088,0.176,0.000,0.000,-0.088,-0.088,0.264,0.088,0.000,0.439,0.176,0.000,0.000,0.000,0.000,-29.519,21.181,0.000,0.000,0.000,0.000,0.000,0.000,0.000,0.000,0.000,0.000,0.000,0.000,0.013,4.8,11.30,32.0,0.006,0.000,0.000,0.000,0.006,0.006,0.000,0.000,0.000,0.000,0.000,0.000,0.000,0.006,0.000,0.000,0.013,0.000
150.2074,1502,0,move,-1,150.2074,150.2176,0,0.000,0.000,0.264,-0.176,-31.289,21.797,-0.264,-0.088,0.176,0.000,0.000,-0.088,-0.088,0.264,0.088,0.000,0.439,0.176,0.000,0.000,0.000,0.000,-27.940,20.103,0.000,0.000,0.000,0.000,0.000,0.000,0.000,0.000,0.000,0.000,0.000,0.000,0.013,4.8,11.30,32.0,0.006,0.000,0.000,0.000,0.006,0.006,0.000,0.000,0.000,0.000,0.000,0.000,0.000,0.006,0.000,0.000,0.013,0.000
150.3075,1503,0,move,-1,150.3075,150.3191,0,0.000,0.000,0.264,-0.176,-29.795,20.742,-0.264,-0.088,0.176,0.000,0.000,-0.088,-0.088,0.264,0.088,0.000,0.439,0.176,0.000,0.000,0.000,0.000,-26.354,19.012,0.000,0.000,0.000,0.000,0.000,0.000,0.000,0.000,0.000,0.000,0.000,0.000,0.013,4.4,11.20,32.0,0.000,0.000,0.006,0.000,0.006,0.013,0.000,0.000,0.000,0.000,0.000,0.000,0.000,0.013,0.000,0.000,0.006,0.000
150.4076,1504,0,move,-1,150.4076,150.4191,0,0.000,0.000,0.264,-0.176,-28.213,19.600,-0.264,-0.088,0.176,0.000,0.000,-0.088,-0.088,0.264,0.088,0.000,0.439,0.176,0.000,0.000,0.000,0.000,-24.769,17.912,0.000,0.000,0.000,0.000,0.000,0.000,0.000,0.000,0.000,0.000,0.000,0.000,0.013,4.4,11.20,32.0,0.000,0.000,0.006,0.000,0.006,0.013,0.000,0.000,0.000,0.000,0.000,0.000,0.000,0.013,0.000,0.000,0.006,0.000
150.5075,1505,0,move,-1,150.5075,150.5294,0,0.000,0.000,0.264,-0.176,-26.543,18.369,-0.264,-0.088,0.176,0.000,0.000,-0.088,-0.088,0.264,0.088,0.000,0.439,0.176,0.000,0.000,0.000,0.000,-23.189,16.807,0.000,0.000,0.000,0.000,0.000,0.000,0.000,0.000,0.000,0.000,0.000,0.000,0.013,4.4,11.20,31.0,0.000,0.000,0.006,0.006,0.006,0.013,0.006,0.000,0.000,0.000,0.000,0.000,0.000,0.006,0.000,0.000,0.006,0.000
150.6075,1506,0,move,-1,150.6075,150.6174,0,0.000,0.000,0.264,-0.176,-25.137,17.490,-0.264,-0.088,0.176,0.000,0.000,-0.088,-0.088,0.264,0.088,0.000,0.439,0.176,0.000,0.000,0.000,0.000,-21.620,15.703,0.000,0.000,0.000,0.000,0.000,0.000,0.000,0.000,0.000,0.000,0.000,0.000,0.013,4.4,11.20,31.0,0.000,0.000,0.006,0.006,0.006,0.013,0.006,0.000,0.000,0.000,0.000,0.000,0.000,0.006,0.000,0.000,0.006,0.000
150.7088,1507,0,move,-1,150.7088,150.7188,0,0.000,0.000,0.264,-0.176,-23.555,16.348,-0.264,-0.088,0.176,0.000,0.000,-0.088,-0.088,0.264,0.088,0.000,0.439,0.176,0.000,0.000,0.000,0.000,-20.068,14.603,0.000,0.000,0.000,0.000,0.000,0.000,0.000,0.000,0.000,0.000,0.000,0.000,0.013,3.2,11.30,29.0,0.000,0.000,0.000,0.006,0.006,0.000,0.000,0.000,0.000,0.000,0.000,0.000,0.000,0.013,0.000,0.000,0.013,0.006
150.8075,1508,0,move,-1,150.8075,150.8177,0,0.000,0.000,0.264,-0.176,-21.973,15.205,-0.264,-0.088,0.176,0.000,0.000,-0.088,-0.088,0.264,0.088,0.000,0.439,0.176,0.000,0.000,0.000,0.000,-18.539,13.514,0.000,0.000,0.000,0.000,0.000,0.000,0.000,0.000,0.000,0.000,0.000,0.000,0.013,3.2,11.30,29.0,0.000,0.000,0.000,0.006,0.006,0.000,0.000,0.000,0.000,0.000,0.000,0.000,0.000,0.013,0.000,0.000,0.013,0.006
150.9075,1509,0,move,-1,150.9075,150.9183,0,0.000,0.000,0.264,-0.176,-20.479,14.150,-0.264,-0.088,0.176,0.000,0.000,-0.088,-0.088,0.264,0.088,0.000,0.439,0.176,0.000,0.000,0.000,0.000,-17.038,12.438,0.000,0.000,0.000,0.000,0.000,0.000,0.000,0.000,0.000,0.000,0.000,0.000,0.006,3.2,11.30,33.0,0.000,0.000,0.006,0.000,0.006,0.006,0.006,0.000,0.000,0.000,0.000,0.000,0.000,0.006,0.000,0.000,0.006,0.000
151.0075,1510,0,move,-1,151.0075,151.0168,0,0.000,0.000,0.264,-0.176,-18.896,13.096,-0.264,-0.088,0.176,0.000,0.000,-0.088,-0.088,0.264,0.088,0.000,0.439,0.176,0.000,0.000,0.000,0.000,-15.570,11.382,0.000,0.000,0.000,0.000,0.000,0.000,0.000,0.000,0.000,0.000,0.000,0.000,0.006,3.2,11.30,33.0,0.000,0.000,0.006,0.000,0.006,0.006,0.006,0.000,0.000,0.000,0.000,0.000,0.000,0.006,0.000,0.000,0.006,0.000
151.1075,1511,0,move,-1,151.1075,151.1184,0,0.000,0.000,0.264,-0.176,-17.314,11.953,-0.264,-0.088,0.176,0.000,0.000,-0.088,-0.088,0.264,0.088,0.000,0.439,0.176,0.000,0.000,0.000,0.000,-14.141,10.350,0.000,0.000,0.000,0.000,0.000,0.000,0.000,0.000,0.000,0.000,0.000,0.000,0.013,3.2,11.30,29.0,0.000,0.000,0.006,0.006,0.006,0.006,0.006,0.000,0.000,0.000,0.000,0.000,0.000,0.013,0.000,0.000,0.013,0.006
151.2075,1512,0,move,-1,151.2075,151.2165,0,0.000,0.000,0.264,-0.176,-15.820,10.986,-0.264,-0.088,0.176,0.000,0.000,-0.088,-0.088,0.264,0.088,0.000,0.439,0.176,0.000,0.000,0.000,0.000,-12.756,9.347,0.000,0.000,0.000,0.000,0.000,0.000,0.000,0.000,0.000,0.000,0.000,0.000,0.013,3.2,11.30,29.0,0.000,0.000,0.006,0.006,0.006,0.006,0.006,0.000,0.000,0.000,0.000,0.000,0.000,0.013,0.000,0.000,0.013,0.006
151.3073,1513,0,move,-1,151.3073,151.3176,0,0.000,0.000,0.264,-0.176,-14.326,9.932,-0.264,-0.088,0.176,0.000,0.000,-0.088,-0.088,0.264,0.088,0.000,0.439,0.176,0.000,0.000,0.000,0.000,-11.421,8.375,0.000,0.000,0.000,0.000,0.000,0.000,0.000,0.000,0.000,0.000,0.000,0.000,0.006,7.2,11.30,32.0,0.000,0.000,0.000,0.000,0.006,0.006,0.006,0.000,0.000,0.000,0.000,0.000,0.000,0.006,0.000,0.000,0.006,0.006
151.4075,1514,0,move,-1,151.4075,151.4184,0,0.000,0.000,0.264,-0.176,-12.920,8.877,-0.264,-0.088,0.176,0.000,0.000,-0.088,-0.088,0.264,0.088,0.000,0.439,0.176,0.000,0.000,0.000,0.000,-10.139,7.441,0.000,0.000,0.000,0.000,0.000,0.000,0.000,0.000,0.000,0.000,0.000,0.000,0.006,7.2,11.30,32.0,0.000,0.000,0.000,0.000,0.006,0.006,0.006,0.000,0.000,0.000,0.000,0.000,0.000,0.006,0.000,0.000,0.006,0.000
151.5074,1515,0,move,-1,151.5074,151.5173,0,0.000,0.000,0.264,-0.176,-11.426,7.822,-0.264,-0.088,0.176,0.000,0.000,-0.088,-0.088,0.264,0.088,0.000,0.439,0.176,0.000,0.000,0.000,0.000,-8.915,6.547,0.000,0.000,0.000,0.000,0.000,0.000,0.000,0.000,0.000,0.000,0.000,0.000,0.006,7.2,11.30,32.0,0.000,0.000,0.000,0.000,0.006,0.006,0.006,0.000,0.000,0.000,0.000,0.000,0.000,0.006,0.000,0.000,0.006,0.000
151.6075,1516,0,move,-1,151.6075,151.6189,0,0.000,0.000,0.264,-0.176,-10.107,6.943,-0.264,-0.088,0.176,0.000,0.000,-0.088,-0.088,0.264,0.088,0.000,0.439,0.176,0.000,0.000,0.000,0.000,-7.754,5.698,0.000,0.000,0.000,0.000,0.000,0.000,0.000,0.000,0.000,0.000,0.000,0.000,0.013,3.2,11.30,29.0,0.000,0.000,0.000,0.006,0.006,0.006,0.006,0.000,0.000,0.000,0.000,0.000,0.000,0.013,0.000,0.000,0.006,0.006
151.7074,1517,0,move,-1,151.7074,151.7181,0,0.000,0.000,0.264,-0.176,-8.789,6.064,-0.264,-0.088,0.176,0.000,0.000,-0.088,-0.088,0.264,0.088,0.000,0.439,0.176,0.000,0.000,0.000,0.000,-6.661,4.896,0.000,0.000,0.000,0.000,0.000,0.000,0.000,0.000,0.000,0.000,0.000,0.000,0.013,3.2,11.30,29.0,0.000,0.000,0.000,0.006,0.006,0.006,0.006,0.000,0.000,0.000,0.000,0.000,0.000,0.013,0.000,0.000,0.006,0.006
151.8075,1518,0,move,-1,151.8075,151.8191,0,0.000,0.000,0.264,-0.176,-7.646,5.186,-0.264,-0.088,0.176,0.000,0.000,-0.088,-0.088,0.264,0.088,0.000,0.439,0.176,0.000,0.000,0.000,0.000,-5.639,4.147,0.000,0.000,0.000,0.000,0.000,0.000,0.000,0.000,0.000,0.000,0.000,0.000,0.013,3.2,11.30,29.0,0.000,0.000,0.006,0.006,0.000,0.006,0.000,0.000,0.000,0.000,0.000,0.000,0.000,0.013,0.000,0.000,0.006,0.000
151.9083,1519,0,move,-1,151.9083,151.9912,0,0.000,0.000,0.264,-0.176,-5.801,3.955,-0.264,-0.088,0.176,0.000,0.000,-0.088,-0.088,0.264,0.088,0.000,0.439,0.176,0.000,0.000,0.000,0.000,-4.693,3.452,0.000,0.000,0.000,0.000,0.000,0.000,0.000,0.000,0.000,0.000,0.000,0.000,0.006,3.6,11.20,32.0,0.000,0.000,0.000,0.000,0.000,0.006,0.000,0.000,0.006,0.000,0.000,0.000,0.000,0.006,0.000,0.000,0.006,0.006
152.0104,1520,0,move,-1,152.0104,152.0173,0,0.000,0.000,0.264,-0.176,-5.713,3.867,-0.264,-0.088,0.176,0.000,0.000,-0.088,-0.088,0.264,0.088,0.000,0.439,0.176,0.000,0.000,0.000,0.000,-3.825,2.814,0.000,0.000,0.000,0.000,0.000,0.000,0.000,0.000,0.000,0.000,0.000,0.000,0.006,3.6,11.20,32.0,0.000,0.000,0.000,0.000,0.000,0.006,0.000,0.000,0.006,0.000,0.000,0.000,0.000,0.006,0.000,0.000,0.006,0.006
152.1075,1521,0,move,-1,152.1075,152.1179,0,0.000,0.000,0.264,-0.176,-4.482,2.988,-0.264,-0.088,0.176,0.000,0.000,-0.088,-0.088,0.264,0.088,0.000,0.439,0.176,0.000,0.000,0.000,0.000,-3.039,2.236,0.000,0.000,0.000,0.000,0.000,0.000,0.000,0.000,0.000,0.000,0.000,0.000,0.013,3.2,11.30,29.0,0.000,0.000,0.000,0.000,0.000,0.006,0.006,0.000,0.000,0.000,0.000,0.000,0.000,0.013,0.000,0.000,0.006,0.006
152.2075,1522,0,move,-1,152.2075,152.2170,0,0.000,0.000,0.264,-0.176,-3.691,2.373,-0.264,-0.088,0.176,0.000,0.000,-0.088,-0.088,0.264,0.088,0.000,0.439,0.176,0.000,0.000,0.000,0.000,-2.338,1.720,0.000,0.000,0.000,0.000,0.000,0.000,0.000,0.000,0.000,0.000,0.000,0.000,0.013,3.2,11.30,29.0,0.000,0.000,0.000,0.000,0.000,0.006,0.006,0.000,0.000,0.000,0.000,0.000,0.000,0.013,0.000,0.000,0.006,0.006
152.3075,1523,0,move,-1,152.3075,152.3186,0,0.000,0.000,0.264,-0.176,-2.900,1.846,-0.264,-0.088,0.176,0.000,0.000,-0.088,-0.088,0.264,0.088,0.000,0.439,0.176,0.000,0.000,0.000,0.000,-1.725,1.270,0.000,0.000,0.000,0.000,0.000,0.000,0.000,0.000,0.000,0.000,0.000,0.000,0.006,3.2,11.30,33.0,0.000,0.000,0.006,0.006,0.000,0.000,0.006,0.000,0.000,0.000,0.000,0.000,0.000,0.006,0.000,0.000,0.006,0.000
152.4075,1524,0,move,-1,152.4075,152.4201,0,0.000,0.000,0.264,-0.176,-2.197,1.230,-0.264,-0.088,0.176,0.000,0.000,-0.088,-0.088,0.264,0.088,0.000,0.439,0.176,0.000,0.000,0.000,0.000,-1.202,0.885,0.000,0.000,0.000,0.000,0.000,0.000,0.000,0.000,0.000,0.000,0.000,0.000,0.013,3.2,11.30,29.0,0.000,0.000,0.000,0.000,0.000,0.006,0.000,0.000,0.000,0.000,0.000,0.000,0.000,0.013,0.000,0.000,0.013,0.000
152.5103,1525,0,move,-1,152.5103,152.5230,0,0.000,0.000,0.264,-0.176,-1.582,0.967,-0.264,-0.088,0.176,0.000,0.000,-0.088,-0.088,0.264,0.088,0.000,0.439,0.176,0.000,0.000,0.000,0.000,-0.772,0.568,0.000,0.000,0.000,0.000,0.000,0.000,0.000,0.000,0.000,0.000,0.000,0.000,0.006,3.2,11.30,32.0,0.000,0.000,0.000,0.000,0.000,0.000,0.006,0.000,0.000,0.000,0.000,0.000,0.000,0.006,0.000,0.000,0.006,0.000
152.6075,1526,0,move,-1,152.6075,152.6196,0,0.000,0.000,0.264,-0.176,-1.055,0.615,-0.264,-0.088,0.176,0.000,0.000,-0.088,-0.088,0.264,0.088,0.000,0.439,0.176,0.000,0.000,0.000,0.000,-0.435,0.320,0.000,0.000,0.000,0.000,0.000,0.000,0.000,0.000,0.000,0.000,0.000,0.000,0.006,3.2,11.30,32.0,0.000,0.000,0.000,0.000,0.000,0.000,0.006,0.000,0.000,0.000,0.000,0.000,0.000,0.006,0.000,0.000,0.006,0.000
152.7075,1527,0,move,-1,152.7075,152.7176,0,0.000,0.000,0.264,-0.176,-0.703,0.439,-0.264,-0.088,0.176,0.000,0.000,-0.088,-0.088,0.264,0.088,0.000,0.439,0.176,0.000,0.000,0.000,0.000,-0.194,0.143,0.000,0.000,0.000,0.000,0.000,0.000,0.000,0.000,0.000,0.000,0.000,0.000,0.006,3.2,11.30,33.0,0.000,0.000,0.006,0.006,0.000,0.006,0.006,0.000,0.006,0.000,0.000,0.000,0.000,0.006,0.000,0.000,0.006,0.000
152.8075,1528,0,move,-1,152.8075,152.8197,0,0.000,0.000,0.264,-0.176,-0.352,0.264,-0.264,-0.088,0.176,0.000,0.000,-0.088,-0.088,0.264,0.088,0.000,0.439,0.176,0.000,0.000,0.000,0.000,-0.049,0.036,0.000,0.000,0.000,0.000,0.000,0.000,0.000,0.000,0.000,0.000,0.000,0.000,0.013,3.2,11.30,29.0,0.000,0.000,0.000,0.000,0.000,0.006,0.006,0.000,0.000,0.000,0.000,0.000,0.000,0.013,0.000,0.000,0.006,0.000
152.9079,1529,0,move,-1,152.9079,152.9297,0,0.000,0.000,0.264,-0.176,-0.264,0.088,-0.264,-0.088,0.176,0.000,0.000,-0.088,-0.088,0.264,0.088,0.000,0.439,0.176,0.000,0.000,0.000,0.000,0.000,0.000,0.000,0.000,0.000,0.000,0.000,0.000,0.000,0.000,0.000,0.000,0.000,0.000,0.013,4.8,11.20,32.0,0.000,0.000,0.000,0.000,0.006,0.013,0.006,0.000,0.000,0.000,0.000,0.000,0.000,0.006,0.000,0.000,0.006,0.006
153.0075,1530,0,move,-1,153.0075,153.0179,0,0.000,0.000,0.264,-0.176,-0.264,0.088,-0.264,-0.088,0.176,0.000,0.000,-0.088,-0.088,0.264,0.088,0.000,0.439,0.176,0.000,0.000,0.000,0.000,0.000,0.000,0.000,0.000,0.000,0.000,0.000,0.000,0.000,0.000,0.000,0.000,0.000,0.000,0.013,4.8,11.20,32.0,0.000,0.000,0.000,0.000,0.006,0.013,0.006,0.000,0.000,0.000,0.000,0.000,0.000,0.006,0.000,0.000,0.006,0.006
153.1074,1531,0,move,-1,153.1074,153.1183,0,0.000,0.000,0.264,-0.176,-0.264,0.088,-0.264,-0.088,0.176,0.000,0.000,-0.088,-0.088,0.264,0.088,0.000,0.439,0.176,0.000,0.000,0.000,0.000,0.000,0.000,0.000,0.000,0.000,0.000,0.000,0.000,0.000,0.000,0.000,0.000,0.000,0.000,0.006,3.2,11.30,29.0,0.000,0.000,0.000,0.000,0.000,0.000,0.000,0.000,0.000,0.000,0.000,0.000,0.000,0.006,0.000,0.000,0.006,0.000
153.2075,1532,0,move,-1,153.2075,153.2175,0,0.000,0.000,0.264,-0.176,-0.264,0.088,-0.264,-0.088,0.176,0.000,0.000,-0.088,-0.088,0.264,0.088,0.000,0.439,0.176,0.000,0.000,0.000,0.000,0.000,0.000,0.000,0.000,0.000,0.000,0.000,0.000,0.000,0.000,0.000,0.000,0.000,0.000,0.006,3.2,11.30,29.0,0.000,0.000,0.000,0.000,0.000,0.000,0.000,0.000,0.000,0.000,0.000,0.000,0.000,0.006,0.000,0.000,0.006,0.000
153.3169,1533,0,move,-1,153.3169,153.3628,0,0.000,0.000,0.264,-0.176,-0.264,0.088,-0.264,-0.088,0.176,0.000,0.000,-0.088,-0.088,0.264,0.088,0.000,0.439,0.176,0.000,0.000,0.000,0.000,0.000,0.000,0.000,0.000,0.000,0.000,0.000,0.000,0.000,0.000,0.000,0.000,0.000,0.000,0.013,3.2,11.30,29.0,0.000,0.000,0.000,0.006,0.006,0.000,0.006,0.000,0.000,0.000,0.000,0.000,0.000,0.013,0.000,0.000,0.013,0.000
153.4075,1534,0,move,-1,153.4075,153.4172,0,0.000,0.000,0.264,-0.176,-0.264,0.088,-0.264,-0.088,0.176,0.000,0.000,-0.088,-0.088,0.264,0.088,0.000,0.439,0.176,0.000,0.000,0.000,0.000,0.000,0.000,0.000,0.000,0.000,0.000,0.000,0.000,0.000,0.000,0.000,0.000,0.000,0.000,0.013,3.2,11.30,29.0,0.000,0.000,0.000,0.006,0.006,0.000,0.006,0.000,0.000,0.000,0.000,0.000,0.000,0.013,0.000,0.000,0.013,0.000
153.5075,1535,0,move,-1,153.5075,153.5144,0,0.000,0.000,0.264,-0.176,-0.264,0.088,-0.264,-0.088,0.176,0.000,0.000,-0.088,-0.088,0.264,0.088,0.000,0.439,0.176,0.000,0.000,0.000,0.000,0.000,0.000,0.000,0.000,0.000,0.000,0.000,0.000,0.000,0.000,0.000,0.000,0.000,0.000,0.013,3.2,11.30,29.0,0.000,0.000,0.000,0.006,0.000,0.000,0.006,0.000,0.006,0.000,0.000,0.000,0.000,0.013,0.000,0.000,0.006,0.006
153.6075,1536,0,move,-1,153.6075,153.6190,0,0.000,0.000,0.264,-0.176,-0.264,0.088,-0.264,-0.088,0.176,0.000,0.000,-0.088,-0.088,0.264,0.088,0.000,0.439,0.176,0.000,0.000,0.000,0.000,0.000,0.000,0.000,0.000,0.000,0.000,0.000,0.000,0.000,0.000,0.000,0.000,0.000,0.000,0.006,3.2,11.30,33.0,0.000,0.000,0.006,0.006,0.000,0.000,0.006,0.000,0.000,0.000,0.000,0.000,0.000,0.006,0.000,0.000,0.006,0.006
153.7075,1537,0,move,-1,153.7075,153.7178,0,0.000,0.000,0.264,-0.176,-0.264,0.088,-0.264,-0.088,0.176,0.000,0.000,-0.088,-0.088,0.264,0.088,0.000,0.439,0.176,0.000,0.000,0.000,0.000,0.000,0.000,0.000,0.000,0.000,0.000,0.000,0.000,0.000,0.000,0.000,0.000,0.000,0.000,0.006,3.2,11.30,33.0,0.000,0.000,0.006,0.006,0.000,0.000,0.006,0.000,0.000,0.000,0.000,0.000,0.000,0.006,0.000,0.000,0.006,0.006
153.8075,1538,0,move,-1,153.8075,153.8194,0,0.000,0.000,0.264,-0.176,-0.264,0.088,-0.264,-0.088,0.176,0.000,0.000,-0.088,-0.088,0.264,0.088,0.000,0.439,0.176,0.000,0.000,0.000,0.000,0.000,0.000,0.000,0.000,0.000,0.000,0.000,0.000,0.000,0.000,0.000,0.000,0.000,0.000,0.013,3.2,11.30,29.0,0.000,0.000,0.006,0.006,0.000,0.000,0.000,0.000,0.006,0.000,0.000,0.000,0.000,0.013,0.000,0.000,0.006,0.006
153.9075,1539,0,move,-1,153.9075,153.9193,0,0.000,0.000,0.264,-0.176,-0.264,0.088,-0.264,-0.088,0.176,0.000,0.000,-0.088,-0.088,0.264,0.088,0.000,0.439,0.176,0.000,0.000,0.000,0.000,0.000,0.000,0.000,0.000,0.000,0.000,0.000,0.000,0.000,0.000,0.000,0.000,0.000,0.000,0.013,3.2,11.30,29.0,0.000,0.000,0.006,0.006,0.000,0.000,0.000,0.000,0.006,0.000,0.000,0.000,0.000,0.013,0.000,0.000,0.006,0.006
154.0075,1540,0,move,-1,154.0075,154.0199,0,0.000,0.000,0.264,-0.176,-0.264,0.088,-0.264,-0.088,0.176,0.000,0.000,-0.088,-0.088,0.264,0.088,0.000,0.439,0.176,0.000,0.000,0.000,0.000,0.000,0.000,0.000,0.000,0.000,0.000,0.000,0.000,0.000,0.000,0.000,0.000,0.000,0.000,0.006,3.2,11.30,33.0,0.000,0.000,0.006,0.006,0.000,0.000,0.006,0.000,0.000,0.000,0.000,0.000,0.000,,0.000,0.000,0.006,0.000
154.1075,1541,0,move,-1,154.1075,154.1165,0,0.000,0.000,0.264,-0.176,-0.264,0.088,-0.264,-0.088,0.176,0.000,0.000,-0.088,-0.088,0.264,0.088,0.000,0.439,0.176,0.000,0.000,0.000,0.000,0.000,0.000,0.000,0.000,0.000,0.000,0.000,0.000,0.000,0.000,0.000,0.000,0.000,0.000,0.006,3.2,11.30,33.0,0.000,0.000,0.006,0.006,0.000,0.000,0.006,0.000,0.000,0.000,0.000,0.000,0.000,,0.000,0.000,0.006,0.000
154.2075,1542,0,move,-1,154.2075,154.2209,0,0.000,0.000,0.264,-0.176,-0.264,0.088,-0.264,-0.088,0.176,0.000,0.000,-0.088,-0.088,0.264,0.088,0.000,0.439,0.176,0.000,0.000,0.000,0.000,0.000,0.000,0.000,0.000,0.000,0.000,0.000,0.000,0.000,0.000,0.000,0.000,0.000,0.000,0.013,3.2,11.30,29.0,0.000,0.000,0.006,0.000,0.006,0.000,0.006,0.000,0.000,0.000,0.000,0.000,0.000,0.013,0.000,0.000,0.006,0.000
154.3075,1543,0,move,-1,154.3075,154.3212,0,0.000,0.000,0.264,-0.176,-0.264,0.088,-0.264,-0.088,0.176,0.000,0.000,-0.088,-0.088,0.264,0.088,0.000,0.439,0.176,0.000,0.000,0.000,0.000,0.000,0.000,0.000,0.000,0.000,0.000,0.000,0.000,0.000,0.000,0.000,0.000,0.000,0.000,0.000,0.0,11.30,32.0,0.000,0.000,0.000,0.000,0.000,0.000,0.000,0.000,0.000,0.000,0.000,0.000,0.000,0.000,0.000,0.000,0.000,0.000
154.4075,1544,0,move,-1,154.4075,154.4194,0,0.000,0.000,0.264,-0.176,-0.264,0.088,-0.264,-0.088,0.176,0.000,0.000,-0.088,-0.088,0.264,0.088,0.000,0.439,0.176,0.000,0.000,0.000,0.000,0.000,0.000,0.000,0.000,0.000,0.000,0.000,0.000,0.000,0.000,0.000,0.000,0.000,0.000,0.000,0.0,11.30,32.0,0.000,0.000,0.000,0.000,0.000,0.000,0.000,0.000,0.000,0.000,0.000,0.000,0.000,0.000,0.000,0.000,0.000,0.000
154.5095,1545,0,move,-1,154.5095,154.5379,0,0.000,0.000,0.264,-0.176,-0.088,0.088,-0.264,-0.088,0.176,0.000,0.000,-0.088,-0.088,0.264,0.088,0.000,0.439,0.176,0.000,0.000,0.000,0.000,0.000,0.000,0.000,0.000,0.000,0.000,0.000,0.000,0.000,0.000,0.000,0.000,0.000,0.000,0.013,3.2,11.30,29.0,0.000,0.000,0.000,0.000,0.000,0.000,0.006,0.000,0.006,0.000,0.000,0.000,0.000,0.013,0.000,0.000,0.006,0.000
154.6073,1546,0,move,-1,154.6073,154.6172,0,0.000,0.000,0.264,-0.176,-0.088,0.088,-0.264,-0.088,0.176,0.000,0.000,-0.088,-0.088,0.264,0.088,0.000,0.439,0.176,0.000,0.000,0.000,0.000,0.000,0.000,0.000,0.000,0.000,0.000,0.000,0.000,0.000,0.000,0.000,0.000,0.000,0.000,0.013,3.2,11.30,29.0,0.000,0.000,0.000,0.000,0.000,0.000,0.006,0.000,0.006,0.000,0.000,0.000,0.000,0.013,0.000,0.000,0.006,0.000
154.7075,1547,0,move,-1,154.7075,154.7181,0,0.000,0.000,0.264,-0.176,-0.088,0.088,-0.264,-0.088,0.176,0.000,0.000,-0.088,-0.088,0.264,0.088,0.000,0.439,0.176,0.000,0.000,0.000,0.000,0.000,0.000,0.000,0.000,0.000,0.000,0.000,0.000,0.000,0.000,0.000,0.000,0.000,0.000,0.006,3.2,11.30,33.0,0.000,0.000,0.006,0.006,0.000,0.000,0.006,0.000,0.000,0.000,0.000,0.000,0.000,0.006,0.000,0.000,0.006,0.006
154.8075,1548,0,move,-1,154.8075,154.8172,0,0.000,0.000,0.264,-0.176,-0.088,0.088,-0.264,-0.088,0.176,0.000,0.000,-0.088,-0.088,0.264,0.088,0.000,0.439,0.176,0.000,0.000,0.000,0.000,0.000,0.000,0.000,0.000,0.000,0.000,0.000,0.000,0.000,0.000,0.000,0.000,0.000,0.000,0.006,3.2,11.30,33.0,0.000,0.000,0.006,0.006,0.000,0.000,0.006,0.000,0.000,0.000,0.000,0.000,0.000,0.006,0.000,0.000,0.006,0.006
154.9075,1549,0,move,-1,154.9075,154.9186,0,0.000,0.000,0.264,-0.176,-0.088,0.088,-0.264,-0.088,0.176,0.000,0.000,-0.088,-0.088,0.264,0.088,0.000,0.439,0.176,0.000,0.000,0.000,0.000,0.000,0.000,0.000,0.000,0.000,0.000,0.000,0.000,0.000,0.000,0.000,0.000,0.000,0.000,0.006,2.4,11.30,32.0,0.000,0.000,0.000,0.006,0.000,0.000,0.006,0.000,0.000,0.000,0.000,0.000,0.000,0.006,0.006,0.000,0.006,0.000
155.0075,1550,0,move,-1,155.0075,155.0142,0,0.000,0.000,0.264,-0.176,-0.088,0.088,-0.264,-0.088,0.176,0.000,0.000,-0.088,-0.088,0.264,0.088,0.000,0.439,0.176,0.000,0.000,0.000,0.000,0.000,0.000,0.000,0.000,0.000,0.000,0.000,0.000,0.000,0.000,0.000,0.000,0.000,0.000,0.006,2.4,11.30,32.0,0.000,0.000,0.000,0.006,0.000,0.000,0.006,0.000,0.000,0.000,0.000,0.000,0.000,0.006,0.006,0.000,0.006,0.000
155.1075,1551,0,move,-1,155.1075,155.1178,0,0.000,0.000,0.264,-0.176,-0.088,0.088,-0.264,-0.088,0.176,0.000,0.000,-0.088,-0.088,0.264,0.088,0.000,0.439,0.176,0.000,0.000,0.000,0.000,0.000,0.000,0.000,0.000,0.000,0.000,0.000,0.000,0.000,0.000,0.000,0.000,0.000,0.000,0.013,3.2,11.30,29.0,0.000,0.000,0.000,0.006,0.000,0.000,0.000,0.000,0.000,0.000,0.000,0.000,0.000,0.013,0.000,0.000,0.006,0.000
155.2075,1552,0,move,-1,155.2075,155.2169,0,0.000,0.000,0.264,-0.176,-0.088,0.088,-0.264,-0.088,0.176,0.000,0.000,-0.088,-0.088,0.264,0.088,0.000,0.439,0.176,0.000,0.000,0.000,0.000,0.000,0.000,0.000,0.000,0.000,0.000,0.000,0.000,0.000,0.000,0.000,0.000,0.000,0.000,0.013,3.2,11.30,29.0,0.000,0.000,0.000,0.006,0.000,0.000,0.000,0.000,0.000,0.000,0.000,0.000,0.000,0.013,0.000,0.000,0.006,0.000
155.3075,1553,0,move,-1,155.3075,155.3179,0,0.000,0.000,0.264,-0.176,-0.088,0.088,-0.264,-0.088,0.176,0.000,0.000,-0.088,-0.088,0.264,0.088,0.000,0.439,0.176,0.000,0.000,0.000,0.000,0.000,0.000,0.000,0.000,0.000,0.000,0.000,0.000,0.000,0.000,0.000,0.000,0.000,0.000,0.013,4.8,11.30,32.0,0.000,0.000,0.000,0.000,0.000,0.000,0.006,0.000,0.000,0.000,0.000,0.000,0.000,0.006,0.000,0.000,0.013,0.006
155.4163,1554,0,move,-1,155.4163,155.4371,0,0.000,0.000,0.264,-0.176,-0.088,0.088,-0.264,-0.088,0.176,0.000,0.000,-0.088,-0.088,0.264,0.088,0.000,0.439,0.176,0.000,0.000,0.000,0.000,0.000,0.000,0.000,0.000,0.000,0.000,0.000,0.000,0.000,0.000,0.000,0.000,0.000,0.000,0.013,4.8,11.30,32.0,0.000,0.000,0.000,0.000,0.000,0.000,0.006,0.000,0.000,0.000,0.000,0.000,0.000,0.006,0.000,0.000,0.013,0.006
155.5073,1555,0,move,-1,155.5073,155.5189,0,0.000,0.000,0.264,-0.176,-0.088,0.088,-0.264,-0.088,0.176,0.000,0.000,-0.088,-0.088,0.264,0.088,0.000,0.439,0.176,0.000,0.000,0.000,0.000,0.000,0.000,0.000,0.000,0.000,0.000,0.000,0.000,0.000,0.000,0.000,0.000,0.000,0.000,0.013,4.8,11.30,32.0,0.000,0.000,0.000,0.000,0.000,0.000,0.006,0.000,0.000,0.000,0.000,0.000,0.000,0.006,0.000,0.000,0.013,0.006
155.6073,1556,0,move,-1,155.6073,155.6214,0,0.000,0.000,0.264,-0.176,-0.088,0.088,-0.264,-0.088,0.176,0.000,0.000,-0.088,-0.088,0.264,0.088,0.000,0.439,0.176,0.000,0.000,0.000,0.000,0.000,0.000,0.000,0.000,0.000,0.000,0.000,0.000,0.000,0.000,0.000,0.000,0.000,0.000,0.013,4.8,11.30,32.0,0.000,0.000,0.000,0.000,0.000,0.000,0.000,0.000,0.000,0.000,0.000,0.000,0.000,0.000,0.000,0.000,0.013,0.000
155.7075,1557,0,move,-1,155.7075,155.7178,0,0.000,0.000,0.264,-0.176,-0.088,0.088,-0.264,-0.088,0.176,0.000,0.000,-0.088,-0.088,0.264,0.088,0.000,0.439,0.176,0.000,0.000,0.000,0.000,0.000,0.000,0.000,0.000,0.000,0.000,0.000,0.000,0.000,0.000,0.000,0.000,0.000,0.000,0.013,4.8,11.30,32.0,0.000,0.000,0.000,0.000,0.000,0.000,0.000,0.000,0.000,0.000,0.000,0.000,0.000,0.000,0.000,0.000,0.013,0.000
155.8075,1558,0,move,-1,155.8075,155.8183,0,0.000,0.000,0.264,-0.176,-0.088,0.088,-0.264,-0.088,0.176,0.000,0.000,-0.088,-0.088,0.264,0.088,0.000,0.439,0.176,0.000,0.000,0.000,0.000,0.000,0.000,0.000,0.000,0.000,0.000,0.000,0.000,0.000,0.000,0.000,0.000,0.000,0.000,0.006,3.2,11.30,33.0,0.000,0.000,0.006,0.006,0.000,0.000,0.006,0.000,0.006,0.000,0.000,0.000,0.000,0.006,0.000,0.000,0.006,0.006
155.9075,1559,0,move,-1,155.9075,155.9172,0,0.000,0.000,0.264,-0.176,-0.088,0.088,-0.264,-0.088,0.176,0.000,0.000,-0.088,-0.088,0.264,0.088,0.000,0.439,0.176,0.000,0.000,0.000,0.000,0.000,0.000,0.000,0.000,0.000,0.000,0.000,0.000,0.000,0.000,0.000,0.000,0.000,0.000,0.006,3.2,11.30,33.0,0.000,0.000,0.006,0.006,0.000,0.000,0.006,0.000,0.006,0.000,0.000,0.000,0.000,0.006,0.000,0.000,0.006,0.006
