t_s,tick,seg,phase,joint,t_send_s,t_recv_s,overrun,q0_deg,q1_deg,q2_deg,q3_deg,q4_deg,q5_deg,q6_deg,q7_deg,q8_deg,q9_deg,q10_deg,q11_deg,q12_deg,q13_deg,q14_deg,q15_deg,q16_deg,q17_deg,cmd0_deg,cmd1_deg,cmd2_deg,cmd3_deg,cmd4_deg,cmd5_deg,cmd6_deg,cmd7_deg,cmd8_deg,cmd9_deg,cmd10_deg,cmd11_deg,cmd12_deg,cmd13_deg,cmd14_deg,cmd15_deg,cmd16_deg,cmd17_deg,cur_a,load_pct,volt,temp_c,cur0_a,cur1_a,cur2_a,cur3_a,cur4_a,cur5_a,cur6_a,cur7_a,cur8_a,cur9_a,cur10_a,cur11_a,cur12_a,cur13_a,cur14_a,cur15_a,cur16_a,cur17_a
0.0108,0,0,move,-1,0.0108,0.0235,0,0.000,0.000,0.176,-0.264,-0.088,0.088,-0.264,0.791,0.264,0.000,0.000,-0.088,-0.088,0.176,0.000,0.000,0.439,0.176,0.000,0.000,0.000,0.000,0.000,0.000,0.000,0.000,0.000,0.000,0.000,0.000,0.000,0.000,0.000,0.000,0.000,0.000,0.000,0.0,11.30,32.0,0.000,0.000,0.000,0.000,0.000,0.000,0.000,0.000,0.000,0.000,0.000,0.000,0.000,0.000,0.000,0.000,0.000,0.000
0.1045,1,0,move,-1,0.1045,0.1160,0,0.000,0.000,0.176,-0.264,-0.088,0.088,-0.264,0.439,0.264,0.000,0.000,-0.088,-0.088,0.176,0.000,0.000,0.439,0.176,0.000,0.000,0.000,0.000,0.000,0.000,0.000,0.000,0.000,0.000,0.000,0.000,0.000,0.000,0.000,0.000,0.000,0.000,0.000,0.0,11.30,32.0,0.000,0.000,0.000,0.000,0.000,0.000,0.000,0.000,0.000,0.000,0.000,0.000,0.000,0.000,0.000,0.000,0.000,0.000
0.2043,2,0,move,-1,0.2043,0.2166,0,0.000,0.000,0.176,-0.264,-0.088,0.088,-0.264,0.264,0.264,0.000,0.000,-0.088,-0.088,0.176,0.000,0.000,0.439,0.176,0.000,0.000,0.000,0.000,0.000,0.000,0.000,0.000,0.000,0.000,0.000,0.000,0.000,0.000,0.000,0.000,0.000,0.000,0.006,3.2,11.30,33.0,0.000,0.000,0.000,0.000,0.000,0.000,0.006,0.006,0.006,0.000,0.000,0.000,0.000,0.006,0.000,0.000,0.006,0.000
0.3045,3,0,move,-1,0.3045,0.3160,0,0.000,0.000,0.176,-0.264,-0.088,0.088,-0.264,0.264,0.264,0.000,0.000,-0.088,-0.088,0.176,0.000,0.000,0.439,0.176,0.000,0.000,0.000,0.000,0.000,0.000,0.000,0.000,0.000,0.000,0.000,0.000,0.000,0.000,0.000,0.000,0.000,0.000,0.006,3.2,11.30,33.0,0.000,0.000,0.000,0.000,0.000,0.000,0.006,0.006,0.006,0.000,0.000,0.000,0.000,0.006,0.000,0.000,0.006,0.000
0.4045,4,0,move,-1,0.4045,0.4167,0,0.000,0.000,0.176,-0.264,-0.088,0.088,-0.264,0.264,0.264,0.000,0.000,-0.088,-0.088,0.176,0.000,0.000,0.439,0.176,0.000,0.000,0.000,0.000,0.000,0.000,0.000,0.000,0.000,0.000,0.000,0.000,0.000,0.000,0.000,0.000,0.000,0.000,0.013,3.2,11.20,30.0,0.000,0.000,0.000,0.000,0.000,0.000,0.006,0.013,0.006,0.000,0.000,0.000,0.000,0.006,0.000,0.000,0.006,0.006
0.5043,5,0,move,-1,0.5043,0.5156,0,0.000,0.000,0.176,-0.264,-0.088,0.088,-0.264,0.264,0.264,0.000,0.000,-0.088,-0.088,0.176,0.000,0.000,0.439,0.176,0.000,0.000,0.000,0.000,0.000,0.000,0.000,0.000,0.000,0.000,0.000,0.000,0.000,0.000,0.000,0.000,0.000,0.000,0.013,3.2,11.20,30.0,0.000,0.000,0.000,0.000,0.000,0.000,0.006,0.013,0.006,0.000,0.000,0.000,0.000,0.006,0.000,0.000,0.006,0.006
0.6045,6,0,move,-1,0.6045,0.6111,0,0.000,0.000,0.176,-0.264,-0.088,0.088,-0.264,0.176,0.264,0.000,0.000,-0.088,-0.088,0.176,0.000,0.000,0.439,0.176,0.000,0.000,0.000,0.000,0.000,0.000,0.000,0.000,0.000,0.000,0.000,0.000,0.000,0.000,0.000,0.000,0.000,0.000,0.013,4.8,11.30,32.0,0.000,0.000,0.000,0.006,0.000,0.000,0.006,0.006,0.000,0.000,0.000,0.000,0.000,0.006,0.000,0.000,0.013,0.000
0.7043,7,0,move,-1,0.7043,0.7154,0,0.000,0.000,0.176,-0.264,-0.088,0.088,-0.264,0.176,0.264,0.000,0.000,-0.088,-0.088,0.176,0.000,0.000,0.439,0.176,0.000,0.000,0.000,0.000,0.000,0.000,0.000,0.000,0.000,0.000,0.000,0.000,0.000,0.000,0.000,0.000,0.000,0.000,0.006,3.2,11.20,33.0,0.000,0.000,0.000,0.000,0.000,0.000,0.006,0.006,0.000,0.000,0.000,0.000,0.000,0.006,0.000,0.000,0.006,0.000
0.8045,8,0,move,-1,0.8045,0.8170,0,0.000,0.000,0.176,-0.264,-0.088,0.088,-0.264,0.176,0.264,0.000,0.000,-0.088,-0.088,0.176,0.000,0.000,0.439,0.176,0.000,0.000,0.000,0.000,0.000,0.000,0.000,0.000,0.000,0.000,0.000,0.000,0.000,0.000,0.000,0.000,0.000,0.000,0.006,2.4,11.30,33.0,0.000,0.000,0.006,0.006,0.000,0.000,0.006,0.006,0.000,0.000,0.000,0.000,0.000,0.006,0.000,0.000,0.006,0.000
0.9043,9,0,move,-1,0.9043,0.9153,0,0.000,0.000,0.176,-0.264,-0.088,0.088,-0.264,0.176,0.264,0.000,0.000,-0.088,-0.088,0.176,0.000,0.000,0.439,0.176,0.000,0.000,0.000,0.000,0.000,0.000,0.000,0.000,0.000,0.000,0.000,0.000,0.000,0.000,0.000,0.000,0.000,0.000,0.006,2.4,11.30,33.0,0.000,0.000,0.006,0.006,0.000,0.000,0.006,0.006,0.000,0.000,0.000,0.000,0.000,0.006,0.000,0.000,0.006,0.000
1.0043,10,0,move,-1,1.0043,1.0166,0,0.000,0.000,0.176,-0.264,-0.088,0.088,-0.264,0.176,0.264,0.000,0.000,-0.088,-0.088,0.176,0.000,0.000,0.439,0.176,0.000,0.000,0.000,0.000,0.000,0.000,0.000,-0.049,0.036,0.000,0.000,0.000,0.000,0.000,0.000,0.000,0.000,0.000,0.006,3.2,11.20,33.0,0.000,0.000,0.000,0.000,0.000,0.000,0.006,0.006,0.000,0.000,0.000,0.000,0.000,0.006,0.000,0.000,0.006,0.000
1.1043,11,0,move,-1,1.1043,1.1158,0,0.000,0.000,0.176,-0.264,-0.088,0.088,-0.264,0.176,0.264,0.000,0.000,-0.088,-0.088,0.176,0.000,0.000,0.439,0.176,0.000,0.000,0.000,0.000,0.000,0.000,0.000,-0.194,0.143,0.000,0.000,0.000,0.000,0.000,0.000,0.000,0.000,0.000,0.006,3.2,11.20,33.0,0.000,0.000,0.000,0.000,0.000,0.000,0.006,0.006,0.000,0.000,0.000,0.000,0.000,0.006,0.000,0.000,0.006,0.000
1.2046,12,0,move,-1,1.2046,1.2163,0,0.000,0.000,0.176,-0.264,-0.088,0.088,-0.264,0.176,0.264,0.000,0.000,-0.088,-0.088,0.176,0.000,0.000,0.439,0.176,0.000,0.000,0.000,0.000,0.000,0.000,0.000,-0.435,0.320,0.000,0.000,0.000,0.000,0.000,0.000,0.000,0.000,0.000,0.013,4.4,11.20,30.0,0.000,0.000,0.000,0.006,0.000,0.006,0.006,0.013,0.006,0.000,0.000,0.000,0.000,0.006,0.000,0.000,0.006,0.006
1.3045,13,0,move,-1,1.3045,1.3150,0,0.000,0.000,0.176,-0.264,-0.088,0.088,-0.264,-0.176,0.264,0.000,0.000,-0.088,-0.088,0.176,0.000,0.000,0.439,0.176,0.000,0.000,0.000,0.000,0.000,0.000,0.000,-0.772,0.568,0.000,0.000,0.000,0.000,0.000,0.000,0.000,0.000,0.000,0.013,4.4,11.20,30.0,0.000,0.000,0.000,0.006,0.000,0.006,0.006,0.013,0.006,0.000,0.000,0.000,0.000,0.006,0.000,0.000,0.006,0.006
1.4045,14,0,move,-1,1.4045,1.4158,0,0.000,0.000,0.176,-0.264,-0.088,0.088,-0.264,-0.615,0.352,0.000,0.000,-0.088,-0.088,0.176,0.000,0.000,0.439,0.176,0.000,0.000,0.000,0.000,0.000,0.000,0.000,-1.202,0.885,0.000,0.000,0.000,0.000,0.000,0.000,0.000,0.000,0.000,0.013,5.2,11.20,30.0,0.000,0.000,0.000,0.006,0.000,0.000,0.006,0.013,0.000,0.000,0.000,0.000,0.000,0.006,0.000,0.000,0.013,0.000
1.5045,15,0,move,-1,1.5045,1.5156,0,0.000,0.000,0.176,-0.264,-0.088,0.088,-0.264,-0.967,0.439,0.000,0.000,-0.088,-0.088,0.176,0.000,0.000,0.439,0.176,0.000,0.000,0.000,0.000,0.000,0.000,0.000,-1.725,1.270,0.000,0.000,0.000,0.000,0.000,0.000,0.000,0.000,0.000,0.013,5.2,11.20,30.0,0.000,0.000,0.000,0.006,0.000,0.000,0.006,0.013,0.000,0.000,0.000,0.000,0.000,0.006,0.000,0.000,0.013,0.000
1.6045,16,0,move,-1,1.6045,1.6161,0,0.000,0.000,0.176,-0.264,-0.088,0.088,-0.264,-1.406,0.967,0.000,0.000,-0.088,-0.088,0.176,0.000,0.000,0.439,0.176,0.000,0.000,0.000,0.000,0.000,0.000,0.000,-2.338,1.720,0.000,0.000,0.000,0.000,0.000,0.000,0.000,0.000,0.000,0.019,4.8,11.20,31.0,0.000,0.000,0.000,0.006,0.000,0.000,0.006,0.019,0.006,0.000,0.000,0.000,0.006,0.006,0.000,0.000,0.013,0.006
1.7045,17,0,move,-1,1.7045,1.7143,0,0.000,0.000,0.176,-0.264,-0.088,0.088,-0.264,-1.934,1.318,0.000,0.000,-0.088,-0.088,0.176,0.000,0.000,0.439,0.176,0.000,0.000,0.000,0.000,0.000,0.000,0.000,-3.039,2.236,0.000,0.000,0.000,0.000,0.000,0.000,0.000,0.000,0.000,0.019,4.8,11.20,31.0,0.000,0.000,0.000,0.006,0.000,0.000,0.006,0.019,0.006,0.000,0.000,0.000,0.006,0.006,0.000,0.000,0.013,0.006
1.8045,18,0,move,-1,1.8045,1.8113,0,0.000,0.000,0.176,-0.264,-0.088,0.088,-0.264,-2.549,1.846,0.000,0.000,-0.088,-0.088,0.176,0.000,0.000,0.439,0.176,0.000,0.000,0.000,0.000,0.000,0.000,0.000,-3.825,2.814,0.000,0.000,0.000,0.000,0.000,0.000,0.000,0.000,0.000,0.019,5.2,11.20,30.0,0.000,0.000,0.000,0.006,0.000,0.000,0.006,0.019,0.006,0.000,0.000,0.000,0.000,0.006,0.000,0.000,0.006,0.006
1.9045,19,0,move,-1,1.9045,1.9160,0,0.000,0.000,0.176,-0.264,-0.088,0.088,-0.264,-3.340,2.373,0.000,0.000,-0.088,-0.088,0.176,0.000,0.000,0.439,0.176,0.000,0.000,0.000,0.000,0.000,0.000,0.000,-4.693,3.452,0.000,0.000,0.000,0.000,0.000,0.000,0.000,0.000,0.000,0.019,6.0,11.20,30.0,0.000,0.000,0.000,0.000,0.000,0.000,0.006,0.019,0.006,0.000,0.000,0.000,0.000,0.006,0.000,0.000,0.006,0.006
2.0045,20,0,move,-1,2.0045,2.0151,0,0.000,0.000,0.176,-0.264,-0.088,0.088,-0.264,-4.131,2.988,0.000,0.000,-0.088,-0.088,0.176,0.000,0.000,0.439,0.176,0.000,0.000,0.000,0.000,0.000,0.000,0.000,-5.639,4.147,0.000,0.000,0.000,0.000,0.000,0.000,0.000,0.000,0.000,0.019,6.0,11.20,30.0,0.000,0.000,0.000,0.000,0.000,0.000,0.006,0.019,0.006,0.000,0.000,0.000,0.000,0.006,0.000,0.000,0.006,0.006
2.1045,21,0,move,-1,2.1045,2.1158,0,0.000,0.000,0.176,-0.264,-0.088,0.088,-0.264,-5.010,3.604,0.000,0.000,-0.088,-0.088,0.176,0.000,0.000,0.439,0.176,0.000,0.000,0.000,0.000,0.000,0.000,0.000,-6.661,4.896,0.000,0.000,0.000,0.000,0.000,0.000,0.000,0.000,0.000,0.019,6.0,11.20,30.0,0.000,0.000,0.006,0.006,0.000,0.000,0.000,0.019,0.000,0.000,0.000,0.000,0.000,0.000,0.000,0.000,0.013,0.000
2.2046,22,0,move,-1,2.2046,2.2149,0,0.000,0.000,0.176,-0.264,-0.088,0.088,-0.264,-5.889,4.307,0.000,0.000,-0.088,-0.088,0.176,0.000,0.000,0.439,0.176,0.000,0.000,0.000,0.000,0.000,0.000,0.000,-7.754,5.698,0.000,0.000,0.000,0.000,0.000,0.000,0.000,0.000,0.000,0.019,6.0,11.20,30.0,0.000,0.000,0.006,0.006,0.000,0.000,0.000,0.019,0.000,0.000,0.000,0.000,0.000,0.000,0.000,0.000,0.013,0.000
2.3045,23,0,move,-1,2.3045,2.3160,0,0.000,0.000,0.176,-0.264,-0.088,0.088,-0.264,-6.943,5.098,0.000,0.000,-0.088,-0.088,0.176,0.000,0.000,0.439,0.176,0.000,0.000,0.000,0.000,0.000,0.000,0.000,-8.915,6.547,0.000,0.000,0.000,0.000,0.000,0.000,0.000,0.000,0.000,0.013,4.8,11.20,30.0,0.000,0.000,0.000,0.006,0.000,0.000,0.006,0.013,0.006,0.000,0.000,0.000,0.000,0.006,0.000,0.000,0.013,0.006
2.4045,24,0,move,-1,2.4045,2.4144,0,0.000,0.000,0.176,-0.264,-0.088,0.088,-0.264,-8.086,5.889,0.000,0.000,-0.088,-0.088,0.176,0.000,0.000,0.439,0.176,0.000,0.000,0.000,0.000,0.000,0.000,0.000,-10.139,7.441,0.000,0.000,0.000,0.000,0.000,0.000,0.000,0.000,0.000,0.013,4.8,11.20,30.0,0.000,0.000,0.000,0.006,0.000,0.000,0.006,0.013,0.006,0.000,0.000,0.000,0.000,0.006,0.000,0.000,0.013,0.006
2.5045,25,0,move,-1,2.5045,2.5155,0,0.000,0.000,0.176,-0.264,-0.088,0.088,-0.264,-9.141,6.680,0.000,0.000,-0.088,-0.088,0.176,0.000,0.000,0.439,0.176,0.000,0.000,0.000,0.000,0.000,0.000,0.000,-11.421,8.375,0.000,0.000,0.000,0.000,0.000,0.000,0.000,0.000,0.000,0.013,5.6,11.20,30.0,0.000,0.000,0.000,0.006,0.000,0.000,0.006,0.013,0.000,0.000,0.000,0.000,0.000,0.006,0.000,0.000,0.006,0.006
2.6045,26,0,move,-1,2.6045,2.6159,0,0.000,0.000,0.176,-0.264,-0.088,0.088,-0.264,-10.371,7.559,0.000,0.000,-0.088,-0.088,0.176,0.000,0.000,0.439,0.176,0.000,0.000,0.000,0.000,0.000,0.000,0.000,-12.756,9.347,0.000,0.000,0.000,0.000,0.000,0.000,0.000,0.000,0.000,0.013,4.8,11.20,30.0,0.000,0.000,0.000,0.006,0.000,0.000,0.006,0.013,0.006,0.000,0.000,0.000,0.000,0.000,0.000,0.000,0.013,0.000
2.7045,27,0,move,-1,2.7045,2.7106,0,0.000,0.000,0.176,-0.264,-0.088,0.088,-0.264,-11.338,8.262,0.000,0.000,-0.088,-0.088,0.176,0.000,0.000,0.439,0.176,0.000,0.000,0.000,0.000,0.000,0.000,0.000,-14.141,10.350,0.000,0.000,0.000,0.000,0.000,0.000,0.000,0.000,0.000,0.013,4.8,11.20,30.0,0.000,0.000,0.000,0.006,0.000,0.000,0.006,0.013,0.006,0.000,0.000,0.000,0.000,0.000,0.000,0.000,0.013,0.000
2.8045,28,0,move,-1,2.8045,2.8168,0,0.000,0.000,0.176,-0.264,-0.088,0.088,-0.264,-13.008,9.492,0.000,0.000,-0.088,-0.088,0.176,0.000,0.000,0.439,0.176,0.000,0.000,0.000,0.000,0.000,0.000,0.000,-15.570,11.382,0.000,0.000,0.000,0.000,0.000,0.000,0.000,0.000,0.000,0.013,5.6,11.20,30.0,0.000,0.000,0.000,0.000,0.000,0.000,0.006,0.013,0.006,0.000,0.000,0.000,0.000,0.006,0.000,0.000,0.013,0.006
2.9045,29,0,move,-1,2.9045,2.9159,0,0.000,0.000,0.176,-0.264,-0.088,0.088,-0.264,-14.326,10.459,0.000,0.000,-0.088,-0.088,0.176,0.000,0.000,0.439,0.176,0.000,0.000,0.000,0.000,0.000,0.000,0.000,-17.038,12.438,0.000,0.000,0.000,0.000,0.000,0.000,0.000,0.000,0.000,0.013,5.6,11.20,30.0,0.000,0.000,0.000,0.000,0.000,0.000,0.006,0.013,0.006,0.000,0.000,0.000,0.000,0.006,0.000,0.000,0.013,0.006
3.0047,30,0,move,-1,3.0047,3.0167,0,0.000,0.000,0.176,-0.264,-0.088,0.088,-0.264,-15.732,11.514,0.000,0.000,-0.088,-0.088,0.176,0.000,0.000,0.439,0.176,0.000,0.000,0.000,0.000,0.000,0.000,0.000,-18.539,13.514,0.000,0.000,0.000,0.000,0.000,0.000,0.000,0.000,0.000,0.013,5.6,11.20,30.0,0.000,0.000,0.000,0.006,0.000,0.000,0.006,0.013,0.006,0.000,0.000,0.000,0.000,0.006,0.000,0.000,0.013,0.000
3.1045,31,0,move,-1,3.1045,3.1157,0,0.000,0.000,0.176,-0.264,-0.088,0.088,-0.264,-17.139,12.568,0.000,0.000,-0.088,-0.088,0.176,0.000,0.000,0.439,0.176,0.000,0.000,0.000,0.000,0.000,0.000,0.000,-20.068,14.603,0.000,0.000,0.000,0.000,0.000,0.000,0.000,0.000,0.000,0.013,5.6,11.20,30.0,0.000,0.000,0.000,0.006,0.000,0.000,0.006,0.013,0.006,0.000,0.000,0.000,0.000,0.006,0.000,0.000,0.013,0.000
3.2043,32,0,move,-1,3.2043,3.2105,0,0.000,0.000,0.176,-0.264,-0.088,0.088,-0.264,-18.193,13.359,0.000,0.000,-0.088,-0.088,0.176,0.000,0.000,0.439,0.176,0.000,0.000,0.000,0.000,0.000,0.000,0.000,-21.620,15.703,0.000,0.000,0.000,0.000,0.000,0.000,0.000,0.000,0.000,0.019,6.4,11.20,30.0,0.000,0.000,0.000,0.006,0.000,0.000,0.006,0.019,0.006,0.000,0.000,0.000,0.000,0.006,0.000,0.000,0.006,0.000
3.3045,33,0,move,-1,3.3045,3.3154,0,0.000,0.000,0.176,-0.264,-0.088,0.088,-0.264,-20.127,14.766,0.000,0.000,-0.088,-0.088,0.176,0.000,0.000,0.439,0.176,0.000,0.000,0.000,0.000,0.000,0.000,0.000,-23.189,16.807,0.000,0.000,0.000,0.000,0.000,0.000,0.000,0.000,0.000,0.013,6.0,11.20,30.0,0.000,0.000,0.000,0.006,0.000,0.000,0.000,0.013,0.006,0.000,0.000,0.000,0.000,0.006,0.000,0.000,0.006,0.000
3.4045,34,0,move,-1,3.4045,3.4168,0,0.000,0.000,0.176,-0.264,-0.088,0.088,-0.264,-21.709,15.820,0.000,0.000,-0.088,-0.088,0.176,0.000,0.000,0.439,0.176,0.000,0.000,0.000,0.000,0.000,0.000,0.000,-24.769,17.912,0.000,0.000,0.000,0.000,0.000,0.000,0.000,0.000,0.000,0.019,7.6,11.20,30.0,0.000,0.000,0.000,0.000,0.000,0.000,0.006,0.019,0.000,0.000,0.000,0.000,0.000,0.006,0.000,0.000,0.006,0.006
3.5045,35,0,move,-1,3.5045,3.5156,0,0.000,0.000,0.176,-0.264,-0.088,0.088,-0.264,-23.115,16.875,0.000,0.000,-0.088,-0.088,0.176,0.000,0.000,0.439,0.176,0.000,0.000,0.000,0.000,0.000,0.000,0.000,-26.354,19.012,0.000,0.000,0.000,0.000,0.000,0.000,0.000,0.000,0.000,0.019,7.6,11.20,30.0,0.000,0.000,0.000,0.000,0.000,0.000,0.006,0.019,0.000,0.000,0.000,0.000,0.000,0.006,0.000,0.000,0.006,0.006
3.6045,36,0,move,-1,3.6045,3.6164,0,0.000,0.000,0.176,-0.264,-0.088,0.088,-0.264,-24.697,18.018,0.000,0.000,-0.088,-0.088,0.176,0.000,0.000,0.439,0.176,0.000,0.000,0.000,0.000,0.000,0.000,0.000,-27.940,20.103,0.000,0.000,0.000,0.000,0.000,0.000,0.000,0.000,0.000,0.019,6.0,11.20,30.0,0.000,0.000,0.006,0.006,0.000,0.000,0.006,0.019,0.013,0.000,0.000,0.000,0.000,0.000,0.000,0.000,0.006,0.006
3.7114,37,0,move,-1,3.7114,3.7225,0,0.000,0.000,0.176,-0.264,-0.088,0.088,-0.264,-26.104,18.896,0.000,0.000,-0.088,-0.088,0.176,0.000,0.000,0.439,0.176,0.000,0.000,0.000,0.000,0.000,0.000,0.000,-29.519,21.181,0.000,0.000,0.000,0.000,0.000,0.000,0.000,0.000,0.000,0.026,6.8,11.20,30.0,0.000,0.000,0.000,0.006,0.000,0.000,0.006,0.026,0.006,0.000,0.000,0.000,0.000,0.000,0.000,0.000,0.006,0.000
3.8045,38,0,move,-1,3.8045,3.8151,0,0.000,0.000,0.176,-0.264,-0.088,0.088,-0.264,-27.773,20.127,0.000,0.000,-0.088,-0.088,0.176,0.000,0.000,0.439,0.176,0.000,0.000,0.000,0.000,0.000,0.000,0.000,-31.087,22.240,0.000,0.000,0.000,0.000,0.000,0.000,0.000,0.000,0.000,0.026,6.8,11.20,30.0,0.000,0.000,0.000,0.006,0.000,0.000,0.006,0.026,0.006,0.000,0.000,0.000,0.000,0.000,0.000,0.000,0.006,0.000
3.9045,39,0,move,-1,3.9045,3.9162,0,0.000,0.000,0.176,-0.264,-0.088,0.088,-0.264,-29.355,21.270,0.000,0.000,-0.088,-0.088,0.176,0.000,0.000,0.439,0.176,0.000,0.000,0.000,0.000,0.000,0.000,0.000,-32.637,23.276,0.000,0.000,0.000,0.000,0.000,0.000,0.000,0.000,0.000,0.013,6.0,11.20,30.0,0.000,0.000,0.000,0.006,0.000,0.000,0.006,0.013,0.006,0.000,0.000,0.000,0.000,0.006,0.000,0.000,0.013,0.000
4.0045,40,0,move,-1,4.0045,4.0148,0,0.000,0.000,0.176,-0.264,-0.088,0.088,-0.264,-30.938,22.324,0.000,0.000,-0.088,-0.088,0.176,0.000,0.000,0.439,0.176,0.000,0.000,0.000,0.000,0.000,0.000,0.000,-34.162,24.285,0.000,0.000,0.000,0.000,0.000,0.000,0.000,0.000,0.000,0.013,6.0,11.20,30.0,0.000,0.000,0.000,0.006,0.000,0.000,0.006,0.013,0.006,0.000,0.000,0.000,0.000,0.006,0.000,0.000,0.013,0.000
4.1045,41,0,move,-1,4.1045,4.1164,0,0.000,0.000,0.176,-0.264,-0.088,0.088,-0.264,-32.432,23.379,0.000,0.000,-0.088,-0.088,0.176,0.000,0.000,0.439,0.176,0.000,0.000,0.000,0.000,0.000,0.000,0.000,-35.658,25.263,0.000,0.000,0.000,0.000,0.000,0.000,0.000,0.000,0.000,0.013,6.0,11.20,30.0,0.000,0.000,0.000,0.006,0.000,0.000,0.006,0.013,0.006,0.000,0.000,0.000,0.000,0.006,0.000,0.000,0.006,0.006
4.2045,42,0,move,-1,4.2045,4.2161,0,0.000,0.000,0.176,-0.264,-0.088,0.088,-0.264,-34.102,24.346,0.000,0.000,-0.088,-0.088,0.176,0.000,0.000,0.439,0.176,0.000,0.000,0.000,0.000,0.000,0.000,0.000,-37.119,26.207,0.000,0.000,0.000,0.000,0.000,0.000,0.000,0.000,0.000,0.013,6.0,11.20,30.0,0.000,0.000,0.000,0.006,0.000,0.000,0.006,0.013,0.006,0.000,0.000,0.000,0.000,0.006,0.000,0.000,0.006,0.006
4.3045,43,0,move,-1,4.3045,4.3166,0,0.000,0.000,0.176,-0.264,-0.088,0.088,-0.264,-35.596,25.312,0.000,0.000,-0.088,-0.088,0.176,0.000,0.000,0.439,0.176,0.000,0.000,0.000,0.000,0.000,0.000,0.000,-38.538,27.112,0.000,0.000,0.000,0.000,0.000,0.000,0.000,0.000,0.000,0.013,6.4,11.20,30.0,0.000,0.000,0.000,0.006,0.000,0.000,0.006,0.013,0.006,0.000,0.000,0.000,0.000,0.006,0.000,0.000,0.006,0.006
4.4045,44,0,move,-1,4.4045,4.4161,0,0.000,0.000,0.176,-0.264,-0.088,0.088,-0.264,-37.090,26.279,0.000,0.000,-0.088,-0.088,0.176,0.000,0.000,0.439,0.176,0.000,0.000,0.000,0.000,0.000,0.000,0.000,-39.910,27.976,0.000,0.000,0.000,0.000,0.000,0.000,0.000,0.000,0.000,0.013,6.4,11.20,30.0,0.000,0.000,0.000,0.006,0.000,0.000,0.006,0.013,0.006,0.000,0.000,0.000,0.000,0.006,0.000,0.000,0.006,0.006
4.5045,45,0,move,-1,4.5045,4.5166,0,0.000,0.000,0.176,-0.264,-0.088,0.088,-0.264,-38.584,27.246,0.000,0.000,-0.088,-0.088,0.176,0.000,0.000,0.439,0.176,0.000,0.000,0.000,0.000,0.000,0.000,0.000,-41.228,28.795,0.000,0.000,0.000,0.000,0.000,0.000,0.000,0.000,0.000,0.013,6.0,11.20,30.0,0.000,0.000,0.000,0.006,0.000,0.000,0.006,0.013,0.000,0.000,0.000,0.000,0.000,0.006,0.000,0.000,0.006,0.000
4.6046,46,0,move,-1,4.6046,4.6164,0,0.000,0.000,0.176,-0.264,-0.088,0.088,-0.264,-39.990,28.125,0.000,0.000,-0.088,-0.088,0.176,0.000,0.000,0.439,0.176,0.000,0.000,0.000,0.000,0.000,0.000,0.000,-42.487,29.567,0.000,0.000,0.000,0.000,0.000,0.000,0.000,0.000,0.000,0.013,6.0,11.20,30.0,0.000,0.000,0.000,0.006,0.000,0.000,0.006,0.013,0.000,0.000,0.000,0.000,0.000,0.006,0.000,0.000,0.006,0.000
4.7045,47,0,move,-1,4.7045,4.7175,0,0.000,0.000,0.176,-0.264,-0.088,0.088,-0.264,-41.309,28.916,0.000,0.000,-0.088,-0.088,0.176,0.000,0.000,0.439,0.176,0.000,0.000,0.000,0.000,0.000,0.000,0.000,-43.680,30.289,0.000,0.000,0.000,0.000,0.000,0.000,0.000,0.000,0.000,0.019,5.6,11.20,30.0,0.000,0.000,0.006,0.000,0.000,0.000,0.006,0.019,0.000,0.000,0.000,0.000,0.000,0.006,0.000,0.000,0.013,0.006
4.8046,48,0,move,-1,4.8046,4.8155,0,0.000,0.000,0.176,-0.264,-0.088,0.088,-0.264,-42.539,29.619,0.000,0.000,-0.088,-0.088,0.176,0.000,0.000,0.439,0.176,0.000,0.000,0.000,0.000,0.000,0.000,0.000,-44.803,30.959,0.000,0.000,0.000,0.000,0.000,0.000,0.000,0.000,0.000,0.019,5.6,11.20,30.0,0.000,0.000,0.006,0.000,0.000,0.000,0.006,0.019,0.000,0.000,0.000,0.000,0.000,0.006,0.000,0.000,0.013,0.006
4.9043,49,0,move,-1,4.9043,4.9154,0,0.000,0.000,0.176,-0.264,-0.088,0.088,-0.264,-43.770,30.410,0.000,0.000,-0.088,-0.088,0.176,0.000,0.000,0.439,0.176,0.000,0.000,0.000,0.000,0.000,0.000,0.000,-45.851,31.576,0.000,0.000,0.000,0.000,0.000,0.000,0.000,0.000,0.000,0.019,6.8,11.20,30.0,0.000,0.000,0.000,0.006,0.000,0.000,0.000,0.019,0.006,0.000,0.000,0.000,0.000,0.006,0.000,0.000,0.013,0.000
5.0045,50,0,move,-1,5.0045,5.0161,0,0.000,0.000,0.176,-0.264,-0.088,0.088,-0.264,-45.000,31.113,0.000,0.000,-0.088,-0.088,0.176,0.000,0.000,0.439,0.176,0.000,0.000,0.000,0.000,0.000,0.000,0.000,-46.816,32.136,0.000,0.000,0.000,0.000,0.000,0.000,0.000,0.000,0.000,0.026,7.6,11.20,30.0,0.000,0.000,0.000,0.006,0.000,0.000,0.006,0.026,0.000,0.000,0.000,0.000,0.000,0.006,0.000,0.000,0.006,0.006
5.1046,51,0,move,-1,5.1046,5.1155,0,0.000,0.000,0.176,-0.264,-0.088,0.088,-0.264,-46.055,31.641,0.000,0.000,-0.088,-0.088,0.176,0.000,0.000,0.439,0.176,0.000,0.000,0.000,0.000,0.000,0.000,0.000,-47.696,32.641,0.000,0.000,0.000,0.000,0.000,0.000,0.000,0.000,0.000,0.026,7.6,11.20,30.0,0.000,0.000,0.000,0.006,0.000,0.000,0.006,0.026,0.000,0.000,0.000,0.000,0.000,0.006,0.000,0.000,0.006,0.006
5.2045,52,0,move,-1,5.2045,5.2163,0,0.000,0.000,0.176,-0.264,-0.088,0.088,-0.264,-47.021,32.256,0.000,0.000,-0.088,-0.088,0.176,0.000,0.000,0.439,0.176,0.000,0.000,0.000,0.000,0.000,0.000,0.000,-48.483,33.087,0.000,0.000,0.000,0.000,0.000,0.000,0.000,0.000,0.000,0.019,6.8,11.20,30.0,0.000,0.000,0.000,0.000,0.000,0.000,0.000,0.019,0.006,0.000,0.000,0.000,0.000,0.006,0.000,0.000,0.006,0.000
5.3053,53,0,move,-1,5.3053,5.3460,0,0.000,0.000,0.176,-0.264,-0.088,0.088,-0.264,-48.076,32.783,0.000,0.000,-0.088,-0.088,0.176,0.000,0.000,0.439,0.176,0.000,0.000,0.000,0.000,0.000,0.000,0.000,-49.176,33.476,0.000,0.000,0.000,0.000,0.000,0.000,0.000,0.000,0.000,0.019,6.4,11.20,30.0,0.000,0.000,0.000,0.006,0.000,0.000,0.006,0.019,0.006,0.000,0.000,0.000,0.000,0.006,0.000,0.000,0.006,0.006
5.4045,54,0,move,-1,5.4045,5.4162,0,0.000,0.000,0.176,-0.264,-0.088,0.088,-0.264,-48.604,33.135,0.000,0.000,-0.088,-0.088,0.176,0.000,0.000,0.439,0.176,0.000,0.000,0.000,0.000,0.000,0.000,0.000,-49.769,33.806,0.000,0.000,0.000,0.000,0.000,0.000,0.000,0.000,0.000,0.019,6.4,11.20,30.0,0.000,0.000,0.000,0.006,0.000,0.000,0.006,0.019,0.006,0.000,0.000,0.000,0.000,0.006,0.000,0.000,0.006,0.006
5.5045,55,0,move,-1,5.5045,5.5185,0,0.000,0.000,0.176,-0.264,-0.088,0.088,-0.264,-49.307,33.486,0.000,0.000,-0.088,-0.088,0.176,0.000,0.000,0.439,0.176,0.000,0.000,0.000,0.000,0.000,0.000,0.000,-50.260,34.076,0.000,0.000,0.000,0.000,0.000,0.000,0.000,0.000,0.000,0.019,5.6,11.20,30.0,0.000,0.000,0.000,0.000,0.000,0.000,0.006,0.019,0.006,0.000,0.000,0.000,0.000,0.006,0.006,0.000,0.006,0.006
5.6045,56,0,move,-1,5.6045,5.6155,0,0.000,0.000,0.176,-0.264,-0.088,0.088,-0.264,-49.922,33.838,0.000,0.000,-0.088,-0.088,0.176,0.000,0.000,0.439,0.176,0.000,0.000,0.000,0.000,0.000,0.000,0.000,-50.644,34.286,0.000,0.000,0.000,0.000,0.000,0.000,0.000,0.000,0.000,0.019,5.6,11.20,30.0,0.000,0.000,0.000,0.000,0.000,0.000,0.006,0.019,0.006,0.000,0.000,0.000,0.000,0.006,0.006,0.000,0.006,0.006
5.7045,57,0,move,-1,5.7045,5.7201,0,0.000,0.000,0.176,-0.264,-0.088,0.088,-0.264,-50.273,34.014,0.000,0.000,-0.088,-0.088,0.176,0.000,0.000,0.439,0.176,0.000,0.000,0.000,0.000,0.000,0.000,0.000,-50.920,34.437,0.000,0.000,0.000,0.000,0.000,0.000,0.000,0.000,0.000,0.013,3.2,11.20,30.0,0.000,0.000,0.000,0.006,0.000,0.000,0.000,0.013,0.006,0.000,0.000,0.000,0.000,0.006,0.000,0.000,0.006,0.000
5.8044,58,0,move,-1,5.8044,5.8450,0,0.000,0.000,0.176,-0.264,-0.088,0.088,-0.264,-50.625,34.277,0.000,0.000,-0.088,-0.088,0.176,0.000,0.000,0.439,0.176,0.000,0.000,0.000,0.000,0.000,0.000,0.000,-51.087,34.527,0.000,0.000,0.000,0.000,0.000,0.000,0.000,0.000,0.000,0.006,3.2,11.30,32.0,0.000,0.000,0.000,0.006,0.000,0.000,0.000,0.006,0.000,0.000,0.000,0.000,0.000,0.006,0.000,0.000,0.006,0.000
5.9043,59,0,move,-1,5.9043,5.9152,0,0.000,0.000,0.176,-0.264,-0.088,0.088,-0.264,-50.625,34.277,0.000,0.000,-0.088,-0.088,0.176,0.000,0.000,0.439,0.176,0.000,0.000,0.000,0.000,0.000,0.000,0.000,-51.143,34.557,0.000,0.000,0.000,0.000,0.000,0.000,0.000,0.000,0.000,0.006,3.2,11.30,32.0,0.000,0.000,0.000,0.006,0.000,0.000,0.000,0.006,0.000,0.000,0.000,0.000,0.000,0.006,0.000,0.000,0.006,0.000
6.0043,60,0,move,-1,6.0043,6.0160,0,0.000,0.000,0.176,-0.264,-0.088,0.088,-0.264,-50.801,34.277,0.000,0.000,-0.088,-0.088,0.176,0.000,0.000,0.439,0.176,0.000,0.000,0.000,0.000,0.000,0.000,0.000,-51.143,34.557,0.000,0.000,0.000,0.000,0.000,0.000,0.000,0.000,0.000,0.019,5.6,11.20,30.0,0.000,0.000,0.000,0.006,0.000,0.000,0.000,0.019,0.006,0.000,0.000,0.000,0.000,0.006,0.000,0.000,0.006,0.006
6.1045,61,0,move,-1,6.1045,6.1150,0,0.000,0.000,0.176,-0.264,-0.088,0.088,-0.264,-50.801,34.277,0.000,0.000,-0.088,-0.088,0.176,0.000,0.000,0.439,0.176,0.000,0.000,0.000,0.000,0.000,0.000,0.000,-51.143,34.557,0.000,0.000,0.000,0.000,0.000,0.000,0.000,0.000,0.000,0.019,5.6,11.20,30.0,0.000,0.000,0.000,0.006,0.000,0.000,0.000,0.019,0.006,0.000,0.000,0.000,0.000,0.006,0.000,0.000,0.006,0.006
6.2045,62,0,move,-1,6.2045,6.2143,0,0.000,0.000,0.176,-0.264,-0.088,0.088,-0.264,-50.801,34.277,0.000,0.000,-0.088,-0.088,0.176,0.000,0.000,0.439,0.176,0.000,0.000,0.000,0.000,0.000,0.000,0.000,-51.143,34.557,0.000,0.000,0.000,0.000,0.000,0.000,0.000,0.000,0.000,0.013,4.0,11.20,30.0,0.000,0.000,0.000,0.006,0.000,0.000,0.000,0.013,0.000,0.000,0.000,0.000,0.000,0.006,0.000,0.000,0.013,0.006
6.3045,63,0,move,-1,6.3045,6.3165,0,0.000,0.000,0.176,-0.264,-0.088,0.088,-0.264,-50.801,34.277,0.000,0.000,-0.088,-0.088,0.176,0.000,0.000,0.439,0.176,0.000,0.000,0.000,0.000,0.000,0.000,0.000,-51.143,34.557,0.000,0.000,0.000,0.000,0.000,0.000,0.000,0.000,0.000,0.013,4.0,11.20,30.0,0.000,0.000,0.000,0.000,0.000,0.000,0.006,0.013,0.006,0.000,0.000,0.000,0.000,0.006,0.000,0.000,0.006,0.000
6.4045,64,0,move,-1,6.4045,6.4152,0,0.000,0.000,0.176,-0.264,-0.088,0.088,-0.264,-50.801,34.277,0.000,0.000,-0.088,-0.088,0.176,0.000,0.000,0.439,0.176,0.000,0.000,0.000,0.000,0.000,0.000,0.000,-51.143,34.557,0.000,0.000,0.000,0.000,0.000,0.000,0.000,0.000,0.000,0.013,4.0,11.20,30.0,0.000,0.000,0.000,0.000,0.000,0.000,0.006,0.013,0.006,0.000,0.000,0.000,0.000,0.006,0.000,0.000,0.006,0.000
6.5045,65,0,move,-1,6.5045,6.5163,0,0.000,0.000,0.176,-0.264,-0.088,0.088,-0.264,-50.801,34.277,0.000,0.000,-0.088,-0.088,0.176,0.000,0.000,0.439,0.176,0.000,0.000,0.000,0.000,0.000,0.000,0.000,-51.143,34.557,0.000,0.000,0.000,0.000,0.000,0.000,0.000,0.000,0.000,0.013,4.0,11.20,30.0,0.000,0.000,0.000,0.006,0.000,0.000,0.006,0.013,0.006,0.000,0.000,0.000,0.000,0.006,0.000,0.000,0.006,0.006
6.6045,66,0,move,-1,6.6045,6.6191,0,0.000,0.000,0.176,-0.264,-0.088,0.088,-0.264,-50.801,34.277,0.000,0.000,-0.088,-0.088,0.176,0.000,0.000,0.439,0.176,0.000,0.000,0.000,0.000,0.000,0.000,0.000,-51.143,34.557,0.000,0.000,0.000,0.000,0.000,0.000,0.000,0.000,0.000,0.019,4.0,11.20,30.0,0.000,0.000,0.000,0.000,0.000,0.000,0.006,0.019,0.000,0.000,0.000,0.000,0.000,0.006,0.000,0.000,0.006,0.006
6.7045,67,0,move,-1,6.7045,6.7108,0,0.000,0.000,0.176,-0.264,-0.088,0.088,-0.264,-50.801,34.277,0.000,0.000,-0.088,-0.088,0.176,0.000,0.000,0.439,0.176,0.000,0.000,0.000,0.000,0.000,0.000,0.000,-51.143,34.557,0.000,0.000,0.000,0.000,0.000,0.000,0.000,0.000,0.000,0.019,4.0,11.20,30.0,0.000,0.000,0.000,0.000,0.000,0.000,0.006,0.019,0.000,0.000,0.000,0.000,0.000,0.006,0.000,0.000,0.006,0.006
6.8044,68,0,move,-1,6.8044,6.8107,0,0.000,0.000,0.176,-0.264,-0.088,0.088,-0.264,-50.801,34.277,0.000,0.000,-0.088,-0.088,0.176,0.000,0.000,0.439,0.176,0.000,0.000,0.000,0.000,0.000,0.000,0.000,-51.143,34.557,0.000,0.000,0.000,0.000,0.000,0.000,0.000,0.000,0.000,0.013,4.0,11.20,30.0,0.000,0.000,0.000,0.006,0.000,0.000,0.006,0.013,0.006,0.000,0.000,0.000,0.000,0.000,0.000,0.000,0.006,0.000
6.9043,69,0,move,-1,6.9043,6.9159,0,0.000,0.000,0.176,-0.264,-0.088,0.088,-0.264,-50.801,34.277,0.000,0.000,-0.088,-0.088,0.176,0.000,0.000,0.439,0.176,0.000,0.000,0.000,0.000,0.000,0.000,0.000,-51.143,34.557,0.000,0.000,0.000,0.000,0.000,0.000,0.000,0.000,0.000,0.013,4.0,11.20,30.0,0.000,0.000,0.000,0.006,0.000,0.000,0.006,0.013,0.006,0.000,0.000,0.000,0.000,0.006,0.000,0.000,0.013,0.006
7.0045,70,0,move,-1,7.0045,7.0148,0,0.000,0.000,0.176,-0.264,-0.088,0.088,-0.264,-50.801,34.277,0.000,0.000,-0.088,-0.088,0.176,0.000,0.000,0.439,0.176,0.000,0.000,0.000,0.000,0.000,0.000,0.000,-51.143,34.557,0.000,0.000,0.000,0.000,0.000,0.000,0.000,0.000,0.000,0.013,4.0,11.20,30.0,0.000,0.000,0.000,0.006,0.000,0.000,0.006,0.013,0.006,0.000,0.000,0.000,0.000,0.006,0.000,0.000,0.013,0.006
7.1045,71,0,move,-1,7.1045,7.1165,0,0.000,0.000,0.176,-0.264,-0.088,0.088,-0.264,-50.801,34.277,0.000,0.000,-0.088,-0.088,0.176,0.000,0.000,0.439,0.176,0.000,0.000,0.000,0.000,0.000,0.000,0.000,-51.143,34.557,0.000,0.000,0.000,0.000,0.000,0.000,0.000,0.000,0.000,0.013,4.0,11.20,30.0,0.000,0.000,0.000,0.000,0.000,0.000,0.006,0.013,0.006,0.000,0.000,0.000,0.000,0.006,0.000,0.000,0.006,0.000
7.2045,72,0,move,-1,7.2045,7.2154,0,0.000,0.000,0.176,-0.264,-0.088,0.088,-0.264,-50.801,34.277,0.000,0.000,-0.088,-0.088,0.176,0.000,0.000,0.439,0.176,0.000,0.000,0.000,0.000,0.000,0.000,0.000,-51.143,34.557,0.000,0.000,0.000,0.000,0.000,0.000,0.000,0.000,0.000,0.013,4.0,11.20,30.0,0.000,0.000,0.000,0.000,0.000,0.000,0.006,0.013,0.006,0.000,0.000,0.000,0.000,0.006,0.000,0.000,0.006,0.000
7.3045,73,0,move,-1,7.3045,7.3166,0,0.000,0.000,0.176,-0.264,-0.088,0.088,-0.264,-50.801,34.277,0.000,0.000,-0.088,-0.088,0.176,0.000,0.000,0.439,0.176,0.000,0.000,0.000,0.000,0.000,0.000,0.000,-51.143,34.557,0.000,0.000,0.000,0.000,0.000,0.000,0.000,0.000,0.000,0.013,4.0,11.20,30.0,0.000,0.000,0.000,0.006,0.000,0.000,0.000,0.013,0.000,0.000,0.000,0.000,0.000,0.006,0.000,0.000,0.013,0.006
7.4090,74,0,move,-1,7.4090,7.4199,0,0.000,0.000,0.176,-0.264,-0.088,0.088,-0.264,-50.801,34.277,0.000,0.000,-0.088,-0.088,0.176,0.000,0.000,0.439,0.176,0.000,0.000,0.000,0.000,0.000,0.000,0.000,-51.143,34.557,0.000,0.000,0.000,0.000,0.000,0.000,0.000,0.000,0.000,0.019,4.0,11.20,30.0,0.000,0.000,0.006,0.000,0.000,0.000,0.006,0.019,0.000,0.000,0.000,0.000,0.000,0.006,0.000,0.000,0.013,0.006
7.5045,75,0,move,-1,7.5045,7.5147,0,0.000,0.000,0.176,-0.264,-0.088,0.088,-0.264,-50.801,34.277,0.000,0.000,-0.088,-0.088,0.176,0.000,0.000,0.439,0.176,0.000,0.000,0.000,0.000,0.000,0.000,0.000,-51.143,34.557,0.000,0.000,0.000,0.000,0.000,0.000,0.000,0.000,0.000,0.019,4.0,11.20,30.0,0.000,0.000,0.006,0.000,0.000,0.000,0.006,0.019,0.000,0.000,0.000,0.000,0.000,0.006,0.000,0.000,0.013,0.006
7.6045,76,0,move,-1,7.6045,7.6158,0,0.000,0.000,0.176,-0.264,-0.088,0.088,-0.264,-50.801,34.277,0.000,0.000,-0.088,-0.088,0.176,0.000,0.000,0.439,0.176,0.000,0.000,0.000,0.000,0.000,0.000,0.000,-51.143,34.557,0.000,0.000,0.000,0.000,0.000,0.000,0.000,0.000,0.000,0.013,4.0,11.20,30.0,0.000,0.000,0.006,0.006,0.000,0.000,0.006,0.013,0.006,0.000,0.000,0.000,0.000,0.006,0.000,0.000,0.006,0.006
7.7045,77,0,move,-1,7.7045,7.7168,0,0.000,0.000,0.176,-0.264,-0.088,0.088,-0.264,-50.801,34.277,0.000,0.000,-0.088,-0.088,0.176,0.000,0.000,0.439,0.176,0.000,0.000,0.000,0.000,0.000,0.000,0.000,-51.143,34.557,0.000,0.000,0.000,0.000,0.000,0.000,0.000,0.000,0.000,0.019,4.0,11.20,30.0,0.000,0.000,0.006,0.006,0.000,0.000,0.006,0.019,0.000,0.000,0.000,0.000,0.000,0.006,0.000,0.000,0.006,0.000
7.8045,78,0,move,-1,7.8045,7.8151,0,0.000,0.000,0.176,-0.264,-0.088,0.088,-0.264,-50.801,34.277,0.000,0.000,-0.088,-0.088,0.176,0.000,0.000,0.439,0.176,0.000,0.000,0.000,0.000,0.000,0.000,0.000,-51.143,34.557,0.000,0.000,0.000,0.000,0.000,0.000,0.000,0.000,0.000,0.019,4.0,11.20,30.0,0.000,0.000,0.006,0.006,0.000,0.000,0.006,0.019,0.000,0.000,0.000,0.000,0.000,0.006,0.000,0.000,0.006,0.000
7.9045,79,0,move,-1,7.9045,7.9259,0,0.000,0.000,0.176,-0.264,-0.088,0.088,-0.264,-50.801,34.277,0.000,0.000,-0.088,-0.088,0.176,0.000,0.000,0.439,0.176,0.000,0.000,0.000,0.000,0.000,0.000,0.000,-51.143,34.557,0.000,0.000,0.000,0.000,0.000,0.000,0.000,0.000,0.000,0.013,4.0,11.20,30.0,0.000,0.000,0.006,0.006,0.000,0.000,0.006,0.013,0.006,0.000,0.000,0.000,0.000,0.006,0.000,0.000,0.013,0.000
8.0045,80,0,move,-1,8.0045,8.0149,0,0.000,0.000,0.176,-0.264,-0.088,0.088,-0.264,-50.801,34.277,0.000,0.000,-0.088,-0.088,0.176,0.000,0.000,0.439,0.176,0.000,0.000,0.000,0.000,0.000,0.000,0.000,-51.143,34.557,0.000,0.000,0.000,0.000,0.000,0.000,0.000,0.000,0.000,0.013,4.0,11.20,30.0,0.000,0.000,0.006,0.006,0.000,0.000,0.006,0.013,0.006,0.000,0.000,0.000,0.000,0.006,0.000,0.000,0.013,0.000
8.1044,81,0,move,-1,8.1044,8.1105,0,0.000,0.000,0.176,-0.264,-0.088,0.088,-0.264,-50.801,34.277,0.000,0.000,-0.088,-0.088,0.176,0.000,0.000,0.439,0.176,0.000,0.000,0.000,0.000,0.000,0.000,0.000,-51.143,34.557,0.000,0.000,0.000,0.000,0.000,0.000,0.000,0.000,0.000,0.013,4.0,11.20,30.0,0.000,,0.006,0.000,0.000,0.000,0.006,0.013,0.006,0.000,0.000,0.000,0.000,0.006,0.000,0.000,0.013,0.000
8.2045,82,0,move,-1,8.2045,8.2161,0,0.000,0.000,0.176,-0.264,-0.088,0.088,-0.264,-50.801,34.277,0.000,0.000,-0.088,-0.088,0.176,0.000,0.000,0.439,0.176,0.000,0.000,0.000,0.000,0.000,0.000,0.000,-51.143,34.557,0.000,0.000,0.000,0.000,0.000,0.000,0.000,0.000,0.000,0.013,4.0,11.20,30.0,0.000,0.000,0.000,0.006,0.000,0.000,0.006,0.013,0.000,0.000,0.000,0.000,0.000,0.006,0.000,0.000,0.006,0.000
8.3045,83,0,move,-1,8.3045,8.3178,0,0.000,0.000,0.176,-0.264,-0.088,0.088,-0.264,-50.801,34.277,0.000,0.000,-0.088,-0.088,0.176,0.000,0.000,0.439,0.176,0.000,0.000,0.000,0.000,0.000,0.000,0.000,-51.143,34.557,0.000,0.000,0.000,0.000,0.000,0.000,0.000,0.000,0.000,0.013,4.0,11.20,30.0,0.000,0.000,0.000,0.000,0.000,0.000,0.006,0.013,0.006,0.000,0.000,0.000,0.000,0.006,0.000,0.000,0.006,0.000
8.4045,84,0,move,-1,8.4045,8.4254,0,0.000,0.000,0.176,-0.264,-0.088,0.088,-0.264,-50.801,34.277,0.000,0.000,-0.088,-0.088,0.176,0.000,0.000,0.439,0.176,0.000,0.000,0.000,0.000,0.000,0.000,0.000,-51.143,34.557,0.000,0.000,0.000,0.000,0.000,0.000,0.000,0.000,0.000,0.019,4.0,11.20,30.0,0.000,0.000,0.000,0.006,0.000,0.000,0.000,0.019,0.000,0.000,0.000,0.000,0.000,0.000,0.000,0.000,0.006,0.006
8.5043,85,0,move,-1,8.5043,8.5149,0,0.000,0.000,0.176,-0.264,-0.088,0.088,-0.264,-50.801,34.277,0.000,0.000,-0.088,-0.088,0.176,0.000,0.000,0.439,0.176,0.000,0.000,0.000,0.000,0.000,0.000,0.000,-51.143,34.557,0.000,0.000,0.000,0.000,0.000,0.000,0.000,0.000,0.000,0.019,4.0,11.20,30.0,0.000,0.000,0.000,0.006,0.000,0.000,0.000,0.019,0.000,0.000,0.000,0.000,0.000,0.000,0.000,0.000,0.006,0.006
8.6043,86,0,move,-1,8.6043,8.6100,0,0.000,0.000,0.176,-0.264,-0.088,0.088,-0.264,-50.801,34.277,0.000,0.000,-0.088,-0.088,0.176,0.000,0.000,0.439,0.176,0.000,0.000,0.000,0.000,0.000,0.000,0.000,-51.143,34.557,0.000,0.000,0.000,0.000,0.000,0.000,0.000,0.000,0.000,0.013,4.0,11.20,30.0,0.000,0.000,0.006,0.006,0.000,0.000,0.000,0.013,0.006,0.000,0.000,0.000,0.000,0.006,0.000,0.000,0.013,0.000
8.7043,87,0,move,-1,8.7043,8.7167,0,0.000,0.000,0.176,-0.264,-0.088,0.088,-0.264,-50.801,34.277,0.000,0.000,-0.088,-0.088,0.176,0.000,0.000,0.439,0.176,0.000,0.000,0.000,0.000,0.000,0.000,0.000,-51.143,34.557,0.000,0.000,0.000,0.000,0.000,0.000,0.000,0.000,0.000,0.013,4.0,11.20,30.0,0.000,0.000,0.000,0.000,0.000,0.000,0.000,0.013,0.006,0.000,0.000,0.000,0.000,0.006,0.000,0.000,0.006,0.000
8.8045,88,0,move,-1,8.8045,8.8154,0,0.000,0.000,0.176,-0.264,-0.088,0.088,-0.264,-50.801,34.277,0.000,0.000,-0.088,-0.088,0.176,0.000,0.000,0.439,0.176,0.000,0.000,0.000,0.000,0.000,0.000,0.000,-51.143,34.557,0.000,0.000,0.000,0.000,0.000,0.000,0.000,0.000,0.000,0.013,4.0,11.20,30.0,0.000,0.000,0.000,0.000,0.000,0.000,0.000,0.013,0.006,0.000,0.000,0.000,0.000,0.006,0.000,0.000,0.006,0.000
8.9045,89,0,move,-1,8.9045,8.9256,0,0.000,0.000,0.176,-0.264,-0.088,0.088,-0.264,-50.801,34.277,0.000,0.000,-0.088,-0.088,0.176,0.000,0.000,0.439,0.176,0.000,0.000,0.000,0.000,0.000,0.000,0.000,-51.143,34.557,0.000,0.000,0.000,0.000,0.000,0.000,0.000,0.000,0.000,0.013,4.0,11.20,30.0,0.000,0.000,0.000,0.006,0.000,0.000,0.006,0.013,0.006,0.000,0.000,0.000,0.000,0.006,0.000,0.000,0.006,0.006
9.0043,90,0,move,-1,9.0043,9.0140,0,0.000,0.000,0.176,-0.264,-0.088,0.088,-0.264,-50.801,34.277,0.000,0.000,-0.088,-0.088,0.176,0.000,0.000,0.439,0.176,0.000,0.000,0.000,0.000,0.000,0.000,0.000,-51.143,34.557,0.000,0.000,0.000,0.000,0.000,0.000,0.000,0.000,0.000,0.013,4.0,11.20,30.0,0.000,0.000,0.000,0.006,0.000,0.000,0.006,0.013,0.006,0.000,0.000,0.000,0.000,0.006,0.000,0.000,0.006,0.006
9.1045,91,0,move,-1,9.1045,9.1164,0,0.000,0.000,0.176,-0.264,-0.088,0.088,-0.264,-50.801,34.277,0.000,0.000,-0.088,-0.088,0.176,0.000,0.000,0.439,0.176,0.000,0.000,0.000,0.000,0.000,0.000,0.000,-51.143,34.557,0.000,0.000,0.000,0.000,0.000,0.000,0.000,0.000,0.000,0.013,4.0,11.20,30.0,0.000,0.000,0.000,0.000,0.000,0.000,0.000,0.013,0.000,0.000,0.000,0.000,0.000,0.006,0.000,0.000,0.006,0.000
9.2045,92,0,move,-1,9.2045,9.2150,0,0.000,0.000,0.176,-0.264,-0.088,0.088,-0.264,-50.801,34.277,0.000,0.000,-0.088,-0.088,0.176,0.000,0.000,0.439,0.176,0.000,0.000,0.000,0.000,0.000,0.000,0.000,-51.143,34.557,0.000,0.000,0.000,0.000,0.000,0.000,0.000,0.000,0.000,0.013,4.0,11.20,30.0,0.000,0.000,0.000,0.000,0.000,0.000,0.000,0.013,0.000,0.000,0.000,0.000,0.000,0.006,0.000,0.000,0.006,0.000
9.3045,93,0,move,-1,9.3045,9.3161,0,0.000,0.000,0.176,-0.264,-0.088,0.088,-0.264,-50.801,34.277,0.000,0.000,-0.088,-0.088,0.176,0.000,0.000,0.439,0.176,0.000,0.000,0.000,0.000,0.000,0.000,0.000,-51.143,34.557,0.000,0.000,0.000,0.000,0.000,0.000,0.000,0.000,0.000,0.013,4.0,11.20,30.0,0.000,0.000,0.000,0.006,0.000,0.000,0.000,0.013,0.006,0.000,0.000,0.000,0.000,0.006,0.000,0.000,0.006,0.006
9.4045,94,0,move,-1,9.4045,9.4147,0,0.000,0.000,0.176,-0.264,-0.088,0.088,-0.264,-50.801,34.277,0.000,0.000,-0.088,-0.088,0.176,0.000,0.000,0.439,0.176,0.000,0.000,0.000,0.000,0.000,0.000,0.000,-51.143,34.557,0.000,0.000,0.000,0.000,0.000,0.000,0.000,0.000,0.000,0.013,4.0,11.20,30.0,0.000,0.000,0.000,0.006,0.000,0.000,0.000,0.013,0.006,0.000,0.000,0.000,0.000,0.006,0.000,0.000,0.006,0.006
9.5045,95,0,move,-1,9.5045,9.5155,0,0.000,0.000,0.176,-0.264,-0.088,0.088,-0.264,-50.801,34.277,0.000,0.000,-0.088,-0.088,0.176,0.000,0.000,0.439,0.176,0.000,0.000,0.000,0.000,0.000,0.000,0.000,-51.143,34.557,0.000,0.000,0.000,0.000,0.000,0.000,0.000,0.000,0.000,0.013,4.0,11.20,30.0,0.000,0.000,0.000,0.006,0.000,0.000,0.006,0.013,0.000,0.000,0.000,0.000,0.000,0.006,0.000,0.000,0.006,0.000
9.6043,96,0,move,-1,9.6043,9.6161,0,0.000,0.000,0.176,-0.264,-0.088,0.088,-0.264,-50.801,34.277,0.000,0.000,-0.088,-0.088,0.176,0.000,0.000,0.439,0.176,0.000,0.000,0.000,0.000,0.000,0.000,0.000,-51.143,34.557,0.000,0.000,0.000,0.000,0.000,0.000,0.000,0.000,0.000,0.013,4.0,11.20,30.0,0.000,0.000,0.000,0.006,0.000,0.000,0.000,0.013,0.006,0.000,0.000,0.000,0.000,0.006,0.000,0.000,0.006,0.000
9.7045,97,0,move,-1,9.7045,9.7143,0,0.000,0.000,0.176,-0.264,-0.088,0.088,-0.264,-50.801,34.277,0.000,0.000,-0.088,-0.088,0.176,0.000,0.000,0.439,0.176,0.000,0.000,0.000,0.000,0.000,0.000,0.000,-51.143,34.557,0.000,0.000,0.000,0.000,0.000,0.000,0.000,0.000,0.000,0.013,4.0,11.20,30.0,0.000,0.000,0.000,0.006,0.000,0.000,0.000,0.013,0.006,0.000,0.000,0.000,0.000,0.006,0.000,0.000,0.006,0.000
9.8045,98,0,move,-1,9.8045,9.8158,0,0.000,0.000,0.176,-0.264,-0.088,0.088,-0.264,-50.801,34.277,0.000,0.000,-0.088,-0.088,0.176,0.000,0.000,0.439,0.176,0.000,0.000,0.000,0.000,0.000,0.000,0.000,-51.143,34.557,0.000,0.000,0.000,0.000,0.000,0.000,0.000,0.000,0.000,0.013,4.0,11.20,30.0,0.000,0.000,0.000,0.006,0.000,0.000,0.006,0.013,0.006,0.000,0.000,0.000,0.000,0.006,0.000,0.000,0.006,0.000
9.9045,99,0,move,-1,9.9045,9.9179,0,0.000,0.000,0.176,-0.264,-0.088,0.088,-0.264,-50.801,34.277,0.000,0.000,-0.088,-0.088,0.176,0.000,0.000,0.439,0.176,0.000,0.000,0.000,0.000,0.000,0.000,0.000,-51.143,34.557,0.000,0.000,0.000,0.000,0.000,0.000,0.000,0.000,0.000,0.013,4.0,11.20,30.0,0.000,0.000,0.000,0.000,0.000,0.000,0.000,0.013,0.000,0.000,0.000,0.000,0.000,0.006,0.000,0.000,0.006,0.000
10.0045,100,0,move,-1,10.0045,10.0164,0,0.000,0.000,0.176,-0.264,-0.088,0.088,-0.264,-50.801,34.277,0.000,0.000,-0.088,-0.088,0.176,0.000,0.000,0.439,0.176,0.000,0.000,0.000,0.000,0.000,0.000,0.000,-51.143,34.557,0.000,0.000,0.000,0.000,0.000,0.000,0.000,0.000,0.000,0.013,4.0,11.20,30.0,0.000,0.000,0.000,0.000,0.000,0.000,0.000,0.013,0.000,0.000,0.000,0.000,0.000,0.006,0.000,0.000,0.006,0.000
10.1061,101,0,move,-1,10.1061,10.1130,0,0.000,0.000,0.176,-0.264,-0.088,0.088,-0.264,-50.801,34.277,0.000,0.000,-0.088,-0.088,0.176,0.000,0.000,0.439,0.176,0.000,0.000,0.000,0.000,0.000,0.000,0.000,-51.143,34.557,0.000,0.000,0.000,0.000,0.000,0.000,0.000,0.000,0.000,0.013,4.0,11.20,30.0,0.000,0.000,0.000,0.006,0.000,0.000,0.006,0.013,0.006,0.000,0.000,0.000,0.000,0.006,0.000,0.000,0.013,0.000
10.2045,102,0,move,-1,10.2045,10.2168,0,0.000,0.000,0.176,-0.264,-0.088,0.088,-0.264,-50.801,34.277,0.000,0.000,-0.088,-0.088,0.176,0.000,0.000,0.439,0.176,0.000,0.000,0.000,0.000,0.000,0.000,0.000,-51.143,34.557,0.000,0.000,0.000,0.000,0.000,0.000,0.000,0.000,0.000,0.013,4.0,11.20,30.0,0.000,0.000,0.000,0.000,0.000,0.000,0.006,0.013,0.006,0.000,0.000,0.000,0.000,0.006,0.000,0.000,0.006,0.006
10.3043,103,0,move,-1,10.3043,10.3196,0,0.000,0.000,0.176,-0.264,-0.088,0.088,-0.264,-50.801,34.277,0.000,0.000,-0.088,-0.088,0.176,0.000,0.000,0.439,0.176,0.000,0.000,0.000,0.000,0.000,0.000,0.000,-51.143,34.557,0.000,0.000,0.000,0.000,0.000,0.000,0.000,0.000,0.000,0.013,4.0,11.20,30.0,0.000,0.000,0.000,0.006,0.000,0.000,0.006,0.013,0.006,0.000,0.000,0.000,0.000,0.006,0.000,0.000,0.013,0.006
10.4045,104,0,move,-1,10.4045,10.4175,0,0.000,0.000,0.176,-0.264,-0.088,0.088,-0.264,-50.801,34.277,0.000,0.000,-0.088,-0.088,0.176,0.000,0.000,0.439,0.176,0.000,0.000,0.000,0.000,0.000,0.000,0.000,-51.143,34.557,0.000,0.000,0.000,0.000,0.000,0.000,0.000,0.000,0.000,0.013,4.0,11.20,30.0,0.000,0.000,0.000,0.006,0.000,0.000,0.006,0.013,0.006,0.000,0.000,0.000,0.000,0.006,0.000,0.000,0.013,0.006
10.5045,105,0,move,-1,10.5045,10.5185,0,0.000,0.000,0.176,-0.264,-0.088,0.088,-0.264,-50.801,34.277,0.000,0.000,-0.088,-0.088,0.176,0.000,0.000,0.439,0.176,0.000,0.000,0.000,0.000,0.000,0.000,0.000,-51.143,34.557,0.000,0.000,0.000,0.000,0.000,0.000,0.000,0.000,0.000,0.013,4.0,11.20,30.0,0.000,0.000,0.000,0.000,0.000,0.000,0.006,0.013,0.000,0.000,0.000,0.000,0.000,0.006,0.000,0.000,0.013,0.000
10.6045,106,0,move,-1,10.6045,10.6155,0,0.000,0.000,0.176,-0.264,-0.088,0.088,-0.264,-50.801,34.277,0.000,0.000,-0.088,-0.088,0.176,0.000,0.000,0.439,0.176,0.000,0.000,0.000,0.000,0.000,0.000,0.000,-51.143,34.557,0.000,0.000,0.000,0.000,0.000,0.000,0.000,0.000,0.000,0.013,4.0,11.20,30.0,0.000,0.000,0.000,0.000,0.000,0.000,0.006,0.013,0.000,0.000,0.000,0.000,0.000,0.006,0.000,0.000,0.013,0.000
10.7045,107,0,move,-1,10.7045,10.7147,0,0.000,0.000,0.176,-0.264,-0.088,0.088,-0.264,-50.801,34.277,0.000,0.000,-0.088,-0.088,0.176,0.000,0.000,0.439,0.176,0.000,0.000,0.000,0.000,0.000,0.000,0.000,-51.143,34.557,0.000,0.000,0.000,0.000,0.000,0.000,0.000,0.000,0.000,0.013,4.0,11.20,30.0,0.000,0.000,0.000,0.006,0.000,0.000,0.006,0.013,0.006,0.000,0.000,0.000,0.000,0.006,0.000,0.000,0.013,0.006
10.8045,108,0,move,-1,10.8045,10.8164,0,0.000,0.000,0.176,-0.264,-0.088,0.088,-0.264,-50.801,34.277,0.000,0.000,-0.088,-0.088,0.176,0.000,0.000,0.439,0.176,0.000,0.000,0.000,0.000,0.000,0.000,0.000,-51.143,34.557,0.000,0.000,0.000,0.000,0.000,0.000,0.000,0.000,0.000,0.013,4.0,11.20,30.0,0.000,0.000,0.000,0.000,0.000,0.000,0.006,0.013,0.000,0.000,0.000,0.000,0.000,0.006,0.000,0.000,0.006,0.000
10.9045,109,0,move,-1,10.9045,10.9166,0,0.000,0.000,0.176,-0.264,-0.088,0.088,-0.264,-50.801,34.277,0.000,0.000,-0.088,-0.088,0.176,0.000,0.000,0.439,0.176,0.000,0.000,0.000,0.000,0.000,0.000,0.000,-51.143,34.557,0.000,0.000,0.000,0.000,0.000,0.000,0.000,0.000,0.000,0.013,4.0,11.20,30.0,0.000,0.000,0.000,0.006,0.000,0.000,0.006,0.013,0.000,0.000,0.000,0.000,0.000,0.006,0.000,0.000,0.006,0.000
11.0045,110,0,move,-1,11.0045,11.0159,0,0.000,0.000,0.176,-0.264,-0.088,0.088,-0.264,-50.801,34.277,0.000,0.000,-0.088,-0.088,0.176,0.000,0.000,0.439,0.176,0.000,0.000,0.000,0.000,0.000,0.000,0.000,-51.143,34.557,0.000,0.000,0.000,0.000,0.000,0.000,0.000,0.000,0.000,0.013,4.0,11.20,30.0,0.000,0.000,0.000,0.006,0.000,0.000,0.006,0.013,0.000,0.000,0.000,0.000,0.000,0.006,0.000,0.000,0.006,0.000
11.1045,111,0,move,-1,11.1045,11.1117,0,0.000,0.000,0.176,-0.264,-0.088,0.088,-0.264,-50.801,34.277,0.000,0.000,-0.088,-0.088,0.176,0.000,0.000,0.439,0.176,0.000,0.000,0.000,0.000,0.000,0.000,0.000,-51.143,34.557,0.000,0.000,0.000,0.000,0.000,0.000,0.000,0.000,0.000,0.013,4.0,11.20,30.0,0.000,0.000,0.006,0.006,0.000,0.000,0.006,0.013,0.006,0.000,0.000,0.000,0.000,0.006,0.000,0.000,0.006,0.006
11.2143,112,0,move,-1,11.2143,11.2258,0,0.000,0.000,0.176,-0.264,-0.088,0.088,-0.264,-50.801,34.277,0.000,0.000,-0.088,-0.088,0.176,0.000,0.000,0.439,0.176,0.000,0.000,0.000,0.000,0.000,0.000,0.000,-51.143,34.557,0.000,0.000,0.000,0.000,0.000,0.000,0.000,0.000,0.000,0.013,4.0,11.20,30.0,0.000,0.000,0.006,0.006,0.000,0.000,0.000,0.013,0.000,0.000,0.000,0.000,0.000,0.006,0.000,0.000,0.013,0.000
11.3046,113,0,move,-1,11.3046,11.3154,0,0.000,0.000,0.176,-0.264,-0.088,0.088,-0.264,-50.801,34.277,0.000,0.000,-0.088,-0.088,0.176,0.000,0.000,0.439,0.176,0.000,0.000,0.000,0.000,0.000,0.000,0.000,-51.143,34.557,0.000,0.000,0.000,0.000,0.000,0.000,0.000,0.000,0.000,0.013,4.0,11.20,30.0,0.000,0.000,0.006,0.006,0.000,0.000,0.000,0.013,0.000,0.000,0.000,0.000,0.000,0.006,0.000,0.000,0.013,0.000
11.4045,114,0,move,-1,11.4045,11.4171,0,0.000,0.000,0.176,-0.264,-0.088,0.088,-0.264,-50.801,34.277,0.000,0.000,-0.088,-0.088,0.176,0.000,0.000,0.439,0.176,0.000,0.000,0.000,0.000,0.000,0.000,0.000,-51.143,34.557,0.000,0.000,0.000,0.000,0.000,0.000,0.000,0.000,0.000,0.019,4.0,11.20,30.0,0.000,0.000,0.000,0.006,0.000,0.000,0.000,0.019,0.006,0.000,0.000,0.000,0.000,0.006,0.000,0.000,0.013,0.006
11.5045,115,0,move,-1,11.5045,11.5191,0,0.000,0.000,0.176,-0.264,-0.088,0.088,-0.264,-50.801,34.277,0.000,0.000,-0.088,-0.088,0.176,0.000,0.000,0.439,0.176,0.000,0.000,0.000,0.000,0.000,0.000,0.000,-51.143,34.557,0.000,0.000,0.000,0.000,0.000,0.000,0.000,0.000,0.000,0.013,4.0,11.20,30.0,0.000,0.000,0.006,0.006,0.000,0.000,0.006,0.013,0.006,0.000,0.000,0.000,0.000,0.000,0.000,0.000,0.006,0.000
11.6045,116,0,move,-1,11.6045,11.6111,0,0.000,0.000,0.176,-0.264,-0.088,0.088,-0.264,-50.801,34.277,0.000,0.000,-0.088,-0.088,0.176,0.000,0.000,0.439,0.176,0.000,0.000,0.000,0.000,0.000,0.000,0.000,-51.143,34.557,0.000,0.000,0.000,0.000,0.000,0.000,0.000,0.000,0.000,0.013,4.0,11.20,30.0,0.000,0.000,0.006,0.006,0.000,0.000,0.006,0.013,0.006,0.000,0.000,0.000,0.000,0.000,0.000,0.000,0.006,0.000
11.7045,117,0,move,-1,11.7045,11.7171,0,0.000,0.000,0.176,-0.264,-0.088,0.088,-0.264,-50.801,34.277,0.000,0.000,-0.088,-0.088,0.176,0.000,0.000,0.439,0.176,0.000,0.000,0.000,0.000,0.000,0.000,0.000,-51.143,34.557,0.000,0.000,0.000,0.000,0.000,0.000,0.000,0.000,0.000,0.013,4.0,11.20,30.0,0.000,0.000,0.000,0.000,0.000,0.000,0.000,0.013,0.000,0.000,0.000,0.000,0.000,0.006,0.000,0.000,0.006,0.006
11.8069,118,0,move,-1,11.8069,11.8322,0,0.000,0.000,0.176,-0.264,-0.088,0.088,-0.264,-50.801,34.277,0.000,0.000,-0.088,-0.088,0.176,0.000,0.000,0.439,0.176,0.000,0.000,0.000,0.000,0.000,0.000,0.000,-51.143,34.557,0.000,0.000,0.000,0.000,0.000,0.000,0.000,0.000,0.000,0.019,4.0,11.20,30.0,0.000,0.000,0.000,0.000,0.000,0.000,0.006,0.019,0.006,0.000,0.000,0.000,0.000,0.006,0.000,0.000,0.006,0.006
11.9045,119,0,move,-1,11.9045,11.9158,0,0.000,0.000,0.176,-0.264,-0.088,0.088,-0.264,-50.801,34.277,0.000,0.000,-0.088,-0.088,0.176,0.000,0.000,0.439,0.176,0.000,0.000,0.000,0.000,0.000,0.000,0.000,-51.143,34.557,0.000,0.000,0.000,0.000,0.000,0.000,0.000,0.000,0.000,0.019,4.0,11.20,30.0,0.000,0.000,0.000,0.000,0.000,0.000,0.006,0.019,0.006,0.000,0.000,0.000,0.000,0.006,0.000,0.000,0.006,0.006
12.0045,120,0,move,-1,12.0045,12.0240,0,0.000,0.000,0.176,-0.264,-0.088,0.088,-0.264,-50.801,34.277,0.000,0.000,-0.088,-0.088,0.176,0.000,0.000,0.439,0.176,0.000,0.000,0.000,0.000,0.000,0.000,0.000,-51.143,34.557,0.000,0.000,0.000,0.000,0.000,0.000,0.000,0.000,0.000,0.013,4.0,11.20,30.0,0.000,0.000,0.000,0.006,0.000,0.000,0.000,0.013,0.006,0.000,0.000,0.006,0.000,0.006,0.000,0.000,0.006,0.000
12.1045,121,0,move,-1,12.1045,12.1169,0,0.000,0.000,0.176,-0.264,-0.088,0.088,-0.264,-50.801,34.277,0.000,0.000,-0.088,-0.088,0.176,0.000,0.000,0.439,0.176,0.000,0.000,0.000,0.000,0.000,0.000,0.000,-51.143,34.557,0.000,0.000,0.000,0.000,0.000,0.000,0.000,0.000,0.000,0.013,4.0,11.20,30.0,0.000,0.000,0.000,0.006,0.000,0.000,0.000,0.013,0.006,0.000,0.000,0.006,0.000,0.006,0.000,0.000,0.006,0.000
12.2045,122,0,move,-1,12.2045,12.2336,0,0.000,0.000,0.176,-0.264,-0.088,0.088,-0.264,-50.801,34.277,0.000,0.000,-0.088,-0.088,0.176,0.000,0.000,0.439,0.176,0.000,0.000,0.000,0.000,0.000,0.000,0.000,-51.143,34.557,0.000,0.000,0.000,0.000,0.000,0.000,0.000,0.000,0.000,0.000,0.0,11.30,32.0,0.000,0.000,0.000,0.000,0.000,0.000,0.000,0.000,0.000,0.000,0.000,0.000,0.000,0.000,0.000,0.000,0.000,0.000
12.3043,123,0,move,-1,12.3043,12.3140,0,0.000,0.000,0.176,-0.264,-0.088,0.088,-0.264,-50.801,34.277,0.000,0.000,-0.088,-0.088,0.176,0.000,0.000,0.439,0.176,0.000,0.000,0.000,0.000,0.000,0.000,0.000,-51.143,34.557,0.000,0.000,0.000,0.000,0.000,0.000,0.000,0.000,0.000,0.000,0.0,11.30,32.0,0.000,0.000,0.000,0.000,0.000,0.000,0.000,0.000,0.000,0.000,0.000,0.000,0.000,0.000,0.000,0.000,0.000,0.000
12.4045,124,0,move,-1,12.4045,12.4147,0,0.000,0.000,0.176,-0.264,-0.088,0.088,-0.264,-50.801,34.277,0.000,0.000,-0.088,-0.088,0.176,0.000,0.000,0.439,0.176,0.000,0.000,0.000,0.000,0.000,0.000,0.000,-51.143,34.557,0.000,0.000,0.000,0.000,0.000,0.000,0.000,0.000,0.000,0.013,4.0,11.20,30.0,0.000,0.000,0.000,0.000,0.000,0.000,0.000,0.013,0.006,0.000,0.000,0.000,0.000,0.006,0.000,0.000,0.006,0.000
12.5043,125,0,move,-1,12.5043,12.5163,0,0.000,0.000,0.176,-0.264,-0.088,0.088,-0.264,-50.801,34.277,0.000,0.000,-0.088,-0.088,0.176,0.000,0.000,0.439,0.176,0.000,0.000,0.000,0.000,0.000,0.000,0.000,-51.143,34.557,0.000,0.000,0.000,0.000,0.000,0.000,0.000,0.000,0.000,0.013,4.0,11.20,30.0,0.000,0.000,0.000,0.000,0.000,0.000,0.000,0.013,0.006,0.000,0.000,0.000,0.000,0.006,0.000,0.000,0.006,0.006
12.6045,126,0,move,-1,12.6045,12.6176,0,0.000,0.000,0.176,-0.264,-0.088,0.088,-0.264,-50.801,34.277,0.000,0.000,-0.088,-0.088,0.176,0.000,0.000,0.439,0.176,0.000,0.000,0.000,0.000,0.000,0.000,0.000,-51.143,34.557,0.000,0.000,0.000,0.000,0.000,0.000,0.000,0.000,0.000,0.013,4.0,11.20,30.0,0.000,0.000,0.000,0.006,0.000,0.000,0.000,0.013,0.006,0.000,0.000,0.000,0.000,0.006,0.000,0.000,0.013,0.000
12.7045,127,0,move,-1,12.7045,12.7147,0,0.000,0.000,0.176,-0.264,-0.088,0.088,-0.264,-50.801,34.277,0.000,0.000,-0.088,-0.088,0.176,0.000,0.000,0.439,0.176,0.000,0.000,0.000,0.000,0.000,0.000,0.000,-51.143,34.557,0.000,0.000,0.000,0.000,0.000,0.000,0.000,0.000,0.000,0.013,4.0,11.20,30.0,0.000,0.000,0.000,0.006,0.000,0.000,0.000,0.013,0.006,0.000,0.000,0.000,0.000,0.006,0.000,0.000,0.013,0.000
12.8045,128,0,move,-1,12.8045,12.8155,0,0.000,0.000,0.176,-0.264,-0.088,0.088,-0.264,-50.801,34.277,0.000,0.000,-0.088,-0.088,0.176,0.000,0.000,0.439,0.176,0.000,0.000,0.000,0.000,0.000,0.000,0.000,-51.143,34.557,0.000,0.000,0.000,0.000,0.000,0.000,0.000,0.000,0.000,0.013,4.0,11.20,30.0,0.000,0.000,0.000,0.000,0.000,0.000,0.006,0.013,0.006,0.000,0.000,0.000,0.000,0.006,0.000,0.000,0.013,0.000
12.9045,129,0,move,-1,12.9045,12.9145,0,0.000,0.000,0.176,-0.264,-0.088,0.088,-0.264,-50.801,34.277,0.000,0.000,-0.088,-0.088,0.176,0.000,0.000,0.439,0.176,0.000,0.000,0.000,0.000,0.000,0.000,0.000,-51.143,34.557,0.000,0.000,0.000,0.000,0.000,0.000,0.000,0.000,0.000,0.013,4.0,11.20,30.0,0.000,0.000,0.000,0.000,0.000,0.000,0.006,0.013,0.006,0.000,0.000,0.000,0.000,0.006,0.000,0.000,0.013,0.000
13.0045,130,0,move,-1,13.0045,13.0159,0,0.000,0.000,0.176,-0.264,-0.088,0.088,-0.264,-50.801,34.277,0.000,0.000,-0.088,-0.088,0.176,0.000,0.000,0.439,0.176,0.000,0.000,0.000,0.000,0.000,0.000,0.000,-51.143,34.557,0.000,0.000,0.000,0.000,0.000,0.000,0.000,0.000,0.000,0.013,4.0,11.20,30.0,0.000,0.000,0.000,0.006,0.000,0.000,0.006,0.013,0.006,0.000,0.000,0.000,0.000,0.006,0.000,0.000,0.013,0.000
13.1045,131,0,move,-1,13.1045,13.1145,0,0.000,0.000,0.176,-0.264,-0.088,0.088,-0.264,-50.801,34.277,0.000,0.000,-0.088,-0.088,0.176,0.000,0.000,0.439,0.176,0.000,0.000,0.000,0.000,0.000,0.000,0.000,-51.143,34.557,0.000,0.000,0.000,0.000,0.000,0.000,0.000,0.000,0.000,0.013,4.0,11.20,30.0,0.000,0.000,0.000,0.006,0.000,0.000,0.006,0.013,0.006,0.000,0.000,0.000,0.000,0.006,0.000,0.000,0.013,0.000
13.2045,132,0,move,-1,13.2045,13.2160,0,0.000,0.000,0.176,-0.264,-0.088,0.088,-0.264,-50.801,34.277,0.000,0.000,-0.088,-0.088,0.176,0.000,0.000,0.439,0.176,0.000,0.000,0.000,0.000,0.000,0.000,0.000,-51.143,34.557,0.000,0.000,0.000,0.000,0.000,0.000,0.000,0.000,0.000,0.013,4.0,11.20,30.0,0.000,0.000,0.000,0.000,0.000,0.000,0.000,0.013,0.006,0.000,0.000,0.000,0.000,0.006,0.000,0.000,0.006,0.000
13.3045,133,0,move,-1,13.3045,13.3187,0,0.000,0.000,0.176,-0.264,-0.088,0.088,-0.264,-50.801,34.277,0.000,0.000,-0.088,-0.088,0.176,0.000,0.000,0.439,0.176,0.000,0.000,0.000,0.000,0.000,0.000,0.000,-51.143,34.557,0.000,0.000,0.000,0.000,0.000,0.000,0.000,0.000,0.000,0.013,4.0,11.20,30.0,0.000,0.000,0.000,0.000,0.000,0.000,0.000,0.013,0.000,0.000,0.000,0.000,0.000,0.013,0.000,0.000,0.006,0.000
13.4045,134,0,move,-1,13.4045,13.4163,0,0.000,0.000,0.176,-0.264,-0.088,0.088,-0.264,-50.801,34.277,0.000,0.000,-0.088,-0.088,0.176,0.000,0.000,0.439,0.176,0.000,0.000,0.000,0.000,0.000,0.000,0.000,-51.143,34.557,0.000,0.000,0.000,0.000,0.000,0.000,0.000,0.000,0.000,0.013,4.0,11.20,30.0,0.000,0.000,0.000,0.000,0.000,0.000,0.000,0.013,0.000,0.000,0.000,0.000,0.000,0.013,0.000,0.000,0.006,0.000
13.5045,135,0,move,-1,13.5045,13.5169,0,0.000,0.000,0.176,-0.264,-0.088,0.088,-0.264,-50.801,34.277,0.000,0.000,-0.088,-0.088,0.176,0.000,0.000,0.439,0.176,0.000,0.000,0.000,0.000,0.000,0.000,0.000,-51.143,34.557,0.000,0.000,0.000,0.000,0.000,0.000,0.000,0.000,0.000,0.013,4.0,11.20,30.0,0.000,0.000,0.006,0.000,0.000,0.000,0.006,0.013,0.006,0.000,0.000,0.000,0.000,0.006,0.000,0.000,0.006,0.000
13.6045,136,0,move,-1,13.6045,13.6186,0,0.000,0.000,0.176,-0.264,-0.088,0.088,-0.264,-50.801,34.277,0.000,0.000,-0.088,-0.088,0.176,0.000,0.000,0.439,0.176,0.000,0.000,0.000,0.000,0.000,0.000,0.000,-51.143,34.557,0.000,0.000,0.000,0.000,0.000,0.000,0.000,0.000,0.000,0.013,4.0,11.20,30.0,0.000,0.000,0.006,0.006,0.000,0.000,0.006,0.013,0.000,0.000,0.000,0.000,0.000,0.006,0.000,0.000,0.006,0.000
13.7058,137,0,move,-1,13.7058,13.7182,0,0.000,0.000,0.176,-0.264,-0.088,0.088,-0.264,-50.801,34.277,0.000,0.000,-0.088,-0.088,0.176,0.000,0.000,0.439,0.176,0.000,0.000,0.000,0.000,0.000,0.000,0.000,-51.143,34.557,0.000,0.000,0.000,0.000,0.000,0.000,0.000,0.000,0.000,0.013,4.0,11.20,30.0,0.000,0.000,0.006,0.006,0.000,0.000,0.006,0.013,0.000,0.000,0.000,0.000,0.000,0.006,0.000,0.000,0.006,0.000
13.8045,138,0,move,-1,13.8045,13.8157,0,0.000,0.000,0.176,-0.264,-0.088,0.088,-0.264,-50.801,34.277,0.000,0.000,-0.088,-0.088,0.176,0.000,0.000,0.439,0.176,0.000,0.000,0.000,0.000,0.000,0.000,0.000,-51.143,34.557,0.000,0.000,0.000,0.000,0.000,0.000,0.000,0.000,0.000,0.013,4.0,11.20,30.0,0.000,0.000,0.000,0.000,0.000,0.000,0.006,0.013,0.000,0.000,0.000,0.000,0.000,0.006,0.000,0.006,0.006,0.000
13.9045,139,0,move,-1,13.9045,13.9178,0,0.000,0.000,0.176,-0.264,-0.088,0.088,-0.264,-50.801,34.277,0.000,0.000,-0.088,-0.088,0.176,0.000,0.000,0.439,0.176,0.000,0.000,0.000,0.000,0.000,0.000,0.000,-51.143,34.557,0.000,0.000,0.000,0.000,0.000,0.000,0.000,0.000,0.000,0.013,4.0,11.20,30.0,0.000,0.000,0.000,0.000,0.000,0.000,0.006,0.013,0.006,0.000,0.000,0.000,0.000,0.006,0.000,0.000,0.006,0.000
14.0045,140,0,move,-1,14.0045,14.0164,0,0.000,0.000,0.176,-0.264,-0.088,0.088,-0.264,-50.801,34.277,0.000,0.000,-0.088,-0.088,0.176,0.000,0.000,0.439,0.176,0.000,0.000,0.000,0.000,0.000,0.000,0.000,-51.045,34.512,0.000,0.000,0.000,0.000,0.000,0.000,0.000,0.000,0.000,0.013,4.0,11.20,30.0,0.000,0.000,0.000,0.000,0.000,0.000,0.006,0.013,0.006,0.000,0.000,0.000,0.000,0.006,0.000,0.000,0.006,0.000
14.1045,141,0,move,-1,14.1045,14.1152,0,0.000,0.000,0.176,-0.264,-0.088,0.088,-0.264,-50.801,34.277,0.000,0.000,-0.088,-0.088,0.176,0.000,0.000,0.439,0.176,0.000,0.000,0.000,0.000,0.000,0.000,0.000,-50.765,34.384,0.000,0.000,0.000,0.000,0.000,0.000,0.000,0.000,0.000,0.013,3.2,11.20,30.0,0.000,0.000,0.000,0.000,0.000,0.000,0.006,0.013,0.006,0.000,0.000,0.000,0.000,0.006,0.000,0.000,0.006,0.006
14.2045,142,0,move,-1,14.2045,14.2157,0,0.000,0.000,0.176,-0.264,-0.088,0.088,-0.264,-50.625,34.277,0.000,0.000,-0.088,-0.088,0.176,0.000,0.000,0.439,0.176,0.000,0.000,0.000,0.000,0.000,0.000,0.000,-50.327,34.182,0.000,0.000,0.000,0.000,0.000,0.000,0.000,0.000,0.000,0.006,3.2,11.30,32.0,0.000,0.000,0.000,0.006,0.000,0.000,0.000,0.006,0.000,0.000,0.000,0.000,0.000,0.006,0.000,0.000,0.006,0.000
14.3045,143,0,move,-1,14.3045,14.3174,0,0.000,0.000,0.176,-0.264,-0.088,0.088,-0.264,-50.537,34.277,0.000,0.000,-0.088,-0.088,0.176,0.000,0.000,0.439,0.176,0.000,0.000,0.000,0.000,0.000,0.000,0.000,-49.772,33.924,0.000,0.000,0.000,0.000,0.000,0.000,0.000,0.000,0.000,0.006,3.2,11.30,32.0,0.000,0.000,0.000,0.006,0.000,0.000,0.006,0.000,0.000,0.000,0.000,0.000,0.000,0.006,0.000,0.000,0.006,0.000
14.4045,144,0,move,-1,14.4045,14.4156,0,0.000,0.000,0.176,-0.264,-0.088,0.088,-0.264,-49.922,34.102,0.000,0.000,-0.088,-0.088,0.176,0.000,0.000,0.439,0.176,0.000,0.000,0.000,0.000,0.000,0.000,0.000,-49.154,33.634,0.000,0.000,0.000,0.000,0.000,0.000,0.000,0.000,0.000,0.006,3.2,11.30,32.0,0.000,0.000,0.000,0.006,0.000,0.000,0.006,0.000,0.000,0.000,0.000,0.000,0.000,0.006,0.000,0.000,0.006,0.000
14.5043,145,0,move,-1,14.5043,14.5147,0,0.000,0.000,0.176,-0.264,-0.088,0.088,-0.264,-49.395,33.926,0.000,0.000,-0.088,-0.088,0.176,0.000,0.000,0.439,0.176,0.000,0.000,0.000,0.000,0.000,0.000,0.000,-48.535,33.340,0.000,0.000,0.000,0.000,0.000,0.000,0.000,0.000,0.000,0.013,4.8,11.20,30.0,0.000,0.000,0.000,0.006,0.000,0.000,0.000,0.013,0.000,0.000,0.000,0.000,0.000,0.000,0.000,0.000,0.006,0.000
14.6043,146,0,move,-1,14.6043,14.6164,0,0.000,0.000,0.176,-0.264,-0.088,0.088,-0.264,-48.779,33.574,0.000,0.000,-0.088,-0.088,0.176,0.000,0.000,0.439,0.176,0.000,0.000,0.000,0.000,0.000,0.000,0.000,-47.971,33.071,0.000,0.000,0.000,0.000,0.000,0.000,0.000,0.000,0.000,0.006,3.2,11.30,33.0,0.000,0.000,0.000,0.006,0.000,0.000,0.006,0.006,0.006,0.000,0.000,0.000,0.000,0.006,0.000,0.000,0.006,0.000
14.7046,147,0,move,-1,14.7046,14.7148,0,0.000,0.000,0.176,-0.264,-0.088,0.088,-0.264,-48.252,33.223,0.000,0.000,-0.088,-0.088,0.176,0.000,0.000,0.439,0.176,0.000,0.000,0.000,0.000,0.000,0.000,0.000,-47.522,32.856,0.000,0.000,0.000,0.000,0.000,0.000,0.000,0.000,0.000,0.006,3.2,11.30,33.0,0.000,0.000,0.000,0.006,0.000,0.000,0.006,0.006,0.006,0.000,0.000,0.000,0.000,0.006,0.000,0.000,0.006,0.000
14.8045,148,0,move,-1,14.8045,14.8156,0,0.000,0.000,0.176,-0.264,-0.088,0.088,-0.264,-47.725,33.135,0.000,0.000,-0.088,-0.088,0.176,0.000,0.000,0.439,0.176,0.000,0.000,0.000,0.000,0.000,0.000,0.000,-47.233,32.716,0.000,0.000,0.000,0.000,0.000,0.000,0.000,0.000,0.000,0.006,3.2,11.30,32.0,0.000,0.000,0.000,0.006,0.000,0.006,0.006,0.006,0.006,0.000,0.000,0.000,0.000,0.006,0.000,0.000,0.006,0.000
14.9045,149,0,move,-1,14.9045,14.9192,0,0.000,0.000,0.176,-0.264,-0.088,0.088,-0.264,-47.373,32.871,0.000,0.000,-0.088,-0.088,0.176,0.000,0.000,0.439,0.176,0.000,0.000,0.000,0.000,0.000,0.000,0.000,-47.133,32.667,0.000,0.000,0.000,0.000,0.000,0.000,0.000,0.000,0.000,0.006,3.2,11.30,32.0,0.000,0.000,0.000,0.006,0.000,0.000,0.006,0.006,0.000,0.000,0.000,0.000,0.000,0.006,0.000,0.000,0.006,0.000
15.0045,150,0,move,-1,15.0045,15.0175,0,0.000,0.000,0.176,-0.264,-0.088,0.088,-0.264,-47.197,32.783,0.000,0.000,-0.088,-0.088,0.176,0.000,0.000,0.439,0.176,0.000,0.000,0.000,0.000,0.000,0.000,0.000,-47.133,32.667,0.000,0.000,0.000,0.000,0.000,0.000,0.000,0.000,0.000,0.006,3.2,11.30,32.0,0.000,0.000,0.000,0.006,0.000,0.000,0.006,0.006,0.000,0.000,0.000,0.000,0.000,0.006,0.000,0.000,0.006,0.000
15.1045,151,0,move,-1,15.1045,15.1194,0,0.000,0.000,0.176,-0.264,-0.088,0.088,-0.264,-47.197,32.783,0.000,0.000,-0.088,-0.088,0.176,0.000,0.000,0.439,0.176,0.000,0.000,0.000,0.000,0.000,0.000,0.000,-47.133,32.667,0.000,0.000,0.000,0.000,0.000,0.000,0.000,0.000,0.000,0.006,3.6,11.20,33.0,0.000,0.000,0.000,0.000,0.000,0.000,0.006,0.000,0.000,0.000,0.000,0.000,0.000,0.006,0.000,0.000,0.006,0.000
15.2045,152,0,move,-1,15.2045,15.2164,0,0.000,0.000,0.176,-0.264,-0.088,0.088,-0.264,-47.197,32.783,0.000,0.000,-0.088,-0.088,0.176,0.000,0.000,0.439,0.176,0.000,0.000,0.000,0.000,0.000,0.000,0.000,-47.133,32.667,0.000,0.000,0.000,0.000,0.000,0.000,0.000,0.000,0.000,0.006,3.6,11.20,33.0,0.000,0.000,0.000,0.000,0.000,0.000,0.006,0.000,0.000,0.000,0.000,0.000,0.000,0.006,0.000,0.000,0.006,0.000
15.3044,153,0,move,-1,15.3044,15.3155,0,0.000,0.000,0.176,-0.264,-0.088,0.088,-0.264,-47.197,32.783,0.000,0.000,-0.088,-0.088,0.176,0.000,0.000,0.439,0.176,0.000,0.000,0.000,0.000,0.000,0.000,0.000,-47.133,32.667,0.000,0.000,0.000,0.000,0.000,0.000,0.000,0.000,0.000,0.006,3.2,11.20,33.0,0.000,0.000,0.000,0.000,0.000,0.000,0.006,0.000,0.000,0.000,0.000,0.000,0.000,0.006,0.000,0.000,0.006,0.000
15.4045,154,0,move,-1,15.4045,15.4146,0,0.000,0.000,0.176,-0.264,-0.088,0.088,-0.264,-47.197,32.783,0.000,0.000,-0.088,-0.088,0.176,0.000,0.000,0.439,0.176,0.000,0.000,0.000,0.000,0.000,0.000,0.000,-47.133,32.667,0.000,0.000,0.000,0.000,0.000,0.000,0.000,0.000,0.000,0.006,3.2,11.20,33.0,0.000,0.000,0.000,0.000,0.000,0.000,0.006,0.000,0.000,0.000,0.000,0.000,0.000,0.006,0.000,0.000,0.006,0.000
15.5045,155,0,move,-1,15.5045,15.5155,0,0.000,0.000,0.176,-0.264,-0.088,0.088,-0.264,-47.197,32.783,0.000,0.000,-0.088,-0.088,0.176,0.000,0.000,0.439,0.176,0.000,0.000,0.000,0.000,0.000,0.000,0.000,-47.133,32.667,0.000,0.000,0.000,0.000,0.000,0.000,0.000,0.000,0.000,0.013,4.8,11.30,32.0,0.000,0.000,0.000,0.006,0.000,0.000,0.000,0.000,0.000,0.000,0.000,0.000,0.000,0.006,0.000,0.000,0.013,0.006
15.6045,156,0,move,-1,15.6045,15.6113,0,0.000,0.000,0.176,-0.264,-0.088,0.088,-0.264,-47.197,32.783,0.000,0.000,-0.088,-0.088,0.176,0.000,0.000,0.439,0.176,0.000,0.000,0.000,0.000,0.000,0.000,0.000,-47.133,32.667,0.000,0.000,0.000,0.000,0.000,0.000,0.000,0.000,0.000,0.013,4.8,11.30,32.0,0.000,0.000,0.000,0.006,0.000,0.000,0.000,0.000,0.000,0.000,0.000,0.000,0.000,0.006,0.000,0.000,0.013,0.006
15.7045,157,0,move,-1,15.7045,15.7144,0,0.000,0.000,0.176,-0.264,-0.088,0.088,-0.264,-47.197,32.783,0.000,0.000,-0.088,-0.088,0.176,0.000,0.000,0.439,0.176,0.000,0.000,0.000,0.000,0.000,0.000,0.000,-47.133,32.667,0.000,0.000,0.000,0.000,0.000,0.000,0.000,0.000,0.000,0.006,2.4,11.30,33.0,0.000,0.000,0.006,0.006,0.000,0.000,0.006,0.000,0.000,0.000,0.000,0.000,0.000,0.006,0.000,0.000,0.006,0.000
15.8045,158,0,move,-1,15.8045,15.8219,0,0.000,0.000,0.176,-0.264,-0.088,0.088,-0.264,-47.197,32.783,0.000,0.000,-0.088,-0.088,0.176,0.000,0.000,0.439,0.176,0.000,0.000,0.000,0.000,0.000,0.000,0.000,-47.133,32.667,0.000,0.000,0.000,0.000,0.000,0.000,0.000,0.000,0.000,0.006,3.2,11.30,33.0,0.000,0.000,0.000,0.000,0.000,0.000,0.006,0.000,0.000,0.000,0.000,0.000,0.000,0.000,0.000,0.000,0.006,0.006
15.9046,159,0,move,-1,15.9046,15.9148,0,0.000,0.000,0.176,-0.264,-0.088,0.088,-0.264,-47.197,32.783,0.000,0.000,-0.088,-0.088,0.176,0.000,0.000,0.439,0.176,0.000,0.000,0.000,0.000,0.000,0.000,0.000,-47.133,32.667,0.000,0.000,0.000,0.000,0.000,0.000,0.000,0.000,0.000,0.006,3.2,11.30,33.0,0.000,0.000,0.000,0.000,0.000,0.000,0.006,0.000,0.000,0.000,0.000,0.000,0.000,0.000,0.000,0.000,0.006,0.006
16.0045,160,0,move,-1,16.0045,16.0160,0,0.000,0.000,0.176,-0.264,-0.088,0.088,-0.264,-47.197,32.783,0.000,0.000,-0.088,-0.088,0.176,0.000,0.000,0.439,0.176,0.000,0.000,0.000,0.000,0.000,0.000,0.000,-47.133,32.667,0.000,0.000,0.000,0.000,0.000,0.000,0.000,0.000,0.000,0.006,3.2,11.30,33.0,0.000,0.000,0.000,0.000,0.000,0.000,0.006,0.000,0.000,0.000,0.000,0.000,0.000,0.000,0.000,0.000,0.006,0.000
16.1049,161,0,move,-1,16.1049,16.1273,0,0.000,0.000,0.176,-0.264,-0.088,0.088,-0.264,-47.197,32.783,0.000,0.000,-0.088,-0.088,0.176,0.000,0.000,0.439,0.176,0.000,0.000,0.000,0.000,0.000,0.000,0.000,-47.133,32.667,0.000,0.000,0.000,0.000,0.000,0.000,0.000,0.000,0.000,0.006,2.4,11.30,33.0,0.000,0.000,0.006,0.006,0.000,0.000,0.000,0.000,0.000,0.000,0.000,0.000,0.000,0.006,0.000,0.000,0.006,0.000
16.2045,162,0,move,-1,16.2045,16.2168,0,0.000,0.000,0.176,-0.264,-0.088,0.088,-0.264,-47.197,32.783,0.000,0.000,-0.088,-0.088,0.176,0.000,0.000,0.439,0.176,0.000,0.000,0.000,0.000,0.000,0.000,0.000,-47.133,32.667,0.000,0.000,0.000,0.000,0.000,0.000,0.000,0.000,0.000,0.006,2.4,11.30,33.0,0.000,0.000,0.006,0.006,0.000,0.000,0.000,0.000,0.000,0.000,0.000,0.000,0.000,0.006,0.000,0.000,0.006,0.000
16.3045,163,0,move,-1,16.3045,16.3141,0,0.000,0.000,0.176,-0.264,-0.088,0.088,-0.264,-47.197,32.783,0.000,0.000,-0.088,-0.088,0.176,0.000,0.000,0.439,0.176,0.000,0.000,0.000,0.000,0.000,0.000,0.000,-47.133,32.667,0.000,0.000,0.000,0.000,0.000,0.000,0.000,0.000,0.000,0.013,4.8,11.30,32.0,0.000,0.000,0.000,0.000,0.000,0.000,0.000,0.000,0.000,0.000,0.000,0.000,0.000,0.006,0.000,0.000,0.013,0.000
16.4045,164,0,move,-1,16.4045,16.4166,0,0.000,0.000,0.176,-0.264,-0.088,0.088,-0.264,-47.197,32.783,0.000,0.000,-0.088,-0.088,0.176,0.000,0.000,0.439,0.176,0.000,0.000,0.000,0.000,0.000,0.000,0.000,-47.133,32.667,0.000,0.000,0.000,0.000,0.000,0.000,0.000,0.000,0.000,0.006,4.8,11.30,32.0,0.000,0.000,0.000,0.000,0.000,0.000,0.000,0.000,0.000,0.000,0.000,0.000,0.000,0.000,0.000,0.000,0.006,0.006
16.5045,165,0,move,-1,16.5045,16.5146,0,0.000,0.000,0.176,-0.264,-0.088,0.088,-0.264,-47.197,32.783,0.000,0.000,-0.088,-0.088,0.176,0.000,0.000,0.439,0.176,0.000,0.000,0.000,0.000,0.000,0.000,0.000,-47.133,32.667,0.000,0.000,0.000,0.000,0.000,0.000,0.000,0.000,0.000,0.006,4.8,11.30,32.0,0.000,0.000,0.000,0.000,0.000,0.000,0.000,0.000,0.000,0.000,0.000,0.000,0.000,0.000,0.000,0.000,0.006,0.006
16.6044,166,0,move,-1,16.6044,16.6368,0,0.000,0.000,0.176,-0.264,-0.088,0.088,-0.264,-47.197,32.783,0.000,0.000,-0.088,-0.088,0.176,0.000,0.000,0.439,0.176,0.000,0.000,0.000,0.000,0.000,0.000,0.000,-47.133,32.667,0.000,0.000,0.000,0.000,0.000,0.000,0.000,0.000,0.000,0.013,4.8,11.30,32.0,0.000,0.000,0.006,0.006,0.000,0.000,0.006,0.000,0.000,0.000,0.000,0.000,0.000,0.006,0.000,0.000,0.013,0.000
16.7045,167,0,move,-1,16.7045,16.7165,0,0.000,0.000,0.176,-0.264,-0.088,0.088,-0.264,-47.197,32.783,0.000,0.000,-0.088,-0.088,0.176,0.000,0.000,0.439,0.176,0.000,0.000,0.000,0.000,0.000,0.000,0.000,-47.133,32.667,0.000,0.000,0.000,0.000,0.000,0.000,0.000,0.000,0.000,0.013,4.8,11.30,32.0,0.000,0.000,0.006,0.006,0.000,0.000,0.006,0.000,0.000,0.000,0.000,0.000,0.000,0.006,0.000,0.000,0.013,0.000
16.8045,168,0,move,-1,16.8045,16.8144,0,0.000,0.000,0.176,-0.264,-0.088,0.088,-0.264,-47.197,32.783,0.000,0.000,-0.088,-0.088,0.176,0.000,0.000,0.439,0.176,0.000,0.000,0.000,0.000,0.000,0.000,0.000,-47.133,32.667,0.000,0.000,0.000,0.000,0.000,0.000,0.000,0.000,0.000,0.006,3.2,11.30,32.0,0.000,0.000,0.000,0.006,0.000,0.000,0.006,0.000,0.000,0.000,0.000,0.000,0.006,0.006,0.000,0.000,0.006,0.000
16.9045,169,0,move,-1,16.9045,16.9149,0,0.000,0.000,0.176,-0.264,-0.088,0.088,-0.264,-47.197,32.783,0.000,0.000,-0.088,-0.088,0.176,0.000,0.000,0.439,0.176,0.000,0.000,0.000,0.000,0.000,0.000,0.000,-47.133,32.667,0.000,0.000,0.000,0.000,0.000,0.000,0.000,0.000,0.000,0.006,3.2,11.30,33.0,0.000,0.000,0.000,0.000,0.000,0.000,0.006,0.000,0.000,0.000,0.000,0.000,0.000,0.006,0.000,0.000,0.006,0.000
17.0043,170,0,move,-1,17.0043,17.0175,0,0.000,0.000,0.176,-0.264,-0.088,0.088,-0.264,-47.197,32.783,0.000,0.000,-0.088,-0.088,0.176,0.000,0.000,0.439,0.176,0.000,0.000,0.000,0.000,0.000,0.000,0.000,-47.133,32.667,0.000,0.000,0.000,0.000,0.000,0.000,0.000,0.000,0.000,0.006,3.2,11.20,33.0,0.000,0.000,0.000,0.000,0.000,0.000,0.006,0.000,0.000,0.000,0.000,0.000,0.000,0.006,0.000,0.000,0.006,0.000
17.1043,171,0,move,-1,17.1043,17.1149,0,0.000,0.000,0.176,-0.264,-0.088,0.088,-0.264,-47.197,32.783,0.000,0.000,-0.088,-0.088,0.176,0.000,0.000,0.439,0.176,0.000,0.000,0.000,0.000,0.000,0.000,0.000,-47.133,32.667,0.000,0.000,0.000,0.000,0.000,0.000,0.000,0.000,0.000,0.006,3.2,11.20,33.0,0.000,0.000,0.000,0.000,0.000,0.000,0.006,0.000,0.000,0.000,0.000,0.000,0.000,0.006,0.000,0.000,0.006,0.000
17.2045,172,0,move,-1,17.2045,17.2150,0,0.000,0.000,0.176,-0.264,-0.088,0.088,-0.264,-47.197,32.783,0.000,0.000,-0.088,-0.088,0.176,0.000,0.000,0.439,0.176,0.000,0.000,0.000,0.000,0.000,0.000,0.000,-47.133,32.667,0.000,0.000,0.000,0.000,0.000,0.000,0.000,0.000,0.000,0.006,3.2,11.30,32.0,0.000,0.000,0.000,0.006,0.000,0.000,0.006,0.000,0.000,0.000,0.000,0.000,0.000,0.006,0.000,0.000,0.006,0.000
17.3045,173,0,move,-1,17.3045,17.3171,0,0.000,0.000,0.176,-0.264,-0.088,0.088,-0.264,-47.197,32.783,0.000,0.000,-0.088,-0.088,0.176,0.000,0.000,0.439,0.176,0.000,0.000,0.000,0.000,0.000,0.000,0.000,-47.133,32.667,0.000,0.000,0.000,0.000,0.000,0.000,0.000,0.000,0.000,0.006,3.2,11.30,32.0,0.000,0.000,0.000,0.006,0.000,0.000,0.006,0.000,0.000,0.000,0.000,0.000,0.000,0.000,0.000,0.000,0.006,0.000
17.4045,174,0,move,-1,17.4045,17.4165,0,0.000,0.000,0.176,-0.264,-0.088,0.088,-0.264,-47.197,32.783,0.000,0.000,-0.088,-0.088,0.176,0.000,0.000,0.439,0.176,0.000,0.000,0.000,0.000,0.000,0.000,0.000,-47.133,32.667,0.000,0.000,0.000,0.000,0.000,0.000,0.000,0.000,0.000,0.006,3.2,11.30,32.0,0.000,0.000,0.000,0.006,0.000,0.000,0.006,0.000,0.000,0.000,0.000,0.000,0.000,0.000,0.000,0.000,0.006,0.000
17.5043,175,0,move,-1,17.5043,17.5142,0,0.000,0.000,0.176,-0.264,-0.088,0.088,-0.264,-47.197,32.783,0.000,0.000,-0.088,-0.088,0.176,0.000,0.000,0.439,0.176,0.000,0.000,0.000,0.000,0.000,0.000,0.000,-47.133,32.667,0.000,0.000,0.000,0.000,0.000,0.000,0.000,0.000,0.000,0.013,4.8,11.30,32.0,0.000,0.000,0.000,0.006,0.000,0.000,0.000,0.000,0.000,0.000,0.000,0.000,0.000,0.006,0.000,0.000,0.013,0.000
17.6045,176,0,move,-1,17.6045,17.6165,0,0.000,0.000,0.176,-0.264,-0.088,0.088,-0.264,-47.197,32.783,0.000,0.000,-0.088,-0.088,0.176,0.000,0.000,0.439,0.176,0.000,0.000,0.000,0.000,0.000,0.000,0.000,-47.133,32.667,0.000,0.000,0.000,0.000,0.000,0.000,0.000,0.000,0.000,0.006,2.4,11.30,33.0,0.000,0.000,0.006,0.006,0.000,0.000,0.006,0.000,0.000,0.000,0.000,0.000,0.000,0.006,0.000,0.000,0.006,0.000
17.7045,177,0,move,-1,17.7045,17.7168,0,0.000,0.000,0.176,-0.264,-0.088,0.088,-0.264,-47.197,32.783,0.000,0.000,-0.088,-0.088,0.176,0.000,0.000,0.439,0.176,0.000,0.000,0.000,0.000,0.000,0.000,0.000,-47.133,32.667,0.000,0.000,0.000,0.000,0.000,0.000,0.000,0.000,0.000,0.013,4.8,11.30,32.0,0.000,0.000,0.000,0.000,0.000,0.000,0.006,0.000,0.000,0.000,0.000,0.000,0.000,0.006,0.000,0.000,0.013,0.006
17.8045,178,0,move,-1,17.8045,17.8159,0,0.000,0.000,0.176,-0.264,-0.088,0.088,-0.264,-47.197,32.783,0.000,0.000,-0.088,-0.088,0.176,0.000,0.000,0.439,0.176,0.000,0.000,0.000,0.000,0.000,0.000,0.000,-47.133,32.667,0.000,0.000,0.000,0.000,0.000,0.000,0.000,0.000,0.000,0.013,4.8,11.30,32.0,0.000,0.000,0.000,0.000,0.000,0.000,0.006,0.000,0.000,0.000,0.000,0.000,0.000,0.006,0.000,0.000,0.013,0.006
17.9045,179,0,move,-1,17.9045,17.9167,0,0.000,0.000,0.176,-0.264,-0.088,0.088,-0.264,-47.197,32.783,0.000,0.000,-0.088,-0.088,0.176,0.000,0.000,0.439,0.176,0.000,0.000,0.000,0.000,0.000,0.000,0.000,-47.133,32.667,0.000,0.000,0.000,0.000,0.000,0.000,0.000,0.000,0.000,0.006,3.2,11.30,33.0,0.000,0.000,0.000,0.000,0.000,0.000,0.006,0.000,0.000,0.000,0.000,0.000,0.000,0.006,0.000,0.000,0.006,0.000
18.0045,180,0,move,-1,18.0045,18.0177,0,0.000,0.000,0.176,-0.264,-0.088,0.088,-0.264,-47.197,32.783,0.000,0.000,-0.088,-0.088,0.176,0.000,0.000,0.439,0.176,0.000,0.000,0.000,0.000,0.000,0.000,0.000,-47.033,32.619,0.000,0.000,0.000,0.000,0.000,0.000,0.000,0.000,0.000,0.006,3.2,11.30,32.0,0.000,0.000,0.000,0.006,0.000,0.000,0.006,0.000,0.000,0.000,0.000,0.000,0.000,0.000,0.000,0.000,0.006,0.006
18.1045,181,0,move,-1,18.1045,18.1162,0,0.000,0.000,0.176,-0.264,-0.088,0.088,-0.264,-47.109,32.783,0.000,0.000,-0.088,-0.088,0.176,0.000,0.000,0.439,0.176,0.000,0.000,0.000,0.000,0.000,0.000,0.000,-46.742,32.477,0.000,0.000,0.000,0.000,0.000,0.000,0.000,0.000,0.000,0.006,3.2,11.30,32.0,0.000,0.000,0.000,0.006,0.000,0.000,0.006,0.000,0.000,0.000,0.000,0.000,0.000,0.000,0.000,0.000,0.006,0.006
18.2045,182,0,move,-1,18.2045,18.2145,0,0.000,0.000,0.176,-0.264,-0.088,0.088,-0.264,-46.846,32.783,0.000,0.000,-0.088,-0.088,0.176,0.000,0.000,0.439,0.176,0.000,0.000,0.000,0.000,0.000,0.000,0.000,-46.288,32.255,0.000,0.000,0.000,0.000,0.000,0.000,0.000,0.000,0.000,0.013,4.8,11.30,32.0,0.000,0.000,0.000,0.000,0.000,0.000,0.006,0.000,0.006,0.000,0.000,0.000,0.000,0.006,0.000,0.000,0.013,0.006
18.3045,183,0,move,-1,18.3045,18.3173,0,0.000,0.000,0.176,-0.264,-0.088,0.088,-0.264,-46.494,32.432,0.000,0.000,-0.088,-0.088,0.176,0.000,0.000,0.439,0.176,0.000,0.000,0.000,0.000,0.000,0.000,0.000,-45.712,31.972,0.000,0.000,0.000,0.000,0.000,0.000,0.000,0.000,0.000,0.013,4.8,11.30,32.0,0.000,0.000,0.000,0.006,0.000,0.000,0.006,0.000,0.006,0.000,0.000,0.000,0.000,0.006,0.000,0.000,0.013,0.000
18.4045,184,0,move,-1,18.4045,18.4165,0,0.000,0.000,0.176,-0.264,-0.088,0.088,-0.264,-45.967,32.256,0.000,0.000,-0.088,-0.088,0.176,0.000,0.000,0.439,0.176,0.000,0.000,0.000,0.000,0.000,0.000,0.000,-45.069,31.653,0.000,0.000,0.000,0.000,0.000,0.000,0.000,0.000,0.000,0.013,4.8,11.30,32.0,0.000,0.000,0.000,0.006,0.000,0.000,0.006,0.000,0.006,0.000,0.000,0.000,0.000,0.006,0.000,0.000,0.013,0.000
18.5043,185,0,move,-1,18.5043,18.5170,0,0.000,0.000,0.176,-0.264,-0.088,0.088,-0.264,-45.352,31.816,0.000,0.000,-0.088,-0.088,0.176,0.000,0.000,0.439,0.176,0.000,0.000,0.000,0.000,0.000,0.000,0.000,-44.421,31.329,0.000,0.000,0.000,0.000,0.000,0.000,0.000,0.000,0.000,0.013,5.2,11.30,32.0,0.000,0.000,0.000,0.006,0.000,0.000,0.006,0.000,0.013,0.000,0.000,0.000,0.000,0.006,0.000,0.000,0.006,0.006
18.6043,186,0,move,-1,18.6043,18.6172,0,0.000,0.000,0.176,-0.264,-0.088,0.088,-0.264,-44.912,31.729,0.000,0.000,-0.088,-0.088,0.176,0.000,0.000,0.439,0.176,0.000,0.000,0.000,0.000,0.000,0.000,0.000,-43.833,31.033,0.000,0.000,0.000,0.000,0.000,0.000,0.000,0.000,0.000,0.006,2.8,11.30,29.0,0.000,0.000,0.000,0.000,0.000,0.000,0.000,0.000,0.000,0.000,0.000,0.000,0.000,0.006,0.000,0.000,0.006,0.006
18.7045,187,0,move,-1,18.7045,18.7178,0,0.000,0.000,0.176,-0.264,-0.088,0.088,-0.264,-44.209,31.201,0.000,0.000,-0.088,-0.088,0.176,0.000,0.000,0.439,0.176,0.000,0.000,0.000,0.000,0.000,0.000,0.000,-43.362,30.795,0.000,0.000,0.000,0.000,0.000,0.000,0.000,0.000,0.000,0.006,3.2,11.30,32.0,0.000,0.000,0.000,0.006,0.000,0.000,0.006,0.006,0.000,0.000,0.000,0.000,0.000,0.006,0.000,0.000,0.006,0.006
18.8043,188,0,move,-1,18.8043,18.8178,0,0.000,0.000,0.176,-0.264,-0.088,0.088,-0.264,-43.594,31.025,0.000,0.000,-0.088,-0.088,0.176,0.000,0.000,0.439,0.176,0.000,0.000,0.000,0.000,0.000,0.000,0.000,-43.059,30.640,0.000,0.000,0.000,0.000,0.000,0.000,0.000,0.000,0.000,0.013,2.4,11.20,30.0,0.000,0.000,0.000,0.006,0.000,0.000,0.006,0.013,0.013,0.000,0.000,0.000,0.000,0.006,0.000,0.000,0.006,0.000
18.9045,189,0,move,-1,18.9045,18.9169,0,0.000,0.000,0.176,-0.264,-0.088,0.088,-0.264,-43.242,30.850,0.000,0.000,-0.088,-0.088,0.176,0.000,0.000,0.439,0.176,0.000,0.000,0.000,0.000,0.000,0.000,0.000,-42.955,30.587,0.000,0.000,0.000,0.000,0.000,0.000,0.000,0.000,0.000,0.013,2.4,11.20,30.0,0.000,0.000,0.000,0.006,0.000,0.000,0.006,0.013,0.013,0.000,0.000,0.000,0.000,0.006,0.000,0.000,0.006,0.000
19.0045,190,0,move,-1,19.0045,19.0182,0,0.000,0.000,0.176,-0.264,-0.088,0.088,-0.264,-43.066,30.762,0.000,0.000,-0.088,-0.088,0.176,0.000,0.000,0.439,0.176,0.000,0.000,0.000,0.000,0.000,0.000,0.000,-42.955,30.587,0.000,0.000,0.000,0.000,0.000,0.000,0.000,0.000,0.000,0.006,3.2,11.30,32.0,0.000,0.000,0.000,0.006,0.000,0.000,0.006,0.006,0.006,0.000,0.000,0.000,0.000,0.000,0.000,0.000,0.006,0.006
19.1045,191,0,move,-1,19.1045,19.1164,0,0.000,0.000,0.176,-0.264,-0.088,0.088,-0.264,-43.066,30.762,0.000,0.000,-0.088,-0.088,0.176,0.000,0.000,0.439,0.176,0.000,0.000,0.000,0.000,0.000,0.000,0.000,-42.955,30.587,0.000,0.000,0.000,0.000,0.000,0.000,0.000,0.000,0.000,0.006,3.2,11.30,32.0,0.000,0.000,0.000,0.006,0.000,0.000,0.006,0.006,0.006,0.000,0.000,0.000,0.000,0.000,0.000,0.000,0.006,0.006
19.2045,192,0,move,-1,19.2045,19.2182,0,0.000,0.000,0.176,-0.264,-0.088,0.088,-0.264,-43.066,30.762,0.000,0.000,-0.088,-0.088,0.176,0.000,0.000,0.439,0.176,0.000,0.000,0.000,0.000,0.000,0.000,0.000,-42.955,30.587,0.000,0.000,0.000,0.000,0.000,0.000,0.000,0.000,0.000,0.006,3.2,11.30,32.0,0.000,0.000,0.000,0.006,0.000,0.000,0.000,0.000,0.000,0.000,0.000,0.000,0.000,0.000,0.000,0.000,0.006,0.006
19.3045,193,0,move,-1,19.3045,19.3148,0,0.000,0.000,0.176,-0.264,-0.088,0.088,-0.264,-43.066,30.762,0.000,0.000,-0.088,-0.088,0.176,0.000,0.000,0.439,0.176,0.000,0.000,0.000,0.000,0.000,0.000,0.000,-42.955,30.587,0.000,0.000,0.000,0.000,0.000,0.000,0.000,0.000,0.000,0.006,3.2,11.30,32.0,0.000,0.000,0.000,0.006,0.000,0.000,0.000,0.000,0.000,0.000,0.000,0.000,0.000,0.000,0.000,0.000,0.006,0.006
19.4045,194,0,move,-1,19.4045,19.4193,0,0.000,0.000,0.176,-0.264,-0.088,0.088,-0.264,-43.066,30.762,0.000,0.000,-0.088,-0.088,0.176,0.000,0.000,0.439,0.176,0.000,0.000,0.000,0.000,0.000,0.000,0.000,-42.955,30.587,0.000,0.000,0.000,0.000,0.000,0.000,0.000,0.000,0.000,0.013,4.8,11.30,32.0,0.000,0.000,0.000,0.006,0.000,0.000,0.006,0.000,0.006,0.000,0.000,0.000,0.000,0.006,0.000,0.000,0.013,0.000
19.5045,195,0,move,-1,19.5045,19.5179,0,0.000,0.000,0.176,-0.264,-0.088,0.088,-0.264,-43.066,30.762,0.000,0.000,-0.088,-0.088,0.176,0.000,0.000,0.439,0.176,0.000,0.000,0.000,0.000,0.000,0.000,0.000,-42.955,30.587,0.000,0.000,0.000,0.000,0.000,0.000,0.000,0.000,0.000,0.013,4.8,11.30,32.0,0.000,0.000,0.000,0.006,0.000,0.000,0.006,0.000,0.006,0.000,0.000,0.000,0.000,0.006,0.000,0.000,0.013,0.000
19.6045,196,0,move,-1,19.6045,19.6169,0,0.000,0.000,0.176,-0.264,-0.088,0.088,-0.264,-43.066,30.762,0.000,0.000,-0.088,-0.088,0.176,0.000,0.000,0.439,0.176,0.000,0.000,0.000,0.000,0.000,0.000,0.000,-42.955,30.587,0.000,0.000,0.000,0.000,0.000,0.000,0.000,0.000,0.000,0.006,2.4,11.30,33.0,0.000,0.000,0.006,0.006,0.000,0.000,0.000,0.000,0.000,0.000,0.000,0.000,0.000,0.006,0.000,0.000,0.006,0.000
19.7045,197,0,move,-1,19.7045,19.7174,0,0.000,0.000,0.176,-0.264,-0.088,0.088,-0.264,-43.066,30.762,0.000,0.000,-0.088,-0.088,0.176,0.000,0.000,0.439,0.176,0.000,0.000,0.000,0.000,0.000,0.000,0.000,-42.955,30.587,0.000,0.000,0.000,0.000,0.000,0.000,0.000,0.000,0.000,0.006,3.2,11.20,32.0,0.000,0.000,0.000,0.000,0.000,0.000,0.006,0.000,0.006,0.000,0.000,0.000,0.000,0.006,0.000,0.000,0.006,0.000
19.8045,198,0,move,-1,19.8045,19.8161,0,0.000,0.000,0.176,-0.264,-0.088,0.088,-0.264,-42.979,30.762,0.000,0.000,-0.088,-0.088,0.176,0.000,0.000,0.439,0.176,0.000,0.000,0.000,0.000,0.000,0.000,0.000,-42.955,30.587,0.000,0.000,0.000,0.000,0.000,0.000,0.000,0.000,0.000,0.006,3.2,11.20,32.0,0.000,0.000,0.000,0.000,0.000,0.000,0.006,0.000,0.006,0.000,0.000,0.000,0.000,0.006,0.000,0.000,0.006,0.000
19.9045,199,0,move,-1,19.9045,19.9137,0,0.000,0.000,0.176,-0.264,-0.088,0.088,-0.264,-42.979,30.762,0.000,0.000,-0.088,-0.088,0.176,0.000,0.000,0.439,0.176,0.000,0.000,0.000,0.000,0.000,0.000,0.000,-42.955,30.587,0.000,0.000,0.000,0.000,0.000,0.000,0.000,0.000,0.000,0.006,3.2,11.30,32.0,0.000,0.000,0.000,0.006,0.000,0.000,0.006,0.000,0.000,0.000,0.000,0.000,0.000,0.000,0.000,0.000,0.006,0.006
20.0045,200,0,move,-1,20.0045,20.0161,0,0.000,0.000,0.176,-0.264,-0.088,0.088,-0.264,-42.979,30.762,0.000,0.000,-0.088,-0.088,0.176,0.000,0.000,0.439,0.176,0.000,0.000,0.000,0.000,0.000,0.000,0.000,-42.955,30.587,0.000,0.000,0.000,0.000,0.000,0.000,0.000,0.000,0.000,0.013,4.8,11.30,32.0,0.000,0.000,0.000,0.006,0.000,0.000,0.006,0.000,0.000,0.000,0.000,0.000,0.000,0.006,0.000,0.000,0.013,0.000
20.1073,201,0,move,-1,20.1073,20.1493,0,0.000,0.000,0.176,-0.264,-0.088,0.088,-0.264,-42.979,30.762,0.000,0.000,-0.088,-0.088,0.176,0.000,0.000,0.439,0.176,0.000,0.000,0.000,0.000,0.000,0.000,0.000,-42.955,30.587,0.000,0.000,0.000,0.000,0.000,0.000,0.000,0.000,0.000,0.006,3.2,11.30,32.0,0.000,,0.000,0.006,0.000,0.000,0.006,0.000,0.006,0.000,0.000,0.000,0.000,0.006,0.000,0.000,0.006,0.000
20.2045,202,0,move,-1,20.2045,20.2168,0,0.000,0.000,0.176,-0.264,-0.088,0.088,-0.264,-42.979,30.762,0.000,0.000,-0.088,-0.088,0.176,0.000,0.000,0.439,0.176,0.000,0.000,0.000,0.000,0.000,0.000,0.000,-42.955,30.587,0.000,0.000,0.000,0.000,0.000,0.000,0.000,0.000,0.000,0.006,3.2,11.30,32.0,0.000,,0.000,0.006,0.000,0.000,0.006,0.000,0.006,0.000,0.000,0.000,0.000,0.006,0.000,0.000,0.006,0.000
20.3043,203,0,move,-1,20.3043,20.3143,0,0.000,0.000,0.176,-0.264,-0.088,0.088,-0.264,-42.979,30.762,0.000,0.000,-0.088,-0.088,0.176,0.000,0.000,0.439,0.176,0.000,0.000,0.000,0.000,0.000,0.000,0.000,-42.955,30.587,0.000,0.000,0.000,0.000,0.000,0.000,0.000,0.000,0.000,0.006,3.2,11.30,32.0,0.000,0.000,0.000,0.006,0.000,0.000,0.006,0.000,0.006,0.000,0.000,0.000,0.000,0.006,0.000,0.000,0.006,0.000
20.4045,204,0,move,-1,20.4045,20.4161,0,0.000,0.000,0.176,-0.264,-0.088,0.088,-0.264,-42.979,30.762,0.000,0.000,-0.088,-0.088,0.176,0.000,0.000,0.439,0.176,0.000,0.000,0.000,0.000,0.000,0.000,0.000,-42.955,30.587,0.000,0.000,0.000,0.000,0.000,0.000,0.000,0.000,0.000,0.013,4.8,11.30,32.0,0.000,0.000,0.000,0.006,0.000,0.000,0.000,0.000,0.006,0.000,0.000,0.000,0.000,0.006,0.000,0.000,0.013,0.000
20.5043,205,0,move,-1,20.5043,20.5155,0,0.000,0.000,0.176,-0.264,-0.088,0.088,-0.264,-42.979,30.762,0.000,0.000,-0.088,-0.088,0.176,0.000,0.000,0.439,0.176,0.000,0.000,0.000,0.000,0.000,0.000,0.000,-42.955,30.587,0.000,0.000,0.000,0.000,0.000,0.000,0.000,0.000,0.000,0.013,4.8,11.30,32.0,0.000,0.000,0.000,0.006,0.000,0.000,0.000,0.000,0.006,0.000,0.000,0.000,0.000,0.006,0.000,0.000,0.013,0.000
20.6043,206,0,move,-1,20.6043,20.6110,0,0.000,0.000,0.176,-0.264,-0.088,0.088,-0.264,-42.979,30.762,0.000,0.000,-0.088,-0.088,0.176,0.000,0.000,0.439,0.176,0.000,0.000,0.000,0.000,0.000,0.000,0.000,-42.955,30.587,0.000,0.000,0.000,0.000,0.000,0.000,0.000,0.000,0.000,0.006,3.2,11.30,32.0,0.000,0.000,0.000,0.006,0.000,0.000,0.000,0.000,0.000,0.000,0.000,0.000,0.000,0.006,0.000,0.000,0.006,0.000
20.7045,207,0,move,-1,20.7045,20.7166,0,0.000,0.000,0.176,-0.264,-0.088,0.088,-0.264,-42.979,30.762,0.000,0.000,-0.088,-0.088,0.176,0.000,0.000,0.439,0.176,0.000,0.000,0.000,0.000,0.000,0.000,0.000,-42.955,30.587,0.000,0.000,0.000,0.000,0.000,0.000,0.000,0.000,0.000,0.006,3.2,11.30,32.0,0.000,0.000,0.000,0.006,0.000,0.000,0.006,0.000,0.006,0.000,0.000,0.000,0.000,0.006,0.000,0.000,0.006,0.006
20.8045,208,0,move,-1,20.8045,20.8144,0,0.000,0.000,0.176,-0.264,-0.088,0.088,-0.264,-42.979,30.762,0.000,0.000,-0.088,-0.088,0.176,0.000,0.000,0.439,0.176,0.000,0.000,0.000,0.000,0.000,0.000,0.000,-42.955,30.587,0.000,0.000,0.000,0.000,0.000,0.000,0.000,0.000,0.000,0.006,3.2,11.30,32.0,0.000,0.000,0.000,0.006,0.000,0.000,0.006,0.000,0.006,0.000,0.000,0.000,0.000,0.006,0.000,0.000,0.006,0.006
20.9045,209,0,move,-1,20.9045,20.9159,0,0.000,0.000,0.176,-0.264,-0.088,0.088,-0.264,-42.979,30.762,0.000,0.000,-0.088,-0.088,0.176,0.000,0.000,0.439,0.176,0.000,0.000,0.000,0.000,0.000,0.000,0.000,-42.955,30.587,0.000,0.000,0.000,0.000,0.000,0.000,0.000,0.000,0.000,0.013,4.8,11.30,32.0,0.000,0.000,0.000,0.006,0.000,0.000,0.006,0.000,0.006,0.000,0.000,0.000,0.000,0.006,0.000,0.000,0.013,0.000
21.0104,210,0,move,-1,21.0104,21.0243,0,0.000,0.000,0.176,-0.264,-0.088,0.088,-0.264,-42.979,30.762,0.000,0.000,-0.088,-0.088,0.176,0.000,0.000,0.439,0.176,0.000,0.000,0.000,0.000,0.000,0.000,0.000,-42.955,30.587,0.000,0.000,0.000,0.000,0.000,0.000,0.000,0.000,0.000,0.013,4.8,11.30,32.0,0.000,0.000,0.000,0.000,0.000,0.000,0.006,0.000,0.000,0.000,0.000,0.000,0.000,0.006,0.000,0.000,0.013,0.006
21.1043,211,0,move,-1,21.1043,21.1143,0,0.000,0.000,0.176,-0.264,-0.088,0.088,-0.264,-42.979,30.762,0.000,0.000,-0.088,-0.088,0.176,0.000,0.000,0.439,0.176,0.000,0.000,0.000,0.000,0.000,0.000,0.000,-42.955,30.587,0.000,0.000,0.000,0.000,0.000,0.000,0.000,0.000,0.000,0.013,4.8,11.30,32.0,0.000,0.000,0.000,0.000,0.000,0.000,0.006,0.000,0.000,0.000,0.000,0.000,0.000,0.006,0.000,0.000,0.013,0.006
21.2044,212,0,move,-1,21.2044,21.2139,0,0.000,0.000,0.176,-0.264,-0.088,0.088,-0.264,-42.979,30.762,0.000,0.000,-0.088,-0.088,0.176,0.000,0.000,0.439,0.176,0.000,0.000,0.000,0.000,0.000,0.000,0.000,-42.955,30.587,0.000,0.000,0.000,0.000,0.000,0.000,0.000,0.000,0.000,0.013,4.8,11.30,32.0,0.000,0.000,0.006,0.006,0.000,0.000,0.006,0.000,0.006,0.000,0.000,0.000,0.000,0.006,0.000,0.000,0.013,0.000
21.3045,213,0,move,-1,21.3045,21.3146,0,0.000,0.000,0.176,-0.264,-0.088,0.088,-0.264,-42.979,30.762,0.000,0.000,-0.088,-0.088,0.176,0.000,0.000,0.439,0.176,0.000,0.000,0.000,0.000,0.000,0.000,0.000,-42.955,30.587,0.000,0.000,0.000,0.000,0.000,0.000,0.000,0.000,0.000,0.013,4.8,11.30,32.0,0.000,0.000,0.006,0.006,0.000,0.000,0.006,0.000,0.006,0.000,0.000,0.000,0.000,0.006,0.000,0.000,0.013,0.000
21.4045,214,0,move,-1,21.4045,21.4145,0,0.000,0.000,0.176,-0.264,-0.088,0.088,-0.264,-42.979,30.762,0.000,0.000,-0.088,-0.088,0.176,0.000,0.000,0.439,0.176,0.000,0.000,0.000,0.000,0.000,0.000,0.000,-42.955,30.587,0.000,0.000,0.000,0.000,0.000,0.000,0.000,0.000,0.000,0.013,4.8,11.30,32.0,0.000,0.000,0.006,0.006,0.000,0.000,0.006,0.000,0.006,0.000,0.000,0.000,0.000,0.006,0.000,0.000,0.013,0.000
21.5045,215,0,move,-1,21.5045,21.5152,0,0.000,0.000,0.176,-0.264,-0.088,0.088,-0.264,-42.979,30.762,0.000,0.000,-0.088,-0.088,0.176,0.000,0.000,0.439,0.176,0.000,0.000,0.000,0.000,0.000,0.000,0.000,-42.955,30.587,0.000,0.000,0.000,0.000,0.000,0.000,0.000,0.000,0.000,0.013,4.8,11.30,32.0,0.000,0.000,0.000,0.006,0.000,0.000,0.006,0.000,0.000,0.000,0.000,0.000,0.000,0.000,0.000,0.000,0.013,0.006
21.6045,216,0,move,-1,21.6045,21.6148,0,0.000,0.000,0.176,-0.264,-0.088,0.088,-0.264,-42.979,30.762,0.000,0.000,-0.088,-0.088,0.176,0.000,0.000,0.439,0.176,0.000,0.000,0.000,0.000,0.000,0.000,0.000,-42.955,30.587,0.000,0.000,0.000,0.000,0.000,0.000,0.000,0.000,0.000,0.013,4.8,11.30,32.0,0.000,0.000,0.000,0.006,0.000,0.000,0.006,0.000,0.000,0.000,0.000,0.000,0.000,0.000,0.000,0.000,0.013,0.006
21.7044,217,0,move,-1,21.7044,21.7144,0,0.000,0.000,0.176,-0.264,-0.088,0.088,-0.264,-42.979,30.762,0.000,0.000,-0.088,-0.088,0.176,0.000,0.000,0.439,0.176,0.000,0.000,0.000,0.000,0.000,0.000,0.000,-42.955,30.587,0.000,0.000,0.000,0.000,0.000,0.000,0.000,0.000,0.000,0.013,4.8,11.30,32.0,0.000,0.000,0.000,0.006,0.000,0.000,0.006,0.000,0.000,0.000,0.000,0.000,0.000,0.006,0.000,0.000,0.013,0.000
21.8045,218,0,move,-1,21.8045,21.8155,0,0.000,0.000,0.176,-0.264,-0.088,0.088,-0.264,-42.979,30.762,0.000,0.000,-0.088,-0.088,0.176,0.000,0.000,0.439,0.176,0.000,0.000,0.000,0.000,0.000,0.000,0.000,-42.955,30.587,0.000,0.000,0.000,0.000,0.000,0.000,0.000,0.000,0.000,0.006,2.4,11.30,32.0,0.000,0.000,0.000,0.000,0.000,0.000,0.000,0.000,0.006,0.000,0.000,0.000,0.000,0.006,0.000,0.000,0.006,0.006
21.9045,219,0,move,-1,21.9045,21.9164,0,0.000,0.000,0.176,-0.264,-0.088,0.088,-0.264,-42.979,30.762,0.000,0.000,-0.088,-0.088,0.176,0.000,0.000,0.439,0.176,0.000,0.000,0.000,0.000,0.000,0.000,0.000,-42.955,30.587,0.000,0.000,0.000,0.000,0.000,0.000,0.000,0.000,0.000,0.006,4.8,11.30,32.0,0.000,0.000,0.000,0.000,0.000,0.000,0.000,0.000,0.000,0.000,0.000,0.000,0.000,0.000,0.000,0.000,0.006,0.000
22.0045,220,0,move,-1,22.0045,22.0148,0,0.000,0.000,0.176,-0.264,-0.088,0.088,-0.264,-42.979,30.762,0.000,0.000,-0.088,-0.088,0.176,0.000,0.000,0.439,0.176,0.000,0.000,0.000,0.000,0.000,0.000,0.000,-43.059,30.640,0.000,0.000,0.000,0.000,0.000,0.000,0.000,0.000,0.000,0.006,4.8,11.30,32.0,0.000,0.000,0.000,0.000,0.000,0.000,0.000,0.000,0.000,0.000,0.000,0.000,0.000,0.000,0.000,0.000,0.006,0.000
22.1045,221,0,move,-1,22.1045,22.1163,0,0.000,0.000,0.176,-0.264,-0.088,0.088,-0.264,-42.979,30.762,0.000,0.000,-0.088,-0.088,0.176,0.000,0.000,0.439,0.176,0.000,0.000,0.000,0.000,0.000,0.000,0.000,-43.362,30.795,0.000,0.000,0.000,0.000,0.000,0.000,0.000,0.000,0.000,0.006,3.2,11.30,32.0,0.000,0.000,0.000,0.006,0.000,0.000,0.006,0.000,0.000,0.000,0.000,0.000,0.000,0.006,0.000,0.000,0.006,0.006
22.2043,222,0,move,-1,22.2043,22.2171,0,0.000,0.000,0.176,-0.264,-0.088,0.088,-0.264,-43.242,30.762,0.000,0.000,-0.088,-0.088,0.176,0.000,0.000,0.439,0.176,0.000,0.000,0.000,0.000,0.000,0.000,0.000,-43.833,31.033,0.000,0.000,0.000,0.000,0.000,0.000,0.000,0.000,0.000,0.006,3.2,11.30,32.0,0.000,0.000,0.000,0.006,0.000,0.000,0.006,0.006,0.000,0.000,0.000,0.000,0.000,0.006,0.000,0.000,0.006,0.000
22.3045,223,0,move,-1,22.3045,22.3166,0,0.000,0.000,0.176,-0.264,-0.088,0.088,-0.264,-43.594,30.762,0.000,0.000,-0.088,-0.088,0.176,0.000,0.000,0.439,0.176,0.000,0.000,0.000,0.000,0.000,0.000,0.000,-44.421,31.329,0.000,0.000,0.000,0.000,0.000,0.000,0.000,0.000,0.000,0.006,3.2,11.30,32.0,0.000,0.000,0.000,0.006,0.000,0.000,0.006,0.006,0.000,0.000,0.000,0.000,0.000,0.006,0.000,0.000,0.006,0.000
22.4045,224,0,move,-1,22.4045,22.4174,0,0.000,0.000,0.176,-0.264,-0.088,0.088,-0.264,-43.945,31.025,0.000,0.000,-0.088,-0.088,0.176,0.000,0.000,0.439,0.176,0.000,0.000,0.000,0.000,0.000,0.000,0.000,-45.069,31.653,0.000,0.000,0.000,0.000,0.000,0.000,0.000,0.000,0.000,0.026,6.0,11.20,30.0,0.000,0.000,0.000,0.006,0.000,0.000,0.006,0.026,0.006,0.000,0.000,0.000,0.000,0.006,0.000,0.000,0.013,0.000
22.5045,225,0,move,-1,22.5045,22.5162,0,0.000,0.000,0.176,-0.264,-0.088,0.088,-0.264,-44.209,31.113,0.000,0.000,-0.088,-0.088,0.176,0.000,0.000,0.439,0.176,0.000,0.000,0.000,0.000,0.000,0.000,0.000,-45.712,31.972,0.000,0.000,0.000,0.000,0.000,0.000,0.000,0.000,0.000,0.026,6.0,11.20,30.0,0.000,0.000,0.000,0.006,0.000,0.000,0.006,0.026,0.006,0.000,0.000,0.000,0.000,0.006,0.000,0.000,0.013,0.000
22.6045,226,0,move,-1,22.6045,22.6148,0,0.000,0.000,0.176,-0.264,-0.088,0.088,-0.264,-45.000,31.641,0.000,0.000,-0.088,-0.088,0.176,0.000,0.000,0.439,0.176,0.000,0.000,0.000,0.000,0.000,0.000,0.000,-46.288,32.255,0.000,0.000,0.000,0.000,0.000,0.000,0.000,0.000,0.000,0.026,6.8,11.20,30.0,0.000,0.000,0.000,0.000,0.000,0.000,0.000,0.026,0.006,0.000,0.000,0.000,0.000,0.006,0.000,0.000,0.006,0.000
22.7046,227,0,move,-1,22.7046,22.7224,0,0.000,0.000,0.176,-0.264,-0.088,0.088,-0.264,-45.791,31.992,0.000,0.000,-0.088,-0.088,0.176,0.000,0.000,0.439,0.176,0.000,0.000,0.000,0.000,0.000,0.000,0.000,-46.742,32.477,0.000,0.000,0.000,0.000,0.000,0.000,0.000,0.000,0.000,0.019,6.0,11.20,30.0,0.000,0.000,0.000,0.000,0.000,0.000,0.000,0.019,0.006,0.000,0.000,0.000,0.000,0.006,0.000,0.000,0.006,0.000
22.8045,228,0,move,-1,22.8045,22.8152,0,0.000,0.000,0.176,-0.264,-0.088,0.088,-0.264,-46.230,32.256,0.000,0.000,-0.088,-0.088,0.176,0.000,0.000,0.439,0.176,0.000,0.000,0.000,0.000,0.000,0.000,0.000,-47.033,32.619,0.000,0.000,0.000,0.000,0.000,0.000,0.000,0.000,0.000,0.019,6.0,11.20,30.0,0.000,0.000,0.000,0.000,0.000,0.000,0.000,0.019,0.006,0.000,0.000,0.000,0.000,0.006,0.000,0.000,0.006,0.000
22.9045,229,0,move,-1,22.9045,22.9167,0,0.000,0.000,0.176,-0.264,-0.088,0.088,-0.264,-46.582,32.344,0.000,0.000,-0.088,-0.088,0.176,0.000,0.000,0.439,0.176,0.000,0.000,0.000,0.000,0.000,0.000,0.000,-47.133,32.667,0.000,0.000,0.000,0.000,0.000,0.000,0.000,0.000,0.000,0.013,4.4,11.20,30.0,0.000,0.000,0.000,0.006,0.000,0.000,0.000,0.013,0.000,0.000,0.000,0.000,0.000,0.006,0.000,0.000,0.006,0.006
23.0045,230,0,move,-1,23.0045,23.0154,0,0.000,0.000,0.176,-0.264,-0.088,0.088,-0.264,-46.758,32.344,0.000,0.000,-0.088,-0.088,0.176,0.000,0.000,0.439,0.176,0.000,0.000,0.000,0.000,0.000,0.000,0.000,-47.133,32.667,0.000,0.000,0.000,0.000,0.000,0.000,0.000,0.000,0.000,0.013,4.4,11.20,30.0,0.000,0.000,0.000,0.006,0.000,0.000,0.000,0.013,0.000,0.000,0.000,0.000,0.000,0.006,0.000,0.000,0.006,0.006
23.1043,231,0,move,-1,23.1043,23.1100,0,0.000,0.000,0.176,-0.264,-0.088,0.088,-0.264,-46.758,32.344,0.000,0.000,-0.088,-0.088,0.176,0.000,0.000,0.439,0.176,0.000,0.000,0.000,0.000,0.000,0.000,0.000,-47.133,32.667,0.000,0.000,0.000,0.000,0.000,0.000,0.000,0.000,0.000,0.013,4.0,11.20,30.0,0.000,0.000,0.006,0.006,0.000,0.000,0.006,0.013,0.006,0.000,0.000,0.000,0.000,0.006,0.000,0.000,0.006,0.000
23.2045,232,0,move,-1,23.2045,23.2167,0,0.000,0.000,0.176,-0.264,-0.088,0.088,-0.264,-46.758,32.344,0.000,0.000,-0.088,-0.088,0.176,0.000,0.000,0.439,0.176,0.000,0.000,0.000,0.000,0.000,0.000,0.000,-47.133,32.667,0.000,0.000,0.000,0.000,0.000,0.000,0.000,0.000,0.000,0.013,4.0,11.20,30.0,0.000,0.000,0.000,0.006,0.000,0.000,0.006,0.013,0.006,0.000,0.000,0.000,0.000,0.006,0.000,0.000,0.006,0.000
23.3045,233,0,move,-1,23.3045,23.3144,0,0.000,0.000,0.176,-0.264,-0.088,0.088,-0.264,-46.758,32.344,0.000,0.000,-0.088,-0.088,0.176,0.000,0.000,0.439,0.176,0.000,0.000,0.000,0.000,0.000,0.000,0.000,-47.133,32.667,0.000,0.000,0.000,0.000,0.000,0.000,0.000,0.000,0.000,0.013,4.0,11.20,30.0,0.000,0.000,0.000,0.006,0.000,0.000,0.006,0.013,0.006,0.000,0.000,0.000,0.000,0.006,0.000,0.000,0.006,0.000
23.4043,234,0,move,-1,23.4043,23.4156,0,0.000,0.000,0.176,-0.264,-0.088,0.088,-0.264,-46.758,32.344,0.000,0.000,-0.088,-0.088,0.176,0.000,0.000,0.439,0.176,0.000,0.000,0.000,0.000,0.000,0.000,0.000,-47.133,32.667,0.000,0.000,0.000,0.000,0.000,0.000,0.000,0.000,0.000,0.019,4.0,11.20,30.0,0.000,0.000,0.000,0.006,0.000,0.000,0.006,0.019,0.006,0.000,0.000,0.000,0.000,0.006,0.000,0.000,0.006,0.000
23.5043,235,0,move,-1,23.5043,23.5178,0,0.000,0.000,0.176,-0.264,-0.088,0.088,-0.264,-46.758,32.344,0.000,0.000,-0.088,-0.088,0.176,0.000,0.000,0.439,0.176,0.000,0.000,0.000,0.000,0.000,0.000,0.000,-47.133,32.667,0.000,0.000,0.000,0.000,0.000,0.000,0.000,0.000,0.000,0.013,4.0,11.20,30.0,0.000,0.000,0.000,0.000,0.000,0.000,0.006,0.013,0.000,0.000,0.000,0.000,0.000,0.006,0.000,0.000,0.013,0.000
23.6045,236,0,move,-1,23.6045,23.6166,0,0.000,0.000,0.176,-0.264,-0.088,0.088,-0.264,-46.758,32.344,0.000,0.000,-0.088,-0.088,0.176,0.000,0.000,0.439,0.176,0.000,0.000,0.000,0.000,0.000,0.000,0.000,-47.133,32.667,0.000,0.000,0.000,0.000,0.000,0.000,0.000,0.000,0.000,0.013,4.0,11.20,30.0,0.000,0.000,0.000,0.000,0.000,0.000,0.006,0.013,0.000,0.000,0.000,0.000,0.000,0.006,0.000,0.000,0.013,0.000
23.7045,237,0,move,-1,23.7045,23.7159,0,0.000,0.000,0.176,-0.264,-0.088,0.088,-0.264,-46.758,32.344,0.000,0.000,-0.088,-0.088,0.176,0.000,0.000,0.439,0.176,0.000,0.000,0.000,0.000,0.000,0.000,0.000,-47.133,32.667,0.000,0.000,0.000,0.000,0.000,0.000,0.000,0.000,0.000,0.013,4.0,11.20,30.0,0.000,0.000,0.000,0.006,0.000,0.000,0.006,0.013,0.006,0.000,0.000,0.000,0.000,0.006,0.000,0.000,0.006,0.006
23.8045,238,0,move,-1,23.8045,23.8153,0,0.000,0.000,0.176,-0.264,-0.088,0.088,-0.264,-46.758,32.344,0.000,0.000,-0.088,-0.088,0.176,0.000,0.000,0.439,0.176,0.000,0.000,0.000,0.000,0.000,0.000,0.000,-47.133,32.667,0.000,0.000,0.000,0.000,0.000,0.000,0.000,0.000,0.000,0.013,4.0,11.20,30.0,0.000,0.000,0.000,0.006,0.000,0.000,0.006,0.013,0.006,0.000,0.000,0.000,0.000,0.006,0.000,0.000,0.006,0.006
23.9057,239,0,move,-1,23.9057,23.9368,0,0.000,0.000,0.176,-0.264,-0.088,0.088,-0.264,-46.758,32.344,0.000,0.000,-0.088,-0.088,0.176,0.000,0.000,0.439,0.176,0.000,0.000,0.000,0.000,0.000,0.000,0.000,-47.133,32.667,0.000,0.000,0.000,0.000,0.000,0.000,0.000,0.000,0.000,0.019,4.0,11.20,30.0,0.000,0.000,0.000,0.000,0.000,0.000,0.006,0.019,0.006,0.000,0.000,0.000,0.000,0.006,0.000,0.000,0.006,0.000
24.0045,240,0,move,-1,24.0045,24.0154,0,0.000,0.000,0.176,-0.264,-0.088,0.088,-0.264,-46.758,32.344,0.000,0.000,-0.088,-0.088,0.176,0.000,0.000,0.439,0.176,0.000,0.000,0.000,0.000,0.000,0.000,0.000,-47.133,32.667,0.000,0.000,0.000,0.000,0.000,0.000,0.000,0.000,0.000,0.019,4.0,11.20,30.0,0.000,0.000,0.000,0.000,0.000,0.000,0.006,0.019,0.006,0.000,0.000,0.000,0.000,0.006,0.000,0.000,0.006,0.000
24.1045,241,0,move,-1,24.1045,24.1162,0,0.000,0.000,0.176,-0.264,-0.088,0.088,-0.264,-46.758,32.344,0.000,0.000,-0.088,-0.088,0.176,0.000,0.000,0.439,0.176,0.000,0.000,0.000,0.000,0.000,0.000,0.000,-47.133,32.667,0.000,0.000,0.000,0.000,0.000,0.000,0.000,0.000,0.000,0.013,4.0,11.20,30.0,0.000,0.000,0.000,0.006,0.000,0.000,0.006,0.013,0.000,0.000,0.000,0.000,0.000,0.006,0.000,0.000,0.006,0.000
24.2043,242,0,move,-1,24.2043,24.2160,0,0.000,0.000,0.176,-0.264,-0.088,0.088,-0.264,-46.758,32.344,0.000,0.000,-0.088,-0.088,0.176,0.000,0.000,0.439,0.176,0.000,0.000,0.000,0.000,0.000,0.000,0.000,-47.133,32.667,0.000,0.000,0.000,0.000,0.000,0.000,0.000,0.000,0.000,0.013,4.0,11.20,30.0,0.000,0.000,0.000,0.006,0.000,0.000,0.006,0.013,0.000,0.000,0.000,0.000,0.000,0.006,0.000,0.000,0.006,0.000
24.3045,243,0,move,-1,24.3045,24.3204,0,0.000,0.000,0.176,-0.264,-0.088,0.088,-0.264,-46.758,32.344,0.000,0.000,-0.088,-0.088,0.176,0.000,0.000,0.439,0.176,0.000,0.000,0.000,0.000,0.000,0.000,0.000,-47.133,32.667,0.000,0.000,0.000,0.000,0.000,0.000,0.000,0.000,0.000,0.013,4.0,11.20,30.0,0.000,0.000,0.000,0.006,0.000,0.000,0.000,0.013,0.006,0.000,0.000,0.000,0.000,0.006,0.000,0.000,0.006,0.000
24.4045,244,0,move,-1,24.4045,24.4140,0,0.000,0.000,0.176,-0.264,-0.088,0.088,-0.264,-46.758,32.344,0.000,0.000,-0.088,-0.088,0.176,0.000,0.000,0.439,0.176,0.000,0.000,0.000,0.000,0.000,0.000,0.000,-47.133,32.667,0.000,0.000,0.000,0.000,0.000,0.000,0.000,0.000,0.000,0.013,4.0,11.20,30.0,0.000,0.000,0.000,0.006,0.000,0.000,0.000,0.013,0.006,0.000,0.000,0.000,0.000,0.006,0.000,0.000,0.006,0.000
24.5118,245,0,move,-1,24.5118,24.5246,0,0.000,0.000,0.176,-0.264,-0.088,0.088,-0.264,-46.758,32.344,0.000,0.000,-0.088,-0.088,0.176,0.000,0.000,0.439,0.176,0.000,0.000,0.000,0.000,0.000,0.000,0.000,-47.133,32.667,0.000,0.000,0.000,0.000,0.000,0.000,0.000,0.000,0.000,0.013,4.0,11.20,30.0,0.000,0.000,0.006,0.006,0.000,0.000,0.006,0.013,0.006,0.000,0.000,0.000,0.000,0.000,0.000,0.000,0.013,0.000
24.6045,246,0,move,-1,24.6045,24.6150,0,0.000,0.000,0.176,-0.264,-0.088,0.088,-0.264,-46.758,32.344,0.000,0.000,-0.088,-0.088,0.176,0.000,0.000,0.439,0.176,0.000,0.000,0.000,0.000,0.000,0.000,0.000,-47.133,32.667,0.000,0.000,0.000,0.000,0.000,0.000,0.000,0.000,0.000,0.013,4.0,11.20,30.0,0.000,0.000,0.006,0.006,0.000,0.000,0.006,0.013,0.006,0.000,0.000,0.000,0.000,0.000,0.000,0.000,0.013,0.000
24.7045,247,0,move,-1,24.7045,24.7153,0,0.000,0.000,0.176,-0.264,-0.088,0.088,-0.264,-46.758,32.344,0.000,0.000,-0.088,-0.088,0.176,0.000,0.000,0.439,0.176,0.000,0.000,0.000,0.000,0.000,0.000,0.000,-47.133,32.667,0.000,0.000,0.000,0.000,0.000,0.000,0.000,0.000,0.000,0.013,4.0,11.20,30.0,0.000,0.000,0.006,0.000,0.000,0.000,0.006,0.013,0.006,0.000,0.000,0.000,0.000,0.000,0.000,0.000,0.006,0.006
24.8045,248,0,move,-1,24.8045,24.8174,0,0.000,0.000,0.176,-0.264,-0.088,0.088,-0.264,-46.758,32.344,0.000,0.000,-0.088,-0.088,0.176,0.000,0.000,0.439,0.176,0.000,0.000,0.000,0.000,0.000,0.000,0.000,-47.133,32.667,0.000,0.000,0.000,0.000,0.000,0.000,0.000,0.000,0.000,0.013,4.0,11.20,30.0,0.000,0.000,0.000,0.006,0.000,0.000,0.006,0.013,0.000,0.000,0.000,0.000,0.000,0.006,0.000,0.000,0.006,0.006
24.9045,249,0,move,-1,24.9045,24.9163,0,0.000,0.000,0.176,-0.264,-0.088,0.088,-0.264,-46.758,32.344,0.000,0.000,-0.088,-0.088,0.176,0.000,0.000,0.439,0.176,0.000,0.000,0.000,0.000,0.000,0.000,0.000,-47.133,32.667,0.000,0.000,0.000,0.000,0.000,0.000,0.000,0.000,0.000,0.013,4.0,11.20,30.0,0.000,0.000,0.000,0.006,0.000,0.000,0.006,0.013,0.000,0.000,0.000,0.000,0.000,0.006,0.000,0.000,0.006,0.006
25.0075,250,0,move,-1,25.0075,25.0330,0,0.000,0.000,0.176,-0.264,-0.088,0.088,-0.264,-46.758,32.344,0.000,0.000,-0.088,-0.088,0.176,0.000,0.000,0.439,0.176,0.000,0.000,0.000,0.000,0.000,0.000,0.000,-47.133,32.667,0.000,0.000,0.000,0.000,0.000,0.000,0.000,0.000,0.000,0.013,4.0,11.20,30.0,0.000,0.000,0.006,0.006,0.000,0.000,0.000,0.013,0.006,0.000,0.000,0.000,0.000,0.000,0.000,0.000,0.013,0.000
25.1045,251,0,move,-1,25.1045,25.1111,0,0.000,0.000,0.176,-0.264,-0.088,0.088,-0.264,-46.758,32.344,0.000,0.000,-0.088,-0.088,0.176,0.000,0.000,0.439,0.176,0.000,0.000,0.000,0.000,0.000,0.000,0.000,-47.133,32.667,0.000,0.000,0.000,0.000,0.000,0.000,0.000,0.000,0.000,0.013,4.0,11.20,30.0,0.000,0.000,0.006,0.006,0.000,0.000,0.000,0.013,0.006,0.000,0.000,0.000,0.000,0.000,0.000,0.000,0.013,0.000
25.2046,252,0,move,-1,25.2046,25.2148,0,0.000,0.000,0.176,-0.264,-0.088,0.088,-0.264,-46.758,32.344,0.000,0.000,-0.088,-0.088,0.176,0.000,0.000,0.439,0.176,0.000,0.000,0.000,0.000,0.000,0.000,0.000,-47.133,32.667,0.000,0.000,0.000,0.000,0.000,0.000,0.000,0.000,0.000,0.013,4.0,11.20,30.0,0.000,0.000,0.000,0.000,0.000,0.000,0.000,0.013,0.006,0.000,0.000,0.000,0.000,0.006,0.000,0.000,0.006,0.000
25.3045,253,0,move,-1,25.3045,25.3151,0,0.000,0.000,0.176,-0.264,-0.088,0.088,-0.264,-46.758,32.344,0.000,0.000,-0.088,-0.088,0.176,0.000,0.000,0.439,0.176,0.000,0.000,0.000,0.000,0.000,0.000,0.000,-47.133,32.667,0.000,0.000,0.000,0.000,0.000,0.000,0.000,0.000,0.000,0.013,4.0,11.20,30.0,0.000,0.000,0.000,0.006,0.000,0.000,0.006,0.013,0.006,0.000,0.000,0.000,0.000,0.006,0.000,0.000,0.013,0.006
25.4045,254,0,move,-1,25.4045,25.4174,0,0.000,0.000,0.176,-0.264,-0.088,0.088,-0.264,-46.758,32.344,0.000,0.000,-0.088,-0.088,0.176,0.000,0.000,0.439,0.176,0.000,0.000,0.000,0.000,0.000,0.000,0.000,-47.133,32.667,0.000,0.000,0.000,0.000,0.000,0.000,0.000,0.000,0.000,0.013,4.0,11.20,30.0,0.000,0.000,0.000,0.000,0.000,0.000,0.006,0.013,0.006,0.000,0.000,0.000,0.006,0.006,0.000,0.000,0.006,0.006
25.5045,255,0,move,-1,25.5045,25.5154,0,0.000,0.000,0.176,-0.264,-0.088,0.088,-0.264,-46.758,32.344,0.000,0.000,-0.088,-0.088,0.176,0.000,0.000,0.439,0.176,0.000,0.000,0.000,0.000,0.000,0.000,0.000,-47.133,32.667,0.000,0.000,0.000,0.000,0.000,0.000,0.000,0.000,0.000,0.013,4.0,11.20,30.0,0.000,0.000,0.000,0.000,0.000,0.000,0.006,0.013,0.006,0.000,0.000,0.000,0.006,0.006,0.000,0.000,0.006,0.006
25.6052,256,0,move,-1,25.6052,25.6407,0,0.000,0.000,0.176,-0.264,-0.088,0.088,-0.264,-46.758,32.344,0.000,0.000,-0.088,-0.088,0.176,0.000,0.000,0.439,0.176,0.000,0.000,0.000,0.000,0.000,0.000,0.000,-47.133,32.667,0.000,0.000,0.000,0.000,0.000,0.000,0.000,0.000,0.000,0.013,4.0,11.20,30.0,0.000,0.000,0.000,0.006,0.000,0.000,0.006,0.013,0.006,0.000,0.000,0.000,0.000,0.006,0.000,0.000,0.006,0.000
25.7046,257,0,move,-1,25.7046,25.7196,0,0.000,0.000,0.176,-0.264,-0.088,0.088,-0.264,-46.758,32.344,0.000,0.000,-0.088,-0.088,0.176,0.000,0.000,0.439,0.176,0.000,0.000,0.000,0.000,0.000,0.000,0.000,-47.133,32.667,0.000,0.000,0.000,0.000,0.000,0.000,0.000,0.000,0.000,0.013,4.0,11.20,30.0,0.000,0.000,0.000,0.006,0.000,0.000,0.006,0.013,0.006,0.000,0.000,0.000,0.000,0.006,0.000,0.000,0.006,0.000
25.8045,258,0,move,-1,25.8045,25.8147,0,0.000,0.000,0.176,-0.264,-0.088,0.088,-0.264,-46.758,32.344,0.000,0.000,-0.088,-0.088,0.176,0.000,0.000,0.439,0.176,0.000,0.000,0.000,0.000,0.000,0.000,0.000,-47.133,32.667,0.000,0.000,0.000,0.000,0.000,0.000,0.000,0.000,0.000,0.013,4.0,11.20,30.0,0.000,0.000,0.000,0.006,0.000,0.000,0.006,0.013,0.006,0.000,0.000,0.000,0.000,0.006,0.000,0.000,0.006,0.006
25.9045,259,0,move,-1,25.9045,25.9162,0,0.000,0.000,0.176,-0.264,-0.088,0.088,-0.264,-46.758,32.344,0.000,0.000,-0.088,-0.088,0.176,0.000,0.000,0.439,0.176,0.000,0.000,0.000,0.000,0.000,0.000,0.000,-47.133,32.667,0.000,0.000,0.000,0.000,0.000,0.000,0.000,0.000,0.000,0.013,4.0,11.20,30.0,0.000,0.000,0.000,0.006,0.000,0.000,0.006,0.013,0.006,0.000,0.000,0.000,0.000,0.006,0.000,0.000,0.006,0.006
26.0045,260,0,move,-1,26.0045,26.0158,0,0.000,0.000,0.176,-0.264,-0.088,0.088,-0.264,-46.758,32.344,0.000,0.000,-0.088,-0.088,0.176,0.000,0.000,0.439,0.176,0.000,0.000,0.000,0.000,0.000,0.000,0.000,-47.233,32.716,0.000,0.000,0.000,0.000,0.000,0.000,0.000,0.000,0.000,0.013,4.0,11.20,30.0,0.000,0.000,0.000,0.006,0.000,0.000,0.006,0.013,0.006,0.000,0.000,0.000,0.000,0.006,0.000,0.000,0.006,0.006
26.1043,261,0,move,-1,26.1043,26.1108,0,0.000,0.000,0.176,-0.264,-0.088,0.088,-0.264,-46.758,32.344,0.000,0.000,-0.088,-0.088,0.176,0.000,0.000,0.439,0.176,0.000,0.000,0.000,0.000,0.000,0.000,0.000,-47.522,32.856,0.000,0.000,0.000,0.000,0.000,0.000,0.000,0.000,0.000,0.019,5.2,11.20,30.0,0.000,0.000,0.000,0.006,0.000,0.000,0.006,0.019,0.006,0.000,0.000,0.000,0.000,0.006,0.000,0.000,0.006,0.000
26.2045,262,0,move,-1,26.2045,26.2162,0,0.000,0.000,0.176,-0.264,-0.088,0.088,-0.264,-47.197,32.607,0.000,0.000,-0.088,-0.088,0.176,0.000,0.000,0.439,0.176,0.000,0.000,0.000,0.000,0.000,0.000,0.000,-47.971,33.071,0.000,0.000,0.000,0.000,0.000,0.000,0.000,0.000,0.000,0.026,6.8,11.20,30.0,0.000,0.000,0.000,0.006,0.000,0.000,0.006,0.026,0.006,0.000,0.000,0.000,0.000,0.006,0.000,0.000,0.013,0.006
26.3045,263,0,move,-1,26.3045,26.3162,0,0.000,0.000,0.176,-0.264,-0.088,0.088,-0.264,-47.637,32.783,0.000,0.000,-0.088,-0.088,0.176,0.000,0.000,0.439,0.176,0.000,0.000,0.000,0.000,0.000,0.000,0.000,-48.535,33.340,0.000,0.000,0.000,0.000,0.000,0.000,0.000,0.000,0.000,0.026,6.8,11.20,30.0,0.000,0.000,0.000,0.006,0.000,0.000,0.006,0.026,0.006,0.000,0.000,0.000,0.000,0.006,0.000,0.000,0.013,0.006
26.4043,264,0,move,-1,26.4043,26.4162,0,0.000,0.000,0.176,-0.264,-0.088,0.088,-0.264,-47.988,32.959,0.000,0.000,-0.088,-0.088,0.176,0.000,0.000,0.439,0.176,0.000,0.000,0.000,0.000,0.000,0.000,0.000,-49.154,33.634,0.000,0.000,0.000,0.000,0.000,0.000,0.000,0.000,0.000,0.033,7.2,11.20,30.0,0.000,0.000,0.000,0.006,0.000,0.000,0.006,0.033,0.000,0.000,0.000,0.000,0.000,0.006,0.000,0.000,0.006,0.006
26.5046,265,0,move,-1,26.5046,26.5165,0,0.000,0.000,0.176,-0.264,-0.088,0.088,-0.264,-48.691,33.311,0.000,0.000,-0.088,-0.088,0.176,0.000,0.000,0.439,0.176,0.000,0.000,0.000,0.000,0.000,0.000,0.000,-49.772,33.924,0.000,0.000,0.000,0.000,0.000,0.000,0.000,0.000,0.000,0.019,6.4,11.20,31.0,0.000,0.000,0.000,0.006,0.000,0.000,0.006,0.019,0.013,0.000,0.000,0.000,0.000,0.006,0.000,0.000,0.006,0.000
26.6043,266,0,move,-1,26.6043,26.6163,0,0.000,0.000,0.176,-0.264,-0.088,0.088,-0.264,-49.219,33.662,0.000,0.000,-0.088,-0.088,0.176,0.000,0.000,0.439,0.176,0.000,0.000,0.000,0.000,0.000,0.000,0.000,-50.327,34.182,0.000,0.000,0.000,0.000,0.000,0.000,0.000,0.000,0.000,0.019,6.4,11.20,31.0,0.000,0.000,0.000,0.006,0.000,0.000,0.006,0.019,0.013,0.000,0.000,0.000,0.000,0.006,0.000,0.000,0.006,0.000
26.7045,267,0,move,-1,26.7045,26.7176,0,0.000,0.000,0.176,-0.264,-0.088,0.088,-0.264,-49.834,33.838,0.000,0.000,-0.088,-0.088,0.176,0.000,0.000,0.439,0.176,0.000,0.000,0.000,0.000,0.000,0.000,0.000,-50.765,34.384,0.000,0.000,0.000,0.000,0.000,0.000,0.000,0.000,0.000,0.033,7.6,11.20,30.0,0.000,0.000,0.000,0.006,0.000,0.000,0.006,0.033,0.000,0.000,0.000,0.000,0.000,0.006,0.000,0.000,0.006,0.000
26.8043,268,0,move,-1,26.8043,26.8149,0,0.000,0.000,0.176,-0.264,-0.088,0.088,-0.264,-50.361,34.189,0.000,0.000,-0.088,-0.088,0.176,0.000,0.000,0.439,0.176,0.000,0.000,0.000,0.000,0.000,0.000,0.000,-51.045,34.512,0.000,0.000,0.000,0.000,0.000,0.000,0.000,0.000,0.000,0.033,7.6,11.20,30.0,0.000,0.000,0.000,0.006,0.000,0.000,0.006,0.033,0.000,0.000,0.000,0.000,0.000,0.006,0.000,0.000,0.006,0.000
26.9044,269,0,move,-1,26.9044,26.9149,0,0.000,0.000,0.176,-0.264,-0.088,0.088,-0.264,-50.625,34.277,0.000,0.000,-0.088,-0.088,0.176,0.000,0.000,0.439,0.176,0.000,0.000,0.000,0.000,0.000,0.000,0.000,-51.141,34.556,0.000,0.000,0.000,0.000,0.000,0.000,0.000,0.000,0.000,0.019,6.4,11.20,30.0,0.000,0.000,0.000,0.006,0.000,0.000,0.000,0.019,0.000,0.000,0.000,0.000,0.000,0.006,0.000,0.000,0.006,0.006
27.0045,270,0,move,-1,27.0045,27.0168,0,0.000,0.000,0.176,-0.264,-0.088,0.088,-0.264,-50.713,34.365,0.000,0.000,-0.088,-0.088,0.176,0.000,0.000,0.439,0.176,0.000,0.000,0.000,0.000,0.000,0.000,0.000,-51.141,34.556,0.000,0.000,0.000,0.000,0.000,0.000,0.000,0.000,0.000,0.013,4.8,11.20,30.0,0.000,0.000,0.000,0.000,0.000,0.000,0.000,0.013,0.006,0.000,0.000,0.000,0.000,0.006,0.000,0.000,0.013,0.006
27.1045,271,0,move,-1,27.1045,27.1160,0,0.000,0.000,0.176,-0.264,-0.088,0.088,-0.264,-50.801,34.365,0.000,0.000,-0.088,-0.088,0.176,0.000,0.000,0.439,0.176,0.000,0.000,0.000,0.000,0.000,0.000,0.000,-51.141,34.556,0.000,0.000,0.000,0.000,0.000,0.000,0.000,0.000,0.000,0.013,4.8,11.20,30.0,0.000,0.000,0.000,0.000,0.000,0.000,0.000,0.013,0.006,0.000,0.000,0.000,0.000,0.006,0.000,0.000,0.013,0.006
27.2045,272,0,move,-1,27.2045,27.2176,0,0.000,0.000,0.176,-0.264,-0.088,0.088,-0.264,-50.801,34.365,0.000,0.000,-0.088,-0.088,0.176,0.000,0.000,0.439,0.176,0.000,0.000,0.000,0.000,0.000,0.000,0.000,-51.141,34.556,0.000,0.000,0.000,0.000,0.000,0.000,0.000,0.000,0.000,0.019,4.0,11.20,30.0,0.000,0.000,0.006,0.000,0.000,0.000,0.006,0.019,0.000,0.000,0.000,0.000,0.000,0.006,0.000,0.000,0.006,0.006
27.3059,273,0,move,-1,27.3059,27.3170,0,0.000,0.000,0.176,-0.264,-0.088,0.088,-0.264,-50.801,34.365,0.000,0.000,-0.088,-0.088,0.176,0.000,0.000,0.439,0.176,0.000,0.000,0.000,0.000,0.000,0.000,0.000,-51.141,34.556,0.000,0.000,0.000,0.000,0.000,0.000,0.000,0.000,0.000,0.019,4.0,11.20,30.0,0.000,0.000,0.006,0.000,0.000,0.000,0.006,0.019,0.000,0.000,0.000,0.000,0.000,0.006,0.000,0.000,0.006,0.006
27.4045,274,0,move,-1,27.4045,27.4179,0,0.000,0.000,0.176,-0.264,-0.088,0.088,-0.264,-50.801,34.365,0.000,0.000,-0.088,-0.088,0.176,0.000,0.000,0.439,0.176,0.000,0.000,0.000,0.000,0.000,0.000,0.000,-51.141,34.556,0.000,0.000,0.000,0.000,0.000,0.000,0.000,0.000,0.000,0.013,4.0,11.20,30.0,0.000,0.000,0.000,0.006,0.000,0.000,0.006,0.013,0.000,0.000,0.000,0.000,0.000,0.006,0.000,0.000,0.013,0.000
27.5045,275,0,move,-1,27.5045,27.5164,0,0.000,0.000,0.176,-0.264,-0.088,0.088,-0.264,-50.801,34.365,0.000,0.000,-0.088,-0.088,0.176,0.000,0.000,0.439,0.176,0.000,0.000,0.000,0.000,0.000,0.000,0.000,-51.141,34.556,0.000,0.000,0.000,0.000,0.000,0.000,0.000,0.000,0.000,0.013,4.0,11.20,30.0,0.000,0.000,0.000,0.006,0.000,0.000,0.006,0.013,0.000,0.000,0.000,0.000,0.000,0.006,0.000,0.000,0.013,0.000
27.6045,276,0,move,-1,27.6045,27.6158,0,0.000,0.000,0.176,-0.264,-0.088,0.088,-0.264,-50.801,34.365,0.000,0.000,-0.088,-0.088,0.176,0.000,0.000,0.439,0.176,0.000,0.000,0.000,0.000,0.000,0.000,0.000,-51.141,34.556,0.000,0.000,0.000,0.000,0.000,0.000,0.000,0.000,0.000,0.013,4.0,11.20,30.0,0.006,0.000,0.006,0.006,0.000,0.000,0.006,0.013,0.006,0.000,0.000,0.000,0.000,0.006,0.000,0.000,0.006,0.006
27.7046,277,0,move,-1,27.7046,27.7150,0,0.000,0.000,0.176,-0.264,-0.088,0.088,-0.264,-50.801,34.365,0.000,0.000,-0.088,-0.088,0.176,0.000,0.000,0.439,0.176,0.000,0.000,0.000,0.000,0.000,0.000,0.000,-51.141,34.556,0.000,0.000,0.000,0.000,0.000,0.000,0.000,0.000,0.000,0.013,4.0,11.20,30.0,0.006,0.000,0.006,0.006,0.000,0.000,0.006,0.013,0.006,0.000,0.000,0.000,0.000,0.006,0.000,0.000,0.006,0.006
27.8045,278,0,move,-1,27.8045,27.8152,0,0.000,0.000,0.176,-0.264,-0.088,0.088,-0.264,-50.801,34.365,0.000,0.000,-0.088,-0.088,0.176,0.000,0.000,0.439,0.176,0.000,0.000,0.000,0.000,0.000,0.000,0.000,-51.141,34.556,0.000,0.000,0.000,0.000,0.000,0.000,0.000,0.000,0.000,0.013,4.0,11.20,30.0,0.000,0.000,0.000,0.000,0.000,0.000,0.006,0.013,0.000,0.000,0.000,0.000,0.000,0.006,0.000,0.000,0.013,0.000
27.9045,279,0,move,-1,27.9045,27.9180,0,0.000,0.000,0.176,-0.264,-0.088,0.088,-0.264,-50.801,34.365,0.000,0.000,-0.088,-0.088,0.176,0.000,0.000,0.439,0.176,0.000,0.000,0.000,0.000,0.000,0.000,0.000,-51.141,34.556,0.000,0.000,0.000,0.000,0.000,0.000,0.000,0.000,0.000,0.013,4.0,11.20,30.0,0.000,0.000,0.000,0.006,0.000,0.000,0.006,0.013,0.000,0.000,0.000,0.000,0.000,0.006,0.000,0.000,0.006,0.006
28.0045,280,0,move,-1,28.0045,28.0161,0,0.000,0.000,0.176,-0.264,-0.088,0.088,-0.264,-50.801,34.365,0.000,0.000,-0.088,-0.088,0.176,0.000,0.000,0.439,0.176,0.000,0.000,0.000,0.000,0.000,0.000,0.000,-51.141,34.556,0.000,0.000,0.000,0.000,0.000,0.000,0.000,0.000,0.000,0.013,4.0,11.20,30.0,0.000,0.000,0.000,0.006,0.000,0.000,0.006,0.013,0.000,0.000,0.000,0.000,0.000,0.006,0.000,0.000,0.006,0.006
28.1067,281,0,move,-1,28.1067,28.1577,0,0.000,0.000,0.176,-0.264,-0.088,0.088,-0.264,-50.801,34.365,0.000,0.000,-0.088,-0.088,0.176,0.000,0.000,0.439,0.176,0.000,0.000,0.000,0.000,0.000,0.000,0.000,-51.141,34.556,0.000,0.000,0.000,0.000,0.000,0.000,0.000,0.000,0.000,0.013,4.0,11.20,30.0,0.000,0.000,0.000,0.000,0.000,0.000,0.006,0.013,0.006,0.000,0.000,0.000,0.000,0.006,0.000,0.000,0.006,0.000
28.2043,282,0,move,-1,28.2043,28.2146,0,0.000,0.000,0.176,-0.264,-0.088,0.088,-0.264,-50.801,34.365,0.000,0.000,-0.088,-0.088,0.176,0.000,0.000,0.439,0.176,0.000,0.000,0.000,0.000,0.000,0.000,0.000,-51.141,34.556,0.000,0.000,0.000,0.000,0.000,0.000,0.000,0.000,0.000,0.013,4.0,11.20,30.0,0.000,0.000,0.000,0.000,0.000,0.000,0.006,0.013,0.006,0.000,0.000,0.000,0.000,0.006,0.000,0.000,0.006,0.000
28.3045,283,0,move,-1,28.3045,28.3164,0,0.000,0.000,0.176,-0.264,-0.088,0.088,-0.264,-50.801,34.365,0.000,0.000,-0.088,-0.088,0.176,0.000,0.000,0.439,0.176,0.000,0.000,0.000,0.000,0.000,0.000,0.000,-51.141,34.556,0.000,0.000,0.000,0.000,0.000,0.000,0.000,0.000,0.000,0.013,4.0,11.20,30.0,0.000,0.000,0.000,0.000,0.000,0.000,0.000,0.013,0.000,0.000,0.000,0.000,0.000,0.006,0.000,0.000,0.006,0.000
28.4045,284,0,move,-1,28.4045,28.4191,0,0.000,0.000,0.176,-0.264,-0.088,0.088,-0.264,-50.801,34.365,0.000,0.000,-0.088,-0.088,0.176,0.000,0.000,0.439,0.176,0.000,0.000,0.000,0.000,0.000,0.000,0.000,-51.141,34.556,0.000,0.000,0.000,0.000,0.000,0.000,0.000,0.000,0.000,0.013,4.0,11.20,30.0,0.000,,0.000,0.000,0.000,0.000,0.006,0.013,0.006,0.000,0.000,0.000,0.000,0.006,0.000,0.000,0.006,0.006
28.5045,285,0,move,-1,28.5045,28.5161,0,0.000,0.000,0.176,-0.264,-0.088,0.088,-0.264,-50.801,34.365,0.000,0.000,-0.088,-0.088,0.176,0.000,0.000,0.439,0.176,0.000,0.000,0.000,0.000,0.000,0.000,0.000,-51.141,34.556,0.000,0.000,0.000,0.000,0.000,0.000,0.000,0.000,0.000,0.013,4.0,11.20,30.0,0.000,,0.000,0.000,0.000,0.000,0.006,0.013,0.006,0.000,0.000,0.000,0.000,0.006,0.000,0.000,0.006,0.006
28.6045,286,0,move,-1,28.6045,28.6154,0,0.000,0.000,0.176,-0.264,-0.088,0.088,-0.264,-50.801,34.365,0.000,0.000,-0.088,-0.088,0.176,0.000,0.000,0.439,0.176,0.000,0.000,0.000,0.000,0.000,0.000,0.000,-51.141,34.556,0.000,0.000,0.000,0.000,0.000,0.000,0.000,0.000,0.000,0.013,4.0,11.20,30.0,0.000,0.000,0.006,0.006,0.000,0.000,0.000,0.013,0.000,0.000,0.000,0.000,0.000,0.006,0.000,0.000,0.006,0.000
28.7045,287,0,move,-1,28.7045,28.7143,0,0.000,0.000,0.176,-0.264,-0.088,0.088,-0.264,-50.801,34.365,0.000,0.000,-0.088,-0.088,0.176,0.000,0.000,0.439,0.176,0.000,0.000,0.000,0.000,0.000,0.000,0.000,-51.141,34.556,0.000,0.000,0.000,0.000,0.000,0.000,0.000,0.000,0.000,0.013,4.0,11.20,30.0,0.000,0.000,0.006,0.006,0.000,0.000,0.000,0.013,0.000,0.000,0.000,0.000,0.000,0.006,0.000,0.000,0.006,0.000
28.8045,288,0,move,-1,28.8045,28.8186,0,0.000,0.000,0.176,-0.264,-0.088,0.088,-0.264,-50.801,34.365,0.000,0.000,-0.088,-0.088,0.176,0.000,0.000,0.439,0.176,0.000,0.000,0.000,0.000,0.000,0.000,0.000,-51.141,34.556,0.000,0.000,0.000,0.000,0.000,0.000,0.000,0.000,0.000,0.013,4.0,11.20,30.0,0.000,0.000,0.000,0.006,0.000,0.000,0.000,0.013,0.000,0.000,0.000,0.000,0.000,0.006,0.000,0.000,0.006,0.000
28.9045,289,0,move,-1,28.9045,28.9153,0,0.000,0.000,0.176,-0.264,-0.088,0.088,-0.264,-50.801,34.365,0.000,0.000,-0.088,-0.088,0.176,0.000,0.000,0.439,0.176,0.000,0.000,0.000,0.000,0.000,0.000,0.000,-51.141,34.556,0.000,0.000,0.000,0.000,0.000,0.000,0.000,0.000,0.000,0.013,4.0,11.20,30.0,0.000,0.000,0.000,0.006,0.000,0.000,0.000,0.013,0.000,0.000,0.000,0.000,0.000,0.006,0.000,0.000,0.006,0.000
29.0045,290,0,move,-1,29.0045,29.0160,0,0.000,0.000,0.176,-0.264,-0.088,0.088,-0.264,-50.801,34.365,0.000,0.000,-0.088,-0.088,0.176,0.000,0.000,0.439,0.176,0.000,0.000,0.000,0.000,0.000,0.000,0.000,-51.141,34.556,0.000,0.000,0.000,0.000,0.000,0.000,0.000,0.000,0.000,0.013,4.0,11.20,30.0,0.000,0.000,0.000,0.006,0.000,0.000,0.000,0.013,0.000,0.000,0.000,0.000,0.000,0.006,0.000,0.000,0.006,0.000
29.1045,291,0,move,-1,29.1045,29.1155,0,0.000,0.000,0.176,-0.264,-0.088,0.088,-0.264,-50.801,34.365,0.000,0.000,-0.088,-0.088,0.176,0.000,0.000,0.439,0.176,0.000,0.000,0.000,0.000,0.000,0.000,0.000,-51.141,34.556,0.000,0.000,0.000,0.000,0.000,0.000,0.000,0.000,0.000,0.013,4.0,11.20,30.0,0.000,0.000,0.000,0.006,0.000,0.000,0.000,0.013,0.000,0.000,0.000,0.000,0.000,0.006,0.000,0.000,0.006,0.000
29.2045,292,0,move,-1,29.2045,29.2151,0,0.000,0.000,0.176,-0.264,-0.088,0.088,-0.264,-50.801,34.365,0.000,0.000,-0.088,-0.088,0.176,0.000,0.000,0.439,0.176,0.000,0.000,0.000,0.000,0.000,0.000,0.000,-51.141,34.556,0.000,0.000,0.000,0.000,0.000,0.000,0.000,0.000,0.000,0.019,4.0,11.20,30.0,0.000,0.000,0.000,0.006,0.000,0.000,0.006,0.019,0.000,0.000,0.000,0.000,0.000,0.006,0.000,0.000,0.013,0.000
29.3045,293,0,move,-1,29.3045,29.3183,0,0.000,0.000,0.176,-0.264,-0.088,0.088,-0.264,-50.801,34.365,0.000,0.000,-0.088,-0.088,0.176,0.000,0.000,0.439,0.176,0.000,0.000,0.000,0.000,0.000,0.000,0.000,-51.141,34.556,0.000,0.000,0.000,0.000,0.000,0.000,0.000,0.000,0.000,0.013,4.0,11.20,30.0,0.000,0.000,0.000,0.000,0.000,0.000,0.000,0.013,0.000,0.000,0.000,0.000,0.000,0.006,0.000,0.000,0.013,0.006
29.4043,294,0,move,-1,29.4043,29.4162,0,0.000,0.000,0.176,-0.264,-0.088,0.088,-0.264,-50.801,34.365,0.000,0.000,-0.088,-0.088,0.176,0.000,0.000,0.439,0.176,0.000,0.000,0.000,0.000,0.000,0.000,0.000,-51.141,34.556,0.000,0.000,0.000,0.000,0.000,0.000,0.000,0.000,0.000,0.013,4.0,11.20,30.0,0.000,0.000,0.000,0.000,0.000,0.000,0.000,0.013,0.000,0.000,0.000,0.000,0.000,0.006,0.000,0.000,0.013,0.006
29.5043,295,0,move,-1,29.5043,29.5142,0,0.000,0.000,0.176,-0.264,-0.088,0.088,-0.264,-50.801,34.365,0.000,0.000,-0.088,-0.088,0.176,0.000,0.000,0.439,0.176,0.000,0.000,0.000,0.000,0.000,0.000,0.000,-51.141,34.556,0.000,0.000,0.000,0.000,0.000,0.000,0.000,0.000,0.000,0.013,4.0,11.20,30.0,0.000,0.000,0.006,0.006,0.000,0.000,0.006,0.013,0.000,0.000,0.000,0.000,0.000,0.006,0.000,0.000,0.006,0.006
29.6045,296,0,move,-1,29.6045,29.6529,0,0.000,0.000,0.176,-0.264,-0.088,0.088,-0.264,-50.801,34.365,0.000,0.000,-0.088,-0.088,0.176,0.000,0.000,0.439,0.176,0.000,0.000,0.000,0.000,0.000,0.000,0.000,-51.141,34.556,0.000,0.000,0.000,0.000,0.000,0.000,0.000,0.000,0.000,0.013,4.0,11.20,30.0,0.000,0.000,0.000,0.006,0.000,0.000,0.006,0.013,0.000,0.000,0.000,0.000,0.000,0.006,0.000,0.000,0.006,0.000
29.7045,297,0,move,-1,29.7045,29.7163,0,0.000,0.000,0.176,-0.264,-0.088,0.088,-0.264,-50.801,34.365,0.000,0.000,-0.088,-0.088,0.176,0.000,0.000,0.439,0.176,0.000,0.000,0.000,0.000,0.000,0.000,0.000,-51.141,34.556,0.000,0.000,0.000,0.000,0.000,0.000,0.000,0.000,0.000,0.013,4.0,11.20,30.0,0.000,0.000,0.000,0.006,0.000,0.000,0.006,0.013,0.000,0.000,0.000,0.000,0.000,0.006,0.000,0.000,0.006,0.000
29.8045,298,0,move,-1,29.8045,29.8146,0,0.000,0.000,0.176,-0.264,-0.088,0.088,-0.264,-50.801,34.365,0.000,0.000,-0.088,-0.088,0.176,0.000,0.000,0.439,0.176,0.000,0.000,0.000,0.000,0.000,0.000,0.000,-51.141,34.556,0.000,0.000,0.000,0.000,0.000,0.000,0.000,0.000,0.000,0.013,4.0,11.20,30.0,0.000,0.000,0.000,0.006,0.000,0.000,0.000,0.013,0.000,0.000,0.000,0.000,0.000,0.006,0.000,0.000,0.006,0.006
29.9045,299,0,move,-1,29.9045,29.9160,0,0.000,0.000,0.176,-0.264,-0.088,0.088,-0.264,-50.801,34.365,0.000,0.000,-0.088,-0.088,0.176,0.000,0.000,0.439,0.176,0.000,0.000,0.000,0.000,0.000,0.000,0.000,-51.141,34.556,0.000,0.000,0.000,0.000,0.000,0.000,0.000,0.000,0.000,0.013,4.0,11.20,30.0,0.000,0.000,0.000,0.000,0.000,0.000,0.006,0.013,0.000,0.000,0.000,0.000,0.000,0.006,0.000,0.000,0.006,0.000
30.0045,300,0,move,-1,30.0045,30.0151,0,0.000,0.000,0.176,-0.264,-0.088,0.088,-0.264,-50.801,34.365,0.000,0.000,-0.088,-0.088,0.176,0.000,0.000,0.439,0.176,0.000,0.000,0.000,0.000,0.000,0.000,0.000,-51.045,34.512,0.000,0.000,0.000,0.000,0.000,0.000,0.000,0.000,0.000,0.013,4.0,11.20,30.0,0.000,0.000,0.000,0.000,0.000,0.000,0.006,0.013,0.000,0.000,0.000,0.000,0.000,0.006,0.000,0.000,0.006,0.000
30.1045,301,0,move,-1,30.1045,30.1163,0,0.000,0.000,0.176,-0.264,-0.088,0.088,-0.264,-50.801,34.365,0.000,0.000,-0.088,-0.088,0.176,0.000,0.000,0.439,0.176,0.000,0.000,0.000,0.000,0.000,0.000,0.000,-50.765,34.384,0.000,0.000,0.000,0.000,0.000,0.000,0.000,0.000,0.000,0.006,3.2,11.30,32.0,0.000,0.000,0.000,0.006,0.000,0.000,0.000,0.006,0.006,0.000,0.000,0.000,0.000,0.006,0.000,0.000,0.006,0.000
30.2045,302,0,move,-1,30.2045,30.2450,0,0.000,0.000,0.176,-0.264,-0.088,0.088,-0.264,-50.625,34.365,0.000,0.000,-0.088,-0.088,0.176,0.000,0.000,0.439,0.176,0.000,0.000,0.000,0.000,0.000,0.000,0.000,-50.327,34.182,0.000,0.000,0.000,0.000,0.000,0.000,0.000,0.000,0.000,0.006,2.8,11.20,30.0,0.000,0.000,0.000,0.000,0.000,0.000,0.000,0.006,0.000,0.000,0.000,0.000,0.000,0.006,0.000,0.000,0.006,0.000
30.3045,303,0,move,-1,30.3045,30.3146,0,0.000,0.000,0.176,-0.264,-0.088,0.088,-0.264,-50.537,34.365,0.000,0.000,-0.088,-0.088,0.176,0.000,0.000,0.439,0.176,0.000,0.000,0.000,0.000,0.000,0.000,0.000,-49.772,33.924,0.000,0.000,0.000,0.000,0.000,0.000,0.000,0.000,0.000,0.006,2.8,11.20,30.0,0.000,0.000,0.000,0.000,0.000,0.000,0.000,0.006,0.000,0.000,0.000,0.000,0.000,0.006,0.000,0.000,0.006,0.000
30.4045,304,0,move,-1,30.4045,30.4198,0,0.000,0.000,0.176,-0.264,-0.088,0.088,-0.264,-49.922,34.102,0.000,0.000,-0.088,-0.088,0.176,0.000,0.000,0.439,0.176,0.000,0.000,0.000,0.000,0.000,0.000,0.000,-49.154,33.634,0.000,0.000,0.000,0.000,0.000,0.000,0.000,0.000,0.000,0.000,0.0,11.30,32.0,0.000,0.000,0.000,0.000,0.000,0.000,0.000,0.000,0.000,0.000,0.000,0.000,0.000,0.000,0.000,0.000,0.000,0.000
30.5045,305,0,move,-1,30.5045,30.5175,0,0.000,0.000,0.176,-0.264,-0.088,0.088,-0.264,-49.482,34.102,0.000,0.000,-0.088,-0.088,0.176,0.000,0.000,0.439,0.176,0.000,0.000,0.000,0.000,0.000,0.000,0.000,-48.535,33.340,0.000,0.000,0.000,0.000,0.000,0.000,0.000,0.000,0.000,0.000,0.0,11.30,32.0,0.000,0.000,0.000,0.000,0.000,0.000,0.000,0.000,0.000,0.000,0.000,0.000,0.000,0.000,0.000,0.000,0.000,0.000
30.6043,306,0,move,-1,30.6043,30.6118,0,0.000,0.000,0.176,-0.264,-0.088,0.088,-0.264,-49.043,33.574,0.000,0.000,-0.088,-0.088,0.176,0.000,0.000,0.439,0.176,0.000,0.000,0.000,0.000,0.000,0.000,0.000,-47.971,33.071,0.000,0.000,0.000,0.000,0.000,0.000,0.000,0.000,0.000,0.006,3.2,11.30,32.0,0.000,,0.000,0.006,0.000,0.000,0.006,0.000,0.006,0.000,0.000,0.000,0.000,0.006,0.000,0.000,0.006,0.000
30.7045,307,0,move,-1,30.7045,30.7159,0,0.000,0.000,0.176,-0.264,-0.088,0.088,-0.264,-48.252,33.311,0.000,0.000,-0.088,-0.088,0.176,0.000,0.000,0.439,0.176,0.000,0.000,0.000,0.000,0.000,0.000,0.000,-47.522,32.856,0.000,0.000,0.000,0.000,0.000,0.000,0.000,0.000,0.000,0.006,2.0,11.20,30.0,0.000,0.000,0.000,0.000,0.000,0.000,0.000,0.006,0.006,0.000,0.000,0.000,0.000,0.006,0.000,0.000,0.006,0.006
30.8045,308,0,move,-1,30.8045,30.8149,0,0.000,0.000,0.176,-0.264,-0.088,0.088,-0.264,-47.725,33.135,0.000,0.000,-0.088,-0.088,0.176,0.000,0.000,0.439,0.176,0.000,0.000,0.000,0.000,0.000,0.000,0.000,-47.233,32.716,0.000,0.000,0.000,0.000,0.000,0.000,0.000,0.000,0.000,0.006,2.0,11.20,30.0,0.000,0.000,0.000,0.000,0.000,0.000,0.000,0.006,0.006,0.000,0.000,0.000,0.000,0.006,0.000,0.000,0.006,0.006
30.9045,309,0,move,-1,30.9045,30.9160,0,0.000,0.000,0.176,-0.264,-0.088,0.088,-0.264,-47.373,32.871,0.000,0.000,-0.088,-0.088,0.176,0.000,0.000,0.439,0.176,0.000,0.000,0.000,0.000,0.000,0.000,0.000,-47.133,32.667,0.000,0.000,0.000,0.000,0.000,0.000,0.000,0.000,0.000,0.013,4.8,11.30,32.0,0.000,0.000,0.000,0.000,0.000,0.000,0.006,0.000,0.006,0.000,0.000,0.000,0.000,0.006,0.000,0.000,0.013,0.000
31.0045,310,0,move,-1,31.0045,31.0152,0,0.000,0.000,0.176,-0.264,-0.088,0.088,-0.264,-47.285,32.783,0.000,0.000,-0.088,-0.088,0.176,0.000,0.000,0.439,0.176,0.000,0.000,0.000,0.000,0.000,0.000,0.000,-47.133,32.667,0.000,0.000,0.000,0.000,0.000,0.000,0.000,0.000,0.000,0.013,4.8,11.30,32.0,0.000,0.000,0.000,0.000,0.000,0.000,0.006,0.000,0.006,0.000,0.000,0.000,0.000,0.006,0.000,0.000,0.013,0.000
31.1045,311,0,move,-1,31.1045,31.1156,0,0.000,0.000,0.176,-0.264,-0.088,0.088,-0.264,-47.285,32.783,0.000,0.000,-0.088,-0.088,0.176,0.000,0.000,0.439,0.176,0.000,0.000,0.000,0.000,0.000,0.000,0.000,-47.133,32.667,0.000,0.000,0.000,0.000,0.000,0.000,0.000,0.000,0.000,0.006,3.2,11.30,32.0,0.000,0.000,0.000,0.006,0.000,0.000,0.006,0.006,0.000,0.000,0.000,0.000,0.000,0.006,0.000,0.000,0.006,0.006
31.2045,312,0,move,-1,31.2045,31.2185,0,0.000,0.000,0.176,-0.264,-0.088,0.088,-0.264,-47.285,32.783,0.000,0.000,-0.088,-0.088,0.176,0.000,0.000,0.439,0.176,0.000,0.000,0.000,0.000,0.000,0.000,0.000,-47.133,32.667,0.000,0.000,0.000,0.000,0.000,0.000,0.000,0.000,0.000,0.006,3.2,11.30,32.0,0.000,0.000,0.000,0.006,0.000,0.000,0.006,0.006,0.000,0.000,0.000,0.000,0.000,0.006,0.000,0.000,0.006,0.000
31.3045,313,0,move,-1,31.3045,31.3159,0,0.000,0.000,0.176,-0.264,-0.088,0.088,-0.264,-47.285,32.783,0.000,0.000,-0.088,-0.088,0.176,0.000,0.000,0.439,0.176,0.000,0.000,0.000,0.000,0.000,0.000,0.000,-47.133,32.667,0.000,0.000,0.000,0.000,0.000,0.000,0.000,0.000,0.000,0.006,3.2,11.30,32.0,0.000,0.000,0.000,0.006,0.000,0.000,0.006,0.006,0.000,0.000,0.000,0.000,0.000,0.006,0.000,0.000,0.006,0.000
31.4045,314,0,move,-1,31.4045,31.4160,0,0.000,0.000,0.176,-0.264,-0.088,0.088,-0.264,-47.285,32.783,0.000,0.000,-0.088,-0.088,0.176,0.000,0.000,0.439,0.176,0.000,0.000,0.000,0.000,0.000,0.000,0.000,-47.133,32.667,0.000,0.000,0.000,0.000,0.000,0.000,0.000,0.000,0.000,0.013,4.8,11.30,32.0,0.000,0.000,0.006,0.006,0.000,0.000,0.000,0.006,0.000,0.000,0.000,0.000,0.000,0.000,0.000,0.000,0.013,0.000
31.5045,315,0,move,-1,31.5045,31.5160,0,0.000,0.000,0.176,-0.264,-0.088,0.088,-0.264,-47.285,32.783,0.000,0.000,-0.088,-0.088,0.176,0.000,0.000,0.439,0.176,0.000,0.000,0.000,0.000,0.000,0.000,0.000,-47.133,32.667,0.000,0.000,0.000,0.000,0.000,0.000,0.000,0.000,0.000,0.013,4.8,11.30,32.0,0.000,0.000,0.006,0.006,0.000,0.000,0.000,0.006,0.000,0.000,0.000,0.000,0.000,0.000,0.000,0.000,0.013,0.000
31.6069,316,0,move,-1,31.6069,31.6156,0,0.000,0.000,0.176,-0.264,-0.088,0.088,-0.264,-47.197,32.783,0.000,0.000,-0.088,-0.088,0.176,0.000,0.000,0.439,0.176,0.000,0.000,0.000,0.000,0.000,0.000,0.000,-47.133,32.667,0.000,0.000,0.000,0.000,0.000,0.000,0.000,0.000,0.000,0.013,4.8,11.30,32.0,0.000,0.000,0.000,0.006,0.000,0.000,0.006,0.000,0.000,0.000,0.000,0.000,0.000,0.006,0.000,0.000,0.013,0.006
31.7045,317,0,move,-1,31.7045,31.7163,0,0.000,0.000,0.176,-0.264,-0.088,0.088,-0.264,-47.197,32.783,0.000,0.000,-0.088,-0.088,0.176,0.000,0.000,0.439,0.176,0.000,0.000,0.000,0.000,0.000,0.000,0.000,-47.133,32.667,0.000,0.000,0.000,0.000,0.000,0.000,0.000,0.000,0.000,0.006,2.4,11.30,29.0,0.000,0.000,0.000,0.000,0.000,0.000,0.000,0.000,0.000,0.000,0.000,0.000,0.000,0.006,0.000,0.000,0.006,0.006
31.8045,318,0,move,-1,31.8045,31.8154,0,0.000,0.000,0.176,-0.264,-0.088,0.088,-0.264,-47.197,32.783,0.000,0.000,-0.088,-0.088,0.176,0.000,0.000,0.439,0.176,0.000,0.000,0.000,0.000,0.000,0.000,0.000,-47.133,32.667,0.000,0.000,0.000,0.000,0.000,0.000,0.000,0.000,0.000,0.006,2.4,11.30,29.0,0.000,0.000,0.000,0.000,0.000,0.000,0.000,0.000,0.000,0.000,0.000,0.000,0.000,0.006,0.000,0.000,0.006,0.006
31.9045,319,0,move,-1,31.9045,31.9108,0,0.000,0.000,0.176,-0.264,-0.088,0.088,-0.264,-47.197,32.783,0.000,0.000,-0.088,-0.088,0.176,0.000,0.000,0.439,0.176,0.000,0.000,0.000,0.000,0.000,0.000,0.000,-47.133,32.667,0.000,0.000,0.000,0.000,0.000,0.000,0.000,0.000,0.000,0.006,3.2,11.30,32.0,0.000,0.000,0.000,0.006,0.000,0.000,0.006,0.000,0.000,0.000,0.000,0.000,0.000,0.006,0.000,0.000,0.006,0.006
32.0045,320,0,move,-1,32.0045,32.0169,0,0.000,0.000,0.176,-0.264,-0.088,0.088,-0.264,-47.197,32.783,0.000,0.000,-0.088,-0.088,0.176,0.000,0.000,0.439,0.176,0.000,0.000,0.000,0.000,0.000,0.000,0.000,-47.133,32.667,0.000,0.000,0.000,0.000,0.000,0.000,0.000,0.000,0.000,0.013,4.8,11.30,32.0,0.000,0.000,0.006,0.000,0.000,0.000,0.000,0.000,0.000,0.000,0.000,0.000,0.000,0.006,0.006,0.000,0.013,0.000
32.1045,321,0,move,-1,32.1045,32.1149,0,0.000,0.000,0.176,-0.264,-0.088,0.088,-0.264,-47.197,32.783,0.000,0.000,-0.088,-0.088,0.176,0.000,0.000,0.439,0.176,0.000,0.000,0.000,0.000,0.000,0.000,0.000,-47.133,32.667,0.000,0.000,0.000,0.000,0.000,0.000,0.000,0.000,0.000,0.013,4.8,11.30,32.0,0.000,0.000,0.006,0.000,0.000,0.000,0.000,0.000,0.000,0.000,0.000,0.000,0.000,0.006,0.006,0.000,0.013,0.000
32.2139,322,0,move,-1,32.2139,32.2279,0,0.000,0.000,0.176,-0.264,-0.088,0.088,-0.264,-47.197,32.783,0.000,0.000,-0.088,-0.088,0.176,0.000,0.000,0.439,0.176,0.000,0.000,0.000,0.000,0.000,0.000,0.000,-47.133,32.667,0.000,0.000,0.000,0.000,0.000,0.000,0.000,0.000,0.000,0.006,2.4,11.30,33.0,0.000,0.000,0.006,0.006,0.000,0.000,0.006,0.000,0.000,0.000,0.000,0.000,0.000,0.000,0.000,0.000,0.006,0.000
32.3045,323,0,move,-1,32.3045,32.3161,0,0.000,0.000,0.176,-0.264,-0.088,0.088,-0.264,-47.197,32.783,0.000,0.000,-0.088,-0.088,0.176,0.000,0.000,0.439,0.176,0.000,0.000,0.000,0.000,0.000,0.000,0.000,-47.133,32.667,0.000,0.000,0.000,0.000,0.000,0.000,0.000,0.000,0.000,0.006,2.4,11.30,33.0,0.000,0.000,0.006,0.006,0.000,0.000,0.006,0.000,0.000,0.000,0.000,0.000,0.000,0.000,0.000,0.000,0.006,0.000
32.4045,324,0,move,-1,32.4045,32.4164,0,0.000,0.000,0.176,-0.264,-0.088,0.088,-0.264,-47.197,32.783,0.000,0.000,-0.088,-0.088,0.176,0.000,0.000,0.439,0.176,0.000,0.000,0.000,0.000,0.000,0.000,0.000,-47.133,32.667,0.000,0.000,0.000,0.000,0.000,0.000,0.000,0.000,0.000,0.006,3.2,11.30,32.0,0.000,0.000,0.000,0.006,0.000,0.000,0.006,0.000,0.000,0.000,0.000,0.000,0.000,0.006,0.000,0.000,0.006,0.006
32.5045,325,0,move,-1,32.5045,32.5177,0,0.000,0.000,0.176,-0.264,-0.088,0.088,-0.264,-47.197,32.783,0.000,0.000,-0.088,-0.088,0.176,0.000,0.000,0.439,0.176,0.000,0.000,0.000,0.000,0.000,0.000,0.000,-47.133,32.667,0.000,0.000,0.000,0.000,0.000,0.000,0.000,0.000,0.000,0.006,2.4,11.30,29.0,0.000,0.000,0.000,0.000,0.000,0.000,0.000,0.000,0.000,0.000,0.000,0.000,0.000,0.006,0.000,0.000,0.006,0.006
32.6045,326,0,move,-1,32.6045,32.6159,0,0.000,0.000,0.176,-0.264,-0.088,0.088,-0.264,-47.197,32.783,0.000,0.000,-0.088,-0.088,0.176,0.000,0.000,0.439,0.176,0.000,0.000,0.000,0.000,0.000,0.000,0.000,-47.133,32.667,0.000,0.000,0.000,0.000,0.000,0.000,0.000,0.000,0.000,0.006,2.4,11.30,29.0,0.000,0.000,0.000,0.000,0.000,0.000,0.000,0.000,0.000,0.000,0.000,0.000,0.000,0.006,0.000,0.000,0.006,0.006
32.7173,327,0,move,-1,32.7173,32.7266,0,0.000,0.000,0.176,-0.264,-0.088,0.088,-0.264,-47.197,32.783,0.000,0.000,-0.088,-0.088,0.176,0.000,0.000,0.439,0.176,0.000,0.000,0.000,0.000,0.000,0.000,0.000,-47.133,32.667,0.000,0.000,0.000,0.000,0.000,0.000,0.000,0.000,0.000,0.006,3.2,11.30,33.0,0.000,0.000,0.000,0.000,0.000,0.000,0.006,0.000,0.000,0.000,0.000,0.000,0.000,0.006,0.000,0.000,0.006,0.000
32.8045,328,0,move,-1,32.8045,32.8160,0,0.000,0.000,0.176,-0.264,-0.088,0.088,-0.264,-47.197,32.783,0.000,0.000,-0.088,-0.088,0.176,0.000,0.000,0.439,0.176,0.000,0.000,0.000,0.000,0.000,0.000,0.000,-47.133,32.667,0.000,0.000,0.000,0.000,0.000,0.000,0.000,0.000,0.000,0.006,3.2,11.30,33.0,0.000,0.000,0.000,0.000,0.000,0.000,0.006,0.000,0.000,0.000,0.000,0.000,0.000,0.006,0.000,0.000,0.006,0.000
32.9043,329,0,move,-1,32.9043,32.9143,0,0.000,0.000,0.176,-0.264,-0.088,0.088,-0.264,-47.197,32.783,0.000,0.000,-0.088,-0.088,0.176,0.000,0.000,0.439,0.176,0.000,0.000,0.000,0.000,0.000,0.000,0.000,-47.133,32.667,0.000,0.000,0.000,0.000,0.000,0.000,0.000,0.000,0.000,0.013,4.8,11.30,32.0,0.000,0.000,0.000,0.006,0.000,0.000,0.006,0.000,0.000,0.000,0.000,0.000,0.000,0.006,0.000,0.000,0.013,0.006
33.0045,330,0,move,-1,33.0045,33.0158,0,0.000,0.000,0.176,-0.264,-0.088,0.088,-0.264,-47.197,32.783,0.000,0.000,-0.088,-0.088,0.176,0.000,0.000,0.439,0.176,0.000,0.000,0.000,0.000,0.000,0.000,0.000,-47.133,32.667,0.000,0.000,0.000,0.000,0.000,0.000,0.000,0.000,0.000,0.006,3.2,11.30,32.0,0.000,0.000,0.000,0.006,0.000,0.000,0.006,0.000,0.000,0.000,0.000,0.000,0.000,0.006,0.000,0.000,0.006,0.000
33.1043,331,0,move,-1,33.1043,33.1104,0,0.000,0.000,0.176,-0.264,-0.088,0.088,-0.264,-47.197,32.783,0.000,0.000,-0.088,-0.088,0.176,0.000,0.000,0.439,0.176,0.000,0.000,0.000,0.000,0.000,0.000,0.000,-47.133,32.667,0.000,0.000,0.000,0.000,0.000,0.000,0.000,0.000,0.000,0.006,3.2,11.30,32.0,0.000,0.000,0.000,0.006,0.000,0.000,0.006,0.000,0.000,0.000,0.000,0.000,0.000,0.006,0.000,0.000,0.006,0.000
33.2091,332,0,move,-1,33.2091,33.2199,0,0.000,0.000,0.176,-0.264,-0.088,0.088,-0.264,-47.197,32.783,0.000,0.000,-0.088,-0.088,0.176,0.000,0.000,0.439,0.176,0.000,0.000,0.000,0.000,0.000,0.000,0.000,-47.133,32.667,0.000,0.000,0.000,0.000,0.000,0.000,0.000,0.000,0.000,0.006,3.2,11.30,32.0,0.000,0.000,0.000,0.006,0.000,0.000,0.006,0.000,0.000,0.000,0.000,0.000,0.000,0.006,0.000,0.000,0.006,0.006
33.3046,333,0,move,-1,33.3046,33.3162,0,0.000,0.000,0.176,-0.264,-0.088,0.088,-0.264,-47.197,32.783,0.000,0.000,-0.088,-0.088,0.176,0.000,0.000,0.439,0.176,0.000,0.000,0.000,0.000,0.000,0.000,0.000,-47.133,32.667,0.000,0.000,0.000,0.000,0.000,0.000,0.000,0.000,0.000,0.006,3.2,11.30,32.0,0.000,0.000,0.000,0.006,0.000,0.000,0.006,0.000,0.000,0.000,0.000,0.000,0.000,0.006,0.000,0.000,0.006,0.006
33.4045,334,0,move,-1,33.4045,33.4175,0,0.000,0.000,0.176,-0.264,-0.088,0.088,-0.264,-47.197,32.783,0.000,0.000,-0.088,-0.088,0.176,0.000,0.000,0.439,0.176,0.000,0.000,0.000,0.000,0.000,0.000,0.000,-47.133,32.667,0.000,0.000,0.000,0.000,0.000,0.000,0.000,0.000,0.000,0.006,2.4,11.30,33.0,0.000,0.000,0.006,0.006,0.000,0.000,0.006,0.000,0.000,0.000,0.000,0.000,0.000,0.006,0.000,0.000,0.006,0.006
33.5045,335,0,move,-1,33.5045,33.5138,0,0.000,0.000,0.176,-0.264,-0.088,0.088,-0.264,-47.197,32.783,0.000,0.000,-0.088,-0.088,0.176,0.000,0.000,0.439,0.176,0.000,0.000,0.000,0.000,0.000,0.000,0.000,-47.133,32.667,0.000,0.000,0.000,0.000,0.000,0.000,0.000,0.000,0.000,0.006,2.4,11.30,33.0,0.000,0.000,0.006,0.006,0.000,0.000,0.006,0.000,0.000,0.000,0.000,0.000,0.000,0.006,0.000,0.000,0.006,0.006
33.6045,336,0,move,-1,33.6045,33.6103,0,0.000,0.000,0.176,-0.264,-0.088,0.088,-0.264,-47.197,32.783,0.000,0.000,-0.088,-0.088,0.176,0.000,0.000,0.439,0.176,0.000,0.000,0.000,0.000,0.000,0.000,0.000,-47.133,32.667,0.000,0.000,0.000,0.000,0.000,0.000,0.000,0.000,0.000,0.006,3.2,11.30,32.0,0.000,0.000,0.000,0.006,0.000,0.000,0.000,0.000,0.000,0.000,0.000,0.000,0.000,0.000,0.000,0.000,0.006,0.006
33.7045,337,0,move,-1,33.7045,33.7153,0,0.000,0.000,0.176,-0.264,-0.088,0.088,-0.264,-47.197,32.783,0.000,0.000,-0.088,-0.088,0.176,0.000,0.000,0.439,0.176,0.000,0.000,0.000,0.000,0.000,0.000,0.000,-47.133,32.667,0.000,0.000,0.000,0.000,0.000,0.000,0.000,0.000,0.000,0.013,4.8,11.30,32.0,0.000,0.000,0.000,0.006,0.000,0.000,0.006,0.000,0.000,0.000,0.000,0.000,0.000,0.006,0.000,0.000,0.013,0.000
33.8045,338,0,move,-1,33.8045,33.8151,0,0.000,0.000,0.176,-0.264,-0.088,0.088,-0.264,-47.197,32.783,0.000,0.000,-0.088,-0.088,0.176,0.000,0.000,0.439,0.176,0.000,0.000,0.000,0.000,0.000,0.000,0.000,-47.133,32.667,0.000,0.000,0.000,0.000,0.000,0.000,0.000,0.000,0.000,0.013,4.8,11.30,32.0,0.000,0.000,0.000,0.006,0.000,0.000,0.006,0.000,0.000,0.000,0.000,0.000,0.000,0.006,0.000,0.000,0.013,0.000
33.9045,339,0,move,-1,33.9045,33.9431,0,0.000,0.000,0.176,-0.264,-0.088,0.088,-0.264,-47.197,32.783,0.000,0.000,-0.088,-0.088,0.176,0.000,0.000,0.439,0.176,0.000,0.000,0.000,0.000,0.000,0.000,0.000,-47.133,32.667,0.000,0.000,0.000,0.000,0.000,0.000,0.000,0.000,0.000,0.013,4.8,11.30,32.0,0.000,0.000,0.006,0.000,0.000,0.000,0.000,0.000,0.000,0.000,0.000,0.000,0.000,0.006,0.000,0.000,0.013,0.000
34.0045,340,0,move,-1,34.0045,34.0152,0,0.000,0.000,0.176,-0.264,-0.088,0.088,-0.264,-47.197,32.783,0.000,0.000,-0.088,-0.088,0.176,0.000,0.000,0.439,0.176,0.000,0.000,0.000,0.000,0.000,0.000,0.000,-47.033,32.619,0.000,0.000,0.000,0.000,0.000,0.000,0.000,0.000,0.000,0.013,4.8,11.30,32.0,0.000,0.000,0.006,0.000,0.000,0.000,0.000,0.000,0.000,0.000,0.000,0.000,0.000,0.006,0.000,0.000,0.013,0.000
34.1045,341,0,move,-1,34.1045,34.1363,0,0.000,0.000,0.176,-0.264,-0.088,0.088,-0.264,-47.109,32.783,0.000,0.000,-0.088,-0.088,0.176,0.000,0.000,0.439,0.176,0.000,0.000,0.000,0.000,0.000,0.000,0.000,-46.742,32.477,0.000,0.000,0.000,0.000,0.000,0.000,0.000,0.000,0.000,0.006,3.2,11.30,33.0,0.000,0.000,0.000,0.000,0.000,0.000,0.006,0.006,0.000,0.000,0.000,0.000,0.000,0.006,0.000,0.000,0.006,0.000
34.2045,342,0,move,-1,34.2045,34.2137,0,0.000,0.000,0.176,-0.264,-0.088,0.088,-0.264,-46.934,32.783,0.000,0.000,-0.088,-0.088,0.176,0.000,0.000,0.439,0.176,0.000,0.000,0.000,0.000,0.000,0.000,0.000,-46.288,32.255,0.000,0.000,0.000,0.000,0.000,0.000,0.000,0.000,0.000,0.006,3.2,11.30,33.0,0.000,0.000,0.000,0.000,0.000,0.000,0.006,0.006,0.000,0.000,0.000,0.000,0.000,0.006,0.000,0.000,0.006,0.000
34.3045,343,0,move,-1,34.3045,34.3151,0,0.000,0.000,0.176,-0.264,-0.088,0.088,-0.264,-46.494,32.432,0.000,0.000,-0.088,-0.088,0.176,0.000,0.000,0.439,0.176,0.000,0.000,0.000,0.000,0.000,0.000,0.000,-45.712,31.972,0.000,0.000,0.000,0.000,0.000,0.000,0.000,0.000,0.000,0.019,4.8,11.20,31.0,0.000,0.000,0.000,0.006,0.000,0.000,0.006,0.019,0.013,0.000,0.000,0.000,0.000,0.000,0.000,0.000,0.013,0.006
34.4045,344,0,move,-1,34.4045,34.4145,0,0.000,0.000,0.176,-0.264,-0.088,0.088,-0.264,-45.967,32.256,0.000,0.000,-0.088,-0.088,0.176,0.000,0.000,0.439,0.176,0.000,0.000,0.000,0.000,0.000,0.000,0.000,-45.069,31.653,0.000,0.000,0.000,0.000,0.000,0.000,0.000,0.000,0.000,0.019,4.8,11.20,31.0,0.000,0.000,0.000,0.006,0.000,0.000,0.006,0.019,0.013,0.000,0.000,0.000,0.000,0.000,0.000,0.000,0.013,0.006
34.5045,345,0,move,-1,34.5045,34.5162,0,0.000,0.000,0.176,-0.264,-0.088,0.088,-0.264,-45.439,31.816,0.000,0.000,-0.088,-0.088,0.176,0.000,0.000,0.439,0.176,0.000,0.000,0.000,0.000,0.000,0.000,0.000,-44.421,31.329,0.000,0.000,0.000,0.000,0.000,0.000,0.000,0.000,0.000,0.013,4.8,11.30,32.0,0.000,0.000,0.006,0.006,0.000,0.000,0.000,0.006,0.000,0.000,0.000,0.000,0.000,0.006,0.000,0.000,0.013,0.000
34.6045,346,0,move,-1,34.6045,34.6262,0,0.000,0.000,0.176,-0.264,-0.088,0.088,-0.264,-44.736,31.553,0.000,0.000,-0.088,-0.088,0.176,0.000,0.000,0.439,0.176,0.000,0.000,0.000,0.000,0.000,0.000,0.000,-43.833,31.033,0.000,0.000,0.000,0.000,0.000,0.000,0.000,0.000,0.000,0.006,3.2,11.30,33.0,0.000,0.000,0.000,0.000,0.000,0.000,0.006,0.000,0.006,0.000,0.000,0.000,0.000,0.006,0.000,0.000,0.006,0.000
34.7044,347,0,move,-1,34.7044,34.7165,0,0.000,0.000,0.176,-0.264,-0.088,0.088,-0.264,-44.121,31.201,0.000,0.000,-0.088,-0.088,0.176,0.000,0.000,0.439,0.176,0.000,0.000,0.000,0.000,0.000,0.000,0.000,-43.362,30.795,0.000,0.000,0.000,0.000,0.000,0.000,0.000,0.000,0.000,0.006,3.2,11.30,33.0,0.000,0.000,0.000,0.000,0.000,0.000,0.006,0.000,0.006,0.000,0.000,0.000,0.000,0.006,0.000,0.000,0.006,0.000
34.8045,348,0,move,-1,34.8045,34.8168,0,0.000,0.000,0.176,-0.264,-0.088,0.088,-0.264,-43.594,30.938,0.000,0.000,-0.088,-0.088,0.176,0.000,0.000,0.439,0.176,0.000,0.000,0.000,0.000,0.000,0.000,0.000,-43.059,30.640,0.000,0.000,0.000,0.000,0.000,0.000,0.000,0.000,0.000,0.013,3.2,11.20,30.0,0.000,0.000,0.006,0.000,0.000,0.000,0.006,0.013,0.000,0.000,0.000,0.000,0.000,0.000,0.000,0.000,0.006,0.000
34.9045,349,0,move,-1,34.9045,34.9161,0,0.000,0.000,0.176,-0.264,-0.088,0.088,-0.264,-43.330,30.938,0.000,0.000,-0.088,-0.088,0.176,0.000,0.000,0.439,0.176,0.000,0.000,0.000,0.000,0.000,0.000,0.000,-42.955,30.587,0.000,0.000,0.000,0.000,0.000,0.000,0.000,0.000,0.000,0.013,3.2,11.20,30.0,0.000,0.000,0.006,0.000,0.000,0.000,0.006,0.013,0.000,0.000,0.000,0.000,0.000,0.000,0.000,0.000,0.006,0.000
35.0045,350,0,move,-1,35.0045,35.0203,0,0.000,0.000,0.176,-0.264,-0.088,0.088,-0.264,-43.066,30.762,0.000,0.000,-0.088,-0.088,0.176,0.000,0.000,0.439,0.176,0.000,0.000,0.000,0.000,0.000,0.000,0.000,-42.955,30.587,0.000,0.000,0.000,0.000,0.000,0.000,0.000,0.000,0.000,0.000,0.0,11.30,32.0,0.000,0.000,0.000,0.000,0.000,0.000,0.000,0.000,0.000,0.000,0.000,0.000,0.000,0.000,0.000,0.000,0.000,0.000
35.1045,351,0,move,-1,35.1045,35.1172,0,0.000,0.000,0.176,-0.264,-0.088,0.088,-0.264,-43.066,30.762,0.000,0.000,-0.088,-0.088,0.176,0.000,0.000,0.439,0.176,0.000,0.000,0.000,0.000,0.000,0.000,0.000,-42.955,30.587,0.000,0.000,0.000,0.000,0.000,0.000,0.000,0.000,0.000,0.000,0.0,11.30,32.0,0.000,0.000,0.000,0.000,0.000,0.000,0.000,0.000,0.000,0.000,0.000,0.000,0.000,0.000,0.000,0.000,0.000,0.000
35.2045,352,0,move,-1,35.2045,35.2185,0,0.000,0.000,0.176,-0.264,-0.088,0.088,-0.264,-43.066,30.762,0.000,0.000,-0.088,-0.088,0.176,0.000,0.000,0.439,0.176,0.000,0.000,0.000,0.000,0.000,0.000,0.000,-42.955,30.587,0.000,0.000,0.000,0.000,0.000,0.000,0.000,0.000,0.000,0.006,2.4,11.30,33.0,0.000,0.000,0.006,0.000,0.000,0.000,0.000,0.000,0.000,0.000,0.000,0.000,0.000,0.006,0.000,0.000,0.006,0.000
35.3043,353,0,move,-1,35.3043,35.3174,0,0.000,0.000,0.176,-0.264,-0.088,0.088,-0.264,-43.066,30.762,0.000,0.000,-0.088,-0.088,0.176,0.000,0.000,0.439,0.176,0.000,0.000,0.000,0.000,0.000,0.000,0.000,-42.955,30.587,0.000,0.000,0.000,0.000,0.000,0.000,0.000,0.000,0.000,0.006,2.4,11.30,33.0,0.000,0.000,0.006,0.000,0.000,0.000,0.000,0.000,0.000,0.000,0.000,0.000,0.000,0.006,0.000,0.000,0.006,0.000
35.4045,354,0,move,-1,35.4045,35.4153,0,0.000,0.000,0.176,-0.264,-0.088,0.088,-0.264,-43.066,30.762,0.000,0.000,-0.088,-0.088,0.176,0.000,0.000,0.439,0.176,0.000,0.000,0.000,0.000,0.000,0.000,0.000,-42.955,30.587,0.000,0.000,0.000,0.000,0.000,0.000,0.000,0.000,0.000,0.006,3.2,11.30,32.0,0.000,0.000,0.000,0.006,0.000,0.000,0.006,0.000,0.006,0.000,0.000,0.000,0.000,0.000,0.000,0.000,0.006,0.000
35.5045,355,0,move,-1,35.5045,35.5173,0,0.000,0.000,0.176,-0.264,-0.088,0.088,-0.264,-43.066,30.762,0.000,0.000,-0.088,-0.088,0.176,0.000,0.000,0.439,0.176,0.000,0.000,0.000,0.000,0.000,0.000,0.000,-42.955,30.587,0.000,0.000,0.000,0.000,0.000,0.000,0.000,0.000,0.000,0.013,4.8,11.30,32.0,0.000,0.000,0.006,0.006,0.000,0.000,0.000,0.000,0.000,0.000,0.000,0.000,0.000,0.000,0.000,0.000,0.013,0.000
35.6045,356,0,move,-1,35.6045,35.6161,0,0.000,0.000,0.176,-0.264,-0.088,0.088,-0.264,-43.066,30.762,0.000,0.000,-0.088,-0.088,0.176,0.000,0.000,0.439,0.176,0.000,0.000,0.000,0.000,0.000,0.000,0.000,-42.955,30.587,0.000,0.000,0.000,0.000,0.000,0.000,0.000,0.000,0.000,0.013,4.8,11.30,32.0,0.000,0.000,0.006,0.006,0.000,0.000,0.000,0.000,0.000,0.000,0.000,0.000,0.000,0.000,0.000,0.000,0.013,0.000
35.7045,357,0,move,-1,35.7045,35.7161,0,0.000,0.000,0.176,-0.264,-0.088,0.088,-0.264,-43.066,30.762,0.000,0.000,-0.088,-0.088,0.176,0.000,0.000,0.439,0.176,0.000,0.000,0.000,0.000,0.000,0.000,0.000,-42.955,30.587,0.000,0.000,0.000,0.000,0.000,0.000,0.000,0.000,0.000,0.013,4.8,11.30,32.0,0.000,0.000,0.000,0.006,0.000,0.000,0.006,0.000,0.006,0.000,0.000,0.000,0.000,0.006,0.000,0.000,0.013,0.000
35.8045,358,0,move,-1,35.8045,35.8153,0,0.000,0.000,0.176,-0.264,-0.088,0.088,-0.264,-43.066,30.762,0.000,0.000,-0.088,-0.088,0.176,0.000,0.000,0.439,0.176,0.000,0.000,0.000,0.000,0.000,0.000,0.000,-42.955,30.587,0.000,0.000,0.000,0.000,0.000,0.000,0.000,0.000,0.000,0.013,4.8,11.30,32.0,0.000,0.000,0.000,0.006,0.000,0.000,0.006,0.000,0.006,0.000,0.000,0.000,0.000,0.006,0.000,0.000,0.013,0.000
35.9045,359,0,move,-1,35.9045,35.9155,0,0.000,0.000,0.176,-0.264,-0.088,0.088,-0.264,-43.066,30.762,0.000,0.000,-0.088,-0.088,0.176,0.000,0.000,0.439,0.176,0.000,0.000,0.000,0.000,0.000,0.000,0.000,-42.955,30.587,0.000,0.000,0.000,0.000,0.000,0.000,0.000,0.000,0.000,0.013,4.8,11.30,32.0,0.000,0.000,0.000,0.000,0.000,0.000,0.006,0.000,0.006,0.000,0.000,0.000,0.000,0.006,0.000,0.000,0.013,0.000
36.0043,360,0,move,-1,36.0043,36.0146,0,0.000,0.000,0.176,-0.264,-0.088,0.088,-0.264,-43.066,30.762,0.000,0.000,-0.088,-0.088,0.176,0.000,0.000,0.439,0.176,0.000,0.000,0.000,0.000,0.000,0.000,0.000,-42.955,30.587,0.000,0.000,0.000,0.000,0.000,0.000,0.000,0.000,0.000,0.013,4.8,11.30,32.0,0.000,0.000,0.000,0.000,0.000,0.000,0.006,0.000,0.006,0.000,0.000,0.000,0.000,0.006,0.000,0.000,0.013,0.000
36.1043,361,0,move,-1,36.1043,36.1162,0,0.000,0.000,0.176,-0.264,-0.088,0.088,-0.264,-43.066,30.762,0.000,0.000,-0.088,-0.088,0.176,0.000,0.000,0.439,0.176,0.000,0.000,0.000,0.000,0.000,0.000,0.000,-42.955,30.587,0.000,0.000,0.000,0.000,0.000,0.000,0.000,0.000,0.000,0.006,2.4,11.30,29.0,0.000,0.000,0.000,0.000,0.000,0.000,0.000,0.000,0.000,0.000,0.000,0.000,0.000,0.006,0.000,0.000,0.006,0.006
36.2045,362,0,move,-1,36.2045,36.2146,0,0.000,0.000,0.176,-0.264,-0.088,0.088,-0.264,-42.979,30.762,0.000,0.000,-0.088,-0.088,0.176,0.000,0.000,0.439,0.176,0.000,0.000,0.000,0.000,0.000,0.000,0.000,-42.955,30.587,0.000,0.000,0.000,0.000,0.000,0.000,0.000,0.000,0.000,0.006,2.4,11.30,29.0,0.000,0.000,0.000,0.000,0.000,0.000,0.000,0.000,0.000,0.000,0.000,0.000,0.000,0.006,0.000,0.000,0.006,0.006
36.3184,363,0,move,-1,36.3184,36.3295,0,0.000,0.000,0.176,-0.264,-0.088,0.088,-0.264,-42.979,30.762,0.000,0.000,-0.088,-0.088,0.176,0.000,0.000,0.439,0.176,0.000,0.000,0.000,0.000,0.000,0.000,0.000,-42.955,30.587,0.000,0.000,0.000,0.000,0.000,0.000,0.000,0.000,0.000,0.013,4.8,11.30,32.0,0.000,0.000,0.000,0.006,0.000,0.000,0.006,0.000,0.000,0.000,0.000,0.000,0.000,0.006,0.000,0.000,0.013,0.006
36.4045,364,0,move,-1,36.4045,36.4158,0,0.000,0.000,0.176,-0.264,-0.088,0.088,-0.264,-42.979,30.762,0.000,0.000,-0.088,-0.088,0.176,0.000,0.000,0.439,0.176,0.000,0.000,0.000,0.000,0.000,0.000,0.000,-42.955,30.587,0.000,0.000,0.000,0.000,0.000,0.000,0.000,0.000,0.000,0.013,4.8,11.30,32.0,0.000,0.000,0.000,0.006,0.000,0.000,0.006,0.000,0.000,0.000,0.000,0.000,0.000,0.006,0.000,0.000,0.013,0.006
36.5045,365,0,move,-1,36.5045,36.5205,0,0.000,0.000,0.176,-0.264,-0.088,0.088,-0.264,-42.979,30.762,0.000,0.000,-0.088,-0.088,0.176,0.000,0.000,0.439,0.176,0.000,0.000,0.000,0.000,0.000,0.000,0.000,-42.955,30.587,0.000,0.000,0.000,0.000,0.000,0.000,0.000,0.000,0.000,0.006,2.4,11.30,29.0,0.000,0.000,0.000,0.000,0.000,0.000,0.000,0.000,0.000,0.000,0.000,0.000,0.000,0.006,0.000,0.000,0.006,0.000
36.6045,366,0,move,-1,36.6045,36.6142,0,0.000,0.000,0.176,-0.264,-0.088,0.088,-0.264,-42.979,30.762,0.000,0.000,-0.088,-0.088,0.176,0.000,0.000,0.439,0.176,0.000,0.000,0.000,0.000,0.000,0.000,0.000,-42.955,30.587,0.000,0.000,0.000,0.000,0.000,0.000,0.000,0.000,0.000,0.006,2.4,11.30,29.0,0.000,0.000,0.000,0.000,0.000,0.000,0.000,0.000,0.000,0.000,0.000,0.000,0.000,0.006,0.000,0.000,0.006,0.000
36.7045,367,0,move,-1,36.7045,36.7165,0,0.000,0.000,0.176,-0.264,-0.088,0.088,-0.264,-42.979,30.762,0.000,0.000,-0.088,-0.088,0.176,0.000,0.000,0.439,0.176,0.000,0.000,0.000,0.000,0.000,0.000,0.000,-42.955,30.587,0.000,0.000,0.000,0.000,0.000,0.000,0.000,0.000,0.000,0.006,2.4,11.30,33.0,0.000,0.000,0.006,0.006,0.000,0.000,0.006,0.000,0.006,0.000,0.000,0.000,0.000,0.006,0.000,0.000,0.006,0.000
36.8043,368,0,move,-1,36.8043,36.8165,0,0.000,0.000,0.176,-0.264,-0.088,0.088,-0.264,-42.979,30.762,0.000,0.000,-0.088,-0.088,0.176,0.000,0.000,0.439,0.176,0.000,0.000,0.000,0.000,0.000,0.000,0.000,-42.955,30.587,0.000,0.000,0.000,0.000,0.000,0.000,0.000,0.000,0.000,0.006,2.4,11.30,33.0,0.000,0.000,0.006,0.006,0.000,0.000,0.006,0.000,0.006,0.000,0.000,0.000,0.000,0.006,0.000,0.000,0.006,0.000
36.9046,369,0,move,-1,36.9046,36.9116,0,0.000,0.000,0.176,-0.264,-0.088,0.088,-0.264,-42.979,30.762,0.000,0.000,-0.088,-0.088,0.176,0.000,0.000,0.439,0.176,0.000,0.000,0.000,0.000,0.000,0.000,0.000,-42.955,30.587,0.000,0.000,0.000,0.000,0.000,0.000,0.000,0.000,0.000,0.013,4.8,11.30,32.0,0.000,0.000,0.000,0.006,0.000,0.000,0.006,0.000,0.000,0.000,0.000,0.000,0.000,0.006,0.000,0.000,0.013,0.006
37.0045,370,0,move,-1,37.0045,37.0167,0,0.000,0.000,0.176,-0.264,-0.088,0.088,-0.264,-42.979,30.762,0.000,0.000,-0.088,-0.088,0.176,0.000,0.000,0.439,0.176,0.000,0.000,0.000,0.000,0.000,0.000,0.000,-42.955,30.587,0.000,0.000,0.000,0.000,0.000,0.000,0.000,0.000,0.000,0.006,3.2,11.30,32.0,0.000,0.000,0.000,0.006,0.000,0.000,0.006,0.000,0.000,0.000,0.000,0.000,0.000,0.006,0.000,0.000,0.006,0.006
37.1045,371,0,move,-1,37.1045,37.1176,0,0.000,0.000,0.176,-0.264,-0.088,0.088,-0.264,-42.979,30.762,0.000,0.000,-0.088,-0.088,0.176,0.000,0.000,0.439,0.176,0.000,0.000,0.000,0.000,0.000,0.000,0.000,-42.955,30.587,0.000,0.000,0.000,0.000,0.000,0.000,0.000,0.000,0.000,0.013,4.8,11.30,32.0,0.000,0.000,0.000,0.006,0.000,0.000,0.000,0.000,0.000,0.000,0.000,0.000,0.000,0.006,0.000,0.000,0.013,0.000
37.2045,372,0,move,-1,37.2045,37.2159,0,0.000,0.000,0.176,-0.264,-0.088,0.088,-0.264,-42.979,30.762,0.000,0.000,-0.088,-0.088,0.176,0.000,0.000,0.439,0.176,0.000,0.000,0.000,0.000,0.000,0.000,0.000,-42.955,30.587,0.000,0.000,0.000,0.000,0.000,0.000,0.000,0.000,0.000,0.013,4.8,11.30,32.0,0.000,0.000,0.000,0.006,0.000,0.000,0.000,0.000,0.000,0.000,0.000,0.000,0.000,0.006,0.000,0.000,0.013,0.000
37.3045,373,0,move,-1,37.3045,37.3164,0,0.000,0.000,0.176,-0.264,-0.088,0.088,-0.264,-42.979,30.762,0.000,0.000,-0.088,-0.088,0.176,0.000,0.000,0.439,0.176,0.000,0.000,0.000,0.000,0.000,0.000,0.000,-42.955,30.587,0.000,0.000,0.000,0.000,0.000,0.000,0.000,0.000,0.000,0.006,3.2,11.30,32.0,0.000,0.000,0.000,0.006,0.000,0.000,0.006,0.000,0.000,0.000,0.000,0.000,0.000,0.006,0.000,0.000,0.006,0.000
37.4045,374,0,move,-1,37.4045,37.4160,0,0.000,0.000,0.176,-0.264,-0.088,0.088,-0.264,-42.979,30.762,0.000,0.000,-0.088,-0.088,0.176,0.000,0.000,0.439,0.176,0.000,0.000,0.000,0.000,0.000,0.000,0.000,-42.955,30.587,0.000,0.000,0.000,0.000,0.000,0.000,0.000,0.000,0.000,0.006,3.2,11.30,32.0,0.000,0.000,0.000,0.006,0.000,0.000,0.006,0.000,0.000,0.000,0.000,0.000,0.000,0.006,0.000,0.000,0.006,0.000
37.5104,375,0,move,-1,37.5104,37.5358,0,0.000,0.000,0.176,-0.264,-0.088,0.088,-0.264,-42.979,30.762,0.000,0.000,-0.088,-0.088,0.176,0.000,0.000,0.439,0.176,0.000,0.000,0.000,0.000,0.000,0.000,0.000,-42.955,30.587,0.000,0.000,0.000,0.000,0.000,0.000,0.000,0.000,0.000,0.006,2.4,11.30,33.0,0.000,0.000,0.006,0.000,0.000,0.000,0.006,0.000,0.000,0.000,0.000,0.000,0.000,0.006,0.000,0.000,0.006,0.006
37.6043,376,0,move,-1,37.6043,37.6149,0,0.000,0.000,0.176,-0.264,-0.088,0.088,-0.264,-42.979,30.762,0.000,0.000,-0.088,-0.088,0.176,0.000,0.000,0.439,0.176,0.000,0.000,0.000,0.000,0.000,0.000,0.000,-42.955,30.587,0.000,0.000,0.000,0.000,0.000,0.000,0.000,0.000,0.000,0.006,2.4,11.30,33.0,0.000,0.000,0.006,0.000,0.000,0.000,0.006,0.000,0.000,0.000,0.000,0.000,0.000,0.006,0.000,0.000,0.006,0.006
37.7043,377,0,move,-1,37.7043,37.7164,0,0.000,0.000,0.176,-0.264,-0.088,0.088,-0.264,-42.979,30.762,0.000,0.000,-0.088,-0.088,0.176,0.000,0.000,0.439,0.176,0.000,0.000,0.000,0.000,0.000,0.000,0.000,-42.955,30.587,0.000,0.000,0.000,0.000,0.000,0.000,0.000,0.000,0.000,0.006,3.2,11.30,32.0,0.000,0.000,0.000,0.006,0.000,0.000,0.006,0.000,0.000,0.000,0.000,0.000,0.000,0.006,0.000,0.000,0.006,0.006
37.8043,378,0,move,-1,37.8043,37.8144,0,0.000,0.000,0.176,-0.264,-0.088,0.088,-0.264,-42.979,30.762,0.000,0.000,-0.088,-0.088,0.176,0.000,0.000,0.439,0.176,0.000,0.000,0.000,0.000,0.000,0.000,0.000,-42.955,30.587,0.000,0.000,0.000,0.000,0.000,0.000,0.000,0.000,0.000,0.006,3.2,11.30,32.0,0.000,0.000,0.000,0.006,0.000,0.000,0.006,0.000,0.000,0.000,0.000,0.000,0.000,0.006,0.000,0.000,0.006,0.006
37.9043,379,0,move,-1,37.9043,37.9154,0,0.000,0.000,0.176,-0.264,-0.088,0.088,-0.264,-42.979,30.762,0.000,0.000,-0.088,-0.088,0.176,0.000,0.000,0.439,0.176,0.000,0.000,0.000,0.000,0.000,0.000,0.000,-42.955,30.587,0.000,0.000,0.000,0.000,0.000,0.000,0.000,0.000,0.000,0.006,3.2,11.30,32.0,0.000,0.000,0.000,0.006,0.000,0.000,0.006,0.000,0.000,0.000,0.000,0.000,0.000,0.006,0.000,0.000,0.006,0.000
38.0043,380,0,move,-1,38.0043,38.0177,0,0.000,0.000,0.176,-0.264,-0.088,0.088,-0.264,-42.979,30.762,0.000,0.000,-0.088,-0.088,0.176,0.000,0.000,0.439,0.176,0.000,0.000,0.000,0.000,0.000,0.000,0.000,-43.059,30.640,0.000,0.000,0.000,0.000,0.000,0.000,0.000,0.000,0.000,0.006,3.2,11.30,33.0,0.000,0.000,0.000,0.000,0.000,0.000,0.006,0.000,0.000,0.000,0.000,0.000,0.000,0.006,0.000,0.000,0.006,0.000
38.1045,381,0,move,-1,38.1045,38.1276,0,0.000,0.000,0.176,-0.264,-0.088,0.088,-0.264,-42.979,30.762,0.000,0.000,-0.088,-0.088,0.176,0.000,0.000,0.439,0.176,0.000,0.000,0.000,0.000,0.000,0.000,0.000,-43.362,30.795,0.000,0.000,0.000,0.000,0.000,0.000,0.000,0.000,0.000,0.000,0.0,11.30,32.0,0.000,0.000,0.000,0.000,0.000,0.000,0.000,0.000,0.000,0.000,0.000,0.000,0.000,0.000,0.000,0.000,0.000,0.000
38.2045,382,0,move,-1,38.2045,38.2147,0,0.000,0.000,0.176,-0.264,-0.088,0.088,-0.264,-43.242,30.762,0.000,0.000,-0.088,-0.088,0.176,0.000,0.000,0.439,0.176,0.000,0.000,0.000,0.000,0.000,0.000,0.000,-43.833,31.033,0.000,0.000,0.000,0.000,0.000,0.000,0.000,0.000,0.000,0.000,0.0,11.30,32.0,0.000,0.000,0.000,0.000,0.000,0.000,0.000,0.000,0.000,0.000,0.000,0.000,0.000,0.000,0.000,0.000,0.000,0.000
38.3054,383,0,move,-1,38.3054,38.3155,0,0.000,0.000,0.176,-0.264,-0.088,0.088,-0.264,-43.594,30.762,0.000,0.000,-0.088,-0.088,0.176,0.000,0.000,0.439,0.176,0.000,0.000,0.000,0.000,0.000,0.000,0.000,-44.421,31.329,0.000,0.000,0.000,0.000,0.000,0.000,0.000,0.000,0.000,0.013,4.8,11.30,32.0,0.000,0.000,0.000,0.006,0.000,0.000,0.006,0.006,0.000,0.000,0.000,0.000,0.000,0.006,0.000,0.000,0.013,0.000
38.4045,384,0,move,-1,38.4045,38.4149,0,0.000,0.000,0.176,-0.264,-0.088,0.088,-0.264,-44.033,30.938,0.000,0.000,-0.088,-0.088,0.176,0.000,0.000,0.439,0.176,0.000,0.000,0.000,0.000,0.000,0.000,0.000,-45.069,31.653,0.000,0.000,0.000,0.000,0.000,0.000,0.000,0.000,0.000,0.013,4.8,11.30,32.0,0.000,0.000,0.000,0.006,0.000,0.000,0.006,0.006,0.000,0.000,0.000,0.000,0.000,0.006,0.000,0.000,0.013,0.000
38.5045,385,0,move,-1,38.5045,38.5159,0,0.000,0.000,0.176,-0.264,-0.088,0.088,-0.264,-44.473,31.377,0.000,0.000,-0.088,-0.088,0.176,0.000,0.000,0.439,0.176,0.000,0.000,0.000,0.000,0.000,0.000,0.000,-45.712,31.972,0.000,0.000,0.000,0.000,0.000,0.000,0.000,0.000,0.000,0.019,4.8,11.20,30.0,0.000,0.000,0.000,0.006,0.000,0.000,0.006,0.019,0.000,0.000,0.000,0.000,0.000,0.000,0.000,0.000,0.006,0.000
38.6045,386,0,move,-1,38.6045,38.6165,0,0.000,0.000,0.176,-0.264,-0.088,0.088,-0.264,-45.176,31.553,0.000,0.000,-0.088,-0.088,0.176,0.000,0.000,0.439,0.176,0.000,0.000,0.000,0.000,0.000,0.000,0.000,-46.288,32.255,0.000,0.000,0.000,0.000,0.000,0.000,0.000,0.000,0.000,0.019,5.2,11.20,30.0,0.000,0.000,0.006,0.000,0.000,0.000,0.006,0.019,0.006,0.000,0.000,0.000,0.000,0.006,0.000,0.000,0.013,0.000
38.7045,387,0,move,-1,38.7045,38.7161,0,0.000,0.000,0.176,-0.264,-0.088,0.088,-0.264,-45.791,31.992,0.000,0.000,-0.088,-0.088,0.176,0.000,0.000,0.439,0.176,0.000,0.000,0.000,0.000,0.000,0.000,0.000,-46.742,32.477,0.000,0.000,0.000,0.000,0.000,0.000,0.000,0.000,0.000,0.019,5.2,11.20,30.0,0.000,0.000,0.006,0.000,0.000,0.000,0.006,0.019,0.006,0.000,0.000,0.000,0.000,0.006,0.000,0.000,0.013,0.000
38.8045,388,0,move,-1,38.8045,38.8144,0,0.000,0.000,0.176,-0.264,-0.088,0.088,-0.264,-46.230,32.256,0.000,0.000,-0.088,-0.088,0.176,0.000,0.000,0.439,0.176,0.000,0.000,0.000,0.000,0.000,0.000,0.000,-47.033,32.619,0.000,0.000,0.000,0.000,0.000,0.000,0.000,0.000,0.000,0.026,6.8,11.20,30.0,0.000,0.000,0.000,0.000,0.000,0.000,0.006,0.026,0.006,0.000,0.000,0.000,0.000,0.006,0.000,0.000,0.006,0.000
38.9045,389,0,move,-1,38.9045,38.9151,0,0.000,0.000,0.176,-0.264,-0.088,0.088,-0.264,-46.582,32.344,0.000,0.000,-0.088,-0.088,0.176,0.000,0.000,0.439,0.176,0.000,0.000,0.000,0.000,0.000,0.000,0.000,-47.133,32.667,0.000,0.000,0.000,0.000,0.000,0.000,0.000,0.000,0.000,0.013,4.8,11.20,30.0,0.000,0.000,0.006,0.006,0.000,0.000,0.006,0.013,0.006,0.000,0.000,0.000,0.000,0.006,0.000,0.000,0.013,0.000
39.0045,390,0,move,-1,39.0045,39.0161,0,0.000,0.000,0.176,-0.264,-0.088,0.088,-0.264,-46.582,32.344,0.000,0.000,-0.088,-0.088,0.176,0.000,0.000,0.439,0.176,0.000,0.000,0.000,0.000,0.000,0.000,0.000,-47.133,32.667,0.000,0.000,0.000,0.000,0.000,0.000,0.000,0.000,0.000,0.026,5.6,11.20,30.0,0.000,0.000,0.000,0.000,0.000,0.000,0.006,0.026,0.006,0.000,0.000,0.000,0.000,0.006,0.000,0.000,0.006,0.006
39.1045,391,0,move,-1,39.1045,39.1143,0,0.000,0.000,0.176,-0.264,-0.088,0.088,-0.264,-46.582,32.344,0.000,0.000,-0.088,-0.088,0.176,0.000,0.000,0.439,0.176,0.000,0.000,0.000,0.000,0.000,0.000,0.000,-47.133,32.667,0.000,0.000,0.000,0.000,0.000,0.000,0.000,0.000,0.000,0.026,5.6,11.20,30.0,0.000,0.000,0.000,0.000,0.000,0.000,0.006,0.026,0.006,0.000,0.000,0.000,0.000,0.006,0.000,0.000,0.006,0.006
39.2044,392,0,move,-1,39.2044,39.2161,0,0.000,0.000,0.176,-0.264,-0.088,0.088,-0.264,-46.582,32.344,0.000,0.000,-0.088,-0.088,0.176,0.000,0.000,0.439,0.176,0.000,0.000,0.000,0.000,0.000,0.000,0.000,-47.133,32.667,0.000,0.000,0.000,0.000,0.000,0.000,0.000,0.000,0.000,0.026,5.6,11.20,30.0,0.000,0.000,0.000,0.000,0.000,0.000,0.006,0.026,0.006,0.000,0.000,0.000,0.000,0.006,0.000,0.000,0.006,0.000
39.3045,393,0,move,-1,39.3045,39.3149,0,0.000,0.000,0.176,-0.264,-0.088,0.088,-0.264,-46.582,32.344,0.000,0.000,-0.088,-0.088,0.176,0.000,0.000,0.439,0.176,0.000,0.000,0.000,0.000,0.000,0.000,0.000,-47.133,32.667,0.000,0.000,0.000,0.000,0.000,0.000,0.000,0.000,0.000,0.026,5.6,11.20,30.0,0.000,0.000,0.000,0.000,0.000,0.000,0.006,0.026,0.006,0.000,0.000,0.000,0.000,0.006,0.000,0.000,0.006,0.000
39.4045,394,0,move,-1,39.4045,39.4195,0,0.000,0.000,0.176,-0.264,-0.088,0.088,-0.264,-46.582,32.344,0.000,0.000,-0.088,-0.088,0.176,0.000,0.000,0.439,0.176,0.000,0.000,0.000,0.000,0.000,0.000,0.000,-47.133,32.667,0.000,0.000,0.000,0.000,0.000,0.000,0.000,0.000,0.000,0.019,5.6,11.20,30.0,0.000,0.000,0.000,0.006,0.000,0.000,0.006,0.019,0.000,0.000,0.000,0.006,0.000,0.006,0.000,0.000,0.006,0.000
39.5045,395,0,move,-1,39.5045,39.5154,0,0.000,0.000,0.176,-0.264,-0.088,0.088,-0.264,-46.582,32.344,0.000,0.000,-0.088,-0.088,0.176,0.000,0.000,0.439,0.176,0.000,0.000,0.000,0.000,0.000,0.000,0.000,-47.133,32.667,0.000,0.000,0.000,0.000,0.000,0.000,0.000,0.000,0.000,0.019,5.6,11.20,30.0,0.000,0.000,0.000,0.006,0.000,0.000,0.006,0.019,0.000,0.000,0.000,0.006,0.000,0.006,0.000,0.000,0.006,0.000
39.6045,396,0,move,-1,39.6045,39.6154,0,0.000,0.000,0.176,-0.264,-0.088,0.088,-0.264,-46.582,32.344,0.000,0.000,-0.088,-0.088,0.176,0.000,0.000,0.439,0.176,0.000,0.000,0.000,0.000,0.000,0.000,0.000,-47.133,32.667,0.000,0.000,0.000,0.000,0.000,0.000,0.000,0.000,0.000,0.026,5.6,11.20,30.0,0.000,0.000,0.006,0.006,0.000,0.000,0.006,0.026,0.000,0.000,0.000,0.000,0.000,0.006,0.000,0.000,0.006,0.000
39.7045,397,0,move,-1,39.7045,39.7141,0,0.000,0.000,0.176,-0.264,-0.088,0.088,-0.264,-46.582,32.344,0.000,0.000,-0.088,-0.088,0.176,0.000,0.000,0.439,0.176,0.000,0.000,0.000,0.000,0.000,0.000,0.000,-47.133,32.667,0.000,0.000,0.000,0.000,0.000,0.000,0.000,0.000,0.000,0.026,5.6,11.20,30.0,0.000,0.000,0.006,0.006,0.000,0.000,0.006,0.026,0.000,0.000,0.000,0.000,0.000,0.006,0.000,0.000,0.006,0.000
39.8045,398,0,move,-1,39.8045,39.8159,0,0.000,0.000,0.176,-0.264,-0.088,0.088,-0.264,-46.582,32.344,0.000,0.000,-0.088,-0.088,0.176,0.000,0.000,0.439,0.176,0.000,0.000,0.000,0.000,0.000,0.000,0.000,-47.133,32.667,0.000,0.000,0.000,0.000,0.000,0.000,0.000,0.000,0.000,0.019,5.6,11.20,30.0,0.000,0.000,0.006,0.006,0.000,0.000,0.000,0.019,0.006,0.000,0.000,0.000,0.000,0.000,0.000,0.000,0.006,0.000
39.9043,399,0,move,-1,39.9043,39.9153,0,0.000,0.000,0.176,-0.264,-0.088,0.088,-0.264,-46.582,32.344,0.000,0.000,-0.088,-0.088,0.176,0.000,0.000,0.439,0.176,0.000,0.000,0.000,0.000,0.000,0.000,0.000,-47.133,32.667,0.000,0.000,0.000,0.000,0.000,0.000,0.000,0.000,0.000,0.019,5.6,11.20,30.0,0.000,0.000,0.006,0.006,0.000,0.000,0.000,0.019,0.006,0.000,0.000,0.000,0.000,0.000,0.000,0.000,0.006,0.000
40.0045,400,0,move,-1,40.0045,40.0158,0,0.000,0.000,0.176,-0.264,-0.088,0.088,-0.264,-46.582,32.344,0.000,0.000,-0.088,-0.088,0.176,0.000,0.000,0.439,0.176,0.000,0.000,0.000,0.000,0.000,0.000,0.000,-47.133,32.667,0.000,0.000,0.000,0.000,0.000,0.000,0.000,0.000,0.000,0.026,5.6,11.20,30.0,0.000,0.000,0.006,0.000,0.000,0.000,0.006,0.026,0.006,0.000,0.000,0.000,0.000,0.006,0.000,0.000,0.006,0.006
40.1059,401,0,move,-1,40.1059,40.1135,0,0.000,0.000,0.176,-0.264,-0.088,0.088,-0.264,-46.582,32.344,0.000,0.000,-0.088,-0.088,0.176,0.000,0.000,0.439,0.176,0.000,0.000,0.000,0.000,0.000,0.000,0.000,-47.133,32.667,0.000,0.000,0.000,0.000,0.000,0.000,0.000,0.000,0.000,0.026,5.6,11.20,30.0,0.000,0.000,0.006,0.000,0.000,0.000,0.006,0.026,0.006,0.000,0.000,0.000,0.000,0.006,0.000,0.000,0.006,0.006
40.2044,402,0,move,-1,40.2044,40.2157,0,0.000,0.000,0.176,-0.264,-0.088,0.088,-0.264,-46.582,32.344,0.000,0.000,-0.088,-0.088,0.176,0.000,0.000,0.439,0.176,0.000,0.000,0.000,0.000,0.000,0.000,0.000,-47.133,32.667,0.000,0.000,0.000,0.000,0.000,0.000,0.000,0.000,0.000,0.026,5.6,11.20,30.0,0.000,0.000,0.006,0.006,0.000,0.000,0.000,0.026,0.006,0.000,0.000,0.000,0.000,0.006,0.000,0.000,0.006,0.006
40.3045,403,0,move,-1,40.3045,40.3177,0,0.000,0.000,0.176,-0.264,-0.088,0.088,-0.264,-46.582,32.344,0.000,0.000,-0.088,-0.088,0.176,0.000,0.000,0.439,0.176,0.000,0.000,0.000,0.000,0.000,0.000,0.000,-47.133,32.667,0.000,0.000,0.000,0.000,0.000,0.000,0.000,0.000,0.000,0.026,5.6,11.20,30.0,0.000,0.000,0.000,0.000,0.000,0.000,0.006,0.026,0.006,0.000,0.000,0.000,0.000,0.006,0.000,0.000,0.013,0.000
40.4045,404,0,move,-1,40.4045,40.4160,0,0.000,0.000,0.176,-0.264,-0.088,0.088,-0.264,-46.582,32.344,0.000,0.000,-0.088,-0.088,0.176,0.000,0.000,0.439,0.176,0.000,0.000,0.000,0.000,0.000,0.000,0.000,-47.133,32.667,0.000,0.000,0.000,0.000,0.000,0.000,0.000,0.000,0.000,0.026,5.6,11.20,30.0,0.000,0.000,0.000,0.000,0.000,0.000,0.006,0.026,0.006,0.000,0.000,0.000,0.000,0.006,0.000,0.000,0.013,0.000
40.5043,405,0,move,-1,40.5043,40.5140,0,0.000,0.000,0.176,-0.264,-0.088,0.088,-0.264,-46.582,32.344,0.000,0.000,-0.088,-0.088,0.176,0.000,0.000,0.439,0.176,0.000,0.000,0.000,0.000,0.000,0.000,0.000,-47.133,32.667,0.000,0.000,0.000,0.000,0.000,0.000,0.000,0.000,0.000,0.026,5.6,11.20,30.0,0.000,0.000,0.000,0.006,0.000,0.000,0.000,0.026,0.006,0.000,0.000,0.000,0.000,0.006,0.000,0.000,0.006,0.000
40.6045,406,0,move,-1,40.6045,40.6152,0,0.000,0.000,0.176,-0.264,-0.088,0.088,-0.264,-46.582,32.344,0.000,0.000,-0.088,-0.088,0.176,0.000,0.000,0.439,0.176,0.000,0.000,0.000,0.000,0.000,0.000,0.000,-47.133,32.667,0.000,0.000,0.000,0.000,0.000,0.000,0.000,0.000,0.000,0.019,5.6,11.20,30.0,0.000,0.000,0.000,0.006,0.000,0.000,0.000,0.019,0.000,0.000,0.000,0.000,0.000,0.006,0.000,0.000,0.006,0.000
40.7045,407,0,move,-1,40.7045,40.7183,0,0.000,0.000,0.176,-0.264,-0.088,0.088,-0.264,-46.582,32.344,0.000,0.000,-0.088,-0.088,0.176,0.000,0.000,0.439,0.176,0.000,0.000,0.000,0.000,0.000,0.000,0.000,-47.133,32.667,0.000,0.000,0.000,0.000,0.000,0.000,0.000,0.000,0.000,0.019,5.6,11.20,30.0,0.000,0.000,0.000,0.000,0.000,0.000,0.006,0.019,0.006,0.000,0.000,0.000,0.000,0.006,0.006,0.000,0.006,0.000
40.8043,408,0,move,-1,40.8043,40.8169,0,0.000,0.000,0.176,-0.264,-0.088,0.088,-0.264,-46.582,32.344,0.000,0.000,-0.088,-0.088,0.176,0.000,0.000,0.439,0.176,0.000,0.000,0.000,0.000,0.000,0.000,0.000,-47.133,32.667,0.000,0.000,0.000,0.000,0.000,0.000,0.000,0.000,0.000,0.019,5.6,11.20,30.0,0.000,0.000,0.000,0.000,0.000,0.000,0.006,0.019,0.006,0.000,0.000,0.000,0.000,0.006,0.006,0.000,0.006,0.000
40.9045,409,0,move,-1,40.9045,40.9184,0,0.000,0.000,0.176,-0.264,-0.088,0.088,-0.264,-46.670,32.344,0.000,0.000,-0.088,-0.088,0.176,0.000,0.000,0.439,0.176,0.000,0.000,0.000,0.000,0.000,0.000,0.000,-47.133,32.667,0.000,0.000,0.000,0.000,0.000,0.000,0.000,0.000,0.000,0.013,4.8,11.20,30.0,0.000,0.000,0.000,0.006,0.000,0.000,0.006,0.013,0.006,0.000,0.000,0.000,0.000,0.006,0.000,0.000,0.006,0.000
41.0043,410,0,move,-1,41.0043,41.0169,0,0.000,0.000,0.176,-0.264,-0.088,0.088,-0.264,-46.670,32.344,0.000,0.000,-0.088,-0.088,0.176,0.000,0.000,0.439,0.176,0.000,0.000,0.000,0.000,0.000,0.000,0.000,-47.133,32.667,0.000,0.000,0.000,0.000,0.000,0.000,0.000,0.000,0.000,0.013,4.8,11.20,30.0,0.000,0.000,0.000,0.006,0.000,0.000,0.006,0.013,0.006,0.000,0.000,0.000,0.000,0.006,0.000,0.000,0.006,0.000
41.1043,411,0,move,-1,41.1043,41.1154,0,0.000,0.000,0.176,-0.264,-0.088,0.088,-0.264,-46.670,32.344,0.000,0.000,-0.088,-0.088,0.176,0.000,0.000,0.439,0.176,0.000,0.000,0.000,0.000,0.000,0.000,0.000,-47.133,32.667,0.000,0.000,0.000,0.000,0.000,0.000,0.000,0.000,0.000,0.019,4.8,11.20,30.0,0.000,0.000,0.000,0.006,0.000,0.000,0.000,0.019,0.006,0.000,0.000,0.000,0.000,0.006,0.000,0.000,0.013,0.006
41.2045,412,0,move,-1,41.2045,41.2146,0,0.000,0.000,0.176,-0.264,-0.088,0.088,-0.264,-46.670,32.344,0.000,0.000,-0.088,-0.088,0.176,0.000,0.000,0.439,0.176,0.000,0.000,0.000,0.000,0.000,0.000,0.000,-47.133,32.667,0.000,0.000,0.000,0.000,0.000,0.000,0.000,0.000,0.000,0.019,4.8,11.20,30.0,0.000,0.000,0.000,0.006,0.000,0.000,0.000,0.019,0.006,0.000,0.000,0.000,0.000,0.006,0.000,0.000,0.013,0.006
41.3045,413,0,move,-1,41.3045,41.3149,0,0.000,0.000,0.176,-0.264,-0.088,0.088,-0.264,-46.670,32.344,0.000,0.000,-0.088,-0.088,0.176,0.000,0.000,0.439,0.176,0.000,0.000,0.000,0.000,0.000,0.000,0.000,-47.133,32.667,0.000,0.000,0.000,0.000,0.000,0.000,0.000,0.000,0.000,0.019,4.8,11.20,30.0,0.000,0.000,0.006,0.000,0.000,0.000,0.006,0.019,0.006,0.000,0.000,0.000,0.000,0.006,0.000,0.000,0.013,0.006
41.4045,414,0,move,-1,41.4045,41.4169,0,0.000,0.000,0.176,-0.264,-0.088,0.088,-0.264,-46.670,32.344,0.000,0.000,-0.088,-0.088,0.176,0.000,0.000,0.439,0.176,0.000,0.000,0.000,0.000,0.000,0.000,0.000,-47.133,32.667,0.000,0.000,0.000,0.000,0.000,0.000,0.000,0.000,0.000,0.019,4.8,11.20,31.0,0.000,0.000,0.000,0.000,0.000,0.000,0.006,0.019,0.006,0.000,0.000,0.000,0.000,0.006,0.000,0.000,0.013,0.000
41.5043,415,0,move,-1,41.5043,41.5157,0,0.000,0.000,0.176,-0.264,-0.088,0.088,-0.264,-46.230,32.344,0.000,0.000,-0.088,-0.088,0.176,0.000,0.000,0.439,0.176,0.000,0.000,0.000,0.000,0.000,0.000,0.000,-47.133,32.667,0.000,0.000,0.000,0.000,0.000,0.000,0.000,0.000,0.000,0.019,4.8,11.20,31.0,0.000,0.000,0.000,0.000,0.000,0.000,0.006,0.019,0.006,0.000,0.000,0.000,0.000,0.006,0.000,0.000,0.013,0.000
41.6045,416,0,move,-1,41.6045,41.6155,0,0.000,0.000,0.176,-0.264,-0.088,0.088,-0.264,-46.582,32.344,0.000,0.000,-0.088,-0.088,0.176,0.000,0.000,0.439,0.176,0.000,0.000,0.000,0.000,0.000,0.000,0.000,-47.133,32.667,0.000,0.000,0.000,0.000,0.000,0.000,0.000,0.000,0.000,0.013,4.0,11.20,30.0,0.000,0.000,0.000,0.000,0.000,0.000,0.000,0.013,0.000,0.000,0.000,0.000,0.000,0.006,0.000,0.000,0.006,0.000
41.7045,417,0,move,-1,41.7045,41.7171,0,0.000,0.000,0.176,-0.264,-0.088,0.088,-0.264,-46.758,32.344,0.000,0.000,-0.088,-0.088,0.176,0.000,0.000,0.439,0.176,0.000,0.000,0.000,0.000,0.000,0.000,0.000,-47.133,32.667,0.000,0.000,0.000,0.000,0.000,0.000,0.000,0.000,0.000,0.019,5.2,11.20,30.0,0.000,0.000,0.000,0.006,0.000,0.000,0.000,0.019,0.006,0.000,0.000,0.000,0.000,0.006,0.000,0.000,0.006,0.000
41.8045,418,0,move,-1,41.8045,41.8169,0,0.000,0.000,0.176,-0.264,-0.088,0.088,-0.264,-46.758,32.344,0.000,0.000,-0.088,-0.088,0.176,0.000,0.000,0.439,0.176,0.000,0.000,0.000,0.000,0.000,0.000,0.000,-47.133,32.667,0.000,0.000,0.000,0.000,0.000,0.000,0.000,0.000,0.000,0.019,5.2,11.20,30.0,0.000,0.000,0.000,0.006,0.000,0.000,0.000,0.019,0.006,0.000,0.000,0.000,0.000,0.006,0.000,0.000,0.006,0.000
41.9043,419,0,move,-1,41.9043,41.9279,0,0.000,0.000,0.176,-0.264,-0.088,0.088,-0.264,-46.758,32.344,0.000,0.000,-0.088,-0.088,0.176,0.000,0.000,0.439,0.176,0.000,0.000,0.000,0.000,0.000,0.000,0.000,-47.133,32.667,0.000,0.000,0.000,0.000,0.000,0.000,0.000,0.000,0.000,0.013,4.0,11.20,30.0,0.000,0.000,0.000,0.006,0.000,0.000,0.000,0.013,0.006,0.000,0.000,0.000,0.000,0.006,0.000,0.000,0.013,0.006
42.0045,420,0,move,-1,42.0045,42.0168,0,0.000,0.000,0.176,-0.264,-0.088,0.088,-0.264,-46.758,32.344,0.000,0.000,-0.088,-0.088,0.176,0.000,0.000,0.439,0.176,0.000,0.000,0.000,0.000,0.000,0.000,0.000,-47.233,32.716,0.000,0.000,0.000,0.000,0.000,0.000,0.000,0.000,0.000,0.013,4.0,11.20,30.0,0.000,0.000,0.000,0.006,0.000,0.000,0.000,0.013,0.006,0.000,0.000,0.000,0.000,0.006,0.000,0.000,0.013,0.006
42.1043,421,0,move,-1,42.1043,42.1149,0,0.000,0.000,0.176,-0.264,-0.088,0.088,-0.264,-46.758,32.344,0.000,0.000,-0.088,-0.088,0.176,0.000,0.000,0.439,0.176,0.000,0.000,0.000,0.000,0.000,0.000,0.000,-47.522,32.856,0.000,0.000,0.000,0.000,0.000,0.000,0.000,0.000,0.000,0.019,4.8,11.20,30.0,0.000,0.000,0.006,0.006,0.000,0.000,0.000,0.019,0.000,0.000,0.000,0.000,0.000,0.006,0.000,0.000,0.013,0.000
42.2045,422,0,move,-1,42.2045,42.2152,0,0.000,0.000,0.176,-0.264,-0.088,0.088,-0.264,-47.109,32.607,0.000,0.000,-0.088,-0.088,0.176,0.000,0.000,0.439,0.176,0.000,0.000,0.000,0.000,0.000,0.000,0.000,-47.971,33.071,0.000,0.000,0.000,0.000,0.000,0.000,0.000,0.000,0.000,0.013,4.4,11.20,30.0,0.000,0.000,0.000,0.006,0.000,0.000,0.000,0.013,0.000,0.000,0.000,0.000,0.000,0.006,0.000,0.000,0.013,0.000
42.3043,423,0,move,-1,42.3043,42.3171,0,0.000,0.000,0.176,-0.264,-0.088,0.088,-0.264,-47.549,32.783,0.000,0.000,-0.088,-0.088,0.176,0.000,0.000,0.439,0.176,0.000,0.000,0.000,0.000,0.000,0.000,0.000,-48.535,33.340,0.000,0.000,0.000,0.000,0.000,0.000,0.000,0.000,0.000,0.013,4.8,11.20,30.0,0.000,0.000,0.000,0.000,0.000,0.000,0.000,0.013,0.000,0.000,0.000,0.000,0.000,0.006,0.000,0.000,0.006,0.006
42.4045,424,0,move,-1,42.4045,42.4191,0,0.000,0.000,0.176,-0.264,-0.088,0.088,-0.264,-47.988,33.135,0.000,0.000,-0.088,-0.088,0.176,0.000,0.000,0.439,0.176,0.000,0.000,0.000,0.000,0.000,0.000,0.000,-49.154,33.634,0.000,0.000,0.000,0.000,0.000,0.000,0.000,0.000,0.000,0.013,5.2,11.20,30.0,0.000,0.000,0.000,0.000,0.000,0.000,0.000,0.013,0.000,0.000,0.000,0.000,0.000,0.006,0.000,0.000,0.006,0.000
42.5045,425,0,move,-1,42.5045,42.5161,0,0.000,0.000,0.176,-0.264,-0.088,0.088,-0.264,-48.604,33.398,0.000,0.000,-0.088,-0.088,0.176,0.000,0.000,0.439,0.176,0.000,0.000,0.000,0.000,0.000,0.000,0.000,-49.772,33.924,0.000,0.000,0.000,0.000,0.000,0.000,0.000,0.000,0.000,0.013,5.2,11.20,30.0,0.000,0.000,0.000,0.000,0.000,0.000,0.000,0.013,0.000,0.000,0.000,0.000,0.000,0.006,0.000,0.000,0.006,0.000
42.6045,426,0,move,-1,42.6045,42.6211,0,0.000,0.000,0.176,-0.264,-0.088,0.088,-0.264,-49.219,33.662,0.000,0.000,-0.088,-0.088,0.176,0.000,0.000,0.439,0.176,0.000,0.000,0.000,0.000,0.000,0.000,0.000,-50.327,34.182,0.000,0.000,0.000,0.000,0.000,0.000,0.000,0.000,0.000,0.026,6.4,11.20,31.0,0.000,0.000,0.000,0.006,0.000,0.000,0.006,0.026,0.000,0.000,0.000,0.000,0.000,0.006,0.000,0.000,0.006,0.000
42.7045,427,0,move,-1,42.7045,42.7152,0,0.000,0.000,0.176,-0.264,-0.088,0.088,-0.264,-49.834,33.838,0.000,0.000,-0.088,-0.088,0.176,0.000,0.000,0.439,0.176,0.000,0.000,0.000,0.000,0.000,0.000,0.000,-50.765,34.384,0.000,0.000,0.000,0.000,0.000,0.000,0.000,0.000,0.000,0.026,6.4,11.20,31.0,0.000,0.000,0.000,0.006,0.000,0.000,0.006,0.026,0.000,0.000,0.000,0.000,0.000,0.006,0.000,0.000,0.006,0.000
42.8045,428,0,move,-1,42.8045,42.8159,0,0.000,0.000,0.176,-0.264,-0.088,0.088,-0.264,-50.361,34.189,0.000,0.000,-0.088,-0.088,0.176,0.000,0.000,0.439,0.176,0.000,0.000,0.000,0.000,0.000,0.000,0.000,-51.045,34.512,0.000,0.000,0.000,0.000,0.000,0.000,0.000,0.000,0.000,0.026,6.4,11.20,30.0,0.000,0.000,0.000,0.006,0.000,0.000,0.006,0.026,0.013,0.000,0.000,0.000,0.000,0.006,0.000,0.000,0.006,0.006
42.9045,429,0,move,-1,42.9045,42.9151,0,0.000,0.000,0.176,-0.264,-0.088,0.088,-0.264,-50.625,34.277,0.000,0.000,-0.088,-0.088,0.176,0.000,0.000,0.439,0.176,0.000,0.000,0.000,0.000,0.000,0.000,0.000,-51.141,34.556,0.000,0.000,0.000,0.000,0.000,0.000,0.000,0.000,0.000,0.026,6.4,11.20,30.0,0.000,0.000,0.000,0.006,0.000,0.000,0.006,0.026,0.013,0.000,0.000,0.000,0.000,0.006,0.000,0.000,0.006,0.006
43.0046,430,0,move,-1,43.0046,43.0155,0,0.000,0.000,0.176,-0.264,-0.088,0.088,-0.264,-50.713,34.365,0.000,0.000,-0.088,-0.088,0.176,0.000,0.000,0.439,0.176,0.000,0.000,0.000,0.000,0.000,0.000,0.000,-51.141,34.556,0.000,0.000,0.000,0.000,0.000,0.000,0.000,0.000,0.000,0.013,4.4,11.20,30.0,0.000,0.000,0.000,0.006,0.000,0.000,0.006,0.013,0.000,0.000,0.000,0.000,0.000,0.006,0.000,0.000,0.006,0.000
43.1044,431,0,move,-1,43.1044,43.1183,0,0.000,0.000,0.176,-0.264,-0.088,0.088,-0.264,-50.801,34.365,0.000,0.000,-0.088,-0.088,0.176,0.000,0.000,0.439,0.176,0.000,0.000,0.000,0.000,0.000,0.000,0.000,-51.141,34.556,0.000,0.000,0.000,0.000,0.000,0.000,0.000,0.000,0.000,0.019,4.8,11.20,31.0,0.000,0.000,0.000,0.006,0.000,0.000,0.006,0.019,0.006,0.000,0.000,0.000,0.000,0.006,0.000,0.000,0.006,0.000
43.2045,432,0,move,-1,43.2045,43.2154,0,0.000,0.000,0.176,-0.264,-0.088,0.088,-0.264,-50.801,34.365,0.000,0.000,-0.088,-0.088,0.176,0.000,0.000,0.439,0.176,0.000,0.000,0.000,0.000,0.000,0.000,0.000,-51.141,34.556,0.000,0.000,0.000,0.000,0.000,0.000,0.000,0.000,0.000,0.019,4.8,11.20,31.0,0.000,0.000,0.000,0.006,0.000,0.000,0.006,0.019,0.006,0.000,0.000,0.000,0.000,0.006,0.000,0.000,0.006,0.000
43.3045,433,0,move,-1,43.3045,43.3172,0,0.000,0.000,0.176,-0.264,-0.088,0.088,-0.264,-50.801,34.365,0.000,0.000,-0.088,-0.088,0.176,0.000,0.000,0.439,0.176,0.000,0.000,0.000,0.000,0.000,0.000,0.000,-51.141,34.556,0.000,0.000,0.000,0.000,0.000,0.000,0.000,0.000,0.000,0.013,4.0,11.20,30.0,0.000,0.000,0.000,0.006,0.000,0.000,0.006,0.013,0.000,0.000,0.000,0.000,0.000,0.006,0.000,0.000,0.006,0.006
43.4045,434,0,move,-1,43.4045,43.4149,0,0.000,0.000,0.176,-0.264,-0.088,0.088,-0.264,-50.801,34.365,0.000,0.000,-0.088,-0.088,0.176,0.000,0.000,0.439,0.176,0.000,0.000,0.000,0.000,0.000,0.000,0.000,-51.141,34.556,0.000,0.000,0.000,0.000,0.000,0.000,0.000,0.000,0.000,0.013,4.0,11.20,30.0,0.000,0.000,0.000,0.006,0.000,0.000,0.006,0.013,0.000,0.000,0.000,0.000,0.000,0.006,0.000,0.000,0.006,0.006
43.5045,435,0,move,-1,43.5045,43.5164,0,0.000,0.000,0.176,-0.264,-0.088,0.088,-0.264,-50.801,34.365,0.000,0.000,-0.088,-0.088,0.176,0.000,0.000,0.439,0.176,0.000,0.000,0.000,0.000,0.000,0.000,0.000,-51.141,34.556,0.000,0.000,0.000,0.000,0.000,0.000,0.000,0.000,0.000,0.019,4.0,11.20,30.0,0.000,0.000,0.000,0.000,0.000,0.000,0.006,0.019,0.000,0.000,0.000,0.000,0.000,0.006,0.000,0.000,0.013,0.000
43.6045,436,0,move,-1,43.6045,43.6149,0,0.000,0.000,0.176,-0.264,-0.088,0.088,-0.264,-50.801,34.365,0.000,0.000,-0.088,-0.088,0.176,0.000,0.000,0.439,0.176,0.000,0.000,0.000,0.000,0.000,0.000,0.000,-51.141,34.556,0.000,0.000,0.000,0.000,0.000,0.000,0.000,0.000,0.000,0.019,4.0,11.20,30.0,0.000,0.000,0.000,0.000,0.000,0.000,0.006,0.019,0.000,0.000,0.000,0.000,0.000,0.006,0.000,0.000,0.013,0.000
43.7095,437,0,move,-1,43.7095,43.7398,0,0.000,0.000,0.176,-0.264,-0.088,0.088,-0.264,-50.801,34.365,0.000,0.000,-0.088,-0.088,0.176,0.000,0.000,0.439,0.176,0.000,0.000,0.000,0.000,0.000,0.000,0.000,-51.141,34.556,0.000,0.000,0.000,0.000,0.000,0.000,0.000,0.000,0.000,0.013,4.0,11.20,30.0,0.000,0.000,0.000,0.006,0.000,0.000,0.006,0.013,0.006,0.000,0.000,0.000,0.000,0.006,0.000,0.000,0.006,0.000
43.8045,438,0,move,-1,43.8045,43.8162,0,0.000,0.000,0.176,-0.264,-0.088,0.088,-0.264,-50.801,34.365,0.000,0.000,-0.088,-0.088,0.176,0.000,0.000,0.439,0.176,0.000,0.000,0.000,0.000,0.000,0.000,0.000,-51.141,34.556,0.000,0.000,0.000,0.000,0.000,0.000,0.000,0.000,0.000,0.013,4.0,11.20,30.0,0.000,0.000,0.000,0.006,0.000,0.000,0.006,0.013,0.006,0.000,0.000,0.000,0.000,0.006,0.000,0.000,0.006,0.000
43.9045,439,0,move,-1,43.9045,43.9214,0,0.000,0.000,0.176,-0.264,-0.088,0.088,-0.264,-50.801,34.365,0.000,0.000,-0.088,-0.088,0.176,0.000,0.000,0.439,0.176,0.000,0.000,0.000,0.000,0.000,0.000,0.000,-51.141,34.556,0.000,0.000,0.000,0.000,0.000,0.000,0.000,0.000,0.000,0.000,0.0,11.30,32.0,0.000,0.000,0.000,0.000,0.000,0.000,0.000,0.000,0.000,0.000,0.000,0.000,0.000,0.000,0.000,0.000,0.000,0.000
44.0045,440,0,move,-1,44.0045,44.0149,0,0.000,0.000,0.176,-0.264,-0.088,0.088,-0.264,-50.801,34.365,0.000,0.000,-0.088,-0.088,0.176,0.000,0.000,0.439,0.176,0.000,0.000,0.000,0.000,0.000,0.000,0.000,-51.141,34.556,0.000,0.000,0.000,0.000,0.000,0.000,0.000,0.000,0.000,0.000,0.0,11.30,32.0,0.000,0.000,0.000,0.000,0.000,0.000,0.000,0.000,0.000,0.000,0.000,0.000,0.000,0.000,0.000,0.000,0.000,0.000
44.1045,441,0,move,-1,44.1045,44.1107,0,0.000,0.000,0.176,-0.264,-0.088,0.088,-0.264,-50.801,34.365,0.000,0.000,-0.088,-0.088,0.176,0.000,0.000,0.439,0.176,0.000,0.000,0.000,0.000,0.000,0.000,0.000,-51.141,34.556,0.000,0.000,0.000,0.000,0.000,0.000,0.000,0.000,0.000,0.013,4.0,11.20,30.0,0.000,0.000,0.000,0.006,0.000,0.000,0.006,0.013,0.006,0.000,0.000,0.000,0.000,0.006,0.000,0.000,0.006,0.000
44.2045,442,0,move,-1,44.2045,44.2155,0,0.000,0.000,0.176,-0.264,-0.088,0.088,-0.264,-50.801,34.365,0.000,0.000,-0.088,-0.088,0.176,0.000,0.000,0.439,0.176,0.000,0.000,0.000,0.000,0.000,0.000,0.000,-51.141,34.556,0.000,0.000,0.000,0.000,0.000,0.000,0.000,0.000,0.000,0.013,4.0,11.20,30.0,0.000,0.000,0.000,0.006,0.000,0.000,0.000,0.013,0.000,0.000,0.000,0.000,0.000,0.006,0.000,0.000,0.006,0.006
44.3043,443,0,move,-1,44.3043,44.3162,0,0.000,0.000,0.176,-0.264,-0.088,0.088,-0.264,-50.801,34.365,0.000,0.000,-0.088,-0.088,0.176,0.000,0.000,0.439,0.176,0.000,0.000,0.000,0.000,0.000,0.000,0.000,-51.141,34.556,0.000,0.000,0.000,0.000,0.000,0.000,0.000,0.000,0.000,0.013,4.0,11.20,30.0,0.000,0.000,0.000,0.000,0.000,0.000,0.006,0.013,0.000,0.000,0.000,0.000,0.000,0.006,0.000,0.000,0.006,0.006
44.4045,444,0,move,-1,44.4045,44.4161,0,0.000,0.000,0.176,-0.264,-0.088,0.088,-0.264,-50.801,34.365,0.000,0.000,-0.088,-0.088,0.176,0.000,0.000,0.439,0.176,0.000,0.000,0.000,0.000,0.000,0.000,0.000,-51.141,34.556,0.000,0.000,0.000,0.000,0.000,0.000,0.000,0.000,0.000,0.013,4.0,11.20,30.0,0.000,0.000,0.000,0.000,0.000,0.000,0.006,0.013,0.000,0.000,0.000,0.000,0.000,0.006,0.000,0.000,0.006,0.006
44.5045,445,0,move,-1,44.5045,44.5166,0,0.000,0.000,0.176,-0.264,-0.088,0.088,-0.264,-50.801,34.365,0.000,0.000,-0.088,-0.088,0.176,0.000,0.000,0.439,0.176,0.000,0.000,0.000,0.000,0.000,0.000,0.000,-51.141,34.556,0.000,0.000,0.000,0.000,0.000,0.000,0.000,0.000,0.000,0.013,4.0,11.20,30.0,0.000,0.000,0.000,0.006,0.000,0.000,0.006,0.013,0.006,0.000,0.000,0.000,0.000,0.006,0.000,0.000,0.013,0.006
44.6107,446,0,move,-1,44.6107,44.6264,0,0.000,0.000,0.176,-0.264,-0.088,0.088,-0.264,-50.801,34.365,0.000,0.000,-0.088,-0.088,0.176,0.000,0.000,0.439,0.176,0.000,0.000,0.000,0.000,0.000,0.000,0.000,-51.141,34.556,0.000,0.000,0.000,0.000,0.000,0.000,0.000,0.000,0.000,0.013,4.0,11.20,30.0,0.000,,0.000,0.000,0.000,,0.006,0.013,0.000,0.000,0.000,0.000,0.000,0.006,0.000,0.000,0.006,0.000
44.7045,447,0,move,-1,44.7045,44.7139,0,0.000,0.000,0.176,-0.264,-0.088,0.088,-0.264,-50.801,34.365,0.000,0.000,-0.088,-0.088,0.176,0.000,0.000,0.439,0.176,0.000,0.000,0.000,0.000,0.000,0.000,0.000,-51.141,34.556,0.000,0.000,0.000,0.000,0.000,0.000,0.000,0.000,0.000,0.013,4.0,11.20,30.0,0.000,,0.000,0.000,0.000,,0.006,0.013,0.000,0.000,0.000,0.000,0.000,0.006,0.000,0.000,0.006,0.000
44.8045,448,0,move,-1,44.8045,44.8147,0,0.000,0.000,0.176,-0.264,-0.088,0.088,-0.264,-50.801,34.365,0.000,0.000,-0.088,-0.088,0.176,0.000,0.000,0.439,0.176,0.000,0.000,0.000,0.000,0.000,0.000,0.000,-51.141,34.556,0.000,0.000,0.000,0.000,0.000,0.000,0.000,0.000,0.000,0.013,4.0,11.20,30.0,0.000,0.000,0.000,0.006,0.000,0.000,0.000,0.013,0.000,0.000,0.000,0.000,0.000,0.006,0.000,0.000,0.006,0.006
44.9046,449,0,move,-1,44.9046,44.9174,0,0.000,0.000,0.176,-0.264,-0.088,0.088,-0.264,-50.801,34.365,0.000,0.000,-0.088,-0.088,0.176,0.000,0.000,0.439,0.176,0.000,0.000,0.000,0.000,0.000,0.000,0.000,-51.141,34.556,0.000,0.000,0.000,0.000,0.000,0.000,0.000,0.000,0.000,0.019,4.0,11.20,30.0,0.000,0.000,0.000,0.006,0.000,0.000,0.006,0.019,0.006,0.000,0.000,0.000,0.000,0.006,0.000,0.000,0.013,0.006
45.0045,450,0,move,-1,45.0045,45.0147,0,0.000,0.000,0.176,-0.264,-0.088,0.088,-0.264,-50.801,34.365,0.000,0.000,-0.088,-0.088,0.176,0.000,0.000,0.439,0.176,0.000,0.000,0.000,0.000,0.000,0.000,0.000,-51.141,34.556,0.000,0.000,0.000,0.000,0.000,0.000,0.000,0.000,0.000,0.019,4.0,11.20,30.0,0.000,0.000,0.000,0.006,0.000,0.000,0.006,0.019,0.006,0.000,0.000,0.000,0.000,0.006,0.000,0.000,0.013,0.006
45.1045,451,0,move,-1,45.1045,45.1154,0,0.000,0.000,0.176,-0.264,-0.088,0.088,-0.264,-50.801,34.365,0.000,0.000,-0.088,-0.088,0.176,0.000,0.000,0.439,0.176,0.000,0.000,0.000,0.000,0.000,0.000,0.000,-51.141,34.556,0.000,0.000,0.000,0.000,0.000,0.000,0.000,0.000,0.000,0.013,4.0,11.20,30.0,0.000,0.000,0.000,0.006,0.000,0.000,0.006,0.013,0.000,0.000,0.000,0.000,0.000,0.006,0.000,0.000,0.006,0.000
45.2043,452,0,move,-1,45.2043,45.2134,0,0.000,0.000,0.176,-0.264,-0.088,0.088,-0.264,-50.801,34.365,0.000,0.000,-0.088,-0.088,0.176,0.000,0.000,0.439,0.176,0.000,0.000,0.000,0.000,0.000,0.000,0.000,-51.141,34.556,0.000,0.000,0.000,0.000,0.000,0.000,0.000,0.000,0.000,0.013,4.0,11.20,30.0,0.000,0.000,0.000,0.006,0.000,0.000,0.006,0.013,0.000,0.000,0.000,0.000,0.000,0.006,0.000,0.000,0.006,0.000
45.3045,453,0,move,-1,45.3045,45.3142,0,0.000,0.000,0.176,-0.264,-0.088,0.088,-0.264,-50.801,34.365,0.000,0.000,-0.088,-0.088,0.176,0.000,0.000,0.439,0.176,0.000,0.000,0.000,0.000,0.000,0.000,0.000,-51.141,34.556,0.000,0.000,0.000,0.000,0.000,0.000,0.000,0.000,0.000,0.013,4.0,11.20,30.0,0.000,0.000,0.006,0.006,0.000,0.000,0.006,0.013,0.006,0.000,0.000,0.000,0.000,0.006,0.000,0.000,0.006,0.000
45.4045,454,0,move,-1,45.4045,45.4162,0,0.000,0.000,0.176,-0.264,-0.088,0.088,-0.264,-50.801,34.365,0.000,0.000,-0.088,-0.088,0.176,0.000,0.000,0.439,0.176,0.000,0.000,0.000,0.000,0.000,0.000,0.000,-51.141,34.556,0.000,0.000,0.000,0.000,0.000,0.000,0.000,0.000,0.000,0.013,4.0,11.20,30.0,0.000,0.000,0.000,0.000,0.000,0.000,0.000,0.013,0.000,0.000,0.000,0.000,0.000,0.000,0.000,0.000,0.013,0.000
45.5045,455,0,move,-1,45.5045,45.5184,0,0.000,0.000,0.176,-0.264,-0.088,0.088,-0.264,-50.801,34.365,0.000,0.000,-0.088,-0.088,0.176,0.000,0.000,0.439,0.176,0.000,0.000,0.000,0.000,0.000,0.000,0.000,-51.141,34.556,0.000,0.000,0.000,0.000,0.000,0.000,0.000,0.000,0.000,0.013,4.0,11.20,30.0,0.000,0.000,0.000,0.006,0.000,0.000,0.006,0.013,0.000,0.000,0.000,0.000,0.000,0.006,0.000,0.000,0.006,0.000
45.6045,456,0,move,-1,45.6045,45.6148,0,0.000,0.000,0.176,-0.264,-0.088,0.088,-0.264,-50.801,34.365,0.000,0.000,-0.088,-0.088,0.176,0.000,0.000,0.439,0.176,0.000,0.000,0.000,0.000,0.000,0.000,0.000,-51.141,34.556,0.000,0.000,0.000,0.000,0.000,0.000,0.000,0.000,0.000,0.013,4.0,11.20,30.0,0.000,0.000,0.000,0.006,0.000,0.000,0.006,0.013,0.000,0.000,0.000,0.000,0.000,0.006,0.000,0.000,0.006,0.000
45.7175,457,0,move,-1,45.7175,45.7312,0,0.000,0.000,0.176,-0.264,-0.088,0.088,-0.264,-50.801,34.365,0.000,0.000,-0.088,-0.088,0.176,0.000,0.000,0.439,0.176,0.000,0.000,0.000,0.000,0.000,0.000,0.000,-51.141,34.556,0.000,0.000,0.000,0.000,0.000,0.000,0.000,0.000,0.000,0.013,4.0,11.20,30.0,0.000,0.000,0.000,0.006,0.000,0.000,0.006,0.013,0.006,0.000,0.000,0.000,0.000,0.006,0.000,0.000,0.006,0.000
45.8048,458,0,move,-1,45.8048,45.8170,0,0.000,0.000,0.176,-0.264,-0.088,0.088,-0.264,-50.801,34.365,0.000,0.000,-0.088,-0.088,0.176,0.000,0.000,0.439,0.176,0.000,0.000,0.000,0.000,0.000,0.000,0.000,-51.141,34.556,0.000,0.000,0.000,0.000,0.000,0.000,0.000,0.000,0.000,0.013,4.0,11.20,30.0,0.000,0.000,0.000,0.006,0.000,0.000,0.006,0.013,0.006,0.000,0.000,0.000,0.000,0.006,0.000,0.000,0.006,0.000
45.9045,459,0,move,-1,45.9045,45.9148,0,0.000,0.000,0.176,-0.264,-0.088,0.088,-0.264,-50.801,34.365,0.000,0.000,-0.088,-0.088,0.176,0.000,0.000,0.439,0.176,0.000,0.000,0.000,0.000,0.000,0.000,0.000,-51.141,34.556,0.000,0.000,0.000,0.000,0.000,0.000,0.000,0.000,0.000,0.019,4.0,11.20,30.0,0.000,0.000,0.000,0.000,0.000,0.000,0.000,0.019,0.000,0.000,0.000,0.000,0.000,0.006,0.000,0.000,0.006,0.006
46.0045,460,0,move,-1,46.0045,46.0164,0,0.000,0.000,0.176,-0.264,-0.088,0.088,-0.264,-50.801,34.365,0.000,0.000,-0.088,-0.088,0.176,0.000,0.000,0.439,0.176,0.000,0.000,0.000,0.000,0.000,0.000,0.000,-51.045,34.512,0.000,0.000,0.000,0.000,0.000,0.000,0.000,0.000,0.000,0.013,4.0,11.20,30.0,0.000,0.000,0.000,0.006,0.000,0.000,0.006,0.013,0.000,0.000,0.000,0.000,0.000,0.000,0.000,0.000,0.006,0.006
46.1045,461,0,move,-1,46.1045,46.1189,0,0.000,0.000,0.176,-0.264,-0.088,0.088,-0.264,-50.801,34.365,0.000,0.000,-0.088,-0.088,0.176,0.000,0.000,0.439,0.176,0.000,0.000,0.000,0.000,0.000,0.000,0.000,-50.765,34.384,0.000,0.000,0.000,0.000,0.000,0.000,0.000,0.000,0.000,0.006,3.2,11.30,32.0,0.000,0.000,0.000,0.006,0.000,0.000,0.006,0.006,0.006,0.000,0.000,0.000,0.000,0.006,0.000,0.000,0.006,0.000
46.2043,462,0,move,-1,46.2043,46.2109,0,0.000,0.000,0.176,-0.264,-0.088,0.088,-0.264,-50.801,34.365,0.000,0.000,-0.088,-0.088,0.176,0.000,0.000,0.439,0.176,0.000,0.000,0.000,0.000,0.000,0.000,0.000,-50.327,34.182,0.000,0.000,0.000,0.000,0.000,0.000,0.000,0.000,0.000,0.006,3.2,11.30,32.0,0.000,0.000,0.000,0.006,0.000,0.000,0.006,0.006,0.006,0.000,0.000,0.000,0.000,0.006,0.000,0.000,0.006,0.000
46.3126,463,0,move,-1,46.3126,46.3230,0,0.000,0.000,0.176,-0.264,-0.088,0.088,-0.264,-50.449,34.365,0.000,0.000,-0.088,-0.088,0.176,0.000,0.000,0.439,0.176,0.000,0.000,0.000,0.000,0.000,0.000,0.000,-49.772,33.924,0.000,0.000,0.000,0.000,0.000,0.000,0.000,0.000,0.000,0.006,3.2,11.30,32.0,0.000,0.000,0.000,0.006,0.000,0.000,0.006,0.006,0.000,0.000,0.000,0.000,0.000,0.006,0.000,0.000,0.006,0.000
46.4045,464,0,move,-1,46.4045,46.4147,0,0.000,0.000,0.176,-0.264,-0.088,0.088,-0.264,-50.010,34.102,0.000,0.000,-0.088,-0.088,0.176,0.000,0.000,0.439,0.176,0.000,0.000,0.000,0.000,0.000,0.000,0.000,-49.154,33.634,0.000,0.000,0.000,0.000,0.000,0.000,0.000,0.000,0.000,0.006,3.2,11.30,32.0,0.000,0.000,0.000,0.006,0.000,0.000,0.006,0.006,0.000,0.000,0.000,0.000,0.000,0.006,0.000,0.000,0.006,0.000
46.5045,465,0,move,-1,46.5045,46.5162,0,0.000,0.000,0.176,-0.264,-0.088,0.088,-0.264,-49.307,33.926,0.000,0.000,-0.088,-0.088,0.176,0.000,0.000,0.439,0.176,0.000,0.000,0.000,0.000,0.000,0.000,0.000,-48.535,33.340,0.000,0.000,0.000,0.000,0.000,0.000,0.000,0.000,0.000,0.013,4.4,11.20,30.0,0.000,0.000,0.000,0.006,0.000,0.000,0.000,0.013,0.006,0.000,0.000,0.000,0.000,0.000,0.000,0.000,0.006,0.000
46.6045,466,0,move,-1,46.6045,46.6195,0,0.000,0.000,0.176,-0.264,-0.088,0.088,-0.264,-48.691,33.662,0.000,0.000,-0.088,-0.088,0.176,0.000,0.000,0.439,0.176,0.000,0.000,0.000,0.000,0.000,0.000,0.000,-47.971,33.071,0.000,0.000,0.000,0.000,0.000,0.000,0.000,0.000,0.000,0.013,4.0,11.20,30.0,0.000,0.000,0.000,0.006,0.000,0.000,0.006,0.013,0.006,0.000,0.000,0.000,0.000,0.006,0.000,0.000,0.006,0.000
46.7043,467,0,move,-1,46.7043,46.7108,0,0.000,0.000,0.176,-0.264,-0.088,0.088,-0.264,-48.516,33.574,0.000,0.000,-0.088,-0.088,0.176,0.000,0.000,0.439,0.176,0.000,0.000,0.000,0.000,0.000,0.000,0.000,-47.522,32.856,0.000,0.000,0.000,0.000,0.000,0.000,0.000,0.000,0.000,0.013,4.0,11.20,30.0,0.000,0.000,0.000,0.006,0.000,0.000,0.006,0.013,0.006,0.000,0.000,0.000,0.000,0.006,0.000,0.000,0.006,0.000
46.8045,468,0,move,-1,46.8045,46.8161,0,0.000,0.000,0.176,-0.264,-0.088,0.088,-0.264,-47.725,33.135,0.000,0.000,-0.088,-0.088,0.176,0.000,0.000,0.439,0.176,0.000,0.000,0.000,0.000,0.000,0.000,0.000,-47.233,32.716,0.000,0.000,0.000,0.000,0.000,0.000,0.000,0.000,0.000,0.013,4.8,11.20,31.0,0.000,0.000,0.000,0.006,0.000,0.000,0.006,0.013,0.000,0.000,0.000,0.000,0.000,0.000,0.000,0.000,0.013,0.000
46.9045,469,0,move,-1,46.9045,46.9173,0,0.000,0.000,0.176,-0.264,-0.088,0.088,-0.264,-47.373,32.783,0.000,0.000,-0.088,-0.088,0.176,0.000,0.000,0.439,0.176,0.000,0.000,0.000,0.000,0.000,0.000,0.000,-47.133,32.667,0.000,0.000,0.000,0.000,0.000,0.000,0.000,0.000,0.000,0.006,3.2,11.30,32.0,0.000,0.000,0.000,0.006,0.000,0.000,0.000,0.000,0.006,0.000,0.000,0.000,0.000,0.006,0.000,0.000,0.006,0.006
47.0045,470,0,move,-1,47.0045,47.0175,0,0.000,0.000,0.176,-0.264,-0.088,0.088,-0.264,-47.197,32.783,0.000,0.000,-0.088,-0.088,0.176,0.000,0.000,0.439,0.176,0.000,0.000,0.000,0.000,0.000,0.000,0.000,-47.133,32.667,0.000,0.000,0.000,0.000,0.000,0.000,0.000,0.000,0.000,0.013,5.2,11.30,32.0,0.000,0.000,0.000,0.006,0.000,0.000,0.006,0.006,0.000,0.000,0.000,0.000,0.000,0.006,0.000,0.000,0.013,0.000
47.1045,471,0,move,-1,47.1045,47.1184,0,0.000,0.000,0.176,-0.264,-0.088,0.088,-0.264,-47.197,32.783,0.000,0.000,-0.088,-0.088,0.176,0.000,0.000,0.439,0.176,0.000,0.000,0.000,0.000,0.000,0.000,0.000,-47.133,32.667,0.000,0.000,0.000,0.000,0.000,0.000,0.000,0.000,0.000,0.006,3.2,11.30,32.0,0.000,0.000,0.000,0.006,0.000,0.000,0.006,0.000,0.000,0.000,0.000,0.000,0.000,0.006,0.000,0.000,0.006,0.006
47.2055,472,0,move,-1,47.2055,47.2161,0,0.000,0.000,0.176,-0.264,-0.088,0.088,-0.264,-47.197,32.783,0.000,0.000,-0.088,-0.088,0.176,0.000,0.000,0.439,0.176,0.000,0.000,0.000,0.000,0.000,0.000,0.000,-47.133,32.667,0.000,0.000,0.000,0.000,0.000,0.000,0.000,0.000,0.000,0.006,3.2,11.30,32.0,0.000,0.000,0.000,0.006,0.000,0.000,0.006,0.000,0.000,0.000,0.000,0.000,0.000,0.006,0.000,0.000,0.006,0.006
47.3046,473,0,move,-1,47.3046,47.3152,0,0.000,0.000,0.176,-0.264,-0.088,0.088,-0.264,-47.197,32.783,0.000,0.000,-0.088,-0.088,0.176,0.000,0.000,0.439,0.176,0.000,0.000,0.000,0.000,0.000,0.000,0.000,-47.133,32.667,0.000,0.000,0.000,0.000,0.000,0.000,0.000,0.000,0.000,0.006,2.4,11.30,33.0,0.000,0.000,0.006,0.000,0.000,0.000,0.006,0.000,0.000,0.000,0.000,0.000,0.000,0.006,0.000,0.000,0.006,0.000
47.4046,474,0,move,-1,47.4046,47.4145,0,0.000,0.000,0.176,-0.264,-0.088,0.088,-0.264,-47.197,32.783,0.000,0.000,-0.088,-0.088,0.176,0.000,0.000,0.439,0.176,0.000,0.000,0.000,0.000,0.000,0.000,0.000,-47.133,32.667,0.000,0.000,0.000,0.000,0.000,0.000,0.000,0.000,0.000,0.006,2.4,11.30,33.0,0.000,0.000,0.006,0.000,0.000,0.000,0.006,0.000,0.000,0.000,0.000,0.000,0.000,0.006,0.000,0.000,0.006,0.000
47.5045,475,0,move,-1,47.5045,47.5154,0,0.000,0.000,0.176,-0.264,-0.088,0.088,-0.264,-47.197,32.783,0.000,0.000,-0.088,-0.088,0.176,0.000,0.000,0.439,0.176,0.000,0.000,0.000,0.000,0.000,0.000,0.000,-47.133,32.667,0.000,0.000,0.000,0.000,0.000,0.000,0.000,0.000,0.000,0.013,4.8,11.30,32.0,0.000,0.000,0.000,0.006,0.000,0.000,0.006,0.000,0.000,0.000,0.000,0.000,0.000,0.006,0.000,0.000,0.013,0.006
47.6045,476,0,move,-1,47.6045,47.6173,0,0.000,0.000,0.176,-0.264,-0.088,0.088,-0.264,-47.197,32.783,0.000,0.000,-0.088,-0.088,0.176,0.000,0.000,0.439,0.176,0.000,0.000,0.000,0.000,0.000,0.000,0.000,-47.133,32.667,0.000,0.000,0.000,0.000,0.000,0.000,0.000,0.000,0.000,0.006,3.2,11.30,32.0,0.000,0.000,0.000,0.006,0.000,0.000,0.006,0.000,0.000,0.000,0.000,0.000,0.000,0.006,0.000,0.000,0.006,0.006
47.7045,477,0,move,-1,47.7045,47.7153,0,0.000,0.000,0.176,-0.264,-0.088,0.088,-0.264,-47.197,32.783,0.000,0.000,-0.088,-0.088,0.176,0.000,0.000,0.439,0.176,0.000,0.000,0.000,0.000,0.000,0.000,0.000,-47.133,32.667,0.000,0.000,0.000,0.000,0.000,0.000,0.000,0.000,0.000,0.006,3.2,11.30,32.0,0.000,0.000,0.000,0.006,0.000,0.000,0.006,0.000,0.000,0.000,0.000,0.000,0.000,0.006,0.000,0.000,0.006,0.006
47.8043,478,0,move,-1,47.8043,47.8164,0,0.000,0.000,0.176,-0.264,-0.088,0.088,-0.264,-47.197,32.783,0.000,0.000,-0.088,-0.088,0.176,0.000,0.000,0.439,0.176,0.000,0.000,0.000,0.000,0.000,0.000,0.000,-47.133,32.667,0.000,0.000,0.000,0.000,0.000,0.000,0.000,0.000,0.000,0.006,3.2,11.30,32.0,0.000,0.000,0.000,0.006,0.000,0.000,0.000,0.000,0.000,0.000,0.000,0.000,0.000,0.006,0.000,0.006,0.006,0.006
47.9045,479,0,move,-1,47.9045,47.9192,0,0.000,0.000,0.176,-0.264,-0.088,0.088,-0.264,-47.197,32.783,0.000,0.000,-0.088,-0.088,0.176,0.000,0.000,0.439,0.176,0.000,0.000,0.000,0.000,0.000,0.000,0.000,-47.133,32.667,0.000,0.000,0.000,0.000,0.000,0.000,0.000,0.000,0.000,0.006,2.4,11.30,33.0,0.000,0.000,0.006,0.006,0.000,0.000,0.006,0.000,0.000,0.000,0.000,0.000,0.000,0.006,0.000,0.000,0.006,0.000
48.0045,480,0,move,-1,48.0045,48.0146,0,0.000,0.000,0.176,-0.264,-0.088,0.088,-0.264,-47.197,32.783,0.000,0.000,-0.088,-0.088,0.176,0.000,0.000,0.439,0.176,0.000,0.000,0.000,0.000,0.000,0.000,0.000,-47.133,32.667,0.000,0.000,0.000,0.000,0.000,0.000,0.000,0.000,0.000,0.006,2.4,11.30,33.0,0.000,0.000,0.006,0.006,0.000,0.000,0.006,0.000,0.000,0.000,0.000,0.000,0.000,0.006,0.000,0.000,0.006,0.000
48.1043,481,0,move,-1,48.1043,48.1107,0,0.000,0.000,0.176,-0.264,-0.088,0.088,-0.264,-47.197,32.783,0.000,0.000,-0.088,-0.088,0.176,0.000,0.000,0.439,0.176,0.000,0.000,0.000,0.000,0.000,0.000,0.000,-47.133,32.667,0.000,0.000,0.000,0.000,0.000,0.000,0.000,0.000,0.000,0.013,4.8,11.30,32.0,0.000,0.000,0.000,0.000,0.000,0.000,0.000,0.000,0.000,0.000,0.000,0.000,0.000,0.006,0.000,0.000,0.013,0.006
48.2045,482,0,move,-1,48.2045,48.2164,0,0.000,0.000,0.176,-0.264,-0.088,0.088,-0.264,-47.197,32.783,0.000,0.000,-0.088,-0.088,0.176,0.000,0.000,0.439,0.176,0.000,0.000,0.000,0.000,0.000,0.000,0.000,-47.133,32.667,0.000,0.000,0.000,0.000,0.000,0.000,0.000,0.000,0.000,0.006,3.2,11.30,32.0,0.000,0.000,0.000,0.006,0.000,0.000,0.006,0.000,0.000,0.000,0.000,0.000,0.000,0.006,0.000,0.000,0.006,0.006
48.3045,483,0,move,-1,48.3045,48.3155,0,0.000,0.000,0.176,-0.264,-0.088,0.088,-0.264,-47.197,32.783,0.000,0.000,-0.088,-0.088,0.176,0.000,0.000,0.439,0.176,0.000,0.000,0.000,0.000,0.000,0.000,0.000,-47.133,32.667,0.000,0.000,0.000,0.000,0.000,0.000,0.000,0.000,0.000,0.006,3.2,11.30,32.0,0.000,0.000,0.000,0.006,0.000,0.000,0.006,0.000,0.000,0.000,0.000,0.000,0.000,0.006,0.000,0.000,0.006,0.006
48.4045,484,0,move,-1,48.4045,48.4173,0,0.000,0.000,0.176,-0.264,-0.088,0.088,-0.264,-47.197,32.783,0.000,0.000,-0.088,-0.088,0.176,0.000,0.000,0.439,0.176,0.000,0.000,0.000,0.000,0.000,0.000,0.000,-47.133,32.667,0.000,0.000,0.000,0.000,0.000,0.000,0.000,0.000,0.000,0.006,2.4,11.30,33.0,0.000,0.000,0.006,0.006,0.000,0.000,0.006,0.000,0.000,0.000,0.000,0.000,0.000,0.006,0.000,0.000,0.006,0.006
48.5045,485,0,move,-1,48.5045,48.5189,0,0.000,0.000,0.176,-0.264,-0.088,0.088,-0.264,-47.197,32.783,0.000,0.000,-0.088,-0.088,0.176,0.000,0.000,0.439,0.176,0.000,0.000,0.000,0.000,0.000,0.000,0.000,-47.133,32.667,0.000,0.000,0.000,0.000,0.000,0.000,0.000,0.000,0.000,0.006,3.2,11.30,32.0,0.000,0.000,0.000,0.006,0.000,0.000,0.006,0.000,0.000,0.000,0.000,0.000,0.000,0.000,0.000,0.000,0.006,0.000
48.6043,486,0,move,-1,48.6043,48.6311,0,0.000,0.000,0.176,-0.264,-0.088,0.088,-0.264,-47.197,32.783,0.000,0.000,-0.088,-0.088,0.176,0.000,0.000,0.439,0.176,0.000,0.000,0.000,0.000,0.000,0.000,0.000,-47.133,32.667,0.000,0.000,0.000,0.000,0.000,0.000,0.000,0.000,0.000,0.006,3.2,11.30,32.0,0.000,0.000,0.000,0.006,0.000,0.000,0.000,0.000,0.000,0.000,0.000,0.000,0.000,0.006,0.000,0.000,0.006,0.000
48.7045,487,0,move,-1,48.7045,48.7163,0,0.000,0.000,0.176,-0.264,-0.088,0.088,-0.264,-47.197,32.783,0.000,0.000,-0.088,-0.088,0.176,0.000,0.000,0.439,0.176,0.000,0.000,0.000,0.000,0.000,0.000,0.000,-47.133,32.667,0.000,0.000,0.000,0.000,0.000,0.000,0.000,0.000,0.000,0.006,3.2,11.30,32.0,0.000,0.000,0.000,0.006,0.000,0.000,0.000,0.000,0.000,0.000,0.000,0.000,0.000,0.006,0.000,0.000,0.006,0.000
48.8045,488,0,move,-1,48.8045,48.8151,0,0.000,0.000,0.176,-0.264,-0.088,0.088,-0.264,-47.197,32.783,0.000,0.000,-0.088,-0.088,0.176,0.000,0.000,0.439,0.176,0.000,0.000,0.000,0.000,0.000,0.000,0.000,-47.133,32.667,0.000,0.000,0.000,0.000,0.000,0.000,0.000,0.000,0.000,0.006,3.2,11.30,32.0,0.000,0.000,0.000,0.006,0.000,0.000,0.006,0.000,0.000,0.000,0.000,0.000,0.000,0.006,0.000,0.000,0.006,0.000
48.9073,489,0,move,-1,48.9073,48.9321,0,0.000,0.000,0.176,-0.264,-0.088,0.088,-0.264,-47.197,32.783,0.000,0.000,-0.088,-0.088,0.176,0.000,0.000,0.439,0.176,0.000,0.000,0.000,0.000,0.000,0.000,0.000,-47.133,32.667,0.000,0.000,0.000,0.000,0.000,0.000,0.000,0.000,0.000,0.006,3.2,11.30,33.0,0.000,0.000,0.000,0.000,0.000,0.000,0.006,0.000,0.000,0.000,0.000,0.000,0.000,0.000,0.000,0.000,0.006,0.000
49.0044,490,0,move,-1,49.0044,49.0157,0,0.000,0.000,0.176,-0.264,-0.088,0.088,-0.264,-47.197,32.783,0.000,0.000,-0.088,-0.088,0.176,0.000,0.000,0.439,0.176,0.000,0.000,0.000,0.000,0.000,0.000,0.000,-47.133,32.667,0.000,0.000,0.000,0.000,0.000,0.000,0.000,0.000,0.000,0.006,3.2,11.30,33.0,0.000,0.000,0.000,0.000,0.000,0.000,0.006,0.000,0.000,0.000,0.000,0.000,0.000,0.000,0.000,0.000,0.006,0.000
49.1045,491,0,move,-1,49.1045,49.1145,0,0.000,0.000,0.176,-0.264,-0.088,0.088,-0.264,-47.197,32.783,0.000,0.000,-0.088,-0.088,0.176,0.000,0.000,0.439,0.176,0.000,0.000,0.000,0.000,0.000,0.000,0.000,-47.133,32.667,0.000,0.000,0.000,0.000,0.000,0.000,0.000,0.000,0.000,0.006,3.2,11.20,33.0,0.000,0.000,0.000,0.000,0.000,0.000,0.006,0.000,0.000,0.000,0.000,0.000,0.000,0.006,0.000,0.000,0.006,0.006
49.2045,492,0,move,-1,49.2045,49.2141,0,0.000,0.000,0.176,-0.264,-0.088,0.088,-0.264,-47.197,32.783,0.000,0.000,-0.088,-0.088,0.176,0.000,0.000,0.439,0.176,0.000,0.000,0.000,0.000,0.000,0.000,0.000,-47.133,32.667,0.000,0.000,0.000,0.000,0.000,0.000,0.000,0.000,0.000,0.006,3.2,11.20,33.0,0.000,0.000,0.000,0.000,0.000,0.000,0.006,0.000,0.000,0.000,0.000,0.000,0.000,0.006,0.000,0.000,0.006,0.006
49.3045,493,0,move,-1,49.3045,49.3159,0,0.000,0.000,0.176,-0.264,-0.088,0.088,-0.264,-47.197,32.783,0.000,0.000,-0.088,-0.088,0.176,0.000,0.000,0.439,0.176,0.000,0.000,0.000,0.000,0.000,0.000,0.000,-47.133,32.667,0.000,0.000,0.000,0.000,0.000,0.000,0.000,0.000,0.000,0.006,2.4,11.30,29.0,0.000,0.000,0.000,0.000,0.000,0.000,0.000,0.000,0.000,0.000,0.000,0.000,0.000,0.006,0.000,0.000,0.006,0.006
49.4045,494,0,move,-1,49.4045,49.4144,0,0.000,0.000,0.176,-0.264,-0.088,0.088,-0.264,-47.197,32.783,0.000,0.000,-0.088,-0.088,0.176,0.000,0.000,0.439,0.176,0.000,0.000,0.000,0.000,0.000,0.000,0.000,-47.133,32.667,0.000,0.000,0.000,0.000,0.000,0.000,0.000,0.000,0.000,0.006,2.4,11.30,29.0,0.000,0.000,0.000,0.000,0.000,0.000,0.000,0.000,0.000,0.000,0.000,0.000,0.000,0.006,0.000,0.000,0.006,0.006
49.5045,495,0,move,-1,49.5045,49.5151,0,0.000,0.000,0.176,-0.264,-0.088,0.088,-0.264,-47.197,32.783,0.000,0.000,-0.088,-0.088,0.176,0.000,0.000,0.439,0.176,0.000,0.000,0.000,0.000,0.000,0.000,0.000,-47.133,32.667,0.000,0.000,0.000,0.000,0.000,0.000,0.000,0.000,0.000,0.006,2.4,11.30,33.0,0.000,0.000,0.006,0.006,0.000,0.000,0.006,0.000,0.000,0.000,0.000,0.000,0.000,0.006,0.000,0.000,0.006,0.006
49.6045,496,0,move,-1,49.6045,49.6175,0,0.000,0.000,0.176,-0.264,-0.088,0.088,-0.264,-47.197,32.783,0.000,0.000,-0.088,-0.088,0.176,0.000,0.000,0.439,0.176,0.000,0.000,0.000,0.000,0.000,0.000,0.000,-47.133,32.667,0.000,0.000,0.000,0.000,0.000,0.000,0.000,0.000,0.000,0.006,3.2,11.30,32.0,0.000,0.000,0.000,0.006,0.000,0.000,0.000,0.000,0.000,0.000,0.000,0.000,0.000,0.006,0.000,0.000,0.006,0.000
49.7045,497,0,move,-1,49.7045,49.7153,0,0.000,0.000,0.176,-0.264,-0.088,0.088,-0.264,-47.197,32.783,0.000,0.000,-0.088,-0.088,0.176,0.000,0.000,0.439,0.176,0.000,0.000,0.000,0.000,0.000,0.000,0.000,-47.133,32.667,0.000,0.000,0.000,0.000,0.000,0.000,0.000,0.000,0.000,0.006,3.2,11.30,32.0,0.000,0.000,0.000,0.006,0.000,0.000,0.000,0.000,0.000,0.000,0.000,0.000,0.000,0.006,0.000,0.000,0.006,0.000
49.8045,498,0,move,-1,49.8045,49.8142,0,0.000,0.000,0.176,-0.264,-0.088,0.088,-0.264,-47.197,32.783,0.000,0.000,-0.088,-0.088,0.176,0.000,0.000,0.439,0.176,0.000,0.000,0.000,0.000,0.000,0.000,0.000,-47.133,32.667,0.000,0.000,0.000,0.000,0.000,0.000,0.000,0.000,0.000,0.006,3.2,11.30,32.0,0.000,0.000,0.000,0.006,0.000,0.000,0.000,0.000,0.000,0.000,0.000,0.000,0.000,0.000,0.000,0.000,0.006,0.006
49.9045,499,0,move,-1,49.9045,49.9163,0,0.000,0.000,0.176,-0.264,-0.088,0.088,-0.264,-47.197,32.783,0.000,0.000,-0.088,-0.088,0.176,0.000,0.000,0.439,0.176,0.000,0.000,0.000,0.000,0.000,0.000,0.000,-47.133,32.667,0.000,0.000,0.000,0.000,0.000,0.000,0.000,0.000,0.000,0.006,3.2,11.30,32.0,0.000,0.000,0.000,0.006,0.000,0.000,0.006,0.000,0.000,0.000,0.000,0.000,0.000,0.006,0.000,0.000,0.006,0.000
50.0045,500,0,move,-1,50.0045,50.0152,0,0.000,0.000,0.176,-0.264,-0.088,0.088,-0.264,-47.197,32.783,0.000,0.000,-0.088,-0.088,0.176,0.000,0.000,0.439,0.176,0.000,0.000,0.000,0.000,0.000,0.000,0.000,-47.033,32.619,0.000,0.000,0.000,0.000,0.000,0.000,0.000,0.000,0.000,0.006,3.2,11.30,32.0,0.000,0.000,0.000,0.006,0.000,0.000,0.006,0.000,0.000,0.000,0.000,0.000,0.000,0.006,0.000,0.000,0.006,0.000
50.1045,501,0,move,-1,50.1045,50.1164,0,0.000,0.000,0.176,-0.264,-0.088,0.088,-0.264,-47.109,32.783,0.000,0.000,-0.088,-0.088,0.176,0.000,0.000,0.439,0.176,0.000,0.000,0.000,0.000,0.000,0.000,0.000,-46.742,32.477,0.000,0.000,0.000,0.000,0.000,0.000,0.000,0.000,0.000,0.013,4.8,11.30,32.0,0.000,0.000,0.000,0.006,0.000,0.000,0.006,0.006,0.000,0.000,0.000,0.000,0.000,0.006,0.000,0.000,0.013,0.000
50.2045,502,0,move,-1,50.2045,50.2145,0,0.000,0.000,0.176,-0.264,-0.088,0.088,-0.264,-46.934,32.783,0.000,0.000,-0.088,-0.088,0.176,0.000,0.000,0.439,0.176,0.000,0.000,0.000,0.000,0.000,0.000,0.000,-46.288,32.255,0.000,0.000,0.000,0.000,0.000,0.000,0.000,0.000,0.000,0.013,4.8,11.30,32.0,0.000,0.000,0.000,0.006,0.000,0.000,0.006,0.006,0.000,0.000,0.000,0.000,0.000,0.006,0.000,0.000,0.013,0.000
50.3045,503,0,move,-1,50.3045,50.3187,0,0.000,0.000,0.176,-0.264,-0.088,0.088,-0.264,-46.494,32.432,0.000,0.000,-0.088,-0.088,0.176,0.000,0.000,0.439,0.176,0.000,0.000,0.000,0.000,0.000,0.000,0.000,-45.712,31.972,0.000,0.000,0.000,0.000,0.000,0.000,0.000,0.000,0.000,0.013,4.8,11.30,32.0,0.000,0.000,0.000,0.006,0.000,0.000,0.006,0.006,0.000,0.000,0.000,0.000,0.006,0.006,0.000,0.000,0.013,0.000
50.4184,504,0,move,-1,50.4184,50.4308,0,0.000,0.000,0.176,-0.264,-0.088,0.088,-0.264,-45.967,32.168,0.000,0.000,-0.088,-0.088,0.176,0.000,0.000,0.439,0.176,0.000,0.000,0.000,0.000,0.000,0.000,0.000,-45.069,31.653,0.000,0.000,0.000,0.000,0.000,0.000,0.000,0.000,0.000,0.006,3.2,11.30,32.0,0.000,0.000,0.000,0.006,0.000,0.000,0.006,0.006,0.000,0.000,0.000,0.000,0.000,0.006,0.000,0.000,0.006,0.000
50.5045,505,0,move,-1,50.5045,50.5177,0,0.000,0.000,0.176,-0.264,-0.088,0.088,-0.264,-45.527,31.904,0.000,0.000,-0.088,-0.088,0.176,0.000,0.000,0.439,0.176,0.000,0.000,0.000,0.000,0.000,0.000,0.000,-44.421,31.329,0.000,0.000,0.000,0.000,0.000,0.000,0.000,0.000,0.000,0.006,3.2,11.30,32.0,0.000,0.000,0.000,0.006,0.000,0.000,0.006,0.006,0.000,0.000,0.000,0.000,0.000,0.006,0.000,0.000,0.006,0.000
50.6045,506,0,move,-1,50.6045,50.6184,0,0.000,0.000,0.176,-0.264,-0.088,0.088,-0.264,-44.824,31.553,0.000,0.000,-0.088,-0.088,0.176,0.000,0.000,0.439,0.176,0.000,0.000,0.000,0.000,0.000,0.000,0.000,-43.833,31.033,0.000,0.000,0.000,0.000,0.000,0.000,0.000,0.000,0.000,0.013,4.8,11.30,32.0,0.000,0.000,0.000,0.006,0.000,0.000,0.006,0.006,0.000,0.000,0.000,0.000,0.000,0.000,0.000,0.000,0.013,0.006
50.7045,507,0,move,-1,50.7045,50.7174,0,0.000,0.000,0.176,-0.264,-0.088,0.088,-0.264,-44.121,31.289,0.000,0.000,-0.088,-0.088,0.176,0.000,0.000,0.439,0.176,0.000,0.000,0.000,0.000,0.000,0.000,0.000,-43.362,30.795,0.000,0.000,0.000,0.000,0.000,0.000,0.000,0.000,0.000,0.013,4.8,11.30,32.0,0.000,0.000,0.000,0.006,0.000,0.000,0.006,0.006,0.000,0.000,0.000,0.000,0.000,0.000,0.000,0.000,0.013,0.006
50.8045,508,0,move,-1,50.8045,50.8159,0,0.000,0.000,0.176,-0.264,-0.088,0.088,-0.264,-43.594,31.025,0.000,0.000,-0.088,-0.088,0.176,0.000,0.000,0.439,0.176,0.000,0.000,0.000,0.000,0.000,0.000,0.000,-43.059,30.640,0.000,0.000,0.000,0.000,0.000,0.000,0.000,0.000,0.000,0.013,3.6,11.20,30.0,0.000,0.000,0.000,0.000,0.000,0.000,0.000,0.013,0.000,0.000,0.000,0.000,0.000,0.006,0.006,0.000,0.013,0.000
50.9046,509,0,move,-1,50.9046,50.9170,0,0.000,0.000,0.176,-0.264,-0.088,0.088,-0.264,-43.154,30.850,0.000,0.000,-0.088,-0.088,0.176,0.000,0.000,0.439,0.176,0.000,0.000,0.000,0.000,0.000,0.000,0.000,-42.955,30.587,0.000,0.000,0.000,0.000,0.000,0.000,0.000,0.000,0.000,0.006,2.4,11.20,30.0,0.000,0.000,0.000,0.000,0.000,0.000,0.000,0.006,0.000,0.000,0.000,0.000,0.000,0.006,0.000,0.000,0.006,0.006
51.0096,510,0,move,-1,51.0096,51.0186,0,0.000,0.000,0.176,-0.264,-0.088,0.088,-0.264,-42.979,30.762,0.000,0.000,-0.088,-0.088,0.176,0.000,0.000,0.439,0.176,0.000,0.000,0.000,0.000,0.000,0.000,0.000,-42.955,30.587,0.000,0.000,0.000,0.000,0.000,0.000,0.000,0.000,0.000,0.013,4.8,11.30,32.0,0.000,0.000,0.000,0.006,0.000,0.000,0.006,0.006,0.006,0.000,0.000,0.000,0.000,0.006,0.000,0.000,0.013,0.000
51.1045,511,0,move,-1,51.1045,51.1146,0,0.000,0.000,0.176,-0.264,-0.088,0.088,-0.264,-42.979,30.762,0.000,0.000,-0.088,-0.088,0.176,0.000,0.000,0.439,0.176,0.000,0.000,0.000,0.000,0.000,0.000,0.000,-42.955,30.587,0.000,0.000,0.000,0.000,0.000,0.000,0.000,0.000,0.000,0.013,4.8,11.30,32.0,0.000,0.000,0.000,0.006,0.000,0.000,0.006,0.006,0.006,0.000,0.000,0.000,0.000,0.006,0.000,0.000,0.013,0.000
51.2045,512,0,move,-1,51.2045,51.2161,0,0.000,0.000,0.176,-0.264,-0.088,0.088,-0.264,-42.979,30.762,0.000,0.000,-0.088,-0.088,0.176,0.000,0.000,0.439,0.176,0.000,0.000,0.000,0.000,0.000,0.000,0.000,-42.955,30.587,0.000,0.000,0.000,0.000,0.000,0.000,0.000,0.000,0.000,0.006,2.4,11.30,29.0,0.000,0.000,0.000,0.000,0.000,0.000,0.000,0.000,0.000,0.000,0.000,0.000,0.000,0.006,0.000,0.006,0.006,0.006
51.3043,513,0,move,-1,51.3043,51.3155,0,0.000,0.000,0.176,-0.264,-0.088,0.088,-0.264,-42.979,30.762,0.000,0.000,-0.088,-0.088,0.176,0.000,0.000,0.439,0.176,0.000,0.000,0.000,0.000,0.000,0.000,0.000,-42.955,30.587,0.000,0.000,0.000,0.000,0.000,0.000,0.000,0.000,0.000,0.006,2.4,11.30,29.0,0.000,0.000,0.000,0.000,0.000,0.000,0.000,0.000,0.000,0.000,0.000,0.000,0.000,0.006,0.000,0.006,0.006,0.006
51.4045,514,0,move,-1,51.4045,51.4157,0,0.000,0.000,0.176,-0.264,-0.088,0.088,-0.264,-42.979,30.762,0.000,0.000,-0.088,-0.088,0.176,0.000,0.000,0.439,0.176,0.000,0.000,0.000,0.000,0.000,0.000,0.000,-42.955,30.587,0.000,0.000,0.000,0.000,0.000,0.000,0.000,0.000,0.000,0.006,3.2,11.30,32.0,0.000,0.000,0.000,0.006,0.006,0.000,0.006,0.000,0.000,0.000,0.000,0.000,0.000,0.006,0.000,0.000,0.006,0.000
51.5043,515,0,move,-1,51.5043,51.5143,0,0.000,0.000,0.176,-0.264,-0.088,0.088,-0.264,-42.979,30.762,0.000,0.000,-0.088,-0.088,0.176,0.000,0.000,0.439,0.176,0.000,0.000,0.000,0.000,0.000,0.000,0.000,-42.955,30.587,0.000,0.000,0.000,0.000,0.000,0.000,0.000,0.000,0.000,0.006,3.2,11.30,32.0,0.000,0.000,0.000,0.006,0.006,0.000,0.006,0.000,0.000,0.000,0.000,0.000,0.000,0.006,0.000,0.000,0.006,0.000
51.6045,516,0,move,-1,51.6045,51.6161,0,0.000,0.000,0.176,-0.264,-0.088,0.088,-0.264,-42.979,30.762,0.000,0.000,-0.088,-0.088,0.176,0.000,0.000,0.439,0.176,0.000,0.000,0.000,0.000,0.000,0.000,0.000,-42.955,30.587,0.000,0.000,0.000,0.000,0.000,0.000,0.000,0.000,0.000,0.006,3.2,11.30,33.0,0.000,0.000,0.000,0.000,0.000,0.000,0.006,0.000,0.000,0.000,0.000,0.000,0.000,0.000,0.000,0.000,0.006,0.000
51.7046,517,0,move,-1,51.7046,51.7162,0,0.000,0.000,0.176,-0.264,-0.088,0.088,-0.264,-42.979,30.762,0.000,0.000,-0.088,-0.088,0.176,0.000,0.000,0.439,0.176,0.000,0.000,0.000,0.000,0.000,0.000,0.000,-42.955,30.587,0.000,0.000,0.000,0.000,0.000,0.000,0.000,0.000,0.000,0.006,3.2,11.30,32.0,0.000,0.000,0.000,0.006,0.000,0.000,0.006,0.000,0.006,0.000,0.000,0.000,0.000,0.006,0.000,0.000,0.006,0.000
51.8045,518,0,move,-1,51.8045,51.8183,0,0.000,0.000,0.176,-0.264,-0.088,0.088,-0.264,-42.979,30.762,0.000,0.000,-0.088,-0.088,0.176,0.000,0.000,0.439,0.176,0.000,0.000,0.000,0.000,0.000,0.000,0.000,-42.955,30.587,0.000,0.000,0.000,0.000,0.000,0.000,0.000,0.000,0.000,0.006,2.4,11.30,29.0,0.000,0.000,0.000,0.000,0.000,0.000,0.000,0.000,0.000,0.000,0.000,0.000,0.000,0.006,0.000,0.000,0.006,0.006
51.9045,519,0,move,-1,51.9045,51.9150,0,0.000,0.000,0.176,-0.264,-0.088,0.088,-0.264,-42.979,30.762,0.000,0.000,-0.088,-0.088,0.176,0.000,0.000,0.439,0.176,0.000,0.000,0.000,0.000,0.000,0.000,0.000,-42.955,30.587,0.000,0.000,0.000,0.000,0.000,0.000,0.000,0.000,0.000,0.006,2.4,11.30,29.0,0.000,0.000,0.000,0.000,0.000,0.000,0.000,0.000,0.000,0.000,0.000,0.000,0.000,0.006,0.000,0.000,0.006,0.006
52.0045,520,0,move,-1,52.0045,52.0145,0,0.000,0.000,0.176,-0.264,-0.088,0.088,-0.264,-42.979,30.762,0.000,0.000,-0.088,-0.088,0.176,0.000,0.000,0.439,0.176,0.000,0.000,0.000,0.000,0.000,0.000,0.000,-42.955,30.587,0.000,0.000,0.000,0.000,0.000,0.000,0.000,0.000,0.000,0.013,4.8,11.30,32.0,0.000,0.000,0.000,0.006,0.000,0.000,0.006,0.000,0.000,0.000,0.000,0.000,0.000,0.006,0.000,0.000,0.013,0.000
52.1045,521,0,move,-1,52.1045,52.1160,0,0.000,0.000,0.176,-0.264,-0.088,0.088,-0.264,-42.891,30.762,0.000,0.000,-0.088,-0.088,0.176,0.000,0.000,0.439,0.176,0.000,0.000,0.000,0.000,0.000,0.000,0.000,-42.955,30.587,0.000,0.000,0.000,0.000,0.000,0.000,0.000,0.000,0.000,0.006,3.2,11.30,32.0,0.000,0.000,0.000,0.006,0.000,0.000,0.000,0.000,0.000,0.000,0.000,0.000,0.000,0.006,0.000,0.000,0.006,0.000
52.2045,522,0,move,-1,52.2045,52.2164,0,0.000,0.000,0.176,-0.264,-0.088,0.088,-0.264,-42.891,30.762,0.000,0.000,-0.088,-0.088,0.176,0.000,0.000,0.439,0.176,0.000,0.000,0.000,0.000,0.000,0.000,0.000,-42.955,30.587,0.000,0.000,0.000,0.000,0.000,0.000,0.000,0.000,0.000,0.006,3.2,11.30,32.0,0.000,0.000,0.000,0.006,0.000,0.000,0.006,0.000,0.000,0.000,0.000,0.000,0.000,0.006,0.000,0.000,0.006,0.000
52.3045,523,0,move,-1,52.3045,52.3156,0,0.000,0.000,0.176,-0.264,-0.088,0.088,-0.264,-42.891,30.762,0.000,0.000,-0.088,-0.088,0.176,0.000,0.000,0.439,0.176,0.000,0.000,0.000,0.000,0.000,0.000,0.000,-42.955,30.587,0.000,0.000,0.000,0.000,0.000,0.000,0.000,0.000,0.000,0.006,3.2,11.30,32.0,0.000,0.000,0.000,0.006,0.000,0.000,0.006,0.000,0.000,0.000,0.000,0.000,0.000,0.006,0.000,0.000,0.006,0.000
52.4045,524,0,move,-1,52.4045,52.4163,0,0.000,0.000,0.176,-0.264,-0.088,0.088,-0.264,-42.891,30.762,0.000,0.000,-0.088,-0.088,0.176,0.000,0.000,0.439,0.176,0.000,0.000,0.000,0.000,0.000,0.000,0.000,-42.955,30.587,0.000,0.000,0.000,0.000,0.000,0.000,0.000,0.000,0.000,0.006,2.4,11.30,33.0,0.000,0.000,0.006,0.006,0.000,0.000,0.006,0.000,0.000,0.000,0.000,0.000,0.000,0.006,0.006,0.000,0.006,0.006
52.5045,525,0,move,-1,52.5045,52.5153,0,0.000,0.000,0.176,-0.264,-0.088,0.088,-0.264,-42.891,30.762,0.000,0.000,-0.088,-0.088,0.176,0.000,0.000,0.439,0.176,0.000,0.000,0.000,0.000,0.000,0.000,0.000,-42.955,30.587,0.000,0.000,0.000,0.000,0.000,0.000,0.000,0.000,0.000,0.006,2.4,11.30,33.0,0.000,0.000,0.006,0.006,0.000,0.000,0.006,0.000,0.000,0.000,0.000,0.000,0.000,0.006,0.006,0.000,0.006,0.006
52.6043,526,0,move,-1,52.6043,52.6152,0,0.000,0.000,0.176,-0.264,-0.088,0.088,-0.264,-42.891,30.762,0.000,0.000,-0.088,-0.088,0.176,0.000,0.000,0.439,0.176,0.000,0.000,0.000,0.000,0.000,0.000,0.000,-42.955,30.587,0.000,0.000,0.000,0.000,0.000,0.000,0.000,0.000,0.000,0.006,3.2,11.30,33.0,0.000,0.000,0.000,0.000,0.000,0.000,0.006,0.000,0.006,0.000,0.000,0.000,0.000,0.006,0.000,0.000,0.006,0.000
52.7045,527,0,move,-1,52.7045,52.7170,0,0.000,0.000,0.176,-0.264,-0.088,0.088,-0.264,-42.891,30.762,0.000,0.000,-0.088,-0.088,0.176,0.000,0.000,0.439,0.176,0.000,0.000,0.000,0.000,0.000,0.000,0.000,-42.955,30.587,0.000,0.000,0.000,0.000,0.000,0.000,0.000,0.000,0.000,0.006,2.4,11.30,33.0,0.000,0.000,0.006,0.006,0.000,0.000,0.006,0.000,0.000,0.000,0.000,0.000,0.000,0.006,0.000,0.000,0.006,0.006
52.8045,528,0,move,-1,52.8045,52.8163,0,0.000,0.000,0.176,-0.264,-0.088,0.088,-0.264,-42.891,30.762,0.000,0.000,-0.088,-0.088,0.176,0.000,0.000,0.439,0.176,0.000,0.000,0.000,0.000,0.000,0.000,0.000,-42.955,30.587,0.000,0.000,0.000,0.000,0.000,0.000,0.000,0.000,0.000,0.006,2.4,11.30,33.0,0.000,0.000,0.006,0.006,0.000,0.000,0.006,0.000,0.000,0.000,0.000,0.000,0.000,0.006,0.000,0.000,0.006,0.006
52.9045,529,0,move,-1,52.9045,52.9139,0,0.000,0.000,0.176,-0.264,-0.088,0.088,-0.264,-42.891,30.762,0.000,0.000,-0.088,-0.088,0.176,0.000,0.000,0.439,0.176,0.000,0.000,0.000,0.000,0.000,0.000,0.000,-42.955,30.587,0.000,0.000,0.000,0.000,0.000,0.000,0.000,0.000,0.000,0.006,2.4,11.30,33.0,0.000,0.000,0.006,0.006,0.000,0.000,0.006,0.000,0.000,0.000,0.000,0.000,0.000,0.006,0.000,0.000,0.006,0.000
53.0045,530,0,move,-1,53.0045,53.0160,0,0.000,0.000,0.176,-0.264,-0.088,0.088,-0.264,-42.891,30.762,0.000,0.000,-0.088,-0.088,0.176,0.000,0.000,0.439,0.176,0.000,0.000,0.000,0.000,0.000,0.000,0.000,-42.955,30.587,0.000,0.000,0.000,0.000,0.000,0.000,0.000,0.000,0.000,0.006,3.2,11.30,32.0,0.000,0.000,0.000,0.006,0.000,0.000,0.006,0.000,0.000,0.000,0.000,0.000,0.000,0.006,0.000,0.000,0.006,0.006
53.1045,531,0,move,-1,53.1045,53.1144,0,0.000,0.000,0.176,-0.264,-0.088,0.088,-0.264,-42.891,30.762,0.000,0.000,-0.088,-0.088,0.176,0.000,0.000,0.439,0.176,0.000,0.000,0.000,0.000,0.000,0.000,0.000,-42.955,30.587,0.000,0.000,0.000,0.000,0.000,0.000,0.000,0.000,0.000,0.006,3.2,11.30,32.0,0.000,0.000,0.000,0.006,0.000,0.000,0.006,0.000,0.000,0.000,0.000,0.000,0.000,0.006,0.000,0.000,0.006,0.006
53.2045,532,0,move,-1,53.2045,53.2166,0,0.000,0.000,0.176,-0.264,-0.088,0.088,-0.264,-42.891,30.762,0.000,0.000,-0.088,-0.088,0.176,0.000,0.000,0.439,0.176,0.000,0.000,0.000,0.000,0.000,0.000,0.000,-42.955,30.587,0.000,0.000,0.000,0.000,0.000,0.000,0.000,0.000,0.000,0.013,4.8,11.30,32.0,0.000,0.000,0.000,0.006,0.000,0.000,0.006,0.000,0.000,0.000,0.000,0.000,0.000,0.006,0.000,0.000,0.013,0.000
53.3045,533,0,move,-1,53.3045,53.3194,0,0.000,0.000,0.176,-0.264,-0.088,0.088,-0.264,-42.891,30.762,0.000,0.000,-0.088,-0.088,0.176,0.000,0.000,0.439,0.176,0.000,0.000,0.000,0.000,0.000,0.000,0.000,-42.955,30.587,0.000,0.000,0.000,0.000,0.000,0.000,0.000,0.000,0.000,0.006,3.2,11.30,32.0,0.000,0.000,0.000,0.006,0.000,0.000,0.000,0.000,0.000,0.000,0.000,0.000,0.000,0.006,0.000,0.000,0.006,0.000
53.4045,534,0,move,-1,53.4045,53.4144,0,0.000,0.000,0.176,-0.264,-0.088,0.088,-0.264,-42.891,30.762,0.000,0.000,-0.088,-0.088,0.176,0.000,0.000,0.439,0.176,0.000,0.000,0.000,0.000,0.000,0.000,0.000,-42.955,30.587,0.000,0.000,0.000,0.000,0.000,0.000,0.000,0.000,0.000,0.006,3.2,11.30,32.0,0.000,0.000,0.000,0.006,0.000,0.000,0.000,0.000,0.000,0.000,0.000,0.000,0.000,0.006,0.000,0.000,0.006,0.000
53.5045,535,0,move,-1,53.5045,53.5160,0,0.000,0.000,0.176,-0.264,-0.088,0.088,-0.264,-42.891,30.762,0.000,0.000,-0.088,-0.088,0.176,0.000,0.000,0.439,0.176,0.000,0.000,0.000,0.000,0.000,0.000,0.000,-42.955,30.587,0.000,0.000,0.000,0.000,0.000,0.000,0.000,0.000,0.000,0.006,3.2,11.30,32.0,0.000,0.000,0.000,0.006,0.000,0.000,0.000,0.000,0.006,0.000,0.000,0.000,0.000,0.006,0.000,0.000,0.006,0.000
53.6047,536,0,move,-1,53.6047,53.6149,0,0.000,0.000,0.176,-0.264,-0.088,0.088,-0.264,-42.891,30.762,0.000,0.000,-0.088,-0.088,0.176,0.000,0.000,0.439,0.176,0.000,0.000,0.000,0.000,0.000,0.000,0.000,-42.955,30.587,0.000,0.000,0.000,0.000,0.000,0.000,0.000,0.000,0.000,0.006,3.2,11.30,32.0,0.000,0.000,0.000,0.006,0.000,0.000,0.000,0.000,0.006,0.000,0.000,0.000,0.000,0.006,0.000,0.000,0.006,0.000
53.7045,537,0,move,-1,53.7045,53.7156,0,0.000,0.000,0.176,-0.264,-0.088,0.088,-0.264,-42.891,30.762,0.000,0.000,-0.088,-0.088,0.176,0.000,0.000,0.439,0.176,0.000,0.000,0.000,0.000,0.000,0.000,0.000,-42.955,30.587,0.000,0.000,0.000,0.000,0.000,0.000,0.000,0.000,0.000,0.006,3.2,11.30,32.0,0.000,0.000,0.000,0.006,0.000,0.000,0.000,0.000,0.000,0.000,0.000,0.000,0.000,0.006,0.000,0.000,0.006,0.000
53.8045,538,0,move,-1,53.8045,53.8144,0,0.000,0.000,0.176,-0.264,-0.088,0.088,-0.264,-42.891,30.762,0.000,0.000,-0.088,-0.088,0.176,0.000,0.000,0.439,0.176,0.000,0.000,0.000,0.000,0.000,0.000,0.000,-42.955,30.587,0.000,0.000,0.000,0.000,0.000,0.000,0.000,0.000,0.000,0.006,3.2,11.30,32.0,0.000,0.000,0.000,0.006,0.000,0.000,0.000,0.000,0.000,0.000,0.000,0.000,0.000,0.006,0.000,0.000,0.006,0.000
53.9045,539,0,move,-1,53.9045,53.9162,0,0.000,0.000,0.176,-0.264,-0.088,0.088,-0.264,-42.891,30.762,0.000,0.000,-0.088,-0.088,0.176,0.000,0.000,0.439,0.176,0.000,0.000,0.000,0.000,0.000,0.000,0.000,-42.955,30.587,0.000,0.000,0.000,0.000,0.000,0.000,0.000,0.000,0.000,0.006,2.4,11.30,33.0,0.000,0.000,0.006,0.006,0.000,0.000,0.000,0.000,0.000,0.000,0.000,0.000,0.000,0.006,0.000,0.000,0.006,0.000
54.0045,540,0,move,-1,54.0045,54.0143,0,0.000,0.000,0.176,-0.264,-0.088,0.088,-0.264,-42.891,30.762,0.000,0.000,-0.088,-0.088,0.176,0.000,0.000,0.439,0.176,0.000,0.000,0.000,0.000,0.000,0.000,0.000,-43.059,30.640,0.000,0.000,0.000,0.000,0.000,0.000,0.000,0.000,0.000,0.006,2.4,11.30,33.0,0.000,0.000,0.006,0.006,0.000,0.000,0.000,0.000,0.000,0.000,0.000,0.000,0.000,0.006,0.000,0.000,0.006,0.000
54.1043,541,0,move,-1,54.1043,54.1424,0,0.000,0.000,0.176,-0.264,-0.088,0.088,-0.264,-42.891,30.762,0.000,0.000,-0.088,-0.088,0.176,0.000,0.000,0.439,0.176,0.000,0.000,0.000,0.000,0.000,0.000,0.000,-43.362,30.795,0.000,0.000,0.000,0.000,0.000,0.000,0.000,0.000,0.000,0.006,3.2,11.20,33.0,0.000,0.000,0.000,0.000,0.000,0.000,0.006,0.006,0.000,0.000,0.000,0.000,0.000,0.006,0.000,0.000,0.006,0.000
54.2045,542,0,move,-1,54.2045,54.2183,0,0.000,0.000,0.176,-0.264,-0.088,0.088,-0.264,-43.242,30.762,0.000,0.000,-0.088,-0.088,0.176,0.000,0.000,0.439,0.176,0.000,0.000,0.000,0.000,0.000,0.000,0.000,-43.833,31.033,0.000,0.000,0.000,0.000,0.000,0.000,0.000,0.000,0.000,0.006,3.2,11.20,33.0,0.000,0.000,0.000,0.000,0.000,0.000,0.006,0.006,0.000,0.000,0.000,0.000,0.000,0.006,0.000,0.000,0.006,0.000
54.3049,543,0,move,-1,54.3049,54.3155,0,0.000,0.000,0.176,-0.264,-0.088,0.088,-0.264,-43.594,30.762,0.000,0.000,-0.088,-0.088,0.176,0.000,0.000,0.439,0.176,0.000,0.000,0.000,0.000,0.000,0.000,0.000,-44.421,31.329,0.000,0.000,0.000,0.000,0.000,0.000,0.000,0.000,0.000,0.013,4.4,11.20,31.0,0.000,0.000,0.000,0.006,0.000,0.000,0.000,0.013,0.000,0.000,0.000,0.000,0.000,0.006,0.000,0.000,0.006,0.000
54.4045,544,0,move,-1,54.4045,54.4152,0,0.000,0.000,0.176,-0.264,-0.088,0.088,-0.264,-43.945,31.025,0.000,0.000,-0.088,-0.088,0.176,0.000,0.000,0.439,0.176,0.000,0.000,0.000,0.000,0.000,0.000,0.000,-45.069,31.653,0.000,0.000,0.000,0.000,0.000,0.000,0.000,0.000,0.000,0.013,4.4,11.20,31.0,0.000,0.000,0.000,0.006,0.000,0.000,0.000,0.013,0.000,0.000,0.000,0.000,0.000,0.006,0.000,0.000,0.006,0.000
54.5045,545,0,move,-1,54.5045,54.5149,0,0.000,0.000,0.176,-0.264,-0.088,0.088,-0.264,-44.561,31.377,0.000,0.000,-0.088,-0.088,0.176,0.000,0.000,0.439,0.176,0.000,0.000,0.000,0.000,0.000,0.000,0.000,-45.712,31.972,0.000,0.000,0.000,0.000,0.000,0.000,0.000,0.000,0.000,0.033,8.0,11.20,31.0,0.000,0.000,0.000,0.000,0.000,0.000,0.000,0.033,0.000,0.000,0.000,0.000,0.000,0.006,0.000,0.000,0.006,0.006
54.6061,546,0,move,-1,54.6061,54.6131,0,0.000,0.000,0.176,-0.264,-0.088,0.088,-0.264,-44.824,31.465,0.000,0.000,-0.088,-0.088,0.176,0.000,0.000,0.439,0.176,0.000,0.000,0.000,0.000,0.000,0.000,0.000,-46.288,32.255,0.000,0.000,0.000,0.000,0.000,0.000,0.000,0.000,0.000,0.033,8.0,11.20,31.0,0.000,0.000,0.000,0.000,0.000,0.000,0.000,0.033,0.000,0.000,0.000,0.000,0.000,0.006,0.000,0.000,0.006,0.006
54.7046,547,0,move,-1,54.7046,54.7158,0,0.000,0.000,0.176,-0.264,-0.088,0.088,-0.264,-45.088,31.553,0.000,0.000,-0.088,-0.088,0.176,0.000,0.000,0.439,0.176,0.000,0.000,0.000,0.000,0.000,0.000,0.000,-46.742,32.477,0.000,0.000,0.000,0.000,0.000,0.000,0.000,0.000,0.000,0.033,6.0,11.20,30.0,0.000,0.000,0.000,0.006,0.000,0.000,0.006,0.033,0.006,0.000,0.000,0.000,0.000,0.006,0.000,0.000,0.006,0.000
54.8045,548,0,move,-1,54.8045,54.8144,0,0.000,0.000,0.176,-0.264,-0.088,0.088,-0.264,-46.055,32.168,0.000,0.000,-0.088,-0.088,0.176,0.000,0.000,0.439,0.176,0.000,0.000,0.000,0.000,0.000,0.000,0.000,-47.033,32.619,0.000,0.000,0.000,0.000,0.000,0.000,0.000,0.000,0.000,0.033,6.0,11.20,30.0,0.000,0.000,0.000,0.006,0.000,0.000,0.006,0.033,0.006,0.000,0.000,0.000,0.000,0.006,0.000,0.000,0.006,0.000
54.9045,549,0,move,-1,54.9045,54.9184,0,0.000,0.000,0.176,-0.264,-0.088,0.088,-0.264,-46.582,32.344,0.000,0.000,-0.088,-0.088,0.176,0.000,0.000,0.439,0.176,0.000,0.000,0.000,0.000,0.000,0.000,0.000,-47.133,32.667,0.000,0.000,0.000,0.000,0.000,0.000,0.000,0.000,0.000,0.019,4.4,11.20,30.0,0.000,0.000,0.000,0.006,0.000,0.000,0.006,0.019,0.000,0.000,0.000,0.000,0.000,0.006,0.000,0.000,0.013,0.000
55.0045,550,0,move,-1,55.0045,55.0158,0,0.000,0.000,0.176,-0.264,-0.088,0.088,-0.264,-46.582,32.344,0.000,0.000,-0.088,-0.088,0.176,0.000,0.000,0.439,0.176,0.000,0.000,0.000,0.000,0.000,0.000,0.000,-47.133,32.667,0.000,0.000,0.000,0.000,0.000,0.000,0.000,0.000,0.000,0.019,4.4,11.20,30.0,0.000,0.000,0.000,0.006,0.000,0.000,0.006,0.019,0.000,0.000,0.000,0.000,0.000,0.006,0.000,0.000,0.013,0.000
55.1061,551,0,move,-1,55.1061,55.1515,0,0.000,0.000,0.176,-0.264,-0.088,0.088,-0.264,-46.582,32.344,0.000,0.000,-0.088,-0.088,0.176,0.000,0.000,0.439,0.176,0.000,0.000,0.000,0.000,0.000,0.000,0.000,-47.133,32.667,0.000,0.000,0.000,0.000,0.000,0.000,0.000,0.000,0.000,0.019,5.6,11.20,31.0,0.000,0.000,0.000,0.000,0.000,0.000,0.006,0.019,0.006,0.000,0.000,0.000,0.000,0.006,0.000,0.000,0.013,0.006
55.2045,552,0,move,-1,55.2045,55.2153,0,0.000,0.000,0.176,-0.264,-0.088,0.088,-0.264,-46.582,32.344,0.000,0.000,-0.088,-0.088,0.176,0.000,0.000,0.439,0.176,0.000,0.000,0.000,0.000,0.000,0.000,0.000,-47.133,32.667,0.000,0.000,0.000,0.000,0.000,0.000,0.000,0.000,0.000,0.019,5.6,11.20,31.0,0.000,0.000,0.000,0.000,0.000,0.000,0.006,0.019,0.006,0.000,0.000,0.000,0.000,0.006,0.000,0.000,0.013,0.006
55.3045,553,0,move,-1,55.3045,55.3162,0,0.000,0.000,0.176,-0.264,-0.088,0.088,-0.264,-46.582,32.344,0.000,0.000,-0.088,-0.088,0.176,0.000,0.000,0.439,0.176,0.000,0.000,0.000,0.000,0.000,0.000,0.000,-47.133,32.667,0.000,0.000,0.000,0.000,0.000,0.000,0.000,0.000,0.000,0.026,5.6,11.20,31.0,0.000,0.000,0.000,0.006,0.000,0.000,0.006,0.026,0.006,0.000,0.000,0.000,0.000,0.006,0.000,0.000,0.006,0.000
55.4045,554,0,move,-1,55.4045,55.4155,0,0.000,0.000,0.176,-0.264,-0.088,0.088,-0.264,-46.582,32.344,0.000,0.000,-0.088,-0.088,0.176,0.000,0.000,0.439,0.176,0.000,0.000,0.000,0.000,0.000,0.000,0.000,-47.133,32.667,0.000,0.000,0.000,0.000,0.000,0.000,0.000,0.000,0.000,0.026,5.6,11.20,31.0,0.000,0.000,0.000,0.006,0.000,0.000,0.006,0.026,0.006,0.000,0.000,0.000,0.000,0.006,0.000,0.000,0.006,0.000
55.5045,555,0,move,-1,55.5045,55.5164,0,0.000,0.000,0.176,-0.264,-0.088,0.088,-0.264,-46.582,32.344,0.000,0.000,-0.088,-0.088,0.176,0.000,0.000,0.439,0.176,0.000,0.000,0.000,0.000,0.000,0.000,0.000,-47.133,32.667,0.000,0.000,0.000,0.000,0.000,0.000,0.000,0.000,0.000,0.026,5.6,11.20,30.0,0.000,0.000,0.000,0.006,0.000,0.000,0.000,0.026,0.006,0.000,0.000,0.000,0.000,0.006,0.000,0.000,0.006,0.000
55.6045,556,0,move,-1,55.6045,55.6148,0,0.000,0.000,0.176,-0.264,-0.088,0.088,-0.264,-46.582,32.344,0.000,0.000,-0.088,-0.088,0.176,0.000,0.000,0.439,0.176,0.000,0.000,0.000,0.000,0.000,0.000,0.000,-47.133,32.667,0.000,0.000,0.000,0.000,0.000,0.000,0.000,0.000,0.000,0.026,5.6,11.20,30.0,0.000,0.000,0.000,0.006,0.000,0.000,0.000,0.026,0.006,0.000,0.000,0.000,0.000,0.006,0.000,0.000,0.006,0.000
55.7045,557,0,move,-1,55.7045,55.7168,0,0.000,0.000,0.176,-0.264,-0.088,0.088,-0.264,-46.582,32.344,0.000,0.000,-0.088,-0.088,0.176,0.000,0.000,0.439,0.176,0.000,0.000,0.000,0.000,0.000,0.000,0.000,-47.133,32.667,0.000,0.000,0.000,0.000,0.000,0.000,0.000,0.000,0.000,0.019,5.6,11.20,31.0,0.000,0.000,0.006,0.000,0.000,0.000,0.006,0.019,0.006,0.000,0.000,0.000,0.000,0.006,0.000,0.000,0.006,0.000
55.8045,558,0,move,-1,55.8045,55.8161,0,0.000,0.000,0.176,-0.264,-0.088,0.088,-0.264,-46.582,32.344,0.000,0.000,-0.088,-0.088,0.176,0.000,0.000,0.439,0.176,0.000,0.000,0.000,0.000,0.000,0.000,0.000,-47.133,32.667,0.000,0.000,0.000,0.000,0.000,0.000,0.000,0.000,0.000,0.019,5.6,11.20,31.0,0.000,0.000,0.006,0.000,0.000,0.000,0.006,0.019,0.006,0.000,0.000,0.000,0.000,0.006,0.000,0.000,0.006,0.000
55.9045,559,0,move,-1,55.9045,55.9167,0,0.000,0.000,0.176,-0.264,-0.088,0.088,-0.264,-46.582,32.344,0.000,0.000,-0.088,-0.088,0.176,0.000,0.000,0.439,0.176,0.000,0.000,0.000,0.000,0.000,0.000,0.000,-47.133,32.667,0.000,0.000,0.000,0.000,0.000,0.000,0.000,0.000,0.000,0.026,5.6,11.20,30.0,0.000,0.000,0.000,0.006,0.000,0.000,0.000,0.026,0.006,0.000,0.000,0.000,0.000,0.006,0.000,0.000,0.006,0.000
56.0045,560,0,move,-1,56.0045,56.0153,0,0.000,0.000,0.176,-0.264,-0.088,0.088,-0.264,-46.582,32.344,0.000,0.000,-0.088,-0.088,0.176,0.000,0.000,0.439,0.176,0.000,0.000,0.000,0.000,0.000,0.000,0.000,-47.133,32.667,0.000,0.000,0.000,0.000,0.000,0.000,0.000,0.000,0.000,0.026,5.6,11.20,30.0,0.000,0.000,0.000,0.006,0.000,0.000,0.000,0.026,0.006,0.000,0.000,0.000,0.000,0.006,0.000,0.000,0.006,0.000
56.1045,561,0,move,-1,56.1045,56.1166,0,0.000,0.000,0.176,-0.264,-0.088,0.088,-0.264,-46.670,32.344,0.000,0.000,-0.088,-0.088,0.176,0.000,0.000,0.439,0.176,0.000,0.000,0.000,0.000,0.000,0.000,0.000,-47.133,32.667,0.000,0.000,0.000,0.000,0.000,0.000,0.000,0.000,0.000,0.026,5.6,11.20,30.0,0.000,0.000,0.000,0.006,0.000,0.000,0.006,0.026,0.006,0.000,0.000,0.000,0.000,0.006,0.000,0.000,0.006,0.000
56.2159,562,0,move,-1,56.2159,56.2287,0,0.000,0.000,0.176,-0.264,-0.088,0.088,-0.264,-46.670,32.344,0.000,0.000,-0.088,-0.088,0.176,0.000,0.000,0.439,0.176,0.000,0.000,0.000,0.000,0.000,0.000,0.000,-47.133,32.667,0.000,0.000,0.000,0.000,0.000,0.000,0.000,0.000,0.000,0.019,4.8,11.20,30.0,0.000,0.000,0.000,0.006,0.000,0.000,0.006,0.019,0.006,0.000,0.000,0.000,0.000,0.006,0.000,0.000,0.006,0.006
56.3045,563,0,move,-1,56.3045,56.3182,0,0.000,0.000,0.176,-0.264,-0.088,0.088,-0.264,-46.670,32.344,0.000,0.000,-0.088,-0.088,0.176,0.000,0.000,0.439,0.176,0.000,0.000,0.000,0.000,0.000,0.000,0.000,-47.133,32.667,0.000,0.000,0.000,0.000,0.000,0.000,0.000,0.000,0.000,0.019,4.8,11.20,30.0,0.000,0.000,0.000,0.006,0.000,0.000,0.006,0.019,0.006,0.000,0.000,0.000,0.000,0.006,0.000,0.000,0.006,0.006
56.4045,564,0,move,-1,56.4045,56.4189,0,0.000,0.000,0.176,-0.264,-0.088,0.088,-0.264,-46.670,32.344,0.000,0.000,-0.088,-0.088,0.176,0.000,0.000,0.439,0.176,0.000,0.000,0.000,0.000,0.000,0.000,0.000,-47.133,32.667,0.000,0.000,0.000,0.000,0.000,0.000,0.000,0.000,0.000,0.019,4.8,11.20,30.0,0.000,0.000,0.000,0.006,0.000,0.000,0.006,0.019,0.000,0.000,0.000,0.000,0.000,0.006,0.000,0.000,0.006,0.006
56.5045,565,0,move,-1,56.5045,56.5151,0,0.000,0.000,0.176,-0.264,-0.088,0.088,-0.264,-46.670,32.344,0.000,0.000,-0.088,-0.088,0.176,0.000,0.000,0.439,0.176,0.000,0.000,0.000,0.000,0.000,0.000,0.000,-47.133,32.667,0.000,0.000,0.000,0.000,0.000,0.000,0.000,0.000,0.000,0.019,4.8,11.20,30.0,0.000,0.000,0.000,0.006,0.000,0.000,0.006,0.019,0.000,0.000,0.000,0.000,0.000,0.006,0.000,0.000,0.006,0.006
56.6045,566,0,move,-1,56.6045,56.6163,0,0.000,0.000,0.176,-0.264,-0.088,0.088,-0.264,-46.670,32.344,0.000,0.000,-0.088,-0.088,0.176,0.000,0.000,0.439,0.176,0.000,0.000,0.000,0.000,0.000,0.000,0.000,-47.133,32.667,0.000,0.000,0.000,0.000,0.000,0.000,0.000,0.000,0.000,0.013,4.8,11.20,30.0,0.000,0.000,0.000,0.006,0.006,0.000,0.000,0.013,0.006,0.000,0.000,0.000,0.000,0.006,0.000,0.000,0.013,0.006
56.7045,567,0,move,-1,56.7045,56.7182,0,0.000,0.000,0.176,-0.264,-0.088,0.088,-0.264,-46.670,32.344,0.000,0.000,-0.088,-0.088,0.176,0.000,0.000,0.439,0.176,0.000,0.000,0.000,0.000,0.000,0.000,0.000,-47.133,32.667,0.000,0.000,0.000,0.000,0.000,0.000,0.000,0.000,0.000,0.019,4.8,11.20,30.0,0.000,0.000,0.000,0.000,0.000,0.000,0.006,0.019,0.006,0.000,0.000,0.000,0.000,0.006,0.000,0.000,0.006,0.006
56.8043,568,0,move,-1,56.8043,56.8214,0,0.000,0.000,0.176,-0.264,-0.088,0.088,-0.264,-46.670,32.344,0.000,0.000,-0.088,-0.088,0.176,0.000,0.000,0.439,0.176,0.000,0.000,0.000,0.000,0.000,0.000,0.000,-47.133,32.667,0.000,0.000,0.000,0.000,0.000,0.000,0.000,0.000,0.000,0.006,2.4,11.20,31.0,0.000,0.000,0.000,0.000,0.000,0.000,0.000,0.006,0.000,0.000,0.000,0.000,0.000,0.006,0.000,0.000,0.000,0.006
56.9045,569,0,move,-1,56.9045,56.9176,0,0.000,0.000,0.176,-0.264,-0.088,0.088,-0.264,-46.670,32.344,0.000,0.000,-0.088,-0.088,0.176,0.000,0.000,0.439,0.176,0.000,0.000,0.000,0.000,0.000,0.000,0.000,-47.133,32.667,0.000,0.000,0.000,0.000,0.000,0.000,0.000,0.000,0.000,0.006,2.4,11.20,31.0,0.000,0.000,0.000,0.000,0.000,0.000,0.000,0.006,0.000,0.000,0.000,0.000,0.000,0.006,0.000,0.000,0.000,0.006
57.0043,570,0,move,-1,57.0043,57.0140,0,0.000,0.000,0.176,-0.264,-0.088,0.088,-0.264,-46.670,32.344,0.000,0.000,-0.088,-0.088,0.176,0.000,0.000,0.439,0.176,0.000,0.000,0.000,0.000,0.000,0.000,0.000,-47.133,32.667,0.000,0.000,0.000,0.000,0.000,0.000,0.000,0.000,0.000,0.013,3.6,11.20,30.0,0.000,0.000,0.000,0.000,0.000,0.000,0.000,0.013,0.006,0.000,0.000,0.000,0.000,0.006,0.000,0.000,0.006,0.000
57.1045,571,0,move,-1,57.1045,57.1145,0,0.000,0.000,0.176,-0.264,-0.088,0.088,-0.264,-46.670,32.344,0.000,0.000,-0.088,-0.088,0.176,0.000,0.000,0.439,0.176,0.000,0.000,0.000,0.000,0.000,0.000,0.000,-47.133,32.667,0.000,0.000,0.000,0.000,0.000,0.000,0.000,0.000,0.000,0.019,4.8,11.20,30.0,0.000,0.000,0.000,0.006,0.000,0.000,0.006,0.019,0.006,0.000,0.000,0.000,0.000,0.013,0.000,0.000,0.013,0.000
57.2045,572,0,move,-1,57.2045,57.2157,0,0.000,0.000,0.176,-0.264,-0.088,0.088,-0.264,-46.670,32.344,0.000,0.000,-0.088,-0.088,0.176,0.000,0.000,0.439,0.176,0.000,0.000,0.000,0.000,0.000,0.000,0.000,-47.133,32.667,0.000,0.000,0.000,0.000,0.000,0.000,0.000,0.000,0.000,0.019,4.8,11.20,30.0,0.000,0.000,0.000,0.006,0.000,0.000,0.006,0.019,0.006,0.000,0.000,0.000,0.000,0.006,0.000,0.000,0.006,0.006
57.3045,573,0,move,-1,57.3045,57.3158,0,0.000,0.000,0.176,-0.264,-0.088,0.088,-0.264,-46.670,32.344,0.000,0.000,-0.088,-0.088,0.176,0.000,0.000,0.439,0.176,0.000,0.000,0.000,0.000,0.000,0.000,0.000,-47.133,32.667,0.000,0.000,0.000,0.000,0.000,0.000,0.000,0.000,0.000,0.019,4.8,11.20,31.0,0.000,0.000,0.000,0.006,0.000,0.000,0.000,0.019,0.006,0.000,0.000,0.000,0.000,0.006,0.000,0.000,0.006,0.000
57.4045,574,0,move,-1,57.4045,57.4173,0,0.000,0.000,0.176,-0.264,-0.088,0.088,-0.264,-46.670,32.344,0.000,0.000,-0.088,-0.088,0.176,0.000,0.000,0.439,0.176,0.000,0.000,0.000,0.000,0.000,0.000,0.000,-47.133,32.667,0.000,0.000,0.000,0.000,0.000,0.000,0.000,0.000,0.000,0.019,4.8,11.20,30.0,0.000,0.000,0.000,0.006,0.000,0.000,0.006,0.019,0.006,0.000,0.000,0.000,0.000,0.006,0.000,0.000,0.006,0.006
57.5045,575,0,move,-1,57.5045,57.5162,0,0.000,0.000,0.176,-0.264,-0.088,0.088,-0.264,-46.670,32.344,0.000,0.000,-0.088,-0.088,0.176,0.000,0.000,0.439,0.176,0.000,0.000,0.000,0.000,0.000,0.000,0.000,-47.133,32.667,0.000,0.000,0.000,0.000,0.000,0.000,0.000,0.000,0.000,0.019,4.8,11.20,30.0,0.000,0.000,0.000,0.006,0.000,0.000,0.006,0.019,0.006,0.000,0.000,0.000,0.000,0.006,0.000,0.000,0.006,0.006
57.6045,576,0,move,-1,57.6045,57.6163,0,0.000,0.000,0.176,-0.264,-0.088,0.088,-0.264,-46.670,32.344,0.000,0.000,-0.088,-0.088,0.176,0.000,0.000,0.439,0.176,0.000,0.000,0.000,0.000,0.000,0.000,0.000,-47.133,32.667,0.000,0.000,0.000,0.000,0.000,0.000,0.000,0.000,0.000,0.019,4.8,11.20,30.0,0.000,0.000,0.000,0.000,0.000,0.000,0.006,0.019,0.000,0.000,0.000,0.000,0.000,0.006,0.000,0.000,0.013,0.000
57.7045,577,0,move,-1,57.7045,57.7179,0,0.000,0.000,0.176,-0.264,-0.088,0.088,-0.264,-46.670,32.344,0.000,0.000,-0.088,-0.088,0.176,0.000,0.000,0.439,0.176,0.000,0.000,0.000,0.000,0.000,0.000,0.000,-47.133,32.667,0.000,0.000,0.000,0.000,0.000,0.000,0.000,0.000,0.000,0.019,4.8,11.20,30.0,0.000,0.000,0.000,0.000,0.000,0.000,0.006,0.019,0.006,0.000,0.000,0.000,0.000,0.000,0.000,0.000,0.006,0.000
57.8079,578,0,move,-1,57.8079,57.8196,0,0.000,0.000,0.176,-0.264,-0.088,0.088,-0.264,-46.670,32.344,0.000,0.000,-0.088,-0.088,0.176,0.000,0.000,0.439,0.176,0.000,0.000,0.000,0.000,0.000,0.000,0.000,-47.133,32.667,0.000,0.000,0.000,0.000,0.000,0.000,0.000,0.000,0.000,0.019,4.8,11.20,30.0,0.000,0.000,0.000,0.006,0.000,0.000,0.006,0.019,0.006,0.000,0.000,0.000,0.000,0.006,0.000,0.000,0.013,0.000
57.9045,579,0,move,-1,57.9045,57.9154,0,0.000,0.000,0.176,-0.264,-0.088,0.088,-0.264,-46.670,32.344,0.000,0.000,-0.088,-0.088,0.176,0.000,0.000,0.439,0.176,0.000,0.000,0.000,0.000,0.000,0.000,0.000,-47.133,32.667,0.000,0.000,0.000,0.000,0.000,0.000,0.000,0.000,0.000,0.019,4.8,11.20,30.0,0.000,0.000,0.000,0.006,0.000,0.000,0.006,0.019,0.006,0.000,0.000,0.000,0.000,0.006,0.000,0.000,0.013,0.000
58.0045,580,0,move,-1,58.0045,58.0204,0,0.000,0.000,0.176,-0.264,-0.088,0.088,-0.264,-46.670,32.344,0.000,0.000,-0.088,-0.088,0.176,0.000,0.000,0.439,0.176,0.000,0.000,0.000,0.000,0.000,0.000,0.000,-47.233,32.716,0.000,0.000,0.000,0.000,0.000,0.000,0.000,0.000,0.000,0.000,0.0,11.30,32.0,0.000,0.000,0.000,0.000,0.000,0.000,0.000,0.000,0.000,0.000,0.000,0.000,0.000,0.000,0.000,0.000,0.000,0.000
58.1045,581,0,move,-1,58.1045,58.1105,0,0.000,0.000,0.176,-0.264,-0.088,0.088,-0.264,-46.670,32.344,0.000,0.000,-0.088,-0.088,0.176,0.000,0.000,0.439,0.176,0.000,0.000,0.000,0.000,0.000,0.000,0.000,-47.522,32.856,0.000,0.000,0.000,0.000,0.000,0.000,0.000,0.000,0.000,0.000,0.0,11.30,32.0,0.000,0.000,0.000,0.000,0.000,0.000,0.000,0.000,0.000,0.000,0.000,0.000,0.000,0.000,0.000,0.000,0.000,0.000
58.2045,582,0,move,-1,58.2045,58.2163,0,0.000,0.000,0.176,-0.264,-0.088,0.088,-0.264,-46.758,32.344,0.000,0.000,-0.088,-0.088,0.176,0.000,0.000,0.439,0.176,0.000,0.000,0.000,0.000,0.000,0.000,0.000,-47.971,33.071,0.000,0.000,0.000,0.000,0.000,0.000,0.000,0.000,0.000,0.000,0.0,11.30,32.0,0.000,0.000,0.000,0.000,0.000,0.000,0.000,0.000,0.000,0.000,0.000,0.000,0.000,0.000,0.000,0.000,0.000,0.000
58.3045,583,0,move,-1,58.3045,58.3150,0,0.000,0.000,0.176,-0.264,-0.088,0.088,-0.264,-47.461,32.783,0.000,0.000,-0.088,-0.088,0.176,0.000,0.000,0.439,0.176,0.000,0.000,0.000,0.000,0.000,0.000,0.000,-48.535,33.340,0.000,0.000,0.000,0.000,0.000,0.000,0.000,0.000,0.000,0.000,0.0,11.30,32.0,0.000,0.000,0.000,0.000,0.000,0.000,0.000,0.000,0.000,0.000,0.000,0.000,0.000,0.000,0.000,0.000,0.000,0.000
58.4045,584,0,move,-1,58.4045,58.4161,0,0.000,0.000,0.176,-0.264,-0.088,0.088,-0.264,-47.988,33.135,0.000,0.000,-0.088,-0.088,0.176,0.000,0.000,0.439,0.176,0.000,0.000,0.000,0.000,0.000,0.000,0.000,-49.154,33.634,0.000,0.000,0.000,0.000,0.000,0.000,0.000,0.000,0.000,0.026,6.0,11.20,31.0,0.000,0.000,0.000,0.006,0.000,0.000,0.000,0.026,0.006,0.000,0.000,0.000,0.000,0.006,0.000,0.000,0.006,0.000
58.5043,585,0,move,-1,58.5043,58.5147,0,0.000,0.000,0.176,-0.264,-0.088,0.088,-0.264,-48.604,33.311,0.000,0.000,-0.088,-0.088,0.176,0.000,0.000,0.439,0.176,0.000,0.000,0.000,0.000,0.000,0.000,0.000,-49.772,33.924,0.000,0.000,0.000,0.000,0.000,0.000,0.000,0.000,0.000,0.026,6.0,11.20,31.0,0.000,0.000,0.000,0.006,0.000,0.000,0.000,0.026,0.006,0.000,0.000,0.000,0.000,0.006,0.000,0.000,0.006,0.000
58.6043,586,0,move,-1,58.6043,58.6141,0,0.000,0.000,0.176,-0.264,-0.088,0.088,-0.264,-49.219,33.662,0.000,0.000,-0.088,-0.088,0.176,0.000,0.000,0.439,0.176,0.000,0.000,0.000,0.000,0.000,0.000,0.000,-50.327,34.182,0.000,0.000,0.000,0.000,0.000,0.000,0.000,0.000,0.000,0.033,8.0,11.20,31.0,0.000,0.000,0.000,0.000,0.000,0.000,0.006,0.033,0.006,0.000,0.000,0.000,0.000,0.006,0.000,0.000,0.006,0.006
58.7045,587,0,move,-1,58.7045,58.7160,0,0.000,0.000,0.176,-0.264,-0.088,0.088,-0.264,-49.834,33.838,0.000,0.000,-0.088,-0.088,0.176,0.000,0.000,0.439,0.176,0.000,0.000,0.000,0.000,0.000,0.000,0.000,-50.765,34.384,0.000,0.000,0.000,0.000,0.000,0.000,0.000,0.000,0.000,0.033,8.0,11.20,30.0,0.000,0.000,0.000,0.006,0.000,0.000,0.006,0.033,0.006,0.000,0.000,0.000,0.000,0.006,0.000,0.006,0.006,0.006
58.8043,588,0,move,-1,58.8043,58.8145,0,0.000,0.000,0.176,-0.264,-0.088,0.088,-0.264,-50.361,34.189,0.000,0.000,-0.088,-0.088,0.176,0.000,0.000,0.439,0.176,0.000,0.000,0.000,0.000,0.000,0.000,0.000,-51.045,34.512,0.000,0.000,0.000,0.000,0.000,0.000,0.000,0.000,0.000,0.033,8.0,11.20,30.0,0.000,0.000,0.000,0.006,0.000,0.000,0.006,0.033,0.006,0.000,0.000,0.000,0.000,0.006,0.000,0.006,0.006,0.006
58.9045,589,0,move,-1,58.9045,58.9152,0,0.000,0.000,0.176,-0.264,-0.088,0.088,-0.264,-50.713,34.277,0.000,0.000,-0.088,-0.088,0.176,0.000,0.000,0.439,0.176,0.000,0.000,0.000,0.000,0.000,0.000,0.000,-51.141,34.556,0.000,0.000,0.000,0.000,0.000,0.000,0.000,0.000,0.000,0.019,6.4,11.20,31.0,0.000,0.000,0.000,0.006,0.000,0.000,0.006,0.019,0.006,0.000,0.000,0.000,0.000,0.006,0.000,0.000,0.006,0.006
59.0045,590,0,move,-1,59.0045,59.0147,0,0.000,0.000,0.176,-0.264,-0.088,0.088,-0.264,-50.713,34.365,0.000,0.000,-0.088,-0.088,0.176,0.000,0.000,0.439,0.176,0.000,0.000,0.000,0.000,0.000,0.000,0.000,-51.141,34.556,0.000,0.000,0.000,0.000,0.000,0.000,0.000,0.000,0.000,0.019,6.4,11.20,31.0,0.000,0.000,0.000,0.006,0.000,0.000,0.006,0.019,0.006,0.000,0.000,0.000,0.000,0.006,0.000,0.000,0.006,0.006
59.1093,591,0,move,-1,59.1093,59.1455,0,0.000,0.000,0.176,-0.264,-0.088,0.088,-0.264,-50.713,34.365,0.000,0.000,-0.088,-0.088,0.176,0.000,0.000,0.439,0.176,0.000,0.000,0.000,0.000,0.000,0.000,0.000,-51.141,34.556,0.000,0.000,0.000,0.000,0.000,0.000,0.000,0.000,0.000,0.019,4.8,11.20,30.0,0.000,0.000,0.000,0.006,0.000,0.000,0.000,0.019,0.000,0.000,0.000,0.000,0.000,0.006,0.000,0.000,0.013,0.006
59.2045,592,0,move,-1,59.2045,59.2154,0,0.000,0.000,0.176,-0.264,-0.088,0.088,-0.264,-50.713,34.365,0.000,0.000,-0.088,-0.088,0.176,0.000,0.000,0.439,0.176,0.000,0.000,0.000,0.000,0.000,0.000,0.000,-51.141,34.556,0.000,0.000,0.000,0.000,0.000,0.000,0.000,0.000,0.000,0.019,4.8,11.20,30.0,0.000,0.000,0.000,0.006,0.000,0.000,0.000,0.019,0.000,0.000,0.000,0.000,0.000,0.006,0.000,0.000,0.013,0.006
59.3045,593,0,move,-1,59.3045,59.3162,0,0.000,0.000,0.176,-0.264,-0.088,0.088,-0.264,-50.801,34.365,0.000,0.000,-0.088,-0.088,0.176,0.000,0.000,0.439,0.176,0.000,0.000,0.000,0.000,0.000,0.000,0.000,-51.141,34.556,0.000,0.000,0.000,0.000,0.000,0.000,0.000,0.000,0.000,0.013,3.6,11.20,30.0,0.000,0.000,0.000,0.006,0.000,0.000,0.000,0.013,0.006,0.000,0.000,0.000,0.000,0.006,0.000,0.000,0.006,0.000
59.4045,594,0,move,-1,59.4045,59.4192,0,0.000,0.000,0.176,-0.264,-0.088,0.088,-0.264,-50.801,34.365,0.000,0.000,-0.088,-0.088,0.176,0.000,0.000,0.439,0.176,0.000,0.000,0.000,0.000,0.000,0.000,0.000,-51.141,34.556,0.000,0.000,0.000,0.000,0.000,0.000,0.000,0.000,0.000,0.013,4.0,11.20,30.0,0.000,0.000,0.000,0.000,0.000,0.000,0.006,0.013,0.006,0.000,0.000,0.000,0.000,0.006,0.000,0.000,0.006,0.006
59.5045,595,0,move,-1,59.5045,59.5164,0,0.000,0.000,0.176,-0.264,-0.088,0.088,-0.264,-50.801,34.365,0.000,0.000,-0.088,-0.088,0.176,0.000,0.000,0.439,0.176,0.000,0.000,0.000,0.000,0.000,0.000,0.000,-51.141,34.556,0.000,0.000,0.000,0.000,0.000,0.000,0.000,0.000,0.000,0.013,4.0,11.20,30.0,0.000,0.000,0.000,0.000,0.000,0.000,0.006,0.013,0.006,0.000,0.000,0.000,0.000,0.006,0.000,0.000,0.006,0.006
59.6045,596,0,move,-1,59.6045,59.6158,0,0.000,0.000,0.176,-0.264,-0.088,0.088,-0.264,-50.801,34.365,0.000,0.000,-0.088,-0.088,0.176,0.000,0.000,0.439,0.176,0.000,0.000,0.000,0.000,0.000,0.000,0.000,-51.141,34.556,0.000,0.000,0.000,0.000,0.000,0.000,0.000,0.000,0.000,0.013,4.0,11.20,30.0,0.000,0.000,0.000,0.000,0.000,0.000,0.006,0.013,0.000,0.000,0.000,0.000,0.000,0.006,0.000,0.000,0.006,0.000
59.7043,597,0,move,-1,59.7043,59.7098,0,0.000,0.000,0.176,-0.264,-0.088,0.088,-0.264,-50.801,34.365,0.000,0.000,-0.088,-0.088,0.176,0.000,0.000,0.439,0.176,0.000,0.000,0.000,0.000,0.000,0.000,0.000,-51.141,34.556,0.000,0.000,0.000,0.000,0.000,0.000,0.000,0.000,0.000,0.013,4.0,11.20,30.0,0.000,0.000,0.000,0.000,0.000,0.000,0.006,0.013,0.000,0.000,0.000,0.000,0.000,0.006,0.000,0.000,0.006,0.000
59.8045,598,0,move,-1,59.8045,59.8143,0,0.000,0.000,0.176,-0.264,-0.088,0.088,-0.264,-50.801,34.365,0.000,0.000,-0.088,-0.088,0.176,0.000,0.000,0.439,0.176,0.000,0.000,0.000,0.000,0.000,0.000,0.000,-51.141,34.556,0.000,0.000,0.000,0.000,0.000,0.000,0.000,0.000,0.000,0.013,4.0,11.20,31.0,0.000,,0.000,0.006,0.000,0.000,0.006,0.013,0.000,0.000,0.000,0.000,0.000,0.006,0.000,0.000,0.013,0.006
59.9045,599,0,move,-1,59.9045,59.9163,0,0.000,0.000,0.176,-0.264,-0.088,0.088,-0.264,-50.801,34.365,0.000,0.000,-0.088,-0.088,0.176,0.000,0.000,0.439,0.176,0.000,0.000,0.000,0.000,0.000,0.000,0.000,-51.141,34.556,0.000,0.000,0.000,0.000,0.000,0.000,0.000,0.000,0.000,0.013,4.0,11.20,31.0,0.000,0.000,0.000,0.006,0.000,0.000,0.006,0.013,0.000,0.000,0.000,0.000,0.000,0.006,0.000,0.000,0.006,0.000
60.0043,600,0,move,-1,60.0043,60.0162,0,0.000,0.000,0.176,-0.264,-0.088,0.088,-0.264,-50.801,34.365,0.000,0.000,-0.088,-0.088,0.176,0.000,0.000,0.439,0.176,0.000,0.000,0.000,0.000,0.000,0.000,0.000,-51.141,34.556,0.000,0.000,0.000,0.000,0.000,0.000,0.000,0.000,0.000,0.013,4.0,11.20,31.0,0.000,0.000,0.000,0.006,0.000,0.000,0.006,0.013,0.000,0.000,0.000,0.000,0.000,0.006,0.000,0.000,0.006,0.000
60.1043,601,0,move,-1,60.1043,60.1164,0,0.000,0.000,0.176,-0.264,-0.088,0.088,-0.264,-50.801,34.365,0.000,0.000,-0.088,-0.088,0.176,0.000,0.000,0.439,0.176,0.000,0.000,0.000,0.000,0.000,0.000,0.000,-51.141,34.556,0.000,0.000,0.000,0.000,0.000,0.000,0.000,0.000,0.000,0.019,4.0,11.20,30.0,0.000,0.000,0.006,0.006,0.000,0.000,0.000,0.019,0.000,0.000,0.000,0.000,0.000,0.006,0.000,0.000,0.006,0.006
60.2043,602,0,move,-1,60.2043,60.2164,0,0.000,0.000,0.176,-0.264,-0.088,0.088,-0.264,-50.801,34.365,0.000,0.000,-0.088,-0.088,0.176,0.000,0.000,0.439,0.176,0.000,0.000,0.000,0.000,0.000,0.000,0.000,-51.141,34.556,0.000,0.000,0.000,0.000,0.000,0.000,0.000,0.000,0.000,0.013,4.0,11.20,30.0,0.000,0.000,0.000,0.000,0.000,0.000,0.006,0.013,0.000,0.000,0.000,0.000,0.000,0.006,0.000,0.000,0.006,0.000
60.3045,603,0,move,-1,60.3045,60.3151,0,0.000,0.000,0.176,-0.264,-0.088,0.088,-0.264,-50.801,34.365,0.000,0.000,-0.088,-0.088,0.176,0.000,0.000,0.439,0.176,0.000,0.000,0.000,0.000,0.000,0.000,0.000,-51.141,34.556,0.000,0.000,0.000,0.000,0.000,0.000,0.000,0.000,0.000,0.013,4.0,11.20,30.0,0.000,0.000,0.000,0.000,0.000,0.000,0.006,0.013,0.000,0.000,0.000,0.000,0.000,0.006,0.000,0.000,0.006,0.000
60.4045,604,0,move,-1,60.4045,60.4156,0,0.000,0.000,0.176,-0.264,-0.088,0.088,-0.264,-50.801,34.365,0.000,0.000,-0.088,-0.088,0.176,0.000,0.000,0.439,0.176,0.000,0.000,0.000,0.000,0.000,0.000,0.000,-51.141,34.556,0.000,0.000,0.000,0.000,0.000,0.000,0.000,0.000,0.000,0.013,4.0,11.20,30.0,0.000,0.000,0.000,0.006,0.000,0.000,0.006,0.013,0.000,0.000,0.000,0.000,0.000,0.006,0.000,0.000,0.006,0.000
60.5045,605,0,move,-1,60.5045,60.5147,0,0.000,0.000,0.176,-0.264,-0.088,0.088,-0.264,-50.801,34.365,0.000,0.000,-0.088,-0.088,0.176,0.000,0.000,0.439,0.176,0.000,0.000,0.000,0.000,0.000,0.000,0.000,-51.141,34.556,0.000,0.000,0.000,0.000,0.000,0.000,0.000,0.000,0.000,0.013,4.0,11.20,30.0,0.000,0.000,0.000,0.006,0.000,0.000,0.006,0.013,0.000,0.000,0.000,0.000,0.000,0.006,0.000,0.000,0.006,0.000
60.6045,606,0,move,-1,60.6045,60.6165,0,0.000,0.000,0.176,-0.264,-0.088,0.088,-0.264,-50.801,34.365,0.000,0.000,-0.088,-0.088,0.176,0.000,0.000,0.439,0.176,0.000,0.000,0.000,0.000,0.000,0.000,0.000,-51.141,34.556,0.000,0.000,0.000,0.000,0.000,0.000,0.000,0.000,0.000,0.013,4.0,11.20,30.0,0.000,0.000,0.000,0.006,0.000,0.000,0.006,0.013,0.000,0.000,0.000,0.000,0.000,0.006,0.000,0.000,0.006,0.000
60.7045,607,0,move,-1,60.7045,60.7149,0,0.000,0.000,0.176,-0.264,-0.088,0.088,-0.264,-50.801,34.365,0.000,0.000,-0.088,-0.088,0.176,0.000,0.000,0.439,0.176,0.000,0.000,0.000,0.000,0.000,0.000,0.000,-51.141,34.556,0.000,0.000,0.000,0.000,0.000,0.000,0.000,0.000,0.000,0.013,4.0,11.20,30.0,0.000,0.000,0.000,0.006,0.000,0.000,0.006,0.013,0.000,0.000,0.000,0.000,0.000,0.006,0.000,0.000,0.006,0.000
60.8045,608,0,move,-1,60.8045,60.8147,0,0.000,0.000,0.176,-0.264,-0.088,0.088,-0.264,-50.801,34.365,0.000,0.000,-0.088,-0.088,0.176,0.000,0.000,0.439,0.176,0.000,0.000,0.000,0.000,0.000,0.000,0.000,-51.141,34.556,0.000,0.000,0.000,0.000,0.000,0.000,0.000,0.000,0.000,0.013,4.0,11.20,30.0,0.000,0.000,0.000,0.000,0.000,0.000,0.006,0.013,0.000,0.000,0.000,0.000,0.000,0.000,0.000,0.000,0.006,0.006
60.9045,609,0,move,-1,60.9045,60.9167,0,0.000,0.000,0.176,-0.264,-0.088,0.088,-0.264,-50.801,34.365,0.000,0.000,-0.088,-0.088,0.176,0.000,0.000,0.439,0.176,0.000,0.000,0.000,0.000,0.000,0.000,0.000,-51.141,34.556,0.000,0.000,0.000,0.000,0.000,0.000,0.000,0.000,0.000,0.013,4.0,11.20,31.0,0.000,0.000,0.000,0.006,0.000,0.000,0.006,0.013,0.000,0.000,0.000,0.000,0.000,0.006,0.000,0.000,0.013,0.006
61.0045,610,0,move,-1,61.0045,61.0161,0,0.000,0.000,0.176,-0.264,-0.088,0.088,-0.264,-50.801,34.365,0.000,0.000,-0.088,-0.088,0.176,0.000,0.000,0.439,0.176,0.000,0.000,0.000,0.000,0.000,0.000,0.000,-51.141,34.556,0.000,0.000,0.000,0.000,0.000,0.000,0.000,0.000,0.000,0.013,4.0,11.20,31.0,0.000,0.000,0.000,0.006,0.000,0.000,0.006,0.013,0.000,0.000,0.000,0.000,0.000,0.006,0.000,0.000,0.013,0.006
61.1043,611,0,move,-1,61.1043,61.1181,0,0.000,0.000,0.176,-0.264,-0.088,0.088,-0.264,-50.801,34.365,0.000,0.000,-0.088,-0.088,0.176,0.000,0.000,0.439,0.176,0.000,0.000,0.000,0.000,0.000,0.000,0.000,-51.141,34.556,0.000,0.000,0.000,0.000,0.000,0.000,0.000,0.000,0.000,0.013,4.0,11.20,30.0,0.000,0.000,0.000,0.006,0.000,0.000,0.006,0.013,0.000,0.000,0.000,0.000,0.000,0.006,0.000,0.000,0.006,0.006
61.2045,612,0,move,-1,61.2045,61.2189,0,0.000,0.000,0.176,-0.264,-0.088,0.088,-0.264,-50.801,34.365,0.000,0.000,-0.088,-0.088,0.176,0.000,0.000,0.439,0.176,0.000,0.000,0.000,0.000,0.000,0.000,0.000,-51.141,34.556,0.000,0.000,0.000,0.000,0.000,0.000,0.000,0.000,0.000,0.000,0.0,11.30,32.0,0.000,0.000,0.000,0.000,0.000,0.000,0.000,0.000,0.000,0.000,0.000,0.000,0.000,0.000,0.000,0.000,0.000,0.000
61.3045,613,0,move,-1,61.3045,61.3168,0,0.000,0.000,0.176,-0.264,-0.088,0.088,-0.264,-50.801,34.365,0.000,0.000,-0.088,-0.088,0.176,0.000,0.000,0.439,0.176,0.000,0.000,0.000,0.000,0.000,0.000,0.000,-51.141,34.556,0.000,0.000,0.000,0.000,0.000,0.000,0.000,0.000,0.000,0.000,0.0,11.30,32.0,0.000,0.000,0.000,0.000,0.000,0.000,0.000,0.000,0.000,0.000,0.000,0.000,0.000,0.000,0.000,0.000,0.000,0.000
61.4045,614,0,move,-1,61.4045,61.4141,0,0.000,0.000,0.176,-0.264,-0.088,0.088,-0.264,-50.801,34.365,0.000,0.000,-0.088,-0.088,0.176,0.000,0.000,0.439,0.176,0.000,0.000,0.000,0.000,0.000,0.000,0.000,-51.141,34.556,0.000,0.000,0.000,0.000,0.000,0.000,0.000,0.000,0.000,0.013,4.0,11.20,30.0,0.000,0.000,0.000,0.006,0.000,0.000,0.006,0.013,0.006,0.000,0.000,0.000,0.000,0.006,0.000,0.000,0.006,0.000
61.5043,615,0,move,-1,61.5043,61.5173,0,0.000,0.000,0.176,-0.264,-0.088,0.088,-0.264,-50.801,34.365,0.000,0.000,-0.088,-0.088,0.176,0.000,0.000,0.439,0.176,0.000,0.000,0.000,0.000,0.000,0.000,0.000,-51.141,34.556,0.000,0.000,0.000,0.000,0.000,0.000,0.000,0.000,0.000,0.019,4.0,11.20,30.0,0.000,0.000,0.000,0.000,0.000,0.000,0.000,0.019,0.000,0.000,0.000,0.000,0.000,0.006,0.000,0.000,0.006,0.000
61.6045,616,0,move,-1,61.6045,61.6147,0,0.000,0.000,0.176,-0.264,-0.088,0.088,-0.264,-50.801,34.365,0.000,0.000,-0.088,-0.088,0.176,0.000,0.000,0.439,0.176,0.000,0.000,0.000,0.000,0.000,0.000,0.000,-51.141,34.556,0.000,0.000,0.000,0.000,0.000,0.000,0.000,0.000,0.000,0.019,4.0,11.20,30.0,0.000,0.000,0.000,0.000,0.000,0.000,0.000,0.019,0.000,0.000,0.000,0.000,0.000,0.006,0.000,0.000,0.006,0.000
61.7045,617,0,move,-1,61.7045,61.7160,0,0.000,0.000,0.176,-0.264,-0.088,0.088,-0.264,-50.801,34.365,0.000,0.000,-0.088,-0.088,0.176,0.000,0.000,0.439,0.176,0.000,0.000,0.000,0.000,0.000,0.000,0.000,-51.141,34.556,0.000,0.000,0.000,0.000,0.000,0.000,0.000,0.000,0.000,0.013,4.0,11.20,30.0,0.000,0.000,0.000,0.000,0.000,0.000,0.006,0.013,0.000,0.000,0.000,0.000,0.000,0.006,0.000,0.000,0.013,0.000
61.8045,618,0,move,-1,61.8045,61.8151,0,0.000,0.000,0.176,-0.264,-0.088,0.088,-0.264,-50.801,34.365,0.000,0.000,-0.088,-0.088,0.176,0.000,0.000,0.439,0.176,0.000,0.000,0.000,0.000,0.000,0.000,0.000,-51.141,34.556,0.000,0.000,0.000,0.000,0.000,0.000,0.000,0.000,0.000,0.013,4.0,11.20,30.0,0.000,0.000,0.000,0.000,0.000,0.000,0.006,0.013,0.000,0.000,0.000,0.000,0.000,0.006,0.000,0.000,0.013,0.000
61.9045,619,0,move,-1,61.9045,61.9162,0,0.000,0.000,0.176,-0.264,-0.088,0.088,-0.264,-50.801,34.365,0.000,0.000,-0.088,-0.088,0.176,0.000,0.000,0.439,0.176,0.000,0.000,0.000,0.000,0.000,0.000,0.000,-51.141,34.556,0.000,0.000,0.000,0.000,0.000,0.000,0.000,0.000,0.000,0.019,4.0,11.20,30.0,0.000,0.000,0.000,0.000,0.000,0.000,0.000,0.019,0.000,0.000,0.000,0.000,0.000,0.013,0.000,0.000,0.006,0.000
62.0045,620,0,move,-1,62.0045,62.0145,0,0.000,0.000,0.176,-0.264,-0.088,0.088,-0.264,-50.801,34.365,0.000,0.000,-0.088,-0.088,0.176,0.000,0.000,0.439,0.176,0.000,0.000,0.000,0.000,0.000,0.000,0.000,-51.143,34.557,0.000,0.000,0.000,0.000,0.000,0.000,0.000,0.000,0.000,0.019,4.0,11.20,30.0,0.000,0.000,0.000,0.000,0.000,0.000,0.000,0.019,0.000,0.000,0.000,0.000,0.000,0.013,0.000,0.000,0.006,0.000
62.1043,621,0,move,-1,62.1043,62.1106,0,0.000,0.000,0.176,-0.264,-0.088,0.088,-0.264,-50.801,34.365,0.000,0.000,-0.088,-0.088,0.176,0.000,0.000,0.439,0.176,0.000,0.000,0.000,0.000,0.000,0.000,0.000,-51.143,34.557,0.000,0.000,0.000,0.000,0.000,0.000,0.000,0.000,0.000,0.013,4.0,11.20,30.0,0.000,0.000,0.000,0.000,0.000,0.000,0.006,0.013,0.000,0.000,0.000,0.000,0.000,0.000,0.000,0.000,0.013,0.000
62.2045,622,0,move,-1,62.2045,62.2164,0,0.000,0.000,0.176,-0.264,-0.088,0.088,-0.264,-50.801,34.365,0.000,0.000,-0.088,-0.088,0.176,0.000,0.000,0.439,0.176,0.000,0.000,0.000,0.000,0.000,0.000,0.000,-51.143,34.557,0.000,0.000,0.000,0.000,0.000,0.000,0.000,0.000,0.000,0.013,4.0,11.20,31.0,0.000,0.000,0.000,0.006,0.000,0.000,0.006,0.013,0.000,0.000,0.000,0.000,0.000,0.006,0.000,0.000,0.006,0.006
62.3045,623,0,move,-1,62.3045,62.3145,0,0.000,0.000,0.176,-0.264,-0.088,0.088,-0.264,-50.801,34.365,0.000,0.000,-0.088,-0.088,0.176,0.000,0.000,0.439,0.176,0.000,0.000,0.000,0.000,0.000,0.000,0.000,-51.143,34.557,0.000,0.000,0.000,0.000,0.000,0.000,0.000,0.000,0.000,0.013,4.0,11.20,31.0,0.000,0.000,0.000,0.006,0.000,0.000,0.006,0.013,0.000,0.000,0.000,0.000,0.000,0.006,0.000,0.000,0.006,0.006
62.4045,624,0,move,-1,62.4045,62.4154,0,0.000,0.000,0.176,-0.264,-0.088,0.088,-0.264,-50.801,34.365,0.000,0.000,-0.088,-0.088,0.176,0.000,0.000,0.439,0.176,0.000,0.000,0.000,0.000,0.000,0.000,0.000,-51.143,34.557,0.000,0.000,0.000,0.000,0.000,0.000,0.000,0.000,0.000,0.013,4.0,11.20,31.0,0.006,0.000,0.000,0.006,0.000,0.000,0.006,0.013,0.000,0.000,0.000,0.000,0.000,0.006,0.000,0.000,0.006,0.000
62.5045,625,0,move,-1,62.5045,62.5143,0,0.000,0.000,0.176,-0.264,-0.088,0.088,-0.264,-50.801,34.365,0.000,0.000,-0.088,-0.088,0.176,0.000,0.000,0.439,0.176,0.000,0.000,0.000,0.000,0.000,0.000,0.000,-51.143,34.557,0.000,0.000,0.000,0.000,0.000,0.000,0.000,0.000,0.000,0.013,4.0,11.20,31.0,0.006,0.000,0.000,0.006,0.000,0.000,0.006,0.013,0.000,0.000,0.000,0.000,0.000,0.006,0.000,0.000,0.006,0.000
62.6045,626,0,move,-1,62.6045,62.6180,0,0.000,0.000,0.176,-0.264,-0.088,0.088,-0.264,-50.801,34.365,0.000,0.000,-0.088,-0.088,0.176,0.000,0.000,0.439,0.176,0.000,0.000,0.000,0.000,0.000,0.000,0.000,-51.143,34.557,0.000,0.000,0.000,0.000,0.000,0.000,0.000,0.000,0.000,0.013,4.0,11.20,31.0,0.000,0.000,0.006,0.006,0.000,0.000,0.006,0.013,0.000,0.000,0.000,0.000,0.000,0.006,0.000,0.000,0.006,0.006
62.7043,627,0,move,-1,62.7043,62.7194,0,0.000,0.000,0.176,-0.264,-0.088,0.088,-0.264,-50.801,34.365,0.000,0.000,-0.088,-0.088,0.176,0.000,0.000,0.439,0.176,0.000,0.000,0.000,0.000,0.000,0.000,0.000,-51.143,34.557,0.000,0.000,0.000,0.000,0.000,0.000,0.000,0.000,0.000,0.013,4.0,11.20,30.0,0.000,0.000,0.000,0.006,0.000,0.000,0.000,0.013,0.006,0.000,0.000,0.000,0.000,0.006,0.000,0.000,0.013,0.000
62.8045,628,0,move,-1,62.8045,62.8164,0,0.000,0.000,0.176,-0.264,-0.088,0.088,-0.264,-50.801,34.365,0.000,0.000,-0.088,-0.088,0.176,0.000,0.000,0.439,0.176,0.000,0.000,0.000,0.000,0.000,0.000,0.000,-51.143,34.557,0.000,0.000,0.000,0.000,0.000,0.000,0.000,0.000,0.000,0.013,4.0,11.20,30.0,0.000,0.000,0.000,0.006,0.000,0.000,0.000,0.013,0.006,0.000,0.000,0.000,0.000,0.006,0.000,0.000,0.013,0.000
62.9045,629,0,move,-1,62.9045,62.9168,0,0.000,0.000,0.176,-0.264,-0.088,0.088,-0.264,-50.801,34.365,0.000,0.000,-0.088,-0.088,0.176,0.000,0.000,0.439,0.176,0.000,0.000,0.000,0.000,0.000,0.000,0.000,-51.143,34.557,0.000,0.000,0.000,0.000,0.000,0.000,0.000,0.000,0.000,0.013,4.0,11.20,30.0,0.000,0.000,0.000,0.000,0.000,0.000,0.000,0.013,0.000,0.000,0.000,0.000,0.000,0.006,0.000,0.000,0.013,0.006
63.0045,630,0,move,-1,63.0045,63.0148,0,0.000,0.000,0.176,-0.264,-0.088,0.088,-0.264,-50.801,34.365,0.000,0.000,-0.088,-0.088,0.176,0.000,0.000,0.439,0.176,0.000,0.000,0.000,0.000,0.000,0.000,0.000,-51.143,34.557,0.000,0.000,0.000,0.000,0.000,0.000,0.000,0.000,0.000,0.013,4.0,11.20,30.0,0.000,0.000,0.000,0.000,0.000,0.000,0.000,0.013,0.000,0.000,0.000,0.000,0.000,0.006,0.000,0.000,0.013,0.006
63.1043,631,0,move,-1,63.1043,63.1103,0,0.000,0.000,0.176,-0.264,-0.088,0.088,-0.264,-50.801,34.365,0.000,0.000,-0.088,-0.088,0.176,0.000,0.000,0.439,0.176,0.000,0.000,0.000,0.000,0.000,0.000,0.000,-51.143,34.557,0.000,0.000,0.000,0.000,0.000,0.000,0.000,0.000,0.000,0.013,4.0,11.20,30.0,0.000,0.000,0.000,0.006,0.000,0.000,0.006,0.013,0.000,0.000,0.000,0.000,0.000,0.006,0.000,0.000,0.006,0.000
63.2045,632,0,move,-1,63.2045,63.2164,0,0.000,0.000,0.176,-0.264,-0.088,0.088,-0.264,-50.801,34.365,0.000,0.000,-0.088,-0.088,0.176,0.000,0.000,0.439,0.176,0.000,0.000,0.000,0.000,0.000,0.000,0.000,-51.143,34.557,0.000,0.000,0.000,0.000,0.000,0.000,0.000,0.000,0.000,0.013,4.0,11.20,31.0,0.000,0.000,0.000,0.000,0.000,0.000,0.006,0.013,0.000,0.000,0.000,0.000,0.000,0.006,0.000,0.000,0.006,0.000
63.3045,633,0,move,-1,63.3045,63.3151,0,0.000,0.000,0.176,-0.264,-0.088,0.088,-0.264,-50.801,34.365,0.000,0.000,-0.088,-0.088,0.176,0.000,0.000,0.439,0.176,0.000,0.000,0.000,0.000,0.000,0.000,0.000,-51.143,34.557,0.000,0.000,0.000,0.000,0.000,0.000,0.000,0.000,0.000,0.013,4.0,11.20,31.0,0.000,0.000,0.000,0.000,0.000,0.000,0.006,0.013,0.000,0.000,0.000,0.000,0.000,0.006,0.000,0.000,0.006,0.000
63.4045,634,0,move,-1,63.4045,63.4163,0,0.000,0.000,0.176,-0.264,-0.088,0.088,-0.264,-50.801,34.365,0.000,0.000,-0.088,-0.088,0.176,0.000,0.000,0.439,0.176,0.000,0.000,0.000,0.000,0.000,0.000,0.000,-51.143,34.557,0.000,0.000,0.000,0.000,0.000,0.000,0.000,0.000,0.000,0.019,4.0,11.20,30.0,0.000,0.000,0.000,0.006,0.000,0.000,0.006,0.019,0.000,0.000,0.000,0.000,0.000,0.006,0.000,0.000,0.013,0.000
63.5045,635,0,move,-1,63.5045,63.5447,0,0.000,0.000,0.176,-0.264,-0.088,0.088,-0.264,-50.801,34.365,0.000,0.000,-0.088,-0.088,0.176,0.000,0.000,0.439,0.176,0.000,0.000,0.000,0.000,0.000,0.000,0.000,-51.143,34.557,0.000,0.000,0.000,0.000,0.000,0.000,0.000,0.000,0.000,0.013,4.0,11.20,30.0,0.000,0.000,0.000,0.006,0.000,0.000,0.006,0.013,0.000,0.000,0.000,0.000,0.000,0.006,0.000,0.000,0.006,0.000
63.6043,636,0,move,-1,63.6043,63.6105,0,0.000,0.000,0.176,-0.264,-0.088,0.088,-0.264,-50.801,34.365,0.000,0.000,-0.088,-0.088,0.176,0.000,0.000,0.439,0.176,0.000,0.000,0.000,0.000,0.000,0.000,0.000,-51.143,34.557,0.000,0.000,0.000,0.000,0.000,0.000,0.000,0.000,0.000,0.013,4.0,11.20,30.0,0.000,0.000,0.000,0.006,0.000,0.000,0.006,0.013,0.000,0.000,0.000,0.000,0.000,0.006,0.000,0.000,0.006,0.000
63.7045,637,0,move,-1,63.7045,63.7162,0,0.000,0.000,0.176,-0.264,-0.088,0.088,-0.264,-50.801,34.365,0.000,0.000,-0.088,-0.088,0.176,0.000,0.000,0.439,0.176,0.000,0.000,0.000,0.000,0.000,0.000,0.000,-51.143,34.557,0.000,0.000,0.000,0.000,0.000,0.000,0.000,0.000,0.000,0.013,4.0,11.20,30.0,0.000,0.000,0.000,0.000,0.000,0.000,0.006,0.013,0.006,0.000,0.000,0.000,0.000,0.006,0.000,0.000,0.013,0.006
63.8045,638,0,move,-1,63.8045,63.8158,0,0.000,0.000,0.176,-0.264,-0.088,0.088,-0.264,-50.801,34.365,0.000,0.000,-0.088,-0.088,0.176,0.000,0.000,0.439,0.176,0.000,0.000,0.000,0.000,0.000,0.000,0.000,-51.143,34.557,0.000,0.000,0.000,0.000,0.000,0.000,0.000,0.000,0.000,0.013,4.0,11.20,30.0,0.000,0.000,0.000,0.000,0.000,0.000,0.006,0.013,0.006,0.000,0.000,0.000,0.000,0.006,0.000,0.000,0.013,0.006
63.9045,639,0,move,-1,63.9045,63.9165,0,0.000,0.000,0.176,-0.264,-0.088,0.088,-0.264,-50.801,34.365,0.000,0.000,-0.088,-0.088,0.176,0.000,0.000,0.439,0.176,0.000,0.000,0.000,0.000,0.000,0.000,0.000,-51.143,34.557,0.000,0.000,0.000,0.000,0.000,0.000,0.000,0.000,0.000,0.013,4.0,11.20,30.0,0.000,0.000,0.000,0.006,0.000,0.000,0.006,0.013,0.000,0.000,0.000,0.000,0.000,0.006,0.000,0.000,0.006,0.006
64.0045,640,0,move,-1,64.0045,64.0191,0,0.000,0.000,0.176,-0.264,-0.088,0.088,-0.264,-50.801,34.365,0.000,0.000,-0.088,-0.088,0.176,0.000,0.000,0.439,0.176,0.000,0.000,0.000,0.000,0.000,0.000,0.000,-51.143,34.557,0.000,0.000,0.000,0.000,0.000,0.000,0.000,0.000,0.000,0.013,4.0,11.20,31.0,0.000,0.000,0.000,0.000,0.000,0.000,0.000,0.013,0.000,0.000,0.000,0.000,0.000,0.006,0.000,0.000,0.006,0.006
64.1045,641,0,move,-1,64.1045,64.1146,0,0.000,0.000,0.176,-0.264,-0.088,0.088,-0.264,-50.801,34.365,0.000,0.000,-0.088,-0.088,0.176,0.000,0.000,0.439,0.176,0.000,0.000,0.000,0.000,0.000,0.000,0.000,-51.143,34.557,0.000,0.000,0.000,0.000,0.000,0.000,0.000,0.000,0.000,0.013,4.0,11.20,31.0,0.000,0.000,0.000,0.000,0.000,0.000,0.000,0.013,0.000,0.000,0.000,0.000,0.000,0.006,0.000,0.000,0.006,0.006
64.2045,642,0,move,-1,64.2045,64.2143,0,0.000,0.000,0.176,-0.264,-0.088,0.088,-0.264,-50.801,34.365,0.000,0.000,-0.088,-0.088,0.176,0.000,0.000,0.439,0.176,0.000,0.000,0.000,0.000,0.000,0.000,0.000,-51.143,34.557,0.000,0.000,0.000,0.000,0.000,0.000,0.000,0.000,0.000,0.013,4.0,11.20,31.0,0.000,0.000,0.000,0.000,0.000,0.000,0.006,0.013,0.006,0.000,0.000,0.000,0.000,0.006,0.000,0.000,0.006,0.006
64.3043,643,0,move,-1,64.3043,64.3162,0,0.000,0.000,0.176,-0.264,-0.088,0.088,-0.264,-50.801,34.365,0.000,0.000,-0.088,-0.088,0.176,0.000,0.000,0.439,0.176,0.000,0.000,0.000,0.000,0.000,0.000,0.000,-51.143,34.557,0.000,0.000,0.000,0.000,0.000,0.000,0.000,0.000,0.000,0.013,4.0,11.20,30.0,0.000,0.000,0.000,0.000,0.000,0.000,0.006,0.013,0.000,0.000,0.000,0.000,0.000,0.006,0.000,0.000,0.006,0.006
64.4044,644,0,move,-1,64.4044,64.4173,0,0.000,0.000,0.176,-0.264,-0.088,0.088,-0.264,-50.801,34.365,0.000,0.000,-0.088,-0.088,0.176,0.000,0.000,0.439,0.176,0.000,0.000,0.000,0.000,0.000,0.000,0.000,-51.143,34.557,0.000,0.000,0.000,0.000,0.000,0.000,0.000,0.000,0.000,0.019,4.0,11.20,30.0,0.000,0.000,0.000,0.006,0.000,0.000,0.000,0.019,0.006,0.000,0.000,0.000,0.000,0.006,0.000,0.000,0.006,0.000
64.5043,645,0,move,-1,64.5043,64.5200,0,0.000,0.000,0.176,-0.264,-0.088,0.088,-0.264,-50.801,34.365,0.000,0.000,-0.088,-0.088,0.176,0.000,0.000,0.439,0.176,0.000,0.000,0.000,0.000,0.000,0.000,0.000,-51.143,34.557,0.000,0.000,0.000,0.000,0.000,0.000,0.000,0.000,0.000,0.000,0.0,11.30,32.0,0.000,0.000,0.000,0.000,0.000,0.000,0.000,0.000,0.000,0.000,0.000,0.000,0.000,0.000,0.000,0.000,0.000,0.000
64.6045,646,0,move,-1,64.6045,64.6147,0,0.000,0.000,0.176,-0.264,-0.088,0.088,-0.264,-50.801,34.365,0.000,0.000,-0.088,-0.088,0.176,0.000,0.000,0.439,0.176,0.000,0.000,0.000,0.000,0.000,0.000,0.000,-51.143,34.557,0.000,0.000,0.000,0.000,0.000,0.000,0.000,0.000,0.000,0.000,0.0,11.30,32.0,0.000,0.000,0.000,0.000,0.000,0.000,0.000,0.000,0.000,0.000,0.000,0.000,0.000,0.000,0.000,0.000,0.000,0.000
64.7045,647,0,move,-1,64.7045,64.7159,0,0.000,0.000,0.176,-0.264,-0.088,0.088,-0.264,-50.801,34.365,0.000,0.000,-0.088,-0.088,0.176,0.000,0.000,0.439,0.176,0.000,0.000,0.000,0.000,0.000,0.000,0.000,-51.143,34.557,0.000,0.000,0.000,0.000,0.000,0.000,0.000,0.000,0.000,0.019,4.0,11.20,30.0,0.000,0.000,0.000,0.006,0.000,0.000,0.006,0.019,0.000,0.000,0.000,0.000,0.000,0.006,0.000,0.000,0.006,0.000
64.8045,648,0,move,-1,64.8045,64.8152,0,0.000,0.000,0.176,-0.264,-0.088,0.088,-0.264,-50.801,34.365,0.000,0.000,-0.088,-0.088,0.176,0.000,0.000,0.439,0.176,0.000,0.000,0.000,0.000,0.000,0.000,0.000,-51.143,34.557,0.000,0.000,0.000,0.000,0.000,0.000,0.000,0.000,0.000,0.019,4.0,11.20,30.0,0.000,0.000,0.000,0.006,0.000,0.000,0.006,0.019,0.000,0.000,0.000,0.000,0.000,0.006,0.000,0.000,0.006,0.000
64.9045,649,0,move,-1,64.9045,64.9156,0,0.000,0.000,0.176,-0.264,-0.088,0.088,-0.264,-50.801,34.365,0.000,0.000,-0.088,-0.088,0.176,0.000,0.000,0.439,0.176,0.000,0.000,0.000,0.000,0.000,0.000,0.000,-51.143,34.557,0.000,0.000,0.000,0.000,0.000,0.000,0.000,0.000,0.000,0.013,4.0,11.20,31.0,0.000,0.000,0.006,0.006,0.000,0.000,0.006,0.013,0.000,0.000,0.000,0.000,0.000,0.006,0.000,0.000,0.006,0.000
65.0043,650,0,move,-1,65.0043,65.0148,0,0.000,0.000,0.176,-0.264,-0.088,0.088,-0.264,-50.801,34.365,0.000,0.000,-0.088,-0.088,0.176,0.000,0.000,0.439,0.176,0.000,0.000,0.000,0.000,0.000,0.000,0.000,-51.143,34.557,0.000,0.000,0.000,0.000,0.000,0.000,0.000,0.000,0.000,0.013,4.0,11.20,31.0,0.000,0.000,0.006,0.006,0.000,0.000,0.006,0.013,0.000,0.000,0.000,0.000,0.000,0.006,0.000,0.000,0.006,0.000
65.1043,651,0,move,-1,65.1043,65.1304,0,0.000,0.000,0.176,-0.264,-0.088,0.088,-0.264,-50.801,34.365,0.000,0.000,-0.088,-0.088,0.176,0.000,0.000,0.439,0.176,0.000,0.000,0.000,0.000,0.000,0.000,0.000,-51.143,34.557,0.000,0.000,0.000,0.000,0.000,0.000,0.000,0.000,0.000,0.013,4.0,11.20,31.0,0.000,0.000,0.000,0.006,0.000,0.000,0.006,0.013,0.006,0.000,0.000,0.000,0.000,0.006,0.000,0.000,0.006,0.000
65.2043,652,0,move,-1,65.2043,65.2173,0,0.000,0.000,0.176,-0.264,-0.088,0.088,-0.264,-50.801,34.365,0.000,0.000,-0.088,-0.088,0.176,0.000,0.000,0.439,0.176,0.000,0.000,0.000,0.000,0.000,0.000,0.000,-51.143,34.557,0.000,0.000,0.000,0.000,0.000,0.000,0.000,0.000,0.000,0.013,4.0,11.20,31.0,0.000,0.000,0.000,0.006,0.000,0.000,0.006,0.013,0.006,0.000,0.000,0.000,0.000,0.006,0.000,0.000,0.006,0.000
65.3045,653,0,move,-1,65.3045,65.3153,0,0.000,0.000,0.176,-0.264,-0.088,0.088,-0.264,-50.801,34.365,0.000,0.000,-0.088,-0.088,0.176,0.000,0.000,0.439,0.176,0.000,0.000,0.000,0.000,0.000,0.000,0.000,-51.143,34.557,0.000,0.000,0.000,0.000,0.000,0.000,0.000,0.000,0.000,0.019,4.0,11.20,30.0,0.000,0.000,0.000,0.006,0.000,0.000,0.006,0.019,0.000,0.000,0.000,0.000,0.000,0.006,0.000,0.000,0.006,0.006
65.4045,654,0,move,-1,65.4045,65.4182,0,0.000,0.000,0.176,-0.264,-0.088,0.088,-0.264,-50.801,34.365,0.000,0.000,-0.088,-0.088,0.176,0.000,0.000,0.439,0.176,0.000,0.000,0.000,0.000,0.000,0.000,0.000,-51.143,34.557,0.000,0.000,0.000,0.000,0.000,0.000,0.000,0.000,0.000,0.013,4.0,11.20,30.0,0.000,0.000,0.000,0.000,0.006,0.000,0.006,0.013,0.000,0.000,0.000,0.000,0.000,0.006,0.000,0.000,0.006,0.000
65.5045,655,0,move,-1,65.5045,65.5162,0,0.000,0.000,0.176,-0.264,-0.088,0.088,-0.264,-50.801,34.365,0.000,0.000,-0.088,-0.088,0.176,0.000,0.000,0.439,0.176,0.000,0.000,0.000,0.000,0.000,0.000,0.000,-51.143,34.557,0.000,0.000,0.000,0.000,0.000,0.000,0.000,0.000,0.000,0.013,4.0,11.20,30.0,0.000,0.000,0.000,0.000,0.006,0.000,0.006,0.013,0.000,0.000,0.000,0.000,0.000,0.006,0.000,0.000,0.006,0.000
65.6045,656,0,move,-1,65.6045,65.6147,0,0.000,0.000,0.176,-0.264,-0.088,0.088,-0.264,-50.801,34.365,0.000,0.000,-0.088,-0.088,0.176,0.000,0.000,0.439,0.176,0.000,0.000,0.000,0.000,0.000,0.000,0.000,-51.143,34.557,0.000,0.000,0.000,0.000,0.000,0.000,0.000,0.000,0.000,0.013,4.0,11.20,31.0,0.000,0.000,0.000,0.006,0.000,0.000,0.006,0.013,0.006,0.000,0.000,0.000,0.000,0.006,0.000,0.000,0.006,0.006
65.7043,657,0,move,-1,65.7043,65.7105,0,0.000,0.000,0.176,-0.264,-0.088,0.088,-0.264,-50.801,34.365,0.000,0.000,-0.088,-0.088,0.176,0.000,0.000,0.439,0.176,0.000,0.000,0.000,0.000,0.000,0.000,0.000,-51.143,34.557,0.000,0.000,0.000,0.000,0.000,0.000,0.000,0.000,0.000,0.013,4.0,11.20,31.0,0.000,0.000,0.000,0.006,0.000,0.000,0.006,0.013,0.006,0.000,0.000,0.000,0.000,0.006,0.000,0.000,0.006,0.006
65.8043,658,0,move,-1,65.8043,65.8135,0,0.000,0.000,0.176,-0.264,-0.088,0.088,-0.264,-50.801,34.365,0.000,0.000,-0.088,-0.088,0.176,0.000,0.000,0.439,0.176,0.000,0.000,0.000,0.000,0.000,0.000,0.000,-51.143,34.557,0.000,0.000,0.000,0.000,0.000,0.000,0.000,0.000,0.000,0.013,4.0,11.20,30.0,0.000,0.000,0.000,0.006,0.000,0.000,0.006,0.013,0.006,0.000,0.000,0.000,0.000,0.000,0.000,0.000,0.006,0.000
65.9043,659,0,move,-1,65.9043,65.9148,0,0.000,0.000,0.176,-0.264,-0.088,0.088,-0.264,-50.801,34.365,0.000,0.000,-0.088,-0.088,0.176,0.000,0.000,0.439,0.176,0.000,0.000,0.000,0.000,0.000,0.000,0.000,-51.143,34.557,0.000,0.000,0.000,0.000,0.000,0.000,0.000,0.000,0.000,0.013,4.0,11.20,30.0,0.000,0.000,0.000,0.006,0.000,0.000,0.006,0.013,0.000,0.000,0.000,0.000,0.000,0.006,0.000,0.000,0.006,0.006
66.0044,660,0,move,-1,66.0044,66.0143,0,0.000,0.000,0.176,-0.264,-0.088,0.088,-0.264,-50.801,34.365,0.000,0.000,-0.088,-0.088,0.176,0.000,0.000,0.439,0.176,0.000,0.000,0.000,0.000,0.000,0.000,0.000,-51.143,34.557,0.000,0.000,0.000,0.000,0.000,0.000,0.000,0.000,0.000,0.013,4.0,11.20,30.0,0.000,0.000,0.000,0.006,0.000,0.000,0.006,0.013,0.000,0.000,0.000,0.000,0.000,0.006,0.000,0.000,0.006,0.006
66.1061,661,0,move,-1,66.1061,66.1169,0,0.000,0.000,0.176,-0.264,-0.088,0.088,-0.264,-50.801,34.365,0.000,0.000,-0.088,-0.088,0.176,0.000,0.000,0.439,0.176,0.000,0.000,0.000,0.000,0.000,0.000,0.000,-51.143,34.557,0.000,0.000,0.000,0.000,0.000,0.000,0.000,0.000,0.000,0.019,4.0,11.20,30.0,0.000,0.000,0.000,0.006,0.000,0.000,0.006,0.019,0.000,0.000,0.000,0.000,0.000,0.006,0.000,0.000,0.013,0.000
66.2044,662,0,move,-1,66.2044,66.2154,0,0.000,0.000,0.176,-0.264,-0.088,0.088,-0.264,-50.801,34.365,0.000,0.000,-0.088,-0.088,0.176,0.000,0.000,0.439,0.176,0.000,0.000,0.000,0.000,0.000,0.000,0.000,-51.143,34.557,0.000,0.000,0.000,0.000,0.000,0.000,0.000,0.000,0.000,0.019,4.0,11.20,30.0,0.000,0.000,0.000,0.006,0.000,0.000,0.006,0.019,0.000,0.000,0.000,0.000,0.000,0.006,0.000,0.000,0.013,0.000
66.3045,663,0,move,-1,66.3045,66.3179,0,0.000,0.000,0.176,-0.264,-0.088,0.088,-0.264,-50.801,34.365,0.000,0.000,-0.088,-0.088,0.176,0.000,0.000,0.439,0.176,0.000,0.000,0.000,0.000,0.000,0.000,0.000,-51.143,34.557,0.000,0.000,0.000,0.000,0.000,0.000,0.000,0.000,0.000,0.013,4.0,11.20,30.0,0.000,0.000,0.000,0.006,0.000,0.000,0.006,0.013,0.000,0.000,0.000,0.000,0.000,0.006,0.000,0.000,0.013,0.000
66.4044,664,0,move,-1,66.4044,66.4151,0,0.000,0.000,0.176,-0.264,-0.088,0.088,-0.264,-50.801,34.365,0.000,0.000,-0.088,-0.088,0.176,0.000,0.000,0.439,0.176,0.000,0.000,0.000,0.000,0.000,0.000,0.000,-51.143,34.557,0.000,0.000,0.000,0.000,0.000,0.000,0.000,0.000,0.000,0.013,4.0,11.20,30.0,0.000,0.000,0.000,0.006,0.000,0.000,0.006,0.013,0.000,0.000,0.000,0.000,0.000,0.006,0.000,0.000,0.013,0.000
66.5043,665,0,move,-1,66.5043,66.5162,0,0.000,0.000,0.176,-0.264,-0.088,0.088,-0.264,-50.801,34.365,0.000,0.000,-0.088,-0.088,0.176,0.000,0.000,0.439,0.176,0.000,0.000,0.000,0.000,0.000,0.000,0.000,-51.143,34.557,0.000,0.000,0.000,0.000,0.000,0.000,0.000,0.000,0.000,0.013,4.0,11.20,30.0,0.000,0.000,0.000,0.006,0.000,0.000,0.006,0.013,0.000,0.000,0.000,0.000,0.000,0.006,0.000,0.000,0.006,0.000
66.6044,666,0,move,-1,66.6044,66.6154,0,0.000,0.000,0.176,-0.264,-0.088,0.088,-0.264,-50.801,34.365,0.000,0.000,-0.088,-0.088,0.176,0.000,0.000,0.439,0.176,0.000,0.000,0.000,0.000,0.000,0.000,0.000,-51.143,34.557,0.000,0.000,0.000,0.000,0.000,0.000,0.000,0.000,0.000,0.013,4.0,11.20,30.0,0.000,0.000,0.000,0.006,0.000,0.000,0.006,0.013,0.000,0.000,0.000,0.000,0.000,0.006,0.000,0.000,0.006,0.000
66.7043,667,0,move,-1,66.7043,66.7151,0,0.000,0.000,0.176,-0.264,-0.088,0.088,-0.264,-50.801,34.365,0.000,0.000,-0.088,-0.088,0.176,0.000,0.000,0.439,0.176,0.000,0.000,0.000,0.000,0.000,0.000,0.000,-51.143,34.557,0.000,0.000,0.000,0.000,0.000,0.000,0.000,0.000,0.000,0.013,4.0,11.20,31.0,0.000,0.000,0.006,0.006,0.000,0.000,0.006,0.013,0.000,0.000,0.000,0.000,0.000,0.006,0.000,0.000,0.006,0.006
66.8044,668,0,move,-1,66.8044,66.8165,0,0.000,0.000,0.176,-0.264,-0.088,0.088,-0.264,-50.801,34.365,0.000,0.000,-0.088,-0.088,0.176,0.000,0.000,0.439,0.176,0.000,0.000,0.000,0.000,0.000,0.000,0.000,-51.143,34.557,0.000,0.000,0.000,0.000,0.000,0.000,0.000,0.000,0.000,0.013,4.0,11.20,30.0,0.000,0.000,0.000,0.006,0.000,0.000,0.006,0.013,0.000,0.000,0.000,0.000,0.000,0.006,0.000,0.000,0.006,0.000
66.9044,669,0,move,-1,66.9044,66.9150,0,0.000,0.000,0.176,-0.264,-0.088,0.088,-0.264,-50.801,34.365,0.000,0.000,-0.088,-0.088,0.176,0.000,0.000,0.439,0.176,0.000,0.000,0.000,0.000,0.000,0.000,0.000,-51.143,34.557,0.000,0.000,0.000,0.000,0.000,0.000,0.000,0.000,0.000,0.013,4.0,11.20,30.0,0.000,0.000,0.000,0.006,0.000,0.000,0.006,0.013,0.000,0.000,0.000,0.000,0.000,0.006,0.000,0.000,0.006,0.000
67.0044,670,0,move,-1,67.0044,67.0098,0,0.000,0.000,0.176,-0.264,-0.088,0.088,-0.264,-50.801,34.365,0.000,0.000,-0.088,-0.088,0.176,0.000,0.000,0.439,0.176,0.000,0.000,0.000,0.000,0.000,0.000,0.000,-51.143,34.557,0.000,0.000,0.000,0.000,0.000,0.000,0.000,0.000,0.000,0.019,4.0,11.20,30.0,0.000,0.000,0.000,0.006,0.000,0.000,0.000,0.019,0.000,0.000,0.000,0.000,0.000,0.006,0.000,0.000,0.006,0.000
67.1044,671,0,move,-1,67.1044,67.1163,0,0.000,0.000,0.176,-0.264,-0.088,0.088,-0.264,-50.801,34.365,0.000,0.000,-0.088,-0.088,0.176,0.000,0.000,0.439,0.176,0.000,0.000,0.000,0.000,0.000,0.000,0.000,-51.143,34.557,0.000,0.000,0.000,0.000,0.000,0.000,0.000,0.000,0.000,0.013,4.0,11.20,31.0,0.000,0.000,0.000,0.000,0.000,0.000,0.006,0.013,0.006,0.000,0.000,0.000,0.000,0.006,0.000,0.000,0.006,0.006
67.2044,672,0,move,-1,67.2044,67.2150,0,0.000,0.000,0.176,-0.264,-0.088,0.088,-0.264,-50.801,34.365,0.000,0.000,-0.088,-0.088,0.176,0.000,0.000,0.439,0.176,0.000,0.000,0.000,0.000,0.000,0.000,0.000,-51.143,34.557,0.000,0.000,0.000,0.000,0.000,0.000,0.000,0.000,0.000,0.013,4.0,11.20,31.0,0.000,0.000,0.000,0.000,0.000,0.000,0.006,0.013,0.006,0.000,0.000,0.000,0.000,0.006,0.000,0.000,0.006,0.006
67.3043,673,0,move,-1,67.3043,67.3149,0,0.000,0.000,0.176,-0.264,-0.088,0.088,-0.264,-50.801,34.365,0.000,0.000,-0.088,-0.088,0.176,0.000,0.000,0.439,0.176,0.000,0.000,0.000,0.000,0.000,0.000,0.000,-51.143,34.557,0.000,0.000,0.000,0.000,0.000,0.000,0.000,0.000,0.000,0.013,4.0,11.20,31.0,0.000,0.000,0.000,0.006,0.000,0.000,0.006,0.013,0.000,0.000,0.000,0.000,0.000,0.006,0.000,0.000,0.013,0.000
67.4045,674,0,move,-1,67.4045,67.4143,0,0.000,0.000,0.176,-0.264,-0.088,0.088,-0.264,-50.801,34.365,0.000,0.000,-0.088,-0.088,0.176,0.000,0.000,0.439,0.176,0.000,0.000,0.000,0.000,0.000,0.000,0.000,-51.143,34.557,0.000,0.000,0.000,0.000,0.000,0.000,0.000,0.000,0.000,0.013,4.0,11.20,31.0,0.000,0.000,0.000,0.006,0.000,0.000,0.006,0.013,0.000,0.000,0.000,0.000,0.000,0.006,0.000,0.000,0.013,0.000
67.5045,675,0,move,-1,67.5045,67.5154,0,0.000,0.000,0.176,-0.264,-0.088,0.088,-0.264,-50.801,34.365,0.000,0.000,-0.088,-0.088,0.176,0.000,0.000,0.439,0.176,0.000,0.000,0.000,0.000,0.000,0.000,0.000,-51.143,34.557,0.000,0.000,0.000,0.000,0.000,0.000,0.000,0.000,0.000,0.013,4.0,11.20,30.0,0.000,0.000,0.000,0.006,0.000,0.000,0.006,0.013,0.000,0.000,0.000,0.000,0.000,0.006,0.000,0.000,0.006,0.000
67.6045,676,0,move,-1,67.6045,67.6171,0,0.000,0.000,0.176,-0.264,-0.088,0.088,-0.264,-50.801,34.365,0.000,0.000,-0.088,-0.088,0.176,0.000,0.000,0.439,0.176,0.000,0.000,0.000,0.000,0.000,0.000,0.000,-51.143,34.557,0.000,0.000,0.000,0.000,0.000,0.000,0.000,0.000,0.000,0.013,4.0,11.20,31.0,0.000,,0.000,0.006,0.000,0.000,0.006,0.013,0.000,0.000,0.000,0.000,0.000,0.006,0.000,0.000,0.013,0.000
67.7043,677,0,move,-1,67.7043,67.7100,0,0.000,0.000,0.176,-0.264,-0.088,0.088,-0.264,-50.801,34.365,0.000,0.000,-0.088,-0.088,0.176,0.000,0.000,0.439,0.176,0.000,0.000,0.000,0.000,0.000,0.000,0.000,-51.143,34.557,0.000,0.000,0.000,0.000,0.000,0.000,0.000,0.000,0.000,0.013,4.0,11.20,31.0,0.000,,0.000,0.006,0.000,0.000,0.006,0.013,0.000,0.000,0.000,0.000,0.000,0.006,0.000,0.000,0.013,0.000
67.8045,678,0,move,-1,67.8045,67.8147,0,0.000,0.000,0.176,-0.264,-0.088,0.088,-0.264,-50.801,34.365,0.000,0.000,-0.088,-0.088,0.176,0.000,0.000,0.439,0.176,0.000,0.000,0.000,0.000,0.000,0.000,0.000,-51.143,34.557,0.000,0.000,0.000,0.000,0.000,0.000,0.000,0.000,0.000,0.013,4.0,11.20,31.0,0.000,0.000,0.000,0.006,0.000,0.000,0.000,0.013,0.000,0.000,0.000,0.000,0.000,0.006,0.000,0.000,0.006,0.000
67.9043,679,0,move,-1,67.9043,67.9155,0,0.000,0.000,0.176,-0.264,-0.088,0.088,-0.264,-50.801,34.365,0.000,0.000,-0.088,-0.088,0.176,0.000,0.000,0.439,0.176,0.000,0.000,0.000,0.000,0.000,0.000,0.000,-51.143,34.557,0.000,0.000,0.000,0.000,0.000,0.000,0.000,0.000,0.000,0.013,4.0,11.20,31.0,0.000,0.000,0.006,0.006,0.000,0.000,0.000,0.013,0.000,0.000,0.000,0.000,0.000,0.006,0.000,0.000,0.006,0.006
68.0044,680,0,move,-1,68.0044,68.0167,0,0.000,0.000,0.176,-0.264,-0.088,0.088,-0.264,-50.801,34.365,0.000,0.000,-0.088,-0.088,0.176,0.000,0.000,0.439,0.176,0.000,0.000,0.000,0.000,0.000,0.000,0.000,-51.143,34.557,0.000,0.000,0.000,0.000,0.000,0.000,0.000,0.000,0.000,0.013,4.0,11.20,31.0,0.000,0.000,0.000,0.000,0.000,0.000,0.006,0.013,0.000,0.000,0.000,0.000,0.000,0.006,0.000,0.000,0.006,0.000
68.1043,681,0,move,-1,68.1043,68.1155,0,0.000,0.000,0.176,-0.264,-0.088,0.088,-0.264,-50.801,34.365,0.000,0.000,-0.088,-0.088,0.176,0.000,0.000,0.439,0.176,0.000,0.000,0.000,0.000,0.000,0.000,0.000,-51.143,34.557,0.000,0.000,0.000,0.000,0.000,0.000,0.000,0.000,0.000,0.013,4.0,11.20,31.0,0.000,0.000,0.000,0.000,0.000,0.000,0.006,0.013,0.000,0.000,0.000,0.000,0.000,0.006,0.000,0.000,0.006,0.000
68.2044,682,0,move,-1,68.2044,68.2166,0,0.000,0.000,0.176,-0.264,-0.088,0.088,-0.264,-50.801,34.365,0.000,0.000,-0.088,-0.088,0.176,0.000,0.000,0.439,0.176,0.000,0.000,0.000,0.000,0.000,0.000,0.000,-51.143,34.557,0.000,0.000,0.000,0.000,0.000,0.000,0.000,0.000,0.000,0.013,4.0,11.20,30.0,0.000,0.000,0.000,0.006,0.000,0.000,0.006,0.013,0.000,0.000,0.000,0.000,0.000,0.006,0.000,0.000,0.006,0.006
68.3054,683,0,move,-1,68.3054,68.3481,0,0.000,0.000,0.176,-0.264,-0.088,0.088,-0.264,-50.801,34.365,0.000,0.000,-0.088,-0.088,0.176,0.000,0.000,0.439,0.176,0.000,0.000,0.000,0.000,0.000,0.000,0.000,-51.143,34.557,0.000,0.000,0.000,0.000,0.000,0.000,0.000,0.000,0.000,0.013,4.0,11.20,31.0,0.000,0.000,0.000,0.006,0.000,0.000,0.006,0.013,0.006,0.000,0.000,0.000,0.000,0.000,0.000,0.000,0.006,0.000
68.4045,684,0,move,-1,68.4045,68.4151,0,0.000,0.000,0.176,-0.264,-0.088,0.088,-0.264,-50.801,34.365,0.000,0.000,-0.088,-0.088,0.176,0.000,0.000,0.439,0.176,0.000,0.000,0.000,0.000,0.000,0.000,0.000,-51.143,34.557,0.000,0.000,0.000,0.000,0.000,0.000,0.000,0.000,0.000,0.013,4.0,11.20,31.0,0.000,0.000,0.000,0.006,0.000,0.000,0.006,0.013,0.006,0.000,0.000,0.000,0.000,0.000,0.000,0.000,0.006,0.000
68.5046,685,0,move,-1,68.5046,68.5168,0,0.000,0.000,0.176,-0.264,-0.088,0.088,-0.264,-50.801,34.365,0.000,0.000,-0.088,-0.088,0.176,0.000,0.000,0.439,0.176,0.000,0.000,0.000,0.000,0.000,0.000,0.000,-51.143,34.557,0.000,0.000,0.000,0.000,0.000,0.000,0.000,0.000,0.000,0.013,4.0,11.20,31.0,0.000,0.000,0.000,0.000,0.000,0.000,0.000,0.013,0.000,0.000,0.000,0.000,0.000,0.000,0.000,0.000,0.006,0.000
68.6045,686,0,move,-1,68.6045,68.6147,0,0.000,0.000,0.176,-0.264,-0.088,0.088,-0.264,-50.801,34.365,0.000,0.000,-0.088,-0.088,0.176,0.000,0.000,0.439,0.176,0.000,0.000,0.000,0.000,0.000,0.000,0.000,-51.143,34.557,0.000,0.000,0.000,0.000,0.000,0.000,0.000,0.000,0.000,0.013,4.0,11.20,31.0,0.000,0.000,0.000,0.000,0.000,0.000,0.000,0.013,0.000,0.000,0.000,0.000,0.000,0.000,0.000,0.000,0.006,0.000
68.7045,687,0,move,-1,68.7045,68.7160,0,0.000,0.000,0.176,-0.264,-0.088,0.088,-0.264,-50.801,34.365,0.000,0.000,-0.088,-0.088,0.176,0.000,0.000,0.439,0.176,0.000,0.000,0.000,0.000,0.000,0.000,0.000,-51.143,34.557,0.000,0.000,0.000,0.000,0.000,0.000,0.000,0.000,0.000,0.013,4.0,11.20,31.0,0.000,0.000,0.000,0.000,0.000,0.000,0.006,0.013,0.000,0.000,0.000,0.000,0.000,0.006,0.000,0.000,0.006,0.000
68.8043,688,0,move,-1,68.8043,68.8159,0,0.000,0.000,0.176,-0.264,-0.088,0.088,-0.264,-50.801,34.365,0.000,0.000,-0.088,-0.088,0.176,0.000,0.000,0.439,0.176,0.000,0.000,0.000,0.000,0.000,0.000,0.000,-51.143,34.557,0.000,0.000,0.000,0.000,0.000,0.000,0.000,0.000,0.000,0.013,4.0,11.20,31.0,0.000,0.000,0.000,0.000,0.000,0.000,0.006,0.013,0.000,0.000,0.000,0.000,0.000,0.006,0.000,0.000,0.006,0.000
68.9044,689,0,move,-1,68.9044,68.9162,0,0.000,0.000,0.176,-0.264,-0.088,0.088,-0.264,-50.801,34.365,0.000,0.000,-0.088,-0.088,0.176,0.000,0.000,0.439,0.176,0.000,0.000,0.000,0.000,0.000,0.000,0.000,-51.143,34.557,0.000,0.000,0.000,0.000,0.000,0.000,0.000,0.000,0.000,0.013,4.0,11.20,31.0,0.000,0.000,0.000,0.006,0.000,0.000,0.006,0.013,0.000,0.000,0.000,0.000,0.000,0.006,0.000,0.000,0.006,0.000
69.0045,690,0,move,-1,69.0045,69.0151,0,0.000,0.000,0.176,-0.264,-0.088,0.088,-0.264,-50.801,34.365,0.000,0.000,-0.088,-0.088,0.176,0.000,0.000,0.439,0.176,0.000,0.000,0.000,0.000,0.000,0.000,0.000,-51.143,34.557,0.000,0.000,0.000,0.000,0.000,0.000,0.000,0.000,0.000,0.013,4.0,11.20,31.0,0.000,0.000,0.000,0.006,0.000,0.000,0.006,0.013,0.000,0.000,0.000,0.000,0.000,0.006,0.000,0.000,0.006,0.000
69.1045,691,0,move,-1,69.1045,69.1161,0,0.000,0.000,0.176,-0.264,-0.088,0.088,-0.264,-50.801,34.365,0.000,0.000,-0.088,-0.088,0.176,0.000,0.000,0.439,0.176,0.000,0.000,0.000,0.000,0.000,0.000,0.000,-51.143,34.557,0.000,0.000,0.000,0.000,0.000,0.000,0.000,0.000,0.000,0.013,4.0,11.20,30.0,0.000,0.000,0.000,0.000,0.000,0.000,0.006,0.013,0.006,0.000,0.000,0.000,0.000,0.006,0.000,0.000,0.000,0.000
69.2045,692,0,move,-1,69.2045,69.2192,0,0.000,0.000,0.176,-0.264,-0.088,0.088,-0.264,-50.801,34.365,0.000,0.000,-0.088,-0.088,0.176,0.000,0.000,0.439,0.176,0.000,0.000,0.000,0.000,0.000,0.000,0.000,-51.143,34.557,0.000,0.000,0.000,0.000,0.000,0.000,0.000,0.000,0.000,0.013,4.0,11.20,30.0,0.000,0.000,0.000,0.006,0.000,0.000,0.006,0.013,0.006,0.000,0.000,0.000,0.000,0.006,0.000,0.000,0.013,0.006
69.3044,693,0,move,-1,69.3044,69.3164,0,0.000,0.000,0.176,-0.264,-0.088,0.088,-0.264,-50.801,34.365,0.000,0.000,-0.088,-0.088,0.176,0.000,0.000,0.439,0.176,0.000,0.000,0.000,0.000,0.000,0.000,0.000,-51.143,34.557,0.000,0.000,0.000,0.000,0.000,0.000,0.000,0.000,0.000,0.013,4.0,11.20,30.0,0.000,0.000,0.000,0.006,0.000,0.000,0.006,0.013,0.006,0.000,0.000,0.000,0.000,0.006,0.000,0.000,0.013,0.006
69.4043,694,0,move,-1,69.4043,69.4144,0,0.000,0.000,0.176,-0.264,-0.088,0.088,-0.264,-50.801,34.365,0.000,0.000,-0.088,-0.088,0.176,0.000,0.000,0.439,0.176,0.000,0.000,0.000,0.000,0.000,0.000,0.000,-51.143,34.557,0.000,0.000,0.000,0.000,0.000,0.000,0.000,0.000,0.000,0.013,4.0,11.20,31.0,0.000,0.000,0.000,0.006,0.000,0.000,0.006,0.013,0.000,0.000,0.000,0.000,0.000,0.006,0.000,0.000,0.006,0.000
69.5044,695,0,move,-1,69.5044,69.5157,0,0.000,0.000,0.176,-0.264,-0.088,0.088,-0.264,-50.801,34.365,0.000,0.000,-0.088,-0.088,0.176,0.000,0.000,0.439,0.176,0.000,0.000,0.000,0.000,0.000,0.000,0.000,-51.143,34.557,0.000,0.000,0.000,0.000,0.000,0.000,0.000,0.000,0.000,0.013,4.0,11.20,31.0,0.000,0.000,0.000,0.006,0.000,0.000,0.000,0.013,0.000,0.000,0.000,0.000,0.000,0.006,0.000,0.000,0.006,0.000
69.6045,696,0,move,-1,69.6045,69.6149,0,0.000,0.000,0.176,-0.264,-0.088,0.088,-0.264,-50.801,34.365,0.000,0.000,-0.088,-0.088,0.176,0.000,0.000,0.439,0.176,0.000,0.000,0.000,0.000,0.000,0.000,0.000,-51.143,34.557,0.000,0.000,0.000,0.000,0.000,0.000,0.000,0.000,0.000,0.013,4.0,11.20,31.0,0.000,0.000,0.000,0.006,0.000,0.000,0.000,0.013,0.000,0.000,0.000,0.000,0.000,0.006,0.000,0.000,0.006,0.000
69.7044,697,0,move,-1,69.7044,69.7153,0,0.000,0.000,0.176,-0.264,-0.088,0.088,-0.264,-50.801,34.365,0.000,0.000,-0.088,-0.088,0.176,0.000,0.000,0.439,0.176,0.000,0.000,0.000,0.000,0.000,0.000,0.000,-51.143,34.557,0.000,0.000,0.000,0.000,0.000,0.000,0.000,0.000,0.000,0.013,4.0,11.20,31.0,0.000,0.000,0.000,0.006,0.000,0.000,0.006,0.013,0.000,0.000,0.000,0.000,0.000,0.000,0.000,0.000,0.006,0.000
69.8043,698,0,move,-1,69.8043,69.8147,0,0.000,0.000,0.176,-0.264,-0.088,0.088,-0.264,-50.801,34.365,0.000,0.000,-0.088,-0.088,0.176,0.000,0.000,0.439,0.176,0.000,0.000,0.000,0.000,0.000,0.000,0.000,-51.143,34.557,0.000,0.000,0.000,0.000,0.000,0.000,0.000,0.000,0.000,0.013,4.0,11.20,31.0,0.000,0.000,0.000,0.006,0.000,0.000,0.006,0.013,0.000,0.000,0.000,0.000,0.000,0.000,0.000,0.000,0.006,0.000
69.9045,699,0,move,-1,69.9045,69.9153,0,0.000,0.000,0.176,-0.264,-0.088,0.088,-0.264,-50.801,34.365,0.000,0.000,-0.088,-0.088,0.176,0.000,0.000,0.439,0.176,0.000,0.000,0.000,0.000,0.000,0.000,0.000,-51.143,34.557,0.000,0.000,0.000,0.000,0.000,0.000,0.000,0.000,0.000,0.013,4.0,11.20,31.0,0.000,0.000,0.000,0.006,0.000,0.000,0.000,0.013,0.000,0.000,0.000,0.000,0.000,0.006,0.000,0.000,0.006,0.000
70.0045,700,0,move,-1,70.0045,70.0146,0,0.000,0.000,0.176,-0.264,-0.088,0.088,-0.264,-50.801,34.365,0.000,0.000,-0.088,-0.088,0.176,0.000,0.000,0.439,0.176,0.000,0.000,0.000,0.000,0.000,0.000,0.000,-51.087,34.527,0.000,0.000,0.000,0.000,0.000,0.000,0.000,0.000,0.000,0.013,4.0,11.20,31.0,0.000,0.000,0.000,0.006,0.000,0.000,0.000,0.013,0.000,0.000,0.000,0.000,0.000,0.006,0.000,0.000,0.006,0.000
70.1043,701,0,move,-1,70.1043,70.1159,0,0.000,0.000,0.176,-0.264,-0.088,0.088,-0.264,-50.801,34.365,0.000,0.000,-0.088,-0.088,0.176,0.000,0.000,0.439,0.176,0.000,0.000,0.000,0.000,0.000,0.000,0.000,-50.920,34.437,0.000,0.000,0.000,0.000,0.000,0.000,0.000,0.000,0.000,0.013,3.2,11.20,31.0,0.000,0.000,0.000,0.000,0.000,0.000,0.000,0.013,0.000,0.000,0.000,0.000,0.000,0.006,0.000,0.000,0.006,0.000
70.2044,702,0,move,-1,70.2044,70.2142,0,0.000,0.000,0.176,-0.264,-0.088,0.088,-0.264,-50.625,34.365,0.000,0.000,-0.088,-0.088,0.176,0.000,0.000,0.439,0.176,0.000,0.000,0.000,0.000,0.000,0.000,0.000,-50.644,34.286,0.000,0.000,0.000,0.000,0.000,0.000,0.000,0.000,0.000,0.013,3.2,11.20,31.0,0.000,0.000,0.000,0.000,0.000,0.000,0.000,0.013,0.000,0.000,0.000,0.000,0.000,0.006,0.000,0.000,0.006,0.000
70.3044,703,0,move,-1,70.3044,70.3152,0,0.000,0.000,0.176,-0.264,-0.088,0.088,-0.264,-50.537,34.365,0.000,0.000,-0.088,-0.088,0.176,0.000,0.000,0.439,0.176,0.000,0.000,0.000,0.000,0.000,0.000,0.000,-50.260,34.076,0.000,0.000,0.000,0.000,0.000,0.000,0.000,0.000,0.000,0.006,2.4,11.30,33.0,0.000,0.000,0.006,0.000,0.000,0.000,0.006,0.000,0.000,0.000,0.000,0.000,0.000,0.006,0.000,0.000,0.006,0.000
70.4044,704,0,move,-1,70.4044,70.4185,0,0.000,0.000,0.176,-0.264,-0.088,0.088,-0.264,-50.361,34.189,0.000,0.000,-0.088,-0.088,0.176,0.000,0.000,0.439,0.176,0.000,0.000,0.000,0.000,0.000,0.000,0.000,-49.769,33.806,0.000,0.000,0.000,0.000,0.000,0.000,0.000,0.000,0.000,0.006,2.8,11.20,31.0,0.000,0.000,0.000,0.000,0.000,0.000,0.000,0.006,0.006,0.000,0.000,0.000,0.000,0.000,0.000,0.000,0.006,0.006
70.5044,705,0,move,-1,70.5044,70.5164,0,0.000,0.000,0.176,-0.264,-0.088,0.088,-0.264,-49.922,34.189,0.000,0.000,-0.088,-0.088,0.176,0.000,0.000,0.439,0.176,0.000,0.000,0.000,0.000,0.000,0.000,0.000,-49.176,33.476,0.000,0.000,0.000,0.000,0.000,0.000,0.000,0.000,0.000,0.006,2.8,11.20,31.0,0.000,0.000,0.000,0.000,0.000,0.000,0.000,0.006,0.006,0.000,0.000,0.000,0.000,0.000,0.000,0.000,0.006,0.006
70.6043,706,0,move,-1,70.6043,70.6146,0,0.000,0.000,0.176,-0.264,-0.088,0.088,-0.264,-49.395,33.838,0.000,0.000,-0.088,-0.088,0.176,0.000,0.000,0.439,0.176,0.000,0.000,0.000,0.000,0.000,0.000,0.000,-48.483,33.087,0.000,0.000,0.000,0.000,0.000,0.000,0.000,0.000,0.000,0.006,4.8,11.30,32.0,0.000,0.000,0.000,0.000,0.000,0.000,0.000,0.000,0.000,0.000,0.000,0.000,0.000,0.000,0.000,0.000,0.006,0.006
70.7045,707,0,move,-1,70.7045,70.7147,0,0.000,0.000,0.176,-0.264,-0.088,0.088,-0.264,-48.779,33.398,0.000,0.000,-0.088,-0.088,0.176,0.000,0.000,0.439,0.176,0.000,0.000,0.000,0.000,0.000,0.000,0.000,-47.696,32.641,0.000,0.000,0.000,0.000,0.000,0.000,0.000,0.000,0.000,0.013,4.8,11.30,32.0,0.000,0.000,0.000,0.006,0.000,0.000,0.006,0.000,0.000,0.000,0.000,0.000,0.000,0.006,0.000,0.000,0.013,0.006
70.8045,708,0,move,-1,70.8045,70.8164,0,0.000,0.000,0.176,-0.264,-0.088,0.088,-0.264,-48.164,32.871,0.000,0.000,-0.088,-0.088,0.176,0.000,0.000,0.439,0.176,0.000,0.000,0.000,0.000,0.000,0.000,0.000,-46.816,32.136,0.000,0.000,0.000,0.000,0.000,0.000,0.000,0.000,0.000,0.013,3.2,11.20,31.0,0.000,0.000,0.000,0.006,0.000,0.000,0.006,0.013,0.006,0.000,0.000,0.000,0.000,0.006,0.000,0.000,0.006,0.006
70.9043,709,0,move,-1,70.9043,70.9155,0,0.000,0.000,0.176,-0.264,-0.088,0.088,-0.264,-47.461,32.432,0.000,0.000,-0.088,-0.088,0.176,0.000,0.000,0.439,0.176,0.000,0.000,0.000,0.000,0.000,0.000,0.000,-45.851,31.576,0.000,0.000,0.000,0.000,0.000,0.000,0.000,0.000,0.000,0.013,3.2,11.20,31.0,0.000,0.000,0.000,0.006,0.000,0.000,0.006,0.013,0.006,0.000,0.000,0.000,0.000,0.006,0.000,0.000,0.006,0.006
71.0045,710,0,move,-1,71.0045,71.0164,0,0.000,0.000,0.176,-0.264,-0.088,0.088,-0.264,-46.582,31.904,0.000,0.000,-0.088,-0.088,0.176,0.000,0.000,0.439,0.176,0.000,0.000,0.000,0.000,0.000,0.000,0.000,-44.803,30.959,0.000,0.000,0.000,0.000,0.000,0.000,0.000,0.000,0.000,0.006,3.2,11.30,32.0,0.000,0.000,0.000,0.006,0.000,0.000,0.000,0.006,0.000,0.000,0.000,0.000,0.000,0.006,0.000,0.000,0.006,0.000
71.1044,711,0,move,-1,71.1044,71.1159,0,0.000,0.000,0.176,-0.264,-0.088,0.088,-0.264,-45.615,31.377,0.000,0.000,-0.088,-0.088,0.176,0.000,0.000,0.439,0.176,0.000,0.000,0.000,0.000,0.000,0.000,0.000,-43.680,30.289,0.000,0.000,0.000,0.000,0.000,0.000,0.000,0.000,0.000,0.006,3.2,11.30,32.0,0.000,0.000,0.000,0.006,0.000,0.000,0.000,0.006,0.000,0.000,0.000,0.000,0.000,0.006,0.000,0.000,0.006,0.000
71.2044,712,0,move,-1,71.2044,71.2150,0,0.000,0.000,0.176,-0.264,-0.088,0.088,-0.264,-44.561,30.674,0.000,0.000,-0.088,-0.088,0.176,0.000,0.000,0.439,0.176,0.000,0.000,0.000,0.000,0.000,0.000,0.000,-42.487,29.567,0.000,0.000,0.000,0.000,0.000,0.000,0.000,0.000,0.000,0.013,4.8,11.30,32.0,0.000,0.000,0.000,0.006,0.000,0.000,0.006,0.006,0.006,0.000,0.000,0.000,0.000,0.006,0.000,0.000,0.013,0.000
71.3045,713,0,move,-1,71.3045,71.3145,0,0.000,0.000,0.176,-0.264,-0.088,0.088,-0.264,-43.418,30.059,0.000,0.000,-0.088,-0.088,0.176,0.000,0.000,0.439,0.176,0.000,0.000,0.000,0.000,0.000,0.000,0.000,-41.228,28.795,0.000,0.000,0.000,0.000,0.000,0.000,0.000,0.000,0.000,0.013,4.8,11.30,32.0,0.000,0.000,0.000,0.006,0.000,0.000,0.006,0.006,0.006,0.000,0.000,0.000,0.000,0.006,0.000,0.000,0.013,0.000
71.4045,714,0,move,-1,71.4045,71.4157,0,0.000,0.000,0.176,-0.264,-0.088,0.088,-0.264,-42.188,29.268,0.000,0.000,-0.088,-0.088,0.176,0.000,0.000,0.439,0.176,0.000,0.000,0.000,0.000,0.000,0.000,0.000,-39.910,27.976,0.000,0.000,0.000,0.000,0.000,0.000,0.000,0.000,0.000,0.013,4.8,11.30,32.0,0.000,0.000,0.000,0.006,0.000,0.000,0.006,0.006,0.006,0.000,0.000,0.000,0.000,0.006,0.000,0.000,0.013,0.000
71.5045,715,0,move,-1,71.5045,71.5152,0,0.000,0.000,0.176,-0.264,-0.088,0.088,-0.264,-40.957,28.564,0.000,0.000,-0.088,-0.088,0.176,0.000,0.000,0.439,0.176,0.000,0.000,0.000,0.000,0.000,0.000,0.000,-38.538,27.112,0.000,0.000,0.000,0.000,0.000,0.000,0.000,0.000,0.000,0.013,4.8,11.30,32.0,0.000,0.000,0.000,0.006,0.000,0.000,0.006,0.006,0.006,0.000,0.000,0.000,0.000,0.006,0.000,0.000,0.013,0.000
71.6044,716,0,move,-1,71.6044,71.6149,0,0.000,0.000,0.176,-0.264,-0.088,0.088,-0.264,-39.463,27.773,0.000,0.000,-0.088,-0.088,0.176,0.000,0.000,0.439,0.176,0.000,0.000,0.000,0.000,0.000,0.000,0.000,-37.119,26.207,0.000,0.000,0.000,0.000,0.000,0.000,0.000,0.000,0.000,0.006,2.4,11.30,33.0,0.000,0.000,0.006,0.000,0.000,0.000,0.006,0.000,0.006,0.000,0.000,0.000,0.000,0.006,0.000,0.000,0.006,0.000
71.7045,717,0,move,-1,71.7045,71.7164,0,0.000,0.000,0.176,-0.264,-0.088,0.088,-0.264,-38.057,26.807,0.000,0.000,-0.088,-0.088,0.176,0.000,0.000,0.439,0.176,0.000,0.000,0.000,0.000,0.000,0.000,0.000,-35.658,25.263,0.000,0.000,0.000,0.000,0.000,0.000,0.000,0.000,0.000,0.006,3.2,11.30,33.0,0.000,0.000,0.000,0.000,0.000,0.000,0.006,0.006,0.006,0.000,0.000,0.000,0.000,0.006,0.000,0.000,0.006,0.000
71.8044,718,0,move,-1,71.8044,71.8144,0,0.000,0.000,0.176,-0.264,-0.088,0.088,-0.264,-36.738,26.016,0.000,0.000,-0.088,-0.088,0.176,0.000,0.000,0.439,0.176,0.000,0.000,0.000,0.000,0.000,0.000,0.000,-34.162,24.285,0.000,0.000,0.000,0.000,0.000,0.000,0.000,0.000,0.000,0.006,3.2,11.30,33.0,0.000,0.000,0.000,0.000,0.000,0.000,0.006,0.006,0.006,0.000,0.000,0.000,0.000,0.006,0.000,0.000,0.006,0.000
71.9044,719,0,move,-1,71.9044,71.9158,0,0.000,0.000,0.176,-0.264,-0.088,0.088,-0.264,-35.244,25.049,0.000,0.000,-0.088,-0.088,0.176,0.000,0.000,0.439,0.176,0.000,0.000,0.000,0.000,0.000,0.000,0.000,-32.637,23.276,0.000,0.000,0.000,0.000,0.000,0.000,0.000,0.000,0.000,0.013,7.2,11.20,31.0,0.000,0.000,0.000,0.006,0.000,0.000,0.006,0.013,0.006,0.000,0.000,0.000,0.000,0.006,0.000,0.000,0.006,0.006
72.0061,720,0,move,-1,72.0061,72.0164,0,0.000,0.000,0.176,-0.264,-0.088,0.088,-0.264,-33.750,24.082,0.000,0.000,-0.088,-0.088,0.176,0.000,0.000,0.439,0.176,0.000,0.000,0.000,0.000,0.000,0.000,0.000,-31.087,22.240,0.000,0.000,0.000,0.000,0.000,0.000,0.000,0.000,0.000,0.013,4.8,11.30,32.0,0.000,0.000,0.006,0.000,0.000,0.000,0.000,0.000,0.006,0.000,0.000,0.000,0.000,0.006,0.000,0.000,0.013,0.000
72.1043,721,0,move,-1,72.1043,72.1095,0,0.000,0.000,0.176,-0.264,-0.088,0.088,-0.264,-32.520,23.291,0.000,0.000,-0.088,-0.088,0.176,0.000,0.000,0.439,0.176,0.000,0.000,0.000,0.000,0.000,0.000,0.000,-29.519,21.181,0.000,0.000,0.000,0.000,0.000,0.000,0.000,0.000,0.000,0.013,4.8,11.30,32.0,0.000,0.000,0.006,0.000,0.000,0.000,0.000,0.000,0.006,0.000,0.000,0.000,0.000,0.006,0.000,0.000,0.013,0.000
72.2045,722,0,move,-1,72.2045,72.2184,0,0.000,0.000,0.176,-0.264,-0.088,0.088,-0.264,-30.674,22.061,0.000,0.000,-0.088,-0.088,0.176,0.000,0.000,0.439,0.176,0.000,0.000,0.000,0.000,0.000,0.000,0.000,-27.940,20.103,0.000,0.000,0.000,0.000,0.000,0.000,0.000,0.000,0.000,0.006,3.2,11.30,32.0,0.000,0.000,0.000,0.006,0.000,0.000,0.006,0.006,0.000,0.000,0.000,0.000,0.000,0.000,0.000,0.000,0.006,0.006
72.3047,723,0,move,-1,72.3047,72.3191,0,0.000,0.000,0.176,-0.264,-0.088,0.088,-0.264,-30.059,21.797,0.000,0.000,-0.088,-0.088,0.176,0.000,0.000,0.439,0.176,0.000,0.000,0.000,0.000,0.000,0.000,0.000,-26.354,19.012,0.000,0.000,0.000,0.000,0.000,0.000,0.000,0.000,0.000,0.013,6.8,11.30,32.0,0.000,0.000,0.000,0.006,0.000,0.000,0.006,0.000,0.013,0.000,0.000,0.000,0.000,0.006,0.000,0.000,0.006,0.000
72.4044,724,0,move,-1,72.4044,72.4164,0,0.000,0.000,0.176,-0.264,-0.088,0.088,-0.264,-28.564,20.391,0.000,0.000,-0.088,-0.088,0.176,0.000,0.000,0.439,0.176,0.000,0.000,0.000,0.000,0.000,0.000,0.000,-24.769,17.912,0.000,0.000,0.000,0.000,0.000,0.000,0.000,0.000,0.000,0.013,6.8,11.30,32.0,0.000,0.000,0.000,0.006,0.000,0.000,0.006,0.000,0.013,0.000,0.000,0.000,0.000,0.006,0.000,0.000,0.006,0.000
72.5043,725,0,move,-1,72.5043,72.5149,0,0.000,0.000,0.176,-0.264,-0.088,0.088,-0.264,-26.982,19.072,0.000,0.000,-0.088,-0.088,0.176,0.000,0.000,0.439,0.176,0.000,0.000,0.000,0.000,0.000,0.000,0.000,-23.189,16.807,0.000,0.000,0.000,0.000,0.000,0.000,0.000,0.000,0.000,0.006,3.2,11.30,32.0,0.000,0.000,0.000,0.006,0.000,0.006,0.006,0.000,0.000,0.000,0.000,0.000,0.000,0.006,0.000,0.000,0.006,0.000
72.6067,726,0,move,-1,72.6067,72.6128,0,0.000,0.000,0.176,-0.264,-0.088,0.088,-0.264,-25.488,17.930,0.000,0.000,-0.088,-0.088,0.176,0.000,0.000,0.439,0.176,0.000,0.000,0.000,0.000,0.000,0.000,0.000,-21.620,15.703,0.000,0.000,0.000,0.000,0.000,0.000,0.000,0.000,0.000,0.006,3.2,11.30,32.0,0.000,0.000,0.000,0.006,0.000,0.006,0.006,0.000,0.000,0.000,0.000,0.000,0.000,0.006,0.000,0.000,0.006,0.000
72.7043,727,0,move,-1,72.7043,72.7145,0,0.000,0.000,0.176,-0.264,-0.088,0.088,-0.264,-23.730,16.699,0.000,0.000,-0.088,-0.088,0.176,0.000,0.000,0.439,0.176,0.000,0.000,0.000,0.000,0.000,0.000,0.000,-20.068,14.603,0.000,0.000,0.000,0.000,0.000,0.000,0.000,0.000,0.000,0.006,3.2,11.30,33.0,0.000,0.000,0.000,0.000,0.000,0.000,0.006,0.006,0.006,0.000,0.000,0.000,0.000,0.006,0.000,0.000,0.006,0.000
72.8046,728,0,move,-1,72.8046,72.8161,0,0.000,0.000,0.176,-0.264,-0.088,0.088,-0.264,-22.148,15.557,0.000,0.000,-0.088,-0.088,0.176,0.000,0.000,0.439,0.176,0.000,0.000,0.000,0.000,0.000,0.000,0.000,-18.539,13.514,0.000,0.000,0.000,0.000,0.000,0.000,0.000,0.000,0.000,0.006,3.2,11.30,32.0,0.000,0.000,0.000,0.006,0.000,0.000,0.006,0.000,0.006,0.000,0.000,0.000,0.000,0.006,0.000,0.000,0.006,0.006
72.9044,729,0,move,-1,72.9044,72.9162,0,0.000,0.000,0.176,-0.264,-0.088,0.088,-0.264,-20.566,14.414,0.000,0.000,-0.088,-0.088,0.176,0.000,0.000,0.439,0.176,0.000,0.000,0.000,0.000,0.000,0.000,0.000,-17.038,12.438,0.000,0.000,0.000,0.000,0.000,0.000,0.000,0.000,0.000,0.006,5.2,11.30,33.0,0.000,0.000,0.000,0.000,0.000,0.000,0.000,0.000,0.006,0.000,0.000,0.000,0.000,0.000,0.000,0.000,0.006,0.000
73.0043,730,0,move,-1,73.0043,73.0147,0,0.000,0.000,0.176,-0.264,-0.088,0.088,-0.264,-18.984,13.447,0.000,0.000,-0.088,-0.088,0.176,0.000,0.000,0.439,0.176,0.000,0.000,0.000,0.000,0.000,0.000,0.000,-15.570,11.382,0.000,0.000,0.000,0.000,0.000,0.000,0.000,0.000,0.000,0.006,5.2,11.30,33.0,0.000,0.000,0.000,0.000,0.000,0.000,0.000,0.000,0.006,0.000,0.000,0.000,0.000,0.000,0.000,0.000,0.006,0.000
73.1043,731,0,move,-1,73.1043,73.1100,0,0.000,0.000,0.176,-0.264,-0.088,0.088,-0.264,-17.666,12.480,0.000,0.000,-0.088,-0.088,0.176,0.000,0.000,0.439,0.176,0.000,0.000,0.000,0.000,0.000,0.000,0.000,-14.141,10.350,0.000,0.000,0.000,0.000,0.000,0.000,0.000,0.000,0.000,0.006,2.4,11.30,33.0,0.000,0.000,0.006,0.006,0.000,0.000,0.000,0.000,0.006,0.000,0.000,0.000,0.000,0.006,0.000,0.000,0.006,0.000
73.2045,732,0,move,-1,73.2045,73.2166,0,0.000,0.000,0.176,-0.264,-0.088,0.088,-0.264,-15.732,11.250,0.000,0.000,-0.088,-0.088,0.176,0.000,0.000,0.439,0.176,0.000,0.000,0.000,0.000,0.000,0.000,0.000,-12.756,9.347,0.000,0.000,0.000,0.000,0.000,0.000,0.000,0.000,0.000,0.006,3.2,11.30,33.0,0.000,0.000,0.000,0.000,0.000,0.000,0.006,0.000,0.006,0.000,0.000,0.000,0.000,0.000,0.000,0.000,0.006,0.006
73.3045,733,0,move,-1,73.3045,73.3152,0,0.000,0.000,0.176,-0.264,-0.088,0.088,-0.264,-14.150,10.195,0.000,0.000,-0.088,-0.088,0.176,0.000,0.000,0.439,0.176,0.000,0.000,0.000,0.000,0.000,0.000,0.000,-11.421,8.375,0.000,0.000,0.000,0.000,0.000,0.000,0.000,0.000,0.000,0.006,3.2,11.30,33.0,0.000,0.000,0.000,0.000,0.000,0.000,0.006,0.000,0.006,0.000,0.000,0.000,0.000,0.000,0.000,0.000,0.006,0.006
73.4045,734,0,move,-1,73.4045,73.4161,0,0.000,0.000,0.176,-0.264,-0.088,0.088,-0.264,-12.656,9.141,0.000,0.000,-0.088,-0.088,0.176,0.000,0.000,0.439,0.176,0.000,0.000,0.000,0.000,0.000,0.000,0.000,-10.139,7.441,0.000,0.000,0.000,0.000,0.000,0.000,0.000,0.000,0.000,0.006,3.2,11.30,32.0,0.000,0.000,0.000,0.006,0.000,0.000,0.006,0.006,0.006,0.000,0.000,0.000,0.000,0.000,0.000,0.000,0.006,0.000
73.5045,735,0,move,-1,73.5045,73.5173,0,0.000,0.000,0.176,-0.264,-0.088,0.088,-0.264,-11.074,8.174,0.000,0.000,-0.088,-0.088,0.176,0.000,0.000,0.439,0.176,0.000,0.000,0.000,0.000,0.000,0.000,0.000,-8.915,6.547,0.000,0.000,0.000,0.000,0.000,0.000,0.000,0.000,0.000,0.006,3.2,11.30,32.0,0.000,0.000,0.000,0.006,0.000,0.000,0.006,0.006,0.006,0.000,0.000,0.000,0.000,0.006,0.000,0.000,0.006,0.000
73.6045,736,0,move,-1,73.6045,73.6148,0,0.000,0.000,0.176,-0.264,-0.088,0.088,-0.264,-9.756,7.295,0.000,0.000,-0.088,-0.088,0.176,0.000,0.000,0.439,0.176,0.000,0.000,0.000,0.000,0.000,0.000,0.000,-7.754,5.698,0.000,0.000,0.000,0.000,0.000,0.000,0.000,0.000,0.000,0.006,3.2,11.30,32.0,0.000,0.000,0.000,0.006,0.000,0.000,0.006,0.006,0.006,0.000,0.000,0.000,0.000,0.006,0.000,0.000,0.006,0.000
73.7045,737,0,move,-1,73.7045,73.7153,0,0.000,0.000,0.176,-0.264,-0.088,0.088,-0.264,-8.438,6.328,0.000,0.000,-0.088,-0.088,0.176,0.000,0.000,0.439,0.176,0.000,0.000,0.000,0.000,0.000,0.000,0.000,-6.661,4.896,0.000,0.000,0.000,0.000,0.000,0.000,0.000,0.000,0.000,0.006,3.2,11.30,32.0,0.000,0.000,0.000,0.006,0.000,0.000,0.000,0.000,0.006,0.000,0.000,0.000,0.000,0.000,0.000,0.000,0.006,0.006
73.8045,738,0,move,-1,73.8045,73.8140,0,0.000,0.000,0.176,-0.264,-0.088,0.088,-0.264,-7.383,5.537,0.000,0.000,-0.088,-0.088,0.176,0.000,0.000,0.439,0.176,0.000,0.000,0.000,0.000,0.000,0.000,0.000,-5.639,4.147,0.000,0.000,0.000,0.000,0.000,0.000,0.000,0.000,0.000,0.006,3.2,11.30,32.0,0.000,0.000,0.000,0.006,0.000,0.000,0.000,0.000,0.006,0.000,0.000,0.000,0.000,0.000,0.000,0.000,0.006,0.006
73.9045,739,0,move,-1,73.9045,73.9182,0,0.000,0.000,0.176,-0.264,-0.088,0.088,-0.264,-6.152,4.746,0.000,0.000,-0.088,-0.088,0.176,0.000,0.000,0.439,0.176,0.000,0.000,0.000,0.000,0.000,0.000,0.000,-4.693,3.452,0.000,0.000,0.000,0.000,0.000,0.000,0.000,0.000,0.000,0.006,3.2,11.30,32.0,0.000,0.000,0.000,0.006,0.000,0.000,0.000,0.000,0.006,0.000,0.000,0.000,0.000,0.006,0.000,0.000,0.006,0.000
74.0045,740,0,move,-1,74.0045,74.0153,0,0.000,0.000,0.176,-0.264,-0.088,0.088,-0.264,-5.098,3.955,0.000,0.000,-0.088,-0.088,0.176,0.000,0.000,0.439,0.176,0.000,0.000,0.000,0.000,0.000,0.000,0.000,-3.825,2.814,0.000,0.000,0.000,0.000,0.000,0.000,0.000,0.000,0.000,0.006,3.2,11.30,32.0,0.000,0.000,0.000,0.006,0.000,0.000,0.000,0.000,0.006,0.000,0.000,0.000,0.000,0.006,0.000,0.000,0.006,0.000
74.1043,741,0,move,-1,74.1043,74.1106,0,0.000,0.000,0.176,-0.264,-0.088,0.088,-0.264,-4.395,3.428,0.000,0.000,-0.088,-0.088,0.176,0.000,0.000,0.439,0.176,0.000,0.000,0.000,0.000,0.000,0.000,0.000,-3.039,2.236,0.000,0.000,0.000,0.000,0.000,0.000,0.000,0.000,0.000,0.006,0.0,11.30,32.0,0.006,0.000,0.000,0.006,0.000,0.000,0.006,0.006,0.006,0.000,0.000,0.000,0.000,0.006,0.000,0.000,0.006,0.006
74.2054,742,0,move,-1,74.2054,74.2160,0,0.000,0.000,0.176,-0.264,-0.088,0.088,-0.264,-3.428,2.549,0.000,0.000,-0.088,-0.088,0.176,0.000,0.000,0.439,0.176,0.000,0.000,0.000,0.000,0.000,0.000,0.000,-2.338,1.720,0.000,0.000,0.000,0.000,0.000,0.000,0.000,0.000,0.000,0.006,3.2,11.30,33.0,0.000,0.000,0.000,0.000,0.000,0.000,0.006,0.006,0.000,0.000,0.000,0.000,0.000,0.006,0.000,0.000,0.006,0.000
74.3045,743,0,move,-1,74.3045,74.3138,0,0.000,0.000,0.176,-0.264,-0.088,0.088,-0.264,-2.725,2.021,0.000,0.000,-0.088,-0.088,0.176,0.000,0.000,0.439,0.176,0.000,0.000,0.000,0.000,0.000,0.000,0.000,-1.725,1.270,0.000,0.000,0.000,0.000,0.000,0.000,0.000,0.000,0.000,0.006,3.2,11.30,33.0,0.000,0.000,0.000,0.000,0.000,0.000,0.006,0.006,0.000,0.000,0.000,0.000,0.000,0.006,0.000,0.000,0.006,0.000
74.4045,744,0,move,-1,74.4045,74.4151,0,0.000,0.000,0.176,-0.264,-0.088,0.088,-0.264,-2.109,1.494,0.000,0.000,-0.088,-0.088,0.176,0.000,0.000,0.439,0.176,0.000,0.000,0.000,0.000,0.000,0.000,0.000,-1.202,0.885,0.000,0.000,0.000,0.000,0.000,0.000,0.000,0.000,0.000,0.006,3.2,11.30,32.0,0.000,0.000,0.000,0.006,0.000,0.000,0.006,0.000,0.006,0.000,0.000,0.000,0.000,0.000,0.000,0.000,0.006,0.000
74.5045,745,0,move,-1,74.5045,74.5155,0,0.000,0.000,0.176,-0.264,-0.088,0.088,-0.264,-1.318,1.143,0.000,0.000,-0.088,-0.088,0.176,0.000,0.000,0.439,0.176,0.000,0.000,0.000,0.000,0.000,0.000,0.000,-0.772,0.568,0.000,0.000,0.000,0.000,0.000,0.000,0.000,0.000,0.000,0.006,3.2,11.20,33.0,0.000,0.000,0.000,0.000,0.000,0.000,0.006,0.006,0.006,0.000,0.000,0.000,0.000,0.006,0.000,0.000,0.006,0.000
74.6043,746,0,move,-1,74.6043,74.6157,0,0.000,0.000,0.176,-0.264,-0.088,0.088,-0.264,-0.879,0.879,0.000,0.000,-0.088,-0.088,0.176,0.000,0.000,0.439,0.176,0.000,0.000,0.000,0.000,0.000,0.000,0.000,-0.435,0.320,0.000,0.000,0.000,0.000,0.000,0.000,0.000,0.000,0.000,0.013,4.8,11.30,32.0,0.000,0.000,0.000,0.006,0.000,0.000,0.000,0.006,0.006,0.000,0.000,0.000,0.000,0.006,0.000,0.000,0.013,0.000
74.7045,747,0,move,-1,74.7045,74.7149,0,0.000,0.000,0.176,-0.264,-0.088,0.088,-0.264,-0.527,0.527,0.000,0.000,-0.088,-0.088,0.176,0.000,0.000,0.439,0.176,0.000,0.000,0.000,0.000,0.000,0.000,0.000,-0.194,0.143,0.000,0.000,0.000,0.000,0.000,0.000,0.000,0.000,0.000,0.013,4.8,11.30,32.0,0.000,0.000,0.000,0.006,0.000,0.000,0.000,0.006,0.006,0.000,0.000,0.000,0.000,0.006,0.000,0.000,0.013,0.000
74.8079,748,0,move,-1,74.8079,74.8200,0,0.000,0.000,0.176,-0.264,-0.088,0.088,-0.264,-0.264,0.527,0.000,0.000,-0.088,-0.088,0.176,0.000,0.000,0.439,0.176,0.000,0.000,0.000,0.000,0.000,0.000,0.000,-0.049,0.036,0.000,0.000,0.000,0.000,0.000,0.000,0.000,0.000,0.000,0.006,4.0,11.30,32.0,0.000,0.000,0.000,0.000,0.000,0.000,0.000,0.000,0.006,0.000,0.000,0.000,0.000,0.006,0.000,0.000,0.006,0.000
74.9045,749,0,move,-1,74.9045,74.9156,0,0.000,0.000,0.176,-0.264,-0.088,0.088,-0.264,-0.176,0.176,0.000,0.000,-0.088,-0.088,0.176,0.000,0.000,0.439,0.176,0.000,0.000,0.000,0.000,0.000,0.000,0.000,0.000,0.000,0.000,0.000,0.000,0.000,0.000,0.000,0.000,0.000,0.000,0.006,4.0,11.30,32.0,0.000,0.000,0.000,0.000,0.000,0.000,0.000,0.000,0.006,0.000,0.000,0.000,0.000,0.006,0.000,0.000,0.006,0.000
75.0045,750,0,move,-1,75.0045,75.0163,0,0.000,0.000,0.176,-0.264,-0.088,0.088,-0.264,0.000,0.176,0.000,0.000,-0.088,-0.088,0.176,0.000,0.000,0.439,0.176,0.000,0.000,0.000,0.000,0.000,0.000,0.000,0.000,0.000,0.000,0.000,0.000,0.000,0.000,0.000,0.000,0.000,0.000,0.013,4.8,11.30,32.0,0.000,0.000,0.000,0.000,0.000,0.000,0.000,0.006,0.000,0.000,0.000,0.000,0.000,0.006,0.000,0.000,0.013,0.000
75.1043,751,0,move,-1,75.1043,75.1137,0,0.000,0.000,0.176,-0.264,-0.088,0.088,-0.264,0.000,0.176,0.000,0.000,-0.088,-0.088,0.176,0.000,0.000,0.439,0.176,0.000,0.000,0.000,0.000,0.000,0.000,0.000,0.000,0.000,0.000,0.000,0.000,0.000,0.000,0.000,0.000,0.000,0.000,0.013,4.8,11.30,32.0,0.000,0.000,0.000,0.000,0.000,0.000,0.000,0.006,0.000,0.000,0.000,0.000,0.000,0.006,0.000,0.000,0.013,0.000
75.2045,752,0,move,-1,75.2045,75.2145,0,0.000,0.000,0.176,-0.264,-0.088,0.088,-0.264,0.000,0.176,0.000,0.000,-0.088,-0.088,0.176,0.000,0.000,0.439,0.176,0.000,0.000,0.000,0.000,0.000,0.000,0.000,0.000,0.000,0.000,0.000,0.000,0.000,0.000,0.000,0.000,0.000,0.000,0.013,4.8,11.30,32.0,0.000,0.000,0.000,0.006,0.000,0.000,0.000,0.000,0.000,0.000,0.000,0.000,0.000,0.000,0.000,0.000,0.013,0.000
75.3045,753,0,move,-1,75.3045,75.3162,0,0.000,0.000,0.176,-0.264,-0.088,0.088,-0.264,0.000,0.176,0.000,0.000,-0.088,-0.088,0.176,0.000,0.000,0.439,0.176,0.000,0.000,0.000,0.000,0.000,0.000,0.000,0.000,0.000,0.000,0.000,0.000,0.000,0.000,0.000,0.000,0.000,0.000,0.006,2.4,11.30,33.0,0.000,0.000,0.006,0.000,0.000,0.000,0.006,0.000,0.006,0.000,0.000,0.000,0.000,0.006,0.000,0.000,0.006,0.000
75.4059,754,0,move,-1,75.4059,75.4192,0,0.000,0.000,0.176,-0.264,-0.088,0.088,-0.264,0.000,0.176,0.000,0.000,-0.088,-0.088,0.176,0.000,0.000,0.439,0.176,0.000,0.000,0.000,0.000,0.000,0.000,0.000,0.000,0.000,0.000,0.000,0.000,0.000,0.000,0.000,0.000,0.000,0.000,0.006,3.2,11.30,32.0,0.000,0.000,0.000,0.006,0.000,0.000,0.006,0.000,0.006,0.000,0.000,0.000,0.000,0.006,0.000,0.000,0.006,0.006
75.5045,755,0,move,-1,75.5045,75.5180,0,0.000,0.000,0.176,-0.264,-0.088,0.088,-0.264,0.000,0.176,0.000,0.000,-0.088,-0.088,0.176,0.000,0.000,0.439,0.176,0.000,0.000,0.000,0.000,0.000,0.000,0.000,0.000,0.000,0.000,0.000,0.000,0.000,0.000,0.000,0.000,0.000,0.000,0.006,3.2,11.30,32.0,0.000,0.000,0.000,0.006,0.000,0.000,0.006,0.000,0.006,0.000,0.000,0.000,0.000,0.006,0.000,0.000,0.006,0.006
75.6043,756,0,move,-1,75.6043,75.6101,0,0.000,0.000,0.176,-0.264,-0.088,0.088,-0.264,0.000,0.176,0.000,0.000,-0.088,-0.088,0.176,0.000,0.000,0.439,0.176,0.000,0.000,0.000,0.000,0.000,0.000,0.000,0.000,0.000,0.000,0.000,0.000,0.000,0.000,0.000,0.000,0.000,0.000,0.006,3.2,11.30,32.0,0.000,0.000,0.000,0.006,0.000,0.000,0.006,0.000,0.006,0.000,0.000,0.000,0.000,0.006,0.000,0.000,0.006,0.000
75.7043,757,0,move,-1,75.7043,75.7155,0,0.000,0.000,0.176,-0.264,-0.088,0.088,-0.264,0.000,0.176,0.000,0.000,-0.088,-0.088,0.176,0.000,0.000,0.439,0.176,0.000,0.000,0.000,0.000,0.000,0.000,0.000,0.000,0.000,0.000,0.000,0.000,0.000,0.000,0.000,0.000,0.000,0.000,0.006,3.2,11.30,32.0,0.000,0.000,0.000,0.006,0.000,0.000,0.006,0.000,0.000,0.000,0.000,0.000,0.000,0.006,0.000,0.000,0.006,0.000
75.8045,758,0,move,-1,75.8045,75.8157,0,0.000,0.000,0.176,-0.264,-0.088,0.088,-0.264,0.000,0.176,0.000,0.000,-0.088,-0.088,0.176,0.000,0.000,0.439,0.176,0.000,0.000,0.000,0.000,0.000,0.000,0.000,0.000,0.000,0.000,0.000,0.000,0.000,0.000,0.000,0.000,0.000,0.000,0.006,2.4,11.30,29.0,0.000,0.000,0.000,0.000,0.000,0.000,0.000,0.000,0.000,0.000,0.000,0.000,0.000,0.006,0.000,0.000,0.006,0.006
75.9045,759,0,move,-1,75.9045,75.9185,0,0.000,0.000,0.176,-0.264,-0.088,0.088,-0.264,0.000,0.176,0.000,0.000,-0.088,-0.088,0.176,0.000,0.000,0.439,0.176,0.000,0.000,0.000,0.000,0.000,0.000,0.000,0.000,0.000,0.000,0.000,0.000,0.000,0.000,0.000,0.000,0.000,0.000,0.013,4.8,11.30,32.0,0.000,0.000,0.000,0.000,0.000,0.000,0.000,0.000,0.006,0.000,0.000,0.000,0.000,0.006,0.000,0.000,0.013,0.000
76.0043,760,0,move,-1,76.0043,76.0135,0,0.000,0.000,0.176,-0.264,-0.088,0.088,-0.264,0.000,0.176,0.000,0.000,-0.088,-0.088,0.176,0.000,0.000,0.439,0.176,0.000,0.000,0.000,0.000,0.000,0.000,0.000,0.000,0.000,0.000,0.000,0.000,0.000,0.000,0.000,0.000,0.000,0.000,0.013,4.8,11.30,32.0,0.000,0.000,0.000,0.000,0.000,0.000,0.000,0.000,0.006,0.000,0.000,0.000,0.000,0.006,0.000,0.000,0.013,0.000
76.1045,761,0,move,-1,76.1045,76.1310,0,0.000,0.000,0.176,-0.264,-0.088,0.088,-0.264,0.000,0.176,0.000,0.000,-0.088,-0.088,0.176,0.000,0.000,0.439,0.176,0.000,0.000,0.000,0.000,0.000,0.000,0.000,0.000,0.000,0.000,0.000,0.000,0.000,0.000,0.000,0.000,0.000,0.000,0.013,4.8,11.30,32.0,0.000,0.000,0.000,0.006,0.000,0.000,0.006,0.000,0.000,0.000,0.000,0.000,0.000,0.000,0.000,0.000,0.013,0.000
76.2045,762,0,move,-1,76.2045,76.2170,0,0.000,0.000,0.176,-0.264,-0.088,0.088,-0.264,0.000,0.176,0.000,0.000,-0.088,-0.088,0.176,0.000,0.000,0.439,0.176,0.000,0.000,0.000,0.000,0.000,0.000,0.000,0.000,0.000,0.000,0.000,0.000,0.000,0.000,0.000,0.000,0.000,0.000,0.013,4.8,11.30,32.0,0.000,0.000,0.000,0.006,0.000,0.000,0.006,0.000,0.000,0.000,0.000,0.000,0.000,0.000,0.000,0.000,0.013,0.000
76.3079,763,0,move,-1,76.3079,76.3349,0,0.000,0.000,0.176,-0.264,-0.088,0.088,-0.264,0.000,0.176,0.000,0.000,-0.088,-0.088,0.176,0.000,0.000,0.439,0.176,0.000,0.000,0.000,0.000,0.000,0.000,0.000,0.000,0.000,0.000,0.000,0.000,0.000,0.000,0.000,0.000,0.000,0.000,0.013,4.8,11.30,32.0,0.000,0.000,0.006,0.006,0.000,0.000,0.006,0.000,0.000,0.000,0.000,0.000,0.000,0.006,0.000,0.000,0.013,0.000
76.4043,764,0,move,-1,76.4043,76.4177,0,0.000,0.000,0.176,-0.264,-0.088,0.088,-0.264,0.000,0.176,0.000,0.000,-0.088,-0.088,0.176,0.000,0.000,0.439,0.176,0.000,0.000,0.000,0.000,0.000,0.000,0.000,0.000,0.000,0.000,0.000,0.000,0.000,0.000,0.000,0.000,0.000,0.000,0.013,4.8,11.30,32.0,0.000,0.000,0.006,0.006,0.000,0.000,0.006,0.000,0.000,0.000,0.000,0.000,0.000,0.006,0.000,0.000,0.013,0.000
76.5045,765,0,move,-1,76.5045,76.5147,0,0.000,0.000,0.176,-0.264,-0.088,0.088,-0.264,0.000,0.176,0.000,0.000,-0.088,-0.088,0.176,0.000,0.000,0.439,0.176,0.000,0.000,0.000,0.000,0.000,0.000,0.000,0.000,0.000,0.000,0.000,0.000,0.000,0.000,0.000,0.000,0.000,0.000,0.006,2.8,11.30,32.0,0.000,0.000,0.000,0.006,0.000,0.000,0.006,0.000,0.000,0.000,0.000,0.000,0.000,0.006,0.000,0.000,0.006,0.000
76.6045,766,0,move,-1,76.6045,76.6167,0,0.000,0.000,0.176,-0.264,-0.088,0.088,-0.264,0.000,0.176,0.000,0.000,-0.088,-0.088,0.176,0.000,0.000,0.439,0.176,0.000,0.000,0.000,0.000,0.000,0.000,0.000,0.000,0.000,0.000,0.000,0.000,0.000,0.000,0.000,0.000,0.000,0.000,0.013,4.8,11.30,32.0,0.000,0.000,0.006,0.006,0.000,0.000,0.006,0.000,0.006,0.000,0.000,0.000,0.000,0.006,0.000,0.000,0.013,0.000
76.7046,767,0,move,-1,76.7046,76.7146,0,0.000,0.000,0.176,-0.264,-0.088,0.088,-0.264,0.000,0.176,0.000,0.000,-0.088,-0.088,0.176,0.000,0.000,0.439,0.176,0.000,0.000,0.000,0.000,0.000,0.000,0.000,0.000,0.000,0.000,0.000,0.000,0.000,0.000,0.000,0.000,0.000,0.000,0.013,4.8,11.30,32.0,0.000,0.000,0.006,0.006,0.000,0.000,0.006,0.000,0.006,0.000,0.000,0.000,0.000,0.006,0.000,0.000,0.013,0.000
76.8045,768,0,move,-1,76.8045,76.8153,0,0.000,0.000,0.176,-0.264,-0.088,0.088,-0.264,0.000,0.176,0.000,0.000,-0.088,-0.088,0.176,0.000,0.000,0.439,0.176,0.000,0.000,0.000,0.000,0.000,0.000,0.000,0.000,0.000,0.000,0.000,0.000,0.000,0.000,0.000,0.000,0.000,0.000,0.006,2.4,11.30,29.0,0.000,0.000,0.000,0.000,0.000,0.000,0.000,0.000,0.000,0.000,0.000,0.000,0.000,0.006,0.000,0.000,0.006,0.006
76.9045,769,0,move,-1,76.9045,76.9149,0,0.000,0.000,0.176,-0.264,-0.088,0.088,-0.264,0.000,0.176,0.000,0.000,-0.088,-0.088,0.176,0.000,0.000,0.439,0.176,0.000,0.000,0.000,0.000,0.000,0.000,0.000,0.000,0.000,0.000,0.000,0.000,0.000,0.000,0.000,0.000,0.000,0.000,0.006,2.4,11.30,29.0,0.000,0.000,0.000,0.000,0.000,0.000,0.000,0.000,0.000,0.000,0.000,0.000,0.000,0.006,0.000,0.000,0.006,0.006
77.0045,770,0,move,-1,77.0045,77.0156,0,0.000,0.000,0.176,-0.264,-0.088,0.088,-0.264,0.000,0.176,0.000,0.000,-0.088,-0.088,0.176,0.000,0.000,0.439,0.176,0.000,0.000,0.000,0.000,0.000,0.000,0.000,0.000,0.000,0.000,0.000,0.000,0.000,0.000,0.000,0.000,0.000,0.000,0.013,4.8,11.30,32.0,0.000,0.000,0.000,0.006,0.000,0.000,0.006,0.000,0.000,0.000,0.000,0.000,0.000,0.006,0.000,0.000,0.013,0.000
77.1043,771,0,move,-1,77.1043,77.1392,0,0.000,0.000,0.176,-0.264,-0.088,0.088,-0.264,0.000,0.176,0.000,0.000,-0.088,-0.088,0.176,0.000,0.000,0.439,0.176,0.000,0.000,0.000,0.000,0.000,0.000,0.000,0.000,0.000,0.000,0.000,0.000,0.000,0.000,0.000,0.000,0.000,0.000,0.006,3.2,11.20,33.0,0.000,0.000,0.000,0.000,0.000,0.000,0.006,0.000,0.000,0.000,0.000,0.000,0.000,0.006,0.000,0.000,0.006,0.000
77.2046,772,0,move,-1,77.2046,77.2150,0,0.000,0.000,0.176,-0.264,-0.088,0.088,-0.264,0.000,0.176,0.000,0.000,-0.088,-0.088,0.176,0.000,0.000,0.439,0.176,0.000,0.000,0.000,0.000,0.000,0.000,0.000,0.000,0.000,0.000,0.000,0.000,0.000,0.000,0.000,0.000,0.000,0.000,0.006,3.2,11.20,33.0,0.000,0.000,0.000,0.000,0.000,0.000,0.006,0.000,0.000,0.000,0.000,0.000,0.000,0.006,0.000,0.000,0.006,0.000
77.3045,773,0,move,-1,77.3045,77.3165,0,0.000,0.000,0.176,-0.264,-0.088,0.088,-0.264,0.000,0.176,0.000,0.000,-0.088,-0.088,0.176,0.000,0.000,0.439,0.176,0.000,0.000,0.000,0.000,0.000,0.000,0.000,0.000,0.000,0.000,0.000,0.000,0.000,0.000,0.000,0.000,0.000,0.000,0.006,3.2,11.30,32.0,0.000,0.000,0.000,0.006,0.000,0.000,0.000,0.000,0.006,0.000,0.000,0.000,0.000,0.006,0.000,0.000,0.006,0.000
77.4045,774,0,move,-1,77.4045,77.4145,0,0.000,0.000,0.176,-0.264,-0.088,0.088,-0.264,0.000,0.176,0.000,0.000,-0.088,-0.088,0.176,0.000,0.000,0.439,0.176,0.000,0.000,0.000,0.000,0.000,0.000,0.000,0.000,0.000,0.000,0.000,0.000,0.000,0.000,0.000,0.000,0.000,0.000,0.006,3.2,11.30,32.0,0.000,0.000,0.000,0.006,0.000,0.000,0.000,0.000,0.006,0.000,0.000,0.000,0.000,0.006,0.000,0.000,0.006,0.000
77.5045,775,0,move,-1,77.5045,77.5155,0,0.000,0.000,0.176,-0.264,-0.088,0.088,-0.264,0.000,0.176,0.000,0.000,-0.088,-0.088,0.176,0.000,0.000,0.439,0.176,0.000,0.000,0.000,0.000,0.000,0.000,0.000,0.000,0.000,0.000,0.000,0.000,0.000,0.000,0.000,0.000,0.000,0.000,0.013,4.8,11.30,32.0,0.000,0.000,0.000,0.006,0.000,0.000,0.006,0.000,0.000,0.000,0.000,0.000,0.000,0.006,0.000,0.000,0.013,0.000
77.6045,776,0,move,-1,77.6045,77.6194,0,0.000,0.000,0.176,-0.264,-0.088,0.088,-0.264,0.000,0.176,0.000,0.000,-0.088,-0.088,0.176,0.000,0.000,0.439,0.176,0.000,0.000,0.000,0.000,0.000,0.000,0.000,0.000,0.000,0.000,0.000,0.000,0.000,0.000,0.000,0.000,0.000,0.000,0.006,2.4,11.30,32.0,0.000,0.000,0.000,0.000,0.000,0.000,0.000,0.000,0.006,0.000,0.006,0.000,0.000,0.006,0.000,0.000,0.006,0.000
77.7045,777,0,move,-1,77.7045,77.7166,0,0.000,0.000,0.176,-0.264,-0.088,0.088,-0.264,0.000,0.176,0.000,0.000,-0.088,-0.088,0.176,0.000,0.000,0.439,0.176,0.000,0.000,0.000,0.000,0.000,0.000,0.000,0.000,0.000,0.000,0.000,0.000,0.000,0.000,0.000,0.000,0.000,0.000,0.006,2.4,11.30,32.0,0.000,0.000,0.000,0.000,0.000,0.000,0.000,0.000,0.006,0.000,0.006,0.000,0.000,0.006,0.000,0.000,0.006,0.000
77.8045,778,0,move,-1,77.8045,77.8169,0,0.000,0.000,0.176,-0.264,-0.088,0.088,-0.264,0.000,0.176,0.000,0.000,-0.088,-0.088,0.176,0.000,0.000,0.439,0.176,0.000,0.000,0.000,0.000,0.000,0.000,0.000,0.000,0.000,0.000,0.000,0.000,0.000,0.000,0.000,0.000,0.000,0.000,0.006,3.2,11.30,33.0,0.000,0.000,0.000,0.000,0.000,0.000,0.006,0.000,0.000,0.000,0.000,0.000,0.000,0.006,0.000,0.000,0.006,0.000
77.9045,779,0,move,-1,77.9045,77.9151,0,0.000,0.000,0.176,-0.264,-0.088,0.088,-0.264,0.000,0.176,0.000,0.000,-0.088,-0.088,0.176,0.000,0.000,0.439,0.176,0.000,0.000,0.000,0.000,0.000,0.000,0.000,0.000,0.000,0.000,0.000,0.000,0.000,0.000,0.000,0.000,0.000,0.000,0.006,3.2,11.30,33.0,0.000,0.000,0.000,0.000,0.000,0.000,0.006,0.000,0.000,0.000,0.000,0.000,0.000,0.006,0.000,0.000,0.006,0.000
78.0045,780,0,move,-1,78.0045,78.0161,0,0.000,0.000,0.176,-0.264,-0.088,0.088,-0.264,0.000,0.176,0.000,0.000,-0.088,-0.088,0.176,0.000,0.000,0.439,0.176,0.000,0.000,0.000,0.000,0.000,0.000,0.000,0.000,0.000,0.000,0.000,0.000,0.000,0.000,0.000,0.000,0.000,0.000,0.013,4.8,11.30,32.0,0.000,0.000,0.000,0.006,0.000,0.000,0.006,0.000,0.000,0.000,0.000,0.000,0.000,0.006,0.000,0.000,0.013,0.000
78.1045,781,0,move,-1,78.1045,78.1155,0,0.000,0.000,0.176,-0.264,-0.088,0.088,-0.264,0.000,0.176,0.000,0.000,-0.088,-0.088,0.176,0.000,0.000,0.439,0.176,0.000,0.000,0.000,0.000,0.000,0.000,0.000,0.000,0.000,0.000,0.000,0.000,0.000,0.000,0.000,0.000,0.000,0.000,0.013,4.8,11.30,32.0,0.000,0.000,0.000,0.006,0.000,0.000,0.006,0.000,0.000,0.000,0.000,0.000,0.000,0.006,0.000,0.000,0.013,0.000
78.2045,782,0,move,-1,78.2045,78.2149,0,0.000,0.000,0.176,-0.264,-0.088,0.088,-0.264,0.000,0.176,0.000,0.000,-0.088,-0.088,0.176,0.000,0.000,0.439,0.176,0.000,0.000,0.000,0.000,0.000,0.000,0.000,0.000,0.000,0.000,0.000,0.000,0.000,0.000,0.000,0.000,0.000,0.000,0.006,2.4,11.30,32.0,0.000,0.000,0.000,0.000,0.000,0.000,0.000,0.000,0.006,0.000,0.000,0.000,0.000,0.006,0.000,0.000,0.006,0.000
78.3045,783,0,move,-1,78.3045,78.3162,0,0.000,0.000,0.176,-0.264,-0.088,0.088,-0.264,0.000,0.176,0.000,0.000,-0.088,-0.088,0.176,0.000,0.000,0.439,0.176,0.000,0.000,0.000,0.000,0.000,0.000,0.000,0.000,0.000,0.000,0.000,0.000,0.000,0.000,0.000,0.000,0.000,0.000,0.006,3.2,11.30,32.0,0.000,0.000,0.000,0.006,0.000,0.000,0.006,0.000,0.000,0.000,0.000,0.000,0.000,0.000,0.000,0.000,0.006,0.000
78.4045,784,0,move,-1,78.4045,78.4191,0,0.000,0.000,0.176,-0.264,-0.088,0.088,-0.264,0.000,0.176,0.000,0.000,-0.088,-0.088,0.176,0.000,0.000,0.439,0.176,0.000,0.000,0.000,0.000,0.000,0.000,0.000,0.000,0.000,0.000,0.000,0.000,0.000,0.000,0.000,0.000,0.000,0.000,0.006,3.2,11.30,32.0,0.000,0.000,0.000,0.006,0.000,0.000,0.006,0.000,0.000,0.000,0.000,0.000,0.000,0.006,0.000,0.000,0.006,0.000
78.5045,785,0,move,-1,78.5045,78.5162,0,0.000,0.000,0.176,-0.264,-0.088,0.088,-0.264,0.000,0.176,0.000,0.000,-0.088,-0.088,0.176,0.000,0.000,0.439,0.176,0.000,0.000,0.000,0.000,0.000,0.000,0.000,0.000,0.000,0.000,0.000,0.000,0.000,0.000,0.000,0.000,0.000,0.000,0.006,3.2,11.30,32.0,0.000,0.000,0.000,0.006,0.000,0.000,0.006,0.000,0.000,0.000,0.000,0.000,0.000,0.006,0.000,0.000,0.006,0.000
78.6045,786,0,move,-1,78.6045,78.6154,0,0.000,0.000,0.176,-0.264,-0.088,0.088,-0.264,0.000,0.176,0.000,0.000,-0.088,-0.088,0.176,0.000,0.000,0.439,0.176,0.000,0.000,0.000,0.000,0.000,0.000,0.000,0.000,0.000,0.000,0.000,0.000,0.000,0.000,0.000,0.000,0.000,0.000,0.006,3.2,11.30,33.0,0.000,0.000,0.000,0.000,0.000,0.000,0.006,0.000,0.000,0.000,0.000,0.000,0.000,0.006,0.000,0.000,0.006,0.000
78.7045,787,0,move,-1,78.7045,78.7171,0,0.000,0.000,0.176,-0.264,-0.088,0.088,-0.264,0.000,0.176,0.000,0.000,-0.088,-0.088,0.176,0.000,0.000,0.439,0.176,0.000,0.000,0.000,0.000,0.000,0.000,0.000,0.000,0.000,0.000,0.000,0.000,0.000,0.000,0.000,0.000,0.000,0.000,0.013,4.8,11.30,32.0,0.000,0.000,0.000,0.000,0.000,0.000,0.006,0.000,0.000,0.000,0.000,0.000,0.000,0.000,0.000,0.000,0.013,0.006
78.8043,788,0,move,-1,78.8043,78.8182,0,0.000,0.000,0.176,-0.264,-0.088,0.088,-0.264,0.000,0.176,0.000,0.000,-0.088,-0.088,0.176,0.000,0.000,0.439,0.176,0.000,0.000,0.000,0.000,0.000,0.000,0.000,0.000,0.000,0.000,0.000,0.000,0.000,0.000,0.000,0.000,0.000,0.000,0.006,3.2,11.30,32.0,0.000,0.000,0.000,0.006,0.000,0.000,0.000,0.000,0.006,0.000,0.000,0.000,0.000,0.006,0.000,0.000,0.006,0.000
78.9045,789,0,move,-1,78.9045,78.9152,0,0.000,0.000,0.176,-0.264,-0.088,0.088,-0.264,0.000,0.176,0.000,0.000,-0.088,-0.088,0.176,0.000,0.000,0.439,0.176,0.000,0.000,0.000,0.000,0.000,0.000,0.000,0.000,0.000,0.000,0.000,0.000,0.000,0.000,0.000,0.000,0.000,0.000,0.006,3.2,11.30,32.0,0.000,0.000,0.000,0.006,0.000,0.000,0.000,0.000,0.006,0.000,0.000,0.000,0.000,0.006,0.000,0.000,0.006,0.000
79.0043,790,0,move,-1,79.0043,79.0156,0,0.000,0.000,0.176,-0.264,-0.088,0.088,-0.264,0.000,0.176,0.000,0.000,-0.088,-0.088,0.176,0.000,0.000,0.439,0.176,0.000,0.000,0.000,0.000,0.000,0.000,0.000,-0.049,0.036,0.000,0.000,0.000,0.000,0.000,0.000,0.000,0.000,0.000,0.013,4.8,11.30,32.0,0.000,0.000,0.000,0.006,0.000,0.000,0.006,0.000,0.000,0.000,0.000,0.000,0.000,0.006,0.000,0.000,0.013,0.000
79.1043,791,0,move,-1,79.1043,79.1115,0,0.000,0.000,0.176,-0.264,-0.088,0.088,-0.264,0.000,0.176,0.000,0.000,-0.088,-0.088,0.176,0.000,0.000,0.439,0.176,0.000,0.000,0.000,0.000,0.000,0.000,0.000,-0.194,0.143,0.000,0.000,0.000,0.000,0.000,0.000,0.000,0.000,0.000,0.013,4.8,11.30,32.0,0.000,0.000,0.000,0.006,0.000,0.000,0.006,0.000,0.000,0.000,0.000,0.000,0.000,0.006,0.000,0.000,0.013,0.000
79.2045,792,0,move,-1,79.2045,79.2148,0,0.000,0.000,0.176,-0.264,-0.088,0.088,-0.264,0.000,0.176,0.000,0.000,-0.088,-0.088,0.176,0.000,0.000,0.439,0.176,0.000,0.000,0.000,0.000,0.000,0.000,0.000,-0.435,0.320,0.000,0.000,0.000,0.000,0.000,0.000,0.000,0.000,0.000,0.013,4.8,11.30,32.0,0.000,0.000,0.006,0.000,0.000,0.000,0.006,0.006,0.000,0.000,0.000,0.000,0.000,0.006,0.000,0.000,0.013,0.006
79.3045,793,0,move,-1,79.3045,79.3160,0,0.000,0.000,0.176,-0.264,-0.088,0.088,-0.264,-0.352,0.176,0.000,0.000,-0.088,-0.088,0.176,0.000,0.000,0.439,0.176,0.000,0.000,0.000,0.000,0.000,0.000,0.000,-0.772,0.568,0.000,0.000,0.000,0.000,0.000,0.000,0.000,0.000,0.000,0.019,4.4,11.20,31.0,0.000,0.000,0.000,0.000,0.000,0.000,0.006,0.019,0.000,0.000,0.000,0.000,0.000,0.006,0.000,0.000,0.013,0.000
79.4045,794,0,move,-1,79.4045,79.4152,0,0.000,0.000,0.176,-0.264,-0.088,0.088,-0.264,-0.439,0.264,0.000,0.000,-0.088,-0.088,0.176,0.000,0.000,0.439,0.176,0.000,0.000,0.000,0.000,0.000,0.000,0.000,-1.202,0.885,0.000,0.000,0.000,0.000,0.000,0.000,0.000,0.000,0.000,0.019,4.4,11.20,31.0,0.000,0.000,0.000,0.000,0.000,0.000,0.006,0.019,0.000,0.000,0.000,0.000,0.000,0.006,0.000,0.000,0.013,0.000
79.5045,795,0,move,-1,79.5045,79.5164,0,0.000,0.000,0.176,-0.264,-0.088,0.088,-0.264,-0.967,0.439,0.000,0.000,-0.088,-0.088,0.176,0.000,0.000,0.439,0.176,0.000,0.000,0.000,0.000,0.000,0.000,0.000,-1.725,1.270,0.000,0.000,0.000,0.000,0.000,0.000,0.000,0.000,0.000,0.026,6.8,11.20,31.0,0.000,0.000,0.000,0.000,0.000,0.000,0.000,0.026,0.006,0.000,0.000,0.000,0.000,0.006,0.000,0.000,0.006,0.006
79.6050,796,0,move,-1,79.6050,79.6507,0,0.000,0.000,0.176,-0.264,-0.088,0.088,-0.264,-1.494,0.967,0.000,0.000,-0.088,-0.088,0.176,0.000,0.000,0.439,0.176,0.000,0.000,0.000,0.000,0.000,0.000,0.000,-2.338,1.720,0.000,0.000,0.000,0.000,0.000,0.000,0.000,0.000,0.000,0.026,6.0,11.20,30.0,0.000,0.000,0.000,0.006,0.000,0.000,0.006,0.026,0.006,0.000,0.000,0.000,0.000,0.006,0.000,0.000,0.013,0.006
79.7045,797,0,move,-1,79.7045,79.7146,0,0.000,0.000,0.176,-0.264,-0.088,0.088,-0.264,-1.934,1.230,0.000,0.000,-0.088,-0.088,0.176,0.000,0.000,0.439,0.176,0.000,0.000,0.000,0.000,0.000,0.000,0.000,-3.039,2.236,0.000,0.000,0.000,0.000,0.000,0.000,0.000,0.000,0.000,0.026,6.0,11.20,30.0,0.000,0.000,0.000,0.006,0.000,0.000,0.006,0.026,0.006,0.000,0.000,0.000,0.000,0.006,0.000,0.000,0.013,0.006
79.8045,798,0,move,-1,79.8045,79.8162,0,0.000,0.000,0.176,-0.264,-0.088,0.088,-0.264,-2.637,1.846,0.000,0.000,-0.088,-0.088,0.176,0.000,0.000,0.439,0.176,0.000,0.000,0.000,0.000,0.000,0.000,0.000,-3.825,2.814,0.000,0.000,0.000,0.000,0.000,0.000,0.000,0.000,0.000,0.019,4.8,11.20,31.0,0.000,0.000,0.000,0.006,0.000,0.000,0.006,0.019,0.006,0.000,0.000,0.000,0.000,0.000,0.000,0.000,0.006,0.006
79.9045,799,0,move,-1,79.9045,79.9178,0,0.000,0.000,0.176,-0.264,-0.088,0.088,-0.264,-3.340,2.373,0.000,0.000,-0.088,-0.088,0.176,0.000,0.000,0.439,0.176,0.000,0.000,0.000,0.000,0.000,0.000,0.000,-4.693,3.452,0.000,0.000,0.000,0.000,0.000,0.000,0.000,0.000,0.000,0.019,6.0,11.20,31.0,0.000,0.000,0.000,0.000,0.000,0.000,0.000,0.019,0.006,0.000,0.000,0.000,0.000,0.006,0.000,0.000,0.006,0.000
80.0045,800,0,move,-1,80.0045,80.0177,0,0.000,0.000,0.176,-0.264,-0.088,0.088,-0.264,-3.691,2.549,0.000,0.000,-0.088,-0.088,0.176,0.000,0.000,0.439,0.176,0.000,0.000,0.000,0.000,0.000,0.000,0.000,-5.639,4.147,0.000,0.000,0.000,0.000,0.000,0.000,0.000,0.000,0.000,0.019,6.0,11.20,31.0,0.000,0.000,0.000,0.000,0.000,0.000,0.000,0.019,0.006,0.000,0.000,0.000,0.000,0.006,0.000,0.000,0.006,0.000
80.1045,801,0,move,-1,80.1045,80.1106,0,0.000,0.000,0.176,-0.264,-0.088,0.088,-0.264,-4.658,3.340,0.000,0.000,-0.088,-0.088,0.176,0.000,0.000,0.439,0.176,0.000,0.000,0.000,0.000,0.000,0.000,0.000,-6.661,4.896,0.000,0.000,0.000,0.000,0.000,0.000,0.000,0.000,0.000,0.013,5.6,11.20,31.0,0.000,0.000,0.000,0.006,0.000,0.000,0.000,0.013,0.006,0.000,0.000,0.000,0.000,0.006,0.000,0.000,0.006,0.000
80.2045,802,0,move,-1,80.2045,80.2162,0,0.000,0.000,0.176,-0.264,-0.088,0.088,-0.264,-5.889,4.307,0.000,0.000,-0.088,-0.088,0.176,0.000,0.000,0.439,0.176,0.000,0.000,0.000,0.000,0.000,0.000,0.000,-7.754,5.698,0.000,0.000,0.000,0.000,0.000,0.000,0.000,0.000,0.000,0.013,5.2,11.20,31.0,0.000,0.000,0.000,0.000,0.000,0.000,0.006,0.013,0.013,0.000,0.000,0.000,0.000,0.006,0.000,0.000,0.006,0.006
80.3045,803,0,move,-1,80.3045,80.3177,0,0.000,0.000,0.176,-0.264,-0.088,0.088,-0.264,-6.943,5.098,0.000,0.000,-0.088,-0.088,0.176,0.000,0.000,0.439,0.176,0.000,0.000,0.000,0.000,0.000,0.000,0.000,-8.915,6.547,0.000,0.000,0.000,0.000,0.000,0.000,0.000,0.000,0.000,0.013,4.8,11.20,31.0,0.000,0.000,0.000,0.000,0.000,0.000,0.006,0.013,0.006,0.000,0.000,0.000,0.000,0.006,0.000,0.000,0.006,0.000
80.4046,804,0,move,-1,80.4046,80.4147,0,0.000,0.000,0.176,-0.264,-0.088,0.088,-0.264,-7.998,5.801,0.000,0.000,-0.088,-0.088,0.176,0.000,0.000,0.439,0.176,0.000,0.000,0.000,0.000,0.000,0.000,0.000,-10.139,7.441,0.000,0.000,0.000,0.000,0.000,0.000,0.000,0.000,0.000,0.013,4.8,11.20,31.0,0.000,0.000,0.000,0.000,0.000,0.000,0.006,0.013,0.006,0.000,0.000,0.000,0.000,0.006,0.000,0.000,0.006,0.000
80.5043,805,0,move,-1,80.5043,80.5152,0,0.000,0.000,0.176,-0.264,-0.088,0.088,-0.264,-9.229,6.680,0.000,0.000,-0.088,-0.088,0.176,0.000,0.000,0.439,0.176,0.000,0.000,0.000,0.000,0.000,0.000,0.000,-11.421,8.375,0.000,0.000,0.000,0.000,0.000,0.000,0.000,0.000,0.000,0.006,3.2,11.30,32.0,0.000,0.000,0.000,0.006,0.000,0.000,0.000,0.006,0.006,0.000,0.000,0.000,0.000,0.006,0.000,0.000,0.006,0.000
80.6043,806,0,move,-1,80.6043,80.6183,0,0.000,0.000,0.176,-0.264,-0.088,0.088,-0.264,-10.371,7.646,0.000,0.000,-0.088,-0.088,0.176,0.000,0.000,0.439,0.176,0.000,0.000,0.000,0.000,0.000,0.000,0.000,-12.756,9.347,0.000,0.000,0.000,0.000,0.000,0.000,0.000,0.000,0.000,0.006,3.2,11.30,32.0,0.000,0.000,0.000,0.006,0.000,0.000,0.006,0.006,0.006,0.000,0.000,0.006,0.000,0.006,0.000,0.000,0.006,0.000
80.7045,807,0,move,-1,80.7045,80.7168,0,0.000,0.000,0.176,-0.264,-0.088,0.088,-0.264,-10.635,7.910,0.000,0.000,-0.088,-0.088,0.176,0.000,0.000,0.439,0.176,0.000,0.000,0.000,0.000,0.000,0.000,0.000,-14.141,10.350,0.000,0.000,0.000,0.000,0.000,0.000,0.000,0.000,0.000,0.006,3.2,11.30,32.0,0.000,0.000,0.000,0.006,0.000,0.000,0.006,0.006,0.006,0.000,0.000,0.006,0.000,0.006,0.000,0.000,0.006,0.000
80.8045,808,0,move,-1,80.8045,80.8146,0,0.000,0.000,0.176,-0.264,-0.088,0.088,-0.264,-12.129,9.229,0.000,0.000,-0.088,-0.088,0.176,0.000,0.000,0.439,0.176,0.000,0.000,0.000,0.000,0.000,0.000,0.000,-15.570,11.382,0.000,0.000,0.000,0.000,0.000,0.000,0.000,0.000,0.000,0.026,6.8,11.20,31.0,0.000,0.000,0.000,0.006,0.000,0.000,0.006,0.026,0.006,0.000,0.000,0.000,0.000,0.006,0.000,0.000,0.006,0.000
80.9063,809,0,move,-1,80.9063,80.9168,0,0.000,0.000,0.176,-0.264,-0.088,0.088,-0.264,-13.799,10.371,0.000,0.000,-0.088,-0.088,0.176,0.000,0.000,0.439,0.176,0.000,0.000,0.000,0.000,0.000,0.000,0.000,-17.038,12.438,0.000,0.000,0.000,0.000,0.000,0.000,0.000,0.000,0.000,0.019,6.8,11.20,31.0,0.000,0.000,0.000,0.006,0.000,0.000,0.006,0.019,0.006,0.000,0.000,0.000,0.000,0.006,0.000,0.000,0.006,0.006
81.0045,810,0,move,-1,81.0045,81.0150,0,0.000,0.000,0.176,-0.264,-0.088,0.088,-0.264,-15.381,11.514,0.000,0.000,-0.088,-0.088,0.176,0.000,0.000,0.439,0.176,0.000,0.000,0.000,0.000,0.000,0.000,0.000,-18.539,13.514,0.000,0.000,0.000,0.000,0.000,0.000,0.000,0.000,0.000,0.019,6.8,11.20,31.0,0.000,0.000,0.000,0.006,0.000,0.000,0.006,0.019,0.006,0.000,0.000,0.000,0.000,0.006,0.000,0.000,0.006,0.006
81.1045,811,0,move,-1,81.1045,81.1239,0,0.000,0.000,0.176,-0.264,-0.088,0.088,-0.264,-17.051,12.656,0.000,0.000,-0.088,-0.088,0.176,0.000,0.000,0.439,0.176,0.000,0.000,0.000,0.000,0.000,0.000,0.000,-20.068,14.603,0.000,0.000,0.000,0.000,0.000,0.000,0.000,0.000,0.000,0.019,6.8,11.20,31.0,0.000,0.000,0.000,0.000,0.000,0.000,0.006,0.019,0.006,0.000,0.000,0.000,0.000,0.006,0.000,0.000,0.006,0.000
81.2045,812,0,move,-1,81.2045,81.2182,0,0.000,0.000,0.176,-0.264,-0.088,0.088,-0.264,-18.545,13.711,0.000,0.000,-0.088,-0.088,0.176,0.000,0.000,0.439,0.176,0.000,0.000,0.000,0.000,0.000,0.000,0.000,-21.620,15.703,0.000,0.000,0.000,0.000,0.000,0.000,0.000,0.000,0.000,0.019,6.8,11.20,31.0,0.000,0.000,0.000,0.000,0.000,0.000,0.006,0.019,0.006,0.000,0.000,0.000,0.000,0.006,0.000,0.000,0.006,0.000
81.3045,813,0,move,-1,81.3045,81.3161,0,0.000,0.000,0.176,-0.264,-0.088,0.088,-0.264,-18.809,14.062,0.000,0.000,-0.088,-0.088,0.176,0.000,0.000,0.439,0.176,0.000,0.000,0.000,0.000,0.000,0.000,0.000,-23.189,16.807,0.000,0.000,0.000,0.000,0.000,0.000,0.000,0.000,0.000,0.006,2.8,11.30,32.0,0.000,0.000,0.000,0.006,0.000,0.000,0.000,0.006,0.000,0.000,0.000,0.000,0.000,0.006,0.000,0.000,0.006,0.000
81.4045,814,0,move,-1,81.4045,81.4178,0,0.000,0.000,0.176,-0.264,-0.088,0.088,-0.264,-20.391,15.381,0.000,0.000,-0.088,-0.088,0.176,0.000,0.000,0.439,0.176,0.000,0.000,0.000,0.000,0.000,0.000,0.000,-24.769,17.912,0.000,0.000,0.000,0.000,0.000,0.000,0.000,0.000,0.000,0.013,5.6,11.20,30.0,0.000,0.000,0.000,0.006,0.000,0.000,0.000,0.013,0.013,0.000,0.000,0.000,0.000,0.006,0.000,0.000,0.013,0.000
81.5045,815,0,move,-1,81.5045,81.5162,0,0.000,0.000,0.176,-0.264,-0.088,0.088,-0.264,-22.061,16.611,0.000,0.000,-0.088,-0.088,0.176,0.000,0.000,0.439,0.176,0.000,0.000,0.000,0.000,0.000,0.000,0.000,-26.354,19.012,0.000,0.000,0.000,0.000,0.000,0.000,0.000,0.000,0.000,0.013,5.6,11.20,30.0,0.000,0.000,0.000,0.006,0.000,0.000,0.000,0.013,0.013,0.000,0.000,0.000,0.000,0.006,0.000,0.000,0.013,0.000
81.6045,816,0,move,-1,81.6045,81.6168,0,0.000,0.000,0.176,-0.264,-0.088,0.088,-0.264,-23.643,17.930,0.000,0.000,-0.088,-0.088,0.176,0.000,0.000,0.439,0.176,0.000,0.000,0.000,0.000,0.000,0.000,0.000,-27.940,20.103,0.000,0.000,0.000,0.000,0.000,0.000,0.000,0.000,0.000,0.013,6.0,11.20,31.0,0.000,0.000,0.000,0.006,0.000,0.000,0.006,0.013,0.006,0.000,0.000,0.000,0.000,0.006,0.000,0.000,0.013,0.006
81.7045,817,0,move,-1,81.7045,81.7164,0,0.000,0.000,0.176,-0.264,-0.088,0.088,-0.264,-25.137,19.072,0.000,0.000,-0.088,-0.088,0.176,0.000,0.000,0.439,0.176,0.000,0.000,0.000,0.000,0.000,0.000,0.000,-29.519,21.181,0.000,0.000,0.000,0.000,0.000,0.000,0.000,0.000,0.000,0.013,6.0,11.20,31.0,0.000,0.000,0.000,0.006,0.000,0.000,0.006,0.013,0.006,0.000,0.000,0.000,0.000,0.006,0.000,0.000,0.013,0.006
81.8045,818,0,move,-1,81.8045,81.8176,0,0.000,0.000,0.176,-0.264,-0.088,0.088,-0.264,-26.807,20.215,0.000,0.000,-0.088,-0.088,0.176,0.000,0.000,0.439,0.176,0.000,0.000,0.000,0.000,0.000,0.000,0.000,-31.087,22.240,0.000,0.000,0.000,0.000,0.000,0.000,0.000,0.000,0.000,0.013,5.6,11.20,31.0,0.000,0.000,0.000,0.000,0.000,0.000,0.000,0.013,0.006,0.000,0.000,0.000,0.000,0.006,0.000,0.000,0.013,0.000
81.9045,819,0,move,-1,81.9045,81.9162,0,0.000,0.000,0.176,-0.264,-0.088,0.088,-0.264,-28.389,21.270,0.000,0.000,-0.088,-0.088,0.176,0.000,0.000,0.439,0.176,0.000,0.000,0.000,0.000,0.000,0.000,0.000,-32.637,23.276,0.000,0.000,0.000,0.000,0.000,0.000,0.000,0.000,0.000,0.013,5.6,11.20,31.0,0.000,0.000,0.000,0.000,0.000,0.000,0.000,0.013,0.006,0.000,0.000,0.000,0.000,0.006,0.000,0.000,0.013,0.000
82.0045,820,0,move,-1,82.0045,82.0146,0,0.000,0.000,0.176,-0.264,-0.088,0.088,-0.264,-29.971,22.324,0.000,0.000,-0.088,-0.088,0.176,0.000,0.000,0.439,0.176,0.000,0.000,0.000,0.000,0.000,0.000,0.000,-34.162,24.285,0.000,0.000,0.000,0.000,0.000,0.000,0.000,0.000,0.000,0.019,5.6,11.20,31.0,0.000,0.000,0.000,0.006,0.000,0.000,0.006,0.019,0.006,0.000,0.000,0.000,0.000,0.006,0.000,0.000,0.006,0.000
82.1045,821,0,move,-1,82.1045,82.1152,0,0.000,0.000,0.176,-0.264,-0.088,0.088,-0.264,-31.553,23.379,0.000,0.000,-0.088,-0.088,0.176,0.000,0.000,0.439,0.176,0.000,0.000,0.000,0.000,0.000,0.000,0.000,-35.658,25.263,0.000,0.000,0.000,0.000,0.000,0.000,0.000,0.000,0.000,0.019,5.6,11.20,31.0,0.000,0.000,0.000,0.006,0.000,0.000,0.006,0.019,0.006,0.000,0.000,0.000,0.000,0.006,0.000,0.000,0.006,0.000
82.2045,822,0,move,-1,82.2045,82.2155,0,0.000,0.000,0.176,-0.264,-0.088,0.088,-0.264,-33.223,24.346,0.000,0.000,-0.088,-0.088,0.176,0.000,0.000,0.439,0.176,0.000,0.000,0.000,0.000,0.000,0.000,0.000,-37.119,26.207,0.000,0.000,0.000,0.000,0.000,0.000,0.000,0.000,0.000,0.013,6.0,11.20,31.0,0.000,0.000,0.000,0.006,0.000,0.000,0.006,0.013,0.000,0.000,0.000,0.000,0.000,0.006,0.000,0.000,0.006,0.000
82.3045,823,0,move,-1,82.3045,82.3146,0,0.000,0.000,0.176,-0.264,-0.088,0.088,-0.264,-34.717,25.312,0.000,0.000,-0.088,-0.088,0.176,0.000,0.000,0.439,0.176,0.000,0.000,0.000,0.000,0.000,0.000,0.000,-38.538,27.112,0.000,0.000,0.000,0.000,0.000,0.000,0.000,0.000,0.000,0.013,6.0,11.20,31.0,0.000,0.000,0.000,0.006,0.000,0.000,0.006,0.013,0.000,0.000,0.000,0.000,0.000,0.006,0.000,0.000,0.006,0.000
82.4056,824,0,move,-1,82.4056,82.4163,0,0.000,0.000,0.176,-0.264,-0.088,0.088,-0.264,-36.299,26.367,0.000,0.000,-0.088,-0.088,0.176,0.000,0.000,0.439,0.176,0.000,0.000,0.000,0.000,0.000,0.000,0.000,-39.910,27.976,0.000,0.000,0.000,0.000,0.000,0.000,0.000,0.000,0.000,0.019,6.4,11.20,31.0,0.000,0.000,0.000,0.006,0.000,0.000,0.006,0.019,0.006,0.000,0.000,0.000,0.000,0.006,0.000,0.000,0.006,0.006
82.5045,825,0,move,-1,82.5045,82.5179,0,0.000,0.000,0.176,-0.264,-0.088,0.088,-0.264,-37.881,27.246,0.000,0.000,-0.088,-0.088,0.176,0.000,0.000,0.439,0.176,0.000,0.000,0.000,0.000,0.000,0.000,0.000,-41.228,28.795,0.000,0.000,0.000,0.000,0.000,0.000,0.000,0.000,0.000,0.019,7.2,11.20,31.0,0.000,0.000,0.000,0.006,0.000,0.000,0.006,0.019,0.006,0.000,0.000,0.000,0.000,0.006,0.000,0.000,0.006,0.006
82.6045,826,0,move,-1,82.6045,82.6156,0,0.000,0.000,0.176,-0.264,-0.088,0.088,-0.264,-39.463,28.125,0.000,0.000,-0.088,-0.088,0.176,0.000,0.000,0.439,0.176,0.000,0.000,0.000,0.000,0.000,0.000,0.000,-42.487,29.567,0.000,0.000,0.000,0.000,0.000,0.000,0.000,0.000,0.000,0.019,7.2,11.20,31.0,0.000,0.000,0.000,0.006,0.000,0.000,0.006,0.019,0.006,0.000,0.000,0.000,0.000,0.006,0.000,0.000,0.006,0.006
82.7045,827,0,move,-1,82.7045,82.7165,0,0.000,0.000,0.176,-0.264,-0.088,0.088,-0.264,-41.045,29.004,0.000,0.000,-0.088,-0.088,0.176,0.000,0.000,0.439,0.176,0.000,0.000,0.000,0.000,0.000,0.000,0.000,-43.680,30.289,0.000,0.000,0.000,0.000,0.000,0.000,0.000,0.000,0.000,0.019,7.2,11.20,31.0,0.000,0.000,0.000,0.006,0.000,0.000,0.006,0.019,0.006,0.000,0.000,0.000,0.000,0.000,0.000,0.000,0.006,0.006
82.8045,828,0,move,-1,82.8045,82.8155,0,0.000,0.000,0.176,-0.264,-0.088,0.088,-0.264,-42.363,29.619,0.000,0.000,-0.088,-0.088,0.176,0.000,0.000,0.439,0.176,0.000,0.000,0.000,0.000,0.000,0.000,0.000,-44.803,30.959,0.000,0.000,0.000,0.000,0.000,0.000,0.000,0.000,0.000,0.019,7.2,11.20,31.0,0.000,0.000,0.000,0.006,0.000,0.000,0.006,0.019,0.006,0.000,0.000,0.000,0.000,0.000,0.000,0.000,0.006,0.006
82.9045,829,0,move,-1,82.9045,82.9161,0,0.000,0.000,0.176,-0.264,-0.088,0.088,-0.264,-43.594,30.410,0.000,0.000,-0.088,-0.088,0.176,0.000,0.000,0.439,0.176,0.000,0.000,0.000,0.000,0.000,0.000,0.000,-45.851,31.576,0.000,0.000,0.000,0.000,0.000,0.000,0.000,0.000,0.000,0.033,8.4,11.20,31.0,0.000,0.000,0.000,0.000,0.000,0.000,0.006,0.033,0.006,0.000,0.000,0.000,0.000,0.006,0.000,0.000,0.006,0.000
83.0046,830,0,move,-1,83.0046,83.0158,0,0.000,0.000,0.176,-0.264,-0.088,0.088,-0.264,-44.824,31.113,0.000,0.000,-0.088,-0.088,0.176,0.000,0.000,0.439,0.176,0.000,0.000,0.000,0.000,0.000,0.000,0.000,-46.816,32.136,0.000,0.000,0.000,0.000,0.000,0.000,0.000,0.000,0.000,0.033,8.4,11.20,31.0,0.000,0.000,0.000,0.000,0.000,0.000,0.006,0.033,0.006,0.000,0.000,0.000,0.000,0.006,0.000,0.000,0.006,0.000
83.1043,831,0,move,-1,83.1043,83.1100,0,0.000,0.000,0.176,-0.264,-0.088,0.088,-0.264,-45.703,31.553,0.000,0.000,-0.088,-0.088,0.176,0.000,0.000,0.439,0.176,0.000,0.000,0.000,0.000,0.000,0.000,0.000,-47.696,32.641,0.000,0.000,0.000,0.000,0.000,0.000,0.000,0.000,0.000,0.039,8.4,11.20,31.0,0.000,0.000,0.000,0.006,0.000,0.000,0.000,0.039,0.006,0.000,0.000,0.000,0.000,0.006,0.000,0.000,0.013,0.006
83.2045,832,0,move,-1,83.2045,83.2164,0,0.000,0.000,0.176,-0.264,-0.088,0.088,-0.264,-46.846,32.256,0.000,0.000,-0.088,-0.088,0.176,0.000,0.000,0.439,0.176,0.000,0.000,0.000,0.000,0.000,0.000,0.000,-48.483,33.087,0.000,0.000,0.000,0.000,0.000,0.000,0.000,0.000,0.000,0.026,7.2,11.20,31.0,0.000,0.000,0.000,0.006,0.000,0.000,0.006,0.026,0.006,0.000,0.000,0.000,0.000,0.006,0.000,0.000,0.006,0.006
83.3045,833,0,move,-1,83.3045,83.3151,0,0.000,0.000,0.176,-0.264,-0.088,0.088,-0.264,-47.725,32.695,0.000,0.000,-0.088,-0.088,0.176,0.000,0.000,0.439,0.176,0.000,0.000,0.000,0.000,0.000,0.000,0.000,-49.176,33.476,0.000,0.000,0.000,0.000,0.000,0.000,0.000,0.000,0.000,0.026,7.2,11.20,31.0,0.000,0.000,0.000,0.006,0.000,0.000,0.006,0.026,0.006,0.000,0.000,0.000,0.000,0.006,0.000,0.000,0.006,0.006
83.4045,834,0,move,-1,83.4045,83.4159,0,0.000,0.000,0.176,-0.264,-0.088,0.088,-0.264,-48.516,33.135,0.000,0.000,-0.088,-0.088,0.176,0.000,0.000,0.439,0.176,0.000,0.000,0.000,0.000,0.000,0.000,0.000,-49.769,33.806,0.000,0.000,0.000,0.000,0.000,0.000,0.000,0.000,0.000,0.026,6.0,11.20,31.0,0.000,0.000,0.000,0.000,0.000,0.000,0.000,0.026,0.000,0.000,0.000,0.000,0.000,0.006,0.000,0.000,0.013,0.000
83.5045,835,0,move,-1,83.5045,83.5186,0,0.000,0.000,0.176,-0.264,-0.088,0.088,-0.264,-49.131,33.486,0.000,0.000,-0.088,-0.088,0.176,0.000,0.000,0.439,0.176,0.000,0.000,0.000,0.000,0.000,0.000,0.000,-50.260,34.076,0.000,0.000,0.000,0.000,0.000,0.000,0.000,0.000,0.000,0.026,6.4,11.20,31.0,0.000,0.000,0.000,0.000,0.000,0.000,0.006,0.026,0.006,0.000,0.000,0.000,0.000,0.006,0.000,0.000,0.006,0.000
83.6045,836,0,move,-1,83.6045,83.6157,0,0.000,0.000,0.176,-0.264,-0.088,0.088,-0.264,-49.746,33.838,0.000,0.000,-0.088,-0.088,0.176,0.000,0.000,0.439,0.176,0.000,0.000,0.000,0.000,0.000,0.000,0.000,-50.644,34.286,0.000,0.000,0.000,0.000,0.000,0.000,0.000,0.000,0.000,0.026,6.4,11.20,31.0,0.000,0.000,0.000,0.000,0.000,0.000,0.006,0.026,0.006,0.000,0.000,0.000,0.000,0.006,0.000,0.000,0.006,0.000
83.7045,837,0,move,-1,83.7045,83.7179,0,0.000,0.000,0.176,-0.264,-0.088,0.088,-0.264,-50.186,34.014,0.000,0.000,-0.088,-0.088,0.176,0.000,0.000,0.439,0.176,0.000,0.000,0.000,0.000,0.000,0.000,0.000,-50.920,34.437,0.000,0.000,0.000,0.000,0.000,0.000,0.000,0.000,0.000,0.026,6.0,11.20,31.0,0.000,0.000,0.000,0.006,0.000,0.000,0.006,0.026,0.000,0.000,0.000,0.000,0.000,0.006,0.000,0.000,0.006,0.006
83.8045,838,0,move,-1,83.8045,83.8161,0,0.000,0.000,0.176,-0.264,-0.088,0.088,-0.264,-50.273,34.277,0.000,0.000,-0.088,-0.088,0.176,0.000,0.000,0.439,0.176,0.000,0.000,0.000,0.000,0.000,0.000,0.000,-51.087,34.527,0.000,0.000,0.000,0.000,0.000,0.000,0.000,0.000,0.000,0.026,6.0,11.20,31.0,0.000,0.000,0.000,0.006,0.000,0.000,0.006,0.026,0.000,0.000,0.000,0.000,0.000,0.006,0.000,0.000,0.006,0.006
83.9045,839,0,move,-1,83.9045,83.9141,0,0.000,0.000,0.176,-0.264,-0.088,0.088,-0.264,-50.713,34.277,0.000,0.000,-0.088,-0.088,0.176,0.000,0.000,0.439,0.176,0.000,0.000,0.000,0.000,0.000,0.000,0.000,-51.143,34.557,0.000,0.000,0.000,0.000,0.000,0.000,0.000,0.000,0.000,0.045,8.4,11.20,31.0,0.000,0.000,0.006,0.000,0.000,0.000,0.000,0.045,0.006,0.000,0.000,0.000,0.000,0.006,0.000,0.000,0.006,0.000
84.0096,840,0,move,-1,84.0096,84.0203,0,0.000,0.000,0.176,-0.264,-0.088,0.088,-0.264,-50.713,34.277,0.000,0.000,-0.088,-0.088,0.176,0.000,0.000,0.439,0.176,0.000,0.000,0.000,0.000,0.000,0.000,0.000,-51.143,34.557,0.000,0.000,0.000,0.000,0.000,0.000,0.000,0.000,0.000,0.019,5.2,11.20,31.0,0.000,0.000,0.000,0.006,0.000,0.000,0.006,0.019,0.006,0.000,0.000,0.000,0.000,0.006,0.000,0.000,0.006,0.000
84.1045,841,0,move,-1,84.1045,84.1190,0,0.000,0.000,0.176,-0.264,-0.088,0.088,-0.264,-50.713,34.277,0.000,0.000,-0.088,-0.088,0.176,0.000,0.000,0.439,0.176,0.000,0.000,0.000,0.000,0.000,0.000,0.000,-51.143,34.557,0.000,0.000,0.000,0.000,0.000,0.000,0.000,0.000,0.000,0.019,5.2,11.20,31.0,0.000,0.000,0.000,0.006,0.000,0.000,0.006,0.019,0.006,0.000,0.000,0.000,0.000,0.006,0.000,0.000,0.006,0.000
84.2045,842,0,move,-1,84.2045,84.2160,0,0.000,0.000,0.176,-0.264,-0.088,0.088,-0.264,-50.713,34.277,0.000,0.000,-0.088,-0.088,0.176,0.000,0.000,0.439,0.176,0.000,0.000,0.000,0.000,0.000,0.000,0.000,-51.143,34.557,0.000,0.000,0.000,0.000,0.000,0.000,0.000,0.000,0.000,0.006,3.6,11.20,31.0,0.000,0.000,0.000,0.000,0.000,0.000,0.000,0.006,0.000,0.000,0.000,0.000,0.000,0.000,0.000,0.000,0.006,0.000
84.3045,843,0,move,-1,84.3045,84.3144,0,0.000,0.000,0.176,-0.264,-0.088,0.088,-0.264,-50.713,34.277,0.000,0.000,-0.088,-0.088,0.176,0.000,0.000,0.439,0.176,0.000,0.000,0.000,0.000,0.000,0.000,0.000,-51.143,34.557,0.000,0.000,0.000,0.000,0.000,0.000,0.000,0.000,0.000,0.006,3.6,11.20,31.0,0.000,0.000,0.000,0.000,0.000,0.000,0.000,0.006,0.000,0.000,0.000,0.000,0.000,0.000,0.000,0.000,0.006,0.000
84.4045,844,0,move,-1,84.4045,84.4157,0,0.000,0.000,0.176,-0.264,-0.088,0.088,-0.264,-50.713,34.277,0.000,0.000,-0.088,-0.088,0.176,0.000,0.000,0.439,0.176,0.000,0.000,0.000,0.000,0.000,0.000,0.000,-51.143,34.557,0.000,0.000,0.000,0.000,0.000,0.000,0.000,0.000,0.000,0.019,4.8,11.20,31.0,0.000,0.000,0.000,0.000,0.000,0.000,0.006,0.019,0.000,0.000,0.000,0.000,0.000,0.006,0.000,0.000,0.006,0.000
84.5045,845,0,move,-1,84.5045,84.5152,0,0.000,0.000,0.176,-0.264,-0.088,0.088,-0.264,-50.801,34.277,0.000,0.000,-0.088,-0.088,0.176,0.000,0.000,0.439,0.176,0.000,0.000,0.000,0.000,0.000,0.000,0.000,-51.143,34.557,0.000,0.000,0.000,0.000,0.000,0.000,0.000,0.000,0.000,0.019,4.8,11.20,31.0,0.000,0.000,0.000,0.000,0.000,0.000,0.006,0.019,0.000,0.000,0.000,0.000,0.000,0.006,0.000,0.000,0.006,0.000
84.6045,846,0,move,-1,84.6045,84.6155,0,0.000,0.000,0.176,-0.264,-0.088,0.088,-0.264,-50.801,34.277,0.000,0.000,-0.088,-0.088,0.176,0.000,0.000,0.439,0.176,0.000,0.000,0.000,0.000,0.000,0.000,0.000,-51.143,34.557,0.000,0.000,0.000,0.000,0.000,0.000,0.000,0.000,0.000,0.013,4.0,11.20,31.0,0.000,0.000,0.006,0.006,0.000,0.000,0.006,0.013,0.000,0.000,0.000,0.000,0.000,0.006,0.000,0.000,0.006,0.000
84.7045,847,0,move,-1,84.7045,84.7180,0,0.000,0.000,0.176,-0.264,-0.088,0.088,-0.264,-50.801,34.277,0.000,0.000,-0.088,-0.088,0.176,0.000,0.000,0.439,0.176,0.000,0.000,0.000,0.000,0.000,0.000,0.000,-51.143,34.557,0.000,0.000,0.000,0.000,0.000,0.000,0.000,0.000,0.000,0.013,4.0,11.20,31.0,0.000,0.000,0.000,0.000,0.000,0.000,0.006,0.013,0.006,0.000,0.000,0.000,0.000,0.006,0.000,0.000,0.006,0.000
84.8045,848,0,move,-1,84.8045,84.8157,0,0.000,0.000,0.176,-0.264,-0.088,0.088,-0.264,-50.801,34.277,0.000,0.000,-0.088,-0.088,0.176,0.000,0.000,0.439,0.176,0.000,0.000,0.000,0.000,0.000,0.000,0.000,-51.143,34.557,0.000,0.000,0.000,0.000,0.000,0.000,0.000,0.000,0.000,0.013,4.0,11.20,31.0,0.000,0.000,0.000,0.000,0.000,0.000,0.006,0.013,0.006,0.000,0.000,0.000,0.000,0.006,0.000,0.000,0.006,0.000
84.9045,849,0,move,-1,84.9045,84.9161,0,0.000,0.000,0.176,-0.264,-0.088,0.088,-0.264,-50.801,34.277,0.000,0.000,-0.088,-0.088,0.176,0.000,0.000,0.439,0.176,0.000,0.000,0.000,0.000,0.000,0.000,0.000,-51.143,34.557,0.000,0.000,0.000,0.000,0.000,0.000,0.000,0.000,0.000,0.013,4.0,11.20,31.0,0.000,0.000,,0.000,0.000,0.000,0.006,0.013,0.000,0.000,0.000,0.000,0.000,0.006,0.000,0.000,0.006,0.000
85.0045,850,0,move,-1,85.0045,85.0155,0,0.000,0.000,0.176,-0.264,-0.088,0.088,-0.264,-50.801,34.277,0.000,0.000,-0.088,-0.088,0.176,0.000,0.000,0.439,0.176,0.000,0.000,0.000,0.000,0.000,0.000,0.000,-51.143,34.557,0.000,0.000,0.000,0.000,0.000,0.000,0.000,0.000,0.000,0.013,4.0,11.20,31.0,0.000,0.000,,0.000,0.000,0.000,0.006,0.013,0.000,0.000,0.000,0.000,0.000,0.006,0.000,0.000,0.006,0.000
85.1045,851,0,move,-1,85.1045,85.1407,0,0.000,0.000,0.176,-0.264,-0.088,0.088,-0.264,-50.801,34.277,0.000,0.000,-0.088,-0.088,0.176,0.000,0.000,0.439,0.176,0.000,0.000,0.000,0.000,0.000,0.000,0.000,-51.143,34.557,0.000,0.000,0.000,0.000,0.000,0.000,0.000,0.000,0.000,0.019,4.0,11.20,31.0,0.000,0.000,0.000,0.000,0.000,0.000,0.000,0.019,0.000,0.000,0.000,0.000,0.000,0.006,0.000,0.000,0.006,0.000
85.2045,852,0,move,-1,85.2045,85.2160,0,0.000,0.000,0.176,-0.264,-0.088,0.088,-0.264,-50.801,34.277,0.000,0.000,-0.088,-0.088,0.176,0.000,0.000,0.439,0.176,0.000,0.000,0.000,0.000,0.000,0.000,0.000,-51.143,34.557,0.000,0.000,0.000,0.000,0.000,0.000,0.000,0.000,0.000,0.019,4.0,11.20,31.0,0.000,0.000,0.000,0.000,0.000,0.000,0.000,0.019,0.000,0.000,0.000,0.000,0.000,0.006,0.000,0.000,0.006,0.000
85.3045,853,0,move,-1,85.3045,85.3160,0,0.000,0.000,0.176,-0.264,-0.088,0.088,-0.264,-50.801,34.277,0.000,0.000,-0.088,-0.088,0.176,0.000,0.000,0.439,0.176,0.000,0.000,0.000,0.000,0.000,0.000,0.000,-51.143,34.557,0.000,0.000,0.000,0.000,0.000,0.000,0.000,0.000,0.000,0.013,4.0,11.20,31.0,0.000,0.000,0.000,0.006,0.000,0.000,0.000,0.013,0.000,0.000,0.000,0.000,0.000,0.006,0.000,0.000,0.006,0.006
85.4045,854,0,move,-1,85.4045,85.4148,0,0.000,0.000,0.176,-0.264,-0.088,0.088,-0.264,-50.801,34.277,0.000,0.000,-0.088,-0.088,0.176,0.000,0.000,0.439,0.176,0.000,0.000,0.000,0.000,0.000,0.000,0.000,-51.143,34.557,0.000,0.000,0.000,0.000,0.000,0.000,0.000,0.000,0.000,0.013,4.0,11.20,31.0,0.000,0.000,0.000,0.006,0.000,0.000,0.000,0.013,0.000,0.000,0.000,0.000,0.000,0.006,0.000,0.000,0.006,0.006
85.5045,855,0,move,-1,85.5045,85.5162,0,0.000,0.000,0.176,-0.264,-0.088,0.088,-0.264,-50.801,34.277,0.000,0.000,-0.088,-0.088,0.176,0.000,0.000,0.439,0.176,0.000,0.000,0.000,0.000,0.000,0.000,0.000,-51.143,34.557,0.000,0.000,0.000,0.000,0.000,0.000,0.000,0.000,0.000,0.019,4.0,11.20,31.0,0.000,0.000,0.006,0.000,0.000,0.000,0.000,0.019,0.006,0.000,0.000,0.000,0.000,0.006,0.000,0.000,0.013,0.006
85.6043,856,0,move,-1,85.6043,85.6162,0,0.000,0.000,0.176,-0.264,-0.088,0.088,-0.264,-50.801,34.277,0.000,0.000,-0.088,-0.088,0.176,0.000,0.000,0.439,0.176,0.000,0.000,0.000,0.000,0.000,0.000,0.000,-51.143,34.557,0.000,0.000,0.000,0.000,0.000,0.000,0.000,0.000,0.000,0.013,4.0,11.20,31.0,0.000,0.000,0.000,0.000,0.000,0.000,0.006,0.013,0.006,0.000,0.000,0.000,0.000,0.000,0.000,0.000,0.006,0.000
85.7045,857,0,move,-1,85.7045,85.7156,0,0.000,0.000,0.176,-0.264,-0.088,0.088,-0.264,-50.801,34.277,0.000,0.000,-0.088,-0.088,0.176,0.000,0.000,0.439,0.176,0.000,0.000,0.000,0.000,0.000,0.000,0.000,-51.143,34.557,0.000,0.000,0.000,0.000,0.000,0.000,0.000,0.000,0.000,0.013,4.0,11.20,31.0,0.000,0.000,0.000,0.000,0.000,0.000,0.006,0.013,0.006,0.000,0.000,0.000,0.000,0.000,0.000,0.000,0.006,0.000
85.8045,858,0,move,-1,85.8045,85.8163,0,0.000,0.000,0.176,-0.264,-0.088,0.088,-0.264,-50.801,34.277,0.000,0.000,-0.088,-0.088,0.176,0.000,0.000,0.439,0.176,0.000,0.000,0.000,0.000,0.000,0.000,0.000,-51.143,34.557,0.000,0.000,0.000,0.000,0.000,0.000,0.000,0.000,0.000,0.019,4.0,11.20,31.0,0.000,0.000,0.000,0.000,0.000,0.000,0.006,0.019,0.006,0.000,0.000,0.000,0.000,0.000,0.000,0.000,0.013,0.006
85.9045,859,0,move,-1,85.9045,85.9151,0,0.000,0.000,0.176,-0.264,-0.088,0.088,-0.264,-50.801,34.277,0.000,0.000,-0.088,-0.088,0.176,0.000,0.000,0.439,0.176,0.000,0.000,0.000,0.000,0.000,0.000,0.000,-51.143,34.557,0.000,0.000,0.000,0.000,0.000,0.000,0.000,0.000,0.000,0.019,4.0,11.20,31.0,0.000,0.000,0.000,0.000,0.000,0.000,0.006,0.019,0.006,0.000,0.000,0.000,0.000,0.000,0.000,0.000,0.013,0.006
86.0175,860,0,move,-1,86.0175,86.0342,0,0.000,0.000,0.176,-0.264,-0.088,0.088,-0.264,-50.801,34.277,0.000,0.000,-0.088,-0.088,0.176,0.000,0.000,0.439,0.176,0.000,0.000,0.000,0.000,0.000,0.000,0.000,-51.143,34.557,0.000,0.000,0.000,0.000,0.000,0.000,0.000,0.000,0.000,0.013,4.0,11.20,31.0,0.000,0.000,0.006,0.000,0.000,0.000,0.006,0.013,0.006,0.000,0.006,0.000,0.000,0.000,0.000,0.000,0.006,0.000
86.1047,861,0,move,-1,86.1047,86.1107,0,0.000,0.000,0.176,-0.264,-0.088,0.088,-0.264,-50.801,34.277,0.000,0.000,-0.088,-0.088,0.176,0.000,0.000,0.439,0.176,0.000,0.000,0.000,0.000,0.000,0.000,0.000,-51.143,34.557,0.000,0.000,0.000,0.000,0.000,0.000,0.000,0.000,0.000,0.013,4.0,11.20,31.0,0.000,0.000,0.006,0.000,0.000,0.000,0.006,0.013,0.006,0.000,0.006,0.000,0.000,0.000,0.000,0.000,0.006,0.000
86.2045,862,0,move,-1,86.2045,86.2180,0,0.000,0.000,0.176,-0.264,-0.088,0.088,-0.264,-50.801,34.277,0.000,0.000,-0.088,-0.088,0.176,0.000,0.000,0.439,0.176,0.000,0.000,0.000,0.000,0.000,0.000,0.000,-51.143,34.557,0.000,0.000,0.000,0.000,0.000,0.000,0.000,0.000,0.000,0.033,2.4,11.30,32.0,0.000,0.000,0.006,0.006,0.000,0.000,0.000,0.019,0.000,0.000,0.000,0.000,0.000,0.006,0.000,0.000,0.006,0.033
86.3045,863,0,move,-1,86.3045,86.3163,0,0.000,0.000,0.176,-0.264,-0.088,0.088,-0.264,-50.801,34.277,0.000,0.000,-0.088,-0.088,0.176,0.000,0.000,0.439,0.176,0.000,0.000,0.000,0.000,0.000,0.000,0.000,-51.143,34.557,0.000,0.000,0.000,0.000,0.000,0.000,0.000,0.000,0.000,0.033,2.4,11.30,32.0,0.000,0.000,0.006,0.006,0.000,0.000,0.000,0.019,0.000,0.000,0.000,0.000,0.000,0.006,0.000,0.000,0.006,0.033
86.4045,864,0,move,-1,86.4045,86.4176,0,0.000,0.000,0.176,-0.264,-0.088,0.088,-0.264,-50.801,34.277,0.000,0.000,-0.088,-0.088,0.176,0.000,0.000,0.439,0.176,0.000,0.000,0.000,0.000,0.000,0.000,0.000,-51.143,34.557,0.000,0.000,0.000,0.000,0.000,0.000,0.000,0.000,0.000,0.013,4.0,11.20,31.0,0.000,0.000,0.000,0.006,0.000,0.000,0.006,0.013,0.006,0.000,0.000,0.000,0.000,0.006,0.000,0.000,0.006,0.000
86.5045,865,0,move,-1,86.5045,86.5160,0,0.000,0.000,0.176,-0.264,-0.088,0.088,-0.264,-50.801,34.277,0.000,0.000,-0.088,-0.088,0.176,0.000,0.000,0.439,0.176,0.000,0.000,0.000,0.000,0.000,0.000,0.000,-51.143,34.557,0.000,0.000,0.000,0.000,0.000,0.000,0.000,0.000,0.000,0.013,4.0,11.20,31.0,0.000,0.000,0.000,0.006,0.000,0.000,0.006,0.013,0.006,0.000,0.000,0.000,0.000,0.006,0.000,0.000,0.006,0.000
86.6045,866,0,move,-1,86.6045,86.6166,0,0.000,0.000,0.176,-0.264,-0.088,0.088,-0.264,-50.801,34.277,0.000,0.000,-0.088,-0.088,0.176,0.000,0.000,0.439,0.176,0.000,0.000,0.000,0.000,0.000,0.000,0.000,-51.143,34.557,0.000,0.000,0.000,0.000,0.000,0.000,0.000,0.000,0.000,0.013,4.0,11.20,31.0,0.000,0.000,0.000,0.006,0.000,0.000,0.006,0.013,0.000,0.000,0.000,0.000,0.000,0.006,0.000,0.000,0.006,0.000
86.7055,867,0,move,-1,86.7055,86.7188,0,0.000,0.000,0.176,-0.264,-0.088,0.088,-0.264,-50.801,34.277,0.000,0.000,-0.088,-0.088,0.176,0.000,0.000,0.439,0.176,0.000,0.000,0.000,0.000,0.000,0.000,0.000,-51.143,34.557,0.000,0.000,0.000,0.000,0.000,0.000,0.000,0.000,0.000,0.013,4.0,11.20,31.0,0.000,0.000,0.000,0.000,0.000,0.000,0.006,0.013,0.006,0.000,0.000,0.000,0.000,0.000,0.000,0.000,0.013,0.006
86.8045,868,0,move,-1,86.8045,86.8154,0,0.000,0.000,0.176,-0.264,-0.088,0.088,-0.264,-50.801,34.277,0.000,0.000,-0.088,-0.088,0.176,0.000,0.000,0.439,0.176,0.000,0.000,0.000,0.000,0.000,0.000,0.000,-51.143,34.557,0.000,0.000,0.000,0.000,0.000,0.000,0.000,0.000,0.000,0.013,4.0,11.20,31.0,0.000,0.000,0.000,0.000,0.000,0.000,0.006,0.013,0.006,0.000,0.000,0.000,0.000,0.000,0.000,0.000,0.013,0.006
86.9045,869,0,move,-1,86.9045,86.9168,0,0.000,0.000,0.176,-0.264,-0.088,0.088,-0.264,-50.801,34.277,0.000,0.000,-0.088,-0.088,0.176,0.000,0.000,0.439,0.176,0.000,0.000,0.000,0.000,0.000,0.000,0.000,-51.143,34.557,0.000,0.000,0.000,0.000,0.000,0.000,0.000,0.000,0.000,0.013,4.0,11.20,31.0,0.000,0.000,0.000,0.006,0.000,0.000,0.006,0.013,0.006,0.000,0.000,0.000,0.000,0.006,0.000,0.000,0.013,0.006
87.0045,870,0,move,-1,87.0045,87.0154,0,0.000,0.000,0.176,-0.264,-0.088,0.088,-0.264,-50.801,34.277,0.000,0.000,-0.088,-0.088,0.176,0.000,0.000,0.439,0.176,0.000,0.000,0.000,0.000,0.000,0.000,0.000,-51.143,34.557,0.000,0.000,0.000,0.000,0.000,0.000,0.000,0.000,0.000,0.013,4.0,11.20,31.0,0.000,0.000,0.000,0.006,0.000,0.000,0.006,0.013,0.006,0.000,0.000,0.000,0.000,0.006,0.000,0.000,0.013,0.006
87.1045,871,0,move,-1,87.1045,87.1146,0,0.000,0.000,0.176,-0.264,-0.088,0.088,-0.264,-50.801,34.277,0.000,0.000,-0.088,-0.088,0.176,0.000,0.000,0.439,0.176,0.000,0.000,0.000,0.000,0.000,0.000,0.000,-51.143,34.557,0.000,0.000,0.000,0.000,0.000,0.000,0.000,0.000,0.000,0.013,4.0,11.20,31.0,0.000,0.000,0.000,0.006,0.000,0.000,0.006,0.013,0.000,0.000,0.000,0.000,0.000,0.000,0.000,0.000,0.006,0.000
87.2045,872,0,move,-1,87.2045,87.2112,0,0.000,0.000,0.176,-0.264,-0.088,0.088,-0.264,-50.801,34.277,0.000,0.000,-0.088,-0.088,0.176,0.000,0.000,0.439,0.176,0.000,0.000,0.000,0.000,0.000,0.000,0.000,-51.143,34.557,0.000,0.000,0.000,0.000,0.000,0.000,0.000,0.000,0.000,0.013,4.0,11.20,31.0,0.000,0.000,0.000,0.006,0.000,0.000,0.006,0.013,0.000,0.000,0.000,0.000,0.000,0.000,0.000,0.000,0.006,0.000
87.3045,873,0,move,-1,87.3045,87.3165,0,0.000,0.000,0.176,-0.264,-0.088,0.088,-0.264,-50.801,34.277,0.000,0.000,-0.088,-0.088,0.176,0.000,0.000,0.439,0.176,0.000,0.000,0.000,0.000,0.000,0.000,0.000,-51.143,34.557,0.000,0.000,0.000,0.000,0.000,0.000,0.000,0.000,0.000,0.013,4.0,11.20,31.0,0.000,0.000,0.000,0.006,0.000,0.000,0.006,0.013,0.000,0.000,0.000,0.000,0.000,0.000,0.000,0.000,0.006,0.006
87.4045,874,0,move,-1,87.4045,87.4151,0,0.000,0.000,0.176,-0.264,-0.088,0.088,-0.264,-50.801,34.277,0.000,0.000,-0.088,-0.088,0.176,0.000,0.000,0.439,0.176,0.000,0.000,0.000,0.000,0.000,0.000,0.000,-51.143,34.557,0.000,0.000,0.000,0.000,0.000,0.000,0.000,0.000,0.000,0.013,4.0,11.20,31.0,0.000,0.000,0.000,0.006,0.000,0.000,0.006,0.013,0.000,0.000,0.000,0.000,0.000,0.000,0.000,0.000,0.006,0.006
87.5045,875,0,move,-1,87.5045,87.5162,0,0.000,0.000,0.176,-0.264,-0.088,0.088,-0.264,-50.801,34.277,0.000,0.000,-0.088,-0.088,0.176,0.000,0.000,0.439,0.176,0.000,0.000,0.000,0.000,0.000,0.000,0.000,-51.143,34.557,0.000,0.000,0.000,0.000,0.000,0.000,0.000,0.000,0.000,0.013,4.0,11.20,31.0,0.000,0.000,0.000,0.006,0.000,0.000,0.000,0.013,0.000,0.000,0.000,0.000,0.000,0.006,0.000,0.000,0.006,0.000
87.6045,876,0,move,-1,87.6045,87.6137,0,0.000,0.000,0.176,-0.264,-0.088,0.088,-0.264,-50.801,34.277,0.000,0.000,-0.088,-0.088,0.176,0.000,0.000,0.439,0.176,0.000,0.000,0.000,0.000,0.000,0.000,0.000,-51.143,34.557,0.000,0.000,0.000,0.000,0.000,0.000,0.000,0.000,0.000,0.013,4.0,11.20,31.0,0.000,0.000,0.000,0.006,0.000,0.000,0.000,0.013,0.000,0.000,0.000,0.000,0.000,0.006,0.000,0.000,0.006,0.000
87.7043,877,0,move,-1,87.7043,87.7147,0,0.000,0.000,0.176,-0.264,-0.088,0.088,-0.264,-50.801,34.277,0.000,0.000,-0.088,-0.088,0.176,0.000,0.000,0.439,0.176,0.000,0.000,0.000,0.000,0.000,0.000,0.000,-51.143,34.557,0.000,0.000,0.000,0.000,0.000,0.000,0.000,0.000,0.000,0.013,4.0,11.20,31.0,0.000,0.000,0.000,0.000,0.000,0.000,0.006,0.013,0.006,0.000,0.000,0.000,0.000,0.000,0.000,0.000,0.006,0.000
87.8045,878,0,move,-1,87.8045,87.8145,0,0.000,0.000,0.176,-0.264,-0.088,0.088,-0.264,-50.801,34.277,0.000,0.000,-0.088,-0.088,0.176,0.000,0.000,0.439,0.176,0.000,0.000,0.000,0.000,0.000,0.000,0.000,-51.143,34.557,0.000,0.000,0.000,0.000,0.000,0.000,0.000,0.000,0.000,0.013,4.0,11.20,31.0,0.000,0.000,0.000,0.000,0.000,0.000,0.006,0.013,0.006,0.000,0.000,0.000,0.000,0.000,0.000,0.000,0.006,0.000
87.9045,879,0,move,-1,87.9045,87.9154,0,0.000,0.000,0.176,-0.264,-0.088,0.088,-0.264,-50.801,34.277,0.000,0.000,-0.088,-0.088,0.176,0.000,0.000,0.439,0.176,0.000,0.000,0.000,0.000,0.000,0.000,0.000,-51.143,34.557,0.000,0.000,0.000,0.000,0.000,0.000,0.000,0.000,0.000,0.013,4.0,11.20,31.0,0.000,0.000,0.000,0.006,0.000,0.000,0.000,0.013,0.000,0.000,0.000,0.000,0.000,0.006,0.000,0.000,0.006,0.000
88.0045,880,0,move,-1,88.0045,88.0148,0,0.000,0.000,0.176,-0.264,-0.088,0.088,-0.264,-50.801,34.277,0.000,0.000,-0.088,-0.088,0.176,0.000,0.000,0.439,0.176,0.000,0.000,0.000,0.000,0.000,0.000,0.000,-51.143,34.557,0.000,0.000,0.000,0.000,0.000,0.000,0.000,0.000,0.000,0.013,4.0,11.20,31.0,0.000,0.000,0.000,0.006,0.000,0.000,0.000,0.013,0.000,0.000,0.000,0.000,0.000,0.006,0.000,0.000,0.006,0.000
88.1045,881,0,move,-1,88.1045,88.1152,0,0.000,0.000,0.176,-0.264,-0.088,0.088,-0.264,-50.801,34.277,0.000,0.000,-0.088,-0.088,0.176,0.000,0.000,0.439,0.176,0.000,0.000,0.000,0.000,0.000,0.000,0.000,-51.143,34.557,0.000,0.000,0.000,0.000,0.000,0.000,0.000,0.000,0.000,0.013,4.0,11.20,31.0,0.000,0.000,0.000,0.006,0.000,0.000,0.006,0.013,0.006,0.000,0.000,0.000,0.000,0.000,0.000,0.000,0.013,0.000
88.2043,882,0,move,-1,88.2043,88.2162,0,0.000,0.000,0.176,-0.264,-0.088,0.088,-0.264,-50.801,34.277,0.000,0.000,-0.088,-0.088,0.176,0.000,0.000,0.439,0.176,0.000,0.000,0.000,0.000,0.000,0.000,0.000,-51.143,34.557,0.000,0.000,0.000,0.000,0.000,0.000,0.000,0.000,0.000,0.019,4.0,11.20,31.0,0.000,0.000,0.006,0.006,0.000,0.000,0.006,0.019,0.000,0.000,0.000,0.000,0.000,0.000,0.000,0.000,0.006,0.006
88.3045,883,0,move,-1,88.3045,88.3151,0,0.000,0.000,0.176,-0.264,-0.088,0.088,-0.264,-50.801,34.277,0.000,0.000,-0.088,-0.088,0.176,0.000,0.000,0.439,0.176,0.000,0.000,0.000,0.000,0.000,0.000,0.000,-51.143,34.557,0.000,0.000,0.000,0.000,0.000,0.000,0.000,0.000,0.000,0.019,4.0,11.20,31.0,0.000,0.000,0.006,0.006,0.000,0.000,0.006,0.019,0.000,0.000,0.000,0.000,0.000,0.000,0.000,0.000,0.006,0.006
88.4045,884,0,move,-1,88.4045,88.4160,0,0.000,0.000,0.176,-0.264,-0.088,0.088,-0.264,-50.801,34.277,0.000,0.000,-0.088,-0.088,0.176,0.000,0.000,0.439,0.176,0.000,0.000,0.000,0.000,0.000,0.000,0.000,-51.143,34.557,0.000,0.000,0.000,0.000,0.000,0.000,0.000,0.000,0.000,0.013,4.0,11.20,31.0,0.000,0.000,0.000,0.000,0.000,0.000,0.006,0.013,0.000,0.000,0.000,0.000,0.000,0.006,0.000,0.000,0.006,0.006
88.5045,885,0,move,-1,88.5045,88.5160,0,0.000,0.000,0.176,-0.264,-0.088,0.088,-0.264,-50.801,34.277,0.000,0.000,-0.088,-0.088,0.176,0.000,0.000,0.439,0.176,0.000,0.000,0.000,0.000,0.000,0.000,0.000,-51.143,34.557,0.000,0.000,0.000,0.000,0.000,0.000,0.000,0.000,0.000,0.013,4.0,11.20,31.0,0.000,0.000,0.000,0.006,0.000,0.000,0.006,0.013,0.000,0.000,0.000,0.000,0.000,0.006,0.000,0.000,0.006,0.006
88.6045,886,0,move,-1,88.6045,88.6182,0,0.000,0.000,0.176,-0.264,-0.088,0.088,-0.264,-50.801,34.277,0.000,0.000,-0.088,-0.088,0.176,0.000,0.000,0.439,0.176,0.000,0.000,0.000,0.000,0.000,0.000,0.000,-51.143,34.557,0.000,0.000,0.000,0.000,0.000,0.000,0.000,0.000,0.000,0.013,4.0,11.20,31.0,0.000,0.000,0.000,0.006,0.000,0.000,0.000,0.013,0.006,0.000,0.000,0.000,0.000,0.000,0.000,0.000,0.006,0.000
88.7048,887,0,move,-1,88.7048,88.7424,0,0.000,0.000,0.176,-0.264,-0.088,0.088,-0.264,-50.801,34.277,0.000,0.000,-0.088,-0.088,0.176,0.000,0.000,0.439,0.176,0.000,0.000,0.000,0.000,0.000,0.000,0.000,-51.143,34.557,0.000,0.000,0.000,0.000,0.000,0.000,0.000,0.000,0.000,0.019,4.0,11.20,31.0,0.000,0.000,0.000,0.006,0.000,0.000,0.006,0.019,0.006,0.000,0.000,0.000,0.000,0.006,0.000,0.000,0.006,0.006
88.8045,888,0,move,-1,88.8045,88.8189,0,0.000,0.000,0.176,-0.264,-0.088,0.088,-0.264,-50.801,34.277,0.000,0.000,-0.088,-0.088,0.176,0.000,0.000,0.439,0.176,0.000,0.000,0.000,0.000,0.000,0.000,0.000,-51.143,34.557,0.000,0.000,0.000,0.000,0.000,0.000,0.000,0.000,0.000,0.019,4.0,11.20,31.0,0.000,0.000,0.000,0.006,0.000,0.000,0.006,0.019,0.006,0.000,0.000,0.000,0.000,0.006,0.000,0.000,0.006,0.006
88.9045,889,0,move,-1,88.9045,88.9152,0,0.000,0.000,0.176,-0.264,-0.088,0.088,-0.264,-50.801,34.277,0.000,0.000,-0.088,-0.088,0.176,0.000,0.000,0.439,0.176,0.000,0.000,0.000,0.000,0.000,0.000,0.000,-51.143,34.557,0.000,0.000,0.000,0.000,0.000,0.000,0.000,0.000,0.000,0.013,4.0,11.20,31.0,0.000,0.000,0.000,0.000,0.000,0.000,0.000,0.013,0.000,0.000,0.000,0.000,0.000,0.006,0.000,0.000,0.006,0.000
89.0043,890,0,move,-1,89.0043,89.0174,0,0.000,0.000,0.176,-0.264,-0.088,0.088,-0.264,-50.801,34.277,0.000,0.000,-0.088,-0.088,0.176,0.000,0.000,0.439,0.176,0.000,0.000,0.000,0.000,0.000,0.000,0.000,-51.143,34.557,0.000,0.000,0.000,0.000,0.000,0.000,0.000,0.000,0.000,0.013,4.0,11.20,31.0,0.000,0.000,0.000,0.000,0.000,0.000,0.006,0.013,0.006,0.000,0.000,0.000,0.000,0.006,0.000,0.000,0.006,0.000
89.1045,891,0,move,-1,89.1045,89.1151,0,0.000,0.000,0.176,-0.264,-0.088,0.088,-0.264,-50.801,34.277,0.000,0.000,-0.088,-0.088,0.176,0.000,0.000,0.439,0.176,0.000,0.000,0.000,0.000,0.000,0.000,0.000,-51.143,34.557,0.000,0.000,0.000,0.000,0.000,0.000,0.000,0.000,0.000,0.013,4.0,11.20,31.0,0.000,0.000,0.000,0.000,0.000,0.000,0.006,0.013,0.006,0.000,0.000,0.000,0.000,0.006,0.000,0.000,0.006,0.000
89.2045,892,0,move,-1,89.2045,89.2151,0,0.000,0.000,0.176,-0.264,-0.088,0.088,-0.264,-50.801,34.277,0.000,0.000,-0.088,-0.088,0.176,0.000,0.000,0.439,0.176,0.000,0.000,0.000,0.000,0.000,0.000,0.000,-51.143,34.557,0.000,0.000,0.000,0.000,0.000,0.000,0.000,0.000,0.000,0.013,4.0,11.20,31.0,0.000,0.000,0.006,0.006,0.000,0.000,0.006,0.013,0.006,0.000,0.000,0.000,0.000,0.006,0.000,0.000,0.006,0.000
89.3045,893,0,move,-1,89.3045,89.3145,0,0.000,0.000,0.176,-0.264,-0.088,0.088,-0.264,-50.801,34.277,0.000,0.000,-0.088,-0.088,0.176,0.000,0.000,0.439,0.176,0.000,0.000,0.000,0.000,0.000,0.000,0.000,-51.143,34.557,0.000,0.000,0.000,0.000,0.000,0.000,0.000,0.000,0.000,0.013,4.0,11.20,31.0,0.000,0.000,0.006,0.006,0.000,0.000,0.006,0.013,0.006,0.000,0.000,0.000,0.000,0.006,0.000,0.000,0.006,0.000
89.4117,894,0,move,-1,89.4117,89.4227,0,0.000,0.000,0.176,-0.264,-0.088,0.088,-0.264,-50.801,34.277,0.000,0.000,-0.088,-0.088,0.176,0.000,0.000,0.439,0.176,0.000,0.000,0.000,0.000,0.000,0.000,0.000,-51.143,34.557,0.000,0.000,0.000,0.000,0.000,0.000,0.000,0.000,0.000,0.013,4.0,11.20,31.0,0.000,0.000,0.000,0.000,0.000,0.000,0.006,0.013,0.006,0.000,0.000,0.000,0.000,0.006,0.000,0.000,0.006,0.006
89.5045,895,0,move,-1,89.5045,89.5154,0,0.000,0.000,0.176,-0.264,-0.088,0.088,-0.264,-50.801,34.277,0.000,0.000,-0.088,-0.088,0.176,0.000,0.000,0.439,0.176,0.000,0.000,0.000,0.000,0.000,0.000,0.000,-51.143,34.557,0.000,0.000,0.000,0.000,0.000,0.000,0.000,0.000,0.000,0.013,4.0,11.20,31.0,0.000,0.000,0.000,0.000,0.000,0.000,0.006,0.013,0.006,0.000,0.000,0.000,0.000,0.006,0.000,0.000,0.006,0.006
89.6045,896,0,move,-1,89.6045,89.6162,0,0.000,0.000,0.176,-0.264,-0.088,0.088,-0.264,-50.801,34.277,0.000,0.000,-0.088,-0.088,0.176,0.000,0.000,0.439,0.176,0.000,0.000,0.000,0.000,0.000,0.000,0.000,-51.143,34.557,0.000,0.000,0.000,0.000,0.000,0.000,0.000,0.000,0.000,0.019,4.0,11.20,31.0,0.000,0.000,0.000,0.000,0.000,0.000,0.006,0.019,0.006,0.000,0.000,0.000,0.000,0.006,0.000,0.000,0.006,0.000
89.7045,897,0,move,-1,89.7045,89.7149,0,0.000,0.000,0.176,-0.264,-0.088,0.088,-0.264,-50.801,34.277,0.000,0.000,-0.088,-0.088,0.176,0.000,0.000,0.439,0.176,0.000,0.000,0.000,0.000,0.000,0.000,0.000,-51.143,34.557,0.000,0.000,0.000,0.000,0.000,0.000,0.000,0.000,0.000,0.019,4.0,11.20,31.0,0.000,0.000,0.000,0.000,0.000,0.000,0.006,0.019,0.006,0.000,0.000,0.000,0.000,0.006,0.000,0.000,0.006,0.000
89.8046,898,0,move,-1,89.8046,89.8154,0,0.000,0.000,0.176,-0.264,-0.088,0.088,-0.264,-50.801,34.277,0.000,0.000,-0.088,-0.088,0.176,0.000,0.000,0.439,0.176,0.000,0.000,0.000,0.000,0.000,0.000,0.000,-51.143,34.557,0.000,0.000,0.000,0.000,0.000,0.000,0.000,0.000,0.000,0.013,4.0,11.20,31.0,0.000,0.000,0.000,0.000,0.000,0.000,0.006,0.013,0.000,0.000,0.000,0.000,0.000,0.006,0.000,0.000,0.006,0.000
89.9045,899,0,move,-1,89.9045,89.9154,0,0.000,0.000,0.176,-0.264,-0.088,0.088,-0.264,-50.801,34.277,0.000,0.000,-0.088,-0.088,0.176,0.000,0.000,0.439,0.176,0.000,0.000,0.000,0.000,0.000,0.000,0.000,-51.143,34.557,0.000,0.000,0.000,0.000,0.000,0.000,0.000,0.000,0.000,0.013,4.0,11.20,31.0,0.000,0.000,0.000,0.000,0.000,0.000,0.006,0.013,0.000,0.000,0.000,0.000,0.000,0.006,0.000,0.000,0.006,0.000
90.0045,900,0,move,-1,90.0045,90.0167,0,0.000,0.000,0.176,-0.264,-0.088,0.088,-0.264,-50.801,34.277,0.000,0.000,-0.088,-0.088,0.176,0.000,0.000,0.439,0.176,0.000,0.000,0.000,0.000,0.000,0.000,0.000,-51.143,34.557,0.000,0.000,0.000,0.000,0.000,0.000,0.000,0.000,0.000,0.013,4.0,11.20,31.0,0.000,0.000,0.000,0.006,0.000,0.000,0.000,0.013,0.000,0.000,0.000,0.000,0.000,0.006,0.000,0.000,0.006,0.006
90.1045,901,0,move,-1,90.1045,90.1172,0,0.000,0.000,0.176,-0.264,-0.088,0.088,-0.264,-50.801,34.277,0.000,0.000,-0.088,-0.088,0.176,0.000,0.000,0.439,0.176,0.000,0.000,0.000,0.000,0.000,0.000,0.000,-51.143,34.557,0.000,0.000,0.000,0.000,0.000,0.000,0.000,0.000,0.000,0.013,4.0,11.20,31.0,0.000,0.000,0.000,0.000,0.000,0.000,0.006,0.013,0.000,0.000,0.000,0.000,0.000,0.006,0.000,0.000,0.006,0.000
90.2048,902,0,move,-1,90.2048,90.2459,0,0.000,0.000,0.176,-0.264,-0.088,0.088,-0.264,-50.801,34.277,0.000,0.000,-0.088,-0.088,0.176,0.000,0.000,0.439,0.176,0.000,0.000,0.000,0.000,0.000,0.000,0.000,-51.143,34.557,0.000,0.000,0.000,0.000,0.000,0.000,0.000,0.000,0.000,0.013,4.0,11.20,31.0,0.000,0.000,0.000,0.006,0.000,0.000,0.006,0.013,0.000,0.000,0.000,0.000,0.000,0.006,0.000,0.000,0.006,0.000
90.3045,903,0,move,-1,90.3045,90.3149,0,0.000,0.000,0.176,-0.264,-0.088,0.088,-0.264,-50.801,34.277,0.000,0.000,-0.088,-0.088,0.176,0.000,0.000,0.439,0.176,0.000,0.000,0.000,0.000,0.000,0.000,0.000,-51.143,34.557,0.000,0.000,0.000,0.000,0.000,0.000,0.000,0.000,0.000,0.013,4.0,11.20,31.0,0.000,0.000,0.000,0.006,0.000,0.000,0.006,0.013,0.000,0.000,0.000,0.000,0.000,0.006,0.000,0.000,0.006,0.000
90.4043,904,0,move,-1,90.4043,90.4153,0,0.000,0.000,0.176,-0.264,-0.088,0.088,-0.264,-50.801,34.277,0.000,0.000,-0.088,-0.088,0.176,0.000,0.000,0.439,0.176,0.000,0.000,0.000,0.000,0.000,0.000,0.000,-51.143,34.557,0.000,0.000,0.000,0.000,0.000,0.000,0.000,0.000,0.000,0.019,4.0,11.20,31.0,0.000,0.000,0.000,0.006,0.000,0.000,0.000,0.019,0.006,0.000,0.000,0.000,0.000,0.006,0.006,0.000,0.006,0.006
90.5045,905,0,move,-1,90.5045,90.5149,0,0.000,0.000,0.176,-0.264,-0.088,0.088,-0.264,-50.801,34.277,0.000,0.000,-0.088,-0.088,0.176,0.000,0.000,0.439,0.176,0.000,0.000,0.000,0.000,0.000,0.000,0.000,-51.143,34.557,0.000,0.000,0.000,0.000,0.000,0.000,0.000,0.000,0.000,0.019,4.0,11.20,31.0,0.000,0.000,0.000,0.006,0.000,0.000,0.000,0.019,0.006,0.000,0.000,0.000,0.000,0.006,0.006,0.000,0.006,0.006
90.6045,906,0,move,-1,90.6045,90.6147,0,0.000,0.000,0.176,-0.264,-0.088,0.088,-0.264,-50.801,34.277,0.000,0.000,-0.088,-0.088,0.176,0.000,0.000,0.439,0.176,0.000,0.000,0.000,0.000,0.000,0.000,0.000,-51.143,34.557,0.000,0.000,0.000,0.000,0.000,0.000,0.000,0.000,0.000,0.013,4.0,11.20,31.0,0.000,0.000,0.000,0.000,0.000,0.000,0.006,0.013,0.000,0.000,0.000,0.000,0.000,0.006,0.000,0.000,0.006,0.000
90.7045,907,0,move,-1,90.7045,90.7179,0,0.000,0.000,0.176,-0.264,-0.088,0.088,-0.264,-50.801,34.277,0.000,0.000,-0.088,-0.088,0.176,0.000,0.000,0.439,0.176,0.000,0.000,0.000,0.000,0.000,0.000,0.000,-51.143,34.557,0.000,0.000,0.000,0.000,0.000,0.000,0.000,0.000,0.000,0.013,4.0,11.20,31.0,0.000,0.000,0.000,0.006,0.000,0.000,0.006,0.013,0.000,0.000,0.000,0.000,0.000,0.006,0.000,0.000,0.006,0.006
90.8045,908,0,move,-1,90.8045,90.8161,0,0.000,0.000,0.176,-0.264,-0.088,0.088,-0.264,-50.801,34.277,0.000,0.000,-0.088,-0.088,0.176,0.000,0.000,0.439,0.176,0.000,0.000,0.000,0.000,0.000,0.000,0.000,-51.143,34.557,0.000,0.000,0.000,0.000,0.000,0.000,0.000,0.000,0.000,0.013,4.0,11.20,31.0,0.000,0.000,0.000,0.006,0.000,0.000,0.006,0.013,0.000,0.000,0.000,0.000,0.000,0.006,0.000,0.000,0.006,0.006
90.9046,909,0,move,-1,90.9046,90.9167,0,0.000,0.000,0.176,-0.264,-0.088,0.088,-0.264,-50.801,34.277,0.000,0.000,-0.088,-0.088,0.176,0.000,0.000,0.439,0.176,0.000,0.000,0.000,0.000,0.000,0.000,0.000,-51.143,34.557,0.000,0.000,0.000,0.000,0.000,0.000,0.000,0.000,0.000,0.013,4.0,11.20,31.0,0.000,0.000,0.000,0.006,0.000,0.000,0.000,0.013,0.000,0.000,0.000,0.000,0.000,0.006,0.000,0.000,0.013,0.006
91.0045,910,0,move,-1,91.0045,91.0160,0,0.000,0.000,0.176,-0.264,-0.088,0.088,-0.264,-50.801,34.277,0.000,0.000,-0.088,-0.088,0.176,0.000,0.000,0.439,0.176,0.000,0.000,0.000,0.000,0.000,0.000,0.000,-51.143,34.557,0.000,0.000,0.000,0.000,0.000,0.000,0.000,0.000,0.000,0.013,4.0,11.20,31.0,0.000,0.000,0.000,0.006,0.000,0.000,0.000,0.013,0.000,0.000,0.000,0.000,0.000,0.006,0.000,0.000,0.013,0.006
91.1045,911,0,move,-1,91.1045,91.1164,0,0.000,0.000,0.176,-0.264,-0.088,0.088,-0.264,-50.801,34.277,0.000,0.000,-0.088,-0.088,0.176,0.000,0.000,0.439,0.176,0.000,0.000,0.000,0.000,0.000,0.000,0.000,-51.143,34.557,0.000,0.000,0.000,0.000,0.000,0.000,0.000,0.000,0.000,0.013,4.0,11.20,31.0,0.000,0.000,0.000,0.000,0.000,0.000,0.006,0.013,0.006,0.000,0.000,0.000,0.000,0.006,0.000,0.000,0.006,0.000
91.2045,912,0,move,-1,91.2045,91.2149,0,0.000,0.000,0.176,-0.264,-0.088,0.088,-0.264,-50.801,34.277,0.000,0.000,-0.088,-0.088,0.176,0.000,0.000,0.439,0.176,0.000,0.000,0.000,0.000,0.000,0.000,0.000,-51.143,34.557,0.000,0.000,0.000,0.000,0.000,0.000,0.000,0.000,0.000,0.013,4.0,11.20,31.0,0.000,0.000,0.000,0.000,0.000,0.000,0.006,0.013,0.006,0.000,0.000,0.000,0.000,0.006,0.000,0.000,0.006,0.000
91.3045,913,0,move,-1,91.3045,91.3152,0,0.000,0.000,0.176,-0.264,-0.088,0.088,-0.264,-50.801,34.277,0.000,0.000,-0.088,-0.088,0.176,0.000,0.000,0.439,0.176,0.000,0.000,0.000,0.000,0.000,0.000,0.000,-51.143,34.557,0.000,0.000,0.000,0.000,0.000,0.000,0.000,0.000,0.000,0.013,4.0,11.20,31.0,0.000,0.000,0.000,0.006,0.000,0.000,0.006,0.013,0.006,0.000,0.000,0.000,0.000,0.006,0.000,0.000,0.006,0.000
91.4045,914,0,move,-1,91.4045,91.4163,0,0.000,0.000,0.176,-0.264,-0.088,0.088,-0.264,-50.801,34.277,0.000,0.000,-0.088,-0.088,0.176,0.000,0.000,0.439,0.176,0.000,0.000,0.000,0.000,0.000,0.000,0.000,-51.143,34.557,0.000,0.000,0.000,0.000,0.000,0.000,0.000,0.000,0.000,0.013,4.0,11.20,31.0,0.000,0.000,0.000,0.006,0.000,0.000,0.000,0.013,0.006,0.000,0.000,0.000,0.000,0.006,0.000,0.000,0.006,0.000
91.5045,915,0,move,-1,91.5045,91.5184,0,0.000,0.000,0.176,-0.264,-0.088,0.088,-0.264,-50.801,34.277,0.000,0.000,-0.088,-0.088,0.176,0.000,0.000,0.439,0.176,0.000,0.000,0.000,0.000,0.000,0.000,0.000,-51.143,34.557,0.000,0.000,0.000,0.000,0.000,0.000,0.000,0.000,0.000,0.013,4.0,11.20,31.0,0.000,0.000,0.000,0.000,0.000,0.000,0.000,0.013,0.006,0.000,0.000,0.000,0.000,0.006,0.000,0.000,0.006,0.006
91.6045,916,0,move,-1,91.6045,91.6144,0,0.000,0.000,0.176,-0.264,-0.088,0.088,-0.264,-50.801,34.277,0.000,0.000,-0.088,-0.088,0.176,0.000,0.000,0.439,0.176,0.000,0.000,0.000,0.000,0.000,0.000,0.000,-51.143,34.557,0.000,0.000,0.000,0.000,0.000,0.000,0.000,0.000,0.000,0.013,4.0,11.20,31.0,0.000,0.000,0.000,0.000,0.000,0.000,0.000,0.013,0.006,0.000,0.000,0.000,0.000,0.006,0.000,0.000,0.006,0.006
91.7045,917,0,move,-1,91.7045,91.7162,0,0.000,0.000,0.176,-0.264,-0.088,0.088,-0.264,-50.801,34.277,0.000,0.000,-0.088,-0.088,0.176,0.000,0.000,0.439,0.176,0.000,0.000,0.000,0.000,0.000,0.000,0.000,-51.143,34.557,0.000,0.000,0.000,0.000,0.000,0.000,0.000,0.000,0.000,0.013,4.0,11.20,31.0,0.000,0.000,0.006,0.000,0.000,0.000,0.000,0.013,0.006,0.000,0.000,0.000,0.000,0.006,0.000,0.000,0.006,0.000
91.8045,918,0,move,-1,91.8045,91.8186,0,0.000,0.000,0.176,-0.264,-0.088,0.088,-0.264,-50.801,34.277,0.000,0.000,-0.088,-0.088,0.176,0.000,0.000,0.439,0.176,0.000,0.000,0.000,0.000,0.000,0.000,0.000,-51.143,34.557,0.000,0.000,0.000,0.000,0.000,0.000,0.000,0.000,0.000,0.013,4.0,11.20,31.0,0.000,0.000,0.000,0.006,0.000,0.000,0.000,0.013,0.000,0.000,0.000,0.000,0.000,0.006,0.000,0.000,0.013,0.000
91.9045,919,0,move,-1,91.9045,91.9149,0,0.000,0.000,0.176,-0.264,-0.088,0.088,-0.264,-50.801,34.277,0.000,0.000,-0.088,-0.088,0.176,0.000,0.000,0.439,0.176,0.000,0.000,0.000,0.000,0.000,0.000,0.000,-51.143,34.557,0.000,0.000,0.000,0.000,0.000,0.000,0.000,0.000,0.000,0.013,4.0,11.20,31.0,0.000,0.000,0.000,0.006,0.000,0.000,0.000,0.013,0.000,0.000,0.000,0.000,0.000,0.006,0.000,0.000,0.013,0.000
92.0045,920,0,move,-1,92.0045,92.0161,0,0.000,0.000,0.176,-0.264,-0.088,0.088,-0.264,-50.801,34.277,0.000,0.000,-0.088,-0.088,0.176,0.000,0.000,0.439,0.176,0.000,0.000,0.000,0.000,0.000,0.000,0.000,-51.045,34.512,0.000,0.000,0.000,0.000,0.000,0.000,0.000,0.000,0.000,0.013,4.0,11.20,31.0,0.000,0.000,0.000,0.000,0.000,0.000,0.006,0.013,0.000,0.000,0.000,0.000,0.000,0.006,0.000,0.000,0.013,0.006
92.1045,921,0,move,-1,92.1045,92.1187,0,0.000,0.000,0.176,-0.264,-0.088,0.088,-0.264,-50.801,34.277,0.000,0.000,-0.088,-0.088,0.176,0.000,0.000,0.439,0.176,0.000,0.000,0.000,0.000,0.000,0.000,0.000,-50.765,34.384,0.000,0.000,0.000,0.000,0.000,0.000,0.000,0.000,0.000,0.013,4.8,11.30,32.0,0.000,0.000,0.006,0.000,0.000,0.000,0.006,0.006,0.000,0.000,0.000,0.000,0.000,0.006,0.000,0.000,0.013,0.000
92.2046,922,0,move,-1,92.2046,92.2150,0,0.000,0.000,0.176,-0.264,-0.088,0.088,-0.264,-50.625,34.277,0.000,0.000,-0.088,-0.088,0.176,0.000,0.000,0.439,0.176,0.000,0.000,0.000,0.000,0.000,0.000,0.000,-50.327,34.182,0.000,0.000,0.000,0.000,0.000,0.000,0.000,0.000,0.000,0.013,4.8,11.30,32.0,0.000,0.000,0.006,0.000,0.000,0.000,0.006,0.006,0.000,0.000,0.000,0.000,0.000,0.006,0.000,0.000,0.013,0.000
92.3045,923,0,move,-1,92.3045,92.3158,0,0.000,0.000,0.176,-0.264,-0.088,0.088,-0.264,-50.537,34.277,0.000,0.000,-0.088,-0.088,0.176,0.000,0.000,0.439,0.176,0.000,0.000,0.000,0.000,0.000,0.000,0.000,-49.772,33.924,0.000,0.000,0.000,0.000,0.000,0.000,0.000,0.000,0.000,0.006,2.4,11.30,33.0,0.000,0.000,0.006,0.006,0.000,0.000,0.006,0.000,0.000,0.000,0.000,0.000,0.000,0.006,0.000,0.000,0.006,0.006
92.4045,924,0,move,-1,92.4045,92.4186,0,0.000,0.000,0.176,-0.264,-0.088,0.088,-0.264,-49.922,34.102,0.000,0.000,-0.088,-0.088,0.176,0.000,0.000,0.439,0.176,0.000,0.000,0.000,0.000,0.000,0.000,0.000,-49.154,33.634,0.000,0.000,0.000,0.000,0.000,0.000,0.000,0.000,0.000,0.013,4.8,11.30,32.0,0.000,0.000,0.000,0.006,0.000,0.000,0.006,0.000,0.006,0.000,0.000,0.000,0.000,0.006,0.000,0.000,0.013,0.000
92.5045,925,0,move,-1,92.5045,92.5163,0,0.000,0.000,0.176,-0.264,-0.088,0.088,-0.264,-49.482,34.014,0.000,0.000,-0.088,-0.088,0.176,0.000,0.000,0.439,0.176,0.000,0.000,0.000,0.000,0.000,0.000,0.000,-48.535,33.340,0.000,0.000,0.000,0.000,0.000,0.000,0.000,0.000,0.000,0.013,4.8,11.30,32.0,0.000,0.000,0.000,0.006,0.000,0.000,0.006,0.000,0.006,0.000,0.000,0.000,0.000,0.006,0.000,0.000,0.013,0.000
92.6045,926,0,move,-1,92.6045,92.6139,0,0.000,0.000,0.176,-0.264,-0.088,0.088,-0.264,-48.867,33.662,0.000,0.000,-0.088,-0.088,0.176,0.000,0.000,0.439,0.176,0.000,0.000,0.000,0.000,0.000,0.000,0.000,-47.971,33.071,0.000,0.000,0.000,0.000,0.000,0.000,0.000,0.000,0.000,0.013,4.4,11.20,31.0,0.000,0.000,0.000,0.006,0.000,0.000,0.006,0.013,0.000,0.000,0.000,0.000,0.000,0.006,0.000,0.000,0.006,0.006
92.7045,927,0,move,-1,92.7045,92.7150,0,0.000,0.000,0.176,-0.264,-0.088,0.088,-0.264,-48.252,33.223,0.000,0.000,-0.088,-0.088,0.176,0.000,0.000,0.439,0.176,0.000,0.000,0.000,0.000,0.000,0.000,0.000,-47.522,32.856,0.000,0.000,0.000,0.000,0.000,0.000,0.000,0.000,0.000,0.013,4.4,11.20,31.0,0.000,0.000,0.000,0.006,0.000,0.000,0.006,0.013,0.000,0.000,0.000,0.000,0.000,0.006,0.000,0.000,0.013,0.000
92.8045,928,0,move,-1,92.8045,92.8195,0,0.000,0.000,0.176,-0.264,-0.088,0.088,-0.264,-47.725,33.135,0.000,0.000,-0.088,-0.088,0.176,0.000,0.000,0.439,0.176,0.000,0.000,0.000,0.000,0.000,0.000,0.000,-47.233,32.716,0.000,0.000,0.000,0.000,0.000,0.000,0.000,0.000,0.000,0.006,2.4,11.30,33.0,0.000,0.000,0.006,0.006,0.000,0.000,0.000,0.006,0.006,0.000,0.000,0.000,0.000,0.006,0.000,0.000,0.006,0.006
92.9045,929,0,move,-1,92.9045,92.9164,0,0.000,0.000,0.176,-0.264,-0.088,0.088,-0.264,-47.461,33.047,0.000,0.000,-0.088,-0.088,0.176,0.000,0.000,0.439,0.176,0.000,0.000,0.000,0.000,0.000,0.000,0.000,-47.133,32.667,0.000,0.000,0.000,0.000,0.000,0.000,0.000,0.000,0.000,0.006,2.4,11.30,33.0,0.000,0.000,0.006,0.006,0.000,0.000,0.000,0.006,0.006,0.000,0.000,0.000,0.000,0.006,0.000,0.000,0.006,0.006
93.0045,930,0,move,-1,93.0045,93.0144,0,0.000,0.000,0.176,-0.264,-0.088,0.088,-0.264,-47.197,32.783,0.000,0.000,-0.088,-0.088,0.176,0.000,0.000,0.439,0.176,0.000,0.000,0.000,0.000,0.000,0.000,0.000,-47.133,32.667,0.000,0.000,0.000,0.000,0.000,0.000,0.000,0.000,0.000,0.006,2.4,11.30,33.0,0.000,0.000,0.006,0.006,0.000,0.000,0.006,0.000,0.000,0.000,0.000,0.000,0.000,0.006,0.000,0.000,0.006,0.000
93.1060,931,0,move,-1,93.1060,93.1470,0,0.000,0.000,0.176,-0.264,-0.088,0.088,-0.264,-47.197,32.783,0.000,0.000,-0.088,-0.088,0.176,0.000,0.000,0.439,0.176,0.000,0.000,0.000,0.000,0.000,0.000,0.000,-47.133,32.667,0.000,0.000,0.000,0.000,0.000,0.000,0.000,0.000,0.000,0.006,3.2,11.30,33.0,0.000,0.000,0.000,0.000,0.000,0.000,0.006,0.000,0.000,0.000,0.000,0.000,0.000,0.006,0.000,0.000,0.006,0.006
93.2045,932,0,move,-1,93.2045,93.2176,0,0.000,0.000,0.176,-0.264,-0.088,0.088,-0.264,-47.197,32.783,0.000,0.000,-0.088,-0.088,0.176,0.000,0.000,0.439,0.176,0.000,0.000,0.000,0.000,0.000,0.000,0.000,-47.133,32.667,0.000,0.000,0.000,0.000,0.000,0.000,0.000,0.000,0.000,0.006,3.2,11.30,33.0,0.000,0.000,0.000,0.000,0.000,0.000,0.006,0.000,0.000,0.000,0.000,0.000,0.000,0.006,0.000,0.000,0.006,0.006
93.3045,933,0,move,-1,93.3045,93.3159,0,0.000,0.000,0.176,-0.264,-0.088,0.088,-0.264,-47.197,32.783,0.000,0.000,-0.088,-0.088,0.176,0.000,0.000,0.439,0.176,0.000,0.000,0.000,0.000,0.000,0.000,0.000,-47.133,32.667,0.000,0.000,0.000,0.000,0.000,0.000,0.000,0.000,0.000,0.013,5.2,11.30,32.0,0.000,0.000,0.000,0.006,0.000,0.000,0.000,0.000,0.000,0.000,0.000,0.000,0.000,0.006,0.000,0.000,0.013,0.006
93.4045,934,0,move,-1,93.4045,93.4152,0,0.000,0.000,0.176,-0.264,-0.088,0.088,-0.264,-47.197,32.783,0.000,0.000,-0.088,-0.088,0.176,0.000,0.000,0.439,0.176,0.000,0.000,0.000,0.000,0.000,0.000,0.000,-47.133,32.667,0.000,0.000,0.000,0.000,0.000,0.000,0.000,0.000,0.000,0.013,5.2,11.30,32.0,0.000,0.000,0.000,0.006,0.000,0.000,0.000,0.000,0.000,0.000,0.000,0.000,0.000,0.006,0.000,0.000,0.013,0.006
93.5045,935,0,move,-1,93.5045,93.5162,0,0.000,0.000,0.176,-0.264,-0.088,0.088,-0.264,-47.197,32.783,0.000,0.000,-0.088,-0.088,0.176,0.000,0.000,0.439,0.176,0.000,0.000,0.000,0.000,0.000,0.000,0.000,-47.133,32.667,0.000,0.000,0.000,0.000,0.000,0.000,0.000,0.000,0.000,0.006,3.2,11.30,32.0,0.000,0.000,0.000,0.006,0.000,0.000,0.000,0.000,0.000,0.000,0.000,0.000,0.000,0.000,0.000,0.000,0.006,0.000
93.6045,936,0,move,-1,93.6045,93.6540,0,0.000,0.000,0.176,-0.264,-0.088,0.088,-0.264,-47.197,32.783,0.000,0.000,-0.088,-0.088,0.176,0.000,0.000,0.439,0.176,0.000,0.000,0.000,0.000,0.000,0.000,0.000,-47.133,32.667,0.000,0.000,0.000,0.000,0.000,0.000,0.000,0.000,0.000,0.006,2.8,11.30,29.0,0.000,0.000,0.000,0.000,0.000,0.000,0.000,0.000,0.000,0.000,0.000,0.000,0.000,0.006,0.000,0.000,0.006,0.006
93.7044,937,0,move,-1,93.7044,93.7149,0,0.000,0.000,0.176,-0.264,-0.088,0.088,-0.264,-47.197,32.783,0.000,0.000,-0.088,-0.088,0.176,0.000,0.000,0.439,0.176,0.000,0.000,0.000,0.000,0.000,0.000,0.000,-47.133,32.667,0.000,0.000,0.000,0.000,0.000,0.000,0.000,0.000,0.000,0.006,2.8,11.30,29.0,0.000,0.000,0.000,0.000,0.000,0.000,0.000,0.000,0.000,0.000,0.000,0.000,0.000,0.006,0.000,0.000,0.006,0.006
93.8045,938,0,move,-1,93.8045,93.8165,0,0.000,0.000,0.176,-0.264,-0.088,0.088,-0.264,-47.197,32.783,0.000,0.000,-0.088,-0.088,0.176,0.000,0.000,0.439,0.176,0.000,0.000,0.000,0.000,0.000,0.000,0.000,-47.133,32.667,0.000,0.000,0.000,0.000,0.000,0.000,0.000,0.000,0.000,0.006,3.2,11.30,32.0,0.000,0.000,0.000,0.006,0.000,0.000,0.006,0.000,0.000,0.000,0.000,0.000,0.000,0.006,0.000,0.000,0.006,0.006
93.9045,939,0,move,-1,93.9045,93.9156,0,0.000,0.000,0.176,-0.264,-0.088,0.088,-0.264,-47.197,32.783,0.000,0.000,-0.088,-0.088,0.176,0.000,0.000,0.439,0.176,0.000,0.000,0.000,0.000,0.000,0.000,0.000,-47.133,32.667,0.000,0.000,0.000,0.000,0.000,0.000,0.000,0.000,0.000,0.006,3.2,11.30,32.0,0.000,0.000,0.000,0.006,0.000,0.000,0.006,0.000,0.000,0.000,0.000,0.000,0.000,0.006,0.000,0.000,0.006,0.006
94.0045,940,0,move,-1,94.0045,94.0166,0,0.000,0.000,0.176,-0.264,-0.088,0.088,-0.264,-47.197,32.783,0.000,0.000,-0.088,-0.088,0.176,0.000,0.000,0.439,0.176,0.000,0.000,0.000,0.000,0.000,0.000,0.000,-47.133,32.667,0.000,0.000,0.000,0.000,0.000,0.000,0.000,0.000,0.000,0.006,2.8,11.30,32.0,0.000,0.000,0.000,0.006,0.000,0.000,0.006,0.000,0.000,0.000,0.000,0.000,0.000,0.006,0.000,0.000,0.006,0.000
94.1043,941,0,move,-1,94.1043,94.1110,0,0.000,0.000,0.176,-0.264,-0.088,0.088,-0.264,-47.197,32.783,0.000,0.000,-0.088,-0.088,0.176,0.000,0.000,0.439,0.176,0.000,0.000,0.000,0.000,0.000,0.000,0.000,-47.133,32.667,0.000,0.000,0.000,0.000,0.000,0.000,0.000,0.000,0.000,0.006,2.8,11.30,32.0,0.000,0.000,0.000,0.006,0.000,0.000,0.006,0.000,0.000,0.000,0.000,0.000,0.000,0.006,0.000,0.000,0.006,0.000
94.2045,942,0,move,-1,94.2045,94.2144,0,0.000,0.000,0.176,-0.264,-0.088,0.088,-0.264,-47.197,32.783,0.000,0.000,-0.088,-0.088,0.176,0.000,0.000,0.439,0.176,0.000,0.000,0.000,0.000,0.000,0.000,0.000,-47.133,32.667,0.000,0.000,0.000,0.000,0.000,0.000,0.000,0.000,0.000,0.006,3.2,11.30,32.0,0.000,0.000,0.000,0.006,0.000,0.000,0.006,0.000,0.000,0.000,0.000,0.000,0.000,0.006,0.000,0.000,0.006,0.006
94.3045,943,0,move,-1,94.3045,94.3167,0,0.000,0.000,0.176,-0.264,-0.088,0.088,-0.264,-47.197,32.783,0.000,0.000,-0.088,-0.088,0.176,0.000,0.000,0.439,0.176,0.000,0.000,0.000,0.000,0.000,0.000,0.000,-47.133,32.667,0.000,0.000,0.000,0.000,0.000,0.000,0.000,0.000,0.000,0.006,3.2,11.30,33.0,0.000,0.000,0.000,0.000,0.000,0.000,0.006,0.000,0.000,0.000,0.000,0.000,0.000,0.006,0.000,0.000,0.006,0.000
94.4045,944,0,move,-1,94.4045,94.4265,0,0.000,0.000,0.176,-0.264,-0.088,0.088,-0.264,-47.197,32.783,0.000,0.000,-0.088,-0.088,0.176,0.000,0.000,0.439,0.176,0.000,0.000,0.000,0.000,0.000,0.000,0.000,-47.133,32.667,0.000,0.000,0.000,0.000,0.000,0.000,0.000,0.000,0.000,0.006,3.2,11.30,32.0,0.000,0.000,0.000,0.006,0.000,0.000,0.006,0.000,0.000,0.000,0.000,0.000,0.000,0.006,0.000,0.000,0.006,0.000
94.5046,945,0,move,-1,94.5046,94.5180,0,0.000,0.000,0.176,-0.264,-0.088,0.088,-0.264,-47.197,32.783,0.000,0.000,-0.088,-0.088,0.176,0.000,0.000,0.439,0.176,0.000,0.000,0.000,0.000,0.000,0.000,0.000,-47.133,32.667,0.000,0.000,0.000,0.000,0.000,0.000,0.000,0.000,0.000,0.006,3.2,11.30,32.0,0.000,0.000,0.000,0.006,0.000,0.000,0.006,0.000,0.000,0.000,0.000,0.000,0.000,0.006,0.000,0.000,0.006,0.000
94.6043,946,0,move,-1,94.6043,94.6253,0,0.000,0.000,0.176,-0.264,-0.088,0.088,-0.264,-47.197,32.783,0.000,0.000,-0.088,-0.088,0.176,0.000,0.000,0.439,0.176,0.000,0.000,0.000,0.000,0.000,0.000,0.000,-47.133,32.667,0.000,0.000,0.000,0.000,0.000,0.000,0.000,0.000,0.000,0.006,3.2,11.30,32.0,0.000,0.000,0.000,0.006,0.000,0.000,0.000,0.000,0.000,0.000,0.000,0.000,0.000,0.006,0.000,0.000,0.006,0.006
94.7045,947,0,move,-1,94.7045,94.7188,0,0.000,0.000,0.176,-0.264,-0.088,0.088,-0.264,-47.197,32.783,0.000,0.000,-0.088,-0.088,0.176,0.000,0.000,0.439,0.176,0.000,0.000,0.000,0.000,0.000,0.000,0.000,-47.133,32.667,0.000,0.000,0.000,0.000,0.000,0.000,0.000,0.000,0.000,0.006,3.2,11.30,32.0,0.000,0.000,0.000,0.006,0.000,0.000,0.000,0.000,0.000,0.000,0.000,0.000,0.000,0.006,0.000,0.000,0.006,0.006
94.8045,948,0,move,-1,94.8045,94.8154,0,0.000,0.000,0.176,-0.264,-0.088,0.088,-0.264,-47.197,32.783,0.000,0.000,-0.088,-0.088,0.176,0.000,0.000,0.439,0.176,0.000,0.000,0.000,0.000,0.000,0.000,0.000,-47.133,32.667,0.000,0.000,0.000,0.000,0.000,0.000,0.000,0.000,0.000,0.006,0.0,11.20,32.0,0.000,0.000,0.000,0.000,0.000,0.006,0.000,0.000,0.000,0.000,0.000,0.000,0.000,0.000,0.000,0.000,0.000,0.000
94.9045,949,0,move,-1,94.9045,94.9148,0,0.000,0.000,0.176,-0.264,-0.088,0.088,-0.264,-47.197,32.783,0.000,0.000,-0.088,-0.088,0.176,0.000,0.000,0.439,0.176,0.000,0.000,0.000,0.000,0.000,0.000,0.000,-47.133,32.667,0.000,0.000,0.000,0.000,0.000,0.000,0.000,0.000,0.000,0.006,0.0,11.20,32.0,0.000,0.000,0.000,0.000,0.000,0.006,0.000,0.000,0.000,0.000,0.000,0.000,0.000,0.000,0.000,0.000,0.000,0.000
95.0045,950,0,move,-1,95.0045,95.0161,0,0.000,0.000,0.176,-0.264,-0.088,0.088,-0.264,-47.197,32.783,0.000,0.000,-0.088,-0.088,0.176,0.000,0.000,0.439,0.176,0.000,0.000,0.000,0.000,0.000,0.000,0.000,-47.133,32.667,0.000,0.000,0.000,0.000,0.000,0.000,0.000,0.000,0.000,0.006,3.2,11.30,32.0,0.000,0.000,0.000,0.006,0.000,0.000,0.006,0.000,0.000,0.000,0.000,0.000,0.000,0.006,0.000,0.000,0.006,0.000
95.1045,951,0,move,-1,95.1045,95.1106,0,0.000,0.000,0.176,-0.264,-0.088,0.088,-0.264,-47.197,32.783,0.000,0.000,-0.088,-0.088,0.176,0.000,0.000,0.439,0.176,0.000,0.000,0.000,0.000,0.000,0.000,0.000,-47.133,32.667,0.000,0.000,0.000,0.000,0.000,0.000,0.000,0.000,0.000,0.006,3.2,11.30,32.0,0.000,0.000,0.000,0.006,0.000,0.000,0.006,0.000,0.000,0.000,0.000,0.000,0.000,0.006,0.000,0.000,0.006,0.000
95.2045,952,0,move,-1,95.2045,95.2152,0,0.000,0.000,0.176,-0.264,-0.088,0.088,-0.264,-47.197,32.783,0.000,0.000,-0.088,-0.088,0.176,0.000,0.000,0.439,0.176,0.000,0.000,0.000,0.000,0.000,0.000,0.000,-47.133,32.667,0.000,0.000,0.000,0.000,0.000,0.000,0.000,0.000,0.000,0.006,2.4,11.30,29.0,0.000,0.000,0.000,0.000,0.000,0.000,0.000,0.000,0.000,0.000,0.000,0.000,0.000,0.006,0.000,0.000,0.006,0.006
95.3045,953,0,move,-1,95.3045,95.3138,0,0.000,0.000,0.176,-0.264,-0.088,0.088,-0.264,-47.197,32.783,0.000,0.000,-0.088,-0.088,0.176,0.000,0.000,0.439,0.176,0.000,0.000,0.000,0.000,0.000,0.000,0.000,-47.133,32.667,0.000,0.000,0.000,0.000,0.000,0.000,0.000,0.000,0.000,0.006,2.4,11.30,29.0,0.000,0.000,0.000,0.000,0.000,0.000,0.000,0.000,0.000,0.000,0.000,0.000,0.000,0.006,0.000,0.000,0.006,0.006
95.4045,954,0,move,-1,95.4045,95.4160,0,0.000,0.000,0.176,-0.264,-0.088,0.088,-0.264,-47.197,32.783,0.000,0.000,-0.088,-0.088,0.176,0.000,0.000,0.439,0.176,0.000,0.000,0.000,0.000,0.000,0.000,0.000,-47.133,32.667,0.000,0.000,0.000,0.000,0.000,0.000,0.000,0.000,0.000,0.006,3.2,11.30,32.0,0.000,0.000,0.000,0.006,0.000,0.000,0.000,0.000,0.000,0.000,0.000,0.000,0.000,0.006,0.000,0.000,0.006,0.000
95.5045,955,0,move,-1,95.5045,95.5183,0,0.000,0.000,0.176,-0.264,-0.088,0.088,-0.264,-47.197,32.783,0.000,0.000,-0.088,-0.088,0.176,0.000,0.000,0.439,0.176,0.000,0.000,0.000,0.000,0.000,0.000,0.000,-47.133,32.667,0.000,0.000,0.000,0.000,0.000,0.000,0.000,0.000,0.000,0.013,2.4,11.30,29.0,0.000,0.000,0.006,0.000,0.000,0.000,0.000,0.000,0.000,0.000,0.000,0.000,0.000,0.013,0.000,0.000,0.013,0.000
95.6045,956,0,move,-1,95.6045,95.6109,0,0.000,0.000,0.176,-0.264,-0.088,0.088,-0.264,-47.197,32.783,0.000,0.000,-0.088,-0.088,0.176,0.000,0.000,0.439,0.176,0.000,0.000,0.000,0.000,0.000,0.000,0.000,-47.133,32.667,0.000,0.000,0.000,0.000,0.000,0.000,0.000,0.000,0.000,0.013,2.4,11.30,29.0,0.000,0.000,0.006,0.000,0.000,0.000,0.000,0.000,0.000,0.000,0.000,0.000,0.000,0.013,0.000,0.000,0.013,0.000
95.7045,957,0,move,-1,95.7045,95.7161,0,0.000,0.000,0.176,-0.264,-0.088,0.088,-0.264,-47.197,32.783,0.000,0.000,-0.088,-0.088,0.176,0.000,0.000,0.439,0.176,0.000,0.000,0.000,0.000,0.000,0.000,0.000,-47.133,32.667,0.000,0.000,0.000,0.000,0.000,0.000,0.000,0.000,0.000,0.006,3.2,11.30,32.0,0.000,0.000,0.000,0.006,0.000,0.000,0.006,0.000,0.000,0.000,0.000,0.000,0.000,0.006,0.000,0.000,0.006,0.000
95.8043,958,0,move,-1,95.8043,95.8153,0,0.000,0.000,0.176,-0.264,-0.088,0.088,-0.264,-47.197,32.783,0.000,0.000,-0.088,-0.088,0.176,0.000,0.000,0.439,0.176,0.000,0.000,0.000,0.000,0.000,0.000,0.000,-47.133,32.667,0.000,0.000,0.000,0.000,0.000,0.000,0.000,0.000,0.000,0.006,3.2,11.30,32.0,0.000,0.000,0.000,0.006,0.000,0.000,0.006,0.000,0.000,0.000,0.000,0.000,0.000,0.006,0.000,0.000,0.006,0.000
95.9045,959,0,move,-1,95.9045,95.9152,0,0.000,0.000,0.176,-0.264,-0.088,0.088,-0.264,-47.197,32.783,0.000,0.000,-0.088,-0.088,0.176,0.000,0.000,0.439,0.176,0.000,0.000,0.000,0.000,0.000,0.000,0.000,-47.133,32.667,0.000,0.000,0.000,0.000,0.000,0.000,0.000,0.000,0.000,0.006,3.2,11.30,32.0,0.000,0.000,0.000,0.006,0.000,0.000,0.006,0.000,0.000,0.000,0.000,0.000,0.000,0.006,0.000,0.000,0.006,0.000
96.0045,960,0,move,-1,96.0045,96.0174,0,0.000,0.000,0.176,-0.264,-0.088,0.088,-0.264,-47.197,32.783,0.000,0.000,-0.088,-0.088,0.176,0.000,0.000,0.439,0.176,0.000,0.000,0.000,0.000,0.000,0.000,0.000,-47.033,32.619,0.000,0.000,0.000,0.000,0.000,0.000,0.000,0.000,0.000,0.013,4.8,11.30,32.0,0.000,0.000,0.006,0.006,0.000,0.000,0.006,0.000,0.000,0.000,0.000,0.000,0.000,0.006,0.000,0.000,0.013,0.000
96.1121,961,0,move,-1,96.1121,96.1225,0,0.000,0.000,0.176,-0.264,-0.088,0.088,-0.264,-47.109,32.783,0.000,0.000,-0.088,-0.088,0.176,0.000,0.000,0.439,0.176,0.000,0.000,0.000,0.000,0.000,0.000,0.000,-46.742,32.477,0.000,0.000,0.000,0.000,0.000,0.000,0.000,0.000,0.000,0.013,4.8,11.30,32.0,0.000,0.000,0.006,0.006,0.000,0.000,0.000,0.006,0.006,0.000,0.000,0.000,0.000,0.006,0.000,0.000,0.013,0.006
96.2045,962,0,move,-1,96.2045,96.2141,0,0.000,0.000,0.176,-0.264,-0.088,0.088,-0.264,-46.846,32.783,0.000,0.000,-0.088,-0.088,0.176,0.000,0.000,0.439,0.176,0.000,0.000,0.000,0.000,0.000,0.000,0.000,-46.288,32.255,0.000,0.000,0.000,0.000,0.000,0.000,0.000,0.000,0.000,0.013,4.8,11.30,32.0,0.000,0.000,0.006,0.006,0.000,0.000,0.000,0.006,0.006,0.000,0.000,0.000,0.000,0.006,0.000,0.000,0.013,0.006
96.3045,963,0,move,-1,96.3045,96.3182,0,0.000,0.000,0.176,-0.264,-0.088,0.088,-0.264,-46.406,32.432,0.000,0.000,-0.088,-0.088,0.176,0.000,0.000,0.439,0.176,0.000,0.000,0.000,0.000,0.000,0.000,0.000,-45.712,31.972,0.000,0.000,0.000,0.000,0.000,0.000,0.000,0.000,0.000,0.006,3.2,11.30,32.0,0.000,0.000,0.000,0.006,0.000,0.000,0.006,0.006,0.000,0.000,0.000,0.000,0.000,0.000,0.000,0.000,0.006,0.000
96.4045,964,0,move,-1,96.4045,96.4149,0,0.000,0.000,0.176,-0.264,-0.088,0.088,-0.264,-45.967,32.256,0.000,0.000,-0.088,-0.088,0.176,0.000,0.000,0.439,0.176,0.000,0.000,0.000,0.000,0.000,0.000,0.000,-45.069,31.653,0.000,0.000,0.000,0.000,0.000,0.000,0.000,0.000,0.000,0.006,3.2,11.30,32.0,0.000,0.000,0.000,0.006,0.000,0.000,0.006,0.006,0.000,0.000,0.000,0.000,0.000,0.000,0.000,0.000,0.006,0.000
96.5045,965,0,move,-1,96.5045,96.5160,0,0.000,0.000,0.176,-0.264,-0.088,0.088,-0.264,-45.352,31.816,0.000,0.000,-0.088,-0.088,0.176,0.000,0.000,0.439,0.176,0.000,0.000,0.000,0.000,0.000,0.000,0.000,-44.421,31.329,0.000,0.000,0.000,0.000,0.000,0.000,0.000,0.000,0.000,0.006,4.0,11.30,33.0,0.000,0.000,0.000,0.000,0.000,0.000,0.000,0.000,0.006,0.000,0.000,0.000,0.000,0.006,0.000,0.000,0.006,0.000
96.6043,966,0,move,-1,96.6043,96.6102,0,0.000,0.000,0.176,-0.264,-0.088,0.088,-0.264,-44.912,31.641,0.000,0.000,-0.088,-0.088,0.176,0.000,0.000,0.439,0.176,0.000,0.000,0.000,0.000,0.000,0.000,0.000,-43.833,31.033,0.000,0.000,0.000,0.000,0.000,0.000,0.000,0.000,0.000,0.006,4.0,11.30,33.0,0.000,0.000,0.000,0.000,0.000,0.000,0.000,0.000,0.006,0.000,0.000,0.000,0.000,0.006,0.000,0.000,0.006,0.000
96.7045,967,0,move,-1,96.7045,96.7179,0,0.000,0.000,0.176,-0.264,-0.088,0.088,-0.264,-44.033,31.201,0.000,0.000,-0.088,-0.088,0.176,0.000,0.000,0.439,0.176,0.000,0.000,0.000,0.000,0.000,0.000,0.000,-43.362,30.795,0.000,0.000,0.000,0.000,0.000,0.000,0.000,0.000,0.000,0.006,3.2,11.20,33.0,0.000,0.000,0.000,0.000,0.000,0.000,0.006,0.006,0.006,0.000,0.000,0.000,0.000,0.006,0.000,0.000,0.006,0.000
96.8045,968,0,move,-1,96.8045,96.8163,0,0.000,0.000,0.176,-0.264,-0.088,0.088,-0.264,-43.506,31.025,0.000,0.000,-0.088,-0.088,0.176,0.000,0.000,0.439,0.176,0.000,0.000,0.000,0.000,0.000,0.000,0.000,-43.059,30.640,0.000,0.000,0.000,0.000,0.000,0.000,0.000,0.000,0.000,0.006,3.2,11.20,33.0,0.000,0.000,0.000,0.000,0.000,0.000,0.006,0.006,0.006,0.000,0.000,0.000,0.000,0.006,0.000,0.000,0.006,0.000
96.9045,969,0,move,-1,96.9045,96.9182,0,0.000,0.000,0.176,-0.264,-0.088,0.088,-0.264,-43.154,30.850,0.000,0.000,-0.088,-0.088,0.176,0.000,0.000,0.439,0.176,0.000,0.000,0.000,0.000,0.000,0.000,0.000,-42.955,30.587,0.000,0.000,0.000,0.000,0.000,0.000,0.000,0.000,0.000,0.006,3.2,11.30,32.0,0.000,0.000,0.000,0.006,0.000,0.000,0.000,0.006,0.006,0.000,0.000,0.000,0.000,0.006,0.000,0.000,0.006,0.000
97.0045,970,0,move,-1,97.0045,97.0160,0,0.000,0.000,0.176,-0.264,-0.088,0.088,-0.264,-42.979,30.762,0.000,0.000,-0.088,-0.088,0.176,0.000,0.000,0.439,0.176,0.000,0.000,0.000,0.000,0.000,0.000,0.000,-42.955,30.587,0.000,0.000,0.000,0.000,0.000,0.000,0.000,0.000,0.000,0.006,3.2,11.30,32.0,0.000,0.000,0.000,0.006,0.000,0.000,0.000,0.006,0.006,0.000,0.000,0.000,0.000,0.006,0.000,0.000,0.006,0.000
97.1055,971,0,move,-1,97.1055,97.1461,0,0.000,0.000,0.176,-0.264,-0.088,0.088,-0.264,-42.979,30.762,0.000,0.000,-0.088,-0.088,0.176,0.000,0.000,0.439,0.176,0.000,0.000,0.000,0.000,0.000,0.000,0.000,-42.955,30.587,0.000,0.000,0.000,0.000,0.000,0.000,0.000,0.000,0.000,0.013,4.8,11.30,32.0,0.000,0.000,0.000,0.006,0.000,0.000,0.006,0.000,0.000,0.000,0.000,0.000,0.000,0.006,0.000,0.000,0.013,0.000
97.2045,972,0,move,-1,97.2045,97.2149,0,0.000,0.000,0.176,-0.264,-0.088,0.088,-0.264,-42.979,30.762,0.000,0.000,-0.088,-0.088,0.176,0.000,0.000,0.439,0.176,0.000,0.000,0.000,0.000,0.000,0.000,0.000,-42.955,30.587,0.000,0.000,0.000,0.000,0.000,0.000,0.000,0.000,0.000,0.013,4.8,11.30,32.0,0.000,0.000,0.000,0.006,0.000,0.000,0.006,0.000,0.000,0.000,0.000,0.000,0.000,0.006,0.000,0.000,0.013,0.000
97.3045,973,0,move,-1,97.3045,97.3157,0,0.000,0.000,0.176,-0.264,-0.088,0.088,-0.264,-42.891,30.762,0.000,0.000,-0.088,-0.088,0.176,0.000,0.000,0.439,0.176,0.000,0.000,0.000,0.000,0.000,0.000,0.000,-42.955,30.587,0.000,0.000,0.000,0.000,0.000,0.000,0.000,0.000,0.000,0.013,4.8,11.30,32.0,0.000,0.000,0.006,0.000,0.000,0.000,0.006,0.000,0.006,0.000,0.000,0.000,0.000,0.000,0.000,0.000,0.013,0.000
97.4045,974,0,move,-1,97.4045,97.4142,0,0.000,0.000,0.176,-0.264,-0.088,0.088,-0.264,-42.891,30.762,0.000,0.000,-0.088,-0.088,0.176,0.000,0.000,0.439,0.176,0.000,0.000,0.000,0.000,0.000,0.000,0.000,-42.955,30.587,0.000,0.000,0.000,0.000,0.000,0.000,0.000,0.000,0.000,0.013,4.8,11.30,32.0,0.000,0.000,0.006,0.000,0.000,0.000,0.006,0.000,0.006,0.000,0.000,0.000,0.000,0.000,0.000,0.000,0.013,0.000
97.5045,975,0,move,-1,97.5045,97.5154,0,0.000,0.000,0.176,-0.264,-0.088,0.088,-0.264,-42.891,30.762,0.000,0.000,-0.088,-0.088,0.176,0.000,0.000,0.439,0.176,0.000,0.000,0.000,0.000,0.000,0.000,0.000,-42.955,30.587,0.000,0.000,0.000,0.000,0.000,0.000,0.000,0.000,0.000,0.006,3.2,11.30,32.0,0.000,0.000,0.000,0.006,0.000,0.000,0.006,0.000,0.000,0.000,0.000,0.000,0.000,0.006,0.000,0.000,0.006,0.000
97.6043,976,0,move,-1,97.6043,97.6579,0,0.000,0.000,0.176,-0.264,-0.088,0.088,-0.264,-42.891,30.762,0.000,0.000,-0.088,-0.088,0.176,0.000,0.000,0.439,0.176,0.000,0.000,0.000,0.000,0.000,0.000,0.000,-42.955,30.587,0.000,0.000,0.000,0.000,0.000,0.000,0.000,0.000,0.000,0.013,4.8,11.30,32.0,0.000,0.000,0.000,0.006,0.000,0.000,0.006,0.000,0.000,0.000,0.000,0.000,0.000,0.006,0.000,0.000,0.013,0.000
97.7046,977,0,move,-1,97.7046,97.7178,0,0.000,0.000,0.176,-0.264,-0.088,0.088,-0.264,-42.803,30.762,0.000,0.000,-0.088,-0.088,0.176,0.000,0.000,0.439,0.176,0.000,0.000,0.000,0.000,0.000,0.000,0.000,-42.955,30.587,0.000,0.000,0.000,0.000,0.000,0.000,0.000,0.000,0.000,0.013,4.8,11.30,32.0,0.000,0.000,0.000,0.006,0.000,0.000,0.006,0.000,0.000,0.000,0.000,0.000,0.000,0.006,0.000,0.000,0.013,0.000
97.8045,978,0,move,-1,97.8045,97.8160,0,0.000,0.000,0.176,-0.264,-0.088,0.088,-0.264,-42.891,30.762,0.000,0.000,-0.088,-0.088,0.176,0.000,0.000,0.439,0.176,0.000,0.000,0.000,0.000,0.000,0.000,0.000,-42.955,30.587,0.000,0.000,0.000,0.000,0.000,0.000,0.000,0.000,0.000,0.013,4.8,11.30,32.0,0.000,0.000,0.000,0.006,0.000,0.000,0.006,0.000,0.006,0.000,0.000,0.000,0.000,0.006,0.000,0.000,0.013,0.000
97.9045,979,0,move,-1,97.9045,97.9167,0,0.000,0.000,0.176,-0.264,-0.088,0.088,-0.264,-42.891,30.762,0.000,0.000,-0.088,-0.088,0.176,0.000,0.000,0.439,0.176,0.000,0.000,0.000,0.000,0.000,0.000,0.000,-42.955,30.587,0.000,0.000,0.000,0.000,0.000,0.000,0.000,0.000,0.000,0.013,4.8,11.30,32.0,0.000,0.000,0.000,0.006,0.000,0.000,0.006,0.000,0.000,0.000,0.000,0.000,0.000,0.006,0.000,0.000,0.013,0.000
98.0045,980,0,move,-1,98.0045,98.0186,0,0.000,0.000,0.176,-0.264,-0.088,0.088,-0.264,-42.891,30.762,0.000,0.000,-0.088,-0.088,0.176,0.000,0.000,0.439,0.176,0.000,0.000,0.000,0.000,0.000,0.000,0.000,-42.955,30.587,0.000,0.000,0.000,0.000,0.000,0.000,0.000,0.000,0.000,0.013,4.8,11.30,32.0,0.000,0.000,0.000,0.006,0.000,0.000,0.006,0.000,0.000,0.000,0.000,0.000,0.000,0.000,0.000,0.000,0.013,0.006
98.1045,981,0,move,-1,98.1045,98.1123,0,0.000,0.000,0.176,-0.264,-0.088,0.088,-0.264,-42.891,30.762,0.000,0.000,-0.088,-0.088,0.176,0.000,0.000,0.439,0.176,0.000,0.000,0.000,0.000,0.000,0.000,0.000,-42.955,30.587,0.000,0.000,0.000,0.000,0.000,0.000,0.000,0.000,0.000,0.013,4.8,11.30,32.0,0.000,0.000,0.000,0.006,0.000,0.000,0.006,0.000,0.000,0.000,0.000,0.000,0.000,0.000,0.000,0.000,0.013,0.006
98.2045,982,0,move,-1,98.2045,98.2148,0,0.000,0.000,0.176,-0.264,-0.088,0.088,-0.264,-42.891,30.762,0.000,0.000,-0.088,-0.088,0.176,0.000,0.000,0.439,0.176,0.000,0.000,0.000,0.000,0.000,0.000,0.000,-42.955,30.587,0.000,0.000,0.000,0.000,0.000,0.000,0.000,0.000,0.000,0.006,2.4,11.30,33.0,0.000,0.000,0.006,0.006,0.000,0.000,0.006,0.000,0.006,0.000,0.000,0.000,0.000,0.006,0.000,0.000,0.006,0.000
98.3043,983,0,move,-1,98.3043,98.3166,0,0.000,0.000,0.176,-0.264,-0.088,0.088,-0.264,-42.891,30.762,0.000,0.000,-0.088,-0.088,0.176,0.000,0.000,0.439,0.176,0.000,0.000,0.000,0.000,0.000,0.000,0.000,-42.955,30.587,0.000,0.000,0.000,0.000,0.000,0.000,0.000,0.000,0.000,0.013,4.8,11.30,32.0,0.000,0.000,0.000,0.006,0.000,0.000,0.006,0.000,0.006,0.000,0.000,0.000,0.000,0.006,0.000,0.000,0.013,0.000
98.4045,984,0,move,-1,98.4045,98.4162,0,0.000,0.000,0.176,-0.264,-0.088,0.088,-0.264,-42.891,30.762,0.000,0.000,-0.088,-0.088,0.176,0.000,0.000,0.439,0.176,0.000,0.000,0.000,0.000,0.000,0.000,0.000,-42.955,30.587,0.000,0.000,0.000,0.000,0.000,0.000,0.000,0.000,0.000,0.013,4.8,11.30,32.0,0.000,0.000,0.000,0.006,0.000,0.000,0.006,0.000,0.006,0.000,0.000,0.000,0.000,0.006,0.000,0.000,0.013,0.000
98.5045,985,0,move,-1,98.5045,98.5164,0,0.000,0.000,0.176,-0.264,-0.088,0.088,-0.264,-42.891,30.762,0.000,0.000,-0.088,-0.088,0.176,0.000,0.000,0.439,0.176,0.000,0.000,0.000,0.000,0.000,0.000,0.000,-42.955,30.587,0.000,0.000,0.000,0.000,0.000,0.000,0.000,0.000,0.000,0.006,3.2,11.30,33.0,0.000,0.000,0.000,0.000,0.000,0.000,0.006,0.000,0.000,0.000,0.000,0.000,0.000,0.006,0.000,0.000,0.006,0.006
98.6045,986,0,move,-1,98.6045,98.6155,0,0.000,0.000,0.176,-0.264,-0.088,0.088,-0.264,-42.891,30.762,0.000,0.000,-0.088,-0.088,0.176,0.000,0.000,0.439,0.176,0.000,0.000,0.000,0.000,0.000,0.000,0.000,-42.955,30.587,0.000,0.000,0.000,0.000,0.000,0.000,0.000,0.000,0.000,0.006,3.2,11.30,33.0,0.000,0.000,0.000,0.000,0.000,0.000,0.006,0.000,0.000,0.000,0.000,0.000,0.000,0.006,0.000,0.000,0.006,0.006
98.7043,987,0,move,-1,98.7043,98.7160,0,0.000,0.000,0.176,-0.264,-0.088,0.088,-0.264,-42.891,30.762,0.000,0.000,-0.088,-0.088,0.176,0.000,0.000,0.439,0.176,0.000,0.000,0.000,0.000,0.000,0.000,0.000,-42.955,30.587,0.000,0.000,0.000,0.000,0.000,0.000,0.000,0.000,0.000,0.006,2.4,11.30,29.0,0.000,0.000,0.000,0.000,0.000,0.000,0.000,0.000,0.000,0.000,0.000,0.000,0.000,0.006,0.000,0.000,0.006,0.000
98.8045,988,0,move,-1,98.8045,98.8158,0,0.000,0.000,0.176,-0.264,-0.088,0.088,-0.264,-42.891,30.762,0.000,0.000,-0.088,-0.088,0.176,0.000,0.000,0.439,0.176,0.000,0.000,0.000,0.000,0.000,0.000,0.000,-42.955,30.587,0.000,0.000,0.000,0.000,0.000,0.000,0.000,0.000,0.000,0.006,2.4,11.30,29.0,0.000,0.000,0.000,0.000,0.000,0.000,0.000,0.000,0.000,0.000,0.000,0.000,0.000,0.006,0.000,0.000,0.006,0.000
98.9045,989,0,move,-1,98.9045,98.9161,0,0.000,0.000,0.176,-0.264,-0.088,0.088,-0.264,-42.891,30.762,0.000,0.000,-0.088,-0.088,0.176,0.000,0.000,0.439,0.176,0.000,0.000,0.000,0.000,0.000,0.000,0.000,-42.955,30.587,0.000,0.000,0.000,0.000,0.000,0.000,0.000,0.000,0.000,0.006,3.2,11.30,32.0,0.000,0.000,0.000,0.006,0.000,0.000,0.000,0.000,0.000,0.000,0.000,0.000,0.000,0.000,0.000,0.000,0.006,0.006
99.0045,990,0,move,-1,99.0045,99.0189,0,0.000,0.000,0.176,-0.264,-0.088,0.088,-0.264,-42.891,30.762,0.000,0.000,-0.088,-0.088,0.176,0.000,0.000,0.439,0.176,0.000,0.000,0.000,0.000,0.000,0.000,0.000,-42.955,30.587,0.000,0.000,0.000,0.000,0.000,0.000,0.000,0.000,0.000,0.006,3.2,11.30,33.0,0.000,0.000,0.000,0.000,0.000,0.000,0.006,0.000,0.006,0.000,0.000,0.000,0.000,0.006,0.000,0.000,0.006,0.000
99.1045,991,0,move,-1,99.1045,99.1500,0,0.000,0.000,0.176,-0.264,-0.088,0.088,-0.264,-42.891,30.762,0.000,0.000,-0.088,-0.088,0.176,0.000,0.000,0.439,0.176,0.000,0.000,0.000,0.000,0.000,0.000,0.000,-42.955,30.587,0.000,0.000,0.000,0.000,0.000,0.000,0.000,0.000,0.000,0.006,3.6,11.30,32.0,0.000,0.000,0.000,0.006,0.000,0.000,0.006,0.000,0.000,0.000,0.000,0.000,0.000,0.006,0.000,0.000,0.006,0.000
99.2043,992,0,move,-1,99.2043,99.2165,0,0.000,0.000,0.176,-0.264,-0.088,0.088,-0.264,-42.891,30.762,0.000,0.000,-0.088,-0.088,0.176,0.000,0.000,0.439,0.176,0.000,0.000,0.000,0.000,0.000,0.000,0.000,-42.955,30.587,0.000,0.000,0.000,0.000,0.000,0.000,0.000,0.000,0.000,0.006,3.6,11.30,32.0,0.000,0.000,0.000,0.006,0.000,0.000,0.006,0.000,0.000,0.000,0.000,0.000,0.000,0.006,0.000,0.000,0.006,0.000
99.3045,993,0,move,-1,99.3045,99.3146,0,0.000,0.000,0.176,-0.264,-0.088,0.088,-0.264,-42.891,30.762,0.000,0.000,-0.088,-0.088,0.176,0.000,0.000,0.439,0.176,0.000,0.000,0.000,0.000,0.000,0.000,0.000,-42.955,30.587,0.000,0.000,0.000,0.000,0.000,0.000,0.000,0.000,0.000,0.006,3.2,11.30,32.0,0.000,0.000,0.000,0.006,0.000,0.000,0.006,0.000,0.006,0.000,0.000,0.000,0.000,0.006,0.000,0.000,0.006,0.000
99.4043,994,0,move,-1,99.4043,99.4165,0,0.000,0.000,0.176,-0.264,-0.088,0.088,-0.264,-42.891,30.762,0.000,0.000,-0.088,-0.088,0.176,0.000,0.000,0.439,0.176,0.000,0.000,0.000,0.000,0.000,0.000,0.000,-42.955,30.587,0.000,0.000,0.000,0.000,0.000,0.000,0.000,0.000,0.000,0.013,4.8,11.30,32.0,0.000,0.000,0.000,0.006,0.000,0.000,0.006,0.000,0.000,0.000,0.000,0.000,0.000,0.006,0.000,0.000,0.013,0.000
99.5045,995,0,move,-1,99.5045,99.5162,0,0.000,0.000,0.176,-0.264,-0.088,0.088,-0.264,-42.891,30.762,0.000,0.000,-0.088,-0.088,0.176,0.000,0.000,0.439,0.176,0.000,0.000,0.000,0.000,0.000,0.000,0.000,-42.955,30.587,0.000,0.000,0.000,0.000,0.000,0.000,0.000,0.000,0.000,0.013,4.8,11.30,32.0,0.000,0.000,0.000,0.006,0.000,0.000,0.006,0.000,0.000,0.000,0.000,0.000,0.000,0.006,0.000,0.000,0.013,0.000
99.6045,996,0,move,-1,99.6045,99.6164,0,0.000,0.000,0.176,-0.264,-0.088,0.088,-0.264,-42.891,30.762,0.000,0.000,-0.088,-0.088,0.176,0.000,0.000,0.439,0.176,0.000,0.000,0.000,0.000,0.000,0.000,0.000,-42.955,30.587,0.000,0.000,0.000,0.000,0.000,0.000,0.000,0.000,0.000,0.006,3.2,11.30,33.0,0.000,0.000,0.000,0.000,0.000,0.000,0.006,0.000,0.006,0.000,0.000,0.000,0.000,0.006,0.000,0.000,0.006,0.000
99.7043,997,0,move,-1,99.7043,99.7194,0,0.000,0.000,0.176,-0.264,-0.088,0.088,-0.264,-42.891,30.762,0.000,0.000,-0.088,-0.088,0.176,0.000,0.000,0.439,0.176,0.000,0.000,0.000,0.000,0.000,0.000,0.000,-42.955,30.587,0.000,0.000,0.000,0.000,0.000,0.000,0.000,0.000,0.000,0.006,2.4,11.30,33.0,0.000,0.000,0.006,0.000,0.000,0.000,0.006,0.000,0.000,0.000,0.000,0.000,0.000,0.006,0.000,0.000,0.006,0.006
99.8045,998,0,move,-1,99.8045,99.8160,0,0.000,0.000,0.176,-0.264,-0.088,0.088,-0.264,-42.891,30.762,0.000,0.000,-0.088,-0.088,0.176,0.000,0.000,0.439,0.176,0.000,0.000,0.000,0.000,0.000,0.000,0.000,-42.955,30.587,0.000,0.000,0.000,0.000,0.000,0.000,0.000,0.000,0.000,0.006,2.4,11.30,33.0,0.000,0.000,0.006,0.000,0.000,0.000,0.006,0.000,0.000,0.000,0.000,0.000,0.000,0.006,0.000,0.000,0.006,0.006
99.9043,999,0,move,-1,99.9043,99.9171,0,0.000,0.000,0.176,-0.264,-0.088,0.088,-0.264,-42.891,30.762,0.000,0.000,-0.088,-0.088,0.176,0.000,0.000,0.439,0.176,0.000,0.000,0.000,0.000,0.000,0.000,0.000,-42.955,30.587,0.000,0.000,0.000,0.000,0.000,0.000,0.000,0.000,0.000,0.013,4.8,11.30,32.0,0.000,0.000,0.000,0.006,0.000,0.000,0.006,0.000,0.000,0.000,0.000,0.000,0.000,0.006,0.000,0.000,0.013,0.006
100.0045,1000,0,move,-1,100.0045,100.0156,0,0.000,0.000,0.176,-0.264,-0.088,0.088,-0.264,-42.891,30.762,0.000,0.000,-0.088,-0.088,0.176,0.000,0.000,0.439,0.176,0.000,0.000,0.000,0.000,0.000,0.000,0.000,-43.059,30.640,0.000,0.000,0.000,0.000,0.000,0.000,0.000,0.000,0.000,0.013,4.8,11.30,32.0,0.000,0.000,0.000,0.006,0.000,0.000,0.006,0.000,0.000,0.000,0.000,0.000,0.000,0.006,0.000,0.000,0.013,0.006
100.1045,1001,0,move,-1,100.1045,100.1167,0,0.000,0.000,0.176,-0.264,-0.088,0.088,-0.264,-42.891,30.762,0.000,0.000,-0.088,-0.088,0.176,0.000,0.000,0.439,0.176,0.000,0.000,0.000,0.000,0.000,0.000,0.000,-43.362,30.795,0.000,0.000,0.000,0.000,0.000,0.000,0.000,0.000,0.000,0.006,3.2,11.30,32.0,0.000,0.000,0.000,0.006,0.000,0.000,0.000,0.006,0.000,0.000,0.000,0.000,0.000,0.006,0.000,0.000,0.006,0.006
100.2043,1002,0,move,-1,100.2043,100.2167,0,0.000,0.000,0.176,-0.264,-0.088,0.088,-0.264,-43.154,30.762,0.000,0.000,-0.088,-0.088,0.176,0.000,0.000,0.439,0.176,0.000,0.000,0.000,0.000,0.000,0.000,0.000,-43.833,31.033,0.000,0.000,0.000,0.000,0.000,0.000,0.000,0.000,0.000,0.013,4.8,11.20,31.0,0.000,0.000,0.006,0.006,0.000,0.000,0.006,0.013,0.000,0.000,0.000,0.000,0.000,0.000,0.000,0.000,0.006,0.006
100.3046,1003,0,move,-1,100.3046,100.3158,0,0.000,0.000,0.176,-0.264,-0.088,0.088,-0.264,-43.594,30.762,0.000,0.000,-0.088,-0.088,0.176,0.000,0.000,0.439,0.176,0.000,0.000,0.000,0.000,0.000,0.000,0.000,-44.421,31.329,0.000,0.000,0.000,0.000,0.000,0.000,0.000,0.000,0.000,0.013,4.8,11.20,31.0,0.000,0.000,0.006,0.006,0.000,0.000,0.006,0.013,0.000,0.000,0.000,0.000,0.000,0.000,0.000,0.000,0.006,0.006
100.4045,1004,0,move,-1,100.4045,100.4161,0,0.000,0.000,0.176,-0.264,-0.088,0.088,-0.264,-44.033,30.938,0.000,0.000,-0.088,-0.088,0.176,0.000,0.000,0.439,0.176,0.000,0.000,0.000,0.000,0.000,0.000,0.000,-45.069,31.653,0.000,0.000,0.000,0.000,0.000,0.000,0.000,0.000,0.000,0.026,6.0,11.20,31.0,0.000,0.000,0.000,0.000,0.000,0.000,0.000,0.026,0.000,0.000,0.000,0.000,0.000,0.006,0.000,0.000,0.013,0.000
100.5045,1005,0,move,-1,100.5045,100.5150,0,0.000,0.000,0.176,-0.264,-0.088,0.088,-0.264,-44.561,31.377,0.000,0.000,-0.088,-0.088,0.176,0.000,0.000,0.439,0.176,0.000,0.000,0.000,0.000,0.000,0.000,0.000,-45.712,31.972,0.000,0.000,0.000,0.000,0.000,0.000,0.000,0.000,0.000,0.026,6.0,11.20,31.0,0.000,0.000,0.000,0.000,0.000,0.000,0.000,0.026,0.000,0.000,0.000,0.000,0.000,0.006,0.000,0.000,0.013,0.000
100.6046,1006,0,move,-1,100.6046,100.6111,0,0.000,0.000,0.176,-0.264,-0.088,0.088,-0.264,-45.000,31.553,0.000,0.000,-0.088,-0.088,0.176,0.000,0.000,0.439,0.176,0.000,0.000,0.000,0.000,0.000,0.000,0.000,-46.288,32.255,0.000,0.000,0.000,0.000,0.000,0.000,0.000,0.000,0.000,0.026,6.4,11.20,31.0,0.000,0.000,0.000,0.000,0.000,0.000,,0.026,0.006,0.000,0.000,0.000,0.000,0.000,0.000,0.000,0.006,0.000
100.7045,1007,0,move,-1,100.7045,100.7162,0,0.000,0.000,0.176,-0.264,-0.088,0.088,-0.264,-45.791,31.992,0.000,0.000,-0.088,-0.088,0.176,0.000,0.000,0.439,0.176,0.000,0.000,0.000,0.000,0.000,0.000,0.000,-46.742,32.477,0.000,0.000,0.000,0.000,0.000,0.000,0.000,0.000,0.000,0.033,7.6,11.20,31.0,0.000,0.000,0.000,0.006,0.000,0.000,0.000,0.033,0.013,0.000,0.000,0.000,0.000,0.000,0.000,0.000,0.013,0.000
100.8045,1008,0,move,-1,100.8045,100.8152,0,0.000,0.000,0.176,-0.264,-0.088,0.088,-0.264,-46.318,32.256,0.000,0.000,-0.088,-0.088,0.176,0.000,0.000,0.439,0.176,0.000,0.000,0.000,0.000,0.000,0.000,0.000,-47.033,32.619,0.000,0.000,0.000,0.000,0.000,0.000,0.000,0.000,0.000,0.033,7.6,11.20,31.0,0.000,0.000,0.000,0.006,0.000,0.000,0.000,0.033,0.013,0.000,0.000,0.000,0.000,0.000,0.000,0.000,0.013,0.000
100.9043,1009,0,move,-1,100.9043,100.9154,0,0.000,0.000,0.176,-0.264,-0.088,0.088,-0.264,-46.582,32.256,0.000,0.000,-0.088,-0.088,0.176,0.000,0.000,0.439,0.176,0.000,0.000,0.000,0.000,0.000,0.000,0.000,-47.133,32.667,0.000,0.000,0.000,0.000,0.000,0.000,0.000,0.000,0.000,0.013,5.2,11.20,31.0,0.000,0.000,0.000,0.006,0.000,0.000,0.000,0.013,0.006,0.000,0.000,0.000,0.000,0.006,0.000,0.000,0.006,0.006
101.0045,1010,0,move,-1,101.0045,101.0143,0,0.000,0.000,0.176,-0.264,-0.088,0.088,-0.264,-46.582,32.432,0.000,0.000,-0.088,-0.088,0.176,0.000,0.000,0.439,0.176,0.000,0.000,0.000,0.000,0.000,0.000,0.000,-47.133,32.667,0.000,0.000,0.000,0.000,0.000,0.000,0.000,0.000,0.000,0.013,5.2,11.20,31.0,0.000,0.000,0.000,0.006,0.000,0.000,0.000,0.013,0.006,0.000,0.000,0.000,0.000,0.006,0.000,0.000,0.006,0.006
101.1045,1011,0,move,-1,101.1045,101.1166,0,0.000,0.000,0.176,-0.264,-0.088,0.088,-0.264,-46.582,32.520,0.000,0.000,-0.088,-0.088,0.176,0.000,0.000,0.439,0.176,0.000,0.000,0.000,0.000,0.000,0.000,0.000,-47.133,32.667,0.000,0.000,0.000,0.000,0.000,0.000,0.000,0.000,0.000,0.019,5.6,11.20,31.0,0.000,0.000,0.000,0.006,0.000,0.000,0.006,0.019,0.000,0.000,0.000,0.000,0.000,0.000,0.000,0.000,0.006,0.006
101.2045,1012,0,move,-1,101.2045,101.2189,0,0.000,0.000,0.176,-0.264,-0.088,0.088,-0.264,-46.582,32.520,0.000,0.000,-0.088,-0.088,0.176,0.000,0.000,0.439,0.176,0.000,0.000,0.000,0.000,0.000,0.000,0.000,-47.133,32.667,0.000,0.000,0.000,0.000,0.000,0.000,0.000,0.000,0.000,0.026,5.6,11.20,31.0,0.000,0.000,0.006,0.000,0.000,0.000,0.006,0.026,0.000,0.000,0.000,0.000,0.000,0.006,0.000,0.000,0.006,0.006
101.3045,1013,0,move,-1,101.3045,101.3387,0,0.000,0.000,0.176,-0.264,-0.088,0.088,-0.264,-46.582,32.520,0.000,0.000,-0.088,-0.088,0.176,0.000,0.000,0.439,0.176,0.000,0.000,0.000,0.000,0.000,0.000,0.000,-47.133,32.667,0.000,0.000,0.000,0.000,0.000,0.000,0.000,0.000,0.000,0.019,5.6,11.20,31.0,0.000,0.000,0.000,0.000,0.000,0.000,0.006,0.019,0.006,0.000,0.000,0.000,0.000,0.006,0.000,0.000,0.006,0.000
101.4043,1014,0,move,-1,101.4043,101.4175,0,0.000,0.000,0.176,-0.264,-0.088,0.088,-0.264,-46.582,32.520,0.000,0.000,-0.088,-0.088,0.176,0.000,0.000,0.439,0.176,0.000,0.000,0.000,0.000,0.000,0.000,0.000,-47.133,32.667,0.000,0.000,0.000,0.000,0.000,0.000,0.000,0.000,0.000,0.019,5.6,11.20,31.0,0.000,0.000,0.000,0.000,0.000,0.000,0.006,0.019,0.006,0.000,0.000,0.000,0.000,0.006,0.000,0.000,0.006,0.000
101.5045,1015,0,move,-1,101.5045,101.5186,0,0.000,0.000,0.176,-0.264,-0.088,0.088,-0.264,-46.582,32.520,0.000,0.000,-0.088,-0.088,0.176,0.000,0.000,0.439,0.176,0.000,0.000,0.000,0.000,0.000,0.000,0.000,-47.133,32.667,0.000,0.000,0.000,0.000,0.000,0.000,0.000,0.000,0.000,0.026,5.6,11.20,31.0,0.000,0.000,0.006,0.006,0.000,0.000,0.006,0.026,0.000,0.000,0.000,0.000,0.000,0.006,0.000,0.000,0.006,0.000
101.6046,1016,0,move,-1,101.6046,101.6112,0,0.000,0.000,0.176,-0.264,-0.088,0.088,-0.264,-46.582,32.520,0.000,0.000,-0.088,-0.088,0.176,0.000,0.000,0.439,0.176,0.000,0.000,0.000,0.000,0.000,0.000,0.000,-47.133,32.667,0.000,0.000,0.000,0.000,0.000,0.000,0.000,0.000,0.000,0.026,5.6,11.20,31.0,0.000,0.000,0.006,0.006,0.000,0.000,0.006,0.026,0.000,0.000,0.000,0.000,0.000,0.006,0.000,0.000,0.006,0.000
101.7045,1017,0,move,-1,101.7045,101.7163,0,0.000,0.000,0.176,-0.264,-0.088,0.088,-0.264,-46.582,32.520,0.000,0.000,-0.088,-0.088,0.176,0.000,0.000,0.439,0.176,0.000,0.000,0.000,0.000,0.000,0.000,0.000,-47.133,32.667,0.000,0.000,0.000,0.000,0.000,0.000,0.000,0.000,0.000,0.019,5.6,11.20,31.0,0.000,0.000,0.000,0.000,0.000,0.000,0.006,0.019,0.000,0.000,0.000,0.000,0.000,0.000,0.000,0.000,0.013,0.000
101.8045,1018,0,move,-1,101.8045,101.8145,0,0.000,0.000,0.176,-0.264,-0.088,0.088,-0.264,-46.582,32.520,0.000,0.000,-0.088,-0.088,0.176,0.000,0.000,0.439,0.176,0.000,0.000,0.000,0.000,0.000,0.000,0.000,-47.133,32.667,0.000,0.000,0.000,0.000,0.000,0.000,0.000,0.000,0.000,0.019,5.6,11.20,31.0,0.000,0.000,0.000,0.000,0.000,0.000,0.006,0.019,0.000,0.000,0.000,0.000,0.000,0.000,0.000,0.000,0.013,0.000
101.9045,1019,0,move,-1,101.9045,101.9156,0,0.000,0.000,0.176,-0.264,-0.088,0.088,-0.264,-46.582,32.520,0.000,0.000,-0.088,-0.088,0.176,0.000,0.000,0.439,0.176,0.000,0.000,0.000,0.000,0.000,0.000,0.000,-47.133,32.667,0.000,0.000,0.000,0.000,0.000,0.000,0.000,0.000,0.000,0.019,5.6,11.20,31.0,0.000,0.000,0.000,0.006,0.000,0.000,0.000,0.019,0.000,0.000,0.000,0.000,0.000,0.006,0.000,0.000,0.013,0.000
102.0045,1020,0,move,-1,102.0045,102.0143,0,0.000,0.000,0.176,-0.264,-0.088,0.088,-0.264,-46.582,32.520,0.000,0.000,-0.088,-0.088,0.176,0.000,0.000,0.439,0.176,0.000,0.000,0.000,0.000,0.000,0.000,0.000,-47.133,32.667,0.000,0.000,0.000,0.000,0.000,0.000,0.000,0.000,0.000,0.019,5.6,11.20,31.0,0.000,0.000,0.000,0.006,0.000,0.000,0.000,0.019,0.000,0.000,0.000,0.000,0.000,0.006,0.000,0.000,0.013,0.000
102.1045,1021,0,move,-1,102.1045,102.1324,0,0.000,0.000,0.176,-0.264,-0.088,0.088,-0.264,-46.582,32.520,0.000,0.000,-0.088,-0.088,0.176,0.000,0.000,0.439,0.176,0.000,0.000,0.000,0.000,0.000,0.000,0.000,-47.133,32.667,0.000,0.000,0.000,0.000,0.000,0.000,0.000,0.000,0.000,0.019,5.6,11.20,31.0,0.000,0.000,0.000,0.006,0.000,0.000,0.000,0.019,0.000,0.000,0.000,0.000,0.000,0.006,0.000,0.000,0.006,0.000
102.2045,1022,0,move,-1,102.2045,102.2152,0,0.000,0.000,0.176,-0.264,-0.088,0.088,-0.264,-46.582,32.520,0.000,0.000,-0.088,-0.088,0.176,0.000,0.000,0.439,0.176,0.000,0.000,0.000,0.000,0.000,0.000,0.000,-47.133,32.667,0.000,0.000,0.000,0.000,0.000,0.000,0.000,0.000,0.000,0.019,5.6,11.20,31.0,0.000,0.000,0.000,0.006,0.000,0.000,0.000,0.019,0.000,0.000,0.000,0.000,0.000,0.006,0.000,0.000,0.006,0.000
102.3045,1023,0,move,-1,102.3045,102.3162,0,0.000,0.000,0.176,-0.264,-0.088,0.088,-0.264,-46.582,32.520,0.000,0.000,-0.088,-0.088,0.176,0.000,0.000,0.439,0.176,0.000,0.000,0.000,0.000,0.000,0.000,0.000,-47.133,32.667,0.000,0.000,0.000,0.000,0.000,0.000,0.000,0.000,0.000,0.026,5.6,11.20,31.0,0.000,0.000,0.000,0.006,0.000,0.000,0.006,0.026,0.000,0.000,0.000,0.000,0.000,0.006,0.000,0.000,0.006,0.006
102.4048,1024,0,move,-1,102.4048,102.4164,0,0.000,0.000,0.176,-0.264,-0.088,0.088,-0.264,-46.582,32.520,0.000,0.000,-0.088,-0.088,0.176,0.000,0.000,0.439,0.176,0.000,0.000,0.000,0.000,0.000,0.000,0.000,-47.133,32.667,0.000,0.000,0.000,0.000,0.000,0.000,0.000,0.000,0.000,0.019,5.6,11.20,31.0,0.000,0.000,0.000,0.006,0.000,0.000,0.006,0.019,0.000,0.000,0.000,0.000,0.000,0.000,0.000,0.000,0.013,0.006
102.5045,1025,0,move,-1,102.5045,102.5179,0,0.000,0.000,0.176,-0.264,-0.088,0.088,-0.264,-46.582,32.520,0.000,0.000,-0.088,-0.088,0.176,0.000,0.000,0.439,0.176,0.000,0.000,0.000,0.000,0.000,0.000,0.000,-47.133,32.667,0.000,0.000,0.000,0.000,0.000,0.000,0.000,0.000,0.000,0.026,5.6,11.20,31.0,0.000,0.000,0.000,0.000,0.000,0.000,0.006,0.026,0.000,0.000,0.000,0.000,0.000,0.006,0.000,0.000,0.006,0.000
102.6045,1026,0,move,-1,102.6045,102.6163,0,0.000,0.000,0.176,-0.264,-0.088,0.088,-0.264,-46.582,32.520,0.000,0.000,-0.088,-0.088,0.176,0.000,0.000,0.439,0.176,0.000,0.000,0.000,0.000,0.000,0.000,0.000,-47.133,32.667,0.000,0.000,0.000,0.000,0.000,0.000,0.000,0.000,0.000,0.026,5.6,11.20,31.0,0.000,0.000,0.000,0.000,0.000,0.000,0.006,0.026,0.000,0.000,0.000,0.000,0.000,0.006,0.000,0.000,0.006,0.000
102.7045,1027,0,move,-1,102.7045,102.7160,0,0.000,0.000,0.176,-0.264,-0.088,0.088,-0.264,-46.582,32.520,0.000,0.000,-0.088,-0.088,0.176,0.000,0.000,0.439,0.176,0.000,0.000,0.000,0.000,0.000,0.000,0.000,-47.133,32.667,0.000,0.000,0.000,0.000,0.000,0.000,0.000,0.000,0.000,0.026,5.6,11.20,31.0,0.000,0.000,0.000,0.000,0.000,0.000,0.006,0.026,0.000,0.000,0.000,0.000,0.000,0.006,0.000,0.000,0.006,0.000
102.8045,1028,0,move,-1,102.8045,102.8176,0,0.000,0.000,0.176,-0.264,-0.088,0.088,-0.264,-46.582,32.520,0.000,0.000,-0.088,-0.088,0.176,0.000,0.000,0.439,0.176,0.000,0.000,0.000,0.000,0.000,0.000,0.000,-47.133,32.667,0.000,0.000,0.000,0.000,0.000,0.000,0.000,0.000,0.000,0.019,5.6,11.20,31.0,0.000,0.000,0.000,0.006,0.000,0.000,0.000,0.019,0.000,0.000,0.000,0.000,0.000,0.006,0.000,0.000,0.006,0.000
102.9045,1029,0,move,-1,102.9045,102.9199,0,0.000,0.000,0.176,-0.264,-0.088,0.088,-0.264,-46.582,32.520,0.000,0.000,-0.088,-0.088,0.176,0.000,0.000,0.439,0.176,0.000,0.000,0.000,0.000,0.000,0.000,0.000,-47.133,32.667,0.000,0.000,0.000,0.000,0.000,0.000,0.000,0.000,0.000,0.000,0.0,11.30,32.0,0.000,0.000,0.000,0.000,0.000,0.000,0.000,0.000,0.000,0.000,0.000,0.000,0.000,0.000,0.000,0.000,0.000,0.000
103.0045,1030,0,move,-1,103.0045,103.0164,0,0.000,0.000,0.176,-0.264,-0.088,0.088,-0.264,-46.582,32.520,0.000,0.000,-0.088,-0.088,0.176,0.000,0.000,0.439,0.176,0.000,0.000,0.000,0.000,0.000,0.000,0.000,-47.133,32.667,0.000,0.000,0.000,0.000,0.000,0.000,0.000,0.000,0.000,0.000,0.0,11.30,32.0,0.000,0.000,0.000,0.000,0.000,0.000,0.000,0.000,0.000,0.000,0.000,0.000,0.000,0.000,0.000,0.000,0.000,0.000
103.1045,1031,0,move,-1,103.1045,103.1159,0,0.000,0.000,0.176,-0.264,-0.088,0.088,-0.264,-46.582,32.520,0.000,0.000,-0.088,-0.088,0.176,0.000,0.000,0.439,0.176,0.000,0.000,0.000,0.000,0.000,0.000,0.000,-47.133,32.667,0.000,0.000,0.000,0.000,0.000,0.000,0.000,0.000,0.000,0.019,5.6,11.20,31.0,0.000,0.000,0.000,0.000,0.000,0.000,0.006,0.019,0.006,0.000,0.000,0.000,0.000,0.006,0.000,0.000,0.006,0.000
103.2045,1032,0,move,-1,103.2045,103.2145,0,0.000,0.000,0.176,-0.264,-0.088,0.088,-0.264,-46.582,32.520,0.000,0.000,-0.088,-0.088,0.176,0.000,0.000,0.439,0.176,0.000,0.000,0.000,0.000,0.000,0.000,0.000,-47.133,32.667,0.000,0.000,0.000,0.000,0.000,0.000,0.000,0.000,0.000,0.019,5.6,11.20,31.0,0.000,0.000,0.000,0.000,0.000,0.000,0.006,0.019,0.006,0.000,0.000,0.000,0.000,0.006,0.000,0.000,0.006,0.000
103.3046,1033,0,move,-1,103.3046,103.3162,0,0.000,0.000,0.176,-0.264,-0.088,0.088,-0.264,-46.582,32.520,0.000,0.000,-0.088,-0.088,0.176,0.000,0.000,0.439,0.176,0.000,0.000,0.000,0.000,0.000,0.000,0.000,-47.133,32.667,0.000,0.000,0.000,0.000,0.000,0.000,0.000,0.000,0.000,0.026,5.6,11.20,31.0,0.000,0.000,0.006,0.000,0.000,0.000,0.006,0.026,0.000,0.000,0.000,0.000,0.000,0.006,0.000,0.000,0.013,0.000
103.4049,1034,0,move,-1,103.4049,103.4145,0,0.000,0.000,0.176,-0.264,-0.088,0.088,-0.264,-46.582,32.520,0.000,0.000,-0.088,-0.088,0.176,0.000,0.000,0.439,0.176,0.000,0.000,0.000,0.000,0.000,0.000,0.000,-47.133,32.667,0.000,0.000,0.000,0.000,0.000,0.000,0.000,0.000,0.000,0.026,5.6,11.20,31.0,0.000,0.000,0.006,0.000,0.000,0.000,0.006,0.026,0.000,0.000,0.000,0.000,0.000,0.006,0.000,0.000,0.013,0.000
103.5045,1035,0,move,-1,103.5045,103.5161,0,0.000,0.000,0.176,-0.264,-0.088,0.088,-0.264,-46.582,32.520,0.000,0.000,-0.088,-0.088,0.176,0.000,0.000,0.439,0.176,0.000,0.000,0.000,0.000,0.000,0.000,0.000,-47.133,32.667,0.000,0.000,0.000,0.000,0.000,0.000,0.000,0.000,0.000,0.019,5.6,11.20,31.0,0.000,0.000,0.000,0.000,0.000,0.000,0.006,0.019,0.000,0.000,0.000,0.000,0.000,0.006,0.000,0.000,0.006,0.000
103.6045,1036,0,move,-1,103.6045,103.6158,0,0.000,0.000,0.176,-0.264,-0.088,0.088,-0.264,-46.582,32.520,0.000,0.000,-0.088,-0.088,0.176,0.000,0.000,0.439,0.176,0.000,0.000,0.000,0.000,0.000,0.000,0.000,-47.133,32.667,0.000,0.000,0.000,0.000,0.000,0.000,0.000,0.000,0.000,0.019,5.6,11.20,31.0,0.000,0.000,0.000,0.000,0.000,0.000,0.006,0.019,0.000,0.000,0.000,0.000,0.000,0.006,0.000,0.000,0.006,0.000
103.7043,1037,0,move,-1,103.7043,103.7167,0,0.000,0.000,0.176,-0.264,-0.088,0.088,-0.264,-46.582,32.520,0.000,0.000,-0.088,-0.088,0.176,0.000,0.000,0.439,0.176,0.000,0.000,0.000,0.000,0.000,0.000,0.000,-47.133,32.667,0.000,0.000,0.000,0.000,0.000,0.000,0.000,0.000,0.000,0.026,5.6,11.20,31.0,0.000,0.000,0.006,0.000,0.000,0.000,0.000,0.026,0.000,0.000,0.000,0.000,0.000,0.000,0.000,0.000,0.006,0.006
103.8045,1038,0,move,-1,103.8045,103.8156,0,0.000,0.000,0.176,-0.264,-0.088,0.088,-0.264,-46.582,32.520,0.000,0.000,-0.088,-0.088,0.176,0.000,0.000,0.439,0.176,0.000,0.000,0.000,0.000,0.000,0.000,0.000,-47.133,32.667,0.000,0.000,0.000,0.000,0.000,0.000,0.000,0.000,0.000,0.026,5.6,11.20,31.0,0.000,0.000,0.006,0.000,0.000,0.000,0.000,0.026,0.000,0.000,0.000,0.000,0.000,0.000,0.000,0.000,0.006,0.006
103.9045,1039,0,move,-1,103.9045,103.9160,0,0.000,0.000,0.176,-0.264,-0.088,0.088,-0.264,-46.582,32.520,0.000,0.000,-0.088,-0.088,0.176,0.000,0.000,0.439,0.176,0.000,0.000,0.000,0.000,0.000,0.000,0.000,-47.133,32.667,0.000,0.000,0.000,0.000,0.000,0.000,0.000,0.000,0.000,0.019,5.6,11.20,31.0,0.000,0.000,0.000,0.006,0.000,0.000,0.006,0.019,0.000,0.000,0.000,0.000,0.006,0.006,0.000,0.000,0.013,0.006
104.0043,1040,0,move,-1,104.0043,104.0146,0,0.000,0.000,0.176,-0.264,-0.088,0.088,-0.264,-46.582,32.520,0.000,0.000,-0.088,-0.088,0.176,0.000,0.000,0.439,0.176,0.000,0.000,0.000,0.000,0.000,0.000,0.000,-47.233,32.716,0.000,0.000,0.000,0.000,0.000,0.000,0.000,0.000,0.000,0.019,5.6,11.20,31.0,0.000,0.000,0.000,0.006,0.000,0.000,0.006,0.019,0.000,0.000,0.000,0.000,0.006,0.006,0.000,0.000,0.013,0.006
104.1044,1041,0,move,-1,104.1044,104.1105,0,0.000,0.000,0.176,-0.264,-0.088,0.088,-0.264,-46.758,32.520,0.000,0.000,-0.088,-0.088,0.176,0.000,0.000,0.439,0.176,0.000,0.000,0.000,0.000,0.000,0.000,0.000,-47.522,32.856,0.000,0.000,0.000,0.000,0.000,0.000,0.000,0.000,0.000,0.019,4.8,11.20,31.0,0.000,0.000,0.000,0.006,0.000,0.000,0.006,0.019,0.000,0.000,0.000,0.000,0.000,0.006,0.000,0.000,0.006,0.000
104.2045,1042,0,move,-1,104.2045,104.2173,0,0.000,0.000,0.176,-0.264,-0.088,0.088,-0.264,-47.109,32.607,0.000,0.000,-0.088,-0.088,0.176,0.000,0.000,0.439,0.176,0.000,0.000,0.000,0.000,0.000,0.000,0.000,-47.971,33.071,0.000,0.000,0.000,0.000,0.000,0.000,0.000,0.000,0.000,0.019,4.4,11.20,31.0,0.000,0.000,0.000,0.006,0.000,0.000,0.006,0.019,0.000,0.000,0.000,0.000,0.000,0.006,0.000,0.000,0.006,0.000
104.3045,1043,0,move,-1,104.3045,104.3161,0,0.000,0.000,0.176,-0.264,-0.088,0.088,-0.264,-47.461,32.871,0.000,0.000,-0.088,-0.088,0.176,0.000,0.000,0.439,0.176,0.000,0.000,0.000,0.000,0.000,0.000,0.000,-48.535,33.340,0.000,0.000,0.000,0.000,0.000,0.000,0.000,0.000,0.000,0.019,4.4,11.20,31.0,0.000,0.000,0.000,0.006,0.000,0.000,0.006,0.019,0.000,0.000,0.000,0.000,0.000,0.006,0.000,0.000,0.006,0.000
104.4043,1044,0,move,-1,104.4043,104.4162,0,0.000,0.000,0.176,-0.264,-0.088,0.088,-0.264,-47.988,32.959,0.000,0.000,-0.088,-0.088,0.176,0.000,0.000,0.439,0.176,0.000,0.000,0.000,0.000,0.000,0.000,0.000,-49.154,33.634,0.000,0.000,0.000,0.000,0.000,0.000,0.000,0.000,0.000,0.019,5.2,11.20,31.0,0.000,0.000,0.000,0.006,0.000,0.000,0.000,0.019,0.006,0.000,0.000,0.000,0.000,0.006,0.000,0.000,0.006,0.006
104.5055,1045,0,move,-1,104.5055,104.5164,0,0.000,0.000,0.176,-0.264,-0.088,0.088,-0.264,-48.516,33.398,0.000,0.000,-0.088,-0.088,0.176,0.000,0.000,0.439,0.176,0.000,0.000,0.000,0.000,0.000,0.000,0.000,-49.772,33.924,0.000,0.000,0.000,0.000,0.000,0.000,0.000,0.000,0.000,0.019,5.2,11.20,31.0,0.000,0.000,0.000,0.006,0.000,0.000,0.000,0.019,0.006,0.000,0.000,0.000,0.000,0.006,0.000,0.000,0.006,0.006
104.6043,1046,0,move,-1,104.6043,104.6169,0,0.000,0.000,0.176,-0.264,-0.088,0.088,-0.264,-49.131,33.662,0.000,0.000,-0.088,-0.088,0.176,0.000,0.000,0.439,0.176,0.000,0.000,0.000,0.000,0.000,0.000,0.000,-50.327,34.182,0.000,0.000,0.000,0.000,0.000,0.000,0.000,0.000,0.000,0.026,6.4,11.20,31.0,0.000,0.000,0.006,0.006,0.000,0.000,0.006,0.026,0.006,0.000,0.000,0.000,0.000,0.006,0.000,0.000,0.006,0.000
104.7043,1047,0,move,-1,104.7043,104.7161,0,0.000,0.000,0.176,-0.264,-0.088,0.088,-0.264,-49.307,33.838,0.000,0.000,-0.088,-0.088,0.176,0.000,0.000,0.439,0.176,0.000,0.000,0.000,0.000,0.000,0.000,0.000,-50.765,34.384,0.000,0.000,0.000,0.000,0.000,0.000,0.000,0.000,0.000,0.026,6.4,11.20,31.0,0.000,0.000,0.006,0.006,0.000,0.000,0.006,0.026,0.006,0.000,0.000,0.000,0.000,0.006,0.000,0.000,0.006,0.000
104.8045,1048,0,move,-1,104.8045,104.8140,0,0.000,0.000,0.176,-0.264,-0.088,0.088,-0.264,-50.098,34.189,0.000,0.000,-0.088,-0.088,0.176,0.000,0.000,0.439,0.176,0.000,0.000,0.000,0.000,0.000,0.000,0.000,-51.045,34.512,0.000,0.000,0.000,0.000,0.000,0.000,0.000,0.000,0.000,0.026,7.2,11.20,31.0,0.000,0.000,0.000,0.006,0.000,0.000,0.006,0.026,0.013,0.000,0.000,0.000,0.000,0.006,0.000,0.000,0.006,0.000
104.9043,1049,0,move,-1,104.9043,104.9158,0,0.000,0.000,0.176,-0.264,-0.088,0.088,-0.264,-50.625,34.277,0.000,0.000,-0.088,-0.088,0.176,0.000,0.000,0.439,0.176,0.000,0.000,0.000,0.000,0.000,0.000,0.000,-51.141,34.556,0.000,0.000,0.000,0.000,0.000,0.000,0.000,0.000,0.000,0.019,6.8,11.20,31.0,0.000,0.000,0.000,0.000,0.000,0.000,0.006,0.019,0.000,0.000,0.000,0.000,0.000,0.006,0.000,0.000,0.006,0.000
105.0045,1050,0,move,-1,105.0045,105.0151,0,0.000,0.000,0.176,-0.264,-0.088,0.088,-0.264,-50.713,34.365,0.000,0.000,-0.088,-0.088,0.176,0.000,0.000,0.439,0.176,0.000,0.000,0.000,0.000,0.000,0.000,0.000,-51.141,34.556,0.000,0.000,0.000,0.000,0.000,0.000,0.000,0.000,0.000,0.019,6.8,11.20,31.0,0.000,0.000,0.000,0.000,0.000,0.000,0.006,0.019,0.000,0.000,0.000,0.000,0.000,0.006,0.000,0.000,0.006,0.000
105.1043,1051,0,move,-1,105.1043,105.1145,0,0.000,0.000,0.176,-0.264,-0.088,0.088,-0.264,-50.713,34.365,0.000,0.000,-0.088,-0.088,0.176,0.000,0.000,0.439,0.176,0.000,0.000,0.000,0.000,0.000,0.000,0.000,-51.141,34.556,0.000,0.000,0.000,0.000,0.000,0.000,0.000,0.000,0.000,0.013,4.8,11.20,31.0,0.000,0.000,0.000,0.000,0.000,0.000,0.006,0.013,0.000,0.000,0.000,0.000,0.000,0.006,0.000,0.000,0.006,0.000
105.2045,1052,0,move,-1,105.2045,105.2154,0,0.000,0.000,0.176,-0.264,-0.088,0.088,-0.264,-50.713,34.365,0.000,0.000,-0.088,-0.088,0.176,0.000,0.000,0.439,0.176,0.000,0.000,0.000,0.000,0.000,0.000,0.000,-51.141,34.556,0.000,0.000,0.000,0.000,0.000,0.000,0.000,0.000,0.000,0.019,4.8,11.20,31.0,0.000,0.000,0.000,0.006,0.000,0.000,0.006,0.019,0.006,0.000,0.000,0.000,0.000,0.006,0.000,0.000,0.006,0.000
105.3045,1053,0,move,-1,105.3045,105.3180,0,0.000,0.000,0.176,-0.264,-0.088,0.088,-0.264,-50.713,34.365,0.000,0.000,-0.088,-0.088,0.176,0.000,0.000,0.439,0.176,0.000,0.000,0.000,0.000,0.000,0.000,0.000,-51.141,34.556,0.000,0.000,0.000,0.000,0.000,0.000,0.000,0.000,0.000,0.019,4.8,11.20,31.0,0.000,0.000,0.000,0.006,0.000,0.000,0.006,0.019,0.000,0.000,0.000,0.000,0.000,0.006,0.000,0.000,0.006,0.006
105.4045,1054,0,move,-1,105.4045,105.4171,0,0.000,0.000,0.176,-0.264,-0.088,0.088,-0.264,-50.713,34.365,0.000,0.000,-0.088,-0.088,0.176,0.000,0.000,0.439,0.176,0.000,0.000,0.000,0.000,0.000,0.000,0.000,-51.141,34.556,0.000,0.000,0.000,0.000,0.000,0.000,0.000,0.000,0.000,0.019,4.8,11.20,31.0,0.000,0.000,0.000,0.006,0.000,0.000,0.006,0.019,0.000,0.000,0.000,0.000,0.000,0.006,0.000,0.000,0.006,0.006
105.5045,1055,0,move,-1,105.5045,105.5158,0,0.000,0.000,0.176,-0.264,-0.088,0.088,-0.264,-50.713,34.365,0.000,0.000,-0.088,-0.088,0.176,0.000,0.000,0.439,0.176,0.000,0.000,0.000,0.000,0.000,0.000,0.000,-51.141,34.556,0.000,0.000,0.000,0.000,0.000,0.000,0.000,0.000,0.000,0.019,4.8,11.20,31.0,0.000,0.000,0.000,0.000,0.000,0.000,0.006,0.019,0.006,0.000,0.000,0.000,0.000,0.006,0.000,0.000,0.006,0.000
105.6073,1056,0,move,-1,105.6073,105.6135,0,0.000,0.000,0.176,-0.264,-0.088,0.088,-0.264,-50.713,34.365,0.000,0.000,-0.088,-0.088,0.176,0.000,0.000,0.439,0.176,0.000,0.000,0.000,0.000,0.000,0.000,0.000,-51.141,34.556,0.000,0.000,0.000,0.000,0.000,0.000,0.000,0.000,0.000,0.019,4.8,11.20,31.0,0.000,0.000,0.000,0.000,0.000,0.000,0.006,0.019,0.006,0.000,0.000,0.000,0.000,0.006,0.000,0.000,0.006,0.000
105.7045,1057,0,move,-1,105.7045,105.7149,0,0.000,0.000,0.176,-0.264,-0.088,0.088,-0.264,-50.801,34.365,0.000,0.000,-0.088,-0.088,0.176,0.000,0.000,0.439,0.176,0.000,0.000,0.000,0.000,0.000,0.000,0.000,-51.141,34.556,0.000,0.000,0.000,0.000,0.000,0.000,0.000,0.000,0.000,0.019,4.8,11.20,31.0,0.000,0.000,0.006,0.006,0.000,0.000,0.006,0.019,0.000,0.000,0.000,0.000,0.000,0.006,0.000,0.000,0.006,0.000
105.8043,1058,0,move,-1,105.8043,105.8171,0,0.000,0.000,0.176,-0.264,-0.088,0.088,-0.264,-50.801,34.365,0.000,0.000,-0.088,-0.088,0.176,0.000,0.000,0.439,0.176,0.000,0.000,0.000,0.000,0.000,0.000,0.000,-51.141,34.556,0.000,0.000,0.000,0.000,0.000,0.000,0.000,0.000,0.000,0.013,4.0,11.20,31.0,0.000,0.000,0.000,0.006,0.000,0.000,0.006,0.013,0.000,0.000,0.000,0.000,0.000,0.000,0.000,0.000,0.006,0.000
105.9044,1059,0,move,-1,105.9044,105.9151,0,0.000,0.000,0.176,-0.264,-0.088,0.088,-0.264,-50.801,34.365,0.000,0.000,-0.088,-0.088,0.176,0.000,0.000,0.439,0.176,0.000,0.000,0.000,0.000,0.000,0.000,0.000,-51.141,34.556,0.000,0.000,0.000,0.000,0.000,0.000,0.000,0.000,0.000,0.013,4.0,11.20,31.0,0.000,0.000,0.000,0.006,0.000,0.000,0.006,0.013,0.000,0.000,0.000,0.000,0.000,0.000,0.000,0.000,0.006,0.000
106.0043,1060,0,move,-1,106.0043,106.0148,0,0.000,0.000,0.176,-0.264,-0.088,0.088,-0.264,-50.801,34.365,0.000,0.000,-0.088,-0.088,0.176,0.000,0.000,0.439,0.176,0.000,0.000,0.000,0.000,0.000,0.000,0.000,-51.141,34.556,0.000,0.000,0.000,0.000,0.000,0.000,0.000,0.000,0.000,0.013,4.0,11.20,31.0,0.000,0.000,0.000,0.006,0.000,0.000,0.006,0.013,0.000,0.000,0.000,0.000,0.000,0.000,0.000,0.000,0.013,0.006
106.1043,1061,0,move,-1,106.1043,106.1102,0,0.000,0.000,0.176,-0.264,-0.088,0.088,-0.264,-50.801,34.365,0.000,0.000,-0.088,-0.088,0.176,0.000,0.000,0.439,0.176,0.000,0.000,0.000,0.000,0.000,0.000,0.000,-51.141,34.556,0.000,0.000,0.000,0.000,0.000,0.000,0.000,0.000,0.000,0.013,4.0,11.20,31.0,0.000,0.000,0.000,0.006,0.000,0.000,0.006,0.013,0.000,0.000,0.000,0.000,0.000,0.000,0.000,0.000,0.013,0.006
106.2045,1062,0,move,-1,106.2045,106.2169,0,0.000,0.000,0.176,-0.264,-0.088,0.088,-0.264,-50.801,34.365,0.000,0.000,-0.088,-0.088,0.176,0.000,0.000,0.439,0.176,0.000,0.000,0.000,0.000,0.000,0.000,0.000,-51.141,34.556,0.000,0.000,0.000,0.000,0.000,0.000,0.000,0.000,0.000,0.013,4.0,11.20,31.0,0.000,0.000,0.000,0.006,0.000,0.000,0.006,0.013,0.006,0.000,0.000,0.000,0.000,0.006,0.000,0.000,0.006,0.000
106.3044,1063,0,move,-1,106.3044,106.3378,0,0.000,0.000,0.176,-0.264,-0.088,0.088,-0.264,-50.801,34.365,0.000,0.000,-0.088,-0.088,0.176,0.000,0.000,0.439,0.176,0.000,0.000,0.000,0.000,0.000,0.000,0.000,-51.141,34.556,0.000,0.000,0.000,0.000,0.000,0.000,0.000,0.000,0.000,0.013,4.0,11.20,31.0,0.000,0.000,0.000,0.006,0.000,0.000,0.006,0.013,0.006,0.000,0.000,0.000,0.000,0.006,0.000,0.000,0.006,0.006
106.4045,1064,0,move,-1,106.4045,106.4190,0,0.000,0.000,0.176,-0.264,-0.088,0.088,-0.264,-50.801,34.365,0.000,0.000,-0.088,-0.088,0.176,0.000,0.000,0.439,0.176,0.000,0.000,0.000,0.000,0.000,0.000,0.000,-51.141,34.556,0.000,0.000,0.000,0.000,0.000,0.000,0.000,0.000,0.000,0.013,4.0,11.20,31.0,0.000,0.000,0.000,0.006,0.000,0.000,0.006,0.013,0.006,0.000,0.000,0.000,0.000,0.006,0.000,0.000,0.006,0.006
106.5045,1065,0,move,-1,106.5045,106.5166,0,0.000,0.000,0.176,-0.264,-0.088,0.088,-0.264,-50.801,34.365,0.000,0.000,-0.088,-0.088,0.176,0.000,0.000,0.439,0.176,0.000,0.000,0.000,0.000,0.000,0.000,0.000,-51.141,34.556,0.000,0.000,0.000,0.000,0.000,0.000,0.000,0.000,0.000,0.013,3.6,11.20,31.0,0.000,0.000,0.000,0.000,0.000,0.000,0.000,0.013,0.000,0.000,0.000,0.000,0.000,0.006,0.000,0.000,0.000,0.000
106.6045,1066,0,move,-1,106.6045,106.6165,0,0.000,0.000,0.176,-0.264,-0.088,0.088,-0.264,-50.801,34.365,0.000,0.000,-0.088,-0.088,0.176,0.000,0.000,0.439,0.176,0.000,0.000,0.000,0.000,0.000,0.000,0.000,-51.141,34.556,0.000,0.000,0.000,0.000,0.000,0.000,0.000,0.000,0.000,0.013,3.6,11.20,31.0,0.000,0.000,0.000,0.000,0.000,0.000,0.000,0.013,0.000,0.000,0.000,0.000,0.000,0.006,0.000,0.000,0.000,0.000
106.7045,1067,0,move,-1,106.7045,106.7203,0,0.000,0.000,0.176,-0.264,-0.088,0.088,-0.264,-50.801,34.365,0.000,0.000,-0.088,-0.088,0.176,0.000,0.000,0.439,0.176,0.000,0.000,0.000,0.000,0.000,0.000,0.000,-51.141,34.556,0.000,0.000,0.000,0.000,0.000,0.000,0.000,0.000,0.000,0.006,3.2,11.30,33.0,0.000,0.000,0.000,0.000,0.000,0.000,0.006,0.006,0.006,0.000,0.000,0.000,0.000,0.006,0.000,0.000,0.006,0.000
106.8043,1068,0,move,-1,106.8043,106.8154,0,0.000,0.000,0.176,-0.264,-0.088,0.088,-0.264,-50.801,34.365,0.000,0.000,-0.088,-0.088,0.176,0.000,0.000,0.439,0.176,0.000,0.000,0.000,0.000,0.000,0.000,0.000,-51.141,34.556,0.000,0.000,0.000,0.000,0.000,0.000,0.000,0.000,0.000,0.006,3.2,11.30,33.0,0.000,0.000,0.000,0.000,0.000,0.000,0.006,0.006,0.006,0.000,0.000,0.000,0.000,0.006,0.000,0.000,0.006,0.000
106.9045,1069,0,move,-1,106.9045,106.9142,0,0.000,0.000,0.176,-0.264,-0.088,0.088,-0.264,-50.801,34.365,0.000,0.000,-0.088,-0.088,0.176,0.000,0.000,0.439,0.176,0.000,0.000,0.000,0.000,0.000,0.000,0.000,-51.141,34.556,0.000,0.000,0.000,0.000,0.000,0.000,0.000,0.000,0.000,0.013,4.0,11.20,31.0,0.000,0.000,0.000,0.006,0.000,0.000,0.006,0.013,0.000,0.000,0.000,0.000,0.000,0.006,0.000,0.000,0.013,0.000
107.0045,1070,0,move,-1,107.0045,107.0157,0,0.000,0.000,0.176,-0.264,-0.088,0.088,-0.264,-50.801,34.365,0.000,0.000,-0.088,-0.088,0.176,0.000,0.000,0.439,0.176,0.000,0.000,0.000,0.000,0.000,0.000,0.000,-51.141,34.556,0.000,0.000,0.000,0.000,0.000,0.000,0.000,0.000,0.000,0.013,4.0,11.20,31.0,0.000,0.000,0.000,0.006,0.000,0.000,0.000,0.013,0.000,0.000,0.000,0.000,0.000,0.006,0.000,0.000,0.006,0.000
107.1045,1071,0,move,-1,107.1045,107.1154,0,0.000,0.000,0.176,-0.264,-0.088,0.088,-0.264,-50.801,34.365,0.000,0.000,-0.088,-0.088,0.176,0.000,0.000,0.439,0.176,0.000,0.000,0.000,0.000,0.000,0.000,0.000,-51.141,34.556,0.000,0.000,0.000,0.000,0.000,0.000,0.000,0.000,0.000,0.013,4.0,11.20,31.0,0.000,0.000,0.000,0.006,0.000,0.000,0.000,0.013,0.000,0.000,0.000,0.000,0.000,0.006,0.000,0.000,0.006,0.000
107.2043,1072,0,move,-1,107.2043,107.2158,0,0.000,0.000,0.176,-0.264,-0.088,0.088,-0.264,-50.801,34.365,0.000,0.000,-0.088,-0.088,0.176,0.000,0.000,0.439,0.176,0.000,0.000,0.000,0.000,0.000,0.000,0.000,-51.141,34.556,0.000,0.000,0.000,0.000,0.000,0.000,0.000,0.000,0.000,0.013,4.0,11.20,31.0,0.000,0.000,0.000,0.000,0.000,0.000,0.006,0.013,0.006,0.000,0.000,0.000,0.000,0.006,0.000,0.000,0.006,0.000
107.3045,1073,0,move,-1,107.3045,107.3156,0,0.000,0.000,0.176,-0.264,-0.088,0.088,-0.264,-50.801,34.365,0.000,0.000,-0.088,-0.088,0.176,0.000,0.000,0.439,0.176,0.000,0.000,0.000,0.000,0.000,0.000,0.000,-51.141,34.556,0.000,0.000,0.000,0.000,0.000,0.000,0.000,0.000,0.000,0.013,4.0,11.20,31.0,0.000,0.000,0.000,0.000,0.000,0.000,0.006,0.013,0.006,0.000,0.000,0.000,0.000,0.006,0.000,0.000,0.006,0.000
107.4045,1074,0,move,-1,107.4045,107.4193,0,0.000,0.000,0.176,-0.264,-0.088,0.088,-0.264,-50.801,34.365,0.000,0.000,-0.088,-0.088,0.176,0.000,0.000,0.439,0.176,0.000,0.000,0.000,0.000,0.000,0.000,0.000,-51.141,34.556,0.000,0.000,0.000,0.000,0.000,0.000,0.000,0.000,0.000,0.013,4.0,11.20,31.0,0.000,0.000,0.006,0.006,0.000,0.000,0.000,0.013,0.000,0.000,0.000,0.000,0.000,0.006,0.000,0.000,0.006,0.006
107.5045,1075,0,move,-1,107.5045,107.5404,0,0.000,0.000,0.176,-0.264,-0.088,0.088,-0.264,-50.801,34.365,0.000,0.000,-0.088,-0.088,0.176,0.000,0.000,0.439,0.176,0.000,0.000,0.000,0.000,0.000,0.000,0.000,-51.141,34.556,0.000,0.000,0.000,0.000,0.000,0.000,0.000,0.000,0.000,0.013,4.0,11.20,31.0,0.000,0.000,0.000,0.000,0.000,0.000,0.006,0.013,0.000,0.000,0.000,0.000,0.000,0.000,0.000,0.000,0.006,0.006
107.6043,1076,0,move,-1,107.6043,107.6105,0,0.000,0.000,0.176,-0.264,-0.088,0.088,-0.264,-50.801,34.365,0.000,0.000,-0.088,-0.088,0.176,0.000,0.000,0.439,0.176,0.000,0.000,0.000,0.000,0.000,0.000,0.000,-51.141,34.556,0.000,0.000,0.000,0.000,0.000,0.000,0.000,0.000,0.000,0.013,4.0,11.20,31.0,0.000,0.000,0.000,0.000,0.000,0.000,0.006,0.013,0.000,0.000,0.000,0.000,0.000,0.000,0.000,0.000,0.006,0.006
107.7046,1077,0,move,-1,107.7046,107.7192,0,0.000,0.000,0.176,-0.264,-0.088,0.088,-0.264,-50.801,34.365,0.000,0.000,-0.088,-0.088,0.176,0.000,0.000,0.439,0.176,0.000,0.000,0.000,0.000,0.000,0.000,0.000,-51.141,34.556,0.000,0.000,0.000,0.000,0.000,0.000,0.000,0.000,0.000,0.013,4.0,11.20,31.0,0.000,0.000,0.000,0.000,0.000,0.000,0.000,0.013,0.000,0.000,0.000,0.000,0.000,0.000,0.000,0.000,0.006,0.000
107.8045,1078,0,move,-1,107.8045,107.8142,0,0.000,0.000,0.176,-0.264,-0.088,0.088,-0.264,-50.801,34.365,0.000,0.000,-0.088,-0.088,0.176,0.000,0.000,0.439,0.176,0.000,0.000,0.000,0.000,0.000,0.000,0.000,-51.141,34.556,0.000,0.000,0.000,0.000,0.000,0.000,0.000,0.000,0.000,0.013,4.0,11.20,31.0,0.000,0.000,0.000,0.000,0.000,0.000,0.000,0.013,0.000,0.000,0.000,0.000,0.000,0.000,0.000,0.000,0.006,0.000
107.9045,1079,0,move,-1,107.9045,107.9159,0,0.000,0.000,0.176,-0.264,-0.088,0.088,-0.264,-50.801,34.365,0.000,0.000,-0.088,-0.088,0.176,0.000,0.000,0.439,0.176,0.000,0.000,0.000,0.000,0.000,0.000,0.000,-51.141,34.556,0.000,0.000,0.000,0.000,0.000,0.000,0.000,0.000,0.000,0.013,4.0,11.20,31.0,0.000,0.000,0.000,0.000,0.000,0.000,0.000,0.013,0.000,0.000,0.000,0.000,0.000,0.006,0.000,0.000,0.006,0.006
108.0045,1080,0,move,-1,108.0045,108.0143,0,0.000,0.000,0.176,-0.264,-0.088,0.088,-0.264,-50.801,34.365,0.000,0.000,-0.088,-0.088,0.176,0.000,0.000,0.439,0.176,0.000,0.000,0.000,0.000,0.000,0.000,0.000,-51.045,34.512,0.000,0.000,0.000,0.000,0.000,0.000,0.000,0.000,0.000,0.013,4.0,11.20,31.0,0.000,0.000,0.000,0.000,0.000,0.000,0.000,0.013,0.000,0.000,0.000,0.000,0.000,0.006,0.000,0.000,0.006,0.006
108.1045,1081,0,move,-1,108.1045,108.1197,0,0.000,0.000,0.176,-0.264,-0.088,0.088,-0.264,-50.801,34.365,0.000,0.000,-0.088,-0.088,0.176,0.000,0.000,0.439,0.176,0.000,0.000,0.000,0.000,0.000,0.000,0.000,-50.765,34.384,0.000,0.000,0.000,0.000,0.000,0.000,0.000,0.000,0.000,0.006,3.2,11.30,32.0,0.000,0.000,0.000,0.006,0.000,0.000,0.000,0.006,0.000,0.000,0.000,0.000,0.000,0.006,0.000,0.000,0.006,0.000
108.2046,1082,0,move,-1,108.2046,108.2167,0,0.000,0.000,0.176,-0.264,-0.088,0.088,-0.264,-50.625,34.365,0.000,0.000,-0.088,-0.088,0.176,0.000,0.000,0.439,0.176,0.000,0.000,0.000,0.000,0.000,0.000,0.000,-50.327,34.182,0.000,0.000,0.000,0.000,0.000,0.000,0.000,0.000,0.000,0.006,3.2,11.30,32.0,0.000,0.000,0.000,0.006,0.000,0.000,0.000,0.006,0.000,0.000,0.000,0.000,0.000,0.006,0.000,0.000,0.006,0.000
108.3043,1083,0,move,-1,108.3043,108.3187,0,0.000,0.000,0.176,-0.264,-0.088,0.088,-0.264,-50.361,34.365,0.000,0.000,-0.088,-0.088,0.176,0.000,0.000,0.439,0.176,0.000,0.000,0.000,0.000,0.000,0.000,0.000,-49.772,33.924,0.000,0.000,0.000,0.000,0.000,0.000,0.000,0.000,0.000,0.006,2.4,11.30,33.0,0.000,0.000,0.006,0.006,0.000,0.000,0.006,0.000,0.006,0.000,0.000,0.000,0.000,0.000,0.000,0.000,0.006,0.000
108.4045,1084,0,move,-1,108.4045,108.4162,0,0.000,0.000,0.176,-0.264,-0.088,0.088,-0.264,-49.922,34.102,0.000,0.000,-0.088,-0.088,0.176,0.000,0.000,0.439,0.176,0.000,0.000,0.000,0.000,0.000,0.000,0.000,-49.154,33.634,0.000,0.000,0.000,0.000,0.000,0.000,0.000,0.000,0.000,0.006,2.4,11.30,33.0,0.000,0.000,0.006,0.006,0.000,0.000,0.006,0.000,0.006,0.000,0.000,0.000,0.000,0.000,0.000,0.000,0.006,0.000
108.5045,1085,0,move,-1,108.5045,108.5173,0,0.000,0.000,0.176,-0.264,-0.088,0.088,-0.264,-49.395,33.926,0.000,0.000,-0.088,-0.088,0.176,0.000,0.000,0.439,0.176,0.000,0.000,0.000,0.000,0.000,0.000,0.000,-48.535,33.340,0.000,0.000,0.000,0.000,0.000,0.000,0.000,0.000,0.000,0.013,4.4,11.20,31.0,0.000,0.000,0.000,0.000,0.000,0.000,0.006,0.013,0.000,0.000,0.000,0.000,0.006,0.006,0.000,0.000,0.006,0.000
108.6043,1086,0,move,-1,108.6043,108.6106,0,0.000,0.000,0.176,-0.264,-0.088,0.088,-0.264,-49.043,33.662,0.000,0.000,-0.088,-0.088,0.176,0.000,0.000,0.439,0.176,0.000,0.000,0.000,0.000,0.000,0.000,0.000,-47.971,33.071,0.000,0.000,0.000,0.000,0.000,0.000,0.000,0.000,0.000,0.013,4.4,11.20,31.0,0.000,0.000,0.000,0.000,0.000,0.000,0.006,0.013,0.000,0.000,0.000,0.000,0.006,0.006,0.000,0.000,0.006,0.000
108.7044,1087,0,move,-1,108.7044,108.7154,0,0.000,0.000,0.176,-0.264,-0.088,0.088,-0.264,-48.164,33.223,0.000,0.000,-0.088,-0.088,0.176,0.000,0.000,0.439,0.176,0.000,0.000,0.000,0.000,0.000,0.000,0.000,-47.522,32.856,0.000,0.000,0.000,0.000,0.000,0.000,0.000,0.000,0.000,0.013,4.8,11.30,32.0,0.000,0.000,0.000,0.006,0.000,0.000,0.006,0.000,0.006,0.000,0.000,0.000,0.000,0.000,0.000,0.000,0.013,0.006
108.8043,1088,0,move,-1,108.8043,108.8144,0,0.000,0.000,0.176,-0.264,-0.088,0.088,-0.264,-47.725,33.135,0.000,0.000,-0.088,-0.088,0.176,0.000,0.000,0.439,0.176,0.000,0.000,0.000,0.000,0.000,0.000,0.000,-47.233,32.716,0.000,0.000,0.000,0.000,0.000,0.000,0.000,0.000,0.000,0.013,4.8,11.30,32.0,0.000,0.000,0.000,0.006,0.000,0.000,0.006,0.000,0.006,0.000,0.000,0.000,0.000,0.000,0.000,0.000,0.013,0.006
108.9043,1089,0,move,-1,108.9043,108.9159,0,0.000,0.000,0.176,-0.264,-0.088,0.088,-0.264,-47.373,32.871,0.000,0.000,-0.088,-0.088,0.176,0.000,0.000,0.439,0.176,0.000,0.000,0.000,0.000,0.000,0.000,0.000,-47.133,32.667,0.000,0.000,0.000,0.000,0.000,0.000,0.000,0.000,0.000,0.006,3.2,11.30,32.0,0.000,0.000,0.000,0.006,0.000,0.000,0.006,0.006,0.000,0.000,0.000,0.000,0.000,0.006,0.000,0.000,0.006,0.006
109.0045,1090,0,move,-1,109.0045,109.0181,0,0.000,0.000,0.176,-0.264,-0.088,0.088,-0.264,-47.197,32.783,0.000,0.000,-0.088,-0.088,0.176,0.000,0.000,0.439,0.176,0.000,0.000,0.000,0.000,0.000,0.000,0.000,-47.133,32.667,0.000,0.000,0.000,0.000,0.000,0.000,0.000,0.000,0.000,0.006,2.4,11.30,33.0,0.000,0.000,0.006,0.006,0.000,0.000,0.000,0.000,0.000,0.000,0.000,0.000,0.000,0.006,0.000,0.000,0.006,0.000
109.1045,1091,0,move,-1,109.1045,109.1176,0,0.000,0.000,0.176,-0.264,-0.088,0.088,-0.264,-47.197,32.783,0.000,0.000,-0.088,-0.088,0.176,0.000,0.000,0.439,0.176,0.000,0.000,0.000,0.000,0.000,0.000,0.000,-47.133,32.667,0.000,0.000,0.000,0.000,0.000,0.000,0.000,0.000,0.000,0.006,2.4,11.30,33.0,0.000,0.000,0.006,0.006,0.000,0.000,0.000,0.000,0.000,0.000,0.000,0.000,0.000,0.006,0.000,0.000,0.006,0.000
109.2043,1092,0,move,-1,109.2043,109.2289,0,0.000,0.000,0.176,-0.264,-0.088,0.088,-0.264,-47.197,32.783,0.000,0.000,-0.088,-0.088,0.176,0.000,0.000,0.439,0.176,0.000,0.000,0.000,0.000,0.000,0.000,0.000,-47.133,32.667,0.000,0.000,0.000,0.000,0.000,0.000,0.000,0.000,0.000,0.013,4.8,11.30,32.0,0.000,0.000,0.000,0.006,0.000,0.000,0.006,0.000,0.000,0.000,0.000,0.000,0.000,0.006,0.000,0.000,0.013,0.006
109.3045,1093,0,move,-1,109.3045,109.3158,0,0.000,0.000,0.176,-0.264,-0.088,0.088,-0.264,-47.197,32.783,0.000,0.000,-0.088,-0.088,0.176,0.000,0.000,0.439,0.176,0.000,0.000,0.000,0.000,0.000,0.000,0.000,-47.133,32.667,0.000,0.000,0.000,0.000,0.000,0.000,0.000,0.000,0.000,0.013,4.8,11.30,32.0,0.000,0.000,0.000,0.006,0.000,0.000,0.006,0.000,0.000,0.000,0.000,0.000,0.000,0.006,0.000,0.000,0.013,0.006
109.4045,1094,0,move,-1,109.4045,109.4164,0,0.000,0.000,0.176,-0.264,-0.088,0.088,-0.264,-47.197,32.783,0.000,0.000,-0.088,-0.088,0.176,0.000,0.000,0.439,0.176,0.000,0.000,0.000,0.000,0.000,0.000,0.000,-47.133,32.667,0.000,0.000,0.000,0.000,0.000,0.000,0.000,0.000,0.000,0.013,2.4,11.30,29.0,0.000,0.000,0.006,0.000,0.000,0.000,0.006,0.000,0.000,0.000,0.000,0.000,0.000,0.013,0.000,0.000,0.006,0.006
109.5045,1095,0,move,-1,109.5045,109.5151,0,0.000,0.000,0.176,-0.264,-0.088,0.088,-0.264,-47.197,32.783,0.000,0.000,-0.088,-0.088,0.176,0.000,0.000,0.439,0.176,0.000,0.000,0.000,0.000,0.000,0.000,0.000,-47.133,32.667,0.000,0.000,0.000,0.000,0.000,0.000,0.000,0.000,0.000,0.013,2.4,11.30,29.0,0.000,0.000,0.006,0.000,0.000,0.000,0.006,0.000,0.000,0.000,0.000,0.000,0.000,0.013,0.000,0.000,0.006,0.006
109.6045,1096,0,move,-1,109.6045,109.6163,0,0.000,0.000,0.176,-0.264,-0.088,0.088,-0.264,-47.197,32.783,0.000,0.000,-0.088,-0.088,0.176,0.000,0.000,0.439,0.176,0.000,0.000,0.000,0.000,0.000,0.000,0.000,-47.133,32.667,0.000,0.000,0.000,0.000,0.000,0.000,0.000,0.000,0.000,0.006,2.4,11.30,33.0,0.000,0.000,0.006,0.006,0.000,0.000,0.006,0.000,0.000,0.000,0.000,0.000,0.000,0.006,0.000,0.000,0.006,0.000
109.7051,1097,0,move,-1,109.7051,109.7329,0,0.000,0.000,0.176,-0.264,-0.088,0.088,-0.264,-47.197,32.783,0.000,0.000,-0.088,-0.088,0.176,0.000,0.000,0.439,0.176,0.000,0.000,0.000,0.000,0.000,0.000,0.000,-47.133,32.667,0.000,0.000,0.000,0.000,0.000,0.000,0.000,0.000,0.000,0.013,4.8,11.30,32.0,0.000,0.000,0.000,0.006,0.000,0.000,0.000,0.000,0.000,0.000,0.000,0.000,0.000,0.006,0.000,0.000,0.013,0.006
109.8046,1098,0,move,-1,109.8046,109.8181,0,0.000,0.000,0.176,-0.264,-0.088,0.088,-0.264,-47.197,32.783,0.000,0.000,-0.088,-0.088,0.176,0.000,0.000,0.439,0.176,0.000,0.000,0.000,0.000,0.000,0.000,0.000,-47.133,32.667,0.000,0.000,0.000,0.000,0.000,0.000,0.000,0.000,0.000,0.013,4.8,11.30,32.0,0.000,0.000,0.000,0.006,0.000,0.000,0.000,0.000,0.000,0.000,0.000,0.000,0.000,0.006,0.000,0.000,0.013,0.006
109.9045,1099,0,move,-1,109.9045,109.9151,0,0.000,0.000,0.176,-0.264,-0.088,0.088,-0.264,-47.197,32.783,0.000,0.000,-0.088,-0.088,0.176,0.000,0.000,0.439,0.176,0.000,0.000,0.000,0.000,0.000,0.000,0.000,-47.133,32.667,0.000,0.000,0.000,0.000,0.000,0.000,0.000,0.000,0.000,0.006,3.2,11.30,32.0,0.000,0.000,0.000,0.006,0.000,0.000,0.006,0.000,0.000,0.000,0.000,0.000,0.000,0.006,0.000,0.000,0.006,0.000
110.0045,1100,0,move,-1,110.0045,110.0163,0,0.000,0.000,0.176,-0.264,-0.088,0.088,-0.264,-47.197,32.783,0.000,0.000,-0.088,-0.088,0.176,0.000,0.000,0.439,0.176,0.000,0.000,0.000,0.000,0.000,0.000,0.000,-47.133,32.667,0.000,0.000,0.000,0.000,0.000,0.000,0.000,0.000,0.000,0.006,3.2,11.30,33.0,0.000,0.000,0.000,0.000,0.000,0.000,0.006,0.000,0.000,0.000,0.000,0.000,0.000,0.006,0.000,0.000,0.006,0.006
110.1045,1101,0,move,-1,110.1045,110.1251,0,0.000,0.000,0.176,-0.264,-0.088,0.088,-0.264,-47.197,32.783,0.000,0.000,-0.088,-0.088,0.176,0.000,0.000,0.439,0.176,0.000,0.000,0.000,0.000,0.000,0.000,0.000,-47.133,32.667,0.000,0.000,0.000,0.000,0.000,0.000,0.000,0.000,0.000,0.006,2.4,11.30,33.0,0.000,0.000,0.006,0.006,0.000,0.000,,0.000,0.000,0.000,0.000,0.000,0.000,0.006,0.000,0.000,0.006,0.006
110.2176,1102,0,move,-1,110.2176,110.2301,0,0.000,0.000,0.176,-0.264,-0.088,0.088,-0.264,-47.197,32.783,0.000,0.000,-0.088,-0.088,0.176,0.000,0.000,0.439,0.176,0.000,0.000,0.000,0.000,0.000,0.000,0.000,-47.133,32.667,0.000,0.000,0.000,0.000,0.000,0.000,0.000,0.000,0.000,0.013,4.8,11.30,32.0,0.000,0.000,0.000,0.000,0.000,0.000,0.000,0.000,0.000,0.000,0.000,0.000,0.000,0.006,0.000,0.000,0.013,0.000
110.3045,1103,0,move,-1,110.3045,110.3156,0,0.000,0.000,0.176,-0.264,-0.088,0.088,-0.264,-47.197,32.783,0.000,0.000,-0.088,-0.088,0.176,0.000,0.000,0.439,0.176,0.000,0.000,0.000,0.000,0.000,0.000,0.000,-47.133,32.667,0.000,0.000,0.000,0.000,0.000,0.000,0.000,0.000,0.000,0.013,4.8,11.30,32.0,0.000,0.000,0.000,0.000,0.000,0.000,0.000,0.000,0.000,0.000,0.000,0.000,0.000,0.006,0.000,0.000,0.013,0.000
110.4045,1104,0,move,-1,110.4045,110.4138,0,0.000,0.000,0.176,-0.264,-0.088,0.088,-0.264,-47.197,32.783,0.000,0.000,-0.088,-0.088,0.176,0.000,0.000,0.439,0.176,0.000,0.000,0.000,0.000,0.000,0.000,0.000,-47.133,32.667,0.000,0.000,0.000,0.000,0.000,0.000,0.000,0.000,0.000,0.006,3.2,11.30,33.0,0.000,0.000,0.000,0.000,0.000,0.000,0.006,0.000,0.000,0.000,0.000,0.000,0.000,0.006,0.000,0.000,0.006,0.000
110.5045,1105,0,move,-1,110.5045,110.5161,0,0.000,0.000,0.176,-0.264,-0.088,0.088,-0.264,-47.197,32.783,0.000,0.000,-0.088,-0.088,0.176,0.000,0.000,0.439,0.176,0.000,0.000,0.000,0.000,0.000,0.000,0.000,-47.133,32.667,0.000,0.000,0.000,0.000,0.000,0.000,0.000,0.000,0.000,0.006,3.2,11.30,32.0,0.000,0.000,0.000,0.006,0.000,0.000,0.006,0.000,0.000,0.000,0.000,0.000,0.000,0.006,0.000,0.000,0.006,0.000
110.6045,1106,0,move,-1,110.6045,110.6179,0,0.000,0.000,0.176,-0.264,-0.088,0.088,-0.264,-47.197,32.783,0.000,0.000,-0.088,-0.088,0.176,0.000,0.000,0.439,0.176,0.000,0.000,0.000,0.000,0.000,0.000,0.000,-47.133,32.667,0.000,0.000,0.000,0.000,0.000,0.000,0.000,0.000,0.000,0.006,2.4,11.30,29.0,0.000,0.000,0.000,0.000,0.000,0.000,0.000,0.000,0.000,0.000,0.000,0.000,0.000,0.006,0.000,0.000,0.006,0.000
110.7045,1107,0,move,-1,110.7045,110.7521,0,0.000,0.000,0.176,-0.264,-0.088,0.088,-0.264,-47.197,32.783,0.000,0.000,-0.088,-0.088,0.176,0.000,0.000,0.439,0.176,0.000,0.000,0.000,0.000,0.000,0.000,0.000,-47.133,32.667,0.000,0.000,0.000,0.000,0.000,0.000,0.000,0.000,0.000,0.006,3.2,11.30,32.0,0.000,0.000,0.000,0.006,0.000,0.000,0.006,0.000,0.000,0.000,0.000,0.000,0.000,0.006,0.000,0.000,0.006,0.000
110.8045,1108,0,move,-1,110.8045,110.8184,0,0.000,0.000,0.176,-0.264,-0.088,0.088,-0.264,-47.197,32.783,0.000,0.000,-0.088,-0.088,0.176,0.000,0.000,0.439,0.176,0.000,0.000,0.000,0.000,0.000,0.000,0.000,-47.133,32.667,0.000,0.000,0.000,0.000,0.000,0.000,0.000,0.000,0.000,0.006,3.2,11.30,32.0,0.000,0.000,0.000,0.006,0.000,0.000,0.006,0.000,0.000,0.000,0.000,0.000,0.000,0.006,0.000,0.000,0.006,0.000
110.9045,1109,0,move,-1,110.9045,110.9181,0,0.000,0.000,0.176,-0.264,-0.088,0.088,-0.264,-47.197,32.783,0.000,0.000,-0.088,-0.088,0.176,0.000,0.000,0.439,0.176,0.000,0.000,0.000,0.000,0.000,0.000,0.000,-47.133,32.667,0.000,0.000,0.000,0.000,0.000,0.000,0.000,0.000,0.000,0.000,0.0,11.30,32.0,0.000,0.000,0.000,0.000,0.000,0.000,0.000,0.000,0.000,0.000,0.000,0.000,0.000,0.000,0.000,0.000,0.000,0.000
111.0045,1110,0,move,-1,111.0045,111.0162,0,0.000,0.000,0.176,-0.264,-0.088,0.088,-0.264,-47.197,32.783,0.000,0.000,-0.088,-0.088,0.176,0.000,0.000,0.439,0.176,0.000,0.000,0.000,0.000,0.000,0.000,0.000,-47.133,32.667,0.000,0.000,0.000,0.000,0.000,0.000,0.000,0.000,0.000,0.000,0.0,11.30,32.0,0.000,0.000,0.000,0.000,0.000,0.000,0.000,0.000,0.000,0.000,0.000,0.000,0.000,0.000,0.000,0.000,0.000,0.000
111.1045,1111,0,move,-1,111.1045,111.1168,0,0.000,0.000,0.176,-0.264,-0.088,0.088,-0.264,-47.197,32.783,0.000,0.000,-0.088,-0.088,0.176,0.000,0.000,0.439,0.176,0.000,0.000,0.000,0.000,0.000,0.000,0.000,-47.133,32.667,0.000,0.000,0.000,0.000,0.000,0.000,0.000,0.000,0.000,0.013,4.8,11.30,32.0,0.000,0.000,0.000,0.000,0.000,0.000,0.006,0.000,0.000,0.000,0.000,0.000,0.000,0.006,0.000,0.000,0.013,0.000
111.2162,1112,0,move,-1,111.2162,111.2273,0,0.000,0.000,0.176,-0.264,-0.088,0.088,-0.264,-47.197,32.783,0.000,0.000,-0.088,-0.088,0.176,0.000,0.000,0.439,0.176,0.000,0.000,0.000,0.000,0.000,0.000,0.000,-47.133,32.667,0.000,0.000,0.000,0.000,0.000,0.000,0.000,0.000,0.000,0.013,4.8,11.30,32.0,0.000,0.000,0.006,0.000,0.000,0.000,0.000,0.000,0.000,0.000,0.000,0.000,0.000,0.000,0.000,0.000,0.013,0.006
111.3045,1113,0,move,-1,111.3045,111.3161,0,0.000,0.000,0.176,-0.264,-0.088,0.088,-0.264,-47.197,32.783,0.000,0.000,-0.088,-0.088,0.176,0.000,0.000,0.439,0.176,0.000,0.000,0.000,0.000,0.000,0.000,0.000,-47.133,32.667,0.000,0.000,0.000,0.000,0.000,0.000,0.000,0.000,0.000,0.013,4.8,11.30,32.0,0.000,0.000,0.006,0.000,0.000,0.000,0.000,0.000,0.000,0.000,0.000,0.000,0.000,0.000,0.000,0.000,0.013,0.006
111.4045,1114,0,move,-1,111.4045,111.4147,0,0.000,0.000,0.176,-0.264,-0.088,0.088,-0.264,-47.197,32.783,0.000,0.000,-0.088,-0.088,0.176,0.000,0.000,0.439,0.176,0.000,0.000,0.000,0.000,0.000,0.000,0.000,-47.133,32.667,0.000,0.000,0.000,0.000,0.000,0.000,0.000,0.000,0.000,0.006,3.2,11.30,32.0,0.000,0.000,0.000,0.006,0.000,0.000,0.006,0.000,0.000,0.000,0.000,0.000,0.000,0.006,0.000,0.000,0.006,0.000
111.5045,1115,0,move,-1,111.5045,111.5165,0,0.000,0.000,0.176,-0.264,-0.088,0.088,-0.264,-47.197,32.783,0.000,0.000,-0.088,-0.088,0.176,0.000,0.000,0.439,0.176,0.000,0.000,0.000,0.000,0.000,0.000,0.000,-47.133,32.667,0.000,0.000,0.000,0.000,0.000,0.000,0.000,0.000,0.000,0.006,3.2,11.30,32.0,0.000,0.000,0.000,0.006,0.000,0.000,0.000,0.000,0.000,0.000,0.000,0.000,0.000,0.006,0.000,0.000,0.006,0.000
111.6045,1116,0,move,-1,111.6045,111.6156,0,0.000,0.000,0.176,-0.264,-0.088,0.088,-0.264,-47.197,32.783,0.000,0.000,-0.088,-0.088,0.176,0.000,0.000,0.439,0.176,0.000,0.000,0.000,0.000,0.000,0.000,0.000,-47.133,32.667,0.000,0.000,0.000,0.000,0.000,0.000,0.000,0.000,0.000,0.006,3.2,11.30,32.0,0.000,0.000,0.000,0.006,0.000,0.000,0.000,0.000,0.000,0.000,0.000,0.000,0.000,0.006,0.000,0.000,0.006,0.000
111.7046,1117,0,move,-1,111.7046,111.7118,0,0.000,0.000,0.176,-0.264,-0.088,0.088,-0.264,-47.197,32.783,0.000,0.000,-0.088,-0.088,0.176,0.000,0.000,0.439,0.176,0.000,0.000,0.000,0.000,0.000,0.000,0.000,-47.133,32.667,0.000,0.000,0.000,0.000,0.000,0.000,0.000,0.000,0.000,0.006,3.2,11.20,33.0,0.000,0.000,0.000,0.000,0.000,0.000,0.006,0.000,0.000,0.000,0.000,0.000,0.000,0.006,0.000,0.000,0.006,0.000
111.8045,1118,0,move,-1,111.8045,111.8148,0,0.000,0.000,0.176,-0.264,-0.088,0.088,-0.264,-47.197,32.783,0.000,0.000,-0.088,-0.088,0.176,0.000,0.000,0.439,0.176,0.000,0.000,0.000,0.000,0.000,0.000,0.000,-47.133,32.667,0.000,0.000,0.000,0.000,0.000,0.000,0.000,0.000,0.000,0.006,2.4,11.30,29.0,0.000,0.000,0.000,0.000,0.000,0.000,0.000,0.000,0.000,0.000,0.000,0.000,0.000,0.006,0.000,0.000,0.006,0.000
111.9045,1119,0,move,-1,111.9045,111.9174,0,0.000,0.000,0.176,-0.264,-0.088,0.088,-0.264,-47.197,32.783,0.000,0.000,-0.088,-0.088,0.176,0.000,0.000,0.439,0.176,0.000,0.000,0.000,0.000,0.000,0.000,0.000,-47.133,32.667,0.000,0.000,0.000,0.000,0.000,0.000,0.000,0.000,0.000,0.013,4.8,11.30,32.0,0.000,0.000,0.000,0.006,0.000,0.000,0.006,0.000,0.000,0.000,0.000,0.000,0.000,0.006,0.000,0.000,0.013,0.000
112.0045,1120,0,move,-1,112.0045,112.0166,0,0.000,0.000,0.176,-0.264,-0.088,0.088,-0.264,-47.197,32.783,0.000,0.000,-0.088,-0.088,0.176,0.000,0.000,0.439,0.176,0.000,0.000,0.000,0.000,0.000,0.000,0.000,-47.033,32.619,0.000,0.000,0.000,0.000,0.000,0.000,0.000,0.000,0.000,0.013,4.8,11.30,32.0,0.000,0.000,0.000,0.006,0.000,0.000,0.006,0.000,0.000,0.000,0.000,0.000,0.000,0.006,0.000,0.000,0.013,0.000
112.1046,1121,0,move,-1,112.1046,112.1175,0,0.000,0.000,0.176,-0.264,-0.088,0.088,-0.264,-47.021,32.783,0.000,0.000,-0.088,-0.088,0.176,0.000,0.000,0.439,0.176,0.000,0.000,0.000,0.000,0.000,0.000,0.000,-46.742,32.477,0.000,0.000,0.000,0.000,0.000,0.000,0.000,0.000,0.000,0.006,2.4,11.30,33.0,0.000,0.000,0.006,0.006,0.000,0.000,0.006,0.006,0.000,0.000,0.000,0.000,0.000,0.006,0.000,0.000,0.006,0.006
112.2045,1122,0,move,-1,112.2045,112.2153,0,0.000,0.000,0.176,-0.264,-0.088,0.088,-0.264,-46.846,32.783,0.000,0.000,-0.088,-0.088,0.176,0.000,0.000,0.439,0.176,0.000,0.000,0.000,0.000,0.000,0.000,0.000,-46.288,32.255,0.000,0.000,0.000,0.000,0.000,0.000,0.000,0.000,0.000,0.006,2.4,11.30,33.0,0.000,0.000,0.006,0.006,0.000,0.000,0.006,0.006,0.000,0.000,0.000,0.000,0.000,0.006,0.000,0.000,0.006,0.006
112.3045,1123,0,move,-1,112.3045,112.3166,0,0.000,0.000,0.176,-0.264,-0.088,0.088,-0.264,-46.494,32.432,0.000,0.000,-0.088,-0.088,0.176,0.000,0.000,0.439,0.176,0.000,0.000,0.000,0.000,0.000,0.000,0.000,-45.712,31.972,0.000,0.000,0.000,0.000,0.000,0.000,0.000,0.000,0.000,0.006,3.2,11.30,32.0,0.000,0.000,0.000,0.006,0.000,0.000,0.006,0.006,0.000,0.000,0.000,0.000,0.000,0.006,0.000,0.000,0.006,0.000
112.4045,1124,0,move,-1,112.4045,112.4163,0,0.000,0.000,0.176,-0.264,-0.088,0.088,-0.264,-45.967,32.256,0.000,0.000,-0.088,-0.088,0.176,0.000,0.000,0.439,0.176,0.000,0.000,0.000,0.000,0.000,0.000,0.000,-45.069,31.653,0.000,0.000,0.000,0.000,0.000,0.000,0.000,0.000,0.000,0.006,3.2,11.30,32.0,0.000,0.000,0.000,0.006,0.000,0.000,0.006,0.006,0.000,0.000,0.000,0.000,0.000,0.006,0.000,0.000,0.006,0.000
112.5046,1125,0,move,-1,112.5046,112.5141,0,0.000,0.000,0.176,-0.264,-0.088,0.088,-0.264,-45.352,31.816,0.000,0.000,-0.088,-0.088,0.176,0.000,0.000,0.439,0.176,0.000,0.000,0.000,0.000,0.000,0.000,0.000,-44.421,31.329,0.000,0.000,0.000,0.000,0.000,0.000,0.000,0.000,0.000,0.006,3.2,11.30,32.0,0.000,0.000,0.000,0.006,0.000,0.000,0.000,0.006,0.006,0.000,0.000,0.000,0.000,0.006,0.000,0.000,0.006,0.006
112.6051,1126,0,move,-1,112.6051,112.6319,0,0.000,0.000,0.176,-0.264,-0.088,0.088,-0.264,-44.561,31.465,0.000,0.000,-0.088,-0.088,0.176,0.000,0.000,0.439,0.176,0.000,0.000,0.000,0.000,0.000,0.000,0.000,-43.833,31.033,0.000,0.000,0.000,0.000,0.000,0.000,0.000,0.000,0.000,0.006,2.4,11.30,33.0,0.000,0.000,0.006,0.000,0.000,0.000,0.006,0.000,0.006,0.000,0.000,0.000,0.000,0.006,0.000,0.000,0.006,0.000
112.7045,1127,0,move,-1,112.7045,112.7146,0,0.000,0.000,0.176,-0.264,-0.088,0.088,-0.264,-44.121,31.289,0.000,0.000,-0.088,-0.088,0.176,0.000,0.000,0.439,0.176,0.000,0.000,0.000,0.000,0.000,0.000,0.000,-43.362,30.795,0.000,0.000,0.000,0.000,0.000,0.000,0.000,0.000,0.000,0.006,2.4,11.30,33.0,0.000,0.000,0.006,0.000,0.000,0.000,0.006,0.000,0.006,0.000,0.000,0.000,0.000,0.006,0.000,0.000,0.006,0.000
112.8045,1128,0,move,-1,112.8045,112.8152,0,0.000,0.000,0.176,-0.264,-0.088,0.088,-0.264,-43.506,30.938,0.000,0.000,-0.088,-0.088,0.176,0.000,0.000,0.439,0.176,0.000,0.000,0.000,0.000,0.000,0.000,0.000,-43.059,30.640,0.000,0.000,0.000,0.000,0.000,0.000,0.000,0.000,0.000,0.013,5.6,11.30,33.0,0.000,0.000,0.000,0.000,0.000,0.000,0.006,0.006,0.013,0.000,0.000,0.000,0.000,0.006,0.000,0.000,0.006,0.006
112.9045,1129,0,move,-1,112.9045,112.9146,0,0.000,0.000,0.176,-0.264,-0.088,0.088,-0.264,-43.066,30.938,0.000,0.000,-0.088,-0.088,0.176,0.000,0.000,0.439,0.176,0.000,0.000,0.000,0.000,0.000,0.000,0.000,-42.955,30.587,0.000,0.000,0.000,0.000,0.000,0.000,0.000,0.000,0.000,0.013,5.6,11.30,33.0,0.000,0.000,0.000,0.000,0.000,0.000,0.006,0.006,0.013,0.000,0.000,0.000,0.000,0.006,0.000,0.000,0.006,0.006
113.0045,1130,0,move,-1,113.0045,113.0159,0,0.000,0.000,0.176,-0.264,-0.088,0.088,-0.264,-42.979,30.762,0.000,0.000,-0.088,-0.088,0.176,0.000,0.000,0.439,0.176,0.000,0.000,0.000,0.000,0.000,0.000,0.000,-42.955,30.587,0.000,0.000,0.000,0.000,0.000,0.000,0.000,0.000,0.000,0.006,3.2,11.30,32.0,0.000,0.000,0.000,0.006,0.000,0.000,0.000,0.006,0.006,0.000,0.000,0.000,0.000,0.006,0.000,0.000,0.006,0.000
113.1073,1131,0,move,-1,113.1073,113.1154,0,0.000,0.000,0.176,-0.264,-0.088,0.088,-0.264,-42.979,30.762,0.000,0.000,-0.088,-0.088,0.176,0.000,0.000,0.439,0.176,0.000,0.000,0.000,0.000,0.000,0.000,0.000,-42.955,30.587,0.000,0.000,0.000,0.000,0.000,0.000,0.000,0.000,0.000,0.006,3.2,11.30,32.0,0.000,0.000,0.000,0.006,0.000,0.000,0.000,0.006,0.006,0.000,0.000,0.000,0.000,0.006,0.000,0.000,0.006,0.000
113.2043,1132,0,move,-1,113.2043,113.2175,0,0.000,0.000,0.176,-0.264,-0.088,0.088,-0.264,-42.979,30.762,0.000,0.000,-0.088,-0.088,0.176,0.000,0.000,0.439,0.176,0.000,0.000,0.000,0.000,0.000,0.000,0.000,-42.955,30.587,0.000,0.000,0.000,0.000,0.000,0.000,0.000,0.000,0.000,0.006,3.2,11.30,32.0,0.000,0.000,0.000,0.006,0.000,0.000,0.006,0.000,0.000,0.000,0.000,0.000,0.000,0.006,0.000,0.000,0.006,0.006
113.3045,1133,0,move,-1,113.3045,113.3157,0,0.000,0.000,0.176,-0.264,-0.088,0.088,-0.264,-42.979,30.762,0.000,0.000,-0.088,-0.088,0.176,0.000,0.000,0.439,0.176,0.000,0.000,0.000,0.000,0.000,0.000,0.000,-42.955,30.587,0.000,0.000,0.000,0.000,0.000,0.000,0.000,0.000,0.000,0.006,3.2,11.30,32.0,0.000,0.000,0.000,0.006,0.000,0.000,0.006,0.000,0.000,0.000,0.000,0.000,0.000,0.006,0.000,0.000,0.006,0.006
113.4045,1134,0,move,-1,113.4045,113.4167,0,0.000,0.000,0.176,-0.264,-0.088,0.088,-0.264,-42.891,30.762,0.000,0.000,-0.088,-0.088,0.176,0.000,0.000,0.439,0.176,0.000,0.000,0.000,0.000,0.000,0.000,0.000,-42.955,30.587,0.000,0.000,0.000,0.000,0.000,0.000,0.000,0.000,0.000,0.006,3.2,11.30,32.0,0.000,0.000,0.000,0.006,0.000,0.000,0.006,0.000,0.000,0.000,0.000,0.000,0.000,0.006,0.000,0.000,0.006,0.000
113.5045,1135,0,move,-1,113.5045,113.5162,0,0.000,0.000,0.176,-0.264,-0.088,0.088,-0.264,-42.891,30.762,0.000,0.000,-0.088,-0.088,0.176,0.000,0.000,0.439,0.176,0.000,0.000,0.000,0.000,0.000,0.000,0.000,-42.955,30.587,0.000,0.000,0.000,0.000,0.000,0.000,0.000,0.000,0.000,0.006,3.2,11.30,32.0,0.000,0.000,0.000,0.006,0.000,0.000,0.006,0.000,0.000,0.000,0.000,0.000,0.000,0.006,0.000,0.000,0.006,0.000
113.6043,1136,0,move,-1,113.6043,113.6113,0,0.000,0.000,0.176,-0.264,-0.088,0.088,-0.264,-42.891,30.762,0.000,0.000,-0.088,-0.088,0.176,0.000,0.000,0.439,0.176,0.000,0.000,0.000,0.000,0.000,0.000,0.000,-42.955,30.587,0.000,0.000,0.000,0.000,0.000,0.000,0.000,0.000,0.000,0.006,3.2,11.30,32.0,0.000,0.000,0.000,0.006,0.000,0.000,0.000,0.000,0.000,0.000,0.000,0.000,0.000,0.006,0.000,0.000,0.006,0.000
113.7045,1137,0,move,-1,113.7045,113.7146,0,0.000,0.000,0.176,-0.264,-0.088,0.088,-0.264,-42.891,30.762,0.000,0.000,-0.088,-0.088,0.176,0.000,0.000,0.439,0.176,0.000,0.000,0.000,0.000,0.000,0.000,0.000,-42.955,30.587,0.000,0.000,0.000,0.000,0.000,0.000,0.000,0.000,0.000,0.013,4.8,11.30,32.0,0.000,0.000,0.000,0.006,0.000,0.000,0.006,0.000,0.000,0.000,0.000,0.000,0.000,0.000,0.000,0.000,0.013,0.000
113.8043,1138,0,move,-1,113.8043,113.8162,0,0.000,0.000,0.176,-0.264,-0.088,0.088,-0.264,-42.891,30.762,0.000,0.000,-0.088,-0.088,0.176,0.000,0.000,0.439,0.176,0.000,0.000,0.000,0.000,0.000,0.000,0.000,-42.955,30.587,0.000,0.000,0.000,0.000,0.000,0.000,0.000,0.000,0.000,0.006,2.4,11.30,33.0,0.000,0.000,0.006,0.006,0.000,0.000,0.006,0.000,0.006,0.000,0.000,0.000,0.000,0.006,0.000,0.000,0.006,0.006
113.9045,1139,0,move,-1,113.9045,113.9190,0,0.000,0.000,0.176,-0.264,-0.088,0.088,-0.264,-42.891,30.762,0.000,0.000,-0.088,-0.088,0.176,0.000,0.000,0.439,0.176,0.000,0.000,0.000,0.000,0.000,0.000,0.000,-42.955,30.587,0.000,0.000,0.000,0.000,0.000,0.000,0.000,0.000,0.000,0.006,2.4,11.30,33.0,0.000,0.000,0.006,0.006,0.000,0.000,0.006,0.000,0.000,0.000,0.000,0.000,0.000,0.006,0.000,0.000,0.006,0.000
114.0045,1140,0,move,-1,114.0045,114.0194,0,0.000,0.000,0.176,-0.264,-0.088,0.088,-0.264,-42.803,30.762,0.000,0.000,-0.088,-0.088,0.176,0.000,0.000,0.439,0.176,0.000,0.000,0.000,0.000,0.000,0.000,0.000,-42.955,30.587,0.000,0.000,0.000,0.000,0.000,0.000,0.000,0.000,0.000,0.000,0.0,11.30,32.0,0.000,0.000,0.000,0.000,0.000,0.000,0.000,0.000,0.000,0.000,0.000,0.000,0.000,0.000,0.000,0.000,0.000,0.000
114.1052,1141,0,move,-1,114.1052,114.1238,0,0.000,0.000,0.176,-0.264,-0.088,0.088,-0.264,-42.891,30.762,0.000,0.000,-0.088,-0.088,0.176,0.000,0.000,0.439,0.176,0.000,0.000,0.000,0.000,0.000,0.000,0.000,-42.955,30.587,0.000,0.000,0.000,0.000,0.000,0.000,0.000,0.000,0.000,0.006,3.2,11.30,32.0,0.000,0.000,0.000,0.006,0.000,0.000,0.006,0.000,0.006,0.000,0.000,0.000,0.000,0.000,0.000,0.000,0.006,0.000
114.2045,1142,0,move,-1,114.2045,114.2151,0,0.000,0.000,0.176,-0.264,-0.088,0.088,-0.264,-42.891,30.762,0.000,0.000,-0.088,-0.088,0.176,0.000,0.000,0.439,0.176,0.000,0.000,0.000,0.000,0.000,0.000,0.000,-42.955,30.587,0.000,0.000,0.000,0.000,0.000,0.000,0.000,0.000,0.000,0.006,3.2,11.30,32.0,0.000,0.000,0.000,0.006,0.000,0.000,0.006,0.000,0.006,0.000,0.000,0.000,0.000,0.000,0.000,0.000,0.006,0.000
114.3045,1143,0,move,-1,114.3045,114.3266,0,0.000,0.000,0.176,-0.264,-0.088,0.088,-0.264,-42.891,30.762,0.000,0.000,-0.088,-0.088,0.176,0.000,0.000,0.439,0.176,0.000,0.000,0.000,0.000,0.000,0.000,0.000,-42.955,30.587,0.000,0.000,0.000,0.000,0.000,0.000,0.000,0.000,0.000,0.006,3.2,11.30,32.0,0.000,0.000,0.000,0.006,0.000,0.000,0.006,0.000,0.006,0.000,0.000,0.000,0.000,0.006,0.000,0.000,0.006,0.006
114.4045,1144,0,move,-1,114.4045,114.4158,0,0.000,0.000,0.176,-0.264,-0.088,0.088,-0.264,-42.891,30.762,0.000,0.000,-0.088,-0.088,0.176,0.000,0.000,0.439,0.176,0.000,0.000,0.000,0.000,0.000,0.000,0.000,-42.955,30.587,0.000,0.000,0.000,0.000,0.000,0.000,0.000,0.000,0.000,0.006,3.2,11.30,32.0,0.000,0.000,0.000,0.006,0.000,0.000,0.006,0.000,0.006,0.000,0.000,0.000,0.000,0.006,0.000,0.000,0.006,0.006
114.5045,1145,0,move,-1,114.5045,114.5162,0,0.000,0.000,0.176,-0.264,-0.088,0.088,-0.264,-42.891,30.762,0.000,0.000,-0.088,-0.088,0.176,0.000,0.000,0.439,0.176,0.000,0.000,0.000,0.000,0.000,0.000,0.000,-42.955,30.587,0.000,0.000,0.000,0.000,0.000,0.000,0.000,0.000,0.000,0.006,2.4,11.30,29.0,0.000,0.000,0.000,0.000,0.000,0.000,0.000,0.000,0.000,0.000,0.000,0.000,0.000,0.006,0.000,0.000,0.006,0.000
114.6045,1146,0,move,-1,114.6045,114.6146,0,0.000,0.000,0.176,-0.264,-0.088,0.088,-0.264,-42.891,30.762,0.000,0.000,-0.088,-0.088,0.176,0.000,0.000,0.439,0.176,0.000,0.000,0.000,0.000,0.000,0.000,0.000,-42.955,30.587,0.000,0.000,0.000,0.000,0.000,0.000,0.000,0.000,0.000,0.006,2.4,11.30,29.0,0.000,0.000,0.000,0.000,0.000,0.000,0.000,0.000,0.000,0.000,0.000,0.000,0.000,0.006,0.000,0.000,0.006,0.000
114.7045,1147,0,move,-1,114.7045,114.7163,0,0.000,0.000,0.176,-0.264,-0.088,0.088,-0.264,-42.891,30.762,0.000,0.000,-0.088,-0.088,0.176,0.000,0.000,0.439,0.176,0.000,0.000,0.000,0.000,0.000,0.000,0.000,-42.955,30.587,0.000,0.000,0.000,0.000,0.000,0.000,0.000,0.000,0.000,0.006,3.2,11.30,32.0,0.000,0.000,0.000,0.006,0.000,0.000,0.000,0.000,0.000,0.000,0.000,0.000,0.000,0.006,0.000,0.000,0.006,0.006
114.8045,1148,0,move,-1,114.8045,114.8151,0,0.000,0.000,0.176,-0.264,-0.088,0.088,-0.264,-42.891,30.762,0.000,0.000,-0.088,-0.088,0.176,0.000,0.000,0.439,0.176,0.000,0.000,0.000,0.000,0.000,0.000,0.000,-42.955,30.587,0.000,0.000,0.000,0.000,0.000,0.000,0.000,0.000,0.000,0.006,3.2,11.30,32.0,0.000,0.000,0.000,0.006,0.000,0.000,0.000,0.000,0.000,0.000,0.000,0.000,0.000,0.006,0.000,0.000,0.006,0.006
114.9045,1149,0,move,-1,114.9045,114.9169,0,0.000,0.000,0.176,-0.264,-0.088,0.088,-0.264,-42.891,30.762,0.000,0.000,-0.088,-0.088,0.176,0.000,0.000,0.439,0.176,0.000,0.000,0.000,0.000,0.000,0.000,0.000,-42.955,30.587,0.000,0.000,0.000,0.000,0.000,0.000,0.000,0.000,0.000,0.013,4.8,11.30,32.0,0.000,0.000,0.000,0.006,0.000,0.000,0.006,0.000,0.000,0.000,0.000,0.000,0.000,0.006,0.000,0.000,0.013,0.006
115.0045,1150,0,move,-1,115.0045,115.0148,0,0.000,0.000,0.176,-0.264,-0.088,0.088,-0.264,-42.891,30.762,0.000,0.000,-0.088,-0.088,0.176,0.000,0.000,0.439,0.176,0.000,0.000,0.000,0.000,0.000,0.000,0.000,-42.955,30.587,0.000,0.000,0.000,0.000,0.000,0.000,0.000,0.000,0.000,0.013,4.8,11.30,32.0,0.000,0.000,0.000,0.006,0.000,0.000,0.006,0.000,0.000,0.000,0.000,0.000,0.000,0.006,0.000,0.000,0.013,0.006
115.1045,1151,0,move,-1,115.1045,115.1151,0,0.000,0.000,0.176,-0.264,-0.088,0.088,-0.264,-42.891,30.762,0.000,0.000,-0.088,-0.088,0.176,0.000,0.000,0.439,0.176,0.000,0.000,0.000,0.000,0.000,0.000,0.000,-42.955,30.587,0.000,0.000,0.000,0.000,0.000,0.000,0.000,0.000,0.000,0.013,4.8,11.30,32.0,0.000,0.000,0.000,0.006,0.000,0.000,0.006,0.000,0.000,0.000,0.000,0.000,0.000,0.006,0.000,0.000,0.013,0.006
115.2048,1152,0,move,-1,115.2048,115.2137,0,0.000,0.000,0.176,-0.264,-0.088,0.088,-0.264,-42.891,30.762,0.000,0.000,-0.088,-0.088,0.176,0.000,0.000,0.439,0.176,0.000,0.000,0.000,0.000,0.000,0.000,0.000,-42.955,30.587,0.000,0.000,0.000,0.000,0.000,0.000,0.000,0.000,0.000,0.013,4.8,11.30,32.0,0.000,0.000,0.000,0.006,0.000,0.000,0.006,0.000,0.000,0.000,0.000,0.000,0.000,0.006,0.000,0.000,0.013,0.006
115.3043,1153,0,move,-1,115.3043,115.3149,0,0.000,0.000,0.176,-0.264,-0.088,0.088,-0.264,-42.891,30.762,0.000,0.000,-0.088,-0.088,0.176,0.000,0.000,0.439,0.176,0.000,0.000,0.000,0.000,0.000,0.000,0.000,-42.955,30.587,0.000,0.000,0.000,0.000,0.000,0.000,0.000,0.000,0.000,0.006,3.2,11.30,32.0,0.000,0.000,0.000,0.006,0.000,0.000,0.006,0.000,0.000,0.000,0.000,0.000,0.000,0.006,0.000,0.000,0.006,0.006
115.4043,1154,0,move,-1,115.4043,115.4142,0,0.000,0.000,0.176,-0.264,-0.088,0.088,-0.264,-42.891,30.762,0.000,0.000,-0.088,-0.088,0.176,0.000,0.000,0.439,0.176,0.000,0.000,0.000,0.000,0.000,0.000,0.000,-42.955,30.587,0.000,0.000,0.000,0.000,0.000,0.000,0.000,0.000,0.000,0.006,3.2,11.30,32.0,0.000,0.000,0.000,0.006,0.000,0.000,0.006,0.000,0.000,0.000,0.000,0.000,0.000,0.006,0.000,0.000,0.006,0.006
115.5045,1155,0,move,-1,115.5045,115.5198,0,0.000,0.000,0.176,-0.264,-0.088,0.088,-0.264,-42.891,30.762,0.000,0.000,-0.088,-0.088,0.176,0.000,0.000,0.439,0.176,0.000,0.000,0.000,0.000,0.000,0.000,0.000,-42.955,30.587,0.000,0.000,0.000,0.000,0.000,0.000,0.000,0.000,0.000,0.006,3.2,11.30,32.0,0.000,0.000,0.000,0.006,0.000,0.000,0.006,0.000,0.000,0.000,0.000,0.000,0.000,0.006,0.000,0.000,0.006,0.006
115.6046,1156,0,move,-1,115.6046,115.6148,0,0.000,0.000,0.176,-0.264,-0.088,0.088,-0.264,-42.891,30.762,0.000,0.000,-0.088,-0.088,0.176,0.000,0.000,0.439,0.176,0.000,0.000,0.000,0.000,0.000,0.000,0.000,-42.955,30.587,0.000,0.000,0.000,0.000,0.000,0.000,0.000,0.000,0.000,0.006,3.2,11.30,32.0,0.000,0.000,0.000,0.006,0.000,0.000,0.006,0.000,0.000,0.000,0.000,0.000,0.000,0.006,0.000,0.000,0.006,0.006
115.7045,1157,0,move,-1,115.7045,115.7162,0,0.000,0.000,0.176,-0.264,-0.088,0.088,-0.264,-42.891,30.762,0.000,0.000,-0.088,-0.088,0.176,0.000,0.000,0.439,0.176,0.000,0.000,0.000,0.000,0.000,0.000,0.000,-42.955,30.587,0.000,0.000,0.000,0.000,0.000,0.000,0.000,0.000,0.000,0.006,3.2,11.30,32.0,0.000,0.000,0.000,0.006,0.000,0.000,0.006,0.000,0.000,0.000,0.000,0.000,0.000,0.006,0.000,0.000,0.006,0.000
115.8045,1158,0,move,-1,115.8045,115.8187,0,0.000,0.000,0.176,-0.264,-0.088,0.088,-0.264,-42.891,30.762,0.000,0.000,-0.088,-0.088,0.176,0.000,0.000,0.439,0.176,0.000,0.000,0.000,0.000,0.000,0.000,0.000,-42.955,30.587,0.000,0.000,0.000,0.000,0.000,0.000,0.000,0.000,0.000,0.006,2.4,11.30,33.0,0.000,0.000,0.006,0.000,0.000,0.000,,0.000,0.000,0.000,0.000,0.000,0.000,0.006,0.000,0.000,0.006,0.000
115.9045,1159,0,move,-1,115.9045,115.9157,0,0.000,0.000,0.176,-0.264,-0.088,0.088,-0.264,-42.891,30.762,0.000,0.000,-0.088,-0.088,0.176,0.000,0.000,0.439,0.176,0.000,0.000,0.000,0.000,0.000,0.000,0.000,-42.955,30.587,0.000,0.000,0.000,0.000,0.000,0.000,0.000,0.000,0.000,0.006,2.4,11.30,33.0,0.000,0.000,0.006,0.000,0.000,0.000,,0.000,0.000,0.000,0.000,0.000,0.000,0.006,0.000,0.000,0.006,0.000
116.0045,1160,0,move,-1,116.0045,116.0165,0,0.000,0.000,0.176,-0.264,-0.088,0.088,-0.264,-42.891,30.762,0.000,0.000,-0.088,-0.088,0.176,0.000,0.000,0.439,0.176,0.000,0.000,0.000,0.000,0.000,0.000,0.000,-43.059,30.640,0.000,0.000,0.000,0.000,0.000,0.000,0.000,0.000,0.000,0.013,4.8,11.30,32.0,0.000,0.000,0.000,0.006,0.000,0.000,0.006,0.000,0.000,0.000,0.000,0.000,0.000,0.006,0.000,0.000,0.013,0.000
116.1045,1161,0,move,-1,116.1045,116.1146,0,0.000,0.000,0.176,-0.264,-0.088,0.088,-0.264,-42.891,30.762,0.000,0.000,-0.088,-0.088,0.176,0.000,0.000,0.439,0.176,0.000,0.000,0.000,0.000,0.000,0.000,0.000,-43.362,30.795,0.000,0.000,0.000,0.000,0.000,0.000,0.000,0.000,0.000,0.013,4.8,11.30,32.0,0.000,0.000,0.000,0.006,0.000,0.000,0.006,0.000,0.000,0.000,0.000,0.000,0.000,0.006,0.000,0.000,0.013,0.000
116.2045,1162,0,move,-1,116.2045,116.2150,0,0.000,0.000,0.176,-0.264,-0.088,0.088,-0.264,-43.242,30.762,0.000,0.000,-0.088,-0.088,0.176,0.000,0.000,0.439,0.176,0.000,0.000,0.000,0.000,0.000,0.000,0.000,-43.833,31.033,0.000,0.000,0.000,0.000,0.000,0.000,0.000,0.000,0.000,0.019,5.2,11.20,31.0,0.000,0.000,0.000,0.006,0.000,0.000,0.006,0.019,0.000,0.000,0.000,0.000,0.000,0.006,0.000,0.000,0.006,0.006
116.3045,1163,0,move,-1,116.3045,116.3180,0,0.000,0.000,0.176,-0.264,-0.088,0.088,-0.264,-43.594,30.762,0.000,0.000,-0.088,-0.088,0.176,0.000,0.000,0.439,0.176,0.000,0.000,0.000,0.000,0.000,0.000,0.000,-44.421,31.329,0.000,0.000,0.000,0.000,0.000,0.000,0.000,0.000,0.000,0.019,5.2,11.20,31.0,0.000,0.000,0.000,0.000,0.000,0.000,0.006,0.019,0.000,0.000,0.000,0.000,0.000,0.006,0.000,0.000,0.006,0.006
116.4045,1164,0,move,-1,116.4045,116.4168,0,0.000,0.000,0.176,-0.264,-0.088,0.088,-0.264,-43.770,30.850,0.000,0.000,-0.088,-0.088,0.176,0.000,0.000,0.439,0.176,0.000,0.000,0.000,0.000,0.000,0.000,0.000,-45.069,31.653,0.000,0.000,0.000,0.000,0.000,0.000,0.000,0.000,0.000,0.019,5.2,11.20,31.0,0.000,0.000,0.000,0.000,0.000,0.000,0.006,0.019,0.000,0.000,0.000,0.000,0.000,0.006,0.000,0.000,0.006,0.006
116.5045,1165,0,move,-1,116.5045,116.5148,0,0.000,0.000,0.176,-0.264,-0.088,0.088,-0.264,-44.561,31.289,0.000,0.000,-0.088,-0.088,0.176,0.000,0.000,0.439,0.176,0.000,0.000,0.000,0.000,0.000,0.000,0.000,-45.712,31.972,0.000,0.000,0.000,0.000,0.000,0.000,0.000,0.000,0.000,0.026,6.0,11.20,31.0,0.000,0.000,0.000,0.006,0.000,0.000,0.000,0.026,0.006,0.000,0.000,0.000,0.000,0.006,0.000,0.000,0.006,0.000
116.6045,1166,0,move,-1,116.6045,116.6166,0,0.000,0.000,0.176,-0.264,-0.088,0.088,-0.264,-45.176,31.553,0.000,0.000,-0.088,-0.088,0.176,0.000,0.000,0.439,0.176,0.000,0.000,0.000,0.000,0.000,0.000,0.000,-46.288,32.255,0.000,0.000,0.000,0.000,0.000,0.000,0.000,0.000,0.000,0.026,6.8,11.20,31.0,0.000,0.000,0.000,0.006,0.000,0.000,0.006,0.026,0.006,0.000,0.000,0.000,0.000,0.006,0.000,0.000,0.006,0.000
116.7045,1167,0,move,-1,116.7045,116.7214,0,0.000,0.000,0.176,-0.264,-0.088,0.088,-0.264,-45.791,31.992,0.000,0.000,-0.088,-0.088,0.176,0.000,0.000,0.439,0.176,0.000,0.000,0.000,0.000,0.000,0.000,0.000,-46.742,32.477,0.000,0.000,0.000,0.000,0.000,0.000,0.000,0.000,0.000,0.026,7.6,11.20,31.0,0.000,0.000,0.006,0.006,0.000,0.000,0.006,0.026,0.006,0.000,0.000,0.000,0.000,0.006,0.000,0.000,0.013,0.000
116.8045,1168,0,move,-1,116.8045,116.8165,0,0.000,0.000,0.176,-0.264,-0.088,0.088,-0.264,-46.318,32.344,0.000,0.000,-0.088,-0.088,0.176,0.000,0.000,0.439,0.176,0.000,0.000,0.000,0.000,0.000,0.000,0.000,-47.033,32.619,0.000,0.000,0.000,0.000,0.000,0.000,0.000,0.000,0.000,0.026,7.6,11.20,31.0,0.000,0.000,0.006,0.006,0.000,0.000,0.006,0.026,0.006,0.000,0.000,0.000,0.000,0.006,0.000,0.000,0.013,0.000
116.9045,1169,0,move,-1,116.9045,116.9163,0,0.000,0.000,0.176,-0.264,-0.088,0.088,-0.264,-46.582,32.344,0.000,0.000,-0.088,-0.088,0.176,0.000,0.000,0.439,0.176,0.000,0.000,0.000,0.000,0.000,0.000,0.000,-47.133,32.667,0.000,0.000,0.000,0.000,0.000,0.000,0.000,0.000,0.000,0.019,4.4,11.20,31.0,0.000,0.000,0.000,0.000,0.000,0.000,0.006,0.019,0.006,0.000,0.000,0.000,0.000,0.006,0.000,0.000,0.013,0.000
117.0045,1170,0,move,-1,117.0045,117.0181,0,0.000,0.000,0.176,-0.264,-0.088,0.088,-0.264,-46.582,32.344,0.000,0.000,-0.088,-0.088,0.176,0.000,0.000,0.439,0.176,0.000,0.000,0.000,0.000,0.000,0.000,0.000,-47.133,32.667,0.000,0.000,0.000,0.000,0.000,0.000,0.000,0.000,0.000,0.026,5.6,11.20,31.0,0.000,0.000,0.000,0.000,0.000,0.000,0.000,0.026,0.000,0.000,0.000,0.000,0.000,0.000,0.000,0.000,0.006,0.006
117.1045,1171,0,move,-1,117.1045,117.1148,0,0.000,0.000,0.176,-0.264,-0.088,0.088,-0.264,-46.582,32.344,0.000,0.000,-0.088,-0.088,0.176,0.000,0.000,0.439,0.176,0.000,0.000,0.000,0.000,0.000,0.000,0.000,-47.133,32.667,0.000,0.000,0.000,0.000,0.000,0.000,0.000,0.000,0.000,0.026,5.6,11.20,31.0,0.000,0.000,0.000,0.000,0.000,0.000,0.000,0.026,0.000,0.000,0.000,0.000,0.000,0.000,0.000,0.000,0.006,0.006
117.2058,1172,0,move,-1,117.2058,117.2143,0,0.000,0.000,0.176,-0.264,-0.088,0.088,-0.264,-46.582,32.344,0.000,0.000,-0.088,-0.088,0.176,0.000,0.000,0.439,0.176,0.000,0.000,0.000,0.000,0.000,0.000,0.000,-47.133,32.667,0.000,0.000,0.000,0.000,0.000,0.000,0.000,0.000,0.000,0.026,5.6,11.20,31.0,0.000,0.000,0.000,0.006,0.000,0.000,0.000,0.026,0.006,0.000,0.000,0.000,0.000,0.006,0.000,0.000,0.006,0.000
117.3046,1173,0,move,-1,117.3046,117.3173,0,0.000,0.000,0.176,-0.264,-0.088,0.088,-0.264,-46.582,32.344,0.000,0.000,-0.088,-0.088,0.176,0.000,0.000,0.439,0.176,0.000,0.000,0.000,0.000,0.000,0.000,0.000,-47.133,32.667,0.000,0.000,0.000,0.000,0.000,0.000,0.000,0.000,0.000,0.026,5.6,11.20,31.0,0.000,0.000,0.000,0.006,0.000,0.000,0.006,0.026,0.006,0.000,0.000,0.000,0.000,0.006,0.000,0.000,0.006,0.006
117.4046,1174,0,move,-1,117.4046,117.4153,0,0.000,0.000,0.176,-0.264,-0.088,0.088,-0.264,-46.582,32.344,0.000,0.000,-0.088,-0.088,0.176,0.000,0.000,0.439,0.176,0.000,0.000,0.000,0.000,0.000,0.000,0.000,-47.133,32.667,0.000,0.000,0.000,0.000,0.000,0.000,0.000,0.000,0.000,0.026,5.6,11.20,31.0,0.000,0.000,0.000,0.006,0.000,0.000,0.006,0.026,0.006,0.000,0.000,0.000,0.000,0.006,0.000,0.000,0.006,0.006
117.5046,1175,0,move,-1,117.5046,117.5163,0,0.000,0.000,0.176,-0.264,-0.088,0.088,-0.264,-46.582,32.344,0.000,0.000,-0.088,-0.088,0.176,0.000,0.000,0.439,0.176,0.000,0.000,0.000,0.000,0.000,0.000,0.000,-47.133,32.667,0.000,0.000,0.000,0.000,0.000,0.000,0.000,0.000,0.000,0.019,5.6,11.20,31.0,0.000,0.000,0.000,0.006,0.000,0.000,0.006,0.019,0.006,0.000,0.000,0.000,0.000,0.006,0.000,0.000,0.006,0.000
117.6045,1176,0,move,-1,117.6045,117.6138,0,0.000,0.000,0.176,-0.264,-0.088,0.088,-0.264,-46.582,32.344,0.000,0.000,-0.088,-0.088,0.176,0.000,0.000,0.439,0.176,0.000,0.000,0.000,0.000,0.000,0.000,0.000,-47.133,32.667,0.000,0.000,0.000,0.000,0.000,0.000,0.000,0.000,0.000,0.019,5.6,11.20,31.0,0.000,0.000,0.000,0.006,0.000,0.000,0.006,0.019,0.006,0.000,0.000,0.000,0.000,0.006,0.000,0.000,0.006,0.000
117.7045,1177,0,move,-1,117.7045,117.7145,0,0.000,0.000,0.176,-0.264,-0.088,0.088,-0.264,-46.582,32.344,0.000,0.000,-0.088,-0.088,0.176,0.000,0.000,0.439,0.176,0.000,0.000,0.000,0.000,0.000,0.000,0.000,-47.133,32.667,0.000,0.000,0.000,0.000,0.000,0.000,0.000,0.000,0.000,0.019,5.6,11.20,31.0,0.000,0.000,0.006,0.006,0.000,0.000,0.006,0.019,0.000,0.000,0.000,0.000,0.000,0.006,0.000,0.000,0.013,0.000
117.8045,1178,0,move,-1,117.8045,117.8144,0,0.000,0.000,0.176,-0.264,-0.088,0.088,-0.264,-46.582,32.344,0.000,0.000,-0.088,-0.088,0.176,0.000,0.000,0.439,0.176,0.000,0.000,0.000,0.000,0.000,0.000,0.000,-47.133,32.667,0.000,0.000,0.000,0.000,0.000,0.000,0.000,0.000,0.000,0.019,5.6,11.20,31.0,0.000,0.000,0.006,0.006,0.000,0.000,0.006,0.019,0.000,0.000,0.000,0.000,0.000,0.006,0.000,0.000,0.013,0.000
117.9045,1179,0,move,-1,117.9045,117.9148,0,0.000,0.000,0.176,-0.264,-0.088,0.088,-0.264,-46.582,32.344,0.000,0.000,-0.088,-0.088,0.176,0.000,0.000,0.439,0.176,0.000,0.000,0.000,0.000,0.000,0.000,0.000,-47.133,32.667,0.000,0.000,0.000,0.000,0.000,0.000,0.000,0.000,0.000,0.026,5.6,11.20,31.0,0.000,0.000,0.000,0.006,0.000,0.000,0.006,0.026,0.006,0.000,0.000,0.000,0.000,0.006,0.000,0.000,0.006,0.006
118.0045,1180,0,move,-1,118.0045,118.0188,0,0.000,0.000,0.176,-0.264,-0.088,0.088,-0.264,-46.582,32.344,0.000,0.000,-0.088,-0.088,0.176,0.000,0.000,0.439,0.176,0.000,0.000,0.000,0.000,0.000,0.000,0.000,-47.133,32.667,0.000,0.000,0.000,0.000,0.000,0.000,0.000,0.000,0.000,0.019,5.6,11.20,31.0,0.000,0.000,0.000,0.000,0.000,0.000,0.006,0.019,0.006,0.000,0.000,0.000,0.000,0.006,0.000,0.000,0.006,0.000
118.1052,1181,0,move,-1,118.1052,118.1158,0,0.000,0.000,0.176,-0.264,-0.088,0.088,-0.264,-46.582,32.344,0.000,0.000,-0.088,-0.088,0.176,0.000,0.000,0.439,0.176,0.000,0.000,0.000,0.000,0.000,0.000,0.000,-47.133,32.667,0.000,0.000,0.000,0.000,0.000,0.000,0.000,0.000,0.000,0.019,5.6,11.20,31.0,0.000,0.000,0.000,0.000,0.000,0.000,0.006,0.019,0.006,0.000,0.000,0.000,0.000,0.006,0.000,0.000,0.006,0.000
118.2045,1182,0,move,-1,118.2045,118.2144,0,0.000,0.000,0.176,-0.264,-0.088,0.088,-0.264,-46.582,32.344,0.000,0.000,-0.088,-0.088,0.176,0.000,0.000,0.439,0.176,0.000,0.000,0.000,0.000,0.000,0.000,0.000,-47.133,32.667,0.000,0.000,0.000,0.000,0.000,0.000,0.000,0.000,0.000,0.019,5.6,11.20,31.0,0.000,0.000,0.006,0.000,0.000,0.000,0.000,0.019,0.006,0.000,0.000,0.000,0.000,0.006,0.000,0.000,0.006,0.006
118.3045,1183,0,move,-1,118.3045,118.3162,0,0.000,0.000,0.176,-0.264,-0.088,0.088,-0.264,-46.582,32.344,0.000,0.000,-0.088,-0.088,0.176,0.000,0.000,0.439,0.176,0.000,0.000,0.000,0.000,0.000,0.000,0.000,-47.133,32.667,0.000,0.000,0.000,0.000,0.000,0.000,0.000,0.000,0.000,0.026,5.6,11.20,31.0,0.000,0.000,0.000,0.006,0.000,0.000,0.006,0.026,0.006,0.000,0.000,0.000,0.000,0.006,0.000,0.000,0.006,0.006
118.4043,1184,0,move,-1,118.4043,118.4151,0,0.000,0.000,0.176,-0.264,-0.088,0.088,-0.264,-46.582,32.344,0.000,0.000,-0.088,-0.088,0.176,0.000,0.000,0.439,0.176,0.000,0.000,0.000,0.000,0.000,0.000,0.000,-47.133,32.667,0.000,0.000,0.000,0.000,0.000,0.000,0.000,0.000,0.000,0.026,5.6,11.20,31.0,0.000,0.000,0.000,0.006,0.000,0.000,0.006,0.026,0.006,0.000,0.000,0.000,0.000,0.006,0.000,0.000,0.006,0.006
118.5045,1185,0,move,-1,118.5045,118.5171,0,0.000,0.000,0.176,-0.264,-0.088,0.088,-0.264,-46.582,32.344,0.000,0.000,-0.088,-0.088,0.176,0.000,0.000,0.439,0.176,0.000,0.000,0.000,0.000,0.000,0.000,0.000,-47.133,32.667,0.000,0.000,0.000,0.000,0.000,0.000,0.000,0.000,0.000,0.026,5.6,11.20,31.0,0.000,0.000,0.000,0.006,0.000,0.000,0.006,0.026,0.006,0.000,0.000,0.000,0.000,0.006,0.000,0.000,0.006,0.000
118.6067,1186,0,move,-1,118.6067,118.6352,0,0.000,0.000,0.176,-0.264,-0.088,0.088,-0.264,-46.582,32.344,0.000,0.000,-0.088,-0.088,0.176,0.000,0.000,0.439,0.176,0.000,0.000,0.000,0.000,0.000,0.000,0.000,-47.133,32.667,0.000,0.000,0.000,0.000,0.000,0.000,0.000,0.000,0.000,0.026,5.6,11.20,31.0,0.000,0.000,0.000,0.006,0.000,0.000,0.006,0.026,0.013,0.000,0.000,0.000,0.000,0.000,0.000,0.000,0.006,0.006
118.7043,1187,0,move,-1,118.7043,118.7153,0,0.000,0.000,0.176,-0.264,-0.088,0.088,-0.264,-46.758,32.344,0.000,0.000,-0.088,-0.088,0.176,0.000,0.000,0.439,0.176,0.000,0.000,0.000,0.000,0.000,0.000,0.000,-47.133,32.667,0.000,0.000,0.000,0.000,0.000,0.000,0.000,0.000,0.000,0.026,5.6,11.20,31.0,0.000,0.000,0.000,0.006,0.000,0.000,0.006,0.026,0.013,0.000,0.000,0.000,0.000,0.000,0.000,0.000,0.006,0.006
118.8043,1188,0,move,-1,118.8043,118.8160,0,0.000,0.000,0.176,-0.264,-0.088,0.088,-0.264,-46.758,32.344,0.000,0.000,-0.088,-0.088,0.176,0.000,0.000,0.439,0.176,0.000,0.000,0.000,0.000,0.000,0.000,0.000,-47.133,32.667,0.000,0.000,0.000,0.000,0.000,0.000,0.000,0.000,0.000,0.013,4.0,11.20,31.0,0.000,0.000,0.000,0.006,0.000,0.000,0.006,0.013,0.000,0.000,0.000,0.000,0.000,0.006,0.000,0.000,0.006,0.000
118.9045,1189,0,move,-1,118.9045,118.9169,0,0.000,0.000,0.176,-0.264,-0.088,0.088,-0.264,-46.758,32.344,0.000,0.000,-0.088,-0.088,0.176,0.000,0.000,0.439,0.176,0.000,0.000,0.000,0.000,0.000,0.000,0.000,-47.133,32.667,0.000,0.000,0.000,0.000,0.000,0.000,0.000,0.000,0.000,0.013,4.0,11.20,31.0,0.000,0.000,0.000,0.006,0.000,0.000,0.006,0.013,0.006,0.000,0.000,0.000,0.000,0.006,0.000,0.000,0.013,0.006
119.0045,1190,0,move,-1,119.0045,119.0148,0,0.000,0.000,0.176,-0.264,-0.088,0.088,-0.264,-46.758,32.344,0.000,0.000,-0.088,-0.088,0.176,0.000,0.000,0.439,0.176,0.000,0.000,0.000,0.000,0.000,0.000,0.000,-47.133,32.667,0.000,0.000,0.000,0.000,0.000,0.000,0.000,0.000,0.000,0.013,4.0,11.20,31.0,0.000,0.000,0.000,0.006,0.000,0.000,0.006,0.013,0.006,0.000,0.000,0.000,0.000,0.006,0.000,0.000,0.013,0.006
119.1045,1191,0,move,-1,119.1045,119.1140,0,0.000,0.000,0.176,-0.264,-0.088,0.088,-0.264,-46.758,32.344,0.000,0.000,-0.088,-0.088,0.176,0.000,0.000,0.439,0.176,0.000,0.000,0.000,0.000,0.000,0.000,0.000,-47.133,32.667,0.000,0.000,0.000,0.000,0.000,0.000,0.000,0.000,0.000,0.013,4.0,11.20,31.0,0.000,0.000,0.000,0.006,0.000,0.000,0.006,0.013,0.000,0.000,0.000,0.000,0.000,0.006,0.000,0.000,0.013,0.000
119.2044,1192,0,move,-1,119.2044,119.2154,0,0.000,0.000,0.176,-0.264,-0.088,0.088,-0.264,-46.758,32.344,0.000,0.000,-0.088,-0.088,0.176,0.000,0.000,0.439,0.176,0.000,0.000,0.000,0.000,0.000,0.000,0.000,-47.133,32.667,0.000,0.000,0.000,0.000,0.000,0.000,0.000,0.000,0.000,0.013,4.0,11.20,31.0,0.000,0.000,0.000,0.006,0.000,0.000,0.006,0.013,0.006,0.000,0.000,0.000,0.000,0.006,0.000,0.000,0.006,0.000
119.3045,1193,0,move,-1,119.3045,119.3178,0,0.000,0.000,0.176,-0.264,-0.088,0.088,-0.264,-46.758,32.344,0.000,0.000,-0.088,-0.088,0.176,0.000,0.000,0.439,0.176,0.000,0.000,0.000,0.000,0.000,0.000,0.000,-47.133,32.667,0.000,0.000,0.000,0.000,0.000,0.000,0.000,0.000,0.000,0.019,4.0,11.20,31.0,0.000,0.000,0.000,0.006,0.000,0.000,0.006,0.019,0.006,0.000,0.000,0.000,0.000,0.006,0.000,0.000,0.006,0.000
119.4045,1194,0,move,-1,119.4045,119.4156,0,0.000,0.000,0.176,-0.264,-0.088,0.088,-0.264,-46.758,32.344,0.000,0.000,-0.088,-0.088,0.176,0.000,0.000,0.439,0.176,0.000,0.000,0.000,0.000,0.000,0.000,0.000,-47.133,32.667,0.000,0.000,0.000,0.000,0.000,0.000,0.000,0.000,0.000,0.019,4.0,11.20,31.0,0.000,0.000,0.000,0.006,0.000,0.000,0.006,0.019,0.006,0.000,0.000,0.000,0.000,0.006,0.000,0.000,0.006,0.000
119.5045,1195,0,move,-1,119.5045,119.5162,0,0.000,0.000,0.176,-0.264,-0.088,0.088,-0.264,-46.758,32.344,0.000,0.000,-0.088,-0.088,0.176,0.000,0.000,0.439,0.176,0.000,0.000,0.000,0.000,0.000,0.000,0.000,-47.133,32.667,0.000,0.000,0.000,0.000,0.000,0.000,0.000,0.000,0.000,0.013,4.0,11.20,31.0,0.000,0.000,0.000,0.006,0.000,0.000,0.000,0.013,0.006,0.000,0.000,0.000,0.000,0.000,0.000,0.000,0.006,0.006
119.6045,1196,0,move,-1,119.6045,119.6158,0,0.000,0.000,0.176,-0.264,-0.088,0.088,-0.264,-46.758,32.344,0.000,0.000,-0.088,-0.088,0.176,0.000,0.000,0.439,0.176,0.000,0.000,0.000,0.000,0.000,0.000,0.000,-47.133,32.667,0.000,0.000,0.000,0.000,0.000,0.000,0.000,0.000,0.000,0.013,4.0,11.20,31.0,0.000,0.000,0.000,0.006,0.000,0.000,0.000,0.013,0.006,0.000,0.000,0.000,0.000,0.000,0.000,0.000,0.006,0.006
119.7046,1197,0,move,-1,119.7046,119.7150,0,0.000,0.000,0.176,-0.264,-0.088,0.088,-0.264,-46.758,32.344,0.000,0.000,-0.088,-0.088,0.176,0.000,0.000,0.439,0.176,0.000,0.000,0.000,0.000,0.000,0.000,0.000,-47.133,32.667,0.000,0.000,0.000,0.000,0.000,0.000,0.000,0.000,0.000,0.013,4.0,11.20,31.0,0.000,0.000,0.000,0.006,0.000,0.000,0.006,0.013,0.006,0.000,0.000,0.000,0.000,0.006,0.000,0.000,0.006,0.000
119.8045,1198,0,move,-1,119.8045,119.8164,0,0.000,0.000,0.176,-0.264,-0.088,0.088,-0.264,-46.758,32.344,0.000,0.000,-0.088,-0.088,0.176,0.000,0.000,0.439,0.176,0.000,0.000,0.000,0.000,0.000,0.000,0.000,-47.133,32.667,0.000,0.000,0.000,0.000,0.000,0.000,0.000,0.000,0.000,0.013,4.0,11.20,31.0,0.000,0.000,0.000,0.006,0.000,0.006,0.006,0.013,0.006,0.000,0.000,0.000,0.000,0.000,0.000,0.000,0.013,0.000
119.9045,1199,0,move,-1,119.9045,119.9183,0,0.000,0.000,0.176,-0.264,-0.088,0.088,-0.264,-46.758,32.344,0.000,0.000,-0.088,-0.088,0.176,0.000,0.000,0.439,0.176,0.000,0.000,0.000,0.000,0.000,0.000,0.000,-47.133,32.667,0.000,0.000,0.000,0.000,0.000,0.000,0.000,0.000,0.000,0.013,4.0,11.20,31.0,0.000,0.000,0.006,0.006,0.000,0.000,0.006,0.013,0.006,0.000,0.000,0.000,0.000,0.006,0.000,0.000,0.006,0.000
120.0045,1200,0,move,-1,120.0045,120.0171,0,0.000,0.000,0.176,-0.264,-0.088,0.088,-0.264,-46.758,32.344,0.000,0.000,-0.088,-0.088,0.176,0.000,0.000,0.439,0.176,0.000,0.000,0.000,0.000,0.000,0.000,0.000,-47.233,32.716,0.000,0.000,0.000,0.000,0.000,0.000,0.000,0.000,0.000,0.013,4.0,11.20,31.0,0.000,0.000,0.006,0.006,0.000,0.000,0.006,0.013,0.006,0.000,0.000,0.000,0.000,0.006,0.000,0.000,0.006,0.000
120.1043,1201,0,move,-1,120.1043,120.1242,0,0.000,0.000,0.176,-0.264,-0.088,0.088,-0.264,-46.758,32.344,0.000,0.000,-0.088,-0.088,0.176,0.000,0.000,0.439,0.176,0.000,0.000,0.000,0.000,0.000,0.000,0.000,-47.522,32.856,0.000,0.000,0.000,0.000,0.000,0.000,0.000,0.000,0.000,0.013,4.8,11.20,31.0,0.000,0.000,0.000,0.000,0.000,0.000,0.000,0.013,0.006,0.000,0.000,0.000,0.000,0.006,0.000,0.000,0.006,0.000
120.2045,1202,0,move,-1,120.2045,120.2183,0,0.000,0.000,0.176,-0.264,-0.088,0.088,-0.264,-47.109,32.607,0.000,0.000,-0.088,-0.088,0.176,0.000,0.000,0.439,0.176,0.000,0.000,0.000,0.000,0.000,0.000,0.000,-47.971,33.071,0.000,0.000,0.000,0.000,0.000,0.000,0.000,0.000,0.000,0.013,4.8,11.20,31.0,0.000,0.000,0.000,0.000,0.000,0.000,0.000,0.013,0.006,0.000,0.000,0.000,0.000,0.006,0.000,0.000,0.006,0.000
120.3045,1203,0,move,-1,120.3045,120.3147,0,0.000,0.000,0.176,-0.264,-0.088,0.088,-0.264,-47.461,32.783,0.000,0.000,-0.088,-0.088,0.176,0.000,0.000,0.439,0.176,0.000,0.000,0.000,0.000,0.000,0.000,0.000,-48.535,33.340,0.000,0.000,0.000,0.000,0.000,0.000,0.000,0.000,0.000,0.019,6.0,11.20,31.0,0.000,0.000,0.006,0.000,0.000,0.000,0.000,0.019,0.000,0.000,0.000,0.000,0.000,0.006,0.000,0.000,0.006,0.000
120.4045,1204,0,move,-1,120.4045,120.4140,0,0.000,0.000,0.176,-0.264,-0.088,0.088,-0.264,-47.988,32.959,0.000,0.000,-0.088,-0.088,0.176,0.000,0.000,0.439,0.176,0.000,0.000,0.000,0.000,0.000,0.000,0.000,-49.154,33.634,0.000,0.000,0.000,0.000,0.000,0.000,0.000,0.000,0.000,0.019,6.0,11.20,31.0,0.000,0.000,0.006,0.000,0.000,0.000,0.000,0.019,0.000,0.000,0.000,0.000,0.000,0.006,0.000,0.000,0.006,0.000
120.5045,1205,0,move,-1,120.5045,120.5155,0,0.000,0.000,0.176,-0.264,-0.088,0.088,-0.264,-48.604,33.311,0.000,0.000,-0.088,-0.088,0.176,0.000,0.000,0.439,0.176,0.000,0.000,0.000,0.000,0.000,0.000,0.000,-49.772,33.924,0.000,0.000,0.000,0.000,0.000,0.000,0.000,0.000,0.000,0.026,6.0,11.20,31.0,0.000,0.000,0.000,0.006,0.000,0.000,0.006,0.026,0.000,0.000,0.000,0.000,0.000,0.006,0.000,0.000,0.013,0.000
120.6045,1206,0,move,-1,120.6045,120.6145,0,0.000,0.000,0.176,-0.264,-0.088,0.088,-0.264,-49.131,33.662,0.000,0.000,-0.088,-0.088,0.176,0.000,0.000,0.439,0.176,0.000,0.000,0.000,0.000,0.000,0.000,0.000,-50.327,34.182,0.000,0.000,0.000,0.000,0.000,0.000,0.000,0.000,0.000,0.026,6.0,11.20,31.0,0.000,0.000,0.000,0.006,0.000,0.000,0.006,0.026,0.000,0.000,0.000,0.000,0.000,0.006,0.000,0.000,0.013,0.000
120.7045,1207,0,move,-1,120.7045,120.7147,0,0.000,0.000,0.176,-0.264,-0.088,0.088,-0.264,-49.746,33.838,0.000,0.000,-0.088,-0.088,0.176,0.000,0.000,0.439,0.176,0.000,0.000,0.000,0.000,0.000,0.000,0.000,-50.765,34.384,0.000,0.000,0.000,0.000,0.000,0.000,0.000,0.000,0.000,0.052,8.4,11.20,31.0,0.000,0.000,0.000,0.006,0.000,0.000,0.006,0.052,0.006,0.000,0.000,0.000,0.000,0.000,0.000,0.000,0.006,0.000
120.8045,1208,0,move,-1,120.8045,120.8156,0,0.000,0.000,0.176,-0.264,-0.088,0.088,-0.264,-50.273,34.189,0.000,0.000,-0.088,-0.088,0.176,0.000,0.000,0.439,0.176,0.000,0.000,0.000,0.000,0.000,0.000,0.000,-51.045,34.512,0.000,0.000,0.000,0.000,0.000,0.000,0.000,0.000,0.000,0.052,8.8,11.20,31.0,0.000,0.000,0.000,0.006,0.006,0.000,0.000,0.052,0.013,0.000,0.000,0.000,0.000,0.006,0.000,0.000,0.006,0.000
120.9045,1209,0,move,-1,120.9045,120.9175,0,0.000,0.000,0.176,-0.264,-0.088,0.088,-0.264,-50.537,34.277,0.000,0.000,-0.088,-0.088,0.176,0.000,0.000,0.439,0.176,0.000,0.000,0.000,0.000,0.000,0.000,0.000,-51.141,34.556,0.000,0.000,0.000,0.000,0.000,0.000,0.000,0.000,0.000,0.045,7.6,11.20,31.0,0.000,0.000,0.000,0.000,0.000,0.000,0.006,0.045,0.006,0.000,0.000,0.000,0.000,0.006,0.000,0.000,0.006,0.000
121.0045,1210,0,move,-1,121.0045,121.0157,0,0.000,0.000,0.176,-0.264,-0.088,0.088,-0.264,-50.713,34.365,0.000,0.000,-0.088,-0.088,0.176,0.000,0.000,0.439,0.176,0.000,0.000,0.000,0.000,0.000,0.000,0.000,-51.141,34.556,0.000,0.000,0.000,0.000,0.000,0.000,0.000,0.000,0.000,0.045,7.6,11.20,31.0,0.000,0.000,0.000,0.000,0.000,0.000,0.006,0.045,0.006,0.000,0.000,0.000,0.000,0.006,0.000,0.000,0.006,0.000
121.1045,1211,0,move,-1,121.1045,121.1165,0,0.000,0.000,0.176,-0.264,-0.088,0.088,-0.264,-50.713,34.365,0.000,0.000,-0.088,-0.088,0.176,0.000,0.000,0.439,0.176,0.000,0.000,0.000,0.000,0.000,0.000,0.000,-51.141,34.556,0.000,0.000,0.000,0.000,0.000,0.000,0.000,0.000,0.000,0.019,4.8,11.20,31.0,0.000,0.000,0.000,0.000,0.000,0.000,0.006,0.019,0.000,0.000,0.000,0.000,0.000,0.000,0.000,0.000,0.006,0.000
121.2043,1212,0,move,-1,121.2043,121.2158,0,0.000,0.000,0.176,-0.264,-0.088,0.088,-0.264,-50.713,34.365,0.000,0.000,-0.088,-0.088,0.176,0.000,0.000,0.439,0.176,0.000,0.000,0.000,0.000,0.000,0.000,0.000,-51.141,34.556,0.000,0.000,0.000,0.000,0.000,0.000,0.000,0.000,0.000,0.019,4.8,11.20,31.0,0.000,0.000,0.000,0.000,0.000,0.000,0.006,0.019,0.000,0.000,0.000,0.000,0.000,0.000,0.000,0.000,0.006,0.000
121.3045,1213,0,move,-1,121.3045,121.3175,0,0.000,0.000,0.176,-0.264,-0.088,0.088,-0.264,-50.713,34.365,0.000,0.000,-0.088,-0.088,0.176,0.000,0.000,0.439,0.176,0.000,0.000,0.000,0.000,0.000,0.000,0.000,-51.141,34.556,0.000,0.000,0.000,0.000,0.000,0.000,0.000,0.000,0.000,0.019,4.8,11.20,31.0,0.000,0.000,0.000,0.006,0.000,0.000,0.006,0.019,0.000,0.000,0.000,0.000,0.000,0.006,0.000,0.000,0.006,0.000
121.4045,1214,0,move,-1,121.4045,121.4160,0,0.000,0.000,0.176,-0.264,-0.088,0.088,-0.264,-50.713,34.365,0.000,0.000,-0.088,-0.088,0.176,0.000,0.000,0.439,0.176,0.000,0.000,0.000,0.000,0.000,0.000,0.000,-51.141,34.556,0.000,0.000,0.000,0.000,0.000,0.000,0.000,0.000,0.000,0.019,4.8,11.20,31.0,0.000,0.000,0.000,0.006,0.000,0.000,0.006,0.019,0.000,0.000,0.000,0.000,0.000,0.006,0.000,0.000,0.006,0.000
121.5045,1215,0,move,-1,121.5045,121.5199,0,0.000,0.000,0.176,-0.264,-0.088,0.088,-0.264,-50.713,34.365,0.000,0.000,-0.088,-0.088,0.176,0.000,0.000,0.439,0.176,0.000,0.000,0.000,0.000,0.000,0.000,0.000,-51.141,34.556,0.000,0.000,0.000,0.000,0.000,0.000,0.000,0.000,0.000,0.019,4.8,11.20,31.0,0.000,0.000,0.000,0.000,0.000,0.000,0.006,0.019,0.000,0.000,0.000,0.000,0.000,0.006,0.006,0.000,0.013,0.000
121.6045,1216,0,move,-1,121.6045,121.6162,0,0.000,0.000,0.176,-0.264,-0.088,0.088,-0.264,-50.713,34.365,0.000,0.000,-0.088,-0.088,0.176,0.000,0.000,0.439,0.176,0.000,0.000,0.000,0.000,0.000,0.000,0.000,-51.141,34.556,0.000,0.000,0.000,0.000,0.000,0.000,0.000,0.000,0.000,0.019,4.8,11.20,31.0,0.000,0.000,0.000,0.000,0.000,0.000,0.006,0.019,0.000,0.000,0.000,0.000,0.000,0.006,0.006,0.000,0.013,0.000
121.7045,1217,0,move,-1,121.7045,121.7182,0,0.000,0.000,0.176,-0.264,-0.088,0.088,-0.264,-50.801,34.365,0.000,0.000,-0.088,-0.088,0.176,0.000,0.000,0.439,0.176,0.000,0.000,0.000,0.000,0.000,0.000,0.000,-51.141,34.556,0.000,0.000,0.000,0.000,0.000,0.000,0.000,0.000,0.000,0.013,4.8,11.20,31.0,0.000,0.000,0.000,0.000,0.000,0.000,0.000,0.013,0.000,0.000,0.000,0.000,0.000,0.006,0.000,0.000,0.006,0.006
121.8045,1218,0,move,-1,121.8045,121.8143,0,0.000,0.000,0.176,-0.264,-0.088,0.088,-0.264,-50.801,34.365,0.000,0.000,-0.088,-0.088,0.176,0.000,0.000,0.439,0.176,0.000,0.000,0.000,0.000,0.000,0.000,0.000,-51.141,34.556,0.000,0.000,0.000,0.000,0.000,0.000,0.000,0.000,0.000,0.013,4.8,11.20,31.0,0.000,0.000,0.000,0.000,0.000,0.000,0.000,0.013,0.000,0.000,0.000,0.000,0.000,0.006,0.000,0.000,0.006,0.006
121.9046,1219,0,move,-1,121.9046,121.9157,0,0.000,0.000,0.176,-0.264,-0.088,0.088,-0.264,-50.801,34.365,0.000,0.000,-0.088,-0.088,0.176,0.000,0.000,0.439,0.176,0.000,0.000,0.000,0.000,0.000,0.000,0.000,-51.141,34.556,0.000,0.000,0.000,0.000,0.000,0.000,0.000,0.000,0.000,0.013,4.0,11.20,31.0,0.000,0.000,0.000,0.006,0.000,0.000,0.006,0.013,0.006,0.000,0.000,0.000,0.000,0.006,0.000,0.000,0.006,0.000
122.0045,1220,0,move,-1,122.0045,122.0153,0,0.000,0.000,0.176,-0.264,-0.088,0.088,-0.264,-50.801,34.365,0.000,0.000,-0.088,-0.088,0.176,0.000,0.000,0.439,0.176,0.000,0.000,0.000,0.000,0.000,0.000,0.000,-51.141,34.556,0.000,0.000,0.000,0.000,0.000,0.000,0.000,0.000,0.000,0.013,4.0,11.20,31.0,0.000,0.000,0.000,0.006,0.000,0.000,0.006,0.013,0.006,0.000,0.000,0.000,0.000,0.006,0.000,0.000,0.006,0.000
122.1045,1221,0,move,-1,122.1045,122.1164,0,0.000,0.000,0.176,-0.264,-0.088,0.088,-0.264,-50.801,34.365,0.000,0.000,-0.088,-0.088,0.176,0.000,0.000,0.439,0.176,0.000,0.000,0.000,0.000,0.000,0.000,0.000,-51.141,34.556,0.000,0.000,0.000,0.000,0.000,0.000,0.000,0.000,0.000,0.013,4.0,11.20,31.0,0.000,0.000,0.000,0.006,0.000,0.000,0.006,0.013,0.000,0.000,0.000,0.000,0.000,0.006,0.000,0.000,0.013,0.000
122.2045,1222,0,move,-1,122.2045,122.2119,0,0.000,0.000,0.176,-0.264,-0.088,0.088,-0.264,-50.801,34.365,0.000,0.000,-0.088,-0.088,0.176,0.000,0.000,0.439,0.176,0.000,0.000,0.000,0.000,0.000,0.000,0.000,-51.141,34.556,0.000,0.000,0.000,0.000,0.000,0.000,0.000,0.000,0.000,0.013,4.0,11.20,31.0,0.000,0.000,0.000,0.006,0.000,0.000,0.006,0.013,0.000,0.000,0.000,0.000,0.000,0.006,0.000,0.000,0.013,0.000
122.3045,1223,0,move,-1,122.3045,122.3162,0,0.000,0.000,0.176,-0.264,-0.088,0.088,-0.264,-50.801,34.365,0.000,0.000,-0.088,-0.088,0.176,0.000,0.000,0.439,0.176,0.000,0.000,0.000,0.000,0.000,0.000,0.000,-51.141,34.556,0.000,0.000,0.000,0.000,0.000,0.000,0.000,0.000,0.000,0.013,4.0,11.20,31.0,0.000,0.000,0.000,0.000,0.000,0.000,0.000,0.013,0.000,0.000,0.000,0.000,0.000,0.006,0.000,0.000,0.006,0.006
122.4045,1224,0,move,-1,122.4045,122.4148,0,0.000,0.000,0.176,-0.264,-0.088,0.088,-0.264,-50.801,34.365,0.000,0.000,-0.088,-0.088,0.176,0.000,0.000,0.439,0.176,0.000,0.000,0.000,0.000,0.000,0.000,0.000,-51.141,34.556,0.000,0.000,0.000,0.000,0.000,0.000,0.000,0.000,0.000,0.013,4.0,11.20,31.0,0.000,0.000,0.000,0.000,0.000,0.000,0.000,0.013,0.000,0.000,0.000,0.000,0.000,0.006,0.000,0.000,0.006,0.006
122.5045,1225,0,move,-1,122.5045,122.5161,0,0.000,0.000,0.176,-0.264,-0.088,0.088,-0.264,-50.801,34.365,0.000,0.000,-0.088,-0.088,0.176,0.000,0.000,0.439,0.176,0.000,0.000,0.000,0.000,0.000,0.000,0.000,-51.141,34.556,0.000,0.000,0.000,0.000,0.000,0.000,0.000,0.000,0.000,0.013,4.0,11.20,31.0,0.000,0.000,0.006,0.006,0.000,0.000,0.000,0.013,0.006,0.000,0.000,0.000,0.000,0.006,0.000,0.000,0.006,0.000
122.6045,1226,0,move,-1,122.6045,122.6184,0,0.000,0.000,0.176,-0.264,-0.088,0.088,-0.264,-50.801,34.365,0.000,0.000,-0.088,-0.088,0.176,0.000,0.000,0.439,0.176,0.000,0.000,0.000,0.000,0.000,0.000,0.000,-51.141,34.556,0.000,0.000,0.000,0.000,0.000,0.000,0.000,0.000,0.000,0.013,4.0,11.20,31.0,0.000,0.000,0.000,0.000,0.000,0.000,0.006,0.013,0.000,0.000,0.000,0.000,0.000,0.006,0.000,0.000,0.013,0.000
122.7045,1227,0,move,-1,122.7045,122.7160,0,0.000,0.000,0.176,-0.264,-0.088,0.088,-0.264,-50.801,34.365,0.000,0.000,-0.088,-0.088,0.176,0.000,0.000,0.439,0.176,0.000,0.000,0.000,0.000,0.000,0.000,0.000,-51.141,34.556,0.000,0.000,0.000,0.000,0.000,0.000,0.000,0.000,0.000,0.013,4.0,11.20,31.0,0.000,0.000,0.000,0.000,0.000,0.000,0.006,0.013,0.000,0.000,0.000,0.000,0.000,0.006,0.000,0.000,0.013,0.000
122.8045,1228,0,move,-1,122.8045,122.8174,0,0.000,0.000,0.176,-0.264,-0.088,0.088,-0.264,-50.801,34.365,0.000,0.000,-0.088,-0.088,0.176,0.000,0.000,0.439,0.176,0.000,0.000,0.000,0.000,0.000,0.000,0.000,-51.141,34.556,0.000,0.000,0.000,0.000,0.000,0.000,0.000,0.000,0.000,0.019,4.0,11.20,31.0,0.000,0.000,0.000,0.006,0.000,0.000,0.006,0.019,0.000,0.000,0.000,0.000,0.000,0.006,0.000,0.000,0.006,0.006
122.9045,1229,0,move,-1,122.9045,122.9159,0,0.000,0.000,0.176,-0.264,-0.088,0.088,-0.264,-50.801,34.365,0.000,0.000,-0.088,-0.088,0.176,0.000,0.000,0.439,0.176,0.000,0.000,0.000,0.000,0.000,0.000,0.000,-51.141,34.556,0.000,0.000,0.000,0.000,0.000,0.000,0.000,0.000,0.000,0.019,4.0,11.20,31.0,0.000,0.000,0.000,0.006,0.000,0.000,0.006,0.019,0.000,0.000,0.000,0.000,0.000,0.006,0.000,0.000,0.006,0.006
123.0045,1230,0,move,-1,123.0045,123.0205,0,0.000,0.000,0.176,-0.264,-0.088,0.088,-0.264,-50.801,34.365,0.000,0.000,-0.088,-0.088,0.176,0.000,0.000,0.439,0.176,0.000,0.000,0.000,0.000,0.000,0.000,0.000,-51.141,34.556,0.000,0.000,0.000,0.000,0.000,0.000,0.000,0.000,0.000,0.013,4.0,11.20,31.0,0.000,0.000,0.006,0.006,0.000,0.000,0.000,0.013,0.000,0.000,0.000,0.000,0.000,0.006,0.000,0.000,0.006,0.000
123.1045,1231,0,move,-1,123.1045,123.1150,0,0.000,0.000,0.176,-0.264,-0.088,0.088,-0.264,-50.801,34.365,0.000,0.000,-0.088,-0.088,0.176,0.000,0.000,0.439,0.176,0.000,0.000,0.000,0.000,0.000,0.000,0.000,-51.141,34.556,0.000,0.000,0.000,0.000,0.000,0.000,0.000,0.000,0.000,0.013,4.0,11.20,31.0,0.000,0.000,0.006,0.006,0.000,0.000,0.000,0.013,0.000,0.000,0.000,0.000,0.000,0.006,0.000,0.000,0.006,0.000
123.2045,1232,0,move,-1,123.2045,123.2154,0,0.000,0.000,0.176,-0.264,-0.088,0.088,-0.264,-50.801,34.365,0.000,0.000,-0.088,-0.088,0.176,0.000,0.000,0.439,0.176,0.000,0.000,0.000,0.000,0.000,0.000,0.000,-51.141,34.556,0.000,0.000,0.000,0.000,0.000,0.000,0.000,0.000,0.000,0.013,4.0,11.20,31.0,0.000,0.000,0.000,0.006,0.000,0.000,0.000,0.013,0.000,0.000,0.000,0.000,0.000,0.006,0.000,0.000,0.006,0.000
123.3045,1233,0,move,-1,123.3045,123.3153,0,0.000,0.000,0.176,-0.264,-0.088,0.088,-0.264,-50.801,34.365,0.000,0.000,-0.088,-0.088,0.176,0.000,0.000,0.439,0.176,0.000,0.000,0.000,0.000,0.000,0.000,0.000,-51.141,34.556,0.000,0.000,0.000,0.000,0.000,0.000,0.000,0.000,0.000,0.013,4.0,11.20,31.0,0.000,0.000,0.000,0.006,0.000,0.000,0.000,0.013,0.000,0.000,0.000,0.000,0.000,0.006,0.000,0.000,0.006,0.000
123.4045,1234,0,move,-1,123.4045,123.4168,0,0.000,0.000,0.176,-0.264,-0.088,0.088,-0.264,-50.801,34.365,0.000,0.000,-0.088,-0.088,0.176,0.000,0.000,0.439,0.176,0.000,0.000,0.000,0.000,0.000,0.000,0.000,-51.141,34.556,0.000,0.000,0.000,0.000,0.000,0.000,0.000,0.000,0.000,0.013,4.0,11.20,31.0,0.000,0.000,0.000,0.000,0.000,0.000,0.006,0.013,0.000,0.000,0.000,0.000,0.000,0.006,0.000,0.000,0.006,0.000
123.5045,1235,0,move,-1,123.5045,123.5393,0,0.000,0.000,0.176,-0.264,-0.088,0.088,-0.264,-50.801,34.365,0.000,0.000,-0.088,-0.088,0.176,0.000,0.000,0.439,0.176,0.000,0.000,0.000,0.000,0.000,0.000,0.000,-51.141,34.556,0.000,0.000,0.000,0.000,0.000,0.000,0.000,0.000,0.000,0.013,4.0,11.20,31.0,0.000,0.000,0.000,0.006,0.000,0.000,0.000,0.013,0.000,0.000,0.000,0.000,0.000,0.006,0.000,0.006,0.006,0.000
123.6045,1236,0,move,-1,123.6045,123.6144,0,0.000,0.000,0.176,-0.264,-0.088,0.088,-0.264,-50.801,34.365,0.000,0.000,-0.088,-0.088,0.176,0.000,0.000,0.439,0.176,0.000,0.000,0.000,0.000,0.000,0.000,0.000,-51.141,34.556,0.000,0.000,0.000,0.000,0.000,0.000,0.000,0.000,0.000,0.013,4.0,11.20,31.0,0.000,0.000,0.000,0.006,0.000,0.000,0.000,0.013,0.000,0.000,0.000,0.000,0.000,0.006,0.000,0.006,0.006,0.000
123.7045,1237,0,move,-1,123.7045,123.7158,0,0.000,0.000,0.176,-0.264,-0.088,0.088,-0.264,-50.801,34.365,0.000,0.000,-0.088,-0.088,0.176,0.000,0.000,0.439,0.176,0.000,0.000,0.000,0.000,0.000,0.000,0.000,-51.141,34.556,0.000,0.000,0.000,0.000,0.000,0.000,0.000,0.000,0.000,0.013,4.0,11.20,31.0,0.000,0.000,0.000,0.006,0.000,0.000,0.006,0.013,0.000,0.000,0.000,0.000,0.000,0.000,0.000,0.000,0.006,0.000
123.8045,1238,0,move,-1,123.8045,123.8146,0,0.000,0.000,0.176,-0.264,-0.088,0.088,-0.264,-50.801,34.365,0.000,0.000,-0.088,-0.088,0.176,0.000,0.000,0.439,0.176,0.000,0.000,0.000,0.000,0.000,0.000,0.000,-51.141,34.556,0.000,0.000,0.000,0.000,0.000,0.000,0.000,0.000,0.000,0.013,4.0,11.20,31.0,0.000,0.000,0.000,0.006,0.000,0.000,0.006,0.013,0.000,0.000,0.000,0.000,0.000,0.000,0.000,0.000,0.006,0.000
123.9045,1239,0,move,-1,123.9045,123.9160,0,0.000,0.000,0.176,-0.264,-0.088,0.088,-0.264,-50.801,34.365,0.000,0.000,-0.088,-0.088,0.176,0.000,0.000,0.439,0.176,0.000,0.000,0.000,0.000,0.000,0.000,0.000,-51.141,34.556,0.000,0.000,0.000,0.000,0.000,0.000,0.000,0.000,0.000,0.013,4.0,11.20,31.0,0.000,0.000,0.000,0.000,0.000,0.000,0.006,0.013,0.000,0.000,0.000,0.000,0.000,0.006,0.000,0.000,0.013,0.000
124.0047,1240,0,move,-1,124.0047,124.0174,0,0.000,0.000,0.176,-0.264,-0.088,0.088,-0.264,-50.801,34.365,0.000,0.000,-0.088,-0.088,0.176,0.000,0.000,0.439,0.176,0.000,0.000,0.000,0.000,0.000,0.000,0.000,-51.045,34.512,0.000,0.000,0.000,0.000,0.000,0.000,0.000,0.000,0.000,0.013,4.0,11.20,31.0,0.000,0.000,0.006,0.006,0.000,0.000,0.000,0.013,0.000,0.000,0.000,0.000,0.000,0.006,0.000,0.000,0.006,0.006
124.1045,1241,0,move,-1,124.1045,124.1168,0,0.000,0.000,0.176,-0.264,-0.088,0.088,-0.264,-50.801,34.365,0.000,0.000,-0.088,-0.088,0.176,0.000,0.000,0.439,0.176,0.000,0.000,0.000,0.000,0.000,0.000,0.000,-50.765,34.384,0.000,0.000,0.000,0.000,0.000,0.000,0.000,0.000,0.000,0.013,4.0,11.20,31.0,0.000,0.000,0.006,0.006,0.000,0.000,0.000,0.013,0.000,0.000,0.000,0.000,0.000,0.006,0.000,0.000,0.006,0.006
124.2043,1242,0,move,-1,124.2043,124.2099,0,0.000,0.000,0.176,-0.264,-0.088,0.088,-0.264,-50.625,34.365,0.000,0.000,-0.088,-0.088,0.176,0.000,0.000,0.439,0.176,0.000,0.000,0.000,0.000,0.000,0.000,0.000,-50.327,34.182,0.000,0.000,0.000,0.000,0.000,0.000,0.000,0.000,0.000,0.006,3.2,11.30,33.0,0.000,0.000,0.000,0.000,0.000,0.000,0.006,0.006,0.000,0.000,0.000,0.000,0.000,0.006,0.000,0.000,0.006,0.000
124.3043,1243,0,move,-1,124.3043,124.3146,0,0.000,0.000,0.176,-0.264,-0.088,0.088,-0.264,-50.361,34.365,0.000,0.000,-0.088,-0.088,0.176,0.000,0.000,0.439,0.176,0.000,0.000,0.000,0.000,0.000,0.000,0.000,-49.772,33.924,0.000,0.000,0.000,0.000,0.000,0.000,0.000,0.000,0.000,0.013,4.8,11.30,32.0,0.000,0.000,0.000,0.006,0.000,0.000,0.006,0.000,0.000,0.000,0.000,0.000,0.000,0.006,0.000,0.000,0.013,0.000
124.4045,1244,0,move,-1,124.4045,124.4167,0,0.000,0.000,0.176,-0.264,-0.088,0.088,-0.264,-49.922,34.102,0.000,0.000,-0.088,-0.088,0.176,0.000,0.000,0.439,0.176,0.000,0.000,0.000,0.000,0.000,0.000,0.000,-49.154,33.634,0.000,0.000,0.000,0.000,0.000,0.000,0.000,0.000,0.000,0.013,2.4,11.30,29.0,0.000,0.000,0.006,0.006,0.000,0.000,0.000,0.006,0.000,0.000,0.000,0.000,0.000,0.013,0.000,0.000,0.013,0.006
124.5045,1245,0,move,-1,124.5045,124.5189,0,0.000,0.000,0.176,-0.264,-0.088,0.088,-0.264,-49.395,33.926,0.000,0.000,-0.088,-0.088,0.176,0.000,0.000,0.439,0.176,0.000,0.000,0.000,0.000,0.000,0.000,0.000,-48.535,33.340,0.000,0.000,0.000,0.000,0.000,0.000,0.000,0.000,0.000,0.006,3.2,11.30,33.0,0.000,0.000,0.000,0.000,0.000,0.000,0.006,0.000,0.000,0.000,0.000,0.000,0.000,0.000,0.000,0.000,0.006,0.000
124.6046,1246,0,move,-1,124.6046,124.6188,0,0.000,0.000,0.176,-0.264,-0.088,0.088,-0.264,-48.779,33.662,0.000,0.000,-0.088,-0.088,0.176,0.000,0.000,0.439,0.176,0.000,0.000,0.000,0.000,0.000,0.000,0.000,-47.971,33.071,0.000,0.000,0.000,0.000,0.000,0.000,0.000,0.000,0.000,0.006,3.2,11.30,33.0,0.000,0.000,0.000,0.000,0.000,0.000,0.006,0.000,0.000,0.000,0.000,0.000,0.000,0.000,0.000,0.000,0.006,0.000
124.7045,1247,0,move,-1,124.7045,124.7152,0,0.000,0.000,0.176,-0.264,-0.088,0.088,-0.264,-48.164,33.311,0.000,0.000,-0.088,-0.088,0.176,0.000,0.000,0.439,0.176,0.000,0.000,0.000,0.000,0.000,0.000,0.000,-47.522,32.856,0.000,0.000,0.000,0.000,0.000,0.000,0.000,0.000,0.000,0.006,3.2,11.30,32.0,0.000,0.000,0.000,0.006,0.000,0.000,0.000,0.000,0.000,0.000,0.000,0.000,0.000,0.006,0.000,0.000,0.006,0.006
124.8191,1248,0,move,-1,124.8191,124.8325,0,0.000,0.000,0.176,-0.264,-0.088,0.088,-0.264,-47.637,33.135,0.000,0.000,-0.088,-0.088,0.176,0.000,0.000,0.439,0.176,0.000,0.000,0.000,0.000,0.000,0.000,0.000,-47.233,32.716,0.000,0.000,0.000,0.000,0.000,0.000,0.000,0.000,0.000,0.006,2.4,11.30,29.0,0.000,0.000,0.000,0.000,0.000,0.000,0.000,0.000,0.000,0.000,0.000,0.000,0.000,0.006,0.000,0.000,0.006,0.000
124.9045,1249,0,move,-1,124.9045,124.9162,0,0.000,0.000,0.176,-0.264,-0.088,0.088,-0.264,-47.285,32.871,0.000,0.000,-0.088,-0.088,0.176,0.000,0.000,0.439,0.176,0.000,0.000,0.000,0.000,0.000,0.000,0.000,-47.133,32.667,0.000,0.000,0.000,0.000,0.000,0.000,0.000,0.000,0.000,0.006,2.4,11.30,29.0,0.000,0.000,0.000,0.000,0.000,0.000,0.000,0.000,0.000,0.000,0.000,0.000,0.000,0.006,0.000,0.000,0.006,0.000
125.0045,1250,0,move,-1,125.0045,125.0176,0,0.000,0.000,0.176,-0.264,-0.088,0.088,-0.264,-47.197,32.783,0.000,0.000,-0.088,-0.088,0.176,0.000,0.000,0.439,0.176,0.000,0.000,0.000,0.000,0.000,0.000,0.000,-47.133,32.667,0.000,0.000,0.000,0.000,0.000,0.000,0.000,0.000,0.000,0.013,4.8,11.30,32.0,0.000,0.000,0.000,0.000,0.000,0.000,0.006,0.000,0.000,0.000,0.000,0.000,0.000,0.006,0.000,0.000,0.013,0.000
125.1045,1251,0,move,-1,125.1045,125.1145,0,0.000,0.000,0.176,-0.264,-0.088,0.088,-0.264,-47.197,32.783,0.000,0.000,-0.088,-0.088,0.176,0.000,0.000,0.439,0.176,0.000,0.000,0.000,0.000,0.000,0.000,0.000,-47.133,32.667,0.000,0.000,0.000,0.000,0.000,0.000,0.000,0.000,0.000,0.013,4.8,11.30,32.0,0.000,0.000,0.000,0.000,0.000,0.000,0.006,0.000,0.000,0.000,0.000,0.000,0.000,0.006,0.000,0.000,0.013,0.000
125.2045,1252,0,move,-1,125.2045,125.2152,0,0.000,0.000,0.176,-0.264,-0.088,0.088,-0.264,-47.197,32.783,0.000,0.000,-0.088,-0.088,0.176,0.000,0.000,0.439,0.176,0.000,0.000,0.000,0.000,0.000,0.000,0.000,-47.133,32.667,0.000,0.000,0.000,0.000,0.000,0.000,0.000,0.000,0.000,0.006,2.4,11.30,33.0,0.000,0.000,0.006,0.006,0.000,0.000,0.006,0.000,0.000,0.000,0.000,0.000,0.000,0.006,0.000,0.000,0.006,0.000
125.3045,1253,0,move,-1,125.3045,125.3144,0,0.000,0.000,0.176,-0.264,-0.088,0.088,-0.264,-47.197,32.783,0.000,0.000,-0.088,-0.088,0.176,0.000,0.000,0.439,0.176,0.000,0.000,0.000,0.000,0.000,0.000,0.000,-47.133,32.667,0.000,0.000,0.000,0.000,0.000,0.000,0.000,0.000,0.000,0.006,2.4,11.30,33.0,0.000,0.000,0.006,0.006,0.000,0.000,0.006,0.000,0.000,0.000,0.000,0.000,0.000,0.006,0.000,0.000,0.006,0.000
125.4045,1254,0,move,-1,125.4045,125.4149,0,0.000,0.000,0.176,-0.264,-0.088,0.088,-0.264,-47.197,32.783,0.000,0.000,-0.088,-0.088,0.176,0.000,0.000,0.439,0.176,0.000,0.000,0.000,0.000,0.000,0.000,0.000,-47.133,32.667,0.000,0.000,0.000,0.000,0.000,0.000,0.000,0.000,0.000,0.006,3.2,11.30,32.0,0.000,0.000,0.000,0.006,0.000,0.000,0.006,0.000,0.000,0.000,0.000,0.000,0.000,0.000,0.000,0.000,0.006,0.006
125.5045,1255,0,move,-1,125.5045,125.5137,0,0.000,0.000,0.176,-0.264,-0.088,0.088,-0.264,-47.197,32.783,0.000,0.000,-0.088,-0.088,0.176,0.000,0.000,0.439,0.176,0.000,0.000,0.000,0.000,0.000,0.000,0.000,-47.133,32.667,0.000,0.000,0.000,0.000,0.000,0.000,0.000,0.000,0.000,0.006,3.2,11.30,32.0,0.000,0.000,0.000,0.006,0.000,0.000,0.006,0.000,0.000,0.000,0.000,0.000,0.000,0.000,0.000,0.000,0.006,0.006
125.6045,1256,0,move,-1,125.6045,125.6185,0,0.000,0.000,0.176,-0.264,-0.088,0.088,-0.264,-47.197,32.783,0.000,0.000,-0.088,-0.088,0.176,0.000,0.000,0.439,0.176,0.000,0.000,0.000,0.000,0.000,0.000,0.000,-47.133,32.667,0.000,0.000,0.000,0.000,0.000,0.000,0.000,0.000,0.000,0.006,3.2,11.30,32.0,0.000,0.000,0.000,0.006,0.000,0.000,0.006,0.000,0.000,0.000,0.000,0.000,0.000,0.006,0.000,0.000,0.006,0.000
125.7191,1257,0,move,-1,125.7191,125.7295,0,0.000,0.000,0.176,-0.264,-0.088,0.088,-0.264,-47.197,32.783,0.000,0.000,-0.088,-0.088,0.176,0.000,0.000,0.439,0.176,0.000,0.000,0.000,0.000,0.000,0.000,0.000,-47.133,32.667,0.000,0.000,0.000,0.000,0.000,0.000,0.000,0.000,0.000,0.006,3.6,11.30,32.0,0.000,0.000,0.000,0.006,0.000,0.000,0.006,0.000,0.000,0.000,0.000,0.000,0.000,0.006,0.000,0.000,0.006,0.000
125.8045,1258,0,move,-1,125.8045,125.8156,0,0.000,0.000,0.176,-0.264,-0.088,0.088,-0.264,-47.197,32.783,0.000,0.000,-0.088,-0.088,0.176,0.000,0.000,0.439,0.176,0.000,0.000,0.000,0.000,0.000,0.000,0.000,-47.133,32.667,0.000,0.000,0.000,0.000,0.000,0.000,0.000,0.000,0.000,0.006,3.6,11.30,32.0,0.000,0.000,0.000,0.006,0.000,0.000,0.006,0.000,0.000,0.000,0.000,0.000,0.000,0.006,0.000,0.000,0.006,0.000
125.9046,1259,0,move,-1,125.9046,125.9166,0,0.000,0.000,0.176,-0.264,-0.088,0.088,-0.264,-47.197,32.783,0.000,0.000,-0.088,-0.088,0.176,0.000,0.000,0.439,0.176,0.000,0.000,0.000,0.000,0.000,0.000,0.000,-47.133,32.667,0.000,0.000,0.000,0.000,0.000,0.000,0.000,0.000,0.000,0.013,4.8,11.30,32.0,0.000,0.000,0.000,0.000,0.000,0.000,0.006,0.000,0.000,0.000,0.000,0.000,0.000,0.006,0.000,0.000,0.013,0.000
126.0045,1260,0,move,-1,126.0045,126.0151,0,0.000,0.000,0.176,-0.264,-0.088,0.088,-0.264,-47.197,32.783,0.000,0.000,-0.088,-0.088,0.176,0.000,0.000,0.439,0.176,0.000,0.000,0.000,0.000,0.000,0.000,0.000,-47.133,32.667,0.000,0.000,0.000,0.000,0.000,0.000,0.000,0.000,0.000,0.013,4.8,11.30,32.0,0.000,0.000,0.000,0.000,0.000,0.000,0.006,0.000,0.000,0.000,0.000,0.000,0.000,0.006,0.000,0.000,0.013,0.000
126.1043,1261,0,move,-1,126.1043,126.1144,0,0.000,0.000,0.176,-0.264,-0.088,0.088,-0.264,-47.197,32.783,0.000,0.000,-0.088,-0.088,0.176,0.000,0.000,0.439,0.176,0.000,0.000,0.000,0.000,0.000,0.000,0.000,-47.133,32.667,0.000,0.000,0.000,0.000,0.000,0.000,0.000,0.000,0.000,0.006,3.2,11.30,33.0,0.000,0.000,0.000,0.006,0.000,0.000,0.006,0.000,0.000,0.000,0.000,0.000,0.000,0.006,0.000,0.000,0.006,0.000
126.2048,1262,0,move,-1,126.2048,126.2163,0,0.000,0.000,0.176,-0.264,-0.088,0.088,-0.264,-47.197,32.783,0.000,0.000,-0.088,-0.088,0.176,0.000,0.000,0.439,0.176,0.000,0.000,0.000,0.000,0.000,0.000,0.000,-47.133,32.667,0.000,0.000,0.000,0.000,0.000,0.000,0.000,0.000,0.000,0.006,3.2,11.30,32.0,0.000,0.000,0.000,0.006,0.000,0.000,0.000,0.000,0.000,0.000,0.000,0.000,0.000,0.006,0.000,0.000,0.006,0.000
126.3045,1263,0,move,-1,126.3045,126.3185,0,0.000,0.000,0.176,-0.264,-0.088,0.088,-0.264,-47.197,32.783,0.000,0.000,-0.088,-0.088,0.176,0.000,0.000,0.439,0.176,0.000,0.000,0.000,0.000,0.000,0.000,0.000,-47.133,32.667,0.000,0.000,0.000,0.000,0.000,0.000,0.000,0.000,0.000,0.000,0.0,11.30,32.0,0.000,0.000,0.000,0.000,0.000,0.000,0.000,0.000,0.000,0.000,0.000,0.000,0.000,0.000,0.000,0.000,0.000,0.000
126.4045,1264,0,move,-1,126.4045,126.4168,0,0.000,0.000,0.176,-0.264,-0.088,0.088,-0.264,-47.197,32.783,0.000,0.000,-0.088,-0.088,0.176,0.000,0.000,0.439,0.176,0.000,0.000,0.000,0.000,0.000,0.000,0.000,-47.133,32.667,0.000,0.000,0.000,0.000,0.000,0.000,0.000,0.000,0.000,0.000,0.0,11.30,32.0,0.000,0.000,0.000,0.000,0.000,0.000,0.000,0.000,0.000,0.000,0.000,0.000,0.000,0.000,0.000,0.000,0.000,0.000
126.5045,1265,0,move,-1,126.5045,126.5145,0,0.000,0.000,0.176,-0.264,-0.088,0.088,-0.264,-47.197,32.783,0.000,0.000,-0.088,-0.088,0.176,0.000,0.000,0.439,0.176,0.000,0.000,0.000,0.000,0.000,0.000,0.000,-47.133,32.667,0.000,0.000,0.000,0.000,0.000,0.000,0.000,0.000,0.000,0.006,3.2,11.30,32.0,0.000,0.000,0.000,0.006,0.000,0.000,0.000,0.000,0.000,0.000,0.000,0.000,0.000,0.006,0.000,0.000,0.006,0.000
126.6121,1266,0,move,-1,126.6121,126.6216,0,0.000,0.000,0.176,-0.264,-0.088,0.088,-0.264,-47.197,32.783,0.000,0.000,-0.088,-0.088,0.176,0.000,0.000,0.439,0.176,0.000,0.000,0.000,0.000,0.000,0.000,0.000,-47.133,32.667,0.000,0.000,0.000,0.000,0.000,0.000,0.000,0.000,0.000,0.006,3.2,11.30,33.0,0.000,0.000,0.000,0.000,0.000,0.000,0.006,0.000,0.000,0.000,0.000,0.000,0.000,0.006,0.000,0.000,0.006,0.006
126.7046,1267,0,move,-1,126.7046,126.7147,0,0.000,0.000,0.176,-0.264,-0.088,0.088,-0.264,-47.197,32.783,0.000,0.000,-0.088,-0.088,0.176,0.000,0.000,0.439,0.176,0.000,0.000,0.000,0.000,0.000,0.000,0.000,-47.133,32.667,0.000,0.000,0.000,0.000,0.000,0.000,0.000,0.000,0.000,0.006,3.2,11.30,33.0,0.000,0.000,0.000,0.000,0.000,0.000,0.006,0.000,0.000,0.000,0.000,0.000,0.000,0.006,0.000,0.000,0.006,0.006
126.8045,1268,0,move,-1,126.8045,126.8163,0,0.000,0.000,0.176,-0.264,-0.088,0.088,-0.264,-47.197,32.783,0.000,0.000,-0.088,-0.088,0.176,0.000,0.000,0.439,0.176,0.000,0.000,0.000,0.000,0.000,0.000,0.000,-47.133,32.667,0.000,0.000,0.000,0.000,0.000,0.000,0.000,0.000,0.000,0.006,3.2,11.30,32.0,0.000,0.000,0.000,0.006,0.000,0.000,0.006,0.000,0.000,0.000,0.000,0.000,0.000,0.000,0.000,0.000,0.006,0.000
126.9045,1269,0,move,-1,126.9045,126.9145,0,0.000,0.000,0.176,-0.264,-0.088,0.088,-0.264,-47.197,32.783,0.000,0.000,-0.088,-0.088,0.176,0.000,0.000,0.439,0.176,0.000,0.000,0.000,0.000,0.000,0.000,0.000,-47.133,32.667,0.000,0.000,0.000,0.000,0.000,0.000,0.000,0.000,0.000,0.006,3.2,11.30,32.0,0.000,0.000,0.000,0.006,0.000,0.000,0.006,0.000,0.000,0.000,0.000,0.000,0.000,0.000,0.000,0.000,0.006,0.000
127.0174,1270,0,move,-1,127.0174,127.0280,0,0.000,0.000,0.176,-0.264,-0.088,0.088,-0.264,-47.197,32.783,0.000,0.000,-0.088,-0.088,0.176,0.000,0.000,0.439,0.176,0.000,0.000,0.000,0.000,0.000,0.000,0.000,-47.133,32.667,0.000,0.000,0.000,0.000,0.000,0.000,0.000,0.000,0.000,0.006,3.2,11.30,32.0,0.000,0.000,0.000,0.006,0.000,0.000,0.000,0.000,0.000,0.000,0.000,0.000,0.000,0.006,0.000,0.000,0.006,0.000
127.1045,1271,0,move,-1,127.1045,127.1277,0,0.000,0.000,0.176,-0.264,-0.088,0.088,-0.264,-47.197,32.783,0.000,0.000,-0.088,-0.088,0.176,0.000,0.000,0.439,0.176,0.000,0.000,0.000,0.000,0.000,0.000,0.000,-47.133,32.667,0.000,0.000,0.000,0.000,0.000,0.000,0.000,0.000,0.000,0.006,3.2,11.30,32.0,0.000,0.000,0.000,0.006,0.000,0.000,0.000,0.000,0.000,0.000,0.000,0.000,0.000,0.006,0.000,0.000,0.006,0.000
127.2045,1272,0,move,-1,127.2045,127.2166,0,0.000,0.000,0.176,-0.264,-0.088,0.088,-0.264,-47.197,32.783,0.000,0.000,-0.088,-0.088,0.176,0.000,0.000,0.439,0.176,0.000,0.000,0.000,0.000,0.000,0.000,0.000,-47.133,32.667,0.000,0.000,0.000,0.000,0.000,0.000,0.000,0.000,0.000,0.013,4.8,11.30,32.0,0.000,0.000,0.000,0.000,0.000,0.000,0.006,0.000,0.000,0.000,0.000,0.000,0.000,0.000,0.000,0.000,0.013,0.000
127.3045,1273,0,move,-1,127.3045,127.3147,0,0.000,0.000,0.176,-0.264,-0.088,0.088,-0.264,-47.197,32.783,0.000,0.000,-0.088,-0.088,0.176,0.000,0.000,0.439,0.176,0.000,0.000,0.000,0.000,0.000,0.000,0.000,-47.133,32.667,0.000,0.000,0.000,0.000,0.000,0.000,0.000,0.000,0.000,0.013,4.8,11.30,32.0,0.000,0.000,0.000,0.000,0.000,0.000,0.006,0.000,0.000,0.000,0.000,0.000,0.000,0.000,0.000,0.000,0.013,0.000
127.4045,1274,0,move,-1,127.4045,127.4161,0,0.000,0.000,0.176,-0.264,-0.088,0.088,-0.264,-47.197,32.783,0.000,0.000,-0.088,-0.088,0.176,0.000,0.000,0.439,0.176,0.000,0.000,0.000,0.000,0.000,0.000,0.000,-47.133,32.667,0.000,0.000,0.000,0.000,0.000,0.000,0.000,0.000,0.000,0.013,4.8,11.30,32.0,0.000,0.000,0.000,0.006,0.000,0.000,0.000,0.000,0.000,0.000,0.000,0.000,0.000,0.006,0.000,0.000,0.013,0.006
127.5045,1275,0,move,-1,127.5045,127.5178,0,0.000,0.000,0.176,-0.264,-0.088,0.088,-0.264,-47.197,32.783,0.000,0.000,-0.088,-0.088,0.176,0.000,0.000,0.439,0.176,0.000,0.000,0.000,0.000,0.000,0.000,0.000,-47.133,32.667,0.000,0.000,0.000,0.000,0.000,0.000,0.000,0.000,0.000,0.006,3.2,11.30,32.0,0.000,0.000,0.000,0.006,0.000,0.000,0.006,0.000,0.000,0.000,0.000,0.000,0.000,0.006,0.000,0.000,0.006,0.000
127.6044,1276,0,move,-1,127.6044,127.6528,0,0.000,0.000,0.176,-0.264,-0.088,0.088,-0.264,-47.197,32.783,0.000,0.000,-0.088,-0.088,0.176,0.000,0.000,0.439,0.176,0.000,0.000,0.000,0.000,0.000,0.000,0.000,-47.133,32.667,0.000,0.000,0.000,0.000,0.000,0.000,0.000,0.000,0.000,0.006,4.8,11.30,32.0,0.000,0.000,0.000,0.000,0.000,0.000,0.000,0.000,0.000,0.000,0.000,0.000,0.000,0.000,0.000,0.000,0.006,0.000
127.7045,1277,0,move,-1,127.7045,127.7168,0,0.000,0.000,0.176,-0.264,-0.088,0.088,-0.264,-47.197,32.783,0.000,0.000,-0.088,-0.088,0.176,0.000,0.000,0.439,0.176,0.000,0.000,0.000,0.000,0.000,0.000,0.000,-47.133,32.667,0.000,0.000,0.000,0.000,0.000,0.000,0.000,0.000,0.000,0.006,4.8,11.30,32.0,0.000,0.000,0.000,0.000,0.000,0.000,0.000,0.000,0.000,0.000,0.000,0.000,0.000,0.000,0.000,0.000,0.006,0.000
127.8043,1278,0,move,-1,127.8043,127.8145,0,0.000,0.000,0.176,-0.264,-0.088,0.088,-0.264,-47.197,32.783,0.000,0.000,-0.088,-0.088,0.176,0.000,0.000,0.439,0.176,0.000,0.000,0.000,0.000,0.000,0.000,0.000,-47.133,32.667,0.000,0.000,0.000,0.000,0.000,0.000,0.000,0.000,0.000,0.013,2.4,11.30,29.0,0.000,0.000,0.006,0.006,0.000,0.000,0.006,0.000,0.000,0.000,0.000,0.000,0.000,0.013,0.000,0.000,0.013,0.000
127.9045,1279,0,move,-1,127.9045,127.9164,0,0.000,0.000,0.176,-0.264,-0.088,0.088,-0.264,-47.197,32.783,0.000,0.000,-0.088,-0.088,0.176,0.000,0.000,0.439,0.176,0.000,0.000,0.000,0.000,0.000,0.000,0.000,-47.133,32.667,0.000,0.000,0.000,0.000,0.000,0.000,0.000,0.000,0.000,0.006,3.2,11.30,32.0,0.000,0.000,0.000,0.006,0.000,0.000,0.006,0.000,0.000,0.000,0.000,0.000,0.006,0.006,0.000,0.000,0.006,0.000
128.0045,1280,0,move,-1,128.0045,128.0156,0,0.000,0.000,0.176,-0.264,-0.088,0.088,-0.264,-47.197,32.783,0.000,0.000,-0.088,-0.088,0.176,0.000,0.000,0.439,0.176,0.000,0.000,0.000,0.000,0.000,0.000,0.000,-47.033,32.619,0.000,0.000,0.000,0.000,0.000,0.000,0.000,0.000,0.000,0.006,3.2,11.30,32.0,0.000,0.000,0.000,0.006,0.000,0.000,0.006,0.000,0.000,0.000,0.000,0.000,0.006,0.006,0.000,0.000,0.006,0.000
128.1054,1281,0,move,-1,128.1054,128.1141,0,0.000,0.000,0.176,-0.264,-0.088,0.088,-0.264,-47.109,32.783,0.000,0.000,-0.088,-0.088,0.176,0.000,0.000,0.439,0.176,0.000,0.000,0.000,0.000,0.000,0.000,0.000,-46.742,32.477,0.000,0.000,0.000,0.000,0.000,0.000,0.000,0.000,0.000,0.006,3.2,11.30,32.0,0.000,0.000,0.000,0.006,0.000,0.000,0.000,0.006,0.006,0.000,0.000,0.000,0.000,0.000,0.000,0.000,0.006,0.000
128.2185,1282,0,move,-1,128.2185,128.2540,0,0.000,0.000,0.176,-0.264,-0.088,0.088,-0.264,-46.846,32.783,0.000,0.000,-0.088,-0.088,0.176,0.000,0.000,0.439,0.176,0.000,0.000,0.000,0.000,0.000,0.000,0.000,-46.288,32.255,0.000,0.000,0.000,0.000,0.000,0.000,0.000,0.000,0.000,0.006,2.4,11.20,31.0,0.000,0.000,0.000,0.000,0.000,0.000,0.000,0.006,0.006,0.000,0.000,0.000,0.000,0.000,0.000,0.000,0.006,0.000
128.3045,1283,0,move,-1,128.3045,128.3151,0,0.000,0.000,0.176,-0.264,-0.088,0.088,-0.264,-46.494,32.520,0.000,0.000,-0.088,-0.088,0.176,0.000,0.000,0.439,0.176,0.000,0.000,0.000,0.000,0.000,0.000,0.000,-45.712,31.972,0.000,0.000,0.000,0.000,0.000,0.000,0.000,0.000,0.000,0.006,2.4,11.20,31.0,0.000,0.000,0.000,0.000,0.000,0.000,0.000,0.006,0.006,0.000,0.000,0.000,0.000,0.000,0.000,0.000,0.006,0.000
128.4045,1284,0,move,-1,128.4045,128.4155,0,0.000,0.000,0.176,-0.264,-0.088,0.088,-0.264,-45.967,32.256,0.000,0.000,-0.088,-0.088,0.176,0.000,0.000,0.439,0.176,0.000,0.000,0.000,0.000,0.000,0.000,0.000,-45.069,31.653,0.000,0.000,0.000,0.000,0.000,0.000,0.000,0.000,0.000,0.006,3.6,11.20,31.0,0.000,0.000,0.000,0.000,0.000,0.000,0.000,0.006,0.006,0.000,0.000,0.000,0.000,0.006,0.000,0.000,0.006,0.000
128.5045,1285,0,move,-1,128.5045,128.5182,0,0.000,0.000,0.176,-0.264,-0.088,0.088,-0.264,-45.352,31.816,0.000,0.000,-0.088,-0.088,0.176,0.000,0.000,0.439,0.176,0.000,0.000,0.000,0.000,0.000,0.000,0.000,-44.421,31.329,0.000,0.000,0.000,0.000,0.000,0.000,0.000,0.000,0.000,0.006,3.2,11.30,33.0,0.000,0.000,0.000,0.000,0.000,0.000,0.006,0.006,0.006,0.000,0.000,0.000,0.000,0.006,0.000,0.000,0.006,0.000
128.6045,1286,0,move,-1,128.6045,128.6157,0,0.000,0.000,0.176,-0.264,-0.088,0.088,-0.264,-44.736,31.641,0.000,0.000,-0.088,-0.088,0.176,0.000,0.000,0.439,0.176,0.000,0.000,0.000,0.000,0.000,0.000,0.000,-43.833,31.033,0.000,0.000,0.000,0.000,0.000,0.000,0.000,0.000,0.000,0.006,3.2,11.30,33.0,0.000,0.000,0.000,0.000,0.000,0.000,0.006,0.006,0.006,0.000,0.000,0.000,0.000,0.006,0.000,0.000,0.006,0.000
128.7045,1287,0,move,-1,128.7045,128.7145,0,0.000,0.000,0.176,-0.264,-0.088,0.088,-0.264,-44.121,31.201,0.000,0.000,-0.088,-0.088,0.176,0.000,0.000,0.439,0.176,0.000,0.000,0.000,0.000,0.000,0.000,0.000,-43.362,30.795,0.000,0.000,0.000,0.000,0.000,0.000,0.000,0.000,0.000,0.013,4.4,11.20,31.0,0.000,0.000,0.006,0.006,0.000,0.000,0.000,0.013,0.000,0.000,0.000,0.000,0.000,0.006,0.000,0.000,0.006,0.006
128.8045,1288,0,move,-1,128.8045,128.8163,0,0.000,0.000,0.176,-0.264,-0.088,0.088,-0.264,-43.506,31.025,0.000,0.000,-0.088,-0.088,0.176,0.000,0.000,0.439,0.176,0.000,0.000,0.000,0.000,0.000,0.000,0.000,-43.059,30.640,0.000,0.000,0.000,0.000,0.000,0.000,0.000,0.000,0.000,0.013,4.8,11.30,32.0,0.000,0.000,0.000,0.006,0.000,0.000,0.006,0.000,0.006,0.000,0.000,0.000,0.000,0.006,0.000,0.000,0.013,0.000
128.9045,1289,0,move,-1,128.9045,128.9147,0,0.000,0.000,0.176,-0.264,-0.088,0.088,-0.264,-43.154,30.938,0.000,0.000,-0.088,-0.088,0.176,0.000,0.000,0.439,0.176,0.000,0.000,0.000,0.000,0.000,0.000,0.000,-42.955,30.587,0.000,0.000,0.000,0.000,0.000,0.000,0.000,0.000,0.000,0.013,4.8,11.30,32.0,0.000,0.000,0.000,0.006,0.000,0.000,0.006,0.000,0.006,0.000,0.000,0.000,0.000,0.006,0.000,0.000,0.013,0.000
129.0076,1290,0,move,-1,129.0076,129.0186,0,0.000,0.000,0.176,-0.264,-0.088,0.088,-0.264,-42.979,30.762,0.000,0.000,-0.088,-0.088,0.176,0.000,0.000,0.439,0.176,0.000,0.000,0.000,0.000,0.000,0.000,0.000,-42.955,30.587,0.000,0.000,0.000,0.000,0.000,0.000,0.000,0.000,0.000,0.006,3.2,11.30,32.0,0.000,0.000,0.000,0.006,0.000,0.006,0.006,0.000,0.000,0.000,0.000,0.000,0.000,0.006,0.000,0.000,0.006,0.006
129.1043,1291,0,move,-1,129.1043,129.1166,0,0.000,0.000,0.176,-0.264,-0.088,0.088,-0.264,-42.979,30.762,0.000,0.000,-0.088,-0.088,0.176,0.000,0.000,0.439,0.176,0.000,0.000,0.000,0.000,0.000,0.000,0.000,-42.955,30.587,0.000,0.000,0.000,0.000,0.000,0.000,0.000,0.000,0.000,0.006,3.2,11.30,32.0,0.000,0.000,0.000,0.006,0.000,0.006,0.006,0.000,0.000,0.000,0.000,0.000,0.000,0.006,0.000,0.000,0.006,0.006
129.2045,1292,0,move,-1,129.2045,129.2151,0,0.000,0.000,0.176,-0.264,-0.088,0.088,-0.264,-42.979,30.762,0.000,0.000,-0.088,-0.088,0.176,0.000,0.000,0.439,0.176,0.000,0.000,0.000,0.000,0.000,0.000,0.000,-42.955,30.587,0.000,0.000,0.000,0.000,0.000,0.000,0.000,0.000,0.000,0.013,4.8,11.30,32.0,0.000,0.000,0.006,0.006,0.000,0.000,0.000,0.000,0.000,0.000,0.000,0.000,0.000,0.006,0.000,0.000,0.013,0.000
129.3045,1293,0,move,-1,129.3045,129.3175,0,0.000,0.000,0.176,-0.264,-0.088,0.088,-0.264,-42.891,30.762,0.000,0.000,-0.088,-0.088,0.176,0.000,0.000,0.439,0.176,0.000,0.000,0.000,0.000,0.000,0.000,0.000,-42.955,30.587,0.000,0.000,0.000,0.000,0.000,0.000,0.000,0.000,0.000,0.013,4.8,11.30,32.0,0.000,0.000,0.006,0.006,0.000,0.000,0.000,0.000,0.000,0.000,0.000,0.000,0.000,0.006,0.000,0.000,0.013,0.000
129.4064,1294,0,move,-1,129.4064,129.4155,0,0.000,0.000,0.176,-0.264,-0.088,0.088,-0.264,-42.891,30.762,0.000,0.000,-0.088,-0.088,0.176,0.000,0.000,0.439,0.176,0.000,0.000,0.000,0.000,0.000,0.000,0.000,-42.955,30.587,0.000,0.000,0.000,0.000,0.000,0.000,0.000,0.000,0.000,0.013,4.8,11.30,32.0,0.000,0.000,0.006,0.006,0.000,0.000,0.000,0.000,0.000,0.000,0.000,0.000,0.000,0.006,0.000,0.000,0.013,0.000
129.5045,1295,0,move,-1,129.5045,129.5163,0,0.000,0.000,0.176,-0.264,-0.088,0.088,-0.264,-42.891,30.762,0.000,0.000,-0.088,-0.088,0.176,0.000,0.000,0.439,0.176,0.000,0.000,0.000,0.000,0.000,0.000,0.000,-42.955,30.587,0.000,0.000,0.000,0.000,0.000,0.000,0.000,0.000,0.000,0.006,3.2,11.30,32.0,0.000,0.000,0.000,0.006,0.000,0.000,0.006,0.000,0.000,0.000,0.000,0.000,0.000,0.006,0.000,0.000,0.006,0.006
129.6045,1296,0,move,-1,129.6045,129.6103,0,0.000,0.000,0.176,-0.264,-0.088,0.088,-0.264,-42.891,30.762,0.000,0.000,-0.088,-0.088,0.176,0.000,0.000,0.439,0.176,0.000,0.000,0.000,0.000,0.000,0.000,0.000,-42.955,30.587,0.000,0.000,0.000,0.000,0.000,0.000,0.000,0.000,0.000,0.006,3.2,11.30,32.0,0.000,0.000,0.000,0.006,0.000,0.000,0.006,0.000,0.000,0.000,0.000,0.000,0.000,0.006,0.000,0.000,0.006,0.006
129.7045,1297,0,move,-1,129.7045,129.7149,0,0.000,0.000,0.176,-0.264,-0.088,0.088,-0.264,-42.891,30.762,0.000,0.000,-0.088,-0.088,0.176,0.000,0.000,0.439,0.176,0.000,0.000,0.000,0.000,0.000,0.000,0.000,-42.955,30.587,0.000,0.000,0.000,0.000,0.000,0.000,0.000,0.000,0.000,0.006,3.2,11.30,32.0,0.000,0.000,0.000,0.006,0.000,0.000,0.006,0.000,0.000,0.000,0.000,0.000,0.000,0.006,0.000,0.000,0.006,0.006
129.8045,1298,0,move,-1,129.8045,129.8173,0,0.000,0.000,0.176,-0.264,-0.088,0.088,-0.264,-42.891,30.762,0.000,0.000,-0.088,-0.088,0.176,0.000,0.000,0.439,0.176,0.000,0.000,0.000,0.000,0.000,0.000,0.000,-42.955,30.587,0.000,0.000,0.000,0.000,0.000,0.000,0.000,0.000,0.000,0.013,4.8,11.30,32.0,0.000,0.000,0.000,0.000,0.000,0.000,0.000,0.000,0.006,0.000,0.000,0.000,0.000,0.006,0.000,0.000,0.013,0.006
129.9045,1299,0,move,-1,129.9045,129.9158,0,0.000,0.000,0.176,-0.264,-0.088,0.088,-0.264,-42.891,30.762,0.000,0.000,-0.088,-0.088,0.176,0.000,0.000,0.439,0.176,0.000,0.000,0.000,0.000,0.000,0.000,0.000,-42.955,30.587,0.000,0.000,0.000,0.000,0.000,0.000,0.000,0.000,0.000,0.013,4.8,11.30,32.0,0.000,0.000,0.000,0.000,0.000,0.000,0.000,0.000,0.006,0.000,0.000,0.000,0.000,0.006,0.000,0.000,0.013,0.006
130.0045,1300,0,move,-1,130.0045,130.0165,0,0.000,0.000,0.176,-0.264,-0.088,0.088,-0.264,-42.803,30.762,0.000,0.000,-0.088,-0.088,0.176,0.000,0.000,0.439,0.176,0.000,0.000,0.000,0.000,0.000,0.000,0.000,-42.955,30.587,0.000,0.000,0.000,0.000,0.000,0.000,0.000,0.000,0.000,0.006,2.4,11.30,29.0,0.000,0.000,0.000,0.000,0.000,0.000,0.000,0.000,0.000,0.000,0.000,0.000,0.000,0.006,0.000,0.000,0.006,0.000
130.1047,1301,0,move,-1,130.1047,130.1188,0,0.000,0.000,0.176,-0.264,-0.088,0.088,-0.264,-42.891,30.762,0.000,0.000,-0.088,-0.088,0.176,0.000,0.000,0.439,0.176,0.000,0.000,0.000,0.000,0.000,0.000,0.000,-42.955,30.587,0.000,0.000,0.000,0.000,0.000,0.000,0.000,0.000,0.000,0.006,3.2,11.30,32.0,0.000,0.000,0.000,0.006,0.000,0.000,0.000,0.000,0.006,0.000,0.000,0.000,0.000,0.006,0.000,0.000,0.006,0.000
130.2046,1302,0,move,-1,130.2046,130.2147,0,0.000,0.000,0.176,-0.264,-0.088,0.088,-0.264,-42.891,30.762,0.000,0.000,-0.088,-0.088,0.176,0.000,0.000,0.439,0.176,0.000,0.000,0.000,0.000,0.000,0.000,0.000,-42.955,30.587,0.000,0.000,0.000,0.000,0.000,0.000,0.000,0.000,0.000,0.006,3.2,11.30,32.0,0.000,0.000,0.000,0.006,0.000,0.000,0.000,0.000,0.006,0.000,0.000,0.000,0.000,0.006,0.000,0.000,0.006,0.000
130.3045,1303,0,move,-1,130.3045,130.3158,0,0.000,0.000,0.176,-0.264,-0.088,0.088,-0.264,-42.891,30.762,0.000,0.000,-0.088,-0.088,0.176,0.000,0.000,0.439,0.176,0.000,0.000,0.000,0.000,0.000,0.000,0.000,-42.955,30.587,0.000,0.000,0.000,0.000,0.000,0.000,0.000,0.000,0.000,0.006,3.2,11.30,32.0,0.000,0.000,0.000,0.006,0.000,0.000,0.006,0.000,0.006,0.000,0.000,0.000,0.000,0.006,0.000,0.000,0.006,0.006
130.4045,1304,0,move,-1,130.4045,130.4160,0,0.000,0.000,0.176,-0.264,-0.088,0.088,-0.264,-42.891,30.762,0.000,0.000,-0.088,-0.088,0.176,0.000,0.000,0.439,0.176,0.000,0.000,0.000,0.000,0.000,0.000,0.000,-42.955,30.587,0.000,0.000,0.000,0.000,0.000,0.000,0.000,0.000,0.000,0.006,3.2,11.30,32.0,0.000,0.000,0.000,0.006,0.000,0.000,0.006,0.000,0.000,0.000,0.000,0.000,0.000,0.006,0.000,0.000,0.006,0.000
130.5045,1305,0,move,-1,130.5045,130.5147,0,0.000,0.000,0.176,-0.264,-0.088,0.088,-0.264,-42.891,30.762,0.000,0.000,-0.088,-0.088,0.176,0.000,0.000,0.439,0.176,0.000,0.000,0.000,0.000,0.000,0.000,0.000,-42.955,30.587,0.000,0.000,0.000,0.000,0.000,0.000,0.000,0.000,0.000,0.006,3.2,11.30,32.0,0.000,0.000,0.000,0.006,0.000,0.000,0.006,0.000,0.000,0.000,0.000,0.000,0.000,0.006,0.000,0.000,0.006,0.000
130.6045,1306,0,move,-1,130.6045,130.6162,0,0.000,0.000,0.176,-0.264,-0.088,0.088,-0.264,-42.891,30.762,0.000,0.000,-0.088,-0.088,0.176,0.000,0.000,0.439,0.176,0.000,0.000,0.000,0.000,0.000,0.000,0.000,-42.955,30.587,0.000,0.000,0.000,0.000,0.000,0.000,0.000,0.000,0.000,0.006,3.2,11.30,32.0,0.000,0.000,0.000,0.006,0.000,0.000,0.006,0.000,0.006,0.000,0.000,0.000,0.000,0.006,0.000,0.000,0.006,0.000
130.7099,1307,0,move,-1,130.7099,130.7168,0,0.000,0.000,0.176,-0.264,-0.088,0.088,-0.264,-42.891,30.762,0.000,0.000,-0.088,-0.088,0.176,0.000,0.000,0.439,0.176,0.000,0.000,0.000,0.000,0.000,0.000,0.000,-42.955,30.587,0.000,0.000,0.000,0.000,0.000,0.000,0.000,0.000,0.000,0.006,3.2,11.30,33.0,0.000,0.000,0.000,0.000,0.000,0.000,0.006,0.000,0.000,0.000,0.000,0.000,0.000,0.006,0.000,0.000,0.006,0.000
130.8045,1308,0,move,-1,130.8045,130.8152,0,0.000,0.000,0.176,-0.264,-0.088,0.088,-0.264,-42.891,30.762,0.000,0.000,-0.088,-0.088,0.176,0.000,0.000,0.439,0.176,0.000,0.000,0.000,0.000,0.000,0.000,0.000,-42.955,30.587,0.000,0.000,0.000,0.000,0.000,0.000,0.000,0.000,0.000,0.006,3.2,11.30,33.0,0.000,0.000,0.000,0.000,0.000,0.000,0.006,0.000,0.000,0.000,0.000,0.000,0.000,0.006,0.000,0.000,0.006,0.000
130.9045,1309,0,move,-1,130.9045,130.9182,0,0.000,0.000,0.176,-0.264,-0.088,0.088,-0.264,-42.891,30.762,0.000,0.000,-0.088,-0.088,0.176,0.000,0.000,0.439,0.176,0.000,0.000,0.000,0.000,0.000,0.000,0.000,-42.955,30.587,0.000,0.000,0.000,0.000,0.000,0.000,0.000,0.000,0.000,0.006,3.2,11.30,32.0,0.000,0.000,0.000,0.006,0.000,0.000,0.006,0.000,0.006,0.000,0.000,0.000,0.000,0.006,0.000,0.000,0.006,0.000
131.0045,1310,0,move,-1,131.0045,131.0146,0,0.000,0.000,0.176,-0.264,-0.088,0.088,-0.264,-42.891,30.762,0.000,0.000,-0.088,-0.088,0.176,0.000,0.000,0.439,0.176,0.000,0.000,0.000,0.000,0.000,0.000,0.000,-42.955,30.587,0.000,0.000,0.000,0.000,0.000,0.000,0.000,0.000,0.000,0.006,3.2,11.30,32.0,0.000,0.000,0.000,0.006,0.000,0.000,0.006,0.000,0.006,0.000,0.000,0.000,0.000,0.006,0.000,0.000,0.006,0.000
131.1043,1311,0,move,-1,131.1043,131.1106,0,0.000,0.000,0.176,-0.264,-0.088,0.088,-0.264,-42.891,30.762,0.000,0.000,-0.088,-0.088,0.176,0.000,0.000,0.439,0.176,0.000,0.000,0.000,0.000,0.000,0.000,0.000,-42.955,30.587,0.000,0.000,0.000,0.000,0.000,0.000,0.000,0.000,0.000,0.006,3.2,11.30,33.0,0.000,0.000,0.000,0.000,0.000,0.000,0.006,0.000,0.000,0.000,0.000,0.000,0.000,0.006,0.000,0.000,0.006,0.006
131.2089,1312,0,move,-1,131.2089,131.2348,0,0.000,0.000,0.176,-0.264,-0.088,0.088,-0.264,-42.891,30.762,0.000,0.000,-0.088,-0.088,0.176,0.000,0.000,0.439,0.176,0.000,0.000,0.000,0.000,0.000,0.000,0.000,-42.955,30.587,0.000,0.000,0.000,0.000,0.000,0.000,0.000,0.000,0.000,0.006,3.2,11.20,33.0,0.000,0.000,0.000,0.000,0.000,0.000,0.006,0.000,0.000,0.000,0.000,0.000,0.000,0.006,0.000,0.000,0.006,0.000
131.3045,1313,0,move,-1,131.3045,131.3157,0,0.000,0.000,0.176,-0.264,-0.088,0.088,-0.264,-42.891,30.762,0.000,0.000,-0.088,-0.088,0.176,0.000,0.000,0.439,0.176,0.000,0.000,0.000,0.000,0.000,0.000,0.000,-42.955,30.587,0.000,0.000,0.000,0.000,0.000,0.000,0.000,0.000,0.000,0.006,3.2,11.20,33.0,0.000,0.000,0.000,0.000,0.000,0.000,0.006,0.000,0.000,0.000,0.000,0.000,0.000,0.006,0.000,0.000,0.006,0.000
131.4045,1314,0,move,-1,131.4045,131.4164,0,0.000,0.000,0.176,-0.264,-0.088,0.088,-0.264,-42.891,30.762,0.000,0.000,-0.088,-0.088,0.176,0.000,0.000,0.439,0.176,0.000,0.000,0.000,0.000,0.000,0.000,0.000,-42.955,30.587,0.000,0.000,0.000,0.000,0.000,0.000,0.000,0.000,0.000,0.006,3.2,11.30,32.0,0.000,0.000,0.000,0.006,0.000,0.000,0.006,0.000,0.000,0.000,0.000,0.000,0.000,0.006,0.000,0.000,0.006,0.000
131.5045,1315,0,move,-1,131.5045,131.5146,0,0.000,0.000,0.176,-0.264,-0.088,0.088,-0.264,-42.891,30.762,0.000,0.000,-0.088,-0.088,0.176,0.000,0.000,0.439,0.176,0.000,0.000,0.000,0.000,0.000,0.000,0.000,-42.955,30.587,0.000,0.000,0.000,0.000,0.000,0.000,0.000,0.000,0.000,0.006,3.2,11.30,32.0,0.000,0.000,0.000,0.006,0.000,0.000,0.006,0.000,0.000,0.000,0.000,0.000,0.000,0.006,0.000,0.000,0.006,0.000
131.6045,1316,0,move,-1,131.6045,131.6159,0,0.000,0.000,0.176,-0.264,-0.088,0.088,-0.264,-42.891,30.762,0.000,0.000,-0.088,-0.088,0.176,0.000,0.000,0.439,0.176,0.000,0.000,0.000,0.000,0.000,0.000,0.000,-42.955,30.587,0.000,0.000,0.000,0.000,0.000,0.000,0.000,0.000,0.000,0.013,4.8,11.30,32.0,0.000,0.000,0.000,0.006,0.000,0.000,0.006,0.000,0.000,0.000,0.000,0.000,0.000,0.006,0.000,0.000,0.013,0.006
131.7043,1317,0,move,-1,131.7043,131.7145,0,0.000,0.000,0.176,-0.264,-0.088,0.088,-0.264,-42.891,30.762,0.000,0.000,-0.088,-0.088,0.176,0.000,0.000,0.439,0.176,0.000,0.000,0.000,0.000,0.000,0.000,0.000,-42.955,30.587,0.000,0.000,0.000,0.000,0.000,0.000,0.000,0.000,0.000,0.013,4.8,11.30,32.0,0.000,0.000,0.000,0.006,0.000,0.000,0.006,0.000,0.000,0.000,0.000,0.000,0.000,0.006,0.000,0.000,0.013,0.006
131.8043,1318,0,move,-1,131.8043,131.8151,0,0.000,0.000,0.176,-0.264,-0.088,0.088,-0.264,-42.891,30.762,0.000,0.000,-0.088,-0.088,0.176,0.000,0.000,0.439,0.176,0.000,0.000,0.000,0.000,0.000,0.000,0.000,-42.955,30.587,0.000,0.000,0.000,0.000,0.000,0.000,0.000,0.000,0.000,0.006,3.2,11.30,32.0,0.000,0.000,0.000,0.006,0.000,0.000,0.006,0.000,0.006,0.000,0.000,0.000,0.000,0.006,0.000,0.000,0.006,0.000
131.9045,1319,0,move,-1,131.9045,131.9143,0,0.000,0.000,0.176,-0.264,-0.088,0.088,-0.264,-42.891,30.762,0.000,0.000,-0.088,-0.088,0.176,0.000,0.000,0.439,0.176,0.000,0.000,0.000,0.000,0.000,0.000,0.000,-42.955,30.587,0.000,0.000,0.000,0.000,0.000,0.000,0.000,0.000,0.000,0.006,3.2,11.30,32.0,0.000,0.000,0.000,0.006,0.000,0.000,0.006,0.000,0.006,0.000,0.000,0.000,0.000,0.006,0.000,0.000,0.006,0.000
132.0045,1320,0,move,-1,132.0045,132.0152,0,0.000,0.000,0.176,-0.264,-0.088,0.088,-0.264,-42.891,30.762,0.000,0.000,-0.088,-0.088,0.176,0.000,0.000,0.439,0.176,0.000,0.000,0.000,0.000,0.000,0.000,0.000,-43.059,30.640,0.000,0.000,0.000,0.000,0.000,0.000,0.000,0.000,0.000,0.013,4.8,11.30,32.0,0.000,0.000,0.000,0.006,0.000,0.000,0.000,0.000,0.006,0.000,0.000,0.000,0.000,0.006,0.000,0.000,0.013,0.006
132.1045,1321,0,move,-1,132.1045,132.1144,0,0.000,0.000,0.176,-0.264,-0.088,0.088,-0.264,-42.891,30.762,0.000,0.000,-0.088,-0.088,0.176,0.000,0.000,0.439,0.176,0.000,0.000,0.000,0.000,0.000,0.000,0.000,-43.362,30.795,0.000,0.000,0.000,0.000,0.000,0.000,0.000,0.000,0.000,0.013,4.8,11.30,32.0,0.000,0.000,0.000,0.006,0.000,0.000,0.000,0.000,0.006,0.000,0.000,0.000,0.000,0.006,0.000,0.000,0.013,0.006
132.2043,1322,0,move,-1,132.2043,132.2179,0,0.000,0.000,0.176,-0.264,-0.088,0.088,-0.264,-43.242,30.762,0.000,0.000,-0.088,-0.088,0.176,0.000,0.000,0.439,0.176,0.000,0.000,0.000,0.000,0.000,0.000,0.000,-43.833,31.033,0.000,0.000,0.000,0.000,0.000,0.000,0.000,0.000,0.000,0.006,3.2,11.30,33.0,0.000,0.000,0.000,0.000,0.000,0.000,0.006,0.000,0.000,0.000,0.000,0.000,0.000,0.006,0.000,0.000,0.006,0.000
132.3045,1323,0,move,-1,132.3045,132.3144,0,0.000,0.000,0.176,-0.264,-0.088,0.088,-0.264,-43.594,30.762,0.000,0.000,-0.088,-0.088,0.176,0.000,0.000,0.439,0.176,0.000,0.000,0.000,0.000,0.000,0.000,0.000,-44.421,31.329,0.000,0.000,0.000,0.000,0.000,0.000,0.000,0.000,0.000,0.006,3.2,11.30,33.0,0.000,0.000,0.000,0.000,0.000,0.000,0.006,0.000,0.000,0.000,0.000,0.000,0.000,0.006,0.000,0.000,0.006,0.000
132.4045,1324,0,move,-1,132.4045,132.4184,0,0.000,0.000,0.176,-0.264,-0.088,0.088,-0.264,-44.033,31.025,0.000,0.000,-0.088,-0.088,0.176,0.000,0.000,0.439,0.176,0.000,0.000,0.000,0.000,0.000,0.000,0.000,-45.069,31.653,0.000,0.000,0.000,0.000,0.000,0.000,0.000,0.000,0.000,0.013,4.4,11.20,31.0,0.000,0.000,0.000,0.006,0.000,0.000,0.006,0.013,0.000,0.000,0.000,0.000,0.000,0.006,0.000,0.000,0.006,0.000
132.5045,1325,0,move,-1,132.5045,132.5149,0,0.000,0.000,0.176,-0.264,-0.088,0.088,-0.264,-44.209,31.113,0.000,0.000,-0.088,-0.088,0.176,0.000,0.000,0.439,0.176,0.000,0.000,0.000,0.000,0.000,0.000,0.000,-45.712,31.972,0.000,0.000,0.000,0.000,0.000,0.000,0.000,0.000,0.000,0.013,4.4,11.20,31.0,0.000,0.000,0.000,0.006,0.000,0.000,0.006,0.013,0.000,0.000,0.000,0.000,0.000,0.006,0.000,0.000,0.006,0.000
132.6045,1326,0,move,-1,132.6045,132.6156,0,0.000,0.000,0.176,-0.264,-0.088,0.088,-0.264,-45.088,31.729,0.000,0.000,-0.088,-0.088,0.176,0.000,0.000,0.439,0.176,0.000,0.000,0.000,0.000,0.000,0.000,0.000,-46.288,32.255,0.000,0.000,0.000,0.000,0.000,0.000,0.000,0.000,0.000,0.006,3.2,11.30,33.0,0.000,0.000,0.000,0.000,0.000,0.000,0.006,0.006,0.006,0.000,0.000,0.000,0.000,0.006,0.000,0.000,0.006,0.006
132.7045,1327,0,move,-1,132.7045,132.7108,0,0.000,0.000,0.176,-0.264,-0.088,0.088,-0.264,-45.615,31.992,0.000,0.000,-0.088,-0.088,0.176,0.000,0.000,0.439,0.176,0.000,0.000,0.000,0.000,0.000,0.000,0.000,-46.742,32.477,0.000,0.000,0.000,0.000,0.000,0.000,0.000,0.000,0.000,0.006,3.2,11.30,33.0,0.000,0.000,0.000,0.000,0.000,0.000,0.006,0.006,0.006,0.000,0.000,0.000,0.000,0.006,0.000,0.000,0.006,0.006
132.8045,1328,0,move,-1,132.8045,132.8175,0,0.000,0.000,0.176,-0.264,-0.088,0.088,-0.264,-46.318,32.344,0.000,0.000,-0.088,-0.088,0.176,0.000,0.000,0.439,0.176,0.000,0.000,0.000,0.000,0.000,0.000,0.000,-47.033,32.619,0.000,0.000,0.000,0.000,0.000,0.000,0.000,0.000,0.000,0.026,6.4,11.20,31.0,0.000,0.000,0.000,0.000,0.000,0.000,0.006,0.026,0.006,0.000,0.000,0.000,0.000,0.006,0.000,0.000,0.006,0.000
132.9045,1329,0,move,-1,132.9045,132.9173,0,0.000,0.000,0.176,-0.264,-0.088,0.088,-0.264,-46.406,32.344,0.000,0.000,-0.088,-0.088,0.176,0.000,0.000,0.439,0.176,0.000,0.000,0.000,0.000,0.000,0.000,0.000,-47.133,32.667,0.000,0.000,0.000,0.000,0.000,0.000,0.000,0.000,0.000,0.026,6.4,11.20,31.0,0.000,0.000,0.000,0.000,0.000,0.000,0.006,0.026,0.006,0.000,0.000,0.000,0.000,0.006,0.000,0.000,0.006,0.000
133.0043,1330,0,move,-1,133.0043,133.0149,0,0.000,0.000,0.176,-0.264,-0.088,0.088,-0.264,-46.758,32.344,0.000,0.000,-0.088,-0.088,0.176,0.000,0.000,0.439,0.176,0.000,0.000,0.000,0.000,0.000,0.000,0.000,-47.133,32.667,0.000,0.000,0.000,0.000,0.000,0.000,0.000,0.000,0.000,0.019,5.2,11.20,31.0,0.000,0.000,0.000,0.000,0.000,0.000,0.000,0.019,0.006,0.000,0.000,0.000,0.000,0.000,0.000,0.000,0.006,0.000
133.1045,1331,0,move,-1,133.1045,133.1146,0,0.000,0.000,0.176,-0.264,-0.088,0.088,-0.264,-46.758,32.344,0.000,0.000,-0.088,-0.088,0.176,0.000,0.000,0.439,0.176,0.000,0.000,0.000,0.000,0.000,0.000,0.000,-47.133,32.667,0.000,0.000,0.000,0.000,0.000,0.000,0.000,0.000,0.000,0.019,5.2,11.20,31.0,0.000,0.000,0.000,0.000,0.000,0.000,0.000,0.019,0.006,0.000,0.000,0.000,0.000,0.000,0.000,0.000,0.006,0.000
133.2061,1332,0,move,-1,133.2061,133.2310,0,0.000,0.000,0.176,-0.264,-0.088,0.088,-0.264,-46.758,32.344,0.000,0.000,-0.088,-0.088,0.176,0.000,0.000,0.439,0.176,0.000,0.000,0.000,0.000,0.000,0.000,0.000,-47.133,32.667,0.000,0.000,0.000,0.000,0.000,0.000,0.000,0.000,0.000,0.013,4.0,11.20,31.0,,0.000,0.006,0.000,0.000,0.000,0.006,0.013,0.000,0.000,0.000,0.000,0.000,0.006,0.000,0.000,0.006,0.006
133.3045,1333,0,move,-1,133.3045,133.3163,0,0.000,0.000,0.176,-0.264,-0.088,0.088,-0.264,-46.758,32.344,0.000,0.000,-0.088,-0.088,0.176,0.000,0.000,0.439,0.176,0.000,0.000,0.000,0.000,0.000,0.000,0.000,-47.133,32.667,0.000,0.000,0.000,0.000,0.000,0.000,0.000,0.000,0.000,0.013,4.0,11.20,31.0,,0.000,0.006,0.000,0.000,0.000,0.006,0.013,0.000,0.000,0.000,0.000,0.000,0.006,0.000,0.000,0.006,0.006
133.4046,1334,0,move,-1,133.4046,133.4149,0,0.000,0.000,0.176,-0.264,-0.088,0.088,-0.264,-46.758,32.344,0.000,0.000,-0.088,-0.088,0.176,0.000,0.000,0.439,0.176,0.000,0.000,0.000,0.000,0.000,0.000,0.000,-47.133,32.667,0.000,0.000,0.000,0.000,0.000,0.000,0.000,0.000,0.000,0.013,4.0,11.20,31.0,0.000,0.000,0.006,0.006,0.000,0.000,0.000,0.013,0.006,0.000,0.000,0.000,0.000,0.006,0.000,0.000,0.006,0.006
133.5045,1335,0,move,-1,133.5045,133.5173,0,0.000,0.000,0.176,-0.264,-0.088,0.088,-0.264,-46.758,32.344,0.000,0.000,-0.088,-0.088,0.176,0.000,0.000,0.439,0.176,0.000,0.000,0.000,0.000,0.000,0.000,0.000,-47.133,32.667,0.000,0.000,0.000,0.000,0.000,0.000,0.000,0.000,0.000,0.013,4.0,11.20,31.0,0.000,0.000,0.006,0.006,0.000,0.000,0.006,0.013,0.006,0.000,0.000,0.000,0.000,0.006,0.000,0.000,0.006,0.000
133.6045,1336,0,move,-1,133.6045,133.6170,0,0.000,0.000,0.176,-0.264,-0.088,0.088,-0.264,-46.758,32.344,0.000,0.000,-0.088,-0.088,0.176,0.000,0.000,0.439,0.176,0.000,0.000,0.000,0.000,0.000,0.000,0.000,-47.133,32.667,0.000,0.000,0.000,0.000,0.000,0.000,0.000,0.000,0.000,0.013,4.0,11.20,31.0,0.000,0.000,0.006,0.006,0.000,0.000,0.006,0.013,0.006,0.000,0.000,0.000,0.000,0.006,0.000,0.000,0.006,0.000
133.7045,1337,0,move,-1,133.7045,133.7154,0,0.000,0.000,0.176,-0.264,-0.088,0.088,-0.264,-46.758,32.344,0.000,0.000,-0.088,-0.088,0.176,0.000,0.000,0.439,0.176,0.000,0.000,0.000,0.000,0.000,0.000,0.000,-47.133,32.667,0.000,0.000,0.000,0.000,0.000,0.000,0.000,0.000,0.000,0.013,4.0,11.20,31.0,0.000,0.000,0.000,0.000,0.000,0.000,0.000,0.013,0.006,0.000,0.000,0.000,0.000,0.006,0.000,0.000,0.006,0.000
133.8045,1338,0,move,-1,133.8045,133.8155,0,0.000,0.000,0.176,-0.264,-0.088,0.088,-0.264,-46.758,32.344,0.000,0.000,-0.088,-0.088,0.176,0.000,0.000,0.439,0.176,0.000,0.000,0.000,0.000,0.000,0.000,0.000,-47.133,32.667,0.000,0.000,0.000,0.000,0.000,0.000,0.000,0.000,0.000,0.013,4.0,11.20,31.0,0.000,0.000,0.000,0.000,0.000,0.000,0.000,0.013,0.006,0.000,0.000,0.000,0.000,0.006,0.000,0.000,0.006,0.000
133.9045,1339,0,move,-1,133.9045,133.9168,0,0.000,0.000,0.176,-0.264,-0.088,0.088,-0.264,-46.758,32.344,0.000,0.000,-0.088,-0.088,0.176,0.000,0.000,0.439,0.176,0.000,0.000,0.000,0.000,0.000,0.000,0.000,-47.133,32.667,0.000,0.000,0.000,0.000,0.000,0.000,0.000,0.000,0.000,0.013,4.0,11.20,31.0,0.000,0.000,0.006,0.000,0.000,0.000,0.006,0.013,0.000,0.000,0.000,0.000,0.000,0.006,0.000,0.000,0.006,0.000
134.0045,1340,0,move,-1,134.0045,134.0151,0,0.000,0.000,0.176,-0.264,-0.088,0.088,-0.264,-46.758,32.344,0.000,0.000,-0.088,-0.088,0.176,0.000,0.000,0.439,0.176,0.000,0.000,0.000,0.000,0.000,0.000,0.000,-47.133,32.667,0.000,0.000,0.000,0.000,0.000,0.000,0.000,0.000,0.000,0.013,4.0,11.20,31.0,0.000,0.000,0.006,0.000,0.000,0.000,0.006,0.013,0.000,0.000,0.000,0.000,0.000,0.006,0.000,0.000,0.006,0.000
134.1043,1341,0,move,-1,134.1043,134.1164,0,0.000,0.000,0.176,-0.264,-0.088,0.088,-0.264,-46.758,32.344,0.000,0.000,-0.088,-0.088,0.176,0.000,0.000,0.439,0.176,0.000,0.000,0.000,0.000,0.000,0.000,0.000,-47.133,32.667,0.000,0.000,0.000,0.000,0.000,0.000,0.000,0.000,0.000,0.013,4.0,11.20,31.0,0.000,0.000,0.000,0.006,0.000,0.000,0.006,0.013,0.006,0.000,0.000,0.000,0.000,0.006,0.000,0.000,0.006,0.006
134.2045,1342,0,move,-1,134.2045,134.2164,0,0.000,0.000,0.176,-0.264,-0.088,0.088,-0.264,-46.758,32.344,0.000,0.000,-0.088,-0.088,0.176,0.000,0.000,0.439,0.176,0.000,0.000,0.000,0.000,0.000,0.000,0.000,-47.133,32.667,0.000,0.000,0.000,0.000,0.000,0.000,0.000,0.000,0.000,0.013,4.0,11.20,31.0,0.000,0.000,0.000,0.006,0.000,0.000,0.006,0.013,0.006,0.000,0.000,0.000,0.000,0.006,0.000,0.000,0.006,0.006
134.3043,1343,0,move,-1,134.3043,134.3138,0,0.000,0.000,0.176,-0.264,-0.088,0.088,-0.264,-46.758,32.344,0.000,0.000,-0.088,-0.088,0.176,0.000,0.000,0.439,0.176,0.000,0.000,0.000,0.000,0.000,0.000,0.000,-47.133,32.667,0.000,0.000,0.000,0.000,0.000,0.000,0.000,0.000,0.000,0.013,4.0,11.20,31.0,0.000,0.000,0.006,0.006,0.000,0.000,0.006,0.013,0.006,0.000,0.000,0.000,0.000,0.006,0.000,0.000,0.006,0.000
134.4045,1344,0,move,-1,134.4045,134.4160,0,0.000,0.000,0.176,-0.264,-0.088,0.088,-0.264,-46.758,32.344,0.000,0.000,-0.088,-0.088,0.176,0.000,0.000,0.439,0.176,0.000,0.000,0.000,0.000,0.000,0.000,0.000,-47.133,32.667,0.000,0.000,0.000,0.000,0.000,0.000,0.000,0.000,0.000,0.013,4.0,11.20,31.0,0.000,0.000,0.000,0.006,0.000,0.000,0.006,0.013,0.006,0.000,0.000,0.000,0.000,0.006,0.000,0.000,0.013,0.000
134.5045,1345,0,move,-1,134.5045,134.5181,0,0.000,0.000,0.176,-0.264,-0.088,0.088,-0.264,-46.758,32.344,0.000,0.000,-0.088,-0.088,0.176,0.000,0.000,0.439,0.176,0.000,0.000,0.000,0.000,0.000,0.000,0.000,-47.133,32.667,0.000,0.000,0.000,0.000,0.000,0.000,0.000,0.000,0.000,0.013,4.0,11.20,31.0,0.000,0.000,0.000,0.000,0.000,0.000,0.006,0.013,0.006,0.000,0.000,0.000,0.000,0.000,0.000,0.000,0.006,0.000
134.6045,1346,0,move,-1,134.6045,134.6152,0,0.000,0.000,0.176,-0.264,-0.088,0.088,-0.264,-46.758,32.344,0.000,0.000,-0.088,-0.088,0.176,0.000,0.000,0.439,0.176,0.000,0.000,0.000,0.000,0.000,0.000,0.000,-47.133,32.667,0.000,0.000,0.000,0.000,0.000,0.000,0.000,0.000,0.000,0.013,4.0,11.20,31.0,0.000,0.000,0.000,0.000,0.000,0.000,0.006,0.013,0.006,0.000,0.000,0.000,0.000,0.000,0.000,0.000,0.006,0.000
134.7045,1347,0,move,-1,134.7045,134.7161,0,0.000,0.000,0.176,-0.264,-0.088,0.088,-0.264,-46.758,32.344,0.000,0.000,-0.088,-0.088,0.176,0.000,0.000,0.439,0.176,0.000,0.000,0.000,0.000,0.000,0.000,0.000,-47.133,32.667,0.000,0.000,0.000,0.000,0.000,0.000,0.000,0.000,0.000,0.013,4.0,11.20,31.0,0.000,0.000,0.000,0.006,0.000,0.000,0.006,0.013,0.006,0.000,0.000,0.000,0.000,0.006,0.006,0.000,0.006,0.000
134.8043,1348,0,move,-1,134.8043,134.8144,0,0.000,0.000,0.176,-0.264,-0.088,0.088,-0.264,-46.758,32.344,0.000,0.000,-0.088,-0.088,0.176,0.000,0.000,0.439,0.176,0.000,0.000,0.000,0.000,0.000,0.000,0.000,-47.133,32.667,0.000,0.000,0.000,0.000,0.000,0.000,0.000,0.000,0.000,0.013,4.0,11.20,31.0,0.000,0.000,0.000,0.006,0.000,0.000,0.006,0.013,0.006,0.000,0.000,0.000,0.000,0.006,0.006,0.000,0.006,0.000
134.9045,1349,0,move,-1,134.9045,134.9155,0,0.000,0.000,0.176,-0.264,-0.088,0.088,-0.264,-46.758,32.344,0.000,0.000,-0.088,-0.088,0.176,0.000,0.000,0.439,0.176,0.000,0.000,0.000,0.000,0.000,0.000,0.000,-47.133,32.667,0.000,0.000,0.000,0.000,0.000,0.000,0.000,0.000,0.000,0.013,4.0,11.20,31.0,0.000,0.000,0.000,0.000,0.000,0.000,0.006,0.013,0.006,0.000,0.000,0.000,0.000,0.006,0.000,0.000,0.006,0.000
135.0045,1350,0,move,-1,135.0045,135.0180,0,0.000,0.000,0.176,-0.264,-0.088,0.088,-0.264,-46.758,32.344,0.000,0.000,-0.088,-0.088,0.176,0.000,0.000,0.439,0.176,0.000,0.000,0.000,0.000,0.000,0.000,0.000,-47.133,32.667,0.000,0.000,0.000,0.000,0.000,0.000,0.000,0.000,0.000,0.013,4.0,11.20,31.0,0.000,0.000,0.000,0.000,0.000,0.000,0.006,0.013,0.000,0.000,0.000,0.000,0.000,0.006,0.000,0.000,0.006,0.000
135.1043,1351,0,move,-1,135.1043,135.1126,0,0.000,0.000,0.176,-0.264,-0.088,0.088,-0.264,-46.758,32.344,0.000,0.000,-0.088,-0.088,0.176,0.000,0.000,0.439,0.176,0.000,0.000,0.000,0.000,0.000,0.000,0.000,-47.133,32.667,0.000,0.000,0.000,0.000,0.000,0.000,0.000,0.000,0.000,0.013,4.0,11.20,31.0,0.000,0.000,0.000,0.000,0.000,0.000,0.006,0.013,0.000,0.000,0.000,0.000,0.000,0.006,0.000,0.000,0.006,0.000
135.2045,1352,0,move,-1,135.2045,135.2159,0,0.000,0.000,0.176,-0.264,-0.088,0.088,-0.264,-46.758,32.344,0.000,0.000,-0.088,-0.088,0.176,0.000,0.000,0.439,0.176,0.000,0.000,0.000,0.000,0.000,0.000,0.000,-47.133,32.667,0.000,0.000,0.000,0.000,0.000,0.000,0.000,0.000,0.000,0.013,4.0,11.20,31.0,0.000,0.000,0.000,0.006,0.000,0.000,0.000,0.013,0.006,0.000,0.000,0.000,0.000,0.006,0.000,0.000,0.006,0.000
135.3045,1353,0,move,-1,135.3045,135.3186,0,0.000,0.000,0.176,-0.264,-0.088,0.088,-0.264,-46.758,32.344,0.000,0.000,-0.088,-0.088,0.176,0.000,0.000,0.439,0.176,0.000,0.000,0.000,0.000,0.000,0.000,0.000,-47.133,32.667,0.000,0.000,0.000,0.000,0.000,0.000,0.000,0.000,0.000,0.013,4.0,11.20,31.0,0.000,0.000,0.006,0.000,0.000,0.000,0.000,0.013,0.006,0.000,0.000,0.000,0.000,0.006,0.000,0.000,0.006,0.006
135.4043,1354,0,move,-1,135.4043,135.4145,0,0.000,0.000,0.176,-0.264,-0.088,0.088,-0.264,-46.758,32.344,0.000,0.000,-0.088,-0.088,0.176,0.000,0.000,0.439,0.176,0.000,0.000,0.000,0.000,0.000,0.000,0.000,-47.133,32.667,0.000,0.000,0.000,0.000,0.000,0.000,0.000,0.000,0.000,0.013,4.0,11.20,31.0,0.000,0.000,0.006,0.000,0.000,0.000,0.000,0.013,0.006,0.000,0.000,0.000,0.000,0.006,0.000,0.000,0.006,0.006
135.5045,1355,0,move,-1,135.5045,135.5161,0,0.000,0.000,0.176,-0.264,-0.088,0.088,-0.264,-46.758,32.344,0.000,0.000,-0.088,-0.088,0.176,0.000,0.000,0.439,0.176,0.000,0.000,0.000,0.000,0.000,0.000,0.000,-47.133,32.667,0.000,0.000,0.000,0.000,0.000,0.000,0.000,0.000,0.000,0.013,4.0,11.20,31.0,0.000,0.000,0.000,0.006,0.000,0.000,0.006,0.013,0.006,0.000,0.000,0.000,0.000,0.006,0.000,0.000,0.013,0.000
135.6043,1356,0,move,-1,135.6043,135.6148,0,0.000,0.000,0.176,-0.264,-0.088,0.088,-0.264,-46.758,32.344,0.000,0.000,-0.088,-0.088,0.176,0.000,0.000,0.439,0.176,0.000,0.000,0.000,0.000,0.000,0.000,0.000,-47.133,32.667,0.000,0.000,0.000,0.000,0.000,0.000,0.000,0.000,0.000,0.013,4.0,11.20,31.0,0.000,0.000,0.000,0.006,0.000,0.000,0.006,0.013,0.006,0.000,0.000,0.000,0.000,0.006,0.000,0.000,0.013,0.000
135.7043,1357,0,move,-1,135.7043,135.7152,0,0.000,0.000,0.176,-0.264,-0.088,0.088,-0.264,-46.758,32.344,0.000,0.000,-0.088,-0.088,0.176,0.000,0.000,0.439,0.176,0.000,0.000,0.000,0.000,0.000,0.000,0.000,-47.133,32.667,0.000,0.000,0.000,0.000,0.000,0.000,0.000,0.000,0.000,0.013,4.0,11.20,31.0,0.000,0.000,0.000,0.006,0.000,0.000,0.006,0.013,0.006,0.000,0.000,0.000,0.000,0.006,0.000,0.000,0.013,0.006
135.8045,1358,0,move,-1,135.8045,135.8148,0,0.000,0.000,0.176,-0.264,-0.088,0.088,-0.264,-46.758,32.344,0.000,0.000,-0.088,-0.088,0.176,0.000,0.000,0.439,0.176,0.000,0.000,0.000,0.000,0.000,0.000,0.000,-47.133,32.667,0.000,0.000,0.000,0.000,0.000,0.000,0.000,0.000,0.000,0.013,4.0,11.20,31.0,0.000,0.000,0.000,0.006,0.000,0.000,0.006,0.013,0.006,0.000,0.000,0.000,0.000,0.006,0.000,0.000,0.013,0.006
135.9045,1359,0,move,-1,135.9045,135.9160,0,0.000,0.000,0.176,-0.264,-0.088,0.088,-0.264,-46.758,32.344,0.000,0.000,-0.088,-0.088,0.176,0.000,0.000,0.439,0.176,0.000,0.000,0.000,0.000,0.000,0.000,0.000,-47.133,32.667,0.000,0.000,0.000,0.000,0.000,0.000,0.000,0.000,0.000,0.013,4.0,11.20,31.0,0.000,0.000,0.000,0.006,0.000,0.000,0.006,0.013,0.000,0.000,0.000,0.000,0.000,0.000,0.000,0.000,0.013,0.006
136.0045,1360,0,move,-1,136.0045,136.0146,0,0.000,0.000,0.176,-0.264,-0.088,0.088,-0.264,-46.758,32.344,0.000,0.000,-0.088,-0.088,0.176,0.000,0.000,0.439,0.176,0.000,0.000,0.000,0.000,0.000,0.000,0.000,-47.233,32.716,0.000,0.000,0.000,0.000,0.000,0.000,0.000,0.000,0.000,0.013,4.0,11.20,31.0,0.000,0.000,0.000,0.006,0.000,0.000,0.006,0.013,0.000,0.000,0.000,0.000,0.000,0.000,0.000,0.000,0.013,0.006
136.1045,1361,0,move,-1,136.1045,136.1150,0,0.000,0.000,0.176,-0.264,-0.088,0.088,-0.264,-46.758,32.344,0.000,0.000,-0.088,-0.088,0.176,0.000,0.000,0.439,0.176,0.000,0.000,0.000,0.000,0.000,0.000,0.000,-47.522,32.856,0.000,0.000,0.000,0.000,0.000,0.000,0.000,0.000,0.000,0.019,4.8,11.20,31.0,0.000,0.000,0.000,0.006,0.000,0.000,0.006,0.019,0.006,0.000,0.000,0.000,0.000,0.006,0.000,0.000,0.006,0.006
136.2046,1362,0,move,-1,136.2046,136.2161,0,0.000,0.000,0.176,-0.264,-0.088,0.088,-0.264,-47.109,32.607,0.000,0.000,-0.088,-0.088,0.176,0.000,0.000,0.439,0.176,0.000,0.000,0.000,0.000,0.000,0.000,0.000,-47.971,33.071,0.000,0.000,0.000,0.000,0.000,0.000,0.000,0.000,0.000,0.026,6.8,11.20,31.0,0.000,0.000,0.000,0.006,0.000,0.000,0.006,0.026,0.006,0.000,0.000,0.000,0.000,0.006,0.000,0.000,0.013,0.000
136.3045,1363,0,move,-1,136.3045,136.3155,0,0.000,0.000,0.176,-0.264,-0.088,0.088,-0.264,-47.549,32.783,0.000,0.000,-0.088,-0.088,0.176,0.000,0.000,0.439,0.176,0.000,0.000,0.000,0.000,0.000,0.000,0.000,-48.535,33.340,0.000,0.000,0.000,0.000,0.000,0.000,0.000,0.000,0.000,0.026,6.8,11.20,31.0,0.000,0.000,0.000,0.006,0.000,0.000,0.006,0.026,0.006,0.000,0.000,0.000,0.000,0.006,0.000,0.000,0.013,0.000
136.4045,1364,0,move,-1,136.4045,136.4163,0,0.000,0.000,0.176,-0.264,-0.088,0.088,-0.264,-47.988,33.135,0.000,0.000,-0.088,-0.088,0.176,0.000,0.000,0.439,0.176,0.000,0.000,0.000,0.000,0.000,0.000,0.000,-49.154,33.634,0.000,0.000,0.000,0.000,0.000,0.000,0.000,0.000,0.000,0.052,8.4,11.20,31.0,0.000,0.000,0.000,0.000,0.000,0.000,0.006,0.052,0.000,0.000,0.000,0.000,0.000,0.000,0.000,0.000,0.013,0.000
136.5045,1365,0,move,-1,136.5045,136.5145,0,0.000,0.000,0.176,-0.264,-0.088,0.088,-0.264,-48.604,33.311,0.000,0.000,-0.088,-0.088,0.176,0.000,0.000,0.439,0.176,0.000,0.000,0.000,0.000,0.000,0.000,0.000,-49.772,33.924,0.000,0.000,0.000,0.000,0.000,0.000,0.000,0.000,0.000,0.052,8.4,11.20,31.0,0.000,0.000,0.000,0.000,0.000,0.000,0.006,0.052,0.000,0.000,0.000,0.000,0.000,0.000,0.000,0.000,0.013,0.000
136.6045,1366,0,move,-1,136.6045,136.6161,0,0.000,0.000,0.176,-0.264,-0.088,0.088,-0.264,-49.131,33.750,0.000,0.000,-0.088,-0.088,0.176,0.000,0.000,0.439,0.176,0.000,0.000,0.000,0.000,0.000,0.000,0.000,-50.327,34.182,0.000,0.000,0.000,0.000,0.000,0.000,0.000,0.000,0.000,0.026,6.4,11.20,31.0,0.000,0.000,0.000,0.006,0.000,0.000,0.000,0.026,0.006,0.000,0.000,0.000,0.000,0.006,0.000,0.000,0.006,0.000
136.7067,1367,0,move,-1,136.7067,136.7188,0,0.000,0.000,0.176,-0.264,-0.088,0.088,-0.264,-49.746,33.838,0.000,0.000,-0.088,-0.088,0.176,0.000,0.000,0.439,0.176,0.000,0.000,0.000,0.000,0.000,0.000,0.000,-50.765,34.384,0.000,0.000,0.000,0.000,0.000,0.000,0.000,0.000,0.000,0.019,6.4,11.20,31.0,0.000,0.000,0.000,0.006,0.000,0.000,0.000,0.019,0.006,0.000,0.000,0.000,0.000,0.006,0.000,0.000,0.006,0.006
136.8045,1368,0,move,-1,136.8045,136.8173,0,0.000,0.000,0.176,-0.264,-0.088,0.088,-0.264,-50.273,34.014,0.000,0.000,-0.088,-0.088,0.176,0.000,0.000,0.439,0.176,0.000,0.000,0.000,0.000,0.000,0.000,0.000,-51.045,34.512,0.000,0.000,0.000,0.000,0.000,0.000,0.000,0.000,0.000,0.019,6.4,11.20,31.0,0.000,0.000,0.000,0.006,0.000,0.000,0.000,0.019,0.006,0.000,0.000,0.000,0.000,0.006,0.000,0.000,0.006,0.006
136.9045,1369,0,move,-1,136.9045,136.9161,0,0.000,0.000,0.176,-0.264,-0.088,0.088,-0.264,-50.537,34.277,0.000,0.000,-0.088,-0.088,0.176,0.000,0.000,0.439,0.176,0.000,0.000,0.000,0.000,0.000,0.000,0.000,-51.141,34.556,0.000,0.000,0.000,0.000,0.000,0.000,0.000,0.000,0.000,0.019,5.6,11.20,31.0,0.000,0.000,0.006,0.006,0.000,0.000,0.000,0.019,0.006,0.000,0.000,0.000,0.000,0.006,0.000,0.000,0.006,0.000
137.0045,1370,0,move,-1,137.0045,137.0146,0,0.000,0.000,0.176,-0.264,-0.088,0.088,-0.264,-50.713,34.277,0.000,0.000,-0.088,-0.088,0.176,0.000,0.000,0.439,0.176,0.000,0.000,0.000,0.000,0.000,0.000,0.000,-51.141,34.556,0.000,0.000,0.000,0.000,0.000,0.000,0.000,0.000,0.000,0.019,5.6,11.20,31.0,0.000,0.000,0.006,0.006,0.000,0.000,0.000,0.019,0.006,0.000,0.000,0.000,0.000,0.006,0.000,0.000,0.006,0.000
137.1045,1371,0,move,-1,137.1045,137.1159,0,0.000,0.000,0.176,-0.264,-0.088,0.088,-0.264,-50.713,34.277,0.000,0.000,-0.088,-0.088,0.176,0.000,0.000,0.439,0.176,0.000,0.000,0.000,0.000,0.000,0.000,0.000,-51.141,34.556,0.000,0.000,0.000,0.000,0.000,0.000,0.000,0.000,0.000,0.019,4.8,11.20,31.0,0.000,0.000,0.000,0.006,0.000,0.006,0.006,0.019,0.006,0.000,0.000,0.000,0.000,0.006,0.000,0.000,0.006,0.000
137.2045,1372,0,move,-1,137.2045,137.2229,0,0.000,0.000,0.176,-0.264,-0.088,0.088,-0.264,-50.713,34.277,0.000,0.000,-0.088,-0.088,0.176,0.000,0.000,0.439,0.176,0.000,0.000,0.000,0.000,0.000,0.000,0.000,-51.141,34.556,0.000,0.000,0.000,0.000,0.000,0.000,0.000,0.000,0.000,0.019,4.8,11.20,31.0,0.000,0.000,0.006,0.006,0.000,0.000,0.006,0.019,0.000,0.000,0.000,0.000,0.000,0.000,0.000,0.000,0.006,0.000
137.3045,1373,0,move,-1,137.3045,137.3158,0,0.000,0.000,0.176,-0.264,-0.088,0.088,-0.264,-50.713,34.277,0.000,0.000,-0.088,-0.088,0.176,0.000,0.000,0.439,0.176,0.000,0.000,0.000,0.000,0.000,0.000,0.000,-51.141,34.556,0.000,0.000,0.000,0.000,0.000,0.000,0.000,0.000,0.000,0.019,4.8,11.20,31.0,0.000,0.000,0.006,0.006,0.000,0.000,0.006,0.019,0.000,0.000,0.000,0.000,0.000,0.000,0.000,0.000,0.006,0.000
137.4045,1374,0,move,-1,137.4045,137.4161,0,0.000,0.000,0.176,-0.264,-0.088,0.088,-0.264,-50.713,34.365,0.000,0.000,-0.088,-0.088,0.176,0.000,0.000,0.439,0.176,0.000,0.000,0.000,0.000,0.000,0.000,0.000,-51.141,34.556,0.000,0.000,0.000,0.000,0.000,0.000,0.000,0.000,0.000,0.019,4.8,11.20,31.0,0.000,0.000,0.000,0.006,0.000,0.000,0.006,0.019,0.000,0.000,0.000,0.000,0.000,0.006,0.000,0.000,0.006,0.000
137.5045,1375,0,move,-1,137.5045,137.5154,0,0.000,0.000,0.176,-0.264,-0.088,0.088,-0.264,-50.801,34.365,0.000,0.000,-0.088,-0.088,0.176,0.000,0.000,0.439,0.176,0.000,0.000,0.000,0.000,0.000,0.000,0.000,-51.141,34.556,0.000,0.000,0.000,0.000,0.000,0.000,0.000,0.000,0.000,0.019,4.8,11.20,31.0,0.000,0.000,0.000,0.006,0.000,0.000,0.006,0.019,0.000,0.000,0.000,0.000,0.000,0.006,0.000,0.000,0.006,0.000
137.6045,1376,0,move,-1,137.6045,137.6154,0,0.000,0.000,0.176,-0.264,-0.088,0.088,-0.264,-50.801,34.365,0.000,0.000,-0.088,-0.088,0.176,0.000,0.000,0.439,0.176,0.000,0.000,0.000,0.000,0.000,0.000,0.000,-51.141,34.556,0.000,0.000,0.000,0.000,0.000,0.000,0.000,0.000,0.000,0.013,4.0,11.20,31.0,0.000,0.000,0.006,0.006,0.000,0.000,0.006,0.013,0.000,0.000,0.000,0.000,0.000,0.006,0.000,0.000,0.006,0.000
137.7045,1377,0,move,-1,137.7045,137.7171,0,0.000,0.000,0.176,-0.264,-0.088,0.088,-0.264,-50.801,34.365,0.000,0.000,-0.088,-0.088,0.176,0.000,0.000,0.439,0.176,0.000,0.000,0.000,0.000,0.000,0.000,0.000,-51.141,34.556,0.000,0.000,0.000,0.000,0.000,0.000,0.000,0.000,0.000,0.019,4.0,11.20,31.0,0.000,0.000,0.000,0.006,0.000,0.000,0.000,0.019,0.000,0.000,0.000,0.000,0.000,0.006,0.000,0.000,0.013,0.000
137.8045,1378,0,move,-1,137.8045,137.8153,0,0.000,0.000,0.176,-0.264,-0.088,0.088,-0.264,-50.801,34.365,0.000,0.000,-0.088,-0.088,0.176,0.000,0.000,0.439,0.176,0.000,0.000,0.000,0.000,0.000,0.000,0.000,-51.141,34.556,0.000,0.000,0.000,0.000,0.000,0.000,0.000,0.000,0.000,0.019,4.0,11.20,31.0,0.000,0.000,0.000,0.006,0.000,0.000,0.000,0.019,0.000,0.000,0.000,0.000,0.000,0.006,0.000,0.000,0.013,0.000
137.9055,1379,0,move,-1,137.9055,137.9399,0,0.000,0.000,0.176,-0.264,-0.088,0.088,-0.264,-50.801,34.365,0.000,0.000,-0.088,-0.088,0.176,0.000,0.000,0.439,0.176,0.000,0.000,0.000,0.000,0.000,0.000,0.000,-51.141,34.556,0.000,0.000,0.000,0.000,0.000,0.000,0.000,0.000,0.000,0.013,4.0,11.20,31.0,0.000,0.000,0.006,0.006,0.000,0.000,0.006,0.013,0.000,0.000,0.000,0.000,0.000,0.000,0.000,0.000,0.006,0.006
138.0045,1380,0,move,-1,138.0045,138.0154,0,0.000,0.000,0.176,-0.264,-0.088,0.088,-0.264,-50.801,34.365,0.000,0.000,-0.088,-0.088,0.176,0.000,0.000,0.439,0.176,0.000,0.000,0.000,0.000,0.000,0.000,0.000,-51.141,34.556,0.000,0.000,0.000,0.000,0.000,0.000,0.000,0.000,0.000,0.013,4.0,11.20,31.0,0.000,0.000,0.006,0.006,0.000,0.000,0.006,0.013,0.000,0.000,0.000,0.000,0.000,0.000,0.000,0.000,0.006,0.006
138.1043,1381,0,move,-1,138.1043,138.1106,0,0.000,0.000,0.176,-0.264,-0.088,0.088,-0.264,-50.801,34.365,0.000,0.000,-0.088,-0.088,0.176,0.000,0.000,0.439,0.176,0.000,0.000,0.000,0.000,0.000,0.000,0.000,-51.141,34.556,0.000,0.000,0.000,0.000,0.000,0.000,0.000,0.000,0.000,0.019,4.0,11.20,31.0,0.000,0.000,0.006,0.006,0.000,0.000,0.006,0.019,0.000,0.000,0.000,0.000,0.000,0.000,0.000,0.000,0.006,0.000
138.2045,1382,0,move,-1,138.2045,138.2169,0,0.000,0.000,0.176,-0.264,-0.088,0.088,-0.264,-50.801,34.365,0.000,0.000,-0.088,-0.088,0.176,0.000,0.000,0.439,0.176,0.000,0.000,0.000,0.000,0.000,0.000,0.000,-51.141,34.556,0.000,0.000,0.000,0.000,0.000,0.000,0.000,0.000,0.000,0.013,4.0,11.20,31.0,0.000,0.000,0.000,0.006,0.000,0.000,0.006,0.013,0.000,0.000,0.000,0.000,0.000,0.006,0.000,0.000,0.006,0.006
138.3045,1383,0,move,-1,138.3045,138.3146,0,0.000,0.000,0.176,-0.264,-0.088,0.088,-0.264,-50.801,34.365,0.000,0.000,-0.088,-0.088,0.176,0.000,0.000,0.439,0.176,0.000,0.000,0.000,0.000,0.000,0.000,0.000,-51.141,34.556,0.000,0.000,0.000,0.000,0.000,0.000,0.000,0.000,0.000,0.013,4.0,11.20,31.0,0.000,0.000,0.000,0.006,0.000,0.000,0.006,0.013,0.000,0.000,0.000,0.000,0.000,0.006,0.000,0.000,0.006,0.006
138.4045,1384,0,move,-1,138.4045,138.4214,0,0.000,0.000,0.176,-0.264,-0.088,0.088,-0.264,-50.801,34.365,0.000,0.000,-0.088,-0.088,0.176,0.000,0.000,0.439,0.176,0.000,0.000,0.000,0.000,0.000,0.000,0.000,-51.141,34.556,0.000,0.000,0.000,0.000,0.000,0.000,0.000,0.000,0.000,0.013,4.0,11.20,31.0,0.000,0.000,0.000,0.006,0.000,0.000,0.006,0.013,0.000,0.000,0.000,0.000,0.000,0.006,0.000,0.000,0.013,0.000
138.5045,1385,0,move,-1,138.5045,138.5178,0,0.000,0.000,0.176,-0.264,-0.088,0.088,-0.264,-50.801,34.365,0.000,0.000,-0.088,-0.088,0.176,0.000,0.000,0.439,0.176,0.000,0.000,0.000,0.000,0.000,0.000,0.000,-51.141,34.556,0.000,0.000,0.000,0.000,0.000,0.000,0.000,0.000,0.000,0.013,4.0,11.20,31.0,0.000,0.000,0.000,0.006,0.000,0.000,0.006,0.013,0.000,0.000,0.000,0.000,0.000,0.006,0.000,0.000,0.013,0.000
138.6045,1386,0,move,-1,138.6045,138.6151,0,0.000,0.000,0.176,-0.264,-0.088,0.088,-0.264,-50.801,34.365,0.000,0.000,-0.088,-0.088,0.176,0.000,0.000,0.439,0.176,0.000,0.000,0.000,0.000,0.000,0.000,0.000,-51.141,34.556,0.000,0.000,0.000,0.000,0.000,0.000,0.000,0.000,0.000,0.013,4.0,11.20,31.0,0.000,0.000,0.006,0.006,0.000,0.000,0.000,0.013,0.000,0.000,0.000,0.000,0.000,0.006,0.000,0.000,0.013,0.000
138.7045,1387,0,move,-1,138.7045,138.7156,0,0.000,0.000,0.176,-0.264,-0.088,0.088,-0.264,-50.801,34.365,0.000,0.000,-0.088,-0.088,0.176,0.000,0.000,0.439,0.176,0.000,0.000,0.000,0.000,0.000,0.000,0.000,-51.141,34.556,0.000,0.000,0.000,0.000,0.000,0.000,0.000,0.000,0.000,0.013,4.0,11.20,31.0,0.000,0.000,0.006,0.000,0.000,0.000,0.006,0.013,0.000,0.000,0.000,0.000,0.000,0.006,0.000,0.000,0.006,0.000
138.8045,1388,0,move,-1,138.8045,138.8147,0,0.000,0.000,0.176,-0.264,-0.088,0.088,-0.264,-50.801,34.365,0.000,0.000,-0.088,-0.088,0.176,0.000,0.000,0.439,0.176,0.000,0.000,0.000,0.000,0.000,0.000,0.000,-51.141,34.556,0.000,0.000,0.000,0.000,0.000,0.000,0.000,0.000,0.000,0.013,4.0,11.20,31.0,0.000,0.000,0.006,0.000,0.000,0.000,0.006,0.013,0.000,0.000,0.000,0.000,0.000,0.006,0.000,0.000,0.006,0.000
138.9045,1389,0,move,-1,138.9045,138.9155,0,0.000,0.000,0.176,-0.264,-0.088,0.088,-0.264,-50.801,34.365,0.000,0.000,-0.088,-0.088,0.176,0.000,0.000,0.439,0.176,0.000,0.000,0.000,0.000,0.000,0.000,0.000,-51.141,34.556,0.000,0.000,0.000,0.000,0.000,0.000,0.000,0.000,0.000,0.013,4.0,11.20,31.0,0.000,0.000,0.000,0.006,0.000,0.000,0.006,0.013,0.006,0.000,0.000,0.000,0.000,0.006,0.000,0.000,0.006,0.000
139.0045,1390,0,move,-1,139.0045,139.0159,0,0.000,0.000,0.176,-0.264,-0.088,0.088,-0.264,-50.801,34.365,0.000,0.000,-0.088,-0.088,0.176,0.000,0.000,0.439,0.176,0.000,0.000,0.000,0.000,0.000,0.000,0.000,-51.141,34.556,0.000,0.000,0.000,0.000,0.000,0.000,0.000,0.000,0.000,0.013,4.0,11.20,31.0,0.000,0.000,0.000,0.006,0.000,0.000,0.006,0.013,0.000,0.000,0.000,0.000,0.000,0.000,0.000,0.000,0.006,0.000
139.1045,1391,0,move,-1,139.1045,139.1159,0,0.000,0.000,0.176,-0.264,-0.088,0.088,-0.264,-50.801,34.365,0.000,0.000,-0.088,-0.088,0.176,0.000,0.000,0.439,0.176,0.000,0.000,0.000,0.000,0.000,0.000,0.000,-51.141,34.556,0.000,0.000,0.000,0.000,0.000,0.000,0.000,0.000,0.000,0.013,4.0,11.20,31.0,0.000,0.000,0.000,0.000,0.000,0.000,0.006,0.013,0.006,0.000,0.000,0.000,0.000,0.006,0.000,0.000,0.006,0.000
139.2045,1392,0,move,-1,139.2045,139.2153,0,0.000,0.000,0.176,-0.264,-0.088,0.088,-0.264,-50.801,34.365,0.000,0.000,-0.088,-0.088,0.176,0.000,0.000,0.439,0.176,0.000,0.000,0.000,0.000,0.000,0.000,0.000,-51.141,34.556,0.000,0.000,0.000,0.000,0.000,0.000,0.000,0.000,0.000,0.013,4.0,11.20,31.0,0.000,0.000,0.000,0.000,0.000,0.000,0.006,0.013,0.006,0.000,0.000,0.000,0.000,0.006,0.000,0.000,0.006,0.000
139.3045,1393,0,move,-1,139.3045,139.3161,0,0.000,0.000,0.176,-0.264,-0.088,0.088,-0.264,-50.801,34.365,0.000,0.000,-0.088,-0.088,0.176,0.000,0.000,0.439,0.176,0.000,0.000,0.000,0.000,0.000,0.000,0.000,-51.141,34.556,0.000,0.000,0.000,0.000,0.000,0.000,0.000,0.000,0.000,0.013,4.0,11.20,31.0,0.000,0.000,0.000,0.000,0.000,0.000,0.006,0.013,0.000,0.000,0.000,0.000,0.000,0.006,0.000,0.000,0.013,0.000
139.4045,1394,0,move,-1,139.4045,139.4150,0,0.000,0.000,0.176,-0.264,-0.088,0.088,-0.264,-50.801,34.365,0.000,0.000,-0.088,-0.088,0.176,0.000,0.000,0.439,0.176,0.000,0.000,0.000,0.000,0.000,0.000,0.000,-51.141,34.556,0.000,0.000,0.000,0.000,0.000,0.000,0.000,0.000,0.000,0.013,4.0,11.20,31.0,0.000,0.000,0.000,0.000,0.000,0.000,0.006,0.013,0.000,0.000,0.000,0.000,0.000,0.006,0.000,0.000,0.013,0.000
139.5117,1395,0,move,-1,139.5117,139.5224,0,0.000,0.000,0.176,-0.264,-0.088,0.088,-0.264,-50.801,34.365,0.000,0.000,-0.088,-0.088,0.176,0.000,0.000,0.439,0.176,0.000,0.000,0.000,0.000,0.000,0.000,0.000,-51.141,34.556,0.000,0.000,0.000,0.000,0.000,0.000,0.000,0.000,0.000,0.013,4.0,11.20,31.0,0.000,0.000,0.006,0.006,0.000,0.000,0.006,0.013,0.006,0.000,0.000,0.000,0.000,0.006,0.000,0.000,0.006,0.000
139.6045,1396,0,move,-1,139.6045,139.6148,0,0.000,0.000,0.176,-0.264,-0.088,0.088,-0.264,-50.801,34.365,0.000,0.000,-0.088,-0.088,0.176,0.000,0.000,0.439,0.176,0.000,0.000,0.000,0.000,0.000,0.000,0.000,-51.141,34.556,0.000,0.000,0.000,0.000,0.000,0.000,0.000,0.000,0.000,0.013,4.0,11.20,31.0,0.000,0.000,0.006,0.006,0.000,0.000,0.006,0.013,0.006,0.000,0.000,0.000,0.000,0.006,0.000,0.000,0.006,0.000
139.7045,1397,0,move,-1,139.7045,139.7147,0,0.000,0.000,0.176,-0.264,-0.088,0.088,-0.264,-50.801,34.365,0.000,0.000,-0.088,-0.088,0.176,0.000,0.000,0.439,0.176,0.000,0.000,0.000,0.000,0.000,0.000,0.000,-51.141,34.556,0.000,0.000,0.000,0.000,0.000,0.000,0.000,0.000,0.000,0.019,4.0,11.20,31.0,0.000,0.000,0.000,0.006,0.000,0.000,0.000,0.019,0.000,0.000,0.000,0.000,0.000,0.006,0.000,0.000,0.006,0.000
139.8045,1398,0,move,-1,139.8045,139.8174,0,0.000,0.000,0.176,-0.264,-0.088,0.088,-0.264,-50.801,34.365,0.000,0.000,-0.088,-0.088,0.176,0.000,0.000,0.439,0.176,0.000,0.000,0.000,0.000,0.000,0.000,0.000,-51.141,34.556,0.000,0.000,0.000,0.000,0.000,0.000,0.000,0.000,0.000,0.013,4.0,11.20,31.0,0.000,0.000,0.000,0.000,0.000,0.000,0.006,0.013,0.000,0.000,0.000,0.000,0.000,0.006,0.000,0.000,0.006,0.000
139.9045,1399,0,move,-1,139.9045,139.9142,0,0.000,0.000,0.176,-0.264,-0.088,0.088,-0.264,-50.801,34.365,0.000,0.000,-0.088,-0.088,0.176,0.000,0.000,0.439,0.176,0.000,0.000,0.000,0.000,0.000,0.000,0.000,-51.141,34.556,0.000,0.000,0.000,0.000,0.000,0.000,0.000,0.000,0.000,0.013,4.0,11.20,31.0,0.000,0.000,0.000,0.000,0.000,0.000,0.006,0.013,0.000,0.000,0.000,0.000,0.000,0.006,0.000,0.000,0.006,0.000
140.0045,1400,0,move,-1,140.0045,140.0152,0,0.000,0.000,0.176,-0.264,-0.088,0.088,-0.264,-50.801,34.365,0.000,0.000,-0.088,-0.088,0.176,0.000,0.000,0.439,0.176,0.000,0.000,0.000,0.000,0.000,0.000,0.000,-51.143,34.557,0.000,0.000,0.000,0.000,0.000,0.000,0.000,0.000,0.000,0.013,4.0,11.20,31.0,0.000,0.000,0.000,0.000,0.000,0.000,0.006,0.013,0.000,0.000,0.000,0.000,0.000,0.006,0.000,0.000,0.006,0.000
140.1071,1401,0,move,-1,140.1071,140.1608,0,0.000,0.000,0.176,-0.264,-0.088,0.088,-0.264,-50.801,34.365,0.000,0.000,-0.088,-0.088,0.176,0.000,0.000,0.439,0.176,0.000,0.000,0.000,0.000,0.000,0.000,0.000,-51.143,34.557,0.000,0.000,0.000,0.000,0.000,0.000,0.000,0.000,0.000,0.013,4.0,11.20,31.0,0.000,0.000,0.006,0.000,0.000,0.000,,0.013,0.000,0.000,0.000,0.000,0.000,0.000,0.000,0.000,0.006,0.000
140.2045,1402,0,move,-1,140.2045,140.2163,0,0.000,0.000,0.176,-0.264,-0.088,0.088,-0.264,-50.801,34.365,0.000,0.000,-0.088,-0.088,0.176,0.000,0.000,0.439,0.176,0.000,0.000,0.000,0.000,0.000,0.000,0.000,-51.143,34.557,0.000,0.000,0.000,0.000,0.000,0.000,0.000,0.000,0.000,0.013,4.0,11.20,31.0,0.000,0.000,0.006,0.000,0.000,0.000,,0.013,0.000,0.000,0.000,0.000,0.000,0.000,0.000,0.000,0.006,0.000
140.3045,1403,0,move,-1,140.3045,140.3149,0,0.000,0.000,0.176,-0.264,-0.088,0.088,-0.264,-50.801,34.365,0.000,0.000,-0.088,-0.088,0.176,0.000,0.000,0.439,0.176,0.000,0.000,0.000,0.000,0.000,0.000,0.000,-51.143,34.557,0.000,0.000,0.000,0.000,0.000,0.000,0.000,0.000,0.000,0.013,4.0,11.20,31.0,0.000,0.000,0.006,0.006,0.000,0.000,0.006,0.013,0.000,0.000,0.000,0.000,0.000,0.006,0.000,0.000,0.006,0.000
140.4045,1404,0,move,-1,140.4045,140.4137,0,0.000,0.000,0.176,-0.264,-0.088,0.088,-0.264,-50.801,34.365,0.000,0.000,-0.088,-0.088,0.176,0.000,0.000,0.439,0.176,0.000,0.000,0.000,0.000,0.000,0.000,0.000,-51.143,34.557,0.000,0.000,0.000,0.000,0.000,0.000,0.000,0.000,0.000,0.013,4.0,11.20,31.0,0.000,0.000,0.006,0.006,0.000,0.000,0.006,0.013,0.000,0.000,0.000,0.000,0.000,0.006,0.000,0.000,0.006,0.000
140.5045,1405,0,move,-1,140.5045,140.5144,0,0.000,0.000,0.176,-0.264,-0.088,0.088,-0.264,-50.801,34.365,0.000,0.000,-0.088,-0.088,0.176,0.000,0.000,0.439,0.176,0.000,0.000,0.000,0.000,0.000,0.000,0.000,-51.143,34.557,0.000,0.000,0.000,0.000,0.000,0.000,0.000,0.000,0.000,0.013,4.0,11.20,31.0,0.000,0.000,0.000,0.006,0.000,0.000,0.006,0.013,0.000,0.000,0.000,0.000,0.000,0.006,0.000,0.000,0.013,0.000
140.6045,1406,0,move,-1,140.6045,140.6150,0,0.000,0.000,0.176,-0.264,-0.088,0.088,-0.264,-50.801,34.365,0.000,0.000,-0.088,-0.088,0.176,0.000,0.000,0.439,0.176,0.000,0.000,0.000,0.000,0.000,0.000,0.000,-51.143,34.557,0.000,0.000,0.000,0.000,0.000,0.000,0.000,0.000,0.000,0.013,4.0,11.20,31.0,0.000,0.000,0.006,0.006,0.000,0.000,0.006,0.013,0.006,0.000,0.000,0.000,0.000,0.006,0.000,0.000,0.006,0.000
140.7045,1407,0,move,-1,140.7045,140.7157,0,0.000,0.000,0.176,-0.264,-0.088,0.088,-0.264,-50.801,34.365,0.000,0.000,-0.088,-0.088,0.176,0.000,0.000,0.439,0.176,0.000,0.000,0.000,0.000,0.000,0.000,0.000,-51.143,34.557,0.000,0.000,0.000,0.000,0.000,0.000,0.000,0.000,0.000,0.013,4.0,11.20,31.0,0.000,0.000,0.000,0.006,0.000,0.000,0.006,0.013,0.006,0.000,0.000,0.000,0.000,0.006,0.000,0.000,0.013,0.006
140.8045,1408,0,move,-1,140.8045,140.8148,0,0.000,0.000,0.176,-0.264,-0.088,0.088,-0.264,-50.801,34.365,0.000,0.000,-0.088,-0.088,0.176,0.000,0.000,0.439,0.176,0.000,0.000,0.000,0.000,0.000,0.000,0.000,-51.143,34.557,0.000,0.000,0.000,0.000,0.000,0.000,0.000,0.000,0.000,0.013,4.0,11.20,31.0,0.000,0.000,0.000,0.006,0.000,0.000,0.006,0.013,0.006,0.000,0.000,0.000,0.000,0.006,0.000,0.000,0.013,0.006
140.9045,1409,0,move,-1,140.9045,140.9153,0,0.000,0.000,0.176,-0.264,-0.088,0.088,-0.264,-50.801,34.365,0.000,0.000,-0.088,-0.088,0.176,0.000,0.000,0.439,0.176,0.000,0.000,0.000,0.000,0.000,0.000,0.000,-51.143,34.557,0.000,0.000,0.000,0.000,0.000,0.000,0.000,0.000,0.000,0.013,4.0,11.20,31.0,0.000,0.000,0.000,0.000,0.000,0.000,0.000,0.013,0.000,0.000,0.000,0.000,0.000,0.006,0.000,0.000,0.006,0.000
141.0045,1410,0,move,-1,141.0045,141.0185,0,0.000,0.000,0.176,-0.264,-0.088,0.088,-0.264,-50.801,34.365,0.000,0.000,-0.088,-0.088,0.176,0.000,0.000,0.439,0.176,0.000,0.000,0.000,0.000,0.000,0.000,0.000,-51.143,34.557,0.000,0.000,0.000,0.000,0.000,0.000,0.000,0.000,0.000,0.013,4.0,11.20,31.0,0.000,0.000,0.000,0.006,0.000,0.000,0.006,0.013,0.000,0.000,0.000,0.000,0.000,0.006,0.000,0.000,0.006,0.000
141.1045,1411,0,move,-1,141.1045,141.1211,0,0.000,0.000,0.176,-0.264,-0.088,0.088,-0.264,-50.801,34.365,0.000,0.000,-0.088,-0.088,0.176,0.000,0.000,0.439,0.176,0.000,0.000,0.000,0.000,0.000,0.000,0.000,-51.143,34.557,0.000,0.000,0.000,0.000,0.000,0.000,0.000,0.000,0.000,0.013,4.0,11.20,31.0,0.000,0.000,0.000,0.006,0.000,0.000,0.000,0.013,0.000,0.000,0.000,0.000,0.000,0.006,0.000,0.000,0.006,0.000
141.2045,1412,0,move,-1,141.2045,141.2150,0,0.000,0.000,0.176,-0.264,-0.088,0.088,-0.264,-50.801,34.365,0.000,0.000,-0.088,-0.088,0.176,0.000,0.000,0.439,0.176,0.000,0.000,0.000,0.000,0.000,0.000,0.000,-51.143,34.557,0.000,0.000,0.000,0.000,0.000,0.000,0.000,0.000,0.000,0.013,4.0,11.20,31.0,0.000,0.000,0.000,0.006,0.000,0.000,0.000,0.013,0.000,0.000,0.000,0.000,0.000,0.006,0.000,0.000,0.006,0.000
141.3045,1413,0,move,-1,141.3045,141.3161,0,0.000,0.000,0.176,-0.264,-0.088,0.088,-0.264,-50.801,34.365,0.000,0.000,-0.088,-0.088,0.176,0.000,0.000,0.439,0.176,0.000,0.000,0.000,0.000,0.000,0.000,0.000,-51.143,34.557,0.000,0.000,0.000,0.000,0.000,0.000,0.000,0.000,0.000,0.013,4.0,11.20,31.0,0.000,0.000,0.006,0.000,0.000,0.000,0.006,0.013,0.000,0.000,0.000,0.000,0.000,0.006,0.000,0.000,0.006,0.000
141.4045,1414,0,move,-1,141.4045,141.4156,0,0.000,0.000,0.176,-0.264,-0.088,0.088,-0.264,-50.801,34.365,0.000,0.000,-0.088,-0.088,0.176,0.000,0.000,0.439,0.176,0.000,0.000,0.000,0.000,0.000,0.000,0.000,-51.143,34.557,0.000,0.000,0.000,0.000,0.000,0.000,0.000,0.000,0.000,0.013,4.0,11.20,31.0,0.000,0.000,0.006,0.000,0.000,0.000,0.006,0.013,0.000,0.000,0.000,0.000,0.000,0.006,0.000,0.000,0.006,0.000
141.5045,1415,0,move,-1,141.5045,141.5150,0,0.000,0.000,0.176,-0.264,-0.088,0.088,-0.264,-50.801,34.365,0.000,0.000,-0.088,-0.088,0.176,0.000,0.000,0.439,0.176,0.000,0.000,0.000,0.000,0.000,0.000,0.000,-51.143,34.557,0.000,0.000,0.000,0.000,0.000,0.000,0.000,0.000,0.000,0.013,4.0,11.20,31.0,0.000,0.000,0.000,0.006,0.000,0.000,0.006,0.013,0.000,0.000,0.000,0.000,0.000,0.006,0.000,0.000,0.006,0.006
141.6045,1416,0,move,-1,141.6045,141.6166,0,0.000,0.000,0.176,-0.264,-0.088,0.088,-0.264,-50.801,34.365,0.000,0.000,-0.088,-0.088,0.176,0.000,0.000,0.439,0.176,0.000,0.000,0.000,0.000,0.000,0.000,0.000,-51.143,34.557,0.000,0.000,0.000,0.000,0.000,0.000,0.000,0.000,0.000,0.013,4.0,11.20,31.0,0.000,0.000,0.000,0.006,0.000,0.000,0.006,0.013,0.000,0.000,0.000,0.000,0.000,0.006,0.000,0.000,0.006,0.000
141.7043,1417,0,move,-1,141.7043,141.7172,0,0.000,0.000,0.176,-0.264,-0.088,0.088,-0.264,-50.801,34.365,0.000,0.000,-0.088,-0.088,0.176,0.000,0.000,0.439,0.176,0.000,0.000,0.000,0.000,0.000,0.000,0.000,-51.143,34.557,0.000,0.000,0.000,0.000,0.000,0.000,0.000,0.000,0.000,0.013,4.0,11.20,31.0,0.000,0.000,0.000,0.006,0.000,0.000,0.006,0.013,0.000,0.000,0.000,0.000,0.000,0.006,0.000,0.000,0.006,0.000
141.8045,1418,0,move,-1,141.8045,141.8158,0,0.000,0.000,0.176,-0.264,-0.088,0.088,-0.264,-50.801,34.365,0.000,0.000,-0.088,-0.088,0.176,0.000,0.000,0.439,0.176,0.000,0.000,0.000,0.000,0.000,0.000,0.000,-51.143,34.557,0.000,0.000,0.000,0.000,0.000,0.000,0.000,0.000,0.000,0.013,4.0,11.20,31.0,0.000,0.000,0.000,0.006,0.000,0.000,0.006,0.013,0.000,0.000,0.000,0.000,0.000,0.006,0.000,0.000,0.006,0.000
141.9045,1419,0,move,-1,141.9045,141.9168,0,0.000,0.000,0.176,-0.264,-0.088,0.088,-0.264,-50.801,34.365,0.000,0.000,-0.088,-0.088,0.176,0.000,0.000,0.439,0.176,0.000,0.000,0.000,0.000,0.000,0.000,0.000,-51.143,34.557,0.000,0.000,0.000,0.000,0.000,0.000,0.000,0.000,0.000,0.019,4.0,11.20,31.0,0.000,0.000,0.000,0.006,0.000,0.000,0.000,0.019,0.000,0.000,0.000,0.000,0.000,0.006,0.000,0.000,0.013,0.000
142.0045,1420,0,move,-1,142.0045,142.0150,0,0.000,0.000,0.176,-0.264,-0.088,0.088,-0.264,-50.801,34.365,0.000,0.000,-0.088,-0.088,0.176,0.000,0.000,0.439,0.176,0.000,0.000,0.000,0.000,0.000,0.000,0.000,-51.143,34.557,0.000,0.000,0.000,0.000,0.000,0.000,0.000,0.000,0.000,0.019,4.0,11.20,31.0,0.000,0.000,0.000,0.006,0.000,0.000,0.000,0.019,0.000,0.000,0.000,0.000,0.000,0.006,0.000,0.000,0.013,0.000
142.1045,1421,0,move,-1,142.1045,142.1162,0,0.000,0.000,0.176,-0.264,-0.088,0.088,-0.264,-50.801,34.365,0.000,0.000,-0.088,-0.088,0.176,0.000,0.000,0.439,0.176,0.000,0.000,0.000,0.000,0.000,0.000,0.000,-51.143,34.557,0.000,0.000,0.000,0.000,0.000,0.000,0.000,0.000,0.000,0.013,4.0,11.20,31.0,0.000,0.000,0.000,0.000,0.000,0.000,0.000,0.013,0.000,0.000,0.000,0.000,0.000,0.006,0.000,0.000,0.006,0.000
142.2045,1422,0,move,-1,142.2045,142.2162,0,0.000,0.000,0.176,-0.264,-0.088,0.088,-0.264,-50.801,34.365,0.000,0.000,-0.088,-0.088,0.176,0.000,0.000,0.439,0.176,0.000,0.000,0.000,0.000,0.000,0.000,0.000,-51.143,34.557,0.000,0.000,0.000,0.000,0.000,0.000,0.000,0.000,0.000,0.013,4.0,11.20,31.0,0.000,0.000,0.000,0.006,0.000,0.000,0.006,0.013,0.000,0.000,0.000,0.000,0.000,0.006,0.000,0.000,0.006,0.000
142.3045,1423,0,move,-1,142.3045,142.3147,0,0.000,0.000,0.176,-0.264,-0.088,0.088,-0.264,-50.801,34.365,0.000,0.000,-0.088,-0.088,0.176,0.000,0.000,0.439,0.176,0.000,0.000,0.000,0.000,0.000,0.000,0.000,-51.143,34.557,0.000,0.000,0.000,0.000,0.000,0.000,0.000,0.000,0.000,0.013,4.0,11.20,31.0,0.000,0.000,0.000,0.006,0.000,0.000,0.006,0.013,0.000,0.000,0.000,0.000,0.000,0.006,0.000,0.000,0.006,0.000
142.4045,1424,0,move,-1,142.4045,142.4160,0,0.000,0.000,0.176,-0.264,-0.088,0.088,-0.264,-50.801,34.365,0.000,0.000,-0.088,-0.088,0.176,0.000,0.000,0.439,0.176,0.000,0.000,0.000,0.000,0.000,0.000,0.000,-51.143,34.557,0.000,0.000,0.000,0.000,0.000,0.000,0.000,0.000,0.000,0.013,4.0,11.20,31.0,0.000,0.000,0.000,0.006,0.000,0.000,0.006,0.013,0.000,0.000,0.000,0.000,0.000,0.006,0.000,0.000,0.006,0.006
142.5045,1425,0,move,-1,142.5045,142.5145,0,0.000,0.000,0.176,-0.264,-0.088,0.088,-0.264,-50.801,34.365,0.000,0.000,-0.088,-0.088,0.176,0.000,0.000,0.439,0.176,0.000,0.000,0.000,0.000,0.000,0.000,0.000,-51.143,34.557,0.000,0.000,0.000,0.000,0.000,0.000,0.000,0.000,0.000,0.013,4.0,11.20,31.0,0.000,0.000,0.000,0.006,0.000,0.000,0.006,0.013,0.000,0.000,0.000,0.000,0.000,0.006,0.000,0.000,0.006,0.006
142.6045,1426,0,move,-1,142.6045,142.6154,0,0.000,0.000,0.176,-0.264,-0.088,0.088,-0.264,-50.801,34.365,0.000,0.000,-0.088,-0.088,0.176,0.000,0.000,0.439,0.176,0.000,0.000,0.000,0.000,0.000,0.000,0.000,-51.143,34.557,0.000,0.000,0.000,0.000,0.000,0.000,0.000,0.000,0.000,0.013,4.0,11.20,31.0,0.000,0.000,0.006,0.006,0.000,0.000,0.006,0.013,0.000,0.000,0.000,0.000,0.000,0.006,0.000,0.000,0.006,0.006
142.7087,1427,0,move,-1,142.7087,142.7148,0,0.000,0.000,0.176,-0.264,-0.088,0.088,-0.264,-50.801,34.365,0.000,0.000,-0.088,-0.088,0.176,0.000,0.000,0.439,0.176,0.000,0.000,0.000,0.000,0.000,0.000,0.000,-51.143,34.557,0.000,0.000,0.000,0.000,0.000,0.000,0.000,0.000,0.000,0.013,4.0,11.20,31.0,0.000,0.000,0.006,0.006,0.000,0.000,0.006,0.013,0.000,0.000,0.000,0.000,0.000,0.006,0.000,0.000,0.006,0.006
142.8045,1428,0,move,-1,142.8045,142.8182,0,0.000,0.000,0.176,-0.264,-0.088,0.088,-0.264,-50.801,34.365,0.000,0.000,-0.088,-0.088,0.176,0.000,0.000,0.439,0.176,0.000,0.000,0.000,0.000,0.000,0.000,0.000,-51.143,34.557,0.000,0.000,0.000,0.000,0.000,0.000,0.000,0.000,0.000,0.013,4.0,11.20,31.0,0.000,0.000,0.000,0.006,0.000,0.000,0.000,0.013,0.000,0.000,0.000,0.000,0.000,0.006,0.000,0.000,0.013,0.006
142.9045,1429,0,move,-1,142.9045,142.9153,0,0.000,0.000,0.176,-0.264,-0.088,0.088,-0.264,-50.801,34.365,0.000,0.000,-0.088,-0.088,0.176,0.000,0.000,0.439,0.176,0.000,0.000,0.000,0.000,0.000,0.000,0.000,-51.143,34.557,0.000,0.000,0.000,0.000,0.000,0.000,0.000,0.000,0.000,0.013,4.0,11.20,31.0,0.000,0.000,0.000,0.006,0.000,0.000,0.000,0.013,0.000,0.000,0.000,0.000,0.000,0.006,0.000,0.000,0.013,0.006
143.0045,1430,0,move,-1,143.0045,143.0164,0,0.000,0.000,0.176,-0.264,-0.088,0.088,-0.264,-50.801,34.365,0.000,0.000,-0.088,-0.088,0.176,0.000,0.000,0.439,0.176,0.000,0.000,0.000,0.000,0.000,0.000,0.000,-51.143,34.557,0.000,0.000,0.000,0.000,0.000,0.000,0.000,0.000,0.000,0.013,4.0,11.20,31.0,0.000,0.000,0.000,0.000,0.000,0.000,0.000,0.013,0.000,0.000,0.000,0.000,0.000,0.006,0.000,0.000,0.013,0.000
143.1045,1431,0,move,-1,143.1045,143.1149,0,0.000,0.000,0.176,-0.264,-0.088,0.088,-0.264,-50.801,34.365,0.000,0.000,-0.088,-0.088,0.176,0.000,0.000,0.439,0.176,0.000,0.000,0.000,0.000,0.000,0.000,0.000,-51.143,34.557,0.000,0.000,0.000,0.000,0.000,0.000,0.000,0.000,0.000,0.013,4.0,11.20,31.0,0.000,0.000,0.000,0.000,0.000,0.000,0.000,0.013,0.000,0.000,0.000,0.000,0.000,0.006,0.000,0.000,0.013,0.000
143.2046,1432,0,move,-1,143.2046,143.2114,0,0.000,0.000,0.176,-0.264,-0.088,0.088,-0.264,-50.801,34.365,0.000,0.000,-0.088,-0.088,0.176,0.000,0.000,0.439,0.176,0.000,0.000,0.000,0.000,0.000,0.000,0.000,-51.143,34.557,0.000,0.000,0.000,0.000,0.000,0.000,0.000,0.000,0.000,0.013,4.0,11.20,31.0,0.000,0.000,0.006,0.006,0.000,0.000,0.006,0.013,0.000,0.000,0.000,0.000,0.000,0.006,0.000,0.000,0.006,0.006
143.3047,1433,0,move,-1,143.3047,143.3158,0,0.000,0.000,0.176,-0.264,-0.088,0.088,-0.264,-50.801,34.365,0.000,0.000,-0.088,-0.088,0.176,0.000,0.000,0.439,0.176,0.000,0.000,0.000,0.000,0.000,0.000,0.000,-51.143,34.557,0.000,0.000,0.000,0.000,0.000,0.000,0.000,0.000,0.000,0.013,4.0,11.20,31.0,0.000,0.000,0.000,0.000,0.000,0.000,0.000,0.013,0.006,0.000,0.000,0.000,0.000,0.000,0.000,0.000,0.013,0.006
143.4045,1434,0,move,-1,143.4045,143.4154,0,0.000,0.000,0.176,-0.264,-0.088,0.088,-0.264,-50.801,34.365,0.000,0.000,-0.088,-0.088,0.176,0.000,0.000,0.439,0.176,0.000,0.000,0.000,0.000,0.000,0.000,0.000,-51.143,34.557,0.000,0.000,0.000,0.000,0.000,0.000,0.000,0.000,0.000,0.013,4.0,11.20,31.0,0.000,0.000,0.000,0.000,0.000,0.000,0.000,0.013,0.006,0.000,0.000,0.000,0.000,0.000,0.000,0.000,0.013,0.006
143.5045,1435,0,move,-1,143.5045,143.5163,0,0.000,0.000,0.176,-0.264,-0.088,0.088,-0.264,-50.801,34.365,0.000,0.000,-0.088,-0.088,0.176,0.000,0.000,0.439,0.176,0.000,0.000,0.000,0.000,0.000,0.000,0.000,-51.143,34.557,0.000,0.000,0.000,0.000,0.000,0.000,0.000,0.000,0.000,0.013,4.0,11.20,31.0,0.000,0.000,0.000,0.000,0.000,0.000,0.000,0.013,0.000,0.000,0.000,0.000,0.000,0.006,0.000,0.000,0.013,0.000
143.6045,1436,0,move,-1,143.6045,143.6153,0,0.000,0.000,0.176,-0.264,-0.088,0.088,-0.264,-50.801,34.365,0.000,0.000,-0.088,-0.088,0.176,0.000,0.000,0.439,0.176,0.000,0.000,0.000,0.000,0.000,0.000,0.000,-51.143,34.557,0.000,0.000,0.000,0.000,0.000,0.000,0.000,0.000,0.000,0.013,4.0,11.20,31.0,0.000,0.000,0.000,0.000,0.000,0.000,0.000,0.013,0.000,0.000,0.000,0.000,0.000,0.006,0.000,0.000,0.013,0.000
143.7045,1437,0,move,-1,143.7045,143.7116,0,0.000,0.000,0.176,-0.264,-0.088,0.088,-0.264,-50.801,34.365,0.000,0.000,-0.088,-0.088,0.176,0.000,0.000,0.439,0.176,0.000,0.000,0.000,0.000,0.000,0.000,0.000,-51.143,34.557,0.000,0.000,0.000,0.000,0.000,0.000,0.000,0.000,0.000,0.013,4.0,11.20,31.0,0.000,0.000,0.000,0.006,0.000,0.000,0.006,0.013,0.000,0.000,0.000,0.000,0.000,0.006,0.000,0.000,0.006,0.000
143.8043,1438,0,move,-1,143.8043,143.8155,0,0.000,0.000,0.176,-0.264,-0.088,0.088,-0.264,-50.801,34.365,0.000,0.000,-0.088,-0.088,0.176,0.000,0.000,0.439,0.176,0.000,0.000,0.000,0.000,0.000,0.000,0.000,-51.143,34.557,0.000,0.000,0.000,0.000,0.000,0.000,0.000,0.000,0.000,0.013,4.0,11.20,31.0,0.000,0.000,0.000,0.006,0.000,0.000,0.006,0.013,0.006,0.000,0.000,0.000,0.000,0.006,0.000,0.000,0.006,0.000
143.9045,1439,0,move,-1,143.9045,143.9171,0,0.000,0.000,0.176,-0.264,-0.088,0.088,-0.264,-50.801,34.365,0.000,0.000,-0.088,-0.088,0.176,0.000,0.000,0.439,0.176,0.000,0.000,0.000,0.000,0.000,0.000,0.000,-51.143,34.557,0.000,0.000,0.000,0.000,0.000,0.000,0.000,0.000,0.000,0.013,4.0,11.20,31.0,0.000,0.000,0.006,0.006,0.000,0.000,0.006,0.013,0.000,0.000,0.000,0.000,0.000,0.006,0.000,0.000,0.013,0.000
144.0043,1440,0,move,-1,144.0043,144.0153,0,0.000,0.000,0.176,-0.264,-0.088,0.088,-0.264,-50.801,34.365,0.000,0.000,-0.088,-0.088,0.176,0.000,0.000,0.439,0.176,0.000,0.000,0.000,0.000,0.000,0.000,0.000,-51.143,34.557,0.000,0.000,0.000,0.000,0.000,0.000,0.000,0.000,0.000,0.013,4.0,11.20,31.0,0.000,0.000,0.006,0.006,0.000,0.000,0.006,0.013,0.000,0.000,0.000,0.000,0.000,0.006,0.000,0.000,0.013,0.000
144.1045,1441,0,move,-1,144.1045,144.1152,0,0.000,0.000,0.176,-0.264,-0.088,0.088,-0.264,-50.801,34.365,0.000,0.000,-0.088,-0.088,0.176,0.000,0.000,0.439,0.176,0.000,0.000,0.000,0.000,0.000,0.000,0.000,-51.143,34.557,0.000,0.000,0.000,0.000,0.000,0.000,0.000,0.000,0.000,0.013,4.0,11.20,31.0,0.000,0.000,0.006,0.006,0.000,0.000,0.006,0.013,0.000,0.000,0.000,0.000,0.000,0.006,0.000,0.000,0.006,0.006
144.2045,1442,0,move,-1,144.2045,144.2145,0,0.000,0.000,0.176,-0.264,-0.088,0.088,-0.264,-50.801,34.365,0.000,0.000,-0.088,-0.088,0.176,0.000,0.000,0.439,0.176,0.000,0.000,0.000,0.000,0.000,0.000,0.000,-51.143,34.557,0.000,0.000,0.000,0.000,0.000,0.000,0.000,0.000,0.000,0.013,4.0,11.20,31.0,0.000,0.000,0.006,0.006,0.000,0.000,0.006,0.013,0.000,0.000,0.000,0.000,0.000,0.006,0.000,0.000,0.006,0.006
144.3094,1443,0,move,-1,144.3094,144.3338,0,0.000,0.000,0.176,-0.264,-0.088,0.088,-0.264,-50.801,34.365,0.000,0.000,-0.088,-0.088,0.176,0.000,0.000,0.439,0.176,0.000,0.000,0.000,0.000,0.000,0.000,0.000,-51.143,34.557,0.000,0.000,0.000,0.000,0.000,0.000,0.000,0.000,0.000,0.013,4.0,11.20,31.0,0.000,0.000,0.000,0.000,0.000,0.000,0.006,0.013,0.000,0.000,0.000,0.000,0.000,0.006,0.000,0.000,0.006,0.000
144.4045,1444,0,move,-1,144.4045,144.4159,0,0.000,0.000,0.176,-0.264,-0.088,0.088,-0.264,-50.801,34.365,0.000,0.000,-0.088,-0.088,0.176,0.000,0.000,0.439,0.176,0.000,0.000,0.000,0.000,0.000,0.000,0.000,-51.143,34.557,0.000,0.000,0.000,0.000,0.000,0.000,0.000,0.000,0.000,0.013,4.0,11.20,31.0,0.000,0.000,0.000,0.000,0.000,0.000,0.006,0.013,0.000,0.000,0.000,0.000,0.000,0.006,0.000,0.000,0.006,0.000
144.5045,1445,0,move,-1,144.5045,144.5162,0,0.000,0.000,0.176,-0.264,-0.088,0.088,-0.264,-50.801,34.365,0.000,0.000,-0.088,-0.088,0.176,0.000,0.000,0.439,0.176,0.000,0.000,0.000,0.000,0.000,0.000,0.000,-51.143,34.557,0.000,0.000,0.000,0.000,0.000,0.000,0.000,0.000,0.000,0.013,4.0,11.20,31.0,0.000,0.000,0.000,0.006,0.000,0.000,0.006,0.013,0.000,0.000,0.000,0.000,0.000,0.006,0.000,0.000,0.006,0.000
144.6045,1446,0,move,-1,144.6045,144.6168,0,0.000,0.000,0.176,-0.264,-0.088,0.088,-0.264,-50.801,34.365,0.000,0.000,-0.088,-0.088,0.176,0.000,0.000,0.439,0.176,0.000,0.000,0.000,0.000,0.000,0.000,0.000,-51.143,34.557,0.000,0.000,0.000,0.000,0.000,0.000,0.000,0.000,0.000,0.019,4.0,11.20,31.0,0.000,0.000,0.000,0.006,0.000,0.000,0.006,0.019,0.000,0.000,0.000,0.000,0.000,0.006,0.000,0.000,0.006,0.006
144.7045,1447,0,move,-1,144.7045,144.7148,0,0.000,0.000,0.176,-0.264,-0.088,0.088,-0.264,-50.801,34.365,0.000,0.000,-0.088,-0.088,0.176,0.000,0.000,0.439,0.176,0.000,0.000,0.000,0.000,0.000,0.000,0.000,-51.143,34.557,0.000,0.000,0.000,0.000,0.000,0.000,0.000,0.000,0.000,0.019,4.0,11.20,31.0,0.000,0.000,0.000,0.006,0.000,0.000,0.006,0.019,0.000,0.000,0.000,0.000,0.000,0.006,0.000,0.000,0.006,0.006
144.8045,1448,0,move,-1,144.8045,144.8280,0,0.000,0.000,0.176,-0.264,-0.088,0.088,-0.264,-50.801,34.365,0.000,0.000,-0.088,-0.088,0.176,0.000,0.000,0.439,0.176,0.000,0.000,0.000,0.000,0.000,0.000,0.000,-51.143,34.557,0.000,0.000,0.000,0.000,0.000,0.000,0.000,0.000,0.000,0.019,4.0,11.20,31.0,0.000,0.000,0.000,0.006,0.000,0.000,0.006,0.019,0.000,0.000,0.000,0.000,0.000,0.006,0.000,0.000,0.006,0.000
144.9045,1449,0,move,-1,144.9045,144.9160,0,0.000,0.000,0.176,-0.264,-0.088,0.088,-0.264,-50.801,34.365,0.000,0.000,-0.088,-0.088,0.176,0.000,0.000,0.439,0.176,0.000,0.000,0.000,0.000,0.000,0.000,0.000,-51.143,34.557,0.000,0.000,0.000,0.000,0.000,0.000,0.000,0.000,0.000,0.019,4.0,11.20,31.0,0.000,0.000,0.000,0.006,0.000,0.000,0.006,0.019,0.000,0.000,0.000,0.000,0.000,0.006,0.000,0.000,0.006,0.000
145.0045,1450,0,move,-1,145.0045,145.0152,0,0.000,0.000,0.176,-0.264,-0.088,0.088,-0.264,-50.801,34.365,0.000,0.000,-0.088,-0.088,0.176,0.000,0.000,0.439,0.176,0.000,0.000,0.000,0.000,0.000,0.000,0.000,-51.143,34.557,0.000,0.000,0.000,0.000,0.000,0.000,0.000,0.000,0.000,0.013,4.0,11.20,31.0,0.000,0.000,0.006,0.006,0.000,0.000,0.006,0.013,0.006,0.000,0.000,0.000,0.000,0.006,0.000,0.000,0.006,0.000
145.1045,1451,0,move,-1,145.1045,145.1155,0,0.000,0.000,0.176,-0.264,-0.088,0.088,-0.264,-50.801,34.365,0.000,0.000,-0.088,-0.088,0.176,0.000,0.000,0.439,0.176,0.000,0.000,0.000,0.000,0.000,0.000,0.000,-51.143,34.557,0.000,0.000,0.000,0.000,0.000,0.000,0.000,0.000,0.000,0.013,4.0,11.20,31.0,0.000,0.000,0.000,0.006,0.000,0.000,0.000,0.013,0.000,0.000,0.000,0.000,0.000,0.006,0.000,0.000,0.006,0.000
145.2045,1452,0,move,-1,145.2045,145.2186,0,0.000,0.000,0.176,-0.264,-0.088,0.088,-0.264,-50.801,34.365,0.000,0.000,-0.088,-0.088,0.176,0.000,0.000,0.439,0.176,0.000,0.000,0.000,0.000,0.000,0.000,0.000,-51.143,34.557,0.000,0.000,0.000,0.000,0.000,0.000,0.000,0.000,0.000,0.013,4.0,11.20,31.0,0.000,0.000,0.000,0.000,0.000,0.000,0.000,0.013,0.000,0.000,0.000,0.000,0.000,0.006,0.000,0.000,0.006,0.000
145.3045,1453,0,move,-1,145.3045,145.3167,0,0.000,0.000,0.176,-0.264,-0.088,0.088,-0.264,-50.801,34.365,0.000,0.000,-0.088,-0.088,0.176,0.000,0.000,0.439,0.176,0.000,0.000,0.000,0.000,0.000,0.000,0.000,-51.143,34.557,0.000,0.000,0.000,0.000,0.000,0.000,0.000,0.000,0.000,0.013,4.0,11.20,31.0,0.000,0.000,0.000,0.000,0.000,0.000,0.000,0.013,0.000,0.000,0.000,0.000,0.000,0.006,0.000,0.000,0.006,0.000
145.4083,1454,0,move,-1,145.4083,145.4183,0,0.000,0.000,0.176,-0.264,-0.088,0.088,-0.264,-50.801,34.365,0.000,0.000,-0.088,-0.088,0.176,0.000,0.000,0.439,0.176,0.000,0.000,0.000,0.000,0.000,0.000,0.000,-51.143,34.557,0.000,0.000,0.000,0.000,0.000,0.000,0.000,0.000,0.000,0.013,4.0,11.20,31.0,0.000,0.000,0.000,0.006,0.000,0.000,0.006,0.013,0.000,0.000,0.000,0.000,0.000,0.006,0.000,0.000,0.006,0.000
145.5045,1455,0,move,-1,145.5045,145.5187,0,0.000,0.000,0.176,-0.264,-0.088,0.088,-0.264,-50.801,34.365,0.000,0.000,-0.088,-0.088,0.176,0.000,0.000,0.439,0.176,0.000,0.000,0.000,0.000,0.000,0.000,0.000,-51.143,34.557,0.000,0.000,0.000,0.000,0.000,0.000,0.000,0.000,0.000,0.013,4.0,11.20,31.0,0.000,0.000,0.000,0.000,0.000,0.000,0.006,0.013,0.000,0.000,0.000,0.000,0.000,0.006,0.000,0.000,0.013,0.000
145.6060,1456,0,move,-1,145.6060,145.6170,0,0.000,0.000,0.176,-0.264,-0.088,0.088,-0.264,-50.801,34.365,0.000,0.000,-0.088,-0.088,0.176,0.000,0.000,0.439,0.176,0.000,0.000,0.000,0.000,0.000,0.000,0.000,-51.143,34.557,0.000,0.000,0.000,0.000,0.000,0.000,0.000,0.000,0.000,0.013,4.0,11.20,31.0,0.000,0.000,0.000,0.000,0.000,0.000,0.006,0.013,0.000,0.000,0.000,0.000,0.000,0.006,0.000,0.000,0.013,0.000
145.7045,1457,0,move,-1,145.7045,145.7164,0,0.000,0.000,0.176,-0.264,-0.088,0.088,-0.264,-50.801,34.365,0.000,0.000,-0.088,-0.088,0.176,0.000,0.000,0.439,0.176,0.000,0.000,0.000,0.000,0.000,0.000,0.000,-51.143,34.557,0.000,0.000,0.000,0.000,0.000,0.000,0.000,0.000,0.000,0.013,4.0,11.20,31.0,0.000,0.000,0.000,0.000,0.000,0.000,0.006,0.013,0.000,0.000,0.000,0.000,0.000,0.006,0.000,0.000,0.006,0.000
145.8045,1458,0,move,-1,145.8045,145.8158,0,0.000,0.000,0.176,-0.264,-0.088,0.088,-0.264,-50.801,34.365,0.000,0.000,-0.088,-0.088,0.176,0.000,0.000,0.439,0.176,0.000,0.000,0.000,0.000,0.000,0.000,0.000,-51.143,34.557,0.000,0.000,0.000,0.000,0.000,0.000,0.000,0.000,0.000,0.013,4.0,11.20,31.0,0.000,0.000,0.000,0.000,0.000,0.000,0.006,0.013,0.000,0.000,0.000,0.000,0.000,0.006,0.000,0.000,0.006,0.000
145.9045,1459,0,move,-1,145.9045,145.9175,0,0.000,0.000,0.176,-0.264,-0.088,0.088,-0.264,-50.801,34.365,0.000,0.000,-0.088,-0.088,0.176,0.000,0.000,0.439,0.176,0.000,0.000,0.000,0.000,0.000,0.000,0.000,-51.143,34.557,0.000,0.000,0.000,0.000,0.000,0.000,0.000,0.000,0.000,0.006,3.2,11.30,32.0,0.000,0.000,0.000,0.006,0.000,0.000,0.000,0.006,0.000,0.000,0.000,0.000,0.000,0.006,0.000,0.000,0.006,0.000
146.0045,1460,0,move,-1,146.0045,146.0167,0,0.000,0.000,0.176,-0.264,-0.088,0.088,-0.264,-50.801,34.365,0.000,0.000,-0.088,-0.088,0.176,0.000,0.000,0.439,0.176,0.000,0.000,0.000,0.000,0.000,0.000,0.000,-51.143,34.557,0.000,0.000,0.000,0.000,0.000,0.000,0.000,0.000,0.000,0.006,3.2,11.30,32.0,0.000,0.000,0.000,0.006,0.000,0.000,0.000,0.006,0.000,0.000,0.000,0.000,0.000,0.006,0.000,0.000,0.006,0.000
146.1066,1461,0,move,-1,146.1066,146.1135,0,0.000,0.000,0.176,-0.264,-0.088,0.088,-0.264,-50.801,34.365,0.000,0.000,-0.088,-0.088,0.176,0.000,0.000,0.439,0.176,0.000,0.000,0.000,0.000,0.000,0.000,0.000,-51.143,34.557,0.000,0.000,0.000,0.000,0.000,0.000,0.000,0.000,0.000,0.013,4.0,11.20,31.0,0.000,0.000,0.000,0.006,0.000,0.000,0.000,0.013,0.000,0.000,0.000,0.000,0.000,0.000,0.000,0.000,0.006,0.000
146.2045,1462,0,move,-1,146.2045,146.2152,0,0.000,0.000,0.176,-0.264,-0.088,0.088,-0.264,-50.801,34.365,0.000,0.000,-0.088,-0.088,0.176,0.000,0.000,0.439,0.176,0.000,0.000,0.000,0.000,0.000,0.000,0.000,-51.143,34.557,0.000,0.000,0.000,0.000,0.000,0.000,0.000,0.000,0.000,0.019,4.0,11.20,31.0,0.000,0.000,0.000,0.006,0.000,0.000,0.006,0.019,0.000,0.000,0.000,0.000,0.000,0.013,0.000,0.000,0.006,0.006
146.3045,1463,0,move,-1,146.3045,146.3143,0,0.000,0.000,0.176,-0.264,-0.088,0.088,-0.264,-50.801,34.365,0.000,0.000,-0.088,-0.088,0.176,0.000,0.000,0.439,0.176,0.000,0.000,0.000,0.000,0.000,0.000,0.000,-51.143,34.557,0.000,0.000,0.000,0.000,0.000,0.000,0.000,0.000,0.000,0.019,4.0,11.20,31.0,0.000,0.000,0.000,0.006,0.000,0.000,0.006,0.019,0.000,0.000,0.000,0.000,0.000,0.013,0.000,0.000,0.006,0.006
146.4045,1464,0,move,-1,146.4045,146.4164,0,0.000,0.000,0.176,-0.264,-0.088,0.088,-0.264,-50.801,34.365,0.000,0.000,-0.088,-0.088,0.176,0.000,0.000,0.439,0.176,0.000,0.000,0.000,0.000,0.000,0.000,0.000,-51.143,34.557,0.000,0.000,0.000,0.000,0.000,0.000,0.000,0.000,0.000,0.013,4.0,11.20,31.0,0.000,0.000,0.006,0.000,0.000,0.000,0.006,0.013,0.000,0.000,0.000,0.000,0.000,0.006,0.000,0.000,0.006,0.000
146.5045,1465,0,move,-1,146.5045,146.5157,0,0.000,0.000,0.176,-0.264,-0.088,0.088,-0.264,-50.801,34.365,0.000,0.000,-0.088,-0.088,0.176,0.000,0.000,0.439,0.176,0.000,0.000,0.000,0.000,0.000,0.000,0.000,-51.143,34.557,0.000,0.000,0.000,0.000,0.000,0.000,0.000,0.000,0.000,0.013,4.0,11.20,31.0,0.000,0.000,0.006,0.000,0.000,0.000,0.006,0.013,0.000,0.000,0.000,0.000,0.000,0.006,0.000,0.000,0.006,0.000
146.6045,1466,0,move,-1,146.6045,146.6159,0,0.000,0.000,0.176,-0.264,-0.088,0.088,-0.264,-50.801,34.365,0.000,0.000,-0.088,-0.088,0.176,0.000,0.000,0.439,0.176,0.000,0.000,0.000,0.000,0.000,0.000,0.000,-51.143,34.557,0.000,0.000,0.000,0.000,0.000,0.000,0.000,0.000,0.000,0.013,4.0,11.20,31.0,0.000,0.000,0.006,0.000,0.000,0.000,0.006,0.013,0.006,0.000,0.000,0.000,0.000,0.006,0.000,0.000,0.006,0.000
146.7045,1467,0,move,-1,146.7045,146.7423,0,0.000,0.000,0.176,-0.264,-0.088,0.088,-0.264,-50.801,34.365,0.000,0.000,-0.088,-0.088,0.176,0.000,0.000,0.439,0.176,0.000,0.000,0.000,0.000,0.000,0.000,0.000,-51.143,34.557,0.000,0.000,0.000,0.000,0.000,0.000,0.000,0.000,0.000,0.019,4.0,11.20,31.0,0.000,0.000,0.006,0.006,0.000,0.000,0.006,0.019,0.000,0.000,0.000,0.000,0.000,0.006,0.000,0.000,0.006,0.006
146.8051,1468,0,move,-1,146.8051,146.8180,0,0.000,0.000,0.176,-0.264,-0.088,0.088,-0.264,-50.801,34.365,0.000,0.000,-0.088,-0.088,0.176,0.000,0.000,0.439,0.176,0.000,0.000,0.000,0.000,0.000,0.000,0.000,-51.143,34.557,0.000,0.000,0.000,0.000,0.000,0.000,0.000,0.000,0.000,0.019,4.0,11.20,31.0,0.000,0.000,0.006,0.006,0.000,0.000,0.006,0.019,0.000,0.000,0.000,0.000,0.000,0.006,0.000,0.000,0.006,0.006
146.9045,1469,0,move,-1,146.9045,146.9163,0,0.000,0.000,0.176,-0.264,-0.088,0.088,-0.264,-50.801,34.365,0.000,0.000,-0.088,-0.088,0.176,0.000,0.000,0.439,0.176,0.000,0.000,0.000,0.000,0.000,0.000,0.000,-51.143,34.557,0.000,0.000,0.000,0.000,0.000,0.000,0.000,0.000,0.000,0.013,4.0,11.20,31.0,0.000,0.000,0.000,0.000,0.000,0.000,0.006,0.013,0.000,0.000,0.000,0.000,0.000,0.006,0.000,0.000,0.006,0.000
147.0046,1470,0,move,-1,147.0046,147.0147,0,0.000,0.000,0.176,-0.264,-0.088,0.088,-0.264,-50.801,34.365,0.000,0.000,-0.088,-0.088,0.176,0.000,0.000,0.439,0.176,0.000,0.000,0.000,0.000,0.000,0.000,0.000,-51.143,34.557,0.000,0.000,0.000,0.000,0.000,0.000,0.000,0.000,0.000,0.013,4.0,11.20,31.0,0.000,0.000,0.000,0.000,0.000,0.000,0.006,0.013,0.000,0.000,0.000,0.000,0.000,0.006,0.000,0.000,0.006,0.000
147.1045,1471,0,move,-1,147.1045,147.1144,0,0.000,0.000,0.176,-0.264,-0.088,0.088,-0.264,-50.801,34.365,0.000,0.000,-0.088,-0.088,0.176,0.000,0.000,0.439,0.176,0.000,0.000,0.000,0.000,0.000,0.000,0.000,-51.143,34.557,0.000,0.000,0.000,0.000,0.000,0.000,0.000,0.000,0.000,0.013,4.0,11.20,31.0,0.000,0.000,0.000,0.006,0.000,0.000,0.000,0.013,0.006,0.000,0.000,0.000,0.000,0.000,0.000,0.000,0.006,0.000
147.2045,1472,0,move,-1,147.2045,147.2164,0,0.000,0.000,0.176,-0.264,-0.088,0.088,-0.264,-50.801,34.365,0.000,0.000,-0.088,-0.088,0.176,0.000,0.000,0.439,0.176,0.000,0.000,0.000,0.000,0.000,0.000,0.000,-51.143,34.557,0.000,0.000,0.000,0.000,0.000,0.000,0.000,0.000,0.000,0.013,4.0,11.20,31.0,0.000,0.000,0.000,0.006,0.000,0.000,0.006,0.013,0.000,0.000,0.000,0.000,0.000,0.006,0.000,0.000,0.006,0.006
147.3045,1473,0,move,-1,147.3045,147.3101,0,0.000,0.000,0.176,-0.264,-0.088,0.088,-0.264,-50.801,34.365,0.000,0.000,-0.088,-0.088,0.176,0.000,0.000,0.439,0.176,0.000,0.000,0.000,0.000,0.000,0.000,0.000,-51.143,34.557,0.000,0.000,0.000,0.000,0.000,0.000,0.000,0.000,0.000,0.013,4.0,11.20,31.0,0.000,0.000,0.000,0.006,0.000,0.000,0.006,0.013,0.000,0.000,0.000,0.000,0.000,0.006,0.000,0.000,0.006,0.006
147.4045,1474,0,move,-1,147.4045,147.4162,0,0.000,0.000,0.176,-0.264,-0.088,0.088,-0.264,-50.801,34.365,0.000,0.000,-0.088,-0.088,0.176,0.000,0.000,0.439,0.176,0.000,0.000,0.000,0.000,0.000,0.000,0.000,-51.143,34.557,0.000,0.000,0.000,0.000,0.000,0.000,0.000,0.000,0.000,0.013,4.0,11.20,31.0,0.000,0.000,0.006,0.006,0.000,0.000,0.000,0.013,0.006,0.000,0.000,0.000,0.000,0.006,0.000,0.000,0.013,0.000
147.5046,1475,0,move,-1,147.5046,147.5183,0,0.000,0.000,0.176,-0.264,-0.088,0.088,-0.264,-50.801,34.365,0.000,0.000,-0.088,-0.088,0.176,0.000,0.000,0.439,0.176,0.000,0.000,0.000,0.000,0.000,0.000,0.000,-51.143,34.557,0.000,0.000,0.000,0.000,0.000,0.000,0.000,0.000,0.000,0.013,4.0,11.20,31.0,0.000,0.000,0.000,0.006,0.000,0.000,0.006,0.013,0.006,0.000,0.000,0.000,0.000,0.006,0.000,0.000,0.006,0.006
147.6047,1476,0,move,-1,147.6047,147.6108,0,0.000,0.000,0.176,-0.264,-0.088,0.088,-0.264,-50.801,34.365,0.000,0.000,-0.088,-0.088,0.176,0.000,0.000,0.439,0.176,0.000,0.000,0.000,0.000,0.000,0.000,0.000,-51.143,34.557,0.000,0.000,0.000,0.000,0.000,0.000,0.000,0.000,0.000,0.013,4.0,11.20,31.0,0.000,0.000,0.000,0.006,0.000,0.000,0.006,0.013,0.006,0.000,0.000,0.000,0.000,0.006,0.000,0.000,0.006,0.006
147.7045,1477,0,move,-1,147.7045,147.7161,0,0.000,0.000,0.176,-0.264,-0.088,0.088,-0.264,-50.801,34.365,0.000,0.000,-0.088,-0.088,0.176,0.000,0.000,0.439,0.176,0.000,0.000,0.000,0.000,0.000,0.000,0.000,-51.143,34.557,0.000,0.000,0.000,0.000,0.000,0.000,0.000,0.000,0.000,0.013,4.0,11.20,31.0,0.000,0.000,0.006,0.006,0.000,0.000,0.006,0.013,0.006,0.000,0.000,0.000,0.000,0.006,0.000,0.000,0.006,0.000
147.8045,1478,0,move,-1,147.8045,147.8145,0,0.000,0.000,0.176,-0.264,-0.088,0.088,-0.264,-50.801,34.365,0.000,0.000,-0.088,-0.088,0.176,0.000,0.000,0.439,0.176,0.000,0.000,0.000,0.000,0.000,0.000,0.000,-51.143,34.557,0.000,0.000,0.000,0.000,0.000,0.000,0.000,0.000,0.000,0.013,4.0,11.20,31.0,0.000,0.000,0.006,0.006,0.000,0.000,0.006,0.013,0.006,0.000,0.000,0.000,0.000,0.006,0.000,0.000,0.006,0.000
147.9045,1479,0,move,-1,147.9045,147.9154,0,0.000,0.000,0.176,-0.264,-0.088,0.088,-0.264,-50.801,34.365,0.000,0.000,-0.088,-0.088,0.176,0.000,0.000,0.439,0.176,0.000,0.000,0.000,0.000,0.000,0.000,0.000,-51.143,34.557,0.000,0.000,0.000,0.000,0.000,0.000,0.000,0.000,0.000,0.013,4.0,11.20,31.0,0.000,0.000,0.000,0.006,0.000,0.000,0.006,0.013,0.000,0.000,0.000,0.000,0.000,0.006,0.000,0.000,0.006,0.000
148.0045,1480,0,move,-1,148.0045,148.0144,0,0.000,0.000,0.176,-0.264,-0.088,0.088,-0.264,-50.801,34.365,0.000,0.000,-0.088,-0.088,0.176,0.000,0.000,0.439,0.176,0.000,0.000,0.000,0.000,0.000,0.000,0.000,-51.087,34.527,0.000,0.000,0.000,0.000,0.000,0.000,0.000,0.000,0.000,0.013,4.0,11.20,31.0,0.000,0.000,0.000,0.006,0.000,0.000,0.006,0.013,0.000,0.000,0.000,0.000,0.000,0.006,0.000,0.000,0.006,0.000
148.1070,1481,0,move,-1,148.1070,148.1471,0,0.000,0.000,0.176,-0.264,-0.088,0.088,-0.264,-50.801,34.365,0.000,0.000,-0.088,-0.088,0.176,0.000,0.000,0.439,0.176,0.000,0.000,0.000,0.000,0.000,0.000,0.000,-50.920,34.437,0.000,0.000,0.000,0.000,0.000,0.000,0.000,0.000,0.000,0.006,3.2,11.30,33.0,0.000,0.000,0.000,0.000,0.000,0.000,0.006,0.006,0.000,0.000,0.000,0.000,0.000,0.006,0.000,0.000,0.006,0.000
148.2043,1482,0,move,-1,148.2043,148.2157,0,0.000,0.000,0.176,-0.264,-0.088,0.088,-0.264,-50.713,34.365,0.000,0.000,-0.088,-0.088,0.176,0.000,0.000,0.439,0.176,0.000,0.000,0.000,0.000,0.000,0.000,0.000,-50.644,34.286,0.000,0.000,0.000,0.000,0.000,0.000,0.000,0.000,0.000,0.006,3.2,11.30,33.0,0.000,0.000,0.000,0.000,0.000,0.000,0.006,0.006,0.000,0.000,0.000,0.000,0.000,0.006,0.000,0.000,0.006,0.000
148.3045,1483,0,move,-1,148.3045,148.3164,0,0.000,0.000,0.176,-0.264,-0.088,0.088,-0.264,-50.537,34.365,0.000,0.000,-0.088,-0.088,0.176,0.000,0.000,0.439,0.176,0.000,0.000,0.000,0.000,0.000,0.000,0.000,-50.260,34.076,0.000,0.000,0.000,0.000,0.000,0.000,0.000,0.000,0.000,0.006,3.2,11.20,33.0,0.000,0.000,0.000,0.000,0.000,0.000,0.006,0.006,0.000,0.000,0.000,0.000,0.000,0.006,0.000,0.000,0.006,0.006
148.4045,1484,0,move,-1,148.4045,148.4145,0,0.000,0.000,0.176,-0.264,-0.088,0.088,-0.264,-50.361,34.277,0.000,0.000,-0.088,-0.088,0.176,0.000,0.000,0.439,0.176,0.000,0.000,0.000,0.000,0.000,0.000,0.000,-49.769,33.806,0.000,0.000,0.000,0.000,0.000,0.000,0.000,0.000,0.000,0.006,3.2,11.20,33.0,0.000,0.000,0.000,0.000,0.000,0.000,0.006,0.006,0.000,0.000,0.000,0.000,0.000,0.006,0.000,0.000,0.006,0.006
148.5045,1485,0,move,-1,148.5045,148.5153,0,0.000,0.000,0.176,-0.264,-0.088,0.088,-0.264,-49.922,34.189,0.000,0.000,-0.088,-0.088,0.176,0.000,0.000,0.439,0.176,0.000,0.000,0.000,0.000,0.000,0.000,0.000,-49.176,33.476,0.000,0.000,0.000,0.000,0.000,0.000,0.000,0.000,0.000,0.006,3.2,11.30,33.0,0.000,0.000,0.000,0.000,0.000,0.000,0.006,0.006,0.006,0.000,0.000,0.000,0.000,0.006,0.000,0.000,0.006,0.000
148.6045,1486,0,move,-1,148.6045,148.6103,0,0.000,0.000,0.176,-0.264,-0.088,0.088,-0.264,-49.658,34.014,0.000,0.000,-0.088,-0.088,0.176,0.000,0.000,0.439,0.176,0.000,0.000,0.000,0.000,0.000,0.000,0.000,-48.483,33.087,0.000,0.000,0.000,0.000,0.000,0.000,0.000,0.000,0.000,0.006,3.2,11.30,33.0,0.000,0.000,0.000,0.000,0.000,0.000,0.006,0.006,0.006,0.000,0.000,0.000,0.000,0.006,0.000,0.000,0.006,0.000
148.7045,1487,0,move,-1,148.7045,148.7158,0,0.000,0.000,0.176,-0.264,-0.088,0.088,-0.264,-49.043,33.574,0.000,0.000,-0.088,-0.088,0.176,0.000,0.000,0.439,0.176,0.000,0.000,0.000,0.000,0.000,0.000,0.000,-47.696,32.641,0.000,0.000,0.000,0.000,0.000,0.000,0.000,0.000,0.000,0.013,4.4,11.20,31.0,0.000,0.000,0.000,0.006,0.000,0.000,0.006,0.013,0.006,0.000,0.000,0.000,0.000,0.006,0.000,0.000,0.013,0.006
148.8045,1488,0,move,-1,148.8045,148.8146,0,0.000,0.000,0.176,-0.264,-0.088,0.088,-0.264,-48.252,32.959,0.000,0.000,-0.088,-0.088,0.176,0.000,0.000,0.439,0.176,0.000,0.000,0.000,0.000,0.000,0.000,0.000,-46.816,32.136,0.000,0.000,0.000,0.000,0.000,0.000,0.000,0.000,0.000,0.013,4.4,11.20,31.0,0.000,0.000,0.000,0.006,0.000,0.000,0.006,0.013,0.006,0.000,0.000,0.000,0.000,0.006,0.000,0.000,0.013,0.006
148.9045,1489,0,move,-1,148.9045,148.9153,0,0.000,0.000,0.176,-0.264,-0.088,0.088,-0.264,-47.373,32.432,0.000,0.000,-0.088,-0.088,0.176,0.000,0.000,0.439,0.176,0.000,0.000,0.000,0.000,0.000,0.000,0.000,-45.851,31.576,0.000,0.000,0.000,0.000,0.000,0.000,0.000,0.000,0.000,0.006,3.2,11.30,32.0,0.000,0.000,0.000,0.006,0.000,0.000,0.006,0.006,0.000,0.000,0.000,0.000,0.000,0.006,0.000,0.000,0.006,0.000
149.0043,1490,0,move,-1,149.0043,149.0175,0,0.000,0.000,0.176,-0.264,-0.088,0.088,-0.264,-46.494,31.904,0.000,0.000,-0.088,-0.088,0.176,0.000,0.000,0.439,0.176,0.000,0.000,0.000,0.000,0.000,0.000,0.000,-44.803,30.959,0.000,0.000,0.000,0.000,0.000,0.000,0.000,0.000,0.000,0.006,3.2,11.30,32.0,0.000,0.000,0.000,0.006,0.000,0.000,0.006,0.006,0.000,0.000,0.000,0.000,0.000,0.006,0.000,0.000,0.006,0.000
149.1043,1491,0,move,-1,149.1043,149.1167,0,0.000,0.000,0.176,-0.264,-0.088,0.088,-0.264,-45.527,31.289,0.000,0.000,-0.088,-0.088,0.176,0.000,0.000,0.439,0.176,0.000,0.000,0.000,0.000,0.000,0.000,0.000,-43.680,30.289,0.000,0.000,0.000,0.000,0.000,0.000,0.000,0.000,0.000,0.006,3.2,11.30,32.0,0.000,0.000,0.000,0.006,0.000,0.000,0.006,0.006,0.000,0.000,0.000,0.000,0.000,0.006,0.000,0.000,0.006,0.000
149.2045,1492,0,move,-1,149.2045,149.2165,0,0.000,0.000,0.176,-0.264,-0.088,0.088,-0.264,-44.473,30.674,0.000,0.000,-0.088,-0.088,0.176,0.000,0.000,0.439,0.176,0.000,0.000,0.000,0.000,0.000,0.000,0.000,-42.487,29.567,0.000,0.000,0.000,0.000,0.000,0.000,0.000,0.000,0.000,0.013,4.8,11.30,32.0,0.000,0.000,0.000,0.000,0.000,0.000,0.006,0.006,0.006,0.000,0.000,0.000,0.000,0.000,0.000,0.000,0.013,0.006
149.3045,1493,0,move,-1,149.3045,149.3151,0,0.000,0.000,0.176,-0.264,-0.088,0.088,-0.264,-43.330,30.059,0.000,0.000,-0.088,-0.088,0.176,0.000,0.000,0.439,0.176,0.000,0.000,0.000,0.000,0.000,0.000,0.000,-41.228,28.795,0.000,0.000,0.000,0.000,0.000,0.000,0.000,0.000,0.000,0.013,4.8,11.30,32.0,0.000,0.000,0.000,0.000,0.000,0.000,0.006,0.006,0.006,0.000,0.000,0.000,0.000,0.000,0.000,0.000,0.013,0.006
149.4045,1494,0,move,-1,149.4045,149.4161,0,0.000,0.000,0.176,-0.264,-0.088,0.088,-0.264,-42.100,29.355,0.000,0.000,-0.088,-0.088,0.176,0.000,0.000,0.439,0.176,0.000,0.000,0.000,0.000,0.000,0.000,0.000,-39.910,27.976,0.000,0.000,0.000,0.000,0.000,0.000,0.000,0.000,0.000,0.006,2.4,11.30,33.0,0.000,0.000,0.006,0.000,0.006,0.000,0.000,0.006,0.000,0.000,0.000,0.000,0.000,0.006,0.000,0.000,0.006,0.000
149.5043,1495,0,move,-1,149.5043,149.5146,0,0.000,0.000,0.176,-0.264,-0.088,0.088,-0.264,-40.781,28.564,0.000,0.000,-0.088,-0.088,0.176,0.000,0.000,0.439,0.176,0.000,0.000,0.000,0.000,0.000,0.000,0.000,-38.538,27.112,0.000,0.000,0.000,0.000,0.000,0.000,0.000,0.000,0.000,0.006,2.4,11.30,33.0,0.000,0.000,0.006,0.000,0.006,0.000,0.000,0.006,0.000,0.000,0.000,0.000,0.000,0.006,0.000,0.000,0.006,0.000
149.6045,1496,0,move,-1,149.6045,149.6158,0,0.000,0.000,0.176,-0.264,-0.088,0.088,-0.264,-39.463,27.686,0.000,0.000,-0.088,-0.088,0.176,0.000,0.000,0.439,0.176,0.000,0.000,0.000,0.000,0.000,0.000,0.000,-37.119,26.207,0.000,0.000,0.000,0.000,0.000,0.000,0.000,0.000,0.000,0.006,3.2,11.30,32.0,0.000,0.000,0.000,0.006,0.000,0.000,0.006,0.006,0.006,0.000,0.000,0.000,0.000,0.006,0.000,0.000,0.006,0.006
149.7043,1497,0,move,-1,149.7043,149.7152,0,0.000,0.000,0.176,-0.264,-0.088,0.088,-0.264,-38.057,26.807,0.000,0.000,-0.088,-0.088,0.176,0.000,0.000,0.439,0.176,0.000,0.000,0.000,0.000,0.000,0.000,0.000,-35.658,25.263,0.000,0.000,0.000,0.000,0.000,0.000,0.000,0.000,0.000,0.006,3.2,11.30,32.0,0.000,0.000,0.000,0.006,0.000,0.000,0.006,0.006,0.006,0.000,0.000,0.000,0.000,0.006,0.000,0.000,0.006,0.006
149.8045,1498,0,move,-1,149.8045,149.8166,0,0.000,0.000,0.176,-0.264,-0.088,0.088,-0.264,-36.650,25.928,0.000,0.000,-0.088,-0.088,0.176,0.000,0.000,0.439,0.176,0.000,0.000,0.000,0.000,0.000,0.000,0.000,-34.162,24.285,0.000,0.000,0.000,0.000,0.000,0.000,0.000,0.000,0.000,0.006,2.4,11.30,33.0,0.000,0.000,0.006,0.006,0.000,0.000,0.000,0.006,0.006,0.000,0.000,0.000,0.000,0.006,0.000,0.000,0.006,0.000
149.9045,1499,0,move,-1,149.9045,149.9154,0,0.000,0.000,0.176,-0.264,-0.088,0.088,-0.264,-35.244,25.049,0.000,0.000,-0.088,-0.088,0.176,0.000,0.000,0.439,0.176,0.000,0.000,0.000,0.000,0.000,0.000,0.000,-32.637,23.276,0.000,0.000,0.000,0.000,0.000,0.000,0.000,0.000,0.000,0.006,2.4,11.30,33.0,0.000,0.000,0.006,0.006,0.000,0.000,0.000,0.006,0.006,0.000,0.000,0.000,0.000,0.006,0.000,0.000,0.006,0.000
150.0044,1500,0,move,-1,150.0044,150.0164,0,0.000,0.000,0.176,-0.264,-0.088,0.088,-0.264,-33.750,24.082,0.000,0.000,-0.088,-0.088,0.176,0.000,0.000,0.439,0.176,0.000,0.000,0.000,0.000,0.000,0.000,0.000,-31.087,22.240,0.000,0.000,0.000,0.000,0.000,0.000,0.000,0.000,0.000,0.006,3.2,11.30,32.0,0.000,0.000,0.000,0.006,0.000,0.000,0.006,0.006,0.006,0.000,0.000,0.000,0.000,0.000,0.000,0.000,0.006,0.000
150.1043,1501,0,move,-1,150.1043,150.1248,0,0.000,0.000,0.176,-0.264,-0.088,0.088,-0.264,-32.168,23.027,0.000,0.000,-0.088,-0.088,0.176,0.000,0.000,0.439,0.176,0.000,0.000,0.000,0.000,0.000,0.000,0.000,-29.519,21.181,0.000,0.000,0.000,0.000,0.000,0.000,0.000,0.000,0.000,0.013,4.8,11.30,32.0,0.000,0.000,0.000,0.006,0.000,0.000,0.006,0.000,0.000,0.000,0.000,0.000,0.000,0.006,0.000,0.000,0.013,0.006
150.2046,1502,0,move,-1,150.2046,150.2140,0,0.000,0.000,0.176,-0.264,-0.088,0.088,-0.264,-30.850,22.061,0.000,0.000,-0.088,-0.088,0.176,0.000,0.000,0.439,0.176,0.000,0.000,0.000,0.000,0.000,0.000,0.000,-27.940,20.103,0.000,0.000,0.000,0.000,0.000,0.000,0.000,0.000,0.000,0.013,4.8,11.30,32.0,0.000,0.000,0.000,0.006,0.000,0.000,0.006,0.000,0.000,0.000,0.000,0.000,0.000,0.006,0.000,0.000,0.013,0.006
150.3045,1503,0,move,-1,150.3045,150.3164,0,0.000,0.000,0.176,-0.264,-0.088,0.088,-0.264,-29.268,21.006,0.000,0.000,-0.088,-0.088,0.176,0.000,0.000,0.439,0.176,0.000,0.000,0.000,0.000,0.000,0.000,0.000,-26.354,19.012,0.000,0.000,0.000,0.000,0.000,0.000,0.000,0.000,0.000,0.013,4.8,11.30,32.0,0.000,0.000,0.000,0.006,0.000,0.000,0.006,0.000,0.006,0.000,0.000,0.000,0.000,0.006,0.000,0.000,0.013,0.000
150.4045,1504,0,move,-1,150.4045,150.4179,0,0.000,0.000,0.176,-0.264,-0.088,0.088,-0.264,-27.686,19.863,0.000,0.000,-0.088,-0.088,0.176,0.000,0.000,0.439,0.176,0.000,0.000,0.000,0.000,0.000,0.000,0.000,-24.769,17.912,0.000,0.000,0.000,0.000,0.000,0.000,0.000,0.000,0.000,0.006,3.2,11.30,32.0,0.000,0.000,0.000,0.006,0.000,0.000,0.006,0.000,0.006,0.000,0.000,0.006,0.000,0.000,0.000,0.000,0.006,0.006
150.5046,1505,0,move,-1,150.5046,150.5397,0,0.000,0.000,0.176,-0.264,-0.088,0.088,-0.264,-25.752,18.633,0.000,0.000,-0.088,-0.088,0.176,0.000,0.000,0.439,0.176,0.000,0.000,0.000,0.000,0.000,0.000,0.000,-23.189,16.807,0.000,0.000,0.000,0.000,0.000,0.000,0.000,0.000,0.000,0.013,4.8,11.30,32.0,0.000,0.000,0.000,0.000,0.000,0.000,0.006,0.000,0.006,0.000,0.000,0.000,0.000,0.006,0.000,0.000,0.013,0.000
150.6043,1506,0,move,-1,150.6043,150.6154,0,0.000,0.000,0.176,-0.264,-0.088,0.088,-0.264,-24.609,17.754,0.000,0.000,-0.088,-0.088,0.176,0.000,0.000,0.439,0.176,0.000,0.000,0.000,0.000,0.000,0.000,0.000,-21.620,15.703,0.000,0.000,0.000,0.000,0.000,0.000,0.000,0.000,0.000,0.013,4.8,11.30,32.0,0.000,0.000,0.000,0.000,0.000,0.000,0.006,0.000,0.006,0.000,0.000,0.000,0.000,0.006,0.000,0.000,0.013,0.000
150.7045,1507,0,move,-1,150.7045,150.7162,0,0.000,0.000,0.176,-0.264,-0.088,0.088,-0.264,-23.027,16.611,0.000,0.000,-0.088,-0.088,0.176,0.000,0.000,0.439,0.176,0.000,0.000,0.000,0.000,0.000,0.000,0.000,-20.068,14.603,0.000,0.000,0.000,0.000,0.000,0.000,0.000,0.000,0.000,0.006,3.2,11.30,32.0,0.000,0.000,0.000,0.006,0.000,0.000,0.006,0.000,0.006,0.000,0.000,0.000,0.000,0.006,0.000,0.000,0.006,0.006
150.8043,1508,0,move,-1,150.8043,150.8148,0,0.000,0.000,0.176,-0.264,-0.088,0.088,-0.264,-21.445,15.557,0.000,0.000,-0.088,-0.088,0.176,0.000,0.000,0.439,0.176,0.000,0.000,0.000,0.000,0.000,0.000,0.000,-18.539,13.514,0.000,0.000,0.000,0.000,0.000,0.000,0.000,0.000,0.000,0.006,3.2,11.30,32.0,0.000,0.000,0.000,0.006,0.000,0.000,0.006,0.000,0.006,0.000,0.000,0.000,0.000,0.006,0.000,0.000,0.006,0.006
150.9045,1509,0,move,-1,150.9045,150.9139,0,0.000,0.000,0.176,-0.264,-0.088,0.088,-0.264,-19.863,14.414,0.000,0.000,-0.088,-0.088,0.176,0.000,0.000,0.439,0.176,0.000,0.000,0.000,0.000,0.000,0.000,0.000,-17.038,12.438,0.000,0.000,0.000,0.000,0.000,0.000,0.000,0.000,0.000,0.006,3.2,11.30,33.0,0.000,0.000,0.000,0.000,0.000,0.000,0.006,0.006,0.006,0.000,0.000,0.000,0.000,0.006,0.000,0.000,0.006,0.000
151.0045,1510,0,move,-1,151.0045,151.0164,0,0.000,0.000,0.176,-0.264,-0.088,0.088,-0.264,-18.281,13.359,0.000,0.000,-0.088,-0.088,0.176,0.000,0.000,0.439,0.176,0.000,0.000,0.000,0.000,0.000,0.000,0.000,-15.570,11.382,0.000,0.000,0.000,0.000,0.000,0.000,0.000,0.000,0.000,0.006,3.2,11.30,32.0,0.000,0.000,0.000,0.006,0.000,0.000,0.006,0.000,0.006,0.000,0.000,0.000,0.000,0.006,0.000,0.000,0.006,0.006
151.1045,1511,0,move,-1,151.1045,151.1144,0,0.000,0.000,0.176,-0.264,-0.088,0.088,-0.264,-16.787,12.305,0.000,0.000,-0.088,-0.088,0.176,0.000,0.000,0.439,0.176,0.000,0.000,0.000,0.000,0.000,0.000,0.000,-14.141,10.350,0.000,0.000,0.000,0.000,0.000,0.000,0.000,0.000,0.000,0.006,3.2,11.30,32.0,0.000,0.000,0.000,0.006,0.000,0.000,0.006,0.000,0.006,0.000,0.000,0.000,0.000,0.006,0.000,0.000,0.006,0.006
151.2045,1512,0,move,-1,151.2045,151.2174,0,0.000,0.000,0.176,-0.264,-0.088,0.088,-0.264,-15.205,11.162,0.000,0.000,-0.088,-0.088,0.176,0.000,0.000,0.439,0.176,0.000,0.000,0.000,0.000,0.000,0.000,0.000,-12.756,9.347,0.000,0.000,0.000,0.000,0.000,0.000,0.000,0.000,0.000,0.006,3.2,11.30,32.0,0.000,0.000,0.000,0.006,0.000,0.000,0.006,0.006,0.006,0.000,0.000,0.000,0.000,0.006,0.000,0.000,0.006,0.006
151.3045,1513,0,move,-1,151.3045,151.3161,0,0.000,0.000,0.176,-0.264,-0.088,0.088,-0.264,-13.799,10.195,0.000,0.000,-0.088,-0.088,0.176,0.000,0.000,0.439,0.176,0.000,0.000,0.000,0.000,0.000,0.000,0.000,-11.421,8.375,0.000,0.000,0.000,0.000,0.000,0.000,0.000,0.000,0.000,0.006,3.2,11.30,32.0,0.000,0.000,0.000,0.006,0.000,0.000,0.006,0.006,0.006,0.000,0.000,0.000,0.000,0.006,0.000,0.000,0.006,0.006
151.4045,1514,0,move,-1,151.4045,151.4168,0,0.000,0.000,0.176,-0.264,-0.088,0.088,-0.264,-12.393,9.141,0.000,0.000,-0.088,-0.088,0.176,0.000,0.000,0.439,0.176,0.000,0.000,0.000,0.000,0.000,0.000,0.000,-10.139,7.441,0.000,0.000,0.000,0.000,0.000,0.000,0.000,0.000,0.000,0.006,3.2,11.30,32.0,0.000,0.000,0.000,0.006,0.000,0.000,0.000,0.006,0.006,0.000,0.000,0.000,0.000,0.006,0.000,0.000,0.006,0.000
151.5045,1515,0,move,-1,151.5045,151.5151,0,0.000,0.000,0.176,-0.264,-0.088,0.088,-0.264,-10.986,8.174,0.000,0.000,-0.088,-0.088,0.176,0.000,0.000,0.439,0.176,0.000,0.000,0.000,0.000,0.000,0.000,0.000,-8.915,6.547,0.000,0.000,0.000,0.000,0.000,0.000,0.000,0.000,0.000,0.006,3.2,11.30,32.0,0.000,0.000,0.000,0.006,0.000,0.000,0.000,0.006,0.006,0.000,0.000,0.000,0.000,0.006,0.000,0.000,0.006,0.000
151.6045,1516,0,move,-1,151.6045,151.6163,0,0.000,0.000,0.176,-0.264,-0.088,0.088,-0.264,-9.668,7.295,0.000,0.000,-0.088,-0.088,0.176,0.000,0.000,0.439,0.176,0.000,0.000,0.000,0.000,0.000,0.000,0.000,-7.754,5.698,0.000,0.000,0.000,0.000,0.000,0.000,0.000,0.000,0.000,0.006,2.4,11.30,33.0,0.000,0.000,0.006,0.000,0.000,0.000,0.006,0.000,0.006,0.000,0.000,0.000,0.000,0.006,0.000,0.000,0.006,0.006
151.7043,1517,0,move,-1,151.7043,151.7102,0,0.000,0.000,0.176,-0.264,-0.088,0.088,-0.264,-8.613,6.504,0.000,0.000,-0.088,-0.088,0.176,0.000,0.000,0.439,0.176,0.000,0.000,0.000,0.000,0.000,0.000,0.000,-6.661,4.896,0.000,0.000,0.000,0.000,0.000,0.000,0.000,0.000,0.000,0.006,2.4,11.30,33.0,0.000,0.000,0.006,0.000,0.000,0.000,0.006,0.000,0.006,0.000,0.000,0.000,0.000,0.006,0.000,0.000,0.006,0.006
151.8045,1518,0,move,-1,151.8045,151.8161,0,0.000,0.000,0.176,-0.264,-0.088,0.088,-0.264,-7.295,5.537,0.000,0.000,-0.088,-0.088,0.176,0.000,0.000,0.439,0.176,0.000,0.000,0.000,0.000,0.000,0.000,0.000,-5.639,4.147,0.000,0.000,0.000,0.000,0.000,0.000,0.000,0.000,0.000,0.006,3.2,11.30,32.0,0.000,0.000,0.000,0.006,0.000,0.000,0.006,0.000,0.006,0.000,0.000,0.000,0.000,0.006,0.000,0.000,0.006,0.000
151.9045,1519,0,move,-1,151.9045,151.9173,0,0.000,0.000,0.176,-0.264,-0.088,0.088,-0.264,-6.152,4.746,0.000,0.000,-0.088,-0.088,0.176,0.000,0.000,0.439,0.176,0.000,0.000,0.000,0.000,0.000,0.000,0.000,-4.693,3.452,0.000,0.000,0.000,0.000,0.000,0.000,0.000,0.000,0.000,0.006,3.2,11.30,32.0,0.000,0.000,0.000,0.006,0.000,0.000,0.000,0.000,0.006,0.000,0.000,0.000,0.000,0.006,0.000,0.000,0.006,0.006
152.0045,1520,0,move,-1,152.0045,152.0146,0,0.000,0.000,0.176,-0.264,-0.088,0.088,-0.264,-5.186,3.955,0.000,0.000,-0.088,-0.088,0.176,0.000,0.000,0.439,0.176,0.000,0.000,0.000,0.000,0.000,0.000,0.000,-3.825,2.814,0.000,0.000,0.000,0.000,0.000,0.000,0.000,0.000,0.000,0.006,3.2,11.30,32.0,0.000,0.000,0.000,0.006,0.000,0.000,0.000,0.000,0.006,0.000,0.000,0.000,0.000,0.006,0.000,0.000,0.006,0.006
152.1045,1521,0,move,-1,152.1045,152.1101,0,0.000,0.000,0.176,-0.264,-0.088,0.088,-0.264,-4.570,3.428,0.000,0.000,-0.088,-0.088,0.176,0.000,0.000,0.439,0.176,0.000,0.000,0.000,0.000,0.000,0.000,0.000,-3.039,2.236,0.000,0.000,0.000,0.000,0.000,0.000,0.000,0.000,0.000,0.013,2.8,11.20,31.0,0.000,0.000,0.000,0.000,0.006,0.000,0.006,0.013,0.006,0.000,0.000,0.000,0.000,0.006,0.000,0.006,0.006,0.000
152.2045,1522,0,move,-1,152.2045,152.2163,0,0.000,0.000,0.176,-0.264,-0.088,0.088,-0.264,-3.428,2.549,0.000,0.000,-0.088,-0.088,0.176,0.000,0.000,0.439,0.176,0.000,0.000,0.000,0.000,0.000,0.000,0.000,-2.338,1.720,0.000,0.000,0.000,0.000,0.000,0.000,0.000,0.000,0.000,0.013,4.4,11.30,33.0,0.000,0.000,0.000,0.006,0.000,0.000,0.000,0.000,0.013,0.000,0.000,0.000,0.000,0.006,0.000,0.000,0.006,0.000
152.3047,1523,0,move,-1,152.3047,152.3135,0,0.000,0.000,0.176,-0.264,-0.088,0.088,-0.264,-2.725,2.021,0.000,0.000,-0.088,-0.088,0.176,0.000,0.000,0.439,0.176,0.000,0.000,0.000,0.000,0.000,0.000,0.000,-1.725,1.270,0.000,0.000,0.000,0.000,0.000,0.000,0.000,0.000,0.000,0.013,4.4,11.30,33.0,0.000,0.000,0.000,0.006,0.000,0.000,0.000,0.000,0.013,0.000,0.000,0.000,0.000,0.006,0.000,0.000,0.006,0.000
152.4045,1524,0,move,-1,152.4045,152.4164,0,0.000,0.000,0.176,-0.264,-0.088,0.088,-0.264,-2.109,1.494,0.000,0.000,-0.088,-0.088,0.176,0.000,0.000,0.439,0.176,0.000,0.000,0.000,0.000,0.000,0.000,0.000,-1.202,0.885,0.000,0.000,0.000,0.000,0.000,0.000,0.000,0.000,0.000,0.006,3.2,11.30,32.0,0.000,0.000,0.000,0.006,0.000,0.000,0.000,0.006,0.000,0.000,0.000,0.000,0.000,0.006,0.000,0.000,0.006,0.000
152.5045,1525,0,move,-1,152.5045,152.5161,0,0.000,0.000,0.176,-0.264,-0.088,0.088,-0.264,-1.318,1.143,0.000,0.000,-0.088,-0.088,0.176,0.000,0.000,0.439,0.176,0.000,0.000,0.000,0.000,0.000,0.000,0.000,-0.772,0.568,0.000,0.000,0.000,0.000,0.000,0.000,0.000,0.000,0.000,0.006,3.2,11.30,32.0,0.000,0.000,0.000,0.006,0.000,0.000,0.000,0.006,0.000,0.000,0.000,0.000,0.000,0.006,0.000,0.000,0.006,0.000
152.6045,1526,0,move,-1,152.6045,152.6112,0,0.000,0.000,0.176,-0.264,-0.088,0.088,-0.264,-0.879,0.791,0.000,0.000,-0.088,-0.088,0.176,0.000,0.000,0.439,0.176,0.000,0.000,0.000,0.000,0.000,0.000,0.000,-0.435,0.320,0.000,0.000,0.000,0.000,0.000,0.000,0.000,0.000,0.000,0.013,3.6,11.20,31.0,0.000,0.000,0.000,0.000,0.000,0.000,0.006,0.013,0.006,0.000,0.000,0.000,0.000,0.006,0.000,0.000,0.013,0.000
152.7045,1527,0,move,-1,152.7045,152.7138,0,0.000,0.000,0.176,-0.264,-0.088,0.088,-0.264,-0.439,0.527,0.000,0.000,-0.088,-0.088,0.176,0.000,0.000,0.439,0.176,0.000,0.000,0.000,0.000,0.000,0.000,0.000,-0.194,0.143,0.000,0.000,0.000,0.000,0.000,0.000,0.000,0.000,0.000,0.013,4.8,11.30,32.0,0.000,0.000,0.006,0.006,0.000,0.000,0.006,0.000,0.000,0.000,0.000,0.000,0.000,0.006,0.000,0.000,0.013,0.006
152.8045,1528,0,move,-1,152.8045,152.8154,0,0.000,0.000,0.176,-0.264,-0.088,0.088,-0.264,-0.088,0.439,0.000,0.000,-0.088,-0.088,0.176,0.000,0.000,0.439,0.176,0.000,0.000,0.000,0.000,0.000,0.000,0.000,-0.049,0.036,0.000,0.000,0.000,0.000,0.000,0.000,0.000,0.000,0.000,0.006,2.8,11.20,31.0,,0.000,0.000,0.000,0.000,0.000,0.000,0.006,0.000,0.000,0.000,0.000,0.000,0.006,0.000,0.000,0.006,0.000
152.9046,1529,0,move,-1,152.9046,152.9144,0,0.000,0.000,0.176,-0.264,-0.088,0.088,-0.264,-0.088,0.176,0.000,0.000,-0.088,-0.088,0.176,0.000,0.000,0.439,0.176,0.000,0.000,0.000,0.000,0.000,0.000,0.000,0.000,0.000,0.000,0.000,0.000,0.000,0.000,0.000,0.000,0.000,0.000,0.006,2.8,11.20,31.0,,0.000,0.000,0.000,0.000,0.000,0.000,0.006,0.000,0.000,0.000,0.000,0.000,0.006,0.000,0.000,0.006,0.000
153.0043,1530,0,move,-1,153.0043,153.0197,0,0.000,0.000,0.176,-0.264,-0.088,0.088,-0.264,-0.088,0.176,0.000,0.000,-0.088,-0.088,0.176,0.000,0.000,0.439,0.176,0.000,0.000,0.000,0.000,0.000,0.000,0.000,0.000,0.000,0.000,0.000,0.000,0.000,0.000,0.000,0.000,0.000,0.000,0.006,3.2,11.30,32.0,0.000,0.000,0.000,0.006,0.000,0.000,0.006,0.000,0.000,0.000,0.000,0.000,0.000,0.006,0.000,0.000,0.006,0.006
153.1045,1531,0,move,-1,153.1045,153.1140,0,0.000,0.000,0.176,-0.264,-0.088,0.088,-0.264,-0.088,0.176,0.000,0.000,-0.088,-0.088,0.176,0.000,0.000,0.439,0.176,0.000,0.000,0.000,0.000,0.000,0.000,0.000,0.000,0.000,0.000,0.000,0.000,0.000,0.000,0.000,0.000,0.000,0.000,0.006,3.2,11.30,32.0,0.000,0.000,0.000,0.006,0.000,0.000,0.006,0.000,0.000,0.000,0.000,0.000,0.000,0.006,0.000,0.000,0.006,0.006
153.2045,1532,0,move,-1,153.2045,153.2152,0,0.000,0.000,0.176,-0.264,-0.088,0.088,-0.264,-0.088,0.176,0.000,0.000,-0.088,-0.088,0.176,0.000,0.000,0.439,0.176,0.000,0.000,0.000,0.000,0.000,0.000,0.000,0.000,0.000,0.000,0.000,0.000,0.000,0.000,0.000,0.000,0.000,0.000,0.013,4.8,11.30,32.0,0.000,0.000,0.000,0.000,0.000,0.000,0.006,0.000,0.000,0.000,0.000,0.000,0.000,0.000,0.000,0.000,0.013,0.000
153.3045,1533,0,move,-1,153.3045,153.3159,0,0.000,0.000,0.176,-0.264,-0.088,0.088,-0.264,-0.088,0.176,0.000,0.000,-0.088,-0.088,0.176,0.000,0.000,0.439,0.176,0.000,0.000,0.000,0.000,0.000,0.000,0.000,0.000,0.000,0.000,0.000,0.000,0.000,0.000,0.000,0.000,0.000,0.000,0.006,2.4,11.30,33.0,0.000,0.000,0.006,0.006,0.000,0.000,0.006,0.000,0.000,0.000,0.000,0.000,0.006,0.006,0.000,0.000,0.006,0.000
153.4045,1534,0,move,-1,153.4045,153.4176,0,0.000,0.000,0.176,-0.264,-0.088,0.088,-0.264,-0.088,0.176,0.000,0.000,-0.088,-0.088,0.176,0.000,0.000,0.439,0.176,0.000,0.000,0.000,0.000,0.000,0.000,0.000,0.000,0.000,0.000,0.000,0.000,0.000,0.000,0.000,0.000,0.000,0.000,0.013,2.4,11.30,29.0,0.000,0.000,0.006,0.000,0.000,0.000,0.006,0.000,0.000,0.000,0.000,0.000,0.000,0.013,0.000,0.000,0.006,0.000
153.5045,1535,0,move,-1,153.5045,153.5166,0,0.000,0.000,0.176,-0.264,-0.088,0.088,-0.264,-0.088,0.176,0.000,0.000,-0.088,-0.088,0.176,0.000,0.000,0.439,0.176,0.000,0.000,0.000,0.000,0.000,0.000,0.000,0.000,0.000,0.000,0.000,0.000,0.000,0.000,0.000,0.000,0.000,0.000,0.013,2.4,11.30,29.0,0.000,0.000,0.006,0.000,0.000,0.000,0.006,0.000,0.000,0.000,0.000,0.000,0.000,0.013,0.000,0.000,0.006,0.000
153.6045,1536,0,move,-1,153.6045,153.6159,0,0.000,0.000,0.176,-0.264,-0.088,0.088,-0.264,-0.088,0.176,0.000,0.000,-0.088,-0.088,0.176,0.000,0.000,0.439,0.176,0.000,0.000,0.000,0.000,0.000,0.000,0.000,0.000,0.000,0.000,0.000,0.000,0.000,0.000,0.000,0.000,0.000,0.000,0.006,3.2,11.30,32.0,0.000,0.000,0.000,0.006,0.000,0.000,0.000,0.000,0.000,0.000,0.000,0.000,0.000,0.006,0.000,0.000,0.006,0.006
153.7045,1537,0,move,-1,153.7045,153.7161,0,0.000,0.000,0.176,-0.264,-0.088,0.088,-0.264,-0.088,0.176,0.000,0.000,-0.088,-0.088,0.176,0.000,0.000,0.439,0.176,0.000,0.000,0.000,0.000,0.000,0.000,0.000,0.000,0.000,0.000,0.000,0.000,0.000,0.000,0.000,0.000,0.000,0.000,0.006,2.4,11.30,33.0,0.000,0.000,0.006,0.006,0.000,0.000,0.000,0.000,0.000,0.000,0.000,0.000,0.000,0.006,0.000,0.000,0.006,0.000
153.8045,1538,0,move,-1,153.8045,153.8160,0,0.000,0.000,0.176,-0.264,-0.088,0.088,-0.264,-0.088,0.176,0.000,0.000,-0.088,-0.088,0.176,0.000,0.000,0.439,0.176,0.000,0.000,0.000,0.000,0.000,0.000,0.000,0.000,0.000,0.000,0.000,0.000,0.000,0.000,0.000,0.000,0.000,0.000,0.006,2.4,11.30,33.0,0.000,0.000,0.006,0.006,0.000,0.000,0.000,0.000,0.000,0.000,0.000,0.000,0.000,0.006,0.000,0.000,0.006,0.000
153.9045,1539,0,move,-1,153.9045,153.9163,0,0.000,0.000,0.176,-0.264,-0.088,0.088,-0.264,-0.088,0.176,0.000,0.000,-0.088,-0.088,0.176,0.000,0.000,0.439,0.176,0.000,0.000,0.000,0.000,0.000,0.000,0.000,0.000,0.000,0.000,0.000,0.000,0.000,0.000,0.000,0.000,0.000,0.000,0.006,2.4,11.30,29.0,0.000,0.000,0.000,0.000,0.000,0.000,0.000,0.000,0.000,0.000,0.000,0.000,0.000,0.006,0.000,0.000,0.006,0.006
154.0045,1540,0,move,-1,154.0045,154.0152,0,0.000,0.000,0.176,-0.264,-0.088,0.088,-0.264,-0.088,0.176,0.000,0.000,-0.088,-0.088,0.176,0.000,0.000,0.439,0.176,0.000,0.000,0.000,0.000,0.000,0.000,0.000,0.000,0.000,0.000,0.000,0.000,0.000,0.000,0.000,0.000,0.000,0.000,0.006,2.4,11.30,29.0,0.000,0.000,0.000,0.000,0.000,0.000,0.000,0.000,0.000,0.000,0.000,0.000,0.000,0.006,0.000,0.000,0.006,0.006
154.1045,1541,0,move,-1,154.1045,154.1163,0,0.000,0.000,0.176,-0.264,-0.088,0.088,-0.264,-0.088,0.176,0.000,0.000,-0.088,-0.088,0.176,0.000,0.000,0.439,0.176,0.000,0.000,0.000,0.000,0.000,0.000,0.000,0.000,0.000,0.000,0.000,0.000,0.000,0.000,0.000,0.000,0.000,0.000,0.013,4.8,11.30,32.0,0.000,0.000,0.000,0.000,0.000,0.000,0.006,0.000,0.006,0.000,0.000,0.000,0.000,0.006,0.000,0.000,0.013,0.000
154.2044,1542,0,move,-1,154.2044,154.2168,0,0.000,0.000,0.176,-0.264,-0.088,0.088,-0.264,-0.088,0.176,0.000,0.000,-0.088,-0.088,0.176,0.000,0.000,0.439,0.176,0.000,0.000,0.000,0.000,0.000,0.000,0.000,0.000,0.000,0.000,0.000,0.000,0.000,0.000,0.000,0.000,0.000,0.000,0.006,3.2,11.30,32.0,0.000,0.000,0.000,0.006,0.000,0.000,0.006,0.000,0.006,0.000,0.000,0.000,0.000,0.006,0.000,0.000,0.006,0.000
154.3043,1543,0,move,-1,154.3043,154.3154,0,0.000,0.000,0.176,-0.264,-0.088,0.088,-0.264,-0.088,0.176,0.000,0.000,-0.088,-0.088,0.176,0.000,0.000,0.439,0.176,0.000,0.000,0.000,0.000,0.000,0.000,0.000,0.000,0.000,0.000,0.000,0.000,0.000,0.000,0.000,0.000,0.000,0.000,0.006,3.2,11.30,32.0,0.000,0.000,0.000,0.006,0.000,0.000,0.006,0.000,0.006,0.000,0.000,0.000,0.000,0.006,0.000,0.000,0.006,0.000
154.4045,1544,0,move,-1,154.4045,154.4162,0,0.000,0.000,0.176,-0.264,-0.088,0.088,-0.264,-0.088,0.176,0.000,0.000,-0.088,-0.088,0.176,0.000,0.000,0.439,0.176,0.000,0.000,0.000,0.000,0.000,0.000,0.000,0.000,0.000,0.000,0.000,0.000,0.000,0.000,0.000,0.000,0.000,0.000,0.006,2.4,11.30,33.0,0.000,0.000,0.006,0.000,0.000,0.000,0.006,0.000,0.000,0.000,0.000,0.000,0.000,0.006,0.000,0.000,0.006,0.000
154.5045,1545,0,move,-1,154.5045,154.5146,0,0.000,0.000,0.176,-0.264,-0.088,0.088,-0.264,-0.088,0.176,0.000,0.000,-0.088,-0.088,0.176,0.000,0.000,0.439,0.176,0.000,0.000,0.000,0.000,0.000,0.000,0.000,0.000,0.000,0.000,0.000,0.000,0.000,0.000,0.000,0.000,0.000,0.000,0.006,2.4,11.30,33.0,0.000,0.000,0.006,0.000,0.000,0.000,0.006,0.000,0.000,0.000,0.000,0.000,0.000,0.006,0.000,0.000,0.006,0.000
154.6045,1546,0,move,-1,154.6045,154.6155,0,0.000,0.000,0.176,-0.264,-0.088,0.088,-0.264,-0.088,0.176,0.000,0.000,-0.088,-0.088,0.176,0.000,0.000,0.439,0.176,0.000,0.000,0.000,0.000,0.000,0.000,0.000,0.000,0.000,0.000,0.000,0.000,0.000,0.000,0.000,0.000,0.000,0.000,0.006,3.2,11.30,32.0,0.000,0.000,0.000,0.006,0.000,0.000,0.006,0.000,0.000,0.000,0.000,0.000,0.000,0.006,0.000,0.000,0.006,0.000
154.7064,1547,0,move,-1,154.7064,154.7380,0,0.000,0.000,0.176,-0.264,-0.088,0.088,-0.264,-0.088,0.176,0.000,0.000,-0.088,-0.088,0.176,0.000,0.000,0.439,0.176,0.000,0.000,0.000,0.000,0.000,0.000,0.000,0.000,0.000,0.000,0.000,0.000,0.000,0.000,0.000,0.000,0.000,0.000,0.013,4.8,11.30,32.0,0.000,0.000,0.000,0.000,0.000,0.000,0.000,0.000,0.006,0.000,0.000,0.000,0.000,0.006,0.000,0.000,0.013,0.006
154.8046,1548,0,move,-1,154.8046,154.8153,0,0.000,0.000,0.176,-0.264,-0.088,0.088,-0.264,-0.088,0.176,0.000,0.000,-0.088,-0.088,0.176,0.000,0.000,0.439,0.176,0.000,0.000,0.000,0.000,0.000,0.000,0.000,0.000,0.000,0.000,0.000,0.000,0.000,0.000,0.000,0.000,0.000,0.000,0.013,4.8,11.30,32.0,0.000,0.000,0.000,0.000,0.000,0.000,0.000,0.000,0.006,0.000,0.000,0.000,0.000,0.006,0.000,0.000,0.013,0.006
154.9052,1549,0,move,-1,154.9052,154.9166,0,0.000,0.000,0.176,-0.264,-0.088,0.088,-0.264,-0.088,0.176,0.000,0.000,-0.088,-0.088,0.176,0.000,0.000,0.439,0.176,0.000,0.000,0.000,0.000,0.000,0.000,0.000,0.000,0.000,0.000,0.000,0.000,0.000,0.000,0.000,0.000,0.000,0.000,0.006,3.2,11.30,32.0,0.000,0.000,0.000,0.006,0.000,0.000,0.000,0.000,0.006,0.000,0.000,0.000,0.000,0.006,0.000,0.000,0.006,0.000
155.0045,1550,0,move,-1,155.0045,155.0165,0,0.000,0.000,0.176,-0.264,-0.088,0.088,-0.264,-0.088,0.176,0.000,0.000,-0.088,-0.088,0.176,0.000,0.000,0.439,0.176,0.000,0.000,0.000,0.000,0.000,0.000,0.000,0.000,0.000,0.000,0.000,0.000,0.000,0.000,0.000,0.000,0.000,0.000,0.006,3.2,11.30,32.0,0.000,0.000,0.000,0.006,0.000,0.000,0.000,0.000,0.006,0.000,0.000,0.000,0.000,0.006,0.000,0.000,0.006,0.000
155.1045,1551,0,move,-1,155.1045,155.1163,0,0.000,0.000,0.176,-0.264,-0.088,0.088,-0.264,-0.088,0.176,0.000,0.000,-0.088,-0.088,0.176,0.000,0.000,0.439,0.176,0.000,0.000,0.000,0.000,0.000,0.000,0.000,0.000,0.000,0.000,0.000,0.000,0.000,0.000,0.000,0.000,0.000,0.000,0.006,2.4,11.30,33.0,0.000,0.000,0.006,0.000,0.000,0.000,0.006,0.000,0.000,0.000,0.000,0.000,0.000,0.000,0.000,0.000,0.006,0.000
155.2045,1552,0,move,-1,155.2045,155.2148,0,0.000,0.000,0.176,-0.264,-0.088,0.088,-0.264,-0.088,0.176,0.000,0.000,-0.088,-0.088,0.176,0.000,0.000,0.439,0.176,0.000,0.000,0.000,0.000,0.000,0.000,0.000,0.000,0.000,0.000,0.000,0.000,0.000,0.000,0.000,0.000,0.000,0.000,0.006,2.4,11.30,33.0,0.000,0.000,0.006,0.000,0.000,0.000,0.006,0.000,0.000,0.000,0.000,0.000,0.000,0.000,0.000,0.000,0.006,0.000
155.3045,1553,0,move,-1,155.3045,155.3154,0,0.000,0.000,0.176,-0.264,-0.088,0.088,-0.264,-0.088,0.176,0.000,0.000,-0.088,-0.088,0.176,0.000,0.000,0.439,0.176,0.000,0.000,0.000,0.000,0.000,0.000,0.000,0.000,0.000,0.000,0.000,0.000,0.000,0.000,0.000,0.000,0.000,0.000,0.006,3.2,11.30,32.0,0.000,0.000,0.000,0.006,0.000,0.000,0.000,0.000,0.000,0.000,0.000,0.000,0.000,0.006,0.000,0.000,0.006,0.000
155.4045,1554,0,move,-1,155.4045,155.4159,0,0.000,0.000,0.176,-0.264,-0.088,0.088,-0.264,-0.088,0.176,0.000,0.000,-0.088,-0.088,0.176,0.000,0.000,0.439,0.176,0.000,0.000,0.000,0.000,0.000,0.000,0.000,0.000,0.000,0.000,0.000,0.000,0.000,0.000,0.000,0.000,0.000,0.000,0.006,3.2,11.30,32.0,0.000,0.000,0.000,0.006,0.000,0.000,0.006,0.000,0.006,0.000,0.000,0.000,0.000,0.006,0.000,0.000,0.006,0.000
155.5045,1555,0,move,-1,155.5045,155.5159,0,0.000,0.000,0.176,-0.264,-0.088,0.088,-0.264,-0.088,0.176,0.000,0.000,-0.088,-0.088,0.176,0.000,0.000,0.439,0.176,0.000,0.000,0.000,0.000,0.000,0.000,0.000,0.000,0.000,0.000,0.000,0.000,0.000,0.000,0.000,0.000,0.000,0.000,0.006,3.2,11.30,32.0,0.000,0.000,0.000,0.006,0.000,0.000,0.006,0.000,0.006,0.000,0.000,0.000,0.000,0.006,0.000,0.000,0.006,0.000
155.6045,1556,0,move,-1,155.6045,155.6162,0,0.000,0.000,0.176,-0.264,-0.088,0.088,-0.264,-0.088,0.176,0.000,0.000,-0.088,-0.088,0.176,0.000,0.000,0.439,0.176,0.000,0.000,0.000,0.000,0.000,0.000,0.000,0.000,0.000,0.000,0.000,0.000,0.000,0.000,0.000,0.000,0.000,0.000,0.006,3.2,11.30,32.0,0.000,0.000,0.000,0.006,0.000,0.000,0.006,0.000,0.000,0.000,0.000,0.000,0.000,0.000,0.000,0.000,0.006,0.000
155.7045,1557,0,move,-1,155.7045,155.7161,0,0.000,0.000,0.176,-0.264,-0.088,0.088,-0.264,-0.088,0.176,0.000,0.000,-0.088,-0.088,0.176,0.000,0.000,0.439,0.176,0.000,0.000,0.000,0.000,0.000,0.000,0.000,0.000,0.000,0.000,0.000,0.000,0.000,0.000,0.000,0.000,0.000,0.000,0.006,3.2,11.30,32.0,0.000,0.000,0.000,0.006,0.000,0.000,0.006,0.000,0.000,0.000,0.000,0.000,0.000,0.000,0.000,0.000,0.006,0.000
155.8046,1558,0,move,-1,155.8046,155.8172,0,0.000,0.000,0.176,-0.264,-0.088,0.088,-0.264,-0.088,0.176,0.000,0.000,-0.088,-0.088,0.176,0.000,0.000,0.439,0.176,0.000,0.000,0.000,0.000,0.000,0.000,0.000,0.000,0.000,0.000,0.000,0.000,0.000,0.000,0.000,0.000,0.000,0.000,0.006,3.2,11.30,32.0,0.000,0.000,0.000,0.006,0.000,0.000,0.000,0.000,0.000,0.000,0.000,0.000,0.000,0.000,0.000,0.000,0.006,0.000
155.9043,1559,0,move,-1,155.9043,155.9147,0,0.000,0.000,0.176,-0.264,-0.088,0.088,-0.264,-0.088,0.176,0.000,0.000,-0.088,-0.088,0.176,0.000,0.000,0.439,0.176,0.000,0.000,0.000,0.000,0.000,0.000,0.000,0.000,0.000,0.000,0.000,0.000,0.000,0.000,0.000,0.000,0.000,0.000,0.006,3.2,11.30,32.0,0.000,0.000,0.000,0.006,0.000,0.000,0.000,0.000,0.000,0.000,0.000,0.000,0.000,0.000,0.000,0.000,0.006,0.000
