t_s,tick,seg,phase,joint,t_send_s,t_recv_s,overrun,q0_deg,q1_deg,q2_deg,q3_deg,q4_deg,q5_deg,q6_deg,q7_deg,q8_deg,q9_deg,q10_deg,q11_deg,q12_deg,q13_deg,q14_deg,q15_deg,q16_deg,q17_deg,cmd0_deg,cmd1_deg,cmd2_deg,cmd3_deg,cmd4_deg,cmd5_deg,cmd6_deg,cmd7_deg,cmd8_deg,cmd9_deg,cmd10_deg,cmd11_deg,cmd12_deg,cmd13_deg,cmd14_deg,cmd15_deg,cmd16_deg,cmd17_deg,cur_a,load_pct,volt,temp_c,cur0_a,cur1_a,cur2_a,cur3_a,cur4_a,cur5_a,cur6_a,cur7_a,cur8_a,cur9_a,cur10_a,cur11_a,cur12_a,cur13_a,cur14_a,cur15_a,cur16_a,cur17_a
0.0100,0,0,move,-1,0.0100,0.0197,0,0.000,-0.088,0.176,-0.176,-0.088,0.088,-0.264,-0.088,0.176,0.000,-0.176,-0.088,-0.088,0.264,0.000,0.000,0.439,0.176,0.000,0.000,0.000,0.000,0.000,0.000,0.000,0.000,0.000,0.000,0.000,0.000,0.000,0.000,0.000,0.000,0.000,0.000,0.000,0.0,11.30,31.0,0.000,0.000,0.000,0.000,0.000,0.000,0.000,0.000,0.000,0.000,0.000,0.000,0.000,0.000,0.000,0.000,0.000,0.000
0.1049,1,0,move,-1,0.1049,0.1155,0,0.000,-0.088,0.176,-0.176,-0.088,0.088,-0.264,-0.088,0.176,0.000,-0.176,-0.088,-0.088,0.264,0.000,0.000,0.439,0.176,0.000,0.000,0.000,0.000,0.000,0.000,0.000,0.000,0.000,0.000,0.000,0.000,0.000,0.000,0.000,0.000,0.000,0.000,0.000,0.0,11.30,31.0,0.000,0.000,0.000,0.000,0.000,0.000,0.000,0.000,0.000,0.000,0.000,0.000,0.000,0.000,0.000,0.000,0.000,0.000
0.2049,2,0,move,-1,0.2049,0.2159,0,0.000,-0.088,0.176,-0.176,-0.088,0.088,-0.264,-0.088,0.176,0.000,-0.176,-0.088,-0.088,0.264,0.000,0.000,0.439,0.176,0.000,0.000,0.000,0.000,0.000,0.000,0.000,0.000,0.000,0.000,0.000,0.000,0.000,0.000,0.000,0.000,0.000,0.000,0.013,3.2,11.30,28.0,0.000,0.000,0.000,0.000,0.000,0.000,0.006,0.000,0.000,0.000,0.000,0.006,0.000,0.013,0.000,0.000,0.013,0.000
0.3047,3,0,move,-1,0.3047,0.3291,0,0.000,-0.088,0.176,-0.176,-0.088,0.088,-0.264,-0.088,0.176,0.000,-0.176,-0.088,-0.088,0.264,0.000,0.000,0.439,0.176,0.000,0.000,0.000,0.000,0.000,0.000,0.000,0.000,0.000,0.000,0.000,0.000,0.000,0.000,0.000,0.000,0.000,0.000,0.013,3.2,11.30,28.0,0.000,0.000,0.000,0.006,0.000,0.000,0.006,0.000,0.006,0.000,0.000,0.000,0.000,0.013,0.000,0.000,0.013,0.000
0.4049,4,0,move,-1,0.4049,0.4169,0,0.000,-0.088,0.176,-0.176,-0.088,0.088,-0.264,-0.088,0.176,0.000,-0.176,-0.088,-0.088,0.264,0.000,0.000,0.439,0.176,0.000,0.000,0.000,0.000,0.000,0.000,0.000,0.000,0.000,0.000,0.000,0.000,0.000,0.000,0.000,0.000,0.000,0.000,0.013,3.2,11.30,28.0,0.000,0.000,0.000,0.006,0.000,0.000,0.006,0.000,0.006,0.000,0.000,0.000,0.000,0.013,0.000,0.000,0.013,0.000
0.5049,5,0,move,-1,0.5049,0.5159,0,0.000,-0.088,0.176,-0.176,-0.088,0.088,-0.264,-0.088,0.176,0.000,-0.176,-0.088,-0.088,0.264,0.000,0.000,0.439,0.176,0.000,0.000,0.000,0.000,0.000,0.000,0.000,0.000,0.000,0.000,0.000,0.000,0.000,0.000,0.000,0.000,0.000,0.000,0.013,3.2,11.30,28.0,0.000,0.000,0.000,0.000,0.000,0.000,0.000,0.000,0.000,0.000,0.000,0.000,0.000,0.013,0.000,0.000,0.013,0.006
0.6049,6,0,move,-1,0.6049,0.6185,0,0.000,-0.088,0.176,-0.176,-0.088,0.088,-0.264,-0.088,0.176,0.000,-0.176,-0.088,-0.088,0.264,0.000,0.000,0.439,0.176,0.000,0.000,0.000,0.000,0.000,0.000,0.000,0.000,0.000,0.000,0.000,0.000,0.000,0.000,0.000,0.000,0.000,0.000,0.013,3.2,11.30,28.0,0.000,0.000,0.000,0.000,0.000,0.000,0.006,0.000,0.000,0.000,0.000,0.000,0.000,0.013,0.000,0.000,0.006,0.000
0.7049,7,0,move,-1,0.7049,0.7177,0,0.000,-0.088,0.176,-0.176,-0.088,0.088,-0.264,-0.088,0.176,0.000,-0.176,-0.088,-0.088,0.264,0.000,0.000,0.439,0.176,0.000,0.000,0.000,0.000,0.000,0.000,0.000,0.000,0.000,0.000,0.000,0.000,0.000,0.000,0.000,0.000,0.000,0.000,0.013,3.2,11.30,28.0,0.000,0.000,0.000,0.000,0.000,0.000,0.006,0.000,0.000,0.000,0.000,0.000,0.000,0.013,0.000,0.000,0.006,0.000
0.8048,8,0,move,-1,0.8048,0.8452,0,0.000,-0.088,0.176,-0.176,-0.088,0.088,-0.264,-0.088,0.176,0.000,-0.176,-0.088,-0.088,0.264,0.000,0.000,0.439,0.176,0.000,0.000,0.000,0.000,0.000,0.000,0.000,0.000,0.000,0.000,0.000,0.000,0.000,0.000,0.000,0.000,0.000,0.000,0.013,3.2,11.30,28.0,0.000,0.000,0.000,0.000,0.000,0.000,0.006,0.000,0.000,0.000,0.000,0.000,0.000,0.013,0.000,0.000,0.006,0.006
0.9047,9,0,move,-1,0.9047,0.9303,0,0.000,-0.088,0.176,-0.176,-0.088,0.088,-0.264,-0.088,0.176,0.000,-0.176,-0.088,-0.088,0.264,0.000,0.000,0.439,0.176,0.000,0.000,0.000,0.000,0.000,0.000,0.000,0.000,0.000,0.000,0.000,0.000,0.000,0.000,0.000,0.000,0.000,0.000,0.013,3.2,11.30,28.0,0.000,0.000,0.000,0.000,0.000,0.000,0.006,0.000,0.000,0.000,0.000,0.000,0.000,0.013,0.000,0.000,0.006,0.006
1.0049,10,0,move,-1,1.0049,1.0169,0,0.000,-0.088,0.176,-0.176,-0.088,0.088,-0.264,-0.088,0.176,0.000,-0.176,-0.088,-0.088,0.264,0.000,0.000,0.439,0.176,0.000,0.000,0.000,0.000,0.000,0.000,0.000,0.000,0.000,0.000,-0.049,0.036,0.000,0.000,0.000,0.000,0.000,0.000,0.013,4.8,11.30,31.0,0.000,0.000,0.006,0.000,0.000,0.000,0.006,0.000,0.000,0.000,0.000,0.000,0.000,0.006,0.000,0.000,0.013,0.000
1.1089,11,0,move,-1,1.1089,1.1199,0,0.000,-0.088,0.176,-0.176,-0.088,0.088,-0.264,-0.088,0.176,0.000,-0.176,-0.088,-0.088,0.264,0.000,0.000,0.439,0.176,0.000,0.000,0.000,0.000,0.000,0.000,0.000,0.000,0.000,0.000,-0.194,0.143,0.000,0.000,0.000,0.000,0.000,0.000,0.013,3.2,11.30,28.0,0.000,0.000,0.000,0.006,0.000,0.000,0.000,0.000,0.006,0.000,0.000,0.000,0.000,0.013,0.000,0.000,0.006,0.000
1.2053,12,0,move,-1,1.2053,1.2150,0,0.000,-0.088,0.176,-0.176,-0.088,0.088,-0.264,-0.088,0.176,0.000,-0.176,0.176,-0.088,0.264,0.000,0.000,0.439,0.176,0.000,0.000,0.000,0.000,0.000,0.000,0.000,0.000,0.000,0.000,-0.435,0.320,0.000,0.000,0.000,0.000,0.000,0.000,0.013,3.2,11.30,28.0,0.000,0.000,0.000,0.006,0.000,0.000,0.000,0.000,0.006,0.000,0.000,0.000,0.000,0.013,0.000,0.000,0.006,0.000
1.3047,13,0,move,-1,1.3047,1.3155,0,0.000,-0.088,0.176,-0.176,-0.088,0.088,-0.264,-0.088,0.176,0.000,-0.176,0.352,-0.088,0.264,0.000,0.000,0.439,0.176,0.000,0.000,0.000,0.000,0.000,0.000,0.000,0.000,0.000,0.000,-0.772,0.568,0.000,0.000,0.000,0.000,0.000,0.000,0.013,4.8,11.30,31.0,0.000,0.000,,0.000,0.000,0.000,0.000,0.000,0.006,0.000,0.006,0.006,0.000,0.006,0.000,0.000,0.013,0.000
1.4047,14,0,move,-1,1.4047,1.4312,0,0.000,-0.088,0.176,-0.176,-0.088,0.088,-0.264,-0.088,0.176,0.000,-0.264,0.527,-0.088,0.264,0.000,0.000,0.439,0.176,0.000,0.000,0.000,0.000,0.000,0.000,0.000,0.000,0.000,0.000,-1.202,0.885,0.000,0.000,0.000,0.000,0.000,0.000,0.013,6.4,11.30,30.0,0.000,0.000,0.006,0.000,0.000,0.000,0.000,0.000,0.000,0.000,0.013,0.006,0.000,0.013,0.000,0.000,0.013,0.000
1.5049,15,0,move,-1,1.5049,1.5182,0,0.000,-0.088,0.176,-0.176,-0.088,0.088,-0.264,-0.088,0.176,0.000,-0.527,0.703,-0.088,0.264,0.000,0.000,0.439,0.176,0.000,0.000,0.000,0.000,0.000,0.000,0.000,0.000,0.000,0.000,-1.725,1.270,0.000,0.000,0.000,0.000,0.000,0.000,0.013,6.4,11.30,30.0,0.000,0.000,0.006,0.000,0.000,0.000,0.000,0.000,0.000,0.000,0.013,0.006,0.000,0.013,0.000,0.000,0.013,0.000
1.6049,16,0,move,-1,1.6049,1.6149,0,0.000,-0.088,0.176,-0.176,-0.088,0.088,-0.264,-0.088,0.176,0.000,-0.967,1.318,-0.088,0.264,0.000,0.000,0.439,0.176,0.000,0.000,0.000,0.000,0.000,0.000,0.000,0.000,0.000,0.000,-2.338,1.720,0.000,0.000,0.000,0.000,0.000,0.000,0.013,9.2,11.30,30.0,0.000,0.000,0.000,0.000,0.000,0.000,0.000,0.000,0.000,0.000,0.013,0.000,0.000,0.006,0.000,0.000,0.006,0.006
1.7049,17,0,move,-1,1.7049,1.7176,0,0.000,-0.088,0.176,-0.176,-0.088,0.088,-0.264,-0.088,0.176,0.000,-1.670,1.582,-0.088,0.264,0.000,0.000,0.439,0.176,0.000,0.000,0.000,0.000,0.000,0.000,0.000,0.000,0.000,0.000,-3.039,2.236,0.000,0.000,0.000,0.000,0.000,0.000,0.013,3.2,11.30,28.0,0.000,0.000,0.000,0.000,0.000,0.000,0.006,0.000,0.000,0.000,0.006,0.006,0.000,0.013,0.000,0.000,0.013,0.000
1.8047,18,0,move,-1,1.8047,1.8185,0,0.000,-0.088,0.176,-0.176,-0.088,0.088,-0.264,-0.088,0.176,0.000,-2.285,2.021,-0.088,0.264,0.000,0.000,0.439,0.176,0.000,0.000,0.000,0.000,0.000,0.000,0.000,0.000,0.000,0.000,-3.825,2.814,0.000,0.000,0.000,0.000,0.000,0.000,0.013,3.2,11.30,28.0,0.000,0.000,0.006,0.000,0.000,0.000,0.000,0.000,0.000,0.000,0.006,0.006,0.000,0.013,0.000,0.000,0.013,0.006
1.9047,19,0,move,-1,1.9047,1.9158,0,0.000,-0.088,0.176,-0.176,-0.088,0.088,-0.264,-0.088,0.176,0.000,-2.900,2.637,-0.088,0.264,0.000,0.000,0.439,0.176,0.000,0.000,0.000,0.000,0.000,0.000,0.000,0.000,0.000,0.000,-4.693,3.452,0.000,0.000,0.000,0.000,0.000,0.000,0.013,3.2,11.30,28.0,0.000,0.000,0.006,0.000,0.000,0.000,0.000,0.000,0.000,0.000,0.006,0.006,0.000,0.013,0.000,0.000,0.013,0.006
2.0058,20,0,move,-1,2.0058,2.0695,0,0.000,-0.088,0.176,-0.176,-0.088,0.088,-0.264,-0.088,0.176,0.000,-4.131,3.428,-0.088,0.264,0.000,0.000,0.439,0.176,0.000,0.000,0.000,0.000,0.000,0.000,0.000,0.000,0.000,0.000,-5.639,4.147,0.000,0.000,0.000,0.000,0.000,0.000,0.013,3.2,11.30,28.0,0.000,0.000,0.000,0.000,0.000,0.000,0.006,0.000,0.000,0.000,0.006,0.006,0.000,0.013,0.000,0.000,0.013,0.006
2.1047,21,0,move,-1,2.1047,2.1147,0,0.000,-0.088,0.176,-0.176,-0.088,0.088,-0.264,-0.088,0.176,0.000,-4.482,3.867,-0.088,0.264,0.000,0.000,0.439,0.176,0.000,0.000,0.000,0.000,0.000,0.000,0.000,0.000,0.000,0.000,-6.661,4.896,0.000,0.000,0.000,0.000,0.000,0.000,0.013,3.2,11.30,28.0,0.000,0.000,0.000,0.000,0.000,0.000,0.006,0.000,0.000,0.000,0.006,0.006,0.000,0.013,0.000,0.000,0.013,0.006
2.2049,22,0,move,-1,2.2049,2.2162,0,0.000,-0.088,0.176,-0.176,-0.088,0.088,-0.264,-0.088,0.176,0.000,-5.537,4.570,-0.088,0.264,0.000,0.000,0.439,0.176,0.000,0.000,0.000,0.000,0.000,0.000,0.000,0.000,0.000,0.000,-7.754,5.698,0.000,0.000,0.000,0.000,0.000,0.000,0.013,8.8,11.30,30.0,0.000,0.000,0.000,0.000,0.000,0.000,0.006,0.000,0.006,0.000,0.013,0.006,0.000,0.013,0.000,0.000,0.013,0.000
2.3047,23,0,move,-1,2.3047,2.3148,0,0.000,-0.088,0.176,-0.176,-0.088,0.088,-0.264,-0.088,0.176,0.000,-6.592,5.273,-0.088,0.264,0.000,0.000,0.439,0.176,0.000,0.000,0.000,0.000,0.000,0.000,0.000,0.000,0.000,0.000,-8.915,6.547,0.000,0.000,0.000,0.000,0.000,0.000,0.013,8.8,11.30,30.0,0.000,0.000,0.000,0.000,0.000,0.000,0.006,0.000,0.006,0.000,0.013,0.006,0.000,0.013,0.000,0.000,0.013,0.000
2.4049,24,0,move,-1,2.4049,2.4157,0,0.000,-0.088,0.176,-0.176,-0.088,0.088,-0.264,-0.088,0.176,0.000,-7.646,6.240,-0.088,0.264,0.000,0.000,0.439,0.176,0.000,0.000,0.000,0.000,0.000,0.000,0.000,0.000,0.000,0.000,-10.139,7.441,0.000,0.000,0.000,0.000,0.000,0.000,0.013,7.6,11.30,30.0,0.000,0.000,0.000,0.006,0.000,0.000,0.006,0.000,0.006,0.000,0.013,0.006,0.000,0.006,0.000,0.000,0.013,0.006
2.5059,25,0,move,-1,2.5059,2.5156,0,0.000,-0.088,0.176,-0.176,-0.088,0.088,-0.264,-0.088,0.176,0.000,-8.701,6.768,-0.088,0.264,0.000,0.000,0.439,0.176,0.000,0.000,0.000,0.000,0.000,0.000,0.000,0.000,0.000,0.000,-11.421,8.375,0.000,0.000,0.000,0.000,0.000,0.000,0.013,7.6,11.30,30.0,0.000,0.000,0.000,0.006,0.000,0.000,0.006,0.000,0.006,0.000,0.013,0.006,0.000,0.006,0.000,0.000,0.013,0.006
2.6102,26,0,move,-1,2.6102,2.6203,0,0.000,-0.088,0.176,-0.176,-0.088,0.088,-0.264,-0.088,0.176,0.000,-10.020,7.998,-0.088,0.264,0.000,0.000,0.439,0.176,0.000,0.000,0.000,0.000,0.000,0.000,0.000,0.000,0.000,0.000,-12.756,9.347,0.000,0.000,0.000,0.000,0.000,0.000,0.013,8.8,11.20,30.0,0.000,0.000,0.000,0.000,0.000,0.000,0.006,0.000,0.006,0.000,0.013,0.006,0.000,0.006,0.006,0.000,0.006,0.000
2.7048,27,0,move,-1,2.7048,2.7320,0,0.000,-0.088,0.176,-0.176,-0.088,0.088,-0.264,-0.088,0.176,0.000,-11.426,9.053,-0.088,0.264,0.000,0.000,0.439,0.176,0.000,0.000,0.000,0.000,0.000,0.000,0.000,0.000,0.000,0.000,-14.141,10.350,0.000,0.000,0.000,0.000,0.000,0.000,0.013,9.6,11.20,30.0,0.000,0.000,0.000,0.000,0.000,0.000,0.000,0.000,0.000,0.000,0.013,0.013,0.000,0.006,0.000,0.000,0.006,0.000
2.8048,28,0,move,-1,2.8048,2.8170,0,0.000,-0.088,0.176,-0.176,-0.088,0.088,-0.264,-0.088,0.176,0.000,-12.568,9.844,-0.088,0.264,0.000,0.000,0.439,0.176,0.000,0.000,0.000,0.000,0.000,0.000,0.000,0.000,0.000,0.000,-15.570,11.382,0.000,0.000,0.000,0.000,0.000,0.000,0.013,9.6,11.20,30.0,0.000,0.000,0.000,0.000,0.000,0.000,0.000,0.000,0.000,0.000,0.013,0.013,0.000,0.006,0.000,0.000,0.006,0.000
2.9047,29,0,move,-1,2.9047,2.9304,0,0.000,-0.088,0.176,-0.176,-0.088,0.088,-0.264,-0.088,0.176,0.000,-14.062,11.162,-0.088,0.264,0.000,0.000,0.439,0.176,0.000,0.000,0.000,0.000,0.000,0.000,0.000,0.000,0.000,0.000,-17.038,12.438,0.000,0.000,0.000,0.000,0.000,0.000,0.019,6.4,11.40,29.0,0.000,0.000,0.000,0.006,0.000,0.000,0.006,0.000,0.000,0.000,0.013,0.019,0.000,0.006,0.000,0.000,0.013,0.006
3.0047,30,0,move,-1,3.0047,3.0185,0,0.000,-0.088,0.176,-0.176,-0.088,0.088,-0.264,-0.088,0.176,0.000,-14.150,11.426,-0.088,0.264,0.000,0.000,0.439,0.176,0.000,0.000,0.000,0.000,0.000,0.000,0.000,0.000,0.000,0.000,-18.539,13.514,0.000,0.000,0.000,0.000,0.000,0.000,0.019,6.4,11.40,29.0,0.000,0.000,0.000,0.006,0.000,0.000,0.006,0.000,0.000,0.000,0.013,0.019,0.000,0.006,0.000,0.000,0.013,0.006
3.1051,31,0,move,-1,3.1051,3.1320,0,0.000,-0.088,0.176,-0.176,-0.088,0.088,-0.264,-0.088,0.176,0.000,-14.238,12.217,-0.088,0.264,0.000,0.000,0.439,0.176,0.000,0.000,0.000,0.000,0.000,0.000,0.000,0.000,0.000,0.000,-20.068,14.603,0.000,0.000,0.000,0.000,0.000,0.000,0.013,7.2,11.30,30.0,0.000,0.000,0.006,0.006,0.000,0.000,0.000,0.000,0.000,0.000,0.013,0.006,0.000,0.013,0.000,0.000,0.013,0.000
3.2049,32,0,move,-1,3.2049,3.2153,0,0.000,-0.088,0.176,-0.176,-0.088,0.088,-0.264,-0.088,0.176,0.000,-15.557,13.359,-0.088,0.264,0.000,0.000,0.439,0.176,0.000,0.000,0.000,0.000,0.000,0.000,0.000,0.000,0.000,0.000,-21.620,15.703,0.000,0.000,0.000,0.000,0.000,0.000,0.013,7.2,11.30,30.0,0.000,0.000,0.006,0.006,0.000,0.000,0.000,0.000,0.000,0.000,0.013,0.006,0.000,0.013,0.000,0.000,0.013,0.000
3.3048,33,0,move,-1,3.3048,3.3156,0,0.000,-0.088,0.176,-0.176,-0.088,0.088,-0.264,-0.088,0.176,0.000,-17.139,14.766,-0.088,0.264,0.000,0.000,0.439,0.176,0.000,0.000,0.000,0.000,0.000,0.000,0.000,0.000,0.000,0.000,-23.189,16.807,0.000,0.000,0.000,0.000,0.000,0.000,0.019,10.8,11.30,30.0,0.000,0.000,0.000,0.000,0.000,0.000,0.006,0.000,0.000,0.000,0.019,0.006,0.000,0.006,0.000,0.000,0.013,0.000
3.4049,34,0,move,-1,3.4049,3.4184,0,0.000,-0.088,0.176,-0.176,-0.088,0.088,-0.264,-0.088,0.176,0.000,-18.809,16.260,-0.088,0.264,0.000,0.000,0.439,0.176,0.000,0.000,0.000,0.000,0.000,0.000,0.000,0.000,0.000,0.000,-24.769,17.912,0.000,0.000,0.000,0.000,0.000,0.000,0.013,9.6,11.30,30.0,0.000,0.000,0.000,0.000,0.000,0.000,0.006,0.000,0.006,0.000,0.013,0.000,0.000,0.006,0.000,0.000,0.013,0.000
3.5107,35,0,move,-1,3.5107,3.5277,0,0.000,-0.088,0.176,-0.176,-0.088,0.088,-0.264,-0.088,0.176,0.000,-20.566,17.578,-0.088,0.264,0.000,0.000,0.439,0.176,0.000,0.000,0.000,0.000,0.000,0.000,0.000,0.000,0.000,0.000,-26.354,19.012,0.000,0.000,0.000,0.000,0.000,0.000,0.013,9.2,11.20,30.0,0.000,0.000,0.000,0.000,0.000,0.000,0.006,0.000,0.006,0.000,0.013,0.006,0.006,0.013,0.000,0.000,0.013,0.000
3.6049,36,0,move,-1,3.6049,3.6187,0,0.000,-0.088,0.176,-0.176,-0.088,0.088,-0.264,-0.088,0.176,0.000,-21.973,18.369,-0.088,0.264,0.000,0.000,0.439,0.176,0.000,0.000,0.000,0.000,0.000,0.000,0.000,0.000,0.000,0.000,-27.940,20.103,0.000,0.000,0.000,0.000,0.000,0.000,0.013,9.2,11.20,30.0,0.000,0.000,0.000,0.000,0.000,0.000,0.006,0.000,0.006,0.000,0.013,0.006,0.006,0.013,0.000,0.000,0.013,0.000
3.7049,37,0,move,-1,3.7049,3.7164,0,0.000,-0.088,0.176,-0.176,-0.088,0.088,-0.264,-0.088,0.176,0.000,-23.555,19.512,-0.088,0.264,0.000,0.000,0.439,0.176,0.000,0.000,0.000,0.000,0.000,0.000,0.000,0.000,0.000,0.000,-29.519,21.181,0.000,0.000,0.000,0.000,0.000,0.000,0.013,9.2,11.30,30.0,0.000,0.000,0.000,0.000,0.000,0.000,0.006,0.000,0.000,0.000,0.013,0.013,0.000,0.006,0.000,0.000,0.006,0.000
3.8049,38,0,move,-1,3.8049,3.8158,0,0.000,-0.088,0.176,-0.176,-0.088,0.088,-0.264,-0.088,0.176,0.000,-25.137,20.654,-0.088,0.264,0.000,0.000,0.439,0.176,0.000,0.000,0.000,0.000,0.000,0.000,0.000,0.000,0.000,0.000,-31.087,22.240,0.000,0.000,0.000,0.000,0.000,0.000,0.013,9.2,11.30,30.0,0.000,0.000,0.000,0.000,0.000,0.000,0.006,0.000,0.000,0.000,0.013,0.013,0.000,0.006,0.000,0.000,0.006,0.000
3.9049,39,0,move,-1,3.9049,3.9163,0,0.000,-0.088,0.176,-0.176,-0.088,0.088,-0.264,-0.088,0.176,0.000,-26.807,21.797,-0.088,0.264,0.000,0.000,0.439,0.176,0.000,0.000,0.000,0.000,0.000,0.000,0.000,0.000,0.000,0.000,-32.637,23.276,0.000,0.000,0.000,0.000,0.000,0.000,0.013,10.8,11.30,30.0,0.000,0.000,0.000,0.006,0.000,0.000,0.006,0.000,0.006,0.000,0.013,0.000,0.000,0.013,0.000,0.000,0.013,0.000
4.0048,40,0,move,-1,4.0048,4.0164,0,0.000,-0.088,0.176,-0.176,-0.088,0.088,-0.264,-0.088,0.176,0.000,-28.389,22.852,-0.088,0.264,0.000,0.000,0.439,0.176,0.000,0.000,0.000,0.000,0.000,0.000,0.000,0.000,0.000,0.000,-34.162,24.285,0.000,0.000,0.000,0.000,0.000,0.000,0.019,10.0,11.30,30.0,0.000,0.000,0.000,0.006,0.000,0.000,0.006,0.000,0.000,0.000,0.019,0.006,0.000,0.006,0.000,0.000,0.006,0.006
4.1048,41,0,move,-1,4.1048,4.1216,0,0.000,-0.088,0.176,-0.176,-0.088,0.088,-0.264,-0.088,0.176,0.000,-30.059,23.818,-0.088,0.264,0.000,0.000,0.439,0.176,0.000,0.000,0.000,0.000,0.000,0.000,0.000,0.000,0.000,0.000,-35.658,25.263,0.000,0.000,0.000,0.000,0.000,0.000,0.013,10.0,11.20,30.0,0.000,0.000,0.000,0.000,0.000,0.000,0.006,0.000,0.000,0.000,0.013,0.013,0.000,0.013,0.000,0.000,0.006,0.000
4.2048,42,0,move,-1,4.2048,4.2160,0,0.000,-0.088,0.176,-0.176,-0.088,0.088,-0.264,-0.088,0.176,0.000,-31.553,24.873,-0.088,0.264,0.000,0.000,0.439,0.176,0.000,0.000,0.000,0.000,0.000,0.000,0.000,0.000,0.000,0.000,-37.119,26.207,0.000,0.000,0.000,0.000,0.000,0.000,0.013,10.0,11.20,30.0,0.000,0.000,0.000,0.000,0.000,0.000,0.006,0.000,0.000,0.000,0.013,0.013,0.000,0.013,0.000,0.000,0.006,0.000
4.3124,43,0,move,-1,4.3124,4.3232,0,0.000,-0.088,0.176,-0.176,-0.088,0.088,-0.264,-0.088,0.176,0.000,-33.311,25.840,-0.088,0.264,0.000,0.000,0.439,0.176,0.000,0.000,0.000,0.000,0.000,0.000,0.000,0.000,0.000,0.000,-38.538,27.112,0.000,0.000,0.000,0.000,0.000,0.000,0.013,9.2,11.30,30.0,0.000,0.000,0.000,0.006,0.000,0.000,0.000,0.000,0.000,0.000,0.013,0.013,0.000,0.013,0.000,0.000,0.006,0.006
4.4049,44,0,move,-1,4.4049,4.4153,0,0.000,-0.088,0.176,-0.176,-0.088,0.088,-0.264,-0.088,0.176,0.000,-34.805,26.631,-0.088,0.264,0.000,0.000,0.439,0.176,0.000,0.000,0.000,0.000,0.000,0.000,0.000,0.000,0.000,0.000,-39.910,27.976,0.000,0.000,0.000,0.000,0.000,0.000,0.013,9.2,11.30,30.0,0.000,0.000,0.000,0.006,0.000,0.000,0.000,0.000,0.000,0.000,0.013,0.013,0.000,0.013,0.000,0.000,0.006,0.006
4.5049,45,0,move,-1,4.5049,4.5164,0,0.000,-0.088,0.176,-0.176,-0.088,0.088,-0.264,-0.088,0.176,0.000,-36.387,27.598,-0.088,0.264,0.000,0.000,0.439,0.176,0.000,0.000,0.000,0.000,0.000,0.000,0.000,0.000,0.000,0.000,-41.228,28.795,0.000,0.000,0.000,0.000,0.000,0.000,0.019,9.6,11.30,31.0,0.000,0.000,0.000,0.006,0.000,0.000,0.006,0.000,0.000,0.000,0.019,0.006,0.000,0.013,0.000,0.000,0.006,0.000
4.6049,46,0,move,-1,4.6049,4.6158,0,0.000,-0.088,0.176,-0.176,-0.088,0.088,-0.264,-0.088,0.176,0.000,-37.969,28.477,-0.088,0.264,0.000,0.000,0.439,0.176,0.000,0.000,0.000,0.000,0.000,0.000,0.000,0.000,0.000,0.000,-42.487,29.567,0.000,0.000,0.000,0.000,0.000,0.000,0.019,9.6,11.30,31.0,0.000,0.000,0.000,0.006,0.000,0.000,0.006,0.000,0.000,0.000,0.019,0.006,0.000,0.013,0.000,0.000,0.006,0.000
4.7050,47,0,move,-1,4.7050,4.7147,0,0.000,-0.088,0.176,-0.176,-0.088,0.088,-0.264,-0.088,0.176,0.000,-39.551,29.268,-0.088,0.264,0.000,0.000,0.439,0.176,0.000,0.000,0.000,0.000,0.000,0.000,0.000,0.000,0.000,0.000,-43.680,30.289,0.000,0.000,0.000,0.000,0.000,0.000,0.013,9.6,11.30,30.0,0.000,0.000,0.000,0.000,0.000,0.000,0.006,0.000,0.006,0.000,0.013,0.006,0.000,0.013,0.000,0.000,0.006,0.000
4.8048,48,0,move,-1,4.8048,4.8117,0,0.000,-0.088,0.176,-0.176,-0.088,0.088,-0.264,-0.088,0.176,0.000,-40.957,29.971,-0.088,0.264,0.000,0.000,0.439,0.176,0.000,0.000,0.000,0.000,0.000,0.000,0.000,0.000,0.000,0.000,-44.803,30.959,0.000,0.000,0.000,0.000,0.000,0.000,0.013,9.6,11.30,30.0,0.000,0.000,0.000,0.000,0.000,0.000,0.006,0.000,0.006,0.000,0.013,0.006,0.000,0.013,0.000,0.000,0.006,0.000
4.9059,49,0,move,-1,4.9059,4.9119,0,0.000,-0.088,0.176,-0.176,-0.088,0.088,-0.264,-0.088,0.176,0.000,-42.627,30.674,-0.088,0.264,0.000,0.000,0.439,0.176,0.000,0.000,0.000,0.000,0.000,0.000,0.000,0.000,0.000,0.000,-45.851,31.576,0.000,0.000,0.000,0.000,0.000,0.000,0.013,9.6,11.30,30.0,0.000,0.000,0.000,0.000,0.000,0.000,0.006,0.000,0.000,0.000,0.013,0.006,0.000,0.006,0.000,0.000,0.006,0.006
5.0049,50,0,move,-1,5.0049,5.0160,0,0.000,-0.088,0.176,-0.176,-0.088,0.088,-0.264,-0.088,0.176,0.000,-44.297,31.289,-0.088,0.264,0.000,0.000,0.439,0.176,0.000,0.000,0.000,0.000,0.000,0.000,0.000,0.000,0.000,0.000,-46.816,32.136,0.000,0.000,0.000,0.000,0.000,0.000,0.013,9.6,11.20,30.0,0.000,0.000,0.000,0.000,0.000,0.000,0.000,0.000,0.000,0.000,0.013,0.006,0.000,0.013,0.000,0.000,0.006,0.006
5.1048,51,0,move,-1,5.1048,5.1183,0,0.000,-0.088,0.176,-0.176,-0.088,0.088,-0.264,-0.088,0.176,0.000,-45.615,31.904,-0.088,0.264,0.000,0.000,0.439,0.176,0.000,0.000,0.000,0.000,0.000,0.000,0.000,0.000,0.000,0.000,-47.696,32.641,0.000,0.000,0.000,0.000,0.000,0.000,0.013,8.0,11.20,30.0,0.000,0.000,0.000,0.000,0.000,0.000,0.000,0.000,0.000,0.000,0.013,0.006,0.000,0.006,0.000,0.000,0.006,0.000
5.2048,52,0,move,-1,5.2048,5.2148,0,0.000,-0.088,0.176,-0.176,-0.088,0.088,-0.264,-0.088,0.176,0.000,-46.758,32.344,-0.088,0.264,0.000,0.000,0.439,0.176,0.000,0.000,0.000,0.000,0.000,0.000,0.000,0.000,0.000,0.000,-48.483,33.087,0.000,0.000,0.000,0.000,0.000,0.000,0.013,8.0,11.20,30.0,0.000,0.000,0.000,0.000,0.000,0.000,0.000,0.000,0.000,0.000,0.013,0.006,0.000,0.006,0.000,0.000,0.006,0.000
5.3049,53,0,move,-1,5.3049,5.3156,0,0.000,-0.088,0.176,-0.176,-0.088,0.088,-0.264,-0.088,0.176,0.000,-47.725,32.959,-0.088,0.264,0.000,0.000,0.439,0.176,0.000,0.000,0.000,0.000,0.000,0.000,0.000,0.000,0.000,0.000,-49.176,33.476,0.000,0.000,0.000,0.000,0.000,0.000,0.006,2.4,11.30,31.0,0.000,0.000,0.000,0.006,0.000,0.000,0.000,0.000,0.000,0.000,0.006,0.006,0.000,0.006,0.000,0.000,0.006,0.006
5.4049,54,0,move,-1,5.4049,5.4181,0,0.000,-0.088,0.176,-0.176,-0.088,0.088,-0.264,-0.088,0.176,0.000,-48.516,33.486,-0.088,0.264,0.000,0.000,0.439,0.176,0.000,0.000,0.000,0.000,0.000,0.000,0.000,0.000,0.000,0.000,-49.769,33.806,0.000,0.000,0.000,0.000,0.000,0.000,0.013,3.2,11.30,28.0,0.000,0.000,0.006,0.000,0.000,0.000,0.000,0.000,0.000,0.000,0.006,0.000,0.000,0.013,0.000,0.000,0.006,0.006
5.5049,55,0,move,-1,5.5049,5.5160,0,0.000,-0.088,0.176,-0.176,-0.088,0.088,-0.264,-0.088,0.176,0.000,-49.131,33.750,-0.088,0.264,0.000,0.000,0.439,0.176,0.000,0.000,0.000,0.000,0.000,0.000,0.000,0.000,0.000,0.000,-50.260,34.076,0.000,0.000,0.000,0.000,0.000,0.000,0.013,3.2,11.30,28.0,0.000,0.000,0.006,0.000,0.000,0.000,0.000,0.000,0.000,0.000,0.006,0.000,0.000,0.013,0.000,0.000,0.006,0.006
5.6050,56,0,move,-1,5.6050,5.6392,0,0.000,-0.088,0.176,-0.176,-0.088,0.088,-0.264,-0.088,0.176,0.000,-49.834,34.102,-0.088,0.264,0.000,0.000,0.439,0.176,0.000,0.000,0.000,0.000,0.000,0.000,0.000,0.000,0.000,0.000,-50.644,34.286,0.000,0.000,0.000,0.000,0.000,0.000,0.006,2.4,11.30,31.0,0.000,0.000,0.000,0.006,0.000,0.000,0.000,0.000,0.000,0.000,0.006,0.000,0.000,0.006,0.000,0.000,0.006,0.000
5.7052,57,0,move,-1,5.7052,5.7310,0,0.000,-0.088,0.176,-0.176,-0.088,0.088,-0.264,-0.088,0.176,0.000,-50.098,34.102,-0.088,0.264,0.000,0.000,0.439,0.176,0.000,0.000,0.000,0.000,0.000,0.000,0.000,0.000,0.000,0.000,-50.920,34.437,0.000,0.000,0.000,0.000,0.000,0.000,0.006,2.4,11.30,31.0,0.000,0.000,0.000,0.006,0.000,0.000,0.000,0.000,0.000,0.000,0.006,0.000,0.000,0.006,0.000,0.000,0.006,0.000
5.8049,58,0,move,-1,5.8049,5.8324,0,0.000,-0.088,0.176,-0.176,-0.088,0.088,-0.264,-0.088,0.176,0.000,-50.449,34.453,-0.088,0.264,0.000,0.000,0.439,0.176,0.000,0.000,0.000,0.000,0.000,0.000,0.000,0.000,0.000,0.000,-51.087,34.527,0.000,0.000,0.000,0.000,0.000,0.000,0.019,8.0,11.20,30.0,0.000,0.000,0.006,0.000,0.000,0.000,0.000,0.000,0.000,0.000,0.019,0.013,0.000,0.013,0.000,0.000,0.013,0.006
5.9048,59,0,move,-1,5.9048,5.9114,0,0.000,-0.088,0.176,-0.176,-0.088,0.088,-0.264,-0.088,0.176,0.000,-50.449,34.453,-0.088,0.264,0.000,0.000,0.439,0.176,0.000,0.000,0.000,0.000,0.000,0.000,0.000,0.000,0.000,0.000,-51.143,34.557,0.000,0.000,0.000,0.000,0.000,0.000,0.019,8.0,11.20,30.0,0.000,0.000,0.006,0.000,0.000,0.000,0.000,0.000,0.000,0.000,0.019,0.013,0.000,0.013,0.000,0.000,0.013,0.006
6.0049,60,0,move,-1,6.0049,6.0169,0,0.000,-0.088,0.176,-0.176,-0.088,0.088,-0.264,-0.088,0.176,0.000,-50.801,34.453,-0.088,0.264,0.000,0.000,0.439,0.176,0.000,0.000,0.000,0.000,0.000,0.000,0.000,0.000,0.000,0.000,-51.143,34.557,0.000,0.000,0.000,0.000,0.000,0.000,0.013,3.2,11.30,28.0,0.000,0.000,0.006,0.006,0.000,0.000,0.000,0.000,0.000,0.000,0.006,0.000,0.000,0.013,0.000,0.000,0.013,0.000
6.1101,61,0,move,-1,6.1101,6.1507,0,0.000,-0.088,0.176,-0.176,-0.088,0.088,-0.264,-0.088,0.176,0.000,-50.801,34.453,-0.088,0.264,0.000,0.000,0.439,0.176,0.000,0.000,0.000,0.000,0.000,0.000,0.000,0.000,0.000,0.000,-51.143,34.557,0.000,0.000,0.000,0.000,0.000,0.000,0.013,3.2,11.30,28.0,0.000,0.000,0.000,0.000,0.000,0.000,0.006,0.000,0.006,0.000,0.006,0.000,0.000,0.013,0.000,0.000,0.013,0.000
6.2048,62,0,move,-1,6.2048,6.2143,0,0.000,-0.088,0.176,-0.176,-0.088,0.088,-0.264,-0.088,0.176,0.000,-50.801,34.453,-0.088,0.264,0.000,0.000,0.439,0.176,0.000,0.000,0.000,0.000,0.000,0.000,0.000,0.000,0.000,0.000,-51.143,34.557,0.000,0.000,0.000,0.000,0.000,0.000,0.013,3.2,11.30,28.0,0.000,0.000,0.000,0.000,0.000,0.000,0.006,0.000,0.006,0.000,0.006,0.000,0.000,0.013,0.000,0.000,0.013,0.000
6.3050,63,0,move,-1,6.3050,6.3155,0,0.000,-0.088,0.176,-0.176,-0.088,0.088,-0.264,-0.088,0.176,0.000,-50.801,34.453,-0.088,0.264,0.000,0.000,0.439,0.176,0.000,0.000,0.000,0.000,0.000,0.000,0.000,0.000,0.000,0.000,-51.143,34.557,0.000,0.000,0.000,0.000,0.000,0.000,0.013,4.8,11.30,31.0,0.000,0.000,0.000,0.000,0.000,0.000,0.006,0.000,0.000,0.000,0.006,0.000,0.000,0.006,0.000,0.000,0.013,0.000
6.4047,64,0,move,-1,6.4047,6.4181,0,0.000,-0.088,0.176,-0.176,-0.088,0.088,-0.264,-0.088,0.176,0.000,-50.801,34.453,-0.088,0.264,0.000,0.000,0.439,0.176,0.000,0.000,0.000,0.000,0.000,0.000,0.000,0.000,0.000,0.000,-51.143,34.557,0.000,0.000,0.000,0.000,0.000,0.000,0.006,2.4,11.30,31.0,0.000,0.000,0.000,0.006,0.000,0.000,0.006,0.000,0.000,0.000,0.006,0.000,0.000,0.006,0.000,0.000,0.006,0.000
6.5049,65,0,move,-1,6.5049,6.5149,0,0.000,-0.088,0.176,-0.176,-0.088,0.088,-0.264,-0.088,0.176,0.000,-50.801,34.453,-0.088,0.264,0.000,0.000,0.439,0.176,0.000,0.000,0.000,0.000,0.000,0.000,0.000,0.000,0.000,0.000,-51.143,34.557,0.000,0.000,0.000,0.000,0.000,0.000,0.006,2.4,11.30,31.0,0.000,0.000,0.000,0.006,0.000,0.000,0.006,0.000,0.000,0.000,0.006,0.000,0.000,0.006,0.000,0.000,0.006,0.000
6.6048,66,0,move,-1,6.6048,6.6164,0,0.000,-0.088,0.176,-0.176,-0.088,0.088,-0.264,-0.088,0.176,0.000,-50.801,34.453,-0.088,0.264,0.000,0.000,0.439,0.176,0.000,0.000,0.000,0.000,0.000,0.000,0.000,0.000,0.000,0.000,-51.143,34.557,0.000,0.000,0.000,0.000,0.000,0.000,0.013,3.2,11.30,28.0,0.000,0.000,0.006,0.006,0.000,0.000,0.006,0.000,0.006,0.000,0.006,0.000,0.000,0.013,0.000,0.000,0.006,0.000
6.7048,67,0,move,-1,6.7048,6.7212,0,0.000,-0.088,0.176,-0.176,-0.088,0.088,-0.264,-0.088,0.176,0.088,-50.801,34.453,-0.088,0.264,0.000,0.000,0.439,0.176,0.000,0.000,0.000,0.000,0.000,0.000,0.000,0.000,0.000,0.000,-51.143,34.557,0.000,0.000,0.000,0.000,0.000,0.000,0.013,3.2,11.30,28.0,0.000,0.000,0.000,0.006,0.000,0.000,0.000,0.000,0.000,0.000,0.000,0.000,0.000,0.013,0.000,0.000,0.006,0.000
6.8049,68,0,move,-1,6.8049,6.8162,0,0.000,-0.088,0.176,-0.176,-0.088,0.088,-0.264,-0.088,0.176,0.088,-50.801,34.453,-0.088,0.264,0.000,0.000,0.439,0.176,0.000,0.000,0.000,0.000,0.000,0.000,0.000,0.000,0.000,0.000,-51.143,34.557,0.000,0.000,0.000,0.000,0.000,0.000,0.013,3.2,11.30,28.0,0.000,0.000,0.000,0.006,0.000,0.000,0.000,0.000,0.000,0.000,0.000,0.000,0.000,0.013,0.000,0.000,0.006,0.000
6.9080,69,0,move,-1,6.9080,6.9148,0,0.000,-0.088,0.176,-0.176,-0.088,0.088,-0.264,-0.088,0.176,0.088,-50.801,34.453,-0.088,0.264,0.000,0.000,0.439,0.176,0.000,0.000,0.000,0.000,0.000,0.000,0.000,0.000,0.000,0.000,-51.143,34.557,0.000,0.000,0.000,0.000,0.000,0.000,0.006,4.0,11.30,30.0,0.000,0.000,0.000,0.000,0.000,0.000,0.000,0.000,0.000,0.000,0.006,0.000,0.000,0.006,0.000,0.000,0.006,0.006
7.0049,70,0,move,-1,7.0049,7.0180,0,0.000,-0.088,0.176,-0.176,-0.088,0.088,-0.264,-0.088,0.176,0.088,-50.801,34.453,-0.088,0.264,0.000,0.000,0.439,0.176,0.000,0.000,0.000,0.000,0.000,0.000,0.000,0.000,0.000,0.000,-51.143,34.557,0.000,0.000,0.000,0.000,0.000,0.000,0.013,4.8,11.30,31.0,0.000,0.000,0.006,0.006,0.000,0.000,0.000,0.000,0.006,0.000,0.006,0.000,0.000,0.006,0.000,0.000,0.013,0.006
7.1047,71,0,move,-1,7.1047,7.1158,0,0.000,-0.088,0.176,-0.176,-0.088,0.088,-0.264,-0.088,0.176,0.088,-50.801,34.453,-0.088,0.264,0.000,0.000,0.439,0.176,0.000,0.000,0.000,0.000,0.000,0.000,0.000,0.000,0.000,0.000,-51.143,34.557,0.000,0.000,0.000,0.000,0.000,0.000,0.013,4.8,11.30,31.0,0.000,0.000,0.006,0.006,0.000,0.000,0.000,0.000,0.006,0.000,0.006,0.000,0.000,0.006,0.000,0.000,0.013,0.006
7.2093,72,0,move,-1,7.2093,7.2861,0,0.000,-0.088,0.176,-0.176,-0.088,0.088,-0.264,-0.088,0.176,0.088,-50.801,34.453,-0.088,0.264,0.000,0.000,0.439,0.176,0.000,0.000,0.000,0.000,0.000,0.000,0.000,0.000,0.000,0.000,-51.143,34.557,0.000,0.000,0.000,0.000,0.000,0.000,0.006,2.4,11.30,31.0,0.000,0.000,0.000,0.006,0.000,0.000,0.006,0.000,0.006,0.000,0.006,0.000,0.000,0.006,0.000,0.000,0.006,0.000
7.3050,73,0,move,-1,7.3050,7.3156,0,0.000,-0.088,0.176,-0.176,-0.088,0.088,-0.264,-0.088,0.176,0.088,-50.801,34.453,-0.088,0.264,0.000,0.000,0.439,0.176,0.000,0.000,0.000,0.000,0.000,0.000,0.000,0.000,0.000,0.000,-51.143,34.557,0.000,0.000,0.000,0.000,0.000,0.000,0.006,2.4,11.30,31.0,0.000,0.000,0.000,0.006,0.000,0.000,0.006,0.000,0.006,0.000,0.006,0.000,0.000,0.006,0.000,0.000,0.006,0.000
7.4048,74,0,move,-1,7.4048,7.4164,0,0.000,-0.088,0.176,-0.176,-0.088,0.088,-0.264,-0.088,0.176,0.088,-50.801,34.453,-0.088,0.264,0.000,0.000,0.439,0.176,0.000,0.000,0.000,0.000,0.000,0.000,0.000,0.000,0.000,0.000,-51.143,34.557,0.000,0.000,0.000,0.000,0.000,0.000,0.013,3.2,11.30,28.0,0.000,0.000,0.000,0.000,0.000,0.000,0.006,0.000,0.000,0.000,0.006,0.000,0.000,0.013,0.000,0.000,0.006,0.000
7.5234,75,0,move,-1,7.5234,7.5373,0,0.000,-0.088,0.176,-0.176,-0.088,0.088,-0.264,-0.088,0.176,0.088,-50.801,34.453,-0.088,0.264,0.000,0.000,0.439,0.176,0.000,0.000,0.000,0.000,0.000,0.000,0.000,0.000,0.000,0.000,-51.143,34.557,0.000,0.000,0.000,0.000,0.000,0.000,0.013,3.2,11.30,28.0,0.000,0.000,0.006,0.000,0.000,0.000,0.006,0.000,0.000,0.000,0.006,0.000,0.000,0.013,0.000,0.000,0.006,0.006
7.6048,76,0,move,-1,7.6048,7.6160,0,0.000,-0.088,0.176,-0.176,-0.088,0.088,-0.264,-0.088,0.176,0.088,-50.801,34.453,-0.088,0.264,0.000,0.000,0.439,0.176,0.000,0.000,0.000,0.000,0.000,0.000,0.000,0.000,0.000,0.000,-51.143,34.557,0.000,0.000,0.000,0.000,0.000,0.000,0.013,3.2,11.30,28.0,0.000,0.000,0.006,0.000,0.000,0.000,0.006,0.000,0.000,0.000,0.006,0.000,0.000,0.013,0.000,0.000,0.006,0.006
7.7048,77,0,move,-1,7.7048,7.7148,0,0.000,-0.088,0.176,-0.176,-0.088,0.088,-0.264,-0.088,0.176,0.088,-50.801,34.453,-0.088,0.264,0.000,0.000,0.439,0.176,0.000,0.000,0.000,0.000,0.000,0.000,0.000,0.000,0.000,0.000,-51.143,34.557,0.000,0.000,0.000,0.000,0.000,0.000,0.013,3.2,11.30,28.0,0.000,0.000,0.000,0.000,0.000,0.000,0.006,0.000,0.000,0.000,0.000,0.000,0.000,0.013,0.000,0.000,0.006,0.006
7.8048,78,0,move,-1,7.8048,7.8164,0,0.000,-0.088,0.176,-0.176,-0.088,0.088,-0.264,-0.088,0.176,0.088,-50.801,34.453,-0.088,0.264,0.000,0.000,0.439,0.176,0.000,0.000,0.000,0.000,0.000,0.000,0.000,0.000,0.000,0.000,-51.143,34.557,0.000,0.000,0.000,0.000,0.000,0.000,0.013,3.2,11.30,28.0,0.000,0.000,0.000,0.000,0.000,0.000,0.000,0.000,0.000,0.000,0.006,0.000,0.000,0.013,0.000,0.000,0.013,0.000
7.9050,79,0,move,-1,7.9050,7.9158,0,0.000,-0.088,0.176,-0.176,-0.088,0.088,-0.264,-0.088,0.176,0.088,-50.801,34.453,-0.088,0.264,0.000,0.000,0.439,0.176,0.000,0.000,0.000,0.000,0.000,0.000,0.000,0.000,0.000,0.000,-51.143,34.557,0.000,0.000,0.000,0.000,0.000,0.000,0.013,3.2,11.30,28.0,0.000,0.000,0.000,0.000,0.000,0.000,0.000,0.000,0.000,0.000,0.006,0.000,0.000,0.013,0.000,0.000,0.013,0.000
8.0049,80,0,move,-1,8.0049,8.0169,0,0.000,-0.088,0.176,-0.176,-0.088,0.088,-0.264,-0.088,0.176,0.088,-50.801,34.453,-0.088,0.264,0.000,0.000,0.439,0.176,0.000,0.000,0.000,0.000,0.000,0.000,0.000,0.000,0.000,0.000,-51.143,34.557,0.000,0.000,0.000,0.000,0.000,0.000,0.006,4.0,11.30,30.0,0.000,0.000,0.000,0.000,0.000,0.000,0.000,0.000,0.000,0.000,0.006,0.000,0.000,0.006,0.000,0.000,0.006,0.006
8.1049,81,0,move,-1,8.1049,8.1158,0,0.000,-0.088,0.176,-0.176,-0.088,0.088,-0.264,-0.088,0.176,0.088,-50.801,34.453,-0.088,0.264,0.000,0.000,0.439,0.176,0.000,0.000,0.000,0.000,0.000,0.000,0.000,0.000,0.000,0.000,-51.143,34.557,0.000,0.000,0.000,0.000,0.000,0.000,0.006,4.0,11.30,30.0,0.000,0.000,0.000,0.000,0.000,0.000,0.000,0.000,0.000,0.000,0.006,0.000,0.000,0.006,0.000,0.000,0.006,0.006
8.2049,82,0,move,-1,8.2049,8.2180,0,0.000,-0.088,0.176,-0.176,-0.088,0.088,-0.264,-0.088,0.176,0.088,-50.801,34.453,-0.088,0.264,0.000,0.000,0.439,0.176,0.000,0.000,0.000,0.000,0.000,0.000,0.000,0.000,0.000,0.000,-51.143,34.557,0.000,0.000,0.000,0.000,0.000,0.000,0.006,3.2,11.30,31.0,0.000,0.000,0.000,0.000,0.000,0.000,0.006,0.000,0.000,0.000,0.006,0.000,0.000,0.006,0.000,0.000,0.006,0.006
8.3108,83,0,move,-1,8.3108,8.3215,0,0.000,-0.088,0.176,-0.176,-0.088,0.088,-0.264,-0.088,0.176,0.088,-50.801,34.453,-0.088,0.264,0.000,0.000,0.439,0.176,0.000,0.000,0.000,0.000,0.000,0.000,0.000,0.000,0.000,0.000,-51.143,34.557,0.000,0.000,0.000,0.000,0.000,0.000,0.013,3.2,11.30,28.0,0.000,0.000,0.000,0.000,0.000,0.000,0.000,0.000,0.000,0.000,0.006,0.000,0.000,0.013,0.000,0.000,0.013,0.000
8.4048,84,0,move,-1,8.4048,8.4176,0,0.000,-0.088,0.176,-0.176,-0.088,0.088,-0.264,-0.088,0.176,0.088,-50.801,34.453,-0.088,0.264,0.000,0.000,0.439,0.176,0.000,0.000,0.000,0.000,0.000,0.000,0.000,0.000,0.000,0.000,-51.143,34.557,0.000,0.000,0.000,0.000,0.000,0.000,0.013,3.2,11.30,28.0,0.000,0.000,0.000,0.000,0.000,0.000,0.000,0.000,0.000,0.000,0.006,0.000,0.000,0.013,0.000,0.000,0.013,0.000
8.5053,85,0,move,-1,8.5053,8.5288,0,0.000,-0.088,0.176,-0.176,-0.088,0.088,-0.264,-0.088,0.176,0.088,-50.801,34.453,-0.088,0.264,0.000,0.000,0.439,0.176,0.000,0.000,0.000,0.000,0.000,0.000,0.000,0.000,0.000,0.000,-51.143,34.557,0.000,0.000,0.000,0.000,0.000,0.000,0.013,3.2,11.30,28.0,0.000,0.000,0.000,0.000,0.000,0.000,0.000,0.000,0.000,0.000,0.006,0.000,0.000,0.013,0.000,0.000,0.006,0.000
8.6047,86,0,move,-1,8.6047,8.6157,0,0.000,-0.088,0.176,-0.176,-0.088,0.088,-0.264,-0.088,0.176,0.088,-50.801,34.453,-0.088,0.264,0.000,0.000,0.439,0.176,0.000,0.000,0.000,0.000,0.000,0.000,0.000,0.000,0.000,0.000,-51.143,34.557,0.000,0.000,0.000,0.000,0.000,0.000,0.013,3.2,11.30,28.0,0.000,0.000,0.000,0.000,0.000,0.000,0.000,0.000,0.000,0.000,0.006,0.000,0.000,0.013,0.000,0.000,0.006,0.000
8.7048,87,0,move,-1,8.7048,8.7144,0,0.000,-0.088,0.176,-0.176,-0.088,0.088,-0.264,-0.088,0.176,0.088,-50.801,34.453,-0.088,0.264,0.000,0.000,0.439,0.176,0.000,0.000,0.000,0.000,0.000,0.000,0.000,0.000,0.000,0.000,-51.143,34.557,0.000,0.000,0.000,0.000,0.000,0.000,0.013,3.2,11.30,28.0,0.000,0.000,0.000,0.000,0.000,0.000,0.006,0.000,0.000,0.000,0.006,0.000,0.000,0.013,0.000,0.000,0.006,0.000
8.8049,88,0,move,-1,8.8049,8.8162,0,0.000,-0.088,0.176,-0.176,-0.088,0.088,-0.264,-0.088,0.176,0.088,-50.801,34.453,-0.088,0.264,0.000,0.000,0.439,0.176,0.000,0.000,0.000,0.000,0.000,0.000,0.000,0.000,0.000,0.000,-51.143,34.557,0.000,0.000,0.000,0.000,0.000,0.000,0.013,3.2,11.30,28.0,0.000,0.000,0.000,0.000,0.000,0.000,0.000,0.000,0.000,0.000,0.000,0.000,0.000,0.013,0.000,0.000,0.013,0.000
8.9065,89,0,move,-1,8.9065,8.9706,0,0.000,-0.088,0.176,-0.176,-0.088,0.088,-0.264,-0.088,0.176,0.088,-50.801,34.453,-0.088,0.264,0.000,0.000,0.439,0.176,0.000,0.000,0.000,0.000,0.000,0.000,0.000,0.000,0.000,0.000,-51.143,34.557,0.000,0.000,0.000,0.000,0.000,0.000,0.006,3.2,11.20,32.0,0.000,0.000,0.000,0.000,0.000,0.000,0.006,0.000,0.000,0.000,0.006,0.000,0.000,0.006,0.000,0.000,0.006,0.000
9.0050,90,0,move,-1,9.0050,9.0189,0,0.000,-0.088,0.176,-0.176,-0.088,0.088,-0.264,-0.088,0.176,0.088,-50.801,34.453,-0.088,0.264,0.000,0.000,0.439,0.176,0.000,0.000,0.000,0.000,0.000,0.000,0.000,0.000,0.000,0.000,-51.143,34.557,0.000,0.000,0.000,0.000,0.000,0.000,0.006,3.2,11.20,32.0,0.000,0.000,0.000,0.000,0.000,0.000,0.006,0.000,0.000,0.000,0.006,0.000,0.000,0.006,0.000,0.000,0.006,0.000
9.1048,91,0,move,-1,9.1048,9.1153,0,0.000,-0.088,0.176,-0.176,-0.088,0.088,-0.264,-0.088,0.176,0.088,-50.801,34.453,-0.088,0.264,0.000,0.000,0.439,0.176,0.000,0.000,0.000,0.000,0.000,0.000,0.000,0.000,0.000,0.000,-51.143,34.557,0.000,0.000,0.000,0.000,0.000,0.000,0.013,4.8,11.30,31.0,0.000,0.000,0.000,0.006,0.000,0.000,0.000,0.000,0.000,0.000,0.006,0.000,0.000,0.006,0.000,0.000,0.013,0.000
9.2050,92,0,move,-1,9.2050,9.2146,0,0.000,-0.088,0.176,-0.176,-0.088,0.088,-0.264,-0.088,0.176,0.088,-50.801,34.453,-0.088,0.264,0.000,0.000,0.439,0.176,0.000,0.000,0.000,0.000,0.000,0.000,0.000,0.000,0.000,0.000,-51.143,34.557,0.000,0.000,0.000,0.000,0.000,0.000,0.013,4.8,11.30,31.0,0.000,0.000,0.000,0.006,0.000,0.000,0.000,0.000,0.000,0.000,0.006,0.000,0.000,0.006,0.000,0.000,0.013,0.000
9.3049,93,0,move,-1,9.3049,9.3159,0,0.000,-0.088,0.176,-0.176,-0.088,0.088,-0.264,-0.088,0.176,0.088,-50.801,34.453,-0.088,0.264,0.000,0.000,0.439,0.176,0.000,0.000,0.000,0.000,0.000,0.000,0.000,0.000,0.000,0.000,-51.143,34.557,0.000,0.000,0.000,0.000,0.000,0.000,0.006,2.4,11.30,32.0,0.000,0.000,0.000,0.000,0.000,0.000,0.000,0.000,0.006,0.000,0.006,0.000,0.000,0.006,0.000,0.000,0.006,0.000
9.4060,94,0,move,-1,9.4060,9.4189,0,0.000,-0.088,0.176,-0.176,-0.088,0.088,-0.264,-0.088,0.176,0.088,-50.801,34.453,-0.088,0.264,0.000,0.000,0.439,0.176,0.000,0.000,0.000,0.000,0.000,0.000,0.000,0.000,0.000,0.000,-51.143,34.557,0.000,0.000,0.000,0.000,0.000,0.000,0.006,3.2,11.30,28.0,0.000,0.000,0.000,0.000,0.000,0.000,0.000,0.000,0.000,0.000,0.000,0.000,0.000,0.006,0.000,0.000,0.006,0.000
9.5049,95,0,move,-1,9.5049,9.5163,0,0.000,-0.088,0.176,-0.176,-0.088,0.088,-0.264,-0.088,0.176,0.088,-50.801,34.453,-0.088,0.264,0.000,0.000,0.439,0.176,0.000,0.000,0.000,0.000,0.000,0.000,0.000,0.000,0.000,0.000,-51.143,34.557,0.000,0.000,0.000,0.000,0.000,0.000,0.006,3.2,11.30,28.0,0.000,0.000,0.000,0.000,0.000,0.000,0.000,0.000,0.000,0.000,0.000,0.000,0.000,0.006,0.000,0.000,0.006,0.000
9.6048,96,0,move,-1,9.6048,9.6177,0,0.000,-0.088,0.176,-0.176,-0.088,0.088,-0.264,-0.088,0.176,0.088,-50.801,34.453,-0.088,0.264,0.000,0.000,0.439,0.176,0.000,0.000,0.000,0.000,0.000,0.000,0.000,0.000,0.000,0.000,-51.143,34.557,0.000,0.000,0.000,0.000,0.000,0.000,0.006,3.2,11.30,32.0,0.000,0.000,0.000,0.000,0.000,0.000,0.006,0.000,0.000,0.000,0.006,0.000,0.000,0.006,0.000,0.000,0.006,0.006
9.7049,97,0,move,-1,9.7049,9.7159,0,0.000,-0.088,0.176,-0.176,-0.088,0.088,-0.264,-0.088,0.176,0.088,-50.801,34.453,-0.088,0.264,0.000,0.000,0.439,0.176,0.000,0.000,0.000,0.000,0.000,0.000,0.000,0.000,0.000,0.000,-51.143,34.557,0.000,0.000,0.000,0.000,0.000,0.000,0.006,3.2,11.30,32.0,0.000,0.000,0.000,0.000,0.000,0.000,0.006,0.000,0.000,0.000,0.006,0.000,0.000,0.006,0.000,0.000,0.006,0.006
9.8050,98,0,move,-1,9.8050,9.8153,0,0.000,-0.088,0.176,-0.176,-0.088,0.088,-0.264,-0.088,0.176,0.088,-50.801,34.453,-0.088,0.264,0.000,0.000,0.439,0.176,0.000,0.000,0.000,0.000,0.000,0.000,0.000,0.000,0.000,0.000,-51.143,34.557,0.000,0.000,0.000,0.000,0.000,0.000,0.006,4.0,11.30,30.0,0.000,0.000,0.000,0.000,0.000,0.000,0.000,0.000,0.000,0.000,0.006,0.000,0.000,0.006,0.000,0.000,0.006,0.000
9.9049,99,0,move,-1,9.9049,9.9177,0,0.000,-0.088,0.176,-0.176,-0.088,0.088,-0.264,-0.088,0.176,0.088,-50.801,34.453,-0.088,0.264,0.000,0.000,0.439,0.176,0.000,0.000,0.000,0.000,0.000,0.000,0.000,0.000,0.000,0.000,-51.143,34.557,0.000,0.000,0.000,0.000,0.000,0.000,0.006,4.0,11.30,30.0,0.000,0.000,0.000,0.000,0.000,0.000,0.000,0.000,0.000,0.000,0.006,0.000,0.000,0.006,0.000,0.000,0.006,0.000
10.0056,100,0,move,-1,10.0056,10.0118,0,0.000,-0.088,0.176,-0.176,-0.088,0.088,-0.264,-0.088,0.176,0.088,-50.801,34.453,-0.088,0.264,0.000,0.000,0.439,0.176,0.000,0.000,0.000,0.000,0.000,0.000,0.000,0.000,0.000,0.000,-51.143,34.557,0.000,0.000,0.000,0.000,0.000,0.000,0.006,4.0,11.30,30.0,0.000,0.000,0.000,0.000,0.000,0.000,0.000,0.000,0.000,0.000,0.006,0.000,0.000,0.006,0.000,0.000,0.006,0.000
10.1048,101,0,move,-1,10.1048,10.1169,0,0.000,-0.088,0.176,-0.176,-0.088,0.088,-0.264,-0.088,0.176,0.088,-50.801,34.453,-0.088,0.264,0.000,0.000,0.439,0.176,0.000,0.000,0.000,0.000,0.000,0.000,0.000,0.000,0.000,0.000,-51.143,34.557,0.000,0.000,0.000,0.000,0.000,0.000,0.013,3.2,11.30,28.0,0.000,0.000,0.000,0.000,0.000,0.000,0.006,0.000,0.000,0.000,0.000,0.000,0.000,0.013,0.000,0.000,0.006,0.000
10.2049,102,0,move,-1,10.2049,10.2185,0,0.000,-0.088,0.176,-0.176,-0.088,0.088,-0.264,-0.088,0.176,0.088,-50.801,34.453,-0.088,0.264,0.000,0.000,0.439,0.176,0.000,0.000,0.000,0.000,0.000,0.000,0.000,0.000,0.000,0.000,-51.143,34.557,0.000,0.000,0.000,0.000,0.000,0.000,0.006,3.2,11.30,31.0,0.000,0.000,0.000,0.000,0.000,0.000,0.006,0.000,0.000,0.000,0.000,0.000,0.000,0.006,0.000,0.000,0.006,0.006
10.3059,103,0,move,-1,10.3059,10.3169,0,0.000,-0.088,0.176,-0.176,-0.088,0.088,-0.264,-0.088,0.176,0.088,-50.801,34.453,-0.088,0.264,0.000,0.000,0.439,0.176,0.000,0.000,0.000,0.000,0.000,0.000,0.000,0.000,0.000,0.000,-51.143,34.557,0.000,0.000,0.000,0.000,0.000,0.000,0.006,3.2,11.30,31.0,0.000,0.000,0.000,0.000,0.000,0.000,0.006,0.000,0.000,0.000,0.000,0.000,0.000,0.006,0.000,0.000,0.006,0.006
10.4048,104,0,move,-1,10.4048,10.4131,0,0.000,-0.088,0.176,-0.176,-0.088,0.088,-0.264,-0.088,0.176,0.088,-50.801,34.453,-0.088,0.264,0.000,0.000,0.439,0.176,0.000,0.000,0.000,0.000,0.000,0.000,0.000,0.000,0.000,0.000,-51.143,34.557,0.000,0.000,0.000,0.000,0.000,0.000,0.013,3.2,11.30,28.0,0.000,0.000,0.000,0.000,0.000,0.000,0.006,0.000,0.000,0.000,0.006,0.000,0.000,0.013,0.000,0.000,0.013,0.000
10.5053,105,0,move,-1,10.5053,10.6042,0,0.000,-0.088,0.176,-0.176,-0.088,0.088,-0.264,-0.088,0.176,0.088,-50.801,34.453,-0.088,0.264,0.000,0.000,0.439,0.176,0.000,0.000,0.000,0.000,0.000,0.000,0.000,0.000,0.000,0.000,-51.143,34.557,0.000,0.000,0.000,0.000,0.000,0.000,0.013,3.2,11.30,28.0,0.000,0.000,0.000,0.000,0.000,0.000,0.006,0.000,0.000,0.000,0.006,0.000,0.000,0.013,0.000,0.000,0.006,0.006
10.6143,106,0,move,-1,10.6143,10.6245,0,0.000,-0.088,0.176,-0.176,-0.088,0.088,-0.264,-0.088,0.176,0.088,-50.801,34.453,-0.088,0.264,0.000,0.000,0.439,0.176,0.000,0.000,0.000,0.000,0.000,0.000,0.000,0.000,0.000,0.000,-51.143,34.557,0.000,0.000,0.000,0.000,0.000,0.000,0.013,3.2,11.30,28.0,0.000,0.000,0.000,0.000,0.000,0.000,0.006,0.000,0.000,0.000,0.006,0.000,0.000,0.013,0.000,0.000,0.006,0.006
10.7048,107,0,move,-1,10.7048,10.7163,0,0.000,-0.088,0.176,-0.176,-0.088,0.088,-0.264,-0.088,0.176,0.088,-50.801,34.453,-0.088,0.264,0.000,0.000,0.439,0.176,0.000,0.000,0.000,0.000,0.000,0.000,0.000,0.000,0.000,0.000,-51.143,34.557,0.000,0.000,0.000,0.000,0.000,0.000,0.013,4.8,11.30,31.0,0.000,0.000,0.000,0.006,0.000,0.000,0.000,0.000,0.000,0.000,0.006,0.000,0.000,0.006,0.000,0.000,0.013,0.000
10.8048,108,0,move,-1,10.8048,10.8151,0,0.000,-0.088,0.176,-0.176,-0.088,0.088,-0.264,-0.088,0.176,0.088,-50.801,34.453,-0.088,0.264,0.000,0.000,0.439,0.176,0.000,0.000,0.000,0.000,0.000,0.000,0.000,0.000,0.000,0.000,-51.143,34.557,0.000,0.000,0.000,0.000,0.000,0.000,0.013,4.8,11.30,31.0,0.000,0.000,0.000,0.006,0.000,0.000,0.000,0.000,0.000,0.000,0.006,0.000,0.000,0.006,0.000,0.000,0.013,0.000
10.9059,109,0,move,-1,10.9059,10.9118,0,0.000,-0.088,0.176,-0.176,-0.088,0.088,-0.264,-0.088,0.176,0.088,-50.801,34.453,-0.088,0.264,0.000,0.000,0.439,0.176,0.000,0.000,0.000,0.000,0.000,0.000,0.000,0.000,0.000,0.000,-51.143,34.557,0.000,0.000,0.000,0.000,0.000,0.000,0.013,4.8,11.30,31.0,0.000,0.000,0.006,0.000,0.000,0.000,0.000,0.000,0.006,0.000,0.006,0.000,0.000,0.006,0.000,0.000,0.013,0.000
11.0050,110,0,move,-1,11.0050,11.0421,0,0.000,-0.088,0.176,-0.176,-0.088,0.088,-0.264,-0.088,0.176,0.088,-50.801,34.453,-0.088,0.264,0.000,0.000,0.439,0.176,0.000,0.000,0.000,0.000,0.000,0.000,0.000,0.000,0.000,0.000,-51.143,34.557,0.000,0.000,0.000,0.000,0.000,0.000,0.013,3.2,11.30,28.0,0.000,0.000,0.006,0.000,0.000,0.000,0.006,0.000,0.000,0.000,0.006,0.000,0.000,0.013,0.000,0.000,0.013,0.000
11.1048,111,0,move,-1,11.1048,11.1155,0,0.000,-0.088,0.176,-0.176,-0.088,0.088,-0.264,-0.088,0.176,0.088,-50.801,34.453,-0.088,0.264,0.000,0.000,0.439,0.176,0.000,0.000,0.000,0.000,0.000,0.000,0.000,0.000,0.000,0.000,-51.143,34.557,0.000,0.000,0.000,0.000,0.000,0.000,0.013,3.2,11.30,28.0,0.000,0.000,0.006,0.000,0.000,0.000,0.006,0.000,0.000,0.000,0.006,0.000,0.000,0.013,0.000,0.000,0.013,0.000
11.2049,112,0,move,-1,11.2049,11.2160,0,0.000,-0.088,0.176,-0.176,-0.088,0.088,-0.264,-0.088,0.176,0.088,-50.801,34.453,-0.088,0.264,0.000,0.000,0.439,0.176,0.000,0.000,0.000,0.000,0.000,0.000,0.000,0.000,0.000,0.000,-51.143,34.557,0.000,0.000,0.000,0.000,0.000,0.000,0.013,3.2,11.30,28.0,0.000,0.000,0.000,0.000,0.000,0.000,0.006,0.000,0.000,0.000,0.006,0.000,0.000,0.013,0.000,0.000,0.006,0.000
11.3049,113,0,move,-1,11.3049,11.3188,0,0.000,-0.088,0.176,-0.176,-0.088,0.088,-0.264,-0.088,0.176,0.088,-50.801,34.453,-0.088,0.264,0.000,0.000,0.439,0.176,0.000,0.000,0.000,0.000,0.000,0.000,0.000,0.000,0.000,0.000,-51.143,34.557,0.000,0.000,0.000,0.000,0.000,0.000,0.013,3.2,11.30,28.0,0.000,0.000,0.000,0.006,0.000,0.000,0.000,0.000,0.000,0.000,0.000,0.000,0.000,0.013,0.000,0.000,0.013,0.000
11.4049,114,0,move,-1,11.4049,11.4154,0,0.000,-0.088,0.176,-0.176,-0.088,0.088,-0.264,-0.088,0.176,0.088,-50.801,34.453,-0.088,0.264,0.000,0.000,0.439,0.176,0.000,0.000,0.000,0.000,0.000,0.000,0.000,0.000,0.000,0.000,-51.143,34.557,0.000,0.000,0.000,0.000,0.000,0.000,0.013,3.2,11.30,28.0,0.000,0.000,0.000,0.006,0.000,0.000,0.000,0.000,0.000,0.000,0.000,0.000,0.000,0.013,0.000,0.000,0.013,0.000
11.5126,115,0,move,-1,11.5126,11.5868,0,0.000,-0.088,0.176,-0.176,-0.088,0.088,-0.264,-0.088,0.176,0.088,-50.801,34.453,-0.088,0.264,0.000,0.000,0.439,0.176,0.000,0.000,0.000,0.000,0.000,0.000,0.000,0.000,0.000,0.000,-51.143,34.557,0.000,0.000,0.000,0.000,0.000,0.000,0.013,3.2,11.30,28.0,0.000,0.000,0.006,0.000,0.000,0.000,0.000,0.000,0.006,0.000,0.006,0.000,0.000,0.013,0.000,0.000,0.006,0.000
11.6047,116,0,move,-1,11.6047,11.6155,0,0.000,-0.088,0.176,-0.176,-0.088,0.088,-0.264,-0.088,0.176,0.088,-50.801,34.453,-0.088,0.264,0.000,0.000,0.439,0.176,0.000,0.000,0.000,0.000,0.000,0.000,0.000,0.000,0.000,0.000,-51.143,34.557,0.000,0.000,0.000,0.000,0.000,0.000,0.013,3.2,11.30,28.0,0.000,0.000,0.006,0.000,0.000,0.000,0.000,0.000,0.006,0.000,0.006,0.000,0.000,0.013,0.000,0.000,0.006,0.000
11.7049,117,0,move,-1,11.7049,11.7168,0,0.000,-0.088,0.176,-0.176,-0.088,0.088,-0.264,-0.088,0.176,0.088,-50.801,34.453,-0.088,0.264,0.000,0.000,0.439,0.176,0.000,0.000,0.000,0.000,0.000,0.000,0.000,0.000,0.000,0.000,-51.143,34.557,0.000,0.000,0.000,0.000,0.000,0.000,0.006,3.2,11.20,31.0,0.000,0.000,0.000,0.000,0.000,0.000,0.006,0.000,0.006,0.000,0.006,0.000,0.000,0.006,0.000,0.000,0.006,0.000
11.8052,118,0,move,-1,11.8052,11.8169,0,0.000,-0.088,0.176,-0.176,-0.088,0.088,-0.264,-0.088,0.176,0.088,-50.801,34.453,-0.088,0.264,0.000,0.000,0.439,0.176,0.000,0.000,0.000,0.000,0.000,0.000,0.000,0.000,0.000,0.000,-51.143,34.557,0.000,0.000,0.000,0.000,0.000,0.000,0.006,2.4,11.30,31.0,0.000,0.000,0.000,0.006,0.000,0.000,0.000,0.000,0.000,0.000,0.006,0.000,0.000,0.006,0.000,0.000,0.006,0.000
11.9047,119,0,move,-1,11.9047,11.9099,0,0.000,-0.088,0.176,-0.176,-0.088,0.088,-0.264,-0.088,0.176,0.088,-50.801,34.453,-0.088,0.264,0.000,0.000,0.439,0.176,0.000,0.000,0.000,0.000,0.000,0.000,0.000,0.000,0.000,0.000,-51.143,34.557,0.000,0.000,0.000,0.000,0.000,0.000,0.006,2.4,11.30,31.0,0.000,0.000,0.000,0.006,0.000,0.000,0.000,0.000,0.000,0.000,0.006,0.000,0.000,0.006,0.000,0.000,0.006,0.000
12.0049,120,0,move,-1,12.0049,12.0171,0,0.000,-0.088,0.176,-0.176,-0.088,0.088,-0.264,-0.088,0.176,0.088,-50.801,34.453,-0.088,0.264,0.000,0.000,0.439,0.176,0.000,0.000,0.000,0.000,0.000,0.000,0.000,0.000,0.000,0.000,-51.143,34.557,0.000,0.000,0.000,0.000,0.000,0.000,0.006,4.0,11.30,30.0,0.000,0.000,0.000,0.000,0.000,0.000,0.000,0.000,0.000,0.000,0.006,0.000,0.000,0.006,0.000,0.000,0.006,0.000
12.1087,121,0,move,-1,12.1087,12.1193,0,0.000,-0.088,0.176,-0.176,-0.088,0.088,-0.264,-0.088,0.176,0.088,-50.801,34.453,-0.088,0.264,0.000,0.000,0.439,0.176,0.000,0.000,0.000,0.000,0.000,0.000,0.000,0.000,0.000,0.000,-51.143,34.557,0.000,0.000,0.000,0.000,0.000,0.000,0.006,3.2,11.30,32.0,0.000,0.000,0.000,0.000,0.000,0.000,0.006,0.000,0.006,0.000,0.006,0.000,0.000,0.006,0.000,0.000,0.006,0.006
12.2048,122,0,move,-1,12.2048,12.2146,0,0.000,-0.088,0.176,-0.176,-0.088,0.088,-0.264,-0.088,0.176,0.088,-50.801,34.453,-0.088,0.264,0.000,0.000,0.439,0.176,0.000,0.000,0.000,0.000,0.000,0.000,0.000,0.000,0.000,0.000,-51.143,34.557,0.000,0.000,0.000,0.000,0.000,0.000,0.006,3.2,11.30,32.0,0.000,0.000,0.000,0.000,0.000,0.000,0.006,0.000,0.006,0.000,0.006,0.000,0.000,0.006,0.000,0.000,0.006,0.006
12.3047,123,0,move,-1,12.3047,12.3148,0,0.000,-0.088,0.176,-0.176,-0.088,0.088,-0.264,-0.088,0.176,0.088,-50.801,34.453,-0.088,0.264,0.000,0.000,0.439,0.176,0.000,0.000,0.000,0.000,0.000,0.000,0.000,0.000,0.000,0.000,-51.143,34.557,0.000,0.000,0.000,0.000,0.000,0.000,0.006,3.2,11.20,32.0,0.000,0.000,0.000,0.000,0.000,0.000,0.006,0.000,0.000,0.000,0.006,0.000,0.000,0.006,0.000,0.000,0.006,0.000
12.4048,124,0,move,-1,12.4048,12.4164,0,0.000,-0.088,0.176,-0.176,-0.088,0.088,-0.264,-0.088,0.176,0.088,-50.801,34.453,-0.088,0.264,0.000,0.000,0.439,0.176,0.000,0.000,0.000,0.000,0.000,0.000,0.000,0.000,0.000,0.000,-51.143,34.557,0.000,0.000,0.000,0.000,0.000,0.000,0.013,3.2,11.30,28.0,0.000,0.000,0.000,0.006,0.000,0.000,0.006,0.000,0.000,0.000,0.006,0.000,0.000,0.013,0.000,0.000,0.006,0.006
12.5048,125,0,move,-1,12.5048,12.5153,0,0.000,-0.088,0.176,-0.176,-0.088,0.088,-0.264,-0.088,0.176,0.088,-50.801,34.453,-0.088,0.264,0.000,0.000,0.439,0.176,0.000,0.000,0.000,0.000,0.000,0.000,0.000,0.000,0.000,0.000,-51.143,34.557,0.000,0.000,0.000,0.000,0.000,0.000,0.013,3.2,11.30,28.0,0.000,0.000,0.000,0.006,0.000,0.000,0.006,0.000,0.000,0.000,0.006,0.000,0.000,0.013,0.000,0.000,0.006,0.006
12.6049,126,0,move,-1,12.6049,12.6163,0,0.000,-0.088,0.176,-0.176,-0.088,0.088,-0.264,-0.088,0.176,0.088,-50.801,34.453,-0.088,0.264,0.000,0.000,0.439,0.176,0.000,0.000,0.000,0.000,0.000,0.000,0.000,0.000,0.000,0.000,-51.143,34.557,0.000,0.000,0.000,0.000,0.000,0.000,0.013,3.2,11.30,28.0,0.000,0.000,0.000,0.000,0.000,0.000,0.006,0.000,0.006,0.000,0.006,0.000,0.000,0.013,0.000,0.000,0.006,0.000
12.7049,127,0,move,-1,12.7049,12.7149,0,0.000,-0.088,0.176,-0.176,-0.088,0.088,-0.264,-0.088,0.176,0.088,-50.801,34.453,-0.088,0.264,0.000,0.000,0.439,0.176,0.000,0.000,0.000,0.000,0.000,0.000,0.000,0.000,0.000,0.000,-51.143,34.557,0.000,0.000,0.000,0.000,0.000,0.000,0.013,3.2,11.30,28.0,0.000,0.000,0.000,0.000,0.000,0.000,0.006,0.000,0.006,0.000,0.006,0.000,0.000,0.013,0.000,0.000,0.006,0.000
12.8048,128,0,move,-1,12.8048,12.8168,0,0.000,-0.088,0.176,-0.176,-0.088,0.088,-0.264,-0.088,0.176,0.088,-50.801,34.453,-0.088,0.264,0.000,0.000,0.439,0.176,0.000,0.000,0.000,0.000,0.000,0.000,0.000,0.000,0.000,0.000,-51.143,34.557,0.000,0.000,0.000,0.000,0.000,0.000,0.013,3.2,11.30,28.0,0.000,0.000,0.000,0.006,0.000,0.000,0.006,0.000,0.000,0.000,0.006,0.000,0.000,0.013,0.000,0.000,0.006,0.000
12.9068,129,0,move,-1,12.9068,12.9321,0,0.000,-0.088,0.176,-0.176,-0.088,0.088,-0.264,-0.088,0.176,0.088,-50.801,34.453,-0.088,0.264,0.000,0.000,0.439,0.176,0.000,0.000,0.000,0.000,0.000,0.000,0.000,0.000,0.000,0.000,-51.143,34.557,0.000,0.000,0.000,0.000,0.000,0.000,0.013,3.2,11.30,28.0,0.000,0.000,0.000,0.000,0.000,,0.006,0.000,0.000,0.000,0.006,0.000,0.000,0.013,0.000,0.000,0.006,0.000
13.0050,130,0,move,-1,13.0050,13.0148,0,0.000,-0.088,0.176,-0.176,-0.088,0.088,-0.264,-0.088,0.176,0.088,-50.801,34.453,-0.088,0.264,0.000,0.000,0.439,0.176,0.000,0.000,0.000,0.000,0.000,0.000,0.000,0.000,0.000,0.000,-51.143,34.557,0.000,0.000,0.000,0.000,0.000,0.000,0.013,3.2,11.30,28.0,0.000,0.000,0.000,0.000,0.000,,0.006,0.000,0.000,0.000,0.006,0.000,0.000,0.013,0.000,0.000,0.006,0.000
13.1049,131,0,move,-1,13.1049,13.1173,0,0.000,-0.088,0.176,-0.176,-0.088,0.088,-0.264,-0.088,0.176,0.088,-50.801,34.453,-0.088,0.264,0.000,0.000,0.439,0.176,0.000,0.000,0.000,0.000,0.000,0.000,0.000,0.000,0.000,0.000,-51.143,34.557,0.000,0.000,0.000,0.000,0.000,0.000,0.006,2.4,11.30,32.0,0.000,0.000,0.006,0.000,0.000,0.000,0.000,0.000,0.000,0.000,0.006,0.000,0.000,0.006,0.000,0.000,0.006,0.006
13.2049,132,0,move,-1,13.2049,13.2157,0,0.000,-0.088,0.176,-0.176,-0.088,0.088,-0.264,-0.088,0.176,0.088,-50.801,34.453,-0.088,0.264,0.000,0.000,0.439,0.176,0.000,0.000,0.000,0.000,0.000,0.000,0.000,0.000,0.000,0.000,-51.143,34.557,0.000,0.000,0.000,0.000,0.000,0.000,0.006,2.4,11.30,32.0,0.000,0.000,0.006,0.000,0.000,0.000,0.000,0.000,0.000,0.000,0.006,0.000,0.000,0.006,0.000,0.000,0.006,0.006
13.3049,133,0,move,-1,13.3049,13.3168,0,0.000,-0.088,0.176,-0.176,-0.088,0.088,-0.264,-0.088,0.176,0.088,-50.801,34.453,-0.088,0.264,0.000,0.000,0.439,0.176,0.000,0.000,0.000,0.000,0.000,0.000,0.000,0.000,0.000,0.000,-51.143,34.557,0.000,0.000,0.000,0.000,0.000,0.000,0.013,3.2,11.30,28.0,0.000,0.000,0.006,0.006,0.000,0.000,0.006,0.000,0.000,0.000,0.006,0.000,0.000,0.013,0.000,0.000,0.006,0.000
13.4049,134,0,move,-1,13.4049,13.4162,0,0.000,-0.088,0.176,-0.176,-0.088,0.088,-0.264,-0.088,0.176,0.088,-50.801,34.453,-0.088,0.264,0.000,0.000,0.439,0.176,0.000,0.000,0.000,0.000,0.000,0.000,0.000,0.000,0.000,0.000,-51.143,34.557,0.000,0.000,0.000,0.000,0.000,0.000,0.013,3.2,11.30,28.0,0.000,0.000,0.006,0.006,0.000,0.000,0.006,0.000,0.000,0.000,0.006,0.000,0.000,0.013,0.000,0.000,0.006,0.000
13.5048,135,0,move,-1,13.5048,13.5102,0,0.000,-0.088,0.176,-0.176,-0.088,0.088,-0.264,-0.088,0.176,0.088,-50.801,34.453,-0.088,0.264,0.000,0.000,0.439,0.176,0.000,0.000,0.000,0.000,0.000,0.000,0.000,0.000,0.000,0.000,-51.143,34.557,0.000,0.000,0.000,0.000,0.000,0.000,0.013,3.2,11.30,28.0,0.000,0.000,0.000,0.006,0.000,0.000,0.000,0.000,0.000,0.000,0.006,0.000,0.000,0.013,0.000,0.000,0.006,0.000
13.6105,136,0,move,-1,13.6105,13.6318,0,0.000,-0.088,0.176,-0.176,-0.088,0.088,-0.264,-0.088,0.176,0.088,-50.801,34.453,-0.088,0.264,0.000,0.000,0.439,0.176,0.000,0.000,0.000,0.000,0.000,0.000,0.000,0.000,0.000,0.000,-51.143,34.557,0.000,0.000,0.000,0.000,0.000,0.000,0.013,3.2,11.30,28.0,0.000,0.000,0.000,0.006,0.000,0.000,0.000,0.000,0.006,0.000,0.006,0.000,0.000,0.013,0.000,0.000,0.013,0.006
13.7147,137,0,move,-1,13.7147,13.7275,0,0.000,-0.088,0.176,-0.176,-0.088,0.088,-0.264,-0.088,0.176,0.088,-50.801,34.453,-0.088,0.264,0.000,0.000,0.439,0.176,0.000,0.000,0.000,0.000,0.000,0.000,0.000,0.000,0.000,0.000,-51.143,34.557,0.000,0.000,0.000,0.000,0.000,0.000,0.013,3.2,11.30,28.0,0.000,0.000,0.000,0.006,0.000,0.000,0.000,0.000,0.006,0.000,0.006,0.000,0.000,0.013,0.000,0.000,0.013,0.006
13.8131,138,0,move,-1,13.8131,13.8247,0,0.000,-0.088,0.176,-0.176,-0.088,0.088,-0.264,-0.088,0.176,0.088,-50.801,34.453,-0.088,0.264,0.000,0.000,0.439,0.176,0.000,0.000,0.000,0.000,0.000,0.000,0.000,0.000,0.000,0.000,-51.143,34.557,0.000,0.000,0.000,0.000,0.000,0.000,0.013,4.8,11.30,31.0,0.000,0.000,0.000,0.006,0.000,0.000,0.000,0.000,0.000,0.000,0.000,0.000,0.000,0.006,0.000,0.000,0.013,0.006
13.9049,139,0,move,-1,13.9049,13.9174,0,0.000,-0.088,0.176,-0.176,-0.088,0.088,-0.264,-0.088,0.176,0.088,-50.801,34.453,-0.088,0.264,0.000,0.000,0.439,0.176,0.000,0.000,0.000,0.000,0.000,0.000,0.000,0.000,0.000,0.000,-51.143,34.557,0.000,0.000,0.000,0.000,0.000,0.000,0.013,4.8,11.30,31.0,0.000,0.000,0.000,0.006,0.000,0.000,0.000,0.000,0.000,0.000,0.000,0.000,0.000,0.006,0.000,0.000,0.013,0.006
14.0048,140,0,move,-1,14.0048,14.0139,0,0.000,-0.088,0.176,-0.176,-0.088,0.088,-0.264,-0.088,0.176,0.088,-50.801,34.453,-0.088,0.264,0.000,0.000,0.439,0.176,0.000,0.000,0.000,0.000,0.000,0.000,0.000,0.000,0.000,0.000,-51.045,34.512,0.000,0.000,0.000,0.000,0.000,0.000,0.013,3.2,11.30,28.0,0.000,0.000,0.000,0.000,0.000,0.000,0.000,0.000,0.000,0.000,0.006,0.000,0.000,0.013,0.000,0.000,0.006,0.000
14.1049,141,0,move,-1,14.1049,14.1149,0,0.000,-0.088,0.176,-0.176,-0.088,0.088,-0.264,-0.088,0.176,0.088,-50.801,34.453,-0.088,0.264,0.000,0.000,0.439,0.176,0.000,0.000,0.000,0.000,0.000,0.000,0.000,0.000,0.000,0.000,-50.765,34.384,0.000,0.000,0.000,0.000,0.000,0.000,0.006,3.2,11.30,32.0,0.000,0.000,0.000,0.000,0.000,0.000,0.006,0.000,0.000,0.000,0.006,0.000,0.000,0.006,0.000,0.000,0.006,0.000
14.2049,142,0,move,-1,14.2049,14.2184,0,0.000,-0.088,0.176,-0.176,-0.088,0.088,-0.264,-0.088,0.176,0.088,-50.801,34.453,-0.088,0.264,0.000,0.000,0.439,0.176,0.000,0.000,0.000,0.000,0.000,0.000,0.000,0.000,0.000,0.000,-50.327,34.182,0.000,0.000,0.000,0.000,0.000,0.000,0.013,3.2,11.30,28.0,0.000,0.000,0.000,0.000,0.000,0.000,0.006,0.000,0.000,0.000,0.000,0.000,0.000,0.013,0.000,0.000,0.006,0.000
14.3049,143,0,move,-1,14.3049,14.3163,0,0.000,-0.088,0.176,-0.176,-0.088,0.088,-0.264,-0.088,0.176,0.088,-50.625,34.277,-0.088,0.264,0.000,0.000,0.439,0.176,0.000,0.000,0.000,0.000,0.000,0.000,0.000,0.000,0.000,0.000,-49.772,33.924,0.000,0.000,0.000,0.000,0.000,0.000,0.013,3.2,11.30,28.0,0.000,0.000,0.000,0.000,0.000,0.000,0.006,0.000,0.000,0.000,0.000,0.000,0.000,0.013,0.000,0.000,0.006,0.000
14.4049,144,0,move,-1,14.4049,14.4179,0,0.000,-0.088,0.176,-0.176,-0.088,0.088,-0.264,-0.088,0.176,0.088,-50.098,33.926,-0.088,0.264,0.000,0.000,0.439,0.176,0.000,0.000,0.000,0.000,0.000,0.000,0.000,0.000,0.000,0.000,-49.154,33.634,0.000,0.000,0.000,0.000,0.000,0.000,0.006,2.4,11.30,31.0,0.000,0.000,0.000,0.006,0.000,0.000,0.006,0.000,0.000,0.000,0.000,0.000,0.000,0.006,0.000,0.000,0.006,0.000
14.5048,145,0,move,-1,14.5048,14.5146,0,0.000,-0.088,0.176,-0.176,-0.088,0.088,-0.264,-0.088,0.176,0.088,-49.746,33.662,-0.088,0.264,0.000,0.000,0.439,0.176,0.000,0.000,0.000,0.000,0.000,0.000,0.000,0.000,0.000,0.000,-48.535,33.340,0.000,0.000,0.000,0.000,0.000,0.000,0.006,2.4,11.30,31.0,0.000,0.000,0.000,0.006,0.000,0.000,0.006,0.000,0.000,0.000,0.000,0.000,0.000,0.006,0.000,0.000,0.006,0.000
14.6048,146,0,move,-1,14.6048,14.6201,0,0.000,-0.088,0.176,-0.176,-0.088,0.088,-0.264,-0.088,0.176,0.088,-48.955,33.311,-0.088,0.264,0.000,0.000,0.439,0.176,0.000,0.000,0.000,0.000,0.000,0.000,0.000,0.000,0.000,0.000,-47.971,33.071,0.000,0.000,0.000,0.000,0.000,0.000,0.000,0.0,11.30,31.0,0.000,0.000,0.000,0.000,0.000,0.000,0.000,0.000,0.000,0.000,0.000,0.000,0.000,0.000,0.000,0.000,0.000,0.000
14.7049,147,0,move,-1,14.7049,14.7167,0,0.000,-0.088,0.176,-0.176,-0.088,0.088,-0.264,-0.088,0.176,0.088,-48.604,33.223,-0.088,0.264,0.000,0.000,0.439,0.176,0.000,0.000,0.000,0.000,0.000,0.000,0.000,0.000,0.000,0.000,-47.522,32.856,0.000,0.000,0.000,0.000,0.000,0.000,0.000,0.0,11.30,31.0,0.000,0.000,0.000,0.000,0.000,0.000,0.000,0.000,0.000,0.000,0.000,0.000,0.000,0.000,0.000,0.000,0.000,0.000
14.8049,148,0,move,-1,14.8049,14.8148,0,0.000,-0.088,0.176,-0.176,-0.088,0.088,-0.264,-0.088,0.176,0.088,-47.900,32.871,-0.088,0.264,0.000,0.000,0.439,0.176,0.000,0.000,0.000,0.000,0.000,0.000,0.000,0.000,0.000,0.000,-47.233,32.716,0.000,0.000,0.000,0.000,0.000,0.000,0.006,3.2,11.20,31.0,0.000,0.000,0.000,0.000,0.000,0.000,0.006,0.000,0.006,0.000,0.006,0.006,0.000,0.006,0.000,0.000,0.006,0.006
14.9049,149,0,move,-1,14.9049,14.9170,0,0.000,-0.088,0.176,-0.176,-0.088,0.088,-0.264,-0.088,0.176,0.088,-47.373,32.783,-0.088,0.264,0.000,0.000,0.439,0.176,0.000,0.000,0.000,0.000,0.000,0.000,0.000,0.000,0.000,0.000,-47.133,32.667,0.000,0.000,0.000,0.000,0.000,0.000,0.013,3.2,11.30,28.0,0.000,0.000,0.006,0.006,0.000,0.000,0.006,0.000,0.000,0.000,0.006,0.000,0.000,0.013,0.000,0.000,0.006,0.006
15.0049,150,0,move,-1,15.0049,15.0151,0,0.000,-0.088,0.176,-0.176,-0.088,0.088,-0.264,-0.088,0.176,0.088,-47.373,32.783,-0.088,0.264,0.000,0.000,0.439,0.176,0.000,0.000,0.000,0.000,0.000,0.000,0.000,0.000,0.000,0.000,-47.133,32.667,0.000,0.000,0.000,0.000,0.000,0.000,0.013,3.2,11.30,28.0,0.000,0.000,0.006,0.006,0.000,0.000,0.006,0.000,0.000,0.000,0.006,0.000,0.000,0.013,0.000,0.000,0.006,0.006
15.1100,151,0,move,-1,15.1100,15.1419,0,0.000,-0.088,0.176,-0.176,-0.088,0.088,-0.264,-0.088,0.176,0.088,-47.285,32.783,-0.088,0.264,0.000,0.000,0.439,0.176,0.000,0.000,0.000,0.000,0.000,0.000,0.000,0.000,0.000,0.000,-47.133,32.667,0.000,0.000,0.000,0.000,0.000,0.000,0.013,3.2,11.30,28.0,0.000,0.000,0.000,0.000,0.000,0.000,0.006,0.000,0.006,0.000,0.006,0.000,0.000,0.013,0.000,0.000,0.006,0.006
15.2093,152,0,move,-1,15.2093,15.2592,0,0.000,-0.088,0.176,-0.176,-0.088,0.088,-0.264,-0.088,0.176,0.088,-47.285,32.783,-0.088,0.264,0.000,0.000,0.439,0.176,0.000,0.000,0.000,0.000,0.000,0.000,0.000,0.000,0.000,0.000,-47.133,32.667,0.000,0.000,0.000,0.000,0.000,0.000,0.013,3.2,11.30,28.0,0.000,0.000,0.000,0.000,0.000,0.000,0.006,0.000,0.000,0.000,0.000,0.000,0.000,0.013,0.000,0.000,0.006,0.000
15.3082,153,0,move,-1,15.3082,15.3230,0,0.000,-0.088,0.176,-0.176,-0.088,0.088,-0.264,-0.088,0.176,0.088,-47.285,32.783,-0.088,0.264,0.000,0.000,0.439,0.176,0.000,0.000,0.000,0.000,0.000,0.000,0.000,0.000,0.000,0.000,-47.133,32.667,0.000,0.000,0.000,0.000,0.000,0.000,0.013,3.2,11.30,28.0,0.000,0.000,0.000,0.000,0.000,0.000,0.006,0.000,0.000,0.000,0.000,0.000,0.000,0.013,0.000,0.000,0.006,0.000
15.4048,154,0,move,-1,15.4048,15.4151,0,0.000,-0.088,0.176,-0.176,-0.088,0.088,-0.264,-0.088,0.176,0.088,-47.285,32.783,-0.088,0.264,0.000,0.000,0.439,0.176,0.000,0.000,0.000,0.000,0.000,0.000,0.000,0.000,0.000,0.000,-47.133,32.667,0.000,0.000,0.000,0.000,0.000,0.000,0.013,3.2,11.30,28.0,0.000,0.000,0.000,0.000,0.000,0.000,0.006,0.000,0.006,0.000,0.000,0.000,0.000,0.013,0.000,0.000,0.006,0.000
15.5047,155,0,move,-1,15.5047,15.5259,0,0.000,-0.088,0.176,-0.176,-0.088,0.088,-0.264,-0.088,0.176,0.088,-47.285,32.783,-0.088,0.264,0.000,0.000,0.439,0.176,0.000,0.000,0.000,0.000,0.000,0.000,0.000,0.000,0.000,0.000,-47.133,32.667,0.000,0.000,0.000,0.000,0.000,0.000,0.013,3.2,11.30,28.0,0.000,0.000,0.000,0.006,0.000,0.000,0.000,0.000,0.000,0.000,0.000,0.000,0.000,0.013,0.000,0.000,0.013,0.000
15.6049,156,0,move,-1,15.6049,15.6158,0,0.000,-0.088,0.176,-0.176,-0.088,0.088,-0.264,-0.088,0.176,0.088,-47.285,32.783,-0.088,0.264,0.000,0.000,0.439,0.176,0.000,0.000,0.000,0.000,0.000,0.000,0.000,0.000,0.000,0.000,-47.133,32.667,0.000,0.000,0.000,0.000,0.000,0.000,0.013,3.2,11.30,28.0,0.000,0.000,0.000,0.006,0.000,0.000,0.000,0.000,0.000,0.000,0.000,0.000,0.000,0.013,0.000,0.000,0.013,0.000
15.7047,157,0,move,-1,15.7047,15.7164,0,0.000,-0.088,0.176,-0.176,-0.088,0.088,-0.264,-0.088,0.176,0.088,-47.285,32.783,-0.088,0.264,0.000,0.000,0.439,0.176,0.000,0.000,0.000,0.000,0.000,0.000,0.000,0.000,0.000,0.000,-47.133,32.667,0.000,0.000,0.000,0.000,0.000,0.000,0.013,4.8,11.30,31.0,0.000,0.000,0.000,0.000,0.000,0.000,0.006,0.000,0.006,0.000,0.000,0.000,0.000,0.006,0.000,0.000,0.013,0.006
15.8048,158,0,move,-1,15.8048,15.8190,0,0.000,-0.088,0.176,-0.176,-0.088,0.088,-0.264,-0.088,0.176,0.088,-47.285,32.783,-0.088,0.264,0.000,0.000,0.439,0.176,0.000,0.000,0.000,0.000,0.000,0.000,0.000,0.000,0.000,0.000,-47.133,32.667,0.000,0.000,0.000,0.000,0.000,0.000,0.006,3.2,11.30,28.0,0.000,0.000,0.000,0.000,0.000,0.000,0.000,0.000,0.000,0.000,0.000,0.000,0.000,0.006,0.000,0.000,0.006,0.006
15.9049,159,0,move,-1,15.9049,15.9280,0,0.000,-0.088,0.176,-0.176,-0.088,0.088,-0.264,-0.088,0.176,0.088,-47.285,32.783,-0.088,0.264,0.000,0.000,0.439,0.176,0.000,0.000,0.000,0.000,0.000,0.000,0.000,0.000,0.000,0.000,-47.133,32.667,0.000,0.000,0.000,0.000,0.000,0.000,0.013,3.2,11.30,28.0,0.000,0.000,0.000,,0.000,0.000,0.006,0.000,0.000,0.000,0.000,0.000,0.000,0.013,0.000,0.000,0.006,0.006
16.0050,160,0,move,-1,16.0050,16.0162,0,0.000,-0.088,0.176,-0.176,-0.088,0.088,-0.264,-0.088,0.176,0.088,-47.285,32.783,-0.088,0.264,0.000,0.000,0.439,0.176,0.000,0.000,0.000,0.000,0.000,0.000,0.000,0.000,0.000,0.000,-47.133,32.667,0.000,0.000,0.000,0.000,0.000,0.000,0.013,3.2,11.30,28.0,0.000,0.000,0.000,,0.000,0.000,0.006,0.000,0.000,0.000,0.000,0.000,0.000,0.013,0.000,0.000,0.006,0.006
16.1049,161,0,move,-1,16.1049,16.1151,0,0.000,-0.088,0.176,-0.176,-0.088,0.088,-0.264,-0.088,0.176,0.088,-47.285,32.783,-0.088,0.264,0.000,0.000,0.439,0.176,0.000,0.000,0.000,0.000,0.000,0.000,0.000,0.000,0.000,0.000,-47.133,32.667,0.000,0.000,0.000,0.000,0.000,0.000,0.013,3.2,11.30,28.0,0.000,0.000,0.006,0.000,0.000,0.000,0.006,0.000,0.006,0.000,0.000,0.000,0.000,0.013,0.000,0.000,0.006,0.000
16.2050,162,0,move,-1,16.2050,16.2207,0,0.000,-0.088,0.176,-0.176,-0.088,0.088,-0.264,-0.088,0.176,0.088,-47.285,32.783,-0.088,0.264,0.000,0.000,0.439,0.176,0.000,0.000,0.000,0.000,0.000,0.000,0.000,0.000,0.000,0.000,-47.133,32.667,0.000,0.000,0.000,0.000,0.000,0.000,0.013,3.2,11.30,28.0,0.000,0.000,0.000,0.000,0.000,0.000,0.006,0.000,0.000,0.000,0.000,0.000,0.000,0.013,0.000,0.000,0.006,0.000
16.3049,163,0,move,-1,16.3049,16.3164,0,0.000,-0.088,0.176,-0.176,-0.088,0.088,-0.264,-0.088,0.176,0.088,-47.285,32.783,-0.088,0.264,0.000,0.000,0.439,0.176,0.000,0.000,0.000,0.000,0.000,0.000,0.000,0.000,0.000,0.000,-47.133,32.667,0.000,0.000,0.000,0.000,0.000,0.000,0.013,3.2,11.30,28.0,0.000,0.000,0.000,0.000,0.000,0.000,0.006,0.000,0.000,0.000,0.000,0.000,0.000,0.013,0.000,0.000,0.006,0.000
16.4048,164,0,move,-1,16.4048,16.4522,0,0.000,-0.088,0.176,-0.176,-0.088,0.088,-0.264,-0.088,0.176,0.088,-47.285,32.783,-0.088,0.264,0.000,0.000,0.439,0.176,0.000,0.000,0.000,0.000,0.000,0.000,0.000,0.000,0.000,0.000,-47.133,32.667,0.000,0.000,0.000,0.000,0.000,0.000,0.013,3.2,11.30,28.0,0.000,0.000,0.000,0.006,0.000,0.000,0.006,0.000,0.000,0.000,0.000,0.000,0.000,0.013,0.000,0.000,0.013,0.000
16.5049,165,0,move,-1,16.5049,16.5159,0,0.000,-0.088,0.176,-0.176,-0.088,0.088,-0.264,-0.088,0.176,0.088,-47.285,32.783,-0.088,0.264,0.000,0.000,0.439,0.176,0.000,0.000,0.000,0.000,0.000,0.000,0.000,0.000,0.000,0.000,-47.133,32.667,0.000,0.000,0.000,0.000,0.000,0.000,0.013,3.2,11.30,28.0,0.000,0.000,0.000,0.006,0.000,0.000,0.006,0.000,0.000,0.000,0.000,0.000,0.000,0.013,0.000,0.000,0.013,0.000
16.6049,166,0,move,-1,16.6049,16.6148,0,0.000,-0.088,0.176,-0.176,-0.088,0.088,-0.264,-0.088,0.176,0.088,-47.285,32.783,-0.088,0.264,0.000,0.000,0.439,0.176,0.000,0.000,0.000,0.000,0.000,0.000,0.000,0.000,0.000,0.000,-47.133,32.667,0.000,0.000,0.000,0.000,0.000,0.000,0.006,2.4,11.30,31.0,0.000,0.000,0.000,0.006,0.000,0.000,0.000,0.000,0.006,0.000,0.000,0.000,0.000,0.006,0.000,0.000,0.006,0.000
16.7049,167,0,move,-1,16.7049,16.7160,0,0.000,-0.088,0.176,-0.176,-0.088,0.088,-0.264,-0.088,0.176,0.088,-47.285,32.783,-0.088,0.264,0.000,0.000,0.439,0.176,0.000,0.000,0.000,0.000,0.000,0.000,0.000,0.000,0.000,0.000,-47.133,32.667,0.000,0.000,0.000,0.000,0.000,0.000,0.013,3.2,11.30,28.0,0.000,0.000,0.000,0.000,0.000,0.000,0.006,0.000,0.006,0.000,0.000,0.000,0.000,0.013,0.000,0.000,0.006,0.000
16.8066,168,0,move,-1,16.8066,16.8460,0,0.000,-0.088,0.176,-0.176,-0.088,0.088,-0.264,-0.088,0.176,0.088,-47.285,32.783,-0.088,0.264,0.000,0.000,0.439,0.176,0.000,0.000,0.000,0.000,0.000,0.000,0.000,0.000,0.000,0.000,-47.133,32.667,0.000,0.000,0.000,0.000,0.000,0.000,0.013,3.2,11.30,28.0,0.000,0.000,0.000,0.000,0.000,0.000,0.000,0.000,0.000,0.000,0.000,0.000,0.000,0.013,0.000,0.000,0.013,0.006
16.9050,169,0,move,-1,16.9050,16.9171,0,0.000,-0.088,0.176,-0.176,-0.088,0.088,-0.264,-0.088,0.176,0.088,-47.285,32.783,-0.088,0.264,0.000,0.000,0.439,0.176,0.000,0.000,0.000,0.000,0.000,0.000,0.000,0.000,0.000,0.000,-47.133,32.667,0.000,0.000,0.000,0.000,0.000,0.000,0.013,3.2,11.30,28.0,0.000,0.000,0.000,0.000,0.000,0.000,0.000,0.000,0.000,0.000,0.000,0.000,0.000,0.013,0.000,0.000,0.013,0.006
17.0048,170,0,move,-1,17.0048,17.0107,0,0.000,-0.088,0.176,-0.176,-0.088,0.088,-0.264,-0.088,0.176,0.088,-47.285,32.783,-0.088,0.264,0.000,0.000,0.439,0.176,0.000,0.000,0.000,0.000,0.000,0.000,0.000,0.000,0.000,0.000,-47.133,32.667,0.000,0.000,0.000,0.000,0.000,0.000,0.006,3.2,11.20,32.0,0.000,0.000,0.000,0.000,0.000,0.000,0.006,0.000,0.006,0.000,0.006,0.000,0.000,0.006,0.000,0.000,0.006,0.006
17.1103,171,0,move,-1,17.1103,17.1344,0,0.000,-0.088,0.176,-0.176,-0.088,0.088,-0.264,-0.088,0.176,0.088,-47.285,32.783,-0.088,0.264,0.000,0.000,0.439,0.176,0.000,0.000,0.000,0.000,0.000,0.000,0.000,0.000,0.000,0.000,-47.133,32.667,0.000,0.000,0.000,0.000,0.000,0.000,0.013,3.2,11.30,28.0,0.000,0.000,0.000,0.006,0.000,0.000,0.006,0.000,0.000,0.000,0.000,0.000,0.000,0.013,0.000,0.000,0.006,0.006
17.2050,172,0,move,-1,17.2050,17.2330,0,0.000,-0.088,0.176,-0.176,-0.088,0.088,-0.264,-0.088,0.176,0.088,-47.285,32.783,-0.088,0.264,0.000,0.000,0.439,0.176,0.000,0.000,0.000,0.000,0.000,0.000,0.000,0.000,0.000,0.000,-47.133,32.667,0.000,0.000,0.000,0.000,0.000,0.000,0.013,3.2,11.30,28.0,0.000,0.000,0.000,0.006,0.000,0.000,0.006,0.000,0.000,0.000,0.000,0.000,0.000,0.013,0.000,0.000,0.006,0.006
17.3049,173,0,move,-1,17.3049,17.3155,0,0.000,-0.088,0.176,-0.176,-0.088,0.088,-0.264,-0.088,0.176,0.088,-47.285,32.783,-0.088,0.264,0.000,0.000,0.439,0.176,0.000,0.000,0.000,0.000,0.000,0.000,0.000,0.000,0.000,0.000,-47.133,32.667,0.000,0.000,0.000,0.000,0.000,0.000,0.013,3.2,11.30,28.0,0.000,0.000,0.006,0.000,0.000,0.000,0.000,0.000,0.000,0.000,0.000,0.000,0.000,0.013,0.000,0.000,0.006,0.000
17.4047,174,0,move,-1,17.4047,17.4263,0,0.000,-0.088,0.176,-0.176,-0.088,0.088,-0.264,-0.088,0.176,0.088,-47.285,32.783,-0.088,0.264,0.000,0.000,0.439,0.176,0.000,0.000,0.000,0.000,0.000,0.000,0.000,0.000,0.000,0.000,-47.133,32.667,0.000,0.000,0.000,0.000,0.000,0.000,0.013,3.2,11.30,28.0,0.000,0.000,0.000,0.006,0.000,0.006,0.006,0.000,0.000,0.000,0.006,0.000,0.000,0.013,0.000,0.000,0.006,0.006
17.5050,175,0,move,-1,17.5050,17.5159,0,0.000,-0.088,0.176,-0.176,-0.088,0.088,-0.264,-0.088,0.176,0.088,-47.285,32.783,-0.088,0.264,0.000,0.000,0.439,0.176,0.000,0.000,0.000,0.000,0.000,0.000,0.000,0.000,0.000,0.000,-47.133,32.667,0.000,0.000,0.000,0.000,0.000,0.000,0.013,3.2,11.30,28.0,0.000,0.000,0.000,0.006,0.000,0.006,0.006,0.000,0.000,0.000,0.006,0.000,0.000,0.013,0.000,0.000,0.006,0.006
17.6049,176,0,move,-1,17.6049,17.6169,0,0.000,-0.088,0.176,-0.176,-0.088,0.088,-0.264,-0.088,0.176,0.088,-47.285,32.783,-0.088,0.264,0.000,0.000,0.439,0.176,0.000,0.000,0.000,0.000,0.000,0.000,0.000,0.000,0.000,0.000,-47.133,32.667,0.000,0.000,0.000,0.000,0.000,0.000,0.006,3.2,11.30,28.0,0.000,0.000,0.000,0.000,0.000,0.000,0.000,0.000,0.000,0.000,0.000,0.000,0.000,0.006,0.000,0.000,0.006,0.000
17.7048,177,0,move,-1,17.7048,17.7159,0,0.000,-0.088,0.176,-0.176,-0.088,0.088,-0.264,-0.088,0.176,0.088,-47.285,32.783,-0.088,0.264,0.000,0.000,0.439,0.176,0.000,0.000,0.000,0.000,0.000,0.000,0.000,0.000,0.000,0.000,-47.133,32.667,0.000,0.000,0.000,0.000,0.000,0.000,0.006,3.2,11.30,28.0,0.000,0.000,0.000,0.000,0.000,0.000,0.000,0.000,0.000,0.000,0.000,0.000,0.000,0.006,0.000,0.000,0.006,0.000
17.8048,178,0,move,-1,17.8048,17.8150,0,0.000,-0.088,0.176,-0.176,-0.088,0.088,-0.264,-0.088,0.176,0.088,-47.285,32.783,-0.088,0.264,0.000,0.000,0.439,0.176,0.000,0.000,0.000,0.000,0.000,0.000,0.000,0.000,0.000,0.000,-47.133,32.667,0.000,0.000,0.000,0.000,0.000,0.000,0.013,4.8,11.30,31.0,0.000,0.000,0.000,0.000,0.000,0.000,0.006,0.000,0.000,0.000,0.000,0.000,0.000,0.006,0.000,0.000,0.013,0.006
17.9048,179,0,move,-1,17.9048,17.9113,0,0.000,-0.088,0.176,-0.176,-0.088,0.088,-0.264,-0.088,0.176,0.088,-47.285,32.783,-0.088,0.264,0.000,0.000,0.439,0.176,0.000,0.000,0.000,0.000,0.000,0.000,0.000,0.000,0.000,0.000,-47.133,32.667,0.000,0.000,0.000,0.000,0.000,0.000,0.013,4.8,11.30,31.0,0.000,0.000,0.000,0.000,0.000,0.000,0.006,0.000,0.000,0.000,0.000,0.000,0.000,0.006,0.000,0.000,0.013,0.006
18.0049,180,0,move,-1,18.0049,18.0161,0,0.000,-0.088,0.176,-0.176,-0.088,0.088,-0.264,-0.088,0.176,0.088,-47.285,32.783,-0.088,0.264,0.000,0.000,0.439,0.176,0.000,0.000,0.000,0.000,0.000,0.000,0.000,0.000,0.000,0.000,-47.033,32.619,0.000,0.000,0.000,0.000,0.000,0.000,0.013,4.8,11.30,31.0,0.000,0.000,0.000,0.006,0.000,0.000,0.006,0.000,0.006,0.000,0.000,0.000,0.000,0.006,0.000,0.000,0.013,0.000
18.1047,181,0,move,-1,18.1047,18.1153,0,0.000,-0.088,0.176,-0.176,-0.088,0.088,-0.264,-0.088,0.176,0.088,-47.285,32.695,-0.088,0.264,0.000,0.000,0.439,0.176,0.000,0.000,0.000,0.000,0.000,0.000,0.000,0.000,0.000,0.000,-46.742,32.477,0.000,0.000,0.000,0.000,0.000,0.000,0.013,4.8,11.30,31.0,0.000,0.000,0.000,0.006,0.000,0.000,0.006,0.000,0.006,0.000,0.000,0.000,0.000,0.006,0.000,0.000,0.013,0.000
18.2176,182,0,move,-1,18.2176,18.2285,0,0.000,-0.088,0.176,-0.176,-0.088,0.088,-0.264,-0.088,0.176,0.088,-46.846,32.695,-0.088,0.264,0.000,0.000,0.439,0.176,0.000,0.000,0.000,0.000,0.000,0.000,0.000,0.000,0.000,0.000,-46.288,32.255,0.000,0.000,0.000,0.000,0.000,0.000,0.013,3.2,11.30,28.0,0.000,0.000,0.000,0.006,0.000,0.000,0.000,0.000,0.000,0.000,0.006,0.006,0.000,0.013,0.000,0.000,0.013,0.000
18.3048,183,0,move,-1,18.3048,18.3151,0,0.000,-0.088,0.176,-0.176,-0.088,0.088,-0.264,-0.088,0.176,0.088,-46.758,32.256,-0.088,0.264,0.000,0.000,0.439,0.176,0.000,0.000,0.000,0.000,0.000,0.000,0.000,0.000,0.000,0.000,-45.712,31.972,0.000,0.000,0.000,0.000,0.000,0.000,0.013,3.2,11.30,28.0,0.000,0.000,0.000,0.006,0.000,0.000,0.000,0.000,0.000,0.000,0.006,0.006,0.000,0.013,0.000,0.000,0.013,0.000
18.4049,184,0,move,-1,18.4049,18.4160,0,0.000,-0.088,0.176,-0.176,-0.088,0.088,-0.264,-0.088,0.176,0.088,-46.143,31.992,-0.088,0.264,0.000,0.000,0.439,0.176,0.000,0.000,0.000,0.000,0.000,0.000,0.000,0.000,0.000,0.000,-45.069,31.653,0.000,0.000,0.000,0.000,0.000,0.000,0.013,3.2,11.40,29.0,0.000,0.000,0.000,0.006,0.006,0.000,0.006,0.000,0.000,0.000,0.000,0.013,0.000,0.006,0.000,0.000,0.006,0.006
18.5066,185,0,move,-1,18.5066,18.5135,0,0.000,-0.088,0.176,-0.176,-0.088,0.088,-0.264,-0.088,0.176,0.088,-45.527,31.729,-0.088,0.264,0.000,0.000,0.439,0.176,0.000,0.000,0.000,0.000,0.000,0.000,0.000,0.000,0.000,0.000,-44.421,31.329,0.000,0.000,0.000,0.000,0.000,0.000,0.013,3.2,11.40,29.0,0.000,0.000,0.000,0.006,0.006,0.000,0.006,0.000,0.000,0.000,0.000,0.013,0.000,0.006,0.000,0.000,0.006,0.006
18.6049,186,0,move,-1,18.6049,18.6167,0,0.000,-0.088,0.176,-0.176,-0.088,0.088,-0.264,-0.088,0.176,0.088,-44.824,31.289,-0.088,0.264,0.000,0.000,0.439,0.176,0.000,0.000,0.000,0.000,0.000,0.000,0.000,0.000,0.000,0.000,-43.833,31.033,0.000,0.000,0.000,0.000,0.000,0.000,0.013,3.2,11.30,28.0,0.000,0.000,0.000,0.000,0.000,0.000,0.006,0.000,0.006,0.000,0.000,0.006,0.000,0.013,0.000,0.000,0.006,0.006
18.7093,187,0,move,-1,18.7093,18.7320,0,0.000,-0.088,0.176,-0.176,-0.088,0.088,-0.264,-0.088,0.176,0.088,-44.121,31.201,-0.088,0.264,0.000,0.000,0.439,0.176,0.000,0.000,0.000,0.000,0.000,0.000,0.000,0.000,0.000,0.000,-43.362,30.795,0.000,0.000,0.000,0.000,0.000,0.000,0.006,3.2,11.30,32.0,0.000,0.000,0.000,0.000,0.000,0.000,0.006,0.000,0.000,0.000,0.006,0.006,0.000,0.006,0.000,0.000,0.006,0.000
18.8087,188,0,move,-1,18.8087,18.8426,0,0.000,-0.088,0.176,-0.176,-0.088,0.088,-0.264,-0.088,0.176,0.088,-43.594,30.762,-0.088,0.264,0.000,0.000,0.439,0.176,0.000,0.000,0.000,0.000,0.000,0.000,0.000,0.000,0.000,0.000,-43.059,30.640,0.000,0.000,0.000,0.000,0.000,0.000,0.013,5.6,11.30,30.0,0.000,0.000,0.000,0.006,0.000,0.000,0.000,0.000,0.000,0.000,0.013,0.000,0.000,0.006,0.000,0.000,0.006,0.000
18.9048,189,0,move,-1,18.9048,18.9143,0,0.000,-0.088,0.176,-0.176,-0.088,0.088,-0.264,-0.088,0.176,0.088,-43.154,30.762,-0.088,0.264,0.000,0.000,0.439,0.176,0.000,0.000,0.000,0.000,0.000,0.000,0.000,0.000,0.000,0.000,-42.955,30.587,0.000,0.000,0.000,0.000,0.000,0.000,0.013,5.6,11.30,30.0,0.000,0.000,0.000,0.006,0.000,0.000,0.000,0.000,0.000,0.000,0.013,0.000,0.000,0.006,0.000,0.000,0.006,0.000
19.0048,190,0,move,-1,19.0048,19.0156,0,0.000,-0.088,0.176,-0.176,-0.088,0.088,-0.264,-0.088,0.176,0.088,-43.154,30.674,-0.088,0.264,0.000,0.000,0.439,0.176,0.000,0.000,0.000,0.000,0.000,0.000,0.000,0.000,0.000,0.000,-42.955,30.587,0.000,0.000,0.000,0.000,0.000,0.000,0.013,3.2,11.30,28.0,0.000,0.000,0.006,0.000,0.000,0.000,0.006,0.000,0.006,0.000,0.000,0.000,0.000,0.013,0.000,0.000,0.006,0.006
19.1049,191,0,move,-1,19.1049,19.1174,0,0.000,-0.088,0.176,-0.176,-0.088,0.088,-0.264,-0.088,0.176,0.088,-43.154,30.674,-0.088,0.264,0.000,0.000,0.439,0.176,0.000,0.000,0.000,0.000,0.000,0.000,0.000,0.000,0.000,0.000,-42.955,30.587,0.000,0.000,0.000,0.000,0.000,0.000,0.013,3.2,11.30,28.0,0.000,0.000,0.000,0.000,0.000,0.000,0.000,0.000,0.006,0.000,0.000,0.000,0.006,0.013,0.000,0.000,0.006,0.000
19.2048,192,0,move,-1,19.2048,19.2166,0,0.000,-0.088,0.176,-0.176,-0.088,0.088,-0.264,-0.088,0.176,0.088,-43.154,30.674,-0.088,0.264,0.000,0.000,0.439,0.176,0.000,0.000,0.000,0.000,0.000,0.000,0.000,0.000,0.000,0.000,-42.955,30.587,0.000,0.000,0.000,0.000,0.000,0.000,0.013,3.2,11.30,28.0,0.000,0.000,0.000,0.000,0.000,0.000,0.000,0.000,0.006,0.000,0.000,0.000,0.006,0.013,0.000,0.000,0.006,0.000
19.3047,193,0,move,-1,19.3047,19.3173,0,0.000,-0.088,0.176,-0.176,-0.088,0.088,-0.264,-0.088,0.176,0.088,-43.154,30.674,-0.088,0.264,0.000,0.000,0.439,0.176,0.000,0.000,0.000,0.000,0.000,0.000,0.000,0.000,0.000,0.000,-42.955,30.587,0.000,0.000,0.000,0.000,0.000,0.000,0.006,2.4,11.30,31.0,0.000,0.000,0.000,0.006,0.000,0.000,0.006,0.000,0.000,0.000,0.000,0.000,0.000,0.006,0.000,0.000,0.006,0.006
19.4049,194,0,move,-1,19.4049,19.4183,0,0.000,-0.088,0.176,-0.176,-0.088,0.088,-0.264,-0.088,0.176,0.088,-43.154,30.674,-0.088,0.264,0.000,0.000,0.439,0.176,0.000,0.000,0.000,0.000,0.000,0.000,0.000,0.000,0.000,0.000,-42.955,30.587,0.000,0.000,0.000,0.000,0.000,0.000,0.013,3.2,11.30,28.0,0.000,0.000,0.006,0.000,0.000,0.000,0.000,0.000,0.000,0.000,0.000,0.000,0.000,0.013,0.000,0.000,0.006,0.000
19.5098,195,0,move,-1,19.5098,19.5775,0,0.000,-0.088,0.176,-0.176,-0.088,0.088,-0.264,-0.088,0.176,0.088,-43.154,30.674,-0.088,0.264,0.000,0.000,0.439,0.176,0.000,0.000,0.000,0.000,0.000,0.000,0.000,0.000,0.000,0.000,-42.955,30.587,0.000,0.000,0.000,0.000,0.000,0.000,0.013,3.2,11.30,28.0,0.000,0.000,0.000,0.006,0.000,0.000,0.000,0.000,0.000,0.000,0.000,0.000,0.000,0.013,0.000,0.000,0.006,0.000
19.6048,196,0,move,-1,19.6048,19.6162,0,0.000,-0.088,0.176,-0.176,-0.088,0.088,-0.264,-0.088,0.176,0.088,-43.154,30.674,-0.088,0.264,0.000,0.000,0.439,0.176,0.000,0.000,0.000,0.000,0.000,0.000,0.000,0.000,0.000,0.000,-42.955,30.587,0.000,0.000,0.000,0.000,0.000,0.000,0.013,3.2,11.30,28.0,0.000,0.000,0.000,0.006,0.000,0.000,0.000,0.000,0.000,0.000,0.000,0.000,0.000,0.013,0.000,0.000,0.006,0.000
19.7048,197,0,move,-1,19.7048,19.7147,0,0.000,-0.088,0.176,-0.176,-0.088,0.088,-0.264,-0.088,0.176,0.088,-43.154,30.674,-0.088,0.264,0.000,0.000,0.439,0.176,0.000,0.000,0.000,0.000,0.000,0.000,0.000,0.000,0.000,0.000,-42.955,30.587,0.000,0.000,0.000,0.000,0.000,0.000,0.013,3.2,11.30,28.0,0.000,0.000,0.000,0.006,0.000,0.000,0.006,0.000,0.006,0.000,0.006,0.000,0.000,0.013,0.000,0.000,0.006,0.006
19.8047,198,0,move,-1,19.8047,19.8171,0,0.000,-0.088,0.176,-0.176,-0.088,0.088,-0.264,-0.088,0.176,0.088,-43.154,30.674,-0.088,0.264,0.000,0.000,0.439,0.176,0.000,0.000,0.000,0.000,0.000,0.000,0.000,0.000,0.000,0.000,-42.955,30.587,0.000,0.000,0.000,0.000,0.000,0.000,0.013,3.2,11.30,28.0,0.000,0.000,0.000,0.006,0.000,0.000,0.006,0.000,0.000,0.000,0.000,0.000,0.000,0.013,0.000,0.000,0.006,0.000
19.9047,199,0,move,-1,19.9047,19.9237,0,0.000,-0.088,0.176,-0.176,-0.088,0.088,-0.264,-0.088,0.176,0.088,-43.154,30.674,-0.088,0.264,0.000,0.000,0.439,0.176,0.000,0.000,0.000,0.000,0.000,0.000,0.000,0.000,0.000,0.000,-42.955,30.587,0.000,0.000,0.000,0.000,0.000,0.000,0.006,3.2,11.30,32.0,0.000,0.000,0.000,0.000,0.000,0.000,0.006,0.000,0.000,0.000,0.000,0.000,0.000,0.006,0.000,0.000,0.006,0.000
20.0049,200,0,move,-1,20.0049,20.0160,0,0.000,-0.088,0.176,-0.176,-0.088,0.088,-0.264,-0.088,0.176,0.088,-43.154,30.674,-0.088,0.264,0.000,0.000,0.439,0.176,0.000,0.000,0.000,0.000,0.000,0.000,0.000,0.000,0.000,0.000,-42.955,30.587,0.000,0.000,0.000,0.000,0.000,0.000,0.006,3.2,11.30,32.0,0.000,0.000,0.000,0.000,0.000,0.000,0.006,0.000,0.000,0.000,0.000,0.000,0.000,0.006,0.000,0.000,0.006,0.000
20.1049,201,0,move,-1,20.1049,20.1165,0,0.000,-0.088,0.176,-0.176,-0.088,0.088,-0.264,-0.088,0.176,0.088,-43.154,30.674,-0.088,0.264,0.000,0.000,0.439,0.176,0.000,0.000,0.000,0.000,0.000,0.000,0.000,0.000,0.000,0.000,-42.955,30.587,0.000,0.000,0.000,0.000,0.000,0.000,0.013,4.8,11.30,31.0,0.000,0.000,0.000,0.000,0.000,0.000,0.006,0.000,0.000,0.000,0.000,0.000,0.000,0.006,0.000,0.000,0.013,0.000
20.2049,202,0,move,-1,20.2049,20.2156,0,0.000,-0.088,0.176,-0.176,-0.088,0.088,-0.264,-0.088,0.176,0.088,-43.154,30.674,-0.088,0.264,0.000,0.000,0.439,0.176,0.000,0.000,0.000,0.000,0.000,0.000,0.000,0.000,0.000,0.000,-42.955,30.587,0.000,0.000,0.000,0.000,0.000,0.000,0.013,4.8,11.30,31.0,0.000,0.000,0.000,0.000,0.000,0.000,0.006,0.000,0.000,0.000,0.000,0.000,0.000,0.006,0.000,0.000,0.013,0.000
20.3077,203,0,move,-1,20.3077,20.3348,0,0.000,-0.088,0.176,-0.176,-0.088,0.088,-0.264,-0.088,0.176,0.088,-43.154,30.674,-0.088,0.264,0.000,0.000,0.439,0.176,0.000,0.000,0.000,0.000,0.000,0.000,0.000,0.000,0.000,0.000,-42.955,30.587,0.000,0.000,0.000,0.000,0.000,0.000,0.006,0.0,11.30,32.0,0.000,0.006,0.000,0.000,0.000,0.000,0.000,0.000,0.000,0.000,0.006,0.000,0.000,0.006,0.000,0.000,0.006,0.000
20.4047,204,0,move,-1,20.4047,20.4146,0,0.000,-0.088,0.176,-0.176,-0.088,0.088,-0.264,-0.088,0.176,0.088,-43.154,30.674,-0.088,0.264,0.000,0.000,0.439,0.176,0.000,0.000,0.000,0.000,0.000,0.000,0.000,0.000,0.000,0.000,-42.955,30.587,0.000,0.000,0.000,0.000,0.000,0.000,0.006,0.0,11.30,32.0,0.000,0.006,0.000,0.000,0.000,0.000,0.000,0.000,0.000,0.000,0.006,0.000,0.000,0.006,0.000,0.000,0.006,0.000
20.5067,205,0,move,-1,20.5067,20.5166,0,0.000,-0.088,0.176,-0.176,-0.088,0.088,-0.264,-0.088,0.176,0.088,-43.154,30.674,-0.088,0.264,0.000,0.000,0.439,0.176,0.000,0.000,0.000,0.000,0.000,0.000,0.000,0.000,0.000,0.000,-42.955,30.587,0.000,0.000,0.000,0.000,0.000,0.000,0.006,2.4,11.30,30.0,0.000,0.000,0.000,0.000,0.000,0.000,0.000,0.000,0.000,0.000,0.006,0.000,0.000,0.006,0.000,0.000,0.006,0.006
20.6048,206,0,move,-1,20.6048,20.6159,0,0.000,-0.088,0.176,-0.176,-0.088,0.088,-0.264,-0.088,0.176,0.088,-43.154,30.674,-0.088,0.264,0.000,0.000,0.439,0.176,0.000,0.000,0.000,0.000,0.000,0.000,0.000,0.000,0.000,0.000,-42.955,30.587,0.000,0.000,0.000,0.000,0.000,0.000,0.006,2.4,11.30,30.0,0.000,0.000,0.000,0.000,0.000,0.000,0.000,0.000,0.000,0.000,0.006,0.000,0.000,0.006,0.000,0.000,0.006,0.006
20.7048,207,0,move,-1,20.7048,20.7164,0,0.000,-0.088,0.176,-0.176,-0.088,0.088,-0.264,-0.088,0.176,0.088,-43.154,30.674,-0.088,0.264,0.000,0.000,0.439,0.176,0.000,0.000,0.000,0.000,0.000,0.000,0.000,0.000,0.000,0.000,-42.955,30.587,0.000,0.000,0.000,0.000,0.000,0.000,0.013,3.2,11.30,28.0,0.000,0.000,0.000,0.000,0.000,0.000,0.000,0.000,0.000,0.000,0.000,0.000,0.000,0.013,0.000,0.000,0.013,0.000
20.8048,208,0,move,-1,20.8048,20.8855,0,0.000,-0.088,0.176,-0.176,-0.088,0.088,-0.264,-0.088,0.176,0.088,-43.154,30.674,-0.088,0.264,0.000,0.000,0.439,0.176,0.000,0.000,0.000,0.000,0.000,0.000,0.000,0.000,0.000,0.000,-42.955,30.587,0.000,0.000,0.000,0.000,0.000,0.000,0.013,3.2,11.30,28.0,0.000,0.000,0.000,0.000,0.000,0.000,0.000,0.000,0.000,0.000,0.006,0.000,0.000,0.013,0.000,0.000,0.006,0.000
20.9050,209,0,move,-1,20.9050,20.9262,0,0.000,-0.088,0.176,-0.176,-0.088,0.088,-0.264,-0.088,0.176,0.088,-43.154,30.674,-0.088,0.264,0.000,0.000,0.439,0.176,0.000,0.000,0.000,0.000,0.000,0.000,0.000,0.000,0.000,0.000,-42.955,30.587,0.000,0.000,0.000,0.000,0.000,0.000,0.013,3.2,11.30,28.0,0.000,0.000,0.000,0.000,0.000,0.000,0.000,0.000,0.000,0.000,0.006,0.000,0.000,0.013,0.000,0.000,0.006,0.000
21.0049,210,0,move,-1,21.0049,21.0152,0,0.000,-0.088,0.176,-0.176,-0.088,0.088,-0.264,-0.088,0.176,0.088,-43.154,30.674,-0.088,0.264,0.000,0.000,0.439,0.176,0.000,0.000,0.000,0.000,0.000,0.000,0.000,0.000,0.000,0.000,-42.955,30.587,0.000,0.000,0.000,0.000,0.000,0.000,0.013,3.2,11.30,28.0,0.000,0.000,0.006,0.000,0.000,0.000,0.000,0.000,0.000,0.000,0.006,0.000,0.000,0.013,0.000,0.000,0.006,0.000
21.1048,211,0,move,-1,21.1048,21.1115,0,0.000,-0.088,0.176,-0.176,-0.088,0.088,-0.264,-0.088,0.176,0.088,-43.154,30.674,-0.088,0.264,0.000,0.000,0.439,0.176,0.000,0.000,0.000,0.000,0.000,0.000,0.000,0.000,0.000,0.000,-42.955,30.587,0.000,0.000,0.000,0.000,0.000,0.000,0.013,3.2,11.30,28.0,0.000,0.000,0.006,0.000,0.000,0.000,0.000,0.000,0.000,0.000,0.006,0.000,0.000,0.013,0.000,0.000,0.006,0.000
21.2049,212,0,move,-1,21.2049,21.2166,0,0.000,-0.088,0.176,-0.176,-0.088,0.088,-0.264,-0.088,0.176,0.088,-43.154,30.674,-0.088,0.264,0.000,0.000,0.439,0.176,0.000,0.000,0.000,0.000,0.000,0.000,0.000,0.000,0.000,0.000,-42.955,30.587,0.000,0.000,0.000,0.000,0.000,0.000,0.013,3.2,11.30,28.0,0.000,0.000,0.000,0.000,0.000,0.000,0.006,0.000,0.000,0.000,0.000,0.000,0.000,0.013,0.000,0.000,0.006,0.000
21.3049,213,0,move,-1,21.3049,21.3154,0,0.000,-0.088,0.176,-0.176,-0.088,0.088,-0.264,-0.088,0.176,0.088,-43.154,30.674,-0.088,0.264,0.000,0.000,0.439,0.176,0.000,0.000,0.000,0.000,0.000,0.000,0.000,0.000,0.000,0.000,-42.955,30.587,0.000,0.000,0.000,0.000,0.000,0.000,0.013,3.2,11.30,28.0,0.000,0.000,0.000,0.000,0.000,0.000,0.006,0.000,0.000,0.000,0.000,0.000,0.000,0.013,0.000,0.000,0.006,0.000
21.4049,214,0,move,-1,21.4049,21.4163,0,0.000,-0.088,0.176,-0.176,-0.088,0.088,-0.264,-0.088,0.176,0.088,-43.154,30.674,-0.088,0.264,0.000,0.000,0.439,0.176,0.000,0.000,0.000,0.000,0.000,0.000,0.000,0.000,0.000,0.000,-42.955,30.587,0.000,0.000,0.000,0.000,0.000,0.000,0.006,2.4,11.30,31.0,0.000,0.000,0.000,0.006,0.000,0.000,0.006,0.000,0.000,0.000,0.000,0.000,0.000,0.006,0.000,0.000,0.006,0.000
21.5050,215,0,move,-1,21.5050,21.5171,0,0.000,-0.088,0.176,-0.176,-0.088,0.088,-0.264,-0.088,0.176,0.088,-43.154,30.674,-0.088,0.264,0.000,0.000,0.439,0.176,0.000,0.000,0.000,0.000,0.000,0.000,0.000,0.000,0.000,0.000,-42.955,30.587,0.000,0.000,0.000,0.000,0.000,0.000,0.006,3.2,11.20,32.0,0.000,0.000,0.000,0.000,0.000,0.000,0.006,0.000,0.000,0.000,0.006,0.000,0.000,0.006,0.000,0.000,0.006,0.000
21.6049,216,0,move,-1,21.6049,21.6158,0,0.000,-0.088,0.176,-0.176,-0.088,0.088,-0.264,-0.088,0.176,0.088,-43.154,30.674,-0.088,0.264,0.000,0.000,0.439,0.176,0.000,0.000,0.000,0.000,0.000,0.000,0.000,0.000,0.000,0.000,-42.955,30.587,0.000,0.000,0.000,0.000,0.000,0.000,0.006,3.2,11.20,32.0,0.000,0.000,0.000,0.000,0.000,0.000,0.006,0.000,0.000,0.000,0.006,0.000,0.000,0.006,0.000,0.000,0.006,0.000
21.7049,217,0,move,-1,21.7049,21.7162,0,0.000,-0.088,0.176,-0.176,-0.088,0.088,-0.264,-0.088,0.176,0.088,-43.154,30.674,-0.088,0.264,0.000,0.000,0.439,0.176,0.000,0.000,0.000,0.000,0.000,0.000,0.000,0.000,0.000,0.000,-42.955,30.587,0.000,0.000,0.000,0.000,0.000,0.000,0.013,3.2,11.30,28.0,0.000,0.000,0.000,0.000,0.000,0.000,0.000,0.000,0.006,0.000,0.000,0.000,0.000,0.013,0.000,0.000,0.006,0.006
21.8101,218,0,move,-1,21.8101,21.8474,0,0.000,-0.088,0.176,-0.176,-0.088,0.088,-0.264,-0.088,0.176,0.088,-43.154,30.674,-0.088,0.264,0.000,0.000,0.439,0.176,0.000,0.000,0.000,0.000,0.000,0.000,0.000,0.000,0.000,0.000,-42.955,30.587,0.000,0.000,0.000,0.000,0.000,0.000,0.006,2.4,11.30,31.0,0.000,0.000,0.000,0.006,0.000,0.000,0.006,0.000,0.000,0.000,0.000,0.000,0.000,0.006,0.000,0.000,0.006,0.006
21.9085,219,0,move,-1,21.9085,21.9755,0,0.000,-0.088,0.176,-0.176,-0.088,0.088,-0.264,-0.088,0.176,0.088,-43.154,30.674,-0.088,0.264,0.000,0.000,0.439,0.176,0.000,0.000,0.000,0.000,0.000,0.000,0.000,0.000,0.000,0.000,-42.955,30.587,0.000,0.000,0.000,0.000,0.000,0.000,0.013,3.2,11.30,28.0,0.000,0.000,0.000,0.000,0.000,0.000,0.006,0.000,0.006,0.000,0.006,0.000,0.000,0.013,0.000,0.000,0.006,0.000
22.0048,220,0,move,-1,22.0048,22.0155,0,0.000,-0.088,0.176,-0.176,-0.088,0.088,-0.264,-0.088,0.176,0.088,-43.154,30.674,-0.088,0.264,0.000,0.000,0.439,0.176,0.000,0.000,0.000,0.000,0.000,0.000,0.000,0.000,0.000,0.000,-43.059,30.640,0.000,0.000,0.000,0.000,0.000,0.000,0.013,3.2,11.30,28.0,0.000,0.000,0.000,0.000,0.000,0.000,0.006,0.000,0.006,0.000,0.006,0.000,0.000,0.013,0.000,0.000,0.006,0.000
22.1050,221,0,move,-1,22.1050,22.1160,0,0.000,-0.088,0.176,-0.176,-0.088,0.088,-0.264,-0.088,0.176,0.088,-43.154,30.674,-0.088,0.264,0.000,0.000,0.439,0.176,0.000,0.000,0.000,0.000,0.000,0.000,0.000,0.000,0.000,0.000,-43.362,30.795,0.000,0.000,0.000,0.000,0.000,0.000,0.006,3.2,11.20,31.0,0.000,0.000,0.000,0.000,0.000,0.000,0.006,0.000,0.000,0.000,0.000,0.000,0.000,0.006,0.000,0.000,0.006,0.006
22.2049,222,0,move,-1,22.2049,22.2150,0,0.000,-0.088,0.176,-0.176,-0.088,0.088,-0.264,-0.088,0.176,0.088,-43.154,30.674,-0.088,0.264,0.000,0.000,0.439,0.176,0.000,0.000,0.000,0.000,0.000,0.000,0.000,0.000,0.000,0.000,-43.833,31.033,0.000,0.000,0.000,0.000,0.000,0.000,0.006,3.2,11.20,31.0,0.000,0.000,0.000,0.000,0.000,0.000,0.006,0.000,0.000,0.000,0.000,0.000,0.000,0.006,0.000,0.000,0.006,0.006
22.3050,223,0,move,-1,22.3050,22.3279,0,0.000,-0.088,0.176,-0.176,-0.088,0.088,-0.264,-0.088,0.176,0.088,-43.242,31.201,-0.088,0.264,0.000,0.000,0.439,0.176,0.000,0.000,0.000,0.000,0.000,0.000,0.000,0.000,0.000,0.000,-44.421,31.329,0.000,0.000,0.000,0.000,0.000,0.000,0.013,7.6,11.30,31.0,0.000,0.000,0.000,0.000,0.000,0.000,0.006,0.000,0.000,0.000,0.013,0.000,0.000,0.013,0.000,0.000,0.013,0.006
22.4050,224,0,move,-1,22.4050,22.4259,0,0.000,-0.088,0.176,-0.176,-0.088,0.088,-0.264,-0.088,0.176,0.088,-43.857,31.201,-0.088,0.264,0.000,0.000,0.439,0.176,0.000,0.000,0.000,0.000,0.000,0.000,0.000,0.000,0.000,0.000,-45.069,31.653,0.000,0.000,0.000,0.000,0.000,0.000,0.013,7.6,11.30,31.0,0.000,0.000,0.000,0.000,0.000,0.000,0.006,0.000,0.000,0.000,0.013,0.000,0.000,0.013,0.000,0.000,0.013,0.006
22.5049,225,0,move,-1,22.5049,22.5258,0,0.000,-0.088,0.176,-0.176,-0.088,0.088,-0.264,-0.088,0.176,0.088,-44.385,31.641,-0.088,0.264,0.000,0.000,0.439,0.176,0.000,0.000,0.000,0.000,0.000,0.000,0.000,0.000,0.000,0.000,-45.712,31.972,0.000,0.000,0.000,0.000,0.000,0.000,0.013,3.2,11.30,28.0,0.000,0.000,0.000,0.006,0.000,0.000,0.000,0.000,0.000,0.000,0.006,0.000,0.000,0.013,0.000,0.000,0.006,0.000
22.6048,226,0,move,-1,22.6048,22.6169,0,0.000,-0.088,0.176,-0.176,-0.088,0.088,-0.264,-0.088,0.176,0.088,-45.088,31.992,-0.088,0.264,0.000,0.000,0.439,0.176,0.000,0.000,0.000,0.000,0.000,0.000,0.000,0.000,0.000,0.000,-46.288,32.255,0.000,0.000,0.000,0.000,0.000,0.000,0.013,3.2,11.30,28.0,0.000,0.000,0.000,0.006,0.000,0.000,0.000,0.000,0.000,0.000,0.006,0.000,0.000,0.013,0.000,0.000,0.006,0.000
22.7049,227,0,move,-1,22.7049,22.7158,0,0.000,-0.088,0.176,-0.176,-0.088,0.088,-0.264,-0.088,0.176,0.088,-45.615,32.168,-0.088,0.264,0.000,0.000,0.439,0.176,0.000,0.000,0.000,0.000,0.000,0.000,0.000,0.000,0.000,0.000,-46.742,32.477,0.000,0.000,0.000,0.000,0.000,0.000,0.006,5.2,11.20,30.0,0.000,0.000,0.000,0.000,0.000,0.000,0.000,0.000,0.000,0.000,0.006,0.000,0.000,0.006,0.000,0.000,0.006,0.006
22.8049,228,0,move,-1,22.8049,22.8178,0,0.000,-0.088,0.176,-0.176,-0.088,0.088,-0.264,-0.088,0.176,0.088,-46.230,32.432,-0.088,0.264,0.000,0.000,0.439,0.176,0.000,0.000,0.000,0.000,0.000,0.000,0.000,0.000,0.000,0.000,-47.033,32.619,0.000,0.000,0.000,0.000,0.000,0.000,0.013,6.0,11.30,30.0,0.000,0.000,0.000,0.006,0.000,0.000,0.000,0.000,0.006,0.000,0.013,0.006,0.000,0.006,0.000,0.000,0.006,0.000
22.9049,229,0,move,-1,22.9049,22.9155,0,0.000,-0.088,0.176,-0.176,-0.088,0.088,-0.264,-0.088,0.176,0.088,-46.582,32.607,-0.088,0.264,0.000,0.000,0.439,0.176,0.000,0.000,0.000,0.000,0.000,0.000,0.000,0.000,0.000,0.000,-47.133,32.667,0.000,0.000,0.000,0.000,0.000,0.000,0.013,6.0,11.30,30.0,0.000,0.000,0.000,0.006,0.000,0.000,0.000,0.000,0.006,0.000,0.013,0.006,0.000,0.006,0.000,0.000,0.006,0.000
23.0058,230,0,move,-1,23.0058,23.0131,0,0.000,-0.088,0.176,-0.176,-0.088,0.088,-0.264,-0.088,0.176,0.088,-46.582,32.695,-0.088,0.264,0.000,0.000,0.439,0.176,0.000,0.000,0.000,0.000,0.000,0.000,0.000,0.000,0.000,0.000,-47.133,32.667,0.000,0.000,0.000,0.000,0.000,0.000,0.013,6.0,11.30,30.0,0.000,0.000,0.000,0.000,0.000,0.000,0.000,0.000,0.006,0.000,0.013,0.000,0.000,0.006,0.000,0.000,0.006,0.000
23.1049,231,0,move,-1,23.1049,23.1158,0,0.000,-0.088,0.176,-0.176,-0.088,0.088,-0.264,-0.088,0.176,0.088,-46.582,32.695,-0.088,0.264,0.000,0.000,0.439,0.176,0.000,0.000,0.000,0.000,0.000,0.000,0.000,0.000,0.000,0.000,-47.133,32.667,0.000,0.000,0.000,0.000,0.000,0.000,0.013,3.2,11.30,28.0,0.000,0.000,0.000,0.000,0.000,0.000,0.006,0.000,0.000,0.000,0.006,0.000,0.000,0.013,0.000,0.000,0.013,0.006
23.2049,232,0,move,-1,23.2049,23.2151,0,0.000,-0.088,0.176,-0.176,-0.088,0.088,-0.264,-0.088,0.176,0.088,-46.582,32.695,-0.088,0.264,0.000,0.000,0.439,0.176,0.000,0.000,0.000,0.000,0.000,0.000,0.000,0.000,0.000,0.000,-47.133,32.667,0.000,0.000,0.000,0.000,0.000,0.000,0.013,3.2,11.30,28.0,0.000,0.000,0.000,0.000,0.000,0.000,0.006,0.000,0.000,0.000,0.006,0.000,0.000,0.013,0.000,0.000,0.013,0.006
23.3049,233,0,move,-1,23.3049,23.3162,0,0.000,-0.088,0.176,-0.176,-0.088,0.088,-0.264,-0.088,0.176,0.088,-46.582,32.695,-0.088,0.264,0.000,0.000,0.439,0.176,0.000,0.000,0.000,0.000,0.000,0.000,0.000,0.000,0.000,0.000,-47.133,32.667,0.000,0.000,0.000,0.000,0.000,0.000,0.006,5.6,11.30,30.0,0.000,0.000,0.000,0.000,0.000,0.000,0.000,0.000,0.000,0.000,0.006,0.000,0.000,0.006,0.000,0.000,0.006,0.000
23.4048,234,0,move,-1,23.4048,23.4378,0,0.000,-0.088,0.176,-0.176,-0.088,0.088,-0.264,-0.088,0.176,0.088,-46.582,32.695,-0.088,0.264,0.000,0.000,0.439,0.176,0.000,0.000,0.000,0.000,0.000,0.000,0.000,0.000,0.000,0.000,-47.133,32.667,0.000,0.000,0.000,0.000,0.000,0.000,0.013,5.6,11.30,30.0,0.000,0.000,0.006,0.000,0.000,0.000,0.000,0.000,0.000,0.000,0.013,0.000,0.000,0.013,0.000,0.000,0.006,0.000
23.5073,235,0,move,-1,23.5073,23.5364,0,0.000,-0.088,0.176,-0.176,-0.088,0.088,-0.264,-0.088,0.176,0.088,-46.582,32.695,-0.088,0.264,0.000,0.000,0.439,0.176,0.000,0.000,0.000,0.000,0.000,0.000,0.000,0.000,0.000,0.000,-47.133,32.667,0.000,0.000,0.000,0.000,0.000,0.000,0.013,5.6,11.30,30.0,0.000,0.000,0.006,0.000,0.000,0.000,0.000,0.000,0.000,0.000,0.013,0.000,0.000,0.013,0.000,0.000,0.006,0.000
23.6143,236,0,move,-1,23.6143,23.6261,0,0.000,-0.088,0.176,-0.176,-0.088,0.088,-0.264,-0.088,0.176,0.088,-46.582,32.695,-0.088,0.264,0.000,0.000,0.439,0.176,0.000,0.000,0.000,0.000,0.000,0.000,0.000,0.000,0.000,0.000,-47.133,32.667,0.000,0.000,0.000,0.000,0.000,0.000,0.013,3.2,11.30,28.0,0.000,0.000,0.000,0.000,0.000,0.000,0.006,0.000,0.000,0.000,0.006,0.000,0.000,0.013,0.000,0.000,0.006,0.006
23.7048,237,0,move,-1,23.7048,23.7157,0,0.000,-0.088,0.176,-0.176,-0.088,0.088,-0.264,-0.088,0.176,0.088,-46.582,32.695,-0.088,0.264,0.000,0.000,0.439,0.176,0.000,0.000,0.000,0.000,0.000,0.000,0.000,0.000,0.000,0.000,-47.133,32.667,0.000,0.000,0.000,0.000,0.000,0.000,0.013,3.2,11.30,28.0,0.000,0.000,0.000,0.000,0.000,0.000,0.006,0.000,0.000,0.000,0.006,0.000,0.000,0.013,0.000,0.000,0.006,0.006
23.8048,238,0,move,-1,23.8048,23.8158,0,0.000,-0.088,0.176,-0.176,-0.088,0.088,-0.264,-0.088,0.176,0.088,-46.582,32.695,-0.088,0.264,0.000,0.000,0.439,0.176,0.000,0.000,0.000,0.000,0.000,0.000,0.000,0.000,0.000,0.000,-47.133,32.667,0.000,0.000,0.000,0.000,0.000,0.000,0.013,3.2,11.30,28.0,0.000,0.000,0.000,0.000,0.000,0.000,0.000,0.000,0.000,0.000,0.006,0.000,0.000,0.013,0.000,0.000,0.013,0.006
23.9047,239,0,move,-1,23.9047,23.9192,0,0.000,-0.088,0.176,-0.176,-0.088,0.088,-0.264,-0.088,0.176,0.088,-46.582,32.695,-0.088,0.264,0.000,0.000,0.439,0.176,0.000,0.000,0.000,0.000,0.000,0.000,0.000,0.000,0.000,0.000,-47.133,32.667,0.000,0.000,0.000,0.000,0.000,0.000,0.013,5.6,11.30,30.0,0.000,0.000,0.000,0.000,0.000,0.000,0.006,0.000,0.006,0.000,0.013,0.000,0.000,0.013,0.000,0.000,0.006,0.006
24.0047,240,0,move,-1,24.0047,24.0175,0,0.000,-0.088,0.176,-0.176,-0.088,0.088,-0.264,-0.088,0.176,0.088,-46.582,32.695,-0.088,0.264,0.000,0.000,0.439,0.176,0.000,0.000,0.000,0.000,0.000,0.000,0.000,0.000,0.000,0.000,-47.133,32.667,0.000,0.000,0.000,0.000,0.000,0.000,0.013,5.6,11.30,30.0,0.000,0.000,0.000,0.000,0.000,0.000,0.006,0.000,0.006,0.000,0.013,0.000,0.000,0.013,0.000,0.000,0.006,0.006
24.1049,241,0,move,-1,24.1049,24.1166,0,0.000,-0.088,0.176,-0.176,-0.088,0.088,-0.264,-0.088,0.176,0.088,-46.582,32.695,-0.088,0.264,0.000,0.000,0.439,0.176,0.000,0.000,0.000,0.000,0.000,0.000,0.000,0.000,0.000,0.000,-47.133,32.667,0.000,0.000,0.000,0.000,0.000,0.000,0.013,5.6,11.30,30.0,0.000,0.000,0.006,0.000,0.000,0.000,0.006,0.000,0.000,0.000,0.013,0.000,0.000,0.006,0.000,0.000,0.006,0.006
24.2171,242,0,move,-1,24.2171,24.2281,0,0.000,-0.088,0.176,-0.176,-0.088,0.088,-0.264,-0.088,0.176,0.088,-46.582,32.695,-0.088,0.264,0.000,0.000,0.439,0.176,0.000,0.000,0.000,0.000,0.000,0.000,0.000,0.000,0.000,0.000,-47.133,32.667,0.000,0.000,0.000,0.000,0.000,0.000,0.006,2.4,11.30,32.0,0.000,0.000,0.006,0.000,0.000,0.000,0.000,0.000,0.006,0.000,0.006,0.000,0.000,0.006,0.000,0.000,0.006,0.000
24.3048,243,0,move,-1,24.3048,24.3170,0,0.000,-0.088,0.176,-0.176,-0.088,0.088,-0.264,-0.088,0.176,0.088,-46.582,32.695,-0.088,0.264,0.000,0.000,0.439,0.176,0.000,0.000,0.000,0.000,0.000,0.000,0.000,0.000,0.000,0.000,-47.133,32.667,0.000,0.000,0.000,0.000,0.000,0.000,0.006,2.4,11.30,32.0,0.000,0.000,0.006,0.000,0.000,0.000,0.000,0.000,0.006,0.000,0.006,0.000,0.000,0.006,0.000,0.000,0.006,0.000
24.4050,244,0,move,-1,24.4050,24.4179,0,0.000,-0.088,0.176,-0.176,-0.088,0.088,-0.264,-0.088,0.176,0.088,-46.582,32.695,-0.088,0.264,0.000,0.000,0.439,0.176,0.000,0.000,0.000,0.000,0.000,0.000,0.000,0.000,0.000,0.000,-47.133,32.667,0.000,0.000,0.000,0.000,0.000,0.000,0.013,5.6,11.30,30.0,0.000,0.000,0.000,0.000,0.000,0.000,0.006,0.000,0.000,0.000,0.013,0.000,0.000,0.006,0.000,0.000,0.006,0.006
24.5077,245,0,move,-1,24.5077,24.5384,0,0.000,-0.088,0.176,-0.176,-0.088,0.088,-0.264,-0.088,0.176,0.088,-46.582,32.695,-0.088,0.264,0.000,0.000,0.439,0.176,0.000,0.000,0.000,0.000,0.000,0.000,0.000,0.000,0.000,0.000,-47.133,32.667,0.000,0.000,0.000,0.000,0.000,0.000,0.006,3.2,11.30,31.0,0.000,0.000,0.000,0.000,0.000,0.000,0.006,0.000,0.000,0.000,0.006,0.000,0.000,0.006,0.000,0.000,0.006,0.000
24.6067,246,0,move,-1,24.6067,24.6309,0,0.000,-0.088,0.176,-0.176,-0.088,0.088,-0.264,-0.088,0.176,0.088,-46.582,32.695,-0.088,0.264,0.000,0.000,0.439,0.176,0.000,0.000,0.000,0.000,0.000,0.000,0.000,0.000,0.000,0.000,-47.133,32.667,0.000,0.000,0.000,0.000,0.000,0.000,0.006,3.2,11.30,31.0,0.000,0.000,0.000,0.000,0.000,0.000,0.006,0.000,0.000,0.000,0.006,0.000,0.000,0.006,0.000,0.000,0.006,0.000
24.7049,247,0,move,-1,24.7049,24.7171,0,0.000,-0.088,0.176,-0.176,-0.088,0.088,-0.264,-0.088,0.176,0.088,-46.582,32.695,-0.088,0.264,0.000,0.000,0.439,0.176,0.000,0.000,0.000,0.000,0.000,0.000,0.000,0.000,0.000,0.000,-47.133,32.667,0.000,0.000,0.000,0.000,0.000,0.000,0.013,5.6,11.30,30.0,0.000,0.000,0.000,0.000,0.000,0.000,0.006,0.000,0.000,0.000,0.013,0.000,0.000,0.013,0.000,0.000,0.006,0.000
24.8049,248,0,move,-1,24.8049,24.8156,0,0.000,-0.088,0.176,-0.176,-0.088,0.088,-0.264,-0.088,0.176,0.088,-46.582,32.695,-0.088,0.264,0.000,0.000,0.439,0.176,0.000,0.000,0.000,0.000,0.000,0.000,0.000,0.000,0.000,0.000,-47.133,32.667,0.000,0.000,0.000,0.000,0.000,0.000,0.013,5.6,11.30,30.0,0.000,0.000,0.000,0.000,0.000,0.000,0.006,0.000,0.000,0.000,0.013,0.000,0.000,0.013,0.000,0.000,0.006,0.000
24.9049,249,0,move,-1,24.9049,24.9169,0,0.000,-0.088,0.176,-0.176,-0.088,0.088,-0.264,-0.088,0.176,0.088,-46.582,32.695,-0.088,0.264,0.000,0.000,0.439,0.176,0.000,0.000,0.000,0.000,0.000,0.000,0.000,0.000,0.000,0.000,-47.133,32.667,0.000,0.000,0.000,0.000,0.000,0.000,0.006,2.4,11.30,31.0,0.000,0.000,0.000,0.006,0.000,0.000,0.000,0.000,0.000,0.000,0.006,0.000,0.000,0.006,0.000,0.000,0.006,0.006
25.0049,250,0,move,-1,25.0049,25.0175,0,0.000,-0.088,0.176,-0.176,-0.088,0.088,-0.264,-0.088,0.176,0.088,-46.582,32.695,-0.088,0.264,0.000,0.000,0.439,0.176,0.000,0.000,0.000,0.000,0.000,0.000,0.000,0.000,0.000,0.000,-47.133,32.667,0.000,0.000,0.000,0.000,0.000,0.000,0.013,5.6,11.30,30.0,0.000,0.000,0.000,0.006,0.000,0.000,0.000,0.000,0.000,0.000,0.013,0.000,0.000,0.013,0.000,0.000,0.006,0.006
25.1049,251,0,move,-1,25.1049,25.1160,0,0.000,-0.088,0.176,-0.176,-0.088,0.088,-0.264,-0.088,0.176,0.088,-46.582,32.695,-0.088,0.264,0.000,0.000,0.439,0.176,0.000,0.000,0.000,0.000,0.000,0.000,0.000,0.000,0.000,0.000,-47.133,32.667,0.000,0.000,0.000,0.000,0.000,0.000,0.013,5.6,11.30,30.0,0.000,0.000,0.000,0.006,0.000,0.000,0.000,0.000,0.000,0.000,0.013,0.000,0.000,0.013,0.000,0.000,0.006,0.006
25.2103,252,0,move,-1,25.2103,25.2247,0,0.000,-0.088,0.176,-0.176,-0.088,0.088,-0.264,-0.088,0.176,0.088,-46.582,32.695,-0.088,0.264,0.000,0.000,0.439,0.176,0.000,0.000,0.000,0.000,0.000,0.000,0.000,0.000,0.000,0.000,-47.133,32.667,0.000,0.000,0.000,0.000,0.000,0.000,0.013,3.2,11.30,28.0,0.000,0.000,0.000,0.000,0.000,0.000,0.006,0.000,0.000,0.000,0.006,0.000,0.000,0.013,0.000,0.000,0.013,0.000
25.3048,253,0,move,-1,25.3048,25.3157,0,0.000,-0.088,0.176,-0.176,-0.088,0.088,-0.264,-0.088,0.176,0.088,-46.582,32.695,-0.088,0.264,0.000,0.000,0.439,0.176,0.000,0.000,0.000,0.000,0.000,0.000,0.000,0.000,0.000,0.000,-47.133,32.667,0.000,0.000,0.000,0.000,0.000,0.000,0.013,3.2,11.30,28.0,0.000,0.000,0.000,0.000,0.000,0.000,0.006,0.000,0.000,0.000,0.006,0.000,0.000,0.013,0.000,0.000,0.013,0.000
25.4050,254,0,move,-1,25.4050,25.4178,0,0.000,-0.088,0.176,-0.176,-0.088,0.088,-0.264,-0.088,0.176,0.088,-46.582,32.695,-0.088,0.264,0.000,0.000,0.439,0.176,0.000,0.000,0.000,0.000,0.000,0.000,0.000,0.000,0.000,0.000,-47.133,32.667,0.000,0.000,0.000,0.000,0.000,0.000,0.013,5.6,11.30,30.0,0.000,0.000,0.006,0.006,0.000,0.000,0.006,0.000,0.000,0.000,0.013,0.000,0.000,0.013,0.000,0.000,0.006,0.006
25.5048,255,0,move,-1,25.5048,25.5180,0,0.000,-0.088,0.176,-0.176,-0.088,0.088,-0.264,-0.088,0.176,0.088,-46.582,32.695,-0.088,0.264,0.000,0.000,0.439,0.176,0.000,0.000,0.000,0.000,0.000,0.000,0.000,0.000,0.000,0.000,-47.133,32.667,0.000,0.000,0.000,0.000,0.000,0.000,0.013,5.6,11.20,30.0,0.000,0.000,0.000,0.006,0.000,0.000,0.000,0.000,0.000,0.000,0.013,0.000,0.000,0.013,0.000,0.000,0.006,0.000
25.6048,256,0,move,-1,25.6048,25.6147,0,0.000,-0.088,0.176,-0.176,-0.088,0.088,-0.264,-0.088,0.176,0.088,-46.582,32.695,-0.088,0.264,0.000,0.000,0.439,0.176,0.000,0.000,0.000,0.000,0.000,0.000,0.000,0.000,0.000,0.000,-47.133,32.667,0.000,0.000,0.000,0.000,0.000,0.000,0.013,5.6,11.20,30.0,0.000,0.000,0.000,0.006,0.000,0.000,0.000,0.000,0.000,0.000,0.013,0.000,0.000,0.013,0.000,0.000,0.006,0.000
25.7049,257,0,move,-1,25.7049,25.7162,0,0.000,-0.088,0.176,-0.176,-0.088,0.088,-0.264,-0.088,0.176,0.088,-46.582,32.695,-0.088,0.264,0.000,0.000,0.439,0.176,0.000,0.000,0.000,0.000,0.000,0.000,0.000,0.000,0.000,0.000,-47.133,32.667,0.000,0.000,0.000,0.000,0.000,0.000,0.013,5.6,11.30,30.0,0.000,0.000,0.000,0.006,0.000,0.000,0.000,0.000,0.000,0.000,0.013,0.000,0.000,0.006,0.000,0.000,0.006,0.000
25.8048,258,0,move,-1,25.8048,25.8152,0,0.000,-0.088,0.176,-0.176,-0.088,0.088,-0.264,-0.088,0.176,0.088,-46.582,32.695,-0.088,0.264,0.000,0.000,0.439,0.176,0.000,0.000,0.000,0.000,0.000,0.000,0.000,0.000,0.000,0.000,-47.133,32.667,0.000,0.000,0.000,0.000,0.000,0.000,0.013,5.6,11.30,30.0,0.000,0.000,0.000,0.006,0.000,0.000,0.000,0.000,0.000,0.000,0.013,0.000,0.000,0.006,0.000,0.000,0.006,0.000
25.9047,259,0,move,-1,25.9047,25.9147,0,0.000,-0.088,0.176,-0.176,-0.088,0.088,-0.264,-0.088,0.176,0.088,-46.582,32.695,-0.088,0.264,0.000,0.000,0.439,0.176,0.000,0.000,0.000,0.000,0.000,0.000,0.000,0.000,0.000,0.000,-47.133,32.667,0.000,0.000,0.000,0.000,0.000,0.000,0.013,5.6,11.30,30.0,0.000,0.000,0.000,0.000,0.000,0.000,0.000,0.000,0.000,0.000,0.013,0.000,0.000,0.013,0.000,0.000,0.006,0.006
26.0067,260,0,move,-1,26.0067,26.0131,0,0.000,-0.088,0.176,-0.176,-0.088,0.088,-0.264,-0.088,0.176,0.088,-46.582,32.695,-0.088,0.264,0.000,0.000,0.439,0.176,0.000,0.000,0.000,0.000,0.000,0.000,0.000,0.000,0.000,0.000,-47.233,32.716,0.000,0.000,0.000,0.000,0.000,0.000,0.013,5.6,11.30,30.0,0.000,0.000,0.000,0.000,0.000,0.000,0.000,0.000,0.000,0.000,0.013,0.000,0.000,0.013,0.000,0.000,0.006,0.006
26.1049,261,0,move,-1,26.1049,26.1175,0,0.000,-0.088,0.176,-0.176,-0.088,0.088,-0.264,-0.088,0.176,0.088,-46.582,32.695,-0.088,0.264,0.000,0.000,0.439,0.176,0.000,0.000,0.000,0.000,0.000,0.000,0.000,0.000,0.000,0.000,-47.522,32.856,0.000,0.000,0.000,0.000,0.000,0.000,0.013,6.8,11.30,30.0,0.000,0.000,0.000,0.000,0.000,0.000,0.000,0.000,0.000,0.000,0.013,0.000,0.000,0.013,0.000,0.000,0.013,0.006
26.2050,262,0,move,-1,26.2050,26.2158,0,0.000,-0.088,0.176,-0.176,-0.088,0.088,-0.264,-0.088,0.176,0.088,-47.109,32.871,-0.088,0.264,0.000,0.000,0.439,0.176,0.000,0.000,0.000,0.000,0.000,0.000,0.000,0.000,0.000,0.000,-47.971,33.071,0.000,0.000,0.000,0.000,0.000,0.000,0.013,6.8,11.30,30.0,0.000,0.000,0.000,0.000,0.000,0.000,0.000,0.000,0.000,0.000,0.013,0.000,0.000,0.013,0.000,0.000,0.013,0.006
26.3092,263,0,move,-1,26.3092,26.3356,0,0.000,-0.088,0.176,-0.176,-0.088,0.088,-0.264,-0.088,0.176,0.088,-47.461,33.047,-0.088,0.264,0.000,0.000,0.439,0.176,0.000,0.000,0.000,0.000,0.000,0.000,0.000,0.000,0.000,0.000,-48.535,33.340,0.000,0.000,0.000,0.000,0.000,0.000,0.013,8.0,11.30,30.0,0.000,0.000,0.000,0.000,0.000,0.000,0.000,0.000,0.006,0.000,0.013,0.006,0.000,0.013,0.000,0.000,0.006,0.000
26.4048,264,0,move,-1,26.4048,26.4193,0,0.000,-0.088,0.176,-0.176,-0.088,0.088,-0.264,-0.088,0.176,0.088,-47.988,33.311,-0.088,0.264,0.000,0.000,0.439,0.176,0.000,0.000,0.000,0.000,0.000,0.000,0.000,0.000,0.000,0.000,-49.154,33.634,0.000,0.000,0.000,0.000,0.000,0.000,0.013,8.0,11.30,30.0,0.000,0.000,0.000,0.000,0.000,0.000,0.000,0.000,0.006,0.000,0.013,0.006,0.000,0.013,0.000,0.000,0.006,0.000
26.5064,265,0,move,-1,26.5064,26.5168,0,0.000,-0.088,0.176,-0.176,-0.088,0.088,-0.264,-0.088,0.176,0.088,-47.988,33.574,-0.088,0.264,0.000,0.000,0.439,0.176,0.000,0.000,0.000,0.000,0.000,0.000,0.000,0.000,0.000,0.000,-49.772,33.924,0.000,0.000,0.000,0.000,0.000,0.000,0.013,3.6,11.40,29.0,0.000,0.000,0.000,0.006,0.000,0.000,0.000,0.000,0.006,0.000,0.006,0.013,0.000,0.013,0.000,0.000,0.006,0.000
26.6049,266,0,move,-1,26.6049,26.6169,0,0.000,-0.088,0.176,-0.176,-0.088,0.088,-0.264,-0.088,0.176,0.088,-48.955,33.750,-0.088,0.264,0.000,0.000,0.439,0.176,0.000,0.000,0.000,0.000,0.000,0.000,0.000,0.000,0.000,0.000,-50.327,34.182,0.000,0.000,0.000,0.000,0.000,0.000,0.013,8.0,11.30,30.0,0.000,0.000,0.006,0.000,0.000,0.000,0.006,0.000,0.000,0.000,0.013,0.000,0.000,0.013,0.000,0.000,0.006,0.000
26.7049,267,0,move,-1,26.7049,26.7196,0,0.000,-0.088,0.176,-0.176,-0.088,0.088,-0.264,-0.088,0.176,0.088,-49.658,34.189,-0.088,0.264,0.000,0.000,0.439,0.176,0.000,0.000,0.000,0.000,0.000,0.000,0.000,0.000,0.000,0.000,-50.765,34.384,0.000,0.000,0.000,0.000,0.000,0.000,0.013,7.6,11.30,30.0,0.000,0.000,0.000,0.000,0.000,0.000,0.000,0.000,0.000,0.000,0.013,0.006,0.000,0.013,0.000,0.000,0.006,0.000
26.8049,268,0,move,-1,26.8049,26.8182,0,0.000,-0.088,0.176,-0.176,-0.088,0.088,-0.264,-0.088,0.176,0.088,-49.746,34.365,-0.088,0.264,0.000,0.000,0.439,0.176,0.000,0.000,0.000,0.000,0.000,0.000,0.000,0.000,0.000,0.000,-51.045,34.512,0.000,0.000,0.000,0.000,0.000,0.000,0.013,7.6,11.30,30.0,0.000,0.000,0.000,0.000,0.000,0.000,0.000,0.000,0.000,0.000,0.013,0.006,0.000,0.013,0.000,0.000,0.006,0.000
26.9054,269,0,move,-1,26.9054,26.9490,0,0.000,-0.088,0.176,-0.176,-0.088,0.088,-0.264,-0.088,0.176,0.088,-50.449,34.453,-0.088,0.264,0.000,0.000,0.439,0.176,0.000,0.000,0.000,0.000,0.000,0.000,0.000,0.000,0.000,0.000,-51.141,34.556,0.000,0.000,0.000,0.000,0.000,0.000,0.013,3.2,11.30,28.0,0.000,0.000,0.000,0.000,0.000,0.000,0.006,0.000,0.000,0.000,0.006,0.000,0.000,0.013,0.000,0.000,0.006,0.006
27.0086,270,0,move,-1,27.0086,27.0278,0,0.000,-0.088,0.176,-0.176,-0.088,0.088,-0.264,-0.088,0.176,0.088,-50.625,34.453,-0.088,0.264,0.000,0.000,0.439,0.176,0.000,0.000,0.000,0.000,0.000,0.000,0.000,0.000,0.000,0.000,-51.141,34.556,0.000,0.000,0.000,0.000,0.000,0.000,0.013,3.2,11.30,28.0,0.000,0.000,0.000,0.000,0.000,0.000,0.006,0.000,0.000,0.000,0.006,0.000,0.000,0.013,0.000,0.000,0.006,0.006
27.1050,271,0,move,-1,27.1050,27.1184,0,0.000,-0.088,0.176,-0.176,-0.088,0.088,-0.264,-0.088,0.176,0.088,-50.625,34.453,-0.088,0.264,0.000,0.000,0.439,0.176,0.000,0.000,0.000,0.000,0.000,0.000,0.000,0.000,0.000,0.000,-51.141,34.556,0.000,0.000,0.000,0.000,0.000,0.000,0.013,5.6,11.30,30.0,0.000,0.000,0.000,0.006,0.000,0.000,0.006,0.000,0.000,0.000,0.013,0.000,0.000,0.006,0.000,0.000,0.006,0.006
27.2048,272,0,move,-1,27.2048,27.2193,0,0.000,-0.088,0.176,-0.176,-0.088,0.088,-0.264,-0.088,0.176,0.088,-50.625,34.453,-0.088,0.264,0.000,0.000,0.439,0.176,0.000,0.000,0.000,0.000,0.000,0.000,0.000,0.000,0.000,0.000,-51.141,34.556,0.000,0.000,0.000,0.000,0.000,0.000,0.013,3.2,11.30,28.0,0.000,0.000,0.000,0.000,0.000,0.000,0.000,0.000,0.006,0.000,0.006,0.000,0.000,0.013,0.000,0.000,0.006,0.006
27.3049,273,0,move,-1,27.3049,27.3158,0,0.000,-0.088,0.176,-0.176,-0.088,0.088,-0.264,-0.088,0.176,0.088,-50.625,34.453,-0.088,0.264,0.000,0.000,0.439,0.176,0.000,0.000,0.000,0.000,0.000,0.000,0.000,0.000,0.000,0.000,-51.141,34.556,0.000,0.000,0.000,0.000,0.000,0.000,0.013,3.2,11.30,28.0,0.000,0.000,0.000,0.000,0.000,0.000,0.000,0.000,0.006,0.000,0.006,0.000,0.000,0.013,0.000,0.000,0.006,0.006
27.4049,274,0,move,-1,27.4049,27.4164,0,0.000,-0.088,0.176,-0.176,-0.088,0.088,-0.264,-0.088,0.176,0.088,-50.625,34.453,-0.088,0.264,0.000,0.000,0.439,0.176,0.000,0.000,0.000,0.000,0.000,0.000,0.000,0.000,0.000,0.000,-51.141,34.556,0.000,0.000,0.000,0.000,0.000,0.000,0.013,3.2,11.30,28.0,0.000,0.000,0.006,0.006,0.000,0.000,0.006,0.000,0.000,0.000,0.006,0.000,0.000,0.013,0.000,0.000,0.013,0.000
27.5049,275,0,move,-1,27.5049,27.5157,0,0.000,-0.088,0.176,-0.176,-0.088,0.088,-0.264,-0.088,0.176,0.088,-50.625,34.453,-0.088,0.264,0.000,0.000,0.439,0.176,0.000,0.000,0.000,0.000,0.000,0.000,0.000,0.000,0.000,0.000,-51.141,34.556,0.000,0.000,0.000,0.000,0.000,0.000,0.013,3.2,11.30,28.0,0.000,0.000,0.006,0.006,0.000,0.000,0.006,0.000,0.000,0.000,0.006,0.000,0.000,0.013,0.000,0.000,0.013,0.000
27.6061,276,0,move,-1,27.6061,27.6307,0,0.000,-0.088,0.176,-0.176,-0.088,0.088,-0.264,-0.088,0.176,0.088,-50.625,34.453,-0.088,0.264,0.000,0.000,0.439,0.176,0.000,0.000,0.000,0.000,0.000,0.000,0.000,0.000,0.000,0.000,-51.141,34.556,0.000,0.000,0.000,0.000,0.000,0.000,0.013,5.6,11.20,30.0,0.000,0.000,0.000,0.000,0.000,0.000,0.006,0.000,0.006,0.000,0.013,0.000,0.000,0.013,0.000,0.000,0.006,0.006
27.7049,277,0,move,-1,27.7049,27.7172,0,0.000,-0.088,0.176,-0.176,-0.088,0.088,-0.264,-0.088,0.176,0.088,-50.625,34.453,-0.088,0.264,0.000,0.000,0.439,0.176,0.000,0.000,0.000,0.000,0.000,0.000,0.000,0.000,0.000,0.000,-51.141,34.556,0.000,0.000,0.000,0.000,0.000,0.000,0.013,5.6,11.20,30.0,0.000,0.000,0.000,0.000,0.000,0.000,0.006,0.000,0.006,0.000,0.013,0.000,0.000,0.013,0.000,0.000,0.006,0.006
27.8050,278,0,move,-1,27.8050,27.8180,0,0.000,-0.088,0.176,-0.176,-0.088,0.088,-0.264,-0.088,0.176,0.088,-50.625,34.453,-0.088,0.264,0.000,0.000,0.439,0.176,0.000,0.000,0.000,0.000,0.000,0.000,0.000,0.000,0.000,0.000,-51.141,34.556,0.000,0.000,0.000,0.000,0.000,0.000,0.013,5.6,11.30,30.0,0.000,0.000,0.000,0.006,0.000,0.000,0.006,0.000,0.006,0.000,0.013,0.000,0.000,0.013,0.000,0.000,0.006,0.000
27.9049,279,0,move,-1,27.9049,27.9200,0,0.000,-0.088,0.176,-0.176,-0.088,0.088,-0.264,-0.088,0.176,0.088,-50.625,34.453,-0.088,0.264,0.000,0.000,0.439,0.176,0.000,0.000,0.000,0.000,0.000,0.000,0.000,0.000,0.000,0.000,-51.141,34.556,0.000,0.000,0.000,0.000,0.000,0.000,0.013,5.6,11.30,30.0,0.000,0.000,0.000,0.006,0.000,0.000,0.006,0.000,0.000,0.000,0.013,0.000,0.000,0.006,0.000,0.000,0.006,0.000
28.0047,280,0,move,-1,28.0047,28.0184,0,0.000,-0.088,0.176,-0.176,-0.088,0.088,-0.264,-0.088,0.176,0.088,-50.625,34.453,-0.088,0.264,0.000,0.000,0.439,0.176,0.000,0.000,0.000,0.000,0.000,0.000,0.000,0.000,0.000,0.000,-51.141,34.556,0.000,0.000,0.000,0.000,0.000,0.000,0.013,5.6,11.30,30.0,0.000,0.000,0.000,0.006,0.000,0.000,0.006,0.000,0.000,0.000,0.013,0.000,0.000,0.006,0.000,0.000,0.006,0.000
28.1049,281,0,move,-1,28.1049,28.1160,0,0.000,-0.088,0.176,-0.176,-0.088,0.088,-0.264,-0.088,0.176,0.088,-50.625,34.453,-0.088,0.264,0.000,0.000,0.439,0.176,0.000,0.000,0.000,0.000,0.000,0.000,0.000,0.000,0.000,0.000,-51.141,34.556,0.000,0.000,0.000,0.000,0.000,0.000,0.013,5.6,11.30,30.0,0.000,0.000,0.006,0.000,0.000,0.000,0.006,0.000,0.000,0.000,0.013,0.000,0.000,0.013,0.000,0.000,0.006,0.000
28.2154,282,0,move,-1,28.2154,28.2270,0,0.000,-0.088,0.176,-0.176,-0.088,0.088,-0.264,-0.088,0.176,0.088,-50.625,34.453,-0.088,0.264,0.000,0.000,0.439,0.176,0.000,0.000,0.000,0.000,0.000,0.000,0.000,0.000,0.000,0.000,-51.141,34.556,0.000,0.000,0.000,0.000,0.000,0.000,0.013,5.6,11.30,30.0,0.000,0.000,0.000,0.000,0.000,0.000,0.006,0.000,0.000,0.000,0.013,0.000,0.000,0.013,0.000,0.000,0.006,0.000
28.3102,283,0,move,-1,28.3102,28.3426,0,0.000,-0.088,0.176,-0.176,-0.088,0.088,-0.264,-0.088,0.176,0.088,-50.625,34.453,-0.088,0.264,0.000,0.000,0.439,0.176,0.000,0.000,0.000,0.000,0.000,0.000,0.000,0.000,0.000,0.000,-51.141,34.556,0.000,0.000,0.000,0.000,0.000,0.000,0.013,3.2,11.30,28.0,0.000,0.000,0.000,0.006,0.000,0.000,0.000,0.000,0.006,0.000,0.006,0.000,0.000,0.013,0.000,0.000,0.013,0.000
28.4048,284,0,move,-1,28.4048,28.4300,0,0.000,-0.088,0.176,-0.176,-0.088,0.088,-0.264,-0.088,0.176,0.088,-50.625,34.453,-0.088,0.264,0.000,0.000,0.439,0.176,0.000,0.000,0.000,0.000,0.000,0.000,0.000,0.000,0.000,0.000,-51.141,34.556,0.000,0.000,0.000,0.000,0.000,0.000,0.013,3.2,11.30,28.0,0.000,0.000,0.000,0.006,0.000,0.000,0.000,0.000,0.006,0.000,0.006,0.000,0.000,0.013,0.000,0.000,0.013,0.000
28.5049,285,0,move,-1,28.5049,28.5177,0,0.000,-0.088,0.176,-0.176,-0.088,0.088,-0.264,-0.088,0.176,0.088,-50.625,34.453,-0.088,0.264,0.000,0.000,0.439,0.176,0.000,0.000,0.000,0.000,0.000,0.000,0.000,0.000,0.000,0.000,-51.141,34.556,0.000,0.000,0.000,0.000,0.000,0.000,0.006,2.4,11.30,31.0,0.000,0.000,0.000,0.006,0.000,0.000,0.006,0.000,0.000,0.000,0.006,0.000,0.000,0.006,0.000,0.000,0.006,0.000
28.6049,286,0,move,-1,28.6049,28.6152,0,0.000,-0.088,0.176,-0.176,-0.088,0.088,-0.264,-0.088,0.176,0.088,-50.625,34.453,-0.088,0.264,0.000,0.000,0.439,0.176,0.000,0.000,0.000,0.000,0.000,0.000,0.000,0.000,0.000,0.000,-51.141,34.556,0.000,0.000,0.000,0.000,0.000,0.000,0.006,2.4,11.30,31.0,0.000,0.000,0.000,0.006,0.000,0.000,0.006,0.000,0.000,0.000,0.006,0.000,0.000,0.006,0.000,0.000,0.006,0.000
28.7048,287,0,move,-1,28.7048,28.7162,0,0.000,-0.088,0.176,-0.176,-0.088,0.088,-0.264,-0.088,0.176,0.088,-50.625,34.453,-0.088,0.264,0.000,0.000,0.439,0.176,0.000,0.000,0.000,0.000,0.000,0.000,0.000,0.000,0.000,0.000,-51.141,34.556,0.000,0.000,0.000,0.000,0.000,0.000,0.013,5.6,11.30,31.0,0.000,0.000,0.000,0.006,0.000,0.000,0.000,0.000,0.000,0.000,0.013,0.000,0.000,0.006,0.000,0.000,0.006,0.000
28.8048,288,0,move,-1,28.8048,28.8178,0,0.000,-0.088,0.176,-0.176,-0.088,0.088,-0.264,-0.088,0.176,0.088,-50.625,34.453,-0.088,0.264,0.000,0.000,0.439,0.176,0.000,0.000,0.000,0.000,0.000,0.000,0.000,0.000,0.000,0.000,-51.141,34.556,0.000,0.000,0.000,0.000,0.000,0.000,0.013,3.2,11.30,28.0,0.000,0.000,0.000,0.006,0.000,0.000,0.006,0.000,0.006,0.000,0.006,0.000,0.000,0.013,0.000,0.000,0.006,0.006
28.9049,289,0,move,-1,28.9049,28.9332,0,0.000,-0.088,0.176,-0.176,-0.088,0.088,-0.264,-0.088,0.176,0.088,-50.625,34.453,-0.088,0.264,0.000,0.000,0.439,0.176,0.000,0.000,0.000,0.000,0.000,0.000,0.000,0.000,0.000,0.000,-51.141,34.556,0.000,0.000,0.000,0.000,0.000,0.000,0.013,5.6,11.20,30.0,0.000,0.000,0.000,0.006,0.000,0.000,0.000,0.000,0.000,0.000,0.013,0.000,0.000,0.013,0.000,0.000,0.006,0.000
29.0048,290,0,move,-1,29.0048,29.0152,0,0.000,-0.088,0.176,-0.176,-0.088,0.088,-0.264,-0.088,0.176,0.088,-50.625,34.453,-0.088,0.264,0.000,0.000,0.439,0.176,0.000,0.000,0.000,0.000,0.000,0.000,0.000,0.000,0.000,0.000,-51.141,34.556,0.000,0.000,0.000,0.000,0.000,0.000,0.013,5.6,11.20,30.0,0.000,0.000,0.000,0.006,0.000,0.000,0.000,0.000,0.000,0.000,0.013,0.000,0.000,0.013,0.000,0.000,0.006,0.000
29.1047,291,0,move,-1,29.1047,29.1161,0,0.000,-0.088,0.176,-0.176,-0.088,0.088,-0.264,-0.088,0.176,0.088,-50.625,34.453,-0.088,0.264,0.000,0.000,0.439,0.176,0.000,0.000,0.000,0.000,0.000,0.000,0.000,0.000,0.000,0.000,-51.141,34.556,0.000,0.000,0.000,0.000,0.000,0.000,0.013,4.8,11.30,31.0,0.000,0.000,0.000,0.000,0.000,0.000,0.006,0.000,0.006,0.000,0.006,0.000,0.000,0.006,0.000,0.000,0.013,0.000
29.2048,292,0,move,-1,29.2048,29.2266,0,0.000,-0.088,0.176,-0.176,-0.088,0.088,-0.264,-0.088,0.176,0.088,-50.625,34.453,-0.088,0.264,0.000,0.000,0.439,0.176,0.000,0.000,0.000,0.000,0.000,0.000,0.000,0.000,0.000,0.000,-51.141,34.556,0.000,0.000,0.000,0.000,0.000,0.000,0.013,5.6,11.30,30.0,0.000,0.000,0.000,0.006,0.000,0.000,0.006,0.000,0.006,0.000,0.013,0.000,0.000,0.006,0.000,0.000,0.006,0.006
29.3091,293,0,move,-1,29.3091,29.3197,0,0.000,-0.088,0.176,-0.176,-0.088,0.088,-0.264,-0.088,0.176,0.088,-50.625,34.453,-0.088,0.264,0.000,0.000,0.439,0.176,0.000,0.000,0.000,0.000,0.000,0.000,0.000,0.000,0.000,0.000,-51.141,34.556,0.000,0.000,0.000,0.000,0.000,0.000,0.013,5.6,11.30,30.0,0.000,0.000,0.000,0.006,0.000,0.000,0.006,0.000,0.006,0.000,0.013,0.000,0.000,0.006,0.000,0.000,0.006,0.006
29.4049,294,0,move,-1,29.4049,29.4154,0,0.000,-0.088,0.176,-0.176,-0.088,0.088,-0.264,-0.088,0.176,0.088,-50.625,34.453,-0.088,0.264,0.000,0.000,0.439,0.176,0.000,0.000,0.000,0.000,0.000,0.000,0.000,0.000,0.000,0.000,-51.141,34.556,0.000,0.000,0.000,0.000,0.000,0.000,0.013,5.6,11.30,30.0,0.000,0.000,0.000,0.000,0.000,0.000,0.006,0.000,0.000,0.000,0.013,0.000,0.000,0.013,0.000,0.000,0.006,0.000
29.5049,295,0,move,-1,29.5049,29.5170,0,0.000,-0.088,0.176,-0.176,-0.088,0.088,-0.264,-0.088,0.176,0.088,-50.625,34.453,-0.088,0.264,0.000,0.000,0.439,0.176,0.000,0.000,0.000,0.000,0.000,0.000,0.000,0.000,0.000,0.000,-51.141,34.556,0.000,0.000,0.000,0.000,0.000,0.000,0.013,5.6,11.30,30.0,0.000,0.000,0.000,0.000,0.000,0.000,0.006,0.000,0.000,0.000,0.013,0.000,0.000,0.013,0.000,0.000,0.013,0.000
29.6049,296,0,move,-1,29.6049,29.6152,0,0.000,-0.088,0.176,-0.176,-0.088,0.088,-0.264,-0.088,0.176,0.088,-50.625,34.453,-0.088,0.264,0.000,0.000,0.439,0.176,0.000,0.000,0.000,0.000,0.000,0.000,0.000,0.000,0.000,0.000,-51.141,34.556,0.000,0.000,0.000,0.000,0.000,0.000,0.013,5.6,11.30,30.0,0.000,0.000,0.000,0.000,0.000,0.000,0.006,0.000,0.000,0.000,0.013,0.000,0.000,0.013,0.000,0.000,0.013,0.000
29.7049,297,0,move,-1,29.7049,29.7163,0,0.000,-0.088,0.176,-0.176,-0.088,0.088,-0.264,-0.088,0.176,0.088,-50.625,34.453,-0.088,0.264,0.000,0.000,0.439,0.176,0.000,0.000,0.000,0.000,0.000,0.000,0.000,0.000,0.000,0.000,-51.141,34.556,0.000,0.000,0.000,0.000,0.000,0.000,0.013,5.6,11.30,30.0,0.000,0.000,0.000,0.006,0.000,0.000,0.000,0.000,0.000,0.000,0.013,0.000,0.000,0.013,0.000,0.000,0.013,0.000
29.8059,298,0,move,-1,29.8059,29.8254,0,0.000,-0.088,0.176,-0.176,-0.088,0.088,-0.264,-0.088,0.176,0.088,-50.625,34.453,-0.088,0.264,0.000,0.000,0.439,0.176,0.000,0.000,0.000,0.000,0.000,0.000,0.000,0.000,0.000,0.000,-51.141,34.556,0.000,0.000,0.000,0.000,0.000,0.000,0.013,5.6,11.30,30.0,0.000,0.000,0.000,0.000,0.000,0.000,0.000,0.000,0.000,0.000,0.013,0.000,0.000,0.006,0.000,0.000,0.013,0.000
29.9070,299,0,move,-1,29.9070,29.9296,0,0.000,-0.088,0.176,-0.176,-0.088,0.088,-0.264,-0.088,0.176,0.088,-50.625,34.453,-0.088,0.264,0.000,0.000,0.439,0.176,0.000,0.000,0.000,0.000,0.000,0.000,0.000,0.000,0.000,0.000,-51.141,34.556,0.000,0.000,0.000,0.000,0.000,0.000,0.013,5.6,11.30,30.0,0.000,0.000,0.000,0.000,0.000,0.000,0.000,0.000,0.000,0.000,0.013,0.000,0.000,0.006,0.000,0.000,0.013,0.006
30.0047,300,0,move,-1,30.0047,30.0157,0,0.000,-0.088,0.176,-0.176,-0.088,0.088,-0.264,-0.088,0.176,0.088,-50.625,34.453,-0.088,0.264,0.000,0.000,0.439,0.176,0.000,0.000,0.000,0.000,0.000,0.000,0.000,0.000,0.000,0.000,-51.045,34.512,0.000,0.000,0.000,0.000,0.000,0.000,0.013,5.6,11.30,30.0,0.000,0.000,0.000,0.000,0.000,0.000,0.000,0.000,0.000,0.000,0.013,0.000,0.000,0.006,0.000,0.000,0.013,0.006
30.1048,301,0,move,-1,30.1048,30.1172,0,0.000,-0.088,0.176,-0.176,-0.088,0.088,-0.264,-0.088,0.176,0.088,-50.625,34.453,-0.088,0.264,0.000,0.000,0.439,0.176,0.000,0.000,0.000,0.000,0.000,0.000,0.000,0.000,0.000,0.000,-50.765,34.384,0.000,0.000,0.000,0.000,0.000,0.000,0.006,2.4,11.30,31.0,0.000,,0.000,0.006,0.000,0.000,0.006,0.000,0.000,0.000,0.006,0.000,0.000,0.006,0.000,0.000,0.006,0.000
30.2048,302,0,move,-1,30.2048,30.2154,0,0.000,-0.088,0.176,-0.176,-0.088,0.088,-0.264,-0.088,0.176,0.088,-50.625,34.453,-0.088,0.264,0.000,0.000,0.439,0.176,0.000,0.000,0.000,0.000,0.000,0.000,0.000,0.000,0.000,0.000,-50.327,34.182,0.000,0.000,0.000,0.000,0.000,0.000,0.006,2.4,11.30,31.0,0.000,,0.000,0.006,0.000,0.000,0.006,0.000,0.000,0.000,0.006,0.000,0.000,0.006,0.000,0.000,0.006,0.000
30.3047,303,0,move,-1,30.3047,30.3174,0,0.000,-0.088,0.176,-0.176,-0.088,0.088,-0.264,-0.088,0.176,0.088,-50.625,34.277,-0.088,0.264,0.000,0.000,0.439,0.176,0.000,0.000,0.000,0.000,0.000,0.000,0.000,0.000,0.000,0.000,-49.772,33.924,0.000,0.000,0.000,0.000,0.000,0.000,0.013,3.2,11.30,28.0,0.000,0.000,0.006,0.000,0.000,0.000,0.000,0.000,0.000,0.000,0.006,0.000,0.000,0.013,0.000,0.000,0.013,0.000
30.4048,304,0,move,-1,30.4048,30.4151,0,0.000,-0.088,0.176,-0.176,-0.088,0.088,-0.264,-0.088,0.176,0.088,-50.098,33.926,-0.088,0.264,0.000,0.000,0.439,0.176,0.000,0.000,0.000,0.000,0.000,0.000,0.000,0.000,0.000,0.000,-49.154,33.634,0.000,0.000,0.000,0.000,0.000,0.000,0.013,3.2,11.30,28.0,0.000,0.000,0.006,0.000,0.000,0.000,0.000,0.000,0.000,0.000,0.006,0.000,0.000,0.013,0.000,0.000,0.013,0.000
30.5049,305,0,move,-1,30.5049,30.5180,0,0.000,-0.088,0.176,-0.176,-0.088,0.088,-0.264,-0.088,0.176,0.088,-49.482,33.662,-0.088,0.264,0.000,0.000,0.439,0.176,0.000,0.000,0.000,0.000,0.000,0.000,0.000,0.000,0.000,0.000,-48.535,33.340,0.000,0.000,0.000,0.000,0.000,0.000,0.006,2.4,11.30,32.0,0.000,0.000,0.000,0.006,0.000,0.000,0.006,0.000,0.000,0.000,0.000,0.000,0.000,0.006,0.000,0.000,0.006,0.006
30.6049,306,0,move,-1,30.6049,30.6169,0,0.000,-0.088,0.176,-0.176,-0.088,0.088,-0.264,-0.088,0.176,0.088,-49.219,33.223,-0.088,0.264,0.000,0.000,0.439,0.176,0.000,0.000,0.000,0.000,0.000,0.000,0.000,0.000,0.000,0.000,-47.971,33.071,0.000,0.000,0.000,0.000,0.000,0.000,0.006,2.4,11.30,32.0,0.000,0.000,0.000,0.006,0.000,0.000,0.006,0.000,0.000,0.000,0.000,0.000,0.000,0.006,0.000,0.000,0.006,0.006
30.7049,307,0,move,-1,30.7049,30.7156,0,0.000,-0.088,0.176,-0.176,-0.088,0.088,-0.264,-0.088,0.176,0.088,-48.428,33.223,-0.088,0.264,0.000,0.000,0.439,0.176,0.000,0.000,0.000,0.000,0.000,0.000,0.000,0.000,0.000,0.000,-47.522,32.856,0.000,0.000,0.000,0.000,0.000,0.000,0.013,3.2,11.30,28.0,0.000,0.000,0.000,0.000,0.000,0.000,0.006,0.000,0.000,0.000,0.000,0.000,0.000,0.013,0.000,0.000,0.006,0.000
30.8048,308,0,move,-1,30.8048,30.8146,0,0.000,-0.088,0.176,-0.176,-0.088,0.088,-0.264,-0.088,0.176,0.088,-47.900,32.959,-0.088,0.264,0.000,0.000,0.439,0.176,0.000,0.000,0.000,0.000,0.000,0.000,0.000,0.000,0.000,0.000,-47.233,32.716,0.000,0.000,0.000,0.000,0.000,0.000,0.013,3.2,11.30,28.0,0.000,0.000,0.000,0.000,0.000,0.000,0.006,0.000,0.000,0.000,0.000,0.000,0.000,0.013,0.000,0.000,0.006,0.000
30.9050,309,0,move,-1,30.9050,30.9109,0,0.000,-0.088,0.176,-0.176,-0.088,0.088,-0.264,-0.088,0.176,0.088,-47.461,32.695,-0.088,0.264,0.000,0.000,0.439,0.176,0.000,0.000,0.000,0.000,0.000,0.000,0.000,0.000,0.000,0.000,-47.133,32.667,0.000,0.000,0.000,0.000,0.000,0.000,0.013,3.2,11.30,28.0,0.000,0.000,0.000,0.000,0.000,0.000,0.006,0.000,0.006,0.000,0.006,0.000,0.000,0.013,0.000,0.000,0.006,0.000
31.0049,310,0,move,-1,31.0049,31.0159,0,0.000,-0.088,0.176,-0.176,-0.088,0.088,-0.264,-0.088,0.176,0.088,-47.373,32.695,-0.088,0.264,0.000,0.000,0.439,0.176,0.000,0.000,0.000,0.000,0.000,0.000,0.000,0.000,0.000,0.000,-47.133,32.667,0.000,0.000,0.000,0.000,0.000,0.000,0.013,3.2,11.30,28.0,0.000,0.000,0.000,0.000,0.000,0.000,0.006,0.000,0.000,0.000,0.006,0.000,0.000,0.013,0.000,0.000,0.006,0.006
31.1049,311,0,move,-1,31.1049,31.1152,0,0.000,-0.088,0.176,-0.176,-0.088,0.088,-0.264,-0.088,0.176,0.088,-47.285,32.695,-0.088,0.264,0.000,0.000,0.439,0.176,0.000,0.000,0.000,0.000,0.000,0.000,0.000,0.000,0.000,0.000,-47.133,32.667,0.000,0.000,0.000,0.000,0.000,0.000,0.013,3.2,11.30,28.0,0.000,0.000,0.000,0.000,0.000,0.000,0.006,0.000,0.000,0.000,0.006,0.000,0.000,0.013,0.000,0.000,0.006,0.006
31.2049,312,0,move,-1,31.2049,31.2162,0,0.000,-0.088,0.176,-0.176,-0.088,0.088,-0.264,-0.088,0.176,0.088,-47.285,32.695,-0.088,0.264,0.000,0.000,0.439,0.176,0.000,0.000,0.000,0.000,0.000,0.000,0.000,0.000,0.000,0.000,-47.133,32.667,0.000,0.000,0.000,0.000,0.000,0.000,0.013,4.8,11.30,31.0,0.000,0.000,0.000,0.000,0.000,0.000,0.006,0.000,0.000,0.000,0.000,0.000,0.000,0.006,0.000,0.000,0.013,0.006
31.3099,313,0,move,-1,31.3099,31.3468,0,0.000,-0.088,0.176,-0.176,-0.088,0.088,-0.264,-0.088,0.176,0.088,-47.285,32.695,-0.088,0.264,0.000,0.000,0.439,0.176,0.000,0.000,0.000,0.000,0.000,0.000,0.000,0.000,0.000,0.000,-47.133,32.667,0.000,0.000,0.000,0.000,0.000,0.000,0.006,3.2,11.30,28.0,0.000,0.000,0.000,0.000,0.000,0.000,0.000,0.000,0.000,0.000,0.000,0.000,0.000,0.006,0.000,0.000,0.006,0.000
31.4052,314,0,move,-1,31.4052,31.4224,0,0.000,-0.088,0.176,-0.176,-0.088,0.088,-0.264,-0.088,0.176,0.088,-47.285,32.695,-0.088,0.264,0.000,0.000,0.439,0.176,0.000,0.000,0.000,0.000,0.000,0.000,0.000,0.000,0.000,0.000,-47.133,32.667,0.000,0.000,0.000,0.000,0.000,0.000,0.006,3.2,11.30,28.0,0.000,0.000,0.000,0.000,0.000,0.000,0.000,0.000,0.000,0.000,0.000,0.000,0.000,0.006,0.000,0.000,0.006,0.000
31.5092,315,0,move,-1,31.5092,31.5399,0,0.000,-0.088,0.176,-0.176,-0.088,0.088,-0.264,-0.088,0.176,0.088,-47.285,32.695,-0.088,0.264,0.000,0.000,0.439,0.176,0.000,0.000,0.000,0.000,0.000,0.000,0.000,0.000,0.000,0.000,-47.133,32.667,0.000,0.000,0.000,0.000,0.000,0.000,0.006,2.4,11.30,31.0,0.000,0.000,0.000,0.006,,0.000,,0.000,0.000,0.000,0.000,0.000,0.000,0.006,0.000,0.000,0.006,0.000
31.6048,316,0,move,-1,31.6048,31.6154,0,0.000,-0.088,0.176,-0.176,-0.088,0.088,-0.264,-0.088,0.176,0.088,-47.285,32.695,-0.088,0.264,0.000,0.000,0.439,0.176,0.000,0.000,0.000,0.000,0.000,0.000,0.000,0.000,0.000,0.000,-47.133,32.667,0.000,0.000,0.000,0.000,0.000,0.000,0.006,2.4,11.30,31.0,0.000,0.000,0.000,0.006,,0.000,,0.000,0.000,0.000,0.000,0.000,0.000,0.006,0.000,0.000,0.006,0.000
31.7049,317,0,move,-1,31.7049,31.7159,0,0.000,-0.088,0.176,-0.176,-0.088,0.088,-0.264,-0.088,0.176,0.088,-47.285,32.695,-0.088,0.264,0.000,0.000,0.439,0.176,0.000,0.000,0.000,0.000,0.000,0.000,0.000,0.000,0.000,0.000,-47.133,32.667,0.000,0.000,0.000,0.000,0.000,0.000,0.013,3.2,11.30,28.0,0.000,0.000,0.006,0.006,0.000,0.000,0.000,0.000,0.006,0.000,0.000,0.000,0.000,0.013,0.000,0.000,0.006,0.000
31.8049,318,0,move,-1,31.8049,31.8189,0,0.000,-0.088,0.176,-0.176,-0.088,0.088,-0.264,-0.088,0.176,0.088,-47.285,32.695,-0.088,0.264,0.000,0.000,0.439,0.176,0.000,0.000,0.000,0.000,0.000,0.000,0.000,0.000,0.000,0.000,-47.133,32.667,0.000,0.000,0.000,0.000,0.000,0.000,0.006,2.4,11.30,32.0,0.000,0.000,0.000,0.006,0.000,0.000,0.006,0.000,0.000,0.000,0.000,0.000,0.000,0.006,0.000,0.000,0.006,0.000
31.9054,319,0,move,-1,31.9054,31.9341,0,0.000,-0.088,0.176,-0.176,-0.088,0.088,-0.264,-0.088,0.176,0.088,-47.285,32.695,-0.088,0.264,0.000,0.000,0.439,0.176,0.000,0.000,0.000,0.000,0.000,0.000,0.000,0.000,0.000,0.000,-47.133,32.667,0.000,0.000,0.000,0.000,0.000,0.000,0.013,3.2,11.30,28.0,0.000,0.000,0.000,0.000,0.000,0.000,0.000,0.000,0.006,0.000,0.006,0.000,0.000,0.013,0.000,0.000,0.013,0.006
32.0050,320,0,move,-1,32.0050,32.0162,0,0.000,-0.088,0.176,-0.176,-0.088,0.088,-0.264,-0.088,0.176,0.088,-47.285,32.695,-0.088,0.264,0.000,0.000,0.439,0.176,0.000,0.000,0.000,0.000,0.000,0.000,0.000,0.000,0.000,0.000,-47.133,32.667,0.000,0.000,0.000,0.000,0.000,0.000,0.013,3.2,11.30,28.0,0.000,0.000,0.000,0.000,0.000,0.000,0.000,0.000,0.006,0.000,0.006,0.000,0.000,0.013,0.000,0.000,0.013,0.006
32.1048,321,0,move,-1,32.1048,32.1157,0,0.000,-0.088,0.176,-0.176,-0.088,0.088,-0.264,-0.088,0.176,0.088,-47.285,32.695,-0.088,0.264,0.000,0.000,0.439,0.176,0.000,0.000,0.000,0.000,0.000,0.000,0.000,0.000,0.000,0.000,-47.133,32.667,0.000,0.000,0.000,0.000,0.000,0.000,0.006,2.4,11.30,31.0,0.000,0.000,0.000,0.006,0.000,0.000,0.006,0.000,0.000,0.000,0.000,0.000,0.000,0.006,0.000,0.000,0.006,0.000
32.2050,322,0,move,-1,32.2050,32.2144,0,0.000,-0.088,0.176,-0.176,-0.088,0.088,-0.264,-0.088,0.176,0.088,-47.285,32.695,-0.088,0.264,0.000,0.000,0.439,0.176,0.000,0.000,0.000,0.000,0.000,0.000,0.000,0.000,0.000,0.000,-47.133,32.667,0.000,0.000,0.000,0.000,0.000,0.000,0.006,2.4,11.30,31.0,0.000,0.000,0.000,0.006,0.000,0.000,0.006,0.000,0.000,0.000,0.000,0.000,0.000,0.006,0.000,0.000,0.006,0.000
32.3049,323,0,move,-1,32.3049,32.3160,0,0.000,-0.088,0.176,-0.176,-0.088,0.088,-0.264,-0.088,0.176,0.088,-47.285,32.695,-0.088,0.264,0.000,0.000,0.439,0.176,0.000,0.000,0.000,0.000,0.000,0.000,0.000,0.000,0.000,0.000,-47.133,32.667,0.000,0.000,0.000,0.000,0.000,0.000,0.006,2.4,11.30,32.0,0.000,0.000,0.000,0.006,0.000,0.000,0.006,0.000,0.000,0.000,0.000,0.000,0.000,0.006,0.000,0.000,0.006,0.006
32.4048,324,0,move,-1,32.4048,32.4290,0,0.000,-0.088,0.176,-0.176,-0.088,0.088,-0.264,-0.088,0.176,0.088,-47.285,32.695,-0.088,0.264,0.000,0.000,0.439,0.176,0.000,0.000,0.000,0.000,0.000,0.000,0.000,0.000,0.000,0.000,-47.133,32.667,0.000,0.000,0.000,0.000,0.000,0.000,0.013,3.2,11.30,28.0,0.000,0.000,0.000,0.006,0.000,0.000,0.006,0.000,0.000,0.000,0.000,0.000,0.000,0.013,0.000,0.000,0.013,0.000
32.5048,325,0,move,-1,32.5048,32.5161,0,0.000,-0.088,0.176,-0.176,-0.088,0.088,-0.264,-0.088,0.176,0.088,-47.285,32.695,-0.088,0.264,0.000,0.000,0.439,0.176,0.000,0.000,0.000,0.000,0.000,0.000,0.000,0.000,0.000,0.000,-47.133,32.667,0.000,0.000,0.000,0.000,0.000,0.000,0.013,3.2,11.30,28.0,0.000,0.000,0.000,0.006,0.000,0.000,0.006,0.000,0.000,0.000,0.000,0.000,0.000,0.013,0.000,0.000,0.013,0.000
32.6049,326,0,move,-1,32.6049,32.6164,0,0.000,-0.088,0.176,-0.176,-0.088,0.088,-0.264,-0.088,0.176,0.088,-47.285,32.695,-0.088,0.264,0.000,0.000,0.439,0.176,0.000,0.000,0.000,0.000,0.000,0.000,0.000,0.000,0.000,0.000,-47.133,32.667,0.000,0.000,0.000,0.000,0.000,0.000,0.013,4.8,11.30,31.0,0.000,0.000,0.000,0.006,0.000,0.000,0.000,0.000,0.000,0.000,0.000,0.000,0.000,0.006,0.000,0.000,0.013,0.000
32.7048,327,0,move,-1,32.7048,32.7176,0,0.000,-0.088,0.176,-0.176,-0.088,0.088,-0.264,-0.088,0.176,0.088,-47.285,32.695,-0.088,0.264,0.000,0.000,0.439,0.176,0.000,0.000,0.000,0.000,0.000,0.000,0.000,0.000,0.000,0.000,-47.133,32.667,0.000,0.000,0.000,0.000,0.000,0.000,0.006,3.2,11.20,31.0,0.000,0.000,0.000,0.000,0.000,0.000,0.006,0.000,0.000,0.000,0.000,0.000,0.000,0.006,0.000,0.000,0.006,0.000
32.8049,328,0,move,-1,32.8049,32.8155,0,0.000,-0.088,0.176,-0.176,-0.088,0.088,-0.264,-0.088,0.176,0.088,-47.285,32.695,-0.088,0.264,0.000,0.000,0.439,0.176,0.000,0.000,0.000,0.000,0.000,0.000,0.000,0.000,0.000,0.000,-47.133,32.667,0.000,0.000,0.000,0.000,0.000,0.000,0.006,3.2,11.20,31.0,0.000,0.000,0.000,0.000,0.000,0.000,0.006,0.000,0.000,0.000,0.000,0.000,0.000,0.006,0.000,0.000,0.006,0.000
32.9050,329,0,move,-1,32.9050,32.9682,0,0.000,-0.088,0.176,-0.176,-0.088,0.088,-0.264,-0.088,0.176,0.088,-47.285,32.695,-0.088,0.264,0.000,0.000,0.439,0.176,0.000,0.000,0.000,0.000,0.000,0.000,0.000,0.000,0.000,0.000,-47.133,32.667,0.000,0.000,0.000,0.000,0.000,0.000,0.013,3.2,11.30,28.0,0.000,0.000,0.006,0.006,0.000,0.000,0.006,0.000,0.000,0.000,0.000,0.000,0.000,0.013,0.000,0.000,0.006,0.000
33.0077,330,0,move,-1,33.0077,33.0369,0,0.000,-0.088,0.176,-0.176,-0.088,0.088,-0.264,-0.088,0.176,0.088,-47.285,32.695,-0.088,0.264,0.000,0.000,0.439,0.176,0.000,0.000,0.000,0.000,0.000,0.000,0.000,0.000,0.000,0.000,-47.133,32.667,0.000,0.000,0.000,0.000,0.000,0.000,0.013,3.2,11.30,28.0,0.000,0.000,0.006,0.006,0.000,0.000,0.006,0.000,0.000,0.000,0.000,0.000,0.000,0.013,0.000,0.000,0.006,0.000
33.1047,331,0,move,-1,33.1047,33.1146,0,0.000,-0.088,0.176,-0.176,-0.088,0.088,-0.264,-0.088,0.176,0.088,-47.285,32.695,-0.088,0.264,0.000,0.000,0.439,0.176,0.000,0.000,0.000,0.000,0.000,0.000,0.000,0.000,0.000,0.000,-47.133,32.667,0.000,0.000,0.000,0.000,0.000,0.000,0.013,4.8,11.20,31.0,0.000,0.000,0.000,0.000,0.000,0.000,0.006,0.000,0.006,0.000,0.000,0.000,0.000,0.006,0.000,0.000,0.013,0.006
33.2049,332,0,move,-1,33.2049,33.2163,0,0.000,-0.088,0.176,-0.176,-0.088,0.088,-0.264,-0.088,0.176,0.088,-47.285,32.695,-0.088,0.264,0.000,0.000,0.439,0.176,0.000,0.000,0.000,0.000,0.000,0.000,0.000,0.000,0.000,0.000,-47.133,32.667,0.000,0.000,0.000,0.000,0.000,0.000,0.006,2.4,11.30,31.0,0.000,0.000,0.000,0.006,0.000,0.000,0.006,0.000,0.006,0.000,0.006,0.000,0.000,0.006,0.000,0.000,0.006,0.006
33.3049,333,0,move,-1,33.3049,33.3154,0,0.000,-0.088,0.176,-0.176,-0.088,0.088,-0.264,-0.088,0.176,0.088,-47.285,32.695,-0.088,0.264,0.000,0.000,0.439,0.176,0.000,0.000,0.000,0.000,0.000,0.000,0.000,0.000,0.000,0.000,-47.133,32.667,0.000,0.000,0.000,0.000,0.000,0.000,0.006,2.4,11.30,31.0,0.000,0.000,0.000,0.006,0.000,0.000,0.006,0.000,0.006,0.000,0.006,0.000,0.000,0.006,0.000,0.000,0.006,0.006
33.4048,334,0,move,-1,33.4048,33.4442,0,0.000,-0.088,0.176,-0.176,-0.088,0.088,-0.264,-0.088,0.176,0.088,-47.285,32.695,-0.088,0.264,0.000,0.000,0.439,0.176,0.000,0.000,0.000,0.000,0.000,0.000,0.000,0.000,0.000,0.000,-47.133,32.667,0.000,0.000,0.000,0.000,0.000,0.000,0.013,4.8,11.30,31.0,0.000,0.000,0.000,0.000,0.000,0.000,0.006,0.000,0.000,0.000,0.000,0.000,0.000,0.006,0.000,0.000,0.013,0.000
33.5048,335,0,move,-1,33.5048,33.5163,0,0.000,-0.088,0.176,-0.176,-0.088,0.088,-0.264,-0.088,0.176,0.088,-47.285,32.695,-0.088,0.264,0.000,0.000,0.439,0.176,0.000,0.000,0.000,0.000,0.000,0.000,0.000,0.000,0.000,0.000,-47.133,32.667,0.000,0.000,0.000,0.000,0.000,0.000,0.013,4.8,11.30,31.0,0.000,0.000,0.000,0.000,0.000,0.000,0.006,0.000,0.000,0.000,0.000,0.000,0.000,0.006,0.000,0.000,0.013,0.000
33.6048,336,0,move,-1,33.6048,33.6148,0,0.000,-0.088,0.176,-0.176,-0.088,0.088,-0.264,-0.088,0.176,0.088,-47.285,32.695,-0.088,0.264,0.000,0.000,0.439,0.176,0.000,0.000,0.000,0.000,0.000,0.000,0.000,0.000,0.000,0.000,-47.133,32.667,0.000,0.000,0.000,0.000,0.000,0.000,0.013,3.2,11.30,28.0,0.000,0.000,0.000,0.000,0.000,0.000,0.006,0.000,0.000,0.000,0.000,0.000,0.000,0.013,0.000,0.000,0.013,0.006
33.7049,337,0,move,-1,33.7049,33.7165,0,0.000,-0.088,0.176,-0.176,-0.088,0.088,-0.264,-0.088,0.176,0.088,-47.285,32.695,-0.088,0.264,0.000,0.000,0.439,0.176,0.000,0.000,0.000,0.000,0.000,0.000,0.000,0.000,0.000,0.000,-47.133,32.667,0.000,0.000,0.000,0.000,0.000,0.000,0.006,3.2,11.30,32.0,0.000,0.000,0.000,0.000,0.000,0.000,0.006,0.000,0.000,0.000,0.000,0.000,0.000,0.006,0.000,0.000,0.006,0.006
33.8048,338,0,move,-1,33.8048,33.8158,0,0.000,-0.088,0.176,-0.176,-0.088,0.088,-0.264,-0.088,0.176,0.088,-47.285,32.695,-0.088,0.264,0.000,0.000,0.439,0.176,0.000,0.000,0.000,0.000,0.000,0.000,0.000,0.000,0.000,0.000,-47.133,32.667,0.000,0.000,0.000,0.000,0.000,0.000,0.006,3.2,11.30,32.0,0.000,0.000,0.000,0.000,0.000,0.000,0.006,0.000,0.000,0.000,0.000,0.000,0.000,0.006,0.000,0.000,0.006,0.006
33.9048,339,0,move,-1,33.9048,33.9166,0,0.000,-0.088,0.176,-0.176,-0.088,0.088,-0.264,-0.088,0.176,0.088,-47.285,32.695,-0.088,0.264,0.000,0.000,0.439,0.176,0.000,0.000,0.000,0.000,0.000,0.000,0.000,0.000,0.000,0.000,-47.133,32.667,0.000,0.000,0.000,0.000,0.000,0.000,0.013,3.2,11.30,28.0,0.000,0.000,0.000,0.000,0.000,0.000,0.000,0.000,0.000,0.000,0.000,0.000,0.000,0.013,0.000,0.000,0.006,0.000
34.0102,340,0,move,-1,34.0102,34.0432,0,0.000,-0.088,0.176,-0.176,-0.088,0.088,-0.264,-0.088,0.176,0.088,-47.285,32.695,-0.088,0.264,0.000,0.000,0.439,0.176,0.000,0.000,0.000,0.000,0.000,0.000,0.000,0.000,0.000,0.000,-47.033,32.619,0.000,0.000,0.000,0.000,0.000,0.000,0.013,3.2,11.30,28.0,0.000,0.000,0.000,0.000,0.000,0.000,0.006,0.000,0.000,0.000,0.000,0.000,0.000,0.013,0.000,0.000,0.006,0.000
34.1050,341,0,move,-1,34.1050,34.1174,0,0.000,-0.088,0.176,-0.176,-0.088,0.088,-0.264,-0.088,0.176,0.088,-47.285,32.695,-0.088,0.264,0.000,0.000,0.439,0.176,0.000,0.000,0.000,0.000,0.000,0.000,0.000,0.000,0.000,0.000,-46.742,32.477,0.000,0.000,0.000,0.000,0.000,0.000,0.013,3.2,11.30,28.0,0.000,0.000,0.000,0.000,0.000,0.000,0.006,0.000,0.000,0.000,0.000,0.000,0.000,0.013,0.000,0.000,0.006,0.000
34.2049,342,0,move,-1,34.2049,34.2151,0,0.000,-0.088,0.176,-0.176,-0.088,0.088,-0.264,-0.088,0.176,0.088,-46.846,32.695,-0.088,0.264,0.000,0.000,0.439,0.176,0.000,0.000,0.000,0.000,0.000,0.000,0.000,0.000,0.000,0.000,-46.288,32.255,0.000,0.000,0.000,0.000,0.000,0.000,0.006,3.2,11.30,31.0,0.000,0.000,0.000,0.000,0.000,0.000,0.006,0.000,0.006,0.000,0.006,0.006,0.000,0.006,0.000,0.000,0.006,0.000
34.3049,343,0,move,-1,34.3049,34.3168,0,0.000,-0.088,0.176,-0.176,-0.088,0.088,-0.264,-0.088,0.176,0.088,-46.670,32.256,-0.088,0.264,0.000,0.000,0.439,0.176,0.000,0.000,0.000,0.000,0.000,0.000,0.000,0.000,0.000,0.000,-45.712,31.972,0.000,0.000,0.000,0.000,0.000,0.000,0.013,4.8,11.30,31.0,0.000,0.000,0.000,0.000,0.000,0.000,0.006,0.000,0.006,0.000,0.006,0.006,0.000,0.006,0.000,0.000,0.013,0.006
34.4049,344,0,move,-1,34.4049,34.4164,0,0.000,-0.088,0.176,-0.176,-0.088,0.088,-0.264,-0.088,0.176,0.088,-46.143,31.992,-0.088,0.264,0.000,0.000,0.439,0.176,0.000,0.000,0.000,0.000,0.000,0.000,0.000,0.000,0.000,0.000,-45.069,31.653,0.000,0.000,0.000,0.000,0.000,0.000,0.013,4.8,11.30,31.0,0.000,0.000,0.000,0.000,0.000,0.000,0.006,0.000,0.006,0.000,0.006,0.006,0.000,0.006,0.000,0.000,0.013,0.006
34.5048,345,0,move,-1,34.5048,34.5613,0,0.000,-0.088,0.176,-0.176,-0.088,0.088,-0.264,-0.088,0.176,0.088,-45.527,31.641,-0.088,0.264,0.000,0.000,0.439,0.176,0.000,0.000,0.000,0.000,0.000,0.000,0.000,0.000,0.000,0.000,-44.421,31.329,0.000,0.000,0.000,0.000,0.000,0.000,0.013,3.2,11.30,28.0,0.000,0.000,0.000,0.000,0.000,0.000,0.000,0.000,0.000,0.000,0.000,0.006,0.000,0.013,0.000,0.006,0.006,0.006
34.6050,346,0,move,-1,34.6050,34.6157,0,0.000,-0.088,0.176,-0.176,-0.088,0.088,-0.264,-0.088,0.176,0.088,-44.912,31.377,-0.088,0.264,0.000,0.000,0.439,0.176,0.000,0.000,0.000,0.000,0.000,0.000,0.000,0.000,0.000,0.000,-43.833,31.033,0.000,0.000,0.000,0.000,0.000,0.000,0.013,3.2,11.30,28.0,0.000,0.000,0.000,0.000,0.000,0.000,0.000,0.000,0.000,0.000,0.000,0.006,0.000,0.013,0.000,0.006,0.006,0.006
34.7050,347,0,move,-1,34.7050,34.7158,0,0.000,-0.088,0.176,-0.176,-0.088,0.088,-0.264,-0.088,0.176,0.088,-44.209,31.025,-0.088,0.264,0.000,0.000,0.439,0.176,0.000,0.000,0.000,0.000,0.000,0.000,0.000,0.000,0.000,0.000,-43.362,30.795,0.000,0.000,0.000,0.000,0.000,0.000,0.006,2.4,11.30,32.0,0.000,0.000,0.006,0.006,0.000,0.000,0.006,0.000,0.006,0.000,0.000,0.006,0.000,0.006,0.000,0.000,0.006,0.000
34.8049,348,0,move,-1,34.8049,34.8189,0,0.000,-0.088,0.176,-0.176,-0.088,0.088,-0.264,-0.088,0.176,0.088,-43.682,30.762,-0.088,0.264,0.000,0.000,0.439,0.176,0.000,0.000,0.000,0.000,0.000,0.000,0.000,0.000,0.000,0.000,-43.059,30.640,0.000,0.000,0.000,0.000,0.000,0.000,0.013,3.2,11.30,28.0,,0.000,0.000,0.006,0.000,0.000,0.006,0.000,0.000,0.000,0.000,0.000,0.000,0.013,0.000,0.000,0.006,0.000
34.9049,349,0,move,-1,34.9049,34.9179,0,0.000,-0.088,0.176,-0.176,-0.088,0.088,-0.264,-0.088,0.176,0.088,-43.506,30.674,-0.088,0.264,0.000,0.000,0.439,0.176,0.000,0.000,0.000,0.000,0.000,0.000,0.000,0.000,0.000,0.000,-42.955,30.587,0.000,0.000,0.000,0.000,0.000,0.000,0.013,3.2,11.30,28.0,,0.000,0.000,0.006,0.000,0.000,0.006,0.000,0.000,0.000,0.000,0.000,0.000,0.013,0.000,0.000,0.006,0.000
35.0047,350,0,move,-1,35.0047,35.0150,0,0.000,-0.088,0.176,-0.176,-0.088,0.088,-0.264,-0.088,0.176,0.088,-43.066,30.674,-0.088,0.264,0.000,0.000,0.439,0.176,0.000,0.000,0.000,0.000,0.000,0.000,0.000,0.000,0.000,0.000,-42.955,30.587,0.000,0.000,0.000,0.000,0.000,0.000,0.013,3.2,11.30,28.0,0.000,0.000,0.000,0.000,0.000,0.000,0.006,0.000,0.000,0.000,0.000,0.000,0.000,0.013,0.000,0.000,0.006,0.000
35.1049,351,0,move,-1,35.1049,35.1163,0,0.000,-0.088,0.176,-0.176,-0.088,0.088,-0.264,-0.088,0.176,0.088,-43.066,30.674,-0.088,0.264,0.000,0.000,0.439,0.176,0.000,0.000,0.000,0.000,0.000,0.000,0.000,0.000,0.000,0.000,-42.955,30.587,0.000,0.000,0.000,0.000,0.000,0.000,0.013,3.2,11.30,28.0,0.000,0.000,0.000,0.000,0.000,0.000,0.006,0.000,0.000,0.000,0.000,0.000,0.000,0.013,0.000,0.000,0.006,0.000
35.2048,352,0,move,-1,35.2048,35.2160,0,0.000,-0.088,0.176,-0.176,-0.088,0.088,-0.264,-0.088,0.176,0.088,-43.066,30.674,-0.088,0.264,0.000,0.000,0.439,0.176,0.000,0.000,0.000,0.000,0.000,0.000,0.000,0.000,0.000,0.000,-42.955,30.587,0.000,0.000,0.000,0.000,0.000,0.000,0.013,3.2,11.30,28.0,0.000,0.000,0.000,0.000,0.000,0.000,0.006,0.000,0.000,0.000,0.000,0.000,0.000,0.013,0.000,0.000,0.006,0.000
35.3050,353,0,move,-1,35.3050,35.3147,0,0.000,-0.088,0.176,-0.176,-0.088,0.088,-0.264,-0.088,0.176,0.088,-43.066,30.674,-0.088,0.264,0.000,0.000,0.439,0.176,0.000,0.000,0.000,0.000,0.000,0.000,0.000,0.000,0.000,0.000,-42.955,30.587,0.000,0.000,0.000,0.000,0.000,0.000,0.013,4.8,11.30,31.0,0.000,0.000,0.000,0.000,0.000,0.000,0.006,0.000,0.006,0.000,0.000,0.000,0.000,0.006,0.000,0.000,0.013,0.000
35.4049,354,0,move,-1,35.4049,35.4569,0,0.000,-0.088,0.176,-0.176,-0.088,0.088,-0.264,-0.088,0.176,0.088,-43.066,30.674,-0.088,0.264,0.000,0.000,0.439,0.176,0.000,0.000,0.000,0.000,0.000,0.000,0.000,0.000,0.000,0.000,-42.955,30.587,0.000,0.000,0.000,0.000,0.000,0.000,0.013,3.2,11.30,28.0,0.000,0.000,0.000,0.006,0.000,0.000,0.006,0.000,0.000,0.000,0.000,0.000,0.000,0.013,0.000,0.000,0.013,0.000
35.5048,355,0,move,-1,35.5048,35.5165,0,0.000,-0.088,0.176,-0.176,-0.088,0.088,-0.264,-0.088,0.176,0.088,-43.066,30.674,-0.088,0.264,0.000,0.000,0.439,0.176,0.000,0.000,0.000,0.000,0.000,0.000,0.000,0.000,0.000,0.000,-42.955,30.587,0.000,0.000,0.000,0.000,0.000,0.000,0.013,3.2,11.30,28.0,0.000,0.000,0.000,0.006,0.000,0.000,0.006,0.000,0.000,0.000,0.000,0.000,0.000,0.013,0.000,0.000,0.013,0.000
35.6049,356,0,move,-1,35.6049,35.6147,0,0.000,-0.088,0.176,-0.176,-0.088,0.088,-0.264,-0.088,0.176,0.088,-43.066,30.674,-0.088,0.264,0.000,0.000,0.439,0.176,0.000,0.000,0.000,0.000,0.000,0.000,0.000,0.000,0.000,0.000,-42.955,30.587,0.000,0.000,0.000,0.000,0.000,0.000,0.013,3.2,11.30,28.0,0.000,0.000,0.000,0.006,0.000,0.000,0.000,0.000,0.000,0.000,0.000,0.000,0.000,0.013,0.000,0.000,0.006,0.006
35.7050,357,0,move,-1,35.7050,35.7163,0,0.000,-0.088,0.176,-0.176,-0.088,0.088,-0.264,-0.088,0.176,0.088,-43.066,30.674,-0.088,0.264,0.000,0.000,0.439,0.176,0.000,0.000,0.000,0.000,0.000,0.000,0.000,0.000,0.000,0.000,-42.955,30.587,0.000,0.000,0.000,0.000,0.000,0.000,0.013,3.2,11.30,28.0,0.000,0.000,0.000,0.006,0.000,0.000,0.006,0.000,0.006,0.000,0.000,0.000,0.000,0.013,0.000,0.000,0.013,0.000
35.8047,358,0,move,-1,35.8047,35.8171,0,0.000,-0.088,0.176,-0.176,-0.088,0.088,-0.264,-0.088,0.176,0.088,-43.066,30.674,-0.088,0.264,0.000,0.000,0.439,0.176,0.000,0.000,0.000,0.000,0.000,0.000,0.000,0.000,0.000,0.000,-42.955,30.587,0.000,0.000,0.000,0.000,0.000,0.000,0.013,3.2,11.30,28.0,0.000,0.000,0.000,0.000,0.000,0.000,0.000,0.000,0.000,0.000,0.000,0.000,0.000,0.013,0.000,0.000,0.006,0.000
35.9049,359,0,move,-1,35.9049,35.9162,0,0.000,-0.088,0.176,-0.176,-0.088,0.088,-0.264,-0.088,0.176,0.088,-43.066,30.674,-0.088,0.264,0.000,0.000,0.439,0.176,0.000,0.000,0.000,0.000,0.000,0.000,0.000,0.000,0.000,0.000,-42.955,30.587,0.000,0.000,0.000,0.000,0.000,0.000,0.013,3.2,11.30,28.0,0.000,0.000,0.000,0.000,0.000,0.000,0.000,0.000,0.000,0.000,0.000,0.000,0.000,0.013,0.000,0.000,0.006,0.000
36.0049,360,0,move,-1,36.0049,36.0147,0,0.000,-0.088,0.176,-0.176,-0.088,0.088,-0.264,-0.088,0.176,0.088,-43.066,30.674,-0.088,0.264,0.000,0.000,0.439,0.176,0.000,0.000,0.000,0.000,0.000,0.000,0.000,0.000,0.000,0.000,-42.955,30.587,0.000,0.000,0.000,0.000,0.000,0.000,0.006,2.4,11.30,32.0,0.000,0.000,0.006,0.006,0.000,0.000,0.000,0.000,0.006,0.000,0.000,0.000,0.000,0.006,0.000,0.000,0.006,0.000
36.1049,361,0,move,-1,36.1049,36.1158,0,0.000,-0.088,0.176,-0.176,-0.088,0.088,-0.264,-0.088,0.176,0.088,-43.066,30.674,-0.088,0.264,0.000,0.000,0.439,0.176,0.000,0.000,0.000,0.000,0.000,0.000,0.000,0.000,0.000,0.000,-42.955,30.587,0.000,0.000,0.000,0.000,0.000,0.000,0.006,2.4,11.30,32.0,0.000,0.000,0.006,0.006,0.000,0.000,0.000,0.000,0.000,0.000,0.000,0.000,0.000,,0.000,0.000,0.006,0.006
36.2050,362,0,move,-1,36.2050,36.2154,0,0.000,-0.088,0.176,-0.176,-0.088,0.088,-0.264,-0.088,0.176,0.088,-42.979,30.674,-0.088,0.264,0.000,0.000,0.439,0.176,0.000,0.000,0.000,0.000,0.000,0.000,0.000,0.000,0.000,0.000,-42.955,30.587,0.000,0.000,0.000,0.000,0.000,0.000,0.006,2.4,11.30,32.0,0.000,0.000,0.006,0.006,0.000,0.000,0.000,0.000,0.000,0.000,0.000,0.000,0.000,,0.000,0.000,0.006,0.006
36.3057,363,0,move,-1,36.3057,36.3191,0,0.000,-0.088,0.176,-0.176,-0.088,0.088,-0.264,-0.088,0.176,0.088,-42.979,30.674,-0.088,0.264,0.000,0.000,0.439,0.176,0.000,0.000,0.000,0.000,0.000,0.000,0.000,0.000,0.000,0.000,-42.955,30.587,0.000,0.000,0.000,0.000,0.000,0.000,0.013,3.2,11.30,28.0,0.000,0.000,0.000,0.006,0.000,0.000,0.006,0.000,0.000,0.000,0.000,0.000,0.000,0.013,0.000,0.000,0.006,0.006
36.4141,364,0,move,-1,36.4141,36.4249,0,0.000,-0.088,0.176,-0.176,-0.088,0.088,-0.264,-0.088,0.176,0.088,-42.979,30.674,-0.088,0.264,0.000,0.000,0.439,0.176,0.000,0.000,0.000,0.000,0.000,0.000,0.000,0.000,0.000,0.000,-42.955,30.587,0.000,0.000,0.000,0.000,0.000,0.000,0.006,3.2,11.30,31.0,0.000,0.000,0.000,0.000,0.000,0.000,0.006,0.000,0.000,0.000,0.000,0.000,0.000,0.006,0.000,0.000,0.006,0.006
36.5049,365,0,move,-1,36.5049,36.5131,0,0.000,-0.088,0.176,-0.176,-0.088,0.088,-0.264,-0.088,0.176,0.088,-42.979,30.674,-0.088,0.264,0.000,0.000,0.439,0.176,0.000,0.000,0.000,0.000,0.000,0.000,0.000,0.000,0.000,0.000,-42.955,30.587,0.000,0.000,0.000,0.000,0.000,0.000,0.006,3.2,11.30,31.0,0.000,0.000,0.000,0.000,0.000,0.000,0.006,0.000,0.000,0.000,0.000,0.000,0.000,0.006,0.000,0.000,0.006,0.006
36.6049,366,0,move,-1,36.6049,36.6190,0,0.000,-0.088,0.176,-0.176,-0.088,0.088,-0.264,-0.088,0.176,0.088,-42.979,30.674,-0.088,0.264,0.000,0.000,0.439,0.176,0.000,0.000,0.000,0.000,0.000,0.000,0.000,0.000,0.000,0.000,-42.955,30.587,0.000,0.000,0.000,0.000,0.000,0.000,0.006,3.2,11.30,31.0,0.000,0.000,0.000,0.000,0.000,0.000,0.006,0.000,0.000,0.000,0.000,0.000,0.000,0.006,0.000,0.000,0.006,0.000
36.7050,367,0,move,-1,36.7050,36.7160,0,0.000,-0.088,0.176,-0.176,-0.088,0.088,-0.264,-0.088,0.176,0.088,-42.979,30.674,-0.088,0.264,0.000,0.000,0.439,0.176,0.000,0.000,0.000,0.000,0.000,0.000,0.000,0.000,0.000,0.000,-42.955,30.587,0.000,0.000,0.000,0.000,0.000,0.000,0.006,3.2,11.30,31.0,0.000,0.000,0.000,0.000,0.000,0.000,0.006,0.000,0.000,0.000,0.000,0.000,0.000,0.006,0.000,0.000,0.006,0.000
36.8050,368,0,move,-1,36.8050,36.8165,0,0.000,-0.088,0.176,-0.176,-0.088,0.088,-0.264,-0.088,0.176,0.088,-42.979,30.674,-0.088,0.264,0.000,0.000,0.439,0.176,0.000,0.000,0.000,0.000,0.000,0.000,0.000,0.000,0.000,0.000,-42.955,30.587,0.000,0.000,0.000,0.000,0.000,0.000,0.013,3.2,11.30,28.0,0.000,0.000,0.000,0.000,0.000,0.000,0.000,0.000,0.000,0.000,0.000,0.000,0.000,0.013,0.000,0.000,0.006,0.000
36.9125,369,0,move,-1,36.9125,36.9282,0,0.000,-0.088,0.176,-0.176,-0.088,0.088,-0.264,-0.088,0.176,0.088,-42.979,30.674,-0.088,0.264,0.000,0.000,0.439,0.176,0.000,0.000,0.000,0.000,0.000,0.000,0.000,0.000,0.000,0.000,-42.955,30.587,0.000,0.000,0.000,0.000,0.000,0.000,0.006,3.2,11.30,28.0,0.000,0.000,0.000,0.000,0.000,0.000,0.000,0.000,0.000,0.000,0.000,0.000,0.000,0.006,0.000,0.000,0.006,0.000
37.0052,370,0,move,-1,37.0052,37.0177,0,0.000,-0.088,0.176,-0.176,-0.088,0.088,-0.264,-0.088,0.176,0.088,-42.979,30.674,-0.088,0.264,0.000,0.000,0.439,0.176,0.000,0.000,0.000,0.000,0.000,0.000,0.000,0.000,0.000,0.000,-42.955,30.587,0.000,0.000,0.000,0.000,0.000,0.000,0.006,3.2,11.30,28.0,0.000,0.000,0.000,0.000,0.000,0.000,0.000,0.000,0.000,0.000,0.000,0.000,0.000,0.006,0.000,0.000,0.006,0.000
37.1048,371,0,move,-1,37.1048,37.1168,0,0.000,-0.088,0.176,-0.176,-0.088,0.088,-0.264,-0.088,0.176,0.088,-42.979,30.674,-0.088,0.264,0.000,0.000,0.439,0.176,0.000,0.000,0.000,0.000,0.000,0.000,0.000,0.000,0.000,0.000,-42.955,30.587,0.000,0.000,0.000,0.000,0.000,0.000,0.013,3.2,11.30,28.0,0.000,0.000,0.006,0.000,0.000,0.000,0.006,0.000,0.000,0.000,0.000,0.000,0.000,0.013,0.000,0.000,0.013,0.000
37.2048,372,0,move,-1,37.2048,37.2158,0,0.000,-0.088,0.176,-0.176,-0.088,0.088,-0.264,-0.088,0.176,0.088,-42.979,30.674,-0.088,0.264,0.000,0.000,0.439,0.176,0.000,0.000,0.000,0.000,0.000,0.000,0.000,0.000,0.000,0.000,-42.955,30.587,0.000,0.000,0.000,0.000,0.000,0.000,0.013,3.2,11.30,28.0,0.000,0.000,0.006,0.000,0.000,0.000,0.006,0.000,0.000,0.000,0.000,0.000,0.000,0.013,0.000,0.000,0.013,0.000
37.3048,373,0,move,-1,37.3048,37.3159,0,0.000,-0.088,0.176,-0.176,-0.088,0.088,-0.264,-0.088,0.176,0.088,-42.979,30.674,-0.088,0.264,0.000,0.000,0.439,0.176,0.000,0.000,0.000,0.000,0.000,0.000,0.000,0.000,0.000,0.000,-42.955,30.587,0.000,0.000,0.000,0.000,0.000,0.000,0.013,3.2,11.30,28.0,0.000,0.000,0.000,0.000,0.000,0.000,0.006,0.000,0.000,0.000,0.000,0.000,0.000,0.013,0.000,0.000,0.006,0.000
37.4051,374,0,move,-1,37.4051,37.4222,0,0.000,-0.088,0.176,-0.176,-0.088,0.088,-0.264,-0.088,0.176,0.088,-42.979,30.674,-0.088,0.264,0.000,0.000,0.439,0.176,0.000,0.000,0.000,0.000,0.000,0.000,0.000,0.000,0.000,0.000,-42.955,30.587,0.000,0.000,0.000,0.000,0.000,0.000,0.013,3.2,11.30,28.0,0.000,0.000,0.006,0.006,0.000,0.000,0.006,0.000,0.006,0.000,0.000,0.000,0.000,0.013,0.000,0.000,0.013,0.000
37.5048,375,0,move,-1,37.5048,37.5182,0,0.000,-0.088,0.176,-0.176,-0.088,0.088,-0.264,-0.088,0.176,0.088,-42.979,30.674,-0.088,0.264,0.000,0.000,0.439,0.176,0.000,0.000,0.000,0.000,0.000,0.000,0.000,0.000,0.000,0.000,-42.955,30.587,0.000,0.000,0.000,0.000,0.000,0.000,0.013,3.2,11.30,28.0,0.000,0.000,0.006,0.006,0.000,0.000,0.006,0.000,0.006,0.000,0.000,0.000,0.000,0.013,0.000,0.000,0.013,0.000
37.6049,376,0,move,-1,37.6049,37.6156,0,0.000,-0.088,0.176,-0.176,-0.088,0.088,-0.264,-0.088,0.176,0.088,-42.979,30.674,-0.088,0.264,0.000,0.000,0.439,0.176,0.000,0.000,0.000,0.000,0.000,0.000,0.000,0.000,0.000,0.000,-42.955,30.587,0.000,0.000,0.000,0.000,0.000,0.000,0.013,3.6,11.30,28.0,0.000,0.000,0.000,0.006,0.000,0.000,0.006,0.000,0.000,0.000,0.000,0.000,0.000,0.013,0.000,0.000,0.013,0.006
37.7048,377,0,move,-1,37.7048,37.7146,0,0.000,-0.088,0.176,-0.176,-0.088,0.088,-0.264,-0.088,0.176,0.088,-42.979,30.674,-0.088,0.264,0.000,0.000,0.439,0.176,0.000,0.000,0.000,0.000,0.000,0.000,0.000,0.000,0.000,0.000,-42.955,30.587,0.000,0.000,0.000,0.000,0.000,0.000,0.013,3.6,11.30,28.0,0.000,0.000,0.000,0.006,0.000,0.000,0.006,0.000,0.000,0.000,0.000,0.000,0.000,0.013,0.000,0.000,0.013,0.006
37.8049,378,0,move,-1,37.8049,37.8179,0,0.000,-0.088,0.176,-0.176,-0.088,0.088,-0.264,-0.088,0.176,0.088,-42.979,30.674,-0.088,0.264,0.000,0.000,0.439,0.176,0.000,0.000,0.000,0.000,0.000,0.000,0.000,0.000,0.000,0.000,-42.955,30.587,0.000,0.000,0.000,0.000,0.000,0.000,0.013,4.8,11.30,31.0,0.000,0.000,0.000,0.000,0.000,0.000,0.000,0.000,0.006,0.000,0.000,0.000,0.000,0.006,0.000,0.000,0.013,0.000
37.9048,379,0,move,-1,37.9048,37.9347,0,0.000,-0.088,0.176,-0.176,-0.088,0.088,-0.264,-0.088,0.176,0.088,-42.979,30.674,-0.088,0.264,0.000,0.000,0.439,0.176,0.000,0.000,0.000,0.000,0.000,0.000,0.000,0.000,0.000,0.000,-42.955,30.587,0.000,0.000,0.000,0.000,0.000,0.000,0.013,3.2,11.30,28.0,0.000,0.000,0.006,0.006,0.000,0.000,0.006,0.000,0.000,0.000,0.000,0.000,0.000,0.013,0.000,0.000,0.013,0.006
38.0048,380,0,move,-1,38.0048,38.0148,0,0.000,-0.088,0.176,-0.176,-0.088,0.088,-0.264,-0.088,0.176,0.088,-42.979,30.674,-0.088,0.264,0.000,0.000,0.439,0.176,0.000,0.000,0.000,0.000,0.000,0.000,0.000,0.000,0.000,0.000,-43.059,30.640,0.000,0.000,0.000,0.000,0.000,0.000,0.013,3.2,11.30,28.0,0.000,0.000,0.006,0.006,0.000,0.000,0.006,0.000,0.000,0.000,0.000,0.000,0.000,0.013,0.000,0.000,0.013,0.006
38.1048,381,0,move,-1,38.1048,38.1160,0,0.000,-0.088,0.176,-0.176,-0.088,0.088,-0.264,-0.088,0.176,0.088,-42.979,30.674,-0.088,0.264,0.000,0.000,0.439,0.176,0.000,0.000,0.000,0.000,0.000,0.000,0.000,0.000,0.000,0.000,-43.362,30.795,0.000,0.000,0.000,0.000,0.000,0.000,0.013,3.2,11.30,28.0,0.000,0.000,0.000,0.000,0.000,0.000,0.006,0.000,0.000,0.000,0.000,0.000,0.000,0.013,0.000,0.006,0.006,0.000
38.2048,382,0,move,-1,38.2048,38.2144,0,0.000,-0.088,0.176,-0.176,-0.088,0.088,-0.264,-0.088,0.176,0.088,-42.979,30.674,-0.088,0.264,0.000,0.000,0.439,0.176,0.000,0.000,0.000,0.000,0.000,0.000,0.000,0.000,0.000,0.000,-43.833,31.033,0.000,0.000,0.000,0.000,0.000,0.000,0.013,3.2,11.30,28.0,0.000,0.000,0.000,0.000,0.000,0.000,0.006,0.000,0.000,0.000,0.000,0.000,0.000,0.013,0.000,0.006,0.006,0.000
38.3160,383,0,move,-1,38.3160,38.3399,0,0.000,-0.088,0.176,-0.176,-0.088,0.088,-0.264,-0.088,0.176,0.088,-43.330,31.025,-0.088,0.264,0.000,0.000,0.439,0.176,0.000,0.000,0.000,0.000,0.000,0.000,0.000,0.000,0.000,0.000,-44.421,31.329,0.000,0.000,0.000,0.000,0.000,0.000,0.006,3.2,11.30,32.0,0.000,0.000,0.000,0.000,0.000,0.000,0.006,0.000,0.006,0.000,0.006,0.006,0.000,0.006,0.000,0.000,0.006,0.000
38.4048,384,0,move,-1,38.4048,38.4144,0,0.000,-0.088,0.176,-0.176,-0.088,0.088,-0.264,-0.088,0.176,0.088,-43.770,31.201,-0.088,0.264,0.000,0.000,0.439,0.176,0.000,0.000,0.000,0.000,0.000,0.000,0.000,0.000,0.000,0.000,-45.069,31.653,0.000,0.000,0.000,0.000,0.000,0.000,0.006,3.2,11.30,32.0,0.000,0.000,0.000,0.000,0.000,0.000,0.006,0.000,0.006,0.000,0.006,0.006,0.000,0.006,0.000,0.000,0.006,0.000
38.5049,385,0,move,-1,38.5049,38.5162,0,0.000,-0.088,0.176,-0.176,-0.088,0.088,-0.264,-0.088,0.176,0.088,-44.385,31.641,-0.088,0.264,0.000,0.000,0.439,0.176,0.000,0.000,0.000,0.000,0.000,0.000,0.000,0.000,0.000,0.000,-45.712,31.972,0.000,0.000,0.000,0.000,0.000,0.000,0.006,2.4,11.30,31.0,0.000,0.000,0.000,0.006,0.000,0.000,0.006,0.000,0.000,0.000,0.006,0.006,0.000,0.006,0.000,0.000,0.006,0.006
38.6077,386,0,move,-1,38.6077,38.6195,0,0.000,-0.088,0.176,-0.176,-0.088,0.088,-0.264,-0.088,0.176,0.088,-45.088,31.904,-0.088,0.264,0.000,0.000,0.439,0.176,0.000,0.000,0.000,0.000,0.000,0.000,0.000,0.000,0.000,0.000,-46.288,32.255,0.000,0.000,0.000,0.000,0.000,0.000,0.006,2.4,11.30,31.0,0.000,0.000,0.000,0.006,0.000,0.000,0.000,0.000,0.000,0.000,0.006,0.000,0.000,0.006,0.000,0.000,0.006,0.006
38.7050,387,0,move,-1,38.7050,38.7148,0,0.000,-0.088,0.176,-0.176,-0.088,0.088,-0.264,-0.088,0.176,0.088,-45.615,32.080,-0.088,0.264,0.000,0.000,0.439,0.176,0.000,0.000,0.000,0.000,0.000,0.000,0.000,0.000,0.000,0.000,-46.742,32.477,0.000,0.000,0.000,0.000,0.000,0.000,0.006,2.4,11.30,31.0,0.000,0.000,0.000,0.006,0.000,0.000,0.000,0.000,0.000,0.000,0.006,0.000,0.000,0.006,0.000,0.000,0.006,0.006
38.8050,388,0,move,-1,38.8050,38.8159,0,0.000,-0.088,0.176,-0.176,-0.088,0.088,-0.264,-0.088,0.176,0.088,-46.143,32.520,-0.088,0.264,0.000,0.000,0.439,0.176,0.000,0.000,0.000,0.000,0.000,0.000,0.000,0.000,0.000,0.000,-47.033,32.619,0.000,0.000,0.000,0.000,0.000,0.000,0.013,6.4,11.30,30.0,0.000,0.000,0.000,0.000,0.000,0.000,0.006,0.000,0.000,0.000,0.013,0.006,0.000,0.006,0.000,0.000,0.006,0.006
38.9049,389,0,move,-1,38.9049,38.9156,0,0.000,-0.088,0.176,-0.176,-0.088,0.088,-0.264,-0.088,0.176,0.088,-46.582,32.520,-0.088,0.264,0.000,0.000,0.439,0.176,0.000,0.000,0.000,0.000,0.000,0.000,0.000,0.000,0.000,0.000,-47.133,32.667,0.000,0.000,0.000,0.000,0.000,0.000,0.013,6.4,11.30,30.0,0.000,0.000,0.000,0.000,0.000,0.000,0.006,0.000,0.000,0.000,0.013,0.006,0.000,0.006,0.000,0.000,0.006,0.006
39.0047,390,0,move,-1,39.0047,39.0310,0,0.000,-0.088,0.176,-0.176,-0.088,0.088,-0.264,-0.088,0.176,0.088,-46.582,32.607,-0.088,0.264,0.000,0.000,0.439,0.176,0.000,0.000,0.000,0.000,0.000,0.000,0.000,0.000,0.000,0.000,-47.133,32.667,0.000,0.000,0.000,0.000,0.000,0.000,0.013,2.8,11.40,29.0,0.000,0.000,0.000,0.000,0.000,0.000,0.006,0.000,0.000,0.000,0.006,0.013,0.000,0.013,0.000,0.000,0.006,0.006
39.1054,391,0,move,-1,39.1054,39.1191,0,0.000,-0.088,0.176,-0.176,-0.088,0.088,-0.264,-0.088,0.176,0.088,-46.582,32.695,-0.088,0.264,0.000,0.000,0.439,0.176,0.000,0.000,0.000,0.000,0.000,0.000,0.000,0.000,0.000,0.000,-47.133,32.667,0.000,0.000,0.000,0.000,0.000,0.000,0.013,2.8,11.40,29.0,0.000,0.000,0.000,0.000,0.000,0.000,0.006,0.000,0.000,0.000,0.006,0.013,0.000,0.013,0.000,0.000,0.006,0.006
39.2049,392,0,move,-1,39.2049,39.2172,0,0.000,-0.088,0.176,-0.176,-0.088,0.088,-0.264,-0.088,0.176,0.088,-46.582,32.695,-0.088,0.264,0.000,0.000,0.439,0.176,0.000,0.000,0.000,0.000,0.000,0.000,0.000,0.000,0.000,0.000,-47.133,32.667,0.000,0.000,0.000,0.000,0.000,0.000,0.013,3.2,11.30,28.0,0.000,0.000,0.000,0.006,0.000,0.000,0.006,0.000,0.000,0.000,0.006,0.000,0.000,0.013,0.000,0.000,0.006,0.000
39.3049,393,0,move,-1,39.3049,39.3154,0,0.000,-0.088,0.176,-0.176,-0.088,0.088,-0.264,-0.088,0.176,0.088,-46.582,32.695,-0.088,0.264,0.000,0.000,0.439,0.176,0.000,0.000,0.000,0.000,0.000,0.000,0.000,0.000,0.000,0.000,-47.133,32.667,0.000,0.000,0.000,0.000,0.000,0.000,0.013,3.2,11.30,28.0,0.000,0.000,0.000,0.006,0.000,0.000,0.006,0.000,0.000,0.000,0.006,0.000,0.000,0.013,0.000,0.000,0.006,0.000
39.4112,394,0,move,-1,39.4112,39.4609,0,0.000,-0.088,0.176,-0.176,-0.088,0.088,-0.264,-0.088,0.176,0.088,-46.582,32.695,-0.088,0.264,0.000,0.000,0.439,0.176,0.000,0.000,0.000,0.000,0.000,0.000,0.000,0.000,0.000,0.000,-47.133,32.667,0.000,0.000,0.000,0.000,0.000,0.000,0.013,3.2,11.30,28.0,0.000,0.000,0.000,0.000,0.000,0.000,0.000,0.000,0.000,0.000,0.006,0.000,0.000,0.013,0.000,0.000,0.013,0.000
39.5049,395,0,move,-1,39.5049,39.5180,0,0.000,-0.088,0.176,-0.176,-0.088,0.088,-0.264,-0.088,0.176,0.088,-46.582,32.695,-0.088,0.264,0.000,0.000,0.439,0.176,0.000,0.000,0.000,0.000,0.000,0.000,0.000,0.000,0.000,0.000,-47.133,32.667,0.000,0.000,0.000,0.000,0.000,0.000,0.013,3.2,11.30,28.0,0.000,0.000,0.000,0.000,0.000,0.000,0.000,0.000,0.000,0.000,0.006,0.000,0.000,0.013,0.000,0.000,0.013,0.000
39.6050,396,0,move,-1,39.6050,39.6173,0,0.000,-0.088,0.176,-0.176,-0.088,0.088,-0.264,-0.088,0.176,0.088,-46.582,32.695,-0.088,0.264,0.000,0.000,0.439,0.176,0.000,0.000,0.000,0.000,0.000,0.000,0.000,0.000,0.000,0.000,-47.133,32.667,0.000,0.000,0.000,0.000,0.000,0.000,0.013,5.6,11.30,31.0,0.000,0.000,0.006,0.000,0.000,0.000,0.000,0.000,0.000,0.000,0.013,0.000,0.000,0.013,0.000,0.000,0.006,0.006
39.7105,397,0,move,-1,39.7105,39.7497,0,0.000,-0.088,0.176,-0.176,-0.088,0.088,-0.264,-0.088,0.176,0.088,-46.582,32.695,-0.088,0.264,0.000,0.000,0.439,0.176,0.000,0.000,0.000,0.000,0.000,0.000,0.000,0.000,0.000,0.000,-47.133,32.667,0.000,0.000,0.000,0.000,0.000,0.000,0.013,5.6,11.30,30.0,0.000,0.000,0.000,0.000,0.000,0.000,0.006,0.000,0.006,0.000,0.013,0.000,0.000,0.006,0.000,0.000,0.006,0.006
39.8049,398,0,move,-1,39.8049,39.8174,0,0.000,-0.088,0.176,-0.176,-0.088,0.088,-0.264,-0.088,0.176,0.088,-46.582,32.695,-0.088,0.264,0.000,0.000,0.439,0.176,0.000,0.000,0.000,0.000,0.000,0.000,0.000,0.000,0.000,0.000,-47.133,32.667,0.000,0.000,0.000,0.000,0.000,0.000,0.013,5.6,11.30,30.0,0.000,0.000,0.000,0.000,0.000,0.000,0.006,0.000,0.006,0.000,0.013,0.000,0.000,0.006,0.000,0.000,0.006,0.006
39.9048,399,0,move,-1,39.9048,39.9115,0,0.000,-0.088,0.176,-0.176,-0.088,0.088,-0.264,-0.088,0.176,0.088,-46.582,32.695,-0.088,0.264,0.000,0.000,0.439,0.176,0.000,0.000,0.000,0.000,0.000,0.000,0.000,0.000,0.000,0.000,-47.133,32.667,0.000,0.000,0.000,0.000,0.000,0.000,0.013,3.2,11.30,28.0,0.000,0.000,0.000,0.000,0.000,0.000,0.006,0.000,0.006,0.000,0.006,0.000,0.000,0.013,0.000,0.000,0.013,0.000
40.0047,400,0,move,-1,40.0047,40.0144,0,0.000,-0.088,0.176,-0.176,-0.088,0.088,-0.264,-0.088,0.176,0.088,-46.582,32.695,-0.088,0.264,0.000,0.000,0.439,0.176,0.000,0.000,0.000,0.000,0.000,0.000,0.000,0.000,0.000,0.000,-47.133,32.667,0.000,0.000,0.000,0.000,0.000,0.000,0.013,5.6,11.30,30.0,0.000,0.000,0.000,0.000,0.000,0.000,0.000,0.000,0.000,0.000,0.013,0.000,0.000,0.013,0.000,0.000,0.006,0.006
40.1049,401,0,move,-1,40.1049,40.1156,0,0.000,-0.088,0.176,-0.176,-0.088,0.088,-0.264,-0.088,0.176,0.088,-46.582,32.695,-0.088,0.264,0.000,0.000,0.439,0.176,0.000,0.000,0.000,0.000,0.000,0.000,0.000,0.000,0.000,0.000,-47.133,32.667,0.000,0.000,0.000,0.000,0.000,0.000,0.013,3.2,11.30,28.0,0.000,0.000,0.000,0.000,0.000,0.000,0.000,0.000,0.006,0.000,0.006,0.000,0.000,0.013,0.000,0.000,0.006,0.000
40.2049,402,0,move,-1,40.2049,40.2155,0,0.000,-0.088,0.176,-0.176,-0.088,0.088,-0.264,-0.088,0.176,0.088,-46.582,32.695,-0.088,0.264,0.000,0.000,0.439,0.176,0.000,0.000,0.000,0.000,0.000,0.000,0.000,0.000,0.000,0.000,-47.133,32.667,0.000,0.000,0.000,0.000,0.000,0.000,0.013,3.2,11.30,28.0,0.000,0.000,0.000,0.000,0.000,0.000,0.000,0.000,0.006,0.000,0.006,0.000,0.000,0.013,0.000,0.000,0.006,0.000
40.3049,403,0,move,-1,40.3049,40.3162,0,0.000,-0.088,0.176,-0.176,-0.088,0.088,-0.264,-0.088,0.176,0.088,-46.582,32.695,-0.088,0.264,0.000,0.000,0.439,0.176,0.000,0.000,0.000,0.000,0.000,0.000,0.000,0.000,0.000,0.000,-47.133,32.667,0.000,0.000,0.000,0.000,0.000,0.000,0.006,2.4,11.30,31.0,0.000,0.000,0.000,0.006,0.000,0.000,0.000,0.000,0.000,0.000,0.006,0.000,0.000,0.006,0.000,0.000,0.006,0.006
40.4049,404,0,move,-1,40.4049,40.4154,0,0.000,-0.088,0.176,-0.176,-0.088,0.088,-0.264,-0.088,0.176,0.088,-46.582,32.695,-0.088,0.264,0.000,0.000,0.439,0.176,0.000,0.000,0.000,0.000,0.000,0.000,0.000,0.000,0.000,0.000,-47.133,32.667,0.000,0.000,0.000,0.000,0.000,0.000,0.006,2.4,11.30,31.0,0.000,0.000,0.000,0.006,0.000,0.000,0.000,0.000,0.000,0.000,0.006,0.000,0.000,0.006,0.000,0.000,0.006,0.006
40.5048,405,0,move,-1,40.5048,40.5111,0,0.000,-0.088,0.176,-0.176,-0.088,0.088,-0.264,-0.088,0.176,0.088,-46.582,32.695,-0.088,0.264,0.000,0.000,0.439,0.176,0.000,0.000,0.000,0.000,0.000,0.000,0.000,0.000,0.000,0.000,-47.133,32.667,0.000,0.000,0.000,0.000,0.000,0.000,0.013,5.6,11.30,30.0,0.000,0.000,0.000,0.000,0.000,0.000,0.000,0.000,0.000,0.000,0.013,0.000,0.000,0.013,0.000,0.000,0.006,0.000
40.6048,406,0,move,-1,40.6048,40.6157,0,0.000,-0.088,0.176,-0.176,-0.088,0.088,-0.264,-0.088,0.176,0.088,-46.582,32.695,-0.088,0.264,0.000,0.000,0.439,0.176,0.000,0.000,0.000,0.000,0.000,0.000,0.000,0.000,0.000,0.000,-47.133,32.667,0.000,0.000,0.000,0.000,0.000,0.000,0.013,5.6,11.30,30.0,0.000,0.000,0.000,0.000,0.000,0.000,0.006,0.000,0.000,0.000,0.013,0.000,0.000,0.013,0.000,0.000,0.013,0.000
40.7048,407,0,move,-1,40.7048,40.7105,0,0.000,-0.088,0.176,-0.176,-0.088,0.088,-0.264,-0.088,0.176,0.088,-46.582,32.695,-0.088,0.264,0.000,0.000,0.439,0.176,0.000,0.000,0.000,0.000,0.000,0.000,0.000,0.000,0.000,0.000,-47.133,32.667,0.000,0.000,0.000,0.000,0.000,0.000,0.013,5.6,11.30,30.0,0.000,0.000,0.000,0.000,0.000,0.000,0.006,0.000,0.000,0.000,0.013,0.000,0.000,0.013,0.000,0.000,0.013,0.000
40.8049,408,0,move,-1,40.8049,40.8157,0,0.000,-0.088,0.176,-0.176,-0.088,0.088,-0.264,-0.088,0.176,0.088,-46.582,32.695,-0.088,0.264,0.000,0.000,0.439,0.176,0.000,0.000,0.000,0.000,0.000,0.000,0.000,0.000,0.000,0.000,-47.133,32.667,0.000,0.000,0.000,0.000,0.000,0.000,0.013,5.6,11.30,30.0,0.000,0.000,0.000,0.006,0.000,0.000,0.006,0.000,0.006,0.000,0.013,0.000,0.000,0.013,0.000,0.000,0.006,0.006
40.9049,409,0,move,-1,40.9049,40.9176,0,0.000,-0.088,0.176,-0.176,-0.088,0.088,-0.264,-0.088,0.176,0.088,-46.582,32.695,-0.088,0.264,0.000,0.000,0.439,0.176,0.000,0.000,0.000,0.000,0.000,0.000,0.000,0.000,0.000,0.000,-47.133,32.667,0.000,0.000,0.000,0.000,0.000,0.000,0.013,3.2,11.30,28.0,0.000,0.000,0.000,0.006,0.000,0.000,0.006,0.000,0.000,0.000,0.006,0.000,0.000,0.013,0.000,0.000,0.013,0.000
41.0055,410,0,move,-1,41.0055,41.1010,0,0.000,-0.088,0.176,-0.176,-0.088,0.088,-0.264,-0.088,0.176,0.088,-46.582,32.695,-0.088,0.264,0.000,0.000,0.439,0.176,0.000,0.000,0.000,0.000,0.000,0.000,0.000,0.000,0.000,0.000,-47.133,32.667,0.000,0.000,0.000,0.000,0.000,0.000,0.013,5.6,11.30,30.0,0.000,0.000,0.000,0.000,0.000,0.000,0.000,0.000,0.000,0.000,0.013,0.000,0.000,0.013,0.000,0.000,0.013,0.000
41.1090,411,0,move,-1,41.1090,41.1203,0,0.000,-0.088,0.176,-0.176,-0.088,0.088,-0.264,-0.088,0.176,0.088,-46.582,32.695,-0.088,0.264,0.000,0.000,0.439,0.176,0.000,0.000,0.000,0.000,0.000,0.000,0.000,0.000,0.000,0.000,-47.133,32.667,0.000,0.000,0.000,0.000,0.000,0.000,0.013,5.6,11.30,30.0,0.000,0.000,0.000,0.000,0.000,0.000,0.000,0.000,0.000,0.000,0.013,0.000,0.000,0.013,0.000,0.000,0.013,0.000
41.2109,412,0,move,-1,41.2109,41.2371,0,0.000,-0.088,0.176,-0.176,-0.088,0.088,-0.264,-0.088,0.176,0.088,-46.582,32.695,-0.088,0.264,0.000,0.000,0.439,0.176,0.000,0.000,0.000,0.000,0.000,0.000,0.000,0.000,0.000,0.000,-47.133,32.667,0.000,0.000,0.000,0.000,0.000,0.000,0.013,4.8,11.30,31.0,0.000,0.000,0.000,0.006,0.000,0.000,0.000,0.000,0.006,0.000,0.006,0.000,0.000,0.006,0.000,0.000,0.013,0.006
41.3048,413,0,move,-1,41.3048,41.3166,0,0.000,-0.088,0.176,-0.176,-0.088,0.088,-0.264,-0.088,0.176,0.088,-46.582,32.695,-0.088,0.264,0.000,0.000,0.439,0.176,0.000,0.000,0.000,0.000,0.000,0.000,0.000,0.000,0.000,0.000,-47.133,32.667,0.000,0.000,0.000,0.000,0.000,0.000,0.013,4.8,11.30,31.0,0.000,0.000,0.000,0.006,0.000,0.000,0.000,0.000,0.006,0.000,0.006,0.000,0.000,0.006,0.000,0.000,0.013,0.006
41.4067,414,0,move,-1,41.4067,41.4128,0,0.000,-0.088,0.176,-0.176,-0.088,0.088,-0.264,-0.088,0.176,0.088,-46.582,32.695,-0.088,0.264,0.000,0.000,0.439,0.176,0.000,0.000,0.000,0.000,0.000,0.000,0.000,0.000,0.000,0.000,-47.133,32.667,0.000,0.000,0.000,0.000,0.000,0.000,0.013,5.6,11.30,30.0,0.000,0.000,0.000,0.000,0.000,0.000,,0.000,0.000,0.000,0.013,0.000,0.000,0.013,0.000,0.000,0.013,0.000
41.5049,415,0,move,-1,41.5049,41.5196,0,0.000,-0.088,0.176,-0.176,-0.088,0.088,-0.264,-0.088,0.176,0.088,-46.582,32.695,-0.088,0.264,0.000,0.000,0.439,0.176,0.000,0.000,0.000,0.000,0.000,0.000,0.000,0.000,0.000,0.000,-47.133,32.667,0.000,0.000,0.000,0.000,0.000,0.000,0.013,5.6,11.30,30.0,0.000,0.000,0.000,0.006,0.000,0.000,0.006,0.000,0.006,0.000,0.013,0.000,0.000,0.013,0.000,0.000,0.013,0.006
41.6049,416,0,move,-1,41.6049,41.6196,0,0.000,-0.088,0.176,-0.176,-0.088,0.088,-0.264,-0.088,0.176,0.088,-46.582,32.695,-0.088,0.264,0.000,0.000,0.439,0.176,0.000,0.000,0.000,0.000,0.000,0.000,0.000,0.000,0.000,0.000,-47.133,32.667,0.000,0.000,0.000,0.000,0.000,0.000,0.013,5.6,11.30,30.0,0.000,0.000,0.000,0.006,0.000,0.000,0.006,0.000,0.006,0.000,0.013,0.000,0.000,0.013,0.000,0.000,0.013,0.006
41.7049,417,0,move,-1,41.7049,41.7178,0,0.000,-0.088,0.176,-0.176,-0.088,0.088,-0.264,-0.088,0.176,0.088,-46.582,32.695,-0.088,0.264,0.000,0.000,0.439,0.176,0.000,0.000,0.000,0.000,0.000,0.000,0.000,0.000,0.000,0.000,-47.133,32.667,0.000,0.000,0.000,0.000,0.000,0.000,0.006,2.4,11.30,32.0,0.000,0.000,0.000,0.006,0.000,0.000,0.000,0.000,0.000,0.000,0.006,0.000,0.000,0.006,0.000,0.000,0.006,0.000
41.8049,418,0,move,-1,41.8049,41.8483,0,0.000,-0.088,0.176,-0.176,-0.088,0.088,-0.264,-0.088,0.176,0.088,-46.582,32.695,-0.088,0.264,0.000,0.000,0.439,0.176,0.000,0.000,0.000,0.000,0.000,0.000,0.000,0.000,0.000,0.000,-47.133,32.667,0.000,0.000,0.000,0.000,0.000,0.000,0.013,5.6,11.30,30.0,0.000,0.000,0.000,0.000,0.000,0.000,0.006,0.000,0.000,0.000,0.013,0.000,0.000,0.006,0.000,0.000,0.006,0.000
41.9047,419,0,move,-1,41.9047,41.9156,0,0.000,-0.088,0.176,-0.176,-0.088,0.088,-0.264,-0.088,0.176,0.088,-46.582,32.695,-0.088,0.264,0.000,0.000,0.439,0.176,0.000,0.000,0.000,0.000,0.000,0.000,0.000,0.000,0.000,0.000,-47.133,32.667,0.000,0.000,0.000,0.000,0.000,0.000,0.013,5.6,11.30,30.0,0.000,0.000,0.000,0.000,0.000,0.000,0.006,0.000,0.000,0.000,0.013,0.000,0.000,0.006,0.000,0.000,0.006,0.000
42.0049,420,0,move,-1,42.0049,42.0159,0,0.000,-0.088,0.176,-0.176,-0.088,0.088,-0.264,-0.088,0.176,0.088,-46.582,32.695,-0.088,0.264,0.000,0.000,0.439,0.176,0.000,0.000,0.000,0.000,0.000,0.000,0.000,0.000,0.000,0.000,-47.233,32.716,0.000,0.000,0.000,0.000,0.000,0.000,0.013,3.2,11.30,28.0,0.000,0.000,0.000,0.000,0.000,0.000,0.000,0.000,0.006,0.000,0.006,0.000,0.000,0.013,0.000,0.000,0.006,0.000
42.1049,421,0,move,-1,42.1049,42.1165,0,0.000,-0.088,0.176,-0.176,-0.088,0.088,-0.264,-0.088,0.176,0.088,-46.582,32.695,-0.088,0.264,0.000,0.000,0.439,0.176,0.000,0.000,0.000,0.000,0.000,0.000,0.000,0.000,0.000,0.000,-47.522,32.856,0.000,0.000,0.000,0.000,0.000,0.000,0.013,6.8,11.20,30.0,0.000,0.000,0.000,0.006,0.000,0.000,0.000,0.000,0.006,0.000,0.013,0.000,0.000,0.013,0.000,0.000,0.006,0.000
42.2047,422,0,move,-1,42.2047,42.2141,0,0.000,-0.088,0.176,-0.176,-0.088,0.088,-0.264,-0.088,0.176,0.088,-47.109,32.871,-0.088,0.264,0.000,0.000,0.439,0.176,0.000,0.000,0.000,0.000,0.000,0.000,0.000,0.000,0.000,0.000,-47.971,33.071,0.000,0.000,0.000,0.000,0.000,0.000,0.013,6.8,11.20,30.0,0.000,0.000,0.000,0.006,0.000,0.000,0.000,0.000,0.006,0.000,0.013,0.000,0.000,0.013,0.000,0.000,0.006,0.000
42.3048,423,0,move,-1,42.3048,42.3158,0,0.000,-0.088,0.176,-0.176,-0.088,0.088,-0.264,-0.088,0.176,0.088,-47.461,33.047,-0.088,0.264,0.000,0.000,0.439,0.176,0.000,0.000,0.000,0.000,0.000,0.000,0.000,0.000,0.000,0.000,-48.535,33.340,0.000,0.000,0.000,0.000,0.000,0.000,0.019,8.0,11.30,30.0,0.000,0.000,0.000,0.000,0.000,0.000,0.006,0.000,0.000,0.000,0.019,0.000,0.000,0.013,0.000,0.000,0.006,0.000
42.4050,424,0,move,-1,42.4050,42.4184,0,0.000,-0.088,0.176,-0.176,-0.088,0.088,-0.264,-0.088,0.176,0.088,-47.988,33.135,-0.088,0.264,0.000,0.000,0.439,0.176,0.000,0.000,0.000,0.000,0.000,0.000,0.000,0.000,0.000,0.000,-49.154,33.634,0.000,0.000,0.000,0.000,0.000,0.000,0.013,6.8,11.30,30.0,0.000,0.000,0.000,0.000,0.000,0.000,0.006,0.000,0.006,0.000,0.013,0.006,0.000,0.006,0.000,0.000,0.013,0.000
42.5101,425,0,move,-1,42.5101,42.5376,0,0.000,-0.088,0.176,-0.176,-0.088,0.088,-0.264,-0.088,0.176,0.088,-48.604,33.662,-0.088,0.264,0.000,0.000,0.439,0.176,0.000,0.000,0.000,0.000,0.000,0.000,0.000,0.000,0.000,0.000,-49.772,33.924,0.000,0.000,0.000,0.000,0.000,0.000,0.019,9.2,11.30,30.0,0.000,0.000,0.000,0.000,0.000,0.000,0.006,0.000,0.000,0.000,0.019,0.006,0.000,0.013,0.000,0.000,0.006,0.006
42.6049,426,0,move,-1,42.6049,42.6318,0,0.000,-0.088,0.176,-0.176,-0.088,0.088,-0.264,-0.088,0.176,0.088,-49.131,33.926,-0.088,0.264,0.000,0.000,0.439,0.176,0.000,0.000,0.000,0.000,0.000,0.000,0.000,0.000,0.000,0.000,-50.327,34.182,0.000,0.000,0.000,0.000,0.000,0.000,0.019,9.2,11.30,30.0,0.000,0.000,0.000,0.000,0.000,0.000,0.006,0.000,0.000,0.000,0.019,0.006,0.000,0.013,0.000,0.000,0.006,0.006
42.7050,427,0,move,-1,42.7050,42.7167,0,0.000,-0.088,0.176,-0.176,-0.088,0.088,-0.264,-0.088,0.176,0.088,-49.658,34.014,-0.088,0.264,0.000,0.000,0.439,0.176,0.000,0.000,0.000,0.000,0.000,0.000,0.000,0.000,0.000,0.000,-50.765,34.384,0.000,0.000,0.000,0.000,0.000,0.000,0.013,7.2,11.30,30.0,0.000,0.000,0.000,0.000,0.000,0.000,0.006,0.000,0.000,0.000,0.013,0.006,0.000,0.006,0.000,0.000,0.006,0.000
42.8049,428,0,move,-1,42.8049,42.8153,0,0.000,-0.088,0.176,-0.176,-0.088,0.088,-0.264,-0.088,0.176,0.088,-50.098,34.365,-0.088,0.264,0.000,0.000,0.439,0.176,0.000,0.000,0.000,0.000,0.000,0.000,0.000,0.000,0.000,0.000,-51.045,34.512,0.000,0.000,0.000,0.000,0.000,0.000,0.013,7.2,11.30,30.0,0.000,0.000,0.000,0.000,0.000,0.000,0.006,0.000,0.000,0.000,0.013,0.006,0.000,0.006,0.000,0.000,0.006,0.000
42.9050,429,0,move,-1,42.9050,42.9175,0,0.000,-0.088,0.176,-0.176,-0.088,0.088,-0.264,-0.088,0.176,0.088,-50.537,34.365,-0.088,0.264,0.000,0.000,0.439,0.176,0.000,0.000,0.000,0.000,0.000,0.000,0.000,0.000,0.000,0.000,-51.141,34.556,0.000,0.000,0.000,0.000,0.000,0.000,0.013,3.2,11.30,28.0,0.000,0.000,0.000,0.000,0.000,0.000,0.000,0.000,0.000,0.000,0.006,0.006,0.000,0.013,0.000,0.000,0.006,0.006
43.0048,430,0,move,-1,43.0048,43.0153,0,0.000,-0.088,0.176,-0.176,-0.088,0.088,-0.264,-0.088,0.176,0.088,-50.625,34.453,-0.088,0.264,0.000,0.000,0.439,0.176,0.000,0.000,0.000,0.000,0.000,0.000,0.000,0.000,0.000,0.000,-51.141,34.556,0.000,0.000,0.000,0.000,0.000,0.000,0.013,3.2,11.30,28.0,0.000,0.000,0.000,0.000,0.000,0.000,0.000,0.000,0.000,0.000,0.006,0.006,0.000,0.013,0.000,0.000,0.006,0.006
43.1049,431,0,move,-1,43.1049,43.1162,0,0.000,-0.088,0.176,-0.176,-0.088,0.088,-0.264,-0.088,0.176,0.088,-50.625,34.453,-0.088,0.264,0.000,0.000,0.439,0.176,0.000,0.000,0.000,0.000,0.000,0.000,0.000,0.000,0.000,0.000,-51.141,34.556,0.000,0.000,0.000,0.000,0.000,0.000,0.013,3.2,11.30,28.0,0.000,0.000,0.000,0.006,0.000,0.000,0.006,0.000,0.000,0.000,0.006,0.000,0.000,0.013,0.000,0.000,0.006,0.006
43.2049,432,0,move,-1,43.2049,43.2190,0,0.000,-0.088,0.176,-0.176,-0.088,0.088,-0.264,-0.088,0.176,0.088,-50.625,34.453,-0.088,0.264,0.000,0.000,0.439,0.176,0.000,0.000,0.000,0.000,0.000,0.000,0.000,0.000,0.000,0.000,-51.141,34.556,0.000,0.000,0.000,0.000,0.000,0.000,0.006,2.4,11.30,32.0,0.000,0.000,0.000,0.006,0.000,0.000,0.000,0.000,0.000,0.000,0.006,0.000,0.000,0.006,0.000,0.000,0.006,0.006
43.3049,433,0,move,-1,43.3049,43.3174,0,0.000,-0.088,0.176,-0.176,-0.088,0.088,-0.264,-0.088,0.176,0.088,-50.625,34.453,-0.088,0.264,0.000,0.000,0.439,0.176,0.000,0.000,0.000,0.000,0.000,0.000,0.000,0.000,0.000,0.000,-51.141,34.556,0.000,0.000,0.000,0.000,0.000,0.000,0.006,2.4,11.30,32.0,0.000,0.000,0.000,0.006,0.000,0.000,0.000,0.000,0.000,0.000,0.006,0.000,0.000,0.006,0.000,0.000,0.006,0.006
43.4049,434,0,move,-1,43.4049,43.4151,0,0.000,-0.088,0.176,-0.176,-0.088,0.088,-0.264,-0.088,0.176,0.088,-50.625,34.453,-0.088,0.264,0.000,0.000,0.439,0.176,0.000,0.000,0.000,0.000,0.000,0.000,0.000,0.000,0.000,0.000,-51.141,34.556,0.000,0.000,0.000,0.000,0.000,0.000,0.013,5.6,11.30,31.0,0.000,0.000,0.000,0.000,0.000,0.000,0.000,0.000,0.006,0.000,0.013,0.000,0.000,0.013,0.000,0.000,0.006,0.006
43.5048,435,0,move,-1,43.5048,43.5159,0,0.000,-0.088,0.176,-0.176,-0.088,0.088,-0.264,-0.088,0.176,0.088,-50.625,34.453,-0.088,0.264,0.000,0.000,0.439,0.176,0.000,0.000,0.000,0.000,0.000,0.000,0.000,0.000,0.000,0.000,-51.141,34.556,0.000,0.000,0.000,0.000,0.000,0.000,0.013,5.6,11.30,30.0,0.000,0.000,0.000,0.000,0.000,0.000,0.000,0.000,0.000,0.000,0.013,0.000,0.000,0.006,0.000,0.000,0.006,0.006
43.6048,436,0,move,-1,43.6048,43.6207,0,0.000,-0.088,0.176,-0.176,-0.088,0.088,-0.264,-0.088,0.176,0.088,-50.625,34.453,-0.088,0.264,0.000,0.000,0.439,0.176,0.000,0.000,0.000,0.000,0.000,0.000,0.000,0.000,0.000,0.000,-51.141,34.556,0.000,0.000,0.000,0.000,0.000,0.000,0.013,3.2,11.30,28.0,0.000,0.000,0.000,0.000,0.000,0.000,0.000,0.000,0.000,0.000,0.006,0.000,0.000,0.013,0.000,0.000,0.006,0.000
43.7049,437,0,move,-1,43.7049,43.7169,0,0.000,-0.088,0.176,-0.176,-0.088,0.088,-0.264,-0.088,0.176,0.088,-50.625,34.453,-0.088,0.264,0.000,0.000,0.439,0.176,0.000,0.000,0.000,0.000,0.000,0.000,0.000,0.000,0.000,0.000,-51.141,34.556,0.000,0.000,0.000,0.000,0.000,0.000,0.013,3.2,11.30,28.0,0.000,0.000,0.000,0.000,0.000,0.000,0.000,0.000,0.000,0.000,0.006,0.000,0.000,0.013,0.000,0.000,0.006,0.000
43.8049,438,0,move,-1,43.8049,43.8186,0,0.000,-0.088,0.176,-0.176,-0.088,0.088,-0.264,-0.088,0.176,0.088,-50.625,34.453,-0.088,0.264,0.000,0.000,0.439,0.176,0.000,0.000,0.000,0.000,0.000,0.000,0.000,0.000,0.000,0.000,-51.141,34.556,0.000,0.000,0.000,0.000,0.000,0.000,0.013,3.2,11.30,28.0,0.000,0.000,0.000,0.006,0.000,0.000,0.006,0.000,0.000,0.000,0.006,0.000,0.006,0.013,0.000,0.000,0.006,0.000
43.9049,439,0,move,-1,43.9049,43.9182,0,0.000,-0.088,0.176,-0.176,-0.088,0.088,-0.264,-0.088,0.176,0.088,-50.625,34.453,-0.088,0.264,0.000,0.000,0.439,0.176,0.000,0.000,0.000,0.000,0.000,0.000,0.000,0.000,0.000,0.000,-51.141,34.556,0.000,0.000,0.000,0.000,0.000,0.000,0.013,3.2,11.30,28.0,0.000,0.000,0.000,0.006,0.000,0.000,0.006,0.000,0.000,0.000,0.006,0.000,0.006,0.013,0.000,0.000,0.006,0.000
44.0051,440,0,move,-1,44.0051,44.0135,0,0.000,-0.088,0.176,-0.176,-0.088,0.088,-0.264,-0.088,0.176,0.088,-50.625,34.453,-0.088,0.264,0.000,0.000,0.439,0.176,0.000,0.000,0.000,0.000,0.000,0.000,0.000,0.000,0.000,0.000,-51.141,34.556,0.000,0.000,0.000,0.000,0.000,0.000,0.013,3.6,11.30,28.0,0.000,0.000,0.000,0.000,0.000,0.000,0.000,0.000,0.000,0.000,0.006,0.000,0.000,0.013,0.000,0.000,0.006,0.006
44.1053,441,0,move,-1,44.1053,44.1606,0,0.000,-0.088,0.176,-0.176,-0.088,0.088,-0.264,-0.088,0.176,0.088,-50.625,34.453,-0.088,0.264,0.000,0.000,0.439,0.176,0.000,0.000,0.000,0.000,0.000,0.000,0.000,0.000,0.000,0.000,-51.141,34.556,0.000,0.000,0.000,0.000,0.000,0.000,0.013,5.6,11.30,30.0,0.000,0.000,0.000,0.000,0.000,0.000,0.006,0.000,0.000,0.000,0.013,0.000,0.000,0.013,0.000,0.000,0.013,0.006
44.2050,442,0,move,-1,44.2050,44.2178,0,0.000,-0.088,0.176,-0.176,-0.088,0.088,-0.264,-0.088,0.176,0.088,-50.625,34.453,-0.088,0.264,0.000,0.000,0.439,0.176,0.000,0.000,0.000,0.000,0.000,0.000,0.000,0.000,0.000,0.000,-51.141,34.556,0.000,0.000,0.000,0.000,0.000,0.000,0.013,5.6,11.30,30.0,0.000,0.000,0.000,0.000,0.000,0.000,0.006,0.000,0.000,0.000,0.013,0.000,0.000,0.013,0.000,0.000,0.013,0.006
44.3047,443,0,move,-1,44.3047,44.3148,0,0.000,-0.088,0.176,-0.176,-0.088,0.088,-0.264,-0.088,0.176,0.088,-50.625,34.453,-0.088,0.264,0.000,0.000,0.439,0.176,0.000,0.000,0.000,0.000,0.000,0.000,0.000,0.000,0.000,0.000,-51.141,34.556,0.000,0.000,0.000,0.000,0.000,0.000,0.013,3.2,11.30,28.0,0.000,0.000,0.000,0.000,0.000,0.000,0.006,0.000,0.006,0.000,0.006,0.000,0.000,0.013,0.000,0.000,0.006,0.000
44.4048,444,0,move,-1,44.4048,44.4185,0,0.000,-0.088,0.176,-0.176,-0.088,0.088,-0.264,-0.088,0.176,0.088,-50.625,34.453,-0.088,0.264,0.000,0.000,0.439,0.176,0.000,0.000,0.000,0.000,0.000,0.000,0.000,0.000,0.000,0.000,-51.141,34.556,0.000,0.000,0.000,0.000,0.000,0.000,0.013,5.6,11.30,30.0,0.000,0.000,0.000,0.000,0.000,0.000,0.000,0.000,0.000,0.000,0.013,0.000,0.000,0.006,0.000,0.000,0.006,0.000
44.5047,445,0,move,-1,44.5047,44.5170,0,0.000,-0.088,0.176,-0.176,-0.088,0.088,-0.264,-0.088,0.176,0.088,-50.625,34.453,-0.088,0.264,0.000,0.000,0.439,0.176,0.000,0.000,0.000,0.000,0.000,0.000,0.000,0.000,0.000,0.000,-51.141,34.556,0.000,0.000,0.000,0.000,0.000,0.000,0.013,5.6,11.30,30.0,0.000,0.000,0.000,0.000,0.000,0.000,0.000,0.000,0.000,0.000,0.013,0.000,0.000,0.006,0.000,0.000,0.006,0.000
44.6048,446,0,move,-1,44.6048,44.6177,0,0.000,-0.088,0.176,-0.176,-0.088,0.088,-0.264,-0.088,0.176,0.088,-50.625,34.453,-0.088,0.264,0.000,0.000,0.439,0.176,0.000,0.000,0.000,0.000,0.000,0.000,0.000,0.000,0.000,0.000,-51.141,34.556,0.000,0.000,0.000,0.000,0.000,0.000,0.013,3.2,11.30,28.0,0.000,0.000,0.000,0.000,0.000,0.000,0.000,0.000,0.000,0.000,0.006,0.000,0.000,0.013,0.000,0.000,0.006,0.000
44.7050,447,0,move,-1,44.7050,44.7555,0,0.000,-0.088,0.176,-0.176,-0.088,0.088,-0.264,-0.088,0.176,0.088,-50.625,34.453,-0.088,0.264,0.000,0.000,0.439,0.176,0.000,0.000,0.000,0.000,0.000,0.000,0.000,0.000,0.000,0.000,-51.141,34.556,0.000,0.000,0.000,0.000,0.000,0.000,0.013,5.6,11.30,31.0,0.000,0.000,0.000,0.006,0.000,0.000,0.006,0.000,0.000,0.000,0.013,0.000,0.000,0.013,0.000,0.000,0.013,0.006
44.8049,448,0,move,-1,44.8049,44.8165,0,0.000,-0.088,0.176,-0.176,-0.088,0.088,-0.264,-0.088,0.176,0.088,-50.625,34.453,-0.088,0.264,0.000,0.000,0.439,0.176,0.000,0.000,0.000,0.000,0.000,0.000,0.000,0.000,0.000,0.000,-51.141,34.556,0.000,0.000,0.000,0.000,0.000,0.000,0.013,5.6,11.30,31.0,0.000,0.000,0.000,0.006,0.000,0.000,0.006,0.000,0.000,0.000,0.013,0.000,0.000,0.013,0.000,0.000,0.013,0.006
44.9048,449,0,move,-1,44.9048,44.9108,0,0.000,-0.088,0.176,-0.176,-0.088,0.088,-0.264,-0.088,0.176,0.088,-50.625,34.453,-0.088,0.264,0.000,0.000,0.439,0.176,0.000,0.000,0.000,0.000,0.000,0.000,0.000,0.000,0.000,0.000,-51.141,34.556,0.000,0.000,0.000,0.000,0.000,0.000,0.013,4.8,11.30,31.0,0.000,0.000,0.000,0.006,0.000,0.000,0.006,0.000,0.000,0.000,0.006,0.000,0.000,0.006,0.000,0.000,0.013,0.006
45.0050,450,0,move,-1,45.0050,45.0251,0,0.000,-0.088,0.176,-0.176,-0.088,0.088,-0.264,-0.088,0.176,0.088,-50.625,34.453,-0.088,0.264,0.000,0.000,0.439,0.176,0.000,0.000,0.000,0.000,0.000,0.000,0.000,0.000,0.000,0.000,-51.141,34.556,0.000,0.000,0.000,0.000,0.000,0.000,0.013,3.2,11.30,28.0,0.000,0.000,0.006,0.000,0.000,0.000,0.000,0.000,0.006,0.000,0.006,0.000,0.000,0.013,0.000,0.000,0.006,0.000
45.1148,451,0,move,-1,45.1148,45.1263,0,0.000,-0.088,0.176,-0.176,-0.088,0.088,-0.264,-0.088,0.176,0.088,-50.625,34.453,-0.088,0.264,0.000,0.000,0.439,0.176,0.000,0.000,0.000,0.000,0.000,0.000,0.000,0.000,0.000,0.000,-51.141,34.556,0.000,0.000,0.000,0.000,0.000,0.000,0.006,5.6,11.30,30.0,0.000,0.000,0.000,0.000,0.000,0.000,0.000,0.000,0.000,0.000,0.006,0.000,0.000,0.006,0.000,0.000,0.006,0.000
45.2048,452,0,move,-1,45.2048,45.2164,0,0.000,-0.088,0.176,-0.176,-0.088,0.088,-0.264,-0.088,0.176,0.088,-50.625,34.453,-0.088,0.264,0.000,0.000,0.439,0.176,0.000,0.000,0.000,0.000,0.000,0.000,0.000,0.000,0.000,0.000,-51.141,34.556,0.000,0.000,0.000,0.000,0.000,0.000,0.006,5.6,11.30,30.0,0.000,0.000,0.000,0.000,0.000,0.000,0.000,0.000,0.000,0.000,0.006,0.000,0.000,0.006,0.000,0.000,0.006,0.000
45.3049,453,0,move,-1,45.3049,45.3160,0,0.000,-0.088,0.176,-0.176,-0.088,0.088,-0.264,-0.088,0.176,0.088,-50.625,34.453,-0.088,0.264,0.000,0.000,0.439,0.176,0.000,0.000,0.000,0.000,0.000,0.000,0.000,0.000,0.000,0.000,-51.141,34.556,0.000,0.000,0.000,0.000,0.000,0.000,0.013,5.6,11.30,30.0,0.000,0.000,0.006,0.000,0.000,0.000,0.000,0.000,0.006,0.000,0.013,0.000,0.000,0.013,0.000,0.000,0.006,0.000
45.4049,454,0,move,-1,45.4049,45.4188,0,0.000,-0.088,0.176,-0.176,-0.088,0.088,-0.264,-0.088,0.176,0.088,-50.625,34.453,-0.088,0.264,0.000,0.000,0.439,0.176,0.000,0.000,0.000,0.000,0.000,0.000,0.000,0.000,0.000,0.000,-51.141,34.556,0.000,0.000,0.000,0.000,0.000,0.000,0.013,5.6,11.30,30.0,0.000,0.000,0.000,0.000,0.000,0.000,0.006,0.000,0.006,0.000,0.013,0.000,0.000,0.006,0.000,0.000,0.006,0.000
45.5048,455,0,move,-1,45.5048,45.5875,0,0.000,-0.088,0.176,-0.176,-0.088,0.088,-0.264,-0.088,0.176,0.088,-50.625,34.453,-0.088,0.264,0.000,0.000,0.439,0.176,0.000,0.000,0.000,0.000,0.000,0.000,0.000,0.000,0.000,0.000,-51.141,34.556,0.000,0.000,0.000,0.000,0.000,0.000,0.006,3.2,11.30,32.0,0.000,0.000,0.000,0.000,0.000,0.000,0.006,0.000,0.006,0.000,0.006,0.000,0.000,0.006,0.000,0.000,0.006,0.000
45.6049,456,0,move,-1,45.6049,45.6158,0,0.000,-0.088,0.176,-0.176,-0.088,0.088,-0.264,-0.088,0.176,0.088,-50.625,34.453,-0.088,0.264,0.000,0.000,0.439,0.176,0.000,0.000,0.000,0.000,0.000,0.000,0.000,0.000,0.000,0.000,-51.141,34.556,0.000,0.000,0.000,0.000,0.000,0.000,0.006,3.2,11.30,32.0,0.000,0.000,0.000,0.000,0.000,0.000,0.006,0.000,0.006,0.000,0.006,0.000,0.000,0.006,0.000,0.000,0.006,0.000
45.7051,457,0,move,-1,45.7051,45.7158,0,0.000,-0.088,0.176,-0.176,-0.088,0.088,-0.264,-0.088,0.176,0.088,-50.625,34.453,-0.088,0.264,0.000,0.000,0.439,0.176,0.000,0.000,0.000,0.000,0.000,0.000,0.000,0.000,0.000,0.000,-51.141,34.556,0.000,0.000,0.000,0.000,0.000,0.000,0.013,3.2,11.30,28.0,0.000,0.000,0.000,0.000,0.000,0.000,0.000,0.000,0.000,0.000,0.006,0.000,0.000,0.013,0.000,0.000,0.006,0.000
45.8048,458,0,move,-1,45.8048,45.8183,0,0.000,-0.088,0.176,-0.176,-0.088,0.088,-0.264,-0.088,0.176,0.088,-50.625,34.453,-0.088,0.264,0.000,0.000,0.439,0.176,0.000,0.000,0.000,0.000,0.000,0.000,0.000,0.000,0.000,0.000,-51.141,34.556,0.000,0.000,0.000,0.000,0.000,0.000,0.013,5.6,11.30,30.0,0.000,0.000,0.000,0.000,0.000,0.000,0.000,0.000,0.000,0.000,0.013,0.000,0.000,0.013,0.000,0.000,0.006,0.006
45.9066,459,0,move,-1,45.9066,45.9151,0,0.000,-0.088,0.176,-0.176,-0.088,0.088,-0.264,-0.088,0.176,0.088,-50.625,34.453,-0.088,0.264,0.000,0.000,0.439,0.176,0.000,0.000,0.000,0.000,0.000,0.000,0.000,0.000,0.000,0.000,-51.141,34.556,0.000,0.000,0.000,0.000,0.000,0.000,0.013,5.6,11.30,30.0,0.000,0.000,0.000,0.000,0.000,0.000,0.000,0.000,0.000,0.000,0.013,0.000,0.000,0.013,0.000,0.000,0.006,0.006
46.0196,460,0,move,-1,46.0196,46.0315,0,0.000,-0.088,0.176,-0.176,-0.088,0.088,-0.264,-0.088,0.176,0.088,-50.625,34.453,-0.088,0.264,0.000,0.000,0.439,0.176,0.000,0.000,0.000,0.000,0.000,0.000,0.000,0.000,0.000,0.000,-51.045,34.512,0.000,0.000,0.000,0.000,0.000,0.000,0.013,5.6,11.30,31.0,0.000,0.000,0.000,0.006,0.000,0.000,0.006,0.000,0.006,0.000,0.013,0.000,0.000,0.013,0.000,0.000,0.006,0.006
46.1049,461,0,move,-1,46.1049,46.1173,0,0.000,-0.088,0.176,-0.176,-0.088,0.088,-0.264,-0.088,0.176,0.088,-50.625,34.453,-0.088,0.264,0.000,0.000,0.439,0.176,0.000,0.000,0.000,0.000,0.000,0.000,0.000,0.000,0.000,0.000,-50.765,34.384,0.000,0.000,0.000,0.000,0.000,0.000,0.013,5.6,11.30,31.0,0.000,0.000,0.000,0.006,0.000,0.000,0.006,0.000,0.006,0.000,0.013,0.000,0.000,0.013,0.000,0.000,0.006,0.006
46.2049,462,0,move,-1,46.2049,46.2194,0,0.000,-0.088,0.176,-0.176,-0.088,0.088,-0.264,-0.088,0.176,0.088,-50.625,34.453,-0.088,0.264,0.000,0.000,0.439,0.176,0.000,0.000,0.000,0.000,0.000,0.000,0.000,0.000,0.000,0.000,-50.327,34.182,0.000,0.000,0.000,0.000,0.000,0.000,0.006,2.4,11.30,31.0,0.000,0.000,0.000,0.006,0.000,0.000,0.006,0.000,0.006,0.000,0.000,0.000,0.000,0.006,0.000,0.006,0.006,0.000
46.3047,463,0,move,-1,46.3047,46.3205,0,0.000,-0.088,0.176,-0.176,-0.088,0.088,-0.264,-0.088,0.176,0.088,-50.537,34.189,-0.088,0.264,0.000,0.000,0.439,0.176,0.000,0.000,0.000,0.000,0.000,0.000,0.000,0.000,0.000,0.000,-49.772,33.924,0.000,0.000,0.000,0.000,0.000,0.000,0.000,0.0,11.30,31.0,0.000,0.000,0.000,0.000,0.000,0.000,0.000,0.000,0.000,0.000,0.000,0.000,0.000,0.000,0.000,0.000,0.000,0.000
46.4049,464,0,move,-1,46.4049,46.4174,0,0.000,-0.088,0.176,-0.176,-0.088,0.088,-0.264,-0.088,0.176,0.088,-50.361,34.014,-0.088,0.264,0.000,0.000,0.439,0.176,0.000,0.000,0.000,0.000,0.000,0.000,0.000,0.000,0.000,0.000,-49.154,33.634,0.000,0.000,0.000,0.000,0.000,0.000,0.000,0.0,11.30,31.0,0.000,0.000,0.000,0.000,0.000,0.000,0.000,0.000,0.000,0.000,0.000,0.000,0.000,0.000,0.000,0.000,0.000,0.000
46.5049,465,0,move,-1,46.5049,46.5196,0,0.000,-0.088,0.176,-0.176,-0.088,0.088,-0.264,-0.088,0.176,0.088,-49.570,33.662,-0.088,0.264,0.000,0.000,0.439,0.176,0.000,0.000,0.000,0.000,0.000,0.000,0.000,0.000,0.000,0.000,-48.535,33.340,0.000,0.000,0.000,0.000,0.000,0.000,0.013,4.8,11.30,31.0,0.000,0.000,0.000,0.006,0.000,0.000,0.006,0.000,0.000,0.000,0.000,0.006,0.000,0.006,0.000,0.000,0.013,0.000
46.6140,466,0,move,-1,46.6140,46.6253,0,0.000,-0.088,0.176,-0.176,-0.088,0.088,-0.264,-0.088,0.176,0.088,-48.955,33.398,-0.088,0.264,0.000,0.000,0.439,0.176,0.000,0.000,0.000,0.000,0.000,0.000,0.000,0.000,0.000,0.000,-47.971,33.071,0.000,0.000,0.000,0.000,0.000,0.000,0.013,3.2,11.30,28.0,0.006,0.000,0.000,0.000,0.000,0.000,0.006,0.000,0.000,0.000,0.000,0.000,0.000,0.013,0.000,0.000,0.013,0.006
46.7048,467,0,move,-1,46.7048,46.7149,0,0.000,-0.088,0.176,-0.176,-0.088,0.088,-0.264,-0.088,0.176,0.088,-48.340,33.135,-0.088,0.264,0.000,0.000,0.439,0.176,0.000,0.000,0.000,0.000,0.000,0.000,0.000,0.000,0.000,0.000,-47.522,32.856,0.000,0.000,0.000,0.000,0.000,0.000,0.013,3.2,11.30,28.0,0.006,0.000,0.000,0.000,0.000,0.000,0.006,0.000,0.000,0.000,0.000,0.000,0.000,0.013,0.000,0.000,0.013,0.006
46.8049,468,0,move,-1,46.8049,46.8153,0,0.000,-0.088,0.176,-0.176,-0.088,0.088,-0.264,-0.088,0.176,0.088,-47.900,32.959,-0.088,0.264,0.000,0.000,0.439,0.176,0.000,0.000,0.000,0.000,0.000,0.000,0.000,0.000,0.000,0.000,-47.233,32.716,0.000,0.000,0.000,0.000,0.000,0.000,0.006,3.6,11.30,30.0,0.000,0.000,0.000,0.000,0.000,0.000,0.000,0.000,0.000,0.000,0.006,0.006,0.000,0.006,0.000,0.000,0.006,0.000
46.9049,469,0,move,-1,46.9049,46.9147,0,0.000,-0.088,0.176,-0.176,-0.088,0.088,-0.264,-0.088,0.176,0.088,-47.373,32.695,-0.088,0.264,0.000,0.000,0.439,0.176,0.000,0.000,0.000,0.000,0.000,0.000,0.000,0.000,0.000,0.000,-47.133,32.667,0.000,0.000,0.000,0.000,0.000,0.000,0.006,3.6,11.30,30.0,0.000,0.000,0.000,0.000,0.000,0.000,0.000,0.000,0.000,0.000,0.006,0.006,0.000,0.006,0.000,0.000,0.006,0.000
47.0049,470,0,move,-1,47.0049,47.0159,0,0.000,-0.088,0.176,-0.176,-0.088,0.088,-0.264,-0.088,0.176,0.088,-47.285,32.783,-0.088,0.264,0.000,0.000,0.439,0.176,0.000,0.000,0.000,0.000,0.000,0.000,0.000,0.000,0.000,0.000,-47.133,32.667,0.000,0.000,0.000,0.000,0.000,0.000,0.006,2.4,11.30,32.0,0.000,0.000,0.006,0.000,0.000,0.000,0.006,0.000,0.006,0.000,0.000,0.000,0.000,0.006,0.000,0.000,0.006,0.000
47.1065,471,0,move,-1,47.1065,47.1467,0,0.000,-0.088,0.176,-0.176,-0.088,0.088,-0.264,-0.088,0.176,0.088,-47.285,32.783,-0.088,0.264,0.000,0.000,0.439,0.176,0.000,0.000,0.000,0.000,0.000,0.000,0.000,0.000,0.000,0.000,-47.133,32.667,0.000,0.000,0.000,0.000,0.000,0.000,0.006,2.4,11.30,32.0,0.000,0.000,0.000,0.006,0.000,0.000,0.006,0.000,0.000,0.000,0.000,0.000,0.000,0.006,0.000,0.000,0.006,0.006
47.2048,472,0,move,-1,47.2048,47.2319,0,0.000,-0.088,0.176,-0.176,-0.088,0.088,-0.264,-0.088,0.176,0.088,-47.285,32.783,-0.088,0.264,0.000,0.000,0.439,0.176,0.000,0.000,0.000,0.000,0.000,0.000,0.000,0.000,0.000,0.000,-47.133,32.667,0.000,0.000,0.000,0.000,0.000,0.000,0.006,2.4,11.30,32.0,0.000,0.000,0.000,0.006,0.000,0.000,0.006,0.000,0.000,0.000,0.000,0.000,0.000,0.006,0.000,0.000,0.006,0.006
47.3048,473,0,move,-1,47.3048,47.3169,0,0.000,-0.088,0.176,-0.176,-0.088,0.088,-0.264,-0.088,0.176,0.088,-47.285,32.783,-0.088,0.264,0.000,0.000,0.439,0.176,0.000,0.000,0.000,0.000,0.000,0.000,0.000,0.000,0.000,0.000,-47.133,32.667,0.000,0.000,0.000,0.000,0.000,0.000,0.013,3.2,11.30,28.0,0.000,0.000,0.000,0.006,0.000,0.000,0.000,0.000,0.000,0.000,0.000,0.000,0.000,0.013,0.000,0.000,0.006,0.000
47.4047,474,0,move,-1,47.4047,47.4180,0,0.000,-0.088,0.176,-0.176,-0.088,0.088,-0.264,-0.088,0.176,0.088,-47.285,32.783,-0.088,0.264,0.000,0.000,0.439,0.176,0.000,0.000,0.000,0.000,0.000,0.000,0.000,0.000,0.000,0.000,-47.133,32.667,0.000,0.000,0.000,0.000,0.000,0.000,0.013,3.2,11.30,28.0,0.000,0.000,0.000,0.000,0.000,0.000,0.000,0.000,0.006,0.000,0.000,0.000,0.000,0.013,0.000,0.000,0.006,0.000
47.5167,475,0,move,-1,47.5167,47.5422,0,0.000,-0.088,0.176,-0.176,-0.088,0.088,-0.264,-0.088,0.176,0.088,-47.285,32.783,-0.088,0.264,0.000,0.000,0.439,0.176,0.000,0.000,0.000,0.000,0.000,0.000,0.000,0.000,0.000,0.000,-47.133,32.667,0.000,0.000,0.000,0.000,0.000,0.000,0.006,2.4,11.30,32.0,0.000,0.000,0.006,0.000,0.000,0.000,0.000,0.000,0.000,0.000,0.006,0.000,0.000,0.006,0.000,0.000,0.006,0.006
47.6049,476,0,move,-1,47.6049,47.6148,0,0.000,-0.088,0.176,-0.176,-0.088,0.088,-0.264,-0.088,0.176,0.088,-47.285,32.783,-0.088,0.264,0.000,0.000,0.439,0.176,0.000,0.000,0.000,0.000,0.000,0.000,0.000,0.000,0.000,0.000,-47.133,32.667,0.000,0.000,0.000,0.000,0.000,0.000,0.006,2.4,11.30,32.0,0.000,0.000,0.006,0.000,0.000,0.000,0.000,0.000,0.000,0.000,0.006,0.000,0.000,0.006,0.000,0.000,0.006,0.006
47.7050,477,0,move,-1,47.7050,47.7167,0,0.000,-0.088,0.176,-0.176,-0.088,0.088,-0.264,-0.088,0.176,0.088,-47.285,32.783,-0.088,0.264,0.000,0.000,0.439,0.176,0.000,0.000,0.000,0.000,0.000,0.000,0.000,0.000,0.000,0.000,-47.133,32.667,0.000,0.000,0.000,0.000,0.000,0.000,0.013,3.2,11.30,28.0,0.000,0.000,0.000,0.000,0.000,0.000,0.006,0.000,0.006,0.000,0.000,0.000,0.000,0.013,0.000,0.000,0.006,0.006
47.8049,478,0,move,-1,47.8049,47.8185,0,0.000,-0.088,0.176,-0.176,-0.088,0.088,-0.264,-0.088,0.176,0.088,-47.285,32.783,-0.088,0.264,0.000,0.000,0.439,0.176,0.000,0.000,0.000,0.000,0.000,0.000,0.000,0.000,0.000,0.000,-47.133,32.667,0.000,0.000,0.000,0.000,0.000,0.000,0.013,3.2,11.30,28.0,0.000,0.000,0.000,0.000,0.000,0.000,0.006,0.000,0.006,0.000,0.000,0.000,0.000,0.013,0.000,0.000,0.013,0.000
47.9049,479,0,move,-1,47.9049,47.9153,0,0.000,-0.088,0.176,-0.176,-0.088,0.088,-0.264,-0.088,0.176,0.088,-47.285,32.783,-0.088,0.264,0.000,0.000,0.439,0.176,0.000,0.000,0.000,0.000,0.000,0.000,0.000,0.000,0.000,0.000,-47.133,32.667,0.000,0.000,0.000,0.000,0.000,0.000,0.013,3.2,11.30,28.0,0.000,0.000,0.000,0.000,0.000,0.000,0.006,0.000,0.006,0.000,0.000,0.000,0.000,0.013,0.000,0.000,0.013,0.000
48.0055,480,0,move,-1,48.0055,48.0123,0,0.000,-0.088,0.176,-0.176,-0.088,0.088,-0.264,-0.088,0.176,0.088,-47.285,32.783,-0.088,0.264,0.000,0.000,0.439,0.176,0.000,0.000,0.000,0.000,0.000,0.000,0.000,0.000,0.000,0.000,-47.133,32.667,0.000,0.000,0.000,0.000,0.000,0.000,0.013,3.2,11.30,28.0,0.000,0.000,0.000,0.000,0.000,0.000,0.000,0.000,0.000,0.000,0.006,0.000,0.000,0.013,0.000,0.000,0.006,0.000
48.1048,481,0,move,-1,48.1048,48.1166,0,0.000,-0.088,0.176,-0.176,-0.088,0.088,-0.264,-0.088,0.176,0.088,-47.285,32.783,-0.088,0.264,0.000,0.000,0.439,0.176,0.000,0.000,0.000,0.000,0.000,0.000,0.000,0.000,0.000,0.000,-47.133,32.667,0.000,0.000,0.000,0.000,0.000,0.000,0.006,2.4,11.30,31.0,0.000,0.000,0.000,0.006,0.000,0.000,0.006,0.000,0.000,0.000,0.006,0.000,0.000,0.006,0.000,0.000,0.006,0.000
48.2049,482,0,move,-1,48.2049,48.2153,0,0.000,-0.088,0.176,-0.176,-0.088,0.088,-0.264,-0.088,0.176,0.088,-47.285,32.783,-0.088,0.264,0.000,0.000,0.439,0.176,0.000,0.000,0.000,0.000,0.000,0.000,0.000,0.000,0.000,0.000,-47.133,32.667,0.000,0.000,0.000,0.000,0.000,0.000,0.006,2.4,11.30,31.0,0.000,0.000,0.000,0.006,0.000,0.000,0.006,0.000,0.000,0.000,0.006,0.000,0.000,0.006,0.000,0.000,0.006,0.000
48.3049,483,0,move,-1,48.3049,48.3170,0,0.000,-0.088,0.176,-0.176,-0.088,0.088,-0.264,-0.088,0.176,0.088,-47.285,32.783,-0.088,0.264,0.000,0.000,0.439,0.176,0.000,0.000,0.000,0.000,0.000,0.000,0.000,0.000,0.000,0.000,-47.133,32.667,0.000,0.000,0.000,0.000,0.000,0.000,0.013,3.2,11.30,28.0,0.000,0.000,0.000,0.000,0.000,0.000,0.006,0.000,0.000,0.000,0.000,0.000,0.000,0.013,0.000,0.000,0.006,0.006
48.4048,484,0,move,-1,48.4048,48.4163,0,0.000,-0.088,0.176,-0.176,-0.088,0.088,-0.264,-0.088,0.176,0.088,-47.285,32.783,-0.088,0.264,0.000,0.000,0.439,0.176,0.000,0.000,0.000,0.000,0.000,0.000,0.000,0.000,0.000,0.000,-47.133,32.667,0.000,0.000,0.000,0.000,0.000,0.000,0.013,3.2,11.30,28.0,0.000,0.000,0.000,0.000,0.000,0.000,0.006,0.000,0.000,0.000,0.000,0.000,0.000,0.013,0.000,0.000,0.006,0.006
48.5049,485,0,move,-1,48.5049,48.5153,0,0.000,-0.088,0.176,-0.176,-0.088,0.088,-0.264,-0.088,0.176,0.088,-47.285,32.783,-0.088,0.264,0.000,0.000,0.439,0.176,0.000,0.000,0.000,0.000,0.000,0.000,0.000,0.000,0.000,0.000,-47.133,32.667,0.000,0.000,0.000,0.000,0.000,0.000,0.006,2.4,11.30,32.0,0.000,0.000,0.000,0.000,0.000,0.000,0.000,0.000,0.006,0.000,0.006,0.000,0.000,0.006,0.000,0.000,0.006,0.006
48.6053,486,0,move,-1,48.6053,48.6163,0,0.000,-0.088,0.176,-0.176,-0.088,0.088,-0.264,-0.088,0.176,0.088,-47.285,32.783,-0.088,0.264,0.000,0.000,0.439,0.176,0.000,0.000,0.000,0.000,0.000,0.000,0.000,0.000,0.000,0.000,-47.133,32.667,0.000,0.000,0.000,0.000,0.000,0.000,0.013,3.2,11.30,28.0,0.000,0.000,0.000,0.006,0.000,0.000,0.006,0.000,0.006,0.000,0.000,0.000,0.000,0.013,0.000,0.000,0.006,0.000
48.7055,487,0,move,-1,48.7055,48.7348,0,0.000,-0.088,0.176,-0.176,-0.088,0.088,-0.264,-0.088,0.176,0.088,-47.285,32.783,-0.088,0.264,0.000,0.000,0.439,0.176,0.000,0.000,0.000,0.000,0.000,0.000,0.000,0.000,0.000,0.000,-47.133,32.667,0.000,0.000,0.000,0.000,0.000,0.000,0.013,3.2,11.30,28.0,0.000,0.000,0.000,0.000,0.000,0.000,0.006,0.000,0.000,0.000,0.000,0.000,0.000,0.013,0.000,0.000,0.006,0.006
48.8047,488,0,move,-1,48.8047,48.8155,0,0.000,-0.088,0.176,-0.176,-0.088,0.088,-0.264,-0.088,0.176,0.088,-47.285,32.783,-0.088,0.264,0.000,0.000,0.439,0.176,0.000,0.000,0.000,0.000,0.000,0.000,0.000,0.000,0.000,0.000,-47.133,32.667,0.000,0.000,0.000,0.000,0.000,0.000,0.013,3.2,11.30,28.0,0.000,0.000,0.000,0.000,0.000,0.000,0.006,0.000,0.000,0.000,0.000,0.000,0.000,0.013,0.000,0.000,0.006,0.006
48.9048,489,0,move,-1,48.9048,48.9163,0,0.000,-0.088,0.176,-0.176,-0.088,0.088,-0.264,-0.088,0.176,0.088,-47.285,32.783,-0.088,0.264,0.000,0.000,0.439,0.176,0.000,0.000,0.000,0.000,0.000,0.000,0.000,0.000,0.000,0.000,-47.133,32.667,0.000,0.000,0.000,0.000,0.000,0.000,0.013,3.2,11.30,28.0,0.000,0.000,0.006,0.000,0.000,0.000,0.006,0.000,0.006,0.006,0.006,0.000,0.000,0.013,0.000,0.000,0.006,0.000
49.0049,490,0,move,-1,49.0049,49.0188,0,0.000,-0.088,0.176,-0.176,-0.088,0.088,-0.264,-0.088,0.176,0.088,-47.285,32.783,-0.088,0.264,0.000,0.000,0.439,0.176,0.000,0.000,0.000,0.000,0.000,0.000,0.000,0.000,0.000,0.000,-47.133,32.667,0.000,0.000,0.000,0.000,0.000,0.000,0.013,3.2,11.30,28.0,0.000,0.000,0.000,0.000,0.000,0.000,0.000,0.000,0.006,0.000,0.000,0.000,0.000,0.013,0.000,0.000,0.013,0.006
49.1049,491,0,move,-1,49.1049,49.1163,0,0.000,-0.088,0.176,-0.176,-0.088,0.088,-0.264,-0.088,0.176,0.088,-47.285,32.783,-0.088,0.264,0.000,0.000,0.439,0.176,0.000,0.000,0.000,0.000,0.000,0.000,0.000,0.000,0.000,0.000,-47.133,32.667,0.000,0.000,0.000,0.000,0.000,0.000,0.013,3.2,11.30,28.0,0.000,0.000,0.000,0.000,0.000,0.000,0.000,0.000,0.006,0.000,0.000,0.000,0.000,0.013,0.000,0.000,0.013,0.006
49.2049,492,0,move,-1,49.2049,49.2187,0,0.000,-0.088,0.176,-0.176,-0.088,0.088,-0.264,-0.088,0.176,0.088,-47.285,32.783,-0.088,0.264,0.000,0.000,0.439,0.176,0.000,0.000,0.000,0.000,0.000,0.000,0.000,0.000,0.000,0.000,-47.133,32.667,0.000,0.000,0.000,0.000,0.000,0.000,0.006,3.2,11.30,32.0,0.000,0.000,0.000,0.000,0.000,0.000,0.006,0.000,0.000,0.000,0.006,0.000,0.000,0.006,0.000,0.000,0.006,0.006
49.3049,493,0,move,-1,49.3049,49.3155,0,0.000,-0.088,0.176,-0.176,-0.088,0.088,-0.264,-0.088,0.176,0.088,-47.285,32.783,-0.088,0.264,0.000,0.000,0.439,0.176,0.000,0.000,0.000,0.000,0.000,0.000,0.000,0.000,0.000,0.000,-47.133,32.667,0.000,0.000,0.000,0.000,0.000,0.000,0.006,3.2,11.30,32.0,0.000,0.000,0.000,0.000,0.000,0.000,0.006,0.000,0.000,0.000,0.006,0.000,0.000,0.006,0.000,0.000,0.006,0.006
49.4178,494,0,move,-1,49.4178,49.4274,0,0.000,-0.088,0.176,-0.176,-0.088,0.088,-0.264,-0.088,0.176,0.088,-47.285,32.783,-0.088,0.264,0.000,0.000,0.439,0.176,0.000,0.000,0.000,0.000,0.000,0.000,0.000,0.000,0.000,0.000,-47.133,32.667,0.000,0.000,0.000,0.000,0.000,0.000,0.006,3.2,11.30,32.0,0.000,0.000,0.000,0.000,0.000,0.000,0.006,0.000,0.000,0.000,0.000,0.000,0.000,0.006,0.000,0.000,0.006,0.000
49.5047,495,0,move,-1,49.5047,49.5160,0,0.000,-0.088,0.176,-0.176,-0.088,0.088,-0.264,-0.088,0.176,0.088,-47.285,32.783,-0.088,0.264,0.000,0.000,0.439,0.176,0.000,0.000,0.000,0.000,0.000,0.000,0.000,0.000,0.000,0.000,-47.133,32.667,0.000,0.000,0.000,0.000,0.000,0.000,0.006,3.2,11.30,32.0,0.000,0.000,0.000,0.000,0.000,0.000,0.006,0.000,0.000,0.000,0.000,0.000,0.000,0.006,0.000,0.000,0.006,0.000
49.6049,496,0,move,-1,49.6049,49.6196,0,0.000,-0.088,0.176,-0.176,-0.088,0.088,-0.264,-0.088,0.176,0.088,-47.285,32.783,-0.088,0.264,0.000,0.000,0.439,0.176,0.000,0.000,0.000,0.000,0.000,0.000,0.000,0.000,0.000,0.000,-47.133,32.667,0.000,0.000,0.000,0.000,0.000,0.000,0.006,3.2,11.30,28.0,0.000,0.000,0.000,0.000,0.000,0.000,0.000,0.000,0.000,0.000,0.000,0.000,0.000,0.006,0.000,0.000,0.006,0.006
49.7047,497,0,move,-1,49.7047,49.7148,0,0.000,-0.088,0.176,-0.176,-0.088,0.088,-0.264,-0.088,0.176,0.088,-47.285,32.783,-0.088,0.264,0.000,0.000,0.439,0.176,0.000,0.000,0.000,0.000,0.000,0.000,0.000,0.000,0.000,0.000,-47.133,32.667,0.000,0.000,0.000,0.000,0.000,0.000,0.006,3.2,11.30,28.0,0.000,0.000,0.000,0.000,0.000,0.000,0.000,0.000,0.000,0.000,0.000,0.000,0.000,0.006,0.000,0.000,0.006,0.006
49.8049,498,0,move,-1,49.8049,49.8157,0,0.000,-0.088,0.176,-0.176,-0.088,0.088,-0.264,-0.088,0.176,0.088,-47.285,32.783,-0.088,0.264,0.000,0.000,0.439,0.176,0.000,0.000,0.000,0.000,0.000,0.000,0.000,0.000,0.000,0.000,-47.133,32.667,0.000,0.000,0.000,0.000,0.000,0.000,0.006,3.2,11.30,32.0,0.000,0.000,0.000,0.000,0.000,0.000,0.006,0.000,0.000,0.000,0.000,0.000,0.000,0.006,0.000,0.000,0.006,0.000
49.9048,499,0,move,-1,49.9048,49.9106,0,0.000,-0.088,0.176,-0.176,-0.088,0.088,-0.264,-0.088,0.176,0.088,-47.285,32.783,-0.088,0.264,0.000,0.000,0.439,0.176,0.000,0.000,0.000,0.000,0.000,0.000,0.000,0.000,0.000,0.000,-47.133,32.667,0.000,0.000,0.000,0.000,0.000,0.000,0.006,3.2,11.30,32.0,0.000,0.000,0.000,0.000,0.000,0.000,0.006,0.000,0.000,0.000,0.000,0.000,0.000,0.006,0.000,0.000,0.006,0.000
50.0049,500,0,move,-1,50.0049,50.0178,0,0.000,-0.088,0.176,-0.176,-0.088,0.088,-0.264,-0.088,0.176,0.088,-47.285,32.783,-0.088,0.264,0.000,0.000,0.439,0.176,0.000,0.000,0.000,0.000,0.000,0.000,0.000,0.000,0.000,0.000,-47.033,32.619,0.000,0.000,0.000,0.000,0.000,0.000,0.006,3.2,11.30,32.0,0.000,0.000,0.000,0.000,0.000,0.000,0.006,0.000,0.000,0.000,0.006,0.000,0.000,0.006,0.000,0.000,0.006,0.006
50.1049,501,0,move,-1,50.1049,50.1153,0,0.000,-0.088,0.176,-0.176,-0.088,0.088,-0.264,-0.088,0.176,0.088,-47.197,32.695,-0.088,0.264,0.000,0.000,0.439,0.176,0.000,0.000,0.000,0.000,0.000,0.000,0.000,0.000,0.000,0.000,-46.742,32.477,0.000,0.000,0.000,0.000,0.000,0.000,0.006,3.2,11.30,32.0,0.000,0.000,0.000,0.000,0.000,0.000,0.006,0.000,0.000,0.000,0.006,0.000,0.000,0.006,0.000,0.000,0.006,0.006
50.2050,502,0,move,-1,50.2050,50.2232,0,0.000,-0.088,0.176,-0.176,-0.088,0.088,-0.264,-0.088,0.176,0.088,-47.109,32.520,-0.088,0.264,0.000,0.000,0.439,0.176,0.000,0.000,0.000,0.000,0.000,0.000,0.000,0.000,0.000,0.000,-46.288,32.255,0.000,0.000,0.000,0.000,0.000,0.000,0.013,3.2,11.30,28.0,0.000,0.000,0.000,0.006,0.000,0.000,0.000,0.000,0.000,0.000,0.006,0.006,0.000,0.013,0.000,0.000,0.006,0.000
50.3048,503,0,move,-1,50.3048,50.3170,0,0.000,-0.088,0.176,-0.176,-0.088,0.088,-0.264,-0.088,0.176,0.088,-46.758,32.256,-0.088,0.264,0.000,0.000,0.439,0.176,0.000,0.000,0.000,0.000,0.000,0.000,0.000,0.000,0.000,0.000,-45.712,31.972,0.000,0.000,0.000,0.000,0.000,0.000,0.013,3.2,11.30,28.0,0.000,0.000,0.000,0.006,0.000,0.000,0.000,0.000,0.000,0.000,0.006,0.006,0.000,0.013,0.000,0.000,0.006,0.000
50.4101,504,0,move,-1,50.4101,50.4491,0,0.000,-0.088,0.176,-0.176,-0.088,0.088,-0.264,-0.088,0.176,0.088,-45.967,32.168,-0.088,0.264,0.000,0.000,0.439,0.176,0.000,0.000,0.000,0.000,0.000,0.000,0.000,0.000,0.000,0.000,-45.069,31.653,0.000,0.000,0.000,0.000,0.000,0.000,0.006,3.2,11.30,28.0,0.000,0.000,0.000,0.000,0.000,0.000,0.000,0.000,0.000,0.000,0.000,0.000,0.000,0.006,0.000,0.000,0.006,0.000
50.5052,505,0,move,-1,50.5052,50.5156,0,0.000,-0.088,0.176,-0.176,-0.088,0.088,-0.264,-0.088,0.176,0.088,-45.791,31.641,-0.088,0.264,0.000,0.000,0.439,0.176,0.000,0.000,0.000,0.000,0.000,0.000,0.000,0.000,0.000,0.000,-44.421,31.329,0.000,0.000,0.000,0.000,0.000,0.000,0.006,3.2,11.30,28.0,0.000,0.000,0.000,0.000,0.000,0.000,0.000,0.000,0.000,0.000,0.000,0.000,0.000,0.006,0.000,0.000,0.006,0.000
50.6049,506,0,move,-1,50.6049,50.6175,0,0.000,-0.088,0.176,-0.176,-0.088,0.088,-0.264,-0.088,0.176,0.088,-45.000,31.377,-0.088,0.264,0.000,0.000,0.439,0.176,0.000,0.000,0.000,0.000,0.000,0.000,0.000,0.000,0.000,0.000,-43.833,31.033,0.000,0.000,0.000,0.000,0.000,0.000,0.006,3.2,11.20,32.0,0.000,0.000,0.000,0.000,0.000,0.000,0.006,0.000,0.000,0.000,0.006,0.006,0.000,0.006,0.000,0.000,0.006,0.000
50.7048,507,0,move,-1,50.7048,50.7109,0,0.000,-0.088,0.176,-0.176,-0.088,0.088,-0.264,-0.088,0.176,0.088,-44.297,31.025,-0.088,0.264,0.000,0.000,0.439,0.176,0.000,0.000,0.000,0.000,0.000,0.000,0.000,0.000,0.000,0.000,-43.362,30.795,0.000,0.000,0.000,0.000,0.000,0.000,0.006,3.2,11.20,32.0,0.000,0.000,0.000,0.000,0.000,0.000,0.006,0.000,0.000,0.000,0.006,0.006,0.000,0.006,0.000,0.000,0.006,0.000
50.8048,508,0,move,-1,50.8048,50.8199,0,0.000,-0.088,0.176,-0.176,-0.088,0.088,-0.264,-0.088,0.176,0.088,-43.682,30.850,-0.088,0.264,0.000,0.000,0.439,0.176,0.000,0.000,0.000,0.000,0.000,0.000,0.000,0.000,0.000,0.000,-43.059,30.640,0.000,0.000,0.000,0.000,0.000,0.000,0.013,3.2,11.30,28.0,0.000,0.000,0.006,0.006,0.000,0.000,0.006,0.000,0.000,0.000,0.000,0.006,0.000,0.013,0.000,0.000,0.013,0.006
50.9050,509,0,move,-1,50.9050,50.9186,0,0.000,-0.088,0.176,-0.176,-0.088,0.088,-0.264,-0.088,0.176,0.088,-43.154,30.674,-0.088,0.264,0.000,0.000,0.439,0.176,0.000,0.000,0.000,0.000,0.000,0.000,0.000,0.000,0.000,0.000,-42.955,30.587,0.000,0.000,0.000,0.000,0.000,0.000,0.013,3.2,11.30,28.0,0.000,0.000,0.006,0.006,0.000,0.000,0.006,0.000,0.000,0.000,0.000,0.006,0.000,0.013,0.000,0.000,0.013,0.006
51.0048,510,0,move,-1,51.0048,51.0157,0,0.000,-0.088,0.176,-0.176,-0.088,0.088,-0.264,-0.088,0.176,0.088,-43.154,30.674,-0.088,0.264,0.000,0.000,0.439,0.176,0.000,0.000,0.000,0.000,0.000,0.000,0.000,0.000,0.000,0.000,-42.955,30.587,0.000,0.000,0.000,0.000,0.000,0.000,0.013,3.2,11.30,28.0,0.000,0.000,0.000,0.000,0.000,0.000,0.000,0.000,0.006,0.000,0.000,0.000,0.000,0.013,0.000,0.000,0.006,0.000
51.1049,511,0,move,-1,51.1049,51.1179,0,0.000,-0.088,0.176,-0.176,-0.088,0.088,-0.264,-0.088,0.176,0.088,-43.154,30.674,-0.088,0.264,0.000,0.000,0.439,0.176,0.000,0.000,0.000,0.000,0.000,0.000,0.000,0.000,0.000,0.000,-42.955,30.587,0.000,0.000,0.000,0.000,0.000,0.000,0.006,2.4,11.30,31.0,0.000,0.000,0.000,0.006,0.000,0.000,0.006,0.000,0.006,0.000,0.006,0.000,0.000,0.006,0.000,0.000,0.006,0.000
51.2049,512,0,move,-1,51.2049,51.2164,0,0.000,-0.088,0.176,-0.176,-0.088,0.088,-0.264,-0.088,0.176,0.088,-43.154,30.674,-0.088,0.264,0.000,0.000,0.439,0.176,0.000,0.000,0.000,0.000,0.000,0.000,0.000,0.000,0.000,0.000,-42.955,30.587,0.000,0.000,0.000,0.000,0.000,0.000,0.006,2.4,11.30,31.0,0.000,0.000,0.000,0.006,0.000,0.000,0.006,0.000,0.006,0.000,0.006,0.000,0.000,0.006,0.000,0.000,0.006,0.000
51.3052,513,0,move,-1,51.3052,51.3168,0,0.000,-0.088,0.176,-0.176,-0.088,0.088,-0.264,-0.088,0.176,0.088,-43.154,30.674,-0.088,0.264,0.000,0.000,0.439,0.176,0.000,0.000,0.000,0.000,0.000,0.000,0.000,0.000,0.000,0.000,-42.955,30.587,0.000,0.000,0.000,0.000,0.000,0.000,0.013,3.2,11.30,28.0,0.000,0.000,0.000,0.006,0.000,0.000,0.006,0.000,0.006,0.000,0.006,0.000,0.000,0.013,0.000,0.000,0.006,0.000
51.4049,514,0,move,-1,51.4049,51.4158,0,0.000,-0.088,0.176,-0.176,-0.088,0.088,-0.264,-0.088,0.176,0.088,-43.154,30.674,-0.088,0.264,0.000,0.000,0.439,0.176,0.000,0.000,0.000,0.000,0.000,0.000,0.000,0.000,0.000,0.000,-42.955,30.587,0.000,0.000,0.000,0.000,0.000,0.000,0.013,3.2,11.30,28.0,0.000,0.000,0.000,0.006,0.000,0.000,0.006,0.000,0.006,0.000,0.006,0.000,0.000,0.013,0.000,0.000,0.006,0.000
51.5049,515,0,move,-1,51.5049,51.5166,0,0.000,-0.088,0.176,-0.176,-0.088,0.088,-0.264,-0.088,0.176,0.088,-43.154,30.674,-0.088,0.264,0.000,0.000,0.439,0.176,0.000,0.000,0.000,0.000,0.000,0.000,0.000,0.000,0.000,0.000,-42.955,30.587,0.000,0.000,0.000,0.000,0.000,0.000,0.013,3.2,11.30,28.0,0.000,0.000,0.000,0.006,0.000,0.000,0.000,0.000,0.000,0.000,0.006,0.000,0.000,0.013,0.000,0.000,0.006,0.000
51.6049,516,0,move,-1,51.6049,51.6160,0,0.000,-0.088,0.176,-0.176,-0.088,0.088,-0.264,-0.088,0.176,0.088,-43.154,30.674,-0.088,0.264,0.000,0.000,0.439,0.176,0.000,0.000,0.000,0.000,0.000,0.000,0.000,0.000,0.000,0.000,-42.955,30.587,0.000,0.000,0.000,0.000,0.000,0.000,0.013,3.2,11.30,28.0,0.000,0.000,0.000,0.006,0.000,0.000,0.000,0.000,0.000,0.000,0.006,0.000,0.000,0.013,0.000,0.000,0.006,0.000
51.7049,517,0,move,-1,51.7049,51.7164,0,0.000,-0.088,0.176,-0.176,-0.088,0.088,-0.264,-0.088,0.176,0.088,-43.154,30.674,-0.088,0.264,0.000,0.000,0.439,0.176,0.000,0.000,0.000,0.000,0.000,0.000,0.000,0.000,0.000,0.000,-42.955,30.587,0.000,0.000,0.000,0.000,0.000,0.000,0.013,3.2,11.30,28.0,,0.000,0.000,0.000,0.000,0.000,0.000,0.000,0.000,0.000,0.000,0.000,0.000,0.013,0.000,0.000,0.006,0.000
51.8049,518,0,move,-1,51.8049,51.8156,0,0.000,-0.088,0.176,-0.176,-0.088,0.088,-0.264,-0.088,0.176,0.088,-43.154,30.674,-0.088,0.264,0.000,0.000,0.439,0.176,0.000,0.000,0.000,0.000,0.000,0.000,0.000,0.000,0.000,0.000,-42.955,30.587,0.000,0.000,0.000,0.000,0.000,0.000,0.013,3.2,11.30,28.0,,0.000,0.000,0.000,0.000,0.000,0.000,0.000,0.000,0.000,0.000,0.000,0.000,0.013,0.000,0.000,0.006,0.000
51.9050,519,0,move,-1,51.9050,52.0058,0,0.000,-0.088,0.176,-0.176,-0.088,0.088,-0.264,-0.088,0.176,0.088,-43.154,30.674,-0.088,0.264,0.000,0.000,0.439,0.176,0.000,0.000,0.000,0.000,0.000,0.000,0.000,0.000,0.000,0.000,-42.955,30.587,0.000,0.000,0.000,0.000,0.000,0.000,0.013,3.2,11.30,28.0,0.000,0.000,0.006,0.006,0.000,0.000,0.000,0.000,0.006,0.000,0.006,0.000,0.000,0.013,0.000,0.000,0.006,0.000
52.0319,520,0,move,-1,52.0319,52.0391,0,0.000,-0.088,0.176,-0.176,-0.088,0.088,-0.264,-0.088,0.176,0.088,-43.154,30.674,-0.088,0.264,0.000,0.000,0.439,0.176,0.000,0.000,0.000,0.000,0.000,0.000,0.000,0.000,0.000,0.000,-42.955,30.587,0.000,0.000,0.000,0.000,0.000,0.000,0.013,3.2,11.30,28.0,0.000,0.000,0.006,0.006,0.000,0.000,0.000,0.000,0.006,0.000,0.006,0.000,0.000,0.013,0.000,0.000,0.006,0.000
52.1049,521,0,move,-1,52.1049,52.1183,0,0.000,-0.088,0.176,-0.176,-0.088,0.088,-0.264,-0.088,0.176,0.088,-43.154,30.674,-0.088,0.264,0.000,0.000,0.439,0.176,0.000,0.000,0.000,0.000,0.000,0.000,0.000,0.000,0.000,0.000,-42.955,30.587,0.000,0.000,0.000,0.000,0.000,0.000,0.006,3.2,11.20,31.0,0.000,0.000,0.000,0.000,0.000,0.000,0.006,0.000,0.006,0.000,0.000,0.000,0.000,0.006,0.000,0.000,0.006,0.000
52.2049,522,0,move,-1,52.2049,52.2192,0,0.000,-0.088,0.176,-0.176,-0.088,0.088,-0.264,-0.088,0.176,0.088,-43.154,30.674,-0.088,0.264,0.000,0.000,0.439,0.176,0.000,0.000,0.000,0.000,0.000,0.000,0.000,0.000,0.000,0.000,-42.955,30.587,0.000,0.000,0.000,0.000,0.000,0.000,0.006,3.2,11.30,32.0,0.000,0.000,0.000,0.000,0.000,0.000,0.006,0.000,0.000,0.000,0.000,0.000,0.000,0.006,0.000,0.000,0.006,0.000
52.3049,523,0,move,-1,52.3049,52.3170,0,0.000,-0.088,0.176,-0.176,-0.088,0.088,-0.264,-0.088,0.176,0.088,-43.154,30.674,-0.088,0.264,0.000,0.000,0.439,0.176,0.000,0.000,0.000,0.000,0.000,0.000,0.000,0.000,0.000,0.000,-42.955,30.587,0.000,0.000,0.000,0.000,0.000,0.000,0.006,3.2,11.30,32.0,0.000,0.000,0.000,0.000,0.000,0.000,0.006,0.000,0.000,0.000,0.000,0.000,0.000,0.006,0.000,0.000,0.006,0.000
52.4065,524,0,move,-1,52.4065,52.4438,0,0.000,-0.088,0.176,-0.176,-0.088,0.088,-0.264,-0.088,0.176,0.088,-43.154,30.674,-0.088,0.264,0.000,0.000,0.439,0.176,0.000,0.000,0.000,0.000,0.000,0.000,0.000,0.000,0.000,0.000,-42.955,30.587,0.000,0.000,0.000,0.000,0.000,0.000,0.013,4.8,11.30,31.0,0.000,0.000,0.000,0.006,0.006,0.000,0.000,0.000,0.000,0.000,0.000,0.000,0.000,0.006,0.000,0.000,0.013,0.006
52.5050,525,0,move,-1,52.5050,52.5150,0,0.000,-0.088,0.176,-0.176,-0.088,0.088,-0.264,-0.088,0.176,0.088,-43.154,30.674,-0.088,0.264,0.000,0.000,0.439,0.176,0.000,0.000,0.000,0.000,0.000,0.000,0.000,0.000,0.000,0.000,-42.955,30.587,0.000,0.000,0.000,0.000,0.000,0.000,0.013,4.8,11.30,31.0,0.000,0.000,0.000,0.006,0.006,0.000,0.000,0.000,0.000,0.000,0.000,0.000,0.000,0.006,0.000,0.000,0.013,0.006
52.6049,526,0,move,-1,52.6049,52.6166,0,0.000,-0.088,0.176,-0.176,-0.088,0.088,-0.264,-0.088,0.176,0.088,-43.154,30.674,-0.088,0.264,0.000,0.000,0.439,0.176,0.000,0.000,0.000,0.000,0.000,0.000,0.000,0.000,0.000,0.000,-42.955,30.587,0.000,0.000,0.000,0.000,0.000,0.000,0.013,3.2,11.30,28.0,0.000,0.000,0.000,0.000,0.000,0.000,0.006,0.000,0.000,0.000,0.000,0.000,0.000,0.013,0.000,0.000,0.013,0.000
52.7050,527,0,move,-1,52.7050,52.7153,0,0.000,-0.088,0.176,-0.176,-0.088,0.088,-0.264,-0.088,0.176,0.088,-43.154,30.674,-0.088,0.264,0.000,0.000,0.439,0.176,0.000,0.000,0.000,0.000,0.000,0.000,0.000,0.000,0.000,0.000,-42.955,30.587,0.000,0.000,0.000,0.000,0.000,0.000,0.013,3.2,11.30,28.0,0.000,0.000,0.000,0.000,0.000,0.000,0.006,0.000,0.000,0.000,0.000,0.000,0.000,0.013,0.000,0.000,0.013,0.000
52.8048,528,0,move,-1,52.8048,52.8158,0,0.000,-0.088,0.176,-0.176,-0.088,0.088,-0.264,-0.088,0.176,0.088,-43.154,30.674,-0.088,0.264,0.000,0.000,0.439,0.176,0.000,0.000,0.000,0.000,0.000,0.000,0.000,0.000,0.000,0.000,-42.955,30.587,0.000,0.000,0.000,0.000,0.000,0.000,0.013,3.2,11.30,28.0,0.000,0.000,0.000,0.000,0.000,0.000,0.006,0.000,0.000,0.000,0.000,0.000,0.000,0.013,0.000,0.000,0.006,0.000
52.9048,529,0,move,-1,52.9048,52.9105,0,0.000,-0.088,0.176,-0.176,-0.088,0.088,-0.264,-0.088,0.176,0.088,-43.154,30.674,-0.088,0.264,0.000,0.000,0.439,0.176,0.000,0.000,0.000,0.000,0.000,0.000,0.000,0.000,0.000,0.000,-42.955,30.587,0.000,0.000,0.000,0.000,0.000,0.000,0.013,3.2,11.30,28.0,0.000,0.000,0.000,0.000,0.000,0.000,0.006,0.000,0.000,0.000,0.000,0.000,0.000,0.013,0.000,0.000,0.006,0.000
53.0048,530,0,move,-1,53.0048,53.0146,0,0.000,-0.088,0.176,-0.176,-0.088,0.088,-0.264,-0.088,0.176,0.088,-43.154,30.674,-0.088,0.264,0.000,0.000,0.439,0.176,0.000,0.000,0.000,0.000,0.000,0.000,0.000,0.000,0.000,0.000,-42.955,30.587,0.000,0.000,0.000,0.000,0.000,0.000,0.006,2.4,11.30,31.0,0.000,0.000,0.000,0.006,0.000,0.000,0.006,0.000,0.000,0.000,0.006,0.000,0.000,0.006,0.000,0.000,0.006,0.006
53.1048,531,0,move,-1,53.1048,53.1159,0,0.000,-0.088,0.176,-0.176,-0.088,0.088,-0.264,-0.088,0.176,0.088,-43.154,30.674,-0.088,0.264,0.000,0.000,0.439,0.176,0.000,0.000,0.000,0.000,0.000,0.000,0.000,0.000,0.000,0.000,-42.955,30.587,0.000,0.000,0.000,0.000,0.000,0.000,0.013,3.2,11.30,28.0,0.000,0.000,0.000,0.000,0.000,0.000,0.000,0.000,0.000,0.000,0.000,0.000,0.000,0.013,0.000,0.000,0.006,0.006
53.2049,532,0,move,-1,53.2049,53.2152,0,0.000,-0.088,0.176,-0.176,-0.088,0.088,-0.264,-0.088,0.176,0.088,-43.154,30.674,-0.088,0.264,0.000,0.000,0.439,0.176,0.000,0.000,0.000,0.000,0.000,0.000,0.000,0.000,0.000,0.000,-42.955,30.587,0.000,0.000,0.000,0.000,0.000,0.000,0.013,3.2,11.30,28.0,0.000,0.000,0.000,0.000,0.000,0.000,0.000,0.000,0.000,0.000,0.000,0.000,0.000,0.013,0.000,0.000,0.006,0.006
53.3144,533,0,move,-1,53.3144,53.3543,0,0.000,-0.088,0.176,-0.176,-0.088,0.088,-0.264,-0.088,0.176,0.088,-43.154,30.674,-0.088,0.264,0.000,0.000,0.439,0.176,0.000,0.000,0.000,0.000,0.000,0.000,0.000,0.000,0.000,0.000,-42.955,30.587,0.000,0.000,0.000,0.000,0.000,0.000,0.006,2.4,11.30,32.0,0.000,0.000,0.006,0.000,0.000,0.000,0.000,0.000,0.000,0.000,0.006,0.000,0.000,0.006,0.000,0.000,0.006,0.000
53.4047,534,0,move,-1,53.4047,53.4187,0,0.000,-0.088,0.176,-0.176,-0.088,0.088,-0.264,-0.088,0.176,0.088,-43.154,30.674,-0.088,0.264,0.000,0.000,0.439,0.176,0.000,0.000,0.000,0.000,0.000,0.000,0.000,0.000,0.000,0.000,-42.955,30.587,0.000,0.000,0.000,0.000,0.000,0.000,0.006,2.4,11.30,32.0,0.000,0.000,0.006,0.000,0.000,0.000,0.000,0.000,0.000,0.000,0.006,0.000,0.000,0.006,0.000,0.000,0.006,0.000
53.5050,535,0,move,-1,53.5050,53.5202,0,0.000,-0.088,0.176,-0.176,-0.088,0.088,-0.264,-0.088,0.176,0.088,-43.154,30.674,-0.088,0.264,0.000,0.000,0.439,0.176,0.000,0.000,0.000,0.000,0.000,0.000,0.000,0.000,0.000,0.000,-42.955,30.587,0.000,0.000,0.000,0.000,0.000,0.000,0.013,3.2,11.30,28.0,0.000,0.000,0.000,0.006,0.000,0.000,0.006,0.000,0.006,0.000,0.000,0.000,0.000,0.013,0.000,0.000,0.013,0.000
53.6051,536,0,move,-1,53.6051,53.6212,0,0.000,-0.088,0.176,-0.176,-0.088,0.088,-0.264,-0.088,0.176,0.088,-43.154,30.674,-0.088,0.264,0.000,0.000,0.439,0.176,0.000,0.000,0.000,0.000,0.000,0.000,0.000,0.000,0.000,0.000,-42.955,30.587,0.000,0.000,0.000,0.000,0.000,0.000,0.006,3.2,11.30,31.0,0.000,0.000,0.000,0.000,0.000,0.000,0.006,0.000,0.000,0.000,0.000,0.000,0.000,0.006,0.000,0.000,0.006,0.006
53.7049,537,0,move,-1,53.7049,53.7164,0,0.000,-0.088,0.176,-0.176,-0.088,0.088,-0.264,-0.088,0.176,0.088,-43.154,30.674,-0.088,0.264,0.000,0.000,0.439,0.176,0.000,0.000,0.000,0.000,0.000,0.000,0.000,0.000,0.000,0.000,-42.955,30.587,0.000,0.000,0.000,0.000,0.000,0.000,0.006,3.2,11.30,31.0,0.000,0.000,0.000,0.000,0.000,0.000,0.006,0.000,0.000,0.000,0.000,0.000,0.000,0.006,0.000,0.000,0.006,0.006
53.8048,538,0,move,-1,53.8048,53.8173,0,0.000,-0.088,0.176,-0.176,-0.088,0.088,-0.264,-0.088,0.176,0.088,-43.154,30.674,-0.088,0.264,0.000,0.000,0.439,0.176,0.000,0.000,0.000,0.000,0.000,0.000,0.000,0.000,0.000,0.000,-42.955,30.587,0.000,0.000,0.000,0.000,0.000,0.000,0.013,3.2,11.30,28.0,0.000,0.000,0.000,0.006,0.000,0.000,0.006,0.000,0.006,0.000,0.000,0.000,0.000,0.013,0.000,0.000,0.006,0.000
53.9048,539,0,move,-1,53.9048,53.9141,0,0.000,-0.088,0.176,-0.176,-0.088,0.088,-0.264,-0.088,0.176,0.088,-43.154,30.674,-0.088,0.264,0.000,0.000,0.439,0.176,0.000,0.000,0.000,0.000,0.000,0.000,0.000,0.000,0.000,0.000,-42.955,30.587,0.000,0.000,0.000,0.000,0.000,0.000,0.013,3.2,11.30,28.0,0.000,0.000,0.000,0.006,0.000,0.000,0.006,0.000,0.006,0.000,0.000,0.000,0.000,0.013,0.000,0.000,0.006,0.000
54.0047,540,0,move,-1,54.0047,54.0170,0,0.000,-0.088,0.176,-0.176,-0.088,0.088,-0.264,-0.088,0.176,0.088,-43.154,30.674,-0.088,0.264,0.000,0.000,0.439,0.176,0.000,0.000,0.000,0.000,0.000,0.000,0.000,0.000,0.000,0.000,-43.059,30.640,0.000,0.000,0.000,0.000,0.000,0.000,0.013,3.2,11.30,28.0,0.000,0.000,0.000,0.000,0.000,0.000,0.000,0.000,0.000,0.000,0.006,0.000,0.000,0.013,0.000,0.000,0.006,0.006
54.1047,541,0,move,-1,54.1047,54.1156,0,0.000,-0.088,0.176,-0.176,-0.088,0.088,-0.264,-0.088,0.176,0.088,-43.154,30.674,-0.088,0.264,0.000,0.000,0.439,0.176,0.000,0.000,0.000,0.000,0.000,0.000,0.000,0.000,0.000,0.000,-43.362,30.795,0.000,0.000,0.000,0.000,0.000,0.000,0.013,3.2,11.30,28.0,0.000,0.000,0.000,0.000,0.000,0.000,0.000,0.000,0.000,0.000,0.006,0.000,0.000,0.013,0.000,0.000,0.006,0.006
54.2049,542,0,move,-1,54.2049,54.2162,0,0.000,-0.088,0.176,-0.176,-0.088,0.088,-0.264,-0.088,0.176,0.088,-43.154,30.674,-0.088,0.264,0.000,0.000,0.439,0.176,0.000,0.000,0.000,0.000,0.000,0.000,0.000,0.000,0.000,0.000,-43.833,31.033,0.000,0.000,0.000,0.000,0.000,0.000,0.006,2.4,11.30,32.0,0.000,0.000,0.006,0.006,0.000,0.000,0.006,0.000,0.000,0.000,0.000,0.000,0.000,0.006,0.000,0.000,0.006,0.000
54.3049,543,0,move,-1,54.3049,54.3152,0,0.000,-0.088,0.176,-0.176,-0.088,0.088,-0.264,-0.088,0.176,0.088,-43.154,31.113,-0.088,0.264,0.000,0.000,0.439,0.176,0.000,0.000,0.000,0.000,0.000,0.000,0.000,0.000,0.000,0.000,-44.421,31.329,0.000,0.000,0.000,0.000,0.000,0.000,0.006,2.4,11.30,32.0,0.000,0.000,0.006,0.006,0.000,0.000,0.006,0.000,0.000,0.000,0.000,0.000,0.000,0.006,0.000,0.000,0.006,0.000
54.4048,544,0,move,-1,54.4048,54.4305,0,0.000,-0.088,0.176,-0.176,-0.088,0.088,-0.264,-0.088,0.176,0.088,-43.857,31.201,-0.088,0.264,0.000,0.000,0.439,0.176,0.000,0.000,0.000,0.000,0.000,0.000,0.000,0.000,0.000,0.000,-45.069,31.653,0.000,0.000,0.000,0.000,0.000,0.000,0.019,8.8,11.30,30.0,0.000,0.000,0.000,0.006,0.000,0.000,0.006,0.000,0.006,0.000,0.019,0.013,0.000,0.013,0.000,0.000,0.006,0.000
54.5048,545,0,move,-1,54.5048,54.5114,0,0.000,-0.088,0.176,-0.176,-0.088,0.088,-0.264,-0.088,0.176,0.088,-44.209,31.553,-0.088,0.264,0.000,0.000,0.439,0.176,0.000,0.000,0.000,0.000,0.000,0.000,0.000,0.000,0.000,0.000,-45.712,31.972,0.000,0.000,0.000,0.000,0.000,0.000,0.019,8.8,11.30,30.0,0.000,0.000,0.000,0.006,0.000,0.000,0.006,0.000,0.006,0.000,0.019,0.013,0.000,0.013,0.000,0.000,0.006,0.000
54.6048,546,0,move,-1,54.6048,54.6161,0,0.000,-0.088,0.176,-0.176,-0.088,0.088,-0.264,-0.088,0.176,0.088,-45.088,31.992,-0.088,0.264,0.000,0.000,0.439,0.176,0.000,0.000,0.000,0.000,0.000,0.000,0.000,0.000,0.000,0.000,-46.288,32.255,0.000,0.000,0.000,0.000,0.000,0.000,0.013,7.6,11.20,30.0,0.000,0.000,0.000,0.006,0.000,0.000,0.006,0.000,0.000,0.000,0.013,0.006,0.000,0.006,0.000,0.000,0.006,0.000
54.7102,547,0,move,-1,54.7102,54.7500,0,0.000,-0.088,0.176,-0.176,-0.088,0.088,-0.264,-0.088,0.176,0.088,-45.879,32.344,-0.088,0.264,0.000,0.000,0.439,0.176,0.000,0.000,0.000,0.000,0.000,0.000,0.000,0.000,0.000,0.000,-46.742,32.477,0.000,0.000,0.000,0.000,0.000,0.000,0.006,2.4,11.30,32.0,0.000,0.000,0.006,0.000,0.000,0.000,0.000,0.000,0.000,0.000,0.006,0.006,0.000,0.006,0.000,0.000,0.006,0.000
54.8049,548,0,move,-1,54.8049,54.8168,0,0.000,-0.088,0.176,-0.176,-0.088,0.088,-0.264,-0.088,0.176,0.088,-46.055,32.344,-0.088,0.264,0.000,0.000,0.439,0.176,0.000,0.000,0.000,0.000,0.000,0.000,0.000,0.000,0.000,0.000,-47.033,32.619,0.000,0.000,0.000,0.000,0.000,0.000,0.006,2.4,11.30,32.0,0.000,0.000,0.006,0.000,0.000,0.000,0.000,0.000,0.000,0.000,0.006,0.006,0.000,0.006,0.000,0.000,0.006,0.000
54.9048,549,0,move,-1,54.9048,54.9147,0,0.000,-0.088,0.176,-0.176,-0.088,0.088,-0.264,-0.088,0.176,0.088,-46.582,32.607,-0.088,0.264,0.000,0.000,0.439,0.176,0.000,0.000,0.000,0.000,0.000,0.000,0.000,0.000,0.000,0.000,-47.133,32.667,0.000,0.000,0.000,0.000,0.000,0.000,0.006,2.4,11.30,32.0,0.000,0.000,0.000,0.006,0.000,0.000,0.006,0.000,0.006,0.000,0.006,0.006,0.000,0.006,0.000,0.000,0.006,0.000
55.0050,550,0,move,-1,55.0050,55.0194,0,0.000,-0.088,0.176,-0.176,-0.088,0.088,-0.264,-0.088,0.176,0.088,-46.582,32.607,-0.088,0.264,0.000,0.000,0.439,0.176,0.000,0.000,0.000,0.000,0.000,0.000,0.000,0.000,0.000,0.000,-47.133,32.667,0.000,0.000,0.000,0.000,0.000,0.000,0.013,3.2,11.30,28.0,0.000,0.000,0.000,0.006,0.000,0.000,0.006,0.000,0.000,0.000,0.006,0.000,0.000,0.013,0.000,0.000,0.006,0.000
55.1048,551,0,move,-1,55.1048,55.1166,0,0.000,-0.088,0.176,-0.176,-0.088,0.088,-0.264,-0.088,0.176,0.088,-46.582,32.607,-0.088,0.264,0.000,0.000,0.439,0.176,0.000,0.000,0.000,0.000,0.000,0.000,0.000,0.000,0.000,0.000,-47.133,32.667,0.000,0.000,0.000,0.000,0.000,0.000,0.013,3.2,11.30,28.0,0.000,0.000,0.000,0.006,0.000,0.000,0.006,0.000,0.000,0.000,0.006,0.000,0.000,0.013,0.000,0.000,0.006,0.000
55.2049,552,0,move,-1,55.2049,55.2170,0,0.000,-0.088,0.176,-0.176,-0.088,0.088,-0.264,-0.088,0.176,0.088,-46.582,32.607,-0.088,0.264,0.000,0.000,0.439,0.176,0.000,0.000,0.000,0.000,0.000,0.000,0.000,0.000,0.000,0.000,-47.133,32.667,0.000,0.000,0.000,0.000,0.000,0.000,0.013,5.6,11.30,30.0,0.000,0.000,0.000,0.006,0.000,0.000,0.006,0.000,0.000,0.000,0.013,0.000,0.000,,0.000,0.000,0.006,0.000
55.3048,553,0,move,-1,55.3048,55.3158,0,0.000,-0.088,0.176,-0.176,-0.088,0.088,-0.264,-0.088,0.176,0.088,-46.582,32.607,-0.088,0.264,0.000,0.000,0.439,0.176,0.000,0.000,0.000,0.000,0.000,0.000,0.000,0.000,0.000,0.000,-47.133,32.667,0.000,0.000,0.000,0.000,0.000,0.000,0.013,5.6,11.30,30.0,0.000,0.000,0.000,0.006,0.000,0.000,0.006,0.000,0.000,0.000,0.013,0.000,0.000,,0.000,0.000,0.006,0.000
55.4048,554,0,move,-1,55.4048,55.4180,0,0.000,-0.088,0.176,-0.176,-0.088,0.088,-0.264,-0.088,0.176,0.088,-46.582,32.607,-0.088,0.264,0.000,0.000,0.439,0.176,0.000,0.000,0.000,0.000,0.000,0.000,0.000,0.000,0.000,0.000,-47.133,32.667,0.000,0.000,0.000,0.000,0.000,0.000,0.013,5.6,11.20,30.0,0.000,0.000,0.000,0.000,0.000,0.000,0.006,0.000,0.000,0.000,0.013,0.000,0.000,0.006,0.000,0.000,0.013,0.006
55.5049,555,0,move,-1,55.5049,55.5115,0,0.000,-0.088,0.176,-0.176,-0.088,0.088,-0.264,-0.088,0.176,0.088,-46.582,32.607,-0.088,0.264,0.000,0.000,0.439,0.176,0.000,0.000,0.000,0.000,0.000,0.000,0.000,0.000,0.000,0.000,-47.133,32.667,0.000,0.000,0.000,0.000,0.000,0.000,0.013,5.6,11.20,30.0,0.000,0.000,0.000,0.000,0.000,0.000,0.006,0.000,0.000,0.000,0.013,0.000,0.000,0.006,0.000,0.000,0.013,0.006
55.6049,556,0,move,-1,55.6049,55.6149,0,0.000,-0.088,0.176,-0.176,-0.088,0.088,-0.264,-0.088,0.176,0.088,-46.582,32.607,-0.088,0.264,0.000,0.000,0.439,0.176,0.000,0.000,0.000,0.000,0.000,0.000,0.000,0.000,0.000,0.000,-47.133,32.667,0.000,0.000,0.000,0.000,0.000,0.000,0.013,5.6,11.30,30.0,0.000,0.000,0.000,0.006,0.000,0.000,0.006,0.000,0.006,0.000,0.013,0.000,0.000,0.006,0.000,0.000,0.006,0.000
55.7049,557,0,move,-1,55.7049,55.7155,0,0.000,-0.088,0.176,-0.176,-0.088,0.088,-0.264,-0.088,0.176,0.088,-46.582,32.607,-0.088,0.264,0.000,0.000,0.439,0.176,0.000,0.000,0.000,0.000,0.000,0.000,0.000,0.000,0.000,0.000,-47.133,32.667,0.000,0.000,0.000,0.000,0.000,0.000,0.013,3.2,11.30,28.0,0.000,0.000,0.000,0.000,0.000,0.000,0.006,0.000,0.000,0.000,0.006,0.000,0.000,0.013,0.000,0.000,0.006,0.006
55.8049,558,0,move,-1,55.8049,55.8140,0,0.000,-0.088,0.176,-0.176,-0.088,0.088,-0.264,-0.088,0.176,0.088,-46.582,32.607,-0.088,0.264,0.000,0.000,0.439,0.176,0.000,0.000,0.000,0.000,0.000,0.000,0.000,0.000,0.000,0.000,-47.133,32.667,0.000,0.000,0.000,0.000,0.000,0.000,0.013,3.2,11.30,28.0,0.000,0.000,0.000,0.000,0.000,0.000,0.006,0.000,0.000,0.000,0.006,0.000,0.000,0.013,0.000,0.000,0.006,0.006
55.9048,559,0,move,-1,55.9048,55.9106,0,0.000,-0.088,0.176,-0.176,-0.088,0.088,-0.264,-0.088,0.176,0.088,-46.582,32.607,-0.088,0.264,0.000,0.000,0.439,0.176,0.000,0.000,0.000,0.000,0.000,0.000,0.000,0.000,0.000,0.000,-47.133,32.667,0.000,0.000,0.000,0.000,0.000,0.000,0.013,5.6,11.30,31.0,0.000,0.000,0.000,0.000,0.000,0.000,0.000,0.000,0.000,0.000,0.013,0.000,0.000,0.006,0.000,0.000,0.006,0.000
56.0049,560,0,move,-1,56.0049,56.0186,0,0.000,-0.088,0.176,-0.176,-0.088,0.088,-0.264,-0.088,0.176,0.088,-46.582,32.607,-0.088,0.264,0.000,0.000,0.439,0.176,0.000,0.000,0.000,0.000,0.000,0.000,0.000,0.000,0.000,0.000,-47.133,32.667,0.000,0.000,0.000,0.000,0.000,0.000,0.013,5.6,11.20,30.0,0.000,0.000,0.000,0.000,0.000,0.000,0.006,0.000,0.000,0.000,0.013,0.000,0.000,0.006,0.000,0.000,0.006,0.000
56.1049,561,0,move,-1,56.1049,56.1143,0,0.000,-0.088,0.176,-0.176,-0.088,0.088,-0.264,-0.088,0.176,0.088,-46.582,32.607,-0.088,0.264,0.000,0.000,0.439,0.176,0.000,0.000,0.000,0.000,0.000,0.000,0.000,0.000,0.000,0.000,-47.133,32.667,0.000,0.000,0.000,0.000,0.000,0.000,0.013,5.6,11.20,30.0,0.000,0.000,0.000,0.000,0.000,0.000,0.006,0.000,0.000,0.000,0.013,0.000,0.000,0.006,0.000,0.000,0.006,0.000
56.2048,562,0,move,-1,56.2048,56.2161,0,0.000,-0.088,0.176,-0.176,-0.088,0.088,-0.264,-0.088,0.176,0.088,-46.582,32.607,-0.088,0.264,0.000,0.000,0.439,0.176,0.000,0.000,0.000,0.000,0.000,0.000,0.000,0.000,0.000,0.000,-47.133,32.667,0.000,0.000,0.000,0.000,0.000,0.000,0.013,5.6,11.30,31.0,0.000,0.000,0.000,0.000,0.000,0.000,0.006,0.000,0.000,0.000,0.013,0.000,0.000,0.013,0.000,0.000,0.013,0.000
56.3048,563,0,move,-1,56.3048,56.3150,0,0.000,-0.088,0.176,-0.176,-0.088,0.088,-0.264,-0.088,0.176,0.088,-46.582,32.607,-0.088,0.264,0.000,0.000,0.439,0.176,0.000,0.000,0.000,0.000,0.000,0.000,0.000,0.000,0.000,0.000,-47.133,32.667,0.000,0.000,0.000,0.000,0.000,0.000,0.013,5.6,11.30,31.0,0.000,0.000,0.000,0.000,0.000,0.000,0.006,0.000,0.000,0.000,0.013,0.000,0.000,0.013,0.000,0.000,0.013,0.000
56.4048,564,0,move,-1,56.4048,56.4248,0,0.000,-0.088,0.176,-0.176,-0.088,0.088,-0.264,-0.088,0.176,0.088,-46.582,32.607,-0.088,0.264,0.000,0.000,0.439,0.176,0.000,0.000,0.000,0.000,0.000,0.000,0.000,0.000,0.000,0.000,-47.133,32.667,0.000,0.000,0.000,0.000,0.000,0.000,0.013,5.6,11.30,30.0,0.000,0.000,0.000,0.006,0.000,0.000,0.006,0.000,0.000,0.000,0.013,0.000,0.000,0.006,0.000,0.000,0.006,0.006
56.5050,565,0,move,-1,56.5050,56.5153,0,0.000,-0.088,0.176,-0.176,-0.088,0.088,-0.264,-0.088,0.176,0.088,-46.582,32.607,-0.088,0.264,0.000,0.000,0.439,0.176,0.000,0.000,0.000,0.000,0.000,0.000,0.000,0.000,0.000,0.000,-47.133,32.667,0.000,0.000,0.000,0.000,0.000,0.000,0.013,5.6,11.30,30.0,0.000,0.000,0.000,0.006,0.000,0.000,0.006,0.000,0.000,0.000,0.013,0.000,0.000,0.006,0.000,0.000,0.006,0.006
56.6050,566,0,move,-1,56.6050,56.6163,0,0.000,-0.088,0.176,-0.176,-0.088,0.088,-0.264,-0.088,0.176,0.088,-46.582,32.607,-0.088,0.264,0.000,0.000,0.439,0.176,0.000,0.000,0.000,0.000,0.000,0.000,0.000,0.000,0.000,0.000,-47.133,32.667,0.000,0.000,0.000,0.000,0.000,0.000,0.013,5.6,11.30,30.0,0.000,0.000,0.000,0.000,0.000,0.000,0.006,0.000,0.000,0.000,0.013,0.000,0.000,0.013,0.000,0.000,0.006,0.006
56.7049,567,0,move,-1,56.7049,56.7149,0,0.000,-0.088,0.176,-0.176,-0.088,0.088,-0.264,-0.088,0.176,0.088,-46.582,32.607,-0.088,0.264,0.000,0.000,0.439,0.176,0.000,0.000,0.000,0.000,0.000,0.000,0.000,0.000,0.000,0.000,-47.133,32.667,0.000,0.000,0.000,0.000,0.000,0.000,0.013,5.6,11.30,30.0,0.000,0.000,0.000,0.000,0.000,0.000,0.006,0.000,0.000,0.000,0.013,0.000,0.000,0.013,0.000,0.000,0.006,0.006
56.8055,568,0,move,-1,56.8055,56.8174,0,0.000,-0.088,0.176,-0.176,-0.088,0.088,-0.264,-0.088,0.176,0.088,-46.582,32.607,-0.088,0.264,0.000,0.000,0.439,0.176,0.000,0.000,0.000,0.000,0.000,0.000,0.000,0.000,0.000,0.000,-47.133,32.667,0.000,0.000,0.000,0.000,0.000,0.000,0.013,5.6,11.20,30.0,0.000,0.000,0.000,0.000,0.000,0.000,0.006,0.000,0.000,0.000,0.013,0.000,0.000,0.013,0.000,0.000,0.006,0.000
56.9048,569,0,move,-1,56.9048,56.9147,0,0.000,-0.088,0.176,-0.176,-0.088,0.088,-0.264,-0.088,0.176,0.088,-46.582,32.607,-0.088,0.264,0.000,0.000,0.439,0.176,0.000,0.000,0.000,0.000,0.000,0.000,0.000,0.000,0.000,0.000,-47.133,32.667,0.000,0.000,0.000,0.000,0.000,0.000,0.013,5.6,11.20,30.0,0.000,0.000,0.000,0.000,0.000,0.000,0.006,0.000,0.000,0.000,0.013,0.000,0.000,0.013,0.000,0.000,0.006,0.000
57.0049,570,0,move,-1,57.0049,57.0220,0,0.000,-0.088,0.176,-0.176,-0.088,0.088,-0.264,-0.088,0.176,0.088,-46.582,32.607,-0.088,0.264,0.000,0.000,0.439,0.176,0.000,0.000,0.000,0.000,0.000,0.000,0.000,0.000,0.000,0.000,-47.133,32.667,0.000,0.000,0.000,0.000,0.000,0.000,0.013,3.2,11.30,28.0,0.000,0.000,0.000,0.000,0.000,0.000,0.000,0.000,0.000,0.000,0.006,0.000,0.000,0.013,0.000,0.000,0.006,0.006
57.1048,571,0,move,-1,57.1048,57.1168,0,0.000,-0.088,0.176,-0.176,-0.088,0.088,-0.264,-0.088,0.176,0.088,-46.582,32.607,-0.088,0.264,0.000,0.000,0.439,0.176,0.000,0.000,0.000,0.000,0.000,0.000,0.000,0.000,0.000,0.000,-47.133,32.667,0.000,0.000,0.000,0.000,0.000,0.000,0.013,3.2,11.30,28.0,0.000,0.000,0.000,0.000,0.000,0.000,0.000,0.000,0.000,0.000,0.006,0.000,0.000,0.013,0.000,0.000,0.006,0.006
57.2049,572,0,move,-1,57.2049,57.2160,0,0.000,-0.088,0.176,-0.176,-0.088,0.088,-0.264,-0.088,0.176,0.088,-46.582,32.607,-0.088,0.264,0.000,0.000,0.439,0.176,0.000,0.000,0.000,0.000,0.000,0.000,0.000,0.000,0.000,0.000,-47.133,32.667,0.000,0.000,0.000,0.000,0.000,0.000,0.006,2.4,11.30,32.0,0.000,0.000,0.006,0.000,0.000,0.000,0.000,0.000,0.000,0.000,0.006,0.000,0.000,0.006,0.000,0.000,0.006,0.000
57.3050,573,0,move,-1,57.3050,57.3152,0,0.000,-0.088,0.176,-0.176,-0.088,0.088,-0.264,-0.088,0.176,0.088,-46.582,32.607,-0.088,0.264,0.000,0.000,0.439,0.176,0.000,0.000,0.000,0.000,0.000,0.000,0.000,0.000,0.000,0.000,-47.133,32.667,0.000,0.000,0.000,0.000,0.000,0.000,0.006,2.4,11.30,32.0,0.000,0.000,0.006,0.000,0.000,0.000,0.000,0.000,0.000,0.000,0.006,0.000,0.000,0.006,0.000,0.000,0.006,0.000
57.4049,574,0,move,-1,57.4049,57.4169,0,0.000,-0.088,0.176,-0.176,-0.088,0.088,-0.264,-0.088,0.176,0.088,-46.582,32.607,-0.088,0.264,0.000,0.000,0.439,0.176,0.000,0.000,0.000,0.000,0.000,0.000,0.000,0.000,0.000,0.000,-47.133,32.667,0.000,0.000,0.000,0.000,0.000,0.000,0.013,5.6,11.30,30.0,0.000,0.000,0.000,0.006,0.000,0.000,0.006,0.000,0.000,0.000,0.013,0.000,0.000,0.006,0.000,0.000,0.013,0.000
57.5051,575,0,move,-1,57.5051,57.5666,0,0.000,-0.088,0.176,-0.176,-0.088,0.088,-0.264,-0.088,0.176,0.088,-46.582,32.607,-0.088,0.264,0.000,0.000,0.439,0.176,0.000,0.000,0.000,0.000,0.000,0.000,0.000,0.000,0.000,0.000,-47.133,32.667,0.000,0.000,0.000,0.000,0.000,0.000,0.013,5.6,11.30,30.0,0.000,0.000,0.000,0.000,0.000,0.000,0.006,0.000,0.000,0.000,0.013,0.000,0.000,0.013,0.000,0.006,0.006,0.006
57.6047,576,0,move,-1,57.6047,57.6159,0,0.000,-0.088,0.176,-0.176,-0.088,0.088,-0.264,-0.088,0.176,0.088,-46.582,32.607,-0.088,0.264,0.000,0.000,0.439,0.176,0.000,0.000,0.000,0.000,0.000,0.000,0.000,0.000,0.000,0.000,-47.133,32.667,0.000,0.000,0.000,0.000,0.000,0.000,0.013,5.6,11.30,30.0,0.000,0.000,0.000,0.000,0.000,0.000,0.006,0.000,0.000,0.000,0.013,0.000,0.000,0.013,0.000,0.006,0.006,0.006
57.7050,577,0,move,-1,57.7050,57.7175,0,0.000,-0.088,0.176,-0.176,-0.088,0.088,-0.264,-0.088,0.176,0.088,-46.582,32.607,-0.088,0.264,0.000,0.000,0.439,0.176,0.000,0.000,0.000,0.000,0.000,0.000,0.000,0.000,0.000,0.000,-47.133,32.667,0.000,0.000,0.000,0.000,0.000,0.000,0.006,3.2,11.20,32.0,0.000,0.000,0.000,0.000,0.000,0.000,0.006,0.000,0.000,0.000,0.006,0.000,0.000,0.006,0.000,0.000,0.006,0.000
57.8049,578,0,move,-1,57.8049,57.8163,0,0.000,-0.088,0.176,-0.176,-0.088,0.088,-0.264,-0.088,0.176,0.088,-46.582,32.607,-0.088,0.264,0.000,0.000,0.439,0.176,0.000,0.000,0.000,0.000,0.000,0.000,0.000,0.000,0.000,0.000,-47.133,32.667,0.000,0.000,0.000,0.000,0.000,0.000,0.006,3.2,11.20,32.0,0.000,0.000,0.000,0.000,0.000,0.000,0.006,0.000,0.000,0.000,0.006,0.000,0.000,0.006,0.000,0.000,0.006,0.000
57.9049,579,0,move,-1,57.9049,57.9170,0,0.000,-0.088,0.176,-0.176,-0.088,0.088,-0.264,-0.088,0.176,0.088,-46.582,32.607,-0.088,0.264,0.000,0.000,0.439,0.176,0.000,0.000,0.000,0.000,0.000,0.000,0.000,0.000,0.000,0.000,-47.133,32.667,0.000,0.000,0.000,0.000,0.000,0.000,0.013,5.6,11.30,30.0,0.000,0.000,0.000,0.006,0.000,0.000,0.006,0.000,0.000,0.000,0.013,0.000,0.000,0.013,0.000,0.000,0.013,0.006
58.0092,580,0,move,-1,58.0092,58.0225,0,0.000,-0.088,0.176,-0.176,-0.088,0.088,-0.264,-0.088,0.176,0.088,-46.582,32.607,-0.088,0.264,0.000,0.000,0.439,0.176,0.000,0.000,0.000,0.000,0.000,0.000,0.000,0.000,0.000,0.000,-47.233,32.716,0.000,0.000,0.000,0.000,0.000,0.000,0.006,2.4,11.30,31.0,0.000,0.000,0.000,0.006,0.000,0.000,0.006,0.000,0.006,0.000,0.006,0.000,0.000,0.006,0.000,0.000,0.006,0.006
58.1050,581,0,move,-1,58.1050,58.1152,0,0.000,-0.088,0.176,-0.176,-0.088,0.088,-0.264,-0.088,0.176,0.088,-46.582,32.607,-0.088,0.264,0.000,0.000,0.439,0.176,0.000,0.000,0.000,0.000,0.000,0.000,0.000,0.000,0.000,0.000,-47.522,32.856,0.000,0.000,0.000,0.000,0.000,0.000,0.006,2.4,11.30,31.0,0.000,0.000,0.000,0.006,0.000,0.000,0.006,0.000,0.006,0.000,0.006,0.000,0.000,0.006,0.000,0.000,0.006,0.006
58.2053,582,0,move,-1,58.2053,58.2118,0,0.000,-0.088,0.176,-0.176,-0.088,0.088,-0.264,-0.088,0.176,0.088,-47.109,32.871,-0.088,0.264,0.000,0.000,0.439,0.176,0.000,0.000,0.000,0.000,0.000,0.000,0.000,0.000,0.000,0.000,-47.971,33.071,0.000,0.000,0.000,0.000,0.000,0.000,0.006,2.4,11.30,32.0,0.000,0.000,0.000,0.006,0.000,0.000,0.006,0.000,0.000,0.000,0.006,0.006,0.000,0.006,0.000,0.000,0.006,0.000
58.3049,583,0,move,-1,58.3049,58.3161,0,0.000,-0.088,0.176,-0.176,-0.088,0.088,-0.264,-0.088,0.176,0.088,-47.461,33.047,-0.088,0.264,0.000,0.000,0.439,0.176,0.000,0.000,0.000,0.000,0.000,0.000,0.000,0.000,0.000,0.000,-48.535,33.340,0.000,0.000,0.000,0.000,0.000,0.000,0.013,8.0,11.20,30.0,0.000,0.000,0.000,0.000,0.000,0.000,0.006,0.000,0.006,0.000,0.013,0.006,0.000,0.013,0.000,0.000,0.006,0.000
58.4050,584,0,move,-1,58.4050,58.4152,0,0.000,-0.088,0.176,-0.176,-0.088,0.088,-0.264,-0.088,0.176,0.088,-47.988,33.223,-0.088,0.264,0.000,0.000,0.439,0.176,0.000,0.000,0.000,0.000,0.000,0.000,0.000,0.000,0.000,0.000,-49.154,33.634,0.000,0.000,0.000,0.000,0.000,0.000,0.013,8.0,11.20,30.0,0.000,0.000,0.000,0.000,0.000,0.000,0.006,0.000,0.006,0.000,0.013,0.006,0.000,0.013,0.000,0.000,0.006,0.000
58.5099,585,0,move,-1,58.5099,58.5519,0,0.000,-0.088,0.176,-0.176,-0.088,0.088,-0.264,-0.088,0.176,0.088,-48.691,33.574,-0.088,0.264,0.000,0.000,0.439,0.176,0.000,0.000,0.000,0.000,0.000,0.000,0.000,0.000,0.000,0.000,-49.772,33.924,0.000,0.000,0.000,0.000,0.000,0.000,0.006,2.4,11.30,32.0,0.000,0.000,0.000,0.006,0.000,0.000,0.006,0.000,0.000,0.000,0.006,0.000,0.000,0.006,0.000,0.000,0.006,0.006
58.6048,586,0,move,-1,58.6048,58.6159,0,0.000,-0.088,0.176,-0.176,-0.088,0.088,-0.264,-0.088,0.176,0.088,-48.691,33.662,-0.088,0.264,0.000,0.000,0.439,0.176,0.000,0.000,0.000,0.000,0.000,0.000,0.000,0.000,0.000,0.000,-50.327,34.182,0.000,0.000,0.000,0.000,0.000,0.000,0.006,2.4,11.30,32.0,0.000,0.000,0.000,0.006,0.000,0.000,0.006,0.000,0.000,0.000,0.006,0.000,0.000,0.006,0.000,0.000,0.006,0.006
58.7190,587,0,move,-1,58.7190,58.7289,0,0.000,-0.088,0.176,-0.176,-0.088,0.088,-0.264,-0.088,0.176,0.088,-49.658,34.102,-0.088,0.264,0.000,0.000,0.439,0.176,0.000,0.000,0.000,0.000,0.000,0.000,0.000,0.000,0.000,0.000,-50.765,34.384,0.000,0.000,0.000,0.000,0.000,0.000,0.013,3.2,11.30,28.0,0.000,0.000,0.006,0.000,0.000,0.000,0.006,0.000,0.000,0.000,0.006,0.000,0.000,0.013,0.000,0.000,0.006,0.000
58.8055,588,0,move,-1,58.8055,58.8170,0,0.000,-0.088,0.176,-0.176,-0.088,0.088,-0.264,-0.088,0.176,0.088,-50.098,34.277,-0.088,0.264,0.000,0.000,0.439,0.176,0.000,0.000,0.000,0.000,0.000,0.000,0.000,0.000,0.000,0.000,-51.045,34.512,0.000,0.000,0.000,0.000,0.000,0.000,0.013,3.2,11.30,28.0,0.000,0.000,0.006,0.000,0.000,0.000,0.006,0.000,0.000,0.000,0.006,0.000,0.000,0.013,0.000,0.000,0.006,0.000
58.9047,589,0,move,-1,58.9047,58.9147,0,0.000,-0.088,0.176,-0.176,-0.088,0.088,-0.264,-0.088,0.176,0.088,-50.537,34.453,-0.088,0.264,0.000,0.000,0.439,0.176,0.000,0.000,0.000,0.000,0.000,0.000,0.000,0.000,0.000,0.000,-51.141,34.556,0.000,0.000,0.000,0.000,0.000,0.000,0.019,8.4,11.20,30.0,0.000,0.000,0.000,0.000,0.000,0.000,0.006,0.000,0.006,0.000,0.019,0.006,0.000,0.013,0.000,0.000,0.006,0.006
59.0049,590,0,move,-1,59.0049,59.0162,0,0.000,-0.088,0.176,-0.176,-0.088,0.088,-0.264,-0.088,0.176,0.088,-50.625,34.453,-0.088,0.264,0.000,0.000,0.439,0.176,0.000,0.000,0.000,0.000,0.000,0.000,0.000,0.000,0.000,0.000,-51.141,34.556,0.000,0.000,0.000,0.000,0.000,0.000,0.013,6.4,11.20,30.0,0.000,0.000,0.006,0.000,0.000,0.000,0.006,0.000,0.000,0.000,0.013,0.000,0.000,0.006,0.000,0.006,0.013,0.000
59.1136,591,0,move,-1,59.1136,59.1265,0,0.000,-0.088,0.176,-0.176,-0.088,0.088,-0.264,-0.088,0.176,0.088,-50.625,34.453,-0.088,0.264,0.000,0.000,0.439,0.176,0.000,0.000,0.000,0.000,0.000,0.000,0.000,0.000,0.000,0.000,-51.141,34.556,0.000,0.000,0.000,0.000,0.000,0.000,0.013,5.6,11.30,30.0,0.000,0.000,0.000,0.000,0.000,0.000,0.006,0.000,0.006,0.000,0.013,0.000,0.000,0.006,0.000,0.000,0.006,0.000
59.2047,592,0,move,-1,59.2047,59.2153,0,0.000,-0.088,0.176,-0.176,-0.088,0.088,-0.264,-0.088,0.176,0.088,-50.625,34.453,-0.088,0.264,0.000,0.000,0.439,0.176,0.000,0.000,0.000,0.000,0.000,0.000,0.000,0.000,0.000,0.000,-51.141,34.556,0.000,0.000,0.000,0.000,0.000,0.000,0.013,5.6,11.30,30.0,0.000,0.000,0.000,0.000,0.000,0.000,0.006,0.000,0.006,0.000,0.013,0.000,0.000,0.006,0.000,0.000,0.006,0.000
59.3049,593,0,move,-1,59.3049,59.3165,0,0.000,-0.088,0.176,-0.176,-0.088,0.088,-0.264,-0.088,0.176,0.088,-50.625,34.453,-0.088,0.264,0.000,0.000,0.439,0.176,0.000,0.000,0.000,0.000,0.000,0.000,0.000,0.000,0.000,0.000,-51.141,34.556,0.000,0.000,0.000,0.000,0.000,0.000,0.013,5.6,11.30,31.0,0.000,0.000,0.000,0.000,0.000,0.000,0.006,0.000,0.000,0.000,0.013,0.000,0.000,0.013,0.000,0.000,0.013,0.006
59.4048,594,0,move,-1,59.4048,59.4182,0,0.000,-0.088,0.176,-0.176,-0.088,0.088,-0.264,-0.088,0.176,0.088,-50.625,34.453,-0.088,0.264,0.000,0.000,0.439,0.176,0.000,0.000,0.000,0.000,0.000,0.000,0.000,0.000,0.000,0.000,-51.141,34.556,0.000,0.000,0.000,0.000,0.000,0.000,0.013,5.6,11.30,31.0,0.000,0.000,0.006,0.000,0.000,0.000,0.006,0.000,0.000,0.000,0.013,0.000,0.000,0.006,0.000,0.000,0.006,0.000
59.5048,595,0,move,-1,59.5048,59.5184,0,0.000,-0.088,0.176,-0.176,-0.088,0.088,-0.264,-0.088,0.176,0.088,-50.625,34.453,-0.088,0.264,0.000,0.000,0.439,0.176,0.000,0.000,0.000,0.000,0.000,0.000,0.000,0.000,0.000,0.000,-51.141,34.556,0.000,0.000,0.000,0.000,0.000,0.000,0.006,2.4,11.30,32.0,0.000,0.000,0.000,0.006,0.000,0.000,0.000,0.000,0.000,0.000,0.006,0.000,0.000,0.006,0.000,0.000,0.006,0.000
59.6048,596,0,move,-1,59.6048,59.6169,0,0.000,-0.088,0.176,-0.176,-0.088,0.088,-0.264,-0.088,0.176,0.088,-50.625,34.453,-0.088,0.264,0.000,0.000,0.439,0.176,0.000,0.000,0.000,0.000,0.000,0.000,0.000,0.000,0.000,0.000,-51.141,34.556,0.000,0.000,0.000,0.000,0.000,0.000,0.006,2.4,11.30,32.0,0.000,0.000,0.000,0.006,0.000,0.000,0.000,0.000,0.000,0.000,0.006,0.000,0.000,0.006,0.000,0.000,0.006,0.000
59.7050,597,0,move,-1,59.7050,59.7146,0,0.000,-0.088,0.176,-0.176,-0.088,0.088,-0.264,-0.088,0.176,0.088,-50.625,34.453,-0.088,0.264,0.000,0.000,0.439,0.176,0.000,0.000,0.000,0.000,0.000,0.000,0.000,0.000,0.000,0.000,-51.141,34.556,0.000,0.000,0.000,0.000,0.000,0.000,0.013,3.2,11.30,28.0,0.000,0.000,0.000,0.006,0.000,0.000,0.000,0.000,0.000,0.000,0.006,0.000,0.000,0.013,0.000,0.000,0.013,0.000
59.8048,598,0,move,-1,59.8048,59.8167,0,0.000,-0.088,0.176,-0.176,-0.088,0.088,-0.264,-0.088,0.176,0.088,-50.625,34.453,-0.088,0.264,0.000,0.000,0.439,0.176,0.000,0.000,0.000,0.000,0.000,0.000,0.000,0.000,0.000,0.000,-51.141,34.556,0.000,0.000,0.000,0.000,0.000,0.000,0.013,5.6,11.30,30.0,0.000,0.000,0.000,0.000,0.000,0.000,0.006,0.000,0.000,0.000,0.013,0.000,0.000,0.013,0.000,0.000,0.006,0.000
59.9049,599,0,move,-1,59.9049,59.9155,0,0.000,-0.088,0.176,-0.176,-0.088,0.088,-0.264,-0.088,0.176,0.088,-50.625,34.453,-0.088,0.264,0.000,0.000,0.439,0.176,0.000,0.000,0.000,0.000,0.000,0.000,0.000,0.000,0.000,0.000,-51.141,34.556,0.000,0.000,0.000,0.000,0.000,0.000,0.013,5.6,11.30,30.0,0.000,0.000,0.000,0.000,0.000,0.000,0.006,0.000,0.000,0.000,0.013,0.000,0.000,0.013,0.000,0.000,0.006,0.000
60.0396,600,0,move,-1,60.0396,60.1308,0,0.000,-0.088,0.176,-0.176,-0.088,0.088,-0.264,-0.088,0.176,0.088,-50.625,34.453,-0.088,0.264,0.000,0.000,0.439,0.176,0.000,0.000,0.000,0.000,0.000,0.000,0.000,0.000,0.000,0.000,-51.141,34.556,0.000,0.000,0.000,0.000,0.000,0.000,0.013,3.6,11.30,28.0,0.000,0.000,0.006,0.006,0.000,0.000,0.000,0.000,0.000,0.000,0.006,0.000,0.000,0.013,0.000,0.000,0.006,0.006
60.1520,601,0,move,-1,60.1520,60.1619,0,0.000,-0.088,0.176,-0.176,-0.088,0.088,-0.264,-0.088,0.176,0.088,-50.625,34.453,-0.088,0.264,0.000,0.000,0.439,0.176,0.000,0.000,0.000,0.000,0.000,0.000,0.000,0.000,0.000,0.000,-51.141,34.556,0.000,0.000,0.000,0.000,0.000,0.000,0.013,3.6,11.30,28.0,0.000,0.000,0.006,0.006,0.000,0.000,0.000,0.000,0.000,0.000,0.006,0.000,0.000,0.013,0.000,0.000,0.006,0.006
60.2049,602,0,move,-1,60.2049,60.2329,0,0.000,-0.088,0.176,-0.176,-0.088,0.088,-0.264,-0.088,0.176,0.088,-50.625,34.453,-0.088,0.264,0.000,0.000,0.439,0.176,0.000,0.000,0.000,0.000,0.000,0.000,0.000,0.000,0.000,0.000,-51.141,34.556,0.000,0.000,0.000,0.000,0.000,0.000,0.013,5.6,11.30,30.0,0.000,0.000,0.000,0.006,0.000,0.000,0.000,0.000,0.000,0.000,0.013,0.000,0.000,0.006,0.000,0.000,0.006,0.000
60.3049,603,0,move,-1,60.3049,60.3184,0,0.000,-0.088,0.176,-0.176,-0.088,0.088,-0.264,-0.088,0.176,0.088,-50.625,34.453,-0.088,0.264,0.000,0.000,0.439,0.176,0.000,0.000,0.000,0.000,0.000,0.000,0.000,0.000,0.000,0.000,-51.141,34.556,0.000,0.000,0.000,0.000,0.000,0.000,0.013,5.6,11.30,30.0,0.000,0.000,0.000,0.006,0.000,0.000,0.000,0.000,0.000,0.000,0.013,0.000,0.000,0.006,0.000,0.000,0.006,0.000
60.4127,604,0,move,-1,60.4127,60.4363,0,0.000,-0.088,0.176,-0.176,-0.088,0.088,-0.264,-0.088,0.176,0.088,-50.625,34.453,-0.088,0.264,0.000,0.000,0.439,0.176,0.000,0.000,0.000,0.000,0.000,0.000,0.000,0.000,0.000,0.000,-51.141,34.556,0.000,0.000,0.000,0.000,0.000,0.000,0.013,3.2,11.30,28.0,0.000,0.000,0.000,0.006,0.000,0.000,0.006,0.000,0.000,0.000,0.006,0.000,0.000,0.013,0.000,0.000,0.006,0.006
60.5049,605,0,move,-1,60.5049,60.5167,0,0.000,-0.088,0.176,-0.176,-0.088,0.088,-0.264,-0.088,0.176,0.088,-50.625,34.453,-0.088,0.264,0.000,0.000,0.439,0.176,0.000,0.000,0.000,0.000,0.000,0.000,0.000,0.000,0.000,0.000,-51.141,34.556,0.000,0.000,0.000,0.000,0.000,0.000,0.013,3.2,11.30,28.0,0.000,0.000,0.000,0.006,0.000,0.000,0.006,0.000,0.000,0.000,0.006,0.000,0.000,0.013,0.000,0.000,0.006,0.006
60.6087,606,0,move,-1,60.6087,60.6209,0,0.000,-0.088,0.176,-0.176,-0.088,0.088,-0.264,-0.088,0.176,0.088,-50.625,34.453,-0.088,0.264,0.000,0.000,0.439,0.176,0.000,0.000,0.000,0.000,0.000,0.000,0.000,0.000,0.000,0.000,-51.141,34.556,0.000,0.000,0.000,0.000,0.000,0.000,0.013,5.6,11.30,30.0,0.000,0.000,0.000,0.000,0.000,0.000,0.006,0.000,0.000,0.000,0.013,0.000,0.000,0.013,0.000,0.000,0.006,0.006
60.7048,607,0,move,-1,60.7048,60.7162,0,0.000,-0.088,0.176,-0.176,-0.088,0.088,-0.264,-0.088,0.176,0.088,-50.625,34.453,-0.088,0.264,0.000,0.000,0.439,0.176,0.000,0.000,0.000,0.000,0.000,0.000,0.000,0.000,0.000,0.000,-51.141,34.556,0.000,0.000,0.000,0.000,0.000,0.000,0.013,5.6,11.30,30.0,0.000,0.000,0.000,0.000,0.000,0.000,0.006,0.000,0.000,0.000,0.013,0.000,0.000,0.013,0.000,0.000,0.006,0.006
60.8049,608,0,move,-1,60.8049,60.8173,0,0.000,-0.088,0.176,-0.176,-0.088,0.088,-0.264,-0.088,0.176,0.088,-50.625,34.453,-0.088,0.264,0.000,0.000,0.439,0.176,0.000,0.000,0.000,0.000,0.000,0.000,0.000,0.000,0.000,0.000,-51.141,34.556,0.000,0.000,0.000,0.000,0.000,0.000,0.013,5.6,11.30,30.0,0.000,0.000,0.000,0.000,0.000,0.000,0.006,0.000,0.006,0.000,0.013,0.000,0.000,0.006,0.000,0.000,0.006,0.000
60.9048,609,0,move,-1,60.9048,60.9115,0,0.000,-0.088,0.176,-0.176,-0.088,0.088,-0.264,-0.088,0.176,0.088,-50.625,34.453,-0.088,0.264,0.000,0.000,0.439,0.176,0.000,0.000,0.000,0.000,0.000,0.000,0.000,0.000,0.000,0.000,-51.141,34.556,0.000,0.000,0.000,0.000,0.000,0.000,0.013,5.6,11.30,30.0,0.000,0.000,0.000,0.000,0.000,0.000,0.006,0.000,0.006,0.000,0.013,0.000,0.000,0.006,0.000,0.000,0.006,0.000
61.0047,610,0,move,-1,61.0047,61.0184,0,0.000,-0.088,0.176,-0.176,-0.088,0.088,-0.264,-0.088,0.176,0.088,-50.625,34.453,-0.088,0.264,0.000,0.000,0.439,0.176,0.000,0.000,0.000,0.000,0.000,0.000,0.000,0.000,0.000,0.000,-51.141,34.556,0.000,0.000,0.000,0.000,0.000,0.000,0.013,5.6,11.30,30.0,0.000,0.000,0.000,0.006,0.000,0.000,0.000,0.000,0.000,0.000,0.013,0.000,0.000,0.006,0.000,0.000,0.006,0.000
61.1048,611,0,move,-1,61.1048,61.1168,0,0.000,-0.088,0.176,-0.176,-0.088,0.088,-0.264,-0.088,0.176,0.088,-50.625,34.453,-0.088,0.264,0.000,0.000,0.439,0.176,0.000,0.000,0.000,0.000,0.000,0.000,0.000,0.000,0.000,0.000,-51.141,34.556,0.000,0.000,0.000,0.000,0.000,0.000,0.013,5.6,11.30,30.0,0.000,0.000,0.000,0.006,0.000,0.000,0.000,0.000,0.000,0.000,0.013,0.000,0.000,0.006,0.000,0.000,0.006,0.000
61.2049,612,0,move,-1,61.2049,61.2179,0,0.000,-0.088,0.176,-0.176,-0.088,0.088,-0.264,-0.088,0.176,0.088,-50.625,34.453,-0.088,0.264,0.000,0.000,0.439,0.176,0.000,0.000,0.000,0.000,0.000,0.000,0.000,0.000,0.000,0.000,-51.141,34.556,0.000,0.000,0.000,0.000,0.000,0.000,0.013,5.6,11.30,31.0,0.000,0.000,0.000,0.000,0.000,0.000,0.006,0.000,0.000,0.000,0.013,0.000,0.000,0.013,0.000,0.000,0.013,0.000
61.3048,613,0,move,-1,61.3048,61.3111,0,0.000,-0.088,0.176,-0.176,-0.088,0.088,-0.264,-0.088,0.176,0.088,-50.625,34.453,-0.088,0.264,0.000,0.000,0.439,0.176,0.000,0.000,0.000,0.000,0.000,0.000,0.000,0.000,0.000,0.000,-51.141,34.556,0.000,0.000,0.000,0.000,0.000,0.000,0.013,5.6,11.30,31.0,0.000,0.000,0.000,0.000,0.000,0.000,0.006,0.000,0.000,0.000,0.013,0.000,0.000,0.013,0.000,0.000,0.013,0.000
61.4048,614,0,move,-1,61.4048,61.4109,0,0.000,-0.088,0.176,-0.176,-0.088,0.088,-0.264,-0.088,0.176,0.088,-50.625,34.453,-0.088,0.264,0.000,0.000,0.439,0.176,0.000,0.000,0.000,0.000,0.000,0.000,0.000,0.000,0.000,0.000,-51.141,34.556,0.000,0.000,0.000,0.000,0.000,0.000,0.013,5.6,11.30,30.0,0.000,0.000,0.006,0.006,0.000,0.000,0.006,0.000,0.000,0.000,0.013,0.000,0.000,0.006,0.000,0.000,0.006,0.006
61.5049,615,0,move,-1,61.5049,61.5169,0,0.000,-0.088,0.176,-0.176,-0.088,0.088,-0.264,-0.088,0.176,0.088,-50.625,34.453,-0.088,0.264,0.000,0.000,0.439,0.176,0.000,0.000,0.000,0.000,0.000,0.000,0.000,0.000,0.000,0.000,-51.141,34.556,0.000,0.000,0.000,0.000,0.000,0.000,0.013,5.6,11.30,30.0,0.000,0.000,0.000,0.000,0.000,0.000,0.000,0.000,0.000,0.000,0.013,0.000,0.000,0.013,0.000,0.000,0.006,0.006
61.6049,616,0,move,-1,61.6049,61.6160,0,0.000,-0.088,0.176,-0.176,-0.088,0.088,-0.264,-0.088,0.176,0.088,-50.625,34.453,-0.088,0.264,0.000,0.000,0.439,0.176,0.000,0.000,0.000,0.000,0.000,0.000,0.000,0.000,0.000,0.000,-51.141,34.556,0.000,0.000,0.000,0.000,0.000,0.000,0.013,5.6,11.30,30.0,0.000,0.000,0.000,0.000,0.000,0.000,0.000,0.000,0.000,0.000,0.013,0.000,0.000,0.013,0.000,0.000,0.006,0.006
61.7054,617,0,move,-1,61.7054,61.7168,0,0.000,-0.088,0.176,-0.176,-0.088,0.088,-0.264,-0.088,0.176,0.088,-50.625,34.453,-0.088,0.264,0.000,0.000,0.439,0.176,0.000,0.000,0.000,0.000,0.000,0.000,0.000,0.000,0.000,0.000,-51.141,34.556,0.000,0.000,0.000,0.000,0.000,0.000,0.013,5.6,11.30,31.0,0.000,0.000,0.000,0.000,0.000,0.000,0.006,0.000,0.000,0.000,0.013,0.000,0.000,0.006,0.000,0.000,0.013,0.000
61.8156,618,0,move,-1,61.8156,61.8507,0,0.000,-0.088,0.176,-0.176,-0.088,0.088,-0.264,-0.088,0.176,0.088,-50.625,34.453,-0.088,0.264,0.000,0.000,0.439,0.176,0.000,0.000,0.000,0.000,0.000,0.000,0.000,0.000,0.000,0.000,-51.141,34.556,0.000,0.000,0.000,0.000,0.000,0.000,0.013,5.6,11.20,30.0,0.000,0.000,0.000,0.000,0.000,0.000,0.006,0.000,0.006,0.000,0.013,0.000,0.000,0.006,0.000,0.000,0.006,0.000
61.9049,619,0,move,-1,61.9049,61.9182,0,0.000,-0.088,0.176,-0.176,-0.088,0.088,-0.264,-0.088,0.176,0.088,-50.625,34.453,-0.088,0.264,0.000,0.000,0.439,0.176,0.000,0.000,0.000,0.000,0.000,0.000,0.000,0.000,0.000,0.000,-51.141,34.556,0.000,0.000,0.000,0.000,0.000,0.000,0.013,5.6,11.20,30.0,0.000,0.000,0.000,0.000,0.000,0.000,0.006,0.000,0.006,0.000,0.013,0.000,0.000,0.006,0.000,0.000,0.006,0.000
62.0049,620,0,move,-1,62.0049,62.0149,0,0.000,-0.088,0.176,-0.176,-0.088,0.088,-0.264,-0.088,0.176,0.088,-50.625,34.453,-0.088,0.264,0.000,0.000,0.439,0.176,0.000,0.000,0.000,0.000,0.000,0.000,0.000,0.000,0.000,0.000,-51.143,34.557,0.000,0.000,0.000,0.000,0.000,0.000,0.013,5.6,11.20,30.0,0.000,0.000,0.000,0.006,0.000,0.000,0.006,0.000,0.006,0.000,0.013,0.000,0.000,0.013,0.000,0.000,0.006,0.000
62.1049,621,0,move,-1,62.1049,62.1158,0,0.000,-0.088,0.176,-0.176,-0.088,0.088,-0.264,-0.088,0.176,0.088,-50.625,34.453,-0.088,0.264,0.000,0.000,0.439,0.176,0.000,0.000,0.000,0.000,0.000,0.000,0.000,0.000,0.000,0.000,-51.143,34.557,0.000,0.000,0.000,0.000,0.000,0.000,0.013,3.2,11.30,28.0,,0.000,0.000,0.006,0.000,0.000,0.006,0.000,0.000,0.000,0.006,0.000,0.000,0.013,0.000,0.000,0.006,0.000
62.2049,622,0,move,-1,62.2049,62.2156,0,0.000,-0.088,0.176,-0.176,-0.088,0.088,-0.264,-0.088,0.176,0.088,-50.625,34.453,-0.088,0.264,0.000,0.000,0.439,0.176,0.000,0.000,0.000,0.000,0.000,0.000,0.000,0.000,0.000,0.000,-51.143,34.557,0.000,0.000,0.000,0.000,0.000,0.000,0.013,3.2,11.30,28.0,,0.000,0.000,0.006,0.000,0.000,0.006,0.000,0.000,0.000,0.006,0.000,0.000,0.013,0.000,0.000,0.006,0.000
62.3049,623,0,move,-1,62.3049,62.3164,0,0.000,-0.088,0.176,-0.176,-0.088,0.088,-0.264,-0.088,0.176,0.088,-50.625,34.453,-0.088,0.264,0.000,0.000,0.439,0.176,0.000,0.000,0.000,0.000,0.000,0.000,0.000,0.000,0.000,0.000,-51.143,34.557,0.000,0.000,0.000,0.000,0.000,0.000,0.013,5.6,11.30,30.0,0.000,0.000,0.000,0.000,0.000,0.000,0.006,0.000,0.006,0.000,0.013,0.000,0.000,0.013,0.000,0.000,0.006,0.000
62.4057,624,0,move,-1,62.4057,62.4165,0,0.000,-0.088,0.176,-0.176,-0.088,0.088,-0.264,-0.088,0.176,0.088,-50.625,34.453,-0.088,0.264,0.000,0.000,0.439,0.176,0.000,0.000,0.000,0.000,0.000,0.000,0.000,0.000,0.000,0.000,-51.143,34.557,0.000,0.000,0.000,0.000,0.000,0.000,0.013,5.6,11.30,30.0,0.000,0.000,0.006,0.000,0.000,0.000,0.000,0.000,0.006,0.000,0.013,0.000,0.000,0.013,0.000,0.000,0.006,0.006
62.5048,625,0,move,-1,62.5048,62.5159,0,0.000,-0.088,0.176,-0.176,-0.088,0.088,-0.264,-0.088,0.176,0.088,-50.625,34.453,-0.088,0.264,0.000,0.000,0.439,0.176,0.000,0.000,0.000,0.000,0.000,0.000,0.000,0.000,0.000,0.000,-51.143,34.557,0.000,0.000,0.000,0.000,0.000,0.000,0.013,5.6,11.30,30.0,0.000,0.000,0.006,0.000,0.000,0.000,0.000,0.000,0.006,0.000,0.013,0.000,0.000,0.013,0.000,0.000,0.006,0.006
62.6047,626,0,move,-1,62.6047,62.6169,0,0.000,-0.088,0.176,-0.176,-0.088,0.088,-0.264,-0.088,0.176,0.088,-50.625,34.453,-0.088,0.264,0.000,0.000,0.439,0.176,0.000,0.000,0.000,0.000,0.000,0.000,0.000,0.000,0.000,0.000,-51.143,34.557,0.000,0.000,0.000,0.000,0.000,0.000,0.013,3.2,11.30,28.0,0.000,0.000,0.006,0.006,0.000,0.000,0.006,0.000,0.006,0.000,0.006,0.000,0.000,0.013,0.000,0.000,0.006,0.000
62.7049,627,0,move,-1,62.7049,62.7158,0,0.000,-0.088,0.176,-0.176,-0.088,0.088,-0.264,-0.088,0.176,0.088,-50.625,34.453,-0.088,0.264,0.000,0.000,0.439,0.176,0.000,0.000,0.000,0.000,0.000,0.000,0.000,0.000,0.000,0.000,-51.143,34.557,0.000,0.000,0.000,0.000,0.000,0.000,0.013,3.2,11.30,28.0,0.000,0.000,0.006,0.006,0.000,0.000,0.006,0.000,0.006,0.000,0.006,0.000,0.000,0.013,0.000,0.000,0.006,0.000
62.8048,628,0,move,-1,62.8048,62.8175,0,0.000,-0.088,0.176,-0.176,-0.088,0.088,-0.264,-0.088,0.176,0.088,-50.625,34.453,-0.088,0.264,0.000,0.000,0.439,0.176,0.000,0.000,0.000,0.000,0.000,0.000,0.000,0.000,0.000,0.000,-51.143,34.557,0.000,0.000,0.000,0.000,0.000,0.000,0.013,5.6,11.30,30.0,0.000,0.000,0.000,0.000,0.000,0.000,0.006,0.000,0.000,0.000,0.013,0.000,0.000,0.006,0.000,0.000,0.013,0.000
62.9048,629,0,move,-1,62.9048,62.9108,0,0.000,-0.088,0.176,-0.176,-0.088,0.088,-0.264,-0.088,0.176,0.088,-50.625,34.453,-0.088,0.264,0.000,0.000,0.439,0.176,0.000,0.000,0.000,0.000,0.000,0.000,0.000,0.000,0.000,0.000,-51.143,34.557,0.000,0.000,0.000,0.000,0.000,0.000,0.013,5.6,11.30,30.0,0.000,0.000,0.000,0.000,0.000,0.000,0.006,0.000,0.000,0.000,0.013,0.000,0.000,0.006,0.000,0.000,0.013,0.000
63.0048,630,0,move,-1,63.0048,63.0159,0,0.000,-0.088,0.176,-0.176,-0.088,0.088,-0.264,-0.088,0.176,0.088,-50.625,34.453,-0.088,0.264,0.000,0.000,0.439,0.176,0.000,0.000,0.000,0.000,0.000,0.000,0.000,0.000,0.000,0.000,-51.143,34.557,0.000,0.000,0.000,0.000,0.000,0.000,0.006,2.4,11.30,32.0,0.000,0.000,0.006,0.000,0.000,0.000,0.000,0.000,0.000,0.000,0.006,0.000,0.000,0.006,0.000,0.000,0.006,0.000
63.1049,631,0,move,-1,63.1049,63.1173,0,0.000,-0.088,0.176,-0.176,-0.088,0.088,-0.264,-0.088,0.176,0.088,-50.625,34.453,-0.088,0.264,0.000,0.000,0.439,0.176,0.000,0.000,0.000,0.000,0.000,0.000,0.000,0.000,0.000,0.000,-51.143,34.557,0.000,0.000,0.000,0.000,0.000,0.000,0.013,3.2,11.30,28.0,0.000,0.000,0.000,0.000,0.000,0.000,0.006,0.000,0.000,0.000,0.006,0.000,0.000,0.013,0.000,0.000,0.006,0.000
63.2148,632,0,move,-1,63.2148,63.2533,0,0.000,-0.088,0.176,-0.176,-0.088,0.088,-0.264,-0.088,0.176,0.088,-50.625,34.453,-0.088,0.264,0.000,0.000,0.439,0.176,0.000,0.000,0.000,0.000,0.000,0.000,0.000,0.000,0.000,0.000,-51.143,34.557,0.000,0.000,0.000,0.000,0.000,0.000,0.006,3.2,11.30,32.0,0.000,0.000,0.000,0.000,0.000,0.000,0.006,0.000,0.000,0.000,0.006,0.000,0.000,0.006,0.000,0.000,0.006,0.000
63.3140,633,0,move,-1,63.3140,63.3348,0,0.000,-0.088,0.176,-0.176,-0.088,0.088,-0.264,-0.088,0.176,0.088,-50.625,34.453,-0.088,0.264,0.000,0.000,0.439,0.176,0.000,0.000,0.000,0.000,0.000,0.000,0.000,0.000,0.000,0.000,-51.143,34.557,0.000,0.000,0.000,0.000,0.000,0.000,0.006,3.2,11.30,32.0,0.000,0.000,0.000,0.000,0.000,0.000,0.006,0.000,0.000,0.000,0.006,0.000,0.000,0.006,0.000,0.000,0.006,0.000
63.4133,634,0,move,-1,63.4133,63.4398,0,0.000,-0.088,0.176,-0.176,-0.088,0.088,-0.264,-0.088,0.176,0.088,-50.625,34.453,-0.088,0.264,0.000,0.000,0.439,0.176,0.000,0.000,0.000,0.000,0.000,0.000,0.000,0.000,0.000,0.000,-51.143,34.557,0.000,0.000,0.000,0.000,0.000,0.000,0.013,5.6,11.30,30.0,0.000,0.000,0.000,0.006,0.000,0.000,0.006,0.000,0.000,0.000,0.013,0.000,0.000,0.006,0.000,0.000,0.006,0.006
63.5048,635,0,move,-1,63.5048,63.5158,0,0.000,-0.088,0.176,-0.176,-0.088,0.088,-0.264,-0.088,0.176,0.088,-50.625,34.453,-0.088,0.264,0.000,0.000,0.439,0.176,0.000,0.000,0.000,0.000,0.000,0.000,0.000,0.000,0.000,0.000,-51.143,34.557,0.000,0.000,0.000,0.000,0.000,0.000,0.013,5.6,11.30,30.0,0.000,0.000,0.000,0.006,0.000,0.000,0.006,0.000,0.000,0.000,0.013,0.000,0.000,0.006,0.000,0.000,0.006,0.006
63.6049,636,0,move,-1,63.6049,63.6143,0,0.000,-0.088,0.176,-0.176,-0.088,0.088,-0.264,-0.088,0.176,0.088,-50.625,34.453,-0.088,0.264,0.000,0.000,0.439,0.176,0.000,0.000,0.000,0.000,0.000,0.000,0.000,0.000,0.000,0.000,-51.143,34.557,0.000,0.000,0.000,0.000,0.000,0.000,0.013,3.2,11.30,28.0,0.000,0.000,0.000,0.000,0.000,0.000,0.006,0.000,0.000,0.000,0.006,0.000,0.000,0.013,0.000,0.000,0.013,0.006
63.7049,637,0,move,-1,63.7049,63.7165,0,0.000,-0.088,0.176,-0.176,-0.088,0.088,-0.264,-0.088,0.176,0.088,-50.625,34.453,-0.088,0.264,0.000,0.000,0.439,0.176,0.000,0.000,0.000,0.000,0.000,0.000,0.000,0.000,0.000,0.000,-51.143,34.557,0.000,0.000,0.000,0.000,0.000,0.000,0.013,5.6,11.30,30.0,0.000,0.000,0.000,0.000,0.000,0.000,0.000,0.000,0.006,0.000,0.013,0.000,0.000,0.006,0.000,0.000,0.006,0.000
63.8049,638,0,move,-1,63.8049,63.8151,0,0.000,-0.088,0.176,-0.176,-0.088,0.088,-0.264,-0.088,0.176,0.088,-50.625,34.453,-0.088,0.264,0.000,0.000,0.439,0.176,0.000,0.000,0.000,0.000,0.000,0.000,0.000,0.000,0.000,0.000,-51.143,34.557,0.000,0.000,0.000,0.000,0.000,0.000,0.013,5.6,11.30,30.0,0.000,0.000,0.000,0.000,0.000,0.000,0.000,0.000,0.006,0.000,0.013,0.000,0.000,0.006,0.000,0.000,0.006,0.000
63.9050,639,0,move,-1,63.9050,63.9164,0,0.000,-0.088,0.176,-0.176,-0.088,0.088,-0.264,-0.088,0.176,0.088,-50.625,34.453,-0.088,0.264,0.000,0.000,0.439,0.176,0.000,0.000,0.000,0.000,0.000,0.000,0.000,0.000,0.000,0.000,-51.143,34.557,0.000,0.000,0.000,0.000,0.000,0.000,0.013,5.6,11.20,30.0,0.000,0.000,0.000,0.000,0.000,0.000,0.006,0.000,0.000,0.000,0.013,0.000,0.000,0.013,0.000,0.000,0.013,0.000
64.0048,640,0,move,-1,64.0048,64.0179,0,0.000,-0.088,0.176,-0.176,-0.088,0.088,-0.264,-0.088,0.176,0.088,-50.625,34.453,-0.088,0.264,0.000,0.000,0.439,0.176,0.000,0.000,0.000,0.000,0.000,0.000,0.000,0.000,0.000,0.000,-51.143,34.557,0.000,0.000,0.000,0.000,0.000,0.000,0.013,3.2,11.30,28.0,0.000,0.000,0.000,0.000,0.000,0.000,0.006,0.000,0.000,0.000,0.006,0.000,0.000,0.013,0.000,0.000,0.006,0.000
64.1050,641,0,move,-1,64.1050,64.1171,0,0.000,-0.088,0.176,-0.176,-0.088,0.088,-0.264,-0.088,0.176,0.088,-50.625,34.453,-0.088,0.264,0.000,0.000,0.439,0.176,0.000,0.000,0.000,0.000,0.000,0.000,0.000,0.000,0.000,0.000,-51.143,34.557,0.000,0.000,0.000,0.000,0.000,0.000,0.013,3.2,11.30,28.0,0.000,0.000,0.000,0.000,0.000,0.000,0.006,0.000,0.000,0.000,0.006,0.000,0.000,0.013,0.000,0.000,0.006,0.000
64.2049,642,0,move,-1,64.2049,64.2152,0,0.000,-0.088,0.176,-0.176,-0.088,0.088,-0.264,-0.088,0.176,0.088,-50.625,34.453,-0.088,0.264,0.000,0.000,0.439,0.176,0.000,0.000,0.000,0.000,0.000,0.000,0.000,0.000,0.000,0.000,-51.143,34.557,0.000,0.000,0.000,0.000,0.000,0.000,0.013,5.6,11.30,31.0,0.000,0.000,0.000,0.000,0.000,0.000,0.006,0.000,0.000,0.000,0.013,0.000,0.000,0.006,0.000,0.000,0.006,0.000
64.3049,643,0,move,-1,64.3049,64.3169,0,0.000,-0.088,0.176,-0.176,-0.088,0.088,-0.264,-0.088,0.176,0.088,-50.625,34.453,-0.088,0.264,0.000,0.000,0.439,0.176,0.000,0.000,0.000,0.000,0.000,0.000,0.000,0.000,0.000,0.000,-51.143,34.557,0.000,0.000,0.000,0.000,0.000,0.000,0.013,3.2,11.30,28.0,0.000,0.000,0.000,0.000,0.000,0.000,0.006,0.000,0.000,0.000,0.006,0.000,0.000,0.013,0.000,0.000,0.006,0.006
64.4047,644,0,move,-1,64.4047,64.4152,0,0.000,-0.088,0.176,-0.176,-0.088,0.088,-0.264,-0.088,0.176,0.088,-50.625,34.453,-0.088,0.264,0.000,0.000,0.439,0.176,0.000,0.000,0.000,0.000,0.000,0.000,0.000,0.000,0.000,0.000,-51.143,34.557,0.000,0.000,0.000,0.000,0.000,0.000,0.013,3.2,11.30,28.0,0.000,0.000,0.000,0.000,0.000,0.000,0.006,0.000,0.000,0.000,0.006,0.000,0.000,0.013,0.000,0.000,0.006,0.006
64.5076,645,0,move,-1,64.5076,64.5352,0,0.000,-0.088,0.176,-0.176,-0.088,0.088,-0.264,-0.088,0.176,0.088,-50.625,34.453,-0.088,0.264,0.000,0.000,0.439,0.176,0.000,0.000,0.000,0.000,0.000,0.000,0.000,0.000,0.000,0.000,-51.143,34.557,0.000,0.000,0.000,0.000,0.000,0.000,0.006,3.2,11.20,31.0,0.000,0.000,0.000,0.000,0.000,0.000,0.006,0.000,0.000,0.000,0.006,0.000,0.000,0.006,0.000,0.000,0.006,0.000
64.6048,646,0,move,-1,64.6048,64.6151,0,0.000,-0.088,0.176,-0.176,-0.088,0.088,-0.264,-0.088,0.176,0.088,-50.625,34.453,-0.088,0.264,0.000,0.000,0.439,0.176,0.000,0.000,0.000,0.000,0.000,0.000,0.000,0.000,0.000,0.000,-51.143,34.557,0.000,0.000,0.000,0.000,0.000,0.000,0.006,3.2,11.20,31.0,0.000,0.000,0.000,0.000,0.000,0.000,0.006,0.000,0.000,0.000,0.006,0.000,0.000,0.006,0.000,0.000,0.006,0.000
64.7048,647,0,move,-1,64.7048,64.7161,0,0.000,-0.088,0.176,-0.176,-0.088,0.088,-0.264,-0.088,0.176,0.088,-50.625,34.453,-0.088,0.264,0.000,0.000,0.439,0.176,0.000,0.000,0.000,0.000,0.000,0.000,0.000,0.000,0.000,0.000,-51.143,34.557,0.000,0.000,0.000,0.000,0.000,0.000,0.013,5.6,11.30,30.0,0.000,0.000,0.000,0.000,0.000,0.000,0.006,0.000,0.006,0.000,0.013,0.000,0.000,0.013,0.000,0.000,0.006,0.000
64.8048,648,0,move,-1,64.8048,64.8175,0,0.000,-0.088,0.176,-0.176,-0.088,0.088,-0.264,-0.088,0.176,0.088,-50.625,34.453,-0.088,0.264,0.000,0.000,0.439,0.176,0.000,0.000,0.000,0.000,0.000,0.000,0.000,0.000,0.000,0.000,-51.143,34.557,0.000,0.000,0.000,0.000,0.000,0.000,0.013,5.6,11.30,30.0,0.000,0.000,0.000,0.000,0.000,0.000,0.006,0.000,0.000,0.000,0.013,0.000,0.000,0.013,0.000,0.000,0.013,0.006
64.9052,649,0,move,-1,64.9052,64.9104,0,0.000,-0.088,0.176,-0.176,-0.088,0.088,-0.264,-0.088,0.176,0.088,-50.625,34.453,-0.088,0.264,0.000,0.000,0.439,0.176,0.000,0.000,0.000,0.000,0.000,0.000,0.000,0.000,0.000,0.000,-51.143,34.557,0.000,0.000,0.000,0.000,0.000,0.000,0.013,5.6,11.30,30.0,0.000,0.000,0.000,0.000,0.000,0.000,0.006,0.000,0.000,0.000,0.013,0.000,0.000,0.013,0.000,0.000,0.013,0.006
65.0048,650,0,move,-1,65.0048,65.0148,0,0.000,-0.088,0.176,-0.176,-0.088,0.088,-0.264,-0.088,0.176,0.088,-50.625,34.453,-0.088,0.264,0.000,0.000,0.439,0.176,0.000,0.000,0.000,0.000,0.000,0.000,0.000,0.000,0.000,0.000,-51.143,34.557,0.000,0.000,0.000,0.000,0.000,0.000,0.013,3.2,11.30,28.0,0.000,0.000,0.006,0.006,0.000,0.000,0.006,0.000,0.006,0.000,0.006,0.000,0.000,0.013,0.000,0.000,0.013,0.000
65.1049,651,0,move,-1,65.1049,65.1167,0,0.000,-0.088,0.176,-0.176,-0.088,0.088,-0.264,-0.088,0.176,0.088,-50.625,34.453,-0.088,0.264,0.000,0.000,0.439,0.176,0.000,0.000,0.000,0.000,0.000,0.000,0.000,0.000,0.000,0.000,-51.143,34.557,0.000,0.000,0.000,0.000,0.000,0.000,0.013,5.6,11.30,31.0,0.000,0.000,0.000,0.000,0.000,0.000,0.006,0.000,0.006,0.000,0.013,0.000,0.000,0.006,0.000,0.000,0.013,0.006
65.2048,652,0,move,-1,65.2048,65.2153,0,0.000,-0.088,0.176,-0.176,-0.088,0.088,-0.264,-0.088,0.176,0.088,-50.625,34.453,-0.088,0.264,0.000,0.000,0.439,0.176,0.000,0.000,0.000,0.000,0.000,0.000,0.000,0.000,0.000,0.000,-51.143,34.557,0.000,0.000,0.000,0.000,0.000,0.000,0.013,5.6,11.30,31.0,0.000,0.000,0.000,0.000,0.000,0.000,0.006,0.000,0.006,0.000,0.013,0.000,0.000,0.006,0.000,0.000,0.013,0.006
65.3048,653,0,move,-1,65.3048,65.3161,0,0.000,-0.088,0.176,-0.176,-0.088,0.088,-0.264,-0.088,0.176,0.088,-50.625,34.453,-0.088,0.264,0.000,0.000,0.439,0.176,0.000,0.000,0.000,0.000,0.000,0.000,0.000,0.000,0.000,0.000,-51.143,34.557,0.000,0.000,0.000,0.000,0.000,0.000,0.013,5.6,11.30,30.0,0.000,0.000,0.000,0.006,0.000,0.000,0.000,0.000,0.000,0.000,0.013,0.000,0.000,0.013,0.000,0.000,0.013,0.006
65.4048,654,0,move,-1,65.4048,65.4150,0,0.000,-0.088,0.176,-0.176,-0.088,0.088,-0.264,-0.088,0.176,0.088,-50.625,34.453,-0.088,0.264,0.000,0.000,0.439,0.176,0.000,0.000,0.000,0.000,0.000,0.000,0.000,0.000,0.000,0.000,-51.143,34.557,0.000,0.000,0.000,0.000,0.000,0.000,0.013,5.6,11.30,30.0,0.000,0.000,0.000,0.006,0.000,0.000,0.000,0.000,0.000,0.000,0.013,0.000,0.000,0.013,0.000,0.000,0.013,0.006
65.5049,655,0,move,-1,65.5049,65.5153,0,0.000,-0.088,0.176,-0.176,-0.088,0.088,-0.264,-0.088,0.176,0.088,-50.625,34.453,-0.088,0.264,0.000,0.000,0.439,0.176,0.000,0.000,0.000,0.000,0.000,0.000,0.000,0.000,0.000,0.000,-51.143,34.557,0.000,0.000,0.000,0.000,0.000,0.000,0.013,3.2,11.30,28.0,0.000,0.000,0.000,0.000,0.000,0.000,0.006,0.000,0.000,0.000,0.006,0.000,0.000,0.013,0.000,0.000,0.006,0.000
65.6048,656,0,move,-1,65.6048,65.6175,0,0.000,-0.088,0.176,-0.176,-0.088,0.088,-0.264,-0.088,0.176,0.088,-50.625,34.453,-0.088,0.264,0.000,0.000,0.439,0.176,0.000,0.000,0.000,0.000,0.000,0.000,0.000,0.000,0.000,0.000,-51.143,34.557,0.000,0.000,0.000,0.000,0.000,0.000,0.013,5.6,11.30,30.0,0.000,0.000,0.006,0.000,0.000,0.000,0.000,0.000,0.000,0.000,0.013,0.000,0.000,0.006,0.000,0.000,0.006,0.000
65.7049,657,0,move,-1,65.7049,65.7155,0,0.000,-0.088,0.176,-0.176,-0.088,0.088,-0.264,-0.088,0.176,0.088,-50.625,34.453,-0.088,0.264,0.000,0.000,0.439,0.176,0.000,0.000,0.000,0.000,0.000,0.000,0.000,0.000,0.000,0.000,-51.143,34.557,0.000,0.000,0.000,0.000,0.000,0.000,0.013,5.6,11.30,30.0,0.000,0.000,0.006,0.000,0.000,0.000,0.000,0.000,0.000,0.000,0.013,0.000,0.000,0.006,0.000,0.000,0.006,0.000
65.8049,658,0,move,-1,65.8049,65.8177,0,0.000,-0.088,0.176,-0.176,-0.088,0.088,-0.264,-0.088,0.176,0.088,-50.625,34.453,-0.088,0.264,0.000,0.000,0.439,0.176,0.000,0.000,0.000,0.000,0.000,0.000,0.000,0.000,0.000,0.000,-51.143,34.557,0.000,0.000,0.000,0.000,0.000,0.000,0.013,3.2,11.30,28.0,0.000,0.000,0.000,0.006,0.000,0.000,0.006,0.000,0.000,0.000,0.006,0.000,0.000,0.013,0.000,0.000,0.006,0.000
65.9049,659,0,move,-1,65.9049,65.9159,0,0.000,-0.088,0.176,-0.176,-0.088,0.088,-0.264,-0.088,0.176,0.088,-50.625,34.453,-0.088,0.264,0.000,0.000,0.439,0.176,0.000,0.000,0.000,0.000,0.000,0.000,0.000,0.000,0.000,0.000,-51.143,34.557,0.000,0.000,0.000,0.000,0.000,0.000,0.013,3.2,11.30,28.0,0.000,0.000,0.000,0.006,0.000,0.000,0.006,0.000,0.000,0.000,0.006,0.000,0.000,0.013,0.000,0.000,0.006,0.000
66.0156,660,0,move,-1,66.0156,66.0719,0,0.000,-0.088,0.176,-0.176,-0.088,0.088,-0.264,-0.088,0.176,0.088,-50.625,34.453,-0.088,0.264,0.000,0.000,0.439,0.176,0.000,0.000,0.000,0.000,0.000,0.000,0.000,0.000,0.000,0.000,-51.143,34.557,0.000,0.000,0.000,0.000,0.000,0.000,0.006,2.4,11.30,31.0,0.000,0.000,0.000,0.006,0.000,0.000,0.006,0.000,0.000,0.000,0.006,0.000,0.000,0.006,0.000,0.000,0.006,0.006
66.1048,661,0,move,-1,66.1048,66.1158,0,0.000,-0.088,0.176,-0.176,-0.088,0.088,-0.264,-0.088,0.176,0.088,-50.625,34.453,-0.088,0.264,0.000,0.000,0.439,0.176,0.000,0.000,0.000,0.000,0.000,0.000,0.000,0.000,0.000,0.000,-51.143,34.557,0.000,0.000,0.000,0.000,0.000,0.000,0.006,2.4,11.30,31.0,0.000,0.000,0.000,0.006,0.000,0.000,0.006,0.000,0.000,0.000,0.006,0.000,0.000,0.006,0.000,0.000,0.006,0.006
66.2049,662,0,move,-1,66.2049,66.2174,0,0.000,-0.088,0.176,-0.176,-0.088,0.088,-0.264,-0.088,0.176,0.088,-50.625,34.453,-0.088,0.264,0.000,0.000,0.439,0.176,0.000,0.000,0.000,0.000,0.000,0.000,0.000,0.000,0.000,0.000,-51.143,34.557,0.000,0.000,0.000,0.000,0.000,0.000,0.013,4.8,11.30,31.0,0.000,0.000,0.000,0.000,0.000,0.000,0.000,0.000,0.006,0.000,0.006,0.000,0.006,0.006,0.000,0.000,0.013,0.000
66.3047,663,0,move,-1,66.3047,66.3159,0,0.000,-0.088,0.176,-0.176,-0.088,0.088,-0.264,-0.088,0.176,0.088,-50.625,34.453,-0.088,0.264,0.000,0.000,0.439,0.176,0.000,0.000,0.000,0.000,0.000,0.000,0.000,0.000,0.000,0.000,-51.143,34.557,0.000,0.000,0.000,0.000,0.000,0.000,0.013,4.8,11.30,31.0,0.000,0.000,0.000,0.000,0.000,0.000,0.000,0.000,0.006,0.000,0.006,0.000,0.006,0.006,0.000,0.000,0.013,0.000
66.4099,664,0,move,-1,66.4099,66.4467,0,0.000,-0.088,0.176,-0.176,-0.088,0.088,-0.264,-0.088,0.176,0.088,-50.625,34.453,-0.088,0.264,0.000,0.000,0.439,0.176,0.000,0.000,0.000,0.000,0.000,0.000,0.000,0.000,0.000,0.000,-51.143,34.557,0.000,0.000,0.000,0.000,0.000,0.000,0.013,5.6,11.20,31.0,0.000,0.000,0.000,0.006,0.000,0.000,0.006,0.000,0.000,0.000,0.013,0.000,0.000,0.006,0.000,0.000,0.013,0.000
66.5054,665,0,move,-1,66.5054,66.5323,0,0.000,-0.088,0.176,-0.176,-0.088,0.088,-0.264,-0.088,0.176,0.088,-50.625,34.453,-0.088,0.264,0.000,0.000,0.439,0.176,0.000,0.000,0.000,0.000,0.000,0.000,0.000,0.000,0.000,0.000,-51.143,34.557,0.000,0.000,0.000,0.000,0.000,0.000,0.013,5.6,11.20,31.0,0.000,0.000,0.000,0.006,0.000,0.000,0.006,0.000,0.000,0.000,0.013,0.000,0.000,0.006,0.000,0.000,0.013,0.000
66.6049,666,0,move,-1,66.6049,66.6160,0,0.000,-0.088,0.176,-0.176,-0.088,0.088,-0.264,-0.088,0.176,0.088,-50.625,34.453,-0.088,0.264,0.000,0.000,0.439,0.176,0.000,0.000,0.000,0.000,0.000,0.000,0.000,0.000,0.000,0.000,-51.143,34.557,0.000,0.000,0.000,0.000,0.000,0.000,0.013,5.6,11.30,30.0,0.000,0.000,0.000,0.000,0.000,0.000,0.000,0.000,0.000,0.000,0.013,0.000,0.000,0.013,0.000,0.000,0.006,0.000
66.7048,667,0,move,-1,66.7048,66.7155,0,0.000,-0.088,0.176,-0.176,-0.088,0.088,-0.264,-0.088,0.176,0.088,-50.625,34.453,-0.088,0.264,0.000,0.000,0.439,0.176,0.000,0.000,0.000,0.000,0.000,0.000,0.000,0.000,0.000,0.000,-51.143,34.557,0.000,0.000,0.000,0.000,0.000,0.000,0.013,5.6,11.30,30.0,0.000,0.000,0.000,0.000,0.000,0.000,0.000,0.000,0.000,0.000,0.013,0.000,0.000,0.013,0.000,0.000,0.006,0.000
66.8049,668,0,move,-1,66.8049,66.8151,0,0.000,-0.088,0.176,-0.176,-0.088,0.088,-0.264,-0.088,0.176,0.088,-50.625,34.453,-0.088,0.264,0.000,0.000,0.439,0.176,0.000,0.000,0.000,0.000,0.000,0.000,0.000,0.000,0.000,0.000,-51.143,34.557,0.000,0.000,0.000,0.000,0.000,0.000,0.006,3.2,11.30,32.0,0.000,0.000,0.000,0.000,0.000,0.000,0.006,0.000,0.000,0.000,0.006,0.000,0.000,0.006,0.000,0.000,0.006,0.006
66.9096,669,0,move,-1,66.9096,66.9493,0,0.000,-0.088,0.176,-0.176,-0.088,0.088,-0.264,-0.088,0.176,0.088,-50.625,34.453,-0.088,0.264,0.000,0.000,0.439,0.176,0.000,0.000,0.000,0.000,0.000,0.000,0.000,0.000,0.000,0.000,-51.143,34.557,0.000,0.000,0.000,0.000,0.000,0.000,0.013,5.6,11.30,30.0,0.000,0.000,0.000,0.000,0.000,0.000,0.006,0.000,0.000,0.000,0.013,0.000,0.000,0.006,0.000,0.000,0.006,0.006
67.0049,670,0,move,-1,67.0049,67.0162,0,0.000,-0.088,0.176,-0.176,-0.088,0.088,-0.264,-0.088,0.176,0.088,-50.625,34.453,-0.088,0.264,0.000,0.000,0.439,0.176,0.000,0.000,0.000,0.000,0.000,0.000,0.000,0.000,0.000,0.000,-51.143,34.557,0.000,0.000,0.000,0.000,0.000,0.000,0.013,5.6,11.30,30.0,0.000,0.000,0.000,0.000,0.000,0.000,0.006,0.000,0.000,0.000,0.013,0.000,0.000,0.006,0.000,0.000,0.006,0.006
67.1049,671,0,move,-1,67.1049,67.1181,0,0.000,-0.088,0.176,-0.176,-0.088,0.088,-0.264,-0.088,0.176,0.088,-50.625,34.453,-0.088,0.264,0.000,0.000,0.439,0.176,0.000,0.000,0.000,0.000,0.000,0.000,0.000,0.000,0.000,0.000,-51.143,34.557,0.000,0.000,0.000,0.000,0.000,0.000,0.013,5.6,11.30,30.0,0.000,0.000,0.000,0.006,0.000,0.000,0.000,0.000,0.000,0.000,0.013,0.000,0.000,0.013,0.000,0.000,0.006,0.006
67.2048,672,0,move,-1,67.2048,67.2102,0,0.000,-0.088,0.176,-0.176,-0.088,0.088,-0.264,-0.088,0.176,0.088,-50.625,34.453,-0.088,0.264,0.000,0.000,0.439,0.176,0.000,0.000,0.000,0.000,0.000,0.000,0.000,0.000,0.000,0.000,-51.143,34.557,0.000,0.000,0.000,0.000,0.000,0.000,0.013,5.6,11.30,30.0,0.000,0.000,0.000,0.006,0.000,0.000,0.000,0.000,0.000,0.000,0.013,0.000,0.000,0.013,0.000,0.000,0.006,0.006
67.3049,673,0,move,-1,67.3049,67.3151,0,0.000,-0.088,0.176,-0.176,-0.088,0.088,-0.264,-0.088,0.176,0.088,-50.625,34.453,-0.088,0.264,0.000,0.000,0.439,0.176,0.000,0.000,0.000,0.000,0.000,0.000,0.000,0.000,0.000,0.000,-51.143,34.557,0.000,0.000,0.000,0.000,0.000,0.000,0.013,5.6,11.30,30.0,0.000,0.000,0.006,0.000,0.000,0.000,0.006,0.000,0.000,0.000,0.013,0.000,0.000,0.013,0.000,0.000,0.006,0.006
67.4049,674,0,move,-1,67.4049,67.4186,0,0.000,-0.088,0.176,-0.176,-0.088,0.088,-0.264,-0.088,0.176,0.088,-50.625,34.453,-0.088,0.264,0.000,0.000,0.439,0.176,0.000,0.000,0.000,0.000,0.000,0.000,0.000,0.000,0.000,0.000,-51.143,34.557,0.000,0.000,0.000,0.000,0.000,0.000,0.013,5.6,11.30,30.0,0.000,0.000,0.000,0.000,0.000,0.000,0.006,0.000,0.000,0.000,0.013,0.000,0.000,0.006,0.000,0.000,0.006,0.000
67.5215,675,0,move,-1,67.5215,67.5820,0,0.000,-0.088,0.176,-0.176,-0.088,0.088,-0.264,-0.088,0.176,0.088,-50.625,34.453,-0.088,0.264,0.000,0.000,0.439,0.176,0.000,0.000,0.000,0.000,0.000,0.000,0.000,0.000,0.000,0.000,-51.143,34.557,0.000,0.000,0.000,0.000,0.000,0.000,0.013,3.2,11.30,28.0,0.000,0.000,0.000,0.000,0.000,0.000,0.006,0.000,0.000,0.000,0.006,0.000,0.000,0.013,0.000,0.000,0.006,0.000
67.6048,676,0,move,-1,67.6048,67.6158,0,0.000,-0.088,0.176,-0.176,-0.088,0.088,-0.264,-0.088,0.176,0.088,-50.625,34.453,-0.088,0.264,0.000,0.000,0.439,0.176,0.000,0.000,0.000,0.000,0.000,0.000,0.000,0.000,0.000,0.000,-51.143,34.557,0.000,0.000,0.000,0.000,0.000,0.000,0.013,3.2,11.30,28.0,0.000,0.000,0.000,0.000,0.000,0.000,0.006,0.000,0.000,0.000,0.006,0.000,0.000,0.013,0.000,0.000,0.006,0.000
67.7049,677,0,move,-1,67.7049,67.7143,0,0.000,-0.088,0.176,-0.176,-0.088,0.088,-0.264,-0.088,0.176,0.088,-50.625,34.453,-0.088,0.264,0.000,0.000,0.439,0.176,0.000,0.000,0.000,0.000,0.000,0.000,0.000,0.000,0.000,0.000,-51.143,34.557,0.000,0.000,0.000,0.000,0.000,0.000,0.013,3.2,11.30,28.0,0.000,0.000,0.006,0.006,0.000,0.000,0.006,0.000,0.006,0.000,0.006,0.000,0.000,0.013,0.000,0.000,0.013,0.006
67.8050,678,0,move,-1,67.8050,67.8166,0,0.000,-0.088,0.176,-0.176,-0.088,0.088,-0.264,-0.088,0.176,0.088,-50.625,34.453,-0.088,0.264,0.000,0.000,0.439,0.176,0.000,0.000,0.000,0.000,0.000,0.000,0.000,0.000,0.000,0.000,-51.143,34.557,0.000,0.000,0.000,0.000,0.000,0.000,0.013,5.6,11.30,31.0,0.000,0.000,0.000,0.006,0.000,0.000,0.006,0.000,0.000,0.000,0.013,0.000,0.000,0.006,0.000,0.000,0.006,0.006
67.9049,679,0,move,-1,67.9049,67.9158,0,0.000,-0.088,0.176,-0.176,-0.088,0.088,-0.264,-0.088,0.176,0.088,-50.625,34.453,-0.088,0.264,0.000,0.000,0.439,0.176,0.000,0.000,0.000,0.000,0.000,0.000,0.000,0.000,0.000,0.000,-51.143,34.557,0.000,0.000,0.000,0.000,0.000,0.000,0.013,5.6,11.30,31.0,0.000,0.000,0.000,0.006,0.000,0.000,0.006,0.000,0.000,0.000,0.013,0.000,0.000,0.006,0.000,0.000,0.006,0.006
68.0049,680,0,move,-1,68.0049,68.0157,0,0.000,-0.088,0.176,-0.176,-0.088,0.088,-0.264,-0.088,0.176,0.088,-50.625,34.453,-0.088,0.264,0.000,0.000,0.439,0.176,0.000,0.000,0.000,0.000,0.000,0.000,0.000,0.000,0.000,0.000,-51.143,34.557,0.000,0.000,0.000,0.000,0.000,0.000,0.013,5.6,11.30,30.0,0.000,0.000,0.000,0.000,0.000,0.000,0.006,0.000,0.000,0.000,0.013,0.000,0.000,0.013,0.000,0.000,0.006,0.000
68.1079,681,0,move,-1,68.1079,68.1711,0,0.000,-0.088,0.176,-0.176,-0.088,0.088,-0.264,-0.088,0.176,0.088,-50.625,34.453,-0.088,0.264,0.000,0.000,0.439,0.176,0.000,0.000,0.000,0.000,0.000,0.000,0.000,0.000,0.000,0.000,-51.143,34.557,0.000,0.000,0.000,0.000,0.000,0.000,0.013,5.6,11.30,31.0,0.000,0.000,0.000,0.000,0.000,0.000,0.006,0.000,0.000,0.000,0.013,0.000,0.000,0.013,0.000,0.006,0.006,0.006
68.2051,682,0,move,-1,68.2051,68.2171,0,0.000,-0.088,0.176,-0.176,-0.088,0.088,-0.264,-0.088,0.176,0.088,-50.625,34.453,-0.088,0.264,0.000,0.000,0.439,0.176,0.000,0.000,0.000,0.000,0.000,0.000,0.000,0.000,0.000,0.000,-51.143,34.557,0.000,0.000,0.000,0.000,0.000,0.000,0.013,5.6,11.30,31.0,0.000,0.000,0.000,0.000,0.000,0.000,0.006,0.000,0.000,0.000,0.013,0.000,0.000,0.013,0.000,0.006,0.006,0.006
68.3049,683,0,move,-1,68.3049,68.3169,0,0.000,-0.088,0.176,-0.176,-0.088,0.088,-0.264,-0.088,0.176,0.088,-50.625,34.453,-0.088,0.264,0.000,0.000,0.439,0.176,0.000,0.000,0.000,0.000,0.000,0.000,0.000,0.000,0.000,0.000,-51.143,34.557,0.000,0.000,0.000,0.000,0.000,0.000,0.013,5.6,11.30,30.0,0.000,0.000,0.000,0.000,0.000,0.000,0.006,0.000,0.000,0.000,0.013,0.000,0.000,0.013,0.000,0.000,0.006,0.006
68.4049,684,0,move,-1,68.4049,68.4157,0,0.000,-0.088,0.176,-0.176,-0.088,0.088,-0.264,-0.088,0.176,0.088,-50.625,34.453,-0.088,0.264,0.000,0.000,0.439,0.176,0.000,0.000,0.000,0.000,0.000,0.000,0.000,0.000,0.000,0.000,-51.143,34.557,0.000,0.000,0.000,0.000,0.000,0.000,0.013,5.6,11.30,30.0,0.000,0.000,0.000,0.000,0.000,0.000,0.006,0.000,0.000,0.000,0.013,0.000,0.000,0.013,0.000,0.000,0.006,0.006
68.5048,685,0,move,-1,68.5048,68.5307,0,0.000,-0.088,0.176,-0.176,-0.088,0.088,-0.264,-0.088,0.176,0.088,-50.625,34.453,-0.088,0.264,0.000,0.000,0.439,0.176,0.000,0.000,0.000,0.000,0.000,0.000,0.000,0.000,0.000,0.000,-51.143,34.557,0.000,0.000,0.000,0.000,0.000,0.000,0.006,3.2,11.30,32.0,0.000,0.000,0.000,0.000,0.000,0.000,0.006,0.000,0.000,0.000,0.006,0.000,0.000,0.006,0.000,0.000,0.006,0.000
68.6050,686,0,move,-1,68.6050,68.6177,0,0.000,-0.088,0.176,-0.176,-0.088,0.088,-0.264,-0.088,0.176,0.088,-50.625,34.453,-0.088,0.264,0.000,0.000,0.439,0.176,0.000,0.000,0.000,0.000,0.000,0.000,0.000,0.000,0.000,0.000,-51.143,34.557,0.000,0.000,0.000,0.000,0.000,0.000,0.006,3.2,11.30,32.0,0.000,0.000,0.000,0.000,0.000,0.000,0.006,0.000,0.000,0.000,0.006,0.000,0.000,0.006,0.000,0.000,0.006,0.000
68.7048,687,0,move,-1,68.7048,68.7153,0,0.000,-0.088,0.176,-0.176,-0.088,0.088,-0.264,-0.088,0.176,0.088,-50.625,34.453,-0.088,0.264,0.000,0.000,0.439,0.176,0.000,0.000,0.000,0.000,0.000,0.000,0.000,0.000,0.000,0.000,-51.143,34.557,0.000,0.000,0.000,0.000,0.000,0.000,0.013,3.2,11.30,28.0,0.000,0.000,0.000,0.000,0.000,0.000,0.000,0.000,0.000,0.000,0.006,0.000,0.000,0.013,0.000,0.000,0.006,0.000
68.8048,688,0,move,-1,68.8048,68.8173,0,0.000,-0.088,0.176,-0.176,-0.088,0.088,-0.264,-0.088,0.176,0.088,-50.625,34.453,-0.088,0.264,0.000,0.000,0.439,0.176,0.000,0.000,0.000,0.000,0.000,0.000,0.000,0.000,0.000,0.000,-51.143,34.557,0.000,0.000,0.000,0.000,0.000,0.000,0.013,5.6,11.30,30.0,0.000,0.000,0.000,0.000,0.000,0.000,0.000,0.000,0.000,0.000,0.013,0.000,0.000,0.013,0.000,0.000,0.006,0.000
68.9048,689,0,move,-1,68.9048,68.9155,0,0.000,-0.088,0.176,-0.176,-0.088,0.088,-0.264,-0.088,0.176,0.088,-50.625,34.453,-0.088,0.264,0.000,0.000,0.439,0.176,0.000,0.000,0.000,0.000,0.000,0.000,0.000,0.000,0.000,0.000,-51.143,34.557,0.000,0.000,0.000,0.000,0.000,0.000,0.013,5.6,11.30,30.0,0.000,0.000,0.000,0.000,0.000,0.000,0.000,0.000,0.000,0.000,0.013,0.000,0.000,0.013,0.000,0.000,0.006,0.000
69.0048,690,0,move,-1,69.0048,69.0169,0,0.000,-0.088,0.176,-0.176,-0.088,0.088,-0.264,-0.088,0.176,0.088,-50.625,34.453,-0.088,0.264,0.000,0.000,0.439,0.176,0.000,0.000,0.000,0.000,0.000,0.000,0.000,0.000,0.000,0.000,-51.143,34.557,0.000,0.000,0.000,0.000,0.000,0.000,0.013,5.6,11.20,30.0,0.000,0.000,0.000,0.000,0.000,0.000,0.000,0.000,0.000,0.000,0.013,0.000,0.000,0.013,0.000,0.000,0.013,0.000
69.1049,691,0,move,-1,69.1049,69.1150,0,0.000,-0.088,0.176,-0.176,-0.088,0.088,-0.264,-0.088,0.176,0.088,-50.625,34.453,-0.088,0.264,0.000,0.000,0.439,0.176,0.000,0.000,0.000,0.000,0.000,0.000,0.000,0.000,0.000,0.000,-51.143,34.557,0.000,0.000,0.000,0.000,0.000,0.000,0.013,5.6,11.20,30.0,0.000,0.000,0.000,0.000,0.000,0.000,0.000,0.000,0.000,0.000,0.013,0.000,0.000,0.013,0.000,0.000,0.013,0.000
69.2048,692,0,move,-1,69.2048,69.2159,0,0.000,-0.088,0.176,-0.176,-0.088,0.088,-0.264,-0.088,0.176,0.088,-50.625,34.453,-0.088,0.264,0.000,0.000,0.439,0.176,0.000,0.000,0.000,0.000,0.000,0.000,0.000,0.000,0.000,0.000,-51.143,34.557,0.000,0.000,0.000,0.000,0.000,0.000,0.013,5.6,11.30,30.0,0.000,0.000,0.000,0.006,0.000,0.000,0.006,0.000,0.000,0.000,0.013,0.000,0.000,0.013,0.000,0.000,0.006,0.006
69.3050,693,0,move,-1,69.3050,69.3230,0,0.000,-0.088,0.176,-0.176,-0.088,0.088,-0.264,-0.088,0.176,0.088,-50.625,34.453,-0.088,0.264,0.000,0.000,0.439,0.176,0.000,0.000,0.000,0.000,0.000,0.000,0.000,0.000,0.000,0.000,-51.143,34.557,0.000,0.000,0.000,0.000,0.000,0.000,0.013,5.6,11.20,30.0,0.000,0.000,0.000,0.000,,0.000,0.006,0.000,0.000,0.000,0.013,0.000,0.000,0.006,0.000,0.000,0.013,0.006
69.4047,694,0,move,-1,69.4047,69.4172,0,0.000,-0.088,0.176,-0.176,-0.088,0.088,-0.264,-0.088,0.176,0.088,-50.625,34.453,-0.088,0.264,0.000,0.000,0.439,0.176,0.000,0.000,0.000,0.000,0.000,0.000,0.000,0.000,0.000,0.000,-51.143,34.557,0.000,0.000,0.000,0.000,0.000,0.000,0.013,5.6,11.20,30.0,0.000,0.000,0.000,0.000,,0.000,0.006,0.000,0.000,0.000,0.013,0.000,0.000,0.006,0.000,0.000,0.013,0.006
69.5049,695,0,move,-1,69.5049,69.5194,0,0.000,-0.088,0.176,-0.176,-0.088,0.088,-0.264,-0.088,0.176,0.088,-50.625,34.453,-0.088,0.264,0.000,0.000,0.439,0.176,0.000,0.000,0.000,0.000,0.000,0.000,0.000,0.000,0.000,0.000,-51.143,34.557,0.000,0.000,0.000,0.000,0.000,0.000,0.013,3.2,11.30,28.0,0.000,0.000,0.000,0.000,0.000,0.000,0.006,0.000,0.006,0.000,0.006,0.000,0.000,0.013,0.000,0.000,0.006,0.000
69.6047,696,0,move,-1,69.6047,69.6170,0,0.000,-0.088,0.176,-0.176,-0.088,0.088,-0.264,-0.088,0.176,0.088,-50.625,34.453,-0.088,0.264,0.000,0.000,0.439,0.176,0.000,0.000,0.000,0.000,0.000,0.000,0.000,0.000,0.000,0.000,-51.143,34.557,0.000,0.000,0.000,0.000,0.000,0.000,0.013,3.2,11.30,28.0,0.000,0.000,0.000,0.000,0.000,0.000,0.006,0.000,0.006,0.000,0.006,0.000,0.000,0.013,0.000,0.000,0.006,0.000
69.7048,697,0,move,-1,69.7048,69.7178,0,0.000,-0.088,0.176,-0.176,-0.088,0.088,-0.264,-0.088,0.176,0.088,-50.625,34.453,-0.088,0.264,0.000,0.000,0.439,0.176,0.000,0.000,0.000,0.000,0.000,0.000,0.000,0.000,0.000,0.000,-51.143,34.557,0.000,0.000,0.000,0.000,0.000,0.000,0.013,5.6,11.30,30.0,0.000,0.000,0.006,0.000,0.000,0.000,0.006,0.000,0.000,0.000,0.013,0.000,0.000,0.013,0.000,0.000,0.006,0.006
69.8048,698,0,move,-1,69.8048,69.8161,0,0.000,-0.088,0.176,-0.176,-0.088,0.088,-0.264,-0.088,0.176,0.088,-50.625,34.453,-0.088,0.264,0.000,0.000,0.439,0.176,0.000,0.000,0.000,0.000,0.000,0.000,0.000,0.000,0.000,0.000,-51.143,34.557,0.000,0.000,0.000,0.000,0.000,0.000,0.013,5.6,11.30,30.0,0.000,0.000,0.006,0.000,0.000,0.000,0.006,0.000,0.000,0.000,0.013,0.000,0.000,0.013,0.000,0.000,0.006,0.006
69.9048,699,0,move,-1,69.9048,69.9116,0,0.000,-0.088,0.176,-0.176,-0.088,0.088,-0.264,-0.088,0.176,0.088,-50.625,34.453,-0.088,0.264,0.000,0.000,0.439,0.176,0.000,0.000,0.000,0.000,0.000,0.000,0.000,0.000,0.000,0.000,-51.143,34.557,0.000,0.000,0.000,0.000,0.000,0.000,0.013,5.6,11.30,30.0,0.000,0.000,0.000,0.000,0.000,0.000,0.006,0.000,0.006,0.000,0.013,0.000,0.000,0.013,0.000,0.000,0.006,0.006
70.0048,700,0,move,-1,70.0048,70.0159,0,0.000,-0.088,0.176,-0.176,-0.088,0.088,-0.264,-0.088,0.176,0.088,-50.625,34.453,-0.088,0.264,0.000,0.000,0.439,0.176,0.000,0.000,0.000,0.000,0.000,0.000,0.000,0.000,0.000,0.000,-51.087,34.527,0.000,0.000,0.000,0.000,0.000,0.000,0.006,5.6,11.30,31.0,0.000,0.000,0.000,0.000,0.000,0.000,0.000,0.000,0.000,0.000,0.006,0.000,0.006,0.006,0.000,0.000,0.006,0.000
70.1049,701,0,move,-1,70.1049,70.1188,0,0.000,-0.088,0.176,-0.176,-0.088,0.088,-0.264,-0.088,0.176,0.088,-50.625,34.453,-0.088,0.264,0.000,0.000,0.439,0.176,0.000,0.000,0.000,0.000,0.000,0.000,0.000,0.000,0.000,0.000,-50.920,34.437,0.000,0.000,0.000,0.000,0.000,0.000,0.013,3.2,11.30,28.0,0.000,0.000,0.000,0.000,0.000,0.000,0.000,0.000,0.000,0.000,0.006,0.000,0.000,0.013,0.000,0.000,0.006,0.000
70.2049,702,0,move,-1,70.2049,70.2172,0,0.000,-0.088,0.176,-0.176,-0.088,0.088,-0.264,-0.088,0.176,0.088,-50.625,34.453,-0.088,0.264,0.000,0.000,0.439,0.176,0.000,0.000,0.000,0.000,0.000,0.000,0.000,0.000,0.000,0.000,-50.644,34.286,0.000,0.000,0.000,0.000,0.000,0.000,0.013,3.2,11.30,28.0,0.000,0.000,0.000,0.000,0.000,0.000,0.000,0.000,0.000,0.000,0.006,0.000,0.000,0.013,0.000,0.000,0.006,0.000
70.3131,703,0,move,-1,70.3131,70.3246,0,0.000,-0.088,0.176,-0.176,-0.088,0.088,-0.264,-0.088,0.176,0.088,-50.625,34.277,-0.088,0.264,0.000,0.000,0.439,0.176,0.000,0.000,0.000,0.000,0.000,0.000,0.000,0.000,0.000,0.000,-50.260,34.076,0.000,0.000,0.000,0.000,0.000,0.000,0.006,2.4,11.30,32.0,0.000,0.000,0.000,0.006,0.000,0.000,0.006,0.000,0.006,0.000,0.000,0.006,0.000,0.006,0.000,0.000,0.006,0.000
70.4048,704,0,move,-1,70.4048,70.4158,0,0.000,-0.088,0.176,-0.176,-0.088,0.088,-0.264,-0.088,0.176,0.088,-50.537,34.102,-0.088,0.264,0.000,0.000,0.439,0.176,0.000,0.000,0.000,0.000,0.000,0.000,0.000,0.000,0.000,0.000,-49.769,33.806,0.000,0.000,0.000,0.000,0.000,0.000,0.006,2.4,11.30,32.0,0.000,0.000,0.000,0.006,0.000,0.000,0.006,0.000,0.006,0.000,0.000,0.006,0.000,0.006,0.000,0.000,0.006,0.000
70.5048,705,0,move,-1,70.5048,70.5179,0,0.000,-0.088,0.176,-0.176,-0.088,0.088,-0.264,-0.088,0.176,0.088,-50.010,33.750,-0.088,0.264,0.000,0.000,0.439,0.176,0.000,0.000,0.000,0.000,0.000,0.000,0.000,0.000,0.000,0.000,-49.176,33.476,0.000,0.000,0.000,0.000,0.000,0.000,0.013,3.2,11.30,28.0,0.000,0.000,0.000,0.006,0.000,0.000,0.006,0.000,0.000,0.000,0.006,0.000,0.000,0.013,0.000,0.000,0.006,0.000
70.6048,706,0,move,-1,70.6048,70.6148,0,0.000,-0.088,0.176,-0.176,-0.088,0.088,-0.264,-0.088,0.176,0.088,-49.834,33.486,-0.088,0.264,0.000,0.000,0.439,0.176,0.000,0.000,0.000,0.000,0.000,0.000,0.000,0.000,0.000,0.000,-48.483,33.087,0.000,0.000,0.000,0.000,0.000,0.000,0.013,3.2,11.30,28.0,0.000,0.000,0.000,0.006,0.000,0.000,0.006,0.000,0.000,0.000,0.006,0.000,0.000,0.013,0.000,0.000,0.006,0.000
70.7047,707,0,move,-1,70.7047,70.7159,0,0.000,-0.088,0.176,-0.176,-0.088,0.088,-0.264,-0.088,0.176,0.088,-49.043,33.135,-0.088,0.264,0.000,0.000,0.439,0.176,0.000,0.000,0.000,0.000,0.000,0.000,0.000,0.000,0.000,0.000,-47.696,32.641,0.000,0.000,0.000,0.000,0.000,0.000,0.013,3.2,11.30,28.0,0.000,0.000,0.000,0.000,0.000,0.000,0.006,0.000,0.000,0.000,0.006,0.006,0.000,0.013,0.000,0.000,0.006,0.000
70.8054,708,0,move,-1,70.8054,70.8179,0,0.000,-0.088,0.176,-0.176,-0.088,0.088,-0.264,-0.088,0.176,0.088,-48.252,32.607,-0.088,0.264,0.000,0.000,0.439,0.176,0.000,0.000,0.000,0.000,0.000,0.000,0.000,0.000,0.000,0.000,-46.816,32.136,0.000,0.000,0.000,0.000,0.000,0.000,0.006,2.4,11.30,32.0,0.000,0.000,0.000,0.006,0.000,0.000,0.006,0.000,0.000,0.000,0.000,0.006,0.000,0.006,0.000,0.000,0.006,0.000
70.9049,709,0,move,-1,70.9049,70.9172,0,0.000,-0.088,0.176,-0.176,-0.088,0.088,-0.264,-0.088,0.176,0.088,-47.549,32.168,-0.088,0.264,0.000,0.000,0.439,0.176,0.000,0.000,0.000,0.000,0.000,0.000,0.000,0.000,0.000,0.000,-45.851,31.576,0.000,0.000,0.000,0.000,0.000,0.000,0.006,2.4,11.30,32.0,0.000,0.000,0.000,0.006,0.000,0.000,0.006,0.000,0.000,0.000,0.000,0.006,0.000,0.006,0.000,0.000,0.006,0.000
71.0049,710,0,move,-1,71.0049,71.0173,0,0.000,-0.088,0.176,-0.176,-0.088,0.088,-0.264,-0.088,0.176,0.088,-46.670,31.553,-0.088,0.264,0.000,0.000,0.439,0.176,0.000,0.000,0.000,0.000,0.000,0.000,0.000,0.000,0.000,0.000,-44.803,30.959,0.000,0.000,0.000,0.000,0.000,0.000,0.006,2.4,11.30,32.0,0.000,0.000,0.000,0.006,0.000,0.000,0.006,0.000,0.000,0.000,0.006,0.000,0.000,0.006,0.000,0.000,0.006,0.000
71.1048,711,0,move,-1,71.1048,71.1099,0,0.000,-0.088,0.176,-0.176,-0.088,0.088,-0.264,-0.088,0.176,0.088,-46.055,31.201,-0.088,0.264,0.000,0.000,0.439,0.176,0.000,0.000,0.000,0.000,0.000,0.000,0.000,0.000,0.000,0.000,-43.680,30.289,0.000,0.000,0.000,0.000,0.000,0.000,0.006,2.4,11.30,32.0,0.000,0.000,0.000,0.006,0.000,0.000,0.006,0.000,0.000,0.000,0.006,0.000,0.000,0.006,0.000,0.000,0.006,0.000
71.2047,712,0,move,-1,71.2047,71.2189,0,0.000,-0.088,0.176,-0.176,-0.088,0.088,-0.264,-0.088,0.176,0.088,-44.736,30.498,-0.088,0.264,0.000,0.000,0.439,0.176,0.000,0.000,0.000,0.000,0.000,0.000,0.000,0.000,0.000,0.000,-42.487,29.567,0.000,0.000,0.000,0.000,0.000,0.000,0.006,2.4,11.40,29.0,0.000,0.000,0.000,0.000,0.000,0.000,0.000,0.000,0.000,0.000,0.000,0.006,0.000,0.000,0.000,0.000,0.000,0.000
71.3047,713,0,move,-1,71.3047,71.3672,0,0.000,-0.088,0.176,-0.176,-0.088,0.088,-0.264,-0.088,0.176,0.088,-44.121,29.795,-0.088,0.264,0.000,0.000,0.439,0.176,0.000,0.000,0.000,0.000,0.000,0.000,0.000,0.000,0.000,0.000,-41.228,28.795,0.000,0.000,0.000,0.000,0.000,0.000,0.006,2.4,11.30,32.0,0.000,0.000,0.000,0.000,0.000,0.000,0.000,0.000,0.006,0.000,0.006,0.006,0.000,0.006,0.000,0.000,0.006,0.000
71.4060,714,0,move,-1,71.4060,71.4142,0,0.000,-0.088,0.176,-0.176,-0.088,0.088,-0.264,-0.088,0.176,0.088,-43.330,29.092,-0.088,0.264,0.000,0.000,0.439,0.176,0.000,0.000,0.000,0.000,0.000,0.000,0.000,0.000,0.000,0.000,-39.910,27.976,0.000,0.000,0.000,0.000,0.000,0.000,0.006,2.4,11.30,32.0,0.000,0.000,0.000,0.000,0.000,0.000,0.000,0.000,0.006,0.000,0.006,0.006,0.000,0.006,0.000,0.000,0.006,0.000
71.5049,715,0,move,-1,71.5049,71.5154,0,0.000,-0.088,0.176,-0.176,-0.088,0.088,-0.264,-0.088,0.176,0.088,-41.484,28.301,-0.088,0.264,0.000,0.000,0.439,0.176,0.000,0.000,0.000,0.000,0.000,0.000,0.000,0.000,0.000,0.000,-38.538,27.112,0.000,0.000,0.000,0.000,0.000,0.000,0.006,2.4,11.30,31.0,0.000,0.000,0.000,0.006,0.000,0.000,0.006,0.000,0.000,0.000,0.000,0.006,0.000,0.006,0.000,0.000,0.006,0.000
71.6071,716,0,move,-1,71.6071,71.6215,0,0.000,-0.088,0.176,-0.176,-0.088,0.088,-0.264,-0.088,0.176,0.088,-39.990,27.334,-0.088,0.264,0.000,0.000,0.439,0.176,0.000,0.000,0.000,0.000,0.000,0.000,0.000,0.000,0.000,0.000,-37.119,26.207,0.000,0.000,0.000,0.000,0.000,0.000,0.013,3.2,11.30,28.0,0.000,0.000,0.000,,0.000,0.000,0.006,0.000,0.006,0.000,0.006,0.006,0.000,0.013,0.000,0.000,0.013,0.000
71.7129,717,0,move,-1,71.7129,71.7677,0,0.000,-0.088,0.176,-0.176,-0.088,0.088,-0.264,-0.088,0.176,0.088,-38.057,26.367,-0.088,0.264,0.000,0.000,0.439,0.176,0.000,0.000,0.000,0.000,0.000,0.000,0.000,0.000,0.000,0.000,-35.658,25.263,0.000,0.000,0.000,0.000,0.000,0.000,0.013,3.2,11.30,28.0,0.000,0.000,0.000,0.006,0.000,0.000,0.006,0.000,0.000,0.000,0.006,0.006,0.000,0.013,0.000,0.000,0.006,0.000
71.8050,718,0,move,-1,71.8050,71.8158,0,0.000,-0.088,0.176,-0.176,-0.088,0.088,-0.264,-0.088,0.176,0.088,-37.178,25.752,-0.088,0.264,0.000,0.000,0.439,0.176,0.000,0.000,0.000,0.000,0.000,0.000,0.000,0.000,0.000,0.000,-34.162,24.285,0.000,0.000,0.000,0.000,0.000,0.000,0.013,3.2,11.30,28.0,0.000,0.000,0.000,0.006,0.000,0.000,0.006,0.000,0.000,0.000,0.006,0.006,0.000,0.013,0.000,0.000,0.006,0.000
71.9047,719,0,move,-1,71.9047,71.9249,0,0.000,-0.088,0.176,-0.176,-0.088,0.088,-0.264,-0.088,0.176,0.088,-35.596,24.609,-0.088,0.264,0.000,0.000,0.439,0.176,0.000,0.000,0.000,0.000,0.000,0.000,0.000,0.000,0.000,0.000,-32.637,23.276,0.000,0.000,0.000,0.000,0.000,0.000,0.013,3.2,11.30,28.0,0.000,0.000,0.000,0.006,0.000,0.000,0.006,0.000,0.000,0.000,0.000,0.006,0.000,0.013,0.000,0.000,0.006,0.000
72.0049,720,0,move,-1,72.0049,72.0157,0,0.000,-0.088,0.176,-0.176,-0.088,0.088,-0.264,-0.088,0.176,0.088,-34.277,23.730,-0.088,0.264,0.000,0.000,0.439,0.176,0.000,0.000,0.000,0.000,0.000,0.000,0.000,0.000,0.000,0.000,-31.087,22.240,0.000,0.000,0.000,0.000,0.000,0.000,0.013,3.2,11.30,28.0,0.000,0.000,0.000,0.006,0.000,0.000,0.006,0.000,0.000,0.000,0.000,0.006,0.000,0.013,0.000,0.000,0.006,0.000
72.1049,721,0,move,-1,72.1049,72.1171,0,0.000,-0.088,0.176,-0.176,-0.088,0.088,-0.264,-0.088,0.176,0.088,-32.695,22.676,-0.088,0.264,0.000,0.000,0.439,0.176,0.000,0.000,0.000,0.000,0.000,0.000,0.000,0.000,0.000,0.000,-29.519,21.181,0.000,0.000,0.000,0.000,0.000,0.000,0.006,6.4,11.30,31.0,0.000,0.000,0.000,0.000,0.000,0.000,0.000,0.000,0.000,0.000,0.006,0.000,0.000,0.006,0.000,0.000,0.006,0.000
72.2056,722,0,move,-1,72.2056,72.2154,0,0.000,-0.088,0.176,-0.176,-0.088,0.088,-0.264,-0.088,0.176,0.088,-31.289,21.709,-0.088,0.264,0.000,0.000,0.439,0.176,0.000,0.000,0.000,0.000,0.000,0.000,0.000,0.000,0.000,0.000,-27.940,20.103,0.000,0.000,0.000,0.000,0.000,0.000,0.006,6.4,11.30,31.0,0.000,0.000,0.000,0.000,0.000,0.000,0.000,0.000,0.000,0.000,0.006,0.000,0.000,0.006,0.000,0.000,0.006,0.000
72.3048,723,0,move,-1,72.3048,72.3207,0,0.000,-0.088,0.176,-0.176,-0.088,0.088,-0.264,-0.088,0.176,0.088,-29.619,20.654,-0.088,0.264,0.000,0.000,0.439,0.176,0.000,0.000,0.000,0.000,0.000,0.000,0.000,0.000,0.000,0.000,-26.354,19.012,0.000,0.000,0.000,0.000,0.000,0.000,0.013,3.2,11.30,28.0,0.000,0.000,0.000,0.000,0.000,0.000,0.006,0.000,0.000,0.000,0.006,0.006,0.000,0.013,0.000,0.000,0.013,0.000
72.4048,724,0,move,-1,72.4048,72.4160,0,0.000,-0.088,0.176,-0.176,-0.088,0.088,-0.264,-0.088,0.176,0.088,-28.125,19.512,-0.088,0.264,0.000,0.000,0.439,0.176,0.000,0.000,0.000,0.000,0.000,0.000,0.000,0.000,0.000,0.000,-24.769,17.912,0.000,0.000,0.000,0.000,0.000,0.000,0.013,3.2,11.30,28.0,0.000,0.000,0.000,0.000,0.000,0.000,0.006,0.000,0.000,0.000,0.006,0.006,0.000,0.013,0.000,0.000,0.013,0.000
72.5049,725,0,move,-1,72.5049,72.5159,0,0.000,-0.088,0.176,-0.176,-0.088,0.088,-0.264,-0.088,0.176,0.088,-26.631,18.457,-0.088,0.264,0.000,0.000,0.439,0.176,0.000,0.000,0.000,0.000,0.000,0.000,0.000,0.000,0.000,0.000,-23.189,16.807,0.000,0.000,0.000,0.000,0.000,0.000,0.013,3.2,11.30,28.0,0.000,0.000,0.000,0.000,0.000,0.000,0.006,0.000,0.000,0.000,0.006,0.006,0.000,0.013,0.000,0.000,0.006,0.000
72.6049,726,0,move,-1,72.6049,72.6184,0,0.000,-0.088,0.176,-0.176,-0.088,0.088,-0.264,-0.088,0.176,0.088,-24.961,17.314,-0.088,0.264,0.000,0.000,0.439,0.176,0.000,0.000,0.000,0.000,0.000,0.000,0.000,0.000,0.000,0.000,-21.620,15.703,0.000,0.000,0.000,0.000,0.000,0.000,0.006,2.4,11.30,32.0,0.000,0.000,0.006,0.006,0.000,0.000,0.006,0.000,0.000,0.000,0.006,0.000,0.000,0.006,0.000,0.000,0.006,0.000
72.7049,727,0,move,-1,72.7049,72.7195,0,0.000,-0.088,0.176,-0.176,-0.088,0.088,-0.264,-0.088,0.176,0.088,-23.467,16.260,-0.088,0.264,0.000,0.000,0.439,0.176,0.000,0.000,0.000,0.000,0.000,0.000,0.000,0.000,0.000,0.000,-20.068,14.603,0.000,0.000,0.000,0.000,0.000,0.000,0.006,2.4,11.30,32.0,0.000,0.000,0.006,0.000,0.000,0.000,0.006,0.000,0.000,0.000,0.000,0.000,0.000,0.006,0.000,0.000,0.006,0.006
72.8048,728,0,move,-1,72.8048,72.8157,0,0.000,-0.088,0.176,-0.176,-0.088,0.088,-0.264,-0.088,0.176,0.088,-21.885,15.205,-0.088,0.264,0.000,0.000,0.439,0.176,0.000,0.000,0.000,0.000,0.000,0.000,0.000,0.000,0.000,0.000,-18.539,13.514,0.000,0.000,0.000,0.000,0.000,0.000,0.006,2.4,11.30,32.0,0.000,0.000,0.006,0.000,0.000,0.000,0.006,0.000,0.000,0.000,0.000,0.000,0.000,0.006,0.000,0.000,0.006,0.006
72.9101,729,0,move,-1,72.9101,72.9406,0,0.000,-0.088,0.176,-0.176,-0.088,0.088,-0.264,-0.088,0.176,0.088,-20.039,13.887,-0.088,0.264,0.000,0.000,0.439,0.176,0.000,0.000,0.000,0.000,0.000,0.000,0.000,0.000,0.000,0.000,-17.038,12.438,0.000,0.000,0.000,0.000,0.000,0.000,0.013,3.2,11.30,28.0,0.000,0.000,0.000,0.000,0.000,0.000,0.006,0.000,0.000,0.000,0.000,0.000,0.000,0.013,0.000,0.000,0.006,0.006
73.0048,730,0,move,-1,73.0048,73.0190,0,0.000,-0.088,0.176,-0.176,-0.088,0.088,-0.264,-0.088,0.176,0.088,-18.809,13.184,-0.088,0.264,0.000,0.000,0.439,0.176,0.000,0.000,0.000,0.000,0.000,0.000,0.000,0.000,0.000,0.000,-15.570,11.382,0.000,0.000,0.000,0.000,0.000,0.000,0.013,3.2,11.30,28.0,0.000,0.000,0.000,0.000,0.000,0.000,0.006,0.000,0.000,0.000,0.000,0.000,0.000,0.013,0.000,0.000,0.006,0.006
73.1048,731,0,move,-1,73.1048,73.1160,0,0.000,-0.088,0.176,-0.176,-0.088,0.088,-0.264,-0.088,0.176,0.088,-18.545,12.656,-0.088,0.264,0.000,0.000,0.439,0.176,0.000,0.000,0.000,0.000,0.000,0.000,0.000,0.000,0.000,0.000,-14.141,10.350,0.000,0.000,0.000,0.000,0.000,0.000,0.006,2.4,11.30,28.0,0.000,0.000,0.000,0.000,0.000,0.000,0.000,0.000,0.000,0.000,0.000,0.000,0.000,0.006,0.000,0.000,0.000,0.000
73.2048,732,0,move,-1,73.2048,73.2152,0,0.000,-0.088,0.176,-0.176,-0.088,0.088,-0.264,-0.088,0.176,0.088,-17.051,11.162,-0.088,0.264,0.000,0.000,0.439,0.176,0.000,0.000,0.000,0.000,0.000,0.000,0.000,0.000,0.000,0.000,-12.756,9.347,0.000,0.000,0.000,0.000,0.000,0.000,0.006,2.4,11.30,28.0,0.000,0.000,0.000,0.000,0.000,0.000,0.000,0.000,0.000,0.000,0.000,0.000,0.000,0.006,0.000,0.000,0.000,0.000
73.3049,733,0,move,-1,73.3049,73.3164,0,0.000,-0.088,0.176,-0.176,-0.088,0.088,-0.264,-0.088,0.176,0.088,-15.469,9.932,-0.088,0.264,0.000,0.000,0.439,0.176,0.000,0.000,0.000,0.000,0.000,0.000,0.000,0.000,0.000,0.000,-11.421,8.375,0.000,0.000,0.000,0.000,0.000,0.000,0.006,2.4,11.30,32.0,0.000,0.000,0.000,0.006,0.000,0.000,0.006,0.000,0.000,0.000,0.006,0.006,0.000,0.006,0.000,0.000,0.006,0.000
73.4049,734,0,move,-1,73.4049,73.4191,0,0.000,-0.088,0.176,-0.176,-0.088,0.088,-0.264,-0.088,0.176,0.088,-13.799,8.789,-0.088,0.264,0.000,0.000,0.439,0.176,0.000,0.000,0.000,0.000,0.000,0.000,0.000,0.000,0.000,0.000,-10.139,7.441,0.000,0.000,0.000,0.000,0.000,0.000,0.013,4.0,11.40,29.0,0.000,0.000,0.000,0.000,0.000,0.000,0.006,0.000,0.000,0.000,0.000,0.013,0.000,0.006,0.000,0.000,0.013,0.006
73.5048,735,0,move,-1,73.5048,73.5159,0,0.000,-0.088,0.176,-0.176,-0.088,0.088,-0.264,-0.088,0.176,0.088,-13.535,8.174,-0.088,0.264,0.000,0.000,0.439,0.176,0.000,0.000,0.000,0.000,0.000,0.000,0.000,0.000,0.000,0.000,-8.915,6.547,0.000,0.000,0.000,0.000,0.000,0.000,0.013,4.0,11.40,29.0,0.000,0.000,0.000,0.000,0.000,0.000,0.006,0.000,0.000,0.000,0.000,0.013,0.000,0.006,0.000,0.000,0.013,0.006
73.6050,736,0,move,-1,73.6050,73.6176,0,0.000,-0.088,0.176,-0.176,-0.088,0.088,-0.264,-0.088,0.176,0.088,-12.041,7.031,-0.088,0.264,0.000,0.000,0.439,0.176,0.000,0.000,0.000,0.000,0.000,0.000,0.000,0.000,0.000,0.000,-7.754,5.698,0.000,0.000,0.000,0.000,0.000,0.000,0.019,5.2,11.40,29.0,0.000,0.000,0.000,0.006,0.000,0.000,0.000,0.000,0.000,0.000,0.006,0.019,0.000,0.013,0.000,0.000,0.006,0.006
73.7048,737,0,move,-1,73.7048,73.7158,0,0.000,-0.088,0.176,-0.176,-0.088,0.088,-0.264,-0.088,0.176,0.088,-10.459,5.977,-0.088,0.264,0.000,0.000,0.439,0.176,0.000,0.000,0.000,0.000,0.000,0.000,0.000,0.000,0.000,0.000,-6.661,4.896,0.000,0.000,0.000,0.000,0.000,0.000,0.019,5.2,11.40,29.0,0.000,0.000,0.000,0.006,0.000,0.000,0.000,0.000,0.000,0.000,0.006,0.019,0.000,0.013,0.000,0.000,0.006,0.006
73.8049,738,0,move,-1,73.8049,73.8176,0,0.000,-0.088,0.176,-0.176,-0.088,0.088,-0.264,-0.088,0.176,0.088,-8.877,5.186,-0.088,0.264,0.000,0.000,0.439,0.176,0.000,0.000,0.000,0.000,0.000,0.000,0.000,0.000,0.000,0.000,-5.639,4.147,0.000,0.000,0.000,0.000,0.000,0.000,0.006,4.0,11.40,29.0,0.000,0.000,0.000,0.000,0.000,0.000,0.000,0.000,0.000,0.000,0.000,0.006,0.000,0.006,0.000,0.000,0.006,0.006
73.9050,739,0,move,-1,73.9050,73.9159,0,0.000,-0.088,0.176,-0.176,-0.088,0.088,-0.264,-0.088,0.176,0.088,-7.295,4.482,-0.088,0.264,0.000,0.000,0.439,0.176,0.000,0.000,0.000,0.000,0.000,0.000,0.000,0.000,0.000,0.000,-4.693,3.452,0.000,0.000,0.000,0.000,0.000,0.000,0.006,4.0,11.40,29.0,0.000,0.000,0.000,0.000,0.000,0.000,0.000,0.000,0.000,0.000,0.000,0.006,0.000,0.006,0.000,0.000,0.006,0.006
74.0049,740,0,move,-1,74.0049,74.0145,0,0.000,-0.088,0.176,-0.176,-0.088,0.088,-0.264,-0.088,0.176,0.088,-5.889,3.604,-0.088,0.264,0.000,0.000,0.439,0.176,0.000,0.000,0.000,0.000,0.000,0.000,0.000,0.000,0.000,0.000,-3.825,2.814,0.000,0.000,0.000,0.000,0.000,0.000,0.006,3.2,11.30,32.0,0.000,0.000,0.000,0.000,0.000,0.000,0.006,0.000,0.000,0.000,0.000,0.000,0.000,0.006,0.000,0.000,0.006,0.006
74.1049,741,0,move,-1,74.1049,74.1167,0,0.000,-0.088,0.176,-0.176,-0.088,0.088,-0.264,-0.088,0.176,0.088,-4.658,2.900,-0.088,0.264,0.000,0.000,0.439,0.176,0.000,0.000,0.000,0.000,0.000,0.000,0.000,0.000,0.000,0.000,-3.039,2.236,0.000,0.000,0.000,0.000,0.000,0.000,0.013,3.2,11.30,28.0,0.000,0.000,0.000,0.000,0.000,0.000,0.006,0.000,0.000,0.000,0.000,0.000,0.000,0.013,0.000,0.000,0.006,0.000
74.2049,742,0,move,-1,74.2049,74.2160,0,0.000,-0.088,0.176,-0.176,-0.088,0.088,-0.264,-0.088,0.176,0.000,-3.691,2.373,-0.088,0.264,0.000,0.000,0.439,0.176,0.000,0.000,0.000,0.000,0.000,0.000,0.000,0.000,0.000,0.000,-2.338,1.720,0.000,0.000,0.000,0.000,0.000,0.000,0.013,3.2,11.30,28.0,0.000,0.000,0.000,0.000,0.000,0.000,0.006,0.000,0.000,0.000,0.000,0.000,0.000,0.013,0.000,0.000,0.006,0.000
74.3070,743,0,move,-1,74.3070,74.4090,0,0.000,-0.088,0.176,-0.176,-0.088,0.088,-0.264,-0.088,0.176,0.000,-2.637,1.846,-0.088,0.264,0.000,0.000,0.439,0.176,0.000,0.000,0.000,0.000,0.000,0.000,0.000,0.000,0.000,0.000,-1.725,1.270,0.000,0.000,0.000,0.000,0.000,0.000,0.006,2.4,11.30,32.0,0.000,0.000,0.000,0.006,0.000,0.000,0.006,0.000,0.006,0.000,0.000,0.000,0.000,0.006,0.000,0.000,0.006,0.006
74.4280,744,0,move,-1,74.4280,74.4556,0,0.000,-0.088,0.176,-0.176,-0.088,0.088,-0.264,-0.088,0.176,0.000,-2.021,1.318,-0.088,0.264,0.000,0.000,0.439,0.176,0.000,0.000,0.000,0.000,0.000,0.000,0.000,0.000,0.000,0.000,-1.202,0.885,0.000,0.000,0.000,0.000,0.000,0.000,0.006,2.4,11.30,32.0,0.000,0.000,0.000,0.006,0.000,0.000,0.006,0.000,0.006,0.000,0.000,0.000,0.000,0.006,0.000,0.000,0.006,0.006
74.5048,745,0,move,-1,74.5048,74.5316,0,0.000,-0.088,0.176,-0.176,-0.088,0.088,-0.264,-0.088,0.176,0.000,-1.758,0.967,-0.088,0.264,0.000,0.000,0.439,0.176,0.000,0.000,0.000,0.000,0.000,0.000,0.000,0.000,0.000,0.000,-0.772,0.568,0.000,0.000,0.000,0.000,0.000,0.000,0.013,3.2,11.30,28.0,0.000,0.000,0.000,0.000,0.000,0.000,0.000,0.000,0.000,0.000,0.006,0.006,0.000,0.013,0.000,0.000,0.013,0.000
74.6050,746,0,move,-1,74.6050,74.6182,0,0.000,-0.088,0.176,-0.176,-0.088,0.088,-0.264,-0.088,0.176,0.000,-1.143,0.439,-0.088,0.264,0.000,0.000,0.439,0.176,0.000,0.000,0.000,0.000,0.000,0.000,0.000,0.000,0.000,0.000,-0.435,0.320,0.000,0.000,0.000,0.000,0.000,0.000,0.013,3.2,11.30,28.0,0.000,0.000,0.000,0.000,0.000,0.000,0.000,0.000,0.000,0.000,0.006,0.006,0.000,0.013,0.000,0.000,0.013,0.000
74.7049,747,0,move,-1,74.7049,74.7198,0,0.000,-0.088,0.176,-0.176,-0.088,0.088,-0.264,-0.088,0.176,0.000,-0.703,0.439,-0.088,0.264,0.000,0.000,0.439,0.176,0.000,0.000,0.000,0.000,0.000,0.000,0.000,0.000,0.000,0.000,-0.194,0.143,0.000,0.000,0.000,0.000,0.000,0.000,0.006,2.4,11.30,32.0,0.000,0.000,0.006,0.006,0.000,0.000,0.006,0.000,0.000,0.000,0.000,0.000,0.000,0.006,0.000,0.000,0.006,0.006
74.8048,748,0,move,-1,74.8048,74.8174,0,0.000,-0.088,0.176,-0.176,-0.088,0.088,-0.264,-0.088,0.176,0.000,-0.527,0.264,-0.088,0.264,0.000,0.000,0.439,0.176,0.000,0.000,0.000,0.000,0.000,0.000,0.000,0.000,0.000,0.000,-0.049,0.036,0.000,0.000,0.000,0.000,0.000,0.000,0.006,2.4,11.30,32.0,0.000,0.000,0.006,0.006,0.000,0.000,0.006,0.000,0.000,0.000,0.000,0.000,0.000,0.006,0.000,0.000,0.006,0.006
74.9049,749,0,move,-1,74.9049,74.9183,0,0.000,-0.088,0.176,-0.176,-0.088,0.088,-0.264,-0.088,0.176,0.000,-0.176,-0.088,-0.088,0.264,0.000,0.000,0.439,0.176,0.000,0.000,0.000,0.000,0.000,0.000,0.000,0.000,0.000,0.000,0.000,0.000,0.000,0.000,0.000,0.000,0.000,0.000,0.006,3.2,11.20,31.0,0.000,0.000,0.000,0.000,0.000,0.000,0.006,0.000,0.006,0.000,0.006,0.006,0.000,0.006,0.000,0.000,0.006,0.006
75.0049,750,0,move,-1,75.0049,75.0186,0,0.000,-0.088,0.176,-0.176,-0.088,0.088,-0.264,-0.088,0.176,0.000,-0.176,-0.088,-0.088,0.264,0.000,0.000,0.439,0.176,0.000,0.000,0.000,0.000,0.000,0.000,0.000,0.000,0.000,0.000,0.000,0.000,0.000,0.000,0.000,0.000,0.000,0.000,0.006,2.8,11.30,28.0,0.000,0.000,0.000,0.000,0.000,0.000,0.000,0.000,0.000,0.000,0.000,0.000,0.000,0.006,0.000,0.000,0.000,0.006
75.1048,751,0,move,-1,75.1048,75.1256,0,0.000,-0.088,0.176,-0.176,-0.088,0.088,-0.264,-0.088,0.176,0.000,-0.176,-0.088,-0.088,0.264,0.000,0.000,0.439,0.176,0.000,0.000,0.000,0.000,0.000,0.000,0.000,0.000,0.000,0.000,0.000,0.000,0.000,0.000,0.000,0.000,0.000,0.000,0.013,3.2,11.30,28.0,0.000,0.000,0.000,0.000,0.000,0.000,0.006,0.000,0.000,0.000,0.000,0.000,0.000,0.013,0.000,0.000,0.013,0.000
75.2050,752,0,move,-1,75.2050,75.2158,0,0.000,-0.088,0.176,-0.176,-0.088,0.088,-0.264,-0.088,0.176,0.000,-0.176,-0.088,-0.088,0.264,0.000,0.000,0.439,0.176,0.000,0.000,0.000,0.000,0.000,0.000,0.000,0.000,0.000,0.000,0.000,0.000,0.000,0.000,0.000,0.000,0.000,0.000,0.013,3.2,11.30,28.0,0.000,0.000,0.000,0.000,0.000,0.000,0.006,0.000,0.000,0.000,0.000,0.000,0.000,0.013,0.000,0.000,0.013,0.000
75.3048,753,0,move,-1,75.3048,75.3177,0,0.000,-0.088,0.176,-0.176,-0.088,0.088,-0.264,-0.088,0.176,0.000,-0.176,-0.088,-0.088,0.264,0.000,0.000,0.439,0.176,0.000,0.000,0.000,0.000,0.000,0.000,0.000,0.000,0.000,0.000,0.000,0.000,0.000,0.000,0.000,0.000,0.000,0.000,0.013,4.8,11.30,31.0,0.000,0.000,0.000,0.006,0.000,0.000,0.006,0.000,0.000,0.000,0.000,0.000,0.000,0.006,0.000,0.000,0.013,0.000
75.4103,754,0,move,-1,75.4103,75.4397,0,0.000,-0.088,0.176,-0.176,-0.088,0.088,-0.264,-0.088,0.176,0.000,-0.176,-0.088,-0.088,0.264,0.000,0.000,0.439,0.176,0.000,0.000,0.000,0.000,0.000,0.000,0.000,0.000,0.000,0.000,0.000,0.000,0.000,0.000,0.000,0.000,0.000,0.000,0.006,3.2,11.30,28.0,0.000,0.000,0.000,0.000,0.000,0.000,0.000,0.000,0.000,0.000,0.000,0.000,0.000,0.006,0.000,0.000,0.006,0.006
75.5158,755,0,move,-1,75.5158,75.5387,0,0.000,-0.088,0.176,-0.176,-0.088,0.088,-0.264,-0.088,0.176,0.000,-0.176,-0.088,-0.088,0.264,0.000,0.000,0.439,0.176,0.000,0.000,0.000,0.000,0.000,0.000,0.000,0.000,0.000,0.000,0.000,0.000,0.000,0.000,0.000,0.000,0.000,0.000,0.006,3.2,11.30,28.0,0.000,0.000,0.000,0.000,0.000,0.000,0.000,0.000,0.000,0.000,0.000,0.000,0.000,0.006,0.000,0.000,0.006,0.006
75.6049,756,0,move,-1,75.6049,75.6183,0,0.000,-0.088,0.176,-0.176,-0.088,0.088,-0.264,-0.088,0.176,0.000,-0.176,-0.088,-0.088,0.264,0.000,0.000,0.439,0.176,0.000,0.000,0.000,0.000,0.000,0.000,0.000,0.000,0.000,0.000,0.000,0.000,0.000,0.000,0.000,0.000,0.000,0.000,0.013,3.6,11.30,28.0,0.000,0.000,0.000,0.006,0.000,0.000,0.000,0.000,0.000,0.000,0.000,0.000,0.000,0.013,0.000,0.000,0.013,0.006
75.7047,757,0,move,-1,75.7047,75.7160,0,0.000,-0.088,0.176,-0.176,-0.088,0.088,-0.264,-0.088,0.176,0.000,-0.176,-0.088,-0.088,0.264,0.000,0.000,0.439,0.176,0.000,0.000,0.000,0.000,0.000,0.000,0.000,0.000,0.000,0.000,0.000,0.000,0.000,0.000,0.000,0.000,0.000,0.000,0.013,3.6,11.30,28.0,0.000,0.000,0.000,0.006,0.000,0.000,0.000,0.000,0.000,0.000,0.000,0.000,0.000,0.013,0.000,0.000,0.013,0.006
75.8049,758,0,move,-1,75.8049,75.8175,0,0.000,-0.088,0.176,-0.176,-0.088,0.088,-0.264,-0.088,0.176,0.000,-0.176,-0.088,-0.088,0.264,0.000,0.000,0.439,0.176,0.000,0.000,0.000,0.000,0.000,0.000,0.000,0.000,0.000,0.000,0.000,0.000,0.000,0.000,0.000,0.000,0.000,0.000,0.013,3.2,11.30,28.0,0.000,0.000,0.000,0.006,0.000,0.000,0.000,0.000,0.000,0.000,0.000,0.000,0.000,0.013,0.000,0.000,0.006,0.006
75.9048,759,0,move,-1,75.9048,75.9209,0,0.000,-0.088,0.176,-0.176,-0.088,0.088,-0.264,-0.088,0.176,0.000,-0.176,-0.088,-0.088,0.264,0.000,0.000,0.439,0.176,0.000,0.000,0.000,0.000,0.000,0.000,0.000,0.000,0.000,0.000,0.000,0.000,0.000,0.000,0.000,0.000,0.000,0.000,0.013,4.8,11.30,31.0,0.000,0.000,0.000,0.000,0.000,0.000,0.006,0.000,0.000,0.000,0.006,0.000,0.000,0.006,0.000,0.000,0.013,0.000
76.0086,760,0,move,-1,76.0086,76.0246,0,0.000,-0.088,0.176,-0.176,-0.088,0.088,-0.264,-0.088,0.176,0.000,-0.176,-0.088,-0.088,0.264,0.000,0.000,0.439,0.176,0.000,0.000,0.000,0.000,0.000,0.000,0.000,0.000,0.000,0.000,0.000,0.000,0.000,0.000,0.000,0.000,0.000,0.000,0.013,4.8,11.30,31.0,0.000,0.000,0.000,0.000,0.000,0.000,0.006,0.000,0.006,0.000,0.006,0.000,0.000,0.006,0.000,0.000,0.013,0.000
76.1049,761,0,move,-1,76.1049,76.1176,0,0.000,-0.088,0.176,-0.176,-0.088,0.088,-0.264,-0.088,0.176,0.000,-0.176,-0.088,-0.088,0.264,0.000,0.000,0.439,0.176,0.000,0.000,0.000,0.000,0.000,0.000,0.000,0.000,0.000,0.000,0.000,0.000,0.000,0.000,0.000,0.000,0.000,0.000,0.013,4.8,11.30,31.0,0.000,0.000,0.000,0.000,0.000,0.000,0.006,0.000,0.006,0.000,0.006,0.000,0.000,0.006,0.000,0.000,0.013,0.000
76.2048,762,0,move,-1,76.2048,76.2153,0,0.000,-0.088,0.176,-0.176,-0.088,0.088,-0.264,-0.088,0.176,0.000,-0.176,-0.088,-0.088,0.264,0.000,0.000,0.439,0.176,0.000,0.000,0.000,0.000,0.000,0.000,0.000,0.000,0.000,0.000,0.000,0.000,0.000,0.000,0.000,0.000,0.000,0.000,0.013,3.2,11.30,28.0,0.000,0.000,0.000,0.006,0.000,0.000,0.006,0.000,0.000,0.000,0.006,0.000,0.000,0.013,0.000,0.000,0.006,0.006
76.3055,763,0,move,-1,76.3055,76.3167,0,0.000,-0.088,0.176,-0.176,-0.088,0.088,-0.264,-0.088,0.176,0.000,-0.176,-0.088,-0.088,0.264,0.000,0.000,0.439,0.176,0.000,0.000,0.000,0.000,0.000,0.000,0.000,0.000,0.000,0.000,0.000,0.000,0.000,0.000,0.000,0.000,0.000,0.000,0.013,3.2,11.30,28.0,0.000,0.000,0.000,0.000,0.000,0.000,0.006,0.000,0.000,0.000,0.000,0.000,0.000,0.013,0.000,0.000,0.006,0.000
76.4049,764,0,move,-1,76.4049,76.4308,0,0.000,-0.088,0.176,-0.176,-0.088,0.088,-0.264,-0.088,0.176,0.000,-0.176,-0.088,-0.088,0.264,0.000,0.000,0.439,0.176,0.000,0.000,0.000,0.000,0.000,0.000,0.000,0.000,0.000,0.000,0.000,0.000,0.000,0.000,0.000,0.000,0.000,0.000,0.013,3.2,11.30,28.0,0.000,0.000,0.000,0.000,0.000,0.000,0.000,0.000,0.000,0.000,0.000,0.000,0.000,0.013,0.000,0.000,0.013,0.006
76.5049,765,0,move,-1,76.5049,76.5154,0,0.000,-0.088,0.176,-0.176,-0.088,0.088,-0.264,-0.088,0.176,0.000,-0.176,-0.088,-0.088,0.264,0.000,0.000,0.439,0.176,0.000,0.000,0.000,0.000,0.000,0.000,0.000,0.000,0.000,0.000,0.000,0.000,0.000,0.000,0.000,0.000,0.000,0.000,0.013,3.2,11.30,28.0,0.000,0.000,0.000,0.000,0.000,0.000,0.000,0.000,0.000,0.000,0.000,0.000,0.000,0.013,0.000,0.000,0.013,0.006
76.6048,766,0,move,-1,76.6048,76.6160,0,0.000,-0.088,0.176,-0.176,-0.088,0.088,-0.264,-0.088,0.176,0.000,-0.176,-0.088,-0.088,0.264,0.000,0.000,0.439,0.176,0.000,0.000,0.000,0.000,0.000,0.000,0.000,0.000,0.000,0.000,0.000,0.000,0.000,0.000,0.000,0.000,0.000,0.000,0.013,3.2,11.30,28.0,0.000,0.000,0.000,0.000,0.000,0.000,0.006,0.000,0.000,0.000,0.006,0.000,0.000,0.013,0.000,0.000,0.006,0.000
76.7049,767,0,move,-1,76.7049,76.7155,0,0.000,-0.088,0.176,-0.176,-0.088,0.088,-0.264,-0.088,0.176,0.000,-0.176,-0.088,-0.088,0.264,0.000,0.000,0.439,0.176,0.000,0.000,0.000,0.000,0.000,0.000,0.000,0.000,0.000,0.000,0.000,0.000,0.000,0.000,0.000,0.000,0.000,0.000,0.013,3.2,11.30,28.0,0.000,0.000,0.000,0.000,0.000,0.000,0.006,0.000,0.000,0.000,0.006,0.000,0.000,0.013,0.000,0.000,0.006,0.000
76.8049,768,0,move,-1,76.8049,76.8172,0,0.000,-0.088,0.176,-0.176,-0.088,0.088,-0.264,-0.088,0.176,0.000,-0.176,-0.088,-0.088,0.264,0.000,0.000,0.439,0.176,0.000,0.000,0.000,0.000,0.000,0.000,0.000,0.000,0.000,0.000,0.000,0.000,0.000,0.000,0.000,0.000,0.000,0.000,0.013,4.8,11.30,31.0,0.000,0.000,0.000,0.000,0.000,0.000,0.000,0.000,0.000,0.000,0.000,0.000,0.000,0.006,0.000,0.000,0.013,0.006
76.9050,769,0,move,-1,76.9050,76.9581,0,0.000,-0.088,0.176,-0.176,-0.088,0.088,-0.264,-0.088,0.176,0.000,-0.176,-0.088,-0.088,0.264,0.000,0.000,0.439,0.176,0.000,0.000,0.000,0.000,0.000,0.000,0.000,0.000,0.000,0.000,0.000,0.000,0.000,0.000,0.000,0.000,0.000,0.000,0.006,3.2,11.20,32.0,0.000,0.000,0.000,0.000,0.000,0.000,0.006,0.000,0.000,0.000,0.000,0.000,0.000,0.006,0.000,0.000,0.006,0.006
77.0048,770,0,move,-1,77.0048,77.0100,0,0.000,-0.088,0.176,-0.176,-0.088,0.088,-0.264,-0.088,0.176,0.000,-0.176,-0.088,-0.088,0.264,0.000,0.000,0.439,0.176,0.000,0.000,0.000,0.000,0.000,0.000,0.000,0.000,0.000,0.000,0.000,0.000,0.000,0.000,0.000,0.000,0.000,0.000,0.006,3.2,11.20,32.0,0.000,0.000,0.000,0.000,0.000,0.000,0.006,0.000,0.000,0.000,0.000,0.000,0.000,0.006,0.000,0.000,0.006,0.006
77.1047,771,0,move,-1,77.1047,77.1160,0,0.000,-0.088,0.176,-0.176,-0.088,0.088,-0.264,-0.088,0.176,0.000,-0.176,-0.088,-0.088,0.264,0.000,0.000,0.439,0.176,0.000,0.000,0.000,0.000,0.000,0.000,0.000,0.000,0.000,0.000,0.000,0.000,0.000,0.000,0.000,0.000,0.000,0.000,0.013,3.2,11.30,28.0,0.000,0.000,0.006,0.000,0.000,0.000,0.006,0.000,0.006,0.000,0.006,0.000,0.000,0.013,0.000,0.000,0.006,0.000
77.2049,772,0,move,-1,77.2049,77.2299,0,0.000,-0.088,0.176,-0.176,-0.088,0.088,-0.264,-0.088,0.176,0.000,-0.176,-0.088,-0.088,0.264,0.000,0.000,0.439,0.176,0.000,0.000,0.000,0.000,0.000,0.000,0.000,0.000,0.000,0.000,0.000,0.000,0.000,0.000,0.000,0.000,0.000,0.000,0.013,3.2,11.30,28.0,0.000,0.000,0.000,0.006,0.000,0.000,0.006,0.000,0.000,0.000,0.000,0.000,0.000,0.013,0.000,0.000,0.006,0.000
77.3049,773,0,move,-1,77.3049,77.3197,0,0.000,-0.088,0.176,-0.176,-0.088,0.088,-0.264,-0.088,0.176,0.000,-0.176,-0.088,-0.088,0.264,0.000,0.000,0.439,0.176,0.000,0.000,0.000,0.000,0.000,0.000,0.000,0.000,0.000,0.000,0.000,0.000,0.000,0.000,0.000,0.000,0.000,0.000,0.013,3.2,11.30,28.0,0.000,0.000,0.000,0.006,0.000,0.000,0.006,0.000,0.000,0.000,0.000,0.000,0.000,0.013,0.000,0.000,0.006,0.000
77.4060,774,0,move,-1,77.4060,77.4185,0,0.000,-0.088,0.176,-0.176,-0.088,0.088,-0.264,-0.088,0.176,0.000,-0.176,-0.088,-0.088,0.264,0.000,0.000,0.439,0.176,0.000,0.000,0.000,0.000,0.000,0.000,0.000,0.000,0.000,0.000,0.000,0.000,0.000,0.000,0.000,0.000,0.000,0.000,0.006,3.6,11.30,32.0,0.000,0.000,0.000,0.000,0.000,0.000,0.006,0.000,0.000,0.000,0.000,0.000,0.000,0.006,0.000,0.000,0.006,0.000
77.5049,775,0,move,-1,77.5049,77.5130,0,0.000,-0.088,0.176,-0.176,-0.088,0.088,-0.264,-0.088,0.176,0.000,-0.176,-0.088,-0.088,0.264,0.000,0.000,0.439,0.176,0.000,0.000,0.000,0.000,0.000,0.000,0.000,0.000,0.000,0.000,0.000,0.000,0.000,0.000,0.000,0.000,0.000,0.000,0.006,3.6,11.30,32.0,0.000,0.000,0.000,0.000,0.000,0.000,0.006,0.000,0.000,0.000,0.000,0.000,0.000,0.006,0.000,0.000,0.006,0.000
77.6048,776,0,move,-1,77.6048,77.6174,0,0.000,-0.088,0.176,-0.176,-0.088,0.088,-0.264,-0.088,0.176,0.000,-0.176,-0.088,-0.088,0.264,0.000,0.000,0.439,0.176,0.000,0.000,0.000,0.000,0.000,0.000,0.000,0.000,0.000,0.000,0.000,0.000,0.000,0.000,0.000,0.000,0.000,0.000,0.013,3.2,11.30,28.0,0.000,0.000,0.006,0.006,0.000,0.000,0.006,0.000,0.000,0.000,0.000,0.000,0.000,0.013,0.000,0.000,0.006,0.000
77.7050,777,0,move,-1,77.7050,77.7190,0,0.000,-0.088,0.176,-0.176,-0.088,0.088,-0.264,-0.088,0.176,0.000,-0.176,-0.088,-0.088,0.264,0.000,0.000,0.439,0.176,0.000,0.000,0.000,0.000,0.000,0.000,0.000,0.000,0.000,0.000,0.000,0.000,0.000,0.000,0.000,0.000,0.000,0.000,0.006,2.4,11.30,32.0,0.000,0.000,0.000,0.000,0.000,0.000,0.000,0.000,0.006,0.000,0.000,0.000,0.000,0.006,0.000,0.000,0.006,0.000
77.8049,778,0,move,-1,77.8049,77.8155,0,0.000,-0.088,0.176,-0.176,-0.088,0.088,-0.264,-0.088,0.176,0.000,-0.176,-0.088,-0.088,0.264,0.000,0.000,0.439,0.176,0.000,0.000,0.000,0.000,0.000,0.000,0.000,0.000,0.000,0.000,0.000,0.000,0.000,0.000,0.000,0.000,0.000,0.000,0.006,2.4,11.30,32.0,0.000,0.000,0.000,0.000,0.000,0.000,0.000,0.000,0.006,0.000,0.000,0.000,0.000,0.006,0.000,0.000,0.006,0.000
77.9049,779,0,move,-1,77.9049,77.9165,0,0.000,-0.088,0.176,-0.176,-0.088,0.088,-0.264,-0.088,0.176,0.000,-0.176,-0.088,-0.088,0.264,0.000,0.000,0.439,0.176,0.000,0.000,0.000,0.000,0.000,0.000,0.000,0.000,0.000,0.000,0.000,0.000,0.000,0.000,0.000,0.000,0.000,0.000,0.013,3.2,11.30,28.0,0.000,0.000,0.000,0.006,0.000,0.000,0.006,0.000,0.000,0.000,0.000,0.000,0.000,0.013,0.000,0.000,0.006,0.000
78.0048,780,0,move,-1,78.0048,78.0112,0,0.000,-0.088,0.176,-0.176,-0.088,0.088,-0.264,-0.088,0.176,0.000,-0.176,-0.088,-0.088,0.264,0.000,0.000,0.439,0.176,0.000,0.000,0.000,0.000,0.000,0.000,0.000,0.000,0.000,0.000,0.000,0.000,0.000,0.000,0.000,0.000,0.000,0.000,0.013,3.2,11.30,28.0,0.000,0.000,0.000,0.006,0.000,0.000,0.006,0.000,0.000,0.000,0.000,0.000,0.000,0.013,0.000,0.000,0.006,0.000
78.1048,781,0,move,-1,78.1048,78.1150,0,0.000,-0.088,0.176,-0.176,-0.088,0.088,-0.264,-0.088,0.176,0.000,-0.176,-0.088,-0.088,0.264,0.000,0.000,0.439,0.176,0.000,0.000,0.000,0.000,0.000,0.000,0.000,0.000,0.000,0.000,0.000,0.000,0.000,0.000,0.000,0.000,0.000,0.000,0.013,3.2,11.30,28.0,0.000,0.000,0.000,0.000,0.000,0.000,0.006,0.000,0.006,0.000,0.000,0.000,0.000,0.013,0.000,0.000,0.006,0.000
78.2049,782,0,move,-1,78.2049,78.2169,0,0.000,-0.088,0.176,-0.176,-0.088,0.088,-0.264,-0.088,0.176,0.000,-0.176,-0.088,-0.088,0.264,0.000,0.000,0.439,0.176,0.000,0.000,0.000,0.000,0.000,0.000,0.000,0.000,0.000,0.000,0.000,0.000,0.000,0.000,0.000,0.000,0.000,0.000,0.013,3.2,11.30,28.0,0.000,0.000,0.000,0.006,0.000,0.000,0.006,0.000,0.000,0.000,0.000,0.000,0.000,0.013,0.000,0.000,0.006,0.006
78.3057,783,0,move,-1,78.3057,78.3152,0,0.000,-0.088,0.176,-0.176,-0.088,0.088,-0.264,-0.088,0.176,0.000,-0.176,-0.088,-0.088,0.264,0.000,0.000,0.439,0.176,0.000,0.000,0.000,0.000,0.000,0.000,0.000,0.000,0.000,0.000,0.000,0.000,0.000,0.000,0.000,0.000,0.000,0.000,0.013,3.2,11.30,28.0,0.000,0.000,0.000,0.006,0.000,0.000,0.006,0.000,0.000,0.000,0.000,0.000,0.000,0.013,0.000,0.000,0.006,0.006
78.4091,784,0,move,-1,78.4091,78.4439,0,0.000,-0.088,0.176,-0.176,-0.088,0.088,-0.264,-0.088,0.176,0.000,-0.176,-0.088,-0.088,0.264,0.000,0.000,0.439,0.176,0.000,0.000,0.000,0.000,0.000,0.000,0.000,0.000,0.000,0.000,0.000,0.000,0.000,0.000,0.000,0.000,0.000,0.000,0.013,3.2,11.30,28.0,0.000,0.000,0.000,0.006,0.000,0.000,0.006,0.000,0.000,0.000,0.000,0.000,0.000,0.013,0.000,0.000,0.006,0.000
78.5049,785,0,move,-1,78.5049,78.5176,0,0.000,-0.088,0.176,-0.176,-0.088,0.088,-0.264,-0.088,0.176,0.000,-0.176,-0.088,-0.088,0.264,0.000,0.000,0.439,0.176,0.000,0.000,0.000,0.000,0.000,0.000,0.000,0.000,0.000,0.000,0.000,0.000,0.000,0.000,0.000,0.000,0.000,0.000,0.013,3.2,11.30,28.0,0.000,0.000,0.000,0.006,0.000,0.000,0.006,0.000,0.000,0.000,0.000,0.000,0.000,0.013,0.000,0.000,0.006,0.000
78.6049,786,0,move,-1,78.6049,78.6180,0,0.000,-0.088,0.176,-0.176,-0.088,0.088,-0.264,-0.088,0.176,0.000,-0.176,-0.088,-0.088,0.264,0.000,0.000,0.439,0.176,0.000,0.000,0.000,0.000,0.000,0.000,0.000,0.000,0.000,0.000,0.000,0.000,0.000,0.000,0.000,0.000,0.000,0.000,0.013,3.2,11.30,28.0,0.000,0.000,0.000,0.000,0.000,0.000,0.006,0.000,0.000,0.000,0.006,0.000,0.000,0.013,0.000,0.000,0.006,0.000
78.7048,787,0,move,-1,78.7048,78.7160,0,0.000,-0.088,0.176,-0.176,-0.088,0.088,-0.264,-0.088,0.176,0.000,-0.176,-0.088,-0.088,0.264,0.000,0.000,0.439,0.176,0.000,0.000,0.000,0.000,0.000,0.000,0.000,0.000,0.000,0.000,0.000,0.000,0.000,0.000,0.000,0.000,0.000,0.000,0.013,3.2,11.30,28.0,0.000,0.000,0.000,0.000,0.000,0.000,0.006,0.000,0.000,0.000,0.006,0.000,0.000,0.013,0.000,0.000,0.006,0.000
78.8049,788,0,move,-1,78.8049,78.8181,0,0.000,-0.088,0.176,-0.176,-0.088,0.088,-0.264,-0.088,0.176,0.000,-0.176,-0.088,-0.088,0.264,0.000,0.000,0.439,0.176,0.000,0.000,0.000,0.000,0.000,0.000,0.000,0.000,0.000,0.000,0.000,0.000,0.000,0.000,0.000,0.000,0.000,0.000,0.006,3.2,11.30,28.0,0.000,0.000,0.000,0.000,0.000,0.000,0.000,0.000,0.000,0.000,0.000,0.000,0.000,0.006,0.000,0.000,0.006,0.000
78.9049,789,0,move,-1,78.9049,78.9170,0,0.000,-0.088,0.176,-0.176,-0.088,0.088,-0.264,-0.088,0.176,0.000,-0.176,-0.088,-0.088,0.264,0.000,0.000,0.439,0.176,0.000,0.000,0.000,0.000,0.000,0.000,0.000,0.000,0.000,0.000,0.000,0.000,0.000,0.000,0.000,0.000,0.000,0.000,0.006,3.2,11.30,28.0,0.000,0.000,0.000,0.000,0.000,0.000,0.000,0.000,0.000,0.000,0.000,0.000,0.000,0.006,0.000,0.000,0.006,0.000
79.0104,790,0,move,-1,79.0104,79.0595,0,0.000,-0.088,0.176,-0.176,-0.088,0.088,-0.264,-0.088,0.176,0.000,-0.176,-0.088,-0.088,0.264,0.000,0.000,0.439,0.176,0.000,0.000,0.000,0.000,0.000,0.000,0.000,0.000,0.000,0.000,-0.049,0.036,0.000,0.000,0.000,0.000,0.000,0.000,0.013,3.2,11.30,28.0,0.000,0.000,0.000,0.006,0.000,0.000,0.000,0.000,0.000,0.000,0.000,0.000,0.000,0.013,0.000,0.000,0.006,0.000
79.1051,791,0,move,-1,79.1051,79.1330,0,0.000,-0.088,0.176,-0.176,-0.088,0.088,-0.264,-0.088,0.176,0.000,-0.176,-0.088,-0.088,0.264,0.000,0.000,0.439,0.176,0.000,0.000,0.000,0.000,0.000,0.000,0.000,0.000,0.000,0.000,-0.194,0.143,0.000,0.000,0.000,0.000,0.000,0.000,0.013,3.2,11.30,28.0,0.000,0.000,0.000,0.006,0.000,0.000,0.000,0.000,0.000,0.000,0.000,0.000,0.000,0.013,0.000,0.000,0.006,0.000
79.2049,792,0,move,-1,79.2049,79.2155,0,0.000,-0.088,0.176,-0.176,-0.088,0.088,-0.264,-0.088,0.176,0.000,-0.176,0.176,-0.088,0.264,0.000,0.000,0.439,0.176,0.000,0.000,0.000,0.000,0.000,0.000,0.000,0.000,0.000,0.000,-0.435,0.320,0.000,0.000,0.000,0.000,0.000,0.000,0.013,4.8,11.30,31.0,0.000,0.000,0.000,0.006,0.000,0.000,0.000,0.000,0.000,0.000,0.000,0.006,0.000,0.006,0.000,0.000,0.013,0.000
79.3047,793,0,move,-1,79.3047,79.3171,0,0.000,-0.088,0.176,-0.176,-0.088,0.088,-0.264,-0.088,0.176,0.000,-0.176,0.264,-0.088,0.264,0.000,0.000,0.439,0.176,0.000,0.000,0.000,0.000,0.000,0.000,0.000,0.000,0.000,0.000,-0.772,0.568,0.000,0.000,0.000,0.000,0.000,0.000,0.013,4.8,11.30,31.0,0.000,0.000,0.000,0.006,0.000,0.000,0.006,0.000,0.000,0.000,0.000,0.000,0.000,0.006,0.000,0.000,0.013,0.000
79.4049,794,0,move,-1,79.4049,79.4178,0,0.000,-0.088,0.176,-0.176,-0.088,0.088,-0.264,-0.088,0.176,0.000,-0.176,0.615,-0.088,0.264,0.000,0.000,0.439,0.176,0.000,0.000,0.000,0.000,0.000,0.000,0.000,0.000,0.000,0.000,-1.202,0.885,0.000,0.000,0.000,0.000,0.000,0.000,0.013,7.2,11.30,30.0,0.000,0.000,0.000,0.000,0.000,0.000,0.006,0.000,0.000,0.000,0.013,0.000,0.000,0.006,0.000,0.000,0.006,0.000
79.5071,795,0,move,-1,79.5071,79.5621,0,0.000,-0.088,0.176,-0.176,-0.088,0.088,-0.264,-0.088,0.176,0.000,-0.615,0.879,-0.088,0.264,0.000,0.000,0.439,0.176,0.000,0.000,0.000,0.000,0.000,0.000,0.000,0.000,0.000,0.000,-1.725,1.270,0.000,0.000,0.000,0.000,0.000,0.000,0.006,3.2,11.20,32.0,0.000,0.000,0.000,0.000,0.000,0.000,0.006,0.000,0.000,0.000,0.006,0.006,0.000,0.006,0.000,0.000,0.006,0.006
79.6151,796,0,move,-1,79.6151,79.6281,0,0.000,-0.088,0.176,-0.176,-0.088,0.088,-0.264,-0.088,0.176,0.000,-0.703,0.967,-0.088,0.264,0.000,0.000,0.439,0.176,0.000,0.000,0.000,0.000,0.000,0.000,0.000,0.000,0.000,0.000,-2.338,1.720,0.000,0.000,0.000,0.000,0.000,0.000,0.006,3.2,11.20,32.0,0.000,0.000,0.000,0.000,0.000,0.000,0.006,0.000,0.000,0.000,0.006,0.006,0.000,0.006,0.000,0.000,0.006,0.006
79.7072,797,0,move,-1,79.7072,79.7192,0,0.000,-0.088,0.176,-0.176,-0.088,0.088,-0.264,-0.088,0.176,0.000,-1.406,1.670,-0.088,0.264,0.000,0.000,0.439,0.176,0.000,0.000,0.000,0.000,0.000,0.000,0.000,0.000,0.000,0.000,-3.039,2.236,0.000,0.000,0.000,0.000,0.000,0.000,0.013,10.0,11.30,31.0,0.000,0.000,0.000,0.000,0.000,0.000,0.006,0.000,0.000,0.000,0.013,0.013,0.000,0.013,0.000,0.000,0.006,0.000
79.8049,798,0,move,-1,79.8049,79.8157,0,0.000,-0.088,0.176,-0.176,-0.088,0.088,-0.264,-0.088,0.176,0.000,-2.109,2.021,-0.088,0.264,0.000,0.000,0.439,0.176,0.000,0.000,0.000,0.000,0.000,0.000,0.000,0.000,0.000,0.000,-3.825,2.814,0.000,0.000,0.000,0.000,0.000,0.000,0.013,10.0,11.30,31.0,0.000,0.000,0.000,0.000,0.000,0.000,0.006,0.000,0.000,0.000,0.013,0.013,0.000,0.013,0.000,0.000,0.006,0.000
79.9049,799,0,move,-1,79.9049,79.9170,0,0.000,-0.088,0.176,-0.176,-0.088,0.088,-0.264,-0.088,0.176,0.000,-2.900,2.637,-0.088,0.264,0.000,0.000,0.439,0.176,0.000,0.000,0.000,0.000,0.000,0.000,0.000,0.000,0.000,0.000,-4.693,3.452,0.000,0.000,0.000,0.000,0.000,0.000,0.013,7.6,11.30,30.0,0.000,0.000,0.006,0.000,0.000,0.000,0.006,0.000,0.000,0.000,0.013,0.006,0.000,0.006,0.000,0.000,0.006,0.000
80.0050,800,0,move,-1,80.0050,80.0183,0,0.000,-0.088,0.176,-0.176,-0.088,0.088,-0.264,-0.088,0.176,0.000,-3.691,3.340,-0.088,0.264,0.000,0.000,0.439,0.176,0.000,0.000,0.000,0.000,0.000,0.000,0.000,0.000,0.000,0.000,-5.639,4.147,0.000,0.000,0.000,0.000,0.000,0.000,0.019,9.2,11.30,31.0,0.000,0.000,0.000,0.000,0.000,0.000,0.006,0.000,0.000,0.000,0.019,0.013,0.000,0.006,0.000,0.000,0.006,0.000
80.1052,801,0,move,-1,80.1052,80.1171,0,0.000,-0.088,0.176,-0.176,-0.088,0.088,-0.264,-0.088,0.176,0.000,-4.482,3.955,-0.088,0.264,0.000,0.000,0.439,0.176,0.000,0.000,0.000,0.000,0.000,0.000,0.000,0.000,0.000,0.000,-6.661,4.896,0.000,0.000,0.000,0.000,0.000,0.000,0.019,9.2,11.30,31.0,0.000,0.000,0.000,0.000,0.000,0.000,0.006,0.000,0.000,0.000,0.019,0.013,0.000,0.006,0.000,0.000,0.006,0.000
80.2048,802,0,move,-1,80.2048,80.2184,0,0.000,-0.088,0.176,-0.176,-0.088,0.088,-0.264,-0.088,0.176,0.000,-5.537,4.746,-0.088,0.264,0.000,0.000,0.439,0.176,0.000,0.000,0.000,0.000,0.000,0.000,0.000,0.000,0.000,0.000,-7.754,5.698,0.000,0.000,0.000,0.000,0.000,0.000,0.019,9.6,11.30,30.0,0.000,0.000,0.006,0.000,0.000,0.000,0.006,0.000,0.000,0.000,0.019,0.013,0.000,0.006,0.000,0.000,0.006,0.000
80.3050,803,0,move,-1,80.3050,80.3169,0,0.000,-0.088,0.176,-0.176,-0.088,0.088,-0.264,-0.088,0.176,0.000,-6.592,5.449,-0.088,0.264,0.000,0.000,0.439,0.176,0.000,0.000,0.000,0.000,0.000,0.000,0.000,0.000,0.000,0.000,-8.915,6.547,0.000,0.000,0.000,0.000,0.000,0.000,0.019,9.6,11.30,30.0,0.000,0.000,0.006,0.000,0.000,0.000,0.006,0.000,0.000,0.000,0.019,0.013,0.000,0.006,0.000,0.000,0.006,0.000
80.4050,804,0,move,-1,80.4050,80.4140,0,0.000,-0.088,0.176,-0.176,-0.088,0.088,-0.264,-0.088,0.176,0.000,-7.646,6.240,-0.088,0.264,0.000,0.000,0.439,0.176,0.000,0.000,0.000,0.000,0.000,0.000,0.000,0.000,0.000,0.000,-10.139,7.441,0.000,0.000,0.000,0.000,0.000,0.000,0.013,8.8,11.20,31.0,0.000,0.000,0.006,0.000,0.000,0.000,0.000,0.000,0.000,0.000,0.013,0.000,0.000,0.013,0.000,0.000,0.006,0.000
80.5048,805,0,move,-1,80.5048,80.5254,0,0.000,-0.088,0.176,-0.176,-0.088,0.088,-0.264,-0.088,0.176,0.000,-8.877,7.207,-0.088,0.264,0.000,0.000,0.439,0.176,0.000,0.000,0.000,0.000,0.000,0.000,0.000,0.000,0.000,0.000,-11.421,8.375,0.000,0.000,0.000,0.000,0.000,0.000,0.013,9.2,11.30,31.0,0.000,0.000,0.000,0.006,0.000,0.000,0.006,0.000,0.006,0.000,0.013,0.006,0.000,0.006,0.000,0.000,0.006,0.006
80.6048,806,0,move,-1,80.6048,80.6215,0,0.000,-0.088,0.176,-0.176,-0.088,0.088,-0.264,-0.088,0.176,0.000,-9.932,8.086,-0.088,0.264,0.000,0.000,0.439,0.176,0.000,0.000,0.000,0.000,0.000,0.000,0.000,0.000,0.000,0.000,-12.756,9.347,0.000,0.000,0.000,0.000,0.000,0.000,0.013,9.2,11.30,31.0,0.000,0.000,0.000,0.006,0.000,0.000,0.006,0.000,0.006,0.000,0.013,0.006,0.000,0.006,0.000,0.000,0.006,0.006
80.7048,807,0,move,-1,80.7048,80.7166,0,0.000,-0.088,0.176,-0.176,-0.088,0.088,-0.264,-0.088,0.176,0.000,-11.250,8.965,-0.088,0.264,0.000,0.000,0.439,0.176,0.000,0.000,0.000,0.000,0.000,0.000,0.000,0.000,0.000,0.000,-14.141,10.350,0.000,0.000,0.000,0.000,0.000,0.000,0.013,8.8,11.30,31.0,0.000,0.000,0.006,0.006,0.000,0.000,0.006,0.000,0.000,0.000,0.013,0.006,0.000,0.013,0.000,0.000,0.013,0.006
80.8048,808,0,move,-1,80.8048,80.8155,0,0.000,-0.088,0.176,-0.176,-0.088,0.088,-0.264,-0.088,0.176,0.000,-12.568,9.756,-0.088,0.264,0.000,0.000,0.439,0.176,0.000,0.000,0.000,0.000,0.000,0.000,0.000,0.000,0.000,0.000,-15.570,11.382,0.000,0.000,0.000,0.000,0.000,0.000,0.013,8.8,11.30,31.0,0.000,0.000,0.006,0.006,0.000,0.000,0.006,0.000,0.000,0.000,0.013,0.006,0.000,0.013,0.000,0.000,0.013,0.006
80.9050,809,0,move,-1,80.9050,80.9171,0,0.000,-0.088,0.176,-0.176,-0.088,0.088,-0.264,-0.088,0.176,0.000,-13.975,10.811,-0.088,0.264,0.000,0.000,0.439,0.176,0.000,0.000,0.000,0.000,0.000,0.000,0.000,0.000,0.000,0.000,-17.038,12.438,0.000,0.000,0.000,0.000,0.000,0.000,0.019,9.6,11.30,31.0,0.000,0.000,0.006,0.000,0.000,0.000,0.006,0.000,0.000,0.000,0.019,0.006,0.000,0.013,0.000,0.000,0.006,0.006
81.0050,810,0,move,-1,81.0050,81.0158,0,0.000,-0.088,0.176,-0.176,-0.088,0.088,-0.264,-0.088,0.176,0.000,-15.293,11.953,-0.088,0.264,0.000,0.000,0.439,0.176,0.000,0.000,0.000,0.000,0.000,0.000,0.000,0.000,0.000,0.000,-18.539,13.514,0.000,0.000,0.000,0.000,0.000,0.000,0.019,9.6,11.30,31.0,0.000,0.000,0.006,0.000,0.000,0.000,0.006,0.000,0.000,0.000,0.019,0.006,0.000,0.013,0.000,0.000,0.006,0.006
81.1048,811,0,move,-1,81.1048,81.1162,0,0.000,-0.088,0.176,-0.176,-0.088,0.088,-0.264,-0.088,0.176,0.000,-16.787,13.008,-0.088,0.264,0.000,0.000,0.439,0.176,0.000,0.000,0.000,0.000,0.000,0.000,0.000,0.000,0.000,0.000,-20.068,14.603,0.000,0.000,0.000,0.000,0.000,0.000,0.013,10.0,11.30,31.0,0.000,0.000,0.000,0.000,0.000,0.000,0.006,0.000,0.006,0.000,0.013,0.006,0.000,0.013,0.000,0.000,0.006,0.006
81.2049,812,0,move,-1,81.2049,81.2383,0,0.000,-0.088,0.176,-0.176,-0.088,0.088,-0.264,-0.088,0.176,0.000,-18.193,13.975,-0.088,0.264,0.000,0.000,0.439,0.176,0.000,0.000,0.000,0.000,0.000,0.000,0.000,0.000,0.000,0.000,-21.620,15.703,0.000,0.000,0.000,0.000,0.000,0.000,0.013,9.6,11.30,31.0,0.000,0.000,0.000,0.006,0.000,0.000,0.006,0.000,0.006,0.000,0.013,0.006,0.000,0.006,0.000,0.000,0.006,0.000
81.3050,813,0,move,-1,81.3050,81.3151,0,0.000,-0.088,0.176,-0.176,-0.088,0.088,-0.264,-0.088,0.176,0.000,-19.688,15.117,-0.088,0.264,0.000,0.000,0.439,0.176,0.000,0.000,0.000,0.000,0.000,0.000,0.000,0.000,0.000,0.000,-23.189,16.807,0.000,0.000,0.000,0.000,0.000,0.000,0.013,9.6,11.30,31.0,0.000,0.000,0.000,0.006,0.000,0.000,0.006,0.000,0.006,0.000,0.013,0.006,0.000,0.006,0.000,0.000,0.006,0.000
81.4050,814,0,move,-1,81.4050,81.4160,0,0.000,-0.088,0.176,-0.176,-0.088,0.088,-0.264,-0.088,0.176,0.000,-21.270,16.260,-0.088,0.264,0.000,0.000,0.439,0.176,0.000,0.000,0.000,0.000,0.000,0.000,0.000,0.000,0.000,0.000,-24.769,17.912,0.000,0.000,0.000,0.000,0.000,0.000,0.013,9.6,11.30,30.0,0.000,0.000,0.000,0.006,0.000,0.000,0.006,0.000,0.006,0.000,0.013,0.006,0.000,0.013,0.000,0.000,0.006,0.006
81.5049,815,0,move,-1,81.5049,81.5144,0,0.000,-0.088,0.176,-0.176,-0.088,0.088,-0.264,-0.088,0.176,0.000,-22.764,17.314,-0.088,0.264,0.000,0.000,0.439,0.176,0.000,0.000,0.000,0.000,0.000,0.000,0.000,0.000,0.000,0.000,-26.354,19.012,0.000,0.000,0.000,0.000,0.000,0.000,0.013,9.6,11.30,30.0,0.000,0.000,0.000,0.006,0.000,0.000,0.006,0.000,0.006,0.000,0.013,0.006,0.000,0.013,0.000,0.000,0.006,0.006
81.6051,816,0,move,-1,81.6051,81.6155,0,0.000,-0.088,0.176,-0.176,-0.088,0.088,-0.264,-0.088,0.176,0.000,-24.346,18.545,-0.088,0.264,0.000,0.000,0.439,0.176,0.000,0.000,0.000,0.000,0.000,0.000,0.000,0.000,0.000,0.000,-27.940,20.103,0.000,0.000,0.000,0.000,0.000,0.000,0.019,9.6,11.30,31.0,0.000,0.000,0.000,0.000,0.000,0.000,0.006,0.000,0.000,0.000,0.019,0.019,0.000,0.013,0.000,0.000,0.006,0.000
81.7049,817,0,move,-1,81.7049,81.7172,0,0.000,-0.088,0.176,-0.176,-0.088,0.088,-0.264,-0.088,0.176,0.000,-25.928,19.512,-0.088,0.264,0.000,0.000,0.439,0.176,0.000,0.000,0.000,0.000,0.000,0.000,0.000,0.000,0.000,0.000,-29.519,21.181,0.000,0.000,0.000,0.000,0.000,0.000,0.019,9.6,11.30,30.0,0.000,0.000,0.006,0.000,0.000,0.000,0.006,0.000,0.000,0.000,0.019,0.000,0.000,0.006,0.000,0.000,0.013,0.000
81.8048,818,0,move,-1,81.8048,81.8166,0,0.000,-0.088,0.176,-0.176,-0.088,0.088,-0.264,-0.088,0.176,0.000,-27.422,20.742,-0.088,0.264,0.000,0.000,0.439,0.176,0.000,0.000,0.000,0.000,0.000,0.000,0.000,0.000,0.000,0.000,-31.087,22.240,0.000,0.000,0.000,0.000,0.000,0.000,0.019,9.6,11.30,30.0,0.000,0.000,0.006,0.000,0.000,0.000,0.006,0.000,0.000,0.000,0.019,0.000,0.000,0.006,0.000,0.000,0.013,0.000
81.9049,819,0,move,-1,81.9049,81.9141,0,0.000,-0.088,0.176,-0.176,-0.088,0.088,-0.264,-0.088,0.176,0.000,-29.004,21.797,-0.088,0.264,0.000,0.000,0.439,0.176,0.000,0.000,0.000,0.000,0.000,0.000,0.000,0.000,0.000,0.000,-32.637,23.276,0.000,0.000,0.000,0.000,0.000,0.000,0.013,10.8,11.20,31.0,0.000,0.000,0.000,0.006,0.000,0.000,0.000,0.000,0.000,0.000,0.013,0.000,0.000,0.006,0.000,0.000,0.006,0.006
82.0049,820,0,move,-1,82.0049,82.0162,0,0.000,-0.088,0.176,-0.176,-0.088,0.088,-0.264,-0.088,0.176,0.000,-30.586,22.764,-0.088,0.264,0.000,0.000,0.439,0.176,0.000,0.000,0.000,0.000,0.000,0.000,0.000,0.000,0.000,0.000,-34.162,24.285,0.000,0.000,0.000,0.000,0.000,0.000,0.013,9.2,11.30,30.0,0.000,0.000,0.000,0.006,0.000,0.000,0.006,0.000,0.006,0.000,0.013,0.000,0.000,0.006,0.000,0.000,0.006,0.006
82.1075,821,0,move,-1,82.1075,82.1454,0,0.000,-0.088,0.176,-0.176,-0.088,0.088,-0.264,-0.088,0.176,0.000,-32.607,23.906,-0.088,0.264,0.000,0.000,0.439,0.176,0.000,0.000,0.000,0.000,0.000,0.000,0.000,0.000,0.000,0.000,-35.658,25.263,0.000,0.000,0.000,0.000,0.000,0.000,0.013,9.6,11.30,31.0,0.000,0.000,0.000,0.000,0.000,0.000,0.000,0.000,0.000,0.000,0.013,0.000,0.000,0.006,0.000,0.000,0.013,0.000
82.2054,822,0,move,-1,82.2054,82.2333,0,0.000,-0.088,0.176,-0.176,-0.088,0.088,-0.264,-0.088,0.176,0.000,-33.662,24.609,-0.088,0.264,0.000,0.000,0.439,0.176,0.000,0.000,0.000,0.000,0.000,0.000,0.000,0.000,0.000,0.000,-37.119,26.207,0.000,0.000,0.000,0.000,0.000,0.000,0.013,9.6,11.30,31.0,0.000,0.000,0.000,0.000,0.000,0.000,0.000,0.000,0.000,0.000,0.013,0.000,0.000,0.006,0.000,0.000,0.013,0.000
82.3049,823,0,move,-1,82.3049,82.3159,0,0.000,-0.088,0.176,-0.176,-0.088,0.088,-0.264,-0.088,0.176,0.000,-35.156,25.664,-0.088,0.264,0.000,0.000,0.439,0.176,0.000,0.000,0.000,0.000,0.000,0.000,0.000,0.000,0.000,0.000,-38.538,27.112,0.000,0.000,0.000,0.000,0.000,0.000,0.013,8.4,11.30,31.0,0.000,0.000,0.000,0.000,0.000,0.000,0.006,0.000,0.000,0.000,0.013,0.000,0.000,0.006,0.000,0.000,0.006,0.000
82.4048,824,0,move,-1,82.4048,82.4164,0,0.000,-0.088,0.176,-0.176,-0.088,0.088,-0.264,-0.088,0.176,0.000,-36.738,26.631,-0.088,0.264,0.000,0.000,0.439,0.176,0.000,0.000,0.000,0.000,0.000,0.000,0.000,0.000,0.000,0.000,-39.910,27.976,0.000,0.000,0.000,0.000,0.000,0.000,0.013,8.8,11.30,30.0,0.000,0.000,0.000,0.000,0.000,0.000,0.006,0.000,0.006,0.000,0.013,0.006,0.000,0.013,0.000,0.000,0.006,0.006
82.5048,825,0,move,-1,82.5048,82.5165,0,0.000,-0.088,0.176,-0.176,-0.088,0.088,-0.264,-0.088,0.176,0.000,-38.232,27.598,-0.088,0.264,0.000,0.000,0.439,0.176,0.000,0.000,0.000,0.000,0.000,0.000,0.000,0.000,0.000,0.000,-41.228,28.795,0.000,0.000,0.000,0.000,0.000,0.000,0.013,8.8,11.30,30.0,0.000,0.000,0.000,0.006,0.000,0.000,0.006,0.000,0.000,0.000,0.013,0.006,0.000,0.013,0.000,0.000,0.006,0.000
82.6049,826,0,move,-1,82.6049,82.6194,0,0.000,-0.088,0.176,-0.176,-0.088,0.088,-0.264,-0.088,0.176,0.000,-39.727,28.564,-0.088,0.264,0.000,0.000,0.439,0.176,0.000,0.000,0.000,0.000,0.000,0.000,0.000,0.000,0.000,0.000,-42.487,29.567,0.000,0.000,0.000,0.000,0.000,0.000,0.013,8.8,11.30,31.0,0.000,0.000,0.006,0.000,0.000,0.000,0.006,0.000,0.006,0.000,0.013,0.000,0.000,0.013,0.000,0.000,0.013,0.000
82.7049,827,0,move,-1,82.7049,82.7153,0,0.000,-0.088,0.176,-0.176,-0.088,0.088,-0.264,-0.088,0.176,0.000,-39.902,28.916,-0.088,0.264,0.000,0.000,0.439,0.176,0.000,0.000,0.000,0.000,0.000,0.000,0.000,0.000,0.000,0.000,-43.680,30.289,0.000,0.000,0.000,0.000,0.000,0.000,0.013,8.8,11.30,31.0,0.000,0.000,0.006,0.000,0.000,0.000,0.006,0.000,0.006,0.000,0.013,0.000,0.000,0.013,0.000,0.000,0.013,0.000
82.8048,828,0,move,-1,82.8048,82.8163,0,0.000,-0.088,0.176,-0.176,-0.088,0.088,-0.264,-0.088,0.176,0.000,-41.221,29.971,-0.088,0.264,0.000,0.000,0.439,0.176,0.000,0.000,0.000,0.000,0.000,0.000,0.000,0.000,0.000,0.000,-44.803,30.959,0.000,0.000,0.000,0.000,0.000,0.000,0.026,9.2,11.20,30.0,0.000,0.000,0.000,0.006,0.000,0.000,0.006,0.000,0.000,0.000,0.026,0.013,0.000,0.006,0.000,0.000,0.006,0.006
82.9049,829,0,move,-1,82.9049,82.9156,0,0.000,-0.088,0.176,-0.176,-0.088,0.088,-0.264,-0.088,0.176,0.000,-42.803,30.762,-0.088,0.264,0.000,0.000,0.439,0.176,0.000,0.000,0.000,0.000,0.000,0.000,0.000,0.000,0.000,0.000,-45.851,31.576,0.000,0.000,0.000,0.000,0.000,0.000,0.026,9.2,11.20,30.0,0.000,0.000,0.000,0.006,0.000,0.000,0.006,0.000,0.000,0.000,0.026,0.013,0.000,0.006,0.000,0.000,0.006,0.006
83.0050,830,0,move,-1,83.0050,83.0158,0,0.000,-0.088,0.176,-0.176,-0.088,0.088,-0.264,-0.088,0.176,0.000,-44.385,31.289,-0.088,0.264,0.000,0.000,0.439,0.176,0.000,0.000,0.000,0.000,0.000,0.000,0.000,0.000,0.000,0.000,-46.816,32.136,0.000,0.000,0.000,0.000,0.000,0.000,0.013,8.8,11.30,30.0,0.000,0.000,0.000,0.000,0.000,0.000,0.006,0.000,0.006,0.000,0.013,0.000,0.000,0.013,0.000,0.000,0.006,0.000
83.1048,831,0,move,-1,83.1048,83.1167,0,0.000,-0.088,0.176,-0.176,-0.088,0.088,-0.264,-0.088,0.176,0.000,-45.703,31.904,-0.088,0.264,0.000,0.000,0.439,0.176,0.000,0.000,0.000,0.000,0.000,0.000,0.000,0.000,0.000,0.000,-47.696,32.641,0.000,0.000,0.000,0.000,0.000,0.000,0.019,9.2,11.30,31.0,0.000,0.000,0.000,0.006,0.000,0.000,0.006,0.000,0.000,0.000,0.019,0.000,0.000,0.006,0.000,0.000,0.006,0.000
83.2048,832,0,move,-1,83.2048,83.2148,0,0.000,-0.088,0.176,-0.176,-0.088,0.088,-0.264,-0.088,0.176,0.000,-46.758,32.432,-0.088,0.264,0.000,0.000,0.439,0.176,0.000,0.000,0.000,0.000,0.000,0.000,0.000,0.000,0.000,0.000,-48.483,33.087,0.000,0.000,0.000,0.000,0.000,0.000,0.019,9.2,11.30,31.0,0.000,0.000,0.000,0.006,0.000,0.000,0.006,0.000,0.000,0.000,0.019,0.000,0.000,0.006,0.000,0.000,0.006,0.000
83.3049,833,0,move,-1,83.3049,83.3176,0,0.000,-0.088,0.176,-0.176,-0.088,0.088,-0.264,-0.088,0.176,0.000,-47.725,32.959,-0.088,0.264,0.000,0.000,0.439,0.176,0.000,0.000,0.000,0.000,0.000,0.000,0.000,0.000,0.000,0.000,-49.176,33.476,0.000,0.000,0.000,0.000,0.000,0.000,0.013,7.2,11.30,31.0,0.000,0.000,0.006,0.000,0.000,0.000,0.006,0.000,0.000,0.000,0.013,0.006,0.000,0.013,0.000,0.000,0.006,0.006
83.4049,834,0,move,-1,83.4049,83.4115,0,0.000,-0.088,0.176,-0.176,-0.088,0.088,-0.264,-0.088,0.176,0.000,-48.428,33.398,-0.088,0.264,0.000,0.000,0.439,0.176,0.000,0.000,0.000,0.000,0.000,0.000,0.000,0.000,0.000,0.000,-49.769,33.806,0.000,0.000,0.000,0.000,0.000,0.000,0.013,7.2,11.30,31.0,0.000,0.000,0.006,0.000,0.000,0.000,0.006,0.000,0.000,0.000,0.013,0.006,0.000,0.013,0.000,0.000,0.006,0.006
83.5050,835,0,move,-1,83.5050,83.5180,0,0.000,-0.088,0.176,-0.176,-0.088,0.088,-0.264,-0.088,0.176,0.000,-49.131,33.838,-0.088,0.264,0.000,0.000,0.439,0.176,0.000,0.000,0.000,0.000,0.000,0.000,0.000,0.000,0.000,0.000,-50.260,34.076,0.000,0.000,0.000,0.000,0.000,0.000,0.019,6.4,11.30,31.0,0.000,0.000,0.000,0.006,0.000,0.000,0.000,0.000,0.000,0.000,0.019,0.000,0.000,0.013,0.000,0.000,0.006,0.000
83.6048,836,0,move,-1,83.6048,83.6169,0,0.000,-0.088,0.176,-0.176,-0.088,0.088,-0.264,-0.088,0.176,0.000,-49.746,33.926,-0.088,0.264,0.000,0.000,0.439,0.176,0.000,0.000,0.000,0.000,0.000,0.000,0.000,0.000,0.000,0.000,-50.644,34.286,0.000,0.000,0.000,0.000,0.000,0.000,0.019,6.4,11.30,31.0,0.000,0.000,0.000,0.006,0.000,0.000,0.000,0.000,0.000,0.000,0.019,0.000,0.000,0.013,0.000,0.000,0.006,0.000
83.7050,837,0,move,-1,83.7050,83.7161,0,0.000,-0.088,0.176,-0.176,-0.088,0.088,-0.264,-0.088,0.176,0.000,-50.098,34.277,-0.088,0.264,0.000,0.000,0.439,0.176,0.000,0.000,0.000,0.000,0.000,0.000,0.000,0.000,0.000,0.000,-50.920,34.437,0.000,0.000,0.000,0.000,0.000,0.000,0.013,6.4,11.20,30.0,0.000,0.000,0.000,0.006,0.000,0.000,0.000,0.000,0.000,0.000,0.013,0.000,0.000,0.006,0.000,0.000,0.013,0.000
83.8048,838,0,move,-1,83.8048,83.8144,0,0.000,-0.088,0.176,-0.176,-0.088,0.088,-0.264,-0.088,0.176,0.000,-50.449,34.365,-0.088,0.264,0.000,0.000,0.439,0.176,0.000,0.000,0.000,0.000,0.000,0.000,0.000,0.000,0.000,0.000,-51.087,34.527,0.000,0.000,0.000,0.000,0.000,0.000,0.013,6.4,11.20,30.0,0.000,0.000,0.000,0.006,0.000,0.000,0.000,0.000,0.000,0.000,0.013,0.000,0.000,0.006,0.000,0.000,0.013,0.000
83.9049,839,0,move,-1,83.9049,83.9157,0,0.000,-0.088,0.176,-0.176,-0.088,0.088,-0.264,-0.088,0.176,0.000,-50.625,34.541,-0.088,0.264,0.000,0.000,0.439,0.176,0.000,0.000,0.000,0.000,0.000,0.000,0.000,0.000,0.000,0.000,-51.143,34.557,0.000,0.000,0.000,0.000,0.000,0.000,0.013,4.8,11.30,31.0,0.000,0.000,0.000,0.006,0.000,0.000,0.000,0.000,0.006,0.000,0.006,0.000,0.000,0.006,0.000,0.000,0.013,0.006
84.0047,840,0,move,-1,84.0047,84.0158,0,0.000,-0.088,0.176,-0.176,-0.088,0.088,-0.264,-0.088,0.176,0.000,-50.801,34.541,-0.088,0.264,0.000,0.000,0.439,0.176,0.000,0.000,0.000,0.000,0.000,0.000,0.000,0.000,0.000,0.000,-51.143,34.557,0.000,0.000,0.000,0.000,0.000,0.000,0.013,3.2,11.30,28.0,0.000,0.000,0.000,0.006,0.000,0.000,0.000,0.000,0.000,0.000,0.006,0.000,0.000,0.013,0.000,0.000,0.006,0.000
84.1048,841,0,move,-1,84.1048,84.1151,0,0.000,-0.088,0.176,-0.176,-0.088,0.088,-0.264,-0.088,0.176,0.000,-50.801,34.541,-0.088,0.264,0.000,0.000,0.439,0.176,0.000,0.000,0.000,0.000,0.000,0.000,0.000,0.000,0.000,0.000,-51.143,34.557,0.000,0.000,0.000,0.000,0.000,0.000,0.013,3.2,11.30,28.0,0.000,0.000,0.000,0.006,0.000,0.000,0.000,0.000,0.000,0.000,0.006,0.000,0.000,0.013,0.000,0.000,0.006,0.000
84.2048,842,0,move,-1,84.2048,84.2567,0,0.000,-0.088,0.176,-0.176,-0.088,0.088,-0.264,-0.088,0.176,0.000,-50.801,34.541,-0.088,0.264,0.000,0.000,0.439,0.176,0.000,0.000,0.000,0.000,0.000,0.000,0.000,0.000,0.000,0.000,-51.143,34.557,0.000,0.000,0.000,0.000,0.000,0.000,0.006,2.4,11.30,32.0,0.000,0.000,0.006,0.000,0.000,0.000,0.006,0.000,0.006,0.000,0.006,0.000,0.000,0.006,0.000,0.000,0.006,0.000
84.3048,843,0,move,-1,84.3048,84.3152,0,0.000,-0.088,0.176,-0.176,-0.088,0.088,-0.264,-0.088,0.176,0.000,-50.801,34.541,-0.088,0.264,0.000,0.000,0.439,0.176,0.000,0.000,0.000,0.000,0.000,0.000,0.000,0.000,0.000,0.000,-51.143,34.557,0.000,0.000,0.000,0.000,0.000,0.000,0.006,2.4,11.30,32.0,0.000,0.000,0.006,0.000,0.000,0.000,0.006,0.000,0.006,0.000,0.006,0.000,0.000,0.006,0.000,0.000,0.006,0.000
84.4106,844,0,move,-1,84.4106,84.4299,0,0.000,-0.088,0.176,-0.176,-0.088,0.088,-0.264,-0.088,0.176,0.000,-50.801,34.541,-0.088,0.264,0.000,0.000,0.439,0.176,0.000,0.000,0.000,0.000,0.000,0.000,0.000,0.000,0.000,0.000,-51.143,34.557,0.000,0.000,0.000,0.000,0.000,0.000,0.013,3.2,11.30,28.0,0.000,0.000,0.000,0.000,0.000,0.000,0.006,0.000,0.000,0.000,0.006,0.000,0.000,0.013,0.000,0.000,0.006,0.000
84.5048,845,0,move,-1,84.5048,84.5146,0,0.000,-0.088,0.176,-0.176,-0.088,0.088,-0.264,-0.088,0.176,0.000,-50.801,34.541,-0.088,0.264,0.000,0.000,0.439,0.176,0.000,0.000,0.000,0.000,0.000,0.000,0.000,0.000,0.000,0.000,-51.143,34.557,0.000,0.000,0.000,0.000,0.000,0.000,0.013,3.2,11.30,28.0,0.000,0.000,0.000,0.000,0.000,0.000,0.006,0.000,0.000,0.000,0.006,0.000,0.000,0.013,0.000,0.000,0.006,0.000
84.6049,846,0,move,-1,84.6049,84.6162,0,0.000,-0.088,0.176,-0.176,-0.088,0.088,-0.264,-0.088,0.176,0.000,-50.801,34.541,-0.088,0.264,0.000,0.000,0.439,0.176,0.000,0.000,0.000,0.000,0.000,0.000,0.000,0.000,0.000,0.000,-51.143,34.557,0.000,0.000,0.000,0.000,0.000,0.000,0.006,2.4,11.30,32.0,0.000,0.000,0.000,0.006,0.000,0.000,0.006,0.000,0.000,0.000,0.000,0.000,0.000,0.006,0.000,0.000,0.006,0.006
84.7049,847,0,move,-1,84.7049,84.7154,0,0.000,-0.088,0.176,-0.176,-0.088,0.088,-0.264,-0.088,0.176,0.000,-50.801,34.541,-0.088,0.264,0.000,0.000,0.439,0.176,0.000,0.000,0.000,0.000,0.000,0.000,0.000,0.000,0.000,0.000,-51.143,34.557,0.000,0.000,0.000,0.000,0.000,0.000,0.006,2.4,11.30,32.0,0.000,0.000,0.000,0.006,0.000,0.000,0.006,0.000,0.000,0.000,0.000,0.000,0.000,0.006,0.000,0.000,0.006,0.006
84.8047,848,0,move,-1,84.8047,84.8158,0,0.000,-0.088,0.176,-0.176,-0.088,0.088,-0.264,-0.088,0.176,0.000,-50.801,34.541,-0.088,0.264,0.000,0.000,0.439,0.176,0.000,0.000,0.000,0.000,0.000,0.000,0.000,0.000,0.000,0.000,-51.143,34.557,0.000,0.000,0.000,0.000,0.000,0.000,0.013,3.2,11.30,28.0,0.000,0.000,0.000,0.000,0.000,0.000,0.006,0.000,0.006,0.000,0.006,0.000,0.000,0.013,0.000,0.000,0.013,0.000
84.9049,849,0,move,-1,84.9049,84.9182,0,0.000,-0.088,0.176,-0.176,-0.088,0.088,-0.264,-0.088,0.176,0.000,-50.801,34.541,-0.088,0.264,0.000,0.000,0.439,0.176,0.000,0.000,0.000,0.000,0.000,0.000,0.000,0.000,0.000,0.000,-51.143,34.557,0.000,0.000,0.000,0.000,0.000,0.000,0.013,4.8,11.30,31.0,0.000,0.000,0.000,0.000,0.000,0.000,0.006,0.000,0.006,0.000,0.006,0.000,0.000,0.006,0.006,0.000,0.013,0.000
85.0048,850,0,move,-1,85.0048,85.0157,0,0.000,-0.088,0.176,-0.176,-0.088,0.088,-0.264,-0.088,0.176,0.000,-50.801,34.541,-0.088,0.264,0.000,0.000,0.439,0.176,0.000,0.000,0.000,0.000,0.000,0.000,0.000,0.000,0.000,0.000,-51.143,34.557,0.000,0.000,0.000,0.000,0.000,0.000,0.013,4.8,11.30,31.0,0.000,0.000,0.000,0.000,0.000,0.000,0.006,0.000,0.006,0.000,0.006,0.000,0.000,0.006,0.006,0.000,0.013,0.000
85.1057,851,0,move,-1,85.1057,85.1177,0,0.000,-0.088,0.176,-0.176,-0.088,0.088,-0.264,-0.088,0.176,0.000,-50.801,34.541,-0.088,0.264,0.000,0.000,0.439,0.176,0.000,0.000,0.000,0.000,0.000,0.000,0.000,0.000,0.000,0.000,-51.143,34.557,0.000,0.000,0.000,0.000,0.000,0.000,0.013,3.2,11.30,28.0,0.000,0.000,0.000,0.000,0.000,0.000,0.006,0.000,0.000,0.000,0.006,0.000,0.000,0.013,0.000,0.000,0.006,0.000
85.2048,852,0,move,-1,85.2048,85.2192,0,0.000,-0.088,0.176,-0.176,-0.088,0.088,-0.264,-0.088,0.176,0.000,-50.801,34.541,-0.088,0.264,0.000,0.000,0.439,0.176,0.000,0.000,0.000,0.000,0.000,0.000,0.000,0.000,0.000,0.000,-51.143,34.557,0.000,0.000,0.000,0.000,0.000,0.000,0.013,4.8,11.30,31.0,0.000,0.000,0.000,0.000,0.000,0.000,0.006,0.000,0.000,0.000,0.006,0.000,0.000,0.006,0.000,0.000,0.013,0.000
85.3049,853,0,move,-1,85.3049,85.3158,0,0.000,-0.088,0.176,-0.176,-0.088,0.088,-0.264,-0.088,0.176,0.000,-50.801,34.541,-0.088,0.264,0.000,0.000,0.439,0.176,0.000,0.000,0.000,0.000,0.000,0.000,0.000,0.000,0.000,0.000,-51.143,34.557,0.000,0.000,0.000,0.000,0.000,0.000,0.013,4.8,11.30,31.0,0.000,0.000,0.000,0.000,0.000,0.000,0.006,0.000,0.000,0.000,0.006,0.000,0.000,0.006,0.000,0.000,0.013,0.000
85.4050,854,0,move,-1,85.4050,85.4296,0,0.000,-0.088,0.176,-0.176,-0.088,0.088,-0.264,-0.088,0.176,0.088,-50.801,34.541,-0.088,0.264,0.000,0.000,0.439,0.176,0.000,0.000,0.000,0.000,0.000,0.000,0.000,0.000,0.000,0.000,-51.143,34.557,0.000,0.000,0.000,0.000,0.000,0.000,0.013,4.8,11.30,31.0,0.000,0.000,0.000,0.006,0.000,0.000,0.006,0.000,0.000,0.000,0.006,0.000,0.000,0.006,0.000,0.000,0.013,0.006
85.5048,855,0,move,-1,85.5048,85.5106,0,0.000,-0.088,0.176,-0.176,-0.088,0.088,-0.264,-0.088,0.176,0.088,-50.801,34.541,-0.088,0.264,0.000,0.000,0.439,0.176,0.000,0.000,0.000,0.000,0.000,0.000,0.000,0.000,0.000,0.000,-51.143,34.557,0.000,0.000,0.000,0.000,0.000,0.000,0.013,4.8,11.30,31.0,0.000,0.000,0.000,0.006,0.000,0.000,0.006,0.000,0.000,0.000,0.006,0.000,0.000,0.006,0.000,0.000,0.013,0.006
85.6050,856,0,move,-1,85.6050,85.6171,0,0.000,-0.088,0.176,-0.176,-0.088,0.088,-0.264,-0.088,0.176,0.088,-50.801,34.541,-0.088,0.264,0.000,0.000,0.439,0.176,0.000,0.000,0.000,0.000,0.000,0.000,0.000,0.000,0.000,0.000,-51.143,34.557,0.000,0.000,0.000,0.000,0.000,0.000,0.006,2.4,11.30,32.0,0.000,0.000,0.000,0.006,0.000,0.000,0.006,0.000,0.006,0.000,0.000,0.000,0.000,0.006,0.000,0.000,0.006,0.000
85.7049,857,0,move,-1,85.7049,85.7159,0,0.000,-0.088,0.176,-0.176,-0.088,0.088,-0.264,-0.088,0.176,0.088,-50.801,34.541,-0.088,0.264,0.000,0.000,0.439,0.176,0.000,0.000,0.000,0.000,0.000,0.000,0.000,0.000,0.000,0.000,-51.143,34.557,0.000,0.000,0.000,0.000,0.000,0.000,0.006,2.4,11.30,32.0,0.000,0.000,0.000,0.006,0.000,0.000,0.006,0.000,0.006,0.000,0.000,0.000,0.000,0.006,0.000,0.000,0.006,0.000
85.8049,858,0,move,-1,85.8049,85.8173,0,0.000,-0.088,0.176,-0.176,-0.088,0.088,-0.264,-0.088,0.176,0.088,-50.801,34.541,-0.088,0.264,0.000,0.000,0.439,0.176,0.000,0.000,0.000,0.000,0.000,0.000,0.000,0.000,0.000,0.000,-51.143,34.557,0.000,0.000,0.000,0.000,0.000,0.000,0.013,3.2,11.30,28.0,0.000,0.000,0.000,0.000,0.000,0.000,0.000,0.000,0.006,0.000,0.006,0.000,0.000,0.013,0.000,0.000,0.006,0.006
85.9048,859,0,move,-1,85.9048,85.9109,0,0.000,-0.088,0.176,-0.176,-0.088,0.088,-0.264,-0.088,0.176,0.088,-50.801,34.541,-0.088,0.264,0.000,0.000,0.439,0.176,0.000,0.000,0.000,0.000,0.000,0.000,0.000,0.000,0.000,0.000,-51.143,34.557,0.000,0.000,0.000,0.000,0.000,0.000,0.013,3.2,11.30,28.0,0.000,0.000,0.000,0.000,0.000,0.000,0.000,0.000,0.006,0.000,0.006,0.000,0.000,0.013,0.000,0.000,0.006,0.006
86.0093,860,0,move,-1,86.0093,86.0185,0,0.000,-0.088,0.176,-0.176,-0.088,0.088,-0.264,-0.088,0.176,0.088,-50.801,34.541,-0.088,0.264,0.000,0.000,0.439,0.176,0.000,0.000,0.000,0.000,0.000,0.000,0.000,0.000,0.000,0.000,-51.143,34.557,0.000,0.000,0.000,0.000,0.000,0.000,0.006,2.4,11.30,32.0,0.000,0.000,0.000,0.006,0.000,0.000,0.006,0.000,0.000,0.000,0.006,0.000,0.000,0.006,0.000,0.000,0.006,0.000
86.1048,861,0,move,-1,86.1048,86.1149,0,0.000,-0.088,0.176,-0.176,-0.088,0.088,-0.264,-0.088,0.176,0.088,-50.801,34.541,-0.088,0.264,0.000,0.000,0.439,0.176,0.000,0.000,0.000,0.000,0.000,0.000,0.000,0.000,0.000,0.000,-51.143,34.557,0.000,0.000,0.000,0.000,0.000,0.000,0.006,2.4,11.30,32.0,0.000,0.000,0.000,0.006,0.000,0.000,0.006,0.000,0.000,0.000,0.006,0.000,0.000,0.006,0.000,0.000,0.006,0.000
86.2049,862,0,move,-1,86.2049,86.2153,0,0.000,-0.088,0.176,-0.176,-0.088,0.088,-0.264,-0.088,0.176,0.088,-50.801,34.541,-0.088,0.264,0.000,0.000,0.439,0.176,0.000,0.000,0.000,0.000,0.000,0.000,0.000,0.000,0.000,0.000,-51.143,34.557,0.000,0.000,0.000,0.000,0.000,0.000,0.013,3.2,11.30,28.0,0.000,0.000,0.000,0.006,0.000,0.000,0.006,0.000,0.000,0.000,0.006,0.000,0.000,0.013,0.000,0.000,0.006,0.000
86.3049,863,0,move,-1,86.3049,86.3172,0,0.000,-0.088,0.176,-0.176,-0.088,0.088,-0.264,-0.088,0.176,0.088,-50.801,34.541,-0.088,0.264,0.000,0.000,0.439,0.176,0.000,0.000,0.000,0.000,0.000,0.000,0.000,0.000,0.000,0.000,-51.143,34.557,0.000,0.000,0.000,0.000,0.000,0.000,0.013,4.8,11.30,31.0,0.000,0.000,0.000,0.000,0.000,0.000,0.006,0.000,0.000,0.000,0.006,0.000,0.000,0.006,0.000,0.000,0.013,0.000
86.4053,864,0,move,-1,86.4053,86.4207,0,0.000,-0.088,0.176,-0.176,-0.088,0.088,-0.264,-0.088,0.176,0.088,-50.801,34.541,-0.088,0.264,0.000,0.000,0.439,0.176,0.000,0.000,0.000,0.000,0.000,0.000,0.000,0.000,0.000,0.000,-51.143,34.557,0.000,0.000,0.000,0.000,0.000,0.000,0.006,2.4,11.30,32.0,0.000,0.000,0.006,0.000,0.000,0.000,0.000,0.000,0.006,0.000,0.006,0.000,0.000,0.006,0.000,0.000,0.006,0.000
86.5060,865,0,move,-1,86.5060,86.5315,0,0.000,-0.088,0.176,-0.176,-0.088,0.088,-0.264,-0.088,0.176,0.088,-50.801,34.541,-0.088,0.264,0.000,0.000,0.439,0.176,0.000,0.000,0.000,0.000,0.000,0.000,0.000,0.000,0.000,0.000,-51.143,34.557,0.000,0.000,0.000,0.000,0.000,0.000,0.006,2.4,11.30,32.0,0.000,0.000,0.000,0.006,0.000,0.000,0.000,0.000,0.000,0.000,0.006,0.000,0.000,0.006,0.000,0.000,0.006,0.000
86.6157,866,0,move,-1,86.6157,86.6274,0,0.000,-0.088,0.176,-0.176,-0.088,0.088,-0.264,-0.088,0.176,0.088,-50.801,34.541,-0.088,0.264,0.000,0.000,0.439,0.176,0.000,0.000,0.000,0.000,0.000,0.000,0.000,0.000,0.000,0.000,-51.143,34.557,0.000,0.000,0.000,0.000,0.000,0.000,0.006,2.4,11.30,32.0,0.000,0.000,0.000,0.006,0.000,0.000,0.000,0.000,0.000,0.000,0.006,0.000,0.000,0.006,0.000,0.000,0.006,0.000
86.7059,867,0,move,-1,86.7059,86.7134,0,0.000,-0.088,0.176,-0.176,-0.088,0.088,-0.264,-0.088,0.176,0.088,-50.801,34.541,-0.088,0.264,0.000,0.000,0.439,0.176,0.000,0.000,0.000,0.000,0.000,0.000,0.000,0.000,0.000,0.000,-51.143,34.557,0.000,0.000,0.000,0.000,0.000,0.000,0.013,3.2,11.30,28.0,0.000,0.000,0.000,0.006,0.000,0.000,0.000,0.000,0.000,0.000,0.006,0.000,0.000,0.013,0.000,0.000,0.013,0.000
86.8050,868,0,move,-1,86.8050,86.8173,0,0.000,-0.088,0.176,-0.176,-0.088,0.088,-0.264,-0.088,0.176,0.088,-50.801,34.541,-0.088,0.264,0.000,0.000,0.439,0.176,0.000,0.000,0.000,0.000,0.000,0.000,0.000,0.000,0.000,0.000,-51.143,34.557,0.000,0.000,0.000,0.000,0.000,0.000,0.013,3.2,11.30,28.0,0.000,0.000,0.006,0.000,0.000,0.000,0.006,0.000,0.000,0.000,0.006,0.000,0.000,0.013,0.000,0.000,0.013,0.000
86.9114,869,0,move,-1,86.9114,86.9374,0,0.000,-0.088,0.176,-0.176,-0.088,0.088,-0.264,-0.088,0.176,0.088,-50.801,34.541,-0.088,0.264,0.000,0.000,0.439,0.176,0.000,0.000,0.000,0.000,0.000,0.000,0.000,0.000,0.000,0.000,-51.143,34.557,0.000,0.000,0.000,0.000,0.000,0.000,0.006,2.4,11.30,32.0,0.000,0.000,0.000,0.006,0.000,0.000,0.000,0.000,0.006,0.000,0.006,0.000,0.000,0.006,0.000,0.000,0.006,0.006
87.0048,870,0,move,-1,87.0048,87.0166,0,0.000,-0.088,0.176,-0.176,-0.088,0.088,-0.264,-0.088,0.176,0.088,-50.801,34.541,-0.088,0.264,0.000,0.000,0.439,0.176,0.000,0.000,0.000,0.000,0.000,0.000,0.000,0.000,0.000,0.000,-51.143,34.557,0.000,0.000,0.000,0.000,0.000,0.000,0.006,2.4,11.30,32.0,0.000,0.000,0.000,0.006,0.000,0.000,0.000,0.000,0.006,0.000,0.006,0.000,0.000,0.006,0.000,0.000,0.006,0.006
87.1049,871,0,move,-1,87.1049,87.1176,0,0.000,-0.088,0.176,-0.176,-0.088,0.088,-0.264,-0.088,0.176,0.088,-50.801,34.541,-0.088,0.264,0.000,0.000,0.439,0.176,0.000,0.000,0.000,0.000,0.000,0.000,0.000,0.000,0.000,0.000,-51.143,34.557,0.000,0.000,0.000,0.000,0.000,0.000,0.013,3.2,11.30,28.0,0.000,0.000,0.000,0.006,0.000,0.000,0.006,0.000,0.006,0.000,0.006,0.000,0.000,0.013,0.000,0.000,0.013,0.000
87.2049,872,0,move,-1,87.2049,87.2160,0,0.000,-0.088,0.176,-0.176,-0.088,0.088,-0.264,-0.088,0.176,0.088,-50.801,34.541,-0.088,0.264,0.000,0.000,0.439,0.176,0.000,0.000,0.000,0.000,0.000,0.000,0.000,0.000,0.000,0.000,-51.143,34.557,0.000,0.000,0.000,0.000,0.000,0.000,0.013,3.2,11.30,28.0,0.000,0.000,0.000,0.006,0.000,0.000,0.006,0.000,0.006,0.000,0.006,0.000,0.000,0.013,0.000,0.000,0.013,0.000
87.3048,873,0,move,-1,87.3048,87.3181,0,0.000,-0.088,0.176,-0.176,-0.088,0.088,-0.264,-0.088,0.176,0.088,-50.801,34.541,-0.088,0.264,0.000,0.000,0.439,0.176,0.000,0.000,0.000,0.000,0.000,0.000,0.000,0.000,0.000,0.000,-51.143,34.557,0.000,0.000,0.000,0.000,0.000,0.000,0.013,3.2,11.30,28.0,0.000,0.000,0.000,0.000,0.000,0.000,0.000,0.000,0.006,0.000,0.006,0.000,0.000,0.013,0.000,0.000,0.006,0.000
87.4049,874,0,move,-1,87.4049,87.4195,0,0.000,-0.088,0.176,-0.176,-0.088,0.088,-0.264,-0.088,0.176,0.088,-50.801,34.541,-0.088,0.264,0.000,0.000,0.439,0.176,0.000,0.000,0.000,0.000,0.000,0.000,0.000,0.000,0.000,0.000,-51.143,34.557,0.000,0.000,0.000,0.000,0.000,0.000,0.013,3.2,11.30,28.0,0.000,0.000,0.000,0.000,0.000,0.000,0.000,0.000,0.006,0.000,0.006,0.000,0.000,0.013,0.000,0.000,0.013,0.000
87.5049,875,0,move,-1,87.5049,87.5160,0,0.000,-0.088,0.176,-0.176,-0.088,0.088,-0.264,-0.088,0.176,0.088,-50.801,34.541,-0.088,0.264,0.000,0.000,0.439,0.176,0.000,0.000,0.000,0.000,0.000,0.000,0.000,0.000,0.000,0.000,-51.143,34.557,0.000,0.000,0.000,0.000,0.000,0.000,0.013,3.2,11.30,28.0,0.000,0.000,0.000,0.000,0.000,0.000,0.000,0.000,0.006,0.000,0.006,0.000,0.000,0.013,0.000,0.000,0.013,0.000
87.6048,876,0,move,-1,87.6048,87.6146,0,0.000,-0.088,0.176,-0.176,-0.088,0.088,-0.264,-0.088,0.176,0.088,-50.801,34.541,-0.088,0.264,0.000,0.000,0.439,0.176,0.000,0.000,0.000,0.000,0.000,0.000,0.000,0.000,0.000,0.000,-51.143,34.557,0.000,0.000,0.000,0.000,0.000,0.000,0.006,2.4,11.30,32.0,0.000,0.000,0.000,0.006,0.000,0.000,0.000,0.000,0.000,0.000,0.006,0.000,0.000,0.006,0.000,0.000,0.006,0.006
87.7048,877,0,move,-1,87.7048,87.7178,0,0.000,-0.088,0.176,-0.176,-0.088,0.088,-0.264,-0.088,0.176,0.088,-50.801,34.541,-0.088,0.264,0.000,0.000,0.439,0.176,0.000,0.000,0.000,0.000,0.000,0.000,0.000,0.000,0.000,0.000,-51.143,34.557,0.000,0.000,0.000,0.000,0.000,0.000,0.006,2.4,11.30,32.0,0.000,0.000,0.006,0.000,0.000,0.000,0.006,0.000,0.000,0.000,0.006,0.000,0.000,0.006,0.000,0.000,0.006,0.006
87.8049,878,0,move,-1,87.8049,87.8152,0,0.000,-0.088,0.176,-0.176,-0.088,0.088,-0.264,-0.088,0.176,0.088,-50.801,34.541,-0.088,0.264,0.000,0.000,0.439,0.176,0.000,0.000,0.000,0.000,0.000,0.000,0.000,0.000,0.000,0.000,-51.143,34.557,0.000,0.000,0.000,0.000,0.000,0.000,0.006,2.4,11.30,32.0,0.000,0.000,0.006,0.000,0.000,0.000,0.006,0.000,0.000,0.000,0.006,0.000,0.000,0.006,0.000,0.000,0.006,0.006
87.9048,879,0,move,-1,87.9048,87.9102,0,0.000,-0.088,0.176,-0.176,-0.088,0.088,-0.264,-0.088,0.176,0.088,-50.801,34.541,-0.088,0.264,0.000,0.000,0.439,0.176,0.000,0.000,0.000,0.000,0.000,0.000,0.000,0.000,0.000,0.000,-51.143,34.557,0.000,0.000,0.000,0.000,0.000,0.000,0.013,3.2,11.30,28.0,0.000,0.000,0.000,0.006,0.000,0.000,0.006,0.000,0.000,0.000,0.000,0.000,0.000,0.013,0.000,0.000,0.006,0.000
88.0049,880,0,move,-1,88.0049,88.0160,0,0.000,-0.088,0.176,-0.176,-0.088,0.088,-0.264,-0.088,0.176,0.088,-50.801,34.541,-0.088,0.264,0.000,0.000,0.439,0.176,0.000,0.000,0.000,0.000,0.000,0.000,0.000,0.000,0.000,0.000,-51.143,34.557,0.000,0.000,0.000,0.000,0.000,0.000,0.006,3.2,11.30,32.0,0.000,0.000,0.000,0.000,0.000,0.000,0.006,0.000,0.000,0.000,0.006,0.000,0.000,0.006,0.000,0.000,0.006,0.006
88.1052,881,0,move,-1,88.1052,88.1152,0,0.000,-0.088,0.176,-0.176,-0.088,0.088,-0.264,-0.088,0.176,0.088,-50.801,34.541,-0.088,0.264,0.000,0.000,0.439,0.176,0.000,0.000,0.000,0.000,0.000,0.000,0.000,0.000,0.000,0.000,-51.143,34.557,0.000,0.000,0.000,0.000,0.000,0.000,0.006,3.2,11.30,32.0,0.000,0.000,0.000,0.000,0.000,0.000,0.006,0.000,0.000,0.000,0.006,0.000,0.000,0.006,0.000,0.000,0.006,0.006
88.2102,882,0,move,-1,88.2102,88.2417,0,0.000,-0.088,0.176,-0.176,-0.088,0.088,-0.264,-0.088,0.176,0.088,-50.801,34.541,-0.088,0.264,0.000,0.000,0.439,0.176,0.000,0.000,0.000,0.000,0.000,0.000,0.000,0.000,0.000,0.000,-51.143,34.557,0.000,0.000,0.000,0.000,0.000,0.000,0.013,3.2,11.30,28.0,0.000,0.000,0.000,0.000,0.000,0.000,0.000,0.000,0.000,0.000,0.000,0.000,0.000,0.013,0.000,0.000,0.006,0.006
88.3049,883,0,move,-1,88.3049,88.3158,0,0.000,-0.088,0.176,-0.176,-0.088,0.088,-0.264,-0.088,0.176,0.088,-50.801,34.541,-0.088,0.264,0.000,0.000,0.439,0.176,0.000,0.000,0.000,0.000,0.000,0.000,0.000,0.000,0.000,0.000,-51.143,34.557,0.000,0.000,0.000,0.000,0.000,0.000,0.013,3.2,11.30,28.0,0.000,0.000,0.000,0.000,0.000,0.000,0.000,0.000,0.000,0.000,0.000,0.000,0.000,0.013,0.000,0.000,0.006,0.006
88.4191,884,0,move,-1,88.4191,88.4458,0,0.000,-0.088,0.176,-0.176,-0.088,0.088,-0.264,-0.088,0.176,0.088,-50.801,34.541,-0.088,0.264,0.000,0.000,0.439,0.176,0.000,0.000,0.000,0.000,0.000,0.000,0.000,0.000,0.000,0.000,-51.143,34.557,0.000,0.000,0.000,0.000,0.000,0.000,0.000,0.0,11.30,31.0,0.000,0.000,0.000,0.000,0.000,0.000,0.000,0.000,0.000,0.000,0.000,0.000,0.000,0.000,0.000,0.000,0.000,0.000
88.5049,885,0,move,-1,88.5049,88.5158,0,0.000,-0.088,0.176,-0.176,-0.088,0.088,-0.264,-0.088,0.176,0.088,-50.801,34.541,-0.088,0.264,0.000,0.000,0.439,0.176,0.000,0.000,0.000,0.000,0.000,0.000,0.000,0.000,0.000,0.000,-51.143,34.557,0.000,0.000,0.000,0.000,0.000,0.000,0.000,0.0,11.30,31.0,0.000,0.000,0.000,0.000,0.000,0.000,0.000,0.000,0.000,0.000,0.000,0.000,0.000,0.000,0.000,0.000,0.000,0.000
88.6049,886,0,move,-1,88.6049,88.6166,0,0.000,-0.088,0.176,-0.176,-0.088,0.088,-0.264,-0.088,0.176,0.088,-50.801,34.541,-0.088,0.264,0.000,0.000,0.439,0.176,0.000,0.000,0.000,0.000,0.000,0.000,0.000,0.000,0.000,0.000,-51.143,34.557,0.000,0.000,0.000,0.000,0.000,0.000,0.013,3.2,11.30,28.0,0.000,0.000,0.000,0.000,0.000,0.000,0.006,0.000,0.000,0.000,0.006,0.000,0.000,0.013,0.000,0.000,0.013,0.000
88.7048,887,0,move,-1,88.7048,88.7151,0,0.000,-0.088,0.176,-0.176,-0.088,0.088,-0.264,-0.088,0.176,0.088,-50.801,34.541,-0.088,0.264,0.000,0.000,0.439,0.176,0.000,0.000,0.000,0.000,0.000,0.000,0.000,0.000,0.000,0.000,-51.143,34.557,0.000,0.000,0.000,0.000,0.000,0.000,0.013,3.2,11.30,28.0,0.000,0.000,0.000,0.000,0.000,0.000,0.006,0.000,0.000,0.000,0.006,0.000,0.000,0.013,0.000,0.000,0.013,0.000
88.8049,888,0,move,-1,88.8049,88.8171,0,0.000,-0.088,0.176,-0.176,-0.088,0.088,-0.264,-0.088,0.176,0.088,-50.801,34.541,-0.088,0.264,0.000,0.000,0.439,0.176,0.000,0.000,0.000,0.000,0.000,0.000,0.000,0.000,0.000,0.000,-51.143,34.557,0.000,0.000,0.000,0.000,0.000,0.000,0.013,4.8,11.30,31.0,0.000,0.000,0.000,0.006,0.000,0.000,0.006,0.000,0.000,0.000,0.006,0.000,0.000,0.006,0.000,0.000,0.013,0.000
88.9049,889,0,move,-1,88.9049,88.9169,0,0.000,-0.088,0.176,-0.176,-0.088,0.088,-0.264,-0.088,0.176,0.088,-50.801,34.541,-0.088,0.264,0.000,0.000,0.439,0.176,0.000,0.000,0.000,0.000,0.000,0.000,0.000,0.000,0.000,0.000,-51.143,34.557,0.000,0.000,0.000,0.000,0.000,0.000,0.013,4.8,11.30,31.0,0.000,0.000,0.000,0.006,0.000,0.000,0.006,0.000,0.000,0.000,0.006,0.000,0.000,0.006,0.000,0.000,0.013,0.000
89.0184,890,0,move,-1,89.0184,89.0377,0,0.000,-0.088,0.176,-0.176,-0.088,0.088,-0.264,-0.088,0.176,0.088,-50.801,34.541,-0.088,0.264,0.000,0.000,0.439,0.176,0.000,0.000,0.000,0.000,0.000,0.000,0.000,0.000,0.000,0.000,-51.143,34.557,0.000,0.000,0.000,0.000,0.000,0.000,0.013,4.8,11.30,31.0,0.000,0.000,0.006,0.006,0.000,0.000,0.006,0.000,0.000,0.000,0.006,0.000,0.000,0.006,0.000,0.000,0.013,0.006
89.1048,891,0,move,-1,89.1048,89.1145,0,0.000,-0.088,0.176,-0.176,-0.088,0.088,-0.264,-0.088,0.176,0.088,-50.801,34.541,-0.088,0.264,0.000,0.000,0.439,0.176,0.000,0.000,0.000,0.000,0.000,0.000,0.000,0.000,0.000,0.000,-51.143,34.557,0.000,0.000,0.000,0.000,0.000,0.000,0.013,4.8,11.30,31.0,0.000,0.000,0.006,0.006,0.000,0.000,0.006,0.000,0.000,0.000,0.006,0.000,0.000,0.006,0.000,0.000,0.013,0.006
89.2047,892,0,move,-1,89.2047,89.2150,0,0.000,-0.088,0.176,-0.176,-0.088,0.088,-0.264,-0.088,0.176,0.088,-50.801,34.541,-0.088,0.264,0.000,0.000,0.439,0.176,0.000,0.000,0.000,0.000,0.000,0.000,0.000,0.000,0.000,0.000,-51.143,34.557,0.000,0.000,0.000,0.000,0.000,0.000,0.006,4.0,11.30,30.0,0.000,0.000,0.000,0.000,0.000,0.000,0.000,0.000,0.000,0.000,0.006,0.000,0.000,0.006,0.000,0.000,0.006,0.000
89.3049,893,0,move,-1,89.3049,89.3168,0,0.000,-0.088,0.176,-0.176,-0.088,0.088,-0.264,-0.088,0.176,0.088,-50.801,34.541,-0.088,0.264,0.000,0.000,0.439,0.176,0.000,0.000,0.000,0.000,0.000,0.000,0.000,0.000,0.000,0.000,-51.143,34.557,0.000,0.000,0.000,0.000,0.000,0.000,0.013,3.2,11.30,28.0,0.000,0.000,0.000,0.000,0.000,0.000,0.006,0.000,0.006,0.000,0.006,0.000,0.000,0.013,0.000,0.000,0.013,0.006
89.4047,894,0,move,-1,89.4047,89.4154,0,0.000,-0.088,0.176,-0.176,-0.088,0.088,-0.264,-0.088,0.176,0.088,-50.801,34.541,-0.088,0.264,0.000,0.000,0.439,0.176,0.000,0.000,0.000,0.000,0.000,0.000,0.000,0.000,0.000,0.000,-51.143,34.557,0.000,0.000,0.000,0.000,0.000,0.000,0.013,3.2,11.30,28.0,0.000,0.000,0.000,0.000,0.000,0.000,0.006,0.000,0.006,0.000,0.006,0.000,0.000,0.013,0.000,0.000,0.013,0.006
89.5075,895,0,move,-1,89.5075,89.6315,0,0.000,-0.088,0.176,-0.176,-0.088,0.088,-0.264,-0.088,0.176,0.088,-50.801,34.541,-0.088,0.264,0.000,0.000,0.439,0.176,0.000,0.000,0.000,0.000,0.000,0.000,0.000,0.000,0.000,0.000,-51.143,34.557,0.000,0.000,0.000,0.000,0.000,0.000,0.013,3.2,11.30,28.0,0.000,0.000,0.000,0.000,0.000,0.000,0.000,0.000,0.006,0.000,0.006,0.000,0.000,0.013,0.000,0.000,0.006,0.006
89.6415,896,0,move,-1,89.6415,89.6524,0,0.000,-0.088,0.176,-0.176,-0.088,0.088,-0.264,-0.088,0.176,0.088,-50.801,34.541,-0.088,0.264,0.000,0.000,0.439,0.176,0.000,0.000,0.000,0.000,0.000,0.000,0.000,0.000,0.000,0.000,-51.143,34.557,0.000,0.000,0.000,0.000,0.000,0.000,0.013,3.2,11.30,28.0,0.000,0.000,0.000,0.000,0.000,0.000,0.000,0.000,0.006,0.000,0.006,0.000,0.000,0.013,0.000,0.000,0.006,0.006
89.7050,897,0,move,-1,89.7050,89.7382,0,0.000,-0.088,0.176,-0.176,-0.088,0.088,-0.264,-0.088,0.176,0.088,-50.801,34.541,-0.088,0.264,0.000,0.000,0.439,0.176,0.000,0.000,0.000,0.000,0.000,0.000,0.000,0.000,0.000,0.000,-51.143,34.557,0.000,0.000,0.000,0.000,0.000,0.000,0.013,3.2,11.30,28.0,0.000,0.000,0.000,0.006,0.000,0.000,0.006,0.000,0.000,0.000,0.006,0.000,0.000,0.013,0.000,0.000,0.006,0.006
89.8050,898,0,move,-1,89.8050,89.8195,0,0.000,-0.088,0.176,-0.176,-0.088,0.088,-0.264,-0.088,0.176,0.088,-50.801,34.541,-0.088,0.264,0.000,0.000,0.439,0.176,0.000,0.000,0.000,0.000,0.000,0.000,0.000,0.000,0.000,0.000,-51.143,34.557,0.000,0.000,0.000,0.000,0.000,0.000,0.013,3.2,11.30,28.0,0.000,0.000,0.000,0.006,0.000,0.000,0.006,0.000,0.000,0.000,0.006,0.000,0.000,0.013,0.000,0.000,0.006,0.006
89.9049,899,0,move,-1,89.9049,89.9196,0,0.000,-0.088,0.176,-0.176,-0.088,0.088,-0.264,-0.088,0.176,0.088,-50.801,34.541,-0.088,0.264,0.000,0.000,0.439,0.176,0.000,0.000,0.000,0.000,0.000,0.000,0.000,0.000,0.000,0.000,-51.143,34.557,0.000,0.000,0.000,0.000,0.000,0.000,0.000,0.0,11.30,31.0,0.000,0.000,0.000,0.000,0.000,0.000,0.000,0.000,0.000,0.000,0.000,0.000,0.000,0.000,0.000,0.000,0.000,0.000
90.0049,900,0,move,-1,90.0049,90.0180,0,0.000,-0.088,0.176,-0.176,-0.088,0.088,-0.264,-0.088,0.176,0.088,-50.801,34.541,-0.088,0.264,0.000,0.000,0.439,0.176,0.000,0.000,0.000,0.000,0.000,0.000,0.000,0.000,0.000,0.000,-51.143,34.557,0.000,0.000,0.000,0.000,0.000,0.000,0.000,0.0,11.30,31.0,0.000,0.000,0.000,0.000,0.000,0.000,0.000,0.000,0.000,0.000,0.000,0.000,0.000,0.000,0.000,0.000,0.000,0.000
90.1047,901,0,move,-1,90.1047,90.1173,0,0.000,-0.088,0.176,-0.176,-0.088,0.088,-0.264,-0.088,0.176,0.088,-50.801,34.541,-0.088,0.264,0.000,0.000,0.439,0.176,0.000,0.000,0.000,0.000,0.000,0.000,0.000,0.000,0.000,0.000,-51.143,34.557,0.000,0.000,0.000,0.000,0.000,0.000,0.006,3.2,11.30,32.0,0.000,0.000,0.000,0.000,0.000,0.000,0.006,0.000,0.000,0.000,0.006,0.000,0.000,0.006,0.000,0.000,0.006,0.000
90.2048,902,0,move,-1,90.2048,90.2151,0,0.000,-0.088,0.176,-0.176,-0.088,0.088,-0.264,-0.088,0.176,0.088,-50.801,34.541,-0.088,0.264,0.000,0.000,0.439,0.176,0.000,0.000,0.000,0.000,0.000,0.000,0.000,0.000,0.000,0.000,-51.143,34.557,0.000,0.000,0.000,0.000,0.000,0.000,0.006,3.2,11.30,32.0,0.000,0.000,0.000,0.000,0.000,0.000,0.006,0.000,0.000,0.000,0.006,0.000,0.000,0.006,0.000,0.000,0.006,0.000
90.3049,903,0,move,-1,90.3049,90.3160,0,0.000,-0.088,0.176,-0.176,-0.088,0.088,-0.264,-0.088,0.176,0.088,-50.801,34.541,-0.088,0.264,0.000,0.000,0.439,0.176,0.000,0.000,0.000,0.000,0.000,0.000,0.000,0.000,0.000,0.000,-51.143,34.557,0.000,0.000,0.000,0.000,0.000,0.000,0.013,3.2,11.30,28.0,0.000,0.000,0.000,0.000,0.000,0.000,0.000,0.000,0.006,0.000,0.006,0.000,0.000,0.013,0.000,0.000,0.006,0.000
90.4047,904,0,move,-1,90.4047,90.4145,0,0.000,-0.088,0.176,-0.176,-0.088,0.088,-0.264,-0.088,0.176,0.088,-50.801,34.541,-0.088,0.264,0.000,0.000,0.439,0.176,0.000,0.000,0.000,0.000,0.000,0.000,0.000,0.000,0.000,0.000,-51.143,34.557,0.000,0.000,0.000,0.000,0.000,0.000,0.013,3.2,11.30,28.0,0.000,0.000,0.000,0.000,0.000,0.000,0.000,0.000,0.006,0.000,0.006,0.000,0.000,0.013,0.000,0.000,0.006,0.000
90.5050,905,0,move,-1,90.5050,90.5284,0,0.000,-0.088,0.176,-0.176,-0.088,0.088,-0.264,-0.088,0.176,0.088,-50.801,34.541,-0.088,0.264,0.000,0.000,0.439,0.176,0.000,0.000,0.000,0.000,0.000,0.000,0.000,0.000,0.000,0.000,-51.143,34.557,0.000,0.000,0.000,0.000,0.000,0.000,0.013,4.8,11.30,31.0,0.000,0.000,0.000,0.000,0.000,0.000,0.006,0.000,0.000,0.000,0.006,0.000,0.000,0.006,0.000,0.000,0.013,0.000
90.6049,906,0,move,-1,90.6049,90.6151,0,0.000,-0.088,0.176,-0.176,-0.088,0.088,-0.264,-0.088,0.176,0.088,-50.801,34.541,-0.088,0.264,0.000,0.000,0.439,0.176,0.000,0.000,0.000,0.000,0.000,0.000,0.000,0.000,0.000,0.000,-51.143,34.557,0.000,0.000,0.000,0.000,0.000,0.000,0.013,4.8,11.30,31.0,0.000,0.000,0.000,0.000,0.000,0.000,0.006,0.000,0.000,0.000,0.006,0.000,0.000,0.006,0.000,0.000,0.013,0.000
90.7066,907,0,move,-1,90.7066,90.7196,0,0.000,-0.088,0.176,-0.176,-0.088,0.088,-0.264,-0.088,0.176,0.088,-50.801,34.541,-0.088,0.264,0.000,0.000,0.439,0.176,0.000,0.000,0.000,0.000,0.000,0.000,0.000,0.000,0.000,0.000,-51.143,34.557,0.000,0.000,0.000,0.000,0.000,0.000,0.013,3.2,11.30,28.0,0.000,,0.000,0.000,0.000,0.000,0.000,0.000,0.000,0.000,0.006,0.000,0.000,0.013,0.000,0.000,0.006,0.000
90.8126,908,0,move,-1,90.8126,90.8235,0,0.000,-0.088,0.176,-0.176,-0.088,0.088,-0.264,-0.088,0.176,0.088,-50.801,34.541,-0.088,0.264,0.000,0.000,0.439,0.176,0.000,0.000,0.000,0.000,0.000,0.000,0.000,0.000,0.000,0.000,-51.143,34.557,0.000,0.000,0.000,0.000,0.000,0.000,0.013,4.8,11.30,31.0,0.000,0.000,0.000,0.006,0.000,0.000,0.006,0.000,0.006,0.000,0.006,0.000,0.000,0.006,0.000,0.000,0.013,0.000
90.9068,909,0,move,-1,90.9068,90.9141,0,0.000,-0.088,0.176,-0.176,-0.088,0.088,-0.264,-0.088,0.176,0.088,-50.801,34.541,-0.088,0.264,0.000,0.000,0.439,0.176,0.000,0.000,0.000,0.000,0.000,0.000,0.000,0.000,0.000,0.000,-51.143,34.557,0.000,0.000,0.000,0.000,0.000,0.000,0.013,4.8,11.30,31.0,0.000,0.000,0.000,0.006,0.000,0.000,0.006,0.000,0.006,0.000,0.006,0.000,0.000,0.006,0.000,0.000,0.013,0.000
91.0049,910,0,move,-1,91.0049,91.0148,0,0.000,-0.088,0.176,-0.176,-0.088,0.088,-0.264,-0.088,0.176,0.088,-50.801,34.541,-0.088,0.264,0.000,0.000,0.439,0.176,0.000,0.000,0.000,0.000,0.000,0.000,0.000,0.000,0.000,0.000,-51.143,34.557,0.000,0.000,0.000,0.000,0.000,0.000,0.013,4.0,11.30,31.0,0.000,0.000,0.000,0.000,0.000,0.000,0.000,0.000,0.000,0.000,0.013,0.000,0.000,0.013,0.000,0.000,0.006,0.000
91.1052,911,0,move,-1,91.1052,91.1212,0,0.000,-0.088,0.176,-0.176,-0.088,0.088,-0.264,-0.088,0.176,0.088,-50.801,34.541,-0.088,0.264,0.000,0.000,0.439,0.176,0.000,0.000,0.000,0.000,0.000,0.000,0.000,0.000,0.000,0.000,-51.143,34.557,0.000,0.000,0.000,0.000,0.000,0.000,0.006,3.2,11.30,32.0,0.000,0.000,0.000,0.000,0.000,0.000,0.006,0.000,0.000,0.000,0.006,0.000,0.000,0.006,0.000,0.000,0.006,0.006
91.2050,912,0,move,-1,91.2050,91.2184,0,0.000,-0.088,0.176,-0.176,-0.088,0.088,-0.264,-0.088,0.176,0.088,-50.801,34.541,-0.088,0.264,0.000,0.000,0.439,0.176,0.000,0.000,0.000,0.000,0.000,0.000,0.000,0.000,0.000,0.000,-51.143,34.557,0.000,0.000,0.000,0.000,0.000,0.000,0.006,3.2,11.30,32.0,0.000,0.000,0.000,0.000,0.000,0.000,0.006,0.000,0.000,0.000,0.006,0.000,0.000,0.006,0.000,0.000,0.006,0.006
91.3049,913,0,move,-1,91.3049,91.3160,0,0.000,-0.088,0.176,-0.176,-0.088,0.088,-0.264,-0.088,0.176,0.088,-50.801,34.541,-0.088,0.264,0.000,0.000,0.439,0.176,0.000,0.000,0.000,0.000,0.000,0.000,0.000,0.000,0.000,0.000,-51.143,34.557,0.000,0.000,0.000,0.000,0.000,0.000,0.013,3.2,11.30,28.0,0.000,0.000,0.006,0.006,0.000,0.000,0.006,0.000,0.000,0.000,0.000,0.000,0.000,0.013,0.000,0.000,0.006,0.006
91.4048,914,0,move,-1,91.4048,91.4149,0,0.000,-0.088,0.176,-0.176,-0.088,0.088,-0.264,-0.088,0.176,0.088,-50.801,34.541,-0.088,0.264,0.000,0.000,0.439,0.176,0.000,0.000,0.000,0.000,0.000,0.000,0.000,0.000,0.000,0.000,-51.143,34.557,0.000,0.000,0.000,0.000,0.000,0.000,0.013,3.2,11.30,28.0,0.000,0.000,0.006,0.006,0.000,0.000,0.006,0.000,0.000,0.000,0.000,0.000,0.000,0.013,0.000,0.000,0.006,0.006
91.5048,915,0,move,-1,91.5048,91.5161,0,0.000,-0.088,0.176,-0.176,-0.088,0.088,-0.264,-0.088,0.176,0.088,-50.801,34.541,-0.088,0.264,0.000,0.000,0.439,0.176,0.000,0.000,0.000,0.000,0.000,0.000,0.000,0.000,0.000,0.000,-51.143,34.557,0.000,0.000,0.000,0.000,0.000,0.000,0.013,3.2,11.30,28.0,0.000,0.000,0.000,0.000,0.000,0.000,0.006,0.000,0.000,0.000,0.006,0.000,0.000,0.013,0.000,0.000,0.006,0.000
91.6049,916,0,move,-1,91.6049,91.6159,0,0.000,-0.088,0.176,-0.176,-0.088,0.088,-0.264,-0.088,0.176,0.088,-50.801,34.541,-0.088,0.264,0.000,0.000,0.439,0.176,0.000,0.000,0.000,0.000,0.000,0.000,0.000,0.000,0.000,0.000,-51.143,34.557,0.000,0.000,0.000,0.000,0.000,0.000,0.013,3.2,11.30,28.0,0.000,0.000,0.000,0.000,0.000,0.000,0.006,0.000,0.000,0.000,0.006,0.000,0.000,0.013,0.000,0.000,0.006,0.000
91.7047,917,0,move,-1,91.7047,91.7138,0,0.000,-0.088,0.176,-0.176,-0.088,0.088,-0.264,-0.088,0.176,0.088,-50.801,34.541,-0.088,0.264,0.000,0.000,0.439,0.176,0.000,0.000,0.000,0.000,0.000,0.000,0.000,0.000,0.000,0.000,-51.143,34.557,0.000,0.000,0.000,0.000,0.000,0.000,0.013,3.2,11.30,28.0,0.000,0.000,0.000,0.006,0.000,0.000,0.000,0.000,0.000,0.000,0.006,0.000,0.000,0.013,0.000,0.000,0.006,0.006
91.8088,918,0,move,-1,91.8088,91.8224,0,0.000,-0.088,0.176,-0.176,-0.088,0.088,-0.264,-0.088,0.176,0.088,-50.801,34.541,-0.088,0.264,0.000,0.000,0.439,0.176,0.000,0.000,0.000,0.000,0.000,0.000,0.000,0.000,0.000,0.000,-51.143,34.557,0.000,0.000,0.000,0.000,0.000,0.000,0.013,3.2,11.30,28.0,0.000,0.000,0.000,0.000,0.000,0.000,0.000,0.000,0.000,0.000,0.000,0.000,0.000,0.013,0.000,0.000,0.013,0.006
91.9060,919,0,move,-1,91.9060,91.9181,0,0.000,-0.088,0.176,-0.176,-0.088,0.088,-0.264,-0.088,0.176,0.088,-50.801,34.541,-0.088,0.264,0.000,0.000,0.439,0.176,0.000,0.000,0.000,0.000,0.000,0.000,0.000,0.000,0.000,0.000,-51.143,34.557,0.000,0.000,0.000,0.000,0.000,0.000,0.013,3.2,11.30,28.0,0.000,0.000,0.000,0.000,0.000,0.000,0.000,0.000,0.000,0.000,0.000,0.000,0.000,0.013,0.000,0.000,0.013,0.006
92.0049,920,0,move,-1,92.0049,92.0181,0,0.000,-0.088,0.176,-0.176,-0.088,0.088,-0.264,-0.088,0.176,0.088,-50.801,34.541,-0.088,0.264,0.000,0.000,0.439,0.176,0.000,0.000,0.000,0.000,0.000,0.000,0.000,0.000,0.000,0.000,-51.045,34.512,0.000,0.000,0.000,0.000,0.000,0.000,0.013,3.2,11.30,28.0,0.000,0.000,0.000,0.000,0.000,0.000,0.000,0.000,0.000,0.000,0.006,0.000,0.000,0.013,0.000,0.000,0.006,0.000
92.1049,921,0,move,-1,92.1049,92.1158,0,0.000,-0.088,0.176,-0.176,-0.088,0.088,-0.264,-0.088,0.176,0.088,-50.801,34.541,-0.088,0.264,0.000,0.000,0.439,0.176,0.000,0.000,0.000,0.000,0.000,0.000,0.000,0.000,0.000,0.000,-50.765,34.384,0.000,0.000,0.000,0.000,0.000,0.000,0.013,3.2,11.30,28.0,0.000,0.000,0.000,0.000,0.000,0.000,0.000,0.000,0.000,0.000,0.006,0.000,0.000,0.013,0.000,0.000,0.006,0.000
92.2060,922,0,move,-1,92.2060,92.2449,0,0.000,-0.088,0.176,-0.176,-0.088,0.088,-0.264,-0.088,0.176,0.088,-50.801,34.365,-0.088,0.264,0.000,0.000,0.439,0.176,0.000,0.000,0.000,0.000,0.000,0.000,0.000,0.000,0.000,0.000,-50.327,34.182,0.000,0.000,0.000,0.000,0.000,0.000,0.013,4.8,11.30,31.0,0.000,0.000,0.000,0.000,0.000,0.000,0.006,0.000,0.006,0.000,0.000,0.006,0.000,0.006,0.000,0.000,0.013,0.006
92.3050,923,0,move,-1,92.3050,92.3157,0,0.000,-0.088,0.176,-0.176,-0.088,0.088,-0.264,-0.088,0.176,0.088,-50.713,34.365,-0.088,0.264,0.000,0.000,0.439,0.176,0.000,0.000,0.000,0.000,0.000,0.000,0.000,0.000,0.000,0.000,-49.772,33.924,0.000,0.000,0.000,0.000,0.000,0.000,0.013,4.8,11.30,31.0,0.000,0.000,0.000,0.000,0.000,0.000,0.006,0.000,0.006,0.000,0.000,0.006,0.000,0.006,0.000,0.000,0.013,0.006
92.4047,924,0,move,-1,92.4047,92.4256,0,0.000,-0.088,0.176,-0.176,-0.088,0.088,-0.264,-0.088,0.176,0.088,-50.098,33.926,-0.088,0.264,0.000,0.000,0.439,0.176,0.000,0.000,0.000,0.000,0.000,0.000,0.000,0.000,0.000,0.000,-49.154,33.634,0.000,0.000,0.000,0.000,0.000,0.000,0.013,3.2,11.30,28.0,0.000,0.000,0.000,0.006,0.000,0.000,0.006,0.000,0.000,0.000,0.006,0.006,0.000,0.013,0.000,0.000,0.006,0.000
92.5049,925,0,move,-1,92.5049,92.5159,0,0.000,-0.088,0.176,-0.176,-0.088,0.088,-0.264,-0.088,0.176,0.088,-49.570,33.750,-0.088,0.264,0.000,0.000,0.439,0.176,0.000,0.000,0.000,0.000,0.000,0.000,0.000,0.000,0.000,0.000,-48.535,33.340,0.000,0.000,0.000,0.000,0.000,0.000,0.013,3.2,11.30,28.0,0.000,0.000,0.000,0.006,0.000,0.000,0.006,0.000,0.000,0.000,0.006,0.006,0.000,0.013,0.000,0.000,0.006,0.000
92.6048,926,0,move,-1,92.6048,92.6161,0,0.000,-0.088,0.176,-0.176,-0.088,0.088,-0.264,-0.088,0.176,0.088,-48.955,33.311,-0.088,0.264,0.000,0.000,0.439,0.176,0.000,0.000,0.000,0.000,0.000,0.000,0.000,0.000,0.000,0.000,-47.971,33.071,0.000,0.000,0.000,0.000,0.000,0.000,0.006,3.2,11.30,28.0,0.000,0.000,0.000,0.000,0.000,0.000,0.000,0.000,0.000,0.000,0.000,0.000,0.000,0.006,0.000,0.000,0.006,0.006
92.7049,927,0,move,-1,92.7049,92.7149,0,0.000,-0.088,0.176,-0.176,-0.088,0.088,-0.264,-0.088,0.176,0.088,-48.340,33.223,-0.088,0.264,0.000,0.000,0.439,0.176,0.000,0.000,0.000,0.000,0.000,0.000,0.000,0.000,0.000,0.000,-47.522,32.856,0.000,0.000,0.000,0.000,0.000,0.000,0.006,3.2,11.30,28.0,0.000,0.000,0.000,0.000,0.000,0.000,0.000,0.000,0.000,0.000,0.000,0.000,0.000,0.006,0.000,0.000,0.006,0.006
92.8049,928,0,move,-1,92.8049,92.8143,0,0.000,-0.088,0.176,-0.176,-0.088,0.088,-0.264,-0.088,0.176,0.088,-47.900,32.959,-0.088,0.264,0.000,0.000,0.439,0.176,0.000,0.000,0.000,0.000,0.000,0.000,0.000,0.000,0.000,0.000,-47.233,32.716,0.000,0.000,0.000,0.000,0.000,0.000,0.013,4.8,11.30,31.0,0.000,0.000,0.000,0.000,0.000,0.000,0.006,0.000,0.006,0.000,0.006,0.006,0.000,0.006,0.000,0.000,0.013,0.006
92.9047,929,0,move,-1,92.9047,92.9117,0,0.000,-0.088,0.176,-0.176,-0.088,0.088,-0.264,-0.088,0.176,0.088,-47.461,32.695,-0.088,0.264,0.000,0.000,0.439,0.176,0.000,0.000,0.000,0.000,0.000,0.000,0.000,0.000,0.000,0.000,-47.133,32.667,0.000,0.000,0.000,0.000,0.000,0.000,0.013,4.8,11.30,31.0,0.000,0.000,0.000,0.000,0.000,0.000,0.006,0.000,0.006,0.000,0.006,0.006,0.000,0.006,0.000,0.000,0.013,0.006
93.0049,930,0,move,-1,93.0049,93.0173,0,0.000,-0.088,0.176,-0.176,-0.088,0.088,-0.264,-0.088,0.176,0.088,-47.285,32.695,-0.088,0.264,0.000,0.000,0.439,0.176,0.000,0.000,0.000,0.000,0.000,0.000,0.000,0.000,0.000,0.000,-47.133,32.667,0.000,0.000,0.000,0.000,0.000,0.000,0.006,3.2,11.30,32.0,0.000,0.000,0.000,0.000,0.000,0.000,0.006,0.000,0.000,0.000,0.000,0.000,0.000,0.006,0.000,0.000,0.006,0.000
93.1050,931,0,move,-1,93.1050,93.1162,0,0.000,-0.088,0.176,-0.176,-0.088,0.088,-0.264,-0.088,0.176,0.088,-47.285,32.695,-0.088,0.264,0.000,0.000,0.439,0.176,0.000,0.000,0.000,0.000,0.000,0.000,0.000,0.000,0.000,0.000,-47.133,32.667,0.000,0.000,0.000,0.000,0.000,0.000,0.006,3.2,11.30,32.0,0.000,0.000,0.000,0.000,0.000,0.000,0.006,0.000,0.000,0.000,0.000,0.000,0.000,0.006,0.000,0.000,0.006,0.000
93.2050,932,0,move,-1,93.2050,93.2420,0,0.000,-0.088,0.176,-0.176,-0.088,0.088,-0.264,-0.088,0.176,0.088,-47.285,32.695,-0.088,0.264,0.000,0.000,0.439,0.176,0.000,0.000,0.000,0.000,0.000,0.000,0.000,0.000,0.000,0.000,-47.133,32.667,0.000,0.000,0.000,0.000,0.000,0.000,0.013,3.2,11.30,28.0,0.000,0.000,0.000,0.006,0.000,0.000,0.000,0.000,0.000,0.000,0.000,0.000,0.000,0.013,0.000,0.000,0.006,0.006
93.3050,933,0,move,-1,93.3050,93.3164,0,0.000,-0.088,0.176,-0.176,-0.088,0.088,-0.264,-0.088,0.176,0.088,-47.285,32.695,-0.088,0.264,0.000,0.000,0.439,0.176,0.000,0.000,0.000,0.000,0.000,0.000,0.000,0.000,0.000,0.000,-47.133,32.667,0.000,0.000,0.000,0.000,0.000,0.000,0.013,3.2,11.30,28.0,0.000,0.000,0.000,0.006,0.000,0.000,0.000,0.000,0.000,0.000,0.000,0.000,0.000,0.013,0.000,0.000,0.006,0.006
93.4058,934,0,move,-1,93.4058,93.4128,0,0.000,-0.088,0.176,-0.176,-0.088,0.088,-0.264,-0.088,0.176,0.088,-47.285,32.695,-0.088,0.264,0.000,0.000,0.439,0.176,0.000,0.000,0.000,0.000,0.000,0.000,0.000,0.000,0.000,0.000,-47.133,32.667,0.000,0.000,0.000,0.000,0.000,0.000,0.013,3.2,11.30,28.0,0.000,0.000,0.000,0.006,0.000,0.000,0.000,0.000,0.000,0.000,0.000,0.000,0.000,0.013,0.000,0.000,0.006,0.000
93.5048,935,0,move,-1,93.5048,93.5172,0,0.000,-0.088,0.176,-0.176,-0.088,0.088,-0.264,-0.088,0.176,0.088,-47.285,32.695,-0.088,0.264,0.000,0.000,0.439,0.176,0.000,0.000,0.000,0.000,0.000,0.000,0.000,0.000,0.000,0.000,-47.133,32.667,0.000,0.000,0.000,0.000,0.000,0.000,0.006,2.4,11.30,32.0,0.000,0.000,0.000,0.006,0.000,0.000,0.006,0.000,0.000,0.000,0.000,0.000,0.000,0.006,0.000,0.000,0.006,0.006
93.6050,936,0,move,-1,93.6050,93.6156,0,0.000,-0.088,0.176,-0.176,-0.088,0.088,-0.264,-0.088,0.176,0.088,-47.285,32.695,-0.088,0.264,0.000,0.000,0.439,0.176,0.000,0.000,0.000,0.000,0.000,0.000,0.000,0.000,0.000,0.000,-47.133,32.667,0.000,0.000,0.000,0.000,0.000,0.000,0.006,2.4,11.30,32.0,0.000,0.000,0.000,0.006,0.000,0.000,0.006,0.000,0.000,0.000,0.000,0.000,0.000,0.006,0.000,0.000,0.006,0.006
93.7048,937,0,move,-1,93.7048,93.7276,0,0.000,-0.088,0.176,-0.176,-0.088,0.088,-0.264,-0.088,0.176,0.088,-47.285,32.695,-0.088,0.264,0.000,0.000,0.439,0.176,0.000,0.000,0.000,0.000,0.000,0.000,0.000,0.000,0.000,0.000,-47.133,32.667,0.000,0.000,0.000,0.000,0.000,0.000,0.006,2.4,11.30,32.0,,0.000,0.000,0.006,0.000,0.000,0.006,0.000,0.000,0.000,0.000,0.000,0.000,0.006,0.000,0.000,0.006,0.000
93.8050,938,0,move,-1,93.8050,93.8159,0,0.000,-0.088,0.176,-0.176,-0.088,0.088,-0.264,-0.088,0.176,0.088,-47.285,32.695,-0.088,0.264,0.000,0.000,0.439,0.176,0.000,0.000,0.000,0.000,0.000,0.000,0.000,0.000,0.000,0.000,-47.133,32.667,0.000,0.000,0.000,0.000,0.000,0.000,0.006,2.4,11.30,32.0,,0.000,0.000,0.006,0.000,0.000,0.006,0.000,0.000,0.000,0.000,0.000,0.000,0.006,0.000,0.000,0.006,0.000
93.9048,939,0,move,-1,93.9048,93.9100,0,0.000,-0.088,0.176,-0.176,-0.088,0.088,-0.264,-0.088,0.176,0.088,-47.285,32.695,-0.088,0.264,0.000,0.000,0.439,0.176,0.000,0.000,0.000,0.000,0.000,0.000,0.000,0.000,0.000,0.000,-47.133,32.667,0.000,0.000,0.000,0.000,0.000,0.000,0.006,3.2,11.30,32.0,0.000,0.000,0.000,0.000,0.000,0.000,0.006,0.000,0.006,0.000,0.000,0.000,0.000,0.006,0.000,0.000,0.006,0.000
94.0050,940,0,move,-1,94.0050,94.0154,0,0.000,-0.088,0.176,-0.176,-0.088,0.088,-0.264,-0.088,0.176,0.088,-47.285,32.695,-0.088,0.264,0.000,0.000,0.439,0.176,0.000,0.000,0.000,0.000,0.000,0.000,0.000,0.000,0.000,0.000,-47.133,32.667,0.000,0.000,0.000,0.000,0.000,0.000,0.013,3.2,11.30,28.0,0.000,0.000,0.000,0.000,0.000,0.000,0.006,0.000,0.006,0.000,0.000,0.000,0.000,0.013,0.000,0.000,0.006,0.006
94.1049,941,0,move,-1,94.1049,94.1146,0,0.000,-0.088,0.176,-0.176,-0.088,0.088,-0.264,-0.088,0.176,0.088,-47.285,32.695,-0.088,0.264,0.000,0.000,0.439,0.176,0.000,0.000,0.000,0.000,0.000,0.000,0.000,0.000,0.000,0.000,-47.133,32.667,0.000,0.000,0.000,0.000,0.000,0.000,0.013,3.2,11.30,28.0,0.000,0.000,0.000,0.000,0.000,0.000,0.006,0.000,0.006,0.000,0.000,0.000,0.000,0.013,0.000,0.000,0.006,0.006
94.2049,942,0,move,-1,94.2049,94.2169,0,0.000,-0.088,0.176,-0.176,-0.088,0.088,-0.264,-0.088,0.176,0.088,-47.285,32.695,-0.088,0.264,0.000,0.000,0.439,0.176,0.000,0.000,0.000,0.000,0.000,0.000,0.000,0.000,0.000,0.000,-47.133,32.667,0.000,0.000,0.000,0.000,0.000,0.000,0.006,3.2,11.30,32.0,,0.000,0.000,0.000,0.000,0.000,0.006,0.000,0.000,0.000,0.000,0.000,0.000,0.006,0.000,0.000,0.006,0.000
94.3062,943,0,move,-1,94.3062,94.3196,0,0.000,-0.088,0.176,-0.176,-0.088,0.088,-0.264,-0.088,0.176,0.088,-47.285,32.695,-0.088,0.264,0.000,0.000,0.439,0.176,0.000,0.000,0.000,0.000,0.000,0.000,0.000,0.000,0.000,0.000,-47.133,32.667,0.000,0.000,0.000,0.000,0.000,0.000,0.006,2.4,11.30,32.0,0.000,0.000,0.000,0.006,0.000,0.000,0.006,0.000,0.000,0.000,0.000,0.000,0.000,0.006,0.000,0.000,0.006,0.006
94.4048,944,0,move,-1,94.4048,94.4284,0,0.000,-0.088,0.176,-0.176,-0.088,0.088,-0.264,-0.088,0.176,0.088,-47.285,32.695,-0.088,0.264,0.000,0.000,0.439,0.176,0.000,0.000,0.000,0.000,0.000,0.000,0.000,0.000,0.000,0.000,-47.133,32.667,0.000,0.000,0.000,0.000,0.000,0.000,0.013,4.8,11.30,31.0,0.000,,0.006,0.006,0.000,0.000,0.006,0.000,0.000,0.000,0.000,0.000,0.000,0.006,0.000,0.000,0.013,0.006
94.5049,945,0,move,-1,94.5049,94.5198,0,0.000,-0.088,0.176,-0.176,-0.088,0.088,-0.264,-0.088,0.176,0.088,-47.285,32.695,-0.088,0.264,0.000,0.000,0.439,0.176,0.000,0.000,0.000,0.000,0.000,0.000,0.000,0.000,0.000,0.000,-47.133,32.667,0.000,0.000,0.000,0.000,0.000,0.000,0.013,4.8,11.30,31.0,0.000,,0.006,0.006,0.000,0.000,0.006,0.000,0.000,0.000,0.000,0.000,0.000,0.006,0.000,0.000,0.013,0.006
94.6049,946,0,move,-1,94.6049,94.6160,0,0.000,-0.088,0.176,-0.176,-0.088,0.088,-0.264,-0.088,0.176,0.088,-47.285,32.695,-0.088,0.264,0.000,0.000,0.439,0.176,0.000,0.000,0.000,0.000,0.000,0.000,0.000,0.000,0.000,0.000,-47.133,32.667,0.000,0.000,0.000,0.000,0.000,0.000,0.013,4.8,11.30,31.0,0.000,0.000,0.006,0.000,0.000,0.000,0.000,0.000,0.000,0.000,0.006,0.000,0.000,0.006,0.000,0.000,0.013,0.006
94.7051,947,0,move,-1,94.7051,94.7187,0,0.000,-0.088,0.176,-0.176,-0.088,0.088,-0.264,-0.088,0.176,0.088,-47.285,32.695,-0.088,0.264,0.000,0.000,0.439,0.176,0.000,0.000,0.000,0.000,0.000,0.000,0.000,0.000,0.000,0.000,-47.133,32.667,0.000,0.000,0.000,0.000,0.000,0.000,0.013,4.8,11.30,31.0,0.000,0.000,0.006,0.000,0.000,0.000,0.000,0.000,0.000,0.000,0.006,0.000,0.000,0.006,0.000,0.000,0.013,0.006
94.8049,948,0,move,-1,94.8049,94.8168,0,0.000,-0.088,0.176,-0.176,-0.088,0.088,-0.264,-0.088,0.176,0.088,-47.285,32.695,-0.088,0.264,0.000,0.000,0.439,0.176,0.000,0.000,0.000,0.000,0.000,0.000,0.000,0.000,0.000,0.000,-47.133,32.667,0.000,0.000,0.000,0.000,0.000,0.000,0.013,4.8,11.30,31.0,0.000,0.000,0.006,0.000,0.000,0.000,0.000,0.000,0.000,0.000,0.006,0.000,0.000,0.006,0.000,0.000,0.013,0.006
94.9084,949,0,move,-1,94.9084,94.9140,0,0.000,-0.088,0.176,-0.176,-0.088,0.088,-0.264,-0.088,0.176,0.088,-47.285,32.695,-0.088,0.264,0.000,0.000,0.439,0.176,0.000,0.000,0.000,0.000,0.000,0.000,0.000,0.000,0.000,0.000,-47.133,32.667,0.000,0.000,0.000,0.000,0.000,0.000,0.013,3.2,11.30,28.0,0.000,0.000,0.000,0.000,0.000,0.000,0.006,0.000,0.000,0.000,0.006,0.000,0.000,0.013,0.000,0.000,0.013,0.000
95.0049,950,0,move,-1,95.0049,95.0184,0,0.000,-0.088,0.176,-0.176,-0.088,0.088,-0.264,-0.088,0.176,0.088,-47.285,32.695,-0.088,0.264,0.000,0.000,0.439,0.176,0.000,0.000,0.000,0.000,0.000,0.000,0.000,0.000,0.000,0.000,-47.133,32.667,0.000,0.000,0.000,0.000,0.000,0.000,0.013,3.2,11.30,28.0,0.000,0.000,0.000,0.000,0.000,0.000,0.000,0.000,0.000,0.000,0.006,0.000,0.000,0.013,0.000,0.000,0.006,0.000
95.1076,951,0,move,-1,95.1076,95.1328,0,0.000,-0.088,0.176,-0.176,-0.088,0.088,-0.264,-0.088,0.176,0.088,-47.285,32.695,-0.088,0.264,0.000,0.000,0.439,0.176,0.000,0.000,0.000,0.000,0.000,0.000,0.000,0.000,0.000,0.000,-47.133,32.667,0.000,0.000,0.000,0.000,0.000,0.000,0.006,2.8,11.30,32.0,0.000,0.000,0.006,0.000,0.000,0.000,0.000,0.000,0.006,0.000,0.006,0.000,0.000,0.006,0.000,0.000,0.006,0.000
95.2049,952,0,move,-1,95.2049,95.2160,0,0.000,-0.088,0.176,-0.176,-0.088,0.088,-0.264,-0.088,0.176,0.088,-47.285,32.695,-0.088,0.264,0.000,0.000,0.439,0.176,0.000,0.000,0.000,0.000,0.000,0.000,0.000,0.000,0.000,0.000,-47.133,32.667,0.000,0.000,0.000,0.000,0.000,0.000,0.006,2.8,11.30,32.0,0.000,0.000,0.006,0.000,0.000,0.000,0.000,0.000,0.006,0.000,0.006,0.000,0.000,0.006,0.000,0.000,0.006,0.000
95.3050,953,0,move,-1,95.3050,95.3166,0,0.000,-0.088,0.176,-0.176,-0.088,0.088,-0.264,-0.088,0.176,0.088,-47.285,32.695,-0.088,0.264,0.000,0.000,0.439,0.176,0.000,0.000,0.000,0.000,0.000,0.000,0.000,0.000,0.000,0.000,-47.133,32.667,0.000,0.000,0.000,0.000,0.000,0.000,0.013,3.2,11.30,28.0,0.000,0.000,0.000,0.000,0.000,0.000,0.006,0.000,0.006,0.000,0.000,0.000,0.000,0.013,0.000,0.000,0.006,0.000
95.4047,954,0,move,-1,95.4047,95.4104,0,0.000,-0.088,0.176,-0.176,-0.088,0.088,-0.264,-0.088,0.176,0.088,-47.285,32.695,-0.088,0.264,0.000,0.000,0.439,0.176,0.000,0.000,0.000,0.000,0.000,0.000,0.000,0.000,0.000,0.000,-47.133,32.667,0.000,0.000,0.000,0.000,0.000,0.000,0.013,3.2,11.30,28.0,0.000,0.000,0.000,0.000,0.000,0.000,0.006,0.000,0.006,0.000,0.000,0.000,0.000,0.013,0.000,0.000,0.006,0.000
95.5049,955,0,move,-1,95.5049,95.5148,0,0.000,-0.088,0.176,-0.176,-0.088,0.088,-0.264,-0.088,0.176,0.088,-47.285,32.695,-0.088,0.264,0.000,0.000,0.439,0.176,0.000,0.000,0.000,0.000,0.000,0.000,0.000,0.000,0.000,0.000,-47.133,32.667,0.000,0.000,0.000,0.000,0.000,0.000,0.013,3.2,11.30,28.0,0.000,0.000,0.000,0.006,0.000,0.000,0.006,0.000,0.000,0.000,0.000,0.000,0.000,0.013,0.000,0.000,0.006,0.000
95.6049,956,0,move,-1,95.6049,95.6169,0,0.000,-0.088,0.176,-0.176,-0.088,0.088,-0.264,-0.088,0.176,0.088,-47.285,32.695,-0.088,0.264,0.000,0.000,0.439,0.176,0.000,0.000,0.000,0.000,0.000,0.000,0.000,0.000,0.000,0.000,-47.133,32.667,0.000,0.000,0.000,0.000,0.000,0.000,0.006,3.2,11.30,28.0,0.000,0.000,0.000,0.000,0.000,0.000,0.000,0.000,0.000,0.000,0.000,0.000,0.000,0.006,0.000,0.000,0.006,0.000
95.7049,957,0,move,-1,95.7049,95.7149,0,0.000,-0.088,0.176,-0.176,-0.088,0.088,-0.264,-0.088,0.176,0.088,-47.285,32.695,-0.088,0.264,0.000,0.000,0.439,0.176,0.000,0.000,0.000,0.000,0.000,0.000,0.000,0.000,0.000,0.000,-47.133,32.667,0.000,0.000,0.000,0.000,0.000,0.000,0.006,3.2,11.30,28.0,0.000,0.000,0.000,0.000,0.000,0.000,0.000,0.000,0.000,0.000,0.000,0.000,0.000,0.006,0.000,0.000,0.006,0.000
95.8048,958,0,move,-1,95.8048,95.8158,0,0.000,-0.088,0.176,-0.176,-0.088,0.088,-0.264,-0.088,0.176,0.088,-47.285,32.695,-0.088,0.264,0.000,0.000,0.439,0.176,0.000,0.000,0.000,0.000,0.000,0.000,0.000,0.000,0.000,0.000,-47.133,32.667,0.000,0.000,0.000,0.000,0.000,0.000,0.013,4.8,11.30,31.0,0.000,0.000,0.000,0.000,0.000,0.000,0.006,0.000,0.000,0.000,0.000,0.000,0.000,0.006,0.000,0.000,0.013,0.000
95.9086,959,0,move,-1,95.9086,95.9197,0,0.000,-0.088,0.176,-0.176,-0.088,0.088,-0.264,-0.088,0.176,0.088,-47.285,32.695,-0.088,0.264,0.000,0.000,0.439,0.176,0.000,0.000,0.000,0.000,0.000,0.000,0.000,0.000,0.000,0.000,-47.133,32.667,0.000,0.000,0.000,0.000,0.000,0.000,0.013,3.2,11.30,28.0,0.000,0.000,0.000,0.000,0.000,0.000,0.000,0.000,0.000,0.000,0.000,0.000,0.000,0.013,0.000,0.000,0.006,0.006
96.0123,960,0,move,-1,96.0123,96.0282,0,0.000,-0.088,0.176,-0.176,-0.088,0.088,-0.264,-0.088,0.176,0.088,-47.285,32.695,-0.088,0.264,0.000,0.000,0.439,0.176,0.000,0.000,0.000,0.000,0.000,0.000,0.000,0.000,0.000,0.000,-47.033,32.619,0.000,0.000,0.000,0.000,0.000,0.000,0.013,3.2,11.30,28.0,0.000,0.000,0.000,0.000,0.000,0.000,0.006,0.000,0.000,0.000,0.006,0.000,0.000,0.013,0.000,0.000,0.006,0.000
96.1048,961,0,move,-1,96.1048,96.1169,0,0.000,-0.088,0.176,-0.176,-0.088,0.088,-0.264,-0.088,0.176,0.088,-47.285,32.695,-0.088,0.264,0.000,0.000,0.439,0.176,0.000,0.000,0.000,0.000,0.000,0.000,0.000,0.000,0.000,0.000,-46.742,32.477,0.000,0.000,0.000,0.000,0.000,0.000,0.013,3.2,11.30,28.0,0.000,0.000,0.000,0.000,0.000,0.000,0.006,0.000,0.000,0.000,0.006,0.000,0.000,0.013,0.000,0.000,0.006,0.000
96.2049,962,0,move,-1,96.2049,96.2159,0,0.000,-0.088,0.176,-0.176,-0.088,0.088,-0.264,-0.088,0.176,0.088,-46.934,32.695,-0.088,0.264,0.000,0.000,0.439,0.176,0.000,0.000,0.000,0.000,0.000,0.000,0.000,0.000,0.000,0.000,-46.288,32.255,0.000,0.000,0.000,0.000,0.000,0.000,0.013,4.8,11.30,31.0,0.000,0.006,0.000,0.000,0.000,0.000,0.006,0.000,0.000,0.000,0.000,0.006,0.000,0.006,0.000,0.000,0.013,0.000
96.3049,963,0,move,-1,96.3049,96.3153,0,0.000,-0.088,0.176,-0.176,-0.088,0.088,-0.264,-0.088,0.176,0.088,-46.670,32.256,-0.088,0.264,0.000,0.000,0.439,0.176,0.000,0.000,0.000,0.000,0.000,0.000,0.000,0.000,0.000,0.000,-45.712,31.972,0.000,0.000,0.000,0.000,0.000,0.000,0.013,4.8,11.30,31.0,0.000,0.006,0.000,0.000,0.000,0.000,0.006,0.000,0.000,0.000,0.000,0.006,0.000,0.006,0.000,0.000,0.013,0.000
96.4055,964,0,move,-1,96.4055,96.4461,0,0.000,-0.088,0.176,-0.176,-0.088,0.088,-0.264,-0.088,0.176,0.088,-46.055,32.080,-0.088,0.264,0.000,0.000,0.439,0.176,0.000,0.000,0.000,0.000,0.000,0.000,0.000,0.000,0.000,0.000,-45.069,31.653,0.000,0.000,0.000,0.000,0.000,0.000,0.013,3.6,11.40,29.0,0.000,0.000,0.000,0.000,0.000,0.000,0.006,0.000,0.000,0.000,0.000,0.013,0.000,0.006,0.000,0.000,0.006,0.006
96.5048,965,0,move,-1,96.5048,96.5145,0,0.000,-0.088,0.176,-0.176,-0.088,0.088,-0.264,-0.088,0.176,0.088,-45.527,31.553,-0.088,0.264,0.000,0.000,0.439,0.176,0.000,0.000,0.000,0.000,0.000,0.000,0.000,0.000,0.000,0.000,-44.421,31.329,0.000,0.000,0.000,0.000,0.000,0.000,0.013,3.6,11.40,29.0,0.000,0.000,0.000,0.000,0.000,0.000,0.006,0.000,0.000,0.000,0.000,0.013,0.000,0.006,0.000,0.000,0.006,0.006
96.6048,966,0,move,-1,96.6048,96.6100,0,0.000,-0.088,0.176,-0.176,-0.088,0.088,-0.264,-0.088,0.176,0.088,-45.000,31.465,-0.088,0.264,0.000,0.000,0.439,0.176,0.000,0.000,0.000,0.000,0.000,0.000,0.000,0.000,0.000,0.000,-43.833,31.033,0.000,0.000,0.000,0.000,0.000,0.000,0.006,3.2,11.20,32.0,0.000,0.000,0.000,0.000,0.000,0.000,0.006,0.000,0.006,0.000,0.006,0.006,0.000,0.006,0.000,0.000,0.006,0.006
96.7047,967,0,move,-1,96.7047,96.7159,0,0.000,-0.088,0.176,-0.176,-0.088,0.088,-0.264,-0.088,0.176,0.088,-44.209,31.025,-0.088,0.264,0.000,0.000,0.439,0.176,0.000,0.000,0.000,0.000,0.000,0.000,0.000,0.000,0.000,0.000,-43.362,30.795,0.000,0.000,0.000,0.000,0.000,0.000,0.013,3.2,11.30,29.0,0.000,0.000,0.000,0.000,0.000,0.000,0.006,0.000,0.000,0.000,0.000,0.013,0.000,0.006,0.000,0.000,0.013,0.000
96.8050,968,0,move,-1,96.8050,96.8182,0,0.000,-0.088,0.176,-0.176,-0.088,0.088,-0.264,-0.088,0.176,0.088,-43.594,30.850,-0.088,0.264,0.000,0.000,0.439,0.176,0.000,0.000,0.000,0.000,0.000,0.000,0.000,0.000,0.000,0.000,-43.059,30.640,0.000,0.000,0.000,0.000,0.000,0.000,0.013,3.6,11.40,29.0,0.000,0.000,0.006,0.000,0.000,0.000,0.006,0.000,0.006,0.000,0.000,0.013,0.000,0.006,0.000,0.000,0.006,0.000
96.9053,969,0,move,-1,96.9053,96.9114,0,0.000,-0.088,0.176,-0.176,-0.088,0.088,-0.264,-0.088,0.176,0.088,-43.154,30.674,-0.088,0.264,0.000,0.000,0.439,0.176,0.000,0.000,0.000,0.000,0.000,0.000,0.000,0.000,0.000,0.000,-42.955,30.587,0.000,0.000,0.000,0.000,0.000,0.000,0.013,3.6,11.40,29.0,0.000,0.000,0.006,0.000,0.000,0.000,0.006,0.000,0.006,0.000,0.000,0.013,0.000,0.006,0.000,0.000,0.006,0.000
97.0047,970,0,move,-1,97.0047,97.0158,0,0.000,-0.088,0.176,-0.176,-0.088,0.088,-0.264,-0.088,0.176,0.088,-43.154,30.674,-0.088,0.264,0.000,0.000,0.439,0.176,0.000,0.000,0.000,0.000,0.000,0.000,0.000,0.000,0.000,0.000,-42.955,30.587,0.000,0.000,0.000,0.000,0.000,0.000,0.006,3.2,11.30,32.0,0.000,0.000,0.000,0.000,0.000,0.000,0.006,0.000,0.000,0.000,0.006,0.000,0.000,0.006,0.000,0.000,0.006,0.006
97.1067,971,0,move,-1,97.1067,97.1586,0,0.000,-0.088,0.176,-0.176,-0.088,0.088,-0.264,-0.088,0.176,0.088,-43.154,30.674,-0.088,0.264,0.000,0.000,0.439,0.176,0.000,0.000,0.000,0.000,0.000,0.000,0.000,0.000,0.000,0.000,-42.955,30.587,0.000,0.000,0.000,0.000,0.000,0.000,0.006,3.2,11.30,32.0,0.000,0.000,0.000,0.000,0.000,0.000,0.006,0.000,0.000,0.000,0.000,0.000,0.000,0.006,0.000,0.000,0.006,0.000
97.2048,972,0,move,-1,97.2048,97.2176,0,0.000,-0.088,0.176,-0.176,-0.088,0.088,-0.264,-0.088,0.176,0.088,-43.154,30.674,-0.088,0.264,0.000,0.000,0.439,0.176,0.000,0.000,0.000,0.000,0.000,0.000,0.000,0.000,0.000,0.000,-42.955,30.587,0.000,0.000,0.000,0.000,0.000,0.000,0.006,3.2,11.30,32.0,0.000,0.000,0.000,0.000,0.000,0.000,0.006,0.000,0.000,0.000,0.000,0.000,0.000,0.006,0.000,0.000,0.006,0.000
97.3048,973,0,move,-1,97.3048,97.3112,0,0.000,-0.088,0.176,-0.176,-0.088,0.088,-0.264,-0.088,0.176,0.088,-43.154,30.674,-0.088,0.264,0.000,0.000,0.439,0.176,0.000,0.000,0.000,0.000,0.000,0.000,0.000,0.000,0.000,0.000,-42.955,30.587,0.000,0.000,0.000,0.000,0.000,0.000,0.006,3.2,11.20,32.0,0.000,0.000,0.000,0.000,0.000,0.000,0.006,0.000,0.006,0.000,0.006,0.000,0.000,0.006,0.000,0.000,0.006,0.000
97.4048,974,0,move,-1,97.4048,97.4152,0,0.000,-0.088,0.176,-0.176,-0.088,0.088,-0.264,-0.088,0.176,0.088,-43.154,30.674,-0.088,0.264,0.000,0.000,0.439,0.176,0.000,0.000,0.000,0.000,0.000,0.000,0.000,0.000,0.000,0.000,-42.955,30.587,0.000,0.000,0.000,0.000,0.000,0.000,0.006,2.4,11.30,32.0,0.000,0.000,0.000,0.000,0.000,0.000,,0.000,0.006,0.000,0.000,0.000,0.000,0.006,0.000,0.000,0.006,0.006
97.5048,975,0,move,-1,97.5048,97.5162,0,0.000,-0.088,0.176,-0.176,-0.088,0.088,-0.264,-0.088,0.176,0.088,-43.154,30.674,-0.088,0.264,0.000,0.000,0.439,0.176,0.000,0.000,0.000,0.000,0.000,0.000,0.000,0.000,0.000,0.000,-42.955,30.587,0.000,0.000,0.000,0.000,0.000,0.000,0.013,3.2,11.30,28.0,0.000,0.000,0.000,0.006,0.000,0.000,0.000,0.000,0.006,0.000,0.000,0.000,0.000,0.013,0.000,0.000,0.006,0.006
97.6049,976,0,move,-1,97.6049,97.6184,0,0.000,-0.088,0.176,-0.176,-0.088,0.088,-0.264,-0.088,0.176,0.088,-43.154,30.674,-0.088,0.264,0.000,0.000,0.439,0.176,0.000,0.000,0.000,0.000,0.000,0.000,0.000,0.000,0.000,0.000,-42.955,30.587,0.000,0.000,0.000,0.000,0.000,0.000,0.000,0.0,11.30,31.0,0.000,0.000,0.000,0.000,0.000,0.000,0.000,0.000,0.000,0.000,0.000,0.000,0.000,0.000,0.000,0.000,0.000,0.000
97.7048,977,0,move,-1,97.7048,97.7155,0,0.000,-0.088,0.176,-0.176,-0.088,0.088,-0.264,-0.088,0.176,0.088,-43.154,30.674,-0.088,0.264,0.000,0.000,0.439,0.176,0.000,0.000,0.000,0.000,0.000,0.000,0.000,0.000,0.000,0.000,-42.955,30.587,0.000,0.000,0.000,0.000,0.000,0.000,0.000,0.0,11.30,31.0,0.000,0.000,0.000,0.000,0.000,0.000,0.000,0.000,0.000,0.000,0.000,0.000,0.000,0.000,0.000,0.000,0.000,0.000
97.8048,978,0,move,-1,97.8048,97.8163,0,0.000,-0.088,0.176,-0.176,-0.088,0.088,-0.264,-0.088,0.176,0.088,-43.154,30.674,-0.088,0.264,0.000,0.000,0.439,0.176,0.000,0.000,0.000,0.000,0.000,0.000,0.000,0.000,0.000,0.000,-42.955,30.587,0.000,0.000,0.000,0.000,0.000,0.000,0.006,3.2,11.30,32.0,0.000,0.000,0.000,0.000,0.000,0.000,0.006,0.000,0.006,0.000,0.000,0.000,0.006,0.006,0.000,0.000,0.006,0.000
97.9048,979,0,move,-1,97.9048,97.9107,0,0.000,-0.088,0.176,-0.176,-0.088,0.088,-0.264,-0.088,0.176,0.088,-43.154,30.674,-0.088,0.264,0.000,0.000,0.439,0.176,0.000,0.000,0.000,0.000,0.000,0.000,0.000,0.000,0.000,0.000,-42.955,30.587,0.000,0.000,0.000,0.000,0.000,0.000,0.006,3.2,11.30,32.0,0.000,0.000,0.000,0.000,0.000,0.000,0.006,0.000,0.006,0.000,0.000,0.000,0.006,0.006,0.000,0.000,0.006,0.000
98.0048,980,0,move,-1,98.0048,98.0165,0,0.000,-0.088,0.176,-0.176,-0.088,0.088,-0.264,-0.088,0.176,0.088,-43.154,30.674,-0.088,0.264,0.000,0.000,0.439,0.176,0.000,0.000,0.000,0.000,0.000,0.000,0.000,0.000,0.000,0.000,-42.955,30.587,0.000,0.000,0.000,0.000,0.000,0.000,0.006,2.4,11.30,31.0,0.000,0.000,0.000,0.006,0.000,0.000,0.006,0.000,0.000,0.000,0.000,0.000,0.000,0.006,0.000,0.000,0.006,0.000
98.1048,981,0,move,-1,98.1048,98.1185,0,0.000,-0.088,0.176,-0.176,-0.088,0.088,-0.264,-0.088,0.176,0.088,-43.154,30.674,-0.088,0.264,0.000,0.000,0.439,0.176,0.000,0.000,0.000,0.000,0.000,0.000,0.000,0.000,0.000,0.000,-42.955,30.587,0.000,0.000,0.000,0.000,0.000,0.000,0.013,3.2,11.30,28.0,0.000,0.000,0.000,0.000,0.000,0.000,0.000,0.000,0.006,0.000,0.000,0.000,0.000,0.013,0.000,0.000,0.013,0.000
98.2049,982,0,move,-1,98.2049,98.2155,0,0.000,-0.088,0.176,-0.176,-0.088,0.088,-0.264,-0.088,0.176,0.088,-43.154,30.674,-0.088,0.264,0.000,0.000,0.439,0.176,0.000,0.000,0.000,0.000,0.000,0.000,0.000,0.000,0.000,0.000,-42.955,30.587,0.000,0.000,0.000,0.000,0.000,0.000,0.013,3.2,11.30,28.0,0.000,0.000,0.000,0.000,0.000,0.000,0.000,0.000,0.006,0.000,0.000,0.000,0.000,0.013,0.000,0.000,0.013,0.000
98.3049,983,0,move,-1,98.3049,98.3167,0,0.000,-0.088,0.176,-0.176,-0.088,0.088,-0.264,-0.088,0.176,0.088,-43.154,30.674,-0.088,0.264,0.000,0.000,0.439,0.176,0.000,0.000,0.000,0.000,0.000,0.000,0.000,0.000,0.000,0.000,-42.955,30.587,0.000,0.000,0.000,0.000,0.000,0.000,0.013,3.2,11.30,28.0,0.000,0.000,0.000,0.006,0.000,0.000,0.006,0.000,0.000,0.000,0.006,0.000,0.000,0.013,0.000,0.000,0.006,0.000
98.4071,984,0,move,-1,98.4071,98.4220,0,0.000,-0.088,0.176,-0.176,-0.088,0.088,-0.264,-0.088,0.176,0.088,-43.154,30.674,-0.088,0.264,0.000,0.000,0.439,0.176,0.000,0.000,0.000,0.000,0.000,0.000,0.000,0.000,0.000,0.000,-42.955,30.587,0.000,0.000,0.000,0.000,0.000,0.000,0.013,4.8,11.30,31.0,0.000,0.000,0.000,0.006,0.000,0.000,0.000,0.000,0.000,0.000,0.006,0.000,0.000,0.006,0.000,0.000,0.013,0.000
98.5049,985,0,move,-1,98.5049,98.5166,0,0.000,-0.088,0.176,-0.176,-0.088,0.088,-0.264,-0.088,0.176,0.088,-43.154,30.674,-0.088,0.264,0.000,0.000,0.439,0.176,0.000,0.000,0.000,0.000,0.000,0.000,0.000,0.000,0.000,0.000,-42.955,30.587,0.000,0.000,0.000,0.000,0.000,0.000,0.013,4.8,11.30,31.0,0.000,0.000,0.000,0.006,0.000,0.000,0.000,0.000,0.000,0.000,0.006,0.000,0.000,0.006,0.000,0.000,0.013,0.000
98.6049,986,0,move,-1,98.6049,98.6148,0,0.000,-0.088,0.176,-0.176,-0.088,0.088,-0.264,-0.088,0.176,0.088,-43.154,30.674,-0.088,0.264,0.000,0.000,0.439,0.176,0.000,0.000,0.000,0.000,0.000,0.000,0.000,0.000,0.000,0.000,-42.955,30.587,0.000,0.000,0.000,0.000,0.000,0.000,0.013,3.2,11.30,28.0,0.000,0.000,0.006,0.006,0.000,0.000,0.006,0.000,0.000,0.000,0.006,0.000,0.000,0.013,0.000,0.000,0.013,0.006
98.7049,987,0,move,-1,98.7049,98.7169,0,0.000,-0.088,0.176,-0.176,-0.088,0.088,-0.264,-0.088,0.176,0.088,-43.154,30.674,-0.088,0.264,0.000,0.000,0.439,0.176,0.000,0.000,0.000,0.000,0.000,0.000,0.000,0.000,0.000,0.000,-42.955,30.587,0.000,0.000,0.000,0.000,0.000,0.000,0.013,3.2,11.30,28.0,0.000,0.000,0.006,0.006,0.000,0.000,0.006,0.000,0.000,0.000,0.006,0.000,0.000,0.013,0.000,0.000,0.006,0.000
98.8049,988,0,move,-1,98.8049,98.8157,0,0.000,-0.088,0.176,-0.176,-0.088,0.088,-0.264,-0.088,0.176,0.088,-43.154,30.674,-0.088,0.264,0.000,0.000,0.439,0.176,0.000,0.000,0.000,0.000,0.000,0.000,0.000,0.000,0.000,0.000,-42.955,30.587,0.000,0.000,0.000,0.000,0.000,0.000,0.013,3.2,11.30,28.0,0.000,0.000,0.006,0.006,0.000,0.000,0.006,0.000,0.000,0.000,0.006,0.000,0.000,0.013,0.000,0.000,0.006,0.000
98.9158,989,0,move,-1,98.9158,98.9469,0,0.000,-0.088,0.176,-0.176,-0.088,0.088,-0.264,-0.088,0.176,0.088,-43.154,30.674,-0.088,0.264,0.000,0.000,0.439,0.176,0.000,0.000,0.000,0.000,0.000,0.000,0.000,0.000,0.000,0.000,-42.955,30.587,0.000,0.000,0.000,0.000,0.000,0.000,0.013,3.2,11.30,28.0,0.000,0.000,0.006,0.000,0.000,0.000,0.000,0.000,0.000,0.000,0.006,0.000,0.000,0.013,0.000,0.000,0.006,0.006
99.0050,990,0,move,-1,99.0050,99.0172,0,0.000,-0.088,0.176,-0.176,-0.088,0.088,-0.264,-0.088,0.176,0.088,-43.154,30.674,-0.088,0.264,0.000,0.000,0.439,0.176,0.000,0.000,0.000,0.000,0.000,0.000,0.000,0.000,0.000,0.000,-42.955,30.587,0.000,0.000,0.000,0.000,0.000,0.000,0.013,3.2,11.30,28.0,0.000,0.000,0.006,0.000,0.000,0.000,0.000,0.000,0.000,0.000,0.006,0.000,0.000,0.013,0.000,0.000,0.006,0.006
99.1047,991,0,move,-1,99.1047,99.1176,0,0.000,-0.088,0.176,-0.176,-0.088,0.088,-0.264,-0.088,0.176,0.088,-43.154,30.674,-0.088,0.264,0.000,0.000,0.439,0.176,0.000,0.000,0.000,0.000,0.000,0.000,0.000,0.000,0.000,0.000,-42.955,30.587,0.000,0.000,0.000,0.000,0.000,0.000,0.006,2.4,11.30,32.0,0.000,0.000,0.000,0.000,0.000,0.000,0.000,0.000,0.006,0.000,0.006,0.000,0.000,0.006,0.000,0.000,0.006,0.006
99.2049,992,0,move,-1,99.2049,99.2159,0,0.000,-0.088,0.176,-0.176,-0.088,0.088,-0.264,-0.088,0.176,0.088,-43.154,30.674,-0.088,0.264,0.000,0.000,0.439,0.176,0.000,0.000,0.000,0.000,0.000,0.000,0.000,0.000,0.000,0.000,-42.955,30.587,0.000,0.000,0.000,0.000,0.000,0.000,0.006,2.4,11.30,32.0,0.000,0.000,0.000,0.000,0.000,0.000,0.000,0.000,0.006,0.000,0.006,0.000,0.000,0.006,0.000,0.000,0.006,0.006
99.3047,993,0,move,-1,99.3047,99.3195,0,0.000,-0.088,0.176,-0.176,-0.088,0.088,-0.264,-0.088,0.176,0.088,-43.154,30.674,-0.088,0.264,0.000,0.000,0.439,0.176,0.000,0.000,0.000,0.000,0.000,0.000,0.000,0.000,0.000,0.000,-42.955,30.587,0.000,0.000,0.000,0.000,0.000,0.000,0.013,3.2,11.30,28.0,0.000,0.000,0.000,0.000,0.000,0.000,0.006,0.000,0.006,0.000,0.000,0.000,0.000,0.013,0.000,0.000,0.006,0.006
99.4106,994,0,move,-1,99.4106,99.4567,0,0.000,-0.088,0.176,-0.176,-0.088,0.088,-0.264,-0.088,0.176,0.088,-43.154,30.674,-0.088,0.264,0.000,0.000,0.439,0.176,0.000,0.000,0.000,0.000,0.000,0.000,0.000,0.000,0.000,0.000,-42.955,30.587,0.000,0.000,0.000,0.000,0.000,0.000,0.013,3.2,11.30,28.0,0.000,0.000,0.000,0.000,0.000,0.000,0.000,0.000,0.006,0.000,0.000,0.000,0.000,0.013,0.000,0.000,0.013,0.006
99.5048,995,0,move,-1,99.5048,99.5179,0,0.000,-0.088,0.176,-0.176,-0.088,0.088,-0.264,-0.088,0.176,0.088,-43.154,30.674,-0.088,0.264,0.000,0.000,0.439,0.176,0.000,0.000,0.000,0.000,0.000,0.000,0.000,0.000,0.000,0.000,-42.955,30.587,0.000,0.000,0.000,0.000,0.000,0.000,0.013,3.2,11.30,28.0,0.000,0.000,0.000,0.000,0.000,0.000,0.000,0.000,0.006,0.000,0.000,0.000,0.000,0.013,0.000,0.000,0.013,0.006
99.6049,996,0,move,-1,99.6049,99.6159,0,0.000,-0.088,0.176,-0.176,-0.088,0.088,-0.264,-0.088,0.176,0.088,-43.154,30.674,-0.088,0.264,0.000,0.000,0.439,0.176,0.000,0.000,0.000,0.000,0.000,0.000,0.000,0.000,0.000,0.000,-42.955,30.587,0.000,0.000,0.000,0.000,0.000,0.000,0.000,0.0,11.30,31.0,0.000,0.000,0.000,0.000,0.000,0.000,0.000,0.000,0.000,0.000,0.000,0.000,0.000,0.000,0.000,0.000,0.000,0.000
99.7049,997,0,move,-1,99.7049,99.7191,0,0.000,-0.088,0.176,-0.176,-0.088,0.088,-0.264,-0.088,0.176,0.088,-43.154,30.674,-0.088,0.264,0.000,0.000,0.439,0.176,0.000,0.000,0.000,0.000,0.000,0.000,0.000,0.000,0.000,0.000,-42.955,30.587,0.000,0.000,0.000,0.000,0.000,0.000,0.006,3.2,11.30,32.0,0.000,0.000,0.000,0.000,0.000,0.000,0.006,0.000,0.006,0.000,0.000,0.000,0.000,0.006,0.000,0.000,0.006,0.006
99.8048,998,0,move,-1,99.8048,99.8179,0,0.000,-0.088,0.176,-0.176,-0.088,0.088,-0.264,-0.088,0.176,0.088,-43.154,30.674,-0.088,0.264,0.000,0.000,0.439,0.176,0.000,0.000,0.000,0.000,0.000,0.000,0.000,0.000,0.000,0.000,-42.955,30.587,0.000,0.000,0.000,0.000,0.000,0.000,0.006,3.2,11.30,32.0,0.000,0.000,0.000,0.000,0.000,0.000,0.006,0.000,0.006,0.000,0.000,0.000,0.000,0.006,0.000,0.000,0.006,0.006
99.9048,999,0,move,-1,99.9048,99.9183,0,0.000,-0.088,0.176,-0.176,-0.088,0.088,-0.264,-0.088,0.176,0.088,-43.154,30.674,-0.088,0.264,0.000,0.000,0.439,0.176,0.000,0.000,0.000,0.000,0.000,0.000,0.000,0.000,0.000,0.000,-42.955,30.587,0.000,0.000,0.000,0.000,0.000,0.000,0.013,3.2,11.30,28.0,0.000,0.000,0.000,0.000,0.000,0.000,0.006,0.000,0.000,0.000,0.000,0.000,0.000,0.013,0.000,0.000,0.006,0.000
100.0048,1000,0,move,-1,100.0048,100.0154,0,0.000,-0.088,0.176,-0.176,-0.088,0.088,-0.264,-0.088,0.176,0.088,-43.154,30.674,-0.088,0.264,0.000,0.000,0.439,0.176,0.000,0.000,0.000,0.000,0.000,0.000,0.000,0.000,0.000,0.000,-43.059,30.640,0.000,0.000,0.000,0.000,0.000,0.000,0.013,3.2,11.30,28.0,0.000,0.000,0.000,0.000,0.000,0.000,0.006,0.000,0.000,0.000,0.000,0.000,0.000,0.013,0.000,0.000,0.006,0.000
100.1048,1001,0,move,-1,100.1048,100.1160,0,0.000,-0.088,0.176,-0.176,-0.088,0.088,-0.264,-0.088,0.176,0.088,-43.154,30.674,-0.088,0.264,0.000,0.000,0.439,0.176,0.000,0.000,0.000,0.000,0.000,0.000,0.000,0.000,0.000,0.000,-43.362,30.795,0.000,0.000,0.000,0.000,0.000,0.000,0.013,3.2,11.30,28.0,0.000,0.000,0.000,0.000,0.000,0.000,0.000,0.000,0.006,0.000,0.000,0.000,0.000,0.013,0.000,0.000,0.006,0.006
100.2100,1002,0,move,-1,100.2100,100.2267,0,0.000,-0.088,0.176,-0.176,-0.088,0.088,-0.264,-0.088,0.176,0.088,-43.154,30.674,-0.088,0.264,0.000,0.000,0.439,0.176,0.000,0.000,0.000,0.000,0.000,0.000,0.000,0.000,0.000,0.000,-43.833,31.033,0.000,0.000,0.000,0.000,0.000,0.000,0.013,3.2,11.30,28.0,0.000,0.000,0.000,0.000,0.000,0.006,0.000,0.000,0.000,0.000,0.000,0.000,0.000,0.013,0.000,0.000,0.006,0.006
100.3085,1003,0,move,-1,100.3085,100.3207,0,0.000,-0.088,0.176,-0.176,-0.088,0.088,-0.264,-0.088,0.176,0.088,-43.154,31.113,-0.088,0.264,0.000,0.000,0.439,0.176,0.000,0.000,0.000,0.000,0.000,0.000,0.000,0.000,0.000,0.000,-44.421,31.329,0.000,0.000,0.000,0.000,0.000,0.000,0.013,3.2,11.30,28.0,0.000,0.000,0.000,0.000,0.000,0.006,0.000,0.000,0.000,0.000,0.000,0.000,0.000,0.013,0.000,0.000,0.006,0.006
100.4049,1004,0,move,-1,100.4049,100.4160,0,0.000,-0.088,0.176,-0.176,-0.088,0.088,-0.264,-0.088,0.176,0.088,-43.770,31.201,-0.088,0.264,0.000,0.000,0.439,0.176,0.000,0.000,0.000,0.000,0.000,0.000,0.000,0.000,0.000,0.000,-45.069,31.653,0.000,0.000,0.000,0.000,0.000,0.000,0.013,8.0,11.30,30.0,0.000,0.000,0.000,0.000,0.000,0.000,0.006,0.000,0.006,0.000,0.013,0.000,0.000,0.013,0.000,0.000,0.006,0.006
100.5048,1005,0,move,-1,100.5048,100.5114,0,0.000,-0.088,0.176,-0.176,-0.088,0.088,-0.264,-0.088,0.176,0.088,-44.121,31.377,-0.088,0.264,0.000,0.000,0.439,0.176,0.000,0.000,0.000,0.000,0.000,0.000,0.000,0.000,0.000,0.000,-45.712,31.972,0.000,0.000,0.000,0.000,0.000,0.000,0.013,8.0,11.30,30.0,0.000,0.000,0.000,0.000,0.000,0.000,0.006,0.000,0.006,0.000,0.013,0.000,0.000,0.013,0.000,0.000,0.006,0.006
100.6049,1006,0,move,-1,100.6049,100.6175,0,0.000,-0.088,0.176,-0.176,-0.088,0.088,-0.264,-0.088,0.176,0.088,-45.088,31.992,-0.088,0.264,0.000,0.000,0.439,0.176,0.000,0.000,0.000,0.000,0.000,0.000,0.000,0.000,0.000,0.000,-46.288,32.255,0.000,0.000,0.000,0.000,0.000,0.000,0.013,4.8,11.30,31.0,0.000,0.000,0.000,0.006,0.000,0.000,0.000,0.000,0.000,0.000,0.006,0.006,0.000,0.006,0.000,0.000,0.013,0.000
100.7049,1007,0,move,-1,100.7049,100.7156,0,0.000,-0.088,0.176,-0.176,-0.088,0.088,-0.264,-0.088,0.176,0.088,-45.703,32.256,-0.088,0.264,0.000,0.000,0.439,0.176,0.000,0.000,0.000,0.000,0.000,0.000,0.000,0.000,0.000,0.000,-46.742,32.477,0.000,0.000,0.000,0.000,0.000,0.000,0.013,4.8,11.30,31.0,0.000,0.000,0.000,0.006,0.000,0.000,0.000,0.000,0.000,0.000,0.006,0.006,0.000,0.006,0.000,0.000,0.013,0.000
100.8049,1008,0,move,-1,100.8049,100.8163,0,0.000,-0.088,0.176,-0.176,-0.088,0.088,-0.264,-0.088,0.176,0.088,-46.143,32.520,-0.088,0.264,0.000,0.000,0.439,0.176,0.000,0.000,0.000,0.000,0.000,0.000,0.000,0.000,0.000,0.000,-47.033,32.619,0.000,0.000,0.000,0.000,0.000,0.000,0.006,2.4,11.30,32.0,0.000,0.000,0.000,0.006,0.000,0.000,0.006,0.000,0.000,0.000,0.006,0.006,0.000,0.006,0.000,0.000,0.006,0.000
100.9049,1009,0,move,-1,100.9049,100.9170,0,0.000,-0.088,0.176,-0.176,-0.088,0.088,-0.264,-0.088,0.176,0.088,-46.582,32.520,-0.088,0.264,0.000,0.000,0.439,0.176,0.000,0.000,0.000,0.000,0.000,0.000,0.000,0.000,0.000,0.000,-47.133,32.667,0.000,0.000,0.000,0.000,0.000,0.000,0.013,4.8,11.30,31.0,0.000,0.000,0.000,0.006,0.000,0.000,0.000,0.000,0.000,0.000,0.006,0.000,0.000,0.006,0.000,0.000,0.013,0.000
101.0052,1010,0,move,-1,101.0052,101.0314,0,0.000,-0.088,0.176,-0.176,-0.088,0.088,-0.264,-0.088,0.176,0.088,-46.582,32.607,-0.088,0.264,0.000,0.000,0.439,0.176,0.000,0.000,0.000,0.000,0.000,0.000,0.000,0.000,0.000,0.000,-47.133,32.667,0.000,0.000,0.000,0.000,0.000,0.000,0.013,5.6,11.30,31.0,0.000,0.000,0.000,0.000,0.000,0.000,0.000,0.000,0.000,0.000,0.013,0.000,0.000,0.006,0.000,0.000,0.006,0.006
101.1050,1011,0,move,-1,101.1050,101.1157,0,0.000,-0.088,0.176,-0.176,-0.088,0.088,-0.264,-0.088,0.176,0.088,-46.582,32.695,-0.088,0.264,0.000,0.000,0.439,0.176,0.000,0.000,0.000,0.000,0.000,0.000,0.000,0.000,0.000,0.000,-47.133,32.667,0.000,0.000,0.000,0.000,0.000,0.000,0.013,5.6,11.30,31.0,0.000,0.000,0.000,0.000,0.000,0.000,0.000,0.000,0.000,0.000,0.013,0.000,0.000,0.006,0.000,0.000,0.006,0.006
101.2047,1012,0,move,-1,101.2047,101.2167,0,0.000,-0.088,0.176,-0.176,-0.088,0.088,-0.264,-0.088,0.176,0.088,-46.582,32.695,-0.088,0.264,0.000,0.000,0.439,0.176,0.000,0.000,0.000,0.000,0.000,0.000,0.000,0.000,0.000,0.000,-47.133,32.667,0.000,0.000,0.000,0.000,0.000,0.000,0.013,3.2,11.30,28.0,0.000,0.000,0.000,0.006,0.000,0.000,0.006,0.000,0.000,0.000,0.006,0.000,0.000,0.013,0.000,0.000,0.006,0.000
101.3049,1013,0,move,-1,101.3049,101.3157,0,0.000,-0.088,0.176,-0.176,-0.088,0.088,-0.264,-0.088,0.176,0.088,-46.582,32.695,-0.088,0.264,0.000,0.000,0.439,0.176,0.000,0.000,0.000,0.000,0.000,0.000,0.000,0.000,0.000,0.000,-47.133,32.667,0.000,0.000,0.000,0.000,0.000,0.000,0.013,3.2,11.30,28.0,0.000,0.000,0.000,0.006,0.000,0.000,0.006,0.000,0.000,0.000,0.006,0.000,0.000,0.013,0.000,0.000,0.006,0.000
101.4049,1014,0,move,-1,101.4049,101.4163,0,0.000,-0.088,0.176,-0.176,-0.088,0.088,-0.264,-0.088,0.176,0.088,-46.582,32.695,-0.088,0.264,0.000,0.000,0.439,0.176,0.000,0.000,0.000,0.000,0.000,0.000,0.000,0.000,0.000,0.000,-47.133,32.667,0.000,0.000,0.000,0.000,0.000,0.000,0.013,5.6,11.30,30.0,0.000,0.000,0.000,0.006,0.000,0.000,0.000,0.000,0.000,0.000,0.013,0.000,0.000,0.013,0.000,0.000,0.006,0.000
101.5048,1015,0,move,-1,101.5048,101.5158,0,0.000,-0.088,0.176,-0.176,-0.088,0.088,-0.264,-0.088,0.176,0.088,-46.582,32.695,-0.088,0.264,0.000,0.000,0.439,0.176,0.000,0.000,0.000,0.000,0.000,0.000,0.000,0.000,0.000,0.000,-47.133,32.667,0.000,0.000,0.000,0.000,0.000,0.000,0.013,5.6,11.30,30.0,0.000,0.000,0.000,0.006,0.000,0.000,0.000,0.000,0.000,0.000,0.013,0.000,0.000,0.013,0.000,0.000,0.006,0.000
101.6048,1016,0,move,-1,101.6048,101.6173,0,0.000,-0.088,0.176,-0.176,-0.088,0.088,-0.264,-0.088,0.176,0.088,-46.582,32.695,-0.088,0.264,0.000,0.000,0.439,0.176,0.000,0.000,0.000,0.000,0.000,0.000,0.000,0.000,0.000,0.000,-47.133,32.667,0.000,0.000,0.000,0.000,0.000,0.000,0.013,3.2,11.30,28.0,0.000,0.000,0.000,0.006,0.000,0.000,0.006,0.000,0.000,0.000,0.006,0.000,0.000,0.013,0.000,0.000,0.006,0.000
101.7048,1017,0,move,-1,101.7048,101.7178,0,0.000,-0.088,0.176,-0.176,-0.088,0.088,-0.264,-0.088,0.176,0.088,-46.582,32.695,-0.088,0.264,0.000,0.000,0.439,0.176,0.000,0.000,0.000,0.000,0.000,0.000,0.000,0.000,0.000,0.000,-47.133,32.667,0.000,0.000,0.000,0.000,0.000,0.000,0.013,3.2,11.30,28.0,0.000,0.000,0.000,0.000,0.000,0.000,0.006,0.000,0.006,0.000,0.006,0.000,0.000,0.013,0.000,0.000,0.006,0.000
101.8051,1018,0,move,-1,101.8051,101.8155,0,0.000,-0.088,0.176,-0.176,-0.088,0.088,-0.264,-0.088,0.176,0.088,-46.582,32.695,-0.088,0.264,0.000,0.000,0.439,0.176,0.000,0.000,0.000,0.000,0.000,0.000,0.000,0.000,0.000,0.000,-47.133,32.667,0.000,0.000,0.000,0.000,0.000,0.000,0.013,3.2,11.30,28.0,0.000,0.000,0.000,0.000,0.000,0.000,0.006,0.000,0.006,0.000,0.006,0.000,0.000,0.013,0.000,0.000,0.006,0.000
101.9048,1019,0,move,-1,101.9048,101.9105,0,0.000,-0.088,0.176,-0.176,-0.088,0.088,-0.264,-0.088,0.176,0.088,-46.582,32.695,-0.088,0.264,0.000,0.000,0.439,0.176,0.000,0.000,0.000,0.000,0.000,0.000,0.000,0.000,0.000,0.000,-47.133,32.667,0.000,0.000,0.000,0.000,0.000,0.000,0.006,2.4,11.30,32.0,0.000,,0.000,0.006,0.000,0.000,0.000,0.000,0.000,0.000,0.006,0.000,0.000,0.006,0.000,0.000,0.006,0.006
102.0049,1020,0,move,-1,102.0049,102.0175,0,0.000,-0.088,0.176,-0.176,-0.088,0.088,-0.264,-0.088,0.176,0.088,-46.582,32.695,-0.088,0.264,0.000,0.000,0.439,0.176,0.000,0.000,0.000,0.000,0.000,0.000,0.000,0.000,0.000,0.000,-47.133,32.667,0.000,0.000,0.000,0.000,0.000,0.000,0.013,3.2,11.30,28.0,0.000,0.000,0.000,0.000,0.000,0.000,0.006,0.000,0.000,0.000,0.006,0.000,0.000,0.013,0.000,0.000,0.006,0.000
102.1085,1021,0,move,-1,102.1085,102.1197,0,0.000,-0.088,0.176,-0.176,-0.088,0.088,-0.264,-0.088,0.176,0.088,-46.582,32.695,-0.088,0.264,0.000,0.000,0.439,0.176,0.000,0.000,0.000,0.000,0.000,0.000,0.000,0.000,0.000,0.000,-47.133,32.667,0.000,0.000,0.000,0.000,0.000,0.000,0.013,5.6,11.30,30.0,0.000,0.000,0.000,0.000,0.000,0.000,0.000,0.000,0.006,0.000,0.013,0.000,0.000,0.013,0.000,0.000,0.013,0.000
102.2050,1022,0,move,-1,102.2050,102.2190,0,0.000,-0.088,0.176,-0.176,-0.088,0.088,-0.264,-0.088,0.176,0.088,-46.582,32.695,-0.088,0.264,0.000,0.000,0.439,0.176,0.000,0.000,0.000,0.000,0.000,0.000,0.000,0.000,0.000,0.000,-47.133,32.667,0.000,0.000,0.000,0.000,0.000,0.000,0.013,5.6,11.30,30.0,0.000,0.000,0.000,0.000,0.000,0.000,0.000,0.000,0.006,0.000,0.013,0.000,0.000,0.013,0.000,0.000,0.013,0.000
102.3048,1023,0,move,-1,102.3048,102.3268,0,0.000,-0.088,0.176,-0.176,-0.088,0.088,-0.264,-0.088,0.176,0.088,-46.582,32.695,-0.088,0.264,0.000,0.000,0.439,0.176,0.000,0.000,0.000,0.000,0.000,0.000,0.000,0.000,0.000,0.000,-47.133,32.667,0.000,0.000,0.000,0.000,0.000,0.000,0.013,5.6,11.30,31.0,0.000,0.000,0.000,0.000,0.000,0.000,0.006,0.000,0.000,0.000,0.013,0.000,0.000,0.006,0.000,0.000,0.006,0.000
102.4048,1024,0,move,-1,102.4048,102.4292,0,0.000,-0.088,0.176,-0.176,-0.088,0.088,-0.264,-0.088,0.176,0.088,-46.582,32.695,-0.088,0.264,0.000,0.000,0.439,0.176,0.000,0.000,0.000,0.000,0.000,0.000,0.000,0.000,0.000,0.000,-47.133,32.667,0.000,0.000,0.000,0.000,0.000,0.000,0.006,3.2,11.30,32.0,0.000,0.000,0.000,0.000,0.000,0.000,0.006,0.000,0.006,0.000,0.006,0.000,0.000,0.006,0.000,0.000,0.006,0.000
102.5049,1025,0,move,-1,102.5049,102.5174,0,0.000,-0.088,0.176,-0.176,-0.088,0.088,-0.264,-0.088,0.176,0.088,-46.582,32.695,-0.088,0.264,0.000,0.000,0.439,0.176,0.000,0.000,0.000,0.000,0.000,0.000,0.000,0.000,0.000,0.000,-47.133,32.667,0.000,0.000,0.000,0.000,0.000,0.000,0.006,3.2,11.30,32.0,0.000,0.000,0.000,0.000,0.000,0.000,0.006,0.000,0.006,0.000,0.006,0.000,0.000,0.006,0.000,0.000,0.006,0.000
102.6085,1026,0,move,-1,102.6085,102.6200,0,0.000,-0.088,0.176,-0.176,-0.088,0.088,-0.264,-0.088,0.176,0.088,-46.582,32.695,-0.088,0.264,0.000,0.000,0.439,0.176,0.000,0.000,0.000,0.000,0.000,0.000,0.000,0.000,0.000,0.000,-47.133,32.667,0.000,0.000,0.000,0.000,0.000,0.000,0.013,5.6,11.30,31.0,0.000,0.000,0.006,0.006,0.000,0.000,0.006,0.000,0.006,0.000,0.013,0.000,0.000,0.013,0.000,0.000,0.013,0.000
102.7048,1027,0,move,-1,102.7048,102.7159,0,0.000,-0.088,0.176,-0.176,-0.088,0.088,-0.264,-0.088,0.176,0.088,-46.582,32.695,-0.088,0.264,0.000,0.000,0.439,0.176,0.000,0.000,0.000,0.000,0.000,0.000,0.000,0.000,0.000,0.000,-47.133,32.667,0.000,0.000,0.000,0.000,0.000,0.000,0.013,5.6,11.30,31.0,0.000,0.000,0.006,0.006,0.000,0.000,0.006,0.000,0.006,0.000,0.013,0.000,0.000,0.013,0.000,0.000,0.013,0.000
102.8048,1028,0,move,-1,102.8048,102.8173,0,0.000,-0.088,0.176,-0.176,-0.088,0.088,-0.264,-0.088,0.176,0.088,-46.582,32.695,-0.088,0.264,0.000,0.000,0.439,0.176,0.000,0.000,0.000,0.000,0.000,0.000,0.000,0.000,0.000,0.000,-47.133,32.667,0.000,0.000,0.000,0.000,0.000,0.000,0.013,4.8,11.30,31.0,0.000,0.000,0.000,0.006,0.000,0.000,0.006,0.000,0.006,0.000,0.006,0.000,0.000,0.006,0.000,0.000,0.013,0.000
102.9047,1029,0,move,-1,102.9047,102.9274,0,0.000,-0.088,0.176,-0.176,-0.088,0.088,-0.264,-0.088,0.176,0.088,-46.582,32.695,-0.088,0.264,0.000,0.000,0.439,0.176,0.000,0.000,0.000,0.000,0.000,0.000,0.000,0.000,0.000,0.000,-47.133,32.667,0.000,0.000,0.000,0.000,0.000,0.000,0.013,4.8,11.30,31.0,0.000,0.000,0.000,0.006,0.000,0.000,0.006,0.000,0.006,0.000,0.006,0.000,0.000,0.006,0.000,0.000,0.013,0.000
103.0049,1030,0,move,-1,103.0049,103.0174,0,0.000,-0.088,0.176,-0.176,-0.088,0.088,-0.264,-0.088,0.176,0.088,-46.582,32.695,-0.088,0.264,0.000,0.000,0.439,0.176,0.000,0.000,0.000,0.000,0.000,0.000,0.000,0.000,0.000,0.000,-47.133,32.667,0.000,0.000,0.000,0.000,0.000,0.000,0.013,4.8,11.30,31.0,0.000,0.000,0.000,0.006,0.000,0.000,0.006,0.000,0.006,0.000,0.006,0.000,0.000,0.006,0.000,0.000,0.013,0.000
103.1049,1031,0,move,-1,103.1049,103.1148,0,0.000,-0.088,0.176,-0.176,-0.088,0.088,-0.264,-0.088,0.176,0.088,-46.582,32.695,-0.088,0.264,0.000,0.000,0.439,0.176,0.000,0.000,0.000,0.000,0.000,0.000,0.000,0.000,0.000,0.000,-47.133,32.667,0.000,0.000,0.000,0.000,0.000,0.000,0.013,4.8,11.30,31.0,0.000,0.000,0.000,0.006,0.000,0.000,0.000,0.000,0.000,0.000,0.006,0.000,0.000,0.006,0.000,0.000,0.013,0.000
103.2050,1032,0,move,-1,103.2050,103.2356,0,0.000,-0.088,0.176,-0.176,-0.088,0.088,-0.264,-0.088,0.176,0.088,-46.582,32.695,-0.088,0.264,0.000,0.000,0.439,0.176,0.000,0.000,0.000,0.000,0.000,0.000,0.000,0.000,0.000,0.000,-47.133,32.667,0.000,0.000,0.000,0.000,0.000,0.000,0.013,5.6,11.30,30.0,0.000,0.000,0.000,0.000,0.000,0.000,0.000,0.000,0.000,0.000,0.013,0.000,0.000,0.013,0.000,0.000,0.006,0.000
103.3049,1033,0,move,-1,103.3049,103.3152,0,0.000,-0.088,0.176,-0.176,-0.088,0.088,-0.264,-0.088,0.176,0.088,-46.582,32.695,-0.088,0.264,0.000,0.000,0.439,0.176,0.000,0.000,0.000,0.000,0.000,0.000,0.000,0.000,0.000,0.000,-47.133,32.667,0.000,0.000,0.000,0.000,0.000,0.000,0.013,5.6,11.30,30.0,0.000,0.000,0.000,0.000,0.000,0.000,0.000,0.000,0.000,0.000,0.013,0.000,0.000,0.013,0.000,0.000,0.006,0.000
103.4049,1034,0,move,-1,103.4049,103.4156,0,0.000,-0.088,0.176,-0.176,-0.088,0.088,-0.264,-0.088,0.176,0.088,-46.582,32.695,-0.088,0.264,0.000,0.000,0.439,0.176,0.000,0.000,0.000,0.000,0.000,0.000,0.000,0.000,0.000,0.000,-47.133,32.667,0.000,0.000,0.000,0.000,0.000,0.000,0.013,5.6,11.30,31.0,0.000,0.000,0.006,0.000,0.000,0.000,0.006,0.000,0.000,0.000,0.013,0.000,0.000,0.006,0.000,0.000,0.006,0.000
103.5050,1035,0,move,-1,103.5050,103.5150,0,0.000,-0.088,0.176,-0.176,-0.088,0.088,-0.264,-0.088,0.176,0.088,-46.582,32.695,-0.088,0.264,0.000,0.000,0.439,0.176,0.000,0.000,0.000,0.000,0.000,0.000,0.000,0.000,0.000,0.000,-47.133,32.667,0.000,0.000,0.000,0.000,0.000,0.000,0.013,5.6,11.30,31.0,0.000,0.000,0.006,0.000,0.000,0.000,0.006,0.000,0.000,0.000,0.013,0.000,0.000,0.006,0.000,0.000,0.006,0.000
103.6078,1036,0,move,-1,103.6078,103.6366,0,0.000,-0.088,0.176,-0.176,-0.088,0.088,-0.264,-0.088,0.176,0.088,-46.582,32.695,-0.088,0.264,0.000,0.000,0.439,0.176,0.000,0.000,0.000,0.000,0.000,0.000,0.000,0.000,0.000,0.000,-47.133,32.667,0.000,0.000,0.000,0.000,0.000,0.000,0.013,5.6,11.20,31.0,0.000,0.000,0.000,0.000,,0.000,0.006,0.000,0.000,0.000,0.013,0.000,0.000,0.006,0.000,0.000,0.006,0.006
103.7048,1037,0,move,-1,103.7048,103.7147,0,0.000,-0.088,0.176,-0.176,-0.088,0.088,-0.264,-0.088,0.176,0.088,-46.582,32.695,-0.088,0.264,0.000,0.000,0.439,0.176,0.000,0.000,0.000,0.000,0.000,0.000,0.000,0.000,0.000,0.000,-47.133,32.667,0.000,0.000,0.000,0.000,0.000,0.000,0.013,5.6,11.20,31.0,0.000,0.000,0.000,0.000,,0.000,0.006,0.000,0.000,0.000,0.013,0.000,0.000,0.006,0.000,0.000,0.006,0.006
103.8048,1038,0,move,-1,103.8048,103.8152,0,0.000,-0.088,0.176,-0.176,-0.088,0.088,-0.264,-0.088,0.176,0.088,-46.582,32.695,-0.088,0.264,0.000,0.000,0.439,0.176,0.000,0.000,0.000,0.000,0.000,0.000,0.000,0.000,0.000,0.000,-47.133,32.667,0.000,0.000,0.000,0.000,0.000,0.000,0.013,3.2,11.30,28.0,0.000,0.000,0.000,0.006,0.000,0.000,0.000,0.000,0.006,0.000,0.006,0.000,0.000,0.013,0.000,0.000,0.013,0.000
103.9055,1039,0,move,-1,103.9055,103.9272,0,0.000,-0.088,0.176,-0.176,-0.088,0.088,-0.264,-0.088,0.176,0.088,-46.582,32.695,-0.088,0.264,0.000,0.000,0.439,0.176,0.000,0.000,0.000,0.000,0.000,0.000,0.000,0.000,0.000,0.000,-47.133,32.667,0.000,0.000,0.000,0.000,0.000,0.000,0.006,2.4,11.30,32.0,0.000,0.000,0.000,0.006,0.000,0.000,0.000,0.000,0.000,0.000,0.006,0.000,0.000,0.006,0.000,0.000,0.006,0.006
104.0049,1040,0,move,-1,104.0049,104.0178,0,0.000,-0.088,0.176,-0.176,-0.088,0.088,-0.264,-0.088,0.176,0.088,-46.582,32.695,-0.088,0.264,0.000,0.000,0.439,0.176,0.000,0.000,0.000,0.000,0.000,0.000,0.000,0.000,0.000,0.000,-47.233,32.716,0.000,0.000,0.000,0.000,0.000,0.000,0.006,2.4,11.30,32.0,0.000,0.000,0.000,0.006,0.000,0.000,0.000,0.000,0.000,0.000,0.006,0.000,0.000,0.006,0.000,0.000,0.006,0.006
104.1049,1041,0,move,-1,104.1049,104.1160,0,0.000,-0.088,0.176,-0.176,-0.088,0.088,-0.264,-0.088,0.176,0.088,-46.582,32.695,-0.088,0.264,0.000,0.000,0.439,0.176,0.000,0.000,0.000,0.000,0.000,0.000,0.000,0.000,0.000,0.000,-47.522,32.856,0.000,0.000,0.000,0.000,0.000,0.000,0.019,7.6,11.30,31.0,0.000,0.000,0.000,0.000,0.000,0.000,0.006,0.000,0.006,0.000,0.019,0.000,0.000,0.006,0.000,0.000,0.006,0.006
104.2048,1042,0,move,-1,104.2048,104.2177,0,0.000,-0.088,0.176,-0.176,-0.088,0.088,-0.264,-0.088,0.176,0.088,-47.109,32.871,-0.088,0.264,0.000,0.000,0.439,0.176,0.000,0.000,0.000,0.000,0.000,0.000,0.000,0.000,0.000,0.000,-47.971,33.071,0.000,0.000,0.000,0.000,0.000,0.000,0.019,7.6,11.30,31.0,0.000,0.000,0.000,0.000,0.000,0.000,0.006,0.000,0.006,0.000,0.019,0.000,0.000,0.006,0.000,0.000,0.006,0.006
104.3050,1043,0,move,-1,104.3050,104.3168,0,0.000,-0.088,0.176,-0.176,-0.088,0.088,-0.264,-0.088,0.176,0.088,-47.461,32.959,-0.088,0.264,0.000,0.000,0.439,0.176,0.000,0.000,0.000,0.000,0.000,0.000,0.000,0.000,0.000,0.000,-48.535,33.340,0.000,0.000,0.000,0.000,0.000,0.000,0.019,7.6,11.30,31.0,0.000,0.000,0.000,0.000,0.000,0.000,0.006,0.000,0.006,0.000,0.019,0.000,0.000,0.006,0.000,0.000,0.006,0.006
104.4049,1044,0,move,-1,104.4049,104.4171,0,0.000,-0.088,0.176,-0.176,-0.088,0.088,-0.264,-0.088,0.176,0.088,-47.988,33.311,-0.088,0.264,0.000,0.000,0.439,0.176,0.000,0.000,0.000,0.000,0.000,0.000,0.000,0.000,0.000,0.000,-49.154,33.634,0.000,0.000,0.000,0.000,0.000,0.000,0.013,3.2,11.30,28.0,0.000,0.000,0.000,0.000,0.000,0.000,0.006,0.000,0.000,0.000,0.006,0.006,0.000,0.013,0.000,0.000,0.006,0.006
104.5048,1045,0,move,-1,104.5048,104.5181,0,0.000,-0.088,0.176,-0.176,-0.088,0.088,-0.264,-0.088,0.176,0.088,-48.516,33.574,-0.088,0.264,0.000,0.000,0.439,0.176,0.000,0.000,0.000,0.000,0.000,0.000,0.000,0.000,0.000,0.000,-49.772,33.924,0.000,0.000,0.000,0.000,0.000,0.000,0.013,7.6,11.20,31.0,0.000,0.000,0.000,0.006,0.000,0.000,0.006,0.000,0.000,0.000,0.013,0.000,0.000,0.013,0.000,0.000,0.006,0.000
104.6050,1046,0,move,-1,104.6050,104.6160,0,0.000,-0.088,0.176,-0.176,-0.088,0.088,-0.264,-0.088,0.176,0.088,-49.043,33.838,-0.088,0.264,0.000,0.000,0.439,0.176,0.000,0.000,0.000,0.000,0.000,0.000,0.000,0.000,0.000,0.000,-50.327,34.182,0.000,0.000,0.000,0.000,0.000,0.000,0.013,7.6,11.20,31.0,0.000,0.000,0.000,0.006,0.000,0.000,0.006,0.000,0.000,0.000,0.013,0.000,0.000,0.013,0.000,0.000,0.006,0.000
104.7051,1047,0,move,-1,104.7051,104.7176,0,0.000,-0.088,0.176,-0.176,-0.088,0.088,-0.264,-0.088,0.176,0.088,-49.746,34.277,-0.088,0.264,0.000,0.000,0.439,0.176,0.000,0.000,0.000,0.000,0.000,0.000,0.000,0.000,0.000,0.000,-50.765,34.384,0.000,0.000,0.000,0.000,0.000,0.000,0.013,6.4,11.30,30.0,0.000,0.000,0.000,0.000,0.000,0.000,0.000,0.000,0.000,0.000,0.013,0.000,0.000,0.006,0.000,0.000,0.013,0.006
104.8048,1048,0,move,-1,104.8048,104.8317,0,0.000,-0.088,0.176,-0.176,-0.088,0.088,-0.264,-0.088,0.176,0.088,-50.098,34.277,-0.088,0.264,0.000,0.000,0.439,0.176,0.000,0.000,0.000,0.000,0.000,0.000,0.000,0.000,0.000,0.000,-51.045,34.512,0.000,0.000,0.000,0.000,0.000,0.000,0.013,6.8,11.30,31.0,0.000,0.000,0.000,0.006,0.000,0.000,0.006,0.000,0.006,0.000,0.013,0.000,0.000,0.013,0.000,0.000,0.006,0.000
104.9050,1049,0,move,-1,104.9050,104.9189,0,0.000,-0.088,0.176,-0.176,-0.088,0.088,-0.264,-0.088,0.176,0.088,-50.537,34.541,-0.088,0.264,0.000,0.000,0.439,0.176,0.000,0.000,0.000,0.000,0.000,0.000,0.000,0.000,0.000,0.000,-51.141,34.556,0.000,0.000,0.000,0.000,0.000,0.000,0.013,6.8,11.30,31.0,0.000,0.000,0.000,0.006,0.000,0.000,0.006,0.000,0.006,0.000,0.013,0.000,0.000,0.013,0.000,0.000,0.006,0.000
105.0050,1050,0,move,-1,105.0050,105.0219,0,0.000,-0.088,0.176,-0.176,-0.088,0.088,-0.264,-0.088,0.176,0.088,-50.625,34.541,-0.088,0.264,0.000,0.000,0.439,0.176,0.000,0.000,0.000,0.000,0.000,0.000,0.000,0.000,0.000,0.000,-51.141,34.556,0.000,0.000,0.000,0.000,0.000,0.000,0.013,5.2,11.30,31.0,0.000,0.000,0.006,,0.000,0.000,0.006,0.000,0.006,0.000,0.013,0.000,0.000,0.006,0.000,0.000,0.006,0.000
105.1049,1051,0,move,-1,105.1049,105.1174,0,0.000,-0.088,0.176,-0.176,-0.088,0.088,-0.264,-0.088,0.176,0.088,-50.625,34.541,-0.088,0.264,0.000,0.000,0.439,0.176,0.000,0.000,0.000,0.000,0.000,0.000,0.000,0.000,0.000,0.000,-51.141,34.556,0.000,0.000,0.000,0.000,0.000,0.000,0.013,5.2,11.30,31.0,0.000,0.000,0.006,,0.000,0.000,0.006,0.000,0.006,0.000,0.013,0.000,0.000,0.006,0.000,0.000,0.006,0.000
105.2049,1052,0,move,-1,105.2049,105.2169,0,0.000,-0.088,0.176,-0.176,-0.088,0.088,-0.264,-0.088,0.176,0.088,-50.625,34.541,-0.088,0.264,0.000,0.000,0.439,0.176,0.000,0.000,0.000,0.000,0.000,0.000,0.000,0.000,0.000,0.000,-51.141,34.556,0.000,0.000,0.000,0.000,0.000,0.000,0.013,5.6,11.30,30.0,0.000,0.000,0.000,0.000,0.000,0.000,0.006,0.000,0.000,0.000,0.013,0.000,0.000,0.006,0.000,0.000,0.006,0.000
105.3097,1053,0,move,-1,105.3097,105.3221,0,0.000,-0.088,0.176,-0.176,-0.088,0.088,-0.264,-0.088,0.176,0.088,-50.625,34.541,-0.088,0.264,0.000,0.000,0.439,0.176,0.000,0.000,0.000,0.000,0.000,0.000,0.000,0.000,0.000,0.000,-51.141,34.556,0.000,0.000,0.000,0.000,0.000,0.000,0.013,5.6,11.30,30.0,0.000,0.000,0.000,0.000,0.000,0.000,0.000,0.000,0.006,0.000,0.013,0.000,0.000,0.013,0.000,0.000,0.006,0.006
105.4048,1054,0,move,-1,105.4048,105.4149,0,0.000,-0.088,0.176,-0.176,-0.088,0.088,-0.264,-0.088,0.176,0.088,-50.625,34.541,-0.088,0.264,0.000,0.000,0.439,0.176,0.000,0.000,0.000,0.000,0.000,0.000,0.000,0.000,0.000,0.000,-51.141,34.556,0.000,0.000,0.000,0.000,0.000,0.000,0.013,5.6,11.30,30.0,0.000,0.000,0.000,0.000,0.000,0.000,0.000,0.000,0.006,0.000,0.013,0.000,0.000,0.013,0.000,0.000,0.006,0.006
105.5061,1055,0,move,-1,105.5061,105.5126,0,0.000,-0.088,0.176,-0.176,-0.088,0.088,-0.264,-0.088,0.176,0.088,-50.625,34.541,-0.088,0.264,0.000,0.000,0.439,0.176,0.000,0.000,0.000,0.000,0.000,0.000,0.000,0.000,0.000,0.000,-51.141,34.556,0.000,0.000,0.000,0.000,0.000,0.000,0.013,5.6,11.30,31.0,0.000,0.000,0.000,0.000,0.000,0.000,0.006,0.000,0.000,0.000,0.013,0.000,0.000,0.013,0.000,0.000,0.006,0.006
105.6049,1056,0,move,-1,105.6049,105.6158,0,0.000,-0.088,0.176,-0.176,-0.088,0.088,-0.264,-0.088,0.176,0.088,-50.625,34.541,-0.088,0.264,0.000,0.000,0.439,0.176,0.000,0.000,0.000,0.000,0.000,0.000,0.000,0.000,0.000,0.000,-51.141,34.556,0.000,0.000,0.000,0.000,0.000,0.000,0.013,4.8,11.30,31.0,0.000,0.000,0.006,0.000,0.000,0.000,0.000,0.000,0.006,0.000,0.006,0.000,0.000,0.006,0.000,0.000,0.013,0.000
105.7049,1057,0,move,-1,105.7049,105.7180,0,0.000,-0.088,0.176,-0.176,-0.088,0.088,-0.264,-0.088,0.176,0.088,-50.625,34.541,-0.088,0.264,0.000,0.000,0.439,0.176,0.000,0.000,0.000,0.000,0.000,0.000,0.000,0.000,0.000,0.000,-51.141,34.556,0.000,0.000,0.000,0.000,0.000,0.000,0.006,2.4,11.30,32.0,0.000,0.000,0.000,0.006,0.000,0.000,0.006,0.000,0.000,0.000,0.006,0.000,0.000,0.006,0.000,0.000,0.006,0.000
105.8048,1058,0,move,-1,105.8048,105.8226,0,0.000,-0.088,0.176,-0.176,-0.088,0.088,-0.264,-0.088,0.176,0.088,-50.625,34.541,-0.088,0.264,0.000,0.000,0.439,0.176,0.000,0.000,0.000,0.000,0.000,0.000,0.000,0.000,0.000,0.000,-51.141,34.556,0.000,0.000,0.000,0.000,0.000,0.000,0.000,0.0,11.30,31.0,0.000,0.000,0.000,0.000,0.000,0.000,0.000,0.000,0.000,0.000,0.000,0.000,0.000,0.000,0.000,0.000,0.000,0.000
105.9048,1059,0,move,-1,105.9048,105.9177,0,0.000,-0.088,0.176,-0.176,-0.088,0.088,-0.264,-0.088,0.176,0.088,-50.625,34.541,-0.088,0.264,0.000,0.000,0.439,0.176,0.000,0.000,0.000,0.000,0.000,0.000,0.000,0.000,0.000,0.000,-51.141,34.556,0.000,0.000,0.000,0.000,0.000,0.000,0.000,0.0,11.30,31.0,0.000,0.000,0.000,0.000,0.000,0.000,0.000,0.000,0.000,0.000,0.000,0.000,0.000,0.000,0.000,0.000,0.000,0.000
106.0050,1060,0,move,-1,106.0050,106.0159,0,0.000,-0.088,0.176,-0.176,-0.088,0.088,-0.264,-0.088,0.176,0.088,-50.625,34.541,-0.088,0.264,0.000,0.000,0.439,0.176,0.000,0.000,0.000,0.000,0.000,0.000,0.000,0.000,0.000,0.000,-51.141,34.556,0.000,0.000,0.000,0.000,0.000,0.000,0.013,3.2,11.30,28.0,0.000,0.000,0.000,0.000,0.000,0.000,0.006,0.000,0.006,0.000,0.006,0.000,0.000,0.013,0.000,0.000,0.006,0.000
106.1051,1061,0,move,-1,106.1051,106.1158,0,0.000,-0.088,0.176,-0.176,-0.088,0.088,-0.264,-0.088,0.176,0.088,-50.625,34.541,-0.088,0.264,0.000,0.000,0.439,0.176,0.000,0.000,0.000,0.000,0.000,0.000,0.000,0.000,0.000,0.000,-51.141,34.556,0.000,0.000,0.000,0.000,0.000,0.000,0.013,3.2,11.30,28.0,0.000,0.000,0.000,0.000,0.000,0.000,0.006,0.000,0.006,0.000,0.006,0.000,0.000,0.013,0.000,0.000,0.006,0.000
106.2053,1062,0,move,-1,106.2053,106.2334,0,0.000,-0.088,0.176,-0.176,-0.088,0.088,-0.264,-0.088,0.176,0.088,-50.625,34.541,-0.088,0.264,0.000,0.000,0.439,0.176,0.000,0.000,0.000,0.000,0.000,0.000,0.000,0.000,0.000,0.000,-51.141,34.556,0.000,0.000,0.000,0.000,0.000,0.000,0.013,3.2,11.30,28.0,0.000,0.000,0.000,0.000,0.000,0.000,0.006,0.000,0.000,0.000,0.006,0.000,0.000,0.013,0.000,0.000,0.006,0.000
106.3058,1063,0,move,-1,106.3058,106.3521,0,0.000,-0.088,0.176,-0.176,-0.088,0.088,-0.264,-0.088,0.176,0.088,-50.625,34.541,-0.088,0.264,0.000,0.000,0.439,0.176,0.000,0.000,0.000,0.000,0.000,0.000,0.000,0.000,0.000,0.000,-51.141,34.556,0.000,0.000,0.000,0.000,0.000,0.000,0.013,3.2,11.30,28.0,0.000,0.000,0.000,0.006,0.000,0.000,0.006,0.000,0.006,0.000,0.006,0.000,0.000,0.013,0.000,0.000,0.006,0.000
106.4048,1064,0,move,-1,106.4048,106.4181,0,0.000,-0.088,0.176,-0.176,-0.088,0.088,-0.264,-0.088,0.176,0.088,-50.625,34.541,-0.088,0.264,0.000,0.000,0.439,0.176,0.000,0.000,0.000,0.000,0.000,0.000,0.000,0.000,0.000,0.000,-51.141,34.556,0.000,0.000,0.000,0.000,0.000,0.000,0.013,3.2,11.30,28.0,0.000,0.000,0.000,0.006,0.000,0.000,0.006,0.000,0.006,0.000,0.006,0.000,0.000,0.013,0.000,0.000,0.006,0.000
106.5048,1065,0,move,-1,106.5048,106.5158,0,0.000,-0.088,0.176,-0.176,-0.088,0.088,-0.264,-0.088,0.176,0.088,-50.625,34.541,-0.088,0.264,0.000,0.000,0.439,0.176,0.000,0.000,0.000,0.000,0.000,0.000,0.000,0.000,0.000,0.000,-51.141,34.556,0.000,0.000,0.000,0.000,0.000,0.000,0.013,5.6,11.30,31.0,0.000,0.000,0.000,0.000,0.000,0.000,0.006,0.000,0.000,0.000,0.013,0.000,0.000,0.013,0.000,0.000,0.013,0.000
106.6049,1066,0,move,-1,106.6049,106.6150,0,0.000,-0.088,0.176,-0.176,-0.088,0.088,-0.264,-0.088,0.176,0.088,-50.625,34.541,-0.088,0.264,0.000,0.000,0.439,0.176,0.000,0.000,0.000,0.000,0.000,0.000,0.000,0.000,0.000,0.000,-51.141,34.556,0.000,0.000,0.000,0.000,0.000,0.000,0.013,5.6,11.30,31.0,0.000,0.000,0.000,0.000,0.000,0.000,0.006,0.000,0.000,0.000,0.013,0.000,0.000,0.013,0.000,0.000,0.013,0.000
106.7047,1067,0,move,-1,106.7047,106.7159,0,0.000,-0.088,0.176,-0.176,-0.088,0.088,-0.264,-0.088,0.176,0.088,-50.625,34.541,-0.088,0.264,0.000,0.000,0.439,0.176,0.000,0.000,0.000,0.000,0.000,0.000,0.000,0.000,0.000,0.000,-51.141,34.556,0.000,0.000,0.000,0.000,0.000,0.000,0.013,5.6,11.30,30.0,0.000,0.000,0.000,0.000,0.000,0.000,0.006,0.000,0.000,0.000,0.013,0.000,0.000,0.006,0.000,0.000,0.006,0.000
106.8049,1068,0,move,-1,106.8049,106.8149,0,0.000,-0.088,0.176,-0.176,-0.088,0.088,-0.264,-0.088,0.176,0.088,-50.625,34.541,-0.088,0.264,0.000,0.000,0.439,0.176,0.000,0.000,0.000,0.000,0.000,0.000,0.000,0.000,0.000,0.000,-51.141,34.556,0.000,0.000,0.000,0.000,0.000,0.000,0.013,5.6,11.30,30.0,0.000,0.000,0.000,0.000,0.000,0.000,0.006,0.000,0.000,0.000,0.013,0.000,0.000,0.006,0.000,0.000,0.006,0.000
106.9048,1069,0,move,-1,106.9048,106.9164,0,0.000,-0.088,0.176,-0.176,-0.088,0.088,-0.264,-0.088,0.176,0.088,-50.625,34.541,-0.088,0.264,0.000,0.000,0.439,0.176,0.000,0.000,0.000,0.000,0.000,0.000,0.000,0.000,0.000,0.000,-51.141,34.556,0.000,0.000,0.000,0.000,0.000,0.000,0.006,3.2,11.20,32.0,0.000,0.000,0.000,0.000,0.000,0.000,0.006,0.000,0.000,0.000,0.006,0.000,0.000,0.006,0.000,0.000,0.006,0.000
107.0049,1070,0,move,-1,107.0049,107.0180,0,0.000,-0.088,0.176,-0.176,-0.088,0.088,-0.264,-0.088,0.176,0.088,-50.625,34.541,-0.088,0.264,0.000,0.000,0.439,0.176,0.000,0.000,0.000,0.000,0.000,0.000,0.000,0.000,0.000,0.000,-51.141,34.556,0.000,0.000,0.000,0.000,0.000,0.000,0.013,5.6,11.30,31.0,0.000,0.000,0.000,0.006,0.000,0.000,0.000,0.000,0.000,0.000,0.013,0.000,0.000,0.006,0.000,0.000,0.013,0.000
107.1049,1071,0,move,-1,107.1049,107.1154,0,0.000,-0.088,0.176,-0.176,-0.088,0.088,-0.264,-0.088,0.176,0.088,-50.625,34.541,-0.088,0.264,0.000,0.000,0.439,0.176,0.000,0.000,0.000,0.000,0.000,0.000,0.000,0.000,0.000,0.000,-51.141,34.556,0.000,0.000,0.000,0.000,0.000,0.000,0.013,5.6,11.30,31.0,0.000,0.000,0.000,0.006,0.000,0.000,0.000,0.000,0.000,0.000,0.013,0.000,0.000,0.006,0.000,0.000,0.013,0.000
107.2049,1072,0,move,-1,107.2049,107.2160,0,0.000,-0.088,0.176,-0.176,-0.088,0.088,-0.264,-0.088,0.176,0.088,-50.625,34.541,-0.088,0.264,0.000,0.000,0.439,0.176,0.000,0.000,0.000,0.000,0.000,0.000,0.000,0.000,0.000,0.000,-51.141,34.556,0.000,0.000,0.000,0.000,0.000,0.000,0.013,5.6,11.30,30.0,0.000,0.000,0.000,0.000,0.000,0.000,0.006,0.000,0.000,0.000,0.013,0.000,0.000,0.013,0.000,0.000,0.006,0.000
107.3050,1073,0,move,-1,107.3050,107.3183,0,0.000,-0.088,0.176,-0.176,-0.088,0.088,-0.264,-0.088,0.176,0.088,-50.625,34.541,-0.088,0.264,0.000,0.000,0.439,0.176,0.000,0.000,0.000,0.000,0.000,0.000,0.000,0.000,0.000,0.000,-51.141,34.556,0.000,0.000,0.000,0.000,0.000,0.000,0.013,3.2,11.30,28.0,0.000,0.000,0.000,0.000,0.000,0.000,0.006,0.000,0.006,0.000,0.006,0.000,0.000,0.013,0.000,0.000,0.006,0.000
107.4049,1074,0,move,-1,107.4049,107.4179,0,0.000,-0.088,0.176,-0.176,-0.088,0.088,-0.264,-0.088,0.176,0.088,-50.625,34.541,-0.088,0.264,0.000,0.000,0.439,0.176,0.000,0.000,0.000,0.000,0.000,0.000,0.000,0.000,0.000,0.000,-51.141,34.556,0.000,0.000,0.000,0.000,0.000,0.000,0.013,3.2,11.30,28.0,0.000,0.000,0.000,0.000,0.000,0.000,0.006,0.000,0.006,0.000,0.006,0.000,0.000,0.013,0.000,0.000,0.006,0.000
107.5068,1075,0,move,-1,107.5068,107.5560,0,0.000,-0.088,0.176,-0.176,-0.088,0.088,-0.264,-0.088,0.176,0.088,-50.625,34.541,-0.088,0.264,0.000,0.000,0.439,0.176,0.000,0.000,0.000,0.000,0.000,0.000,0.000,0.000,0.000,0.000,-51.141,34.556,0.000,0.000,0.000,0.000,0.000,0.000,0.013,5.6,11.30,30.0,0.000,0.000,0.000,0.000,0.000,0.000,0.006,0.000,0.000,0.000,0.013,0.000,0.000,0.006,0.000,0.000,0.006,0.000
107.6096,1076,0,move,-1,107.6096,107.6220,0,0.000,-0.088,0.176,-0.176,-0.088,0.088,-0.264,-0.088,0.176,0.088,-50.625,34.541,-0.088,0.264,0.000,0.000,0.439,0.176,0.000,0.000,0.000,0.000,0.000,0.000,0.000,0.000,0.000,0.000,-51.141,34.556,0.000,0.000,0.000,0.000,0.000,0.000,0.013,5.6,11.30,30.0,0.000,0.000,0.000,0.000,0.000,0.000,0.006,0.000,0.000,0.000,0.013,0.000,0.000,0.006,0.000,0.000,0.006,0.000
107.7050,1077,0,move,-1,107.7050,107.7177,0,0.000,-0.088,0.176,-0.176,-0.088,0.088,-0.264,-0.088,0.176,0.088,-50.625,34.541,-0.088,0.264,0.000,0.000,0.439,0.176,0.000,0.000,0.000,0.000,0.000,0.000,0.000,0.000,0.000,0.000,-51.141,34.556,0.000,0.000,0.000,0.000,0.000,0.000,0.006,2.4,11.30,32.0,0.000,0.000,0.000,0.006,0.000,0.000,0.006,0.000,0.000,0.000,0.006,0.000,0.000,0.006,0.000,0.000,0.006,0.006
107.8049,1078,0,move,-1,107.8049,107.8155,0,0.000,-0.088,0.176,-0.176,-0.088,0.088,-0.264,-0.088,0.176,0.088,-50.625,34.541,-0.088,0.264,0.000,0.000,0.439,0.176,0.000,0.000,0.000,0.000,0.000,0.000,0.000,0.000,0.000,0.000,-51.141,34.556,0.000,0.000,0.000,0.000,0.000,0.000,0.006,2.4,11.30,32.0,0.000,0.000,0.000,0.006,0.000,0.000,0.006,0.000,0.000,0.000,0.006,0.000,0.000,0.006,0.000,0.000,0.006,0.006
107.9049,1079,0,move,-1,107.9049,107.9112,0,0.000,-0.088,0.176,-0.176,-0.088,0.088,-0.264,-0.088,0.176,0.088,-50.625,34.541,-0.088,0.264,0.000,0.000,0.439,0.176,0.000,0.000,0.000,0.000,0.000,0.000,0.000,0.000,0.000,0.000,-51.141,34.556,0.000,0.000,0.000,0.000,0.000,0.000,0.013,5.6,11.30,30.0,0.000,0.000,0.000,0.006,0.000,0.000,0.000,0.000,0.006,0.000,0.013,0.000,0.000,0.006,0.000,0.000,0.013,0.006
108.0049,1080,0,move,-1,108.0049,108.0173,0,0.000,-0.088,0.176,-0.176,-0.088,0.088,-0.264,-0.088,0.176,0.088,-50.625,34.541,-0.088,0.264,0.000,0.000,0.439,0.176,0.000,0.000,0.000,0.000,0.000,0.000,0.000,0.000,0.000,0.000,-51.045,34.512,0.000,0.000,0.000,0.000,0.000,0.000,0.013,3.2,11.30,28.0,0.000,0.000,0.000,0.000,0.000,0.000,0.006,0.000,0.000,0.000,0.006,0.000,0.000,0.013,0.000,0.000,0.013,0.000
108.1047,1081,0,move,-1,108.1047,108.1156,0,0.000,-0.088,0.176,-0.176,-0.088,0.088,-0.264,-0.088,0.176,0.088,-50.625,34.541,-0.088,0.264,0.000,0.000,0.439,0.176,0.000,0.000,0.000,0.000,0.000,0.000,0.000,0.000,0.000,0.000,-50.765,34.384,0.000,0.000,0.000,0.000,0.000,0.000,0.013,3.2,11.30,28.0,0.000,0.000,0.000,0.000,0.000,0.000,0.006,0.000,0.000,0.000,0.006,0.000,0.000,0.013,0.000,0.000,0.013,0.000
108.2048,1082,0,move,-1,108.2048,108.2162,0,0.000,-0.088,0.176,-0.176,-0.088,0.088,-0.264,-0.088,0.176,0.088,-50.625,34.453,-0.088,0.264,0.000,0.000,0.439,0.176,0.000,0.000,0.000,0.000,0.000,0.000,0.000,0.000,0.000,0.000,-50.327,34.182,0.000,0.000,0.000,0.000,0.000,0.000,0.013,3.2,11.30,28.0,0.000,0.000,0.000,0.000,0.000,0.000,0.000,0.000,0.000,0.000,0.000,0.006,0.000,0.013,0.000,0.000,0.006,0.006
108.3050,1083,0,move,-1,108.3050,108.3195,0,0.000,-0.088,0.176,-0.176,-0.088,0.088,-0.264,-0.088,0.176,0.088,-50.625,34.277,-0.088,0.264,0.000,0.000,0.439,0.176,0.000,0.000,0.000,0.000,0.000,0.000,0.000,0.000,0.000,0.000,-49.772,33.924,0.000,0.000,0.000,0.000,0.000,0.000,0.006,2.4,11.30,32.0,0.000,0.000,0.000,0.006,0.000,0.000,0.006,0.000,0.000,0.000,0.000,0.006,0.000,0.006,0.000,0.000,0.006,0.000
108.4049,1084,0,move,-1,108.4049,108.4235,0,0.000,-0.088,0.176,-0.176,-0.088,0.088,-0.264,-0.088,0.176,0.088,-50.361,33.926,-0.088,0.264,0.000,0.000,0.439,0.176,0.000,0.000,0.000,0.000,0.000,0.000,0.000,0.000,0.000,0.000,-49.154,33.634,0.000,0.000,0.000,0.000,0.000,0.000,0.013,3.6,11.30,28.0,0.000,0.000,0.000,0.000,0.000,0.000,0.000,0.000,0.000,0.000,0.006,0.000,0.000,0.013,0.000,0.000,0.006,0.006
108.5048,1085,0,move,-1,108.5048,108.5164,0,0.000,-0.088,0.176,-0.176,-0.088,0.088,-0.264,-0.088,0.176,0.088,-49.570,33.662,-0.088,0.264,0.000,0.000,0.439,0.176,0.000,0.000,0.000,0.000,0.000,0.000,0.000,0.000,0.000,0.000,-48.535,33.340,0.000,0.000,0.000,0.000,0.000,0.000,0.013,3.6,11.30,28.0,0.000,0.000,0.000,0.000,0.000,0.000,0.000,0.000,0.000,0.000,0.006,0.000,0.000,0.013,0.000,0.000,0.006,0.006
108.6050,1086,0,move,-1,108.6050,108.6110,0,0.000,-0.088,0.176,-0.176,-0.088,0.088,-0.264,-0.088,0.176,0.088,-49.043,33.311,-0.088,0.264,0.000,0.000,0.439,0.176,0.000,0.000,0.000,0.000,0.000,0.000,0.000,0.000,0.000,0.000,-47.971,33.071,0.000,0.000,0.000,0.000,0.000,0.000,0.006,2.4,11.30,32.0,,0.000,0.000,0.006,0.000,0.000,0.006,0.000,0.000,0.000,0.000,0.006,0.000,0.006,0.000,0.000,0.006,0.000
108.7048,1087,0,move,-1,108.7048,108.7155,0,0.000,-0.088,0.176,-0.176,-0.088,0.088,-0.264,-0.088,0.176,0.088,-48.340,33.135,-0.088,0.264,0.000,0.000,0.439,0.176,0.000,0.000,0.000,0.000,0.000,0.000,0.000,0.000,0.000,0.000,-47.522,32.856,0.000,0.000,0.000,0.000,0.000,0.000,0.006,2.4,11.30,32.0,0.000,0.000,0.000,0.006,0.000,0.000,0.000,0.000,0.000,0.000,0.000,0.006,0.000,0.006,0.000,0.000,0.006,0.000
108.8049,1088,0,move,-1,108.8049,108.8164,0,0.000,-0.088,0.176,-0.176,-0.088,0.088,-0.264,-0.088,0.176,0.088,-47.812,32.959,-0.088,0.264,0.000,0.000,0.439,0.176,0.000,0.000,0.000,0.000,0.000,0.000,0.000,0.000,0.000,0.000,-47.233,32.716,0.000,0.000,0.000,0.000,0.000,0.000,0.013,3.2,11.30,28.0,0.000,0.000,0.000,0.006,0.000,0.000,0.006,0.000,0.000,0.000,0.006,0.000,0.000,0.013,0.000,0.000,0.006,0.000
108.9073,1089,0,move,-1,108.9073,108.9270,0,0.000,-0.088,0.176,-0.176,-0.088,0.088,-0.264,-0.088,0.176,0.088,-47.373,32.695,-0.088,0.264,0.000,0.000,0.439,0.176,0.000,0.000,0.000,0.000,0.000,0.000,0.000,0.000,0.000,0.000,-47.133,32.667,0.000,0.000,0.000,0.000,0.000,0.000,0.006,3.2,11.30,32.0,0.000,0.000,,0.000,0.000,0.000,0.006,0.000,0.000,0.000,0.000,0.000,0.000,0.006,0.000,0.000,0.006,0.000
109.0187,1090,0,move,-1,109.0187,109.0623,0,0.000,-0.088,0.176,-0.176,-0.088,0.088,-0.264,-0.088,0.176,0.088,-47.285,32.783,-0.088,0.264,0.000,0.000,0.439,0.176,0.000,0.000,0.000,0.000,0.000,0.000,0.000,0.000,0.000,0.000,-47.133,32.667,0.000,0.000,0.000,0.000,0.000,0.000,0.013,3.2,11.30,28.0,0.000,0.000,0.000,0.006,0.000,0.000,0.006,0.000,0.006,0.000,0.000,0.000,0.000,0.013,0.000,0.000,0.013,0.006
109.1050,1091,0,move,-1,109.1050,109.1159,0,0.000,-0.088,0.176,-0.176,-0.088,0.088,-0.264,-0.088,0.176,0.088,-47.285,32.783,-0.088,0.264,0.000,0.000,0.439,0.176,0.000,0.000,0.000,0.000,0.000,0.000,0.000,0.000,0.000,0.000,-47.133,32.667,0.000,0.000,0.000,0.000,0.000,0.000,0.013,3.2,11.30,28.0,0.000,0.000,0.000,0.006,0.000,0.000,0.006,0.000,0.006,0.000,0.000,0.000,0.000,0.013,0.000,0.000,0.013,0.006
109.2050,1092,0,move,-1,109.2050,109.2163,0,0.000,-0.088,0.176,-0.176,-0.088,0.088,-0.264,-0.088,0.176,0.088,-47.285,32.783,-0.088,0.264,0.000,0.000,0.439,0.176,0.000,0.000,0.000,0.000,0.000,0.000,0.000,0.000,0.000,0.000,-47.133,32.667,0.000,0.000,0.000,0.000,0.000,0.000,0.013,3.2,11.30,28.0,0.000,0.000,0.000,0.006,0.000,0.000,0.006,0.000,0.000,0.000,0.000,0.000,0.000,0.013,0.000,0.000,0.006,0.000
109.3049,1093,0,move,-1,109.3049,109.3191,0,0.000,-0.088,0.176,-0.176,-0.088,0.088,-0.264,-0.088,0.176,0.088,-47.285,32.783,-0.088,0.264,0.000,0.000,0.439,0.176,0.000,0.000,0.000,0.000,0.000,0.000,0.000,0.000,0.000,0.000,-47.133,32.667,0.000,0.000,0.000,0.000,0.000,0.000,0.013,3.2,11.30,28.0,0.000,0.000,0.000,0.006,0.000,0.000,0.006,0.000,0.000,0.000,0.000,0.000,0.000,0.013,0.000,0.000,0.013,0.000
109.4048,1094,0,move,-1,109.4048,109.4124,0,0.000,-0.088,0.176,-0.176,-0.088,0.088,-0.264,-0.088,0.176,0.088,-47.285,32.783,-0.088,0.264,0.000,0.000,0.439,0.176,0.000,0.000,0.000,0.000,0.000,0.000,0.000,0.000,0.000,0.000,-47.133,32.667,0.000,0.000,0.000,0.000,0.000,0.000,0.013,3.2,11.30,28.0,0.000,0.000,0.000,0.006,0.000,0.000,0.006,0.000,0.000,0.000,0.000,0.000,0.000,0.013,0.000,0.000,0.013,0.000
109.5048,1095,0,move,-1,109.5048,109.5178,0,0.000,-0.088,0.176,-0.176,-0.088,0.088,-0.264,-0.088,0.176,0.088,-47.285,32.783,-0.088,0.264,0.000,0.000,0.439,0.176,0.000,0.000,0.000,0.000,0.000,0.000,0.000,0.000,0.000,0.000,-47.133,32.667,0.000,0.000,0.000,0.000,0.000,0.000,0.006,3.2,11.30,32.0,0.000,0.000,0.000,0.000,0.000,0.000,0.006,0.000,0.000,0.000,0.000,0.000,0.000,0.006,0.000,0.000,0.006,0.006
109.6048,1096,0,move,-1,109.6048,109.6158,0,0.000,-0.088,0.176,-0.176,-0.088,0.088,-0.264,-0.088,0.176,0.088,-47.285,32.783,-0.088,0.264,0.000,0.000,0.439,0.176,0.000,0.000,0.000,0.000,0.000,0.000,0.000,0.000,0.000,0.000,-47.133,32.667,0.000,0.000,0.000,0.000,0.000,0.000,0.006,3.2,11.30,32.0,0.000,0.000,0.000,0.000,0.000,0.000,0.006,0.000,0.000,0.000,0.000,0.000,0.000,0.006,0.000,0.000,0.006,0.006
109.7049,1097,0,move,-1,109.7049,109.7168,0,0.000,-0.088,0.176,-0.176,-0.088,0.088,-0.264,-0.088,0.176,0.088,-47.285,32.783,-0.088,0.264,0.000,0.000,0.439,0.176,0.000,0.000,0.000,0.000,0.000,0.000,0.000,0.000,0.000,0.000,-47.133,32.667,0.000,0.000,0.000,0.000,0.000,0.000,0.006,2.4,11.30,32.0,0.000,0.000,0.000,0.006,0.000,0.000,0.006,0.000,0.000,0.000,0.006,0.000,0.000,0.006,0.000,0.000,0.006,0.000
109.8049,1098,0,move,-1,109.8049,109.8157,0,0.000,-0.088,0.176,-0.176,-0.088,0.088,-0.264,-0.088,0.176,0.088,-47.285,32.783,-0.088,0.264,0.000,0.000,0.439,0.176,0.000,0.000,0.000,0.000,0.000,0.000,0.000,0.000,0.000,0.000,-47.133,32.667,0.000,0.000,0.000,0.000,0.000,0.000,0.006,2.4,11.30,32.0,0.000,0.000,0.000,0.006,0.000,0.000,0.006,0.000,0.000,0.000,0.006,0.000,0.000,0.006,0.000,0.000,0.006,0.000
109.9050,1099,0,move,-1,109.9050,109.9749,0,0.000,-0.088,0.176,-0.176,-0.088,0.088,-0.264,-0.088,0.176,0.088,-47.285,32.783,-0.088,0.264,0.000,0.000,0.439,0.176,0.000,0.000,0.000,0.000,0.000,0.000,0.000,0.000,0.000,0.000,-47.133,32.667,0.000,0.000,0.000,0.000,0.000,0.000,0.006,2.4,11.30,32.0,0.000,0.000,0.000,0.006,0.000,0.000,0.006,0.000,0.006,0.000,0.006,0.000,0.000,0.006,0.000,0.000,0.006,0.006
110.0049,1100,0,move,-1,110.0049,110.0158,0,0.000,-0.088,0.176,-0.176,-0.088,0.088,-0.264,-0.088,0.176,0.088,-47.285,32.783,-0.088,0.264,0.000,0.000,0.439,0.176,0.000,0.000,0.000,0.000,0.000,0.000,0.000,0.000,0.000,0.000,-47.133,32.667,0.000,0.000,0.000,0.000,0.000,0.000,0.006,2.4,11.30,32.0,0.000,0.000,0.000,0.006,0.000,0.000,0.006,0.000,0.006,0.000,0.006,0.000,0.000,0.006,0.000,0.000,0.006,0.006
110.1048,1101,0,move,-1,110.1048,110.1168,0,0.000,-0.088,0.176,-0.176,-0.088,0.088,-0.264,-0.088,0.176,0.088,-47.285,32.783,-0.088,0.264,0.000,0.000,0.439,0.176,0.000,0.000,0.000,0.000,0.000,0.000,0.000,0.000,0.000,0.000,-47.133,32.667,0.000,0.000,0.000,0.000,0.000,0.000,0.013,4.8,11.30,31.0,0.000,0.000,0.000,0.006,0.000,0.000,0.000,0.000,0.000,0.000,0.000,0.000,0.000,0.006,0.000,0.000,0.013,0.000
110.2105,1102,0,move,-1,110.2105,110.2506,0,0.000,-0.088,0.176,-0.176,-0.088,0.088,-0.264,-0.088,0.176,0.088,-47.285,32.783,-0.088,0.264,0.000,0.000,0.439,0.176,0.000,0.000,0.000,0.000,0.000,0.000,0.000,0.000,0.000,0.000,-47.133,32.667,0.000,0.000,0.000,0.000,0.000,0.000,0.006,3.2,11.30,32.0,0.000,0.000,0.000,0.000,0.000,0.000,0.006,0.000,0.000,0.000,0.006,0.000,0.000,0.006,0.000,0.000,0.006,0.006
110.3048,1103,0,move,-1,110.3048,110.3178,0,0.000,-0.088,0.176,-0.176,-0.088,0.088,-0.264,-0.088,0.176,0.088,-47.285,32.783,-0.088,0.264,0.000,0.000,0.439,0.176,0.000,0.000,0.000,0.000,0.000,0.000,0.000,0.000,0.000,0.000,-47.133,32.667,0.000,0.000,0.000,0.000,0.000,0.000,0.006,3.2,11.30,32.0,0.000,0.000,0.000,0.000,0.000,0.000,0.006,0.000,0.000,0.000,0.006,0.000,0.000,0.006,0.000,0.000,0.006,0.006
110.4066,1104,0,move,-1,110.4066,110.4212,0,0.000,-0.088,0.176,-0.176,-0.088,0.088,-0.264,-0.088,0.176,0.088,-47.285,32.783,-0.088,0.264,0.000,0.000,0.439,0.176,0.000,0.000,0.000,0.000,0.000,0.000,0.000,0.000,0.000,0.000,-47.133,32.667,0.000,0.000,0.000,0.000,0.000,0.000,0.013,3.2,11.30,28.0,0.000,0.000,0.006,0.000,0.000,0.000,0.006,0.000,0.000,0.000,0.000,0.000,0.000,0.013,0.000,0.000,0.013,0.006
110.5048,1105,0,move,-1,110.5048,110.5146,0,0.000,-0.088,0.176,-0.176,-0.088,0.088,-0.264,-0.088,0.176,0.088,-47.285,32.783,-0.088,0.264,0.000,0.000,0.439,0.176,0.000,0.000,0.000,0.000,0.000,0.000,0.000,0.000,0.000,0.000,-47.133,32.667,0.000,0.000,0.000,0.000,0.000,0.000,0.013,3.2,11.30,28.0,0.000,0.000,0.006,0.000,0.000,0.000,0.006,0.000,0.000,0.000,0.000,0.000,0.000,0.013,0.000,0.000,0.013,0.006
110.6101,1106,0,move,-1,110.6101,110.6332,0,0.000,-0.088,0.176,-0.176,-0.088,0.088,-0.264,-0.088,0.176,0.088,-47.285,32.783,-0.088,0.264,0.000,0.000,0.439,0.176,0.000,0.000,0.000,0.000,0.000,0.000,0.000,0.000,0.000,0.000,-47.133,32.667,0.000,0.000,0.000,0.000,0.000,0.000,0.006,3.2,11.30,32.0,0.000,0.000,0.000,0.000,0.000,0.000,0.006,0.000,0.000,0.000,0.006,0.000,0.000,0.006,0.000,0.000,0.006,0.006
110.7168,1107,0,move,-1,110.7168,110.7312,0,0.000,-0.088,0.176,-0.176,-0.088,0.088,-0.264,-0.088,0.176,0.088,-47.285,32.783,-0.088,0.264,0.000,0.000,0.439,0.176,0.000,0.000,0.000,0.000,0.000,0.000,0.000,0.000,0.000,0.000,-47.133,32.667,0.000,0.000,0.000,0.000,0.000,0.000,0.006,3.2,11.30,32.0,0.000,0.000,0.000,0.000,0.000,0.000,0.006,0.000,0.000,0.000,0.006,0.000,0.000,0.006,0.000,0.000,0.006,0.006
110.8049,1108,0,move,-1,110.8049,110.8174,0,0.000,-0.088,0.176,-0.176,-0.088,0.088,-0.264,-0.088,0.176,0.088,-47.285,32.783,-0.088,0.264,0.000,0.000,0.439,0.176,0.000,0.000,0.000,0.000,0.000,0.000,0.000,0.000,0.000,0.000,-47.133,32.667,0.000,0.000,0.000,0.000,0.000,0.000,0.013,3.2,11.30,28.0,0.000,0.000,0.000,0.006,0.000,0.000,0.006,0.000,0.000,0.000,0.000,0.000,0.000,0.013,0.000,0.000,0.013,0.000
110.9048,1109,0,move,-1,110.9048,110.9163,0,0.000,-0.088,0.176,-0.176,-0.088,0.088,-0.264,-0.088,0.176,0.088,-47.285,32.783,-0.088,0.264,0.000,0.000,0.439,0.176,0.000,0.000,0.000,0.000,0.000,0.000,0.000,0.000,0.000,0.000,-47.133,32.667,0.000,0.000,0.000,0.000,0.000,0.000,0.013,3.2,11.30,28.0,0.000,0.000,0.000,0.006,0.000,0.000,0.006,0.000,0.000,0.000,0.000,0.000,0.000,0.013,0.000,0.000,0.013,0.000
111.0048,1110,0,move,-1,111.0048,111.0159,0,0.000,-0.088,0.176,-0.176,-0.088,0.088,-0.264,-0.088,0.176,0.088,-47.285,32.783,-0.088,0.264,0.000,0.000,0.439,0.176,0.000,0.000,0.000,0.000,0.000,0.000,0.000,0.000,0.000,0.000,-47.133,32.667,0.000,0.000,0.000,0.000,0.000,0.000,0.013,4.8,11.30,31.0,0.000,0.000,0.000,0.000,0.000,0.000,0.000,0.000,0.000,0.000,0.006,0.000,0.000,0.006,0.000,0.000,0.013,0.000
111.1048,1111,0,move,-1,111.1048,111.1118,0,0.000,-0.088,0.176,-0.176,-0.088,0.088,-0.264,-0.088,0.176,0.088,-47.285,32.783,-0.088,0.264,0.000,0.000,0.439,0.176,0.000,0.000,0.000,0.000,0.000,0.000,0.000,0.000,0.000,0.000,-47.133,32.667,0.000,0.000,0.000,0.000,0.000,0.000,0.013,4.8,11.30,31.0,0.000,0.000,0.000,0.000,0.000,0.000,0.000,0.000,0.000,0.000,0.006,0.000,0.000,0.006,0.000,0.000,0.013,0.000
111.2049,1112,0,move,-1,111.2049,111.2158,0,0.000,-0.088,0.176,-0.176,-0.088,0.088,-0.264,-0.088,0.176,0.088,-47.285,32.783,-0.088,0.264,0.000,0.000,0.439,0.176,0.000,0.000,0.000,0.000,0.000,0.000,0.000,0.000,0.000,0.000,-47.133,32.667,0.000,0.000,0.000,0.000,0.000,0.000,0.013,4.8,11.30,31.0,0.000,0.000,0.006,0.000,0.000,0.000,0.006,0.000,0.000,0.000,0.000,0.000,0.000,0.006,0.000,0.000,0.013,0.006
111.3049,1113,0,move,-1,111.3049,111.3183,0,0.000,-0.088,0.176,-0.176,-0.088,0.088,-0.264,-0.088,0.176,0.088,-47.285,32.783,-0.088,0.264,0.000,0.000,0.439,0.176,0.000,0.000,0.000,0.000,0.000,0.000,0.000,0.000,0.000,0.000,-47.133,32.667,0.000,0.000,0.000,0.000,0.000,0.000,0.006,3.2,11.30,32.0,0.000,0.000,0.000,0.000,0.000,0.000,0.006,0.000,0.006,0.000,0.000,0.000,0.000,0.006,0.000,0.000,0.006,0.000
111.4048,1114,0,move,-1,111.4048,111.4151,0,0.000,-0.088,0.176,-0.176,-0.088,0.088,-0.264,-0.088,0.176,0.088,-47.285,32.783,-0.088,0.264,0.000,0.000,0.439,0.176,0.000,0.000,0.000,0.000,0.000,0.000,0.000,0.000,0.000,0.000,-47.133,32.667,0.000,0.000,0.000,0.000,0.000,0.000,0.006,3.2,11.30,32.0,0.000,0.000,0.000,0.000,0.000,0.000,0.006,0.000,0.006,0.000,0.000,0.000,0.000,0.006,0.000,0.000,0.006,0.000
111.5088,1115,0,move,-1,111.5088,111.5660,0,0.000,-0.088,0.176,-0.176,-0.088,0.088,-0.264,-0.088,0.176,0.088,-47.285,32.783,-0.088,0.264,0.000,0.000,0.439,0.176,0.000,0.000,0.000,0.000,0.000,0.000,0.000,0.000,0.000,0.000,-47.133,32.667,0.000,0.000,0.000,0.000,0.000,0.000,0.006,3.2,11.30,32.0,0.000,0.000,0.000,0.000,0.000,0.000,0.006,0.000,0.000,0.000,0.006,0.000,0.000,0.006,0.000,0.000,0.006,0.006
111.6050,1116,0,move,-1,111.6050,111.6178,0,0.000,-0.088,0.176,-0.176,-0.088,0.088,-0.264,-0.088,0.176,0.088,-47.285,32.783,-0.088,0.264,0.000,0.000,0.439,0.176,0.000,0.000,0.000,0.000,0.000,0.000,0.000,0.000,0.000,0.000,-47.133,32.667,0.000,0.000,0.000,0.000,0.000,0.000,0.006,3.2,11.30,32.0,0.000,0.000,0.000,0.000,0.000,0.000,0.006,0.000,0.000,0.000,0.006,0.000,0.000,0.006,0.000,0.000,0.006,0.006
111.7049,1117,0,move,-1,111.7049,111.7182,0,0.000,-0.088,0.176,-0.176,-0.088,0.088,-0.264,-0.088,0.176,0.088,-47.285,32.783,-0.088,0.264,0.000,0.000,0.439,0.176,0.000,0.000,0.000,0.000,0.000,0.000,0.000,0.000,0.000,0.000,-47.133,32.667,0.000,0.000,0.000,0.000,0.000,0.000,0.013,4.8,11.30,31.0,0.000,0.000,0.000,0.000,0.000,0.000,0.000,0.000,0.000,0.000,0.000,0.000,0.000,0.006,0.000,0.000,0.013,0.000
111.8048,1118,0,move,-1,111.8048,111.8163,0,0.000,-0.088,0.176,-0.176,-0.088,0.088,-0.264,-0.088,0.176,0.088,-47.285,32.783,-0.088,0.264,0.000,0.000,0.439,0.176,0.000,0.000,0.000,0.000,0.000,0.000,0.000,0.000,0.000,0.000,-47.133,32.667,0.000,0.000,0.000,0.000,0.000,0.000,0.013,4.8,11.30,31.0,0.000,0.000,0.000,0.000,0.000,0.000,0.000,0.000,0.000,0.000,0.000,0.000,0.000,0.006,0.000,0.000,0.013,0.000
111.9049,1119,0,move,-1,111.9049,111.9174,0,0.000,-0.088,0.176,-0.176,-0.088,0.088,-0.264,-0.088,0.176,0.088,-47.285,32.783,-0.088,0.264,0.000,0.000,0.439,0.176,0.000,0.000,0.000,0.000,0.000,0.000,0.000,0.000,0.000,0.000,-47.133,32.667,0.000,0.000,0.000,0.000,0.000,0.000,0.006,2.4,11.30,32.0,0.000,0.000,0.000,0.006,0.000,0.000,0.000,0.000,0.000,0.000,0.006,0.000,0.000,0.006,0.000,0.000,0.006,0.006
112.0049,1120,0,move,-1,112.0049,112.0160,0,0.000,-0.088,0.176,-0.176,-0.088,0.088,-0.264,-0.088,0.176,0.088,-47.285,32.783,-0.088,0.264,0.000,0.000,0.439,0.176,0.000,0.000,0.000,0.000,0.000,0.000,0.000,0.000,0.000,0.000,-47.033,32.619,0.000,0.000,0.000,0.000,0.000,0.000,0.006,2.4,11.30,32.0,0.000,0.000,0.000,0.006,0.000,0.000,0.000,0.000,0.000,0.000,0.006,0.000,0.000,0.006,0.000,0.000,0.006,0.006
112.1077,1121,0,move,-1,112.1077,112.1221,0,0.000,-0.088,0.176,-0.176,-0.088,0.088,-0.264,-0.088,0.176,0.088,-47.109,32.695,-0.088,0.264,0.000,0.000,0.439,0.176,0.000,0.000,0.000,0.000,0.000,0.000,0.000,0.000,0.000,0.000,-46.742,32.477,0.000,0.000,0.000,0.000,0.000,0.000,0.006,2.4,11.30,32.0,0.000,0.000,0.000,0.006,0.000,0.000,0.000,0.000,0.000,0.000,0.000,0.000,0.000,0.006,0.000,0.000,0.006,0.006
112.2050,1122,0,move,-1,112.2050,112.2186,0,0.000,-0.088,0.176,-0.176,-0.088,0.088,-0.264,-0.088,0.176,0.088,-47.109,32.520,-0.088,0.264,0.000,0.000,0.439,0.176,0.000,0.000,0.000,0.000,0.000,0.000,0.000,0.000,0.000,0.000,-46.288,32.255,0.000,0.000,0.000,0.000,0.000,0.000,0.006,2.4,11.30,32.0,0.000,0.000,0.000,0.006,0.000,0.000,0.000,0.000,0.000,0.000,0.000,0.000,0.000,0.006,0.000,0.000,0.006,0.006
112.3048,1123,0,move,-1,112.3048,112.3172,0,0.000,-0.088,0.176,-0.176,-0.088,0.088,-0.264,-0.088,0.176,0.088,-46.758,32.256,-0.088,0.264,0.000,0.000,0.439,0.176,0.000,0.000,0.000,0.000,0.000,0.000,0.000,0.000,0.000,0.000,-45.712,31.972,0.000,0.000,0.000,0.000,0.000,0.000,0.006,2.4,11.30,32.0,0.000,0.000,0.000,0.006,0.000,0.000,0.006,0.000,0.006,0.000,0.000,0.000,0.000,0.006,0.000,0.000,0.006,0.000
112.4048,1124,0,move,-1,112.4048,112.4173,0,0.000,-0.088,0.176,-0.176,-0.088,0.088,-0.264,-0.088,0.176,0.088,-46.143,32.080,-0.088,0.264,0.000,0.000,0.439,0.176,0.000,0.000,0.000,0.000,0.000,0.000,0.000,0.000,0.000,0.000,-45.069,31.653,0.000,0.000,0.000,0.000,0.000,0.000,0.006,2.4,11.30,32.0,0.000,0.000,0.006,0.006,0.000,0.000,0.000,0.000,0.006,0.000,0.000,0.000,0.000,0.006,0.000,0.000,0.006,0.006
112.5048,1125,0,move,-1,112.5048,112.5112,0,0.000,-0.088,0.176,-0.176,-0.088,0.088,-0.264,-0.088,0.176,0.088,-45.615,31.729,-0.088,0.264,0.000,0.000,0.439,0.176,0.000,0.000,0.000,0.000,0.000,0.000,0.000,0.000,0.000,0.000,-44.421,31.329,0.000,0.000,0.000,0.000,0.000,0.000,0.006,2.4,11.30,32.0,0.000,0.000,0.006,0.006,0.000,0.000,0.000,0.000,0.006,0.000,0.000,0.000,0.000,0.006,0.000,0.000,0.006,0.006
112.6049,1126,0,move,-1,112.6049,112.6166,0,0.000,-0.088,0.176,-0.176,-0.088,0.088,-0.264,-0.088,0.176,0.088,-44.912,31.289,-0.088,0.264,0.000,0.000,0.439,0.176,0.000,0.000,0.000,0.000,0.000,0.000,0.000,0.000,0.000,0.000,-43.833,31.033,0.000,0.000,0.000,0.000,0.000,0.000,0.013,3.6,11.40,29.0,0.000,0.000,0.000,0.000,0.000,0.000,0.006,0.000,0.000,0.000,0.006,0.013,0.000,0.006,0.000,0.000,0.006,0.006
112.7049,1127,0,move,-1,112.7049,112.7181,0,0.000,-0.088,0.176,-0.176,-0.088,0.088,-0.264,-0.088,0.176,0.088,-44.209,31.025,-0.088,0.264,0.000,0.000,0.439,0.176,0.000,0.000,0.000,0.000,0.000,0.000,0.000,0.000,0.000,0.000,-43.362,30.795,0.000,0.000,0.000,0.000,0.000,0.000,0.006,3.2,11.20,32.0,0.000,0.000,0.000,0.000,0.000,0.000,0.006,0.000,0.000,0.000,0.000,0.000,0.000,0.006,0.000,0.000,0.006,0.006
112.8106,1128,0,move,-1,112.8106,112.8516,0,0.000,-0.088,0.176,-0.176,-0.088,0.088,-0.264,-0.088,0.176,0.088,-43.506,30.762,-0.088,0.264,0.000,0.000,0.439,0.176,0.000,0.000,0.000,0.000,0.000,0.000,0.000,0.000,0.000,0.000,-43.059,30.640,0.000,0.000,0.000,0.000,0.000,0.000,0.006,2.4,11.30,32.0,0.000,0.000,0.006,0.000,0.000,0.000,0.006,0.000,0.000,0.000,0.000,0.006,0.000,0.006,0.000,0.000,0.006,0.006
112.9050,1129,0,move,-1,112.9050,112.9172,0,0.000,-0.088,0.176,-0.176,-0.088,0.088,-0.264,-0.088,0.176,0.088,-43.154,30.674,-0.088,0.264,0.000,0.000,0.439,0.176,0.000,0.000,0.000,0.000,0.000,0.000,0.000,0.000,0.000,0.000,-42.955,30.587,0.000,0.000,0.000,0.000,0.000,0.000,0.006,2.4,11.30,32.0,0.000,0.000,0.006,0.000,0.000,0.000,0.006,0.000,0.000,0.000,0.000,0.006,0.000,0.006,0.000,0.000,0.006,0.006
113.0050,1130,0,move,-1,113.0050,113.0171,0,0.000,-0.088,0.176,-0.176,-0.088,0.088,-0.264,-0.088,0.176,0.088,-43.154,30.674,-0.088,0.264,0.000,0.000,0.439,0.176,0.000,0.000,0.000,0.000,0.000,0.000,0.000,0.000,0.000,0.000,-42.955,30.587,0.000,0.000,0.000,0.000,0.000,0.000,0.013,4.8,11.30,31.0,0.000,0.000,0.000,0.006,0.000,0.000,0.000,0.000,0.006,0.000,0.000,0.000,0.000,0.006,0.000,0.000,0.013,0.000
113.1057,1131,0,move,-1,113.1057,113.1160,0,0.000,-0.088,0.176,-0.176,-0.088,0.088,-0.264,-0.088,0.176,0.088,-43.154,30.674,-0.088,0.264,0.000,0.000,0.439,0.176,0.000,0.000,0.000,0.000,0.000,0.000,0.000,0.000,0.000,0.000,-42.955,30.587,0.000,0.000,0.000,0.000,0.000,0.000,0.013,4.8,11.30,31.0,0.000,0.000,0.000,0.006,0.000,0.000,0.000,0.000,0.006,0.000,0.000,0.000,0.000,0.006,0.000,0.000,0.013,0.000
113.2049,1132,0,move,-1,113.2049,113.2175,0,0.000,-0.088,0.176,-0.176,-0.088,0.088,-0.264,-0.088,0.176,0.088,-43.154,30.674,-0.088,0.264,0.000,0.000,0.439,0.176,0.000,0.000,0.000,0.000,0.000,0.000,0.000,0.000,0.000,0.000,-42.955,30.587,0.000,0.000,0.000,0.000,0.000,0.000,0.006,3.2,11.30,32.0,0.000,0.000,0.000,0.000,0.000,0.000,0.006,0.000,0.006,0.000,0.006,0.000,0.000,0.006,0.000,0.000,0.006,0.000
113.3049,1133,0,move,-1,113.3049,113.3158,0,0.000,-0.088,0.176,-0.176,-0.088,0.088,-0.264,-0.088,0.176,0.088,-43.154,30.674,-0.088,0.264,0.000,0.000,0.439,0.176,0.000,0.000,0.000,0.000,0.000,0.000,0.000,0.000,0.000,0.000,-42.955,30.587,0.000,0.000,0.000,0.000,0.000,0.000,0.006,3.2,11.30,32.0,0.000,0.000,0.000,0.000,0.000,0.000,0.006,0.000,0.006,0.000,0.006,0.000,0.000,0.006,0.000,0.000,0.006,0.000
113.4051,1134,0,move,-1,113.4051,113.4371,0,0.000,-0.088,0.176,-0.176,-0.088,0.088,-0.264,-0.088,0.176,0.088,-43.154,30.674,-0.088,0.264,0.000,0.000,0.439,0.176,0.000,0.000,0.000,0.000,0.000,0.000,0.000,0.000,0.000,0.000,-42.955,30.587,0.000,0.000,0.000,0.000,0.000,0.000,0.013,3.2,11.30,28.0,0.000,0.000,0.000,0.000,0.000,0.000,0.006,0.000,0.006,0.000,0.006,0.000,0.000,0.013,0.000,0.000,0.006,0.006
113.5048,1135,0,move,-1,113.5048,113.5162,0,0.000,-0.088,0.176,-0.176,-0.088,0.088,-0.264,-0.088,0.176,0.088,-43.154,30.674,-0.088,0.264,0.000,0.000,0.439,0.176,0.000,0.000,0.000,0.000,0.000,0.000,0.000,0.000,0.000,0.000,-42.955,30.587,0.000,0.000,0.000,0.000,0.000,0.000,0.013,3.2,11.30,28.0,0.000,0.000,0.000,0.000,0.000,0.000,0.006,0.000,0.006,0.000,0.006,0.000,0.000,0.013,0.000,0.000,0.006,0.006
113.6050,1136,0,move,-1,113.6050,113.6158,0,0.000,-0.088,0.176,-0.176,-0.088,0.088,-0.264,-0.088,0.176,0.088,-43.154,30.674,-0.088,0.264,0.000,0.000,0.439,0.176,0.000,0.000,0.000,0.000,0.000,0.000,0.000,0.000,0.000,0.000,-42.955,30.587,0.000,0.000,0.000,0.000,0.000,0.000,0.006,3.2,11.20,32.0,0.000,0.000,0.000,0.000,0.000,0.000,0.006,0.000,0.000,0.000,0.000,0.000,0.000,0.006,0.000,0.000,0.006,0.000
113.7048,1137,0,move,-1,113.7048,113.7141,0,0.000,-0.088,0.176,-0.176,-0.088,0.088,-0.264,-0.088,0.176,0.088,-43.154,30.674,-0.088,0.264,0.000,0.000,0.439,0.176,0.000,0.000,0.000,0.000,0.000,0.000,0.000,0.000,0.000,0.000,-42.955,30.587,0.000,0.000,0.000,0.000,0.000,0.000,0.006,3.2,11.20,32.0,0.000,0.000,0.000,0.000,0.000,0.000,0.006,0.000,0.000,0.000,0.000,0.000,0.000,0.006,0.000,0.000,0.006,0.000
113.8048,1138,0,move,-1,113.8048,113.8157,0,0.000,-0.088,0.176,-0.176,-0.088,0.088,-0.264,-0.088,0.176,0.088,-43.154,30.674,-0.088,0.264,0.000,0.000,0.439,0.176,0.000,0.000,0.000,0.000,0.000,0.000,0.000,0.000,0.000,0.000,-42.955,30.587,0.000,0.000,0.000,0.000,0.000,0.000,0.006,3.2,11.30,28.0,0.000,0.000,0.000,0.000,0.000,0.000,0.000,0.000,0.000,0.000,0.000,0.000,0.000,0.006,0.000,0.000,0.006,0.006
113.9048,1139,0,move,-1,113.9048,113.9173,0,0.000,-0.088,0.176,-0.176,-0.088,0.088,-0.264,-0.088,0.176,0.088,-43.154,30.674,-0.088,0.264,0.000,0.000,0.439,0.176,0.000,0.000,0.000,0.000,0.000,0.000,0.000,0.000,0.000,0.000,-42.955,30.587,0.000,0.000,0.000,0.000,0.000,0.000,0.013,3.2,11.30,28.0,0.000,0.000,0.000,0.000,0.000,0.000,0.006,0.000,0.000,0.000,0.006,0.000,0.000,0.013,0.000,0.000,0.006,0.006
114.0049,1140,0,move,-1,114.0049,114.0155,0,0.000,-0.088,0.176,-0.176,-0.088,0.088,-0.264,-0.088,0.176,0.088,-43.154,30.674,-0.088,0.264,0.000,0.000,0.439,0.176,0.000,0.000,0.000,0.000,0.000,0.000,0.000,0.000,0.000,0.000,-42.955,30.587,0.000,0.000,0.000,0.000,0.000,0.000,0.013,3.2,11.30,28.0,0.000,0.000,0.000,0.000,0.000,0.000,0.006,0.000,0.000,0.000,0.006,0.000,0.000,0.013,0.000,0.000,0.006,0.006
114.1048,1141,0,move,-1,114.1048,114.1181,0,0.000,-0.088,0.176,-0.176,-0.088,0.088,-0.264,-0.088,0.176,0.088,-43.154,30.674,-0.088,0.264,0.000,0.000,0.439,0.176,0.000,0.000,0.000,0.000,0.000,0.000,0.000,0.000,0.000,0.000,-42.955,30.587,0.000,0.000,0.000,0.000,0.000,0.000,0.013,4.8,11.30,31.0,0.000,0.000,0.000,0.000,0.000,0.000,0.006,0.000,0.000,0.000,0.000,0.000,0.000,0.006,0.000,0.000,0.013,0.006
114.2049,1142,0,move,-1,114.2049,114.2194,0,0.000,-0.088,0.176,-0.176,-0.088,0.088,-0.264,-0.088,0.176,0.088,-43.154,30.674,-0.088,0.264,0.000,0.000,0.439,0.176,0.000,0.000,0.000,0.000,0.000,0.000,0.000,0.000,0.000,0.000,-42.955,30.587,0.000,0.000,0.000,0.000,0.000,0.000,0.013,3.2,11.30,28.0,0.000,0.000,0.000,0.006,0.000,0.000,0.006,0.000,0.000,0.000,0.006,0.000,0.000,0.013,0.000,0.000,0.013,0.006
114.3048,1143,0,move,-1,114.3048,114.3184,0,0.000,-0.088,0.176,-0.176,-0.088,0.088,-0.264,-0.088,0.176,0.088,-43.154,30.674,-0.088,0.264,0.000,0.000,0.439,0.176,0.000,0.000,0.000,0.000,0.000,0.000,0.000,0.000,0.000,0.000,-42.955,30.587,0.000,0.000,0.000,0.000,0.000,0.000,0.013,3.2,11.30,28.0,0.000,0.000,0.000,0.006,0.000,0.000,0.006,0.000,0.000,0.000,0.006,0.000,0.000,0.013,0.000,0.000,0.013,0.006
114.4048,1144,0,move,-1,114.4048,114.4186,0,0.000,-0.088,0.176,-0.176,-0.088,0.088,-0.264,-0.088,0.176,0.088,-43.154,30.674,-0.088,0.264,0.000,0.000,0.439,0.176,0.000,0.000,0.000,0.000,0.000,0.000,0.000,0.000,0.000,0.000,-42.955,30.587,0.000,0.000,0.000,0.000,0.000,0.000,0.006,2.8,11.30,32.0,0.000,0.000,0.006,0.000,0.000,0.000,0.000,0.000,0.000,0.000,0.000,0.000,0.000,0.006,0.000,0.000,0.006,0.000
114.5048,1145,0,move,-1,114.5048,114.5153,0,0.000,-0.088,0.176,-0.176,-0.088,0.088,-0.264,-0.088,0.176,0.088,-43.154,30.674,-0.088,0.264,0.000,0.000,0.439,0.176,0.000,0.000,0.000,0.000,0.000,0.000,0.000,0.000,0.000,0.000,-42.955,30.587,0.000,0.000,0.000,0.000,0.000,0.000,0.006,2.8,11.30,32.0,0.000,0.000,0.006,0.000,0.000,0.000,0.000,0.000,0.000,0.000,0.000,0.000,0.000,0.006,0.000,0.000,0.006,0.000
114.6088,1146,0,move,-1,114.6088,114.6316,0,0.000,-0.088,0.176,-0.176,-0.088,0.088,-0.264,-0.088,0.176,0.088,-43.154,30.674,-0.088,0.264,0.000,0.000,0.439,0.176,0.000,0.000,0.000,0.000,0.000,0.000,0.000,0.000,0.000,0.000,-42.955,30.587,0.000,0.000,0.000,0.000,0.000,0.000,0.013,4.8,11.30,31.0,0.000,0.000,0.000,0.000,0.000,0.000,0.006,0.000,0.000,0.000,0.000,0.000,0.000,0.006,0.000,0.000,0.013,0.000
114.7048,1147,0,move,-1,114.7048,114.7154,0,0.000,-0.088,0.176,-0.176,-0.088,0.088,-0.264,-0.088,0.176,0.088,-43.154,30.674,-0.088,0.264,0.000,0.000,0.439,0.176,0.000,0.000,0.000,0.000,0.000,0.000,0.000,0.000,0.000,0.000,-42.955,30.587,0.000,0.000,0.000,0.000,0.000,0.000,0.013,4.8,11.30,31.0,0.000,0.000,0.000,0.000,0.000,0.000,0.006,0.000,0.000,0.000,0.000,0.000,0.000,0.006,0.000,0.000,0.013,0.000
114.8049,1148,0,move,-1,114.8049,114.8168,0,0.000,-0.088,0.176,-0.176,-0.088,0.088,-0.264,-0.088,0.176,0.088,-43.154,30.674,-0.088,0.264,0.000,0.000,0.439,0.176,0.000,0.000,0.000,0.000,0.000,0.000,0.000,0.000,0.000,0.000,-42.955,30.587,0.000,0.000,0.000,0.000,0.000,0.000,0.006,3.2,11.30,28.0,0.000,0.000,0.000,0.000,0.000,0.000,0.000,0.000,0.000,0.000,0.000,0.000,0.000,0.006,0.000,0.000,0.006,0.000
114.9049,1149,0,move,-1,114.9049,114.9148,0,0.000,-0.088,0.176,-0.176,-0.088,0.088,-0.264,-0.088,0.176,0.088,-43.154,30.674,-0.088,0.264,0.000,0.000,0.439,0.176,0.000,0.000,0.000,0.000,0.000,0.000,0.000,0.000,0.000,0.000,-42.955,30.587,0.000,0.000,0.000,0.000,0.000,0.000,0.006,3.2,11.30,28.0,0.000,0.000,0.000,0.000,0.000,0.000,0.000,0.000,0.000,0.000,0.000,0.000,0.000,0.006,0.000,0.000,0.006,0.000
115.0048,1150,0,move,-1,115.0048,115.0190,0,0.000,-0.088,0.176,-0.176,-0.088,0.088,-0.264,-0.088,0.176,0.088,-43.154,30.674,-0.088,0.264,0.000,0.000,0.439,0.176,0.000,0.000,0.000,0.000,0.000,0.000,0.000,0.000,0.000,0.000,-42.955,30.587,0.000,0.000,0.000,0.000,0.000,0.000,0.013,4.8,11.30,31.0,0.000,0.000,0.000,0.000,0.000,0.000,0.000,0.000,0.000,0.000,0.006,0.000,0.000,0.006,0.000,0.000,0.013,0.000
115.1049,1151,0,move,-1,115.1049,115.1167,0,0.000,-0.088,0.176,-0.176,-0.088,0.088,-0.264,-0.088,0.176,0.088,-43.154,30.674,-0.088,0.264,0.000,0.000,0.439,0.176,0.000,0.000,0.000,0.000,0.000,0.000,0.000,0.000,0.000,0.000,-42.955,30.587,0.000,0.000,0.000,0.000,0.000,0.000,0.013,4.8,11.30,31.0,0.000,0.000,0.000,0.000,0.000,0.000,0.000,0.000,0.000,0.000,0.006,0.000,0.000,0.006,0.000,0.000,0.013,0.000
115.2100,1152,0,move,-1,115.2100,115.2304,0,0.000,-0.088,0.176,-0.176,-0.088,0.088,-0.264,-0.088,0.176,0.088,-43.154,30.674,-0.088,0.264,0.000,0.000,0.439,0.176,0.000,0.000,0.000,0.000,0.000,0.000,0.000,0.000,0.000,0.000,-42.955,30.587,0.000,0.000,0.000,0.000,0.000,0.000,0.013,3.2,11.30,28.0,0.000,0.000,0.000,0.000,0.000,0.000,0.006,0.000,0.006,0.000,0.000,0.000,0.000,0.013,0.000,0.000,0.006,0.006
115.3124,1153,0,move,-1,115.3124,115.3252,0,0.000,-0.088,0.176,-0.176,-0.088,0.088,-0.264,-0.088,0.176,0.088,-43.154,30.674,-0.088,0.264,0.000,0.000,0.439,0.176,0.000,0.000,0.000,0.000,0.000,0.000,0.000,0.000,0.000,0.000,-42.955,30.587,0.000,0.000,0.000,0.000,0.000,0.000,0.013,3.2,11.30,28.0,0.000,0.000,0.000,0.000,0.000,0.000,0.006,0.000,0.006,0.000,0.000,0.000,0.000,0.013,0.000,0.000,0.006,0.006
115.4049,1154,0,move,-1,115.4049,115.4176,0,0.000,-0.088,0.176,-0.176,-0.088,0.088,-0.264,-0.088,0.176,0.088,-43.154,30.674,-0.088,0.264,0.000,0.000,0.439,0.176,0.000,0.000,0.000,0.000,0.000,0.000,0.000,0.000,0.000,0.000,-42.955,30.587,0.000,0.000,0.000,0.000,0.000,0.000,0.013,3.2,11.30,28.0,0.000,0.000,0.000,0.000,0.000,0.000,0.000,0.000,0.000,0.000,0.006,0.000,0.000,0.013,0.000,0.000,0.006,0.006
115.5048,1155,0,move,-1,115.5048,115.5160,0,0.000,-0.088,0.176,-0.176,-0.088,0.088,-0.264,-0.088,0.176,0.088,-43.154,30.674,-0.088,0.264,0.000,0.000,0.439,0.176,0.000,0.000,0.000,0.000,0.000,0.000,0.000,0.000,0.000,0.000,-42.955,30.587,0.000,0.000,0.000,0.000,0.000,0.000,0.013,3.2,11.30,28.0,0.000,0.000,0.000,0.000,0.000,0.000,0.000,0.000,0.000,0.000,0.006,0.000,0.000,0.013,0.000,0.000,0.006,0.006
115.6049,1156,0,move,-1,115.6049,115.6180,0,0.000,-0.088,0.176,-0.176,-0.088,0.088,-0.264,-0.088,0.176,0.088,-43.154,30.674,-0.088,0.264,0.000,0.000,0.439,0.176,0.000,0.000,0.000,0.000,0.000,0.000,0.000,0.000,0.000,0.000,-42.955,30.587,0.000,0.000,0.000,0.000,0.000,0.000,0.013,3.2,11.30,28.0,0.000,0.000,0.000,0.000,0.000,0.000,0.006,0.000,0.006,0.000,0.006,0.000,0.000,0.013,0.000,0.000,0.006,0.006
115.7088,1157,0,move,-1,115.7088,115.7308,0,0.000,-0.088,0.176,-0.176,-0.088,0.088,-0.264,-0.088,0.176,0.088,-43.154,30.674,-0.088,0.264,0.000,0.000,0.439,0.176,0.000,0.000,0.000,0.000,0.000,0.000,0.000,0.000,0.000,0.000,-42.955,30.587,0.000,0.000,0.000,0.000,0.000,0.000,0.013,3.2,11.30,28.0,0.000,0.000,0.000,0.000,0.000,0.000,0.000,0.000,0.000,0.000,0.000,0.000,0.000,0.013,0.000,0.000,0.013,0.000
115.8048,1158,0,move,-1,115.8048,115.8153,0,0.000,-0.088,0.176,-0.176,-0.088,0.088,-0.264,-0.088,0.176,0.088,-43.154,30.674,-0.088,0.264,0.000,0.000,0.439,0.176,0.000,0.000,0.000,0.000,0.000,0.000,0.000,0.000,0.000,0.000,-42.955,30.587,0.000,0.000,0.000,0.000,0.000,0.000,0.013,3.2,11.30,28.0,0.000,0.000,0.000,0.000,0.000,0.000,0.000,0.000,0.000,0.000,0.000,0.000,0.000,0.013,0.000,0.000,0.013,0.000
115.9048,1159,0,move,-1,115.9048,115.9163,0,0.000,-0.088,0.176,-0.176,-0.088,0.088,-0.264,-0.088,0.176,0.088,-43.154,30.674,-0.088,0.264,0.000,0.000,0.439,0.176,0.000,0.000,0.000,0.000,0.000,0.000,0.000,0.000,0.000,0.000,-42.955,30.587,0.000,0.000,0.000,0.000,0.000,0.000,0.013,3.2,11.30,28.0,0.000,0.000,0.000,0.006,0.000,0.000,0.006,0.000,0.000,0.000,0.006,0.000,0.000,0.013,0.000,0.000,0.006,0.000
116.0048,1160,0,move,-1,116.0048,116.0118,0,0.000,-0.088,0.176,-0.176,-0.088,0.088,-0.264,-0.088,0.176,0.088,-43.154,30.674,-0.088,0.264,0.000,0.000,0.439,0.176,0.000,0.000,0.000,0.000,0.000,0.000,0.000,0.000,0.000,0.000,-43.059,30.640,0.000,0.000,0.000,0.000,0.000,0.000,0.013,3.2,11.30,28.0,0.000,0.000,0.000,0.006,0.000,0.000,0.006,0.000,0.000,0.000,0.006,0.000,0.000,0.013,0.000,0.000,0.006,0.000
116.1049,1161,0,move,-1,116.1049,116.1182,0,0.000,-0.088,0.176,-0.176,-0.088,0.088,-0.264,-0.088,0.176,0.088,-43.154,30.674,-0.088,0.264,0.000,0.000,0.439,0.176,0.000,0.000,0.000,0.000,0.000,0.000,0.000,0.000,0.000,0.000,-43.362,30.795,0.000,0.000,0.000,0.000,0.000,0.000,0.006,2.4,11.30,32.0,0.000,0.000,0.000,0.006,0.000,0.000,0.006,0.000,0.000,0.000,0.000,0.000,0.000,0.006,0.000,0.000,0.006,0.006
116.2048,1162,0,move,-1,116.2048,116.2157,0,0.000,-0.088,0.176,-0.176,-0.088,0.088,-0.264,-0.088,0.176,0.088,-43.154,30.674,-0.088,0.264,0.000,0.000,0.439,0.176,0.000,0.000,0.000,0.000,0.000,0.000,0.000,0.000,0.000,0.000,-43.833,31.033,0.000,0.000,0.000,0.000,0.000,0.000,0.006,2.4,11.30,32.0,0.000,0.000,0.000,0.006,0.000,0.000,0.006,0.000,0.000,0.000,0.000,0.000,0.000,0.006,0.000,0.000,0.006,0.006
116.3049,1163,0,move,-1,116.3049,116.3167,0,0.000,-0.088,0.176,-0.176,-0.088,0.088,-0.264,-0.088,0.176,0.088,-43.154,31.113,-0.088,0.264,0.000,0.000,0.439,0.176,0.000,0.000,0.000,0.000,0.000,0.000,0.000,0.000,0.000,0.000,-44.421,31.329,0.000,0.000,0.000,0.000,0.000,0.000,0.013,6.8,11.30,31.0,0.000,0.000,0.000,0.006,0.000,0.000,0.000,0.000,0.006,0.000,0.013,0.013,0.000,0.013,0.000,0.000,0.013,0.006
116.4049,1164,0,move,-1,116.4049,116.4203,0,0.000,-0.088,0.176,-0.176,-0.088,0.088,-0.264,-0.088,0.176,0.088,-43.857,31.201,-0.088,0.264,0.000,0.000,0.439,0.176,0.000,0.000,0.000,0.000,0.000,0.000,0.000,0.000,0.000,0.000,-45.069,31.653,0.000,0.000,0.000,0.000,0.000,0.000,0.013,7.2,11.30,31.0,0.000,0.000,0.000,0.000,0.000,0.000,0.000,0.000,0.000,0.000,0.013,0.000,,0.013,0.000,0.000,0.013,0.000
116.5049,1165,0,move,-1,116.5049,116.5192,0,0.000,-0.088,0.176,-0.176,-0.088,0.088,-0.264,-0.088,0.176,0.088,-44.473,31.641,-0.088,0.264,0.000,0.000,0.439,0.176,0.000,0.000,0.000,0.000,0.000,0.000,0.000,0.000,0.000,0.000,-45.712,31.972,0.000,0.000,0.000,0.000,0.000,0.000,0.013,7.2,11.30,31.0,0.000,0.000,0.000,0.000,0.000,0.000,0.000,0.000,0.000,0.000,0.013,0.000,,0.013,0.000,0.000,0.013,0.000
116.6049,1166,0,move,-1,116.6049,116.6166,0,0.000,-0.088,0.176,-0.176,-0.088,0.088,-0.264,-0.088,0.176,0.088,-44.561,31.904,-0.088,0.264,0.000,0.000,0.439,0.176,0.000,0.000,0.000,0.000,0.000,0.000,0.000,0.000,0.000,0.000,-46.288,32.255,0.000,0.000,0.000,0.000,0.000,0.000,0.013,7.2,11.30,31.0,0.000,0.000,0.000,0.000,0.000,0.000,0.000,0.000,0.006,0.000,0.013,0.013,0.000,0.006,0.000,0.000,0.006,0.000
116.7049,1167,0,move,-1,116.7049,116.7149,0,0.000,-0.088,0.176,-0.176,-0.088,0.088,-0.264,-0.088,0.176,0.088,-45.527,32.256,-0.088,0.264,0.000,0.000,0.439,0.176,0.000,0.000,0.000,0.000,0.000,0.000,0.000,0.000,0.000,0.000,-46.742,32.477,0.000,0.000,0.000,0.000,0.000,0.000,0.013,7.2,11.30,31.0,0.000,0.000,0.000,0.000,0.000,0.000,0.000,0.000,0.006,0.000,0.013,0.013,0.000,0.006,0.000,0.000,0.006,0.000
116.8050,1168,0,move,-1,116.8050,116.8166,0,0.000,-0.088,0.176,-0.176,-0.088,0.088,-0.264,-0.088,0.176,0.088,-46.230,32.520,-0.088,0.264,0.000,0.000,0.439,0.176,0.000,0.000,0.000,0.000,0.000,0.000,0.000,0.000,0.000,0.000,-47.033,32.619,0.000,0.000,0.000,0.000,0.000,0.000,0.013,6.8,11.20,31.0,0.000,0.000,0.000,0.000,0.000,0.000,0.006,0.000,0.006,0.000,0.013,0.000,0.000,0.013,0.000,0.000,0.006,0.006
116.9050,1169,0,move,-1,116.9050,116.9197,0,0.000,-0.088,0.176,-0.176,-0.088,0.088,-0.264,-0.088,0.176,0.088,-46.582,32.607,-0.088,0.264,0.000,0.000,0.439,0.176,0.000,0.000,0.000,0.000,0.000,0.000,0.000,0.000,0.000,0.000,-47.133,32.667,0.000,0.000,0.000,0.000,0.000,0.000,0.006,3.2,11.30,32.0,0.000,0.000,0.000,0.000,0.000,0.000,0.006,0.000,0.000,0.000,0.006,0.000,0.000,0.006,0.000,0.000,0.006,0.000
117.0099,1170,0,move,-1,117.0099,117.1063,0,0.000,-0.088,0.176,-0.176,-0.088,0.088,-0.264,-0.088,0.176,0.088,-46.582,32.607,-0.088,0.264,0.000,0.000,0.439,0.176,0.000,0.000,0.000,0.000,0.000,0.000,0.000,0.000,0.000,0.000,-47.133,32.667,0.000,0.000,0.000,0.000,0.000,0.000,0.013,5.6,11.30,30.0,0.000,0.000,0.006,0.000,0.000,0.000,0.006,0.000,0.000,0.000,0.013,0.000,0.000,0.006,0.000,0.000,0.013,0.006
117.1165,1171,0,move,-1,117.1165,117.1316,0,0.000,-0.088,0.176,-0.176,-0.088,0.088,-0.264,-0.088,0.176,0.088,-46.582,32.607,-0.088,0.264,0.000,0.000,0.439,0.176,0.000,0.000,0.000,0.000,0.000,0.000,0.000,0.000,0.000,0.000,-47.133,32.667,0.000,0.000,0.000,0.000,0.000,0.000,0.013,5.6,11.30,30.0,0.000,0.000,0.006,0.000,0.000,0.000,0.006,0.000,0.000,0.000,0.013,0.000,0.000,0.006,0.000,0.000,0.013,0.006
117.2047,1172,0,move,-1,117.2047,117.2150,0,0.000,-0.088,0.176,-0.176,-0.088,0.088,-0.264,-0.088,0.176,0.088,-46.582,32.607,-0.088,0.264,0.000,0.000,0.439,0.176,0.000,0.000,0.000,0.000,0.000,0.000,0.000,0.000,0.000,0.000,-47.133,32.667,0.000,0.000,0.000,0.000,0.000,0.000,0.013,5.6,11.30,31.0,0.000,0.000,0.000,0.006,0.000,0.000,0.000,0.000,0.006,0.000,0.013,0.000,0.000,0.006,0.000,0.000,0.006,0.000
117.3048,1173,0,move,-1,117.3048,117.3167,0,0.000,-0.088,0.176,-0.176,-0.088,0.088,-0.264,-0.088,0.176,0.088,-46.582,32.607,-0.088,0.264,0.000,0.000,0.439,0.176,0.000,0.000,0.000,0.000,0.000,0.000,0.000,0.000,0.000,0.000,-47.133,32.667,0.000,0.000,0.000,0.000,0.000,0.000,0.013,5.6,11.30,30.0,0.000,0.000,0.000,0.006,0.000,0.000,0.000,0.000,0.000,0.000,0.013,0.000,0.000,0.013,0.000,0.000,0.013,0.000
117.4049,1174,0,move,-1,117.4049,117.4191,0,0.000,-0.088,0.176,-0.176,-0.088,0.088,-0.264,-0.088,0.176,0.088,-46.582,32.607,-0.088,0.264,0.000,0.000,0.439,0.176,0.000,0.000,0.000,0.000,0.000,0.000,0.000,0.000,0.000,0.000,-47.133,32.667,0.000,0.000,0.000,0.000,0.000,0.000,0.013,5.6,11.30,31.0,0.000,0.000,0.000,0.000,0.000,0.000,0.006,0.000,0.000,0.000,0.013,0.000,0.000,0.006,0.000,0.000,0.006,0.000
117.5048,1175,0,move,-1,117.5048,117.5145,0,0.000,-0.088,0.176,-0.176,-0.088,0.088,-0.264,-0.088,0.176,0.088,-46.582,32.607,-0.088,0.264,0.000,0.000,0.439,0.176,0.000,0.000,0.000,0.000,0.000,0.000,0.000,0.000,0.000,0.000,-47.133,32.667,0.000,0.000,0.000,0.000,0.000,0.000,0.013,5.6,11.30,31.0,0.000,0.000,0.000,0.000,0.000,0.000,0.006,0.000,0.000,0.000,0.013,0.000,0.000,0.006,0.000,0.000,0.006,0.000
117.6049,1176,0,move,-1,117.6049,117.6162,0,0.000,-0.088,0.176,-0.176,-0.088,0.088,-0.264,-0.088,0.176,0.088,-46.582,32.607,-0.088,0.264,0.000,0.000,0.439,0.176,0.000,0.000,0.000,0.000,0.000,0.000,0.000,0.000,0.000,0.000,-47.133,32.667,0.000,0.000,0.000,0.000,0.000,0.000,0.013,5.6,11.20,31.0,0.000,0.000,0.000,0.000,0.000,0.000,0.006,0.000,0.000,0.000,0.013,0.000,0.000,0.013,0.000,0.000,0.013,0.006
117.7047,1177,0,move,-1,117.7047,117.7144,0,0.000,-0.088,0.176,-0.176,-0.088,0.088,-0.264,-0.088,0.176,0.088,-46.582,32.607,-0.088,0.264,0.000,0.000,0.439,0.176,0.000,0.000,0.000,0.000,0.000,0.000,0.000,0.000,0.000,0.000,-47.133,32.667,0.000,0.000,0.000,0.000,0.000,0.000,0.013,5.6,11.20,31.0,0.000,0.000,0.000,0.000,0.000,0.000,0.006,0.000,0.000,0.000,0.013,0.000,0.000,0.013,0.000,0.000,0.013,0.006
117.8048,1178,0,move,-1,117.8048,117.8157,0,0.000,-0.088,0.176,-0.176,-0.088,0.088,-0.264,-0.088,0.176,0.088,-46.582,32.607,-0.088,0.264,0.000,0.000,0.439,0.176,0.000,0.000,0.000,0.000,0.000,0.000,0.000,0.000,0.000,0.000,-47.133,32.667,0.000,0.000,0.000,0.000,0.000,0.000,0.013,5.6,11.30,31.0,0.000,0.000,0.006,0.000,0.000,0.000,0.006,0.000,0.000,0.000,0.013,0.000,0.000,0.013,0.000,0.000,0.006,0.000
117.9069,1179,0,move,-1,117.9069,117.9139,0,0.000,-0.088,0.176,-0.176,-0.088,0.088,-0.264,-0.088,0.176,0.088,-46.582,32.607,-0.088,0.264,0.000,0.000,0.439,0.176,0.000,0.000,0.000,0.000,0.000,0.000,0.000,0.000,0.000,0.000,-47.133,32.667,0.000,0.000,0.000,0.000,0.000,0.000,0.013,5.6,11.30,31.0,0.000,0.000,0.006,0.000,0.000,0.000,0.006,0.000,0.000,0.000,0.013,0.000,0.000,0.013,0.000,0.000,0.006,0.000
118.0048,1180,0,move,-1,118.0048,118.0117,0,0.000,-0.088,0.176,-0.176,-0.088,0.088,-0.264,-0.088,0.176,0.088,-46.582,32.607,-0.088,0.264,0.000,0.000,0.439,0.176,0.000,0.000,0.000,0.000,0.000,0.000,0.000,0.000,0.000,0.000,-47.133,32.667,0.000,0.000,0.000,0.000,0.000,0.000,0.013,5.6,11.30,31.0,0.000,0.000,0.000,0.000,0.000,0.000,0.006,0.000,0.006,0.000,0.013,0.000,0.000,0.006,0.000,0.000,0.013,0.006
118.1076,1181,0,move,-1,118.1076,118.1179,0,0.000,-0.088,0.176,-0.176,-0.088,0.088,-0.264,-0.088,0.176,0.088,-46.582,32.607,-0.088,0.264,0.000,0.000,0.439,0.176,0.000,0.000,0.000,0.000,0.000,0.000,0.000,0.000,0.000,0.000,-47.133,32.667,0.000,0.000,0.000,0.000,0.000,0.000,0.013,5.6,11.30,31.0,0.000,0.000,0.000,0.000,0.000,0.000,0.006,0.000,0.000,0.000,0.013,0.000,0.000,0.006,0.000,0.000,0.013,0.000
118.2047,1182,0,move,-1,118.2047,118.2158,0,0.000,-0.088,0.176,-0.176,-0.088,0.088,-0.264,-0.088,0.176,0.088,-46.582,32.607,-0.088,0.264,0.000,0.000,0.439,0.176,0.000,0.000,0.000,0.000,0.000,0.000,0.000,0.000,0.000,0.000,-47.133,32.667,0.000,0.000,0.000,0.000,0.000,0.000,0.013,5.6,11.30,31.0,0.000,0.000,0.000,0.000,0.000,0.000,0.006,0.000,0.000,0.000,0.013,0.000,0.000,0.006,0.000,0.000,0.013,0.000
118.3048,1183,0,move,-1,118.3048,118.3163,0,0.000,-0.088,0.176,-0.176,-0.088,0.088,-0.264,-0.088,0.176,0.088,-46.582,32.607,-0.088,0.264,0.000,0.000,0.439,0.176,0.000,0.000,0.000,0.000,0.000,0.000,0.000,0.000,0.000,0.000,-47.133,32.667,0.000,0.000,0.000,0.000,0.000,0.000,0.013,5.6,11.30,31.0,0.000,0.000,0.006,0.000,0.000,0.000,0.006,0.000,0.000,0.000,0.013,0.000,0.000,0.006,0.000,0.000,0.006,0.006
118.4048,1184,0,move,-1,118.4048,118.4184,0,0.000,-0.088,0.176,-0.176,-0.088,0.088,-0.264,-0.088,0.176,0.088,-46.582,32.607,-0.088,0.264,0.000,0.000,0.439,0.176,0.000,0.000,0.000,0.000,0.000,0.000,0.000,0.000,0.000,0.000,-47.133,32.667,0.000,0.000,0.000,0.000,0.000,0.000,0.006,2.4,11.30,32.0,0.000,0.000,0.006,0.000,0.000,0.000,0.000,0.000,0.000,0.000,0.006,0.000,0.000,,0.000,0.000,0.006,0.000
118.5080,1185,0,move,-1,118.5080,118.5195,0,0.000,-0.088,0.176,-0.176,-0.088,0.088,-0.264,-0.088,0.176,0.088,-46.582,32.607,-0.088,0.264,0.000,0.000,0.439,0.176,0.000,0.000,0.000,0.000,0.000,0.000,0.000,0.000,0.000,0.000,-47.133,32.667,0.000,0.000,0.000,0.000,0.000,0.000,0.013,5.6,11.30,31.0,0.000,0.000,0.000,0.006,0.000,0.000,0.006,0.000,0.000,0.000,0.013,0.000,0.000,0.013,0.000,0.006,0.013,0.000
118.6084,1186,0,move,-1,118.6084,118.6383,0,0.000,-0.088,0.176,-0.176,-0.088,0.088,-0.264,-0.088,0.176,0.088,-46.582,32.607,-0.088,0.264,0.000,0.000,0.439,0.176,0.000,0.000,0.000,0.000,0.000,0.000,0.000,0.000,0.000,0.000,-47.133,32.667,0.000,0.000,0.000,0.000,0.000,0.000,0.013,5.6,11.30,31.0,0.000,0.000,0.000,0.000,0.000,0.000,0.006,0.000,0.006,0.000,0.013,0.000,0.000,0.006,0.000,0.000,0.006,0.000
118.7049,1187,0,move,-1,118.7049,118.7301,0,0.000,-0.088,0.176,-0.176,-0.088,0.088,-0.264,-0.088,0.176,0.088,-46.582,32.607,-0.088,0.264,0.000,0.000,0.439,0.176,0.000,0.000,0.000,0.000,0.000,0.000,0.000,0.000,0.000,0.000,-47.133,32.667,0.000,0.000,0.000,0.000,0.000,0.000,0.013,5.6,11.30,31.0,0.000,0.000,0.000,0.000,0.000,0.000,0.006,0.000,0.006,0.000,0.013,0.000,0.000,0.006,0.000,0.000,0.006,0.000
118.8049,1188,0,move,-1,118.8049,118.8154,0,0.000,-0.088,0.176,-0.176,-0.088,0.088,-0.264,-0.088,0.176,0.088,-46.582,32.607,-0.088,0.264,0.000,0.000,0.439,0.176,0.000,0.000,0.000,0.000,0.000,0.000,0.000,0.000,0.000,0.000,-47.133,32.667,0.000,0.000,0.000,0.000,0.000,0.000,0.006,5.6,11.30,31.0,0.000,0.000,0.000,0.000,0.000,0.000,0.000,0.000,0.000,0.000,0.006,0.000,0.000,0.006,0.000,0.000,0.006,0.000
118.9048,1189,0,move,-1,118.9048,118.9181,0,0.000,-0.088,0.176,-0.176,-0.088,0.088,-0.264,-0.088,0.176,0.088,-46.582,32.607,-0.088,0.264,0.000,0.000,0.439,0.176,0.000,0.000,0.000,0.000,0.000,0.000,0.000,0.000,0.000,0.000,-47.133,32.667,0.000,0.000,0.000,0.000,0.000,0.000,0.006,3.2,11.20,32.0,0.000,0.000,0.000,0.000,0.000,0.000,0.006,0.000,0.000,0.000,0.006,0.000,0.000,0.006,0.000,0.000,0.006,0.000
119.0048,1190,0,move,-1,119.0048,119.0158,0,0.000,-0.088,0.176,-0.176,-0.088,0.088,-0.264,-0.088,0.176,0.088,-46.582,32.607,-0.088,0.264,0.000,0.000,0.439,0.176,0.000,0.000,0.000,0.000,0.000,0.000,0.000,0.000,0.000,0.000,-47.133,32.667,0.000,0.000,0.000,0.000,0.000,0.000,0.006,3.2,11.20,32.0,0.000,0.000,0.000,0.000,0.000,0.000,0.006,0.000,0.000,0.000,0.006,0.000,0.000,0.006,0.000,0.000,0.006,0.000
119.1047,1191,0,move,-1,119.1047,119.1156,0,0.000,-0.088,0.176,-0.176,-0.088,0.088,-0.264,-0.088,0.176,0.088,-46.582,32.607,-0.088,0.264,0.000,0.000,0.439,0.176,0.000,0.000,0.000,0.000,0.000,0.000,0.000,0.000,0.000,0.000,-47.133,32.667,0.000,0.000,0.000,0.000,0.000,0.000,0.006,2.4,11.30,32.0,0.000,0.000,0.000,0.000,0.000,0.000,0.000,0.000,0.006,0.000,0.006,0.000,0.000,0.006,0.000,0.000,0.006,0.000
119.2047,1192,0,move,-1,119.2047,119.2153,0,0.000,-0.088,0.176,-0.176,-0.088,0.088,-0.264,-0.088,0.176,0.088,-46.582,32.607,-0.088,0.264,0.000,0.000,0.439,0.176,0.000,0.000,0.000,0.000,0.000,0.000,0.000,0.000,0.000,0.000,-47.133,32.667,0.000,0.000,0.000,0.000,0.000,0.000,0.006,2.4,11.30,32.0,0.000,0.000,0.000,0.000,0.000,0.000,0.000,0.000,0.006,0.000,0.006,0.000,0.000,0.006,0.000,0.000,0.006,0.000
119.3049,1193,0,move,-1,119.3049,119.3174,0,0.000,-0.088,0.176,-0.176,-0.088,0.088,-0.264,-0.088,0.176,0.088,-46.582,32.607,-0.088,0.264,0.000,0.000,0.439,0.176,0.000,0.000,0.000,0.000,0.000,0.000,0.000,0.000,0.000,0.000,-47.133,32.667,0.000,0.000,0.000,0.000,0.000,0.000,0.013,5.6,11.30,31.0,0.000,0.000,0.000,0.000,0.000,0.000,0.000,0.000,0.006,0.000,0.013,0.000,0.000,0.013,0.000,0.000,0.013,0.000
119.4133,1194,0,move,-1,119.4133,119.4267,0,0.000,-0.088,0.176,-0.176,-0.088,0.088,-0.264,-0.088,0.176,0.088,-46.582,32.607,-0.088,0.264,0.000,0.000,0.439,0.176,0.000,0.000,0.000,0.000,0.000,0.000,0.000,0.000,0.000,0.000,-47.133,32.667,0.000,0.000,0.000,0.000,0.000,0.000,0.013,5.6,11.30,31.0,0.000,0.000,0.000,0.000,0.000,0.000,0.000,0.000,0.006,0.000,0.013,0.000,0.000,0.013,0.000,0.000,0.013,0.000
119.5049,1195,0,move,-1,119.5049,119.5169,0,0.000,-0.088,0.176,-0.176,-0.088,0.088,-0.264,-0.088,0.176,0.088,-46.582,32.607,-0.088,0.264,0.000,0.000,0.439,0.176,0.000,0.000,0.000,0.000,0.000,0.000,0.000,0.000,0.000,0.000,-47.133,32.667,0.000,0.000,0.000,0.000,0.000,0.000,0.013,5.6,11.30,31.0,0.000,0.000,0.000,0.000,0.000,0.000,0.000,0.000,0.006,0.000,0.013,0.000,0.000,0.013,0.000,0.000,0.013,0.000
119.6049,1196,0,move,-1,119.6049,119.6146,0,0.000,-0.088,0.176,-0.176,-0.088,0.088,-0.264,-0.088,0.176,0.088,-46.582,32.607,-0.088,0.264,0.000,0.000,0.439,0.176,0.000,0.000,0.000,0.000,0.000,0.000,0.000,0.000,0.000,0.000,-47.133,32.667,0.000,0.000,0.000,0.000,0.000,0.000,0.013,5.6,11.30,31.0,0.000,0.000,0.000,0.000,0.000,0.000,0.006,0.000,0.000,0.000,0.013,0.000,0.000,0.006,0.000,0.000,0.006,0.000
119.7049,1197,0,move,-1,119.7049,119.7175,0,0.000,-0.088,0.176,-0.176,-0.088,0.088,-0.264,-0.088,0.176,0.088,-46.582,32.607,-0.088,0.264,0.000,0.000,0.439,0.176,0.000,0.000,0.000,0.000,0.000,0.000,0.000,0.000,0.000,0.000,-47.133,32.667,0.000,0.000,0.000,0.000,0.000,0.000,0.013,5.6,11.30,31.0,0.000,0.000,0.000,0.006,0.000,0.000,0.006,0.000,0.000,0.000,0.013,0.000,0.000,0.006,0.000,0.000,0.006,0.000
119.8049,1198,0,move,-1,119.8049,119.8206,0,0.000,-0.088,0.176,-0.176,-0.088,0.088,-0.264,-0.088,0.176,0.088,-46.582,32.607,-0.088,0.264,0.000,0.000,0.439,0.176,0.000,0.000,0.000,0.000,0.000,0.000,0.000,0.000,0.000,0.000,-47.133,32.667,0.000,0.000,0.000,0.000,0.000,0.000,0.013,4.8,11.30,31.0,0.000,0.000,0.000,0.000,0.000,0.000,0.006,0.000,0.000,0.000,0.006,0.000,0.000,0.006,0.000,0.000,0.013,0.006
119.9048,1199,0,move,-1,119.9048,119.9167,0,0.000,-0.088,0.176,-0.176,-0.088,0.088,-0.264,-0.088,0.176,0.088,-46.582,32.607,-0.088,0.264,0.000,0.000,0.439,0.176,0.000,0.000,0.000,0.000,0.000,0.000,0.000,0.000,0.000,0.000,-47.133,32.667,0.000,0.000,0.000,0.000,0.000,0.000,0.013,4.8,11.30,31.0,0.000,0.000,0.000,0.000,0.000,0.000,0.006,0.000,0.000,0.000,0.006,0.000,0.000,0.006,0.000,0.000,0.013,0.006
120.0049,1200,0,move,-1,120.0049,120.0162,0,0.000,-0.088,0.176,-0.176,-0.088,0.088,-0.264,-0.088,0.176,0.088,-46.582,32.607,-0.088,0.264,0.000,0.000,0.439,0.176,0.000,0.000,0.000,0.000,0.000,0.000,0.000,0.000,0.000,0.000,-47.233,32.716,0.000,0.000,0.000,0.000,0.000,0.000,0.013,5.6,11.30,30.0,0.000,0.000,0.000,0.000,0.000,0.000,0.006,0.000,0.006,0.000,0.013,0.000,0.000,0.013,0.000,0.000,0.006,0.006
120.1049,1201,0,move,-1,120.1049,120.1172,0,0.000,-0.088,0.176,-0.176,-0.088,0.088,-0.264,-0.088,0.176,0.088,-46.582,32.607,-0.088,0.264,0.000,0.000,0.439,0.176,0.000,0.000,0.000,0.000,0.000,0.000,0.000,0.000,0.000,0.000,-47.522,32.856,0.000,0.000,0.000,0.000,0.000,0.000,0.013,6.4,11.30,30.0,0.000,0.000,0.000,0.000,0.000,0.000,0.006,0.000,0.006,0.000,0.013,0.000,0.000,0.013,0.000,0.000,0.006,0.000
120.2050,1202,0,move,-1,120.2050,120.2142,0,0.000,-0.088,0.176,-0.176,-0.088,0.088,-0.264,-0.088,0.176,0.088,-47.109,32.871,-0.088,0.264,0.000,0.000,0.439,0.176,0.000,0.000,0.000,0.000,0.000,0.000,0.000,0.000,0.000,0.000,-47.971,33.071,0.000,0.000,0.000,0.000,0.000,0.000,0.013,6.4,11.30,30.0,0.000,0.000,0.000,0.000,0.000,0.000,0.006,0.000,0.006,0.000,0.013,0.000,0.000,0.013,0.000,0.000,0.006,0.000
120.3049,1203,0,move,-1,120.3049,120.3156,0,0.000,-0.088,0.176,-0.176,-0.088,0.088,-0.264,-0.088,0.176,0.088,-47.549,33.047,-0.088,0.264,0.000,0.000,0.439,0.176,0.000,0.000,0.000,0.000,0.000,0.000,0.000,0.000,0.000,0.000,-48.535,33.340,0.000,0.000,0.000,0.000,0.000,0.000,0.013,5.2,11.30,31.0,0.000,0.000,0.000,0.000,0.000,0.000,0.000,0.000,0.000,0.000,0.013,0.006,0.000,0.006,0.000,0.000,0.006,0.000
120.4072,1204,0,move,-1,120.4072,120.4596,0,0.000,-0.088,0.176,-0.176,-0.088,0.088,-0.264,-0.088,0.176,0.088,-47.988,33.398,-0.088,0.264,0.000,0.000,0.439,0.176,0.000,0.000,0.000,0.000,0.000,0.000,0.000,0.000,0.000,0.000,-49.154,33.634,0.000,0.000,0.000,0.000,0.000,0.000,0.013,3.2,11.30,28.0,0.000,0.000,0.000,0.000,0.000,0.000,0.006,0.000,0.000,0.000,0.000,0.000,0.000,0.013,0.000,0.000,0.013,0.006
120.5167,1205,0,move,-1,120.5167,120.5289,0,0.000,-0.088,0.176,-0.176,-0.088,0.088,-0.264,-0.088,0.176,0.088,-48.428,33.486,-0.088,0.264,0.000,0.000,0.439,0.176,0.000,0.000,0.000,0.000,0.000,0.000,0.000,0.000,0.000,0.000,-49.772,33.924,0.000,0.000,0.000,0.000,0.000,0.000,0.013,3.2,11.30,28.0,0.000,0.000,0.000,0.000,0.000,0.000,0.006,0.000,0.000,0.000,0.000,0.000,0.000,0.013,0.000,0.000,0.013,0.006
120.6048,1206,0,move,-1,120.6048,120.6159,0,0.000,-0.088,0.176,-0.176,-0.088,0.088,-0.264,-0.088,0.176,0.088,-49.043,33.926,-0.088,0.264,0.000,0.000,0.439,0.176,0.000,0.000,0.000,0.000,0.000,0.000,0.000,0.000,0.000,0.000,-50.327,34.182,0.000,0.000,0.000,0.000,0.000,0.000,0.006,3.2,11.20,32.0,0.000,0.000,0.000,0.000,0.000,0.000,0.006,0.000,0.006,0.000,0.006,0.006,0.000,0.006,0.000,0.000,0.006,0.006
120.7047,1207,0,move,-1,120.7047,120.7188,0,0.000,-0.088,0.176,-0.176,-0.088,0.088,-0.264,-0.088,0.176,0.088,-49.658,34.102,-0.088,0.264,0.000,0.000,0.439,0.176,0.000,0.000,0.000,0.000,0.000,0.000,0.000,0.000,0.000,0.000,-50.765,34.384,0.000,0.000,0.000,0.000,0.000,0.000,0.013,4.8,11.30,31.0,0.000,0.000,0.000,0.000,0.000,0.000,0.006,0.000,0.000,0.000,0.006,0.000,0.000,0.006,0.000,0.000,0.013,0.000
120.8049,1208,0,move,-1,120.8049,120.8176,0,0.000,-0.088,0.176,-0.176,-0.088,0.088,-0.264,-0.088,0.176,0.088,-49.746,34.365,-0.088,0.264,0.000,0.000,0.439,0.176,0.000,0.000,0.000,0.000,0.000,0.000,0.000,0.000,0.000,0.000,-51.045,34.512,0.000,0.000,0.000,0.000,0.000,0.000,0.013,4.8,11.30,31.0,0.000,0.000,0.000,0.000,0.000,0.000,0.006,0.000,0.000,0.000,0.006,0.000,0.000,0.006,0.000,0.000,0.013,0.000
120.9048,1209,0,move,-1,120.9048,120.9154,0,0.000,-0.088,0.176,-0.176,-0.088,0.088,-0.264,-0.088,0.176,0.088,-50.449,34.453,-0.088,0.264,0.000,0.000,0.439,0.176,0.000,0.000,0.000,0.000,0.000,0.000,0.000,0.000,0.000,0.000,-51.141,34.556,0.000,0.000,0.000,0.000,0.000,0.000,0.013,8.0,11.30,31.0,0.000,,0.000,0.006,0.000,0.000,,0.000,0.000,0.000,0.013,0.000,0.000,0.006,0.000,0.000,0.006,0.006
121.0048,1210,0,move,-1,121.0048,121.0450,0,0.000,-0.088,0.176,-0.176,-0.088,0.088,-0.264,-0.088,0.176,0.088,-50.625,34.453,-0.088,0.264,0.000,0.000,0.439,0.176,0.000,0.000,0.000,0.000,0.000,0.000,0.000,0.000,0.000,0.000,-51.141,34.556,0.000,0.000,0.000,0.000,0.000,0.000,0.013,4.8,11.30,31.0,0.000,0.000,0.000,0.000,0.000,0.000,0.000,0.000,0.000,0.000,0.006,0.000,0.000,0.006,0.000,0.000,0.013,0.000
121.1049,1211,0,move,-1,121.1049,121.1148,0,0.000,-0.088,0.176,-0.176,-0.088,0.088,-0.264,-0.088,0.176,0.088,-50.625,34.453,-0.088,0.264,0.000,0.000,0.439,0.176,0.000,0.000,0.000,0.000,0.000,0.000,0.000,0.000,0.000,0.000,-51.141,34.556,0.000,0.000,0.000,0.000,0.000,0.000,0.013,4.8,11.30,31.0,0.000,0.000,0.000,0.000,0.000,0.000,0.000,0.000,0.000,0.000,0.006,0.000,0.000,0.006,0.000,0.000,0.013,0.000
121.2048,1212,0,move,-1,121.2048,121.2166,0,0.000,-0.088,0.176,-0.176,-0.088,0.088,-0.264,-0.088,0.176,0.088,-50.625,34.453,-0.088,0.264,0.000,0.000,0.439,0.176,0.000,0.000,0.000,0.000,0.000,0.000,0.000,0.000,0.000,0.000,-51.141,34.556,0.000,0.000,0.000,0.000,0.000,0.000,0.013,5.6,11.30,31.0,0.000,0.000,0.000,0.000,0.000,0.000,0.000,0.000,0.000,0.000,0.013,0.000,0.000,0.013,0.000,0.000,0.006,0.006
121.3047,1213,0,move,-1,121.3047,121.3157,0,0.000,-0.088,0.176,-0.176,-0.088,0.088,-0.264,-0.088,0.176,0.088,-50.625,34.453,-0.088,0.264,0.000,0.000,0.439,0.176,0.000,0.000,0.000,0.000,0.000,0.000,0.000,0.000,0.000,0.000,-51.141,34.556,0.000,0.000,0.000,0.000,0.000,0.000,0.013,5.6,11.30,31.0,0.000,0.000,0.000,0.000,0.000,0.000,0.000,0.000,0.000,0.000,0.013,0.000,0.000,0.013,0.000,0.000,0.006,0.006
121.4049,1214,0,move,-1,121.4049,121.4265,0,0.000,-0.088,0.176,-0.176,-0.088,0.088,-0.264,-0.088,0.176,0.088,-50.625,34.453,-0.088,0.264,0.000,0.000,0.439,0.176,0.000,0.000,0.000,0.000,0.000,0.000,0.000,0.000,0.000,0.000,-51.141,34.556,0.000,0.000,0.000,0.000,0.000,0.000,0.013,3.2,11.30,28.0,0.000,0.000,0.000,0.000,0.000,0.000,0.000,0.000,0.000,0.000,0.006,0.000,0.000,0.013,0.000,0.000,0.006,0.006
121.5100,1215,0,move,-1,121.5100,121.5217,0,0.000,-0.088,0.176,-0.176,-0.088,0.088,-0.264,-0.088,0.176,0.088,-50.625,34.453,-0.088,0.264,0.000,0.000,0.439,0.176,0.000,0.000,0.000,0.000,0.000,0.000,0.000,0.000,0.000,0.000,-51.141,34.556,0.000,0.000,0.000,0.000,0.000,0.000,0.013,3.2,11.30,28.0,0.000,0.000,0.000,0.000,0.000,0.000,0.000,0.000,0.000,0.000,0.006,0.000,0.000,0.013,0.000,0.000,0.006,0.006
121.6050,1216,0,move,-1,121.6050,121.6172,0,0.000,-0.088,0.176,-0.176,-0.088,0.088,-0.264,-0.088,0.176,0.088,-50.625,34.453,-0.088,0.264,0.000,0.000,0.439,0.176,0.000,0.000,0.000,0.000,0.000,0.000,0.000,0.000,0.000,0.000,-51.141,34.556,0.000,0.000,0.000,0.000,0.000,0.000,0.013,4.8,11.30,31.0,0.000,0.000,0.000,0.006,0.000,0.000,0.006,0.000,0.000,0.000,0.006,0.000,0.000,0.006,0.000,0.000,0.013,0.000
121.7049,1217,0,move,-1,121.7049,121.7162,0,0.000,-0.088,0.176,-0.176,-0.088,0.088,-0.264,-0.088,0.176,0.088,-50.625,34.453,-0.088,0.264,0.000,0.000,0.439,0.176,0.000,0.000,0.000,0.000,0.000,0.000,0.000,0.000,0.000,0.000,-51.141,34.556,0.000,0.000,0.000,0.000,0.000,0.000,0.013,4.8,11.30,31.0,0.000,0.000,0.000,0.006,0.000,0.000,0.006,0.000,0.000,0.000,0.006,0.000,0.000,0.006,0.000,0.000,0.013,0.000
121.8049,1218,0,move,-1,121.8049,121.8168,0,0.000,-0.088,0.176,-0.176,-0.088,0.088,-0.264,-0.088,0.176,0.088,-50.625,34.453,-0.088,0.264,0.000,0.000,0.439,0.176,0.000,0.000,0.000,0.000,0.000,0.000,0.000,0.000,0.000,0.000,-51.141,34.556,0.000,0.000,0.000,0.000,0.000,0.000,0.013,5.6,11.30,31.0,0.000,0.000,0.000,0.000,0.000,0.000,0.000,0.000,0.000,0.000,0.013,0.000,0.000,0.013,0.000,0.000,0.013,0.000
121.9049,1219,0,move,-1,121.9049,121.9182,0,0.000,-0.088,0.176,-0.176,-0.088,0.088,-0.264,-0.088,0.176,0.088,-50.625,34.453,-0.088,0.264,0.000,0.000,0.439,0.176,0.000,0.000,0.000,0.000,0.000,0.000,0.000,0.000,0.000,0.000,-51.141,34.556,0.000,0.000,0.000,0.000,0.000,0.000,0.013,5.6,11.30,30.0,0.000,0.000,0.000,0.006,0.000,0.000,0.006,0.000,0.000,0.000,0.013,0.000,0.000,0.006,0.000,0.000,0.006,0.006
122.0050,1220,0,move,-1,122.0050,122.0110,0,0.000,-0.088,0.176,-0.176,-0.088,0.088,-0.264,-0.088,0.176,0.088,-50.625,34.453,-0.088,0.264,0.000,0.000,0.439,0.176,0.000,0.000,0.000,0.000,0.000,0.000,0.000,0.000,0.000,0.000,-51.141,34.556,0.000,0.000,0.000,0.000,0.000,0.000,0.013,5.6,11.30,30.0,0.000,0.000,0.000,0.006,0.000,0.000,0.006,0.000,0.000,0.000,0.013,0.000,0.000,0.006,0.000,0.000,0.006,0.006
122.1048,1221,0,move,-1,122.1048,122.1151,0,0.000,-0.088,0.176,-0.176,-0.088,0.088,-0.264,-0.088,0.176,0.088,-50.625,34.453,-0.088,0.264,0.000,0.000,0.439,0.176,0.000,0.000,0.000,0.000,0.000,0.000,0.000,0.000,0.000,0.000,-51.141,34.556,0.000,0.000,0.000,0.000,0.000,0.000,0.013,3.2,11.30,28.0,0.000,0.000,0.000,0.006,0.000,0.000,0.006,0.000,0.000,0.000,0.006,0.000,0.000,0.013,0.000,0.000,0.006,0.000
122.2048,1222,0,move,-1,122.2048,122.2175,0,0.000,-0.088,0.176,-0.176,-0.088,0.088,-0.264,-0.088,0.176,0.088,-50.625,34.453,-0.088,0.264,0.000,0.000,0.439,0.176,0.000,0.000,0.000,0.000,0.000,0.000,0.000,0.000,0.000,0.000,-51.141,34.556,0.000,0.000,0.000,0.000,0.000,0.000,0.013,5.6,11.30,31.0,0.000,0.000,0.000,0.006,0.000,0.000,0.006,0.000,0.000,0.000,0.013,0.000,0.000,0.006,0.000,0.000,0.006,0.000
122.3073,1223,0,move,-1,122.3073,122.3863,0,0.000,-0.088,0.176,-0.176,-0.088,0.088,-0.264,-0.088,0.176,0.088,-50.625,34.453,-0.088,0.264,0.000,0.000,0.439,0.176,0.000,0.000,0.000,0.000,0.000,0.000,0.000,0.000,0.000,0.000,-51.141,34.556,0.000,0.000,0.000,0.000,0.000,0.000,0.013,5.6,11.30,31.0,0.000,0.000,0.000,0.006,0.000,0.000,0.006,0.000,0.000,0.000,0.013,0.000,0.000,0.013,0.000,0.000,0.006,0.006
122.4061,1224,0,move,-1,122.4061,122.4211,0,0.000,-0.088,0.176,-0.176,-0.088,0.088,-0.264,-0.088,0.176,0.088,-50.625,34.453,-0.088,0.264,0.000,0.000,0.439,0.176,0.000,0.000,0.000,0.000,0.000,0.000,0.000,0.000,0.000,0.000,-51.141,34.556,0.000,0.000,0.000,0.000,0.000,0.000,0.013,5.6,11.30,31.0,0.000,0.000,0.000,0.006,0.000,0.000,0.006,0.000,0.000,0.000,0.013,0.000,0.000,0.013,0.000,0.000,0.006,0.006
122.5048,1225,0,move,-1,122.5048,122.5181,0,0.000,-0.088,0.176,-0.176,-0.088,0.088,-0.264,-0.088,0.176,0.088,-50.625,34.453,-0.088,0.264,0.000,0.000,0.439,0.176,0.000,0.000,0.000,0.000,0.000,0.000,0.000,0.000,0.000,0.000,-51.141,34.556,0.000,0.000,0.000,0.000,0.000,0.000,0.006,2.4,11.30,32.0,0.000,0.000,0.006,0.000,0.000,0.000,0.006,0.000,0.000,0.000,0.006,0.000,0.000,0.006,0.000,0.000,0.006,0.006
122.6050,1226,0,move,-1,122.6050,122.6161,0,0.000,-0.088,0.176,-0.176,-0.088,0.088,-0.264,-0.088,0.176,0.088,-50.625,34.453,-0.088,0.264,0.000,0.000,0.439,0.176,0.000,0.000,0.000,0.000,0.000,0.000,0.000,0.000,0.000,0.000,-51.141,34.556,0.000,0.000,0.000,0.000,0.000,0.000,0.006,2.4,11.30,32.0,0.000,0.000,0.006,0.000,0.000,0.000,0.006,0.000,0.000,0.000,0.006,0.000,0.000,0.006,0.000,0.000,0.006,0.006
122.7049,1227,0,move,-1,122.7049,122.7169,0,0.000,-0.088,0.176,-0.176,-0.088,0.088,-0.264,-0.088,0.176,0.088,-50.625,34.453,-0.088,0.264,0.000,0.000,0.439,0.176,0.000,0.000,0.000,0.000,0.000,0.000,0.000,0.000,0.000,0.000,-51.141,34.556,0.000,0.000,0.000,0.000,0.000,0.000,0.013,3.2,11.30,28.0,0.000,0.000,0.000,0.000,0.000,0.000,0.006,0.000,0.000,0.000,0.006,0.000,0.000,0.013,0.000,0.000,0.006,0.000
122.8047,1228,0,move,-1,122.8047,122.8119,0,0.000,-0.088,0.176,-0.176,-0.088,0.088,-0.264,-0.088,0.176,0.088,-50.625,34.453,-0.088,0.264,0.000,0.000,0.439,0.176,0.000,0.000,0.000,0.000,0.000,0.000,0.000,0.000,0.000,0.000,-51.141,34.556,0.000,0.000,0.000,0.000,0.000,0.000,0.013,3.2,11.30,28.0,0.000,0.000,0.000,0.000,0.000,0.000,0.006,0.000,0.000,0.000,0.006,0.000,0.000,0.013,0.000,0.000,0.006,0.000
122.9049,1229,0,move,-1,122.9049,122.9159,0,0.000,-0.088,0.176,-0.176,-0.088,0.088,-0.264,-0.088,0.176,0.088,-50.625,34.453,-0.088,0.264,0.000,0.000,0.439,0.176,0.000,0.000,0.000,0.000,0.000,0.000,0.000,0.000,0.000,0.000,-51.141,34.556,0.000,0.000,0.000,0.000,0.000,0.000,0.013,3.2,11.30,28.0,0.000,0.000,0.000,0.000,0.000,0.000,0.006,0.000,0.006,0.000,0.006,0.000,0.000,0.013,0.000,0.000,0.013,0.000
123.0048,1230,0,move,-1,123.0048,123.0171,0,0.000,-0.088,0.176,-0.176,-0.088,0.088,-0.264,-0.088,0.176,0.088,-50.625,34.453,-0.088,0.264,0.000,0.000,0.439,0.176,0.000,0.000,0.000,0.000,0.000,0.000,0.000,0.000,0.000,0.000,-51.141,34.556,0.000,0.000,0.000,0.000,0.000,0.000,0.006,2.4,11.30,32.0,0.000,0.000,0.000,0.006,0.000,0.000,0.006,0.000,0.000,0.000,0.006,0.000,0.000,0.006,0.000,0.000,0.006,0.000
123.1050,1231,0,move,-1,123.1050,123.1164,0,0.000,-0.088,0.176,-0.176,-0.088,0.088,-0.264,-0.088,0.176,0.088,-50.625,34.453,-0.088,0.264,0.000,0.000,0.439,0.176,0.000,0.000,0.000,0.000,0.000,0.000,0.000,0.000,0.000,0.000,-51.141,34.556,0.000,0.000,0.000,0.000,0.000,0.000,0.006,2.4,11.30,32.0,0.000,0.000,0.000,0.006,0.000,0.000,0.006,0.000,0.000,0.000,0.006,0.000,0.000,0.006,0.000,0.000,0.006,0.000
123.2049,1232,0,move,-1,123.2049,123.2164,0,0.000,-0.088,0.176,-0.176,-0.088,0.088,-0.264,-0.088,0.176,0.088,-50.625,34.453,-0.088,0.264,0.000,0.000,0.439,0.176,0.000,0.000,0.000,0.000,0.000,0.000,0.000,0.000,0.000,0.000,-51.141,34.556,0.000,0.000,0.000,0.000,0.000,0.000,0.006,3.2,11.20,32.0,0.000,0.000,0.000,0.000,0.000,0.000,0.006,0.000,0.000,0.000,0.006,0.000,0.000,0.006,0.000,0.000,0.006,0.006
123.3049,1233,0,move,-1,123.3049,123.3195,0,0.000,-0.088,0.176,-0.176,-0.088,0.088,-0.264,-0.088,0.176,0.088,-50.625,34.453,-0.088,0.264,0.000,0.000,0.439,0.176,0.000,0.000,0.000,0.000,0.000,0.000,0.000,0.000,0.000,0.000,-51.141,34.556,0.000,0.000,0.000,0.000,0.000,0.000,0.013,5.6,11.30,30.0,0.000,0.000,0.000,0.000,0.000,0.000,0.006,0.000,0.000,0.000,0.013,0.000,0.000,0.013,0.000,0.000,0.006,0.000
123.4049,1234,0,move,-1,123.4049,123.4180,0,0.000,-0.088,0.176,-0.176,-0.088,0.088,-0.264,-0.088,0.176,0.088,-50.625,34.453,-0.088,0.264,0.000,0.000,0.439,0.176,0.000,0.000,0.000,0.000,0.000,0.000,0.000,0.000,0.000,0.000,-51.141,34.556,0.000,0.000,0.000,0.000,0.000,0.000,0.013,5.6,11.30,30.0,0.000,0.000,0.000,0.000,0.000,0.000,0.006,0.000,0.000,0.000,0.013,0.000,0.000,0.013,0.000,0.000,0.006,0.000
123.5049,1235,0,move,-1,123.5049,123.5495,0,0.000,-0.088,0.176,-0.176,-0.088,0.088,-0.264,-0.088,0.176,0.088,-50.625,34.453,-0.088,0.264,0.000,0.000,0.439,0.176,0.000,0.000,0.000,0.000,0.000,0.000,0.000,0.000,0.000,0.000,-51.141,34.556,0.000,0.000,0.000,0.000,0.000,0.000,0.013,5.6,11.30,31.0,0.000,0.000,0.000,0.000,0.000,0.000,0.006,0.000,0.000,0.000,0.013,0.000,0.000,0.006,0.000,0.000,0.006,0.000
123.6170,1236,0,move,-1,123.6170,123.6326,0,0.000,-0.088,0.176,-0.176,-0.088,0.088,-0.264,-0.088,0.176,0.088,-50.625,34.453,-0.088,0.264,0.000,0.000,0.439,0.176,0.000,0.000,0.000,0.000,0.000,0.000,0.000,0.000,0.000,0.000,-51.141,34.556,0.000,0.000,0.000,0.000,0.000,0.000,0.013,5.6,11.30,31.0,0.000,0.000,0.000,0.000,0.000,0.000,0.006,0.000,0.000,0.000,0.013,0.000,0.000,0.006,0.000,0.000,0.006,0.000
123.7048,1237,0,move,-1,123.7048,123.7178,0,0.000,-0.088,0.176,-0.176,-0.088,0.088,-0.264,-0.088,0.176,0.088,-50.625,34.453,-0.088,0.264,0.000,0.000,0.439,0.176,0.000,0.000,0.000,0.000,0.000,0.000,0.000,0.000,0.000,0.000,-51.141,34.556,0.000,0.000,0.000,0.000,0.000,0.000,0.013,5.6,11.30,31.0,0.000,0.000,0.000,0.000,0.000,0.000,0.006,0.000,0.006,0.000,0.013,0.000,0.000,0.013,0.000,0.000,0.006,0.000
123.8049,1238,0,move,-1,123.8049,123.8149,0,0.000,-0.088,0.176,-0.176,-0.088,0.088,-0.264,-0.088,0.176,0.088,-50.625,34.453,-0.088,0.264,0.000,0.000,0.439,0.176,0.000,0.000,0.000,0.000,0.000,0.000,0.000,0.000,0.000,0.000,-51.141,34.556,0.000,0.000,0.000,0.000,0.000,0.000,0.013,5.6,11.30,31.0,0.000,0.000,0.000,0.000,0.000,0.000,0.006,0.000,0.006,0.000,0.013,0.000,0.000,0.013,0.000,0.000,0.006,0.000
123.9079,1239,0,move,-1,123.9079,123.9593,0,0.000,-0.088,0.176,-0.176,-0.088,0.088,-0.264,-0.088,0.176,0.088,-50.625,34.453,-0.088,0.264,0.000,0.000,0.439,0.176,0.000,0.000,0.000,0.000,0.000,0.000,0.000,0.000,0.000,0.000,-51.141,34.556,0.000,0.000,0.000,0.000,0.000,0.000,0.013,5.6,11.30,31.0,0.000,0.000,0.000,0.000,0.000,0.000,0.006,0.000,0.000,0.000,0.013,0.000,0.000,0.006,0.000,0.000,0.006,0.006
124.0050,1240,0,move,-1,124.0050,124.0179,0,0.000,-0.088,0.176,-0.176,-0.088,0.088,-0.264,-0.088,0.176,0.088,-50.625,34.453,-0.088,0.264,0.000,0.000,0.439,0.176,0.000,0.000,0.000,0.000,0.000,0.000,0.000,0.000,0.000,0.000,-51.045,34.512,0.000,0.000,0.000,0.000,0.000,0.000,0.013,5.6,11.30,31.0,0.000,0.000,0.000,0.000,0.000,0.000,0.006,0.000,0.000,0.000,0.013,0.000,0.000,0.006,0.000,0.000,0.006,0.006
124.1083,1241,0,move,-1,124.1083,124.1197,0,0.000,-0.088,0.176,-0.176,-0.088,0.088,-0.264,-0.088,0.176,0.088,-50.625,34.453,-0.088,0.264,0.000,0.000,0.439,0.176,0.000,0.000,0.000,0.000,0.000,0.000,0.000,0.000,0.000,0.000,-50.765,34.384,0.000,0.000,0.000,0.000,0.000,0.000,0.013,3.2,11.30,28.0,0.000,0.000,0.000,0.006,0.000,0.000,0.000,0.000,0.006,0.000,0.006,0.000,0.000,0.013,0.000,0.000,0.006,0.006
124.2048,1242,0,move,-1,124.2048,124.2151,0,0.000,-0.088,0.176,-0.176,-0.088,0.088,-0.264,-0.088,0.176,0.088,-50.625,34.453,-0.088,0.264,0.000,0.000,0.439,0.176,0.000,0.000,0.000,0.000,0.000,0.000,0.000,0.000,0.000,0.000,-50.327,34.182,0.000,0.000,0.000,0.000,0.000,0.000,0.013,3.2,11.30,28.0,0.000,0.000,0.000,0.006,0.000,0.000,0.000,0.000,0.006,0.000,0.006,0.000,0.000,0.013,0.000,0.000,0.006,0.006
124.3049,1243,0,move,-1,124.3049,124.3164,0,0.000,-0.088,0.176,-0.176,-0.088,0.088,-0.264,-0.088,0.176,0.088,-50.625,34.189,-0.088,0.264,0.000,0.000,0.439,0.176,0.000,0.000,0.000,0.000,0.000,0.000,0.000,0.000,0.000,0.000,-49.772,33.924,0.000,0.000,0.000,0.000,0.000,0.000,0.013,3.2,11.30,28.0,0.000,0.000,0.000,0.006,0.000,0.000,0.006,0.000,0.000,0.000,0.000,0.006,0.000,0.013,0.000,0.000,0.006,0.006
124.4048,1244,0,move,-1,124.4048,124.4250,0,0.000,-0.088,0.176,-0.176,-0.088,0.088,-0.264,-0.088,0.176,0.088,-50.098,33.926,-0.088,0.264,0.000,0.000,0.439,0.176,0.000,0.000,0.000,0.000,0.000,0.000,0.000,0.000,0.000,0.000,-49.154,33.634,0.000,0.000,0.000,0.000,0.000,0.000,0.013,3.2,11.30,28.0,0.000,0.000,0.000,0.000,0.000,0.000,0.006,0.000,0.000,0.000,0.000,0.006,0.000,0.013,0.000,0.000,0.006,0.006
124.5049,1245,0,move,-1,124.5049,124.5187,0,0.000,-0.088,0.176,-0.176,-0.088,0.088,-0.264,-0.088,0.176,0.088,-49.570,33.662,-0.088,0.264,0.000,0.000,0.439,0.176,0.000,0.000,0.000,0.000,0.000,0.000,0.000,0.000,0.000,0.000,-48.535,33.340,0.000,0.000,0.000,0.000,0.000,0.000,0.013,3.2,11.30,28.0,0.000,0.000,0.000,0.000,0.000,0.000,0.006,0.000,0.000,0.000,0.000,0.006,0.000,0.013,0.000,0.000,0.006,0.006
124.6171,1246,0,move,-1,124.6171,124.6283,0,0.000,-0.088,0.176,-0.176,-0.088,0.088,-0.264,-0.088,0.176,0.088,-48.867,33.311,-0.088,0.264,0.000,0.000,0.439,0.176,0.000,0.000,0.000,0.000,0.000,0.000,0.000,0.000,0.000,0.000,-47.971,33.071,0.000,0.000,0.000,0.000,0.000,0.000,0.013,3.2,11.30,28.0,0.000,0.000,0.000,0.000,0.000,0.000,0.006,0.000,0.006,0.000,0.000,0.006,0.000,0.013,0.000,0.000,0.006,0.000
124.7050,1247,0,move,-1,124.7050,124.7176,0,0.000,-0.088,0.176,-0.176,-0.088,0.088,-0.264,-0.088,0.176,0.088,-48.340,33.223,-0.088,0.264,0.000,0.000,0.439,0.176,0.000,0.000,0.000,0.000,0.000,0.000,0.000,0.000,0.000,0.000,-47.522,32.856,0.000,0.000,0.000,0.000,0.000,0.000,0.013,3.2,11.30,28.0,0.000,0.000,0.000,0.000,0.000,0.000,0.006,0.000,0.006,0.000,0.000,0.006,0.000,0.013,0.000,0.000,0.006,0.000
124.8049,1248,0,move,-1,124.8049,124.8153,0,0.000,-0.088,0.176,-0.176,-0.088,0.088,-0.264,-0.088,0.176,0.088,-47.900,32.959,-0.088,0.264,0.000,0.000,0.439,0.176,0.000,0.000,0.000,0.000,0.000,0.000,0.000,0.000,0.000,0.000,-47.233,32.716,0.000,0.000,0.000,0.000,0.000,0.000,0.013,4.8,11.30,31.0,0.000,0.000,0.000,0.006,0.000,0.000,0.000,0.000,0.000,0.000,0.006,0.000,0.000,0.006,0.000,0.000,0.013,0.006
124.9049,1249,0,move,-1,124.9049,124.9172,0,0.000,-0.088,0.176,-0.176,-0.088,0.088,-0.264,-0.088,0.176,0.088,-47.373,32.695,-0.088,0.264,0.000,0.000,0.439,0.176,0.000,0.000,0.000,0.000,0.000,0.000,0.000,0.000,0.000,0.000,-47.133,32.667,0.000,0.000,0.000,0.000,0.000,0.000,0.006,2.4,11.30,32.0,0.000,0.000,0.006,0.006,0.000,0.000,0.000,0.000,0.000,0.000,0.006,0.006,0.000,0.006,0.000,0.000,0.006,0.000
125.0115,1250,0,move,-1,125.0115,125.0600,0,0.000,-0.088,0.176,-0.176,-0.088,0.088,-0.264,-0.088,0.176,0.088,-47.285,32.695,-0.088,0.264,0.000,0.000,0.439,0.176,0.000,0.000,0.000,0.000,0.000,0.000,0.000,0.000,0.000,0.000,-47.133,32.667,0.000,0.000,0.000,0.000,0.000,0.000,0.013,3.2,11.30,28.0,0.000,0.000,0.000,0.000,0.000,0.000,0.006,0.000,0.000,0.000,0.000,0.000,0.000,0.013,0.000,0.000,0.013,0.000
125.1053,1251,0,move,-1,125.1053,125.1150,0,0.000,-0.088,0.176,-0.176,-0.088,0.088,-0.264,-0.088,0.176,0.088,-47.285,32.695,-0.088,0.264,0.000,0.000,0.439,0.176,0.000,0.000,0.000,0.000,0.000,0.000,0.000,0.000,0.000,0.000,-47.133,32.667,0.000,0.000,0.000,0.000,0.000,0.000,0.013,3.2,11.30,28.0,0.000,0.000,0.000,0.000,0.000,0.000,0.006,0.000,0.000,0.000,0.000,0.000,0.000,0.013,0.000,0.000,0.013,0.000
125.2048,1252,0,move,-1,125.2048,125.2114,0,0.000,-0.088,0.176,-0.176,-0.088,0.088,-0.264,-0.088,0.176,0.088,-47.285,32.695,-0.088,0.264,0.000,0.000,0.439,0.176,0.000,0.000,0.000,0.000,0.000,0.000,0.000,0.000,0.000,0.000,-47.133,32.667,0.000,0.000,0.000,0.000,0.000,0.000,0.013,3.2,11.30,28.0,0.000,0.000,0.000,0.006,0.000,0.000,0.006,0.000,0.000,0.000,0.000,0.000,0.000,0.013,0.000,0.000,0.006,0.006
125.3049,1253,0,move,-1,125.3049,125.3158,0,0.000,-0.088,0.176,-0.176,-0.088,0.088,-0.264,-0.088,0.176,0.088,-47.285,32.695,-0.088,0.264,0.000,0.000,0.439,0.176,0.000,0.000,0.000,0.000,0.000,0.000,0.000,0.000,0.000,0.000,-47.133,32.667,0.000,0.000,0.000,0.000,0.000,0.000,0.013,3.2,11.30,28.0,0.000,0.000,0.000,0.006,0.000,0.000,0.000,0.000,0.000,0.000,0.000,0.000,0.000,0.013,0.000,0.000,0.006,0.000
125.4112,1254,0,move,-1,125.4112,125.4354,0,0.000,-0.088,0.176,-0.176,-0.088,0.088,-0.264,-0.088,0.176,0.088,-47.285,32.695,-0.088,0.264,0.000,0.000,0.439,0.176,0.000,0.000,0.000,0.000,0.000,0.000,0.000,0.000,0.000,0.000,-47.133,32.667,0.000,0.000,0.000,0.000,0.000,0.000,0.006,2.4,11.30,32.0,0.000,0.000,0.000,0.006,0.000,0.000,0.000,0.000,0.000,0.000,0.000,0.000,0.000,0.006,0.000,0.000,0.006,0.006
125.5050,1255,0,move,-1,125.5050,125.5172,0,0.000,-0.088,0.176,-0.176,-0.088,0.088,-0.264,-0.088,0.176,0.088,-47.285,32.695,-0.088,0.264,0.000,0.000,0.439,0.176,0.000,0.000,0.000,0.000,0.000,0.000,0.000,0.000,0.000,0.000,-47.133,32.667,0.000,0.000,0.000,0.000,0.000,0.000,0.006,2.4,11.30,32.0,0.000,0.000,0.000,0.006,0.000,0.000,0.000,0.000,0.000,0.000,0.000,0.000,0.000,0.006,0.000,0.000,0.006,0.006
125.6048,1256,0,move,-1,125.6048,125.6151,0,0.000,-0.088,0.176,-0.176,-0.088,0.088,-0.264,-0.088,0.176,0.088,-47.285,32.695,-0.088,0.264,0.000,0.000,0.439,0.176,0.000,0.000,0.000,0.000,0.000,0.000,0.000,0.000,0.000,0.000,-47.133,32.667,0.000,0.000,0.000,0.000,0.000,0.000,0.013,3.2,11.30,28.0,0.000,0.000,0.000,0.000,0.000,0.000,0.006,0.000,0.000,0.000,0.006,0.000,0.000,0.013,0.000,0.000,0.006,0.000
125.7049,1257,0,move,-1,125.7049,125.7171,0,0.000,-0.088,0.176,-0.176,-0.088,0.088,-0.264,-0.088,0.176,0.088,-47.285,32.695,-0.088,0.264,0.000,0.000,0.439,0.176,0.000,0.000,0.000,0.000,0.000,0.000,0.000,0.000,0.000,0.000,-47.133,32.667,0.000,0.000,0.000,0.000,0.000,0.000,0.013,3.2,11.30,28.0,0.000,0.000,0.000,0.000,0.000,0.000,0.006,0.000,0.000,0.000,0.000,0.000,0.000,0.013,0.000,0.000,0.013,0.006
125.8049,1258,0,move,-1,125.8049,125.8155,0,0.000,-0.088,0.176,-0.176,-0.088,0.088,-0.264,-0.088,0.176,0.088,-47.285,32.695,-0.088,0.264,0.000,0.000,0.439,0.176,0.000,0.000,0.000,0.000,0.000,0.000,0.000,0.000,0.000,0.000,-47.133,32.667,0.000,0.000,0.000,0.000,0.000,0.000,0.013,3.2,11.30,28.0,0.000,0.000,0.000,0.000,0.000,0.000,0.006,0.000,0.000,0.000,0.000,0.000,0.000,0.013,0.000,0.000,0.013,0.006
125.9048,1259,0,move,-1,125.9048,125.9118,0,0.000,-0.088,0.176,-0.176,-0.088,0.088,-0.264,-0.088,0.176,0.088,-47.285,32.695,-0.088,0.264,0.000,0.000,0.439,0.176,0.000,0.000,0.000,0.000,0.000,0.000,0.000,0.000,0.000,0.000,-47.133,32.667,0.000,0.000,0.000,0.000,0.000,0.000,0.006,3.2,11.30,32.0,0.000,0.000,0.000,0.000,0.000,0.000,0.006,0.000,0.006,0.000,0.006,0.000,0.000,0.006,0.000,0.000,0.006,0.006
126.0050,1260,0,move,-1,126.0050,126.0162,0,0.000,-0.088,0.176,-0.176,-0.088,0.088,-0.264,-0.088,0.176,0.088,-47.285,32.695,-0.088,0.264,0.000,0.000,0.439,0.176,0.000,0.000,0.000,0.000,0.000,0.000,0.000,0.000,0.000,0.000,-47.133,32.667,0.000,0.000,0.000,0.000,0.000,0.000,0.006,2.4,11.30,32.0,0.000,0.000,0.000,0.006,0.000,0.000,0.000,0.000,0.000,0.000,0.006,0.000,0.000,0.006,0.000,0.000,0.006,0.000
126.1049,1261,0,move,-1,126.1049,126.1188,0,0.000,-0.088,0.176,-0.176,-0.088,0.088,-0.264,-0.088,0.176,0.088,-47.285,32.695,-0.088,0.264,0.000,0.000,0.439,0.176,0.000,0.000,0.000,0.000,0.000,0.000,0.000,0.000,0.000,0.000,-47.133,32.667,0.000,0.000,0.000,0.000,0.000,0.000,0.006,2.4,11.30,31.0,0.000,0.000,0.000,0.000,0.000,0.000,0.000,0.000,0.000,0.000,0.006,0.000,0.000,0.006,0.000,0.000,0.006,0.000
126.2049,1262,0,move,-1,126.2049,126.2175,0,0.000,-0.088,0.176,-0.176,-0.088,0.088,-0.264,-0.088,0.176,0.088,-47.285,32.695,-0.088,0.264,0.000,0.000,0.439,0.176,0.000,0.000,0.000,0.000,0.000,0.000,0.000,0.000,0.000,0.000,-47.133,32.667,0.000,0.000,0.000,0.000,0.000,0.000,0.006,2.4,11.30,31.0,0.000,0.000,0.000,0.000,0.000,0.000,0.000,0.000,0.000,0.000,0.006,0.000,0.000,0.006,0.000,0.000,0.006,0.000
126.3049,1263,0,move,-1,126.3049,126.3173,0,0.000,-0.088,0.176,-0.176,-0.088,0.088,-0.264,-0.088,0.176,0.088,-47.285,32.695,-0.088,0.264,0.000,0.000,0.439,0.176,0.000,0.000,0.000,0.000,0.000,0.000,0.000,0.000,0.000,0.000,-47.133,32.667,0.000,0.000,0.000,0.000,0.000,0.000,0.013,3.2,11.30,28.0,0.000,0.000,0.000,0.006,0.000,0.000,0.000,0.000,0.000,0.000,0.006,0.000,0.000,0.013,0.000,0.000,0.013,0.000
126.4047,1264,0,move,-1,126.4047,126.5468,0,0.000,-0.088,0.176,-0.176,-0.088,0.088,-0.264,-0.088,0.176,0.088,-47.285,32.695,-0.088,0.264,0.000,0.000,0.439,0.176,0.000,0.000,0.000,0.000,0.000,0.000,0.000,0.000,0.000,0.000,-47.133,32.667,0.000,0.000,0.000,0.000,0.000,0.000,0.013,3.2,11.30,28.0,0.000,0.000,0.000,0.000,0.000,0.000,0.006,0.000,0.006,0.000,0.000,0.000,0.000,0.013,0.000,0.000,0.006,0.000
126.5610,1265,0,move,-1,126.5610,126.5698,1,0.000,-0.088,0.176,-0.176,-0.088,0.088,-0.264,-0.088,0.176,0.088,-47.285,32.695,-0.088,0.264,0.000,0.000,0.439,0.176,0.000,0.000,0.000,0.000,0.000,0.000,0.000,0.000,0.000,0.000,-47.133,32.667,0.000,0.000,0.000,0.000,0.000,0.000,0.013,3.2,11.30,28.0,0.000,0.000,0.000,0.000,0.000,0.000,0.006,0.000,0.006,0.000,0.000,0.000,0.000,0.013,0.000,0.000,0.006,0.000
126.6051,1266,0,move,-1,126.6051,126.6171,0,0.000,-0.088,0.176,-0.176,-0.088,0.088,-0.264,-0.088,0.176,0.088,-47.285,32.695,-0.088,0.264,0.000,0.000,0.439,0.176,0.000,0.000,0.000,0.000,0.000,0.000,0.000,0.000,0.000,0.000,-47.133,32.667,0.000,0.000,0.000,0.000,0.000,0.000,0.013,3.2,11.30,28.0,0.000,0.000,0.000,0.000,0.000,0.000,0.006,0.000,0.006,0.000,0.000,0.000,0.000,0.013,0.000,0.000,0.006,0.000
126.7049,1267,0,move,-1,126.7049,126.7180,0,0.000,-0.088,0.176,-0.176,-0.088,0.088,-0.264,-0.088,0.176,0.088,-47.285,32.695,-0.088,0.264,0.000,0.000,0.439,0.176,0.000,0.000,0.000,0.000,0.000,0.000,0.000,0.000,0.000,0.000,-47.133,32.667,0.000,0.000,0.000,0.000,0.000,0.000,0.013,4.8,11.30,31.0,0.000,0.000,0.000,0.006,0.000,0.000,0.000,0.000,0.006,0.000,0.000,0.000,0.000,0.006,0.000,0.000,0.013,0.000
126.8048,1268,0,move,-1,126.8048,126.8177,0,0.000,-0.088,0.176,-0.176,-0.088,0.088,-0.264,-0.088,0.176,0.088,-47.285,32.695,-0.088,0.264,0.000,0.000,0.439,0.176,0.000,0.000,0.000,0.000,0.000,0.000,0.000,0.000,0.000,0.000,-47.133,32.667,0.000,0.000,0.000,0.000,0.000,0.000,0.013,4.8,11.30,31.0,0.000,0.000,0.000,0.006,0.000,0.000,0.000,0.000,0.006,0.000,0.000,0.000,0.000,0.006,0.000,0.000,0.013,0.000
126.9090,1269,0,move,-1,126.9090,126.9149,0,0.000,-0.088,0.176,-0.176,-0.088,0.088,-0.264,-0.088,0.176,0.088,-47.285,32.695,-0.088,0.264,0.000,0.000,0.439,0.176,0.000,0.000,0.000,0.000,0.000,0.000,0.000,0.000,0.000,0.000,-47.133,32.667,0.000,0.000,0.000,0.000,0.000,0.000,0.000,0.0,11.30,31.0,0.000,0.000,0.000,0.000,0.000,0.000,0.000,0.000,0.000,0.000,0.000,0.000,0.000,0.000,0.000,0.000,0.000,0.000
127.0049,1270,0,move,-1,127.0049,127.0164,0,0.000,-0.088,0.176,-0.176,-0.088,0.088,-0.264,-0.088,0.176,0.088,-47.285,32.695,-0.088,0.264,0.000,0.000,0.439,0.176,0.000,0.000,0.000,0.000,0.000,0.000,0.000,0.000,0.000,0.000,-47.133,32.667,0.000,0.000,0.000,0.000,0.000,0.000,0.013,3.2,11.30,28.0,0.000,0.000,0.000,0.006,0.000,0.000,0.000,0.000,0.000,0.000,0.006,0.000,0.000,0.013,0.000,0.000,0.006,0.000
127.1049,1271,0,move,-1,127.1049,127.1159,0,0.000,-0.088,0.176,-0.176,-0.088,0.088,-0.264,-0.088,0.176,0.088,-47.285,32.695,-0.088,0.264,0.000,0.000,0.439,0.176,0.000,0.000,0.000,0.000,0.000,0.000,0.000,0.000,0.000,0.000,-47.133,32.667,0.000,0.000,0.000,0.000,0.000,0.000,0.013,3.2,11.30,28.0,0.000,0.000,0.000,0.006,0.000,0.000,0.000,0.000,0.000,0.000,0.006,0.000,0.000,0.013,0.000,0.000,0.006,0.000
127.2091,1272,0,move,-1,127.2091,127.2245,0,0.000,-0.088,0.176,-0.176,-0.088,0.088,-0.264,-0.088,0.176,0.088,-47.285,32.695,-0.088,0.264,0.000,0.000,0.439,0.176,0.000,0.000,0.000,0.000,0.000,0.000,0.000,0.000,0.000,0.000,-47.133,32.667,0.000,0.000,0.000,0.000,0.000,0.000,0.006,3.2,11.30,32.0,0.000,0.000,0.000,0.000,0.000,0.000,0.006,0.000,0.000,0.000,0.000,0.000,0.000,0.006,0.000,0.000,0.006,0.000
127.3050,1273,0,move,-1,127.3050,127.3164,0,0.000,-0.088,0.176,-0.176,-0.088,0.088,-0.264,-0.088,0.176,0.088,-47.285,32.695,-0.088,0.264,0.000,0.000,0.439,0.176,0.000,0.000,0.000,0.000,0.000,0.000,0.000,0.000,0.000,0.000,-47.133,32.667,0.000,0.000,0.000,0.000,0.000,0.000,0.006,3.2,11.30,32.0,0.000,0.000,0.000,0.000,0.000,0.000,0.006,0.000,0.000,0.000,0.000,0.000,0.000,0.006,0.000,0.000,0.006,0.000
127.4048,1274,0,move,-1,127.4048,127.4104,0,0.000,-0.088,0.176,-0.176,-0.088,0.088,-0.264,-0.088,0.176,0.088,-47.285,32.695,-0.088,0.264,0.000,0.000,0.439,0.176,0.000,0.000,0.000,0.000,0.000,0.000,0.000,0.000,0.000,0.000,-47.133,32.667,0.000,0.000,0.000,0.000,0.000,0.000,0.013,3.2,11.30,28.0,0.000,0.000,0.000,0.006,0.000,0.000,0.006,0.000,0.000,0.000,0.000,0.000,0.000,0.013,0.000,0.000,0.006,0.006
127.5049,1275,0,move,-1,127.5049,127.5156,0,0.000,-0.088,0.176,-0.176,-0.088,0.088,-0.264,-0.088,0.176,0.088,-47.285,32.695,-0.088,0.264,0.000,0.000,0.439,0.176,0.000,0.000,0.000,0.000,0.000,0.000,0.000,0.000,0.000,0.000,-47.133,32.667,0.000,0.000,0.000,0.000,0.000,0.000,0.013,3.2,11.30,28.0,0.000,0.000,0.000,0.000,0.000,0.000,0.006,0.000,0.000,0.000,0.006,0.000,0.000,0.013,0.000,0.000,0.013,0.000
127.6048,1276,0,move,-1,127.6048,127.6181,0,0.000,-0.088,0.176,-0.176,-0.088,0.088,-0.264,-0.088,0.176,0.088,-47.285,32.695,-0.088,0.264,0.000,0.000,0.439,0.176,0.000,0.000,0.000,0.000,0.000,0.000,0.000,0.000,0.000,0.000,-47.133,32.667,0.000,0.000,0.000,0.000,0.000,0.000,0.013,3.2,11.30,28.0,0.000,0.000,0.000,0.006,0.000,0.000,0.006,0.000,0.006,0.000,0.000,0.000,0.000,0.013,0.000,0.000,0.006,0.006
127.7106,1277,0,move,-1,127.7106,127.7219,0,0.000,-0.088,0.176,-0.176,-0.088,0.088,-0.264,-0.088,0.176,0.088,-47.285,32.695,-0.088,0.264,0.000,0.000,0.439,0.176,0.000,0.000,0.000,0.000,0.000,0.000,0.000,0.000,0.000,0.000,-47.133,32.667,0.000,0.000,0.000,0.000,0.000,0.000,0.013,3.2,11.30,28.0,0.000,0.000,0.000,0.006,0.000,0.000,0.006,0.000,0.006,0.000,0.000,0.000,0.000,0.013,0.000,0.000,0.006,0.000
127.8048,1278,0,move,-1,127.8048,127.8154,0,0.000,-0.088,0.176,-0.176,-0.088,0.088,-0.264,-0.088,0.176,0.088,-47.285,32.695,-0.088,0.264,0.000,0.000,0.439,0.176,0.000,0.000,0.000,0.000,0.000,0.000,0.000,0.000,0.000,0.000,-47.133,32.667,0.000,0.000,0.000,0.000,0.000,0.000,0.013,3.2,11.30,28.0,0.000,0.000,0.000,0.006,0.000,0.000,0.006,0.000,0.006,0.000,0.000,0.000,0.000,0.013,0.000,0.000,0.006,0.000
127.9048,1279,0,move,-1,127.9048,127.9264,0,0.000,-0.088,0.176,-0.176,-0.088,0.088,-0.264,-0.088,0.176,0.088,-47.285,32.695,-0.088,0.264,0.000,0.000,0.439,0.176,0.000,0.000,0.000,0.000,0.000,0.000,0.000,0.000,0.000,0.000,-47.133,32.667,0.000,0.000,0.000,0.000,0.000,0.000,0.013,3.2,11.30,28.0,0.000,,0.000,0.006,0.000,0.000,0.000,0.000,0.000,0.000,0.006,0.000,0.000,0.013,0.000,0.000,0.006,0.000
128.0050,1280,0,move,-1,128.0050,128.0154,0,0.000,-0.088,0.176,-0.176,-0.088,0.088,-0.264,-0.088,0.176,0.088,-47.285,32.695,-0.088,0.264,0.000,0.000,0.439,0.176,0.000,0.000,0.000,0.000,0.000,0.000,0.000,0.000,0.000,0.000,-47.033,32.619,0.000,0.000,0.000,0.000,0.000,0.000,0.013,3.2,11.30,28.0,0.000,,0.000,0.006,0.000,0.000,0.000,0.000,0.000,0.000,0.006,0.000,0.000,0.013,0.000,0.000,0.006,0.000
128.1050,1281,0,move,-1,128.1050,128.1172,0,0.000,-0.088,0.176,-0.176,-0.088,0.088,-0.264,-0.088,0.176,0.088,-47.197,32.695,-0.088,0.264,0.000,0.000,0.439,0.176,0.000,0.000,0.000,0.000,0.000,0.000,0.000,0.000,0.000,0.000,-46.742,32.477,0.000,0.000,0.000,0.000,0.000,0.000,0.006,3.2,11.20,32.0,0.000,0.000,0.000,0.000,0.000,0.000,0.006,0.000,0.000,0.000,0.000,0.000,0.000,0.006,0.000,0.000,0.006,0.006
128.2048,1282,0,move,-1,128.2048,128.2146,0,0.000,-0.088,0.176,-0.176,-0.088,0.088,-0.264,-0.088,0.176,0.088,-47.109,32.695,-0.088,0.264,0.000,0.000,0.439,0.176,0.000,0.000,0.000,0.000,0.000,0.000,0.000,0.000,0.000,0.000,-46.288,32.255,0.000,0.000,0.000,0.000,0.000,0.000,0.006,3.2,11.20,32.0,0.000,0.000,0.000,0.000,0.000,0.000,0.006,0.000,0.000,0.000,0.000,0.000,0.000,0.006,0.000,0.000,0.006,0.006
128.3049,1283,0,move,-1,128.3049,128.3160,0,0.000,-0.088,0.176,-0.176,-0.088,0.088,-0.264,-0.088,0.176,0.088,-46.582,32.256,-0.088,0.264,0.000,0.000,0.439,0.176,0.000,0.000,0.000,0.000,0.000,0.000,0.000,0.000,0.000,0.000,-45.712,31.972,0.000,0.000,0.000,0.000,0.000,0.000,0.013,3.2,11.30,28.0,0.000,0.000,0.000,0.006,0.000,0.000,0.000,0.000,0.006,0.000,0.006,0.000,0.000,0.013,0.000,0.000,0.013,0.006
128.4048,1284,0,move,-1,128.4048,128.4148,0,0.000,-0.088,0.176,-0.176,-0.088,0.088,-0.264,-0.088,0.176,0.088,-46.055,32.080,-0.088,0.264,0.000,0.000,0.439,0.176,0.000,0.000,0.000,0.000,0.000,0.000,0.000,0.000,0.000,0.000,-45.069,31.653,0.000,0.000,0.000,0.000,0.000,0.000,0.013,3.2,11.30,28.0,0.000,0.000,0.000,0.006,0.000,0.000,0.000,0.000,0.006,0.000,0.006,0.000,0.000,0.013,0.000,0.000,0.013,0.006
128.5048,1285,0,move,-1,128.5048,128.5193,0,0.000,-0.088,0.176,-0.176,-0.088,0.088,-0.264,-0.088,0.176,0.088,-45.527,31.729,-0.088,0.264,0.000,0.000,0.439,0.176,0.000,0.000,0.000,0.000,0.000,0.000,0.000,0.000,0.000,0.000,-44.421,31.329,0.000,0.000,0.000,0.000,0.000,0.000,0.000,0.0,11.30,31.0,0.000,0.000,0.000,0.000,0.000,0.000,0.000,0.000,0.000,0.000,0.000,0.000,0.000,0.000,0.000,0.000,0.000,0.000
128.6049,1286,0,move,-1,128.6049,128.6162,0,0.000,-0.088,0.176,-0.176,-0.088,0.088,-0.264,-0.088,0.176,0.088,-45.176,31.289,-0.088,0.264,0.000,0.000,0.439,0.176,0.000,0.000,0.000,0.000,0.000,0.000,0.000,0.000,0.000,0.000,-43.833,31.033,0.000,0.000,0.000,0.000,0.000,0.000,0.000,0.0,11.30,31.0,0.000,0.000,0.000,0.000,0.000,0.000,0.000,0.000,0.000,0.000,0.000,0.000,0.000,0.000,0.000,0.000,0.000,0.000
128.7048,1287,0,move,-1,128.7048,128.7167,0,0.000,-0.088,0.176,-0.176,-0.088,0.088,-0.264,-0.088,0.176,0.088,-44.385,31.201,-0.088,0.264,0.000,0.000,0.439,0.176,0.000,0.000,0.000,0.000,0.000,0.000,0.000,0.000,0.000,0.000,-43.362,30.795,0.000,0.000,0.000,0.000,0.000,0.000,0.013,3.2,11.30,28.0,0.000,0.000,0.000,0.000,0.000,0.000,0.006,0.000,0.006,0.000,0.006,0.000,0.000,0.013,0.000,0.000,0.006,0.000
128.8049,1288,0,move,-1,128.8049,128.8160,0,0.000,-0.088,0.176,-0.176,-0.088,0.088,-0.264,-0.088,0.176,0.088,-43.770,30.762,-0.088,0.264,0.000,0.000,0.439,0.176,0.000,0.000,0.000,0.000,0.000,0.000,0.000,0.000,0.000,0.000,-43.059,30.640,0.000,0.000,0.000,0.000,0.000,0.000,0.013,3.2,11.30,28.0,0.000,0.000,0.000,0.000,0.000,0.000,0.006,0.000,0.006,0.000,0.006,0.000,0.000,0.013,0.000,0.000,0.006,0.000
128.9056,1289,0,move,-1,128.9056,128.9116,0,0.000,-0.088,0.176,-0.176,-0.088,0.088,-0.264,-0.088,0.176,0.088,-43.242,30.674,-0.088,0.264,0.000,0.000,0.439,0.176,0.000,0.000,0.000,0.000,0.000,0.000,0.000,0.000,0.000,0.000,-42.955,30.587,0.000,0.000,0.000,0.000,0.000,0.000,0.013,4.8,11.30,31.0,0.000,0.000,0.000,0.000,0.000,0.000,0.006,0.000,0.000,0.000,0.000,0.000,0.000,0.006,0.000,0.000,0.013,0.006
129.0049,1290,0,move,-1,129.0049,129.0163,0,0.000,-0.088,0.176,-0.176,-0.088,0.088,-0.264,-0.088,0.176,0.088,-43.154,30.674,-0.088,0.264,0.000,0.000,0.439,0.176,0.000,0.000,0.000,0.000,0.000,0.000,0.000,0.000,0.000,0.000,-42.955,30.587,0.000,0.000,0.000,0.000,0.000,0.000,0.006,3.2,11.20,32.0,0.000,0.000,0.000,0.000,0.000,0.000,0.006,0.000,0.006,0.000,0.006,0.000,0.000,0.006,0.000,0.000,0.006,0.006
129.1049,1291,0,move,-1,129.1049,129.1154,0,0.000,-0.088,0.176,-0.176,-0.088,0.088,-0.264,-0.088,0.176,0.088,-43.154,30.674,-0.088,0.264,0.000,0.000,0.439,0.176,0.000,0.000,0.000,0.000,0.000,0.000,0.000,0.000,0.000,0.000,-42.955,30.587,0.000,0.000,0.000,0.000,0.000,0.000,0.006,3.2,11.20,32.0,0.000,0.000,0.000,0.000,0.000,0.000,0.006,0.000,0.006,0.000,0.006,0.000,0.000,0.006,0.000,0.000,0.006,0.006
129.2049,1292,0,move,-1,129.2049,129.2158,0,0.000,-0.088,0.176,-0.176,-0.088,0.088,-0.264,-0.088,0.176,0.088,-43.154,30.674,-0.088,0.264,0.000,0.000,0.439,0.176,0.000,0.000,0.000,0.000,0.000,0.000,0.000,0.000,0.000,0.000,-42.955,30.587,0.000,0.000,0.000,0.000,0.000,0.000,0.006,3.2,11.30,32.0,0.000,0.000,0.000,0.000,0.000,0.000,0.006,0.000,0.000,0.000,0.006,0.000,0.000,0.006,0.000,0.000,0.006,0.000
129.3049,1293,0,move,-1,129.3049,129.3178,0,0.000,-0.088,0.176,-0.176,-0.088,0.088,-0.264,-0.088,0.176,0.088,-43.154,30.674,-0.088,0.264,0.000,0.000,0.439,0.176,0.000,0.000,0.000,0.000,0.000,0.000,0.000,0.000,0.000,0.000,-42.955,30.587,0.000,0.000,0.000,0.000,0.000,0.000,0.013,3.2,11.30,28.0,0.000,0.000,0.000,0.006,0.000,0.000,0.000,0.000,0.000,0.000,0.000,0.000,0.000,0.013,0.000,0.000,0.006,0.000
129.4049,1294,0,move,-1,129.4049,129.4162,0,0.000,-0.088,0.176,-0.176,-0.088,0.088,-0.264,-0.088,0.176,0.088,-43.154,30.674,-0.088,0.264,0.000,0.000,0.439,0.176,0.000,0.000,0.000,0.000,0.000,0.000,0.000,0.000,0.000,0.000,-42.955,30.587,0.000,0.000,0.000,0.000,0.000,0.000,0.013,3.2,11.30,28.0,0.000,0.000,0.000,0.006,0.000,0.000,0.000,0.000,0.000,0.000,0.000,0.000,0.000,0.013,0.000,0.000,0.006,0.000
129.5199,1295,0,move,-1,129.5199,129.5710,0,0.000,-0.088,0.176,-0.176,-0.088,0.088,-0.264,-0.088,0.176,0.088,-43.154,30.674,-0.088,0.264,0.000,0.000,0.439,0.176,0.000,0.000,0.000,0.000,0.000,0.000,0.000,0.000,0.000,0.000,-42.955,30.587,0.000,0.000,0.000,0.000,0.000,0.000,0.006,3.2,11.30,32.0,0.000,0.000,0.000,0.000,0.000,0.000,0.006,0.000,0.000,0.000,0.000,0.000,0.000,0.006,0.000,0.000,0.006,0.000
129.6048,1296,0,move,-1,129.6048,129.6195,0,0.000,-0.088,0.176,-0.176,-0.088,0.088,-0.264,-0.088,0.176,0.088,-43.154,30.674,-0.088,0.264,0.000,0.000,0.439,0.176,0.000,0.000,0.000,0.000,0.000,0.000,0.000,0.000,0.000,0.000,-42.955,30.587,0.000,0.000,0.000,0.000,0.000,0.000,0.006,3.2,11.30,32.0,0.000,0.000,0.000,0.000,0.000,0.000,0.006,0.000,0.000,0.000,0.000,0.000,0.000,0.006,0.000,0.000,0.006,0.000
129.7048,1297,0,move,-1,129.7048,129.7157,0,0.000,-0.088,0.176,-0.176,-0.088,0.088,-0.264,-0.088,0.176,0.088,-43.154,30.674,-0.088,0.264,0.000,0.000,0.439,0.176,0.000,0.000,0.000,0.000,0.000,0.000,0.000,0.000,0.000,0.000,-42.955,30.587,0.000,0.000,0.000,0.000,0.000,0.000,0.006,2.4,11.30,32.0,0.000,0.000,0.006,0.000,0.000,0.000,0.000,0.000,0.000,0.000,0.000,0.000,0.000,0.006,0.000,0.000,0.006,0.000
129.8048,1298,0,move,-1,129.8048,129.8105,0,0.000,-0.088,0.176,-0.176,-0.088,0.088,-0.264,-0.088,0.176,0.088,-43.154,30.674,-0.088,0.264,0.000,0.000,0.439,0.176,0.000,0.000,0.000,0.000,0.000,0.000,0.000,0.000,0.000,0.000,-42.955,30.587,0.000,0.000,0.000,0.000,0.000,0.000,0.006,2.4,11.30,32.0,0.000,0.000,0.006,0.000,0.000,0.000,0.000,0.000,0.000,0.000,0.000,0.000,0.000,0.006,0.000,0.000,0.006,0.000
129.9050,1299,0,move,-1,129.9050,129.9186,0,0.000,-0.088,0.176,-0.176,-0.088,0.088,-0.264,-0.088,0.176,0.088,-43.154,30.674,-0.088,0.264,0.000,0.000,0.439,0.176,0.000,0.000,0.000,0.000,0.000,0.000,0.000,0.000,0.000,0.000,-42.955,30.587,0.000,0.000,0.000,0.000,0.000,0.000,0.013,3.2,11.30,28.0,0.000,0.000,0.000,0.000,0.000,0.000,0.006,0.000,0.000,0.000,0.000,0.000,0.000,0.013,0.000,0.000,0.006,0.006
130.0048,1300,0,move,-1,130.0048,130.0165,0,0.000,-0.088,0.176,-0.176,-0.088,0.088,-0.264,-0.088,0.176,0.088,-43.154,30.674,-0.088,0.264,0.000,0.000,0.439,0.176,0.000,0.000,0.000,0.000,0.000,0.000,0.000,0.000,0.000,0.000,-42.955,30.587,0.000,0.000,0.000,0.000,0.000,0.000,0.013,3.2,11.30,28.0,0.000,0.000,0.000,0.000,0.000,0.000,0.006,0.000,0.000,0.000,0.000,0.000,0.000,0.013,0.000,0.000,0.006,0.006
130.1049,1301,0,move,-1,130.1049,130.1177,0,0.000,-0.088,0.176,-0.176,-0.088,0.088,-0.264,-0.088,0.176,0.088,-43.154,30.674,-0.088,0.264,0.000,0.000,0.439,0.176,0.000,0.000,0.000,0.000,0.000,0.000,0.000,0.000,0.000,0.000,-42.955,30.587,0.000,0.000,0.000,0.000,0.000,0.000,0.006,3.2,11.30,32.0,0.000,0.000,0.000,0.000,0.000,0.000,0.006,0.000,0.000,0.000,0.000,0.000,0.000,0.006,0.000,0.000,0.006,0.006
130.2088,1302,0,move,-1,130.2088,130.2190,0,0.000,-0.088,0.176,-0.176,-0.088,0.088,-0.264,-0.088,0.176,0.088,-43.154,30.674,-0.088,0.264,0.000,0.000,0.439,0.176,0.000,0.000,0.000,0.000,0.000,0.000,0.000,0.000,0.000,0.000,-42.955,30.587,0.000,0.000,0.000,0.000,0.000,0.000,0.013,3.2,11.30,28.0,0.000,0.000,0.000,0.000,0.000,0.000,0.006,0.000,0.000,0.000,0.006,0.000,0.000,0.013,0.000,0.000,0.006,0.006
130.3099,1303,0,move,-1,130.3099,130.3529,0,0.000,-0.088,0.176,-0.176,-0.088,0.088,-0.264,-0.088,0.176,0.088,-43.154,30.674,-0.088,0.264,0.000,0.000,0.439,0.176,0.000,0.000,0.000,0.000,0.000,0.000,0.000,0.000,0.000,0.000,-42.955,30.587,0.000,0.000,0.000,0.000,0.000,0.000,0.013,3.2,11.30,28.0,0.000,0.000,0.000,0.000,0.000,0.000,0.006,0.000,0.000,0.000,0.000,0.000,0.000,0.013,0.000,0.000,0.006,0.000
130.4048,1304,0,move,-1,130.4048,130.4211,0,0.000,-0.088,0.176,-0.176,-0.088,0.088,-0.264,-0.088,0.176,0.088,-43.154,30.674,-0.088,0.264,0.000,0.000,0.439,0.176,0.000,0.000,0.000,0.000,0.000,0.000,0.000,0.000,0.000,0.000,-42.955,30.587,0.000,0.000,0.000,0.000,0.000,0.000,0.013,3.2,11.30,28.0,0.000,0.000,0.000,0.000,0.000,0.000,0.006,0.000,0.000,0.000,0.000,0.000,0.000,0.013,0.000,0.000,0.006,0.000
130.5048,1305,0,move,-1,130.5048,130.5147,0,0.000,-0.088,0.176,-0.176,-0.088,0.088,-0.264,-0.088,0.176,0.088,-43.154,30.674,-0.088,0.264,0.000,0.000,0.439,0.176,0.000,0.000,0.000,0.000,0.000,0.000,0.000,0.000,0.000,0.000,-42.955,30.587,0.000,0.000,0.000,0.000,0.000,0.000,0.006,2.4,11.30,32.0,0.000,0.000,0.000,0.006,0.000,0.000,0.006,0.000,0.006,0.000,0.000,0.000,0.000,0.006,0.000,0.000,0.006,0.000
130.6049,1306,0,move,-1,130.6049,130.6171,0,0.000,-0.088,0.176,-0.176,-0.088,0.088,-0.264,-0.088,0.176,0.088,-43.154,30.674,-0.088,0.264,0.000,0.000,0.439,0.176,0.000,0.000,0.000,0.000,0.000,0.000,0.000,0.000,0.000,0.000,-42.955,30.587,0.000,0.000,0.000,0.000,0.000,0.000,0.013,3.2,11.30,28.0,0.000,0.000,0.000,0.000,0.000,0.000,0.006,0.000,0.000,0.000,0.006,0.000,0.000,0.013,0.000,0.000,0.006,0.006
130.7129,1307,0,move,-1,130.7129,130.7220,0,0.000,-0.088,0.176,-0.176,-0.088,0.088,-0.264,-0.088,0.176,0.088,-43.154,30.674,-0.088,0.264,0.000,0.000,0.439,0.176,0.000,0.000,0.000,0.000,0.000,0.000,0.000,0.000,0.000,0.000,-42.955,30.587,0.000,0.000,0.000,0.000,0.000,0.000,0.006,2.4,11.30,32.0,0.000,0.000,0.000,0.006,0.000,0.000,0.006,0.000,0.000,0.000,0.000,0.000,0.000,0.006,0.000,0.000,0.006,0.000
130.8049,1308,0,move,-1,130.8049,130.8179,0,0.000,-0.088,0.176,-0.176,-0.088,0.088,-0.264,-0.088,0.176,0.088,-43.154,30.674,-0.088,0.264,0.000,0.000,0.439,0.176,0.000,0.000,0.000,0.000,0.000,0.000,0.000,0.000,0.000,0.000,-42.955,30.587,0.000,0.000,0.000,0.000,0.000,0.000,0.006,2.4,11.30,32.0,0.000,0.000,0.000,0.006,0.000,0.000,0.006,0.000,0.000,0.000,0.000,0.000,0.000,0.006,0.000,0.000,0.006,0.000
130.9048,1309,0,move,-1,130.9048,130.9140,0,0.000,-0.088,0.176,-0.176,-0.088,0.088,-0.264,-0.088,0.176,0.088,-43.154,30.674,-0.088,0.264,0.000,0.000,0.439,0.176,0.000,0.000,0.000,0.000,0.000,0.000,0.000,0.000,0.000,0.000,-42.955,30.587,0.000,0.000,0.000,0.000,0.000,0.000,0.013,3.2,11.30,28.0,0.000,0.000,0.000,0.006,0.000,0.000,0.006,0.000,0.000,0.000,0.006,0.000,0.000,0.013,0.000,0.000,0.006,0.000
131.0049,1310,0,move,-1,131.0049,131.0146,0,0.000,-0.088,0.176,-0.176,-0.088,0.088,-0.264,-0.088,0.176,0.088,-43.154,30.674,-0.088,0.264,0.000,0.000,0.439,0.176,0.000,0.000,0.000,0.000,0.000,0.000,0.000,0.000,0.000,0.000,-42.955,30.587,0.000,0.000,0.000,0.000,0.000,0.000,0.013,3.2,11.30,28.0,0.000,0.000,0.000,0.000,0.000,0.000,0.006,0.000,0.000,0.000,0.000,0.000,0.000,0.013,0.000,0.000,0.006,0.000
131.1048,1311,0,move,-1,131.1048,131.1141,0,0.000,-0.088,0.176,-0.176,-0.088,0.088,-0.264,-0.088,0.176,0.088,-43.154,30.674,-0.088,0.264,0.000,0.000,0.439,0.176,0.000,0.000,0.000,0.000,0.000,0.000,0.000,0.000,0.000,0.000,-42.955,30.587,0.000,0.000,0.000,0.000,0.000,0.000,0.013,3.2,11.30,28.0,0.000,0.000,0.000,0.000,0.000,0.000,0.006,0.000,0.000,0.000,0.000,0.000,0.000,0.013,0.000,0.000,0.006,0.000
131.2100,1312,0,move,-1,131.2100,131.2501,0,0.000,-0.088,0.176,-0.176,-0.088,0.088,-0.264,-0.088,0.176,0.088,-43.154,30.674,-0.088,0.264,0.000,0.000,0.439,0.176,0.000,0.000,0.000,0.000,0.000,0.000,0.000,0.000,0.000,0.000,-42.955,30.587,0.000,0.000,0.000,0.000,0.000,0.000,0.006,3.2,11.30,32.0,0.000,0.000,0.000,0.000,0.000,0.000,0.006,0.000,0.000,0.000,0.000,0.000,0.000,0.006,0.000,0.000,0.006,0.000
131.3051,1313,0,move,-1,131.3051,131.3150,0,0.000,-0.088,0.176,-0.176,-0.088,0.088,-0.264,-0.088,0.176,0.088,-43.154,30.674,-0.088,0.264,0.000,0.000,0.439,0.176,0.000,0.000,0.000,0.000,0.000,0.000,0.000,0.000,0.000,0.000,-42.955,30.587,0.000,0.000,0.000,0.000,0.000,0.000,0.006,3.2,11.30,32.0,0.000,0.000,0.000,0.000,0.000,0.000,0.006,0.000,0.000,0.000,0.000,0.000,0.000,0.006,0.000,0.000,0.006,0.000
131.4048,1314,0,move,-1,131.4048,131.4166,0,0.000,-0.088,0.176,-0.176,-0.088,0.088,-0.264,-0.088,0.176,0.088,-43.154,30.674,-0.088,0.264,0.000,0.000,0.439,0.176,0.000,0.000,0.000,0.000,0.000,0.000,0.000,0.000,0.000,0.000,-42.955,30.587,0.000,0.000,0.000,0.000,0.000,0.000,0.013,3.2,11.30,28.0,0.000,0.000,0.000,0.000,0.000,0.000,0.000,0.000,0.000,0.000,0.000,0.000,0.000,0.013,0.000,0.006,0.013,0.006
131.5058,1315,0,move,-1,131.5058,131.5621,0,0.000,-0.088,0.176,-0.176,-0.088,0.088,-0.264,-0.088,0.176,0.088,-43.154,30.674,-0.088,0.264,0.000,0.000,0.439,0.176,0.000,0.000,0.000,0.000,0.000,0.000,0.000,0.000,0.000,0.000,-42.955,30.587,0.000,0.000,0.000,0.000,0.000,0.000,0.013,3.2,11.30,28.0,0.000,0.000,0.000,0.000,0.000,0.000,0.006,0.000,0.006,0.006,0.000,0.000,0.000,0.013,0.000,0.000,0.006,0.000
131.6048,1316,0,move,-1,131.6048,131.6178,0,0.000,-0.088,0.176,-0.176,-0.088,0.088,-0.264,-0.088,0.176,0.088,-43.154,30.674,-0.088,0.264,0.000,0.000,0.439,0.176,0.000,0.000,0.000,0.000,0.000,0.000,0.000,0.000,0.000,0.000,-42.955,30.587,0.000,0.000,0.000,0.000,0.000,0.000,0.013,3.2,11.30,28.0,0.000,0.000,0.000,0.000,0.000,0.000,0.006,0.000,0.006,0.006,0.000,0.000,0.000,0.013,0.000,0.000,0.006,0.000
131.7048,1317,0,move,-1,131.7048,131.7171,0,0.000,-0.088,0.176,-0.176,-0.088,0.088,-0.264,-0.088,0.176,0.088,-43.154,30.674,-0.088,0.264,0.000,0.000,0.439,0.176,0.000,0.000,0.000,0.000,0.000,0.000,0.000,0.000,0.000,0.000,-42.955,30.587,0.000,0.000,0.000,0.000,0.000,0.000,0.013,4.8,11.30,31.0,0.000,0.000,0.000,0.000,0.000,0.000,0.006,0.000,0.000,0.000,0.000,0.000,0.000,0.006,0.000,0.000,0.013,0.006
131.8049,1318,0,move,-1,131.8049,131.8166,0,0.000,-0.088,0.176,-0.176,-0.088,0.088,-0.264,-0.088,0.176,0.088,-43.154,30.674,-0.088,0.264,0.000,0.000,0.439,0.176,0.000,0.000,0.000,0.000,0.000,0.000,0.000,0.000,0.000,0.000,-42.955,30.587,0.000,0.000,0.000,0.000,0.000,0.000,0.013,4.8,11.30,31.0,0.000,0.000,0.000,0.000,0.000,0.000,0.006,0.000,0.000,0.000,0.000,0.000,0.000,0.006,0.000,0.000,0.013,0.006
131.9049,1319,0,move,-1,131.9049,131.9152,0,0.000,-0.088,0.176,-0.176,-0.088,0.088,-0.264,-0.088,0.176,0.088,-43.154,30.674,-0.088,0.264,0.000,0.000,0.439,0.176,0.000,0.000,0.000,0.000,0.000,0.000,0.000,0.000,0.000,0.000,-42.955,30.587,0.000,0.000,0.000,0.000,0.000,0.000,0.013,3.2,11.30,28.0,0.000,0.000,0.000,0.000,0.000,0.000,0.006,0.000,0.000,0.000,0.006,0.000,0.000,0.013,0.000,0.000,0.006,0.000
132.0048,1320,0,move,-1,132.0048,132.0154,0,0.000,-0.088,0.176,-0.176,-0.088,0.088,-0.264,-0.088,0.176,0.088,-43.154,30.674,-0.088,0.264,0.000,0.000,0.439,0.176,0.000,0.000,0.000,0.000,0.000,0.000,0.000,0.000,0.000,0.000,-43.059,30.640,0.000,0.000,0.000,0.000,0.000,0.000,0.006,2.4,11.30,32.0,0.000,0.000,0.006,0.006,0.000,0.000,0.006,0.000,0.000,0.000,0.000,0.000,0.000,0.006,0.000,0.000,0.006,0.000
132.1048,1321,0,move,-1,132.1048,132.1159,0,0.000,-0.088,0.176,-0.176,-0.088,0.088,-0.264,-0.088,0.176,0.088,-43.154,30.674,-0.088,0.264,0.000,0.000,0.439,0.176,0.000,0.000,0.000,0.000,0.000,0.000,0.000,0.000,0.000,0.000,-43.362,30.795,0.000,0.000,0.000,0.000,0.000,0.000,0.006,2.4,11.30,32.0,0.000,0.000,0.000,0.006,0.000,0.000,0.000,0.000,0.000,0.000,0.000,0.000,0.000,0.006,0.000,0.000,0.006,0.006
132.2048,1322,0,move,-1,132.2048,132.2152,0,0.000,-0.088,0.176,-0.176,-0.088,0.088,-0.264,-0.088,0.176,0.088,-43.154,30.674,-0.088,0.264,0.000,0.000,0.439,0.176,0.000,0.000,0.000,0.000,0.000,0.000,0.000,0.000,0.000,0.000,-43.833,31.033,0.000,0.000,0.000,0.000,0.000,0.000,0.006,2.4,11.30,32.0,0.000,0.000,0.000,0.006,0.000,0.000,0.000,0.000,0.000,0.000,0.000,0.000,0.000,0.006,0.000,0.000,0.006,0.006
132.3049,1323,0,move,-1,132.3049,132.3163,0,0.000,-0.088,0.176,-0.176,-0.088,0.088,-0.264,-0.088,0.176,0.088,-43.154,31.113,-0.088,0.264,0.000,0.000,0.439,0.176,0.000,0.000,0.000,0.000,0.000,0.000,0.000,0.000,0.000,0.000,-44.421,31.329,0.000,0.000,0.000,0.000,0.000,0.000,0.006,2.4,11.30,32.0,0.000,0.000,0.000,0.006,0.000,0.000,0.006,0.000,0.000,0.000,0.006,0.006,0.000,0.006,0.000,0.000,0.006,0.000
132.4050,1324,0,move,-1,132.4050,132.4183,0,0.000,-0.088,0.176,-0.176,-0.088,0.088,-0.264,-0.088,0.176,0.088,-43.857,31.113,-0.088,0.264,0.000,0.000,0.439,0.176,0.000,0.000,0.000,0.000,0.000,0.000,0.000,0.000,0.000,0.000,-45.069,31.653,0.000,0.000,0.000,0.000,0.000,0.000,0.019,7.2,11.30,31.0,0.000,0.000,0.000,0.000,0.000,0.000,0.000,0.000,0.000,0.000,0.019,0.000,0.000,0.013,0.000,0.000,0.013,0.006
132.5048,1325,0,move,-1,132.5048,132.5180,0,0.000,-0.088,0.176,-0.176,-0.088,0.088,-0.264,-0.088,0.176,0.088,-44.473,31.641,-0.088,0.264,0.000,0.000,0.439,0.176,0.000,0.000,0.000,0.000,0.000,0.000,0.000,0.000,0.000,0.000,-45.712,31.972,0.000,0.000,0.000,0.000,0.000,0.000,0.019,7.2,11.30,31.0,0.000,0.000,0.000,0.000,0.000,0.000,0.000,0.000,0.000,0.000,0.019,0.000,0.000,0.013,0.000,0.000,0.013,0.006
132.6049,1326,0,move,-1,132.6049,132.6160,0,0.000,-0.088,0.176,-0.176,-0.088,0.088,-0.264,-0.088,0.176,0.088,-45.088,31.904,-0.088,0.264,0.000,0.000,0.439,0.176,0.000,0.000,0.000,0.000,0.000,0.000,0.000,0.000,0.000,0.000,-46.288,32.255,0.000,0.000,0.000,0.000,0.000,0.000,0.013,7.2,11.30,30.0,0.000,0.000,0.000,0.000,0.000,0.000,0.000,0.000,0.000,0.000,0.013,0.000,0.000,0.013,0.000,0.000,0.006,0.006
132.7049,1327,0,move,-1,132.7049,132.7146,0,0.000,-0.088,0.176,-0.176,-0.088,0.088,-0.264,-0.088,0.176,0.088,-45.703,32.168,-0.088,0.264,0.000,0.000,0.439,0.176,0.000,0.000,0.000,0.000,0.000,0.000,0.000,0.000,0.000,0.000,-46.742,32.477,0.000,0.000,0.000,0.000,0.000,0.000,0.013,7.2,11.30,30.0,0.000,0.000,0.000,0.000,0.000,0.000,0.000,0.000,0.000,0.000,0.013,0.000,0.000,0.013,0.000,0.000,0.006,0.006
132.8054,1328,0,move,-1,132.8054,132.8156,0,0.000,-0.088,0.176,-0.176,-0.088,0.088,-0.264,-0.088,0.176,0.088,-46.143,32.520,-0.088,0.264,0.000,0.000,0.439,0.176,0.000,0.000,0.000,0.000,0.000,0.000,0.000,0.000,0.000,0.000,-47.033,32.619,0.000,0.000,0.000,0.000,0.000,0.000,0.013,8.0,11.30,31.0,0.000,0.000,0.000,0.000,0.000,0.000,0.006,0.000,0.000,0.000,0.013,0.000,0.000,0.013,0.000,0.000,0.013,0.006
132.9048,1329,0,move,-1,132.9048,132.9150,0,0.000,-0.088,0.176,-0.176,-0.088,0.088,-0.264,-0.088,0.176,0.088,-46.582,32.607,-0.088,0.264,0.000,0.000,0.439,0.176,0.000,0.000,0.000,0.000,0.000,0.000,0.000,0.000,0.000,0.000,-47.133,32.667,0.000,0.000,0.000,0.000,0.000,0.000,0.013,8.0,11.30,31.0,0.000,0.000,0.000,0.000,0.000,0.000,0.006,0.000,0.000,0.000,0.013,0.000,0.000,0.013,0.000,0.000,0.013,0.006
133.0077,1330,0,move,-1,133.0077,133.0138,0,0.000,-0.088,0.176,-0.176,-0.088,0.088,-0.264,-0.088,0.176,0.088,-46.582,32.607,-0.088,0.264,0.000,0.000,0.439,0.176,0.000,0.000,0.000,0.000,0.000,0.000,0.000,0.000,0.000,0.000,-47.133,32.667,0.000,0.000,0.000,0.000,0.000,0.000,0.013,3.2,11.30,28.0,0.000,0.000,0.000,0.000,0.000,0.000,0.006,0.000,0.006,0.000,0.006,0.000,0.000,0.013,0.000,0.000,0.006,0.006
133.1047,1331,0,move,-1,133.1047,133.1159,0,0.000,-0.088,0.176,-0.176,-0.088,0.088,-0.264,-0.088,0.176,0.088,-46.582,32.607,-0.088,0.264,0.000,0.000,0.439,0.176,0.000,0.000,0.000,0.000,0.000,0.000,0.000,0.000,0.000,0.000,-47.133,32.667,0.000,0.000,0.000,0.000,0.000,0.000,0.013,3.2,11.30,28.0,0.000,0.000,0.000,0.000,0.000,0.000,0.006,0.000,0.000,0.000,0.006,0.000,0.000,0.013,0.000,0.000,0.006,0.000
133.2048,1332,0,move,-1,133.2048,133.2187,0,0.000,-0.088,0.176,-0.176,-0.088,0.088,-0.264,-0.088,0.176,0.088,-46.582,32.607,-0.088,0.264,0.000,0.000,0.439,0.176,0.000,0.000,0.000,0.000,0.000,0.000,0.000,0.000,0.000,0.000,-47.133,32.667,0.000,0.000,0.000,0.000,0.000,0.000,0.013,5.6,11.30,31.0,0.000,0.000,0.000,0.006,0.000,0.000,0.006,0.000,0.000,0.000,0.013,0.000,0.000,0.013,0.000,0.000,0.006,0.000
133.3048,1333,0,move,-1,133.3048,133.3136,0,0.000,-0.088,0.176,-0.176,-0.088,0.088,-0.264,-0.088,0.176,0.088,-46.582,32.607,-0.088,0.264,0.000,0.000,0.439,0.176,0.000,0.000,0.000,0.000,0.000,0.000,0.000,0.000,0.000,0.000,-47.133,32.667,0.000,0.000,0.000,0.000,0.000,0.000,0.013,5.6,11.30,31.0,0.000,0.000,0.000,0.006,0.000,0.000,0.006,0.000,0.000,0.000,0.013,0.000,0.000,0.013,0.000,0.000,0.006,0.000
133.4049,1334,0,move,-1,133.4049,133.4182,0,0.000,-0.088,0.176,-0.176,-0.088,0.088,-0.264,-0.088,0.176,0.088,-46.582,32.607,-0.088,0.264,0.000,0.000,0.439,0.176,0.000,0.000,0.000,0.000,0.000,0.000,0.000,0.000,0.000,0.000,-47.133,32.667,0.000,0.000,0.000,0.000,0.000,0.000,0.013,5.6,11.20,31.0,0.000,0.000,0.000,0.000,0.000,0.000,0.000,0.000,0.000,0.000,0.013,0.000,0.000,0.013,0.000,0.000,0.006,0.000
133.5049,1335,0,move,-1,133.5049,133.5158,0,0.000,-0.088,0.176,-0.176,-0.088,0.088,-0.264,-0.088,0.176,0.088,-46.582,32.607,-0.088,0.264,0.000,0.000,0.439,0.176,0.000,0.000,0.000,0.000,0.000,0.000,0.000,0.000,0.000,0.000,-47.133,32.667,0.000,0.000,0.000,0.000,0.000,0.000,0.013,5.6,11.20,31.0,0.000,0.000,0.000,0.000,0.000,0.000,0.000,0.000,0.000,0.000,0.013,0.000,0.000,0.013,0.000,0.000,0.006,0.000
133.6050,1336,0,move,-1,133.6050,133.6158,0,0.000,-0.088,0.176,-0.176,-0.088,0.088,-0.264,-0.088,0.176,0.088,-46.582,32.607,-0.088,0.264,0.000,0.000,0.439,0.176,0.000,0.000,0.000,0.000,0.000,0.000,0.000,0.000,0.000,0.000,-47.133,32.667,0.000,0.000,0.000,0.000,0.000,0.000,0.013,3.2,11.30,28.0,0.000,0.000,0.000,0.000,0.000,0.000,0.000,0.000,0.006,0.000,0.006,0.000,0.000,0.013,0.000,0.000,0.006,0.000
133.7047,1337,0,move,-1,133.7047,133.7191,0,0.000,-0.088,0.176,-0.176,-0.088,0.088,-0.264,-0.088,0.176,0.088,-46.582,32.607,-0.088,0.264,0.000,0.000,0.439,0.176,0.000,0.000,0.000,0.000,0.000,0.000,0.000,0.000,0.000,0.000,-47.133,32.667,0.000,0.000,0.000,0.000,0.000,0.000,0.013,5.6,11.30,31.0,0.000,0.000,0.000,0.000,0.000,0.000,0.006,0.000,0.000,0.000,0.013,0.000,0.000,0.013,0.000,0.000,0.006,0.000
133.8049,1338,0,move,-1,133.8049,133.8174,0,0.000,-0.088,0.176,-0.176,-0.088,0.088,-0.264,-0.088,0.176,0.088,-46.582,32.607,-0.088,0.264,0.000,0.000,0.439,0.176,0.000,0.000,0.000,0.000,0.000,0.000,0.000,0.000,0.000,0.000,-47.133,32.667,0.000,0.000,0.000,0.000,0.000,0.000,0.013,5.6,11.30,31.0,0.000,0.000,0.000,0.000,0.000,0.000,0.006,0.000,0.000,0.000,0.013,0.000,0.000,0.013,0.000,0.000,0.006,0.000
133.9049,1339,0,move,-1,133.9049,133.9144,0,0.000,-0.088,0.176,-0.176,-0.088,0.088,-0.264,-0.088,0.176,0.088,-46.582,32.607,-0.088,0.264,0.000,0.000,0.439,0.176,0.000,0.000,0.000,0.000,0.000,0.000,0.000,0.000,0.000,0.000,-47.133,32.667,0.000,0.000,0.000,0.000,0.000,0.000,0.013,5.6,11.30,31.0,0.000,0.000,0.000,0.000,0.000,0.000,0.000,0.000,0.000,0.000,0.013,0.000,0.000,0.006,0.000,0.000,0.006,0.006
134.0049,1340,0,move,-1,134.0049,134.0169,0,0.000,-0.088,0.176,-0.176,-0.088,0.088,-0.264,-0.088,0.176,0.088,-46.582,32.607,-0.088,0.264,0.000,0.000,0.439,0.176,0.000,0.000,0.000,0.000,0.000,0.000,0.000,0.000,0.000,0.000,-47.133,32.667,0.000,0.000,0.000,0.000,0.000,0.000,0.013,5.6,11.30,31.0,0.000,0.000,0.000,0.000,0.000,0.000,0.006,0.000,0.000,0.000,0.013,0.000,0.000,0.006,0.000,0.000,0.006,0.006
134.1047,1341,0,move,-1,134.1047,134.1164,0,0.000,-0.088,0.176,-0.176,-0.088,0.088,-0.264,-0.088,0.176,0.088,-46.582,32.607,-0.088,0.264,0.000,0.000,0.439,0.176,0.000,0.000,0.000,0.000,0.000,0.000,0.000,0.000,0.000,0.000,-47.133,32.667,0.000,0.000,0.000,0.000,0.000,0.000,0.013,5.6,11.30,31.0,0.000,0.000,0.000,0.000,0.000,0.000,0.006,0.000,0.000,0.000,0.013,0.000,0.000,0.006,0.000,0.000,0.006,0.006
134.2049,1342,0,move,-1,134.2049,134.2171,0,0.000,-0.088,0.176,-0.176,-0.088,0.088,-0.264,-0.088,0.176,0.088,-46.582,32.607,-0.088,0.264,0.000,0.000,0.439,0.176,0.000,0.000,0.000,0.000,0.000,0.000,0.000,0.000,0.000,0.000,-47.133,32.667,0.000,0.000,0.000,0.000,0.000,0.000,0.006,3.2,11.30,31.0,0.000,0.000,0.000,0.000,0.000,0.000,0.006,0.000,0.000,0.000,0.006,0.000,0.000,0.006,0.000,0.000,0.006,0.000
134.3049,1343,0,move,-1,134.3049,134.3155,0,0.000,-0.088,0.176,-0.176,-0.088,0.088,-0.264,-0.088,0.176,0.088,-46.582,32.607,-0.088,0.264,0.000,0.000,0.439,0.176,0.000,0.000,0.000,0.000,0.000,0.000,0.000,0.000,0.000,0.000,-47.133,32.667,0.000,0.000,0.000,0.000,0.000,0.000,0.006,3.2,11.30,31.0,0.000,0.000,0.000,0.000,0.000,0.000,0.006,0.000,0.000,0.000,0.006,0.000,0.000,0.006,0.000,0.000,0.006,0.000
134.4107,1344,0,move,-1,134.4107,134.5286,0,0.000,-0.088,0.176,-0.176,-0.088,0.088,-0.264,-0.088,0.176,0.088,-46.582,32.607,-0.088,0.264,0.000,0.000,0.439,0.176,0.000,0.000,0.000,0.000,0.000,0.000,0.000,0.000,0.000,0.000,-47.133,32.667,0.000,0.000,0.000,0.000,0.000,0.000,0.013,5.6,11.30,30.0,0.000,0.000,0.000,0.006,0.000,0.000,0.006,0.000,0.000,0.000,0.013,0.000,0.000,0.006,0.000,0.000,0.006,0.006
134.5569,1345,0,move,-1,134.5569,134.5788,1,0.000,-0.088,0.176,-0.176,-0.088,0.088,-0.264,-0.088,0.176,0.088,-46.582,32.607,-0.088,0.264,0.000,0.000,0.439,0.176,0.000,0.000,0.000,0.000,0.000,0.000,0.000,0.000,0.000,0.000,-47.133,32.667,0.000,0.000,0.000,0.000,0.000,0.000,0.013,5.6,11.30,30.0,0.000,0.000,0.000,0.006,0.000,0.000,0.006,0.000,0.000,0.000,0.013,0.000,0.000,0.006,0.000,0.000,0.006,0.006
134.6048,1346,0,move,-1,134.6048,134.6183,0,0.000,-0.088,0.176,-0.176,-0.088,0.088,-0.264,-0.088,0.176,0.088,-46.582,32.607,-0.088,0.264,0.000,0.000,0.439,0.176,0.000,0.000,0.000,0.000,0.000,0.000,0.000,0.000,0.000,0.000,-47.133,32.667,0.000,0.000,0.000,0.000,0.000,0.000,0.013,5.6,11.30,30.0,0.000,0.000,0.000,0.006,0.000,0.000,0.006,0.000,0.000,0.000,0.013,0.000,0.000,0.006,0.000,0.000,0.006,0.006
134.7049,1347,0,move,-1,134.7049,134.7153,0,0.000,-0.088,0.176,-0.176,-0.088,0.088,-0.264,-0.088,0.176,0.088,-46.582,32.607,-0.088,0.264,0.000,0.000,0.439,0.176,0.000,0.000,0.000,0.000,0.000,0.000,0.000,0.000,0.000,0.000,-47.133,32.667,0.000,0.000,0.000,0.000,0.000,0.000,0.006,3.2,11.20,32.0,,0.000,0.000,0.000,0.000,0.000,0.006,0.000,0.006,0.000,0.006,0.000,0.000,0.006,0.000,0.000,0.006,0.000
134.8049,1348,0,move,-1,134.8049,134.8165,0,0.000,-0.088,0.176,-0.176,-0.088,0.088,-0.264,-0.088,0.176,0.088,-46.582,32.607,-0.088,0.264,0.000,0.000,0.439,0.176,0.000,0.000,0.000,0.000,0.000,0.000,0.000,0.000,0.000,0.000,-47.133,32.667,0.000,0.000,0.000,0.000,0.000,0.000,0.013,3.2,11.30,28.0,0.000,0.000,0.000,0.006,0.000,0.000,0.006,0.000,0.000,0.000,0.006,0.000,0.000,0.013,0.000,0.000,0.006,0.000
134.9048,1349,0,move,-1,134.9048,134.9145,0,0.000,-0.088,0.176,-0.176,-0.088,0.088,-0.264,-0.088,0.176,0.088,-46.582,32.607,-0.088,0.264,0.000,0.000,0.439,0.176,0.000,0.000,0.000,0.000,0.000,0.000,0.000,0.000,0.000,0.000,-47.133,32.667,0.000,0.000,0.000,0.000,0.000,0.000,0.013,3.2,11.30,28.0,0.000,0.000,0.000,0.006,0.000,0.000,0.006,0.000,0.000,0.000,0.006,0.000,0.000,0.013,0.000,0.000,0.006,0.000
135.0049,1350,0,move,-1,135.0049,135.0156,0,0.000,-0.088,0.176,-0.176,-0.088,0.088,-0.264,-0.088,0.176,0.088,-46.582,32.607,-0.088,0.264,0.000,0.000,0.439,0.176,0.000,0.000,0.000,0.000,0.000,0.000,0.000,0.000,0.000,0.000,-47.133,32.667,0.000,0.000,0.000,0.000,0.000,0.000,0.013,5.6,11.30,31.0,0.000,0.000,0.000,0.000,0.000,0.000,0.006,0.000,0.000,0.000,0.013,0.000,0.000,0.006,0.000,0.000,0.006,0.000
135.1061,1351,0,move,-1,135.1061,135.1166,0,0.000,-0.088,0.176,-0.176,-0.088,0.088,-0.264,-0.088,0.176,0.088,-46.582,32.607,-0.088,0.264,0.000,0.000,0.439,0.176,0.000,0.000,0.000,0.000,0.000,0.000,0.000,0.000,0.000,0.000,-47.133,32.667,0.000,0.000,0.000,0.000,0.000,0.000,0.013,5.6,11.30,31.0,0.000,0.000,0.000,0.000,0.000,0.000,0.006,0.000,0.000,0.000,0.013,0.000,0.000,0.006,0.000,0.000,0.006,0.000
135.2048,1352,0,move,-1,135.2048,135.2174,0,0.000,-0.088,0.176,-0.176,-0.088,0.088,-0.264,-0.088,0.176,0.088,-46.582,32.607,-0.088,0.264,0.000,0.000,0.439,0.176,0.000,0.000,0.000,0.000,0.000,0.000,0.000,0.000,0.000,0.000,-47.133,32.667,0.000,0.000,0.000,0.000,0.000,0.000,0.013,3.2,11.30,28.0,0.000,0.000,0.000,0.006,0.000,0.000,0.000,0.000,0.000,0.000,0.006,0.000,0.000,0.013,0.000,0.000,0.013,0.000
135.3049,1353,0,move,-1,135.3049,135.3156,0,0.000,-0.088,0.176,-0.176,-0.088,0.088,-0.264,-0.088,0.176,0.088,-46.582,32.607,-0.088,0.264,0.000,0.000,0.439,0.176,0.000,0.000,0.000,0.000,0.000,0.000,0.000,0.000,0.000,0.000,-47.133,32.667,0.000,0.000,0.000,0.000,0.000,0.000,0.013,3.2,11.30,28.0,0.000,0.000,0.000,0.006,0.000,0.000,0.000,0.000,0.000,0.000,0.006,0.000,0.000,0.013,0.000,0.000,0.013,0.000
135.4054,1354,0,move,-1,135.4054,135.4113,0,0.000,-0.088,0.176,-0.176,-0.088,0.088,-0.264,-0.088,0.176,0.088,-46.582,32.607,-0.088,0.264,0.000,0.000,0.439,0.176,0.000,0.000,0.000,0.000,0.000,0.000,0.000,0.000,0.000,0.000,-47.133,32.667,0.000,0.000,0.000,0.000,0.000,0.000,0.013,5.6,11.30,31.0,0.000,,,0.006,0.000,0.000,0.006,0.000,0.000,0.000,0.013,0.000,0.000,0.013,0.000,0.000,0.006,0.006
135.5047,1355,0,move,-1,135.5047,135.5158,0,0.000,-0.088,0.176,-0.176,-0.088,0.088,-0.264,-0.088,0.176,0.088,-46.582,32.607,-0.088,0.264,0.000,0.000,0.439,0.176,0.000,0.000,0.000,0.000,0.000,0.000,0.000,0.000,0.000,0.000,-47.133,32.667,0.000,0.000,0.000,0.000,0.000,0.000,0.013,5.6,11.30,30.0,0.000,0.000,0.000,0.000,0.000,0.000,0.000,0.000,0.000,0.000,0.013,0.000,0.000,0.013,0.000,0.000,0.006,0.000
135.6062,1356,0,move,-1,135.6062,135.6473,0,0.000,-0.088,0.176,-0.176,-0.088,0.088,-0.264,-0.088,0.176,0.088,-46.582,32.607,-0.088,0.264,0.000,0.000,0.439,0.176,0.000,0.000,0.000,0.000,0.000,0.000,0.000,0.000,0.000,0.000,-47.133,32.667,0.000,0.000,0.000,0.000,0.000,0.000,0.006,2.4,11.30,32.0,0.000,0.000,0.006,0.000,0.000,0.000,0.006,0.000,0.000,0.000,0.006,0.000,0.000,0.006,0.000,0.000,0.006,0.000
135.7050,1357,0,move,-1,135.7050,135.7178,0,0.000,-0.088,0.176,-0.176,-0.088,0.088,-0.264,-0.088,0.176,0.088,-46.582,32.607,-0.088,0.264,0.000,0.000,0.439,0.176,0.000,0.000,0.000,0.000,0.000,0.000,0.000,0.000,0.000,0.000,-47.133,32.667,0.000,0.000,0.000,0.000,0.000,0.000,0.006,2.4,11.30,32.0,0.000,0.000,0.006,0.000,0.000,0.000,0.006,0.000,0.000,0.000,0.006,0.000,0.000,0.006,0.000,0.000,0.006,0.000
135.8050,1358,0,move,-1,135.8050,135.8160,0,0.000,-0.088,0.176,-0.176,-0.088,0.088,-0.264,-0.088,0.176,0.088,-46.582,32.607,-0.088,0.264,0.000,0.000,0.439,0.176,0.000,0.000,0.000,0.000,0.000,0.000,0.000,0.000,0.000,0.000,-47.133,32.667,0.000,0.000,0.000,0.000,0.000,0.000,0.006,2.4,11.30,32.0,0.000,0.000,0.006,0.000,0.000,0.000,0.000,0.000,0.000,0.000,0.006,0.000,0.006,0.006,0.000,0.000,0.006,0.000
135.9048,1359,0,move,-1,135.9048,135.9282,0,0.000,-0.088,0.176,-0.176,-0.088,0.088,-0.264,-0.088,0.176,0.088,-46.582,32.607,-0.088,0.264,0.000,0.000,0.439,0.176,0.000,0.000,0.000,0.000,0.000,0.000,0.000,0.000,0.000,0.000,-47.133,32.667,0.000,0.000,0.000,0.000,0.000,0.000,0.013,5.6,11.30,31.0,0.000,0.000,0.000,0.006,0.000,0.000,0.006,0.000,0.000,0.000,0.013,0.000,0.000,0.013,0.000,0.000,0.006,0.000
136.0049,1360,0,move,-1,136.0049,136.0169,0,0.000,-0.088,0.176,-0.176,-0.088,0.088,-0.264,-0.088,0.176,0.088,-46.582,32.607,-0.088,0.264,0.000,0.000,0.439,0.176,0.000,0.000,0.000,0.000,0.000,0.000,0.000,0.000,0.000,0.000,-47.233,32.716,0.000,0.000,0.000,0.000,0.000,0.000,0.013,5.6,11.30,31.0,0.000,0.000,0.000,0.006,0.000,0.000,0.006,0.000,0.000,0.000,0.013,0.000,0.000,0.013,0.000,0.000,0.006,0.000
136.1049,1361,0,move,-1,136.1049,136.1261,0,0.000,-0.088,0.176,-0.176,-0.088,0.088,-0.264,-0.088,0.176,0.088,-46.582,32.607,-0.088,0.264,0.000,0.000,0.439,0.176,0.000,0.000,0.000,0.000,0.000,0.000,0.000,0.000,0.000,0.000,-47.522,32.856,0.000,0.000,0.000,0.000,0.000,0.000,0.013,6.4,11.20,31.0,0.000,0.000,0.000,0.006,0.000,0.000,0.000,0.000,0.000,0.000,0.013,0.000,0.000,0.006,0.000,0.000,0.006,0.006
136.2050,1362,0,move,-1,136.2050,136.2170,0,0.000,-0.088,0.176,-0.176,-0.088,0.088,-0.264,-0.088,0.176,0.088,-47.109,32.871,-0.088,0.264,0.000,0.000,0.439,0.176,0.000,0.000,0.000,0.000,0.000,0.000,0.000,0.000,0.000,0.000,-47.971,33.071,0.000,0.000,0.000,0.000,0.000,0.000,0.013,6.4,11.20,31.0,0.000,0.000,0.000,0.006,0.000,0.000,0.000,0.000,0.000,0.000,0.013,0.000,0.000,0.006,0.000,0.000,0.006,0.006
136.3048,1363,0,move,-1,136.3048,136.3173,0,0.000,-0.088,0.176,-0.176,-0.088,0.088,-0.264,-0.088,0.176,0.088,-47.461,32.959,-0.088,0.264,0.000,0.000,0.439,0.176,0.000,0.000,0.000,0.000,0.000,0.000,0.000,0.000,0.000,0.000,-48.535,33.340,0.000,0.000,0.000,0.000,0.000,0.000,0.013,3.2,11.30,28.0,0.000,0.000,0.000,0.000,0.000,0.000,0.006,0.000,0.000,0.000,0.006,0.006,0.000,0.013,0.000,0.000,0.006,0.006
136.4047,1364,0,move,-1,136.4047,136.4265,0,0.000,-0.088,0.176,-0.176,-0.088,0.088,-0.264,-0.088,0.176,0.088,-47.988,33.311,-0.088,0.264,0.000,0.000,0.439,0.176,0.000,0.000,0.000,0.000,0.000,0.000,0.000,0.000,0.000,0.000,-49.154,33.634,0.000,0.000,0.000,0.000,0.000,0.000,0.013,3.2,11.30,28.0,0.000,0.000,0.000,0.006,0.000,0.000,0.006,0.000,0.006,0.000,0.006,0.000,0.000,0.013,0.000,0.000,0.006,0.000
136.5048,1365,0,move,-1,136.5048,136.5192,0,0.000,-0.088,0.176,-0.176,-0.088,0.088,-0.264,-0.088,0.176,0.088,-48.516,33.574,-0.088,0.264,0.000,0.000,0.439,0.176,0.000,0.000,0.000,0.000,0.000,0.000,0.000,0.000,0.000,0.000,-49.772,33.924,0.000,0.000,0.000,0.000,0.000,0.000,0.013,3.2,11.30,28.0,0.000,0.000,0.000,0.006,0.000,0.000,0.006,0.000,0.006,0.000,0.006,0.000,0.000,0.013,0.000,0.000,0.006,0.000
136.6049,1366,0,move,-1,136.6049,136.6146,0,0.000,-0.088,0.176,-0.176,-0.088,0.088,-0.264,-0.088,0.176,0.088,-49.043,33.926,-0.088,0.264,0.000,0.000,0.439,0.176,0.000,0.000,0.000,0.000,0.000,0.000,0.000,0.000,0.000,0.000,-50.327,34.182,0.000,0.000,0.000,0.000,0.000,0.000,0.013,7.2,11.30,31.0,0.000,0.000,0.000,0.000,0.000,0.000,0.006,0.000,0.000,0.000,0.013,0.000,0.000,0.006,0.000,0.000,0.013,0.006
136.7048,1367,0,move,-1,136.7048,136.7170,0,0.000,-0.088,0.176,-0.176,-0.088,0.088,-0.264,-0.088,0.176,0.088,-49.658,34.102,-0.088,0.264,0.000,0.000,0.439,0.176,0.000,0.000,0.000,0.000,0.000,0.000,0.000,0.000,0.000,0.000,-50.765,34.384,0.000,0.000,0.000,0.000,0.000,0.000,0.013,7.2,11.30,31.0,0.000,0.000,0.000,0.000,0.000,0.000,0.006,0.000,0.000,0.000,0.013,0.000,0.000,0.006,0.000,0.000,0.013,0.006
136.8050,1368,0,move,-1,136.8050,136.8157,0,0.000,-0.088,0.176,-0.176,-0.088,0.088,-0.264,-0.088,0.176,0.088,-50.098,34.453,-0.088,0.264,0.000,0.000,0.439,0.176,0.000,0.000,0.000,0.000,0.000,0.000,0.000,0.000,0.000,0.000,-51.045,34.512,0.000,0.000,0.000,0.000,0.000,0.000,0.013,7.2,11.30,31.0,0.000,0.000,0.000,0.000,0.000,0.000,0.006,0.000,0.000,0.000,0.013,0.000,0.000,0.006,0.000,0.000,0.013,0.006
136.9050,1369,0,move,-1,136.9050,136.9190,0,0.000,-0.088,0.176,-0.176,-0.088,0.088,-0.264,-0.088,0.176,0.088,-50.537,34.453,-0.088,0.264,0.000,0.000,0.439,0.176,0.000,0.000,0.000,0.000,0.000,0.000,0.000,0.000,0.000,0.000,-51.141,34.556,0.000,0.000,0.000,0.000,0.000,0.000,0.013,7.6,11.30,31.0,0.000,0.000,0.000,0.000,0.000,0.000,0.006,0.000,0.000,0.000,0.013,0.000,0.000,0.006,0.000,0.000,0.006,0.000
137.0048,1370,0,move,-1,137.0048,137.0157,0,0.000,-0.088,0.176,-0.176,-0.088,0.088,-0.264,-0.088,0.176,0.088,-50.625,34.453,-0.088,0.264,0.000,0.000,0.439,0.176,0.000,0.000,0.000,0.000,0.000,0.000,0.000,0.000,0.000,0.000,-51.141,34.556,0.000,0.000,0.000,0.000,0.000,0.000,0.013,7.6,11.30,31.0,0.000,0.000,0.000,0.000,0.000,0.000,0.006,0.000,0.000,0.000,0.013,0.000,0.000,0.006,0.000,0.000,0.006,0.000
137.1049,1371,0,move,-1,137.1049,137.1171,0,0.000,-0.088,0.176,-0.176,-0.088,0.088,-0.264,-0.088,0.176,0.088,-50.625,34.453,-0.088,0.264,0.000,0.000,0.439,0.176,0.000,0.000,0.000,0.000,0.000,0.000,0.000,0.000,0.000,0.000,-51.141,34.556,0.000,0.000,0.000,0.000,0.000,0.000,0.013,3.2,11.30,28.0,0.000,0.000,0.000,0.000,0.000,0.000,0.000,0.000,0.000,0.000,0.006,0.000,0.000,0.013,0.000,0.000,0.006,0.000
137.2048,1372,0,move,-1,137.2048,137.2150,0,0.000,-0.088,0.176,-0.176,-0.088,0.088,-0.264,-0.088,0.176,0.088,-50.625,34.453,-0.088,0.264,0.000,0.000,0.439,0.176,0.000,0.000,0.000,0.000,0.000,0.000,0.000,0.000,0.000,0.000,-51.141,34.556,0.000,0.000,0.000,0.000,0.000,0.000,0.013,3.2,11.30,28.0,0.000,0.000,0.000,0.000,0.000,0.000,0.000,0.000,0.000,0.000,0.006,0.000,0.000,0.013,0.000,0.000,0.006,0.000
137.3048,1373,0,move,-1,137.3048,137.3157,0,0.000,-0.088,0.176,-0.176,-0.088,0.088,-0.264,-0.088,0.176,0.088,-50.625,34.453,-0.088,0.264,0.000,0.000,0.439,0.176,0.000,0.000,0.000,0.000,0.000,0.000,0.000,0.000,0.000,0.000,-51.141,34.556,0.000,0.000,0.000,0.000,0.000,0.000,0.013,4.8,11.30,31.0,0.000,0.000,0.000,0.000,0.000,0.000,0.006,0.000,0.000,0.000,0.006,0.000,0.000,0.006,0.000,0.000,0.013,0.006
137.4047,1374,0,move,-1,137.4047,137.4153,0,0.000,-0.088,0.176,-0.176,-0.088,0.088,-0.264,-0.088,0.176,0.088,-50.625,34.453,-0.088,0.264,0.000,0.000,0.439,0.176,0.000,0.000,0.000,0.000,0.000,0.000,0.000,0.000,0.000,0.000,-51.141,34.556,0.000,0.000,0.000,0.000,0.000,0.000,0.013,4.8,11.30,31.0,0.000,0.000,0.000,0.000,0.000,0.000,0.006,0.000,0.000,0.000,0.006,0.000,0.000,0.006,0.000,0.000,0.013,0.006
137.5049,1375,0,move,-1,137.5049,137.5103,0,0.000,-0.088,0.176,-0.176,-0.088,0.088,-0.264,-0.088,0.176,0.088,-50.625,34.453,-0.088,0.264,0.000,0.000,0.439,0.176,0.000,0.000,0.000,0.000,0.000,0.000,0.000,0.000,0.000,0.000,-51.141,34.556,0.000,0.000,0.000,0.000,0.000,0.000,0.013,5.6,11.30,31.0,0.000,0.000,0.000,0.000,0.000,0.000,0.000,0.000,0.000,0.000,0.013,0.000,0.000,0.006,0.000,0.000,0.013,0.000
137.6049,1376,0,move,-1,137.6049,137.6162,0,0.000,-0.088,0.176,-0.176,-0.088,0.088,-0.264,-0.088,0.176,0.088,-50.625,34.453,-0.088,0.264,0.000,0.000,0.439,0.176,0.000,0.000,0.000,0.000,0.000,0.000,0.000,0.000,0.000,0.000,-51.141,34.556,0.000,0.000,0.000,0.000,0.000,0.000,0.013,5.6,11.30,31.0,,0.006,0.000,0.000,0.000,0.000,0.000,0.000,0.000,0.000,0.013,0.000,0.000,0.006,0.000,0.000,0.006,0.000
137.7145,1377,0,move,-1,137.7145,137.7730,0,0.000,-0.088,0.176,-0.176,-0.088,0.088,-0.264,-0.088,0.176,0.088,-50.625,34.453,-0.088,0.264,0.000,0.000,0.439,0.176,0.000,0.000,0.000,0.000,0.000,0.000,0.000,0.000,0.000,0.000,-51.141,34.556,0.000,0.000,0.000,0.000,0.000,0.000,0.013,3.2,11.30,28.0,0.000,0.000,0.000,0.006,0.000,0.000,0.006,0.000,0.000,0.000,0.006,0.000,0.000,0.013,0.000,0.000,0.013,0.000
137.8048,1378,0,move,-1,137.8048,137.8221,0,0.000,-0.088,0.176,-0.176,-0.088,0.088,-0.264,-0.088,0.176,0.088,-50.625,34.453,-0.088,0.264,0.000,0.000,0.439,0.176,0.000,0.000,0.000,0.000,0.000,0.000,0.000,0.000,0.000,0.000,-51.141,34.556,0.000,0.000,0.000,0.000,0.000,0.000,0.013,3.2,11.30,28.0,0.000,0.000,0.000,0.006,0.000,0.000,0.006,0.000,0.000,0.000,0.006,0.000,0.000,0.013,0.000,0.000,0.013,0.000
137.9049,1379,0,move,-1,137.9049,137.9181,0,0.000,-0.088,0.176,-0.176,-0.088,0.088,-0.264,-0.088,0.176,0.088,-50.625,34.453,-0.088,0.264,0.000,0.000,0.439,0.176,0.000,0.000,0.000,0.000,0.000,0.000,0.000,0.000,0.000,0.000,-51.141,34.556,0.000,0.000,0.000,0.000,0.000,0.000,0.013,5.6,11.20,31.0,0.000,0.000,0.000,0.006,0.000,0.000,0.000,0.000,0.000,0.000,0.013,0.000,0.000,0.006,0.000,0.000,0.006,0.000
138.0049,1380,0,move,-1,138.0049,138.0148,0,0.000,-0.088,0.176,-0.176,-0.088,0.088,-0.264,-0.088,0.176,0.088,-50.625,34.453,-0.088,0.264,0.000,0.000,0.439,0.176,0.000,0.000,0.000,0.000,0.000,0.000,0.000,0.000,0.000,0.000,-51.141,34.556,0.000,0.000,0.000,0.000,0.000,0.000,0.013,5.6,11.20,31.0,0.000,0.000,0.000,0.006,0.000,0.000,0.000,0.000,0.000,0.000,0.013,0.000,0.000,0.006,0.000,0.000,0.006,0.000
138.1047,1381,0,move,-1,138.1047,138.1194,0,0.000,-0.088,0.176,-0.176,-0.088,0.088,-0.264,-0.088,0.176,0.088,-50.625,34.453,-0.088,0.264,0.000,0.000,0.439,0.176,0.000,0.000,0.000,0.000,0.000,0.000,0.000,0.000,0.000,0.000,-51.141,34.556,0.000,0.000,0.000,0.000,0.000,0.000,0.013,5.6,11.30,31.0,0.000,0.000,0.000,0.000,0.000,0.000,0.000,0.000,0.000,0.000,0.013,0.000,0.000,0.013,0.000,0.000,0.006,0.000
138.2049,1382,0,move,-1,138.2049,138.2202,0,0.000,-0.088,0.176,-0.176,-0.088,0.088,-0.264,-0.088,0.176,0.088,-50.625,34.453,-0.088,0.264,0.000,0.000,0.439,0.176,0.000,0.000,0.000,0.000,0.000,0.000,0.000,0.000,0.000,0.000,-51.141,34.556,0.000,0.000,0.000,0.000,0.000,0.000,0.000,0.0,11.30,31.0,0.000,0.000,0.000,0.000,0.000,0.000,0.000,0.000,0.000,0.000,0.000,0.000,0.000,0.000,0.000,0.000,0.000,0.000
138.3048,1383,0,move,-1,138.3048,138.3136,0,0.000,-0.088,0.176,-0.176,-0.088,0.088,-0.264,-0.088,0.176,0.088,-50.625,34.453,-0.088,0.264,0.000,0.000,0.439,0.176,0.000,0.000,0.000,0.000,0.000,0.000,0.000,0.000,0.000,0.000,-51.141,34.556,0.000,0.000,0.000,0.000,0.000,0.000,0.000,0.0,11.30,31.0,0.000,0.000,0.000,0.000,0.000,0.000,0.000,0.000,0.000,0.000,0.000,0.000,0.000,0.000,0.000,0.000,0.000,0.000
138.4048,1384,0,move,-1,138.4048,138.4157,0,0.000,-0.088,0.176,-0.176,-0.088,0.088,-0.264,-0.088,0.176,0.088,-50.625,34.453,-0.088,0.264,0.000,0.000,0.439,0.176,0.000,0.000,0.000,0.000,0.000,0.000,0.000,0.000,0.000,0.000,-51.141,34.556,0.000,0.000,0.000,0.000,0.000,0.000,0.013,6.0,11.30,31.0,0.000,0.000,0.000,0.006,0.000,0.000,0.006,0.000,0.000,0.000,0.013,0.000,0.000,0.013,0.000,0.000,0.006,0.000
138.5048,1385,0,move,-1,138.5048,138.5152,0,0.000,-0.088,0.176,-0.176,-0.088,0.088,-0.264,-0.088,0.176,0.088,-50.625,34.453,-0.088,0.264,0.000,0.000,0.439,0.176,0.000,0.000,0.000,0.000,0.000,0.000,0.000,0.000,0.000,0.000,-51.141,34.556,0.000,0.000,0.000,0.000,0.000,0.000,0.013,6.0,11.30,31.0,0.000,0.000,0.000,0.006,0.000,0.000,0.006,0.000,0.000,0.000,0.013,0.000,0.000,0.013,0.000,0.000,0.006,0.000
138.6050,1386,0,move,-1,138.6050,138.6169,0,0.000,-0.088,0.176,-0.176,-0.088,0.088,-0.264,-0.088,0.176,0.088,-50.625,34.453,-0.088,0.264,0.000,0.000,0.439,0.176,0.000,0.000,0.000,0.000,0.000,0.000,0.000,0.000,0.000,0.000,-51.141,34.556,0.000,0.000,0.000,0.000,0.000,0.000,0.013,5.6,11.30,30.0,0.000,0.000,0.000,0.000,0.000,0.000,0.006,0.000,0.006,0.006,0.013,0.000,0.000,0.013,0.000,0.000,0.006,0.000
138.7048,1387,0,move,-1,138.7048,138.7189,0,0.000,-0.088,0.176,-0.176,-0.088,0.088,-0.264,-0.088,0.176,0.088,-50.625,34.453,-0.088,0.264,0.000,0.000,0.439,0.176,0.000,0.000,0.000,0.000,0.000,0.000,0.000,0.000,0.000,0.000,-51.141,34.556,0.000,0.000,0.000,0.000,0.000,0.000,0.013,5.6,11.30,31.0,0.000,0.000,0.000,0.000,0.000,0.000,0.006,0.000,0.000,0.000,0.013,0.000,0.000,0.006,0.000,0.000,0.006,0.000
138.8050,1388,0,move,-1,138.8050,138.8193,0,0.000,-0.088,0.176,-0.176,-0.088,0.088,-0.264,-0.088,0.176,0.088,-50.625,34.453,-0.088,0.264,0.000,0.000,0.439,0.176,0.000,0.000,0.000,0.000,0.000,0.000,0.000,0.000,0.000,0.000,-51.141,34.556,0.000,0.000,0.000,0.000,0.000,0.000,0.013,3.6,11.30,28.0,0.000,0.000,0.000,0.000,0.000,0.000,0.000,0.000,0.006,0.000,0.006,0.000,0.000,0.013,0.000,0.000,0.000,0.000
138.9048,1389,0,move,-1,138.9048,138.9164,0,0.000,-0.088,0.176,-0.176,-0.088,0.088,-0.264,-0.088,0.176,0.088,-50.625,34.453,-0.088,0.264,0.000,0.000,0.439,0.176,0.000,0.000,0.000,0.000,0.000,0.000,0.000,0.000,0.000,0.000,-51.141,34.556,0.000,0.000,0.000,0.000,0.000,0.000,0.013,3.6,11.30,28.0,0.000,0.000,0.000,0.000,0.000,0.000,0.000,0.000,0.006,0.000,0.006,0.000,0.000,0.013,0.000,0.000,0.000,0.000
139.0049,1390,0,move,-1,139.0049,139.0158,0,0.000,-0.088,0.176,-0.176,-0.088,0.088,-0.264,-0.088,0.176,0.088,-50.625,34.453,-0.088,0.264,0.000,0.000,0.439,0.176,0.000,0.000,0.000,0.000,0.000,0.000,0.000,0.000,0.000,0.000,-51.141,34.556,0.000,0.000,0.000,0.000,0.000,0.000,0.013,5.6,11.30,31.0,,0.000,0.000,0.006,0.000,0.000,0.006,0.000,0.000,0.000,0.013,0.000,0.000,0.013,0.000,0.000,0.006,0.000
139.1049,1391,0,move,-1,139.1049,139.1169,0,0.000,-0.088,0.176,-0.176,-0.088,0.088,-0.264,-0.088,0.176,0.088,-50.625,34.453,-0.088,0.264,0.000,0.000,0.439,0.176,0.000,0.000,0.000,0.000,0.000,0.000,0.000,0.000,0.000,0.000,-51.141,34.556,0.000,0.000,0.000,0.000,0.000,0.000,0.013,5.6,11.30,31.0,0.000,0.000,0.000,0.000,0.000,0.000,0.006,0.000,0.000,0.000,0.013,0.000,0.000,0.006,0.000,0.000,0.006,0.006
139.2049,1392,0,move,-1,139.2049,139.2192,0,0.000,-0.088,0.176,-0.176,-0.088,0.088,-0.264,-0.088,0.176,0.088,-50.625,34.453,-0.088,0.264,0.000,0.000,0.439,0.176,0.000,0.000,0.000,0.000,0.000,0.000,0.000,0.000,0.000,0.000,-51.141,34.556,0.000,0.000,0.000,0.000,0.000,0.000,0.013,5.6,11.30,31.0,0.000,0.000,0.000,0.000,0.000,0.000,0.006,0.000,0.000,0.000,0.013,0.000,0.006,0.006,0.000,0.000,0.013,0.006
139.3048,1393,0,move,-1,139.3048,139.3113,0,0.000,-0.088,0.176,-0.176,-0.088,0.088,-0.264,-0.088,0.176,0.088,-50.625,34.453,-0.088,0.264,0.000,0.000,0.439,0.176,0.000,0.000,0.000,0.000,0.000,0.000,0.000,0.000,0.000,0.000,-51.141,34.556,0.000,0.000,0.000,0.000,0.000,0.000,0.013,5.6,11.30,31.0,0.000,0.000,0.000,0.000,0.000,0.000,0.006,0.000,0.000,0.000,0.013,0.000,0.006,0.006,0.000,0.000,0.013,0.006
139.4050,1394,0,move,-1,139.4050,139.4144,0,0.000,-0.088,0.176,-0.176,-0.088,0.088,-0.264,-0.088,0.176,0.088,-50.625,34.453,-0.088,0.264,0.000,0.000,0.439,0.176,0.000,0.000,0.000,0.000,0.000,0.000,0.000,0.000,0.000,0.000,-51.141,34.556,0.000,0.000,0.000,0.000,0.000,0.000,0.013,5.6,11.20,31.0,0.000,0.000,0.000,0.000,0.000,0.000,0.006,0.000,0.000,0.000,0.013,0.000,0.000,0.013,0.000,0.000,0.013,0.000
139.5048,1395,0,move,-1,139.5048,139.5184,0,0.000,-0.088,0.176,-0.176,-0.088,0.088,-0.264,-0.088,0.176,0.088,-50.625,34.453,-0.088,0.264,0.000,0.000,0.439,0.176,0.000,0.000,0.000,0.000,0.000,0.000,0.000,0.000,0.000,0.000,-51.141,34.556,0.000,0.000,0.000,0.000,0.000,0.000,0.013,3.2,11.30,28.0,0.000,0.000,0.006,0.000,0.000,0.000,0.000,0.000,0.000,0.000,0.006,0.000,0.000,0.013,0.000,0.000,0.013,0.000
139.6048,1396,0,move,-1,139.6048,139.6189,0,0.000,-0.088,0.176,-0.176,-0.088,0.088,-0.264,-0.088,0.176,0.088,-50.625,34.453,-0.088,0.264,0.000,0.000,0.439,0.176,0.000,0.000,0.000,0.000,0.000,0.000,0.000,0.000,0.000,0.000,-51.141,34.556,0.000,0.000,0.000,0.000,0.000,0.000,0.013,6.0,11.20,31.0,0.000,0.000,0.000,0.006,0.000,0.000,0.000,0.000,0.006,0.000,0.013,0.000,0.000,0.013,0.000,0.000,0.006,0.000
139.7048,1397,0,move,-1,139.7048,139.7166,0,0.000,-0.088,0.176,-0.176,-0.088,0.088,-0.264,-0.088,0.176,0.088,-50.625,34.453,-0.088,0.264,0.000,0.000,0.439,0.176,0.000,0.000,0.000,0.000,0.000,0.000,0.000,0.000,0.000,0.000,-51.141,34.556,0.000,0.000,0.000,0.000,0.000,0.000,0.013,6.0,11.20,31.0,0.000,0.000,0.000,0.006,0.000,0.000,0.000,0.000,0.006,0.000,0.013,0.000,0.000,0.013,0.000,0.000,0.006,0.000
139.8051,1398,0,move,-1,139.8051,139.8166,0,0.000,-0.088,0.176,-0.176,-0.088,0.088,-0.264,-0.088,0.176,0.088,-50.625,34.453,-0.088,0.264,0.000,0.000,0.439,0.176,0.000,0.000,0.000,0.000,0.000,0.000,0.000,0.000,0.000,0.000,-51.141,34.556,0.000,0.000,0.000,0.000,0.000,0.000,0.013,4.8,11.30,31.0,0.000,0.000,0.000,0.000,0.000,0.000,0.006,0.000,0.000,0.000,0.006,0.000,0.006,0.006,0.000,0.000,0.013,0.000
139.9049,1399,0,move,-1,139.9049,139.9174,0,0.000,-0.088,0.176,-0.176,-0.088,0.088,-0.264,-0.088,0.176,0.088,-50.625,34.453,-0.088,0.264,0.000,0.000,0.439,0.176,0.000,0.000,0.000,0.000,0.000,0.000,0.000,0.000,0.000,0.000,-51.141,34.556,0.000,0.000,0.000,0.000,0.000,0.000,0.013,4.8,11.30,31.0,0.000,0.000,0.000,0.000,0.000,0.000,0.006,0.000,0.000,0.000,0.006,0.000,0.006,0.006,0.000,0.000,0.013,0.000
140.0050,1400,0,move,-1,140.0050,140.0171,0,0.000,-0.088,0.176,-0.176,-0.088,0.088,-0.264,-0.088,0.176,0.088,-50.625,34.453,-0.088,0.264,0.000,0.000,0.439,0.176,0.000,0.000,0.000,0.000,0.000,0.000,0.000,0.000,0.000,0.000,-51.143,34.557,0.000,0.000,0.000,0.000,0.000,0.000,0.013,4.8,11.30,31.0,0.000,0.000,0.000,0.000,0.000,0.000,0.006,0.000,0.000,0.000,0.006,0.000,0.006,0.006,0.000,0.000,0.013,0.000
140.1049,1401,0,move,-1,140.1049,140.1160,0,0.000,-0.088,0.176,-0.176,-0.088,0.088,-0.264,-0.088,0.176,0.088,-50.625,34.453,-0.088,0.264,0.000,0.000,0.439,0.176,0.000,0.000,0.000,0.000,0.000,0.000,0.000,0.000,0.000,0.000,-51.143,34.557,0.000,0.000,0.000,0.000,0.000,0.000,0.006,2.4,11.30,32.0,0.000,0.000,0.000,0.006,0.000,0.000,0.000,0.000,0.000,0.000,0.006,0.000,0.000,0.006,0.000,0.000,0.006,0.006
140.2049,1402,0,move,-1,140.2049,140.2175,0,0.000,-0.088,0.176,-0.176,-0.088,0.088,-0.264,-0.088,0.176,0.088,-50.625,34.453,-0.088,0.264,0.000,0.000,0.439,0.176,0.000,0.000,0.000,0.000,0.000,0.000,0.000,0.000,0.000,0.000,-51.143,34.557,0.000,0.000,0.000,0.000,0.000,0.000,0.013,5.6,11.30,31.0,0.000,0.000,0.000,0.006,0.000,0.000,0.000,0.000,0.000,0.000,0.013,0.000,0.000,0.013,0.000,0.000,0.006,0.006
140.3049,1403,0,move,-1,140.3049,140.3156,0,0.000,-0.088,0.176,-0.176,-0.088,0.088,-0.264,-0.088,0.176,0.088,-50.625,34.453,-0.088,0.264,0.000,0.000,0.439,0.176,0.000,0.000,0.000,0.000,0.000,0.000,0.000,0.000,0.000,0.000,-51.143,34.557,0.000,0.000,0.000,0.000,0.000,0.000,0.013,5.6,11.30,31.0,0.000,0.000,0.000,0.006,0.000,0.000,0.000,0.000,0.000,0.000,0.013,0.000,0.000,0.013,0.000,0.000,0.006,0.006
140.4049,1404,0,move,-1,140.4049,140.4166,0,0.000,-0.088,0.176,-0.176,-0.088,0.088,-0.264,-0.088,0.176,0.088,-50.625,34.453,-0.088,0.264,0.000,0.000,0.439,0.176,0.000,0.000,0.000,0.000,0.000,0.000,0.000,0.000,0.000,0.000,-51.143,34.557,0.000,0.000,0.000,0.000,0.000,0.000,0.006,2.4,11.30,32.0,0.000,0.000,0.000,0.000,0.000,0.000,0.000,0.000,0.006,0.006,0.006,0.000,0.000,0.006,0.000,0.000,0.006,0.006
140.5048,1405,0,move,-1,140.5048,140.5175,0,0.000,-0.088,0.176,-0.176,-0.088,0.088,-0.264,-0.088,0.176,0.088,-50.625,34.453,-0.088,0.264,0.000,0.000,0.439,0.176,0.000,0.000,0.000,0.000,0.000,0.000,0.000,0.000,0.000,0.000,-51.143,34.557,0.000,0.000,0.000,0.000,0.000,0.000,0.013,5.6,11.30,31.0,0.000,0.000,0.000,0.006,0.000,0.000,0.006,0.000,0.000,0.000,0.013,0.000,0.000,0.013,0.000,0.000,0.006,0.006
140.6048,1406,0,move,-1,140.6048,140.6148,0,0.000,-0.088,0.176,-0.176,-0.088,0.088,-0.264,-0.088,0.176,0.088,-50.625,34.453,-0.088,0.264,0.000,0.000,0.439,0.176,0.000,0.000,0.000,0.000,0.000,0.000,0.000,0.000,0.000,0.000,-51.143,34.557,0.000,0.000,0.000,0.000,0.000,0.000,0.013,5.6,11.30,31.0,0.000,0.000,0.000,0.006,0.000,0.000,0.006,0.000,0.000,0.000,0.013,0.000,0.000,0.013,0.000,0.000,0.006,0.006
140.7050,1407,0,move,-1,140.7050,140.7163,0,0.000,-0.088,0.176,-0.176,-0.088,0.088,-0.264,-0.088,0.176,0.088,-50.625,34.453,-0.088,0.264,0.000,0.000,0.439,0.176,0.000,0.000,0.000,0.000,0.000,0.000,0.000,0.000,0.000,0.000,-51.143,34.557,0.000,0.000,0.000,0.000,0.000,0.000,0.013,3.2,11.30,28.0,0.000,0.000,0.000,0.006,0.000,0.000,0.006,0.000,0.000,0.000,0.006,0.000,0.000,0.013,0.000,0.000,0.013,0.000
140.8048,1408,0,move,-1,140.8048,140.8182,0,0.000,-0.088,0.176,-0.176,-0.088,0.088,-0.264,-0.088,0.176,0.088,-50.625,34.453,-0.088,0.264,0.000,0.000,0.439,0.176,0.000,0.000,0.000,0.000,0.000,0.000,0.000,0.000,0.000,0.000,-51.143,34.557,0.000,0.000,0.000,0.000,0.000,0.000,0.013,4.8,11.30,31.0,0.000,0.000,0.000,0.000,0.000,0.000,0.000,0.000,0.000,0.000,0.006,0.000,0.000,0.006,0.000,0.000,0.013,0.000
140.9049,1409,0,move,-1,140.9049,140.9178,0,0.000,-0.088,0.176,-0.176,-0.088,0.088,-0.264,-0.088,0.176,0.088,-50.625,34.453,-0.088,0.264,0.000,0.000,0.439,0.176,0.000,0.000,0.000,0.000,0.000,0.000,0.000,0.000,0.000,0.000,-51.143,34.557,0.000,0.000,0.000,0.000,0.000,0.000,0.013,4.8,11.30,31.0,0.000,0.000,0.000,0.000,0.000,0.000,0.000,0.000,0.000,0.000,0.006,0.000,0.000,0.006,0.000,0.000,0.013,0.000
141.0050,1410,0,move,-1,141.0050,141.0153,0,0.000,-0.088,0.176,-0.176,-0.088,0.088,-0.264,-0.088,0.176,0.088,-50.625,34.453,-0.088,0.264,0.000,0.000,0.439,0.176,0.000,0.000,0.000,0.000,0.000,0.000,0.000,0.000,0.000,0.000,-51.143,34.557,0.000,0.000,0.000,0.000,0.000,0.000,0.013,5.6,11.30,31.0,0.000,0.000,0.000,0.006,0.000,0.000,0.006,0.000,0.000,0.000,0.013,0.000,0.000,0.013,0.000,0.000,0.013,0.000
141.1074,1411,0,move,-1,141.1074,141.1846,0,0.000,-0.088,0.176,-0.176,-0.088,0.088,-0.264,-0.088,0.176,0.088,-50.625,34.453,-0.088,0.264,0.000,0.000,0.439,0.176,0.000,0.000,0.000,0.000,0.000,0.000,0.000,0.000,0.000,0.000,-51.143,34.557,0.000,0.000,0.000,0.000,0.000,0.000,0.013,3.2,11.30,28.0,0.000,0.000,0.000,0.006,0.000,0.000,0.006,0.000,0.000,0.000,0.006,0.000,0.000,0.013,0.000,0.000,0.006,0.000
141.2050,1412,0,move,-1,141.2050,141.2155,0,0.000,-0.088,0.176,-0.176,-0.088,0.088,-0.264,-0.088,0.176,0.088,-50.625,34.453,-0.088,0.264,0.000,0.000,0.439,0.176,0.000,0.000,0.000,0.000,0.000,0.000,0.000,0.000,0.000,0.000,-51.143,34.557,0.000,0.000,0.000,0.000,0.000,0.000,0.013,3.2,11.30,28.0,0.000,0.000,0.000,0.006,0.000,0.000,0.006,0.000,0.000,0.000,0.006,0.000,0.000,0.013,0.000,0.000,0.006,0.000
141.3050,1413,0,move,-1,141.3050,141.3156,0,0.000,-0.088,0.176,-0.176,-0.088,0.088,-0.264,-0.088,0.176,0.088,-50.625,34.453,-0.088,0.264,0.000,0.000,0.439,0.176,0.000,0.000,0.000,0.000,0.000,0.000,0.000,0.000,0.000,0.000,-51.143,34.557,0.000,0.000,0.000,0.000,0.000,0.000,0.006,2.4,11.30,32.0,0.000,0.000,0.000,0.006,0.000,0.000,0.006,0.000,0.000,0.000,0.006,0.000,0.000,0.006,0.000,0.000,0.006,0.000
141.4050,1414,0,move,-1,141.4050,141.4159,0,0.000,-0.088,0.176,-0.176,-0.088,0.088,-0.264,-0.088,0.176,0.088,-50.625,34.453,-0.088,0.264,0.000,0.000,0.439,0.176,0.000,0.000,0.000,0.000,0.000,0.000,0.000,0.000,0.000,0.000,-51.143,34.557,0.000,0.000,0.000,0.000,0.000,0.000,0.013,5.6,11.30,31.0,0.000,0.000,0.006,0.000,0.000,0.000,0.006,0.000,0.000,0.000,0.013,0.000,0.000,0.006,0.000,0.000,0.013,0.000
141.5048,1415,0,move,-1,141.5048,141.5161,0,0.000,-0.088,0.176,-0.176,-0.088,0.088,-0.264,-0.088,0.176,0.088,-50.625,34.453,-0.088,0.264,0.000,0.000,0.439,0.176,0.000,0.000,0.000,0.000,0.000,0.000,0.000,0.000,0.000,0.000,-51.143,34.557,0.000,0.000,0.000,0.000,0.000,0.000,0.013,5.6,11.30,31.0,0.000,0.000,0.006,0.000,0.000,0.000,0.006,0.000,0.000,0.000,0.013,0.000,0.000,0.006,0.000,0.000,0.013,0.000
141.6048,1416,0,move,-1,141.6048,141.6115,0,0.000,-0.088,0.176,-0.176,-0.088,0.088,-0.264,-0.088,0.176,0.088,-50.625,34.453,-0.088,0.264,0.000,0.000,0.439,0.176,0.000,0.000,0.000,0.000,0.000,0.000,0.000,0.000,0.000,0.000,-51.143,34.557,0.000,0.000,0.000,0.000,0.000,0.000,0.013,5.6,11.30,31.0,0.000,0.000,0.006,0.000,0.000,0.000,0.006,0.000,0.000,0.000,0.013,0.000,0.000,0.006,0.000,0.000,0.013,0.000
141.7049,1417,0,move,-1,141.7049,141.7163,0,0.000,-0.088,0.176,-0.176,-0.088,0.088,-0.264,-0.088,0.176,0.088,-50.625,34.453,-0.088,0.264,0.000,0.000,0.439,0.176,0.000,0.000,0.000,0.000,0.000,0.000,0.000,0.000,0.000,0.000,-51.143,34.557,0.000,0.000,0.000,0.000,0.000,0.000,0.006,2.4,11.30,32.0,0.000,0.000,0.006,0.006,0.000,0.000,0.006,0.000,0.000,0.000,0.006,0.000,0.000,0.006,0.000,0.000,0.006,0.006
141.8049,1418,0,move,-1,141.8049,141.8184,0,0.000,-0.088,0.176,-0.176,-0.088,0.088,-0.264,-0.088,0.176,0.088,-50.625,34.453,-0.088,0.264,0.000,0.000,0.439,0.176,0.000,0.000,0.000,0.000,0.000,0.000,0.000,0.000,0.000,0.000,-51.143,34.557,0.000,0.000,0.000,0.000,0.000,0.000,0.013,3.2,11.30,28.0,,0.000,0.000,0.006,0.000,0.000,0.000,0.000,0.006,0.000,0.006,0.000,0.000,0.013,0.000,0.000,0.013,0.000
141.9049,1419,0,move,-1,141.9049,141.9180,0,0.000,-0.088,0.176,-0.176,-0.088,0.088,-0.264,-0.088,0.176,0.088,-50.625,34.453,-0.088,0.264,0.000,0.000,0.439,0.176,0.000,0.000,0.000,0.000,0.000,0.000,0.000,0.000,0.000,0.000,-51.143,34.557,0.000,0.000,0.000,0.000,0.000,0.000,0.013,3.2,11.30,28.0,,0.000,0.000,0.006,0.000,0.000,0.000,0.000,0.006,0.000,0.006,0.000,0.000,0.013,0.000,0.000,0.013,0.000
142.0049,1420,0,move,-1,142.0049,142.0194,0,0.000,-0.088,0.176,-0.176,-0.088,0.088,-0.264,-0.088,0.176,0.088,-50.625,34.453,-0.088,0.264,0.000,0.000,0.439,0.176,0.000,0.000,0.000,0.000,0.000,0.000,0.000,0.000,0.000,0.000,-51.143,34.557,0.000,0.000,0.000,0.000,0.000,0.000,0.013,5.6,11.30,31.0,0.000,0.000,0.006,0.000,0.000,0.000,0.000,0.000,0.000,0.000,0.013,0.000,0.000,0.013,0.000,0.000,0.006,0.006
142.1049,1421,0,move,-1,142.1049,142.1189,0,0.000,-0.088,0.176,-0.176,-0.088,0.088,-0.264,-0.088,0.176,0.088,-50.625,34.453,-0.088,0.264,0.000,0.000,0.439,0.176,0.000,0.000,0.000,0.000,0.000,0.000,0.000,0.000,0.000,0.000,-51.143,34.557,0.000,0.000,0.000,0.000,0.000,0.000,0.013,5.6,11.30,31.0,0.000,0.000,0.006,0.000,0.000,0.000,0.000,0.000,0.000,0.000,0.013,0.000,0.000,0.013,0.000,0.000,0.006,0.006
142.2050,1422,0,move,-1,142.2050,142.2196,0,0.000,-0.088,0.176,-0.176,-0.088,0.088,-0.264,-0.088,0.176,0.088,-50.625,34.453,-0.088,0.264,0.000,0.000,0.439,0.176,0.000,0.000,0.000,0.000,0.000,0.000,0.000,0.000,0.000,0.000,-51.143,34.557,0.000,0.000,0.000,0.000,0.000,0.000,0.013,5.6,11.20,31.0,0.000,0.000,0.000,0.006,0.000,0.000,0.006,0.000,0.000,0.000,0.013,0.000,0.000,0.006,0.000,0.000,0.013,0.006
142.3049,1423,0,move,-1,142.3049,142.3155,0,0.000,-0.088,0.176,-0.176,-0.088,0.088,-0.264,-0.088,0.176,0.088,-50.625,34.453,-0.088,0.264,0.000,0.000,0.439,0.176,0.000,0.000,0.000,0.000,0.000,0.000,0.000,0.000,0.000,0.000,-51.143,34.557,0.000,0.000,0.000,0.000,0.000,0.000,0.013,5.6,11.20,31.0,0.000,0.000,0.000,0.006,0.000,0.000,0.006,0.000,0.000,0.000,0.013,0.000,0.000,0.006,0.000,0.000,0.013,0.006
142.4048,1424,0,move,-1,142.4048,142.4263,0,0.000,-0.088,0.176,-0.176,-0.088,0.088,-0.264,-0.088,0.176,0.088,-50.625,34.453,-0.088,0.264,0.000,0.000,0.439,0.176,0.000,0.000,0.000,0.000,0.000,0.000,0.000,0.000,0.000,0.000,-51.143,34.557,0.000,0.000,0.000,0.000,0.000,0.000,0.013,5.6,11.30,31.0,0.000,0.000,0.000,0.000,0.000,0.000,0.006,0.000,0.000,0.000,0.013,0.000,0.000,0.013,0.000,0.000,0.006,0.006
142.5094,1425,0,move,-1,142.5094,142.5697,0,0.000,-0.088,0.176,-0.176,-0.088,0.088,-0.264,-0.088,0.176,0.088,-50.625,34.453,-0.088,0.264,0.000,0.000,0.439,0.176,0.000,0.000,0.000,0.000,0.000,0.000,0.000,0.000,0.000,0.000,-51.143,34.557,0.000,0.000,0.000,0.000,0.000,0.000,0.013,5.6,11.30,31.0,0.000,0.000,0.000,0.006,,0.000,0.000,0.000,0.000,0.000,0.013,0.000,0.000,0.006,0.000,0.000,0.006,0.000
142.6049,1426,0,move,-1,142.6049,142.6171,0,0.000,-0.088,0.176,-0.176,-0.088,0.088,-0.264,-0.088,0.176,0.088,-50.625,34.453,-0.088,0.264,0.000,0.000,0.439,0.176,0.000,0.000,0.000,0.000,0.000,0.000,0.000,0.000,0.000,0.000,-51.143,34.557,0.000,0.000,0.000,0.000,0.000,0.000,0.013,5.6,11.30,31.0,0.000,0.000,0.000,0.006,,0.000,0.000,0.000,0.000,0.000,0.013,0.000,0.000,0.006,0.000,0.000,0.006,0.000
142.7050,1427,0,move,-1,142.7050,142.7156,0,0.000,-0.088,0.176,-0.176,-0.088,0.088,-0.264,-0.088,0.176,0.088,-50.625,34.453,-0.088,0.264,0.000,0.000,0.439,0.176,0.000,0.000,0.000,0.000,0.000,0.000,0.000,0.000,0.000,0.000,-51.143,34.557,0.000,0.000,0.000,0.000,0.000,0.000,0.013,3.2,11.30,28.0,0.000,0.000,0.006,0.006,0.000,0.000,0.006,0.000,0.000,0.000,0.006,0.000,0.000,0.013,0.000,0.000,0.006,0.006
142.8048,1428,0,move,-1,142.8048,142.8145,0,0.000,-0.088,0.176,-0.176,-0.088,0.088,-0.264,-0.088,0.176,0.088,-50.625,34.453,-0.088,0.264,0.000,0.000,0.439,0.176,0.000,0.000,0.000,0.000,0.000,0.000,0.000,0.000,0.000,0.000,-51.143,34.557,0.000,0.000,0.000,0.000,0.000,0.000,0.013,3.2,11.30,28.0,0.000,0.000,0.006,0.006,0.000,0.000,0.006,0.000,0.000,0.000,0.006,0.000,0.000,0.013,0.000,0.000,0.006,0.006
142.9049,1429,0,move,-1,142.9049,142.9171,0,0.000,-0.088,0.176,-0.176,-0.088,0.088,-0.264,-0.088,0.176,0.088,-50.625,34.453,-0.088,0.264,0.000,0.000,0.439,0.176,0.000,0.000,0.000,0.000,0.000,0.000,0.000,0.000,0.000,0.000,-51.143,34.557,0.000,0.000,0.000,0.000,0.000,0.000,0.013,3.2,11.30,28.0,0.000,0.000,0.000,0.006,0.000,0.000,0.006,0.000,0.000,0.000,0.006,0.000,0.000,0.013,0.000,0.000,0.006,0.006
143.0051,1430,0,move,-1,143.0051,143.0170,0,0.000,-0.088,0.176,-0.176,-0.088,0.088,-0.264,-0.088,0.176,0.088,-50.625,34.453,-0.088,0.264,0.000,0.000,0.439,0.176,0.000,0.000,0.000,0.000,0.000,0.000,0.000,0.000,0.000,0.000,-51.143,34.557,0.000,0.000,0.000,0.000,0.000,0.000,0.013,3.2,11.30,28.0,0.000,0.000,0.000,0.006,0.000,0.000,0.006,0.000,0.000,0.000,0.006,0.000,0.000,0.013,0.000,0.000,0.006,0.006
143.1048,1431,0,move,-1,143.1048,143.1167,0,0.000,-0.088,0.176,-0.176,-0.088,0.088,-0.264,-0.088,0.176,0.088,-50.625,34.453,-0.088,0.264,0.000,0.000,0.439,0.176,0.000,0.000,0.000,0.000,0.000,0.000,0.000,0.000,0.000,0.000,-51.143,34.557,0.000,0.000,0.000,0.000,0.000,0.000,0.013,5.6,11.30,31.0,0.000,0.000,0.000,0.000,0.000,0.000,0.000,0.000,0.000,0.000,0.013,0.000,0.000,0.013,0.000,0.000,0.013,0.000
143.2050,1432,0,move,-1,143.2050,143.2177,0,0.000,-0.088,0.176,-0.176,-0.088,0.088,-0.264,-0.088,0.176,0.088,-50.625,34.453,-0.088,0.264,0.000,0.000,0.439,0.176,0.000,0.000,0.000,0.000,0.000,0.000,0.000,0.000,0.000,0.000,-51.143,34.557,0.000,0.000,0.000,0.000,0.000,0.000,0.013,5.6,11.30,31.0,0.000,0.000,0.000,0.000,0.000,0.000,0.000,0.000,0.000,0.000,0.013,0.000,0.000,0.013,0.000,0.000,0.013,0.000
143.3050,1433,0,move,-1,143.3050,143.3163,0,0.000,-0.088,0.176,-0.176,-0.088,0.088,-0.264,-0.088,0.176,0.088,-50.625,34.453,-0.088,0.264,0.000,0.000,0.439,0.176,0.000,0.000,0.000,0.000,0.000,0.000,0.000,0.000,0.000,0.000,-51.143,34.557,0.000,0.000,0.000,0.000,0.000,0.000,0.013,5.6,11.30,31.0,0.000,0.000,0.000,0.000,0.000,0.000,0.000,0.000,0.000,0.000,0.013,0.000,0.000,0.013,0.000,0.000,0.013,0.000
143.4050,1434,0,move,-1,143.4050,143.4146,0,0.000,-0.088,0.176,-0.176,-0.088,0.088,-0.264,-0.088,0.176,0.088,-50.625,34.453,-0.088,0.264,0.000,0.000,0.439,0.176,0.000,0.000,0.000,0.000,0.000,0.000,0.000,0.000,0.000,0.000,-51.143,34.557,0.000,0.000,0.000,0.000,0.000,0.000,0.013,3.2,11.30,28.0,0.000,0.000,0.000,0.000,0.000,0.000,0.000,0.000,0.000,0.000,0.006,0.000,0.000,0.013,0.000,0.000,0.006,0.006
143.5049,1435,0,move,-1,143.5049,143.5180,0,0.000,-0.088,0.176,-0.176,-0.088,0.088,-0.264,-0.088,0.176,0.088,-50.625,34.453,-0.088,0.264,0.000,0.000,0.439,0.176,0.000,0.000,0.000,0.000,0.000,0.000,0.000,0.000,0.000,0.000,-51.143,34.557,0.000,0.000,0.000,0.000,0.000,0.000,0.013,5.6,11.30,31.0,0.000,0.000,0.000,0.000,0.000,0.000,0.006,0.000,0.000,0.000,0.013,0.000,0.000,0.006,0.000,0.000,0.006,0.006
143.6050,1436,0,move,-1,143.6050,143.6141,0,0.000,-0.088,0.176,-0.176,-0.088,0.088,-0.264,-0.088,0.176,0.088,-50.625,34.453,-0.088,0.264,0.000,0.000,0.439,0.176,0.000,0.000,0.000,0.000,0.000,0.000,0.000,0.000,0.000,0.000,-51.143,34.557,0.000,0.000,0.000,0.000,0.000,0.000,0.013,5.6,11.30,31.0,0.000,0.000,0.000,0.000,0.000,0.000,0.006,0.000,0.000,0.000,0.013,0.000,0.000,0.006,0.000,0.000,0.006,0.006
143.7050,1437,0,move,-1,143.7050,143.7156,0,0.000,-0.088,0.176,-0.176,-0.088,0.088,-0.264,-0.088,0.176,0.088,-50.625,34.453,-0.088,0.264,0.000,0.000,0.439,0.176,0.000,0.000,0.000,0.000,0.000,0.000,0.000,0.000,0.000,0.000,-51.143,34.557,0.000,0.000,0.000,0.000,0.000,0.000,0.013,5.6,11.30,31.0,0.000,0.000,0.000,0.000,0.000,0.000,0.006,0.000,0.000,0.000,0.013,0.000,0.000,0.006,0.000,0.000,0.006,0.006
143.8048,1438,0,move,-1,143.8048,143.8144,0,0.000,-0.088,0.176,-0.176,-0.088,0.088,-0.264,-0.088,0.176,0.088,-50.625,34.453,-0.088,0.264,0.000,0.000,0.439,0.176,0.000,0.000,0.000,0.000,0.000,0.000,0.000,0.000,0.000,0.000,-51.143,34.557,0.000,0.000,0.000,0.000,0.000,0.000,0.013,5.6,11.30,31.0,0.000,0.000,0.000,0.000,0.000,0.000,0.006,0.000,0.000,0.000,0.013,0.000,0.000,0.006,0.000,0.000,0.006,0.006
143.9048,1439,0,move,-1,143.9048,143.9154,0,0.000,-0.088,0.176,-0.176,-0.088,0.088,-0.264,-0.088,0.176,0.088,-50.625,34.453,-0.088,0.264,0.000,0.000,0.439,0.176,0.000,0.000,0.000,0.000,0.000,0.000,0.000,0.000,0.000,0.000,-51.143,34.557,0.000,0.000,0.000,0.000,0.000,0.000,0.013,3.2,11.30,28.0,0.000,0.000,0.000,0.000,0.000,0.000,0.006,0.000,0.006,0.000,0.006,0.000,0.000,0.013,0.000,0.000,0.006,0.006
144.0050,1440,0,move,-1,144.0050,144.0119,0,0.000,-0.088,0.176,-0.176,-0.088,0.088,-0.264,-0.088,0.176,0.088,-50.625,34.453,-0.088,0.264,0.000,0.000,0.439,0.176,0.000,0.000,0.000,0.000,0.000,0.000,0.000,0.000,0.000,0.000,-51.143,34.557,0.000,0.000,0.000,0.000,0.000,0.000,0.013,3.2,11.30,28.0,0.000,0.000,0.000,0.000,0.000,0.000,0.006,0.000,0.006,0.000,0.006,0.000,0.000,0.013,0.000,0.000,0.006,0.006
144.1175,1441,0,move,-1,144.1175,144.1303,0,0.000,-0.088,0.176,-0.176,-0.088,0.088,-0.264,-0.088,0.176,0.088,-50.625,34.453,-0.088,0.264,0.000,0.000,0.439,0.176,0.000,0.000,0.000,0.000,0.000,0.000,0.000,0.000,0.000,0.000,-51.143,34.557,0.000,0.000,0.000,0.000,0.000,0.000,0.013,3.2,11.30,28.0,0.000,0.000,0.006,0.006,0.000,0.000,0.000,0.000,0.006,0.000,0.006,0.000,0.000,0.013,0.000,0.000,0.006,0.006
144.2047,1442,0,move,-1,144.2047,144.2164,0,0.000,-0.088,0.176,-0.176,-0.088,0.088,-0.264,-0.088,0.176,0.088,-50.625,34.453,-0.088,0.264,0.000,0.000,0.439,0.176,0.000,0.000,0.000,0.000,0.000,0.000,0.000,0.000,0.000,0.000,-51.143,34.557,0.000,0.000,0.000,0.000,0.000,0.000,0.013,3.2,11.30,28.0,0.000,0.000,0.006,0.006,0.000,0.000,0.000,0.000,0.006,0.000,0.006,0.000,0.000,0.013,0.000,0.000,0.006,0.006
144.3048,1443,0,move,-1,144.3048,144.3176,0,0.000,-0.088,0.176,-0.176,-0.088,0.088,-0.264,-0.088,0.176,0.088,-50.625,34.453,-0.088,0.264,0.000,0.000,0.439,0.176,0.000,0.000,0.000,0.000,0.000,0.000,0.000,0.000,0.000,0.000,-51.143,34.557,0.000,0.000,0.000,0.000,0.000,0.000,0.006,3.2,11.30,32.0,0.000,0.000,0.000,0.000,0.000,0.000,0.006,0.000,0.000,0.000,0.006,0.000,0.000,0.006,0.000,0.000,0.006,0.006
144.4049,1444,0,move,-1,144.4049,144.4158,0,0.000,-0.088,0.176,-0.176,-0.088,0.088,-0.264,-0.088,0.176,0.088,-50.625,34.453,-0.088,0.264,0.000,0.000,0.439,0.176,0.000,0.000,0.000,0.000,0.000,0.000,0.000,0.000,0.000,0.000,-51.143,34.557,0.000,0.000,0.000,0.000,0.000,0.000,0.006,3.2,11.30,32.0,0.000,0.000,0.000,0.000,0.000,0.000,0.006,0.000,0.000,0.000,0.006,0.000,0.000,0.006,0.000,0.000,0.006,0.006
144.5062,1445,0,move,-1,144.5062,144.5204,0,0.000,-0.088,0.176,-0.176,-0.088,0.088,-0.264,-0.088,0.176,0.088,-50.625,34.453,-0.088,0.264,0.000,0.000,0.439,0.176,0.000,0.000,0.000,0.000,0.000,0.000,0.000,0.000,0.000,0.000,-51.143,34.557,0.000,0.000,0.000,0.000,0.000,0.000,0.013,5.6,11.30,31.0,0.000,0.000,0.006,0.000,0.000,0.000,0.006,0.000,0.000,0.000,0.013,0.000,0.000,0.013,0.000,0.000,0.006,0.000
144.6049,1446,0,move,-1,144.6049,144.6165,0,0.000,-0.088,0.176,-0.176,-0.088,0.088,-0.264,-0.088,0.176,0.088,-50.625,34.453,-0.088,0.264,0.000,0.000,0.439,0.176,0.000,0.000,0.000,0.000,0.000,0.000,0.000,0.000,0.000,0.000,-51.143,34.557,0.000,0.000,0.000,0.000,0.000,0.000,0.013,5.6,11.30,31.0,0.000,0.000,0.006,0.000,0.000,0.000,0.006,0.000,0.000,0.000,0.013,0.000,0.000,0.013,0.000,0.000,0.006,0.000
144.7047,1447,0,move,-1,144.7047,144.7166,0,0.000,-0.088,0.176,-0.176,-0.088,0.088,-0.264,-0.088,0.176,0.088,-50.625,34.453,-0.088,0.264,0.000,0.000,0.439,0.176,0.000,0.000,0.000,0.000,0.000,0.000,0.000,0.000,0.000,0.000,-51.143,34.557,0.000,0.000,0.000,0.000,0.000,0.000,0.013,5.6,11.30,31.0,0.000,0.000,0.000,0.000,0.000,0.000,0.006,0.000,0.000,0.000,0.013,0.000,0.000,0.006,0.000,0.000,0.013,0.000
144.8079,1448,0,move,-1,144.8079,144.8179,0,0.000,-0.088,0.176,-0.176,-0.088,0.088,-0.264,-0.088,0.176,0.088,-50.625,34.453,-0.088,0.264,0.000,0.000,0.439,0.176,0.000,0.000,0.000,0.000,0.000,0.000,0.000,0.000,0.000,0.000,-51.143,34.557,0.000,0.000,0.000,0.000,0.000,0.000,0.006,3.2,11.20,32.0,0.000,0.000,0.000,0.000,0.000,0.000,0.006,0.000,0.000,0.000,0.006,0.000,0.000,0.006,0.000,0.000,0.006,0.000
144.9048,1449,0,move,-1,144.9048,144.9111,0,0.000,-0.088,0.176,-0.176,-0.088,0.088,-0.264,-0.088,0.176,0.088,-50.625,34.453,-0.088,0.264,0.000,0.000,0.439,0.176,0.000,0.000,0.000,0.000,0.000,0.000,0.000,0.000,0.000,0.000,-51.143,34.557,0.000,0.000,0.000,0.000,0.000,0.000,0.006,3.2,11.20,32.0,0.000,0.000,0.000,0.000,0.000,0.000,0.006,0.000,0.000,0.000,0.006,0.000,0.000,0.006,0.000,0.000,0.006,0.000
145.0048,1450,0,move,-1,145.0048,145.0122,0,0.000,-0.088,0.176,-0.176,-0.088,0.088,-0.264,-0.088,0.176,0.088,-50.625,34.453,-0.088,0.264,0.000,0.000,0.439,0.176,0.000,0.000,0.000,0.000,0.000,0.000,0.000,0.000,0.000,0.000,-51.143,34.557,0.000,0.000,0.000,0.000,0.000,0.000,0.013,5.6,11.30,31.0,0.000,0.000,0.006,0.000,0.000,0.000,0.000,0.000,0.000,0.000,0.013,0.000,0.000,0.013,0.000,0.000,0.006,0.000
145.1049,1451,0,move,-1,145.1049,145.1162,0,0.000,-0.088,0.176,-0.176,-0.088,0.088,-0.264,-0.088,0.176,0.088,-50.625,34.453,-0.088,0.264,0.000,0.000,0.439,0.176,0.000,0.000,0.000,0.000,0.000,0.000,0.000,0.000,0.000,0.000,-51.143,34.557,0.000,0.000,0.000,0.000,0.000,0.000,0.013,4.8,11.30,31.0,0.000,0.000,0.000,0.000,0.000,0.000,0.006,0.000,0.000,0.000,0.006,0.000,0.000,0.006,0.000,0.000,0.013,0.000
145.2049,1452,0,move,-1,145.2049,145.2179,0,0.000,-0.088,0.176,-0.176,-0.088,0.088,-0.264,-0.088,0.176,0.088,-50.625,34.453,-0.088,0.264,0.000,0.000,0.439,0.176,0.000,0.000,0.000,0.000,0.000,0.000,0.000,0.000,0.000,0.000,-51.143,34.557,0.000,0.000,0.000,0.000,0.000,0.000,0.013,5.6,11.30,31.0,0.000,0.000,0.000,0.006,0.000,0.000,0.006,0.000,0.000,0.000,0.013,0.000,0.000,0.013,0.000,0.000,0.006,0.000
145.3049,1453,0,move,-1,145.3049,145.3140,0,0.000,-0.088,0.176,-0.176,-0.088,0.088,-0.264,-0.088,0.176,0.088,-50.625,34.453,-0.088,0.264,0.000,0.000,0.439,0.176,0.000,0.000,0.000,0.000,0.000,0.000,0.000,0.000,0.000,0.000,-51.143,34.557,0.000,0.000,0.000,0.000,0.000,0.000,0.013,5.6,11.30,31.0,0.000,0.000,0.000,0.006,0.000,0.000,0.006,0.000,0.000,0.000,0.013,0.000,0.000,0.013,0.000,0.000,0.006,0.000
145.4049,1454,0,move,-1,145.4049,145.4157,0,0.000,-0.088,0.176,-0.176,-0.088,0.088,-0.264,-0.088,0.176,0.088,-50.625,34.453,-0.088,0.264,0.000,0.000,0.439,0.176,0.000,0.000,0.000,0.000,0.000,0.000,0.000,0.000,0.000,0.000,-51.143,34.557,0.000,0.000,0.000,0.000,0.000,0.000,0.013,5.6,11.30,31.0,0.000,0.000,0.000,0.006,0.000,0.000,0.000,0.000,0.006,0.000,0.013,0.000,0.000,0.013,0.000,0.000,0.013,0.006
145.5067,1455,0,move,-1,145.5067,145.5700,0,0.000,-0.088,0.176,-0.176,-0.088,0.088,-0.264,-0.088,0.176,0.088,-50.625,34.453,-0.088,0.264,0.000,0.000,0.439,0.176,0.000,0.000,0.000,0.000,0.000,0.000,0.000,0.000,0.000,0.000,-51.143,34.557,0.000,0.000,0.000,0.000,0.000,0.000,0.013,5.6,11.20,31.0,0.000,0.000,0.000,0.006,0.000,0.000,0.006,0.000,0.000,0.000,0.013,0.000,0.000,0.013,0.000,0.000,0.006,0.006
145.6049,1456,0,move,-1,145.6049,145.6180,0,0.000,-0.088,0.176,-0.176,-0.088,0.088,-0.264,-0.088,0.176,0.088,-50.625,34.453,-0.088,0.264,0.000,0.000,0.439,0.176,0.000,0.000,0.000,0.000,0.000,0.000,0.000,0.000,0.000,0.000,-51.143,34.557,0.000,0.000,0.000,0.000,0.000,0.000,0.013,5.6,11.20,31.0,0.000,0.000,0.000,0.006,0.000,0.000,0.006,0.000,0.000,0.000,0.013,0.000,0.000,0.013,0.000,0.000,0.006,0.006
145.7047,1457,0,move,-1,145.7047,145.7162,0,0.000,-0.088,0.176,-0.176,-0.088,0.088,-0.264,-0.088,0.176,0.088,-50.625,34.453,-0.088,0.264,0.000,0.000,0.439,0.176,0.000,0.000,0.000,0.000,0.000,0.000,0.000,0.000,0.000,0.000,-51.143,34.557,0.000,0.000,0.000,0.000,0.000,0.000,0.013,3.6,11.30,28.0,0.000,0.000,0.000,0.000,0.000,0.000,0.006,0.000,0.006,0.000,0.006,0.000,0.000,0.013,0.000,0.000,0.013,0.000
145.8049,1458,0,move,-1,145.8049,145.8175,0,0.000,-0.088,0.176,-0.176,-0.088,0.088,-0.264,-0.088,0.176,0.088,-50.625,34.453,-0.088,0.264,0.000,0.000,0.439,0.176,0.000,0.000,0.000,0.000,0.000,0.000,0.000,0.000,0.000,0.000,-51.143,34.557,0.000,0.000,0.000,0.000,0.000,0.000,0.013,5.6,11.30,31.0,0.000,0.000,0.000,0.000,0.000,0.000,0.006,0.000,0.000,0.000,0.013,0.000,0.000,0.013,0.000,0.000,0.006,0.000
145.9049,1459,0,move,-1,145.9049,145.9163,0,0.000,-0.088,0.176,-0.176,-0.088,0.088,-0.264,-0.088,0.176,0.088,-50.625,34.453,-0.088,0.264,0.000,0.000,0.439,0.176,0.000,0.000,0.000,0.000,0.000,0.000,0.000,0.000,0.000,0.000,-51.143,34.557,0.000,0.000,0.000,0.000,0.000,0.000,0.013,5.6,11.30,31.0,0.000,0.000,0.000,0.000,0.000,0.000,0.006,0.000,0.000,0.000,0.013,0.000,0.000,0.013,0.000,0.000,0.006,0.000
146.0049,1460,0,move,-1,146.0049,146.0181,0,0.000,-0.088,0.176,-0.176,-0.088,0.088,-0.264,-0.088,0.176,0.088,-50.625,34.453,-0.088,0.264,0.000,0.000,0.439,0.176,0.000,0.000,0.000,0.000,0.000,0.000,0.000,0.000,0.000,0.000,-51.143,34.557,0.000,0.000,0.000,0.000,0.000,0.000,0.013,4.8,11.30,31.0,0.000,0.000,0.000,0.006,0.000,0.000,0.000,0.000,0.000,0.000,0.006,0.000,0.000,0.006,0.006,0.000,0.013,0.000
146.1048,1461,0,move,-1,146.1048,146.1157,0,0.000,-0.088,0.176,-0.176,-0.088,0.088,-0.264,-0.088,0.176,0.088,-50.625,34.453,-0.088,0.264,0.000,0.000,0.439,0.176,0.000,0.000,0.000,0.000,0.000,0.000,0.000,0.000,0.000,0.000,-51.143,34.557,0.000,0.000,0.000,0.000,0.000,0.000,0.013,4.8,11.30,31.0,0.000,0.000,0.000,0.006,0.000,0.000,0.000,0.000,0.000,0.000,0.006,0.000,0.000,0.006,0.006,0.000,0.013,0.000
146.2049,1462,0,move,-1,146.2049,146.2169,0,0.000,-0.088,0.176,-0.176,-0.088,0.088,-0.264,-0.088,0.176,0.088,-50.625,34.453,-0.088,0.264,0.000,0.000,0.439,0.176,0.000,0.000,0.000,0.000,0.000,0.000,0.000,0.000,0.000,0.000,-51.143,34.557,0.000,0.000,0.000,0.000,0.000,0.000,0.013,3.2,11.30,28.0,0.000,0.000,0.000,0.000,0.000,0.000,0.000,0.000,0.000,0.000,0.006,0.000,0.000,0.013,0.000,0.000,0.006,0.000
146.3155,1463,0,move,-1,146.3155,146.3440,0,0.000,-0.088,0.176,-0.176,-0.088,0.088,-0.264,-0.088,0.176,0.088,-50.625,34.453,-0.088,0.264,0.000,0.000,0.439,0.176,0.000,0.000,0.000,0.000,0.000,0.000,0.000,0.000,0.000,0.000,-51.143,34.557,0.000,0.000,0.000,0.000,0.000,0.000,0.006,3.2,11.20,32.0,0.000,0.000,0.000,0.000,0.000,0.000,0.006,0.000,0.000,0.000,0.006,0.000,0.000,0.006,0.000,0.000,0.006,0.000
146.4048,1464,0,move,-1,146.4048,146.4174,0,0.000,-0.088,0.176,-0.176,-0.088,0.088,-0.264,-0.088,0.176,0.088,-50.625,34.453,-0.088,0.264,0.000,0.000,0.439,0.176,0.000,0.000,0.000,0.000,0.000,0.000,0.000,0.000,0.000,0.000,-51.143,34.557,0.000,0.000,0.000,0.000,0.000,0.000,0.006,3.2,11.20,32.0,0.000,0.000,0.000,0.000,0.000,0.000,0.006,0.000,0.000,0.000,0.006,0.000,0.000,0.006,0.000,0.000,0.006,0.000
146.5049,1465,0,move,-1,146.5049,146.5160,0,0.000,-0.088,0.176,-0.176,-0.088,0.088,-0.264,-0.088,0.176,0.088,-50.625,34.453,-0.088,0.264,0.000,0.000,0.439,0.176,0.000,0.000,0.000,0.000,0.000,0.000,0.000,0.000,0.000,0.000,-51.143,34.557,0.000,0.000,0.000,0.000,0.000,0.000,0.006,2.4,11.30,32.0,0.000,0.000,0.000,0.006,0.000,0.000,0.006,0.000,0.006,0.000,0.006,0.000,0.000,0.006,0.000,0.000,0.006,0.000
146.6050,1466,0,move,-1,146.6050,146.6150,0,0.000,-0.088,0.176,-0.176,-0.088,0.088,-0.264,-0.088,0.176,0.088,-50.625,34.453,-0.088,0.264,0.000,0.000,0.439,0.176,0.000,0.000,0.000,0.000,0.000,0.000,0.000,0.000,0.000,0.000,-51.143,34.557,0.000,0.000,0.000,0.000,0.000,0.000,0.006,2.4,11.30,32.0,0.000,0.000,0.000,0.006,0.000,0.000,0.006,0.000,0.006,0.000,0.006,0.000,0.000,0.006,0.000,0.000,0.006,0.000
146.7050,1467,0,move,-1,146.7050,146.7393,0,0.000,-0.088,0.176,-0.176,-0.088,0.088,-0.264,-0.088,0.176,0.088,-50.625,34.453,-0.088,0.264,0.000,0.000,0.439,0.176,0.000,0.000,0.000,0.000,0.000,0.000,0.000,0.000,0.000,0.000,-51.143,34.557,0.000,0.000,0.000,0.000,0.000,0.000,0.013,3.2,11.30,28.0,0.000,0.000,0.000,0.000,0.000,0.000,0.000,0.000,0.000,0.000,0.006,0.000,0.000,0.013,0.000,0.000,0.006,0.000
146.8048,1468,0,move,-1,146.8048,146.8171,0,0.000,-0.088,0.176,-0.176,-0.088,0.088,-0.264,-0.088,0.176,0.088,-50.625,34.453,-0.088,0.264,0.000,0.000,0.439,0.176,0.000,0.000,0.000,0.000,0.000,0.000,0.000,0.000,0.000,0.000,-51.143,34.557,0.000,0.000,0.000,0.000,0.000,0.000,0.013,3.2,11.30,28.0,0.000,0.000,0.000,0.000,0.000,0.000,0.000,0.000,0.000,0.000,0.006,0.000,0.000,0.013,0.000,0.000,0.006,0.000
146.9049,1469,0,move,-1,146.9049,146.9166,0,0.000,-0.088,0.176,-0.176,-0.088,0.088,-0.264,-0.088,0.176,0.088,-50.625,34.453,-0.088,0.264,0.000,0.000,0.439,0.176,0.000,0.000,0.000,0.000,0.000,0.000,0.000,0.000,0.000,0.000,-51.143,34.557,0.000,0.000,0.000,0.000,0.000,0.000,0.013,3.2,11.30,28.0,0.000,0.000,0.000,0.006,0.000,0.000,0.006,0.000,0.000,0.000,0.006,0.000,0.000,0.013,0.000,0.000,0.006,0.006
147.0048,1470,0,move,-1,147.0048,147.0150,0,0.000,-0.088,0.176,-0.176,-0.088,0.088,-0.264,-0.088,0.176,0.088,-50.625,34.453,-0.088,0.264,0.000,0.000,0.439,0.176,0.000,0.000,0.000,0.000,0.000,0.000,0.000,0.000,0.000,0.000,-51.143,34.557,0.000,0.000,0.000,0.000,0.000,0.000,0.013,3.2,11.30,28.0,0.000,0.000,0.000,0.006,0.000,0.000,0.006,0.000,0.000,0.000,0.006,0.000,0.000,0.013,0.000,0.000,0.006,0.006
147.1049,1471,0,move,-1,147.1049,147.1171,0,0.000,-0.088,0.176,-0.176,-0.088,0.088,-0.264,-0.088,0.176,0.088,-50.625,34.453,-0.088,0.264,0.000,0.000,0.439,0.176,0.000,0.000,0.000,0.000,0.000,0.000,0.000,0.000,0.000,0.000,-51.143,34.557,0.000,0.000,0.000,0.000,0.000,0.000,0.013,5.6,11.30,31.0,0.000,0.000,0.000,0.000,0.000,0.000,0.000,0.000,0.000,0.000,0.013,0.000,0.000,0.006,0.000,0.000,0.006,0.000
147.2049,1472,0,move,-1,147.2049,147.2128,0,0.000,-0.088,0.176,-0.176,-0.088,0.088,-0.264,-0.088,0.176,0.088,-50.625,34.453,-0.088,0.264,0.000,0.000,0.439,0.176,0.000,0.000,0.000,0.000,0.000,0.000,0.000,0.000,0.000,0.000,-51.143,34.557,0.000,0.000,0.000,0.000,0.000,0.000,0.013,5.6,11.30,31.0,0.000,0.000,0.000,0.000,0.000,0.000,0.000,0.000,0.000,0.000,0.013,0.000,0.000,0.006,0.000,0.000,0.006,0.000
147.3049,1473,0,move,-1,147.3049,147.3154,0,0.000,-0.088,0.176,-0.176,-0.088,0.088,-0.264,-0.088,0.176,0.088,-50.625,34.453,-0.088,0.264,0.000,0.000,0.439,0.176,0.000,0.000,0.000,0.000,0.000,0.000,0.000,0.000,0.000,0.000,-51.143,34.557,0.000,0.000,0.000,0.000,0.000,0.000,0.013,3.2,11.30,28.0,0.000,0.000,0.006,0.006,0.000,0.000,0.006,0.000,0.006,0.000,0.006,0.000,0.000,0.013,0.000,0.000,0.006,0.006
147.4047,1474,0,move,-1,147.4047,147.4141,0,0.000,-0.088,0.176,-0.176,-0.088,0.088,-0.264,-0.088,0.176,0.088,-50.625,34.453,-0.088,0.264,0.000,0.000,0.439,0.176,0.000,0.000,0.000,0.000,0.000,0.000,0.000,0.000,0.000,0.000,-51.143,34.557,0.000,0.000,0.000,0.000,0.000,0.000,0.013,3.2,11.30,28.0,0.000,0.000,0.006,0.006,0.000,0.000,0.006,0.000,0.006,0.000,0.006,0.000,0.000,0.013,0.000,0.000,0.006,0.006
147.5050,1475,0,move,-1,147.5050,147.5183,0,0.000,-0.088,0.176,-0.176,-0.088,0.088,-0.264,-0.088,0.176,0.088,-50.625,34.453,-0.088,0.264,0.000,0.000,0.439,0.176,0.000,0.000,0.000,0.000,0.000,0.000,0.000,0.000,0.000,0.000,-51.143,34.557,0.000,0.000,0.000,0.000,0.000,0.000,0.006,3.2,11.30,32.0,0.000,0.000,0.000,0.000,0.000,0.000,0.006,0.000,0.006,0.000,0.006,0.000,0.000,0.006,0.000,0.000,0.006,0.000
147.6054,1476,0,move,-1,147.6054,147.6563,0,0.000,-0.088,0.176,-0.176,-0.088,0.088,-0.264,-0.088,0.176,0.088,-50.625,34.453,-0.088,0.264,0.000,0.000,0.439,0.176,0.000,0.000,0.000,0.000,0.000,0.000,0.000,0.000,0.000,0.000,-51.143,34.557,0.000,0.000,0.000,0.000,0.000,0.000,0.013,6.0,11.30,31.0,0.000,0.000,0.000,0.006,0.000,0.000,0.006,0.000,0.000,0.000,0.013,0.000,0.000,0.006,0.000,0.000,0.006,0.000
147.7049,1477,0,move,-1,147.7049,147.7155,0,0.000,-0.088,0.176,-0.176,-0.088,0.088,-0.264,-0.088,0.176,0.088,-50.625,34.453,-0.088,0.264,0.000,0.000,0.439,0.176,0.000,0.000,0.000,0.000,0.000,0.000,0.000,0.000,0.000,0.000,-51.143,34.557,0.000,0.000,0.000,0.000,0.000,0.000,0.013,6.0,11.30,31.0,0.000,0.000,0.000,0.006,0.000,0.000,0.006,0.000,0.000,0.000,0.013,0.000,0.000,0.006,0.000,0.000,0.006,0.000
147.8048,1478,0,move,-1,147.8048,147.8194,0,0.000,-0.088,0.176,-0.176,-0.088,0.088,-0.264,-0.088,0.176,0.088,-50.625,34.453,-0.088,0.264,0.000,0.000,0.439,0.176,0.000,0.000,0.000,0.000,0.000,0.000,0.000,0.000,0.000,0.000,-51.143,34.557,0.000,0.000,0.000,0.000,0.000,0.000,0.013,5.6,11.20,31.0,0.000,0.000,0.000,0.000,0.000,0.000,0.000,0.000,0.000,0.000,0.013,0.000,0.000,0.006,0.000,0.000,0.006,0.000
147.9049,1479,0,move,-1,147.9049,147.9159,0,0.000,-0.088,0.176,-0.176,-0.088,0.088,-0.264,-0.088,0.176,0.088,-50.625,34.453,-0.088,0.264,0.000,0.000,0.439,0.176,0.000,0.000,0.000,0.000,0.000,0.000,0.000,0.000,0.000,0.000,-51.143,34.557,0.000,0.000,0.000,0.000,0.000,0.000,0.013,5.6,11.20,31.0,0.000,0.000,0.000,0.000,0.000,0.000,0.000,0.000,0.000,0.000,0.013,0.000,0.000,0.006,0.000,0.000,0.006,0.000
148.0105,1480,0,move,-1,148.0105,148.0718,0,0.000,-0.088,0.176,-0.176,-0.088,0.088,-0.264,-0.088,0.176,0.088,-50.625,34.453,-0.088,0.264,0.000,0.000,0.439,0.176,0.000,0.000,0.000,0.000,0.000,0.000,0.000,0.000,0.000,0.000,-51.087,34.527,0.000,0.000,0.000,0.000,0.000,0.000,0.013,5.6,11.30,31.0,0.000,0.000,0.000,0.000,0.000,0.000,0.006,0.000,0.000,0.000,0.013,0.000,0.000,0.006,0.000,0.000,0.006,0.006
148.1092,1481,0,move,-1,148.1092,148.1199,0,0.000,-0.088,0.176,-0.176,-0.088,0.088,-0.264,-0.088,0.176,0.088,-50.625,34.453,-0.088,0.264,0.000,0.000,0.439,0.176,0.000,0.000,0.000,0.000,0.000,0.000,0.000,0.000,0.000,0.000,-50.920,34.437,0.000,0.000,0.000,0.000,0.000,0.000,0.013,5.6,11.30,31.0,0.000,0.000,0.000,0.000,0.000,0.000,0.006,0.000,0.000,0.000,0.013,0.000,0.000,0.006,0.000,0.000,0.006,0.006
148.2048,1482,0,move,-1,148.2048,148.2149,0,0.000,-0.088,0.176,-0.176,-0.088,0.088,-0.264,-0.088,0.176,0.088,-50.625,34.453,-0.088,0.264,0.000,0.000,0.439,0.176,0.000,0.000,0.000,0.000,0.000,0.000,0.000,0.000,0.000,0.000,-50.644,34.286,0.000,0.000,0.000,0.000,0.000,0.000,0.013,3.2,11.30,28.0,0.000,0.000,0.000,0.006,0.000,0.000,0.006,0.000,0.000,0.000,0.006,0.000,0.000,0.013,0.000,0.000,0.006,0.006
148.3049,1483,0,move,-1,148.3049,148.3167,0,0.000,-0.088,0.176,-0.176,-0.088,0.088,-0.264,-0.088,0.176,0.088,-50.625,34.277,-0.088,0.264,0.000,0.000,0.439,0.176,0.000,0.000,0.000,0.000,0.000,0.000,0.000,0.000,0.000,0.000,-50.260,34.076,0.000,0.000,0.000,0.000,0.000,0.000,0.006,3.2,11.20,32.0,0.000,0.000,0.000,0.000,0.000,0.000,0.006,0.000,0.006,0.000,0.000,0.006,0.000,0.006,0.000,0.000,0.006,0.000
148.4049,1484,0,move,-1,148.4049,148.4156,0,0.000,-0.088,0.176,-0.176,-0.088,0.088,-0.264,-0.088,0.176,0.088,-50.537,34.102,-0.088,0.264,0.000,0.000,0.439,0.176,0.000,0.000,0.000,0.000,0.000,0.000,0.000,0.000,0.000,0.000,-49.769,33.806,0.000,0.000,0.000,0.000,0.000,0.000,0.006,3.2,11.20,32.0,0.000,0.000,0.000,0.000,0.000,0.000,0.006,0.000,0.006,0.000,0.000,0.006,0.000,0.006,0.000,0.000,0.006,0.000
148.5127,1485,0,move,-1,148.5127,148.5812,0,0.000,-0.088,0.176,-0.176,-0.088,0.088,-0.264,-0.088,0.176,0.088,-49.922,33.926,-0.088,0.264,0.000,0.000,0.439,0.176,0.000,0.000,0.000,0.000,0.000,0.000,0.000,0.000,0.000,0.000,-49.176,33.476,0.000,0.000,0.000,0.000,0.000,0.000,0.013,3.6,11.40,29.0,0.000,0.000,0.000,0.006,0.000,0.000,0.006,0.000,0.000,0.000,0.000,0.013,0.000,0.013,0.000,0.000,0.006,0.000
148.6048,1486,0,move,-1,148.6048,148.6118,0,0.000,-0.088,0.176,-0.176,-0.088,0.088,-0.264,-0.088,0.176,0.088,-49.922,33.838,-0.088,0.264,0.000,0.000,0.439,0.176,0.000,0.000,0.000,0.000,0.000,0.000,0.000,0.000,0.000,0.000,-48.483,33.087,0.000,0.000,0.000,0.000,0.000,0.000,0.013,3.6,11.40,29.0,0.000,0.000,0.000,0.006,0.000,0.000,0.006,0.000,0.000,0.000,0.000,0.013,0.000,0.013,0.000,0.000,0.006,0.000
148.7049,1487,0,move,-1,148.7049,148.7156,0,0.000,-0.088,0.176,-0.176,-0.088,0.088,-0.264,-0.088,0.176,0.088,-48.955,33.135,-0.088,0.264,0.000,0.000,0.439,0.176,0.000,0.000,0.000,0.000,0.000,0.000,0.000,0.000,0.000,0.000,-47.696,32.641,0.000,0.000,0.000,0.000,0.000,0.000,0.013,3.2,11.30,28.0,0.000,0.000,0.006,0.000,0.000,0.000,0.006,0.000,0.006,0.000,0.006,0.006,0.000,0.013,0.000,0.000,0.006,0.000
148.8050,1488,0,move,-1,148.8050,148.8179,0,0.000,-0.088,0.176,-0.176,-0.088,0.088,-0.264,-0.088,0.176,0.088,-48.252,32.695,-0.088,0.264,0.000,0.000,0.439,0.176,0.000,0.000,0.000,0.000,0.000,0.000,0.000,0.000,0.000,0.000,-46.816,32.136,0.000,0.000,0.000,0.000,0.000,0.000,0.006,2.4,11.30,32.0,0.000,0.000,0.000,0.006,0.000,0.000,0.006,0.000,0.000,0.000,0.000,0.006,0.000,0.006,0.000,0.000,0.006,0.000
148.9050,1489,0,move,-1,148.9050,148.9161,0,0.000,-0.088,0.176,-0.176,-0.088,0.088,-0.264,-0.088,0.176,0.088,-47.549,32.168,-0.088,0.264,0.000,0.000,0.439,0.176,0.000,0.000,0.000,0.000,0.000,0.000,0.000,0.000,0.000,0.000,-45.851,31.576,0.000,0.000,0.000,0.000,0.000,0.000,0.006,2.4,11.30,32.0,0.000,0.000,0.000,0.006,0.000,0.000,0.006,0.000,0.000,0.000,0.000,0.006,0.000,0.006,0.000,0.000,0.006,0.000
149.0048,1490,0,move,-1,149.0048,149.0163,0,0.000,-0.088,0.176,-0.176,-0.088,0.088,-0.264,-0.088,0.176,0.088,-46.670,31.553,-0.088,0.264,0.000,0.000,0.439,0.176,0.000,0.000,0.000,0.000,0.000,0.000,0.000,0.000,0.000,0.000,-44.803,30.959,0.000,0.000,0.000,0.000,0.000,0.000,0.013,4.8,11.30,29.0,0.000,0.000,0.000,0.000,0.000,0.000,0.006,0.000,0.000,0.000,0.006,0.013,0.000,0.013,0.000,0.000,0.006,0.006
149.1050,1491,0,move,-1,149.1050,149.1185,0,0.000,-0.088,0.176,-0.176,-0.088,0.088,-0.264,-0.088,0.176,0.088,-45.879,31.025,-0.088,0.264,0.000,0.000,0.439,0.176,0.000,0.000,0.000,0.000,0.000,0.000,0.000,0.000,0.000,0.000,-43.680,30.289,0.000,0.000,0.000,0.000,0.000,0.000,0.006,2.4,11.30,32.0,0.000,0.000,0.000,0.006,0.000,0.000,0.006,0.000,0.000,0.000,0.000,0.000,0.000,0.006,0.000,0.000,0.006,0.000
149.2048,1492,0,move,-1,149.2048,149.2163,0,0.000,-0.088,0.176,-0.176,-0.088,0.088,-0.264,-0.088,0.176,0.088,-44.824,30.498,-0.088,0.264,0.000,0.000,0.439,0.176,0.000,0.000,0.000,0.000,0.000,0.000,0.000,0.000,0.000,0.000,-42.487,29.567,0.000,0.000,0.000,0.000,0.000,0.000,0.006,2.4,11.30,32.0,0.000,0.000,0.000,0.006,0.000,0.000,0.006,0.000,0.000,0.000,0.000,0.000,0.000,0.006,0.000,0.000,0.006,0.000
149.3048,1493,0,move,-1,149.3048,149.3174,0,0.000,-0.088,0.176,-0.176,-0.088,0.088,-0.264,-0.088,0.176,0.088,-43.418,29.795,-0.088,0.264,0.000,0.000,0.439,0.176,0.000,0.000,0.000,0.000,0.000,0.000,0.000,0.000,0.000,0.000,-41.228,28.795,0.000,0.000,0.000,0.000,0.000,0.000,0.013,3.2,11.30,28.0,0.000,0.000,0.000,0.000,0.000,0.000,0.006,0.000,0.000,0.000,0.000,0.006,0.000,0.013,0.000,0.000,0.013,0.000
149.4072,1494,0,move,-1,149.4072,149.4183,0,0.000,-0.088,0.176,-0.176,-0.088,0.088,-0.264,-0.088,0.176,0.088,-42.363,29.004,-0.088,0.264,0.000,0.000,0.439,0.176,0.000,0.000,0.000,0.000,0.000,0.000,0.000,0.000,0.000,0.000,-39.910,27.976,0.000,0.000,0.000,0.000,0.000,0.000,0.013,3.2,11.30,28.0,0.000,0.000,0.006,0.000,0.000,0.000,0.006,0.000,0.006,0.000,0.000,0.000,0.000,0.013,0.000,0.000,0.006,0.006
149.5049,1495,0,move,-1,149.5049,149.5154,0,0.000,-0.088,0.176,-0.176,-0.088,0.088,-0.264,-0.088,0.176,0.088,-41.133,28.301,-0.088,0.264,0.000,0.000,0.439,0.176,0.000,0.000,0.000,0.000,0.000,0.000,0.000,0.000,0.000,0.000,-38.538,27.112,0.000,0.000,0.000,0.000,0.000,0.000,0.013,3.2,11.30,28.0,0.000,0.000,0.006,0.000,0.000,0.000,0.006,0.000,0.006,0.000,0.000,0.000,0.000,0.013,0.000,0.000,0.006,0.006
149.6049,1496,0,move,-1,149.6049,149.6161,0,0.000,-0.088,0.176,-0.176,-0.088,0.088,-0.264,-0.088,0.176,0.088,-39.814,27.334,-0.088,0.264,0.000,0.000,0.439,0.176,0.000,0.000,0.000,0.000,0.000,0.000,0.000,0.000,0.000,0.000,-37.119,26.207,0.000,0.000,0.000,0.000,0.000,0.000,0.013,2.8,11.40,29.0,0.000,0.000,0.000,0.006,0.000,0.000,0.006,0.000,0.000,0.000,0.006,0.013,0.000,0.006,0.000,0.000,0.013,0.000
149.7050,1497,0,move,-1,149.7050,149.7155,0,0.000,-0.088,0.176,-0.176,-0.088,0.088,-0.264,-0.088,0.176,0.088,-38.408,26.455,-0.088,0.264,0.000,0.000,0.439,0.176,0.000,0.000,0.000,0.000,0.000,0.000,0.000,0.000,0.000,0.000,-35.658,25.263,0.000,0.000,0.000,0.000,0.000,0.000,0.013,2.8,11.40,29.0,0.000,0.000,0.000,0.006,0.000,0.000,0.006,0.000,0.000,0.000,0.006,0.013,0.000,0.006,0.000,0.000,0.013,0.000
149.8049,1498,0,move,-1,149.8049,149.8179,0,0.000,-0.088,0.176,-0.176,-0.088,0.088,-0.264,-0.088,0.176,0.088,-37.002,25.576,-0.088,0.264,0.000,0.000,0.439,0.176,0.000,0.000,0.000,0.000,0.000,0.000,0.000,0.000,0.000,0.000,-34.162,24.285,0.000,0.000,0.000,0.000,0.000,0.000,0.013,3.2,11.30,28.0,0.000,0.000,0.000,0.006,0.000,0.000,0.006,0.000,0.006,0.000,0.000,0.000,0.000,0.013,0.000,0.000,0.013,0.000
149.9049,1499,0,move,-1,149.9049,149.9169,0,0.000,-0.088,0.176,-0.176,-0.088,0.088,-0.264,-0.088,0.176,0.088,-36.650,24.873,-0.088,0.264,0.000,0.000,0.439,0.176,0.000,0.000,0.000,0.000,0.000,0.000,0.000,0.000,0.000,0.000,-32.637,23.276,0.000,0.000,0.000,0.000,0.000,0.000,0.013,3.2,11.30,28.0,0.000,0.000,0.000,0.006,0.000,0.000,0.006,0.000,0.006,0.000,0.000,0.000,0.000,0.013,0.000,0.000,0.013,0.000
150.0050,1500,0,move,-1,150.0050,150.0173,0,0.000,-0.088,0.176,-0.176,-0.088,0.088,-0.264,-0.088,0.176,0.088,-35.244,23.730,-0.088,0.264,0.000,0.000,0.439,0.176,0.000,0.000,0.000,0.000,0.000,0.000,0.000,0.000,0.000,0.000,-31.087,22.240,0.000,0.000,0.000,0.000,0.000,0.000,0.013,4.8,11.40,29.0,0.000,0.000,0.000,0.000,0.000,0.000,0.006,0.000,0.000,0.000,0.000,0.013,0.000,0.013,0.000,0.000,0.006,0.000
150.1097,1501,0,move,-1,150.1097,150.1214,0,0.000,-0.088,0.176,-0.176,-0.088,0.088,-0.264,-0.088,0.176,0.088,-33.662,22.676,-0.088,0.264,0.000,0.000,0.439,0.176,0.000,0.000,0.000,0.000,0.000,0.000,0.000,0.000,0.000,0.000,-29.519,21.181,0.000,0.000,0.000,0.000,0.000,0.000,0.013,4.0,11.30,29.0,0.000,0.000,0.006,0.006,0.000,0.000,0.000,0.000,0.000,0.000,0.006,0.013,0.000,0.013,0.000,0.000,0.006,0.006
150.2049,1502,0,move,-1,150.2049,150.2174,0,0.000,-0.088,0.176,-0.176,-0.088,0.088,-0.264,-0.088,0.176,0.088,-32.080,21.709,-0.088,0.264,0.000,0.000,0.439,0.176,0.000,0.000,0.000,0.000,0.000,0.000,0.000,0.000,0.000,0.000,-27.940,20.103,0.000,0.000,0.000,0.000,0.000,0.000,0.013,4.0,11.30,29.0,0.000,0.000,0.006,0.006,0.000,0.000,0.000,0.000,0.000,0.000,0.006,0.013,0.000,0.013,0.000,0.000,0.006,0.006
150.3049,1503,0,move,-1,150.3049,150.3150,0,0.000,-0.088,0.176,-0.176,-0.088,0.088,-0.264,-0.088,0.176,0.088,-30.498,20.654,-0.088,0.264,0.000,0.000,0.439,0.176,0.000,0.000,0.000,0.000,0.000,0.000,0.000,0.000,0.000,0.000,-26.354,19.012,0.000,0.000,0.000,0.000,0.000,0.000,0.013,3.2,11.30,28.0,0.000,0.000,0.000,0.000,0.000,0.000,0.000,0.000,0.000,0.000,0.006,0.006,0.000,0.013,0.000,0.000,0.013,0.000
150.4054,1504,0,move,-1,150.4054,150.4524,0,0.000,-0.088,0.176,-0.176,-0.088,0.088,-0.264,-0.088,0.176,0.088,-29.883,20.566,-0.088,0.264,0.000,0.000,0.439,0.176,0.000,0.000,0.000,0.000,0.000,0.000,0.000,0.000,0.000,0.000,-24.769,17.912,0.000,0.000,0.000,0.000,0.000,0.000,0.000,0.0,11.30,31.0,0.000,0.000,0.000,0.000,0.000,0.000,0.000,0.000,0.000,0.000,0.000,0.000,0.000,0.000,0.000,0.000,0.000,0.000
150.5049,1505,0,move,-1,150.5049,150.5174,0,0.000,-0.088,0.176,-0.176,-0.088,0.088,-0.264,-0.088,0.176,0.088,-29.707,20.039,-0.088,0.264,0.000,0.000,0.439,0.176,0.000,0.000,0.000,0.000,0.000,0.000,0.000,0.000,0.000,0.000,-23.189,16.807,0.000,0.000,0.000,0.000,0.000,0.000,0.000,0.0,11.30,31.0,0.000,0.000,0.000,0.000,0.000,0.000,0.000,0.000,0.000,0.000,0.000,0.000,0.000,0.000,0.000,0.000,0.000,0.000
150.6048,1506,0,move,-1,150.6048,150.6110,0,0.000,-0.088,0.176,-0.176,-0.088,0.088,-0.264,-0.088,0.176,0.088,-28.652,18.984,-0.088,0.264,0.000,0.000,0.439,0.176,0.000,0.000,0.000,0.000,0.000,0.000,0.000,0.000,0.000,0.000,-21.620,15.703,0.000,0.000,0.000,0.000,0.000,0.000,0.006,2.4,11.30,32.0,0.000,0.000,0.000,0.006,0.000,0.000,0.000,0.000,0.000,0.000,0.006,0.006,0.000,0.006,0.000,0.000,0.006,0.006
150.7049,1507,0,move,-1,150.7049,150.7158,0,0.000,-0.088,0.176,-0.176,-0.088,0.088,-0.264,-0.088,0.176,0.088,-26.719,17.051,-0.088,0.264,0.000,0.000,0.439,0.176,0.000,0.000,0.000,0.000,0.000,0.000,0.000,0.000,0.000,0.000,-20.068,14.603,0.000,0.000,0.000,0.000,0.000,0.000,0.013,3.2,11.30,28.0,0.000,0.000,0.000,0.006,0.000,0.000,0.006,0.000,0.000,0.000,0.006,0.006,0.000,0.013,0.000,0.000,0.006,0.000
150.8049,1508,0,move,-1,150.8049,150.8181,0,0.000,-0.088,0.176,-0.176,-0.088,0.088,-0.264,-0.088,0.176,0.088,-25.137,15.469,-0.088,0.264,0.000,0.000,0.439,0.176,0.000,0.000,0.000,0.000,0.000,0.000,0.000,0.000,0.000,0.000,-18.539,13.514,0.000,0.000,0.000,0.000,0.000,0.000,0.013,3.2,11.30,28.0,0.000,0.000,0.000,0.000,0.000,0.000,0.006,0.000,0.000,0.000,0.000,0.006,0.000,0.013,0.000,0.000,0.013,0.006
150.9076,1509,0,move,-1,150.9076,150.9158,0,0.000,-0.088,0.176,-0.176,-0.088,0.088,-0.264,-0.088,0.176,0.088,-24.961,15.029,-0.088,0.264,0.000,0.000,0.439,0.176,0.000,0.000,0.000,0.000,0.000,0.000,0.000,0.000,0.000,0.000,-17.038,12.438,0.000,0.000,0.000,0.000,0.000,0.000,0.013,3.2,11.30,28.0,0.000,0.000,0.000,0.000,0.000,0.000,0.006,0.000,0.000,0.000,0.000,0.006,0.000,0.013,0.000,0.000,0.013,0.006
151.0049,1510,0,move,-1,151.0049,151.0158,0,0.000,-0.088,0.176,-0.176,-0.088,0.088,-0.264,-0.088,0.176,0.088,-23.379,13.359,-0.088,0.264,0.000,0.000,0.439,0.176,0.000,0.000,0.000,0.000,0.000,0.000,0.000,0.000,0.000,0.000,-15.570,11.382,0.000,0.000,0.000,0.000,0.000,0.000,0.013,3.2,11.30,28.0,0.000,0.000,0.000,0.006,0.000,0.000,0.006,0.000,0.000,0.000,0.000,0.000,0.000,0.013,0.000,0.000,0.006,0.006
151.1049,1511,0,move,-1,151.1049,151.1178,0,0.000,-0.088,0.176,-0.176,-0.088,0.088,-0.264,-0.088,0.176,0.088,-21.797,12.041,-0.088,0.264,0.000,0.000,0.439,0.176,0.000,0.000,0.000,0.000,0.000,0.000,0.000,0.000,0.000,0.000,-14.141,10.350,0.000,0.000,0.000,0.000,0.000,0.000,0.013,3.2,11.30,28.0,0.000,0.000,0.000,0.006,0.000,0.000,0.006,0.000,0.000,0.000,0.000,0.000,0.000,0.013,0.000,0.000,0.006,0.006
151.2048,1512,0,move,-1,151.2048,151.2143,0,0.000,-0.088,0.176,-0.176,-0.088,0.088,-0.264,-0.088,0.176,0.088,-20.215,10.898,-0.088,0.264,0.000,0.000,0.439,0.176,0.000,0.000,0.000,0.000,0.000,0.000,0.000,0.000,0.000,0.000,-12.756,9.347,0.000,0.000,0.000,0.000,0.000,0.000,0.013,3.2,11.30,28.0,0.000,0.000,0.000,0.006,0.000,0.000,0.006,0.000,0.000,0.000,0.000,0.000,0.000,0.013,0.000,0.000,0.006,0.006
151.3049,1513,0,move,-1,151.3049,151.3183,0,0.000,-0.088,0.176,-0.176,-0.088,0.088,-0.264,-0.088,0.176,0.088,-18.633,9.756,-0.088,0.264,0.000,0.000,0.439,0.176,0.000,0.000,0.000,0.000,0.000,0.000,0.000,0.000,0.000,0.000,-11.421,8.375,0.000,0.000,0.000,0.000,0.000,0.000,0.013,3.2,11.30,28.0,0.000,0.000,0.000,0.000,0.000,0.000,0.006,0.000,0.000,0.000,0.000,0.000,0.000,0.013,0.000,0.000,0.013,0.000
151.4048,1514,0,move,-1,151.4048,151.4116,0,0.000,-0.088,0.176,-0.176,-0.088,0.088,-0.264,-0.088,0.176,0.088,-17.227,8.877,-0.088,0.264,0.000,0.000,0.439,0.176,0.000,0.000,0.000,0.000,0.000,0.000,0.000,0.000,0.000,0.000,-10.139,7.441,0.000,0.000,0.000,0.000,0.000,0.000,0.013,3.2,11.30,28.0,0.000,0.000,0.000,0.000,0.000,0.000,0.006,0.000,0.000,0.000,0.000,0.000,0.000,0.013,0.000,0.000,0.013,0.000
151.5100,1515,0,move,-1,151.5100,151.5254,0,0.000,-0.088,0.176,-0.176,-0.088,0.088,-0.264,-0.088,0.176,0.088,-15.293,7.734,-0.088,0.264,0.000,0.000,0.439,0.176,0.000,0.000,0.000,0.000,0.000,0.000,0.000,0.000,0.000,0.000,-8.915,6.547,0.000,0.000,0.000,0.000,0.000,0.000,0.013,4.0,11.40,29.0,0.000,0.000,0.000,0.000,0.000,0.000,0.006,0.000,0.006,0.000,0.000,0.013,0.000,0.006,0.000,0.000,0.006,0.000
151.6050,1516,0,move,-1,151.6050,151.6182,0,0.000,-0.088,0.176,-0.176,-0.088,0.088,-0.264,-0.088,0.176,0.088,-13.799,6.943,-0.088,0.264,0.000,0.000,0.439,0.176,0.000,0.000,0.000,0.000,0.000,0.000,0.000,0.000,0.000,0.000,-7.754,5.698,0.000,0.000,0.000,0.000,0.000,0.000,0.013,4.0,11.40,29.0,0.000,0.000,0.000,0.000,0.000,0.000,0.006,0.000,0.006,0.000,0.000,0.013,0.000,0.006,0.000,0.000,0.006,0.000
151.7047,1517,0,move,-1,151.7047,151.7153,0,0.000,-0.088,0.176,-0.176,-0.088,0.088,-0.264,-0.088,0.176,0.088,-12.217,5.977,-0.088,0.264,0.000,0.000,0.439,0.176,0.000,0.000,0.000,0.000,0.000,0.000,0.000,0.000,0.000,0.000,-6.661,4.896,0.000,0.000,0.000,0.000,0.000,0.000,0.013,3.2,11.30,28.0,0.000,0.000,0.000,0.000,0.000,0.000,0.006,0.000,0.000,0.000,0.006,0.006,0.000,0.013,0.000,0.000,0.006,0.006
151.8073,1518,0,move,-1,151.8073,151.8337,0,0.000,-0.088,0.176,-0.176,-0.088,0.088,-0.264,-0.088,0.176,0.088,-10.371,5.186,-0.088,0.264,0.000,0.000,0.439,0.176,0.000,0.000,0.000,0.000,0.000,0.000,0.000,0.000,0.000,0.000,-5.639,4.147,0.000,0.000,0.000,0.000,0.000,0.000,0.013,5.6,11.40,29.0,0.000,0.000,0.000,0.000,0.000,0.000,0.000,0.000,0.006,0.000,0.000,0.013,0.000,0.006,0.000,0.000,0.013,0.000
151.9048,1519,0,move,-1,151.9048,151.9160,0,0.000,-0.088,0.176,-0.176,-0.088,0.088,-0.264,-0.088,0.176,0.088,-9.053,4.395,-0.088,0.264,0.000,0.000,0.439,0.176,0.000,0.000,0.000,0.000,0.000,0.000,0.000,0.000,0.000,0.000,-4.693,3.452,0.000,0.000,0.000,0.000,0.000,0.000,0.013,5.6,11.40,29.0,0.000,0.000,0.000,0.000,0.000,0.000,0.000,0.000,0.006,0.000,0.000,0.013,0.000,0.006,0.000,0.000,0.013,0.000
152.0047,1520,0,move,-1,152.0047,152.0159,0,0.000,-0.088,0.176,-0.176,-0.088,0.088,-0.264,-0.088,0.176,0.088,-7.471,3.604,-0.088,0.264,0.000,0.000,0.439,0.176,0.000,0.000,0.000,0.000,0.000,0.000,0.000,0.000,0.000,0.000,-3.825,2.814,0.000,0.000,0.000,0.000,0.000,0.000,0.013,3.2,11.30,28.0,0.000,0.000,0.000,0.006,0.000,0.000,0.006,0.000,0.000,0.000,0.000,0.006,0.000,0.013,0.000,0.000,0.006,0.000
152.1049,1521,0,move,-1,152.1049,152.1178,0,0.000,-0.088,0.176,-0.176,-0.088,0.088,-0.264,-0.088,0.176,0.088,-5.889,2.900,-0.088,0.264,0.000,0.000,0.439,0.176,0.000,0.000,0.000,0.000,0.000,0.000,0.000,0.000,0.000,0.000,-3.039,2.236,0.000,0.000,0.000,0.000,0.000,0.000,0.006,2.4,11.30,32.0,0.000,0.000,0.000,0.006,0.000,0.000,0.000,0.000,0.000,0.000,0.006,0.006,0.000,0.006,0.000,0.000,0.006,0.006
152.2048,1522,0,move,-1,152.2048,152.2160,0,0.000,-0.088,0.176,-0.176,-0.088,0.088,-0.264,-0.088,0.176,0.088,-5.186,2.900,-0.088,0.264,0.000,0.000,0.439,0.176,0.000,0.000,0.000,0.000,0.000,0.000,0.000,0.000,0.000,0.000,-2.338,1.720,0.000,0.000,0.000,0.000,0.000,0.000,0.006,2.4,11.30,32.0,0.000,0.000,0.000,0.006,0.000,0.000,0.000,0.000,0.000,0.000,0.006,0.006,0.000,0.006,0.000,0.000,0.006,0.006
152.3049,1523,0,move,-1,152.3049,152.3146,0,0.000,-0.088,0.176,-0.176,-0.088,0.088,-0.264,-0.088,0.176,0.088,-4.834,2.197,-0.088,0.264,0.000,0.000,0.439,0.176,0.000,0.000,0.000,0.000,0.000,0.000,0.000,0.000,0.000,0.000,-1.725,1.270,0.000,0.000,0.000,0.000,0.000,0.000,0.013,6.0,11.30,31.0,0.000,0.000,0.006,0.000,0.000,0.000,0.006,0.000,0.000,0.000,0.013,0.006,0.000,0.006,0.000,0.000,0.013,0.000
152.4048,1524,0,move,-1,152.4048,152.4175,0,0.000,-0.088,0.176,-0.176,-0.088,0.088,-0.264,-0.088,0.176,0.000,-3.428,1.494,-0.088,0.264,0.000,0.000,0.439,0.176,0.000,0.000,0.000,0.000,0.000,0.000,0.000,0.000,0.000,0.000,-1.202,0.885,0.000,0.000,0.000,0.000,0.000,0.000,0.013,3.2,11.30,28.0,0.000,0.000,0.000,0.006,0.000,0.000,0.000,0.000,0.006,0.000,0.006,0.006,0.000,0.013,0.000,0.000,0.006,0.006
152.5048,1525,0,move,-1,152.5048,152.5198,0,0.000,-0.088,0.176,-0.176,-0.088,0.088,-0.264,-0.088,0.176,0.000,-2.021,0.967,-0.088,0.264,0.000,0.000,0.439,0.176,0.000,0.000,0.000,0.000,0.000,0.000,0.000,0.000,0.000,0.000,-0.772,0.568,0.000,0.000,0.000,0.000,0.000,0.000,0.013,3.2,11.30,28.0,0.000,0.000,0.000,0.000,0.000,0.000,0.006,0.000,0.000,0.000,0.006,0.000,0.000,0.013,0.000,0.000,0.013,0.006
152.6049,1526,0,move,-1,152.6049,152.6104,0,0.000,-0.088,0.176,-0.176,-0.088,0.088,-0.264,-0.088,0.176,0.000,-1.406,0.615,-0.088,0.264,0.000,0.000,0.439,0.176,0.000,0.000,0.000,0.000,0.000,0.000,0.000,0.000,0.000,0.000,-0.435,0.320,0.000,0.000,0.000,0.000,0.000,0.000,0.013,3.2,11.30,28.0,0.000,0.000,0.000,0.000,0.000,0.000,0.006,0.000,0.000,0.000,0.006,0.000,0.000,0.013,0.000,0.000,0.013,0.006
152.7157,1527,0,move,-1,152.7157,152.7428,0,0.000,-0.088,0.176,-0.176,-0.088,0.088,-0.264,-0.088,0.176,0.000,-0.527,0.439,-0.088,0.264,0.000,0.000,0.439,0.176,0.000,0.000,0.000,0.000,0.000,0.000,0.000,0.000,0.000,0.000,-0.194,0.143,0.000,0.000,0.000,0.000,0.000,0.000,0.006,2.4,11.30,32.0,0.000,0.000,0.000,0.006,0.000,0.000,,0.000,0.000,0.000,0.000,0.000,0.000,0.006,0.000,0.000,0.006,0.006
152.8048,1528,0,move,-1,152.8048,152.8189,0,0.000,-0.088,0.176,-0.176,-0.088,0.088,-0.264,-0.088,0.176,0.000,-0.527,0.264,-0.088,0.264,0.000,0.000,0.439,0.176,0.000,0.000,0.000,0.000,0.000,0.000,0.000,0.000,0.000,0.000,-0.049,0.036,0.000,0.000,0.000,0.000,0.000,0.000,0.006,2.4,11.30,32.0,0.000,0.000,0.000,0.006,0.000,0.000,,0.000,0.000,0.000,0.000,0.000,0.000,0.006,0.000,0.000,0.006,0.006
152.9092,1529,0,move,-1,152.9092,152.9690,0,0.000,-0.088,0.176,-0.176,-0.088,0.088,-0.264,-0.088,0.176,0.000,-0.176,-0.088,-0.088,0.264,0.000,0.000,0.439,0.176,0.000,0.000,0.000,0.000,0.000,0.000,0.000,0.000,0.000,0.000,0.000,0.000,0.000,0.000,0.000,0.000,0.000,0.000,0.006,2.4,11.30,32.0,0.000,0.000,0.000,0.006,0.000,0.000,0.000,0.000,0.006,0.000,0.000,0.000,0.000,0.006,0.000,0.000,0.006,0.006
153.0872,1530,0,move,-1,153.0872,153.1299,0,0.000,-0.088,0.176,-0.176,-0.088,0.088,-0.264,-0.088,0.176,0.000,-0.176,-0.088,-0.088,0.264,0.000,0.000,0.439,0.176,0.000,0.000,0.000,0.000,0.000,0.000,0.000,0.000,0.000,0.000,0.000,0.000,0.000,0.000,0.000,0.000,0.000,0.000,0.013,3.2,11.30,28.0,0.000,0.000,0.000,0.000,0.000,0.000,0.006,0.000,0.000,0.000,0.000,0.000,0.000,0.013,0.000,0.000,0.006,0.006
153.1370,1531,0,move,-1,153.1370,153.1476,0,0.000,-0.088,0.176,-0.176,-0.088,0.088,-0.264,-0.088,0.176,0.000,-0.176,-0.088,-0.088,0.264,0.000,0.000,0.439,0.176,0.000,0.000,0.000,0.000,0.000,0.000,0.000,0.000,0.000,0.000,0.000,0.000,0.000,0.000,0.000,0.000,0.000,0.000,0.013,3.2,11.30,28.0,0.000,0.000,0.000,0.000,0.000,0.000,0.006,0.000,0.000,0.000,0.000,0.000,0.000,0.013,0.000,0.000,0.006,0.006
153.2048,1532,0,move,-1,153.2048,153.2163,0,0.000,-0.088,0.176,-0.176,-0.088,0.088,-0.264,-0.088,0.176,0.000,-0.176,-0.088,-0.088,0.264,0.000,0.000,0.439,0.176,0.000,0.000,0.000,0.000,0.000,0.000,0.000,0.000,0.000,0.000,0.000,0.000,0.000,0.000,0.000,0.000,0.000,0.000,0.013,3.2,11.30,28.0,0.000,0.000,0.000,0.000,0.000,0.000,0.006,0.000,0.000,0.000,0.000,0.000,0.000,0.013,0.000,0.000,0.006,0.006
153.3048,1533,0,move,-1,153.3048,153.3175,0,0.000,-0.088,0.176,-0.176,-0.088,0.088,-0.264,-0.088,0.176,0.000,-0.176,-0.088,-0.088,0.264,0.000,0.000,0.439,0.176,0.000,0.000,0.000,0.000,0.000,0.000,0.000,0.000,0.000,0.000,0.000,0.000,0.000,0.000,0.000,0.000,0.000,0.000,0.013,3.2,11.30,28.0,0.000,0.000,0.006,0.000,0.000,0.000,0.006,0.000,0.000,0.000,0.000,0.000,0.000,0.013,0.000,0.000,0.006,0.006
153.4049,1534,0,move,-1,153.4049,153.4160,0,0.000,-0.088,0.176,-0.176,-0.088,0.088,-0.264,-0.088,0.176,0.000,-0.176,-0.088,-0.088,0.264,0.000,0.000,0.439,0.176,0.000,0.000,0.000,0.000,0.000,0.000,0.000,0.000,0.000,0.000,0.000,0.000,0.000,0.000,0.000,0.000,0.000,0.000,0.013,3.2,11.30,28.0,0.000,0.000,0.006,0.000,0.000,0.000,0.006,0.000,0.000,0.000,0.000,0.000,0.000,0.013,0.000,0.000,0.006,0.006
153.5047,1535,0,move,-1,153.5047,153.5116,0,0.000,-0.088,0.176,-0.176,-0.088,0.088,-0.264,-0.088,0.176,0.000,-0.176,-0.088,-0.088,0.264,0.000,0.000,0.439,0.176,0.000,0.000,0.000,0.000,0.000,0.000,0.000,0.000,0.000,0.000,0.000,0.000,0.000,0.000,0.000,0.000,0.000,0.000,0.006,3.2,11.30,32.0,0.000,0.000,0.000,0.000,0.000,0.000,0.006,0.000,0.000,0.000,0.006,0.000,0.000,0.006,0.000,0.000,0.006,0.000
153.6051,1536,0,move,-1,153.6051,153.6173,0,0.000,-0.088,0.176,-0.176,-0.088,0.088,-0.264,-0.088,0.176,0.000,-0.176,-0.088,-0.088,0.264,0.000,0.000,0.439,0.176,0.000,0.000,0.000,0.000,0.000,0.000,0.000,0.000,0.000,0.000,0.000,0.000,0.000,0.000,0.000,0.000,0.000,0.000,0.013,3.2,11.30,28.0,0.000,0.000,0.000,0.006,0.000,0.000,0.006,0.000,0.000,0.000,0.000,0.000,0.000,0.013,0.000,0.000,0.013,0.006
153.7048,1537,0,move,-1,153.7048,153.7163,0,0.000,-0.088,0.176,-0.176,-0.088,0.088,-0.264,-0.088,0.176,0.000,-0.176,-0.088,-0.088,0.264,0.000,0.000,0.439,0.176,0.000,0.000,0.000,0.000,0.000,0.000,0.000,0.000,0.000,0.000,0.000,0.000,0.000,0.000,0.000,0.000,0.000,0.000,0.013,3.2,11.30,28.0,0.000,0.000,0.000,0.006,0.000,0.000,0.006,0.000,0.000,0.000,0.000,0.000,0.000,0.013,0.000,0.000,0.013,0.006
153.8048,1538,0,move,-1,153.8048,153.8168,0,0.000,-0.088,0.176,-0.176,-0.088,0.088,-0.264,-0.088,0.176,0.000,-0.176,-0.088,-0.088,0.264,0.000,0.000,0.439,0.176,0.000,0.000,0.000,0.000,0.000,0.000,0.000,0.000,0.000,0.000,0.000,0.000,0.000,0.000,0.000,0.000,0.000,0.000,0.013,3.2,11.30,28.0,0.000,0.000,0.000,0.000,0.000,0.000,0.006,0.000,0.000,0.000,0.000,0.000,0.000,0.013,0.000,0.000,0.006,0.000
153.9050,1539,0,move,-1,153.9050,153.9159,0,0.000,-0.088,0.176,-0.176,-0.088,0.088,-0.264,-0.088,0.176,0.000,-0.176,-0.088,-0.088,0.264,0.000,0.000,0.439,0.176,0.000,0.000,0.000,0.000,0.000,0.000,0.000,0.000,0.000,0.000,0.000,0.000,0.000,0.000,0.000,0.000,0.000,0.000,0.013,3.2,11.30,28.0,0.000,0.000,0.000,0.000,0.000,0.000,0.006,0.000,0.000,0.000,0.000,0.000,0.000,0.013,0.000,0.000,0.006,0.000
154.0048,1540,0,move,-1,154.0048,154.0116,0,0.000,-0.088,0.176,-0.176,-0.088,0.088,-0.264,-0.088,0.176,0.000,-0.176,-0.088,-0.088,0.264,0.000,0.000,0.439,0.176,0.000,0.000,0.000,0.000,0.000,0.000,0.000,0.000,0.000,0.000,0.000,0.000,0.000,0.000,0.000,0.000,0.000,0.000,0.013,4.8,11.30,31.0,0.000,0.000,0.000,0.000,0.000,0.000,0.006,0.000,0.000,0.000,0.006,0.000,0.000,0.006,0.000,0.000,0.013,0.000
154.1049,1541,0,move,-1,154.1049,154.1460,0,0.000,-0.088,0.176,-0.176,-0.088,0.088,-0.264,-0.088,0.176,0.000,-0.176,-0.088,-0.088,0.264,0.000,0.000,0.439,0.176,0.000,0.000,0.000,0.000,0.000,0.000,0.000,0.000,0.000,0.000,0.000,0.000,0.000,0.000,0.000,0.000,0.000,0.000,0.013,4.8,11.30,31.0,0.000,0.000,0.006,0.006,0.000,0.000,0.006,0.000,0.000,0.000,0.000,0.000,0.000,0.006,0.000,0.000,0.013,0.006
154.2049,1542,0,move,-1,154.2049,154.2171,0,0.000,-0.088,0.176,-0.176,-0.088,0.088,-0.264,-0.088,0.176,0.000,-0.176,-0.088,-0.088,0.264,0.000,0.000,0.439,0.176,0.000,0.000,0.000,0.000,0.000,0.000,0.000,0.000,0.000,0.000,0.000,0.000,0.000,0.000,0.000,0.000,0.000,0.000,0.013,4.8,11.30,31.0,0.000,0.000,0.006,0.006,0.000,0.000,0.006,0.000,0.000,0.000,0.000,0.000,0.000,0.006,0.000,0.000,0.013,0.006
154.3048,1543,0,move,-1,154.3048,154.3170,0,0.000,-0.088,0.176,-0.176,-0.088,0.088,-0.264,-0.088,0.176,0.000,-0.176,-0.088,-0.088,0.264,0.000,0.000,0.439,0.176,0.000,0.000,0.000,0.000,0.000,0.000,0.000,0.000,0.000,0.000,0.000,0.000,0.000,0.000,0.000,0.000,0.000,0.000,0.006,3.2,11.30,28.0,0.000,0.000,0.000,0.000,0.000,0.000,0.000,0.000,0.000,0.000,0.000,0.000,0.000,0.006,0.000,0.000,0.006,0.006
154.4187,1544,0,move,-1,154.4187,154.4291,0,0.000,-0.088,0.176,-0.176,-0.088,0.088,-0.264,-0.088,0.176,0.000,-0.176,-0.088,-0.088,0.264,0.000,0.000,0.439,0.176,0.000,0.000,0.000,0.000,0.000,0.000,0.000,0.000,0.000,0.000,0.000,0.000,0.000,0.000,0.000,0.000,0.000,0.000,0.013,3.2,11.30,28.0,0.000,0.000,0.006,0.006,0.000,0.000,0.006,0.000,0.000,0.000,0.000,0.000,0.000,0.013,0.000,0.000,0.006,0.000
154.5049,1545,0,move,-1,154.5049,154.5163,0,0.000,-0.088,0.176,-0.176,-0.088,0.088,-0.264,-0.088,0.176,0.000,-0.176,-0.088,-0.088,0.264,0.000,0.000,0.439,0.176,0.000,0.000,0.000,0.000,0.000,0.000,0.000,0.000,0.000,0.000,0.000,0.000,0.000,0.000,0.000,0.000,0.000,0.000,0.013,3.2,11.30,28.0,0.000,0.000,0.006,0.006,0.000,0.000,0.006,0.000,0.000,0.000,0.000,0.000,0.000,0.013,0.000,0.000,0.006,0.000
154.6050,1546,0,move,-1,154.6050,154.6168,0,0.000,-0.088,0.176,-0.176,-0.088,0.088,-0.264,-0.088,0.176,0.000,-0.176,-0.088,-0.088,0.264,0.000,0.000,0.439,0.176,0.000,0.000,0.000,0.000,0.000,0.000,0.000,0.000,0.000,0.000,0.000,0.000,0.000,0.000,0.000,0.000,0.000,0.000,0.013,3.2,11.30,28.0,0.000,0.000,0.000,0.000,0.000,0.000,0.006,0.000,0.000,0.000,0.000,0.000,0.000,0.013,0.000,0.000,0.006,0.000
154.7048,1547,0,move,-1,154.7048,154.7163,0,0.000,-0.088,0.176,-0.176,-0.088,0.088,-0.264,-0.088,0.176,0.000,-0.176,-0.088,-0.088,0.264,0.000,0.000,0.439,0.176,0.000,0.000,0.000,0.000,0.000,0.000,0.000,0.000,0.000,0.000,0.000,0.000,0.000,0.000,0.000,0.000,0.000,0.000,0.013,3.2,11.30,28.0,0.000,0.000,0.000,0.000,0.000,0.000,0.006,0.000,0.000,0.000,0.000,0.000,0.000,0.013,0.000,0.000,0.006,0.000
154.8048,1548,0,move,-1,154.8048,154.8164,0,0.000,-0.088,0.176,-0.176,-0.088,0.088,-0.264,-0.088,0.176,0.000,-0.176,-0.088,-0.088,0.264,0.000,0.000,0.439,0.176,0.000,0.000,0.000,0.000,0.000,0.000,0.000,0.000,0.000,0.000,0.000,0.000,0.000,0.000,0.000,0.000,0.000,0.000,0.006,2.4,11.30,32.0,0.000,0.000,0.000,0.006,0.000,0.000,0.006,0.000,0.000,0.000,0.000,0.000,0.000,0.006,0.000,0.000,0.006,0.000
154.9048,1549,0,move,-1,154.9048,154.9154,0,0.000,-0.088,0.176,-0.176,-0.088,0.088,-0.264,-0.088,0.176,0.000,-0.176,-0.088,-0.088,0.264,0.000,0.000,0.439,0.176,0.000,0.000,0.000,0.000,0.000,0.000,0.000,0.000,0.000,0.000,0.000,0.000,0.000,0.000,0.000,0.000,0.000,0.000,0.006,2.4,11.30,32.0,0.000,0.000,0.000,0.006,0.000,0.000,0.006,0.000,0.000,0.000,0.000,0.000,0.000,0.006,0.000,0.000,0.006,0.000
155.0048,1550,0,move,-1,155.0048,155.0115,0,0.000,-0.088,0.176,-0.176,-0.088,0.088,-0.264,-0.088,0.176,0.000,-0.176,-0.088,-0.088,0.264,0.000,0.000,0.439,0.176,0.000,0.000,0.000,0.000,0.000,0.000,0.000,0.000,0.000,0.000,0.000,0.000,0.000,0.000,0.000,0.000,0.000,0.000,0.013,3.2,11.30,28.0,0.000,0.000,0.000,0.006,0.000,0.000,0.000,0.000,0.000,0.000,0.000,0.000,0.000,0.013,0.000,0.000,0.013,0.000
155.1102,1551,0,move,-1,155.1102,155.1537,0,0.000,-0.088,0.176,-0.176,-0.088,0.088,-0.264,-0.088,0.176,0.000,-0.176,-0.088,-0.088,0.264,0.000,0.000,0.439,0.176,0.000,0.000,0.000,0.000,0.000,0.000,0.000,0.000,0.000,0.000,0.000,0.000,0.000,0.000,0.000,0.000,0.000,0.000,0.013,3.2,11.30,28.0,0.000,0.000,0.000,0.006,0.000,0.000,,0.000,0.006,0.000,0.000,0.000,0.000,0.013,0.000,0.000,0.006,0.006
155.2050,1552,0,move,-1,155.2050,155.2165,0,0.000,-0.088,0.176,-0.176,-0.088,0.088,-0.264,-0.088,0.176,0.000,-0.176,-0.088,-0.088,0.264,0.000,0.000,0.439,0.176,0.000,0.000,0.000,0.000,0.000,0.000,0.000,0.000,0.000,0.000,0.000,0.000,0.000,0.000,0.000,0.000,0.000,0.000,0.013,3.2,11.30,28.0,0.000,0.000,0.000,0.006,0.000,0.000,,0.000,0.006,0.000,0.000,0.000,0.000,0.013,0.000,0.000,0.006,0.006
155.3068,1553,0,move,-1,155.3068,155.3202,0,0.000,-0.088,0.176,-0.176,-0.088,0.088,-0.264,-0.088,0.176,0.000,-0.176,-0.088,-0.088,0.264,0.000,0.000,0.439,0.176,0.000,0.000,0.000,0.000,0.000,0.000,0.000,0.000,0.000,0.000,0.000,0.000,0.000,0.000,0.000,0.000,0.000,0.000,0.013,3.2,11.30,28.0,0.000,0.000,0.000,0.006,0.000,0.000,0.006,0.000,0.000,0.000,0.006,0.000,0.000,0.013,0.000,0.000,0.006,0.000
155.4049,1554,0,move,-1,155.4049,155.4156,0,0.000,-0.088,0.176,-0.176,-0.088,0.088,-0.264,-0.088,0.176,0.000,-0.176,-0.088,-0.088,0.264,0.000,0.000,0.439,0.176,0.000,0.000,0.000,0.000,0.000,0.000,0.000,0.000,0.000,0.000,0.000,0.000,0.000,0.000,0.000,0.000,0.000,0.000,0.013,3.2,11.30,28.0,0.000,0.000,0.000,0.006,0.000,0.000,0.006,0.000,0.000,0.000,0.006,0.000,0.000,0.013,0.000,0.000,0.006,0.000
155.5049,1555,0,move,-1,155.5049,155.5179,0,0.000,-0.088,0.176,-0.176,-0.088,0.088,-0.264,-0.088,0.176,0.000,-0.176,-0.088,-0.088,0.264,0.000,0.000,0.439,0.176,0.000,0.000,0.000,0.000,0.000,0.000,0.000,0.000,0.000,0.000,0.000,0.000,0.000,0.000,0.000,0.000,0.000,0.000,0.013,3.2,11.30,28.0,0.000,0.000,0.000,0.000,0.000,0.000,0.006,0.000,0.000,0.000,0.006,0.000,0.000,0.013,0.000,0.000,0.006,0.006
155.6048,1556,0,move,-1,155.6048,155.6188,0,0.000,-0.088,0.176,-0.176,-0.088,0.088,-0.264,-0.088,0.176,0.000,-0.176,-0.088,-0.088,0.264,0.000,0.000,0.439,0.176,0.000,0.000,0.000,0.000,0.000,0.000,0.000,0.000,0.000,0.000,0.000,0.000,0.000,0.000,0.000,0.000,0.000,0.000,0.006,2.4,11.30,32.0,0.000,0.000,0.000,0.006,0.000,0.000,0.006,0.000,0.006,0.000,0.000,0.000,0.000,0.006,0.000,0.000,0.006,0.000
155.7050,1557,0,move,-1,155.7050,155.7152,0,0.000,-0.088,0.176,-0.176,-0.088,0.088,-0.264,-0.088,0.176,0.000,-0.176,-0.088,-0.088,0.264,0.000,0.000,0.439,0.176,0.000,0.000,0.000,0.000,0.000,0.000,0.000,0.000,0.000,0.000,0.000,0.000,0.000,0.000,0.000,0.000,0.000,0.000,0.006,2.4,11.30,32.0,0.000,0.000,0.000,0.006,0.000,0.000,0.006,0.000,0.006,0.000,0.000,0.000,0.000,0.006,0.000,0.000,0.006,0.000
155.8049,1558,0,move,-1,155.8049,155.8163,0,0.000,-0.088,0.176,-0.176,-0.088,0.088,-0.264,-0.088,0.176,0.000,-0.176,-0.088,-0.088,0.264,0.000,0.000,0.439,0.176,0.000,0.000,0.000,0.000,0.000,0.000,0.000,0.000,0.000,0.000,0.000,0.000,0.000,0.000,0.000,0.000,0.000,0.000,0.006,2.4,11.30,32.0,0.000,0.000,0.006,0.000,0.000,0.000,0.000,0.000,0.000,0.000,0.006,0.000,0.000,0.006,0.006,0.000,0.006,0.006
155.9049,1559,0,move,-1,155.9049,155.9181,0,0.000,-0.088,0.176,-0.176,-0.088,0.088,-0.264,-0.088,0.176,0.000,-0.176,-0.088,-0.088,0.264,0.000,0.000,0.439,0.176,0.000,0.000,0.000,0.000,0.000,0.000,0.000,0.000,0.000,0.000,0.000,0.000,0.000,0.000,0.000,0.000,0.000,0.000,0.013,3.2,11.30,28.0,0.000,0.000,0.000,0.006,0.000,0.000,0.000,0.000,0.000,0.000,0.000,0.000,0.000,0.013,0.000,0.000,0.006,0.000
